45 63 45 55 63
20 30 20 30
17 28 17 20 26 28
30 87 30 41 59 66 77 87
2 25 2 14 25
70 89 70 71 84 89
7 87 7 40 72 87
5 76 5 25 38 42 51 60 69 76
47 88 47 77 87 88
23 43 23 35 43
67 82 67 72 82
57 78 57 78
16 73 16 35 43 47 67 73
85 88 85 88
28 40 28 37 40
16 64 16 40 51 64
57 83 57 78 80 83
25 65 25 62 65
19 41 19 20 26 38 41
5 32 5 6 18 20 32
3 51 3 37 40 51
16 83 16 80 83
71 82 71 82
61 83 61 75 83
5 23 5 6 16 23
51 88 51 88
80 86 80 83 86
45 67 45 52 67
58 89 58 78 84 89
26 86 26 42 64 81 83 86
23 77 23 35 59 77
24 47 24 29 36 43 47
52 88 52 67 72 87 88
9 37 9 17 20 26 28 37
77 89 77 89
2 25 2 18 22 25
5 26 5 6 15 26
4 16 4 13 16
3 76 3 64 68 69 76
22 57 22 43 44 55 57
5 59 5 6 15 30 50 51 59
58 87 58 64 69 87
2 46 2 23 25 38 42 46
44 59 44 51 59
24 45 24 34 45
6 60 6 40 51 60
0 31 0 13 14 31
5 52 5 7 33 52
20 41 20 26 28 41
31 43 31 43
43 62 43 62
0 78 0 17 58 78
83 89 83 89
40 82 40 68 74 82
2 41 2 18 34 38 41
2 9 2 9
6 35 6 18 21 26 28 35
11 33 11 33
11 63 11 33 39 57 63
30 41 30 41
41 75 41 50 51 58 61 75
52 69 52 64 69
16 23 16 23
49 68 49 51 58 61 64 68
19 79 19 21 26 38 41 79
1 68 1 7 56 64 68
1 89 1 19 56 62 63 83 89
5 76 5 52 64 68 69 76
9 63 9 62 63
31 39 31 39
22 44 22 31 43 44
5 26 5 6 21 26
7 76 7 49 69 76
4 26 4 13 20 26
36 57 36 55 57
15 71 15 58 61 64 71
39 88 39 58 68 74 82 85 88
28 77 28 46 77
36 60 36 43 44 51 60
28 35 28 35
15 76 15 76
12 29 12 27 29
26 74 26 28 58 68 74
0 30 0 20 30
54 65 54 59 65
29 75 29 75
3 51 3 27 34 45 50 51
23 39 23 35 39
5 55 5 6 24 30 34 44 55
1 78 1 78
1 19 1 7 14 19
10 48 10 34 48
5 67 5 25 40 51 58 67
1 58 1 3 27 29 37 51 58
75 78 75 78
2 18 2 18
23 33 23 25 33
38 78 38 60 66 78
17 60 17 32 51 60
28 60 28 49 51 60
21 76 21 58 64 68 69 76
62 65 62 63 65
15 83 15 30 44 78 80 81 83
25 85 25 63 82 85
4 49 4 30 34 38 41 49
5 62 5 7 62
8 50 8 41 50
24 82 24 34 38 70 82
20 70 20 30 34 38 41 70
44 73 44 73
55 74 55 58 61 64 68 74
11 77 11 20 55 67 77
29 57 29 36 55 57
23 46 23 25 33 46
29 83 29 43 80 81 83
11 33 11 33
26 72 26 55 67 72
47 80 47 61 64 80
39 74 39 58 61 64 68 74
44 89 44 55 57 78 81 83 89
8 21 8 9 13 14 19 21
24 27 24 27
83 88 83 86 88
1 23 1 3 16 23
1 68 1 37 59 64 68
14 21 14 19 21
13 64 13 20 55 61 64
6 17 6 17
12 69 12 37 52 64 69
14 78 14 70 72 78
35 82 35 59 66 71 82
2 82 2 82
54 71 54 59 64 71
7 76 7 27 29 36 60 69 76
36 57 36 37 40 42 57
2 17 2 9 17
5 79 5 6 30 44 79
51 64 51 64
24 41 24 30 41
36 57 36 55 57
12 61 12 24 50 51 58 61
1 49 1 7 15 26 38 41 49
23 89 23 44 61 64 80 81 83 89
22 41 22 25 38 41
58 67 58 67
43 66 43 44 51 59 66
35 85 35 41 67 72 78 85
23 32 23 32
72 82 72 82
32 54 32 48 54
25 37 25 33 37
56 64 56 64
36 58 36 50 51 58
33 49 33 37 49
37 81 37 59 64 80 81
21 55 21 26 28 35 43 44 55
24 34 24 34
6 45 6 30 34 45
13 72 13 36 48 52 67 72
5 25 5 25
20 39 20 39
43 59 43 44 51 59
5 55 5 6 17 20 30 34 45 55
4 16 4 8 13 16
53 86 53 80 81 83 86
17 60 17 32 44 51 60
23 66 23 66
29 70 29 43 70
25 88 25 81 83 86 88
2 62 2 18 20 56 62
3 44 3 27 34 44
31 88 31 39 57 80 83 86 88
31 87 31 56 64 68 69 87
32 88 32 44 61 88
5 49 5 36 37 49
5 6 5 6
7 68 7 32 51 64 68
8 37 8 13 16 23 25 33 37
32 47 32 47
26 80 26 80
9 55 9 32 44 55
10 84 10 60 66 71 84
17 58 17 58
44 59 44 51 59
8 55 8 34 45 55
34 38 34 38
8 47 8 13 29 36 43 47
41 74 41 50 59 64 68 74
49 67 49 51 67
2 58 2 14 28 49 51 58
44 86 44 51 64 81 83 86
48 52 48 52
4 46 4 8 9 24 27 29 36 37 40 42 46
19 79 19 33 37 48 79
62 78 62 72 78
49 64 49 51 58 64
4 20 4 13 14 19 20
18 34 18 20 30 34
29 57 29 43 44 55 57
37 77 37 49 51 67 77
16 87 16 48 61 64 68 69 87
77 89 77 89
68 69 68 69
35 61 35 41 50 51 58 61
39 72 39 57 72
37 78 37 48 52 78
32 89 32 89
22 58 22 31 43 44 51 58
24 54 24 27 34 48 54
10 48 10 48
11 74 11 58 64 68 74
2 79 2 18 34 79
11 41 11 20 26 38 41
25 40 25 40
15 58 15 26 28 58
35 82 35 43 70 82
66 82 66 71 82
24 41 24 30 34 38 41
36 83 36 81 83
3 50 3 21 26 38 41 50
24 75 24 32 51 58 61 75
66 83 66 71 83
54 67 54 67
27 73 27 32 58 73
31 81 31 39 60 66 78 81
21 55 21 26 55
5 76 5 44 51 59 69 76
0 78 0 13 72 78
20 60 20 39 60
48 76 48 54 59 64 68 69 76
4 34 4 8 13 24 34
40 84 40 51 59 66 71 84
23 77 23 77
24 27 24 27
2 82 2 23 28 82
72 81 72 78 81
61 88 61 88
18 26 18 20 26
12 46 12 24 43 46
10 53 10 17 32 44 53
10 54 10 17 25 33 37 48 54
22 81 22 43 44 51 58 78 80 81
2 82 2 82
56 68 56 64 68
2 23 2 9 13 16 23
41 59 41 59
39 57 39 57
6 43 6 18 20 26 28 35 43
38 42 38 42
32 66 32 44 51 60 66
24 60 24 29 43 44 51 60
17 79 17 20 55 79
51 64 51 59 64
0 19 0 13 14 19
48 61 48 61
41 83 41 63 83
35 82 35 59 64 82
28 40 28 37 40
37 73 37 52 67 73
40 64 40 64
22 55 22 34 44 55
52 83 52 83
26 52 26 28 35 43 52
12 71 12 32 66 71
30 51 30 50 51
34 79 34 44 79
12 39 12 24 30 39
14 62 14 34 38 42 62
8 65 8 41 59 65
1 65 1 13 49 51 59 65
13 64 13 49 51 64
4 68 4 23 44 55 61 64 68
30 69 30 41 50 59 64 68 69
2 19 2 13 14 19
21 85 21 26 28 58 85
2 88 2 78 85 88
30 69 30 41 50 51 60 69
61 71 61 64 71
18 45 18 20 30 34 45
60 83 60 66 78 81 83
23 48 23 37 48
25 63 25 38 42 62 63
11 51 11 33 49 51
7 22 7 15 22
12 24 12 24
26 57 26 38 41 57
12 27 12 24 27
64 88 64 87 88
45 51 45 50 51
13 56 13 26 28 35 56
39 75 39 58 61 75
29 79 29 48 79
15 55 15 21 26 55
37 60 37 49 51 60
7 76 7 39 58 61 64 69 76
8 31 8 9 16 31
23 66 23 66
11 69 11 35 43 52 64 68 69
41 61 41 49 51 58 61
32 88 32 58 77 87 88
30 48 30 48
17 47 17 25 35 43 47
45 50 45 50
17 63 17 29 43 44 55 57 63
18 72 18 20 40 51 58 67 72
14 35 14 19 21 26 28 35
72 82 72 82
55 86 55 79 86
72 82 72 82
32 81 32 51 60 66 78 80 81
20 41 20 30 34 38 41
47 77 47 67 77
52 87 52 67 77 87
35 68 35 39 58 68
51 78 51 59 66 78
23 49 23 35 41 49
32 54 32 48 54
29 82 29 37 48 75 82
10 24 10 24
10 62 10 17 29 43 62
9 30 9 16 24 30
38 49 38 41 49
44 89 44 51 67 77 89
5 81 5 64 80 81
16 29 16 27 29
6 21 6 15 21
0 45 0 20 30 34 45
5 77 5 7 42 51 58 77
23 67 23 25 35 39 58 67
34 59 34 44 51 59
3 14 3 14
25 87 25 57 72 87
20 87 20 55 58 68 69 87
12 57 12 44 55 57
39 81 39 57 80 81
8 16 8 9 16
14 35 14 28 35
44 64 44 64
17 63 17 25 38 42 62 63
78 85 78 85
42 58 42 51 58
57 72 57 72
22 68 22 33 49 51 59 64 68
23 46 23 28 37 40 42 46
3 33 3 14 25 33
8 17 8 9 17
19 21 19 21
12 71 12 29 43 70 71
21 77 21 26 55 58 77
54 86 54 72 78 81 83 86
13 74 13 68 74
55 82 55 67 82
67 72 67 72
9 20 9 20
10 34 10 34
55 72 55 58 67 72
21 59 21 59
34 57 34 44 55 57
24 34 24 34
37 63 37 40 63
35 88 35 56 78 84 88
44 58 44 55 58
33 83 33 78 81 83
19 38 19 21 26 38
7 62 7 28 35 56 62
3 38 3 14 19 20 26 38
59 77 59 66 77
54 71 54 71
5 61 5 25 61
10 47 10 34 47
53 83 53 80 83
24 58 24 34 45 55 58
42 87 42 57 72 87
7 44 7 43 44
8 30 8 9 20 30
59 81 59 66 78 80 81
38 57 38 41 57
11 35 11 35
33 42 33 37 40 42
31 86 31 39 60 66 83 86
39 73 39 58 67 73
10 71 10 17 25 40 64 71
0 76 0 20 39 69 76
16 25 16 23 25
35 80 35 56 64 80
27 58 27 44 55 58
64 68 64 68
39 74 39 57 74
27 32 27 32
72 89 72 78 80 83 89
59 82 59 66 71 82
33 66 33 51 60 66
7 89 7 57 83 89
17 38 17 25 38
11 56 11 21 26 28 35 56
19 21 19 21
54 65 54 59 65
44 86 44 61 75 78 81 83 86
59 65 59 65
32 53 32 44 53
16 31 16 31
41 51 41 49 51
41 57 41 57
32 66 32 66
1 76 1 58 64 69 76
0 57 0 27 29 36 43 44 55 57
10 30 10 17 20 30
10 30 10 30
58 67 58 67
13 34 13 14 19 20 30 34
51 69 51 64 68 69
0 10 0 10
24 30 24 30
22 73 22 34 67 73
0 16 0 13 16
49 61 49 51 58 61
71 88 71 83 88
3 51 3 16 44 51
51 58 51 58
32 66 32 51 60 66
30 85 30 54 67 72 82 85
5 77 5 77
10 30 10 17 20 30
58 86 58 64 81 83 86
26 68 26 40 68
26 42 26 40 42
2 62 2 33 62
5 26 5 6 15 26
10 54 10 24 34 45 54
5 77 5 6 17 52 77
55 75 55 61 75
26 43 26 28 35 43
33 37 33 37
4 57 4 41 57
30 55 30 44 55
60 80 60 66 78 80
23 43 23 28 35 43
21 85 21 59 71 82 85
13 72 13 26 38 41 67 72
19 75 19 43 47 61 75
28 77 28 58 67 77
68 74 68 74
44 65 44 51 59 65
6 27 6 16 24 27
5 79 5 79
13 48 13 16 28 37 48
48 76 48 54 59 64 68 69 76
83 88 83 88
12 32 12 32
22 86 22 31 56 64 80 81 83 86
48 72 48 52 67 72
10 34 10 34
0 57 0 57
33 37 33 37
42 61 42 51 58 61
11 51 11 21 40 42 51
8 23 8 13 16 23
24 53 24 30 53
4 27 4 13 24 27
11 28 11 20 26 28
56 68 56 64 68
16 35 16 28 35
24 30 24 30
80 83 80 83
43 76 43 64 68 69 76
3 38 3 21 26 38
54 81 54 72 78 80 81
44 55 44 55
21 26 21 26
33 51 33 37 51
33 67 33 49 51 67
12 85 12 66 78 85
41 53 41 53
13 68 13 20 30 54 59 64 68
13 30 13 24 30
33 49 33 37 49
33 77 33 37 52 67 77
38 53 38 41 53
3 71 3 16 28 37 49 51 64 71
15 51 15 30 44 51
15 38 15 26 38
34 69 34 38 41 59 64 69
59 84 59 71 84
60 77 60 66 77
42 68 42 51 58 64 68
9 86 9 17 55 67 72 78 80 83 86
18 45 18 20 30 34 45
57 65 57 63 65
0 30 0 13 20 30
19 77 19 20 32 47 67 77
24 52 24 32 48 52
23 49 23 28 49
36 43 36 43
45 74 45 64 68 74
18 41 18 34 38 41
10 44 10 17 32 44
17 81 17 51 59 66 78 81
6 55 6 44 55
19 39 19 33 39
42 68 42 51 58 64 68
11 37 11 21 26 28 37
37 66 37 40 51 60 66
60 85 60 82 85
70 84 70 71 84
60 77 60 66 77
33 72 33 39 58 67 72
2 53 2 18 21 26 38 41 53
36 48 36 48
8 44 8 28 35 43 44
18 48 18 21 26 28 37 48
25 81 25 62 72 78 81
3 43 3 27 29 36 43
45 77 45 50 59 66 77
2 89 2 9 62 72 78 81 83 89
8 84 8 58 61 75 78 84
25 56 25 35 56
81 83 81 83
55 86 55 61 75 80 83 86
14 68 14 25 40 42 51 59 64 68
52 74 52 64 68 74
24 66 24 54 59 66
41 67 41 49 51 58 67
34 88 34 38 70 88
5 41 5 6 30 34 38 41
80 89 80 81 83 89
4 40 4 8 9 17 33 37 40
8 34 8 13 24 34
61 88 61 75 88
12 84 12 26 75 78 84
43 78 43 52 67 72 78
27 76 27 58 64 69 76
49 68 49 51 64 68
10 89 10 52 89
44 65 44 51 59 65
7 85 7 29 75 78 85
8 40 8 28 37 40
19 39 19 33 39
36 77 36 50 51 58 77
44 67 44 55 67
5 86 5 79 80 81 83 86
0 13 0 13
11 56 11 21 26 28 35 56
14 30 14 30
17 20 17 20
30 39 30 39
4 34 4 8 13 16 24 27 34
55 82 55 61 75 82
57 81 57 78 80 81
12 70 12 26 38 41 70
39 57 39 57
53 81 53 80 81
0 61 0 43 44 55 61
24 55 24 32 44 55
20 79 20 32 44 79
40 73 40 42 51 58 67 73
7 45 7 27 34 45
21 41 21 26 28 35 41
26 55 26 55
25 65 25 38 65
9 69 9 20 55 61 64 68 69
29 75 29 75
4 65 4 8 9 57 63 65
42 58 42 51 58
24 88 24 81 83 86 88
33 86 33 61 75 83 86
10 37 10 24 29 37
25 69 25 35 41 50 59 64 69
61 76 61 64 69 76
23 39 23 25 33 39
34 45 34 45
64 86 64 86
58 85 58 61 64 68 74 85
12 64 12 50 59 64
40 60 40 42 51 60
29 69 29 37 51 60 69
25 67 25 40 42 51 67
14 77 14 30 41 50 60 66 77
8 49 8 28 41 49
1 35 1 13 16 28 35
43 78 43 62 72 78
3 69 3 30 54 59 69
25 86 25 35 59 66 71 83 86
29 63 29 37 40 42 62 63
8 71 8 41 59 66 71
7 57 7 29 36 55 57
11 89 11 59 71 83 89
40 64 40 51 58 61 64
42 68 42 51 58 64 68
2 60 2 60
1 67 1 26 38 42 51 58 67
6 39 6 18 20 30 39
33 73 33 73
45 77 45 55 58 67 77
17 30 17 20 30
70 81 70 81
11 66 11 20 39 60 66
75 89 75 78 84 89
3 59 3 15 30 41 49 51 59
28 37 28 37
2 19 2 9 13 14 19
39 73 39 58 67 73
7 27 7 27
14 68 14 68
14 28 14 19 20 26 28
24 37 24 29 37
17 60 17 29 43 44 51 60
55 77 55 67 77
12 17 12 17
16 27 16 24 27
55 77 55 58 67 77
19 42 19 38 42
20 57 20 26 40 42 57
3 37 3 27 29 36 37
7 34 7 27 34
19 47 19 20 30 34 47
38 73 38 41 50 51 67 73
71 84 71 84
44 83 44 51 59 64 80 81 83
12 57 12 26 42 57
36 69 36 55 58 61 64 68 69
40 70 40 42 70
2 83 2 31 43 75 78 81 83
20 39 20 39
22 47 22 25 35 43 47
15 58 15 21 58
1 40 1 37 40
21 38 21 26 38
23 28 23 28
23 35 23 35
1 2 1 2
15 51 15 22 25 40 51
30 74 30 68 74
8 55 8 34 44 55
45 52 45 52
23 67 23 35 43 47 67
62 89 62 63 80 81 83 89
21 76 21 42 64 68 69 76
20 86 20 66 71 83 86
22 44 22 31 43 44
24 30 24 30
17 33 17 25 33
58 77 58 67 77
28 46 28 46
23 63 23 55 63
30 65 30 39 65
54 75 54 75
3 24 3 9 13 24
15 54 15 26 28 37 48 54
11 56 11 35 56
26 53 26 28 41 53
50 61 50 51 58 61
12 86 12 26 75 80 81 83 86
74 85 74 85
31 79 31 43 44 79
58 68 58 61 64 68
43 87 43 64 69 87
24 29 24 29
37 63 37 40 42 57 63
9 24 9 24
12 33 12 17 25 33
40 63 40 63
50 88 50 60 66 83 88
2 53 2 13 26 28 35 41 53
7 76 7 29 36 43 44 55 61 64 69 76
28 81 28 37 59 64 80 81
39 77 39 46 77
16 80 16 80
68 74 68 74
19 49 19 38 41 49
25 63 25 63
3 41 3 16 24 30 34 38 41
25 86 25 33 62 63 80 81 83 86
3 27 3 27
17 65 17 51 59 65
20 26 20 26
25 63 25 33 62 63
63 80 63 80
55 80 55 61 75 78 80
10 61 10 24 55 61
31 68 31 68
1 65 1 26 55 63 65
10 24 10 24
11 68 11 59 64 68
16 73 16 29 43 47 67 73
40 76 40 68 69 76
32 76 32 44 61 64 69 76
51 89 51 89
36 81 36 81
55 84 55 67 72 78 84
21 89 21 59 77 89
3 46 3 30 39 46
6 63 6 40 42 57 63
60 82 60 66 71 82
22 44 22 31 43 44
39 57 39 57
5 88 5 79 86 88
23 35 23 25 35
7 80 7 15 30 44 55 57 72 78 80
1 25 1 13 16 23 25
12 75 12 45 54 75
21 64 21 26 38 42 51 58 64
0 80 0 17 25 57 78 80
32 73 32 58 67 73
19 46 19 38 42 46
29 62 29 37 40 42 62
18 58 18 20 40 51 58
47 83 47 61 64 81 83
10 37 10 24 29 37
32 78 32 58 78
58 76 58 64 68 69 76
30 61 30 44 55 58 61
13 36 13 24 29 36
44 83 44 51 60 66 83
16 24 16 24
5 73 5 7 14 25 40 42 51 67 73
23 37 23 37
1 76 1 3 16 40 42 64 69 76
20 82 20 26 28 82
2 88 2 23 35 56 64 81 83 88
7 19 7 14 19
25 39 25 35 39
36 51 36 50 51
33 78 33 37 72 78
11 20 11 20
7 26 7 15 21 26
6 77 6 21 26 40 42 46 77
15 40 15 22 33 37 40
14 19 14 19
33 58 33 51 58
25 38 25 38
19 45 19 20 30 34 45
3 29 3 16 29
21 28 21 26 28
18 39 18 20 26 28 35 39
1 27 1 7 27
35 85 35 39 58 64 82 85
4 46 4 23 35 43 46
61 89 61 75 80 83 89
42 82 42 57 74 82
6 56 6 17 25 35 56
2 72 2 57 72
33 51 33 37 51
10 50 10 17 25 38 41 50
32 53 32 44 53
16 29 16 24 29
27 88 27 88
24 29 24 27 29
11 59 11 33 51 59
16 53 16 35 41 53
14 47 14 34 47
11 66 11 21 59 66
16 76 16 27 32 47 61 64 69 76
0 59 0 10 48 54 59
10 73 10 24 50 51 58 73
19 77 19 38 60 66 77
41 50 41 50
25 89 25 38 42 57 63 83 89
25 80 25 35 63 80
2 51 2 14 34 44 51
52 86 52 86
5 23 5 6 16 23
0 10 0 10
8 20 8 9 20
6 56 6 31 56
25 67 25 35 39 58 67
3 15 3 15
50 76 50 60 69 76
8 40 8 13 14 25 40
13 20 13 14 19 20
15 45 15 22 34 45
30 34 30 34
2 84 2 60 66 71 84
20 52 20 32 48 52
2 81 2 14 31 43 70 81
12 71 12 17 52 64 71
25 54 25 33 37 48 54
24 82 24 50 51 60 82
17 65 17 55 63 65
27 72 27 34 67 72
6 31 6 15 22 31
2 9 2 9
52 83 52 80 81 83
59 76 59 69 76
21 71 21 59 64 71
45 54 45 54
20 56 20 26 28 35 56
23 49 23 37 49
21 43 21 26 28 35 43
5 55 5 44 55
66 83 66 71 83
10 85 10 34 45 64 71 82 85
84 88 84 88
49 66 49 51 60 66
85 88 85 88
2 37 2 9 20 26 28 37
47 64 47 61 64
37 89 37 84 89
12 61 12 37 40 42 51 58 61
35 58 35 39 58
30 46 30 39 46
2 57 2 31 39 57
29 36 29 36
17 65 17 51 59 65
38 60 38 60
72 86 72 78 81 83 86
39 85 39 60 82 85
25 35 25 35
63 80 63 80
11 77 11 20 77
55 89 55 63 83 89
11 21 11 21
4 9 4 8 9
23 54 23 28 37 48 54
50 81 50 59 66 78 80 81
19 43 19 21 26 28 35 43
32 65 32 44 51 59 65
0 37 0 27 29 36 37
13 84 13 26 55 84
52 71 52 64 71
24 38 24 27 34 38
17 29 17 29
9 30 9 20 30
39 88 39 60 69 87 88
38 77 38 42 51 67 77
6 18 6 18
44 78 44 55 67 72 78
8 66 8 41 59 66
10 85 10 30 48 54 72 78 85
61 89 61 75 83 89
11 82 11 35 63 82
1 44 1 13 28 35 43 44
32 52 32 48 52
1 72 1 19 62 72
26 44 26 28 35 43 44
23 53 23 28 41 53
40 82 40 72 82
12 39 12 17 33 39
41 86 41 63 80 83 86
60 78 60 66 78
4 63 4 30 44 55 63
14 28 14 19 20 26 28
20 80 20 79 80
20 55 20 30 34 44 55
55 72 55 58 67 72
29 74 29 43 52 64 68 74
44 64 44 55 58 64
20 40 20 40
45 64 45 55 58 64
43 78 43 52 78
36 81 36 59 66 78 81
0 37 0 17 33 37
32 80 32 66 78 80
44 84 44 64 71 84
29 43 29 36 43
4 27 4 8 13 24 27
23 67 23 32 51 67
15 71 15 58 64 71
3 25 3 9 17 25
36 61 36 55 58 61
32 88 32 48 75 80 81 83 88
11 70 11 70
1 61 1 58 61
48 79 48 79
63 88 63 88
52 78 52 78
41 88 41 53 88
5 59 5 37 49 51 59
28 75 28 41 50 51 58 61 75
58 82 58 64 82
69 88 69 87 88
20 65 20 32 51 59 65
24 47 24 29 36 43 47
31 52 31 43 52
35 87 35 59 66 77 87
22 35 22 25 35
13 28 13 14 28
28 49 28 35 41 49
53 83 53 80 83
33 66 33 49 51 60 66
32 51 32 44 51
19 20 19 20
55 84 55 67 72 78 84
36 84 36 43 64 71 84
20 44 20 32 44
2 66 2 23 28 37 59 66
64 81 64 81
29 49 29 36 37 49
35 66 35 39 60 66
44 75 44 61 75
52 88 52 67 82 85 88
25 51 25 33 37 49 51
1 78 1 13 24 30 39 57 78
55 58 55 58
54 83 54 83
20 77 20 40 42 51 58 67 77
15 79 15 22 31 43 44 55 79
41 61 41 49 51 58 61
27 73 27 29 37 49 51 67 73
6 71 6 30 54 71
11 65 11 33 51 59 65
55 84 55 58 64 71 84
0 69 0 45 54 59 64 69
47 83 47 80 81 83
9 20 9 20
18 59 18 20 26 38 41 59
0 57 0 43 44 55 57
21 63 21 26 28 37 40 42 62 63
57 81 57 63 80 81
59 68 59 64 68
61 89 61 64 81 83 89
44 79 44 55 79
18 43 18 22 43
29 72 29 70 72
23 38 23 25 38
2 58 2 13 16 28 58
48 81 48 75 78 81
18 20 18 20
10 84 10 24 55 61 64 71 84
38 53 38 41 53
18 46 18 22 25 40 42 46
29 48 29 36 48
21 35 21 26 28 35
3 21 3 21
3 13 3 9 13
5 23 5 6 16 23
45 67 45 67
10 68 10 34 45 54 59 64 68
2 9 2 9
79 81 79 80 81
64 82 64 68 74 82
13 38 13 14 25 38
16 48 16 23 37 48
8 45 8 34 45
3 57 3 21 26 28 35 43 44 55 57
20 86 20 59 66 71 83 86
59 77 59 66 77
7 69 7 49 69
12 45 12 45
41 66 41 49 51 60 66
26 65 26 28 37 40 63 65
20 77 20 59 66 77
18 39 18 21 26 28 35 39
20 41 20 26 28 35 41
14 33 14 19 33
55 63 55 57 63
12 75 12 47 61 75
31 79 31 43 44 55 79
40 62 40 42 62
56 80 56 78 80
37 46 37 40 42 46
1 47 1 7 29 36 43 47
3 58 3 15 22 43 44 51 58
45 50 45 50
6 40 6 16 27 29 36 37 40
29 82 29 36 37 51 58 61 75 82
33 62 33 62
41 88 41 59 77 88
22 80 22 62 72 78 80
3 14 3 14
13 77 13 16 28 49 51 58 67 77
11 61 11 21 40 51 58 61
57 74 57 74
18 43 18 21 26 28 35 43
37 81 37 48 54 75 80 81
30 45 30 34 45
10 52 10 24 43 52
55 82 55 63 82
12 86 12 17 60 66 83 86
13 54 13 28 37 48 54
5 44 5 36 43 44
18 33 18 22 33
34 50 34 45 50
2 20 2 13 20
31 58 31 43 44 55 58
7 65 7 56 62 65
45 81 45 50 59 64 80 81
27 75 27 32 58 61 75
20 79 20 79
2 36 2 9 16 27 29 36
48 83 48 75 78 81 83
18 76 18 34 47 61 64 68 69 76
48 75 48 75
45 83 45 54 67 72 78 80 81 83
41 72 41 57 72
3 13 3 9 13
8 41 8 41
58 85 58 61 75 78 85
86 88 86 88
17 66 17 51 60 66
30 65 30 48 54 59 65
13 59 13 36 59
70 81 70 72 78 80 81
41 66 41 49 51 59 66
39 65 39 65
16 48 16 27 34 48
1 27 1 7 27
51 82 51 64 82
13 77 13 16 38 42 51 60 66 77
3 15 3 15
36 43 36 43
13 81 13 60 66 78 81
21 43 21 26 28 35 43
35 43 35 43
12 88 12 57 78 81 83 88
62 82 62 74 82
6 70 6 30 34 38 41 70
30 85 30 53 72 82 85
26 39 26 28 35 39
21 64 21 40 42 64
33 80 33 72 78 80
26 38 26 38
10 34 10 17 20 30 34
22 54 22 33 37 48 54
15 22 15 22
9 49 9 24 34 38 41 49
0 16 0 13 16
40 67 40 42 51 58 67
26 63 26 42 57 63
64 86 64 86
10 64 10 30 48 61 64
0 29 0 13 16 24 29
60 83 60 66 71 83
55 72 55 58 67 72
25 69 25 40 60 69
34 38 34 38
43 85 43 75 82 85
16 68 16 48 61 64 68
26 54 26 28 37 48 54
33 70 33 37 40 42 70
12 66 12 66
26 54 26 28 37 48 54
50 65 50 51 59 65
44 85 44 55 61 75 78 85
24 42 24 34 38 42
55 77 55 67 77
7 33 7 33
24 50 24 29 36 50
11 35 11 21 26 28 35
37 78 37 59 66 78
20 82 20 59 64 68 74 82
40 73 40 51 58 67 73
8 58 8 9 20 39 58
29 64 29 48 52 64
60 88 60 69 88
23 39 23 28 35 39
25 51 25 38 42 51
5 52 5 6 37 52
3 64 3 9 13 20 40 42 51 64
28 49 28 35 41 49
82 88 82 85 88
0 43 0 17 25 35 43
39 72 39 57 72
36 37 36 37
13 63 13 24 27 34 38 63
59 66 59 66
80 83 80 83
26 72 26 28 49 72
70 88 70 81 83 88
24 73 24 73
24 71 24 54 59 64 71
27 44 27 32 44
60 87 60 66 77 87
26 44 26 28 35 43 44
20 45 20 30 34 45
54 65 54 59 65
59 68 59 64 68
12 88 12 32 47 67 82 85 88
20 79 20 79
57 72 57 72
24 32 24 32
45 79 45 55 79
36 80 36 66 78 80
36 48 36 48
3 83 3 15 26 67 72 78 80 81 83
18 26 18 20 26
15 87 15 58 87
8 88 8 41 66 83 86 88
13 14 13 14
2 37 2 14 19 20 26 28 37
11 28 11 21 26 28
5 77 5 77
32 44 32 44
7 69 7 43 44 61 64 69
54 75 54 75
43 66 43 44 51 59 66
58 78 58 78
9 55 9 13 20 32 44 55
17 30 17 20 30
7 84 7 64 71 84
60 69 60 69
34 59 34 59
14 89 14 19 33 46 77 89
44 79 44 55 79
57 89 57 63 83 89
41 58 41 49 51 58
54 82 54 71 82
12 79 12 32 48 79
11 63 11 21 42 57 63
2 60 2 31 39 60
17 83 17 55 67 72 78 81 83
12 47 12 17 25 35 43 47
20 52 20 30 34 48 52
17 47 17 32 47
37 65 37 49 51 59 65
14 51 14 30 34 45 50 51
12 69 12 45 50 59 64 69
31 83 31 43 64 80 81 83
23 68 23 37 51 58 64 68
7 15 7 15
1 43 1 13 26 28 35 43
6 62 6 16 28 35 56 62
2 62 2 31 43 62
32 58 32 51 58
82 88 82 85 88
9 21 9 13 14 19 21
11 88 11 88
32 51 32 44 51
38 88 38 41 49 51 67 72 88
16 50 16 23 35 41 50
12 30 12 17 20 30
25 66 25 33 51 59 66
10 17 10 17
66 82 66 71 82
12 29 12 17 29
7 27 7 27
5 88 5 77 88
42 57 42 57
14 78 14 19 33 78
3 26 3 15 21 26
23 65 23 44 51 59 65
7 44 7 29 43 44
55 89 55 58 77 89
55 57 55 57
9 32 9 32
36 76 36 48 52 64 68 69 76
13 14 13 14
50 76 50 59 69 76
58 68 58 64 68
42 89 42 57 72 78 81 83 89
39 81 39 58 67 72 78 80 81
36 68 36 48 61 64 68
38 67 38 41 49 51 67
37 74 37 40 64 68 74
17 68 17 33 52 64 68
18 86 18 59 66 71 83 86
41 80 41 59 66 78 80
58 74 58 61 64 68 74
37 52 37 48 52
31 58 31 43 44 51 58
43 52 43 52
58 64 58 61 64
23 33 23 25 33
22 34 22 34
27 81 27 78 81
61 89 61 75 80 83 89
7 36 7 29 36
74 85 74 82 85
12 72 12 37 51 67 72
26 57 26 40 42 57
3 64 3 27 29 36 50 59 64
12 17 12 17
12 43 12 17 20 26 28 35 43
13 24 13 24
2 59 2 14 25 35 43 44 51 59
13 38 13 16 27 34 38
26 54 26 28 37 48 54
0 61 0 10 34 44 61
12 27 12 27
8 30 8 13 20 30
19 79 19 21 26 38 41 79
3 17 3 9 17
44 73 44 55 58 67 73
43 68 43 64 68
41 51 41 50 51
25 88 25 69 87 88
11 57 11 33 37 40 42 57
31 56 31 56
84 89 84 89
39 46 39 46
17 28 17 20 26 28
1 53 1 3 30 34 44 53
11 28 11 21 26 28
0 47 0 43 47
35 64 35 43 44 51 58 61 64
10 60 10 30 39 60
31 81 31 56 78 80 81
38 57 38 42 57
26 69 26 38 41 50 59 69
66 82 66 71 82
16 52 16 29 37 52
38 41 38 41
23 46 23 28 46
24 45 24 34 45
16 50 16 29 36 50
38 79 38 41 79
42 58 42 51 58
51 61 51 58 61
49 66 49 51 60 66
29 59 29 36 48 54 59
26 75 26 38 42 51 58 61 75
31 81 31 56 64 81
4 33 4 8 13 14 25 33
17 79 17 29 43 44 79
22 66 22 34 48 54 59 66
60 77 60 66 77
28 86 28 49 51 86
15 46 15 22 43 46
1 14 1 13 14
5 64 5 61 64
27 36 27 29 36
2 18 2 18
34 38 34 38
20 73 20 30 34 45 52 67 73
6 70 6 30 41 70
11 51 11 21 40 51
34 88 34 86 88
44 85 44 51 60 82 85
5 59 5 36 37 40 42 51 59
62 85 62 72 78 85
70 71 70 71
4 30 4 8 9 17 20 30
55 89 55 57 63 80 81 83 89
22 44 22 43 44
67 72 67 72
17 53 17 25 35 41 53
0 27 0 10 24 27
17 58 17 29 36 43 44 55 58
30 86 30 53 72 86
1 14 1 2 13 14
25 65 25 35 39 65
69 88 69 87 88
37 59 37 40 51 59
9 29 9 17 29
77 88 77 88
0 82 0 13 14 70 82
20 88 20 88
19 82 19 21 58 68 74 82
4 62 4 8 9 13 24 27 34 38 42 62
16 78 16 38 60 66 78
29 64 29 36 48 54 59 64
10 25 10 17 25
67 80 67 72 78 80
2 42 2 18 21 26 40 42
41 86 41 57 86
67 82 67 72 82
4 27 4 8 13 24 27
1 58 1 2 23 25 38 42 51 58
8 65 8 13 48 54 59 65
38 85 38 85
8 88 8 28 58 68 74 85 88
27 89 27 29 37 84 89
33 86 33 62 72 86
43 44 43 44
28 41 28 35 41
29 64 29 43 44 55 61 64
14 70 14 34 38 42 70
22 37 22 33 37
2 41 2 23 25 38 41
34 73 34 48 54 67 73
50 60 50 51 60
52 86 52 71 83 86
37 69 37 49 51 64 69
38 70 38 41 70
45 65 45 63 65
75 89 75 83 89
56 80 56 78 80
8 46 8 34 46
2 53 2 13 24 27 53
14 30 14 19 20 30
48 75 48 75
0 24 0 24
25 40 25 33 37 40
37 77 37 52 67 77
45 76 45 55 61 64 68 69 76
41 67 41 49 51 58 67
32 58 32 58
25 60 25 35 41 49 51 60
8 45 8 9 16 27 34 45
47 76 47 61 64 68 69 76
15 79 15 21 26 38 41 79
11 35 11 20 26 28 35
56 84 56 64 71 84
30 45 30 34 45
33 83 33 67 72 78 80 81 83
34 44 34 44
13 34 13 20 30 34
10 64 10 17 33 39 58 61 64
68 69 68 69
5 80 5 52 64 80
15 76 15 76
18 31 18 22 31
3 77 3 38 41 66 77
26 68 26 28 64 68
4 54 4 8 13 28 37 48 54
26 69 26 28 37 52 64 69
12 73 12 17 58 73
35 52 35 43 52
41 49 41 49
56 63 56 62 63
25 60 25 33 49 51 60
5 50 5 7 29 36 50
25 33 25 33
24 39 24 30 39
38 69 38 42 64 69
11 69 11 20 32 51 60 69
0 44 0 24 32 44
19 50 19 20 30 50
13 56 13 26 28 35 56
77 87 77 87
6 79 6 30 48 79
3 16 3 16
29 59 29 36 50 59
32 55 32 44 55
33 62 33 37 40 42 62
79 89 79 83 89
6 54 6 54
79 84 79 84
26 40 26 28 37 40
1 53 1 19 43 44 53
23 46 23 35 39 46
64 80 64 80
11 58 11 58
31 79 31 43 44 55 79
30 79 30 41 79
42 70 42 70
26 75 26 38 42 51 58 61 75
23 66 23 25 35 41 50 59 66
27 66 27 29 36 59 66
5 80 5 61 75 78 80
18 34 18 34
1 82 1 19 82
6 37 6 27 29 37
62 74 62 74
2 84 2 57 72 78 84
30 87 30 39 58 68 69 87
41 61 41 49 51 58 61
40 80 40 64 80
66 77 66 77
15 66 15 30 54 59 66
15 45 15 30 34 45
34 77 34 59 77
17 81 17 81
24 72 24 50 51 67 72
1 13 1 13
60 76 60 69 76
75 83 75 83
29 40 29 37 40
20 26 20 26
51 80 51 60 66 78 80
41 89 41 57 63 83 89
8 76 8 58 61 64 68 69 76
54 68 54 59 64 68
47 72 47 67 72
50 76 50 51 59 64 69 76
24 89 24 89
12 68 12 44 55 61 64 68
11 82 11 20 39 57 82
54 81 54 81
13 48 13 26 28 37 48
27 47 27 29 43 47
20 50 20 30 41 50
20 46 20 30 39 46
20 54 20 26 28 37 48 54
1 9 1 2 9
47 64 47 61 64
10 45 10 34 45
1 39 1 2 13 16 35 39
39 60 39 60
48 75 48 61 75
40 62 40 42 62
24 29 24 27 29
22 25 22 25
30 60 30 50 51 60
5 56 5 6 31 56
4 16 4 13 16
4 85 4 49 51 58 68 74 82 85
18 59 18 20 30 48 54 59
26 55 26 55
57 88 57 82 85 88
30 48 30 34 48
9 44 9 16 31 43 44
6 35 6 17 20 26 28 35
51 87 51 60 66 77 87
75 89 75 80 81 83 89
38 80 38 70 72 78 80
5 56 5 6 21 26 28 35 56
18 72 18 21 42 57 72
21 78 21 58 67 72 78
36 49 36 37 49
6 71 6 40 64 71
20 50 20 26 28 41 50
6 82 6 27 70 72 82
5 62 5 7 33 62
31 56 31 56
7 64 7 42 64
49 64 49 51 58 61 64
83 86 83 86
12 17 12 17
3 75 3 21 42 51 58 61 75
25 67 25 38 41 50 51 58 67
13 63 13 20 40 42 57 63
8 32 8 9 17 20 32
43 66 43 44 51 59 66
5 81 5 44 51 80 81
10 45 10 24 30 34 45
36 53 36 43 44 53
35 66 35 43 44 51 59 66
77 89 77 89
1 37 1 7 29 37
18 65 18 21 26 40 51 59 65
0 37 0 17 29 37
6 15 6 15
39 60 39 60
16 24 16 24
4 62 4 30 34 38 42 62
80 86 80 83 86
22 83 22 33 61 64 80 81 83
49 74 49 51 59 64 68 74
4 51 4 41 49 51
1 50 1 2 13 29 36 50
54 67 54 67
3 41 3 14 19 21 26 28 41
55 74 55 61 64 68 74
45 64 45 54 59 64
70 86 70 72 78 80 83 86
4 40 4 23 25 40
12 56 12 17 25 35 56
8 88 8 28 78 80 83 88
23 35 23 35
44 57 44 55 57
0 73 0 10 24 34 48 52 67 73
11 88 11 59 66 77 87 88
30 55 30 44 55
5 80 5 64 80
1 50 1 26 28 35 41 50
3 76 3 76
25 65 25 63 65
23 55 23 32 44 55
42 46 42 46
2 49 2 23 37 49
33 60 33 51 60
14 64 14 42 51 59 64
61 76 61 64 68 69 76
6 34 6 30 34
53 83 53 72 78 81 83
3 41 3 38 41
11 88 11 59 86 88
12 24 12 24
3 50 3 16 24 27 29 36 50
7 62 7 43 62
0 37 0 24 29 37
36 60 36 60
27 60 27 44 51 60
17 81 17 58 61 64 81
14 42 14 28 37 40 42
34 44 34 44
18 34 18 34
69 87 69 87
40 57 40 42 57
84 88 84 88
8 88 8 58 87 88
43 65 43 65
22 62 22 62
0 17 0 10 17
18 71 18 20 26 42 64 71
18 52 18 22 33 52
20 88 20 77 87 88
41 75 41 49 51 58 61 75
38 78 38 70 72 78
42 76 42 51 58 64 69 76
10 28 10 17 20 26 28
58 78 58 67 72 78
11 57 11 35 43 44 55 57
59 74 59 64 68 74
25 67 25 35 39 58 67
4 33 4 23 25 33
43 58 43 44 55 58
9 50 9 13 26 38 41 50
39 71 39 60 66 71
0 30 0 10 30
51 61 51 58 61
59 84 59 64 71 84
30 41 30 41
67 82 67 72 82
9 24 9 24
18 83 18 72 78 81 83
3 48 3 37 48
17 66 17 20 39 60 66
35 56 35 56
9 81 9 16 40 64 80 81
0 74 0 13 14 42 64 68 74
9 70 9 16 40 42 70
18 69 18 34 48 54 59 69
69 76 69 76
14 25 14 25
70 84 70 72 78 84
59 64 59 64
24 85 24 55 58 67 72 82 85
17 66 17 20 30 39 60 66
30 88 30 44 53 72 88
11 47 11 35 43 47
41 75 41 49 51 58 61 75
26 63 26 42 62 63
20 26 20 26
8 89 8 13 64 80 83 89
54 83 54 81 83
74 88 74 82 85 88
56 82 56 74 82
14 78 14 34 44 78
21 65 21 40 51 59 65
12 72 12 57 72
29 36 29 36
37 69 37 52 64 68 69
42 73 42 51 67 73
18 69 18 22 43 52 64 68 69
40 78 40 60 66 78
9 47 9 17 29 43 47
8 73 8 13 29 37 40 42 51 67 73
36 63 36 37 40 42 57 63
27 50 27 34 45 50
2 75 2 14 19 43 75
20 64 20 30 54 59 64
38 41 38 41
4 46 4 8 34 46
36 63 36 37 40 63
36 37 36 37
39 71 39 60 66 71
18 33 18 22 25 33
0 43 0 17 20 26 28 35 43
4 46 4 30 34 38 42 46
24 54 24 29 48 54
75 82 75 82
13 72 13 29 48 72
3 71 3 14 59 71
17 51 17 25 35 41 49 51
1 39 1 26 28 35 39
39 58 39 58
8 23 8 13 16 23
18 51 18 22 43 44 51
15 39 15 22 31 39
10 57 10 34 38 42 57
35 56 35 56
5 34 5 7 27 34
3 29 3 16 29
24 59 24 29 37 48 54 59
13 63 13 14 19 43 44 55 57 63
20 40 20 26 28 37 40
17 53 17 25 38 41 53
56 81 56 64 81
28 68 28 64 68
75 83 75 83
6 21 6 15 21
24 73 24 43 44 51 67 73
29 62 29 36 37 40 42 62
16 27 16 24 27
3 42 3 21 42
31 72 31 39 58 67 72
33 70 33 37 40 42 70
48 68 48 54 59 64 68
75 89 75 80 83 89
21 76 21 40 51 59 64 69 76
38 70 38 70
22 47 22 34 47
6 20 6 17 20
43 65 43 65
7 88 7 27 79 88
38 82 38 41 67 72 82
4 76 4 49 51 64 69 76
82 85 82 85
33 58 33 39 58
71 83 71 83
8 82 8 41 66 71 82
13 27 13 16 24 27
41 58 41 49 51 58
0 71 0 45 55 61 64 71
28 41 28 35 41
54 73 54 67 73
12 71 12 37 51 59 71
12 71 12 17 32 48 54 71
10 63 10 44 55 63
0 52 0 10 30 34 45 52
4 9 4 8 9
8 31 8 13 16 31
41 59 41 50 51 59
13 25 13 14 25
3 29 3 27 29
17 43 17 29 36 43
13 64 13 28 35 43 47 61 64
23 82 23 66 71 82
20 52 20 30 48 52
3 89 3 51 64 81 83 89
63 82 63 82
8 71 8 9 17 52 71
6 80 6 80
28 40 28 37 40
4 26 4 8 9 20 26
26 42 26 38 42
0 28 0 10 17 20 26 28
2 30 2 9 17 20 30
32 86 32 86
25 70 25 35 41 70
31 89 31 56 64 80 83 89
8 66 8 9 16 29 48 54 59 66
40 51 40 51
41 88 41 66 77 88
53 86 53 80 83 86
33 78 33 39 57 72 78
38 53 38 41 53
30 53 30 41 53
55 73 55 67 73
50 82 50 59 64 82
11 28 11 20 26 28
30 46 30 39 46
21 38 21 26 38
11 51 11 21 40 51
4 65 4 56 62 63 65
51 59 51 59
33 66 33 49 51 60 66
14 77 14 19 38 42 46 77
46 89 46 77 89
19 41 19 38 41
67 80 67 72 78 80
50 84 50 51 58 67 72 78 84
2 25 2 18 22 25
0 30 0 24 30
20 77 20 30 39 58 77
55 63 55 63
5 44 5 44
44 75 44 51 58 61 75
17 63 17 32 44 55 57 63
61 80 61 64 80
64 69 64 68 69
60 81 60 66 78 81
13 77 13 26 28 35 39 46 77
3 65 3 37 51 59 65
5 81 5 6 18 72 78 81
23 58 23 44 55 58
55 64 55 61 64
1 32 1 19 20 32
13 68 13 49 51 59 64 68
29 82 29 37 72 82
23 65 23 55 57 63 65
2 59 2 31 43 44 51 59
16 61 16 48 61
17 63 17 20 55 57 63
63 83 63 83
50 88 50 60 82 85 88
1 54 1 13 24 27 32 48 54
30 82 30 34 59 64 68 74 82
32 55 32 44 55
3 20 3 9 13 14 19 20
39 76 39 60 69 76
15 49 15 30 34 38 41 49
21 28 21 26 28
0 34 0 13 14 34
40 67 40 51 58 67
30 84 30 53 72 78 84
14 88 14 59 86 88
18 41 18 22 34 38 41
31 79 31 43 44 55 79
42 73 42 51 58 73
31 56 31 56
25 33 25 33
49 84 49 51 58 61 64 71 84
79 81 79 80 81
26 44 26 28 35 43 44
60 89 60 66 78 84 89
37 77 37 59 66 77
6 78 6 37 52 67 72 78
12 17 12 17
16 38 16 23 25 38
25 47 25 35 43 47
33 66 33 51 60 66
57 63 57 63
17 39 17 20 26 28 35 39
23 71 23 66 71
70 89 70 71 84 89
4 89 4 60 66 71 84 89
12 56 12 17 20 26 28 35 56
28 64 28 64
18 53 18 21 26 28 35 43 44 53
28 62 28 35 43 62
29 64 29 48 54 59 64
39 72 39 58 67 72
34 42 34 38 42
14 68 14 28 41 59 64 68
33 39 33 39
20 30 20 30
6 17 6 17
3 13 3 9 13
15 26 15 26
10 37 10 17 20 26 28 37
4 27 4 13 24 27
24 66 24 50 51 60 66
10 72 10 30 53 72
13 85 13 24 34 45 50 60 82 85
28 46 28 46
4 88 4 68 69 87 88
45 54 45 54
6 54 6 30 34 45 54
18 80 18 34 44 79 80
7 21 7 14 19 21
51 78 51 60 66 78
17 89 17 25 62 72 78 80 81 83 89
12 26 12 26
48 75 48 75
43 44 43 44
41 63 41 63
43 62 43 62
2 63 2 63
30 60 30 50 51 60
54 80 54 78 80
9 78 9 13 14 30 39 60 66 78
24 77 24 32 51 60 66 77
44 53 44 53
5 32 5 7 27 32
41 67 41 50 51 67
4 68 4 41 50 51 64 68
66 84 66 71 84
16 40 16 29 36 37 40
41 83 41 66 83
1 74 1 37 49 51 64 68 74
66 83 66 78 80 83
36 76 36 60 69 76
45 73 45 73
61 80 61 75 78 80
51 69 51 58 61 64 69
45 76 45 54 59 64 69 76
4 54 4 8 13 26 28 37 48 54
26 70 26 42 70
48 87 48 52 64 68 69 87
87 88 87 88
2 17 2 9 17
17 29 17 29
14 31 14 31
55 74 55 58 61 64 68 74
79 89 79 83 89
5 64 5 37 40 64
11 58 11 58
38 76 38 41 49 51 58 61 64 68 69 76
28 63 28 41 57 63
0 89 0 17 70 81 83 89
19 50 19 20 26 28 41 50
17 66 17 29 36 59 66
68 74 68 74
4 78 4 13 48 54 67 72 78
54 72 54 67 72
3 38 3 9 17 25 38
32 53 32 53
35 76 35 76
36 59 36 43 44 51 59
28 42 28 37 40 42
20 64 20 40 51 58 61 64
40 68 40 51 64 68
75 80 75 78 80
13 40 13 24 27 29 37 40
42 70 42 70
22 62 22 34 38 42 62
36 63 36 55 63
8 66 8 34 38 41 50 51 59 66
67 82 67 82
24 42 24 29 37 40 42
8 52 8 9 13 14 34 48 52
58 87 58 67 77 87
34 50 34 38 41 50
13 53 13 16 31 43 44 53
7 77 7 33 51 58 77
7 62 7 62
52 89 52 64 80 81 83 89
25 72 25 35 72
57 78 57 72 78
13 30 13 14 19 20 30
3 71 3 16 27 44 51 58 64 71
10 68 10 48 61 64 68
34 61 34 45 55 58 61
20 87 20 56 62 72 87
74 85 74 82 85
26 65 26 55 63 65
48 88 48 61 88
24 53 24 29 43 44 53
4 88 4 69 88
22 62 22 43 62
0 69 0 13 64 68 69
45 65 45 54 59 65
30 74 30 41 50 51 58 68 74
11 66 11 21 26 28 35 43 44 51 60 66
26 53 26 38 41 53
41 83 41 78 80 83
61 76 61 64 69 76
13 34 13 14 30 34
22 35 22 25 35
6 35 6 15 26 28 35
4 30 4 13 20 30
18 72 18 34 67 72
5 55 5 36 55
29 83 29 80 83
16 38 16 23 25 38
12 71 12 44 61 64 71
28 62 28 35 56 62
53 85 53 72 78 85
29 70 29 37 40 42 70
53 80 53 72 78 80
27 29 27 29
11 66 11 21 26 42 51 59 66
48 59 48 54 59
22 57 22 25 40 42 57
77 88 77 88
6 35 6 15 26 28 35
11 70 11 33 37 40 42 70
33 80 33 52 64 80
26 55 26 28 35 43 44 55
41 53 41 53
13 48 13 36 37 48
1 54 1 2 14 25 33 37 48 54
36 81 36 66 78 80 81
18 38 18 22 25 38
11 59 11 20 32 44 51 59
34 69 34 44 64 69
12 30 12 24 30
78 80 78 80
41 81 41 57 80 81
60 87 60 69 87
3 9 3 9
22 84 22 60 66 71 84
26 67 26 40 42 51 67
34 61 34 44 61
81 88 81 83 88
0 34 0 13 14 19 20 30 34
10 57 10 24 29 37 40 42 57
58 89 58 67 72 78 84 89
4 9 4 8 9
14 60 14 25 35 43 44 51 60
25 47 25 35 43 47
26 47 26 28 35 43 47
33 40 33 37 40
7 47 7 15 26 28 35 43 47
43 85 43 47 75 78 85
29 55 29 43 44 55
70 82 70 71 82
16 50 16 29 36 50
52 74 52 64 68 74
35 39 35 39
35 58 35 39 58
33 49 33 37 49
3 89 3 30 39 57 83 89
7 27 7 27
27 40 27 29 37 40
22 43 22 43
51 66 51 59 66
2 62 2 23 35 43 62
38 80 38 63 80
19 78 19 43 52 67 72 78
37 49 37 49
51 87 51 59 64 69 87
7 32 7 32
20 81 20 55 58 64 81
4 47 4 8 13 16 29 36 43 47
58 75 58 61 75
26 59 26 40 51 59
36 51 36 37 40 51
38 53 38 41 53
28 54 28 37 48 54
11 34 11 20 30 34
25 69 25 38 42 64 68 69
11 39 11 35 39
7 33 7 33
51 89 51 67 77 89
14 28 14 28
32 58 32 51 58
30 74 30 41 49 51 64 68 74
9 82 9 20 32 48 72 82
56 84 56 62 72 78 84
17 43 17 20 26 28 35 43
82 85 82 85
17 85 17 78 85
49 51 49 51
29 74 29 37 52 64 68 74
29 48 29 37 48
21 59 21 26 42 51 59
5 80 5 79 80
9 13 9 13
8 84 8 28 58 67 72 78 84
3 48 3 30 34 48
6 21 6 15 21
5 55 5 7 43 44 55
14 42 14 28 37 40 42
53 85 53 72 78 85
20 46 20 30 34 38 42 46
57 82 57 63 82
30 55 30 34 44 55
37 84 37 51 59 71 84
63 88 63 80 83 88
6 15 6 15
23 32 23 32
51 69 51 60 69
39 87 39 58 64 69 87
62 85 62 63 82 85
83 86 83 86
67 77 67 77
31 89 31 89
12 75 12 47 75
20 30 20 30
1 30 1 2 13 20 30
17 28 17 20 26 28
66 82 66 71 82
28 57 28 37 40 42 57
21 71 21 42 70 71
13 77 13 36 55 67 77
21 46 21 40 42 46
34 61 34 44 61
27 58 27 58
41 53 41 53
20 79 20 26 38 41 79
44 79 44 55 79
16 89 16 80 81 83 89
4 54 4 8 9 13 20 32 48 54
39 69 39 69
1 22 1 7 15 22
63 82 63 82
27 83 27 44 61 75 83
60 80 60 66 78 80
58 73 58 67 73
75 78 75 78
23 75 23 35 39 58 61 75
55 75 55 58 61 75
15 26 15 26
23 78 23 55 58 67 72 78
41 75 41 49 51 58 61 75
17 69 17 29 48 52 64 68 69
8 31 8 9 16 31
19 69 19 69
28 63 28 35 56 62 63
4 60 4 23 35 39 60
8 88 8 13 74 85 88
22 43 22 31 43
10 62 10 34 38 42 62
15 38 15 26 38
28 40 28 37 40
18 73 18 20 55 67 73
55 74 55 61 64 68 74
35 52 35 43 52
23 67 23 49 51 58 67
47 72 47 67 72
37 51 37 49 51
33 49 33 49
38 60 38 60
34 58 34 38 42 51 58
66 77 66 77
32 67 32 58 67
70 86 70 86
57 89 57 78 84 89
22 43 22 25 35 43
25 79 25 38 41 79
67 80 67 72 78 80
43 69 43 52 64 69
64 81 64 80 81
38 64 38 42 64
21 41 21 26 38 41
14 25 14 25
5 76 5 64 69 76
11 21 11 21
3 13 3 9 13
57 81 57 78 80 81
48 61 48 61
33 60 33 37 51 60
10 62 10 30 34 38 42 62
47 72 47 67 72
6 86 6 40 78 80 83 86
57 78 57 78
6 57 6 30 44 55 57
39 76 39 69 76
25 57 25 35 39 57
34 89 34 44 51 59 64 81 83 89
54 67 54 67
17 32 17 20 32
52 71 52 64 71
2 36 2 13 24 27 29 36
44 69 44 61 64 69
24 45 24 34 45
33 60 33 39 60
16 38 16 38
33 37 33 37
24 36 24 27 29 36
5 55 5 36 43 44 55
59 86 59 86
19 49 19 20 26 38 41 49
58 85 58 68 74 85
13 59 13 36 50 59
59 80 59 66 78 80
9 24 9 16 24
2 81 2 31 56 78 80 81
47 83 47 80 83
23 63 23 37 40 63
19 46 19 21 42 46
27 62 27 29 36 37 40 42 62
41 83 41 79 81 83
59 89 59 89
0 10 0 10
5 23 5 6 16 23
28 85 28 58 78 85
11 33 11 33
32 76 32 58 68 69 76
6 30 6 15 30
33 59 33 49 51 59
32 51 32 51
16 24 16 24
25 69 25 69
39 72 39 58 67 72
4 47 4 13 16 35 43 47
14 42 14 28 37 40 42
6 66 6 40 42 51 59 66
43 58 43 44 51 58
36 82 36 50 60 66 71 82
7 82 7 32 53 72 82
31 77 31 43 46 77
51 78 51 67 72 78
6 67 6 30 39 58 67
24 71 24 29 70 71
13 43 13 26 28 35 43
18 73 18 22 33 67 73
55 63 55 57 63
3 17 3 9 17
41 83 41 63 83
22 54 22 25 33 37 48 54
13 74 13 29 48 52 64 68 74
42 69 42 64 68 69
42 61 42 51 58 61
23 57 23 32 44 55 57
36 68 36 37 59 64 68
64 82 64 82
7 62 7 56 62
28 42 28 37 40 42
38 88 38 70 82 85 88
20 72 20 30 41 49 72
36 55 36 43 44 55
15 49 15 30 41 49
58 89 58 78 81 83 89
14 65 14 31 39 65
39 87 39 87
28 64 28 64
11 68 11 20 59 64 68
56 82 56 74 82
50 89 50 51 60 66 83 89
32 89 32 51 67 72 78 80 83 89
72 85 72 82 85
2 45 2 14 30 34 45
33 80 33 62 72 78 80
0 52 0 45 52
3 29 3 16 27 29
3 20 3 14 19 20
13 77 13 29 36 66 77
23 78 23 32 44 51 59 66 78
42 46 42 46
9 70 9 16 35 41 70
74 88 74 85 88
2 60 2 18 22 31 43 44 51 60
38 81 38 41 59 64 81
12 64 12 17 55 61 64
1 7 1 7
15 66 15 30 34 44 51 59 66
21 35 21 26 28 35
25 74 25 74
7 67 7 33 37 49 51 58 67
24 39 24 30 39
17 89 17 52 80 81 83 89
15 71 15 26 42 64 71
5 52 5 6 17 25 35 43 52
39 65 39 57 63 65
19 55 19 21 26 55
10 32 10 24 32
26 39 26 28 35 39
11 82 11 58 67 72 82
33 51 33 37 49 51
80 89 80 83 89
34 46 34 38 42 46
36 58 36 43 44 55 58
23 55 23 25 35 43 44 55
7 42 7 15 30 34 38 42
16 65 16 28 35 59 65
2 84 2 56 78 84
4 40 4 8 13 28 37 40
7 33 7 15 22 33
5 19 5 7 14 19
49 68 49 51 64 68
1 58 1 7 14 42 51 58
0 72 0 57 72
74 82 74 82
26 39 26 28 35 39
32 75 32 44 61 75
14 75 14 19 43 47 61 75
20 30 20 30
22 64 22 33 61 64
20 77 20 30 44 53 77
56 87 56 64 87
70 81 70 72 78 80 81
49 51 49 51
9 81 9 13 29 48 75 80 81
40 70 40 42 70
58 73 58 73
55 86 55 79 83 86
21 79 21 26 55 79
14 59 14 34 48 54 59
35 64 35 39 58 61 64
10 81 10 63 80 81
1 36 1 13 36
0 89 0 80 83 89
14 52 14 19 20 26 28 37 48 52
20 79 20 55 79
31 83 31 43 52 64 71 83
11 45 11 20 30 34 45
7 29 7 27 29
18 38 18 20 30 34 38
30 88 30 44 78 84 88
28 69 28 68 69
3 24 3 16 24
53 77 53 77
18 21 18 21
10 86 10 48 79 83 86
66 78 66 78
5 62 5 25 33 37 40 42 62
67 87 67 77 87
7 77 7 32 66 77
75 78 75 78
45 51 45 50 51
32 83 32 53 72 78 81 83
36 58 36 50 51 58
12 86 12 44 51 80 81 83 86
16 27 16 24 27
14 65 14 30 48 54 59 65
7 80 7 57 78 80
6 32 6 17 20 32
8 20 8 9 17 20
22 66 22 34 59 66
4 41 4 8 13 24 27 34 38 41
22 55 22 43 44 55
1 82 1 68 74 82
8 30 8 9 16 24 30
24 85 24 34 59 71 82 85
34 47 34 47
19 42 19 21 26 42
52 67 52 67
13 27 13 24 27
6 40 6 37 40
51 81 51 80 81
71 84 71 84
34 79 34 79
5 76 5 44 51 58 68 69 76
22 77 22 33 51 60 66 77
35 58 35 39 58
17 42 17 20 40 42
12 40 12 29 36 37 40
17 85 17 32 47 61 64 71 82 85
25 72 25 35 39 58 67 72
33 80 33 61 75 78 80
37 63 37 40 42 62 63
42 61 42 51 58 61
26 40 26 40
29 36 29 36
28 73 28 49 51 67 73
45 76 45 55 58 64 69 76
25 40 25 40
10 87 10 52 67 72 87
12 20 12 17 20
35 58 35 43 44 51 58
28 60 28 35 41 49 51 60
80 89 80 83 89
27 82 27 72 82
5 55 5 36 43 44 55
9 16 9 13 16
27 70 27 34 38 70
41 78 41 57 72 78
60 80 60 66 78 80
29 55 29 36 43 44 55
8 57 8 40 42 57
3 44 3 16 27 44
20 88 20 72 86 88
20 55 20 55
29 37 29 37
15 21 15 21
21 55 21 26 55
8 20 8 9 20
28 66 28 35 41 49 51 60 66
11 30 11 20 30
8 31 8 13 14 31
37 72 37 49 51 58 67 72
13 50 13 24 30 41 50
0 28 0 10 17 20 26 28
30 86 30 50 60 66 78 80 81 83 86
5 41 5 7 27 34 38 41
24 66 24 50 60 66
57 89 57 83 89
26 72 26 38 42 57 72
29 62 29 37 40 42 62
43 46 43 46
37 81 37 59 66 78 81
74 85 74 85
43 77 43 77
16 52 16 23 37 52
2 84 2 23 32 51 60 66 71 84
17 59 17 32 44 51 59
75 82 75 82
5 49 5 36 37 49
40 73 40 51 67 73
14 19 14 19
27 50 27 34 45 50
21 39 21 26 28 35 39
25 79 25 33 37 48 79
57 72 57 72
58 77 58 67 77
56 81 56 64 81
56 63 56 62 63
15 83 15 30 54 75 83
14 40 14 28 37 40
35 43 35 43
3 87 3 14 34 47 77 87
16 53 16 38 41 53
1 53 1 7 29 36 43 44 53
13 54 13 28 37 48 54
14 31 14 31
27 81 27 34 59 66 78 81
17 79 17 25 33 37 48 79
24 72 24 32 47 67 72
35 80 35 59 64 80
10 52 10 17 52
35 66 35 39 60 66
36 48 36 48
18 48 18 22 25 33 37 48
25 66 25 40 51 60 66
6 55 6 16 31 43 44 55
20 70 20 26 28 35 41 70
5 67 5 7 49 51 58 67
25 85 25 63 82 85
11 59 11 35 43 44 51 59
23 74 23 68 74
20 60 20 32 51 60
53 77 53 77
12 37 12 17 25 33 37
43 80 43 62 63 80
40 84 40 78 84
51 80 51 80
1 76 1 58 61 64 69 76
33 49 33 37 49
16 28 16 28
30 46 30 39 46
45 51 45 50 51
15 68 15 30 44 51 58 61 64 68
16 48 16 23 25 33 37 48
12 71 12 32 48 61 64 71
12 32 12 17 20 32
24 54 24 32 48 54
48 65 48 54 59 65
43 76 43 64 68 69 76
51 69 51 59 69
18 89 18 20 32 51 89
27 89 27 44 61 75 78 80 81 83 89
40 60 40 60
18 73 18 22 33 52 67 73
30 34 30 34
12 47 12 24 30 34 47
62 81 62 72 78 80 81
27 75 27 34 48 75
0 61 0 43 47 61
11 62 11 33 37 40 42 62
14 82 14 70 72 82
5 72 5 25 40 42 70 72
26 68 26 68
28 57 28 41 57
14 77 14 42 51 60 66 77
14 83 14 59 71 83
13 46 13 46
44 85 44 51 67 82 85
9 81 9 17 20 55 61 75 78 80 81
51 89 51 58 64 80 83 89
6 77 6 31 39 58 77
14 30 14 30
51 78 51 60 66 78
5 76 5 25 33 52 64 69 76
68 69 68 69
80 83 80 83
84 88 84 88
38 42 38 42
21 54 21 26 28 37 48 54
41 83 41 70 72 78 81 83
24 37 24 27 29 36 37
24 42 24 27 29 37 40 42
6 30 6 15 30
11 35 11 35
31 72 31 56 62 72
14 34 14 34
54 72 54 67 72
8 63 8 9 13 24 43 44 55 63
26 56 26 28 35 56
7 33 7 14 25 33
43 65 43 65
5 50 5 6 17 20 30 50
30 61 30 44 61
78 84 78 84
14 52 14 28 35 43 52
59 74 59 64 68 74
33 77 33 49 51 67 77
30 44 30 34 44
5 20 5 6 17 20
14 75 14 25 61 75
72 89 72 78 80 83 89
13 77 13 26 67 77
52 69 52 64 68 69
64 80 64 80
26 68 26 28 41 50 51 64 68
3 23 3 16 23
10 81 10 17 25 57 80 81
48 86 48 75 78 80 83 86
36 79 36 48 79
0 43 0 13 24 27 29 43
34 59 34 44 51 59
40 51 40 51
44 61 44 51 58 61
6 83 6 16 48 61 64 71 83
26 28 26 28
62 78 62 72 78
47 77 47 77
36 59 36 43 44 51 59
36 37 36 37
67 73 67 73
6 27 6 24 27
2 46 2 31 43 46
59 76 59 64 68 69 76
1 30 1 2 14 19 20 30
6 47 6 17 25 35 43 47
9 86 9 32 44 78 80 83 86
16 44 16 28 35 43 44
10 64 10 30 34 47 61 64
10 17 10 17
26 67 26 67
38 80 38 70 72 78 80
11 47 11 20 32 47
9 86 9 71 83 86
18 80 18 59 66 78 80
67 82 67 82
23 44 23 28 35 43 44
3 38 3 27 34 38
2 80 2 56 62 72 78 80
39 85 39 58 68 74 82 85
14 83 14 31 56 78 81 83
37 40 37 40
17 83 17 55 63 83
7 78 7 14 30 34 45 55 67 72 78
14 51 14 34 38 41 50 51
30 50 30 50
11 35 11 35
9 86 9 71 83 86
40 68 40 68
27 46 27 29 36 37 40 42 46
29 72 29 70 72
0 79 0 45 55 79
9 66 9 13 28 49 51 60 66
22 25 22 25
22 86 22 43 62 63 80 81 83 86
16 25 16 23 25
12 66 12 60 66
32 67 32 44 55 67
14 33 14 19 33
44 64 44 61 64
27 44 27 29 36 43 44
51 64 51 64
14 65 14 59 65
7 49 7 29 36 37 49
17 83 17 81 83
72 87 72 87
8 45 8 13 16 27 34 45
13 88 13 64 81 83 86 88
37 77 37 51 67 77
13 63 13 20 56 62 63
41 65 41 65
61 64 61 64
32 66 32 44 51 60 66
35 52 35 43 52
38 65 38 41 65
38 53 38 41 53
9 37 9 20 26 28 37
19 65 19 43 65
15 21 15 21
12 69 12 27 32 44 64 68 69
18 45 18 22 34 45
57 83 57 78 81 83
12 41 12 17 25 35 41
28 82 28 64 82
37 73 37 51 58 73
36 83 36 48 72 78 81 83
43 64 43 44 55 61 64
71 86 71 83 86
19 49 19 38 41 49
51 77 51 58 77
41 50 41 50
60 84 60 66 78 84
1 40 1 3 9 17 25 33 37 40
27 34 27 34
40 62 40 42 62
28 60 28 35 39 60
20 79 20 32 48 79
78 81 78 81
48 54 48 54
39 81 39 57 80 81
17 33 17 25 33
0 87 0 27 52 77 87
24 77 24 34 46 77
60 81 60 66 78 80 81
50 59 50 59
32 76 32 51 58 68 69 76
2 23 2 9 13 16 23
35 77 35 59 77
23 79 23 79
8 72 8 62 72
45 66 45 50 51 60 66
17 68 17 52 64 68
64 80 64 80
36 50 36 50
33 67 33 37 40 51 58 67
7 70 7 41 70
18 20 18 20
15 31 15 22 31
10 60 10 30 44 51 60
8 17 8 9 17
58 89 58 67 77 89
19 55 19 21 26 28 35 43 44 55
22 66 22 59 66
11 61 11 35 43 44 51 58 61
30 55 30 34 44 55
53 86 53 80 81 83 86
20 88 20 66 83 86 88
17 52 17 32 48 52
13 82 13 49 51 59 64 82
27 81 27 53 80 81
6 63 6 16 44 55 63
16 59 16 38 42 51 59
0 59 0 45 50 51 59
19 78 19 21 59 66 78
5 67 5 37 51 67
5 20 5 6 18 20
52 89 52 78 80 83 89
35 76 35 59 69 76
56 72 56 62 72
24 78 24 30 54 59 66 78
48 61 48 61
32 67 32 47 67
28 42 28 37 40 42
33 86 33 37 59 86
50 69 50 59 64 68 69
53 83 53 80 83
43 76 43 64 68 69 76
16 61 16 38 41 49 51 58 61
22 56 22 31 56
13 29 13 24 27 29
20 88 20 32 48 75 82 85 88
54 65 54 59 65
22 66 22 34 59 66
38 60 38 41 50 60
41 49 41 49
7 82 7 64 68 74 82
23 63 23 32 44 55 63
9 85 9 82 85
75 80 75 80
60 87 60 66 77 87
51 66 51 60 66
34 80 34 67 72 78 80
71 86 71 83 86
37 48 37 48
17 89 17 20 32 48 61 64 71 83 89
34 79 34 45 55 79
43 47 43 47
24 83 24 54 81 83
21 40 21 26 40
6 67 6 17 32 48 52 67
10 73 10 44 73
38 81 38 41 63 80 81
37 76 37 76
31 68 31 43 47 61 64 68
34 53 34 38 41 53
0 57 0 10 30 34 45 57
0 31 0 13 14 31
24 47 24 32 47
12 47 12 47
24 50 24 29 36 50
31 86 31 43 47 80 83 86
2 81 2 63 80 81
58 84 58 64 71 84
79 83 79 83
31 43 31 43
7 70 7 28 37 40 42 70
58 82 58 61 75 82
7 44 7 43 44
59 66 59 66
75 88 75 78 80 81 83 88
11 61 11 33 51 58 61
6 40 6 21 26 28 37 40
1 68 1 13 26 68
1 88 1 72 82 85 88
57 81 57 80 81
9 60 9 13 60
1 82 1 82
2 9 2 9
1 69 1 37 59 69
5 53 5 6 30 44 53
15 31 15 22 31
22 66 22 59 66
5 80 5 25 35 56 78 80
59 71 59 71
13 48 13 36 48
38 78 38 42 70 72 78
20 66 20 66
28 57 28 41 57
14 68 14 59 64 68
60 66 60 66
50 59 50 59
23 32 23 32
4 87 4 60 69 87
35 89 35 63 80 83 89
8 9 8 9
41 86 41 70 72 78 81 83 86
28 37 28 37
12 86 12 29 81 83 86
2 88 2 72 78 80 81 83 88
45 78 45 52 78
51 77 51 67 77
1 78 1 72 78
27 54 27 29 48 54
33 80 33 72 78 80
36 76 36 43 64 69 76
41 61 41 49 51 58 61
18 69 18 22 34 47 61 64 68 69
33 58 33 37 51 58
36 51 36 50 51
33 46 33 46
43 85 43 70 71 82 85
8 76 8 13 48 61 64 68 69 76
4 54 4 13 29 48 54
7 79 7 29 48 79
39 81 39 57 80 81
40 84 40 51 67 72 78 84
4 70 4 8 9 24 34 38 42 70
10 60 10 60
24 89 24 89
30 47 30 34 47
11 34 11 20 30 34
0 29 0 10 17 29
2 20 2 9 17 20
12 57 12 32 44 55 57
26 73 26 67 73
57 80 57 63 80
29 37 29 36 37
12 61 12 29 48 61
37 51 37 49 51
1 36 1 3 9 17 29 36
19 47 19 21 26 28 35 43 47
30 68 30 44 51 64 68
36 49 36 37 49
3 89 3 64 71 84 89
18 77 18 22 25 35 41 53 77
29 66 29 36 59 66
3 27 3 27
38 41 38 41
34 69 34 59 64 68 69
21 43 21 26 28 35 43
37 49 37 49
40 71 40 64 71
15 60 15 26 42 51 60
42 67 42 51 67
12 27 12 24 27
17 29 17 29
39 72 39 57 72
0 82 0 13 28 35 56 62 72 82
58 78 58 61 75 78
29 79 29 37 48 79
7 73 7 49 51 67 73
23 47 23 25 35 43 47
13 84 13 20 40 72 78 84
32 47 32 47
52 86 52 78 80 81 83 86
54 78 54 75 78
53 72 53 72
26 86 26 55 67 72 78 80 83 86
13 38 13 20 26 38
11 48 11 33 37 48
44 80 44 64 80
15 30 15 30
7 73 7 15 58 73
48 73 48 54 67 73
29 37 29 36 37
41 74 41 49 51 59 64 68 74
3 72 3 14 42 57 72
57 86 57 86
5 56 5 25 35 56
20 59 20 59
30 76 30 48 54 59 69 76
58 74 58 64 68 74
7 87 7 33 37 49 51 64 69 87
42 51 42 51
25 88 25 61 75 80 83 86 88
25 59 25 38 42 51 59
36 61 36 37 51 58 61
51 85 51 67 82 85
9 30 9 16 24 30
34 62 34 38 42 62
20 40 20 26 40
15 65 15 30 50 59 65
37 66 37 40 60 66
81 83 81 83
11 89 11 35 63 80 81 83 89
49 81 49 51 58 64 80 81
19 78 19 20 40 60 66 78
17 20 17 20
54 73 54 67 73
58 87 58 68 69 87
15 46 15 26 40 42 46
15 54 15 21 26 28 37 48 54
8 46 8 34 46
16 45 16 27 34 45
27 70 27 29 36 43 70
29 64 29 43 47 61 64
19 50 19 20 30 41 50
54 72 54 67 72
6 82 6 44 51 67 82
32 83 32 51 64 80 81 83
50 60 50 60
0 17 0 17
23 35 23 25 35
1 84 1 3 38 60 66 71 84
31 71 31 56 64 71
41 66 41 50 60 66
3 37 3 21 26 28 37
31 43 31 43
18 39 18 20 26 28 35 39
32 75 32 58 61 75
33 58 33 39 58
10 57 10 30 34 38 42 57
23 57 23 57
38 85 38 85
16 43 16 31 43
57 63 57 63
42 89 42 51 64 80 81 83 89
7 21 7 15 21
40 84 40 51 59 66 71 84
35 61 35 43 47 61
67 80 67 72 78 80
49 61 49 51 58 61
31 83 31 43 47 61 64 81 83
60 88 60 69 88
13 53 13 14 31 43 44 53
36 69 36 37 48 54 59 64 68 69
0 79 0 24 34 38 41 79
6 60 6 15 22 34 45 50 51 60
6 55 6 17 25 35 43 44 55
21 39 21 26 28 35 39
29 72 29 37 52 67 72
25 88 25 63 88
17 81 17 52 78 81
54 65 54 59 65
24 64 24 54 59 64
30 60 30 34 38 42 51 60
12 39 12 24 30 39
6 85 6 24 32 51 60 66 78 85
30 54 30 54
37 87 37 87
0 47 0 20 26 28 35 43 47
27 34 27 34
52 67 52 67
20 30 20 30
44 61 44 55 58 61
24 67 24 43 47 67
49 77 49 51 59 66 77
4 13 4 13
19 54 19 20 32 48 54
81 88 81 83 88
27 29 27 29
43 67 43 44 55 67
36 63 36 43 44 55 57 63
60 78 60 66 78
54 69 54 59 64 69
50 71 50 60 66 71
78 83 78 80 83
20 39 20 26 28 35 39
4 71 4 13 29 36 43 70 71
45 50 45 50
16 31 16 31
16 64 16 48 54 59 64
30 61 30 44 55 61
37 84 37 51 60 66 71 84
17 20 17 20
14 59 14 28 37 59
44 84 44 51 59 66 78 84
34 47 34 47
6 46 6 16 24 30 34 46
7 57 7 40 42 57
11 37 11 21 26 28 37
10 50 10 24 34 38 41 50
19 41 19 21 26 28 41
13 73 13 24 32 44 73
34 88 34 47 83 88
29 40 29 36 37 40
67 88 67 72 87 88
54 73 54 67 73
34 62 34 38 42 62
43 47 43 47
22 55 22 31 43 44 55
49 74 49 51 58 61 64 68 74
5 50 5 36 50
42 58 42 51 58
62 87 62 72 87
6 78 6 18 20 66 78
33 89 33 51 67 72 78 81 83 89
23 66 23 25 33 49 51 59 66
0 74 0 10 24 54 59 64 68 74
11 37 11 20 26 28 37
49 68 49 51 64 68
3 87 3 15 26 68 69 87
3 48 3 30 34 48
2 33 2 14 19 33
30 68 30 44 64 68
17 55 17 55
33 42 33 37 40 42
11 88 11 70 71 88
49 88 49 51 86 88
8 64 8 58 64
20 77 20 32 53 77
54 80 54 59 64 80
10 32 10 24 32
20 52 20 26 28 35 43 52
39 46 39 46
48 61 48 61
5 72 5 36 55 58 67 72
34 80 34 67 72 78 80
33 83 33 39 58 67 72 78 80 81 83
22 64 22 31 39 58 64
8 54 8 34 48 54
1 44 1 2 9 20 32 44
19 45 19 20 30 34 45
39 60 39 60
1 89 1 7 43 46 77 89
20 52 20 30 34 45 52
34 38 34 38
37 59 37 40 51 59
48 72 48 72
17 38 17 20 26 38
4 48 4 8 13 24 32 48
10 61 10 24 34 47 61
6 79 6 17 25 38 41 79
2 42 2 33 37 40 42
23 65 23 25 40 51 59 65
32 44 32 44
24 59 24 34 48 54 59
36 49 36 37 49
31 89 31 89
51 77 51 58 77
5 36 5 7 29 36
25 39 25 35 39
80 86 80 81 83 86
13 64 13 20 26 42 51 64
40 80 40 42 62 72 78 80
42 73 42 51 58 73
59 82 59 71 82
4 40 4 8 13 20 26 28 37 40
6 45 6 17 20 30 34 45
34 53 34 38 41 53
12 79 12 24 30 44 55 79
8 13 8 13
50 88 50 82 85 88
2 46 2 18 22 25 33 39 46
18 35 18 21 26 28 35
7 78 7 40 72 78
3 42 3 38 42
0 45 0 10 17 20 30 34 45
6 78 6 18 20 66 78
19 33 19 33
78 84 78 84
6 66 6 37 59 66
24 41 24 34 38 41
28 75 28 58 61 75
1 40 1 2 23 37 40
9 60 9 24 27 44 51 60
4 75 4 41 50 51 58 61 75
18 71 18 21 58 61 64 71
21 65 21 59 65
54 78 54 72 78
40 46 40 42 46
6 66 6 24 43 44 51 60 66
33 86 33 39 57 72 78 81 83 86
41 78 41 57 78
12 27 12 27
36 66 36 59 66
15 35 15 21 26 28 35
23 53 23 32 44 53
1 76 1 26 40 60 69 76
33 63 33 62 63
19 79 19 21 26 38 41 79
62 87 62 72 87
15 62 15 30 34 38 42 62
44 69 44 64 68 69
31 89 31 43 64 71 84 89
12 69 12 44 61 64 69
14 76 14 34 48 61 64 69 76
0 16 0 13 16
50 88 50 82 85 88
20 72 20 39 57 72
32 74 32 44 61 64 68 74
15 55 15 26 28 35 43 44 55
19 75 19 38 41 49 51 58 61 75
33 39 33 39
27 40 27 29 36 37 40
17 42 17 33 37 40 42
22 56 22 25 35 56
10 44 10 34 44
47 74 47 61 64 68 74
29 75 29 36 43 47 61 75
51 67 51 58 67
57 78 57 78
23 78 23 57 78
30 68 30 48 52 64 68
4 77 4 60 66 77
19 42 19 38 42
7 73 7 33 51 58 73
30 61 30 44 61
39 57 39 57
1 88 1 7 57 82 85 88
22 44 22 43 44
8 40 8 9 16 28 37 40
41 81 41 67 72 78 81
31 83 31 43 70 72 78 80 83
57 74 57 74
16 78 16 40 72 78
17 62 17 20 26 42 62
18 62 18 34 38 42 62
23 54 23 28 37 48 54
22 83 22 60 66 78 81 83
19 63 19 38 63
25 57 25 35 39 57
47 72 47 67 72
34 60 34 38 60
48 72 48 72
35 76 35 41 59 64 68 69 76
38 69 38 41 50 51 64 68 69
20 57 20 26 40 42 57
8 40 8 13 14 28 37 40
45 50 45 50
12 69 12 24 64 69
16 80 16 38 41 63 80
51 58 51 58
36 80 36 55 58 61 64 80
0 31 0 13 14 31
9 30 9 24 30
14 68 14 30 41 59 64 68
6 35 6 17 25 35
10 52 10 17 52
3 42 3 15 26 28 37 40 42
34 60 34 38 42 51 60
34 89 34 45 54 78 84 89
8 51 8 28 35 41 50 51
30 72 30 44 53 72
49 72 49 51 58 67 72
14 35 14 28 35
75 80 75 78 80
14 19 14 19
38 70 38 70
7 82 7 42 51 59 64 68 74 82
10 68 10 30 68
27 79 27 79
22 66 22 60 66
46 89 46 77 89
2 80 2 56 62 63 80
10 60 10 34 45 50 60
30 48 30 48
9 31 9 13 16 31
29 43 29 36 43
32 54 32 48 54
8 58 8 28 37 49 51 58
8 61 8 58 61
39 57 39 57
36 76 36 37 40 51 59 64 68 69 76
3 77 3 14 31 43 52 67 77
14 62 14 42 62
60 80 60 66 78 80
26 38 26 38
19 45 19 20 30 34 45
64 86 64 81 83 86
6 86 6 31 56 78 80 81 83 86
33 46 33 39 46
1 80 1 58 67 72 78 80
41 70 41 70
32 81 32 47 75 80 81
57 82 57 72 82
15 58 15 21 40 51 58
10 40 10 24 29 36 37 40
55 79 55 79
26 40 26 28 37 40
41 67 41 50 51 58 67
16 78 16 24 27 32 47 61 75 78
33 76 33 49 51 59 64 69 76
22 25 22 25
29 79 29 48 79
2 84 2 13 36 59 71 84
66 84 66 71 84
45 55 45 55
2 83 2 56 78 80 83
2 18 2 18
38 89 38 60 66 83 89
22 37 22 33 37
18 80 18 34 44 64 80
2 89 2 78 84 89
7 88 7 64 82 85 88
39 58 39 58
43 69 43 47 61 64 68 69
21 26 21 26
58 61 58 61
29 75 29 36 48 75
27 81 27 29 75 78 80 81
29 80 29 43 62 63 80
13 68 13 14 31 68
16 83 16 31 43 80 83
51 60 51 60
27 88 27 29 70 71 83 88
20 30 20 30
6 85 6 54 59 66 78 85
9 48 9 32 48
26 67 26 42 51 58 67
2 51 2 33 49 51
6 24 6 24
38 60 38 60
6 67 6 16 31 43 44 55 58 67
4 13 4 13
31 83 31 39 60 66 83
27 78 27 70 72 78
37 74 37 49 51 59 64 68 74
28 89 28 35 63 83 89
2 36 2 13 16 24 29 36
27 60 27 44 51 60
28 68 28 41 49 51 58 68
2 70 2 13 20 26 38 42 70
34 59 34 59
52 89 52 67 77 89
8 76 8 13 16 44 61 64 69 76
53 80 53 80
22 31 22 31
6 82 6 71 82
16 83 16 35 59 66 83
21 35 21 26 28 35
35 52 35 43 52
22 47 22 31 43 47
8 34 8 34
32 44 32 44
26 75 26 55 61 75
39 89 39 46 77 89
3 13 3 9 13
28 60 28 37 51 60
15 70 15 22 34 38 41 70
9 76 9 16 44 61 64 69 76
2 14 2 14
32 59 32 48 54 59
7 35 7 14 28 35
55 61 55 61
7 32 7 14 19 20 32
10 81 10 44 61 75 78 81
0 74 0 20 59 64 68 74
11 30 11 20 30
6 56 6 16 35 56
20 45 20 30 34 45
15 53 15 21 26 28 41 53
7 70 7 15 26 42 70
23 75 23 28 49 51 58 61 75
20 84 20 40 78 84
43 47 43 47
30 72 30 48 72
13 83 13 48 52 78 80 81 83
60 78 60 66 78
30 61 30 48 61
74 85 74 85
35 79 35 41 79
25 60 25 35 39 60
34 47 34 47
13 77 13 36 60 66 77
12 86 12 66 78 80 81 83 86
29 81 29 81
13 63 13 29 43 62 63
24 50 24 29 36 50
9 85 9 32 53 72 78 85
31 52 31 43 52
20 32 20 32
25 62 25 40 42 62
16 25 16 23 25
20 73 20 55 67 73
30 45 30 34 45
17 25 17 25
63 65 63 65
66 84 66 78 84
66 84 66 78 84
13 26 13 14 19 20 26
23 48 23 37 48
40 70 40 42 70
22 80 22 33 61 75 80
12 84 12 84
16 76 16 23 32 51 64 68 69 76
79 83 79 80 81 83
61 71 61 64 71
66 80 66 78 80
3 46 3 37 40 42 46
29 72 29 43 62 72
56 84 56 78 84
41 78 41 57 78
70 86 70 86
43 46 43 46
27 88 27 79 88
21 73 21 58 73
21 77 21 58 77
37 46 37 40 42 46
24 88 24 77 87 88
1 88 1 19 62 74 82 85 88
42 64 42 64
24 78 24 43 75 78
63 80 63 80
0 74 0 27 44 64 68 74
55 79 55 79
79 80 79 80
19 82 19 82
43 85 43 44 61 75 78 85
14 30 14 30
40 68 40 42 64 68
44 58 44 55 58
21 41 21 26 38 41
33 86 33 39 57 83 86
23 37 23 37
51 78 51 59 66 78
36 49 36 37 49
23 40 23 28 37 40
60 77 60 66 77
25 75 25 38 42 51 58 61 75
23 77 23 32 51 58 67 77
19 21 19 21
29 72 29 37 49 51 58 67 72
63 88 63 80 83 86 88
7 27 7 27
79 88 79 86 88
28 58 28 35 41 50 51 58
27 54 27 32 48 54
14 57 14 34 45 57
12 83 12 75 78 80 83
4 77 4 77
25 38 25 38
8 60 8 41 50 51 60
38 82 38 60 66 71 82
4 8 4 8
5 44 5 36 43 44
36 63 36 55 63
38 41 38 41
10 72 10 17 25 57 72
16 43 16 35 43
34 38 34 38
3 41 3 9 20 30 41
8 16 8 13 16
9 85 9 60 66 78 85
15 55 15 22 43 44 55
31 43 31 43
34 44 34 44
40 70 40 42 70
3 51 3 37 49 51
12 66 12 44 51 60 66
41 86 41 79 80 81 83 86
1 27 1 13 16 27
21 42 21 42
17 33 17 25 33
13 66 13 36 43 44 51 59 66
28 62 28 35 56 62
1 78 1 58 78
42 82 42 64 68 74 82
41 67 41 50 51 67
25 61 25 33 49 51 58 61
8 46 8 13 36 37 40 42 46
41 88 41 57 63 88
47 72 47 67 72
48 84 48 61 64 71 84
42 82 42 70 72 82
0 34 0 20 30 34
32 76 32 48 52 64 69 76
38 49 38 41 49
1 22 1 7 15 22
20 72 20 26 28 49 72
14 34 14 19 20 30 34
83 86 83 86
52 88 52 67 82 85 88
11 41 11 35 41
20 88 20 66 78 84 88
57 63 57 63
23 55 23 55
11 39 11 35 39
9 20 9 17 20
12 69 12 47 61 64 69
34 79 34 38 41 79
15 68 15 30 39 58 64 68
6 37 6 18 22 25 33 37
27 47 27 34 47
6 32 6 18 20 32
27 73 27 58 67 73
31 52 31 43 52
14 65 14 31 56 62 63 65
2 66 2 33 49 51 59 66
0 40 0 17 25 40
2 31 2 31
70 88 70 86 88
64 80 64 80
59 89 59 89
40 89 40 60 66 83 89
7 19 7 14 19
22 66 22 25 33 39 60 66
9 76 9 32 47 61 64 68 69 76
44 88 44 55 61 88
9 30 9 13 24 30
27 88 27 70 71 83 88
55 75 55 61 75
12 56 12 26 28 35 56
26 60 26 38 41 50 51 60
13 38 13 20 26 38
19 43 19 21 26 28 35 43
49 72 49 72
24 34 24 30 34
52 80 52 67 72 78 80
32 52 32 48 52
33 63 33 62 63
35 58 35 39 58
50 51 50 51
1 67 1 19 33 51 67
39 46 39 46
4 69 4 23 49 51 58 64 68 69
6 52 6 17 25 33 52
12 69 12 27 44 55 58 68 69
23 49 23 37 49
56 84 56 64 71 84
13 36 13 36
2 49 2 13 20 30 41 49
5 7 5 7
45 55 45 55
17 42 17 33 37 40 42
58 76 58 64 69 76
5 20 5 6 17 20
40 46 40 42 46
26 68 26 68
24 77 24 55 67 77
14 62 14 28 37 40 42 62
43 75 43 44 51 58 61 75
13 66 13 16 24 43 44 51 60 66
55 67 55 58 67
16 48 16 48
1 55 1 7 29 43 44 55
50 81 50 59 64 80 81
37 60 37 40 60
32 71 32 51 64 71
6 77 6 44 51 67 77
10 50 10 24 29 36 50
25 62 25 35 43 62
30 45 30 34 45
64 69 64 69
34 60 34 38 60
55 58 55 58
33 72 33 67 72
31 87 31 68 69 87
21 85 21 58 78 85
37 63 37 40 42 57 63
5 32 5 6 16 27 32
24 53 24 34 38 41 53
22 64 22 31 43 44 61 64
22 43 22 43
17 28 17 20 26 28
42 69 42 51 59 64 68 69
23 53 23 32 53
9 79 9 13 26 38 41 79
35 87 35 43 87
1 47 1 26 28 35 43 47
4 47 4 13 16 27 34 47
13 38 13 24 27 34 38
18 51 18 20 30 34 45 50 51
8 49 8 34 38 41 49
30 87 30 34 59 77 87
24 58 24 29 37 40 51 58
19 55 19 20 32 44 55
2 69 2 13 48 52 64 68 69
37 84 37 84
39 85 39 60 66 71 82 85
63 86 63 83 86
48 87 48 54 59 64 68 69 87
13 88 13 26 69 87 88
39 83 39 60 66 83
35 85 35 59 66 78 85
44 80 44 78 80
5 69 5 7 64 68 69
44 69 44 64 69
16 65 16 31 56 62 65
2 37 2 23 37
79 83 79 81 83
38 78 38 60 66 78
24 64 24 32 47 61 64
41 88 41 57 78 81 83 86 88
22 54 22 25 33 37 48 54
28 77 28 49 51 67 77
26 52 26 28 35 43 52
34 65 34 44 51 59 65
49 74 49 51 59 64 68 74
5 67 5 6 27 34 44 55 58 67
1 53 1 7 41 53
23 43 23 25 35 43
49 74 49 51 64 68 74
49 67 49 51 67
21 76 21 59 64 69 76
0 40 0 27 29 36 37 40
34 86 34 38 41 67 72 86
26 65 26 38 42 57 65
23 68 23 37 51 64 68
20 67 20 26 42 51 67
50 51 50 51
7 21 7 15 21
14 88 14 68 74 85 88
2 57 2 18 22 31 43 44 55 57
7 73 7 33 73
24 60 24 30 41 49 51 60
30 86 30 50 51 64 81 83 86
27 50 27 29 36 50
9 83 9 71 83
39 83 39 60 66 78 81 83
56 72 56 62 72
17 51 17 51
55 84 55 61 75 78 84
60 66 60 66
82 88 82 85 88
11 41 11 21 26 38 41
23 77 23 37 59 77
2 29 2 9 24 27 29
41 50 41 50
18 62 18 21 42 62
58 64 58 64
9 60 9 50 60
3 72 3 14 28 41 50 51 67 72
2 41 2 14 28 41
27 32 27 32
16 31 16 31
24 83 24 64 80 83
44 61 44 55 58 61
6 24 6 16 24
17 64 17 55 61 64
15 71 15 30 41 70 71
72 89 72 78 80 83 89
5 72 5 52 67 72
28 64 28 64
1 58 1 13 16 24 27 58
22 58 22 31 39 58
19 40 19 20 40
12 43 12 29 36 43
41 61 41 49 51 58 61
3 24 3 16 24
22 81 22 59 64 80 81
10 57 10 24 30 41 57
64 88 64 82 85 88
60 87 60 69 87
10 39 10 24 30 39
4 64 4 49 51 59 64
3 15 3 15
33 78 33 51 60 66 78
14 40 14 28 37 40
43 64 43 64
25 75 25 35 39 58 61 75
0 73 0 45 73
1 27 1 7 27
56 72 56 62 72
18 22 18 22
17 53 17 29 36 43 44 53
51 80 51 64 80
28 60 28 41 50 51 60
48 52 48 52
36 88 36 48 61 75 83 88
4 21 4 13 14 19 21
6 57 6 16 35 43 44 55 57
47 88 47 61 64 87 88
11 59 11 35 59
23 74 23 44 55 57 74
7 35 7 14 28 35
32 51 32 51
9 26 9 20 26
26 70 26 42 70
7 68 7 40 42 64 68
0 33 0 17 33
61 74 61 64 68 74
5 80 5 7 62 63 80
32 51 32 44 51
4 20 4 8 9 17 20
3 59 3 14 30 41 59
55 77 55 58 67 77
55 73 55 58 73
7 26 7 14 19 20 26
4 17 4 8 9 17
26 73 26 28 58 67 73
43 47 43 47
5 6 5 6
35 43 35 43
55 82 55 57 82
9 82 9 24 30 53 72 82
33 70 33 37 40 42 70
29 40 29 37 40
23 78 23 57 78
32 76 32 51 60 69 76
27 46 27 29 36 37 40 42 46
9 82 9 16 24 30 48 72 82
8 51 8 40 51
42 51 42 51
10 63 10 44 55 63
7 29 7 27 29
42 67 42 51 58 67
27 63 27 29 36 55 63
37 48 37 48
2 31 2 18 22 31
44 73 44 73
25 61 25 38 41 50 51 58 61
7 40 7 40
18 69 18 59 64 69
77 89 77 89
27 52 27 32 48 52
11 57 11 33 37 40 42 57
35 67 35 39 58 67
29 68 29 37 48 54 59 64 68
55 79 55 79
9 71 9 20 56 64 71
58 73 58 67 73
31 61 31 39 58 61
16 35 16 28 35
29 49 29 36 37 49
3 82 3 82
33 46 33 37 40 42 46
29 55 29 36 43 44 55
6 17 6 17
2 69 2 31 56 64 69
7 36 7 27 29 36
52 68 52 64 68
31 83 31 39 58 78 80 83
69 76 69 76
44 67 44 51 58 67
63 86 63 83 86
3 59 3 21 59
36 59 36 59
7 36 7 27 29 36
31 63 31 43 62 63
0 21 0 13 14 19 21
31 72 31 56 62 72
31 58 31 39 58
32 72 32 58 67 72
37 65 37 65
86 88 86 88
3 79 3 16 28 35 43 44 55 79
15 76 15 76
39 46 39 46
8 58 8 40 51 58
11 39 11 21 26 28 35 39
55 64 55 58 64
3 77 3 21 40 60 66 77
28 68 28 37 52 64 68
22 33 22 33
70 82 70 71 82
15 87 15 21 59 77 87
6 39 6 21 26 28 35 39
11 74 11 68 74
7 69 7 27 58 64 69
80 89 80 81 83 89
47 76 47 61 64 69 76
12 75 12 45 55 61 75
15 76 15 26 69 76
23 35 23 28 35
17 29 17 29
41 72 41 57 72
1 2 1 2
1 19 1 13 14 19
7 67 7 29 48 52 67
18 44 18 21 26 28 35 43 44
17 83 17 51 67 72 78 80 83
2 58 2 9 17 33 39 58
47 75 47 75
50 89 50 51 67 72 78 80 81 83 89
0 27 0 27
70 88 70 71 82 85 88
79 80 79 80
11 39 11 33 39
7 82 7 64 82
11 66 11 21 40 60 66
22 56 22 25 35 56
58 64 58 61 64
5 19 5 7 14 19
39 71 39 60 66 71
56 81 56 64 80 81
44 83 44 55 58 78 81 83
31 89 31 43 70 72 78 84 89
8 21 8 9 13 14 19 21
30 53 30 41 53
35 87 35 41 72 87
8 72 8 62 72
9 86 9 24 32 47 80 81 83 86
19 55 19 21 26 28 35 43 44 55
59 84 59 64 71 84
58 78 58 61 75 78
14 76 14 28 58 61 64 69 76
20 72 20 26 42 51 58 67 72
69 76 69 76
27 34 27 34
13 64 13 29 43 52 64
1 39 1 39
44 84 44 55 79 84
18 26 18 21 26
24 70 24 30 41 70
9 52 9 20 30 34 45 52
38 57 38 41 57
27 53 27 34 44 53
35 82 35 72 82
21 55 21 26 55
9 48 9 20 32 48
1 74 1 7 40 51 64 68 74
3 43 3 15 21 26 28 35 43
5 61 5 44 51 58 61
50 65 50 59 65
9 13 9 13
43 46 43 46
52 80 52 80
49 84 49 51 60 66 78 84
32 47 32 47
2 33 2 33
11 21 11 21
30 76 30 76
22 61 22 43 44 55 58 61
25 81 25 57 78 80 81
44 88 44 61 88
17 51 17 25 33 51
29 70 29 70
21 76 21 58 68 69 76
9 62 9 24 43 62
10 30 10 17 20 30
79 84 79 84
49 77 49 51 59 77
7 14 7 14
13 30 13 14 19 20 30
33 59 33 37 59
63 65 63 65
27 37 27 29 36 37
18 74 18 22 31 56 74
17 44 17 29 36 43 44
14 62 14 25 62
4 26 4 13 26
25 47 25 35 43 47
36 83 36 81 83
19 28 19 20 26 28
20 64 20 56 64
25 59 25 33 37 51 59
45 67 45 55 67
59 81 59 66 78 80 81
23 75 23 37 40 51 58 61 75
59 84 59 71 84
27 75 27 32 47 75
6 80 6 27 29 80
23 28 23 28
60 78 60 66 78
0 47 0 24 34 47
27 79 27 34 48 79
33 63 33 39 57 63
16 80 16 24 34 45 54 75 78 80
64 82 64 71 82
25 33 25 33
19 41 19 38 41
8 52 8 28 37 52
10 64 10 34 45 64
40 57 40 42 57
7 77 7 40 42 46 77
36 79 36 48 79
3 79 3 15 22 34 38 41 79
26 56 26 28 35 56
25 38 25 38
15 60 15 30 50 51 60
38 88 38 42 46 77 87 88
39 75 39 58 61 75
18 52 18 21 26 28 37 52
27 82 27 58 64 71 82
18 72 18 21 26 42 57 72
35 89 35 89
9 66 9 60 66
25 57 25 38 42 57
31 89 31 56 62 72 78 80 83 89
14 35 14 28 35
57 74 57 74
66 80 66 78 80
13 48 13 26 28 37 48
17 79 17 55 79
41 79 41 79
4 48 4 13 36 48
4 58 4 49 51 58
10 37 10 24 29 36 37
2 46 2 33 39 46
18 65 18 59 65
8 65 8 28 35 41 63 65
37 51 37 40 51
4 23 4 13 16 23
8 66 8 9 20 32 44 51 60 66
9 20 9 20
22 65 22 33 39 57 63 65
74 88 74 85 88
28 81 28 35 41 78 80 81
38 78 38 60 66 78
33 63 33 37 40 63
48 86 48 75 80 81 83 86
16 81 16 23 78 80 81
1 24 1 3 9 16 24
38 65 38 65
72 85 72 82 85
4 89 4 41 57 78 80 81 83 89
9 78 9 16 29 70 72 78
50 82 50 60 82
14 78 14 59 66 78
40 67 40 51 67
26 43 26 28 35 43
33 80 33 49 51 60 66 78 80
2 67 2 9 50 51 58 67
51 82 51 64 71 82
3 37 3 37
28 37 28 37
55 58 55 58
24 64 24 64
12 32 12 24 32
19 79 19 20 32 44 55 79
10 60 10 30 39 60
43 75 43 47 75
13 26 13 26
10 37 10 24 29 36 37
0 81 0 43 44 55 61 64 80 81
34 57 34 44 55 57
37 59 37 40 51 59
20 64 20 40 42 64
20 74 20 39 57 74
21 82 21 58 64 71 82
54 65 54 59 65
17 78 17 33 72 78
26 55 26 55
36 88 36 60 69 87 88
63 88 63 88
27 46 27 29 36 37 40 42 46
30 85 30 48 54 71 82 85
22 44 22 34 44
41 65 41 65
35 88 35 56 62 72 87 88
5 18 5 6 18
41 72 41 72
3 9 3 9
60 80 60 66 78 80
10 73 10 17 32 47 67 73
28 73 28 35 43 47 67 73
10 81 10 24 32 66 78 80 81
29 80 29 80
26 59 26 28 41 50 51 59
10 63 10 17 20 55 63
53 86 53 80 83 86
62 78 62 72 78
49 68 49 51 58 68
30 53 30 53
17 55 17 25 35 43 44 55
15 38 15 26 38
52 89 52 80 81 83 89
35 85 35 63 82 85
27 34 27 34
2 82 2 14 25 61 75 82
48 81 48 79 81
56 63 56 62 63
51 66 51 60 66
45 79 45 55 79
11 30 11 20 30
54 59 54 59
13 76 13 29 37 59 69 76
20 46 20 39 46
21 65 21 40 51 59 65
19 42 19 21 40 42
36 69 36 37 59 69
10 56 10 17 20 56
13 28 13 28
43 75 43 44 51 58 61 75
40 70 40 42 70
5 56 5 6 16 35 56
55 57 55 57
2 62 2 9 62
49 81 49 72 78 80 81
23 47 23 32 47
8 47 8 34 47
35 63 35 63
20 26 20 26
20 70 20 30 34 38 70
7 69 7 28 68 69
22 59 22 25 40 51 59
27 73 27 44 55 67 73
66 82 66 71 82
37 78 37 52 78
25 88 25 40 68 74 85 88
60 88 60 69 87 88
4 40 4 23 25 33 37 40
32 44 32 44
6 30 6 17 20 30
78 85 78 85
45 50 45 50
1 44 1 2 9 24 30 44
19 47 19 21 26 28 35 43 47
32 89 32 89
53 88 53 80 83 86 88
12 60 12 44 51 60
1 47 1 2 9 32 47
17 55 17 25 35 43 44 55
30 80 30 34 44 61 75 78 80
31 83 31 56 64 81 83
14 51 14 19 43 44 51
9 57 9 13 14 19 33 39 57
16 76 16 23 44 51 60 69 76
23 47 23 25 35 43 47
2 60 2 60
4 70 4 13 20 26 38 42 70
28 40 28 37 40
15 44 15 26 28 35 43 44
17 64 17 58 61 64
17 29 17 29
32 72 32 58 67 72
78 81 78 80 81
58 87 58 68 69 87
10 44 10 24 29 43 44
16 78 16 31 43 75 78
21 58 21 40 42 51 58
66 71 66 71
9 55 9 24 27 34 44 55
15 75 15 58 61 75
4 46 4 30 39 46
52 83 52 67 72 78 81 83
7 40 7 40
28 78 28 35 43 62 72 78
6 40 6 15 22 33 37 40
7 70 7 14 30 41 70
44 80 44 78 80
41 68 41 49 51 59 64 68
9 66 9 20 30 41 59 66
27 62 27 34 38 42 62
14 19 14 19
3 26 3 21 26
25 69 25 38 60 69
34 62 34 38 42 62
19 39 19 21 26 28 35 39
6 73 6 27 52 67 73
7 69 7 40 64 69
24 58 24 43 44 51 58
42 64 42 51 64
36 57 36 37 40 42 57
13 14 13 14
15 75 15 58 61 75
14 76 14 34 38 60 69 76
25 72 25 38 41 70 72
22 73 22 25 38 41 49 51 67 73
47 67 47 67
48 87 48 72 87
43 77 43 77
37 76 37 51 58 61 64 69 76
19 62 19 33 37 40 42 62
4 89 4 41 50 59 71 83 89
9 70 9 24 30 41 70
56 81 56 62 72 78 80 81
21 58 21 40 51 58
15 40 15 26 40
3 41 3 38 41
6 77 6 16 31 43 52 77
5 52 5 36 43 52
23 39 23 35 39
39 83 39 58 61 75 78 81 83
28 35 28 35
63 82 63 82
19 33 19 33
7 70 7 27 70
8 66 8 40 51 59 66
8 9 8 9
40 60 40 51 60
11 20 11 20
67 73 67 73
20 59 20 30 48 54 59
3 87 3 38 42 62 72 87
3 58 3 51 58
67 85 67 72 78 85
3 71 3 30 34 48 61 64 71
59 69 59 64 69
79 80 79 80
22 59 22 33 49 51 59
3 38 3 27 34 38
51 69 51 64 69
13 82 13 64 68 74 82
27 81 27 70 81
9 63 9 16 35 56 62 63
55 82 55 67 72 82
32 54 32 48 54
41 83 41 59 64 81 83
57 72 57 72
22 60 22 60
20 75 20 39 58 61 75
7 36 7 27 29 36
23 71 23 28 41 59 64 71
10 48 10 48
26 75 26 40 42 51 58 61 75
56 64 56 64
7 78 7 27 34 45 67 72 78
56 64 56 64
13 48 13 36 48
45 55 45 55
29 66 29 37 51 59 66
50 65 50 59 65
49 78 49 51 60 66 78
43 83 43 75 78 81 83
20 57 20 30 34 44 55 57
10 87 10 17 32 47 77 87
13 38 13 24 27 34 38
41 61 41 49 51 58 61
23 77 23 44 53 77
10 39 10 30 39
9 73 9 32 48 54 67 73
19 64 19 21 26 38 41 49 51 58 64
83 86 83 86
17 71 17 29 70 71
32 44 32 44
8 64 8 58 64
21 54 21 26 28 37 48 54
6 78 6 24 30 50 59 66 78
6 44 6 30 34 44
27 88 27 29 81 83 86 88
2 84 2 33 51 59 64 71 84
31 86 31 39 60 66 71 83 86
35 41 35 41
15 49 15 30 41 49
4 75 4 13 36 43 44 51 58 61 75
18 77 18 21 40 42 51 58 67 77
1 65 1 2 63 65
8 28 8 28
13 26 13 26
23 68 23 32 51 58 64 68
29 63 29 36 55 63
53 72 53 72
28 62 28 35 56 62
45 63 45 63
21 40 21 40
9 24 9 13 24
67 77 67 77
23 28 23 28
9 85 9 13 28 49 51 59 66 78 85
23 25 23 25
18 28 18 20 26 28
9 13 9 13
5 59 5 44 51 59
15 40 15 26 28 37 40
0 70 0 24 43 70
17 85 17 51 67 82 85
6 29 6 16 24 27 29
6 62 6 27 29 37 40 42 62
58 73 58 73
1 39 1 19 33 39
3 64 3 58 64
30 86 30 54 81 83 86
11 63 11 33 39 57 63
30 85 30 54 67 82 85
30 72 30 44 55 57 72
59 69 59 69
29 40 29 36 37 40
47 83 47 83
17 74 17 32 51 59 64 68 74
23 54 23 28 37 48 54
17 71 17 32 47 61 64 71
53 88 53 88
36 53 36 43 44 53
7 43 7 15 26 28 35 43
15 52 15 30 48 52
26 47 26 28 35 43 47
44 51 44 51
2 20 2 9 20
20 82 20 32 53 72 82
42 51 42 51
14 82 14 19 82
33 78 33 49 72 78
12 43 12 27 29 36 43
42 88 42 46 77 88
20 54 20 30 34 48 54
23 40 23 28 37 40
1 3 1 3
15 83 15 21 42 51 60 66 78 81 83
14 83 14 31 43 62 72 78 81 83
41 58 41 50 51 58
41 50 41 50
28 66 28 37 59 66
1 34 1 2 13 24 30 34
1 3 1 3
1 76 1 26 28 49 69 76
31 77 31 39 58 77
3 50 3 27 29 36 50
23 58 23 49 51 58
66 89 66 77 89
20 81 20 39 58 78 80 81
1 9 1 2 9
72 89 72 78 80 81 83 89
35 70 35 43 70
4 8 4 8
31 58 31 39 58
4 47 4 13 28 35 43 47
33 77 33 51 59 66 77
39 73 39 58 67 73
18 73 18 21 42 51 67 73
6 42 6 21 40 42
78 81 78 81
15 70 15 26 38 41 70
16 80 16 24 80
16 76 16 35 43 44 51 58 68 69 76
58 86 58 67 72 78 81 83 86
58 73 58 67 73
43 62 43 62
17 43 17 25 35 43
11 28 11 21 26 28
9 26 9 17 20 26
42 82 42 70 71 82
13 14 13 14
66 82 66 71 82
33 58 33 49 51 58
18 76 18 76
10 48 10 17 20 32 48
3 69 3 37 49 69
19 21 19 21
14 43 14 31 43
62 65 62 63 65
33 83 33 67 72 78 81 83
22 57 22 33 37 40 42 57
66 89 66 78 84 89
6 57 6 24 32 44 55 57
36 71 36 60 66 71
2 33 2 9 13 14 25 33
50 76 50 59 69 76
0 61 0 17 58 61
13 76 13 26 38 60 69 76
38 82 38 70 72 82
17 44 17 32 44
23 89 23 28 78 80 83 89
48 72 48 72
51 87 51 58 67 77 87
49 84 49 72 78 84
12 20 12 17 20
33 72 33 72
34 79 34 48 79
17 66 17 32 48 54 59 66
19 63 19 33 37 40 63
27 53 27 34 44 53
14 67 14 19 43 44 55 58 67
37 76 37 40 60 69 76
12 43 12 29 36 43
5 49 5 25 33 49
26 53 26 28 35 43 44 53
7 41 7 28 41
13 88 13 16 29 70 81 83 88
67 77 67 77
45 50 45 50
30 47 30 34 47
23 53 23 44 53
30 82 30 41 57 63 82
61 89 61 64 71 84 89
6 30 6 24 30
9 88 9 24 64 82 85 88
7 15 7 15
27 60 27 44 51 60
23 66 23 25 35 39 60 66
7 28 7 15 26 28
8 49 8 41 49
56 63 56 62 63
8 50 8 9 20 26 28 41 50
66 71 66 71
29 74 29 48 52 64 68 74
13 68 13 16 48 54 59 64 68
6 52 6 31 43 52
49 75 49 51 58 61 75
47 61 47 61
72 81 72 78 81
15 71 15 21 42 64 71
41 49 41 49
39 76 39 69 76
4 27 4 8 13 24 27
54 82 54 71 82
26 56 26 28 35 56
4 86 4 56 64 81 83 86
22 25 22 25
18 73 18 20 55 58 73
13 74 13 48 54 59 64 68 74
50 78 50 51 59 66 78
2 29 2 13 29
4 76 4 41 59 69 76
8 30 8 13 24 30
77 87 77 87
47 67 47 67
47 61 47 61
50 65 50 59 65
35 68 35 56 64 68
17 53 17 20 32 53
31 43 31 43
36 53 36 43 44 53
20 54 20 32 48 54
20 30 20 30
58 61 58 61
19 33 19 33
23 77 23 77
79 80 79 80
80 86 80 81 83 86
82 88 82 85 88
43 75 43 44 61 75
16 76 16 35 39 58 64 68 69 76
26 85 26 67 72 82 85
14 77 14 31 39 60 66 77
8 44 8 34 44
16 61 16 40 51 58 61
63 65 63 65
7 15 7 15
66 89 66 83 89
1 43 1 26 28 35 43
2 57 2 57
75 83 75 83
30 88 30 54 67 82 85 88
24 39 24 30 39
59 74 59 64 68 74
4 86 4 30 48 54 67 72 86
66 84 66 71 84
44 89 44 55 58 78 80 83 89
10 26 10 17 20 26
35 56 35 56
83 89 83 89
4 70 4 30 41 70
44 64 44 64
18 62 18 21 42 62
62 78 62 72 78
13 44 13 24 30 44
17 28 17 20 26 28
15 38 15 22 34 38
5 47 5 36 43 47
34 59 34 48 54 59
35 85 35 41 78 85
54 72 54 72
40 57 40 42 57
1 48 1 19 20 32 48
28 37 28 37
34 60 34 38 42 51 60
58 75 58 61 75
71 84 71 84
0 74 0 10 52 64 68 74
7 89 7 49 51 67 72 78 84 89
29 81 29 43 70 72 78 80 81
13 72 13 26 42 51 58 67 72
35 78 35 72 78
57 83 57 83
17 89 17 25 33 39 46 77 89
19 43 19 20 26 28 35 43
3 20 3 14 19 20
10 86 10 24 32 48 79 83 86
34 45 34 45
39 81 39 57 80 81
3 46 3 16 38 42 46
75 83 75 80 81 83
2 46 2 23 37 40 42 46
33 40 33 37 40
17 69 17 52 64 68 69
1 14 1 13 14
18 48 18 20 26 28 37 48
20 79 20 32 44 55 79
4 26 4 8 9 13 20 26
30 84 30 54 72 78 84
45 66 45 50 60 66
25 87 25 69 87
60 89 60 66 78 84 89
24 70 24 30 34 38 42 70
3 79 3 30 34 38 41 79
2 49 2 18 21 26 28 49
12 32 12 27 32
55 57 55 57
18 38 18 34 38
6 57 6 21 26 40 42 57
22 68 22 34 48 61 64 68
40 63 40 63
10 70 10 17 25 33 37 40 42 70
3 71 3 51 60 66 71
3 50 3 16 38 41 50
13 50 13 36 50
43 87 43 87
20 41 20 30 41
83 86 83 86
52 83 52 67 72 78 81 83
4 87 4 77 87
7 69 7 29 37 48 61 64 69
24 73 24 55 58 73
16 68 16 68
30 55 30 34 45 55
79 88 79 80 81 83 88
32 69 32 47 61 64 69
17 85 17 51 58 64 68 74 82 85
18 83 18 72 78 80 81 83
2 26 2 9 13 20 26
1 2 1 2
22 73 22 34 38 42 51 58 73
14 59 14 19 20 26 42 51 59
35 56 35 56
4 17 4 8 9 17
40 67 40 51 58 67
67 82 67 72 82
6 57 6 37 40 42 57
10 85 10 60 66 78 85
15 79 15 26 38 41 79
13 14 13 14
0 75 0 27 58 61 75
4 16 4 13 16
8 46 8 13 26 42 46
31 63 31 56 62 63
35 87 35 72 87
25 89 25 81 83 89
8 32 8 9 32
24 64 24 55 61 64
18 59 18 59
15 54 15 26 28 37 48 54
19 43 19 20 26 28 35 43
70 88 70 86 88
41 88 41 79 88
80 89 80 81 83 89
1 53 1 2 18 34 44 53
33 67 33 52 67
52 69 52 64 69
43 79 43 44 55 79
36 55 36 43 44 55
42 51 42 51
55 89 55 57 83 89
23 67 23 28 49 51 67
23 46 23 37 40 42 46
11 69 11 33 37 48 61 64 69
22 73 22 33 51 67 73
12 26 12 26
49 84 49 72 78 84
54 78 54 59 66 78
22 77 22 60 66 77
30 44 30 34 44
18 34 18 22 34
10 47 10 17 25 35 43 47
33 46 33 37 40 42 46
5 53 5 6 27 44 53
11 64 11 64
12 39 12 26 28 35 39
35 41 35 41
40 68 40 68
19 28 19 21 26 28
31 44 31 43 44
31 56 31 56
8 58 8 58
55 75 55 61 75
3 43 3 14 28 35 43
5 36 5 36
5 50 5 25 38 41 50
43 89 43 62 72 78 84 89
37 84 37 52 67 72 78 84
5 41 5 25 38 41
3 13 3 9 13
48 72 48 54 67 72
18 35 18 21 26 28 35
14 52 14 31 43 52
53 88 53 80 81 83 86 88
21 89 21 42 62 63 83 89
32 66 32 48 54 59 66
13 28 13 14 28
13 66 13 26 38 41 50 59 66
68 88 68 74 82 85 88
0 50 0 10 30 50
34 80 34 79 80
16 50 16 23 35 41 50
80 83 80 81 83
35 76 35 43 44 64 69 76
17 30 17 20 30
9 60 9 16 31 43 44 51 60
21 42 21 40 42
70 72 70 72
5 20 5 6 18 20
28 50 28 41 50
24 67 24 50 51 67
9 73 9 20 73
29 70 29 37 40 42 70
18 65 18 34 45 57 65
59 83 59 71 83
33 72 33 49 72
30 41 30 41
30 60 30 39 60
16 73 16 23 28 37 49 51 67 73
67 82 67 82
0 16 0 13 16
1 78 1 72 78
8 21 8 9 13 14 19 21
44 58 44 51 58
66 88 66 78 84 88
62 65 62 65
44 78 44 61 75 78
34 57 34 44 55 57
54 68 54 59 64 68
17 43 17 29 36 43
17 83 17 70 72 78 81 83
15 79 15 22 31 43 44 79
54 75 54 75
1 69 1 39 58 68 69
60 77 60 66 77
5 89 5 75 80 83 89
77 88 77 87 88
2 75 2 31 43 75
19 56 19 21 26 28 35 56
10 30 10 17 20 30
30 60 30 41 49 51 60
35 85 35 41 70 71 82 85
17 79 17 25 38 41 79
54 71 54 71
11 35 11 35
7 41 7 41
64 69 64 69
57 80 57 63 80
2 83 2 18 21 40 60 66 71 83
23 87 23 55 61 64 68 69 87
6 34 6 16 27 34
40 80 40 64 80
31 58 31 39 58
13 89 13 60 66 71 83 89
37 87 37 59 64 68 69 87
28 81 28 58 78 81
16 25 16 23 25
26 47 26 28 35 43 47
18 35 18 21 26 28 35
26 70 26 40 42 70
52 83 52 64 81 83
58 80 58 78 80
49 78 49 51 67 72 78
50 61 50 51 58 61
26 72 26 28 41 72
78 80 78 80
12 83 12 47 75 83
19 52 19 33 52
12 20 12 17 20
20 26 20 26
10 81 10 48 75 80 81
13 14 13 14
6 30 6 16 24 30
2 53 2 9 16 38 41 53
1 3 1 3
25 66 25 33 39 60 66
4 43 4 13 24 29 43
12 27 12 24 27
9 79 9 32 48 79
16 76 16 48 52 64 68 69 76
78 80 78 80
12 33 12 17 25 33
36 59 36 43 44 51 59
9 63 9 62 63
14 35 14 28 35
23 57 23 44 55 57
56 63 56 62 63
2 42 2 18 34 38 42
21 80 21 42 64 80
72 87 72 87
7 40 7 15 26 40
24 34 24 27 34
70 82 70 82
15 62 15 22 62
24 80 24 27 34 59 66 78 80
49 74 49 51 64 68 74
38 82 38 60 66 71 82
33 86 33 51 80 81 83 86
49 72 49 51 58 67 72
3 37 3 37
37 51 37 49 51
9 63 9 13 28 35 41 63
6 41 6 17 25 35 41
12 47 12 29 43 47
10 69 10 30 48 52 64 69
25 33 25 33
3 25 3 14 25
14 30 14 19 20 30
8 32 8 9 32
45 54 45 54
15 71 15 21 26 42 51 59 64 71
45 75 45 55 61 75
3 25 3 15 22 25
6 79 6 16 44 79
50 65 50 51 59 65
1 89 1 13 16 44 84 89
81 88 81 83 86 88
39 85 39 58 67 72 78 85
70 88 70 81 83 86 88
2 25 2 18 22 25
50 76 50 59 64 68 69 76
0 72 0 45 67 72
6 43 6 17 20 26 28 35 43
5 54 5 37 48 54
61 75 61 75
25 37 25 33 37
16 89 16 38 60 66 77 89
33 73 33 73
3 24 3 16 24
34 46 34 38 42 46
5 76 5 37 40 68 69 76
24 81 24 54 59 66 78 81
36 79 36 48 79
43 79 43 44 79
61 75 61 75
27 86 27 44 64 80 83 86
4 60 4 49 51 60
4 20 4 13 14 19 20
23 71 23 25 38 42 64 71
6 67 6 21 40 42 51 58 67
13 56 13 16 28 35 56
30 76 30 76
59 66 59 66
18 54 18 34 48 54
10 48 10 34 48
8 61 8 9 24 32 58 61
6 43 6 27 29 43
30 47 30 34 47
36 50 36 50
37 76 37 59 69 76
23 48 23 37 48
35 58 35 39 58
27 44 27 32 44
20 65 20 40 63 65
36 84 36 43 44 64 71 84
0 30 0 20 30
14 51 14 30 50 51
55 89 55 79 81 83 89
30 72 30 50 51 58 67 72
3 65 3 51 59 65
9 37 9 13 24 27 29 37
48 71 48 54 59 64 71
22 81 22 25 62 63 80 81
26 88 26 42 51 88
75 78 75 78
26 42 26 28 37 40 42
17 70 17 25 38 42 70
66 89 66 78 84 89
4 8 4 8
32 66 32 48 54 59 66
22 35 22 25 35
21 71 21 26 28 64 71
33 66 33 51 60 66
55 84 55 79 84
7 85 7 56 78 85
43 62 43 62
28 70 28 35 43 70
48 61 48 61
28 86 28 49 51 60 66 78 80 81 83 86
11 56 11 21 26 28 35 56
4 16 4 13 16
33 66 33 49 51 59 66
16 40 16 23 25 33 37 40
14 25 14 25
44 89 44 51 67 77 89
47 83 47 61 64 81 83
16 44 16 24 29 43 44
54 77 54 67 77
41 68 41 49 51 58 68
13 81 13 20 59 66 78 80 81
25 81 25 79 81
18 58 18 20 26 38 41 49 51 58
3 77 3 37 48 54 59 66 77
3 33 3 15 22 25 33
20 54 20 30 54
48 84 48 72 78 84
26 65 26 55 57 63 65
11 62 11 21 42 62
37 73 37 49 51 67 73
26 79 26 28 37 48 79
0 46 0 27 29 36 37 40 42 46
4 85 4 13 26 38 42 62 63 82 85
17 20 17 20
15 85 15 30 44 51 59 66 71 82 85
55 61 55 58 61
7 40 7 14 28 37 40
57 81 57 72 78 80 81
24 69 24 50 60 69
52 80 52 78 80
11 57 11 35 41 57
33 61 33 39 58 61
2 60 2 31 39 60
7 45 7 27 34 45
4 76 4 41 50 51 59 69 76
14 21 14 19 21
51 85 51 64 71 82 85
4 64 4 49 51 58 64
20 32 20 32
20 46 20 40 42 46
18 86 18 34 79 80 81 83 86
10 26 10 17 20 26
47 76 47 61 64 69 76
7 26 7 15 26
12 48 12 29 37 48
22 55 22 31 43 44 55
34 77 34 45 55 67 77
5 18 5 6 18
23 35 23 35
36 63 36 37 40 42 62 63
3 42 3 38 42
2 62 2 13 36 37 40 42 62
41 78 41 67 72 78
58 84 58 78 84
6 24 6 16 24
36 80 36 48 54 59 64 80
45 64 45 54 59 64
61 76 61 64 69 76
8 71 8 9 13 36 43 47 61 64 71
2 23 2 23
43 77 43 77
42 73 42 51 67 73
43 62 43 62
35 82 35 72 82
9 55 9 24 29 43 44 55
20 79 20 30 34 79
79 89 79 83 89
25 61 25 61
27 58 27 32 58
21 55 21 26 28 35 43 44 55
25 37 25 33 37
21 42 21 42
42 87 42 64 87
8 47 8 13 24 32 47
41 53 41 53
31 72 31 39 57 72
64 71 64 71
37 61 37 51 58 61
55 75 55 58 61 75
20 44 20 26 28 35 43 44
43 80 43 52 67 72 78 80
32 53 32 44 53
34 86 34 38 70 72 86
10 53 10 24 43 44 53
55 84 55 67 72 78 84
36 59 36 43 44 51 59
44 75 44 55 58 61 75
22 77 22 60 66 77
36 53 36 43 44 53
5 56 5 7 56
53 83 53 80 83
9 85 9 71 82 85
9 62 9 62
24 37 24 29 37
24 54 24 30 48 54
13 89 13 60 66 83 89
9 29 9 13 24 27 29
18 79 18 22 25 35 41 79
31 88 31 56 82 85 88
8 61 8 34 47 61
14 40 14 28 37 40
68 69 68 69
3 37 3 21 26 28 37
4 17 4 8 9 17
40 71 40 64 71
25 57 25 35 43 44 55 57
84 89 84 89
10 86 10 52 80 81 83 86
15 71 15 30 34 38 70 71
8 62 8 62
36 61 36 48 61
58 87 58 61 64 69 87
13 20 13 20
11 66 11 59 66
70 84 70 72 78 84
16 83 16 24 71 83
8 34 8 9 13 20 30 34
10 28 10 17 20 26 28
56 82 56 74 82
26 39 26 28 35 39
53 83 53 80 83
0 37 0 27 29 36 37
41 51 41 50 51
35 80 35 41 59 66 78 80
53 77 53 77
56 64 56 64
11 65 11 33 62 65
32 72 32 48 52 67 72
11 62 11 20 26 42 62
2 63 2 13 29 43 44 55 57 63
24 44 24 43 44
29 76 29 48 52 64 68 69 76
12 56 12 26 28 35 56
8 54 8 13 20 26 28 37 48 54
2 23 2 23
19 49 19 38 41 49
0 29 0 27 29
30 88 30 48 72 78 80 83 86 88
33 78 33 49 72 78
26 47 26 28 35 43 47
3 45 3 14 34 45
44 78 44 61 75 78
12 64 12 45 52 64
11 87 11 68 69 87
6 87 6 37 72 87
2 33 2 23 25 33
6 21 6 15 21
12 84 12 27 72 78 84
27 81 27 29 81
6 63 6 17 25 63
11 39 11 20 26 28 35 39
3 13 3 9 13
41 67 41 67
48 52 48 52
5 53 5 6 17 32 53
4 34 4 30 34
10 56 10 17 25 35 56
3 71 3 37 48 54 71
29 36 29 36
30 79 30 41 79
20 56 20 56
6 20 6 18 20
4 9 4 8 9
54 65 54 59 65
23 74 23 37 49 51 59 64 68 74
17 62 17 25 35 56 62
18 58 18 20 39 58
22 80 22 43 64 80
66 77 66 77
60 69 60 69
4 69 4 49 51 60 69
18 20 18 20
8 28 8 9 16 28
35 80 35 43 64 80
23 37 23 25 33 37
0 40 0 20 26 28 37 40
10 89 10 44 55 58 61 64 81 83 89
12 72 12 57 72
3 79 3 37 48 79
22 60 22 31 43 44 51 60
74 82 74 82
12 88 12 84 88
72 81 72 78 81
12 86 12 37 59 64 81 83 86
1 27 1 13 16 24 27
27 54 27 34 48 54
63 83 63 83
21 77 21 26 28 35 39 58 67 77
2 66 2 14 19 21 40 42 51 59 66
32 85 32 44 64 71 82 85
34 46 34 38 42 46
15 87 15 58 61 64 68 69 87
21 73 21 42 51 67 73
41 53 41 53
26 47 26 28 35 43 47
24 47 24 43 47
22 64 22 31 56 64
37 51 37 51
11 20 11 20
0 45 0 13 14 30 34 45
32 81 32 51 80 81
23 75 23 55 58 61 75
3 21 3 14 19 21
5 54 5 7 28 37 48 54
55 57 55 57
33 76 33 61 64 68 69 76
23 32 23 32
26 80 26 55 63 80
43 62 43 62
20 86 20 26 38 60 66 71 83 86
12 73 12 26 38 42 51 67 73
8 76 8 13 26 42 64 69 76
50 71 50 51 58 61 64 71
15 68 15 58 64 68
18 38 18 21 26 38
10 69 10 30 54 59 69
28 86 28 78 81 83 86
20 86 20 26 28 49 51 60 66 71 83 86
70 84 70 72 78 84
16 76 16 48 52 64 69 76
5 49 5 7 49
22 87 22 31 39 58 87
26 47 26 28 35 43 47
9 71 9 13 20 66 71
3 26 3 15 21 26
49 51 49 51
2 81 2 9 32 51 64 81
8 17 8 9 17
60 69 60 69
15 38 15 21 26 38
64 86 64 71 83 86
38 42 38 42
8 16 8 13 16
4 58 4 13 49 51 58
1 19 1 3 14 19
41 65 41 63 65
9 49 9 17 20 30 41 49
28 54 28 37 48 54
0 57 0 24 34 45 55 57
61 80 61 64 80
5 75 5 36 37 40 42 51 58 61 75
12 70 12 27 34 38 70
8 54 8 13 14 30 54
29 69 29 48 54 59 64 68 69
20 30 20 30
1 19 1 7 14 19
5 53 5 7 14 34 44 53
48 81 48 75 78 81
8 13 8 9 13
26 59 26 38 41 50 51 59
25 80 25 57 72 78 80
18 43 18 20 26 28 35 43
36 68 36 50 59 64 68
16 44 16 23 32 44
5 61 5 7 15 26 42 51 58 61
21 79 21 26 55 79
45 63 45 55 63
20 74 20 40 64 68 74
38 85 38 85
8 46 8 13 26 28 35 39 46
66 78 66 78
39 72 39 58 67 72
11 61 11 58 61
35 66 35 43 44 51 59 66
36 60 36 37 49 51 60
41 57 41 57
1 50 1 13 36 50
13 53 13 16 28 35 43 44 53
19 62 19 38 42 62
43 47 43 47
51 58 51 58
2 19 2 14 19
5 62 5 37 40 42 62
27 44 27 32 44
28 89 28 78 81 83 89
28 70 28 35 41 70
17 65 17 51 59 65
57 78 57 72 78
6 76 6 21 59 64 68 69 76
4 77 4 49 51 59 77
20 88 20 30 44 79 88
10 40 10 24 29 36 37 40
11 87 11 59 66 77 87
45 65 45 50 51 59 65
6 18 6 18
9 29 9 13 16 29
24 54 24 29 37 48 54
5 7 5 7
41 86 41 67 72 86
18 76 18 76
16 43 16 35 43
12 39 12 17 20 39
9 32 9 13 20 32
33 77 33 37 40 42 46 77
8 13 8 9 13
6 81 6 27 72 78 81
79 88 79 88
57 80 57 72 78 80
56 64 56 64
66 83 66 71 83
42 64 42 51 58 61 64
0 80 0 59 66 78 80
24 60 24 30 50 60
23 71 23 28 49 51 59 71
10 71 10 24 30 50 60 66 71
27 44 27 32 44
28 81 28 37 59 66 78 81
23 66 23 25 35 43 44 51 60 66
28 70 28 35 43 70
0 20 0 17 20
25 62 25 33 37 40 42 62
27 36 27 29 36
28 85 28 64 68 74 85
21 77 21 59 77
24 52 24 30 48 52
38 63 38 63
67 73 67 73
8 45 8 13 14 34 45
16 31 16 31
44 68 44 64 68
9 31 9 16 31
71 88 71 83 88
5 89 5 6 30 53 80 81 83 89
36 59 36 37 49 51 59
51 66 51 60 66
35 80 35 39 57 78 80
43 79 43 44 55 79
36 79 36 43 44 79
4 70 4 70
60 88 60 66 78 85 88
28 64 28 49 51 59 64
47 72 47 67 72
7 43 7 29 43
4 28 4 8 13 28
58 89 58 77 89
55 80 55 63 80
63 89 63 83 89
3 64 3 51 59 64
60 83 60 66 83
3 42 3 9 17 29 37 40 42
43 76 43 64 68 69 76
22 60 22 25 40 51 60
18 48 18 21 26 28 37 48
6 77 6 31 43 44 51 58 67 77
28 40 28 37 40
8 40 8 13 26 28 37 40
3 15 3 15
23 68 23 68
56 64 56 64
4 87 4 41 59 64 69 87
6 86 6 24 81 83 86
18 59 18 59
58 73 58 73
37 40 37 40
6 24 6 16 24
12 72 12 26 42 57 72
12 72 12 17 52 67 72
0 59 0 59
45 63 45 63
26 60 26 42 51 60
10 68 10 30 39 58 61 64 68
20 56 20 56
41 88 41 59 64 68 69 88
9 52 9 17 32 48 52
26 80 26 38 42 64 80
31 71 31 43 47 61 64 71
32 51 32 44 51
2 14 2 14
43 59 43 44 51 59
2 60 2 33 51 60
28 70 28 41 70
27 36 27 29 36
51 89 51 67 72 78 81 83 89
26 65 26 28 37 65
43 67 43 47 67
7 56 7 14 31 56
0 50 0 20 30 34 45 50
1 65 1 7 42 62 65
28 66 28 41 66
17 52 17 33 52
9 57 9 20 39 57
51 88 51 86 88
34 42 34 38 42
36 64 36 59 64
51 72 51 58 67 72
51 60 51 60
38 89 38 42 46 77 89
47 61 47 61
27 73 27 32 48 52 67 73
23 58 23 35 41 49 51 58
7 34 7 27 34
56 64 56 64
3 76 3 15 21 26 68 69 76
18 39 18 21 26 28 35 39
33 77 33 52 67 77
45 78 45 67 72 78
41 81 41 72 78 80 81
25 89 25 40 72 78 80 81 83 89
16 80 16 24 34 48 61 64 80
12 39 12 24 30 39
82 85 82 85
2 66 2 60 66
63 89 63 80 83 89
45 78 45 75 78
4 76 4 41 76
36 37 36 37
43 75 43 44 51 58 61 75
22 64 22 59 64
24 47 24 29 36 43 47
8 44 8 13 24 27 44
7 57 7 29 37 40 42 57
21 40 21 40
4 74 4 13 29 36 59 64 68 74
23 63 23 35 63
1 25 1 3 14 25
32 48 32 48
32 47 32 47
59 80 59 66 78 80
48 61 48 61
8 85 8 13 24 55 63 82 85
52 86 52 64 71 83 86
41 75 41 49 51 58 61 75
33 61 33 39 58 61
13 63 13 36 43 62 63
64 87 64 69 87
28 64 28 41 49 51 64
52 68 52 64 68
22 65 22 62 65
10 17 10 17
32 88 32 51 86 88
24 43 24 29 36 43
26 75 26 28 35 39 58 61 75
11 70 11 21 26 28 35 43 70
16 89 16 31 89
77 88 77 88
49 72 49 51 67 72
4 57 4 41 57
38 60 38 60
35 63 35 43 62 63
62 89 62 63 83 89
6 88 6 27 32 51 67 72 87 88
10 28 10 17 20 26 28
36 77 36 43 44 55 67 77
40 42 40 42
14 37 14 28 37
0 24 0 24
26 74 26 55 61 64 68 74
2 84 2 9 50 59 66 71 84
31 44 31 43 44
31 63 31 43 44 55 57 63
16 87 16 27 29 70 72 87
10 73 10 44 55 58 67 73
8 55 8 9 24 27 32 44 55
69 87 69 87
10 56 10 17 20 56
6 44 6 17 25 35 43 44
9 17 9 17
24 60 24 34 45 50 51 60
43 70 43 70
44 89 44 79 81 83 89
50 81 50 60 66 78 81
23 79 23 44 55 79
45 78 45 54 67 72 78
31 58 31 39 58
69 87 69 87
2 82 2 23 82
26 65 26 55 57 63 65
20 82 20 39 58 67 72 82
5 25 5 7 14 25
24 29 24 29
4 49 4 8 28 35 41 49
56 64 56 64
0 52 0 24 43 52
25 46 25 38 42 46
22 64 22 34 38 41 50 51 59 64
20 30 20 30
0 45 0 20 30 34 45
62 72 62 72
17 48 17 25 33 37 48
39 69 39 69
48 54 48 54
42 51 42 51
13 20 13 14 19 20
13 40 13 14 28 37 40
26 60 26 42 51 60
12 86 12 47 83 86
6 71 6 71
36 43 36 43
27 46 27 34 46
23 37 23 28 37
8 82 8 41 57 63 82
1 55 1 26 28 35 43 44 55
58 77 58 67 77
45 76 45 52 64 69 76
54 88 54 72 87 88
7 35 7 14 25 35
33 60 33 39 60
49 51 49 51
70 86 70 81 83 86
6 15 6 15
5 34 5 7 15 30 34
17 65 17 29 37 48 54 59 65
6 73 6 24 29 37 51 58 73
29 82 29 37 72 82
51 85 51 60 82 85
51 61 51 58 61
20 44 20 30 34 44
17 48 17 29 37 48
2 60 2 9 50 51 60
28 81 28 49 72 78 80 81
7 41 7 28 41
16 67 16 48 52 67
36 82 36 59 66 71 82
2 39 2 9 17 33 39
25 63 25 63
5 18 5 6 18
12 72 12 17 70 72
42 67 42 51 67
17 52 17 25 35 43 52
33 42 33 37 40 42
0 47 0 13 36 43 47
22 84 22 34 79 84
33 76 33 39 76
1 58 1 39 58
74 88 74 82 85 88
8 51 8 9 13 14 19 38 41 49 51
38 41 38 41
9 37 9 16 24 29 37
53 85 53 72 82 85
58 87 58 64 69 87
11 62 11 21 42 62
27 32 27 32
48 83 48 75 83
10 28 10 17 20 26 28
30 61 30 34 47 61
52 80 52 78 80
49 51 49 51
0 49 0 24 34 38 41 49
3 46 3 27 29 37 40 42 46
12 33 12 17 33
24 73 24 73
23 48 23 28 37 48
41 51 41 50 51
18 73 18 34 47 67 73
21 79 21 26 55 79
4 70 4 70
71 88 71 88
5 34 5 7 15 22 34
58 73 58 73
27 75 27 32 58 61 75
34 66 34 38 41 49 51 59 66
3 21 3 15 21
26 66 26 42 51 60 66
20 54 20 30 34 45 54
48 61 48 61
54 82 54 75 82
22 86 22 62 72 86
24 52 24 30 48 52
26 74 26 40 51 59 64 68 74
62 65 62 65
5 69 5 36 48 61 64 68 69
4 64 4 23 49 51 58 61 64
8 62 8 40 42 62
7 70 7 33 37 40 42 70
11 62 11 21 26 42 62
24 85 24 30 44 78 85
41 66 41 49 51 59 66
6 83 6 71 83
35 67 35 43 44 51 67
5 6 5 6
28 42 28 37 40 42
25 54 25 33 37 48 54
39 75 39 58 61 75
8 89 8 28 49 51 89
8 61 8 41 50 51 58 61
33 70 33 37 40 42 70
3 44 3 16 23 35 43 44
62 63 62 63
13 68 13 24 64 68
17 44 17 32 44
37 69 37 59 69
57 86 57 78 80 83 86
23 65 23 37 59 65
6 63 6 17 33 37 40 42 62 63
5 84 5 6 27 58 64 71 84
14 64 14 42 64
35 41 35 41
14 67 14 42 51 58 67
33 61 33 37 51 58 61
28 87 28 87
16 31 16 31
38 76 38 60 69 76
32 58 32 58
24 45 24 30 34 45
3 9 3 9
54 67 54 67
27 86 27 70 71 83 86
34 42 34 38 42
21 80 21 59 64 80
5 34 5 6 15 22 34
0 79 0 43 44 79
41 63 41 63
18 62 18 20 56 62
51 85 51 59 71 82 85
7 85 7 39 85
4 43 4 23 28 35 43
26 54 26 28 37 48 54
70 89 70 71 84 89
13 74 13 48 52 64 68 74
36 37 36 37
7 67 7 43 44 51 58 67
59 89 59 89
5 62 5 37 40 42 62
20 56 20 56
30 68 30 44 64 68
1 19 1 13 14 19
11 89 11 64 71 84 89
14 28 14 28
40 67 40 42 51 67
34 77 34 59 77
18 31 18 22 31
33 37 33 37
2 89 2 18 34 44 53 80 81 83 89
29 37 29 37
17 42 17 25 33 37 40 42
1 2 1 2
32 71 32 58 61 64 71
14 30 14 30
17 82 17 51 60 82
11 58 11 33 49 51 58
24 60 24 30 39 60
22 44 22 34 44
86 88 86 88
25 35 25 35
1 49 1 7 41 49
2 46 2 23 28 37 40 42 46
18 43 18 21 26 28 35 43
60 85 60 82 85
25 85 25 74 82 85
34 79 34 48 79
2 53 2 31 43 44 53
51 88 51 80 83 86 88
23 35 23 28 35
1 61 1 2 13 24 34 44 51 58 61
66 88 66 83 88
35 68 35 41 59 64 68
5 23 5 6 16 23
67 87 67 77 87
45 76 45 55 58 68 69 76
17 71 17 25 61 64 71
9 13 9 13
57 83 57 63 80 83
6 56 6 18 20 56
8 40 8 28 37 40
12 85 12 60 82 85
30 88 30 54 81 83 86 88
2 59 2 31 43 44 51 59
21 38 21 26 38
19 63 19 38 41 63
45 79 45 55 79
8 9 8 9
70 88 70 82 85 88
40 86 40 63 83 86
18 65 18 22 31 56 62 63 65
26 74 26 68 74
4 43 4 13 29 36 43
38 88 38 42 51 86 88
36 63 36 37 40 63
23 63 23 37 40 63
51 66 51 59 66
15 31 15 22 31
49 51 49 51
32 52 32 48 52
58 81 58 78 80 81
35 58 35 43 44 55 58
17 38 17 20 30 34 38
25 62 25 40 42 62
14 70 14 30 41 70
8 17 8 9 17
63 86 63 83 86
20 50 20 30 41 50
4 54 4 23 25 33 37 48 54
43 44 43 44
42 57 42 57
10 42 10 24 34 38 42
71 83 71 83
44 79 44 79
20 81 20 56 78 80 81
27 58 27 34 45 50 51 58
0 86 0 17 51 59 86
14 59 14 34 59
34 46 34 46
21 39 21 26 28 35 39
20 54 20 32 48 54
20 80 20 55 63 80
20 59 20 30 54 59
21 77 21 42 46 77
3 37 3 37
36 69 36 60 69
51 77 51 60 66 77
59 83 59 71 83
40 42 40 42
11 37 11 21 26 28 37
1 2 1 2
18 44 18 21 26 28 35 43 44
3 71 3 21 26 55 58 61 64 71
32 54 32 48 54
0 43 0 43
6 81 6 44 53 80 81
52 69 52 64 68 69
27 86 27 79 80 81 83 86
10 62 10 34 38 42 62
13 82 13 49 72 82
19 85 19 85
67 88 67 77 88
40 78 40 78
21 46 21 26 38 42 46
17 62 17 20 30 34 38 42 62
59 68 59 64 68
4 13 4 8 13
58 77 58 67 77
41 50 41 50
28 78 28 78
29 57 29 43 44 55 57
47 61 47 61
3 50 3 38 41 50
1 67 1 13 36 37 49 51 67
24 27 24 27
6 76 6 15 22 31 43 44 61 64 68 69 76
70 86 70 81 83 86
8 66 8 9 16 40 60 66
10 32 10 17 32
0 31 0 13 14 31
17 50 17 25 38 41 50
28 86 28 58 67 72 78 81 83 86
31 61 31 43 47 61
10 45 10 34 45
16 31 16 31
13 40 13 29 37 40
60 85 60 82 85
21 38 21 26 38
66 78 66 78
29 37 29 36 37
32 80 32 51 67 72 78 80
3 52 3 9 32 48 52
23 35 23 25 35
16 81 16 40 64 80 81
30 39 30 39
39 67 39 58 67
4 68 4 13 24 29 36 48 54 59 64 68
29 37 29 36 37
48 73 48 54 67 73
24 43 24 29 36 43
63 65 63 65
59 76 59 64 69 76
7 32 7 32
25 72 25 38 70 72
9 49 9 13 49
25 74 25 62 74
6 40 6 16 29 36 37 40
43 66 43 44 51 60 66
0 72 0 17 33 39 58 67 72
54 68 54 59 64 68
1 2 1 2
44 78 44 78
35 88 35 43 64 82 85 88
7 88 7 27 34 48 54 86 88
28 57 28 37 40 42 57
24 55 24 27 44 55
4 27 4 8 13 16 27
17 78 17 32 48 54 67 72 78
25 66 25 35 39 60 66
5 75 5 44 61 75
19 52 19 21 26 28 37 52
26 52 26 28 35 43 52
5 89 5 25 38 60 66 83 89
54 83 54 78 80 83
7 47 7 43 47
16 38 16 38
26 77 26 40 42 46 77
40 71 40 60 66 71
27 58 27 44 51 58
59 68 59 64 68
32 85 32 48 72 78 85
9 48 9 32 48
56 62 56 62
20 45 20 30 34 45
56 62 56 62
43 62 43 62
59 84 59 64 71 84
38 76 38 41 59 69 76
35 39 35 39
32 65 32 51 59 65
20 56 20 26 28 35 56
24 83 24 32 66 83
22 54 22 25 33 37 48 54
41 68 41 50 59 64 68
15 69 15 22 25 33 61 64 69
5 23 5 6 16 23
59 89 59 71 83 89
3 30 3 16 24 30
51 81 51 59 64 81
15 61 15 58 61
49 75 49 51 58 61 75
13 88 13 36 60 82 85 88
17 32 17 20 32
30 88 30 50 82 85 88
4 68 4 41 59 64 68
1 47 1 7 15 22 34 47
44 68 44 51 58 61 64 68
29 79 29 43 44 55 79
22 86 22 31 43 80 83 86
6 80 6 27 53 72 78 80
16 40 16 24 27 29 36 37 40
57 65 57 63 65
64 82 64 68 74 82
12 33 12 17 25 33
7 77 7 33 67 77
66 83 66 71 83
62 65 62 63 65
7 21 7 15 21
17 47 17 25 35 43 47
2 39 2 31 39
37 66 37 51 60 66
25 81 25 33 67 72 78 80 81
50 89 50 59 89
30 68 30 68
49 61 49 51 58 61
44 64 44 55 58 64
25 57 25 33 39 57
8 20 8 9 20
72 82 72 82
67 73 67 73
30 55 30 44 55
27 72 27 52 67 72
32 54 32 48 54
33 40 33 37 40
8 84 8 40 64 71 84
79 84 79 84
6 15 6 15
1 89 1 3 37 77 89
10 70 10 17 33 37 40 42 70
24 37 24 27 29 37
39 73 39 58 73
12 43 12 17 29 43
1 69 1 7 40 68 69
3 16 3 16
20 81 20 40 64 80 81
3 14 3 9 13 14
17 66 17 29 48 54 59 66
4 57 4 41 57
13 36 13 29 36
22 44 22 25 35 43 44
28 68 28 58 64 68
29 74 29 48 52 64 68 74
41 63 41 63
21 63 21 42 62 63
1 54 1 13 48 54
25 54 25 33 37 48 54
34 72 34 47 67 72
29 60 29 43 44 51 60
44 57 44 55 57
38 88 38 85 88
30 79 30 48 79
37 81 37 51 64 81
33 77 33 46 77
72 81 72 78 80 81
42 51 42 51
24 82 24 50 51 64 68 74 82
5 81 5 37 51 64 80 81
15 58 15 58
28 87 28 35 56 62 72 87
0 81 0 80 81
17 85 17 52 71 82 85
79 89 79 80 81 83 89
57 88 57 82 85 88
3 59 3 16 38 41 50 51 59
20 64 20 59 64
60 78 60 66 78
8 50 8 9 20 26 38 41 50
31 57 31 39 57
49 76 49 51 59 64 68 69 76
4 70 4 23 25 33 37 40 42 70
56 68 56 64 68
1 40 1 3 15 26 40
11 20 11 20
23 33 23 25 33
21 38 21 26 38
17 34 17 20 30 34
17 58 17 20 30 39 58
10 87 10 44 64 68 69 87
2 69 2 14 19 69
1 36 1 13 16 29 36
28 70 28 35 41 70
16 64 16 40 64
55 77 55 58 77
34 44 34 44
52 69 52 64 68 69
1 30 1 19 20 30
54 59 54 59
18 76 18 22 59 69 76
23 46 23 28 46
44 59 44 51 59
48 83 48 79 80 83
28 54 28 37 48 54
30 84 30 54 71 84
8 23 8 9 16 23
39 83 39 57 83
7 36 7 29 36
0 49 0 20 30 41 49
34 60 34 45 50 60
17 34 17 20 30 34
53 80 53 80
4 57 4 8 34 45 57
6 86 6 86
21 52 21 26 28 35 43 52
3 27 3 16 24 27
37 74 37 51 59 64 68 74
42 57 42 57
12 33 12 17 33
43 46 43 46
40 65 40 42 62 63 65
27 65 27 34 38 65
60 85 60 66 71 82 85
47 77 47 77
9 30 9 16 24 30
1 54 1 3 16 29 48 54
63 86 63 80 81 83 86
31 71 31 39 58 61 64 71
23 33 23 25 33
15 31 15 22 31
48 83 48 61 75 83
62 72 62 72
8 43 8 13 29 36 43
0 50 0 13 20 30 34 45 50
21 71 21 59 64 71
66 77 66 77
61 75 61 75
58 80 58 64 80
54 81 54 72 78 80 81
48 88 48 79 86 88
45 63 45 63
5 69 5 7 42 64 68 69
27 44 27 34 44
7 83 7 56 62 72 78 81 83
37 52 37 48 52
28 62 28 37 40 42 62
47 74 47 61 64 68 74
9 35 9 20 26 28 35
67 88 67 77 88
38 60 38 60
20 70 20 30 34 38 41 70
24 85 24 55 57 82 85
56 72 56 62 72
5 47 5 25 35 43 47
8 13 8 9 13
8 68 8 9 20 26 42 51 58 68
8 71 8 58 64 71
18 20 18 20
6 77 6 30 39 58 77
23 28 23 28
60 89 60 66 78 80 83 89
42 67 42 51 67
19 40 19 33 37 40
52 89 52 78 81 83 89
0 51 0 27 29 37 51
6 30 6 18 20 30
12 56 12 17 20 26 28 35 56
24 69 24 50 59 64 68 69
36 77 36 43 47 77
29 66 29 37 49 51 60 66
45 52 45 52
22 82 22 59 71 82
21 82 21 42 57 82
20 59 20 40 42 51 59
33 70 33 37 40 42 70
20 50 20 26 28 41 50
21 39 21 26 28 35 39
15 61 15 58 61
39 69 39 58 64 68 69
7 69 7 69
34 72 34 67 72
36 84 36 60 66 78 84
17 46 17 25 38 42 46
31 68 31 56 64 68
7 65 7 39 57 63 65
20 73 20 39 58 73
1 25 1 3 14 25
1 32 1 7 14 19 20 32
22 58 22 31 43 44 55 58
48 65 48 54 59 65
10 39 10 24 30 39
55 73 55 58 73
48 83 48 72 78 81 83
50 78 50 60 66 78
1 74 1 37 51 64 68 74
20 42 20 40 42
49 67 49 51 58 67
4 48 4 8 9 20 26 28 37 48
16 27 16 27
39 73 39 58 67 73
38 60 38 42 51 60
13 49 13 49
8 16 8 13 16
51 72 51 58 67 72
35 68 35 59 64 68
20 58 20 26 42 51 58
28 66 28 41 50 60 66
8 89 8 62 72 78 80 81 83 89
1 67 1 26 40 42 51 67
19 38 19 38
36 71 36 55 58 64 71
9 17 9 17
7 35 7 15 22 25 35
7 87 7 39 69 87
5 61 5 7 27 32 48 61
47 75 47 75
30 55 30 34 44 55
43 62 43 62
45 55 45 55
25 82 25 82
23 82 23 82
1 67 1 7 27 34 48 54 67
16 35 16 35
80 83 80 83
0 71 0 10 17 70 71
42 51 42 51
5 77 5 37 77
20 46 20 26 42 46
20 39 20 26 28 35 39
30 53 30 53
9 37 9 20 26 28 37
0 45 0 27 34 45
10 61 10 24 34 44 61
23 44 23 44
0 70 0 10 30 34 38 70
13 66 13 48 54 59 66
0 52 0 13 26 28 35 43 52
31 77 31 43 46 77
23 75 23 37 40 51 58 61 75
6 21 6 21
40 68 40 68
53 85 53 72 82 85
50 82 50 60 66 71 82
17 51 17 20 30 41 50 51
67 87 67 77 87
0 51 0 13 26 42 51
2 88 2 13 24 54 83 88
72 88 72 86 88
28 75 28 41 50 51 58 61 75
9 78 9 17 32 44 61 75 78
30 47 30 34 47
11 69 11 64 68 69
14 47 14 34 47
8 43 8 13 26 28 35 43
34 60 34 38 42 51 60
54 80 54 59 66 78 80
23 58 23 49 51 58
18 41 18 21 26 38 41
50 82 50 82
22 54 22 25 33 37 48 54
51 85 51 60 82 85
49 77 49 51 67 77
6 16 6 16
33 59 33 51 59
35 84 35 39 60 66 78 84
29 36 29 36
2 41 2 18 20 30 41
18 54 18 34 45 54
58 73 58 73
39 87 39 46 77 87
10 32 10 24 27 32
49 64 49 51 64
4 63 4 8 28 35 63
36 53 36 43 44 53
9 29 9 17 29
78 80 78 80
8 60 8 41 50 51 60
13 77 13 24 43 77
2 78 2 14 59 66 78
1 30 1 13 20 30
8 76 8 9 24 32 47 61 64 68 69 76
36 58 36 55 58
27 37 27 29 37
16 35 16 28 35
36 66 36 60 66
3 87 3 58 61 64 69 87
17 29 17 29
23 38 23 25 38
14 83 14 31 39 57 63 83
61 84 61 64 71 84
41 57 41 57
23 79 23 35 43 44 79
27 52 27 52
24 77 24 50 59 77
30 61 30 50 51 58 61
20 57 20 39 57
32 52 32 48 52
34 59 34 38 41 59
72 87 72 87
20 67 20 40 42 51 67
5 7 5 7
27 44 27 44
57 80 57 72 78 80
31 57 31 39 57
25 69 25 35 39 69
13 73 13 26 73
10 54 10 17 20 32 48 54
22 61 22 31 39 58 61
33 76 33 61 64 68 69 76
6 46 6 27 34 46
34 66 34 38 42 51 60 66
41 70 41 70
41 50 41 50
75 89 75 78 81 83 89
6 73 6 73
45 78 45 57 72 78
4 75 4 41 50 51 58 61 75
38 69 38 41 49 51 60 69
4 49 4 30 34 38 41 49
66 89 66 78 81 83 89
0 29 0 17 29
34 77 34 45 67 77
18 26 18 20 26
44 58 44 55 58
33 39 33 39
17 29 17 29
24 64 24 54 59 64
0 33 0 13 16 23 25 33
8 43 8 28 35 43
16 49 16 27 34 38 41 49
10 26 10 17 20 26
7 70 7 28 37 40 42 70
36 66 36 59 66
9 35 9 16 35
69 88 69 87 88
60 69 60 69
5 73 5 7 41 49 51 58 73
5 79 5 36 37 48 79
13 81 13 20 56 78 81
2 56 2 9 17 25 35 56
13 82 13 60 82
26 65 26 40 63 65
25 70 25 33 37 40 42 70
33 73 33 49 51 58 73
15 53 15 22 25 35 41 53
4 34 4 8 13 14 19 20 30 34
14 47 14 34 47
4 48 4 30 48
31 83 31 56 62 72 78 81 83
33 62 33 62
48 84 48 52 67 72 78 84
33 40 33 37 40
7 44 7 14 31 43 44
72 87 72 87
33 51 33 37 40 51
13 26 13 20 26
2 39 2 31 39
5 37 5 25 33 37
20 72 20 30 50 51 67 72
17 34 17 20 30 34
78 80 78 80
31 71 31 56 64 71
40 57 40 42 57
34 72 34 47 67 72
6 47 6 18 20 26 28 35 43 47
60 84 60 66 78 84
10 89 10 30 44 61 75 80 83 89
18 33 18 22 25 33
3 13 3 9 13
23 48 23 25 33 37 48
17 50 17 20 30 41 50
7 77 7 49 51 67 77
28 63 28 41 57 63
55 63 55 57 63
21 52 21 26 28 37 48 52
21 28 21 26 28
23 46 23 35 43 46
44 85 44 78 85
25 54 25 33 37 48 54
37 66 37 40 51 59 66
38 73 38 41 49 51 67 73
60 76 60 69 76
2 56 2 9 17 25 35 56
25 68 25 61 64 68
1 53 1 3 9 24 43 44 53
17 64 17 32 47 61 64
6 61 6 21 26 42 51 58 61
12 64 12 45 54 59 64
13 43 13 26 28 35 43
28 41 28 35 41
0 89 0 24 55 63 80 81 83 89
38 53 38 41 53
41 63 41 57 63
16 76 16 28 41 76
29 55 29 36 55
9 85 9 32 44 61 75 78 85
54 77 54 67 77
58 76 58 61 64 68 69 76
36 64 36 48 52 64
58 81 58 64 80 81
42 88 42 88
35 56 35 56
37 51 37 49 51
41 76 41 50 51 60 69 76
15 61 15 22 33 37 48 61
35 41 35 41
12 69 12 47 61 64 69
54 88 54 67 82 85 88
57 81 57 80 81
3 45 3 14 34 45
5 64 5 44 61 64
14 33 14 19 33
20 73 20 32 51 58 67 73
20 41 20 30 41
41 53 41 53
44 79 44 55 79
27 78 27 78
24 65 24 55 57 63 65
12 83 12 44 64 81 83
14 68 14 34 48 52 64 68
27 65 27 32 44 55 57 63 65
30 45 30 34 45
28 78 28 49 72 78
4 60 4 30 50 51 60
45 66 45 54 59 66
34 50 34 38 41 50
55 67 55 67
8 76 8 41 50 51 60 69 76
30 39 30 39
17 58 17 33 51 58
2 79 2 23 28 37 48 79
25 65 25 35 59 65
25 60 25 35 41 49 51 60
32 58 32 51 58
28 50 28 35 41 50
2 20 2 14 19 20
40 86 40 42 62 72 86
27 73 27 32 44 73
22 55 22 25 35 43 44 55
69 87 69 87
32 89 32 53 72 78 80 81 83 89
40 51 40 42 51
1 53 1 13 14 19 21 26 38 41 53
7 35 7 15 21 26 28 35
10 87 10 17 52 77 87
6 40 6 21 26 28 37 40
12 86 12 26 38 60 66 78 80 83 86
7 56 7 14 19 20 26 28 35 56
2 26 2 13 20 26
0 81 0 52 78 81
43 83 43 52 67 72 78 81 83
8 62 8 13 36 37 40 42 62
31 63 31 56 62 63
17 68 17 25 40 51 59 64 68
43 69 43 47 61 64 69
21 26 21 26
58 74 58 61 64 68 74
48 76 48 54 59 69 76
11 41 11 20 26 38 41
35 64 35 39 58 61 64
1 19 1 13 14 19
9 79 9 32 44 79
5 23 5 6 16 23
0 28 0 13 28
21 82 21 40 64 71 82
10 79 10 17 32 44 55 79
48 88 48 61 75 82 85 88
7 83 7 40 60 66 71 83
63 83 63 83
51 82 51 67 82
2 51 2 14 19 21 40 42 51
2 14 2 14
41 78 41 53 72 78
5 25 5 7 15 22 25
5 75 5 61 75
59 64 59 64
6 45 6 16 27 34 45
30 41 30 41
19 65 19 56 62 63 65
16 35 16 23 35
35 89 35 63 83 89
7 32 7 14 19 20 32
6 40 6 15 22 25 33 37 40
15 38 15 21 26 38
60 82 60 66 71 82
24 80 24 64 80
1 72 1 19 21 40 42 70 72
4 49 4 41 49
9 32 9 24 27 32
41 63 41 57 63
20 45 20 30 34 45
49 72 49 51 58 67 72
56 87 56 62 72 87
5 18 5 6 18
0 82 0 47 61 64 71 82
41 66 41 66
45 79 45 55 79
13 72 13 24 27 29 36 50 51 58 67 72
22 83 22 31 56 64 80 83
18 43 18 21 26 28 35 43
5 70 5 36 37 40 42 70
83 89 83 89
15 71 15 30 44 51 58 64 71
2 42 2 14 42
17 48 17 29 36 37 48
6 37 6 17 29 36 37
17 68 17 25 61 64 68
28 40 28 37 40
33 62 33 62
22 43 22 25 35 43
67 80 67 72 78 80
20 58 20 40 42 51 58
30 65 30 41 57 63 65
33 67 33 51 67
38 53 38 41 53
37 87 37 59 66 77 87
0 67 0 52 67
16 28 16 23 28
8 66 8 13 26 40 60 66
12 24 12 24
24 36 24 27 29 36
78 84 78 84
4 46 4 8 13 14 30 34 46
50 61 50 51 58 61
6 57 6 31 39 57
14 77 14 42 46 77
14 33 14 25 33
41 70 41 70
37 84 37 72 78 84
19 43 19 43
11 37 11 33 37
1 67 1 39 58 67
64 86 64 86
16 64 16 23 28 37 59 64
32 83 32 48 54 81 83
28 40 28 37 40
22 41 22 25 38 41
2 83 2 57 83
85 88 85 88
4 54 4 8 34 45 54
7 62 7 28 35 43 62
16 31 16 31
17 48 17 32 48
38 69 38 60 69
13 38 13 24 27 34 38
38 69 38 60 69
2 33 2 14 19 33
6 34 6 17 20 30 34
21 59 21 59
4 40 4 13 16 28 37 40
2 75 2 31 43 44 51 58 61 75
9 69 9 60 69
2 88 2 56 74 82 85 88
16 25 16 23 25
38 79 38 41 79
39 74 39 58 61 64 68 74
4 70 4 41 70
3 23 3 16 23
15 30 15 30
72 81 72 78 81
20 40 20 26 28 37 40
35 52 35 43 52
13 88 13 29 80 81 83 86 88
11 35 11 20 26 28 35
10 64 10 48 61 64
21 41 21 26 38 41
30 50 30 41 50
24 72 24 30 48 72
2 58 2 13 26 40 42 51 58
2 13 2 13
45 84 45 54 67 72 78 84
6 61 6 21 58 61
22 43 22 31 43
15 55 15 22 34 44 55
80 81 80 81
48 72 48 52 67 72
14 82 14 31 39 57 72 82
22 61 22 25 33 39 58 61
40 63 40 63
19 75 19 38 41 50 51 58 61 75
0 27 0 24 27
4 56 4 23 25 35 56
35 39 35 39
45 83 45 75 80 81 83
9 20 9 13 14 19 20
12 45 12 27 34 45
15 52 15 26 28 35 43 52
35 70 35 43 70
6 88 6 44 61 75 82 85 88
86 88 86 88
36 77 36 55 58 77
57 88 57 82 85 88
3 17 3 9 17
13 28 13 26 28
20 70 20 26 38 41 70
1 58 1 58
8 73 8 28 41 49 51 58 67 73
42 64 42 64
28 63 28 35 41 63
0 61 0 10 30 39 58 61
4 64 4 8 34 47 61 64
27 36 27 29 36
62 65 62 63 65
6 86 6 44 51 60 66 83 86
40 80 40 78 80
42 58 42 51 58
3 41 3 9 20 26 28 35 41
51 66 51 59 66
1 49 1 13 16 29 36 37 49
9 55 9 20 26 28 35 43 44 55
7 88 7 14 59 71 82 85 88
36 66 36 60 66
1 68 1 2 13 26 68
52 78 52 78
23 25 23 25
25 46 25 35 43 46
5 26 5 7 14 19 20 26
0 29 0 10 17 29
2 37 2 33 37
8 66 8 13 26 40 60 66
0 10 0 10
44 78 44 53 72 78
60 76 60 69 76
15 71 15 21 59 66 71
19 55 19 20 26 55
6 46 6 24 43 46
30 51 30 41 50 51
3 16 3 9 13 16
28 63 28 37 40 63
23 74 23 35 59 64 68 74
15 22 15 22
28 87 28 69 87
45 78 45 52 67 72 78
5 86 5 72 86
18 48 18 34 48
4 75 4 30 54 75
12 45 12 24 30 34 45
18 71 18 20 26 42 64 71
48 84 48 61 75 78 84
10 34 10 17 20 30 34
18 65 18 59 65
25 51 25 40 42 51
45 73 45 52 67 73
60 86 60 66 71 83 86
20 88 20 59 66 83 88
12 37 12 24 27 29 36 37
31 57 31 39 57
33 63 33 39 57 63
18 82 18 72 82
17 47 17 32 47
0 44 0 20 26 28 35 43 44
56 81 56 64 80 81
1 61 1 3 15 26 42 51 58 61
9 29 9 24 27 29
33 49 33 37 49
69 87 69 87
27 81 27 52 80 81
16 53 16 28 41 53
49 67 49 51 67
19 28 19 20 26 28
31 39 31 39
20 57 20 26 28 35 41 57
7 83 7 64 81 83
38 60 38 42 51 60
8 73 8 40 51 67 73
31 79 31 43 44 79
26 53 26 28 41 53
10 25 10 17 25
7 80 7 57 80
52 80 52 80
37 69 37 40 42 64 68 69
58 85 58 61 64 71 82 85
15 53 15 26 38 41 53
33 58 33 49 51 58
64 87 64 69 87
18 86 18 22 31 39 60 66 78 81 83 86
70 82 70 82
25 75 25 33 39 58 61 75
15 39 15 22 31 39
12 71 12 26 38 60 66 71
33 66 33 49 51 60 66
44 86 44 51 80 83 86
14 47 14 30 34 47
21 71 21 26 42 64 71
28 68 28 37 48 52 64 68
5 70 5 7 33 37 40 42 70
59 80 59 66 78 80
26 38 26 38
52 67 52 67
17 71 17 55 61 64 71
2 67 2 31 43 47 67
16 23 16 23
17 34 17 20 30 34
36 48 36 48
48 71 48 52 64 71
14 42 14 25 33 37 40 42
50 89 50 59 71 84 89
55 86 55 63 80 83 86
37 60 37 49 51 60
1 74 1 68 74
24 81 24 27 79 81
43 78 43 47 61 75 78
3 43 3 15 26 28 35 43
12 39 12 26 28 35 39
21 73 21 42 51 67 73
8 46 8 40 42 46
22 25 22 25
18 52 18 22 25 33 37 52
8 55 8 34 44 55
6 61 6 27 29 48 61
38 88 38 42 87 88
25 56 25 35 56
24 85 24 64 82 85
30 51 30 50 51
16 25 16 23 25
32 72 32 44 55 67 72
30 50 30 34 38 41 50
5 73 5 37 40 42 51 67 73
51 80 51 67 72 78 80
37 73 37 51 58 67 73
18 35 18 21 26 28 35
8 73 8 41 50 51 67 73
26 42 26 38 42
29 53 29 36 43 44 53
21 55 21 26 55
17 79 17 20 55 79
37 65 37 48 54 59 65
8 73 8 28 41 49 51 58 73
12 72 12 29 48 52 67 72
48 61 48 61
4 64 4 23 28 58 64
54 78 54 72 78
6 70 6 40 42 70
21 41 21 26 38 41
9 88 9 82 85 88
9 55 9 13 29 36 55
49 64 49 51 64
17 33 17 25 33
17 48 17 33 37 48
21 41 21 26 28 41
34 80 34 44 78 80
32 51 32 44 51
52 87 52 64 68 69 87
67 73 67 73
9 82 9 82
9 71 9 50 59 71
63 82 63 82
58 76 58 64 68 69 76
58 75 58 61 75
59 69 59 64 68 69
17 47 17 32 47
33 70 33 37 40 42 70
9 37 9 13 36 37
27 53 27 53
39 87 39 58 67 72 87
55 89 55 67 72 78 80 81 83 89
25 80 25 33 62 72 78 80
12 77 12 26 42 51 59 66 77
10 56 10 17 25 35 56
12 26 12 26
2 59 2 23 28 41 50 51 59
32 89 32 66 71 84 89
49 78 49 72 78
14 78 14 78
27 53 27 53
55 80 55 57 80
12 47 12 47
15 39 15 26 28 35 39
0 44 0 20 30 44
21 47 21 26 28 35 43 47
3 48 3 14 34 48
1 30 1 2 14 30
0 17 0 17
6 24 6 24
18 34 18 34
2 52 2 18 34 48 52
24 71 24 64 71
15 53 15 26 28 41 53
7 69 7 69
14 88 14 59 71 82 85 88
37 46 37 40 42 46
12 37 12 24 27 29 37
49 89 49 72 78 84 89
2 82 2 18 22 43 64 82
42 73 42 51 58 67 73
12 17 12 17
42 89 42 70 72 78 80 81 83 89
59 86 59 71 83 86
1 84 1 72 78 84
24 27 24 27
1 36 1 2 9 16 24 27 29 36
47 88 47 67 82 85 88
18 83 18 21 58 61 75 83
52 77 52 77
6 55 6 24 55
3 14 3 9 13 14
48 71 48 52 64 71
1 39 1 26 28 35 39
5 81 5 72 78 81
69 76 69 76
25 33 25 33
22 61 22 31 43 47 61
56 80 56 64 80
33 86 33 78 80 83 86
5 19 5 7 14 19
1 32 1 2 9 20 32
14 51 14 31 43 44 51
1 48 1 13 28 37 48
35 67 35 41 49 51 67
24 58 24 34 38 41 49 51 58
17 39 17 33 39
13 28 13 14 28
55 77 55 67 77
40 63 40 42 57 63
21 89 21 40 78 81 83 89
36 59 36 48 54 59
13 43 13 36 43
12 73 12 50 51 67 73
32 74 32 47 61 64 68 74
41 68 41 59 64 68
1 24 1 13 16 24
5 75 5 7 29 37 48 54 75
64 87 64 87
10 45 10 24 30 34 45
3 77 3 14 42 51 59 66 77
27 36 27 29 36
5 37 5 25 33 37
44 68 44 55 61 64 68
10 72 10 52 67 72
30 51 30 41 50 51
44 73 44 55 67 73
55 80 55 57 72 78 80
17 89 17 70 71 84 89
42 89 42 64 80 83 89
42 70 42 70
40 68 40 68
26 40 26 40
20 42 20 26 40 42
34 58 34 45 50 51 58
16 45 16 27 34 45
7 14 7 14
6 81 6 21 26 67 72 78 80 81
25 68 25 40 42 64 68
41 51 41 50 51
23 49 23 37 49
61 64 61 64
49 81 49 72 78 80 81
12 47 12 29 36 43 47
3 75 3 27 29 36 48 61 75
49 77 49 51 67 77
12 17 12 17
47 72 47 67 72
78 84 78 84
23 43 23 28 35 43
10 72 10 17 32 53 72
20 65 20 40 63 65
72 81 72 78 81
18 43 18 21 26 28 35 43
5 37 5 25 33 37
12 69 12 37 48 54 59 69
2 23 2 23
31 44 31 43 44
42 51 42 51
6 20 6 18 20
2 56 2 18 21 26 28 35 56
27 53 27 34 44 53
26 38 26 38
10 57 10 24 34 38 42 57
59 80 59 66 78 80
19 40 19 21 26 28 37 40
34 45 34 45
3 83 3 37 40 42 70 71 83
5 6 5 6
4 71 4 49 51 64 71
5 86 5 6 21 58 67 72 86
71 86 71 83 86
45 84 45 75 78 84
5 43 5 25 35 43
0 46 0 24 27 29 37 40 42 46
15 70 15 22 34 38 41 70
14 28 14 19 20 26 28
9 21 9 13 14 19 21
24 50 24 30 34 38 41 50
28 77 28 49 51 67 77
17 78 17 20 59 66 78
30 46 30 34 46
20 73 20 39 58 73
29 68 29 36 59 64 68
13 27 13 16 27
39 77 39 46 77
3 45 3 15 30 34 45
7 80 7 15 22 60 66 78 80
8 34 8 34
44 69 44 61 64 69
4 77 4 49 51 59 66 77
28 89 28 77 89
41 74 41 50 59 64 68 74
15 39 15 26 28 35 39
18 59 18 21 26 42 51 59
25 85 25 82 85
5 75 5 25 40 51 58 61 75
24 45 24 34 45
9 13 9 13
36 58 36 50 51 58
5 89 5 52 80 83 89
3 23 3 9 16 23
16 49 16 24 27 29 36 37 49
20 65 20 32 48 54 59 65
17 85 17 70 82 85
59 84 59 66 78 84
28 81 28 37 48 72 78 81
3 87 3 51 60 66 77 87
4 63 4 8 62 63
55 72 55 67 72
12 58 12 24 34 45 50 51 58
34 46 34 38 42 46
42 64 42 51 58 61 64
56 68 56 64 68
38 78 38 42 57 72 78
16 29 16 27 29
60 76 60 69 76
55 61 55 61
6 34 6 15 30 34
11 20 11 20
11 39 11 20 30 39
3 17 3 9 17
27 83 27 70 71 83
53 83 53 72 78 80 81 83
44 61 44 55 61
30 69 30 54 59 69
42 76 42 64 68 69 76
39 60 39 60
3 27 3 16 27
4 56 4 56
41 83 41 79 83
39 46 39 46
4 87 4 87
60 77 60 66 77
48 54 48 54
42 67 42 51 67
0 67 0 24 30 44 51 58 67
49 58 49 51 58
12 29 12 29
37 59 37 48 54 59
7 64 7 32 47 61 64
5 69 5 44 51 59 64 69
0 31 0 13 14 31
1 24 1 13 24
7 89 7 15 26 75 83 89
41 78 41 72 78
9 62 9 62
47 64 47 61 64
20 87 20 66 77 87
58 82 58 68 74 82
3 21 3 9 13 14 19 21
32 69 32 48 61 64 69
1 23 1 2 9 16 23
18 45 18 22 34 45
81 88 81 83 88
34 69 34 47 61 64 69
50 51 50 51
0 17 0 17
6 86 6 37 49 51 60 66 83 86
13 60 13 60
18 76 18 22 43 64 69 76
41 75 41 49 51 58 61 75
17 59 17 32 44 51 59
51 81 51 58 61 64 80 81
20 55 20 32 44 55
6 30 6 16 24 30
5 74 5 36 43 47 61 64 68 74
5 32 5 7 32
13 54 13 24 32 48 54
34 72 34 47 67 72
26 79 26 55 79
9 69 9 20 40 60 69
22 80 22 34 59 64 80
42 67 42 51 67
32 76 32 51 59 69 76
34 88 34 47 67 72 78 80 83 86 88
36 71 36 43 52 71
15 45 15 22 34 45
37 46 37 40 42 46
0 30 0 10 17 20 30
24 69 24 34 47 61 64 68 69
7 40 7 14 28 37 40
1 47 1 3 16 28 35 43 47
25 81 25 40 72 78 81
7 22 7 15 22
33 60 33 49 51 60
56 62 56 62
60 86 60 66 71 83 86
62 74 62 74
14 67 14 25 38 42 51 58 67
45 77 45 77
54 67 54 67
15 69 15 21 40 60 69
56 62 56 62
11 45 11 20 30 34 45
30 74 30 50 51 64 68 74
33 70 33 37 40 42 70
22 55 22 34 44 55
16 35 16 28 35
49 72 49 51 58 67 72
55 67 55 67
33 80 33 67 72 78 80
7 79 7 33 37 48 79
40 78 40 78
11 28 11 20 26 28
14 21 14 19 21
24 89 24 80 81 83 89
58 82 58 64 68 74 82
11 57 11 21 42 57
58 73 58 67 73
30 61 30 48 61
72 89 72 78 81 83 89
47 75 47 61 75
30 68 30 41 50 51 59 64 68
18 65 18 20 40 63 65
18 65 18 21 42 57 63 65
39 57 39 57
14 83 14 30 34 47 80 81 83
6 76 6 21 58 64 68 69 76
14 82 14 70 82
57 72 57 72
28 40 28 37 40
50 82 50 51 58 64 71 82
67 80 67 72 78 80
12 44 12 26 28 35 43 44
24 69 24 54 59 64 69
55 67 55 67
34 72 34 38 42 51 58 67 72
9 29 9 24 29
26 70 26 42 70
60 76 60 69 76
72 85 72 78 85
13 60 13 26 42 51 60
13 34 13 14 34
39 65 39 57 63 65
34 46 34 38 42 46
43 67 43 47 67
2 63 2 31 56 62 63
29 62 29 37 40 42 62
11 61 11 21 42 51 58 61
18 21 18 21
51 61 51 58 61
22 68 22 33 37 51 59 64 68
7 79 7 43 44 55 79
58 83 58 78 81 83
10 57 10 17 29 37 40 42 57
87 88 87 88
3 45 3 15 30 34 45
0 80 0 43 52 67 72 78 80
21 46 21 40 42 46
9 57 9 16 28 35 43 44 55 57
21 42 21 40 42
59 77 59 66 77
12 32 12 17 32
49 72 49 72
21 65 21 59 65
21 78 21 42 70 72 78
0 50 0 27 34 38 41 50
31 61 31 39 58 61
26 68 26 28 37 59 64 68
1 84 1 3 9 17 60 66 71 84
0 43 0 17 25 35 43
20 60 20 39 60
14 59 14 31 43 44 51 59
20 56 20 26 28 35 56
8 41 8 28 41
30 79 30 34 44 55 79
75 82 75 82
6 52 6 16 48 52
43 59 43 44 51 59
6 55 6 15 21 26 55
9 50 9 13 29 36 50
41 72 41 49 51 58 67 72
34 69 34 47 61 64 68 69
62 78 62 72 78
18 74 18 22 62 74
6 81 6 40 72 78 80 81
66 71 66 71
37 73 37 51 58 67 73
19 49 19 20 26 28 37 49
20 42 20 26 38 42
36 61 36 50 51 58 61
18 45 18 34 45
43 87 43 87
5 88 5 88
7 82 7 57 82
32 81 32 47 61 75 80 81
52 87 52 67 77 87
39 72 39 57 72
10 50 10 34 38 41 50
22 73 22 31 43 44 55 58 67 73
33 62 33 62
9 40 9 20 40
28 82 28 58 68 74 82
14 67 14 31 39 58 67
55 61 55 58 61
5 61 5 36 50 51 58 61
35 79 35 41 79
33 72 33 52 67 72
75 80 75 78 80
47 67 47 67
20 79 20 55 79
4 48 4 30 48
0 37 0 17 33 37
54 65 54 59 65
23 55 23 25 35 43 44 55
10 60 10 24 30 44 51 60
51 72 51 67 72
2 37 2 13 28 37
74 88 74 82 85 88
66 84 66 78 84
18 74 18 59 64 68 74
8 21 8 9 13 14 19 21
27 36 27 29 36
33 83 33 62 63 83
8 85 8 28 35 72 78 85
72 89 72 78 84 89
25 76 25 35 39 60 69 76
10 61 10 30 44 61
9 79 9 24 34 38 41 79
6 16 6 16
2 20 2 14 19 20
79 86 79 80 83 86
2 29 2 13 29
21 82 21 26 42 64 71 82
3 72 3 51 67 72
5 47 5 7 32 47
28 77 28 46 77
20 49 20 30 34 38 41 49
6 76 6 16 40 60 69 76
29 79 29 36 55 79
25 75 25 61 75
5 20 5 7 14 19 20
43 64 43 47 61 64
11 30 11 20 30
43 58 43 44 51 58
44 57 44 55 57
54 81 54 78 81
12 42 12 17 29 37 40 42
28 70 28 37 40 42 70
5 36 5 36
1 24 1 13 16 24
20 52 20 26 28 37 52
42 69 42 51 58 64 69
59 80 59 64 80
41 67 41 50 51 58 67
23 39 23 25 33 39
24 47 24 34 47
7 34 7 14 30 34
3 27 3 16 27
38 82 38 60 66 71 82
6 78 6 17 55 58 67 72 78
12 77 12 32 53 77
27 29 27 29
36 50 36 50
59 65 59 65
21 63 21 40 63
7 68 7 41 49 51 59 64 68
9 21 9 13 14 19 21
9 32 9 16 24 32
10 71 10 34 47 61 64 71
51 85 51 59 71 82 85
19 82 19 82
3 30 3 9 13 14 19 20 30
4 77 4 77
19 62 19 21 40 42 62
9 30 9 24 30
3 41 3 14 28 41
13 27 13 16 24 27
16 67 16 23 44 51 58 67
14 33 14 25 33
12 20 12 17 20
37 78 37 49 72 78
24 30 24 30
8 34 8 34
11 69 11 21 42 51 60 69
13 59 13 14 34 59
4 89 4 30 34 46 77 89
58 77 58 67 77
39 76 39 69 76
34 61 34 44 51 58 61
43 58 43 44 51 58
8 83 8 62 63 83
23 49 23 49
80 83 80 81 83
3 51 3 30 34 44 51
38 60 38 41 50 51 60
6 85 6 17 33 78 85
50 82 50 60 66 71 82
13 84 13 20 79 84
4 82 4 82
38 77 38 60 66 77
12 33 12 17 33
28 54 28 37 48 54
42 75 42 51 58 61 75
29 83 29 80 81 83
20 64 20 56 64
51 87 51 64 87
20 84 20 40 42 64 71 84
45 73 45 54 67 73
4 70 4 13 24 43 70
1 50 1 2 23 35 41 50
29 55 29 43 44 55
63 81 63 80 81
2 67 2 14 42 51 58 67
9 29 9 24 27 29
20 44 20 26 28 35 43 44
3 9 3 9
8 41 8 9 16 23 28 35 41
6 81 6 80 81
9 62 9 13 26 42 62
21 78 21 42 70 72 78
61 75 61 75
39 65 39 65
20 46 20 39 46
6 37 6 17 29 37
29 62 29 36 43 62
0 13 0 13
42 64 42 51 59 64
8 71 8 13 64 71
24 65 24 43 44 55 57 65
5 73 5 52 67 73
18 38 18 20 30 34 38
8 47 8 34 47
1 19 1 2 14 19
6 86 6 27 78 80 83 86
4 88 4 74 82 85 88
3 82 3 15 22 25 74 82
18 49 18 20 30 34 38 41 49
34 59 34 48 54 59
30 45 30 34 45
82 88 82 85 88
10 32 10 24 32
5 37 5 7 33 37
48 75 48 61 75
44 69 44 64 68 69
5 20 5 6 18 20
12 79 12 44 55 79
30 45 30 34 45
29 63 29 37 40 63
17 70 17 20 26 38 42 70
24 42 24 30 34 38 42
40 64 40 64
16 59 16 35 59
4 86 4 56 64 86
34 69 34 45 55 58 61 64 68 69
52 88 52 80 83 86 88
24 78 24 34 59 66 78
19 21 19 21
25 33 25 33
23 75 23 44 55 61 75
66 80 66 78 80
5 74 5 44 55 58 61 64 68 74
86 88 86 88
14 62 14 30 34 38 42 62
38 65 38 65
37 51 37 49 51
36 69 36 37 48 54 59 64 68 69
11 87 11 64 69 87
48 81 48 75 78 80 81
52 68 52 64 68
44 51 44 51
13 85 13 85
59 83 59 71 83
1 27 1 3 27
13 29 13 24 27 29
32 65 32 51 59 65
7 76 7 40 64 68 69 76
11 51 11 21 40 51
8 43 8 9 13 16 23 28 35 43
72 78 72 78
19 47 19 21 26 28 35 43 47
26 28 26 28
27 76 27 32 51 64 68 69 76
2 36 2 9 16 27 29 36
7 68 7 39 58 68
32 71 32 66 71
33 46 33 46
10 52 10 48 52
48 54 48 54
14 89 14 42 51 59 66 71 84 89
51 72 51 58 67 72
34 59 34 59
34 45 34 45
46 88 46 77 87 88
6 21 6 18 21
1 23 1 13 16 23
9 78 9 60 66 78
6 20 6 17 20
8 46 8 13 14 19 38 42 46
9 62 9 62
15 60 15 22 25 38 41 49 51 60
32 44 32 44
1 76 1 2 31 39 69 76
40 42 40 42
42 62 42 62
26 79 26 38 41 79
67 82 67 82
77 88 77 88
18 74 18 20 32 47 61 64 68 74
40 63 40 63
45 64 45 50 59 64
4 40 4 23 28 37 40
0 34 0 10 17 20 30 34
37 73 37 52 67 73
13 85 13 68 74 85
1 19 1 13 14 19
13 74 13 26 38 42 57 74
6 32 6 16 23 32
21 55 21 26 28 35 43 44 55
55 86 55 63 80 81 83 86
50 69 50 59 69
12 72 12 37 72
52 64 52 64
15 69 15 30 54 59 69
36 80 36 48 72 78 80
27 78 27 52 67 72 78
20 44 20 26 28 35 43 44
4 41 4 8 9 20 30 34 38 41
31 86 31 56 64 86
13 60 13 60
80 89 80 83 89
15 46 15 46
53 85 53 72 78 85
22 31 22 31
10 53 10 17 32 44 53
13 36 13 29 36
44 53 44 53
28 46 28 37 40 42 46
0 28 0 20 26 28
24 27 24 27
34 69 34 45 54 59 64 68 69
7 15 7 15
15 52 15 21 26 28 35 43 52
10 68 10 30 39 58 61 64 68
12 56 12 26 28 35 56
20 86 20 56 64 80 83 86
16 43 16 23 35 43
5 59 5 25 33 49 51 59
15 60 15 22 34 45 50 51 60
42 62 42 62
37 61 37 48 61
70 89 70 71 83 89
22 55 22 34 44 55
50 81 50 60 66 78 80 81
20 84 20 40 60 66 71 84
0 45 0 17 20 30 34 45
10 61 10 17 25 38 42 51 58 61
9 62 9 17 20 56 62
4 88 4 82 85 88
22 33 22 25 33
54 71 54 71
18 82 18 34 45 64 68 74 82
0 13 0 13
0 79 0 24 55 79
57 80 57 78 80
16 52 16 24 34 48 52
30 44 30 44
7 47 7 14 25 35 43 47
12 50 12 17 29 36 50
8 64 8 13 14 42 64
8 45 8 34 45
3 13 3 9 13
24 38 24 30 34 38
9 13 9 13
13 59 13 48 54 59
47 80 47 80
22 25 22 25
26 85 26 42 62 74 85
22 64 22 25 33 37 52 64
6 46 6 18 34 46
5 54 5 25 33 37 48 54
4 89 4 30 48 72 78 80 83 89
22 86 22 43 70 86
2 33 2 33
2 23 2 9 13 16 23
11 51 11 21 26 38 42 51
54 82 54 75 82
14 57 14 30 39 57
19 56 19 56
14 40 14 25 33 37 40
51 58 51 58
19 47 19 20 32 47
24 64 24 54 59 64
35 65 35 59 65
12 30 12 24 30
31 44 31 43 44
22 47 22 34 47
27 54 27 32 48 54
4 70 4 23 28 37 40 42 70
61 83 61 75 80 81 83
56 74 56 64 68 74
7 32 7 32
5 69 5 52 64 68 69
36 49 36 37 49
0 17 0 17
6 73 6 27 34 44 55 67 73
52 68 52 64 68
31 68 31 68
10 72 10 48 72
42 62 42 62
32 44 32 44
56 78 56 62 72 78
22 56 22 25 35 56
11 69 11 20 55 58 61 64 69
19 64 19 33 51 59 64
64 88 64 71 84 88
52 71 52 71
18 41 18 21 26 28 41
3 14 3 14
59 64 59 64
33 70 33 37 40 42 70
6 60 6 15 26 28 35 39 60
29 79 29 43 44 79
38 60 38 60
23 75 23 55 58 61 75
2 17 2 9 17
70 84 70 71 84
58 68 58 64 68
49 67 49 51 58 67
22 43 22 31 43
40 60 40 42 51 60
11 34 11 20 30 34
48 73 48 54 67 73
1 7 1 7
13 59 13 49 51 59
29 53 29 43 44 53
14 31 14 31
28 64 28 49 51 64
8 52 8 28 35 43 52
29 75 29 75
36 77 36 59 77
40 76 40 42 64 69 76
10 25 10 17 25
52 78 52 78
67 88 67 72 78 85 88
19 46 19 20 26 38 42 46
20 56 20 56
14 62 14 25 35 56 62
32 74 32 58 61 64 68 74
49 88 49 51 67 72 88
11 41 11 35 41
13 59 13 24 29 43 44 51 59
0 76 0 27 52 64 68 69 76
2 33 2 23 25 33
36 55 36 43 44 55
36 80 36 55 58 61 75 78 80
24 67 24 30 44 51 58 67
43 83 43 47 75 80 83
7 49 7 28 41 49
26 77 26 67 77
34 66 34 44 51 59 66
8 73 8 58 67 73
4 58 4 23 44 55 58
63 83 63 83
36 63 36 55 57 63
33 86 33 49 72 86
14 78 14 78
0 79 0 10 24 30 48 79
36 48 36 37 48
35 85 35 41 57 72 82 85
21 65 21 59 65
25 57 25 57
20 49 20 26 38 41 49
3 43 3 16 23 35 43
42 70 42 70
20 67 20 40 51 58 67
16 29 16 24 27 29
55 84 55 67 72 78 84
34 57 34 45 55 57
19 46 19 20 39 46
34 86 34 44 53 80 83 86
2 81 2 56 64 81
27 88 27 86 88
1 3 1 3
23 48 23 28 37 48
30 41 30 41
9 48 9 17 29 48
22 34 22 34
5 25 5 6 16 23 25
34 73 34 44 51 58 67 73
17 58 17 55 58
6 62 6 30 34 38 42 62
26 43 26 28 35 43
0 51 0 24 43 44 51
13 28 13 28
43 78 43 75 78
14 60 14 42 51 60
35 72 35 72
26 65 26 55 57 65
38 65 38 65
27 70 27 34 38 41 70
45 67 45 50 51 58 67
0 13 0 13
5 6 5 6
54 72 54 67 72
7 22 7 15 22
83 89 83 89
71 88 71 84 88
72 89 72 78 80 83 89
22 60 22 33 51 60
5 56 5 6 15 21 26 28 35 56
74 85 74 82 85
28 46 28 35 39 46
1 54 1 2 14 19 21 26 28 37 48 54
15 79 15 22 31 43 44 55 79
14 33 14 25 33
26 42 26 42
33 72 33 52 67 72
21 59 21 59
53 83 53 72 78 80 81 83
15 21 15 21
60 80 60 66 78 80
32 59 32 51 59
0 82 0 47 61 64 82
14 67 14 30 44 55 67
1 58 1 3 37 40 51 58
27 72 27 29 70 72
58 83 58 78 81 83
10 48 10 48
33 70 33 37 40 42 70
49 84 49 72 78 84
39 73 39 58 73
40 72 40 72
82 85 82 85
52 69 52 64 68 69
56 78 56 78
11 33 11 33
20 40 20 40
40 60 40 42 51 60
19 49 19 21 26 28 35 41 49
3 57 3 30 39 57
17 20 17 20
66 83 66 83
23 82 23 66 71 82
4 62 4 23 35 56 62
12 46 12 37 40 42 46
5 25 5 7 14 25
11 88 11 58 85 88
58 81 58 61 75 80 81
41 61 41 50 51 58 61
23 42 23 28 37 40 42
17 58 17 29 37 49 51 58
23 32 23 32
19 52 19 21 26 28 35 43 52
0 61 0 10 24 34 44 51 58 61
30 41 30 34 38 41
3 76 3 15 22 33 37 52 64 68 69 76
30 47 30 34 47
52 87 52 67 77 87
31 43 31 43
19 50 19 21 26 28 41 50
13 20 13 20
26 28 26 28
38 88 38 85 88
37 61 37 40 42 51 58 61
0 89 0 13 48 79 80 83 89
3 82 3 9 20 56 74 82
16 24 16 24
50 71 50 59 66 71
30 51 30 41 49 51
0 69 0 20 40 64 68 69
52 80 52 67 72 78 80
4 21 4 13 14 19 21
14 30 14 19 20 30
14 88 14 34 67 82 85 88
10 89 10 60 66 78 81 83 89
63 83 63 80 81 83
26 66 26 42 51 60 66
11 77 11 58 77
57 88 57 74 85 88
20 56 20 56
19 38 19 20 26 38
36 79 36 43 44 79
72 78 72 78
19 50 19 21 26 38 41 50
52 78 52 67 72 78
23 66 23 66
34 88 34 45 75 88
35 39 35 39
31 71 31 39 58 61 64 71
58 68 58 61 64 68
27 78 27 32 51 58 61 75 78
12 85 12 60 66 78 85
30 80 30 53 80
10 84 10 60 66 78 84
10 30 10 24 30
9 69 9 16 40 42 64 68 69
45 54 45 54
18 52 18 21 26 28 35 43 52
33 61 33 37 49 51 58 61
13 53 13 29 43 44 53
10 32 10 24 27 32
29 37 29 37
16 50 16 27 29 36 50
10 75 10 48 54 75
2 62 2 56 62
22 60 22 60
16 80 16 27 72 78 80
12 37 12 29 37
8 55 8 13 24 55
0 67 0 20 55 58 67
1 88 1 2 13 64 80 83 86 88
34 80 34 47 67 72 78 80
8 85 8 13 68 74 85
35 61 35 39 58 61
3 43 3 27 29 43
35 63 35 43 62 63
36 83 36 59 66 78 80 83
21 58 21 58
34 53 34 44 53
26 46 26 42 46
15 76 15 58 64 68 69 76
9 66 9 17 29 37 40 42 51 59 66
10 86 10 52 71 83 86
15 21 15 21
62 63 62 63
10 28 10 17 20 26 28
8 65 8 13 20 55 57 65
40 86 40 42 51 59 66 78 80 83 86
81 83 81 83
32 55 32 44 55
2 41 2 9 13 16 23 28 41
6 24 6 24
1 24 1 13 24
47 64 47 61 64
6 37 6 24 29 36 37
62 72 62 72
31 43 31 43
60 78 60 66 78
28 66 28 41 50 59 66
30 72 30 50 51 67 72
66 80 66 78 80
2 66 2 60 66
9 82 9 50 82
58 68 58 61 64 68
23 65 23 28 41 59 65
47 80 47 80
3 79 3 38 41 79
29 48 29 37 48
32 83 32 48 79 80 81 83
2 72 2 23 57 72
17 47 17 25 35 43 47
13 44 13 16 24 27 34 44
44 59 44 51 59
30 44 30 44
32 83 32 51 59 71 83
32 88 32 47 75 83 86 88
2 29 2 9 16 27 29
37 89 37 84 89
58 80 58 67 72 78 80
0 73 0 24 34 48 54 73
61 84 61 75 78 84
4 30 4 30
20 56 20 56
16 86 16 44 64 71 83 86
14 31 14 31
19 85 19 56 82 85
32 88 32 66 77 87 88
8 49 8 28 41 49
36 81 36 81
6 83 6 79 80 81 83
26 69 26 55 61 64 69
10 84 10 60 66 71 84
35 68 35 39 58 64 68
18 74 18 20 26 55 57 74
15 69 15 58 61 64 69
56 62 56 62
4 60 4 41 50 60
15 31 15 22 31
12 27 12 27
51 89 51 89
64 71 64 71
4 17 4 8 9 17
11 63 11 21 26 40 63
20 45 20 30 34 45
47 74 47 61 64 68 74
13 77 13 49 51 60 66 77
6 66 6 37 59 66
7 42 7 42
52 68 52 64 68
42 87 42 46 77 87
16 44 16 23 32 44
82 85 82 85
33 76 33 51 60 69 76
59 77 59 66 77
25 79 25 33 37 48 79
12 68 12 27 44 61 64 68
41 74 41 59 64 68 74
6 40 6 37 40
54 80 54 59 64 80
35 66 35 43 44 51 60 66
43 44 43 44
47 76 47 61 64 69 76
6 35 6 15 21 26 28 35
6 18 6 18
19 75 19 20 40 51 58 61 75
6 55 6 27 44 55
30 69 30 54 59 64 69
0 76 0 20 30 48 54 59 64 68 69 76
57 88 57 86 88
6 56 6 16 35 56
10 75 10 44 55 58 61 75
41 59 41 50 51 59
55 82 55 67 82
42 70 42 70
1 35 1 7 15 26 28 35
6 85 6 15 58 78 85
17 39 17 20 39
24 72 24 34 47 67 72
34 47 34 47
45 66 45 50 59 66
4 51 4 41 50 51
64 69 64 69
29 70 29 37 40 42 70
25 72 25 40 72
55 84 55 79 84
28 77 28 35 41 67 77
67 87 67 77 87
47 80 47 80
59 83 59 64 81 83
1 34 1 13 14 30 34
61 74 61 64 68 74
32 47 32 47
28 73 28 35 39 58 67 73
66 89 66 77 89
0 29 0 17 29
2 60 2 60
48 79 48 79
36 50 36 50
48 76 48 61 64 69 76
18 79 18 21 26 38 41 79
75 78 75 78
64 69 64 69
24 72 24 55 58 67 72
49 89 49 72 78 80 81 83 89
23 46 23 25 35 39 46
40 73 40 51 58 67 73
6 71 6 18 21 42 64 71
4 56 4 8 9 17 20 56
2 32 2 13 14 19 20 32
21 42 21 26 28 37 40 42
7 67 7 39 58 67
11 64 11 59 64
68 74 68 74
55 80 55 79 80
33 52 33 52
28 58 28 35 43 44 55 58
15 76 15 21 59 69 76
30 44 30 44
10 84 10 60 66 71 84
2 80 2 9 62 72 78 80
0 47 0 43 47
2 62 2 33 62
63 80 63 80
30 53 30 44 53
1 3 1 3
35 43 35 43
7 67 7 29 37 52 67
20 42 20 30 34 38 42
9 82 9 16 40 72 82
20 72 20 26 42 62 72
5 72 5 6 24 32 58 67 72
16 73 16 23 25 40 42 51 67 73
57 82 57 72 82
39 89 39 60 66 83 89
7 26 7 14 19 21 26
25 40 25 40
5 43 5 36 43
16 40 16 40
19 38 19 21 26 38
1 26 1 26
46 77 46 77
11 77 11 77
11 69 11 35 56 64 69
10 52 10 24 27 32 48 52
80 83 80 81 83
37 46 37 40 42 46
3 50 3 15 22 25 35 41 50
14 43 14 28 35 43
79 88 79 81 83 88
30 61 30 48 61
56 82 56 74 82
33 67 33 67
34 42 34 38 42
36 51 36 37 49 51
0 52 0 24 30 34 48 52
23 58 23 55 58
10 62 10 24 43 62
9 57 9 24 27 32 44 55 57
1 49 1 49
3 71 3 21 42 51 64 71
39 88 39 69 87 88
63 89 63 83 89
26 74 26 55 57 74
43 85 43 70 71 82 85
21 89 21 58 64 81 83 89
18 44 18 21 26 28 35 43 44
41 65 41 59 65
28 41 28 41
39 69 39 58 64 68 69
25 65 25 33 62 65
19 69 19 43 64 68 69
38 73 38 42 51 58 67 73
2 13 2 9 13
34 42 34 38 42
41 89 41 49 51 58 77 89
16 67 16 29 36 50 51 58 67
79 81 79 80 81
0 43 0 24 43
45 64 45 50 59 64
22 82 22 34 45 50 51 59 66 71 82
18 82 18 21 40 63 82
53 81 53 72 78 80 81
19 38 19 38
29 40 29 37 40
15 35 15 21 26 28 35
34 47 34 47
5 67 5 25 35 39 58 67
39 57 39 57
37 40 37 40
6 70 6 24 43 70
3 65 3 14 25 62 65
23 48 23 28 37 48
70 86 70 86
34 58 34 45 55 58
32 71 32 66 71
82 85 82 85
7 43 7 27 29 43
27 40 27 29 36 37 40
4 85 4 13 72 82 85
20 50 20 30 41 50
30 51 30 44 51
17 79 17 55 79
31 72 31 39 57 72
26 28 26 28
2 83 2 70 81 83
14 57 14 28 41 57
28 82 28 49 72 82
3 69 3 37 48 61 64 68 69
33 58 33 49 51 58
23 57 23 35 39 57
45 84 45 75 78 84
5 41 5 6 27 34 38 41
18 33 18 22 25 33
20 64 20 40 64
44 85 44 61 75 82 85
55 89 55 67 72 78 80 81 83 89
9 32 9 24 32
55 58 55 58
4 43 4 23 25 35 43
63 82 63 82
45 83 45 54 78 80 83
0 10 0 10
12 50 12 27 29 36 50
58 84 58 61 64 71 84
36 68 36 37 59 64 68
44 65 44 55 63 65
14 34 14 34
57 81 57 80 81
77 89 77 89
74 82 74 82
26 67 26 55 67
8 32 8 13 24 27 32
19 45 19 20 30 34 45
40 46 40 42 46
24 37 24 27 29 36 37
18 71 18 22 59 66 71
19 44 19 20 30 44
18 43 18 22 31 43
70 86 70 86
56 68 56 64 68
61 89 61 75 83 89
40 46 40 42 46
7 40 7 33 37 40
3 76 3 51 58 68 69 76
33 70 33 37 40 42 70
35 61 35 39 58 61
43 83 43 80 83
19 38 19 38
26 77 26 28 58 67 77
15 22 15 22
21 59 21 40 42 51 59
3 59 3 37 59
14 62 14 28 35 43 62
6 31 6 18 22 31
40 42 40 42
20 50 20 26 28 41 50
24 44 24 43 44
57 65 57 65
22 34 22 34
29 49 29 37 49
70 88 70 82 85 88
14 21 14 19 21
34 42 34 38 42
13 44 13 36 43 44
34 67 34 48 54 67
0 78 0 43 62 72 78
51 60 51 60
26 44 26 28 35 43 44
7 80 7 14 42 51 64 80
10 62 10 34 38 42 62
8 37 8 9 16 23 25 33 37
4 8 4 8
39 74 39 58 64 68 74
33 42 33 37 40 42
61 89 61 64 80 81 83 89
20 45 20 30 34 45
28 68 28 68
75 89 75 83 89
59 82 59 71 82
51 89 51 64 81 83 89
9 50 9 17 29 36 50
52 74 52 64 68 74
9 29 9 16 27 29
59 74 59 64 68 74
11 21 11 21
33 62 33 37 40 42 62
19 62 19 21 40 42 62
70 89 70 81 83 89
4 30 4 30
11 88 11 88
54 69 54 59 69
16 68 16 48 52 64 68
72 78 72 78
45 74 45 57 74
64 68 64 68
54 82 54 72 82
27 65 27 44 55 57 63 65
1 82 1 26 28 37 40 51 58 68 74 82
21 52 21 26 28 37 48 52
58 61 58 61
12 47 12 47
6 52 6 30 34 48 52
34 46 34 46
45 67 45 55 67
38 77 38 42 51 59 66 77
57 81 57 78 81
53 82 53 72 82
58 85 58 64 71 82 85
1 25 1 7 14 25
38 85 38 41 72 82 85
70 88 70 82 85 88
43 67 43 47 67
5 74 5 6 21 59 64 68 74
9 88 9 62 72 82 85 88
64 87 64 68 69 87
31 61 31 39 58 61
22 57 22 25 40 42 57
6 66 6 44 51 59 66
8 61 8 28 41 50 51 58 61
14 42 14 19 33 37 40 42
22 83 22 59 71 83
52 71 52 64 71
34 62 34 38 42 62
19 43 19 43
60 83 60 66 78 81 83
38 70 38 41 70
38 41 38 41
56 74 56 74
29 69 29 37 48 61 64 68 69
28 68 28 68
23 79 23 25 35 43 44 79
8 64 8 58 64
5 80 5 75 80
5 54 5 25 33 37 48 54
9 44 9 24 27 44
41 79 41 79
9 88 9 24 77 87 88
16 23 16 23
55 79 55 79
21 39 21 26 28 35 39
31 56 31 56
7 49 7 28 41 49
36 53 36 43 44 53
9 49 9 20 26 28 35 41 49
42 88 42 57 86 88
25 72 25 57 72
7 27 7 27
2 29 2 13 16 27 29
10 55 10 17 32 44 55
23 74 23 37 59 64 68 74
55 63 55 57 63
41 59 41 50 51 59
27 37 27 29 37
83 86 83 86
8 83 8 40 63 80 83
8 58 8 58
58 76 58 68 69 76
62 81 62 72 78 81
40 57 40 42 57
57 88 57 63 82 85 88
35 84 35 41 66 78 84
24 75 24 29 48 54 75
24 37 24 29 37
8 28 8 13 20 26 28
18 31 18 22 31
8 88 8 58 67 82 85 88
7 84 7 28 78 84
18 80 18 22 60 66 78 80
5 73 5 6 44 73
14 40 14 25 40
40 85 40 82 85
11 37 11 20 26 28 37
64 69 64 69
4 43 4 23 35 43
18 20 18 20
0 87 0 27 44 53 77 87
71 82 71 82
55 72 55 67 72
15 85 15 26 75 82 85
18 89 18 34 59 89
0 76 0 47 61 64 68 69 76
15 71 15 22 34 44 51 64 71
19 44 19 43 44
16 65 16 27 44 55 57 65
5 70 5 70
44 75 44 55 58 61 75
51 61 51 58 61
29 36 29 36
6 67 6 40 42 51 58 67
28 81 28 37 48 61 75 78 80 81
18 49 18 21 26 38 41 49
22 56 22 25 35 56
62 74 62 74
15 68 15 22 31 39 58 61 64 68
40 70 40 42 70
16 83 16 23 32 53 80 83
35 70 35 41 70
0 59 0 43 44 51 59
19 81 19 33 39 60 66 78 80 81
33 42 33 37 40 42
43 89 43 64 80 83 89
34 86 34 79 86
20 75 20 40 42 51 58 61 75
34 53 34 44 53
13 84 13 48 52 71 84
18 20 18 20
24 88 24 50 59 71 88
10 34 10 34
13 89 13 24 89
67 80 67 72 78 80
51 59 51 59
25 54 25 33 37 48 54
38 70 38 70
9 81 9 57 63 80 81
48 83 48 52 67 72 78 81 83
3 71 3 27 70 71
32 65 32 44 55 63 65
51 85 51 67 82 85
3 41 3 9 17 20 30 41
4 88 4 70 82 85 88
40 73 40 42 51 58 67 73
6 18 6 18
10 68 10 48 52 64 68
32 59 32 48 54 59
66 71 66 71
13 59 13 16 40 42 51 59
12 50 12 24 30 50
6 40 6 15 22 25 33 37 40
7 57 7 28 35 39 57
2 42 2 18 21 40 42
51 72 51 58 67 72
20 57 20 55 57
32 78 32 44 61 75 78
14 42 14 19 38 42
10 69 10 48 54 59 69
43 80 43 75 80
5 53 5 7 14 25 35 41 53
0 51 0 17 33 37 40 51
3 43 3 9 20 26 28 35 43
18 72 18 34 48 52 67 72
31 68 31 68
8 71 8 9 24 50 59 66 71
35 63 35 43 62 63
33 78 33 61 75 78
18 38 18 22 25 38
79 86 79 81 83 86
25 85 25 62 74 85
31 87 31 43 70 72 87
52 78 52 78
4 82 4 74 82
24 69 24 54 59 64 68 69
4 34 4 30 34
2 89 2 56 64 81 83 89
5 19 5 7 14 19
60 66 60 66
26 44 26 28 35 43 44
12 29 12 29
10 44 10 24 43 44
32 66 32 51 60 66
54 75 54 75
12 88 12 27 70 81 83 88
28 37 28 37
27 86 27 79 81 83 86
38 89 38 41 59 77 89
23 38 23 25 38
28 55 28 35 43 44 55
1 32 1 2 9 13 16 27 32
45 66 45 54 59 66
51 77 51 67 77
16 81 16 44 61 64 80 81
59 77 59 66 77
52 89 52 64 80 81 83 89
40 60 40 51 60
32 54 32 48 54
10 24 10 24
46 88 46 77 88
58 68 58 61 64 68
42 67 42 51 67
37 87 37 87
1 70 1 2 14 28 35 43 70
20 88 20 30 44 61 88
11 65 11 35 43 44 55 63 65
60 84 60 66 71 84
41 66 41 66
29 80 29 43 62 63 80
36 82 36 60 82
45 74 45 64 68 74
75 89 75 83 89
0 19 0 13 14 19
43 89 43 77 89
4 78 4 8 28 58 78
5 49 5 6 24 30 41 49
35 84 35 41 50 51 64 71 84
32 72 32 48 72
44 55 44 55
36 88 36 81 83 88
43 77 43 52 67 77
11 65 11 21 42 57 65
21 64 21 26 40 64
42 70 42 70
45 74 45 57 74
75 88 75 88
54 83 54 83
5 19 5 7 14 19
4 8 4 8
55 61 55 58 61
28 41 28 41
18 62 18 21 42 62
47 76 47 61 64 69 76
9 40 9 16 28 37 40
7 19 7 14 19
1 80 1 7 41 57 80
53 77 53 77
2 17 2 9 17
25 61 25 33 37 49 51 58 61
3 46 3 14 28 46
13 68 13 14 28 35 56 64 68
8 61 8 34 44 51 58 61
17 85 17 51 59 71 82 85
6 46 6 40 42 46
12 85 12 60 66 78 85
68 69 68 69
57 72 57 72
39 76 39 58 68 69 76
42 68 42 64 68
60 76 60 69 76
42 57 42 57
55 72 55 57 72
17 43 17 20 26 28 35 43
35 80 35 59 66 78 80
50 88 50 82 85 88
27 60 27 29 43 44 51 60
25 46 25 40 42 46
12 46 12 37 40 42 46
5 86 5 36 81 83 86
49 78 49 72 78
5 81 5 37 51 67 72 78 80 81
45 67 45 67
61 75 61 75
57 82 57 72 82
60 81 60 66 78 81
23 68 23 44 64 68
11 88 11 21 40 60 69 87 88
32 54 32 48 54
36 80 36 59 64 80
2 82 2 56 62 74 82
48 59 48 54 59
20 57 20 39 57
49 74 49 51 64 68 74
34 86 34 44 55 63 80 81 83 86
14 43 14 31 43
60 81 60 66 78 81
36 58 36 43 44 51 58
2 26 2 9 13 14 19 20 26
56 85 56 62 74 85
35 64 35 41 50 51 58 64
3 58 3 58
49 76 49 69 76
1 32 1 13 14 19 20 32
75 80 75 80
63 65 63 65
14 65 14 42 62 65
19 65 19 62 65
7 82 7 33 49 51 64 68 74 82
4 20 4 13 20
23 33 23 25 33
31 63 31 43 44 55 57 63
39 72 39 58 67 72
36 50 36 50
29 75 29 75
54 86 54 59 64 80 81 83 86
27 66 27 32 51 59 66
25 81 25 57 63 80 81
26 85 26 28 68 74 85
32 67 32 51 67
34 50 34 38 41 50
22 55 22 31 43 44 55
72 86 72 86
0 82 0 20 26 75 82
53 80 53 80
30 47 30 34 47
56 81 56 78 80 81
24 53 24 29 36 43 44 53
71 88 71 83 88
22 82 22 34 59 71 82
2 33 2 14 19 33
59 80 59 64 80
60 86 60 66 78 81 83 86
30 69 30 48 54 59 64 69
29 72 29 36 50 51 67 72
6 16 6 16
23 65 23 28 35 63 65
7 39 7 14 31 39
38 69 38 41 50 59 64 69
3 50 3 21 26 38 41 50
0 28 0 20 26 28
31 88 31 39 85 88
40 85 40 51 60 66 78 85
33 62 33 37 40 42 62
62 72 62 72
70 89 70 72 78 84 89
32 52 32 48 52
11 71 11 58 64 71
37 48 37 48
63 83 63 80 83
44 73 44 51 67 73
8 47 8 28 35 43 47
24 59 24 54 59
62 72 62 72
25 65 25 40 51 59 65
32 80 32 48 79 80
13 14 13 14
23 37 23 37
10 30 10 30
39 87 39 57 72 87
36 59 36 48 54 59
43 69 43 44 64 68 69
16 67 16 48 52 67
1 47 1 7 29 43 47
38 89 38 41 79 84 89
6 81 6 27 32 47 80 81
41 83 41 49 51 59 66 78 81 83
19 69 19 33 49 51 64 68 69
60 88 60 66 78 84 88
11 35 11 21 26 28 35
47 64 47 61 64
20 87 20 56 62 72 87
5 74 5 52 64 68 74
22 68 22 31 39 58 61 64 68
0 72 0 43 52 67 72
2 70 2 70
43 46 43 46
0 69 0 52 64 68 69
11 68 11 20 59 64 68
3 83 3 14 59 71 83
1 89 1 39 46 77 89
21 54 21 26 28 37 48 54
17 71 17 29 43 52 64 71
1 88 1 26 88
80 81 80 81
15 45 15 30 34 45
27 62 27 34 38 42 62
13 24 13 16 24
37 89 37 77 89
10 75 10 34 48 54 75
60 80 60 66 78 80
32 65 32 48 54 59 65
25 80 25 61 64 80
14 35 14 28 35
26 86 26 67 72 86
36 71 36 37 49 51 60 66 71
20 44 20 32 44
8 9 8 9
37 48 37 48
20 82 20 30 68 74 82
34 46 34 38 42 46
24 89 24 30 48 52 83 89
8 60 8 9 17 51 60
30 53 30 53
9 17 9 17
19 78 19 38 41 78
9 66 9 60 66
70 88 70 88
41 70 41 70
17 29 17 29
8 60 8 28 41 50 60
31 52 31 43 52
5 73 5 44 55 67 73
2 32 2 14 19 20 32
32 66 32 44 51 59 66
48 71 48 52 64 71
14 76 14 42 51 60 69 76
22 83 22 25 81 83
9 76 9 20 30 76
26 88 26 42 46 77 88
82 85 82 85
79 88 79 83 86 88
6 86 6 44 78 80 81 83 86
49 78 49 72 78
33 72 33 62 72
22 54 22 33 37 48 54
59 71 59 66 71
5 69 5 44 51 58 64 69
15 52 15 30 34 48 52
7 15 7 15
24 47 24 43 47
31 44 31 43 44
18 80 18 59 66 78 80
43 67 43 47 67
43 58 43 44 51 58
27 63 27 34 44 55 57 63
28 37 28 37
29 70 29 37 40 42 70
68 69 68 69
5 80 5 25 61 75 80
2 72 2 18 34 45 67 72
8 23 8 9 16 23
55 73 55 58 73
49 68 49 51 64 68
62 82 62 72 82
35 41 35 41
0 30 0 20 30
50 71 50 59 71
8 65 8 9 50 51 59 65
23 66 23 28 49 51 59 66
26 67 26 42 51 67
25 35 25 35
1 50 1 2 14 34 38 41 50
19 82 19 38 42 62 72 82
15 69 15 26 68 69
1 23 1 3 9 13 16 23
84 88 84 88
0 73 0 45 73
47 88 47 77 87 88
62 87 62 72 87
16 61 16 23 49 51 58 61
72 88 72 78 81 83 88
57 86 57 83 86
36 83 36 59 71 83
0 76 0 10 48 52 64 68 69 76
4 13 4 13
49 76 49 76
6 85 6 21 58 85
14 59 14 30 48 54 59
53 88 53 77 88
1 13 1 2 9 13
6 41 6 27 34 38 41
63 81 63 80 81
29 36 29 36
8 84 8 62 72 78 84
19 64 19 21 42 64
10 24 10 24
20 44 20 32 44
19 78 19 21 40 51 59 66 78
16 53 16 28 41 53
7 49 7 49
21 26 21 26
21 42 21 26 38 42
30 55 30 44 55
80 83 80 83
14 47 14 30 34 47
3 9 3 9
15 49 15 30 34 38 41 49
41 61 41 50 51 58 61
17 38 17 20 26 38
21 58 21 58
37 76 37 51 60 69 76
4 89 4 56 62 63 80 81 83 89
16 87 16 24 34 45 50 60 69 87
4 75 4 41 49 51 58 61 75
38 77 38 42 51 59 77
8 41 8 28 35 41
25 57 25 57
26 52 26 28 35 43 52
37 40 37 40
15 70 15 22 43 70
18 86 18 72 86
27 81 27 34 44 55 57 78 81
33 60 33 39 60
70 81 70 72 78 81
50 69 50 51 58 68 69
21 47 21 26 28 35 43 47
33 66 33 49 51 59 66
39 89 39 60 66 78 80 83 89
18 51 18 34 45 50 51
17 60 17 33 37 40 60
2 70 2 31 43 70
9 24 9 16 24
19 85 19 62 74 85
40 89 40 64 80 83 89
2 55 2 31 43 44 55
0 50 0 20 26 38 41 50
19 28 19 20 26 28
31 81 31 43 64 81
60 69 60 69
38 70 38 41 70
30 72 30 53 72
40 42 40 42
80 83 80 83
7 82 7 42 70 72 82
41 81 41 59 66 78 80 81
23 40 23 28 37 40
17 79 17 33 37 48 79
44 53 44 53
66 71 66 71
30 69 30 54 59 64 69
25 38 25 38
67 87 67 77 87
10 89 10 30 34 79 83 89
60 82 60 82
13 50 13 29 36 50
2 37 2 14 19 20 26 28 37
5 34 5 6 15 22 34
64 88 64 68 74 82 85 88
60 88 60 82 85 88
0 78 0 59 66 78
33 52 33 52
42 84 42 57 72 78 84
54 73 54 73
4 74 4 23 32 51 58 61 64 68 74
13 43 13 29 36 43
25 67 25 35 41 49 51 67
25 70 25 38 42 70
1 54 1 26 28 37 48 54
14 76 14 25 33 52 64 68 69 76
64 82 64 71 82
0 80 0 47 67 72 78 80
4 64 4 8 40 64
4 49 4 30 34 38 41 49
72 86 72 86
28 35 28 35
44 80 44 53 80
20 70 20 40 42 70
19 21 19 21
20 58 20 55 58
16 61 16 29 36 55 61
70 72 70 72
5 6 5 6
14 47 14 31 43 47
14 82 14 42 62 74 82
58 77 58 77
15 75 15 58 61 75
32 55 32 44 55
12 88 12 32 58 64 68 69 87 88
8 37 8 13 28 37
7 44 7 43 44
74 82 74 82
35 84 35 43 52 67 72 78 84
2 31 2 14 31
32 69 32 47 61 64 69
9 20 9 20
7 88 7 43 44 78 81 83 88
79 84 79 84
41 68 41 49 51 64 68
64 82 64 68 74 82
38 67 38 42 51 67
4 28 4 13 14 28
81 88 81 83 86 88
21 80 21 59 66 78 80
8 23 8 13 16 23
49 81 49 72 78 80 81
10 68 10 44 51 58 64 68
33 70 33 37 40 42 70
7 29 7 29
59 86 59 86
8 21 8 13 14 19 21
53 81 53 80 81
25 79 25 35 41 79
2 14 2 13 14
18 39 18 22 25 33 39
9 50 9 20 26 28 35 41 50
45 76 45 54 59 64 68 69 76
6 31 6 16 31
7 70 7 43 70
9 52 9 32 48 52
8 57 8 13 36 37 40 42 57
47 80 47 80
44 69 44 55 61 64 68 69
22 34 22 34
5 79 5 7 15 22 31 43 44 55 79
12 44 12 32 44
27 79 27 79
5 7 5 7
75 83 75 78 80 83
53 82 53 72 82
27 63 27 32 44 55 63
28 69 28 64 69
59 68 59 64 68
3 52 3 30 34 45 52
7 41 7 41
25 35 25 35
23 63 23 25 33 37 40 63
83 88 83 86 88
2 81 2 72 78 80 81
6 41 6 16 24 30 41
32 55 32 44 55
40 78 40 51 67 72 78
6 47 6 16 31 43 47
64 87 64 87
9 66 9 13 20 40 60 66
5 69 5 7 43 64 69
4 58 4 8 41 50 51 58
48 79 48 79
36 88 36 60 82 85 88
25 61 25 38 41 49 51 58 61
43 59 43 44 51 59
17 59 17 29 36 50 51 59
13 29 13 24 29
26 47 26 28 35 43 47
39 71 39 58 61 64 71
7 43 7 29 43
16 45 16 24 27 34 45
35 59 35 41 49 51 59
1 37 1 13 14 19 20 26 28 37
9 16 9 16
22 57 22 34 38 42 57
10 50 10 34 38 41 50
50 61 50 51 58 61
55 82 55 57 82
8 51 8 34 45 50 51
40 62 40 42 62
9 17 9 17
55 73 55 58 73
17 63 17 29 36 37 40 42 57 63
34 60 34 45 50 51 60
58 80 58 67 72 78 80
50 59 50 59
1 39 1 13 14 30 39
31 88 31 56 62 63 80 83 88
57 83 57 63 83
40 51 40 42 51
6 79 6 15 30 41 79
23 65 23 55 57 65
22 87 22 33 62 72 87
7 47 7 32 47
31 63 31 43 44 55 57 63
32 58 32 44 51 58
35 70 35 41 70
39 88 39 46 77 87 88
16 83 16 83
27 66 27 44 51 59 66
53 85 53 72 78 85
29 80 29 48 75 80
59 86 59 86
28 69 28 35 41 59 64 69
17 32 17 32
62 78 62 72 78
3 37 3 9 20 26 28 37
25 67 25 38 42 51 67
77 87 77 87
6 39 6 18 21 26 28 35 39
24 39 24 30 39
24 82 24 50 82
11 56 11 35 56
11 47 11 20 30 34 47
33 49 33 37 49
25 72 25 38 42 57 72
39 76 39 58 64 69 76
58 61 58 61
44 88 44 53 84 88
62 65 62 63 65
19 43 19 43
16 87 16 44 61 64 69 87
20 35 20 26 28 35
38 41 38 41
22 54 22 34 48 54
20 39 20 30 39
6 67 6 40 51 67
9 17 9 17
83 86 83 86
3 59 3 15 26 42 51 59
26 66 26 40 51 60 66
2 32 2 14 19 20 32
22 37 22 25 33 37
35 80 35 56 64 80
55 79 55 79
23 87 23 35 39 46 77 87
11 66 11 21 59 66
15 71 15 26 55 58 64 71
45 57 45 55 57
3 20 3 9 17 20
18 59 18 59
64 86 64 80 81 83 86
1 23 1 3 16 23
83 86 83 86
0 89 0 80 83 89
52 78 52 67 72 78
0 70 0 27 34 38 42 70
54 65 54 59 65
24 77 24 34 67 77
44 84 44 55 84
25 87 25 33 67 72 87
70 71 70 71
67 85 67 72 78 85
6 43 6 16 27 29 43
32 53 32 53
34 66 34 45 50 59 66
12 88 12 27 53 80 83 88
5 88 5 44 78 81 83 86 88
0 24 0 13 16 24
39 72 39 58 67 72
8 61 8 58 61
20 74 20 40 68 74
5 69 5 61 64 68 69
30 65 30 65
68 74 68 74
40 85 40 78 85
34 46 34 46
6 66 6 37 59 66
35 39 35 39
3 52 3 21 26 28 35 43 52
78 80 78 80
28 58 28 41 50 51 58
55 73 55 58 67 73
28 55 28 35 43 44 55
84 89 84 89
10 84 10 44 61 64 71 84
2 39 2 23 25 35 39
23 87 23 68 69 87
16 25 16 23 25
2 69 2 31 56 64 69
33 70 33 37 40 42 70
47 61 47 61
80 81 80 81
27 62 27 29 36 37 40 42 62
22 81 22 34 44 51 60 66 78 80 81
24 73 24 73
9 26 9 13 26
36 60 36 50 51 60
7 57 7 29 36 55 57
21 79 21 26 38 41 79
19 46 19 38 42 46
20 46 20 26 38 42 46
29 70 29 37 40 42 70
70 88 70 81 83 88
23 54 23 32 48 54
26 70 26 42 70
42 46 42 46
19 65 19 38 42 51 59 65
38 76 38 42 51 58 64 68 69 76
19 82 19 56 62 74 82
16 27 16 27
6 44 6 31 43 44
8 49 8 9 20 30 41 49
8 65 8 62 65
24 32 24 27 32
44 75 44 61 75
2 81 2 23 57 78 81
0 44 0 17 29 43 44
21 64 21 59 64
15 49 15 30 41 49
52 77 52 67 77
13 50 13 20 30 41 50
17 29 17 29
6 62 6 17 33 62
11 51 11 20 30 50 51
30 76 30 44 61 64 69 76
4 60 4 8 41 50 60
20 32 20 32
22 31 22 31
32 59 32 51 59
35 52 35 43 52
24 29 24 27 29
27 32 27 32
10 72 10 44 55 58 67 72
4 62 4 8 9 13 29 37 40 42 62
3 89 3 38 60 66 71 84 89
24 80 24 29 70 72 78 80
41 72 41 50 51 58 67 72
1 74 1 37 52 64 68 74
1 13 1 3 9 13
41 75 41 50 51 58 61 75
15 52 15 22 31 43 52
0 40 0 17 25 33 37 40
59 74 59 64 68 74
38 70 38 70
26 86 26 40 72 86
2 89 2 70 81 83 89
38 73 38 42 51 58 73
35 85 35 41 59 71 82 85
44 89 44 78 81 83 89
34 53 34 44 53
33 52 33 52
1 36 1 3 16 24 29 36
54 73 54 73
33 78 33 37 72 78
21 78 21 26 75 78
3 75 3 16 23 44 51 58 61 75
25 46 25 35 43 46
42 70 42 70
24 69 24 43 47 61 64 69
10 73 10 44 51 67 73
58 83 58 78 81 83
27 66 27 34 59 66
13 43 13 16 29 43
48 83 48 72 78 80 83
27 64 27 29 48 61 64
51 72 51 67 72
39 46 39 46
26 60 26 28 35 39 60
15 60 15 30 50 51 60
11 65 11 21 26 55 63 65
8 28 8 9 16 23 28
37 69 37 49 69
5 18 5 6 18
51 77 51 59 66 77
59 89 59 89
16 50 16 28 41 50
20 60 20 40 60
45 63 45 55 63
16 73 16 40 42 51 58 73
87 88 87 88
6 77 6 16 35 43 52 77
18 26 18 21 26
20 46 20 40 42 46
18 73 18 34 47 67 73
8 89 8 28 49 51 59 71 83 89
23 32 23 32
45 66 45 54 59 66
19 45 19 20 30 34 45
24 70 24 27 70
25 87 25 33 62 72 87
31 81 31 39 58 78 80 81
38 89 38 63 83 89
10 48 10 48
12 66 12 26 42 51 60 66
1 34 1 13 20 30 34
12 56 12 26 28 35 56
18 21 18 21
2 13 2 13
45 77 45 55 58 67 77
2 45 2 9 17 20 30 34 45
21 39 21 26 28 35 39
16 43 16 28 35 43
55 79 55 79
44 55 44 55
13 81 13 72 78 80 81
10 37 10 17 20 26 28 37
6 35 6 21 26 28 35
36 64 36 48 52 64
20 32 20 32
24 77 24 55 58 67 77
41 72 41 67 72
9 88 9 13 74 85 88
52 88 52 71 83 86 88
41 81 41 63 80 81
43 85 43 47 61 75 82 85
32 66 32 48 54 59 66
71 84 71 84
49 51 49 51
20 39 20 26 28 35 39
54 83 54 59 71 83
54 77 54 59 77
3 42 3 27 34 38 42
0 21 0 13 14 19 21
9 32 9 13 24 27 32
58 67 58 67
11 57 11 33 39 57
18 21 18 21
14 62 14 34 38 42 62
13 88 13 72 78 80 81 83 88
28 42 28 37 40 42
12 56 12 17 20 26 28 35 56
3 23 3 16 23
25 61 25 33 61
27 86 27 86
10 84 10 60 66 78 84
28 75 28 37 40 42 51 58 61 75
81 88 81 83 86 88
7 36 7 27 29 36
21 38 21 26 38
3 23 3 16 23
58 61 58 61
42 76 42 51 58 64 68 69 76
41 86 41 50 51 59 71 83 86
17 51 17 29 43 44 51
19 62 19 38 42 62
54 82 54 75 82
12 57 12 27 34 45 55 57
25 59 25 40 42 51 59
20 76 20 40 64 68 69 76
5 74 5 6 27 58 64 68 74
43 67 43 52 67
17 51 17 25 35 41 49 51
10 40 10 17 25 33 37 40
5 84 5 64 71 84
63 80 63 80
15 69 15 26 40 60 69
37 77 37 48 52 67 77
20 79 20 26 28 37 48 79
56 74 56 62 74
37 84 37 59 64 71 84
5 67 5 44 55 58 67
22 33 22 25 33
26 80 26 67 72 78 80
54 71 54 71
32 55 32 44 55
44 58 44 51 58
57 81 57 78 81
50 81 50 60 66 78 80 81
63 80 63 80
20 87 20 40 64 69 87
11 45 11 20 30 34 45
11 58 11 35 43 44 51 58
1 24 1 2 13 16 24
25 72 25 35 56 62 72
48 75 48 61 75
13 84 13 84
45 55 45 55
2 9 2 9
0 86 0 67 72 78 80 81 83 86
2 82 2 57 74 82
30 68 30 50 59 64 68
27 34 27 34
13 34 13 24 34
38 60 38 60
4 77 4 60 66 77
32 71 32 58 64 71
24 75 24 54 75
38 64 38 41 59 64
1 76 1 2 14 30 48 54 59 64 68 69 76
6 56 6 16 23 35 56
13 40 13 28 37 40
46 77 46 77
48 54 48 54
24 83 24 34 67 72 78 80 81 83
24 38 24 27 34 38
9 50 9 20 30 34 38 41 50
37 84 37 40 60 66 78 84
2 80 2 70 72 78 80
57 89 57 80 83 89
42 76 42 64 69 76
40 64 40 51 58 64
19 77 19 38 60 66 77
12 61 12 50 51 58 61
41 75 41 50 51 58 61 75
59 65 59 65
8 85 8 28 49 51 59 64 68 74 85
25 59 25 40 51 59
3 77 3 21 40 51 58 77
3 45 3 14 30 34 45
30 82 30 68 74 82
27 58 27 34 45 55 58
61 83 61 75 78 81 83
53 82 53 72 82
50 81 50 60 66 78 80 81
50 69 50 51 60 69
41 88 41 70 86 88
54 83 54 59 64 81 83
39 89 39 60 66 78 81 83 89
40 89 40 89
54 68 54 59 64 68
5 25 5 25
59 82 59 66 71 82
56 82 56 74 82
7 42 7 42
79 89 79 84 89
49 72 49 51 58 67 72
50 69 50 51 60 69
21 76 21 26 68 69 76
16 23 16 23
17 80 17 25 40 78 80
35 79 35 41 79
1 43 1 19 21 26 28 35 43
34 58 34 44 55 58
79 88 79 84 88
5 74 5 6 17 20 26 68 74
61 64 61 64
43 79 43 44 55 79
34 80 34 59 64 80
12 32 12 17 32
23 67 23 28 35 41 67
4 41 4 13 16 38 41
59 76 59 64 69 76
17 51 17 33 49 51
23 42 23 37 40 42
40 73 40 51 67 73
3 52 3 37 52
54 75 54 75
28 50 28 35 41 50
62 65 62 65
9 44 9 24 34 44
38 73 38 41 67 73
23 40 23 37 40
18 72 18 21 26 38 41 72
4 49 4 49
58 67 58 67
59 66 59 66
35 65 35 65
7 87 7 40 60 66 77 87
26 86 26 28 41 50 59 66 83 86
20 44 20 26 28 35 43 44
48 84 48 75 78 84
20 41 20 30 34 38 41
32 55 32 44 55
13 88 13 74 85 88
47 75 47 75
2 66 2 60 66
8 55 8 9 20 26 28 35 43 44 55
37 60 37 51 60
3 14 3 9 13 14
7 15 7 15
24 52 24 29 36 48 52
51 81 51 67 72 78 81
68 88 68 69 88
61 89 61 64 80 81 83 89
79 83 79 81 83
18 34 18 34
7 80 7 29 70 72 78 80
3 33 3 16 23 25 33
15 22 15 22
5 72 5 70 72
20 49 20 26 28 41 49
21 65 21 40 63 65
0 61 0 13 26 42 51 58 61
26 57 26 38 42 57
23 82 23 25 33 72 82
49 74 49 51 58 64 68 74
11 21 11 21
80 89 80 81 83 89
13 46 13 46
22 83 22 60 66 71 83
1 27 1 13 24 27
14 42 14 30 34 38 42
9 16 9 16
37 65 37 40 63 65
14 25 14 25
41 49 41 49
14 68 14 30 39 58 61 64 68
22 34 22 34
8 45 8 9 16 27 34 45
42 70 42 70
27 83 27 44 64 81 83
13 26 13 26
19 38 19 38
29 57 29 36 55 57
51 66 51 59 66
19 63 19 33 39 57 63
49 72 49 72
11 47 11 35 43 47
62 81 62 72 78 80 81
23 75 23 35 43 44 61 75
61 74 61 64 68 74
10 55 10 17 20 55
2 71 2 56 64 71
20 42 20 26 38 42
3 23 3 9 16 23
55 86 55 67 72 86
13 74 13 20 30 39 57 74
48 81 48 54 78 80 81
0 34 0 20 30 34
1 34 1 19 20 30 34
67 73 67 73
5 64 5 52 64
24 81 24 81
19 69 19 21 26 38 42 51 64 69
6 17 6 17
7 40 7 27 29 37 40
30 76 30 34 47 61 64 69 76
3 15 3 15
6 17 6 17
15 68 15 58 61 64 68
49 76 49 69 76
1 70 1 7 27 29 70
11 33 11 33
23 82 23 37 48 75 82
11 70 11 70
15 31 15 22 31
4 21 4 13 14 19 21
32 75 32 44 55 58 61 75
1 13 1 13
11 48 11 20 30 48
16 27 16 24 27
2 88 2 78 80 83 88
22 87 22 43 70 72 87
11 82 11 35 72 82
44 59 44 51 59
2 18 2 18
31 86 31 56 64 80 81 83 86
31 52 31 43 52
75 78 75 78
13 74 13 48 61 64 68 74
56 68 56 64 68
24 41 24 27 34 38 41
66 71 66 71
6 54 6 37 48 54
41 66 41 49 51 59 66
70 84 70 72 78 84
10 60 10 17 32 51 60
18 43 18 22 25 35 43
11 89 11 58 64 71 83 89
3 25 3 14 25
0 17 0 10 17
7 49 7 15 26 28 49
2 78 2 56 78
3 9 3 9
33 82 33 82
30 34 30 34
4 17 4 8 9 17
59 68 59 64 68
26 88 26 80 81 83 88
61 83 61 75 78 80 83
44 67 44 51 58 67
7 77 7 43 46 77
1 65 1 39 65
19 52 19 33 52
4 43 4 23 25 35 43
54 69 54 59 64 69
43 52 43 52
53 83 53 80 81 83
0 57 0 17 33 37 40 42 57
21 52 21 26 28 35 43 52
9 20 9 17 20
22 37 22 25 33 37
7 49 7 33 49
44 85 44 55 57 72 78 85
8 37 8 9 13 20 26 28 37
26 54 26 28 37 48 54
27 72 27 70 72
22 31 22 31
2 62 2 13 16 40 42 62
63 88 63 88
39 67 39 58 67
42 69 42 64 69
26 60 26 42 51 60
21 59 21 42 51 59
4 20 4 13 14 19 20
43 62 43 62
33 60 33 39 60
55 73 55 58 67 73
54 80 54 75 78 80
20 88 20 39 60 69 88
5 18 5 6 18
36 71 36 37 48 54 71
3 45 3 16 27 34 45
27 86 27 79 83 86
3 9 3 9
11 64 11 64
38 60 38 60
48 61 48 61
9 35 9 13 26 28 35
24 82 24 55 61 75 82
61 83 61 64 80 81 83
55 89 55 63 83 89
15 39 15 26 28 35 39
6 29 6 16 29
26 79 26 38 41 79
13 81 13 24 64 80 81
80 86 80 83 86
25 33 25 33
15 69 15 22 33 49 69
23 77 23 28 49 51 59 66 77
23 71 23 25 40 51 60 66 71
38 69 38 60 69
35 59 35 43 44 51 59
9 24 9 13 16 24
77 88 77 88
57 80 57 80
20 64 20 32 44 51 64
14 88 14 25 38 63 80 81 83 88
15 51 15 30 44 51
9 32 9 32
32 80 32 47 61 64 80
13 60 13 24 50 60
24 81 24 30 39 60 66 78 80 81
19 20 19 20
14 68 14 30 39 58 61 64 68
16 35 16 28 35
16 67 16 28 41 67
5 73 5 36 37 49 51 58 73
4 51 4 13 14 31 43 44 51
51 85 51 67 82 85
20 87 20 77 87
70 71 70 71
62 74 62 74
20 73 20 73
6 86 6 31 39 58 67 72 86
14 88 14 34 59 71 84 88
1 40 1 37 40
1 3 1 3
4 87 4 69 87
35 39 35 39
49 74 49 51 59 64 68 74
37 84 37 59 71 84
21 71 21 59 64 71
2 82 2 57 72 82
15 70 15 26 38 42 70
19 45 19 20 30 34 45
11 39 11 35 39
12 41 12 17 20 30 34 38 41
44 78 44 51 59 66 78
32 72 32 51 67 72
5 55 5 6 15 30 34 45 55
25 74 25 35 39 58 61 64 68 74
12 68 12 17 55 58 61 64 68
63 86 63 83 86
2 20 2 13 20
16 80 16 27 32 58 64 80
8 28 8 13 28
40 57 40 42 57
17 38 17 20 30 34 38
16 86 16 24 30 50 60 66 71 83 86
36 59 36 43 44 51 59
24 59 24 34 45 54 59
17 81 17 78 81
31 81 31 39 60 66 78 80 81
18 77 18 59 66 77
39 88 39 58 64 81 83 88
61 75 61 75
1 9 1 3 9
35 43 35 43
50 82 50 82
50 61 50 51 58 61
32 53 32 53
55 72 55 67 72
0 45 0 24 27 34 45
25 67 25 38 41 49 51 67
13 66 13 60 66
53 82 53 72 82
24 52 24 30 34 45 52
32 85 32 51 60 66 71 82 85
48 54 48 54
25 85 25 40 63 82 85
22 82 22 31 56 64 82
40 72 40 42 62 72
25 82 25 61 75 82
26 55 26 28 35 43 44 55
61 71 61 64 71
32 75 32 58 61 75
26 54 26 28 37 48 54
6 45 6 30 34 45
26 80 26 40 78 80
0 45 0 10 30 34 45
21 46 21 26 28 46
26 73 26 40 51 67 73
10 32 10 17 20 32
60 86 60 66 78 81 83 86
16 80 16 24 80
43 76 43 64 68 69 76
60 77 60 66 77
18 48 18 21 26 28 37 48
33 58 33 51 58
29 76 29 48 61 64 69 76
14 83 14 70 72 78 80 81 83
3 45 3 16 27 34 45
8 21 8 13 14 19 21
31 88 31 39 85 88
21 52 21 26 28 37 48 52
3 42 3 37 40 42
47 74 47 61 64 68 74
62 65 62 63 65
62 85 62 63 82 85
48 81 48 52 80 81
38 76 38 41 59 69 76
2 58 2 13 14 31 43 44 55 58
58 81 58 67 72 78 81
13 68 13 68
41 74 41 57 74
67 72 67 72
12 85 12 26 68 74 82 85
13 36 13 36
12 61 12 26 28 58 61
33 37 33 37
25 37 25 33 37
21 80 21 42 57 80
6 76 6 44 61 64 68 69 76
55 80 55 79 80
19 42 19 21 40 42
47 67 47 67
14 62 14 30 34 38 42 62
23 53 23 28 35 41 53
28 62 28 37 40 42 62
41 86 41 70 72 86
42 58 42 51 58
59 64 59 64
23 40 23 25 40
30 87 30 44 64 69 87
17 78 17 51 60 66 78
4 88 4 23 57 82 85 88
12 70 12 24 29 36 43 70
48 79 48 79
59 86 59 71 83 86
24 59 24 30 34 44 51 59
12 71 12 27 44 51 60 66 71
3 29 3 27 29
14 76 14 25 69 76
7 83 7 27 78 80 81 83
6 21 6 21
80 83 80 83
13 25 13 14 25
13 54 13 16 24 30 54
11 30 11 20 30
68 88 68 69 87 88
15 26 15 26
6 37 6 37
10 55 10 17 32 44 55
51 88 51 88
60 86 60 66 78 81 83 86
34 47 34 47
9 71 9 16 38 60 66 71
25 88 25 85 88
0 78 0 24 50 51 59 66 78
24 67 24 27 58 67
11 57 11 21 42 57
8 47 8 34 47
10 79 10 24 30 44 55 79
21 65 21 26 55 57 65
40 84 40 78 84
55 84 55 58 67 72 78 84
14 75 14 28 58 61 75
39 76 39 76
19 78 19 20 30 54 75 78
9 71 9 16 31 43 52 64 71
8 71 8 28 58 61 64 71
38 64 38 41 59 64
6 71 6 27 58 61 64 71
1 36 1 7 29 36
0 24 0 13 16 24
21 54 21 26 28 37 48 54
81 83 81 83
18 82 18 20 39 60 82
18 41 18 21 26 38 41
41 65 41 49 51 59 65
17 32 17 20 32
64 86 64 86
29 48 29 48
20 60 20 32 51 60
21 73 21 26 40 51 67 73
2 53 2 13 36 43 44 53
3 77 3 14 31 43 47 77
60 69 60 69
84 89 84 89
48 76 48 54 59 69 76
2 32 2 13 14 19 20 32
35 77 35 41 53 77
61 64 61 64
33 52 33 52
29 82 29 37 59 66 71 82
23 28 23 28
11 64 11 20 26 55 61 64
39 77 39 60 66 77
31 56 31 56
25 56 25 35 56
6 88 6 21 59 66 77 87 88
7 87 7 29 37 49 69 87
20 44 20 32 44
15 46 15 21 40 42 46
18 21 18 21
15 21 15 21
27 79 27 32 44 55 79
22 87 22 25 69 87
58 80 58 67 72 78 80
66 80 66 78 80
8 64 8 40 42 51 64
9 48 9 20 32 48
30 46 30 34 46
30 87 30 53 77 87
13 76 13 29 37 49 69 76
3 48 3 9 24 32 48
78 80 78 80
30 54 30 48 54
34 46 34 46
9 62 9 17 33 37 40 42 62
16 25 16 23 25
11 45 11 20 30 34 45
2 49 2 14 25 38 41 49
40 62 40 42 62
26 63 26 55 63
11 64 11 64
10 28 10 17 20 26 28
14 60 14 28 41 50 51 60
19 41 19 21 26 38 41
36 55 36 43 44 55
2 37 2 18 22 25 33 37
15 21 15 21
4 58 4 49 51 58
29 49 29 37 49
45 83 45 67 72 78 81 83
14 67 14 19 38 41 50 51 58 67
22 59 22 33 37 59
9 31 9 16 31
24 89 24 89
21 39 21 26 28 35 39
2 33 2 14 19 33
54 88 54 75 83 88
4 33 4 23 25 33
28 69 28 58 61 64 68 69
41 89 41 70 71 84 89
66 89 66 71 84 89
39 58 39 58
55 57 55 57
14 59 14 31 43 44 51 59
23 39 23 35 39
49 64 49 51 59 64
13 46 13 26 38 42 46
2 17 2 9 17
32 69 32 48 54 59 64 68 69
12 45 12 27 34 45
31 43 31 43
10 55 10 17 55
53 80 53 80
24 89 24 29 80 83 89
11 65 11 20 32 44 55 63 65
12 50 12 27 34 45 50
49 76 49 51 60 69 76
25 82 25 33 37 40 68 74 82
61 80 61 75 78 80
30 79 30 48 79
69 87 69 87
5 25 5 25
14 51 14 34 44 51
51 86 51 58 67 72 86
15 30 15 30
37 61 37 49 51 58 61
5 19 5 7 14 19
15 65 15 26 28 37 49 51 59 65
11 71 11 35 39 58 64 71
31 56 31 56
20 81 20 56 64 80 81
12 60 12 27 44 51 60
69 88 69 88
40 57 40 42 57
24 66 24 32 51 60 66
35 63 35 56 62 63
7 28 7 15 26 28
41 66 41 59 66
19 21 19 21
6 27 6 16 24 27
60 80 60 66 78 80
44 75 44 55 61 75
44 85 44 53 72 78 85
9 85 9 82 85
3 58 3 15 22 43 44 51 58
11 66 11 20 40 51 60 66
13 53 13 24 34 44 53
44 51 44 51
43 59 43 44 51 59
21 77 21 26 38 41 53 77
6 44 6 31 43 44
21 85 21 26 68 74 85
75 88 75 80 81 83 88
50 69 50 60 69
5 44 5 44
15 30 15 30
35 78 35 72 78
47 72 47 67 72
3 9 3 9
39 83 39 60 66 83
30 60 30 41 50 60
49 67 49 51 58 67
45 75 45 50 51 58 61 75
59 82 59 66 71 82
33 86 33 52 64 80 83 86
32 52 32 48 52
2 58 2 31 39 58
25 65 25 62 65
2 29 2 9 24 27 29
8 17 8 9 17
24 29 24 27 29
35 59 35 43 44 51 59
16 48 16 24 32 48
7 32 7 14 19 20 32
2 79 2 18 21 26 38 41 79
32 78 32 53 72 78
1 3 1 3
54 72 54 72
17 65 17 55 63 65
3 46 3 14 31 39 46
1 32 1 3 16 23 32
38 64 38 42 51 58 64
59 64 59 64
12 83 12 66 71 83
4 57 4 41 57
27 73 27 29 37 52 67 73
9 63 9 17 29 36 37 40 63
44 80 44 55 61 64 80
7 84 7 32 48 79 84
27 86 27 58 61 75 83 86
32 75 32 47 61 75
2 71 2 9 16 31 56 64 71
61 80 61 64 80
15 71 15 58 64 71
32 52 32 48 52
7 84 7 29 43 62 72 78 84
25 85 25 85
21 38 21 26 38
22 34 22 34
2 63 2 9 32 44 55 57 63
15 62 15 26 38 42 62
58 82 58 67 72 82
12 57 12 17 25 38 41 57
55 64 55 58 64
12 86 12 47 75 78 81 83 86
50 59 50 59
29 79 29 43 44 79
18 34 18 22 34
22 41 22 34 38 41
7 19 7 14 19
48 76 48 54 59 64 68 69 76
20 80 20 59 64 80
11 77 11 59 66 77
30 65 30 50 51 59 65
1 24 1 2 9 13 24
7 64 7 32 47 61 64
62 81 62 63 80 81
13 63 13 26 40 63
5 86 5 79 81 83 86
77 87 77 87
21 55 21 26 28 35 43 44 55
23 44 23 32 44
70 72 70 72
33 37 33 37
5 64 5 52 64
9 79 9 13 29 48 79
9 78 9 16 27 72 78
13 88 13 14 34 48 79 84 88
13 77 13 26 55 58 67 77
17 68 17 29 48 52 64 68
37 74 37 40 42 64 68 74
18 39 18 22 31 39
40 70 40 42 70
0 31 0 13 16 31
2 55 2 9 17 29 36 43 44 55
12 73 12 29 36 48 54 67 73
4 51 4 41 49 51
17 33 17 33
30 45 30 34 45
61 71 61 64 71
27 76 27 58 64 69 76
49 88 49 51 86 88
47 77 47 67 77
55 67 55 58 67
25 89 25 80 81 83 89
13 36 13 24 27 29 36
2 75 2 33 51 58 61 75
34 47 34 47
28 64 28 64
12 79 12 27 29 48 79
26 79 26 28 41 79
19 40 19 20 40
10 39 10 24 30 39
11 48 11 20 32 48
7 26 7 14 19 21 26
7 73 7 49 51 67 73
17 51 17 33 49 51
74 82 74 82
55 89 55 57 80 81 83 89
14 34 14 19 20 30 34
40 70 40 42 70
25 65 25 57 65
18 41 18 34 38 41
26 75 26 55 58 61 75
32 55 32 44 55
63 88 63 88
36 81 36 43 62 72 78 81
19 54 19 20 26 28 37 48 54
57 89 57 80 83 89
86 88 86 88
2 84 2 31 43 75 78 84
6 46 6 31 43 46
44 80 44 53 72 78 80
44 67 44 51 58 67
3 30 3 14 19 20 30
54 65 54 59 65
13 82 13 20 30 50 60 66 71 82
8 62 8 34 38 42 62
40 68 40 68
78 80 78 80
62 89 62 63 83 89
33 80 33 62 63 80
20 75 20 40 51 58 61 75
6 54 6 16 23 37 48 54
20 32 20 32
50 51 50 51
22 35 22 25 35
66 82 66 71 82
6 63 6 21 26 28 37 40 42 62 63
0 16 0 13 16
6 29 6 16 27 29
5 74 5 44 61 64 68 74
36 64 36 59 64
38 73 38 42 51 67 73
35 59 35 43 44 51 59
10 44 10 34 44
19 54 19 20 26 28 37 48 54
48 73 48 52 67 73
39 77 39 58 67 77
0 82 0 20 66 71 82
40 80 40 78 80
56 68 56 64 68
13 56 13 26 28 35 56
49 89 49 72 78 84 89
2 66 2 31 39 60 66
28 60 28 49 51 60
31 87 31 39 57 72 87
28 68 28 37 40 68
4 70 4 30 41 70
36 49 36 37 49
45 66 45 54 59 66
39 83 39 60 66 78 80 83
3 24 3 9 13 24
2 25 2 23 25
3 75 3 21 42 51 58 61 75
13 34 13 14 30 34
64 71 64 71
12 64 12 37 40 51 64
75 82 75 82
31 43 31 43
72 78 72 78
10 45 10 30 34 45
8 55 8 28 35 43 44 55
26 77 26 67 77
1 88 1 26 88
2 37 2 14 25 33 37
27 81 27 53 72 78 80 81
32 48 32 48
29 59 29 43 44 51 59
56 85 56 62 74 85
23 63 23 35 41 63
66 89 66 71 84 89
25 69 25 40 68 69
20 55 20 26 28 35 43 44 55
10 70 10 17 33 37 40 42 70
33 52 33 52
52 68 52 64 68
17 28 17 20 26 28
41 80 41 70 72 78 80
25 59 25 33 51 59
0 89 0 89
40 89 40 51 60 66 71 83 89
34 73 34 44 55 67 73
52 80 52 80
9 20 9 20
24 70 24 29 37 40 42 70
25 85 25 57 78 85
12 79 12 44 79
31 83 31 43 75 80 83
16 45 16 27 34 45
25 47 25 35 43 47
60 88 60 66 83 86 88
37 40 37 40
50 88 50 60 82 85 88
0 49 0 13 20 30 41 49
31 57 31 39 57
1 89 1 37 59 71 84 89
51 78 51 60 66 78
11 41 11 20 30 34 38 41
48 52 48 52
12 37 12 27 29 37
55 75 55 61 75
64 68 64 68
27 60 27 32 51 60
44 73 44 51 67 73
23 57 23 32 44 55 57
21 77 21 42 46 77
0 43 0 27 29 43
20 84 20 32 51 67 72 78 84
56 72 56 62 72
23 38 23 25 38
5 47 5 25 35 43 47
42 73 42 51 67 73
6 24 6 24
31 79 31 43 44 79
21 82 21 59 66 71 82
29 55 29 43 44 55
7 65 7 56 62 65
17 65 17 51 59 65
56 81 56 64 80 81
61 80 61 64 80
12 73 12 24 29 48 52 67 73
22 64 22 33 52 64
38 85 38 85
43 62 43 62
42 46 42 46
0 40 0 27 29 37 40
25 33 25 33
64 71 64 71
45 64 45 54 59 64
10 26 10 17 20 26
5 70 5 37 40 42 70
2 72 2 9 16 31 43 44 51 58 67 72
17 51 17 51
5 25 5 6 17 25
64 69 64 69
66 83 66 83
51 86 51 64 71 83 86
33 83 33 49 72 78 81 83
13 53 13 14 30 41 53
2 62 2 23 37 40 42 62
29 40 29 37 40
35 43 35 43
64 88 64 86 88
14 82 14 30 44 64 71 82
22 86 22 31 39 57 83 86
53 88 53 72 86 88
15 60 15 30 50 60
34 50 34 45 50
54 67 54 67
79 86 79 81 83 86
21 28 21 26 28
33 42 33 37 40 42
24 38 24 27 34 38
32 83 32 48 79 80 83
6 31 6 16 31
3 23 3 16 23
24 58 24 29 36 55 58
18 26 18 20 26
1 9 1 2 9
9 70 9 13 14 42 70
32 85 32 44 61 64 68 74 82 85
5 44 5 36 43 44
13 46 13 46
38 57 38 42 57
28 35 28 35
45 65 45 50 51 59 65
36 80 36 37 51 80
61 76 61 64 69 76
7 42 7 40 42
32 48 32 48
10 48 10 48
17 51 17 51
2 70 2 33 37 40 42 70
67 73 67 73
43 59 43 44 51 59
0 61 0 24 43 47 61
18 35 18 20 26 28 35
18 31 18 22 31
39 57 39 57
10 26 10 17 20 26
12 61 12 47 61
36 37 36 37
41 78 41 49 51 58 67 72 78
38 88 38 42 64 71 83 86 88
11 74 11 35 59 64 68 74
25 62 25 38 42 62
12 57 12 27 44 55 57
40 60 40 60
4 68 4 49 51 58 64 68
4 40 4 13 36 37 40
29 75 29 37 49 51 58 61 75
30 50 30 41 50
83 86 83 86
46 89 46 77 89
34 86 34 47 61 64 81 83 86
19 44 19 43 44
10 81 10 17 60 66 78 81
24 32 24 27 32
1 39 1 39
5 80 5 36 59 64 80
21 40 21 40
3 30 3 15 30
63 88 63 82 85 88
2 49 2 18 21 26 28 35 41 49
28 66 28 49 51 59 66
66 84 66 78 84
35 78 35 43 70 72 78
41 57 41 57
58 84 58 61 64 71 84
6 31 6 18 22 31
3 75 3 37 49 51 58 61 75
37 60 37 51 60
37 48 37 48
35 72 35 39 58 67 72
15 55 15 21 26 55
12 32 12 24 27 32
33 52 33 52
62 63 62 63
13 27 13 16 24 27
22 44 22 34 44
42 89 42 46 77 89
2 75 2 18 20 32 58 61 75
58 78 58 61 75 78
6 20 6 17 20
22 86 22 25 80 83 86
44 80 44 78 80
26 79 26 28 37 48 79
6 83 6 80 83
6 63 6 24 55 57 63
14 76 14 30 39 60 69 76
22 60 22 31 39 60
31 71 31 39 60 66 71
7 82 7 41 53 72 82
18 52 18 22 31 43 52
23 38 23 25 38
19 69 19 20 55 61 64 68 69
4 51 4 23 37 51
26 43 26 28 35 43
72 81 72 78 80 81
52 83 52 64 81 83
3 89 3 30 48 72 78 81 83 89
26 28 26 28
50 61 50 51 58 61
3 72 3 15 58 67 72
1 26 1 19 20 26
9 82 9 57 63 82
33 51 33 49 51
4 16 4 13 16
6 42 6 16 24 30 34 38 42
16 80 16 28 64 80
41 72 41 57 72
43 69 43 52 64 68 69
27 29 27 29
8 40 8 9 20 40
70 86 70 72 86
30 65 30 44 51 59 65
75 80 75 80
27 63 27 44 55 57 63
7 29 7 27 29
12 42 12 26 38 42
18 31 18 22 31
59 68 59 64 68
29 57 29 43 44 55 57
5 70 5 7 33 37 40 42 70
78 80 78 80
21 89 21 42 70 71 83 89
70 88 70 81 83 88
44 58 44 55 58
23 68 23 68
30 68 30 44 51 64 68
14 64 14 59 64
43 66 43 44 51 59 66
26 68 26 28 37 51 58 64 68
67 85 67 72 78 85
16 86 16 29 70 72 86
54 82 54 67 82
58 87 58 87
49 77 49 51 58 77
81 83 81 83
30 41 30 41
1 74 1 2 14 59 64 68 74
18 74 18 22 25 38 41 57 74
35 85 35 63 82 85
26 85 26 38 63 82 85
26 57 26 55 57
43 66 43 44 51 59 66
67 77 67 77
72 89 72 78 80 83 89
1 44 1 13 26 28 35 43 44
36 83 36 59 64 80 81 83
42 62 42 62
30 60 30 50 60
51 67 51 67
5 53 5 7 15 26 28 41 53
14 65 14 34 48 54 59 65
0 30 0 10 24 30
51 78 51 59 66 78
18 54 18 22 33 37 48 54
55 84 55 58 78 84
12 72 12 32 58 67 72
25 54 25 33 37 48 54
41 67 41 67
40 82 40 51 58 67 72 82
46 88 46 77 87 88
38 79 38 41 79
54 83 54 67 72 78 80 81 83
5 18 5 6 18
13 40 13 29 36 37 40
66 77 66 77
62 89 62 72 78 81 83 89
34 50 34 45 50
2 42 2 13 16 29 36 37 40 42
2 37 2 14 25 33 37
6 31 6 16 31
25 61 25 61
39 85 39 60 82 85
27 62 27 29 37 40 42 62
1 69 1 26 68 69
33 78 33 37 52 67 72 78
51 66 51 60 66
9 52 9 13 48 52
12 70 12 29 43 70
24 89 24 54 83 89
8 88 8 41 72 78 81 83 86 88
25 51 25 33 49 51
80 86 80 81 83 86
2 13 2 13
1 54 1 13 24 34 48 54
30 50 30 41 50
56 63 56 62 63
30 44 30 34 44
24 59 24 29 37 40 51 59
68 69 68 69
25 51 25 38 42 51
9 60 9 13 16 27 34 45 50 51 60
2 82 2 82
49 75 49 51 58 61 75
14 25 14 25
18 46 18 20 40 42 46
49 88 49 51 88
2 20 2 18 20
4 58 4 49 51 58
32 55 32 44 55
23 38 23 25 38
26 38 26 38
4 28 4 13 14 19 21 26 28
14 52 14 25 33 37 52
60 89 60 66 83 89
2 42 2 18 34 38 42
0 59 0 24 29 37 51 59
12 69 12 32 47 61 64 69
78 85 78 85
12 77 12 37 48 54 59 66 77
4 21 4 13 14 19 21
36 80 36 60 66 78 80
13 83 13 26 42 62 72 78 80 81 83
10 57 10 24 55 57
13 49 13 14 34 38 41 49
61 75 61 75
9 17 9 17
43 66 43 44 51 59 66
56 78 56 62 72 78
21 28 21 26 28
80 88 80 83 88
43 69 43 44 55 58 68 69
35 87 35 39 46 77 87
22 65 22 34 45 50 51 59 65
44 59 44 51 59
6 78 6 31 39 57 78
21 28 21 26 28
63 65 63 65
28 82 28 35 72 82
2 51 2 13 28 41 50 51
67 87 67 77 87
52 74 52 64 68 74
27 83 27 32 53 72 78 80 83
18 39 18 21 26 28 35 39
6 21 6 18 21
24 52 24 43 52
38 67 38 41 67
41 86 41 79 80 83 86
17 50 17 20 30 41 50
2 41 2 23 25 35 41
51 61 51 58 61
26 39 26 28 35 39
48 68 48 54 59 64 68
29 72 29 43 47 67 72
26 73 26 55 58 67 73
9 50 9 24 30 41 50
20 56 20 56
7 34 7 15 22 34
21 76 21 40 51 64 68 69 76
61 64 61 64
54 67 54 67
27 70 27 70
55 79 55 79
3 51 3 37 49 51
34 65 34 44 51 59 65
85 88 85 88
24 52 24 30 48 52
38 81 38 63 80 81
20 32 20 32
32 53 32 44 53
0 24 0 13 16 24
42 84 42 70 72 78 84
49 68 49 51 59 64 68
70 72 70 72
17 50 17 20 30 34 38 41 50
29 49 29 36 37 49
27 86 27 29 81 83 86
16 65 16 29 48 54 59 65
39 83 39 58 78 80 81 83
37 72 37 52 67 72
49 61 49 51 58 61
3 77 3 58 77
49 88 49 51 64 87 88
14 59 14 59
51 81 51 67 72 78 81
5 67 5 7 42 51 67
18 83 18 20 39 60 66 83
26 65 26 28 41 59 65
5 75 5 44 51 58 61 75
40 70 40 42 70
12 73 12 17 29 43 44 51 67 73
37 87 37 49 72 87
30 45 30 34 45
17 20 17 20
17 63 17 29 43 62 63
9 13 9 13
0 37 0 13 20 26 28 37
27 58 27 58
41 78 41 78
64 88 64 86 88
19 42 19 38 42
18 31 18 22 31
1 88 1 68 69 88
38 60 38 42 51 60
3 58 3 27 32 51 58
17 29 17 29
13 50 13 28 35 41 50
29 43 29 36 43
14 35 14 19 21 26 28 35
42 88 42 88
41 57 41 57
35 52 35 43 52
44 72 44 55 57 72
15 40 15 21 40
10 30 10 17 20 30
31 52 31 43 52
60 69 60 69
24 27 24 27
7 22 7 15 22
22 83 22 34 79 83
40 80 40 64 80
12 27 12 27
28 82 28 35 63 82
49 72 49 51 67 72
37 81 37 51 59 66 78 80 81
0 10 0 10
50 60 50 60
20 82 20 30 48 75 82
15 68 15 22 34 44 61 64 68
24 81 24 80 81
1 68 1 39 58 64 68
37 52 37 48 52
20 74 20 39 57 74
20 59 20 30 44 51 59
39 83 39 60 66 71 83
45 54 45 54
33 82 33 62 63 82
9 73 9 13 36 50 51 58 73
28 63 28 35 63
30 55 30 34 45 55
10 84 10 52 67 72 78 84
44 80 44 55 63 80
34 44 34 44
42 68 42 64 68
47 74 47 61 64 68 74
22 87 22 31 56 62 72 87
17 28 17 20 26 28
18 77 18 21 42 46 77
26 69 26 68 69
9 35 9 20 26 28 35
62 74 62 74
13 20 13 14 19 20
9 31 9 16 31
42 84 42 51 67 72 78 84
41 81 41 72 78 80 81
4 41 4 41
4 54 4 8 28 37 48 54
25 51 25 35 41 49 51
34 72 34 48 72
17 44 17 29 43 44
0 89 0 71 84 89
40 85 40 82 85
10 87 10 30 41 66 77 87
50 60 50 60
27 34 27 34
82 88 82 85 88
15 68 15 26 38 42 51 64 68
25 80 25 57 80
35 76 35 59 64 69 76
45 79 45 55 79
36 69 36 43 44 61 64 68 69
45 84 45 55 58 67 72 78 84
7 80 7 42 57 63 80
6 83 6 17 70 81 83
9 76 9 24 64 69 76
20 58 20 26 55 58
45 76 45 55 58 61 64 68 69 76
35 84 35 56 62 72 78 84
27 73 27 58 67 73
45 65 45 63 65
64 86 64 80 83 86
37 73 37 51 67 73
29 62 29 43 62
5 62 5 6 18 20 56 62
14 52 14 34 45 52
7 47 7 15 26 28 35 43 47
22 58 22 31 43 44 55 58
33 37 33 37
55 80 55 57 80
32 81 32 47 80 81
57 78 57 72 78
28 57 28 41 57
0 78 0 67 72 78
6 71 6 16 27 29 70 71
32 59 32 48 54 59
3 42 3 16 29 36 37 40 42
14 19 14 19
4 82 4 68 74 82
27 60 27 32 51 60
27 47 27 32 47
11 51 11 35 43 44 51
11 71 11 21 58 61 64 71
18 31 18 22 31
63 89 63 83 89
54 71 54 59 71
56 81 56 78 80 81
42 87 42 87
38 85 38 70 82 85
22 56 22 31 56
27 44 27 44
30 55 30 34 45 55
15 58 15 22 43 44 55 58
28 68 28 58 64 68
10 61 10 24 27 58 61
58 73 58 67 73
54 73 54 73
14 83 14 25 80 83
28 62 28 35 43 62
1 36 1 13 24 27 29 36
20 59 20 40 42 51 59
10 79 10 48 79
5 37 5 36 37
58 74 58 61 64 68 74
32 78 32 58 61 75 78
2 52 2 13 26 28 37 52
58 81 58 61 64 81
25 61 25 40 42 51 58 61
8 54 8 28 37 48 54
2 30 2 9 16 24 30
35 85 35 41 66 78 85
51 72 51 67 72
18 20 18 20
0 78 0 43 47 75 78
24 42 24 34 38 42
4 69 4 8 13 60 69
22 57 22 33 37 40 42 57
12 41 12 24 27 34 38 41
10 45 10 17 20 30 34 45
10 40 10 24 27 29 37 40
4 8 4 8
1 14 1 13 14
8 23 8 9 13 16 23
23 57 23 55 57
1 35 1 2 13 28 35
14 21 14 19 21
0 89 0 17 29 37 52 78 80 83 89
66 89 66 83 89
9 76 9 16 23 49 69 76
17 53 17 29 43 44 53
58 76 58 61 64 69 76
30 54 30 54
32 69 32 48 61 64 68 69
17 65 17 25 57 63 65
48 79 48 79
12 60 12 60
6 46 6 30 34 38 42 46
17 68 17 51 58 64 68
11 33 11 33
14 78 14 30 39 58 67 72 78
0 87 0 27 70 72 87
6 39 6 30 39
2 56 2 9 20 26 28 35 56
53 72 53 72
23 37 23 28 37
2 46 2 9 20 39 46
12 88 12 60 66 77 88
15 85 15 30 34 38 42 51 58 61 75 82 85
30 60 30 50 60
5 86 5 72 78 80 83 86
20 77 20 26 38 42 46 77
35 72 35 43 52 67 72
2 51 2 18 21 42 51
54 67 54 67
44 51 44 51
58 80 58 67 72 78 80
8 16 8 9 13 16
18 82 18 22 33 39 57 72 82
60 81 60 66 78 81
26 42 26 38 42
32 81 32 48 72 78 81
34 80 34 47 80
3 58 3 14 31 43 44 51 58
0 59 0 59
17 79 17 29 36 48 79
24 88 24 32 47 75 80 81 83 88
4 85 4 23 68 74 85
15 46 15 26 40 42 46
32 83 32 44 51 60 66 71 83
52 89 52 64 71 83 89
28 40 28 37 40
6 55 6 18 21 26 28 35 43 44 55
4 41 4 13 28 41
41 59 41 59
3 14 3 14
33 77 33 52 67 77
26 28 26 28
46 88 46 77 87 88
11 57 11 33 37 40 42 57
7 35 7 15 22 25 35
14 67 14 42 51 58 67
48 72 48 52 67 72
12 64 12 32 58 64
2 29 2 13 16 27 29
51 64 51 64
23 38 23 25 38
6 21 6 21
57 74 57 74
44 88 44 64 80 83 86 88
12 88 12 47 80 83 88
36 71 36 48 61 64 71
9 85 9 32 47 67 82 85
58 85 58 64 68 74 82 85
38 42 38 42
4 16 4 8 13 16
60 66 60 66
33 78 33 78
19 63 19 20 56 62 63
35 72 35 56 62 72
45 78 45 67 72 78
52 80 52 64 80
42 51 42 51
43 68 43 52 64 68
24 45 24 34 45
52 87 52 67 72 87
78 85 78 85
8 31 8 9 13 14 31
17 66 17 32 44 51 59 66
10 26 10 17 20 26
8 23 8 13 16 23
41 58 41 50 51 58
20 81 20 39 58 78 81
39 75 39 58 61 75
6 32 6 27 32
17 62 17 29 43 62
4 54 4 30 48 54
7 29 7 27 29
12 85 12 75 78 85
34 60 34 45 50 51 60
48 52 48 52
12 85 12 75 82 85
29 79 29 48 79
6 60 6 16 28 37 40 51 60
6 62 6 17 29 36 43 62
44 72 44 53 72
12 24 12 24
1 72 1 3 15 58 67 72
34 80 34 38 70 72 78 80
6 87 6 40 60 69 87
25 66 25 38 60 66
14 60 14 31 43 44 51 60
32 55 32 44 55
0 21 0 13 14 19 21
15 52 15 21 26 28 35 43 52
20 40 20 40
13 34 13 14 34
12 79 12 27 44 55 79
9 81 9 20 26 55 61 64 81
9 70 9 16 29 70
13 84 13 49 51 58 61 75 78 84
9 78 9 32 66 78
57 83 57 78 81 83
9 55 9 32 44 55
53 85 53 72 78 85
35 84 35 43 64 71 84
13 46 13 20 40 42 46
19 56 19 56
24 72 24 54 72
9 85 9 13 64 68 74 82 85
45 78 45 54 59 66 78
9 57 9 13 16 27 29 43 44 55 57
2 66 2 23 28 49 51 59 66
3 82 3 58 67 82
44 64 44 64
1 43 1 2 13 20 26 28 35 43
4 63 4 8 34 45 63
19 79 19 43 44 55 79
25 80 25 80
4 65 4 13 48 54 59 65
62 63 62 63
8 61 8 41 49 51 58 61
22 35 22 25 35
17 69 17 60 69
44 57 44 55 57
36 59 36 59
2 79 2 13 36 55 79
22 77 22 33 49 51 60 66 77
24 71 24 43 47 61 64 71
26 88 26 80 81 83 88
10 63 10 34 44 55 63
26 70 26 28 37 40 42 70
11 71 11 21 40 42 64 71
14 47 14 30 34 47
30 69 30 41 59 69
36 79 36 43 44 79
3 41 3 30 34 38 41
14 88 14 34 46 77 87 88
24 88 24 29 81 83 86 88
3 58 3 51 58
51 86 51 80 81 83 86
15 39 15 22 25 35 39
34 59 34 38 41 59
23 87 23 37 87
79 86 79 80 83 86
13 40 13 20 40
28 35 28 35
0 49 0 27 29 37 49
22 73 22 33 37 51 58 73
5 37 5 6 37
24 77 24 34 67 77
23 79 23 35 43 44 79
47 83 47 80 83
13 14 13 14
21 47 21 26 28 35 43 47
38 65 38 42 51 59 65
16 65 16 35 65
22 54 22 34 45 54
12 77 12 45 52 67 77
20 50 20 26 38 41 50
26 66 26 42 51 60 66
25 46 25 38 42 46
58 64 58 64
10 89 10 63 83 89
63 89 63 83 89
41 76 41 76
23 39 23 35 39
17 55 17 25 35 43 44 55
37 40 37 40
9 35 9 16 23 28 35
7 82 7 28 82
23 82 23 82
66 78 66 78
0 67 0 20 30 54 67
52 88 52 77 88
29 43 29 36 43
40 73 40 51 58 67 73
14 59 14 42 51 59
24 34 24 27 34
24 38 24 30 34 38
45 67 45 50 51 67
2 56 2 23 35 56
32 83 32 51 64 71 83
25 69 25 69
79 89 79 81 83 89
19 28 19 21 26 28
47 83 47 75 78 81 83
51 80 51 64 80
25 68 25 40 51 59 64 68
35 61 35 43 47 61
45 77 45 67 77
35 89 35 89
25 63 25 40 42 57 63
29 49 29 36 37 49
50 89 50 59 89
53 84 53 72 78 84
7 79 7 41 79
31 58 31 43 44 55 58
2 67 2 9 13 16 27 58 67
48 79 48 79
17 82 17 52 67 82
9 40 9 20 26 40
25 74 25 62 74
60 86 60 66 71 83 86
9 71 9 17 60 66 71
20 52 20 30 34 45 52
59 84 59 64 71 84
2 19 2 9 13 14 19
32 74 32 58 68 74
1 36 1 13 29 36
11 74 11 58 61 64 68 74
11 89 11 59 89
17 74 17 25 40 42 57 74
2 63 2 9 24 27 44 55 63
0 86 0 52 71 83 86
10 45 10 34 45
9 21 9 13 14 19 21
5 25 5 25
27 36 27 29 36
8 9 8 9
26 74 26 40 64 68 74
17 69 17 20 56 64 68 69
1 68 1 2 14 59 64 68
8 89 8 13 24 27 29 80 81 83 89
8 9 8 9
9 40 9 24 27 29 36 37 40
63 83 63 83
39 89 39 46 77 89
14 77 14 25 33 39 60 66 77
4 78 4 30 50 51 59 66 78
62 78 62 72 78
16 48 16 48
48 59 48 54 59
36 63 36 55 57 63
27 89 27 34 47 67 77 89
25 69 25 35 59 69
1 54 1 37 48 54
80 88 80 81 83 88
17 64 17 55 58 64
25 81 25 40 42 51 59 64 81
22 54 22 25 33 37 48 54
27 88 27 44 64 68 74 82 85 88
6 46 6 16 31 43 46
16 76 16 23 25 61 64 68 69 76
48 61 48 61
18 33 18 22 33
10 34 10 24 34
7 22 7 15 22
23 89 23 79 83 89
16 29 16 27 29
6 57 6 31 43 44 55 57
62 63 62 63
15 31 15 22 31
29 83 29 81 83
5 72 5 70 72
14 35 14 28 35
14 89 14 30 54 71 84 89
57 80 57 63 80
10 47 10 24 27 29 43 47
49 75 49 51 58 61 75
36 37 36 37
16 40 16 28 37 40
10 55 10 44 55
4 34 4 30 34
1 53 1 13 14 30 34 44 53
34 58 34 38 41 50 51 58
48 65 48 54 59 65
42 64 42 51 64
27 36 27 29 36
2 82 2 57 63 82
39 57 39 57
19 79 19 20 79
13 82 13 72 82
20 64 20 26 42 51 59 64
16 40 16 24 29 36 37 40
9 76 9 13 64 69 76
32 76 32 47 61 64 69 76
35 61 35 39 58 61
31 39 31 39
5 86 5 64 80 83 86
14 68 14 42 51 58 64 68
32 76 32 44 61 64 69 76
9 44 9 17 29 36 43 44
52 78 52 78
29 80 29 70 72 78 80
33 67 33 51 67
10 61 10 48 61
34 57 34 44 55 57
49 77 49 51 58 67 77
40 63 40 63
4 60 4 41 49 51 60
51 82 51 59 71 82
53 82 53 72 82
18 89 18 21 26 55 63 80 81 83 89
52 88 52 77 87 88
13 28 13 14 28
26 59 26 40 42 51 59
57 63 57 63
6 15 6 15
1 67 1 7 41 49 51 58 67
35 68 35 56 64 68
9 17 9 17
42 87 42 64 69 87
40 65 40 63 65
43 79 43 44 55 79
6 79 6 15 21 26 28 35 41 79
33 89 33 49 51 59 71 83 89
59 82 59 71 82
10 72 10 52 67 72
5 86 5 7 49 72 78 80 83 86
16 80 16 24 43 44 55 61 64 80
24 44 24 43 44
71 88 71 88
14 57 14 28 35 43 44 55 57
81 88 81 83 88
55 89 55 84 89
0 52 0 52
27 82 27 72 82
22 61 22 43 44 61
25 65 25 63 65
43 65 43 65
28 87 28 37 59 66 77 87
39 85 39 57 82 85
26 47 26 28 35 43 47
17 39 17 33 39
30 44 30 44
48 68 48 61 64 68
9 48 9 17 25 33 37 48
29 37 29 36 37
43 52 43 52
44 55 44 55
25 33 25 33
24 55 24 27 32 44 55
9 20 9 17 20
67 85 67 72 82 85
60 83 60 66 71 83
8 9 8 9
15 40 15 22 33 37 40
15 38 15 22 25 38
29 53 29 43 44 53
6 60 6 44 51 60
26 70 26 42 70
0 34 0 27 34
24 43 24 29 43
22 68 22 25 35 39 58 61 64 68
51 85 51 67 82 85
18 58 18 22 31 43 44 51 58
12 27 12 24 27
9 73 9 50 51 58 67 73
33 70 33 37 40 42 70
75 83 75 78 80 81 83
41 65 41 59 65
61 74 61 64 68 74
13 46 13 46
17 81 17 60 66 78 81
6 77 6 37 51 67 77
8 72 8 34 45 57 72
5 61 5 44 55 61
59 77 59 77
47 75 47 75
0 81 0 57 80 81
3 15 3 15
17 58 17 55 58
64 81 64 80 81
36 43 36 43
33 52 33 37 52
25 67 25 35 41 49 51 58 67
21 47 21 26 28 35 43 47
53 86 53 72 78 80 81 83 86
9 40 9 24 29 37 40
1 74 1 7 33 37 40 64 68 74
13 16 13 16
27 89 27 44 78 80 83 89
37 66 37 59 66
31 86 31 56 62 63 80 83 86
1 39 1 3 16 28 35 39
22 62 22 33 62
18 74 18 21 58 61 64 68 74
54 86 54 83 86
15 54 15 26 28 37 48 54
18 45 18 20 30 34 45
19 65 19 21 59 65
7 85 7 41 67 82 85
10 56 10 17 25 35 56
35 89 35 56 78 80 81 83 89
71 88 71 83 86 88
58 80 58 78 80
55 79 55 79
37 60 37 49 51 60
2 30 2 13 14 30
6 73 6 17 20 73
5 44 5 25 35 43 44
7 41 7 14 28 41
3 83 3 64 81 83
50 71 50 60 66 71
40 57 40 42 57
50 51 50 51
43 83 43 64 71 83
56 78 56 78
2 58 2 23 49 51 58
48 73 48 54 67 73
2 25 2 18 22 25
30 65 30 39 57 63 65
19 49 19 21 26 28 41 49
16 27 16 27
1 25 1 13 14 25
6 27 6 24 27
7 69 7 43 64 68 69
0 80 0 45 67 72 78 80
52 77 52 67 77
42 87 42 87
14 57 14 25 40 42 57
10 45 10 17 20 30 34 45
37 69 37 59 64 68 69
16 86 16 27 53 80 81 83 86
2 89 2 13 60 66 71 83 89
20 77 20 26 67 77
20 77 20 26 40 60 66 77
62 87 62 72 87
42 51 42 51
16 25 16 23 25
33 73 33 37 51 58 67 73
19 62 19 21 26 40 42 62
9 79 9 13 26 28 35 41 79
51 58 51 58
2 82 2 70 82
2 33 2 33
27 52 27 32 48 52
1 82 1 72 82
8 68 8 40 64 68
8 51 8 28 49 51
56 64 56 64
9 52 9 24 34 48 52
21 77 21 59 66 77
29 43 29 36 43
6 71 6 31 39 60 66 71
32 52 32 48 52
18 59 18 22 59
22 61 22 31 43 47 61
7 89 7 62 72 78 81 83 89
85 88 85 88
41 78 41 70 72 78
70 72 70 72
55 74 55 58 68 74
33 89 33 72 78 80 81 83 89
16 80 16 28 78 80
19 45 19 20 30 34 45
26 70 26 40 42 70
39 73 39 58 73
0 19 0 13 14 19
19 20 19 20
36 83 36 55 58 64 71 83
7 82 7 56 64 82
11 59 11 35 41 59
7 42 7 15 30 34 38 42
17 60 17 29 37 40 42 51 60
17 42 17 20 30 34 38 42
22 35 22 25 35
23 32 23 32
10 54 10 30 34 48 54
35 77 35 41 49 51 59 77
14 34 14 19 20 30 34
3 58 3 14 42 51 58
44 67 44 55 67
8 46 8 28 37 40 42 46
0 57 0 17 55 57
59 69 59 69
70 72 70 72
29 80 29 43 70 72 78 80
10 24 10 24
41 72 41 50 51 58 67 72
32 78 32 58 78
53 86 53 72 86
39 46 39 46
36 66 36 66
1 53 1 26 38 41 53
30 53 30 41 53
60 81 60 66 78 81
23 43 23 25 35 43
2 79 2 13 14 28 37 48 79
40 76 40 51 58 64 69 76
1 47 1 26 28 35 43 47
27 53 27 29 36 43 44 53
36 88 36 60 69 88
26 53 26 38 41 53
8 50 8 28 41 50
27 40 27 29 37 40
20 73 20 39 58 67 73
5 88 5 70 81 83 86 88
28 86 28 49 72 78 81 83 86
19 63 19 38 42 57 63
29 70 29 43 70
43 46 43 46
15 46 15 30 34 46
63 83 63 80 81 83
10 72 10 52 67 72
40 70 40 42 70
4 34 4 13 14 34
15 46 15 21 42 46
4 86 4 60 66 71 83 86
15 60 15 26 40 60
38 76 38 60 69 76
40 71 40 42 64 71
23 71 23 25 61 64 71
33 72 33 39 58 67 72
13 26 13 14 19 20 26
18 80 18 34 38 63 80
43 67 43 44 55 58 67
2 23 2 13 16 23
29 68 29 43 52 64 68
38 65 38 41 65
51 86 51 64 80 83 86
35 89 35 41 70 71 83 89
25 51 25 35 43 44 51
19 65 19 62 65
2 19 2 9 13 14 19
11 70 11 33 37 40 42 70
12 45 12 45
10 64 10 24 54 59 64
64 81 64 81
25 63 25 35 63
0 27 0 13 24 27
35 80 35 41 57 78 80
12 50 12 17 29 36 50
13 14 13 14
24 27 24 27
32 81 32 53 80 81
37 73 37 52 67 73
29 40 29 36 37 40
4 86 4 60 66 83 86
18 51 18 21 42 51
23 37 23 37
15 58 15 30 41 50 51 58
26 67 26 67
27 40 27 29 37 40
31 43 31 43
37 72 37 48 54 72
8 23 8 9 13 16 23
5 50 5 36 50
48 59 48 54 59
11 30 11 20 30
9 13 9 13
10 32 10 17 32
13 73 13 28 37 48 52 67 73
11 82 11 58 68 74 82
6 86 6 30 54 71 83 86
27 47 27 32 47
4 76 4 41 50 59 64 69 76
52 87 52 77 87
2 72 2 9 50 51 67 72
71 86 71 83 86
42 70 42 70
49 64 49 51 59 64
10 17 10 17
26 28 26 28
15 87 15 21 58 68 69 87
54 69 54 59 69
42 87 42 62 72 87
80 83 80 81 83
51 85 51 67 72 78 85
27 29 27 29
33 89 33 46 77 89
8 51 8 9 32 44 51
27 44 27 29 43 44
1 19 1 19
25 60 25 35 39 60
20 77 20 30 50 60 66 77
10 64 10 17 25 61 64
0 16 0 13 16
16 61 16 29 48 61
64 80 64 80
29 82 29 48 52 71 82
43 67 43 52 67
25 66 25 35 39 60 66
49 58 49 51 58
35 72 35 72
9 76 9 32 44 55 61 64 69 76
23 78 23 28 78
27 63 27 32 44 55 57 63
25 59 25 40 51 59
13 82 13 60 66 71 82
32 86 32 86
34 67 34 67
11 56 11 35 56
1 55 1 7 14 34 45 55
3 76 3 15 22 59 64 68 69 76
23 39 23 28 35 39
26 77 26 28 46 77
9 63 9 57 63
23 32 23 32
43 70 43 70
80 81 80 81
26 66 26 38 60 66
32 66 32 48 54 59 66
11 77 11 77
50 81 50 51 67 72 78 80 81
24 78 24 32 47 75 78
41 49 41 49
26 77 26 55 67 77
48 71 48 54 71
9 52 9 16 23 25 35 43 52
25 35 25 35
10 42 10 30 34 38 42
1 88 1 68 69 87 88
14 60 14 34 38 41 50 51 60
3 59 3 38 42 51 59
37 89 37 72 78 84 89
2 14 2 9 13 14
37 72 37 51 67 72
77 88 77 88
5 26 5 7 14 19 20 26
0 71 0 59 71
19 21 19 21
8 50 8 41 50
27 36 27 29 36
1 43 1 19 43
36 51 36 50 51
38 49 38 41 49
23 25 23 25
56 63 56 62 63
37 84 37 40 51 58 78 84
14 37 14 19 20 26 28 37
12 42 12 37 40 42
17 29 17 29
48 71 48 52 71
24 52 24 43 52
79 88 79 84 88
17 79 17 33 37 48 79
22 33 22 33
71 88 71 83 88
71 86 71 83 86
33 89 33 62 63 83 89
1 34 1 13 20 30 34
56 82 56 62 72 82
42 69 42 64 69
9 76 9 17 25 35 59 64 69 76
25 87 25 33 46 77 87
3 22 3 15 22
16 31 16 31
43 76 43 52 64 69 76
28 87 28 69 87
16 86 16 80 81 83 86
33 82 33 51 60 82
7 35 7 28 35
3 26 3 14 19 21 26
33 39 33 39
23 79 23 28 37 48 79
19 63 19 62 63
61 83 61 64 71 83
15 83 15 30 44 53 80 83
25 37 25 33 37
21 52 21 26 28 35 43 52
58 64 58 64
21 64 21 58 61 64
13 73 13 49 51 58 67 73
43 64 43 52 64
29 62 29 36 37 40 42 62
0 76 0 59 69 76
15 30 15 30
4 57 4 13 29 37 40 42 57
10 87 10 17 70 72 87
5 53 5 7 41 53
11 71 11 35 59 64 71
39 77 39 46 77
19 33 19 33
11 20 11 20
26 66 26 38 42 51 59 66
33 58 33 39 58
12 85 12 50 60 66 71 82 85
7 33 7 33
68 74 68 74
37 89 37 77 89
27 83 27 72 78 81 83
31 79 31 43 44 79
66 80 66 78 80
26 42 26 40 42
45 76 45 64 69 76
1 49 1 37 49
4 64 4 49 51 59 64
58 75 58 61 75
38 79 38 41 79
37 87 37 72 87
12 60 12 24 29 37 51 60
16 23 16 23
8 58 8 58
42 51 42 51
43 52 43 52
22 77 22 33 49 51 58 77
48 61 48 61
0 57 0 13 36 55 57
41 70 41 70
40 80 40 51 64 80
29 36 29 36
22 44 22 34 44
54 77 54 67 77
4 17 4 8 9 17
22 59 22 33 49 51 59
80 86 80 81 83 86
5 18 5 6 18
5 67 5 36 55 58 67
48 72 48 52 67 72
72 82 72 82
24 70 24 43 70
23 87 23 35 41 59 64 69 87
69 87 69 87
28 49 28 41 49
47 77 47 67 77
10 64 10 30 39 58 64
13 20 13 20
41 59 41 50 59
54 68 54 59 64 68
2 51 2 9 24 30 34 45 50 51
37 65 37 65
24 55 24 29 36 43 44 55
46 88 46 77 88
8 85 8 62 74 82 85
3 16 3 9 16
41 53 41 53
11 58 11 58
21 76 21 40 64 69 76
5 41 5 7 14 28 41
10 32 10 17 20 32
11 66 11 33 49 51 59 66
8 71 8 13 60 66 71
36 71 36 37 49 51 58 61 64 71
4 74 4 49 51 64 68 74
0 29 0 24 29
33 46 33 46
35 61 35 43 47 61
19 78 19 78
44 69 44 51 60 69
75 78 75 78
42 70 42 70
28 50 28 41 50
15 22 15 22
8 17 8 9 17
4 28 4 13 26 28
13 30 13 20 30
63 83 63 83
13 38 13 14 25 38
21 28 21 26 28
13 44 13 14 28 35 43 44
25 67 25 35 41 49 51 67
49 84 49 51 59 66 71 84
33 58 33 51 58
5 80 5 70 72 78 80
28 68 28 49 51 58 68
7 56 7 14 31 56
29 81 29 80 81
84 88 84 88
19 82 19 38 42 62 72 82
19 47 19 21 26 28 35 43 47
8 43 8 13 29 36 43
45 79 45 55 79
4 60 4 41 49 51 60
29 60 29 37 51 60
13 24 13 16 24
70 88 70 86 88
3 64 3 58 64
70 81 70 81
11 71 11 64 71
24 81 24 27 32 47 80 81
35 68 35 43 44 61 64 68
3 24 3 16 24
54 69 54 59 69
23 47 23 32 47
44 65 44 51 59 65
45 63 45 55 57 63
68 74 68 74
1 34 1 19 20 30 34
12 57 12 44 55 57
1 69 1 2 60 69
41 83 41 67 72 78 80 81 83
24 78 24 55 61 75 78
23 44 23 25 35 43 44
3 15 3 15
7 41 7 28 35 41
13 29 13 24 27 29
8 66 8 34 45 54 59 66
0 52 0 20 26 28 37 48 52
29 53 29 36 43 44 53
35 43 35 43
79 88 79 81 83 86 88
5 37 5 25 33 37
35 77 35 43 47 77
10 26 10 17 20 26
5 56 5 7 56
67 77 67 77
37 78 37 49 72 78
54 81 54 59 66 78 81
11 69 11 68 69
21 38 21 26 38
9 76 9 60 69 76
55 58 55 58
2 58 2 9 32 51 58
58 87 58 64 87
24 64 24 54 59 64
43 67 43 44 51 58 67
19 78 19 62 72 78
23 43 23 28 35 43
9 17 9 17
75 88 75 88
60 82 60 66 71 82
71 86 71 83 86
27 36 27 29 36
43 64 43 52 64
13 73 13 24 27 44 55 67 73
14 57 14 28 37 40 42 57
18 77 18 22 33 37 49 51 67 77
41 50 41 50
36 51 36 43 44 51
39 85 39 58 61 75 78 85
2 82 2 23 28 37 48 54 71 82
9 73 9 16 29 48 52 67 73
7 26 7 15 26
19 85 19 20 30 54 78 85
33 40 33 37 40
0 71 0 27 70 71
20 80 20 79 80
10 86 10 24 34 38 41 57 78 81 83 86
43 80 43 52 64 80
30 51 30 34 45 50 51
14 28 14 28
0 28 0 17 20 26 28
58 89 58 64 80 81 83 89
36 68 36 55 61 64 68
54 80 54 59 66 78 80
48 81 48 61 64 81
0 34 0 20 30 34
2 41 2 9 17 25 38 41
30 61 30 44 55 58 61
4 47 4 13 14 19 43 47
7 19 7 14 19
38 89 38 63 83 89
1 30 1 13 14 30
61 80 61 75 78 80
4 21 4 8 9 13 14 19 21
13 74 13 16 23 55 57 74
23 77 23 25 33 39 46 77
45 79 45 55 79
14 57 14 19 21 42 57
16 65 16 38 41 63 65
60 77 60 66 77
22 86 22 25 33 62 72 86
18 65 18 20 59 65
35 79 35 41 79
16 61 16 38 41 50 51 58 61
66 84 66 78 84
23 35 23 25 35
3 82 3 82
26 73 26 42 51 58 73
32 55 32 44 55
74 85 74 85
10 86 10 52 86
42 84 42 70 72 78 84
4 60 4 13 26 38 41 49 51 60
22 82 22 60 82
8 55 8 28 35 43 44 55
2 49 2 9 16 29 37 49
54 72 54 67 72
21 42 21 40 42
6 81 6 15 58 78 80 81
51 64 51 58 61 64
9 31 9 16 31
43 79 43 44 79
6 56 6 17 25 35 56
16 23 16 23
41 79 41 79
15 21 15 21
1 78 1 3 58 67 72 78
8 54 8 34 48 54
37 61 37 49 51 58 61
23 42 23 28 37 40 42
14 82 14 31 56 64 68 74 82
27 75 27 29 37 51 58 61 75
39 58 39 58
14 82 14 68 74 82
48 79 48 79
41 75 41 49 51 58 61 75
24 77 24 32 47 77
57 80 57 80
50 69 50 51 64 68 69
3 45 3 30 34 45
43 85 43 52 67 82 85
42 58 42 51 58
28 87 28 35 56 64 69 87
22 73 22 43 52 67 73
41 51 41 49 51
63 80 63 80
51 67 51 67
30 46 30 34 46
24 85 24 30 34 59 71 82 85
40 70 40 42 70
14 42 14 34 38 42
3 22 3 15 22
0 80 0 43 47 80
7 14 7 14
2 51 2 18 20 40 51
21 47 21 26 28 35 43 47
29 53 29 36 43 44 53
44 78 44 78
8 60 8 34 38 60
7 45 7 15 30 34 45
51 58 51 58
16 44 16 44
31 58 31 39 58
59 74 59 64 68 74
8 40 8 40
4 46 4 30 39 46
54 77 54 59 66 77
14 28 14 28
13 44 13 16 29 36 43 44
17 53 17 20 30 34 38 41 53
35 68 35 59 64 68
17 51 17 51
7 40 7 40
15 44 15 22 25 35 43 44
72 86 72 78 81 83 86
29 69 29 36 60 69
15 52 15 26 28 35 43 52
18 45 18 22 34 45
56 81 56 78 80 81
30 41 30 34 38 41
4 87 4 69 87
45 64 45 64
44 86 44 55 57 63 83 86
56 63 56 62 63
4 57 4 13 20 26 38 41 57
19 77 19 43 44 51 60 66 77
58 86 58 64 71 83 86
5 19 5 7 14 19
28 41 28 35 41
9 29 9 24 29
4 69 4 60 69
15 51 15 22 25 35 43 44 51
2 60 2 18 22 43 44 51 60
35 72 35 43 70 72
1 47 1 19 21 26 28 35 43 47
7 77 7 42 46 77
3 38 3 15 21 26 38
17 78 17 70 72 78
15 79 15 30 44 79
1 88 1 88
27 34 27 34
20 86 20 79 81 83 86
38 82 38 60 82
39 73 39 58 73
17 59 17 32 48 54 59
15 26 15 21 26
43 62 43 62
2 72 2 9 32 53 72
22 77 22 43 44 53 77
23 28 23 28
30 74 30 41 57 74
13 34 13 16 27 34
2 42 2 9 13 24 27 29 36 37 40 42
6 85 6 71 82 85
9 32 9 17 20 32
13 66 13 60 66
10 70 10 34 38 42 70
14 89 14 42 46 77 89
24 44 24 43 44
28 75 28 37 40 42 51 58 61 75
33 73 33 51 58 67 73
47 80 47 67 72 78 80
7 36 7 27 29 36
28 70 28 41 70
7 41 7 15 26 38 41
30 85 30 48 54 78 85
39 74 39 57 74
33 49 33 37 49
67 80 67 72 78 80
0 70 0 24 43 70
45 64 45 64
11 56 11 35 56
13 85 13 68 74 85
37 65 37 48 54 59 65
33 59 33 51 59
5 7 5 7
14 62 14 19 62
24 50 24 29 36 50
27 52 27 52
20 79 20 79
54 88 54 86 88
18 62 18 22 31 43 62
50 65 50 51 59 65
8 63 8 41 57 63
23 74 23 28 37 40 42 62 74
8 13 8 9 13
67 87 67 77 87
7 42 7 15 30 34 38 42
9 32 9 16 27 32
3 38 3 16 24 30 34 38
58 80 58 61 75 78 80
72 86 72 78 81 83 86
23 40 23 25 40
84 88 84 88
11 61 11 20 30 39 58 61
14 30 14 30
51 64 51 59 64
64 88 64 86 88
13 30 13 14 30
41 88 41 49 51 88
14 33 14 19 33
16 35 16 35
40 86 40 51 64 71 83 86
1 40 1 37 40
17 59 17 51 59
23 43 23 28 35 43
20 73 20 30 48 52 67 73
1 7 1 7
51 60 51 60
70 86 70 86
0 89 0 89
17 69 17 32 51 59 69
10 75 10 44 51 58 61 75
32 55 32 44 55
70 72 70 72
34 45 34 45
67 88 67 82 85 88
38 77 38 41 67 77
24 37 24 29 37
60 82 60 66 71 82
42 76 42 51 64 69 76
44 79 44 79
25 54 25 33 37 48 54
16 73 16 38 41 49 51 67 73
60 69 60 69
22 31 22 31
31 52 31 43 52
11 37 11 33 37
20 41 20 30 41
35 76 35 76
14 31 14 31
16 89 16 80 81 83 89
3 25 3 16 23 25
16 68 16 27 34 48 61 64 68
19 65 19 43 62 65
35 78 35 39 58 78
6 83 6 15 26 28 35 63 83
5 61 5 44 51 58 61
30 41 30 41
43 67 43 47 67
49 61 49 51 58 61
49 78 49 72 78
11 82 11 35 56 64 68 74 82
46 89 46 77 89
53 82 53 72 82
0 72 0 47 67 72
7 78 7 56 78
11 34 11 20 30 34
33 42 33 37 40 42
11 64 11 33 39 58 61 64
25 65 25 62 65
10 45 10 24 30 34 45
2 31 2 9 13 14 31
47 77 47 67 77
28 69 28 69
5 86 5 79 80 81 83 86
36 61 36 48 61
47 75 47 75
29 74 29 43 64 68 74
55 80 55 67 72 78 80
11 58 11 35 43 44 55 58
23 35 23 28 35
28 42 28 37 40 42
0 20 0 13 20
3 83 3 38 42 70 72 78 81 83
12 20 12 17 20
17 50 17 20 26 28 41 50
19 28 19 21 26 28
61 80 61 75 80
15 51 15 30 41 49 51
53 84 53 72 78 84
31 43 31 43
23 33 23 25 33
70 71 70 71
31 71 31 43 52 64 71
19 44 19 20 32 44
34 88 34 59 66 71 84 88
47 76 47 61 64 69 76
6 37 6 17 29 36 37
24 83 24 34 45 54 81 83
70 88 70 71 84 88
32 78 32 51 60 66 78
27 63 27 44 55 63
34 61 34 45 50 51 58 61
30 34 30 34
87 88 87 88
54 83 54 67 72 78 81 83
21 46 21 42 46
51 89 51 58 64 80 81 83 89
19 75 19 33 37 51 58 61 75
34 66 34 45 54 59 66
21 43 21 26 28 35 43
10 48 10 24 34 48
48 87 48 54 67 77 87
3 64 3 64
3 21 3 15 21
10 61 10 17 33 61
52 77 52 67 77
36 80 36 43 75 78 80
34 44 34 44
64 68 64 68
8 89 8 34 48 61 75 80 83 89
7 26 7 14 19 21 26
3 89 3 16 80 83 89
4 60 4 49 51 60
33 60 33 51 60
4 27 4 13 16 24 27
11 63 11 21 42 57 63
22 60 22 31 39 60
9 32 9 16 27 32
15 52 15 21 26 28 35 43 52
51 82 51 64 82
58 86 58 67 72 86
80 88 80 81 83 88
28 58 28 49 51 58
22 87 22 33 46 77 87
37 48 37 48
23 79 23 37 48 79
18 28 18 20 26 28
62 63 62 63
13 72 13 49 51 58 67 72
15 55 15 30 34 45 55
35 77 35 59 66 77
3 9 3 9
49 89 49 72 78 80 83 89
25 72 25 35 41 53 72
2 78 2 31 56 62 72 78
9 26 9 17 20 26
64 71 64 71
69 87 69 87
36 81 36 59 64 81
20 66 20 30 41 49 51 60 66
53 84 53 84
2 26 2 18 21 26
44 75 44 61 75
28 50 28 35 41 50
1 37 1 7 27 29 36 37
39 74 39 58 68 74
28 89 28 41 63 83 89
38 60 38 42 51 60
55 89 55 84 89
18 53 18 22 25 38 41 53
82 88 82 85 88
16 48 16 28 37 48
18 49 18 34 38 41 49
32 73 32 44 73
24 77 24 27 52 67 77
44 51 44 51
28 37 28 37
1 55 1 26 28 35 43 44 55
4 88 4 23 37 87 88
41 63 41 57 63
25 75 25 35 39 58 61 75
70 88 70 82 85 88
84 89 84 89
18 49 18 21 26 38 41 49
21 26 21 26
35 68 35 43 52 64 68
37 87 37 51 67 77 87
9 76 9 24 30 44 61 64 68 69 76
31 77 31 43 46 77
40 46 40 42 46
34 79 34 45 55 79
7 42 7 15 22 25 38 42
70 81 70 72 78 80 81
35 63 35 63
15 51 15 26 28 49 51
35 77 35 39 58 67 77
8 28 8 28
58 75 58 61 75
23 25 23 25
39 71 39 60 66 71
4 49 4 13 29 36 37 49
31 86 31 39 60 66 83 86
50 59 50 51 59
19 33 19 33
19 79 19 21 26 28 41 79
36 55 36 55
2 23 2 9 16 23
21 89 21 40 78 80 81 83 89
4 9 4 8 9
12 30 12 17 20 30
12 77 12 50 51 59 77
30 87 30 54 67 77 87
19 43 19 21 26 28 35 43
6 47 6 17 20 32 47
42 57 42 57
32 65 32 44 51 59 65
19 21 19 21
57 81 57 63 80 81
14 70 14 19 33 37 40 42 70
22 73 22 43 52 67 73
8 20 8 9 13 14 19 20
21 71 21 26 28 58 64 71
36 48 36 48
6 43 6 24 27 29 43
55 57 55 57
16 86 16 27 34 48 72 86
2 53 2 18 20 32 44 53
51 86 51 86
14 21 14 19 21
27 60 27 34 44 51 60
43 68 43 64 68
27 62 27 29 43 62
21 78 21 40 42 51 58 61 75 78
7 73 7 40 42 51 58 67 73
37 73 37 40 42 51 58 67 73
13 89 13 26 42 46 77 89
41 51 41 50 51
1 2 1 2
27 47 27 32 47
5 69 5 64 69
2 71 2 14 34 44 64 71
0 46 0 20 26 28 37 40 42 46
53 82 53 72 82
4 34 4 30 34
26 47 26 28 35 43 47
9 79 9 16 23 79
29 55 29 36 55
3 15 3 15
6 61 6 21 58 61
61 76 61 64 68 69 76
1 58 1 3 9 13 29 37 51 58
53 82 53 72 82
28 85 28 49 51 67 82 85
7 44 7 32 44
4 68 4 13 49 51 58 64 68
3 51 3 9 17 29 37 49 51
27 78 27 53 72 78
12 42 12 17 20 26 28 37 40 42
44 85 44 53 72 78 85
4 69 4 8 13 64 68 69
12 45 12 45
18 59 18 59
31 72 31 43 62 72
10 32 10 17 32
27 34 27 34
37 77 37 77
40 89 40 89
3 44 3 14 19 20 30 34 44
27 76 27 32 44 51 59 64 69 76
12 75 12 75
13 49 13 26 38 41 49
21 40 21 40
34 53 34 38 41 53
47 76 47 61 64 68 69 76
38 88 38 85 88
2 29 2 9 17 29
10 39 10 30 39
2 9 2 9
11 57 11 35 39 57
58 82 58 68 74 82
21 66 21 40 60 66
36 53 36 43 44 53
0 82 0 27 70 82
0 10 0 10
24 75 24 50 51 58 61 75
23 44 23 35 43 44
23 32 23 32
60 69 60 69
26 38 26 38
53 80 53 80
44 89 44 53 84 89
62 85 62 72 82 85
7 41 7 27 34 38 41
44 85 44 53 72 78 85
53 85 53 72 78 85
17 32 17 20 32
17 52 17 52
27 52 27 32 48 52
32 76 32 44 64 68 69 76
7 41 7 27 34 38 41
34 69 34 44 55 61 64 69
40 62 40 42 62
58 83 58 64 71 83
15 76 15 22 25 61 64 69 76
1 84 1 3 21 58 64 71 84
9 40 9 13 24 27 29 36 37 40
58 84 58 78 84
10 45 10 30 34 45
23 44 23 44
22 81 22 43 64 81
70 89 70 71 83 89
61 83 61 64 80 83
19 77 19 43 44 51 67 77
15 83 15 26 75 78 81 83
77 88 77 88
59 71 59 71
18 41 18 22 25 38 41
15 55 15 22 43 44 55
48 59 48 54 59
14 67 14 25 33 67
9 81 9 13 36 48 79 80 81
36 66 36 59 66
49 51 49 51
38 73 38 42 51 67 73
27 54 27 32 48 54
17 85 17 70 71 82 85
24 80 24 30 44 79 80
37 60 37 40 42 51 60
22 66 22 43 44 51 59 66
59 83 59 64 80 83
2 18 2 18
35 41 35 41
48 87 48 61 64 87
23 55 23 44 55
30 69 30 39 60 69
24 66 24 27 44 51 60 66
15 44 15 30 34 44
28 73 28 37 40 42 51 58 73
4 9 4 8 9
50 71 50 60 66 71
21 65 21 26 38 63 65
1 43 1 26 28 35 43
12 79 12 24 55 79
17 42 17 33 37 40 42
2 63 2 56 62 63
60 69 60 69
1 55 1 26 28 35 43 44 55
54 81 54 78 81
30 60 30 44 51 60
78 83 78 81 83
5 70 5 6 21 42 70
4 78 4 13 24 50 60 66 78
48 52 48 52
28 64 28 49 51 59 64
24 42 24 29 36 37 40 42
58 61 58 61
6 41 6 27 34 38 41
6 73 6 24 73
11 37 11 20 26 28 37
5 55 5 7 15 30 34 45 55
17 58 17 25 33 37 51 58
72 88 72 88
3 16 3 16
17 44 17 25 35 43 44
1 43 1 26 28 35 43
20 41 20 30 34 38 41
64 68 64 68
48 76 48 54 59 64 68 69 76
10 28 10 17 20 26 28
39 87 39 46 77 87
8 62 8 28 37 40 42 62
15 35 15 21 26 28 35
49 69 49 69
26 46 26 28 35 43 46
9 30 9 16 24 30
11 56 11 20 26 28 35 56
19 69 19 33 39 69
57 80 57 80
32 66 32 66
33 67 33 51 67
6 62 6 40 42 62
16 49 16 28 49
1 27 1 13 16 24 27
45 83 45 52 80 81 83
29 55 29 36 55
9 73 9 16 28 58 73
66 83 66 83
15 87 15 46 77 87
12 45 12 45
1 70 1 13 24 43 70
8 82 8 13 14 70 71 82
40 62 40 42 62
59 86 59 64 81 83 86
13 74 13 28 64 68 74
18 59 18 21 40 51 59
24 50 24 34 45 50
49 81 49 51 58 67 72 78 81
5 79 5 7 15 30 44 79
11 82 11 20 55 58 68 74 82
14 37 14 19 21 26 28 37
23 65 23 28 41 50 59 65
30 76 30 68 69 76
46 77 46 77
4 51 4 30 41 49 51
27 75 27 34 38 41 50 51 58 61 75
7 39 7 33 39
20 50 20 30 41 50
8 68 8 58 64 68
22 54 22 25 33 37 48 54
20 42 20 30 34 38 42
18 46 18 21 42 46
45 74 45 52 64 68 74
2 23 2 9 13 16 23
12 43 12 17 25 35 43
1 27 1 13 16 27
22 55 22 43 44 55
70 72 70 72
28 66 28 41 50 51 60 66
19 47 19 43 47
29 59 29 48 54 59
23 71 23 35 43 64 71
36 76 36 48 52 64 69 76
7 14 7 14
17 33 17 33
27 72 27 52 67 72
7 67 7 33 51 67
10 81 10 17 20 30 34 38 63 80 81
14 82 14 25 35 59 66 71 82
36 51 36 50 51
5 86 5 7 57 86
67 87 67 77 87
19 75 19 21 40 51 58 61 75
43 83 43 47 67 72 78 80 83
26 63 26 38 41 63
72 78 72 78
2 19 2 13 14 19
42 70 42 70
43 46 43 46
52 89 52 80 83 89
3 77 3 58 77
39 85 39 57 63 82 85
31 86 31 43 47 80 81 83 86
30 51 30 41 50 51
34 47 34 47
36 55 36 55
17 78 17 33 39 57 78
24 44 24 30 34 44
50 71 50 59 66 71
4 54 4 23 37 48 54
40 46 40 42 46
20 88 20 39 57 82 85 88
41 75 41 50 51 58 61 75
62 85 62 72 78 85
51 81 51 59 64 81
45 79 45 55 79
4 9 4 8 9
1 36 1 2 9 24 27 29 36
18 35 18 22 25 35
60 76 60 69 76
48 84 48 61 64 71 84
30 79 30 48 79
19 85 19 43 62 74 82 85
9 29 9 24 27 29
27 52 27 34 48 52
2 42 2 18 34 38 42
36 50 36 50
8 46 8 28 37 40 42 46
15 40 15 21 26 40
23 38 23 25 38
2 75 2 13 29 48 61 75
15 38 15 26 38
21 37 21 26 28 37
2 32 2 18 20 32
21 37 21 26 28 37
48 87 48 52 77 87
51 69 51 64 68 69
4 64 4 30 34 59 64
83 88 83 88
44 57 44 55 57
2 52 2 9 24 34 45 52
19 41 19 38 41
11 65 11 33 51 59 65
58 61 58 61
10 81 10 24 32 44 55 61 64 81
19 56 19 56
29 66 29 37 59 66
6 82 6 71 82
19 75 19 21 58 61 75
29 69 29 37 52 64 68 69
15 26 15 21 26
55 61 55 58 61
21 76 21 26 28 64 69 76
28 81 28 37 51 60 66 78 81
54 71 54 71
45 79 45 55 79
30 72 30 44 51 58 67 72
10 87 10 34 47 77 87
4 16 4 13 16
5 84 5 61 64 71 84
35 77 35 59 66 77
53 85 53 72 82 85
6 87 6 27 70 72 87
32 52 32 48 52
15 52 15 26 28 35 43 52
41 66 41 59 66
41 79 41 79
33 89 33 61 64 81 83 89
59 89 59 89
28 85 28 64 71 82 85
49 78 49 72 78
59 74 59 64 68 74
15 61 15 22 25 38 42 51 58 61
12 48 12 26 28 37 48
72 86 72 86
2 57 2 9 32 44 55 57
56 72 56 62 72
3 82 3 82
37 76 37 59 69 76
56 72 56 62 72
5 53 5 36 43 44 53
8 30 8 9 24 30
11 82 11 33 62 72 82
43 66 43 44 51 60 66
10 71 10 44 55 58 61 64 71
45 77 45 67 77
4 47 4 30 34 47
50 76 50 59 64 69 76
6 17 6 17
30 60 30 34 38 42 51 60
44 89 44 84 89
64 81 64 80 81
26 38 26 38
1 14 1 3 14
21 52 21 26 28 37 48 52
26 68 26 28 49 51 58 64 68
10 79 10 34 44 55 79
25 63 25 62 63
9 69 9 13 26 38 42 64 69
67 85 67 82 85
35 79 35 43 44 79
20 75 20 32 51 58 61 75
7 79 7 41 79
37 59 37 49 51 59
34 60 34 44 51 60
28 82 28 49 51 64 68 74 82
6 85 6 54 78 85
19 20 19 20
18 73 18 21 42 51 67 73
54 80 54 59 66 78 80
0 34 0 10 34
68 69 68 69
4 70 4 8 28 35 41 70
62 74 62 74
3 33 3 9 16 23 25 33
18 31 18 22 31
13 76 13 49 76
24 72 24 29 70 72
10 42 10 17 25 38 42
10 47 10 30 34 47
40 46 40 42 46
52 69 52 64 68 69
4 65 4 56 62 65
11 30 11 20 30
37 61 37 51 58 61
48 59 48 54 59
80 89 80 81 83 89
1 3 1 3
25 81 25 35 39 58 78 81
6 16 6 16
17 33 17 25 33
5 19 5 7 14 19
34 44 34 44
13 48 13 16 48
34 45 34 45
40 63 40 63
0 13 0 13
32 72 32 51 67 72
29 43 29 43
10 50 10 17 20 30 34 45 50
41 63 41 63
27 81 27 44 55 57 78 80 81
37 78 37 59 66 78
50 81 50 59 64 81
37 78 37 72 78
18 83 18 34 38 41 53 72 78 81 83
35 43 35 43
42 61 42 51 58 61
19 20 19 20
28 62 28 35 43 62
7 40 7 14 25 40
61 89 61 75 80 83 89
26 42 26 42
2 89 2 33 67 72 78 84 89
44 61 44 61
5 7 5 7
64 88 64 69 88
7 28 7 28
25 79 25 38 41 79
15 79 15 22 25 33 37 48 79
37 76 37 49 51 60 69 76
2 32 2 18 20 32
13 43 13 28 35 43
33 62 33 62
26 77 26 28 49 51 58 77
11 41 11 20 26 38 41
64 88 64 69 88
42 88 42 46 77 88
3 29 3 27 29
18 43 18 22 43
26 55 26 55
42 58 42 51 58
17 43 17 29 36 43
62 63 62 63
34 77 34 44 55 67 77
41 58 41 49 51 58
37 74 37 51 64 68 74
57 82 57 74 82
26 63 26 28 41 63
7 85 7 32 58 64 68 74 85
41 51 41 49 51
5 37 5 7 15 21 26 28 37
18 62 18 34 38 42 62
64 80 64 80
10 48 10 34 48
9 32 9 13 16 24 32
12 68 12 24 64 68
7 27 7 27
12 50 12 29 36 50
1 24 1 3 16 24
72 86 72 78 81 83 86
29 66 29 48 54 59 66
4 89 4 8 28 41 70 81 83 89
23 48 23 32 48
11 64 11 58 61 64
4 85 4 82 85
53 88 53 72 82 85 88
15 40 15 22 33 37 40
10 55 10 44 55
75 89 75 78 81 83 89
34 59 34 59
44 83 44 55 79 83
22 82 22 31 56 64 82
4 62 4 13 26 40 42 62
0 81 0 17 70 81
4 16 4 13 16
7 26 7 15 21 26
14 28 14 28
8 41 8 28 35 41
75 88 75 78 84 88
28 63 28 41 63
30 54 30 34 45 54
21 85 21 40 78 85
36 53 36 43 44 53
10 45 10 30 34 45
20 35 20 26 28 35
18 79 18 21 26 28 41 79
5 52 5 37 52
14 51 14 28 37 49 51
48 59 48 54 59
8 44 8 13 24 34 44
9 32 9 16 27 32
41 88 41 78 81 83 86 88
72 81 72 78 81
16 40 16 29 37 40
19 79 19 43 44 55 79
20 45 20 30 34 45
34 67 34 67
2 82 2 60 82
30 54 30 34 48 54
0 87 0 17 70 72 87
36 59 36 50 51 59
16 87 16 38 41 70 72 87
17 32 17 32
0 19 0 13 14 19
9 49 9 17 20 26 38 41 49
5 75 5 37 51 58 61 75
7 42 7 40 42
26 44 26 28 35 43 44
13 36 13 29 36
25 89 25 40 51 67 77 89
38 63 38 41 57 63
1 88 1 78 85 88
37 52 37 52
39 87 39 57 72 87
9 50 9 50
64 71 64 71
36 48 36 48
30 84 30 39 60 66 78 84
6 43 6 24 29 43
58 61 58 61
6 56 6 17 25 35 56
39 88 39 57 63 80 81 83 86 88
29 70 29 43 70
25 89 25 33 51 64 71 84 89
15 46 15 46
31 77 31 39 58 67 77
41 58 41 50 51 58
72 87 72 87
3 23 3 16 23
83 89 83 89
21 42 21 42
58 84 58 64 71 84
0 44 0 10 24 29 36 43 44
23 38 23 25 38
72 89 72 78 84 89
1 40 1 7 28 37 40
28 73 28 58 67 73
7 21 7 14 19 21
36 66 36 43 44 51 60 66
4 16 4 8 9 16
72 87 72 87
14 78 14 34 67 72 78
75 78 75 78
0 75 0 24 43 75
40 73 40 51 67 73
30 82 30 53 72 82
24 47 24 27 34 47
25 51 25 38 42 51
5 67 5 52 67
49 84 49 72 78 84
5 81 5 70 72 78 81
2 71 2 13 60 66 71
4 64 4 41 50 59 64
15 35 15 21 26 28 35
36 53 36 43 44 53
34 73 34 38 41 50 51 58 67 73
0 27 0 13 24 27
6 76 6 21 42 51 58 61 64 69 76
1 37 1 13 28 37
37 40 37 40
20 58 20 32 58
7 80 7 27 79 80
10 32 10 17 32
0 10 0 10
20 30 20 30
10 25 10 17 25
57 83 57 80 83
49 76 49 76
0 19 0 13 14 19
15 51 15 30 41 49 51
32 71 32 66 71
32 80 32 66 78 80
30 74 30 50 51 64 68 74
63 83 63 80 83
3 75 3 14 19 33 39 58 61 75
23 35 23 28 35
32 53 32 44 53
20 65 20 32 44 55 63 65
8 76 8 28 69 76
4 65 4 13 49 51 59 65
12 42 12 27 29 36 37 40 42
6 80 6 30 34 59 66 78 80
45 67 45 67
4 21 4 8 9 13 14 19 21
10 39 10 17 20 26 28 35 39
25 82 25 63 82
6 54 6 30 48 54
24 83 24 71 83
59 86 59 86
41 57 41 57
25 86 25 61 64 71 83 86
57 89 57 83 89
45 67 45 67
17 65 17 29 48 54 59 65
4 8 4 8
81 88 81 83 86 88
48 88 48 52 83 86 88
24 42 24 29 37 40 42
24 64 24 50 59 64
38 89 38 70 81 83 89
32 74 32 44 61 64 68 74
59 83 59 66 83
42 82 42 64 71 82
15 61 15 30 48 61
47 83 47 80 81 83
48 65 48 54 59 65
21 71 21 42 70 71
26 66 26 38 42 51 60 66
50 84 50 51 64 71 84
17 60 17 32 44 51 60
27 86 27 78 80 81 83 86
7 39 7 28 35 39
18 31 18 22 31
3 82 3 38 63 82
6 17 6 17
23 47 23 28 35 43 47
2 78 2 70 72 78
3 16 3 9 16
41 76 41 50 59 69 76
23 37 23 37
50 59 50 51 59
21 54 21 26 28 37 48 54
17 48 17 25 33 37 48
3 64 3 30 48 61 64
41 61 41 49 51 58 61
21 85 21 59 64 71 82 85
43 69 43 64 68 69
6 76 6 15 21 26 38 41 49 51 60 69 76
17 25 17 25
35 59 35 59
2 18 2 18
8 66 8 34 44 51 60 66
10 24 10 24
2 13 2 13
82 85 82 85
23 63 23 28 41 57 63
19 75 19 33 51 58 61 75
34 44 34 44
6 73 6 27 32 51 67 73
47 84 47 75 78 84
5 88 5 75 80 81 83 88
7 27 7 27
14 82 14 28 64 71 82
5 20 5 6 17 20
26 40 26 40
79 89 79 84 89
11 62 11 33 37 40 42 62
0 33 0 10 17 33
22 57 22 33 39 57
4 62 4 56 62
28 86 28 49 51 86
2 67 2 14 19 33 51 58 67
60 69 60 69
25 37 25 33 37
6 61 6 31 43 47 61
26 70 26 28 37 40 42 70
35 67 35 39 58 67
34 61 34 45 55 61
46 88 46 77 87 88
3 33 3 9 17 33
35 79 35 43 44 55 79
19 65 19 56 62 65
19 28 19 20 26 28
8 84 8 40 64 71 84
19 65 19 43 44 55 57 63 65
29 70 29 43 70
26 67 26 67
70 86 70 86
31 61 31 39 58 61
6 46 6 31 39 46
66 78 66 78
17 46 17 25 40 42 46
14 52 14 28 37 52
19 85 19 38 60 66 71 82 85
36 59 36 43 44 51 59
35 72 35 72
43 65 43 44 51 59 65
35 82 35 59 71 82
48 86 48 75 78 80 81 83 86
69 76 69 76
32 72 32 47 67 72
6 85 6 27 58 67 82 85
58 76 58 68 69 76
56 78 56 62 72 78
4 87 4 56 62 72 87
9 78 9 57 72 78
16 89 16 29 75 80 81 83 89
5 34 5 7 15 22 34
21 78 21 26 38 70 72 78
33 80 33 37 51 59 66 78 80
35 76 35 41 50 51 64 68 69 76
24 80 24 27 34 47 61 75 80
64 82 64 71 82
11 68 11 33 49 51 59 64 68
57 89 57 72 78 84 89
1 48 1 13 16 28 37 48
55 79 55 79
17 29 17 29
25 81 25 57 78 81
45 64 45 54 59 64
61 89 61 64 71 83 89
21 46 21 26 28 46
29 72 29 43 47 67 72
10 34 10 34
5 61 5 7 29 36 48 61
24 37 24 27 29 37
33 78 33 52 78
19 81 19 20 32 47 75 78 80 81
32 78 32 48 72 78
33 39 33 39
1 25 1 13 16 23 25
42 57 42 57
51 67 51 58 67
40 68 40 64 68
33 39 33 39
17 82 17 58 61 64 82
27 82 27 44 55 57 63 82
47 84 47 75 78 84
55 77 55 67 77
19 65 19 21 42 51 59 65
43 69 43 44 64 69
30 54 30 54
27 63 27 29 36 37 40 42 57 63
15 83 15 58 67 72 78 80 83
44 64 44 64
33 82 33 52 71 82
19 73 19 43 47 67 73
17 74 17 25 61 64 68 74
30 45 30 34 45
34 89 34 79 83 89
54 81 54 67 72 78 80 81
7 64 7 33 52 64
3 15 3 15
17 25 17 25
7 69 7 32 47 61 64 69
1 19 1 19
16 38 16 24 30 34 38
3 71 3 15 30 44 64 71
33 37 33 37
47 67 47 67
8 52 8 9 24 34 48 52
31 61 31 39 58 61
49 89 49 72 78 81 83 89
22 25 22 25
26 68 26 55 61 64 68
24 41 24 27 34 38 41
55 79 55 79
43 58 43 44 51 58
70 84 70 72 78 84
24 32 24 32
10 42 10 34 38 42
1 44 1 7 32 44
72 87 72 87
1 44 1 26 28 35 43 44
70 89 70 81 83 89
37 63 37 40 63
31 87 31 43 62 72 87
6 45 6 24 30 34 45
28 63 28 35 41 63
44 79 44 55 79
41 78 41 57 78
52 68 52 64 68
0 67 0 67
9 81 9 17 20 40 64 81
55 75 55 61 75
6 27 6 27
1 30 1 2 13 20 30
14 65 14 25 63 65
17 60 17 51 60
21 73 21 40 51 58 73
42 87 42 64 69 87
5 49 5 6 24 34 38 41 49
45 64 45 52 64
18 80 18 20 40 63 80
10 25 10 17 25
6 32 6 18 20 32
6 16 6 16
16 45 16 27 34 45
34 67 34 38 41 49 51 67
12 37 12 29 37
57 63 57 63
1 65 1 39 65
67 88 67 72 82 85 88
47 83 47 75 78 81 83
18 45 18 20 30 34 45
75 83 75 80 81 83
27 50 27 29 36 50
29 80 29 36 43 62 72 78 80
54 83 54 71 83
24 58 24 29 36 43 44 51 58
45 51 45 50 51
14 21 14 19 21
19 55 19 43 44 55
19 77 19 38 60 66 77
36 64 36 59 64
3 29 3 9 24 29
60 88 60 69 87 88
42 73 42 51 58 73
5 49 5 25 38 41 49
20 65 20 26 38 42 62 65
3 83 3 64 71 83
41 78 41 66 78
6 61 6 40 51 58 61
59 76 59 64 68 69 76
54 81 54 72 78 81
27 86 27 72 86
54 83 54 75 83
38 69 38 42 64 69
47 64 47 61 64
67 73 67 73
8 34 8 9 17 20 30 34
9 85 9 62 74 85
38 82 38 60 66 71 82
11 58 11 33 37 49 51 58
32 51 32 51
25 76 25 33 51 60 69 76
14 75 14 31 43 44 55 61 75
1 61 1 58 61
33 59 33 37 59
21 47 21 26 28 35 43 47
18 21 18 21
20 59 20 30 41 49 51 59
38 80 38 70 72 78 80
14 25 14 25
15 38 15 21 26 38
49 84 49 51 59 66 71 84
29 83 29 70 72 78 81 83
19 85 19 20 40 64 71 82 85
8 72 8 58 67 72
17 79 17 55 79
0 20 0 10 17 20
5 37 5 6 17 29 37
66 89 66 71 84 89
20 74 20 40 64 68 74
0 47 0 13 16 35 43 47
20 52 20 26 28 35 43 52
64 86 64 86
13 49 13 49
3 83 3 21 42 70 71 83
17 44 17 32 44
3 29 3 9 16 24 27 29
39 58 39 58
63 88 63 82 85 88
8 20 8 13 20
12 33 12 17 25 33
0 70 0 43 70
26 59 26 40 42 51 59
7 47 7 43 47
47 84 47 67 72 78 84
62 81 62 63 80 81
6 39 6 21 26 28 35 39
12 72 12 50 51 58 67 72
52 78 52 78
26 42 26 42
23 78 23 35 39 60 66 78
6 41 6 16 23 35 41
25 72 25 40 51 58 67 72
5 50 5 25 38 41 50
6 16 6 16
12 48 12 29 36 37 48
4 34 4 30 34
21 59 21 26 42 51 59
27 37 27 29 36 37
30 61 30 39 58 61
59 69 59 64 68 69
3 52 3 16 35 43 52
20 64 20 56 64
17 33 17 33
36 57 36 55 57
28 60 28 41 49 51 60
7 28 7 15 26 28
79 81 79 80 81
56 87 56 64 68 69 87
43 65 43 62 65
37 60 37 49 51 60
41 57 41 57
10 68 10 17 29 36 59 64 68
59 74 59 64 68 74
55 57 55 57
6 46 6 15 22 34 46
35 89 35 89
29 68 29 43 64 68
47 75 47 75
54 86 54 67 72 78 81 83 86
26 47 26 28 35 43 47
35 82 35 82
64 71 64 71
27 62 27 29 37 40 42 62
2 23 2 13 16 23
5 76 5 25 38 42 51 60 69 76
14 51 14 42 51
5 50 5 36 50
77 88 77 88
6 45 6 27 34 45
27 29 27 29
11 35 11 21 26 28 35
62 63 62 63
3 58 3 51 58
0 80 0 20 72 78 80
63 88 63 88
64 87 64 69 87
41 59 41 59
44 53 44 53
4 58 4 8 40 51 58
5 52 5 6 17 25 33 37 52
16 40 16 23 28 37 40
12 58 12 37 49 51 58
14 64 14 19 56 64
0 71 0 71
44 84 44 53 72 78 84
86 88 86 88
9 32 9 20 32
26 88 26 40 64 68 69 87 88
13 30 13 16 24 30
1 25 1 3 9 13 14 25
24 66 24 30 50 51 60 66
1 25 1 7 14 25
0 69 0 45 52 64 69
30 74 30 41 57 74
45 52 45 52
41 61 41 50 51 58 61
3 72 3 14 28 35 39 57 72
7 70 7 14 25 40 42 70
20 26 20 26
33 62 33 62
34 60 34 45 50 60
45 52 45 52
40 60 40 60
23 48 23 37 48
19 62 19 21 26 38 42 62
43 89 43 44 64 80 81 83 89
15 45 15 22 34 45
21 55 21 26 55
7 22 7 15 22
23 33 23 25 33
10 42 10 34 38 42
59 80 59 64 80
72 87 72 87
26 52 26 28 35 43 52
87 88 87 88
23 43 23 28 35 43
0 80 0 43 80
26 56 26 28 35 56
8 32 8 13 16 24 32
4 33 4 13 16 23 25 33
20 81 20 56 78 80 81
59 64 59 64
75 80 75 80
41 81 41 70 81
79 83 79 80 83
11 35 11 35
20 65 20 40 63 65
71 83 71 83
21 37 21 26 28 37
22 34 22 34
18 71 18 34 45 54 71
9 52 9 17 29 36 48 52
28 86 28 35 41 70 72 86
18 34 18 22 34
24 83 24 50 60 66 71 83
49 58 49 51 58
48 83 48 54 75 78 81 83
70 71 70 71
14 47 14 30 34 47
6 18 6 18
43 44 43 44
41 86 41 78 80 81 83 86
55 57 55 57
79 80 79 80
25 40 25 40
13 48 13 36 37 48
16 53 16 28 35 41 53
14 43 14 19 43
27 66 27 44 51 59 66
12 58 12 37 49 51 58
29 83 29 70 81 83
16 31 16 31
26 69 26 40 64 69
32 73 32 51 67 73
28 58 28 35 39 58
0 52 0 13 14 31 43 52
16 87 16 35 72 87
32 48 32 48
50 59 50 59
43 85 43 44 64 68 74 82 85
6 16 6 16
25 79 25 35 41 79
17 50 17 29 36 50
18 71 18 34 59 66 71
23 40 23 28 37 40
1 89 1 58 77 89
10 25 10 17 25
18 28 18 21 26 28
2 72 2 70 72
6 77 6 27 44 55 67 77
27 29 27 29
44 51 44 51
3 21 3 9 13 14 19 21
24 52 24 30 34 45 52
11 89 11 20 72 78 84 89
47 74 47 61 64 68 74
44 67 44 51 58 67
3 64 3 30 39 58 61 64
24 88 24 83 86 88
45 64 45 64
78 84 78 84
21 39 21 26 28 35 39
2 32 2 9 24 27 32
35 70 35 41 70
50 76 50 59 69 76
30 76 30 41 50 59 69 76
42 67 42 51 58 67
64 80 64 80
28 77 28 46 77
9 83 9 20 66 71 83
15 58 15 21 42 51 58
80 88 80 83 86 88
33 67 33 39 58 67
44 68 44 61 64 68
1 65 1 13 26 42 57 63 65
24 88 24 54 59 86 88
13 14 13 14
24 52 24 43 52
10 39 10 30 39
13 46 13 26 28 46
26 44 26 28 35 43 44
13 84 13 49 51 58 61 75 78 84
27 50 27 34 38 41 50
0 87 0 20 66 77 87
43 85 43 75 82 85
24 81 24 81
36 88 36 60 66 83 86 88
29 57 29 36 37 40 42 57
23 25 23 25
19 28 19 21 26 28
0 51 0 13 14 34 38 42 51
26 40 26 40
64 80 64 80
50 88 50 60 82 85 88
17 59 17 20 26 28 35 59
17 71 17 29 43 47 61 64 71
13 89 13 46 77 89
8 44 8 34 44
70 81 70 72 78 80 81
40 84 40 72 78 84
13 50 13 14 25 35 41 50
23 89 23 78 84 89
22 77 22 31 43 47 67 77
16 31 16 31
10 44 10 30 44
58 74 58 68 74
27 65 27 44 51 59 65
16 40 16 29 37 40
47 74 47 61 64 68 74
22 25 22 25
10 61 10 24 50 51 58 61
17 66 17 25 35 43 44 51 60 66
34 67 34 67
24 65 24 54 59 65
7 45 7 27 34 45
8 57 8 41 57
16 25 16 23 25
50 59 50 59
7 70 7 28 37 40 42 70
4 57 4 8 9 57
15 62 15 30 34 38 42 62
2 56 2 14 28 35 56
40 65 40 63 65
9 57 9 57
22 54 22 34 48 54
27 75 27 29 36 37 40 42 51 58 61 75
34 88 34 67 77 88
48 65 48 54 59 65
58 61 58 61
52 88 52 77 87 88
8 55 8 9 17 29 43 44 55
9 26 9 17 20 26
51 58 51 58
19 47 19 21 26 28 35 43 47
41 66 41 66
3 71 3 58 64 71
50 71 50 59 64 71
12 47 12 27 32 47
9 82 9 13 68 74 82
15 76 15 58 64 69 76
18 71 18 34 48 54 59 64 71
3 14 3 14
19 50 19 38 41 50
68 74 68 74
8 34 8 34
3 46 3 9 17 25 35 43 46
32 74 32 51 64 68 74
12 43 12 27 29 36 43
17 47 17 32 47
12 41 12 26 28 35 41
26 69 26 42 51 64 68 69
3 69 3 14 28 35 39 60 69
10 85 10 48 54 78 85
82 85 82 85
25 46 25 40 42 46
54 65 54 59 65
36 60 36 60
80 81 80 81
2 23 2 9 13 16 23
46 88 46 77 88
58 80 58 78 80
66 82 66 71 82
13 53 13 14 25 38 41 53
8 60 8 28 37 49 51 60
27 72 27 72
19 33 19 33
9 79 9 32 48 79
16 86 16 31 39 60 66 71 83 86
60 78 60 66 78
36 69 36 59 69
39 75 39 58 61 75
52 88 52 67 77 87 88
11 51 11 21 42 51
37 46 37 40 42 46
10 55 10 17 20 30 34 45 55
23 48 23 28 37 48
8 62 8 40 42 62
22 56 22 25 35 56
35 84 35 43 75 78 84
16 81 16 44 78 80 81
25 47 25 35 43 47
28 75 28 41 49 51 58 61 75
0 80 0 10 44 55 57 63 80
51 87 51 60 66 77 87
34 42 34 38 42
10 47 10 17 32 47
19 65 19 20 55 57 65
4 51 4 30 41 50 51
1 39 1 39
55 86 55 67 72 78 80 81 83 86
21 80 21 26 80
20 60 20 30 41 49 51 60
27 76 27 32 58 64 69 76
51 58 51 58
37 49 37 49
29 81 29 43 52 64 81
6 79 6 21 26 28 35 43 44 55 79
0 71 0 59 71
45 83 45 75 83
21 26 21 26
25 33 25 33
11 48 11 20 32 48
22 56 22 25 35 56
35 70 35 43 70
8 28 8 28
32 47 32 47
4 60 4 23 35 43 44 51 60
58 80 58 61 75 80
33 76 33 51 59 69 76
53 85 53 72 78 85
12 58 12 24 55 58
0 43 0 20 26 28 35 43
25 47 25 35 43 47
41 61 41 50 51 58 61
41 70 41 70
27 64 27 32 44 64
43 52 43 52
49 75 49 51 58 61 75
7 77 7 40 42 51 67 77
70 82 70 82
43 87 43 87
40 89 40 78 84 89
30 61 30 50 51 58 61
20 42 20 26 42
49 78 49 51 58 61 75 78
3 37 3 37
15 26 15 26
25 76 25 61 64 68 69 76
16 83 16 31 56 78 81 83
14 76 14 34 44 51 60 69 76
78 81 78 80 81
44 51 44 51
48 52 48 52
22 33 22 25 33
3 21 3 21
19 73 19 43 52 67 73
20 77 20 39 58 77
26 72 26 67 72
35 64 35 59 64
2 59 2 23 28 37 40 51 59
50 82 50 51 59 71 82
39 60 39 60
26 70 26 42 70
35 63 35 56 62 63
12 37 12 26 28 37
4 82 4 70 72 82
6 82 6 17 25 74 82
27 50 27 34 45 50
17 63 17 33 37 40 42 62 63
22 59 22 34 59
80 88 80 83 86 88
30 44 30 44
75 82 75 82
77 88 77 87 88
35 82 35 82
6 86 6 71 83 86
8 13 8 13
81 83 81 83
34 67 34 38 42 51 67
45 63 45 63
39 85 39 60 82 85
21 66 21 40 42 51 59 66
27 82 27 72 82
79 89 79 83 89
34 48 34 48
11 51 11 21 40 51
13 48 13 48
19 78 19 33 49 72 78
24 41 24 34 38 41
31 61 31 43 44 55 61
2 55 2 18 34 45 55
35 78 35 43 52 67 72 78
26 38 26 38
68 74 68 74
8 65 8 34 38 41 57 65
70 71 70 71
5 52 5 37 52
30 74 30 34 44 51 59 64 68 74
33 58 33 51 58
44 51 44 51
4 30 4 30
42 75 42 51 58 61 75
32 78 32 51 67 72 78
20 81 20 40 72 78 81
36 69 36 60 69
58 73 58 67 73
17 64 17 55 61 64
0 13 0 13
56 80 56 78 80
19 43 19 43
25 33 25 33
2 57 2 18 34 45 55 57
10 52 10 52
31 87 31 56 62 72 87
59 68 59 64 68
8 51 8 34 38 42 51
17 80 17 60 66 78 80
20 76 20 30 68 69 76
17 44 17 29 43 44
3 20 3 9 13 14 19 20
41 51 41 49 51
31 63 31 43 62 63
36 76 36 48 61 64 68 69 76
30 85 30 68 74 85
8 83 8 9 71 83
23 89 23 25 79 80 83 89
36 50 36 50
24 53 24 34 44 53
9 70 9 24 30 34 38 41 70
25 38 25 38
38 42 38 42
59 76 59 64 69 76
34 46 34 46
15 75 15 58 61 75
33 78 33 49 72 78
15 45 15 22 34 45
40 71 40 64 71
45 55 45 55
4 65 4 13 36 37 59 65
0 67 0 24 32 48 52 67
39 73 39 58 67 73
61 75 61 75
29 79 29 43 44 55 79
7 80 7 29 37 52 67 72 78 80
2 75 2 13 48 75
5 79 5 25 79
35 66 35 41 66
17 44 17 25 35 43 44
23 87 23 25 38 70 72 87
3 69 3 51 60 69
33 62 33 37 40 42 62
14 60 14 42 51 60
32 74 32 48 52 64 68 74
37 51 37 40 42 51
12 20 12 17 20
6 86 6 79 81 83 86
24 59 24 43 44 51 59
41 83 41 66 78 80 83
4 76 4 60 69 76
19 64 19 38 41 59 64
0 19 0 13 14 19
18 49 18 22 34 38 41 49
42 82 42 70 82
53 72 53 72
5 59 5 44 51 59
8 72 8 28 58 67 72
13 66 13 36 59 66
27 44 27 32 44
52 64 52 64
70 71 70 71
30 45 30 34 45
23 28 23 28
75 83 75 78 81 83
1 34 1 2 18 22 34
29 64 29 43 52 64
3 75 3 21 58 61 75
44 84 44 64 71 84
66 82 66 71 82
10 84 10 24 29 48 75 78 84
79 88 79 88
10 68 10 24 27 52 64 68
6 79 6 18 21 26 28 41 79
9 52 9 32 48 52
6 46 6 40 42 46
25 76 25 35 39 58 68 69 76
81 88 81 83 86 88
7 67 7 15 58 67
46 89 46 77 89
28 37 28 37
37 63 37 40 42 57 63
13 89 13 84 89
10 71 10 52 64 71
34 67 34 45 67
8 52 8 34 48 52
33 70 33 37 40 42 70
10 70 10 17 20 40 42 70
52 64 52 64
44 68 44 55 58 61 64 68
38 85 38 41 49 72 78 85
13 60 13 24 27 32 44 51 60
12 66 12 24 43 44 51 60 66
10 54 10 30 34 45 54
2 30 2 18 20 30
39 81 39 58 64 81
5 53 5 7 27 32 53
55 57 55 57
9 79 9 13 14 30 44 55 79
27 70 27 70
38 67 38 42 51 67
45 51 45 50 51
29 36 29 36
1 65 1 19 43 62 63 65
57 74 57 74
31 81 31 56 64 81
16 44 16 27 44
3 44 3 16 28 35 43 44
51 82 51 64 68 74 82
0 19 0 13 14 19
5 26 5 6 17 20 26
14 65 14 28 49 51 59 65
2 46 2 31 39 46
18 82 18 21 58 61 64 82
58 77 58 77
47 74 47 61 64 68 74
20 66 20 39 60 66
18 35 18 20 26 28 35
17 60 17 51 60
12 44 12 32 44
6 88 6 54 78 80 83 86 88
30 54 30 54
25 75 25 38 42 51 58 61 75
41 63 41 57 63
36 37 36 37
15 52 15 22 33 52
51 85 51 60 66 78 85
59 65 59 65
37 59 37 48 54 59
29 69 29 48 61 64 68 69
32 54 32 48 54
20 54 20 26 28 37 48 54
61 84 61 75 78 84
4 28 4 13 20 26 28
30 48 30 48
34 53 34 38 41 53
52 89 52 64 71 84 89
1 22 1 2 18 22
49 76 49 69 76
31 61 31 43 47 61
0 21 0 13 14 19 21
27 53 27 44 53
25 51 25 33 37 51
20 44 20 32 44
55 72 55 58 67 72
57 88 57 86 88
8 31 8 13 14 31
40 89 40 89
54 78 54 75 78
23 87 23 68 69 87
60 85 60 82 85
36 60 36 43 44 51 60
4 28 4 8 13 28
6 52 6 18 34 48 52
5 70 5 70
37 40 37 40
27 88 27 72 86 88
24 36 24 27 29 36
78 83 78 80 83
13 36 13 29 36
11 71 11 33 49 51 64 71
42 75 42 51 58 61 75
28 68 28 41 59 64 68
22 80 22 33 49 72 78 80
21 28 21 26 28
3 87 3 27 53 77 87
28 85 28 58 85
10 39 10 30 39
0 72 0 45 52 67 72
23 28 23 28
32 53 32 44 53
67 85 67 82 85
8 73 8 41 50 51 67 73
25 87 25 57 72 87
14 34 14 19 20 30 34
78 85 78 85
9 49 9 13 28 37 49
50 69 50 60 69
10 39 10 17 20 39
58 61 58 61
18 71 18 59 71
24 32 24 27 32
47 61 47 61
41 72 41 67 72
52 71 52 71
5 77 5 6 54 59 77
10 68 10 17 32 51 59 64 68
32 85 32 48 54 59 66 78 85
1 47 1 7 28 35 43 47
79 80 79 80
48 76 48 54 59 69 76
38 81 38 70 81
39 74 39 58 61 64 68 74
54 59 54 59
39 75 39 58 61 75
10 69 10 48 52 64 68 69
0 34 0 27 34
23 63 23 32 44 55 63
9 78 9 17 29 37 49 51 67 72 78
51 61 51 58 61
43 65 43 44 55 63 65
33 39 33 39
13 54 13 48 54
31 77 31 39 58 67 77
20 74 20 30 39 58 61 64 68 74
52 69 52 64 68 69
47 77 47 67 77
20 66 20 39 60 66
0 40 0 17 25 40
50 89 50 60 66 78 84 89
9 66 9 50 60 66
39 65 39 65
69 76 69 76
34 89 34 38 89
18 52 18 34 48 52
21 46 21 26 28 37 40 42 46
14 33 14 19 33
72 86 72 78 80 81 83 86
26 60 26 28 49 51 60
9 55 9 13 36 55
37 66 37 51 59 66
81 83 81 83
61 71 61 64 71
20 57 20 40 42 57
1 24 1 2 9 24
14 19 14 19
12 50 12 50
6 34 6 24 27 34
8 54 8 28 37 48 54
11 45 11 20 30 34 45
79 89 79 81 83 89
38 57 38 42 57
36 57 36 43 44 55 57
67 80 67 72 78 80
13 50 13 24 50
22 60 22 31 43 44 51 60
6 29 6 16 27 29
34 48 34 48
22 77 22 33 52 67 77
7 89 7 41 67 72 78 81 83 89
53 72 53 72
5 61 5 36 50 51 58 61
26 75 26 38 42 51 58 61 75
18 54 18 21 26 28 37 48 54
30 45 30 34 45
41 66 41 66
16 52 16 35 43 52
21 41 21 26 38 41
23 89 23 77 89
5 20 5 6 17 20
38 63 38 42 57 63
37 48 37 48
17 50 17 20 30 50
16 68 16 38 41 59 64 68
45 51 45 50 51
47 72 47 67 72
26 86 26 40 60 66 78 80 83 86
28 87 28 49 69 87
58 61 58 61
8 54 8 28 37 48 54
2 32 2 14 19 20 32
4 89 4 23 35 56 62 63 80 81 83 89
4 28 4 8 13 26 28
71 83 71 83
4 86 4 41 72 86
7 22 7 15 22
59 86 59 66 83 86
16 67 16 29 43 52 67
3 24 3 9 13 24
58 83 58 67 72 78 80 81 83
12 77 12 27 34 67 77
71 82 71 82
38 76 38 41 49 69 76
19 54 19 33 37 48 54
58 74 58 64 68 74
17 80 17 25 63 80
20 65 20 39 57 65
11 82 11 21 59 64 68 74 82
50 82 50 59 71 82
64 87 64 69 87
14 70 14 34 38 42 70
6 80 6 80
26 72 26 40 42 51 67 72
7 49 7 49
4 62 4 30 34 38 42 62
29 80 29 80
56 78 56 62 72 78
41 58 41 49 51 58
62 85 62 72 78 85
67 77 67 77
4 43 4 13 24 27 29 36 43
80 81 80 81
56 87 56 62 72 87
33 51 33 51
7 78 7 43 70 72 78
30 51 30 44 51
32 88 32 86 88
27 89 27 29 70 71 83 89
24 89 24 27 58 64 81 83 89
16 64 16 31 39 58 64
7 32 7 27 32
59 66 59 66
10 64 10 48 61 64
78 80 78 80
9 32 9 20 32
4 47 4 8 9 13 26 28 35 43 47
20 52 20 30 48 52
25 37 25 33 37
2 89 2 78 80 83 89
8 32 8 13 24 32
15 30 15 30
30 72 30 41 72
0 19 0 13 14 19
29 74 29 37 52 64 68 74
3 24 3 9 16 24
25 74 25 61 64 68 74
7 88 7 56 64 68 74 82 85 88
18 22 18 22
9 50 9 50
18 33 18 22 33
12 40 12 29 36 37 40
0 10 0 10
1 48 1 19 20 26 28 37 48
6 24 6 24
15 51 15 26 28 41 49 51
38 79 38 41 79
24 85 24 29 43 70 82 85
7 47 7 27 32 47
17 39 17 33 39
48 87 48 61 64 69 87
25 67 25 35 41 50 51 67
68 74 68 74
6 31 6 16 31
74 88 74 82 85 88
7 36 7 27 29 36
12 46 12 37 40 42 46
70 72 70 72
16 61 16 29 36 55 58 61
18 33 18 22 33
40 76 40 60 69 76
34 72 34 67 72
2 81 2 18 72 78 81
0 49 0 27 29 37 49
2 56 2 56
52 86 52 83 86
55 77 55 67 77
5 53 5 44 53
3 37 3 21 26 28 37
19 33 19 33
15 62 15 26 28 35 43 62
21 28 21 26 28
27 53 27 29 43 44 53
72 88 72 87 88
55 86 55 86
61 88 61 75 80 83 88
44 69 44 51 58 64 69
17 83 17 78 81 83
23 79 23 28 35 43 44 79
49 81 49 51 64 80 81
45 54 45 54
47 74 47 61 64 68 74
11 62 11 35 43 62
42 61 42 51 58 61
54 78 54 75 78
27 70 27 70
34 60 34 44 51 60
31 52 31 43 52
83 88 83 88
63 80 63 80
18 28 18 20 26 28
12 44 12 44
34 45 34 45
28 46 28 35 39 46
55 79 55 79
5 36 5 6 24 29 36
30 48 30 34 48
4 85 4 56 62 72 82 85
18 39 18 21 26 28 35 39
11 35 11 35
19 45 19 20 30 34 45
1 22 1 2 18 22
8 73 8 40 42 51 58 73
41 80 41 50 59 64 80
45 79 45 55 79
25 47 25 35 43 47
9 63 9 62 63
25 89 25 80 81 83 89
24 81 24 55 79 81
41 81 41 63 80 81
9 66 9 60 66
5 56 5 6 18 21 26 28 35 56
55 79 55 79
32 88 32 86 88
53 77 53 77
21 26 21 26
51 80 51 60 66 78 80
18 41 18 34 38 41
70 88 70 82 85 88
25 72 25 40 51 67 72
9 82 9 24 71 82
58 82 58 67 82
8 34 8 34
4 85 4 30 54 78 85
14 42 14 19 21 26 40 42
36 43 36 43
29 43 29 36 43
28 35 28 35
0 52 0 27 32 48 52
6 52 6 30 48 52
6 57 6 17 55 57
38 42 38 42
6 21 6 18 21
27 46 27 29 43 46
43 46 43 46
41 86 41 53 72 86
20 66 20 66
1 44 1 7 43 44
9 17 9 17
41 59 41 50 51 59
42 75 42 51 58 61 75
44 78 44 61 75 78
30 79 30 41 79
5 77 5 52 67 77
28 62 28 37 40 42 62
10 42 10 24 29 36 37 40 42
17 62 17 20 40 42 62
40 64 40 64
57 74 57 74
34 60 34 38 60
3 21 3 9 13 14 19 21
7 42 7 28 37 40 42
4 23 4 13 16 23
5 77 5 52 67 77
55 82 55 63 82
7 84 7 32 48 75 78 84
32 54 32 48 54
3 59 3 37 51 59
27 78 27 44 61 75 78
10 30 10 24 30
60 88 60 69 87 88
12 26 12 17 20 26
46 88 46 77 88
4 49 4 41 49
7 82 7 14 28 35 56 64 68 74 82
25 85 25 57 72 78 85
3 20 3 14 19 20
40 76 40 42 51 64 69 76
58 89 58 67 72 78 84 89
6 29 6 16 24 29
7 36 7 29 36
25 63 25 38 42 57 63
7 69 7 29 37 49 69
55 72 55 57 72
31 83 31 39 58 61 75 83
51 89 51 59 71 84 89
43 67 43 52 67
60 76 60 69 76
27 58 27 32 44 51 58
54 86 54 83 86
16 53 16 28 41 53
23 28 23 28
72 87 72 87
24 53 24 29 43 44 53
7 82 7 27 70 71 82
44 78 44 51 60 66 78
20 49 20 30 34 38 41 49
3 38 3 38
29 48 29 37 48
42 70 42 70
19 43 19 20 26 28 35 43
5 61 5 36 43 47 61
16 83 16 29 37 49 72 78 81 83
60 89 60 66 77 89
4 70 4 8 34 38 70
67 88 67 72 87 88
48 79 48 79
17 89 17 33 52 80 83 89
52 83 52 80 81 83
45 50 45 50
29 57 29 36 43 44 55 57
1 84 1 19 20 66 78 84
35 77 35 41 49 51 60 66 77
4 78 4 60 66 78
12 39 12 26 28 35 39
2 79 2 31 43 44 55 79
24 70 24 34 38 41 70
45 64 45 52 64
32 89 32 58 77 89
6 56 6 16 31 56
32 73 32 47 67 73
52 71 52 64 71
27 52 27 29 37 52
6 42 6 15 22 25 40 42
36 61 36 50 51 58 61
22 59 22 59
8 21 8 13 14 19 21
55 61 55 61
28 87 28 64 69 87
58 76 58 68 69 76
31 44 31 43 44
24 60 24 50 60
71 82 71 82
26 52 26 28 37 48 52
27 65 27 29 48 54 59 65
0 29 0 24 27 29
59 65 59 65
13 76 13 29 37 49 51 60 69 76
0 69 0 27 58 61 64 68 69
12 46 12 37 40 42 46
35 88 35 59 71 83 86 88
38 63 38 63
13 68 13 28 58 64 68
27 76 27 29 36 59 64 69 76
23 65 23 28 41 49 51 59 65
34 42 34 38 42
14 70 14 42 70
9 73 9 17 29 43 52 67 73
25 39 25 35 39
41 89 41 53 80 83 89
1 19 1 3 9 13 14 19
59 76 59 64 69 76
24 32 24 27 32
25 56 25 35 56
44 58 44 51 58
48 52 48 52
18 77 18 22 59 66 77
5 20 5 7 14 19 20
44 69 44 51 58 64 69
11 70 11 21 40 42 70
40 72 40 42 62 72
52 69 52 64 69
10 68 10 48 52 64 68
26 72 26 67 72
41 65 41 49 51 59 65
17 74 17 55 58 64 68 74
13 48 13 20 26 28 37 48
39 88 39 85 88
35 76 35 39 76
7 76 7 42 64 68 69 76
2 70 2 13 24 29 70
20 39 20 39
56 82 56 62 74 82
2 52 2 18 21 26 28 35 43 52
1 61 1 58 61
3 22 3 15 22
42 70 42 70
27 72 27 72
19 63 19 43 44 55 63
44 53 44 53
45 84 45 54 75 78 84
0 21 0 13 14 19 21
17 42 17 33 37 40 42
13 76 13 48 61 64 69 76
62 89 62 72 78 81 83 89
3 51 3 51
32 52 32 48 52
28 69 28 69
11 48 11 21 26 28 37 48
11 59 11 20 26 40 51 59
13 25 13 16 23 25
18 69 18 59 69
0 86 0 57 78 81 83 86
4 41 4 8 34 38 41
10 70 10 34 38 70
38 81 38 70 81
18 33 18 22 33
0 27 0 24 27
12 48 12 29 48
13 25 13 14 25
4 69 4 41 50 51 58 61 64 68 69
27 82 27 53 72 82
30 69 30 44 51 59 64 69
3 59 3 37 48 54 59
12 84 12 26 55 67 72 78 84
34 65 34 38 42 62 63 65
32 53 32 53
55 64 55 58 61 64
28 86 28 35 59 71 83 86
18 31 18 22 31
17 53 17 29 36 43 44 53
22 55 22 31 43 44 55
19 42 19 20 40 42
19 28 19 20 26 28
8 65 8 62 65
19 73 19 43 47 67 73
8 13 8 9 13
33 42 33 37 40 42
79 84 79 84
14 67 14 28 49 51 58 67
9 79 9 17 20 30 48 79
10 55 10 30 34 45 55
27 86 27 44 61 64 71 83 86
53 84 53 72 78 84
61 71 61 64 71
10 72 10 24 32 44 53 72
18 20 18 20
1 61 1 3 27 32 51 58 61
40 46 40 42 46
4 60 4 41 49 51 60
27 82 27 58 61 64 82
2 17 2 9 17
1 67 1 26 55 58 67
5 23 5 6 16 23
0 13 0 13
42 69 42 51 58 68 69
39 72 39 58 67 72
51 69 51 64 68 69
27 79 27 32 44 55 79
40 57 40 42 57
27 50 27 34 45 50
1 3 1 3
9 60 9 13 20 26 42 51 60
24 89 24 50 51 59 66 71 83 89
6 45 6 27 34 45
18 46 18 20 30 39 46
25 87 25 33 72 87
2 33 2 23 25 33
51 88 51 58 67 77 87 88
17 50 17 29 36 50
28 78 28 78
4 9 4 8 9
5 81 5 25 63 80 81
26 46 26 42 46
57 88 57 83 86 88
10 64 10 24 34 44 64
6 40 6 40
12 86 12 72 78 81 83 86
11 63 11 33 62 63
38 81 38 70 72 78 81
18 44 18 22 25 35 43 44
16 65 16 28 35 43 62 65
35 56 35 56
27 29 27 29
43 47 43 47
44 72 44 55 58 67 72
57 74 57 74
24 38 24 34 38
55 72 55 57 72
20 60 20 30 50 60
8 52 8 34 45 52
41 49 41 49
12 33 12 17 25 33
51 58 51 58
43 52 43 52
14 89 14 77 89
59 84 59 64 71 84
23 48 23 32 48
26 75 26 55 61 75
1 40 1 2 18 20 40
26 43 26 28 35 43
17 30 17 20 30
45 65 45 63 65
17 51 17 51
32 73 32 44 73
43 80 43 75 78 80
30 69 30 41 59 64 68 69
50 78 50 59 66 78
53 85 53 72 82 85
57 88 57 74 82 85 88
10 40 10 17 25 40
22 34 22 34
24 58 24 55 58
19 20 19 20
15 40 15 22 25 40
56 87 56 62 72 87
38 65 38 63 65
47 75 47 75
35 59 35 41 59
78 81 78 80 81
42 61 42 51 58 61
5 20 5 6 18 20
24 45 24 30 34 45
35 56 35 56
7 43 7 43
42 61 42 51 58 61
62 81 62 72 78 80 81
1 72 1 49 51 67 72
28 64 28 35 59 64
25 35 25 35
32 51 32 51
36 60 36 37 49 51 60
31 77 31 43 52 67 77
45 73 45 54 73
37 81 37 49 72 78 80 81
78 84 78 84
48 86 48 75 83 86
38 78 38 60 66 78
35 56 35 56
60 83 60 66 71 83
5 32 5 7 27 32
4 82 4 60 82
9 85 9 16 35 41 78 85
0 57 0 43 44 55 57
56 64 56 64
17 32 17 20 32
1 82 1 58 64 71 82
1 50 1 26 28 41 50
0 71 0 45 64 71
12 40 12 37 40
33 76 33 52 64 69 76
41 58 41 50 51 58
16 31 16 31
10 37 10 17 33 37
1 80 1 26 75 80
1 68 1 7 28 35 56 64 68
7 29 7 27 29
26 46 26 38 42 46
72 82 72 82
9 55 9 16 27 29 43 44 55
18 22 18 22
72 82 72 82
43 44 43 44
11 41 11 21 26 38 41
17 30 17 20 30
53 84 53 84
5 53 5 6 18 22 43 44 53
5 56 5 7 15 26 28 35 56
74 85 74 85
49 61 49 51 58 61
5 74 5 61 64 68 74
3 57 3 21 26 42 57
35 89 35 89
16 31 16 31
67 73 67 73
6 18 6 18
14 52 14 30 48 52
15 39 15 22 33 39
7 44 7 32 44
0 30 0 13 24 30
38 77 38 42 51 58 77
45 52 45 52
36 63 36 37 40 42 57 63
27 53 27 32 44 53
3 58 3 9 50 51 58
8 23 8 13 16 23
33 76 33 51 58 61 64 69 76
54 83 54 81 83
58 74 58 64 68 74
3 48 3 9 20 32 48
27 58 27 44 51 58
4 82 4 41 53 72 82
17 50 17 25 35 41 50
27 54 27 29 48 54
16 23 16 23
3 52 3 15 21 26 28 35 43 52
12 32 12 27 32
6 37 6 18 20 26 28 37
2 56 2 31 56
8 31 8 9 13 14 31
48 52 48 52
19 40 19 20 26 40
28 60 28 41 49 51 60
3 17 3 9 17
1 44 1 26 28 35 43 44
7 78 7 39 57 72 78
13 89 13 28 77 89
21 47 21 26 28 35 43 47
17 79 17 29 37 48 79
77 87 77 87
15 79 15 22 34 48 79
32 76 32 48 54 59 64 69 76
24 52 24 30 48 52
49 78 49 72 78
21 65 21 26 42 62 63 65
40 84 40 72 78 84
25 56 25 35 56
75 88 75 80 81 83 86 88
33 66 33 39 60 66
33 63 33 62 63
24 41 24 34 38 41
55 57 55 57
22 65 22 43 62 63 65
5 26 5 7 14 19 21 26
11 35 11 35
60 78 60 66 78
13 81 13 36 43 70 81
25 40 25 33 37 40
18 33 18 22 25 33
33 70 33 37 40 42 70
3 22 3 15 22
7 47 7 14 19 43 47
6 34 6 17 20 30 34
15 61 15 58 61
13 68 13 16 40 68
55 67 55 67
35 82 35 43 75 82
16 24 16 24
66 77 66 77
25 35 25 35
4 8 4 8
43 78 43 62 72 78
7 19 7 14 19
7 27 7 27
11 63 11 20 32 44 55 63
13 85 13 60 82 85
39 73 39 58 73
29 36 29 36
18 79 18 22 33 37 48 79
5 25 5 6 15 22 25
32 88 32 58 78 84 88
21 41 21 26 28 35 41
55 75 55 61 75
23 55 23 25 35 43 44 55
62 78 62 72 78
44 57 44 55 57
55 84 55 58 64 71 84
2 52 2 9 13 36 37 48 52
54 77 54 59 66 77
57 74 57 74
15 75 15 30 41 50 51 58 61 75
39 46 39 46
32 76 32 44 64 69 76
5 47 5 7 15 30 34 47
4 70 4 70
36 60 36 37 51 60
72 86 72 86
23 43 23 25 35 43
3 76 3 16 48 61 64 69 76
17 85 17 78 85
63 82 63 82
25 82 25 74 82
8 68 8 40 51 58 64 68
9 37 9 16 29 36 37
1 55 1 7 29 36 55
51 86 51 67 72 78 81 83 86
30 87 30 48 52 64 69 87
4 48 4 8 9 17 33 37 48
13 49 13 28 49
0 31 0 13 16 31
3 87 3 38 70 72 87
23 82 23 28 49 72 82
13 24 13 24
13 40 13 29 37 40
54 80 54 78 80
24 80 24 54 75 78 80
1 23 1 13 16 23
48 71 48 54 59 71
16 23 16 23
1 53 1 3 15 30 34 38 41 53
28 89 28 77 89
31 39 31 39
29 43 29 43
33 37 33 37
27 78 27 70 72 78
9 62 9 20 30 34 38 42 62
37 63 37 40 63
10 45 10 30 34 45
0 75 0 43 47 61 75
38 41 38 41
24 52 24 29 36 48 52
20 59 20 30 50 59
21 64 21 59 64
5 43 5 25 35 43
0 16 0 13 16
5 55 5 44 55
44 89 44 55 57 80 83 89
2 14 2 14
39 89 39 60 66 77 89
6 66 6 27 34 48 54 59 66
35 79 35 43 44 79
32 59 32 44 51 59
34 53 34 44 53
36 81 36 66 78 80 81
18 44 18 22 34 44
36 71 36 55 58 61 64 71
43 66 43 44 51 59 66
52 74 52 64 68 74
0 70 0 10 17 20 30 34 38 42 70
35 52 35 43 52
58 77 58 77
8 89 8 41 57 63 80 81 83 89
21 40 21 26 40
48 83 48 79 83
7 79 7 32 44 55 79
1 35 1 19 20 26 28 35
51 67 51 58 67
2 29 2 13 24 27 29
52 71 52 64 71
20 45 20 30 34 45
9 37 9 20 26 28 37
45 65 45 55 57 63 65
9 88 9 62 72 86 88
37 84 37 72 78 84
2 79 2 18 34 44 79
25 69 25 61 64 69
7 73 7 15 26 67 73
4 71 4 13 26 42 64 71
9 17 9 17
63 82 63 82
30 69 30 48 52 64 68 69
6 52 6 27 29 43 52
21 65 21 42 51 59 65
20 57 20 55 57
28 58 28 58
78 81 78 80 81
2 79 2 9 16 31 43 44 79
2 17 2 9 17
3 89 3 15 21 26 38 89
37 63 37 40 42 57 63
71 82 71 82
37 84 37 84
3 27 3 27
7 29 7 29
21 82 21 26 67 72 82
23 63 23 35 41 57 63
52 71 52 64 71
13 24 13 24
5 72 5 44 53 72
51 77 51 58 77
18 53 18 21 26 38 41 53
38 79 38 41 79
5 36 5 7 27 29 36
5 52 5 6 21 26 28 35 43 52
15 31 15 22 31
3 57 3 30 44 55 57
2 29 2 13 29
30 82 30 50 82
24 58 24 32 58
29 59 29 43 44 51 59
36 50 36 50
38 42 38 42
58 83 58 64 81 83
32 44 32 44
36 77 36 59 66 77
10 34 10 17 20 30 34
3 75 3 30 41 50 51 58 61 75
84 89 84 89
62 72 62 72
17 55 17 29 43 44 55
17 64 17 33 37 40 42 51 64
3 16 3 16
56 87 56 62 72 87
45 57 45 55 57
8 44 8 28 35 43 44
66 80 66 78 80
0 47 0 20 32 47
50 69 50 60 69
29 74 29 48 52 64 68 74
17 43 17 29 43
5 47 5 6 17 25 35 43 47
15 55 15 21 26 28 35 43 44 55
7 78 7 62 72 78
47 61 47 61
37 52 37 52
8 62 8 13 14 19 33 62
29 69 29 43 52 64 69
11 47 11 20 30 34 47
30 61 30 48 61
17 79 17 32 48 79
31 68 31 39 58 61 64 68
18 76 18 21 59 64 68 69 76
0 89 0 24 89
15 49 15 26 38 41 49
34 38 34 38
3 45 3 15 30 34 45
48 84 48 54 67 72 78 84
3 58 3 21 40 42 51 58
10 17 10 17
4 62 4 13 20 26 28 35 43 62
23 79 23 44 55 79
24 85 24 55 58 67 82 85
30 46 30 34 38 42 46
42 70 42 70
28 41 28 41
45 73 45 55 67 73
1 88 1 82 85 88
25 59 25 35 43 44 51 59
8 32 8 9 24 32
40 84 40 64 71 84
29 80 29 80
61 89 61 64 80 81 83 89
67 72 67 72
29 68 29 36 50 59 64 68
49 84 49 51 58 67 72 78 84
41 59 41 59
10 30 10 17 20 30
72 89 72 78 80 81 83 89
17 34 17 20 30 34
22 81 22 43 52 80 81
3 21 3 21
27 54 27 32 48 54
13 64 13 28 35 41 59 64
38 42 38 42
11 71 11 59 64 71
45 57 45 57
1 82 1 58 68 74 82
40 82 40 51 64 68 74 82
33 82 33 37 48 61 64 71 82
10 87 10 52 64 69 87
0 47 0 13 36 43 47
19 79 19 33 37 48 79
39 89 39 58 61 64 80 81 83 89
78 84 78 84
55 61 55 61
13 76 13 24 27 52 64 69 76
12 85 12 26 67 82 85
36 64 36 48 61 64
9 24 9 16 24
23 37 23 28 37
2 39 2 14 28 35 39
6 56 6 31 56
1 80 1 26 75 80
32 85 32 44 64 71 82 85
72 85 72 78 85
6 27 6 16 27
19 41 19 21 26 38 41
53 85 53 72 78 85
19 64 19 33 37 49 51 64
19 75 19 33 37 40 51 58 61 75
20 40 20 26 40
47 88 47 77 88
39 73 39 58 73
10 50 10 24 29 36 50
6 43 6 21 26 28 35 43
16 59 16 44 51 59
1 84 1 72 78 84
2 60 2 9 24 32 44 51 60
1 58 1 58
64 82 64 82
3 24 3 9 24
48 81 48 52 64 81
54 86 54 83 86
25 70 25 38 70
17 69 17 55 58 64 69
15 54 15 26 28 37 48 54
48 76 48 61 64 69 76
2 69 2 23 32 51 59 64 69
16 86 16 48 52 86
37 72 37 72
22 47 22 31 43 47
32 88 32 48 79 81 83 86 88
45 75 45 55 61 75
26 74 26 28 64 68 74
42 75 42 51 58 61 75
40 86 40 60 66 78 80 81 83 86
20 40 20 40
50 61 50 51 58 61
5 47 5 7 29 43 47
28 66 28 35 39 60 66
55 74 55 58 61 64 68 74
3 15 3 15
44 75 44 51 58 61 75
24 65 24 34 38 42 51 59 65
60 83 60 66 78 80 83
17 47 17 32 47
14 62 14 25 38 42 62
4 74 4 23 28 64 68 74
27 47 27 32 47
27 75 27 29 43 47 75
16 24 16 24
12 66 12 24 43 44 51 59 66
30 60 30 50 51 60
41 81 41 57 80 81
15 75 15 26 75
43 52 43 52
83 88 83 88
7 42 7 42
60 87 60 66 77 87
15 26 15 21 26
10 61 10 34 38 41 50 51 58 61
26 42 26 38 42
10 56 10 17 20 56
10 50 10 30 34 38 41 50
2 26 2 13 26
6 83 6 31 43 52 80 83
7 19 7 14 19
1 82 1 3 38 70 82
12 88 12 75 88
29 80 29 37 51 59 64 80
21 64 21 40 42 51 64
60 69 60 69
13 43 13 24 27 29 36 43
5 62 5 6 18 21 26 38 42 62
33 83 33 72 78 81 83
11 89 11 21 58 64 71 83 89
30 86 30 39 60 66 71 83 86
8 85 8 28 41 49 72 78 85
30 55 30 44 55
19 52 19 21 26 28 37 52
13 73 13 26 42 51 58 73
7 44 7 14 34 44
44 51 44 51
38 60 38 60
49 68 49 51 58 64 68
8 51 8 9 32 51
27 72 27 70 72
9 86 9 50 60 66 78 81 83 86
5 41 5 25 38 41
11 37 11 21 26 28 37
58 75 58 61 75
21 39 21 26 28 35 39
6 56 6 31 56
18 73 18 22 31 43 52 67 73
67 72 67 72
10 17 10 17
14 77 14 28 49 51 67 77
8 57 8 28 41 57
19 46 19 38 42 46
37 73 37 40 51 58 67 73
17 25 17 25
23 46 23 37 40 42 46
40 68 40 42 51 59 64 68
51 69 51 59 69
46 89 46 77 89
8 83 8 41 53 72 78 80 83
50 88 50 59 66 77 88
40 86 40 42 62 63 83 86
11 45 11 20 30 34 45
10 86 10 34 45 75 78 81 83 86
7 89 7 89
33 67 33 39 58 67
1 65 1 49 51 59 65
17 64 17 20 59 64
21 73 21 26 42 51 67 73
31 57 31 39 57
5 55 5 6 27 29 36 43 44 55
17 20 17 20
5 53 5 7 15 21 26 38 41 53
67 73 67 73
1 26 1 26
43 70 43 70
27 83 27 79 83
3 57 3 37 40 42 57
16 78 16 29 43 75 78
30 39 30 39
34 86 34 48 75 83 86
58 82 58 61 64 68 74 82
43 47 43 47
26 86 26 40 60 66 83 86
14 21 14 19 21
16 83 16 40 78 81 83
11 20 11 20
23 68 23 55 58 61 64 68
66 88 66 71 82 85 88
51 81 51 60 66 78 81
12 29 12 24 27 29
4 41 4 30 41
0 28 0 13 14 28
12 46 12 26 40 42 46
67 77 67 77
25 76 25 61 64 68 69 76
81 83 81 83
37 66 37 49 51 59 66
7 39 7 39
23 32 23 32
71 83 71 83
2 53 2 31 43 44 53
3 64 3 15 30 41 59 64
84 89 84 89
39 83 39 57 80 81 83
34 47 34 47
24 55 24 32 44 55
54 69 54 59 69
4 46 4 30 39 46
40 76 40 60 69 76
34 44 34 44
2 37 2 23 37
6 61 6 40 42 51 58 61
7 33 7 33
54 78 54 78
58 86 58 78 80 81 83 86
61 76 61 64 69 76
7 76 7 56 64 68 69 76
58 87 58 64 68 69 87
43 77 43 46 77
28 81 28 64 80 81
36 81 36 60 66 78 81
54 86 54 83 86
0 57 0 43 44 55 57
28 58 28 41 50 51 58
36 57 36 37 40 42 57
8 62 8 13 20 40 42 62
13 53 13 28 35 41 53
14 89 14 28 35 63 80 83 89
29 66 29 43 44 51 59 66
64 86 64 80 81 83 86
24 80 24 34 45 50 51 64 80
28 35 28 35
8 89 8 40 60 66 77 89
40 57 40 42 57
26 38 26 38
1 39 1 7 14 25 35 39
29 59 29 43 44 51 59
21 80 21 26 28 64 80
51 60 51 60
30 68 30 41 49 51 58 64 68
43 87 43 44 53 77 87
30 39 30 39
21 71 21 42 64 71
1 72 1 19 62 72
6 24 6 24
61 88 61 75 83 88
7 67 7 42 51 58 67
22 77 22 34 59 66 77
26 72 26 42 51 67 72
9 20 9 20
14 25 14 25
17 68 17 20 26 42 64 68
10 72 10 24 27 44 51 67 72
16 67 16 48 52 67
13 49 13 26 38 41 49
20 57 20 55 57
12 83 12 72 78 81 83
24 70 24 29 43 70
59 66 59 66
1 34 1 13 20 30 34
2 78 2 78
1 54 1 37 48 54
22 31 22 31
16 24 16 24
49 64 49 51 58 64
55 57 55 57
8 31 8 9 16 31
10 69 10 44 55 61 64 69
67 72 67 72
5 41 5 25 35 41
17 52 17 29 48 52
23 58 23 37 51 58
4 17 4 8 9 17
43 64 43 44 51 58 64
18 80 18 22 62 72 78 80
25 66 25 40 42 51 60 66
57 81 57 80 81
5 76 5 52 64 68 69 76
75 89 75 78 84 89
20 66 20 40 60 66
40 78 40 72 78
19 43 19 43
12 30 12 24 30
6 27 6 16 24 27
75 82 75 82
54 71 54 71
9 70 9 17 20 40 42 70
43 66 43 44 51 59 66
36 71 36 66 71
31 44 31 43 44
19 33 19 33
43 85 43 47 75 78 85
14 42 14 30 34 38 42
26 39 26 28 35 39
25 63 25 38 41 57 63
49 72 49 51 67 72
63 89 63 83 89
3 69 3 58 61 64 68 69
44 53 44 53
34 44 34 44
64 88 64 88
1 49 1 7 15 21 26 38 41 49
11 28 11 21 26 28
35 84 35 41 72 78 84
44 67 44 51 58 67
20 52 20 32 48 52
36 68 36 43 64 68
57 78 57 78
21 73 21 58 73
23 82 23 82
41 49 41 49
39 71 39 60 66 71
19 78 19 62 72 78
3 22 3 15 22
1 70 1 19 21 42 70
17 53 17 25 35 43 44 53
33 72 33 37 40 51 58 67 72
6 88 6 31 43 75 82 85 88
17 50 17 25 35 41 50
19 42 19 33 37 40 42
45 79 45 55 79
21 82 21 40 72 82
5 32 5 7 27 32
42 69 42 51 60 69
7 65 7 15 21 42 62 65
31 81 31 56 62 63 80 81
9 16 9 16
45 63 45 63
46 77 46 77
28 42 28 37 40 42
8 85 8 34 44 51 59 66 78 85
75 78 75 78
37 59 37 59
31 56 31 56
0 45 0 45
25 79 25 79
3 16 3 9 16
64 69 64 69
35 77 35 43 47 67 77
18 45 18 20 30 34 45
18 73 18 20 40 42 51 67 73
58 77 58 67 77
22 58 22 33 51 58
38 79 38 41 79
25 61 25 35 39 58 61
33 49 33 37 49
6 39 6 24 30 39
61 89 61 75 78 81 83 89
45 75 45 50 51 58 61 75
38 73 38 42 51 67 73
16 65 16 40 63 65
13 43 13 26 28 35 43
21 39 21 26 28 35 39
10 47 10 24 27 29 36 43 47
58 86 58 78 81 83 86
31 39 31 39
45 83 45 83
8 65 8 40 51 59 65
18 22 18 22
8 49 8 13 14 30 34 38 41 49
25 68 25 35 43 52 64 68
3 37 3 27 29 37
31 39 31 39
27 63 27 32 44 55 57 63
12 56 12 26 28 35 56
0 73 0 13 24 30 44 51 67 73
29 62 29 37 40 42 62
0 67 0 20 32 47 67
55 63 55 57 63
6 88 6 86 88
16 28 16 23 28
17 43 17 25 35 43
43 89 43 77 89
10 64 10 34 59 64
9 52 9 16 28 35 43 52
4 65 4 49 51 59 65
35 56 35 56
24 50 24 29 36 50
34 69 34 59 69
52 78 52 78
22 37 22 33 37
20 60 20 40 42 51 60
2 45 2 18 22 34 45
40 64 40 51 58 64
25 38 25 38
60 66 60 66
38 89 38 60 66 71 83 89
51 69 51 58 68 69
35 66 35 39 60 66
8 85 8 9 50 60 66 78 85
24 54 24 29 37 48 54
21 63 21 40 42 62 63
25 59 25 40 51 59
14 30 14 19 20 30
36 51 36 43 44 51
45 64 45 54 59 64
55 86 55 58 61 64 71 83 86
20 40 20 26 40
59 80 59 64 80
15 46 15 30 34 38 42 46
13 38 13 20 26 38
24 39 24 30 39
35 63 35 43 44 55 63
38 57 38 41 57
85 88 85 88
0 30 0 17 20 30
20 70 20 40 42 70
17 30 17 20 30
33 67 33 39 58 67
33 61 33 39 58 61
31 57 31 39 57
64 80 64 80
8 71 8 41 59 64 71
78 80 78 80
17 70 17 33 37 40 42 70
29 76 29 37 52 64 69 76
35 58 35 43 44 51 58
43 44 43 44
64 86 64 81 83 86
24 66 24 27 32 44 51 59 66
62 85 62 74 82 85
51 82 51 59 66 71 82
1 68 1 58 64 68
2 71 2 9 60 66 71
37 69 37 51 59 69
61 88 61 75 82 85 88
49 58 49 51 58
59 69 59 69
9 31 9 13 14 31
54 69 54 59 69
38 67 38 42 51 58 67
7 82 7 49 72 82
30 45 30 34 45
46 88 46 77 88
59 81 59 64 81
9 52 9 17 52
4 65 4 23 32 48 54 59 65
26 88 26 75 83 88
33 63 33 37 40 42 62 63
10 75 10 48 61 75
39 46 39 46
3 83 3 58 67 72 78 81 83
77 89 77 89
40 85 40 68 74 85
5 80 5 75 78 80
48 88 48 75 80 81 83 86 88
1 80 1 3 15 26 28 78 80
9 52 9 16 28 37 52
28 63 28 35 41 63
10 72 10 24 43 62 72
24 30 24 30
26 60 26 38 42 51 60
23 43 23 25 35 43
17 78 17 58 78
24 73 24 32 48 52 67 73
15 65 15 22 59 65
72 89 72 78 80 83 89
16 38 16 27 34 38
54 83 54 67 72 78 80 81 83
45 65 45 57 63 65
15 54 15 21 26 28 37 48 54
17 89 17 29 36 50 59 71 84 89
9 63 9 62 63
30 61 30 34 47 61
4 54 4 8 28 37 48 54
19 85 19 78 85
24 30 24 30
1 37 1 37
34 48 34 48
5 70 5 70
23 68 23 49 51 58 61 64 68
4 62 4 30 34 38 42 62
32 88 32 48 52 77 88
75 88 75 88
18 77 18 59 66 77
10 69 10 60 69
25 59 25 35 43 44 51 59
29 53 29 36 43 44 53
30 60 30 34 45 50 51 60
58 83 58 67 72 78 81 83
59 65 59 65
43 70 43 70
7 41 7 41
25 46 25 38 42 46
11 77 11 35 41 59 66 77
10 53 10 44 53
1 22 1 2 18 22
13 77 13 20 40 51 67 77
12 20 12 17 20
45 73 45 55 58 73
21 42 21 40 42
12 20 12 17 20
9 44 9 32 44
27 75 27 32 48 61 75
34 48 34 48
3 59 3 9 16 38 42 51 59
29 37 29 36 37
6 43 6 27 29 36 43
23 42 23 37 40 42
62 81 62 63 80 81
33 89 33 61 75 80 83 89
23 57 23 55 57
15 70 15 30 41 70
26 39 26 28 35 39
25 65 25 57 63 65
10 26 10 17 20 26
39 89 39 58 78 84 89
13 53 13 29 36 43 44 53
35 76 35 76
58 85 58 67 82 85
57 80 57 78 80
12 45 12 45
43 58 43 44 55 58
58 89 58 61 64 81 83 89
17 59 17 29 48 54 59
20 81 20 59 64 80 81
36 79 36 43 44 79
71 86 71 83 86
27 83 27 34 44 78 80 81 83
54 69 54 59 69
67 85 67 82 85
75 89 75 83 89
21 78 21 58 67 72 78
58 75 58 61 75
49 74 49 51 58 64 68 74
33 82 33 67 82
9 83 9 13 29 36 66 71 83
26 59 26 42 51 59
22 31 22 31
27 60 27 34 44 51 60
8 28 8 28
24 80 24 27 78 80
12 57 12 37 40 42 57
20 57 20 26 38 41 57
30 60 30 34 45 50 60
18 89 18 59 77 89
35 87 35 41 66 77 87
29 81 29 37 72 78 80 81
72 78 72 78
43 89 43 75 78 81 83 89
40 82 40 42 70 72 82
38 57 38 42 57
75 78 75 78
5 70 5 6 30 41 70
9 88 9 16 31 68 69 87 88
13 72 13 14 31 39 57 72
18 44 18 34 44
16 78 16 31 39 60 66 78
4 21 4 8 9 13 14 19 21
6 70 6 30 34 38 42 70
3 44 3 27 44
16 52 16 48 52
62 65 62 63 65
28 73 28 37 48 52 67 73
34 45 34 45
4 13 4 8 9 13
14 60 14 34 44 51 60
20 46 20 30 34 46
40 82 40 64 71 82
23 74 23 55 57 74
6 21 6 15 21
7 29 7 27 29
75 88 75 83 86 88
41 59 41 59
61 71 61 64 71
29 40 29 36 37 40
32 85 32 58 67 82 85
31 58 31 43 44 51 58
45 66 45 54 59 66
34 80 34 48 52 64 80
22 81 22 31 56 78 81
32 75 32 58 61 75
44 51 44 51
24 41 24 34 38 41
77 88 77 87 88
28 77 28 41 49 51 60 66 77
41 70 41 70
6 82 6 16 68 74 82
74 85 74 82 85
17 55 17 25 35 43 44 55
13 53 13 16 23 35 41 53
48 88 48 75 78 85 88
40 76 40 51 58 61 64 68 69 76
43 89 43 64 81 83 89
8 88 8 9 60 66 78 85 88
23 68 23 25 61 64 68
4 23 4 13 16 23
42 51 42 51
1 40 1 7 15 26 40
21 73 21 26 28 37 49 51 67 73
21 26 21 26
30 69 30 39 58 68 69
24 38 24 34 38
37 81 37 48 52 67 72 78 80 81
72 81 72 78 80 81
4 23 4 23
34 60 34 45 50 51 60
3 48 3 14 30 48
54 83 54 75 80 81 83
7 80 7 40 60 66 78 80
37 52 37 52
8 55 8 13 14 19 20 32 44 55
5 61 5 36 50 51 58 61
25 60 25 40 60
21 76 21 59 64 68 69 76
6 79 6 27 29 48 79
20 52 20 30 48 52
4 82 4 30 39 60 66 71 82
21 65 21 40 51 59 65
0 87 0 67 77 87
66 83 66 71 83
14 19 14 19
13 34 13 14 34
22 65 22 31 39 57 63 65
8 82 8 58 68 74 82
29 82 29 36 48 72 82
67 73 67 73
11 74 11 33 62 74
9 30 9 16 24 30
24 41 24 27 34 38 41
27 79 27 34 79
43 87 43 62 72 87
2 46 2 23 35 39 46
64 68 64 68
60 76 60 69 76
45 83 45 67 72 78 80 81 83
1 26 1 26
22 60 22 34 45 50 60
56 72 56 62 72
47 64 47 61 64
27 34 27 34
13 53 13 36 43 44 53
41 76 41 50 60 69 76
8 73 8 41 49 51 67 73
1 48 1 37 48
29 68 29 36 55 58 68
29 62 29 43 62
13 72 13 24 54 72
7 62 7 27 29 37 40 42 62
44 65 44 55 57 63 65
4 70 4 41 70
11 77 11 33 39 58 67 77
21 66 21 40 60 66
10 56 10 17 20 56
2 58 2 23 25 35 39 58
35 85 35 56 82 85
30 76 30 54 59 64 69 76
27 46 27 29 36 43 46
36 68 36 43 52 64 68
17 25 17 25
11 88 11 70 88
14 28 14 28
24 67 24 43 47 67
48 61 48 61
33 49 33 37 49
42 70 42 70
60 89 60 66 78 81 83 89
14 33 14 25 33
17 62 17 25 40 42 62
14 25 14 25
3 57 3 37 40 42 57
25 60 25 40 51 60
31 77 31 43 46 77
19 49 19 21 26 28 35 41 49
15 35 15 22 25 35
12 41 12 26 28 35 41
49 61 49 51 58 61
71 82 71 82
23 28 23 28
61 80 61 75 78 80
13 14 13 14
58 78 58 78
24 59 24 50 51 59
20 41 20 30 34 38 41
2 69 2 18 21 42 64 69
11 62 11 20 56 62
35 89 35 89
49 84 49 51 60 66 71 84
26 56 26 28 35 56
20 56 20 26 28 35 56
24 75 24 55 61 75
24 66 24 34 44 51 59 66
26 52 26 28 37 52
32 78 32 51 59 66 78
55 73 55 58 73
33 59 33 51 59
18 44 18 20 32 44
15 62 15 22 25 35 56 62
12 79 12 24 55 79
19 77 19 20 26 38 41 50 51 60 66 77
19 81 19 21 58 78 80 81
17 58 17 29 37 51 58
6 67 6 18 20 32 44 51 67
20 73 20 55 67 73
66 89 66 77 89
38 42 38 42
2 79 2 13 24 29 43 44 55 79
17 78 17 58 67 72 78
17 68 17 29 37 40 51 58 68
8 61 8 13 28 37 49 51 58 61
21 47 21 26 28 35 43 47
40 46 40 42 46
42 67 42 51 67
36 63 36 37 40 42 62 63
40 89 40 89
47 84 47 75 78 84
44 53 44 53
3 13 3 9 13
21 26 21 26
6 67 6 24 27 52 67
2 63 2 31 43 62 63
13 84 13 60 66 78 84
5 55 5 6 15 21 26 55
4 74 4 23 25 38 41 50 51 59 64 68 74
46 77 46 77
7 14 7 14
5 89 5 79 84 89
67 77 67 77
2 41 2 13 16 35 41
36 80 36 37 40 72 78 80
24 39 24 30 39
16 87 16 28 35 39 57 72 87
35 52 35 43 52
28 89 28 41 50 51 58 77 89
35 43 35 43
1 69 1 7 27 58 61 64 68 69
31 63 31 43 44 55 57 63
11 74 11 68 74
6 79 6 18 20 32 48 79
9 52 9 17 32 48 52
25 38 25 38
74 82 74 82
22 68 22 31 56 64 68
28 87 28 37 77 87
28 37 28 37
32 86 32 86
35 89 35 63 80 81 83 89
9 40 9 24 27 29 36 37 40
9 60 9 20 30 41 50 60
36 64 36 43 64
70 86 70 86
60 80 60 66 78 80
9 44 9 32 44
52 67 52 67
38 80 38 41 79 80
1 37 1 2 13 16 27 29 37
7 21 7 14 19 21
23 87 23 68 69 87
16 68 16 68
53 80 53 80
32 54 32 48 54
67 72 67 72
44 86 44 78 80 83 86
77 89 77 89
41 51 41 49 51
26 79 26 55 79
9 88 9 17 32 51 80 83 86 88
43 64 43 52 64
51 64 51 64
25 47 25 35 43 47
17 89 17 52 83 89
37 46 37 40 42 46
34 79 34 48 79
31 88 31 39 60 69 87 88
32 47 32 47
27 76 27 29 36 50 59 69 76
4 51 4 8 28 37 40 42 51
9 13 9 13
11 88 11 59 69 87 88
32 74 32 51 59 64 68 74
19 38 19 38
6 20 6 17 20
54 86 54 72 78 80 81 83 86
52 87 52 67 77 87
79 89 79 80 83 89
50 78 50 59 66 78
27 52 27 29 43 52
79 84 79 84
16 38 16 38
44 65 44 51 59 65
1 72 1 49 72
31 81 31 56 64 81
44 53 44 53
43 79 43 44 79
7 43 7 14 31 43
3 25 3 16 23 25
15 61 15 26 42 51 58 61
24 32 24 32
38 89 38 70 81 83 89
28 64 28 37 51 58 64
5 53 5 6 24 32 53
5 25 5 7 15 22 25
19 81 19 20 59 66 78 81
34 62 34 38 42 62
16 73 16 40 42 51 58 73
38 49 38 41 49
17 85 17 20 30 54 75 78 85
5 75 5 75
7 34 7 27 34
25 56 25 35 56
32 89 32 89
30 86 30 41 59 86
83 89 83 89
21 58 21 58
13 49 13 20 26 28 49
18 79 18 34 38 41 79
27 64 27 32 51 59 64
81 88 81 83 86 88
48 81 48 52 78 80 81
62 82 62 63 82
53 81 53 72 78 81
79 84 79 84
26 57 26 40 42 57
18 83 18 20 40 63 83
0 10 0 10
17 50 17 29 36 50
6 37 6 17 20 26 28 37
10 68 10 44 61 64 68
6 15 6 15
9 49 9 20 26 38 41 49
71 86 71 83 86
13 36 13 24 29 36
6 20 6 18 20
49 78 49 72 78
28 46 28 46
29 66 29 36 43 44 51 59 66
56 87 56 64 87
51 78 51 58 67 72 78
24 69 24 54 59 64 68 69
56 62 56 62
11 68 11 59 64 68
56 84 56 62 72 78 84
17 29 17 29
75 80 75 80
17 32 17 20 32
17 79 17 20 32 48 79
15 21 15 21
26 54 26 28 37 48 54
6 88 6 79 80 81 83 86 88
12 26 12 26
54 81 54 81
56 84 56 62 72 78 84
7 65 7 65
1 14 1 3 14
9 81 9 20 79 81
36 68 36 43 52 64 68
38 70 38 42 70
13 34 13 20 30 34
47 88 47 61 88
44 89 44 64 80 81 83 89
27 89 27 29 81 83 89
11 30 11 20 30
72 78 72 78
14 31 14 31
12 24 12 24
26 28 26 28
13 30 13 24 30
79 83 79 83
3 33 3 16 23 25 33
66 84 66 71 84
47 80 47 80
3 57 3 16 38 42 57
45 84 45 50 59 71 84
33 89 33 52 89
40 64 40 51 64
11 69 11 35 39 60 69
18 21 18 21
47 77 47 67 77
1 43 1 2 13 36 43
14 19 14 19
1 84 1 49 72 78 84
53 83 53 80 83
31 72 31 39 57 72
0 71 0 27 44 61 64 71
27 75 27 29 37 40 51 58 61 75
1 69 1 26 28 37 52 64 69
23 47 23 35 43 47
14 57 14 28 35 41 57
15 87 15 22 33 49 72 87
27 40 27 29 37 40
2 14 2 13 14
5 52 5 52
62 63 62 63
15 87 15 22 31 39 60 66 77 87
22 83 22 34 79 80 83
48 76 48 52 64 69 76
44 65 44 55 63 65
59 69 59 69
36 64 36 59 64
1 39 1 7 14 30 39
50 60 50 51 60
16 65 16 38 65
32 59 32 44 51 59
33 72 33 67 72
0 20 0 17 20
3 14 3 14
4 87 4 49 69 87
34 57 34 44 55 57
43 79 43 44 79
22 87 22 60 66 77 87
52 71 52 71
45 55 45 55
6 71 6 31 43 70 71
6 87 6 77 87
34 42 34 38 42
26 52 26 28 37 48 52
14 75 14 30 54 75
70 88 70 81 83 86 88
32 59 32 44 51 59
42 57 42 57
1 9 1 2 9
31 72 31 56 62 72
32 58 32 51 58
22 56 22 31 56
33 60 33 37 49 51 60
14 89 14 78 81 83 89
19 78 19 33 78
24 50 24 27 34 38 41 50
34 45 34 45
14 76 14 28 64 69 76
40 82 40 82
11 59 11 33 37 48 54 59
11 89 11 64 81 83 89
58 85 58 64 68 74 82 85
4 74 4 74
20 41 20 30 41
57 81 57 72 78 80 81
5 32 5 7 32
43 80 43 80
63 80 63 80
2 79 2 31 43 44 79
39 85 39 58 85
2 13 2 9 13
87 88 87 88
24 60 24 29 36 60
20 30 20 30
24 82 24 54 75 82
58 75 58 61 75
20 79 20 30 34 48 79
17 43 17 29 36 43
30 47 30 34 47
10 24 10 24
15 65 15 30 44 51 59 65
12 29 12 29
2 31 2 9 16 31
7 27 7 27
42 76 42 51 64 69 76
16 59 16 35 59
38 70 38 41 70
51 77 51 58 67 77
77 87 77 87
67 85 67 72 82 85
23 58 23 55 58
1 44 1 2 14 30 44
17 60 17 51 60
79 83 79 81 83
14 82 14 28 68 74 82
43 64 43 52 64
13 28 13 28
8 68 8 13 49 51 59 64 68
25 72 25 57 72
16 43 16 29 43
25 72 25 62 72
79 86 79 86
19 46 19 43 46
44 72 44 53 72
1 84 1 3 38 60 66 78 84
6 63 6 24 55 63
33 60 33 37 49 51 60
4 13 4 8 13
37 59 37 40 42 51 59
33 67 33 49 51 67
3 58 3 15 30 41 49 51 58
18 82 18 34 38 63 82
13 81 13 14 28 64 80 81
3 20 3 14 19 20
32 73 32 51 58 73
28 41 28 35 41
3 37 3 37
50 84 50 60 66 71 84
18 52 18 22 43 52
64 81 64 81
49 61 49 51 58 61
28 86 28 35 72 78 81 83 86
15 26 15 21 26
60 87 60 66 77 87
26 68 26 55 58 64 68
67 77 67 77
28 64 28 58 64
6 77 6 30 50 59 66 77
15 61 15 58 61
75 88 75 83 88
27 76 27 29 48 61 64 68 69 76
10 30 10 24 30
11 88 11 33 72 87 88
2 26 2 18 20 26
3 22 3 15 22
0 61 0 13 16 29 37 49 51 58 61
60 82 60 66 71 82
50 84 50 51 58 64 71 84
2 60 2 33 39 60
66 84 66 78 84
6 88 6 16 87 88
14 52 14 34 45 52
51 66 51 60 66
17 80 17 25 79 80
83 88 83 88
17 74 17 25 61 64 68 74
10 52 10 52
40 42 40 42
42 73 42 51 58 73
29 40 29 37 40
5 69 5 6 54 59 64 68 69
9 24 9 24
7 84 7 14 59 66 78 84
4 21 4 13 14 19 21
34 73 34 48 54 67 73
16 49 16 35 41 49
43 75 43 47 75
9 62 9 62
52 64 52 64
2 88 2 70 71 88
26 79 26 55 79
34 89 34 79 81 83 89
20 81 20 32 53 80 81
15 71 15 26 28 58 64 71
7 82 7 57 82
27 72 27 44 55 67 72
53 83 53 72 78 80 81 83
71 86 71 83 86
39 74 39 58 68 74
43 75 43 44 61 75
24 45 24 30 34 45
17 46 17 20 30 39 46
34 45 34 45
24 36 24 27 29 36
32 52 32 48 52
48 79 48 79
23 89 23 35 89
61 71 61 64 71
21 85 21 58 68 74 82 85
6 56 6 16 35 56
60 80 60 66 78 80
80 86 80 83 86
28 69 28 58 61 64 68 69
5 43 5 7 27 29 43
2 55 2 9 13 36 43 44 55
14 78 14 42 62 72 78
1 76 1 26 68 69 76
28 35 28 35
27 82 27 72 82
12 66 12 27 32 66
13 72 13 26 42 62 72
40 68 40 68
78 85 78 85
30 82 30 53 72 82
13 89 13 29 75 78 81 83 89
59 76 59 69 76
23 54 23 28 37 48 54
23 66 23 28 37 59 66
43 68 43 64 68
30 85 30 54 59 66 71 82 85
12 88 12 57 80 81 83 88
52 68 52 64 68
29 80 29 43 52 78 80
67 88 67 72 86 88
20 55 20 55
15 75 15 22 31 39 58 61 75
5 32 5 7 32
10 79 10 30 48 79
26 60 26 40 60
32 71 32 66 71
20 82 20 39 57 74 82
20 60 20 26 42 51 60
16 64 16 27 29 36 37 59 64
19 41 19 38 41
14 76 14 59 64 68 69 76
22 73 22 34 45 54 73
5 64 5 7 49 51 58 61 64
3 30 3 9 17 20 30
4 34 4 13 16 24 30 34
4 75 4 13 26 42 51 58 61 75
9 30 9 20 30
0 59 0 10 24 34 44 51 59
42 68 42 51 59 64 68
13 50 13 24 34 45 50
38 81 38 60 66 78 80 81
17 62 17 33 62
4 56 4 56
25 67 25 38 41 50 51 67
5 7 5 7
2 67 2 31 39 58 67
56 62 56 62
16 50 16 27 29 36 50
15 61 15 30 39 58 61
4 33 4 23 25 33
11 66 11 35 41 66
11 61 11 20 55 61
24 83 24 27 70 71 83
55 74 55 61 64 68 74
21 85 21 40 51 58 67 82 85
18 28 18 20 26 28
80 86 80 81 83 86
41 72 41 50 51 67 72
8 84 8 28 58 64 71 84
10 53 10 24 29 43 44 53
64 86 64 81 83 86
7 88 7 42 70 82 85 88
70 84 70 71 84
22 43 22 43
0 17 0 10 17
6 82 6 30 53 72 82
2 33 2 14 25 33
16 49 16 29 37 49
2 29 2 9 24 29
22 34 22 34
70 71 70 71
7 28 7 28
44 57 44 55 57
22 34 22 34
2 71 2 56 64 71
41 81 41 50 51 59 64 80 81
64 88 64 87 88
17 52 17 32 48 52
0 40 0 17 20 40
30 61 30 44 55 58 61
10 63 10 24 55 63
56 62 56 62
11 45 11 20 30 34 45
25 61 25 35 43 47 61
43 76 43 47 61 64 69 76
37 51 37 40 51
53 82 53 72 82
37 65 37 51 59 65
38 79 38 41 79
2 84 2 23 79 84
15 62 15 26 40 42 62
16 24 16 24
1 43 1 13 14 31 43
15 83 15 22 25 81 83
62 82 62 63 82
58 82 58 67 82
27 66 27 34 45 54 59 66
32 53 32 53
23 82 23 25 63 82
18 52 18 34 48 52
22 86 22 62 63 80 83 86
18 39 18 21 26 28 35 39
36 84 36 66 71 84
44 89 44 51 89
0 78 0 20 39 60 66 78
59 66 59 66
34 44 34 44
25 63 25 35 39 57 63
86 88 86 88
31 43 31 43
72 82 72 82
7 28 7 28
40 51 40 51
57 89 57 63 83 89
1 26 1 7 14 19 20 26
1 37 1 7 33 37
47 67 47 67
83 89 83 89
30 76 30 44 55 61 64 69 76
23 46 23 37 40 42 46
6 24 6 16 24
19 73 19 20 40 42 51 67 73
72 89 72 78 84 89
15 61 15 26 42 51 58 61
11 66 11 59 66
55 74 55 58 64 68 74
34 60 34 45 50 60
30 53 30 53
44 88 44 61 75 80 83 88
52 67 52 67
5 81 5 64 81
20 88 20 32 47 83 86 88
23 68 23 37 48 52 64 68
14 47 14 34 47
8 52 8 13 29 43 52
3 25 3 15 22 25
8 49 8 9 16 28 35 41 49
31 71 31 39 60 66 71
32 65 32 48 54 59 65
51 80 51 64 80
62 72 62 72
48 73 48 54 67 73
1 68 1 58 68
5 61 5 7 32 44 61
18 51 18 22 25 35 43 44 51
3 29 3 27 29
4 63 4 30 34 45 63
40 46 40 42 46
19 52 19 43 52
0 73 0 27 58 67 73
56 84 56 62 72 78 84
63 65 63 65
19 45 19 20 30 34 45
52 64 52 64
26 47 26 28 35 43 47
3 59 3 21 42 51 59
12 24 12 24
42 64 42 64
26 74 26 28 68 74
25 67 25 35 41 50 51 67
23 89 23 66 83 89
64 88 64 68 69 87 88
81 88 81 83 88
48 79 48 79
9 50 9 20 26 28 41 50
6 79 6 17 29 37 48 79
0 29 0 10 17 29
50 61 50 51 58 61
23 43 23 28 35 43
4 40 4 23 28 37 40
56 63 56 62 63
42 73 42 51 58 73
39 88 39 69 88
43 66 43 44 51 60 66
16 86 16 29 36 81 83 86
2 75 2 13 29 43 47 61 75
6 82 6 71 82
27 50 27 34 45 50
40 63 40 63
31 68 31 56 64 68
14 83 14 42 70 72 78 81 83
44 68 44 55 58 61 64 68
5 19 5 7 14 19
44 83 44 78 80 81 83
5 43 5 36 43
32 80 32 48 54 75 78 80
49 81 49 51 59 66 78 81
15 87 15 22 34 44 61 64 68 69 87
29 62 29 37 40 42 62
13 85 13 24 29 70 71 82 85
12 68 12 17 29 43 44 55 61 64 68
9 69 9 50 60 69
23 37 23 28 37
22 58 22 25 35 43 44 55 58
6 17 6 17
34 86 34 48 72 78 80 81 83 86
22 56 22 25 35 56
17 68 17 29 36 48 54 59 64 68
8 64 8 34 47 61 64
36 61 36 55 61
22 86 22 31 43 62 72 86
29 66 29 36 48 54 59 66
66 77 66 77
21 82 21 58 61 64 71 82
79 89 79 83 89
55 79 55 79
59 86 59 86
35 65 35 39 57 65
55 61 55 61
25 62 25 38 42 62
19 65 19 38 41 50 51 59 65
38 85 38 42 62 63 82 85
40 67 40 51 67
14 34 14 19 20 30 34
13 36 13 36
10 26 10 17 20 26
5 84 5 75 78 84
20 74 20 40 68 74
42 82 42 64 71 82
5 75 5 75
28 60 28 49 51 60
56 81 56 64 80 81
10 25 10 17 25
12 45 12 27 34 45
21 79 21 26 38 41 79
39 85 39 57 74 85
30 88 30 80 81 83 88
66 82 66 71 82
20 50 20 26 28 41 50
15 46 15 21 42 46
21 63 21 42 57 63
27 78 27 72 78
1 54 1 2 13 48 54
29 40 29 36 37 40
3 51 3 27 44 51
25 54 25 33 37 48 54
18 34 18 34
9 35 9 17 25 35
61 80 61 75 80
26 75 26 40 42 51 58 61 75
19 40 19 20 40
50 88 50 59 71 83 86 88
69 88 69 88
16 59 16 23 28 35 43 44 51 59
0 29 0 13 16 27 29
36 57 36 55 57
9 16 9 16
64 69 64 68 69
1 32 1 7 14 19 20 32
37 73 37 49 51 67 73
25 62 25 40 42 62
14 75 14 19 38 41 49 51 58 61 75
0 86 0 80 81 83 86
79 89 79 80 83 89
18 46 18 22 43 46
20 44 20 30 44
79 81 79 81
58 68 58 64 68
5 43 5 7 14 28 35 43
32 44 32 44
75 82 75 82
39 89 39 60 66 77 89
33 49 33 37 49
0 50 0 45 50
61 64 61 64
47 80 47 67 72 78 80
12 70 12 27 34 38 41 70
10 85 10 63 82 85
29 55 29 36 43 44 55
53 80 53 72 78 80
42 73 42 51 58 67 73
21 63 21 40 42 62 63
10 72 10 52 67 72
7 68 7 32 47 61 64 68
19 38 19 20 26 38
54 88 54 86 88
24 34 24 34
24 44 24 34 44
22 43 22 25 35 43
18 26 18 21 26
47 88 47 77 88
1 25 1 7 14 25
4 54 4 23 32 48 54
35 78 35 72 78
24 37 24 29 36 37
22 33 22 25 33
1 13 1 13
27 34 27 34
16 87 16 28 37 59 69 87
26 38 26 38
22 86 22 34 48 52 71 83 86
10 28 10 17 20 26 28
14 21 14 19 21
9 17 9 17
44 88 44 79 83 86 88
5 43 5 36 43
6 80 6 40 78 80
15 61 15 30 41 50 51 58 61
35 87 35 43 44 53 77 87
7 62 7 62
7 68 7 41 59 64 68
28 89 28 41 78 84 89
10 47 10 24 29 43 47
17 30 17 20 30
58 81 58 67 72 78 80 81
24 60 24 34 45 50 60
26 63 26 42 62 63
25 63 25 62 63
69 76 69 76
24 69 24 27 52 64 68 69
15 60 15 30 50 51 60
28 81 28 58 67 72 78 80 81
18 21 18 21
31 88 31 68 69 87 88
14 30 14 30
5 75 5 75
20 76 20 55 61 64 68 69 76
24 39 24 30 39
5 26 5 6 18 20 26
25 68 25 33 37 59 64 68
35 78 35 72 78
8 20 8 9 20
59 80 59 66 78 80
8 44 8 9 32 44
21 66 21 59 66
11 89 11 35 89
4 28 4 13 26 28
56 63 56 62 63
39 71 39 58 64 71
35 79 35 41 79
43 83 43 52 83
52 78 52 78
27 73 27 29 43 47 67 73
9 83 9 71 83
7 34 7 27 34
6 78 6 15 22 25 35 59 66 78
6 46 6 24 34 38 42 46
54 86 54 81 83 86
28 54 28 37 48 54
50 76 50 51 60 69 76
22 35 22 25 35
24 64 24 27 58 61 64
6 56 6 15 22 25 35 56
4 78 4 70 72 78
25 56 25 35 56
15 79 15 30 48 79
9 83 9 60 66 71 83
31 87 31 68 69 87
47 77 47 77
5 52 5 52
12 30 12 24 30
21 52 21 26 28 37 52
19 52 19 20 30 34 48 52
78 81 78 80 81
11 30 11 20 30
5 88 5 37 40 82 85 88
43 75 43 47 75
19 65 19 43 44 51 59 65
19 73 19 33 52 67 73
9 76 9 20 30 39 76
15 46 15 21 42 46
14 59 14 42 51 59
27 34 27 34
21 79 21 26 38 41 79
58 78 58 61 75 78
17 80 17 33 37 72 78 80
24 36 24 27 29 36
23 67 23 44 55 67
58 85 58 68 74 82 85
5 37 5 37
8 85 8 41 49 72 78 85
8 64 8 58 61 64
22 80 22 25 33 37 48 52 80
12 24 12 24
37 76 37 48 52 64 68 69 76
21 82 21 40 82
44 85 44 78 85
60 82 60 66 71 82
21 42 21 42
28 60 28 49 51 60
52 77 52 77
3 45 3 30 34 45
10 61 10 30 48 61
30 34 30 34
49 76 49 51 60 69 76
25 61 25 40 51 58 61
47 61 47 61
12 85 12 72 82 85
56 80 56 62 63 80
56 84 56 62 72 78 84
13 20 13 20
35 39 35 39
24 64 24 29 37 59 64
48 54 48 54
18 69 18 22 25 33 52 64 68 69
4 23 4 23
19 52 19 43 52
14 89 14 59 71 83 89
25 75 25 33 49 51 58 61 75
5 23 5 6 16 23
10 89 10 44 78 80 81 83 89
0 47 0 13 36 43 47
28 68 28 35 56 64 68
35 52 35 43 52
52 68 52 64 68
34 46 34 38 42 46
52 89 52 64 81 83 89
20 84 20 59 66 71 84
25 80 25 40 42 70 72 78 80
53 80 53 80
4 82 4 74 82
25 61 25 38 41 49 51 58 61
48 61 48 61
9 78 9 13 14 28 35 59 66 78
5 47 5 25 35 43 47
34 77 34 46 77
23 40 23 37 40
0 33 0 17 25 33
47 74 47 61 64 68 74
5 73 5 7 41 50 51 67 73
53 81 53 80 81
16 61 16 24 34 45 50 51 58 61
45 75 45 50 51 58 61 75
42 64 42 51 59 64
26 59 26 40 42 51 59
5 43 5 25 35 43
23 46 23 28 46
77 89 77 89
24 67 24 55 67
37 77 37 77
40 86 40 72 78 81 83 86
56 85 56 74 82 85
26 44 26 28 35 43 44
4 89 4 23 44 79 80 81 83 89
20 84 20 26 38 42 64 71 84
51 72 51 58 67 72
9 76 9 32 48 52 64 68 69 76
27 58 27 29 43 44 55 58
45 74 45 54 59 64 68 74
27 32 27 32
72 88 72 86 88
24 78 24 54 78
50 89 50 51 58 64 71 84 89
11 20 11 20
49 61 49 51 58 61
29 69 29 37 48 54 59 69
24 30 24 30
24 78 24 54 72 78
16 38 16 27 34 38
26 67 26 38 41 50 51 67
54 78 54 75 78
45 78 45 52 67 72 78
21 82 21 42 64 82
1 2 1 2
82 88 82 85 88
35 39 35 39
16 45 16 24 30 34 45
8 17 8 9 17
55 73 55 58 67 73
4 82 4 82
58 76 58 64 69 76
12 84 12 50 51 64 71 84
18 39 18 22 31 39
30 86 30 41 72 86
30 79 30 34 48 79
38 67 38 42 51 58 67
17 89 17 25 81 83 89
52 86 52 83 86
62 85 62 72 82 85
0 71 0 47 61 64 71
44 88 44 61 88
24 41 24 30 41
33 73 33 39 58 73
33 61 33 37 49 51 58 61
55 64 55 58 64
9 73 9 20 32 48 52 67 73
3 25 3 15 22 25
28 73 28 58 67 73
14 83 14 28 37 51 59 71 83
74 88 74 85 88
10 28 10 17 20 26 28
25 80 25 63 80
56 62 56 62
27 86 27 86
56 87 56 62 72 87
44 51 44 51
17 59 17 32 48 54 59
42 51 42 51
35 66 35 43 44 51 60 66
26 67 26 40 51 58 67
22 54 22 25 33 37 48 54
30 48 30 34 48
16 50 16 38 41 50
4 30 4 8 13 24 30
70 81 70 72 78 81
40 82 40 42 64 71 82
0 49 0 27 29 36 37 49
17 62 17 33 37 40 42 62
42 67 42 51 58 67
6 56 6 17 20 56
18 62 18 20 40 42 62
50 61 50 51 58 61
0 74 0 47 61 64 68 74
7 42 7 28 37 40 42
71 84 71 84
7 64 7 33 52 64
0 17 0 10 17
15 85 15 30 41 67 72 82 85
77 88 77 88
51 87 51 67 72 87
3 23 3 9 16 23
36 68 36 48 61 64 68
7 33 7 14 25 33
0 45 0 27 34 45
14 64 14 59 64
23 28 23 28
35 65 35 63 65
24 78 24 32 58 67 72 78
17 53 17 29 43 44 53
10 48 10 30 34 48
11 77 11 77
43 79 43 44 55 79
41 81 41 53 80 81
0 13 0 13
79 83 79 83
25 86 25 40 64 86
7 43 7 28 35 43
23 63 23 35 56 62 63
13 68 13 20 55 61 64 68
30 50 30 41 50
15 60 15 26 38 42 51 60
34 80 34 38 60 66 78 80
38 60 38 41 49 51 60
37 72 37 48 72
23 35 23 35
61 64 61 64
33 51 33 51
10 79 10 34 44 79
29 60 29 43 44 51 60
43 70 43 70
33 89 33 72 78 81 83 89
45 54 45 54
37 46 37 40 42 46
22 55 22 34 45 55
39 71 39 60 66 71
39 72 39 57 72
22 84 22 62 72 78 84
7 29 7 29
3 69 3 27 58 64 68 69
1 44 1 2 13 20 30 44
11 62 11 21 42 62
16 38 16 38
21 66 21 59 66
31 61 31 39 58 61
60 86 60 66 78 81 83 86
51 64 51 64
17 66 17 20 39 60 66
58 68 58 68
36 79 36 43 44 79
21 40 21 26 28 37 40
13 26 13 26
20 77 20 55 58 77
11 62 11 20 40 42 62
36 37 36 37
20 42 20 30 34 38 42
60 86 60 66 71 83 86
1 32 1 2 13 24 32
16 83 16 28 64 71 83
12 32 12 32
15 39 15 26 28 35 39
5 88 5 37 51 88
2 60 2 33 39 60
59 64 59 64
6 24 6 16 24
37 87 37 59 77 87
17 63 17 29 37 40 42 57 63
20 66 20 66
8 28 8 13 20 26 28
58 84 58 64 71 84
20 40 20 40
72 86 72 86
23 49 23 28 35 41 49
1 72 1 13 28 41 50 51 58 67 72
17 85 17 52 78 85
4 74 4 30 41 49 51 59 64 68 74
40 60 40 51 60
20 58 20 30 44 55 58
0 75 0 10 30 48 54 75
35 84 35 43 75 78 84
48 79 48 79
20 26 20 26
39 67 39 58 67
1 68 1 37 51 59 64 68
16 28 16 28
11 39 11 35 39
30 54 30 54
17 71 17 32 51 59 71
12 26 12 26
5 41 5 7 28 41
4 41 4 41
64 82 64 82
1 55 1 7 15 30 44 55
53 81 53 80 81
36 83 36 37 40 78 80 83
40 72 40 72
54 59 54 59
12 33 12 17 25 33
1 9 1 3 9
2 72 2 18 21 26 67 72
1 80 1 58 61 75 78 80
24 70 24 43 70
34 69 34 44 51 58 61 64 68 69
1 25 1 13 14 25
32 85 32 58 78 85
21 26 21 26
49 58 49 51 58
13 84 13 84
3 83 3 64 71 83
2 20 2 13 14 19 20
0 34 0 13 20 30 34
8 73 8 13 48 54 73
34 60 34 38 41 50 51 60
27 82 27 34 44 51 67 82
4 8 4 8
33 59 33 49 51 59
61 89 61 64 81 83 89
5 89 5 81 83 89
1 76 1 3 30 39 69 76
0 47 0 43 47
7 40 7 27 29 36 37 40
13 49 13 28 37 49
26 56 26 28 35 56
11 20 11 20
48 61 48 61
51 78 51 58 67 72 78
13 54 13 48 54
14 47 14 31 43 47
15 31 15 22 31
3 15 3 15
36 57 36 43 44 55 57
10 57 10 34 38 41 57
27 62 27 34 38 42 62
10 48 10 34 48
12 56 12 26 28 35 56
13 72 13 36 48 54 72
78 80 78 80
62 81 62 72 78 80 81
16 45 16 27 34 45
54 68 54 59 64 68
12 86 12 66 83 86
10 24 10 24
10 73 10 48 54 73
39 75 39 58 61 75
41 49 41 49
38 81 38 41 67 72 78 80 81
26 67 26 42 51 58 67
29 49 29 37 49
14 82 14 19 82
3 41 3 30 41
8 50 8 13 16 35 41 50
12 85 12 66 78 85
51 69 51 60 69
42 57 42 57
12 41 12 17 20 26 28 41
19 55 19 20 26 28 35 43 44 55
24 77 24 55 58 77
1 9 1 2 9
6 27 6 27
79 83 79 83
5 44 5 44
66 71 66 71
0 17 0 17
9 66 9 60 66
6 71 6 18 22 31 39 58 61 64 71
14 82 14 28 82
37 73 37 52 67 73
24 41 24 27 34 38 41
25 74 25 40 64 68 74
8 47 8 28 35 43 47
9 16 9 16
41 50 41 50
40 51 40 51
18 39 18 21 26 28 35 39
6 45 6 16 27 34 45
13 43 13 29 43
47 75 47 61 75
5 75 5 44 61 75
6 67 6 15 22 31 39 58 67
21 54 21 26 28 37 48 54
20 30 20 30
27 73 27 29 43 47 67 73
47 74 47 61 64 68 74
37 73 37 48 54 67 73
12 61 12 29 37 40 42 51 58 61
41 86 41 66 71 83 86
2 25 2 13 16 23 25
24 34 24 27 34
4 34 4 30 34
66 82 66 71 82
51 67 51 67
17 33 17 33
3 22 3 15 22
21 39 21 26 28 35 39
21 64 21 40 64
11 28 11 20 26 28
4 74 4 41 50 51 58 68 74
36 64 36 55 61 64
57 63 57 63
39 74 39 57 74
10 63 10 63
7 14 7 14
49 78 49 51 67 72 78
10 63 10 34 45 63
55 77 55 67 77
12 41 12 17 25 35 41
38 76 38 60 69 76
5 49 5 36 37 49
67 77 67 77
17 63 17 32 44 55 63
52 89 52 89
49 84 49 72 78 84
23 67 23 32 48 54 67
3 16 3 16
47 75 47 75
72 85 72 82 85
56 68 56 64 68
19 81 19 33 72 78 81
6 43 6 27 29 43
0 10 0 10
19 28 19 21 26 28
34 46 34 38 42 46
61 71 61 64 71
62 72 62 72
15 39 15 22 25 33 39
25 82 25 61 75 82
53 86 53 72 86
32 86 32 47 80 83 86
84 89 84 89
9 20 9 17 20
9 44 9 32 44
2 56 2 9 20 26 28 35 56
31 39 31 39
1 49 1 13 36 37 49
62 65 62 63 65
34 53 34 38 41 53
55 61 55 58 61
4 51 4 41 50 51
45 78 45 75 78
11 61 11 35 39 58 61
44 57 44 55 57
14 43 14 25 35 43
79 83 79 80 83
31 77 31 43 46 77
12 42 12 37 40 42
0 31 0 13 14 31
21 39 21 26 28 35 39
32 65 32 51 59 65
21 54 21 26 28 37 48 54
25 89 25 35 72 78 80 81 83 89
11 41 11 20 26 38 41
24 83 24 27 58 67 72 78 80 81 83
71 84 71 84
16 68 16 29 43 47 61 64 68
7 65 7 57 65
10 60 10 17 20 39 60
39 77 39 58 67 77
7 83 7 14 78 80 83
31 61 31 43 44 55 58 61
17 34 17 20 30 34
1 69 1 7 32 44 51 59 69
64 71 64 71
52 87 52 67 72 87
56 74 56 74
49 74 49 51 64 68 74
12 26 12 26
13 59 13 28 35 59
28 73 28 41 50 51 58 73
30 48 30 48
16 29 16 29
12 60 12 32 51 60
6 82 6 30 53 72 82
16 45 16 27 34 45
27 40 27 29 36 37 40
33 42 33 37 40 42
41 75 41 50 51 58 61 75
47 67 47 67
8 54 8 9 17 25 33 37 48 54
32 44 32 44
13 34 13 20 30 34
17 63 17 25 33 62 63
21 26 21 26
2 36 2 13 24 29 36
80 83 80 83
2 89 2 57 83 89
34 57 34 44 55 57
21 65 21 59 65
3 44 3 21 26 28 35 43 44
34 88 34 38 85 88
79 81 79 80 81
67 87 67 77 87
16 31 16 31
14 70 14 28 35 41 70
6 15 6 15
39 87 39 87
15 26 15 26
8 28 8 9 16 23 28
21 79 21 26 28 35 41 79
23 49 23 28 41 49
22 33 22 33
12 42 12 26 28 37 40 42
11 21 11 21
56 72 56 62 72
10 81 10 34 38 70 81
41 72 41 72
13 54 13 26 28 37 48 54
38 80 38 63 80
48 71 48 61 64 71
34 60 34 38 42 51 60
0 57 0 57
35 84 35 39 60 66 71 84
22 86 22 60 66 83 86
7 57 7 57
33 63 33 37 40 42 57 63
47 72 47 67 72
2 20 2 9 20
44 88 44 53 80 83 86 88
2 84 2 70 72 78 84
14 21 14 19 21
34 38 34 38
6 31 6 15 22 31
14 28 14 19 20 26 28
58 76 58 61 64 69 76
33 73 33 52 67 73
0 75 0 20 30 41 50 51 58 61 75
2 23 2 9 16 23
44 67 44 51 58 67
54 68 54 59 64 68
4 26 4 8 13 26
18 86 18 22 62 63 80 81 83 86
7 45 7 14 19 20 30 34 45
44 88 44 53 72 78 84 88
5 70 5 7 42 70
44 72 44 55 67 72
10 85 10 17 51 58 67 82 85
48 52 48 52
34 69 34 45 55 61 64 69
17 71 17 33 51 59 64 71
0 52 0 17 52
1 40 1 26 28 37 40
11 82 11 70 71 82
45 73 45 54 67 73
21 47 21 26 28 35 43 47
43 58 43 44 51 58
44 69 44 55 61 64 69
35 59 35 59
24 64 24 54 59 64
48 54 48 54
32 78 32 44 61 75 78
13 88 13 83 88
17 48 17 25 33 37 48
62 63 62 63
2 13 2 9 13
4 56 4 23 28 35 56
10 79 10 34 48 79
40 51 40 42 51
2 19 2 9 13 14 19
17 78 17 25 40 42 62 72 78
41 80 41 66 78 80
23 49 23 49
12 68 12 47 61 64 68
8 45 8 34 45
1 89 1 49 72 78 81 83 89
11 65 11 20 55 57 63 65
4 8 4 8
28 55 28 35 43 44 55
1 36 1 7 29 36
0 74 0 57 74
5 56 5 25 35 56
18 39 18 20 30 39
35 58 35 39 58
22 33 22 33
17 55 17 55
21 82 21 40 64 82
27 50 27 29 36 50
43 44 43 44
13 16 13 16
30 79 30 48 79
0 33 0 13 16 23 25 33
24 55 24 55
6 81 6 80 81
19 54 19 33 37 48 54
23 44 23 32 44
49 69 49 69
3 16 3 16
28 55 28 35 43 44 55
16 80 16 23 35 72 78 80
34 69 34 47 61 64 68 69
30 48 30 48
13 54 13 24 54
15 76 15 76
28 89 28 37 84 89
5 43 5 25 35 43
3 30 3 15 30
32 71 32 51 64 71
28 62 28 37 40 42 62
58 83 58 61 75 78 81 83
40 85 40 68 74 85
5 86 5 6 71 83 86
24 80 24 32 47 67 72 78 80
58 89 58 77 89
34 65 34 48 54 59 65
19 85 19 21 59 64 68 74 85
38 80 38 60 66 78 80
24 36 24 27 29 36
23 44 23 32 44
1 23 1 13 16 23
6 81 6 18 22 60 66 78 80 81
11 69 11 68 69
20 59 20 59
14 25 14 25
10 86 10 44 61 75 83 86
3 48 3 15 30 48
5 81 5 64 80 81
14 37 14 28 37
51 85 51 64 71 82 85
8 82 8 40 63 82
17 62 17 33 62
37 87 37 40 60 66 77 87
30 82 30 54 75 82
2 31 2 18 22 31
50 84 50 59 64 71 84
17 55 17 55
23 43 23 25 35 43
15 65 15 22 62 65
64 71 64 71
4 89 4 30 48 54 72 78 80 81 83 89
29 76 29 37 49 76
34 80 34 45 55 79 80
53 81 53 72 78 80 81
43 89 43 75 83 89
45 51 45 50 51
2 78 2 31 43 75 78
15 68 15 22 43 47 61 64 68
20 55 20 30 34 44 55
57 65 57 63 65
62 89 62 72 78 80 83 89
17 30 17 20 30
66 77 66 77
33 52 33 52
27 79 27 79
13 89 13 64 80 81 83 89
28 73 28 37 48 52 67 73
15 22 15 22
13 36 13 36
20 74 20 32 58 61 64 68 74
32 76 32 47 61 64 68 69 76
16 27 16 24 27
66 71 66 71
75 83 75 83
12 88 12 45 52 80 81 83 88
12 39 12 26 28 35 39
18 44 18 21 26 28 35 43 44
11 35 11 35
33 86 33 67 72 86
13 84 13 60 66 78 84
4 77 4 60 66 77
31 63 31 43 44 55 57 63
48 72 48 52 67 72
8 13 8 13
54 72 54 67 72
82 88 82 85 88
39 75 39 58 61 75
13 81 13 14 19 56 62 72 78 81
47 75 47 75
75 80 75 78 80
74 82 74 82
58 74 58 64 68 74
9 62 9 17 29 36 43 62
19 21 19 21
18 69 18 59 69
1 76 1 7 32 48 52 64 68 69 76
25 88 25 69 87 88
43 67 43 47 67
9 20 9 17 20
4 47 4 13 29 36 43 47
43 68 43 47 61 64 68
64 82 64 82
7 28 7 28
36 81 36 50 59 66 78 80 81
5 36 5 6 17 29 36
53 72 53 72
13 77 13 46 77
45 50 45 50
67 88 67 72 78 85 88
29 80 29 75 78 80
14 68 14 68
43 44 43 44
43 76 43 64 68 69 76
66 89 66 71 83 89
40 68 40 51 64 68
39 89 39 57 80 81 83 89
39 72 39 57 72
16 48 16 48
29 82 29 37 52 71 82
26 77 26 42 51 60 66 77
4 27 4 8 13 16 27
9 49 9 13 20 30 41 49
5 70 5 7 14 70
45 57 45 55 57
10 71 10 17 58 64 71
36 53 36 43 44 53
12 66 12 32 48 54 59 66
0 72 0 27 32 47 67 72
4 40 4 8 13 20 26 40
26 79 26 38 41 79
42 75 42 51 58 61 75
51 80 51 59 66 78 80
48 59 48 54 59
25 35 25 35
61 74 61 64 68 74
44 86 44 79 86
36 48 36 37 48
23 49 23 49
9 21 9 13 14 19 21
58 67 58 67
58 87 58 77 87
0 37 0 27 29 36 37
21 43 21 26 28 35 43
38 49 38 41 49
10 54 10 30 34 45 54
28 75 28 58 61 75
3 33 3 15 22 25 33
4 88 4 41 49 72 82 85 88
22 59 22 59
47 77 47 77
38 63 38 63
55 63 55 57 63
39 58 39 58
32 48 32 48
29 70 29 43 70
41 75 41 50 51 58 61 75
7 39 7 28 35 39
10 75 10 34 47 75
17 69 17 60 69
60 66 60 66
13 48 13 14 25 33 37 48
36 81 36 59 66 78 81
53 77 53 77
58 74 58 64 68 74
72 86 72 78 81 83 86
51 58 51 58
2 18 2 18
7 40 7 14 25 33 37 40
67 88 67 77 88
20 72 20 55 57 72
72 78 72 78
14 21 14 19 21
60 89 60 66 83 89
26 53 26 28 41 53
29 55 29 36 43 44 55
2 80 2 23 57 72 78 80
29 68 29 48 61 64 68
7 77 7 42 51 59 77
83 86 83 86
3 46 3 9 24 27 34 38 42 46
9 37 9 16 27 29 37
22 54 22 33 37 48 54
57 63 57 63
47 84 47 61 75 78 84
36 77 36 37 49 51 59 77
35 72 35 39 57 72
35 64 35 39 58 61 64
40 76 40 68 69 76
43 68 43 47 61 64 68
28 62 28 37 40 42 62
57 78 57 72 78
26 68 26 42 51 59 64 68
67 82 67 72 82
29 60 29 36 43 44 51 60
33 83 33 49 72 78 81 83
83 89 83 89
28 49 28 41 49
13 38 13 20 30 34 38
25 87 25 61 64 87
30 44 30 44
38 77 38 42 46 77
41 81 41 72 78 81
4 8 4 8
7 22 7 15 22
38 57 38 42 57
58 87 58 68 69 87
11 51 11 33 37 51
17 34 17 20 30 34
38 49 38 41 49
15 85 15 21 42 62 74 82 85
15 52 15 22 25 35 43 52
63 89 63 83 89
59 80 59 64 80
48 68 48 52 64 68
25 75 25 40 51 58 61 75
7 85 7 42 62 72 78 85
20 26 20 26
8 28 8 13 28
19 64 19 33 61 64
14 34 14 19 20 30 34
27 64 27 32 48 52 64
0 24 0 13 24
26 52 26 28 37 48 52
55 64 55 58 61 64
11 70 11 33 37 40 42 70
23 71 23 25 33 49 51 58 64 71
2 71 2 56 64 71
40 71 40 60 66 71
1 50 1 26 38 41 50
31 58 31 39 58
9 21 9 13 14 19 21
2 89 2 31 43 80 81 83 89
2 83 2 9 17 25 81 83
21 58 21 58
43 68 43 44 55 61 64 68
1 36 1 7 29 36
28 37 28 37
0 30 0 24 30
25 63 25 57 63
32 83 32 48 52 83
36 80 36 66 78 80
51 67 51 67
33 61 33 49 51 58 61
7 84 7 27 72 78 84
17 71 17 51 59 71
22 80 22 33 67 72 78 80
54 73 54 67 73
22 44 22 31 43 44
48 87 48 54 59 77 87
7 40 7 40
11 51 11 33 49 51
27 70 27 34 38 41 70
30 74 30 44 51 58 61 64 68 74
10 57 10 30 44 55 57
40 80 40 60 66 78 80
8 64 8 34 38 42 51 64
17 58 17 55 58
36 55 36 55
1 78 1 72 78
13 50 13 26 38 41 50
32 86 32 48 61 64 80 81 83 86
11 66 11 59 66
1 25 1 13 14 25
52 88 52 67 72 82 85 88
27 70 27 70
37 65 37 48 54 59 65
21 64 21 40 51 58 61 64
64 69 64 68 69
34 89 34 67 72 78 81 83 89
81 88 81 83 86 88
15 30 15 30
34 65 34 38 65
8 60 8 41 50 51 60
1 49 1 26 38 41 49
60 89 60 66 71 83 89
32 89 32 58 64 71 84 89
6 46 6 15 46
4 85 4 41 49 51 67 82 85
2 17 2 9 17
13 34 13 14 30 34
21 79 21 26 28 41 79
64 69 64 68 69
5 36 5 36
36 66 36 37 59 66
18 69 18 59 69
56 81 56 62 72 78 80 81
17 20 17 20
25 56 25 35 56
10 63 10 63
43 52 43 52
71 82 71 82
1 24 1 2 13 16 24
1 48 1 3 9 13 28 37 48
19 52 19 21 26 28 37 52
1 13 1 13
40 73 40 51 67 73
41 50 41 50
50 89 50 59 77 89
44 86 44 55 86
7 34 7 27 34
7 68 7 15 26 68
24 54 24 27 32 48 54
2 20 2 13 20
60 84 60 66 78 84
14 42 14 19 33 37 40 42
2 25 2 14 25
31 83 31 56 62 63 80 83
39 88 39 69 88
16 86 16 31 39 60 66 71 83 86
23 48 23 25 33 37 48
32 67 32 47 67
9 78 9 16 23 57 78
10 40 10 17 20 26 28 37 40
63 86 63 80 81 83 86
54 77 54 67 77
8 63 8 28 35 56 62 63
10 26 10 17 20 26
15 65 15 22 34 48 54 59 65
50 78 50 51 67 72 78
24 85 24 34 44 55 58 78 85
9 49 9 17 25 38 41 49
4 89 4 41 79 83 89
58 78 58 78
0 49 0 24 29 37 49
58 64 58 64
52 77 52 67 77
6 63 6 15 22 43 44 55 57 63
1 78 1 7 62 72 78
24 78 24 50 51 67 72 78
45 66 45 50 59 66
26 67 26 42 51 67
22 33 22 33
0 52 0 27 34 48 52
29 55 29 43 44 55
12 39 12 26 28 35 39
21 52 21 26 28 37 48 52
66 84 66 78 84
38 64 38 42 64
3 89 3 37 77 89
11 63 11 20 56 62 63
44 64 44 61 64
16 83 16 44 53 80 83
30 50 30 34 38 41 50
48 72 48 52 67 72
33 52 33 52
60 76 60 69 76
61 71 61 64 71
51 78 51 58 78
48 76 48 61 64 68 69 76
62 82 62 74 82
39 75 39 58 61 75
2 59 2 33 37 49 51 59
8 30 8 13 16 24 30
21 54 21 26 28 37 48 54
0 44 0 17 25 35 43 44
45 52 45 52
4 71 4 70 71
10 17 10 17
21 52 21 26 28 37 52
2 81 2 60 66 78 81
33 89 33 51 67 77 89
67 80 67 72 78 80
63 89 63 80 83 89
10 50 10 24 30 50
14 43 14 19 20 26 28 35 43
30 47 30 34 47
55 64 55 58 64
42 68 42 64 68
8 72 8 13 14 19 21 58 67 72
40 67 40 51 67
12 26 12 17 20 26
45 65 45 50 51 59 65
21 40 21 40
30 55 30 34 45 55
7 45 7 15 22 34 45
51 72 51 58 67 72
37 87 37 87
13 85 13 24 32 44 51 58 64 71 82 85
28 87 28 46 77 87
29 81 29 36 37 72 78 81
10 69 10 24 64 69
20 35 20 26 28 35
21 59 21 59
5 54 5 37 48 54
3 48 3 16 29 37 48
25 87 25 61 64 87
32 81 32 47 75 80 81
8 60 8 41 50 60
6 47 6 24 27 29 36 43 47
0 86 0 86
6 70 6 40 42 70
17 65 17 55 63 65
4 68 4 68
34 79 34 44 79
16 48 16 48
17 64 17 33 37 51 64
1 34 1 13 20 30 34
55 64 55 61 64
13 83 13 36 48 75 80 83
14 37 14 25 33 37
30 80 30 39 57 80
78 83 78 80 81 83
41 65 41 49 51 59 65
43 80 43 44 78 80
38 73 38 42 51 58 73
77 88 77 87 88
26 88 26 38 63 82 85 88
41 50 41 50
0 30 0 20 30
34 89 34 38 60 66 78 84 89
5 26 5 6 17 20 26
9 83 9 71 83
1 67 1 37 49 51 67
18 43 18 21 26 28 35 43
47 80 47 67 72 78 80
16 38 16 27 34 38
15 85 15 26 68 74 85
22 60 22 34 38 60
22 25 22 25
8 20 8 9 17 20
16 28 16 28
31 68 31 43 47 61 64 68
3 14 3 14
38 41 38 41
10 69 10 60 69
6 56 6 17 25 35 56
38 88 38 70 82 85 88
18 89 18 22 31 39 46 77 89
47 76 47 61 64 69 76
23 77 23 55 67 77
6 67 6 17 32 44 55 58 67
39 69 39 69
50 84 50 60 66 78 84
7 77 7 28 77
78 80 78 80
12 48 12 17 32 48
36 84 36 50 51 58 64 71 84
20 52 20 26 28 35 43 52
16 40 16 28 37 40
13 48 13 20 30 34 48
25 54 25 33 37 48 54
49 84 49 51 58 61 75 78 84
25 63 25 33 37 40 42 57 63
55 67 55 58 67
11 65 11 20 59 65
32 48 32 48
8 57 8 13 14 31 43 44 55 57
30 50 30 41 50
13 85 13 68 74 85
16 52 16 23 35 43 52
15 68 15 26 68
40 64 40 51 58 61 64
37 78 37 59 66 78
12 17 12 17
0 52 0 24 29 48 52
19 64 19 20 26 40 42 64
40 72 40 72
79 81 79 81
64 71 64 71
38 53 38 41 53
25 89 25 79 84 89
19 33 19 33
43 80 43 70 72 78 80
52 77 52 67 77
27 76 27 52 64 69 76
13 16 13 16
72 89 72 78 80 81 83 89
30 80 30 80
25 39 25 33 39
54 71 54 71
30 53 30 44 53
39 89 39 60 66 77 89
35 76 35 59 64 69 76
33 37 33 37
1 40 1 19 20 40
27 76 27 34 45 52 64 69 76
57 80 57 63 80
17 80 17 20 66 78 80
32 85 32 66 78 85
17 53 17 25 35 43 44 53
19 64 19 20 59 64
35 65 35 41 65
39 87 39 87
27 46 27 29 43 46
28 41 28 41
33 59 33 51 59
8 43 8 13 28 35 43
20 30 20 30
28 75 28 37 49 51 58 61 75
21 64 21 42 64
37 49 37 49
1 49 1 26 38 41 49
31 68 31 43 47 61 64 68
22 25 22 25
35 70 35 43 70
62 78 62 72 78
0 80 0 24 55 67 72 78 80
11 48 11 20 30 34 48
6 81 6 40 51 60 66 78 80 81
62 81 62 72 78 81
6 41 6 30 41
41 78 41 50 60 66 78
80 86 80 83 86
2 59 2 23 32 48 54 59
19 85 19 43 47 61 64 68 74 85
15 68 15 21 42 64 68
66 83 66 83
4 64 4 13 28 49 51 58 64
1 65 1 26 38 63 65
7 84 7 43 62 72 78 84
36 61 36 43 47 61
8 46 8 9 17 33 46
12 24 12 24
32 53 32 53
11 62 11 35 56 62
19 40 19 21 40
43 87 43 46 77 87
5 86 5 52 78 80 83 86
5 64 5 64
12 47 12 32 47
0 45 0 45
17 55 17 25 35 43 44 55
42 70 42 70
0 45 0 24 27 34 45
27 63 27 34 44 55 57 63
9 37 9 16 28 37
2 79 2 9 16 48 79
15 53 15 22 31 43 44 53
34 72 34 44 53 72
61 84 61 75 78 84
8 66 8 9 50 60 66
4 60 4 23 49 51 60
23 54 23 37 48 54
31 68 31 56 64 68
12 61 12 24 30 39 58 61
1 82 1 19 33 62 74 82
3 75 3 21 42 51 58 61 75
19 54 19 21 26 28 37 48 54
50 84 50 60 66 78 84
55 77 55 67 77
25 75 25 61 75
40 73 40 51 58 67 73
19 38 19 21 26 38
29 72 29 37 48 54 67 72
13 24 13 24
18 46 18 21 42 46
22 60 22 31 39 60
6 45 6 17 20 30 34 45
40 46 40 42 46
30 47 30 34 47
1 69 1 39 58 64 68 69
30 51 30 44 51
11 20 11 20
12 64 12 50 59 64
17 60 17 60
16 59 16 24 32 51 59
25 70 25 33 37 40 42 70
43 64 43 52 64
3 48 3 37 48
30 79 30 34 38 41 79
12 58 12 26 40 51 58
74 88 74 82 85 88
14 70 14 42 70
23 89 23 57 72 78 80 81 83 89
28 58 28 37 49 51 58
26 73 26 40 51 67 73
9 83 9 50 60 66 78 81 83
47 64 47 61 64
3 76 3 21 58 61 64 68 69 76
22 60 22 33 49 51 60
42 76 42 51 59 64 69 76
21 38 21 26 38
17 20 17 20
18 33 18 22 33
1 24 1 13 16 24
13 50 13 16 38 41 50
29 37 29 37
22 64 22 33 52 64
0 16 0 13 16
13 56 13 26 28 35 56
27 83 27 70 81 83
22 65 22 43 65
32 53 32 53
40 84 40 72 78 84
5 25 5 25
52 68 52 64 68
42 88 42 62 74 85 88
28 40 28 37 40
1 74 1 37 40 42 64 68 74
79 81 79 81
22 68 22 31 39 58 64 68
55 80 55 79 80
32 89 32 47 67 77 89
0 30 0 20 30
5 80 5 70 72 78 80
32 48 32 48
11 48 11 33 37 48
39 81 39 58 67 72 78 81
7 88 7 56 64 71 83 88
12 84 12 17 25 61 64 71 84
28 58 28 35 39 58
72 78 72 78
54 82 54 67 72 82
10 70 10 24 34 38 42 70
17 30 17 20 30
12 66 12 29 43 44 51 60 66
5 74 5 52 64 68 74
44 83 44 78 81 83
21 64 21 26 38 42 51 59 64
22 43 22 25 35 43
24 53 24 32 53
4 65 4 41 57 63 65
8 64 8 41 59 64
32 80 32 48 54 78 80
7 49 7 49
31 83 31 43 80 83
30 55 30 34 44 55
41 78 41 66 78
59 86 59 86
6 61 6 37 40 51 58 61
24 88 24 64 71 82 85 88
5 88 5 6 30 80 81 83 86 88
2 69 2 14 59 69
41 89 41 72 78 84 89
38 77 38 60 66 77
15 54 15 22 25 33 37 48 54
28 73 28 37 52 67 73
42 46 42 46
4 88 4 41 53 72 82 85 88
48 87 48 52 64 68 69 87
38 64 38 42 64
40 72 40 72
28 81 28 41 57 72 78 80 81
12 84 12 50 51 60 66 71 84
3 33 3 16 23 25 33
57 65 57 65
27 54 27 34 45 54
16 25 16 23 25
64 81 64 81
18 46 18 21 26 28 35 39 46
9 82 9 13 16 40 82
24 27 24 27
51 85 51 67 72 82 85
9 35 9 20 26 28 35
14 47 14 34 47
14 78 14 28 37 40 72 78
7 56 7 15 21 26 28 35 56
1 72 1 37 51 58 67 72
24 29 24 27 29
59 68 59 64 68
67 87 67 72 87
22 41 22 25 38 41
72 86 72 78 80 81 83 86
40 42 40 42
2 83 2 57 63 80 81 83
36 77 36 60 66 77
24 82 24 71 82
8 71 8 40 60 66 71
12 70 12 37 40 42 70
19 73 19 43 47 67 73
57 63 57 63
27 63 27 34 45 57 63
60 88 60 82 85 88
50 89 50 60 66 83 89
22 37 22 33 37
3 9 3 9
0 67 0 27 29 43 52 67
47 76 47 61 64 68 69 76
27 46 27 29 37 40 42 46
18 53 18 20 32 53
17 58 17 32 51 58
67 73 67 73
2 31 2 14 31
10 86 10 48 61 75 78 80 83 86
19 81 19 62 63 80 81
39 71 39 60 66 71
52 80 52 80
17 44 17 29 36 43 44
5 19 5 7 14 19
47 72 47 67 72
10 84 10 17 55 57 78 84
24 58 24 34 45 50 51 58
1 68 1 37 59 64 68
20 55 20 55
28 89 28 77 89
13 29 13 29
25 76 25 61 64 69 76
9 20 9 20
35 79 35 43 44 79
10 32 10 24 32
4 16 4 8 9 16
36 79 36 55 79
17 85 17 29 43 75 78 85
43 58 43 44 55 58
10 75 10 48 61 75
32 83 32 66 78 81 83
0 24 0 24
31 89 31 89
5 49 5 6 27 29 36 37 49
46 77 46 77
33 82 33 82
24 82 24 50 51 64 82
1 39 1 13 26 28 35 39
2 33 2 18 22 33
41 63 41 57 63
3 79 3 9 20 32 48 79
35 61 35 43 47 61
57 80 57 78 80
23 74 23 49 51 64 68 74
11 28 11 20 26 28
87 88 87 88
12 41 12 24 30 34 38 41
7 32 7 32
41 81 41 59 66 78 81
6 44 6 31 43 44
56 80 56 62 63 80
11 66 11 59 66
22 77 22 34 46 77
8 37 8 9 24 27 29 37
30 87 30 39 87
33 63 33 39 57 63
7 22 7 15 22
41 50 41 50
30 68 30 68
6 16 6 16
24 75 24 32 51 58 61 75
70 84 70 71 84
62 87 62 72 87
23 28 23 28
50 76 50 51 58 68 69 76
44 53 44 53
60 83 60 66 83
16 89 16 48 61 64 80 81 83 89
0 86 0 27 79 80 83 86
20 57 20 30 41 57
31 39 31 39
15 39 15 21 26 28 35 39
40 72 40 51 58 67 72
6 29 6 16 29
31 77 31 39 58 67 77
71 82 71 82
23 58 23 35 41 50 51 58
29 72 29 36 50 51 58 67 72
54 71 54 71
25 39 25 33 39
26 86 26 80 83 86
31 56 31 56
58 78 58 61 75 78
17 50 17 25 38 41 50
2 20 2 13 20
13 40 13 20 40
23 63 23 44 55 57 63
6 83 6 21 59 64 71 83
56 64 56 64
26 40 26 28 37 40
1 9 1 3 9
24 67 24 50 51 67
3 20 3 9 17 20
45 52 45 52
0 30 0 24 30
25 38 25 38
15 22 15 22
9 85 9 20 55 61 75 78 85
17 55 17 29 43 44 55
17 55 17 20 32 44 55
9 81 9 57 63 80 81
39 57 39 57
13 25 13 14 25
49 84 49 51 67 72 78 84
27 47 27 29 36 43 47
24 58 24 34 44 51 58
21 76 21 26 55 61 64 68 69 76
5 70 5 36 37 40 42 70
55 73 55 58 67 73
4 9 4 8 9
47 61 47 61
37 78 37 49 51 60 66 78
18 72 18 21 40 51 67 72
4 30 4 8 13 14 19 20 30
35 68 35 59 64 68
48 54 48 54
58 74 58 68 74
30 44 30 34 44
79 81 79 80 81
19 62 19 33 62
37 77 37 40 42 46 77
7 15 7 15
31 86 31 39 58 64 81 83 86
37 51 37 40 51
36 37 36 37
21 41 21 26 28 41
23 75 23 55 58 61 75
43 76 43 44 61 64 68 69 76
22 86 22 60 66 78 81 83 86
28 81 28 35 43 64 81
44 72 44 55 57 72
9 86 9 13 36 48 61 75 80 81 83 86
48 81 48 79 80 81
36 50 36 50
32 83 32 51 67 72 78 81 83
10 87 10 17 70 72 87
8 45 8 34 45
36 82 36 66 71 82
27 72 27 72
1 2 1 2
26 46 26 28 46
37 89 37 77 89
8 30 8 13 24 30
4 78 4 23 78
25 59 25 33 51 59
17 58 17 29 36 50 51 58
21 76 21 26 55 58 68 69 76
3 14 3 14
7 41 7 28 35 41
41 83 41 78 80 81 83
57 88 57 80 81 83 88
51 88 51 88
42 61 42 51 58 61
2 19 2 13 14 19
3 26 3 21 26
26 46 26 38 42 46
25 67 25 33 52 67
31 43 31 43
38 79 38 41 79
13 28 13 14 19 21 26 28
58 68 58 68
58 68 58 64 68
12 77 12 60 66 77
13 56 13 28 35 56
45 83 45 67 72 78 81 83
80 88 80 81 83 88
48 88 48 72 87 88
4 56 4 56
57 78 57 72 78
5 76 5 25 61 64 68 69 76
42 68 42 64 68
23 43 23 28 35 43
20 45 20 30 34 45
18 46 18 21 40 42 46
46 88 46 77 88
7 19 7 14 19
24 41 24 27 34 38 41
57 78 57 72 78
10 69 10 60 69
7 79 7 28 35 43 44 55 79
24 36 24 27 29 36
55 63 55 63
23 55 23 28 35 43 44 55
52 80 52 78 80
56 85 56 78 85
24 66 24 30 50 51 59 66
24 85 24 43 70 82 85
9 78 9 17 25 33 49 72 78
14 28 14 19 20 26 28
57 80 57 80
26 59 26 28 49 51 59
44 67 44 51 67
31 56 31 56
67 88 67 82 85 88
1 13 1 3 9 13
43 46 43 46
29 74 29 48 54 59 64 68 74
8 60 8 28 35 41 50 51 60
36 64 36 50 59 64
2 51 2 9 24 30 34 38 41 50 51
37 52 37 52
24 53 24 29 43 44 53
8 82 8 58 64 82
9 76 9 17 55 61 64 69 76
32 80 32 48 54 67 72 78 80
70 86 70 81 83 86
8 13 8 13
13 54 13 26 28 37 48 54
13 64 13 29 36 43 44 55 61 64
38 70 38 42 70
18 59 18 34 38 41 59
15 31 15 22 31
32 80 32 58 64 80
25 56 25 35 56
64 68 64 68
24 45 24 34 45
12 40 12 37 40
32 47 32 47
6 15 6 15
44 68 44 55 58 64 68
25 68 25 38 42 64 68
7 84 7 43 52 67 72 78 84
6 44 6 27 32 44
59 66 59 66
15 44 15 26 28 35 43 44
33 77 33 67 77
13 36 13 24 27 29 36
10 63 10 24 32 44 55 57 63
23 78 23 44 51 59 66 78
9 17 9 17
15 44 15 26 28 35 43 44
45 73 45 55 58 73
0 49 0 24 27 29 37 49
15 61 15 21 40 51 58 61
5 47 5 7 29 43 47
23 54 23 28 37 48 54
35 80 35 72 78 80
25 68 25 35 59 64 68
5 77 5 77
67 85 67 72 82 85
72 85 72 82 85
36 68 36 37 51 64 68
39 77 39 46 77
18 86 18 72 78 80 81 83 86
39 76 39 69 76
6 31 6 31
11 82 11 58 68 74 82
15 54 15 21 26 28 37 48 54
24 55 24 55
17 38 17 25 38
15 65 15 26 28 35 59 65
10 63 10 24 32 44 55 57 63
25 56 25 35 56
61 88 61 64 71 84 88
10 30 10 30
57 88 57 83 86 88
13 81 13 48 75 78 80 81
1 74 1 7 56 64 68 74
4 82 4 56 82
64 87 64 69 87
43 78 43 47 67 72 78
7 87 7 14 77 87
32 86 32 66 83 86
38 69 38 42 51 60 69
9 17 9 17
11 56 11 35 56
7 62 7 43 62
5 50 5 25 38 41 50
25 88 25 88
0 43 0 24 29 43
28 70 28 37 40 42 70
27 78 27 44 55 67 72 78
17 48 17 32 48
23 89 23 55 63 83 89
9 71 9 71
10 70 10 30 41 70
9 48 9 16 23 37 48
34 57 34 45 57
24 60 24 27 44 51 60
2 57 2 31 39 57
49 66 49 51 59 66
39 73 39 58 67 73
44 55 44 55
41 49 41 49
0 51 0 17 25 35 41 50 51
64 81 64 80 81
23 49 23 35 41 49
6 79 6 44 79
0 20 0 10 17 20
15 44 15 21 26 28 35 43 44
37 51 37 49 51
61 64 61 64
6 87 6 30 48 72 87
5 32 5 7 32
29 82 29 43 44 55 57 72 82
7 14 7 14
28 50 28 41 50
23 53 23 44 53
10 75 10 34 45 54 75
7 47 7 27 29 36 43 47
4 64 4 56 64
17 74 17 58 64 68 74
33 82 33 82
6 67 6 54 67
0 31 0 13 14 31
34 72 34 44 55 57 72
11 45 11 20 30 34 45
8 41 8 41
61 76 61 64 69 76
21 59 21 26 38 41 59
7 57 7 28 41 57
13 16 13 16
9 31 9 16 31
8 73 8 9 13 24 32 51 58 67 73
6 86 6 31 39 60 66 83 86
2 18 2 18
52 71 52 71
35 41 35 41
2 41 2 9 17 25 35 41
19 42 19 20 40 42
7 89 7 84 89
29 64 29 48 52 64
2 39 2 23 25 35 39
6 30 6 30
15 87 15 22 60 69 87
23 87 23 44 61 64 69 87
18 39 18 22 33 39
24 85 24 27 58 64 68 74 85
7 85 7 14 28 41 66 71 82 85
4 40 4 8 40
12 71 12 29 48 54 59 64 71
19 50 19 20 30 41 50
49 58 49 51 58
6 87 6 15 26 67 72 87
35 84 35 56 64 71 84
12 32 12 32
0 37 0 24 29 36 37
44 79 44 79
6 35 6 17 25 35
50 88 50 59 66 71 84 88
24 60 24 50 51 60
3 30 3 30
78 84 78 84
14 33 14 19 33
38 78 38 41 57 72 78
13 89 13 29 37 84 89
64 86 64 80 83 86
23 44 23 35 43 44
28 68 28 49 51 58 64 68
35 52 35 43 52
38 64 38 42 51 64
0 37 0 20 26 28 37
14 57 14 31 39 57
43 66 43 44 51 60 66
27 36 27 29 36
12 46 12 24 30 39 46
30 87 30 44 61 64 87
55 64 55 61 64
37 87 37 51 64 87
4 48 4 30 48
37 74 37 48 52 64 68 74
51 86 51 58 78 80 83 86
0 59 0 20 40 51 59
77 89 77 89
10 64 10 44 55 61 64
57 86 57 86
7 49 7 15 26 38 41 49
33 82 33 72 82
3 48 3 14 19 20 32 48
16 48 16 24 27 29 48
43 70 43 70
3 13 3 9 13
16 61 16 27 58 61
42 57 42 57
62 82 62 63 82
10 50 10 24 30 50
50 76 50 51 58 61 64 69 76
43 70 43 70
27 32 27 32
7 73 7 49 51 58 67 73
46 88 46 77 88
15 85 15 30 44 78 85
42 76 42 64 69 76
23 42 23 37 40 42
9 13 9 13
4 69 4 13 16 40 60 69
16 89 16 23 77 89
13 72 13 28 37 52 67 72
15 75 15 21 26 42 51 58 61 75
17 42 17 33 37 40 42
25 80 25 33 51 67 72 78 80
14 59 14 31 43 44 51 59
12 20 12 17 20
56 78 56 62 72 78
20 67 20 40 51 58 67
26 40 26 28 37 40
24 27 24 27
12 33 12 17 25 33
58 64 58 61 64
15 53 15 30 44 53
80 88 80 83 86 88
0 80 0 80
59 80 59 66 78 80
13 50 13 24 34 45 50
19 73 19 33 73
38 64 38 42 51 59 64
11 34 11 20 30 34
6 67 6 21 26 42 51 67
23 43 23 35 43
51 78 51 67 72 78
11 57 11 20 39 57
48 73 48 52 67 73
35 65 35 43 62 63 65
1 72 1 7 62 72
9 30 9 24 30
26 47 26 28 35 43 47
0 28 0 10 17 20 26 28
27 72 27 70 72
21 37 21 26 28 37
40 42 40 42
37 77 37 51 60 66 77
11 59 11 20 59
24 64 24 30 34 45 55 58 61 64
45 57 45 55 57
3 69 3 9 50 59 64 69
10 85 10 34 48 75 78 85
36 68 36 37 40 42 51 64 68
36 71 36 66 71
1 7 1 7
17 74 17 32 47 61 64 68 74
41 49 41 49
1 65 1 13 16 38 41 50 59 65
2 45 2 18 22 34 45
21 85 21 59 71 82 85
46 89 46 77 89
38 78 38 70 72 78
17 55 17 55
25 35 25 35
34 44 34 44
24 44 24 43 44
23 47 23 35 43 47
8 41 8 9 13 24 27 34 38 41
19 64 19 20 56 64
18 59 18 22 25 40 51 59
5 6 5 6
67 72 67 72
32 86 32 58 61 75 78 80 81 83 86
45 76 45 54 59 69 76
48 54 48 54
35 58 35 41 50 51 58
11 88 11 35 39 57 63 82 85 88
0 87 0 45 67 77 87
14 68 14 19 20 40 51 59 64 68
22 60 22 31 39 60
13 83 13 20 66 83
1 47 1 3 27 34 47
49 81 49 72 78 80 81
0 78 0 17 33 72 78
63 88 63 88
52 67 52 67
8 51 8 13 24 43 44 51
63 88 63 83 86 88
8 57 8 13 24 55 57
1 35 1 13 14 28 35
27 29 27 29
70 89 70 72 78 84 89
5 81 5 79 80 81
11 37 11 21 26 28 37
16 76 16 28 58 61 64 69 76
74 82 74 82
4 68 4 13 36 48 52 64 68
67 77 67 77
38 65 38 65
31 44 31 43 44
1 50 1 3 21 26 28 35 41 50
38 76 38 42 51 64 69 76
12 32 12 32
29 55 29 36 55
47 84 47 61 75 78 84
10 55 10 24 29 36 55
5 44 5 25 35 43 44
39 83 39 60 66 71 83
28 82 28 82
23 49 23 25 38 41 49
16 28 16 23 28
11 21 11 21
37 65 37 51 59 65
2 69 2 60 69
80 88 80 81 83 86 88
44 88 44 55 67 82 85 88
27 76 27 29 48 61 64 68 69 76
35 79 35 41 79
26 44 26 28 35 43 44
12 44 12 44
17 82 17 55 63 82
51 77 51 59 77
28 37 28 37
21 66 21 40 60 66
1 26 1 7 14 19 21 26
18 54 18 22 34 48 54
20 87 20 40 60 66 77 87
36 82 36 59 71 82
18 22 18 22
17 42 17 29 37 40 42
1 35 1 13 26 28 35
23 37 23 37
17 48 17 29 37 48
11 65 11 59 65
0 82 0 17 25 74 82
7 33 7 33
24 53 24 34 44 53
24 38 24 30 34 38
34 80 34 67 72 78 80
33 86 33 37 49 51 60 66 83 86
14 62 14 28 35 56 62
10 79 10 30 48 79
49 89 49 72 78 80 81 83 89
5 26 5 6 15 21 26
3 17 3 9 17
63 83 63 80 83
44 85 44 53 72 78 85
22 41 22 34 38 41
47 77 47 77
58 64 58 64
6 83 6 71 83
21 77 21 40 42 46 77
59 83 59 64 80 83
29 82 29 48 75 82
10 73 10 34 44 73
32 74 32 44 61 64 68 74
0 59 0 43 44 51 59
31 52 31 43 52
22 87 22 62 72 87
27 58 27 29 37 40 51 58
45 54 45 54
4 75 4 13 48 61 75
3 82 3 82
4 20 4 13 14 19 20
54 68 54 59 64 68
16 68 16 38 42 51 59 64 68
13 73 13 14 25 38 41 49 51 58 73
68 69 68 69
9 48 9 24 29 36 48
15 83 15 21 59 71 83
4 48 4 8 34 48
58 67 58 67
14 70 14 25 33 37 40 42 70
2 80 2 70 72 78 80
31 44 31 43 44
32 83 32 66 78 81 83
43 68 43 47 61 64 68
6 39 6 30 39
35 82 35 63 82
11 33 11 33
3 29 3 16 29
44 58 44 55 58
28 55 28 35 43 44 55
11 68 11 59 64 68
13 53 13 26 28 35 43 44 53
51 72 51 67 72
15 51 15 26 42 51
30 86 30 48 72 86
15 22 15 22
27 79 27 32 48 79
7 79 7 29 37 48 79
18 43 18 21 26 28 35 43
38 63 38 63
36 80 36 50 51 67 72 78 80
67 82 67 82
3 83 3 16 40 64 71 83
37 49 37 49
16 53 16 28 41 53
2 62 2 31 56 62
12 41 12 26 28 35 41
35 39 35 39
56 85 56 74 85
67 85 67 72 82 85
12 64 12 50 59 64
48 83 48 75 83
13 20 13 20
21 78 21 42 51 60 66 78
14 75 14 31 43 75
35 78 35 72 78
24 77 24 34 45 77
18 86 18 22 43 47 83 86
17 47 17 32 47
38 41 38 41
29 59 29 36 43 44 51 59
51 61 51 58 61
16 61 16 29 36 55 58 61
17 68 17 20 39 58 64 68
48 83 48 61 64 80 83
3 22 3 15 22
25 80 25 80
81 88 81 83 86 88
43 76 43 52 64 68 69 76
29 72 29 48 52 67 72
3 29 3 27 29
22 57 22 25 38 42 57
58 64 58 61 64
4 71 4 8 41 59 71
22 41 22 25 38 41
41 66 41 50 51 59 66
9 81 9 57 63 80 81
35 61 35 41 49 51 58 61
18 79 18 22 25 33 37 48 79
38 77 38 41 66 77
14 37 14 19 33 37
31 88 31 68 74 82 85 88
14 30 14 30
23 89 23 32 47 80 81 83 89
51 89 51 59 66 83 89
51 67 51 67
18 43 18 20 26 28 35 43
33 42 33 37 40 42
16 27 16 27
8 84 8 62 72 78 84
54 75 54 75
85 88 85 88
18 48 18 21 26 28 37 48
12 86 12 75 83 86
20 86 20 26 38 63 83 86
38 78 38 60 66 78
43 69 43 44 55 61 64 69
0 19 0 13 14 19
20 59 20 26 28 37 59
50 60 50 60
45 79 45 55 79
5 86 5 25 62 72 78 80 81 83 86
10 73 10 24 54 73
12 56 12 17 20 26 28 35 56
2 78 2 78
4 78 4 49 72 78
5 64 5 25 33 37 51 58 64
1 89 1 7 84 89
24 66 24 32 44 51 59 66
23 25 23 25
79 86 79 81 83 86
4 16 4 8 13 16
35 65 35 39 65
21 80 21 59 66 78 80
50 60 50 51 60
25 37 25 33 37
66 88 66 77 87 88
6 83 6 16 38 60 66 83
51 72 51 67 72
29 70 29 43 70
51 61 51 58 61
30 39 30 39
17 52 17 32 48 52
34 50 34 38 41 50
20 45 20 30 34 45
14 64 14 59 64
5 41 5 7 14 34 38 41
66 88 66 83 86 88
21 41 21 26 28 35 41
30 46 30 39 46
50 76 50 60 69 76
1 27 1 2 13 24 27
20 58 20 40 51 58
13 44 13 24 27 29 43 44
27 65 27 29 48 54 59 65
33 76 33 39 58 68 69 76
9 29 9 16 24 27 29
10 71 10 52 64 71
4 33 4 23 25 33
14 60 14 28 35 41 50 51 60
44 73 44 73
14 21 14 19 21
13 43 13 36 43
6 46 6 18 22 33 39 46
4 58 4 30 44 55 58
27 32 27 32
25 72 25 33 51 67 72
6 54 6 17 29 37 48 54
40 72 40 72
51 82 51 58 68 74 82
18 35 18 21 26 28 35
17 58 17 29 43 44 55 58
8 40 8 13 36 37 40
41 66 41 49 51 59 66
37 46 37 40 42 46
13 73 13 14 34 45 55 67 73
6 60 6 37 49 51 60
2 9 2 9
59 64 59 64
6 54 6 16 27 29 36 48 54
50 78 50 60 66 78
14 43 14 31 43
29 60 29 36 43 44 51 60
14 59 14 59
21 41 21 26 38 41
9 69 9 32 51 60 69
7 22 7 15 22
39 88 39 60 66 83 86 88
13 84 13 72 78 84
18 79 18 34 45 55 79
53 82 53 72 82
32 81 32 48 72 78 80 81
54 72 54 67 72
38 88 38 41 78 85 88
43 89 43 80 83 89
64 82 64 82
34 50 34 38 41 50
5 49 5 25 35 41 49
59 77 59 77
10 87 10 30 68 69 87
3 75 3 21 58 61 75
26 52 26 28 37 48 52
5 7 5 7
29 83 29 80 83
1 13 1 13
35 63 35 41 57 63
12 58 12 29 37 51 58
16 59 16 38 42 51 59
17 34 17 20 30 34
25 75 25 40 51 58 61 75
43 47 43 47
1 50 1 19 38 41 50
33 63 33 39 57 63
40 82 40 51 59 71 82
2 58 2 23 37 51 58
43 59 43 44 51 59
25 76 25 61 64 69 76
18 74 18 21 40 68 74
58 67 58 67
12 45 12 17 20 30 34 45
15 68 15 26 28 35 39 58 61 64 68
31 72 31 39 58 67 72
45 73 45 54 67 73
12 32 12 24 32
9 63 9 13 24 29 37 40 42 57 63
15 66 15 22 31 43 44 51 60 66
14 57 14 30 44 55 57
51 66 51 60 66
6 85 6 21 42 51 60 82 85
1 55 1 13 28 35 43 44 55
8 82 8 9 60 82
38 42 38 42
51 82 51 60 66 71 82
59 80 59 66 78 80
17 89 17 52 89
58 73 58 67 73
18 65 18 21 40 51 59 65
59 89 59 77 89
31 88 31 43 52 71 88
41 78 41 70 72 78
35 64 35 43 44 64
4 26 4 8 13 26
31 52 31 43 52
12 32 12 27 32
23 47 23 25 35 43 47
75 89 75 80 81 83 89
14 19 14 19
34 57 34 45 57
5 23 5 6 16 23
11 30 11 20 30
13 50 13 24 34 38 41 50
72 88 72 87 88
52 78 52 67 72 78
1 69 1 3 38 60 69
22 68 22 31 56 64 68
6 71 6 37 59 71
60 83 60 66 78 80 81 83
24 58 24 55 58
0 75 0 27 44 51 58 61 75
35 77 35 59 77
23 40 23 28 37 40
13 56 13 26 28 35 56
46 89 46 77 89
51 86 51 64 80 83 86
29 59 29 43 44 51 59
19 63 19 20 56 62 63
26 55 26 55
26 63 26 40 63
70 82 70 72 82
27 46 27 29 37 40 42 46
0 10 0 10
10 17 10 17
30 80 30 53 72 78 80
2 46 2 14 28 46
20 35 20 26 28 35
25 69 25 61 64 69
28 86 28 64 71 83 86
8 65 8 40 51 59 65
49 67 49 51 58 67
9 83 9 32 44 64 71 83
37 63 37 40 42 57 63
6 70 6 31 43 70
7 65 7 39 65
2 19 2 9 13 14 19
75 88 75 78 85 88
32 76 32 58 68 69 76
48 68 48 54 59 64 68
5 19 5 7 14 19
3 87 3 30 41 59 66 77 87
2 75 2 18 20 32 48 61 75
61 84 61 64 71 84
21 80 21 58 67 72 78 80
57 81 57 80 81
1 82 1 37 72 82
30 48 30 34 48
33 73 33 52 67 73
13 28 13 20 26 28
10 54 10 17 20 30 48 54
27 46 27 29 36 37 40 42 46
29 49 29 36 37 49
25 47 25 35 43 47
16 31 16 31
47 80 47 61 64 80
3 57 3 9 32 44 55 57
32 75 32 44 51 58 61 75
70 84 70 72 78 84
8 76 8 58 64 69 76
1 78 1 13 24 34 38 60 66 78
31 86 31 43 70 81 83 86
50 59 50 59
11 41 11 21 26 38 41
27 47 27 29 36 43 47
27 52 27 34 45 52
45 50 45 50
62 74 62 74
79 88 79 83 86 88
3 20 3 14 19 20
27 79 27 79
9 47 9 17 20 26 28 35 43 47
34 73 34 48 54 67 73
3 24 3 16 24
12 27 12 27
8 64 8 28 64
33 37 33 37
6 47 6 18 22 34 47
13 60 13 24 50 51 60
12 79 12 44 79
44 78 44 78
17 69 17 20 26 68 69
26 73 26 67 73
43 75 43 44 55 61 75
74 88 74 85 88
4 64 4 49 51 59 64
22 68 22 33 49 51 59 64 68
14 68 14 31 39 58 68
6 17 6 17
10 17 10 17
16 81 16 35 63 80 81
20 82 20 56 62 72 82
41 57 41 57
25 46 25 33 46
36 57 36 37 40 42 57
32 83 32 48 79 80 81 83
7 88 7 41 53 72 86 88
26 60 26 42 51 60
69 76 69 76
24 69 24 29 37 49 51 60 69
12 72 12 24 34 48 52 67 72
40 46 40 42 46
26 53 26 38 41 53
26 68 26 55 61 64 68
16 80 16 38 70 72 78 80
1 47 1 26 28 35 43 47
13 38 13 20 30 34 38
20 67 20 32 47 67
51 81 51 67 72 78 80 81
17 20 17 20
11 47 11 20 32 47
21 35 21 26 28 35
11 39 11 35 39
19 81 19 33 67 72 78 81
48 79 48 79
51 59 51 59
1 72 1 58 67 72
18 28 18 20 26 28
9 52 9 32 48 52
17 38 17 20 30 34 38
12 68 12 37 59 64 68
28 78 28 41 70 72 78
4 20 4 13 20
21 38 21 26 38
1 69 1 26 38 41 59 64 68 69
24 67 24 29 36 55 67
5 77 5 6 21 42 46 77
6 42 6 15 22 25 40 42
38 85 38 42 64 68 74 85
14 28 14 19 21 26 28
16 87 16 40 64 68 69 87
2 45 2 18 22 34 45
40 63 40 63
2 17 2 9 17
30 44 30 34 44
1 3 1 3
44 78 44 78
24 52 24 34 45 52
1 50 1 26 28 35 41 50
7 42 7 27 29 36 37 40 42
3 58 3 21 58
24 71 24 54 59 66 71
23 40 23 37 40
20 75 20 55 61 75
57 72 57 72
37 77 37 51 58 67 77
38 89 38 63 80 81 83 89
26 44 26 28 35 43 44
51 72 51 58 67 72
24 58 24 34 45 55 58
20 65 20 56 62 65
42 51 42 51
24 64 24 43 52 64
29 80 29 36 55 79 80
25 86 25 38 41 72 78 80 83 86
27 46 27 29 36 37 40 42 46
47 84 47 67 72 78 84
16 31 16 31
4 70 4 8 41 70
23 44 23 28 35 43 44
5 59 5 6 21 59
14 77 14 77
7 47 7 28 35 43 47
12 42 12 37 40 42
2 80 2 31 56 64 80
8 30 8 9 20 30
42 84 42 62 72 78 84
5 62 5 37 40 42 62
19 79 19 43 44 79
78 83 78 81 83
15 35 15 21 26 28 35
14 76 14 30 54 59 69 76
6 42 6 24 27 29 37 40 42
64 81 64 80 81
49 75 49 51 58 61 75
33 83 33 49 72 78 80 83
8 84 8 9 13 72 78 84
33 76 33 52 64 68 69 76
0 13 0 13
5 34 5 7 15 30 34
72 86 72 78 81 83 86
23 54 23 28 37 48 54
24 71 24 43 47 61 64 71
35 67 35 39 58 67
12 43 12 26 28 35 43
9 26 9 13 26
3 13 3 9 13
4 21 4 13 14 19 21
1 30 1 19 20 30
39 77 39 60 66 77
24 29 24 29
31 57 31 39 57
9 35 9 16 23 28 35
36 48 36 37 48
72 82 72 82
24 81 24 27 72 78 81
14 19 14 19
52 67 52 67
52 80 52 78 80
15 39 15 21 26 28 35 39
57 88 57 86 88
40 80 40 64 80
4 62 4 23 35 56 62
2 63 2 18 34 38 41 63
19 55 19 20 30 34 44 55
7 64 7 41 50 59 64
40 62 40 42 62
12 70 12 24 27 29 36 37 40 42 70
2 75 2 14 19 43 47 75
58 75 58 61 75
10 44 10 24 32 44
27 82 27 53 72 82
38 80 38 70 72 78 80
49 84 49 51 60 66 71 84
20 72 20 72
54 83 54 71 83
30 84 30 54 59 71 84
6 20 6 18 20
29 37 29 36 37
9 30 9 20 30
29 79 29 48 79
27 62 27 29 43 62
18 73 18 20 40 51 58 73
30 80 30 80
5 73 5 25 38 42 51 58 73
58 76 58 61 64 68 69 76
2 14 2 9 13 14
6 52 6 17 32 48 52
12 29 12 17 29
9 40 9 17 25 33 37 40
29 48 29 37 48
13 54 13 28 37 48 54
16 27 16 27
31 88 31 56 78 84 88
41 68 41 49 51 59 64 68
25 85 25 38 60 66 71 82 85
51 88 51 67 72 86 88
43 62 43 62
69 87 69 87
45 81 45 64 81
62 74 62 74
15 71 15 30 34 48 54 59 71
30 76 30 50 60 69 76
25 75 25 33 37 49 51 58 61 75
20 84 20 72 78 84
20 41 20 26 38 41
3 52 3 15 26 28 37 48 52
6 85 6 37 48 52 64 71 82 85
42 46 42 46
36 60 36 50 60
13 29 13 24 27 29
32 55 32 44 55
11 87 11 77 87
38 80 38 42 57 63 80
54 69 54 59 69
23 77 23 66 77
47 77 47 77
51 69 51 59 69
13 81 13 48 79 81
6 78 6 16 48 61 75 78
43 77 43 77
21 82 21 59 66 71 82
2 31 2 9 13 14 31
4 21 4 8 9 13 14 19 21
54 75 54 75
15 46 15 30 39 46
12 66 12 45 50 51 60 66
8 89 8 28 64 71 84 89
21 73 21 58 67 73
1 32 1 3 16 23 32
45 54 45 54
8 32 8 9 16 23 32
12 44 12 44
71 88 71 82 85 88
33 63 33 37 40 63
15 54 15 26 28 37 48 54
34 44 34 44
43 77 43 46 77
74 88 74 85 88
7 27 7 27
72 86 72 78 80 83 86
30 80 30 80
18 71 18 22 59 64 71
23 66 23 66
18 52 18 20 32 48 52
19 42 19 20 30 34 38 42
13 84 13 20 40 78 84
6 77 6 37 52 67 77
75 82 75 82
66 80 66 78 80
37 84 37 59 66 71 84
20 75 20 40 51 58 61 75
24 54 24 27 32 48 54
13 82 13 14 59 64 68 74 82
4 68 4 13 14 59 64 68
13 68 13 36 37 40 68
70 81 70 81
20 72 20 40 51 67 72
32 58 32 44 55 58
10 68 10 24 50 59 64 68
55 67 55 67
12 60 12 37 51 60
26 75 26 55 58 61 75
22 59 22 43 44 51 59
29 57 29 36 43 44 55 57
14 21 14 19 21
19 49 19 33 49
18 51 18 20 40 51
11 37 11 21 26 28 37
20 86 20 39 57 83 86
69 87 69 87
17 48 17 33 37 48
10 63 10 30 41 57 63
33 46 33 39 46
7 83 7 33 51 58 67 72 78 80 81 83
45 78 45 54 72 78
9 16 9 16
36 81 36 59 64 81
42 46 42 46
30 44 30 34 44
61 88 61 64 86 88
4 71 4 70 71
22 65 22 34 48 54 59 65
33 67 33 67
6 18 6 18
10 40 10 24 29 36 37 40
5 50 5 25 35 41 50
71 86 71 83 86
6 88 6 54 83 86 88
27 89 27 58 67 77 89
44 89 44 84 89
44 83 44 53 72 78 80 83
4 69 4 68 69
56 81 56 78 80 81
2 31 2 13 16 31
57 88 57 82 85 88
4 68 4 23 35 59 64 68
5 41 5 6 21 26 38 41
24 81 24 81
57 82 57 63 82
60 77 60 66 77
44 68 44 51 64 68
7 69 7 15 22 60 69
77 89 77 89
8 49 8 41 49
22 59 22 25 35 43 44 51 59
82 88 82 85 88
38 70 38 70
19 75 19 33 37 49 51 58 61 75
9 30 9 17 20 30
7 14 7 14
56 68 56 64 68
80 83 80 83
8 43 8 9 17 29 43
25 76 25 69 76
37 60 37 40 60
12 73 12 47 67 73
60 88 60 69 87 88
34 65 34 45 54 59 65
10 47 10 34 47
60 78 60 66 78
10 73 10 30 41 49 51 58 73
42 62 42 62
56 80 56 64 80
4 64 4 30 48 52 64
58 67 58 67
37 72 37 48 72
14 52 14 30 48 52
33 60 33 39 60
45 65 45 63 65
12 20 12 17 20
32 69 32 51 60 69
67 85 67 72 78 85
20 72 20 55 58 67 72
9 47 9 16 24 34 47
63 81 63 80 81
43 70 43 70
22 77 22 33 67 77
6 71 6 18 20 26 28 64 71
0 61 0 17 55 58 61
29 53 29 43 44 53
13 56 13 20 56
27 37 27 29 37
79 81 79 81
32 53 32 53
18 39 18 22 31 39
5 64 5 44 51 64
2 53 2 18 20 32 44 53
56 81 56 78 81
26 40 26 28 37 40
5 62 5 7 42 62
19 28 19 20 26 28
5 79 5 79
40 76 40 68 69 76
26 85 26 67 82 85
2 53 2 13 29 36 43 44 53
16 65 16 40 63 65
26 54 26 28 37 48 54
61 64 61 64
3 30 3 14 19 20 30
72 78 72 78
34 73 34 67 73
28 89 28 64 81 83 89
43 77 43 52 77
53 77 53 77
63 86 63 80 83 86
8 73 8 40 42 51 67 73
11 74 11 20 32 51 64 68 74
9 31 9 13 16 31
3 14 3 14
4 41 4 13 14 19 38 41
34 69 34 59 64 68 69
58 64 58 61 64
41 86 41 79 83 86
10 63 10 24 30 34 38 41 63
24 29 24 27 29
32 86 32 51 80 83 86
41 89 41 49 72 78 84 89
43 85 43 52 78 85
71 82 71 82
55 74 55 57 74
43 65 43 62 65
51 59 51 59
21 40 21 26 28 37 40
59 71 59 71
42 75 42 51 58 61 75
37 46 37 40 42 46
21 43 21 26 28 35 43
5 74 5 52 64 68 74
18 89 18 59 77 89
0 78 0 27 32 53 72 78
4 46 4 30 34 38 42 46
4 64 4 56 64
27 79 27 29 36 43 44 79
19 56 19 56
48 68 48 61 64 68
60 80 60 66 78 80
23 53 23 44 53
3 16 3 16
64 82 64 68 74 82
27 54 27 29 48 54
51 80 51 58 78 80
2 26 2 18 20 26
18 44 18 21 26 28 35 43 44
25 72 25 33 72
36 43 36 43
44 84 44 64 71 84
17 53 17 25 38 41 53
52 78 52 78
41 75 41 50 51 58 61 75
43 70 43 70
4 60 4 49 51 60
37 74 37 49 51 59 64 68 74
34 47 34 47
47 67 47 67
6 87 6 77 87
62 85 62 74 82 85
12 79 12 26 55 79
33 42 33 37 40 42
23 68 23 68
72 87 72 87
3 27 3 16 27
9 76 9 20 32 51 64 68 69 76
14 67 14 25 33 52 67
85 88 85 88
41 57 41 57
23 71 23 66 71
50 81 50 59 64 80 81
23 54 23 32 48 54
33 89 33 51 89
41 83 41 72 78 80 81 83
0 40 0 27 29 36 37 40
60 81 60 66 78 80 81
20 54 20 26 28 37 48 54
52 88 52 71 88
15 60 15 30 41 50 51 60
10 53 10 44 53
9 62 9 13 36 43 62
27 81 27 53 72 78 80 81
8 44 8 28 35 43 44
26 69 26 40 42 64 68 69
57 78 57 78
24 70 24 43 70
13 56 13 26 28 35 56
39 69 39 58 64 68 69
14 25 14 25
26 75 26 38 42 51 58 61 75
14 42 14 42
18 62 18 34 38 42 62
36 59 36 59
41 70 41 70
27 47 27 34 47
29 66 29 36 43 44 51 60 66
28 42 28 37 40 42
20 60 20 30 44 51 60
64 80 64 80
40 72 40 42 70 72
55 86 55 67 72 78 80 83 86
6 79 6 17 55 79
11 64 11 64
11 33 11 33
12 50 12 27 29 36 50
12 44 12 27 29 36 43 44
59 89 59 71 83 89
1 22 1 2 18 22
59 82 59 64 82
15 53 15 21 26 38 41 53
40 76 40 64 69 76
28 35 28 35
42 69 42 64 69
14 52 14 19 20 32 48 52
39 57 39 57
26 40 26 28 37 40
45 50 45 50
17 43 17 20 26 28 35 43
58 73 58 73
16 67 16 23 32 51 67
0 33 0 13 14 19 33
27 83 27 52 83
5 81 5 81
33 60 33 49 51 60
9 44 9 32 44
61 76 61 64 68 69 76
3 87 3 30 48 72 87
10 81 10 30 80 81
19 40 19 20 26 28 37 40
11 64 11 59 64
44 61 44 61
4 78 4 30 39 58 61 75 78
12 60 12 32 44 51 60
26 65 26 28 49 51 59 65
9 66 9 20 66
12 40 12 27 29 37 40
38 89 38 42 64 80 83 89
25 74 25 61 64 68 74
36 64 36 55 58 64
50 82 50 82
15 79 15 22 34 48 79
33 46 33 39 46
14 68 14 42 64 68
13 24 13 16 24
53 86 53 72 86
42 68 42 51 58 68
54 69 54 59 69
2 18 2 18
34 38 34 38
56 62 56 62
11 47 11 21 26 28 35 43 47
7 68 7 32 44 55 61 64 68
62 89 62 63 80 83 89
35 70 35 43 70
27 83 27 78 81 83
12 72 12 72
21 77 21 58 77
38 69 38 60 69
5 37 5 36 37
21 41 21 26 28 41
4 51 4 49 51
20 87 20 59 69 87
59 81 59 66 78 80 81
71 84 71 84
16 81 16 28 41 63 80 81
64 68 64 68
11 20 11 20
19 85 19 21 58 67 72 78 85
15 60 15 30 50 60
41 57 41 57
34 77 34 48 54 59 77
6 60 6 16 29 43 44 51 60
9 62 9 17 29 43 62
26 55 26 55
5 23 5 6 16 23
8 13 8 13
6 63 6 31 39 57 63
35 66 35 41 49 51 59 66
19 73 19 43 52 67 73
17 70 17 20 26 42 70
70 72 70 72
0 52 0 13 26 28 37 48 52
34 72 34 48 52 67 72
27 65 27 32 48 54 59 65
3 30 3 16 24 30
70 82 70 82
32 53 32 44 53
52 87 52 67 72 87
7 83 7 27 58 67 72 78 80 81 83
72 81 72 78 80 81
17 58 17 20 26 55 58
34 65 34 65
51 77 51 67 77
72 78 72 78
7 27 7 27
8 31 8 9 16 31
24 82 24 50 60 82
24 88 24 34 59 86 88
0 13 0 13
4 88 4 74 85 88
16 78 16 35 56 78
11 64 11 58 64
1 44 1 7 15 22 43 44
58 64 58 61 64
25 38 25 38
20 55 20 32 44 55
3 33 3 9 13 14 19 33
14 47 14 25 35 43 47
19 41 19 21 26 28 35 41
81 83 81 83
34 46 34 46
36 76 36 43 52 64 69 76
1 39 1 26 28 35 39
25 59 25 38 41 59
87 88 87 88
20 74 20 32 47 61 64 68 74
0 61 0 47 61
3 15 3 15
13 24 13 16 24
40 85 40 64 68 74 85
67 85 67 72 82 85
1 78 1 72 78
12 56 12 26 28 35 56
47 80 47 61 75 80
29 75 29 43 47 61 75
12 83 12 45 63 83
30 54 30 54
79 88 79 81 83 88
16 73 16 48 54 73
28 78 28 49 51 60 66 78
1 48 1 13 36 48
64 69 64 69
48 65 48 54 59 65
7 79 7 29 36 43 44 79
16 86 16 86
45 73 45 73
26 80 26 28 35 72 78 80
1 26 1 19 21 26
58 68 58 61 64 68
33 62 33 62
81 83 81 83
26 39 26 28 35 39
72 82 72 82
34 53 34 38 41 53
32 73 32 44 73
4 85 4 85
28 78 28 37 59 66 78
19 75 19 43 47 75
75 80 75 78 80
57 65 57 65
12 64 12 37 49 51 59 64
36 59 36 50 51 59
32 78 32 47 75 78
25 85 25 62 63 82 85
32 74 32 58 68 74
3 22 3 15 22
53 80 53 80
18 21 18 21
8 44 8 28 35 43 44
52 69 52 64 69
26 39 26 28 35 39
11 30 11 20 30
22 35 22 25 35
13 76 13 28 64 68 69 76
0 87 0 52 67 72 87
52 83 52 67 72 78 80 83
22 41 22 34 38 41
14 68 14 42 64 68
4 89 4 8 41 79 81 83 89
2 57 2 18 34 44 55 57
6 77 6 40 42 51 59 66 77
4 27 4 8 9 16 24 27
81 83 81 83
26 53 26 28 41 53
54 69 54 59 69
43 64 43 52 64
50 61 50 51 58 61
0 51 0 20 40 42 51
57 74 57 74
3 72 3 14 31 43 70 72
19 54 19 33 37 48 54
33 83 33 61 64 80 81 83
37 40 37 40
3 51 3 15 30 50 51
18 54 18 22 34 48 54
19 73 19 38 41 49 51 58 67 73
57 88 57 86 88
63 88 63 88
30 87 30 41 59 77 87
23 32 23 32
57 89 57 72 78 80 81 83 89
32 76 32 58 61 64 69 76
37 73 37 52 67 73
41 78 41 53 72 78
19 20 19 20
84 88 84 88
7 56 7 14 25 35 56
6 39 6 15 22 31 39
40 82 40 51 60 66 71 82
83 89 83 89
50 89 50 60 66 71 84 89
16 89 16 29 36 60 66 71 83 89
33 83 33 62 72 78 81 83
26 39 26 28 35 39
38 57 38 42 57
26 43 26 28 35 43
28 46 28 46
17 39 17 25 33 39
34 60 34 45 50 51 60
32 47 32 47
20 42 20 30 34 38 42
82 85 82 85
69 87 69 87
41 74 41 50 51 64 68 74
46 77 46 77
25 59 25 33 51 59
60 81 60 66 78 80 81
34 59 34 38 42 51 59
60 82 60 66 71 82
51 59 51 59
26 28 26 28
17 59 17 33 49 51 59
10 70 10 30 41 70
44 55 44 55
13 36 13 29 36
26 77 26 42 51 67 77
28 75 28 41 49 51 58 61 75
50 78 50 59 66 78
43 85 43 62 72 78 85
2 72 2 70 72
19 69 19 69
22 84 22 31 39 58 67 72 78 84
86 88 86 88
82 85 82 85
1 70 1 3 30 41 70
67 82 67 82
16 83 16 40 78 81 83
60 66 60 66
34 89 34 59 66 77 89
30 79 30 41 79
23 65 23 49 51 59 65
50 84 50 59 71 84
10 64 10 44 51 58 61 64
19 52 19 33 52
10 75 10 48 61 75
11 48 11 33 37 48
0 78 0 45 57 72 78
19 62 19 56 62
9 24 9 24
12 73 12 73
25 38 25 38
23 32 23 32
0 30 0 20 30
23 40 23 28 37 40
25 74 25 38 42 64 68 74
54 88 54 86 88
20 70 20 30 41 70
27 72 27 29 70 72
0 79 0 13 26 38 41 79
8 47 8 9 32 47
7 28 7 28
14 47 14 19 20 30 34 47
18 46 18 20 30 39 46
16 48 16 24 27 34 48
4 85 4 41 50 59 64 71 82 85
75 80 75 80
21 46 21 26 40 42 46
23 66 23 25 35 39 60 66
26 55 26 55
6 55 6 16 23 25 35 43 44 55
30 80 30 44 53 72 78 80
24 42 24 29 37 40 42
19 40 19 33 37 40
59 71 59 66 71
18 31 18 22 31
17 44 17 32 44
51 66 51 60 66
0 72 0 43 52 67 72
1 30 1 19 20 30
12 73 12 24 29 48 52 67 73
14 31 14 31
35 52 35 43 52
9 47 9 20 30 34 47
48 88 48 52 83 88
0 49 0 27 34 38 41 49
13 46 13 26 40 42 46
40 65 40 63 65
28 77 28 37 48 54 67 77
40 78 40 60 66 78
37 78 37 52 78
9 86 9 62 63 83 86
75 89 75 80 81 83 89
51 88 51 67 77 87 88
57 65 57 63 65
0 70 0 10 34 38 42 70
44 53 44 53
54 88 54 78 85 88
50 51 50 51
25 47 25 35 43 47
8 52 8 34 45 52
61 75 61 75
16 38 16 24 34 38
41 49 41 49
40 82 40 64 82
22 64 22 25 40 51 58 61 64
54 59 54 59
26 40 26 40
41 76 41 50 59 69 76
10 54 10 24 27 29 36 37 48 54
47 61 47 61
27 60 27 34 38 41 50 60
26 63 26 55 63
37 49 37 49
26 54 26 28 37 48 54
11 89 11 58 61 64 71 83 89
38 73 38 41 67 73
4 34 4 8 34
15 21 15 21
84 88 84 88
9 44 9 17 32 44
18 71 18 22 34 38 41 59 66 71
53 86 53 80 83 86
35 70 35 43 70
7 78 7 40 51 60 66 78
61 88 61 64 68 74 85 88
4 51 4 41 49 51
70 72 70 72
18 52 18 22 25 35 43 52
7 45 7 15 30 34 45
22 41 22 34 38 41
20 50 20 26 38 41 50
1 47 1 7 14 25 35 43 47
8 46 8 9 17 33 39 46
2 88 2 63 83 88
33 52 33 52
28 78 28 49 72 78
27 36 27 29 36
55 63 55 63
57 81 57 80 81
30 82 30 53 72 82
15 87 15 46 77 87
64 71 64 71
8 30 8 9 20 30
12 43 12 26 28 35 43
4 41 4 13 16 23 35 41
45 81 45 55 58 64 81
29 37 29 37
19 69 19 21 40 64 69
87 88 87 88
13 81 13 49 51 80 81
39 60 39 60
0 28 0 10 17 20 26 28
52 88 52 78 81 83 88
39 58 39 58
18 89 18 34 79 81 83 89
20 70 20 26 40 42 70
77 88 77 88
14 35 14 28 35
45 55 45 55
33 76 33 61 64 68 69 76
10 75 10 44 55 58 61 75
59 89 59 64 80 83 89
3 50 3 15 22 34 45 50
8 46 8 9 16 27 29 43 46
32 55 32 44 55
18 20 18 20
1 54 1 2 33 37 48 54
1 53 1 3 27 29 43 44 53
38 82 38 60 82
36 49 36 37 49
9 37 9 16 23 28 37
64 87 64 87
27 34 27 34
2 14 2 9 13 14
8 57 8 13 20 55 57
56 87 56 64 87
4 13 4 13
38 77 38 42 46 77
19 63 19 33 62 63
6 78 6 15 26 55 58 67 72 78
64 71 64 71
27 37 27 29 36 37
43 79 43 44 79
40 80 40 78 80
24 44 24 43 44
43 78 43 75 78
11 41 11 20 26 38 41
20 57 20 55 57
12 17 12 17
46 77 46 77
34 53 34 38 41 53
6 42 6 37 40 42
56 74 56 62 74
51 82 51 67 82
33 46 33 39 46
1 14 1 7 14
4 64 4 8 58 64
6 76 6 21 59 69 76
62 78 62 72 78
10 53 10 34 44 53
6 46 6 31 43 46
23 33 23 25 33
1 23 1 2 13 16 23
8 54 8 28 37 48 54
30 79 30 41 79
4 85 4 13 60 82 85
19 43 19 21 26 28 35 43
30 47 30 34 47
0 10 0 10
16 45 16 27 34 45
1 36 1 13 36
8 84 8 13 28 58 61 75 78 84
10 42 10 17 29 36 37 40 42
45 65 45 54 59 65
10 86 10 30 41 79 83 86
24 45 24 34 45
32 83 32 66 78 81 83
35 88 35 43 52 83 86 88
6 54 6 17 29 36 37 48 54
12 50 12 24 29 36 50
12 61 12 32 44 55 61
8 63 8 13 24 55 63
2 57 2 14 30 34 38 41 57
6 35 6 15 22 25 35
10 89 10 60 66 77 89
43 59 43 44 51 59
5 53 5 6 30 34 38 41 53
8 31 8 13 14 31
11 58 11 21 58
16 23 16 23
55 72 55 58 67 72
27 29 27 29
16 43 16 24 43
16 53 16 27 44 53
13 28 13 16 28
1 26 1 13 20 26
33 58 33 39 58
7 47 7 15 30 34 47
15 58 15 22 33 49 51 58
26 42 26 40 42
35 43 35 43
59 66 59 66
43 78 43 44 61 75 78
54 68 54 59 64 68
59 66 59 66
14 52 14 19 21 26 28 37 52
49 84 49 51 64 71 84
30 51 30 50 51
23 35 23 28 35
39 74 39 57 74
17 69 17 32 48 61 64 69
29 48 29 37 48
32 47 32 47
29 64 29 37 51 58 61 64
18 71 18 59 64 71
29 37 29 36 37
59 77 59 77
30 34 30 34
29 68 29 37 48 52 64 68
17 52 17 32 48 52
31 72 31 43 44 55 67 72
15 75 15 22 34 44 51 58 61 75
6 37 6 37
38 64 38 41 49 51 59 64
52 83 52 78 81 83
28 87 28 35 43 62 72 87
7 45 7 15 30 34 45
5 54 5 37 48 54
19 47 19 20 26 28 35 43 47
8 68 8 40 51 58 64 68
44 55 44 55
45 75 45 55 58 61 75
80 89 80 81 83 89
6 39 6 31 39
33 42 33 37 40 42
75 89 75 80 83 89
10 56 10 17 25 35 56
39 65 39 65
20 55 20 26 55
46 88 46 77 87 88
57 74 57 74
26 85 26 55 61 75 82 85
24 75 24 55 61 75
28 63 28 41 57 63
5 36 5 36
10 79 10 24 34 48 79
16 49 16 27 34 38 41 49
11 58 11 21 40 42 51 58
8 82 8 28 82
16 43 16 28 35 43
63 81 63 80 81
11 63 11 21 42 62 63
19 43 19 20 26 28 35 43
10 86 10 63 83 86
5 37 5 6 18 21 26 28 37
6 61 6 24 30 44 61
60 88 60 82 85 88
36 83 36 59 66 71 83
15 39 15 22 25 35 39
42 87 42 57 72 87
29 62 29 36 43 62
10 68 10 34 47 61 64 68
52 80 52 80
28 85 28 64 82 85
41 79 41 79
24 29 24 29
0 82 0 13 26 40 60 82
3 83 3 21 58 61 64 71 83
19 50 19 38 41 50
31 56 31 56
10 17 10 17
30 46 30 34 38 42 46
54 72 54 72
48 79 48 79
6 35 6 15 22 25 35
51 61 51 58 61
12 47 12 26 28 35 43 47
9 55 9 16 24 32 44 55
1 61 1 7 39 58 61
41 76 41 59 69 76
5 18 5 6 18
55 73 55 67 73
1 68 1 19 38 41 50 51 58 68
11 74 11 33 51 59 64 68 74
12 45 12 17 20 30 34 45
6 55 6 27 34 45 55
4 13 4 8 9 13
0 31 0 13 14 31
32 80 32 53 80
17 64 17 33 39 58 64
41 79 41 79
53 72 53 72
1 43 1 7 43
62 82 62 63 82
18 54 18 21 26 28 37 48 54
16 28 16 28
49 68 49 51 64 68
38 73 38 42 51 67 73
20 58 20 55 58
52 86 52 67 72 86
41 80 41 79 80
0 71 0 10 17 58 61 64 71
45 54 45 54
2 45 2 9 16 27 34 45
14 88 14 77 87 88
13 49 13 26 38 41 49
70 86 70 86
66 78 66 78
55 89 55 57 72 78 84 89
54 77 54 67 77
23 74 23 37 48 52 64 68 74
66 83 66 78 80 83
54 69 54 59 69
22 47 22 25 35 43 47
8 52 8 28 37 48 52
47 72 47 67 72
9 16 9 13 16
7 41 7 28 35 41
32 65 32 48 54 59 65
4 69 4 30 50 60 69
38 49 38 41 49
13 27 13 24 27
79 80 79 80
35 61 35 43 44 55 58 61
17 38 17 20 26 38
80 86 80 81 83 86
2 69 2 14 34 47 61 64 69
27 44 27 29 36 43 44
24 89 24 27 52 80 83 89
39 74 39 58 61 64 68 74
25 33 25 33
26 63 26 40 63
47 76 47 61 64 69 76
16 81 16 23 55 79 81
36 69 36 48 61 64 69
9 48 9 13 29 48
29 81 29 81
4 43 4 23 25 35 43
28 50 28 35 41 50
20 58 20 30 44 51 58
5 25 5 6 15 22 25
52 74 52 64 68 74
1 26 1 7 14 19 20 26
50 51 50 51
84 88 84 88
47 75 47 75
30 53 30 44 53
13 83 13 14 34 79 80 81 83
47 64 47 61 64
47 61 47 61
41 81 41 66 78 80 81
21 42 21 42
27 88 27 72 87 88
19 64 19 21 59 64
24 47 24 43 47
58 83 58 64 81 83
29 60 29 37 51 60
37 81 37 51 64 81
3 65 3 14 25 33 37 65
85 88 85 88
48 86 48 61 64 81 83 86
34 88 34 79 84 88
44 73 44 73
0 81 0 45 54 78 80 81
18 76 18 22 43 44 64 69 76
54 68 54 59 64 68
20 73 20 30 41 49 51 67 73
26 67 26 67
26 55 26 55
8 58 8 34 38 42 51 58
13 43 13 24 43
52 67 52 67
5 72 5 70 72
7 26 7 14 19 20 26
45 84 45 57 72 78 84
47 88 47 61 88
6 20 6 18 20
16 35 16 35
77 87 77 87
25 75 25 38 42 51 58 61 75
57 72 57 72
16 86 16 83 86
43 87 43 52 77 87
42 89 42 70 81 83 89
19 77 19 38 42 46 77
44 73 44 55 58 73
61 83 61 64 81 83
25 89 25 81 83 89
40 86 40 63 83 86
16 67 16 35 41 67
12 30 12 17 20 30
5 69 5 36 55 61 64 68 69
67 85 67 72 78 85
4 28 4 13 26 28
37 48 37 48
1 88 1 58 61 64 81 83 86 88
11 33 11 33
42 87 42 46 77 87
9 57 9 17 25 40 42 57
13 24 13 16 24
22 66 22 59 66
0 79 0 45 55 79
24 88 24 80 81 83 86 88
68 69 68 69
16 50 16 29 36 50
3 9 3 9
5 6 5 6
3 25 3 9 16 23 25
3 52 3 21 26 28 37 52
3 59 3 21 59
21 63 21 40 63
0 78 0 43 62 72 78
26 77 26 67 77
33 40 33 37 40
7 34 7 15 30 34
6 18 6 18
23 67 23 49 51 58 67
29 37 29 36 37
12 71 12 47 61 64 71
48 72 48 52 67 72
32 76 32 48 52 64 68 69 76
51 60 51 60
27 70 27 29 43 70
67 77 67 77
54 83 54 75 80 81 83
37 65 37 59 65
43 59 43 44 51 59
49 67 49 51 58 67
20 80 20 59 64 80
18 86 18 22 34 79 83 86
6 35 6 16 28 35
29 72 29 36 37 52 67 72
31 89 31 56 64 81 83 89
5 41 5 6 21 26 38 41
1 49 1 3 38 41 49
38 60 38 41 49 51 60
21 54 21 26 28 37 48 54
17 34 17 20 30 34
56 72 56 62 72
23 77 23 55 67 77
51 60 51 60
4 34 4 30 34
17 33 17 33
3 25 3 16 23 25
59 76 59 64 69 76
11 28 11 20 26 28
4 63 4 8 62 63
4 70 4 8 34 38 42 70
37 60 37 49 51 60
19 52 19 43 52
6 15 6 15
8 16 8 9 13 16
38 73 38 42 51 67 73
54 72 54 67 72
2 79 2 31 43 44 55 79
17 70 17 29 36 37 40 42 70
20 60 20 32 44 51 60
13 74 13 29 48 52 64 68 74
9 44 9 13 28 35 43 44
48 52 48 52
15 40 15 22 33 37 40
21 55 21 26 28 35 43 44 55
25 88 25 33 82 85 88
20 82 20 40 72 82
35 72 35 43 70 72
18 76 18 76
44 73 44 51 67 73
57 81 57 63 80 81
39 87 39 57 72 87
32 58 32 58
58 73 58 67 73
22 41 22 34 38 41
0 49 0 10 30 41 49
0 89 0 27 72 78 81 83 89
55 74 55 58 61 64 68 74
4 60 4 30 50 60
25 79 25 35 43 44 55 79
58 61 58 61
0 13 0 13
42 61 42 51 58 61
3 38 3 14 25 38
29 68 29 36 43 44 61 64 68
25 33 25 33
5 47 5 36 43 47
10 50 10 24 34 38 41 50
2 33 2 13 16 23 25 33
58 61 58 61
44 84 44 53 84
20 41 20 30 34 38 41
6 45 6 18 34 45
52 83 52 83
9 60 9 60
52 80 52 80
58 73 58 67 73
3 65 3 27 34 48 54 59 65
2 84 2 33 37 84
18 34 18 22 34
12 79 12 45 55 79
63 81 63 80 81
9 49 9 20 30 41 49
59 71 59 66 71
13 29 13 16 24 29
52 69 52 64 69
14 52 14 28 37 52
21 63 21 42 62 63
17 38 17 20 26 38
2 18 2 18
40 65 40 63 65
36 80 36 59 64 80
28 85 28 64 82 85
64 68 64 68
17 70 17 33 37 40 42 70
33 67 33 52 67
18 65 18 34 65
11 77 11 59 66 77
1 14 1 2 13 14
44 79 44 79
25 69 25 61 64 68 69
52 71 52 64 71
70 82 70 82
29 69 29 48 61 64 68 69
7 70 7 14 25 40 42 70
25 80 25 62 63 80
36 63 36 55 63
25 37 25 33 37
50 51 50 51
2 59 2 14 25 35 41 50 59
36 49 36 37 49
7 76 7 49 51 60 69 76
51 82 51 67 72 82
16 24 16 24
3 83 3 30 54 59 71 83
16 89 16 89
3 22 3 15 22
32 67 32 51 58 67
10 79 10 24 34 44 79
46 89 46 77 89
4 9 4 8 9
16 29 16 24 29
10 64 10 30 39 58 64
0 30 0 13 24 30
2 41 2 9 16 27 34 38 41
34 42 34 38 42
0 86 0 80 81 83 86
41 63 41 63
21 28 21 26 28
9 79 9 16 29 48 79
0 81 0 13 20 40 78 80 81
10 25 10 17 25
36 64 36 37 59 64
4 89 4 23 79 84 89
30 55 30 34 45 55
2 26 2 9 13 14 19 21 26
35 56 35 56
48 71 48 61 64 71
17 50 17 25 35 41 50
30 46 30 39 46
23 57 23 57
12 75 12 47 61 75
33 51 33 37 40 42 51
10 79 10 17 25 38 41 79
49 88 49 51 80 83 88
17 46 17 20 26 40 42 46
0 34 0 13 14 19 20 30 34
54 68 54 59 64 68
22 60 22 60
27 79 27 79
25 89 25 62 63 83 89
18 69 18 22 31 43 64 69
20 76 20 55 61 64 69 76
62 87 62 72 87
7 27 7 27
43 44 43 44
18 46 18 34 46
28 54 28 37 48 54
32 75 32 48 54 75
5 47 5 36 43 47
49 64 49 51 64
28 55 28 35 43 44 55
14 65 14 19 43 65
22 44 22 25 35 43 44
8 17 8 9 17
33 59 33 51 59
60 77 60 66 77
15 66 15 21 59 66
34 73 34 44 55 58 73
7 76 7 42 64 69 76
55 79 55 79
24 53 24 32 44 53
0 71 0 24 54 59 64 71
0 69 0 52 64 69
1 40 1 3 9 20 40
43 52 43 52
12 39 12 26 28 35 39
43 67 43 52 67
9 37 9 24 29 37
26 63 26 28 37 40 63
30 79 30 44 55 79
5 72 5 52 67 72
56 78 56 62 72 78
13 54 13 26 28 37 48 54
24 50 24 27 29 36 50
5 50 5 36 50
22 43 22 43
17 82 17 52 64 82
9 44 9 16 28 35 43 44
8 64 8 13 36 37 40 51 58 64
12 20 12 17 20
28 60 28 37 51 60
33 46 33 37 40 42 46
2 81 2 72 78 80 81
66 78 66 78
13 83 13 24 71 83
14 28 14 28
16 86 16 83 86
4 23 4 23
41 53 41 53
8 55 8 9 20 26 55
18 73 18 22 33 49 51 58 67 73
44 83 44 53 72 78 80 81 83
1 55 1 2 18 21 26 28 35 43 44 55
7 88 7 62 74 82 85 88
9 55 9 20 55
2 75 2 18 21 58 61 75
9 44 9 16 31 43 44
39 76 39 69 76
22 64 22 43 52 64
19 43 19 20 26 28 35 43
33 62 33 37 40 42 62
29 60 29 37 49 51 60
83 88 83 86 88
38 57 38 41 57
27 63 27 32 44 55 63
56 85 56 74 85
6 82 6 27 53 72 82
10 17 10 17
13 60 13 28 37 49 51 60
9 70 9 20 26 38 42 70
75 80 75 80
56 62 56 62
51 87 51 64 87
25 79 25 35 41 79
11 69 11 64 69
24 75 24 27 58 61 75
3 44 3 27 34 44
17 46 17 20 39 46
19 20 19 20
24 69 24 54 59 69
24 59 24 29 48 54 59
55 86 55 67 72 86
4 47 4 8 28 35 43 47
15 51 15 21 42 51
10 42 10 30 34 38 42
20 44 20 26 28 35 43 44
8 9 8 9
33 78 33 72 78
0 75 0 17 29 48 75
66 77 66 77
28 46 28 35 43 46
27 34 27 34
83 86 83 86
20 54 20 30 48 54
11 74 11 21 42 64 68 74
17 60 17 20 39 60
42 62 42 62
81 83 81 83
12 86 12 50 51 67 72 86
29 59 29 43 44 51 59
36 50 36 50
64 82 64 71 82
8 17 8 9 17
24 71 24 64 71
79 81 79 80 81
39 57 39 57
23 37 23 28 37
0 27 0 24 27
3 14 3 14
2 62 2 13 20 30 34 38 42 62
13 46 13 24 30 34 38 42 46
47 84 47 67 72 78 84
18 65 18 21 59 65
19 75 19 43 47 75
13 20 13 14 19 20
31 72 31 56 62 72
54 68 54 59 64 68
6 17 6 17
58 77 58 67 77
43 58 43 44 55 58
38 76 38 41 59 69 76
19 85 19 82 85
8 71 8 41 50 59 64 71
23 68 23 28 49 51 64 68
41 61 41 49 51 58 61
22 64 22 31 43 52 64
60 80 60 66 78 80
19 42 19 38 42
37 87 37 49 72 87
24 30 24 30
6 34 6 17 20 30 34
59 84 59 64 71 84
7 19 7 14 19
13 89 13 26 42 70 72 78 80 83 89
3 75 3 58 61 75
7 82 7 27 52 64 71 82
3 83 3 38 70 71 83
41 78 41 78
11 33 11 33
7 79 7 15 22 43 44 79
17 78 17 70 72 78
55 67 55 67
22 61 22 43 44 55 58 61
36 48 36 37 48
42 46 42 46
32 59 32 44 51 59
17 64 17 33 49 51 58 64
24 71 24 32 47 61 64 71
32 88 32 86 88
24 55 24 30 34 45 55
10 26 10 17 20 26
49 89 49 72 78 80 83 89
9 57 9 32 44 55 57
20 49 20 30 41 49
7 67 7 49 51 67
44 68 44 64 68
0 73 0 24 73
6 62 6 27 29 43 62
1 22 1 3 15 22
60 84 60 66 71 84
27 82 27 44 55 63 82
17 82 17 29 37 59 64 71 82
29 81 29 70 81
15 87 15 58 64 87
17 52 17 29 36 48 52
41 88 41 78 84 88
78 85 78 85
24 77 24 54 67 77
44 80 44 78 80
54 73 54 67 73
57 81 57 63 80 81
63 83 63 83
22 61 22 31 39 58 61
27 44 27 44
21 80 21 42 62 72 78 80
58 85 58 67 72 78 85
30 74 30 34 38 41 49 51 58 68 74
15 35 15 26 28 35
7 22 7 15 22
1 9 1 2 9
53 77 53 77
42 69 42 51 64 69
5 88 5 7 33 37 84 88
25 86 25 62 63 83 86
64 87 64 87
4 86 4 56 62 72 86
18 31 18 22 31
38 41 38 41
55 86 55 67 72 86
15 85 15 26 38 60 82 85
82 85 82 85
37 77 37 40 51 60 66 77
44 61 44 61
39 85 39 85
28 64 28 58 64
17 71 17 60 66 71
42 58 42 51 58
57 63 57 63
14 35 14 19 20 26 28 35
58 85 58 61 64 71 82 85
43 69 43 47 61 64 69
16 67 16 31 43 44 55 58 67
33 59 33 51 59
44 85 44 61 75 78 85
6 73 6 37 51 67 73
12 56 12 26 28 35 56
59 76 59 69 76
43 70 43 70
16 48 16 29 48
11 34 11 20 30 34
24 43 24 43
42 69 42 51 60 69
44 84 44 55 79 84
6 42 6 17 29 37 40 42
62 89 62 63 80 83 89
8 72 8 9 57 72
62 72 62 72
32 59 32 44 51 59
0 27 0 24 27
59 82 59 64 71 82
60 89 60 66 83 89
7 15 7 15
11 58 11 33 37 40 51 58
22 65 22 59 65
10 79 10 44 55 79
14 34 14 30 34
45 51 45 50 51
15 46 15 30 39 46
79 84 79 84
43 62 43 62
11 66 11 35 59 66
30 41 30 41
6 40 6 17 25 33 37 40
54 86 54 86
61 64 61 64
20 35 20 26 28 35
16 31 16 31
1 54 1 26 28 37 48 54
28 55 28 35 43 44 55
1 39 1 39
55 58 55 58
20 39 20 30 39
26 68 26 28 41 49 51 64 68
27 36 27 29 36
44 83 44 51 59 66 83
20 59 20 40 42 51 59
2 80 2 18 21 40 64 80
18 89 18 22 33 67 72 78 81 83 89
12 73 12 73
2 58 2 33 39 58
0 81 0 20 26 38 41 67 72 78 81
59 68 59 64 68
12 84 12 29 37 51 58 67 72 78 84
30 54 30 48 54
17 43 17 25 35 43
13 53 13 14 31 43 44 53
66 80 66 78 80
26 40 26 28 37 40
27 65 27 32 48 54 59 65
0 20 0 17 20
9 49 9 24 30 34 38 41 49
9 48 9 17 29 37 48
23 48 23 28 37 48
21 47 21 26 28 35 43 47
13 81 13 48 72 78 80 81
28 73 28 58 67 73
37 59 37 48 54 59
13 30 13 14 30
32 88 32 58 64 86 88
13 27 13 16 24 27
15 70 15 21 26 38 70
7 28 7 28
72 87 72 87
23 57 23 32 44 55 57
0 33 0 17 25 33
10 69 10 24 50 60 69
31 57 31 39 57
0 67 0 27 32 58 67
18 80 18 22 43 44 79 80
31 87 31 39 87
1 74 1 68 74
40 85 40 64 68 74 82 85
6 44 6 18 34 44
6 17 6 17
2 88 2 31 39 87 88
42 62 42 62
2 75 2 23 35 39 58 61 75
28 66 28 37 48 54 59 66
2 18 2 18
6 35 6 17 20 26 28 35
10 42 10 30 34 38 42
34 79 34 48 79
13 46 13 20 40 42 46
24 67 24 30 50 51 58 67
2 36 2 13 29 36
2 69 2 31 56 64 68 69
28 35 28 35
28 87 28 35 56 64 68 69 87
58 74 58 61 64 68 74
24 78 24 54 59 66 78
52 74 52 64 68 74
26 66 26 38 60 66
22 73 22 31 43 47 67 73
27 46 27 29 43 46
1 7 1 7
13 73 13 16 24 30 54 73
69 88 69 88
7 35 7 14 25 35
40 65 40 42 51 59 65
8 13 8 13
34 62 34 38 42 62
8 57 8 28 41 57
37 77 37 51 59 77
41 59 41 50 59
62 72 62 72
80 88 80 83 88
26 38 26 38
27 50 27 29 36 50
15 68 15 22 59 64 68
38 41 38 41
37 78 37 48 61 75 78
3 26 3 9 17 20 26
30 74 30 54 59 64 68 74
3 44 3 14 31 43 44
6 16 6 16
44 79 44 79
13 63 13 28 35 41 63
83 89 83 89
63 86 63 80 81 83 86
9 60 9 20 30 44 51 60
7 22 7 15 22
29 64 29 36 37 51 58 61 64
4 13 4 8 9 13
21 76 21 58 68 69 76
1 76 1 68 69 76
51 61 51 58 61
37 76 37 51 58 68 69 76
58 74 58 68 74
30 79 30 34 38 41 79
52 64 52 64
35 63 35 39 57 63
80 88 80 83 86 88
13 20 13 20
18 49 18 34 38 41 49
10 53 10 30 41 53
31 87 31 56 62 72 87
10 52 10 24 30 48 52
25 81 25 63 80 81
33 60 33 51 60
13 27 13 24 27
23 79 23 35 43 44 55 79
44 80 44 53 80
52 77 52 77
17 74 17 51 59 64 68 74
49 68 49 51 58 64 68
5 55 5 44 55
10 48 10 30 34 48
4 71 4 23 28 41 70 71
52 87 52 77 87
15 45 15 30 34 45
15 58 15 30 50 51 58
49 58 49 51 58
9 69 9 20 32 47 61 64 68 69
1 68 1 68
9 13 9 13
22 34 22 34
3 26 3 9 13 20 26
35 61 35 43 44 55 61
18 21 18 21
57 83 57 83
2 70 2 14 34 38 41 70
7 73 7 15 26 38 41 67 73
51 77 51 60 66 77
11 33 11 33
5 52 5 25 33 37 48 52
45 64 45 55 58 61 64
41 89 41 57 72 78 81 83 89
66 77 66 77
56 85 56 82 85
52 69 52 64 68 69
12 58 12 44 55 58
26 69 26 55 58 61 64 68 69
43 76 43 52 64 68 69 76
28 73 28 41 67 73
15 87 15 30 50 59 64 68 69 87
24 83 24 54 71 83
34 77 34 48 54 59 66 77
24 67 24 30 34 47 67
38 57 38 42 57
79 84 79 84
40 86 40 63 83 86
18 21 18 21
5 89 5 81 83 89
28 50 28 35 41 50
8 54 8 34 45 54
42 82 42 57 82
30 55 30 44 55
20 35 20 26 28 35
54 71 54 71
43 52 43 52
36 55 36 43 44 55
3 27 3 27
6 46 6 37 40 42 46
22 84 22 62 72 78 84
15 38 15 22 25 38
29 59 29 37 40 51 59
13 29 13 24 27 29
54 67 54 67
1 3 1 3
44 68 44 55 58 68
78 84 78 84
3 20 3 9 13 20
40 46 40 42 46
36 79 36 48 79
41 53 41 53
61 71 61 64 71
10 62 10 17 29 36 43 62
33 83 33 37 59 66 83
14 47 14 31 43 47
10 79 10 34 45 55 79
4 60 4 60
12 42 12 17 20 26 40 42
20 42 20 40 42
39 67 39 58 67
14 34 14 34
2 37 2 9 16 27 29 37
10 44 10 30 34 44
17 39 17 33 39
35 87 35 72 87
1 68 1 58 61 64 68
40 57 40 42 57
17 52 17 25 35 43 52
2 69 2 23 28 69
21 77 21 40 51 59 77
59 81 59 64 81
0 19 0 13 14 19
4 78 4 8 62 72 78
51 67 51 58 67
51 87 51 64 68 69 87
31 71 31 56 64 71
52 89 52 64 80 81 83 89
24 30 24 30
34 80 34 59 66 78 80
60 80 60 66 78 80
8 68 8 41 59 64 68
21 80 21 58 64 80
28 66 28 37 51 60 66
0 44 0 10 17 29 43 44
72 78 72 78
21 71 21 58 64 71
27 36 27 29 36
19 43 19 20 26 28 35 43
29 66 29 36 60 66
12 27 12 24 27
53 88 53 77 87 88
72 82 72 82
6 82 6 54 72 82
11 87 11 20 32 51 59 66 77 87
11 48 11 21 26 28 37 48
53 84 53 84
52 69 52 64 68 69
1 50 1 26 28 41 50
3 23 3 16 23
72 86 72 78 80 83 86
18 20 18 20
67 85 67 72 82 85
54 73 54 73
48 72 48 52 67 72
7 85 7 32 47 75 78 85
6 52 6 24 34 45 52
5 89 5 81 83 89
79 88 79 86 88
12 42 12 29 36 37 40 42
40 86 40 60 66 71 83 86
54 71 54 59 71
23 25 23 25
26 55 26 55
3 52 3 14 28 37 52
22 54 22 34 48 54
20 57 20 30 39 57
30 60 30 41 49 51 60
8 63 8 62 63
24 50 24 30 50
51 86 51 64 86
16 35 16 23 25 35
20 82 20 26 75 82
38 63 38 41 57 63
19 69 19 69
80 86 80 81 83 86
62 87 62 72 87
37 72 37 72
5 75 5 6 18 21 26 28 41 49 51 58 61 75
14 78 14 31 39 57 72 78
48 73 48 52 67 73
28 86 28 64 81 83 86
24 39 24 30 39
20 56 20 26 28 35 56
41 68 41 50 51 59 64 68
1 88 1 19 62 72 78 80 81 83 86 88
11 41 11 20 26 28 35 41
8 30 8 9 13 14 30
63 82 63 82
11 89 11 64 71 83 89
21 77 21 42 46 77
43 66 43 44 51 59 66
17 29 17 29
35 87 35 39 46 77 87
45 74 45 64 68 74
4 71 4 60 66 71
58 61 58 61
32 47 32 47
11 61 11 33 49 51 58 61
34 58 34 45 50 51 58
36 48 36 37 48
24 27 24 27
6 44 6 27 34 44
59 65 59 65
60 85 60 66 78 85
21 63 21 42 62 63
8 34 8 9 16 27 34
12 41 12 24 30 41
37 89 37 40 89
6 81 6 21 40 78 80 81
14 40 14 19 21 26 28 37 40
16 44 16 23 28 35 43 44
42 88 42 62 63 80 81 83 88
56 80 56 64 80
26 66 26 42 51 60 66
35 58 35 39 58
15 76 15 30 44 51 58 64 69 76
28 35 28 35
20 74 20 26 68 74
72 82 72 82
16 61 16 23 44 55 58 61
25 38 25 38
17 55 17 29 43 44 55
9 50 9 17 25 38 41 50
23 66 23 35 41 50 59 66
28 41 28 41
11 61 11 20 55 61
67 73 67 73
54 67 54 67
56 80 56 64 80
28 77 28 58 77
19 77 19 38 60 66 77
31 86 31 56 78 80 83 86
47 83 47 75 83
3 14 3 14
34 62 34 38 42 62
23 44 23 28 35 43 44
48 71 48 54 71
51 66 51 60 66
78 81 78 81
18 58 18 22 33 37 49 51 58
10 89 10 44 53 77 89
41 59 41 49 51 59
36 61 36 43 44 51 58 61
30 82 30 48 75 82
19 64 19 20 56 64
6 41 6 30 41
3 82 3 38 63 82
4 33 4 8 9 13 14 19 33
7 83 7 57 63 83
60 76 60 69 76
7 73 7 73
6 61 6 17 25 61
59 81 59 64 80 81
59 69 59 69
31 79 31 43 44 55 79
5 70 5 70
33 66 33 49 51 59 66
11 48 11 21 26 28 37 48
20 86 20 40 63 80 81 83 86
4 43 4 13 20 26 28 35 43
16 48 16 48
5 70 5 37 40 42 70
6 47 6 27 32 47
24 54 24 29 48 54
37 61 37 51 58 61
36 60 36 60
59 83 59 71 83
22 80 22 31 39 58 78 80
54 67 54 67
11 48 11 33 37 48
60 87 60 69 87
29 37 29 37
10 62 10 30 34 38 42 62
8 51 8 9 20 40 42 51
16 52 16 35 43 52
52 86 52 86
30 48 30 34 48
18 74 18 21 42 57 74
13 44 13 26 28 35 43 44
8 68 8 41 59 64 68
1 48 1 3 15 22 25 33 37 48
4 33 4 8 9 17 25 33
2 13 2 13
28 63 28 37 40 63
9 24 9 16 24
19 77 19 33 67 77
50 82 50 51 60 82
25 74 25 35 41 57 74
12 70 12 27 29 43 70
8 60 8 40 42 51 60
24 82 24 50 51 59 71 82
79 88 79 88
6 31 6 16 31
27 54 27 32 48 54
62 82 62 63 82
9 63 9 20 55 63
72 89 72 78 80 83 89
26 80 26 42 51 67 72 78 80
58 86 58 61 64 81 83 86
26 38 26 38
29 60 29 37 51 60
32 51 32 51
78 84 78 84
27 46 27 29 37 40 42 46
15 49 15 26 28 41 49
6 62 6 24 30 34 38 42 62
20 65 20 56 62 63 65
4 74 4 49 51 58 68 74
8 58 8 34 45 55 58
6 63 6 30 44 55 63
1 37 1 2 18 21 26 28 37
7 89 7 49 72 78 84 89
43 80 43 75 78 80
25 61 25 33 39 58 61
7 88 7 40 60 66 78 84 88
23 79 23 28 41 79
3 69 3 14 59 69
49 76 49 51 64 68 69 76
4 70 4 70
13 25 13 14 25
0 50 0 20 26 38 41 50
12 58 12 44 51 58
59 80 59 66 78 80
0 34 0 20 30 34
8 13 8 13
18 34 18 34
2 45 2 13 24 27 34 45
57 74 57 74
23 37 23 28 37
47 80 47 67 72 78 80
6 55 6 27 32 44 55
6 37 6 21 26 28 37
0 30 0 24 30
32 71 32 44 61 64 71
0 75 0 43 47 75
16 81 16 44 64 80 81
42 75 42 51 58 61 75
49 67 49 51 67
79 81 79 81
42 84 42 64 71 84
41 66 41 49 51 59 66
44 67 44 51 67
10 75 10 24 50 51 58 61 75
5 53 5 7 29 36 43 44 53
64 87 64 87
51 80 51 80
27 36 27 29 36
42 70 42 70
0 13 0 13
22 64 22 59 64
19 65 19 20 40 51 59 65
43 70 43 70
34 86 34 44 61 64 81 83 86
19 47 19 21 26 28 35 43 47
31 57 31 43 44 55 57
35 78 35 72 78
4 71 4 30 48 54 71
51 59 51 59
7 36 7 27 29 36
39 65 39 57 65
18 34 18 20 30 34
12 75 12 32 51 58 61 75
39 60 39 60
26 56 26 28 35 56
23 78 23 35 43 62 72 78
5 53 5 36 43 44 53
24 66 24 32 48 54 59 66
58 68 58 64 68
29 81 29 36 66 78 81
2 70 2 23 25 35 41 70
22 41 22 34 38 41
60 86 60 66 71 83 86
27 88 27 86 88
29 70 29 37 40 42 70
28 66 28 37 48 54 59 66
71 83 71 83
16 27 16 27
43 76 43 44 61 64 69 76
12 69 12 17 55 58 64 68 69
75 88 75 80 83 86 88
6 39 6 17 25 33 39
5 75 5 75
39 75 39 58 61 75
12 41 12 27 34 38 41
3 27 3 9 16 27
21 40 21 26 40
58 64 58 64
16 83 16 31 39 58 67 72 78 81 83
8 68 8 28 68
54 75 54 75
10 73 10 34 47 67 73
22 57 22 25 40 42 57
17 38 17 25 38
72 78 72 78
20 76 20 59 64 68 69 76
14 51 14 30 34 44 51
63 80 63 80
4 56 4 56
34 65 34 44 51 59 65
5 86 5 36 66 71 83 86
15 30 15 30
23 68 23 44 55 61 64 68
5 52 5 37 52
67 72 67 72
50 81 50 60 66 78 80 81
60 77 60 66 77
7 29 7 27 29
19 40 19 33 37 40
7 56 7 28 35 56
66 82 66 71 82
3 82 3 64 82
44 73 44 73
29 48 29 37 48
54 83 54 75 78 81 83
6 85 6 31 43 75 82 85
78 81 78 80 81
38 78 38 60 66 78
16 68 16 40 42 64 68
39 87 39 87
1 9 1 3 9
10 64 10 34 44 55 61 64
28 77 28 49 51 59 66 77
15 65 15 21 26 42 51 59 65
1 61 1 37 49 51 58 61
25 68 25 35 41 59 64 68
53 81 53 72 78 80 81
16 44 16 35 43 44
10 42 10 30 34 38 42
31 63 31 56 62 63
47 88 47 77 88
49 68 49 51 58 68
15 65 15 22 59 65
32 74 32 51 58 68 74
22 65 22 43 44 55 57 63 65
40 84 40 51 59 64 71 84
24 73 24 73
7 65 7 56 62 63 65
14 47 14 34 47
0 46 0 43 46
10 64 10 44 61 64
14 30 14 19 20 30
6 66 6 21 42 51 60 66
44 78 44 61 75 78
26 74 26 68 74
26 55 26 28 35 43 44 55
27 60 27 34 44 51 60
42 57 42 57
10 57 10 24 34 45 55 57
0 76 0 24 30 34 45 52 64 68 69 76
36 48 36 48
58 84 58 64 71 84
20 55 20 55
79 80 79 80
24 34 24 34
26 74 26 55 61 64 68 74
33 49 33 37 49
15 55 15 21 26 28 35 43 44 55
37 66 37 40 51 59 66
59 76 59 64 68 69 76
17 30 17 20 30
17 48 17 32 48
29 79 29 37 48 79
18 62 18 22 62
15 52 15 26 28 37 48 52
20 46 20 40 42 46
18 54 18 21 26 28 37 48 54
12 48 12 24 27 32 48
51 58 51 58
37 84 37 84
56 80 56 78 80
25 39 25 33 39
28 69 28 58 61 64 69
2 37 2 14 19 20 26 28 37
67 87 67 77 87
16 53 16 38 41 53
1 65 1 13 28 41 65
26 28 26 28
11 82 11 21 40 51 64 71 82
60 89 60 66 77 89
35 88 35 59 66 83 86 88
28 82 28 82
24 69 24 54 59 69
16 23 16 23
2 23 2 23
13 40 13 36 37 40
17 53 17 20 32 53
0 43 0 13 36 43
25 86 25 81 83 86
31 52 31 43 52
45 78 45 52 78
54 81 54 81
35 43 35 43
20 49 20 26 38 41 49
31 58 31 43 44 55 58
53 83 53 80 81 83
52 74 52 64 68 74
25 69 25 38 42 51 58 64 69
60 81 60 66 78 81
24 34 24 34
3 16 3 9 16
46 77 46 77
64 86 64 71 83 86
4 8 4 8
45 77 45 55 58 77
34 65 34 44 55 63 65
27 64 27 32 48 54 59 64
27 52 27 29 37 52
35 41 35 41
5 89 5 25 89
52 71 52 71
8 9 8 9
20 52 20 32 48 52
4 23 4 13 16 23
19 39 19 33 39
30 65 30 44 51 59 65
15 62 15 21 42 62
15 66 15 21 59 66
32 75 32 51 58 61 75
14 77 14 59 77
28 35 28 35
0 37 0 27 29 36 37
22 83 22 33 78 80 81 83
26 42 26 40 42
4 17 4 8 9 17
8 17 8 9 17
42 64 42 64
12 29 12 27 29
3 69 3 21 58 64 68 69
19 78 19 56 62 72 78
16 67 16 38 42 51 67
40 89 40 63 80 83 89
21 85 21 26 68 74 82 85
38 81 38 70 72 78 80 81
50 59 50 51 59
19 65 19 33 49 51 59 65
9 88 9 57 78 80 83 88
60 80 60 66 78 80
28 73 28 37 51 67 73
13 60 13 49 51 60
32 66 32 66
49 58 49 51 58
34 47 34 47
44 83 44 64 71 83
18 35 18 20 26 28 35
20 64 20 30 50 59 64
33 61 33 51 58 61
14 65 14 31 56 62 63 65
54 78 54 72 78
6 42 6 37 40 42
5 34 5 7 14 19 20 30 34
8 51 8 28 37 40 51
14 83 14 34 48 79 81 83
27 29 27 29
14 19 14 19
22 66 22 59 66
14 59 14 59
24 70 24 34 38 70
16 35 16 35
7 28 7 15 21 26 28
7 14 7 14
15 53 15 22 34 44 53
47 74 47 61 64 68 74
27 73 27 52 67 73
36 60 36 43 44 51 60
30 87 30 53 72 87
4 9 4 8 9
70 86 70 86
10 86 10 34 79 80 81 83 86
17 83 17 32 53 80 81 83
1 65 1 19 43 44 51 59 65
24 77 24 30 54 67 77
14 67 14 42 51 58 67
51 85 51 67 72 78 85
25 61 25 35 43 44 61
43 83 43 44 51 67 72 78 80 81 83
15 55 15 22 25 35 43 44 55
4 68 4 23 68
20 46 20 26 42 46
14 70 14 19 20 30 41 70
35 89 35 89
17 64 17 55 61 64
14 43 14 31 43
26 43 26 28 35 43
50 60 50 51 60
33 66 33 37 49 51 60 66
33 39 33 39
31 58 31 43 44 55 58
5 6 5 6
8 44 8 28 35 43 44
8 49 8 13 36 37 49
45 83 45 67 72 78 80 83
6 80 6 27 53 72 78 80
8 32 8 13 16 27 32
39 74 39 58 68 74
48 75 48 54 75
19 63 19 38 42 62 63
43 77 43 77
28 49 28 37 49
13 25 13 16 23 25
26 43 26 28 35 43
57 65 57 65
52 87 52 64 68 69 87
75 80 75 80
59 69 59 69
3 72 3 37 52 67 72
6 55 6 31 43 44 55
9 60 9 60
47 76 47 61 64 69 76
18 52 18 22 43 52
19 56 19 20 26 28 35 56
9 63 9 32 44 55 57 63
67 85 67 82 85
60 85 60 66 71 82 85
67 87 67 72 87
21 71 21 42 64 71
11 82 11 33 62 63 82
69 88 69 87 88
60 84 60 66 71 84
23 79 23 79
17 63 17 29 43 44 55 63
7 89 7 14 59 66 83 89
29 36 29 36
16 78 16 31 56 78
26 66 26 40 42 51 60 66
30 48 30 48
15 70 15 22 43 70
3 59 3 15 21 42 51 59
0 10 0 10
10 30 10 24 30
6 56 6 18 21 26 28 35 56
14 35 14 25 35
24 34 24 34
15 40 15 22 25 40
13 14 13 14
4 8 4 8
10 50 10 34 38 41 50
38 42 38 42
4 64 4 13 24 30 41 50 51 64
60 89 60 66 78 84 89
8 20 8 13 20
18 52 18 22 31 43 52
22 37 22 25 33 37
19 77 19 21 40 42 46 77
29 48 29 37 48
4 89 4 56 64 80 81 83 89
20 30 20 30
22 58 22 31 39 58
1 65 1 13 14 31 39 65
5 37 5 25 33 37
14 19 14 19
4 21 4 13 14 19 21
59 64 59 64
14 57 14 31 39 57
55 67 55 58 67
1 74 1 39 58 68 74
36 64 36 55 61 64
6 54 6 37 48 54
19 69 19 69
0 52 0 45 52
31 71 31 56 64 71
51 77 51 59 66 77
23 39 23 28 35 39
8 61 8 41 50 51 58 61
35 88 35 72 87 88
11 21 11 21
49 66 49 51 59 66
25 87 25 62 72 87
13 83 13 26 75 83
70 89 70 81 83 89
36 61 36 43 47 61
10 70 10 24 34 38 41 70
2 13 2 13
31 52 31 43 52
11 70 11 20 26 40 42 70
51 72 51 58 67 72
23 39 23 25 35 39
19 81 19 62 72 78 80 81
36 43 36 43
25 65 25 33 39 65
48 72 48 72
0 73 0 10 30 50 51 58 67 73
20 75 20 32 51 58 61 75
6 55 6 24 29 36 55
18 33 18 22 33
12 64 12 37 48 61 64
10 26 10 17 20 26
3 27 3 16 27
48 83 48 72 78 81 83
1 26 1 2 14 19 21 26
32 73 32 58 67 73
29 49 29 37 49
75 88 75 80 83 88
46 77 46 77
26 59 26 28 49 51 59
33 80 33 49 72 78 80
16 86 16 48 61 75 83 86
35 76 35 76
2 52 2 13 48 52
26 55 26 55
44 55 44 55
49 76 49 76
44 72 44 55 67 72
0 59 0 45 50 51 59
17 63 17 33 62 63
36 81 36 43 62 63 80 81
26 68 26 42 51 59 64 68
20 32 20 32
80 89 80 81 83 89
33 86 33 78 81 83 86
3 72 3 27 29 43 62 72
45 76 45 64 69 76
23 77 23 66 77
4 30 4 13 16 24 30
14 89 14 42 57 83 89
20 86 20 66 78 81 83 86
39 81 39 58 61 64 81
0 33 0 10 17 33
18 79 18 22 31 43 44 55 79
11 34 11 20 30 34
7 77 7 39 58 67 77
30 60 30 44 51 60
37 52 37 52
61 76 61 64 68 69 76
0 69 0 13 64 69
56 84 56 62 72 78 84
42 87 42 46 77 87
45 77 45 77
43 68 43 44 51 59 64 68
61 80 61 64 80
10 17 10 17
42 57 42 57
0 27 0 10 24 27
48 65 48 54 59 65
61 83 61 75 83
59 82 59 64 71 82
18 44 18 20 26 28 35 43 44
26 60 26 38 60
44 80 44 64 80
23 74 23 32 48 54 59 64 68 74
17 71 17 70 71
37 51 37 49 51
3 42 3 37 40 42
1 23 1 3 9 16 23
10 57 10 24 30 39 57
54 73 54 73
43 44 43 44
37 73 37 51 67 73
58 86 58 64 86
22 59 22 33 37 48 54 59
13 40 13 26 40
36 51 36 43 44 51
0 44 0 10 17 25 35 43 44
28 50 28 41 50
27 54 27 34 45 54
26 66 26 28 37 49 51 59 66
11 58 11 21 58
59 69 59 64 69
14 35 14 28 35
0 28 0 13 26 28
0 50 0 24 50
77 87 77 87
12 24 12 24
26 42 26 28 37 40 42
42 82 42 57 72 82
47 77 47 67 77
30 51 30 34 44 51
0 27 0 24 27
15 46 15 26 42 46
18 51 18 22 43 44 51
24 64 24 29 48 54 59 64
25 35 25 35
47 75 47 75
4 57 4 8 41 57
66 84 66 78 84
32 85 32 51 59 66 78 85
36 60 36 37 51 60
62 63 62 63
24 37 24 29 36 37
23 75 23 25 35 43 47 61 75
52 68 52 64 68
66 88 66 77 87 88
18 83 18 59 64 81 83
0 61 0 27 58 61
16 45 16 27 34 45
34 73 34 45 52 67 73
5 44 5 44
38 63 38 42 57 63
12 75 12 29 43 47 75
29 48 29 48
30 46 30 39 46
15 54 15 30 34 48 54
1 48 1 7 32 48
39 81 39 57 72 78 80 81
11 56 11 35 56
27 52 27 29 43 52
4 57 4 8 13 28 37 40 42 57
49 61 49 51 58 61
8 62 8 40 42 62
49 78 49 51 67 72 78
3 33 3 14 25 33
40 76 40 68 69 76
25 51 25 33 37 40 51
17 66 17 60 66
16 48 16 27 32 48
38 64 38 42 64
10 85 10 63 82 85
2 71 2 56 64 71
48 65 48 54 59 65
3 14 3 9 13 14
11 45 11 20 30 34 45
67 88 67 77 88
66 88 66 71 82 85 88
40 85 40 63 82 85
11 74 11 68 74
16 35 16 28 35
43 52 43 52
18 59 18 59
4 75 4 30 44 51 58 61 75
7 14 7 14
32 67 32 47 67
7 26 7 15 26
52 68 52 64 68
17 20 17 20
7 73 7 29 37 51 67 73
56 85 56 64 82 85
0 79 0 43 44 79
35 70 35 41 70
12 29 12 27 29
24 83 24 43 75 83
43 52 43 52
31 77 31 43 46 77
72 85 72 78 85
17 33 17 25 33
62 72 62 72
43 58 43 44 51 58
7 39 7 28 35 39
15 60 15 30 39 60
10 48 10 48
77 89 77 89
26 63 26 40 63
53 84 53 84
18 86 18 20 79 81 83 86
70 82 70 82
68 69 68 69
51 82 51 67 72 82
34 73 34 67 73
18 77 18 34 45 67 77
40 64 40 42 51 58 64
17 55 17 25 35 43 44 55
35 68 35 39 58 68
10 24 10 24
4 9 4 8 9
45 52 45 52
43 67 43 44 51 58 67
3 51 3 16 31 43 44 51
19 82 19 38 41 67 82
29 62 29 43 62
56 74 56 74
57 86 57 78 80 83 86
52 74 52 64 68 74
1 53 1 7 15 21 26 28 41 53
24 47 24 29 36 43 47
58 67 58 67
7 39 7 33 39
11 66 11 21 40 60 66
12 71 12 17 25 38 70 71
33 72 33 62 72
18 49 18 34 38 41 49
57 80 57 63 80
77 87 77 87
39 77 39 60 66 77
15 62 15 30 34 38 42 62
7 88 7 42 88
49 77 49 51 67 77
56 81 56 62 63 80 81
51 87 51 60 69 87
31 71 31 39 60 66 71
10 40 10 24 29 36 37 40
40 78 40 51 58 61 75 78
18 33 18 22 25 33
28 75 28 35 39 58 61 75
30 68 30 39 58 68
40 72 40 72
8 46 8 13 24 27 29 43 46
53 81 53 72 78 80 81
31 57 31 39 57
68 88 68 74 85 88
41 49 41 49
49 66 49 51 60 66
11 65 11 33 51 59 65
8 68 8 34 48 54 59 64 68
34 57 34 45 55 57
7 44 7 27 44
42 67 42 51 58 67
14 52 14 19 43 52
60 66 60 66
39 46 39 46
78 83 78 81 83
28 69 28 37 40 60 69
24 66 24 30 50 59 66
24 36 24 27 29 36
12 72 12 72
5 72 5 72
18 22 18 22
8 28 8 9 13 14 28
37 61 37 48 61
5 20 5 7 14 19 20
22 80 22 62 63 80
38 42 38 42
59 66 59 66
52 64 52 64
4 54 4 30 48 54
41 80 41 79 80
25 82 25 74 82
17 43 17 20 26 28 35 43
3 23 3 16 23
44 88 44 84 88
85 88 85 88
39 87 39 87
42 64 42 51 64
9 13 9 13
23 28 23 28
11 51 11 21 26 38 41 49 51
43 46 43 46
18 74 18 20 26 68 74
3 46 3 27 29 37 40 42 46
30 80 30 53 80
63 65 63 65
24 53 24 27 34 44 53
1 14 1 3 9 13 14
22 47 22 25 35 43 47
66 77 66 77
32 48 32 48
13 38 13 24 27 34 38
86 88 86 88
0 17 0 10 17
58 77 58 77
29 37 29 37
8 63 8 13 24 27 44 55 57 63
45 55 45 55
10 69 10 52 64 69
0 82 0 10 44 53 72 82
18 38 18 22 34 38
6 76 6 40 68 69 76
2 14 2 14
31 56 31 56
35 66 35 41 50 59 66
6 16 6 16
4 86 4 49 72 78 80 83 86
41 59 41 50 59
24 53 24 32 44 53
33 73 33 52 67 73
15 62 15 22 34 38 42 62
44 80 44 79 80
5 52 5 7 33 37 48 52
28 57 28 41 57
72 81 72 78 80 81
59 83 59 66 83
7 39 7 39
49 77 49 51 60 66 77
52 67 52 67
9 73 9 50 51 58 67 73
69 76 69 76
59 65 59 65
0 59 0 45 50 51 59
54 77 54 59 77
30 53 30 53
22 65 22 62 63 65
20 74 20 56 64 68 74
24 45 24 27 34 45
43 52 43 52
16 59 16 44 51 59
64 68 64 68
13 46 13 36 37 40 42 46
19 21 19 21
9 62 9 62
51 72 51 67 72
27 40 27 29 37 40
28 77 28 58 67 77
64 82 64 82
48 52 48 52
57 86 57 72 78 80 81 83 86
15 66 15 26 40 42 51 60 66
5 67 5 25 38 41 49 51 58 67
40 80 40 72 78 80
11 77 11 21 58 77
0 76 0 52 64 69 76
19 79 19 20 79
30 65 30 44 51 59 65
24 80 24 50 59 66 78 80
3 44 3 21 26 28 35 43 44
78 83 78 80 81 83
28 40 28 37 40
4 8 4 8
18 69 18 22 25 38 60 69
11 87 11 70 72 87
17 82 17 33 49 72 82
11 41 11 21 26 28 35 41
11 87 11 21 42 64 68 69 87
3 76 3 51 64 68 69 76
59 65 59 65
19 50 19 20 30 34 45 50
34 42 34 38 42
42 57 42 57
18 49 18 20 26 28 49
47 83 47 83
9 35 9 13 20 26 28 35
15 55 15 22 34 44 55
36 64 36 43 52 64
18 48 18 21 26 28 37 48
5 76 5 6 27 44 64 68 69 76
5 61 5 44 55 58 61
2 41 2 23 25 38 41
34 61 34 47 61
55 61 55 61
12 50 12 24 29 36 50
25 76 25 61 64 69 76
79 86 79 86
3 33 3 16 23 25 33
10 62 10 30 34 38 42 62
1 13 1 3 9 13
77 87 77 87
21 64 21 40 42 64
55 82 55 67 72 82
9 29 9 13 16 24 27 29
14 62 14 42 62
23 43 23 35 43
57 86 57 80 83 86
5 25 5 25
13 68 13 24 30 68
42 46 42 46
11 34 11 20 30 34
1 54 1 37 48 54
38 82 38 42 70 72 82
11 34 11 20 30 34
49 51 49 51
0 69 0 59 64 69
9 32 9 17 20 32
58 89 58 67 77 89
10 40 10 24 29 37 40
17 32 17 32
42 88 42 46 77 87 88
36 77 36 43 46 77
4 28 4 23 28
26 65 26 28 35 41 59 65
54 86 54 59 86
35 65 35 43 62 63 65
0 46 0 24 34 46
16 31 16 31
26 60 26 40 42 51 60
43 75 43 47 61 75
26 59 26 42 51 59
10 84 10 60 66 71 84
28 68 28 64 68
54 69 54 59 69
11 64 11 33 49 51 59 64
32 55 32 44 55
30 34 30 34
11 64 11 35 56 64
28 49 28 35 41 49
18 52 18 34 45 52
38 78 38 42 57 78
44 83 44 78 80 81 83
74 88 74 82 85 88
60 83 60 66 78 80 83
49 66 49 51 59 66
22 41 22 34 38 41
49 67 49 51 58 67
35 76 35 41 76
83 86 83 86
5 76 5 6 16 27 32 47 61 64 69 76
43 77 43 52 77
59 68 59 64 68
15 54 15 30 48 54
18 86 18 72 86
44 88 44 79 86 88
30 87 30 68 69 87
8 54 8 28 37 48 54
55 73 55 58 67 73
8 76 8 34 48 61 64 69 76
5 64 5 61 64
48 52 48 52
37 40 37 40
26 54 26 28 37 48 54
20 80 20 79 80
58 87 58 64 68 69 87
55 67 55 58 67
48 71 48 61 64 71
4 77 4 8 9 17 55 58 67 77
16 67 16 35 39 58 67
4 86 4 56 64 86
3 71 3 16 31 39 58 61 64 71
0 61 0 27 44 55 58 61
52 87 52 77 87
23 89 23 37 51 80 81 83 89
35 67 35 41 50 51 58 67
38 49 38 41 49
27 54 27 29 48 54
35 43 35 43
30 72 30 50 51 67 72
44 86 44 61 75 83 86
5 88 5 25 38 63 80 83 86 88
10 37 10 24 29 36 37
27 32 27 32
12 48 12 26 28 37 48
24 71 24 64 71
20 39 20 30 39
2 83 2 9 62 72 78 81 83
8 16 8 9 16
37 81 37 49 51 67 72 78 81
36 63 36 55 63
4 54 4 30 54
26 67 26 40 42 51 58 67
75 88 75 88
49 81 49 51 60 66 78 81
18 51 18 22 31 43 44 51
79 81 79 80 81
20 74 20 59 64 68 74
43 70 43 70
35 85 35 82 85
22 58 22 43 44 51 58
24 67 24 27 52 67
24 71 24 27 34 59 71
19 65 19 62 63 65
7 34 7 27 34
7 33 7 15 22 25 33
25 37 25 33 37
18 54 18 20 32 48 54
11 28 11 20 26 28
52 64 52 64
41 66 41 66
22 77 22 25 33 52 77
55 72 55 58 67 72
44 84 44 78 84
37 77 37 59 77
66 88 66 78 81 83 88
58 82 58 68 74 82
40 63 40 63
11 68 11 33 52 64 68
59 81 59 64 80 81
23 63 23 25 40 42 62 63
43 47 43 47
3 20 3 9 20
27 34 27 34
44 83 44 79 80 83
32 48 32 48
14 33 14 25 33
7 70 7 43 70
12 48 12 29 37 48
70 86 70 71 83 86
0 86 0 59 66 83 86
2 32 2 23 32
62 87 62 72 87
64 87 64 69 87
29 55 29 43 44 55
2 30 2 13 20 30
53 72 53 72
22 77 22 59 77
55 58 55 58
48 86 48 52 71 83 86
22 57 22 34 38 41 57
34 73 34 44 51 67 73
37 72 37 48 52 67 72
52 67 52 67
0 27 0 13 16 24 27
38 63 38 42 57 63
16 29 16 24 29
34 58 34 44 51 58
1 19 1 3 14 19
36 66 36 48 54 59 66
42 64 42 64
33 37 33 37
2 63 2 14 34 45 57 63
12 66 12 24 32 44 51 60 66
6 30 6 18 20 30
4 57 4 13 16 27 29 36 55 57
11 51 11 35 41 49 51
32 55 32 44 55
22 34 22 34
40 60 40 42 51 60
27 46 27 29 37 40 42 46
1 78 1 72 78
25 57 25 33 39 57
27 88 27 53 80 81 83 88
27 65 27 29 36 55 57 63 65
15 79 15 22 31 43 44 79
37 52 37 52
51 85 51 60 82 85
10 28 10 17 20 26 28
60 69 60 69
11 68 11 59 64 68
30 69 30 68 69
0 50 0 13 16 38 41 50
4 17 4 8 9 17
4 87 4 13 72 87
9 47 9 20 30 34 47
27 64 27 29 37 49 51 59 64
37 81 37 48 52 78 80 81
18 48 18 34 48
1 40 1 2 13 24 27 29 37 40
1 72 1 19 43 62 72
55 57 55 57
54 82 54 59 71 82
44 64 44 51 64
12 86 12 72 78 81 83 86
82 85 82 85
7 26 7 15 21 26
7 32 7 27 32
0 57 0 17 32 44 55 57
5 18 5 6 18
50 60 50 60
13 28 13 14 28
55 72 55 57 72
13 43 13 26 28 35 43
58 83 58 64 81 83
60 89 60 66 78 80 81 83 89
2 52 2 33 52
42 69 42 64 68 69
51 81 51 58 61 75 78 81
7 73 7 28 35 43 44 55 58 73
36 79 36 55 79
7 32 7 14 19 20 32
13 76 13 24 32 44 55 61 64 68 69 76
58 82 58 61 64 82
33 72 33 67 72
21 41 21 26 28 41
6 37 6 15 26 28 37
15 69 15 26 38 60 69
38 41 38 41
5 34 5 6 30 34
1 70 1 7 27 70
10 25 10 17 25
16 35 16 28 35
4 49 4 49
22 56 22 25 35 56
27 37 27 29 37
35 79 35 43 44 55 79
61 88 61 64 82 85 88
57 83 57 63 83
28 70 28 35 43 70
87 88 87 88
22 73 22 43 44 55 67 73
23 78 23 44 53 72 78
13 16 13 16
47 80 47 67 72 78 80
33 72 33 72
7 56 7 56
40 51 40 51
12 66 12 17 25 40 60 66
4 40 4 13 26 40
30 84 30 50 60 66 78 84
59 71 59 66 71
20 74 20 59 64 68 74
17 46 17 20 30 39 46
37 63 37 40 42 57 63
47 75 47 61 75
13 54 13 16 29 36 48 54
0 78 0 17 29 36 55 58 78
54 68 54 59 64 68
1 34 1 13 24 30 34
10 37 10 17 33 37
26 68 26 28 49 51 59 64 68
36 83 36 50 60 66 83
35 82 35 82
80 83 80 81 83
20 67 20 40 51 58 67
51 59 51 59
4 51 4 13 29 36 37 40 51
8 37 8 9 16 23 25 33 37
17 71 17 55 58 61 64 71
18 49 18 34 38 41 49
26 86 26 42 64 81 83 86
6 52 6 15 22 31 43 52
61 89 61 75 78 80 83 89
3 64 3 14 31 43 64
15 66 15 21 26 28 41 59 66
33 42 33 37 40 42
61 71 61 64 71
7 62 7 29 37 40 42 62
21 79 21 26 28 35 43 44 55 79
9 69 9 13 28 64 69
55 84 55 79 84
28 50 28 35 41 50
17 79 17 25 35 43 44 79
34 38 34 38
54 75 54 75
15 30 15 30
41 58 41 49 51 58
3 57 3 27 34 44 55 57
35 64 35 56 64
27 63 27 34 38 63
8 51 8 34 38 41 50 51
1 76 1 37 52 64 69 76
21 43 21 26 28 35 43
35 87 35 43 46 77 87
45 65 45 50 59 65
59 84 59 71 84
41 76 41 59 64 69 76
34 62 34 38 42 62
15 40 15 21 40
27 70 27 29 36 37 40 42 70
16 83 16 48 61 64 71 83
37 63 37 40 42 62 63
74 82 74 82
58 77 58 77
4 70 4 8 9 13 14 19 38 70
74 82 74 82
37 78 37 51 60 66 78
0 75 0 10 48 75
1 68 1 49 51 58 64 68
71 84 71 84
18 28 18 20 26 28
25 75 25 40 42 51 58 61 75
50 61 50 51 58 61
18 79 18 20 79
41 74 41 50 51 59 64 68 74
39 85 39 85
0 59 0 43 44 51 59
28 63 28 35 39 57 63
16 40 16 40
23 53 23 32 53
16 23 16 23
24 59 24 43 44 51 59
30 82 30 68 74 82
13 54 13 26 28 37 48 54
15 62 15 26 28 37 40 42 62
28 63 28 37 40 42 62 63
14 40 14 19 20 40
43 70 43 70
86 88 86 88
16 52 16 27 34 45 52
33 72 33 72
38 88 38 63 83 86 88
2 69 2 31 39 69
23 66 23 37 48 54 59 66
9 21 9 13 14 19 21
2 31 2 9 13 16 31
2 60 2 31 43 44 51 60
7 88 7 88
43 87 43 62 72 87
32 78 32 44 61 75 78
12 30 12 24 30
51 58 51 58
44 89 44 55 63 83 89
64 88 64 88
7 34 7 27 34
52 89 52 78 81 83 89
75 89 75 80 81 83 89
72 89 72 78 81 83 89
13 89 13 29 43 64 81 83 89
31 58 31 39 58
21 79 21 26 38 41 79
14 37 14 19 21 26 28 37
49 51 49 51
66 80 66 78 80
41 79 41 79
30 51 30 50 51
0 34 0 17 20 30 34
84 89 84 89
1 23 1 3 16 23
20 26 20 26
17 63 17 33 37 40 63
40 62 40 42 62
21 43 21 26 28 35 43
52 83 52 67 72 78 81 83
3 58 3 51 58
36 48 36 48
31 56 31 56
4 40 4 23 37 40
30 41 30 34 38 41
37 69 37 49 51 60 69
5 74 5 25 33 39 57 74
10 85 10 17 78 85
17 38 17 20 30 34 38
47 84 47 67 72 78 84
48 52 48 52
29 64 29 43 52 64
23 25 23 25
75 78 75 78
12 47 12 17 29 36 43 47
70 84 70 72 78 84
23 57 23 55 57
38 69 38 41 49 51 58 64 69
24 34 24 34
45 83 45 50 51 80 83
56 64 56 64
44 75 44 61 75
8 61 8 28 58 61
30 72 30 41 49 72
45 63 45 57 63
0 79 0 43 44 79
37 52 37 52
8 72 8 40 51 67 72
2 42 2 33 37 40 42
34 46 34 46
51 60 51 60
48 65 48 54 59 65
6 85 6 40 64 71 82 85
15 35 15 26 28 35
35 87 35 41 66 77 87
4 21 4 13 14 19 21
19 44 19 21 26 28 35 43 44
10 55 10 44 55
42 61 42 51 58 61
40 76 40 64 69 76
50 76 50 60 69 76
67 72 67 72
19 78 19 56 78
17 64 17 29 36 48 61 64
36 58 36 55 58
67 88 67 72 78 85 88
1 3 1 3
29 63 29 36 55 57 63
22 25 22 25
25 51 25 38 42 51
54 67 54 67
61 89 61 75 78 81 83 89
2 49 2 18 34 38 41 49
4 86 4 56 62 72 78 80 81 83 86
0 19 0 13 14 19
23 44 23 28 35 43 44
29 68 29 37 52 64 68
5 43 5 36 43
21 35 21 26 28 35
11 57 11 35 39 57
38 67 38 41 50 51 58 67
22 68 22 59 64 68
51 82 51 59 66 71 82
56 85 56 64 71 82 85
9 37 9 20 26 28 37
37 48 37 48
0 74 0 20 30 68 74
23 33 23 25 33
40 78 40 78
2 17 2 9 17
13 53 13 28 41 53
44 88 44 51 60 82 85 88
58 82 58 67 72 82
24 54 24 54
1 37 1 37
14 82 14 59 71 82
45 78 45 54 59 66 78
28 77 28 41 50 51 58 77
56 72 56 62 72
13 76 13 29 36 59 64 68 69 76
6 17 6 17
1 30 1 7 15 30
12 24 12 24
6 66 6 44 51 60 66
13 82 13 64 71 82
63 81 63 80 81
54 59 54 59
79 80 79 80
55 75 55 58 61 75
60 85 60 66 71 82 85
20 54 20 30 54
0 89 0 89
0 86 0 17 55 57 78 81 83 86
5 79 5 37 48 79
27 37 27 29 37
1 2 1 2
41 79 41 79
3 59 3 38 42 51 59
17 20 17 20
23 46 23 25 33 37 40 42 46
8 16 8 9 16
23 33 23 25 33
14 51 14 28 49 51
34 57 34 38 42 57
59 65 59 65
33 40 33 37 40
23 82 23 68 74 82
23 71 23 35 59 64 71
8 28 8 13 26 28
11 70 11 35 41 70
2 9 2 9
44 65 44 51 59 65
10 50 10 24 50
0 43 0 17 29 36 43
68 74 68 74
29 70 29 36 37 40 42 70
17 43 17 29 36 43
29 55 29 43 44 55
17 46 17 25 35 39 46
27 73 27 58 67 73
22 57 22 33 37 40 42 57
31 57 31 39 57
59 84 59 64 71 84
31 86 31 39 58 64 86
9 71 9 24 55 58 64 71
7 26 7 14 19 20 26
60 86 60 66 83 86
0 44 0 10 17 25 35 43 44
54 65 54 59 65
14 31 14 31
45 51 45 50 51
14 83 14 30 44 78 80 81 83
4 27 4 8 9 13 24 27
72 87 72 87
19 40 19 21 40
24 30 24 30
3 15 3 15
45 52 45 52
11 87 11 64 68 69 87
6 71 6 40 64 71
43 85 43 62 74 82 85
17 32 17 20 32
0 45 0 27 34 45
1 61 1 26 55 58 61
32 44 32 44
75 89 75 83 89
12 70 12 29 36 43 70
21 26 21 26
49 58 49 51 58
3 29 3 27 29
41 72 41 50 51 67 72
23 55 23 55
44 89 44 79 81 83 89
6 24 6 24
5 52 5 25 33 37 52
17 89 17 51 59 77 89
12 46 12 26 42 46
30 44 30 34 44
17 53 17 25 38 41 53
40 67 40 42 51 58 67
43 68 43 52 64 68
23 65 23 35 59 65
0 21 0 13 14 19 21
43 80 43 52 64 80
22 57 22 31 39 57
8 45 8 34 45
38 82 38 60 82
2 19 2 14 19
23 65 23 37 51 59 65
37 65 37 59 65
38 49 38 41 49
6 30 6 17 20 30
13 59 13 20 59
10 24 10 24
17 82 17 25 57 63 82
34 58 34 44 55 58
2 9 2 9
5 64 5 7 40 42 64
24 37 24 29 37
42 87 42 46 77 87
7 73 7 28 49 51 58 67 73
0 43 0 24 29 36 43
7 45 7 14 19 20 30 34 45
33 77 33 49 51 58 77
12 57 12 26 28 41 57
25 47 25 35 43 47
31 68 31 68
5 79 5 25 35 41 79
7 79 7 32 48 79
59 82 59 64 68 74 82
55 86 55 61 75 80 83 86
1 47 1 19 21 26 28 35 43 47
24 44 24 34 44
50 65 50 51 59 65
26 28 26 28
45 83 45 67 72 78 81 83
23 53 23 32 44 53
59 84 59 64 71 84
20 80 20 72 78 80
10 39 10 17 25 33 39
29 53 29 36 43 44 53
1 7 1 7
26 55 26 28 35 43 44 55
20 81 20 55 79 80 81
33 89 33 61 75 80 81 83 89
8 73 8 13 24 34 38 41 67 73
10 48 10 48
7 73 7 49 51 58 67 73
28 82 28 58 68 74 82
52 77 52 77
10 25 10 17 25
2 63 2 13 36 43 44 55 63
20 66 20 59 66
0 24 0 13 16 24
23 47 23 25 35 43 47
4 49 4 41 49
38 69 38 60 69
35 88 35 63 82 85 88
12 88 12 32 66 77 87 88
33 72 33 72
5 61 5 25 33 61
54 69 54 59 69
59 83 59 71 83
2 26 2 13 26
55 64 55 61 64
1 27 1 3 16 27
13 27 13 16 24 27
9 69 9 13 68 69
10 60 10 44 51 60
41 76 41 50 59 64 68 69 76
44 84 44 55 79 84
48 73 48 52 67 73
20 75 20 30 54 75
45 55 45 55
41 63 41 63
43 79 43 44 79
31 63 31 43 44 55 63
0 86 0 71 83 86
7 65 7 33 49 51 59 65
8 51 8 34 44 51
26 85 26 75 78 85
45 51 45 50 51
8 82 8 34 59 66 71 82
8 52 8 13 29 43 52
26 44 26 28 35 43 44
0 73 0 10 17 55 58 73
7 43 7 27 29 43
53 88 53 80 83 86 88
20 42 20 26 38 42
71 83 71 83
6 77 6 31 39 46 77
27 44 27 29 43 44
30 88 30 80 81 83 88
47 84 47 61 64 71 84
0 71 0 71
78 85 78 85
55 63 55 57 63
16 73 16 73
0 20 0 10 17 20
9 31 9 16 31
6 77 6 24 77
2 30 2 13 14 19 20 30
2 32 2 18 20 32
8 32 8 13 20 32
58 85 58 67 72 82 85
36 76 36 37 59 64 68 69 76
19 55 19 20 55
8 44 8 13 36 43 44
39 83 39 57 72 78 81 83
22 56 22 31 56
33 67 33 37 52 67
42 64 42 64
20 45 20 30 34 45
7 89 7 56 64 71 84 89
52 64 52 64
60 83 60 66 78 80 81 83
22 58 22 31 43 44 51 58
0 51 0 24 32 51
21 40 21 26 40
23 53 23 25 35 41 53
20 35 20 26 28 35
13 66 13 48 54 59 66
74 82 74 82
58 75 58 61 75
64 87 64 69 87
28 57 28 41 57
58 78 58 61 75 78
22 41 22 25 38 41
50 88 50 59 86 88
5 86 5 7 41 63 83 86
53 80 53 72 78 80
42 62 42 62
32 78 32 66 78
9 48 9 32 48
34 86 34 86
49 89 49 72 78 84 89
2 69 2 31 39 58 64 69
4 30 4 13 20 30
17 38 17 20 26 38
28 50 28 41 50
4 13 4 13
70 81 70 72 78 81
16 83 16 23 79 83
8 51 8 9 13 20 40 51
6 29 6 16 29
3 50 3 15 22 34 45 50
2 63 2 31 56 62 63
41 51 41 50 51
2 57 2 14 19 21 42 57
17 80 17 52 64 80
22 82 22 62 72 82
14 82 14 59 71 82
41 68 41 59 64 68
12 71 12 44 55 61 64 71
8 89 8 58 61 75 83 89
27 72 27 29 36 43 47 67 72
26 44 26 28 35 43 44
16 80 16 31 43 47 61 64 80
44 78 44 53 72 78
28 62 28 35 43 62
17 51 17 51
18 69 18 20 56 64 68 69
12 75 12 32 58 61 75
10 89 10 44 64 71 83 89
54 81 54 81
4 74 4 30 39 57 74
37 89 37 48 72 78 81 83 89
6 60 6 21 26 40 42 51 60
29 59 29 37 49 51 59
8 73 8 28 37 49 51 58 67 73
40 78 40 42 70 72 78
15 83 15 22 62 72 78 80 81 83
69 88 69 88
7 21 7 14 19 21
30 80 30 54 67 72 78 80
40 67 40 42 51 67
31 68 31 43 52 64 68
13 73 13 26 55 58 67 73
52 68 52 64 68
13 76 13 36 43 52 64 68 69 76
35 39 35 39
52 69 52 64 68 69
7 68 7 39 58 61 64 68
84 89 84 89
8 13 8 9 13
5 32 5 7 32
11 56 11 21 26 28 35 56
30 86 30 39 58 67 72 86
7 44 7 27 44
67 85 67 82 85
22 77 22 31 43 47 77
10 54 10 48 54
21 63 21 42 57 63
26 85 26 55 58 85
21 28 21 26 28
5 84 5 70 71 84
55 58 55 58
1 32 1 2 13 20 32
2 78 2 14 59 66 78
50 76 50 60 69 76
63 82 63 82
4 20 4 13 14 19 20
7 49 7 28 35 41 49
1 27 1 7 27
51 81 51 59 66 78 81
35 70 35 43 70
9 48 9 32 48
38 49 38 41 49
36 64 36 50 51 64
33 66 33 37 48 54 59 66
22 81 22 34 44 51 64 81
25 35 25 35
20 76 20 32 47 61 64 68 69 76
32 85 32 47 61 64 82 85
17 66 17 32 48 54 59 66
32 69 32 47 61 64 68 69
55 73 55 67 73
59 81 59 64 80 81
21 47 21 26 28 35 43 47
1 49 1 13 20 30 34 38 41 49
17 80 17 70 72 78 80
5 26 5 6 15 21 26
30 80 30 53 80
66 77 66 77
22 31 22 31
25 62 25 62
8 73 8 34 48 54 67 73
35 85 35 41 57 63 82 85
19 33 19 33
67 88 67 77 87 88
10 73 10 17 25 38 41 50 51 67 73
43 70 43 70
18 82 18 34 59 71 82
25 35 25 35
13 85 13 64 82 85
25 39 25 35 39
16 59 16 23 35 43 44 51 59
17 85 17 32 58 61 75 78 85
59 83 59 66 71 83
0 19 0 13 14 19
32 88 32 44 51 58 64 82 85 88
17 83 17 55 67 72 78 80 83
29 43 29 36 43
29 83 29 70 71 83
56 87 56 64 87
37 74 37 48 52 64 68 74
4 77 4 41 67 77
4 33 4 23 25 33
16 28 16 23 28
29 49 29 36 37 49
52 86 52 64 81 83 86
17 62 17 33 37 40 42 62
64 82 64 82
1 53 1 7 43 44 53
29 66 29 37 59 66
51 78 51 67 72 78
64 81 64 80 81
30 39 30 39
23 43 23 35 43
24 36 24 29 36
28 78 28 78
18 33 18 22 33
20 76 20 59 64 68 69 76
28 86 28 58 64 86
42 46 42 46
22 83 22 31 39 60 66 71 83
44 86 44 61 64 71 83 86
10 40 10 17 25 40
8 65 8 40 63 65
45 83 45 54 71 83
17 20 17 20
27 70 27 29 43 70
7 15 7 15
5 89 5 77 89
71 84 71 84
32 58 32 58
18 71 18 21 58 64 71
42 46 42 46
48 75 48 54 75
15 40 15 21 26 28 37 40
3 13 3 9 13
34 86 34 47 80 83 86
6 37 6 21 26 28 37
3 52 3 27 29 36 37 52
70 84 70 72 78 84
1 14 1 3 14
69 76 69 76
20 66 20 40 51 60 66
69 88 69 88
24 72 24 43 44 53 72
68 88 68 74 85 88
3 33 3 15 22 25 33
26 85 26 75 82 85
54 82 54 75 82
3 44 3 9 13 14 19 21 26 28 35 43 44
1 72 1 49 51 67 72
14 65 14 19 20 59 65
57 78 57 78
12 24 12 24
26 59 26 38 41 50 51 59
66 71 66 71
40 57 40 42 57
55 80 55 57 63 80
25 89 25 62 72 78 84 89
35 78 35 59 66 78
6 47 6 17 20 30 34 47
27 60 27 44 51 60
23 39 23 35 39
15 75 15 26 28 37 49 51 58 61 75
11 68 11 20 59 64 68
62 63 62 63
7 45 7 27 34 45
17 80 17 33 78 80
79 88 79 84 88
24 52 24 32 48 52
58 85 58 67 72 82 85
23 39 23 35 39
20 81 20 40 64 80 81
52 64 52 64
12 73 12 29 43 52 67 73
34 50 34 38 41 50
26 47 26 28 35 43 47
14 67 14 30 39 58 67
57 72 57 72
8 47 8 28 35 43 47
39 75 39 58 61 75
34 45 34 45
3 26 3 14 19 21 26
13 28 13 14 19 21 26 28
40 78 40 78
21 38 21 26 38
20 81 20 30 50 51 58 61 75 80 81
2 20 2 14 19 20
20 84 20 56 78 84
0 89 0 13 84 89
20 76 20 59 64 69 76
36 60 36 50 60
24 50 24 30 34 45 50
7 64 7 39 58 64
12 43 12 26 28 35 43
20 87 20 72 87
23 49 23 28 35 41 49
59 65 59 65
70 72 70 72
16 76 16 23 44 51 60 69 76
9 29 9 13 24 29
17 55 17 25 35 43 44 55
36 58 36 37 51 58
2 72 2 23 28 49 51 58 67 72
22 77 22 59 77
12 61 12 47 61
23 58 23 35 39 58
28 41 28 41
2 78 2 56 62 72 78
26 43 26 28 35 43
0 51 0 10 34 45 50 51
9 48 9 13 28 37 48
12 40 12 37 40
24 67 24 30 39 58 67
37 69 37 51 59 69
12 57 12 57
4 33 4 13 16 23 25 33
31 88 31 56 82 85 88
49 75 49 51 58 61 75
6 20 6 18 20
23 87 23 32 51 67 77 87
44 55 44 55
10 45 10 34 45
9 47 9 32 47
22 58 22 34 45 55 58
52 67 52 67
52 78 52 67 72 78
5 62 5 36 43 62
49 75 49 51 58 61 75
7 83 7 41 79 83
6 62 6 24 29 43 62
28 70 28 35 41 70
3 64 3 27 44 64
16 50 16 24 50
32 78 32 51 59 66 78
12 40 12 29 36 37 40
51 61 51 58 61
49 67 49 51 67
27 72 27 52 67 72
27 82 27 53 72 82
13 14 13 14
8 28 8 28
22 34 22 34
61 71 61 64 71
18 69 18 21 58 64 69
0 44 0 43 44
39 81 39 58 78 80 81
25 39 25 33 39
13 48 13 29 48
8 40 8 9 16 40
9 82 9 60 82
28 57 28 41 57
42 58 42 51 58
62 72 62 72
9 86 9 13 49 51 59 71 83 86
23 82 23 25 38 41 49 72 82
43 76 43 52 64 68 69 76
21 85 21 26 75 82 85
55 72 55 58 67 72
18 82 18 20 72 82
16 44 16 28 35 43 44
9 50 9 17 25 38 41 50
39 46 39 46
61 88 61 88
28 69 28 35 41 50 59 64 69
17 62 17 29 43 62
8 65 8 28 37 51 59 65
42 76 42 64 68 69 76
30 50 30 50
24 60 24 30 50 60
2 78 2 14 30 54 67 72 78
22 83 22 31 39 60 66 83
13 74 13 16 68 74
9 57 9 13 29 43 44 55 57
25 79 25 35 43 44 55 79
15 26 15 26
21 73 21 40 42 51 58 73
29 48 29 37 48
6 37 6 37
13 63 13 29 37 40 63
28 68 28 49 51 59 64 68
9 21 9 13 14 19 21
38 89 38 42 70 72 78 80 83 89
57 82 57 63 82
34 61 34 44 55 61
11 59 11 35 43 44 51 59
48 73 48 54 73
44 84 44 53 72 78 84
31 68 31 68
64 71 64 71
60 85 60 66 71 82 85
30 84 30 41 78 84
28 54 28 37 48 54
49 69 49 51 64 68 69
9 48 9 24 34 48
18 58 18 21 40 42 51 58
6 70 6 24 27 29 36 37 40 42 70
42 73 42 51 67 73
42 62 42 62
5 52 5 37 48 52
30 76 30 39 60 69 76
41 79 41 79
30 68 30 68
57 83 57 72 78 81 83
71 84 71 84
34 38 34 38
18 22 18 22
9 48 9 13 24 30 34 48
4 60 4 23 32 51 60
6 88 6 15 58 77 88
38 85 38 42 62 72 82 85
25 37 25 33 37
13 49 13 49
15 75 15 26 28 35 39 58 61 75
0 10 0 10
25 72 25 33 72
9 69 9 50 51 60 69
39 46 39 46
24 43 24 29 43
15 52 15 22 31 43 52
15 79 15 30 44 79
54 67 54 67
7 76 7 15 26 55 61 64 69 76
30 45 30 34 45
6 70 6 17 25 33 37 40 42 70
20 55 20 26 55
29 55 29 43 44 55
6 61 6 24 32 44 55 58 61
4 75 4 13 16 35 41 49 51 58 61 75
14 65 14 31 43 62 63 65
0 80 0 13 49 51 59 66 78 80
22 61 22 34 47 61
3 50 3 30 50
20 60 20 40 42 51 60
6 30 6 18 20 30
0 37 0 13 20 26 28 37
59 76 59 64 68 69 76
6 73 6 17 55 67 73
0 67 0 43 47 67
33 46 33 39 46
67 73 67 73
54 81 54 81
50 84 50 51 60 66 71 84
16 23 16 23
1 43 1 3 21 26 28 35 43
22 55 22 25 35 43 44 55
9 86 9 57 83 86
5 88 5 36 48 88
15 60 15 26 40 60
18 43 18 20 26 28 35 43
70 88 70 82 85 88
44 64 44 55 58 61 64
21 58 21 40 42 51 58
59 71 59 71
75 78 75 78
51 64 51 64
10 69 10 60 69
52 68 52 64 68
40 71 40 51 59 64 71
38 42 38 42
1 22 1 2 18 22
50 84 50 59 71 84
23 39 23 28 35 39
24 88 24 54 67 77 88
16 73 16 38 42 51 58 67 73
51 78 51 59 66 78
6 45 6 15 30 34 45
39 81 39 57 78 80 81
38 76 38 42 51 64 69 76
36 83 36 48 54 83
43 89 43 64 81 83 89
2 57 2 23 44 55 57
5 62 5 37 40 42 62
32 89 32 89
64 86 64 80 83 86
6 43 6 31 43
59 68 59 64 68
58 67 58 67
5 20 5 7 14 19 20
71 88 71 83 88
20 65 20 56 62 65
3 24 3 16 24
61 83 61 64 81 83
7 76 7 29 37 40 42 64 68 69 76
49 76 49 51 58 61 64 69 76
42 46 42 46
44 79 44 79
40 42 40 42
22 56 22 25 35 56
30 61 30 50 51 58 61
0 57 0 17 33 37 40 42 57
31 57 31 39 57
43 78 43 47 75 78
6 57 6 37 40 42 57
16 52 16 27 52
77 89 77 89
12 66 12 66
29 59 29 37 49 51 59
19 54 19 33 37 48 54
28 58 28 58
29 64 29 48 52 64
19 62 19 62
43 78 43 47 61 75 78
6 16 6 16
37 72 37 48 54 72
41 74 41 49 51 64 68 74
31 68 31 68
27 86 27 86
40 89 40 60 66 71 84 89
15 58 15 58
34 65 34 48 54 59 65
2 42 2 13 26 28 37 40 42
20 49 20 30 41 49
0 69 0 20 32 44 64 69
21 82 21 26 28 58 67 82
35 68 35 59 64 68
34 86 34 59 66 83 86
15 26 15 26
62 89 62 63 80 83 89
71 82 71 82
22 84 22 25 33 51 64 71 84
29 43 29 43
2 55 2 14 31 43 44 55
59 89 59 64 71 83 89
3 33 3 14 25 33
78 83 78 80 81 83
44 80 44 79 80
15 79 15 22 31 43 44 79
8 23 8 13 16 23
2 55 2 13 20 30 44 55
6 54 6 16 23 37 48 54
5 75 5 75
30 82 30 39 58 68 74 82
44 64 44 51 59 64
32 44 32 44
79 89 79 84 89
9 31 9 16 31
13 25 13 14 25
43 80 43 44 79 80
53 80 53 72 78 80
2 59 2 23 35 59
35 78 35 59 66 78
33 86 33 51 80 83 86
8 43 8 9 16 29 36 43
12 24 12 24
24 50 24 34 38 41 50
50 61 50 51 58 61
62 89 62 63 80 81 83 89
8 83 8 34 48 54 78 81 83
15 69 15 21 42 64 69
17 32 17 20 32
24 78 24 34 59 66 78
8 76 8 34 47 61 64 69 76
4 13 4 13
48 88 48 88
70 81 70 72 78 81
20 39 20 39
6 31 6 16 31
83 88 83 88
36 55 36 43 44 55
79 86 79 83 86
70 71 70 71
9 83 9 62 63 83
59 64 59 64
59 74 59 64 68 74
1 70 1 26 40 42 70
1 76 1 49 51 64 68 69 76
35 66 35 39 60 66
53 84 53 84
24 43 24 43
15 22 15 22
80 88 80 83 86 88
22 60 22 60
0 19 0 13 14 19
0 59 0 59
14 57 14 30 41 57
18 73 18 34 47 67 73
29 68 29 43 47 61 64 68
4 65 4 23 28 41 63 65
13 44 13 29 36 43 44
35 78 35 59 66 78
35 63 35 56 62 63
12 42 12 29 36 37 40 42
19 69 19 20 56 64 68 69
9 62 9 62
8 34 8 34
10 32 10 24 32
18 59 18 22 59
19 81 19 33 67 72 78 81
24 75 24 50 51 58 61 75
30 53 30 53
19 62 19 33 62
27 89 27 70 71 84 89
37 59 37 49 51 59
15 35 15 26 28 35
38 57 38 41 57
2 26 2 9 13 20 26
62 72 62 72
7 39 7 14 25 35 39
13 48 13 24 34 48
45 57 45 55 57
24 72 24 32 51 58 67 72
23 42 23 37 40 42
44 51 44 51
12 77 12 45 50 59 66 77
27 66 27 29 37 59 66
21 35 21 26 28 35
3 87 3 15 30 44 55 61 64 69 87
30 74 30 34 38 41 49 51 64 68 74
30 44 30 44
15 68 15 26 42 64 68
52 89 52 64 71 84 89
13 88 13 20 56 62 74 85 88
15 85 15 26 42 70 82 85
31 39 31 39
49 74 49 51 64 68 74
10 47 10 17 25 35 43 47
3 33 3 14 25 33
52 68 52 64 68
18 58 18 21 42 51 58
83 89 83 89
39 81 39 57 78 80 81
58 67 58 67
8 21 8 9 13 14 19 21
35 84 35 59 71 84
15 53 15 30 41 53
18 83 18 59 64 71 83
33 61 33 49 51 58 61
21 71 21 58 61 64 71
30 65 30 39 57 65
1 30 1 3 30
1 80 1 19 21 42 70 72 78 80
43 44 43 44
29 82 29 48 52 67 72 82
19 64 19 38 42 51 58 64
17 62 17 33 62
3 64 3 64
4 62 4 13 20 26 28 35 56 62
1 78 1 78
3 71 3 30 54 59 66 71
37 49 37 49
13 64 13 28 64
35 63 35 56 62 63
14 83 14 25 63 83
8 88 8 88
22 82 22 60 66 71 82
17 48 17 32 48
0 70 0 43 70
7 77 7 28 41 50 59 66 77
38 82 38 42 62 63 82
13 84 13 14 28 37 51 58 67 72 78 84
5 53 5 6 15 21 26 28 35 43 44 53
16 87 16 35 59 77 87
31 77 31 39 60 66 77
26 63 26 28 41 63
32 48 32 48
10 25 10 17 25
9 78 9 62 72 78
29 62 29 36 37 40 42 62
13 56 13 20 56
14 88 14 59 71 84 88
53 82 53 72 82
38 80 38 42 64 80
34 45 34 45
44 89 44 79 83 89
28 35 28 35
43 59 43 44 51 59
3 22 3 15 22
17 30 17 20 30
12 60 12 45 50 51 60
21 26 21 26
26 65 26 55 63 65
15 83 15 22 31 56 62 72 78 80 83
40 65 40 42 51 59 65
14 68 14 28 35 59 64 68
54 80 54 75 78 80
25 47 25 35 43 47
33 63 33 37 40 42 62 63
26 57 26 40 42 57
40 46 40 42 46
8 57 8 34 38 42 57
75 80 75 78 80
79 86 79 81 83 86
18 41 18 34 38 41
54 88 54 78 81 83 86 88
32 89 32 53 84 89
5 73 5 52 67 73
84 88 84 88
2 53 2 14 31 43 44 53
8 51 8 9 32 44 51
11 30 11 20 30
6 88 6 88
17 33 17 25 33
27 53 27 32 53
77 89 77 89
14 70 14 28 35 41 70
12 43 12 27 29 36 43
29 49 29 36 37 49
51 87 51 67 72 87
20 50 20 26 28 35 41 50
19 63 19 21 40 63
18 31 18 22 31
21 43 21 26 28 35 43
4 63 4 41 57 63
14 21 14 19 21
1 23 1 3 9 16 23
35 41 35 41
2 41 2 18 22 34 38 41
41 76 41 76
0 16 0 13 16
17 58 17 20 32 51 58
9 78 9 57 72 78
11 88 11 68 69 88
24 32 24 27 32
54 81 54 72 78 81
22 62 22 34 38 42 62
13 38 13 20 26 38
23 67 23 25 38 41 67
2 45 2 14 19 20 30 34 45
62 85 62 63 82 85
12 41 12 27 34 38 41
3 21 3 21
61 84 61 64 71 84
41 89 41 79 80 83 89
12 30 12 17 20 30
7 80 7 32 58 61 75 78 80
26 66 26 38 60 66
18 49 18 34 38 41 49
16 49 16 24 30 41 49
12 79 12 45 55 79
3 82 3 82
37 74 37 49 51 59 64 68 74
43 76 43 52 64 69 76
5 36 5 6 27 29 36
39 71 39 58 64 71
30 82 30 68 74 82
20 32 20 32
32 86 32 66 78 81 83 86
0 47 0 10 17 20 32 47
20 80 20 72 78 80
6 31 6 15 22 31
2 9 2 9
8 88 8 9 57 80 81 83 86 88
24 53 24 29 43 44 53
8 30 8 13 14 30
5 36 5 36
4 77 4 8 28 41 67 77
30 68 30 50 51 58 68
21 43 21 26 28 35 43
24 36 24 29 36
58 86 58 64 86
36 43 36 43
25 85 25 33 39 85
24 82 24 71 82
62 87 62 72 87
19 62 19 56 62
14 68 14 34 44 55 58 64 68
0 75 0 47 61 75
14 77 14 25 33 67 77
19 64 19 43 64
40 71 40 64 71
35 41 35 41
18 72 18 34 38 41 70 72
80 88 80 83 86 88
20 50 20 26 28 35 41 50
42 58 42 51 58
52 67 52 67
12 43 12 24 43
10 39 10 30 39
34 47 34 47
3 69 3 58 68 69
72 81 72 78 80 81
13 28 13 14 19 20 26 28
29 59 29 43 44 51 59
2 72 2 14 31 43 44 53 72
4 26 4 13 26
30 54 30 48 54
37 84 37 49 72 78 84
6 39 6 17 20 26 28 35 39
17 83 17 51 80 81 83
47 76 47 61 64 69 76
13 38 13 16 27 34 38
9 63 9 62 63
60 84 60 66 71 84
11 70 11 70
36 63 36 43 44 55 57 63
44 88 44 51 80 81 83 86 88
43 87 43 87
36 82 36 55 67 82
21 63 21 40 63
32 86 32 53 72 78 81 83 86
34 47 34 47
5 18 5 6 18
62 74 62 74
57 86 57 72 78 80 83 86
35 77 35 43 47 67 77
4 89 4 77 89
40 65 40 63 65
0 49 0 27 34 38 41 49
58 77 58 77
58 74 58 61 64 68 74
80 89 80 83 89
22 35 22 25 35
40 73 40 42 51 67 73
22 25 22 25
42 57 42 57
1 7 1 7
27 44 27 34 44
57 63 57 63
20 67 20 55 67
38 79 38 41 79
60 87 60 66 77 87
38 70 38 42 70
44 53 44 53
11 87 11 70 72 87
36 76 36 55 61 64 68 69 76
44 57 44 55 57
6 70 6 37 40 42 70
60 69 60 69
28 60 28 41 50 60
58 74 58 64 68 74
11 33 11 33
22 84 22 59 66 71 84
7 29 7 27 29
4 63 4 56 62 63
34 66 34 48 54 59 66
34 48 34 48
9 49 9 13 24 29 36 37 49
7 68 7 15 58 68
6 45 6 24 34 45
14 31 14 31
37 52 37 52
17 42 17 25 38 42
0 27 0 24 27
54 71 54 71
12 17 12 17
24 37 24 29 37
54 78 54 59 66 78
6 15 6 15
25 61 25 35 43 47 61
12 61 12 24 30 50 51 58 61
70 84 70 72 78 84
8 17 8 9 17
54 67 54 67
27 50 27 29 36 50
55 64 55 61 64
47 80 47 61 64 80
13 73 13 28 37 48 54 67 73
55 82 55 61 75 82
2 57 2 57
54 59 54 59
20 66 20 30 34 48 54 59 66
75 89 75 80 81 83 89
2 72 2 33 37 48 72
22 31 22 31
40 86 40 72 78 80 81 83 86
32 54 32 48 54
52 89 52 77 89
14 75 14 31 43 47 75
2 78 2 78
48 61 48 61
33 51 33 37 51
0 29 0 13 29
42 75 42 51 58 61 75
42 68 42 64 68
34 69 34 59 69
39 65 39 57 65
18 31 18 22 31
11 21 11 21
30 85 30 54 67 72 78 85
32 59 32 44 51 59
17 46 17 25 38 42 46
40 51 40 51
44 86 44 51 59 66 78 80 81 83 86
26 54 26 28 37 48 54
24 34 24 30 34
7 33 7 14 25 33
6 78 6 17 78
6 60 6 44 51 60
13 83 13 49 72 78 81 83
49 75 49 51 58 61 75
20 35 20 26 28 35
56 85 56 78 85
9 13 9 13
11 41 11 35 41
55 89 55 57 63 83 89
26 63 26 40 42 62 63
7 84 7 57 72 78 84
2 23 2 13 16 23
52 74 52 64 68 74
10 39 10 30 39
64 69 64 68 69
2 51 2 33 37 40 42 51
27 60 27 34 44 51 60
64 88 64 81 83 86 88
19 65 19 38 41 65
55 86 55 63 83 86
62 82 62 63 82
19 47 19 43 47
39 75 39 58 61 75
22 82 22 25 63 82
74 82 74 82
16 64 16 27 52 64
8 21 8 9 13 14 19 21
54 88 54 83 88
19 52 19 20 26 28 35 43 52
47 72 47 67 72
28 55 28 35 43 44 55
61 74 61 64 68 74
31 58 31 39 58
9 16 9 16
36 59 36 48 54 59
57 78 57 78
42 69 42 51 58 61 64 68 69
20 55 20 32 44 55
6 83 6 18 21 42 62 72 78 81 83
2 30 2 14 30
5 32 5 6 27 32
58 75 58 61 75
23 67 23 32 47 67
11 21 11 21
50 71 50 60 66 71
2 26 2 18 20 26
35 72 35 72
53 82 53 72 82
60 82 60 66 71 82
63 81 63 80 81
7 26 7 15 21 26
7 32 7 32
34 86 34 59 71 83 86
35 78 35 59 66 78
7 40 7 40
13 72 13 20 26 55 57 72
41 49 41 49
40 60 40 51 60
22 81 22 31 39 60 66 78 81
13 20 13 14 19 20
16 25 16 23 25
45 75 45 54 75
53 77 53 77
7 76 7 33 37 52 64 69 76
19 64 19 33 37 48 52 64
10 72 10 48 54 72
30 47 30 34 47
8 85 8 9 50 82 85
56 74 56 74
11 30 11 20 30
16 29 16 29
2 67 2 33 39 58 67
20 65 20 30 34 38 42 62 63 65
6 80 6 54 67 72 78 80
3 26 3 14 19 20 26
17 78 17 29 43 44 78
3 25 3 16 23 25
61 84 61 75 78 84
36 81 36 48 79 81
0 46 0 27 34 46
33 51 33 49 51
23 32 23 32
34 72 34 67 72
6 70 6 27 29 37 40 42 70
17 81 17 78 80 81
13 16 13 16
1 69 1 2 33 39 58 64 68 69
77 87 77 87
38 79 38 41 79
15 54 15 26 28 37 48 54
7 67 7 14 31 43 47 67
67 88 67 77 88
43 83 43 80 81 83
58 82 58 68 74 82
26 60 26 40 51 60
7 80 7 29 37 49 72 78 80
10 68 10 24 43 44 61 64 68
57 88 57 80 83 88
7 88 7 57 72 86 88
3 21 3 9 13 14 19 21
21 40 21 26 28 37 40
71 84 71 84
23 33 23 25 33
40 84 40 78 84
5 79 5 36 55 79
19 44 19 43 44
48 73 48 54 67 73
22 77 22 43 44 53 77
30 53 30 44 53
47 75 47 61 75
38 89 38 42 70 72 78 84 89
12 79 12 32 48 79
19 77 19 20 40 51 58 67 77
17 25 17 25
25 46 25 40 42 46
1 55 1 26 28 35 43 44 55
81 83 81 83
8 62 8 62
10 39 10 30 39
8 45 8 13 24 34 45
42 68 42 64 68
59 64 59 64
29 60 29 37 49 51 60
18 22 18 22
9 52 9 20 26 28 37 48 52
70 89 70 71 84 89
25 33 25 33
41 53 41 53
59 83 59 71 83
23 57 23 28 37 40 42 57
10 60 10 24 43 44 51 60
9 81 9 62 72 78 80 81
10 54 10 48 54
29 40 29 36 37 40
9 47 9 13 20 32 47
61 80 61 75 80
8 37 8 13 24 29 36 37
52 83 52 78 80 83
51 67 51 58 67
7 70 7 41 70
30 48 30 34 48
35 66 35 43 44 51 59 66
4 23 4 8 9 13 16 23
55 67 55 67
4 27 4 13 24 27
38 65 38 42 62 63 65
3 33 3 16 23 25 33
43 62 43 62
64 82 64 82
12 70 12 26 28 37 40 42 70
27 83 27 32 58 78 80 81 83
79 80 79 80
22 33 22 33
17 29 17 29
13 85 13 74 82 85
24 42 24 34 38 42
8 28 8 28
83 89 83 89
32 47 32 47
30 80 30 44 55 79 80
32 67 32 58 67
36 51 36 50 51
6 66 6 30 34 38 42 51 59 66
3 65 3 15 21 42 57 65
10 48 10 24 32 48
5 36 5 7 27 29 36
33 51 33 51
14 40 14 25 33 37 40
52 69 52 64 69
25 57 25 35 43 44 55 57
1 72 1 7 57 72
16 29 16 27 29
7 21 7 14 19 21
36 82 36 37 59 66 71 82
23 78 23 57 78
31 68 31 68
18 72 18 20 72
13 26 13 14 19 20 26
47 83 47 61 75 83
34 72 34 48 52 67 72
3 65 3 16 23 28 37 40 51 59 65
4 49 4 23 49
19 49 19 20 30 41 49
26 40 26 40
8 34 8 13 16 24 30 34
31 89 31 39 60 66 83 89
38 77 38 42 46 77
23 38 23 25 38
15 66 15 22 33 37 59 66
18 72 18 72
37 73 37 52 67 73
22 62 22 43 62
24 88 24 29 43 75 78 85 88
6 17 6 17
13 40 13 28 37 40
72 85 72 82 85
35 84 35 59 66 71 84
72 85 72 82 85
9 76 9 17 29 43 52 64 68 69 76
58 80 58 64 80
7 83 7 49 72 78 81 83
0 29 0 17 29
74 88 74 82 85 88
4 69 4 30 41 50 60 69
0 73 0 24 32 48 52 67 73
26 80 26 42 70 72 78 80
12 68 12 47 61 64 68
20 66 20 32 44 51 60 66
0 76 0 13 29 43 52 64 68 69 76
26 52 26 28 35 43 52
3 58 3 38 41 50 51 58
14 70 14 31 43 70
36 76 36 59 69 76
1 27 1 13 16 24 27
16 81 16 23 32 47 75 80 81
12 29 12 17 29
3 29 3 27 29
48 54 48 54
66 84 66 71 84
16 67 16 35 39 58 67
4 70 4 70
54 88 54 78 80 81 83 86 88
24 30 24 30
21 85 21 42 51 67 82 85
2 45 2 13 20 30 34 45
2 67 2 13 14 28 41 67
58 83 58 64 71 83
79 86 79 81 83 86
31 44 31 43 44
57 65 57 63 65
20 74 20 39 57 74
6 31 6 31
56 82 56 64 82
7 35 7 14 28 35
32 69 32 44 64 68 69
4 49 4 49
5 55 5 6 31 43 44 55
9 66 9 17 32 66
8 63 8 9 20 55 63
30 60 30 50 51 60
1 89 1 7 43 70 71 84 89
21 64 21 59 64
20 59 20 30 54 59
1 9 1 2 9
6 88 6 40 78 81 83 88
1 69 1 39 60 69
19 43 19 21 26 28 35 43
4 77 4 8 41 66 77
45 75 45 75
29 76 29 36 60 69 76
4 58 4 23 35 41 49 51 58
22 73 22 34 47 67 73
7 80 7 62 63 80
29 66 29 37 59 66
78 85 78 85
14 82 14 59 71 82
85 88 85 88
6 42 6 15 22 33 37 40 42
26 70 26 40 42 70
78 83 78 81 83
17 39 17 25 33 39
58 89 58 77 89
36 83 36 50 59 64 80 83
70 72 70 72
5 81 5 36 66 78 81
4 76 4 49 51 58 68 69 76
10 56 10 17 20 56
38 42 38 42
28 49 28 35 41 49
86 88 86 88
13 14 13 14
31 77 31 43 77
2 36 2 9 17 29 36
59 71 59 66 71
19 33 19 33
38 64 38 41 50 59 64
79 80 79 80
30 86 30 44 55 79 81 83 86
12 42 12 29 36 37 40 42
19 46 19 21 40 42 46
35 65 35 63 65
8 76 8 28 69 76
38 67 38 41 49 51 67
37 74 37 52 64 68 74
78 84 78 84
49 58 49 51 58
17 52 17 33 52
4 28 4 8 28
30 44 30 44
2 89 2 72 78 80 83 89
15 53 15 22 31 43 44 53
35 82 35 82
32 47 32 47
26 79 26 38 41 79
52 83 52 83
11 64 11 58 61 64
2 19 2 9 13 14 19
41 83 41 67 72 78 80 81 83
31 39 31 39
2 89 2 72 78 80 81 83 89
5 26 5 7 15 21 26
6 21 6 15 21
1 58 1 58
1 48 1 13 26 28 37 48
43 44 43 44
25 86 25 40 60 66 71 83 86
54 86 54 81 83 86
40 42 40 42
50 61 50 51 58 61
26 57 26 42 57
33 59 33 37 48 54 59
7 34 7 15 30 34
25 76 25 35 43 47 61 64 69 76
27 79 27 44 55 79
18 54 18 22 33 37 48 54
6 32 6 16 24 32
70 71 70 71
24 29 24 27 29
22 57 22 34 38 41 57
9 63 9 13 16 29 43 62 63
61 89 61 75 78 81 83 89
8 58 8 13 20 39 58
21 47 21 26 28 35 43 47
67 88 67 82 85 88
11 70 11 70
4 47 4 8 28 35 43 47
57 83 57 80 83
1 67 1 13 24 32 51 58 67
37 49 37 49
25 66 25 40 51 59 66
20 66 20 59 66
4 9 4 8 9
7 34 7 15 22 34
49 81 49 72 78 81
39 73 39 58 67 73
20 49 20 30 34 38 41 49
21 40 21 40
21 28 21 26 28
26 69 26 69
57 89 57 63 83 89
21 46 21 40 42 46
7 43 7 15 22 31 43
19 46 19 43 46
18 44 18 34 44
46 77 46 77
11 20 11 20
51 60 51 60
22 65 22 31 56 62 65
1 49 1 49
36 77 36 43 77
51 87 51 64 87
8 62 8 34 38 42 62
2 45 2 9 20 30 34 45
8 32 8 9 16 23 32
40 78 40 78
66 83 66 71 83
15 85 15 30 39 58 67 72 82 85
4 74 4 8 9 32 58 61 64 68 74
36 83 36 37 59 64 71 83
11 33 11 33
24 38 24 30 34 38
0 70 0 24 34 38 41 70
25 46 25 38 42 46
24 43 24 43
0 44 0 43 44
49 89 49 51 67 72 78 84 89
13 34 13 14 30 34
43 65 43 44 51 59 65
17 71 17 52 71
14 19 14 19
0 27 0 27
6 52 6 24 34 45 52
16 50 16 29 36 50
0 46 0 24 27 29 43 46
40 67 40 51 58 67
9 47 9 20 26 28 35 43 47
18 22 18 22
20 84 20 30 53 72 78 84
0 67 0 67
8 50 8 41 50
24 59 24 30 41 59
9 78 9 17 32 58 78
49 88 49 51 80 83 88
19 52 19 20 26 28 35 43 52
48 52 48 52
70 84 70 72 78 84
52 64 52 64
14 88 14 28 68 69 88
26 65 26 42 51 59 65
28 77 28 41 50 59 66 77
7 87 7 33 62 72 87
1 24 1 2 9 16 24
26 74 26 68 74
8 58 8 41 50 51 58
81 83 81 83
4 13 4 13
22 57 22 25 57
79 81 79 81
45 75 45 55 58 61 75
17 69 17 51 59 69
3 26 3 14 19 21 26
13 48 13 16 24 29 48
1 7 1 7
13 27 13 24 27
2 45 2 14 34 45
23 77 23 55 67 77
53 88 53 77 87 88
34 79 34 79
22 33 22 33
60 84 60 66 78 84
24 60 24 32 51 60
48 72 48 72
4 69 4 49 69
40 63 40 63
13 27 13 24 27
29 60 29 36 43 44 51 60
1 3 1 3
22 82 22 43 47 75 82
27 88 27 34 67 72 87 88
12 79 12 37 48 79
8 62 8 13 28 37 40 42 62
52 71 52 71
39 71 39 60 66 71
10 17 10 17
86 88 86 88
4 27 4 8 13 16 24 27
19 44 19 20 30 34 44
1 32 1 2 14 19 20 32
22 84 22 34 79 84
44 79 44 79
1 7 1 7
20 75 20 30 54 75
2 18 2 18
17 42 17 29 37 40 42
14 89 14 28 35 41 79 83 89
64 80 64 80
59 81 59 64 81
54 67 54 67
26 53 26 28 35 41 53
5 23 5 6 16 23
18 43 18 22 25 35 43
16 59 16 31 43 44 51 59
24 69 24 54 59 64 68 69
27 88 27 34 48 72 87 88
49 69 49 69
40 64 40 42 64
32 65 32 51 59 65
72 86 72 86
17 59 17 20 30 48 54 59
39 85 39 60 82 85
64 68 64 68
6 34 6 17 20 30 34
38 77 38 42 51 59 77
19 54 19 20 32 48 54
5 80 5 37 49 72 78 80
3 52 3 27 29 37 48 52
42 51 42 51
10 84 10 30 48 75 78 84
41 80 41 70 72 78 80
0 44 0 13 16 35 43 44
2 69 2 56 64 69
4 47 4 23 28 35 43 47
8 9 8 9
40 68 40 51 64 68
15 53 15 22 25 35 43 44 53
18 22 18 22
30 51 30 44 51
24 72 24 43 52 67 72
1 50 1 7 29 36 50
26 86 26 40 63 80 83 86
0 76 0 20 56 64 69 76
28 69 28 49 51 58 68 69
3 79 3 15 26 28 41 79
12 56 12 26 28 35 56
4 17 4 8 9 17
12 56 12 26 28 35 56
32 59 32 44 51 59
14 59 14 30 54 59
0 16 0 13 16
32 58 32 58
0 43 0 27 29 36 43
9 83 9 16 48 79 80 81 83
43 80 43 70 72 78 80
0 57 0 57
21 82 21 26 38 42 62 74 82
4 41 4 13 14 34 38 41
41 88 41 63 80 81 83 88
15 22 15 22
70 86 70 86
3 37 3 27 29 37
22 59 22 59
5 7 5 7
0 69 0 45 64 69
43 80 43 75 78 80
6 62 6 21 26 28 35 56 62
23 53 23 35 43 44 53
41 80 41 57 78 80
11 63 11 33 37 40 42 57 63
10 26 10 17 20 26
37 89 37 51 59 89
29 83 29 43 44 55 79 81 83
25 79 25 33 37 48 79
44 86 44 51 59 86
24 89 24 27 78 80 81 83 89
3 79 3 14 34 79
5 47 5 25 35 43 47
51 59 51 59
23 82 23 57 74 82
38 89 38 63 83 89
33 61 33 61
11 88 11 70 88
3 69 3 51 60 69
15 66 15 21 59 66
18 46 18 20 40 42 46
20 46 20 30 39 46
54 59 54 59
19 21 19 21
4 9 4 8 9
5 59 5 25 40 42 51 59
52 86 52 64 81 83 86
1 37 1 3 9 24 27 29 37
24 75 24 32 58 61 75
3 89 3 27 58 61 75 83 89
15 76 15 58 64 69 76
21 54 21 26 28 37 48 54
20 70 20 40 42 70
17 25 17 25
15 55 15 30 44 55
15 26 15 21 26
7 39 7 15 30 39
14 64 14 28 58 61 64
12 41 12 27 34 38 41
19 54 19 20 26 28 37 48 54
10 62 10 34 38 42 62
31 52 31 43 52
13 26 13 26
2 88 2 60 82 85 88
74 85 74 82 85
25 51 25 33 49 51
35 85 35 82 85
35 82 35 72 82
22 84 22 59 66 78 84
59 71 59 71
35 64 35 56 64
28 62 28 35 43 62
54 86 54 67 72 86
64 71 64 71
24 64 24 50 51 58 61 64
7 34 7 14 34
34 61 34 44 51 58 61
5 84 5 70 72 78 84
0 29 0 10 17 29
3 50 3 27 34 38 41 50
23 48 23 25 33 37 48
33 66 33 51 60 66
25 38 25 38
3 48 3 27 29 48
58 85 58 64 82 85
0 21 0 13 14 19 21
2 71 2 13 20 26 40 60 66 71
32 58 32 58
17 79 17 55 79
39 89 39 58 61 75 83 89
17 20 17 20
22 33 22 25 33
6 73 6 17 29 43 52 67 73
57 74 57 74
40 72 40 51 58 67 72
26 47 26 28 35 43 47
2 81 2 14 30 53 72 78 80 81
16 68 16 23 49 51 64 68
5 81 5 81
33 58 33 39 58
2 84 2 70 72 78 84
25 82 25 35 43 52 67 82
43 67 43 44 51 58 67
42 89 42 57 80 83 89
60 88 60 69 88
66 88 66 78 85 88
17 47 17 25 35 43 47
3 46 3 9 24 30 39 46
25 66 25 33 37 51 60 66
54 77 54 67 77
8 88 8 58 64 82 85 88
14 75 14 42 51 58 61 75
38 64 38 41 50 59 64
29 62 29 37 40 42 62
64 68 64 68
64 81 64 81
30 88 30 54 86 88
8 21 8 9 13 14 19 21
61 74 61 64 68 74
47 61 47 61
33 58 33 51 58
40 57 40 42 57
58 84 58 61 75 78 84
12 46 12 37 40 42 46
17 79 17 25 35 43 44 79
47 75 47 75
2 39 2 14 25 35 39
2 83 2 13 20 79 83
27 81 27 79 81
4 63 4 56 62 63
22 34 22 34
5 49 5 37 49
7 19 7 14 19
0 80 0 47 61 75 80
28 40 28 37 40
15 40 15 21 40
28 64 28 35 56 64
55 72 55 57 72
11 74 11 33 37 52 64 68 74
1 24 1 13 24
27 63 27 32 44 55 57 63
5 44 5 6 17 29 36 43 44
23 71 23 55 61 64 71
38 70 38 42 70
26 79 26 38 41 79
52 86 52 71 83 86
45 79 45 55 79
3 29 3 9 24 27 29
1 23 1 13 16 23
42 84 42 57 72 78 84
17 55 17 55
28 42 28 37 40 42
12 66 12 17 51 60 66
7 45 7 14 34 45
44 68 44 64 68
38 80 38 42 62 72 78 80
13 49 13 20 26 38 41 49
49 81 49 51 80 81
4 82 4 49 72 82
20 76 20 40 42 64 68 69 76
39 87 39 69 87
29 48 29 48
11 59 11 33 37 49 51 59
27 75 27 32 58 61 75
38 76 38 42 51 59 69 76
21 63 21 42 62 63
22 43 22 43
37 65 37 51 59 65
54 69 54 59 64 68 69
41 88 41 79 83 88
14 51 14 30 41 50 51
18 82 18 72 82
18 53 18 34 38 41 53
61 84 61 75 78 84
5 67 5 52 67
2 81 2 60 66 78 80 81
50 65 50 51 59 65
39 76 39 60 69 76
42 67 42 51 58 67
27 34 27 34
6 45 6 16 27 34 45
21 26 21 26
83 88 83 86 88
23 35 23 28 35
47 61 47 61
0 16 0 13 16
23 40 23 37 40
18 49 18 20 30 41 49
12 58 12 27 29 43 44 55 58
17 46 17 29 37 40 42 46
28 60 28 41 50 60
30 79 30 41 79
25 39 25 33 39
25 82 25 61 75 82
53 81 53 80 81
6 18 6 18
6 63 6 37 40 42 62 63
18 39 18 22 25 35 39
15 30 15 30
51 72 51 67 72
38 88 38 63 82 85 88
1 68 1 39 58 68
6 47 6 27 34 47
29 49 29 37 49
11 82 11 59 64 71 82
23 55 23 28 35 43 44 55
35 82 35 82
35 82 35 59 66 71 82
1 49 1 3 15 26 38 41 49
24 80 24 30 34 45 50 59 66 78 80
70 82 70 72 82
66 78 66 78
39 72 39 58 67 72
11 68 11 33 51 59 64 68
41 63 41 63
39 46 39 46
43 87 43 47 61 64 87
44 72 44 55 58 67 72
16 76 16 44 64 69 76
8 49 8 13 49
30 80 30 41 57 72 78 80
4 85 4 8 41 63 82 85
78 81 78 80 81
54 75 54 75
3 48 3 30 34 48
59 71 59 66 71
42 87 42 62 72 87
70 82 70 82
10 69 10 48 54 59 69
52 64 52 64
23 40 23 37 40
18 34 18 22 34
26 38 26 38
15 87 15 21 40 64 87
11 77 11 59 77
44 68 44 64 68
56 74 56 64 68 74
12 29 12 17 29
21 42 21 40 42
67 82 67 72 82
8 46 8 40 42 46
23 75 23 35 43 44 55 58 61 75
10 25 10 17 25
49 74 49 51 58 64 68 74
18 54 18 21 26 28 37 48 54
11 77 11 58 77
41 65 41 57 65
15 60 15 21 26 28 35 39 60
8 17 8 9 17
77 89 77 89
6 24 6 16 24
1 43 1 7 28 35 43
58 83 58 78 80 83
0 28 0 20 26 28
35 68 35 43 64 68
10 84 10 44 78 84
35 52 35 43 52
2 29 2 13 29
13 63 13 24 29 36 43 62 63
56 80 56 62 72 78 80
64 68 64 68
8 88 8 40 72 78 80 83 86 88
9 66 9 20 32 66
63 65 63 65
24 47 24 34 47
4 58 4 8 9 16 28 37 51 58
26 46 26 28 35 43 46
36 43 36 43
13 85 13 26 55 67 82 85
22 81 22 59 66 78 81
40 57 40 42 57
45 67 45 52 67
17 89 17 25 35 41 63 80 81 83 89
17 64 17 29 36 48 61 64
1 9 1 3 9
4 40 4 8 13 29 37 40
19 46 19 21 42 46
30 65 30 39 65
44 89 44 55 58 61 64 71 83 89
25 86 25 79 80 83 86
6 34 6 24 30 34
10 71 10 44 64 71
46 88 46 77 87 88
4 75 4 41 50 51 58 61 75
58 61 58 61
23 42 23 37 40 42
16 25 16 23 25
39 77 39 46 77
45 57 45 57
4 17 4 8 9 17
6 88 6 21 58 87 88
13 28 13 28
13 26 13 26
35 77 35 59 66 77
1 84 1 72 78 84
60 83 60 66 71 83
3 76 3 58 68 69 76
3 64 3 51 59 64
22 60 22 60
10 39 10 24 30 39
6 61 6 44 51 58 61
7 21 7 15 21
58 75 58 61 75
42 51 42 51
17 28 17 20 26 28
25 63 25 57 63
33 73 33 49 51 67 73
9 16 9 16
3 52 3 14 31 43 52
5 20 5 7 14 19 20
72 78 72 78
24 73 24 34 45 52 67 73
4 30 4 13 20 30
5 59 5 6 16 27 32 44 51 59
31 44 31 43 44
29 48 29 36 48
33 37 33 37
30 87 30 54 59 77 87
22 31 22 31
7 73 7 32 47 67 73
71 88 71 84 88
59 80 59 64 80
20 75 20 32 48 75
0 81 0 27 58 61 64 80 81
8 85 8 13 49 72 82 85
6 57 6 15 21 40 42 57
43 44 43 44
14 67 14 31 43 47 67
25 88 25 40 60 82 85 88
3 79 3 14 19 43 44 79
2 75 2 18 21 40 42 51 58 61 75
15 35 15 26 28 35
17 48 17 29 48
5 86 5 72 78 81 83 86
63 81 63 80 81
32 69 32 51 60 69
10 75 10 44 51 58 61 75
75 83 75 78 80 81 83
4 34 4 30 34
7 36 7 29 36
53 85 53 72 78 85
55 72 55 58 67 72
37 52 37 52
26 40 26 40
48 73 48 54 73
27 79 27 29 36 55 79
26 28 26 28
25 33 25 33
30 72 30 41 49 51 67 72
0 75 0 10 34 45 54 75
15 70 15 30 41 70
6 87 6 21 59 64 87
23 63 23 25 38 63
19 56 19 21 26 28 35 56
20 75 20 26 42 51 58 61 75
6 52 6 27 34 48 52
0 24 0 24
1 50 1 2 14 34 45 50
18 80 18 21 59 66 78 80
15 22 15 22
33 83 33 37 49 51 80 81 83
36 49 36 37 49
3 65 3 51 59 65
58 73 58 73
8 45 8 13 24 34 45
17 32 17 20 32
26 47 26 28 35 43 47
9 76 9 13 76
12 43 12 27 29 43
0 30 0 10 24 30
3 30 3 30
34 89 34 79 80 81 83 89
13 26 13 14 19 20 26
18 89 18 21 26 75 80 81 83 89
6 29 6 27 29
0 89 0 20 72 78 84 89
4 76 4 60 69 76
59 77 59 77
49 69 49 51 64 68 69
20 45 20 30 34 45
35 68 35 41 50 51 64 68
15 69 15 26 38 42 64 68 69
25 70 25 33 37 40 42 70
27 64 27 32 51 64
6 40 6 16 29 36 37 40
44 69 44 55 61 64 68 69
6 63 6 17 33 37 40 63
25 74 25 33 61 64 68 74
11 69 11 20 55 58 61 64 69
3 37 3 21 26 28 37
33 59 33 37 59
41 61 41 50 51 58 61
17 68 17 20 39 58 61 64 68
51 81 51 64 80 81
49 66 49 51 60 66
6 44 6 24 29 36 43 44
17 50 17 29 36 50
72 86 72 86
31 57 31 43 44 55 57
7 47 7 43 47
67 73 67 73
27 75 27 58 61 75
8 44 8 13 24 32 44
3 59 3 37 48 54 59
32 66 32 51 59 66
20 80 20 39 57 80
36 49 36 37 49
21 63 21 42 62 63
19 69 19 43 52 64 69
64 80 64 80
32 66 32 66
29 59 29 48 54 59
13 54 13 20 32 48 54
13 59 13 48 54 59
7 57 7 32 44 55 57
1 50 1 19 38 41 50
8 37 8 9 13 36 37
55 86 55 63 83 86
24 32 24 27 32
45 57 45 57
33 78 33 72 78
2 63 2 14 19 33 62 63
47 88 47 75 83 86 88
17 79 17 20 26 55 79
44 55 44 55
34 46 34 38 42 46
31 83 31 39 60 66 83
30 69 30 48 61 64 69
60 81 60 66 78 81
10 42 10 24 27 34 38 42
28 85 28 64 82 85
61 64 61 64
40 65 40 63 65
55 57 55 57
12 27 12 27
33 78 33 78
18 59 18 21 59
20 81 20 30 48 72 78 80 81
8 57 8 40 42 57
33 51 33 49 51
29 81 29 80 81
6 18 6 18
20 72 20 26 67 72
61 74 61 64 68 74
17 59 17 20 30 48 54 59
25 61 25 61
2 13 2 13
36 84 36 66 78 84
9 57 9 20 32 44 55 57
78 84 78 84
37 52 37 48 52
0 16 0 13 16
12 83 12 44 78 81 83
25 39 25 33 39
2 42 2 13 29 36 37 40 42
25 87 25 33 39 58 64 87
35 61 35 43 44 61
15 65 15 21 42 57 63 65
60 76 60 69 76
8 17 8 9 17
49 89 49 51 59 71 84 89
1 2 1 2
39 67 39 58 67
54 67 54 67
2 66 2 33 49 51 60 66
37 52 37 52
45 84 45 55 79 84
11 35 11 35
0 89 0 71 84 89
30 74 30 34 47 61 64 68 74
19 39 19 21 26 28 35 39
52 71 52 71
18 28 18 20 26 28
26 53 26 28 41 53
41 89 41 79 81 83 89
37 69 37 49 51 64 68 69
20 73 20 73
1 7 1 7
28 89 28 37 72 78 80 81 83 89
3 65 3 9 50 59 65
25 74 25 33 62 74
21 66 21 26 40 42 51 60 66
79 83 79 83
7 57 7 57
37 69 37 49 51 58 64 68 69
27 63 27 34 38 41 63
57 86 57 83 86
0 21 0 13 14 19 21
6 86 6 27 32 47 61 64 80 83 86
48 81 48 52 78 80 81
12 24 12 24
45 76 45 54 59 69 76
41 78 41 72 78
31 72 31 56 62 72
31 39 31 39
35 61 35 43 44 55 61
2 45 2 13 14 19 20 30 34 45
69 76 69 76
41 58 41 50 51 58
23 66 23 49 51 60 66
53 82 53 72 82
15 21 15 21
0 81 0 67 72 78 81
3 24 3 9 16 24
13 63 13 36 37 40 63
24 53 24 34 44 53
61 64 61 64
27 50 27 29 36 50
45 75 45 55 61 75
2 83 2 33 49 72 78 81 83
60 78 60 66 78
58 87 58 61 64 87
27 58 27 32 51 58
23 77 23 35 39 46 77
21 46 21 42 46
62 81 62 72 78 81
4 74 4 68 74
79 86 79 83 86
72 85 72 78 85
56 62 56 62
17 33 17 25 33
32 88 32 66 83 86 88
45 50 45 50
1 78 1 7 57 72 78
12 83 12 60 66 83
49 89 49 51 59 71 83 89
58 61 58 61
20 80 20 72 78 80
84 89 84 89
8 84 8 58 67 72 78 84
18 38 18 21 26 38
17 46 17 33 37 40 42 46
7 35 7 14 28 35
2 66 2 18 20 40 51 60 66
19 47 19 20 32 47
24 85 24 30 53 72 78 85
33 59 33 49 51 59
5 74 5 37 49 51 58 68 74
37 76 37 52 64 68 69 76
27 60 27 44 51 60
55 82 55 67 72 82
45 81 45 63 80 81
48 87 48 61 64 68 69 87
7 79 7 33 37 48 79
22 65 22 33 37 51 59 65
22 41 22 25 38 41
9 26 9 13 14 19 20 26
8 28 8 9 13 14 28
43 52 43 52
21 77 21 59 77
40 71 40 60 66 71
12 20 12 17 20
5 50 5 7 29 36 50
27 52 27 29 36 48 52
13 24 13 16 24
15 87 15 58 87
13 20 13 14 19 20
36 60 36 43 44 51 60
29 49 29 36 37 49
66 88 66 71 84 88
39 67 39 58 67
8 40 8 40
18 41 18 20 26 38 41
1 61 1 39 58 61
15 83 15 21 26 55 61 64 71 83
17 51 17 51
31 77 31 43 46 77
11 62 11 35 56 62
37 48 37 48
61 83 61 75 78 80 81 83
10 48 10 34 48
28 73 28 41 49 51 67 73
32 73 32 51 67 73
20 86 20 39 58 61 64 71 83 86
8 54 8 9 17 32 48 54
15 79 15 22 43 44 55 79
27 53 27 34 44 53
2 26 2 13 20 26
40 80 40 78 80
13 43 13 16 31 43
16 29 16 27 29
15 35 15 21 26 28 35
4 20 4 13 14 19 20
10 52 10 34 45 52
15 44 15 22 34 44
29 70 29 37 40 42 70
7 32 7 32
33 78 33 72 78
16 45 16 27 34 45
26 63 26 42 57 63
18 83 18 72 78 80 81 83
18 74 18 34 44 61 64 68 74
27 40 27 29 37 40
31 56 31 56
52 78 52 78
16 28 16 23 28
5 74 5 44 55 57 74
19 85 19 85
6 55 6 18 21 26 28 35 43 44 55
10 24 10 24
14 60 14 42 51 60
20 52 20 26 28 35 43 52
43 83 43 62 72 78 81 83
13 25 13 14 25
27 32 27 32
41 67 41 67
34 50 34 38 41 50
20 81 20 56 64 80 81
1 78 1 3 27 78
62 63 62 63
13 74 13 16 29 48 52 64 68 74
9 73 9 16 24 43 47 67 73
22 33 22 25 33
39 77 39 60 66 77
9 26 9 17 20 26
16 73 16 35 43 44 73
78 81 78 81
7 84 7 39 57 72 78 84
34 62 34 38 42 62
15 83 15 21 59 64 80 81 83
35 56 35 56
40 68 40 64 68
1 23 1 13 16 23
20 81 20 79 81
43 52 43 52
7 40 7 40
6 29 6 16 29
8 73 8 40 51 58 67 73
6 21 6 21
29 69 29 48 61 64 68 69
40 89 40 63 80 83 89
28 73 28 41 50 51 58 67 73
3 57 3 27 29 37 40 42 57
1 72 1 26 38 42 62 72
2 20 2 18 20
48 52 48 52
3 43 3 27 29 36 43
34 86 34 38 70 86
39 76 39 76
9 37 9 24 29 36 37
41 70 41 70
3 23 3 9 13 16 23
15 49 15 30 41 49
2 80 2 63 80
8 45 8 13 24 30 34 45
18 51 18 20 30 41 50 51
14 51 14 28 35 43 44 51
25 80 25 38 63 80
54 86 54 72 86
12 41 12 17 25 38 41
59 84 59 66 78 84
14 78 14 34 44 51 59 66 78
4 23 4 23
2 18 2 18
8 47 8 9 20 30 34 47
1 74 1 7 62 74
22 35 22 25 35
9 40 9 24 29 36 37 40
2 36 2 13 24 27 29 36
3 16 3 16
23 75 23 35 39 58 61 75
19 45 19 20 30 34 45
20 56 20 56
34 47 34 47
5 43 5 6 24 27 29 43
20 60 20 39 60
24 77 24 32 58 67 77
13 30 13 24 30
20 56 20 56
25 60 25 40 60
27 40 27 29 36 37 40
28 78 28 78
38 64 38 42 51 58 61 64
22 62 22 43 62
0 19 0 13 14 19
28 62 28 37 40 42 62
6 83 6 37 52 80 81 83
8 65 8 40 51 59 65
29 57 29 37 40 42 57
45 63 45 55 57 63
10 28 10 17 20 26 28
28 68 28 64 68
56 63 56 62 63
35 59 35 43 44 51 59
1 43 1 19 20 26 28 35 43
49 61 49 51 58 61
23 38 23 25 38
12 84 12 66 71 84
58 76 58 64 68 69 76
36 63 36 37 40 42 62 63
28 78 28 41 57 72 78
69 88 69 88
10 81 10 52 80 81
41 65 41 63 65
37 65 37 48 54 59 65
28 58 28 58
55 77 55 67 77
21 28 21 26 28
31 63 31 39 57 63
1 48 1 2 14 28 37 48
62 81 62 72 78 81
31 89 31 39 58 64 71 84 89
37 40 37 40
2 46 2 23 28 37 40 42 46
10 17 10 17
5 74 5 61 64 68 74
40 57 40 42 57
16 49 16 29 36 37 49
20 79 20 30 48 79
12 37 12 24 29 37
14 34 14 34
32 52 32 48 52
22 81 22 31 43 47 61 64 80 81
15 35 15 22 25 35
19 43 19 21 26 28 35 43
20 87 20 66 77 87
18 71 18 59 64 71
49 84 49 51 64 71 84
78 80 78 80
38 53 38 41 53
4 56 4 23 35 56
2 78 2 78
50 61 50 51 58 61
8 76 8 41 50 51 60 69 76
74 82 74 82
28 58 28 58
5 62 5 37 40 42 62
23 79 23 35 43 44 55 79
7 83 7 15 21 59 66 78 81 83
15 21 15 21
27 47 27 29 43 47
29 72 29 36 50 51 67 72
13 88 13 20 39 46 77 87 88
9 47 9 32 47
12 71 12 17 55 61 64 71
8 85 8 62 72 82 85
38 41 38 41
24 45 24 30 34 45
31 44 31 43 44
58 83 58 61 75 83
17 43 17 20 26 28 35 43
28 86 28 41 79 80 83 86
59 86 59 64 80 81 83 86
9 82 9 20 26 75 82
7 41 7 27 34 38 41
37 66 37 51 60 66
22 55 22 34 45 55
19 82 19 82
10 26 10 17 20 26
21 41 21 26 28 41
42 51 42 51
4 28 4 13 28
17 89 17 70 72 78 80 81 83 89
13 53 13 28 41 53
33 60 33 39 60
2 80 2 63 80
75 83 75 83
51 77 51 60 66 77
10 25 10 17 25
29 49 29 36 37 49
42 89 42 51 60 66 77 89
16 89 16 28 64 80 83 89
33 60 33 37 49 51 60
72 78 72 78
28 85 28 78 85
2 55 2 23 35 43 44 55
21 37 21 26 28 37
40 63 40 63
20 88 20 55 61 88
14 78 14 34 45 50 60 66 78
25 74 25 74
36 68 36 59 64 68
3 46 3 38 42 46
15 51 15 21 42 51
38 77 38 42 46 77
7 14 7 14
25 46 25 33 39 46
26 55 26 55
10 44 10 44
21 42 21 40 42
31 56 31 56
54 80 54 78 80
26 63 26 38 41 63
5 19 5 7 14 19
37 81 37 59 66 78 80 81
1 72 1 58 67 72
3 21 3 21
20 86 20 40 64 71 83 86
59 74 59 64 68 74
51 82 51 60 66 71 82
6 24 6 24
6 55 6 15 26 28 35 43 44 55
34 57 34 38 41 57
24 44 24 34 44
31 68 31 68
10 34 10 24 30 34
36 79 36 37 48 79
20 42 20 40 42
17 70 17 33 37 40 42 70
75 78 75 78
10 61 10 17 58 61
32 76 32 48 61 64 68 69 76
15 31 15 22 31
18 26 18 21 26
4 46 4 8 40 42 46
42 62 42 62
9 85 9 71 82 85
47 76 47 61 64 69 76
2 49 2 18 20 30 41 49
6 32 6 18 20 32
52 86 52 80 83 86
18 45 18 22 34 45
2 59 2 33 51 59
38 65 38 41 57 63 65
34 77 34 59 66 77
16 52 16 23 32 48 52
16 86 16 48 54 81 83 86
80 89 80 81 83 89
41 68 41 50 51 58 68
6 21 6 18 21
22 81 22 59 64 80 81
37 73 37 52 67 73
35 39 35 39
13 89 13 29 43 75 83 89
15 79 15 22 43 44 55 79
31 57 31 43 44 55 57
6 32 6 17 20 32
2 31 2 18 22 31
0 50 0 13 36 50
0 29 0 24 29
21 37 21 26 28 37
10 34 10 34
1 53 1 3 30 34 44 53
7 28 7 15 21 26 28
23 78 23 35 72 78
28 64 28 49 51 58 64
11 34 11 20 30 34
43 47 43 47
5 19 5 7 14 19
1 80 1 3 30 34 79 80
30 76 30 34 59 64 68 69 76
39 69 39 69
16 81 16 80 81
66 84 66 78 84
23 54 23 32 48 54
17 89 17 81 83 89
0 79 0 45 55 79
38 81 38 60 66 78 80 81
31 39 31 39
24 82 24 55 57 72 82
24 27 24 27
59 64 59 64
26 72 26 67 72
29 64 29 36 50 51 58 61 64
48 88 48 52 71 84 88
4 86 4 30 54 72 78 81 83 86
47 76 47 61 64 69 76
39 89 39 58 61 75 78 81 83 89
32 44 32 44
24 30 24 30
33 58 33 51 58
27 88 27 32 66 83 86 88
26 47 26 28 35 43 47
10 81 10 30 44 64 81
13 88 13 68 74 85 88
20 64 20 40 51 58 64
75 82 75 82
47 83 47 83
6 32 6 24 27 32
9 83 9 57 78 80 83
16 24 16 24
11 21 11 21
12 50 12 50
17 34 17 20 30 34
43 77 43 46 77
10 63 10 24 55 63
36 69 36 59 64 68 69
51 80 51 67 72 78 80
45 84 45 75 78 84
18 77 18 20 55 58 67 77
15 44 15 22 25 35 43 44
27 60 27 29 37 49 51 60
2 31 2 18 22 31
2 81 2 57 80 81
23 66 23 28 37 48 54 59 66
36 55 36 43 44 55
80 83 80 81 83
41 65 41 63 65
31 61 31 43 44 51 58 61
12 41 12 27 34 38 41
20 67 20 39 58 67
33 42 33 37 40 42
14 64 14 31 43 52 64
35 61 35 43 44 51 58 61
19 85 19 20 56 78 85
53 84 53 84
9 85 9 24 30 53 72 78 85
5 59 5 6 16 44 51 59
75 80 75 78 80
0 16 0 13 16
6 31 6 16 31
41 89 41 53 77 89
83 89 83 89
21 78 21 58 78
9 85 9 82 85
71 83 71 83
23 82 23 44 53 72 82
23 25 23 25
56 62 56 62
23 54 23 28 37 48 54
26 77 26 42 51 58 67 77
54 88 54 86 88
14 34 14 19 20 30 34
2 41 2 9 17 20 26 28 41
0 50 0 17 20 30 50
2 25 2 18 22 25
54 88 54 86 88
1 70 1 2 14 31 43 70
10 26 10 17 20 26
25 81 25 81
6 39 6 18 20 39
70 71 70 71
39 73 39 58 73
43 47 43 47
26 74 26 40 68 74
72 88 72 86 88
4 69 4 8 34 45 50 59 64 69
3 21 3 9 13 14 19 21
5 73 5 52 67 73
41 51 41 50 51
14 67 14 28 37 52 67
8 31 8 13 14 31
33 58 33 37 49 51 58
27 82 27 44 64 82
33 72 33 37 49 51 67 72
50 78 50 60 66 78
17 32 17 32
25 51 25 38 42 51
42 87 42 64 69 87
19 81 19 56 64 80 81
4 13 4 8 9 13
27 54 27 32 48 54
19 81 19 21 42 57 63 80 81
2 52 2 13 24 34 48 52
23 55 23 28 35 43 44 55
1 78 1 78
6 77 6 16 24 77
21 73 21 40 51 58 67 73
11 62 11 20 40 42 62
60 84 60 66 78 84
6 83 6 37 40 64 71 83
13 63 13 28 35 43 44 55 57 63
38 64 38 41 59 64
36 58 36 50 51 58
51 67 51 58 67
59 66 59 66
18 28 18 21 26 28
20 88 20 56 62 63 82 85 88
8 68 8 13 36 55 61 64 68
20 73 20 32 51 67 73
10 53 10 17 25 38 41 53
13 43 13 29 36 43
59 89 59 64 81 83 89
19 38 19 20 30 34 38
1 76 1 49 69 76
16 40 16 27 29 36 37 40
43 59 43 44 51 59
10 53 10 17 29 36 43 44 53
18 33 18 22 33
83 88 83 86 88
25 89 25 61 64 81 83 89
27 52 27 29 37 48 52
17 65 17 20 59 65
6 43 6 24 43
22 34 22 34
7 79 7 41 79
1 7 1 7
39 89 39 58 61 64 71 83 89
11 47 11 35 43 47
1 65 1 7 65
79 89 79 81 83 89
44 57 44 55 57
31 56 31 56
7 83 7 43 70 71 83
49 61 49 51 58 61
30 85 30 44 78 85
26 80 26 38 60 66 78 80
5 77 5 52 67 77
57 82 57 72 82
1 55 1 3 16 31 43 44 55
2 62 2 56 62
0 10 0 10
28 50 28 35 41 50
45 76 45 50 60 69 76
20 80 20 66 78 80
12 20 12 17 20
4 43 4 8 9 16 28 35 43
3 29 3 27 29
5 56 5 25 35 56
71 83 71 83
55 77 55 67 77
58 83 58 61 75 83
21 46 21 40 42 46
48 65 48 54 59 65
29 59 29 43 44 51 59
3 20 3 14 19 20
45 54 45 54
3 69 3 64 68 69
38 69 38 60 69
1 67 1 3 27 29 43 52 67
8 16 8 13 16
38 57 38 42 57
56 78 56 78
25 51 25 33 51
8 84 8 41 50 60 66 71 84
59 64 59 64
13 68 13 16 24 30 34 44 64 68
4 68 4 56 64 68
62 78 62 72 78
25 86 25 33 51 58 64 80 83 86
63 81 63 80 81
4 34 4 13 16 24 30 34
24 78 24 43 47 61 75 78
21 37 21 26 28 37
1 14 1 7 14
36 50 36 50
35 84 35 56 64 71 84
8 20 8 13 14 19 20
2 88 2 31 68 74 82 85 88
31 79 31 43 44 79
12 86 12 32 66 83 86
60 76 60 69 76
6 83 6 79 80 81 83
9 70 9 16 27 34 38 42 70
35 68 35 41 59 64 68
51 86 51 67 72 78 80 81 83 86
83 88 83 88
20 84 20 56 62 72 78 84
7 83 7 49 51 64 81 83
6 80 6 40 63 80
27 52 27 32 48 52
8 9 8 9
25 46 25 35 43 46
12 47 12 47
37 61 37 48 61
60 88 60 82 85 88
20 32 20 32
45 79 45 55 79
14 88 14 25 62 72 86 88
86 88 86 88
34 79 34 48 79
11 28 11 20 26 28
50 69 50 59 64 69
3 72 3 15 26 38 70 72
17 69 17 60 69
50 61 50 51 58 61
9 37 9 20 26 28 37
15 44 15 26 28 35 43 44
22 61 22 31 43 47 61
5 32 5 7 14 19 20 32
12 75 12 24 50 51 58 61 75
27 66 27 44 51 59 66
24 66 24 32 66
30 45 30 34 45
2 9 2 9
7 78 7 15 21 40 78
18 22 18 22
23 78 23 66 78
59 86 59 86
13 38 13 20 30 34 38
62 82 62 72 82
45 63 45 55 57 63
8 50 8 28 41 50
49 88 49 69 87 88
4 77 4 8 9 60 66 77
50 69 50 60 69
61 88 61 75 83 88
79 89 79 84 89
5 84 5 79 84
13 76 13 68 69 76
7 73 7 39 58 73
13 66 13 28 37 40 42 51 60 66
10 34 10 30 34
15 53 15 26 28 41 53
45 83 45 67 72 78 81 83
50 60 50 51 60
1 19 1 2 9 13 14 19
5 80 5 79 80
13 54 13 26 28 37 48 54
39 89 39 58 61 64 81 83 89
57 72 57 72
41 58 41 49 51 58
13 68 13 14 68
35 41 35 41
71 84 71 84
15 35 15 22 25 35
25 57 25 33 39 57
66 77 66 77
26 69 26 38 41 50 51 58 68 69
3 87 3 30 48 54 59 64 68 69 87
2 88 2 14 28 69 87 88
32 66 32 51 59 66
23 87 23 49 72 87
36 61 36 50 51 58 61
56 68 56 64 68
19 65 19 62 65
8 40 8 13 29 36 37 40
72 88 72 88
17 46 17 25 33 37 40 42 46
4 87 4 56 64 68 69 87
20 70 20 26 38 70
18 20 18 20
49 64 49 51 64
36 63 36 55 57 63
3 44 3 9 13 28 35 43 44
2 25 2 9 16 23 25
79 83 79 81 83
4 20 4 8 9 20
0 72 0 45 67 72
80 83 80 83
26 52 26 28 35 43 52
23 39 23 28 35 39
5 74 5 25 33 39 57 74
0 73 0 10 52 67 73
4 41 4 8 9 24 34 38 41
12 86 12 27 32 86
18 26 18 21 26
34 62 34 38 42 62
27 50 27 34 38 41 50
55 61 55 61
6 31 6 15 22 31
19 54 19 21 26 28 37 48 54
25 57 25 40 42 57
72 81 72 78 80 81
60 84 60 66 71 84
17 68 17 51 59 64 68
4 47 4 8 9 13 36 43 47
15 79 15 26 55 79
17 70 17 25 40 42 70
49 77 49 51 59 77
44 59 44 51 59
53 80 53 80
30 34 30 34
42 75 42 51 58 61 75
58 87 58 64 68 69 87
2 75 2 31 39 58 61 75
9 16 9 16
21 35 21 26 28 35
5 6 5 6
14 59 14 31 43 44 51 59
41 58 41 50 51 58
44 69 44 64 68 69
23 57 23 25 40 42 57
54 78 54 72 78
2 37 2 18 22 25 33 37
9 20 9 17 20
14 40 14 25 40
34 45 34 45
25 87 25 35 43 52 77 87
28 78 28 37 49 72 78
2 41 2 9 20 26 28 35 41
44 58 44 55 58
14 57 14 25 40 42 57
34 80 34 59 64 80
38 65 38 65
0 72 0 24 50 51 58 67 72
23 82 23 25 62 72 82
27 88 27 44 55 84 88
66 78 66 78
32 86 32 44 51 59 66 83 86
15 70 15 30 41 70
17 43 17 25 35 43
12 20 12 17 20
43 59 43 44 51 59
71 82 71 82
50 69 50 59 69
8 30 8 13 14 19 20 30
55 63 55 57 63
48 84 48 52 64 71 84
33 59 33 37 49 51 59
26 40 26 40
27 50 27 29 36 50
0 69 0 47 61 64 69
54 68 54 59 64 68
32 78 32 66 78
66 89 66 71 84 89
6 42 6 21 26 38 42
29 82 29 36 59 71 82
26 38 26 38
10 34 10 30 34
11 37 11 33 37
31 71 31 39 58 61 64 71
75 89 75 78 81 83 89
23 65 23 35 41 50 51 59 65
49 58 49 51 58
37 61 37 49 51 58 61
25 86 25 61 75 83 86
19 40 19 21 40
83 88 83 86 88
62 87 62 72 87
12 73 12 73
7 35 7 28 35
26 54 26 28 37 48 54
10 61 10 24 29 48 61
26 75 26 42 51 58 61 75
2 18 2 18
26 59 26 40 51 59
4 74 4 13 48 54 59 64 68 74
3 25 3 14 25
26 72 26 38 42 57 72
0 43 0 10 24 29 43
4 27 4 13 24 27
32 66 32 66
8 47 8 9 16 29 36 43 47
42 84 42 62 72 78 84
46 77 46 77
13 84 13 26 42 64 71 84
3 69 3 15 58 61 64 68 69
51 89 51 80 81 83 89
18 86 18 22 25 61 75 78 80 81 83 86
38 69 38 60 69
7 83 7 49 72 78 81 83
43 89 43 62 72 78 80 81 83 89
71 88 71 84 88
9 55 9 17 32 44 55
34 77 34 45 55 58 77
9 17 9 17
11 74 11 64 68 74
4 76 4 23 49 76
12 33 12 17 25 33
52 80 52 67 72 78 80
26 60 26 28 35 39 60
9 24 9 16 24
36 59 36 50 59
20 65 20 40 63 65
32 48 32 48
21 47 21 26 28 35 43 47
44 84 44 84
7 14 7 14
28 66 28 49 51 59 66
29 53 29 36 43 44 53
39 67 39 58 67
54 59 54 59
43 79 43 44 55 79
59 80 59 64 80
44 59 44 51 59
7 77 7 41 59 77
25 60 25 33 49 51 60
44 85 44 64 68 74 85
68 69 68 69
15 49 15 30 34 38 41 49
18 20 18 20
53 84 53 72 78 84
43 59 43 44 51 59
18 83 18 34 79 83
6 85 6 17 20 59 66 78 85
46 89 46 77 89
25 79 25 38 41 79
1 14 1 2 14
23 42 23 37 40 42
63 89 63 83 89
56 64 56 64
33 39 33 39
54 69 54 59 64 68 69
30 87 30 44 64 87
7 32 7 27 32
6 71 6 16 27 44 61 64 71
0 78 0 27 34 59 66 78
1 84 1 37 84
14 47 14 19 43 47
12 29 12 29
26 39 26 28 35 39
86 88 86 88
54 77 54 59 77
0 37 0 27 29 36 37
36 53 36 43 44 53
11 71 11 70 71
17 85 17 55 57 82 85
43 85 43 47 67 72 78 85
12 30 12 24 30
59 64 59 64
22 41 22 25 35 41
24 73 24 50 51 67 73
46 89 46 77 89
24 73 24 73
33 46 33 37 40 42 46
45 74 45 54 59 64 68 74
14 21 14 19 21
9 69 9 32 44 55 61 64 69
0 47 0 10 24 32 47
37 78 37 49 72 78
51 60 51 60
17 34 17 20 30 34
19 20 19 20
24 47 24 29 43 47
5 72 5 36 43 44 55 57 72
16 24 16 24
29 76 29 43 44 61 64 68 69 76
27 29 27 29
28 42 28 37 40 42
51 64 51 64
56 84 56 78 84
35 63 35 41 63
18 21 18 21
5 36 5 7 27 29 36
7 33 7 15 22 25 33
23 75 23 49 51 58 61 75
17 28 17 20 26 28
7 64 7 64
11 45 11 20 30 34 45
10 40 10 24 29 36 37 40
35 77 35 39 60 66 77
6 80 6 79 80
13 83 13 83
25 68 25 61 64 68
42 70 42 70
45 51 45 50 51
44 68 44 55 58 64 68
58 87 58 68 69 87
18 59 18 34 44 51 59
42 82 42 57 74 82
24 32 24 32
7 68 7 40 64 68
23 38 23 25 38
25 76 25 61 64 68 69 76
33 63 33 39 57 63
49 84 49 51 58 67 72 78 84
40 67 40 51 58 67
42 82 42 62 72 82
39 58 39 58
20 72 20 72
1 32 1 19 20 32
7 64 7 43 52 64
8 71 8 40 42 70 71
12 32 12 27 32
45 76 45 54 59 69 76
14 70 14 42 70
48 75 48 61 75
62 74 62 74
9 79 9 17 29 43 44 79
38 88 38 41 50 82 85 88
83 86 83 86
37 40 37 40
1 24 1 3 9 24
24 45 24 30 34 45
20 87 20 39 87
1 19 1 2 13 14 19
6 27 6 24 27
12 37 12 17 29 36 37
45 51 45 50 51
43 44 43 44
19 73 19 21 26 67 73
13 49 13 16 27 29 36 37 49
6 42 6 40 42
4 75 4 8 41 50 51 58 61 75
22 64 22 43 47 61 64
5 54 5 36 48 54
34 50 34 45 50
6 80 6 54 72 78 80
1 40 1 13 20 26 40
12 68 12 45 50 59 64 68
51 81 51 80 81
30 74 30 44 55 58 64 68 74
28 40 28 37 40
12 60 12 24 43 44 51 60
28 54 28 37 48 54
34 61 34 45 50 51 58 61
54 59 54 59
27 73 27 29 43 47 67 73
5 75 5 6 16 27 32 51 58 61 75
27 62 27 29 36 37 40 42 62
1 9 1 3 9
4 30 4 8 13 24 30
3 16 3 9 16
2 51 2 9 17 32 44 51
57 72 57 72
80 88 80 81 83 88
17 65 17 55 57 63 65
1 72 1 39 58 67 72
66 88 66 78 81 83 88
30 82 30 54 75 82
33 46 33 46
15 35 15 22 25 35
17 80 17 33 37 72 78 80
9 20 9 13 14 19 20
6 70 6 37 40 42 70
21 26 21 26
4 20 4 8 9 20
0 87 0 43 64 68 69 87
57 82 57 63 82
37 52 37 52
45 81 45 64 80 81
22 61 22 43 47 61
2 69 2 33 61 64 68 69
48 88 48 72 86 88
22 65 22 25 38 65
64 80 64 80
4 76 4 68 69 76
33 67 33 51 58 67
40 86 40 51 64 81 83 86
48 68 48 54 59 64 68
13 74 13 20 39 57 74
7 34 7 14 30 34
43 62 43 62
42 87 42 51 67 72 87
19 21 19 21
63 89 63 83 89
66 88 66 71 83 86 88
58 61 58 61
15 30 15 30
54 81 54 75 78 80 81
3 45 3 14 19 20 30 34 45
26 56 26 28 35 56
18 82 18 22 60 82
6 73 6 15 30 48 52 67 73
15 62 15 26 42 62
0 17 0 17
3 69 3 9 16 27 29 48 52 64 68 69
4 78 4 13 14 59 66 78
57 82 57 63 82
70 89 70 72 78 80 83 89
50 51 50 51
20 60 20 26 42 51 60
10 26 10 17 20 26
86 88 86 88
8 72 8 9 57 72
1 50 1 26 38 41 50
4 20 4 13 20
9 48 9 17 33 37 48
3 65 3 16 44 51 59 65
44 75 44 55 58 61 75
23 25 23 25
41 59 41 49 51 59
32 67 32 48 52 67
25 88 25 79 83 86 88
25 35 25 35
29 40 29 37 40
6 16 6 16
60 76 60 69 76
25 62 25 33 37 40 42 62
59 86 59 66 83 86
26 42 26 38 42
0 79 0 20 79
10 50 10 34 45 50
56 87 56 64 87
18 48 18 21 26 28 37 48
35 41 35 41
3 87 3 9 60 66 77 87
10 28 10 17 20 26 28
1 80 1 78 80
54 72 54 72
2 53 2 23 28 41 53
31 43 31 43
16 73 16 48 54 73
9 88 9 71 84 88
3 72 3 14 30 53 72
44 83 44 55 79 80 81 83
24 38 24 34 38
8 66 8 9 16 24 32 66
7 80 7 39 60 66 78 80
47 80 47 67 72 78 80
64 81 64 80 81
41 88 41 57 78 84 88
41 89 41 70 71 83 89
10 63 10 34 45 57 63
30 34 30 34
23 75 23 35 43 44 61 75
2 25 2 13 14 25
14 78 14 25 61 75 78
78 85 78 85
5 61 5 61
10 69 10 30 50 60 69
52 64 52 64
5 7 5 7
24 55 24 55
0 50 0 20 26 38 41 50
8 16 8 9 13 16
62 78 62 72 78
12 73 12 26 42 51 58 73
69 76 69 76
46 77 46 77
10 79 10 34 45 55 79
22 84 22 62 72 78 84
45 77 45 52 77
6 85 6 15 30 68 74 82 85
0 79 0 13 20 30 34 79
36 61 36 43 47 61
41 68 41 49 51 59 64 68
21 85 21 42 64 82 85
9 70 9 20 26 40 42 70
16 29 16 24 27 29
7 33 7 33
7 87 7 64 68 69 87
35 84 35 56 62 72 78 84
54 59 54 59
31 79 31 43 44 79
15 45 15 22 34 45
32 58 32 58
21 35 21 26 28 35
19 47 19 21 26 28 35 43 47
28 78 28 58 67 72 78
18 35 18 22 25 35
39 73 39 58 73
1 70 1 13 16 28 35 41 70
10 60 10 60
53 81 53 72 78 80 81
24 75 24 27 34 44 61 75
5 77 5 44 51 59 66 77
6 30 6 16 24 30
16 68 16 29 36 48 52 64 68
55 79 55 79
23 35 23 35
78 85 78 85
8 66 8 34 48 54 59 66
50 69 50 59 64 68 69
11 69 11 68 69
7 42 7 14 25 38 42
10 72 10 48 54 67 72
4 71 4 70 71
35 89 35 59 71 84 89
5 50 5 6 27 29 36 50
7 27 7 27
40 73 40 51 67 73
37 73 37 48 54 67 73
8 62 8 40 42 62
51 80 51 58 61 64 80
25 56 25 35 56
62 72 62 72
71 88 71 84 88
26 88 26 75 80 81 83 86 88
43 46 43 46
12 41 12 17 25 38 41
24 64 24 54 59 64
13 76 13 26 69 76
49 69 49 69
46 89 46 77 89
19 78 19 78
23 32 23 32
66 71 66 71
41 58 41 50 51 58
27 81 27 70 81
14 30 14 30
17 74 17 29 36 55 57 74
68 88 68 74 85 88
7 39 7 39
12 69 12 17 20 40 51 64 69
12 26 12 17 20 26
58 64 58 61 64
6 29 6 24 27 29
25 79 25 38 41 79
43 52 43 52
20 39 20 30 39
27 88 27 58 64 69 88
14 60 14 25 35 43 44 51 60
39 67 39 58 67
0 13 0 13
20 26 20 26
0 21 0 13 14 19 21
34 53 34 44 53
31 58 31 39 58
36 84 36 55 79 84
3 26 3 21 26
78 84 78 84
15 87 15 58 77 87
45 77 45 54 59 77
45 50 45 50
10 68 10 24 54 59 64 68
22 31 22 31
8 9 8 9
33 40 33 37 40
24 77 24 54 59 66 77
0 50 0 17 29 36 50
24 30 24 30
22 59 22 59
42 62 42 62
20 70 20 30 41 70
2 32 2 23 32
35 80 35 43 52 64 80
9 62 9 16 28 35 43 62
34 80 34 79 80
37 49 37 49
0 81 0 27 70 81
20 44 20 32 44
1 43 1 2 9 20 26 28 35 43
18 62 18 34 38 42 62
51 64 51 59 64
9 29 9 13 24 27 29
8 89 8 58 67 77 89
55 61 55 58 61
29 53 29 43 44 53
20 39 20 39
81 83 81 83
10 70 10 24 29 70
45 84 45 52 64 71 84
45 63 45 57 63
29 81 29 43 52 64 80 81
61 64 61 64
30 34 30 34
6 63 6 16 31 56 62 63
0 49 0 27 34 38 41 49
13 20 13 20
41 53 41 53
2 26 2 13 20 26
28 57 28 35 39 57
16 61 16 35 41 49 51 58 61
24 52 24 30 34 45 52
79 83 79 80 81 83
30 44 30 44
52 78 52 67 72 78
2 80 2 63 80
29 36 29 36
10 87 10 24 50 51 59 64 87
11 41 11 20 30 34 38 41
66 84 66 71 84
10 84 10 17 29 48 72 78 84
35 66 35 43 44 51 60 66
15 45 15 30 34 45
1 35 1 13 14 25 35
9 82 9 17 33 62 74 82
68 74 68 74
20 84 20 32 44 53 72 78 84
30 84 30 41 53 84
28 35 28 35
16 87 16 48 52 67 72 87
35 64 35 41 49 51 64
35 88 35 41 78 81 83 88
39 85 39 85
18 53 18 34 44 53
18 82 18 34 44 61 64 71 82
18 21 18 21
10 68 10 17 25 40 42 64 68
19 78 19 21 59 66 78
59 68 59 64 68
18 44 18 21 26 28 35 43 44
58 84 58 64 71 84
39 69 39 60 69
1 35 1 19 21 26 28 35
5 19 5 7 14 19
40 68 40 42 51 64 68
0 40 0 10 17 20 40
25 76 25 38 41 49 51 60 69 76
26 72 26 38 41 67 72
0 89 0 71 84 89
28 35 28 35
18 72 18 34 67 72
12 44 12 17 25 35 43 44
43 78 43 47 75 78
75 78 75 78
40 63 40 63
29 63 29 37 40 63
10 71 10 60 66 71
14 31 14 31
26 74 26 38 42 57 74
8 84 8 13 29 36 48 54 59 66 71 84
44 72 44 55 57 72
51 66 51 60 66
12 17 12 17
11 51 11 33 51
7 28 7 15 21 26 28
24 43 24 27 29 36 43
29 40 29 36 37 40
6 47 6 27 32 47
37 72 37 52 67 72
40 89 40 78 80 83 89
20 74 20 32 51 58 68 74
45 67 45 67
21 37 21 26 28 37
0 34 0 10 30 34
4 27 4 13 16 27
11 57 11 35 41 57
1 88 1 58 64 68 69 88
49 74 49 51 64 68 74
20 67 20 32 48 54 67
0 17 0 17
7 32 7 32
4 65 4 41 63 65
51 88 51 80 83 86 88
6 39 6 31 39
6 27 6 27
31 58 31 43 44 55 58
40 72 40 72
62 81 62 72 78 80 81
37 69 37 52 64 68 69
36 81 36 55 58 78 81
14 65 14 59 65
17 30 17 20 30
47 72 47 67 72
42 87 42 87
20 56 20 26 28 35 56
52 71 52 71
25 70 25 33 37 40 42 70
6 35 6 15 22 25 35
10 54 10 24 30 34 45 54
67 85 67 72 82 85
43 87 43 62 72 87
58 74 58 64 68 74
32 47 32 47
6 16 6 16
9 29 9 16 29
3 26 3 21 26
23 42 23 28 37 40 42
5 56 5 6 21 26 28 35 56
17 81 17 60 66 78 81
14 51 14 31 43 44 51
59 65 59 65
0 52 0 24 34 45 52
2 52 2 23 37 48 52
1 26 1 2 14 19 21 26
3 46 3 14 19 33 39 46
34 53 34 38 41 53
12 48 12 17 33 37 48
22 44 22 25 35 43 44
78 85 78 85
17 52 17 25 35 43 52
51 64 51 58 61 64
0 21 0 13 14 19 21
18 53 18 20 30 41 53
26 63 26 42 62 63
14 75 14 42 51 58 61 75
0 29 0 13 24 27 29
44 58 44 51 58
24 47 24 29 43 47
26 44 26 28 35 43 44
42 67 42 51 58 67
56 63 56 62 63
56 68 56 64 68
22 35 22 25 35
49 75 49 51 58 61 75
28 73 28 58 67 73
28 54 28 37 48 54
4 56 4 56
19 46 19 21 42 46
45 74 45 54 59 64 68 74
23 53 23 25 35 43 44 53
7 88 7 88
26 67 26 67
20 73 20 73
19 45 19 20 30 34 45
62 74 62 74
25 39 25 35 39
36 88 36 60 82 85 88
33 42 33 37 40 42
17 33 17 25 33
19 79 19 43 44 55 79
2 32 2 9 17 32
17 28 17 20 26 28
57 83 57 80 83
17 85 17 51 64 71 82 85
56 78 56 78
19 77 19 21 59 77
7 43 7 15 22 25 35 43
2 56 2 31 56
32 75 32 58 61 75
44 72 44 51 67 72
2 52 2 18 20 32 48 52
50 88 50 82 85 88
40 64 40 64
16 78 16 31 39 57 78
43 59 43 44 51 59
31 83 31 56 62 63 83
26 85 26 67 72 78 85
33 86 33 61 64 86
10 56 10 17 25 35 56
4 28 4 8 28
52 71 52 71
25 88 25 35 41 79 81 83 86 88
16 61 16 48 61
75 80 75 80
40 85 40 82 85
83 88 83 88
35 65 35 63 65
15 83 15 58 64 71 83
58 86 58 61 64 81 83 86
11 89 11 77 89
14 21 14 19 21
49 89 49 51 58 64 71 83 89
0 30 0 17 20 30
0 13 0 13
20 76 20 40 42 51 60 69 76
47 64 47 61 64
15 76 15 21 40 68 69 76
55 84 55 84
34 46 34 46
46 88 46 77 88
63 81 63 80 81
49 88 49 72 88
12 45 12 45
20 40 20 40
15 83 15 26 75 83
48 88 48 54 83 88
3 17 3 9 17
16 81 16 28 64 81
5 79 5 79
10 26 10 17 20 26
7 49 7 49
0 51 0 43 44 51
70 81 70 81
4 70 4 23 35 41 70
30 86 30 53 72 78 81 83 86
20 77 20 55 58 67 77
34 89 34 48 54 75 78 84 89
60 85 60 66 71 82 85
60 66 60 66
23 42 23 28 37 40 42
75 83 75 83
42 64 42 51 64
78 81 78 81
44 65 44 51 59 65
15 76 15 22 31 39 60 69 76
49 66 49 51 60 66
44 68 44 61 64 68
70 88 70 88
20 64 20 55 61 64
4 57 4 41 57
1 2 1 2
23 54 23 28 37 48 54
10 55 10 44 55
10 62 10 17 25 62
8 58 8 58
11 34 11 20 30 34
13 44 13 29 36 43 44
32 76 32 48 52 64 68 69 76
5 67 5 25 33 67
13 54 13 24 29 48 54
28 87 28 41 57 72 87
32 65 32 51 59 65
20 42 20 26 40 42
1 35 1 19 20 26 28 35
26 66 26 28 49 51 59 66
5 89 5 37 40 64 71 84 89
11 56 11 35 56
72 82 72 82
43 68 43 47 61 64 68
6 21 6 21
45 50 45 50
35 58 35 43 44 55 58
21 80 21 42 57 72 78 80
10 37 10 24 29 37
23 71 23 25 33 61 64 71
41 68 41 50 59 64 68
50 84 50 51 59 71 84
29 76 29 37 40 42 51 60 69 76
54 71 54 59 66 71
6 41 6 27 34 38 41
44 65 44 51 59 65
13 43 13 14 28 35 43
8 16 8 9 16
15 46 15 21 26 40 42 46
1 76 1 26 42 64 68 69 76
11 68 11 20 40 42 64 68
24 70 24 30 41 70
61 84 61 75 78 84
20 26 20 26
5 55 5 25 35 43 44 55
7 88 7 56 64 82 85 88
10 63 10 63
24 38 24 27 34 38
6 16 6 16
0 69 0 27 52 64 68 69
53 72 53 72
24 54 24 32 48 54
39 57 39 57
43 85 43 52 67 82 85
56 64 56 64
14 31 14 31
26 88 26 68 74 82 85 88
41 70 41 70
24 30 24 30
62 81 62 72 78 80 81
21 71 21 42 70 71
3 65 3 38 42 62 65
15 71 15 21 26 55 61 64 71
20 77 20 55 58 77
36 81 36 37 51 58 78 80 81
8 52 8 34 45 52
32 48 32 48
26 43 26 28 35 43
4 77 4 23 77
40 80 40 51 60 66 78 80
18 51 18 20 30 34 38 42 51
42 62 42 62
28 49 28 41 49
77 88 77 88
18 34 18 20 30 34
48 54 48 54
11 21 11 21
3 89 3 38 70 71 84 89
47 83 47 67 72 78 81 83
39 46 39 46
4 17 4 8 9 17
53 86 53 80 81 83 86
5 36 5 36
21 73 21 58 73
57 89 57 72 78 84 89
6 76 6 30 68 69 76
36 55 36 55
24 73 24 32 48 54 73
26 56 26 28 35 56
10 28 10 17 20 26 28
5 64 5 64
35 80 35 59 64 80
62 82 62 72 82
55 75 55 58 61 75
19 81 19 62 63 80 81
4 28 4 8 28
16 89 16 23 55 61 64 71 84 89
0 20 0 13 20
75 82 75 82
35 41 35 41
3 38 3 38
5 61 5 25 38 41 49 51 58 61
31 71 31 56 64 71
4 51 4 23 25 35 41 49 51
18 52 18 22 25 33 37 52
44 57 44 55 57
7 64 7 40 42 64
47 88 47 80 81 83 88
29 66 29 37 48 54 59 66
27 34 27 34
23 38 23 25 38
48 88 48 54 59 66 77 87 88
16 68 16 29 36 55 61 64 68
21 54 21 26 28 37 48 54
3 52 3 21 26 28 35 43 52
11 47 11 20 32 47
58 81 58 64 80 81
8 43 8 28 35 43
6 80 6 30 41 78 80
8 21 8 13 14 19 21
4 28 4 13 28
27 54 27 32 48 54
43 79 43 44 55 79
60 66 60 66
36 55 36 43 44 55
28 41 28 41
2 78 2 23 49 51 60 66 78
19 56 19 21 26 28 35 56
5 49 5 37 49
5 36 5 6 27 29 36
32 80 32 48 52 78 80
3 82 3 15 22 31 43 62 63 82
18 35 18 22 25 35
17 69 17 60 69
20 55 20 55
43 70 43 70
9 62 9 62
39 75 39 58 61 75
4 56 4 23 35 56
61 75 61 75
41 89 41 78 80 83 89
40 60 40 42 51 60
20 46 20 26 42 46
66 82 66 71 82
34 66 34 38 42 51 59 66
16 89 16 80 81 83 89
10 85 10 44 78 85
6 20 6 17 20
40 65 40 63 65
47 76 47 61 64 68 69 76
2 84 2 13 28 78 84
20 35 20 26 28 35
44 85 44 55 61 64 71 82 85
17 74 17 58 64 68 74
62 89 62 63 83 89
52 86 52 71 83 86
33 61 33 49 51 58 61
32 65 32 51 59 65
48 54 48 54
45 51 45 50 51
27 70 27 70
24 52 24 29 36 37 52
22 87 22 25 35 59 77 87
10 81 10 30 50 60 66 78 80 81
35 89 35 56 62 63 83 89
20 44 20 26 28 35 43 44
51 87 51 64 68 69 87
36 37 36 37
17 34 17 20 30 34
40 76 40 60 69 76
10 87 10 44 64 68 69 87
3 65 3 9 32 48 54 59 65
4 75 4 30 39 58 61 75
9 13 9 13
1 68 1 49 51 59 64 68
3 30 3 16 24 30
2 49 2 9 17 33 49
6 83 6 21 59 66 78 81 83
22 82 22 31 68 74 82
10 87 10 17 60 66 77 87
52 86 52 67 72 86
50 84 50 59 64 71 84
44 89 44 78 80 81 83 89
32 51 32 44 51
32 78 32 53 72 78
19 56 19 20 56
13 16 13 16
1 35 1 2 23 25 35
37 51 37 51
44 61 44 55 58 61
12 17 12 17
15 51 15 26 28 41 49 51
55 89 55 67 77 89
36 69 36 37 59 64 69
63 81 63 80 81
31 87 31 56 64 68 69 87
15 66 15 26 40 51 59 66
6 63 6 24 34 45 63
0 52 0 43 52
54 88 54 83 88
1 82 1 26 38 42 64 71 82
61 71 61 64 71
9 50 9 50
17 71 17 55 61 64 71
42 58 42 51 58
41 80 41 53 80
51 64 51 58 61 64
22 33 22 25 33
25 66 25 40 60 66
12 37 12 17 29 36 37
31 72 31 39 57 72
23 25 23 25
13 64 13 64
58 81 58 61 75 78 81
33 42 33 37 40 42
48 71 48 54 59 71
8 66 8 28 37 40 60 66
53 86 53 72 78 80 81 83 86
21 76 21 59 69 76
18 71 18 20 55 61 64 71
33 78 33 39 57 78
57 74 57 74
30 87 30 44 64 68 69 87
53 77 53 77
13 66 13 24 27 34 44 51 59 66
25 86 25 61 75 80 83 86
36 63 36 37 40 63
3 83 3 9 71 83
79 84 79 84
0 86 0 67 72 86
20 76 20 56 64 68 69 76
7 33 7 33
70 89 70 81 83 89
18 31 18 22 31
59 74 59 64 68 74
27 54 27 29 36 48 54
28 87 28 68 69 87
33 49 33 37 49
4 33 4 13 14 25 33
5 70 5 36 43 70
44 65 44 51 59 65
77 89 77 89
26 56 26 28 35 56
34 65 34 65
7 57 7 43 44 55 57
28 78 28 37 59 66 78
12 56 12 26 28 35 56
22 25 22 25
8 72 8 62 72
8 85 8 13 24 71 82 85
7 33 7 14 25 33
26 59 26 42 51 59
59 64 59 64
8 43 8 28 35 43
2 75 2 14 42 51 58 61 75
20 77 20 77
51 69 51 60 69
26 85 26 68 74 85
9 63 9 32 44 55 57 63
12 75 12 17 29 43 75
28 55 28 35 43 44 55
12 84 12 45 50 51 58 64 71 84
22 58 22 33 49 51 58
59 89 59 64 81 83 89
29 75 29 36 37 48 54 75
56 63 56 62 63
67 82 67 82
32 69 32 51 58 68 69
36 66 36 50 60 66
17 52 17 32 48 52
24 83 24 83
0 78 0 17 55 67 72 78
55 61 55 58 61
57 74 57 74
41 66 41 59 66
5 73 5 7 15 30 48 52 67 73
3 26 3 14 19 20 26
55 72 55 67 72
29 82 29 48 75 82
29 40 29 36 37 40
3 9 3 9
7 44 7 27 32 44
18 49 18 22 25 38 41 49
42 76 42 51 64 68 69 76
38 42 38 42
24 45 24 27 34 45
29 36 29 36
78 85 78 85
16 23 16 23
9 66 9 60 66
45 63 45 57 63
23 87 23 87
23 40 23 25 33 37 40
45 76 45 52 64 69 76
15 60 15 21 42 51 60
12 40 12 17 33 37 40
12 73 12 45 67 73
61 80 61 64 80
20 67 20 26 28 58 67
7 49 7 49
11 69 11 59 69
20 76 20 40 60 69 76
44 80 44 64 80
6 60 6 27 32 44 51 60
12 50 12 26 38 41 50
66 83 66 71 83
29 48 29 36 37 48
17 29 17 29
26 80 26 55 63 80
70 82 70 71 82
26 63 26 55 57 63
6 63 6 18 21 42 57 63
4 56 4 23 28 35 56
3 77 3 51 58 67 77
10 39 10 24 30 39
27 65 27 32 44 55 57 65
47 83 47 61 75 78 81 83
1 26 1 2 18 21 26
74 82 74 82
6 73 6 40 51 67 73
4 48 4 8 34 48
31 72 31 56 62 72
16 81 16 44 78 80 81
33 86 33 37 40 64 86
66 78 66 78
29 53 29 43 44 53
18 77 18 20 77
25 47 25 35 43 47
38 88 38 70 72 87 88
3 29 3 27 29
6 17 6 17
56 72 56 62 72
15 26 15 21 26
6 34 6 24 27 34
8 17 8 9 17
26 44 26 28 35 43 44
57 89 57 78 81 83 89
1 37 1 13 26 28 37
13 85 13 29 48 52 78 85
2 51 2 18 21 40 51
12 39 12 17 20 26 28 35 39
28 85 28 68 74 82 85
13 72 13 36 37 40 51 58 67 72
11 56 11 20 56
26 56 26 28 35 56
22 43 22 31 43
8 64 8 9 17 33 51 64
5 34 5 6 30 34
1 7 1 7
3 22 3 15 22
60 81 60 66 78 80 81
28 78 28 58 78
28 37 28 37
3 87 3 30 44 53 77 87
54 80 54 67 72 78 80
27 32 27 32
60 77 60 66 77
57 81 57 78 81
6 39 6 17 20 30 39
5 55 5 6 31 43 44 55
22 55 22 34 45 55
0 59 0 13 26 42 51 59
7 68 7 42 64 68
49 66 49 51 60 66
58 78 58 61 75 78
13 84 13 64 71 84
20 64 20 40 42 64
37 60 37 49 51 60
59 71 59 64 71
54 81 54 59 64 81
5 64 5 64
9 66 9 60 66
69 76 69 76
6 77 6 27 29 48 52 77
14 40 14 25 33 37 40
36 71 36 43 70 71
17 83 17 25 38 60 66 71 83
8 20 8 13 20
33 62 33 62
24 88 24 27 29 75 80 83 88
17 80 17 60 66 78 80
35 87 35 43 87
67 72 67 72
24 54 24 34 48 54
47 83 47 75 83
21 38 21 26 38
47 88 47 77 88
21 46 21 40 42 46
28 62 28 35 43 62
7 43 7 14 28 35 43
12 48 12 27 34 48
17 53 17 29 43 44 53
13 38 13 26 38
42 64 42 51 58 61 64
2 46 2 31 39 46
21 89 21 58 64 71 84 89
2 89 2 56 62 72 78 84 89
35 52 35 43 52
10 24 10 24
18 72 18 34 38 42 51 58 67 72
58 84 58 67 72 78 84
18 38 18 21 26 38
0 81 0 45 64 80 81
30 44 30 34 44
40 89 40 51 59 64 71 83 89
0 70 0 20 30 34 38 70
30 44 30 44
32 71 32 58 61 64 71
6 34 6 27 34
20 50 20 26 38 41 50
30 74 30 39 58 68 74
70 71 70 71
52 77 52 67 77
4 20 4 13 20
44 85 44 55 58 67 82 85
61 88 61 75 78 81 83 88
34 48 34 48
41 88 41 49 51 59 77 87 88
34 58 34 45 50 51 58
53 84 53 84
21 47 21 26 28 35 43 47
3 20 3 14 19 20
18 74 18 34 47 61 64 68 74
43 52 43 52
29 68 29 48 54 59 64 68
8 41 8 41
32 72 32 53 72
6 67 6 16 35 41 67
15 39 15 30 39
25 60 25 40 51 60
13 72 13 72
13 26 13 20 26
55 80 55 63 80
35 77 35 43 52 67 77
0 51 0 13 16 23 28 41 49 51
40 46 40 42 46
41 78 41 53 72 78
22 87 22 87
8 47 8 28 35 43 47
29 60 29 37 40 51 60
61 74 61 64 68 74
4 60 4 60
47 88 47 80 83 86 88
9 79 9 32 44 55 79
33 39 33 39
5 69 5 44 61 64 69
24 73 24 43 47 67 73
3 23 3 9 16 23
0 74 0 27 44 64 68 74
2 53 2 9 17 29 36 43 44 53
33 82 33 67 82
24 82 24 32 58 68 74 82
17 33 17 25 33
47 67 47 67
10 44 10 24 27 44
17 34 17 20 30 34
6 31 6 31
35 59 35 41 49 51 59
9 83 9 16 31 43 47 61 64 81 83
12 83 12 27 52 83
33 89 33 62 63 83 89
32 89 32 58 64 71 83 89
21 55 21 26 28 35 43 44 55
30 61 30 48 61
38 78 38 60 66 78
22 83 22 25 40 60 66 78 81 83
62 81 62 72 78 81
71 84 71 84
72 85 72 78 85
35 67 35 43 52 67
6 44 6 18 20 26 28 35 43 44
2 14 2 13 14
15 52 15 21 26 28 37 48 52
45 66 45 50 60 66
34 65 34 59 65
18 48 18 20 32 48
68 88 68 74 85 88
12 86 12 26 42 64 71 83 86
27 83 27 78 81 83
44 85 44 78 85
78 81 78 80 81
25 61 25 35 43 44 55 58 61
21 76 21 59 69 76
2 83 2 31 43 62 72 78 81 83
50 89 50 59 66 78 81 83 89
74 85 74 82 85
20 66 20 59 66
4 85 4 13 85
5 34 5 6 18 20 30 34
10 54 10 17 32 48 54
8 50 8 28 41 50
34 59 34 59
14 67 14 25 33 49 51 58 67
8 44 8 9 32 44
12 40 12 26 40
14 88 14 59 66 71 84 88
23 25 23 25
1 89 1 49 51 60 66 83 89
16 29 16 29
7 65 7 65
22 61 22 31 39 58 61
58 64 58 61 64
1 72 1 3 27 58 67 72
0 17 0 10 17
9 20 9 13 14 19 20
6 86 6 40 51 58 64 86
23 28 23 28
13 43 13 36 43
10 55 10 24 43 44 55
15 54 15 30 48 54
27 89 27 72 78 81 83 89
1 25 1 13 14 25
42 67 42 51 67
56 78 56 78
69 87 69 87
8 58 8 58
44 88 44 55 86 88
48 86 48 72 78 81 83 86
66 80 66 78 80
4 48 4 23 28 37 48
26 55 26 28 35 43 44 55
2 51 2 33 51
55 86 55 86
26 52 26 28 37 48 52
32 69 32 48 52 64 69
22 34 22 34
20 80 20 55 79 80
1 65 1 3 14 28 37 48 54 59 65
56 80 56 78 80
39 89 39 46 77 89
6 80 6 24 64 80
3 65 3 21 26 38 42 51 59 65
7 28 7 15 21 26 28
26 77 26 38 42 51 60 66 77
1 27 1 13 16 24 27
55 58 55 58
32 89 32 89
83 86 83 86
16 40 16 29 37 40
79 88 79 80 83 86 88
28 68 28 35 39 58 68
18 39 18 21 26 28 35 39
58 77 58 67 77
8 88 8 13 64 81 83 86 88
19 50 19 20 30 50
44 73 44 51 58 67 73
12 64 12 27 44 51 58 64
16 25 16 23 25
3 38 3 9 13 20 30 34 38
37 48 37 48
35 63 35 41 63
21 63 21 26 28 37 40 63
11 30 11 20 30
13 76 13 48 61 64 69 76
81 88 81 83 86 88
2 70 2 9 16 28 35 43 70
3 75 3 21 26 38 41 49 51 58 61 75
54 67 54 67
25 76 25 40 42 51 60 69 76
18 20 18 20
0 34 0 13 24 27 34
30 84 30 48 75 78 84
5 89 5 44 79 81 83 89
80 86 80 81 83 86
54 77 54 67 77
52 89 52 71 84 89
8 84 8 34 59 64 71 84
24 32 24 27 32
79 89 79 83 89
9 79 9 20 26 55 79
14 70 14 30 34 38 70
8 68 8 41 59 64 68
12 44 12 32 44
49 72 49 51 67 72
2 67 2 31 39 58 67
31 68 31 39 58 68
3 77 3 30 44 55 58 67 77
25 65 25 33 39 57 65
9 88 9 16 86 88
48 54 48 54
22 62 22 25 38 42 62
21 43 21 26 28 35 43
4 74 4 74
20 49 20 26 28 35 41 49
38 81 38 60 66 78 80 81
5 59 5 7 40 51 59
2 72 2 72
19 56 19 20 26 28 35 56
6 16 6 16
20 56 20 26 28 35 56
15 85 15 26 40 51 58 61 64 71 82 85
43 89 43 70 71 84 89
25 80 25 61 75 80
8 21 8 9 13 14 19 21
53 81 53 80 81
9 17 9 17
29 80 29 48 75 80
54 78 54 78
43 69 43 52 64 69
5 50 5 6 27 29 36 50
12 39 12 24 30 39
43 46 43 46
21 66 21 59 66
32 71 32 51 64 71
36 80 36 59 64 80
14 33 14 19 33
26 42 26 40 42
49 76 49 51 58 68 69 76
41 75 41 49 51 58 61 75
49 68 49 51 59 64 68
77 87 77 87
36 82 36 37 52 71 82
62 87 62 72 87
8 50 8 28 35 41 50
22 33 22 25 33
30 80 30 50 59 66 78 80
18 54 18 21 26 28 37 48 54
14 28 14 19 20 26 28
49 76 49 69 76
55 75 55 58 61 75
3 30 3 16 24 30
8 84 8 9 16 28 58 67 72 78 84
9 21 9 13 14 19 21
7 84 7 62 72 78 84
43 77 43 77
47 83 47 67 72 78 81 83
1 2 1 2
3 45 3 16 27 34 45
55 86 55 86
9 48 9 17 29 48
8 9 8 9
19 44 19 20 32 44
11 30 11 20 30
44 53 44 53
4 68 4 8 28 41 49 51 59 64 68
35 72 35 56 62 72
22 37 22 25 33 37
19 62 19 56 62
15 51 15 30 50 51
24 36 24 27 29 36
12 64 12 47 61 64
34 69 34 44 64 69
33 59 33 51 59
22 59 22 34 44 51 59
15 38 15 26 38
0 71 0 43 47 61 64 71
21 89 21 40 60 66 83 89
62 72 62 72
36 77 36 37 51 59 66 77
34 38 34 38
60 85 60 66 78 85
4 30 4 30
30 69 30 54 59 64 68 69
39 72 39 57 72
19 56 19 21 26 28 35 56
20 70 20 30 34 38 70
17 80 17 32 47 61 75 80
27 78 27 58 78
33 78 33 51 59 66 78
39 76 39 58 68 69 76
45 66 45 54 59 66
30 44 30 34 44
58 67 58 67
39 76 39 69 76
1 78 1 49 72 78
7 84 7 15 22 43 64 71 84
68 88 68 69 87 88
6 66 6 17 29 37 40 60 66
3 77 3 9 32 48 54 59 77
3 45 3 15 22 34 45
80 81 80 81
60 86 60 66 71 83 86
29 66 29 48 54 59 66
32 48 32 48
0 24 0 24
34 50 34 38 41 50
48 76 48 52 64 69 76
14 67 14 28 58 67
49 68 49 51 64 68
4 23 4 23
32 67 32 51 67
42 84 42 70 71 84
22 43 22 31 43
13 43 13 36 43
36 59 36 50 59
4 86 4 60 66 71 83 86
24 81 24 50 60 66 78 81
3 82 3 82
6 43 6 21 26 28 35 43
15 44 15 30 34 44
4 17 4 8 9 17
10 45 10 34 45
4 88 4 87 88
79 86 79 80 83 86
15 49 15 21 26 38 41 49
3 14 3 14
21 89 21 58 78 80 81 83 89
26 52 26 28 35 43 52
45 64 45 64
9 71 9 16 48 54 71
59 77 59 77
17 46 17 20 40 42 46
10 54 10 48 54
36 79 36 55 79
17 42 17 29 37 40 42
4 51 4 49 51
68 88 68 69 88
37 63 37 40 63
1 36 1 7 27 29 36
23 54 23 25 33 37 48 54
8 61 8 9 50 51 58 61
45 81 45 50 60 66 78 80 81
16 89 16 28 64 80 81 83 89
51 78 51 59 66 78
57 72 57 72
12 17 12 17
36 80 36 43 64 80
18 44 18 21 26 28 35 43 44
75 88 75 88
61 74 61 64 68 74
11 47 11 20 26 28 35 43 47
47 64 47 61 64
26 75 26 55 58 61 75
30 84 30 50 51 58 61 75 78 84
45 81 45 63 80 81
20 80 20 79 80
6 15 6 15
54 75 54 75
59 66 59 66
66 88 66 71 88
49 72 49 51 58 67 72
40 57 40 42 57
18 20 18 20
1 80 1 72 78 80
30 76 30 41 49 76
31 68 31 39 58 64 68
33 59 33 37 49 51 59
14 31 14 31
1 35 1 3 14 28 35
49 66 49 51 60 66
0 17 0 17
19 55 19 20 30 34 45 55
32 72 32 51 58 67 72
15 65 15 26 38 65
43 77 43 52 67 77
11 82 11 59 71 82
26 42 26 38 42
60 86 60 66 83 86
7 67 7 27 44 51 67
18 52 18 20 26 28 37 48 52
2 46 2 31 43 46
3 45 3 14 19 20 30 34 45
19 43 19 43
10 60 10 44 51 60
41 49 41 49
15 66 15 21 40 51 60 66
19 85 19 62 74 82 85
11 57 11 33 39 57
30 34 30 34
14 65 14 19 21 42 62 63 65
13 29 13 29
64 80 64 80
5 44 5 44
42 64 42 64
27 32 27 32
2 71 2 9 24 50 59 71
16 24 16 24
23 58 23 55 58
21 58 21 58
32 55 32 44 55
41 68 41 49 51 59 64 68
2 82 2 70 71 82
0 73 0 47 67 73
45 79 45 55 79
45 81 45 75 78 81
29 57 29 36 43 44 55 57
2 84 2 78 84
33 39 33 39
10 47 10 24 32 47
33 72 33 52 67 72
3 21 3 21
11 35 11 20 26 28 35
7 56 7 56
27 76 27 29 36 50 51 60 69 76
4 57 4 30 41 57
53 84 53 72 78 84
0 61 0 20 40 42 51 58 61
9 35 9 16 23 35
14 19 14 19
30 61 30 48 61
23 63 23 35 56 62 63
32 88 32 48 72 86 88
0 70 0 43 70
19 69 19 43 47 61 64 69
72 88 72 82 85 88
21 80 21 42 64 80
1 30 1 3 9 16 24 30
2 39 2 33 39
59 71 59 71
30 68 30 48 54 59 64 68
24 34 24 34
4 58 4 23 55 58
2 32 2 18 20 32
39 71 39 58 64 71
20 87 20 30 68 69 87
44 61 44 61
2 26 2 13 20 26
19 54 19 21 26 28 37 48 54
17 25 17 25
17 30 17 20 30
12 41 12 26 28 41
66 80 66 78 80
20 32 20 32
58 89 58 67 77 89
62 65 62 65
30 41 30 34 38 41
45 74 45 52 64 68 74
39 83 39 60 66 71 83
17 38 17 20 30 34 38
66 83 66 83
17 28 17 20 26 28
1 22 1 2 18 22
14 42 14 19 33 37 40 42
41 49 41 49
33 40 33 37 40
39 57 39 57
41 78 41 78
60 66 60 66
12 72 12 26 42 70 72
19 21 19 21
2 63 2 63
12 27 12 27
19 55 19 20 26 55
23 25 23 25
4 48 4 30 34 48
23 44 23 28 35 43 44
53 84 53 72 78 84
25 39 25 35 39
0 71 0 45 64 71
50 78 50 59 66 78
45 50 45 50
35 87 35 59 64 68 69 87
23 32 23 32
25 70 25 40 42 70
10 84 10 30 34 47 61 64 71 84
66 89 66 78 84 89
24 41 24 34 38 41
48 68 48 52 64 68
4 16 4 8 13 16
26 28 26 28
53 86 53 80 81 83 86
28 89 28 46 77 89
1 34 1 3 9 13 14 19 20 30 34
3 72 3 37 72
17 82 17 51 59 64 71 82
18 80 18 34 38 41 66 78 80
66 83 66 83
0 17 0 17
40 89 40 60 66 77 89
51 69 51 59 64 68 69
6 24 6 16 24
36 37 36 37
17 82 17 20 40 60 82
2 19 2 13 14 19
56 62 56 62
60 89 60 66 77 89
4 54 4 30 34 48 54
12 24 12 24
30 50 30 50
47 74 47 61 64 68 74
0 46 0 43 46
2 19 2 14 19
61 84 61 64 71 84
12 40 12 17 29 36 37 40
40 64 40 64
19 62 19 20 56 62
18 62 18 20 40 42 62
17 66 17 32 44 51 59 66
20 45 20 30 34 45
54 72 54 72
10 53 10 30 34 38 41 53
66 78 66 78
51 69 51 59 64 68 69
35 79 35 41 79
56 82 56 82
26 55 26 28 35 43 44 55
23 37 23 28 37
24 81 24 32 44 79 81
28 46 28 46
34 59 34 48 54 59
12 61 12 17 25 40 42 51 58 61
30 39 30 39
4 77 4 8 9 24 27 53 77
38 70 38 41 70
5 18 5 6 18
25 33 25 33
77 87 77 87
70 89 70 71 83 89
14 78 14 70 72 78
58 80 58 67 72 78 80
34 46 34 46
5 49 5 7 15 30 41 49
18 48 18 20 26 28 37 48
1 76 1 39 69 76
6 18 6 18
49 88 49 51 64 86 88
35 77 35 39 60 66 77
8 64 8 41 59 64
8 9 8 9
14 89 14 25 35 39 46 77 89
35 63 35 56 62 63
39 85 39 57 74 85
13 63 13 14 34 44 55 57 63
19 82 19 21 42 70 82
72 85 72 78 85
16 23 16 23
27 29 27 29
50 78 50 60 66 78
5 88 5 79 81 83 88
51 85 51 67 72 78 85
18 83 18 20 79 83
11 28 11 21 26 28
18 79 18 21 26 28 37 48 79
6 70 6 16 29 43 70
8 37 8 28 37
36 50 36 50
27 62 27 34 38 42 62
62 65 62 65
3 37 3 14 28 37
27 40 27 29 36 37 40
60 87 60 69 87
18 26 18 20 26
48 68 48 52 64 68
17 42 17 29 36 37 40 42
30 82 30 54 71 82
30 47 30 34 47
14 89 14 78 81 83 89
58 76 58 61 64 68 69 76
4 17 4 8 9 17
27 37 27 29 36 37
26 42 26 40 42
36 66 36 66
40 65 40 51 59 65
12 42 12 17 29 37 40 42
28 62 28 35 43 62
26 42 26 42
30 86 30 34 38 41 49 51 67 72 86
30 50 30 50
21 59 21 26 28 35 41 49 51 59
43 76 43 52 64 69 76
40 72 40 72
6 87 6 44 64 87
66 88 66 71 82 85 88
33 82 33 62 72 82
0 45 0 20 30 34 45
40 68 40 42 51 59 64 68
43 75 43 44 55 58 61 75
10 50 10 17 29 36 50
39 85 39 60 66 78 85
36 49 36 37 49
33 40 33 37 40
0 82 0 20 40 64 82
12 57 12 57
4 30 4 30
28 70 28 37 40 42 70
11 64 11 58 64
27 86 27 58 78 81 83 86
42 68 42 64 68
36 66 36 60 66
39 60 39 60
29 68 29 36 50 51 59 64 68
4 75 4 8 9 17 29 43 44 55 58 61 75
16 48 16 24 34 48
15 49 15 22 25 38 41 49
44 55 44 55
13 36 13 24 27 29 36
24 50 24 30 34 45 50
7 27 7 27
13 88 13 29 37 87 88
47 64 47 61 64
29 69 29 36 43 44 51 59 64 68 69
18 46 18 22 34 46
15 53 15 21 26 28 35 41 53
15 85 15 26 67 82 85
17 71 17 33 49 51 59 66 71
8 62 8 40 42 62
16 43 16 24 27 29 36 43
8 28 8 13 28
43 83 43 47 80 81 83
29 43 29 43
2 33 2 9 13 14 25 33
15 85 15 58 68 74 82 85
38 80 38 42 70 72 78 80
12 58 12 17 33 49 51 58
49 66 49 51 60 66
7 40 7 40
30 45 30 34 45
37 59 37 59
16 28 16 28
52 67 52 67
10 30 10 17 20 30
25 39 25 33 39
6 55 6 17 25 35 43 44 55
50 59 50 51 59
17 63 17 29 43 62 63
44 85 44 55 63 82 85
31 63 31 56 62 63
18 72 18 20 39 58 67 72
60 76 60 69 76
2 9 2 9
34 62 34 38 42 62
48 59 48 54 59
55 84 55 58 64 71 84
26 69 26 68 69
43 66 43 44 51 59 66
36 79 36 37 48 79
27 60 27 29 43 44 51 60
8 64 8 34 44 55 58 61 64
2 79 2 23 25 35 41 79
59 77 59 77
55 64 55 61 64
18 80 18 59 66 78 80
31 72 31 43 70 72
40 63 40 63
18 31 18 22 31
3 33 3 16 23 25 33
41 79 41 79
34 65 34 44 55 57 65
5 44 5 6 17 25 35 43 44
21 42 21 40 42
25 63 25 35 56 62 63
19 28 19 21 26 28
21 59 21 59
35 66 35 43 44 51 60 66
18 89 18 21 42 64 71 83 89
6 47 6 21 26 28 35 43 47
6 47 6 17 20 30 34 47
10 47 10 30 34 47
24 39 24 30 39
48 54 48 54
26 80 26 75 80
24 29 24 29
23 47 23 35 43 47
4 41 4 41
51 88 51 67 77 88
12 33 12 17 33
20 67 20 40 51 58 67
48 65 48 54 59 65
2 42 2 33 37 40 42
28 64 28 58 64
51 78 51 58 78
32 58 32 44 55 58
22 77 22 59 66 77
37 49 37 49
29 72 29 43 70 72
0 31 0 13 14 31
59 82 59 66 71 82
12 73 12 32 48 54 73
4 56 4 56
1 13 1 3 9 13
49 67 49 51 67
20 35 20 26 28 35
10 34 10 30 34
19 44 19 21 26 28 35 43 44
16 87 16 23 37 51 64 69 87
45 75 45 55 61 75
25 85 25 85
10 54 10 34 48 54
13 16 13 16
3 83 3 27 58 61 75 80 83
80 89 80 83 89
38 67 38 41 50 51 58 67
22 60 22 34 38 42 51 60
38 79 38 41 79
45 77 45 67 77
50 76 50 60 69 76
27 81 27 72 78 81
5 34 5 7 27 34
14 57 14 30 34 45 55 57
14 67 14 31 43 47 67
0 52 0 27 34 48 52
50 51 50 51
22 47 22 34 47
10 85 10 17 32 58 67 82 85
24 47 24 34 47
18 45 18 34 45
32 52 32 48 52
54 80 54 75 78 80
17 51 17 51
8 83 8 58 78 81 83
10 57 10 24 43 44 55 57
21 28 21 26 28
66 80 66 78 80
20 44 20 32 44
39 73 39 58 73
39 58 39 58
11 35 11 20 26 28 35
26 75 26 28 41 50 51 58 61 75
25 81 25 63 80 81
40 86 40 78 80 81 83 86
49 51 49 51
26 77 26 42 51 60 66 77
13 53 13 28 41 53
12 42 12 26 42
13 53 13 29 43 44 53
12 29 12 27 29
7 68 7 49 51 64 68
48 73 48 54 67 73
58 85 58 64 71 82 85
25 86 25 40 60 66 83 86
32 69 32 44 55 58 68 69
32 53 32 44 53
60 81 60 66 78 81
24 80 24 34 47 80
9 60 9 13 60
32 78 32 44 61 75 78
25 76 25 33 39 76
29 63 29 36 43 44 55 57 63
12 68 12 27 52 64 68
37 74 37 49 51 64 68 74
32 81 32 44 79 81
10 24 10 24
62 81 62 72 78 81
37 76 37 59 64 69 76
1 76 1 26 68 69 76
16 73 16 35 41 50 51 58 67 73
67 77 67 77
10 62 10 34 38 42 62
11 57 11 21 26 28 37 40 42 57
20 65 20 40 42 57 63 65
27 37 27 29 37
21 65 21 26 38 63 65
6 66 6 31 43 44 51 59 66
22 59 22 43 44 51 59
14 88 14 70 72 78 81 83 88
12 69 12 44 51 64 69
45 75 45 55 58 61 75
44 72 44 53 72
60 78 60 66 78
2 45 2 9 24 34 45
5 73 5 37 52 67 73
44 67 44 55 58 67
6 76 6 37 48 54 59 64 68 69 76
20 44 20 30 44
14 34 14 34
0 31 0 13 14 31
3 9 3 9
52 64 52 64
78 83 78 81 83
78 84 78 84
7 70 7 41 70
48 59 48 54 59
16 61 16 40 42 51 58 61
33 51 33 37 51
15 61 15 26 38 42 51 58 61
14 59 14 59
25 85 25 63 82 85
15 62 15 26 40 42 62
25 85 25 61 75 78 85
84 88 84 88
37 69 37 40 64 68 69
38 69 38 41 59 69
18 46 18 22 25 35 39 46
44 67 44 51 58 67
18 83 18 72 78 81 83
42 84 42 62 72 78 84
31 71 31 39 58 64 71
19 64 19 20 56 64
17 58 17 20 55 58
53 84 53 84
52 77 52 77
54 82 54 71 82
62 85 62 72 82 85
53 77 53 77
23 82 23 82
21 76 21 40 42 64 69 76
11 28 11 20 26 28
13 28 13 26 28
59 77 59 77
36 83 36 60 66 83
23 78 23 25 38 42 62 72 78
26 60 26 40 60
9 86 9 24 50 59 64 71 83 86
43 68 43 52 64 68
60 66 60 66
36 81 36 66 78 81
2 25 2 23 25
34 65 34 44 55 63 65
66 71 66 71
36 80 36 60 66 78 80
0 20 0 17 20
12 86 12 32 48 61 75 80 81 83 86
28 66 28 49 51 59 66
43 64 43 44 55 61 64
40 86 40 42 57 86
24 43 24 27 29 43
39 81 39 57 78 80 81
28 85 28 41 50 82 85
8 43 8 28 35 43
43 83 43 52 71 83
28 46 28 37 40 42 46
77 89 77 89
1 13 1 2 13
6 80 6 30 39 58 78 80
56 84 56 64 71 84
22 59 22 34 59
35 89 35 63 80 81 83 89
61 71 61 64 71
45 54 45 54
35 80 35 56 64 80
33 67 33 67
21 54 21 26 28 37 48 54
8 84 8 58 61 64 71 84
44 51 44 51
2 62 2 9 17 29 37 40 42 62
34 42 34 38 42
21 55 21 26 55
11 66 11 33 49 51 60 66
39 58 39 58
3 64 3 15 22 31 39 58 64
39 73 39 58 67 73
33 49 33 49
23 42 23 28 37 40 42
39 69 39 58 68 69
57 83 57 83
38 53 38 41 53
2 57 2 23 57
27 83 27 58 78 81 83
44 61 44 55 58 61
35 70 35 43 70
19 73 19 38 42 51 58 73
20 82 20 59 66 71 82
25 70 25 33 37 40 42 70
30 65 30 50 59 65
12 79 12 32 44 55 79
8 65 8 9 24 34 38 63 65
1 88 1 3 38 41 78 85 88
14 47 14 34 47
21 66 21 26 38 42 51 59 66
0 33 0 17 33
32 86 32 58 64 81 83 86
32 81 32 51 64 81
0 69 0 20 56 64 68 69
48 87 48 61 64 69 87
41 86 41 72 86
28 60 28 35 43 44 51 60
7 64 7 40 64
4 82 4 49 51 60 66 71 82
3 64 3 64
53 84 53 84
3 79 3 9 20 30 48 79
69 88 69 87 88
24 85 24 34 59 64 71 82 85
6 87 6 15 22 59 64 69 87
12 50 12 29 36 50
25 40 25 40
17 68 17 32 48 52 64 68
31 39 31 39
7 34 7 27 34
2 83 2 63 80 83
44 55 44 55
40 46 40 42 46
30 47 30 34 47
3 21 3 14 19 21
72 82 72 82
10 42 10 24 29 37 40 42
22 66 22 60 66
17 51 17 32 44 51
42 68 42 64 68
60 69 60 69
48 75 48 75
13 34 13 16 27 34
12 47 12 27 32 47
69 76 69 76
6 27 6 27
30 80 30 48 75 78 80
2 78 2 72 78
6 34 6 30 34
28 87 28 49 72 87
49 76 49 76
11 21 11 21
35 65 35 43 44 51 59 65
33 52 33 37 52
58 87 58 68 69 87
43 46 43 46
9 50 9 50
29 63 29 43 62 63
82 88 82 85 88
17 68 17 52 64 68
6 37 6 16 24 27 29 36 37
0 33 0 10 17 33
62 87 62 72 87
32 85 32 47 61 75 78 85
59 76 59 69 76
42 75 42 51 58 61 75
15 62 15 26 40 42 62
57 65 57 63 65
18 22 18 22
0 69 0 27 32 51 64 68 69
43 68 43 52 64 68
9 24 9 24
16 24 16 24
54 72 54 72
43 67 43 52 67
19 75 19 20 32 48 61 75
45 55 45 55
28 68 28 68
50 51 50 51
25 63 25 35 56 62 63
7 62 7 62
6 63 6 44 55 57 63
4 65 4 41 65
16 89 16 27 32 89
21 65 21 40 63 65
26 67 26 67
18 39 18 20 39
36 58 36 43 44 51 58
14 83 14 34 45 54 59 64 71 83
2 39 2 18 20 26 28 35 39
18 35 18 21 26 28 35
12 45 12 45
18 51 18 20 30 34 44 51
35 65 35 43 65
6 60 6 30 34 44 51 60
43 75 43 75
41 76 41 59 69 76
4 26 4 13 20 26
4 26 4 8 9 20 26
26 55 26 55
44 59 44 51 59
6 18 6 18
7 49 7 33 37 49
51 69 51 60 69
30 48 30 34 48
16 68 16 68
13 14 13 14
8 89 8 58 61 64 81 83 89
24 59 24 34 48 54 59
52 67 52 67
7 67 7 33 51 58 67
10 37 10 24 29 36 37
2 46 2 9 13 36 37 40 42 46
63 88 63 80 83 86 88
13 50 13 28 35 41 50
25 65 25 38 42 57 63 65
58 67 58 67
29 74 29 36 48 54 59 64 68 74
14 31 14 31
12 61 12 37 51 58 61
10 53 10 30 53
33 73 33 37 48 52 67 73
7 34 7 27 34
62 82 62 72 82
41 65 41 57 65
87 88 87 88
2 56 2 9 13 20 56
24 29 24 27 29
9 79 9 17 33 37 48 79
3 26 3 9 17 20 26
27 62 27 34 38 42 62
26 66 26 38 42 51 60 66
60 78 60 66 78
82 88 82 85 88
66 83 66 78 81 83
27 65 27 29 36 48 54 59 65
51 80 51 80
34 62 34 38 42 62
0 74 0 47 61 64 68 74
63 80 63 80
24 65 24 55 63 65
0 24 0 10 24
9 63 9 16 24 34 44 55 63
36 71 36 55 58 64 71
59 66 59 66
61 83 61 64 71 83
79 83 79 81 83
25 74 25 62 74
30 68 30 44 61 64 68
8 45 8 13 24 27 34 45
51 60 51 60
9 57 9 32 44 55 57
13 72 13 49 51 67 72
4 63 4 23 57 63
55 73 55 58 73
4 17 4 8 9 17
13 44 13 24 27 44
41 53 41 53
49 58 49 51 58
25 46 25 40 42 46
16 80 16 31 56 62 63 80
28 55 28 35 43 44 55
31 39 31 39
17 29 17 29
47 76 47 61 64 69 76
18 43 18 20 26 28 35 43
38 81 38 42 70 72 78 81
15 31 15 22 31
12 60 12 17 29 36 50 51 60
24 75 24 30 34 45 54 75
2 20 2 13 20
32 48 32 48
32 55 32 44 55
39 60 39 60
18 44 18 34 44
19 63 19 20 32 44 55 57 63
24 59 24 43 44 51 59
44 65 44 51 59 65
83 88 83 88
21 58 21 58
8 41 8 28 41
22 43 22 25 35 43
39 89 39 58 77 89
4 74 4 74
26 79 26 55 79
1 61 1 13 20 26 28 37 49 51 58 61
19 77 19 20 66 77
75 83 75 83
32 86 32 53 72 78 81 83 86
59 84 59 66 71 84
8 82 8 34 48 75 82
1 78 1 2 14 34 47 67 72 78
9 79 9 32 44 55 79
56 68 56 64 68
30 50 30 34 45 50
19 81 19 78 80 81
5 36 5 7 27 29 36
31 81 31 56 64 81
12 39 12 17 20 26 28 35 39
63 86 63 80 83 86
32 74 32 48 54 59 64 68 74
31 89 31 39 60 66 83 89
13 83 13 60 66 71 83
36 60 36 50 60
27 70 27 29 37 40 42 70
20 77 20 59 77
7 69 7 39 60 69
0 16 0 13 16
39 87 39 87
23 43 23 35 43
16 64 16 23 44 51 59 64
79 89 79 83 89
26 52 26 28 37 48 52
6 76 6 54 59 69 76
27 37 27 29 36 37
64 88 64 81 83 86 88
34 89 34 45 55 79 81 83 89
18 54 18 34 45 54
7 69 7 43 44 64 69
7 64 7 32 48 61 64
24 55 24 27 34 44 55
57 83 57 63 83
24 44 24 32 44
48 72 48 72
50 59 50 59
22 80 22 60 66 78 80
41 65 41 65
7 56 7 15 21 26 28 35 56
34 86 34 48 54 59 86
8 57 8 34 38 41 57
6 61 6 31 43 44 51 58 61
42 82 42 62 63 82
23 57 23 57
3 51 3 51
52 69 52 64 68 69
78 80 78 80
13 83 13 28 78 81 83
52 77 52 67 77
29 76 29 43 44 61 64 69 76
20 32 20 32
28 46 28 37 40 42 46
54 77 54 59 77
26 38 26 38
19 69 19 69
5 77 5 36 43 44 55 58 67 77
56 63 56 62 63
2 39 2 13 24 30 39
21 28 21 26 28
5 56 5 7 15 22 25 35 56
59 80 59 64 80
42 57 42 57
11 68 11 68
17 39 17 20 30 39
62 63 62 63
16 80 16 80
56 87 56 62 72 87
6 71 6 31 43 64 71
24 89 24 83 89
53 81 53 72 78 81
18 21 18 21
24 54 24 30 34 48 54
36 77 36 48 54 67 77
17 33 17 25 33
72 87 72 87
3 15 3 15
2 83 2 9 62 72 78 80 81 83
67 82 67 82
5 59 5 6 54 59
3 43 3 14 25 35 43
12 61 12 45 50 51 58 61
12 47 12 27 32 47
41 80 41 70 72 78 80
37 65 37 48 54 59 65
25 39 25 33 39
27 62 27 34 38 42 62
3 16 3 9 16
45 84 45 75 78 84
27 53 27 44 53
54 80 54 59 64 80
12 72 12 17 25 40 72
75 82 75 82
46 89 46 77 89
51 67 51 67
14 77 14 28 35 39 60 66 77
31 81 31 43 64 80 81
20 45 20 30 34 45
8 83 8 34 79 81 83
42 75 42 51 58 61 75
14 77 14 42 51 59 77
8 23 8 13 16 23
13 60 13 26 42 51 60
67 73 67 73
28 54 28 37 48 54
15 21 15 21
19 28 19 21 26 28
41 76 41 59 69 76
38 64 38 41 49 51 59 64
1 67 1 37 52 67
54 65 54 59 65
3 17 3 9 17
11 62 11 33 62
19 54 19 20 32 48 54
24 67 24 34 67
45 55 45 55
20 84 20 66 71 84
18 22 18 22
38 79 38 41 79
11 51 11 35 43 44 51
14 65 14 28 49 51 59 65
36 57 36 37 40 42 57
0 17 0 10 17
42 76 42 51 58 61 64 69 76
36 43 36 43
18 38 18 22 25 38
74 85 74 85
10 42 10 34 38 42
28 69 28 49 51 64 69
2 36 2 13 16 29 36
7 36 7 27 29 36
42 68 42 51 59 64 68
22 87 22 87
83 88 83 86 88
24 69 24 55 58 64 69
41 49 41 49
2 51 2 31 43 44 51
14 83 14 34 67 72 78 81 83
25 89 25 38 63 83 89
33 73 33 39 58 73
4 48 4 23 37 48
5 6 5 6
74 88 74 82 85 88
3 33 3 15 22 33
26 40 26 28 37 40
55 89 55 63 83 89
53 72 53 72
55 80 55 67 72 78 80
10 37 10 24 29 37
1 48 1 7 14 19 33 37 48
20 74 20 55 58 68 74
48 72 48 72
50 82 50 60 82
13 73 13 14 42 51 58 73
4 57 4 23 28 35 41 57
10 72 10 48 54 72
53 83 53 72 78 81 83
36 88 36 81 83 86 88
0 75 0 43 75
9 83 9 57 83
44 61 44 51 58 61
16 81 16 38 70 81
66 88 66 83 86 88
10 71 10 24 50 51 58 61 64 71
2 53 2 14 30 44 53
33 37 33 37
9 16 9 13 16
3 87 3 30 53 72 87
22 86 22 33 72 78 80 83 86
8 37 8 9 16 28 37
19 49 19 33 37 49
53 77 53 77
7 89 7 64 81 83 89
1 49 1 26 38 41 49
11 71 11 21 58 61 64 71
30 60 30 41 49 51 60
35 63 35 39 57 63
38 73 38 41 67 73
3 21 3 14 19 21
20 72 20 55 67 72
31 86 31 56 64 81 83 86
2 53 2 9 16 35 41 53
61 80 61 64 80
33 77 33 39 58 77
24 44 24 27 29 36 43 44
37 76 37 51 60 69 76
19 73 19 33 67 73
54 80 54 67 72 78 80
43 64 43 44 61 64
27 52 27 34 45 52
31 83 31 43 52 83
25 54 25 33 37 48 54
0 20 0 20
15 31 15 22 31
25 79 25 79
25 62 25 33 37 40 42 62
16 45 16 24 27 34 45
2 60 2 14 28 41 49 51 60
11 21 11 21
20 86 20 55 79 86
18 20 18 20
31 77 31 43 46 77
58 84 58 61 75 78 84
14 31 14 31
74 82 74 82
6 21 6 21
15 54 15 21 26 28 37 48 54
22 57 22 43 44 55 57
47 80 47 75 80
54 82 54 75 82
38 82 38 42 70 72 82
18 86 18 72 78 80 83 86
47 72 47 67 72
19 52 19 43 52
17 42 17 33 37 40 42
71 86 71 83 86
2 18 2 18
11 34 11 20 30 34
34 67 34 44 55 67
18 76 18 20 39 69 76
26 85 26 42 64 68 74 85
21 77 21 26 40 51 67 77
52 68 52 64 68
5 80 5 7 14 19 56 62 72 78 80
15 31 15 22 31
25 38 25 38
21 42 21 42
1 49 1 7 15 22 33 37 49
21 77 21 40 51 59 66 77
17 81 17 58 61 64 81
47 80 47 80
67 72 67 72
35 39 35 39
42 75 42 51 58 61 75
57 83 57 63 80 81 83
39 58 39 58
45 50 45 50
24 70 24 29 37 40 42 70
4 30 4 13 20 30
38 53 38 41 53
71 83 71 83
8 71 8 28 58 64 71
29 36 29 36
4 76 4 13 60 69 76
6 81 6 17 58 61 64 80 81
9 32 9 13 20 32
4 68 4 8 41 50 59 64 68
2 33 2 33
50 81 50 60 66 78 80 81
25 72 25 35 56 62 72
12 17 12 17
17 74 17 29 36 43 52 64 68 74
47 80 47 67 72 78 80
56 74 56 74
15 53 15 30 44 53
29 80 29 37 52 67 72 78 80
25 75 25 61 75
54 81 54 72 78 80 81
37 84 37 51 64 71 84
21 37 21 26 28 37
26 56 26 28 35 56
17 46 17 20 39 46
2 71 2 33 49 51 64 71
23 48 23 25 33 37 48
79 81 79 80 81
81 88 81 83 88
53 88 53 84 88
78 81 78 81
16 76 16 68 69 76
29 79 29 36 37 48 79
66 78 66 78
3 52 3 30 34 45 52
58 78 58 67 72 78
5 62 5 25 35 56 62
11 68 11 59 64 68
37 63 37 40 42 62 63
6 82 6 30 53 72 82
30 84 30 34 67 72 78 84
8 84 8 41 72 78 84
4 54 4 13 26 28 37 48 54
17 29 17 29
6 42 6 30 34 38 42
44 78 44 53 72 78
50 60 50 51 60
0 86 0 20 59 71 83 86
77 89 77 89
21 85 21 26 28 37 51 58 78 85
0 33 0 10 17 33
6 78 6 37 59 66 78
3 50 3 30 34 38 41 50
34 42 34 38 42
4 51 4 23 35 43 44 51
42 57 42 57
10 53 10 30 41 53
17 34 17 20 30 34
36 77 36 50 51 60 66 77
12 24 12 24
3 43 3 21 26 28 35 43
18 71 18 59 71
5 25 5 25
49 51 49 51
49 64 49 51 64
3 16 3 16
53 72 53 72
31 56 31 56
55 63 55 63
5 50 5 7 28 41 50
24 55 24 27 44 55
10 42 10 30 34 38 42
79 80 79 80
17 82 17 33 61 75 82
6 24 6 24
20 70 20 26 42 70
30 72 30 54 67 72
29 75 29 36 55 58 61 75
34 88 34 59 64 88
0 44 0 24 30 44
0 28 0 17 20 26 28
58 68 58 64 68
78 85 78 85
15 76 15 76
8 58 8 9 17 29 37 40 42 51 58
70 82 70 71 82
45 78 45 54 75 78
19 64 19 38 42 51 64
1 23 1 3 9 16 23
52 71 52 71
20 65 20 56 62 65
5 41 5 25 35 41
54 78 54 72 78
0 70 0 27 70
40 63 40 42 62 63
13 63 13 26 40 63
45 83 45 63 80 83
39 65 39 65
8 50 8 9 20 26 28 41 50
41 68 41 50 59 64 68
70 84 70 71 84
2 88 2 60 69 87 88
35 87 35 59 66 77 87
0 82 0 59 71 82
5 77 5 37 48 54 59 66 77
20 60 20 40 60
18 26 18 21 26
7 76 7 32 51 59 64 69 76
41 70 41 70
60 88 60 82 85 88
20 81 20 39 57 63 80 81
32 52 32 48 52
0 10 0 10
16 80 16 35 56 62 72 78 80
45 84 45 54 59 64 71 84
41 76 41 50 59 69 76
36 71 36 60 66 71
72 85 72 78 85
3 43 3 15 22 43
7 44 7 15 22 31 43 44
26 53 26 38 41 53
0 13 0 13
2 69 2 56 64 69
4 30 4 30
5 37 5 7 33 37
20 52 20 32 48 52
3 20 3 9 13 20
57 65 57 63 65
9 50 9 20 26 38 41 50
36 69 36 60 69
55 89 55 58 61 64 71 84 89
14 37 14 28 37
38 67 38 41 49 51 67
41 76 41 76
6 20 6 17 20
10 55 10 17 25 35 43 44 55
32 80 32 47 80
24 72 24 43 44 55 57 72
30 76 30 34 44 61 64 68 69 76
38 82 38 41 53 72 82
60 86 60 66 71 83 86
49 69 49 51 59 69
34 57 34 45 55 57
17 83 17 52 67 72 78 81 83
39 65 39 57 63 65
71 84 71 84
32 47 32 47
29 60 29 36 37 49 51 60
23 44 23 25 35 43 44
13 89 13 36 55 61 64 71 84 89
20 65 20 32 48 54 59 65
67 82 67 82
29 83 29 48 79 83
42 67 42 51 67
25 57 25 33 39 57
62 65 62 63 65
6 40 6 37 40
36 50 36 50
18 28 18 20 26 28
15 31 15 22 31
7 73 7 14 31 39 58 67 73
42 84 42 57 78 84
41 83 41 79 83
9 48 9 13 26 28 37 48
7 21 7 15 21
5 69 5 36 37 48 52 64 68 69
37 74 37 52 64 68 74
36 51 36 50 51
23 49 23 28 35 41 49
38 79 38 41 79
39 77 39 60 66 77
14 30 14 19 20 30
40 78 40 72 78
55 63 55 57 63
6 70 6 24 34 38 42 70
6 29 6 24 29
7 39 7 28 35 39
16 29 16 27 29
23 42 23 28 37 40 42
10 39 10 30 39
5 7 5 7
10 85 10 24 29 43 70 72 82 85
59 77 59 66 77
18 59 18 59
2 84 2 9 17 32 47 75 78 84
19 49 19 33 49
19 41 19 21 26 38 41
39 69 39 58 61 64 68 69
84 88 84 88
52 69 52 64 68 69
0 73 0 20 26 67 73
4 16 4 13 16
7 68 7 29 43 47 61 64 68
28 46 28 46
6 78 6 31 43 62 72 78
32 58 32 58
18 52 18 34 48 52
36 83 36 37 48 52 78 81 83
8 28 8 28
4 87 4 60 69 87
42 84 42 64 71 84
1 43 1 26 28 35 43
0 75 0 43 44 51 58 61 75
45 78 45 57 78
8 44 8 28 35 43 44
44 83 44 79 83
40 76 40 60 69 76
20 30 20 30
30 41 30 41
45 79 45 55 79
49 64 49 51 64
60 88 60 69 87 88
58 81 58 61 75 80 81
10 53 10 17 32 53
0 70 0 43 70
40 62 40 42 62
5 26 5 6 15 21 26
64 71 64 71
41 53 41 53
66 82 66 71 82
38 82 38 70 82
2 30 2 18 20 30
24 43 24 43
35 79 35 41 79
9 21 9 13 14 19 21
21 28 21 26 28
0 89 0 47 61 64 81 83 89
24 82 24 54 71 82
27 82 27 29 48 54 59 71 82
5 86 5 6 44 55 67 72 86
0 75 0 24 55 58 61 75
6 15 6 15
28 54 28 37 48 54
10 62 10 30 34 38 42 62
82 88 82 85 88
19 56 19 20 56
9 66 9 20 32 51 60 66
27 52 27 34 45 52
48 84 48 79 84
20 65 20 59 65
44 64 44 61 64
48 61 48 61
8 62 8 9 16 23 28 35 43 62
11 64 11 58 61 64
24 77 24 77
8 51 8 40 51
3 43 3 9 13 24 27 29 36 43
1 34 1 2 13 24 30 34
2 67 2 9 16 38 41 50 51 67
4 43 4 13 24 43
17 80 17 55 61 64 80
42 82 42 70 72 82
2 57 2 33 39 57
12 20 12 17 20
17 81 17 60 66 78 80 81
26 85 26 55 57 63 82 85
7 19 7 14 19
34 61 34 38 41 49 51 58 61
15 35 15 21 26 28 35
3 76 3 15 30 54 59 69 76
44 86 44 79 86
45 63 45 63
55 61 55 58 61
7 87 7 39 57 72 87
43 65 43 62 65
24 82 24 54 59 66 71 82
23 75 23 35 39 58 61 75
7 70 7 14 30 41 70
12 45 12 45
21 41 21 26 28 41
22 47 22 43 47
47 72 47 67 72
29 43 29 36 43
4 23 4 23
22 66 22 31 43 44 51 59 66
12 30 12 24 30
37 84 37 84
37 48 37 48
69 88 69 87 88
15 53 15 22 31 43 44 53
11 57 11 20 55 57
31 87 31 68 69 87
35 78 35 39 57 72 78
14 19 14 19
36 61 36 48 61
43 77 43 77
78 83 78 81 83
6 29 6 17 29
25 46 25 35 39 46
34 65 34 59 65
59 89 59 64 71 83 89
23 55 23 25 35 43 44 55
7 62 7 27 29 36 37 40 42 62
5 43 5 6 31 43
38 85 38 41 63 82 85
20 40 20 26 28 37 40
32 88 32 86 88
60 83 60 66 83
41 65 41 57 63 65
0 46 0 20 26 28 35 39 46
29 64 29 43 52 64
21 46 21 26 38 42 46
53 82 53 72 82
44 61 44 61
38 78 38 60 66 78
20 49 20 30 34 38 41 49
83 86 83 86
50 88 50 51 88
25 57 25 57
38 60 38 41 49 51 60
0 74 0 20 39 57 74
16 64 16 28 49 51 64
25 88 25 63 80 83 88
40 84 40 51 64 71 84
70 82 70 71 82
8 52 8 9 24 30 48 52
18 34 18 22 34
6 56 6 16 31 56
71 82 71 82
60 88 60 66 71 84 88
1 74 1 3 58 68 74
10 25 10 17 25
21 54 21 26 28 37 48 54
39 81 39 60 66 78 80 81
12 26 12 17 20 26
33 82 33 67 72 82
10 70 10 17 25 33 37 40 42 70
21 78 21 58 61 75 78
41 79 41 79
36 55 36 43 44 55
67 87 67 77 87
13 56 13 16 28 35 56
1 7 1 7
48 54 48 54
50 65 50 51 59 65
47 61 47 61
79 86 79 83 86
36 50 36 50
26 59 26 28 35 43 44 51 59
20 35 20 26 28 35
8 61 8 13 14 42 51 58 61
17 78 17 20 39 58 78
37 73 37 52 67 73
37 74 37 40 68 74
14 82 14 34 59 71 82
2 89 2 14 25 81 83 89
0 71 0 47 61 64 71
27 66 27 44 51 59 66
25 47 25 35 43 47
7 68 7 27 58 61 64 68
79 83 79 80 83
5 23 5 6 16 23
14 25 14 25
5 47 5 7 28 35 43 47
33 83 33 49 72 78 80 83
2 39 2 9 20 26 28 35 39
19 62 19 38 42 62
74 88 74 82 85 88
57 63 57 63
8 44 8 9 13 24 30 44
3 22 3 15 22
23 49 23 49
54 65 54 59 65
59 69 59 64 69
24 55 24 32 44 55
27 64 27 34 45 54 59 64
14 67 14 28 41 49 51 67
32 54 32 48 54
1 9 1 2 9
48 59 48 54 59
8 32 8 9 16 23 32
2 59 2 23 32 51 59
50 61 50 51 58 61
5 18 5 6 18
84 88 84 88
1 78 1 13 72 78
13 30 13 16 24 30
2 49 2 9 24 27 29 36 37 49
9 17 9 17
0 51 0 27 29 43 44 51
50 71 50 60 66 71
37 87 37 87
1 82 1 72 82
56 84 56 78 84
28 57 28 37 40 42 57
30 80 30 50 59 66 78 80
8 20 8 13 14 19 20
20 40 20 26 40
43 70 43 70
6 60 6 17 51 60
2 78 2 14 59 66 78
0 28 0 10 17 20 26 28
49 67 49 51 67
35 59 35 41 50 59
17 82 17 55 63 82
49 76 49 76
16 31 16 31
11 63 11 33 39 57 63
5 55 5 25 35 43 44 55
41 78 41 59 66 78
51 67 51 67
34 65 34 44 51 59 65
79 81 79 81
50 65 50 59 65
11 74 11 59 64 68 74
8 82 8 34 59 71 82
31 57 31 39 57
7 43 7 28 35 43
1 30 1 2 14 30
20 26 20 26
20 67 20 30 44 55 58 67
6 18 6 18
1 58 1 37 40 42 51 58
1 88 1 58 77 87 88
60 76 60 69 76
24 54 24 54
20 70 20 40 42 70
17 74 17 58 61 64 68 74
15 51 15 22 33 49 51
10 87 10 52 64 87
8 64 8 58 61 64
24 30 24 30
58 78 58 61 75 78
44 58 44 55 58
7 33 7 15 22 33
39 83 39 57 83
1 36 1 13 24 29 36
51 80 51 67 72 78 80
31 58 31 39 58
16 59 16 35 59
9 62 9 13 29 43 62
52 77 52 67 77
9 21 9 13 14 19 21
17 46 17 29 37 40 42 46
32 54 32 48 54
7 47 7 15 21 26 28 35 43 47
17 53 17 29 43 44 53
82 85 82 85
53 82 53 72 82
35 61 35 39 58 61
51 58 51 58
11 45 11 20 30 34 45
8 50 8 34 38 41 50
50 60 50 60
25 70 25 35 41 70
0 37 0 24 29 36 37
20 87 20 30 68 69 87
13 64 13 64
10 50 10 34 45 50
17 59 17 20 32 44 51 59
8 83 8 9 32 47 83
14 30 14 30
18 21 18 21
10 57 10 24 32 44 55 57
0 69 0 17 58 68 69
35 65 35 41 63 65
49 58 49 51 58
24 34 24 34
27 76 27 44 51 64 68 69 76
26 57 26 38 42 57
40 78 40 60 66 78
33 63 33 39 57 63
49 77 49 51 67 77
50 76 50 59 69 76
21 65 21 59 65
33 86 33 51 59 64 81 83 86
26 69 26 69
7 64 7 29 43 47 61 64
20 57 20 32 44 55 57
26 75 26 75
24 65 24 27 34 59 65
40 65 40 63 65
67 82 67 72 82
30 54 30 54
30 86 30 39 60 66 78 81 83 86
17 30 17 20 30
33 66 33 51 60 66
10 84 10 44 78 84
1 22 1 2 18 22
28 35 28 35
37 72 37 49 51 58 67 72
40 89 40 72 78 81 83 89
17 53 17 25 35 43 44 53
41 68 41 50 59 64 68
14 37 14 28 37
9 47 9 17 29 36 43 47
7 82 7 27 29 37 52 67 82
31 52 31 43 52
11 48 11 20 26 28 37 48
51 72 51 58 67 72
22 25 22 25
32 86 32 44 78 81 83 86
20 59 20 26 28 37 49 51 59
51 61 51 58 61
35 39 35 39
26 46 26 28 35 39 46
1 22 1 3 15 22
16 78 16 24 54 72 78
22 80 22 25 38 70 72 78 80
26 54 26 28 37 48 54
37 81 37 51 80 81
13 40 13 16 23 25 40
56 85 56 64 82 85
40 51 40 42 51
10 42 10 24 27 29 36 37 40 42
1 13 1 3 9 13
28 55 28 35 43 44 55
71 86 71 83 86
17 51 17 29 36 43 44 51
15 21 15 21
34 57 34 44 55 57
0 67 0 45 54 67
5 81 5 72 78 80 81
66 80 66 78 80
80 83 80 83
25 46 25 35 43 46
20 73 20 40 42 51 58 73
17 46 17 25 38 42 46
0 70 0 27 34 38 70
10 62 10 24 34 38 42 62
70 84 70 71 84
3 65 3 30 65
5 50 5 6 17 25 35 41 50
4 85 4 68 74 82 85
36 64 36 43 47 61 64
36 82 36 59 71 82
22 47 22 34 47
9 55 9 16 27 29 43 44 55
19 78 19 43 47 61 75 78
23 77 23 32 66 77
25 87 25 40 72 87
45 67 45 52 67
7 26 7 14 19 20 26
15 45 15 30 34 45
67 80 67 72 78 80
59 64 59 64
2 46 2 18 20 39 46
45 76 45 55 61 64 68 69 76
82 85 82 85
16 65 16 23 28 41 57 63 65
22 73 22 25 40 51 67 73
48 52 48 52
51 78 51 58 61 75 78
7 57 7 29 43 44 55 57
24 29 24 29
27 73 27 58 67 73
43 58 43 44 55 58
5 59 5 7 14 34 48 54 59
15 75 15 26 75
1 69 1 13 29 36 37 49 51 59 69
10 45 10 17 20 30 34 45
21 79 21 26 28 35 43 44 55 79
7 32 7 27 32
6 21 6 21
27 62 27 29 36 37 40 42 62
21 41 21 26 28 41
18 33 18 22 33
2 82 2 9 16 23 68 74 82
2 57 2 13 14 31 43 44 55 57
48 59 48 54 59
20 67 20 39 58 67
3 77 3 9 60 66 77
9 31 9 13 16 31
2 55 2 9 17 55
10 32 10 24 32
18 21 18 21
33 39 33 39
6 39 6 15 30 39
28 49 28 49
71 86 71 83 86
2 9 2 9
0 72 0 13 20 26 42 57 72
2 83 2 63 83
0 34 0 20 30 34
12 66 12 29 36 43 44 51 60 66
19 49 19 38 41 49
48 65 48 54 59 65
27 44 27 34 44
20 86 20 32 66 71 83 86
38 85 38 41 67 82 85
48 81 48 79 81
35 89 35 63 80 81 83 89
8 47 8 13 14 31 43 47
19 55 19 20 55
34 38 34 38
10 56 10 17 20 56
34 88 34 79 80 81 83 88
48 68 48 61 64 68
22 55 22 25 35 43 44 55
32 73 32 51 58 67 73
10 55 10 30 34 44 55
17 25 17 25
7 15 7 15
26 72 26 67 72
25 69 25 61 64 69
31 83 31 39 57 63 80 81 83
42 75 42 51 58 61 75
29 62 29 43 62
39 69 39 69
57 80 57 72 78 80
56 63 56 62 63
64 88 64 88
18 73 18 34 44 51 67 73
36 83 36 59 71 83
14 64 14 59 64
18 33 18 22 33
60 80 60 66 78 80
20 56 20 56
26 88 26 88
20 41 20 30 34 38 41
12 45 12 45
6 15 6 15
39 74 39 58 68 74
24 32 24 27 32
4 86 4 8 41 67 72 86
34 47 34 47
7 87 7 42 62 72 87
13 88 13 72 87 88
10 47 10 34 47
12 50 12 45 50
63 82 63 82
33 40 33 37 40
27 64 27 58 61 64
27 46 27 29 43 46
20 74 20 40 42 57 74
2 62 2 18 22 33 62
14 70 14 28 35 41 70
21 76 21 59 64 69 76
54 69 54 59 69
17 60 17 33 51 60
20 59 20 26 28 37 49 51 59
34 89 34 38 89
21 58 21 58
37 84 37 59 71 84
0 61 0 17 58 61
22 83 22 60 66 83
56 82 56 82
24 27 24 27
6 47 6 21 26 28 35 43 47
52 80 52 67 72 78 80
23 44 23 32 44
17 59 17 32 51 59
18 72 18 20 32 58 67 72
10 73 10 34 45 67 73
20 44 20 30 44
20 39 20 26 28 35 39
28 64 28 37 48 52 64
9 47 9 17 25 35 43 47
50 51 50 51
25 81 25 81
29 66 29 37 48 54 59 66
12 32 12 17 20 32
30 54 30 34 45 54
4 13 4 8 13
1 2 1 2
1 24 1 13 16 24
42 67 42 51 67
48 81 48 75 78 80 81
75 82 75 82
28 89 28 41 79 83 89
20 39 20 26 28 35 39
40 71 40 51 60 66 71
23 28 23 28
16 83 16 40 63 83
13 77 13 14 34 38 60 66 77
7 78 7 57 78
44 83 44 79 80 81 83
7 87 7 39 87
69 76 69 76
37 51 37 40 51
56 62 56 62
35 68 35 56 64 68
31 57 31 39 57
11 68 11 59 64 68
15 54 15 22 34 48 54
8 46 8 28 35 43 46
34 46 34 46
6 73 6 30 50 51 67 73
16 52 16 35 43 52
57 86 57 63 83 86
70 89 70 81 83 89
36 53 36 43 44 53
29 72 29 37 48 54 67 72
16 24 16 24
4 48 4 13 16 23 37 48
19 73 19 33 51 67 73
28 87 28 41 67 72 87
3 25 3 14 25
42 68 42 51 59 64 68
20 59 20 26 28 41 59
28 55 28 35 43 44 55
28 49 28 35 41 49
28 77 28 77
20 79 20 55 79
6 31 6 31
28 89 28 77 89
5 32 5 6 18 20 32
50 82 50 60 82
21 80 21 59 64 80
18 21 18 21
10 63 10 63
2 71 2 13 49 51 60 66 71
27 34 27 34
44 72 44 55 58 67 72
2 66 2 60 66
42 62 42 62
22 83 22 25 80 81 83
49 64 49 51 64
15 61 15 21 40 42 51 58 61
32 74 32 58 68 74
14 60 14 30 44 51 60
20 80 20 66 78 80
52 80 52 80
51 67 51 67
41 63 41 63
38 70 38 70
12 60 12 26 28 49 51 60
6 34 6 18 22 34
48 84 48 61 75 78 84
6 67 6 21 40 51 67
14 52 14 31 43 52
28 75 28 41 49 51 58 61 75
14 68 14 28 41 50 51 58 64 68
16 67 16 44 55 58 67
27 83 27 79 80 83
24 30 24 30
36 88 36 66 83 88
16 31 16 31
9 85 9 20 66 78 85
18 73 18 20 32 48 52 67 73
4 23 4 13 16 23
10 40 10 17 20 40
70 86 70 81 83 86
39 89 39 60 66 83 89
25 60 25 35 39 60
14 64 14 42 64
23 71 23 35 41 59 66 71
9 69 9 20 30 54 59 69
57 65 57 63 65
11 59 11 21 26 28 41 59
27 47 27 29 36 43 47
77 88 77 88
1 35 1 19 20 26 28 35
37 76 37 52 64 69 76
8 50 8 34 45 50
13 59 13 14 59
37 46 37 40 42 46
54 73 54 67 73
8 40 8 13 16 28 37 40
30 53 30 41 53
25 65 25 62 65
10 68 10 44 55 61 64 68
5 53 5 36 43 44 53
7 41 7 41
4 33 4 13 14 19 33
51 82 51 64 71 82
30 54 30 34 48 54
69 87 69 87
44 65 44 55 63 65
11 87 11 59 64 87
3 57 3 14 30 44 55 57
20 58 20 32 51 58
28 41 28 41
53 84 53 72 78 84
13 24 13 24
51 67 51 67
31 79 31 43 44 79
17 55 17 55
29 43 29 36 43
60 80 60 66 78 80
78 80 78 80
15 35 15 26 28 35
36 43 36 43
54 75 54 75
58 67 58 67
24 83 24 27 72 78 81 83
17 28 17 20 26 28
62 82 62 63 82
13 83 13 48 52 83
80 83 80 83
16 28 16 23 28
50 82 50 59 66 71 82
33 67 33 52 67
12 72 12 29 43 52 67 72
49 58 49 51 58
27 64 27 34 48 61 64
42 76 42 64 68 69 76
22 60 22 25 40 60
6 52 6 21 26 28 35 43 52
10 50 10 34 45 50
11 37 11 20 26 28 37
9 88 9 13 60 66 77 87 88
22 55 22 31 43 44 55
40 68 40 42 64 68
13 77 13 16 28 41 67 77
37 46 37 40 42 46
34 58 34 45 55 58
10 44 10 44
21 78 21 58 61 75 78
2 31 2 18 22 31
5 6 5 6
26 77 26 40 42 51 60 66 77
44 65 44 55 57 63 65
17 70 17 70
8 45 8 13 16 27 34 45
12 70 12 37 40 42 70
36 82 36 66 71 82
16 44 16 23 28 35 43 44
21 26 21 26
27 52 27 32 48 52
67 73 67 73
4 62 4 56 62
59 83 59 71 83
44 68 44 51 64 68
22 73 22 25 33 37 52 67 73
25 38 25 38
23 77 23 77
10 81 10 52 80 81
24 88 24 64 69 88
14 33 14 25 33
60 86 60 66 71 83 86
44 58 44 51 58
71 82 71 82
45 77 45 52 67 77
47 84 47 67 72 78 84
35 67 35 41 50 51 58 67
16 59 16 24 34 59
5 59 5 7 28 41 50 51 59
85 88 85 88
26 72 26 55 67 72
21 52 21 26 28 37 52
2 49 2 18 22 33 37 49
70 71 70 71
15 39 15 30 39
4 21 4 8 13 14 19 21
31 43 31 43
35 59 35 59
3 82 3 51 58 64 68 74 82
15 60 15 22 43 44 51 60
24 73 24 55 58 67 73
0 40 0 24 27 29 37 40
27 47 27 29 36 43 47
18 77 18 20 59 77
27 78 27 72 78
55 84 55 67 72 78 84
9 35 9 13 28 35
17 42 17 20 40 42
58 89 58 64 71 83 89
36 69 36 48 54 59 64 69
17 52 17 32 48 52
22 56 22 31 56
44 55 44 55
32 58 32 58
52 67 52 67
10 55 10 17 32 44 55
66 78 66 78
22 87 22 31 43 47 61 64 68 69 87
30 85 30 50 60 82 85
9 52 9 20 30 34 48 52
29 70 29 36 43 70
0 70 0 43 70
30 50 30 34 38 41 50
72 87 72 87
5 44 5 7 32 44
7 44 7 43 44
59 65 59 65
38 65 38 65
14 76 14 31 43 52 64 68 69 76
79 80 79 80
1 68 1 39 58 68
26 46 26 28 37 40 42 46
25 82 25 82
44 65 44 51 59 65
34 69 34 47 61 64 69
2 56 2 14 25 35 56
40 71 40 51 58 61 64 71
4 9 4 8 9
34 45 34 45
16 52 16 29 48 52
30 68 30 68
25 66 25 33 51 59 66
21 77 21 58 77
81 83 81 83
1 39 1 13 16 28 35 39
26 80 26 38 63 80
64 69 64 68 69
11 59 11 35 43 44 51 59
4 40 4 8 13 14 25 33 37 40
15 58 15 26 55 58
22 84 22 25 35 41 53 84
4 70 4 13 28 37 40 42 70
7 34 7 14 34
18 72 18 72
44 79 44 79
10 30 10 30
78 83 78 81 83
27 64 27 52 64
29 76 29 37 52 64 69 76
0 29 0 13 24 29
62 89 62 72 78 81 83 89
6 71 6 17 32 44 51 64 71
2 59 2 18 22 31 43 44 51 59
40 67 40 42 51 58 67
37 66 37 49 51 60 66
35 43 35 43
54 82 54 67 82
12 43 12 24 27 29 36 43
6 46 6 21 26 28 37 40 42 46
34 45 34 45
23 44 23 25 35 43 44
5 47 5 36 43 47
26 69 26 28 35 39 69
30 34 30 34
10 26 10 17 20 26
12 84 12 17 55 61 64 71 84
4 62 4 8 34 38 42 62
8 9 8 9
13 81 13 36 55 57 63 80 81
34 53 34 38 41 53
0 10 0 10
49 78 49 72 78
4 33 4 8 9 17 25 33
55 58 55 58
58 67 58 67
43 75 43 75
39 81 39 57 72 78 80 81
40 70 40 42 70
3 13 3 9 13
45 81 45 64 80 81
18 80 18 34 45 55 61 64 80
22 80 22 25 35 56 64 80
9 16 9 13 16
15 40 15 26 28 37 40
34 38 34 38
16 87 16 44 55 61 64 68 69 87
13 60 13 60
22 80 22 62 72 78 80
13 72 13 36 43 70 72
23 63 23 35 56 62 63
16 44 16 44
81 83 81 83
38 85 38 85
3 25 3 9 16 23 25
0 40 0 13 29 37 40
54 69 54 59 69
27 64 27 58 64
4 34 4 30 34
69 88 69 88
7 32 7 27 32
36 84 36 50 59 66 78 84
39 87 39 46 77 87
34 89 34 44 61 64 80 81 83 89
8 76 8 41 49 51 64 69 76
58 82 58 64 82
59 77 59 66 77
29 43 29 36 43
41 79 41 79
13 60 13 28 35 39 60
35 84 35 56 78 84
13 85 13 36 50 60 82 85
36 80 36 60 66 78 80
26 43 26 28 35 43
6 79 6 17 55 79
43 77 43 46 77
47 88 47 61 88
47 74 47 61 64 68 74
50 89 50 59 64 71 83 89
11 45 11 20 30 34 45
6 78 6 17 52 78
31 79 31 43 44 55 79
6 71 6 54 59 64 71
61 83 61 75 78 81 83
32 89 32 66 77 89
16 28 16 28
61 84 61 64 71 84
59 84 59 71 84
5 47 5 25 35 43 47
7 34 7 27 34
38 76 38 41 50 51 59 64 69 76
1 69 1 13 36 50 60 69
58 74 58 68 74
64 68 64 68
51 72 51 58 67 72
13 44 13 14 19 20 26 28 35 43 44
50 60 50 51 60
10 32 10 17 32
17 64 17 25 33 37 48 54 59 64
12 26 12 26
20 35 20 26 28 35
6 15 6 15
16 45 16 27 34 45
2 9 2 9
3 57 3 16 29 37 40 42 57
44 65 44 55 57 65
51 88 51 64 68 69 87 88
17 44 17 32 44
1 35 1 7 28 35
62 89 62 72 78 81 83 89
21 58 21 42 51 58
66 80 66 78 80
59 66 59 66
32 85 32 51 60 82 85
38 49 38 41 49
15 53 15 26 28 35 41 53
35 59 35 43 44 51 59
37 61 37 51 58 61
3 79 3 15 22 31 43 44 55 79
16 61 16 31 43 47 61
47 75 47 61 75
25 79 25 33 37 48 79
2 9 2 9
35 87 35 39 69 87
8 83 8 13 14 31 43 80 81 83
36 68 36 55 58 64 68
2 58 2 18 21 42 51 58
9 70 9 17 33 37 40 42 70
2 36 2 13 24 29 36
1 39 1 39
11 41 11 21 26 28 41
19 64 19 38 41 49 51 59 64
13 26 13 20 26
32 74 32 47 61 64 68 74
18 80 18 59 64 80
44 79 44 55 79
10 79 10 34 38 41 79
7 89 7 28 49 72 78 84 89
24 30 24 30
6 52 6 16 23 28 37 52
55 64 55 58 61 64
23 28 23 28
59 76 59 64 69 76
8 89 8 62 63 80 81 83 89
11 33 11 33
23 66 23 49 51 59 66
37 61 37 48 61
11 61 11 58 61
35 70 35 43 70
37 60 37 51 60
2 45 2 13 20 30 34 45
12 68 12 45 64 68
27 82 27 53 72 82
7 83 7 33 67 72 78 80 83
21 39 21 26 28 35 39
26 60 26 38 41 50 60
9 40 9 17 29 36 37 40
25 62 25 38 42 62
5 70 5 7 41 70
44 84 44 53 84
9 73 9 13 24 30 34 44 55 58 73
4 62 4 56 62
9 81 9 32 48 79 81
0 75 0 13 29 75
32 73 32 48 54 73
39 83 39 58 78 80 83
43 89 43 80 83 89
31 68 31 43 47 61 64 68
5 43 5 6 15 21 26 28 35 43
30 68 30 68
78 80 78 80
39 67 39 58 67
25 87 25 61 64 68 69 87
36 76 36 59 64 68 69 76
3 75 3 37 49 51 58 61 75
42 88 42 51 80 81 83 88
35 70 35 41 70
7 26 7 15 21 26
22 43 22 31 43
16 78 16 28 78
17 47 17 20 30 34 47
18 71 18 34 38 70 71
26 43 26 28 35 43
52 80 52 67 72 78 80
4 51 4 30 34 45 50 51
45 50 45 50
26 70 26 28 35 43 70
38 85 38 63 82 85
12 69 12 44 55 58 64 69
38 67 38 42 51 67
41 50 41 50
43 77 43 47 77
20 76 20 32 44 61 64 69 76
8 43 8 13 20 26 28 35 43
58 83 58 78 81 83
14 65 14 34 65
22 31 22 31
25 82 25 40 82
45 83 45 52 83
46 89 46 77 89
60 87 60 66 77 87
18 58 18 20 32 58
43 79 43 44 79
29 81 29 37 52 64 80 81
56 74 56 64 68 74
45 74 45 50 51 59 64 68 74
64 71 64 71
35 65 35 56 62 65
28 82 28 41 66 71 82
10 61 10 34 38 42 51 58 61
34 47 34 47
22 86 22 62 63 80 83 86
59 81 59 66 78 81
35 85 35 56 74 85
19 63 19 56 62 63
8 49 8 34 38 41 49
19 81 19 43 62 63 80 81
12 29 12 29
70 89 70 72 78 80 81 83 89
78 85 78 85
1 47 1 19 21 26 28 35 43 47
7 43 7 29 43
68 69 68 69
0 87 0 20 39 87
14 40 14 28 37 40
7 84 7 33 52 67 72 78 84
49 75 49 51 58 61 75
21 37 21 26 28 37
4 48 4 23 28 37 48
23 55 23 55
36 61 36 50 51 58 61
32 71 32 47 61 64 71
47 67 47 67
12 70 12 37 40 42 70
10 39 10 24 30 39
1 14 1 7 14
48 87 48 72 87
27 29 27 29
68 88 68 69 88
50 65 50 51 59 65
19 56 19 56
0 45 0 45
26 75 26 28 37 48 54 75
9 50 9 16 35 41 50
21 64 21 40 51 58 61 64
4 33 4 23 25 33
22 41 22 25 35 41
11 74 11 64 68 74
36 66 36 59 66
29 80 29 48 75 78 80
39 87 39 87
12 42 12 26 28 37 40 42
39 73 39 58 67 73
23 82 23 49 72 82
15 66 15 26 38 42 51 59 66
58 87 58 64 68 69 87
22 81 22 25 63 80 81
2 57 2 13 24 34 45 57
3 50 3 38 41 50
15 65 15 21 26 28 41 50 51 59 65
34 42 34 38 42
17 62 17 25 40 42 62
26 66 26 28 49 51 59 66
47 76 47 61 64 69 76
34 58 34 38 41 49 51 58
13 53 13 26 38 41 53
3 46 3 37 40 42 46
6 44 6 31 43 44
29 75 29 43 47 61 75
5 84 5 52 78 84
47 67 47 67
3 52 3 14 34 48 52
21 35 21 26 28 35
22 33 22 25 33
6 29 6 24 29
24 44 24 43 44
18 54 18 21 26 28 37 48 54
23 48 23 32 48
11 65 11 20 56 62 65
0 76 0 13 64 69 76
18 59 18 20 32 51 59
45 55 45 55
57 78 57 72 78
12 56 12 17 20 56
5 88 5 25 61 64 81 83 88
12 88 12 57 63 82 85 88
32 81 32 51 58 78 80 81
72 82 72 82
60 87 60 66 77 87
6 81 6 16 23 25 33 78 80 81
9 70 9 16 23 28 35 41 70
19 28 19 21 26 28
29 70 29 43 70
9 83 9 13 16 40 63 83
28 55 28 35 43 44 55
27 79 27 32 44 55 79
20 82 20 32 47 75 82
23 53 23 25 38 41 53
37 65 37 49 51 59 65
8 62 8 40 42 62
57 74 57 74
25 62 25 40 42 62
52 88 52 80 81 83 86 88
27 78 27 34 47 61 75 78
31 39 31 39
80 81 80 81
21 78 21 26 28 35 59 66 78
27 65 27 34 44 51 59 65
10 44 10 30 34 44
20 54 20 32 48 54
5 86 5 6 54 71 83 86
28 86 28 78 81 83 86
59 77 59 66 77
43 69 43 44 64 69
12 69 12 44 51 60 69
5 72 5 52 67 72
11 41 11 21 26 28 35 41
37 49 37 49
8 65 8 13 14 42 51 59 65
43 87 43 70 72 87
0 59 0 13 29 37 49 51 59
27 86 27 78 80 81 83 86
18 62 18 21 40 42 62
27 81 27 29 70 81
7 78 7 57 72 78
13 26 13 26
8 57 8 34 45 57
6 40 6 21 40
19 42 19 38 42
2 78 2 33 39 58 67 72 78
52 89 52 77 89
12 61 12 44 61
9 82 9 57 74 82
30 48 30 34 48
24 65 24 55 63 65
0 17 0 10 17
26 53 26 38 41 53
32 55 32 44 55
28 49 28 49
20 50 20 30 41 50
75 88 75 82 85 88
3 76 3 14 42 51 60 69 76
17 82 17 52 64 71 82
24 53 24 43 44 53
38 64 38 42 64
24 47 24 34 47
29 74 29 37 48 52 64 68 74
1 2 1 2
66 84 66 78 84
38 41 38 41
43 77 43 44 53 77
30 88 30 50 60 69 87 88
23 28 23 28
56 80 56 62 63 80
17 69 17 29 48 54 59 69
20 26 20 26
46 77 46 77
42 57 42 57
7 35 7 15 22 25 35
9 50 9 50
54 88 54 59 77 88
13 27 13 24 27
6 54 6 21 26 28 37 48 54
12 66 12 24 54 59 66
30 53 30 41 53
7 14 7 14
58 74 58 68 74
4 20 4 13 14 19 20
9 55 9 13 20 55
19 38 19 20 30 34 38
17 64 17 25 40 51 64
56 84 56 78 84
32 67 32 51 58 67
52 67 52 67
4 54 4 13 26 28 37 48 54
19 21 19 21
22 37 22 33 37
17 47 17 20 30 34 47
52 87 52 64 68 69 87
32 48 32 48
14 76 14 68 69 76
58 78 58 78
27 66 27 34 38 42 51 60 66
4 74 4 8 40 42 62 74
36 49 36 37 49
57 65 57 63 65
24 80 24 30 50 59 64 80
7 15 7 15
34 66 34 48 54 59 66
34 48 34 48
34 72 34 45 67 72
41 88 41 63 83 88
49 69 49 51 60 69
6 60 6 17 51 60
30 34 30 34
1 40 1 3 16 28 37 40
4 63 4 41 63
7 62 7 15 30 34 38 42 62
1 54 1 19 20 26 28 37 48 54
24 39 24 30 39
37 81 37 52 67 72 78 81
19 77 19 38 60 66 77
58 68 58 64 68
28 87 28 87
53 84 53 84
48 75 48 75
52 87 52 77 87
41 58 41 50 51 58
8 83 8 62 72 78 80 81 83
33 83 33 78 81 83
42 89 42 70 71 84 89
80 81 80 81
29 75 29 48 61 75
41 51 41 50 51
19 46 19 38 42 46
51 72 51 67 72
23 66 23 49 51 59 66
41 81 41 78 81
48 79 48 79
57 86 57 63 80 83 86
41 80 41 49 51 80
44 57 44 55 57
31 63 31 43 44 55 63
14 75 14 31 39 58 61 75
40 71 40 64 71
8 62 8 13 26 28 37 40 42 62
25 40 25 40
54 73 54 73
3 58 3 14 31 39 58
0 81 0 43 47 80 81
18 45 18 34 45
55 58 55 58
62 89 62 63 80 83 89
14 70 14 42 70
29 63 29 37 40 63
6 88 6 30 39 46 77 88
3 23 3 9 13 16 23
5 76 5 25 61 64 69 76
10 26 10 17 20 26
27 47 27 34 47
80 89 80 81 83 89
10 71 10 48 54 71
8 84 8 13 36 37 40 78 84
26 70 26 40 42 70
8 61 8 13 49 51 58 61
17 47 17 32 47
36 43 36 43
8 83 8 34 79 83
10 30 10 17 20 30
29 40 29 36 37 40
20 80 20 55 67 72 78 80
50 81 50 51 80 81
15 22 15 22
1 35 1 7 15 22 25 35
13 54 13 26 28 37 48 54
33 73 33 37 49 51 67 73
6 52 6 27 52
3 69 3 9 17 58 64 69
70 88 70 72 86 88
14 34 14 34
77 87 77 87
25 76 25 33 52 64 68 69 76
8 21 8 9 13 14 19 21
64 68 64 68
62 87 62 72 87
37 60 37 49 51 60
62 78 62 72 78
58 74 58 68 74
6 57 6 16 35 43 44 55 57
18 39 18 22 31 39
23 33 23 25 33
5 23 5 6 16 23
61 74 61 64 68 74
30 74 30 50 51 59 64 68 74
50 84 50 60 66 71 84
21 52 21 26 28 35 43 52
17 78 17 52 67 72 78
32 74 32 51 58 64 68 74
31 58 31 43 44 51 58
15 45 15 30 34 45
2 30 2 14 19 20 30
38 73 38 42 51 67 73
34 77 34 45 50 60 66 77
22 25 22 25
79 86 79 83 86
29 49 29 37 49
13 73 13 36 48 54 73
10 34 10 17 20 30 34
26 73 26 42 51 67 73
3 30 3 9 16 24 30
20 79 20 30 44 55 79
0 49 0 27 34 38 41 49
20 32 20 32
16 52 16 28 37 52
3 22 3 15 22
5 44 5 44
61 84 61 75 78 84
20 66 20 39 60 66
40 72 40 51 58 67 72
11 58 11 58
0 21 0 13 14 19 21
7 85 7 41 59 64 71 82 85
22 84 22 31 56 78 84
84 89 84 89
55 67 55 67
50 60 50 51 60
26 74 26 42 51 59 64 68 74
19 46 19 43 46
75 78 75 78
27 58 27 32 44 55 58
49 64 49 51 58 64
25 47 25 35 43 47
18 44 18 22 43 44
25 59 25 40 42 51 59
6 83 6 24 30 80 81 83
28 82 28 41 59 71 82
13 64 13 14 59 64
43 69 43 52 64 69
36 68 36 50 59 64 68
29 62 29 36 37 40 42 62
64 86 64 81 83 86
36 80 36 66 78 80
54 78 54 78
25 80 25 80
37 77 37 40 42 46 77
0 40 0 13 24 27 29 36 37 40
24 73 24 50 51 67 73
16 45 16 24 27 34 45
50 65 50 51 59 65
35 88 35 43 47 61 75 78 81 83 86 88
36 53 36 43 44 53
54 73 54 67 73
4 65 4 8 13 29 36 50 59 65
40 63 40 42 57 63
5 72 5 25 33 62 72
11 51 11 35 41 49 51
82 88 82 85 88
44 72 44 55 58 67 72
19 49 19 33 49
33 77 33 37 48 52 67 77
57 82 57 63 82
49 51 49 51
6 45 6 15 30 34 45
48 73 48 52 67 73
32 67 32 51 58 67
62 85 62 72 82 85
68 69 68 69
39 89 39 46 77 89
20 65 20 30 54 59 65
40 84 40 60 66 78 84
29 74 29 43 44 61 64 68 74
37 77 37 77
63 86 63 80 81 83 86
51 89 51 59 66 78 80 81 83 89
40 64 40 42 64
66 88 66 77 88
2 23 2 13 16 23
2 79 2 23 32 48 79
24 43 24 43
67 77 67 77
56 87 56 62 72 87
1 70 1 7 14 70
17 28 17 20 26 28
17 38 17 25 38
56 82 56 62 74 82
2 39 2 14 30 39
55 79 55 79
8 30 8 9 17 20 30
25 56 25 35 56
48 68 48 61 64 68
2 57 2 57
5 52 5 6 37 48 52
18 62 18 20 40 42 62
3 23 3 16 23
7 39 7 28 35 39
11 48 11 33 37 48
8 41 8 28 35 41
28 37 28 37
84 88 84 88
63 81 63 80 81
32 72 32 44 53 72
15 39 15 26 28 35 39
31 71 31 39 58 64 71
7 56 7 15 26 28 35 56
67 77 67 77
17 34 17 20 30 34
38 60 38 42 51 60
20 75 20 40 42 51 58 61 75
54 77 54 67 77
13 34 13 14 34
25 76 25 38 42 51 59 64 68 69 76
19 45 19 20 30 34 45
20 35 20 26 28 35
39 83 39 58 78 80 81 83
4 20 4 8 13 14 19 20
57 74 57 74
3 27 3 27
6 16 6 16
19 85 19 20 66 78 85
1 44 1 7 32 44
19 44 19 21 26 28 35 43 44
5 7 5 7
49 58 49 51 58
21 38 21 26 38
6 79 6 27 34 79
47 64 47 61 64
20 84 20 79 84
28 49 28 35 41 49
15 58 15 58
2 81 2 78 81
46 88 46 77 87 88
44 59 44 51 59
41 79 41 79
79 84 79 84
3 65 3 30 50 59 65
60 78 60 66 78
22 87 22 33 49 51 59 64 87
52 86 52 64 80 83 86
39 71 39 58 61 64 71
26 28 26 28
40 51 40 42 51
66 82 66 71 82
41 72 41 70 72
28 62 28 37 40 42 62
13 84 13 72 78 84
27 32 27 32
55 67 55 67
22 59 22 59
24 80 24 64 80
15 26 15 21 26
33 46 33 37 40 42 46
72 87 72 87
61 71 61 64 71
61 84 61 75 78 84
1 39 1 39
0 81 0 59 66 78 81
15 76 15 30 48 54 59 64 69 76
43 69 43 47 61 64 68 69
58 81 58 78 81
3 58 3 27 29 36 37 51 58
53 72 53 72
13 20 13 14 19 20
40 73 40 51 67 73
58 81 58 64 80 81
40 80 40 51 59 66 78 80
1 55 1 3 30 34 45 55
15 62 15 30 34 38 42 62
12 44 12 27 29 43 44
45 64 45 54 59 64
60 84 60 66 71 84
27 79 27 32 48 79
51 82 51 59 64 82
43 77 43 44 51 60 66 77
16 27 16 24 27
10 71 10 17 51 59 66 71
5 34 5 7 15 22 34
22 58 22 31 39 58
10 86 10 63 83 86
38 42 38 42
72 82 72 82
19 69 19 56 64 69
24 85 24 50 60 66 78 85
75 82 75 82
23 67 23 28 49 51 67
32 67 32 48 52 67
9 21 9 13 14 19 21
15 44 15 26 28 35 43 44
16 49 16 38 41 49
5 6 5 6
4 40 4 13 29 36 37 40
5 37 5 36 37
12 47 12 47
4 76 4 56 64 68 69 76
58 82 58 67 82
40 89 40 78 81 83 89
1 32 1 13 14 19 20 32
26 53 26 28 41 53
70 71 70 71
15 65 15 22 31 43 44 51 59 65
44 57 44 55 57
51 85 51 59 64 71 82 85
19 21 19 21
35 64 35 41 50 51 64
15 62 15 22 62
18 62 18 20 26 28 37 40 42 62
35 70 35 41 70
19 69 19 20 40 64 68 69
3 22 3 15 22
11 64 11 64
32 51 32 44 51
9 48 9 16 28 37 48
6 82 6 15 26 42 57 63 82
49 68 49 51 64 68
28 42 28 37 40 42
11 88 11 70 71 82 85 88
51 86 51 67 72 86
2 83 2 78 81 83
18 77 18 22 59 66 77
24 80 24 80
10 69 10 30 44 51 58 64 68 69
8 49 8 34 38 41 49
31 57 31 43 44 55 57
29 74 29 43 47 61 64 68 74
35 67 35 41 49 51 58 67
15 71 15 21 26 28 49 51 64 71
5 47 5 6 15 26 28 35 43 47
83 86 83 86
49 77 49 51 67 77
12 40 12 27 29 37 40
67 80 67 72 78 80
5 50 5 6 30 41 50
4 78 4 41 66 78
14 60 14 19 43 44 51 60
12 64 12 47 61 64
25 68 25 38 42 64 68
10 28 10 17 20 26 28
4 65 4 13 14 19 38 41 59 65
1 69 1 39 58 64 69
36 79 36 37 48 79
60 87 60 66 77 87
0 87 0 20 32 53 72 87
37 52 37 52
43 65 43 62 63 65
50 78 50 51 59 66 78
13 16 13 16
47 74 47 61 64 68 74
9 71 9 60 66 71
18 74 18 22 31 43 47 61 64 68 74
60 87 60 66 77 87
16 23 16 23
30 39 30 39
17 70 17 33 37 40 42 70
51 86 51 64 71 83 86
34 79 34 48 79
26 54 26 28 37 48 54
11 21 11 21
11 74 11 20 40 68 74
13 26 13 20 26
0 28 0 10 17 20 26 28
2 46 2 14 28 35 43 46
9 88 9 71 88
59 71 59 71
21 77 21 42 46 77
19 78 19 21 59 66 78
7 82 7 14 59 71 82
10 75 10 24 27 32 44 51 58 61 75
20 40 20 40
28 46 28 37 40 42 46
56 72 56 62 72
48 52 48 52
11 87 11 64 68 69 87
4 26 4 13 20 26
32 66 32 51 59 66
28 68 28 68
12 27 12 27
64 86 64 80 83 86
12 39 12 17 33 39
22 65 22 33 39 57 63 65
0 27 0 13 16 24 27
20 58 20 32 58
10 37 10 17 20 26 28 37
33 40 33 37 40
8 57 8 13 16 27 44 55 57
57 89 57 72 78 84 89
4 9 4 8 9
23 46 23 25 38 42 46
57 86 57 72 86
25 88 25 33 46 77 88
78 85 78 85
20 40 20 26 40
36 51 36 43 44 51
24 71 24 30 48 61 64 71
30 34 30 34
7 87 7 32 47 67 77 87
4 64 4 49 51 64
57 86 57 72 78 81 83 86
0 51 0 24 50 51
16 64 16 23 28 35 41 50 59 64
69 87 69 87
49 74 49 51 59 64 68 74
6 15 6 15
8 88 8 58 64 69 88
66 78 66 78
5 23 5 6 16 23
23 28 23 28
8 21 8 13 14 19 21
44 69 44 51 64 69
2 57 2 18 22 43 44 55 57
37 81 37 51 58 64 80 81
69 76 69 76
10 25 10 17 25
36 82 36 37 59 66 71 82
63 83 63 83
21 43 21 26 28 35 43
36 55 36 43 44 55
36 57 36 37 40 42 57
8 34 8 13 14 34
21 58 21 42 51 58
28 70 28 35 41 70
49 78 49 51 60 66 78
50 59 50 59
26 75 26 75
26 68 26 55 58 68
56 74 56 62 74
10 62 10 17 20 26 40 42 62
6 54 6 17 33 37 48 54
5 55 5 25 35 43 44 55
14 64 14 34 47 61 64
49 64 49 51 59 64
64 69 64 69
48 86 48 72 86
27 89 27 79 81 83 89
12 61 12 44 51 58 61
78 81 78 81
68 69 68 69
38 65 38 63 65
5 84 5 36 59 71 84
17 70 17 70
26 77 26 67 77
17 39 17 33 39
66 89 66 71 84 89
55 58 55 58
34 79 34 79
28 82 28 82
58 84 58 64 71 84
20 60 20 30 41 50 51 60
26 80 26 80
7 42 7 28 37 40 42
3 42 3 30 34 38 42
18 79 18 34 48 79
27 32 27 32
40 64 40 51 58 61 64
64 81 64 81
14 40 14 28 37 40
20 73 20 55 67 73
28 87 28 69 87
27 81 27 52 78 80 81
51 64 51 64
32 69 32 58 64 68 69
66 82 66 71 82
20 49 20 26 28 37 49
58 68 58 68
19 28 19 20 26 28
22 81 22 43 62 63 80 81
15 44 15 21 26 28 35 43 44
7 56 7 14 19 20 56
33 37 33 37
16 78 16 38 60 66 78
31 81 31 39 57 72 78 81
13 30 13 16 24 30
39 65 39 57 65
23 67 23 25 35 39 58 67
2 31 2 13 14 31
9 83 9 20 32 47 61 75 80 83
30 84 30 44 51 67 72 78 84
1 58 1 3 51 58
24 34 24 27 34
64 69 64 68 69
19 56 19 56
55 57 55 57
45 50 45 50
31 88 31 43 77 88
8 13 8 9 13
45 75 45 54 75
15 85 15 22 25 33 82 85
3 59 3 51 59
25 76 25 61 64 69 76
29 81 29 43 70 81
17 52 17 29 48 52
9 32 9 16 27 32
37 69 37 59 64 68 69
14 68 14 25 35 43 52 64 68
33 60 33 37 51 60
19 54 19 33 37 48 54
30 68 30 44 55 61 64 68
8 31 8 9 13 16 31
41 89 41 50 60 66 71 84 89
2 53 2 14 19 21 26 38 41 53
23 54 23 28 37 48 54
27 78 27 34 48 52 78
42 87 42 51 58 61 64 69 87
23 55 23 25 35 43 44 55
4 40 4 8 9 20 40
12 50 12 45 50
48 75 48 75
20 76 20 32 58 64 68 69 76
18 35 18 20 26 28 35
49 68 49 51 59 64 68
2 57 2 13 20 26 42 57
32 71 32 51 60 66 71
49 88 49 51 67 72 82 85 88
12 75 12 50 51 58 61 75
45 52 45 52
9 47 9 24 43 47
51 64 51 59 64
17 48 17 32 48
24 55 24 43 44 55
0 52 0 13 20 32 48 52
23 44 23 44
42 68 42 64 68
17 65 17 32 48 54 59 65
38 53 38 41 53
8 72 8 28 49 72
58 74 58 68 74
9 26 9 13 14 19 21 26
13 14 13 14
29 59 29 48 54 59
36 77 36 50 60 66 77
12 56 12 26 28 35 56
44 58 44 51 58
4 49 4 49
7 87 7 32 53 77 87
72 82 72 82
40 68 40 68
19 41 19 20 26 28 41
32 65 32 44 51 59 65
15 69 15 22 34 38 60 69
13 88 13 14 34 46 77 87 88
6 32 6 18 20 32
19 55 19 43 44 55
18 86 18 59 66 71 83 86
20 56 20 26 28 35 56
11 77 11 77
4 85 4 41 53 72 78 85
19 39 19 33 39
57 86 57 80 83 86
36 51 36 43 44 51
62 78 62 72 78
37 46 37 40 42 46
27 75 27 58 61 75
23 37 23 37
10 37 10 24 27 29 36 37
6 41 6 27 34 38 41
25 69 25 33 37 59 64 68 69
21 38 21 26 38
20 42 20 30 34 38 42
0 24 0 24
40 89 40 60 66 77 89
31 61 31 39 58 61
2 25 2 23 25
44 75 44 61 75
54 82 54 75 82
26 72 26 40 72
71 88 71 88
15 70 15 26 28 41 70
57 80 57 72 78 80
49 81 49 72 78 81
21 77 21 42 51 58 67 77
27 58 27 58
12 58 12 50 51 58
10 71 10 30 41 59 64 71
52 74 52 64 68 74
12 27 12 27
1 48 1 13 28 37 48
31 87 31 43 64 87
63 65 63 65
23 46 23 35 39 46
6 24 6 16 24
15 49 15 26 38 41 49
83 88 83 88
33 52 33 52
26 74 26 38 42 62 74
8 82 8 40 68 74 82
14 70 14 42 70
36 79 36 55 79
5 53 5 6 30 44 53
13 49 13 16 24 29 37 49
25 61 25 38 42 51 58 61
1 55 1 26 28 35 43 44 55
26 69 26 38 60 69
1 26 1 7 14 19 20 26
1 88 1 7 64 81 83 86 88
4 63 4 8 28 41 63
2 41 2 23 25 38 41
24 65 24 55 57 65
8 34 8 34
5 75 5 37 40 42 51 58 61 75
45 54 45 54
22 54 22 25 33 37 48 54
29 83 29 43 52 67 72 78 80 83
0 61 0 20 40 51 58 61
59 77 59 66 77
46 89 46 77 89
9 16 9 16
28 54 28 37 48 54
12 50 12 29 36 50
54 68 54 59 64 68
74 85 74 82 85
60 82 60 82
25 62 25 40 42 62
1 44 1 2 18 22 31 43 44
8 83 8 13 29 70 81 83
11 30 11 20 30
50 89 50 51 80 81 83 89
10 89 10 30 44 51 60 66 83 89
18 28 18 21 26 28
3 20 3 14 19 20
48 83 48 61 75 80 81 83
6 73 6 31 43 52 67 73
0 87 0 10 24 77 87
8 58 8 41 49 51 58
18 26 18 20 26
33 60 33 49 51 60
13 56 13 26 28 35 56
28 86 28 37 52 71 83 86
55 61 55 61
33 46 33 46
80 88 80 83 86 88
32 48 32 48
63 82 63 82
21 58 21 40 42 51 58
13 29 13 16 27 29
25 69 25 69
74 82 74 82
5 25 5 6 17 25
13 34 13 24 27 34
20 67 20 30 50 51 58 67
20 65 20 30 48 54 59 65
8 21 8 9 13 14 19 21
20 45 20 30 34 45
28 64 28 37 40 64
34 77 34 48 54 67 77
38 81 38 41 79 81
44 65 44 51 59 65
63 65 63 65
2 81 2 72 78 80 81
45 74 45 55 58 61 64 68 74
48 84 48 54 75 78 84
3 51 3 37 51
64 87 64 87
1 2 1 2
0 24 0 10 24
29 70 29 43 70
24 43 24 27 29 43
28 46 28 46
39 69 39 58 64 68 69
49 76 49 76
79 81 79 80 81
41 53 41 53
9 50 9 17 20 26 38 41 50
24 60 24 50 51 60
2 13 2 9 13
27 46 27 34 46
49 64 49 51 58 64
17 38 17 25 38
35 39 35 39
44 68 44 51 64 68
14 78 14 19 56 62 72 78
1 26 1 3 9 13 26
7 70 7 43 70
2 71 2 33 39 58 64 71
13 36 13 16 29 36
5 47 5 6 18 20 26 28 35 43 47
22 57 22 34 38 41 57
52 78 52 78
36 64 36 37 51 64
10 53 10 30 53
33 67 33 51 67
17 83 17 25 40 60 66 71 83
35 41 35 41
59 69 59 69
0 75 0 17 29 43 44 55 58 61 75
2 69 2 18 34 45 54 59 69
63 83 63 83
25 54 25 33 37 48 54
79 84 79 84
20 26 20 26
70 71 70 71
16 27 16 24 27
55 58 55 58
68 74 68 74
18 52 18 21 26 28 37 48 52
26 43 26 28 35 43
8 62 8 28 37 40 42 62
44 84 44 53 72 78 84
49 88 49 51 67 82 85 88
4 57 4 13 36 43 44 55 57
19 39 19 20 30 39
5 18 5 6 18
3 72 3 38 42 51 58 67 72
71 84 71 84
12 42 12 26 42
79 83 79 80 83
35 85 35 56 64 82 85
41 67 41 49 51 58 67
3 27 3 16 27
51 59 51 59
20 72 20 32 47 67 72
35 41 35 41
7 79 7 28 35 43 44 79
8 41 8 34 38 41
22 65 22 31 56 62 63 65
28 60 28 49 51 60
21 66 21 42 51 60 66
59 71 59 66 71
6 35 6 18 21 26 28 35
9 60 9 13 28 49 51 60
56 85 56 64 71 82 85
18 71 18 22 59 71
7 27 7 27
22 44 22 43 44
24 71 24 64 71
28 46 28 37 40 42 46
49 77 49 51 67 77
58 78 58 67 72 78
38 69 38 41 49 69
6 54 6 37 48 54
28 68 28 58 68
10 89 10 60 66 78 84 89
8 72 8 41 49 51 58 67 72
26 56 26 28 35 56
4 76 4 8 34 48 54 59 69 76
24 45 24 27 34 45
8 72 8 9 50 51 67 72
9 26 9 17 20 26
6 42 6 30 34 38 42
7 69 7 28 49 69
59 81 59 66 78 80 81
2 55 2 14 34 45 55
18 69 18 21 58 64 69
6 85 6 54 78 85
1 48 1 3 9 24 27 32 48
33 83 33 49 51 59 66 83
19 64 19 21 59 64
1 37 1 37
17 51 17 33 49 51
11 48 11 21 26 28 37 48
4 13 4 8 9 13
19 44 19 43 44
71 88 71 83 88
43 76 43 52 64 69 76
6 20 6 18 20
79 84 79 84
17 42 17 29 37 40 42
35 88 35 39 58 77 88
41 61 41 50 51 58 61
24 54 24 32 48 54
5 19 5 7 14 19
4 57 4 30 39 57
18 74 18 21 59 64 68 74
15 66 15 21 42 51 59 66
18 31 18 22 31
9 32 9 32
29 79 29 37 48 79
14 25 14 25
8 47 8 34 47
42 62 42 62
24 42 24 27 29 37 40 42
3 45 3 30 34 45
9 66 9 16 27 32 66
19 54 19 33 37 48 54
21 46 21 26 40 42 46
59 69 59 64 69
22 47 22 25 35 43 47
33 72 33 39 58 67 72
8 50 8 9 16 28 35 41 50
41 65 41 49 51 59 65
14 34 14 19 20 30 34
18 41 18 21 26 38 41
12 20 12 17 20
58 89 58 67 77 89
0 87 0 27 58 68 69 87
23 35 23 28 35
54 65 54 59 65
1 89 1 58 64 81 83 89
36 71 36 60 66 71
6 67 6 21 26 42 51 67
5 25 5 6 17 25
1 24 1 3 16 24
45 76 45 50 60 69 76
44 78 44 61 75 78
17 70 17 20 30 34 38 42 70
10 40 10 24 29 36 37 40
10 89 10 52 71 84 89
23 89 23 28 41 49 51 59 89
1 68 1 19 43 47 61 64 68
20 67 20 32 51 58 67
26 73 26 55 67 73
43 83 43 47 80 81 83
1 89 1 19 38 41 79 84 89
1 22 1 2 18 22
54 72 54 72
9 81 9 24 34 38 63 80 81
10 34 10 24 27 34
45 57 45 55 57
25 56 25 35 56
26 56 26 28 35 56
3 25 3 16 23 25
37 51 37 51
0 72 0 20 55 57 72
72 86 72 78 81 83 86
17 59 17 29 48 54 59
21 66 21 59 66
37 40 37 40
67 88 67 77 87 88
5 36 5 7 29 36
58 68 58 64 68
26 47 26 28 35 43 47
13 24 13 24
24 55 24 43 44 55
26 44 26 28 35 43 44
52 80 52 67 72 78 80
17 52 17 33 37 52
17 82 17 60 82
21 55 21 26 28 35 43 44 55
32 81 32 44 64 81
33 80 33 52 67 72 78 80
30 88 30 48 88
29 83 29 70 72 78 80 83
24 70 24 43 70
10 34 10 34
40 78 40 42 62 72 78
21 37 21 26 28 37
64 82 64 82
9 16 9 16
8 13 8 13
18 21 18 21
9 52 9 16 27 52
16 78 16 35 43 62 72 78
43 83 43 80 81 83
33 42 33 37 40 42
60 87 60 66 77 87
63 83 63 83
18 72 18 34 44 55 58 67 72
7 43 7 43
6 79 6 30 48 79
54 82 54 67 72 82
15 30 15 30
11 35 11 35
36 58 36 43 44 51 58
15 53 15 30 44 53
26 88 26 88
2 70 2 33 37 40 42 70
39 76 39 60 69 76
1 82 1 37 52 71 82
60 85 60 82 85
63 86 63 83 86
17 69 17 60 69
15 52 15 26 28 37 52
22 43 22 31 43
31 72 31 39 57 72
51 58 51 58
24 81 24 81
18 51 18 34 44 51
9 78 9 16 29 36 43 62 72 78
7 14 7 14
6 83 6 18 34 44 79 81 83
26 80 26 67 72 78 80
39 88 39 46 77 88
15 65 15 26 28 37 49 51 59 65
8 9 8 9
20 41 20 26 38 41
48 75 48 54 75
62 87 62 72 87
4 23 4 8 9 13 16 23
35 41 35 41
3 20 3 14 19 20
20 77 20 26 67 77
26 40 26 40
14 25 14 25
12 69 12 47 61 64 68 69
4 56 4 56
21 35 21 26 28 35
27 64 27 32 47 61 64
55 82 55 57 72 82
11 74 11 20 40 51 59 64 68 74
1 39 1 2 33 39
20 87 20 26 42 87
29 53 29 36 43 44 53
39 69 39 60 69
3 42 3 9 17 20 30 34 38 42
40 62 40 42 62
40 51 40 51
27 47 27 34 47
6 54 6 27 32 48 54
8 37 8 13 36 37
25 87 25 57 72 87
41 66 41 66
23 79 23 37 48 79
2 56 2 18 20 26 28 35 56
1 34 1 13 16 27 34
64 80 64 80
30 46 30 39 46
26 86 26 80 81 83 86
61 84 61 64 71 84
54 72 54 72
1 65 1 49 51 59 65
45 52 45 52
7 77 7 49 51 59 66 77
59 82 59 71 82
15 68 15 22 31 68
34 79 34 38 41 79
2 60 2 14 42 51 60
45 78 45 55 61 75 78
1 80 1 78 80
26 55 26 55
61 83 61 75 78 81 83
34 48 34 48
58 67 58 67
31 87 31 68 69 87
1 58 1 3 51 58
47 80 47 80
19 44 19 43 44
48 81 48 75 80 81
58 81 58 67 72 78 81
1 61 1 37 49 51 58 61
23 25 23 25
30 65 30 34 45 54 59 65
41 72 41 67 72
50 69 50 60 69
40 84 40 64 71 84
10 70 10 34 38 41 70
32 52 32 48 52
1 32 1 3 16 27 32
81 83 81 83
15 58 15 30 39 58
16 52 16 35 43 52
67 80 67 72 78 80
44 58 44 51 58
37 49 37 49
8 52 8 9 32 48 52
7 57 7 57
60 78 60 66 78
6 29 6 24 27 29
2 31 2 9 16 31
1 32 1 3 14 19 20 32
40 76 40 64 69 76
33 58 33 49 51 58
30 50 30 34 45 50
44 57 44 55 57
24 75 24 54 75
31 88 31 68 69 88
41 89 41 63 80 83 89
30 69 30 39 60 69
4 76 4 41 50 51 59 69 76
35 61 35 41 49 51 58 61
33 89 33 52 71 83 89
9 21 9 13 14 19 21
62 78 62 72 78
51 89 51 64 71 84 89
17 70 17 29 36 43 70
36 49 36 37 49
29 37 29 36 37
16 40 16 29 37 40
58 81 58 67 72 78 81
26 46 26 28 46
18 89 18 20 66 78 84 89
12 88 12 57 83 86 88
35 67 35 43 44 55 58 67
60 77 60 66 77
33 73 33 51 67 73
22 73 22 34 38 42 51 67 73
22 60 22 34 38 60
64 87 64 69 87
25 81 25 81
24 83 24 55 79 83
75 82 75 82
6 42 6 21 40 42
24 32 24 32
12 40 12 27 29 36 37 40
38 69 38 60 69
28 66 28 49 51 60 66
38 77 38 42 46 77
27 66 27 29 43 44 51 60 66
22 25 22 25
70 71 70 71
45 73 45 55 67 73
1 25 1 7 15 22 25
29 80 29 75 80
12 29 12 29
3 9 3 9
31 81 31 56 64 81
28 50 28 41 50
29 37 29 37
23 37 23 28 37
6 82 6 44 53 72 82
22 55 22 25 35 43 44 55
63 86 63 80 81 83 86
36 88 36 37 51 88
3 46 3 38 42 46
2 17 2 9 17
17 68 17 33 37 49 51 59 64 68
53 85 53 72 78 85
17 85 17 20 30 68 74 82 85
4 64 4 30 54 59 64
13 43 13 29 36 43
12 26 12 26
0 57 0 24 29 36 37 40 42 57
1 14 1 13 14
13 44 13 24 32 44
5 76 5 37 76
74 88 74 85 88
6 45 6 30 34 45
4 43 4 8 28 35 43
43 44 43 44
30 72 30 48 54 72
13 64 13 36 59 64
42 84 42 64 71 84
27 75 27 32 51 58 61 75
12 46 12 37 40 42 46
3 30 3 16 24 30
23 71 23 55 58 64 71
20 82 20 26 67 82
53 72 53 72
14 43 14 25 35 43
9 66 9 20 32 48 54 59 66
21 82 21 40 60 82
41 63 41 63
64 88 64 69 87 88
4 23 4 8 13 16 23
17 25 17 25
11 69 11 59 69
48 88 48 54 72 87 88
18 39 18 21 26 28 35 39
6 45 6 18 20 30 34 45
28 73 28 41 67 73
22 35 22 25 35
7 80 7 62 72 78 80
18 72 18 34 48 52 67 72
12 58 12 17 33 39 58
32 51 32 44 51
64 81 64 80 81
20 32 20 32
34 59 34 44 51 59
34 67 34 67
37 60 37 49 51 60
29 66 29 48 54 59 66
8 89 8 41 53 72 78 84 89
3 9 3 9
4 26 4 13 26
55 64 55 61 64
41 58 41 50 51 58
28 58 28 58
9 78 9 13 72 78
8 72 8 58 67 72
35 87 35 72 87
50 65 50 59 65
60 81 60 66 78 81
21 82 21 42 57 82
13 63 13 36 43 62 63
57 88 57 82 85 88
22 64 22 59 64
2 32 2 23 32
44 75 44 55 58 61 75
75 82 75 82
2 60 2 18 20 26 28 35 43 44 51 60
24 58 24 34 38 41 50 51 58
0 33 0 13 16 23 25 33
21 79 21 26 28 37 48 79
11 87 11 21 40 60 66 77 87
37 46 37 40 42 46
16 89 16 80 83 89
33 76 33 52 64 69 76
17 74 17 29 36 37 59 64 68 74
58 77 58 67 77
5 79 5 25 33 37 48 79
23 54 23 25 33 37 48 54
11 37 11 20 26 28 37
16 89 16 31 39 58 67 72 78 84 89
0 87 0 43 47 67 72 87
7 28 7 14 28
12 44 12 44
13 54 13 20 32 48 54
13 50 13 29 36 50
17 74 17 58 68 74
36 68 36 50 59 64 68
10 89 10 52 80 81 83 89
50 59 50 59
54 68 54 59 64 68
11 63 11 21 42 62 63
24 83 24 64 80 83
2 19 2 14 19
30 69 30 44 61 64 68 69
34 50 34 45 50
14 77 14 77
70 86 70 71 83 86
20 42 20 40 42
28 50 28 41 50
9 24 9 13 16 24
44 61 44 61
68 74 68 74
19 62 19 38 42 62
29 82 29 36 37 72 82
56 78 56 62 72 78
25 88 25 62 74 85 88
47 84 47 61 75 78 84
10 62 10 24 43 62
32 58 32 44 51 58
8 60 8 28 49 51 60
38 85 38 63 82 85
6 17 6 17
50 88 50 82 85 88
6 52 6 37 48 52
36 48 36 37 48
33 73 33 67 73
27 58 27 44 55 58
67 77 67 77
13 29 13 16 24 27 29
2 67 2 31 43 47 67
41 74 41 49 51 59 64 68 74
34 50 34 45 50
36 84 36 48 52 67 72 78 84
19 82 19 62 72 82
4 41 4 13 24 34 38 41
8 20 8 13 20
5 79 5 79
28 89 28 64 80 81 83 89
25 54 25 33 37 48 54
9 60 9 60
51 87 51 67 72 87
9 81 9 57 72 78 80 81
4 46 4 8 40 42 46
28 46 28 35 39 46
11 58 11 20 55 58
16 35 16 35
26 54 26 28 37 48 54
52 74 52 64 68 74
32 44 32 44
14 57 14 31 39 57
19 79 19 33 37 48 79
5 59 5 37 48 54 59
13 16 13 16
34 61 34 47 61
55 63 55 57 63
15 21 15 21
3 42 3 14 28 37 40 42
7 43 7 43
3 30 3 30
30 65 30 44 51 59 65
17 68 17 20 59 64 68
9 47 9 16 28 35 43 47
10 79 10 48 79
41 65 41 63 65
52 74 52 64 68 74
7 15 7 15
8 54 8 28 37 48 54
0 17 0 17
11 58 11 35 39 58
19 49 19 21 26 28 49
49 66 49 51 59 66
27 53 27 53
49 64 49 51 58 61 64
4 71 4 30 34 44 51 58 64 71
30 39 30 39
20 75 20 30 41 49 51 58 61 75
27 88 27 78 85 88
14 68 14 42 51 59 64 68
38 65 38 42 62 63 65
32 89 32 53 77 89
54 67 54 67
37 74 37 51 64 68 74
23 55 23 25 35 43 44 55
35 39 35 39
22 54 22 34 48 54
21 64 21 40 64
14 47 14 31 43 47
75 88 75 83 88
2 67 2 23 25 40 51 58 67
38 63 38 42 62 63
11 56 11 35 56
64 80 64 80
3 76 3 58 68 69 76
59 80 59 64 80
24 72 24 54 67 72
7 41 7 27 34 38 41
13 28 13 16 23 28
25 57 25 40 42 57
7 65 7 39 65
38 88 38 63 88
56 81 56 64 81
2 53 2 9 20 32 44 53
22 44 22 31 43 44
5 72 5 70 72
48 88 48 88
45 74 45 57 74
40 82 40 63 82
12 39 12 17 25 33 39
13 46 13 46
55 75 55 58 61 75
5 6 5 6
44 84 44 53 84
23 87 23 77 87
54 77 54 59 66 77
48 83 48 52 71 83
62 85 62 63 82 85
2 63 2 31 56 62 63
26 38 26 38
44 58 44 51 58
16 76 16 31 68 69 76
44 55 44 55
23 33 23 25 33
3 27 3 9 13 24 27
59 81 59 66 78 81
0 27 0 27
29 43 29 36 43
29 62 29 43 62
14 78 14 78
42 58 42 51 58
48 68 48 52 64 68
12 45 12 45
4 49 4 49
49 74 49 51 64 68 74
2 82 2 70 82
11 59 11 20 32 44 51 59
25 69 25 35 56 64 69
1 84 1 78 84
64 80 64 80
30 79 30 48 79
17 74 17 58 61 64 68 74
37 63 37 40 63
7 49 7 27 34 38 41 49
7 42 7 15 21 26 38 42
18 43 18 22 43
23 71 23 55 61 64 71
64 82 64 68 74 82
1 70 1 2 14 34 38 42 70
6 17 6 17
3 46 3 16 31 43 46
8 17 8 9 17
22 47 22 34 47
8 52 8 9 20 30 34 48 52
7 29 7 27 29
13 77 13 49 51 60 66 77
5 69 5 44 61 64 69
4 57 4 23 44 55 57
32 53 32 53
63 65 63 65
10 57 10 17 32 44 55 57
14 37 14 28 37
41 72 41 50 51 67 72
26 57 26 42 57
27 72 27 58 67 72
10 53 10 17 29 36 43 44 53
4 71 4 8 28 64 71
7 44 7 32 44
43 66 43 44 51 60 66
58 73 58 73
44 59 44 51 59
19 82 19 21 26 40 51 64 68 74 82
6 44 6 24 32 44
9 50 9 17 29 36 50
6 41 6 27 34 38 41
30 39 30 39
0 80 0 17 29 36 59 64 80
15 30 15 30
31 87 31 56 62 72 87
18 38 18 34 38
30 41 30 34 38 41
27 72 27 53 72
12 64 12 27 44 64
30 47 30 34 47
18 62 18 21 26 28 35 56 62
80 86 80 83 86
13 29 13 29
39 67 39 58 67
7 82 7 29 70 72 82
32 83 32 66 83
59 74 59 64 68 74
28 50 28 35 41 50
16 53 16 29 43 44 53
66 88 66 83 88
24 41 24 30 41
55 61 55 61
22 82 22 34 44 64 68 74 82
50 59 50 59
19 79 19 43 44 79
45 63 45 55 57 63
22 54 22 33 37 48 54
7 47 7 27 29 36 43 47
1 36 1 3 27 29 36
3 22 3 15 22
50 65 50 51 59 65
8 17 8 9 17
63 81 63 80 81
29 60 29 43 44 51 60
26 75 26 28 37 51 58 61 75
35 52 35 43 52
30 84 30 34 59 66 71 84
40 60 40 60
34 62 34 38 42 62
3 42 3 30 34 38 42
8 55 8 34 44 55
11 89 11 77 89
2 25 2 18 22 25
32 69 32 44 51 58 68 69
54 65 54 59 65
25 57 25 33 37 40 42 57
40 63 40 42 62 63
0 43 0 17 29 43
38 82 38 42 57 74 82
57 65 57 65
32 73 32 47 67 73
55 57 55 57
12 71 12 26 55 58 64 71
33 80 33 72 78 80
1 78 1 26 75 78
58 76 58 61 64 68 69 76
15 31 15 22 31
0 47 0 47
8 66 8 40 42 51 60 66
43 78 43 75 78
8 89 8 28 37 48 72 78 80 81 83 89
14 77 14 31 43 46 77
10 79 10 30 48 79
2 72 2 72
12 20 12 17 20
30 54 30 54
49 66 49 51 59 66
1 3 1 3
20 40 20 40
1 35 1 26 28 35
30 45 30 34 45
18 28 18 20 26 28
39 85 39 58 67 72 78 85
18 38 18 34 38
11 34 11 20 30 34
24 43 24 27 29 43
6 39 6 17 25 35 39
43 75 43 75
47 67 47 67
60 66 60 66
11 77 11 35 41 50 59 66 77
35 87 35 43 47 77 87
78 84 78 84
78 81 78 81
19 38 19 38
41 50 41 50
21 77 21 58 77
0 81 0 80 81
14 28 14 19 21 26 28
3 43 3 9 17 29 43
49 78 49 72 78
2 42 2 9 16 24 30 34 38 42
55 67 55 67
15 61 15 22 31 43 44 61
14 43 14 19 20 26 28 35 43
13 24 13 24
37 40 37 40
3 9 3 9
42 57 42 57
19 50 19 20 26 38 41 50
4 56 4 56
34 48 34 48
45 75 45 54 75
11 71 11 21 58 61 64 71
6 70 6 40 42 70
3 77 3 27 34 46 77
4 76 4 41 59 69 76
41 67 41 67
7 34 7 15 22 34
21 35 21 26 28 35
45 54 45 54
7 33 7 14 19 33
6 76 6 27 34 48 52 64 68 69 76
1 74 1 58 64 68 74
45 55 45 55
9 71 9 16 27 70 71
11 28 11 20 26 28
3 21 3 21
17 62 17 20 56 62
12 44 12 17 32 44
51 67 51 67
2 55 2 13 24 32 44 55
4 82 4 60 66 71 82
7 40 7 40
8 9 8 9
13 46 13 24 30 39 46
44 65 44 51 59 65
17 25 17 25
30 85 30 39 58 85
45 66 45 50 60 66
58 81 58 78 81
43 83 43 47 75 78 81 83
70 81 70 72 78 80 81
57 88 57 63 88
16 89 16 28 41 63 80 83 89
41 76 41 76
13 73 13 48 52 67 73
12 17 12 17
83 86 83 86
24 60 24 29 43 44 51 60
16 86 16 29 37 48 54 81 83 86
71 83 71 83
21 37 21 26 28 37
37 87 37 52 67 77 87
7 44 7 27 32 44
12 41 12 27 34 38 41
22 35 22 25 35
27 76 27 52 64 69 76
12 71 12 26 42 64 71
30 61 30 34 45 55 61
59 89 59 77 89
36 69 36 48 61 64 69
28 85 28 82 85
15 22 15 22
60 82 60 66 71 82
10 37 10 17 20 26 28 37
40 85 40 51 67 72 78 85
4 47 4 30 34 47
63 83 63 80 81 83
16 73 16 35 43 44 55 67 73
13 56 13 20 26 28 35 56
83 89 83 89
2 31 2 14 31
37 49 37 49
3 38 3 38
28 82 28 41 50 51 60 66 71 82
52 83 52 64 80 81 83
12 30 12 17 20 30
16 28 16 23 28
25 68 25 61 64 68
24 39 24 30 39
2 63 2 63
64 86 64 80 83 86
21 73 21 42 51 58 73
34 79 34 45 55 79
7 47 7 43 47
4 69 4 30 50 59 64 68 69
49 61 49 51 58 61
60 85 60 82 85
43 75 43 44 55 58 61 75
41 57 41 57
64 82 64 68 74 82
8 34 8 34
39 88 39 87 88
75 83 75 83
34 88 34 38 42 88
33 63 33 39 57 63
24 58 24 34 45 55 58
50 78 50 59 66 78
56 82 56 62 74 82
60 89 60 66 83 89
21 58 21 58
27 63 27 29 36 37 40 63
17 51 17 29 37 49 51
3 17 3 9 17
38 57 38 42 57
57 72 57 72
77 89 77 89
9 30 9 13 14 19 20 30
32 71 32 44 61 64 71
30 46 30 34 38 42 46
59 66 59 66
25 76 25 33 49 51 64 69 76
21 38 21 26 38
43 87 43 64 87
13 76 13 76
49 81 49 72 78 81
38 88 38 85 88
9 13 9 13
6 44 6 16 23 32 44
32 75 32 58 61 75
36 79 36 55 79
4 58 4 23 37 51 58
57 72 57 72
14 59 14 28 35 41 49 51 59
2 83 2 33 62 72 78 80 83
56 64 56 64
51 67 51 67
41 86 41 67 72 86
84 88 84 88
36 76 36 60 69 76
31 86 31 43 75 80 83 86
24 70 24 34 38 70
7 56 7 14 19 56
49 67 49 51 67
30 51 30 41 49 51
24 73 24 32 51 58 73
9 40 9 17 29 37 40
1 74 1 19 43 62 74
66 89 66 71 84 89
24 44 24 43 44
26 65 26 38 65
12 50 12 29 36 50
42 46 42 46
39 75 39 58 61 75
45 81 45 64 81
55 75 55 58 61 75
21 82 21 58 68 74 82
29 70 29 43 70
33 52 33 52
51 82 51 67 72 82
34 47 34 47
15 85 15 22 60 66 71 82 85
17 28 17 20 26 28
40 57 40 42 57
60 87 60 66 77 87
81 88 81 83 86 88
42 57 42 57
50 51 50 51
9 49 9 24 29 36 37 49
7 65 7 32 44 51 59 65
15 49 15 26 38 41 49
4 34 4 13 20 30 34
37 69 37 40 64 68 69
14 59 14 30 54 59
7 88 7 41 50 51 60 69 88
6 37 6 15 21 26 28 37
3 59 3 21 26 42 51 59
22 84 22 59 64 71 84
59 65 59 65
1 14 1 3 14
2 55 2 9 17 25 35 43 44 55
31 58 31 43 44 55 58
18 82 18 72 82
3 45 3 9 13 16 27 34 45
4 26 4 13 26
2 29 2 9 13 16 29
12 70 12 17 29 37 40 42 70
20 67 20 26 38 41 50 51 67
68 69 68 69
23 33 23 25 33
9 57 9 32 44 55 57
39 58 39 58
5 76 5 52 64 69 76
34 77 34 44 53 77
18 58 18 21 42 51 58
26 79 26 38 41 79
45 52 45 52
12 68 12 24 34 47 61 64 68
31 72 31 43 52 67 72
21 66 21 59 66
24 89 24 43 80 83 89
18 83 18 21 40 78 81 83
10 34 10 30 34
5 89 5 81 83 89
31 87 31 39 87
61 88 61 88
2 56 2 23 28 35 56
37 78 37 48 72 78
15 39 15 26 28 35 39
0 46 0 17 29 37 40 42 46
0 50 0 20 26 28 35 41 50
7 80 7 64 80
58 78 58 61 75 78
20 64 20 30 44 61 64
36 84 36 60 66 71 84
58 73 58 73
3 89 3 38 41 72 78 80 81 83 89
51 89 51 89
0 17 0 10 17
54 80 54 72 78 80
29 83 29 37 72 78 80 83
24 47 24 32 47
3 50 3 30 41 50
1 22 1 7 15 22
56 74 56 62 74
37 48 37 48
20 58 20 30 50 51 58
13 44 13 28 35 43 44
0 43 0 43
36 76 36 48 61 64 68 69 76
16 24 16 24
68 74 68 74
9 62 9 13 20 56 62
32 54 32 48 54
12 30 12 24 30
44 83 44 55 61 75 80 83
42 75 42 51 58 61 75
26 67 26 42 51 58 67
48 88 48 75 88
5 62 5 25 33 37 40 42 62
34 50 34 38 41 50
21 39 21 26 28 35 39
32 85 32 66 78 85
14 40 14 25 33 37 40
4 8 4 8
40 64 40 42 51 59 64
18 35 18 20 26 28 35
12 50 12 29 36 50
72 85 72 82 85
26 73 26 38 42 51 67 73
43 46 43 46
29 36 29 36
61 76 61 64 68 69 76
9 86 9 57 78 81 83 86
17 81 17 81
35 78 35 59 66 78
10 50 10 30 41 50
37 65 37 65
29 64 29 43 52 64
16 65 16 28 37 65
8 55 8 13 14 25 35 43 44 55
17 71 17 51 59 66 71
71 83 71 83
50 71 50 60 66 71
9 81 9 32 48 79 81
72 78 72 78
26 52 26 28 37 48 52
13 59 13 49 51 59
37 51 37 49 51
13 25 13 16 23 25
4 26 4 13 14 19 20 26
25 56 25 35 56
2 13 2 9 13
43 78 43 44 61 75 78
20 74 20 32 48 61 64 68 74
36 66 36 66
26 79 26 38 41 79
60 84 60 66 78 84
23 42 23 25 38 42
20 42 20 26 38 42
59 66 59 66
38 63 38 42 62 63
16 28 16 23 28
34 66 34 45 54 59 66
58 76 58 68 69 76
20 70 20 30 34 38 42 70
19 42 19 33 37 40 42
2 66 2 33 51 60 66
6 57 6 40 42 57
20 86 20 56 78 80 81 83 86
5 54 5 37 48 54
36 79 36 55 79
29 75 29 37 40 42 51 58 61 75
63 82 63 82
17 79 17 29 43 44 79
6 83 6 18 72 78 81 83
54 81 54 78 81
42 84 42 51 67 72 78 84
61 88 61 75 88
8 68 8 13 68
25 65 25 35 41 50 51 59 65
44 59 44 51 59
30 53 30 53
7 33 7 33
22 41 22 34 38 41
33 61 33 49 51 58 61
45 78 45 55 57 78
43 69 43 47 61 64 69
41 74 41 59 64 68 74
28 41 28 35 41
7 33 7 14 19 33
0 76 0 27 58 61 64 69 76
47 64 47 61 64
44 75 44 51 58 61 75
53 81 53 80 81
2 36 2 13 36
24 88 24 50 60 66 77 88
24 67 24 29 37 49 51 58 67
7 73 7 33 73
3 45 3 9 24 30 34 45
45 73 45 52 67 73
53 88 53 77 87 88
60 80 60 66 78 80
24 37 24 27 29 37
10 55 10 17 20 30 34 44 55
30 39 30 39
26 44 26 28 35 43 44
19 41 19 21 26 28 35 41
26 88 26 80 83 88
18 28 18 20 26 28
14 43 14 19 43
11 28 11 20 26 28
34 77 34 59 66 77
38 69 38 42 51 60 69
39 71 39 60 66 71
38 67 38 42 51 58 67
24 89 24 30 34 46 77 89
12 77 12 50 59 66 77
26 85 26 68 74 85
27 58 27 34 45 55 58
40 80 40 42 57 80
7 21 7 14 19 21
25 57 25 38 41 57
17 33 17 25 33
45 64 45 50 51 64
19 82 19 56 64 71 82
13 30 13 24 30
7 45 7 27 34 45
25 57 25 40 42 57
71 83 71 83
34 73 34 67 73
8 32 8 13 14 19 20 32
38 49 38 41 49
53 80 53 80
5 80 5 37 52 67 72 78 80
4 21 4 8 9 13 14 19 21
26 86 26 28 41 70 71 83 86
51 59 51 59
23 53 23 32 44 53
0 75 0 24 27 34 44 51 58 61 75
17 55 17 29 43 44 55
7 64 7 56 64
27 83 27 78 80 81 83
17 32 17 20 32
4 20 4 13 14 19 20
25 70 25 33 37 40 42 70
10 54 10 17 33 37 48 54
7 27 7 27
43 59 43 44 51 59
6 80 6 37 48 52 78 80
11 61 11 35 43 47 61
67 72 67 72
20 46 20 30 34 38 42 46
6 44 6 30 44
58 86 58 61 64 86
30 41 30 34 38 41
0 20 0 20
31 87 31 68 69 87
31 79 31 43 44 79
27 65 27 44 51 59 65
20 39 20 26 28 35 39
75 89 75 80 83 89
38 53 38 41 53
72 81 72 78 81
36 43 36 43
3 83 3 15 21 59 64 81 83
15 69 15 22 25 33 51 58 61 64 69
41 53 41 53
21 76 21 26 42 51 60 69 76
22 81 22 25 61 75 78 80 81
55 64 55 61 64
14 70 14 19 21 42 70
2 59 2 33 49 51 59
4 78 4 49 51 59 66 78
25 68 25 61 64 68
28 49 28 37 49
24 65 24 34 38 65
23 53 23 28 41 53
50 81 50 59 66 78 80 81
32 88 32 48 75 82 85 88
77 87 77 87
38 82 38 41 59 71 82
44 83 44 51 67 72 78 81 83
52 67 52 67
30 34 30 34
2 13 2 9 13
32 73 32 44 55 58 67 73
87 88 87 88
12 57 12 29 37 40 42 57
69 88 69 88
27 60 27 34 38 60
8 84 8 9 60 66 71 84
17 65 17 51 59 65
27 66 27 34 48 54 59 66
12 30 12 24 30
49 61 49 51 58 61
38 76 38 41 49 69 76
30 88 30 53 84 88
2 45 2 18 20 30 34 45
25 75 25 40 42 51 58 61 75
11 68 11 59 64 68
18 31 18 22 31
13 46 13 46
58 61 58 61
24 78 24 29 36 48 75 78
25 62 25 62
36 50 36 50
26 73 26 55 67 73
43 75 43 47 75
26 43 26 28 35 43
40 80 40 60 66 78 80
6 61 6 18 21 26 40 51 58 61
80 89 80 83 89
10 26 10 17 20 26
24 50 24 50
4 86 4 8 40 78 81 83 86
19 49 19 20 30 34 38 41 49
9 82 9 82
26 63 26 38 63
27 37 27 29 37
34 66 34 48 54 59 66
26 56 26 28 35 56
37 60 37 49 51 60
19 44 19 43 44
33 52 33 52
24 83 24 64 81 83
13 60 13 16 40 51 60
37 77 37 77
41 86 41 59 86
45 84 45 50 51 64 71 84
2 26 2 18 20 26
7 65 7 40 42 51 59 65
33 63 33 39 57 63
45 51 45 50 51
23 67 23 28 35 41 49 51 67
20 54 20 26 28 37 48 54
44 79 44 79
36 68 36 37 51 64 68
27 86 27 34 44 61 64 81 83 86
64 88 64 82 85 88
62 74 62 74
56 84 56 78 84
13 74 13 36 50 59 64 68 74
25 74 25 40 51 58 64 68 74
12 83 12 32 58 67 72 78 80 81 83
36 50 36 50
28 50 28 35 41 50
2 39 2 18 20 26 28 35 39
22 37 22 25 33 37
31 56 31 56
60 81 60 66 78 80 81
43 78 43 52 78
12 68 12 50 59 64 68
6 76 6 24 34 48 54 59 64 68 69 76
12 27 12 24 27
13 74 13 36 50 51 59 64 68 74
48 71 48 54 71
1 47 1 2 18 20 26 28 35 43 47
58 81 58 67 72 78 81
12 58 12 50 51 58
37 52 37 52
17 60 17 25 35 41 49 51 60
33 83 33 62 72 78 81 83
6 56 6 17 25 35 56
51 72 51 67 72
2 52 2 31 43 52
7 80 7 64 80
56 84 56 64 71 84
16 64 16 38 41 50 51 59 64
24 73 24 50 51 58 67 73
58 81 58 64 80 81
45 83 45 75 83
64 88 64 81 83 86 88
11 48 11 20 26 28 37 48
9 31 9 13 16 31
20 44 20 30 44
30 65 30 39 65
1 22 1 3 15 22
41 70 41 70
53 80 53 72 78 80
13 16 13 16
16 67 16 48 54 67
7 56 7 14 25 35 56
12 71 12 32 48 52 64 71
16 53 16 23 25 38 41 53
0 47 0 27 32 47
52 64 52 64
14 83 14 25 35 39 58 78 81 83
57 74 57 74
29 62 29 43 62
67 77 67 77
8 46 8 34 38 42 46
42 51 42 51
47 88 47 61 75 83 88
6 39 6 31 39
12 73 12 27 29 36 50 51 58 67 73
21 59 21 40 42 51 59
7 29 7 29
34 77 34 44 55 67 77
0 27 0 10 24 27
12 44 12 44
16 81 16 44 64 81
3 51 3 37 49 51
0 31 0 13 16 31
5 56 5 25 35 56
24 72 24 55 57 72
16 83 16 35 39 57 72 78 80 81 83
18 41 18 34 38 41
62 85 62 74 85
16 61 16 44 51 58 61
18 53 18 20 30 34 44 53
8 17 8 9 17
0 70 0 10 34 38 42 70
7 32 7 32
29 40 29 36 37 40
3 76 3 15 76
11 39 11 20 39
24 44 24 34 44
20 79 20 32 48 79
53 86 53 72 86
24 75 24 50 51 58 61 75
21 40 21 40
51 58 51 58
44 64 44 51 64
23 77 23 77
18 72 18 72
49 89 49 72 78 81 83 89
25 47 25 35 43 47
5 56 5 6 18 20 26 28 35 56
8 28 8 9 20 26 28
0 87 0 17 33 37 59 64 68 69 87
31 44 31 43 44
26 53 26 28 35 43 44 53
34 77 34 47 77
74 85 74 85
34 77 34 47 67 77
14 89 14 25 33 61 75 83 89
0 19 0 13 14 19
14 25 14 25
2 17 2 9 17
7 49 7 15 21 26 38 41 49
1 36 1 7 27 29 36
53 72 53 72
24 80 24 34 48 54 75 78 80
0 49 0 10 17 25 35 41 49
9 17 9 17
2 26 2 14 19 21 26
4 23 4 23
1 48 1 19 33 37 48
11 21 11 21
16 87 16 27 53 72 87
27 54 27 32 48 54
24 71 24 54 59 71
37 87 37 52 67 72 87
86 88 86 88
33 82 33 72 82
51 77 51 60 66 77
39 77 39 60 66 77
3 21 3 14 19 21
80 81 80 81
50 82 50 59 64 68 74 82
37 48 37 48
59 66 59 66
36 37 36 37
14 59 14 28 41 49 51 59
22 43 22 25 35 43
4 33 4 23 25 33
7 15 7 15
4 63 4 8 40 42 62 63
18 83 18 72 78 80 81 83
23 89 23 37 40 78 84 89
20 84 20 32 58 61 75 78 84
7 36 7 27 29 36
2 55 2 23 35 43 44 55
38 41 38 41
2 63 2 57 63
42 67 42 51 58 67
36 58 36 50 51 58
13 85 13 85
28 35 28 35
4 27 4 13 24 27
46 77 46 77
4 76 4 69 76
15 76 15 26 42 64 68 69 76
23 63 23 44 55 63
25 76 25 33 51 64 69 76
7 64 7 64
72 87 72 87
2 69 2 33 39 69
9 57 9 57
3 48 3 30 48
50 76 50 60 69 76
33 89 33 52 77 89
26 79 26 55 79
32 80 32 44 55 79 80
22 83 22 60 66 83
12 46 12 27 34 38 42 46
28 81 28 58 78 80 81
59 71 59 71
8 40 8 40
6 35 6 17 25 35
35 72 35 39 58 67 72
32 78 32 53 72 78
10 87 10 17 58 67 77 87
7 64 7 28 37 48 54 59 64
23 71 23 25 61 64 71
44 57 44 55 57
36 58 36 43 44 55 58
43 59 43 44 51 59
45 52 45 52
24 27 24 27
29 79 29 43 44 79
18 77 18 20 40 51 67 77
10 54 10 30 34 48 54
51 61 51 58 61
56 87 56 62 72 87
41 80 41 59 64 80
24 85 24 27 70 72 82 85
25 79 25 79
32 72 32 48 52 67 72
7 73 7 49 51 67 73
12 46 12 27 29 43 46
18 53 18 20 26 38 41 53
14 43 14 19 20 26 28 35 43
2 33 2 18 22 33
18 28 18 20 26 28
22 87 22 62 72 87
49 61 49 51 58 61
13 40 13 24 27 29 37 40
59 77 59 77
56 87 56 62 72 87
11 33 11 33
22 31 22 31
7 57 7 32 44 55 57
74 88 74 82 85 88
23 47 23 35 43 47
7 83 7 14 25 61 64 80 83
11 35 11 20 26 28 35
13 49 13 29 36 37 49
53 85 53 72 82 85
58 86 58 61 75 83 86
14 65 14 25 38 65
22 58 22 31 39 58
67 82 67 72 82
3 16 3 16
8 46 8 13 28 46
42 58 42 51 58
12 85 12 60 66 71 82 85
27 44 27 29 43 44
66 77 66 77
53 82 53 72 82
32 54 32 48 54
5 84 5 52 64 71 84
42 68 42 51 58 61 64 68
7 85 7 42 51 58 85
1 84 1 78 84
39 76 39 58 61 64 68 69 76
49 67 49 51 67
20 76 20 59 64 68 69 76
56 84 56 62 72 78 84
49 64 49 51 64
56 82 56 74 82
9 21 9 13 14 19 21
62 63 62 63
4 41 4 30 41
32 67 32 51 67
19 69 19 38 60 69
50 59 50 59
5 69 5 61 64 68 69
22 61 22 25 33 49 51 58 61
7 78 7 49 72 78
19 82 19 43 52 64 82
48 86 48 52 80 81 83 86
12 47 12 27 32 47
5 81 5 36 66 78 81
37 78 37 48 75 78
14 31 14 31
37 66 37 49 51 60 66
49 66 49 51 60 66
41 50 41 50
1 3 1 3
16 67 16 35 41 50 51 67
72 81 72 78 80 81
52 87 52 67 72 87
16 50 16 28 41 50
25 38 25 38
71 88 71 88
20 77 20 30 50 51 59 66 77
53 85 53 72 82 85
8 57 8 9 16 24 43 44 55 57
35 85 35 43 64 82 85
25 46 25 40 42 46
66 71 66 71
55 73 55 67 73
34 66 34 59 66
9 31 9 16 31
49 69 49 51 64 68 69
39 67 39 58 67
44 68 44 55 58 61 64 68
10 73 10 17 29 36 50 51 58 67 73
41 76 41 76
25 79 25 35 41 79
9 29 9 16 27 29
63 89 63 80 81 83 89
2 84 2 23 57 72 78 84
11 58 11 20 39 58
32 78 32 48 72 78
5 67 5 52 67
21 65 21 26 55 63 65
61 75 61 75
44 79 44 79
23 44 23 25 35 43 44
21 58 21 42 51 58
8 23 8 9 13 16 23
43 66 43 44 51 59 66
32 76 32 48 61 64 68 69 76
20 87 20 26 67 72 87
58 67 58 67
5 88 5 64 80 83 88
1 32 1 2 13 14 19 20 32
12 17 12 17
12 44 12 29 43 44
18 86 18 34 86
45 52 45 52
31 71 31 39 60 66 71
1 2 1 2
35 72 35 72
17 60 17 25 40 60
8 13 8 13
49 89 49 72 78 81 83 89
36 53 36 43 44 53
18 59 18 21 42 51 59
11 89 11 64 80 81 83 89
35 39 35 39
15 54 15 26 28 37 48 54
1 36 1 7 27 29 36
37 46 37 40 42 46
4 26 4 8 9 13 26
13 74 13 64 68 74
28 40 28 37 40
62 65 62 65
3 17 3 9 17
1 27 1 7 27
0 76 0 13 16 68 69 76
6 62 6 15 26 28 37 40 42 62
6 62 6 18 20 40 42 62
4 40 4 8 28 37 40
13 29 13 24 27 29
25 38 25 38
39 83 39 60 66 71 83
7 64 7 43 52 64
7 22 7 15 22
68 88 68 74 82 85 88
3 50 3 14 25 35 41 50
11 63 11 20 56 62 63
20 55 20 55
29 68 29 37 48 61 64 68
44 78 44 78
49 75 49 51 58 61 75
26 57 26 55 57
24 39 24 30 39
38 78 38 60 66 78
33 63 33 37 40 63
41 83 41 72 78 81 83
63 89 63 83 89
8 49 8 13 49
6 39 6 24 30 39
0 24 0 10 24
23 54 23 37 48 54
37 66 37 49 51 60 66
50 69 50 59 64 69
24 37 24 29 36 37
8 89 8 40 51 60 66 83 89
59 81 59 64 81
5 67 5 6 40 51 58 67
23 58 23 55 58
7 87 7 87
23 49 23 37 49
41 74 41 59 64 68 74
71 82 71 82
15 39 15 30 39
56 72 56 62 72
5 77 5 52 67 77
47 67 47 67
40 70 40 42 70
27 40 27 29 37 40
40 82 40 60 82
28 41 28 35 41
22 57 22 31 43 44 55 57
21 73 21 42 51 67 73
3 27 3 16 24 27
1 23 1 2 13 16 23
40 71 40 64 71
17 81 17 78 80 81
33 51 33 37 49 51
16 40 16 28 37 40
58 84 58 78 84
2 36 2 13 36
16 50 16 29 36 50
24 60 24 27 34 38 41 50 60
14 37 14 28 37
26 88 26 38 70 81 83 88
4 46 4 8 9 13 46
23 66 23 66
37 65 37 65
23 55 23 28 35 43 44 55
50 71 50 59 71
6 85 6 40 68 74 82 85
45 63 45 63
61 64 61 64
40 76 40 51 64 68 69 76
9 55 9 16 23 35 43 44 55
17 30 17 20 30
16 80 16 35 63 80
13 56 13 28 35 56
4 8 4 8
19 55 19 21 26 55
43 68 43 64 68
53 77 53 77
64 68 64 68
49 88 49 72 88
10 70 10 30 41 70
49 84 49 51 67 72 78 84
42 88 42 88
2 26 2 13 14 19 20 26
23 37 23 37
55 64 55 58 61 64
22 80 22 62 63 80
55 77 55 58 67 77
25 60 25 40 51 60
8 40 8 28 37 40
30 47 30 34 47
24 69 24 34 59 64 69
72 85 72 82 85
50 78 50 51 58 67 72 78
59 69 59 64 68 69
26 86 26 67 72 86
26 46 26 28 46
1 58 1 39 58
19 28 19 21 26 28
2 69 2 31 68 69
17 44 17 29 36 43 44
20 30 20 30
53 86 53 72 78 80 83 86
56 72 56 62 72
59 82 59 71 82
16 25 16 23 25
35 80 35 63 80
51 66 51 59 66
48 84 48 75 78 84
51 60 51 60
4 47 4 8 9 17 29 43 47
17 83 17 81 83
25 56 25 35 56
36 37 36 37
15 58 15 58
66 80 66 78 80
28 70 28 37 40 42 70
30 76 30 41 50 60 69 76
29 66 29 36 43 44 51 60 66
41 58 41 50 51 58
54 77 54 67 77
50 69 50 51 58 64 69
59 76 59 64 69 76
16 44 16 28 35 43 44
21 59 21 42 51 59
13 30 13 20 30
4 43 4 13 14 31 43
44 55 44 55
47 72 47 67 72
47 88 47 61 88
41 67 41 67
6 27 6 27
51 82 51 64 68 74 82
8 30 8 13 24 30
35 39 35 39
0 31 0 13 14 31
1 3 1 3
31 77 31 39 46 77
16 28 16 28
57 72 57 72
12 64 12 27 32 44 55 58 64
13 59 13 20 32 48 54 59
28 75 28 49 51 58 61 75
36 77 36 66 77
0 34 0 10 30 34
13 64 13 48 61 64
1 44 1 2 14 34 44
35 88 35 39 46 77 87 88
34 42 34 38 42
14 64 14 42 51 59 64
3 77 3 37 48 54 59 66 77
33 39 33 39
5 54 5 37 48 54
34 50 34 45 50
71 88 71 88
13 27 13 24 27
17 50 17 25 38 41 50
2 89 2 13 46 77 89
47 61 47 61
0 73 0 47 67 73
2 84 2 57 72 78 84
28 46 28 35 43 46
11 28 11 21 26 28
0 72 0 10 44 51 58 67 72
20 49 20 30 41 49
16 48 16 48
32 73 32 47 67 73
26 53 26 28 35 43 44 53
25 35 25 35
4 77 4 49 51 58 77
18 86 18 21 40 72 78 81 83 86
24 64 24 30 54 59 64
33 66 33 37 40 51 60 66
12 85 12 45 55 63 82 85
6 46 6 30 34 46
38 53 38 41 53
58 78 58 67 72 78
5 53 5 7 15 21 26 38 41 53
36 58 36 43 44 55 58
22 73 22 25 38 42 51 58 73
21 52 21 26 28 37 52
13 38 13 24 27 34 38
59 83 59 71 83
25 75 25 38 42 51 58 61 75
44 72 44 51 58 67 72
59 89 59 77 89
60 82 60 66 71 82
55 82 55 58 68 74 82
13 66 13 14 59 66
13 44 13 29 43 44
4 60 4 60
9 31 9 13 14 31
85 88 85 88
1 19 1 3 14 19
24 71 24 29 70 71
28 81 28 49 72 78 80 81
33 76 33 39 76
2 25 2 9 16 23 25
1 44 1 13 16 28 35 43 44
25 74 25 35 56 62 74
12 84 12 47 75 78 84
3 23 3 9 16 23
7 27 7 27
16 73 16 23 37 48 52 67 73
34 73 34 44 51 58 67 73
20 88 20 72 86 88
23 57 23 28 37 40 42 57
13 68 13 29 36 50 59 64 68
40 63 40 42 57 63
24 71 24 27 52 71
7 14 7 14
44 73 44 51 58 67 73
41 58 41 50 51 58
5 41 5 25 38 41
3 45 3 9 13 24 34 45
1 26 1 13 26
13 25 13 14 25
50 51 50 51
24 69 24 50 51 59 69
49 51 49 51
24 70 24 27 34 38 70
15 26 15 26
14 60 14 31 43 44 51 60
75 78 75 78
2 51 2 9 13 20 30 34 45 50 51
4 82 4 56 64 82
29 70 29 43 70
6 15 6 15
8 84 8 13 24 50 60 66 71 84
1 13 1 2 9 13
6 81 6 79 80 81
12 40 12 17 29 36 37 40
10 52 10 48 52
9 31 9 16 31
53 84 53 84
33 82 33 72 82
14 77 14 77
68 74 68 74
0 33 0 10 17 25 33
19 42 19 33 37 40 42
47 80 47 80
12 43 12 29 36 43
8 37 8 28 37
24 89 24 64 80 81 83 89
30 41 30 34 38 41
7 42 7 40 42
31 61 31 43 44 55 61
42 62 42 62
32 44 32 44
26 73 26 28 58 73
24 71 24 50 51 58 64 71
18 28 18 20 26 28
34 48 34 48
28 77 28 46 77
13 30 13 24 30
32 75 32 51 58 61 75
40 71 40 60 66 71
59 89 59 66 78 84 89
3 15 3 15
14 34 14 34
29 75 29 48 75
9 82 9 24 54 59 71 82
12 20 12 17 20
61 76 61 64 69 76
57 72 57 72
8 71 8 34 45 55 61 64 71
5 43 5 7 14 31 43
31 39 31 39
8 20 8 9 17 20
27 36 27 29 36
8 50 8 34 45 50
8 52 8 28 37 48 52
0 33 0 10 17 33
43 83 43 52 78 81 83
32 71 32 48 52 71
6 61 6 21 40 42 51 58 61
32 88 32 44 78 81 83 88
31 89 31 43 47 67 72 78 81 83 89
4 88 4 13 14 28 82 85 88
40 78 40 51 67 72 78
66 78 66 78
50 76 50 59 64 69 76
10 73 10 17 32 51 67 73
36 58 36 43 44 51 58
22 31 22 31
9 88 9 82 85 88
74 88 74 85 88
20 41 20 30 34 38 41
4 74 4 68 74
16 48 16 48
7 69 7 40 64 69
8 73 8 28 49 51 67 73
36 76 36 59 64 69 76
15 40 15 21 40
75 80 75 80
27 60 27 34 44 51 60
8 58 8 28 49 51 58
4 69 4 8 9 50 59 64 69
11 39 11 21 26 28 35 39
3 64 3 27 34 44 61 64
62 82 62 74 82
13 81 13 29 70 81
3 87 3 21 42 46 77 87
14 75 14 28 37 49 51 58 61 75
1 80 1 37 51 60 66 78 80
7 62 7 56 62
80 88 80 81 83 86 88
41 67 41 50 51 67
4 23 4 23
17 69 17 55 58 68 69
28 54 28 37 48 54
52 64 52 64
39 76 39 76
37 78 37 40 78
0 71 0 27 44 55 58 64 71
1 82 1 82
12 39 12 17 33 39
21 28 21 26 28
24 44 24 32 44
10 40 10 24 27 29 36 37 40
14 34 14 34
25 79 25 35 43 44 55 79
46 77 46 77
1 67 1 13 28 41 50 51 58 67
26 46 26 40 42 46
36 80 36 60 66 78 80
37 76 37 51 60 69 76
5 43 5 6 18 22 43
64 71 64 71
18 45 18 34 45
23 55 23 55
25 40 25 40
7 89 7 84 89
21 43 21 26 28 35 43
28 70 28 35 43 70
68 74 68 74
12 24 12 24
79 86 79 81 83 86
20 41 20 30 41
36 61 36 55 58 61
11 41 11 20 30 41
11 61 11 33 51 58 61
18 82 18 22 59 66 71 82
26 52 26 28 35 43 52
55 67 55 67
2 83 2 78 80 81 83
14 89 14 70 81 83 89
8 64 8 40 64
14 76 14 19 56 64 68 69 76
54 75 54 75
37 46 37 40 42 46
11 58 11 35 43 44 51 58
25 35 25 35
2 32 2 18 20 32
26 73 26 38 42 51 58 73
1 37 1 26 28 37
36 88 36 60 69 88
5 50 5 25 35 41 50
27 88 27 72 78 80 83 86 88
53 88 53 77 87 88
80 89 80 81 83 89
4 46 4 13 20 30 39 46
22 68 22 59 64 68
21 79 21 26 28 37 48 79
16 45 16 27 34 45
45 67 45 50 51 67
15 31 15 22 31
27 75 27 29 36 43 44 61 75
17 53 17 32 53
2 20 2 9 20
39 58 39 58
10 73 10 30 50 51 58 67 73
25 54 25 33 37 48 54
38 53 38 41 53
12 24 12 24
1 19 1 19
79 80 79 80
3 41 3 30 41
2 36 2 13 29 36
0 16 0 13 16
5 37 5 6 37
17 30 17 20 30
50 71 50 51 60 66 71
11 71 11 59 64 71
12 84 12 17 52 71 84
70 82 70 72 82
12 79 12 29 48 79
50 88 50 59 86 88
34 73 34 38 42 51 58 73
9 26 9 17 20 26
45 79 45 55 79
86 88 86 88
13 82 13 49 51 58 64 82
47 88 47 75 88
37 84 37 48 75 78 84
41 83 41 70 81 83
16 44 16 35 43 44
10 40 10 24 27 29 36 37 40
23 68 23 49 51 64 68
6 55 6 24 32 44 55
0 50 0 27 29 36 50
6 78 6 37 72 78
6 30 6 16 24 30
28 75 28 58 61 75
41 51 41 49 51
2 25 2 9 13 14 25
10 40 10 24 29 36 37 40
12 79 12 45 55 79
44 64 44 51 64
17 47 17 29 36 43 47
22 84 22 34 45 57 72 78 84
72 82 72 82
43 89 43 75 83 89
15 45 15 22 34 45
2 23 2 9 13 16 23
5 43 5 6 16 29 36 43
30 74 30 68 74
61 80 61 64 80
1 50 1 2 9 24 30 41 50
8 49 8 13 36 37 49
6 57 6 44 55 57
16 81 16 31 43 70 81
25 86 25 33 61 75 78 80 83 86
55 80 55 79 80
26 86 26 67 72 78 81 83 86
50 84 50 51 64 71 84
16 45 16 27 34 45
1 9 1 2 9
21 39 21 26 28 35 39
31 57 31 39 57
48 84 48 72 78 84
27 89 27 78 84 89
35 76 35 41 50 60 69 76
72 88 72 86 88
12 85 12 44 51 58 78 85
32 66 32 48 54 59 66
41 74 41 57 74
38 41 38 41
9 88 9 71 83 88
24 32 24 32
13 81 13 29 70 72 78 81
18 49 18 22 33 49
11 88 11 58 68 69 88
7 85 7 85
27 70 27 34 38 70
23 53 23 32 53
12 69 12 47 61 64 69
26 38 26 38
35 41 35 41
2 39 2 13 26 28 35 39
29 79 29 48 79
27 32 27 32
0 87 0 24 27 44 61 64 87
32 52 32 48 52
50 82 50 59 66 71 82
24 55 24 30 34 44 55
39 88 39 60 69 88
57 74 57 74
21 66 21 26 42 51 59 66
13 29 13 16 24 27 29
3 50 3 16 35 41 50
22 47 22 25 35 43 47
3 58 3 14 42 51 58
4 47 4 30 34 47
0 87 0 17 55 67 72 87
13 64 13 28 41 50 59 64
4 34 4 8 13 16 24 30 34
26 69 26 69
75 88 75 88
21 38 21 26 38
9 66 9 16 44 51 60 66
24 43 24 27 29 36 43
21 55 21 26 28 35 43 44 55
7 29 7 27 29
5 70 5 70
48 86 48 54 75 80 83 86
24 34 24 34
42 51 42 51
35 70 35 43 70
8 62 8 62
14 57 14 28 41 57
21 82 21 26 40 82
3 42 3 16 24 30 34 38 42
9 44 9 24 34 44
5 56 5 25 35 56
18 31 18 22 31
62 82 62 63 82
5 79 5 79
18 58 18 22 33 51 58
5 74 5 25 61 64 68 74
43 83 43 80 81 83
67 85 67 72 78 85
7 41 7 41
10 57 10 30 44 55 57
39 69 39 69
11 34 11 20 30 34
31 57 31 39 57
69 88 69 88
5 84 5 79 84
1 13 1 3 9 13
34 79 34 79
4 48 4 23 25 33 37 48
2 9 2 9
55 89 55 63 80 83 89
39 69 39 58 61 64 68 69
18 20 18 20
1 49 1 7 14 34 38 41 49
32 72 32 44 55 67 72
13 38 13 20 26 38
1 89 1 39 46 77 89
1 70 1 26 40 42 70
25 75 25 38 41 49 51 58 61 75
41 65 41 50 59 65
74 85 74 82 85
13 53 13 14 25 35 43 44 53
24 27 24 27
55 89 55 63 83 89
38 63 38 63
23 47 23 28 35 43 47
9 17 9 17
1 89 1 3 37 40 60 66 77 89
41 67 41 50 51 67
37 40 37 40
71 83 71 83
12 84 12 17 70 72 78 84
11 88 11 58 68 74 85 88
69 88 69 88
3 64 3 38 41 59 64
44 58 44 55 58
17 66 17 33 51 59 66
48 76 48 61 64 68 69 76
48 68 48 52 64 68
11 82 11 68 74 82
18 41 18 20 30 41
23 87 23 28 87
27 53 27 32 44 53
45 52 45 52
6 60 6 44 51 60
41 51 41 49 51
16 35 16 28 35
25 69 25 40 64 68 69
9 35 9 20 26 28 35
41 67 41 67
42 88 42 46 77 88
27 47 27 32 47
43 80 43 47 67 72 78 80
78 84 78 84
53 81 53 72 78 80 81
31 86 31 39 60 66 78 80 83 86
36 48 36 48
3 37 3 37
39 67 39 58 67
9 47 9 20 30 34 47
25 57 25 33 39 57
22 61 22 43 47 61
18 53 18 34 44 53
17 58 17 32 58
22 64 22 33 39 58 64
49 88 49 69 88
0 47 0 27 32 47
9 31 9 16 31
35 68 35 56 64 68
35 59 35 59
10 60 10 30 41 49 51 60
50 78 50 51 60 66 78
52 86 52 64 71 83 86
57 72 57 72
40 64 40 51 64
41 74 41 59 64 68 74
48 54 48 54
14 60 14 34 45 50 51 60
39 60 39 60
40 51 40 42 51
15 49 15 22 25 33 37 49
38 77 38 42 51 67 77
25 76 25 69 76
6 60 6 27 29 36 50 51 60
17 60 17 20 39 60
5 55 5 7 43 44 55
7 26 7 15 21 26
37 60 37 51 60
51 67 51 67
9 60 9 60
5 43 5 36 43
0 67 0 27 29 37 51 67
47 75 47 75
48 72 48 54 67 72
20 81 20 56 64 81
5 75 5 75
4 48 4 13 48
25 66 25 40 60 66
9 24 9 13 24
19 28 19 20 26 28
59 76 59 69 76
45 65 45 54 59 65
23 55 23 44 55
5 84 5 6 71 84
16 53 16 29 36 43 44 53
48 59 48 54 59
16 27 16 27
18 45 18 22 34 45
24 64 24 55 58 64
2 45 2 13 24 27 34 45
5 20 5 7 14 19 20
29 62 29 37 40 42 62
8 50 8 34 38 41 50
30 39 30 39
21 54 21 26 28 37 48 54
5 88 5 77 87 88
4 74 4 23 55 58 64 68 74
27 86 27 29 36 60 66 71 83 86
19 49 19 21 26 38 41 49
31 89 31 39 57 72 78 81 83 89
55 82 55 58 67 72 82
19 79 19 33 37 48 79
51 59 51 59
21 52 21 26 28 37 48 52
32 47 32 47
52 80 52 67 72 78 80
16 68 16 44 64 68
66 89 66 77 89
24 59 24 54 59
35 66 35 41 49 51 59 66
19 78 19 56 62 72 78
19 42 19 21 40 42
7 87 7 87
1 89 1 89
22 80 22 60 66 78 80
8 57 8 34 45 57
34 66 34 38 41 59 66
32 86 32 48 79 83 86
37 74 37 49 51 59 64 68 74
41 67 41 49 51 67
62 65 62 65
61 89 61 75 83 89
18 62 18 20 26 38 42 62
1 44 1 2 14 19 20 30 34 44
54 59 54 59
70 81 70 81
50 81 50 59 66 78 81
72 78 72 78
28 35 28 35
13 36 13 29 36
24 38 24 30 34 38
16 64 16 24 64
2 72 2 57 72
5 86 5 81 83 86
2 83 2 23 66 83
2 14 2 14
29 63 29 37 40 42 62 63
35 61 35 43 44 55 61
79 84 79 84
37 89 37 84 89
5 62 5 6 40 42 62
66 82 66 71 82
37 51 37 40 51
11 30 11 20 30
40 42 40 42
26 60 26 42 51 60
12 46 12 27 29 37 40 42 46
37 49 37 49
41 68 41 50 59 64 68
35 79 35 43 44 55 79
59 65 59 65
61 71 61 64 71
56 68 56 64 68
39 57 39 57
4 58 4 8 58
1 26 1 26
6 60 6 40 42 51 60
2 30 2 18 20 30
52 71 52 64 71
3 87 3 14 19 43 44 51 64 69 87
47 67 47 67
57 65 57 63 65
23 78 23 78
29 81 29 70 81
7 47 7 14 31 43 47
13 68 13 49 51 58 68
0 46 0 10 24 29 37 40 42 46
40 82 40 68 74 82
20 74 20 26 42 57 74
6 87 6 44 61 64 69 87
45 51 45 50 51
9 71 9 24 30 44 61 64 71
41 75 41 50 51 58 61 75
43 77 43 44 51 67 77
84 88 84 88
21 73 21 42 51 58 73
17 39 17 25 35 39
0 45 0 27 34 45
18 76 18 59 64 68 69 76
30 51 30 50 51
41 81 41 59 64 80 81
26 73 26 40 42 51 58 67 73
20 46 20 26 42 46
43 65 43 44 55 57 63 65
4 47 4 8 13 36 43 47
15 22 15 22
29 36 29 36
48 83 48 79 80 83
8 89 8 13 14 77 89
25 80 25 57 78 80
45 83 45 83
0 72 0 43 47 67 72
12 69 12 24 55 61 64 68 69
31 86 31 43 52 71 83 86
34 89 34 59 71 83 89
36 37 36 37
17 39 17 25 35 39
14 51 14 42 51
12 61 12 44 51 58 61
25 37 25 33 37
56 68 56 64 68
26 72 26 67 72
45 54 45 54
2 58 2 14 30 41 49 51 58
5 59 5 44 51 59
68 88 68 69 88
23 68 23 49 51 64 68
39 46 39 46
52 78 52 67 72 78
18 76 18 22 59 69 76
13 14 13 14
14 57 14 28 37 40 42 57
51 77 51 59 77
25 47 25 35 43 47
7 14 7 14
43 76 43 64 69 76
31 63 31 43 44 55 57 63
24 44 24 29 36 43 44
24 50 24 29 36 50
4 85 4 13 36 60 66 78 85
17 28 17 20 26 28
39 75 39 58 61 75
49 51 49 51
9 78 9 32 58 61 75 78
10 37 10 24 29 37
39 46 39 46
62 85 62 72 82 85
6 67 6 37 51 58 67
30 80 30 80
63 80 63 80
40 89 40 72 78 81 83 89
42 87 42 87
24 71 24 27 32 58 61 64 71
41 72 41 67 72
43 58 43 44 51 58
6 35 6 18 21 26 28 35
17 64 17 20 26 28 35 41 49 51 64
26 65 26 55 57 63 65
21 59 21 59
15 61 15 21 58 61
23 32 23 32
35 88 35 72 86 88
23 55 23 55
15 54 15 21 26 28 37 48 54
9 60 9 60
1 49 1 13 36 37 49
49 69 49 51 64 69
13 24 13 24
4 75 4 49 51 58 61 75
53 84 53 72 78 84
59 68 59 64 68
54 80 54 67 72 78 80
7 14 7 14
8 37 8 28 37
16 53 16 23 44 53
17 50 17 25 35 41 50
31 87 31 68 69 87
69 88 69 87 88
41 81 41 66 78 81
20 76 20 59 64 69 76
3 30 3 30
6 81 6 27 79 80 81
44 51 44 51
41 57 41 57
12 86 12 24 81 83 86
13 82 13 74 82
55 75 55 61 75
3 22 3 15 22
33 83 33 72 78 81 83
23 82 23 82
34 67 34 45 54 67
13 26 13 20 26
31 83 31 43 44 53 72 78 81 83
19 79 19 33 37 48 79
6 34 6 30 34
26 79 26 55 79
20 54 20 30 48 54
13 81 13 24 55 63 80 81
36 77 36 66 77
39 76 39 60 69 76
16 28 16 23 28
8 72 8 34 47 67 72
79 86 79 81 83 86
54 82 54 75 82
18 86 18 59 66 71 83 86
1 25 1 2 14 25
1 13 1 2 13
37 61 37 49 51 58 61
20 67 20 26 55 67
9 70 9 13 36 37 40 42 70
3 41 3 27 34 38 41
44 64 44 64
17 30 17 20 30
7 88 7 33 82 85 88
0 51 0 10 17 33 51
24 67 24 43 52 67
38 79 38 41 79
33 82 33 62 74 82
36 59 36 37 40 51 59
28 82 28 37 51 64 68 74 82
12 84 12 57 78 84
52 86 52 83 86
11 61 11 35 39 58 61
1 80 1 2 57 80
38 49 38 41 49
29 57 29 36 37 40 42 57
15 51 15 30 44 51
12 88 12 29 43 75 83 88
40 60 40 60
61 84 61 64 71 84
16 25 16 23 25
33 49 33 37 49
26 66 26 28 41 50 51 60 66
38 78 38 42 51 60 66 78
16 89 16 28 64 80 83 89
51 61 51 58 61
45 78 45 75 78
3 82 3 15 58 68 74 82
40 84 40 64 71 84
8 45 8 34 45
55 82 55 67 72 82
12 60 12 60
5 18 5 6 18
2 30 2 18 20 30
4 49 4 23 37 49
23 87 23 44 55 67 77 87
6 18 6 18
36 49 36 37 49
24 80 24 80
28 85 28 78 85
8 49 8 41 49
26 70 26 42 70
15 22 15 22
24 81 24 30 50 51 80 81
40 62 40 42 62
24 34 24 34
43 47 43 47
5 81 5 36 59 66 78 80 81
41 53 41 53
66 71 66 71
14 28 14 19 20 26 28
63 89 63 83 89
70 81 70 72 78 80 81
4 86 4 41 67 72 78 80 81 83 86
32 71 32 48 52 71
37 89 37 84 89
21 63 21 42 57 63
6 29 6 24 27 29
16 50 16 29 36 50
15 38 15 26 38
34 42 34 38 42
16 59 16 29 43 44 51 59
57 82 57 72 82
40 57 40 42 57
15 45 15 30 34 45
4 78 4 70 72 78
7 21 7 15 21
14 77 14 19 20 59 77
59 68 59 64 68
35 68 35 39 58 68
12 48 12 37 48
16 61 16 40 51 58 61
22 33 22 25 33
59 81 59 64 80 81
41 74 41 59 64 68 74
50 81 50 59 66 78 81
0 81 0 59 66 78 80 81
19 21 19 21
34 59 34 44 51 59
2 36 2 13 29 36
4 65 4 30 39 57 65
24 38 24 27 34 38
66 84 66 71 84
71 88 71 84 88
18 76 18 59 64 69 76
31 61 31 39 58 61
26 55 26 55
1 58 1 26 55 58
8 49 8 13 36 37 49
25 82 25 74 82
16 44 16 29 36 43 44
51 66 51 59 66
32 85 32 51 60 66 78 85
10 81 10 60 66 78 81
24 45 24 34 45
45 77 45 50 60 66 77
2 72 2 70 72
14 37 14 19 33 37
8 49 8 13 26 38 41 49
8 82 8 58 64 68 74 82
51 59 51 59
13 16 13 16
33 80 33 61 75 78 80
49 89 49 72 78 84 89
15 22 15 22
4 75 4 41 50 51 58 61 75
3 72 3 21 40 42 70 72
44 88 44 55 67 77 87 88
35 84 35 39 57 78 84
29 68 29 48 54 59 64 68
63 89 63 83 89
10 84 10 30 44 51 59 66 71 84
56 64 56 64
34 42 34 38 42
0 73 0 47 67 73
2 72 2 18 20 40 72
51 59 51 59
33 42 33 37 40 42
39 67 39 58 67
39 88 39 60 69 88
5 44 5 36 43 44
22 37 22 33 37
21 54 21 26 28 37 48 54
18 34 18 22 34
45 66 45 50 51 60 66
15 69 15 26 55 61 64 68 69
22 65 22 62 65
14 37 14 28 37
3 14 3 9 13 14
20 79 20 30 44 79
60 78 60 66 78
29 48 29 37 48
7 15 7 15
24 32 24 32
48 86 48 61 75 83 86
25 47 25 35 43 47
12 64 12 45 64
57 80 57 72 78 80
24 43 24 29 36 43
2 19 2 9 13 14 19
46 89 46 77 89
45 84 45 52 71 84
0 46 0 13 46
2 70 2 18 21 26 40 42 70
29 75 29 48 61 75
64 87 64 68 69 87
75 80 75 78 80
3 23 3 16 23
38 63 38 42 62 63
55 61 55 61
16 25 16 23 25
21 59 21 26 42 51 59
16 45 16 24 34 45
22 34 22 34
31 44 31 43 44
9 52 9 17 33 52
1 24 1 3 9 16 24
16 23 16 23
67 82 67 72 82
5 34 5 6 17 20 30 34
18 83 18 59 64 81 83
20 55 20 30 34 44 55
27 78 27 29 43 52 67 72 78
32 86 32 51 67 72 86
8 72 8 34 48 52 67 72
7 19 7 14 19
59 86 59 86
18 20 18 20
33 67 33 67
5 89 5 37 51 59 66 83 89
1 70 1 13 24 43 70
32 85 32 51 67 72 82 85
6 41 6 15 30 41
59 65 59 65
48 71 48 54 59 64 71
48 54 48 54
44 84 44 53 72 78 84
19 28 19 21 26 28
33 62 33 37 40 42 62
18 77 18 34 59 77
1 76 1 2 56 64 68 69 76
4 43 4 8 28 35 43
31 44 31 43 44
40 64 40 64
45 77 45 54 67 77
19 20 19 20
2 59 2 13 16 40 42 51 59
30 80 30 53 72 78 80
20 74 20 30 41 57 74
74 82 74 82
32 86 32 66 71 83 86
36 64 36 37 51 64
36 81 36 81
24 59 24 34 45 54 59
46 77 46 77
48 52 48 52
7 41 7 27 34 38 41
53 72 53 72
70 71 70 71
49 67 49 51 67
10 25 10 17 25
30 48 30 34 48
0 13 0 13
78 81 78 80 81
9 44 9 32 44
23 71 23 44 55 61 64 71
4 62 4 56 62
37 63 37 40 42 57 63
19 38 19 20 30 34 38
23 47 23 32 47
23 67 23 25 33 39 58 67
61 83 61 64 80 83
37 66 37 40 42 51 60 66
23 49 23 37 49
12 85 12 66 71 82 85
8 54 8 13 26 28 37 48 54
21 41 21 26 28 41
5 89 5 75 80 81 83 89
6 24 6 16 24
21 26 21 26
85 88 85 88
26 43 26 28 35 43
9 31 9 13 16 31
1 67 1 39 58 67
4 82 4 41 70 72 82
7 79 7 29 48 79
33 40 33 37 40
26 75 26 42 51 58 61 75
17 51 17 20 30 34 45 50 51
34 67 34 45 50 51 58 67
53 81 53 80 81
17 71 17 58 61 64 71
38 73 38 42 51 67 73
2 55 2 13 29 43 44 55
24 53 24 32 53
42 61 42 51 58 61
17 62 17 33 62
2 75 2 14 31 39 58 61 75
50 60 50 60
23 82 23 25 57 72 82
0 31 0 13 14 31
13 49 13 26 38 41 49
1 82 1 13 14 25 40 72 82
28 69 28 35 41 50 59 69
2 70 2 9 20 26 40 42 70
33 83 33 39 60 66 78 80 83
13 30 13 14 30
33 77 33 67 77
4 51 4 49 51
30 39 30 39
2 67 2 31 39 58 67
58 77 58 67 77
25 63 25 35 56 62 63
3 82 3 58 68 74 82
17 39 17 25 33 39
56 82 56 74 82
27 79 27 34 79
40 85 40 60 82 85
35 78 35 43 70 72 78
58 75 58 61 75
17 82 17 60 66 71 82
3 72 3 27 44 53 72
27 70 27 70
19 20 19 20
19 47 19 20 26 28 35 43 47
8 21 8 9 13 14 19 21
8 88 8 62 74 85 88
17 71 17 32 48 54 59 64 71
6 24 6 24
72 85 72 78 85
52 80 52 64 80
23 74 23 68 74
32 53 32 53
4 75 4 23 32 44 61 75
58 80 58 78 80
1 7 1 7
3 27 3 16 27
14 64 14 59 64
19 46 19 38 42 46
36 63 36 37 40 42 62 63
0 45 0 10 17 20 30 34 45
40 71 40 51 64 71
58 75 58 61 75
12 60 12 24 43 44 51 60
40 82 40 82
16 23 16 23
14 52 14 19 20 30 34 48 52
26 67 26 40 42 51 58 67
13 16 13 16
44 59 44 51 59
1 7 1 7
47 67 47 67
7 45 7 14 19 20 30 34 45
32 65 32 51 59 65
4 13 4 13
15 83 15 58 78 81 83
56 80 56 62 72 78 80
7 80 7 40 51 60 66 78 80
12 57 12 27 44 55 57
15 38 15 22 25 38
2 88 2 9 57 78 84 88
42 62 42 62
6 66 6 44 51 60 66
9 70 9 20 26 42 70
25 89 25 35 89
10 87 10 44 55 61 64 68 69 87
55 80 55 63 80
18 58 18 20 39 58
6 52 6 24 29 43 52
51 86 51 80 83 86
61 74 61 64 68 74
20 80 20 66 78 80
17 89 17 52 78 80 81 83 89
34 86 34 59 64 80 83 86
34 67 34 44 55 67
78 80 78 80
14 30 14 19 20 30
43 76 43 64 69 76
43 69 43 47 61 64 69
8 20 8 9 17 20
19 75 19 43 44 51 58 61 75
14 64 14 30 54 59 64
23 68 23 32 51 58 61 64 68
1 58 1 13 24 30 41 50 51 58
28 49 28 37 49
2 70 2 31 43 70
13 68 13 49 51 64 68
2 79 2 23 44 79
49 66 49 51 59 66
45 81 45 67 72 78 81
14 75 14 34 44 55 58 61 75
17 43 17 29 36 43
4 48 4 23 28 37 48
12 68 12 37 51 64 68
15 21 15 21
6 47 6 30 34 47
33 52 33 37 52
9 69 9 32 47 61 64 68 69
2 42 2 18 22 33 37 40 42
25 74 25 33 52 64 68 74
7 88 7 69 88
70 84 70 71 84
11 47 11 20 30 34 47
19 38 19 20 26 38
52 86 52 80 83 86
22 62 22 25 35 43 62
33 37 33 37
27 37 27 29 36 37
1 34 1 2 9 17 20 30 34
49 66 49 51 60 66
51 64 51 58 64
10 63 10 34 38 42 62 63
26 28 26 28
4 87 4 23 66 77 87
14 60 14 31 39 60
30 85 30 53 72 82 85
1 3 1 3
5 47 5 7 32 47
22 68 22 25 61 64 68
15 60 15 26 38 60
18 69 18 20 55 58 68 69
11 64 11 33 52 64
8 23 8 9 16 23
14 51 14 42 51
13 68 13 26 55 61 64 68
0 21 0 13 14 19 21
26 57 26 55 57
21 85 21 26 55 63 82 85
2 37 2 18 21 26 28 37
44 75 44 51 58 61 75
66 78 66 78
19 41 19 21 26 28 35 41
82 85 82 85
16 29 16 24 29
17 44 17 32 44
34 66 34 45 54 59 66
72 86 72 78 81 83 86
0 27 0 10 24 27
9 63 9 57 63
4 86 4 30 39 57 63 80 81 83 86
17 47 17 32 47
18 89 18 59 64 71 83 89
3 57 3 30 34 44 55 57
64 68 64 68
60 66 60 66
67 87 67 72 87
19 82 19 56 64 82
84 89 84 89
39 60 39 60
40 62 40 42 62
17 78 17 25 38 41 57 78
51 69 51 59 64 69
6 44 6 21 26 28 35 43 44
61 74 61 64 68 74
3 57 3 15 21 42 57
12 72 12 47 67 72
53 88 53 84 88
3 43 3 16 24 27 29 36 43
38 89 38 89
33 46 33 46
58 64 58 61 64
51 60 51 60
5 54 5 7 27 32 48 54
55 75 55 61 75
21 42 21 42
33 51 33 51
6 27 6 24 27
40 85 40 78 85
13 27 13 24 27
59 74 59 64 68 74
38 81 38 70 72 78 81
47 67 47 67
17 44 17 20 30 34 44
2 13 2 9 13
48 72 48 52 67 72
15 76 15 21 42 64 68 69 76
17 60 17 25 33 49 51 60
18 22 18 22
75 78 75 78
1 80 1 19 62 63 80
1 24 1 3 9 24
50 71 50 60 66 71
6 82 6 30 44 64 71 82
2 71 2 33 37 51 60 66 71
28 82 28 68 74 82
30 39 30 39
16 40 16 29 37 40
10 75 10 24 27 58 61 75
18 77 18 59 66 77
18 41 18 21 26 38 41
43 67 43 52 67
50 65 50 59 65
50 78 50 60 66 78
10 60 10 34 45 50 51 60
3 79 3 16 27 34 48 79
14 83 14 28 37 59 66 83
71 83 71 83
16 78 16 40 51 59 66 78
4 46 4 23 25 40 42 46
55 82 55 61 75 82
29 79 29 37 48 79
30 41 30 41
59 71 59 71
19 77 19 21 26 28 46 77
0 67 0 20 32 51 67
7 56 7 14 31 56
24 77 24 30 50 60 66 77
28 60 28 35 43 44 51 60
31 72 31 56 62 72
11 47 11 35 43 47
36 68 36 50 59 64 68
56 78 56 78
30 80 30 34 67 72 78 80
52 74 52 64 68 74
54 82 54 71 82
22 82 22 33 39 60 66 71 82
26 44 26 28 35 43 44
23 68 23 37 40 42 51 58 68
54 59 54 59
19 56 19 56
11 34 11 20 30 34
2 78 2 14 31 39 57 72 78
0 87 0 57 72 87
18 51 18 21 40 51
13 36 13 29 36
10 61 10 17 20 39 58 61
30 87 30 34 59 64 87
33 40 33 37 40
39 65 39 65
2 29 2 13 29
16 23 16 23
57 83 57 72 78 80 81 83
21 37 21 26 28 37
37 76 37 48 61 64 68 69 76
74 85 74 85
21 46 21 42 46
9 57 9 16 27 29 43 44 55 57
29 53 29 43 44 53
82 85 82 85
60 89 60 66 71 83 89
42 89 42 64 80 81 83 89
7 73 7 33 52 67 73
26 57 26 38 42 57
56 87 56 62 72 87
27 63 27 34 44 55 57 63
11 37 11 33 37
4 58 4 41 49 51 58
44 73 44 55 58 67 73
33 42 33 37 40 42
48 75 48 61 75
6 52 6 16 31 43 52
28 40 28 37 40
24 81 24 64 81
45 74 45 57 74
25 51 25 38 42 51
25 88 25 57 74 82 85 88
84 89 84 89
61 83 61 64 71 83
0 19 0 13 14 19
30 39 30 39
35 88 35 59 86 88
10 64 10 30 39 58 61 64
41 57 41 57
23 28 23 28
54 59 54 59
50 82 50 60 66 71 82
41 81 41 66 78 80 81
2 49 2 23 25 33 37 49
15 21 15 21
17 74 17 52 64 68 74
14 21 14 19 21
38 85 38 41 70 72 82 85
16 64 16 44 64
40 72 40 42 57 72
11 20 11 20
25 82 25 33 49 51 59 64 82
0 69 0 27 34 47 61 64 68 69
14 43 14 28 35 43
1 39 1 2 31 39
4 23 4 13 16 23
87 88 87 88
27 34 27 34
45 63 45 55 63
28 86 28 78 81 83 86
32 80 32 51 60 66 78 80
38 80 38 63 80
58 85 58 85
21 37 21 26 28 37
17 82 17 60 82
16 83 16 28 41 53 72 78 81 83
17 66 17 32 66
34 59 34 45 50 51 59
30 82 30 34 67 82
24 44 24 29 43 44
13 24 13 16 24
6 80 6 15 21 58 64 80
36 68 36 55 61 64 68
67 80 67 72 78 80
12 50 12 45 50
3 87 3 64 68 69 87
26 57 26 38 41 57
53 88 53 80 81 83 88
3 27 3 16 27
29 81 29 81
0 16 0 13 16
23 57 23 55 57
33 49 33 37 49
0 28 0 10 17 20 26 28
50 71 50 51 59 64 71
1 27 1 2 9 13 24 27
62 72 62 72
21 46 21 26 38 42 46
59 89 59 66 78 84 89
56 64 56 64
41 83 41 50 59 71 83
16 49 16 27 34 38 41 49
0 40 0 27 29 37 40
25 88 25 61 75 83 88
82 88 82 85 88
5 88 5 81 83 88
7 67 7 43 52 67
0 79 0 45 55 79
8 47 8 34 47
51 59 51 59
24 71 24 71
6 71 6 15 26 38 70 71
30 61 30 48 61
24 32 24 27 32
6 29 6 27 29
53 72 53 72
6 88 6 21 40 51 64 86 88
12 58 12 17 29 37 49 51 58
33 58 33 51 58
16 27 16 24 27
18 20 18 20
3 46 3 9 13 14 28 35 39 46
51 80 51 67 72 78 80
24 59 24 50 59
36 88 36 59 64 82 85 88
13 24 13 24
21 76 21 40 60 69 76
5 77 5 36 66 77
6 77 6 21 42 46 77
42 82 42 64 68 74 82
2 14 2 13 14
15 35 15 21 26 28 35
24 58 24 29 43 44 55 58
1 23 1 3 9 13 16 23
8 40 8 40
54 86 54 59 64 80 81 83 86
38 77 38 41 67 77
20 40 20 40
33 72 33 49 72
7 77 7 29 36 43 52 67 77
39 58 39 58
9 69 9 32 44 64 69
53 85 53 72 82 85
6 27 6 16 27
29 48 29 48
24 59 24 32 44 51 59
11 66 11 33 37 59 66
19 82 19 43 64 82
50 78 50 60 66 78
6 78 6 31 43 47 67 72 78
54 75 54 75
30 82 30 48 54 71 82
24 42 24 27 29 36 37 40 42
5 7 5 7
39 57 39 57
22 43 22 43
78 84 78 84
16 28 16 28
20 49 20 26 38 41 49
13 14 13 14
58 84 58 78 84
20 82 20 72 82
9 79 9 32 44 55 79
2 30 2 9 17 20 30
25 56 25 35 56
44 80 44 51 59 66 78 80
11 68 11 58 68
63 83 63 83
20 50 20 30 50
18 76 18 20 40 42 64 69 76
27 29 27 29
3 79 3 9 13 24 30 44 79
10 30 10 17 20 30
66 78 66 78
14 88 14 34 45 67 72 82 85 88
21 89 21 59 64 71 84 89
22 87 22 31 39 46 77 87
12 85 12 24 43 64 68 74 82 85
79 83 79 81 83
44 72 44 51 67 72
30 44 30 34 44
40 60 40 42 51 60
50 84 50 51 59 64 71 84
80 86 80 81 83 86
36 71 36 50 60 66 71
55 80 55 67 72 78 80
45 73 45 73
69 76 69 76
32 81 32 48 72 78 80 81
4 13 4 8 13
38 73 38 42 51 58 67 73
60 83 60 66 78 80 83
0 27 0 27
5 36 5 36
10 56 10 17 25 35 56
31 56 31 56
21 47 21 26 28 35 43 47
0 44 0 43 44
33 70 33 37 40 42 70
14 19 14 19
2 52 2 9 16 29 43 52
10 52 10 24 29 36 43 52
39 87 39 46 77 87
24 59 24 50 51 59
36 81 36 50 60 66 78 81
77 87 77 87
26 46 26 40 42 46
39 57 39 57
36 53 36 43 44 53
5 47 5 25 35 43 47
34 67 34 48 54 67
43 62 43 62
17 64 17 29 48 54 59 64
7 22 7 15 22
2 82 2 9 17 25 61 75 82
33 89 33 72 78 81 83 89
52 86 52 83 86
50 84 50 51 58 61 75 78 84
8 88 8 9 62 74 85 88
2 80 2 18 72 78 80
15 66 15 22 31 43 44 51 60 66
8 60 8 40 60
33 77 33 51 60 66 77
28 75 28 49 51 58 61 75
24 85 24 43 44 51 67 82 85
8 16 8 13 16
2 79 2 31 43 44 55 79
16 29 16 27 29
6 70 6 18 34 38 70
24 69 24 64 69
51 82 51 58 61 75 82
16 50 16 35 41 50
0 20 0 13 20
48 75 48 54 75
6 45 6 18 34 45
13 34 13 14 34
11 45 11 20 30 34 45
4 69 4 23 55 61 64 68 69
37 59 37 48 54 59
56 63 56 62 63
41 67 41 67
7 64 7 43 44 51 64
39 69 39 58 68 69
13 34 13 20 30 34
2 52 2 14 34 45 52
37 81 37 48 75 78 80 81
5 44 5 44
14 34 14 19 20 30 34
19 65 19 43 65
25 63 25 35 63
14 60 14 34 45 50 60
13 29 13 16 24 29
32 71 32 48 52 64 71
43 64 43 52 64
34 62 34 38 42 62
1 37 1 3 14 19 20 26 28 37
33 52 33 37 52
2 39 2 14 25 33 39
2 80 2 72 78 80
20 84 20 55 84
4 17 4 8 9 17
6 82 6 54 72 82
53 84 53 84
24 39 24 30 39
10 42 10 34 38 42
33 61 33 49 51 58 61
67 73 67 73
22 59 22 59
20 54 20 26 28 37 48 54
48 73 48 54 73
42 76 42 51 59 69 76
35 56 35 56
14 37 14 19 20 26 28 37
24 52 24 32 48 52
26 68 26 28 41 59 64 68
16 43 16 23 25 35 43
40 64 40 64
22 87 22 60 69 87
2 82 2 14 70 72 82
8 58 8 28 58
7 69 7 14 31 39 60 69
19 50 19 20 30 34 45 50
8 89 8 40 63 83 89
79 80 79 80
30 88 30 48 54 86 88
4 17 4 8 9 17
1 49 1 26 28 49
39 77 39 60 66 77
4 23 4 8 13 16 23
25 40 25 40
0 81 0 24 55 67 72 78 80 81
6 45 6 18 34 45
29 68 29 43 47 61 64 68
3 52 3 27 34 45 52
18 54 18 20 32 48 54
84 88 84 88
38 42 38 42
32 86 32 44 64 80 83 86
40 84 40 51 59 71 84
22 62 22 31 56 62
7 41 7 27 34 38 41
49 58 49 51 58
2 17 2 9 17
52 74 52 64 68 74
62 89 62 72 78 84 89
64 80 64 80
15 38 15 30 34 38
14 70 14 70
4 8 4 8
2 39 2 23 25 33 39
1 30 1 3 9 13 20 30
69 88 69 87 88
54 75 54 75
59 86 59 71 83 86
24 32 24 27 32
29 82 29 48 72 82
20 86 20 30 41 67 72 86
20 45 20 30 34 45
12 75 12 24 30 54 75
14 62 14 34 38 42 62
2 57 2 13 29 37 40 42 57
14 76 14 19 38 42 64 68 69 76
18 53 18 22 43 44 53
2 79 2 13 26 38 41 79
6 41 6 24 27 34 38 41
2 51 2 31 43 44 51
13 25 13 16 23 25
17 74 17 20 30 54 59 64 68 74
7 14 7 14
26 53 26 38 41 53
55 75 55 61 75
18 53 18 34 44 53
31 63 31 56 62 63
0 31 0 13 14 31
7 35 7 14 25 35
28 58 28 35 41 50 51 58
19 75 19 20 39 58 61 75
4 85 4 85
5 67 5 37 40 42 51 58 67
25 67 25 38 41 67
14 83 14 31 43 44 51 59 71 83
19 79 19 20 55 79
18 72 18 72
0 50 0 27 34 45 50
12 39 12 24 30 39
29 36 29 36
56 62 56 62
16 25 16 23 25
13 83 13 29 75 83
28 69 28 64 69
14 52 14 28 35 43 52
79 83 79 81 83
17 70 17 29 70
83 89 83 89
8 43 8 28 35 43
15 70 15 22 33 37 40 42 70
54 88 54 75 88
79 88 79 83 86 88
18 26 18 20 26
67 77 67 77
26 69 26 40 51 59 64 69
39 77 39 60 66 77
38 49 38 41 49
9 78 9 57 78
19 39 19 21 26 28 35 39
52 77 52 77
63 82 63 82
18 44 18 34 44
35 58 35 43 44 51 58
62 72 62 72
63 88 63 83 86 88
16 43 16 23 25 35 43
14 60 14 34 44 51 60
36 66 36 60 66
79 84 79 84
21 55 21 26 28 35 43 44 55
55 63 55 63
5 49 5 37 49
7 19 7 14 19
66 89 66 77 89
7 39 7 28 35 39
44 59 44 51 59
15 31 15 22 31
59 84 59 64 71 84
78 83 78 81 83
48 75 48 54 75
6 62 6 16 38 42 62
12 33 12 17 33
16 76 16 40 42 64 68 69 76
22 82 22 62 72 82
5 75 5 37 48 75
33 62 33 62
24 65 24 50 51 59 65
49 61 49 51 58 61
10 55 10 30 44 55
30 72 30 54 67 72
47 77 47 77
51 60 51 60
42 67 42 51 58 67
20 54 20 26 28 37 48 54
20 84 20 39 58 64 71 84
87 88 87 88
37 59 37 48 54 59
0 46 0 27 34 38 42 46
27 89 27 32 51 58 64 71 83 89
1 58 1 3 58
45 73 45 52 67 73
3 46 3 27 34 46
49 78 49 72 78
32 89 32 53 77 89
7 15 7 15
56 62 56 62
8 82 8 34 38 41 53 72 82
51 87 51 58 67 77 87
25 54 25 33 37 48 54
17 78 17 52 67 72 78
11 74 11 58 61 64 68 74
25 75 25 61 75
69 76 69 76
36 58 36 50 51 58
33 70 33 37 40 42 70
17 71 17 33 51 60 66 71
27 83 27 53 72 78 80 81 83
6 52 6 18 22 31 43 52
3 26 3 15 26
4 89 4 49 51 80 81 83 89
1 72 1 72
42 46 42 46
16 53 16 31 43 44 53
24 42 24 30 34 38 42
40 86 40 42 70 86
0 79 0 27 44 55 79
38 76 38 41 50 59 64 69 76
7 32 7 14 19 20 32
13 56 13 14 31 56
6 44 6 44
45 57 45 55 57
38 77 38 41 49 51 59 77
10 53 10 17 20 32 44 53
4 77 4 41 67 77
14 21 14 19 21
8 66 8 34 38 42 51 60 66
40 86 40 51 58 78 81 83 86
27 89 27 52 64 80 83 89
4 65 4 49 51 59 65
32 65 32 48 54 59 65
17 65 17 20 56 62 63 65
37 89 37 51 59 64 80 81 83 89
32 86 32 58 78 80 83 86
14 82 14 59 64 82
78 83 78 80 83
11 69 11 64 69
13 60 13 26 42 51 60
0 80 0 67 72 78 80
45 73 45 67 73
29 69 29 36 59 69
0 46 0 24 34 46
53 86 53 80 83 86
28 55 28 35 43 44 55
7 22 7 15 22
39 72 39 58 67 72
11 77 11 33 46 77
55 77 55 67 77
54 59 54 59
34 59 34 45 50 59
56 85 56 82 85
24 85 24 30 48 52 67 72 82 85
23 71 23 37 48 54 59 71
17 59 17 51 59
27 32 27 32
10 34 10 17 20 30 34
16 31 16 31
51 88 51 80 83 88
33 60 33 51 60
6 87 6 37 51 60 66 77 87
56 74 56 64 68 74
17 44 17 20 30 34 44
63 83 63 83
24 66 24 54 59 66
1 25 1 3 14 25
12 60 12 50 51 60
18 77 18 34 48 54 59 66 77
34 62 34 38 42 62
0 27 0 27
13 30 13 14 19 20 30
13 36 13 36
14 34 14 19 20 30 34
19 50 19 38 41 50
56 85 56 62 72 78 85
38 63 38 42 57 63
9 44 9 13 24 30 34 44
45 76 45 50 51 60 69 76
64 82 64 71 82
4 71 4 23 49 51 59 64 71
3 57 3 37 40 42 57
0 20 0 10 17 20
0 45 0 27 34 45
39 67 39 58 67
9 70 9 20 26 40 42 70
23 49 23 25 33 37 49
67 87 67 72 87
27 50 27 29 36 50
6 47 6 16 28 35 43 47
18 48 18 34 48
11 59 11 21 42 51 59
72 85 72 82 85
49 61 49 51 58 61
53 72 53 72
8 63 8 28 41 63
28 49 28 49
43 83 43 47 61 64 71 83
40 80 40 64 80
2 17 2 9 17
30 55 30 44 55
40 63 40 42 57 63
22 59 22 43 44 51 59
82 88 82 85 88
10 37 10 24 29 37
0 43 0 20 26 28 35 43
29 79 29 36 48 79
2 81 2 9 50 59 64 81
35 59 35 43 44 51 59
26 46 26 38 42 46
3 51 3 37 51
10 61 10 24 34 45 50 51 58 61
13 54 13 29 48 54
59 76 59 69 76
3 83 3 27 34 44 51 80 81 83
25 82 25 82
26 72 26 55 58 67 72
1 84 1 26 75 78 84
12 37 12 37
49 78 49 72 78
58 85 58 61 64 71 82 85
25 81 25 61 64 81
43 75 43 47 61 75
36 59 36 37 48 54 59
34 80 34 45 57 63 80
44 64 44 64
51 81 51 67 72 78 80 81
1 7 1 7
44 64 44 51 64
13 85 13 36 50 82 85
5 56 5 6 17 20 56
27 40 27 29 37 40
31 43 31 43
61 76 61 64 69 76
69 87 69 87
15 49 15 26 38 41 49
50 78 50 59 66 78
78 85 78 85
18 80 18 22 43 80
0 33 0 13 14 25 33
72 81 72 78 80 81
49 58 49 51 58
13 84 13 20 40 78 84
10 61 10 24 43 44 51 58 61
56 80 56 64 80
56 80 56 78 80
35 59 35 43 44 51 59
28 57 28 41 57
9 81 9 32 66 78 81
33 46 33 37 40 42 46
8 16 8 13 16
3 72 3 58 67 72
41 80 41 50 59 66 78 80
24 88 24 81 83 88
8 30 8 13 24 30
54 80 54 67 72 78 80
49 81 49 72 78 80 81
10 64 10 30 34 48 54 59 64
52 80 52 64 80
6 21 6 21
23 39 23 28 35 39
50 88 50 60 69 88
27 29 27 29
10 86 10 60 66 83 86
58 86 58 64 71 83 86
60 83 60 66 78 80 83
20 39 20 30 39
36 76 36 37 59 64 68 69 76
15 40 15 26 40
27 81 27 52 64 80 81
41 79 41 79
24 85 24 34 47 61 75 82 85
56 85 56 78 85
57 83 57 80 81 83
20 73 20 26 40 42 51 67 73
8 40 8 9 13 14 25 33 37 40
2 66 2 23 37 51 60 66
1 76 1 2 23 25 69 76
12 33 12 17 25 33
7 67 7 43 47 67
5 41 5 25 38 41
47 77 47 67 77
14 43 14 31 43
27 47 27 34 47
51 88 51 80 83 86 88
67 73 67 73
58 85 58 78 85
45 66 45 54 59 66
35 85 35 59 66 78 85
3 41 3 21 26 28 41
71 84 71 84
38 57 38 41 57
3 72 3 16 44 55 58 67 72
29 48 29 36 37 48
22 68 22 33 51 58 64 68
34 72 34 67 72
14 68 14 59 64 68
30 87 30 44 64 68 69 87
30 45 30 34 45
18 52 18 34 48 52
27 76 27 44 51 60 69 76
32 48 32 48
11 39 11 33 39
10 61 10 48 61
45 52 45 52
48 68 48 52 64 68
3 71 3 38 70 71
27 78 27 34 45 57 78
30 54 30 34 45 54
21 41 21 26 38 41
40 51 40 42 51
54 71 54 59 64 71
11 69 11 64 68 69
25 38 25 38
12 58 12 29 36 43 44 55 58
9 69 9 60 69
41 79 41 79
35 43 35 43
19 38 19 20 26 38
17 44 17 20 32 44
49 81 49 72 78 80 81
42 69 42 51 58 61 64 68 69
20 77 20 59 77
12 88 12 26 75 83 86 88
6 54 6 21 26 28 37 48 54
9 20 9 13 20
58 73 58 67 73
2 32 2 23 32
14 31 14 31
30 85 30 39 60 66 71 82 85
17 38 17 25 38
6 61 6 37 40 42 51 58 61
34 53 34 38 41 53
22 31 22 31
23 89 23 37 52 64 81 83 89
63 89 63 83 89
29 53 29 36 43 44 53
68 88 68 74 82 85 88
1 70 1 37 40 42 70
8 52 8 9 32 48 52
31 57 31 43 44 55 57
8 47 8 13 14 28 35 43 47
10 52 10 34 48 52
10 62 10 17 29 36 37 40 42 62
6 27 6 16 24 27
58 75 58 61 75
39 72 39 57 72
63 88 63 88
14 75 14 28 37 40 42 51 58 61 75
18 45 18 22 34 45
44 78 44 55 61 75 78
42 69 42 64 68 69
34 48 34 48
26 54 26 28 37 48 54
34 44 34 44
68 88 68 69 87 88
29 59 29 43 44 51 59
19 50 19 20 30 41 50
1 24 1 2 9 16 24
49 69 49 69
26 63 26 28 41 57 63
29 63 29 37 40 63
8 54 8 34 48 54
27 63 27 29 36 37 40 63
21 46 21 26 28 35 39 46
7 69 7 39 69
43 58 43 44 55 58
20 45 20 30 34 45
0 24 0 13 16 24
25 35 25 35
19 55 19 21 26 28 35 43 44 55
47 64 47 61 64
38 65 38 42 62 63 65
21 64 21 26 38 41 50 51 59 64
7 89 7 27 72 78 81 83 89
26 60 26 28 35 43 44 51 60
29 80 29 80
3 30 3 9 16 24 30
44 58 44 55 58
15 83 15 22 59 66 71 83
21 40 21 40
43 65 43 62 63 65
34 45 34 45
43 77 43 77
34 38 34 38
20 46 20 26 42 46
39 67 39 58 67
41 72 41 57 72
19 45 19 20 30 34 45
14 57 14 34 38 42 57
80 81 80 81
20 87 20 40 42 57 72 87
1 26 1 19 20 26
36 43 36 43
34 73 34 38 41 49 51 58 67 73
26 79 26 55 79
0 30 0 13 20 30
32 44 32 44
37 46 37 40 42 46
26 85 26 55 67 82 85
5 67 5 44 51 58 67
13 56 13 14 28 35 56
72 88 72 87 88
37 72 37 48 52 67 72
15 46 15 21 40 42 46
12 85 12 60 82 85
35 64 35 43 47 61 64
38 89 38 42 62 63 83 89
32 48 32 48
11 45 11 20 30 34 45
12 45 12 45
56 80 56 64 80
34 38 34 38
56 78 56 78
29 81 29 43 47 80 81
20 58 20 39 58
29 82 29 36 48 61 64 68 74 82
2 17 2 9 17
9 13 9 13
11 39 11 20 30 39
15 26 15 21 26
49 67 49 51 58 67
41 72 41 57 72
17 42 17 25 33 37 40 42
28 54 28 37 48 54
13 88 13 28 64 88
8 58 8 28 58
13 48 13 29 36 37 48
38 63 38 63
31 86 31 39 57 80 83 86
59 64 59 64
26 54 26 28 37 48 54
23 37 23 28 37
12 77 12 66 77
6 77 6 44 55 58 67 77
28 66 28 41 50 51 59 66
66 84 66 71 84
10 28 10 17 20 26 28
10 44 10 44
41 68 41 50 59 64 68
55 77 55 67 77
25 89 25 63 83 89
23 74 23 35 59 64 68 74
67 87 67 72 87
55 74 55 57 74
58 75 58 61 75
26 73 26 42 51 58 73
3 58 3 30 39 58
40 85 40 78 85
28 54 28 37 48 54
42 89 42 64 80 83 89
12 17 12 17
63 65 63 65
40 76 40 64 68 69 76
40 73 40 42 51 67 73
28 42 28 37 40 42
34 77 34 46 77
12 42 12 26 40 42
5 79 5 37 48 79
3 38 3 27 34 38
15 52 15 30 48 52
26 57 26 38 41 57
10 17 10 17
36 83 36 50 60 66 71 83
4 82 4 30 41 53 72 82
0 21 0 13 14 19 21
20 26 20 26
4 43 4 23 35 43
12 85 12 66 71 82 85
34 61 34 45 50 51 58 61
23 48 23 25 33 37 48
2 89 2 60 66 78 84 89
30 41 30 41
69 87 69 87
15 51 15 30 34 45 50 51
64 81 64 81
26 53 26 28 41 53
13 89 13 46 77 89
29 82 29 48 52 71 82
27 53 27 29 36 43 44 53
31 79 31 43 44 55 79
6 21 6 15 21
37 89 37 77 89
10 71 10 48 61 64 71
39 65 39 57 65
8 9 8 9
33 51 33 37 40 42 51
5 70 5 36 37 40 42 70
23 77 23 44 53 77
52 83 52 78 80 83
45 74 45 64 68 74
13 84 13 14 28 41 50 60 66 78 84
12 48 12 24 29 37 48
52 88 52 83 88
71 84 71 84
13 38 13 14 34 38
57 82 57 82
16 24 16 24
7 15 7 15
67 72 67 72
54 81 54 81
34 57 34 38 42 57
9 17 9 17
39 72 39 57 72
34 58 34 44 55 58
27 54 27 29 37 48 54
11 59 11 59
42 89 42 51 67 77 89
1 25 1 3 16 23 25
42 64 42 51 64
55 67 55 58 67
9 35 9 13 26 28 35
24 65 24 32 48 54 59 65
48 87 48 72 87
29 79 29 43 44 79
25 60 25 35 39 60
24 58 24 27 44 55 58
2 70 2 33 37 40 42 70
61 88 61 88
33 77 33 52 67 77
17 62 17 20 26 42 62
8 63 8 34 38 42 57 63
4 9 4 8 9
25 81 25 80 81
29 40 29 37 40
30 88 30 80 81 83 88
58 78 58 78
33 40 33 37 40
6 41 6 24 30 41
10 42 10 24 30 34 38 42
38 76 38 41 49 69 76
34 58 34 38 42 51 58
18 74 18 20 39 57 74
10 44 10 17 25 35 43 44
59 76 59 69 76
24 50 24 29 36 50
3 75 3 30 54 75
45 64 45 55 58 64
12 29 12 17 29
51 86 51 80 83 86
55 57 55 57
1 89 1 72 78 80 81 83 89
12 37 12 37
3 20 3 14 19 20
25 72 25 57 72
3 13 3 9 13
67 72 67 72
3 17 3 9 17
48 87 48 52 64 69 87
60 89 60 66 83 89
72 87 72 87
24 29 24 29
15 31 15 22 31
9 13 9 13
25 37 25 33 37
40 70 40 42 70
0 43 0 27 29 36 43
10 64 10 44 61 64
9 21 9 13 14 19 21
72 78 72 78
57 78 57 78
19 47 19 20 26 28 35 43 47
14 83 14 59 64 81 83
0 21 0 13 14 19 21
17 52 17 32 48 52
12 33 12 17 25 33
24 45 24 30 34 45
7 26 7 14 19 21 26
7 39 7 33 39
10 89 10 34 46 77 89
31 68 31 68
19 20 19 20
19 63 19 20 55 57 63
7 57 7 43 44 55 57
41 61 41 50 51 58 61
20 32 20 32
17 58 17 20 55 58
41 66 41 66
63 81 63 80 81
1 47 1 2 13 36 43 47
39 58 39 58
41 79 41 79
17 47 17 32 47
5 64 5 64
3 29 3 16 27 29
26 46 26 42 46
62 63 62 63
5 54 5 25 33 37 48 54
42 84 42 62 72 78 84
44 86 44 55 63 80 81 83 86
34 61 34 38 42 51 58 61
29 75 29 36 55 58 61 75
2 23 2 23
15 38 15 30 34 38
55 67 55 67
3 37 3 14 28 37
25 79 25 79
42 61 42 51 58 61
47 83 47 61 75 78 80 83
28 62 28 35 43 62
58 82 58 64 71 82
26 60 26 38 41 49 51 60
22 41 22 25 35 41
6 80 6 80
43 80 43 80
3 42 3 37 40 42
10 52 10 30 34 45 52
30 53 30 44 53
12 57 12 26 40 42 57
21 71 21 40 64 71
54 77 54 67 77
4 51 4 41 50 51
7 67 7 32 48 52 67
33 62 33 62
38 85 38 85
3 48 3 27 32 48
32 59 32 44 51 59
15 66 15 30 41 50 51 60 66
11 48 11 21 26 28 37 48
40 65 40 42 57 65
13 27 13 24 27
8 63 8 41 57 63
32 47 32 47
8 65 8 28 41 50 59 65
4 65 4 56 62 65
72 87 72 87
2 36 2 13 16 24 27 29 36
27 40 27 29 37 40
13 28 13 28
22 65 22 62 65
32 51 32 44 51
12 57 12 24 43 44 55 57
16 67 16 29 37 48 52 67
7 65 7 56 62 63 65
24 42 24 30 34 38 42
36 49 36 37 49
22 62 22 25 38 42 62
11 39 11 21 26 28 35 39
41 49 41 49
13 28 13 16 28
6 88 6 21 59 64 87 88
5 50 5 6 21 26 38 41 50
2 19 2 9 13 14 19
34 77 34 45 54 59 77
18 52 18 21 26 28 35 43 52
24 42 24 34 38 42
27 53 27 34 38 41 53
19 75 19 20 26 42 51 58 61 75
53 85 53 72 82 85
7 22 7 15 22
29 37 29 37
19 41 19 21 26 28 41
6 18 6 18
51 86 51 67 72 78 80 81 83 86
35 84 35 56 64 71 84
39 88 39 58 77 88
8 57 8 13 20 26 38 42 57
24 71 24 50 59 66 71
18 28 18 21 26 28
24 36 24 29 36
37 74 37 49 51 58 64 68 74
9 71 9 17 33 52 64 71
38 42 38 42
5 61 5 61
6 73 6 16 31 39 58 67 73
39 65 39 65
43 46 43 46
35 67 35 41 49 51 67
26 68 26 68
34 61 34 44 61
25 62 25 40 42 62
43 47 43 47
50 51 50 51
2 9 2 9
27 34 27 34
8 34 8 34
18 28 18 21 26 28
9 57 9 17 32 44 55 57
20 35 20 26 28 35
16 64 16 28 41 49 51 64
37 76 37 40 51 64 68 69 76
6 34 6 24 34
43 47 43 47
47 75 47 61 75
7 19 7 14 19
9 57 9 57
9 47 9 20 30 34 47
11 87 11 70 72 87
5 44 5 44
55 58 55 58
12 79 12 37 48 79
6 55 6 24 30 34 44 55
7 65 7 27 34 65
57 63 57 63
13 73 13 48 54 73
38 73 38 41 49 51 67 73
10 73 10 52 67 73
27 83 27 34 48 52 64 80 83
48 83 48 61 64 71 83
74 82 74 82
45 57 45 55 57
43 89 43 80 83 89
34 65 34 45 55 57 65
7 70 7 33 37 40 42 70
30 45 30 34 45
25 46 25 33 46
20 32 20 32
36 53 36 43 44 53
24 55 24 43 44 55
44 80 44 78 80
68 88 68 69 88
30 72 30 34 48 72
20 30 20 30
7 45 7 15 30 34 45
25 80 25 57 72 78 80
4 46 4 8 13 26 28 35 39 46
56 74 56 74
33 82 33 62 72 82
28 55 28 35 43 44 55
34 77 34 59 77
25 54 25 33 37 48 54
56 85 56 64 82 85
34 88 34 46 77 87 88
49 58 49 51 58
22 66 22 60 66
24 65 24 29 36 55 57 63 65
27 75 27 58 61 75
32 59 32 48 54 59
40 73 40 51 58 67 73
16 68 16 31 56 64 68
5 44 5 44
21 37 21 26 28 37
28 66 28 35 41 66
25 80 25 57 78 80
18 65 18 21 42 62 63 65
18 51 18 34 45 50 51
3 42 3 14 28 37 40 42
62 65 62 63 65
29 62 29 36 37 40 42 62
49 58 49 51 58
10 52 10 24 27 34 45 52
51 80 51 67 72 78 80
56 82 56 82
62 65 62 65
31 88 31 68 74 85 88
43 80 43 44 53 72 78 80
75 82 75 82
58 73 58 73
6 87 6 27 34 38 41 67 72 87
84 89 84 89
20 26 20 26
13 48 13 48
63 65 63 65
19 46 19 38 42 46
27 66 27 29 43 44 51 59 66
3 72 3 15 30 44 55 57 72
28 57 28 37 40 42 57
21 40 21 26 28 37 40
0 43 0 27 29 36 43
31 72 31 56 62 72
25 57 25 57
17 59 17 33 51 59
22 31 22 31
44 86 44 51 86
23 78 23 78
4 43 4 8 9 13 26 28 35 43
52 83 52 78 81 83
24 42 24 27 29 37 40 42
40 71 40 60 66 71
20 54 20 30 48 54
0 86 0 13 16 35 56 62 72 86
40 70 40 42 70
4 86 4 70 86
10 45 10 17 20 30 34 45
1 61 1 2 18 21 26 38 41 50 51 58 61
41 89 41 79 81 83 89
12 83 12 24 81 83
25 47 25 35 43 47
27 52 27 52
54 73 54 67 73
40 71 40 64 71
23 78 23 55 58 67 72 78
32 59 32 51 59
34 47 34 47
55 74 55 57 74
1 30 1 19 20 30
7 36 7 27 29 36
2 30 2 13 14 30
56 84 56 78 84
7 73 7 73
18 89 18 22 33 61 64 71 83 89
24 50 24 34 45 50
14 51 14 25 38 41 50 51
29 72 29 48 54 67 72
17 82 17 25 82
26 69 26 38 60 69
4 26 4 8 9 13 26
61 84 61 64 71 84
27 62 27 34 38 42 62
31 52 31 43 52
17 32 17 20 32
8 65 8 28 41 59 65
54 71 54 71
13 72 13 48 72
20 52 20 30 34 48 52
13 20 13 14 19 20
0 13 0 13
51 77 51 59 66 77
34 89 34 47 75 80 81 83 89
27 66 27 29 48 54 59 66
35 63 35 56 62 63
34 48 34 48
29 53 29 43 44 53
19 40 19 21 26 28 37 40
26 66 26 42 51 59 66
45 75 45 50 51 58 61 75
14 42 14 19 33 37 40 42
13 66 13 49 51 59 66
2 57 2 33 39 57
21 54 21 26 28 37 48 54
21 79 21 26 38 41 79
11 33 11 33
40 82 40 42 57 63 82
59 64 59 64
33 51 33 51
37 63 37 40 63
10 45 10 30 34 45
72 89 72 78 84 89
35 88 35 63 82 85 88
7 80 7 33 49 51 59 64 80
53 86 53 80 83 86
21 42 21 40 42
18 76 18 76
83 89 83 89
15 49 15 26 28 41 49
30 65 30 65
42 57 42 57
49 88 49 51 64 80 83 88
20 88 20 26 88
26 86 26 55 61 75 78 80 81 83 86
5 64 5 6 30 39 58 61 64
13 46 13 29 37 40 42 46
6 76 6 27 58 64 68 69 76
21 26 21 26
15 44 15 26 28 35 43 44
45 81 45 57 80 81
8 37 8 13 26 28 37
44 79 44 79
59 86 59 64 86
5 74 5 44 61 64 68 74
19 50 19 20 26 38 41 50
3 57 3 30 34 44 55 57
7 78 7 57 78
4 85 4 23 25 85
3 16 3 16
13 81 13 49 51 60 66 78 80 81
6 66 6 16 28 49 51 59 66
12 77 12 50 59 66 77
26 65 26 42 57 65
71 84 71 84
63 83 63 83
51 78 51 58 78
3 13 3 9 13
28 63 28 41 57 63
3 26 3 9 13 14 19 20 26
32 89 32 48 72 78 81 83 89
10 73 10 44 51 58 73
12 50 12 50
4 47 4 23 32 47
18 46 18 21 40 42 46
31 88 31 39 87 88
57 82 57 74 82
16 23 16 23
48 59 48 54 59
11 20 11 20
1 34 1 3 9 17 20 30 34
16 27 16 27
8 41 8 34 38 41
10 89 10 48 52 89
11 59 11 35 41 59
18 20 18 20
28 46 28 46
13 66 13 29 43 44 51 60 66
35 82 35 39 58 68 74 82
9 37 9 20 26 28 37
23 87 23 25 69 87
18 53 18 22 31 43 44 53
51 60 51 60
22 35 22 25 35
67 87 67 77 87
16 24 16 24
8 23 8 9 13 16 23
7 36 7 29 36
40 84 40 78 84
24 59 24 50 51 59
16 44 16 28 35 43 44
9 86 9 17 33 67 72 86
50 88 50 82 85 88
27 65 27 32 44 55 63 65
4 63 4 30 39 57 63
1 35 1 26 28 35
12 27 12 24 27
34 66 34 38 41 66
36 69 36 50 51 59 69
67 80 67 72 78 80
15 40 15 26 28 37 40
60 89 60 66 83 89
47 84 47 61 75 78 84
18 38 18 34 38
6 87 6 54 72 87
9 69 9 17 55 58 61 64 68 69
28 37 28 37
45 57 45 57
29 81 29 37 40 78 80 81
28 63 28 37 40 63
14 25 14 25
3 79 3 38 41 79
1 27 1 3 27
49 77 49 51 58 67 77
17 28 17 20 26 28
15 46 15 21 26 42 46
24 32 24 27 32
79 80 79 80
52 83 52 71 83
13 68 13 64 68
16 38 16 38
6 44 6 17 25 35 43 44
5 77 5 7 15 46 77
1 34 1 3 9 20 30 34
27 88 27 86 88
28 58 28 58
58 86 58 67 72 86
5 20 5 6 17 20
19 21 19 21
15 44 15 22 31 43 44
17 34 17 20 30 34
15 44 15 30 44
15 70 15 26 42 70
13 28 13 28
24 54 24 54
21 59 21 59
5 70 5 36 37 40 42 70
2 59 2 9 20 59
27 73 27 52 67 73
40 62 40 42 62
10 89 10 30 80 83 89
55 58 55 58
42 58 42 51 58
12 26 12 26
2 80 2 9 24 50 60 66 78 80
18 38 18 22 34 38
27 47 27 32 47
1 14 1 2 13 14
35 58 35 39 58
23 40 23 28 37 40
14 40 14 28 37 40
36 58 36 37 40 51 58
1 37 1 37
28 46 28 35 39 46
2 59 2 31 43 44 51 59
33 89 33 49 51 58 64 81 83 89
16 52 16 24 34 45 52
52 88 52 71 82 85 88
43 70 43 70
3 41 3 30 34 38 41
55 67 55 58 67
0 69 0 17 55 58 61 64 69
4 87 4 23 44 55 57 72 87
39 69 39 69
0 86 0 17 60 66 83 86
43 78 43 52 78
59 77 59 66 77
25 70 25 40 42 70
57 80 57 80
44 88 44 84 88
24 67 24 43 47 67
11 64 11 21 40 64
22 44 22 25 35 43 44
4 68 4 8 40 64 68
26 59 26 28 35 59
61 64 61 64
42 87 42 87
35 64 35 41 59 64
14 88 14 78 85 88
18 48 18 22 33 37 48
83 88 83 88
1 22 1 7 15 22
57 82 57 63 82
23 82 23 32 48 61 64 82
18 53 18 22 34 44 53
56 63 56 62 63
13 64 13 64
35 77 35 59 77
1 67 1 49 51 58 67
23 79 23 44 79
22 65 22 59 65
17 47 17 25 35 43 47
21 80 21 40 64 80
12 64 12 29 48 61 64
11 70 11 20 30 34 38 41 70
51 64 51 64
20 41 20 30 41
21 71 21 40 64 71
35 67 35 41 49 51 67
15 70 15 30 41 70
62 74 62 74
13 50 13 26 28 41 50
61 74 61 64 68 74
13 44 13 14 25 35 43 44
54 72 54 72
20 82 20 59 64 68 74 82
36 60 36 37 49 51 60
6 20 6 18 20
71 82 71 82
7 28 7 14 19 20 26 28
8 20 8 13 14 19 20
24 81 24 29 75 80 81
8 31 8 13 14 31
15 58 15 26 28 41 50 51 58
18 35 18 22 25 35
24 54 24 34 45 54
48 61 48 61
62 82 62 63 82
2 81 2 56 64 81
69 88 69 88
37 49 37 49
2 30 2 13 20 30
42 82 42 62 63 82
48 79 48 79
5 88 5 44 64 82 85 88
35 76 35 39 69 76
34 61 34 45 50 51 58 61
23 87 23 57 72 87
10 85 10 34 59 64 68 74 82 85
57 63 57 63
20 60 20 32 44 51 60
14 42 14 30 34 38 42
1 13 1 13
87 88 87 88
70 81 70 72 78 80 81
48 76 48 61 64 68 69 76
9 83 9 24 27 53 72 78 80 83
19 33 19 33
19 38 19 20 30 34 38
45 77 45 54 59 66 77
29 76 29 48 54 59 64 68 69 76
27 65 27 29 37 48 54 59 65
42 73 42 51 58 73
9 82 9 57 63 82
49 88 49 51 60 69 88
6 76 6 54 59 64 68 69 76
6 73 6 24 43 44 51 67 73
36 37 36 37
4 56 4 8 13 26 28 35 56
3 75 3 51 58 61 75
8 28 8 9 13 26 28
36 60 36 50 60
29 81 29 81
38 64 38 42 64
16 81 16 27 70 81
26 56 26 28 35 56
13 26 13 26
18 69 18 20 55 58 61 64 69
39 87 39 58 67 72 87
58 85 58 67 82 85
20 35 20 26 28 35
63 88 63 83 86 88
48 72 48 72
45 76 45 54 59 64 69 76
17 85 17 33 62 72 82 85
67 80 67 72 78 80
49 51 49 51
24 55 24 32 44 55
30 88 30 53 72 87 88
3 50 3 14 28 41 50
13 89 13 16 27 72 78 80 83 89
42 69 42 64 68 69
30 47 30 34 47
21 80 21 58 61 64 80
13 40 13 14 28 37 40
5 6 5 6
21 35 21 26 28 35
7 64 7 42 51 59 64
14 47 14 19 21 26 28 35 43 47
21 43 21 26 28 35 43
30 60 30 50 51 60
7 68 7 28 41 49 51 58 64 68
18 79 18 22 31 43 44 55 79
19 85 19 85
71 86 71 83 86
11 51 11 20 40 51
26 75 26 38 41 49 51 58 61 75
26 69 26 69
17 80 17 33 78 80
8 62 8 9 13 16 24 29 37 40 42 62
16 53 16 27 34 44 53
49 78 49 72 78
60 80 60 66 78 80
15 45 15 30 34 45
8 31 8 9 16 31
58 82 58 61 75 82
25 38 25 38
24 72 24 55 67 72
5 32 5 6 24 32
31 61 31 43 44 51 58 61
29 55 29 36 55
19 45 19 20 30 34 45
45 66 45 54 59 66
33 61 33 61
14 31 14 31
62 74 62 74
22 31 22 31
9 47 9 13 20 30 34 47
28 58 28 41 49 51 58
48 61 48 61
22 62 22 31 43 62
36 61 36 55 61
7 35 7 28 35
2 30 2 9 13 16 24 30
9 70 9 17 33 37 40 42 70
26 40 26 28 37 40
32 47 32 47
13 25 13 16 23 25
41 51 41 49 51
9 57 9 17 25 57
31 89 31 56 62 72 78 81 83 89
36 61 36 43 44 61
3 89 3 58 67 72 78 84 89
4 64 4 56 64
45 52 45 52
5 59 5 36 48 54 59
33 51 33 51
9 71 9 24 55 58 61 64 71
34 62 34 38 42 62
36 63 36 55 57 63
34 58 34 38 42 51 58
63 86 63 83 86
27 66 27 34 38 60 66
15 26 15 21 26
15 68 15 22 43 44 55 58 61 64 68
27 66 27 29 48 54 59 66
26 80 26 75 78 80
35 87 35 43 87
44 83 44 64 71 83
10 75 10 24 50 51 58 61 75
9 63 9 24 32 44 55 63
24 66 24 34 48 54 59 66
19 44 19 21 26 28 35 43 44
22 61 22 43 47 61
11 51 11 33 49 51
17 80 17 20 26 75 80
19 52 19 21 26 28 35 43 52
53 85 53 72 82 85
24 77 24 32 47 67 77
31 79 31 43 44 79
17 64 17 52 64
31 68 31 56 64 68
25 61 25 35 41 49 51 58 61
18 26 18 20 26
5 64 5 7 15 22 34 45 52 64
34 67 34 45 54 67
4 88 4 41 50 59 86 88
5 62 5 6 40 42 62
50 69 50 51 59 69
55 72 55 58 67 72
0 81 0 52 78 80 81
5 41 5 6 15 26 38 41
28 89 28 49 72 78 80 83 89
24 60 24 32 44 51 60
72 88 72 88
45 73 45 52 67 73
13 26 13 26
22 62 22 31 43 62
59 68 59 64 68
18 82 18 20 40 82
21 73 21 42 51 67 73
11 56 11 21 26 28 35 56
4 41 4 8 13 28 35 41
54 86 54 71 83 86
6 20 6 18 20
35 84 35 56 64 71 84
7 45 7 15 30 34 45
13 64 13 16 44 55 58 64
33 70 33 37 40 42 70
18 82 18 59 66 71 82
56 68 56 64 68
13 26 13 20 26
49 69 49 69
15 44 15 22 34 44
20 42 20 40 42
11 56 11 20 26 28 35 56
30 85 30 50 60 66 78 85
1 69 1 68 69
63 89 63 80 83 89
20 58 20 32 58
10 56 10 17 25 35 56
63 82 63 82
8 76 8 34 38 60 69 76
12 17 12 17
17 69 17 55 61 64 68 69
27 58 27 32 44 51 58
8 34 8 13 20 30 34
25 88 25 62 63 80 83 88
50 82 50 82
34 66 34 38 41 50 51 60 66
35 78 35 72 78
42 75 42 51 58 61 75
7 79 7 29 43 44 79
44 64 44 55 58 61 64
20 49 20 26 28 35 41 49
28 89 28 41 59 77 89
30 39 30 39
55 63 55 63
3 27 3 16 27
23 47 23 32 47
74 88 74 85 88
10 55 10 44 55
36 88 36 43 52 77 87 88
12 24 12 24
30 46 30 34 38 42 46
55 84 55 61 75 78 84
39 76 39 58 61 64 69 76
34 62 34 38 42 62
27 86 27 86
2 17 2 9 17
26 80 26 80
9 70 9 13 28 37 40 42 70
11 62 11 21 42 62
20 32 20 32
43 83 43 75 78 81 83
80 86 80 81 83 86
14 31 14 31
24 65 24 54 59 65
8 71 8 41 49 51 59 64 71
3 87 3 21 40 42 51 64 87
60 80 60 66 78 80
35 67 35 43 47 67
17 68 17 25 61 64 68
3 65 3 30 54 59 65
24 80 24 27 29 75 78 80
9 76 9 17 25 69 76
57 89 57 83 89
56 81 56 78 80 81
23 54 23 25 33 37 48 54
0 29 0 27 29
30 50 30 50
36 50 36 50
49 75 49 51 58 61 75
61 75 61 75
19 39 19 20 26 28 35 39
66 78 66 78
38 65 38 42 51 59 65
5 79 5 25 33 37 48 79
18 52 18 22 43 52
18 79 18 20 26 55 79
16 50 16 29 36 50
20 40 20 26 40
79 88 79 84 88
8 32 8 13 20 32
36 49 36 37 49
35 52 35 43 52
71 86 71 83 86
21 52 21 26 28 37 52
12 70 12 27 70
18 46 18 21 42 46
23 44 23 35 43 44
25 60 25 33 49 51 60
12 41 12 27 34 38 41
14 77 14 31 39 58 67 77
41 65 41 65
24 39 24 30 39
0 40 0 27 29 36 37 40
19 39 19 33 39
16 65 16 48 54 59 65
14 25 14 25
35 72 35 41 50 51 67 72
17 66 17 32 51 59 66
54 88 54 72 88
2 30 2 9 20 30
7 28 7 15 26 28
8 85 8 9 62 74 85
5 62 5 6 40 42 62
26 57 26 42 57
5 34 5 7 15 30 34
28 37 28 37
13 89 13 14 28 64 71 83 89
59 65 59 65
59 69 59 64 68 69
41 50 41 50
13 25 13 16 23 25
72 89 72 78 81 83 89
45 84 45 55 84
29 64 29 36 43 52 64
23 44 23 44
34 89 34 38 60 66 71 83 89
22 82 22 34 38 41 59 71 82
1 7 1 7
28 50 28 41 50
48 65 48 54 59 65
16 45 16 27 34 45
21 79 21 26 55 79
53 85 53 72 78 85
5 37 5 25 33 37
53 72 53 72
35 79 35 41 79
35 61 35 39 58 61
37 74 37 59 64 68 74
66 80 66 78 80
27 40 27 29 36 37 40
19 44 19 20 30 44
15 61 15 22 25 33 49 51 58 61
47 64 47 61 64
47 80 47 61 75 78 80
11 87 11 68 69 87
40 51 40 51
48 83 48 75 80 83
10 17 10 17
13 20 13 20
15 71 15 58 64 71
13 29 13 24 27 29
9 69 9 13 68 69
15 39 15 30 39
74 82 74 82
29 57 29 43 44 55 57
2 66 2 23 44 51 59 66
44 64 44 55 58 61 64
34 89 34 45 55 57 72 78 80 81 83 89
5 36 5 7 29 36
40 62 40 42 62
34 88 34 38 41 67 82 85 88
61 74 61 64 68 74
0 24 0 10 24
42 61 42 51 58 61
31 88 31 56 82 85 88
27 83 27 52 71 83
19 73 19 38 42 51 58 73
78 81 78 80 81
7 15 7 15
30 39 30 39
8 72 8 13 29 43 62 72
50 65 50 59 65
17 39 17 25 35 39
22 47 22 25 35 43 47
11 47 11 35 43 47
61 80 61 75 78 80
18 54 18 21 26 28 37 48 54
2 36 2 9 13 24 29 36
22 35 22 25 35
45 57 45 57
3 33 3 16 23 25 33
59 83 59 71 83
63 80 63 80
24 81 24 27 34 44 61 64 81
8 88 8 58 67 82 85 88
16 49 16 38 41 49
8 32 8 13 16 23 32
21 59 21 42 51 59
17 47 17 20 32 47
1 69 1 68 69
45 76 45 55 58 68 69 76
22 25 22 25
27 70 27 34 38 70
63 65 63 65
33 72 33 39 58 67 72
8 13 8 13
22 60 22 31 43 44 51 60
3 42 3 16 40 42
28 73 28 35 39 58 67 73
26 67 26 40 42 51 58 67
42 88 42 46 77 87 88
43 62 43 62
39 85 39 57 78 85
16 50 16 24 30 41 50
24 81 24 34 79 80 81
24 37 24 29 36 37
53 83 53 72 78 81 83
78 83 78 80 81 83
32 85 32 51 64 71 82 85
47 74 47 61 64 68 74
27 36 27 29 36
26 40 26 28 37 40
41 75 41 49 51 58 61 75
40 70 40 42 70
2 49 2 9 13 26 28 41 49
27 60 27 44 51 60
58 78 58 78
17 78 17 78
8 44 8 9 24 30 34 44
35 64 35 56 64
81 83 81 83
4 16 4 13 16
17 89 17 55 84 89
17 82 17 25 38 60 82
31 44 31 43 44
20 58 20 26 28 58
17 34 17 20 30 34
16 78 16 28 78
43 78 43 70 72 78
3 16 3 16
43 80 43 70 72 78 80
34 45 34 45
16 76 16 29 37 40 60 69 76
25 65 25 62 63 65
6 15 6 15
7 42 7 40 42
3 64 3 9 50 59 64
54 71 54 59 64 71
4 78 4 60 66 78
17 43 17 25 35 43
7 32 7 14 19 20 32
6 54 6 18 20 26 28 37 48 54
56 78 56 78
12 26 12 17 20 26
2 51 2 31 43 44 51
12 43 12 29 43
70 81 70 72 78 81
15 87 15 58 68 69 87
31 43 31 43
24 73 24 27 29 43 52 67 73
9 71 9 13 49 51 60 66 71
38 53 38 41 53
43 75 43 75
10 52 10 24 43 52
45 57 45 57
22 62 22 34 38 42 62
85 88 85 88
25 51 25 38 41 49 51
6 17 6 17
28 78 28 58 61 75 78
47 72 47 67 72
36 51 36 43 44 51
21 85 21 26 42 62 72 78 85
19 39 19 20 30 39
2 23 2 23
71 82 71 82
11 70 11 21 26 42 70
28 37 28 37
1 30 1 19 20 30
5 26 5 6 21 26
21 39 21 26 28 35 39
21 54 21 26 28 37 48 54
15 40 15 22 25 40
66 77 66 77
37 87 37 51 58 77 87
10 87 10 48 72 87
41 70 41 70
17 47 17 25 35 43 47
33 63 33 62 63
6 40 6 18 21 26 28 37 40
1 53 1 3 21 26 28 41 53
20 26 20 26
34 44 34 44
42 46 42 46
25 59 25 40 42 51 59
11 59 11 59
18 86 18 72 86
81 83 81 83
36 50 36 50
3 38 3 21 26 38
23 67 23 55 58 67
57 63 57 63
48 75 48 75
22 33 22 25 33
12 37 12 24 29 37
8 44 8 28 35 43 44
32 67 32 51 58 67
10 75 10 24 34 48 61 75
16 43 16 28 35 43
24 89 24 83 89
2 81 2 78 81
19 44 19 21 26 28 35 43 44
36 84 36 50 59 66 71 84
60 84 60 66 78 84
4 33 4 13 16 23 25 33
16 86 16 27 86
29 64 29 36 43 44 61 64
18 76 18 34 44 64 69 76
49 89 49 72 78 84 89
52 86 52 80 81 83 86
17 38 17 25 38
3 14 3 9 13 14
32 78 32 53 72 78
45 57 45 57
52 87 52 64 69 87
55 75 55 58 61 75
43 52 43 52
44 51 44 51
77 88 77 87 88
20 58 20 39 58
67 77 67 77
85 88 85 88
2 9 2 9
51 77 51 60 66 77
22 80 22 25 57 80
34 89 34 48 54 67 77 89
38 65 38 42 51 59 65
58 87 58 87
32 67 32 48 52 67
30 51 30 44 51
0 59 0 20 59
3 37 3 9 16 23 25 33 37
5 25 5 25
18 26 18 21 26
6 17 6 17
51 88 51 88
61 83 61 64 71 83
30 54 30 48 54
20 88 20 88
58 85 58 67 72 82 85
4 60 4 13 26 40 51 60
35 64 35 41 59 64
18 48 18 20 32 48
17 70 17 70
51 88 51 59 86 88
2 37 2 13 14 25 33 37
1 32 1 13 16 27 32
16 76 16 23 37 76
17 80 17 51 60 66 78 80
79 88 79 86 88
61 76 61 64 68 69 76
8 17 8 9 17
18 41 18 21 26 38 41
7 77 7 32 53 77
3 77 3 16 29 48 54 67 77
3 27 3 9 16 24 27
41 63 41 57 63
63 88 63 82 85 88
51 86 51 86
15 69 15 30 41 50 59 69
6 15 6 15
24 38 24 27 34 38
12 66 12 27 29 43 44 51 60 66
12 37 12 24 29 36 37
6 57 6 21 26 42 57
4 77 4 41 50 59 77
3 15 3 15
28 85 28 68 74 85
32 65 32 51 59 65
0 51 0 45 50 51
21 59 21 26 40 42 51 59
41 70 41 70
43 75 43 75
49 69 49 51 64 68 69
63 89 63 83 89
17 63 17 33 62 63
81 88 81 83 88
0 34 0 10 30 34
2 51 2 23 44 51
42 64 42 51 59 64
16 24 16 24
24 58 24 29 37 49 51 58
3 30 3 14 19 20 30
59 74 59 64 68 74
29 69 29 48 54 59 69
6 79 6 79
6 32 6 27 32
78 85 78 85
23 58 23 28 37 40 51 58
12 88 12 50 82 85 88
19 40 19 20 26 40
27 50 27 34 38 41 50
10 60 10 60
30 69 30 68 69
15 62 15 21 42 62
41 80 41 72 78 80
46 89 46 77 89
1 78 1 58 61 75 78
51 67 51 58 67
18 71 18 34 48 54 71
7 62 7 56 62
58 81 58 78 81
31 44 31 43 44
25 37 25 33 37
30 76 30 41 50 59 64 68 69 76
49 69 49 51 64 69
30 84 30 44 64 71 84
30 84 30 34 59 66 71 84
17 53 17 20 26 28 35 41 53
39 65 39 57 63 65
20 86 20 79 83 86
6 88 6 80 81 83 86 88
14 75 14 30 44 61 75
1 25 1 2 13 16 23 25
6 24 6 16 24
6 40 6 21 40
6 55 6 17 55
1 67 1 13 29 36 55 67
16 52 16 24 27 32 48 52
4 71 4 49 51 58 61 64 71
4 8 4 8
45 57 45 57
44 75 44 55 58 61 75
70 81 70 72 78 80 81
30 74 30 34 47 61 64 68 74
26 68 26 40 64 68
8 20 8 9 13 14 19 20
3 75 3 9 17 58 61 75
3 89 3 38 89
8 50 8 13 29 36 50
39 76 39 76
25 81 25 80 81
13 85 13 28 82 85
27 65 27 32 44 55 57 63 65
21 71 21 59 71
19 28 19 20 26 28
2 31 2 18 22 31
4 75 4 30 54 75
40 73 40 51 58 73
30 65 30 50 51 59 65
42 82 42 64 71 82
29 66 29 36 43 44 51 60 66
4 54 4 8 34 48 54
31 71 31 39 58 61 64 71
26 65 26 38 42 57 63 65
41 80 41 70 72 78 80
35 58 35 43 44 51 58
17 69 17 58 64 69
3 82 3 21 59 64 82
4 21 4 13 14 19 21
58 83 58 64 71 83
43 52 43 52
5 34 5 7 15 22 34
43 46 43 46
41 53 41 53
20 57 20 40 42 57
7 15 7 15
25 54 25 33 37 48 54
13 85 13 60 82 85
41 76 41 76
15 45 15 22 34 45
16 59 16 48 54 59
4 86 4 56 64 86
14 35 14 25 35
1 78 1 72 78
13 72 13 29 48 52 67 72
54 83 54 75 83
8 60 8 40 42 51 60
43 64 43 47 61 64
52 87 52 77 87
20 79 20 55 79
84 89 84 89
6 66 6 18 34 48 54 59 66
0 47 0 27 32 47
4 8 4 8
23 48 23 25 33 37 48
12 64 12 29 43 44 51 59 64
34 86 34 47 75 80 81 83 86
72 88 72 78 80 81 83 86 88
44 73 44 55 67 73
32 44 32 44
10 73 10 34 67 73
27 89 27 78 81 83 89
5 7 5 7
9 40 9 16 23 37 40
9 73 9 13 24 27 52 67 73
25 66 25 35 39 60 66
16 61 16 24 29 37 51 58 61
34 53 34 38 41 53
19 21 19 21
60 85 60 82 85
2 88 2 56 82 85 88
11 28 11 21 26 28
5 79 5 36 55 79
22 81 22 31 43 80 81
5 80 5 75 80
19 56 19 21 26 28 35 56
11 57 11 21 26 40 42 57
0 82 0 67 82
23 37 23 37
60 85 60 66 78 85
12 46 12 37 40 42 46
11 63 11 33 39 57 63
39 58 39 58
9 85 9 50 51 67 82 85
35 59 35 59
58 83 58 61 64 71 83
72 82 72 82
29 63 29 43 62 63
7 28 7 14 28
49 64 49 51 59 64
15 79 15 21 26 55 79
25 81 25 57 72 78 80 81
56 80 56 78 80
70 89 70 81 83 89
12 68 12 27 58 61 64 68
4 82 4 56 62 72 82
13 50 13 28 35 41 50
5 6 5 6
19 38 19 20 30 34 38
37 52 37 52
40 89 40 89
38 70 38 70
33 78 33 62 72 78
5 84 5 72 78 84
3 48 3 15 21 26 28 37 48
40 72 40 42 51 67 72
12 69 12 17 20 56 64 68 69
38 57 38 42 57
3 21 3 9 13 14 19 21
6 32 6 16 23 32
33 80 33 67 72 78 80
21 85 21 26 67 72 82 85
2 18 2 18
38 67 38 41 50 51 58 67
27 58 27 29 43 44 51 58
1 72 1 3 37 40 42 51 58 67 72
9 24 9 13 24
23 82 23 32 48 72 82
10 85 10 60 82 85
18 83 18 21 40 63 80 83
7 87 7 14 59 64 69 87
0 40 0 24 29 36 37 40
83 86 83 86
27 78 27 29 43 44 53 72 78
45 74 45 55 61 64 68 74
44 89 44 61 64 71 83 89
5 41 5 6 18 34 38 41
20 64 20 39 58 64
55 58 55 58
20 84 20 26 75 78 84
11 65 11 20 32 44 55 63 65
3 22 3 15 22
34 79 34 38 41 79
0 59 0 59
23 42 23 37 40 42
49 84 49 51 59 66 78 84
55 67 55 58 67
16 48 16 29 37 48
54 75 54 75
5 34 5 7 27 34
45 54 45 54
61 80 61 75 80
1 30 1 3 30
36 84 36 55 61 64 71 84
32 75 32 44 51 58 61 75
20 54 20 26 28 37 48 54
29 76 29 36 59 69 76
19 33 19 33
25 70 25 38 42 70
14 52 14 34 45 52
42 64 42 51 58 61 64
4 68 4 56 64 68
52 83 52 64 80 83
49 51 49 51
27 65 27 29 48 54 59 65
34 50 34 38 41 50
42 89 42 57 72 78 81 83 89
28 81 28 41 50 59 66 78 80 81
7 27 7 27
21 78 21 58 61 75 78
4 13 4 13
20 42 20 26 38 42
8 72 8 28 58 67 72
39 74 39 58 68 74
24 83 24 29 37 72 78 80 83
41 75 41 50 51 58 61 75
45 78 45 54 78
62 72 62 72
9 85 9 71 82 85
8 31 8 13 14 31
36 37 36 37
40 72 40 72
7 21 7 14 19 21
1 74 1 37 59 64 68 74
13 60 13 26 42 51 60
57 82 57 82
16 65 16 40 42 62 65
18 26 18 21 26
49 72 49 51 58 67 72
0 67 0 17 32 51 58 67
30 82 30 53 72 82
12 46 12 27 34 46
34 69 34 59 69
43 64 43 64
5 77 5 77
14 35 14 28 35
8 63 8 9 20 30 41 63
21 52 21 26 28 37 48 52
24 65 24 32 51 59 65
24 27 24 27
6 42 6 15 22 25 33 37 40 42
38 70 38 41 70
44 53 44 53
25 59 25 40 42 51 59
59 64 59 64
41 67 41 49 51 67
29 63 29 43 62 63
14 88 14 31 39 58 78 84 88
45 51 45 50 51
58 84 58 64 71 84
3 46 3 16 35 39 46
49 88 49 51 67 77 88
3 24 3 9 13 24
37 69 37 48 52 64 68 69
10 75 10 48 75
4 89 4 56 64 71 84 89
48 59 48 54 59
34 86 34 79 81 83 86
5 72 5 70 72
13 25 13 14 25
22 58 22 25 35 43 44 55 58
15 62 15 21 40 42 62
8 45 8 13 16 27 34 45
54 86 54 81 83 86
83 86 83 86
32 89 32 89
32 44 32 44
31 88 31 39 58 85 88
28 54 28 37 48 54
17 29 17 29
1 19 1 3 9 13 14 19
52 71 52 71
33 52 33 37 48 52
26 66 26 40 51 59 66
17 34 17 20 30 34
78 83 78 81 83
9 60 9 60
0 70 0 13 24 30 34 38 41 70
49 51 49 51
45 51 45 50 51
16 64 16 27 44 64
37 51 37 49 51
2 75 2 14 19 21 42 51 58 61 75
12 60 12 44 51 60
47 74 47 61 64 68 74
9 57 9 20 55 57
21 35 21 26 28 35
23 33 23 25 33
11 20 11 20
7 19 7 14 19
15 51 15 21 26 38 42 51
15 52 15 22 33 37 48 52
0 13 0 13
39 81 39 60 66 78 81
18 34 18 22 34
10 42 10 34 38 42
19 77 19 38 42 46 77
3 24 3 16 24
55 80 55 79 80
8 83 8 41 72 78 81 83
26 69 26 68 69
34 67 34 45 54 67
6 62 6 15 21 42 62
38 67 38 41 49 51 58 67
37 61 37 40 51 58 61
23 57 23 37 40 42 57
14 62 14 42 62
35 64 35 41 50 59 64
7 57 7 42 57
43 47 43 47
35 70 35 41 70
6 82 6 30 68 74 82
25 46 25 38 42 46
12 30 12 24 30
40 85 40 82 85
55 80 55 67 72 78 80
5 73 5 25 33 39 58 73
29 48 29 48
44 86 44 55 86
34 60 34 38 60
35 52 35 43 52
12 77 12 60 66 77
9 82 9 62 74 82
83 89 83 89
51 81 51 80 81
72 88 72 82 85 88
29 60 29 36 50 60
12 24 12 24
64 69 64 69
13 81 13 20 56 62 63 80 81
27 40 27 29 37 40
26 39 26 28 35 39
2 89 2 78 80 81 83 89
33 60 33 39 60
6 42 6 40 42
0 50 0 20 26 38 41 50
84 88 84 88
3 27 3 9 16 27
10 68 10 48 54 59 64 68
23 89 23 78 81 83 89
30 34 30 34
16 23 16 23
29 59 29 43 44 51 59
19 38 19 21 26 38
41 57 41 57
4 16 4 13 16
13 66 13 60 66
17 69 17 52 64 68 69
10 60 10 60
17 78 17 25 38 41 53 72 78
8 52 8 13 24 32 48 52
41 70 41 70
22 33 22 33
5 23 5 6 16 23
35 84 35 43 75 78 84
33 59 33 37 49 51 59
29 49 29 37 49
67 85 67 82 85
52 78 52 78
40 82 40 51 58 61 64 71 82
38 76 38 42 64 69 76
0 10 0 10
4 30 4 8 13 24 30
56 68 56 64 68
33 76 33 37 49 76
7 87 7 42 64 69 87
34 48 34 48
18 53 18 22 34 38 41 53
25 57 25 57
26 53 26 28 41 53
34 80 34 44 64 80
29 83 29 81 83
5 25 5 25
19 73 19 43 47 67 73
66 88 66 83 88
10 56 10 17 20 56
5 69 5 61 64 68 69
36 57 36 43 44 55 57
26 28 26 28
36 76 36 50 60 69 76
11 82 11 58 64 82
32 81 32 53 72 78 80 81
36 48 36 48
8 47 8 9 20 26 28 35 43 47
14 77 14 77
26 79 26 55 79
33 80 33 51 80
1 70 1 2 9 20 26 28 37 40 42 70
0 72 0 57 72
3 79 3 37 48 79
10 47 10 24 32 47
59 65 59 65
0 20 0 13 20
30 55 30 34 44 55
5 77 5 7 39 58 67 77
27 29 27 29
31 44 31 43 44
50 65 50 59 65
36 81 36 59 64 81
12 73 12 29 43 52 67 73
17 83 17 52 64 71 83
6 41 6 27 34 38 41
23 82 23 57 82
55 74 55 58 68 74
30 86 30 34 44 64 81 83 86
32 80 32 47 61 75 78 80
6 31 6 31
18 39 18 22 31 39
13 29 13 16 24 27 29
42 58 42 51 58
38 89 38 70 81 83 89
9 76 9 20 55 61 64 69 76
24 60 24 32 44 51 60
5 89 5 89
9 76 9 60 69 76
17 63 17 55 63
45 81 45 54 67 72 78 80 81
48 73 48 54 67 73
36 84 36 59 71 84
35 80 35 63 80
21 41 21 26 28 41
60 66 60 66
8 76 8 40 60 69 76
51 66 51 60 66
47 88 47 83 86 88
43 46 43 46
61 80 61 75 80
38 65 38 63 65
14 64 14 34 45 50 51 58 64
54 67 54 67
71 83 71 83
12 48 12 24 30 34 48
27 89 27 79 83 89
34 72 34 67 72
10 71 10 44 64 71
34 61 34 45 55 61
26 56 26 28 35 56
1 43 1 19 21 26 28 35 43
58 89 58 64 71 83 89
34 89 34 79 83 89
5 75 5 61 75
57 89 57 63 80 81 83 89
48 73 48 52 67 73
0 46 0 20 39 46
1 48 1 26 28 37 48
26 73 26 73
42 73 42 51 58 67 73
24 50 24 30 50
25 63 25 63
3 20 3 14 19 20
58 81 58 61 64 80 81
4 62 4 13 16 27 29 43 62
15 83 15 26 28 41 67 72 78 81 83
11 66 11 21 26 42 51 59 66
67 88 67 77 87 88
7 67 7 32 47 67
38 88 38 63 88
44 57 44 55 57
26 68 26 28 35 56 64 68
46 88 46 77 88
16 81 16 24 27 53 80 81
60 89 60 66 77 89
38 78 38 42 57 78
50 65 50 59 65
70 89 70 72 78 84 89
35 58 35 43 44 55 58
18 74 18 34 44 61 64 68 74
23 47 23 25 35 43 47
70 71 70 71
4 58 4 49 51 58
15 79 15 30 34 38 41 79
42 76 42 51 59 64 68 69 76
21 82 21 26 68 74 82
13 85 13 64 82 85
21 40 21 40
29 63 29 37 40 63
28 40 28 37 40
0 61 0 17 51 58 61
21 85 21 58 61 75 78 85
55 79 55 79
8 60 8 9 32 44 51 60
4 71 4 70 71
56 74 56 74
2 49 2 14 30 41 49
2 53 2 14 25 38 41 53
82 88 82 85 88
22 86 22 43 52 80 83 86
59 66 59 66
20 55 20 32 44 55
59 74 59 64 68 74
8 84 8 13 14 25 38 60 66 78 84
51 64 51 58 64
34 86 34 67 72 86
54 67 54 67
34 48 34 48
56 63 56 62 63
21 52 21 26 28 37 52
15 85 15 26 42 64 68 74 82 85
36 76 36 50 59 64 68 69 76
18 82 18 20 55 63 82
12 57 12 44 55 57
7 84 7 64 71 84
2 26 2 13 14 19 21 26
63 89 63 83 89
1 54 1 19 21 26 28 37 48 54
55 86 55 79 80 81 83 86
48 72 48 72
9 37 9 17 29 37
24 88 24 50 51 88
21 58 21 26 40 51 58
10 70 10 30 34 38 42 70
31 79 31 43 44 55 79
40 84 40 78 84
18 26 18 20 26
13 82 13 60 82
26 59 26 40 51 59
11 59 11 21 40 51 59
82 85 82 85
1 49 1 2 18 20 26 28 41 49
2 78 2 33 39 57 72 78
44 53 44 53
18 46 18 34 38 42 46
3 13 3 9 13
16 28 16 28
18 82 18 21 40 72 82
5 36 5 6 24 27 29 36
6 44 6 18 34 44
15 76 15 30 68 69 76
49 72 49 51 58 67 72
57 63 57 63
3 29 3 9 24 27 29
41 72 41 57 72
9 35 9 17 20 26 28 35
20 86 20 72 86
13 49 13 20 26 28 35 41 49
17 20 17 20
10 25 10 17 25
8 40 8 28 37 40
18 76 18 76
17 32 17 32
38 57 38 42 57
5 84 5 7 57 72 78 84
41 61 41 49 51 58 61
32 75 32 51 58 61 75
0 57 0 43 44 55 57
4 65 4 56 62 65
7 57 7 15 22 43 44 55 57
32 76 32 44 55 58 68 69 76
13 84 13 60 66 78 84
14 42 14 19 33 37 40 42
6 43 6 24 27 29 36 43
7 76 7 39 76
18 62 18 20 40 42 62
5 41 5 6 30 34 38 41
18 41 18 22 34 38 41
16 38 16 38
15 71 15 22 59 71
17 34 17 20 30 34
80 86 80 81 83 86
22 62 22 43 62
18 58 18 20 39 58
59 66 59 66
16 67 16 40 51 58 67
7 79 7 15 21 26 28 37 48 79
30 79 30 41 79
4 47 4 30 34 47
41 63 41 57 63
47 84 47 75 78 84
27 54 27 32 48 54
17 62 17 20 30 34 38 42 62
8 85 8 13 26 28 49 72 78 85
17 83 17 81 83
43 83 43 62 63 83
37 78 37 48 75 78
45 84 45 55 79 84
1 80 1 58 67 72 78 80
30 34 30 34
2 51 2 14 25 40 51
19 33 19 33
70 72 70 72
80 88 80 83 86 88
17 81 17 20 30 54 59 64 80 81
45 75 45 50 51 58 61 75
7 79 7 15 21 26 38 41 79
25 33 25 33
30 65 30 41 63 65
24 89 24 81 83 89
15 44 15 21 26 28 35 43 44
24 38 24 30 34 38
31 43 31 43
43 46 43 46
50 78 50 59 66 78
60 85 60 82 85
26 28 26 28
17 68 17 33 61 64 68
83 89 83 89
43 79 43 44 55 79
38 82 38 70 71 82
3 57 3 16 27 44 55 57
4 47 4 23 28 35 43 47
13 44 13 29 36 43 44
37 78 37 72 78
35 67 35 43 47 67
20 57 20 40 42 57
41 49 41 49
17 28 17 20 26 28
6 40 6 40
32 69 32 58 64 68 69
56 82 56 74 82
6 67 6 27 32 58 67
55 64 55 61 64
3 76 3 37 52 64 68 69 76
59 83 59 64 80 81 83
6 88 6 18 21 40 64 80 81 83 88
17 78 17 25 35 43 70 72 78
49 78 49 51 60 66 78
21 39 21 26 28 35 39
4 27 4 13 16 27
62 78 62 72 78
44 72 44 51 67 72
3 24 3 9 24
64 80 64 80
61 84 61 64 71 84
21 66 21 59 66
0 51 0 13 49 51
13 82 13 60 82
80 81 80 81
27 83 27 29 70 72 78 81 83
8 82 8 28 82
23 77 23 37 52 67 77
72 82 72 82
12 48 12 24 32 48
36 66 36 66
27 89 27 52 89
5 50 5 25 35 41 50
23 25 23 25
2 80 2 9 32 53 80
36 57 36 43 44 55 57
21 73 21 26 55 67 73
31 52 31 43 52
67 72 67 72
6 47 6 30 34 47
10 81 10 30 48 52 67 72 78 80 81
5 52 5 36 43 52
55 67 55 67
38 85 38 60 82 85
27 54 27 34 45 54
3 59 3 14 42 51 59
18 73 18 22 43 47 67 73
17 32 17 32
40 65 40 42 62 63 65
41 86 41 53 72 86
5 62 5 36 37 40 42 62
18 79 18 20 79
2 88 2 13 14 34 46 77 88
45 54 45 54
0 71 0 10 48 52 71
17 46 17 25 38 42 46
0 44 0 17 25 35 43 44
13 76 13 64 69 76
25 56 25 35 56
10 48 10 34 48
17 74 17 29 37 51 64 68 74
12 39 12 24 30 39
0 75 0 10 48 75
24 47 24 34 47
1 84 1 2 18 21 42 57 72 78 84
13 63 13 36 43 44 55 57 63
16 48 16 27 34 48
5 84 5 52 78 84
40 70 40 42 70
2 80 2 23 66 78 80
2 26 2 18 20 26
6 31 6 31
42 76 42 64 69 76
27 60 27 29 43 44 51 60
14 83 14 25 62 72 78 81 83
27 46 27 34 38 42 46
2 13 2 13
9 13 9 13
34 67 34 48 54 67
66 83 66 83
28 37 28 37
30 45 30 34 45
36 55 36 55
9 73 9 20 73
47 74 47 61 64 68 74
57 74 57 74
29 75 29 43 44 51 58 61 75
41 80 41 50 60 66 78 80
7 68 7 40 68
28 62 28 37 40 42 62
49 66 49 51 60 66
20 45 20 30 34 45
0 72 0 24 30 54 67 72
6 78 6 44 53 72 78
4 23 4 13 16 23
47 77 47 77
6 35 6 15 21 26 28 35
85 88 85 88
6 67 6 27 52 67
67 87 67 72 87
0 57 0 27 32 44 55 57
0 44 0 27 34 44
14 64 14 31 39 58 64
27 44 27 32 44
26 39 26 28 35 39
9 31 9 16 31
3 15 3 15
43 68 43 64 68
47 64 47 61 64
24 83 24 81 83
35 89 35 63 80 83 89
13 16 13 16
8 57 8 41 57
60 80 60 66 78 80
43 52 43 52
25 70 25 33 37 40 42 70
18 49 18 21 26 28 49
21 38 21 26 38
34 86 34 59 64 80 83 86
23 28 23 28
83 88 83 88
48 68 48 61 64 68
39 58 39 58
10 72 10 52 67 72
35 78 35 56 78
28 46 28 35 39 46
27 58 27 44 55 58
38 82 38 70 72 82
75 83 75 78 81 83
35 43 35 43
37 48 37 48
32 47 32 47
1 82 1 82
12 68 12 17 51 59 64 68
4 58 4 8 28 41 49 51 58
35 64 35 56 64
17 69 17 20 55 58 68 69
50 59 50 51 59
27 63 27 29 36 37 40 42 62 63
77 88 77 88
21 78 21 26 75 78
30 69 30 44 64 68 69
33 76 33 39 76
3 79 3 9 24 32 44 79
4 33 4 8 9 13 14 19 33
11 48 11 21 26 28 37 48
27 86 27 52 64 71 83 86
16 25 16 23 25
10 52 10 24 27 52
40 84 40 78 84
71 86 71 83 86
24 88 24 32 53 72 87 88
5 77 5 6 24 50 59 77
9 37 9 24 29 36 37
70 82 70 71 82
21 89 21 40 60 66 77 89
29 57 29 37 40 42 57
41 76 41 50 59 69 76
23 58 23 32 44 55 58
28 63 28 35 63
60 81 60 66 78 80 81
33 61 33 39 58 61
8 89 8 28 49 72 78 84 89
42 46 42 46
49 68 49 51 59 64 68
19 47 19 21 26 28 35 43 47
12 27 12 24 27
0 67 0 45 55 67
9 21 9 13 14 19 21
27 72 27 58 67 72
12 60 12 45 50 60
58 84 58 61 64 71 84
43 70 43 70
57 80 57 78 80
45 84 45 54 75 78 84
58 73 58 67 73
15 65 15 21 42 51 59 65
17 33 17 33
17 32 17 32
17 25 17 25
35 76 35 39 69 76
26 74 26 68 74
12 73 12 27 34 47 67 73
12 73 12 47 67 73
3 29 3 27 29
59 81 59 64 80 81
5 19 5 7 14 19
14 78 14 70 72 78
12 33 12 17 25 33
11 47 11 35 43 47
15 40 15 22 33 37 40
15 54 15 21 26 28 37 48 54
32 83 32 66 78 81 83
2 72 2 70 72
30 85 30 48 54 72 78 85
12 75 12 24 27 44 55 58 61 75
51 60 51 60
38 80 38 70 72 78 80
84 89 84 89
6 77 6 77
49 84 49 72 78 84
10 60 10 34 44 51 60
66 77 66 77
63 88 63 83 86 88
7 19 7 14 19
1 25 1 2 9 13 16 23 25
11 57 11 33 39 57
12 77 12 17 60 66 77
15 26 15 26
20 58 20 26 38 42 51 58
25 54 25 33 37 48 54
18 34 18 20 30 34
38 41 38 41
35 85 35 82 85
36 88 36 59 66 78 85 88
0 71 0 43 70 71
31 81 31 56 62 72 78 80 81
1 80 1 19 33 51 59 64 80
5 44 5 44
26 56 26 28 35 56
35 89 35 56 62 63 83 89
3 52 3 37 52
52 64 52 64
21 58 21 58
8 68 8 34 47 61 64 68
4 68 4 13 24 29 36 37 51 64 68
63 80 63 80
52 86 52 64 71 83 86
26 80 26 80
1 13 1 13
10 34 10 30 34
2 14 2 9 13 14
2 23 2 9 13 16 23
22 37 22 25 33 37
31 89 31 43 47 67 72 78 81 83 89
14 25 14 25
10 72 10 24 55 58 67 72
57 86 57 78 81 83 86
22 66 22 60 66
1 70 1 3 9 24 27 34 38 70
8 30 8 13 16 24 30
38 53 38 41 53
13 25 13 16 23 25
40 89 40 72 78 80 81 83 89
41 50 41 50
11 58 11 58
26 88 26 28 35 43 75 80 81 83 86 88
11 34 11 20 30 34
2 46 2 31 39 46
30 72 30 50 51 58 67 72
28 60 28 37 51 60
33 86 33 39 58 78 81 83 86
28 40 28 37 40
2 30 2 9 16 24 30
6 73 6 17 32 48 52 67 73
15 60 15 30 34 45 50 51 60
2 56 2 56
11 58 11 20 55 58
32 54 32 48 54
13 82 13 24 43 64 68 74 82
2 32 2 18 20 32
62 87 62 72 87
84 88 84 88
27 44 27 44
23 43 23 25 35 43
10 62 10 30 34 38 42 62
29 74 29 43 62 74
42 88 42 57 83 86 88
60 84 60 66 78 84
2 71 2 23 25 61 64 71
59 68 59 64 68
43 58 43 44 55 58
17 42 17 25 38 42
45 65 45 63 65
74 85 74 82 85
69 87 69 87
19 63 19 62 63
16 73 16 23 55 58 73
26 44 26 28 35 43 44
25 82 25 38 42 51 60 66 71 82
31 89 31 56 64 81 83 89
12 39 12 26 28 35 39
51 77 51 58 77
1 72 1 72
33 61 33 49 51 58 61
6 82 6 27 44 61 75 82
3 17 3 9 17
9 62 9 20 40 42 62
49 81 49 72 78 80 81
24 30 24 30
13 83 13 48 79 83
36 37 36 37
70 89 70 71 83 89
24 29 24 29
7 65 7 29 37 49 51 59 65
43 65 43 44 51 59 65
36 57 36 37 40 42 57
37 72 37 40 72
7 36 7 29 36
4 85 4 85
59 71 59 66 71
24 85 24 30 39 60 66 78 85
20 80 20 59 66 78 80
10 85 10 24 71 82 85
11 30 11 20 30
9 70 9 16 28 37 40 42 70
29 80 29 80
1 54 1 2 13 48 54
27 81 27 44 79 81
10 60 10 30 34 38 60
30 51 30 34 44 51
0 78 0 17 32 47 61 75 78
23 46 23 25 40 42 46
11 70 11 33 37 40 42 70
8 21 8 9 13 14 19 21
60 83 60 66 78 80 83
9 44 9 24 34 44
10 34 10 24 27 34
6 41 6 21 26 38 41
14 88 14 34 44 84 88
31 63 31 43 62 63
3 64 3 9 16 28 49 51 59 64
4 68 4 56 64 68
57 81 57 78 81
44 55 44 55
38 60 38 60
10 81 10 52 64 81
12 61 12 32 58 61
16 78 16 40 78
34 72 34 47 67 72
12 88 12 66 78 80 83 88
56 68 56 64 68
27 73 27 44 73
6 86 6 16 40 60 66 71 83 86
5 64 5 37 59 64
1 27 1 13 24 27
18 45 18 22 34 45
15 87 15 30 54 67 72 87
38 80 38 41 79 80
12 88 12 24 55 79 86 88
15 85 15 58 85
24 37 24 27 29 36 37
13 59 13 14 34 45 54 59
23 33 23 25 33
0 59 0 45 50 51 59
40 85 40 72 78 85
2 46 2 18 20 30 39 46
28 41 28 41
24 80 24 43 62 72 78 80
51 81 51 60 66 78 81
43 46 43 46
5 67 5 37 40 51 67
19 20 19 20
19 42 19 21 26 40 42
10 52 10 24 32 48 52
47 67 47 67
0 67 0 17 25 33 37 51 58 67
44 61 44 61
13 44 13 24 43 44
55 75 55 61 75
18 28 18 20 26 28
36 84 36 59 66 78 84
25 80 25 38 60 66 78 80
6 70 6 37 40 42 70
43 69 43 44 51 58 64 69
43 87 43 77 87
33 86 33 72 78 80 83 86
3 37 3 9 13 14 28 37
4 69 4 23 25 40 68 69
2 30 2 14 30
24 52 24 30 48 52
35 80 35 72 78 80
57 83 57 72 78 80 81 83
25 39 25 33 39
28 41 28 35 41
5 6 5 6
40 67 40 42 51 58 67
1 68 1 3 15 21 59 64 68
3 23 3 16 23
30 53 30 41 53
55 74 55 57 74
26 88 26 67 77 87 88
6 57 6 16 31 39 57
24 43 24 29 36 43
70 72 70 72
27 89 27 34 44 79 83 89
13 34 13 20 30 34
27 70 27 70
18 46 18 20 40 42 46
21 80 21 58 64 80
1 25 1 3 16 23 25
45 64 45 50 51 64
53 83 53 80 83
4 48 4 13 28 37 48
32 72 32 47 67 72
58 67 58 67
21 37 21 26 28 37
13 48 13 26 28 37 48
2 30 2 18 20 30
8 34 8 13 16 27 34
19 33 19 33
4 16 4 8 9 16
20 60 20 26 40 60
9 86 9 50 51 60 66 83 86
30 72 30 34 67 72
22 41 22 34 38 41
8 73 8 34 44 51 67 73
14 25 14 25
4 26 4 13 14 19 21 26
21 63 21 42 62 63
33 62 33 62
60 82 60 66 71 82
14 40 14 19 21 26 40
13 85 13 64 68 74 85
1 37 1 2 33 37
10 34 10 30 34
6 67 6 31 43 47 67
29 76 29 36 60 69 76
12 45 12 17 20 30 34 45
24 72 24 50 51 67 72
37 69 37 48 52 64 68 69
17 20 17 20
79 89 79 84 89
48 54 48 54
6 76 6 44 51 59 69 76
7 64 7 29 36 59 64
28 50 28 35 41 50
14 89 14 70 81 83 89
22 68 22 59 64 68
16 38 16 23 25 38
17 55 17 55
17 81 17 70 81
37 89 37 84 89
6 40 6 21 40
8 40 8 13 16 28 37 40
18 35 18 22 25 35
32 69 32 58 64 69
23 38 23 25 38
26 39 26 28 35 39
21 89 21 26 38 41 67 77 89
37 66 37 59 66
23 35 23 25 35
47 76 47 61 64 69 76
14 34 14 30 34
43 64 43 64
34 48 34 48
6 54 6 15 21 26 28 37 48 54
60 76 60 69 76
40 80 40 72 78 80
24 85 24 27 53 72 78 85
15 79 15 26 38 41 79
33 49 33 49
41 63 41 57 63
3 17 3 9 17
13 46 13 24 27 29 37 40 42 46
20 60 20 32 51 60
39 69 39 60 69
38 57 38 41 57
26 80 26 38 41 78 80
6 18 6 18
10 30 10 24 30
6 73 6 16 29 36 50 51 58 73
32 74 32 47 61 64 68 74
30 84 30 53 84
59 81 59 64 81
54 88 54 72 82 85 88
23 42 23 25 40 42
30 76 30 50 60 69 76
61 80 61 75 78 80
3 75 3 51 58 61 75
13 81 13 48 79 81
21 28 21 26 28
64 81 64 81
33 63 33 62 63
17 33 17 33
12 33 12 17 25 33
60 84 60 66 71 84
20 39 20 26 28 35 39
5 52 5 25 35 43 52
30 80 30 53 80
31 88 31 43 77 87 88
7 40 7 28 37 40
36 43 36 43
3 9 3 9
42 89 42 62 72 78 80 83 89
21 71 21 42 64 71
61 64 61 64
86 88 86 88
50 60 50 51 60
59 84 59 66 78 84
19 81 19 33 51 67 72 78 80 81
29 76 29 36 48 52 64 69 76
11 74 11 35 39 58 64 68 74
26 85 26 38 41 57 82 85
10 47 10 24 32 47
8 41 8 13 20 26 28 41
5 72 5 7 62 72
6 71 6 27 58 64 71
16 53 16 31 43 44 53
8 50 8 41 50
36 80 36 50 59 64 80
8 51 8 41 50 51
51 58 51 58
10 89 10 60 66 71 83 89
45 81 45 57 72 78 80 81
29 76 29 37 51 64 69 76
22 60 22 31 39 60
0 33 0 13 14 25 33
59 76 59 69 76
72 81 72 78 81
6 87 6 54 72 87
60 83 60 66 83
9 71 9 20 66 71
60 78 60 66 78
0 72 0 47 67 72
44 78 44 55 57 78
1 35 1 13 28 35
1 36 1 13 16 29 36
24 59 24 54 59
50 69 50 51 58 61 64 69
9 29 9 17 29
23 74 23 55 61 64 68 74
35 67 35 43 47 67
18 72 18 72
58 68 58 61 64 68
22 44 22 43 44
28 85 28 35 56 78 85
32 52 32 48 52
23 38 23 25 38
25 37 25 33 37
49 78 49 72 78
48 84 48 79 84
54 86 54 59 66 83 86
29 48 29 48
29 60 29 36 43 44 51 60
28 41 28 41
55 77 55 67 77
6 32 6 16 23 32
6 47 6 27 34 47
26 65 26 28 41 65
0 46 0 20 39 46
1 89 1 19 20 59 89
58 80 58 61 75 80
25 37 25 33 37
24 43 24 29 43
0 13 0 13
75 89 75 78 81 83 89
23 35 23 35
60 87 60 66 77 87
34 50 34 45 50
23 44 23 32 44
58 87 58 87
10 45 10 24 27 34 45
24 75 24 29 48 61 75
35 64 35 59 64
45 55 45 55
11 70 11 35 41 70
43 80 43 52 64 80
39 75 39 58 61 75
24 55 24 32 44 55
24 66 24 29 36 59 66
37 40 37 40
3 24 3 9 24
45 84 45 52 71 84
72 82 72 82
19 20 19 20
2 18 2 18
61 83 61 64 80 83
3 24 3 9 24
6 30 6 15 30
17 70 17 70
37 78 37 48 72 78
28 73 28 58 67 73
33 89 33 78 80 83 89
4 78 4 56 78
36 51 36 50 51
23 67 23 37 49 51 58 67
40 64 40 51 59 64
51 89 51 58 67 72 78 81 83 89
20 49 20 26 38 41 49
2 53 2 18 22 31 43 44 53
5 75 5 37 51 58 61 75
12 70 12 27 29 36 43 70
28 63 28 35 39 57 63
26 79 26 55 79
67 72 67 72
24 47 24 43 47
40 71 40 42 51 58 64 71
13 59 13 26 38 42 51 59
38 79 38 41 79
8 73 8 13 48 52 67 73
32 83 32 66 78 80 83
13 44 13 29 36 43 44
20 75 20 40 42 51 58 61 75
5 73 5 36 37 48 52 67 73
33 39 33 39
2 72 2 31 56 62 72
11 71 11 21 40 64 71
52 74 52 64 68 74
51 89 51 59 77 89
34 67 34 38 41 50 51 58 67
83 86 83 86
5 18 5 6 18
4 88 4 13 74 85 88
22 56 22 25 35 56
60 76 60 69 76
7 41 7 28 35 41
72 88 72 88
27 86 27 32 48 72 86
45 78 45 67 72 78
33 82 33 37 52 71 82
18 54 18 22 33 37 48 54
17 83 17 29 81 83
5 61 5 6 27 29 43 47 61
10 17 10 17
28 69 28 35 59 69
27 32 27 32
8 17 8 9 17
38 79 38 41 79
50 81 50 60 66 78 80 81
12 40 12 29 36 37 40
18 89 18 72 78 81 83 89
28 60 28 41 49 51 60
2 25 2 14 25
66 71 66 71
8 51 8 40 51
63 81 63 80 81
15 51 15 26 40 42 51
14 60 14 25 40 60
59 86 59 66 71 83 86
58 77 58 77
0 57 0 43 44 55 57
79 84 79 84
8 82 8 41 59 66 71 82
58 75 58 61 75
38 53 38 41 53
33 37 33 37
14 42 14 30 34 38 42
33 37 33 37
5 7 5 7
2 70 2 18 21 42 70
21 55 21 26 55
15 44 15 21 26 28 35 43 44
19 52 19 43 52
17 70 17 20 26 38 70
5 32 5 7 27 32
45 77 45 54 67 77
8 66 8 41 66
20 55 20 32 44 55
14 57 14 19 20 30 39 57
43 70 43 70
6 54 6 54
10 37 10 17 33 37
50 71 50 51 58 64 71
52 74 52 64 68 74
2 69 2 23 25 33 52 64 69
70 81 70 72 78 80 81
18 44 18 34 44
8 52 8 28 35 43 52
33 89 33 72 78 84 89
37 40 37 40
40 70 40 42 70
3 17 3 9 17
48 52 48 52
26 42 26 28 37 40 42
54 72 54 72
68 88 68 74 85 88
43 59 43 44 51 59
11 89 11 33 61 64 81 83 89
10 17 10 17
2 42 2 18 21 42
41 65 41 50 59 65
40 42 40 42
12 60 12 26 42 51 60
18 59 18 59
60 88 60 69 88
32 81 32 58 61 64 80 81
8 60 8 41 50 51 60
81 88 81 83 86 88
44 69 44 64 69
1 9 1 3 9
33 39 33 39
13 16 13 16
14 31 14 31
34 69 34 38 41 59 64 68 69
0 57 0 27 44 55 57
10 75 10 17 32 58 61 75
9 71 9 16 28 64 71
37 52 37 52
18 38 18 34 38
5 43 5 7 27 29 43
78 84 78 84
4 26 4 8 13 26
24 72 24 55 58 67 72
15 58 15 26 28 35 43 44 55 58
48 79 48 79
27 76 27 29 36 48 61 64 68 69 76
35 72 35 72
43 64 43 44 61 64
62 74 62 74
53 83 53 80 83
15 52 15 26 28 37 52
31 39 31 39
18 58 18 20 39 58
80 81 80 81
28 60 28 37 51 60
49 77 49 51 59 66 77
21 66 21 59 66
27 75 27 32 58 61 75
39 67 39 58 67
31 83 31 39 58 64 81 83
22 81 22 25 57 72 78 80 81
0 24 0 10 24
1 30 1 7 15 30
51 80 51 58 61 64 80
43 44 43 44
5 89 5 6 21 42 51 64 80 81 83 89
40 82 40 68 74 82
35 59 35 43 44 51 59
18 71 18 20 56 64 71
8 68 8 34 45 52 64 68
19 73 19 38 41 67 73
23 40 23 37 40
13 72 13 72
24 78 24 30 39 57 78
22 81 22 33 62 63 80 81
19 44 19 43 44
46 88 46 77 88
21 35 21 26 28 35
11 56 11 20 26 28 35 56
22 73 22 34 47 67 73
50 61 50 51 58 61
25 60 25 33 51 60
25 85 25 35 56 78 85
13 29 13 29
40 67 40 51 67
21 73 21 40 51 67 73
66 88 66 77 87 88
20 75 20 30 54 75
4 9 4 8 9
1 32 1 7 14 19 20 32
42 70 42 70
50 59 50 59
7 27 7 27
13 49 13 49
21 64 21 58 64
35 88 35 59 71 82 85 88
34 47 34 47
37 60 37 40 51 60
0 79 0 13 16 38 41 79
18 74 18 21 42 64 68 74
62 74 62 74
30 69 30 34 44 55 58 61 64 68 69
44 69 44 61 64 68 69
9 40 9 16 24 27 29 36 37 40
18 45 18 22 34 45
33 80 33 49 72 78 80
17 42 17 20 40 42
28 81 28 58 64 81
23 75 23 49 51 58 61 75
64 69 64 69
21 43 21 26 28 35 43
11 47 11 20 26 28 35 43 47
24 75 24 34 44 61 75
6 42 6 16 24 30 34 38 42
34 61 34 47 61
61 84 61 75 78 84
11 82 11 58 61 64 68 74 82
37 61 37 40 42 51 58 61
8 51 8 40 51
41 88 41 79 88
29 37 29 37
0 27 0 13 24 27
9 44 9 20 32 44
11 20 11 20
9 55 9 17 55
1 37 1 13 24 29 36 37
40 64 40 64
17 25 17 25
66 80 66 78 80
9 57 9 57
22 25 22 25
13 66 13 20 40 51 60 66
36 71 36 59 66 71
17 60 17 20 26 28 35 39 60
44 53 44 53
45 54 45 54
12 84 12 26 67 72 78 84
27 36 27 29 36
20 75 20 40 51 58 61 75
54 72 54 67 72
15 22 15 22
32 51 32 44 51
4 58 4 49 51 58
27 76 27 44 51 58 61 64 69 76
58 89 58 67 72 78 81 83 89
7 47 7 32 47
7 32 7 32
54 71 54 59 71
23 57 23 32 44 55 57
6 40 6 21 40
1 61 1 49 51 58 61
33 40 33 37 40
19 79 19 38 41 79
11 61 11 20 55 58 61
13 83 13 28 41 70 72 78 80 81 83
40 85 40 82 85
35 70 35 43 70
25 40 25 40
4 54 4 13 16 27 29 37 48 54
42 64 42 51 58 61 64
56 82 56 62 72 82
62 89 62 72 78 84 89
10 28 10 17 20 26 28
41 63 41 57 63
1 80 1 39 60 66 78 80
67 82 67 82
10 86 10 30 50 51 80 83 86
60 87 60 66 77 87
37 59 37 48 54 59
16 80 16 27 32 48 52 80
23 32 23 32
48 59 48 54 59
29 72 29 43 62 72
10 50 10 17 20 30 50
41 65 41 59 65
4 46 4 8 34 38 42 46
8 34 8 9 16 27 34
42 73 42 51 58 73
75 80 75 78 80
19 42 19 38 42
0 47 0 20 32 47
11 45 11 20 30 34 45
2 41 2 13 24 27 34 38 41
2 52 2 13 28 35 43 52
26 79 26 28 41 79
45 79 45 55 79
28 78 28 49 51 60 66 78
5 69 5 61 64 69
11 63 11 35 43 62 63
4 40 4 23 37 40
19 52 19 33 37 48 52
0 40 0 27 29 36 37 40
35 63 35 56 62 63
63 86 63 83 86
37 89 37 51 89
40 51 40 42 51
18 46 18 22 33 39 46
57 82 57 74 82
18 89 18 72 78 81 83 89
4 88 4 82 85 88
41 58 41 49 51 58
33 58 33 39 58
56 84 56 62 72 78 84
11 48 11 20 26 28 37 48
15 65 15 30 65
34 67 34 38 42 51 58 67
19 46 19 38 42 46
21 80 21 40 63 80
28 87 28 58 61 64 68 69 87
12 84 12 57 78 84
84 89 84 89
1 53 1 26 28 35 43 44 53
36 58 36 55 58
30 68 30 68
64 80 64 80
14 60 14 31 39 60
7 29 7 29
16 65 16 44 55 57 65
47 83 47 61 75 83
0 89 0 47 83 89
11 58 11 58
43 58 43 44 55 58
44 79 44 55 79
0 45 0 13 14 19 20 30 34 45
7 42 7 14 25 40 42
54 71 54 59 66 71
20 50 20 30 41 50
20 73 20 30 41 50 51 58 73
52 68 52 64 68
20 39 20 39
0 61 0 43 47 61
18 69 18 59 69
15 75 15 22 43 47 75
14 25 14 25
11 56 11 21 26 28 35 56
22 68 22 34 44 51 64 68
22 25 22 25
14 33 14 19 33
3 52 3 21 26 28 37 52
79 86 79 80 83 86
25 35 25 35
15 65 15 22 25 40 51 59 65
37 60 37 51 60
71 82 71 82
35 79 35 43 44 79
11 47 11 20 32 47
25 37 25 33 37
27 37 27 29 36 37
7 22 7 15 22
17 69 17 25 38 42 51 60 69
27 60 27 34 44 51 60
26 72 26 38 41 72
11 47 11 21 26 28 35 43 47
8 16 8 9 16
28 55 28 35 43 44 55
10 70 10 34 38 70
10 40 10 17 29 36 37 40
43 64 43 64
56 84 56 62 72 78 84
23 65 23 35 65
15 46 15 30 34 46
9 78 9 57 72 78
0 86 0 17 81 83 86
11 41 11 35 41
0 44 0 27 29 36 43 44
9 55 9 13 26 28 35 43 44 55
21 63 21 42 57 63
48 79 48 79
23 55 23 25 35 43 44 55
14 77 14 25 35 39 58 77
12 75 12 29 37 49 51 58 61 75
44 51 44 51
70 84 70 72 78 84
51 89 51 59 77 89
6 77 6 54 59 77
27 58 27 34 38 42 51 58
23 66 23 37 40 42 51 60 66
22 64 22 25 40 64
32 66 32 66
7 68 7 29 48 54 59 64 68
40 51 40 42 51
58 76 58 68 69 76
19 81 19 62 63 80 81
23 33 23 25 33
20 59 20 40 42 51 59
28 69 28 64 69
21 89 21 26 42 46 77 89
25 60 25 33 37 49 51 60
10 86 10 44 61 75 80 83 86
12 37 12 24 29 36 37
34 46 34 46
63 82 63 82
29 69 29 37 52 64 68 69
11 77 11 21 58 77
3 45 3 27 34 45
10 30 10 24 30
70 71 70 71
20 30 20 30
28 85 28 41 63 82 85
31 87 31 39 46 77 87
13 46 13 36 37 40 42 46
42 87 42 62 72 87
60 84 60 66 78 84
18 22 18 22
5 79 5 25 38 41 79
2 32 2 13 16 24 32
26 38 26 38
15 75 15 21 58 61 75
11 63 11 33 37 40 63
13 77 13 46 77
32 75 32 48 61 75
25 75 25 40 42 51 58 61 75
2 37 2 18 22 33 37
1 48 1 19 20 30 34 48
14 25 14 25
57 65 57 63 65
12 70 12 17 25 40 42 70
54 88 54 78 80 83 86 88
1 35 1 2 18 20 26 28 35
42 73 42 51 58 67 73
28 64 28 58 64
8 63 8 62 63
72 81 72 78 81
2 67 2 14 19 43 52 67
49 74 49 51 58 64 68 74
48 73 48 52 67 73
3 89 3 14 77 89
5 26 5 6 18 20 26
11 33 11 33
27 37 27 29 37
15 70 15 26 42 70
0 82 0 45 50 51 67 82
1 84 1 19 33 78 84
34 38 34 38
21 65 21 26 28 35 65
14 19 14 19
3 44 3 15 22 34 44
63 80 63 80
25 39 25 35 39
45 79 45 55 79
18 21 18 21
50 60 50 51 60
35 64 35 39 58 64
22 57 22 33 37 40 42 57
48 83 48 79 83
40 84 40 51 60 66 71 84
2 49 2 14 34 38 41 49
54 83 54 67 72 78 81 83
71 82 71 82
28 69 28 41 59 69
10 44 10 30 44
0 67 0 45 50 51 58 67
10 75 10 17 55 61 75
60 86 60 66 71 83 86
42 68 42 51 58 61 64 68
43 47 43 47
19 82 19 21 40 68 74 82
27 82 27 44 53 72 82
41 53 41 53
23 25 23 25
32 72 32 58 67 72
44 72 44 55 67 72
7 68 7 49 51 64 68
2 39 2 9 20 30 39
55 61 55 58 61
43 52 43 52
7 26 7 15 21 26
2 59 2 13 36 43 44 51 59
12 37 12 29 37
31 81 31 56 62 72 78 80 81
40 73 40 42 51 58 73
26 86 26 80 81 83 86
19 62 19 33 62
38 77 38 60 66 77
18 48 18 22 34 48
39 87 39 58 64 87
33 77 33 39 60 66 77
29 43 29 36 43
18 49 18 34 38 41 49
11 82 11 33 67 72 82
18 26 18 21 26
9 69 9 16 38 42 51 58 61 64 68 69
42 46 42 46
24 58 24 29 36 37 49 51 58
3 20 3 9 13 14 19 20
8 58 8 13 14 25 40 42 51 58
20 87 20 77 87
26 68 26 68
2 41 2 9 20 26 38 41
15 26 15 21 26
15 75 15 21 58 61 75
61 88 61 64 86 88
33 73 33 51 67 73
35 61 35 39 58 61
6 62 6 21 42 62
23 39 23 28 35 39
7 89 7 15 58 64 81 83 89
12 29 12 27 29
59 83 59 64 71 83
49 69 49 69
20 73 20 39 58 73
36 59 36 50 59
6 57 6 27 34 45 55 57
21 37 21 26 28 37
28 42 28 37 40 42
51 66 51 60 66
25 68 25 61 64 68
48 73 48 52 67 73
4 8 4 8
59 86 59 71 83 86
80 89 80 81 83 89
28 64 28 35 56 64
5 18 5 6 18
9 66 9 20 32 51 59 66
34 47 34 47
43 47 43 47
29 49 29 36 37 49
5 6 5 6
3 82 3 15 58 64 71 82
7 57 7 33 37 40 42 57
21 66 21 42 51 60 66
70 71 70 71
5 26 5 7 15 26
28 82 28 35 41 72 82
20 67 20 32 51 58 67
25 61 25 61
27 50 27 34 45 50
13 82 13 74 82
25 81 25 62 72 78 81
20 64 20 56 64
50 84 50 51 60 66 71 84
74 88 74 85 88
19 46 19 21 26 38 42 46
4 86 4 49 51 86
5 49 5 6 18 22 34 38 41 49
35 80 35 72 78 80
41 63 41 63
19 45 19 20 30 34 45
9 50 9 50
29 63 29 43 44 55 57 63
36 71 36 48 54 71
35 43 35 43
19 20 19 20
35 63 35 63
11 87 11 77 87
35 89 35 39 60 66 77 89
4 82 4 23 44 64 82
44 75 44 51 58 61 75
42 70 42 70
17 20 17 20
12 77 12 66 77
20 55 20 30 44 55
50 51 50 51
1 40 1 26 28 37 40
22 56 22 25 35 56
20 79 20 30 44 55 79
23 39 23 25 35 39
60 69 60 69
38 69 38 60 69
62 72 62 72
8 52 8 13 26 28 35 43 52
10 39 10 24 30 39
24 67 24 55 67
37 63 37 40 63
11 33 11 33
32 66 32 44 51 60 66
23 75 23 49 51 58 61 75
11 87 11 59 64 69 87
5 77 5 52 67 77
17 28 17 20 26 28
3 51 3 27 32 51
18 28 18 21 26 28
80 81 80 81
2 37 2 13 16 27 29 37
19 63 19 62 63
34 72 34 44 53 72
29 74 29 43 62 74
38 42 38 42
66 71 66 71
19 40 19 20 40
10 61 10 34 45 50 51 58 61
10 81 10 34 59 66 78 81
2 59 2 13 20 59
55 74 55 61 64 68 74
14 19 14 19
20 32 20 32
10 47 10 30 34 47
49 88 49 69 88
5 62 5 25 33 37 40 42 62
33 70 33 37 40 42 70
16 68 16 44 51 59 64 68
11 47 11 35 43 47
37 66 37 48 54 59 66
28 66 28 37 49 51 59 66
6 18 6 18
84 88 84 88
51 67 51 58 67
4 8 4 8
87 88 87 88
34 73 34 38 41 50 51 67 73
27 53 27 44 53
45 64 45 50 59 64
56 82 56 82
14 28 14 28
20 59 20 40 51 59
30 72 30 41 53 72
34 65 34 65
83 88 83 86 88
55 79 55 79
1 19 1 2 9 13 14 19
2 63 2 13 14 28 41 57 63
10 69 10 17 29 43 44 64 69
4 17 4 8 9 17
52 69 52 64 68 69
22 66 22 25 35 43 44 51 60 66
24 78 24 54 67 72 78
58 64 58 61 64
15 79 15 26 38 41 79
31 39 31 39
30 46 30 34 38 42 46
12 60 12 32 51 60
24 78 24 30 53 72 78
7 78 7 57 72 78
39 71 39 58 64 71
23 66 23 28 49 51 59 66
37 48 37 48
31 43 31 43
8 85 8 9 57 63 82 85
44 67 44 51 58 67
48 84 48 52 67 72 78 84
64 88 64 69 87 88
33 89 33 39 58 67 72 78 81 83 89
59 69 59 69
48 84 48 72 78 84
31 86 31 56 64 71 83 86
32 53 32 44 53
11 45 11 20 30 34 45
15 58 15 22 25 33 49 51 58
59 80 59 66 78 80
18 83 18 59 71 83
51 81 51 64 81
12 24 12 24
18 53 18 34 44 53
22 68 22 31 68
9 49 9 17 25 38 41 49
15 75 15 26 55 61 75
26 52 26 28 37 52
12 48 12 37 48
35 39 35 39
9 71 9 16 44 51 58 64 71
13 36 13 16 24 27 29 36
42 88 42 51 58 85 88
14 52 14 30 48 52
35 78 35 39 57 72 78
7 78 7 42 51 67 72 78
21 39 21 26 28 35 39
30 84 30 53 72 78 84
44 68 44 61 64 68
35 64 35 39 58 61 64
39 71 39 58 61 64 71
19 81 19 21 40 72 78 81
17 60 17 33 39 60
26 39 26 28 35 39
25 57 25 35 43 44 55 57
37 66 37 59 66
10 63 10 63
61 83 61 64 80 83
44 67 44 51 67
23 68 23 37 52 64 68
62 78 62 72 78
35 65 35 63 65
7 29 7 29
3 51 3 21 40 42 51
2 71 2 18 21 26 55 58 61 64 71
29 43 29 36 43
25 37 25 33 37
2 14 2 14
1 67 1 39 58 67
15 46 15 26 28 46
36 69 36 59 69
7 67 7 32 48 54 67
55 86 55 61 64 86
49 69 49 69
48 88 48 52 83 88
54 65 54 59 65
20 66 20 59 66
13 54 13 26 28 37 48 54
33 39 33 39
25 89 25 62 63 83 89
21 46 21 26 40 42 46
2 62 2 14 19 56 62
72 78 72 78
11 65 11 21 59 65
13 64 13 14 59 64
16 38 16 38
20 64 20 39 58 64
39 77 39 46 77
13 49 13 28 37 49
30 34 30 34
27 78 27 44 61 75 78
49 64 49 51 58 64
32 58 32 44 51 58
5 26 5 7 14 19 20 26
8 55 8 9 13 20 26 28 35 43 44 55
37 81 37 59 64 81
72 89 72 78 84 89
20 79 20 30 48 79
6 62 6 27 34 38 42 62
59 69 59 64 69
79 86 79 81 83 86
41 88 41 67 72 87 88
41 72 41 49 72
8 9 8 9
13 66 13 29 43 44 51 59 66
2 88 2 60 69 87 88
60 89 60 66 78 80 81 83 89
42 76 42 51 59 69 76
27 89 27 32 58 67 77 89
24 89 24 30 39 57 80 81 83 89
31 52 31 43 52
33 52 33 37 48 52
61 75 61 75
53 86 53 80 83 86
5 54 5 25 33 37 48 54
36 43 36 43
9 24 9 16 24
10 48 10 30 48
25 89 25 40 89
6 60 6 27 44 51 60
59 89 59 77 89
19 46 19 21 42 46
2 67 2 13 28 58 67
37 87 37 72 87
56 87 56 64 69 87
0 13 0 13
51 59 51 59
23 66 23 37 49 51 59 66
26 59 26 40 42 51 59
12 26 12 26
51 87 51 64 69 87
42 68 42 51 64 68
15 61 15 30 48 61
0 78 0 57 72 78
42 61 42 51 58 61
17 60 17 51 60
1 55 1 2 18 20 32 44 55
37 46 37 40 42 46
8 43 8 13 36 43
1 34 1 19 20 30 34
13 83 13 36 59 71 83
4 89 4 30 39 46 77 89
3 26 3 9 20 26
53 81 53 80 81
29 75 29 36 50 51 58 61 75
9 21 9 13 14 19 21
13 66 13 48 54 59 66
11 56 11 35 56
34 72 34 44 55 57 72
26 85 26 28 37 72 82 85
62 87 62 72 87
7 85 7 57 74 85
6 16 6 16
0 59 0 59
23 53 23 35 41 53
16 38 16 38
49 66 49 51 60 66
12 77 12 47 67 77
28 82 28 82
30 48 30 34 48
8 13 8 13
43 85 43 70 72 78 85
67 82 67 72 82
44 88 44 53 84 88
10 24 10 24
24 37 24 29 37
21 80 21 42 62 63 80
32 81 32 66 78 80 81
43 89 43 64 80 81 83 89
13 27 13 16 24 27
23 39 23 25 35 39
9 20 9 17 20
19 65 19 20 32 44 51 59 65
29 76 29 48 54 59 64 69 76
63 88 63 88
9 49 9 20 30 41 49
12 75 12 45 54 75
27 76 27 44 61 64 69 76
25 40 25 33 37 40
0 79 0 43 44 55 79
13 83 13 72 78 80 83
52 71 52 64 71
48 71 48 52 71
38 78 38 60 66 78
71 86 71 83 86
22 83 22 31 56 62 72 78 80 83
53 82 53 72 82
13 84 13 49 72 78 84
14 78 14 28 58 67 72 78
39 71 39 58 64 71
4 21 4 13 14 19 21
7 68 7 39 58 64 68
7 84 7 15 58 67 72 78 84
56 87 56 64 87
19 41 19 38 41
24 75 24 30 39 58 61 75
24 30 24 30
4 77 4 77
34 88 34 46 77 87 88
2 17 2 9 17
45 81 45 63 80 81
2 18 2 18
67 88 67 72 87 88
5 23 5 6 16 23
19 42 19 33 37 40 42
28 50 28 35 41 50
39 57 39 57
41 70 41 70
36 76 36 37 40 64 69 76
60 83 60 66 78 80 81 83
19 85 19 33 61 64 71 82 85
0 82 0 24 30 48 75 82
45 55 45 55
44 55 44 55
27 34 27 34
0 40 0 27 29 36 37 40
36 51 36 43 44 51
0 86 0 13 20 26 80 81 83 86
3 42 3 27 29 36 37 40 42
40 86 40 64 81 83 86
67 87 67 72 87
29 43 29 36 43
3 15 3 15
11 88 11 58 78 85 88
3 24 3 16 24
33 40 33 37 40
23 87 23 77 87
3 65 3 30 54 59 65
45 57 45 57
30 46 30 34 46
16 28 16 28
9 85 9 32 66 78 85
45 84 45 54 72 78 84
13 88 13 49 51 59 86 88
22 54 22 33 37 48 54
6 29 6 17 29
57 88 57 63 82 85 88
24 69 24 50 60 69
19 82 19 33 61 75 82
16 44 16 44
1 35 1 19 21 26 28 35
43 59 43 44 51 59
12 45 12 45
1 3 1 3
24 30 24 30
1 69 1 39 58 61 64 69
11 88 11 58 78 84 88
36 84 36 66 78 84
9 37 9 24 27 29 36 37
1 34 1 2 18 34
30 86 30 54 72 86
13 29 13 16 29
15 75 15 21 26 40 51 58 61 75
48 81 48 54 81
34 45 34 45
27 66 27 34 48 54 59 66
2 55 2 18 34 44 55
6 63 6 40 42 62 63
47 76 47 61 64 69 76
16 80 16 44 55 61 64 80
4 30 4 8 9 20 30
12 24 12 24
6 45 6 24 34 45
32 51 32 44 51
31 89 31 89
7 29 7 27 29
7 15 7 15
12 60 12 29 36 60
13 63 13 20 39 57 63
24 69 24 29 36 48 61 64 68 69
31 39 31 39
57 78 57 72 78
45 73 45 50 51 67 73
52 88 52 86 88
23 40 23 28 37 40
4 49 4 8 34 38 41 49
33 59 33 51 59
1 53 1 13 28 35 43 44 53
38 78 38 42 70 72 78
42 73 42 51 58 67 73
14 30 14 19 20 30
4 28 4 23 28
60 81 60 66 78 80 81
15 66 15 30 48 54 59 66
70 81 70 72 78 80 81
0 57 0 20 39 57
23 78 23 66 78
3 57 3 30 39 57
9 83 9 24 83
2 29 2 9 24 29
35 56 35 56
14 67 14 30 39 58 67
43 79 43 44 79
2 80 2 18 20 66 78 80
25 87 25 40 60 66 77 87
58 86 58 78 81 83 86
7 67 7 43 47 67
6 73 6 16 23 37 51 58 73
33 61 33 37 51 58 61
7 76 7 32 48 61 64 69 76
15 66 15 26 28 49 51 60 66
18 86 18 22 43 47 80 83 86
37 72 37 72
26 43 26 28 35 43
18 73 18 20 30 41 67 73
13 66 13 14 34 45 54 59 66
59 82 59 71 82
7 40 7 15 26 40
67 77 67 77
4 78 4 56 62 72 78
23 25 23 25
59 71 59 66 71
31 81 31 39 60 66 78 80 81
34 59 34 45 50 59
60 81 60 66 78 81
10 40 10 17 25 40
4 28 4 13 16 23 28
27 52 27 52
1 55 1 7 29 36 43 44 55
35 76 35 39 76
2 13 2 9 13
8 83 8 58 67 72 78 81 83
22 62 22 62
9 49 9 16 35 41 49
7 43 7 27 29 43
57 89 57 63 80 83 89
1 50 1 2 9 20 26 38 41 50
60 77 60 66 77
60 77 60 66 77
37 81 37 72 78 80 81
25 89 25 89
30 85 30 53 72 82 85
16 27 16 27
39 65 39 65
37 72 37 48 52 67 72
14 40 14 19 20 40
45 65 45 50 51 59 65
0 20 0 10 17 20
33 42 33 37 40 42
13 88 13 29 48 79 81 83 86 88
22 66 22 33 49 51 59 66
9 73 9 16 35 41 50 51 67 73
2 42 2 9 24 27 34 38 42
25 79 25 33 37 48 79
3 71 3 37 51 64 71
77 87 77 87
33 61 33 61
7 40 7 15 22 33 37 40
32 80 32 53 80
17 20 17 20
17 66 17 29 48 54 59 66
31 58 31 39 58
1 44 1 13 36 43 44
3 82 3 16 68 74 82
19 82 19 43 64 71 82
7 45 7 15 30 34 45
20 35 20 26 28 35
72 81 72 78 80 81
23 47 23 25 35 43 47
17 44 17 29 43 44
39 65 39 57 65
21 71 21 40 51 58 64 71
15 55 15 22 43 44 55
18 73 18 20 30 39 58 73
8 88 8 88
40 57 40 42 57
5 23 5 6 16 23
18 62 18 20 40 42 62
45 63 45 63
25 33 25 33
43 47 43 47
45 77 45 77
1 84 1 58 64 71 84
42 84 42 64 71 84
18 65 18 21 26 38 65
25 67 25 35 43 47 67
31 79 31 43 44 55 79
24 43 24 27 29 36 43
17 52 17 29 36 48 52
20 59 20 59
36 57 36 55 57
12 27 12 24 27
5 36 5 7 29 36
45 67 45 55 58 67
45 57 45 57
18 69 18 20 40 51 58 68 69
64 86 64 80 81 83 86
28 77 28 41 49 51 58 77
6 86 6 44 55 61 64 81 83 86
25 80 25 35 41 57 80
6 17 6 17
18 62 18 20 56 62
12 88 12 17 20 39 46 77 87 88
72 89 72 78 81 83 89
47 61 47 61
6 80 6 16 31 43 47 61 75 78 80
2 84 2 9 17 55 57 78 84
10 70 10 34 38 42 70
71 82 71 82
20 80 20 30 34 48 72 78 80
16 86 16 23 78 80 83 86
35 79 35 41 79
50 71 50 60 66 71
41 57 41 57
38 64 38 41 59 64
61 74 61 64 68 74
41 80 41 57 63 80
51 87 51 60 69 87
24 82 24 71 82
44 61 44 55 58 61
17 25 17 25
17 89 17 25 35 89
41 61 41 50 51 58 61
18 35 18 22 25 35
30 34 30 34
16 76 16 31 43 52 64 68 69 76
29 40 29 36 37 40
3 79 3 37 48 79
48 75 48 54 75
24 67 24 30 50 51 67
4 28 4 23 28
60 88 60 66 77 87 88
50 84 50 51 59 71 84
34 38 34 38
80 86 80 81 83 86
21 40 21 40
13 73 13 16 35 39 58 73
9 24 9 13 16 24
58 85 58 68 74 85
18 79 18 21 26 55 79
5 80 5 25 40 64 80
2 33 2 23 25 33
34 88 34 59 64 87 88
37 52 37 52
30 54 30 48 54
29 60 29 37 40 42 51 60
45 65 45 55 63 65
37 40 37 40
69 88 69 88
23 54 23 25 33 37 48 54
85 88 85 88
43 70 43 70
16 43 16 31 43
14 75 14 19 20 32 47 75
57 74 57 74
25 66 25 40 60 66
12 64 12 17 33 51 58 61 64
28 85 28 37 51 67 82 85
0 89 0 52 71 83 89
18 65 18 20 59 65
4 56 4 56
78 80 78 80
13 74 13 64 68 74
24 78 24 27 53 72 78
3 76 3 37 48 52 64 69 76
48 81 48 75 78 80 81
20 52 20 30 48 52
26 57 26 40 42 57
10 44 10 30 34 44
16 76 16 28 58 64 68 69 76
4 30 4 30
36 55 36 55
55 77 55 58 77
80 88 80 81 83 86 88
12 77 12 32 51 59 66 77
10 84 10 52 71 84
24 82 24 30 44 55 61 64 71 82
22 37 22 25 33 37
72 85 72 78 85
15 22 15 22
16 61 16 23 44 51 58 61
52 69 52 64 69
0 49 0 24 34 38 41 49
28 70 28 41 70
43 69 43 44 51 59 69
48 59 48 54 59
5 26 5 6 17 20 26
49 66 49 51 59 66
21 35 21 26 28 35
24 43 24 29 43
74 85 74 85
18 82 18 59 71 82
41 51 41 50 51
8 68 8 9 20 30 68
20 66 20 59 66
19 50 19 21 26 28 35 41 50
23 65 23 55 63 65
2 60 2 23 35 41 49 51 60
14 76 14 19 20 40 68 69 76
14 21 14 19 21
12 58 12 29 37 49 51 58
5 59 5 6 30 54 59
75 80 75 80
48 84 48 61 75 78 84
7 56 7 56
25 68 25 35 59 64 68
63 80 63 80
27 50 27 29 36 50
18 58 18 34 38 42 51 58
6 76 6 27 58 61 64 69 76
16 48 16 29 36 48
2 82 2 82
39 73 39 58 73
19 56 19 56
28 49 28 37 49
39 88 39 60 82 85 88
52 67 52 67
36 55 36 43 44 55
8 40 8 13 20 26 40
14 37 14 28 37
12 71 12 45 54 71
9 82 9 60 66 71 82
17 63 17 25 38 63
25 51 25 33 49 51
1 39 1 26 28 35 39
30 55 30 34 44 55
34 66 34 38 41 49 51 59 66
9 26 9 17 20 26
29 63 29 36 43 62 63
36 82 36 55 63 82
28 70 28 37 40 42 70
11 61 11 35 39 58 61
34 59 34 48 54 59
15 45 15 30 34 45
38 80 38 70 72 78 80
3 72 3 14 70 72
66 77 66 77
61 89 61 75 78 84 89
49 67 49 51 67
58 68 58 64 68
25 85 25 38 41 72 78 85
2 55 2 23 44 55
51 81 51 67 72 78 80 81
48 71 48 54 71
3 44 3 16 24 43 44
35 72 35 43 47 67 72
0 10 0 10
64 68 64 68
56 78 56 62 72 78
38 42 38 42
11 62 11 33 37 40 42 62
72 88 72 87 88
35 63 35 43 62 63
43 79 43 44 55 79
24 34 24 27 34
26 59 26 40 42 51 59
14 52 14 28 35 43 52
52 78 52 67 72 78
35 66 35 43 44 51 60 66
5 81 5 81
17 38 17 25 38
35 65 35 56 62 65
36 84 36 50 51 67 72 78 84
4 46 4 23 37 40 42 46
9 52 9 16 23 28 37 48 52
21 80 21 40 64 80
32 86 32 53 72 86
80 81 80 81
15 55 15 21 26 28 35 43 44 55
29 80 29 37 40 42 70 72 78 80
10 79 10 34 48 79
6 86 6 15 26 67 72 78 80 83 86
55 82 55 57 82
5 7 5 7
44 85 44 51 60 82 85
23 87 23 32 51 67 72 87
57 83 57 80 83
37 84 37 40 72 78 84
43 65 43 62 63 65
5 19 5 7 14 19
0 74 0 47 61 64 68 74
41 89 41 53 77 89
22 86 22 62 63 80 81 83 86
17 80 17 20 56 62 63 80
43 65 43 62 65
41 70 41 70
17 62 17 33 37 40 42 62
23 75 23 55 58 61 75
45 57 45 57
13 40 13 16 24 27 29 37 40
60 66 60 66
42 58 42 51 58
9 79 9 20 55 79
6 66 6 27 29 37 51 59 66
20 64 20 26 38 42 64
32 52 32 48 52
33 49 33 37 49
12 46 12 26 38 42 46
22 64 22 31 39 58 64
22 57 22 33 39 57
48 71 48 52 64 71
32 51 32 44 51
10 45 10 34 45
10 63 10 63
9 69 9 60 69
31 77 31 43 52 67 77
52 83 52 71 83
41 58 41 49 51 58
48 76 48 54 59 64 69 76
29 55 29 36 55
12 70 12 37 40 42 70
57 86 57 63 83 86
20 66 20 26 40 60 66
60 88 60 69 88
23 89 23 49 51 58 78 81 83 89
24 53 24 43 44 53
12 83 12 24 30 39 57 63 80 81 83
8 82 8 41 72 82
8 58 8 34 45 50 51 58
1 37 1 37
60 84 60 66 78 84
10 70 10 34 38 42 70
20 32 20 32
0 28 0 10 17 20 26 28
15 69 15 58 61 64 69
36 79 36 37 48 79
26 70 26 38 70
2 33 2 18 22 33
8 28 8 9 16 23 28
60 85 60 66 78 85
68 69 68 69
36 79 36 43 44 55 79
7 45 7 15 22 34 45
19 43 19 20 26 28 35 43
1 82 1 7 15 21 59 71 82
55 79 55 79
56 74 56 64 68 74
25 67 25 33 52 67
23 75 23 37 48 61 75
58 86 58 61 64 71 83 86
24 53 24 32 44 53
2 60 2 31 39 60
26 28 26 28
14 89 14 19 38 42 46 77 89
25 60 25 33 49 51 60
7 76 7 64 69 76
16 24 16 24
6 66 6 18 22 34 59 66
37 74 37 59 64 68 74
25 35 25 35
23 47 23 25 35 43 47
70 86 70 71 83 86
11 20 11 20
11 70 11 33 37 40 42 70
7 35 7 28 35
43 75 43 75
22 41 22 34 38 41
25 86 25 80 83 86
40 85 40 85
41 65 41 65
58 81 58 78 81
25 39 25 35 39
15 39 15 21 26 28 35 39
72 87 72 87
0 40 0 17 29 37 40
54 78 54 72 78
1 58 1 19 43 44 51 58
13 82 13 24 32 48 61 75 82
0 70 0 10 24 30 34 38 42 70
5 52 5 36 37 52
38 63 38 41 57 63
30 85 30 48 52 78 85
13 60 13 29 36 43 44 51 60
52 77 52 67 77
0 33 0 10 17 33
23 42 23 25 40 42
38 81 38 63 80 81
35 76 35 76
8 55 8 34 45 55
36 83 36 55 58 78 80 81 83
23 87 23 35 72 87
25 82 25 63 82
55 73 55 58 73
56 81 56 64 80 81
2 58 2 33 39 58
23 46 23 37 40 42 46
33 77 33 49 51 67 77
10 79 10 48 79
32 65 32 44 55 57 63 65
17 85 17 32 47 61 64 71 82 85
34 61 34 45 50 51 58 61
28 66 28 41 59 66
21 42 21 42
18 35 18 21 26 28 35
34 57 34 44 55 57
49 77 49 51 59 66 77
13 30 13 16 24 30
30 47 30 34 47
5 74 5 44 61 64 68 74
31 89 31 39 46 77 89
22 80 22 34 67 72 78 80
16 89 16 27 70 81 83 89
16 44 16 24 29 43 44
70 81 70 72 78 81
5 54 5 7 15 30 48 54
11 70 11 20 26 40 42 70
2 55 2 18 34 45 55
36 48 36 48
21 26 21 26
62 74 62 74
4 74 4 8 58 64 68 74
24 75 24 55 61 75
7 76 7 49 76
26 65 26 55 63 65
25 35 25 35
14 33 14 25 33
41 83 41 79 81 83
29 74 29 36 37 59 64 68 74
19 50 19 21 26 38 41 50
21 89 21 58 64 81 83 89
28 68 28 41 59 64 68
62 82 62 72 82
7 29 7 29
54 72 54 72
7 77 7 40 42 51 58 67 77
5 32 5 7 32
40 42 40 42
19 77 19 43 47 67 77
19 41 19 38 41
3 48 3 37 48
38 82 38 42 57 72 82
55 79 55 79
15 70 15 26 38 42 70
7 21 7 15 21
21 77 21 58 67 77
62 72 62 72
0 20 0 20
22 41 22 25 35 41
44 73 44 51 67 73
8 71 8 28 41 50 60 66 71
28 87 28 77 87
55 74 55 57 74
45 83 45 52 80 81 83
3 29 3 9 16 24 29
7 82 7 28 68 74 82
9 88 9 17 29 70 71 83 86 88
36 60 36 37 51 60
31 43 31 43
35 56 35 56
14 51 14 28 35 41 49 51
20 54 20 32 48 54
27 78 27 78
38 81 38 41 79 81
36 83 36 43 62 72 78 81 83
6 79 6 79
45 84 45 67 72 78 84
55 58 55 58
29 66 29 43 44 51 60 66
10 47 10 34 47
0 73 0 20 40 42 51 67 73
67 72 67 72
18 77 18 21 42 51 67 77
39 60 39 60
8 52 8 9 17 20 30 48 52
11 58 11 33 49 51 58
54 73 54 73
41 59 41 50 59
43 85 43 64 82 85
50 71 50 59 71
2 89 2 63 83 89
13 59 13 20 40 51 59
27 76 27 32 48 52 64 68 69 76
0 19 0 13 14 19
0 79 0 17 33 37 48 79
43 66 43 44 51 59 66
62 78 62 72 78
14 37 14 25 33 37
14 19 14 19
17 51 17 51
17 64 17 52 64
21 28 21 26 28
41 70 41 70
10 32 10 17 32
10 54 10 17 29 48 54
19 39 19 20 30 39
19 39 19 33 39
5 25 5 6 18 22 25
44 61 44 51 58 61
5 49 5 7 41 49
11 65 11 20 40 51 59 65
31 83 31 43 62 63 80 83
66 71 66 71
2 45 2 18 22 34 45
4 54 4 30 48 54
22 33 22 25 33
8 61 8 40 51 58 61
52 67 52 67
79 83 79 83
62 63 62 63
18 65 18 22 25 57 65
5 26 5 7 15 21 26
36 84 36 50 60 66 71 84
29 53 29 43 44 53
14 40 14 25 33 37 40
12 72 12 24 50 51 67 72
45 66 45 54 59 66
39 69 39 58 68 69
40 76 40 64 69 76
6 88 6 18 72 86 88
53 80 53 80
45 51 45 50 51
54 73 54 67 73
52 87 52 64 69 87
30 48 30 34 48
34 58 34 44 51 58
17 52 17 33 52
24 73 24 30 41 50 51 67 73
55 63 55 57 63
6 32 6 27 32
28 69 28 41 49 69
48 71 48 54 59 66 71
10 57 10 30 34 44 55 57
32 71 32 44 51 60 66 71
14 33 14 25 33
0 49 0 24 27 34 38 41 49
1 30 1 13 24 30
12 48 12 26 28 37 48
9 35 9 20 26 28 35
4 63 4 13 16 38 42 62 63
12 44 12 24 34 44
13 49 13 49
51 59 51 59
10 57 10 30 34 45 57
27 82 27 34 48 72 82
60 66 60 66
47 74 47 61 64 68 74
52 67 52 67
9 24 9 16 24
59 69 59 69
41 74 41 57 74
10 37 10 17 33 37
0 37 0 13 26 28 37
23 65 23 55 63 65
15 54 15 21 26 28 37 48 54
54 59 54 59
34 58 34 45 55 58
78 83 78 80 81 83
3 50 3 15 30 50
42 88 42 51 67 77 88
5 6 5 6
39 67 39 58 67
3 15 3 15
6 82 6 17 52 67 82
8 43 8 9 24 29 36 43
4 75 4 41 50 51 58 61 75
29 43 29 43
9 16 9 16
12 26 12 17 20 26
29 64 29 43 52 64
1 47 1 13 24 27 32 47
32 59 32 44 51 59
55 73 55 67 73
57 65 57 63 65
12 77 12 47 77
20 49 20 26 38 41 49
10 54 10 34 48 54
15 53 15 22 34 44 53
61 71 61 64 71
23 38 23 25 38
24 64 24 34 38 42 64
18 74 18 20 32 44 61 64 68 74
8 71 8 41 49 51 58 61 64 71
19 45 19 20 30 34 45
16 38 16 27 34 38
22 83 22 43 75 78 80 81 83
72 89 72 78 80 81 83 89
7 19 7 14 19
6 76 6 30 41 49 76
22 83 22 59 64 80 83
50 61 50 51 58 61
30 88 30 68 69 87 88
32 72 32 48 52 67 72
1 23 1 2 13 16 23
6 30 6 18 20 30
21 89 21 59 64 71 83 89
13 27 13 16 24 27
58 82 58 68 74 82
21 89 21 58 67 72 78 81 83 89
28 70 28 35 41 70
11 57 11 20 55 57
44 61 44 51 58 61
44 83 44 51 67 72 78 80 83
0 33 0 13 14 19 33
41 67 41 50 51 58 67
19 69 19 38 60 69
48 87 48 54 59 77 87
2 29 2 9 13 24 29
47 83 47 80 83
26 54 26 28 37 48 54
2 70 2 14 34 38 42 70
42 89 42 46 77 89
39 77 39 46 77
35 65 35 41 49 51 59 65
13 43 13 28 35 43
52 68 52 64 68
35 41 35 41
21 58 21 40 51 58
29 64 29 36 50 51 58 61 64
26 40 26 40
56 81 56 62 72 78 81
13 16 13 16
3 75 3 14 25 61 75
1 68 1 37 48 52 64 68
36 66 36 37 40 51 60 66
43 44 43 44
11 68 11 21 26 42 64 68
18 22 18 22
58 82 58 68 74 82
16 27 16 24 27
11 21 11 21
59 84 59 66 78 84
22 34 22 34
54 75 54 75
36 37 36 37
42 88 42 57 63 80 83 86 88
12 83 12 32 58 78 81 83
87 88 87 88
16 52 16 48 52
12 66 12 60 66
36 66 36 43 44 51 59 66
16 43 16 28 35 43
37 51 37 51
13 48 13 29 48
5 52 5 52
11 35 11 21 26 28 35
44 80 44 51 67 72 78 80
41 74 41 49 51 64 68 74
32 73 32 58 73
10 87 10 60 66 77 87
28 57 28 41 57
60 78 60 66 78
4 51 4 30 34 38 42 51
7 15 7 15
20 41 20 30 41
26 46 26 28 46
6 52 6 30 48 52
40 78 40 42 62 72 78
43 76 43 47 61 64 68 69 76
15 69 15 58 61 64 68 69
24 80 24 50 51 80
49 89 49 51 89
71 83 71 83
4 74 4 30 50 51 58 61 64 68 74
8 23 8 9 16 23
12 27 12 27
6 29 6 24 29
26 88 26 55 67 72 86 88
41 86 41 78 81 83 86
45 54 45 54
39 81 39 60 66 78 81
19 46 19 38 42 46
11 71 11 21 58 64 71
6 17 6 17
0 82 0 67 82
44 53 44 53
24 36 24 29 36
29 72 29 36 50 51 58 67 72
24 42 24 27 34 38 42
5 67 5 7 27 29 48 52 67
16 43 16 23 28 35 43
8 46 8 28 35 39 46
17 55 17 32 44 55
9 26 9 20 26
0 44 0 27 32 44
24 60 24 43 44 51 60
57 72 57 72
5 76 5 64 69 76
8 49 8 28 49
36 88 36 43 75 83 88
34 79 34 45 55 79
50 89 50 51 64 80 81 83 89
39 72 39 58 67 72
16 38 16 24 34 38
14 75 14 28 37 49 51 58 61 75
41 86 41 59 64 86
7 45 7 14 34 45
20 84 20 40 60 66 71 84
7 89 7 15 58 78 81 83 89
18 79 18 20 55 79
7 85 7 28 64 68 74 82 85
13 85 13 29 70 82 85
5 84 5 64 71 84
30 74 30 39 58 64 68 74
28 37 28 37
12 40 12 17 33 37 40
21 73 21 58 67 73
75 83 75 83
31 89 31 39 46 77 89
38 77 38 42 51 58 77
48 59 48 54 59
43 58 43 44 51 58
5 70 5 36 43 70
34 47 34 47
51 80 51 64 80
0 40 0 27 29 36 37 40
2 52 2 14 31 43 52
9 81 9 62 63 80 81
27 29 27 29
52 69 52 64 68 69
39 57 39 57
44 72 44 53 72
48 76 48 61 64 68 69 76
29 69 29 37 51 60 69
4 65 4 49 51 59 65
25 37 25 33 37
48 88 48 75 88
53 83 53 80 81 83
49 69 49 69
3 71 3 37 49 51 58 61 64 71
4 23 4 23
13 49 13 29 37 49
14 43 14 19 21 26 28 35 43
12 43 12 17 29 36 43
57 63 57 63
49 81 49 51 59 64 80 81
4 68 4 68
4 71 4 23 25 35 56 64 71
51 64 51 58 61 64
3 71 3 16 35 39 60 66 71
8 85 8 34 47 75 78 85
16 52 16 29 36 48 52
7 26 7 14 19 21 26
40 42 40 42
1 23 1 13 16 23
24 29 24 29
27 37 27 29 36 37
60 76 60 69 76
16 64 16 29 48 54 59 64
54 75 54 75
55 58 55 58
22 64 22 33 61 64
55 64 55 61 64
20 86 20 55 57 80 83 86
20 87 20 72 87
3 72 3 37 72
21 63 21 26 55 63
52 64 52 64
35 72 35 39 58 67 72
37 89 37 48 54 59 77 89
12 50 12 27 29 36 50
15 70 15 21 42 70
27 73 27 58 73
13 28 13 14 19 20 26 28
33 77 33 46 77
13 14 13 14
63 65 63 65
15 38 15 30 34 38
20 67 20 26 28 58 67
11 33 11 33
33 61 33 61
1 55 1 13 36 55
30 76 30 48 54 59 64 69 76
11 89 11 35 41 49 51 64 71 84 89
7 27 7 27
18 80 18 22 43 47 67 72 78 80
39 60 39 60
37 69 37 52 64 68 69
39 76 39 60 69 76
22 56 22 31 56
6 63 6 15 30 44 55 57 63
3 89 3 21 40 63 80 81 83 89
36 48 36 37 48
27 64 27 58 61 64
42 76 42 51 58 68 69 76
6 41 6 24 34 38 41
25 59 25 33 49 51 59
6 34 6 18 20 30 34
24 42 24 34 38 42
0 24 0 13 24
11 59 11 35 43 44 51 59
9 44 9 17 29 43 44
61 71 61 64 71
29 83 29 37 51 58 78 80 81 83
8 61 8 9 17 55 61
29 43 29 36 43
40 68 40 68
66 77 66 77
6 79 6 18 20 79
40 42 40 42
38 57 38 42 57
26 86 26 75 83 86
47 84 47 61 75 78 84
24 39 24 30 39
36 77 36 59 77
30 46 30 34 38 42 46
3 17 3 9 17
18 33 18 22 33
7 79 7 33 37 48 79
43 79 43 44 79
37 77 37 48 52 77
13 44 13 24 30 44
27 32 27 32
36 51 36 43 44 51
9 63 9 24 55 57 63
25 65 25 38 42 57 63 65
1 88 1 72 88
11 34 11 20 30 34
18 49 18 20 30 34 38 41 49
60 78 60 66 78
56 81 56 62 72 78 81
19 43 19 20 26 28 35 43
35 67 35 39 58 67
16 81 16 80 81
28 70 28 35 41 70
16 59 16 31 43 44 51 59
34 42 34 38 42
20 49 20 26 28 49
7 41 7 15 30 41
4 16 4 8 9 13 16
19 54 19 33 37 48 54
49 75 49 51 58 61 75
50 82 50 59 64 71 82
8 43 8 28 35 43
1 70 1 3 30 34 38 41 70
62 81 62 72 78 81
55 77 55 58 77
18 58 18 34 44 55 58
45 81 45 57 72 78 80 81
56 74 56 62 74
18 51 18 22 25 33 37 49 51
19 20 19 20
4 58 4 8 34 44 51 58
42 58 42 51 58
31 86 31 43 70 72 78 80 83 86
8 63 8 28 41 63
64 71 64 71
4 43 4 13 14 28 35 43
2 62 2 9 20 56 62
54 68 54 59 64 68
26 52 26 28 37 48 52
13 25 13 14 25
20 76 20 32 51 64 68 69 76
17 59 17 20 40 42 51 59
24 41 24 30 34 38 41
23 28 23 28
5 54 5 7 28 37 48 54
77 88 77 87 88
55 80 55 67 72 78 80
23 25 23 25
6 43 6 27 29 36 43
4 46 4 8 13 14 30 34 46
2 88 2 31 39 60 66 77 88
20 67 20 39 58 67
10 85 10 63 82 85
4 89 4 23 79 80 83 89
29 74 29 37 52 64 68 74
11 68 11 64 68
49 68 49 51 59 64 68
20 26 20 26
12 44 12 17 29 43 44
60 77 60 66 77
4 76 4 56 64 69 76
10 24 10 24
33 49 33 49
17 25 17 25
44 84 44 78 84
4 26 4 13 20 26
13 36 13 24 29 36
32 74 32 48 54 59 64 68 74
0 43 0 43
9 30 9 13 20 30
44 86 44 61 64 80 83 86
71 88 71 83 88
30 34 30 34
25 70 25 35 43 70
7 19 7 14 19
12 85 12 72 82 85
27 37 27 29 37
30 50 30 41 50
7 44 7 27 32 44
67 73 67 73
8 66 8 28 41 59 66
4 78 4 23 25 35 39 57 78
54 68 54 59 64 68
12 72 12 17 70 72
19 82 19 56 74 82
10 42 10 17 29 36 37 40 42
59 80 59 64 80
3 38 3 38
32 86 32 47 80 83 86
40 72 40 42 57 72
63 82 63 82
16 52 16 48 52
66 84 66 78 84
38 81 38 70 72 78 80 81
60 77 60 66 77
72 88 72 88
55 84 55 84
2 63 2 23 35 63
25 70 25 40 42 70
44 79 44 79
8 49 8 41 49
15 83 15 30 50 51 67 72 78 81 83
19 62 19 21 26 42 62
24 67 24 32 51 58 67
58 86 58 61 64 71 83 86
13 44 13 16 35 43 44
16 67 16 40 51 67
22 77 22 31 39 46 77
19 42 19 38 42
9 60 9 32 51 60
26 77 26 38 41 59 77
36 88 36 55 57 63 88
10 48 10 17 20 30 34 48
48 86 48 79 80 83 86
27 72 27 53 72
23 42 23 37 40 42
80 89 80 81 83 89
5 73 5 25 38 42 51 58 73
24 64 24 55 58 61 64
34 48 34 48
30 53 30 41 53
17 48 17 32 48
40 42 40 42
1 32 1 3 9 20 32
25 59 25 38 42 51 59
49 72 49 72
43 68 43 47 61 64 68
28 35 28 35
15 87 15 46 77 87
0 86 0 80 83 86
20 32 20 32
17 34 17 20 30 34
29 40 29 36 37 40
63 86 63 83 86
55 74 55 58 68 74
32 73 32 44 55 58 73
2 78 2 14 30 54 59 66 78
0 31 0 13 14 31
50 81 50 60 66 78 81
17 55 17 32 44 55
62 63 62 63
55 80 55 63 80
22 68 22 59 64 68
5 80 5 37 59 66 78 80
29 60 29 43 44 51 60
25 54 25 33 37 48 54
10 17 10 17
54 72 54 72
7 44 7 14 19 21 26 28 35 43 44
38 80 38 41 67 72 78 80
26 59 26 28 37 40 42 51 59
21 58 21 42 51 58
4 63 4 41 63
4 20 4 8 13 20
42 61 42 51 58 61
1 43 1 7 29 43
30 65 30 65
22 87 22 31 68 69 87
23 42 23 37 40 42
38 65 38 42 51 59 65
15 69 15 26 38 60 69
28 37 28 37
4 87 4 41 70 72 87
22 54 22 34 48 54
34 44 34 44
62 65 62 65
3 25 3 15 22 25
2 56 2 23 25 35 56
87 88 87 88
58 61 58 61
7 67 7 14 34 47 67
6 18 6 18
62 89 62 63 83 89
36 50 36 50
18 44 18 22 34 44
2 49 2 23 49
5 88 5 88
53 77 53 77
5 47 5 7 43 47
22 56 22 31 56
7 28 7 28
29 60 29 37 51 60
9 83 9 13 14 30 48 54 83
38 67 38 41 67
11 37 11 33 37
49 77 49 51 60 66 77
6 35 6 21 26 28 35
41 51 41 49 51
20 30 20 30
18 54 18 21 26 28 37 48 54
23 65 23 37 65
8 68 8 58 64 68
9 63 9 62 63
10 32 10 24 32
1 47 1 26 28 35 43 47
13 88 13 46 77 88
53 81 53 80 81
27 47 27 34 47
68 74 68 74
8 41 8 9 17 20 30 41
27 32 27 32
17 44 17 32 44
36 69 36 43 64 68 69
14 43 14 31 43
19 64 19 38 41 49 51 64
4 78 4 23 44 78
9 55 9 17 55
24 37 24 29 36 37
33 61 33 61
50 89 50 60 66 71 83 89
8 76 8 28 68 69 76
18 65 18 22 62 63 65
50 89 50 60 66 78 81 83 89
2 70 2 70
16 50 16 35 41 50
24 54 24 27 29 36 48 54
3 87 3 51 64 87
16 44 16 24 29 36 43 44
12 72 12 17 55 57 72
35 85 35 56 78 85
43 68 43 52 64 68
60 84 60 66 78 84
21 46 21 42 46
7 62 7 28 37 40 42 62
7 42 7 33 37 40 42
54 80 54 67 72 78 80
6 30 6 18 20 30
28 58 28 37 49 51 58
9 35 9 17 20 26 28 35
24 83 24 32 51 67 72 78 81 83
13 82 13 72 82
49 74 49 51 64 68 74
25 79 25 79
16 68 16 38 42 64 68
16 53 16 27 32 53
8 46 8 28 35 39 46
18 80 18 59 66 78 80
49 77 49 51 67 77
9 88 9 13 46 77 88
11 88 11 33 61 64 87 88
80 83 80 81 83
16 27 16 24 27
36 84 36 48 54 59 64 71 84
15 68 15 58 61 64 68
1 70 1 26 42 70
25 66 25 35 39 60 66
24 70 24 43 70
11 82 11 70 71 82
42 62 42 62
42 69 42 64 68 69
62 81 62 63 80 81
61 89 61 75 78 81 83 89
11 70 11 20 40 42 70
38 73 38 41 49 51 58 67 73
1 23 1 3 9 13 16 23
4 16 4 8 9 13 16
41 83 41 59 71 83
6 27 6 24 27
38 80 38 60 66 78 80
33 52 33 52
3 22 3 15 22
6 61 6 17 25 38 41 49 51 58 61
26 57 26 55 57
12 41 12 24 30 41
6 46 6 18 20 40 42 46
32 72 32 47 67 72
0 13 0 13
26 39 26 28 35 39
21 59 21 26 40 42 51 59
37 65 37 51 59 65
17 50 17 20 30 41 50
11 66 11 33 49 51 59 66
7 62 7 33 37 40 42 62
10 54 10 34 48 54
75 88 75 88
43 79 43 44 55 79
1 30 1 3 15 30
58 76 58 64 69 76
35 67 35 41 50 51 58 67
27 79 27 29 37 48 79
2 19 2 13 14 19
32 53 32 53
12 75 12 17 33 51 58 61 75
13 20 13 20
29 66 29 48 54 59 66
13 85 13 14 42 64 71 82 85
48 75 48 54 75
6 62 6 17 29 37 40 42 62
57 86 57 72 78 81 83 86
41 70 41 70
5 88 5 25 85 88
21 42 21 40 42
6 37 6 18 22 25 33 37
20 35 20 26 28 35
24 69 24 55 61 64 69
51 89 51 67 72 78 80 81 83 89
6 42 6 40 42
6 20 6 17 20
42 69 42 51 59 69
11 39 11 35 39
7 78 7 42 57 72 78
3 38 3 27 34 38
3 83 3 38 70 71 83
24 67 24 32 48 54 67
19 64 19 38 41 49 51 64
27 46 27 34 38 42 46
8 13 8 13
39 88 39 87 88
10 72 10 52 67 72
32 69 32 48 54 59 64 69
43 87 43 52 67 77 87
87 88 87 88
51 86 51 60 66 71 83 86
27 50 27 29 36 50
63 88 63 88
54 86 54 78 81 83 86
20 46 20 30 34 38 42 46
13 27 13 16 24 27
0 86 0 52 86
41 79 41 79
60 81 60 66 78 80 81
36 43 36 43
8 71 8 9 71
32 81 32 51 59 66 78 80 81
80 83 80 81 83
26 60 26 40 42 51 60
41 49 41 49
8 40 8 13 36 37 40
3 52 3 14 30 48 52
8 45 8 9 17 20 30 34 45
4 41 4 41
7 32 7 32
26 86 26 28 41 53 80 81 83 86
6 31 6 31
18 21 18 21
5 18 5 6 18
3 30 3 9 24 30
35 52 35 43 52
2 46 2 13 29 43 46
28 58 28 41 49 51 58
37 87 37 52 64 68 69 87
49 89 49 72 78 81 83 89
75 78 75 78
13 29 13 24 29
74 88 74 85 88
15 44 15 26 28 35 43 44
2 18 2 18
57 65 57 65
4 40 4 13 24 29 37 40
79 80 79 80
8 61 8 9 17 51 58 61
32 76 32 47 61 64 68 69 76
36 53 36 43 44 53
7 78 7 39 58 78
19 20 19 20
13 74 13 16 29 36 55 58 68 74
26 53 26 28 35 41 53
3 48 3 15 30 48
5 32 5 7 27 32
10 53 10 17 25 38 41 53
50 88 50 82 85 88
51 67 51 67
10 32 10 17 20 32
60 69 60 69
21 63 21 40 63
34 65 34 48 54 59 65
57 81 57 80 81
40 72 40 42 62 72
30 72 30 54 67 72
50 61 50 51 58 61
26 63 26 42 57 63
25 59 25 35 59
18 41 18 22 34 38 41
22 59 22 34 38 42 51 59
24 39 24 30 39
12 75 12 32 48 61 75
52 74 52 64 68 74
43 47 43 47
1 50 1 3 15 22 34 45 50
7 21 7 14 19 21
41 61 41 50 51 58 61
18 79 18 20 30 44 79
27 36 27 29 36
32 59 32 44 51 59
29 82 29 75 82
55 58 55 58
21 39 21 26 28 35 39
80 81 80 81
32 67 32 48 52 67
45 75 45 54 75
21 43 21 26 28 35 43
1 82 1 39 60 82
38 77 38 41 59 66 77
9 16 9 16
55 74 55 57 74
0 74 0 20 30 39 57 74
4 69 4 13 60 69
61 76 61 64 69 76
47 61 47 61
48 86 48 61 75 80 81 83 86
9 50 9 16 24 50
12 44 12 44
2 26 2 14 19 20 26
18 83 18 20 72 78 81 83
34 58 34 38 42 51 58
19 40 19 21 40
2 13 2 9 13
60 86 60 66 78 80 83 86
16 73 16 73
25 85 25 38 42 57 72 78 85
49 69 49 51 59 64 68 69
20 87 20 30 48 54 72 87
60 85 60 82 85
57 78 57 72 78
24 36 24 27 29 36
16 81 16 80 81
30 85 30 44 64 68 74 82 85
16 50 16 29 36 50
7 33 7 33
2 37 2 14 19 20 26 28 37
33 37 33 37
19 85 19 21 40 63 82 85
66 71 66 71
1 22 1 7 15 22
43 44 43 44
20 46 20 30 34 38 42 46
14 21 14 19 21
21 66 21 26 40 42 51 60 66
6 20 6 17 20
10 24 10 24
59 82 59 71 82
25 56 25 35 56
45 55 45 55
64 87 64 68 69 87
55 84 55 79 84
18 51 18 21 42 51
7 70 7 42 70
8 37 8 9 24 29 36 37
36 84 36 37 48 52 78 84
7 28 7 28
5 67 5 37 40 42 51 67
22 34 22 34
22 31 22 31
41 80 41 49 51 80
82 85 82 85
0 28 0 13 28
17 89 17 78 81 83 89
19 41 19 20 26 28 35 41
42 82 42 70 82
21 79 21 26 55 79
25 80 25 80
49 66 49 51 59 66
60 81 60 66 78 80 81
66 71 66 71
44 61 44 55 61
20 72 20 30 44 55 57 72
1 67 1 19 21 26 28 35 41 49 51 67
11 70 11 33 37 40 42 70
63 65 63 65
61 74 61 64 68 74
77 89 77 89
42 89 42 57 63 80 83 89
33 66 33 49 51 59 66
35 78 35 72 78
22 80 22 59 66 78 80
44 80 44 53 72 78 80
17 44 17 29 36 43 44
23 53 23 25 35 41 53
25 68 25 35 41 59 64 68
19 45 19 20 30 34 45
41 86 41 67 72 86
30 39 30 39
59 86 59 66 71 83 86
28 82 28 35 72 82
2 75 2 33 51 58 61 75
37 51 37 40 42 51
0 76 0 43 47 61 64 69 76
20 88 20 39 57 63 83 88
4 56 4 13 16 35 56
34 48 34 48
12 29 12 24 29
40 78 40 42 51 67 72 78
4 41 4 8 13 28 41
24 42 24 27 29 37 40 42
44 61 44 61
1 3 1 3
0 76 0 10 44 55 58 64 69 76
40 46 40 42 46
13 24 13 24
11 62 11 35 43 62
44 84 44 55 79 84
13 14 13 14
17 30 17 20 30
44 72 44 53 72
79 81 79 81
1 88 1 58 67 77 87 88
42 84 42 62 72 78 84
1 3 1 3
17 48 17 32 48
36 82 36 59 71 82
48 54 48 54
20 84 20 56 64 71 84
13 14 13 14
21 38 21 26 38
5 54 5 36 48 54
8 37 8 9 13 36 37
2 29 2 9 16 27 29
31 43 31 43
23 46 23 37 40 42 46
79 80 79 80
46 88 46 77 87 88
8 88 8 40 64 82 85 88
13 73 13 28 49 51 58 67 73
45 77 45 55 67 77
39 60 39 60
70 84 70 72 78 84
15 52 15 26 28 35 43 52
62 81 62 72 78 80 81
6 57 6 15 22 25 40 42 57
41 68 41 50 51 58 64 68
2 67 2 18 20 26 42 51 67
25 86 25 40 51 59 66 83 86
11 89 11 59 89
24 71 24 34 44 55 61 64 71
45 74 45 57 74
8 31 8 13 16 31
15 45 15 22 34 45
38 85 38 42 62 74 85
15 40 15 22 25 33 37 40
3 69 3 58 64 68 69
38 67 38 41 49 51 58 67
33 76 33 39 76
15 60 15 21 40 42 51 60
36 57 36 43 44 55 57
25 74 25 35 59 64 68 74
6 60 6 18 34 45 50 60
58 76 58 61 64 69 76
1 61 1 13 14 25 38 41 49 51 58 61
63 86 63 83 86
21 40 21 40
33 39 33 39
45 67 45 52 67
29 36 29 36
11 41 11 21 26 38 41
39 60 39 60
66 77 66 77
58 80 58 61 75 78 80
15 70 15 26 42 70
2 58 2 18 34 45 55 58
45 66 45 54 59 66
32 74 32 48 61 64 68 74
23 58 23 37 49 51 58
27 44 27 44
59 71 59 64 71
10 55 10 17 55
13 88 13 85 88
21 35 21 26 28 35
28 81 28 58 78 81
62 82 62 72 82
54 83 54 71 83
23 32 23 32
2 60 2 13 60
38 70 38 70
35 58 35 39 58
11 61 11 35 41 50 51 58 61
15 21 15 21
12 33 12 17 33
41 79 41 79
20 30 20 30
22 34 22 34
18 89 18 20 79 80 81 83 89
43 59 43 44 51 59
13 30 13 20 30
33 86 33 49 51 58 67 72 86
25 69 25 61 64 68 69
12 75 12 32 58 61 75
37 78 37 51 60 66 78
8 13 8 13
82 88 82 85 88
4 20 4 8 13 20
58 84 58 78 84
47 64 47 61 64
25 89 25 33 78 84 89
53 77 53 77
38 79 38 41 79
36 37 36 37
36 69 36 43 47 61 64 69
1 82 1 58 68 74 82
16 49 16 28 37 49
2 81 2 72 78 80 81
43 70 43 70
28 63 28 41 63
7 39 7 15 26 28 35 39
54 65 54 59 65
36 49 36 37 49
44 89 44 84 89
34 58 34 44 55 58
8 9 8 9
15 68 15 21 42 51 59 64 68
66 77 66 77
48 87 48 72 87
1 53 1 26 28 35 41 53
28 49 28 41 49
43 85 43 52 78 85
23 63 23 35 63
45 55 45 55
8 60 8 41 49 51 60
0 46 0 10 17 20 39 46
12 86 12 29 70 71 83 86
2 29 2 9 24 27 29
41 70 41 70
56 63 56 62 63
34 88 34 48 61 88
3 44 3 30 34 44
2 67 2 23 25 40 51 67
26 43 26 28 35 43
3 24 3 9 13 16 24
18 44 18 22 43 44
4 34 4 13 16 24 34
27 75 27 58 61 75
4 21 4 8 9 13 14 19 21
7 83 7 27 70 72 78 81 83
15 54 15 30 48 54
5 56 5 25 35 56
29 74 29 37 59 64 68 74
47 77 47 77
42 88 42 51 60 66 77 88
37 51 37 51
19 62 19 38 42 62
58 89 58 77 89
14 43 14 28 35 43
3 42 3 27 34 38 42
0 19 0 13 14 19
37 48 37 48
21 40 21 40
59 74 59 64 68 74
36 57 36 37 40 42 57
63 81 63 80 81
60 81 60 66 78 80 81
33 46 33 46
54 78 54 72 78
7 14 7 14
20 26 20 26
41 74 41 59 64 68 74
19 39 19 33 39
9 16 9 16
43 62 43 62
37 40 37 40
9 52 9 16 35 43 52
48 87 48 54 72 87
21 63 21 26 55 57 63
0 51 0 20 32 44 51
23 25 23 25
20 84 20 66 71 84
11 48 11 21 26 28 37 48
1 2 1 2
45 67 45 50 51 67
44 69 44 51 59 64 68 69
30 54 30 48 54
4 62 4 30 34 38 42 62
0 59 0 17 33 37 59
19 75 19 43 75
12 26 12 17 20 26
37 52 37 52
10 17 10 17
57 65 57 65
60 82 60 66 71 82
5 37 5 7 29 36 37
12 71 12 47 61 64 71
71 84 71 84
51 58 51 58
26 47 26 28 35 43 47
22 33 22 33
0 87 0 47 61 64 69 87
1 88 1 78 85 88
50 84 50 51 64 71 84
12 40 12 37 40
59 77 59 66 77
34 60 34 38 41 49 51 60
26 43 26 28 35 43
29 76 29 36 43 44 55 61 64 69 76
9 88 9 20 79 81 83 86 88
35 72 35 41 49 72
0 67 0 27 34 44 51 67
30 41 30 34 38 41
5 79 5 7 29 48 79
35 67 35 41 67
42 89 42 64 71 83 89
27 29 27 29
26 39 26 28 35 39
49 75 49 51 58 61 75
1 37 1 19 21 26 28 37
26 85 26 40 82 85
17 52 17 32 48 52
16 83 16 38 60 66 71 83
13 46 13 24 34 38 42 46
57 63 57 63
32 83 32 66 71 83
79 84 79 84
25 74 25 74
77 87 77 87
24 45 24 30 34 45
29 68 29 36 55 58 61 64 68
12 46 12 27 29 36 43 46
59 81 59 64 80 81
32 75 32 48 54 75
25 62 25 35 56 62
60 69 60 69
6 43 6 17 25 35 43
17 85 17 20 30 68 74 82 85
28 70 28 41 70
6 41 6 21 26 38 41
6 55 6 17 20 55
28 40 28 37 40
24 42 24 29 37 40 42
24 32 24 32
16 87 16 48 61 64 68 69 87
2 31 2 9 16 31
3 65 3 27 34 48 54 59 65
27 52 27 29 36 37 48 52
42 61 42 51 58 61
28 82 28 35 63 82
36 69 36 60 69
7 43 7 28 35 43
8 13 8 9 13
30 48 30 48
36 77 36 37 52 77
11 69 11 35 56 64 69
41 59 41 59
47 88 47 80 81 83 86 88
27 75 27 29 48 54 75
12 44 12 27 32 44
32 52 32 48 52
9 50 9 24 34 45 50
10 75 10 24 34 45 75
36 81 36 66 78 80 81
49 69 49 69
55 64 55 61 64
12 32 12 17 20 32
4 13 4 8 13
51 60 51 60
63 89 63 80 81 83 89
61 64 61 64
36 51 36 37 51
22 31 22 31
50 65 50 59 65
8 88 8 40 72 88
35 66 35 43 44 51 59 66
35 52 35 43 52
14 28 14 19 20 26 28
59 82 59 71 82
37 77 37 40 60 66 77
32 59 32 48 54 59
9 71 9 50 60 66 71
0 50 0 27 29 36 50
4 63 4 41 57 63
29 82 29 75 82
15 58 15 30 34 45 55 58
39 88 39 60 66 83 88
15 53 15 26 38 41 53
13 56 13 26 28 35 56
36 58 36 50 51 58
16 65 16 35 43 62 65
42 62 42 62
5 49 5 25 38 41 49
12 26 12 26
38 63 38 42 57 63
5 20 5 6 18 20
0 37 0 24 29 36 37
34 44 34 44
3 25 3 9 17 25
26 66 26 28 35 59 66
33 40 33 37 40
27 40 27 29 37 40
41 63 41 63
33 82 33 61 75 82
16 40 16 27 29 37 40
20 76 20 56 64 69 76
9 32 9 16 23 32
21 52 21 26 28 35 43 52
33 58 33 49 51 58
68 69 68 69
35 65 35 41 63 65
5 59 5 25 33 37 40 51 59
33 80 33 51 67 72 78 80
0 49 0 13 49
29 57 29 36 37 40 42 57
44 86 44 64 81 83 86
28 55 28 35 43 44 55
38 89 38 60 66 83 89
0 51 0 43 44 51
0 82 0 17 25 57 74 82
27 73 27 29 48 54 73
48 86 48 75 80 81 83 86
9 70 9 20 40 42 70
16 80 16 24 50 60 66 78 80
51 86 51 58 64 71 83 86
36 49 36 37 49
68 88 68 74 82 85 88
27 37 27 29 36 37
38 49 38 41 49
22 62 22 25 33 62
41 66 41 49 51 59 66
0 89 0 47 61 75 83 89
1 84 1 7 62 72 78 84
2 84 2 18 72 78 84
4 27 4 13 24 27
25 51 25 40 51
8 66 8 40 51 59 66
33 78 33 67 72 78
4 63 4 13 28 37 40 63
4 9 4 8 9
0 43 0 43
37 81 37 40 78 81
6 63 6 18 22 25 57 63
6 30 6 18 20 30
18 65 18 21 40 51 59 65
13 83 13 49 51 60 66 78 80 81 83
9 35 9 16 23 25 35
30 50 30 50
7 87 7 14 59 66 77 87
3 43 3 15 26 28 35 43
79 86 79 86
1 74 1 19 21 59 64 68 74
27 34 27 34
44 65 44 55 57 65
3 44 3 15 30 34 44
33 39 33 39
12 17 12 17
27 44 27 44
24 34 24 34
64 81 64 80 81
49 75 49 51 58 61 75
28 42 28 37 40 42
40 78 40 78
26 72 26 28 58 67 72
51 88 51 59 77 87 88
48 68 48 52 64 68
59 71 59 71
72 88 72 82 85 88
27 32 27 32
28 55 28 35 43 44 55
8 50 8 34 38 41 50
50 89 50 60 66 83 89
7 69 7 28 49 69
36 88 36 66 78 81 83 86 88
14 64 14 31 43 44 55 61 64
2 42 2 13 24 30 34 38 42
15 76 15 21 42 51 60 69 76
7 89 7 27 52 83 89
16 87 16 23 66 77 87
19 39 19 20 30 39
21 78 21 26 67 72 78
46 77 46 77
0 37 0 20 26 28 37
2 62 2 23 37 40 42 62
20 40 20 40
25 85 25 63 82 85
40 60 40 60
60 82 60 82
8 44 8 9 20 26 28 35 43 44
0 72 0 43 44 55 58 67 72
30 88 30 53 77 88
34 57 34 38 42 57
5 64 5 64
41 76 41 59 64 69 76
51 86 51 64 81 83 86
5 41 5 25 35 41
6 70 6 24 29 37 40 42 70
55 89 55 79 80 81 83 89
9 49 9 16 38 41 49
25 87 25 69 87
9 29 9 24 29
18 58 18 21 42 51 58
34 38 34 38
28 77 28 77
19 38 19 21 26 38
25 85 25 40 42 57 72 82 85
60 82 60 66 71 82
45 77 45 55 58 77
28 78 28 35 56 78
34 66 34 38 41 50 51 59 66
40 82 40 72 82
22 68 22 59 64 68
2 39 2 23 28 35 39
7 21 7 15 21
2 41 2 9 24 34 38 41
14 43 14 19 43
54 71 54 59 64 71
2 20 2 13 14 19 20
21 39 21 26 28 35 39
20 26 20 26
28 57 28 37 40 42 57
21 35 21 26 28 35
14 62 14 28 35 56 62
7 49 7 29 37 49
7 77 7 32 47 67 77
48 59 48 54 59
17 25 17 25
59 65 59 65
5 25 5 6 16 23 25
20 50 20 30 50
8 23 8 9 13 16 23
61 88 61 64 82 85 88
29 75 29 75
10 61 10 44 55 58 61
47 84 47 67 72 78 84
20 44 20 32 44
43 78 43 52 78
40 67 40 42 51 67
17 70 17 25 35 41 70
15 38 15 21 26 38
14 65 14 34 59 65
23 57 23 25 40 42 57
24 82 24 71 82
12 37 12 27 29 36 37
39 77 39 58 77
17 32 17 20 32
30 39 30 39
4 69 4 30 41 50 60 69
15 69 15 30 54 59 64 69
8 51 8 40 51
26 80 26 80
2 14 2 13 14
25 80 25 61 64 80
44 67 44 55 58 67
56 72 56 62 72
11 47 11 20 30 34 47
7 35 7 28 35
9 60 9 32 44 51 60
23 58 23 32 44 51 58
9 73 9 13 14 30 50 51 58 73
59 81 59 64 81
8 21 8 9 13 14 19 21
6 73 6 73
22 37 22 33 37
17 39 17 33 39
4 76 4 30 34 47 61 64 68 69 76
48 61 48 61
40 86 40 78 80 81 83 86
40 86 40 64 86
35 67 35 41 49 51 67
29 63 29 37 40 42 57 63
40 51 40 51
7 78 7 56 62 72 78
49 69 49 51 60 69
25 40 25 40
26 54 26 28 37 48 54
48 79 48 79
0 82 0 27 72 82
24 42 24 27 29 36 37 40 42
59 86 59 66 78 80 83 86
12 46 12 27 34 38 42 46
11 62 11 35 43 62
43 85 43 44 61 64 71 82 85
67 80 67 72 78 80
3 65 3 16 38 42 62 65
12 60 12 24 50 60
22 58 22 34 45 55 58
31 79 31 43 44 55 79
41 86 41 66 71 83 86
20 77 20 26 67 77
78 83 78 80 83
6 71 6 54 59 71
29 83 29 80 83
1 54 1 37 48 54
23 43 23 35 43
11 45 11 20 30 34 45
13 53 13 20 32 53
58 86 58 64 86
2 63 2 56 62 63
0 20 0 10 17 20
1 82 1 58 64 68 74 82
56 72 56 62 72
45 67 45 54 67
21 79 21 26 55 79
17 52 17 29 43 52
7 70 7 33 37 40 42 70
29 48 29 48
15 85 15 26 67 72 82 85
23 79 23 44 79
56 68 56 64 68
64 87 64 87
6 27 6 16 24 27
49 75 49 51 58 61 75
45 54 45 54
7 84 7 49 72 78 84
7 56 7 56
19 73 19 38 42 51 67 73
36 61 36 37 49 51 58 61
61 88 61 88
43 77 43 44 51 59 77
40 65 40 51 59 65
5 20 5 7 14 19 20
23 74 23 37 40 68 74
10 89 10 63 80 81 83 89
42 58 42 51 58
25 68 25 61 64 68
0 73 0 10 34 67 73
54 78 54 59 66 78
2 49 2 18 21 26 28 37 49
10 56 10 17 20 26 28 35 56
50 76 50 60 69 76
4 57 4 13 36 43 44 55 57
55 63 55 63
56 74 56 74
8 63 8 28 35 43 44 55 57 63
29 76 29 48 54 59 64 69 76
0 29 0 10 24 27 29
11 20 11 20
44 51 44 51
18 21 18 21
50 59 50 59
60 69 60 69
17 65 17 29 48 54 59 65
25 40 25 40
44 80 44 61 75 80
16 53 16 35 41 53
46 89 46 77 89
21 55 21 26 55
17 66 17 29 43 44 51 60 66
0 73 0 20 32 58 73
23 77 23 37 59 66 77
12 58 12 32 58
27 65 27 32 44 55 57 65
35 63 35 41 63
48 68 48 61 64 68
87 88 87 88
37 72 37 49 72
16 29 16 29
9 88 9 50 82 85 88
41 74 41 57 74
26 39 26 28 35 39
55 63 55 57 63
45 67 45 55 58 67
5 6 5 6
25 38 25 38
38 67 38 41 50 51 58 67
3 43 3 15 22 25 35 43
4 69 4 69
15 66 15 21 42 51 59 66
4 28 4 13 16 23 28
28 42 28 37 40 42
12 33 12 17 33
28 75 28 49 51 58 61 75
25 72 25 38 42 62 72
2 41 2 23 25 35 41
4 9 4 8 9
20 49 20 30 34 38 41 49
38 80 38 70 72 78 80
11 65 11 35 56 62 65
25 87 25 62 72 87
4 21 4 13 14 19 21
22 84 22 43 70 72 78 84
33 77 33 67 77
75 88 75 78 81 83 86 88
45 79 45 55 79
5 76 5 64 68 69 76
16 49 16 28 35 41 49
23 43 23 35 43
28 46 28 46
5 32 5 7 14 19 20 32
38 78 38 60 66 78
44 79 44 79
0 28 0 10 17 20 26 28
75 80 75 80
41 68 41 50 59 64 68
25 33 25 33
30 82 30 50 51 60 82
60 69 60 69
59 69 59 64 68 69
12 48 12 17 20 32 48
11 71 11 58 64 71
32 73 32 51 58 67 73
15 65 15 26 38 41 50 51 59 65
1 26 1 2 18 20 26
32 54 32 48 54
21 79 21 26 55 79
15 75 15 22 34 48 54 75
66 83 66 71 83
18 76 18 22 59 64 69 76
40 46 40 42 46
9 79 9 16 27 32 48 79
67 85 67 82 85
20 75 20 26 55 58 61 75
33 66 33 51 60 66
5 23 5 6 16 23
26 69 26 69
29 64 29 43 44 64
1 37 1 26 28 37
4 34 4 8 9 17 20 30 34
15 85 15 26 42 70 72 82 85
13 76 13 16 48 61 64 69 76
5 19 5 7 14 19
27 64 27 44 64
18 69 18 21 40 51 58 64 69
7 84 7 29 43 47 67 72 78 84
10 30 10 24 30
26 88 26 28 64 87 88
10 84 10 48 72 78 84
11 74 11 68 74
28 41 28 35 41
61 88 61 88
44 86 44 55 57 80 83 86
40 42 40 42
6 41 6 27 34 38 41
30 74 30 68 74
44 59 44 51 59
22 86 22 59 71 83 86
51 64 51 58 61 64
43 66 43 44 51 59 66
23 40 23 28 37 40
48 71 48 52 71
7 69 7 64 69
31 44 31 43 44
35 61 35 39 58 61
79 84 79 84
8 60 8 41 49 51 60
9 26 9 17 20 26
33 62 33 37 40 42 62
44 59 44 51 59
41 61 41 49 51 58 61
80 88 80 83 86 88
23 74 23 55 58 64 68 74
21 66 21 40 60 66
48 81 48 79 81
0 71 0 52 71
11 61 11 21 42 51 58 61
51 85 51 58 61 75 78 85
1 58 1 58
4 21 4 8 13 14 19 21
2 9 2 9
8 57 8 13 36 55 57
12 47 12 32 47
6 54 6 21 26 28 37 48 54
16 48 16 29 48
66 78 66 78
27 65 27 32 51 59 65
30 54 30 54
41 75 41 49 51 58 61 75
22 55 22 34 45 55
18 73 18 20 30 34 44 55 67 73
6 78 6 40 51 58 67 72 78
13 82 13 48 75 82
22 44 22 25 35 43 44
22 84 22 33 61 75 78 84
10 63 10 30 39 57 63
24 52 24 27 32 48 52
3 27 3 9 16 24 27
24 78 24 34 38 70 72 78
45 63 45 57 63
33 40 33 37 40
25 87 25 33 52 64 69 87
3 15 3 15
2 80 2 57 78 80
12 48 12 32 48
36 82 36 37 72 82
7 88 7 64 68 69 87 88
80 81 80 81
29 69 29 43 64 68 69
26 80 26 38 41 49 72 78 80
55 58 55 58
6 83 6 80 81 83
9 30 9 13 14 19 20 30
24 66 24 29 36 60 66
11 71 11 33 49 51 59 64 71
5 84 5 70 71 84
36 64 36 37 40 42 51 58 61 64
53 88 53 84 88
10 47 10 24 34 47
16 38 16 23 25 38
4 30 4 8 13 24 30
10 71 10 24 64 71
1 50 1 7 15 22 34 45 50
21 85 21 26 68 74 82 85
7 22 7 15 22
60 77 60 66 77
72 78 72 78
58 67 58 67
16 35 16 23 25 35
13 46 13 14 28 37 40 42 46
53 72 53 72
28 81 28 78 81
12 46 12 24 27 34 38 42 46
52 89 52 71 83 89
26 55 26 55
54 73 54 73
26 70 26 28 37 40 42 70
30 79 30 34 38 41 79
40 62 40 42 62
21 54 21 26 28 37 48 54
41 59 41 50 59
44 64 44 55 58 61 64
26 72 26 28 35 56 62 72
16 78 16 48 61 75 78
26 69 26 55 61 64 68 69
39 72 39 58 67 72
0 20 0 20
5 69 5 37 51 59 64 69
15 49 15 26 38 41 49
22 47 22 31 43 47
8 45 8 34 45
59 81 59 66 78 81
17 70 17 70
54 69 54 59 69
1 44 1 3 30 34 44
26 53 26 28 41 53
8 16 8 13 16
44 64 44 51 59 64
36 71 36 66 71
18 58 18 20 26 38 41 49 51 58
63 82 63 82
37 87 37 77 87
44 69 44 51 64 68 69
13 76 13 26 55 58 64 68 69 76
14 34 14 19 20 30 34
14 19 14 19
79 86 79 81 83 86
32 48 32 48
44 84 44 84
45 65 45 57 65
4 33 4 23 25 33
23 79 23 55 79
8 54 8 28 37 48 54
23 37 23 28 37
3 64 3 16 48 61 64
2 33 2 18 22 25 33
4 87 4 41 66 77 87
5 73 5 36 43 47 67 73
36 48 36 48
17 39 17 20 30 39
7 57 7 42 57
12 20 12 17 20
12 47 12 32 47
62 82 62 72 82
19 33 19 33
36 59 36 59
59 84 59 64 71 84
29 74 29 37 51 59 64 68 74
24 72 24 30 48 72
35 77 35 41 67 77
5 59 5 25 33 37 59
0 37 0 24 29 37
1 32 1 13 20 32
38 49 38 41 49
2 80 2 78 80
8 63 8 40 42 57 63
12 84 12 57 78 84
13 72 13 48 72
20 72 20 40 72
18 58 18 20 30 39 58
18 69 18 21 58 61 64 68 69
18 76 18 76
66 78 66 78
51 85 51 67 82 85
30 44 30 34 44
2 14 2 14
36 55 36 55
16 64 16 31 56 64
9 16 9 16
8 37 8 28 37
44 57 44 55 57
4 27 4 8 9 24 27
52 89 52 83 89
27 54 27 32 48 54
28 75 28 35 39 58 61 75
18 77 18 34 47 77
19 62 19 56 62
54 65 54 59 65
22 66 22 34 45 50 51 59 66
19 75 19 20 26 38 41 50 51 58 61 75
31 39 31 39
37 66 37 48 54 59 66
17 66 17 20 40 60 66
2 89 2 89
39 60 39 60
20 40 20 26 28 37 40
6 29 6 17 29
15 49 15 26 28 41 49
22 80 22 31 39 58 61 75 78 80
36 60 36 43 44 51 60
33 51 33 49 51
13 56 13 28 35 56
31 52 31 43 52
16 43 16 29 43
48 87 48 72 87
37 76 37 52 64 68 69 76
59 65 59 65
3 89 3 64 71 84 89
11 71 11 20 40 60 66 71
21 64 21 58 61 64
67 80 67 72 78 80
25 88 25 69 88
48 76 48 52 64 68 69 76
19 41 19 38 41
2 63 2 14 25 57 63
32 85 32 44 78 85
28 86 28 49 72 78 80 81 83 86
8 68 8 34 47 61 64 68
23 46 23 25 33 46
48 86 48 72 86
26 88 26 67 77 87 88
45 74 45 52 64 68 74
20 57 20 26 38 42 57
6 73 6 73
13 40 13 28 37 40
35 79 35 43 44 79
26 70 26 40 42 70
6 57 6 17 32 44 55 57
17 63 17 25 38 63
6 21 6 18 21
36 83 36 43 47 83
42 68 42 51 58 68
25 68 25 38 41 50 51 59 64 68
46 88 46 77 87 88
13 50 13 14 30 41 50
35 59 35 41 49 51 59
12 77 12 32 48 54 67 77
56 82 56 74 82
45 66 45 54 59 66
29 83 29 70 71 83
27 72 27 34 47 67 72
0 75 0 43 44 51 58 61 75
18 43 18 21 26 28 35 43
6 47 6 21 26 28 35 43 47
9 71 9 24 27 70 71
61 74 61 64 68 74
16 35 16 35
32 59 32 44 51 59
21 78 21 26 55 67 72 78
6 76 6 21 58 61 64 69 76
11 37 11 21 26 28 37
17 68 17 25 40 42 51 59 64 68
34 53 34 44 53
23 46 23 37 40 42 46
7 64 7 41 59 64
25 67 25 40 42 51 67
26 67 26 40 51 58 67
51 86 51 60 66 71 83 86
64 69 64 68 69
5 20 5 6 18 20
5 44 5 7 29 43 44
43 62 43 62
6 43 6 21 26 28 35 43
14 67 14 30 54 67
61 74 61 64 68 74
57 88 57 83 88
37 65 37 51 59 65
7 33 7 15 22 33
29 69 29 48 61 64 68 69
13 89 13 48 61 75 80 81 83 89
47 76 47 61 64 68 69 76
10 54 10 34 48 54
1 40 1 19 21 40
37 65 37 65
45 75 45 50 51 58 61 75
5 79 5 79
49 89 49 51 59 71 83 89
51 77 51 67 77
62 78 62 72 78
53 81 53 80 81
21 47 21 26 28 35 43 47
23 40 23 25 33 37 40
16 40 16 28 37 40
3 82 3 58 64 68 74 82
64 87 64 68 69 87
12 37 12 24 27 29 36 37
80 89 80 81 83 89
0 73 0 47 67 73
66 83 66 83
24 43 24 43
24 88 24 83 88
58 61 58 61
64 71 64 71
15 58 15 58
23 65 23 35 56 62 65
45 50 45 50
11 21 11 21
5 19 5 7 14 19
6 18 6 18
36 64 36 37 49 51 64
70 88 70 82 85 88
70 88 70 81 83 88
24 44 24 32 44
28 78 28 35 72 78
40 42 40 42
23 65 23 55 57 63 65
45 77 45 50 59 66 77
12 45 12 24 34 45
40 57 40 42 57
50 82 50 82
78 81 78 81
37 77 37 59 77
17 58 17 29 36 37 49 51 58
42 51 42 51
26 75 26 75
17 89 17 25 89
31 61 31 43 44 55 61
3 82 3 64 82
31 61 31 39 58 61
1 9 1 3 9
37 72 37 40 72
14 40 14 19 21 26 28 37 40
55 73 55 58 67 73
5 64 5 52 64
1 39 1 39
25 59 25 33 51 59
16 89 16 23 32 53 80 83 89
15 31 15 22 31
32 54 32 48 54
6 86 6 30 41 78 81 83 86
19 62 19 20 40 42 62
17 83 17 20 79 83
22 35 22 25 35
8 47 8 13 14 28 35 43 47
26 85 26 75 78 85
10 70 10 30 34 38 70
26 72 26 55 67 72
48 71 48 52 71
8 83 8 40 72 78 81 83
17 59 17 32 48 54 59
49 75 49 51 58 61 75
2 53 2 18 20 32 53
10 52 10 52
37 66 37 40 42 51 59 66
24 53 24 43 44 53
66 82 66 71 82
21 71 21 59 71
28 40 28 37 40
37 59 37 51 59
27 64 27 52 64
27 37 27 29 36 37
32 66 32 66
17 25 17 25
8 85 8 13 28 68 74 82 85
28 37 28 37
15 30 15 30
37 49 37 49
39 71 39 60 66 71
14 19 14 19
13 59 13 14 30 44 51 59
6 78 6 15 30 44 78
23 63 23 35 41 57 63
35 80 35 63 80
16 87 16 38 70 72 87
27 79 27 32 44 79
34 53 34 44 53
22 68 22 43 52 64 68
29 63 29 43 44 55 57 63
7 44 7 14 34 44
17 81 17 25 79 81
19 33 19 33
29 53 29 43 44 53
0 33 0 17 33
22 82 22 62 63 82
61 75 61 75
2 71 2 14 42 70 71
41 51 41 50 51
13 83 13 72 78 81 83
43 65 43 65
24 81 24 55 57 72 78 80 81
49 68 49 51 59 64 68
3 46 3 38 42 46
17 38 17 20 30 34 38
8 20 8 9 20
37 69 37 51 58 64 69
54 59 54 59
3 25 3 16 23 25
25 74 25 57 74
13 74 13 64 68 74
42 88 42 87 88
21 43 21 26 28 35 43
18 53 18 22 31 43 44 53
6 35 6 17 25 35
61 71 61 64 71
41 49 41 49
24 75 24 29 75
53 83 53 72 78 81 83
13 76 13 14 28 64 68 69 76
3 75 3 14 31 39 58 61 75
44 65 44 51 59 65
51 58 51 58
17 63 17 20 40 63
53 82 53 72 82
23 78 23 78
18 89 18 22 43 70 81 83 89
3 52 3 16 29 36 43 52
27 82 27 53 72 82
66 82 66 71 82
17 44 17 29 43 44
41 74 41 49 51 59 64 68 74
30 84 30 41 57 72 78 84
25 62 25 33 37 40 42 62
41 57 41 57
21 66 21 40 42 51 60 66
8 30 8 9 17 20 30
4 17 4 8 9 17
9 57 9 13 24 32 44 55 57
22 35 22 25 35
9 40 9 13 29 36 37 40
13 27 13 16 24 27
1 65 1 37 65
7 83 7 29 75 78 80 81 83
12 44 12 26 28 35 43 44
28 64 28 41 49 51 58 64
9 55 9 16 28 35 43 44 55
0 79 0 45 55 79
29 36 29 36
41 57 41 57
6 57 6 17 20 32 44 55 57
9 66 9 24 50 60 66
6 40 6 16 24 27 29 36 37 40
0 17 0 17
18 38 18 34 38
58 81 58 61 75 80 81
0 28 0 17 20 26 28
22 82 22 59 66 71 82
62 63 62 63
25 66 25 40 51 59 66
35 77 35 43 77
42 64 42 64
18 65 18 20 26 28 35 43 62 63 65
9 60 9 20 39 60
24 81 24 30 34 38 60 66 78 81
3 89 3 16 27 58 67 72 78 81 83 89
30 88 30 80 83 88
26 88 26 67 72 87 88
48 65 48 54 59 65
58 82 58 67 82
14 65 14 31 43 44 55 63 65
31 52 31 43 52
5 62 5 37 40 42 62
20 55 20 26 28 35 43 44 55
41 53 41 53
14 51 14 31 43 44 51
24 27 24 27
6 62 6 15 30 34 38 42 62
4 77 4 49 51 59 77
22 58 22 34 38 41 49 51 58
75 83 75 80 83
43 47 43 47
32 89 32 44 55 61 64 81 83 89
20 73 20 30 48 54 73
14 30 14 19 20 30
30 72 30 53 72
44 55 44 55
42 62 42 62
28 82 28 37 59 71 82
6 37 6 15 22 33 37
40 72 40 51 58 67 72
19 56 19 20 26 28 35 56
25 47 25 35 43 47
4 88 4 82 85 88
31 71 31 43 70 71
1 14 1 2 14
24 29 24 27 29
39 74 39 58 68 74
11 57 11 21 42 57
7 65 7 42 51 59 65
5 54 5 7 14 30 34 45 54
38 65 38 65
26 56 26 28 35 56
35 66 35 59 66
12 61 12 47 61
10 30 10 24 30
17 80 17 70 72 78 80
3 76 3 30 39 69 76
64 87 64 69 87
59 89 59 66 83 89
39 74 39 57 74
18 76 18 34 47 61 64 68 69 76
7 85 7 28 78 85
3 43 3 21 26 28 35 43
22 87 22 43 87
42 62 42 62
58 80 58 67 72 78 80
17 78 17 32 51 59 66 78
16 59 16 31 43 44 51 59
53 88 53 88
45 52 45 52
11 70 11 20 26 28 37 40 42 70
9 81 9 60 66 78 80 81
35 68 35 59 64 68
75 78 75 78
6 66 6 30 54 59 66
10 81 10 60 66 78 81
57 89 57 63 83 89
2 19 2 14 19
46 89 46 77 89
9 86 9 24 81 83 86
46 89 46 77 89
24 27 24 27
4 20 4 13 14 19 20
24 47 24 29 36 43 47
3 44 3 16 29 36 43 44
64 81 64 81
6 43 6 17 20 26 28 35 43
38 42 38 42
24 36 24 29 36
14 75 14 19 38 42 51 58 61 75
34 67 34 67
56 80 56 78 80
33 73 33 39 58 67 73
40 85 40 85
51 86 51 86
24 27 24 27
78 85 78 85
17 82 17 51 58 61 75 82
22 61 22 25 35 39 58 61
52 77 52 67 77
40 73 40 42 51 67 73
16 64 16 48 54 59 64
37 72 37 40 72
8 65 8 13 29 37 48 54 59 65
84 89 84 89
78 80 78 80
6 39 6 18 22 31 39
61 76 61 64 69 76
13 50 13 29 36 50
26 43 26 28 35 43
24 73 24 50 51 58 73
2 33 2 23 25 33
29 57 29 43 44 55 57
37 89 37 72 78 80 81 83 89
13 84 13 84
36 48 36 48
60 66 60 66
54 75 54 75
15 39 15 30 39
6 35 6 18 22 25 35
36 48 36 37 48
63 86 63 83 86
5 72 5 44 55 58 67 72
18 76 18 21 59 69 76
21 42 21 40 42
14 82 14 59 64 82
10 47 10 17 25 35 43 47
36 61 36 48 61
32 67 32 47 67
30 46 30 39 46
6 60 6 27 32 51 60
49 76 49 76
9 24 9 13 24
6 32 6 24 32
15 87 15 26 38 70 72 87
49 67 49 51 67
13 59 13 26 40 51 59
11 39 11 33 39
13 24 13 24
51 81 51 64 80 81
36 49 36 37 49
51 88 51 58 77 87 88
35 76 35 59 64 69 76
0 51 0 43 44 51
49 72 49 51 67 72
10 86 10 63 83 86
20 56 20 56
22 65 22 62 63 65
20 66 20 59 66
13 26 13 26
30 51 30 41 50 51
12 20 12 17 20
44 59 44 51 59
1 48 1 26 28 37 48
28 42 28 37 40 42
18 33 18 22 25 33
38 81 38 60 66 78 80 81
62 74 62 74
6 29 6 16 24 29
17 30 17 20 30
61 80 61 75 78 80
53 86 53 72 78 81 83 86
34 44 34 44
28 86 28 41 63 83 86
10 32 10 24 32
5 41 5 7 27 34 38 41
14 89 14 19 78 80 83 89
39 67 39 58 67
16 38 16 23 25 38
19 55 19 43 44 55
7 29 7 29
6 79 6 30 34 79
38 64 38 42 64
0 31 0 13 16 31
54 82 54 75 82
14 57 14 42 57
21 66 21 26 28 41 50 60 66
0 21 0 13 14 19 21
74 85 74 85
64 88 64 69 87 88
25 56 25 35 56
2 89 2 14 31 56 64 81 83 89
10 39 10 24 30 39
22 56 22 25 35 56
51 80 51 59 66 78 80
57 65 57 63 65
40 68 40 68
12 43 12 29 43
11 33 11 33
48 81 48 52 67 72 78 80 81
58 68 58 61 64 68
10 56 10 17 25 35 56
56 85 56 78 85
1 13 1 13
18 51 18 20 32 51
28 89 28 35 72 78 80 83 89
56 78 56 62 72 78
54 81 54 78 81
28 75 28 49 51 58 61 75
48 79 48 79
43 68 43 47 61 64 68
55 64 55 61 64
27 89 27 29 48 61 75 78 80 81 83 89
40 60 40 42 51 60
75 83 75 83
32 75 32 51 58 61 75
28 66 28 41 66
33 59 33 37 59
3 83 3 9 50 59 64 71 83
7 56 7 56
7 62 7 14 42 62
29 40 29 37 40
16 35 16 23 25 35
30 85 30 54 67 72 78 85
0 31 0 13 14 31
0 16 0 13 16
4 68 4 23 49 51 59 64 68
7 62 7 43 62
17 79 17 32 44 79
20 55 20 32 44 55
53 86 53 72 78 81 83 86
32 83 32 66 78 80 83
24 55 24 34 45 55
51 87 51 64 69 87
27 63 27 32 44 55 63
50 69 50 60 69
18 34 18 22 34
0 34 0 10 34
30 88 30 68 69 88
8 30 8 13 14 30
4 41 4 8 41
35 58 35 43 44 55 58
58 68 58 64 68
54 88 54 75 88
27 40 27 29 37 40
27 62 27 29 37 40 42 62
60 82 60 82
7 43 7 29 43
42 89 42 57 80 81 83 89
19 47 19 43 47
3 14 3 14
71 88 71 83 86 88
16 49 16 23 28 49
2 67 2 31 43 47 67
4 64 4 13 29 43 47 61 64
35 79 35 41 79
24 70 24 34 38 41 70
42 82 42 70 71 82
7 29 7 29
12 37 12 37
0 67 0 67
30 86 30 41 50 60 66 71 83 86
61 75 61 75
35 72 35 43 47 67 72
8 16 8 13 16
31 72 31 56 62 72
7 42 7 40 42
2 45 2 13 20 30 34 45
24 50 24 50
37 61 37 40 42 51 58 61
16 29 16 29
7 78 7 27 70 72 78
0 21 0 13 14 19 21
35 56 35 56
31 63 31 56 62 63
40 62 40 42 62
24 47 24 29 36 43 47
40 67 40 51 58 67
44 85 44 61 75 78 85
34 44 34 44
55 58 55 58
13 83 13 29 37 59 71 83
14 76 14 68 69 76
25 60 25 38 42 51 60
3 13 3 9 13
20 76 20 26 69 76
71 88 71 82 85 88
35 88 35 63 80 83 86 88
7 36 7 29 36
34 58 34 45 55 58
4 58 4 23 32 44 51 58
5 74 5 37 52 64 68 74
28 69 28 58 68 69
55 79 55 79
4 43 4 8 28 35 43
29 82 29 70 72 82
31 81 31 43 52 80 81
52 74 52 64 68 74
40 70 40 42 70
34 66 34 45 54 59 66
43 80 43 62 72 78 80
33 39 33 39
43 65 43 44 51 59 65
15 69 15 26 38 41 50 60 69
1 7 1 7
57 63 57 63
6 85 6 15 30 44 51 59 66 71 82 85
55 74 55 61 64 68 74
20 40 20 26 40
70 72 70 72
27 79 27 34 44 55 79
61 76 61 64 68 69 76
14 31 14 31
48 87 48 61 64 69 87
29 79 29 48 79
7 49 7 15 30 41 49
31 63 31 56 62 63
6 66 6 37 40 51 60 66
54 78 54 67 72 78
3 44 3 14 25 35 43 44
9 82 9 13 64 71 82
1 22 1 2 18 22
56 64 56 64
38 76 38 41 50 60 69 76
66 71 66 71
61 64 61 64
53 72 53 72
6 78 6 27 53 72 78
2 70 2 33 37 40 42 70
44 88 44 51 64 69 88
17 74 17 51 64 68 74
33 78 33 67 72 78
1 19 1 3 14 19
7 85 7 62 63 82 85
19 40 19 21 40
20 35 20 26 28 35
63 80 63 80
62 89 62 72 78 81 83 89
2 51 2 33 49 51
71 84 71 84
12 30 12 24 30
21 38 21 26 38
27 66 27 32 48 54 59 66
16 78 16 31 56 62 72 78
38 89 38 42 46 77 89
8 44 8 34 44
19 44 19 20 32 44
19 40 19 20 26 28 37 40
30 47 30 34 47
14 42 14 30 34 38 42
44 72 44 51 58 67 72
0 34 0 20 30 34
58 67 58 67
12 69 12 17 58 61 64 69
24 81 24 30 44 78 81
3 89 3 38 89
16 45 16 27 34 45
2 56 2 23 28 35 56
38 57 38 41 57
34 60 34 44 51 60
6 66 6 16 48 54 59 66
45 52 45 52
19 54 19 21 26 28 37 48 54
16 45 16 27 34 45
34 66 34 48 54 59 66
41 81 41 53 80 81
45 50 45 50
8 65 8 40 51 59 65
39 76 39 69 76
25 89 25 79 84 89
19 39 19 33 39
24 65 24 32 51 59 65
0 80 0 52 64 80
29 57 29 37 40 42 57
29 68 29 36 43 64 68
50 82 50 82
14 76 14 30 48 61 64 68 69 76
62 82 62 74 82
25 82 25 61 75 82
24 72 24 54 72
7 45 7 27 34 45
10 86 10 60 66 71 83 86
13 76 13 16 35 41 49 69 76
10 53 10 30 34 38 41 53
11 30 11 20 30
2 25 2 9 16 23 25
1 9 1 2 9
17 50 17 29 36 50
22 35 22 25 35
13 46 13 14 42 46
1 54 1 26 28 37 48 54
41 68 41 59 64 68
72 81 72 78 80 81
32 69 32 58 61 64 69
48 86 48 52 64 71 83 86
41 88 41 70 82 85 88
9 20 9 13 14 19 20
35 77 35 41 49 51 60 66 77
43 46 43 46
5 18 5 6 18
3 76 3 30 54 59 69 76
62 74 62 74
22 37 22 33 37
1 65 1 13 24 54 59 65
30 55 30 44 55
3 77 3 38 41 50 51 60 66 77
12 29 12 24 29
11 45 11 20 30 34 45
24 39 24 30 39
15 51 15 26 40 51
7 35 7 14 25 35
17 28 17 20 26 28
3 71 3 21 59 71
45 67 45 52 67
14 62 14 31 56 62
50 81 50 59 66 78 80 81
30 65 30 65
44 67 44 55 67
19 21 19 21
53 80 53 72 78 80
60 86 60 66 78 80 81 83 86
53 80 53 72 78 80
63 86 63 80 83 86
33 76 33 39 76
18 73 18 34 67 73
80 89 80 81 83 89
35 79 35 41 79
35 82 35 72 82
18 53 18 20 26 38 41 53
0 74 0 47 61 64 68 74
4 71 4 70 71
15 68 15 21 26 68
52 64 52 64
12 70 12 24 34 38 70
54 83 54 81 83
56 84 56 64 71 84
2 62 2 56 62
14 68 14 30 41 59 64 68
15 45 15 22 34 45
26 47 26 28 35 43 47
31 89 31 89
44 59 44 51 59
20 66 20 30 39 60 66
44 67 44 51 67
6 79 6 27 34 48 79
36 49 36 37 49
3 51 3 27 32 44 51
30 60 30 50 51 60
21 54 21 26 28 37 48 54
8 21 8 13 14 19 21
11 69 11 68 69
85 88 85 88
21 58 21 58
9 57 9 57
49 68 49 51 59 64 68
2 25 2 14 25
18 71 18 59 71
13 89 13 84 89
11 51 11 33 37 51
70 72 70 72
14 70 14 19 20 40 42 70
20 64 20 32 44 55 58 64
69 76 69 76
63 80 63 80
82 85 82 85
62 85 62 74 85
4 85 4 68 74 85
2 17 2 9 17
53 82 53 72 82
18 45 18 20 30 34 45
53 77 53 77
32 73 32 44 51 58 73
6 79 6 18 34 79
68 88 68 74 82 85 88
5 7 5 7
72 86 72 86
17 53 17 29 36 43 44 53
61 88 61 75 83 88
38 63 38 63
24 58 24 34 44 55 58
52 89 52 89
8 55 8 34 44 55
19 56 19 56
19 39 19 21 26 28 35 39
15 58 15 21 58
9 30 9 16 24 30
6 81 6 80 81
12 56 12 26 28 35 56
29 76 29 37 40 60 69 76
23 74 23 49 51 58 61 64 68 74
59 74 59 64 68 74
51 69 51 64 68 69
45 66 45 54 59 66
4 71 4 23 25 40 42 51 60 66 71
37 48 37 48
26 46 26 38 42 46
27 37 27 29 37
2 39 2 31 39
20 46 20 39 46
26 42 26 40 42
17 43 17 29 43
24 55 24 30 34 45 55
8 46 8 28 35 39 46
21 85 21 42 70 72 78 85
10 56 10 17 20 56
10 44 10 24 34 44
27 70 27 29 37 40 42 70
21 89 21 59 66 71 83 89
21 37 21 26 28 37
20 75 20 30 48 75
51 59 51 59
0 37 0 17 33 37
2 58 2 33 37 49 51 58
3 51 3 9 20 26 28 37 51
15 76 15 58 64 69 76
1 43 1 2 31 43
39 67 39 58 67
9 62 9 62
27 29 27 29
11 77 11 20 55 67 77
25 59 25 38 42 51 59
70 82 70 71 82
63 82 63 82
31 61 31 43 47 61
57 72 57 72
34 45 34 45
10 40 10 17 29 36 37 40
37 46 37 40 42 46
44 61 44 51 58 61
18 83 18 22 62 72 78 81 83
24 45 24 34 45
43 69 43 52 64 68 69
63 82 63 82
0 51 0 13 16 27 29 43 44 51
44 75 44 55 58 61 75
80 86 80 81 83 86
16 43 16 23 35 43
62 89 62 63 83 89
3 17 3 9 17
2 75 2 23 49 51 58 61 75
48 68 48 61 64 68
9 73 9 16 73
11 39 11 33 39
6 61 6 16 44 51 58 61
62 65 62 65
30 48 30 48
20 50 20 30 34 45 50
34 73 34 45 67 73
5 41 5 7 41
8 76 8 28 64 69 76
25 60 25 35 39 60
22 83 22 34 44 53 72 78 80 81 83
24 38 24 34 38
11 35 11 21 26 28 35
35 88 35 82 85 88
0 21 0 13 14 19 21
24 70 24 30 41 70
32 51 32 51
11 30 11 20 30
35 89 35 41 72 78 80 83 89
13 56 13 26 28 35 56
14 70 14 34 38 70
49 74 49 51 59 64 68 74
26 38 26 38
5 32 5 6 27 32
2 83 2 23 66 78 80 81 83
41 70 41 70
17 28 17 20 26 28
18 41 18 22 34 38 41
23 54 23 32 48 54
43 89 43 77 89
18 65 18 34 45 63 65
12 57 12 24 55 57
17 89 17 25 80 83 89
2 39 2 23 35 39
2 67 2 13 48 52 67
51 88 51 67 82 85 88
8 43 8 28 35 43
18 77 18 34 47 77
23 67 23 32 44 55 67
38 49 38 41 49
3 76 3 9 20 39 58 68 69 76
51 89 51 64 81 83 89
63 81 63 80 81
44 73 44 51 67 73
19 43 19 21 26 28 35 43
1 61 1 58 61
62 87 62 72 87
37 60 37 40 51 60
14 28 14 28
74 82 74 82
23 67 23 55 58 67
41 75 41 49 51 58 61 75
57 78 57 72 78
19 42 19 33 37 40 42
38 89 38 89
62 81 62 72 78 80 81
11 63 11 35 43 62 63
37 73 37 40 42 51 58 73
4 30 4 30
48 72 48 52 67 72
33 59 33 49 51 59
34 58 34 45 55 58
70 89 70 71 83 89
37 89 37 48 72 78 80 81 83 89
8 60 8 13 14 19 21 42 51 60
2 60 2 23 32 44 51 60
27 62 27 34 38 42 62
30 86 30 44 53 80 83 86
36 55 36 55
44 61 44 55 58 61
34 73 34 48 54 67 73
49 69 49 69
17 64 17 52 64
41 76 41 50 59 64 68 69 76
3 41 3 15 22 34 38 41
16 68 16 29 36 50 51 64 68
14 40 14 25 40
30 87 30 34 47 67 77 87
4 63 4 13 20 26 28 35 56 62 63
14 75 14 19 43 47 75
0 86 0 27 86
23 63 23 32 44 55 57 63
0 79 0 17 25 35 41 79
64 81 64 81
4 26 4 8 9 17 20 26
48 61 48 61
56 64 56 64
20 54 20 32 48 54
34 44 34 44
2 52 2 13 24 43 52
51 80 51 67 72 78 80
81 88 81 83 86 88
54 77 54 59 77
5 54 5 7 15 26 28 37 48 54
21 43 21 26 28 35 43
31 88 31 68 69 87 88
6 27 6 24 27
22 62 22 62
25 86 25 63 80 83 86
7 88 7 27 78 85 88
12 85 12 44 51 67 82 85
70 82 70 71 82
37 89 37 40 51 60 66 78 80 83 89
41 59 41 49 51 59
2 37 2 18 22 33 37
17 20 17 20
28 75 28 58 61 75
3 22 3 15 22
15 69 15 22 33 37 40 60 69
37 76 37 48 54 59 64 69 76
37 61 37 51 58 61
17 81 17 20 66 78 80 81
17 80 17 33 52 67 72 78 80
35 82 35 82
34 48 34 48
22 25 22 25
5 76 5 64 68 69 76
50 51 50 51
15 49 15 21 26 38 41 49
22 81 22 25 33 78 80 81
26 80 26 42 62 63 80
60 82 60 66 71 82
55 72 55 58 67 72
20 57 20 40 42 57
8 32 8 9 17 20 32
45 55 45 55
41 78 41 70 72 78
10 53 10 44 53
35 43 35 43
35 39 35 39
28 77 28 49 51 60 66 77
3 58 3 15 58
44 73 44 73
47 77 47 67 77
11 34 11 20 30 34
14 88 14 59 77 88
15 87 15 22 31 39 46 77 87
8 50 8 41 50
20 57 20 55 57
17 33 17 25 33
26 70 26 40 42 70
67 80 67 72 78 80
9 35 9 20 26 28 35
44 51 44 51
24 27 24 27
2 71 2 60 66 71
4 57 4 30 34 38 41 57
35 56 35 56
3 48 3 15 21 26 28 37 48
31 79 31 43 44 55 79
13 64 13 64
30 76 30 39 60 69 76
0 33 0 17 25 33
7 89 7 56 64 71 84 89
46 77 46 77
56 78 56 78
12 46 12 26 40 42 46
13 40 13 14 19 20 40
14 28 14 19 20 26 28
37 66 37 59 66
37 74 37 52 64 68 74
1 48 1 19 20 30 48
42 57 42 57
14 35 14 25 35
44 58 44 51 58
27 66 27 44 51 59 66
5 18 5 6 18
79 80 79 80
51 88 51 64 82 85 88
24 66 24 50 60 66
4 87 4 68 69 87
40 72 40 51 67 72
0 61 0 47 61
0 75 0 20 39 58 61 75
19 52 19 33 37 48 52
2 66 2 31 43 44 51 59 66
11 61 11 58 61
9 49 9 17 33 37 49
15 75 15 30 44 55 61 75
8 16 8 13 16
37 84 37 51 59 71 84
3 21 3 15 21
49 51 49 51
10 63 10 63
33 51 33 51
19 82 19 20 66 71 82
1 80 1 7 33 51 80
54 81 54 81
40 42 40 42
18 35 18 22 25 35
56 62 56 62
8 54 8 13 36 48 54
16 49 16 24 30 41 49
28 81 28 64 80 81
11 59 11 59
17 32 17 20 32
4 87 4 49 72 87
33 62 33 62
8 72 8 28 49 72
28 57 28 35 41 57
8 44 8 34 44
37 59 37 49 51 59
39 60 39 60
21 55 21 26 28 35 43 44 55
64 68 64 68
10 48 10 30 48
36 60 36 60
1 89 1 37 59 64 71 84 89
56 82 56 64 68 74 82
14 59 14 34 44 51 59
66 77 66 77
3 41 3 16 28 41
60 87 60 66 77 87
30 88 30 54 71 84 88
45 74 45 64 68 74
16 35 16 28 35
41 61 41 49 51 58 61
14 51 14 34 45 50 51
44 53 44 53
19 41 19 20 26 38 41
12 47 12 27 32 47
56 74 56 74
56 78 56 78
8 32 8 13 24 27 32
28 77 28 58 77
32 51 32 51
30 60 30 39 60
12 17 12 17
66 89 66 77 89
2 23 2 23
9 76 9 17 58 68 69 76
41 50 41 50
47 77 47 67 77
6 42 6 30 34 38 42
41 57 41 57
34 42 34 38 42
13 49 13 36 37 49
12 37 12 27 29 37
11 20 11 20
24 29 24 29
2 45 2 14 30 34 45
1 13 1 3 9 13
24 41 24 30 41
1 26 1 7 14 19 21 26
28 50 28 35 41 50
18 80 18 22 34 67 72 78 80
3 13 3 9 13
13 50 13 24 29 36 50
82 88 82 85 88
36 71 36 48 52 71
10 24 10 24
29 74 29 48 52 64 68 74
52 68 52 64 68
23 58 23 49 51 58
27 53 27 32 44 53
50 59 50 51 59
43 68 43 52 64 68
43 79 43 44 55 79
59 68 59 64 68
9 52 9 20 32 48 52
7 70 7 41 70
0 70 0 43 70
10 56 10 17 20 26 28 35 56
59 64 59 64
17 62 17 20 26 38 42 62
47 72 47 67 72
7 43 7 43
28 63 28 35 43 62 63
3 9 3 9
0 24 0 24
2 72 2 70 72
17 81 17 55 57 63 80 81
22 62 22 31 43 62
85 88 85 88
75 83 75 80 83
5 79 5 6 31 43 44 55 79
6 32 6 27 32
27 64 27 34 38 42 51 59 64
7 67 7 43 47 67
30 87 30 48 52 64 68 69 87
9 55 9 17 25 35 43 44 55
21 78 21 40 51 59 66 78
14 35 14 19 20 26 28 35
4 49 4 8 28 35 41 49
20 39 20 30 39
9 86 9 71 83 86
66 71 66 71
7 26 7 14 19 21 26
27 47 27 34 47
57 82 57 72 82
43 62 43 62
40 89 40 72 78 84 89
25 74 25 38 41 50 51 59 64 68 74
12 40 12 37 40
12 43 12 26 28 35 43
23 38 23 25 38
10 86 10 63 83 86
19 69 19 38 42 51 59 69
42 75 42 51 58 61 75
3 38 3 9 20 26 38
17 65 17 29 48 54 59 65
59 89 59 71 83 89
23 25 23 25
25 38 25 38
49 51 49 51
64 81 64 80 81
13 20 13 20
63 65 63 65
28 42 28 37 40 42
33 78 33 78
18 38 18 22 25 38
62 89 62 72 78 80 81 83 89
19 40 19 20 40
32 73 32 58 73
10 40 10 24 27 29 37 40
40 67 40 42 51 67
43 89 43 64 80 81 83 89
2 52 2 13 48 52
38 41 38 41
59 77 59 77
18 48 18 20 30 48
8 88 8 9 20 40 85 88
3 15 3 15
23 32 23 32
17 25 17 25
25 66 25 38 60 66
75 83 75 80 81 83
38 63 38 63
77 89 77 89
23 58 23 35 41 49 51 58
43 58 43 44 51 58
68 88 68 69 88
15 55 15 26 55
6 20 6 17 20
3 9 3 9
19 49 19 38 41 49
0 76 0 27 34 44 61 64 68 69 76
34 79 34 44 55 79
9 79 9 16 28 37 48 79
25 68 25 33 49 51 59 64 68
17 32 17 32
9 26 9 20 26
57 80 57 63 80
58 80 58 61 75 78 80
56 68 56 64 68
70 72 70 72
61 75 61 75
45 73 45 54 67 73
17 66 17 60 66
15 30 15 30
13 64 13 24 43 47 61 64
33 86 33 49 72 86
41 76 41 59 64 68 69 76
9 47 9 16 35 43 47
60 66 60 66
34 57 34 45 57
71 82 71 82
14 33 14 19 33
58 77 58 67 77
25 75 25 35 41 49 51 58 61 75
30 86 30 39 60 66 78 80 83 86
11 77 11 20 55 67 77
5 7 5 7
3 13 3 9 13
48 65 48 54 59 65
11 87 11 21 26 55 57 72 87
10 85 10 48 54 71 82 85
28 86 28 78 80 81 83 86
22 54 22 33 37 48 54
80 81 80 81
9 86 9 32 51 64 86
64 69 64 69
37 65 37 65
52 87 52 77 87
18 89 18 21 58 77 89
9 17 9 17
63 65 63 65
44 75 44 55 61 75
36 60 36 43 44 51 60
53 83 53 72 78 81 83
20 49 20 30 34 38 41 49
34 53 34 38 41 53
59 86 59 71 83 86
27 66 27 34 45 54 59 66
20 42 20 26 28 37 40 42
19 33 19 33
59 68 59 64 68
4 60 4 41 50 60
13 24 13 24
3 69 3 9 17 33 49 51 58 68 69
8 83 8 62 63 80 83
15 22 15 22
25 40 25 33 37 40
29 64 29 36 48 54 59 64
32 47 32 47
7 40 7 29 37 40
31 39 31 39
60 85 60 82 85
12 84 12 26 67 72 78 84
7 35 7 14 28 35
34 62 34 38 42 62
36 43 36 43
16 43 16 31 43
17 46 17 20 26 40 42 46
55 84 55 84
83 86 83 86
41 89 41 70 71 83 89
0 74 0 59 64 68 74
2 36 2 13 29 36
15 83 15 26 40 63 83
67 88 67 82 85 88
2 36 2 13 24 29 36
27 88 27 72 87 88
11 20 11 20
32 51 32 44 51
5 20 5 7 14 19 20
6 81 6 16 40 63 80 81
19 45 19 20 30 34 45
19 39 19 20 39
49 81 49 72 78 81
15 68 15 21 58 68
8 61 8 40 51 58 61
6 87 6 40 60 69 87
56 85 56 78 85
25 74 25 74
54 80 54 78 80
10 73 10 17 32 44 55 67 73
6 70 6 15 30 34 38 41 70
33 62 33 62
59 82 59 66 71 82
18 46 18 34 46
40 68 40 68
36 66 36 66
21 65 21 40 42 51 59 65
40 64 40 64
66 83 66 78 80 81 83
66 88 66 77 88
23 79 23 32 48 79
38 49 38 41 49
16 89 16 27 58 78 84 89
24 45 24 34 45
8 58 8 28 41 50 51 58
6 37 6 17 20 26 28 37
17 62 17 25 40 42 62
39 83 39 58 61 75 83
10 70 10 17 70
39 75 39 58 61 75
30 50 30 50
35 59 35 43 44 51 59
5 36 5 6 16 24 29 36
81 83 81 83
48 88 48 72 82 85 88
55 89 55 57 78 84 89
16 87 16 38 60 66 77 87
43 65 43 62 65
21 47 21 26 28 35 43 47
42 88 42 88
69 87 69 87
26 38 26 38
59 76 59 64 68 69 76
51 61 51 58 61
5 70 5 70
18 43 18 20 26 28 35 43
32 58 32 44 51 58
15 21 15 21
40 62 40 42 62
24 71 24 29 37 49 51 59 71
24 32 24 27 32
17 78 17 33 78
25 69 25 38 60 69
33 46 33 37 40 42 46
71 84 71 84
16 59 16 24 50 51 59
33 61 33 37 51 58 61
70 71 70 71
0 61 0 13 24 55 58 61
25 39 25 35 39
6 17 6 17
4 60 4 60
28 41 28 35 41
6 54 6 21 26 28 37 48 54
24 73 24 55 67 73
36 82 36 48 52 71 82
17 65 17 33 37 48 54 59 65
32 65 32 48 54 59 65
20 82 20 72 82
2 9 2 9
43 87 43 64 68 69 87
63 80 63 80
1 89 1 13 20 66 77 89
4 28 4 8 28
36 55 36 43 44 55
7 35 7 15 22 25 35
8 55 8 34 44 55
5 89 5 61 75 83 89
13 60 13 60
21 65 21 26 42 51 59 65
12 56 12 26 28 35 56
1 74 1 39 57 74
9 86 9 16 83 86
17 60 17 32 51 60
3 33 3 15 22 25 33
49 75 49 51 58 61 75
17 25 17 25
6 81 6 24 81
13 16 13 16
56 68 56 64 68
49 76 49 51 64 69 76
24 41 24 30 34 38 41
23 39 23 35 39
51 81 51 80 81
26 73 26 38 42 51 58 67 73
39 75 39 58 61 75
1 69 1 3 38 60 69
24 69 24 32 48 61 64 68 69
22 43 22 25 35 43
11 57 11 35 43 44 55 57
32 55 32 44 55
29 53 29 36 43 44 53
30 82 30 50 82
26 57 26 55 57
10 47 10 30 34 47
14 25 14 25
12 40 12 24 29 36 37 40
58 67 58 67
79 81 79 81
12 42 12 37 40 42
24 44 24 27 29 43 44
19 63 19 21 42 62 63
3 38 3 21 26 38
55 57 55 57
27 40 27 29 37 40
22 62 22 33 37 40 42 62
17 25 17 25
38 53 38 41 53
0 70 0 17 29 70
0 76 0 52 64 68 69 76
63 82 63 82
55 77 55 67 77
60 86 60 66 83 86
68 74 68 74
15 85 15 21 58 68 74 85
0 80 0 80
32 88 32 53 72 87 88
3 16 3 16
9 78 9 50 59 66 78
3 48 3 9 32 48
3 87 3 38 41 59 69 87
23 74 23 44 61 64 68 74
33 62 33 62
1 76 1 26 42 64 69 76
52 64 52 64
1 2 1 2
53 80 53 80
25 81 25 80 81
2 14 2 9 13 14
10 39 10 17 25 35 39
8 23 8 9 16 23
57 83 57 80 83
15 61 15 26 55 58 61
27 78 27 53 72 78
22 31 22 31
30 41 30 34 38 41
55 75 55 58 61 75
24 54 24 54
8 64 8 13 24 54 59 64
16 27 16 24 27
48 87 48 61 64 68 69 87
25 68 25 33 51 58 61 64 68
40 78 40 72 78
13 20 13 20
51 66 51 60 66
7 36 7 27 29 36
32 80 32 53 72 78 80
6 16 6 16
29 49 29 36 37 49
41 80 41 59 66 78 80
19 44 19 43 44
38 49 38 41 49
5 34 5 7 14 30 34
21 82 21 26 55 58 68 74 82
4 86 4 60 66 83 86
42 88 42 46 77 88
9 73 9 17 20 40 51 67 73
1 26 1 2 18 20 26
7 62 7 15 26 40 42 62
62 87 62 72 87
51 78 51 60 66 78
25 40 25 40
20 80 20 30 39 60 66 78 80
13 68 13 14 28 41 59 64 68
33 82 33 62 74 82
18 49 18 20 26 38 41 49
9 26 9 17 20 26
36 37 36 37
64 87 64 87
12 40 12 24 29 37 40
14 30 14 19 20 30
6 27 6 27
18 58 18 21 40 51 58
23 67 23 35 41 49 51 58 67
16 53 16 28 35 43 44 53
15 30 15 30
26 42 26 40 42
39 87 39 58 67 77 87
14 78 14 31 39 57 78
12 77 12 17 51 58 77
12 30 12 24 30
58 76 58 64 68 69 76
12 57 12 24 32 44 55 57
56 82 56 74 82
54 78 54 67 72 78
16 44 16 28 35 43 44
15 22 15 22
1 40 1 7 15 26 40
5 81 5 75 80 81
6 30 6 15 30
52 88 52 77 87 88
7 49 7 15 26 28 35 41 49
8 43 8 28 35 43
30 86 30 54 81 83 86
35 56 35 56
79 80 79 80
2 52 2 23 25 33 52
13 76 13 29 37 40 68 69 76
8 83 8 34 45 64 80 83
7 85 7 33 49 51 67 72 78 85
70 86 70 86
28 57 28 41 57
22 84 22 60 66 78 84
30 65 30 48 54 59 65
14 33 14 25 33
2 59 2 18 21 40 51 59
8 20 8 13 20
18 41 18 22 25 38 41
12 29 12 29
10 44 10 34 44
32 48 32 48
25 35 25 35
0 46 0 20 40 42 46
8 82 8 28 41 57 74 82
11 33 11 33
44 67 44 51 58 67
0 78 0 67 72 78
18 22 18 22
35 80 35 56 62 63 80
3 79 3 27 32 44 55 79
10 56 10 17 20 26 28 35 56
7 47 7 32 47
10 24 10 24
51 58 51 58
25 40 25 33 37 40
26 74 26 55 61 64 68 74
18 80 18 22 33 72 78 80
25 68 25 33 39 58 68
6 39 6 30 39
42 75 42 51 58 61 75
26 44 26 28 35 43 44
23 32 23 32
26 52 26 28 37 48 52
15 30 15 30
44 53 44 53
77 87 77 87
21 26 21 26
7 62 7 29 36 37 40 42 62
39 60 39 60
13 74 13 74
12 66 12 27 32 44 51 59 66
3 50 3 15 26 28 41 50
26 28 26 28
24 29 24 29
60 86 60 66 83 86
1 7 1 7
11 65 11 21 26 40 51 59 65
42 73 42 51 58 73
11 77 11 58 67 77
8 45 8 9 17 20 30 34 45
1 54 1 7 14 30 54
23 38 23 25 38
23 48 23 25 33 37 48
14 89 14 42 70 71 84 89
33 60 33 37 51 60
58 87 58 61 64 68 69 87
11 21 11 21
14 35 14 25 35
35 43 35 43
15 70 15 26 38 41 70
24 38 24 30 34 38
52 68 52 64 68
29 49 29 36 37 49
10 25 10 17 25
13 40 13 36 37 40
58 83 58 78 80 81 83
15 75 15 21 26 28 37 48 54 75
49 74 49 51 59 64 68 74
6 40 6 37 40
29 36 29 36
2 17 2 9 17
33 49 33 49
25 33 25 33
53 82 53 72 82
48 61 48 61
79 88 79 80 81 83 86 88
32 44 32 44
16 68 16 29 43 44 51 59 64 68
2 59 2 31 43 44 51 59
25 39 25 33 39
41 63 41 57 63
31 89 31 89
4 48 4 8 13 36 37 48
45 57 45 57
31 77 31 39 60 66 77
9 85 9 50 59 71 82 85
10 28 10 17 20 26 28
36 82 36 59 66 71 82
72 88 72 86 88
1 80 1 3 38 60 66 78 80
12 29 12 27 29
23 33 23 25 33
10 62 10 30 34 38 42 62
30 41 30 34 38 41
18 86 18 72 78 80 81 83 86
56 74 56 64 68 74
18 41 18 34 38 41
6 56 6 16 31 56
2 71 2 9 32 48 54 71
4 76 4 23 44 61 64 69 76
18 31 18 22 31
41 50 41 50
22 55 22 43 44 55
18 45 18 34 45
12 30 12 17 20 30
34 48 34 48
6 88 6 88
49 61 49 51 58 61
17 53 17 32 53
22 58 22 25 35 39 58
0 74 0 10 44 61 64 68 74
49 77 49 51 59 77
12 30 12 17 20 30
48 73 48 54 73
34 42 34 38 42
13 64 13 29 43 52 64
6 77 6 15 46 77
42 61 42 51 58 61
80 86 80 81 83 86
58 75 58 61 75
24 83 24 30 39 60 66 78 81 83
25 70 25 38 42 70
57 63 57 63
37 63 37 40 42 62 63
1 7 1 7
37 40 37 40
7 79 7 43 44 55 79
1 47 1 2 9 20 32 47
3 57 3 27 32 44 55 57
44 73 44 55 58 73
42 69 42 51 60 69
39 46 39 46
6 61 6 21 42 51 58 61
34 57 34 45 57
56 64 56 64
18 51 18 20 26 38 41 49 51
3 16 3 9 16
59 82 59 66 71 82
12 26 12 17 20 26
20 72 20 26 40 42 70 72
12 68 12 47 61 64 68
22 47 22 31 43 47
11 37 11 33 37
2 84 2 56 64 71 84
52 78 52 67 72 78
35 65 35 39 65
61 75 61 75
1 40 1 13 20 40
50 69 50 51 58 61 64 68 69
41 89 41 67 77 89
5 73 5 7 43 52 67 73
24 39 24 30 39
36 81 36 50 51 64 80 81
3 57 3 9 20 40 42 57
2 42 2 13 29 37 40 42
80 81 80 81
47 77 47 77
13 82 13 49 72 82
79 86 79 80 83 86
9 88 9 50 59 71 88
37 59 37 59
37 87 37 49 72 87
31 63 31 43 62 63
8 76 8 34 47 61 64 68 69 76
3 69 3 9 17 33 49 69
52 74 52 64 68 74
5 34 5 7 14 30 34
28 64 28 49 51 59 64
25 61 25 40 51 58 61
5 43 5 36 43
12 47 12 17 20 30 34 47
25 33 25 33
14 89 14 19 62 72 78 84 89
22 47 22 43 47
32 83 32 47 67 72 78 81 83
33 80 33 51 58 64 80
2 14 2 13 14
18 89 18 22 31 43 52 77 89
19 78 19 78
6 24 6 16 24
10 60 10 44 51 60
19 63 19 21 42 62 63
47 67 47 67
11 39 11 35 39
2 14 2 13 14
51 58 51 58
19 39 19 33 39
57 78 57 78
25 62 25 40 42 62
20 70 20 26 38 42 70
10 24 10 24
45 77 45 50 60 66 77
78 83 78 81 83
28 89 28 46 77 89
5 61 5 44 51 58 61
19 78 19 20 39 57 72 78
3 26 3 9 17 20 26
15 45 15 30 34 45
52 77 52 77
9 21 9 13 14 19 21
59 83 59 66 71 83
35 70 35 43 70
2 62 2 23 28 37 40 42 62
66 83 66 78 81 83
28 57 28 37 40 42 57
13 36 13 16 24 27 29 36
16 52 16 48 52
33 76 33 52 64 68 69 76
42 73 42 51 58 67 73
39 58 39 58
32 54 32 48 54
60 77 60 66 77
39 74 39 57 74
42 89 42 46 77 89
21 73 21 42 51 58 67 73
0 21 0 13 14 19 21
15 66 15 26 38 60 66
9 83 9 62 63 80 81 83
61 76 61 64 68 69 76
4 49 4 49
23 48 23 32 48
45 83 45 64 71 83
51 66 51 59 66
29 83 29 43 70 71 83
49 76 49 76
40 60 40 42 51 60
39 77 39 46 77
0 47 0 20 30 34 47
59 81 59 64 81
21 26 21 26
15 62 15 26 40 42 62
18 20 18 20
12 64 12 24 27 29 36 50 59 64
3 30 3 15 30
17 81 17 70 72 78 81
0 87 0 47 67 77 87
11 89 11 64 80 81 83 89
6 16 6 16
45 65 45 55 63 65
9 83 9 24 32 58 64 80 83
12 58 12 45 55 58
63 86 63 80 83 86
41 89 41 72 78 84 89
49 61 49 51 58 61
57 82 57 72 82
3 33 3 15 22 33
74 85 74 85
58 77 58 77
42 87 42 87
9 70 9 17 29 43 70
53 88 53 77 87 88
5 37 5 36 37
0 47 0 13 36 43 47
2 72 2 56 62 72
83 89 83 89
40 63 40 42 57 63
4 87 4 69 87
25 51 25 35 43 44 51
0 71 0 24 64 71
20 76 20 55 58 64 68 69 76
1 35 1 7 14 19 21 26 28 35
40 67 40 42 51 58 67
3 44 3 15 26 28 35 43 44
7 21 7 15 21
1 40 1 37 40
24 37 24 27 29 36 37
22 84 22 34 44 51 58 64 71 84
13 82 13 49 51 64 68 74 82
8 54 8 34 48 54
26 70 26 40 42 70
10 57 10 30 41 57
16 49 16 23 28 37 49
27 83 27 29 75 80 81 83
56 85 56 78 85
79 83 79 80 81 83
1 70 1 3 37 40 42 70
11 69 11 35 59 69
42 67 42 51 67
44 57 44 55 57
45 67 45 54 67
70 72 70 72
27 53 27 32 44 53
37 48 37 48
32 59 32 48 54 59
49 51 49 51
9 26 9 20 26
13 63 13 20 26 28 41 63
35 76 35 39 60 69 76
42 46 42 46
16 25 16 23 25
43 89 43 80 83 89
60 89 60 66 83 89
9 81 9 16 31 43 70 81
14 76 14 68 69 76
60 76 60 69 76
16 73 16 44 73
51 60 51 60
17 33 17 33
54 59 54 59
19 45 19 20 30 34 45
8 54 8 28 37 48 54
26 74 26 42 51 64 68 74
2 56 2 14 25 35 56
23 42 23 37 40 42
35 59 35 43 44 51 59
15 38 15 30 34 38
44 80 44 51 60 66 78 80
55 63 55 63
32 53 32 53
29 76 29 48 52 64 69 76
48 75 48 75
35 82 35 43 47 75 82
1 67 1 58 67
23 58 23 25 35 41 49 51 58
71 83 71 83
3 17 3 9 17
24 65 24 34 59 65
0 50 0 45 50
45 76 45 64 69 76
63 80 63 80
24 39 24 30 39
55 84 55 84
3 43 3 9 24 27 29 36 43
5 61 5 36 37 51 58 61
39 75 39 58 61 75
1 82 1 2 13 28 82
2 51 2 18 20 40 51
31 87 31 43 64 69 87
25 37 25 33 37
78 84 78 84
12 70 12 26 42 70
43 68 43 64 68
35 41 35 41
9 73 9 32 44 55 58 67 73
3 69 3 9 13 24 30 54 59 64 69
45 75 45 54 75
31 79 31 43 44 55 79
51 80 51 60 66 78 80
24 66 24 54 59 66
49 81 49 72 78 81
1 55 1 13 28 35 43 44 55
0 71 0 17 70 71
39 69 39 58 61 64 68 69
72 88 72 82 85 88
11 59 11 35 59
54 65 54 59 65
7 56 7 15 26 28 35 56
32 75 32 58 61 75
34 62 34 38 42 62
26 77 26 67 77
20 77 20 40 42 51 58 67 77
22 84 22 59 71 84
15 21 15 21
35 39 35 39
15 35 15 26 28 35
31 52 31 43 52
57 78 57 72 78
6 70 6 31 43 70
34 72 34 45 57 72
9 40 9 16 27 29 37 40
16 59 16 27 44 51 59
21 37 21 26 28 37
44 57 44 55 57
13 59 13 49 51 59
10 24 10 24
40 76 40 51 58 64 68 69 76
6 85 6 31 68 74 82 85
25 86 25 61 64 80 81 83 86
29 57 29 43 44 55 57
11 63 11 20 30 34 38 42 62 63
50 65 50 59 65
16 29 16 29
20 70 20 26 40 42 70
39 73 39 58 67 73
15 65 15 26 40 63 65
82 88 82 85 88
21 52 21 26 28 37 52
30 48 30 48
32 89 32 44 78 84 89
27 46 27 29 36 37 40 42 46
5 44 5 25 35 43 44
59 82 59 71 82
19 50 19 20 26 38 41 50
40 63 40 42 62 63
37 74 37 59 64 68 74
37 63 37 40 42 57 63
2 70 2 18 20 30 34 38 41 70
5 72 5 25 40 42 51 58 67 72
72 88 72 88
42 57 42 57
13 60 13 29 37 51 60
24 39 24 30 39
23 33 23 25 33
12 26 12 26
0 16 0 13 16
42 70 42 70
8 63 8 9 62 63
4 87 4 77 87
7 76 7 33 51 64 68 69 76
1 14 1 3 9 13 14
10 25 10 17 25
9 40 9 17 25 33 37 40
12 83 12 57 63 80 83
51 69 51 58 61 64 69
39 72 39 57 72
40 46 40 42 46
21 37 21 26 28 37
45 81 45 67 72 78 80 81
25 67 25 35 41 67
1 36 1 3 16 27 29 36
20 70 20 30 34 38 41 70
21 28 21 26 28
22 86 22 59 64 71 83 86
22 77 22 25 40 60 66 77
5 86 5 75 83 86
39 46 39 46
4 82 4 82
51 89 51 89
20 79 20 79
53 84 53 72 78 84
22 58 22 31 43 44 51 58
35 70 35 41 70
2 58 2 33 49 51 58
23 42 23 37 40 42
4 71 4 60 66 71
30 51 30 41 50 51
5 7 5 7
16 68 16 27 52 64 68
16 49 16 24 34 38 41 49
38 81 38 60 66 78 80 81
12 27 12 24 27
17 43 17 20 26 28 35 43
16 64 16 35 43 64
57 78 57 72 78
23 57 23 35 41 57
51 66 51 60 66
18 48 18 21 26 28 37 48
47 84 47 61 75 78 84
72 87 72 87
20 58 20 30 34 44 55 58
7 62 7 33 62
6 43 6 27 29 43
55 84 55 84
7 87 7 87
83 88 83 88
13 16 13 16
24 75 24 30 34 38 42 51 58 61 75
32 74 32 48 61 64 68 74
6 18 6 18
7 41 7 14 25 38 41
10 79 10 30 48 79
6 71 6 18 34 38 41 59 64 71
43 80 43 47 61 64 80
15 60 15 30 34 38 41 49 51 60
5 54 5 37 48 54
34 80 34 47 61 75 80
13 66 13 14 34 38 60 66
13 20 13 20
3 50 3 38 41 50
36 82 36 48 54 72 82
10 72 10 30 53 72
66 80 66 78 80
19 79 19 33 37 48 79
52 83 52 67 72 78 81 83
39 81 39 60 66 78 80 81
33 73 33 39 58 67 73
72 78 72 78
42 76 42 51 59 69 76
12 58 12 37 40 51 58
9 47 9 20 32 47
33 72 33 37 72
18 46 18 34 38 42 46
28 54 28 37 48 54
41 51 41 49 51
59 69 59 69
9 81 9 57 78 80 81
33 67 33 37 48 52 67
10 87 10 17 32 44 51 58 68 69 87
5 89 5 61 64 80 83 89
4 43 4 23 28 35 43
56 72 56 62 72
58 80 58 78 80
19 33 19 33
28 58 28 41 49 51 58
22 47 22 25 35 43 47
35 72 35 41 53 72
59 84 59 64 71 84
0 45 0 27 34 45
24 41 24 30 41
0 80 0 47 80
1 80 1 7 62 72 78 80
61 74 61 64 68 74
36 58 36 43 44 51 58
52 83 52 80 81 83
9 13 9 13
34 44 34 44
36 84 36 37 59 64 71 84
25 40 25 40
19 77 19 43 77
32 71 32 44 64 71
25 72 25 38 42 51 58 67 72
0 20 0 13 20
49 76 49 76
51 59 51 59
28 49 28 41 49
37 49 37 49
17 70 17 70
1 88 1 3 27 53 80 81 83 88
59 66 59 66
0 21 0 13 14 19 21
22 62 22 62
44 68 44 55 58 68
2 58 2 14 30 41 49 51 58
31 87 31 68 69 87
6 81 6 21 58 61 75 78 80 81
16 73 16 40 42 51 58 67 73
45 64 45 50 51 59 64
29 79 29 36 37 48 79
19 81 19 38 41 67 72 78 80 81
16 73 16 44 73
7 56 7 56
15 30 15 30
70 82 70 72 82
10 71 10 34 38 70 71
0 82 0 59 71 82
38 63 38 41 63
49 61 49 51 58 61
0 74 0 43 52 64 68 74
10 60 10 17 20 26 42 51 60
71 83 71 83
37 87 37 59 77 87
54 59 54 59
12 57 12 17 20 55 57
69 76 69 76
19 52 19 20 26 28 35 43 52
2 45 2 14 34 45
25 69 25 40 42 64 68 69
7 40 7 28 37 40
25 66 25 33 51 59 66
22 66 22 33 51 60 66
15 66 15 22 60 66
11 65 11 21 42 57 63 65
1 34 1 19 20 30 34
25 54 25 33 37 48 54
50 89 50 51 64 71 83 89
50 51 50 51
22 82 22 33 49 72 82
7 85 7 14 78 85
27 53 27 53
37 76 37 48 52 64 69 76
19 75 19 43 47 61 75
32 80 32 51 67 72 78 80
11 34 11 20 30 34
27 79 27 79
4 49 4 49
3 45 3 14 19 20 30 34 45
83 89 83 89
35 65 35 56 62 63 65
30 79 30 41 79
24 66 24 34 59 66
36 77 36 48 52 67 77
11 28 11 21 26 28
70 72 70 72
37 81 37 48 52 80 81
44 86 44 61 75 78 81 83 86
57 88 57 78 84 88
4 33 4 23 25 33
18 43 18 20 26 28 35 43
4 33 4 23 25 33
49 64 49 51 59 64
17 42 17 20 26 28 37 40 42
28 75 28 37 51 58 61 75
36 43 36 43
7 44 7 32 44
18 58 18 34 38 42 51 58
5 64 5 64
9 73 9 50 51 58 73
42 51 42 51
19 47 19 21 26 28 35 43 47
40 76 40 60 69 76
18 72 18 21 26 55 58 67 72
17 43 17 20 26 28 35 43
33 49 33 37 49
12 17 12 17
31 56 31 56
63 82 63 82
32 81 32 44 64 80 81
13 73 13 29 43 52 67 73
17 81 17 51 67 72 78 81
32 72 32 53 72
8 30 8 9 20 30
38 80 38 42 57 72 78 80
47 74 47 61 64 68 74
10 52 10 52
19 55 19 20 32 44 55
10 52 10 24 29 36 37 52
16 43 16 24 29 36 43
39 77 39 60 66 77
27 29 27 29
57 86 57 80 83 86
38 89 38 41 49 51 60 66 78 81 83 89
8 37 8 13 36 37
50 81 50 51 59 66 78 80 81
5 43 5 36 43
12 71 12 50 60 66 71
8 32 8 13 14 19 20 32
12 77 12 60 66 77
28 58 28 41 50 51 58
38 60 38 41 50 51 60
24 70 24 27 70
5 23 5 6 16 23
34 48 34 48
51 69 51 64 68 69
21 79 21 26 28 37 48 79
20 32 20 32
12 73 12 27 58 67 73
2 18 2 18
38 73 38 42 51 58 73
25 70 25 35 41 70
11 89 11 59 77 89
25 40 25 33 37 40
3 14 3 9 13 14
20 65 20 32 48 54 59 65
60 82 60 66 71 82
6 43 6 24 43
40 85 40 82 85
3 77 3 27 52 77
8 41 8 34 38 41
28 37 28 37
17 39 17 33 39
43 64 43 44 64
12 68 12 32 47 61 64 68
42 61 42 51 58 61
37 72 37 51 58 67 72
41 74 41 59 64 68 74
20 72 20 56 62 72
45 73 45 54 67 73
38 70 38 70
42 46 42 46
41 72 41 72
18 22 18 22
17 74 17 55 61 64 68 74
40 51 40 51
20 75 20 32 58 61 75
63 81 63 80 81
50 51 50 51
61 84 61 64 71 84
54 68 54 59 64 68
17 20 17 20
29 75 29 48 75
24 32 24 32
17 59 17 20 30 54 59
4 85 4 70 72 82 85
64 86 64 86
2 36 2 9 13 36
24 65 24 34 44 55 63 65
7 14 7 14
21 65 21 42 57 63 65
10 44 10 24 32 44
10 57 10 30 41 57
20 58 20 55 58
59 74 59 64 68 74
50 89 50 51 67 77 89
22 73 22 31 39 58 73
16 83 16 38 42 62 63 80 81 83
1 53 1 7 32 53
42 84 42 57 78 84
61 75 61 75
19 78 19 20 55 58 67 72 78
8 32 8 9 16 23 32
49 74 49 51 64 68 74
54 78 54 75 78
20 56 20 26 28 35 56
53 80 53 72 78 80
39 60 39 60
12 32 12 27 32
23 74 23 35 39 57 74
44 59 44 51 59
43 89 43 64 71 83 89
32 80 32 53 80
49 76 49 51 60 69 76
3 51 3 14 31 43 44 51
45 67 45 50 51 58 67
12 42 12 26 40 42
35 66 35 39 60 66
43 67 43 52 67
45 75 45 75
12 48 12 32 48
22 77 22 59 77
14 82 14 25 35 56 62 72 82
48 86 48 54 86
14 37 14 25 33 37
10 71 10 24 64 71
59 65 59 65
21 42 21 42
0 24 0 24
61 75 61 75
8 71 8 41 50 51 64 71
25 62 25 38 42 62
9 73 9 32 51 67 73
15 38 15 22 34 38
37 48 37 48
15 53 15 26 38 41 53
24 43 24 27 29 36 43
2 55 2 23 35 43 44 55
32 74 32 51 59 64 68 74
3 72 3 27 32 48 52 67 72
3 17 3 9 17
0 74 0 17 58 64 68 74
20 72 20 39 57 72
14 88 14 31 56 78 84 88
34 48 34 48
24 65 24 32 44 55 63 65
9 32 9 24 27 32
9 47 9 24 27 29 43 47
18 54 18 21 26 28 37 48 54
2 79 2 31 43 44 55 79
3 26 3 15 21 26
8 31 8 9 16 31
4 88 4 30 34 86 88
11 37 11 20 26 28 37
3 43 3 16 23 25 35 43
30 68 30 41 50 59 64 68
53 83 53 80 83
47 67 47 67
55 61 55 61
0 80 0 80
27 53 27 29 43 44 53
14 33 14 19 33
51 87 51 60 69 87
1 89 1 78 84 89
9 16 9 13 16
26 40 26 28 37 40
23 35 23 25 35
35 87 35 72 87
4 75 4 13 24 55 61 75
25 86 25 61 64 86
6 44 6 31 43 44
86 88 86 88
35 82 35 43 70 71 82
61 83 61 75 78 81 83
3 59 3 51 59
64 71 64 71
24 89 24 43 77 89
55 82 55 58 67 82
16 65 16 38 42 62 63 65
57 89 57 63 83 89
17 63 17 33 37 40 42 62 63
67 82 67 82
30 53 30 34 44 53
31 44 31 43 44
8 62 8 62
40 65 40 51 59 65
57 82 57 63 82
3 51 3 21 42 51
44 78 44 51 58 78
41 50 41 50
1 23 1 3 9 13 16 23
18 48 18 21 26 28 37 48
22 66 22 33 49 51 60 66
48 68 48 61 64 68
23 79 23 32 44 79
9 24 9 24
22 58 22 34 38 41 49 51 58
3 46 3 16 35 43 46
21 64 21 26 40 51 59 64
13 60 13 28 41 49 51 60
8 41 8 34 38 41
23 25 23 25
7 87 7 41 57 72 87
14 64 14 19 56 64
44 58 44 55 58
49 72 49 72
55 86 55 79 80 83 86
0 19 0 13 14 19
81 88 81 83 86 88
17 46 17 25 35 39 46
54 86 54 59 64 71 83 86
18 69 18 34 45 54 59 69
29 72 29 48 72
30 47 30 34 47
24 36 24 29 36
45 65 45 57 65
25 65 25 57 65
63 88 63 80 83 86 88
5 89 5 81 83 89
58 64 58 64
25 66 25 40 60 66
13 26 13 14 19 21 26
20 82 20 56 64 82
12 32 12 24 32
15 51 15 30 34 38 42 51
20 50 20 30 50
11 63 11 20 26 55 63
0 82 0 10 44 51 67 72 82
18 51 18 20 30 50 51
26 46 26 28 35 43 46
16 50 16 38 41 50
29 55 29 43 44 55
29 68 29 43 44 64 68
21 40 21 40
1 22 1 3 15 22
31 88 31 68 74 85 88
52 87 52 64 68 69 87
39 81 39 60 66 78 80 81
24 77 24 27 58 77
34 73 34 47 67 73
6 87 6 30 41 72 87
59 83 59 64 80 83
4 13 4 8 13
0 78 0 20 56 78
11 68 11 35 59 64 68
19 54 19 21 26 28 37 48 54
4 88 4 8 88
32 85 32 53 72 78 85
52 67 52 67
14 52 14 28 37 52
75 82 75 82
0 29 0 13 24 29
18 59 18 59
33 76 33 49 76
24 36 24 27 29 36
18 74 18 22 43 62 74
11 21 11 21
13 77 13 16 35 41 49 51 60 66 77
13 60 13 29 37 51 60
17 80 17 60 66 78 80
44 69 44 55 58 61 64 69
12 26 12 26
1 2 1 2
9 40 9 24 29 37 40
24 50 24 29 36 50
7 49 7 27 29 36 37 49
47 88 47 77 88
15 52 15 22 43 52
41 81 41 79 80 81
21 35 21 26 28 35
43 87 43 87
44 53 44 53
8 21 8 9 13 14 19 21
28 66 28 35 41 49 51 59 66
17 83 17 58 61 64 81 83
43 87 43 77 87
58 86 58 61 64 86
61 75 61 75
13 63 13 14 28 35 56 62 63
41 76 41 49 51 59 64 69 76
11 37 11 20 26 28 37
10 62 10 24 34 38 42 62
45 52 45 52
50 51 50 51
40 78 40 78
5 81 5 61 75 78 80 81
0 72 0 67 72
0 59 0 24 30 54 59
6 42 6 30 34 38 42
41 79 41 79
28 49 28 35 41 49
18 49 18 22 34 38 41 49
52 77 52 77
13 25 13 14 25
2 32 2 18 20 32
30 84 30 54 78 84
6 44 6 17 25 35 43 44
75 89 75 80 81 83 89
39 88 39 46 77 87 88
2 81 2 56 62 63 80 81
23 53 23 32 53
68 69 68 69
25 62 25 40 42 62
59 80 59 64 80
71 86 71 83 86
8 64 8 58 61 64
4 82 4 70 71 82
20 39 20 26 28 35 39
35 41 35 41
48 83 48 61 75 78 80 83
4 63 4 30 44 55 63
51 77 51 60 66 77
51 78 51 58 61 75 78
78 81 78 80 81
47 67 47 67
8 76 8 9 32 47 61 64 68 69 76
8 41 8 28 35 41
2 20 2 18 20
41 49 41 49
28 69 28 69
0 73 0 20 55 67 73
51 61 51 58 61
47 67 47 67
43 66 43 44 51 60 66
2 36 2 13 24 27 29 36
17 83 17 52 83
34 73 34 38 41 67 73
1 61 1 13 48 61
6 83 6 80 83
30 46 30 34 38 42 46
15 65 15 26 42 57 63 65
5 73 5 37 48 52 67 73
36 63 36 55 57 63
29 75 29 75
41 57 41 57
11 64 11 21 40 51 64
51 85 51 67 82 85
2 66 2 23 32 66
36 53 36 43 44 53
5 55 5 44 55
13 38 13 14 19 38
72 85 72 78 85
7 44 7 29 43 44
17 30 17 20 30
59 69 59 69
23 53 23 32 53
58 89 58 61 64 80 81 83 89
13 83 13 49 72 78 80 81 83
10 60 10 60
32 44 32 44
1 25 1 2 18 22 25
61 75 61 75
58 64 58 64
24 89 24 80 83 89
8 16 8 9 13 16
27 64 27 32 51 58 61 64
79 84 79 84
23 58 23 37 51 58
58 87 58 77 87
3 41 3 15 26 38 41
39 65 39 57 63 65
58 77 58 77
1 84 1 2 57 78 84
20 52 20 32 48 52
25 56 25 35 56
39 67 39 58 67
9 40 9 13 20 40
8 89 8 58 61 75 78 80 83 89
40 80 40 42 70 72 78 80
51 69 51 58 64 69
58 89 58 67 72 78 81 83 89
25 70 25 33 37 40 42 70
11 45 11 20 30 34 45
9 13 9 13
22 87 22 60 66 77 87
10 57 10 30 34 45 55 57
22 73 22 34 38 42 51 58 67 73
23 79 23 25 33 37 48 79
43 58 43 44 51 58
29 80 29 70 72 78 80
20 66 20 39 60 66
29 83 29 81 83
16 64 16 31 43 44 61 64
2 58 2 33 51 58
15 71 15 21 40 64 71
26 73 26 42 51 58 67 73
14 60 14 31 43 44 51 60
27 58 27 29 36 55 58
9 31 9 13 14 31
10 87 10 44 61 64 68 69 87
35 41 35 41
5 69 5 7 56 64 68 69
2 78 2 33 72 78
3 17 3 9 17
60 82 60 82
16 87 16 48 54 59 64 69 87
0 52 0 52
1 65 1 37 51 59 65
43 75 43 47 75
46 88 46 77 88
10 69 10 24 43 44 61 64 69
30 76 30 39 60 69 76
11 62 11 35 56 62
4 54 4 23 25 33 37 48 54
12 61 12 29 36 55 58 61
40 68 40 68
12 43 12 26 28 35 43
55 82 55 63 82
21 76 21 26 68 69 76
29 59 29 48 54 59
20 39 20 26 28 35 39
15 55 15 22 25 35 43 44 55
51 60 51 60
36 57 36 43 44 55 57
61 64 61 64
16 83 16 24 29 80 81 83
41 88 41 78 81 83 86 88
27 70 27 70
51 64 51 58 61 64
52 77 52 67 77
60 77 60 66 77
12 40 12 24 29 36 37 40
48 88 48 52 71 84 88
28 86 28 35 39 60 66 83 86
35 59 35 43 44 51 59
2 60 2 9 24 43 44 51 60
34 88 34 47 80 81 83 88
29 83 29 43 62 63 80 83
18 33 18 22 33
39 83 39 60 66 78 81 83
1 84 1 2 60 66 71 84
21 89 21 42 46 77 89
9 20 9 17 20
32 75 32 58 61 75
6 34 6 30 34
17 66 17 32 44 51 60 66
25 82 25 63 82
13 73 13 14 19 20 30 44 55 67 73
35 56 35 56
12 32 12 32
63 81 63 80 81
45 74 45 52 64 68 74
41 75 41 50 51 58 61 75
28 89 28 35 59 66 83 89
57 63 57 63
75 88 75 83 86 88
56 87 56 62 72 87
3 17 3 9 17
20 52 20 26 28 35 43 52
24 58 24 34 45 50 51 58
19 73 19 21 26 28 58 73
28 49 28 41 49
23 37 23 37
1 74 1 3 58 68 74
47 75 47 75
34 80 34 38 63 80
24 60 24 27 44 51 60
7 42 7 27 34 38 42
12 47 12 32 47
12 44 12 29 36 43 44
60 83 60 66 71 83
22 47 22 31 43 47
17 39 17 33 39
43 87 43 62 72 87
42 62 42 62
40 65 40 51 59 65
0 52 0 27 52
36 61 36 48 61
14 62 14 30 34 38 42 62
38 53 38 41 53
0 80 0 59 66 78 80
38 88 38 85 88
6 16 6 16
29 57 29 37 40 42 57
5 54 5 6 27 29 36 37 48 54
2 23 2 13 16 23
25 35 25 35
62 87 62 72 87
17 47 17 32 47
50 76 50 59 64 69 76
37 69 37 49 69
54 59 54 59
32 65 32 51 59 65
26 59 26 40 42 51 59
6 34 6 30 34
5 74 5 7 15 22 62 74
11 21 11 21
8 57 8 9 57
18 53 18 21 26 28 35 43 44 53
20 41 20 30 41
22 73 22 34 38 41 67 73
15 21 15 21
44 84 44 55 67 72 78 84
3 71 3 15 21 40 51 64 71
34 72 34 67 72
13 43 13 24 43
7 77 7 27 44 51 59 66 77
14 35 14 19 20 26 28 35
7 57 7 33 39 57
1 34 1 13 20 30 34
0 16 0 13 16
49 77 49 51 58 67 77
1 22 1 2 18 22
5 80 5 75 80
55 73 55 67 73
7 89 7 14 78 84 89
21 89 21 40 42 70 72 78 80 81 83 89
51 89 51 59 89
2 30 2 13 16 24 30
20 26 20 26
27 32 27 32
27 78 27 58 78
27 44 27 44
23 49 23 49
44 67 44 51 58 67
24 36 24 27 29 36
6 60 6 24 29 43 44 51 60
5 26 5 6 21 26
34 79 34 79
18 26 18 21 26
16 27 16 27
3 37 3 14 19 33 37
18 48 18 20 32 48
40 60 40 60
8 83 8 41 49 51 59 64 81 83
13 81 13 60 66 78 80 81
5 89 5 81 83 89
22 84 22 43 62 72 78 84
26 67 26 38 41 49 51 58 67
33 46 33 46
8 37 8 13 24 27 29 36 37
4 49 4 23 37 49
44 69 44 51 59 69
15 61 15 22 31 43 44 55 58 61
55 63 55 63
23 46 23 35 43 46
23 49 23 28 35 41 49
14 47 14 25 35 43 47
0 57 0 45 55 57
42 61 42 51 58 61
53 77 53 77
59 68 59 64 68
1 9 1 2 9
40 78 40 42 62 72 78
51 88 51 60 82 85 88
18 74 18 59 64 68 74
11 64 11 35 41 59 64
5 75 5 37 49 51 58 61 75
8 73 8 9 16 31 39 58 67 73
4 88 4 56 74 85 88
24 60 24 27 34 44 51 60
35 39 35 39
68 88 68 69 87 88
21 89 21 26 55 79 80 81 83 89
32 48 32 48
48 81 48 79 81
18 82 18 21 59 64 82
14 37 14 19 33 37
34 50 34 45 50
0 19 0 13 14 19
62 85 62 63 82 85
24 78 24 54 67 72 78
9 30 9 16 24 30
48 65 48 54 59 65
34 65 34 59 65
36 82 36 59 64 71 82
58 78 58 67 72 78
36 88 36 59 77 88
67 72 67 72
2 67 2 13 36 55 58 67
4 16 4 13 16
29 69 29 43 47 61 64 69
45 55 45 55
8 17 8 9 17
9 16 9 16
22 61 22 43 44 51 58 61
40 82 40 63 82
59 77 59 66 77
15 26 15 21 26
43 67 43 47 67
25 88 25 33 37 72 86 88
28 55 28 35 43 44 55
21 58 21 42 51 58
14 37 14 25 33 37
70 86 70 71 83 86
43 80 43 52 80
23 38 23 25 38
3 58 3 9 20 30 39 58
11 45 11 20 30 34 45
16 86 16 83 86
22 58 22 34 44 51 58
44 67 44 55 58 67
5 72 5 72
26 88 26 88
9 35 9 20 26 28 35
20 44 20 30 34 44
18 86 18 22 31 56 62 63 80 83 86
1 70 1 37 40 42 70
22 25 22 25
39 57 39 57
61 64 61 64
21 35 21 26 28 35
9 49 9 24 34 38 41 49
12 68 12 27 44 55 61 64 68
7 69 7 40 64 69
19 50 19 38 41 50
44 69 44 64 68 69
33 66 33 37 40 60 66
6 55 6 27 29 36 43 44 55
1 2 1 2
23 47 23 32 47
19 75 19 20 40 42 51 58 61 75
9 21 9 13 14 19 21
9 29 9 24 29
39 58 39 58
67 80 67 72 78 80
80 81 80 81
21 43 21 26 28 35 43
2 46 2 18 22 31 43 46
16 29 16 27 29
39 85 39 60 82 85
2 20 2 9 13 14 19 20
7 84 7 56 62 72 78 84
17 81 17 81
43 87 43 47 61 64 69 87
8 41 8 41
0 29 0 27 29
24 54 24 34 48 54
7 89 7 57 78 80 83 89
44 75 44 61 75
28 57 28 41 57
16 40 16 23 37 40
22 64 22 34 44 64
1 24 1 3 16 24
30 84 30 50 59 66 78 84
40 60 40 51 60
62 85 62 63 82 85
7 19 7 14 19
23 55 23 28 35 43 44 55
15 55 15 22 25 35 43 44 55
69 88 69 88
18 79 18 22 43 44 79
63 83 63 80 81 83
57 89 57 83 89
18 79 18 21 26 55 79
63 81 63 80 81
26 44 26 28 35 43 44
51 87 51 59 64 68 69 87
17 46 17 29 37 40 42 46
35 88 35 72 86 88
48 75 48 61 75
0 21 0 13 14 19 21
19 55 19 43 44 55
86 88 86 88
15 44 15 30 44
38 88 38 63 88
1 47 1 13 36 43 47
69 87 69 87
7 15 7 15
48 65 48 54 59 65
5 37 5 25 33 37
36 82 36 37 49 51 67 72 82
2 32 2 18 20 32
11 87 11 70 72 87
13 56 13 14 31 56
24 38 24 34 38
37 49 37 49
6 31 6 31
15 46 15 30 39 46
4 43 4 13 20 26 28 35 43
24 80 24 30 50 51 64 80
8 41 8 41
38 69 38 41 49 51 58 64 69
4 13 4 13
10 73 10 34 47 67 73
9 20 9 13 14 19 20
35 43 35 43
62 72 62 72
49 75 49 51 58 61 75
58 76 58 61 64 68 69 76
35 80 35 72 78 80
8 63 8 9 20 32 44 55 63
80 81 80 81
13 40 13 14 25 33 37 40
8 83 8 58 78 81 83
7 39 7 33 39
38 73 38 42 51 67 73
39 46 39 46
7 84 7 42 64 71 84
13 16 13 16
28 73 28 58 67 73
23 47 23 32 47
61 76 61 64 69 76
22 37 22 25 33 37
7 22 7 15 22
1 14 1 3 9 13 14
26 57 26 28 41 57
64 71 64 71
39 60 39 60
41 59 41 50 59
19 54 19 20 32 48 54
29 81 29 75 80 81
79 84 79 84
14 42 14 19 20 30 34 38 42
2 55 2 23 32 44 55
27 65 27 34 48 54 59 65
24 78 24 50 60 66 78
14 59 14 25 35 41 50 59
14 37 14 25 33 37
40 71 40 60 66 71
8 23 8 9 13 16 23
18 22 18 22
42 82 42 57 74 82
37 49 37 49
47 64 47 61 64
14 43 14 31 43
5 76 5 6 31 68 69 76
7 39 7 15 26 28 35 39
62 65 62 63 65
32 85 32 66 78 85
12 32 12 27 32
7 56 7 14 19 20 56
31 86 31 39 60 66 78 81 83 86
37 76 37 49 51 60 69 76
0 81 0 52 64 81
11 20 11 20
38 70 38 41 70
54 80 54 72 78 80
43 67 43 47 67
84 89 84 89
16 73 16 24 34 48 54 67 73
23 55 23 44 55
3 25 3 9 13 16 23 25
17 70 17 33 37 40 42 70
53 77 53 77
55 74 55 58 64 68 74
75 83 75 78 81 83
9 31 9 13 16 31
54 83 54 78 80 81 83
19 49 19 33 37 49
42 61 42 51 58 61
10 81 10 24 32 44 64 81
36 50 36 50
48 84 48 52 67 72 78 84
50 51 50 51
33 82 33 67 82
5 7 5 7
26 88 26 69 88
19 20 19 20
16 40 16 40
7 21 7 14 19 21
3 37 3 15 26 28 37
56 78 56 78
8 61 8 9 16 31 39 58 61
42 73 42 51 58 67 73
74 82 74 82
2 56 2 13 14 19 20 56
12 79 12 24 55 79
38 76 38 60 69 76
37 61 37 48 61
19 20 19 20
87 88 87 88
10 28 10 17 20 26 28
6 86 6 37 48 79 86
9 82 9 82
4 51 4 30 41 50 51
40 67 40 51 67
23 38 23 25 38
35 88 35 72 78 84 88
23 75 23 35 41 49 51 58 61 75
10 32 10 17 32
21 55 21 26 28 35 43 44 55
4 56 4 56
24 29 24 29
47 61 47 61
4 69 4 69
32 72 32 44 51 58 67 72
34 38 34 38
6 44 6 24 34 44
17 29 17 29
17 82 17 33 82
64 86 64 71 83 86
20 54 20 26 28 37 48 54
35 89 35 59 66 77 89
10 64 10 44 64
26 65 26 55 57 65
18 22 18 22
28 54 28 37 48 54
6 15 6 15
47 61 47 61
23 35 23 35
25 40 25 33 37 40
33 82 33 37 72 82
60 85 60 82 85
3 41 3 16 24 30 41
6 85 6 37 49 72 82 85
25 86 25 33 51 58 78 81 83 86
27 40 27 29 36 37 40
32 44 32 44
1 74 1 2 33 51 64 68 74
44 78 44 53 72 78
10 50 10 30 41 50
22 61 22 25 33 61
49 88 49 51 64 86 88
53 88 53 77 88
75 88 75 80 81 83 86 88
7 21 7 15 21
41 67 41 49 51 58 67
15 83 15 58 64 81 83
28 55 28 35 43 44 55
4 46 4 8 13 26 42 46
78 85 78 85
7 39 7 14 31 39
43 62 43 62
6 56 6 21 26 28 35 56
17 20 17 20
27 70 27 70
44 53 44 53
12 84 12 50 59 66 78 84
16 86 16 38 63 80 81 83 86
20 72 20 72
70 84 70 72 78 84
16 49 16 23 35 41 49
0 72 0 57 72
17 39 17 33 39
12 83 12 66 78 81 83
24 53 24 29 43 44 53
29 81 29 36 66 78 81
3 27 3 27
44 83 44 51 58 78 81 83
1 54 1 7 29 37 48 54
8 41 8 28 41
40 65 40 63 65
21 43 21 26 28 35 43
53 77 53 77
4 41 4 8 9 16 23 28 41
6 61 6 16 24 55 58 61
33 66 33 51 59 66
1 58 1 2 18 34 38 42 51 58
54 68 54 59 64 68
19 20 19 20
24 37 24 27 29 37
8 45 8 34 45
33 67 33 52 67
7 34 7 14 19 20 30 34
79 81 79 81
37 76 37 51 64 69 76
2 31 2 18 22 31
64 82 64 71 82
8 60 8 13 60
18 80 18 22 62 63 80
18 76 18 76
21 38 21 26 38
40 80 40 63 80
28 60 28 37 40 51 60
36 76 36 48 52 64 69 76
25 85 25 38 63 82 85
74 85 74 85
50 88 50 59 86 88
2 82 2 56 64 71 82
7 83 7 57 63 80 83
23 74 23 32 44 51 64 68 74
20 88 20 26 69 87 88
23 89 23 79 84 89
10 17 10 17
15 38 15 21 26 38
28 58 28 37 51 58
19 52 19 21 26 28 35 43 52
10 68 10 24 32 47 61 64 68
27 86 27 53 80 81 83 86
20 56 20 56
0 49 0 24 30 34 38 41 49
8 68 8 41 59 64 68
13 25 13 14 25
37 49 37 49
75 82 75 82
5 72 5 37 52 67 72
8 47 8 28 35 43 47
58 75 58 61 75
56 62 56 62
6 46 6 21 26 40 42 46
15 49 15 22 33 37 49
44 57 44 55 57
34 69 34 38 42 51 64 68 69
33 39 33 39
23 89 23 35 43 47 61 75 80 81 83 89
34 88 34 38 63 80 81 83 86 88
3 79 3 9 32 48 79
35 72 35 41 53 72
29 72 29 48 54 67 72
50 71 50 59 71
20 49 20 30 41 49
0 81 0 43 52 80 81
7 28 7 15 21 26 28
45 50 45 50
55 57 55 57
21 47 21 26 28 35 43 47
44 55 44 55
11 39 11 35 39
1 19 1 2 13 14 19
4 76 4 68 69 76
66 71 66 71
16 43 16 35 43
13 25 13 16 23 25
19 56 19 56
10 42 10 17 33 37 40 42
2 13 2 9 13
14 83 14 59 64 80 83
14 64 14 19 21 59 64
2 18 2 18
25 66 25 33 49 51 60 66
48 65 48 54 59 65
30 47 30 34 47
7 80 7 39 58 61 64 80
9 62 9 16 27 34 38 42 62
36 66 36 66
5 69 5 6 17 33 49 69
12 83 12 50 51 58 61 75 78 81 83
14 33 14 25 33
2 19 2 13 14 19
58 77 58 67 77
20 59 20 40 42 51 59
51 60 51 60
18 49 18 22 34 38 41 49
39 83 39 60 66 71 83
29 53 29 36 43 44 53
3 77 3 51 59 77
26 74 26 28 49 51 64 68 74
19 38 19 38
0 47 0 27 34 47
13 63 13 20 40 63
22 61 22 33 51 58 61
35 76 35 76
20 32 20 32
39 81 39 58 67 72 78 80 81
71 86 71 83 86
15 46 15 30 39 46
1 67 1 19 38 41 49 51 58 67
0 76 0 45 55 58 61 64 69 76
38 79 38 41 79
6 80 6 18 22 43 62 72 78 80
63 80 63 80
3 65 3 16 27 44 51 59 65
53 86 53 72 86
8 72 8 40 72
7 43 7 27 29 43
82 85 82 85
26 43 26 28 35 43
60 87 60 66 77 87
17 48 17 33 37 48
28 42 28 37 40 42
45 50 45 50
33 77 33 49 51 59 77
26 66 26 40 60 66
51 59 51 59
45 81 45 55 61 64 80 81
11 39 11 33 39
4 68 4 13 49 51 59 64 68
7 43 7 28 35 43
36 57 36 43 44 55 57
24 72 24 54 72
24 27 24 27
18 38 18 22 25 38
62 81 62 63 80 81
28 35 28 35
21 79 21 26 55 79
1 43 1 2 9 24 27 29 43
23 78 23 32 51 67 72 78
17 50 17 25 38 41 50
22 68 22 33 51 64 68
9 86 9 57 83 86
33 52 33 37 52
40 82 40 60 82
13 34 13 14 30 34
64 81 64 81
7 85 7 33 61 75 82 85
55 77 55 67 77
11 47 11 20 26 28 35 43 47
31 81 31 56 64 81
29 81 29 36 81
24 36 24 29 36
79 89 79 84 89
20 82 20 72 82
2 20 2 14 19 20
50 60 50 60
12 83 12 17 51 59 66 78 80 81 83
2 52 2 33 37 52
52 88 52 67 77 87 88
29 63 29 43 44 55 57 63
7 22 7 15 22
58 89 58 67 77 89
12 66 12 27 29 43 44 51 60 66
7 14 7 14
70 82 70 82
0 10 0 10
4 77 4 49 51 67 77
63 83 63 83
24 41 24 27 34 38 41
5 67 5 36 37 48 52 67
79 88 79 88
19 50 19 21 26 28 35 41 50
77 88 77 88
30 46 30 34 46
8 82 8 58 68 74 82
43 47 43 47
34 66 34 48 54 59 66
1 27 1 13 24 27
44 51 44 51
17 46 17 33 37 40 42 46
52 88 52 67 77 88
7 84 7 84
15 35 15 22 25 35
22 34 22 34
44 51 44 51
52 71 52 71
19 47 19 20 32 47
0 86 0 45 55 58 67 72 86
16 65 16 24 34 45 54 59 65
2 42 2 9 17 25 40 42
3 23 3 16 23
35 77 35 59 77
4 87 4 70 72 87
39 74 39 58 64 68 74
8 83 8 40 60 66 83
8 16 8 13 16
64 68 64 68
0 44 0 13 20 32 44
36 53 36 43 44 53
53 88 53 88
20 73 20 30 48 54 73
51 61 51 58 61
15 68 15 58 68
11 87 11 35 72 87
11 71 11 35 56 64 71
24 64 24 43 52 64
18 43 18 22 25 35 43
34 67 34 45 54 67
3 38 3 14 19 20 30 34 38
8 32 8 9 13 24 27 32
54 81 54 78 80 81
22 86 22 33 78 81 83 86
40 51 40 51
18 28 18 21 26 28
4 87 4 49 51 58 87
44 51 44 51
48 76 48 61 64 69 76
5 56 5 7 15 21 26 28 35 56
13 73 13 16 24 54 67 73
54 88 54 75 83 86 88
13 74 13 28 37 51 59 64 68 74
18 79 18 34 38 41 79
17 58 17 55 58
52 89 52 80 83 89
19 46 19 38 42 46
14 76 14 25 38 42 51 59 69 76
14 89 14 31 43 75 80 81 83 89
1 48 1 7 32 48
53 80 53 72 78 80
0 89 0 57 83 89
13 24 13 24
4 56 4 8 13 16 28 35 56
15 62 15 22 25 62
28 41 28 41
60 84 60 66 71 84
24 38 24 30 34 38
44 88 44 51 60 66 78 80 83 88
15 30 15 30
8 63 8 62 63
48 84 48 75 78 84
28 81 28 41 53 72 78 81
2 13 2 13
19 55 19 20 32 44 55
29 36 29 36
4 77 4 77
33 77 33 52 67 77
24 34 24 30 34
43 64 43 52 64
56 74 56 74
35 52 35 43 52
35 56 35 56
48 86 48 52 83 86
77 89 77 89
23 54 23 25 33 37 48 54
9 37 9 17 29 36 37
16 78 16 31 43 47 61 75 78
12 60 12 24 30 34 38 42 51 60
71 86 71 83 86
33 37 33 37
50 60 50 60
6 47 6 17 25 35 43 47
3 20 3 14 19 20
51 72 51 58 67 72
29 48 29 37 48
30 79 30 44 79
30 85 30 41 72 82 85
1 61 1 2 14 19 20 32 44 61
29 60 29 36 50 51 60
51 87 51 59 77 87
12 84 12 29 70 72 78 84
3 44 3 15 22 34 44
34 38 34 38
39 74 39 57 74
44 53 44 53
2 9 2 9
7 65 7 43 65
60 78 60 66 78
56 81 56 78 81
80 88 80 81 83 88
9 26 9 17 20 26
6 85 6 17 29 37 72 78 85
25 82 25 82
1 61 1 19 33 37 48 61
56 72 56 62 72
2 55 2 23 55
26 57 26 28 41 57
10 24 10 24
21 59 21 42 51 59
32 65 32 51 59 65
45 63 45 63
3 64 3 9 20 56 64
51 60 51 60
8 55 8 9 20 55
3 83 3 64 80 83
0 37 0 20 26 28 37
2 41 2 13 16 23 25 38 41
2 66 2 60 66
75 78 75 78
2 29 2 13 29
8 49 8 9 13 28 37 49
48 76 48 54 59 64 68 69 76
26 47 26 28 35 43 47
8 31 8 9 13 16 31
2 83 2 60 66 71 83
6 32 6 18 20 32
4 47 4 13 20 32 47
4 82 4 23 82
18 77 18 22 43 52 77
50 88 50 82 85 88
17 78 17 78
17 83 17 70 72 78 80 81 83
24 36 24 27 29 36
4 62 4 56 62
29 53 29 36 43 44 53
11 28 11 21 26 28
7 29 7 27 29
60 83 60 66 83
60 69 60 69
0 69 0 27 34 45 54 59 69
21 41 21 26 38 41
32 69 32 48 54 59 64 69
9 86 9 62 63 80 81 83 86
34 57 34 45 57
19 28 19 21 26 28
1 14 1 13 14
27 82 27 34 48 72 82
40 62 40 42 62
26 86 26 38 60 66 78 81 83 86
26 54 26 28 37 48 54
9 47 9 24 43 47
27 88 27 58 85 88
29 70 29 70
16 65 16 40 42 51 59 65
30 34 30 34
39 88 39 69 88
19 33 19 33
2 70 2 9 24 43 70
15 55 15 26 55
18 26 18 21 26
18 53 18 21 26 28 41 53
54 67 54 67
27 47 27 32 47
11 89 11 59 64 71 84 89
36 68 36 43 47 61 64 68
39 60 39 60
39 71 39 58 61 64 71
0 76 0 52 64 68 69 76
45 81 45 75 80 81
45 81 45 75 78 80 81
23 68 23 28 41 50 59 64 68
1 7 1 7
14 30 14 30
5 52 5 37 52
27 79 27 29 36 55 79
19 44 19 21 26 28 35 43 44
36 69 36 37 51 58 61 64 69
2 89 2 89
7 76 7 28 69 76
40 46 40 42 46
7 82 7 33 82
42 88 42 62 63 88
22 35 22 25 35
29 60 29 36 50 60
12 75 12 75
54 78 54 78
8 85 8 58 67 72 78 85
34 59 34 44 51 59
47 84 47 67 72 78 84
45 73 45 54 73
11 65 11 21 59 65
18 38 18 22 25 38
49 81 49 72 78 80 81
6 54 6 16 29 36 37 48 54
16 87 16 24 29 43 46 77 87
50 81 50 51 59 64 80 81
1 26 1 19 20 26
35 80 35 39 57 72 78 80
30 82 30 50 60 82
48 59 48 54 59
9 60 9 60
54 82 54 59 64 82
45 65 45 54 59 65
17 50 17 29 36 50
0 76 0 47 61 64 69 76
31 77 31 39 58 77
12 70 12 26 28 37 40 42 70
8 57 8 41 57
19 45 19 20 30 34 45
7 85 7 64 71 82 85
53 88 53 72 88
23 65 23 44 51 59 65
5 81 5 72 78 80 81
4 58 4 13 26 38 42 51 58
1 27 1 13 24 27
58 61 58 61
80 88 80 83 86 88
8 34 8 13 14 34
44 59 44 51 59
37 49 37 49
32 89 32 53 80 81 83 89
21 35 21 26 28 35
36 43 36 43
33 70 33 37 40 42 70
23 32 23 32
8 34 8 9 16 24 27 34
57 81 57 78 81
40 67 40 42 51 58 67
52 64 52 64
6 87 6 17 52 64 87
38 64 38 42 51 58 61 64
42 46 42 46
14 42 14 28 37 40 42
2 25 2 9 13 16 23 25
58 64 58 61 64
8 23 8 13 16 23
1 72 1 39 58 67 72
18 22 18 22
2 80 2 13 72 78 80
17 65 17 32 48 54 59 65
12 79 12 24 32 48 79
47 61 47 61
4 71 4 23 35 56 64 71
25 46 25 33 46
29 69 29 43 52 64 68 69
40 85 40 64 71 82 85
23 58 23 25 35 41 50 51 58
14 62 14 28 37 40 42 62
0 50 0 10 30 41 50
10 37 10 24 29 36 37
27 64 27 32 58 64
32 67 32 51 58 67
41 58 41 50 51 58
85 88 85 88
23 71 23 28 58 64 71
3 79 3 15 21 26 38 41 79
3 38 3 38
66 82 66 71 82
27 62 27 34 38 42 62
16 78 16 35 41 72 78
7 65 7 39 65
10 47 10 17 29 43 47
1 19 1 13 14 19
58 80 58 78 80
28 85 28 82 85
68 69 68 69
11 77 11 21 40 51 59 66 77
6 71 6 27 44 64 71
9 13 9 13
46 77 46 77
68 74 68 74
51 78 51 59 66 78
36 68 36 50 51 64 68
13 20 13 14 19 20
51 59 51 59
39 71 39 60 66 71
48 88 48 54 71 83 88
26 56 26 28 35 56
59 74 59 64 68 74
4 23 4 13 16 23
56 63 56 62 63
30 50 30 34 45 50
11 61 11 33 51 58 61
38 85 38 63 82 85
9 63 9 16 23 35 56 62 63
23 74 23 49 51 64 68 74
22 37 22 25 33 37
26 74 26 38 41 49 51 59 64 68 74
1 55 1 26 55
34 80 34 67 72 78 80
21 46 21 42 46
24 55 24 29 36 43 44 55
1 37 1 2 9 13 28 37
30 48 30 34 48
10 69 10 48 61 64 69
11 71 11 33 49 51 60 66 71
7 65 7 14 25 63 65
41 68 41 50 59 64 68
28 54 28 37 48 54
37 77 37 52 77
3 37 3 14 28 37
0 74 0 27 32 58 68 74
20 70 20 30 41 70
28 77 28 41 49 51 59 77
0 69 0 20 40 64 69
38 76 38 41 49 69 76
41 89 41 67 72 78 84 89
10 52 10 52
62 63 62 63
4 65 4 49 51 59 65
3 23 3 16 23
42 69 42 51 59 64 69
2 49 2 33 37 49
22 55 22 31 43 44 55
13 16 13 16
28 54 28 37 48 54
44 89 44 79 83 89
8 9 8 9
30 76 30 48 52 64 68 69 76
39 75 39 58 61 75
6 37 6 16 29 36 37
9 40 9 13 20 40
14 51 14 19 43 44 51
12 42 12 27 29 36 37 40 42
14 28 14 19 20 26 28
0 78 0 45 67 72 78
17 58 17 29 43 44 55 58
15 76 15 76
19 77 19 43 44 53 77
24 83 24 83
27 75 27 44 51 58 61 75
4 69 4 23 25 38 42 51 58 61 64 69
32 52 32 48 52
39 87 39 46 77 87
41 50 41 50
0 31 0 13 16 31
22 44 22 31 43 44
30 50 30 34 45 50
36 51 36 37 49 51
6 41 6 30 34 38 41
4 74 4 13 29 36 50 59 64 68 74
37 59 37 40 42 51 59
43 64 43 64
7 87 7 42 46 77 87
19 63 19 62 63
67 87 67 77 87
20 46 20 26 40 42 46
49 72 49 51 58 67 72
31 56 31 56
6 86 6 31 43 80 81 83 86
3 42 3 21 42
61 84 61 75 78 84
32 81 32 58 64 80 81
21 47 21 26 28 35 43 47
6 37 6 17 25 33 37
18 20 18 20
9 71 9 71
41 67 41 49 51 58 67
6 67 6 16 31 39 58 67
4 41 4 8 9 17 20 30 41
37 59 37 51 59
28 42 28 37 40 42
1 53 1 2 31 43 44 53
72 85 72 82 85
8 37 8 28 37
24 30 24 30
8 31 8 9 13 14 31
38 85 38 85
34 61 34 45 50 51 58 61
16 81 16 35 59 66 78 80 81
20 88 20 55 84 88
12 73 12 73
64 68 64 68
4 78 4 60 66 78
36 66 36 50 51 60 66
53 88 53 84 88
15 58 15 21 26 55 58
0 45 0 24 30 34 45
6 20 6 18 20
44 75 44 51 58 61 75
31 61 31 43 47 61
6 87 6 24 77 87
17 25 17 25
1 49 1 37 49
3 76 3 58 61 64 69 76
14 64 14 34 45 52 64
59 83 59 64 71 83
45 55 45 55
1 50 1 26 28 41 50
14 65 14 28 49 51 59 65
28 42 28 37 40 42
4 56 4 23 25 35 56
19 47 19 43 47
4 56 4 56
21 78 21 42 70 72 78
61 88 61 64 68 74 85 88
9 21 9 13 14 19 21
25 81 25 79 80 81
15 30 15 30
45 51 45 50 51
1 13 1 3 9 13
16 35 16 23 25 35
22 61 22 25 61
12 45 12 17 20 30 34 45
13 89 13 28 58 64 71 84 89
19 81 19 38 41 70 72 78 80 81
6 63 6 21 26 40 63
4 88 4 49 51 64 68 74 85 88
13 66 13 14 28 37 40 60 66
17 60 17 33 39 60
13 68 13 14 59 64 68
20 42 20 26 28 37 40 42
22 31 22 31
29 68 29 37 48 54 59 64 68
39 89 39 58 61 75 83 89
15 21 15 21
5 49 5 36 37 49
20 55 20 32 44 55
0 40 0 17 33 37 40
50 59 50 51 59
0 27 0 10 24 27
75 82 75 82
4 21 4 13 14 19 21
27 81 27 79 80 81
8 63 8 62 63
7 77 7 42 51 67 77
33 73 33 49 51 67 73
54 82 54 71 82
32 72 32 48 52 67 72
45 73 45 52 67 73
31 77 31 39 58 67 77
21 71 21 42 70 71
6 27 6 24 27
13 30 13 14 19 20 30
2 79 2 14 30 44 79
21 80 21 40 64 80
78 83 78 81 83
38 79 38 41 79
29 76 29 48 61 64 68 69 76
7 45 7 15 30 34 45
0 28 0 13 26 28
7 47 7 27 34 47
10 86 10 30 44 53 72 86
22 59 22 59
40 73 40 42 51 58 73
5 84 5 79 84
68 74 68 74
56 78 56 62 72 78
8 43 8 13 29 36 43
6 41 6 30 41
38 67 38 41 50 51 58 67
51 81 51 64 80 81
6 62 6 27 34 38 42 62
31 83 31 39 58 61 75 78 80 81 83
28 75 28 58 61 75
16 49 16 29 37 49
38 65 38 41 50 59 65
2 66 2 33 49 51 59 66
11 88 11 33 39 58 61 75 80 83 86 88
35 76 35 56 64 68 69 76
4 57 4 30 44 55 57
23 47 23 35 43 47
59 64 59 64
37 63 37 40 63
7 27 7 27
5 6 5 6
27 62 27 29 37 40 42 62
1 58 1 58
9 30 9 20 30
24 38 24 30 34 38
71 83 71 83
27 70 27 34 38 41 70
26 73 26 38 42 51 58 67 73
40 51 40 42 51
8 30 8 9 17 20 30
13 24 13 16 24
20 87 20 26 38 41 67 72 87
69 87 69 87
22 87 22 33 67 72 87
7 35 7 28 35
8 61 8 58 61
22 81 22 60 66 78 80 81
11 56 11 21 26 28 35 56
84 88 84 88
5 61 5 44 55 58 61
5 88 5 44 84 88
6 27 6 24 27
50 78 50 60 66 78
3 9 3 9
16 28 16 23 28
54 77 54 59 66 77
2 49 2 13 24 30 41 49
22 87 22 87
45 75 45 55 58 61 75
84 89 84 89
3 38 3 30 34 38
28 87 28 49 72 87
17 81 17 51 80 81
6 45 6 18 22 34 45
26 38 26 38
37 59 37 59
12 75 12 75
6 30 6 17 20 30
27 72 27 70 72
12 48 12 17 33 37 48
57 65 57 65
42 67 42 51 58 67
5 56 5 25 35 56
3 41 3 15 30 34 38 41
22 44 22 34 44
7 89 7 14 70 71 83 89
32 47 32 47
34 88 34 48 88
27 50 27 29 36 50
19 33 19 33
54 69 54 59 64 69
53 77 53 77
43 78 43 75 78
16 28 16 28
9 29 9 17 29
57 82 57 74 82
27 62 27 29 37 40 42 62
43 65 43 62 65
34 50 34 45 50
14 30 14 19 20 30
29 69 29 36 43 64 68 69
33 80 33 67 72 78 80
29 74 29 43 47 61 64 68 74
14 62 14 34 38 42 62
5 76 5 6 44 61 64 69 76
10 55 10 24 32 44 55
27 81 27 79 80 81
16 53 16 28 41 53
22 56 22 31 56
0 52 0 45 52
18 83 18 59 64 71 83
2 79 2 13 26 38 41 79
11 70 11 70
51 82 51 60 82
22 83 22 62 72 78 80 83
1 49 1 49
24 65 24 55 63 65
54 59 54 59
0 44 0 20 26 28 35 43 44
6 32 6 27 32
0 24 0 10 24
48 76 48 61 64 68 69 76
60 66 60 66
37 61 37 49 51 58 61
9 44 9 17 29 36 43 44
34 67 34 47 67
30 54 30 34 48 54
9 26 9 20 26
39 74 39 58 68 74
23 35 23 35
12 17 12 17
21 78 21 42 57 78
20 81 20 40 72 78 81
10 89 10 24 83 89
15 55 15 22 31 43 44 55
30 53 30 53
8 20 8 9 13 20
26 73 26 40 51 67 73
10 72 10 44 53 72
20 45 20 30 34 45
4 62 4 13 28 37 40 42 62
5 49 5 25 33 37 49
52 77 52 67 77
0 17 0 17
60 87 60 66 77 87
11 58 11 20 26 28 41 49 51 58
36 50 36 50
25 54 25 33 37 48 54
16 31 16 31
66 89 66 71 84 89
5 34 5 7 27 34
62 74 62 74
23 78 23 49 51 67 72 78
79 89 79 80 81 83 89
5 50 5 7 29 36 50
42 89 42 62 63 83 89
26 73 26 28 37 40 51 67 73
55 61 55 61
31 81 31 43 52 67 72 78 81
50 78 50 59 66 78
7 36 7 29 36
16 35 16 35
27 73 27 52 67 73
48 81 48 52 80 81
59 89 59 66 83 89
11 64 11 35 41 50 59 64
16 40 16 40
18 33 18 22 25 33
20 41 20 26 38 41
3 43 3 9 24 27 29 36 43
3 25 3 9 13 14 25
8 16 8 13 16
58 64 58 64
20 82 20 26 55 58 67 72 82
7 78 7 43 44 51 59 66 78
8 63 8 62 63
25 82 25 74 82
10 71 10 48 61 64 71
38 67 38 42 51 58 67
0 47 0 27 34 47
8 66 8 41 50 59 66
20 59 20 32 48 54 59
28 63 28 35 41 63
2 49 2 13 49
57 86 57 86
11 35 11 20 26 28 35
56 64 56 64
36 77 36 66 77
10 28 10 17 20 26 28
58 83 58 78 80 83
2 71 2 23 44 64 71
5 64 5 64
23 87 23 44 53 72 87
16 59 16 40 51 59
37 89 37 72 78 84 89
43 44 43 44
20 30 20 30
6 34 6 30 34
20 35 20 26 28 35
12 58 12 17 25 40 51 58
2 13 2 9 13
25 87 25 35 56 62 72 87
19 41 19 38 41
19 54 19 21 26 28 37 48 54
34 86 34 47 83 86
5 49 5 36 37 49
8 55 8 28 35 43 44 55
63 65 63 65
62 63 62 63
11 68 11 58 64 68
8 64 8 34 59 64
41 53 41 53
14 31 14 31
22 47 22 25 35 43 47
58 75 58 61 75
39 58 39 58
18 45 18 20 30 34 45
55 57 55 57
2 20 2 14 19 20
24 82 24 34 59 66 71 82
5 84 5 52 67 72 78 84
48 79 48 79
28 78 28 35 59 66 78
20 52 20 32 48 52
28 57 28 35 43 44 55 57
23 68 23 55 58 61 64 68
20 72 20 56 62 72
29 43 29 43
20 35 20 26 28 35
3 30 3 15 30
24 52 24 43 52
14 42 14 42
4 46 4 30 34 46
13 16 13 16
6 30 6 30
23 77 23 35 39 58 77
10 44 10 17 20 30 34 44
32 75 32 47 61 75
32 67 32 48 54 67
60 86 60 66 78 80 83 86
35 82 35 59 71 82
62 85 62 63 82 85
25 60 25 38 42 51 60
57 72 57 72
54 73 54 73
21 54 21 26 28 37 48 54
1 44 1 7 29 36 43 44
25 46 25 38 42 46
35 56 35 56
12 32 12 17 32
12 57 12 57
41 57 41 57
38 70 38 70
54 75 54 75
33 37 33 37
10 85 10 34 48 61 64 71 82 85
38 63 38 63
36 82 36 37 59 64 82
44 79 44 55 79
15 35 15 22 25 35
20 82 20 55 67 82
20 66 20 26 40 51 59 66
47 77 47 67 77
18 35 18 22 25 35
2 56 2 18 21 26 28 35 56
34 62 34 38 42 62
53 77 53 77
16 24 16 24
79 80 79 80
1 9 1 2 9
17 48 17 25 33 37 48
44 86 44 51 64 81 83 86
50 60 50 51 60
7 65 7 56 62 65
51 58 51 58
16 44 16 35 43 44
39 57 39 57
62 78 62 72 78
6 78 6 24 55 57 78
27 89 27 58 61 75 83 89
33 73 33 37 48 54 67 73
54 71 54 71
37 60 37 49 51 60
16 38 16 38
37 59 37 48 54 59
33 63 33 39 57 63
20 81 20 26 80 81
36 76 36 59 69 76
2 66 2 31 43 44 51 59 66
26 86 26 55 63 80 83 86
21 78 21 59 66 78
2 66 2 13 24 34 44 51 59 66
38 81 38 41 59 66 78 81
37 77 37 51 59 66 77
19 81 19 33 78 81
7 49 7 28 35 41 49
13 60 13 36 60
36 53 36 43 44 53
41 59 41 49 51 59
30 50 30 34 45 50
49 72 49 51 58 67 72
45 51 45 50 51
59 74 59 64 68 74
12 27 12 24 27
17 48 17 33 37 48
7 76 7 14 42 64 69 76
57 63 57 63
43 66 43 44 51 59 66
1 13 1 13
33 46 33 37 40 42 46
11 62 11 21 42 62
29 57 29 36 55 57
37 61 37 48 61
43 76 43 47 61 64 69 76
27 72 27 72
13 64 13 24 55 61 64
19 69 19 38 42 51 58 64 68 69
54 86 54 86
15 26 15 26
3 71 3 9 17 33 51 58 64 71
29 63 29 36 55 57 63
22 37 22 25 33 37
18 38 18 20 30 34 38
38 41 38 41
24 34 24 27 34
25 67 25 40 51 67
33 52 33 37 52
6 32 6 27 32
32 58 32 58
43 78 43 75 78
77 88 77 87 88
12 30 12 17 20 30
6 32 6 17 20 32
3 41 3 27 34 38 41
75 82 75 82
41 80 41 63 80
40 65 40 63 65
8 71 8 58 64 71
48 68 48 52 64 68
13 48 13 48
3 89 3 38 41 49 51 59 64 71 83 89
0 20 0 10 17 20
23 68 23 28 35 41 59 64 68
35 87 35 59 66 77 87
25 39 25 33 39
2 14 2 9 13 14
4 27 4 13 24 27
62 74 62 74
16 65 16 40 42 51 59 65
60 66 60 66
42 75 42 51 58 61 75
24 41 24 27 34 38 41
16 44 16 24 34 44
55 80 55 67 72 78 80
16 49 16 23 49
26 77 26 55 67 77
26 28 26 28
47 84 47 75 78 84
35 66 35 39 60 66
79 84 79 84
41 50 41 50
5 54 5 7 28 37 48 54
58 78 58 67 72 78
23 79 23 79
44 73 44 51 58 73
20 45 20 30 34 45
36 43 36 43
17 68 17 51 58 61 64 68
43 44 43 44
53 72 53 72
17 29 17 29
27 46 27 29 37 40 42 46
37 46 37 40 42 46
19 55 19 43 44 55
0 80 0 67 72 78 80
40 65 40 63 65
16 86 16 80 81 83 86
54 77 54 59 77
2 63 2 14 31 56 62 63
57 89 57 80 83 89
8 58 8 41 50 51 58
36 88 36 37 40 85 88
75 78 75 78
25 62 25 62
2 57 2 57
2 70 2 18 20 26 40 42 70
40 42 40 42
14 35 14 28 35
45 83 45 64 80 83
30 80 30 53 72 78 80
2 17 2 9 17
8 82 8 34 47 75 82
5 32 5 6 27 32
10 71 10 44 55 61 64 71
44 78 44 51 59 66 78
54 75 54 75
50 76 50 51 59 69 76
25 82 25 40 64 82
34 45 34 45
50 60 50 51 60
43 59 43 44 51 59
67 73 67 73
8 23 8 13 16 23
8 41 8 13 16 38 41
2 58 2 18 21 42 51 58
55 75 55 58 61 75
48 86 48 75 83 86
41 66 41 49 51 59 66
15 55 15 22 34 45 55
10 44 10 17 29 43 44
27 63 27 32 44 55 57 63
40 86 40 64 81 83 86
11 63 11 20 40 42 62 63
2 19 2 14 19
12 37 12 37
12 83 12 45 52 80 83
64 69 64 68 69
20 77 20 39 46 77
35 43 35 43
49 88 49 72 78 81 83 88
22 57 22 25 33 39 57
4 30 4 8 9 24 30
4 26 4 13 20 26
20 88 20 32 58 78 84 88
6 30 6 30
2 55 2 23 25 35 43 44 55
57 83 57 72 78 80 81 83
64 80 64 80
44 85 44 53 72 78 85
14 43 14 28 35 43
16 67 16 27 32 51 67
1 22 1 2 18 22
6 21 6 18 21
23 71 23 32 44 61 64 71
50 71 50 60 66 71
34 53 34 44 53
8 47 8 9 32 47
35 58 35 43 44 51 58
6 82 6 44 55 58 68 74 82
24 54 24 29 36 48 54
27 36 27 29 36
1 3 1 3
31 61 31 43 44 55 58 61
31 71 31 56 64 71
6 80 6 15 21 59 64 80
78 81 78 81
42 75 42 51 58 61 75
15 71 15 30 41 66 71
32 73 32 44 55 58 73
33 76 33 49 69 76
20 73 20 30 34 44 73
2 37 2 9 20 26 28 37
4 62 4 30 34 38 42 62
0 16 0 13 16
11 48 11 33 37 48
35 58 35 41 49 51 58
1 44 1 26 28 35 43 44
0 74 0 52 64 68 74
31 71 31 56 64 71
27 73 27 32 44 55 67 73
13 27 13 16 24 27
51 89 51 59 64 80 83 89
0 49 0 27 29 37 49
37 84 37 49 51 67 72 78 84
14 77 14 30 41 53 77
58 68 58 61 64 68
45 57 45 57
47 61 47 61
19 85 19 21 59 71 82 85
69 87 69 87
62 87 62 72 87
28 49 28 41 49
22 37 22 33 37
18 34 18 22 34
28 35 28 35
10 25 10 17 25
61 76 61 64 69 76
6 57 6 44 55 57
42 46 42 46
3 14 3 14
9 30 9 13 14 30
3 77 3 16 35 39 58 67 77
11 71 11 33 39 60 66 71
60 84 60 66 71 84
18 49 18 22 25 33 49
1 84 1 13 60 66 71 84
48 79 48 79
40 60 40 60
48 84 48 52 71 84
33 73 33 37 51 58 67 73
30 87 30 39 87
22 43 22 43
30 68 30 68
40 62 40 42 62
6 87 6 27 34 59 69 87
41 53 41 53
18 51 18 20 26 40 42 51
43 46 43 46
35 65 35 43 44 51 59 65
4 20 4 8 13 20
34 46 34 46
7 39 7 39
83 89 83 89
4 48 4 13 14 28 37 48
29 49 29 37 49
26 46 26 38 42 46
29 55 29 36 43 44 55
8 68 8 13 26 40 68
56 62 56 62
11 68 11 59 64 68
6 18 6 18
34 45 34 45
25 38 25 38
9 24 9 13 16 24
56 85 56 62 63 82 85
7 28 7 28
1 43 1 3 16 27 29 36 43
2 70 2 14 31 43 70
27 64 27 29 37 52 64
7 19 7 14 19
39 69 39 60 69
62 85 62 63 82 85
49 72 49 72
63 89 63 83 89
42 58 42 51 58
16 87 16 87
42 76 42 64 68 69 76
37 66 37 48 54 59 66
25 67 25 38 42 51 67
7 33 7 33
33 80 33 72 78 80
17 39 17 20 26 28 35 39
19 21 19 21
54 73 54 73
78 85 78 85
67 72 67 72
9 40 9 13 28 37 40
43 58 43 44 51 58
12 57 12 45 55 57
8 54 8 13 26 28 37 48 54
13 72 13 48 52 67 72
70 72 70 72
44 55 44 55
48 65 48 54 59 65
50 89 50 60 66 77 89
49 58 49 51 58
78 84 78 84
13 60 13 60
17 85 17 51 64 68 74 85
21 47 21 26 28 35 43 47
13 40 13 14 28 37 40
36 71 36 48 54 71
22 35 22 25 35
2 88 2 18 59 66 77 87 88
2 29 2 9 13 16 27 29
48 86 48 61 64 71 83 86
21 64 21 58 61 64
47 83 47 61 75 83
5 84 5 79 84
8 64 8 40 51 59 64
19 85 19 43 75 78 85
28 85 28 78 85
39 65 39 65
17 65 17 33 51 59 65
2 56 2 9 17 25 35 56
5 20 5 6 18 20
30 39 30 39
6 80 6 44 64 80
56 62 56 62
20 50 20 30 41 50
23 57 23 32 44 55 57
7 49 7 28 35 41 49
34 65 34 38 63 65
9 48 9 16 27 34 48
0 49 0 27 29 36 37 49
9 32 9 13 16 24 32
20 59 20 59
79 81 79 80 81
21 52 21 26 28 35 43 52
41 79 41 79
30 55 30 34 44 55
19 73 19 21 26 42 51 67 73
12 33 12 17 25 33
48 52 48 52
16 24 16 24
9 26 9 13 20 26
14 40 14 19 21 26 40
24 77 24 50 51 59 77
19 69 19 38 60 69
0 67 0 43 52 67
20 58 20 32 58
34 59 34 48 54 59
37 40 37 40
21 55 21 26 55
25 63 25 40 63
17 48 17 25 33 37 48
32 80 32 66 78 80
27 52 27 52
67 77 67 77
42 76 42 64 68 69 76
41 57 41 57
9 49 9 24 29 37 49
19 49 19 20 30 34 38 41 49
75 82 75 82
60 78 60 66 78
38 49 38 41 49
5 19 5 7 14 19
11 74 11 58 64 68 74
13 50 13 14 25 38 41 50
28 70 28 35 43 70
0 46 0 20 40 42 46
15 30 15 30
41 79 41 79
47 72 47 67 72
2 88 2 9 60 69 87 88
12 66 12 37 48 54 59 66
35 67 35 41 67
17 59 17 33 37 49 51 59
27 78 27 70 72 78
7 57 7 27 34 38 42 57
46 77 46 77
42 73 42 51 67 73
19 40 19 20 26 28 37 40
28 78 28 41 57 72 78
39 83 39 57 80 83
31 81 31 39 60 66 78 81
15 22 15 22
16 59 16 44 51 59
17 38 17 20 26 38
9 44 9 24 43 44
20 60 20 39 60
27 82 27 44 51 58 64 68 74 82
1 55 1 26 28 35 43 44 55
2 31 2 31
14 70 14 30 34 38 42 70
22 59 22 31 43 44 51 59
35 68 35 56 64 68
57 86 57 86
39 58 39 58
6 20 6 18 20
32 58 32 58
37 48 37 48
11 34 11 20 30 34
33 83 33 78 80 81 83
63 65 63 65
8 31 8 13 14 31
24 82 24 29 75 82
6 47 6 16 28 35 43 47
43 85 43 44 55 67 72 78 85
61 89 61 64 80 81 83 89
58 74 58 64 68 74
11 65 11 33 37 49 51 59 65
35 89 35 72 78 84 89
33 66 33 37 59 66
49 68 49 51 64 68
24 27 24 27
16 23 16 23
24 73 24 27 32 51 67 73
58 83 58 78 81 83
32 71 32 66 71
7 56 7 14 25 35 56
26 70 26 42 70
3 76 3 30 34 59 69 76
21 59 21 59
60 82 60 82
13 77 13 36 60 66 77
23 78 23 78
79 83 79 81 83
25 40 25 33 37 40
19 20 19 20
9 17 9 17
33 39 33 39
47 64 47 61 64
24 65 24 55 63 65
13 77 13 60 66 77
48 54 48 54
7 47 7 27 34 47
80 83 80 81 83
43 65 43 65
3 26 3 21 26
47 75 47 61 75
6 43 6 27 29 36 43
36 55 36 43 44 55
29 57 29 36 37 40 42 57
2 13 2 9 13
42 84 42 62 72 78 84
50 61 50 51 58 61
54 73 54 73
1 55 1 19 43 44 55
8 60 8 13 49 51 60
13 48 13 28 37 48
39 65 39 57 63 65
15 45 15 22 34 45
28 57 28 35 39 57
42 69 42 51 58 64 69
34 89 34 47 67 72 78 81 83 89
52 77 52 77
4 17 4 8 9 17
35 56 35 56
27 76 27 34 48 54 59 64 69 76
68 69 68 69
18 65 18 21 40 42 51 59 65
6 15 6 15
23 40 23 25 40
70 82 70 82
7 57 7 32 44 55 57
77 87 77 87
42 82 42 62 72 82
45 66 45 54 59 66
7 85 7 32 51 60 66 78 85
14 75 14 25 38 42 51 58 61 75
1 36 1 7 29 36
77 87 77 87
49 77 49 51 59 77
58 86 58 64 71 83 86
8 85 8 28 78 85
11 87 11 21 26 67 77 87
55 57 55 57
22 66 22 59 66
2 31 2 9 13 16 31
10 69 10 44 51 60 69
40 73 40 42 51 67 73
26 77 26 40 42 51 67 77
37 81 37 48 61 75 78 81
12 68 12 17 33 39 58 61 64 68
4 27 4 13 16 24 27
7 85 7 42 64 82 85
38 82 38 42 51 59 71 82
25 88 25 33 67 77 88
58 84 58 78 84
41 59 41 50 51 59
45 54 45 54
11 66 11 33 39 60 66
3 89 3 64 71 83 89
40 42 40 42
13 77 13 28 37 49 51 67 77
7 39 7 39
3 9 3 9
13 30 13 14 30
8 76 8 40 51 60 69 76
57 74 57 74
2 52 2 33 37 48 52
78 80 78 80
34 69 34 38 42 64 68 69
13 59 13 14 59
39 85 39 85
22 80 22 33 62 63 80
48 65 48 54 59 65
24 50 24 50
4 49 4 41 49
24 70 24 34 38 70
55 57 55 57
67 72 67 72
51 88 51 67 72 88
39 46 39 46
24 72 24 54 72
9 60 9 16 38 60
40 70 40 42 70
78 84 78 84
44 68 44 51 64 68
2 78 2 60 66 78
56 87 56 64 87
6 34 6 30 34
32 69 32 58 64 69
28 62 28 35 43 62
10 28 10 17 20 26 28
10 69 10 52 64 68 69
26 39 26 28 35 39
29 63 29 36 43 62 63
69 76 69 76
59 82 59 64 68 74 82
45 52 45 52
55 72 55 67 72
24 88 24 83 86 88
23 49 23 49
55 73 55 58 73
23 39 23 35 39
3 24 3 9 24
27 32 27 32
39 65 39 57 65
18 54 18 22 33 37 48 54
6 88 6 17 70 81 83 86 88
51 61 51 58 61
17 71 17 70 71
8 65 8 28 37 48 54 59 65
66 80 66 78 80
25 51 25 33 37 40 42 51
26 39 26 28 35 39
26 28 26 28
36 88 36 50 59 69 88
10 84 10 44 79 84
33 40 33 37 40
14 77 14 30 34 48 54 59 77
35 43 35 43
25 63 25 38 63
0 79 0 27 44 55 79
58 80 58 61 64 80
16 29 16 29
12 83 12 32 47 80 83
24 89 24 89
2 75 2 18 34 44 61 75
44 55 44 55
66 84 66 71 84
16 76 16 35 39 76
61 64 61 64
23 89 23 66 83 89
5 37 5 7 33 37
48 83 48 72 78 80 81 83
8 34 8 34
38 41 38 41
6 81 6 54 72 78 80 81
28 69 28 69
7 21 7 14 19 21
43 69 43 64 68 69
57 80 57 78 80
23 57 23 32 44 55 57
13 46 13 46
20 80 20 72 78 80
58 64 58 61 64
49 67 49 51 58 67
28 85 28 78 85
18 44 18 34 44
14 78 14 42 62 72 78
56 72 56 62 72
12 72 12 57 72
47 84 47 75 78 84
6 16 6 16
28 82 28 68 74 82
12 83 12 50 59 71 83
5 72 5 36 48 52 67 72
29 59 29 36 43 44 51 59
13 29 13 29
57 86 57 86
10 56 10 17 25 35 56
44 58 44 51 58
11 88 11 33 78 84 88
14 88 14 42 46 77 88
7 83 7 14 42 51 58 67 72 78 80 81 83
8 43 8 28 35 43
3 75 3 38 42 51 58 61 75
26 60 26 28 41 49 51 60
6 15 6 15
29 37 29 37
18 59 18 34 59
22 37 22 33 37
26 46 26 42 46
0 20 0 13 20
56 80 56 78 80
19 82 19 21 26 38 63 82
51 59 51 59
34 38 34 38
12 44 12 32 44
57 72 57 72
26 67 26 40 51 67
24 77 24 27 32 51 58 67 77
10 85 10 63 82 85
14 35 14 28 35
19 56 19 56
1 61 1 26 42 51 58 61
37 72 37 51 58 67 72
50 84 50 59 71 84
8 55 8 28 35 43 44 55
10 85 10 52 64 82 85
19 39 19 33 39
20 75 20 55 61 75
26 77 26 38 41 50 60 66 77
41 66 41 66
22 82 22 31 39 60 82
58 84 58 78 84
55 86 55 57 78 80 81 83 86
55 82 55 63 82
72 86 72 78 80 83 86
71 82 71 82
63 86 63 80 81 83 86
39 46 39 46
25 70 25 40 42 70
22 65 22 62 63 65
22 82 22 60 66 71 82
52 78 52 78
5 7 5 7
66 78 66 78
18 34 18 34
44 73 44 73
18 89 18 72 78 81 83 89
19 73 19 33 37 52 67 73
33 51 33 49 51
49 89 49 72 78 80 81 83 89
52 88 52 77 87 88
36 51 36 43 44 51
7 36 7 29 36
38 67 38 41 49 51 58 67
6 62 6 40 42 62
3 21 3 14 19 21
4 89 4 60 66 83 89
9 35 9 16 28 35
5 73 5 36 55 58 67 73
20 86 20 66 83 86
29 55 29 43 44 55
51 61 51 58 61
30 86 30 48 72 78 80 83 86
26 85 26 38 60 66 71 82 85
72 87 72 87
71 83 71 83
16 68 16 38 41 50 59 64 68
42 84 42 62 72 78 84
10 45 10 34 45
0 46 0 27 29 37 40 42 46
79 88 79 84 88
3 59 3 30 54 59
15 70 15 30 34 38 41 70
32 51 32 51
4 75 4 8 58 61 75
54 73 54 73
53 81 53 72 78 80 81
23 33 23 25 33
40 71 40 42 70 71
