{
  "info": {
    "ratio": 10,
    "seed": 42,
    "iteration": 50000
  },
  "accuracy": 0.07,
  "error_rates": {
    "skip_s2": 0.02666666666666667,
    "wrong_s2": 0.6166666666666667,
    "stuck_s2": 0.006666666666666667,
    "wrong_s3": 0.0,
    "incomplete": 0.006666666666666667,
    "invalid": 0.2733333333333333
  },
  "examples": {
    "skip_s2": [
      {
        "s1": 19,
        "s3": 81,
        "generated": [
          19,
          81
        ]
      },
      {
        "s1": 20,
        "s3": 81,
        "generated": [
          20,
          81
        ]
      },
      {
        "s1": 30,
        "s3": 64,
        "generated": [
          30,
          64
        ]
      }
    ]
  }
}