{
  "info": {
    "ratio": 5,
    "seed": 42,
    "iteration": 50000
  },
  "accuracy": 0.043333333333333335,
  "error_rates": {
    "skip_s2": 0.05333333333333334,
    "wrong_s2": 0.6733333333333333,
    "stuck_s2": 0.02666666666666667,
    "wrong_s3": 0.0,
    "incomplete": 0.0,
    "invalid": 0.20333333333333334
  },
  "examples": {
    "skip_s2": [
      {
        "s1": 5,
        "s3": 81,
        "generated": [
          5,
          81
        ]
      },
      {
        "s1": 29,
        "s3": 81,
        "generated": [
          29,
          81
        ]
      },
      {
        "s1": 6,
        "s3": 62,
        "generated": [
          6,
          62
        ]
      }
    ]
  }
}