{
  "info": {
    "ratio": 3,
    "seed": 42,
    "iteration": 50000
  },
  "accuracy": 0.06666666666666667,
  "error_rates": {
    "skip_s2": 0.03666666666666667,
    "wrong_s2": 0.61,
    "stuck_s2": 0.023333333333333334,
    "wrong_s3": 0.0,
    "incomplete": 0.016666666666666666,
    "invalid": 0.24666666666666667
  },
  "examples": {
    "skip_s2": [
      {
        "s1": 25,
        "s3": 79,
        "generated": [
          25,
          79
        ]
      },
      {
        "s1": 20,
        "s3": 75,
        "generated": [
          20,
          75
        ]
      },
      {
        "s1": 29,
        "s3": 88,
        "generated": [
          29,
          88
        ]
      }
    ]
  }
}