28 80 28 37 51 80
25 81 25 33 51 80 81
28 67 28 35 39 58 67
1 70 1 7 14 28 41 70
13 73 13 28 35 39 58 67 73
30 48 30 34 48
21 26 21 26
23 48 23 37 48
42 73 42 51 67 73
4 66 4 23 66
28 70 28 41 70
23 71 23 37 51 59 64 71
18 77 18 22 34 48 52 77
30 52 30 48 52
42 88 42 62 72 88
59 86 59 64 86
28 51 28 37 51
51 81 51 80 81
18 52 18 22 34 48 52
11 59 11 59
21 58 21 58
18 64 18 20 56 64
40 78 40 78
31 55 31 43 44 55
4 48 4 23 37 48
19 58 19 43 44 55 58
51 71 51 59 64 71
26 52 26 28 37 52
35 88 35 39 58 67 72 88
14 50 14 28 41 50
4 84 4 30 44 79 84
35 64 35 59 64
30 52 30 48 52
6 79 6 31 43 44 79
14 57 14 28 41 57
18 64 18 20 56 64
64 86 64 86
20 84 20 55 84
35 77 35 39 58 77
35 86 35 39 58 67 72 86
23 75 23 37 48 75
25 81 25 33 51 80 81
56 71 56 64 71
1 64 1 2 9 20 56 64
3 51 3 37 51
1 84 1 2 9 20 55 84
4 52 4 30 48 52
43 79 43 44 79
2 32 2 23 32
1 25 1 7 14 25
4 30 4 30
3 88 3 9 20 55 67 72 88
4 81 4 30 34 48 52 80 81
25 80 25 33 51 80
19 88 19 43 44 79 88
7 44 7 43 44
2 86 2 9 62 72 86
13 86 13 29 48 52 64 86
14 41 14 28 41
35 72 35 39 58 67 72
26 73 26 73
1 70 1 7 14 28 41 70
2 77 2 9 20 55 58 77
3 51 3 37 51
28 67 28 37 51 67
25 73 25 35 39 58 67 73
6 44 6 31 43 44
4 75 4 30 48 75
21 75 21 26 28 37 48 75
14 81 14 42 51 80 81
3 27 3 27
13 71 13 20 56 64 71
41 50 41 50
13 84 13 84
4 89 4 23 37 59 89
16 86 16 35 59 64 86
58 67 58 67
1 61 1 2 33 61
3 51 3 37 51
27 83 27 79 83
6 79 6 31 43 44 79
30 84 30 34 79 84
9 84 9 20 55 84
18 20 18 20
31 44 31 43 44
8 63 8 28 41 63
16 86 16 35 59 64 86
43 73 43 44 55 67 73
42 83 42 51 80 81 83
6 83 6 16 29 48 52 80 81 83
14 89 14 59 89
7 71 7 43 52 71
16 73 16 35 39 58 67 73
7 86 7 57 72 86
72 86 72 86
35 89 35 59 89
21 64 21 42 51 59 64
58 86 58 67 72 86
4 34 4 30 34
28 82 28 41 70 82
31 81 31 43 52 80 81
2 61 2 33 61
8 83 8 28 41 70 81 83
49 88 49 72 88
1 13 1 13
9 55 9 20 55
19 67 19 43 44 55 67
34 71 34 48 52 64 71
25 83 25 79 83
57 86 57 72 86
14 89 14 25 38 89
19 81 19 43 52 80 81
2 33 2 33
42 71 42 51 59 64 71
70 81 70 81
11 71 11 59 64 71
31 79 31 43 44 79
21 60 21 26 28 41 50 60
33 67 33 51 67
7 75 7 14 28 37 48 75
15 44 15 30 44
33 71 33 51 59 64 71
51 67 51 67
27 67 27 44 55 58 67
41 83 41 70 81 83
25 86 25 35 59 64 86
1 41 1 7 14 28 41
6 86 6 37 51 67 72 86
6 67 6 31 43 44 55 58 67
2 84 2 9 20 55 84
51 71 51 59 64 71
59 71 59 64 71
28 71 28 64 71
8 72 8 9 62 72
34 84 34 79 84
31 88 31 43 44 55 58 67 72 88
25 71 25 35 59 64 71
8 9 8 9
20 84 20 55 84
28 89 28 37 48 52 77 89
19 71 19 56 64 71
26 71 26 28 37 51 59 64 71
26 71 26 28 37 59 64 71
21 60 21 26 28 41 50 60
13 67 13 20 55 58 67
1 80 1 37 52 80
39 86 39 58 67 72 86
27 67 27 44 55 58 67
28 63 28 41 57 63
4 77 4 23 37 52 77
21 26 21 26
34 84 34 79 84
9 55 9 20 55
37 83 37 52 80 81 83
18 72 18 20 39 58 67 72
21 75 21 26 28 37 48 75
6 80 6 16 29 48 52 80
40 78 40 78
21 73 21 58 67 73
14 89 14 34 79 84 89
15 78 15 26 28 41 57 78
15 34 15 22 34
34 71 34 59 64 71
19 77 19 43 44 55 58 77
2 9 2 9
1 43 1 7 43
43 84 43 44 84
51 71 51 59 64 71
23 32 23 32
25 80 25 33 51 80
19 84 19 43 44 55 84
51 73 51 67 73
14 78 14 28 41 57 78
14 57 14 28 41 57
41 83 41 70 81 83
14 59 14 59
37 80 37 51 80
34 52 34 48 52
26 80 26 42 51 80
20 55 20 55
22 55 22 31 43 44 55
6 79 6 31 43 44 79
6 71 6 31 43 52 71
26 50 26 28 41 50
21 51 21 42 51
1 58 1 13 26 28 35 39 58
6 79 6 31 43 44 79
21 26 21 26
28 88 28 35 39 58 67 72 88
2 59 2 23 37 59
1 57 1 7 57
3 37 3 37
18 82 18 20 55 58 67 82
18 67 18 22 31 43 44 55 67
21 63 21 26 28 41 63
28 51 28 37 51
22 64 22 43 52 64
2 64 2 9 20 56 64
7 80 7 14 42 51 80
8 75 8 28 37 48 75
4 77 4 23 37 48 52 77
39 77 39 58 77
13 80 13 26 42 51 80
18 84 18 22 34 79 84
7 75 7 14 28 37 48 75
23 80 23 37 52 80
30 80 30 48 75 80
25 80 25 33 51 80
31 58 31 43 44 55 58
2 66 2 23 66
4 51 4 23 37 51
39 67 39 58 67
22 72 22 43 44 55 58 67 72
41 81 41 70 81
22 48 22 34 48
34 81 34 48 75 80 81
23 86 23 49 72 86
30 84 30 44 79 84
59 86 59 64 86
23 48 23 37 48
15 30 15 30
15 59 15 22 34 59
22 82 22 43 52 64 82
6 86 6 37 72 86
28 37 28 37
3 89 3 27 44 55 84 89
1 51 1 2 23 37 51
9 55 9 20 55
43 86 43 52 64 86
30 71 30 34 48 52 64 71
14 64 14 59 64
4 64 4 23 37 59 64
26 71 26 42 51 59 64 71
28 71 28 37 48 52 71
21 51 21 26 42 51
27 84 27 79 84
31 72 31 43 44 55 67 72
14 48 14 34 48
1 75 1 13 29 48 75
2 88 2 9 20 39 58 67 72 88
7 44 7 43 44
19 86 19 56 64 86
8 57 8 41 57
31 72 31 43 44 55 67 72
7 55 7 43 44 55
2 77 2 9 20 55 58 77
35 58 35 39 58
13 67 13 26 42 51 67
14 41 14 28 41
1 86 1 49 72 86
2 82 2 33 51 67 82
9 73 9 20 55 67 73
13 48 13 29 48
1 89 1 89
23 66 23 66
39 86 39 58 67 72 86
28 75 28 37 48 75
2 72 2 9 20 39 58 67 72
22 86 22 34 48 52 64 86
4 80 4 23 37 52 80
8 72 8 9 62 72
18 84 18 20 55 84
34 83 34 48 75 80 81 83
34 81 34 48 75 80 81
1 33 1 2 33
2 83 2 33 51 80 81 83
11 89 11 59 89
16 52 16 29 48 52
19 88 19 62 72 88
13 83 13 29 48 52 80 81 83
14 34 14 34
19 44 19 43 44
28 52 28 37 48 52
15 37 15 26 28 37
1 88 1 2 33 49 72 88
42 51 42 51
20 84 20 55 84
25 83 25 33 51 80 81 83
2 51 2 33 51
23 83 23 37 52 80 81 83
25 61 25 33 61
15 26 15 26
42 72 42 62 72
16 52 16 29 48 52
22 44 22 31 43 44
7 80 7 14 28 37 48 75 80
1 26 1 13 26
43 80 43 52 80
34 75 34 48 75
34 75 34 48 75
28 57 28 41 57
70 83 70 81 83
15 89 15 22 34 48 52 77 89
4 34 4 30 34
28 81 28 37 52 80 81
3 77 3 37 48 52 77
19 58 19 43 44 55 58
21 89 21 26 28 77 89
35 67 35 39 58 67
14 78 14 25 33 78
3 34 3 30 34
23 83 23 37 51 80 81 83
3 64 3 9 20 56 64
30 79 30 34 79
34 86 34 86
3 55 3 30 44 55
34 81 34 48 75 80 81
1 75 1 7 14 34 48 75
19 82 19 43 52 64 82
1 34 1 7 14 34
20 67 20 55 67
26 71 26 28 37 48 52 64 71
51 83 51 80 81 83
31 72 31 43 44 55 58 67 72
19 71 19 56 64 71
6 55 6 31 43 44 55
3 82 3 9 71 82
14 67 14 25 33 51 67
43 52 43 52
31 71 31 43 52 71
23 86 23 37 48 52 64 86
4 81 4 30 34 48 75 80 81
14 78 14 25 40 78
13 73 13 26 73
1 89 1 2 9 20 39 58 77 89
23 75 23 37 48 75
11 89 11 59 89
6 86 6 86
37 71 37 52 64 71
6 80 6 31 43 52 80
9 86 9 62 72 86
34 80 34 48 52 80
19 83 19 43 52 80 81 83
26 48 26 28 37 48
42 82 42 51 67 82
42 88 42 51 67 72 88
26 81 26 28 37 52 80 81
30 44 30 44
13 73 13 26 28 35 39 58 67 73
30 86 30 44 55 67 72 86
56 64 56 64
33 81 33 51 80 81
21 60 21 26 28 41 50 60
7 83 7 14 34 79 83
1 79 1 7 43 44 79
25 67 25 33 51 67
23 66 23 66
3 73 3 9 20 55 58 67 73
30 75 30 48 75
42 82 42 51 67 82
14 64 14 59 64
30 83 30 34 48 52 80 81 83
26 52 26 28 37 48 52
25 71 25 35 59 64 71
42 59 42 51 59
1 41 1 7 14 28 41
13 86 13 29 48 52 64 86
1 9 1 2 9
20 86 20 55 67 72 86
34 83 34 48 52 80 81 83
2 23 2 23
8 55 8 9 20 55
27 44 27 44
33 73 33 51 67 73
37 81 37 51 80 81
16 71 16 35 59 64 71
8 78 8 40 78
14 83 14 25 79 83
13 48 13 29 48
28 73 28 37 51 67 73
33 86 33 49 72 86
35 89 35 39 58 77 89
18 43 18 22 31 43
15 89 15 30 48 52 77 89
25 61 25 33 61
14 82 14 28 35 59 64 82
7 73 7 43 44 55 67 73
15 30 15 30
7 55 7 43 44 55
26 73 26 42 51 67 73
49 88 49 72 88
4 59 4 30 34 59
70 83 70 81 83
8 64 8 9 20 56 64
41 50 41 50
33 71 33 51 59 64 71
4 88 4 49 72 88
19 52 19 43 52
1 78 1 2 78
22 59 22 34 59
35 73 35 39 58 67 73
7 50 7 14 28 41 50
21 88 21 26 28 35 39 58 67 72 88
11 89 11 59 89
8 84 8 9 20 55 84
4 52 4 30 48 52
34 86 34 86
7 44 7 43 44
15 41 15 26 28 41
22 64 22 31 43 52 64
6 83 6 31 43 52 80 81 83
6 29 6 16 29
41 83 41 70 81 83
8 89 8 9 20 39 58 77 89
15 64 15 30 48 52 64
28 57 28 41 57
25 61 25 33 61
15 81 15 22 34 48 52 80 81
14 71 14 59 64 71
34 84 34 79 84
2 82 2 9 71 82
26 80 26 42 51 80
25 83 25 33 51 80 81 83
18 48 18 22 34 48
3 73 3 30 44 55 58 67 73
19 72 19 43 44 55 67 72
15 57 15 26 28 41 57
16 73 16 35 39 58 67 73
21 71 21 26 42 51 59 64 71
13 50 13 26 28 41 50
42 82 42 51 67 82
3 88 3 30 48 88
26 86 26 42 62 72 86
23 52 23 37 52
8 58 8 9 20 39 58
4 72 4 49 72
13 81 13 28 41 70 81
31 58 31 43 44 55 58
25 61 25 33 61
1 59 1 37 51 59
20 86 20 39 58 67 72 86
8 63 8 41 57 63
25 73 25 35 39 58 67 73
64 86 64 86
43 71 43 52 64 71
8 81 8 41 70 81
37 83 37 48 52 80 81 83
43 84 43 44 84
15 86 15 22 31 56 64 86
19 77 19 43 52 77
21 71 21 42 51 59 64 71
28 57 28 41 57
1 50 1 13 26 28 41 50
6 80 6 16 29 48 52 80
26 81 26 42 51 80 81
27 86 27 44 55 58 67 72 86
51 83 51 80 81 83
19 64 19 56 64
35 77 35 39 58 77
8 84 8 9 20 55 84
21 64 21 26 42 51 59 64
2 67 2 33 51 67
9 73 9 20 73
28 41 28 41
31 58 31 43 44 55 58
1 37 1 13 28 37
34 71 34 59 64 71
3 55 3 30 44 55
15 34 15 22 34
33 67 33 51 67
8 50 8 28 41 50
22 77 22 34 48 52 77
30 83 30 44 79 83
31 72 31 43 44 55 67 72
1 58 1 7 14 25 35 39 58
4 59 4 23 37 51 59
14 61 14 25 33 61
7 67 7 14 25 35 39 58 67
25 83 25 79 83
31 89 31 43 44 79 84 89
2 20 2 9 20
2 51 2 33 51
15 72 15 30 44 55 58 67 72
15 51 15 26 42 51
34 52 34 48 52
23 81 23 37 51 80 81
3 75 3 30 34 48 75
18 71 18 20 56 64 71
14 77 14 34 48 52 77
34 79 34 79
28 57 28 41 57
8 89 8 9 20 55 58 77 89
15 70 15 26 28 41 70
2 66 2 23 66
15 59 15 30 34 59
15 88 15 26 28 35 39 58 67 72 88
13 83 13 83
33 73 33 51 67 73
19 67 19 43 44 55 67
7 67 7 43 44 55 58 67
4 64 4 30 34 59 64
21 57 21 26 28 41 57
49 72 49 72
14 41 14 28 41
1 43 1 7 43
42 71 42 51 59 64 71
20 67 20 55 67
15 79 15 30 44 79
57 86 57 72 86
14 72 14 25 33 62 72
22 44 22 31 43 44
16 83 16 29 48 52 80 81 83
34 83 34 79 83
18 48 18 22 34 48
15 70 15 26 28 41 70
43 81 43 52 80 81
56 64 56 64
19 89 19 38 89
1 57 1 7 57
49 86 49 72 86
7 44 7 43 44
4 89 4 23 66 77 89
13 67 13 20 39 58 67
39 89 39 58 77 89
28 78 28 41 57 78
26 71 26 28 37 52 64 71
35 88 35 39 58 67 72 88
31 64 31 43 52 64
21 88 21 58 67 72 88
16 86 16 35 39 58 67 72 86
19 89 19 43 44 79 84 89
14 84 14 34 79 84
51 80 51 80
15 82 15 22 43 44 55 58 67 82
3 51 3 37 51
26 81 26 42 51 80 81
1 9 1 2 9
58 67 58 67
42 82 42 51 59 64 82
31 89 31 43 52 77 89
7 84 7 14 25 79 84
3 20 3 9 20
43 86 43 52 64 86
31 43 31 43
16 83 16 29 48 52 80 81 83
28 70 28 41 70
1 32 1 2 23 32
2 58 2 9 20 55 58
28 58 28 35 39 58
56 82 56 82
14 82 14 42 51 67 82
21 58 21 58
13 52 13 26 28 37 52
23 52 23 37 48 52
22 89 22 43 52 77 89
1 60 1 13 28 41 50 60
15 79 15 30 34 79
57 86 57 72 86
2 84 2 9 20 55 84
3 30 3 30
4 84 4 30 44 79 84
7 50 7 14 28 41 50
8 86 8 62 72 86
43 52 43 52
7 50 7 14 28 41 50
28 41 28 41
51 86 51 67 72 86
35 73 35 39 58 67 73
8 70 8 41 70
25 71 25 33 51 59 64 71
27 86 27 44 55 67 72 86
31 86 31 43 52 64 86
13 67 13 26 42 51 67
57 86 57 72 86
19 72 19 43 44 55 58 67 72
21 80 21 42 51 80
42 82 42 51 67 82
21 60 21 26 28 41 50 60
42 59 42 51 59
22 88 22 34 48 88
4 44 4 30 44
34 86 34 86
6 29 6 16 29
30 86 30 48 52 64 86
8 77 8 9 20 55 58 77
30 44 30 44
22 59 22 34 59
2 83 2 33 51 80 81 83
43 86 43 44 55 58 67 72 86
21 81 21 42 51 80 81
18 67 18 22 31 43 44 55 58 67
1 63 1 13 28 41 57 63
1 37 1 37
8 73 8 9 20 73
6 86 6 16 29 48 52 64 86
37 52 37 52
4 48 4 30 34 48
14 88 14 25 62 72 88
4 37 4 23 37
43 80 43 52 80
14 77 14 34 48 52 77
26 75 26 28 37 48 75
21 88 21 42 51 67 72 88
22 73 22 43 44 55 67 73
34 71 34 59 64 71
34 81 34 48 75 80 81
28 41 28 41
49 88 49 72 88
3 64 3 30 48 52 64
1 29 1 13 29
8 55 8 9 20 55
21 57 21 26 28 41 57
3 34 3 30 34
35 64 35 59 64
28 78 28 41 57 78
22 64 22 31 43 52 64
8 78 8 40 78
25 80 25 33 51 80
31 43 31 43
37 81 37 48 75 80 81
22 81 22 34 48 75 80 81
20 86 20 39 58 67 72 86
37 67 37 51 67
39 82 39 58 67 82
1 51 1 2 33 51
23 52 23 37 52
28 67 28 37 51 67
64 86 64 86
35 72 35 39 58 67 72
21 59 21 42 51 59
4 86 4 49 72 86
21 81 21 26 42 51 80 81
15 26 15 26
19 89 19 38 89
28 58 28 35 39 58
13 55 13 20 55
51 73 51 67 73
30 52 30 48 52
3 84 3 9 20 55 84
25 71 25 33 51 59 64 71
6 29 6 16 29
27 83 27 79 83
4 75 4 30 48 75
28 78 28 41 57 78
37 83 37 52 80 81 83
16 48 16 29 48
2 71 2 23 37 59 64 71
43 86 43 52 64 86
21 73 21 58 67 73
8 48 8 28 37 48
21 58 21 26 28 35 39 58
14 58 14 25 35 39 58
30 67 30 44 55 58 67
31 84 31 43 44 55 84
30 81 30 48 75 80 81
15 41 15 26 28 41
8 55 8 9 20 55
22 59 22 34 59
16 75 16 29 48 75
31 58 31 43 44 55 58
34 84 34 79 84
51 73 51 67 73
4 70 4 70
28 72 28 35 39 58 67 72
56 64 56 64
42 51 42 51
64 71 64 71
4 59 4 30 34 59
1 89 1 39 58 77 89
34 80 34 48 52 80
2 82 2 56 64 71 82
1 64 1 13 29 48 52 64
8 70 8 28 41 70
1 60 1 7 14 28 41 50 60
25 84 25 79 84
6 81 6 31 43 52 80 81
28 63 28 41 63
1 59 1 7 14 28 35 59
57 86 57 72 86
1 63 1 7 57 63
7 75 7 14 34 48 75
31 81 31 43 52 80 81
2 89 2 23 37 59 89
35 77 35 39 58 77
22 52 22 43 52
42 82 42 51 59 64 82
6 84 6 31 43 44 84
18 52 18 22 43 52
30 75 30 48 75
26 52 26 28 37 48 52
2 23 2 23
2 58 2 9 20 55 58
3 27 3 27
9 73 9 20 73
35 71 35 59 64 71
16 81 16 29 48 75 80 81
3 20 3 9 20
27 67 27 44 55 58 67
23 67 23 37 51 67
3 80 3 30 48 52 80
4 75 4 23 37 48 75
15 75 15 30 34 48 75
23 48 23 37 48
51 67 51 67
15 52 15 30 48 52
33 71 33 51 59 64 71
34 48 34 48
7 61 7 14 25 33 61
2 77 2 9 20 39 58 77
2 55 2 9 20 55
14 89 14 34 79 84 89
27 73 27 44 55 58 67 73
14 59 14 59
22 79 22 43 44 79
2 58 2 9 20 39 58
16 81 16 29 48 75 80 81
22 81 22 31 43 52 80 81
4 23 4 23
42 80 42 51 80
25 67 25 35 39 58 67
3 77 3 27 44 55 58 77
18 43 18 22 43
8 63 8 28 41 63
18 64 18 59 64
51 80 51 80
18 52 18 22 31 43 52
6 81 6 31 43 52 80 81
37 73 37 51 67 73
14 82 14 42 51 67 82
4 48 4 30 48
8 20 8 9 20
21 88 21 58 67 72 88
35 59 35 59
34 83 34 48 52 80 81 83
33 67 33 51 67
16 75 16 29 48 75
35 82 35 59 64 82
14 70 14 28 41 70
21 81 21 42 51 80 81
7 86 7 43 52 64 86
28 73 28 37 51 67 73
3 77 3 37 48 52 77
6 80 6 16 29 48 52 80
19 83 19 43 52 80 81 83
34 48 34 48
21 89 21 26 42 51 59 89
37 67 37 51 67
7 52 7 14 34 48 52
15 37 15 26 28 37
9 71 9 20 56 64 71
2 66 2 23 66
3 86 3 27 44 55 67 72 86
23 86 23 37 48 52 64 86
56 71 56 64 71
13 73 13 26 28 35 39 58 67 73
22 86 22 43 44 55 67 72 86
62 88 62 72 88
21 71 21 26 28 64 71
4 51 4 23 37 51
28 37 28 37
14 77 14 34 48 52 77
3 30 3 30
20 86 20 55 58 67 72 86
58 86 58 67 72 86
27 44 27 44
21 78 21 26 28 41 57 78
30 48 30 48
30 73 30 44 55 58 67 73
15 51 15 26 28 37 51
25 61 25 33 61
43 71 43 52 71
37 71 37 59 64 71
30 67 30 44 55 58 67
3 88 3 37 72 88
2 51 2 23 37 51
27 73 27 44 55 67 73
14 51 14 42 51
33 61 33 61
51 73 51 67 73
14 72 14 28 35 39 58 67 72
39 72 39 58 67 72
15 41 15 26 28 41
31 86 31 43 52 64 86
30 81 30 34 48 52 80 81
31 67 31 43 44 55 58 67
4 58 4 30 44 55 58
25 83 25 33 51 80 81 83
43 73 43 44 55 58 67 73
42 88 42 62 72 88
2 75 2 23 37 48 75
7 75 7 14 28 37 48 75
4 55 4 30 44 55
42 82 42 51 59 64 82
43 44 43 44
2 77 2 9 20 55 58 77
43 80 43 52 80
3 44 3 30 44
2 72 2 23 37 72
31 77 31 43 44 55 58 77
6 52 6 16 29 48 52
1 55 1 7 43 44 55
37 48 37 48
6 67 6 31 43 44 55 58 67
21 88 21 26 42 51 67 72 88
31 72 31 43 44 55 67 72
42 80 42 51 80
27 67 27 44 55 58 67
22 67 22 31 43 44 55 58 67
7 71 7 14 59 64 71
23 71 23 37 52 64 71
19 43 19 43
43 79 43 44 79
35 72 35 39 58 67 72
16 71 16 35 59 64 71
16 75 16 29 48 75
4 81 4 30 48 52 80 81
37 52 37 48 52
22 89 22 43 44 79 84 89
51 83 51 80 81 83
7 44 7 43 44
31 67 31 43 44 55 67
30 44 30 44
15 26 15 26
14 73 14 25 33 51 67 73
26 75 26 28 37 48 75
22 71 22 31 56 64 71
20 73 20 39 58 67 73
13 55 13 20 55
34 75 34 48 75
13 71 13 26 28 37 59 64 71
21 64 21 26 28 37 59 64
33 61 33 61
40 78 40 78
34 79 34 79
14 67 14 42 51 67
37 86 37 48 52 64 86
1 89 1 2 9 20 39 58 77 89
8 63 8 28 41 57 63
15 64 15 30 34 48 52 64
1 37 1 13 28 37
18 89 18 20 55 58 77 89
37 52 37 52
51 71 51 59 64 71
15 82 15 26 42 51 67 82
41 81 41 70 81
37 48 37 48
14 86 14 59 64 86
2 32 2 23 32
30 44 30 44
2 32 2 23 32
30 52 30 48 52
1 41 1 13 26 28 41
2 58 2 9 20 55 58
15 44 15 30 44
1 9 1 2 9
15 64 15 26 28 64
3 72 3 27 44 55 67 72
14 25 14 25
1 13 1 13
37 52 37 52
2 77 2 23 66 77
14 73 14 28 37 51 67 73
34 80 34 48 75 80
19 64 19 43 52 64
22 89 22 43 44 55 84 89
26 83 26 28 37 52 80 81 83
18 86 18 59 64 86
21 58 21 26 28 35 39 58
28 57 28 41 57
16 75 16 29 48 75
19 64 19 56 64
1 70 1 7 14 28 41 70
1 72 1 2 33 49 72
2 64 2 9 20 56 64
23 83 23 37 51 80 81 83
1 86 1 13 29 48 52 64 86
2 78 2 78
26 50 26 28 41 50
13 86 13 20 55 58 67 72 86
2 55 2 9 20 55
22 88 22 43 44 79 88
1 66 1 2 23 66
51 83 51 80 81 83
8 75 8 28 37 48 75
1 32 1 2 23 32
33 73 33 51 67 73
7 55 7 43 44 55
1 84 1 2 9 20 55 84
23 81 23 37 48 75 80 81
15 84 15 22 31 43 44 84
15 79 15 30 44 79
58 86 58 67 72 86
31 64 31 43 52 64
26 52 26 28 37 48 52
26 80 26 42 51 80
31 58 31 43 44 55 58
25 86 25 35 59 64 86
1 37 1 2 23 37
25 71 25 35 59 64 71
9 67 9 20 39 58 67
7 67 7 14 25 33 51 67
27 73 27 44 55 67 73
37 83 37 51 80 81 83
26 67 26 42 51 67
26 50 26 28 41 50
31 72 31 43 44 55 67 72
43 84 43 44 55 84
21 82 21 58 67 82
43 81 43 52 80 81
19 67 19 43 44 55 67
2 33 2 33
7 81 7 14 28 37 52 80 81
21 70 21 26 28 41 70
34 81 34 48 75 80 81
51 81 51 80 81
8 86 8 41 49 72 86
22 88 22 43 44 79 88
34 84 34 79 84
26 71 26 28 35 59 64 71
2 82 2 33 51 67 82
2 89 2 33 51 59 89
8 60 8 28 41 50 60
1 37 1 13 28 37
23 86 23 37 48 52 64 86
30 84 30 44 79 84
23 52 23 37 48 52
21 57 21 26 28 41 57
43 44 43 44
62 86 62 72 86
2 59 2 23 37 51 59
18 71 18 20 56 64 71
51 71 51 59 64 71
15 72 15 30 44 55 58 67 72
15 30 15 30
28 78 28 41 57 78
13 48 13 26 28 37 48
19 71 19 56 64 71
27 86 27 44 55 58 67 72 86
8 64 8 9 20 56 64
3 48 3 30 34 48
56 82 56 64 71 82
42 86 42 62 72 86
15 86 15 22 31 56 64 86
22 89 22 34 48 52 77 89
16 86 16 29 48 52 64 86
30 67 30 44 55 67
42 86 42 62 72 86
22 80 22 31 43 52 80
41 81 41 70 81
25 79 25 79
51 67 51 67
14 37 14 28 37
34 52 34 48 52
8 67 8 9 20 39 58 67
16 75 16 29 48 75
3 37 3 37
11 88 11 88
37 67 37 51 67
13 73 13 28 37 51 67 73
3 89 3 30 48 52 77 89
35 58 35 39 58
19 73 19 43 44 55 58 67 73
7 73 7 43 44 55 58 67 73
42 89 42 51 59 89
31 73 31 43 44 55 67 73
3 20 3 9 20
8 37 8 28 37
7 73 7 14 42 51 67 73
33 83 33 51 80 81 83
7 67 7 43 44 55 58 67
19 72 19 62 72
14 86 14 25 62 72 86
16 73 16 35 39 58 67 73
7 52 7 14 34 48 52
13 52 13 28 37 52
1 33 1 7 14 25 33
2 33 2 33
15 77 15 22 31 43 44 55 58 77
18 83 18 22 43 52 80 81 83
31 81 31 43 52 80 81
7 80 7 14 25 33 51 80
13 83 13 26 42 51 80 81 83
1 25 1 7 14 25
30 80 30 34 48 75 80
2 66 2 23 66
34 81 34 48 75 80 81
15 70 15 26 28 41 70
13 67 13 26 42 51 67
25 86 25 33 62 72 86
4 30 4 30
18 43 18 22 31 43
6 83 6 31 43 44 79 83
31 52 31 43 52
37 73 37 51 67 73
15 30 15 30
8 86 8 28 64 86
57 86 57 72 86
1 25 1 7 14 25
1 25 1 7 14 25
27 44 27 44
43 80 43 52 80
51 67 51 67
9 71 9 71
4 44 4 30 44
26 73 26 42 51 67 73
22 58 22 31 43 44 55 58
2 72 2 33 51 67 72
30 86 30 48 52 64 86
3 80 3 30 48 75 80
2 20 2 9 20
6 67 6 37 51 67
39 58 39 58
31 73 31 43 44 55 67 73
15 26 15 26
14 77 14 25 35 39 58 77
4 72 4 49 72
43 67 43 44 55 58 67
18 83 18 22 31 43 52 80 81 83
16 29 16 29
7 81 7 14 25 33 51 80 81
15 51 15 26 42 51
21 67 21 26 42 51 67
9 67 9 20 39 58 67
3 20 3 9 20
3 37 3 37
18 80 18 22 31 43 52 80
18 86 18 20 56 64 86
20 73 20 39 58 67 73
58 67 58 67
27 67 27 44 55 58 67
22 80 22 31 43 52 80
1 64 1 37 51 59 64
31 86 31 56 64 86
15 78 15 26 28 41 57 78
4 82 4 70 82
23 73 23 37 51 67 73
58 86 58 67 72 86
13 84 13 20 55 84
28 60 28 41 50 60
42 82 42 51 67 82
20 73 20 55 67 73
43 84 43 44 84
4 72 4 23 37 49 72
9 55 9 20 55
2 80 2 23 37 51 80
4 70 4 70
28 72 28 37 49 72
1 60 1 7 14 28 41 50 60
18 84 18 20 55 84
34 71 34 59 64 71
15 71 15 26 42 51 59 64 71
15 26 15 26
37 48 37 48
19 73 19 43 44 55 58 67 73
21 82 21 42 51 59 64 82
22 52 22 43 52
3 51 3 37 51
22 82 22 31 56 82
28 41 28 41
2 9 2 9
6 67 6 37 51 67
14 63 14 28 41 63
14 77 14 25 35 39 58 77
2 89 2 33 51 59 89
13 83 13 29 48 75 80 81 83
43 52 43 52
2 58 2 9 20 55 58
41 83 41 70 81 83
28 78 28 41 57 78
37 48 37 48
31 58 31 43 44 55 58
6 80 6 31 43 52 80
33 83 33 51 80 81 83
37 83 37 48 52 80 81 83
23 75 23 37 48 75
18 55 18 22 31 43 44 55
13 75 13 29 48 75
16 83 16 29 48 52 80 81 83
1 60 1 7 14 28 41 50 60
37 52 37 52
21 60 21 26 28 41 50 60
13 73 13 28 37 51 67 73
21 60 21 26 28 41 50 60
13 71 13 29 48 52 64 71
3 64 3 37 51 59 64
30 80 30 48 75 80
8 60 8 41 50 60
15 78 15 26 28 41 57 78
7 52 7 43 52
42 82 42 51 67 82
34 79 34 79
2 61 2 33 61
3 37 3 37
1 26 1 13 26
27 83 27 79 83
20 71 20 56 64 71
18 67 18 20 39 58 67
8 83 8 41 70 81 83
51 67 51 67
1 37 1 7 14 28 37
62 88 62 72 88
4 34 4 30 34
22 77 22 34 48 52 77
13 50 13 26 28 41 50
37 67 37 51 67
7 80 7 14 25 33 51 80
37 67 37 51 67
58 86 58 67 72 86
43 52 43 52
33 86 33 49 72 86
1 57 1 7 14 28 41 57
21 88 21 26 28 35 39 58 67 72 88
20 55 20 55
26 48 26 28 37 48
16 71 16 29 48 52 71
34 79 34 79
4 37 4 23 37
33 67 33 51 67
8 81 8 41 70 81
4 32 4 23 32
14 64 14 59 64
21 26 21 26
16 29 16 29
56 86 56 64 86
21 72 21 42 51 67 72
16 48 16 29 48
39 67 39 58 67
26 73 26 42 51 67 73
14 89 14 25 38 89
19 73 19 43 44 55 67 73
28 37 28 37
35 88 35 39 58 67 72 88
18 84 18 22 31 43 44 84
58 73 58 67 73
28 67 28 37 51 67
11 89 11 59 89
15 43 15 22 31 43
25 67 25 35 39 58 67
1 82 1 37 51 59 64 71 82
4 71 4 23 37 52 71
37 71 37 51 59 64 71
7 50 7 14 28 41 50
15 77 15 22 31 43 44 55 58 77
11 82 11 59 64 82
7 55 7 43 44 55
30 71 30 48 52 71
49 86 49 72 86
22 64 22 43 52 64
30 79 30 34 79
41 50 41 50
19 89 19 43 52 77 89
19 58 19 43 44 55 58
7 50 7 14 28 41 50
25 86 25 35 39 58 67 72 86
9 73 9 20 55 58 67 73
31 52 31 43 52
58 73 58 67 73
42 67 42 51 67
28 82 28 41 70 82
35 82 35 39 58 67 82
28 77 28 35 39 58 77
21 88 21 26 42 62 72 88
43 80 43 52 80
15 88 15 30 44 79 88
6 71 6 71
21 52 21 26 28 37 52
1 70 1 7 14 28 41 70
2 86 2 23 37 48 52 64 86
6 67 6 31 43 44 55 58 67
23 80 23 37 52 80
1 51 1 2 33 51
28 63 28 41 57 63
8 51 8 28 37 51
43 71 43 52 64 71
15 75 15 26 28 37 48 75
1 78 1 2 33 78
37 67 37 51 67
51 73 51 67 73
34 75 34 48 75
28 82 28 35 39 58 67 82
19 64 19 43 52 64
18 77 18 20 39 58 77
30 71 30 48 52 64 71
25 80 25 33 51 80
37 81 37 51 80 81
15 37 15 26 28 37
23 80 23 37 52 80
33 73 33 51 67 73
21 51 21 26 42 51
21 82 21 26 28 37 52 64 71 82
14 75 14 34 48 75
2 32 2 23 32
3 34 3 30 34
8 89 8 28 35 39 58 77 89
27 83 27 79 83
8 9 8 9
34 83 34 48 52 80 81 83
23 86 23 37 49 72 86
26 73 26 42 51 67 73
2 33 2 33
30 52 30 48 52
1 58 1 7 14 28 35 39 58
58 86 58 67 72 86
26 52 26 28 37 48 52
14 61 14 25 33 61
34 71 34 59 64 71
28 82 28 41 70 82
3 55 3 30 44 55
58 67 58 67
23 73 23 37 51 67 73
14 75 14 28 37 48 75
7 44 7 43 44
2 67 2 23 37 51 67
14 58 14 25 35 39 58
9 73 9 20 55 58 67 73
31 67 31 43 44 55 67
4 51 4 23 37 51
15 82 15 22 43 44 55 58 67 82
27 73 27 44 55 58 67 73
25 79 25 79
25 71 25 33 51 59 64 71
7 44 7 43 44
30 48 30 34 48
19 67 19 43 44 55 67
14 64 14 34 48 52 64
18 79 18 22 43 44 79
6 81 6 16 29 48 75 80 81
4 89 4 30 48 52 77 89
3 52 3 37 52
8 80 8 28 37 52 80
3 30 3 30
6 48 6 16 29 48
8 88 8 28 41 49 72 88
2 86 2 33 62 72 86
13 55 13 20 55
4 58 4 30 44 55 58
6 55 6 31 43 44 55
27 73 27 44 55 67 73
21 58 21 26 28 35 39 58
30 48 30 48
37 52 37 52
15 60 15 26 28 41 50 60
15 89 15 22 34 48 52 77 89
19 58 19 43 44 55 58
18 55 18 22 43 44 55
8 41 8 28 41
14 50 14 28 41 50
2 88 2 23 37 51 67 72 88
15 43 15 22 43
39 88 39 58 67 72 88
25 80 25 33 51 80
1 80 1 2 33 51 80
3 77 3 27 44 55 58 77
31 64 31 56 64
1 75 1 7 14 34 48 75
1 88 1 7 14 34 48 75 88
13 83 13 83
1 44 1 7 43 44
26 86 26 28 37 59 64 86
2 59 2 33 51 59
35 89 35 39 58 77 89
34 81 34 48 75 80 81
1 72 1 37 49 72
23 86 23 37 48 52 64 86
3 34 3 30 34
3 79 3 30 34 79
2 83 2 33 51 80 81 83
23 52 23 37 52
8 73 8 28 37 51 67 73
4 59 4 30 34 59
16 81 16 29 48 75 80 81
7 79 7 14 34 79
28 63 28 41 57 63
15 72 15 30 44 55 58 67 72
43 80 43 52 80
28 78 28 41 57 78
13 84 13 20 55 84
1 70 1 13 26 28 41 70
1 86 1 49 72 86
4 52 4 30 48 52
21 64 21 26 42 51 59 64
8 58 8 28 35 39 58
11 89 11 59 89
3 9 3 9
7 86 7 57 72 86
23 73 23 37 51 67 73
14 51 14 25 33 51
28 58 28 35 39 58
13 67 13 26 42 51 67
1 43 1 7 43
8 89 8 9 20 39 58 77 89
42 82 42 51 59 64 71 82
9 86 9 20 55 67 72 86
6 83 6 37 48 52 80 81 83
28 50 28 41 50
1 43 1 7 43
39 89 39 58 77 89
4 80 4 23 37 51 80
1 57 1 7 14 28 41 57
14 86 14 25 62 72 86
15 82 15 30 48 75 82
23 71 23 37 52 64 71
27 84 27 79 84
31 71 31 43 52 71
41 50 41 50
1 67 1 2 33 51 67
13 52 13 28 37 48 52
21 52 21 26 28 37 52
13 50 13 28 41 50
18 79 18 22 31 43 44 79
19 52 19 43 52
15 82 15 30 48 75 82
3 89 3 37 51 59 89
39 82 39 58 67 82
33 81 33 51 80 81
15 80 15 30 48 75 80
15 70 15 26 28 41 70
42 71 42 51 59 64 71
23 80 23 37 48 52 80
4 77 4 30 48 52 77
2 48 2 23 37 48
14 37 14 28 37
62 88 62 72 88
64 86 64 86
22 89 22 43 52 77 89
31 82 31 56 82
8 88 8 41 49 72 88
8 78 8 41 57 78
28 78 28 41 57 78
19 58 19 43 44 55 58
23 71 23 37 52 64 71
3 34 3 30 34
19 80 19 43 52 80
49 88 49 72 88
25 61 25 33 61
26 71 26 42 51 59 64 71
43 52 43 52
33 73 33 51 67 73
6 83 6 37 52 80 81 83
37 71 37 48 52 64 71
14 61 14 25 33 61
30 81 30 34 48 75 80 81
4 72 4 30 44 55 67 72
23 73 23 37 51 67 73
9 55 9 20 55
16 75 16 29 48 75
35 86 35 59 64 86
15 86 15 22 34 59 64 86
41 83 41 70 81 83
30 81 30 48 75 80 81
31 80 31 43 52 80
56 71 56 64 71
34 80 34 48 75 80
1 32 1 2 23 32
42 82 42 51 67 82
28 78 28 41 57 78
25 84 25 79 84
33 71 33 51 59 64 71
14 63 14 25 63
21 86 21 42 62 72 86
42 88 42 62 72 88
8 59 8 28 35 59
21 71 21 42 51 59 64 71
3 48 3 30 34 48
35 71 35 59 64 71
42 64 42 51 59 64
34 80 34 48 75 80
27 79 27 79
15 82 15 30 48 75 82
4 23 4 23
11 64 11 59 64
28 60 28 41 50 60
37 81 37 52 80 81
15 41 15 26 28 41
27 83 27 79 83
21 83 21 26 42 51 80 81 83
27 55 27 44 55
21 71 21 42 51 59 64 71
19 72 19 43 44 55 67 72
3 20 3 9 20
37 48 37 48
7 52 7 14 34 48 52
23 66 23 66
31 72 31 43 44 55 67 72
23 80 23 37 51 80
30 80 30 48 75 80
6 67 6 31 43 44 55 58 67
33 80 33 51 80
59 86 59 64 86
9 71 9 20 56 64 71
4 70 4 70
22 58 22 31 43 44 55 58
4 70 4 70
37 75 37 48 75
9 86 9 62 72 86
30 79 30 34 79
1 88 1 13 26 28 41 49 72 88
23 67 23 37 51 67
21 26 21 26
2 66 2 23 66
4 34 4 30 34
42 89 42 51 59 89
33 81 33 51 80 81
3 59 3 30 34 59
30 81 30 34 48 52 80 81
43 52 43 52
15 34 15 30 34
28 72 28 37 49 72
58 67 58 67
13 81 13 28 41 70 81
4 81 4 23 37 48 75 80 81
18 86 18 59 64 86
2 58 2 9 20 39 58
11 88 11 88
1 72 1 49 72
28 67 28 35 39 58 67
31 81 31 43 52 80 81
15 57 15 26 28 41 57
31 64 31 56 64
14 70 14 28 41 70
23 73 23 37 51 67 73
14 82 14 42 51 59 64 82
18 44 18 22 43 44
15 51 15 26 42 51
22 48 22 34 48
56 71 56 64 71
23 67 23 37 51 67
26 71 26 42 51 59 64 71
26 75 26 28 37 48 75
35 58 35 39 58
16 48 16 29 48
8 78 8 40 78
30 55 30 44 55
4 58 4 30 44 55 58
22 84 22 43 44 79 84
56 82 56 64 82
18 82 18 22 34 48 52 71 82
22 59 22 34 59
30 75 30 48 75
27 79 27 44 79
4 89 4 30 44 55 58 77 89
4 72 4 49 72
21 83 21 26 42 51 80 81 83
8 67 8 28 35 39 58 67
27 79 27 44 79
1 89 1 13 84 89
6 75 6 37 48 75
14 61 14 25 33 61
8 75 8 28 37 48 75
2 86 2 9 20 56 64 86
20 67 20 55 67
30 55 30 44 55
15 84 15 22 43 44 79 84
18 77 18 22 31 43 52 77
25 83 25 33 51 80 81 83
28 71 28 37 48 52 71
37 80 37 48 75 80
43 52 43 52
13 86 13 29 48 52 64 86
43 84 43 44 79 84
34 79 34 79
19 43 19 43
18 82 18 22 43 44 55 58 67 82
15 75 15 30 48 75
25 67 25 33 51 67
51 80 51 80
28 48 28 37 48
2 55 2 9 20 55
3 89 3 38 89
59 71 59 64 71
3 27 3 27
14 64 14 42 51 59 64
42 83 42 51 80 81 83
18 88 18 20 88
6 86 6 31 56 64 86
21 60 21 26 28 41 50 60
2 77 2 9 20 39 58 77
62 72 62 72
42 64 42 51 59 64
31 88 31 43 44 55 67 72 88
35 72 35 39 58 67 72
1 79 1 7 14 34 79
42 88 42 51 67 72 88
14 79 14 34 79
4 86 4 23 49 72 86
43 52 43 52
18 67 18 20 39 58 67
8 57 8 41 57
11 82 11 59 64 71 82
7 86 7 57 72 86
7 50 7 14 28 41 50
7 73 7 14 42 51 67 73
14 64 14 59 64
26 50 26 28 41 50
9 71 9 20 56 64 71
30 80 30 34 48 75 80
19 83 19 43 52 80 81 83
7 50 7 14 28 41 50
26 80 26 42 51 80
64 71 64 71
8 71 8 9 20 56 64 71
31 58 31 43 44 55 58
15 43 15 22 43
1 7 1 7
56 82 56 64 82
18 59 18 22 34 59
41 83 41 70 81 83
13 67 13 28 37 51 67
43 83 43 44 79 83
15 60 15 26 28 41 50 60
25 84 25 79 84
1 72 1 39 58 67 72
1 34 1 7 14 34
8 63 8 41 63
35 72 35 39 58 67 72
27 86 27 44 55 58 67 72 86
6 79 6 31 43 44 79
4 52 4 23 37 52
8 67 8 9 20 55 67
18 73 18 20 73
21 77 21 26 28 35 39 58 77
1 33 1 2 33
13 55 13 20 55
31 86 31 43 44 55 58 67 72 86
13 55 13 20 55
15 30 15 30
8 55 8 9 20 55
57 86 57 72 86
15 79 15 30 44 79
7 83 7 14 25 79 83
64 86 64 86
31 81 31 43 52 80 81
19 88 19 43 44 55 58 67 72 88
11 89 11 59 89
8 88 8 28 41 57 72 88
21 89 21 58 77 89
35 58 35 39 58
15 82 15 22 43 52 71 82
42 64 42 51 59 64
21 67 21 58 67
1 63 1 7 14 28 41 57 63
3 59 3 30 34 59
37 81 37 52 80 81
30 48 30 34 48
58 73 58 67 73
1 33 1 2 33
21 60 21 26 28 41 50 60
15 41 15 26 28 41
14 57 14 28 41 57
6 73 6 37 51 67 73
8 78 8 41 57 78
41 86 41 57 72 86
13 52 13 26 28 37 48 52
8 88 8 41 49 72 88
4 86 4 30 34 86
22 44 22 43 44
34 75 34 48 75
2 23 2 23
3 52 3 30 48 52
2 23 2 23
37 83 37 48 75 80 81 83
31 83 31 43 44 79 83
21 41 21 26 28 41
4 80 4 30 48 52 80
30 44 30 44
15 34 15 22 34
43 83 43 44 79 83
14 72 14 25 33 62 72
14 58 14 28 35 39 58
16 48 16 29 48
26 73 26 42 51 67 73
21 88 21 26 42 51 67 72 88
9 84 9 20 55 84
42 51 42 51
58 67 58 67
22 77 22 31 43 52 77
14 75 14 28 37 48 75
18 77 18 22 31 43 52 77
37 73 37 51 67 73
23 83 23 37 51 80 81 83
43 71 43 52 71
62 72 62 72
19 79 19 43 44 79
3 20 3 9 20
13 75 13 29 48 75
2 32 2 23 32
56 71 56 64 71
37 48 37 48
22 79 22 43 44 79
23 86 23 49 72 86
28 52 28 37 48 52
34 83 34 79 83
8 70 8 41 70
14 58 14 25 35 39 58
13 67 13 26 42 51 67
13 29 13 29
3 79 3 30 34 79
7 81 7 14 42 51 80 81
1 72 1 37 49 72
37 86 37 52 64 86
9 84 9 20 55 84
30 55 30 44 55
1 59 1 37 51 59
25 71 25 33 51 59 64 71
30 48 30 48
19 84 19 43 44 55 84
1 83 1 2 33 51 80 81 83
19 73 19 43 44 55 67 73
27 83 27 44 79 83
15 50 15 26 28 41 50
1 41 1 13 26 28 41
2 82 2 56 82
3 9 3 9
33 80 33 51 80
33 80 33 51 80
21 78 21 26 28 41 57 78
4 52 4 30 48 52
27 79 27 79
42 83 42 51 80 81 83
30 81 30 34 48 52 80 81
38 89 38 89
8 37 8 28 37
16 86 16 29 48 52 64 86
3 77 3 9 20 39 58 77
18 67 18 22 43 44 55 58 67
21 73 21 58 67 73
1 26 1 13 26
37 71 37 51 59 64 71
1 9 1 2 9
15 37 15 26 28 37
19 44 19 43 44
43 71 43 52 64 71
43 81 43 52 80 81
22 48 22 34 48
34 83 34 79 83
26 81 26 42 51 80 81
28 72 28 41 49 72
31 72 31 43 44 55 67 72
27 55 27 44 55
42 67 42 51 67
35 64 35 59 64
18 72 18 20 55 67 72
15 58 15 30 44 55 58
16 80 16 29 48 75 80
13 83 13 83
14 51 14 42 51
14 48 14 28 37 48
28 88 28 41 57 72 88
56 82 56 64 71 82
58 73 58 67 73
20 55 20 55
3 64 3 64
27 84 27 44 55 84
3 58 3 30 44 55 58
22 77 22 34 48 52 77
6 48 6 37 48
22 58 22 43 44 55 58
7 84 7 43 44 79 84
14 52 14 34 48 52
3 73 3 30 44 55 67 73
70 81 70 81
3 73 3 37 51 67 73
13 73 13 20 39 58 67 73
51 81 51 80 81
19 80 19 43 52 80
7 80 7 14 25 33 51 80
4 72 4 49 72
14 33 14 25 33
30 73 30 44 55 58 67 73
31 71 31 43 52 71
51 73 51 67 73
7 52 7 14 34 48 52
43 52 43 52
14 50 14 28 41 50
19 83 19 43 52 80 81 83
7 48 7 14 34 48
34 75 34 48 75
7 84 7 43 44 79 84
1 67 1 37 51 67
6 55 6 31 43 44 55
18 43 18 22 31 43
3 51 3 37 51
9 84 9 20 55 84
39 86 39 58 67 72 86
34 75 34 48 75
25 81 25 33 51 80 81
31 58 31 43 44 55 58
1 58 1 7 14 25 35 39 58
23 66 23 66
19 84 19 43 44 84
7 75 7 14 34 48 75
27 67 27 44 55 58 67
37 73 37 51 67 73
13 86 13 28 64 86
2 71 2 23 37 51 59 64 71
1 78 1 2 23 66 78
6 48 6 37 48
3 73 3 27 44 55 58 67 73
19 58 19 43 44 55 58
31 89 31 43 52 77 89
6 52 6 37 52
43 83 43 44 79 83
43 55 43 44 55
4 79 4 30 44 79
43 67 43 44 55 58 67
13 83 13 83
14 81 14 34 48 75 80 81
8 78 8 28 41 57 78
23 67 23 37 51 67
4 67 4 30 44 55 58 67
13 71 13 28 35 59 64 71
23 86 23 37 51 59 64 86
7 80 7 43 52 80
15 55 15 22 31 43 44 55
27 55 27 44 55
13 52 13 29 48 52
18 64 18 59 64
23 52 23 37 52
18 83 18 22 34 79 83
30 86 30 48 52 64 86
25 80 25 33 51 80
43 71 43 52 64 71
30 67 30 44 55 67
16 81 16 29 48 75 80 81
2 32 2 23 32
21 60 21 26 28 41 50 60
26 81 26 42 51 80 81
13 29 13 29
16 29 16 29
39 72 39 58 67 72
4 30 4 30
58 86 58 67 72 86
8 57 8 41 57
21 51 21 42 51
8 67 8 9 20 39 58 67
31 58 31 43 44 55 58
18 73 18 22 43 44 55 58 67 73
1 51 1 7 14 42 51
28 83 28 37 48 75 80 81 83
27 73 27 44 55 58 67 73
43 55 43 44 55
7 48 7 14 28 37 48
14 59 14 42 51 59
34 83 34 48 75 80 81 83
23 67 23 37 51 67
42 86 42 62 72 86
27 73 27 44 55 67 73
37 71 37 52 64 71
16 73 16 35 39 58 67 73
21 59 21 42 51 59
7 44 7 43 44
42 86 42 62 72 86
22 52 22 43 52
27 86 27 44 55 67 72 86
39 58 39 58
21 78 21 26 28 41 57 78
9 71 9 71
30 75 30 48 75
31 77 31 43 44 55 58 77
15 48 15 30 48
8 84 8 9 20 55 84
20 73 20 39 58 67 73
26 67 26 42 51 67
27 83 27 79 83
23 80 23 37 48 52 80
23 67 23 37 51 67
19 72 19 62 72
14 86 14 34 86
3 59 3 30 34 59
62 72 62 72
18 72 18 20 55 67 72
28 63 28 41 57 63
23 71 23 37 52 64 71
34 86 34 86
6 81 6 31 43 52 80 81
37 80 37 48 75 80
31 89 31 43 52 77 89
2 20 2 9 20
3 80 3 37 51 80
9 71 9 71
15 43 15 22 31 43
6 80 6 31 43 52 80
4 78 4 23 66 78
42 81 42 51 80 81
51 67 51 67
3 9 3 9
23 86 23 37 52 64 86
30 80 30 34 48 52 80
41 86 41 57 72 86
23 83 23 37 48 52 80 81 83
14 86 14 59 64 86
14 48 14 34 48
30 86 30 44 55 58 67 72 86
27 44 27 44
14 37 14 28 37
37 75 37 48 75
7 75 7 14 34 48 75
42 51 42 51
1 41 1 7 14 28 41
30 79 30 44 79
13 52 13 29 48 52
3 51 3 37 51
23 83 23 37 51 80 81 83
21 64 21 26 28 37 59 64
35 72 35 39 58 67 72
57 86 57 72 86
13 71 13 26 28 64 71
15 34 15 30 34
6 71 6 31 43 52 71
4 64 4 23 37 51 59 64
19 89 19 43 44 55 58 77 89
11 88 11 88
1 60 1 7 14 28 41 50 60
37 48 37 48
4 64 4 23 37 51 59 64
21 78 21 26 28 41 57 78
23 48 23 37 48
14 50 14 28 41 50
35 77 35 39 58 77
4 32 4 23 32
27 79 27 79
9 84 9 20 55 84
30 80 30 48 52 80
16 83 16 29 48 52 80 81 83
58 67 58 67
16 71 16 29 48 52 64 71
18 80 18 22 31 43 52 80
35 72 35 39 58 67 72
28 89 28 77 89
28 37 28 37
3 83 3 27 44 79 83
1 88 1 37 49 72 88
22 77 22 31 43 44 55 58 77
51 81 51 80 81
25 80 25 33 51 80
37 83 37 52 80 81 83
43 73 43 44 55 58 67 73
4 88 4 49 72 88
72 86 72 86
4 83 4 70 81 83
3 27 3 27
34 83 34 48 52 80 81 83
14 83 14 25 33 51 80 81 83
15 88 15 22 43 44 79 88
28 59 28 35 59
1 51 1 37 51
85 88 85 88
11 82 11 59 64 82
7 67 7 43 44 55 58 67
3 67 3 9 20 39 58 67
13 84 13 20 55 84
19 84 19 43 44 84
13 84 13 84
18 43 18 22 43
6 29 6 16 29
34 48 34 48
26 80 26 28 37 51 80
42 80 42 51 80
22 59 22 34 59
15 86 15 22 31 43 44 55 58 67 72 86
7 80 7 14 28 37 48 75 80
28 59 28 35 59
31 64 31 56 64
35 73 35 39 58 67 73
15 88 15 26 28 41 57 72 88
70 81 70 81
8 51 8 28 37 51
8 51 8 28 37 51
16 83 16 29 48 52 80 81 83
41 81 41 70 81
33 67 33 51 67
26 81 26 28 41 70 81
31 64 31 56 64
6 29 6 16 29
22 72 22 31 43 44 55 58 67 72
27 83 27 44 79 83
14 48 14 28 37 48
1 66 1 2 23 66
13 67 13 20 55 58 67
28 70 28 41 70
42 73 42 51 67 73
4 89 4 30 48 52 77 89
8 86 8 41 57 72 86
51 83 51 80 81 83
18 88 18 22 31 43 44 55 67 72 88
15 72 15 30 44 55 67 72
64 71 64 71
26 52 26 28 37 52
21 78 21 26 28 41 57 78
7 50 7 14 28 41 50
14 67 14 25 35 39 58 67
21 73 21 58 67 73
35 82 35 59 64 82
25 73 25 33 51 67 73
14 52 14 34 48 52
13 52 13 29 48 52
4 81 4 70 81
33 67 33 51 67
2 64 2 56 64
4 83 4 70 81 83
6 73 6 16 35 39 58 67 73
58 67 58 67
27 79 27 44 79
26 83 26 28 41 70 81 83
16 86 16 35 59 64 86
18 89 18 59 89
8 57 8 41 57
27 73 27 44 55 58 67 73
31 80 31 43 52 80
16 52 16 29 48 52
26 83 26 28 37 51 80 81 83
14 78 14 25 33 78
15 86 15 22 34 59 64 86
27 79 27 79
2 51 2 33 51
28 70 28 41 70
26 48 26 28 37 48
4 78 4 23 66 78
42 51 42 51
25 86 25 35 39 58 67 72 86
14 86 14 25 62 72 86
28 72 28 35 39 58 67 72
30 75 30 48 75
6 55 6 31 43 44 55
1 82 1 39 58 67 82
13 81 13 29 48 75 80 81
22 75 22 34 48 75
8 72 8 62 72
14 25 14 25
72 86 72 86
23 67 23 37 51 67
27 84 27 44 79 84
25 61 25 33 61
42 82 42 51 67 82
42 89 42 51 59 89
4 37 4 23 37
2 52 2 23 37 52
19 77 19 43 52 77
23 86 23 37 51 67 72 86
15 57 15 26 28 41 57
27 73 27 44 55 67 73
51 73 51 67 73
28 77 28 37 77
19 89 19 38 89
31 82 31 56 82
3 86 3 9 20 39 58 67 72 86
4 67 4 30 44 55 67
30 67 30 44 55 67
7 79 7 14 34 79
14 63 14 28 41 63
14 59 14 28 35 59
14 57 14 28 41 57
9 86 9 20 39 58 67 72 86
43 81 43 52 80 81
43 80 43 52 80
28 57 28 41 57
16 52 16 29 48 52
8 48 8 28 37 48
4 51 4 23 37 51
3 20 3 9 20
16 86 16 29 48 52 64 86
22 43 22 43
14 80 14 42 51 80
27 86 27 44 55 67 72 86
9 84 9 20 55 84
64 71 64 71
22 34 22 34
8 70 8 28 41 70
20 67 20 39 58 67
25 71 25 35 59 64 71
4 88 4 30 44 79 88
26 67 26 42 51 67
1 67 1 37 51 67
31 71 31 43 52 71
2 51 2 33 51
15 86 15 22 34 86
43 81 43 52 80 81
6 79 6 31 43 44 79
33 80 33 51 80
33 81 33 51 80 81
43 84 43 44 84
59 71 59 64 71
8 72 8 28 35 39 58 67 72
13 71 13 20 56 64 71
21 51 21 26 42 51
6 52 6 37 48 52
3 20 3 9 20
1 26 1 13 26
2 59 2 23 37 51 59
28 51 28 37 51
1 86 1 39 58 67 72 86
18 86 18 20 56 64 86
13 80 13 28 37 51 80
1 59 1 37 59
20 84 20 55 84
51 67 51 67
9 73 9 20 73
4 81 4 70 81
1 79 1 7 43 44 79
30 75 30 48 75
59 71 59 64 71
8 77 8 9 20 39 58 77
1 70 1 13 26 28 41 70
27 44 27 44
14 71 14 25 33 51 59 64 71
23 81 23 37 52 80 81
21 78 21 26 28 41 57 78
3 67 3 30 44 55 67
26 50 26 28 41 50
30 73 30 44 55 58 67 73
11 82 11 59 64 82
2 71 2 23 37 59 64 71
15 44 15 22 43 44
28 60 28 41 50 60
13 55 13 20 55
1 81 1 13 26 42 51 80 81
1 70 1 13 28 41 70
41 83 41 70 81 83
13 75 13 29 48 75
28 51 28 37 51
15 55 15 22 43 44 55
8 80 8 28 37 51 80
3 64 3 37 48 52 64
43 44 43 44
37 86 37 52 64 86
28 78 28 41 57 78
22 44 22 31 43 44
6 83 6 31 43 52 80 81 83
3 75 3 30 34 48 75
15 44 15 22 31 43 44
37 67 37 51 67
6 81 6 31 43 52 80 81
3 44 3 27 44
22 82 22 34 59 64 71 82
15 82 15 26 28 82
42 64 42 51 59 64
1 71 1 2 9 71
20 71 20 56 64 71
16 86 16 35 39 58 67 72 86
26 50 26 28 41 50
15 73 15 30 44 55 58 67 73
33 71 33 51 59 64 71
13 84 13 84
1 50 1 13 26 28 41 50
2 67 2 23 37 51 67
27 55 27 44 55
42 64 42 51 59 64
30 75 30 48 75
6 86 6 86
39 77 39 58 77
34 86 34 86
2 72 2 9 62 72
8 88 8 41 49 72 88
4 78 4 23 66 78
3 82 3 37 48 52 64 71 82
39 73 39 58 67 73
1 57 1 7 14 28 41 57
34 81 34 48 75 80 81
8 72 8 41 57 72
39 77 39 58 77
33 61 33 61
19 67 19 43 44 55 58 67
35 72 35 39 58 67 72
16 29 16 29
31 81 31 43 52 80 81
21 88 21 58 67 72 88
59 86 59 64 86
16 75 16 29 48 75
28 81 28 41 70 81
15 89 15 26 42 51 59 89
16 75 16 29 48 75
62 72 62 72
3 80 3 30 48 75 80
15 58 15 22 31 43 44 55 58
70 83 70 81 83
1 13 1 13
39 82 39 58 67 82
39 77 39 58 77
4 86 4 30 44 55 67 72 86
15 77 15 22 34 48 52 77
3 55 3 27 44 55
7 80 7 43 52 80
3 89 3 9 20 55 58 77 89
18 34 18 22 34
19 44 19 43 44
3 77 3 37 48 52 77
4 64 4 23 37 51 59 64
33 73 33 51 67 73
41 50 41 50
6 84 6 31 43 44 84
13 81 13 29 48 52 80 81
34 84 34 79 84
1 33 1 2 33
21 78 21 26 28 41 57 78
23 86 23 37 48 52 64 86
2 86 2 33 49 72 86
6 81 6 37 52 80 81
43 71 43 52 64 71
15 70 15 26 28 41 70
85 88 85 88
4 86 4 49 72 86
15 41 15 26 28 41
28 57 28 41 57
28 81 28 41 70 81
42 71 42 51 59 64 71
19 71 19 43 52 64 71
28 63 28 41 57 63
14 34 14 34
33 61 33 61
4 88 4 30 44 55 58 67 72 88
34 79 34 79
14 60 14 28 41 50 60
25 81 25 33 51 80 81
19 43 19 43
13 29 13 29
14 50 14 28 41 50
3 89 3 27 44 55 84 89
8 67 8 28 37 51 67
1 83 1 7 43 44 79 83
14 59 14 25 33 51 59
14 73 14 25 35 39 58 67 73
25 79 25 79
6 71 6 37 52 71
15 57 15 26 28 41 57
3 20 3 9 20
8 37 8 28 37
6 80 6 16 29 48 75 80
13 71 13 26 28 37 59 64 71
20 73 20 55 67 73
37 81 37 52 80 81
34 75 34 48 75
11 86 11 59 64 86
14 88 14 25 35 39 58 67 72 88
14 89 14 25 38 89
7 80 7 14 34 48 75 80
21 77 21 58 77
64 86 64 86
28 86 28 35 59 64 86
70 83 70 81 83
4 81 4 23 37 52 80 81
20 71 20 56 64 71
15 57 15 26 28 41 57
22 71 22 31 43 52 71
23 67 23 37 51 67
14 51 14 25 33 51
7 48 7 14 28 37 48
51 83 51 80 81 83
16 80 16 29 48 75 80
28 60 28 41 50 60
39 86 39 58 67 72 86
2 52 2 23 37 52
28 73 28 35 39 58 67 73
15 52 15 26 28 37 52
13 83 13 26 28 41 70 81 83
19 52 19 43 52
21 78 21 26 28 41 57 78
33 80 33 51 80
39 88 39 58 67 72 88
2 23 2 23
3 88 3 27 44 79 88
2 58 2 9 20 39 58
72 86 72 86
23 67 23 37 51 67
34 79 34 79
1 33 1 7 14 25 33
23 80 23 37 51 80
16 48 16 29 48
20 67 20 39 58 67
9 71 9 20 56 64 71
7 55 7 43 44 55
2 77 2 23 66 77
33 81 33 51 80 81
58 67 58 67
19 64 19 56 64
43 67 43 44 55 58 67
13 73 13 20 39 58 67 73
4 59 4 23 37 51 59
34 80 34 48 75 80
18 78 18 20 40 78
30 84 30 44 79 84
31 44 31 43 44
18 48 18 22 34 48
64 86 64 86
9 71 9 20 56 64 71
28 78 28 41 57 78
1 70 1 13 26 28 41 70
1 32 1 2 23 32
85 88 85 88
6 79 6 31 43 44 79
35 59 35 59
6 79 6 31 43 44 79
3 20 3 9 20
4 72 4 49 72
31 82 31 56 64 71 82
8 41 8 28 41
8 60 8 28 41 50 60
59 71 59 64 71
21 60 21 26 28 41 50 60
43 84 43 44 84
15 30 15 30
37 86 37 52 64 86
70 81 70 81
70 83 70 81 83
42 89 42 51 59 89
3 37 3 37
31 83 31 43 44 79 83
27 79 27 44 79
21 82 21 42 51 59 64 82
6 55 6 31 43 44 55
20 67 20 55 67
3 86 3 9 20 55 58 67 72 86
34 86 34 59 64 86
3 34 3 30 34
43 80 43 52 80
1 67 1 37 51 67
8 55 8 9 20 55
28 50 28 41 50
15 43 15 22 31 43
1 60 1 13 60
27 79 27 44 79
1 80 1 7 14 42 51 80
3 9 3 9
30 81 30 48 52 80 81
16 67 16 35 39 58 67
8 51 8 28 37 51
64 86 64 86
23 73 23 37 51 67 73
25 67 25 35 39 58 67
13 81 13 28 37 52 80 81
27 55 27 44 55
21 58 21 58
3 71 3 9 20 56 64 71
26 67 26 28 35 39 58 67
15 86 15 22 43 52 64 86
33 73 33 51 67 73
1 41 1 7 14 28 41
59 86 59 64 86
1 20 1 13 20
22 82 22 31 43 44 55 58 67 82
14 89 14 59 89
1 20 1 13 20
8 89 8 9 20 39 58 77 89
22 58 22 31 43 44 55 58
20 84 20 55 84
42 88 42 62 72 88
31 58 31 43 44 55 58
15 70 15 26 28 41 70
34 79 34 79
3 88 3 30 48 75 88
21 63 21 26 28 41 57 63
6 71 6 71
41 81 41 70 81
30 86 30 44 55 67 72 86
20 67 20 55 67
14 48 14 34 48
20 73 20 39 58 67 73
70 83 70 81 83
19 77 19 43 44 55 58 77
27 73 27 44 55 67 73
25 86 25 35 59 64 86
35 89 35 39 58 77 89
22 86 22 43 44 55 67 72 86
43 67 43 44 55 67
15 44 15 30 44
39 67 39 58 67
43 55 43 44 55
37 75 37 48 75
3 77 3 30 48 52 77
2 37 2 23 37
39 58 39 58
2 59 2 23 37 51 59
18 79 18 22 43 44 79
9 84 9 20 55 84
39 77 39 58 77
14 77 14 25 35 39 58 77
19 86 19 56 64 86
1 70 1 7 14 28 41 70
21 59 21 42 51 59
42 71 42 51 59 64 71
14 51 14 28 37 51
42 59 42 51 59
2 32 2 23 32
7 44 7 43 44
30 83 30 48 52 80 81 83
3 82 3 30 44 55 67 82
39 89 39 58 77 89
25 79 25 79
18 82 18 22 34 48 75 82
7 44 7 43 44
26 80 26 28 37 48 52 80
51 86 51 86
33 71 33 51 59 64 71
7 71 7 64 71
1 66 1 2 23 66
21 57 21 26 28 41 57
35 77 35 39 58 77
28 89 28 77 89
21 63 21 26 28 41 57 63
8 67 8 9 20 39 58 67
22 58 22 43 44 55 58
37 48 37 48
15 52 15 30 48 52
42 72 42 62 72
57 86 57 72 86
30 80 30 48 75 80
2 55 2 9 20 55
39 82 39 58 67 82
51 67 51 67
21 71 21 26 42 51 59 64 71
25 67 25 33 51 67
26 73 26 42 51 67 73
28 50 28 41 50
22 83 22 34 48 75 80 81 83
27 79 27 79
16 83 16 29 48 52 80 81 83
49 86 49 72 86
3 77 3 9 20 39 58 77
26 52 26 28 37 48 52
51 73 51 67 73
7 86 7 62 72 86
8 57 8 41 57
28 51 28 37 51
1 43 1 7 43
8 41 8 28 41
11 82 11 59 64 82
22 59 22 34 59
49 88 49 72 88
43 67 43 44 55 67
15 89 15 30 44 79 84 89
2 64 2 33 51 59 64
16 81 16 29 48 52 80 81
1 50 1 13 28 41 50
18 89 18 22 43 52 77 89
1 44 1 7 43 44
14 25 14 25
15 44 15 22 31 43 44
51 86 51 86
33 71 33 51 59 64 71
58 67 58 67
15 70 15 26 28 41 70
21 78 21 26 28 41 57 78
21 48 21 26 28 37 48
34 48 34 48
11 82 11 59 64 71 82
1 88 1 37 49 72 88
1 71 1 13 26 28 37 48 52 64 71
15 78 15 26 28 41 57 78
16 29 16 29
2 82 2 33 51 59 64 71 82
15 48 15 22 34 48
23 73 23 37 51 67 73
8 70 8 41 70
37 67 37 51 67
14 34 14 34
35 72 35 39 58 67 72
14 75 14 28 37 48 75
3 30 3 30
30 79 30 44 79
13 50 13 28 41 50
51 86 51 59 64 86
42 83 42 51 80 81 83
22 84 22 43 44 55 84
42 82 42 51 67 82
4 88 4 49 72 88
1 88 1 39 58 67 72 88
15 64 15 30 34 48 52 64
16 67 16 35 39 58 67
2 37 2 23 37
7 44 7 43 44
37 80 37 52 80
39 73 39 58 67 73
22 64 22 31 43 52 64
13 73 13 20 73
2 82 2 33 51 59 64 71 82
4 77 4 30 34 48 52 77
28 72 28 35 39 58 67 72
6 67 6 16 35 39 58 67
28 89 28 77 89
22 75 22 34 48 75
21 64 21 26 42 51 59 64
3 83 3 30 44 79 83
28 63 28 41 57 63
18 34 18 22 34
27 84 27 44 79 84
56 86 56 64 86
28 77 28 35 39 58 77
15 34 15 30 34
31 88 31 43 44 55 67 72 88
37 80 37 51 80
39 88 39 58 67 72 88
39 72 39 58 67 72
28 37 28 37
8 37 8 28 37
35 77 35 39 58 77
14 78 14 28 41 57 78
28 81 28 41 70 81
18 79 18 22 34 79
1 57 1 7 57
8 71 8 28 64 71
39 86 39 58 67 72 86
9 86 9 20 39 58 67 72 86
15 72 15 26 42 51 67 72
27 79 27 44 79
41 83 41 70 81 83
26 81 26 42 51 80 81
14 80 14 34 48 75 80
20 84 20 55 84
28 48 28 37 48
22 59 22 34 59
33 83 33 51 80 81 83
2 64 2 33 51 59 64
34 79 34 79
6 52 6 37 48 52
31 52 31 43 52
62 88 62 72 88
4 59 4 23 37 59
30 84 30 44 79 84
35 71 35 59 64 71
20 86 20 39 58 67 72 86
30 48 30 48
3 9 3 9
22 77 22 34 48 52 77
30 86 30 48 52 64 86
27 44 27 44
39 72 39 58 67 72
8 37 8 28 37
8 20 8 9 20
22 82 22 34 59 64 71 82
33 73 33 51 67 73
4 58 4 30 44 55 58
56 71 56 64 71
19 72 19 62 72
8 71 8 28 35 59 64 71
6 83 6 37 52 80 81 83
28 52 28 37 52
14 51 14 25 33 51
3 82 3 82
28 59 28 35 59
64 86 64 86
23 66 23 66
14 75 14 28 37 48 75
43 55 43 44 55
30 80 30 48 75 80
7 44 7 43 44
21 82 21 26 42 51 59 64 82
7 75 7 14 28 37 48 75
6 81 6 16 29 48 75 80 81
21 26 21 26
1 63 1 13 28 41 57 63
41 83 41 70 81 83
6 67 6 37 51 67
19 86 19 43 52 64 86
3 77 3 30 34 48 52 77
37 48 37 48
19 89 19 38 89
4 30 4 30
6 81 6 31 43 52 80 81
6 71 6 71
15 81 15 26 28 41 70 81
14 63 14 28 41 63
33 86 33 49 72 86
4 79 4 30 44 79
25 83 25 33 51 80 81 83
30 86 30 34 59 64 86
11 88 11 88
19 88 19 62 72 88
42 73 42 51 67 73
9 84 9 20 55 84
13 84 13 84
22 55 22 43 44 55
43 71 43 52 71
18 78 18 20 40 78
16 80 16 29 48 52 80
1 9 1 2 9
3 67 3 30 44 55 58 67
25 67 25 33 51 67
15 77 15 26 28 35 39 58 77
34 86 34 48 52 64 86
39 89 39 58 77 89
3 52 3 37 48 52
18 88 18 20 55 67 72 88
37 67 37 51 67
6 86 6 86
25 86 25 33 49 72 86
3 71 3 64 71
28 41 28 41
1 72 1 2 33 51 67 72
21 64 21 26 42 51 59 64
31 82 31 43 44 55 58 67 82
31 80 31 43 52 80
22 72 22 43 44 55 58 67 72
8 57 8 41 57
23 75 23 37 48 75
14 61 14 25 33 61
42 51 42 51
34 84 34 79 84
14 70 14 28 41 70
21 72 21 58 67 72
37 73 37 51 67 73
18 88 18 20 39 58 67 72 88
28 82 28 35 39 58 67 82
7 86 7 62 72 86
9 71 9 20 56 64 71
28 81 28 41 70 81
18 20 18 20
19 80 19 43 52 80
13 83 13 83
34 75 34 48 75
13 80 13 28 37 52 80
8 78 8 41 57 78
19 67 19 43 44 55 58 67
7 71 7 14 42 51 59 64 71
30 55 30 44 55
15 51 15 26 28 37 51
31 89 31 43 44 79 84 89
16 52 16 29 48 52
72 86 72 86
22 77 22 43 44 55 58 77
18 72 18 22 43 44 55 67 72
11 64 11 59 64
41 86 41 49 72 86
25 71 25 35 59 64 71
7 55 7 43 44 55
14 41 14 28 41
56 64 56 64
14 75 14 34 48 75
25 80 25 33 51 80
28 67 28 37 51 67
34 83 34 48 75 80 81 83
2 51 2 33 51
28 52 28 37 52
8 59 8 28 37 59
30 81 30 48 52 80 81
13 29 13 29
26 67 26 28 35 39 58 67
6 73 6 37 51 67 73
13 83 13 83
7 84 7 14 34 79 84
2 33 2 33
7 67 7 43 44 55 58 67
3 52 3 37 48 52
1 43 1 7 43
26 83 26 42 51 80 81 83
20 86 20 55 58 67 72 86
15 41 15 26 28 41
15 58 15 30 44 55 58
37 86 37 59 64 86
33 86 33 62 72 86
8 70 8 41 70
33 80 33 51 80
62 88 62 72 88
21 80 21 42 51 80
4 32 4 23 32
33 67 33 51 67
62 86 62 72 86
62 72 62 72
33 80 33 51 80
3 51 3 37 51
28 70 28 41 70
13 84 13 20 55 84
15 63 15 26 28 41 63
13 73 13 26 28 37 51 67 73
11 88 11 88
37 81 37 48 75 80 81
2 89 2 23 37 59 89
33 83 33 51 80 81 83
13 71 13 26 28 64 71
7 80 7 43 52 80
2 89 2 9 20 39 58 77 89
6 83 6 37 48 75 80 81 83
35 72 35 39 58 67 72
19 44 19 43 44
39 82 39 58 67 82
4 67 4 23 37 51 67
20 71 20 56 64 71
35 89 35 59 89
39 86 39 58 67 72 86
39 77 39 58 77
6 55 6 31 43 44 55
13 73 13 26 28 35 39 58 67 73
28 71 28 37 59 64 71
43 84 43 44 79 84
4 34 4 30 34
28 58 28 35 39 58
6 55 6 31 43 44 55
3 55 3 30 44 55
8 89 8 28 77 89
2 64 2 56 64
1 64 1 13 26 28 37 48 52 64
20 71 20 56 64 71
1 84 1 2 9 20 55 84
34 80 34 48 75 80
15 37 15 26 28 37
35 82 35 59 64 71 82
18 71 18 22 43 52 71
9 73 9 20 73
1 48 1 7 14 28 37 48
28 72 28 37 72
30 55 30 44 55
25 73 25 35 39 58 67 73
1 60 1 7 14 28 41 50 60
18 77 18 22 43 52 77
1 26 1 13 26
16 73 16 35 39 58 67 73
34 52 34 48 52
30 55 30 44 55
43 80 43 52 80
15 88 15 22 34 48 75 88
28 70 28 41 70
15 83 15 26 42 51 80 81 83
3 59 3 30 34 59
1 67 1 13 20 55 67
33 61 33 61
2 72 2 9 62 72
3 80 3 37 52 80
7 80 7 43 52 80
2 82 2 33 51 59 64 82
14 33 14 25 33
15 63 15 26 28 41 63
19 89 19 43 44 55 58 77 89
37 80 37 52 80
14 60 14 28 41 50 60
3 59 3 37 59
19 84 19 43 44 55 84
25 71 25 35 59 64 71
4 70 4 70
59 86 59 64 86
70 81 70 81
35 82 35 59 64 71 82
14 58 14 25 35 39 58
43 67 43 44 55 67
27 86 27 44 55 67 72 86
19 84 19 43 44 79 84
15 41 15 26 28 41
26 67 26 28 37 51 67
43 83 43 44 79 83
64 71 64 71
49 88 49 72 88
4 59 4 23 37 51 59
14 61 14 25 33 61
21 57 21 26 28 41 57
7 55 7 43 44 55
23 48 23 37 48
22 64 22 31 43 52 64
20 84 20 55 84
26 50 26 28 41 50
25 73 25 35 39 58 67 73
6 29 6 16 29
28 58 28 35 39 58
42 81 42 51 80 81
4 55 4 30 44 55
3 58 3 9 20 39 58
37 75 37 48 75
31 64 31 56 64
2 33 2 33
42 72 42 62 72
6 75 6 37 48 75
34 48 34 48
14 73 14 28 37 51 67 73
6 67 6 16 35 39 58 67
49 86 49 72 86
8 77 8 9 20 55 58 77
19 89 19 43 44 79 84 89
15 88 15 22 43 44 79 88
42 67 42 51 67
42 88 42 51 67 72 88
1 58 1 7 14 25 35 39 58
1 67 1 37 51 67
9 73 9 20 73
14 81 14 34 48 75 80 81
6 83 6 16 29 48 75 80 81 83
42 86 42 62 72 86
15 34 15 22 34
16 75 16 29 48 75
30 71 30 48 52 64 71
1 44 1 7 43 44
2 72 2 23 37 51 67 72
18 80 18 22 43 52 80
28 75 28 37 48 75
35 73 35 39 58 67 73
27 83 27 79 83
3 84 3 27 44 55 84
62 72 62 72
21 77 21 26 28 37 77
1 29 1 13 29
19 83 19 43 44 79 83
8 41 8 41
15 72 15 30 44 55 67 72
6 84 6 31 43 44 55 84
14 33 14 25 33
1 58 1 13 26 28 35 39 58
7 44 7 43 44
26 71 26 28 35 59 64 71
34 80 34 48 75 80
21 78 21 26 28 41 57 78
27 67 27 44 55 58 67
31 73 31 43 44 55 58 67 73
14 59 14 59
51 67 51 67
4 73 4 23 37 51 67 73
30 80 30 48 75 80
23 66 23 66
4 55 4 30 44 55
7 86 7 14 59 64 86
3 79 3 30 34 79
6 44 6 31 43 44
4 89 4 30 48 52 77 89
1 71 1 13 20 56 64 71
6 80 6 31 43 52 80
3 71 3 37 59 64 71
14 48 14 34 48
4 78 4 23 66 78
28 58 28 35 39 58
7 52 7 43 52
2 64 2 56 64
18 86 18 59 64 86
37 52 37 48 52
22 79 22 34 79
9 55 9 20 55
37 81 37 51 80 81
27 84 27 79 84
7 81 7 14 25 33 51 80 81
19 58 19 43 44 55 58
39 72 39 58 67 72
4 37 4 23 37
25 73 25 35 39 58 67 73
13 52 13 28 37 52
4 58 4 30 44 55 58
1 57 1 7 14 28 41 57
27 83 27 79 83
6 80 6 31 43 52 80
4 34 4 30 34
39 58 39 58
6 80 6 16 29 48 52 80
33 86 33 49 72 86
15 83 15 22 43 44 79 83
14 78 14 25 40 78
9 71 9 71
41 81 41 70 81
3 88 3 9 20 39 58 67 72 88
39 72 39 58 67 72
11 89 11 59 89
22 72 22 43 44 55 67 72
1 51 1 13 28 37 51
2 86 2 23 37 48 52 64 86
23 73 23 37 51 67 73
11 59 11 59
20 84 20 55 84
22 71 22 34 59 64 71
21 86 21 26 28 41 49 72 86
70 83 70 81 83
15 82 15 22 43 44 55 58 67 82
42 73 42 51 67 73
6 79 6 31 43 44 79
4 44 4 30 44
14 63 14 28 41 63
1 73 1 7 43 44 55 58 67 73
58 86 58 67 72 86
19 72 19 62 72
14 61 14 25 33 61
15 83 15 26 42 51 80 81 83
21 73 21 26 73
9 67 9 20 55 67
18 58 18 22 31 43 44 55 58
19 82 19 43 52 64 82
14 57 14 28 41 57
19 88 19 43 44 55 67 72 88
19 80 19 43 52 80
14 72 14 25 35 39 58 67 72
35 77 35 39 58 77
37 75 37 48 75
27 67 27 44 55 58 67
28 83 28 37 52 80 81 83
31 58 31 43 44 55 58
30 86 30 44 55 58 67 72 86
28 89 28 77 89
18 72 18 20 39 58 67 72
23 75 23 37 48 75
26 75 26 28 37 48 75
19 77 19 43 52 77
31 89 31 43 52 77 89
6 48 6 37 48
13 48 13 28 37 48
4 59 4 30 34 59
19 80 19 43 52 80
19 44 19 43 44
42 51 42 51
26 80 26 42 51 80
2 33 2 33
27 67 27 44 55 58 67
7 44 7 43 44
62 72 62 72
26 73 26 73
22 64 22 34 59 64
3 27 3 27
19 77 19 43 52 77
11 86 11 59 64 86
1 58 1 2 9 20 55 58
20 67 20 55 67
1 81 1 37 52 80 81
1 43 1 7 43
57 86 57 72 86
3 48 3 37 48
3 83 3 27 79 83
2 66 2 23 66
40 78 40 78
21 57 21 26 28 41 57
14 75 14 34 48 75
31 82 31 43 52 64 82
28 71 28 64 71
30 75 30 34 48 75
7 81 7 14 25 33 51 80 81
4 37 4 23 37
21 83 21 26 28 37 52 80 81 83
42 88 42 62 72 88
15 83 15 26 28 41 70 81 83
21 64 21 26 42 51 59 64
15 83 15 22 34 79 83
1 33 1 7 14 25 33
22 89 22 43 52 77 89
34 52 34 48 52
23 71 23 37 48 52 71
8 73 8 9 20 73
14 81 14 42 51 80 81
28 80 28 37 48 75 80
21 51 21 42 51
15 81 15 22 34 48 75 80 81
4 86 4 49 72 86
28 41 28 41
41 86 41 49 72 86
1 64 1 7 64
4 86 4 49 72 86
72 86 72 86
6 73 6 37 51 67 73
14 77 14 34 48 52 77
30 84 30 34 79 84
1 52 1 13 28 37 52
28 58 28 35 39 58
16 73 16 35 39 58 67 73
37 75 37 48 75
3 79 3 27 79
2 71 2 56 64 71
15 80 15 26 28 37 52 80
26 73 26 42 51 67 73
21 52 21 26 28 37 52
43 84 43 44 79 84
1 41 1 13 26 28 41
11 82 11 59 64 82
15 64 15 26 28 37 51 59 64
20 86 20 55 58 67 72 86
15 63 15 26 28 41 57 63
2 77 2 9 20 55 58 77
21 52 21 26 28 37 48 52
35 72 35 39 58 67 72
1 26 1 13 26
15 70 15 26 28 41 70
9 86 9 62 72 86
41 81 41 70 81
18 59 18 22 34 59
19 64 19 56 64
14 41 14 28 41
3 78 3 27 78
31 86 31 56 64 86
16 29 16 29
51 80 51 80
3 72 3 37 49 72
3 71 3 37 48 52 71
35 73 35 39 58 67 73
21 88 21 26 42 62 72 88
30 80 30 48 52 80
25 80 25 33 51 80
31 72 31 43 44 55 67 72
51 67 51 67
1 43 1 7 43
43 55 43 44 55
6 67 6 16 35 39 58 67
21 89 21 58 77 89
8 80 8 28 37 51 80
19 64 19 56 64
23 32 23 32
15 89 15 22 34 48 52 77 89
19 82 19 43 52 71 82
15 43 15 22 31 43
4 64 4 23 37 48 52 64
31 73 31 43 44 55 58 67 73
15 57 15 26 28 41 57
23 75 23 37 48 75
34 79 34 79
41 81 41 70 81
4 30 4 30
43 83 43 44 79 83
1 70 1 13 28 41 70
14 48 14 34 48
30 75 30 34 48 75
6 48 6 37 48
1 37 1 2 23 37
39 89 39 58 77 89
27 73 27 44 55 67 73
43 67 43 44 55 58 67
35 77 35 39 58 77
1 43 1 7 43
43 86 43 44 55 58 67 72 86
33 86 33 62 72 86
18 43 18 22 31 43
3 37 3 37
56 82 56 64 82
15 30 15 30
7 48 7 14 28 37 48
13 80 13 26 42 51 80
19 82 19 43 52 71 82
22 84 22 31 43 44 55 84
6 67 6 31 43 44 55 58 67
1 37 1 2 23 37
3 55 3 30 44 55
26 81 26 42 51 80 81
3 88 3 9 20 88
28 78 28 41 57 78
8 63 8 41 63
6 48 6 37 48
8 72 8 9 20 55 58 67 72
19 55 19 43 44 55
37 67 37 51 67
21 48 21 26 28 37 48
3 20 3 9 20
21 77 21 58 77
13 52 13 28 37 48 52
34 71 34 48 52 64 71
15 59 15 30 34 59
22 34 22 34
35 72 35 39 58 67 72
3 78 3 27 78
3 37 3 37
14 71 14 34 59 64 71
2 88 2 33 49 72 88
57 86 57 72 86
6 86 6 31 56 64 86
20 84 20 55 84
26 48 26 28 37 48
2 86 2 9 62 72 86
3 72 3 30 44 55 67 72
16 52 16 29 48 52
22 71 22 31 43 52 64 71
19 80 19 43 52 80
23 52 23 37 48 52
6 86 6 37 72 86
37 67 37 51 67
41 50 41 50
7 75 7 14 28 37 48 75
28 51 28 37 51
14 50 14 28 41 50
35 77 35 39 58 77
35 89 35 59 89
3 79 3 30 34 79
15 50 15 26 28 41 50
21 82 21 26 42 51 67 82
1 64 1 7 64
1 9 1 2 9
28 58 28 35 39 58
70 81 70 81
30 86 30 44 55 58 67 72 86
33 73 33 51 67 73
15 88 15 30 48 88
14 37 14 28 37
41 86 41 57 72 86
15 82 15 22 34 59 64 82
20 73 20 39 58 67 73
22 82 22 34 48 52 71 82
13 80 13 26 42 51 80
15 88 15 30 34 79 88
33 80 33 51 80
56 64 56 64
14 67 14 42 51 67
16 71 16 29 48 52 71
43 44 43 44
25 73 25 33 51 67 73
37 75 37 48 75
7 61 7 14 25 33 61
14 71 14 25 33 51 59 64 71
3 34 3 30 34
8 71 8 28 37 52 64 71
2 51 2 33 51
39 88 39 58 67 72 88
26 86 26 28 37 59 64 86
26 81 26 42 51 80 81
2 77 2 9 20 55 58 77
33 81 33 51 80 81
15 58 15 22 43 44 55 58
30 80 30 34 48 75 80
26 81 26 42 51 80 81
30 55 30 44 55
6 48 6 16 29 48
43 83 43 44 79 83
7 55 7 43 44 55
16 75 16 29 48 75
15 63 15 26 28 41 63
21 80 21 42 51 80
22 73 22 31 43 44 55 67 73
15 26 15 26
57 86 57 72 86
7 44 7 43 44
22 58 22 31 43 44 55 58
1 79 1 7 43 44 79
6 67 6 16 35 39 58 67
6 44 6 31 43 44
26 81 26 42 51 80 81
15 86 15 26 28 64 86
28 89 28 77 89
7 61 7 14 25 33 61
4 58 4 30 44 55 58
16 81 16 29 48 75 80 81
42 71 42 51 59 64 71
3 55 3 27 44 55
1 7 1 7
43 86 43 44 55 58 67 72 86
35 86 35 59 64 86
3 88 3 9 20 55 67 72 88
43 55 43 44 55
3 73 3 30 44 55 67 73
7 61 7 14 25 33 61
39 88 39 58 67 72 88
14 33 14 25 33
13 50 13 26 28 41 50
34 75 34 48 75
20 55 20 55
37 80 37 52 80
62 72 62 72
22 43 22 43
14 75 14 34 48 75
30 73 30 44 55 58 67 73
14 64 14 28 37 59 64
4 89 4 30 44 55 58 77 89
26 71 26 28 37 51 59 64 71
8 60 8 28 41 50 60
1 72 1 49 72
15 59 15 22 34 59
28 60 28 41 50 60
14 89 14 25 35 39 58 77 89
51 73 51 67 73
14 89 14 42 51 59 89
25 84 25 79 84
3 27 3 27
22 77 22 34 48 52 77
41 81 41 70 81
22 48 22 34 48
1 89 1 89
31 89 31 43 44 84 89
6 71 6 37 51 59 64 71
33 67 33 51 67
26 67 26 42 51 67
31 79 31 43 44 79
11 82 11 59 64 82
6 73 6 31 43 44 55 67 73
35 58 35 39 58
11 88 11 88
9 55 9 20 55
8 51 8 28 37 51
43 44 43 44
39 88 39 58 67 72 88
2 77 2 23 66 77
57 86 57 72 86
19 84 19 43 44 55 84
33 71 33 51 59 64 71
26 80 26 28 37 48 52 80
14 73 14 42 51 67 73
22 34 22 34
13 83 13 29 48 52 80 81 83
15 82 15 22 43 52 64 71 82
31 58 31 43 44 55 58
13 48 13 26 28 37 48
35 86 35 59 64 86
39 58 39 58
16 86 16 29 48 52 64 86
31 55 31 43 44 55
39 73 39 58 67 73
35 72 35 39 58 67 72
15 77 15 22 34 48 52 77
13 52 13 28 37 52
26 81 26 42 51 80 81
31 77 31 43 52 77
14 64 14 34 48 52 64
1 88 1 2 23 37 48 75 88
18 78 18 20 40 78
14 59 14 59
22 82 22 34 59 64 71 82
25 86 25 62 72 86
18 81 18 22 31 43 52 80 81
33 67 33 51 67
14 61 14 25 33 61
14 77 14 34 48 52 77
6 79 6 31 43 44 79
2 61 2 33 61
30 75 30 34 48 75
26 73 26 42 51 67 73
1 44 1 7 43 44
7 55 7 43 44 55
18 86 18 22 43 52 64 86
34 84 34 79 84
64 86 64 86
56 64 56 64
43 84 43 44 79 84
3 58 3 30 44 55 58
16 73 16 35 39 58 67 73
6 81 6 31 43 52 80 81
28 81 28 37 48 52 80 81
7 83 7 43 44 79 83
14 89 14 59 89
1 34 1 7 14 34
62 86 62 72 86
20 55 20 55
27 86 27 44 55 67 72 86
34 79 34 79
14 60 14 28 41 50 60
23 73 23 37 51 67 73
35 88 35 39 58 67 72 88
58 67 58 67
49 72 49 72
37 67 37 51 67
15 57 15 26 28 41 57
11 88 11 88
8 58 8 9 20 39 58
51 67 51 67
42 59 42 51 59
15 67 15 26 28 37 51 67
18 89 18 22 31 43 44 84 89
28 78 28 41 57 78
41 86 41 49 72 86
22 58 22 31 43 44 55 58
3 72 3 9 62 72
3 89 3 37 48 52 77 89
6 79 6 31 43 44 79
42 82 42 51 67 82
2 72 2 9 20 39 58 67 72
16 73 16 35 39 58 67 73
7 44 7 43 44
4 30 4 30
2 58 2 9 20 55 58
11 88 11 88
42 64 42 51 59 64
49 72 49 72
18 78 18 20 40 78
8 51 8 28 37 51
8 80 8 28 37 51 80
4 70 4 70
43 84 43 44 55 84
3 88 3 9 20 88
15 55 15 22 31 43 44 55
14 64 14 59 64
19 80 19 43 52 80
37 73 37 51 67 73
4 51 4 23 37 51
30 52 30 34 48 52
3 79 3 30 44 79
14 72 14 42 62 72
34 71 34 59 64 71
37 52 37 52
15 82 15 30 48 75 82
4 86 4 30 48 52 64 86
8 48 8 28 37 48
4 83 4 70 81 83
30 52 30 48 52
21 57 21 26 28 41 57
8 41 8 41
11 89 11 59 89
1 77 1 39 58 77
7 44 7 43 44
9 71 9 71
14 88 14 42 51 67 72 88
4 64 4 30 48 52 64
22 72 22 31 43 44 55 58 67 72
30 52 30 48 52
11 86 11 59 64 86
2 88 2 23 37 48 75 88
3 64 3 9 20 56 64
31 71 31 43 52 64 71
26 80 26 28 37 51 80
19 52 19 43 52
13 29 13 29
22 34 22 34
14 51 14 42 51
1 81 1 13 29 48 52 80 81
1 37 1 7 14 28 37
21 57 21 26 28 41 57
21 67 21 42 51 67
1 83 1 13 83
8 86 8 41 49 72 86
26 83 26 28 37 52 80 81 83
37 67 37 51 67
14 50 14 28 41 50
6 86 6 37 52 64 86
23 86 23 37 59 64 86
21 64 21 42 51 59 64
21 64 21 42 51 59 64
2 20 2 9 20
4 86 4 30 34 59 64 86
11 89 11 59 89
19 89 19 43 44 79 84 89
30 67 30 44 55 67
13 55 13 20 55
22 89 22 43 52 77 89
34 84 34 79 84
9 55 9 20 55
1 88 1 37 72 88
39 88 39 58 67 72 88
23 73 23 37 51 67 73
6 67 6 31 43 44 55 67
30 80 30 48 75 80
41 86 41 49 72 86
6 52 6 37 48 52
26 81 26 42 51 80 81
42 59 42 51 59
28 89 28 77 89
4 78 4 23 66 78
13 71 13 20 56 64 71
8 70 8 28 41 70
6 73 6 31 43 44 55 67 73
43 71 43 52 71
18 78 18 20 40 78
2 78 2 78
19 80 19 43 52 80
30 44 30 44
37 83 37 52 80 81 83
6 86 6 31 56 64 86
15 41 15 26 28 41
33 83 33 51 80 81 83
7 86 7 14 25 62 72 86
23 52 23 37 52
34 79 34 79
30 75 30 48 75
7 86 7 62 72 86
4 77 4 30 34 48 52 77
43 79 43 44 79
22 79 22 34 79
6 44 6 31 43 44
14 41 14 28 41
26 75 26 28 37 48 75
2 86 2 23 37 51 59 64 86
18 71 18 22 43 52 64 71
9 55 9 20 55
25 79 25 79
23 71 23 37 48 52 71
37 86 37 59 64 86
31 58 31 43 44 55 58
4 34 4 30 34
39 88 39 58 67 72 88
26 48 26 28 37 48
6 80 6 16 29 48 52 80
43 55 43 44 55
15 60 15 26 28 41 50 60
28 80 28 37 52 80
4 72 4 30 44 55 67 72
37 75 37 48 75
41 50 41 50
8 70 8 28 41 70
21 72 21 58 67 72
23 73 23 37 51 67 73
27 86 27 44 55 67 72 86
35 64 35 59 64
8 83 8 41 70 81 83
22 88 22 31 43 44 79 88
51 83 51 80 81 83
41 81 41 70 81
13 75 13 29 48 75
41 86 41 49 72 86
58 73 58 67 73
15 88 15 30 34 79 88
3 51 3 37 51
62 72 62 72
21 89 21 26 42 51 59 89
3 81 3 37 51 80 81
43 79 43 44 79
19 44 19 43 44
7 71 7 14 42 51 59 64 71
26 86 26 42 51 86
28 59 28 35 59
30 83 30 44 79 83
30 84 30 34 79 84
6 75 6 16 29 48 75
31 89 31 43 44 79 84 89
14 82 14 42 51 67 82
7 55 7 43 44 55
21 64 21 42 51 59 64
9 73 9 20 73
23 52 23 37 48 52
18 72 18 20 55 58 67 72
1 60 1 7 14 28 41 50 60
16 80 16 29 48 75 80
21 72 21 26 42 51 67 72
39 73 39 58 67 73
2 72 2 23 37 72
26 67 26 28 37 51 67
42 51 42 51
1 78 1 78
7 50 7 14 28 41 50
28 89 28 37 48 52 77 89
15 37 15 26 28 37
21 64 21 42 51 59 64
30 44 30 44
42 82 42 51 67 82
19 71 19 43 52 64 71
27 84 27 44 55 84
37 71 37 52 71
23 86 23 37 51 86
1 86 1 13 20 56 64 86
42 64 42 51 59 64
8 52 8 28 37 52
42 64 42 51 59 64
3 27 3 27
8 80 8 28 37 52 80
19 82 19 56 64 71 82
8 81 8 28 41 70 81
33 67 33 51 67
1 41 1 13 26 28 41
14 67 14 28 35 39 58 67
34 52 34 48 52
22 71 22 31 43 52 64 71
6 67 6 16 35 39 58 67
6 71 6 31 43 52 71
18 88 18 22 43 44 55 58 67 72 88
37 52 37 48 52
30 86 30 48 52 64 86
30 81 30 34 48 52 80 81
1 60 1 13 28 41 50 60
14 25 14 25
1 48 1 7 14 34 48
37 48 37 48
30 67 30 44 55 67
31 79 31 43 44 79
15 51 15 26 28 37 51
7 75 7 14 34 48 75
19 86 19 56 64 86
2 83 2 33 51 80 81 83
16 29 16 29
28 81 28 37 48 75 80 81
18 34 18 22 34
23 67 23 37 51 67
8 51 8 28 37 51
1 78 1 78
41 81 41 70 81
4 37 4 23 37
18 78 18 20 40 78
31 58 31 43 44 55 58
21 86 21 42 51 86
23 86 23 49 72 86
28 88 28 35 39 58 67 72 88
23 48 23 37 48
8 83 8 41 70 81 83
13 86 13 28 64 86
15 73 15 30 44 55 58 67 73
8 70 8 41 70
30 86 30 34 59 64 86
14 51 14 42 51
4 51 4 23 37 51
8 84 8 9 20 55 84
16 73 16 35 39 58 67 73
15 58 15 30 44 55 58
22 67 22 43 44 55 58 67
28 57 28 41 57
1 60 1 13 28 41 50 60
19 88 19 62 72 88
42 82 42 51 59 64 82
23 80 23 37 48 75 80
51 73 51 67 73
23 75 23 37 48 75
1 34 1 7 14 34
7 81 7 43 52 80 81
43 86 43 44 55 67 72 86
8 59 8 28 35 59
37 48 37 48
22 84 22 31 43 44 84
23 80 23 37 48 75 80
19 64 19 43 52 64
2 37 2 23 37
39 89 39 58 77 89
28 80 28 37 48 75 80
8 57 8 28 41 57
3 88 3 30 48 88
8 9 8 9
8 82 8 9 20 56 82
22 48 22 34 48
43 84 43 44 55 84
14 71 14 59 64 71
51 73 51 67 73
8 60 8 41 50 60
26 73 26 28 37 51 67 73
4 89 4 23 66 77 89
59 71 59 64 71
26 83 26 42 51 80 81 83
26 75 26 28 37 48 75
7 61 7 14 25 33 61
26 81 26 42 51 80 81
23 67 23 37 51 67
51 71 51 59 64 71
20 55 20 55
15 34 15 30 34
4 82 4 82
18 72 18 20 39 58 67 72
3 82 3 27 44 55 58 67 82
1 26 1 13 26
7 86 7 14 28 41 49 72 86
26 50 26 28 41 50
19 67 19 43 44 55 58 67
1 70 1 13 28 41 70
4 71 4 23 37 59 64 71
23 71 23 37 51 59 64 71
3 55 3 9 20 55
58 73 58 67 73
9 86 9 62 72 86
19 89 19 38 89
6 79 6 31 43 44 79
3 71 3 64 71
16 52 16 29 48 52
8 55 8 9 20 55
19 52 19 43 52
28 89 28 77 89
51 80 51 80
7 55 7 43 44 55
33 73 33 51 67 73
4 32 4 23 32
43 84 43 44 79 84
21 77 21 26 28 35 39 58 77
14 37 14 28 37
14 89 14 25 79 84 89
31 52 31 43 52
21 63 21 26 28 41 63
6 52 6 16 29 48 52
18 77 18 22 31 43 44 55 58 77
1 72 1 49 72
21 70 21 26 28 41 70
43 52 43 52
1 25 1 7 14 25
28 75 28 37 48 75
37 80 37 48 52 80
22 88 22 31 43 44 55 67 72 88
62 88 62 72 88
15 50 15 26 28 41 50
21 82 21 58 67 82
26 48 26 28 37 48
4 34 4 30 34
6 81 6 37 52 80 81
11 88 11 88
39 72 39 58 67 72
18 64 18 22 34 59 64
1 58 1 2 9 20 39 58
11 89 11 59 89
7 50 7 14 28 41 50
13 67 13 28 37 51 67
2 80 2 33 51 80
3 34 3 30 34
37 67 37 51 67
19 88 19 43 44 55 67 72 88
13 80 13 26 28 37 52 80
7 86 7 57 72 86
35 58 35 39 58
2 81 2 23 37 51 80 81
6 48 6 16 29 48
28 58 28 35 39 58
7 84 7 43 44 79 84
51 73 51 67 73
14 73 14 28 35 39 58 67 73
6 67 6 31 43 44 55 67
19 77 19 43 52 77
1 84 1 13 20 55 84
37 81 37 51 80 81
34 86 34 86
42 73 42 51 67 73
21 41 21 26 28 41
16 81 16 29 48 52 80 81
7 75 7 14 34 48 75
37 81 37 52 80 81
31 80 31 43 52 80
7 67 7 43 44 55 67
4 32 4 23 32
37 80 37 52 80
31 44 31 43 44
21 67 21 58 67
34 48 34 48
3 72 3 37 51 67 72
43 86 43 44 55 67 72 86
42 89 42 51 59 89
51 81 51 80 81
42 89 42 51 59 89
2 84 2 9 20 55 84
8 41 8 28 41
25 80 25 33 51 80
33 80 33 51 80
23 86 23 37 49 72 86
20 84 20 55 84
13 50 13 28 41 50
33 71 33 51 59 64 71
42 51 42 51
9 71 9 20 56 64 71
30 79 30 34 79
3 72 3 37 51 67 72
23 32 23 32
23 80 23 37 48 75 80
20 67 20 55 67
19 72 19 62 72
13 67 13 20 55 58 67
19 77 19 43 52 77
18 89 18 22 34 59 89
18 58 18 20 39 58
30 44 30 44
21 37 21 26 28 37
13 86 13 29 48 52 64 86
59 86 59 64 86
16 75 16 29 48 75
58 73 58 67 73
41 50 41 50
26 50 26 28 41 50
4 44 4 30 44
2 55 2 9 20 55
18 88 18 22 43 44 55 58 67 72 88
8 55 8 9 20 55
4 78 4 23 66 78
16 29 16 29
37 83 37 51 80 81 83
15 80 15 30 48 52 80
33 81 33 51 80 81
13 29 13 29
43 86 43 44 55 67 72 86
22 43 22 43
18 43 18 22 31 43
28 81 28 37 48 52 80 81
23 75 23 37 48 75
31 43 31 43
15 64 15 30 48 52 64
39 88 39 58 67 72 88
21 80 21 26 42 51 80
27 73 27 44 55 67 73
27 84 27 79 84
11 64 11 59 64
1 64 1 7 64
2 33 2 33
31 81 31 43 52 80 81
22 44 22 43 44
1 75 1 7 14 34 48 75
28 75 28 37 48 75
43 44 43 44
72 86 72 86
14 82 14 28 35 59 64 82
30 44 30 44
62 86 62 72 86
6 55 6 31 43 44 55
1 48 1 13 28 37 48
4 72 4 30 44 55 67 72
1 67 1 39 58 67
1 73 1 13 26 73
19 72 19 62 72
3 27 3 27
43 83 43 44 79 83
4 77 4 23 37 48 52 77
16 75 16 29 48 75
1 7 1 7
20 86 20 55 67 72 86
26 86 26 42 51 67 72 86
26 48 26 28 37 48
26 75 26 28 37 48 75
27 55 27 44 55
21 78 21 26 28 41 57 78
15 73 15 30 44 55 58 67 73
7 83 7 43 44 79 83
51 71 51 59 64 71
1 58 1 13 26 28 35 39 58
22 44 22 31 43 44
19 89 19 38 89
21 59 21 42 51 59
6 79 6 31 43 44 79
15 88 15 30 44 79 88
21 64 21 42 51 59 64
18 64 18 59 64
20 67 20 39 58 67
21 71 21 26 42 51 59 64 71
21 52 21 26 28 37 48 52
6 80 6 31 43 52 80
28 59 28 37 59
13 84 13 20 55 84
22 82 22 31 56 82
21 60 21 26 28 41 50 60
18 83 18 22 43 44 79 83
19 88 19 43 44 79 88
3 79 3 27 44 79
43 81 43 52 80 81
13 75 13 28 37 48 75
9 67 9 20 39 58 67
14 58 14 25 35 39 58
4 73 4 30 44 55 58 67 73
1 82 1 2 33 51 67 82
18 88 18 22 43 44 79 88
35 72 35 39 58 67 72
31 89 31 43 44 84 89
27 83 27 79 83
28 37 28 37
37 73 37 51 67 73
22 86 22 34 59 64 86
37 83 37 52 80 81 83
2 77 2 23 66 77
7 81 7 14 42 51 80 81
2 52 2 23 37 48 52
21 73 21 42 51 67 73
14 33 14 25 33
4 59 4 30 34 59
33 81 33 51 80 81
23 83 23 37 52 80 81 83
3 75 3 30 48 75
33 86 33 51 67 72 86
8 37 8 28 37
1 48 1 2 23 37 48
28 57 28 41 57
22 64 22 34 59 64
6 75 6 37 48 75
19 58 19 43 44 55 58
56 82 56 64 82
23 66 23 66
21 41 21 26 28 41
30 67 30 44 55 67
2 72 2 9 20 39 58 67 72
15 58 15 26 28 35 39 58
31 73 31 43 44 55 58 67 73
1 32 1 2 23 32
1 50 1 7 14 28 41 50
8 55 8 9 20 55
16 48 16 29 48
41 83 41 70 81 83
7 71 7 43 52 64 71
9 84 9 20 55 84
1 9 1 2 9
14 80 14 42 51 80
49 72 49 72
7 75 7 14 34 48 75
7 79 7 14 25 79
15 43 15 22 31 43
4 32 4 23 32
7 61 7 14 25 33 61
6 80 6 37 48 52 80
9 73 9 20 55 67 73
18 82 18 22 43 44 55 58 67 82
25 80 25 33 51 80
41 83 41 70 81 83
3 79 3 30 44 79
4 77 4 23 37 52 77
30 83 30 34 48 52 80 81 83
21 64 21 42 51 59 64
7 73 7 43 44 55 58 67 73
18 89 18 20 39 58 77 89
26 67 26 42 51 67
15 78 15 26 28 41 57 78
21 67 21 26 28 37 51 67
2 20 2 9 20
8 63 8 28 41 57 63
8 60 8 41 50 60
4 59 4 23 37 51 59
15 34 15 22 34
1 64 1 7 64
35 72 35 39 58 67 72
11 88 11 88
14 37 14 28 37
1 73 1 13 20 39 58 67 73
21 82 21 26 42 51 67 82
28 72 28 37 72
35 72 35 39 58 67 72
16 71 16 35 59 64 71
28 78 28 41 57 78
3 30 3 30
4 37 4 23 37
15 88 15 22 31 43 44 55 67 72 88
13 83 13 29 48 52 80 81 83
41 83 41 70 81 83
7 67 7 14 25 33 51 67
34 79 34 79
1 23 1 2 23
15 83 15 26 28 37 51 80 81 83
8 70 8 28 41 70
25 83 25 33 51 80 81 83
25 71 25 33 51 59 64 71
35 89 35 59 89
6 84 6 31 43 44 55 84
26 67 26 28 37 51 67
3 30 3 30
15 89 15 22 43 52 77 89
1 67 1 2 23 37 51 67
25 86 25 62 72 86
27 83 27 79 83
18 73 18 22 31 43 44 55 58 67 73
4 88 4 23 37 48 88
8 52 8 28 37 48 52
13 81 13 26 42 51 80 81
14 83 14 34 79 83
43 73 43 44 55 58 67 73
31 82 31 43 44 55 67 82
4 37 4 23 37
14 82 14 28 35 59 64 82
7 84 7 43 44 55 84
14 75 14 28 37 48 75
8 37 8 28 37
2 33 2 33
30 75 30 48 75
30 48 30 34 48
31 67 31 43 44 55 67
38 89 38 89
49 88 49 72 88
1 34 1 7 14 34
8 58 8 9 20 55 58
43 73 43 44 55 58 67 73
16 71 16 29 48 52 64 71
34 81 34 48 75 80 81
31 44 31 43 44
16 67 16 35 39 58 67
9 71 9 20 56 64 71
31 79 31 43 44 79
3 82 3 64 82
20 84 20 55 84
15 30 15 30
34 48 34 48
7 83 7 43 52 80 81 83
28 83 28 41 70 81 83
1 88 1 7 62 72 88
23 48 23 37 48
58 86 58 67 72 86
42 73 42 51 67 73
19 58 19 43 44 55 58
2 20 2 9 20
1 61 1 2 33 61
15 88 15 30 44 79 88
34 84 34 79 84
41 50 41 50
2 73 2 33 51 67 73
8 77 8 28 37 77
42 72 42 62 72
8 78 8 41 57 78
39 73 39 58 67 73
64 86 64 86
30 80 30 48 75 80
21 52 21 26 28 37 48 52
35 77 35 39 58 77
6 81 6 16 29 48 75 80 81
20 67 20 55 67
25 71 25 35 59 64 71
7 44 7 43 44
30 48 30 48
13 81 13 28 37 52 80 81
13 71 13 26 42 51 59 64 71
19 73 19 43 44 55 58 67 73
34 80 34 48 52 80
28 88 28 35 39 58 67 72 88
19 77 19 43 44 55 58 77
13 55 13 20 55
25 80 25 33 51 80
8 88 8 9 20 55 58 67 72 88
43 81 43 52 80 81
20 84 20 55 84
14 89 14 28 77 89
37 52 37 52
43 71 43 52 64 71
7 48 7 14 34 48
3 52 3 37 52
14 51 14 28 37 51
39 82 39 58 67 82
9 55 9 20 55
37 81 37 52 80 81
20 67 20 39 58 67
35 59 35 59
42 59 42 51 59
7 84 7 43 44 79 84
23 67 23 37 51 67
13 83 13 26 42 51 80 81 83
2 89 2 23 37 52 77 89
1 64 1 37 51 59 64
42 59 42 51 59
19 86 19 43 44 55 58 67 72 86
7 83 7 14 28 37 51 80 81 83
18 55 18 22 43 44 55
70 83 70 81 83
42 51 42 51
59 71 59 64 71
8 51 8 28 37 51
3 83 3 27 79 83
37 52 37 52
15 89 15 26 28 37 59 89
8 59 8 28 37 59
34 84 34 79 84
18 72 18 20 55 58 67 72
8 80 8 28 37 52 80
15 72 15 22 43 44 55 58 67 72
21 57 21 26 28 41 57
22 58 22 31 43 44 55 58
18 59 18 22 34 59
30 73 30 44 55 67 73
9 73 9 20 73
43 84 43 44 79 84
35 73 35 39 58 67 73
1 60 1 7 14 28 41 50 60
1 52 1 7 43 52
1 23 1 2 23
85 88 85 88
19 52 19 43 52
3 58 3 9 20 55 58
41 86 41 57 72 86
37 80 37 51 80
23 32 23 32
15 83 15 26 42 51 80 81 83
4 82 4 30 48 52 64 82
1 43 1 7 43
3 44 3 27 44
3 9 3 9
15 89 15 22 34 48 52 77 89
26 71 26 28 37 48 52 71
39 77 39 58 77
15 75 15 30 34 48 75
14 82 14 34 48 52 64 71 82
7 84 7 14 25 79 84
4 59 4 23 37 51 59
8 55 8 9 20 55
26 71 26 28 35 59 64 71
33 86 33 49 72 86
2 20 2 9 20
43 52 43 52
11 89 11 59 89
30 80 30 34 48 52 80
25 84 25 79 84
1 66 1 2 23 66
13 52 13 28 37 48 52
51 81 51 80 81
16 52 16 29 48 52
18 52 18 22 31 43 52
22 52 22 34 48 52
70 81 70 81
26 48 26 28 37 48
49 72 49 72
72 86 72 86
19 82 19 43 52 71 82
26 50 26 28 41 50
7 44 7 43 44
6 44 6 31 43 44
30 73 30 44 55 67 73
23 83 23 37 52 80 81 83
14 64 14 25 33 51 59 64
15 55 15 22 31 43 44 55
11 64 11 59 64
8 86 8 41 57 72 86
26 75 26 28 37 48 75
39 73 39 58 67 73
33 67 33 51 67
30 80 30 48 75 80
37 83 37 52 80 81 83
28 63 28 41 63
15 82 15 26 28 64 82
14 89 14 42 51 59 89
6 80 6 37 48 52 80
4 66 4 23 66
33 73 33 51 67 73
42 83 42 51 80 81 83
23 67 23 37 51 67
16 71 16 35 59 64 71
14 63 14 25 63
8 82 8 28 64 82
18 75 18 22 34 48 75
3 27 3 27
26 73 26 28 37 51 67 73
14 78 14 28 41 57 78
40 78 40 78
7 50 7 14 28 41 50
51 80 51 80
20 84 20 55 84
3 30 3 30
7 81 7 43 52 80 81
37 73 37 51 67 73
3 79 3 30 44 79
19 73 19 43 44 55 58 67 73
4 89 4 23 37 59 89
8 72 8 41 57 72
39 88 39 58 67 72 88
4 77 4 23 37 77
14 84 14 34 79 84
51 83 51 80 81 83
30 73 30 44 55 67 73
21 59 21 42 51 59
4 48 4 30 48
18 34 18 22 34
2 37 2 23 37
22 67 22 31 43 44 55 67
22 77 22 43 52 77
51 80 51 80
3 80 3 37 48 52 80
22 58 22 31 43 44 55 58
18 55 18 22 31 43 44 55
8 89 8 28 35 39 58 77 89
43 79 43 44 79
14 51 14 28 37 51
7 71 7 64 71
21 37 21 26 28 37
1 26 1 13 26
3 34 3 30 34
35 67 35 39 58 67
3 72 3 9 20 39 58 67 72
2 75 2 23 37 48 75
14 48 14 28 37 48
2 71 2 23 37 59 64 71
25 79 25 79
58 67 58 67
26 71 26 42 51 59 64 71
14 25 14 25
23 83 23 37 51 80 81 83
30 52 30 48 52
22 43 22 31 43
21 78 21 26 28 41 57 78
30 67 30 44 55 67
15 78 15 26 28 41 57 78
43 83 43 44 79 83
4 64 4 23 37 52 64
19 81 19 43 52 80 81
1 61 1 7 14 25 33 61
8 70 8 41 70
21 70 21 26 28 41 70
23 32 23 32
26 75 26 28 37 48 75
9 84 9 20 55 84
13 55 13 20 55
33 81 33 51 80 81
26 48 26 28 37 48
64 86 64 86
3 86 3 27 44 55 67 72 86
30 84 30 34 79 84
19 44 19 43 44
15 64 15 26 28 64
3 88 3 30 48 75 88
23 66 23 66
1 88 1 2 23 49 72 88
25 80 25 33 51 80
14 51 14 42 51
31 88 31 43 44 55 67 72 88
6 84 6 31 43 44 55 84
14 63 14 28 41 57 63
28 48 28 37 48
9 73 9 20 73
28 58 28 35 39 58
28 77 28 35 39 58 77
8 70 8 28 41 70
22 72 22 43 44 55 58 67 72
4 64 4 23 37 51 59 64
3 72 3 27 44 55 58 67 72
2 9 2 9
30 71 30 34 59 64 71
28 51 28 37 51
31 89 31 43 44 79 84 89
18 80 18 22 34 48 75 80
3 77 3 37 48 52 77
8 58 8 9 20 55 58
2 52 2 23 37 52
23 48 23 37 48
14 71 14 59 64 71
6 44 6 31 43 44
3 73 3 37 51 67 73
34 84 34 79 84
7 50 7 14 28 41 50
7 83 7 14 34 48 52 80 81 83
14 77 14 28 77
42 67 42 51 67
2 55 2 9 20 55
3 52 3 30 34 48 52
22 64 22 43 52 64
8 50 8 41 50
42 59 42 51 59
8 70 8 28 41 70
21 52 21 26 28 37 52
2 89 2 33 51 59 89
30 81 30 48 75 80 81
1 20 1 13 20
14 61 14 25 33 61
28 88 28 35 39 58 67 72 88
8 89 8 9 20 55 58 77 89
7 81 7 14 42 51 80 81
1 51 1 7 14 28 37 51
2 33 2 33
6 81 6 16 29 48 75 80 81
8 58 8 28 35 39 58
1 23 1 2 23
19 72 19 62 72
4 23 4 23
25 73 25 35 39 58 67 73
15 82 15 30 48 52 64 82
9 55 9 20 55
49 88 49 72 88
18 75 18 22 34 48 75
23 73 23 37 51 67 73
4 23 4 23
16 81 16 29 48 75 80 81
21 50 21 26 28 41 50
16 73 16 35 39 58 67 73
31 79 31 43 44 79
18 83 18 22 43 44 79 83
22 64 22 43 52 64
9 86 9 20 39 58 67 72 86
2 64 2 56 64
41 81 41 70 81
18 89 18 20 55 84 89
3 58 3 9 20 55 58
1 67 1 7 43 44 55 67
13 84 13 20 55 84
3 78 3 27 78
19 81 19 43 52 80 81
15 78 15 26 28 41 57 78
4 55 4 30 44 55
13 29 13 29
31 44 31 43 44
62 72 62 72
13 71 13 28 37 52 71
23 52 23 37 48 52
21 88 21 26 28 35 39 58 67 72 88
14 58 14 25 35 39 58
7 79 7 43 44 79
59 71 59 64 71
25 81 25 33 51 80 81
35 77 35 39 58 77
18 72 18 20 55 58 67 72
58 86 58 67 72 86
4 66 4 23 66
19 64 19 43 52 64
2 67 2 33 51 67
43 73 43 44 55 67 73
14 86 14 42 62 72 86
28 80 28 37 51 80
20 55 20 55
43 73 43 44 55 58 67 73
42 80 42 51 80
15 89 15 30 44 84 89
4 78 4 23 66 78
22 75 22 34 48 75
3 77 3 30 48 52 77
26 71 26 42 51 59 64 71
42 81 42 51 80 81
11 64 11 59 64
11 59 11 59
20 73 20 39 58 67 73
13 55 13 20 55
15 50 15 26 28 41 50
14 83 14 34 79 83
8 73 8 9 20 39 58 67 73
14 37 14 28 37
7 67 7 43 44 55 58 67
1 82 1 2 82
2 81 2 23 37 48 52 80 81
30 81 30 48 75 80 81
3 27 3 27
42 80 42 51 80
35 72 35 39 58 67 72
59 71 59 64 71
4 88 4 30 48 75 88
19 52 19 43 52
30 80 30 34 48 75 80
9 67 9 20 39 58 67
51 71 51 59 64 71
30 67 30 44 55 58 67
22 79 22 34 79
6 80 6 16 29 48 75 80
14 71 14 34 59 64 71
18 52 18 22 34 48 52
34 71 34 48 52 71
9 71 9 20 56 64 71
28 82 28 41 70 82
1 83 1 13 83
14 83 14 28 37 51 80 81 83
19 67 19 43 44 55 58 67
85 88 85 88
56 86 56 64 86
8 9 8 9
23 52 23 37 48 52
1 70 1 13 28 41 70
21 52 21 26 28 37 52
4 83 4 70 81 83
3 67 3 37 51 67
2 77 2 23 37 77
6 84 6 31 43 44 55 84
37 48 37 48
51 81 51 80 81
33 80 33 51 80
34 81 34 48 75 80 81
26 75 26 28 37 48 75
14 64 14 34 48 52 64
26 81 26 42 51 80 81
21 59 21 26 42 51 59
15 78 15 26 28 41 57 78
13 81 13 29 48 75 80 81
14 64 14 42 51 59 64
33 86 33 49 72 86
22 80 22 31 43 52 80
15 82 15 22 43 44 55 58 67 82
43 86 43 52 64 86
43 79 43 44 79
3 59 3 37 59
20 71 20 56 64 71
15 78 15 26 28 41 57 78
3 48 3 30 48
31 88 31 43 44 79 88
28 59 28 35 59
30 83 30 48 75 80 81 83
14 33 14 25 33
1 59 1 37 51 59
15 60 15 26 28 41 50 60
23 80 23 37 48 52 80
6 79 6 31 43 44 79
21 63 21 26 28 41 63
39 77 39 58 77
13 29 13 29
4 89 4 30 44 55 58 77 89
28 77 28 77
16 83 16 29 48 75 80 81 83
2 64 2 23 37 52 64
22 55 22 43 44 55
30 79 30 34 79
30 52 30 48 52
4 77 4 30 34 48 52 77
31 71 31 43 52 71
14 82 14 34 48 52 64 82
20 73 20 73
6 84 6 31 43 44 55 84
25 61 25 33 61
23 32 23 32
18 48 18 22 34 48
37 75 37 48 75
18 80 18 22 34 48 52 80
13 73 13 28 37 51 67 73
15 51 15 26 42 51
3 48 3 30 48
26 73 26 28 37 51 67 73
23 86 23 49 72 86
28 64 28 64
26 75 26 28 37 48 75
15 88 15 26 88
15 84 15 30 34 79 84
11 59 11 59
7 75 7 14 34 48 75
15 26 15 26
51 73 51 67 73
8 77 8 9 20 55 58 77
51 83 51 80 81 83
51 71 51 59 64 71
15 41 15 26 28 41
13 73 13 20 39 58 67 73
1 43 1 7 43
1 9 1 2 9
13 81 13 28 37 52 80 81
23 83 23 37 51 80 81 83
25 67 25 35 39 58 67
16 83 16 29 48 52 80 81 83
1 23 1 2 23
22 88 22 43 44 79 88
1 70 1 13 28 41 70
19 64 19 43 52 64
13 81 13 26 28 37 52 80 81
22 89 22 43 52 77 89
13 73 13 28 37 51 67 73
31 72 31 43 44 55 58 67 72
70 81 70 81
33 61 33 61
2 72 2 23 49 72
18 43 18 22 31 43
21 64 21 42 51 59 64
37 80 37 52 80
8 82 8 28 64 82
1 55 1 13 20 55
21 60 21 26 28 41 50 60
37 71 37 51 59 64 71
4 72 4 49 72
8 41 8 41
3 71 3 30 48 52 64 71
22 82 22 43 52 64 82
13 55 13 20 55
42 81 42 51 80 81
21 52 21 26 28 37 52
15 72 15 26 42 51 67 72
85 88 85 88
7 75 7 14 28 37 48 75
43 52 43 52
28 89 28 35 59 89
14 79 14 34 79
28 41 28 41
21 63 21 26 28 41 63
8 48 8 28 37 48
2 37 2 23 37
3 44 3 27 44
49 88 49 72 88
35 64 35 59 64
2 55 2 9 20 55
34 48 34 48
33 73 33 51 67 73
25 81 25 33 51 80 81
21 64 21 42 51 59 64
26 83 26 28 41 70 81 83
35 73 35 39 58 67 73
16 48 16 29 48
22 81 22 43 52 80 81
33 80 33 51 80
34 84 34 79 84
2 23 2 23
15 48 15 26 28 37 48
43 79 43 44 79
37 67 37 51 67
34 80 34 48 52 80
19 89 19 43 52 77 89
30 86 30 34 59 64 86
26 67 26 28 35 39 58 67
14 59 14 28 37 51 59
13 86 13 28 64 86
15 67 15 26 28 35 39 58 67
21 59 21 42 51 59
9 84 9 20 55 84
51 83 51 80 81 83
35 71 35 59 64 71
15 64 15 22 43 52 64
23 52 23 37 52
8 52 8 28 37 52
14 89 14 28 77 89
14 57 14 28 41 57
37 81 37 51 80 81
15 34 15 22 34
18 80 18 22 34 48 75 80
13 29 13 29
28 82 28 64 71 82
25 84 25 79 84
4 89 4 23 37 51 59 89
35 72 35 39 58 67 72
4 59 4 30 34 59
6 71 6 16 29 48 52 71
18 59 18 59
1 59 1 7 14 28 35 59
30 83 30 44 79 83
8 80 8 28 37 51 80
2 33 2 33
11 82 11 59 64 71 82
25 86 25 35 59 64 86
9 84 9 20 55 84
22 89 22 31 43 52 77 89
70 81 70 81
42 71 42 51 59 64 71
25 83 25 33 51 80 81 83
28 51 28 37 51
37 83 37 51 80 81 83
6 86 6 86
15 83 15 26 42 51 80 81 83
15 84 15 22 34 79 84
14 75 14 28 37 48 75
23 81 23 37 48 52 80 81
27 79 27 79
37 83 37 48 75 80 81 83
34 79 34 79
51 80 51 80
2 82 2 56 82
23 81 23 37 51 80 81
18 59 18 22 34 59
37 48 37 48
15 63 15 26 28 41 63
14 82 14 34 48 52 64 71 82
31 88 31 43 44 79 88
7 86 7 14 28 41 49 72 86
6 44 6 31 43 44
27 83 27 79 83
35 86 35 39 58 67 72 86
14 79 14 34 79
21 75 21 26 28 37 48 75
25 80 25 33 51 80
35 88 35 39 58 67 72 88
21 63 21 26 28 41 63
35 67 35 39 58 67
23 52 23 37 52
43 81 43 52 80 81
30 86 30 48 52 64 86
31 83 31 43 44 79 83
4 52 4 30 34 48 52
15 48 15 22 34 48
15 84 15 22 43 44 84
31 58 31 43 44 55 58
7 52 7 43 52
15 60 15 26 28 41 50 60
4 67 4 23 37 51 67
35 73 35 39 58 67 73
6 80 6 16 29 48 75 80
20 73 20 73
42 80 42 51 80
8 72 8 9 62 72
2 20 2 9 20
18 58 18 20 39 58
4 86 4 30 34 59 64 86
21 51 21 42 51
37 80 37 48 75 80
19 55 19 43 44 55
3 51 3 37 51
15 82 15 22 31 43 52 64 71 82
1 79 1 7 43 44 79
2 20 2 9 20
21 88 21 58 67 72 88
43 83 43 44 79 83
4 59 4 30 34 59
30 71 30 48 52 64 71
2 33 2 33
23 52 23 37 52
41 50 41 50
3 59 3 37 59
16 83 16 29 48 52 80 81 83
1 61 1 2 33 61
28 52 28 37 48 52
16 86 16 35 59 64 86
4 73 4 30 44 55 67 73
15 80 15 22 34 48 75 80
49 88 49 72 88
26 50 26 28 41 50
26 52 26 28 37 52
4 72 4 30 44 55 67 72
70 83 70 81 83
3 51 3 37 51
31 73 31 43 44 55 58 67 73
2 37 2 23 37
1 13 1 13
28 71 28 37 52 71
51 86 51 86
43 44 43 44
22 64 22 34 59 64
51 71 51 59 64 71
1 89 1 2 33 51 59 89
34 86 34 86
15 82 15 22 34 59 64 82
31 52 31 43 52
34 80 34 48 75 80
9 71 9 71
18 43 18 22 31 43
21 37 21 26 28 37
9 73 9 20 73
14 64 14 59 64
62 86 62 72 86
28 59 28 37 59
2 23 2 23
20 73 20 55 67 73
42 67 42 51 67
26 80 26 42 51 80
8 60 8 41 50 60
14 58 14 28 35 39 58
3 20 3 9 20
1 25 1 7 14 25
4 51 4 23 37 51
34 75 34 48 75
42 71 42 51 59 64 71
21 86 21 42 51 67 72 86
1 51 1 2 33 51
9 86 9 62 72 86
18 73 18 20 39 58 67 73
25 86 25 33 51 59 64 86
6 44 6 31 43 44
8 41 8 28 41
6 67 6 31 43 44 55 58 67
1 72 1 39 58 67 72
13 80 13 28 37 52 80
6 44 6 31 43 44
18 83 18 22 31 43 44 79 83
3 52 3 37 48 52
14 82 14 59 64 82
2 89 2 9 20 55 58 77 89
27 84 27 44 55 84
72 86 72 86
30 73 30 44 55 67 73
2 84 2 9 20 55 84
15 26 15 26
15 48 15 26 28 37 48
2 88 2 23 37 48 75 88
2 23 2 23
25 86 25 33 49 72 86
49 86 49 72 86
37 80 37 52 80
3 34 3 30 34
22 77 22 31 43 44 55 58 77
56 82 56 64 82
15 51 15 26 42 51
37 86 37 72 86
8 78 8 9 20 40 78
4 66 4 23 66
30 67 30 44 55 67
21 89 21 58 77 89
15 41 15 26 28 41
7 61 7 14 25 33 61
35 64 35 59 64
13 52 13 28 37 52
14 70 14 28 41 70
25 79 25 79
31 84 31 43 44 84
1 64 1 13 29 48 52 64
1 70 1 13 28 41 70
13 29 13 29
14 50 14 28 41 50
21 60 21 26 28 41 50 60
70 81 70 81
8 60 8 28 41 50 60
40 78 40 78
8 88 8 41 49 72 88
34 75 34 48 75
25 84 25 79 84
15 51 15 26 28 37 51
28 77 28 37 52 77
31 72 31 43 44 55 58 67 72
43 71 43 52 71
20 55 20 55
33 67 33 51 67
42 89 42 51 59 89
7 48 7 14 28 37 48
27 83 27 79 83
16 81 16 29 48 52 80 81
1 7 1 7
14 52 14 28 37 48 52
14 41 14 28 41
4 75 4 23 37 48 75
1 23 1 2 23
28 48 28 37 48
15 37 15 26 28 37
8 57 8 41 57
3 89 3 27 44 79 84 89
8 37 8 28 37
6 67 6 37 51 67
18 89 18 22 43 52 77 89
37 83 37 48 75 80 81 83
4 34 4 30 34
18 80 18 22 34 48 75 80
18 71 18 20 56 64 71
22 34 22 34
35 86 35 39 58 67 72 86
22 64 22 31 43 52 64
18 64 18 22 43 52 64
28 52 28 37 48 52
33 81 33 51 80 81
34 80 34 48 75 80
19 58 19 43 44 55 58
15 88 15 30 44 79 88
14 63 14 28 41 63
21 80 21 26 42 51 80
11 82 11 59 64 82
7 86 7 57 72 86
26 80 26 28 37 51 80
25 73 25 35 39 58 67 73
37 73 37 51 67 73
16 73 16 35 39 58 67 73
49 72 49 72
18 20 18 20
6 48 6 16 29 48
6 84 6 31 43 44 55 84
21 89 21 26 28 77 89
22 83 22 34 48 52 80 81 83
1 41 1 13 28 41
23 75 23 37 48 75
13 73 13 28 37 51 67 73
15 59 15 22 34 59
31 64 31 56 64
62 72 62 72
4 23 4 23
7 48 7 14 34 48
64 71 64 71
23 48 23 37 48
15 75 15 22 34 48 75
58 73 58 67 73
14 72 14 25 62 72
34 71 34 48 52 64 71
35 71 35 59 64 71
34 84 34 79 84
7 67 7 43 44 55 58 67
2 52 2 23 37 48 52
13 48 13 26 28 37 48
41 83 41 70 81 83
64 86 64 86
6 52 6 31 43 52
15 89 15 30 48 52 77 89
7 83 7 43 44 79 83
31 64 31 56 64
4 72 4 30 44 55 67 72
1 88 1 2 33 49 72 88
11 64 11 59 64
19 58 19 43 44 55 58
6 44 6 31 43 44
13 83 13 83
2 64 2 33 51 59 64
16 75 16 29 48 75
15 26 15 26
22 48 22 34 48
26 81 26 42 51 80 81
14 80 14 25 33 51 80
22 34 22 34
13 55 13 20 55
7 84 7 14 34 79 84
35 71 35 59 64 71
21 71 21 26 28 35 59 64 71
4 78 4 23 66 78
23 48 23 37 48
21 59 21 42 51 59
16 52 16 29 48 52
14 33 14 25 33
33 61 33 61
22 86 22 43 52 64 86
15 26 15 26
21 70 21 26 28 41 70
3 59 3 30 34 59
31 84 31 43 44 79 84
8 78 8 40 78
16 83 16 29 48 52 80 81 83
8 71 8 28 35 59 64 71
22 34 22 34
49 72 49 72
3 58 3 30 44 55 58
28 59 28 35 59
27 83 27 79 83
16 29 16 29
26 71 26 28 37 52 64 71
18 59 18 59
23 81 23 37 51 80 81
49 88 49 72 88
7 80 7 43 52 80
2 81 2 23 37 48 75 80 81
14 57 14 28 41 57
15 84 15 30 44 79 84
15 80 15 22 31 43 52 80
22 64 22 31 43 52 64
7 81 7 43 52 80 81
31 43 31 43
8 37 8 28 37
34 80 34 48 52 80
3 89 3 38 89
2 20 2 9 20
21 82 21 58 67 82
7 80 7 14 34 48 52 80
2 48 2 23 37 48
31 89 31 43 44 84 89
2 71 2 33 51 59 64 71
14 80 14 42 51 80
1 72 1 39 58 67 72
1 57 1 7 14 28 41 57
21 58 21 26 28 35 39 58
15 89 15 22 31 43 52 77 89
42 64 42 51 59 64
15 30 15 30
42 59 42 51 59
22 43 22 43
21 89 21 26 28 35 39 58 77 89
28 72 28 35 39 58 67 72
70 81 70 81
13 73 13 28 37 51 67 73
2 59 2 23 37 59
43 52 43 52
15 34 15 22 34
1 9 1 2 9
20 73 20 73
6 86 6 37 72 86
42 88 42 62 72 88
22 67 22 31 43 44 55 67
16 29 16 29
6 52 6 16 29 48 52
2 83 2 33 51 80 81 83
1 73 1 2 23 37 51 67 73
39 58 39 58
18 88 18 22 34 79 88
28 48 28 37 48
4 84 4 30 44 79 84
33 67 33 51 67
1 9 1 2 9
31 73 31 43 44 55 67 73
30 48 30 34 48
43 55 43 44 55
31 88 31 43 44 79 88
22 81 22 34 48 52 80 81
4 23 4 23
1 82 1 13 29 48 52 64 82
58 67 58 67
6 48 6 37 48
7 86 7 14 59 64 86
9 73 9 20 73
30 73 30 44 55 58 67 73
39 77 39 58 77
28 37 28 37
34 83 34 48 75 80 81 83
2 72 2 23 49 72
19 73 19 43 44 55 58 67 73
14 82 14 42 51 59 64 82
8 37 8 28 37
13 75 13 29 48 75
2 58 2 9 20 39 58
42 51 42 51
39 72 39 58 67 72
43 79 43 44 79
59 86 59 64 86
51 86 51 86
34 52 34 48 52
27 73 27 44 55 67 73
28 63 28 41 63
7 80 7 14 34 48 75 80
6 67 6 31 43 44 55 58 67
4 84 4 30 34 79 84
7 73 7 14 28 35 39 58 67 73
3 89 3 9 20 55 58 77 89
21 73 21 58 67 73
9 84 9 20 55 84
1 57 1 13 26 28 41 57
33 67 33 51 67
20 71 20 56 64 71
21 78 21 26 28 41 57 78
43 71 43 52 71
40 78 40 78
70 83 70 81 83
21 81 21 26 42 51 80 81
18 78 18 20 40 78
14 77 14 28 37 77
23 48 23 37 48
13 84 13 84
18 59 18 22 34 59
35 86 35 39 58 67 72 86
33 67 33 51 67
21 75 21 26 28 37 48 75
39 89 39 58 77 89
25 67 25 35 39 58 67
26 73 26 42 51 67 73
15 77 15 22 34 48 52 77
15 78 15 26 28 41 57 78
14 78 14 25 33 78
4 82 4 23 37 48 52 71 82
1 80 1 13 29 48 75 80
28 63 28 41 57 63
13 73 13 26 28 35 39 58 67 73
2 75 2 23 37 48 75
51 67 51 67
42 89 42 51 59 89
6 44 6 31 43 44
14 60 14 28 41 50 60
2 71 2 56 64 71
33 71 33 51 59 64 71
2 52 2 23 37 52
33 83 33 51 80 81 83
6 79 6 31 43 44 79
6 83 6 16 29 48 52 80 81 83
7 84 7 43 44 55 84
34 81 34 48 52 80 81
7 48 7 14 28 37 48
35 58 35 39 58
21 60 21 26 28 41 50 60
4 37 4 23 37
27 79 27 79
15 89 15 30 44 84 89
2 37 2 23 37
3 64 3 9 20 56 64
2 72 2 9 20 39 58 67 72
23 52 23 37 48 52
30 84 30 44 79 84
7 50 7 14 28 41 50
11 86 11 59 64 86
18 75 18 22 34 48 75
30 80 30 34 48 75 80
51 81 51 80 81
3 67 3 27 44 55 67
30 84 30 44 79 84
1 57 1 7 14 28 41 57
3 59 3 37 59
6 48 6 16 29 48
19 58 19 43 44 55 58
6 55 6 31 43 44 55
8 59 8 28 37 59
2 89 2 23 37 52 77 89
31 86 31 56 64 86
1 9 1 2 9
37 73 37 51 67 73
20 86 20 55 58 67 72 86
43 83 43 44 79 83
43 52 43 52
41 50 41 50
15 51 15 26 42 51
2 81 2 33 51 80 81
34 52 34 48 52
6 48 6 37 48
19 80 19 43 52 80
13 75 13 26 28 37 48 75
6 44 6 31 43 44
34 80 34 48 75 80
41 50 41 50
8 70 8 28 41 70
6 73 6 37 51 67 73
23 75 23 37 48 75
7 61 7 14 25 33 61
16 81 16 29 48 75 80 81
14 57 14 28 41 57
37 83 37 52 80 81 83
14 80 14 28 37 52 80
28 50 28 41 50
15 78 15 26 28 41 57 78
3 55 3 30 44 55
27 86 27 44 55 58 67 72 86
23 71 23 37 48 52 71
3 79 3 27 44 79
43 55 43 44 55
49 86 49 72 86
13 73 13 28 37 51 67 73
7 52 7 14 34 48 52
1 75 1 7 14 34 48 75
7 75 7 14 28 37 48 75
35 88 35 39 58 67 72 88
2 23 2 23
35 72 35 39 58 67 72
21 78 21 26 28 41 57 78
62 72 62 72
41 83 41 70 81 83
3 30 3 30
18 20 18 20
41 86 41 57 72 86
39 72 39 58 67 72
15 57 15 26 28 41 57
6 73 6 16 35 39 58 67 73
59 71 59 64 71
2 86 2 23 37 59 64 86
22 77 22 34 48 52 77
19 72 19 62 72
51 86 51 59 64 86
26 83 26 42 51 80 81 83
16 73 16 35 39 58 67 73
2 72 2 23 37 49 72
26 83 26 28 41 70 81 83
2 58 2 9 20 39 58
9 55 9 20 55
8 63 8 28 41 57 63
1 20 1 2 9 20
1 71 1 37 51 59 64 71
13 55 13 20 55
34 79 34 79
22 58 22 43 44 55 58
8 77 8 28 37 77
22 67 22 31 43 44 55 67
13 29 13 29
26 67 26 42 51 67
56 71 56 64 71
1 34 1 7 14 34
4 52 4 30 48 52
15 59 15 26 42 51 59
18 67 18 22 31 43 44 55 67
23 67 23 37 51 67
35 58 35 39 58
1 51 1 2 23 37 51
14 33 14 25 33
14 81 14 42 51 80 81
26 83 26 28 37 52 80 81 83
37 81 37 52 80 81
23 73 23 37 51 67 73
1 52 1 37 48 52
27 55 27 44 55
15 70 15 26 28 41 70
34 75 34 48 75
18 43 18 22 31 43
31 67 31 43 44 55 58 67
41 81 41 70 81
1 80 1 7 14 34 48 52 80
41 86 41 49 72 86
19 44 19 43 44
51 80 51 80
8 48 8 28 37 48
19 64 19 43 52 64
14 59 14 28 37 51 59
13 52 13 26 28 37 52
18 71 18 59 64 71
1 59 1 7 14 28 35 59
14 88 14 34 79 88
15 43 15 22 43
37 52 37 52
14 37 14 28 37
25 67 25 35 39 58 67
27 83 27 79 83
42 89 42 51 59 89
3 34 3 30 34
42 80 42 51 80
35 59 35 59
31 71 31 56 64 71
16 81 16 29 48 75 80 81
21 88 21 58 67 72 88
3 48 3 37 48
16 83 16 29 48 52 80 81 83
23 32 23 32
3 81 3 37 51 80 81
43 55 43 44 55
26 50 26 28 41 50
21 73 21 42 51 67 73
8 72 8 28 41 49 72
22 77 22 31 43 44 55 58 77
31 82 31 43 44 55 67 82
4 64 4 23 37 51 59 64
33 86 33 49 72 86
25 73 25 33 51 67 73
31 88 31 43 44 55 58 67 72 88
21 88 21 26 88
22 71 22 34 48 52 64 71
6 67 6 31 43 44 55 58 67
30 67 30 44 55 67
2 89 2 23 37 59 89
28 58 28 35 39 58
26 81 26 28 37 51 80 81
6 67 6 37 51 67
23 52 23 37 52
42 71 42 51 59 64 71
13 29 13 29
27 44 27 44
3 44 3 27 44
3 59 3 30 34 59
2 67 2 23 37 51 67
20 73 20 73
19 58 19 43 44 55 58
35 58 35 39 58
35 82 35 59 64 71 82
40 78 40 78
27 84 27 79 84
2 78 2 33 78
51 86 51 59 64 86
20 67 20 55 58 67
18 78 18 20 40 78
37 67 37 51 67
4 59 4 23 37 59
43 67 43 44 55 67
35 59 35 59
14 63 14 25 63
23 83 23 37 48 52 80 81 83
22 88 22 34 79 88
33 71 33 51 59 64 71
39 72 39 58 67 72
59 71 59 64 71
4 73 4 30 44 55 67 73
15 34 15 22 34
20 86 20 56 64 86
18 72 18 20 39 58 67 72
3 58 3 27 44 55 58
33 61 33 61
18 77 18 22 34 48 52 77
33 86 33 62 72 86
2 81 2 33 51 80 81
1 71 1 7 14 42 51 59 64 71
27 86 27 44 55 58 67 72 86
34 84 34 79 84
37 80 37 52 80
8 9 8 9
35 86 35 39 58 67 72 86
18 86 18 59 64 86
35 58 35 39 58
15 59 15 26 42 51 59
35 58 35 39 58
14 63 14 28 41 57 63
16 29 16 29
56 86 56 64 86
30 67 30 44 55 67
16 71 16 35 59 64 71
15 78 15 26 28 41 57 78
8 82 8 28 64 82
27 73 27 44 55 67 73
34 75 34 48 75
43 44 43 44
39 89 39 58 77 89
34 83 34 79 83
21 57 21 26 28 41 57
41 81 41 70 81
25 84 25 79 84
23 52 23 37 48 52
8 57 8 41 57
15 73 15 30 44 55 58 67 73
28 78 28 41 57 78
3 9 3 9
22 52 22 43 52
31 86 31 43 52 64 86
1 58 1 2 9 20 39 58
1 61 1 7 14 25 33 61
1 88 1 7 14 28 41 57 72 88
6 81 6 37 52 80 81
33 71 33 51 59 64 71
62 72 62 72
15 82 15 30 48 52 71 82
1 20 1 2 9 20
25 67 25 35 39 58 67
26 48 26 28 37 48
8 77 8 9 20 39 58 77
2 89 2 33 51 59 89
25 67 25 35 39 58 67
3 88 3 30 44 79 88
6 86 6 31 43 52 64 86
21 71 21 26 42 51 59 64 71
18 89 18 22 34 48 52 77 89
1 66 1 2 23 66
6 55 6 31 43 44 55
8 77 8 9 20 55 58 77
14 25 14 25
7 86 7 14 25 62 72 86
28 57 28 41 57
19 79 19 43 44 79
4 73 4 30 44 55 58 67 73
51 80 51 80
15 43 15 22 43
26 73 26 42 51 67 73
4 81 4 70 81
25 73 25 35 39 58 67 73
19 89 19 43 44 79 84 89
30 67 30 44 55 67
1 33 1 2 33
8 60 8 28 41 50 60
35 89 35 59 89
34 83 34 48 52 80 81 83
19 83 19 43 44 79 83
4 44 4 30 44
30 52 30 48 52
30 86 30 44 55 67 72 86
27 44 27 44
4 77 4 30 34 48 52 77
34 80 34 48 52 80
34 81 34 48 52 80 81
1 43 1 7 43
4 58 4 30 44 55 58
14 41 14 28 41
19 80 19 43 52 80
21 67 21 26 42 51 67
35 82 35 39 58 67 82
25 67 25 35 39 58 67
19 55 19 43 44 55
30 75 30 34 48 75
3 88 3 9 20 39 58 67 72 88
14 60 14 28 41 50 60
22 34 22 34
19 89 19 43 44 84 89
34 48 34 48
18 73 18 20 39 58 67 73
4 64 4 23 37 51 59 64
15 81 15 26 28 41 70 81
43 79 43 44 79
28 72 28 35 39 58 67 72
2 82 2 56 82
51 81 51 80 81
23 67 23 37 51 67
14 82 14 59 64 82
3 78 3 9 20 40 78
16 75 16 29 48 75
23 71 23 37 59 64 71
30 81 30 48 52 80 81
6 79 6 31 43 44 79
25 73 25 33 51 67 73
34 79 34 79
18 20 18 20
13 73 13 26 28 35 39 58 67 73
33 67 33 51 67
23 86 23 37 72 86
11 88 11 88
4 89 4 23 66 77 89
13 71 13 20 56 64 71
18 59 18 22 34 59
58 73 58 67 73
21 86 21 58 67 72 86
28 51 28 37 51
21 80 21 26 42 51 80
15 63 15 26 28 41 57 63
1 9 1 2 9
7 50 7 14 28 41 50
21 57 21 26 28 41 57
37 48 37 48
14 58 14 25 35 39 58
8 60 8 28 41 50 60
18 20 18 20
1 79 1 7 43 44 79
6 79 6 31 43 44 79
35 59 35 59
35 67 35 39 58 67
13 86 13 20 55 58 67 72 86
4 75 4 30 48 75
9 73 9 20 39 58 67 73
31 72 31 43 44 55 67 72
23 71 23 37 59 64 71
4 84 4 30 44 55 84
21 57 21 26 28 41 57
3 78 3 9 20 40 78
13 75 13 26 28 37 48 75
18 79 18 22 31 43 44 79
13 84 13 84
57 86 57 72 86
23 48 23 37 48
13 73 13 26 28 35 39 58 67 73
20 86 20 56 64 86
16 80 16 29 48 75 80
1 86 1 7 14 59 64 86
9 86 9 62 72 86
30 80 30 48 75 80
7 61 7 14 25 33 61
6 71 6 71
8 57 8 41 57
23 80 23 37 51 80
34 75 34 48 75
2 84 2 9 20 55 84
35 72 35 39 58 67 72
3 59 3 37 59
11 86 11 59 64 86
14 67 14 25 35 39 58 67
51 83 51 80 81 83
23 75 23 37 48 75
13 29 13 29
2 88 2 23 49 72 88
8 81 8 28 41 70 81
8 72 8 9 62 72
38 89 38 89
30 55 30 44 55
15 67 15 30 44 55 58 67
18 84 18 22 31 43 44 79 84
25 67 25 33 51 67
15 51 15 26 42 51
14 72 14 25 33 62 72
14 33 14 25 33
18 79 18 22 31 43 44 79
27 84 27 44 79 84
2 89 2 33 51 59 89
31 77 31 43 44 55 58 77
2 88 2 9 20 39 58 67 72 88
31 71 31 43 52 64 71
25 71 25 33 51 59 64 71
21 64 21 26 42 51 59 64
23 71 23 37 59 64 71
2 20 2 9 20
22 79 22 34 79
14 34 14 34
43 81 43 52 80 81
8 58 8 9 20 55 58
30 71 30 34 59 64 71
1 82 1 39 58 67 82
37 52 37 52
14 70 14 28 41 70
14 89 14 25 33 51 59 89
85 88 85 88
23 52 23 37 48 52
6 71 6 37 59 64 71
8 51 8 28 37 51
28 63 28 41 63
11 59 11 59
25 84 25 79 84
37 83 37 51 80 81 83
3 37 3 37
7 50 7 14 28 41 50
28 48 28 37 48
22 88 22 31 43 44 55 58 67 72 88
25 80 25 33 51 80
22 55 22 43 44 55
31 80 31 43 52 80
15 55 15 30 44 55
39 82 39 58 67 82
37 71 37 59 64 71
7 86 7 43 44 55 67 72 86
30 80 30 48 75 80
28 57 28 41 57
21 75 21 26 28 37 48 75
18 34 18 22 34
22 80 22 31 43 52 80
21 86 21 58 67 72 86
37 80 37 48 75 80
1 64 1 13 29 48 52 64
30 52 30 48 52
22 75 22 34 48 75
26 83 26 28 41 70 81 83
2 78 2 33 78
9 84 9 20 55 84
85 88 85 88
18 75 18 22 34 48 75
1 77 1 39 58 77
26 71 26 28 35 59 64 71
1 80 1 37 52 80
9 73 9 20 73
59 86 59 64 86
35 88 35 39 58 67 72 88
23 75 23 37 48 75
2 71 2 56 64 71
8 63 8 41 57 63
33 86 33 62 72 86
19 72 19 62 72
19 55 19 43 44 55
7 44 7 43 44
18 20 18 20
14 70 14 28 41 70
37 80 37 48 75 80
1 71 1 37 51 59 64 71
13 75 13 29 48 75
37 75 37 48 75
18 43 18 22 43
21 51 21 26 28 37 51
14 33 14 25 33
28 41 28 41
18 88 18 20 88
21 82 21 58 67 82
4 79 4 30 34 79
6 79 6 31 43 44 79
30 80 30 34 48 75 80
13 75 13 28 37 48 75
13 52 13 29 48 52
13 83 13 26 42 51 80 81 83
21 41 21 26 28 41
1 81 1 37 52 80 81
37 67 37 51 67
13 29 13 29
51 71 51 59 64 71
19 58 19 43 44 55 58
2 58 2 9 20 39 58
22 59 22 34 59
25 84 25 79 84
6 29 6 16 29
18 77 18 22 34 48 52 77
42 64 42 51 59 64
13 52 13 28 37 52
8 51 8 28 37 51
23 52 23 37 52
8 64 8 28 37 59 64
18 84 18 20 55 84
25 81 25 33 51 80 81
2 20 2 9 20
23 80 23 37 48 52 80
3 64 3 64
3 78 3 27 78
26 83 26 28 37 52 80 81 83
27 55 27 44 55
14 64 14 25 33 51 59 64
1 44 1 7 43 44
18 48 18 22 34 48
30 67 30 44 55 67
22 43 22 31 43
18 59 18 59
23 71 23 37 59 64 71
19 81 19 43 52 80 81
8 82 8 28 82
8 72 8 62 72
43 84 43 44 79 84
34 83 34 79 83
16 29 16 29
33 83 33 51 80 81 83
8 37 8 28 37
43 55 43 44 55
1 29 1 13 29
18 79 18 22 43 44 79
43 84 43 44 55 84
15 77 15 22 34 48 52 77
15 30 15 30
25 67 25 33 51 67
15 51 15 26 42 51
35 73 35 39 58 67 73
13 80 13 28 37 52 80
51 71 51 59 64 71
25 79 25 79
30 83 30 34 48 52 80 81 83
1 34 1 7 14 34
51 81 51 80 81
58 73 58 67 73
15 77 15 30 48 52 77
43 67 43 44 55 58 67
26 48 26 28 37 48
41 83 41 70 81 83
20 67 20 55 67
22 59 22 34 59
35 72 35 39 58 67 72
3 20 3 9 20
25 84 25 79 84
13 29 13 29
15 43 15 22 43
15 30 15 30
7 52 7 43 52
39 77 39 58 77
34 86 34 48 52 64 86
1 83 1 7 43 44 79 83
2 71 2 9 71
42 86 42 62 72 86
31 55 31 43 44 55
19 67 19 43 44 55 58 67
1 13 1 13
1 77 1 37 48 52 77
23 71 23 37 48 52 71
4 79 4 30 44 79
1 67 1 7 43 44 55 58 67
40 78 40 78
15 80 15 30 34 48 75 80
35 59 35 59
18 58 18 20 55 58
33 83 33 51 80 81 83
6 75 6 37 48 75
21 81 21 26 28 41 70 81
16 48 16 29 48
39 72 39 58 67 72
26 67 26 28 37 51 67
16 80 16 29 48 52 80
22 34 22 34
2 32 2 23 32
18 59 18 59
30 67 30 44 55 67
13 67 13 28 35 39 58 67
16 67 16 35 39 58 67
59 86 59 64 86
21 89 21 58 77 89
8 59 8 28 37 59
18 84 18 22 34 79 84
1 43 1 7 43
34 52 34 48 52
2 89 2 33 51 59 89
22 67 22 31 43 44 55 58 67
4 77 4 23 37 48 52 77
13 81 13 29 48 75 80 81
16 80 16 29 48 52 80
14 25 14 25
22 48 22 34 48
1 9 1 2 9
43 52 43 52
2 75 2 23 37 48 75
39 77 39 58 77
1 77 1 2 23 66 77
43 84 43 44 84
7 50 7 14 28 41 50
35 59 35 59
19 80 19 43 52 80
4 34 4 30 34
56 82 56 64 82
6 48 6 37 48
35 59 35 59
43 52 43 52
7 86 7 57 72 86
7 52 7 43 52
7 84 7 14 25 79 84
43 52 43 52
14 25 14 25
19 86 19 56 64 86
8 70 8 41 70
26 80 26 28 37 51 80
15 50 15 26 28 41 50
15 52 15 30 48 52
9 67 9 20 39 58 67
6 71 6 37 52 71
4 70 4 70
7 71 7 43 52 71
28 37 28 37
14 89 14 59 89
31 77 31 43 44 55 58 77
49 72 49 72
8 78 8 9 20 40 78
38 89 38 89
27 67 27 44 55 67
62 72 62 72
14 78 14 28 41 57 78
23 73 23 37 51 67 73
14 48 14 34 48
2 89 2 33 51 59 89
14 63 14 25 63
13 71 13 29 48 52 71
1 51 1 7 14 25 33 51
4 51 4 23 37 51
30 44 30 44
8 78 8 9 20 40 78
28 52 28 37 52
28 67 28 37 51 67
16 83 16 29 48 52 80 81 83
1 58 1 39 58
2 20 2 9 20
9 67 9 20 39 58 67
23 73 23 37 51 67 73
22 58 22 43 44 55 58
7 79 7 14 34 79
31 72 31 43 44 55 58 67 72
25 84 25 79 84
14 84 14 25 79 84
2 58 2 9 20 55 58
43 80 43 52 80
39 88 39 58 67 72 88
1 82 1 39 58 67 82
42 71 42 51 59 64 71
2 66 2 23 66
20 84 20 55 84
21 59 21 42 51 59
13 71 13 20 56 64 71
8 57 8 28 41 57
15 58 15 26 28 35 39 58
22 79 22 43 44 79
30 55 30 44 55
37 80 37 52 80
43 84 43 44 79 84
1 80 1 7 14 42 51 80
6 44 6 31 43 44
22 59 22 34 59
8 37 8 28 37
1 78 1 78
20 67 20 55 58 67
2 48 2 23 37 48
37 73 37 51 67 73
39 88 39 58 67 72 88
51 73 51 67 73
72 86 72 86
15 34 15 22 34
8 70 8 28 41 70
15 51 15 26 42 51
26 50 26 28 41 50
43 44 43 44
23 75 23 37 48 75
18 20 18 20
31 73 31 43 44 55 58 67 73
28 77 28 77
13 83 13 83
19 72 19 62 72
43 52 43 52
14 83 14 28 37 52 80 81 83
6 75 6 37 48 75
13 52 13 26 28 37 48 52
33 83 33 51 80 81 83
15 80 15 26 28 37 51 80
41 81 41 70 81
4 72 4 30 44 55 67 72
51 80 51 80
34 52 34 48 52
20 67 20 55 67
16 75 16 29 48 75
23 75 23 37 48 75
4 23 4 23
18 88 18 22 34 79 88
28 89 28 37 48 52 77 89
23 66 23 66
6 71 6 37 48 52 64 71
14 89 14 42 51 59 89
1 63 1 13 28 41 57 63
9 55 9 20 55
3 59 3 37 59
28 58 28 35 39 58
14 89 14 34 79 84 89
43 55 43 44 55
15 82 15 30 48 75 82
25 86 25 33 49 72 86
33 73 33 51 67 73
8 41 8 41
1 48 1 2 23 37 48
30 79 30 34 79
8 51 8 28 37 51
43 84 43 44 84
27 73 27 44 55 67 73
13 29 13 29
14 61 14 25 33 61
7 84 7 43 44 79 84
51 71 51 59 64 71
9 86 9 62 72 86
43 52 43 52
6 71 6 31 43 52 71
15 64 15 26 28 37 51 59 64
1 75 1 37 48 75
8 86 8 9 20 55 58 67 72 86
13 83 13 26 42 51 80 81 83
15 55 15 30 44 55
57 86 57 72 86
31 88 31 43 44 79 88
8 67 8 9 20 55 67
42 72 42 51 67 72
28 63 28 41 63
7 52 7 14 28 37 52
30 52 30 34 48 52
30 80 30 48 52 80
51 86 51 59 64 86
18 64 18 59 64
15 63 15 26 28 41 57 63
23 52 23 37 52
28 72 28 41 49 72
4 55 4 30 44 55
37 67 37 51 67
1 82 1 2 82
42 72 42 51 67 72
3 37 3 37
18 72 18 20 55 58 67 72
41 81 41 70 81
28 71 28 35 59 64 71
14 89 14 34 79 84 89
34 83 34 48 52 80 81 83
23 32 23 32
43 80 43 52 80
15 26 15 26
30 44 30 44
22 59 22 34 59
15 73 15 26 42 51 67 73
43 81 43 52 80 81
21 89 21 26 28 77 89
4 23 4 23
7 83 7 43 52 80 81 83
2 33 2 33
19 86 19 62 72 86
7 67 7 14 25 33 51 67
15 77 15 22 34 48 52 77
15 43 15 22 43
6 67 6 31 43 44 55 67
15 51 15 26 28 37 51
8 63 8 41 63
8 64 8 28 64
57 86 57 72 86
21 57 21 26 28 41 57
4 82 4 30 44 55 67 82
14 73 14 42 51 67 73
15 79 15 30 34 79
9 67 9 20 55 67
33 86 33 51 86
6 52 6 16 29 48 52
8 70 8 28 41 70
58 86 58 67 72 86
14 70 14 28 41 70
25 61 25 33 61
15 63 15 26 28 41 57 63
1 60 1 13 28 41 50 60
18 59 18 22 34 59
23 81 23 37 51 80 81
51 71 51 59 64 71
15 78 15 26 28 41 57 78
27 44 27 44
22 72 22 31 43 44 55 58 67 72
56 86 56 64 86
21 80 21 26 28 37 51 80
15 78 15 26 28 41 57 78
4 55 4 30 44 55
21 86 21 42 62 72 86
8 81 8 41 70 81
4 78 4 23 66 78
59 86 59 64 86
7 48 7 14 28 37 48
8 72 8 41 49 72
49 88 49 72 88
43 67 43 44 55 58 67
25 84 25 79 84
7 80 7 14 34 48 52 80
43 79 43 44 79
21 63 21 26 28 41 57 63
28 52 28 37 48 52
2 66 2 23 66
14 41 14 28 41
18 82 18 22 43 44 55 58 67 82
18 72 18 22 31 43 44 55 58 67 72
59 86 59 64 86
42 89 42 51 59 89
34 75 34 48 75
9 84 9 20 55 84
15 71 15 30 34 59 64 71
22 71 22 34 48 52 71
26 50 26 28 41 50
22 58 22 43 44 55 58
1 34 1 7 14 34
13 75 13 26 28 37 48 75
7 75 7 14 34 48 75
2 89 2 23 66 77 89
43 73 43 44 55 67 73
9 84 9 20 55 84
9 55 9 20 55
3 77 3 9 20 39 58 77
19 89 19 38 89
31 88 31 43 44 55 67 72 88
7 84 7 43 44 79 84
1 78 1 2 78
16 29 16 29
16 75 16 29 48 75
6 86 6 31 56 64 86
43 52 43 52
33 80 33 51 80
1 23 1 2 23
2 67 2 23 37 51 67
43 81 43 52 80 81
4 70 4 70
22 83 22 34 79 83
1 13 1 13
22 71 22 31 43 52 64 71
33 71 33 51 59 64 71
3 89 3 9 20 55 58 77 89
51 83 51 80 81 83
16 71 16 29 48 52 64 71
8 71 8 9 20 56 64 71
7 52 7 43 52
3 81 3 37 48 52 80 81
1 43 1 7 43
28 48 28 37 48
25 67 25 35 39 58 67
1 81 1 37 52 80 81
28 73 28 37 51 67 73
9 71 9 20 56 64 71
35 86 35 59 64 86
8 77 8 9 20 39 58 77
25 84 25 79 84
27 44 27 44
37 86 37 51 67 72 86
9 73 9 20 55 67 73
16 71 16 35 59 64 71
6 75 6 37 48 75
25 80 25 33 51 80
9 73 9 20 39 58 67 73
14 78 14 28 41 57 78
1 75 1 2 23 37 48 75
6 84 6 31 43 44 55 84
1 71 1 7 14 25 33 51 59 64 71
19 77 19 43 52 77
31 84 31 43 44 55 84
39 86 39 58 67 72 86
41 81 41 70 81
31 89 31 43 44 79 84 89
28 71 28 35 59 64 71
18 71 18 59 64 71
70 81 70 81
8 86 8 28 35 59 64 86
14 41 14 28 41
14 84 14 25 79 84
8 70 8 41 70
25 61 25 33 61
56 64 56 64
20 67 20 55 58 67
2 71 2 33 51 59 64 71
14 70 14 28 41 70
21 57 21 26 28 41 57
31 83 31 43 52 80 81 83
25 61 25 33 61
6 55 6 31 43 44 55
14 88 14 25 85 88
25 80 25 33 51 80
43 71 43 52 71
42 82 42 51 67 82
6 79 6 31 43 44 79
21 88 21 58 67 72 88
7 86 7 57 72 86
8 78 8 9 20 40 78
42 72 42 51 67 72
28 82 28 41 57 82
22 77 22 31 43 52 77
7 71 7 14 25 35 59 64 71
7 61 7 14 25 33 61
21 89 21 58 77 89
13 50 13 26 28 41 50
4 34 4 30 34
28 82 28 35 39 58 67 82
39 88 39 58 67 72 88
19 44 19 43 44
37 81 37 48 75 80 81
1 52 1 13 28 37 52
42 86 42 51 59 64 86
1 37 1 37
30 81 30 48 75 80 81
21 82 21 58 67 82
8 88 8 28 35 39 58 67 72 88
8 50 8 41 50
8 37 8 28 37
37 86 37 72 86
2 33 2 33
16 48 16 29 48
3 20 3 9 20
31 72 31 43 44 55 67 72
7 86 7 62 72 86
33 73 33 51 67 73
13 83 13 83
30 84 30 34 79 84
39 82 39 58 67 82
20 55 20 55
1 66 1 2 23 66
8 82 8 28 64 82
35 72 35 39 58 67 72
28 70 28 41 70
26 48 26 28 37 48
42 86 42 62 72 86
13 80 13 26 42 51 80
35 82 35 59 64 82
31 81 31 43 52 80 81
6 73 6 31 43 44 55 67 73
8 78 8 28 41 57 78
14 58 14 28 35 39 58
16 83 16 29 48 75 80 81 83
7 75 7 14 34 48 75
15 82 15 22 34 59 64 71 82
22 44 22 31 43 44
42 59 42 51 59
27 84 27 44 79 84
19 84 19 43 44 84
26 50 26 28 41 50
11 82 11 59 64 71 82
15 82 15 22 34 59 64 82
22 71 22 31 43 52 71
42 73 42 51 67 73
8 37 8 28 37
40 78 40 78
1 59 1 2 23 37 59
30 83 30 44 79 83
18 82 18 59 64 71 82
6 52 6 31 43 52
35 77 35 39 58 77
21 41 21 26 28 41
34 81 34 48 75 80 81
13 52 13 28 37 52
25 73 25 35 39 58 67 73
3 34 3 30 34
1 70 1 7 14 28 41 70
8 55 8 9 20 55
9 73 9 20 55 67 73
31 86 31 43 44 55 67 72 86
37 52 37 52
28 72 28 35 39 58 67 72
13 73 13 26 42 51 67 73
20 73 20 55 67 73
31 64 31 56 64
6 81 6 31 43 52 80 81
6 44 6 31 43 44
6 79 6 31 43 44 79
1 77 1 39 58 77
8 77 8 9 20 55 58 77
30 71 30 48 52 64 71
22 83 22 34 79 83
21 58 21 58
16 73 16 35 39 58 67 73
40 78 40 78
4 48 4 30 34 48
8 81 8 28 37 52 80 81
41 83 41 70 81 83
6 79 6 31 43 44 79
2 89 2 33 51 59 89
51 86 51 59 64 86
35 58 35 39 58
38 89 38 89
31 89 31 43 44 79 84 89
7 81 7 14 25 33 51 80 81
16 75 16 29 48 75
1 89 1 39 58 77 89
15 51 15 26 42 51
22 82 22 34 59 64 71 82
35 89 35 59 89
7 80 7 43 52 80
13 48 13 29 48
23 80 23 37 51 80
25 80 25 33 51 80
34 52 34 48 52
8 82 8 41 70 82
2 66 2 23 66
25 86 25 33 51 59 64 86
3 80 3 30 48 75 80
56 86 56 64 86
31 88 31 43 44 79 88
37 52 37 52
15 60 15 26 28 41 50 60
39 77 39 58 77
19 71 19 43 52 64 71
18 67 18 20 39 58 67
3 79 3 27 44 79
14 79 14 25 79
31 64 31 56 64
34 86 34 48 52 64 86
43 55 43 44 55
19 82 19 56 64 82
27 55 27 44 55
51 81 51 80 81
26 67 26 28 37 51 67
8 63 8 28 41 63
4 81 4 30 48 52 80 81
16 83 16 29 48 75 80 81 83
14 64 14 59 64
3 51 3 37 51
4 30 4 30
31 67 31 43 44 55 58 67
34 84 34 79 84
34 71 34 48 52 71
14 33 14 25 33
42 83 42 51 80 81 83
30 52 30 48 52
59 86 59 64 86
18 77 18 22 43 52 77
16 73 16 35 39 58 67 73
14 52 14 34 48 52
33 81 33 51 80 81
70 83 70 81 83
37 67 37 51 67
49 88 49 72 88
31 72 31 43 44 55 67 72
41 50 41 50
4 52 4 30 48 52
39 72 39 58 67 72
14 25 14 25
1 89 1 2 33 51 59 89
13 83 13 26 28 41 70 81 83
4 66 4 23 66
21 75 21 26 28 37 48 75
15 34 15 30 34
2 61 2 33 61
19 84 19 43 44 84
31 84 31 43 44 79 84
23 73 23 37 51 67 73
58 73 58 67 73
1 26 1 13 26
2 73 2 23 37 51 67 73
34 52 34 48 52
28 80 28 37 51 80
6 44 6 31 43 44
8 89 8 28 77 89
2 73 2 33 51 67 73
33 80 33 51 80
23 66 23 66
7 48 7 14 28 37 48
8 73 8 9 20 73
25 61 25 33 61
7 86 7 64 86
28 75 28 37 48 75
14 59 14 42 51 59
3 78 3 9 20 40 78
4 30 4 30
57 86 57 72 86
18 77 18 22 34 48 52 77
14 78 14 28 41 57 78
22 88 22 31 43 44 55 67 72 88
18 44 18 22 43 44
4 89 4 23 37 48 52 77 89
37 71 37 51 59 64 71
30 48 30 48
15 89 15 30 48 52 77 89
3 78 3 9 20 40 78
8 89 8 9 20 39 58 77 89
23 67 23 37 51 67
8 59 8 28 37 51 59
8 84 8 9 20 55 84
23 83 23 37 52 80 81 83
15 67 15 26 42 51 67
1 29 1 13 29
43 71 43 52 71
13 55 13 20 55
43 80 43 52 80
35 88 35 39 58 67 72 88
11 89 11 59 89
4 89 4 23 37 77 89
6 71 6 31 43 52 71
3 75 3 30 34 48 75
21 89 21 26 28 77 89
14 82 14 34 59 64 82
13 86 13 29 48 52 64 86
14 37 14 28 37
8 84 8 9 20 55 84
23 67 23 37 51 67
15 59 15 22 34 59
13 52 13 26 28 37 52
8 86 8 41 57 72 86
25 71 25 35 59 64 71
28 73 28 37 51 67 73
16 73 16 35 39 58 67 73
30 44 30 44
64 71 64 71
13 29 13 29
30 44 30 44
15 44 15 30 44
13 86 13 28 41 49 72 86
26 86 26 42 62 72 86
18 55 18 20 55
14 71 14 34 48 52 64 71
37 81 37 52 80 81
30 67 30 44 55 67
51 73 51 67 73
16 73 16 35 39 58 67 73
4 64 4 30 34 48 52 64
15 70 15 26 28 41 70
26 67 26 28 37 51 67
7 83 7 43 52 80 81 83
18 77 18 22 34 48 52 77
34 84 34 79 84
16 75 16 29 48 75
33 80 33 51 80
6 67 6 37 51 67
49 72 49 72
28 88 28 41 57 72 88
22 67 22 31 43 44 55 58 67
30 52 30 48 52
25 86 25 62 72 86
7 61 7 14 25 33 61
23 48 23 37 48
3 64 3 37 51 59 64
1 55 1 7 43 44 55
31 55 31 43 44 55
11 89 11 59 89
13 71 13 26 28 64 71
18 77 18 20 39 58 77
15 67 15 22 31 43 44 55 67
21 37 21 26 28 37
2 55 2 9 20 55
1 61 1 7 14 25 33 61
1 37 1 2 23 37
14 71 14 25 35 59 64 71
28 59 28 37 59
18 34 18 22 34
27 73 27 44 55 58 67 73
14 71 14 59 64 71
3 86 3 37 59 64 86
28 60 28 41 50 60
18 84 18 22 34 79 84
6 81 6 37 52 80 81
1 75 1 37 48 75
43 86 43 44 55 67 72 86
13 52 13 28 37 52
37 73 37 51 67 73
8 58 8 28 35 39 58
15 52 15 30 34 48 52
7 48 7 14 28 37 48
25 86 25 33 49 72 86
15 67 15 26 28 37 51 67
6 86 6 16 86
2 89 2 23 66 77 89
35 88 35 39 58 67 72 88
6 55 6 31 43 44 55
2 83 2 23 37 52 80 81 83
8 58 8 9 20 39 58
3 72 3 27 44 55 67 72
9 86 9 62 72 86
15 30 15 30
4 52 4 23 37 48 52
2 88 2 9 20 39 58 67 72 88
18 75 18 22 34 48 75
4 89 4 23 66 77 89
16 67 16 35 39 58 67
4 82 4 70 82
18 81 18 22 34 48 52 80 81
34 86 34 59 64 86
14 34 14 34
14 86 14 42 51 86
8 63 8 28 41 63
2 80 2 33 51 80
16 71 16 29 48 52 71
33 86 33 51 86
1 13 1 13
8 77 8 28 35 39 58 77
27 79 27 44 79
1 57 1 13 26 28 41 57
4 81 4 70 81
34 83 34 48 52 80 81 83
4 58 4 30 44 55 58
16 71 16 35 59 64 71
1 51 1 7 14 42 51
22 83 22 43 52 80 81 83
28 80 28 37 52 80
13 80 13 29 48 52 80
42 89 42 51 59 89
28 78 28 41 57 78
8 64 8 28 35 59 64
7 44 7 43 44
3 55 3 30 44 55
18 89 18 59 89
15 37 15 26 28 37
26 71 26 42 51 59 64 71
28 63 28 41 63
13 73 13 28 35 39 58 67 73
3 79 3 27 79
21 60 21 26 28 41 50 60
26 75 26 28 37 48 75
21 82 21 26 42 51 59 64 82
19 86 19 43 52 64 86
18 59 18 22 34 59
7 50 7 14 28 41 50
21 64 21 42 51 59 64
15 48 15 22 34 48
14 58 14 25 35 39 58
34 79 34 79
15 89 15 30 48 52 77 89
2 75 2 23 37 48 75
14 72 14 25 33 62 72
3 88 3 9 20 39 58 67 72 88
30 81 30 48 75 80 81
2 64 2 33 51 59 64
31 52 31 43 52
8 86 8 28 64 86
42 80 42 51 80
26 48 26 28 37 48
28 82 28 82
15 70 15 26 28 41 70
22 88 22 43 44 79 88
21 86 21 26 42 62 72 86
8 60 8 41 50 60
26 80 26 42 51 80
1 75 1 37 48 75
37 52 37 52
39 82 39 58 67 82
15 44 15 30 44
31 44 31 43 44
15 78 15 26 28 41 57 78
33 81 33 51 80 81
25 71 25 33 51 59 64 71
4 80 4 23 37 52 80
13 52 13 26 28 37 52
16 83 16 29 48 52 80 81 83
33 83 33 51 80 81 83
8 72 8 9 20 55 58 67 72
1 58 1 13 26 28 35 39 58
1 64 1 7 43 52 64
58 73 58 67 73
34 75 34 48 75
8 51 8 28 37 51
15 89 15 30 44 79 84 89
42 89 42 51 59 89
4 58 4 30 44 55 58
28 41 28 41
3 72 3 37 49 72
21 41 21 26 28 41
3 67 3 27 44 55 67
7 67 7 14 28 35 39 58 67
51 67 51 67
33 67 33 51 67
39 58 39 58
14 67 14 42 51 67
2 66 2 23 66
22 34 22 34
30 83 30 34 48 52 80 81 83
33 67 33 51 67
7 50 7 14 28 41 50
15 63 15 26 28 41 57 63
4 82 4 23 37 59 64 82
57 86 57 72 86
20 55 20 55
3 48 3 37 48
37 75 37 48 75
14 33 14 25 33
40 78 40 78
13 80 13 28 37 52 80
3 59 3 30 34 59
2 89 2 33 51 59 89
20 71 20 56 64 71
26 86 26 28 41 49 72 86
27 67 27 44 55 58 67
31 86 31 56 64 86
7 55 7 43 44 55
18 83 18 22 34 48 52 80 81 83
15 58 15 22 31 43 44 55 58
11 64 11 59 64
27 83 27 79 83
18 84 18 20 55 84
8 72 8 28 35 39 58 67 72
22 48 22 34 48
15 77 15 22 34 48 52 77
51 86 51 67 72 86
8 58 8 28 35 39 58
1 63 1 13 26 28 41 57 63
3 48 3 37 48
18 82 18 22 43 44 55 58 67 82
7 73 7 43 44 55 58 67 73
23 83 23 37 48 75 80 81 83
43 81 43 52 80 81
4 66 4 23 66
15 34 15 30 34
72 86 72 86
21 58 21 26 28 35 39 58
7 61 7 14 25 33 61
43 80 43 52 80
15 30 15 30
43 80 43 52 80
28 57 28 41 57
28 80 28 37 52 80
15 64 15 30 34 48 52 64
8 81 8 28 37 52 80 81
3 86 3 64 86
37 48 37 48
16 29 16 29
4 52 4 30 34 48 52
62 88 62 72 88
13 50 13 28 41 50
18 81 18 22 34 48 52 80 81
62 72 62 72
43 80 43 52 80
19 73 19 43 44 55 67 73
6 81 6 31 43 52 80 81
33 81 33 51 80 81
33 83 33 51 80 81 83
28 75 28 37 48 75
21 72 21 26 42 62 72
51 83 51 80 81 83
6 52 6 37 48 52
28 82 28 41 50 82
43 84 43 44 55 84
28 88 28 37 48 75 88
19 71 19 56 64 71
3 84 3 9 20 55 84
14 41 14 28 41
35 67 35 39 58 67
22 89 22 43 44 84 89
1 78 1 78
7 55 7 43 44 55
8 84 8 9 20 55 84
6 81 6 31 43 52 80 81
18 89 18 20 55 58 77 89
30 79 30 44 79
22 75 22 34 48 75
15 55 15 30 44 55
9 67 9 20 55 58 67
27 67 27 44 55 67
15 89 15 26 28 35 59 89
18 82 18 20 39 58 67 82
56 64 56 64
13 81 13 28 41 70 81
4 59 4 30 34 59
28 64 28 37 51 59 64
35 82 35 39 58 67 82
21 50 21 26 28 41 50
30 81 30 48 75 80 81
22 43 22 43
22 82 22 34 59 64 71 82
2 82 2 56 82
26 83 26 42 51 80 81 83
23 83 23 37 51 80 81 83
39 67 39 58 67
8 20 8 9 20
7 52 7 14 34 48 52
7 79 7 43 44 79
19 72 19 43 44 55 58 67 72
6 75 6 37 48 75
26 75 26 28 37 48 75
15 84 15 30 44 79 84
13 84 13 84
18 67 18 22 43 44 55 58 67
15 58 15 26 28 35 39 58
34 83 34 79 83
1 50 1 13 26 28 41 50
42 51 42 51
6 80 6 37 51 80
18 43 18 22 43
15 51 15 26 42 51
28 58 28 35 39 58
3 52 3 30 34 48 52
23 73 23 37 51 67 73
43 71 43 52 64 71
41 81 41 70 81
15 79 15 30 34 79
1 34 1 7 14 34
23 48 23 37 48
15 67 15 22 31 43 44 55 67
35 73 35 39 58 67 73
51 81 51 80 81
7 83 7 43 44 79 83
37 48 37 48
4 44 4 30 44
8 81 8 28 41 70 81
22 59 22 34 59
4 84 4 30 44 55 84
2 64 2 9 20 56 64
42 64 42 51 59 64
16 29 16 29
13 84 13 20 55 84
14 59 14 25 33 51 59
16 48 16 29 48
9 84 9 20 55 84
23 80 23 37 52 80
2 32 2 23 32
18 20 18 20
8 63 8 41 63
2 83 2 23 37 52 80 81 83
64 71 64 71
15 26 15 26
19 72 19 62 72
7 75 7 14 34 48 75
18 72 18 22 31 43 44 55 58 67 72
15 60 15 26 28 41 50 60
2 77 2 23 66 77
15 70 15 26 28 41 70
25 61 25 33 61
15 48 15 26 28 37 48
1 88 1 2 23 37 48 75 88
1 55 1 2 9 20 55
16 86 16 86
22 72 22 43 44 55 67 72
28 63 28 41 63
21 70 21 26 28 41 70
1 75 1 37 48 75
34 79 34 79
22 58 22 31 43 44 55 58
19 64 19 43 52 64
18 75 18 22 34 48 75
31 79 31 43 44 79
13 75 13 28 37 48 75
15 26 15 26
8 75 8 28 37 48 75
7 80 7 14 25 33 51 80
7 83 7 14 34 79 83
16 67 16 35 39 58 67
4 84 4 30 34 79 84
16 48 16 29 48
3 37 3 37
31 80 31 43 52 80
33 86 33 51 59 64 86
70 83 70 81 83
2 80 2 33 51 80
6 75 6 37 48 75
35 73 35 39 58 67 73
16 80 16 29 48 75 80
21 26 21 26
8 71 8 9 71
20 73 20 39 58 67 73
43 81 43 52 80 81
37 71 37 59 64 71
35 77 35 39 58 77
16 80 16 29 48 52 80
4 67 4 30 44 55 67
21 72 21 26 28 35 39 58 67 72
42 67 42 51 67
21 48 21 26 28 37 48
39 88 39 58 67 72 88
1 63 1 7 57 63
13 29 13 29
14 84 14 34 79 84
16 86 16 35 59 64 86
1 57 1 13 26 28 41 57
3 83 3 37 48 75 80 81 83
43 71 43 52 64 71
14 82 14 34 48 52 64 71 82
14 73 14 28 37 51 67 73
14 89 14 25 79 84 89
13 73 13 28 35 39 58 67 73
26 83 26 28 37 51 80 81 83
14 71 14 25 35 59 64 71
1 44 1 7 43 44
33 83 33 51 80 81 83
4 32 4 23 32
4 59 4 23 37 51 59
8 72 8 41 49 72
85 88 85 88
33 81 33 51 80 81
18 73 18 22 31 43 44 55 67 73
7 73 7 43 44 55 58 67 73
4 59 4 30 34 59
27 44 27 44
22 67 22 31 43 44 55 67
4 58 4 30 44 55 58
31 58 31 43 44 55 58
30 79 30 44 79
16 48 16 29 48
14 58 14 25 35 39 58
31 80 31 43 52 80
14 59 14 25 33 51 59
6 75 6 37 48 75
4 59 4 23 37 51 59
1 25 1 7 14 25
8 77 8 28 37 77
13 55 13 20 55
15 52 15 22 34 48 52
6 80 6 16 29 48 52 80
19 43 19 43
4 32 4 23 32
26 67 26 42 51 67
25 71 25 33 51 59 64 71
34 75 34 48 75
14 37 14 28 37
20 84 20 55 84
3 71 3 9 71
6 44 6 31 43 44
16 71 16 29 48 52 64 71
15 48 15 30 34 48
14 75 14 28 37 48 75
1 82 1 13 26 42 51 59 64 71 82
42 73 42 51 67 73
16 67 16 35 39 58 67
25 83 25 33 51 80 81 83
34 75 34 48 75
28 59 28 37 51 59
70 81 70 81
41 83 41 70 81 83
37 83 37 48 52 80 81 83
2 66 2 23 66
43 55 43 44 55
2 64 2 23 37 48 52 64
4 72 4 30 44 55 58 67 72
13 86 13 28 41 49 72 86
28 77 28 37 52 77
3 34 3 30 34
21 80 21 26 28 37 52 80
8 48 8 28 37 48
30 81 30 34 48 75 80 81
56 82 56 64 82
4 58 4 30 44 55 58
16 52 16 29 48 52
33 67 33 51 67
25 79 25 79
35 58 35 39 58
18 64 18 20 56 64
33 67 33 51 67
8 37 8 28 37
37 67 37 51 67
23 81 23 37 48 52 80 81
22 88 22 43 44 79 88
8 20 8 9 20
22 73 22 43 44 55 58 67 73
23 80 23 37 48 52 80
22 72 22 43 44 55 67 72
2 89 2 33 51 59 89
31 43 31 43
31 86 31 56 64 86
16 83 16 29 48 52 80 81 83
27 83 27 44 79 83
18 34 18 22 34
1 43 1 7 43
33 86 33 62 72 86
59 71 59 64 71
4 64 4 30 34 48 52 64
6 52 6 16 29 48 52
13 52 13 26 28 37 48 52
7 67 7 43 44 55 58 67
4 66 4 23 66
2 82 2 56 82
23 67 23 37 51 67
28 72 28 37 51 67 72
7 52 7 14 34 48 52
16 71 16 29 48 52 71
31 73 31 43 44 55 58 67 73
21 82 21 58 67 82
22 64 22 31 43 52 64
22 77 22 43 44 55 58 77
18 82 18 20 39 58 67 82
23 71 23 37 48 52 71
7 81 7 14 34 48 75 80 81
30 48 30 48
37 52 37 52
51 80 51 80
16 83 16 29 48 52 80 81 83
30 52 30 48 52
26 48 26 28 37 48
14 41 14 28 41
37 67 37 51 67
43 81 43 52 80 81
6 44 6 31 43 44
34 81 34 48 75 80 81
2 37 2 23 37
8 71 8 9 71
34 79 34 79
23 75 23 37 48 75
1 60 1 7 14 28 41 50 60
26 50 26 28 41 50
21 52 21 26 28 37 52
16 80 16 29 48 52 80
18 89 18 22 34 59 89
31 84 31 43 44 79 84
34 48 34 48
15 43 15 22 43
1 66 1 2 23 66
34 86 34 48 52 64 86
40 78 40 78
23 48 23 37 48
7 50 7 14 28 41 50
43 71 43 52 64 71
21 26 21 26
1 71 1 7 64 71
39 88 39 58 67 72 88
23 48 23 37 48
21 72 21 58 67 72
6 44 6 31 43 44
64 71 64 71
15 82 15 22 31 56 64 71 82
1 63 1 7 14 28 41 57 63
43 84 43 44 79 84
3 83 3 27 79 83
1 75 1 2 23 37 48 75
28 41 28 41
3 58 3 30 44 55 58
26 71 26 42 51 59 64 71
8 41 8 28 41
14 59 14 34 59
23 73 23 37 51 67 73
34 75 34 48 75
25 73 25 35 39 58 67 73
72 86 72 86
1 60 1 13 26 28 41 50 60
27 84 27 44 79 84
22 55 22 31 43 44 55
19 84 19 43 44 55 84
19 72 19 62 72
3 51 3 37 51
20 71 20 56 64 71
6 29 6 16 29
7 44 7 43 44
15 70 15 26 28 41 70
3 82 3 30 34 59 64 71 82
41 83 41 70 81 83
21 59 21 26 42 51 59
43 71 43 52 71
26 67 26 28 37 51 67
8 48 8 28 37 48
1 84 1 7 14 34 79 84
37 67 37 51 67
4 66 4 23 66
26 48 26 28 37 48
14 37 14 28 37
1 78 1 7 14 25 40 78
18 83 18 22 34 48 52 80 81 83
18 82 18 59 64 71 82
7 48 7 14 34 48
22 71 22 34 48 52 64 71
15 78 15 26 28 41 57 78
2 88 2 9 62 72 88
85 88 85 88
14 63 14 25 63
42 72 42 62 72
8 58 8 28 35 39 58
18 79 18 22 34 79
22 72 22 43 44 55 58 67 72
3 75 3 30 34 48 75
38 89 38 89
15 50 15 26 28 41 50
14 59 14 42 51 59
11 71 11 59 64 71
38 89 38 89
31 43 31 43
19 73 19 43 44 55 67 73
37 48 37 48
30 67 30 44 55 67
16 75 16 29 48 75
27 55 27 44 55
23 67 23 37 51 67
21 73 21 58 67 73
2 71 2 9 20 56 64 71
7 61 7 14 25 33 61
15 30 15 30
14 70 14 28 41 70
13 55 13 20 55
13 67 13 28 37 51 67
15 52 15 30 48 52
15 89 15 26 42 51 59 89
8 67 8 28 37 51 67
27 67 27 44 55 67
38 89 38 89
20 84 20 55 84
39 72 39 58 67 72
31 43 31 43
9 71 9 20 56 64 71
62 86 62 72 86
1 43 1 7 43
25 73 25 33 51 67 73
26 83 26 28 37 52 80 81 83
18 58 18 22 31 43 44 55 58
4 88 4 23 37 51 67 72 88
1 23 1 2 23
14 60 14 28 41 50 60
34 84 34 79 84
15 64 15 30 34 48 52 64
15 59 15 30 34 59
28 81 28 37 48 75 80 81
14 70 14 28 41 70
7 81 7 14 42 51 80 81
39 89 39 58 77 89
6 86 6 37 72 86
4 72 4 49 72
30 52 30 48 52
13 48 13 26 28 37 48
28 41 28 41
9 86 9 62 72 86
49 72 49 72
16 73 16 35 39 58 67 73
3 81 3 37 48 75 80 81
9 84 9 20 55 84
13 73 13 28 35 39 58 67 73
28 50 28 41 50
7 84 7 43 44 55 84
2 73 2 33 51 67 73
3 64 3 30 48 52 64
8 77 8 9 20 55 58 77
28 51 28 37 51
42 88 42 51 67 72 88
4 37 4 23 37
13 86 13 26 42 62 72 86
7 79 7 14 25 79
49 72 49 72
23 52 23 37 48 52
22 34 22 34
1 71 1 7 43 52 71
27 79 27 79
51 73 51 67 73
3 79 3 27 44 79
70 83 70 81 83
21 60 21 26 28 41 50 60
14 75 14 34 48 75
13 52 13 26 28 37 52
33 61 33 61
7 83 7 43 44 79 83
22 77 22 34 48 52 77
30 83 30 44 79 83
30 73 30 44 55 67 73
1 51 1 37 51
18 72 18 22 43 44 55 67 72
14 34 14 34
31 72 31 43 44 55 67 72
20 73 20 73
25 67 25 33 51 67
25 86 25 33 51 59 64 86
39 82 39 58 67 82
4 72 4 49 72
14 75 14 28 37 48 75
19 88 19 43 44 79 88
28 81 28 37 51 80 81
18 72 18 20 39 58 67 72
35 58 35 39 58
1 57 1 13 28 41 57
7 84 7 14 34 79 84
21 88 21 58 67 72 88
14 64 14 42 51 59 64
3 72 3 27 44 55 67 72
37 81 37 52 80 81
15 30 15 30
1 82 1 39 58 67 82
37 83 37 48 75 80 81 83
18 88 18 20 55 67 72 88
14 63 14 28 41 63
7 48 7 14 28 37 48
8 88 8 28 41 57 72 88
34 71 34 59 64 71
6 81 6 16 29 48 75 80 81
7 50 7 14 28 41 50
4 52 4 23 37 48 52
33 67 33 51 67
13 83 13 83
1 34 1 7 14 34
9 86 9 20 39 58 67 72 86
42 88 42 51 67 72 88
21 89 21 58 77 89
15 60 15 26 28 41 50 60
7 67 7 14 28 35 39 58 67
9 86 9 20 55 67 72 86
25 83 25 33 51 80 81 83
8 82 8 41 57 82
15 57 15 26 28 41 57
35 59 35 59
37 52 37 52
19 71 19 43 52 64 71
2 78 2 78
28 57 28 41 57
1 80 1 37 51 80
21 58 21 58
14 52 14 34 48 52
42 80 42 51 80
9 86 9 62 72 86
18 52 18 22 31 43 52
2 75 2 23 37 48 75
23 66 23 66
59 86 59 64 86
25 79 25 79
19 79 19 43 44 79
16 48 16 29 48
34 79 34 79
35 77 35 39 58 77
16 83 16 29 48 52 80 81 83
15 37 15 26 28 37
57 86 57 72 86
2 20 2 9 20
37 52 37 48 52
27 73 27 44 55 58 67 73
39 77 39 58 77
4 73 4 30 44 55 58 67 73
42 82 42 51 67 82
34 52 34 48 52
21 37 21 26 28 37
3 34 3 30 34
9 71 9 20 56 64 71
21 88 21 26 88
3 20 3 9 20
31 72 31 43 44 55 67 72
9 55 9 20 55
14 72 14 25 33 62 72
15 34 15 30 34
2 33 2 33
40 78 40 78
35 72 35 39 58 67 72
6 80 6 16 29 48 52 80
14 82 14 34 48 52 64 71 82
34 71 34 59 64 71
6 83 6 37 48 52 80 81 83
15 73 15 22 31 43 44 55 67 73
27 55 27 44 55
27 55 27 44 55
56 82 56 64 71 82
1 34 1 7 14 34
13 75 13 29 48 75
1 32 1 2 23 32
20 73 20 73
3 84 3 27 44 55 84
1 34 1 7 14 34
51 80 51 80
6 79 6 31 43 44 79
6 86 6 37 51 86
22 34 22 34
3 82 3 82
9 84 9 20 55 84
26 86 26 28 37 59 64 86
7 67 7 43 44 55 58 67
7 75 7 14 28 37 48 75
2 86 2 56 64 86
8 37 8 28 37
13 29 13 29
15 59 15 30 34 59
33 67 33 51 67
22 72 22 43 44 55 58 67 72
1 63 1 13 28 41 57 63
58 86 58 67 72 86
42 88 42 51 67 72 88
11 86 11 59 64 86
30 80 30 48 75 80
33 73 33 51 67 73
4 58 4 30 44 55 58
7 44 7 43 44
37 75 37 48 75
8 82 8 9 20 55 67 82
22 58 22 31 43 44 55 58
1 26 1 13 26
18 34 18 22 34
4 78 4 23 66 78
9 73 9 20 73
35 67 35 39 58 67
18 77 18 20 55 58 77
23 52 23 37 52
8 64 8 9 20 56 64
18 82 18 59 64 71 82
2 82 2 33 51 59 64 82
15 43 15 22 31 43
9 71 9 71
30 55 30 44 55
9 84 9 20 55 84
35 89 35 39 58 77 89
7 61 7 14 25 33 61
35 58 35 39 58
1 88 1 7 14 28 41 57 72 88
43 80 43 52 80
8 57 8 41 57
22 58 22 31 43 44 55 58
15 57 15 26 28 41 57
4 23 4 23
21 63 21 26 28 41 57 63
8 89 8 9 20 55 58 77 89
15 72 15 26 42 62 72
43 80 43 52 80
26 86 26 28 37 51 86
21 67 21 26 28 35 39 58 67
42 72 42 62 72
15 81 15 26 28 41 70 81
21 26 21 26
42 64 42 51 59 64
16 73 16 35 39 58 67 73
19 71 19 56 64 71
9 73 9 20 39 58 67 73
15 79 15 22 43 44 79
42 67 42 51 67
28 67 28 37 51 67
22 44 22 43 44
33 80 33 51 80
18 43 18 22 43
23 86 23 37 51 59 64 86
9 71 9 20 56 64 71
16 29 16 29
3 37 3 37
1 64 1 2 9 20 56 64
30 75 30 48 75
43 52 43 52
6 52 6 16 29 48 52
19 88 19 43 44 79 88
7 48 7 14 28 37 48
22 58 22 31 43 44 55 58
4 83 4 23 37 52 80 81 83
14 64 14 28 37 59 64
18 52 18 22 31 43 52
14 52 14 34 48 52
6 79 6 31 43 44 79
7 44 7 43 44
3 44 3 27 44
37 48 37 48
42 71 42 51 59 64 71
31 43 31 43
33 81 33 51 80 81
19 52 19 43 52
1 80 1 2 23 37 51 80
6 29 6 16 29
1 70 1 13 28 41 70
2 58 2 9 20 39 58
4 32 4 23 32
1 82 1 7 43 44 55 67 82
51 80 51 80
2 59 2 33 51 59
1 66 1 2 23 66
56 64 56 64
4 75 4 30 48 75
15 89 15 22 34 59 89
28 88 28 37 48 75 88
28 57 28 41 57
1 33 1 7 14 25 33
15 59 15 22 34 59
1 52 1 37 52
34 75 34 48 75
51 80 51 80
23 32 23 32
59 86 59 64 86
27 44 27 44
28 67 28 37 51 67
34 79 34 79
28 88 28 37 48 75 88
34 52 34 48 52
31 88 31 43 44 55 67 72 88
19 83 19 43 44 79 83
30 79 30 34 79
43 79 43 44 79
62 72 62 72
26 80 26 28 37 48 52 80
18 72 18 22 43 44 55 67 72
6 44 6 31 43 44
6 81 6 16 29 48 52 80 81
4 89 4 30 48 52 77 89
20 86 20 56 64 86
16 80 16 29 48 75 80
25 71 25 35 59 64 71
34 80 34 48 52 80
33 83 33 51 80 81 83
13 75 13 28 37 48 75
1 59 1 2 33 51 59
22 83 22 34 48 75 80 81 83
13 73 13 28 37 51 67 73
27 55 27 44 55
14 81 14 25 33 51 80 81
42 72 42 51 67 72
35 71 35 59 64 71
13 71 13 20 56 64 71
37 81 37 51 80 81
28 86 28 37 72 86
28 80 28 37 48 52 80
62 72 62 72
34 83 34 48 75 80 81 83
2 75 2 23 37 48 75
23 73 23 37 51 67 73
25 67 25 35 39 58 67
42 88 42 62 72 88
1 75 1 7 14 28 37 48 75
4 77 4 30 34 48 52 77
18 82 18 20 55 58 67 82
28 77 28 35 39 58 77
13 29 13 29
16 52 16 29 48 52
30 52 30 48 52
22 80 22 43 52 80
9 86 9 62 72 86
18 80 18 22 34 48 52 80
30 83 30 34 48 75 80 81 83
37 86 37 49 72 86
1 66 1 2 23 66
4 86 4 49 72 86
23 80 23 37 51 80
1 82 1 7 64 71 82
21 77 21 26 28 35 39 58 77
51 86 51 59 64 86
7 71 7 43 52 71
18 82 18 59 64 71 82
34 48 34 48
14 81 14 25 33 51 80 81
20 73 20 55 67 73
35 82 35 39 58 67 82
28 60 28 41 50 60
15 26 15 26
4 58 4 30 44 55 58
28 83 28 37 52 80 81 83
18 78 18 20 40 78
14 82 14 28 64 71 82
23 80 23 37 48 75 80
14 88 14 34 79 88
2 88 2 23 49 72 88
4 34 4 30 34
2 78 2 33 78
13 73 13 20 39 58 67 73
18 89 18 59 89
28 58 28 35 39 58
19 79 19 43 44 79
33 81 33 51 80 81
7 52 7 14 34 48 52
18 71 18 59 64 71
31 58 31 43 44 55 58
41 50 41 50
8 73 8 9 20 55 58 67 73
14 34 14 34
8 58 8 28 35 39 58
33 67 33 51 67
14 34 14 34
13 52 13 28 37 48 52
37 86 37 51 67 72 86
6 86 6 37 72 86
21 63 21 26 28 41 57 63
42 59 42 51 59
6 29 6 16 29
8 77 8 28 35 39 58 77
1 26 1 13 26
1 26 1 13 26
18 48 18 22 34 48
8 63 8 28 41 63
37 52 37 48 52
3 64 3 30 34 59 64
28 41 28 41
26 81 26 42 51 80 81
18 64 18 22 34 59 64
39 77 39 58 77
9 67 9 20 39 58 67
4 30 4 30
8 20 8 9 20
22 58 22 43 44 55 58
4 23 4 23
23 48 23 37 48
33 81 33 51 80 81
35 58 35 39 58
56 82 56 82
13 71 13 20 56 64 71
2 59 2 23 37 51 59
51 80 51 80
14 81 14 25 33 51 80 81
14 63 14 25 63
8 75 8 28 37 48 75
6 29 6 16 29
8 89 8 28 37 51 59 89
27 55 27 44 55
6 83 6 16 29 48 52 80 81 83
8 75 8 28 37 48 75
21 64 21 26 28 35 59 64
27 86 27 44 55 67 72 86
15 59 15 22 34 59
16 71 16 29 48 52 71
8 58 8 9 20 39 58
51 81 51 80 81
34 86 34 48 52 64 86
1 64 1 37 59 64
14 75 14 28 37 48 75
41 81 41 70 81
20 71 20 56 64 71
4 75 4 23 37 48 75
1 81 1 13 29 48 75 80 81
14 82 14 34 59 64 82
1 73 1 13 26 42 51 67 73
16 86 16 29 48 52 64 86
14 58 14 25 35 39 58
15 43 15 22 31 43
31 79 31 43 44 79
15 51 15 26 42 51
18 82 18 22 43 44 55 58 67 82
27 44 27 44
7 86 7 57 72 86
58 67 58 67
51 73 51 67 73
25 84 25 79 84
13 52 13 29 48 52
43 80 43 52 80
15 70 15 26 28 41 70
22 64 22 34 48 52 64
23 83 23 37 48 75 80 81 83
58 73 58 67 73
15 77 15 22 31 43 44 55 58 77
16 73 16 35 39 58 67 73
28 37 28 37
4 58 4 30 44 55 58
1 58 1 7 43 44 55 58
3 88 3 9 20 39 58 67 72 88
7 50 7 14 28 41 50
43 55 43 44 55
11 89 11 59 89
18 89 18 59 89
26 67 26 42 51 67
4 44 4 30 44
28 75 28 37 48 75
7 83 7 14 42 51 80 81 83
23 83 23 37 51 80 81 83
22 84 22 43 44 79 84
1 88 1 2 33 49 72 88
26 86 26 42 62 72 86
21 77 21 26 28 35 39 58 77
30 81 30 48 52 80 81
1 61 1 7 14 25 33 61
43 71 43 52 71
8 67 8 28 35 39 58 67
20 86 20 56 64 86
1 9 1 2 9
26 81 26 42 51 80 81
20 71 20 56 64 71
25 67 25 33 51 67
25 80 25 33 51 80
21 89 21 58 77 89
22 79 22 43 44 79
25 80 25 33 51 80
20 55 20 55
4 34 4 30 34
7 84 7 14 25 79 84
18 64 18 20 56 64
19 58 19 43 44 55 58
23 81 23 37 51 80 81
27 86 27 44 55 67 72 86
21 64 21 42 51 59 64
28 80 28 37 48 52 80
41 86 41 57 72 86
35 86 35 39 58 67 72 86
4 34 4 30 34
30 71 30 34 59 64 71
30 81 30 48 75 80 81
13 80 13 28 37 48 75 80
15 48 15 22 34 48
57 86 57 72 86
31 79 31 43 44 79
3 71 3 30 34 48 52 71
13 73 13 28 37 51 67 73
4 84 4 30 34 79 84
7 61 7 14 25 33 61
16 81 16 29 48 75 80 81
18 67 18 22 31 43 44 55 58 67
18 82 18 59 64 71 82
30 84 30 34 79 84
8 73 8 28 35 39 58 67 73
28 59 28 35 59
6 44 6 31 43 44
8 83 8 28 41 70 81 83
7 61 7 14 25 33 61
21 77 21 26 28 37 77
2 9 2 9
2 77 2 23 66 77
3 58 3 30 44 55 58
28 58 28 35 39 58
25 84 25 79 84
2 84 2 9 20 55 84
30 84 30 44 79 84
19 43 19 43
22 86 22 31 56 64 86
15 79 15 22 43 44 79
31 64 31 56 64
30 81 30 34 48 75 80 81
14 84 14 25 79 84
31 77 31 43 52 77
34 52 34 48 52
59 71 59 64 71
30 55 30 44 55
30 79 30 34 79
4 66 4 23 66
34 48 34 48
21 71 21 26 42 51 59 64 71
56 82 56 64 82
4 37 4 23 37
1 64 1 37 59 64
25 61 25 33 61
8 52 8 28 37 52
37 80 37 51 80
37 86 37 59 64 86
3 64 3 37 51 59 64
9 73 9 20 73
3 27 3 27
15 78 15 26 28 41 57 78
7 83 7 14 34 48 52 80 81 83
15 52 15 26 28 37 52
21 48 21 26 28 37 48
23 81 23 37 52 80 81
19 58 19 43 44 55 58
21 37 21 26 28 37
18 44 18 22 43 44
4 51 4 23 37 51
1 58 1 7 43 44 55 58
51 67 51 67
31 88 31 43 44 55 67 72 88
34 75 34 48 75
7 67 7 43 44 55 58 67
15 72 15 22 43 44 55 58 67 72
43 84 43 44 55 84
14 51 14 28 37 51
30 81 30 34 48 75 80 81
22 86 22 43 52 64 86
14 84 14 34 79 84
25 81 25 33 51 80 81
28 59 28 35 59
9 71 9 20 56 64 71
22 77 22 34 48 52 77
15 63 15 26 28 41 57 63
34 80 34 48 75 80
3 80 3 37 52 80
25 80 25 33 51 80
16 52 16 29 48 52
18 83 18 22 43 44 79 83
31 71 31 43 52 71
7 61 7 14 25 33 61
1 89 1 7 89
22 34 22 34
25 83 25 33 51 80 81 83
2 58 2 9 20 39 58
1 13 1 13
28 86 28 64 86
9 86 9 62 72 86
28 52 28 37 48 52
7 81 7 14 42 51 80 81
16 67 16 35 39 58 67
14 83 14 25 79 83
11 59 11 59
22 43 22 43
23 73 23 37 51 67 73
23 73 23 37 51 67 73
19 64 19 43 52 64
6 79 6 31 43 44 79
14 64 14 42 51 59 64
21 72 21 58 67 72
34 84 34 79 84
6 79 6 31 43 44 79
35 86 35 59 64 86
18 71 18 22 43 52 64 71
19 71 19 56 64 71
7 44 7 43 44
42 71 42 51 59 64 71
15 37 15 26 28 37
30 75 30 34 48 75
18 75 18 22 34 48 75
18 75 18 22 34 48 75
28 50 28 41 50
16 48 16 29 48
33 83 33 51 80 81 83
20 67 20 39 58 67
25 80 25 33 51 80
19 77 19 43 52 77
21 73 21 58 67 73
42 72 42 51 67 72
37 75 37 48 75
42 86 42 51 86
28 67 28 35 39 58 67
21 48 21 26 28 37 48
21 57 21 26 28 41 57
26 86 26 28 37 59 64 86
30 52 30 48 52
40 78 40 78
16 67 16 35 39 58 67
11 88 11 88
2 64 2 56 64
22 58 22 43 44 55 58
14 25 14 25
3 58 3 27 44 55 58
8 75 8 28 37 48 75
3 64 3 37 59 64
21 64 21 42 51 59 64
22 71 22 34 48 52 64 71
4 75 4 23 37 48 75
25 84 25 79 84
23 66 23 66
2 33 2 33
14 57 14 28 41 57
6 29 6 16 29
28 88 28 37 48 88
43 52 43 52
9 73 9 20 55 58 67 73
3 67 3 9 20 39 58 67
2 84 2 9 20 55 84
4 34 4 30 34
4 30 4 30
8 64 8 28 64
18 52 18 22 31 43 52
26 48 26 28 37 48
22 52 22 43 52
8 64 8 28 37 51 59 64
30 48 30 48
43 44 43 44
19 43 19 43
26 48 26 28 37 48
42 89 42 51 59 89
37 81 37 51 80 81
3 44 3 30 44
51 86 51 86
22 59 22 34 59
11 86 11 59 64 86
3 77 3 27 44 55 58 77
26 86 26 28 37 59 64 86
25 84 25 79 84
2 23 2 23
21 59 21 26 42 51 59
9 73 9 20 73
33 80 33 51 80
3 78 3 9 20 40 78
8 63 8 41 63
28 73 28 37 51 67 73
42 72 42 62 72
9 55 9 20 55
4 82 4 30 48 52 64 82
15 43 15 22 31 43
27 79 27 79
4 89 4 30 48 52 77 89
8 89 8 9 20 55 58 77 89
34 71 34 48 52 64 71
58 86 58 67 72 86
8 70 8 28 41 70
21 81 21 42 51 80 81
2 51 2 23 37 51
3 37 3 37
22 71 22 31 43 52 64 71
35 59 35 59
35 89 35 39 58 77 89
14 41 14 28 41
15 64 15 22 43 52 64
27 86 27 44 55 67 72 86
15 89 15 22 34 48 52 77 89
3 67 3 27 44 55 58 67
6 71 6 71
6 79 6 31 43 44 79
21 78 21 26 28 41 57 78
51 86 51 67 72 86
33 67 33 51 67
28 50 28 41 50
11 59 11 59
2 71 2 9 20 56 64 71
4 58 4 30 44 55 58
7 52 7 14 34 48 52
1 71 1 7 43 52 71
2 84 2 9 20 55 84
33 73 33 51 67 73
41 81 41 70 81
30 80 30 48 52 80
2 73 2 33 51 67 73
23 66 23 66
19 52 19 43 52
14 33 14 25 33
7 52 7 14 28 37 48 52
3 86 3 27 44 55 58 67 72 86
8 41 8 28 41
8 84 8 9 20 55 84
27 44 27 44
30 80 30 34 48 75 80
43 71 43 52 71
1 44 1 7 43 44
35 64 35 59 64
14 88 14 25 79 88
30 80 30 48 75 80
28 89 28 35 59 89
3 67 3 37 51 67
1 89 1 13 29 48 52 77 89
57 86 57 72 86
39 89 39 58 77 89
8 88 8 41 57 72 88
34 81 34 48 75 80 81
43 83 43 52 80 81 83
30 48 30 48
3 37 3 37
7 80 7 43 52 80
13 50 13 26 28 41 50
21 64 21 42 51 59 64
9 67 9 20 55 67
7 67 7 14 42 51 67
18 77 18 22 34 48 52 77
1 13 1 13
16 73 16 35 39 58 67 73
31 80 31 43 52 80
15 63 15 26 28 41 57 63
13 67 13 26 42 51 67
31 44 31 43 44
9 84 9 20 55 84
2 73 2 9 20 39 58 67 73
42 83 42 51 80 81 83
34 80 34 48 52 80
4 78 4 23 66 78
28 88 28 35 39 58 67 72 88
37 83 37 51 80 81 83
13 73 13 28 37 51 67 73
28 64 28 35 59 64
34 71 34 59 64 71
3 64 3 30 48 52 64
51 80 51 80
9 86 9 20 55 67 72 86
33 80 33 51 80
2 23 2 23
34 86 34 59 64 86
2 86 2 23 49 72 86
18 58 18 22 43 44 55 58
21 52 21 26 28 37 52
51 86 51 86
4 70 4 70
43 52 43 52
6 86 6 37 52 64 86
37 83 37 48 52 80 81 83
30 71 30 48 52 64 71
30 52 30 34 48 52
11 86 11 59 64 86
7 61 7 14 25 33 61
22 48 22 34 48
31 55 31 43 44 55
13 84 13 20 55 84
14 88 14 42 51 67 72 88
4 70 4 70
7 84 7 43 44 55 84
16 52 16 29 48 52
23 86 23 37 51 59 64 86
19 64 19 43 52 64
8 52 8 28 37 48 52
2 48 2 23 37 48
31 89 31 43 44 79 84 89
7 44 7 43 44
1 20 1 2 9 20
35 82 35 39 58 67 82
31 73 31 43 44 55 67 73
15 63 15 26 28 41 57 63
27 55 27 44 55
7 61 7 14 25 33 61
1 29 1 13 29
30 80 30 48 75 80
37 80 37 48 75 80
8 52 8 28 37 48 52
3 59 3 30 34 59
23 86 23 49 72 86
22 88 22 31 43 44 79 88
28 63 28 41 57 63
9 86 9 20 55 67 72 86
37 67 37 51 67
15 37 15 26 28 37
6 79 6 31 43 44 79
15 43 15 22 43
13 80 13 26 28 37 52 80
11 88 11 88
3 51 3 37 51
11 88 11 88
7 50 7 14 28 41 50
14 70 14 28 41 70
15 82 15 30 48 75 82
6 75 6 37 48 75
43 79 43 44 79
58 73 58 67 73
42 89 42 51 59 89
11 64 11 59 64
7 84 7 43 44 84
43 79 43 44 79
21 63 21 26 28 41 63
18 72 18 22 43 44 55 67 72
42 82 42 51 67 82
4 52 4 30 34 48 52
85 88 85 88
3 27 3 27
8 50 8 28 41 50
11 82 11 59 64 82
21 60 21 26 28 41 50 60
8 51 8 28 37 51
21 86 21 26 42 62 72 86
14 59 14 59
58 67 58 67
85 88 85 88
25 83 25 33 51 80 81 83
21 75 21 26 28 37 48 75
8 58 8 28 35 39 58
21 88 21 26 28 35 39 58 67 72 88
19 83 19 43 52 80 81 83
23 52 23 37 52
2 37 2 23 37
2 23 2 23
21 48 21 26 28 37 48
14 88 14 25 62 72 88
23 32 23 32
13 67 13 26 28 37 51 67
14 51 14 28 37 51
9 86 9 62 72 86
23 52 23 37 52
7 84 7 14 34 79 84
15 82 15 30 48 75 82
22 48 22 34 48
28 67 28 37 51 67
14 70 14 28 41 70
34 81 34 48 75 80 81
4 30 4 30
6 86 6 31 56 64 86
9 73 9 20 55 58 67 73
21 57 21 26 28 41 57
3 72 3 37 72
23 52 23 37 48 52
6 81 6 31 43 52 80 81
11 82 11 59 64 82
58 86 58 67 72 86
72 86 72 86
18 72 18 22 43 44 55 67 72
4 78 4 23 66 78
2 89 2 23 66 77 89
16 73 16 35 39 58 67 73
62 88 62 72 88
7 61 7 14 25 33 61
19 82 19 43 52 71 82
25 73 25 33 51 67 73
18 82 18 20 55 58 67 82
2 61 2 33 61
9 71 9 20 56 64 71
6 29 6 16 29
30 71 30 48 52 64 71
14 64 14 59 64
2 48 2 23 37 48
28 72 28 35 39 58 67 72
21 63 21 26 28 41 63
2 67 2 23 37 51 67
18 64 18 20 56 64
33 83 33 51 80 81 83
25 84 25 79 84
7 75 7 14 34 48 75
1 13 1 13
49 88 49 72 88
6 29 6 16 29
42 88 42 62 72 88
28 57 28 41 57
14 81 14 28 41 70 81
8 60 8 28 41 50 60
3 59 3 30 34 59
18 86 18 59 64 86
4 58 4 30 44 55 58
8 60 8 28 41 50 60
35 77 35 39 58 77
28 59 28 37 59
20 84 20 55 84
1 20 1 13 20
35 72 35 39 58 67 72
22 82 22 43 52 64 82
34 86 34 59 64 86
25 79 25 79
21 64 21 42 51 59 64
31 77 31 43 52 77
18 58 18 20 39 58
28 58 28 35 39 58
58 67 58 67
62 86 62 72 86
37 48 37 48
1 81 1 13 26 28 41 70 81
16 29 16 29
19 86 19 56 64 86
28 58 28 35 39 58
13 86 13 28 37 52 64 86
34 86 34 48 52 64 86
6 71 6 37 48 52 64 71
42 86 42 62 72 86
8 77 8 9 20 55 58 77
18 44 18 22 31 43 44
8 67 8 28 35 39 58 67
22 73 22 31 43 44 55 67 73
49 72 49 72
43 84 43 44 79 84
9 86 9 20 39 58 67 72 86
7 44 7 43 44
16 73 16 35 39 58 67 73
3 77 3 30 48 52 77
31 43 31 43
25 73 25 33 51 67 73
1 34 1 7 14 34
30 80 30 48 75 80
13 75 13 26 28 37 48 75
22 55 22 43 44 55
31 44 31 43 44
14 73 14 28 35 39 58 67 73
34 75 34 48 75
26 50 26 28 41 50
2 58 2 9 20 39 58
19 89 19 38 89
28 89 28 37 48 52 77 89
15 89 15 22 34 48 52 77 89
8 37 8 28 37
25 81 25 33 51 80 81
34 84 34 79 84
14 89 14 25 79 84 89
15 89 15 30 34 48 52 77 89
22 59 22 34 59
22 34 22 34
1 34 1 7 14 34
16 71 16 35 59 64 71
13 75 13 28 37 48 75
14 89 14 59 89
1 34 1 7 14 34
27 67 27 44 55 58 67
33 67 33 51 67
9 71 9 20 56 64 71
37 67 37 51 67
33 71 33 51 59 64 71
16 86 16 86
18 73 18 20 73
26 50 26 28 41 50
14 88 14 42 51 67 72 88
37 52 37 48 52
13 55 13 20 55
8 60 8 28 41 50 60
4 72 4 49 72
1 51 1 13 26 42 51
3 71 3 30 34 59 64 71
1 41 1 13 28 41
2 78 2 23 66 78
22 82 22 31 56 64 82
21 89 21 26 42 51 59 89
3 27 3 27
21 41 21 26 28 41
31 79 31 43 44 79
57 86 57 72 86
33 71 33 51 59 64 71
31 67 31 43 44 55 58 67
2 83 2 23 37 48 52 80 81 83
4 86 4 23 37 59 64 86
15 60 15 26 28 41 50 60
13 83 13 83
28 59 28 35 59
26 81 26 28 41 70 81
7 81 7 14 42 51 80 81
28 72 28 37 49 72
8 75 8 28 37 48 75
13 52 13 28 37 48 52
43 86 43 52 64 86
3 55 3 9 20 55
42 59 42 51 59
58 86 58 67 72 86
14 72 14 28 35 39 58 67 72
42 82 42 51 67 82
21 59 21 42 51 59
21 57 21 26 28 41 57
1 73 1 2 33 51 67 73
28 57 28 41 57
42 83 42 51 80 81 83
16 48 16 29 48
3 73 3 37 51 67 73
19 77 19 43 52 77
43 84 43 44 79 84
34 80 34 48 75 80
8 82 8 28 82
27 86 27 44 55 58 67 72 86
16 67 16 35 39 58 67
19 58 19 43 44 55 58
30 71 30 34 59 64 71
1 89 1 2 23 66 77 89
1 83 1 13 26 42 51 80 81 83
37 80 37 52 80
43 86 43 52 64 86
8 70 8 28 41 70
35 89 35 59 89
8 9 8 9
39 88 39 58 67 72 88
1 73 1 2 33 51 67 73
7 48 7 14 34 48
25 86 25 33 49 72 86
20 86 20 56 64 86
43 55 43 44 55
11 71 11 59 64 71
35 59 35 59
34 86 34 59 64 86
28 63 28 41 63
23 67 23 37 51 67
37 48 37 48
35 88 35 39 58 67 72 88
39 72 39 58 67 72
28 86 28 64 86
8 9 8 9
51 71 51 59 64 71
28 83 28 37 52 80 81 83
28 71 28 64 71
4 88 4 49 72 88
19 72 19 43 44 55 58 67 72
1 59 1 7 14 28 35 59
14 71 14 25 35 59 64 71
7 83 7 43 52 80 81 83
37 48 37 48
19 73 19 43 44 55 58 67 73
6 86 6 31 43 52 64 86
1 82 1 13 29 48 52 64 82
14 78 14 25 33 78
8 60 8 28 41 50 60
1 29 1 13 29
4 58 4 30 44 55 58
43 67 43 44 55 67
28 73 28 35 39 58 67 73
21 83 21 42 51 80 81 83
37 83 37 51 80 81 83
8 71 8 9 20 56 64 71
1 60 1 13 28 41 50 60
42 83 42 51 80 81 83
6 71 6 37 59 64 71
43 52 43 52
58 73 58 67 73
20 55 20 55
22 88 22 43 44 55 58 67 72 88
37 48 37 48
19 80 19 43 52 80
6 67 6 16 35 39 58 67
20 86 20 39 58 67 72 86
25 71 25 33 51 59 64 71
2 48 2 23 37 48
41 50 41 50
33 86 33 51 86
14 58 14 25 35 39 58
37 86 37 52 64 86
28 63 28 41 63
22 82 22 31 43 44 55 58 67 82
6 67 6 16 35 39 58 67
7 48 7 14 28 37 48
30 81 30 34 48 75 80 81
7 84 7 43 44 79 84
58 67 58 67
7 50 7 14 28 41 50
31 58 31 43 44 55 58
18 81 18 22 34 48 52 80 81
1 75 1 2 23 37 48 75
14 70 14 28 41 70
1 9 1 2 9
19 64 19 43 52 64
18 78 18 20 40 78
22 77 22 34 48 52 77
70 81 70 81
43 73 43 44 55 58 67 73
34 75 34 48 75
18 86 18 59 64 86
15 71 15 30 48 52 71
39 73 39 58 67 73
28 70 28 41 70
1 88 1 37 49 72 88
43 67 43 44 55 58 67
13 81 13 26 42 51 80 81
6 67 6 37 51 67
25 67 25 35 39 58 67
22 59 22 34 59
15 41 15 26 28 41
3 48 3 30 34 48
20 71 20 56 64 71
41 81 41 70 81
30 86 30 48 52 64 86
34 48 34 48
28 50 28 41 50
27 55 27 44 55
2 82 2 33 51 59 64 71 82
4 64 4 30 48 52 64
7 44 7 43 44
1 67 1 7 43 44 55 58 67
18 72 18 20 39 58 67 72
2 61 2 33 61
38 89 38 89
3 44 3 27 44
30 79 30 34 79
2 73 2 9 20 73
1 25 1 7 14 25
72 86 72 86
39 89 39 58 77 89
37 81 37 51 80 81
33 81 33 51 80 81
34 52 34 48 52
43 44 43 44
23 80 23 37 51 80
49 88 49 72 88
51 67 51 67
15 89 15 30 44 84 89
4 88 4 49 72 88
22 43 22 43
2 52 2 23 37 48 52
23 48 23 37 48
18 80 18 22 34 48 52 80
25 83 25 33 51 80 81 83
8 72 8 28 41 49 72
1 75 1 7 14 34 48 75
49 86 49 72 86
1 57 1 13 26 28 41 57
35 64 35 59 64
2 9 2 9
1 43 1 7 43
8 72 8 9 20 55 58 67 72
18 20 18 20
34 75 34 48 75
33 86 33 51 86
20 84 20 55 84
31 83 31 43 52 80 81 83
1 52 1 7 43 52
9 73 9 20 55 58 67 73
43 55 43 44 55
2 82 2 33 51 67 82
28 77 28 35 39 58 77
21 48 21 26 28 37 48
42 51 42 51
8 64 8 28 35 59 64
30 73 30 44 55 67 73
1 64 1 13 29 48 52 64
30 44 30 44
11 88 11 88
21 64 21 42 51 59 64
11 64 11 59 64
20 84 20 55 84
25 61 25 33 61
8 83 8 28 41 70 81 83
22 88 22 43 44 55 67 72 88
42 83 42 51 80 81 83
22 82 22 43 44 55 58 67 82
3 27 3 27
28 70 28 41 70
1 41 1 7 14 28 41
3 82 3 27 44 55 67 82
26 67 26 42 51 67
20 84 20 55 84
35 86 35 39 58 67 72 86
18 86 18 20 56 64 86
20 73 20 73
15 58 15 26 28 35 39 58
39 58 39 58
62 88 62 72 88
30 83 30 34 48 52 80 81 83
20 55 20 55
4 78 4 23 66 78
21 41 21 26 28 41
4 32 4 23 32
58 73 58 67 73
33 73 33 51 67 73
15 60 15 26 28 41 50 60
6 79 6 31 43 44 79
21 60 21 26 28 41 50 60
1 7 1 7
25 61 25 33 61
6 81 6 31 43 52 80 81
13 81 13 28 37 52 80 81
13 48 13 29 48
28 86 28 37 59 64 86
22 75 22 34 48 75
15 43 15 22 31 43
15 72 15 22 43 44 55 58 67 72
31 82 31 56 64 71 82
16 67 16 35 39 58 67
7 75 7 14 28 37 48 75
43 55 43 44 55
14 88 14 28 35 39 58 67 72 88
4 83 4 30 48 52 80 81 83
7 67 7 14 42 51 67
19 73 19 43 44 55 67 73
41 81 41 70 81
43 79 43 44 79
8 37 8 28 37
25 61 25 33 61
42 73 42 51 67 73
21 63 21 26 28 41 63
25 67 25 35 39 58 67
35 64 35 59 64
3 59 3 37 59
3 82 3 82
3 52 3 30 34 48 52
1 84 1 2 9 20 55 84
21 89 21 58 77 89
30 67 30 44 55 58 67
1 79 1 7 14 34 79
2 82 2 9 71 82
25 67 25 35 39 58 67
7 52 7 14 28 37 48 52
19 80 19 43 52 80
14 25 14 25
26 50 26 28 41 50
72 86 72 86
1 23 1 2 23
43 80 43 52 80
28 83 28 41 70 81 83
2 82 2 33 51 67 82
28 71 28 35 59 64 71
2 73 2 23 37 51 67 73
15 88 15 26 88
22 73 22 31 43 44 55 58 67 73
30 81 30 48 75 80 81
2 77 2 9 20 39 58 77
31 77 31 43 52 77
18 81 18 22 34 48 52 80 81
15 81 15 22 34 48 75 80 81
1 23 1 2 23
7 81 7 14 28 37 52 80 81
25 86 25 35 39 58 67 72 86
15 57 15 26 28 41 57
19 81 19 43 52 80 81
7 44 7 43 44
11 64 11 59 64
14 63 14 25 63
15 83 15 22 34 79 83
7 55 7 43 44 55
18 73 18 22 43 44 55 67 73
27 79 27 79
43 55 43 44 55
19 88 19 43 44 55 67 72 88
23 86 23 49 72 86
39 82 39 58 67 82
1 51 1 13 26 28 37 51
3 73 3 37 51 67 73
3 64 3 9 20 56 64
8 57 8 41 57
23 67 23 37 51 67
4 64 4 23 37 48 52 64
22 89 22 31 43 52 77 89
18 55 18 22 31 43 44 55
18 59 18 22 34 59
2 20 2 9 20
26 81 26 42 51 80 81
15 26 15 26
1 41 1 7 14 28 41
21 37 21 26 28 37
59 86 59 64 86
43 55 43 44 55
3 34 3 30 34
42 89 42 51 59 89
16 81 16 29 48 75 80 81
8 20 8 9 20
14 34 14 34
6 71 6 37 48 52 64 71
1 25 1 7 14 25
43 80 43 52 80
21 71 21 42 51 59 64 71
8 88 8 62 72 88
26 75 26 28 37 48 75
23 73 23 37 51 67 73
37 75 37 48 75
23 71 23 37 52 64 71
1 79 1 7 14 25 79
28 70 28 41 70
35 77 35 39 58 77
27 79 27 79
8 70 8 28 41 70
70 81 70 81
15 70 15 26 28 41 70
4 32 4 23 32
26 71 26 42 51 59 64 71
42 82 42 51 67 82
31 79 31 43 44 79
40 78 40 78
22 83 22 31 43 52 80 81 83
25 81 25 33 51 80 81
23 52 23 37 48 52
7 84 7 43 44 79 84
57 86 57 72 86
39 77 39 58 77
64 86 64 86
7 81 7 14 42 51 80 81
27 55 27 44 55
26 67 26 42 51 67
42 86 42 51 67 72 86
13 71 13 26 28 37 59 64 71
34 75 34 48 75
30 44 30 44
34 75 34 48 75
1 9 1 2 9
70 81 70 81
14 59 14 42 51 59
42 73 42 51 67 73
34 84 34 79 84
15 63 15 26 28 41 63
19 55 19 43 44 55
4 73 4 30 44 55 58 67 73
18 48 18 22 34 48
37 75 37 48 75
2 80 2 33 51 80
43 86 43 44 55 58 67 72 86
8 58 8 9 20 39 58
31 84 31 43 44 79 84
28 72 28 35 39 58 67 72
14 57 14 28 41 57
42 86 42 51 59 64 86
21 75 21 26 28 37 48 75
37 71 37 59 64 71
18 72 18 22 43 44 55 67 72
14 83 14 34 48 52 80 81 83
37 73 37 51 67 73
42 59 42 51 59
37 48 37 48
8 55 8 9 20 55
14 81 14 25 33 51 80 81
58 86 58 67 72 86
18 59 18 22 34 59
1 80 1 7 14 42 51 80
6 73 6 16 35 39 58 67 73
4 72 4 49 72
14 77 14 34 48 52 77
20 86 20 39 58 67 72 86
34 84 34 79 84
23 81 23 37 48 52 80 81
34 83 34 48 75 80 81 83
11 82 11 59 64 71 82
3 83 3 37 51 80 81 83
18 82 18 20 56 64 71 82
1 37 1 37
6 75 6 37 48 75
8 82 8 28 82
28 64 28 37 51 59 64
16 29 16 29
27 84 27 44 55 84
34 75 34 48 75
37 81 37 48 75 80 81
7 75 7 14 28 37 48 75
14 33 14 25 33
1 26 1 13 26
4 72 4 23 37 49 72
2 59 2 23 37 51 59
49 86 49 72 86
13 83 13 26 42 51 80 81 83
43 80 43 52 80
37 83 37 48 75 80 81 83
4 58 4 30 44 55 58
51 86 51 59 64 86
21 48 21 26 28 37 48
31 72 31 43 44 55 67 72
51 83 51 80 81 83
15 48 15 26 28 37 48
3 84 3 27 79 84
6 81 6 31 43 52 80 81
16 48 16 29 48
6 48 6 16 29 48
28 88 28 35 39 58 67 72 88
37 75 37 48 75
39 58 39 58
70 83 70 81 83
1 77 1 39 58 77
30 44 30 44
6 79 6 31 43 44 79
39 72 39 58 67 72
34 80 34 48 75 80
23 71 23 37 52 71
58 67 58 67
1 84 1 7 43 44 55 84
21 37 21 26 28 37
28 72 28 37 49 72
23 80 23 37 52 80
42 72 42 51 67 72
14 63 14 28 41 63
6 44 6 31 43 44
15 48 15 30 34 48
14 33 14 25 33
8 82 8 28 41 70 82
1 59 1 37 59
1 7 1 7
26 75 26 28 37 48 75
43 55 43 44 55
21 72 21 58 67 72
28 78 28 41 57 78
11 82 11 59 64 82
4 64 4 30 48 52 64
18 72 18 22 43 44 55 58 67 72
51 71 51 59 64 71
1 43 1 7 43
30 52 30 34 48 52
59 86 59 64 86
14 89 14 25 38 89
28 51 28 37 51
14 89 14 25 38 89
19 81 19 43 52 80 81
1 60 1 7 14 28 41 50 60
28 41 28 41
37 48 37 48
43 55 43 44 55
30 80 30 48 75 80
16 29 16 29
62 86 62 72 86
25 81 25 33 51 80 81
14 71 14 28 37 59 64 71
4 79 4 30 44 79
37 80 37 48 75 80
15 34 15 30 34
8 51 8 28 37 51
18 71 18 22 43 52 71
23 83 23 37 51 80 81 83
13 48 13 29 48
4 73 4 30 44 55 58 67 73
15 63 15 26 28 41 63
2 58 2 9 20 39 58
4 55 4 30 44 55
7 44 7 43 44
26 75 26 28 37 48 75
18 44 18 22 31 43 44
39 82 39 58 67 82
25 86 25 35 59 64 86
31 79 31 43 44 79
37 75 37 48 75
25 67 25 33 51 67
15 72 15 26 28 37 51 67 72
23 86 23 37 48 52 64 86
13 48 13 28 37 48
1 89 1 2 9 20 55 84 89
25 83 25 79 83
31 86 31 56 64 86
33 67 33 51 67
34 84 34 79 84
43 44 43 44
13 71 13 29 48 52 64 71
15 73 15 30 44 55 58 67 73
41 83 41 70 81 83
22 83 22 34 79 83
4 73 4 23 37 51 67 73
30 71 30 34 59 64 71
22 48 22 34 48
30 81 30 34 48 52 80 81
33 61 33 61
23 66 23 66
23 48 23 37 48
16 80 16 29 48 52 80
41 86 41 49 72 86
51 71 51 59 64 71
7 52 7 43 52
23 71 23 37 51 59 64 71
43 86 43 44 55 67 72 86
43 52 43 52
35 64 35 59 64
9 73 9 20 73
59 71 59 64 71
4 58 4 30 44 55 58
2 48 2 23 37 48
16 48 16 29 48
31 71 31 43 52 71
18 88 18 20 55 67 72 88
22 88 22 34 79 88
15 57 15 26 28 41 57
23 52 23 37 52
27 73 27 44 55 67 73
31 83 31 43 52 80 81 83
20 73 20 55 67 73
27 73 27 44 55 67 73
43 52 43 52
37 48 37 48
30 52 30 48 52
4 77 4 23 37 48 52 77
16 29 16 29
26 52 26 28 37 48 52
15 63 15 26 28 41 63
1 55 1 13 20 55
13 52 13 28 37 48 52
51 83 51 80 81 83
1 20 1 13 20
42 59 42 51 59
2 9 2 9
8 77 8 9 20 55 58 77
31 88 31 43 44 79 88
30 52 30 34 48 52
34 79 34 79
23 73 23 37 51 67 73
1 9 1 2 9
8 70 8 28 41 70
8 59 8 28 35 59
31 82 31 43 44 55 67 82
2 86 2 33 49 72 86
15 57 15 26 28 41 57
13 52 13 29 48 52
37 52 37 48 52
13 81 13 26 42 51 80 81
6 29 6 16 29
21 80 21 42 51 80
18 58 18 20 39 58
9 67 9 20 55 67
16 67 16 35 39 58 67
2 20 2 9 20
4 79 4 30 34 79
23 83 23 37 51 80 81 83
27 67 27 44 55 67
28 48 28 37 48
16 86 16 29 48 52 64 86
7 61 7 14 25 33 61
1 32 1 2 23 32
15 72 15 26 42 51 67 72
31 84 31 43 44 55 84
23 32 23 32
6 84 6 31 43 44 55 84
16 81 16 29 48 52 80 81
23 86 23 37 51 59 64 86
18 44 18 22 43 44
14 64 14 42 51 59 64
2 64 2 23 37 52 64
14 59 14 42 51 59
56 64 56 64
21 41 21 26 28 41
7 79 7 14 25 79
6 86 6 86
33 61 33 61
14 50 14 28 41 50
35 77 35 39 58 77
19 64 19 43 52 64
31 43 31 43
21 51 21 26 28 37 51
42 89 42 51 59 89
25 80 25 33 51 80
19 64 19 56 64
21 89 21 26 42 51 59 89
15 73 15 22 31 43 44 55 67 73
16 29 16 29
1 88 1 2 23 49 72 88
30 83 30 34 48 52 80 81 83
4 23 4 23
43 86 43 44 55 67 72 86
2 77 2 9 20 39 58 77
23 67 23 37 51 67
43 55 43 44 55
2 67 2 33 51 67
8 86 8 62 72 86
8 88 8 62 72 88
16 75 16 29 48 75
37 71 37 51 59 64 71
14 59 14 28 35 59
30 81 30 34 48 75 80 81
19 88 19 43 44 79 88
31 67 31 43 44 55 67
21 86 21 58 67 72 86
8 52 8 28 37 48 52
28 82 28 41 70 82
21 83 21 42 51 80 81 83
15 67 15 26 42 51 67
1 33 1 7 14 25 33
35 89 35 59 89
18 89 18 20 55 58 77 89
3 83 3 37 52 80 81 83
15 37 15 26 28 37
30 79 30 34 79
23 71 23 37 52 64 71
1 57 1 7 14 28 41 57
15 37 15 26 28 37
21 89 21 26 28 77 89
42 73 42 51 67 73
30 80 30 48 75 80
11 82 11 59 64 82
31 58 31 43 44 55 58
28 89 28 35 59 89
37 48 37 48
3 34 3 30 34
41 83 41 70 81 83
31 58 31 43 44 55 58
14 80 14 42 51 80
3 84 3 9 20 55 84
3 30 3 30
6 48 6 16 29 48
2 71 2 23 37 48 52 71
22 58 22 31 43 44 55 58
13 80 13 28 37 51 80
19 71 19 56 64 71
34 71 34 59 64 71
1 7 1 7
4 64 4 23 37 48 52 64
27 86 27 44 55 67 72 86
4 23 4 23
28 89 28 77 89
13 50 13 26 28 41 50
13 73 13 26 28 37 51 67 73
33 61 33 61
1 13 1 13
23 52 23 37 52
18 67 18 20 55 58 67
6 67 6 31 43 44 55 58 67
1 79 1 7 43 44 79
19 52 19 43 52
21 50 21 26 28 41 50
13 83 13 83
31 43 31 43
1 55 1 2 9 20 55
2 75 2 23 37 48 75
25 86 25 35 59 64 86
6 84 6 31 43 44 79 84
35 72 35 39 58 67 72
43 55 43 44 55
33 80 33 51 80
14 79 14 34 79
28 78 28 41 57 78
33 80 33 51 80
23 81 23 37 48 75 80 81
22 72 22 31 43 44 55 58 67 72
70 83 70 81 83
34 83 34 79 83
13 80 13 26 42 51 80
30 79 30 34 79
8 9 8 9
31 81 31 43 52 80 81
3 78 3 27 78
6 29 6 16 29
35 72 35 39 58 67 72
1 61 1 2 33 61
1 73 1 13 26 73
51 83 51 80 81 83
11 71 11 59 64 71
37 73 37 51 67 73
51 80 51 80
6 48 6 37 48
31 72 31 43 44 55 67 72
3 9 3 9
28 51 28 37 51
8 89 8 9 20 55 58 77 89
39 73 39 58 67 73
14 41 14 28 41
21 48 21 26 28 37 48
19 88 19 43 44 55 58 67 72 88
1 58 1 13 20 39 58
28 51 28 37 51
19 73 19 43 44 55 58 67 73
3 9 3 9
51 67 51 67
30 55 30 44 55
21 71 21 26 28 35 59 64 71
13 86 13 28 37 52 64 86
43 81 43 52 80 81
22 89 22 34 48 52 77 89
8 60 8 28 41 50 60
8 83 8 28 37 51 80 81 83
4 32 4 23 32
15 30 15 30
4 83 4 70 81 83
3 71 3 30 48 52 71
25 61 25 33 61
26 52 26 28 37 48 52
43 81 43 52 80 81
37 81 37 51 80 81
42 89 42 51 59 89
34 71 34 48 52 64 71
1 72 1 39 58 67 72
15 83 15 26 42 51 80 81 83
1 13 1 13
42 72 42 62 72
18 86 18 22 43 52 64 86
70 83 70 81 83
4 44 4 30 44
13 52 13 28 37 48 52
37 80 37 52 80
1 7 1 7
30 67 30 44 55 67
13 73 13 28 35 39 58 67 73
14 89 14 28 77 89
62 88 62 72 88
3 75 3 37 48 75
15 67 15 26 42 51 67
1 79 1 7 43 44 79
39 67 39 58 67
28 80 28 37 52 80
13 86 13 29 48 52 64 86
22 82 22 31 56 64 82
18 20 18 20
23 86 23 37 51 67 72 86
11 71 11 59 64 71
1 37 1 7 14 28 37
7 81 7 43 52 80 81
37 48 37 48
19 89 19 43 44 84 89
8 59 8 28 35 59
4 48 4 23 37 48
26 75 26 28 37 48 75
16 67 16 35 39 58 67
2 73 2 9 20 39 58 67 73
33 86 33 49 72 86
56 71 56 64 71
1 26 1 13 26
23 66 23 66
37 52 37 48 52
8 82 8 28 35 39 58 67 82
49 88 49 72 88
16 48 16 29 48
18 83 18 22 34 79 83
35 64 35 59 64
18 81 18 22 31 43 52 80 81
15 58 15 30 44 55 58
4 89 4 23 66 77 89
6 67 6 31 43 44 55 58 67
30 81 30 48 52 80 81
11 71 11 59 64 71
8 59 8 28 35 59
25 83 25 33 51 80 81 83
14 79 14 25 79
20 71 20 56 64 71
58 86 58 67 72 86
43 55 43 44 55
26 67 26 28 37 51 67
14 78 14 25 33 78
58 73 58 67 73
33 73 33 51 67 73
59 71 59 64 71
13 81 13 26 28 37 52 80 81
43 84 43 44 55 84
19 81 19 43 52 80 81
28 72 28 37 51 67 72
30 75 30 48 75
15 58 15 30 44 55 58
14 51 14 42 51
6 83 6 37 51 80 81 83
30 52 30 48 52
6 29 6 16 29
42 81 42 51 80 81
43 73 43 44 55 58 67 73
37 86 37 59 64 86
72 86 72 86
1 25 1 7 14 25
13 80 13 28 37 48 75 80
8 20 8 9 20
43 80 43 52 80
1 48 1 37 48
37 80 37 52 80
1 80 1 13 26 28 37 51 80
43 79 43 44 79
15 80 15 26 28 37 48 52 80
15 71 15 30 34 59 64 71
21 50 21 26 28 41 50
31 55 31 43 44 55
43 83 43 44 79 83
15 37 15 26 28 37
22 34 22 34
3 9 3 9
18 79 18 22 43 44 79
25 67 25 35 39 58 67
39 77 39 58 77
8 50 8 28 41 50
35 64 35 59 64
1 9 1 2 9
23 75 23 37 48 75
8 82 8 41 57 82
28 89 28 35 59 89
3 20 3 9 20
23 80 23 37 52 80
70 81 70 81
58 67 58 67
18 77 18 20 39 58 77
2 55 2 9 20 55
6 86 6 86
3 30 3 30
21 58 21 58
7 84 7 14 25 79 84
26 75 26 28 37 48 75
20 84 20 55 84
4 89 4 23 66 77 89
6 79 6 31 43 44 79
33 67 33 51 67
37 86 37 48 52 64 86
28 64 28 64
9 67 9 20 39 58 67
25 84 25 79 84
6 84 6 31 43 44 79 84
2 33 2 33
28 59 28 37 59
37 71 37 51 59 64 71
6 67 6 31 43 44 55 67
51 67 51 67
30 48 30 48
9 71 9 71
30 52 30 48 52
42 64 42 51 59 64
1 37 1 13 28 37
31 88 31 43 44 55 67 72 88
8 41 8 41
23 71 23 37 48 52 64 71
30 79 30 44 79
42 73 42 51 67 73
7 86 7 14 25 62 72 86
42 73 42 51 67 73
30 71 30 34 59 64 71
15 30 15 30
21 41 21 26 28 41
38 89 38 89
8 84 8 9 20 55 84
14 57 14 28 41 57
26 75 26 28 37 48 75
72 86 72 86
21 51 21 26 42 51
35 77 35 39 58 77
35 71 35 59 64 71
25 80 25 33 51 80
16 73 16 35 39 58 67 73
3 51 3 37 51
2 86 2 9 62 72 86
6 84 6 31 43 44 55 84
3 75 3 30 34 48 75
21 89 21 58 77 89
18 59 18 22 34 59
1 86 1 7 43 44 55 58 67 72 86
16 80 16 29 48 52 80
14 86 14 28 35 39 58 67 72 86
51 67 51 67
27 79 27 79
28 52 28 37 52
7 71 7 14 25 35 59 64 71
16 83 16 29 48 52 80 81 83
30 83 30 44 79 83
23 73 23 37 51 67 73
14 71 14 42 51 59 64 71
41 83 41 70 81 83
1 77 1 7 14 28 77
30 48 30 48
34 80 34 48 52 80
4 77 4 23 37 52 77
27 67 27 44 55 67
25 71 25 35 59 64 71
21 57 21 26 28 41 57
4 64 4 30 48 52 64
28 57 28 41 57
37 73 37 51 67 73
4 88 4 30 48 88
7 75 7 14 28 37 48 75
3 27 3 27
21 78 21 26 28 41 57 78
18 71 18 20 56 64 71
7 44 7 43 44
1 78 1 13 26 28 41 57 78
25 86 25 62 72 86
56 86 56 64 86
1 51 1 13 28 37 51
14 34 14 34
22 52 22 31 43 52
18 79 18 22 43 44 79
1 82 1 39 58 67 82
16 80 16 29 48 52 80
16 48 16 29 48
28 67 28 37 51 67
23 52 23 37 48 52
13 84 13 84
3 34 3 30 34
34 81 34 48 75 80 81
7 84 7 14 25 79 84
34 48 34 48
51 67 51 67
25 79 25 79
7 44 7 43 44
2 9 2 9
28 51 28 37 51
37 81 37 51 80 81
64 86 64 86
15 79 15 30 44 79
8 83 8 28 37 48 75 80 81 83
39 58 39 58
25 73 25 35 39 58 67 73
3 89 3 37 59 89
4 59 4 30 34 59
7 83 7 14 25 79 83
58 67 58 67
1 89 1 89
4 66 4 23 66
4 30 4 30
43 71 43 52 71
18 88 18 22 31 43 44 55 67 72 88
3 52 3 37 52
58 73 58 67 73
20 84 20 55 84
3 73 3 9 20 39 58 67 73
15 51 15 26 42 51
3 89 3 30 48 52 77 89
30 81 30 34 48 75 80 81
8 57 8 28 41 57
42 82 42 51 67 82
19 84 19 43 44 79 84
1 78 1 7 14 25 33 78
2 32 2 23 32
3 20 3 9 20
16 83 16 29 48 52 80 81 83
16 80 16 29 48 52 80
9 71 9 20 56 64 71
43 86 43 44 55 67 72 86
6 79 6 31 43 44 79
8 64 8 28 64
27 55 27 44 55
2 80 2 33 51 80
13 75 13 26 28 37 48 75
14 82 14 59 64 71 82
38 89 38 89
4 64 4 23 37 51 59 64
7 83 7 43 52 80 81 83
16 71 16 29 48 52 64 71
16 48 16 29 48
33 67 33 51 67
34 48 34 48
31 82 31 56 82
51 86 51 59 64 86
38 89 38 89
18 58 18 22 31 43 44 55 58
23 66 23 66
18 59 18 59
58 67 58 67
25 79 25 79
9 67 9 20 55 58 67
35 64 35 59 64
26 80 26 28 37 52 80
6 81 6 31 43 52 80 81
56 71 56 64 71
21 37 21 26 28 37
13 48 13 28 37 48
37 86 37 48 52 64 86
6 67 6 31 43 44 55 58 67
6 29 6 16 29
21 70 21 26 28 41 70
21 57 21 26 28 41 57
19 83 19 43 52 80 81 83
33 81 33 51 80 81
4 82 4 70 82
30 84 30 44 79 84
7 52 7 43 52
30 81 30 48 75 80 81
9 55 9 20 55
2 32 2 23 32
9 67 9 20 39 58 67
27 44 27 44
58 67 58 67
43 55 43 44 55
16 80 16 29 48 52 80
28 86 28 64 86
2 55 2 9 20 55
1 59 1 2 33 51 59
19 79 19 43 44 79
27 86 27 44 55 67 72 86
64 86 64 86
15 81 15 30 34 48 52 80 81
19 64 19 43 52 64
7 71 7 43 52 64 71
6 71 6 16 35 59 64 71
4 59 4 30 34 59
4 55 4 30 44 55
8 67 8 28 37 51 67
14 33 14 25 33
4 52 4 30 34 48 52
21 60 21 26 28 41 50 60
14 78 14 25 33 78
14 89 14 25 79 84 89
21 72 21 42 62 72
15 52 15 26 28 37 52
35 58 35 39 58
15 44 15 30 44
20 73 20 55 58 67 73
21 37 21 26 28 37
18 88 18 20 55 67 72 88
70 83 70 81 83
27 83 27 79 83
34 75 34 48 75
28 37 28 37
18 20 18 20
14 86 14 34 48 52 64 86
42 89 42 51 59 89
8 81 8 28 37 51 80 81
15 64 15 26 28 37 51 59 64
4 88 4 49 72 88
4 83 4 70 81 83
3 82 3 27 44 55 58 67 82
64 71 64 71
28 77 28 77
20 84 20 55 84
70 81 70 81
8 89 8 9 20 55 84 89
25 67 25 35 39 58 67
22 86 22 31 43 44 55 58 67 72 86
16 67 16 35 39 58 67
15 70 15 26 28 41 70
19 88 19 43 44 79 88
1 44 1 7 43 44
56 86 56 64 86
14 78 14 28 41 57 78
40 78 40 78
39 86 39 58 67 72 86
22 43 22 43
15 59 15 22 34 59
15 72 15 30 44 55 67 72
37 67 37 51 67
37 80 37 52 80
26 80 26 28 37 48 52 80
18 20 18 20
6 44 6 31 43 44
1 37 1 7 14 28 37
14 33 14 25 33
35 86 35 39 58 67 72 86
2 20 2 9 20
27 79 27 44 79
4 86 4 23 49 72 86
15 34 15 30 34
33 81 33 51 80 81
15 43 15 22 43
14 71 14 28 64 71
43 55 43 44 55
15 58 15 30 44 55 58
27 79 27 44 79
35 64 35 59 64
26 86 26 28 37 59 64 86
1 43 1 7 43
34 84 34 79 84
1 77 1 13 26 28 37 48 52 77
35 82 35 59 64 82
14 57 14 28 41 57
1 52 1 37 52
8 72 8 41 49 72
2 81 2 23 37 52 80 81
43 55 43 44 55
13 86 13 26 28 64 86
15 83 15 22 43 44 79 83
22 86 22 43 44 55 58 67 72 86
13 75 13 28 37 48 75
15 72 15 26 42 62 72
8 51 8 28 37 51
30 86 30 44 55 67 72 86
6 29 6 16 29
23 66 23 66
1 81 1 37 51 80 81
34 80 34 48 75 80
31 55 31 43 44 55
18 71 18 22 34 59 64 71
8 20 8 9 20
18 20 18 20
9 55 9 20 55
6 75 6 37 48 75
7 61 7 14 25 33 61
51 67 51 67
16 80 16 29 48 52 80
21 50 21 26 28 41 50
4 70 4 70
22 55 22 43 44 55
42 67 42 51 67
2 88 2 9 20 39 58 67 72 88
20 73 20 39 58 67 73
41 83 41 70 81 83
43 44 43 44
28 51 28 37 51
19 79 19 43 44 79
70 81 70 81
31 44 31 43 44
11 59 11 59
33 86 33 62 72 86
1 71 1 37 51 59 64 71
28 82 28 41 70 82
2 80 2 23 37 52 80
11 88 11 88
30 52 30 34 48 52
21 64 21 42 51 59 64
8 78 8 40 78
13 80 13 28 37 48 75 80
15 43 15 22 43
35 67 35 39 58 67
1 77 1 2 9 20 39 58 77
4 51 4 23 37 51
16 81 16 29 48 75 80 81
13 73 13 26 28 35 39 58 67 73
18 84 18 20 55 84
43 86 43 44 55 67 72 86
14 89 14 25 35 39 58 77 89
15 30 15 30
9 73 9 20 73
6 71 6 31 43 52 71
31 89 31 43 52 77 89
2 51 2 23 37 51
14 77 14 28 37 77
42 67 42 51 67
8 58 8 9 20 39 58
28 51 28 37 51
23 71 23 37 48 52 71
19 58 19 43 44 55 58
13 71 13 20 56 64 71
25 80 25 33 51 80
33 67 33 51 67
14 89 14 28 37 77 89
25 83 25 33 51 80 81 83
3 82 3 82
1 25 1 7 14 25
19 82 19 43 52 71 82
16 80 16 29 48 75 80
31 82 31 43 44 55 67 82
33 81 33 51 80 81
38 89 38 89
37 48 37 48
37 67 37 51 67
14 89 14 34 79 84 89
21 70 21 26 28 41 70
31 58 31 43 44 55 58
3 89 3 27 44 55 58 77 89
21 89 21 58 77 89
15 79 15 30 34 79
8 82 8 9 20 55 67 82
26 73 26 28 37 51 67 73
6 84 6 31 43 44 55 84
30 73 30 44 55 58 67 73
4 58 4 30 44 55 58
20 73 20 39 58 67 73
37 81 37 48 75 80 81
1 83 1 37 48 52 80 81 83
27 79 27 44 79
13 84 13 84
1 23 1 2 23
7 83 7 14 42 51 80 81 83
1 66 1 2 23 66
11 82 11 59 64 82
30 67 30 44 55 67
6 86 6 16 29 48 52 64 86
3 37 3 37
3 52 3 30 48 52
3 51 3 37 51
14 48 14 34 48
23 71 23 37 59 64 71
8 70 8 28 41 70
43 81 43 52 80 81
18 82 18 20 39 58 67 82
26 52 26 28 37 48 52
15 43 15 22 31 43
28 41 28 41
13 86 13 28 64 86
4 77 4 23 37 52 77
3 30 3 30
1 33 1 2 33
27 83 27 44 79 83
70 83 70 81 83
26 67 26 42 51 67
42 51 42 51
2 89 2 33 51 59 89
6 73 6 31 43 44 55 67 73
21 51 21 42 51
41 81 41 70 81
6 52 6 37 52
37 80 37 52 80
51 71 51 59 64 71
22 88 22 43 44 79 88
23 73 23 37 51 67 73
43 80 43 52 80
31 71 31 56 64 71
43 55 43 44 55
1 33 1 2 33
27 67 27 44 55 67
7 75 7 14 28 37 48 75
2 52 2 23 37 48 52
37 67 37 51 67
42 86 42 51 59 64 86
31 89 31 43 44 79 84 89
6 52 6 37 52
62 86 62 72 86
1 23 1 2 23
30 84 30 44 55 84
43 83 43 44 79 83
37 75 37 48 75
37 75 37 48 75
1 84 1 13 20 55 84
27 55 27 44 55
7 52 7 14 34 48 52
18 86 18 59 64 86
35 82 35 59 64 71 82
43 44 43 44
26 75 26 28 37 48 75
4 51 4 23 37 51
1 20 1 13 20
59 71 59 64 71
15 72 15 30 44 55 67 72
64 86 64 86
1 20 1 13 20
28 37 28 37
7 84 7 43 44 84
15 60 15 26 28 41 50 60
6 44 6 31 43 44
25 81 25 33 51 80 81
18 71 18 20 56 64 71
30 55 30 44 55
31 67 31 43 44 55 67
33 61 33 61
20 84 20 55 84
15 34 15 30 34
13 86 13 29 48 52 64 86
2 72 2 23 49 72
14 57 14 28 41 57
30 55 30 44 55
14 89 14 42 51 59 89
22 43 22 31 43
2 66 2 23 66
2 20 2 9 20
8 82 8 28 64 82
2 88 2 23 37 48 75 88
18 78 18 20 40 78
33 73 33 51 67 73
1 79 1 7 14 34 79
20 84 20 55 84
16 48 16 29 48
51 71 51 59 64 71
25 83 25 79 83
22 43 22 31 43
3 51 3 37 51
4 37 4 23 37
8 58 8 28 35 39 58
2 32 2 23 32
58 67 58 67
30 80 30 48 75 80
35 89 35 39 58 77 89
4 44 4 30 44
8 88 8 62 72 88
38 89 38 89
9 73 9 20 73
28 86 28 64 86
21 77 21 58 77
30 73 30 44 55 67 73
13 81 13 26 42 51 80 81
6 67 6 31 43 44 55 67
18 82 18 20 39 58 67 82
21 72 21 42 51 67 72
37 80 37 51 80
2 55 2 9 20 55
19 58 19 43 44 55 58
8 78 8 41 57 78
31 64 31 56 64
1 43 1 7 43
21 71 21 26 28 64 71
30 75 30 48 75
3 30 3 30
16 86 16 35 39 58 67 72 86
33 83 33 51 80 81 83
9 55 9 20 55
4 77 4 30 34 48 52 77
59 71 59 64 71
41 86 41 49 72 86
18 73 18 22 31 43 44 55 67 73
2 51 2 33 51
4 77 4 30 48 52 77
8 81 8 41 70 81
43 80 43 52 80
8 51 8 28 37 51
39 88 39 58 67 72 88
18 72 18 20 55 67 72
21 57 21 26 28 41 57
3 27 3 27
4 51 4 23 37 51
18 82 18 22 34 48 52 71 82
28 37 28 37
25 61 25 33 61
7 44 7 43 44
34 75 34 48 75
16 29 16 29
21 72 21 42 62 72
8 58 8 9 20 39 58
43 71 43 52 71
22 44 22 31 43 44
15 71 15 30 48 52 71
21 60 21 26 28 41 50 60
16 52 16 29 48 52
4 72 4 49 72
15 81 15 22 43 52 80 81
23 52 23 37 52
28 41 28 41
22 75 22 34 48 75
22 80 22 31 43 52 80
35 88 35 39 58 67 72 88
2 82 2 33 51 59 64 82
37 52 37 52
26 81 26 42 51 80 81
39 88 39 58 67 72 88
8 86 8 28 35 39 58 67 72 86
14 60 14 28 41 50 60
21 60 21 26 28 41 50 60
33 67 33 51 67
3 89 3 9 20 39 58 77 89
34 48 34 48
28 75 28 37 48 75
8 63 8 28 41 57 63
1 25 1 7 14 25
7 61 7 14 25 33 61
26 86 26 42 51 86
19 44 19 43 44
7 80 7 14 28 37 48 75 80
13 67 13 20 55 58 67
4 72 4 30 44 55 67 72
15 89 15 26 42 51 59 89
26 50 26 28 41 50
4 84 4 30 34 79 84
14 67 14 42 51 67
39 89 39 58 77 89
7 83 7 14 34 48 52 80 81 83
15 83 15 22 34 48 52 80 81 83
14 63 14 28 41 63
51 81 51 80 81
4 34 4 30 34
14 77 14 34 48 52 77
1 86 1 7 64 86
59 71 59 64 71
56 64 56 64
18 55 18 20 55
23 80 23 37 48 75 80
15 84 15 30 34 79 84
23 80 23 37 51 80
51 67 51 67
19 77 19 43 52 77
16 29 16 29
15 79 15 22 43 44 79
28 75 28 37 48 75
2 20 2 9 20
2 9 2 9
4 55 4 30 44 55
42 72 42 62 72
28 57 28 41 57
18 88 18 22 31 43 44 55 67 72 88
28 82 28 64 71 82
4 75 4 23 37 48 75
43 73 43 44 55 67 73
43 71 43 52 64 71
4 59 4 23 37 51 59
37 73 37 51 67 73
51 83 51 80 81 83
51 83 51 80 81 83
2 61 2 33 61
6 83 6 16 29 48 52 80 81 83
3 44 3 30 44
51 80 51 80
15 86 15 30 48 52 64 86
15 58 15 30 44 55 58
16 67 16 35 39 58 67
49 86 49 72 86
51 71 51 59 64 71
3 44 3 27 44
7 44 7 43 44
7 48 7 14 34 48
3 20 3 9 20
21 37 21 26 28 37
2 67 2 9 20 55 58 67
28 88 28 35 39 58 67 72 88
19 89 19 38 89
21 70 21 26 28 41 70
3 78 3 27 78
19 58 19 43 44 55 58
30 55 30 44 55
51 81 51 80 81
34 81 34 48 75 80 81
21 88 21 58 67 72 88
8 78 8 9 20 40 78
3 89 3 27 79 84 89
21 89 21 58 77 89
2 77 2 9 20 39 58 77
14 25 14 25
25 81 25 33 51 80 81
6 48 6 16 29 48
8 52 8 28 37 48 52
30 52 30 48 52
4 37 4 23 37
2 73 2 33 51 67 73
8 48 8 28 37 48
21 64 21 42 51 59 64
27 84 27 79 84
4 88 4 49 72 88
6 81 6 31 43 52 80 81
25 73 25 33 51 67 73
15 41 15 26 28 41
31 82 31 56 64 82
2 75 2 23 37 48 75
21 59 21 42 51 59
21 89 21 58 77 89
62 86 62 72 86
2 58 2 9 20 55 58
28 73 28 37 51 67 73
43 44 43 44
21 58 21 58
22 82 22 31 56 82
31 71 31 43 52 64 71
1 41 1 13 28 41
39 88 39 58 67 72 88
8 80 8 28 37 52 80
57 86 57 72 86
18 34 18 22 34
4 48 4 30 34 48
7 83 7 14 42 51 80 81 83
28 88 28 41 57 72 88
26 67 26 42 51 67
51 86 51 86
34 81 34 48 75 80 81
3 78 3 9 20 40 78
22 81 22 43 52 80 81
4 88 4 49 72 88
6 81 6 31 43 52 80 81
21 50 21 26 28 41 50
22 64 22 31 43 52 64
14 60 14 28 41 50 60
2 61 2 33 61
13 86 13 29 48 52 64 86
16 73 16 35 39 58 67 73
22 82 22 34 48 75 82
39 82 39 58 67 82
43 44 43 44
37 75 37 48 75
43 86 43 44 55 67 72 86
70 81 70 81
3 59 3 30 34 59
37 73 37 51 67 73
2 72 2 23 37 49 72
9 55 9 20 55
15 71 15 30 34 48 52 64 71
1 34 1 7 14 34
9 73 9 20 73
14 48 14 34 48
30 79 30 34 79
42 89 42 51 59 89
1 79 1 7 14 25 79
15 67 15 26 28 37 51 67
35 64 35 59 64
1 82 1 13 26 42 51 59 64 71 82
2 89 2 9 20 39 58 77 89
8 72 8 9 62 72
7 55 7 43 44 55
2 77 2 23 37 52 77
16 67 16 35 39 58 67
13 86 13 28 37 48 52 64 86
41 83 41 70 81 83
1 83 1 2 33 51 80 81 83
19 72 19 62 72
31 89 31 43 44 79 84 89
43 80 43 52 80
39 72 39 58 67 72
33 71 33 51 59 64 71
28 70 28 41 70
15 44 15 22 43 44
23 81 23 37 48 75 80 81
30 83 30 48 52 80 81 83
2 61 2 33 61
43 80 43 52 80
28 70 28 41 70
37 71 37 51 59 64 71
35 58 35 39 58
25 71 25 33 51 59 64 71
33 71 33 51 59 64 71
3 9 3 9
21 88 21 26 28 35 39 58 67 72 88
1 44 1 7 43 44
22 55 22 43 44 55
25 79 25 79
11 82 11 59 64 71 82
43 44 43 44
2 23 2 23
8 70 8 41 70
14 41 14 28 41
3 88 3 9 20 39 58 67 72 88
14 63 14 25 63
2 82 2 33 51 59 64 71 82
4 73 4 30 44 55 58 67 73
4 64 4 23 37 59 64
4 59 4 30 34 59
37 83 37 48 75 80 81 83
26 52 26 28 37 52
23 52 23 37 52
1 23 1 2 23
20 71 20 56 64 71
23 48 23 37 48
1 7 1 7
6 44 6 31 43 44
21 59 21 26 28 35 59
31 83 31 43 52 80 81 83
39 67 39 58 67
6 44 6 31 43 44
2 82 2 56 64 82
31 55 31 43 44 55
22 43 22 43
15 48 15 22 34 48
7 52 7 14 34 48 52
4 67 4 23 37 51 67
30 52 30 48 52
9 67 9 20 39 58 67
16 67 16 35 39 58 67
26 50 26 28 41 50
35 72 35 39 58 67 72
51 83 51 80 81 83
27 79 27 79
14 61 14 25 33 61
2 48 2 23 37 48
28 64 28 64
18 59 18 22 34 59
1 72 1 37 49 72
1 67 1 13 28 35 39 58 67
14 72 14 25 62 72
3 72 3 37 51 67 72
42 82 42 51 67 82
51 67 51 67
8 84 8 9 20 55 84
3 83 3 27 44 79 83
4 82 4 82
23 67 23 37 51 67
4 81 4 23 37 52 80 81
6 71 6 71
14 82 14 42 51 67 82
3 34 3 30 34
30 81 30 48 52 80 81
21 59 21 26 42 51 59
1 34 1 7 14 34
34 52 34 48 52
22 73 22 31 43 44 55 67 73
22 71 22 31 43 52 71
2 61 2 33 61
28 51 28 37 51
1 70 1 13 28 41 70
6 80 6 31 43 52 80
56 82 56 64 82
1 89 1 7 89
15 77 15 26 28 35 39 58 77
31 89 31 43 52 77 89
7 52 7 14 34 48 52
23 52 23 37 52
15 67 15 26 28 37 51 67
31 72 31 43 44 55 58 67 72
1 88 1 37 48 75 88
14 84 14 34 79 84
37 80 37 48 75 80
51 86 51 67 72 86
20 55 20 55
26 80 26 42 51 80
14 63 14 28 41 57 63
3 71 3 30 34 59 64 71
23 71 23 37 59 64 71
11 86 11 59 64 86
19 79 19 43 44 79
15 64 15 30 34 48 52 64
18 82 18 20 55 58 67 82
15 78 15 26 28 41 57 78
41 86 41 57 72 86
21 73 21 58 67 73
19 58 19 43 44 55 58
11 64 11 59 64
22 72 22 43 44 55 67 72
4 83 4 30 34 79 83
25 61 25 33 61
43 80 43 52 80
22 73 22 31 43 44 55 67 73
31 64 31 43 52 64
42 59 42 51 59
20 86 20 55 67 72 86
37 80 37 51 80
3 58 3 30 44 55 58
25 61 25 33 61
15 58 15 30 44 55 58
15 50 15 26 28 41 50
30 79 30 34 79
20 55 20 55
1 67 1 2 23 37 51 67
28 73 28 35 39 58 67 73
20 71 20 56 64 71
4 48 4 30 48
43 67 43 44 55 58 67
22 44 22 31 43 44
14 41 14 28 41
43 52 43 52
4 71 4 30 34 48 52 71
23 32 23 32
42 89 42 51 59 89
15 34 15 22 34
4 71 4 30 48 52 64 71
13 81 13 26 28 41 70 81
31 88 31 43 44 55 67 72 88
64 71 64 71
14 60 14 28 41 50 60
9 73 9 20 55 58 67 73
7 81 7 14 28 37 52 80 81
26 75 26 28 37 48 75
13 73 13 26 28 37 51 67 73
20 67 20 55 67
42 82 42 51 67 82
6 81 6 16 29 48 75 80 81
4 79 4 30 34 79
13 80 13 28 37 48 52 80
56 64 56 64
64 86 64 86
1 59 1 2 33 51 59
1 9 1 2 9
18 20 18 20
14 79 14 25 79
6 83 6 37 48 75 80 81 83
4 51 4 23 37 51
4 88 4 49 72 88
34 84 34 79 84
56 64 56 64
26 50 26 28 41 50
9 73 9 20 73
30 75 30 48 75
2 73 2 23 37 51 67 73
70 81 70 81
22 34 22 34
3 75 3 37 48 75
34 79 34 79
35 86 35 39 58 67 72 86
1 37 1 13 28 37
6 71 6 31 43 52 71
25 67 25 35 39 58 67
42 72 42 62 72
8 77 8 9 20 39 58 77
21 72 21 26 42 51 67 72
6 71 6 31 43 52 71
37 67 37 51 67
6 52 6 16 29 48 52
4 83 4 30 44 79 83
3 81 3 30 34 48 75 80 81
6 81 6 37 52 80 81
28 37 28 37
30 83 30 34 79 83
43 84 43 44 84
43 44 43 44
3 81 3 37 48 52 80 81
31 77 31 43 44 55 58 77
4 32 4 23 32
4 30 4 30
14 52 14 28 37 48 52
14 64 14 42 51 59 64
42 51 42 51
25 84 25 79 84
64 71 64 71
6 80 6 16 29 48 52 80
7 80 7 14 25 33 51 80
31 77 31 43 52 77
31 82 31 43 44 55 67 82
6 83 6 16 29 48 52 80 81 83
8 83 8 28 41 70 81 83
28 37 28 37
19 82 19 43 52 64 82
37 48 37 48
35 73 35 39 58 67 73
59 71 59 64 71
15 63 15 26 28 41 63
31 88 31 43 44 55 67 72 88
11 88 11 88
7 83 7 14 25 79 83
6 67 6 31 43 44 55 67
18 55 18 22 31 43 44 55
4 77 4 30 34 48 52 77
3 27 3 27
37 67 37 51 67
22 77 22 43 52 77
2 72 2 9 62 72
41 86 41 57 72 86
15 82 15 22 43 44 55 58 67 82
7 55 7 43 44 55
25 73 25 35 39 58 67 73
28 58 28 35 39 58
30 67 30 44 55 67
37 52 37 48 52
15 37 15 26 28 37
1 50 1 13 28 41 50
7 75 7 14 34 48 75
1 73 1 2 9 20 39 58 67 73
56 82 56 82
43 80 43 52 80
4 32 4 23 32
6 75 6 37 48 75
2 80 2 23 37 51 80
21 37 21 26 28 37
2 81 2 33 51 80 81
19 72 19 62 72
3 37 3 37
3 55 3 9 20 55
9 73 9 20 73
20 84 20 55 84
18 88 18 22 31 43 44 55 67 72 88
31 79 31 43 44 79
51 71 51 59 64 71
19 58 19 43 44 55 58
1 89 1 39 58 77 89
2 66 2 23 66
30 55 30 44 55
14 84 14 34 79 84
34 83 34 79 83
31 58 31 43 44 55 58
72 86 72 86
15 64 15 26 28 37 51 59 64
1 25 1 7 14 25
1 23 1 2 23
41 50 41 50
18 59 18 59
7 67 7 14 25 33 51 67
6 67 6 37 51 67
27 84 27 44 55 84
41 50 41 50
4 52 4 30 48 52
1 77 1 37 52 77
4 78 4 23 66 78
15 26 15 26
2 72 2 23 37 51 67 72
1 23 1 2 23
3 86 3 64 86
37 80 37 48 75 80
8 60 8 28 41 50 60
11 59 11 59
21 50 21 26 28 41 50
2 9 2 9
25 61 25 33 61
3 78 3 9 20 40 78
6 73 6 16 35 39 58 67 73
35 77 35 39 58 77
7 83 7 43 44 79 83
8 59 8 28 35 59
43 44 43 44
21 63 21 26 28 41 57 63
3 72 3 37 49 72
8 70 8 41 70
4 51 4 23 37 51
3 81 3 37 52 80 81
37 67 37 51 67
26 75 26 28 37 48 75
4 82 4 23 37 48 75 82
51 80 51 80
1 9 1 2 9
19 81 19 43 52 80 81
34 71 34 48 52 71
21 89 21 58 77 89
31 89 31 43 52 77 89
14 86 14 25 35 39 58 67 72 86
28 89 28 77 89
21 64 21 42 51 59 64
28 59 28 37 51 59
22 82 22 31 56 64 82
15 89 15 26 42 51 59 89
1 57 1 13 28 41 57
26 73 26 73
20 55 20 55
6 79 6 31 43 44 79
14 82 14 34 48 52 64 71 82
16 67 16 35 39 58 67
9 84 9 20 55 84
59 71 59 64 71
25 71 25 35 59 64 71
43 67 43 44 55 67
22 72 22 31 43 44 55 67 72
11 82 11 59 64 82
15 83 15 22 43 44 79 83
14 57 14 28 41 57
26 71 26 42 51 59 64 71
19 77 19 43 52 77
21 52 21 26 28 37 52
30 86 30 48 52 64 86
13 52 13 28 37 48 52
18 59 18 22 34 59
22 64 22 34 59 64
14 50 14 28 41 50
34 86 34 59 64 86
25 73 25 35 39 58 67 73
31 52 31 43 52
21 78 21 26 28 41 57 78
26 81 26 28 41 70 81
30 86 30 34 86
1 50 1 13 26 28 41 50
64 71 64 71
16 86 16 35 39 58 67 72 86
23 66 23 66
28 77 28 37 77
18 64 18 59 64
14 50 14 28 41 50
28 57 28 41 57
27 84 27 79 84
23 48 23 37 48
7 79 7 43 44 79
1 50 1 7 14 28 41 50
26 50 26 28 41 50
21 37 21 26 28 37
27 79 27 79
33 80 33 51 80
4 78 4 23 66 78
18 64 18 20 56 64
3 67 3 27 44 55 67
2 89 2 23 66 77 89
7 67 7 14 25 33 51 67
51 83 51 80 81 83
35 82 35 59 64 71 82
28 78 28 41 57 78
6 55 6 31 43 44 55
34 83 34 48 52 80 81 83
2 33 2 33
30 44 30 44
16 80 16 29 48 52 80
15 30 15 30
2 9 2 9
21 72 21 26 28 37 49 72
8 55 8 9 20 55
33 61 33 61
33 81 33 51 80 81
21 51 21 26 28 37 51
25 71 25 33 51 59 64 71
56 64 56 64
2 51 2 23 37 51
33 67 33 51 67
21 59 21 42 51 59
35 59 35 59
31 52 31 43 52
18 34 18 22 34
14 88 14 28 35 39 58 67 72 88
15 70 15 26 28 41 70
7 48 7 14 28 37 48
34 79 34 79
28 73 28 35 39 58 67 73
35 89 35 59 89
30 83 30 44 79 83
14 78 14 28 41 57 78
2 81 2 23 37 52 80 81
15 82 15 30 34 59 64 71 82
14 64 14 59 64
4 84 4 30 34 79 84
7 86 7 64 86
4 67 4 30 44 55 58 67
8 70 8 41 70
11 82 11 59 64 82
39 67 39 58 67
4 79 4 30 44 79
23 73 23 37 51 67 73
42 51 42 51
1 26 1 13 26
14 63 14 28 41 57 63
18 52 18 22 43 52
59 71 59 64 71
8 50 8 28 41 50
21 26 21 26
4 72 4 49 72
14 82 14 28 35 59 64 82
4 80 4 23 37 48 52 80
23 73 23 37 51 67 73
1 60 1 7 14 28 41 50 60
51 67 51 67
6 44 6 31 43 44
30 80 30 34 48 75 80
8 78 8 41 57 78
21 63 21 26 28 41 63
6 73 6 31 43 44 55 58 67 73
49 88 49 72 88
11 71 11 59 64 71
7 80 7 14 28 37 51 80
21 88 21 58 67 72 88
1 61 1 7 14 25 33 61
15 72 15 30 44 55 67 72
26 52 26 28 37 52
26 83 26 28 37 52 80 81 83
16 86 16 35 39 58 67 72 86
39 73 39 58 67 73
1 26 1 13 26
39 89 39 58 77 89
56 71 56 64 71
7 83 7 43 44 79 83
2 64 2 33 51 59 64
3 30 3 30
58 73 58 67 73
23 75 23 37 48 75
27 73 27 44 55 58 67 73
4 64 4 23 37 59 64
15 77 15 22 34 48 52 77
30 52 30 48 52
23 81 23 37 48 75 80 81
25 71 25 33 51 59 64 71
21 52 21 26 28 37 48 52
14 25 14 25
15 80 15 30 34 48 75 80
8 58 8 28 35 39 58
2 9 2 9
30 81 30 48 52 80 81
2 9 2 9
15 64 15 22 31 43 52 64
4 79 4 30 44 79
28 59 28 37 51 59
8 52 8 28 37 52
35 59 35 59
1 59 1 2 33 51 59
1 44 1 7 43 44
35 59 35 59
1 89 1 39 58 77 89
19 82 19 82
16 75 16 29 48 75
18 44 18 22 43 44
1 32 1 2 23 32
37 73 37 51 67 73
19 72 19 43 44 55 58 67 72
57 86 57 72 86
22 52 22 43 52
70 81 70 81
42 51 42 51
1 41 1 7 14 28 41
4 51 4 23 37 51
23 32 23 32
8 63 8 41 63
18 67 18 20 39 58 67
41 83 41 70 81 83
15 43 15 22 31 43
4 58 4 30 44 55 58
20 55 20 55
2 82 2 23 37 59 64 82
37 73 37 51 67 73
8 20 8 9 20
51 86 51 59 64 86
8 64 8 28 64
8 51 8 28 37 51
22 71 22 43 52 71
4 64 4 23 37 59 64
4 51 4 23 37 51
20 84 20 55 84
22 83 22 43 52 80 81 83
1 75 1 37 48 75
23 81 23 37 48 75 80 81
28 80 28 37 52 80
1 52 1 37 52
30 55 30 44 55
14 57 14 28 41 57
56 82 56 64 82
85 88 85 88
23 73 23 37 51 67 73
41 50 41 50
15 58 15 26 28 35 39 58
8 57 8 41 57
1 7 1 7
42 67 42 51 67
7 67 7 43 44 55 58 67
3 52 3 30 34 48 52
4 81 4 70 81
37 52 37 52
4 72 4 30 44 55 67 72
9 67 9 20 55 67
2 37 2 23 37
14 50 14 28 41 50
25 80 25 33 51 80
8 83 8 28 37 52 80 81 83
2 86 2 33 49 72 86
6 67 6 31 43 44 55 67
25 71 25 35 59 64 71
18 78 18 20 40 78
3 48 3 37 48
33 73 33 51 67 73
33 67 33 51 67
11 86 11 59 64 86
57 86 57 72 86
34 83 34 48 52 80 81 83
39 88 39 58 67 72 88
7 80 7 14 25 33 51 80
30 44 30 44
15 59 15 30 34 59
19 89 19 43 44 84 89
14 78 14 25 40 78
15 26 15 26
9 86 9 20 39 58 67 72 86
43 81 43 52 80 81
13 73 13 28 37 51 67 73
2 37 2 23 37
33 61 33 61
4 30 4 30
3 59 3 37 51 59
18 82 18 20 55 58 67 82
18 77 18 22 34 48 52 77
20 73 20 73
8 64 8 28 64
8 64 8 28 64
1 51 1 13 26 42 51
11 71 11 59 64 71
6 52 6 31 43 52
4 58 4 30 44 55 58
1 32 1 2 23 32
2 75 2 23 37 48 75
1 81 1 7 43 52 80 81
28 80 28 37 52 80
6 75 6 37 48 75
19 86 19 56 64 86
40 78 40 78
34 81 34 48 75 80 81
2 67 2 33 51 67
43 83 43 52 80 81 83
25 73 25 35 39 58 67 73
51 67 51 67
39 73 39 58 67 73
35 72 35 39 58 67 72
25 83 25 79 83
2 72 2 23 49 72
34 80 34 48 52 80
14 33 14 25 33
35 88 35 39 58 67 72 88
59 71 59 64 71
25 86 25 35 59 64 86
30 84 30 34 79 84
22 75 22 34 48 75
1 77 1 7 14 28 77
21 60 21 26 28 41 50 60
1 50 1 13 28 41 50
23 83 23 37 52 80 81 83
37 71 37 48 52 64 71
21 64 21 42 51 59 64
31 58 31 43 44 55 58
28 72 28 37 72
22 44 22 43 44
1 78 1 2 78
19 43 19 43
31 81 31 43 52 80 81
62 72 62 72
28 70 28 41 70
70 83 70 81 83
6 44 6 31 43 44
1 60 1 7 14 28 41 50 60
2 9 2 9
3 78 3 9 20 40 78
19 64 19 43 52 64
6 73 6 37 51 67 73
13 81 13 29 48 75 80 81
28 82 28 41 50 82
21 59 21 42 51 59
1 70 1 7 14 28 41 70
23 75 23 37 48 75
34 71 34 48 52 71
4 73 4 23 37 51 67 73
22 77 22 34 48 52 77
20 71 20 56 64 71
8 64 8 28 37 51 59 64
15 77 15 22 34 48 52 77
2 77 2 23 66 77
7 71 7 14 42 51 59 64 71
19 72 19 62 72
15 34 15 30 34
15 57 15 26 28 41 57
8 9 8 9
8 70 8 28 41 70
15 57 15 26 28 41 57
1 67 1 37 51 67
6 81 6 31 43 52 80 81
19 80 19 43 52 80
19 89 19 38 89
1 58 1 7 14 25 35 39 58
15 58 15 26 28 35 39 58
7 61 7 14 25 33 61
3 48 3 30 48
7 86 7 64 86
1 67 1 2 9 20 55 67
19 58 19 43 44 55 58
51 73 51 67 73
3 72 3 37 51 67 72
16 71 16 35 59 64 71
2 61 2 33 61
18 79 18 22 34 79
7 50 7 14 28 41 50
31 83 31 43 52 80 81 83
21 63 21 26 28 41 63
16 71 16 29 48 52 71
51 67 51 67
2 82 2 9 20 39 58 67 82
1 26 1 13 26
20 55 20 55
4 58 4 30 44 55 58
8 64 8 9 20 56 64
8 70 8 28 41 70
2 78 2 78
26 73 26 73
43 80 43 52 80
2 59 2 23 37 51 59
14 80 14 42 51 80
31 89 31 43 52 77 89
34 84 34 79 84
21 26 21 26
14 58 14 25 35 39 58
43 52 43 52
42 88 42 62 72 88
33 61 33 61
2 84 2 9 20 55 84
11 88 11 88
16 83 16 29 48 75 80 81 83
7 71 7 43 52 71
3 64 3 9 20 56 64
43 86 43 52 64 86
22 67 22 31 43 44 55 58 67
21 57 21 26 28 41 57
18 71 18 20 56 64 71
30 79 30 34 79
25 84 25 79 84
42 81 42 51 80 81
6 75 6 37 48 75
6 48 6 16 29 48
42 72 42 62 72
25 67 25 35 39 58 67
4 66 4 23 66
3 82 3 9 71 82
56 64 56 64
14 88 14 28 35 39 58 67 72 88
16 73 16 35 39 58 67 73
2 48 2 23 37 48
59 71 59 64 71
22 73 22 43 44 55 58 67 73
25 81 25 33 51 80 81
22 44 22 31 43 44
21 37 21 26 28 37
4 64 4 23 37 51 59 64
16 29 16 29
26 67 26 42 51 67
33 81 33 51 80 81
21 37 21 26 28 37
2 88 2 23 49 72 88
8 88 8 28 41 49 72 88
16 29 16 29
13 55 13 20 55
3 58 3 27 44 55 58
9 73 9 20 73
23 48 23 37 48
43 80 43 52 80
35 88 35 39 58 67 72 88
7 50 7 14 28 41 50
8 64 8 28 35 59 64
20 84 20 55 84
23 67 23 37 51 67
37 71 37 52 64 71
7 73 7 43 44 55 58 67 73
20 84 20 55 84
28 37 28 37
22 55 22 43 44 55
25 73 25 35 39 58 67 73
28 63 28 41 57 63
23 73 23 37 51 67 73
11 64 11 59 64
43 86 43 52 64 86
18 77 18 22 31 43 44 55 58 77
41 83 41 70 81 83
8 77 8 28 35 39 58 77
23 71 23 37 52 64 71
19 77 19 43 52 77
4 64 4 30 48 52 64
28 73 28 37 51 67 73
42 88 42 51 67 72 88
22 82 22 34 59 64 71 82
13 83 13 29 48 75 80 81 83
31 89 31 43 52 77 89
28 80 28 37 52 80
7 83 7 14 28 41 70 81 83
16 29 16 29
72 86 72 86
8 9 8 9
43 52 43 52
21 72 21 42 51 67 72
1 64 1 13 29 48 52 64
15 75 15 30 48 75
18 59 18 22 34 59
33 73 33 51 67 73
30 71 30 34 48 52 64 71
4 78 4 23 66 78
23 48 23 37 48
18 88 18 22 34 79 88
31 72 31 43 44 55 58 67 72
30 79 30 34 79
37 80 37 52 80
35 59 35 59
33 86 33 62 72 86
28 64 28 37 51 59 64
4 48 4 23 37 48
3 48 3 30 48
31 79 31 43 44 79
14 41 14 28 41
34 79 34 79
14 72 14 25 35 39 58 67 72
14 70 14 28 41 70
1 37 1 2 23 37
3 89 3 30 44 55 84 89
19 72 19 62 72
1 78 1 2 78
15 48 15 26 28 37 48
28 88 28 35 39 58 67 72 88
39 67 39 58 67
3 64 3 64
62 88 62 72 88
56 82 56 64 82
1 89 1 2 33 51 59 89
8 77 8 28 35 39 58 77
15 80 15 22 43 52 80
37 75 37 48 75
15 34 15 30 34
2 66 2 23 66
1 26 1 13 26
6 73 6 37 51 67 73
6 83 6 16 29 48 75 80 81 83
43 86 43 52 64 86
34 75 34 48 75
1 64 1 13 29 48 52 64
4 89 4 30 48 52 77 89
35 77 35 39 58 77
14 59 14 59
31 77 31 43 44 55 58 77
25 84 25 79 84
16 81 16 29 48 75 80 81
2 52 2 23 37 52
15 57 15 26 28 41 57
18 84 18 20 55 84
23 52 23 37 52
31 72 31 43 44 55 58 67 72
9 84 9 20 55 84
35 77 35 39 58 77
39 58 39 58
2 37 2 23 37
18 82 18 22 34 48 75 82
25 79 25 79
15 60 15 26 28 41 50 60
1 89 1 39 58 77 89
16 71 16 29 48 52 71
3 58 3 9 20 55 58
72 86 72 86
43 84 43 44 84
15 78 15 26 28 41 57 78
8 78 8 41 57 78
2 67 2 23 37 51 67
28 64 28 35 59 64
6 86 6 37 52 64 86
43 83 43 44 79 83
13 75 13 29 48 75
2 86 2 23 37 59 64 86
1 20 1 2 9 20
30 48 30 34 48
70 83 70 81 83
16 73 16 35 39 58 67 73
20 71 20 56 64 71
21 78 21 26 28 41 57 78
42 88 42 62 72 88
37 48 37 48
23 80 23 37 52 80
27 44 27 44
1 63 1 13 26 28 41 63
33 61 33 61
15 26 15 26
27 84 27 79 84
34 83 34 48 52 80 81 83
28 37 28 37
37 86 37 52 64 86
21 64 21 42 51 59 64
8 20 8 9 20
1 55 1 13 20 55
21 81 21 42 51 80 81
8 50 8 41 50
7 55 7 43 44 55
23 52 23 37 52
15 84 15 30 44 55 84
28 89 28 77 89
7 79 7 43 44 79
18 86 18 20 55 58 67 72 86
49 72 49 72
7 81 7 43 52 80 81
31 58 31 43 44 55 58
37 48 37 48
16 80 16 29 48 52 80
42 73 42 51 67 73
22 89 22 34 48 52 77 89
56 64 56 64
14 67 14 28 37 51 67
4 23 4 23
30 83 30 48 75 80 81 83
22 89 22 31 43 52 77 89
26 67 26 42 51 67
7 50 7 14 28 41 50
37 71 37 52 64 71
2 84 2 9 20 55 84
14 77 14 34 48 52 77
2 81 2 33 51 80 81
8 59 8 28 35 59
22 82 22 31 43 44 55 58 67 82
4 70 4 70
22 75 22 34 48 75
13 73 13 28 35 39 58 67 73
4 82 4 30 44 55 67 82
1 9 1 2 9
59 71 59 64 71
51 67 51 67
34 80 34 48 75 80
25 81 25 33 51 80 81
25 71 25 35 59 64 71
26 52 26 28 37 48 52
14 37 14 28 37
3 30 3 30
43 83 43 44 79 83
62 88 62 72 88
30 52 30 34 48 52
22 72 22 31 43 44 55 58 67 72
41 86 41 49 72 86
8 41 8 41
25 73 25 35 39 58 67 73
19 80 19 43 52 80
16 80 16 29 48 52 80
34 71 34 48 52 64 71
2 23 2 23
7 73 7 43 44 55 67 73
21 75 21 26 28 37 48 75
22 58 22 43 44 55 58
30 80 30 34 48 75 80
7 52 7 14 34 48 52
7 50 7 14 28 41 50
4 58 4 30 44 55 58
22 77 22 34 48 52 77
4 58 4 30 44 55 58
6 81 6 31 43 52 80 81
42 72 42 62 72
19 81 19 43 52 80 81
4 88 4 30 48 75 88
3 27 3 27
33 73 33 51 67 73
9 67 9 20 55 58 67
33 67 33 51 67
7 86 7 62 72 86
33 83 33 51 80 81 83
21 52 21 26 28 37 52
7 71 7 43 52 71
42 64 42 51 59 64
39 82 39 58 67 82
15 81 15 26 28 37 52 80 81
13 50 13 26 28 41 50
8 50 8 41 50
21 78 21 26 28 41 57 78
19 86 19 62 72 86
28 77 28 35 39 58 77
30 71 30 34 59 64 71
35 77 35 39 58 77
16 48 16 29 48
6 67 6 37 51 67
26 86 26 28 41 49 72 86
18 20 18 20
23 86 23 37 48 52 64 86
23 75 23 37 48 75
19 86 19 56 64 86
14 79 14 25 79
18 34 18 22 34
23 71 23 37 48 52 71
15 34 15 30 34
26 80 26 42 51 80
1 33 1 7 14 25 33
34 71 34 59 64 71
22 81 22 31 43 52 80 81
15 34 15 30 34
19 80 19 43 52 80
43 83 43 44 79 83
21 57 21 26 28 41 57
25 81 25 33 51 80 81
42 51 42 51
15 37 15 26 28 37
20 71 20 56 64 71
42 72 42 51 67 72
22 89 22 31 43 52 77 89
19 55 19 43 44 55
33 61 33 61
1 89 1 2 9 20 39 58 77 89
30 83 30 48 75 80 81 83
1 81 1 37 51 80 81
31 80 31 43 52 80
57 86 57 72 86
15 59 15 22 34 59
37 67 37 51 67
28 78 28 41 57 78
6 29 6 16 29
19 67 19 43 44 55 58 67
34 75 34 48 75
20 84 20 55 84
13 83 13 26 28 41 70 81 83
14 77 14 25 35 39 58 77
8 60 8 28 41 50 60
3 51 3 37 51
15 79 15 30 44 79
13 86 13 26 42 62 72 86
13 52 13 26 28 37 48 52
33 71 33 51 59 64 71
15 79 15 22 34 79
23 73 23 37 51 67 73
8 77 8 9 20 55 58 77
42 81 42 51 80 81
15 80 15 26 28 37 52 80
62 72 62 72
18 83 18 22 43 44 79 83
13 52 13 28 37 52
56 86 56 64 86
3 89 3 37 52 77 89
43 80 43 52 80
26 81 26 42 51 80 81
2 66 2 23 66
28 63 28 41 63
14 59 14 42 51 59
23 66 23 66
70 81 70 81
9 55 9 20 55
21 59 21 26 28 35 59
34 83 34 48 52 80 81 83
13 83 13 83
1 23 1 2 23
14 60 14 28 41 50 60
14 25 14 25
39 88 39 58 67 72 88
19 88 19 43 44 55 58 67 72 88
39 58 39 58
13 83 13 26 28 41 70 81 83
22 58 22 43 44 55 58
42 59 42 51 59
14 80 14 34 48 75 80
3 9 3 9
23 75 23 37 48 75
39 77 39 58 77
28 83 28 41 70 81 83
18 20 18 20
19 79 19 43 44 79
43 80 43 52 80
42 89 42 51 59 89
4 82 4 23 37 52 64 82
14 81 14 34 48 75 80 81
3 59 3 30 34 59
7 80 7 14 42 51 80
41 50 41 50
9 67 9 20 39 58 67
3 88 3 9 62 72 88
6 48 6 16 29 48
21 88 21 26 42 62 72 88
20 67 20 55 67
14 33 14 25 33
42 64 42 51 59 64
42 72 42 51 67 72
38 89 38 89
6 75 6 37 48 75
15 37 15 26 28 37
26 50 26 28 41 50
43 84 43 44 79 84
35 64 35 59 64
33 71 33 51 59 64 71
1 72 1 49 72
16 52 16 29 48 52
28 78 28 41 57 78
51 67 51 67
4 71 4 23 37 52 64 71
7 61 7 14 25 33 61
2 89 2 23 37 52 77 89
42 51 42 51
28 70 28 41 70
31 55 31 43 44 55
16 80 16 29 48 52 80
37 75 37 48 75
8 20 8 9 20
1 48 1 7 14 28 37 48
4 78 4 23 66 78
30 79 30 44 79
14 86 14 25 62 72 86
15 26 15 26
6 84 6 31 43 44 55 84
6 48 6 37 48
13 48 13 29 48
21 48 21 26 28 37 48
16 48 16 29 48
58 67 58 67
11 89 11 59 89
26 80 26 42 51 80
35 64 35 59 64
13 29 13 29
1 60 1 7 14 28 41 50 60
7 67 7 43 44 55 58 67
20 67 20 39 58 67
18 59 18 22 34 59
19 52 19 43 52
3 75 3 30 48 75
6 75 6 37 48 75
30 80 30 48 75 80
35 58 35 39 58
9 84 9 20 55 84
13 83 13 26 28 41 70 81 83
19 86 19 56 64 86
16 67 16 35 39 58 67
3 48 3 30 34 48
28 81 28 37 48 52 80 81
2 32 2 23 32
7 52 7 43 52
14 64 14 25 35 59 64
22 72 22 43 44 55 58 67 72
25 83 25 33 51 80 81 83
4 75 4 23 37 48 75
2 66 2 23 66
13 67 13 26 42 51 67
2 58 2 9 20 55 58
15 63 15 26 28 41 63
19 82 19 56 82
15 30 15 30
14 64 14 34 59 64
51 86 51 67 72 86
33 83 33 51 80 81 83
6 48 6 16 29 48
8 58 8 28 35 39 58
25 67 25 35 39 58 67
22 84 22 31 43 44 79 84
33 67 33 51 67
34 81 34 48 52 80 81
56 86 56 64 86
58 67 58 67
16 81 16 29 48 75 80 81
23 71 23 37 48 52 64 71
39 86 39 58 67 72 86
21 64 21 42 51 59 64
6 73 6 16 35 39 58 67 73
1 13 1 13
19 82 19 43 52 71 82
58 73 58 67 73
9 86 9 62 72 86
8 82 8 9 71 82
34 71 34 59 64 71
30 81 30 34 48 52 80 81
15 79 15 30 44 79
6 81 6 31 43 52 80 81
27 55 27 44 55
3 75 3 30 34 48 75
30 75 30 48 75
51 80 51 80
31 81 31 43 52 80 81
13 86 13 28 64 86
14 88 14 28 41 49 72 88
1 23 1 2 23
30 48 30 48
13 67 13 20 55 67
16 83 16 29 48 52 80 81 83
13 50 13 28 41 50
59 71 59 64 71
1 70 1 7 14 28 41 70
42 72 42 62 72
8 72 8 28 37 49 72
28 88 28 35 39 58 67 72 88
2 48 2 23 37 48
1 37 1 7 14 28 37
26 81 26 28 41 70 81
41 81 41 70 81
37 86 37 52 64 86
23 52 23 37 52
58 67 58 67
8 72 8 62 72
33 73 33 51 67 73
1 89 1 2 33 51 59 89
15 58 15 30 44 55 58
13 86 13 28 64 86
1 26 1 13 26
23 73 23 37 51 67 73
34 71 34 59 64 71
4 51 4 23 37 51
16 52 16 29 48 52
31 77 31 43 44 55 58 77
22 71 22 34 48 52 71
9 86 9 62 72 86
35 59 35 59
34 81 34 48 75 80 81
43 86 43 44 55 58 67 72 86
21 77 21 26 28 35 39 58 77
21 88 21 58 67 72 88
21 63 21 26 28 41 63
9 67 9 20 39 58 67
1 82 1 39 58 67 82
26 75 26 28 37 48 75
1 78 1 2 78
30 81 30 48 75 80 81
4 78 4 23 66 78
31 86 31 56 64 86
2 66 2 23 66
6 48 6 16 29 48
30 52 30 34 48 52
22 86 22 31 43 52 64 86
3 64 3 30 48 52 64
51 81 51 80 81
23 67 23 37 51 67
3 78 3 27 78
26 71 26 42 51 59 64 71
20 67 20 55 67
37 80 37 52 80
39 72 39 58 67 72
13 67 13 28 37 51 67
7 44 7 43 44
11 82 11 59 64 71 82
35 59 35 59
2 75 2 23 37 48 75
56 64 56 64
39 77 39 58 77
64 71 64 71
41 50 41 50
19 77 19 43 52 77
2 23 2 23
8 60 8 28 41 50 60
64 71 64 71
21 51 21 26 42 51
28 88 28 37 48 75 88
26 67 26 42 51 67
13 52 13 26 28 37 48 52
31 43 31 43
33 73 33 51 67 73
14 79 14 25 79
42 64 42 51 59 64
19 58 19 43 44 55 58
21 64 21 42 51 59 64
51 73 51 67 73
28 57 28 41 57
35 64 35 59 64
7 48 7 14 34 48
22 59 22 34 59
23 81 23 37 48 75 80 81
14 82 14 28 82
8 51 8 28 37 51
41 83 41 70 81 83
19 44 19 43 44
26 83 26 28 41 70 81 83
15 80 15 22 34 48 52 80
6 29 6 16 29
25 84 25 79 84
8 64 8 28 37 59 64
33 80 33 51 80
42 89 42 51 59 89
35 72 35 39 58 67 72
21 81 21 26 28 41 70 81
8 77 8 9 20 55 58 77
40 78 40 78
15 83 15 22 43 44 79 83
19 81 19 43 52 80 81
16 80 16 29 48 52 80
18 73 18 20 39 58 67 73
2 48 2 23 37 48
1 37 1 2 23 37
43 55 43 44 55
2 73 2 33 51 67 73
7 50 7 14 28 41 50
3 55 3 27 44 55
28 88 28 41 57 72 88
23 67 23 37 51 67
1 57 1 7 57
51 80 51 80
15 89 15 30 48 52 77 89
6 75 6 37 48 75
23 67 23 37 51 67
28 59 28 35 59
28 52 28 37 48 52
25 86 25 33 62 72 86
27 84 27 79 84
15 60 15 26 28 41 50 60
1 7 1 7
15 78 15 26 28 41 57 78
2 52 2 23 37 48 52
22 44 22 31 43 44
15 63 15 26 28 41 57 63
30 81 30 48 52 80 81
30 80 30 48 75 80
33 83 33 51 80 81 83
7 61 7 14 25 33 61
15 60 15 26 28 41 50 60
25 73 25 33 51 67 73
18 44 18 22 31 43 44
13 48 13 29 48
42 82 42 51 67 82
19 88 19 43 44 55 67 72 88
4 59 4 30 34 59
18 83 18 22 31 43 52 80 81 83
3 58 3 9 20 55 58
13 80 13 28 37 51 80
15 71 15 30 48 52 71
43 55 43 44 55
15 75 15 30 34 48 75
42 51 42 51
2 88 2 33 49 72 88
19 83 19 43 52 80 81 83
41 83 41 70 81 83
3 78 3 27 78
1 72 1 49 72
22 59 22 34 59
14 61 14 25 33 61
1 13 1 13
30 52 30 34 48 52
2 78 2 23 66 78
23 67 23 37 51 67
1 34 1 7 14 34
21 67 21 26 42 51 67
34 79 34 79
15 30 15 30
8 50 8 41 50
39 73 39 58 67 73
14 34 14 34
40 78 40 78
13 80 13 29 48 52 80
42 64 42 51 59 64
22 79 22 43 44 79
8 51 8 28 37 51
6 67 6 31 43 44 55 67
7 73 7 14 25 35 39 58 67 73
49 72 49 72
35 89 35 59 89
15 44 15 22 31 43 44
31 89 31 43 44 79 84 89
2 82 2 23 37 48 75 82
8 73 8 28 35 39 58 67 73
4 70 4 70
14 81 14 34 48 52 80 81
6 67 6 31 43 44 55 67
2 77 2 23 37 77
1 81 1 13 29 48 52 80 81
2 9 2 9
25 83 25 79 83
14 52 14 28 37 52
28 82 28 82
15 59 15 30 34 59
7 75 7 14 28 37 48 75
15 30 15 30
1 37 1 37
4 88 4 30 44 79 88
1 59 1 2 23 37 59
21 80 21 42 51 80
30 55 30 44 55
13 67 13 26 42 51 67
1 41 1 7 14 28 41
4 58 4 30 44 55 58
33 80 33 51 80
22 34 22 34
18 52 18 22 43 52
18 48 18 22 34 48
23 80 23 37 48 52 80
4 55 4 30 44 55
28 89 28 35 59 89
19 82 19 43 52 64 82
15 82 15 22 43 44 55 58 67 82
13 71 13 28 35 59 64 71
1 63 1 13 26 28 41 57 63
28 82 28 41 70 82
26 80 26 42 51 80
20 73 20 73
4 66 4 23 66
21 72 21 26 42 51 67 72
26 86 26 42 51 86
16 48 16 29 48
42 89 42 51 59 89
34 48 34 48
21 88 21 26 88
22 84 22 34 79 84
49 72 49 72
15 57 15 26 28 41 57
59 71 59 64 71
43 79 43 44 79
18 20 18 20
13 67 13 26 28 37 51 67
7 86 7 64 86
27 55 27 44 55
4 86 4 23 49 72 86
1 80 1 37 48 75 80
31 73 31 43 44 55 58 67 73
1 84 1 13 84
2 51 2 23 37 51
15 64 15 22 31 43 52 64
6 67 6 37 51 67
35 89 35 39 58 77 89
7 50 7 14 28 41 50
15 81 15 26 42 51 80 81
26 48 26 28 37 48
1 37 1 2 23 37
6 67 6 31 43 44 55 58 67
14 78 14 25 33 78
20 86 20 56 64 86
56 64 56 64
30 73 30 44 55 58 67 73
20 73 20 39 58 67 73
42 83 42 51 80 81 83
11 89 11 59 89
37 71 37 59 64 71
2 84 2 9 20 55 84
23 75 23 37 48 75
4 83 4 70 81 83
33 83 33 51 80 81 83
4 37 4 23 37
43 84 43 44 55 84
21 41 21 26 28 41
30 79 30 34 79
3 78 3 27 78
21 51 21 26 42 51
30 75 30 48 75
62 72 62 72
25 84 25 79 84
3 80 3 37 52 80
3 30 3 30
22 34 22 34
1 50 1 13 26 28 41 50
51 80 51 80
15 82 15 22 31 56 64 71 82
26 80 26 42 51 80
26 75 26 28 37 48 75
28 89 28 77 89
7 50 7 14 28 41 50
6 84 6 31 43 44 55 84
2 83 2 33 51 80 81 83
6 44 6 31 43 44
85 88 85 88
21 70 21 26 28 41 70
3 88 3 37 49 72 88
28 57 28 41 57
31 79 31 43 44 79
1 43 1 7 43
15 60 15 26 28 41 50 60
8 52 8 28 37 48 52
14 79 14 34 79
18 52 18 22 31 43 52
15 67 15 26 42 51 67
19 55 19 43 44 55
18 44 18 22 43 44
1 73 1 37 51 67 73
30 83 30 44 79 83
16 67 16 35 39 58 67
7 83 7 14 42 51 80 81 83
42 67 42 51 67
13 73 13 28 37 51 67 73
15 59 15 22 34 59
43 81 43 52 80 81
33 61 33 61
35 73 35 39 58 67 73
15 73 15 30 44 55 58 67 73
22 89 22 34 48 52 77 89
1 73 1 39 58 67 73
2 86 2 9 20 39 58 67 72 86
22 84 22 43 44 79 84
26 48 26 28 37 48
70 81 70 81
37 81 37 52 80 81
58 73 58 67 73
2 20 2 9 20
57 86 57 72 86
6 67 6 16 35 39 58 67
31 89 31 43 44 55 58 77 89
21 67 21 58 67
22 89 22 43 44 55 84 89
4 64 4 30 34 48 52 64
34 83 34 79 83
6 80 6 31 43 52 80
49 88 49 72 88
26 50 26 28 41 50
1 59 1 2 23 37 59
2 89 2 33 51 59 89
22 52 22 43 52
8 48 8 28 37 48
14 25 14 25
11 89 11 59 89
35 73 35 39 58 67 73
8 63 8 28 41 63
25 83 25 33 51 80 81 83
21 77 21 58 77
23 73 23 37 51 67 73
4 77 4 30 34 48 52 77
15 70 15 26 28 41 70
34 52 34 48 52
13 71 13 28 35 59 64 71
6 86 6 86
16 81 16 29 48 75 80 81
28 64 28 64
22 88 22 34 48 75 88
18 44 18 22 43 44
16 86 16 29 48 52 64 86
18 81 18 22 31 43 52 80 81
20 67 20 39 58 67
15 82 15 22 43 52 64 71 82
34 84 34 79 84
1 20 1 13 20
25 73 25 33 51 67 73
15 78 15 26 28 41 57 78
9 71 9 20 56 64 71
14 72 14 28 35 39 58 67 72
6 83 6 37 48 52 80 81 83
1 13 1 13
25 71 25 35 59 64 71
3 71 3 64 71
25 73 25 35 39 58 67 73
16 52 16 29 48 52
8 63 8 41 63
37 73 37 51 67 73
27 79 27 79
35 88 35 39 58 67 72 88
14 34 14 34
21 81 21 26 28 41 70 81
6 83 6 37 52 80 81 83
14 58 14 25 35 39 58
30 83 30 34 48 75 80 81 83
13 75 13 28 37 48 75
33 71 33 51 59 64 71
14 86 14 28 37 72 86
31 64 31 56 64
7 79 7 43 44 79
15 41 15 26 28 41
26 81 26 42 51 80 81
27 83 27 79 83
4 30 4 30
6 55 6 31 43 44 55
18 78 18 20 40 78
9 67 9 20 55 58 67
19 58 19 43 44 55 58
31 80 31 43 52 80
3 59 3 37 59
51 71 51 59 64 71
8 20 8 9 20
37 71 37 52 64 71
2 58 2 9 20 39 58
18 43 18 22 31 43
33 81 33 51 80 81
1 23 1 2 23
26 52 26 28 37 48 52
20 84 20 55 84
51 67 51 67
43 86 43 44 55 67 72 86
21 77 21 26 28 37 77
30 55 30 44 55
30 84 30 44 84
2 83 2 33 51 80 81 83
39 58 39 58
34 75 34 48 75
21 57 21 26 28 41 57
15 59 15 22 34 59
3 67 3 9 20 55 67
1 23 1 2 23
39 77 39 58 77
13 86 13 29 48 52 64 86
21 83 21 26 42 51 80 81 83
34 80 34 48 75 80
21 86 21 42 51 59 64 86
37 52 37 52
2 37 2 23 37
14 61 14 25 33 61
30 44 30 44
8 73 8 9 20 39 58 67 73
19 58 19 43 44 55 58
18 34 18 22 34
7 75 7 14 28 37 48 75
19 72 19 43 44 55 67 72
58 73 58 67 73
1 66 1 2 23 66
37 86 37 48 52 64 86
27 83 27 79 83
1 86 1 2 33 49 72 86
21 58 21 58
8 59 8 28 35 59
28 82 28 41 70 82
28 51 28 37 51
62 88 62 72 88
3 44 3 27 44
22 52 22 43 52
2 20 2 9 20
19 83 19 43 52 80 81 83
23 80 23 37 52 80
7 83 7 43 44 79 83
15 50 15 26 28 41 50
8 48 8 28 37 48
34 83 34 79 83
22 84 22 43 44 79 84
2 58 2 9 20 39 58
2 64 2 23 37 48 52 64
16 71 16 35 59 64 71
22 75 22 34 48 75
15 59 15 26 42 51 59
16 48 16 29 48
8 71 8 28 35 59 64 71
16 80 16 29 48 52 80
22 64 22 43 52 64
40 78 40 78
22 43 22 31 43
59 71 59 64 71
51 73 51 67 73
18 67 18 20 39 58 67
18 58 18 22 31 43 44 55 58
43 83 43 44 79 83
3 86 3 30 44 55 67 72 86
64 86 64 86
57 86 57 72 86
3 37 3 37
26 80 26 28 37 51 80
21 58 21 58
27 84 27 79 84
2 82 2 56 64 82
62 72 62 72
37 81 37 48 52 80 81
15 78 15 26 28 41 57 78
2 33 2 33
4 70 4 70
22 89 22 34 48 52 77 89
8 37 8 28 37
2 72 2 9 62 72
15 77 15 30 44 55 58 77
8 37 8 28 37
19 43 19 43
70 83 70 81 83
51 67 51 67
15 75 15 26 28 37 48 75
20 84 20 55 84
22 73 22 31 43 44 55 67 73
33 86 33 49 72 86
23 75 23 37 48 75
40 78 40 78
15 51 15 26 42 51
56 71 56 64 71
30 79 30 44 79
4 44 4 30 44
37 80 37 51 80
4 64 4 23 37 51 59 64
58 86 58 67 72 86
39 82 39 58 67 82
3 79 3 30 34 79
43 84 43 44 55 84
1 32 1 2 23 32
16 29 16 29
27 44 27 44
21 67 21 26 42 51 67
28 77 28 35 39 58 77
6 81 6 16 29 48 75 80 81
31 73 31 43 44 55 67 73
15 71 15 30 48 52 71
43 52 43 52
14 34 14 34
1 51 1 7 14 28 37 51
1 72 1 2 9 20 55 67 72
1 89 1 13 29 48 52 77 89
1 82 1 39 58 67 82
26 48 26 28 37 48
4 30 4 30
28 58 28 35 39 58
42 64 42 51 59 64
27 44 27 44
13 55 13 20 55
28 78 28 41 57 78
28 89 28 35 59 89
14 70 14 28 41 70
30 71 30 48 52 71
37 71 37 48 52 64 71
58 67 58 67
27 67 27 44 55 67
28 71 28 37 51 59 64 71
28 51 28 37 51
49 86 49 72 86
7 86 7 64 86
18 34 18 22 34
28 75 28 37 48 75
33 81 33 51 80 81
21 59 21 26 28 35 59
13 71 13 20 56 64 71
1 88 1 7 62 72 88
15 88 15 30 48 88
19 55 19 43 44 55
2 37 2 23 37
43 71 43 52 71
26 86 26 28 41 57 72 86
27 44 27 44
1 44 1 7 43 44
18 83 18 22 34 79 83
2 81 2 23 37 51 80 81
43 52 43 52
13 86 13 29 48 52 64 86
3 73 3 27 44 55 58 67 73
9 84 9 20 55 84
4 70 4 70
28 88 28 41 49 72 88
21 26 21 26
7 67 7 14 28 35 39 58 67
34 52 34 48 52
58 67 58 67
6 71 6 16 35 59 64 71
13 71 13 20 56 64 71
2 64 2 33 51 59 64
31 80 31 43 52 80
15 73 15 26 73
14 41 14 28 41
25 86 25 33 51 59 64 86
7 61 7 14 25 33 61
28 60 28 41 50 60
37 73 37 51 67 73
15 58 15 30 44 55 58
31 84 31 43 44 79 84
34 81 34 48 52 80 81
19 58 19 43 44 55 58
14 60 14 28 41 50 60
1 29 1 13 29
26 71 26 28 37 48 52 71
4 30 4 30
1 77 1 37 48 52 77
28 81 28 37 51 80 81
13 73 13 28 35 39 58 67 73
7 50 7 14 28 41 50
11 64 11 59 64
21 58 21 58
28 63 28 41 63
2 72 2 9 62 72
59 71 59 64 71
8 20 8 9 20
6 52 6 16 29 48 52
14 73 14 25 35 39 58 67 73
18 48 18 22 34 48
23 86 23 49 72 86
37 73 37 51 67 73
23 71 23 37 59 64 71
19 52 19 43 52
15 51 15 26 28 37 51
31 58 31 43 44 55 58
3 89 3 37 59 89
34 83 34 79 83
1 88 1 37 49 72 88
31 72 31 43 44 55 67 72
19 81 19 43 52 80 81
30 80 30 34 48 75 80
4 79 4 30 44 79
4 83 4 30 44 79 83
25 79 25 79
15 79 15 22 34 79
2 9 2 9
13 86 13 20 55 58 67 72 86
43 55 43 44 55
21 78 21 26 28 41 57 78
27 86 27 44 55 58 67 72 86
13 73 13 28 37 51 67 73
2 61 2 33 61
30 73 30 44 55 67 73
4 23 4 23
43 83 43 44 79 83
18 83 18 22 34 79 83
31 82 31 43 44 55 58 67 82
8 37 8 28 37
39 58 39 58
15 73 15 30 44 55 58 67 73
7 67 7 14 25 35 39 58 67
11 89 11 59 89
14 41 14 28 41
3 34 3 30 34
27 84 27 44 55 84
26 52 26 28 37 48 52
39 58 39 58
8 57 8 41 57
37 81 37 51 80 81
1 33 1 7 14 25 33
2 77 2 23 66 77
4 58 4 30 44 55 58
15 64 15 22 31 43 52 64
22 89 22 43 52 77 89
28 70 28 41 70
26 86 26 42 62 72 86
15 78 15 26 28 41 57 78
34 80 34 48 52 80
15 59 15 30 34 59
8 59 8 28 37 59
14 84 14 34 79 84
1 70 1 7 14 28 41 70
15 84 15 30 34 79 84
30 80 30 48 75 80
4 72 4 49 72
25 83 25 33 51 80 81 83
20 86 20 39 58 67 72 86
18 78 18 20 40 78
1 29 1 13 29
7 86 7 64 86
27 55 27 44 55
37 81 37 51 80 81
14 37 14 28 37
21 80 21 42 51 80
35 86 35 59 64 86
21 37 21 26 28 37
28 88 28 37 48 88
8 77 8 28 37 48 52 77
16 67 16 35 39 58 67
22 77 22 34 48 52 77
2 72 2 23 37 51 67 72
1 50 1 13 28 41 50
33 81 33 51 80 81
70 83 70 81 83
15 77 15 22 31 43 44 55 58 77
21 75 21 26 28 37 48 75
70 83 70 81 83
34 52 34 48 52
34 48 34 48
13 73 13 20 39 58 67 73
4 55 4 30 44 55
37 75 37 48 75
43 67 43 44 55 58 67
18 89 18 59 89
13 80 13 28 37 48 75 80
39 77 39 58 77
18 75 18 22 34 48 75
14 57 14 28 41 57
43 71 43 52 64 71
31 82 31 43 44 55 58 67 82
15 50 15 26 28 41 50
22 83 22 34 79 83
4 44 4 30 44
42 64 42 51 59 64
2 9 2 9
33 83 33 51 80 81 83
7 80 7 43 52 80
13 83 13 83
19 82 19 43 52 71 82
8 73 8 9 20 73
1 59 1 2 33 51 59
20 71 20 56 64 71
21 41 21 26 28 41
70 81 70 81
27 84 27 44 79 84
13 29 13 29
14 59 14 25 33 51 59
15 43 15 22 43
16 81 16 29 48 75 80 81
15 59 15 22 34 59
30 67 30 44 55 58 67
26 86 26 42 62 72 86
19 72 19 62 72
43 67 43 44 55 58 67
18 88 18 20 55 67 72 88
22 82 22 31 43 52 71 82
1 58 1 2 9 20 39 58
2 88 2 9 62 72 88
16 83 16 29 48 52 80 81 83
34 79 34 79
20 86 20 55 67 72 86
33 81 33 51 80 81
43 80 43 52 80
14 25 14 25
21 26 21 26
7 61 7 14 25 33 61
4 75 4 30 34 48 75
37 75 37 48 75
4 84 4 30 44 84
30 81 30 48 52 80 81
8 41 8 41
26 50 26 28 41 50
7 48 7 14 28 37 48
31 43 31 43
51 80 51 80
16 29 16 29
6 83 6 16 29 48 52 80 81 83
15 63 15 26 28 41 63
2 77 2 23 37 52 77
30 79 30 34 79
6 79 6 31 43 44 79
49 72 49 72
30 73 30 44 55 67 73
18 44 18 22 31 43 44
26 83 26 42 51 80 81 83
9 67 9 20 55 67
6 80 6 16 29 48 75 80
7 79 7 43 44 79
6 71 6 31 43 52 71
14 37 14 28 37
42 71 42 51 59 64 71
33 73 33 51 67 73
23 73 23 37 51 67 73
59 71 59 64 71
18 78 18 20 40 78
14 79 14 25 79
26 71 26 28 37 51 59 64 71
13 83 13 29 48 75 80 81 83
16 81 16 29 48 52 80 81
18 71 18 20 56 64 71
22 43 22 43
13 48 13 28 37 48
15 78 15 26 28 41 57 78
7 84 7 14 25 79 84
42 81 42 51 80 81
28 88 28 41 57 72 88
30 83 30 44 79 83
3 89 3 27 44 55 58 77 89
19 55 19 43 44 55
30 52 30 48 52
3 84 3 9 20 55 84
4 83 4 70 81 83
13 73 13 20 39 58 67 73
21 77 21 58 77
2 67 2 9 20 55 67
4 59 4 30 34 59
7 52 7 14 34 48 52
70 83 70 81 83
30 80 30 48 75 80
31 72 31 43 44 55 67 72
1 29 1 13 29
34 71 34 59 64 71
2 81 2 23 37 48 75 80 81
21 88 21 26 42 51 67 72 88
26 83 26 28 37 52 80 81 83
18 58 18 20 39 58
6 67 6 31 43 44 55 67
25 61 25 33 61
4 67 4 23 37 51 67
4 64 4 23 37 52 64
1 64 1 7 64
3 72 3 37 49 72
6 44 6 31 43 44
19 52 19 43 52
14 77 14 34 48 52 77
31 71 31 56 64 71
2 86 2 23 49 72 86
8 88 8 28 41 49 72 88
25 71 25 35 59 64 71
4 30 4 30
7 81 7 14 42 51 80 81
21 64 21 26 28 35 59 64
26 52 26 28 37 48 52
8 41 8 41
43 55 43 44 55
51 83 51 80 81 83
34 48 34 48
4 32 4 23 32
37 52 37 48 52
8 48 8 28 37 48
9 84 9 20 55 84
28 41 28 41
16 52 16 29 48 52
14 80 14 42 51 80
43 67 43 44 55 58 67
31 43 31 43
30 75 30 48 75
21 60 21 26 28 41 50 60
22 59 22 34 59
16 73 16 35 39 58 67 73
25 73 25 35 39 58 67 73
2 72 2 23 49 72
51 73 51 67 73
2 58 2 9 20 55 58
30 83 30 44 79 83
19 86 19 62 72 86
28 48 28 37 48
2 77 2 9 20 39 58 77
25 83 25 33 51 80 81 83
15 89 15 22 43 52 77 89
6 52 6 16 29 48 52
26 71 26 28 37 48 52 64 71
7 55 7 43 44 55
16 73 16 35 39 58 67 73
1 44 1 7 43 44
1 23 1 2 23
1 23 1 2 23
42 89 42 51 59 89
18 64 18 20 56 64
3 78 3 9 20 40 78
22 79 22 31 43 44 79
14 70 14 28 41 70
42 64 42 51 59 64
37 73 37 51 67 73
8 57 8 41 57
31 79 31 43 44 79
2 88 2 33 49 72 88
8 41 8 28 41
14 84 14 25 79 84
18 89 18 22 43 52 77 89
37 73 37 51 67 73
27 73 27 44 55 67 73
13 75 13 28 37 48 75
51 73 51 67 73
22 34 22 34
8 72 8 41 57 72
26 52 26 28 37 48 52
18 89 18 59 89
28 83 28 37 48 75 80 81 83
56 86 56 64 86
23 80 23 37 52 80
18 80 18 22 43 52 80
14 82 14 42 51 59 64 82
33 67 33 51 67
6 80 6 16 29 48 52 80
2 52 2 23 37 52
2 23 2 23
56 82 56 64 82
4 44 4 30 44
7 50 7 14 28 41 50
4 37 4 23 37
15 77 15 22 31 43 44 55 58 77
6 79 6 31 43 44 79
2 77 2 23 66 77
21 75 21 26 28 37 48 75
7 80 7 14 28 37 48 75 80
13 84 13 84
13 84 13 20 55 84
26 50 26 28 41 50
20 86 20 39 58 67 72 86
6 86 6 16 86
7 84 7 43 44 84
4 78 4 23 66 78
28 77 28 77
4 81 4 23 37 51 80 81
4 82 4 30 48 52 71 82
1 34 1 7 14 34
37 52 37 52
58 67 58 67
8 20 8 9 20
28 58 28 35 39 58
19 55 19 43 44 55
42 88 42 62 72 88
1 64 1 7 64
3 52 3 37 52
7 73 7 43 44 55 67 73
18 86 18 59 64 86
2 77 2 9 20 55 58 77
43 86 43 44 55 67 72 86
1 41 1 13 28 41
28 37 28 37
6 29 6 16 29
8 48 8 28 37 48
21 58 21 58
3 75 3 37 48 75
13 73 13 20 73
20 86 20 55 58 67 72 86
18 78 18 20 40 78
28 51 28 37 51
30 44 30 44
15 84 15 30 44 84
18 59 18 22 34 59
8 78 8 41 57 78
25 81 25 33 51 80 81
14 57 14 28 41 57
33 61 33 61
25 80 25 33 51 80
1 34 1 7 14 34
9 86 9 20 55 67 72 86
3 37 3 37
14 34 14 34
42 83 42 51 80 81 83
25 71 25 33 51 59 64 71
2 81 2 23 37 51 80 81
25 67 25 35 39 58 67
37 52 37 52
3 55 3 27 44 55
21 77 21 26 28 77
58 86 58 67 72 86
41 50 41 50
43 81 43 52 80 81
14 50 14 28 41 50
26 50 26 28 41 50
15 77 15 26 28 35 39 58 77
3 64 3 9 20 56 64
2 33 2 33
22 58 22 31 43 44 55 58
2 72 2 23 37 49 72
21 80 21 42 51 80
22 72 22 43 44 55 67 72
21 60 21 26 28 41 50 60
28 37 28 37
3 82 3 27 44 55 58 67 82
22 43 22 31 43
30 81 30 48 75 80 81
6 48 6 16 29 48
13 29 13 29
18 59 18 59
14 80 14 25 33 51 80
39 73 39 58 67 73
20 73 20 39 58 67 73
8 78 8 28 41 57 78
14 58 14 25 35 39 58
62 88 62 72 88
6 55 6 31 43 44 55
28 41 28 41
7 55 7 43 44 55
9 84 9 20 55 84
38 89 38 89
33 83 33 51 80 81 83
39 67 39 58 67
18 86 18 59 64 86
4 44 4 30 44
42 89 42 51 59 89
28 77 28 35 39 58 77
19 52 19 43 52
37 48 37 48
1 41 1 7 14 28 41
6 29 6 16 29
19 72 19 43 44 55 58 67 72
13 67 13 20 55 67
3 89 3 30 44 55 84 89
1 34 1 7 14 34
35 58 35 39 58
26 67 26 28 35 39 58 67
8 9 8 9
13 75 13 28 37 48 75
35 64 35 59 64
2 55 2 9 20 55
8 80 8 28 37 52 80
20 86 20 55 58 67 72 86
15 34 15 22 34
35 72 35 39 58 67 72
1 48 1 7 14 28 37 48
21 78 21 26 28 41 57 78
9 71 9 20 56 64 71
3 37 3 37
20 84 20 55 84
22 77 22 43 44 55 58 77
27 84 27 44 55 84
35 71 35 59 64 71
37 71 37 59 64 71
2 9 2 9
19 81 19 43 52 80 81
23 71 23 37 59 64 71
8 58 8 9 20 55 58
43 52 43 52
34 71 34 59 64 71
42 72 42 51 67 72
2 77 2 9 20 39 58 77
31 79 31 43 44 79
13 80 13 28 37 48 52 80
39 72 39 58 67 72
15 58 15 26 28 35 39 58
7 81 7 43 52 80 81
64 71 64 71
31 72 31 43 44 55 67 72
1 29 1 13 29
8 80 8 28 37 48 52 80
62 86 62 72 86
19 43 19 43
15 26 15 26
14 89 14 28 77 89
1 63 1 13 28 41 57 63
4 44 4 30 44
27 79 27 44 79
8 64 8 9 20 56 64
26 86 26 42 51 86
8 58 8 9 20 55 58
22 72 22 43 44 55 58 67 72
35 58 35 39 58
3 59 3 30 34 59
11 64 11 59 64
43 80 43 52 80
42 88 42 51 67 72 88
18 78 18 20 40 78
1 41 1 13 28 41
3 72 3 37 51 67 72
35 64 35 59 64
35 73 35 39 58 67 73
1 82 1 7 43 44 55 67 82
26 48 26 28 37 48
28 82 28 41 70 82
15 51 15 26 28 37 51
28 41 28 41
31 64 31 56 64
7 44 7 43 44
34 86 34 86
14 79 14 34 79
39 82 39 58 67 82
3 84 3 30 44 55 84
1 70 1 13 28 41 70
57 86 57 72 86
4 84 4 30 34 79 84
15 51 15 26 28 37 51
51 86 51 86
11 89 11 59 89
8 82 8 41 70 82
23 32 23 32
6 83 6 16 29 48 52 80 81 83
22 75 22 34 48 75
16 73 16 35 39 58 67 73
27 44 27 44
42 59 42 51 59
25 83 25 33 51 80 81 83
19 88 19 43 44 55 58 67 72 88
26 52 26 28 37 48 52
35 77 35 39 58 77
42 80 42 51 80
14 63 14 25 63
23 73 23 37 51 67 73
7 52 7 43 52
56 86 56 64 86
1 57 1 7 57
22 88 22 43 44 79 88
21 83 21 42 51 80 81 83
14 33 14 25 33
37 83 37 48 52 80 81 83
8 60 8 28 41 50 60
20 71 20 56 64 71
64 71 64 71
20 55 20 55
6 81 6 37 52 80 81
8 20 8 9 20
26 48 26 28 37 48
23 71 23 37 51 59 64 71
16 75 16 29 48 75
14 83 14 34 79 83
25 86 25 35 39 58 67 72 86
1 9 1 2 9
7 73 7 14 25 35 39 58 67 73
30 55 30 44 55
1 13 1 13
21 72 21 42 51 67 72
57 86 57 72 86
7 83 7 14 34 79 83
43 73 43 44 55 67 73
3 55 3 9 20 55
13 29 13 29
1 72 1 37 49 72
41 50 41 50
22 79 22 31 43 44 79
14 79 14 25 79
4 71 4 23 37 59 64 71
18 83 18 22 34 79 83
8 60 8 28 41 50 60
3 37 3 37
43 81 43 52 80 81
15 26 15 26
26 71 26 42 51 59 64 71
7 84 7 43 44 84
4 78 4 23 66 78
27 55 27 44 55
13 84 13 20 55 84
49 86 49 72 86
8 58 8 9 20 55 58
21 89 21 58 77 89
25 71 25 35 59 64 71
7 83 7 14 28 41 70 81 83
28 83 28 41 70 81 83
43 44 43 44
35 64 35 59 64
14 88 14 34 79 88
1 60 1 13 28 41 50 60
43 73 43 44 55 67 73
9 73 9 20 73
25 79 25 79
16 71 16 35 59 64 71
21 88 21 26 42 62 72 88
23 73 23 37 51 67 73
18 75 18 22 34 48 75
23 86 23 37 52 64 86
31 86 31 43 44 55 58 67 72 86
1 88 1 13 26 28 41 49 72 88
4 34 4 30 34
21 41 21 26 28 41
1 9 1 2 9
34 84 34 79 84
27 55 27 44 55
3 55 3 9 20 55
6 86 6 37 52 64 86
21 89 21 58 77 89
14 58 14 28 35 39 58
13 86 13 26 42 62 72 86
3 72 3 37 51 67 72
23 75 23 37 48 75
11 64 11 59 64
19 44 19 43 44
23 52 23 37 52
22 72 22 43 44 55 67 72
43 44 43 44
2 80 2 33 51 80
41 50 41 50
30 44 30 44
27 67 27 44 55 67
42 88 42 62 72 88
7 75 7 14 34 48 75
28 86 28 37 59 64 86
30 79 30 44 79
8 51 8 28 37 51
18 48 18 22 34 48
21 82 21 58 67 82
22 77 22 34 48 52 77
38 89 38 89
16 71 16 29 48 52 71
1 52 1 37 52
30 81 30 48 52 80 81
34 84 34 79 84
8 75 8 28 37 48 75
14 63 14 28 41 63
42 59 42 51 59
59 71 59 64 71
31 82 31 43 44 55 58 67 82
6 84 6 31 43 44 84
34 84 34 79 84
42 88 42 51 67 72 88
11 82 11 59 64 71 82
19 71 19 43 52 64 71
51 71 51 59 64 71
26 50 26 28 41 50
33 71 33 51 59 64 71
18 89 18 59 89
41 83 41 70 81 83
11 88 11 88
25 86 25 35 39 58 67 72 86
15 64 15 30 34 48 52 64
33 73 33 51 67 73
21 89 21 26 42 51 59 89
33 67 33 51 67
18 59 18 22 34 59
18 34 18 22 34
19 86 19 62 72 86
18 82 18 20 39 58 67 82
43 67 43 44 55 67
26 80 26 28 37 48 52 80
15 86 15 26 42 62 72 86
11 82 11 59 64 82
30 86 30 34 59 64 86
31 43 31 43
21 83 21 26 28 37 51 80 81 83
8 41 8 41
70 81 70 81
30 84 30 34 79 84
31 89 31 43 52 77 89
3 72 3 37 51 67 72
1 58 1 39 58
42 72 42 51 67 72
33 80 33 51 80
9 71 9 20 56 64 71
3 51 3 37 51
28 67 28 35 39 58 67
33 83 33 51 80 81 83
8 20 8 9 20
58 67 58 67
2 20 2 9 20
25 67 25 33 51 67
1 43 1 7 43
43 86 43 52 64 86
3 51 3 37 51
42 81 42 51 80 81
14 52 14 28 37 48 52
11 82 11 59 64 71 82
4 66 4 23 66
7 61 7 14 25 33 61
1 13 1 13
3 44 3 30 44
16 29 16 29
25 61 25 33 61
1 26 1 13 26
59 86 59 64 86
7 80 7 14 28 37 48 52 80
15 51 15 26 28 37 51
26 50 26 28 41 50
14 34 14 34
16 81 16 29 48 75 80 81
8 89 8 9 20 55 58 77 89
28 51 28 37 51
11 82 11 59 64 82
25 71 25 35 59 64 71
15 52 15 30 48 52
1 81 1 2 33 51 80 81
14 80 14 25 33 51 80
15 73 15 30 44 55 67 73
30 86 30 44 55 67 72 86
51 81 51 80 81
58 86 58 67 72 86
30 80 30 48 75 80
16 86 16 35 39 58 67 72 86
31 83 31 43 44 79 83
25 80 25 33 51 80
35 77 35 39 58 77
39 77 39 58 77
14 89 14 28 37 77 89
42 88 42 62 72 88
21 75 21 26 28 37 48 75
28 82 28 64 71 82
14 41 14 28 41
35 59 35 59
33 80 33 51 80
3 84 3 9 20 55 84
41 86 41 49 72 86
21 51 21 26 42 51
8 88 8 28 35 39 58 67 72 88
58 86 58 67 72 86
19 64 19 43 52 64
28 80 28 37 48 75 80
19 58 19 43 44 55 58
27 55 27 44 55
35 67 35 39 58 67
8 52 8 28 37 52
41 83 41 70 81 83
42 89 42 51 59 89
14 59 14 59
1 51 1 2 33 51
28 72 28 35 39 58 67 72
34 52 34 48 52
8 59 8 28 35 59
85 88 85 88
3 51 3 37 51
38 89 38 89
30 83 30 44 79 83
33 67 33 51 67
23 48 23 37 48
3 59 3 30 34 59
37 52 37 48 52
8 71 8 28 37 51 59 64 71
28 78 28 41 57 78
7 83 7 43 44 79 83
28 51 28 37 51
18 64 18 59 64
1 23 1 2 23
13 71 13 20 56 64 71
33 83 33 51 80 81 83
3 51 3 37 51
2 82 2 33 51 59 64 82
8 84 8 9 20 55 84
22 48 22 34 48
37 71 37 52 64 71
22 34 22 34
18 64 18 59 64
4 58 4 30 44 55 58
30 79 30 34 79
1 88 1 13 26 42 51 67 72 88
34 48 34 48
18 78 18 20 40 78
18 72 18 20 55 58 67 72
25 67 25 35 39 58 67
30 48 30 48
37 48 37 48
31 84 31 43 44 84
28 88 28 37 48 88
4 66 4 23 66
26 83 26 28 41 70 81 83
34 80 34 48 52 80
28 63 28 41 63
7 80 7 14 28 37 48 52 80
22 72 22 43 44 55 67 72
35 67 35 39 58 67
37 48 37 48
4 73 4 23 37 51 67 73
33 86 33 62 72 86
15 44 15 22 31 43 44
7 79 7 43 44 79
2 59 2 23 37 51 59
2 51 2 33 51
42 51 42 51
13 86 13 29 48 52 64 86
14 72 14 28 35 39 58 67 72
37 73 37 51 67 73
21 67 21 26 42 51 67
42 51 42 51
6 67 6 37 51 67
70 83 70 81 83
64 71 64 71
15 63 15 26 28 41 57 63
25 83 25 33 51 80 81 83
15 51 15 26 28 37 51
9 86 9 62 72 86
6 80 6 31 43 52 80
42 82 42 51 67 82
13 84 13 20 55 84
35 72 35 39 58 67 72
6 80 6 37 52 80
1 26 1 13 26
28 89 28 77 89
34 79 34 79
33 73 33 51 67 73
4 55 4 30 44 55
30 80 30 48 75 80
4 67 4 23 37 51 67
2 20 2 9 20
7 83 7 43 44 79 83
43 83 43 44 79 83
16 52 16 29 48 52
14 73 14 42 51 67 73
6 73 6 31 43 44 55 67 73
14 73 14 28 35 39 58 67 73
51 86 51 67 72 86
3 58 3 9 20 55 58
2 75 2 23 37 48 75
7 61 7 14 25 33 61
9 86 9 20 55 67 72 86
31 80 31 43 52 80
2 51 2 33 51
22 89 22 43 52 77 89
15 52 15 30 34 48 52
15 71 15 26 28 37 48 52 64 71
14 52 14 28 37 48 52
3 51 3 37 51
3 27 3 27
1 58 1 39 58
1 73 1 7 14 42 51 67 73
39 72 39 58 67 72
2 61 2 33 61
56 71 56 64 71
2 59 2 23 37 59
1 88 1 2 23 49 72 88
1 78 1 2 78
4 89 4 23 66 77 89
15 43 15 22 43
39 77 39 58 77
8 70 8 41 70
1 57 1 13 26 28 41 57
42 88 42 51 67 72 88
13 73 13 26 73
4 84 4 30 44 55 84
30 55 30 44 55
27 73 27 44 55 58 67 73
8 89 8 28 35 39 58 77 89
15 34 15 22 34
1 25 1 7 14 25
14 59 14 59
39 88 39 58 67 72 88
15 64 15 22 34 48 52 64
3 37 3 37
13 67 13 26 28 37 51 67
6 80 6 37 48 52 80
14 50 14 28 41 50
37 52 37 48 52
1 64 1 13 29 48 52 64
18 84 18 22 43 44 79 84
21 77 21 58 77
9 55 9 20 55
1 58 1 13 26 28 35 39 58
3 58 3 30 44 55 58
27 84 27 44 79 84
16 73 16 35 39 58 67 73
16 83 16 29 48 52 80 81 83
1 88 1 2 23 49 72 88
8 78 8 40 78
37 48 37 48
4 77 4 30 48 52 77
22 52 22 43 52
6 75 6 37 48 75
30 84 30 34 79 84
18 20 18 20
14 59 14 59
35 71 35 59 64 71
8 77 8 9 20 55 58 77
14 33 14 25 33
25 73 25 35 39 58 67 73
35 58 35 39 58
28 83 28 37 51 80 81 83
62 72 62 72
25 86 25 35 59 64 86
9 86 9 62 72 86
6 73 6 16 35 39 58 67 73
39 67 39 58 67
37 48 37 48
16 52 16 29 48 52
1 61 1 7 14 25 33 61
19 58 19 43 44 55 58
2 89 2 23 37 52 77 89
14 59 14 42 51 59
8 77 8 28 35 39 58 77
35 59 35 59
13 48 13 26 28 37 48
41 86 41 57 72 86
2 23 2 23
1 63 1 7 14 28 41 57 63
3 88 3 27 44 55 58 67 72 88
13 84 13 20 55 84
28 67 28 37 51 67
28 60 28 41 50 60
22 82 22 31 56 64 82
15 79 15 22 31 43 44 79
33 61 33 61
16 71 16 35 59 64 71
21 83 21 26 42 51 80 81 83
33 71 33 51 59 64 71
42 83 42 51 80 81 83
43 80 43 52 80
18 77 18 20 39 58 77
31 67 31 43 44 55 67
19 67 19 43 44 55 67
14 57 14 28 41 57
18 77 18 22 43 52 77
8 71 8 28 35 59 64 71
31 88 31 43 44 55 67 72 88
28 50 28 41 50
19 73 19 43 44 55 58 67 73
31 77 31 43 52 77
58 67 58 67
13 67 13 20 55 58 67
21 50 21 26 28 41 50
8 88 8 9 20 55 58 67 72 88
22 89 22 43 52 77 89
28 81 28 37 51 80 81
3 89 3 27 44 55 84 89
14 88 14 25 35 39 58 67 72 88
16 80 16 29 48 75 80
18 89 18 22 31 43 44 84 89
34 52 34 48 52
2 84 2 9 20 55 84
27 86 27 44 55 58 67 72 86
56 64 56 64
3 78 3 27 78
15 80 15 22 34 48 52 80
22 86 22 34 48 52 64 86
26 52 26 28 37 52
33 61 33 61
14 80 14 25 33 51 80
7 80 7 14 28 37 48 52 80
15 75 15 30 48 75
4 48 4 30 48
13 81 13 29 48 52 80 81
31 71 31 56 64 71
23 52 23 37 48 52
14 72 14 25 33 51 67 72
3 82 3 64 82
15 86 15 22 43 52 64 86
19 58 19 43 44 55 58
43 83 43 44 79 83
8 48 8 28 37 48
42 67 42 51 67
16 83 16 29 48 52 80 81 83
14 67 14 42 51 67
1 37 1 2 23 37
70 83 70 81 83
4 70 4 70
6 86 6 31 56 64 86
15 55 15 30 44 55
9 86 9 62 72 86
18 58 18 22 31 43 44 55 58
18 82 18 22 43 44 55 58 67 82
30 48 30 48
30 75 30 48 75
42 89 42 51 59 89
31 88 31 43 44 55 58 67 72 88
3 27 3 27
31 83 31 43 52 80 81 83
4 72 4 30 44 55 58 67 72
56 64 56 64
33 73 33 51 67 73
23 81 23 37 48 75 80 81
3 20 3 9 20
21 37 21 26 28 37
3 82 3 9 71 82
1 61 1 2 33 61
21 70 21 26 28 41 70
16 81 16 29 48 75 80 81
9 73 9 20 73
14 57 14 28 41 57
4 70 4 70
33 67 33 51 67
33 80 33 51 80
2 20 2 9 20
18 34 18 22 34
1 72 1 7 57 72
1 82 1 7 43 44 55 58 67 82
35 71 35 59 64 71
31 77 31 43 52 77
4 51 4 23 37 51
7 52 7 43 52
28 58 28 35 39 58
3 77 3 27 44 55 58 77
39 89 39 58 77 89
4 67 4 23 37 51 67
42 51 42 51
1 89 1 2 23 66 77 89
13 71 13 26 28 37 59 64 71
37 48 37 48
15 78 15 26 28 41 57 78
6 52 6 16 29 48 52
4 59 4 30 34 59
21 58 21 26 28 35 39 58
19 84 19 43 44 79 84
15 70 15 26 28 41 70
27 73 27 44 55 67 73
22 64 22 34 59 64
14 58 14 28 35 39 58
13 83 13 26 42 51 80 81 83
25 83 25 79 83
14 48 14 34 48
64 71 64 71
43 73 43 44 55 58 67 73
8 51 8 28 37 51
2 72 2 9 62 72
1 75 1 7 14 28 37 48 75
13 84 13 20 55 84
3 83 3 27 44 79 83
23 80 23 37 51 80
3 82 3 27 44 55 58 67 82
7 44 7 43 44
19 67 19 43 44 55 58 67
18 82 18 20 55 58 67 82
43 73 43 44 55 58 67 73
18 59 18 22 34 59
11 88 11 88
37 52 37 52
34 80 34 48 52 80
31 55 31 43 44 55
4 79 4 30 34 79
49 86 49 72 86
23 67 23 37 51 67
35 72 35 39 58 67 72
13 75 13 28 37 48 75
14 83 14 34 79 83
42 72 42 51 67 72
4 51 4 23 37 51
4 30 4 30
3 82 3 27 44 55 58 67 82
37 80 37 52 80
35 89 35 39 58 77 89
14 81 14 34 48 52 80 81
4 88 4 49 72 88
13 73 13 28 37 51 67 73
28 67 28 37 51 67
8 57 8 41 57
26 75 26 28 37 48 75
28 51 28 37 51
22 83 22 31 43 44 79 83
21 57 21 26 28 41 57
25 71 25 35 59 64 71
33 67 33 51 67
7 61 7 14 25 33 61
15 67 15 26 28 37 51 67
19 43 19 43
39 89 39 58 77 89
21 71 21 26 42 51 59 64 71
41 86 41 49 72 86
20 84 20 55 84
28 72 28 37 49 72
37 83 37 51 80 81 83
4 71 4 23 37 48 52 71
58 86 58 67 72 86
7 48 7 14 28 37 48
39 88 39 58 67 72 88
7 73 7 14 25 35 39 58 67 73
7 86 7 57 72 86
42 59 42 51 59
15 57 15 26 28 41 57
43 80 43 52 80
15 37 15 26 28 37
30 81 30 34 48 52 80 81
6 71 6 37 51 59 64 71
13 73 13 28 37 51 67 73
51 67 51 67
1 83 1 37 51 80 81 83
13 81 13 26 28 41 70 81
7 79 7 43 44 79
14 83 14 42 51 80 81 83
15 78 15 26 28 41 57 78
8 60 8 41 50 60
27 44 27 44
4 59 4 30 34 59
43 73 43 44 55 58 67 73
18 20 18 20
13 73 13 28 37 51 67 73
4 80 4 23 37 48 52 80
43 86 43 44 55 58 67 72 86
28 78 28 41 57 78
15 64 15 30 34 59 64
15 72 15 22 31 43 44 55 58 67 72
14 63 14 25 63
14 72 14 28 35 39 58 67 72
37 73 37 51 67 73
3 82 3 37 52 64 71 82
34 84 34 79 84
18 67 18 20 55 67
3 82 3 30 34 59 64 71 82
22 81 22 34 48 75 80 81
8 9 8 9
21 57 21 26 28 41 57
28 82 28 41 70 82
25 61 25 33 61
37 67 37 51 67
42 51 42 51
34 71 34 59 64 71
34 80 34 48 75 80
30 48 30 48
18 82 18 20 55 58 67 82
30 48 30 34 48
14 83 14 28 37 51 80 81 83
28 81 28 37 52 80 81
16 73 16 35 39 58 67 73
25 61 25 33 61
14 33 14 25 33
37 86 37 52 64 86
26 48 26 28 37 48
1 57 1 7 14 28 41 57
31 58 31 43 44 55 58
15 78 15 26 28 41 57 78
2 59 2 33 51 59
26 75 26 28 37 48 75
37 80 37 51 80
27 84 27 44 55 84
18 88 18 20 55 67 72 88
19 43 19 43
59 86 59 64 86
30 81 30 48 52 80 81
4 86 4 30 34 86
15 82 15 26 42 51 67 82
22 59 22 34 59
56 82 56 82
8 81 8 28 37 48 75 80 81
1 48 1 37 48
11 59 11 59
51 86 51 86
37 83 37 48 52 80 81 83
43 55 43 44 55
6 73 6 37 51 67 73
2 71 2 9 20 56 64 71
3 86 3 37 51 67 72 86
43 86 43 44 55 67 72 86
28 63 28 41 57 63
1 88 1 49 72 88
7 52 7 43 52
1 37 1 37
9 84 9 20 55 84
3 48 3 30 48
8 20 8 9 20
37 75 37 48 75
9 84 9 20 55 84
51 73 51 67 73
15 43 15 22 31 43
23 73 23 37 51 67 73
49 88 49 72 88
8 60 8 28 41 50 60
16 83 16 29 48 52 80 81 83
42 88 42 62 72 88
20 55 20 55
18 59 18 22 34 59
31 55 31 43 44 55
28 59 28 35 59
1 59 1 37 59
23 83 23 37 52 80 81 83
26 75 26 28 37 48 75
28 57 28 41 57
16 71 16 29 48 52 71
14 33 14 25 33
28 60 28 41 50 60
21 80 21 26 42 51 80
43 52 43 52
1 34 1 7 14 34
6 86 6 86
35 58 35 39 58
42 81 42 51 80 81
13 75 13 29 48 75
14 78 14 25 33 78
25 71 25 33 51 59 64 71
28 86 28 41 49 72 86
23 83 23 37 51 80 81 83
43 84 43 44 55 84
21 67 21 58 67
6 29 6 16 29
19 58 19 43 44 55 58
39 72 39 58 67 72
6 29 6 16 29
8 60 8 28 41 50 60
2 67 2 9 20 39 58 67
15 55 15 30 44 55
21 88 21 26 88
70 83 70 81 83
43 67 43 44 55 67
33 80 33 51 80
1 86 1 2 9 20 56 64 86
7 79 7 43 44 79
22 55 22 43 44 55
42 73 42 51 67 73
1 82 1 13 26 42 51 59 64 71 82
41 81 41 70 81
7 84 7 43 44 55 84
13 29 13 29
37 73 37 51 67 73
28 37 28 37
1 72 1 2 9 20 55 67 72
8 60 8 28 41 50 60
25 83 25 33 51 80 81 83
1 13 1 13
16 86 16 29 48 52 64 86
34 80 34 48 75 80
43 83 43 44 79 83
3 88 3 30 44 79 88
39 82 39 58 67 82
43 67 43 44 55 58 67
58 73 58 67 73
43 44 43 44
28 82 28 64 71 82
1 80 1 37 52 80
42 80 42 51 80
41 50 41 50
16 86 16 35 39 58 67 72 86
13 84 13 84
9 86 9 62 72 86
1 72 1 37 49 72
9 86 9 62 72 86
43 52 43 52
31 77 31 43 52 77
25 67 25 33 51 67
1 48 1 13 28 37 48
43 73 43 44 55 67 73
19 64 19 56 64
1 89 1 2 33 51 59 89
6 83 6 31 43 44 79 83
39 89 39 58 77 89
1 58 1 13 26 28 35 39 58
28 64 28 35 59 64
43 83 43 52 80 81 83
34 75 34 48 75
8 50 8 41 50
56 82 56 82
18 86 18 22 34 59 64 86
8 9 8 9
15 63 15 26 28 41 57 63
18 78 18 20 40 78
21 88 21 26 28 35 39 58 67 72 88
18 34 18 22 34
43 86 43 52 64 86
2 67 2 23 37 51 67
49 88 49 72 88
14 84 14 34 79 84
13 48 13 28 37 48
15 63 15 26 28 41 57 63
1 63 1 13 28 41 57 63
28 64 28 64
26 81 26 42 51 80 81
27 67 27 44 55 67
28 63 28 41 63
19 58 19 43 44 55 58
22 34 22 34
27 67 27 44 55 67
7 44 7 43 44
30 83 30 44 79 83
43 73 43 44 55 58 67 73
22 86 22 34 86
13 83 13 29 48 52 80 81 83
49 88 49 72 88
2 58 2 9 20 39 58
8 77 8 9 20 55 58 77
13 73 13 20 39 58 67 73
42 88 42 62 72 88
7 61 7 14 25 33 61
6 48 6 16 29 48
3 89 3 27 79 84 89
6 84 6 31 43 44 55 84
51 71 51 59 64 71
18 52 18 22 43 52
15 44 15 30 44
8 78 8 9 20 40 78
1 50 1 7 14 28 41 50
26 52 26 28 37 52
14 86 14 59 64 86
27 67 27 44 55 67
14 89 14 28 77 89
72 86 72 86
35 72 35 39 58 67 72
15 43 15 22 43
15 26 15 26
22 59 22 34 59
7 80 7 14 28 37 48 52 80
25 61 25 33 61
2 51 2 33 51
7 48 7 14 28 37 48
19 58 19 43 44 55 58
13 29 13 29
18 81 18 22 34 48 75 80 81
25 73 25 33 51 67 73
42 73 42 51 67 73
16 71 16 29 48 52 71
33 61 33 61
11 86 11 59 64 86
42 88 42 51 67 72 88
27 73 27 44 55 58 67 73
3 81 3 37 51 80 81
27 84 27 79 84
28 72 28 37 49 72
4 37 4 23 37
14 67 14 28 37 51 67
2 64 2 9 20 56 64
33 81 33 51 80 81
25 83 25 33 51 80 81 83
4 78 4 23 66 78
8 41 8 28 41
21 81 21 26 28 41 70 81
41 50 41 50
4 84 4 30 44 55 84
28 59 28 37 59
1 26 1 13 26
4 44 4 30 44
13 73 13 28 37 51 67 73
6 73 6 37 51 67 73
70 83 70 81 83
58 86 58 67 72 86
2 51 2 23 37 51
30 55 30 44 55
39 82 39 58 67 82
1 32 1 2 23 32
7 86 7 57 72 86
4 89 4 23 66 77 89
42 89 42 51 59 89
9 86 9 62 72 86
23 80 23 37 48 52 80
30 81 30 34 48 52 80 81
15 89 15 22 34 48 52 77 89
13 86 13 28 37 48 52 64 86
16 67 16 35 39 58 67
35 64 35 59 64
1 33 1 7 14 25 33
56 86 56 64 86
26 86 26 28 41 49 72 86
4 71 4 30 48 52 64 71
30 75 30 48 75
22 67 22 43 44 55 58 67
23 48 23 37 48
22 84 22 31 43 44 79 84
6 80 6 16 29 48 52 80
14 51 14 42 51
31 67 31 43 44 55 67
7 79 7 43 44 79
6 75 6 37 48 75
30 86 30 34 59 64 86
21 88 21 42 62 72 88
30 81 30 48 75 80 81
27 67 27 44 55 58 67
30 44 30 44
1 79 1 7 43 44 79
7 73 7 14 25 35 39 58 67 73
4 37 4 23 37
8 63 8 28 41 63
27 86 27 44 55 58 67 72 86
35 82 35 59 64 71 82
1 86 1 13 29 48 52 64 86
3 58 3 9 20 55 58
16 67 16 35 39 58 67
28 83 28 41 70 81 83
22 82 22 43 44 55 58 67 82
19 77 19 43 44 55 58 77
22 81 22 43 52 80 81
15 89 15 22 34 59 89
23 83 23 37 51 80 81 83
43 86 43 52 64 86
21 86 21 42 62 72 86
14 57 14 28 41 57
42 82 42 51 59 64 71 82
27 86 27 44 55 67 72 86
1 71 1 37 52 71
33 80 33 51 80
26 73 26 28 37 51 67 73
43 80 43 52 80
6 52 6 16 29 48 52
28 80 28 37 52 80
11 86 11 59 64 86
4 72 4 30 44 55 58 67 72
22 81 22 31 43 52 80 81
22 64 22 31 43 52 64
51 71 51 59 64 71
43 86 43 52 64 86
7 55 7 43 44 55
27 44 27 44
4 70 4 70
26 48 26 28 37 48
3 81 3 30 48 52 80 81
21 89 21 26 42 51 59 89
7 48 7 14 34 48
6 86 6 86
30 71 30 34 48 52 64 71
8 48 8 28 37 48
8 82 8 28 64 82
11 59 11 59
28 59 28 37 59
11 82 11 59 64 71 82
15 86 15 30 34 59 64 86
9 73 9 20 39 58 67 73
27 84 27 79 84
21 77 21 26 28 77
14 77 14 34 48 52 77
1 51 1 37 51
43 73 43 44 55 58 67 73
4 37 4 23 37
42 51 42 51
30 55 30 44 55
33 61 33 61
8 41 8 28 41
2 48 2 23 37 48
22 71 22 43 52 71
15 57 15 26 28 41 57
43 71 43 52 64 71
22 44 22 31 43 44
31 58 31 43 44 55 58
31 89 31 43 52 77 89
9 67 9 20 55 67
41 83 41 70 81 83
15 51 15 26 42 51
11 64 11 59 64
41 50 41 50
42 80 42 51 80
43 55 43 44 55
35 88 35 39 58 67 72 88
11 82 11 59 64 71 82
43 79 43 44 79
8 59 8 28 35 59
3 52 3 37 52
8 51 8 28 37 51
19 77 19 43 52 77
21 89 21 26 28 77 89
23 48 23 37 48
23 83 23 37 51 80 81 83
13 75 13 26 28 37 48 75
27 55 27 44 55
15 86 15 22 34 59 64 86
1 55 1 13 20 55
2 81 2 33 51 80 81
28 89 28 35 59 89
26 73 26 28 37 51 67 73
13 73 13 28 37 51 67 73
6 81 6 16 29 48 75 80 81
22 43 22 31 43
22 77 22 31 43 52 77
8 80 8 28 37 52 80
28 83 28 41 70 81 83
4 23 4 23
15 60 15 26 28 41 50 60
14 52 14 34 48 52
37 48 37 48
16 29 16 29
19 79 19 43 44 79
42 64 42 51 59 64
3 9 3 9
11 64 11 59 64
11 64 11 59 64
33 67 33 51 67
8 37 8 28 37
14 37 14 28 37
40 78 40 78
23 86 23 49 72 86
1 9 1 2 9
34 86 34 86
18 81 18 22 34 48 52 80 81
26 71 26 42 51 59 64 71
31 72 31 43 44 55 67 72
19 64 19 43 52 64
21 51 21 26 28 37 51
18 88 18 22 31 43 44 79 88
6 44 6 31 43 44
23 86 23 49 72 86
49 86 49 72 86
1 9 1 2 9
6 55 6 31 43 44 55
64 86 64 86
8 59 8 28 35 59
31 88 31 43 44 55 58 67 72 88
3 34 3 30 34
14 67 14 25 35 39 58 67
13 83 13 83
6 84 6 31 43 44 55 84
27 84 27 44 55 84
72 86 72 86
4 59 4 30 34 59
20 73 20 73
22 73 22 43 44 55 58 67 73
37 52 37 48 52
35 77 35 39 58 77
6 29 6 16 29
62 88 62 72 88
2 82 2 9 71 82
31 67 31 43 44 55 58 67
18 64 18 20 56 64
1 9 1 2 9
70 81 70 81
15 78 15 26 28 41 57 78
2 77 2 9 20 55 58 77
8 50 8 41 50
25 81 25 33 51 80 81
26 81 26 42 51 80 81
28 71 28 37 48 52 71
25 86 25 35 59 64 86
4 79 4 30 44 79
27 83 27 79 83
6 80 6 31 43 52 80
7 81 7 14 25 33 51 80 81
59 71 59 64 71
13 84 13 84
8 89 8 28 37 59 89
21 80 21 26 42 51 80
3 88 3 30 44 79 88
19 55 19 43 44 55
28 82 28 41 57 82
13 83 13 26 42 51 80 81 83
39 72 39 58 67 72
39 86 39 58 67 72 86
2 71 2 56 64 71
18 34 18 22 34
7 55 7 43 44 55
15 43 15 22 31 43
7 79 7 43 44 79
2 80 2 33 51 80
1 84 1 7 43 44 84
1 72 1 37 51 67 72
33 81 33 51 80 81
21 26 21 26
14 58 14 28 35 39 58
16 83 16 29 48 52 80 81 83
22 34 22 34
1 13 1 13
41 83 41 70 81 83
20 84 20 55 84
22 64 22 31 43 52 64
26 73 26 42 51 67 73
23 86 23 37 49 72 86
35 73 35 39 58 67 73
27 86 27 44 55 67 72 86
33 73 33 51 67 73
21 72 21 58 67 72
16 48 16 29 48
21 26 21 26
4 34 4 30 34
30 44 30 44
7 61 7 14 25 33 61
33 86 33 51 86
2 88 2 9 20 39 58 67 72 88
21 60 21 26 28 41 50 60
6 71 6 16 29 48 52 71
22 71 22 43 52 64 71
26 80 26 42 51 80
3 82 3 37 48 52 64 71 82
22 34 22 34
3 59 3 30 34 59
42 89 42 51 59 89
16 73 16 35 39 58 67 73
31 84 31 43 44 79 84
31 81 31 43 52 80 81
37 73 37 51 67 73
33 80 33 51 80
8 72 8 41 57 72
6 79 6 31 43 44 79
9 71 9 20 56 64 71
39 88 39 58 67 72 88
21 37 21 26 28 37
23 48 23 37 48
4 37 4 23 37
4 23 4 23
3 58 3 30 44 55 58
2 77 2 23 66 77
70 83 70 81 83
22 58 22 43 44 55 58
37 52 37 52
2 55 2 9 20 55
62 72 62 72
21 48 21 26 28 37 48
30 81 30 34 48 52 80 81
8 78 8 9 20 40 78
8 70 8 41 70
1 48 1 7 14 28 37 48
27 67 27 44 55 58 67
22 81 22 34 48 52 80 81
27 44 27 44
26 73 26 28 35 39 58 67 73
34 52 34 48 52
4 89 4 30 48 52 77 89
25 83 25 33 51 80 81 83
21 72 21 26 28 35 39 58 67 72
1 52 1 2 23 37 52
43 67 43 44 55 67
2 75 2 23 37 48 75
43 73 43 44 55 58 67 73
3 30 3 30
34 79 34 79
28 81 28 41 70 81
26 75 26 28 37 48 75
3 78 3 9 20 40 78
41 50 41 50
21 50 21 26 28 41 50
37 73 37 51 67 73
3 59 3 37 59
35 71 35 59 64 71
18 75 18 22 34 48 75
37 67 37 51 67
27 73 27 44 55 58 67 73
30 81 30 48 52 80 81
1 58 1 7 14 25 35 39 58
4 37 4 23 37
2 37 2 23 37
22 79 22 34 79
25 79 25 79
14 64 14 42 51 59 64
14 41 14 28 41
34 71 34 48 52 64 71
70 83 70 81 83
34 83 34 48 52 80 81 83
58 67 58 67
23 86 23 37 48 52 64 86
7 48 7 14 28 37 48
23 75 23 37 48 75
1 20 1 13 20
2 89 2 23 37 52 77 89
25 83 25 79 83
13 71 13 28 35 59 64 71
2 51 2 23 37 51
2 9 2 9
26 50 26 28 41 50
22 80 22 43 52 80
2 9 2 9
28 78 28 41 57 78
7 81 7 43 52 80 81
2 58 2 9 20 39 58
26 81 26 42 51 80 81
2 81 2 33 51 80 81
34 83 34 79 83
16 52 16 29 48 52
3 59 3 30 34 59
15 77 15 26 28 35 39 58 77
30 44 30 44
8 88 8 41 49 72 88
64 86 64 86
23 81 23 37 48 75 80 81
62 72 62 72
8 51 8 28 37 51
34 86 34 59 64 86
28 63 28 41 57 63
14 33 14 25 33
9 71 9 71
18 34 18 22 34
9 86 9 62 72 86
15 55 15 30 44 55
28 51 28 37 51
7 50 7 14 28 41 50
19 83 19 43 44 79 83
25 83 25 33 51 80 81 83
2 78 2 78
1 34 1 7 14 34
43 55 43 44 55
19 79 19 43 44 79
22 89 22 43 44 79 84 89
2 55 2 9 20 55
15 37 15 26 28 37
22 83 22 31 43 44 79 83
13 29 13 29
3 20 3 9 20
85 88 85 88
22 88 22 34 79 88
21 51 21 42 51
51 81 51 80 81
8 63 8 41 63
8 58 8 9 20 39 58
6 29 6 16 29
15 89 15 26 42 51 59 89
33 86 33 49 72 86
25 80 25 33 51 80
7 84 7 43 44 84
14 88 14 25 33 62 72 88
43 80 43 52 80
72 86 72 86
3 73 3 37 51 67 73
2 71 2 33 51 59 64 71
18 82 18 20 56 64 71 82
14 37 14 28 37
42 71 42 51 59 64 71
33 86 33 49 72 86
26 48 26 28 37 48
28 70 28 41 70
42 71 42 51 59 64 71
23 80 23 37 48 52 80
2 67 2 23 37 51 67
28 37 28 37
1 63 1 13 26 28 41 63
42 86 42 62 72 86
19 43 19 43
27 79 27 44 79
15 88 15 26 28 41 57 72 88
27 73 27 44 55 58 67 73
1 70 1 7 14 28 41 70
28 52 28 37 52
1 55 1 7 43 44 55
25 83 25 79 83
4 51 4 23 37 51
37 86 37 59 64 86
64 86 64 86
18 59 18 22 34 59
9 84 9 20 55 84
8 82 8 41 57 82
26 52 26 28 37 48 52
2 66 2 23 66
37 81 37 52 80 81
2 82 2 23 37 59 64 82
8 84 8 9 20 55 84
14 88 14 34 79 88
2 84 2 9 20 55 84
51 71 51 59 64 71
31 89 31 43 44 55 58 77 89
35 58 35 39 58
1 66 1 2 23 66
31 44 31 43 44
25 84 25 79 84
31 79 31 43 44 79
4 30 4 30
35 82 35 59 64 71 82
22 73 22 31 43 44 55 67 73
2 83 2 23 37 51 80 81 83
34 86 34 86
30 83 30 34 48 75 80 81 83
2 48 2 23 37 48
7 73 7 43 44 55 67 73
28 77 28 77
4 34 4 30 34
42 73 42 51 67 73
43 81 43 52 80 81
6 67 6 31 43 44 55 67
31 67 31 43 44 55 58 67
28 51 28 37 51
33 73 33 51 67 73
13 81 13 28 41 70 81
15 82 15 22 43 44 55 58 67 82
34 86 34 86
26 81 26 42 51 80 81
15 57 15 26 28 41 57
41 86 41 49 72 86
2 52 2 23 37 48 52
23 81 23 37 51 80 81
21 63 21 26 28 41 57 63
1 70 1 7 14 28 41 70
8 57 8 41 57
43 55 43 44 55
25 67 25 33 51 67
13 48 13 26 28 37 48
1 34 1 7 14 34
13 67 13 20 55 58 67
13 83 13 26 42 51 80 81 83
1 51 1 37 51
30 79 30 34 79
39 67 39 58 67
37 75 37 48 75
28 51 28 37 51
18 82 18 20 39 58 67 82
28 63 28 41 63
37 86 37 48 52 64 86
8 51 8 28 37 51
25 79 25 79
9 55 9 20 55
1 58 1 2 9 20 39 58
18 59 18 22 34 59
14 25 14 25
21 26 21 26
31 86 31 43 44 55 58 67 72 86
31 89 31 43 52 77 89
28 77 28 77
8 63 8 28 41 57 63
1 55 1 7 43 44 55
14 64 14 42 51 59 64
37 48 37 48
19 86 19 43 44 55 58 67 72 86
28 58 28 35 39 58
21 58 21 58
37 75 37 48 75
3 71 3 37 48 52 71
13 29 13 29
26 48 26 28 37 48
28 86 28 64 86
6 29 6 16 29
18 83 18 22 31 43 52 80 81 83
22 82 22 34 48 52 71 82
2 51 2 33 51
8 60 8 28 41 50 60
21 58 21 26 28 35 39 58
27 67 27 44 55 67
22 55 22 43 44 55
25 81 25 33 51 80 81
8 88 8 28 41 57 72 88
14 72 14 25 33 62 72
42 72 42 51 67 72
35 67 35 39 58 67
35 67 35 39 58 67
8 37 8 28 37
26 80 26 42 51 80
39 86 39 58 67 72 86
15 30 15 30
6 52 6 37 52
28 51 28 37 51
14 89 14 42 51 59 89
3 37 3 37
22 80 22 34 48 75 80
1 50 1 7 14 28 41 50
4 86 4 23 37 72 86
21 78 21 26 28 41 57 78
34 52 34 48 52
26 48 26 28 37 48
43 52 43 52
3 83 3 27 44 79 83
18 88 18 22 34 79 88
27 79 27 44 79
33 80 33 51 80
25 86 25 62 72 86
21 63 21 26 28 41 63
16 86 16 29 48 52 64 86
28 50 28 41 50
6 67 6 31 43 44 55 67
30 67 30 44 55 58 67
21 50 21 26 28 41 50
7 75 7 14 34 48 75
37 80 37 52 80
14 88 14 25 62 72 88
3 58 3 27 44 55 58
1 34 1 7 14 34
23 83 23 37 48 75 80 81 83
11 71 11 59 64 71
20 86 20 39 58 67 72 86
2 55 2 9 20 55
35 64 35 59 64
9 84 9 20 55 84
11 88 11 88
18 58 18 20 39 58
14 59 14 42 51 59
22 55 22 31 43 44 55
3 88 3 27 44 79 88
43 55 43 44 55
13 29 13 29
3 75 3 37 48 75
4 59 4 30 34 59
34 75 34 48 75
28 52 28 37 52
3 81 3 37 52 80 81
37 71 37 59 64 71
4 80 4 23 37 52 80
7 48 7 14 28 37 48
20 86 20 55 58 67 72 86
4 55 4 30 44 55
1 82 1 39 58 67 82
1 43 1 7 43
43 44 43 44
15 70 15 26 28 41 70
72 86 72 86
19 55 19 43 44 55
22 73 22 31 43 44 55 58 67 73
28 77 28 37 77
35 72 35 39 58 67 72
37 81 37 52 80 81
43 81 43 52 80 81
16 86 16 29 48 52 64 86
28 63 28 41 57 63
37 81 37 52 80 81
35 64 35 59 64
51 71 51 59 64 71
14 75 14 34 48 75
1 26 1 13 26
33 73 33 51 67 73
14 70 14 28 41 70
13 48 13 29 48
18 48 18 22 34 48
4 70 4 70
51 73 51 67 73
43 80 43 52 80
1 37 1 7 14 28 37
31 43 31 43
28 59 28 35 59
21 48 21 26 28 37 48
14 33 14 25 33
2 20 2 9 20
57 86 57 72 86
31 67 31 43 44 55 67
4 78 4 23 66 78
37 67 37 51 67
3 88 3 30 44 79 88
6 75 6 16 29 48 75
35 77 35 39 58 77
4 34 4 30 34
3 77 3 37 52 77
64 86 64 86
6 84 6 31 43 44 55 84
3 59 3 37 59
39 73 39 58 67 73
31 89 31 43 52 77 89
42 88 42 62 72 88
25 67 25 33 51 67
15 64 15 22 43 52 64
15 44 15 22 31 43 44
4 70 4 70
15 58 15 22 31 43 44 55 58
22 89 22 43 44 79 84 89
27 83 27 44 79 83
9 73 9 20 73
15 72 15 26 28 37 49 72
4 66 4 23 66
18 44 18 22 31 43 44
21 58 21 58
15 81 15 26 42 51 80 81
1 23 1 2 23
25 73 25 35 39 58 67 73
8 52 8 28 37 52
22 67 22 31 43 44 55 58 67
8 20 8 9 20
35 67 35 39 58 67
23 80 23 37 51 80
25 73 25 33 51 67 73
6 83 6 37 51 80 81 83
16 83 16 29 48 52 80 81 83
4 70 4 70
23 81 23 37 48 75 80 81
40 78 40 78
1 23 1 2 23
2 58 2 9 20 39 58
18 72 18 22 31 43 44 55 58 67 72
39 82 39 58 67 82
28 41 28 41
19 73 19 43 44 55 67 73
40 78 40 78
21 75 21 26 28 37 48 75
2 58 2 9 20 39 58
18 52 18 22 31 43 52
37 71 37 52 64 71
8 86 8 9 20 39 58 67 72 86
8 89 8 28 37 51 59 89
34 71 34 59 64 71
37 73 37 51 67 73
28 75 28 37 48 75
13 80 13 28 37 51 80
39 67 39 58 67
37 80 37 51 80
18 43 18 22 31 43
22 77 22 34 48 52 77
16 71 16 35 59 64 71
21 58 21 58
20 55 20 55
19 55 19 43 44 55
16 75 16 29 48 75
31 88 31 43 44 55 67 72 88
7 55 7 43 44 55
38 89 38 89
23 71 23 37 51 59 64 71
16 73 16 35 39 58 67 73
37 71 37 48 52 64 71
3 67 3 9 20 39 58 67
7 61 7 14 25 33 61
4 30 4 30
28 77 28 77
21 58 21 26 28 35 39 58
28 64 28 64
2 88 2 23 37 48 75 88
34 80 34 48 52 80
51 67 51 67
21 63 21 26 28 41 57 63
6 80 6 16 29 48 52 80
2 83 2 33 51 80 81 83
8 55 8 9 20 55
11 71 11 59 64 71
13 80 13 26 42 51 80
64 86 64 86
6 79 6 31 43 44 79
23 52 23 37 48 52
42 67 42 51 67
37 81 37 51 80 81
11 89 11 59 89
15 60 15 26 28 41 50 60
3 64 3 30 48 52 64
21 86 21 26 28 64 86
3 84 3 30 34 79 84
31 64 31 56 64
15 58 15 30 44 55 58
21 52 21 26 28 37 52
4 83 4 70 81 83
42 51 42 51
8 60 8 28 41 50 60
9 71 9 20 56 64 71
31 73 31 43 44 55 67 73
8 75 8 28 37 48 75
70 81 70 81
18 59 18 22 34 59
1 9 1 2 9
15 26 15 26
31 77 31 43 44 55 58 77
7 50 7 14 28 41 50
1 58 1 7 14 25 35 39 58
7 48 7 14 34 48
28 57 28 41 57
35 86 35 39 58 67 72 86
38 89 38 89
16 29 16 29
19 88 19 43 44 55 67 72 88
7 81 7 43 52 80 81
16 73 16 35 39 58 67 73
42 89 42 51 59 89
26 52 26 28 37 52
15 72 15 30 44 55 67 72
15 75 15 30 48 75
1 7 1 7
18 86 18 20 55 67 72 86
2 59 2 33 51 59
1 9 1 2 9
7 67 7 43 44 55 58 67
6 44 6 31 43 44
58 73 58 67 73
49 72 49 72
13 81 13 29 48 52 80 81
34 79 34 79
23 67 23 37 51 67
30 75 30 34 48 75
8 70 8 41 70
22 81 22 43 52 80 81
22 59 22 34 59
64 71 64 71
22 84 22 34 79 84
41 86 41 49 72 86
7 48 7 14 34 48
15 30 15 30
31 86 31 43 52 64 86
7 79 7 43 44 79
6 67 6 31 43 44 55 67
9 67 9 20 55 67
14 77 14 34 48 52 77
7 50 7 14 28 41 50
33 83 33 51 80 81 83
15 60 15 26 28 41 50 60
31 72 31 43 44 55 58 67 72
51 71 51 59 64 71
4 84 4 30 44 84
1 60 1 7 14 28 41 50 60
28 88 28 35 39 58 67 72 88
43 55 43 44 55
28 70 28 41 70
8 70 8 41 70
28 78 28 41 57 78
27 84 27 79 84
2 84 2 9 20 55 84
4 86 4 30 34 86
28 81 28 41 70 81
19 83 19 43 52 80 81 83
56 82 56 64 71 82
6 86 6 86
15 71 15 26 28 64 71
23 71 23 37 48 52 64 71
9 71 9 71
25 79 25 79
2 88 2 33 62 72 88
1 51 1 37 51
23 52 23 37 52
1 37 1 7 14 28 37
43 80 43 52 80
1 58 1 39 58
14 77 14 28 37 77
25 86 25 33 62 72 86
3 78 3 27 78
21 26 21 26
8 63 8 28 41 57 63
42 81 42 51 80 81
14 59 14 28 35 59
6 48 6 16 29 48
8 77 8 9 20 55 58 77
19 64 19 56 64
3 82 3 27 44 55 67 82
27 44 27 44
8 78 8 41 57 78
1 32 1 2 23 32
14 50 14 28 41 50
30 79 30 34 79
18 48 18 22 34 48
25 83 25 79 83
6 73 6 16 35 39 58 67 73
22 89 22 31 43 52 77 89
26 52 26 28 37 52
43 73 43 44 55 67 73
51 81 51 80 81
1 70 1 13 26 28 41 70
4 48 4 23 37 48
27 73 27 44 55 58 67 73
14 34 14 34
7 61 7 14 25 33 61
23 73 23 37 51 67 73
14 33 14 25 33
2 9 2 9
1 20 1 2 9 20
18 79 18 22 31 43 44 79
3 34 3 30 34
15 50 15 26 28 41 50
16 73 16 35 39 58 67 73
21 82 21 58 67 82
18 58 18 22 31 43 44 55 58
1 63 1 7 57 63
8 50 8 41 50
18 73 18 20 39 58 67 73
23 80 23 37 51 80
4 67 4 23 37 51 67
8 58 8 28 35 39 58
15 37 15 26 28 37
21 63 21 26 28 41 63
3 84 3 30 34 79 84
21 37 21 26 28 37
14 70 14 28 41 70
42 59 42 51 59
26 67 26 28 37 51 67
37 80 37 52 80
4 82 4 30 34 59 64 82
6 86 6 37 72 86
2 77 2 9 20 39 58 77
8 89 8 28 37 51 59 89
43 52 43 52
43 73 43 44 55 58 67 73
42 71 42 51 59 64 71
6 48 6 37 48
1 44 1 7 43 44
15 88 15 30 44 79 88
22 81 22 31 43 52 80 81
22 83 22 43 44 79 83
13 55 13 20 55
27 44 27 44
11 86 11 59 64 86
1 33 1 7 14 25 33
3 75 3 37 48 75
41 86 41 57 72 86
4 72 4 49 72
15 89 15 30 44 79 84 89
15 26 15 26
21 63 21 26 28 41 57 63
22 43 22 31 43
26 80 26 42 51 80
4 37 4 23 37
34 80 34 48 52 80
8 63 8 28 41 57 63
14 48 14 28 37 48
3 58 3 27 44 55 58
35 72 35 39 58 67 72
2 20 2 9 20
8 75 8 28 37 48 75
14 41 14 28 41
18 52 18 22 31 43 52
15 78 15 26 28 41 57 78
3 67 3 27 44 55 67
18 72 18 20 39 58 67 72
9 73 9 20 73
3 82 3 9 71 82
8 51 8 28 37 51
51 83 51 80 81 83
3 88 3 30 48 75 88
8 57 8 41 57
39 89 39 58 77 89
6 67 6 31 43 44 55 67
8 37 8 28 37
31 77 31 43 44 55 58 77
1 48 1 13 28 37 48
7 80 7 43 52 80
1 66 1 2 23 66
2 73 2 9 20 55 58 67 73
1 52 1 37 48 52
30 75 30 48 75
20 67 20 55 58 67
3 20 3 9 20
16 81 16 29 48 52 80 81
25 61 25 33 61
7 84 7 14 34 79 84
18 89 18 59 89
18 67 18 20 55 58 67
34 75 34 48 75
26 73 26 28 35 39 58 67 73
15 82 15 26 28 82
26 81 26 42 51 80 81
21 88 21 26 42 62 72 88
13 52 13 28 37 48 52
58 73 58 67 73
21 41 21 26 28 41
16 80 16 29 48 52 80
22 77 22 43 44 55 58 77
18 79 18 22 34 79
14 83 14 34 48 75 80 81 83
26 80 26 28 37 52 80
8 58 8 28 35 39 58
18 78 18 20 40 78
49 86 49 72 86
18 75 18 22 34 48 75
28 75 28 37 48 75
26 86 26 28 37 59 64 86
19 88 19 43 44 79 88
3 89 3 37 48 52 77 89
7 86 7 57 72 86
40 78 40 78
26 81 26 42 51 80 81
21 64 21 42 51 59 64
30 67 30 44 55 67
16 29 16 29
30 84 30 34 79 84
11 88 11 88
3 72 3 9 62 72
28 51 28 37 51
15 64 15 26 42 51 59 64
34 86 34 86
30 86 30 48 52 64 86
8 71 8 28 37 48 52 71
15 77 15 26 28 37 48 52 77
22 73 22 43 44 55 58 67 73
30 52 30 48 52
21 67 21 42 51 67
34 52 34 48 52
27 79 27 44 79
22 34 22 34
31 89 31 43 44 84 89
37 52 37 52
11 71 11 59 64 71
16 81 16 29 48 75 80 81
1 88 1 13 26 42 51 67 72 88
14 84 14 25 79 84
9 73 9 20 73
28 83 28 41 70 81 83
62 86 62 72 86
7 67 7 14 25 35 39 58 67
1 72 1 49 72
3 64 3 37 51 59 64
4 71 4 23 37 51 59 64 71
58 73 58 67 73
7 83 7 14 42 51 80 81 83
8 50 8 28 41 50
4 72 4 30 44 55 58 67 72
39 77 39 58 77
1 13 1 13
8 20 8 9 20
43 83 43 44 79 83
1 70 1 13 26 28 41 70
6 52 6 37 52
34 71 34 59 64 71
16 67 16 35 39 58 67
15 84 15 30 34 79 84
15 59 15 26 42 51 59
26 86 26 42 62 72 86
1 83 1 2 23 37 48 75 80 81 83
7 44 7 43 44
35 88 35 39 58 67 72 88
15 73 15 26 42 51 67 73
31 43 31 43
30 79 30 44 79
6 44 6 31 43 44
21 50 21 26 28 41 50
28 41 28 41
22 58 22 43 44 55 58
4 37 4 23 37
34 52 34 48 52
39 58 39 58
62 72 62 72
42 67 42 51 67
21 41 21 26 28 41
31 89 31 43 44 55 84 89
19 73 19 43 44 55 67 73
18 77 18 20 39 58 77
30 81 30 34 48 75 80 81
28 88 28 37 48 75 88
7 52 7 14 34 48 52
31 67 31 43 44 55 58 67
51 80 51 80
2 88 2 33 49 72 88
19 88 19 43 44 79 88
23 52 23 37 48 52
19 77 19 43 44 55 58 77
6 84 6 31 43 44 55 84
26 80 26 42 51 80
1 82 1 13 29 48 52 64 82
35 88 35 39 58 67 72 88
13 55 13 20 55
58 67 58 67
40 78 40 78
43 71 43 52 71
42 73 42 51 67 73
21 78 21 26 28 41 57 78
21 71 21 26 28 64 71
2 71 2 23 37 59 64 71
26 73 26 42 51 67 73
15 41 15 26 28 41
3 78 3 9 20 40 78
9 67 9 20 55 67
18 84 18 20 55 84
2 51 2 23 37 51
14 77 14 34 48 52 77
21 67 21 42 51 67
30 52 30 34 48 52
21 26 21 26
21 59 21 26 28 35 59
14 59 14 59
13 50 13 28 41 50
30 84 30 34 79 84
8 72 8 62 72
22 77 22 31 43 44 55 58 77
18 59 18 22 34 59
43 81 43 52 80 81
26 75 26 28 37 48 75
14 78 14 25 33 78
62 88 62 72 88
23 71 23 37 59 64 71
26 52 26 28 37 52
15 60 15 26 28 41 50 60
31 52 31 43 52
1 26 1 13 26
1 61 1 2 33 61
15 78 15 26 28 41 57 78
43 44 43 44
13 48 13 26 28 37 48
15 67 15 22 43 44 55 58 67
2 72 2 23 49 72
56 82 56 82
7 73 7 43 44 55 67 73
4 58 4 30 44 55 58
39 58 39 58
18 20 18 20
22 58 22 31 43 44 55 58
9 67 9 20 55 67
4 59 4 23 37 51 59
1 88 1 2 23 49 72 88
20 71 20 56 64 71
15 41 15 26 28 41
6 84 6 31 43 44 79 84
26 73 26 28 37 51 67 73
4 64 4 23 37 52 64
13 73 13 26 73
56 71 56 64 71
4 66 4 23 66
30 79 30 44 79
43 71 43 52 64 71
15 72 15 22 43 44 55 67 72
11 86 11 59 64 86
8 60 8 28 41 50 60
22 43 22 31 43
26 52 26 28 37 48 52
22 89 22 31 43 52 77 89
21 86 21 58 67 72 86
2 82 2 56 82
30 73 30 44 55 67 73
39 72 39 58 67 72
1 77 1 2 9 20 39 58 77
64 71 64 71
2 33 2 33
23 73 23 37 51 67 73
22 67 22 43 44 55 67
14 41 14 28 41
15 63 15 26 28 41 63
25 80 25 33 51 80
6 67 6 16 35 39 58 67
16 48 16 29 48
27 84 27 44 55 84
3 51 3 37 51
16 86 16 86
33 61 33 61
4 77 4 30 34 48 52 77
23 48 23 37 48
6 52 6 16 29 48 52
31 88 31 43 44 79 88
22 71 22 31 43 52 64 71
8 78 8 40 78
18 55 18 22 43 44 55
11 71 11 59 64 71
28 78 28 41 57 78
14 50 14 28 41 50
3 44 3 30 44
21 88 21 26 42 62 72 88
35 67 35 39 58 67
1 75 1 7 14 34 48 75
39 73 39 58 67 73
8 60 8 41 50 60
19 88 19 43 44 79 88
49 86 49 72 86
23 83 23 37 51 80 81 83
16 29 16 29
16 52 16 29 48 52
13 81 13 26 42 51 80 81
25 86 25 62 72 86
9 73 9 20 73
22 89 22 43 44 55 84 89
4 64 4 23 37 52 64
7 83 7 14 25 79 83
6 75 6 37 48 75
15 70 15 26 28 41 70
42 80 42 51 80
13 73 13 28 35 39 58 67 73
49 72 49 72
18 58 18 20 55 58
19 58 19 43 44 55 58
51 86 51 86
25 73 25 35 39 58 67 73
1 23 1 2 23
72 86 72 86
13 80 13 26 28 37 52 80
16 29 16 29
25 86 25 62 72 86
35 88 35 39 58 67 72 88
7 50 7 14 28 41 50
15 79 15 30 44 79
49 86 49 72 86
1 82 1 39 58 67 82
21 70 21 26 28 41 70
1 70 1 13 28 41 70
31 84 31 43 44 84
35 64 35 59 64
18 58 18 20 39 58
8 70 8 41 70
16 80 16 29 48 52 80
15 82 15 30 48 75 82
23 71 23 37 59 64 71
14 72 14 42 51 67 72
39 88 39 58 67 72 88
3 52 3 30 48 52
23 73 23 37 51 67 73
70 83 70 81 83
3 79 3 27 79
27 83 27 44 79 83
8 20 8 9 20
9 86 9 20 55 67 72 86
62 88 62 72 88
35 72 35 39 58 67 72
7 83 7 14 28 41 70 81 83
35 58 35 39 58
1 63 1 13 28 41 57 63
51 71 51 59 64 71
1 34 1 7 14 34
22 52 22 31 43 52
4 55 4 30 44 55
72 86 72 86
1 52 1 37 48 52
1 7 1 7
28 51 28 37 51
43 80 43 52 80
15 51 15 26 42 51
7 44 7 43 44
28 81 28 41 70 81
8 71 8 28 35 59 64 71
14 70 14 28 41 70
14 61 14 25 33 61
21 37 21 26 28 37
33 80 33 51 80
41 83 41 70 81 83
6 52 6 37 48 52
35 67 35 39 58 67
1 83 1 7 43 44 79 83
31 83 31 43 44 79 83
14 51 14 28 37 51
3 72 3 30 44 55 67 72
25 86 25 33 51 59 64 86
9 71 9 20 56 64 71
15 88 15 30 44 79 88
31 43 31 43
7 48 7 14 28 37 48
15 34 15 22 34
20 84 20 55 84
25 84 25 79 84
1 70 1 13 28 41 70
34 48 34 48
26 83 26 42 51 80 81 83
4 52 4 23 37 52
31 77 31 43 52 77
4 37 4 23 37
22 58 22 31 43 44 55 58
1 20 1 2 9 20
1 37 1 13 26 28 37
34 71 34 48 52 64 71
13 81 13 29 48 52 80 81
20 84 20 55 84
37 83 37 52 80 81 83
18 79 18 22 43 44 79
2 59 2 23 37 51 59
18 43 18 22 43
2 64 2 23 37 48 52 64
1 60 1 7 14 28 41 50 60
21 89 21 26 42 51 59 89
43 44 43 44
20 55 20 55
37 73 37 51 67 73
41 83 41 70 81 83
23 71 23 37 48 52 64 71
28 48 28 37 48
1 44 1 7 43 44
14 83 14 42 51 80 81 83
3 67 3 30 44 55 58 67
85 88 85 88
51 86 51 59 64 86
2 9 2 9
8 67 8 28 37 51 67
6 81 6 31 43 52 80 81
19 88 19 43 44 55 58 67 72 88
8 58 8 9 20 55 58
1 78 1 2 78
19 67 19 43 44 55 58 67
22 79 22 43 44 79
14 41 14 28 41
38 89 38 89
16 71 16 35 59 64 71
21 86 21 26 42 51 67 72 86
15 72 15 30 44 55 67 72
7 67 7 43 44 55 58 67
1 89 1 39 58 77 89
37 48 37 48
26 73 26 28 37 51 67 73
56 82 56 64 71 82
1 80 1 2 23 37 52 80
4 66 4 23 66
21 75 21 26 28 37 48 75
3 34 3 30 34
11 64 11 59 64
3 30 3 30
14 67 14 25 33 51 67
34 81 34 48 75 80 81
4 89 4 30 34 79 84 89
14 52 14 34 48 52
8 73 8 28 37 51 67 73
57 86 57 72 86
30 71 30 34 48 52 64 71
30 44 30 44
25 79 25 79
1 52 1 2 23 37 48 52
28 72 28 41 57 72
18 72 18 22 31 43 44 55 67 72
18 64 18 22 43 52 64
31 52 31 43 52
43 55 43 44 55
43 67 43 44 55 58 67
41 81 41 70 81
19 64 19 56 64
8 64 8 28 64
33 71 33 51 59 64 71
4 88 4 23 37 51 67 72 88
23 83 23 37 52 80 81 83
4 67 4 30 44 55 67
23 73 23 37 51 67 73
6 80 6 16 29 48 52 80
11 82 11 59 64 71 82
2 58 2 9 20 39 58
39 82 39 58 67 82
19 72 19 62 72
25 73 25 33 51 67 73
13 29 13 29
41 81 41 70 81
58 73 58 67 73
37 75 37 48 75
35 64 35 59 64
7 84 7 43 44 79 84
27 55 27 44 55
21 83 21 26 42 51 80 81 83
15 89 15 26 42 51 59 89
3 77 3 27 44 55 58 77
31 43 31 43
21 77 21 58 77
15 58 15 26 28 35 39 58
13 75 13 29 48 75
49 88 49 72 88
30 48 30 48
4 80 4 30 34 48 52 80
22 75 22 34 48 75
28 86 28 35 39 58 67 72 86
58 67 58 67
58 67 58 67
2 78 2 33 78
51 73 51 67 73
28 51 28 37 51
14 34 14 34
14 63 14 28 41 63
72 86 72 86
3 20 3 9 20
49 86 49 72 86
8 50 8 28 41 50
18 58 18 22 43 44 55 58
59 86 59 64 86
1 71 1 7 14 34 48 52 64 71
7 80 7 14 28 37 48 75 80
4 77 4 30 48 52 77
18 20 18 20
30 83 30 44 79 83
43 84 43 44 84
19 64 19 56 64
42 51 42 51
7 73 7 43 44 55 67 73
15 50 15 26 28 41 50
13 55 13 20 55
15 60 15 26 28 41 50 60
22 71 22 34 48 52 71
15 82 15 30 48 75 82
15 51 15 26 42 51
3 64 3 64
62 72 62 72
16 67 16 35 39 58 67
8 80 8 28 37 52 80
2 37 2 23 37
1 73 1 39 58 67 73
15 80 15 30 48 75 80
58 67 58 67
37 52 37 48 52
43 73 43 44 55 67 73
2 9 2 9
19 83 19 43 44 79 83
21 81 21 26 42 51 80 81
15 88 15 22 43 44 55 58 67 72 88
23 52 23 37 52
14 58 14 25 35 39 58
2 32 2 23 32
21 37 21 26 28 37
21 81 21 26 42 51 80 81
1 26 1 13 26
30 55 30 44 55
2 80 2 33 51 80
3 20 3 9 20
34 71 34 48 52 64 71
19 72 19 43 44 55 67 72
30 55 30 44 55
4 37 4 23 37
13 75 13 26 28 37 48 75
4 32 4 23 32
14 33 14 25 33
19 79 19 43 44 79
13 84 13 20 55 84
25 81 25 33 51 80 81
7 73 7 14 28 35 39 58 67 73
34 83 34 48 52 80 81 83
28 72 28 35 39 58 67 72
34 81 34 48 75 80 81
1 88 1 37 51 67 72 88
14 77 14 34 48 52 77
22 79 22 34 79
22 59 22 34 59
28 57 28 41 57
14 51 14 28 37 51
20 55 20 55
31 77 31 43 44 55 58 77
8 72 8 9 20 55 58 67 72
21 83 21 26 42 51 80 81 83
41 50 41 50
16 67 16 35 39 58 67
28 88 28 35 39 58 67 72 88
8 52 8 28 37 52
1 29 1 13 29
1 60 1 7 14 28 41 50 60
18 81 18 22 31 43 52 80 81
1 29 1 13 29
7 83 7 43 52 80 81 83
14 88 14 25 33 62 72 88
1 82 1 2 9 20 55 58 67 82
30 75 30 34 48 75
7 52 7 43 52
42 89 42 51 59 89
41 83 41 70 81 83
62 72 62 72
14 67 14 42 51 67
34 48 34 48
27 44 27 44
31 67 31 43 44 55 67
34 52 34 48 52
1 9 1 2 9
35 64 35 59 64
1 66 1 2 23 66
42 82 42 51 59 64 71 82
27 84 27 44 55 84
31 44 31 43 44
33 67 33 51 67
11 64 11 59 64
22 77 22 43 44 55 58 77
27 67 27 44 55 58 67
51 73 51 67 73
21 37 21 26 28 37
14 34 14 34
57 86 57 72 86
26 52 26 28 37 52
35 88 35 39 58 67 72 88
6 48 6 37 48
31 89 31 43 52 77 89
2 61 2 33 61
2 67 2 23 37 51 67
22 73 22 43 44 55 67 73
15 70 15 26 28 41 70
6 75 6 16 29 48 75
26 71 26 42 51 59 64 71
23 86 23 37 48 52 64 86
30 55 30 44 55
28 59 28 35 59
31 64 31 56 64
16 86 16 35 39 58 67 72 86
4 80 4 23 37 48 52 80
2 33 2 33
1 29 1 13 29
23 71 23 37 52 64 71
30 55 30 44 55
16 73 16 35 39 58 67 73
37 67 37 51 67
21 80 21 42 51 80
51 73 51 67 73
21 80 21 42 51 80
19 83 19 43 52 80 81 83
19 81 19 43 52 80 81
18 78 18 20 40 78
22 82 22 34 59 64 71 82
3 72 3 27 44 55 58 67 72
7 50 7 14 28 41 50
33 80 33 51 80
4 71 4 23 37 52 71
13 29 13 29
42 59 42 51 59
33 86 33 51 67 72 86
38 89 38 89
27 55 27 44 55
20 71 20 56 64 71
6 55 6 31 43 44 55
15 63 15 26 28 41 63
16 83 16 29 48 75 80 81 83
18 20 18 20
38 89 38 89
28 82 28 41 70 82
4 72 4 49 72
30 67 30 44 55 58 67
21 71 21 42 51 59 64 71
15 75 15 26 28 37 48 75
8 84 8 9 20 55 84
7 75 7 14 28 37 48 75
28 52 28 37 52
6 67 6 16 35 39 58 67
37 75 37 48 75
35 64 35 59 64
14 88 14 34 48 88
8 89 8 9 20 55 84 89
23 83 23 37 51 80 81 83
1 25 1 7 14 25
43 80 43 52 80
22 72 22 31 43 44 55 58 67 72
23 66 23 66
8 60 8 28 41 50 60
4 30 4 30
14 81 14 42 51 80 81
18 34 18 22 34
70 81 70 81
58 73 58 67 73
43 73 43 44 55 58 67 73
7 44 7 43 44
13 75 13 28 37 48 75
8 88 8 28 41 57 72 88
1 57 1 7 57
35 82 35 59 64 71 82
22 75 22 34 48 75
1 63 1 7 57 63
23 32 23 32
3 88 3 37 48 88
20 84 20 55 84
28 71 28 37 48 52 64 71
7 80 7 14 28 37 51 80
23 75 23 37 48 75
31 77 31 43 44 55 58 77
18 80 18 22 31 43 52 80
51 86 51 86
28 89 28 37 52 77 89
33 80 33 51 80
22 80 22 34 48 52 80
14 82 14 34 59 64 82
7 48 7 14 28 37 48
35 58 35 39 58
16 80 16 29 48 52 80
14 41 14 28 41
16 48 16 29 48
26 80 26 28 37 51 80
2 67 2 23 37 51 67
22 59 22 34 59
14 80 14 28 37 52 80
1 67 1 37 51 67
62 72 62 72
35 64 35 59 64
3 71 3 30 48 52 71
15 64 15 30 34 48 52 64
2 77 2 9 20 55 58 77
33 67 33 51 67
49 72 49 72
26 86 26 28 35 59 64 86
3 88 3 9 62 72 88
58 86 58 67 72 86
22 67 22 31 43 44 55 58 67
8 51 8 28 37 51
11 88 11 88
19 73 19 43 44 55 67 73
15 89 15 26 42 51 59 89
3 82 3 37 52 64 71 82
33 80 33 51 80
41 50 41 50
4 66 4 23 66
2 64 2 9 20 56 64
2 59 2 23 37 59
62 86 62 72 86
27 79 27 79
6 75 6 16 29 48 75
37 75 37 48 75
4 83 4 23 37 51 80 81 83
6 75 6 37 48 75
6 48 6 16 29 48
14 51 14 42 51
23 73 23 37 51 67 73
1 52 1 37 48 52
43 84 43 44 84
31 82 31 56 64 71 82
33 81 33 51 80 81
3 48 3 37 48
16 67 16 35 39 58 67
19 58 19 43 44 55 58
15 43 15 22 31 43
3 83 3 27 44 79 83
2 59 2 23 37 51 59
31 79 31 43 44 79
43 52 43 52
39 77 39 58 77
1 61 1 7 14 25 33 61
1 72 1 2 33 49 72
34 71 34 59 64 71
8 51 8 28 37 51
18 59 18 22 34 59
28 75 28 37 48 75
19 83 19 43 52 80 81 83
16 83 16 29 48 75 80 81 83
1 29 1 13 29
22 79 22 43 44 79
4 75 4 23 37 48 75
14 57 14 28 41 57
43 73 43 44 55 67 73
26 48 26 28 37 48
30 48 30 34 48
11 86 11 59 64 86
3 88 3 30 44 79 88
23 48 23 37 48
28 63 28 41 57 63
28 48 28 37 48
27 83 27 79 83
20 73 20 55 67 73
30 79 30 44 79
28 48 28 37 48
26 67 26 28 37 51 67
13 52 13 26 28 37 52
7 81 7 43 52 80 81
4 30 4 30
14 88 14 25 33 51 67 72 88
13 48 13 26 28 37 48
7 81 7 43 52 80 81
18 81 18 22 43 52 80 81
31 84 31 43 44 84
14 78 14 28 41 57 78
8 77 8 9 20 55 58 77
26 48 26 28 37 48
25 86 25 35 59 64 86
28 77 28 35 39 58 77
14 41 14 28 41
15 57 15 26 28 41 57
35 58 35 39 58
13 73 13 26 28 35 39 58 67 73
15 43 15 22 43
30 73 30 44 55 58 67 73
43 73 43 44 55 67 73
31 52 31 43 52
20 73 20 39 58 67 73
8 75 8 28 37 48 75
22 77 22 43 44 55 58 77
39 73 39 58 67 73
7 79 7 43 44 79
26 67 26 42 51 67
21 58 21 58
1 61 1 2 33 61
1 25 1 7 14 25
41 83 41 70 81 83
19 88 19 43 44 55 67 72 88
28 58 28 35 39 58
21 70 21 26 28 41 70
1 66 1 2 23 66
31 80 31 43 52 80
2 82 2 56 82
7 52 7 14 28 37 52
8 57 8 28 41 57
7 55 7 43 44 55
19 83 19 43 44 79 83
18 73 18 22 31 43 44 55 67 73
9 55 9 20 55
7 52 7 43 52
7 50 7 14 28 41 50
14 81 14 28 37 52 80 81
31 84 31 43 44 55 84
1 77 1 2 23 66 77
9 55 9 20 55
30 67 30 44 55 67
33 81 33 51 80 81
4 82 4 82
19 55 19 43 44 55
14 79 14 34 79
13 29 13 29
14 59 14 25 33 51 59
28 70 28 41 70
13 50 13 28 41 50
31 72 31 43 44 55 67 72
14 48 14 28 37 48
8 58 8 9 20 39 58
51 83 51 80 81 83
14 59 14 28 35 59
6 80 6 16 29 48 75 80
21 52 21 26 28 37 52
14 51 14 42 51
14 33 14 25 33
62 88 62 72 88
8 75 8 28 37 48 75
22 81 22 34 48 75 80 81
35 86 35 39 58 67 72 86
49 72 49 72
1 37 1 37
25 61 25 33 61
15 58 15 30 44 55 58
8 63 8 28 41 57 63
3 75 3 30 48 75
18 83 18 22 43 44 79 83
31 58 31 43 44 55 58
23 83 23 37 51 80 81 83
6 71 6 31 43 52 71
1 34 1 7 14 34
3 34 3 30 34
4 64 4 23 37 51 59 64
21 64 21 42 51 59 64
15 52 15 22 31 43 52
43 73 43 44 55 58 67 73
9 67 9 20 55 58 67
14 48 14 28 37 48
25 83 25 33 51 80 81 83
1 55 1 7 43 44 55
1 7 1 7
13 73 13 26 42 51 67 73
4 70 4 70
20 71 20 56 64 71
43 52 43 52
43 86 43 44 55 67 72 86
1 83 1 2 33 51 80 81 83
39 82 39 58 67 82
8 51 8 28 37 51
28 83 28 37 52 80 81 83
39 58 39 58
28 52 28 37 52
7 80 7 14 28 37 48 75 80
31 89 31 43 52 77 89
22 89 22 43 52 77 89
21 67 21 58 67
35 88 35 39 58 67 72 88
2 88 2 9 62 72 88
31 73 31 43 44 55 67 73
6 48 6 37 48
7 50 7 14 28 41 50
1 13 1 13
7 44 7 43 44
3 77 3 30 34 48 52 77
1 60 1 13 28 41 50 60
1 33 1 7 14 25 33
3 59 3 37 59
18 77 18 22 31 43 52 77
28 82 28 41 70 82
43 52 43 52
8 37 8 28 37
7 79 7 14 34 79
3 59 3 30 34 59
42 81 42 51 80 81
19 67 19 43 44 55 67
15 86 15 30 44 55 67 72 86
1 37 1 13 26 28 37
22 79 22 31 43 44 79
1 78 1 2 78
15 34 15 22 34
49 72 49 72
27 79 27 79
34 71 34 48 52 71
14 77 14 28 37 77
30 75 30 34 48 75
4 44 4 30 44
1 73 1 2 23 37 51 67 73
14 57 14 28 41 57
41 81 41 70 81
21 51 21 42 51
4 59 4 30 34 59
26 50 26 28 41 50
6 75 6 16 29 48 75
39 58 39 58
8 67 8 9 20 39 58 67
7 73 7 14 25 35 39 58 67 73
7 75 7 14 34 48 75
56 64 56 64
9 86 9 62 72 86
19 71 19 56 64 71
23 75 23 37 48 75
28 52 28 37 48 52
22 81 22 31 43 52 80 81
3 51 3 37 51
39 77 39 58 77
51 80 51 80
30 71 30 34 48 52 64 71
7 61 7 14 25 33 61
15 30 15 30
7 71 7 14 25 35 59 64 71
27 73 27 44 55 67 73
13 81 13 29 48 52 80 81
9 73 9 20 55 58 67 73
13 81 13 26 42 51 80 81
2 58 2 9 20 55 58
22 52 22 43 52
51 86 51 59 64 86
27 86 27 44 55 67 72 86
19 44 19 43 44
13 55 13 20 55
22 44 22 31 43 44
18 75 18 22 34 48 75
3 37 3 37
62 86 62 72 86
41 83 41 70 81 83
13 81 13 28 41 70 81
34 80 34 48 75 80
1 77 1 13 28 35 39 58 77
1 48 1 13 26 28 37 48
31 73 31 43 44 55 67 73
1 20 1 2 9 20
51 67 51 67
7 81 7 14 28 37 52 80 81
9 71 9 20 56 64 71
11 71 11 59 64 71
34 52 34 48 52
2 37 2 23 37
51 67 51 67
35 77 35 39 58 77
25 80 25 33 51 80
16 71 16 35 59 64 71
1 20 1 2 9 20
37 52 37 48 52
1 9 1 2 9
1 43 1 7 43
70 83 70 81 83
7 48 7 14 34 48
26 80 26 28 37 48 52 80
34 83 34 48 52 80 81 83
43 55 43 44 55
4 64 4 30 48 52 64
8 48 8 28 37 48
51 83 51 80 81 83
13 50 13 26 28 41 50
1 34 1 7 14 34
21 26 21 26
15 60 15 26 28 41 50 60
28 52 28 37 48 52
2 84 2 9 20 55 84
41 50 41 50
34 83 34 48 75 80 81 83
1 82 1 39 58 67 82
21 82 21 42 51 59 64 82
2 20 2 9 20
25 73 25 33 51 67 73
34 52 34 48 52
28 50 28 41 50
26 86 26 42 51 59 64 86
31 58 31 43 44 55 58
14 57 14 28 41 57
1 55 1 2 9 20 55
70 81 70 81
3 82 3 30 44 55 67 82
4 23 4 23
6 81 6 16 29 48 75 80 81
56 86 56 64 86
13 52 13 26 28 37 52
1 34 1 7 14 34
25 86 25 35 59 64 86
21 59 21 42 51 59
23 81 23 37 51 80 81
28 82 28 41 70 82
14 57 14 28 41 57
30 55 30 44 55
30 75 30 48 75
34 86 34 86
3 52 3 30 34 48 52
23 71 23 37 59 64 71
18 81 18 22 34 48 75 80 81
6 44 6 31 43 44
8 9 8 9
3 20 3 9 20
31 81 31 43 52 80 81
2 37 2 23 37
21 70 21 26 28 41 70
31 71 31 43 52 64 71
3 72 3 9 20 55 67 72
30 84 30 34 79 84
37 75 37 48 75
39 89 39 58 77 89
23 71 23 37 59 64 71
16 83 16 29 48 52 80 81 83
28 67 28 35 39 58 67
23 67 23 37 51 67
18 78 18 20 40 78
2 23 2 23
6 81 6 31 43 52 80 81
16 73 16 35 39 58 67 73
22 88 22 43 44 79 88
3 48 3 37 48
3 20 3 9 20
18 81 18 22 31 43 52 80 81
8 82 8 28 64 82
7 71 7 14 34 48 52 64 71
70 81 70 81
42 72 42 62 72
35 67 35 39 58 67
37 86 37 52 64 86
43 44 43 44
6 84 6 31 43 44 79 84
8 37 8 28 37
21 58 21 26 28 35 39 58
21 64 21 42 51 59 64
3 83 3 37 51 80 81 83
20 86 20 56 64 86
9 86 9 62 72 86
28 71 28 64 71
13 67 13 26 42 51 67
31 77 31 43 44 55 58 77
15 88 15 22 43 44 79 88
15 26 15 26
8 73 8 28 35 39 58 67 73
37 80 37 51 80
34 52 34 48 52
4 82 4 23 37 51 67 82
33 81 33 51 80 81
1 58 1 7 14 25 35 39 58
2 20 2 9 20
7 71 7 14 34 48 52 64 71
13 86 13 28 41 49 72 86
13 50 13 28 41 50
4 30 4 30
2 82 2 23 37 59 64 82
25 79 25 79
3 86 3 37 51 86
1 71 1 7 43 52 71
15 51 15 26 28 37 51
28 83 28 37 51 80 81 83
4 48 4 30 48
2 88 2 23 37 51 67 72 88
22 89 22 43 44 55 84 89
35 64 35 59 64
25 61 25 33 61
6 79 6 31 43 44 79
3 37 3 37
11 59 11 59
31 72 31 43 44 55 58 67 72
30 80 30 48 75 80
30 44 30 44
8 52 8 28 37 48 52
14 25 14 25
42 51 42 51
21 78 21 26 28 41 57 78
9 73 9 20 73
1 79 1 7 43 44 79
3 59 3 30 34 59
22 43 22 31 43
3 82 3 82
3 34 3 30 34
21 75 21 26 28 37 48 75
49 72 49 72
2 20 2 9 20
21 89 21 26 42 51 59 89
59 71 59 64 71
4 80 4 23 37 52 80
34 80 34 48 52 80
9 84 9 20 55 84
22 75 22 34 48 75
2 84 2 9 20 55 84
19 58 19 43 44 55 58
35 67 35 39 58 67
26 48 26 28 37 48
1 77 1 39 58 77
56 82 56 82
8 51 8 28 37 51
26 73 26 28 37 51 67 73
58 73 58 67 73
19 86 19 43 52 64 86
1 89 1 2 9 20 39 58 77 89
6 71 6 71
6 71 6 31 43 52 71
18 79 18 22 31 43 44 79
31 55 31 43 44 55
22 89 22 31 43 52 77 89
15 58 15 22 43 44 55 58
22 72 22 43 44 55 58 67 72
18 80 18 22 43 52 80
42 73 42 51 67 73
21 58 21 58
15 63 15 26 28 41 63
18 48 18 22 34 48
14 64 14 42 51 59 64
8 59 8 28 37 51 59
4 51 4 23 37 51
37 52 37 52
14 70 14 28 41 70
43 84 43 44 79 84
25 73 25 35 39 58 67 73
1 63 1 13 28 41 63
28 82 28 41 70 82
33 86 33 51 59 64 86
22 64 22 31 56 64
4 34 4 30 34
35 58 35 39 58
1 83 1 2 23 37 51 80 81 83
19 64 19 56 64
1 58 1 7 43 44 55 58
21 77 21 26 28 35 39 58 77
21 83 21 26 42 51 80 81 83
4 80 4 23 37 52 80
3 72 3 27 44 55 58 67 72
15 58 15 26 28 35 39 58
19 79 19 43 44 79
31 71 31 43 52 71
30 55 30 44 55
25 84 25 79 84
1 89 1 2 9 20 55 84 89
13 50 13 26 28 41 50
37 48 37 48
6 81 6 37 52 80 81
43 55 43 44 55
26 71 26 28 64 71
16 48 16 29 48
25 67 25 35 39 58 67
22 59 22 34 59
14 78 14 25 40 78
3 34 3 30 34
21 51 21 42 51
23 83 23 37 51 80 81 83
37 83 37 52 80 81 83
35 71 35 59 64 71
11 88 11 88
3 72 3 37 49 72
23 67 23 37 51 67
20 67 20 55 58 67
19 43 19 43
3 9 3 9
16 71 16 29 48 52 71
15 88 15 26 28 35 39 58 67 72 88
8 86 8 62 72 86
1 57 1 7 14 28 41 57
23 86 23 37 59 64 86
31 80 31 43 52 80
59 86 59 64 86
18 88 18 20 39 58 67 72 88
28 37 28 37
6 84 6 31 43 44 55 84
7 48 7 14 28 37 48
33 71 33 51 59 64 71
39 72 39 58 67 72
6 48 6 37 48
25 73 25 35 39 58 67 73
14 63 14 28 41 57 63
42 64 42 51 59 64
31 88 31 43 44 55 58 67 72 88
13 67 13 28 35 39 58 67
1 70 1 7 14 28 41 70
30 67 30 44 55 58 67
16 29 16 29
28 41 28 41
20 86 20 55 67 72 86
33 81 33 51 80 81
25 67 25 33 51 67
35 82 35 39 58 67 82
6 80 6 37 48 52 80
28 58 28 35 39 58
3 51 3 37 51
3 34 3 30 34
7 79 7 43 44 79
16 86 16 29 48 52 64 86
27 83 27 79 83
18 59 18 22 34 59
51 81 51 80 81
7 44 7 43 44
15 51 15 26 42 51
30 73 30 44 55 58 67 73
18 59 18 22 34 59
9 86 9 62 72 86
25 67 25 35 39 58 67
1 78 1 13 20 40 78
16 81 16 29 48 52 80 81
16 52 16 29 48 52
18 44 18 22 43 44
30 52 30 48 52
58 67 58 67
25 84 25 79 84
35 88 35 39 58 67 72 88
34 84 34 79 84
4 89 4 30 48 52 77 89
22 79 22 31 43 44 79
6 81 6 16 29 48 75 80 81
64 86 64 86
43 80 43 52 80
16 86 16 29 48 52 64 86
11 59 11 59
43 83 43 52 80 81 83
26 83 26 28 37 52 80 81 83
4 51 4 23 37 51
26 48 26 28 37 48
11 64 11 59 64
8 51 8 28 37 51
39 77 39 58 77
28 57 28 41 57
34 81 34 48 75 80 81
22 64 22 31 43 52 64
4 64 4 30 34 48 52 64
7 79 7 43 44 79
13 84 13 84
7 61 7 14 25 33 61
4 59 4 23 37 51 59
3 89 3 37 48 52 77 89
42 72 42 62 72
41 83 41 70 81 83
4 48 4 30 48
1 29 1 13 29
30 75 30 48 75
3 75 3 37 48 75
42 80 42 51 80
7 83 7 14 25 79 83
39 58 39 58
13 48 13 29 48
6 75 6 37 48 75
33 73 33 51 67 73
4 59 4 30 34 59
43 73 43 44 55 58 67 73
14 67 14 28 35 39 58 67
1 29 1 13 29
7 86 7 64 86
3 30 3 30
14 34 14 34
18 75 18 22 34 48 75
1 26 1 13 26
21 77 21 58 77
58 86 58 67 72 86
22 82 22 34 48 52 71 82
28 72 28 35 39 58 67 72
62 88 62 72 88
6 75 6 37 48 75
26 80 26 42 51 80
27 79 27 79
22 55 22 43 44 55
25 86 25 35 39 58 67 72 86
21 72 21 58 67 72
4 82 4 30 48 52 71 82
26 67 26 42 51 67
3 55 3 9 20 55
8 41 8 28 41
23 67 23 37 51 67
7 73 7 43 44 55 58 67 73
9 86 9 62 72 86
13 83 13 26 28 41 70 81 83
1 37 1 37
25 83 25 33 51 80 81 83
30 73 30 44 55 67 73
15 64 15 30 34 48 52 64
31 71 31 43 52 71
37 67 37 51 67
15 82 15 30 48 52 71 82
16 86 16 29 48 52 64 86
1 84 1 13 84
15 88 15 30 48 88
7 67 7 43 44 55 67
14 51 14 28 37 51
6 67 6 16 35 39 58 67
6 83 6 37 48 52 80 81 83
30 84 30 34 79 84
6 84 6 31 43 44 55 84
3 51 3 37 51
9 84 9 20 55 84
8 70 8 28 41 70
34 75 34 48 75
15 75 15 26 28 37 48 75
2 33 2 33
7 52 7 14 34 48 52
59 71 59 64 71
2 59 2 23 37 59
3 27 3 27
39 77 39 58 77
4 59 4 30 34 59
16 75 16 29 48 75
22 77 22 43 52 77
13 48 13 26 28 37 48
13 86 13 29 48 52 64 86
7 80 7 43 52 80
21 89 21 26 28 77 89
4 84 4 30 44 79 84
31 82 31 56 82
37 52 37 52
23 83 23 37 48 75 80 81 83
16 48 16 29 48
15 73 15 30 44 55 67 73
1 63 1 7 57 63
19 64 19 43 52 64
3 37 3 37
21 77 21 58 77
59 86 59 64 86
21 37 21 26 28 37
22 83 22 34 79 83
27 67 27 44 55 58 67
43 73 43 44 55 67 73
23 75 23 37 48 75
25 84 25 79 84
28 88 28 35 39 58 67 72 88
7 55 7 43 44 55
28 73 28 37 51 67 73
11 59 11 59
9 71 9 20 56 64 71
4 52 4 23 37 48 52
39 86 39 58 67 72 86
14 70 14 28 41 70
25 67 25 35 39 58 67
4 37 4 23 37
6 55 6 31 43 44 55
2 88 2 23 37 48 75 88
6 86 6 16 29 48 52 64 86
21 82 21 58 67 82
16 80 16 29 48 52 80
31 84 31 43 44 79 84
33 67 33 51 67
1 80 1 13 28 37 51 80
14 63 14 25 63
43 81 43 52 80 81
7 52 7 14 34 48 52
1 81 1 2 23 37 48 52 80 81
27 55 27 44 55
43 67 43 44 55 58 67
19 44 19 43 44
1 50 1 13 26 28 41 50
51 67 51 67
15 81 15 26 42 51 80 81
2 59 2 33 51 59
31 64 31 56 64
8 50 8 28 41 50
3 83 3 27 44 79 83
21 81 21 42 51 80 81
70 83 70 81 83
51 86 51 59 64 86
4 23 4 23
14 58 14 25 35 39 58
39 72 39 58 67 72
25 67 25 35 39 58 67
22 43 22 31 43
25 81 25 33 51 80 81
4 71 4 30 48 52 71
34 83 34 48 75 80 81 83
56 64 56 64
28 77 28 77
4 67 4 30 44 55 58 67
18 67 18 22 31 43 44 55 58 67
8 20 8 9 20
13 80 13 26 28 37 52 80
31 84 31 43 44 84
11 59 11 59
1 51 1 37 51
33 86 33 51 67 72 86
26 73 26 42 51 67 73
15 26 15 26
19 82 19 82
39 86 39 58 67 72 86
39 89 39 58 77 89
41 83 41 70 81 83
4 82 4 30 44 55 67 82
51 67 51 67
6 83 6 16 29 48 52 80 81 83
22 55 22 43 44 55
1 9 1 2 9
59 86 59 64 86
25 84 25 79 84
21 72 21 58 67 72
18 79 18 22 31 43 44 79
43 80 43 52 80
21 63 21 26 28 41 63
26 50 26 28 41 50
27 84 27 79 84
23 86 23 37 48 52 64 86
19 88 19 43 44 55 67 72 88
37 73 37 51 67 73
4 89 4 30 34 79 84 89
31 44 31 43 44
14 84 14 25 79 84
7 83 7 43 52 80 81 83
25 80 25 33 51 80
42 89 42 51 59 89
6 75 6 37 48 75
35 59 35 59
28 89 28 77 89
34 48 34 48
37 75 37 48 75
64 86 64 86
26 52 26 28 37 52
15 26 15 26
2 72 2 33 49 72
43 81 43 52 80 81
31 88 31 43 44 55 67 72 88
14 73 14 25 33 51 67 73
4 32 4 23 32
30 55 30 44 55
43 55 43 44 55
1 43 1 7 43
26 48 26 28 37 48
7 86 7 57 72 86
33 81 33 51 80 81
25 79 25 79
14 51 14 28 37 51
21 78 21 26 28 41 57 78
7 83 7 43 52 80 81 83
21 82 21 26 28 41 50 82
18 34 18 22 34
2 81 2 33 51 80 81
1 7 1 7
1 51 1 2 23 37 51
1 58 1 39 58
34 48 34 48
3 64 3 30 48 52 64
4 23 4 23
13 67 13 28 35 39 58 67
8 52 8 28 37 48 52
6 84 6 31 43 44 55 84
18 80 18 22 43 52 80
14 60 14 28 41 50 60
64 86 64 86
21 64 21 42 51 59 64
28 70 28 41 70
37 71 37 52 71
18 82 18 59 64 82
72 86 72 86
1 32 1 2 23 32
8 89 8 9 20 55 58 77 89
31 82 31 43 44 55 67 82
2 72 2 23 49 72
8 37 8 28 37
20 86 20 55 67 72 86
21 70 21 26 28 41 70
27 83 27 79 83
19 43 19 43
51 83 51 80 81 83
2 80 2 23 37 51 80
14 52 14 34 48 52
14 34 14 34
43 44 43 44
39 73 39 58 67 73
35 89 35 59 89
15 55 15 30 44 55
22 44 22 43 44
59 71 59 64 71
6 80 6 37 48 75 80
1 60 1 13 60
4 32 4 23 32
14 67 14 42 51 67
22 48 22 34 48
4 58 4 30 44 55 58
16 73 16 35 39 58 67 73
9 73 9 20 55 58 67 73
15 63 15 26 28 41 57 63
8 57 8 28 41 57
4 88 4 30 44 79 88
42 88 42 62 72 88
43 73 43 44 55 58 67 73
30 75 30 48 75
28 75 28 37 48 75
22 88 22 31 43 44 79 88
2 59 2 23 37 51 59
42 83 42 51 80 81 83
37 81 37 51 80 81
31 88 31 43 44 55 67 72 88
18 44 18 22 43 44
2 58 2 9 20 55 58
7 75 7 14 28 37 48 75
21 63 21 26 28 41 63
3 30 3 30
20 86 20 55 67 72 86
22 34 22 34
16 75 16 29 48 75
34 79 34 79
14 84 14 25 79 84
7 79 7 43 44 79
43 84 43 44 55 84
70 83 70 81 83
27 84 27 44 55 84
19 88 19 43 44 55 58 67 72 88
14 37 14 28 37
20 73 20 73
56 82 56 64 82
43 71 43 52 64 71
8 67 8 28 37 51 67
6 79 6 31 43 44 79
14 34 14 34
3 59 3 37 59
4 64 4 23 37 51 59 64
3 67 3 37 51 67
39 58 39 58
7 67 7 14 25 33 51 67
4 23 4 23
15 26 15 26
3 72 3 37 49 72
33 83 33 51 80 81 83
3 64 3 37 48 52 64
11 82 11 59 64 82
18 43 18 22 31 43
2 82 2 33 51 59 64 71 82
7 84 7 43 44 55 84
2 9 2 9
8 72 8 28 37 49 72
1 43 1 7 43
42 59 42 51 59
30 75 30 34 48 75
2 77 2 9 20 55 58 77
13 48 13 26 28 37 48
8 82 8 41 57 82
8 59 8 28 35 59
70 83 70 81 83
19 43 19 43
64 71 64 71
21 48 21 26 28 37 48
16 48 16 29 48
7 52 7 14 28 37 48 52
4 44 4 30 44
28 80 28 37 48 52 80
31 83 31 43 44 79 83
4 30 4 30
1 63 1 7 57 63
1 37 1 7 14 28 37
1 66 1 2 23 66
2 58 2 9 20 55 58
14 79 14 25 79
35 59 35 59
6 29 6 16 29
28 60 28 41 50 60
6 67 6 37 51 67
8 9 8 9
39 82 39 58 67 82
43 67 43 44 55 58 67
15 77 15 22 34 48 52 77
3 82 3 27 44 55 67 82
34 86 34 59 64 86
34 86 34 86
28 59 28 35 59
22 88 22 31 43 44 79 88
16 48 16 29 48
13 73 13 28 37 51 67 73
27 84 27 44 55 84
2 78 2 23 66 78
59 71 59 64 71
3 34 3 30 34
7 86 7 62 72 86
23 52 23 37 48 52
18 72 18 20 55 58 67 72
6 84 6 31 43 44 79 84
26 48 26 28 37 48
14 81 14 34 48 52 80 81
9 84 9 20 55 84
1 71 1 2 56 64 71
51 81 51 80 81
21 89 21 58 77 89
34 86 34 48 52 64 86
1 82 1 39 58 67 82
33 80 33 51 80
25 67 25 35 39 58 67
26 50 26 28 41 50
51 73 51 67 73
30 67 30 44 55 58 67
34 48 34 48
8 80 8 28 37 52 80
21 88 21 26 42 62 72 88
34 52 34 48 52
28 60 28 41 50 60
4 71 4 23 37 48 52 64 71
19 43 19 43
42 71 42 51 59 64 71
15 77 15 22 34 48 52 77
33 83 33 51 80 81 83
15 73 15 22 43 44 55 67 73
6 52 6 16 29 48 52
34 79 34 79
21 48 21 26 28 37 48
4 73 4 23 37 51 67 73
43 44 43 44
7 84 7 43 44 79 84
19 89 19 38 89
11 88 11 88
21 64 21 42 51 59 64
1 66 1 2 23 66
26 75 26 28 37 48 75
23 83 23 37 51 80 81 83
8 37 8 28 37
37 80 37 51 80
35 72 35 39 58 67 72
13 55 13 20 55
39 72 39 58 67 72
28 58 28 35 39 58
34 79 34 79
7 86 7 57 72 86
7 80 7 14 25 33 51 80
18 43 18 22 31 43
1 44 1 7 43 44
35 77 35 39 58 77
43 52 43 52
15 86 15 26 28 37 72 86
42 89 42 51 59 89
22 55 22 31 43 44 55
30 71 30 34 48 52 64 71
56 64 56 64
7 71 7 14 25 35 59 64 71
14 64 14 42 51 59 64
25 83 25 33 51 80 81 83
3 51 3 37 51
11 88 11 88
39 77 39 58 77
15 41 15 26 28 41
21 70 21 26 28 41 70
27 83 27 79 83
35 86 35 39 58 67 72 86
26 67 26 28 35 39 58 67
28 37 28 37
43 83 43 44 79 83
43 86 43 52 64 86
35 77 35 39 58 77
28 72 28 35 39 58 67 72
39 77 39 58 77
1 9 1 2 9
43 84 43 44 84
28 72 28 37 51 67 72
16 48 16 29 48
14 33 14 25 33
11 59 11 59
3 48 3 30 34 48
42 59 42 51 59
15 51 15 26 28 37 51
8 82 8 28 82
37 48 37 48
39 86 39 58 67 72 86
18 81 18 22 31 43 52 80 81
28 51 28 37 51
6 52 6 37 48 52
7 71 7 43 52 71
13 84 13 84
1 81 1 7 14 34 48 52 80 81
43 80 43 52 80
25 61 25 33 61
31 77 31 43 52 77
2 82 2 33 51 67 82
27 55 27 44 55
59 71 59 64 71
6 80 6 31 43 52 80
27 44 27 44
15 71 15 30 34 48 52 64 71
28 58 28 35 39 58
11 59 11 59
30 86 30 34 59 64 86
2 48 2 23 37 48
3 82 3 82
30 44 30 44
1 29 1 13 29
4 86 4 30 34 59 64 86
35 72 35 39 58 67 72
7 52 7 43 52
25 83 25 33 51 80 81 83
7 73 7 43 44 55 58 67 73
4 79 4 30 34 79
4 72 4 49 72
21 78 21 26 28 41 57 78
31 86 31 43 52 64 86
35 64 35 59 64
1 82 1 2 82
1 7 1 7
8 57 8 41 57
15 34 15 30 34
19 55 19 43 44 55
41 81 41 70 81
23 75 23 37 48 75
1 51 1 2 33 51
26 48 26 28 37 48
19 58 19 43 44 55 58
41 50 41 50
35 77 35 39 58 77
13 81 13 26 28 41 70 81
9 86 9 62 72 86
16 73 16 35 39 58 67 73
8 77 8 9 20 39 58 77
27 67 27 44 55 58 67
37 75 37 48 75
14 37 14 28 37
41 86 41 49 72 86
56 82 56 82
16 73 16 35 39 58 67 73
7 83 7 14 25 33 51 80 81 83
58 73 58 67 73
19 83 19 43 44 79 83
14 25 14 25
15 43 15 22 43
8 72 8 62 72
37 86 37 52 64 86
13 50 13 28 41 50
59 71 59 64 71
43 86 43 52 64 86
18 88 18 20 55 67 72 88
42 81 42 51 80 81
14 61 14 25 33 61
43 79 43 44 79
30 86 30 44 55 67 72 86
15 71 15 26 42 51 59 64 71
15 86 15 26 28 35 59 64 86
28 88 28 35 39 58 67 72 88
21 75 21 26 28 37 48 75
15 30 15 30
7 80 7 14 28 37 48 52 80
2 80 2 33 51 80
58 86 58 67 72 86
22 34 22 34
30 80 30 48 75 80
22 80 22 31 43 52 80
49 88 49 72 88
21 81 21 42 51 80 81
16 29 16 29
13 83 13 26 28 41 70 81 83
28 71 28 37 52 71
21 41 21 26 28 41
8 20 8 9 20
7 71 7 14 34 48 52 64 71
19 64 19 43 52 64
15 26 15 26
22 82 22 31 43 52 71 82
7 83 7 43 44 79 83
43 83 43 52 80 81 83
28 83 28 37 52 80 81 83
22 34 22 34
31 89 31 43 52 77 89
38 89 38 89
30 48 30 48
18 55 18 22 43 44 55
43 86 43 44 55 58 67 72 86
16 75 16 29 48 75
7 67 7 43 44 55 58 67
51 71 51 59 64 71
14 63 14 25 63
1 37 1 37
16 73 16 35 39 58 67 73
8 41 8 41
25 79 25 79
42 81 42 51 80 81
13 48 13 29 48
14 72 14 25 35 39 58 67 72
4 64 4 30 34 59 64
4 51 4 23 37 51
16 52 16 29 48 52
26 83 26 42 51 80 81 83
30 75 30 34 48 75
7 52 7 43 52
28 60 28 41 50 60
4 75 4 30 48 75
13 80 13 26 42 51 80
31 43 31 43
42 80 42 51 80
43 80 43 52 80
15 44 15 22 31 43 44
51 71 51 59 64 71
8 37 8 28 37
3 9 3 9
19 88 19 43 44 55 58 67 72 88
21 58 21 26 28 35 39 58
34 83 34 48 52 80 81 83
13 75 13 29 48 75
31 80 31 43 52 80
20 84 20 55 84
51 83 51 80 81 83
15 67 15 30 44 55 58 67
33 80 33 51 80
19 55 19 43 44 55
31 43 31 43
8 64 8 28 37 51 59 64
19 43 19 43
16 83 16 29 48 52 80 81 83
25 61 25 33 61
26 50 26 28 41 50
2 71 2 23 37 48 52 64 71
3 58 3 30 44 55 58
25 61 25 33 61
20 71 20 56 64 71
8 89 8 28 35 59 89
37 81 37 52 80 81
21 71 21 42 51 59 64 71
23 75 23 37 48 75
16 80 16 29 48 52 80
62 88 62 72 88
4 37 4 23 37
25 61 25 33 61
7 73 7 43 44 55 67 73
11 82 11 59 64 82
35 59 35 59
8 73 8 28 35 39 58 67 73
43 55 43 44 55
2 51 2 33 51
37 80 37 52 80
14 63 14 25 63
21 78 21 26 28 41 57 78
3 59 3 30 34 59
21 51 21 42 51
1 37 1 2 23 37
8 77 8 9 20 55 58 77
8 9 8 9
3 30 3 30
19 84 19 43 44 79 84
1 9 1 2 9
35 58 35 39 58
64 71 64 71
30 67 30 44 55 58 67
41 50 41 50
15 81 15 26 42 51 80 81
70 81 70 81
3 78 3 27 78
25 84 25 79 84
27 55 27 44 55
8 88 8 41 49 72 88
6 80 6 16 29 48 52 80
33 73 33 51 67 73
26 52 26 28 37 48 52
25 73 25 35 39 58 67 73
14 84 14 34 79 84
4 34 4 30 34
26 48 26 28 37 48
56 86 56 64 86
51 80 51 80
14 25 14 25
56 64 56 64
28 86 28 41 57 72 86
37 86 37 51 67 72 86
4 70 4 70
43 83 43 44 79 83
21 63 21 26 28 41 63
2 82 2 33 51 67 82
15 80 15 30 34 48 52 80
15 60 15 26 28 41 50 60
33 71 33 51 59 64 71
27 67 27 44 55 67
30 44 30 44
28 89 28 37 48 52 77 89
14 82 14 42 51 59 64 82
35 58 35 39 58
28 37 28 37
27 83 27 79 83
51 80 51 80
16 81 16 29 48 75 80 81
43 73 43 44 55 58 67 73
28 41 28 41
22 80 22 43 52 80
30 71 30 34 48 52 71
11 89 11 59 89
20 55 20 55
15 43 15 22 43
27 84 27 79 84
21 63 21 26 28 41 63
6 29 6 16 29
34 52 34 48 52
1 79 1 7 43 44 79
1 9 1 2 9
21 89 21 58 77 89
1 51 1 13 26 28 37 51
37 71 37 52 71
30 71 30 34 48 52 64 71
6 29 6 16 29
1 82 1 37 52 71 82
35 88 35 39 58 67 72 88
3 88 3 27 88
8 59 8 28 37 59
49 88 49 72 88
13 48 13 29 48
20 67 20 55 58 67
22 77 22 34 48 52 77
25 80 25 33 51 80
18 34 18 22 34
22 89 22 43 44 55 84 89
35 77 35 39 58 77
31 72 31 43 44 55 58 67 72
34 80 34 48 52 80
43 81 43 52 80 81
2 77 2 23 66 77
28 71 28 37 52 64 71
6 79 6 31 43 44 79
13 83 13 83
13 75 13 26 28 37 48 75
22 72 22 31 43 44 55 58 67 72
21 73 21 26 42 51 67 73
3 48 3 30 34 48
4 51 4 23 37 51
13 83 13 83
15 34 15 30 34
25 67 25 35 39 58 67
8 48 8 28 37 48
39 89 39 58 77 89
8 20 8 9 20
39 72 39 58 67 72
59 86 59 64 86
59 86 59 64 86
13 80 13 26 42 51 80
7 61 7 14 25 33 61
16 71 16 35 59 64 71
15 72 15 26 28 37 51 67 72
21 26 21 26
4 32 4 23 32
43 55 43 44 55
14 77 14 34 48 52 77
3 51 3 37 51
7 67 7 43 44 55 58 67
13 75 13 26 28 37 48 75
28 59 28 35 59
6 52 6 16 29 48 52
16 80 16 29 48 52 80
13 80 13 26 42 51 80
1 81 1 13 26 42 51 80 81
42 82 42 51 59 64 82
14 50 14 28 41 50
7 50 7 14 28 41 50
22 89 22 31 43 44 79 84 89
13 67 13 28 37 51 67
35 73 35 39 58 67 73
1 20 1 2 9 20
6 55 6 31 43 44 55
8 51 8 28 37 51
51 86 51 59 64 86
20 67 20 39 58 67
39 89 39 58 77 89
35 82 35 59 64 71 82
3 37 3 37
23 71 23 37 52 64 71
51 81 51 80 81
35 59 35 59
31 89 31 43 52 77 89
4 64 4 23 37 59 64
8 37 8 28 37
19 43 19 43
57 86 57 72 86
1 55 1 2 9 20 55
30 52 30 34 48 52
18 55 18 20 55
26 73 26 28 37 51 67 73
3 80 3 30 34 48 52 80
31 80 31 43 52 80
22 88 22 31 43 44 79 88
42 64 42 51 59 64
28 48 28 37 48
34 52 34 48 52
4 55 4 30 44 55
30 84 30 44 79 84
4 89 4 30 48 52 77 89
21 63 21 26 28 41 63
4 64 4 23 37 48 52 64
6 79 6 31 43 44 79
14 25 14 25
35 71 35 59 64 71
70 83 70 81 83
42 51 42 51
21 48 21 26 28 37 48
2 78 2 78
21 41 21 26 28 41
1 89 1 37 51 59 89
6 84 6 31 43 44 55 84
33 86 33 49 72 86
22 82 22 31 43 52 71 82
18 48 18 22 34 48
7 52 7 43 52
15 57 15 26 28 41 57
39 58 39 58
15 48 15 26 28 37 48
31 72 31 43 44 55 67 72
8 88 8 28 41 57 72 88
8 57 8 41 57
57 86 57 72 86
37 80 37 52 80
18 88 18 22 34 79 88
21 82 21 26 28 41 50 82
26 81 26 42 51 80 81
13 48 13 26 28 37 48
4 59 4 23 37 59
1 37 1 7 14 28 37
22 48 22 34 48
43 81 43 52 80 81
37 80 37 51 80
22 84 22 34 79 84
28 60 28 41 50 60
15 72 15 30 44 55 58 67 72
23 52 23 37 52
8 37 8 28 37
4 58 4 30 44 55 58
8 84 8 9 20 55 84
22 64 22 31 43 52 64
31 72 31 43 44 55 67 72
22 43 22 43
2 59 2 23 37 59
19 43 19 43
18 59 18 59
43 81 43 52 80 81
3 78 3 27 78
4 79 4 30 34 79
28 71 28 35 59 64 71
15 60 15 26 28 41 50 60
39 77 39 58 77
31 58 31 43 44 55 58
15 44 15 22 43 44
18 44 18 22 43 44
18 78 18 20 40 78
21 78 21 26 28 41 57 78
16 29 16 29
21 73 21 58 67 73
70 81 70 81
19 73 19 43 44 55 67 73
6 83 6 37 51 80 81 83
3 81 3 30 34 48 52 80 81
8 89 8 9 20 39 58 77 89
1 77 1 2 23 66 77
22 34 22 34
51 86 51 67 72 86
35 77 35 39 58 77
4 48 4 23 37 48
27 79 27 44 79
8 71 8 9 20 56 64 71
37 67 37 51 67
7 84 7 43 44 55 84
23 71 23 37 51 59 64 71
37 81 37 52 80 81
28 75 28 37 48 75
2 37 2 23 37
18 58 18 22 31 43 44 55 58
22 59 22 34 59
31 72 31 43 44 55 67 72
23 80 23 37 52 80
13 84 13 84
40 78 40 78
6 81 6 37 52 80 81
58 67 58 67
1 81 1 13 28 41 70 81
3 9 3 9
51 71 51 59 64 71
51 80 51 80
25 71 25 33 51 59 64 71
4 88 4 23 37 49 72 88
3 79 3 30 34 79
28 77 28 37 52 77
1 63 1 7 14 28 41 57 63
43 81 43 52 80 81
42 72 42 51 67 72
14 72 14 42 51 67 72
21 59 21 42 51 59
4 82 4 23 37 52 64 82
13 29 13 29
1 89 1 89
7 81 7 14 42 51 80 81
14 78 14 25 33 78
42 67 42 51 67
18 88 18 22 34 79 88
15 63 15 26 28 41 63
3 80 3 37 52 80
51 86 51 59 64 86
8 86 8 41 57 72 86
21 41 21 26 28 41
8 63 8 28 41 63
30 52 30 48 52
42 81 42 51 80 81
33 61 33 61
6 67 6 31 43 44 55 67
43 79 43 44 79
4 58 4 30 44 55 58
34 81 34 48 75 80 81
8 60 8 28 41 50 60
16 73 16 35 39 58 67 73
28 48 28 37 48
6 84 6 31 43 44 55 84
58 73 58 67 73
7 44 7 43 44
2 9 2 9
62 72 62 72
16 48 16 29 48
41 81 41 70 81
23 75 23 37 48 75
15 77 15 22 34 48 52 77
4 30 4 30
14 41 14 28 41
21 48 21 26 28 37 48
2 80 2 23 37 48 75 80
4 86 4 23 37 59 64 86
37 86 37 59 64 86
26 80 26 28 37 52 80
31 80 31 43 52 80
1 33 1 7 14 25 33
25 83 25 33 51 80 81 83
25 71 25 35 59 64 71
28 63 28 41 57 63
25 84 25 79 84
18 75 18 22 34 48 75
3 71 3 37 52 64 71
38 89 38 89
11 64 11 59 64
27 44 27 44
28 50 28 41 50
16 29 16 29
34 80 34 48 52 80
3 88 3 27 44 55 58 67 72 88
31 71 31 56 64 71
26 80 26 28 37 48 52 80
59 71 59 64 71
34 79 34 79
14 50 14 28 41 50
51 83 51 80 81 83
14 83 14 25 79 83
21 41 21 26 28 41
30 55 30 44 55
13 86 13 28 41 49 72 86
62 72 62 72
15 55 15 30 44 55
56 64 56 64
9 71 9 20 56 64 71
16 81 16 29 48 75 80 81
23 71 23 37 51 59 64 71
26 67 26 28 37 51 67
33 80 33 51 80
27 44 27 44
21 70 21 26 28 41 70
70 83 70 81 83
4 78 4 23 66 78
18 64 18 59 64
9 86 9 20 55 58 67 72 86
22 55 22 43 44 55
21 58 21 26 28 35 39 58
4 70 4 70
8 67 8 28 37 51 67
18 89 18 59 89
2 59 2 23 37 51 59
19 77 19 43 44 55 58 77
8 9 8 9
28 64 28 64
1 63 1 13 26 28 41 57 63
6 86 6 37 51 86
28 64 28 64
64 86 64 86
25 86 25 33 49 72 86
15 84 15 22 34 79 84
15 30 15 30
15 77 15 22 31 43 44 55 58 77
3 88 3 30 48 75 88
30 75 30 48 75
2 73 2 9 20 73
25 79 25 79
19 88 19 43 44 55 67 72 88
16 52 16 29 48 52
22 59 22 34 59
25 61 25 33 61
6 52 6 37 52
1 44 1 7 43 44
26 48 26 28 37 48
11 82 11 59 64 71 82
23 32 23 32
22 58 22 31 43 44 55 58
1 77 1 39 58 77
6 84 6 31 43 44 84
51 71 51 59 64 71
18 59 18 22 34 59
4 72 4 49 72
4 89 4 23 37 51 59 89
22 52 22 31 43 52
15 67 15 22 43 44 55 58 67
8 89 8 9 20 55 58 77 89
33 61 33 61
43 71 43 52 71
21 86 21 58 67 72 86
43 71 43 52 64 71
6 79 6 31 43 44 79
42 89 42 51 59 89
21 41 21 26 28 41
21 80 21 42 51 80
6 44 6 31 43 44
15 51 15 26 42 51
30 73 30 44 55 58 67 73
8 77 8 9 20 39 58 77
49 88 49 72 88
64 71 64 71
37 73 37 51 67 73
3 34 3 30 34
13 75 13 26 28 37 48 75
2 78 2 33 78
1 82 1 39 58 67 82
15 58 15 22 43 44 55 58
6 81 6 37 52 80 81
4 67 4 23 37 51 67
22 86 22 43 44 55 67 72 86
2 32 2 23 32
25 84 25 79 84
3 86 3 30 44 55 58 67 72 86
30 84 30 34 79 84
28 51 28 37 51
14 84 14 25 79 84
27 84 27 79 84
21 41 21 26 28 41
15 71 15 22 43 52 64 71
8 59 8 28 35 59
34 71 34 48 52 64 71
3 89 3 27 79 84 89
14 61 14 25 33 61
4 52 4 23 37 52
14 41 14 28 41
26 71 26 42 51 59 64 71
56 82 56 82
14 73 14 25 33 51 67 73
23 52 23 37 52
2 59 2 23 37 51 59
51 83 51 80 81 83
37 86 37 49 72 86
3 20 3 9 20
14 51 14 42 51
26 48 26 28 37 48
51 83 51 80 81 83
7 83 7 43 52 80 81 83
41 83 41 70 81 83
22 75 22 34 48 75
1 88 1 13 26 42 51 67 72 88
42 88 42 62 72 88
13 71 13 20 56 64 71
8 58 8 9 20 55 58
13 71 13 29 48 52 64 71
15 41 15 26 28 41
21 67 21 42 51 67
18 82 18 20 39 58 67 82
4 72 4 49 72
15 26 15 26
26 71 26 42 51 59 64 71
9 84 9 20 55 84
14 25 14 25
3 59 3 30 34 59
19 81 19 43 52 80 81
85 88 85 88
3 44 3 27 44
15 30 15 30
26 48 26 28 37 48
28 82 28 82
70 83 70 81 83
1 32 1 2 23 32
21 48 21 26 28 37 48
21 58 21 58
57 86 57 72 86
26 86 26 28 37 59 64 86
27 86 27 44 55 58 67 72 86
4 58 4 30 44 55 58
27 67 27 44 55 58 67
1 60 1 7 14 28 41 50 60
15 55 15 30 44 55
28 41 28 41
28 60 28 41 50 60
6 71 6 37 48 52 64 71
22 82 22 31 43 52 71 82
15 26 15 26
19 52 19 43 52
31 55 31 43 44 55
42 59 42 51 59
15 75 15 26 28 37 48 75
21 58 21 58
22 34 22 34
18 55 18 22 31 43 44 55
39 77 39 58 77
14 51 14 42 51
20 67 20 39 58 67
2 86 2 9 62 72 86
9 84 9 20 55 84
11 89 11 59 89
15 51 15 26 42 51
8 78 8 9 20 40 78
25 83 25 33 51 80 81 83
51 73 51 67 73
2 20 2 9 20
28 80 28 37 48 52 80
1 73 1 7 43 44 55 67 73
15 37 15 26 28 37
8 37 8 28 37
22 64 22 43 52 64
58 67 58 67
30 75 30 34 48 75
3 20 3 9 20
21 51 21 26 42 51
15 58 15 26 28 35 39 58
26 50 26 28 41 50
9 55 9 20 55
7 75 7 14 34 48 75
15 82 15 22 43 44 55 58 67 82
16 67 16 35 39 58 67
39 89 39 58 77 89
28 70 28 41 70
43 79 43 44 79
14 72 14 25 62 72
7 83 7 14 42 51 80 81 83
43 81 43 52 80 81
35 67 35 39 58 67
31 80 31 43 52 80
25 79 25 79
14 77 14 28 37 48 52 77
23 75 23 37 48 75
15 58 15 30 44 55 58
23 73 23 37 51 67 73
28 58 28 35 39 58
13 81 13 29 48 52 80 81
21 58 21 26 28 35 39 58
59 86 59 64 86
8 72 8 41 49 72
22 72 22 43 44 55 58 67 72
26 52 26 28 37 48 52
35 88 35 39 58 67 72 88
2 75 2 23 37 48 75
22 67 22 43 44 55 67
23 32 23 32
16 80 16 29 48 52 80
43 84 43 44 84
4 72 4 49 72
13 29 13 29
25 61 25 33 61
23 32 23 32
18 77 18 22 43 52 77
25 80 25 33 51 80
22 86 22 31 56 64 86
43 86 43 44 55 58 67 72 86
70 83 70 81 83
6 73 6 31 43 44 55 67 73
23 48 23 37 48
7 48 7 14 28 37 48
15 55 15 22 31 43 44 55
23 52 23 37 48 52
15 75 15 30 48 75
64 86 64 86
51 80 51 80
20 67 20 39 58 67
25 80 25 33 51 80
30 81 30 34 48 75 80 81
15 72 15 26 42 62 72
18 73 18 20 39 58 67 73
8 63 8 41 63
4 89 4 23 66 77 89
37 81 37 51 80 81
14 52 14 28 37 48 52
4 81 4 30 34 48 52 80 81
27 73 27 44 55 67 73
28 86 28 64 86
27 73 27 44 55 67 73
3 20 3 9 20
21 82 21 26 28 37 52 71 82
85 88 85 88
23 75 23 37 48 75
28 50 28 41 50
3 78 3 27 78
35 58 35 39 58
6 67 6 16 35 39 58 67
30 75 30 34 48 75
41 86 41 57 72 86
7 79 7 43 44 79
51 81 51 80 81
41 50 41 50
28 64 28 64
51 71 51 59 64 71
11 89 11 59 89
18 77 18 22 43 52 77
34 84 34 79 84
21 26 21 26
22 77 22 31 43 44 55 58 77
20 86 20 56 64 86
3 79 3 27 79
1 82 1 7 43 44 55 67 82
26 71 26 28 35 59 64 71
23 32 23 32
8 59 8 28 37 51 59
14 82 14 42 51 59 64 82
13 48 13 26 28 37 48
37 86 37 52 64 86
35 58 35 39 58
37 86 37 49 72 86
2 64 2 33 51 59 64
3 77 3 30 48 52 77
26 80 26 42 51 80
7 52 7 14 28 37 48 52
14 89 14 25 38 89
4 83 4 23 37 48 52 80 81 83
8 37 8 28 37
18 58 18 22 31 43 44 55 58
23 32 23 32
25 84 25 79 84
58 73 58 67 73
42 59 42 51 59
18 71 18 22 31 56 64 71
6 83 6 37 52 80 81 83
7 75 7 14 28 37 48 75
2 72 2 23 49 72
18 84 18 22 43 44 84
14 72 14 25 35 39 58 67 72
22 59 22 34 59
22 77 22 43 44 55 58 77
1 33 1 2 33
1 58 1 39 58
3 81 3 37 52 80 81
3 58 3 9 20 55 58
22 64 22 34 59 64
6 29 6 16 29
13 50 13 28 41 50
16 83 16 29 48 52 80 81 83
43 79 43 44 79
27 67 27 44 55 58 67
14 82 14 59 64 71 82
7 48 7 14 28 37 48
20 73 20 73
28 63 28 41 63
21 70 21 26 28 41 70
16 81 16 29 48 75 80 81
1 51 1 13 26 28 37 51
26 50 26 28 41 50
21 78 21 26 28 41 57 78
28 60 28 41 50 60
13 83 13 83
6 80 6 37 48 52 80
7 80 7 14 28 37 52 80
22 88 22 43 44 55 58 67 72 88
20 86 20 39 58 67 72 86
23 52 23 37 52
15 83 15 26 42 51 80 81 83
35 86 35 59 64 86
26 73 26 42 51 67 73
56 64 56 64
42 72 42 51 67 72
70 83 70 81 83
1 9 1 2 9
8 77 8 9 20 39 58 77
35 77 35 39 58 77
1 77 1 37 48 52 77
26 73 26 73
30 86 30 48 52 64 86
22 34 22 34
1 25 1 7 14 25
35 77 35 39 58 77
2 58 2 9 20 55 58
3 89 3 30 44 55 84 89
35 72 35 39 58 67 72
15 60 15 26 28 41 50 60
7 48 7 14 34 48
43 71 43 52 64 71
6 29 6 16 29
41 86 41 57 72 86
8 60 8 28 41 50 60
1 72 1 13 26 28 37 72
27 55 27 44 55
7 50 7 14 28 41 50
7 61 7 14 25 33 61
23 66 23 66
16 83 16 29 48 75 80 81 83
22 59 22 34 59
23 75 23 37 48 75
9 84 9 20 55 84
25 61 25 33 61
26 81 26 42 51 80 81
28 64 28 35 59 64
15 73 15 26 28 37 51 67 73
1 25 1 7 14 25
7 83 7 14 28 37 48 75 80 81 83
4 70 4 70
59 71 59 64 71
1 81 1 7 43 52 80 81
3 73 3 37 51 67 73
26 81 26 42 51 80 81
14 37 14 28 37
27 79 27 79
38 89 38 89
13 29 13 29
49 72 49 72
19 82 19 43 52 71 82
13 52 13 28 37 48 52
31 52 31 43 52
1 57 1 13 28 41 57
8 58 8 9 20 55 58
22 34 22 34
8 78 8 41 57 78
7 52 7 14 28 37 48 52
42 83 42 51 80 81 83
23 66 23 66
15 50 15 26 28 41 50
14 25 14 25
28 78 28 41 57 78
43 81 43 52 80 81
7 55 7 43 44 55
4 72 4 30 44 55 58 67 72
39 82 39 58 67 82
1 75 1 2 23 37 48 75
26 73 26 28 37 51 67 73
34 84 34 79 84
3 30 3 30
18 73 18 22 43 44 55 58 67 73
21 48 21 26 28 37 48
31 64 31 43 52 64
15 37 15 26 28 37
25 84 25 79 84
42 89 42 51 59 89
13 29 13 29
16 52 16 29 48 52
1 51 1 7 14 28 37 51
4 34 4 30 34
18 67 18 22 31 43 44 55 67
64 86 64 86
7 61 7 14 25 33 61
9 67 9 20 39 58 67
7 50 7 14 28 41 50
58 67 58 67
37 83 37 48 75 80 81 83
15 34 15 22 34
41 83 41 70 81 83
15 77 15 30 34 48 52 77
31 80 31 43 52 80
1 25 1 7 14 25
41 81 41 70 81
14 51 14 28 37 51
13 71 13 28 37 52 71
20 84 20 55 84
14 70 14 28 41 70
7 79 7 43 44 79
15 63 15 26 28 41 63
3 67 3 9 20 39 58 67
18 72 18 20 55 67 72
22 81 22 31 43 52 80 81
2 58 2 9 20 39 58
22 48 22 34 48
18 81 18 22 43 52 80 81
58 86 58 67 72 86
1 59 1 7 14 28 35 59
6 55 6 31 43 44 55
18 43 18 22 31 43
35 82 35 59 64 82
70 83 70 81 83
14 41 14 28 41
37 80 37 48 75 80
1 43 1 7 43
8 51 8 28 37 51
22 84 22 43 44 84
1 23 1 2 23
2 9 2 9
6 71 6 37 51 59 64 71
43 55 43 44 55
23 32 23 32
15 43 15 22 31 43
22 59 22 34 59
28 37 28 37
28 86 28 41 57 72 86
22 81 22 34 48 75 80 81
51 80 51 80
26 81 26 42 51 80 81
14 59 14 59
62 72 62 72
18 44 18 22 31 43 44
9 67 9 20 55 67
15 84 15 22 34 79 84
4 78 4 23 66 78
14 25 14 25
34 52 34 48 52
6 86 6 86
1 72 1 13 26 28 37 72
1 9 1 2 9
42 88 42 62 72 88
2 55 2 9 20 55
1 34 1 7 14 34
15 84 15 30 34 79 84
18 64 18 20 56 64
6 81 6 37 52 80 81
1 82 1 39 58 67 82
15 75 15 26 28 37 48 75
21 73 21 58 67 73
15 82 15 22 43 44 55 58 67 82
21 41 21 26 28 41
2 52 2 23 37 52
25 73 25 35 39 58 67 73
35 88 35 39 58 67 72 88
62 86 62 72 86
4 37 4 23 37
2 20 2 9 20
30 71 30 48 52 64 71
35 89 35 39 58 77 89
21 37 21 26 28 37
21 67 21 26 28 35 39 58 67
3 51 3 37 51
6 86 6 37 48 52 64 86
49 72 49 72
26 73 26 28 35 39 58 67 73
22 84 22 31 43 44 55 84
1 52 1 2 23 37 48 52
15 58 15 30 44 55 58
30 84 30 44 55 84
21 81 21 42 51 80 81
2 48 2 23 37 48
14 25 14 25
23 75 23 37 48 75
26 80 26 42 51 80
21 41 21 26 28 41
31 72 31 43 44 55 67 72
2 23 2 23
22 83 22 31 43 44 79 83
35 88 35 39 58 67 72 88
9 55 9 20 55
18 78 18 20 40 78
14 25 14 25
22 83 22 43 44 79 83
31 88 31 43 44 79 88
7 80 7 43 52 80
19 88 19 62 72 88
58 86 58 67 72 86
8 88 8 28 35 39 58 67 72 88
15 71 15 26 42 51 59 64 71
31 44 31 43 44
23 86 23 37 49 72 86
1 13 1 13
23 83 23 37 51 80 81 83
4 78 4 23 66 78
56 82 56 82
21 51 21 42 51
34 80 34 48 52 80
23 66 23 66
22 44 22 43 44
6 80 6 31 43 52 80
34 79 34 79
6 71 6 71
27 44 27 44
23 75 23 37 48 75
8 58 8 9 20 39 58
7 48 7 14 28 37 48
6 75 6 37 48 75
30 86 30 48 52 64 86
1 66 1 2 23 66
25 67 25 33 51 67
14 61 14 25 33 61
31 79 31 43 44 79
28 78 28 41 57 78
28 73 28 37 51 67 73
33 80 33 51 80
30 55 30 44 55
13 80 13 28 37 52 80
23 71 23 37 51 59 64 71
26 67 26 28 37 51 67
26 48 26 28 37 48
62 72 62 72
34 83 34 48 75 80 81 83
27 83 27 44 79 83
33 80 33 51 80
70 81 70 81
57 86 57 72 86
21 73 21 26 73
43 73 43 44 55 67 73
6 83 6 16 29 48 52 80 81 83
15 41 15 26 28 41
15 43 15 22 43
14 57 14 28 41 57
27 44 27 44
21 26 21 26
18 89 18 59 89
13 29 13 29
23 52 23 37 48 52
35 64 35 59 64
11 82 11 59 64 71 82
35 67 35 39 58 67
16 71 16 35 59 64 71
21 59 21 42 51 59
18 71 18 20 56 64 71
18 43 18 22 43
20 67 20 55 67
18 43 18 22 31 43
28 86 28 41 57 72 86
15 84 15 22 34 79 84
3 58 3 27 44 55 58
33 71 33 51 59 64 71
42 88 42 51 67 72 88
30 83 30 34 48 52 80 81 83
18 86 18 22 31 56 64 86
14 72 14 42 51 67 72
23 48 23 37 48
58 86 58 67 72 86
30 80 30 34 48 75 80
7 81 7 14 25 33 51 80 81
31 86 31 43 52 64 86
8 63 8 41 63
7 83 7 14 42 51 80 81 83
16 83 16 29 48 52 80 81 83
42 59 42 51 59
22 75 22 34 48 75
8 70 8 41 70
42 51 42 51
31 58 31 43 44 55 58
2 64 2 23 37 52 64
35 89 35 39 58 77 89
31 77 31 43 44 55 58 77
42 51 42 51
15 89 15 26 42 51 59 89
31 55 31 43 44 55
37 81 37 51 80 81
15 57 15 26 28 41 57
11 89 11 59 89
28 83 28 41 70 81 83
18 77 18 20 39 58 77
34 80 34 48 75 80
34 71 34 48 52 64 71
19 83 19 43 52 80 81 83
20 84 20 55 84
4 72 4 49 72
33 81 33 51 80 81
20 67 20 55 67
14 48 14 28 37 48
59 86 59 64 86
6 84 6 31 43 44 55 84
14 82 14 42 51 67 82
4 37 4 23 37
7 61 7 14 25 33 61
28 41 28 41
6 55 6 31 43 44 55
30 67 30 44 55 58 67
37 52 37 48 52
15 78 15 26 28 41 57 78
34 83 34 79 83
18 34 18 22 34
3 67 3 27 44 55 67
13 86 13 26 28 64 86
70 81 70 81
23 67 23 37 51 67
28 52 28 37 48 52
43 73 43 44 55 58 67 73
21 64 21 42 51 59 64
19 88 19 43 44 55 58 67 72 88
1 73 1 39 58 67 73
18 75 18 22 34 48 75
2 75 2 23 37 48 75
16 67 16 35 39 58 67
22 43 22 31 43
56 86 56 64 86
4 58 4 30 44 55 58
3 51 3 37 51
3 89 3 27 44 55 84 89
18 55 18 20 55
19 88 19 62 72 88
19 81 19 43 52 80 81
1 7 1 7
22 52 22 34 48 52
13 67 13 28 35 39 58 67
2 81 2 23 37 52 80 81
15 60 15 26 28 41 50 60
25 84 25 79 84
26 81 26 42 51 80 81
37 86 37 51 86
22 44 22 43 44
7 80 7 14 25 33 51 80
25 83 25 33 51 80 81 83
15 88 15 26 88
43 71 43 52 71
2 80 2 33 51 80
1 57 1 13 26 28 41 57
15 73 15 26 73
7 73 7 43 44 55 58 67 73
15 60 15 26 28 41 50 60
23 71 23 37 59 64 71
15 72 15 30 44 55 58 67 72
1 63 1 7 57 63
34 48 34 48
1 34 1 7 14 34
1 48 1 13 29 48
31 43 31 43
8 82 8 41 57 82
8 51 8 28 37 51
15 63 15 26 28 41 57 63
15 70 15 26 28 41 70
2 9 2 9
28 88 28 35 39 58 67 72 88
15 77 15 30 34 48 52 77
42 59 42 51 59
14 60 14 28 41 50 60
20 55 20 55
15 58 15 26 28 35 39 58
18 43 18 22 43
7 86 7 14 59 64 86
14 41 14 28 41
18 43 18 22 31 43
21 78 21 26 28 41 57 78
25 86 25 62 72 86
15 30 15 30
18 81 18 22 43 52 80 81
1 73 1 39 58 67 73
15 51 15 26 42 51
4 37 4 23 37
13 55 13 20 55
30 67 30 44 55 58 67
28 89 28 37 48 52 77 89
33 73 33 51 67 73
8 81 8 41 70 81
35 59 35 59
1 82 1 2 82
43 81 43 52 80 81
31 72 31 43 44 55 58 67 72
28 78 28 41 57 78
4 67 4 30 44 55 67
15 50 15 26 28 41 50
14 64 14 25 35 59 64
18 64 18 22 43 52 64
14 82 14 28 35 59 64 82
43 86 43 44 55 58 67 72 86
37 75 37 48 75
7 55 7 43 44 55
7 61 7 14 25 33 61
30 55 30 44 55
19 73 19 43 44 55 67 73
6 52 6 16 29 48 52
41 81 41 70 81
39 72 39 58 67 72
37 80 37 51 80
43 73 43 44 55 58 67 73
6 52 6 37 52
28 86 28 37 59 64 86
34 84 34 79 84
16 86 16 29 48 52 64 86
51 81 51 80 81
28 89 28 37 48 52 77 89
27 55 27 44 55
19 86 19 43 44 55 58 67 72 86
27 55 27 44 55
30 73 30 44 55 58 67 73
34 75 34 48 75
21 67 21 26 42 51 67
2 37 2 23 37
43 86 43 44 55 67 72 86
20 71 20 56 64 71
18 78 18 20 40 78
7 44 7 43 44
34 83 34 79 83
15 67 15 26 28 37 51 67
64 71 64 71
70 81 70 81
1 26 1 13 26
2 32 2 23 32
15 89 15 22 34 48 52 77 89
28 83 28 37 51 80 81 83
7 79 7 43 44 79
9 55 9 20 55
35 77 35 39 58 77
43 86 43 44 55 67 72 86
18 77 18 22 34 48 52 77
2 83 2 33 51 80 81 83
15 72 15 26 28 37 51 67 72
3 82 3 82
4 59 4 30 34 59
31 73 31 43 44 55 67 73
8 9 8 9
1 61 1 7 14 25 33 61
16 81 16 29 48 75 80 81
26 75 26 28 37 48 75
2 20 2 9 20
43 52 43 52
8 51 8 28 37 51
7 80 7 43 52 80
3 72 3 9 20 55 67 72
42 82 42 51 67 82
11 71 11 59 64 71
15 30 15 30
28 73 28 35 39 58 67 73
16 73 16 35 39 58 67 73
43 71 43 52 64 71
43 84 43 44 55 84
18 84 18 20 55 84
33 61 33 61
1 48 1 7 14 28 37 48
4 51 4 23 37 51
3 80 3 37 51 80
26 80 26 28 37 48 75 80
22 89 22 43 44 55 84 89
3 30 3 30
28 88 28 41 57 72 88
16 67 16 35 39 58 67
14 71 14 42 51 59 64 71
20 73 20 73
7 73 7 43 44 55 58 67 73
19 77 19 43 44 55 58 77
19 43 19 43
14 58 14 25 35 39 58
3 67 3 27 44 55 67
23 67 23 37 51 67
26 80 26 42 51 80
41 50 41 50
26 50 26 28 41 50
7 73 7 43 44 55 58 67 73
21 80 21 42 51 80
15 34 15 22 34
15 44 15 30 44
15 30 15 30
2 71 2 23 37 52 64 71
7 73 7 43 44 55 67 73
70 81 70 81
13 84 13 84
72 86 72 86
15 63 15 26 28 41 63
1 58 1 13 20 39 58
6 81 6 16 29 48 75 80 81
37 75 37 48 75
20 84 20 55 84
39 89 39 58 77 89
3 37 3 37
42 64 42 51 59 64
4 23 4 23
23 86 23 37 52 64 86
1 23 1 2 23
6 80 6 37 48 52 80
21 78 21 26 28 41 57 78
41 50 41 50
51 73 51 67 73
14 70 14 28 41 70
7 80 7 14 34 48 75 80
15 51 15 26 28 37 51
31 81 31 43 52 80 81
7 52 7 43 52
18 79 18 22 34 79
22 55 22 31 43 44 55
30 48 30 48
3 82 3 27 44 55 58 67 82
9 84 9 20 55 84
18 43 18 22 31 43
15 63 15 26 28 41 57 63
23 32 23 32
28 63 28 41 63
64 86 64 86
15 75 15 22 34 48 75
4 59 4 30 34 59
21 86 21 58 67 72 86
14 25 14 25
31 58 31 43 44 55 58
28 70 28 41 70
7 83 7 43 52 80 81 83
14 58 14 25 35 39 58
6 73 6 31 43 44 55 58 67 73
51 71 51 59 64 71
3 83 3 27 44 79 83
3 58 3 27 44 55 58
51 86 51 67 72 86
34 81 34 48 75 80 81
22 88 22 43 44 79 88
26 52 26 28 37 52
42 88 42 51 67 72 88
4 71 4 23 37 52 64 71
35 77 35 39 58 77
21 59 21 26 42 51 59
30 52 30 48 52
21 51 21 26 42 51
34 86 34 48 52 64 86
18 48 18 22 34 48
21 52 21 26 28 37 52
33 73 33 51 67 73
15 50 15 26 28 41 50
2 33 2 33
30 80 30 48 75 80
43 81 43 52 80 81
27 55 27 44 55
13 73 13 26 28 35 39 58 67 73
40 78 40 78
15 88 15 30 48 88
19 72 19 62 72
13 50 13 26 28 41 50
1 52 1 2 23 37 48 52
27 84 27 79 84
35 72 35 39 58 67 72
13 75 13 28 37 48 75
14 77 14 34 48 52 77
1 52 1 37 52
14 72 14 28 35 39 58 67 72
25 83 25 33 51 80 81 83
1 44 1 7 43 44
28 37 28 37
14 88 14 28 35 39 58 67 72 88
33 83 33 51 80 81 83
25 61 25 33 61
31 89 31 43 44 79 84 89
14 72 14 42 51 67 72
18 73 18 20 73
8 73 8 9 20 55 67 73
16 81 16 29 48 52 80 81
15 64 15 26 42 51 59 64
37 80 37 48 75 80
31 44 31 43 44
25 73 25 35 39 58 67 73
4 80 4 23 37 52 80
14 41 14 28 41
22 48 22 34 48
2 51 2 23 37 51
25 86 25 33 62 72 86
15 55 15 30 44 55
31 72 31 43 44 55 67 72
4 58 4 30 44 55 58
19 73 19 43 44 55 67 73
3 9 3 9
14 33 14 25 33
7 55 7 43 44 55
30 48 30 48
37 67 37 51 67
11 64 11 59 64
23 86 23 49 72 86
28 67 28 35 39 58 67
23 75 23 37 48 75
49 88 49 72 88
33 61 33 61
43 81 43 52 80 81
28 51 28 37 51
8 82 8 9 20 56 82
49 72 49 72
11 64 11 59 64
16 52 16 29 48 52
7 55 7 43 44 55
2 20 2 9 20
37 81 37 48 52 80 81
4 79 4 30 34 79
4 86 4 23 49 72 86
30 71 30 48 52 71
64 86 64 86
7 75 7 14 28 37 48 75
21 77 21 26 28 77
21 72 21 58 67 72
19 72 19 62 72
1 41 1 13 26 28 41
6 86 6 16 29 48 52 64 86
1 88 1 13 26 28 41 49 72 88
22 59 22 34 59
21 57 21 26 28 41 57
15 51 15 26 42 51
4 84 4 30 44 55 84
7 55 7 43 44 55
13 48 13 29 48
16 86 16 29 48 52 64 86
2 52 2 23 37 52
14 59 14 59
7 48 7 14 28 37 48
14 63 14 28 41 57 63
3 81 3 37 48 52 80 81
14 63 14 28 41 63
4 73 4 30 44 55 58 67 73
7 52 7 14 34 48 52
7 73 7 14 25 35 39 58 67 73
31 89 31 43 44 84 89
16 80 16 29 48 52 80
41 50 41 50
9 67 9 20 55 58 67
7 79 7 14 34 79
3 72 3 27 44 55 58 67 72
14 60 14 28 41 50 60
25 79 25 79
3 72 3 27 44 55 58 67 72
27 55 27 44 55
7 44 7 43 44
4 78 4 23 66 78
26 80 26 28 37 51 80
70 83 70 81 83
16 83 16 29 48 52 80 81 83
8 57 8 28 41 57
8 59 8 28 35 59
4 34 4 30 34
28 72 28 35 39 58 67 72
25 83 25 33 51 80 81 83
7 44 7 43 44
33 61 33 61
56 71 56 64 71
49 88 49 72 88
31 43 31 43
8 50 8 41 50
15 50 15 26 28 41 50
37 71 37 52 71
1 79 1 7 43 44 79
1 78 1 7 14 25 33 78
11 64 11 59 64
7 81 7 14 25 33 51 80 81
15 30 15 30
2 82 2 9 71 82
1 20 1 2 9 20
23 86 23 37 59 64 86
2 51 2 23 37 51
19 64 19 56 64
18 89 18 22 34 59 89
33 73 33 51 67 73
21 60 21 26 28 41 50 60
11 71 11 59 64 71
33 67 33 51 67
1 60 1 7 14 28 41 50 60
6 80 6 31 43 52 80
9 71 9 71
22 67 22 43 44 55 58 67
2 67 2 9 20 55 58 67
15 63 15 26 28 41 57 63
21 64 21 26 42 51 59 64
51 86 51 59 64 86
7 44 7 43 44
3 30 3 30
26 71 26 42 51 59 64 71
3 37 3 37
20 73 20 55 58 67 73
11 88 11 88
15 80 15 26 28 37 52 80
15 59 15 26 42 51 59
8 52 8 28 37 48 52
31 88 31 43 44 55 67 72 88
21 80 21 26 28 37 52 80
23 71 23 37 52 64 71
19 67 19 43 44 55 58 67
31 73 31 43 44 55 67 73
31 77 31 43 44 55 58 77
18 80 18 22 34 48 75 80
7 48 7 14 34 48
19 58 19 43 44 55 58
30 44 30 44
42 89 42 51 59 89
28 60 28 41 50 60
13 48 13 26 28 37 48
14 50 14 28 41 50
14 67 14 25 35 39 58 67
11 59 11 59
3 72 3 27 44 55 58 67 72
2 75 2 23 37 48 75
23 32 23 32
13 52 13 26 28 37 48 52
15 67 15 26 28 35 39 58 67
56 86 56 64 86
28 63 28 41 57 63
26 67 26 28 37 51 67
16 71 16 29 48 52 64 71
1 32 1 2 23 32
14 70 14 28 41 70
41 83 41 70 81 83
15 34 15 22 34
31 55 31 43 44 55
13 84 13 20 55 84
56 64 56 64
1 71 1 13 26 42 51 59 64 71
27 73 27 44 55 67 73
15 72 15 30 44 55 58 67 72
23 83 23 37 51 80 81 83
35 89 35 59 89
27 83 27 79 83
39 86 39 58 67 72 86
15 89 15 30 48 52 77 89
1 80 1 37 52 80
15 34 15 22 34
6 52 6 37 52
31 72 31 43 44 55 58 67 72
11 89 11 59 89
37 83 37 51 80 81 83
30 48 30 48
43 73 43 44 55 58 67 73
21 51 21 42 51
16 67 16 35 39 58 67
43 81 43 52 80 81
21 63 21 26 28 41 57 63
3 9 3 9
9 55 9 20 55
1 84 1 7 43 44 55 84
27 67 27 44 55 67
31 64 31 56 64
30 71 30 34 59 64 71
4 58 4 30 44 55 58
3 37 3 37
31 44 31 43 44
8 59 8 28 35 59
4 78 4 23 66 78
39 86 39 58 67 72 86
1 70 1 7 14 28 41 70
27 67 27 44 55 67
43 73 43 44 55 67 73
2 75 2 23 37 48 75
1 70 1 7 14 28 41 70
6 52 6 16 29 48 52
7 81 7 14 42 51 80 81
51 71 51 59 64 71
21 57 21 26 28 41 57
6 44 6 31 43 44
9 73 9 20 73
25 73 25 33 51 67 73
42 89 42 51 59 89
21 71 21 42 51 59 64 71
28 80 28 37 48 75 80
15 80 15 26 28 37 52 80
7 50 7 14 28 41 50
15 26 15 26
21 60 21 26 28 41 50 60
7 67 7 43 44 55 58 67
1 41 1 7 14 28 41
8 86 8 9 20 56 64 86
1 34 1 7 14 34
16 86 16 29 48 52 64 86
25 80 25 33 51 80
7 71 7 14 59 64 71
16 83 16 29 48 52 80 81 83
22 84 22 31 43 44 84
28 52 28 37 52
25 80 25 33 51 80
6 86 6 86
14 88 14 25 33 62 72 88
31 72 31 43 44 55 67 72
14 60 14 28 41 50 60
8 81 8 41 70 81
1 13 1 13
18 71 18 20 56 64 71
18 72 18 20 39 58 67 72
9 67 9 20 55 67
14 41 14 28 41
21 51 21 42 51
1 71 1 7 43 52 71
14 51 14 42 51
4 75 4 30 34 48 75
33 80 33 51 80
1 89 1 7 43 52 77 89
19 71 19 56 64 71
18 71 18 59 64 71
26 71 26 42 51 59 64 71
2 58 2 9 20 55 58
35 88 35 39 58 67 72 88
7 71 7 14 59 64 71
16 48 16 29 48
26 75 26 28 37 48 75
21 50 21 26 28 41 50
15 51 15 26 42 51
8 37 8 28 37
7 73 7 14 25 35 39 58 67 73
1 55 1 13 20 55
37 73 37 51 67 73
27 84 27 79 84
13 48 13 29 48
15 43 15 22 31 43
13 55 13 20 55
58 73 58 67 73
22 43 22 31 43
8 75 8 28 37 48 75
13 29 13 29
62 88 62 72 88
34 86 34 86
1 63 1 13 26 28 41 57 63
3 73 3 37 51 67 73
18 43 18 22 31 43
28 75 28 37 48 75
70 81 70 81
43 55 43 44 55
23 71 23 37 51 59 64 71
6 52 6 16 29 48 52
43 73 43 44 55 58 67 73
26 86 26 28 37 59 64 86
33 80 33 51 80
56 82 56 64 82
28 58 28 35 39 58
25 81 25 33 51 80 81
22 82 22 43 52 64 82
30 81 30 34 48 75 80 81
25 73 25 35 39 58 67 73
33 80 33 51 80
18 55 18 20 55
34 81 34 48 75 80 81
28 67 28 35 39 58 67
7 71 7 64 71
27 44 27 44
1 48 1 13 26 28 37 48
9 67 9 20 55 58 67
6 44 6 31 43 44
21 57 21 26 28 41 57
2 82 2 56 64 71 82
19 52 19 43 52
43 79 43 44 79
16 81 16 29 48 75 80 81
40 78 40 78
41 81 41 70 81
15 57 15 26 28 41 57
1 70 1 13 28 41 70
30 75 30 48 75
34 48 34 48
43 86 43 52 64 86
28 83 28 37 48 75 80 81 83
13 81 13 26 42 51 80 81
58 73 58 67 73
41 81 41 70 81
3 51 3 37 51
34 81 34 48 52 80 81
25 80 25 33 51 80
27 55 27 44 55
26 86 26 28 37 51 86
21 72 21 58 67 72
8 81 8 28 37 51 80 81
6 48 6 37 48
2 58 2 9 20 39 58
34 80 34 48 52 80
31 73 31 43 44 55 58 67 73
35 82 35 59 64 82
26 86 26 28 41 49 72 86
9 67 9 20 55 58 67
42 81 42 51 80 81
11 64 11 59 64
9 84 9 20 55 84
1 52 1 37 52
64 86 64 86
1 37 1 37
18 73 18 22 43 44 55 67 73
2 82 2 56 82
1 13 1 13
56 82 56 82
14 88 14 28 35 39 58 67 72 88
30 83 30 44 79 83
18 82 18 20 55 58 67 82
3 88 3 9 20 88
27 86 27 44 55 67 72 86
14 64 14 59 64
72 86 72 86
30 71 30 34 59 64 71
19 58 19 43 44 55 58
1 64 1 7 43 52 64
22 67 22 31 43 44 55 67
30 73 30 44 55 67 73
3 51 3 37 51
1 13 1 13
33 67 33 51 67
18 52 18 22 34 48 52
7 79 7 43 44 79
1 34 1 7 14 34
1 75 1 7 14 28 37 48 75
8 80 8 28 37 48 75 80
35 82 35 59 64 82
21 59 21 26 42 51 59
43 55 43 44 55
2 84 2 9 20 55 84
6 48 6 16 29 48
6 52 6 37 52
26 75 26 28 37 48 75
7 71 7 43 52 71
6 83 6 37 51 80 81 83
28 83 28 37 48 52 80 81 83
51 80 51 80
25 79 25 79
31 83 31 43 44 79 83
16 67 16 35 39 58 67
21 52 21 26 28 37 52
1 34 1 7 14 34
4 30 4 30
1 55 1 13 20 55
14 71 14 25 33 51 59 64 71
30 75 30 48 75
9 86 9 62 72 86
37 71 37 52 64 71
2 51 2 23 37 51
6 75 6 16 29 48 75
42 81 42 51 80 81
19 71 19 56 64 71
3 72 3 27 44 55 58 67 72
4 51 4 23 37 51
23 83 23 37 51 80 81 83
35 73 35 39 58 67 73
51 67 51 67
22 89 22 34 59 89
23 75 23 37 48 75
1 58 1 13 26 28 35 39 58
4 82 4 30 48 52 64 71 82
13 50 13 28 41 50
22 48 22 34 48
23 66 23 66
1 84 1 2 9 20 55 84
25 80 25 33 51 80
18 82 18 59 64 71 82
9 71 9 71
19 64 19 43 52 64
8 58 8 28 35 39 58
30 48 30 34 48
7 80 7 14 25 33 51 80
28 63 28 41 57 63
22 58 22 31 43 44 55 58
1 88 1 13 26 42 51 67 72 88
15 88 15 30 44 79 88
15 55 15 22 43 44 55
27 55 27 44 55
20 67 20 55 58 67
37 67 37 51 67
42 88 42 62 72 88
15 51 15 26 28 37 51
25 83 25 79 83
21 59 21 42 51 59
28 86 28 35 39 58 67 72 86
4 75 4 23 37 48 75
31 64 31 43 52 64
9 84 9 20 55 84
26 75 26 28 37 48 75
14 58 14 25 35 39 58
3 20 3 9 20
21 52 21 26 28 37 48 52
28 48 28 37 48
85 88 85 88
7 55 7 43 44 55
19 64 19 56 64
1 33 1 2 33
14 88 14 42 62 72 88
18 52 18 22 31 43 52
30 48 30 48
19 67 19 43 44 55 58 67
6 67 6 31 43 44 55 67
13 73 13 28 37 51 67 73
35 59 35 59
14 80 14 28 37 48 75 80
1 23 1 2 23
1 82 1 2 82
39 88 39 58 67 72 88
3 88 3 37 49 72 88
4 34 4 30 34
2 52 2 23 37 48 52
4 77 4 23 37 48 52 77
37 80 37 51 80
31 81 31 43 52 80 81
22 86 22 43 44 55 58 67 72 86
51 71 51 59 64 71
6 44 6 31 43 44
21 63 21 26 28 41 63
16 86 16 35 59 64 86
6 84 6 31 43 44 79 84
8 88 8 9 62 72 88
18 80 18 22 31 43 52 80
1 61 1 2 33 61
2 77 2 9 20 39 58 77
28 73 28 37 51 67 73
41 50 41 50
23 32 23 32
14 89 14 25 35 39 58 77 89
13 75 13 29 48 75
18 43 18 22 31 43
3 52 3 30 34 48 52
16 67 16 35 39 58 67
37 80 37 52 80
4 81 4 30 34 48 52 80 81
15 60 15 26 28 41 50 60
27 86 27 44 55 58 67 72 86
21 89 21 26 42 51 59 89
30 75 30 48 75
2 86 2 56 64 86
39 88 39 58 67 72 88
23 81 23 37 51 80 81
31 83 31 43 44 79 83
7 84 7 14 34 79 84
15 58 15 26 28 35 39 58
8 51 8 28 37 51
2 71 2 56 64 71
49 72 49 72
8 41 8 41
43 67 43 44 55 67
35 59 35 59
28 59 28 35 59
8 63 8 41 63
19 52 19 43 52
3 78 3 9 20 40 78
14 89 14 59 89
22 58 22 43 44 55 58
3 82 3 30 34 59 64 71 82
4 73 4 30 44 55 67 73
39 89 39 58 77 89
22 82 22 31 56 64 82
21 58 21 58
34 79 34 79
4 48 4 30 48
23 48 23 37 48
26 71 26 42 51 59 64 71
16 48 16 29 48
16 52 16 29 48 52
27 86 27 44 55 67 72 86
3 89 3 38 89
8 89 8 28 35 39 58 77 89
7 71 7 14 59 64 71
31 84 31 43 44 84
15 63 15 26 28 41 57 63
16 75 16 29 48 75
2 48 2 23 37 48
4 23 4 23
11 59 11 59
22 67 22 43 44 55 58 67
1 89 1 13 84 89
6 75 6 37 48 75
35 82 35 39 58 67 82
34 75 34 48 75
14 48 14 34 48
30 67 30 44 55 67
15 37 15 26 28 37
14 89 14 42 51 59 89
20 71 20 56 64 71
33 61 33 61
16 75 16 29 48 75
18 20 18 20
16 73 16 35 39 58 67 73
27 83 27 79 83
6 44 6 31 43 44
8 84 8 9 20 55 84
7 86 7 62 72 86
7 50 7 14 28 41 50
23 48 23 37 48
27 55 27 44 55
1 9 1 2 9
21 86 21 42 51 59 64 86
19 79 19 43 44 79
35 88 35 39 58 67 72 88
58 73 58 67 73
28 89 28 77 89
33 80 33 51 80
26 67 26 42 51 67
21 57 21 26 28 41 57
3 30 3 30
22 79 22 31 43 44 79
28 50 28 41 50
30 86 30 34 59 64 86
2 51 2 23 37 51
8 55 8 9 20 55
20 55 20 55
3 82 3 27 44 55 67 82
22 82 22 43 44 55 67 82
25 83 25 33 51 80 81 83
23 81 23 37 52 80 81
15 52 15 22 34 48 52
21 26 21 26
16 83 16 29 48 52 80 81 83
19 67 19 43 44 55 67
23 86 23 37 52 64 86
15 34 15 30 34
13 52 13 28 37 48 52
33 86 33 49 72 86
28 64 28 37 48 52 64
42 59 42 51 59
8 86 8 28 35 59 64 86
1 13 1 13
8 51 8 28 37 51
28 86 28 64 86
14 70 14 28 41 70
56 71 56 64 71
33 61 33 61
4 78 4 23 66 78
7 80 7 43 52 80
7 79 7 43 44 79
30 75 30 48 75
23 52 23 37 48 52
6 80 6 37 48 75 80
19 82 19 43 52 64 82
22 67 22 43 44 55 67
25 61 25 33 61
6 73 6 16 35 39 58 67 73
51 81 51 80 81
22 59 22 34 59
33 61 33 61
30 48 30 48
1 63 1 7 14 25 63
19 77 19 43 52 77
19 71 19 56 64 71
30 80 30 48 75 80
51 67 51 67
8 58 8 28 35 39 58
51 86 51 67 72 86
22 43 22 43
7 55 7 43 44 55
28 57 28 41 57
43 44 43 44
8 88 8 41 49 72 88
22 44 22 43 44
3 82 3 64 71 82
15 70 15 26 28 41 70
37 71 37 52 64 71
21 59 21 26 28 35 59
19 58 19 43 44 55 58
25 80 25 33 51 80
30 52 30 34 48 52
21 41 21 26 28 41
49 72 49 72
42 82 42 51 67 82
31 82 31 43 44 55 67 82
30 79 30 34 79
35 82 35 59 64 71 82
8 9 8 9
19 72 19 62 72
37 75 37 48 75
2 67 2 23 37 51 67
15 63 15 26 28 41 57 63
14 41 14 28 41
2 66 2 23 66
31 81 31 43 52 80 81
15 81 15 22 31 43 52 80 81
27 55 27 44 55
15 50 15 26 28 41 50
25 86 25 33 62 72 86
34 80 34 48 52 80
15 43 15 22 43
13 55 13 20 55
4 48 4 23 37 48
8 37 8 28 37
26 86 26 42 51 86
26 83 26 28 37 51 80 81 83
25 80 25 33 51 80
18 44 18 22 31 43 44
51 73 51 67 73
4 88 4 49 72 88
27 84 27 44 55 84
22 86 22 31 56 64 86
19 79 19 43 44 79
43 80 43 52 80
25 83 25 33 51 80 81 83
30 48 30 48
15 88 15 26 28 35 39 58 67 72 88
58 73 58 67 73
43 80 43 52 80
28 82 28 35 39 58 67 82
28 86 28 37 51 86
13 83 13 26 28 41 70 81 83
4 78 4 23 66 78
8 51 8 28 37 51
23 71 23 37 52 71
56 86 56 64 86
33 86 33 49 72 86
16 71 16 29 48 52 71
3 83 3 30 48 75 80 81 83
23 66 23 66
43 71 43 52 64 71
4 58 4 30 44 55 58
15 58 15 22 31 43 44 55 58
43 73 43 44 55 67 73
8 88 8 9 20 88
18 80 18 22 43 52 80
19 64 19 56 64
25 61 25 33 61
22 89 22 43 52 77 89
49 88 49 72 88
25 61 25 33 61
56 64 56 64
22 88 22 43 44 79 88
22 77 22 43 44 55 58 77
43 73 43 44 55 58 67 73
31 88 31 43 44 55 67 72 88
14 77 14 25 35 39 58 77
33 81 33 51 80 81
2 61 2 33 61
8 57 8 41 57
22 55 22 43 44 55
28 78 28 41 57 78
11 89 11 59 89
31 43 31 43
34 48 34 48
26 73 26 42 51 67 73
22 89 22 31 43 52 77 89
15 43 15 22 43
35 89 35 59 89
14 75 14 28 37 48 75
23 81 23 37 52 80 81
6 71 6 37 59 64 71
19 55 19 43 44 55
25 67 25 35 39 58 67
28 41 28 41
30 67 30 44 55 67
19 88 19 43 44 79 88
3 79 3 27 79
37 67 37 51 67
14 57 14 28 41 57
14 63 14 25 63
19 43 19 43
22 89 22 43 44 79 84 89
31 58 31 43 44 55 58
18 20 18 20
19 79 19 43 44 79
39 67 39 58 67
1 7 1 7
8 83 8 41 70 81 83
72 86 72 86
1 89 1 39 58 77 89
15 83 15 26 28 37 52 80 81 83
43 79 43 44 79
18 77 18 22 31 43 52 77
6 84 6 31 43 44 79 84
3 9 3 9
7 50 7 14 28 41 50
18 20 18 20
42 71 42 51 59 64 71
3 86 3 64 86
51 67 51 67
15 83 15 26 28 37 51 80 81 83
31 82 31 43 52 64 71 82
14 25 14 25
19 84 19 43 44 55 84
72 86 72 86
19 52 19 43 52
27 79 27 79
15 44 15 22 43 44
4 88 4 30 34 48 75 88
1 52 1 7 14 28 37 52
51 80 51 80
1 59 1 37 59
2 37 2 23 37
19 82 19 43 52 71 82
4 37 4 23 37
70 81 70 81
8 77 8 9 20 55 58 77
20 84 20 55 84
1 52 1 2 23 37 48 52
19 84 19 43 44 55 84
21 81 21 42 51 80 81
2 20 2 9 20
8 58 8 9 20 39 58
4 51 4 23 37 51
1 79 1 7 43 44 79
4 77 4 23 37 77
19 72 19 62 72
15 83 15 22 34 48 75 80 81 83
3 89 3 9 20 55 58 77 89
13 29 13 29
23 81 23 37 52 80 81
39 89 39 58 77 89
8 58 8 28 35 39 58
11 88 11 88
13 75 13 28 37 48 75
16 48 16 29 48
18 77 18 20 39 58 77
4 82 4 82
6 67 6 31 43 44 55 58 67
37 83 37 48 52 80 81 83
22 43 22 43
51 80 51 80
8 67 8 9 20 55 58 67
8 9 8 9
1 13 1 13
21 50 21 26 28 41 50
14 79 14 34 79
2 33 2 33
4 83 4 70 81 83
42 73 42 51 67 73
23 80 23 37 48 52 80
6 80 6 16 29 48 52 80
3 59 3 30 34 59
3 9 3 9
34 81 34 48 75 80 81
26 75 26 28 37 48 75
37 86 37 49 72 86
34 80 34 48 52 80
39 82 39 58 67 82
4 34 4 30 34
2 55 2 9 20 55
8 52 8 28 37 48 52
8 59 8 28 35 59
15 72 15 30 44 55 67 72
11 64 11 59 64
27 83 27 44 79 83
31 52 31 43 52
43 84 43 44 84
14 51 14 25 33 51
11 82 11 59 64 82
22 83 22 43 44 79 83
2 78 2 33 78
1 20 1 2 9 20
15 81 15 30 48 52 80 81
30 86 30 48 52 64 86
1 72 1 49 72
58 67 58 67
37 83 37 51 80 81 83
14 89 14 25 38 89
1 81 1 13 29 48 75 80 81
14 61 14 25 33 61
43 84 43 44 79 84
3 52 3 37 52
15 44 15 22 43 44
34 79 34 79
18 77 18 20 39 58 77
2 33 2 33
21 64 21 26 42 51 59 64
14 25 14 25
18 64 18 59 64
2 80 2 23 37 52 80
14 88 14 28 35 39 58 67 72 88
21 26 21 26
25 67 25 33 51 67
13 75 13 26 28 37 48 75
15 88 15 30 44 79 88
41 50 41 50
6 75 6 37 48 75
3 77 3 30 48 52 77
27 67 27 44 55 58 67
23 67 23 37 51 67
8 55 8 9 20 55
21 78 21 26 28 41 57 78
14 82 14 28 82
6 81 6 31 43 52 80 81
25 86 25 62 72 86
8 63 8 28 41 57 63
37 80 37 52 80
8 83 8 41 70 81 83
15 78 15 26 28 41 57 78
8 89 8 28 37 51 59 89
1 72 1 49 72
1 77 1 2 23 66 77
2 83 2 33 51 80 81 83
37 67 37 51 67
7 52 7 43 52
3 30 3 30
18 20 18 20
4 83 4 23 37 52 80 81 83
23 73 23 37 51 67 73
4 75 4 23 37 48 75
28 58 28 35 39 58
6 73 6 31 43 44 55 67 73
18 88 18 22 34 79 88
1 60 1 7 14 28 41 50 60
15 41 15 26 28 41
7 67 7 43 44 55 67
21 83 21 42 51 80 81 83
14 51 14 42 51
1 63 1 7 57 63
28 89 28 77 89
16 80 16 29 48 75 80
28 73 28 37 51 67 73
23 66 23 66
31 52 31 43 52
7 52 7 43 52
31 88 31 43 44 79 88
2 84 2 9 20 55 84
18 64 18 22 43 52 64
18 59 18 22 34 59
18 55 18 22 43 44 55
8 9 8 9
8 9 8 9
7 52 7 43 52
1 88 1 13 26 42 51 67 72 88
62 72 62 72
3 77 3 30 34 48 52 77
7 55 7 43 44 55
3 83 3 30 44 79 83
14 70 14 28 41 70
8 80 8 28 37 48 75 80
27 83 27 44 79 83
14 89 14 42 51 59 89
43 80 43 52 80
18 58 18 20 55 58
16 80 16 29 48 52 80
21 83 21 26 28 41 70 81 83
7 81 7 43 52 80 81
3 84 3 9 20 55 84
3 27 3 27
1 83 1 37 52 80 81 83
14 59 14 34 59
8 89 8 9 20 55 58 77 89
56 64 56 64
39 89 39 58 77 89
15 58 15 26 28 35 39 58
4 64 4 30 34 59 64
31 82 31 56 64 71 82
14 41 14 28 41
19 88 19 62 72 88
9 71 9 20 56 64 71
28 37 28 37
2 59 2 23 37 51 59
15 60 15 26 28 41 50 60
2 20 2 9 20
28 64 28 35 59 64
1 55 1 2 9 20 55
25 79 25 79
41 50 41 50
28 88 28 41 49 72 88
23 52 23 37 52
16 75 16 29 48 75
19 58 19 43 44 55 58
30 73 30 44 55 67 73
25 84 25 79 84
35 64 35 59 64
2 75 2 23 37 48 75
30 81 30 48 52 80 81
8 51 8 28 37 51
21 59 21 26 28 35 59
1 60 1 13 28 41 50 60
15 73 15 26 42 51 67 73
8 37 8 28 37
33 80 33 51 80
30 75 30 34 48 75
28 41 28 41
6 71 6 71
21 58 21 58
3 86 3 37 52 64 86
21 59 21 26 28 35 59
11 59 11 59
23 52 23 37 48 52
4 37 4 23 37
11 86 11 59 64 86
14 81 14 28 41 70 81
34 81 34 48 52 80 81
30 55 30 44 55
22 77 22 43 52 77
42 86 42 62 72 86
3 59 3 37 51 59
27 73 27 44 55 67 73
37 80 37 52 80
14 83 14 42 51 80 81 83
9 84 9 20 55 84
23 73 23 37 51 67 73
85 88 85 88
21 89 21 26 42 51 59 89
4 37 4 23 37
28 64 28 35 59 64
15 26 15 26
19 72 19 43 44 55 58 67 72
8 75 8 28 37 48 75
9 73 9 20 39 58 67 73
28 63 28 41 63
1 23 1 2 23
19 82 19 43 52 64 82
30 84 30 34 79 84
25 84 25 79 84
15 57 15 26 28 41 57
2 77 2 9 20 39 58 77
7 48 7 14 28 37 48
25 61 25 33 61
39 77 39 58 77
1 88 1 37 72 88
56 82 56 64 82
23 71 23 37 51 59 64 71
7 61 7 14 25 33 61
34 71 34 59 64 71
2 82 2 9 20 56 64 82
14 41 14 28 41
13 71 13 28 37 52 71
1 77 1 2 23 66 77
20 71 20 56 64 71
43 80 43 52 80
49 72 49 72
15 78 15 26 28 41 57 78
4 78 4 23 66 78
21 72 21 58 67 72
9 86 9 20 39 58 67 72 86
28 88 28 41 49 72 88
62 72 62 72
2 59 2 23 37 59
6 29 6 16 29
70 81 70 81
19 58 19 43 44 55 58
31 43 31 43
43 80 43 52 80
28 81 28 41 70 81
19 77 19 43 52 77
15 34 15 22 34
14 57 14 28 41 57
3 83 3 30 34 79 83
27 67 27 44 55 67
1 72 1 37 49 72
8 58 8 9 20 55 58
9 55 9 20 55
22 81 22 43 52 80 81
21 72 21 58 67 72
43 71 43 52 71
11 64 11 59 64
20 84 20 55 84
22 58 22 31 43 44 55 58
30 86 30 44 55 58 67 72 86
33 71 33 51 59 64 71
21 88 21 26 42 62 72 88
3 55 3 9 20 55
9 55 9 20 55
22 80 22 34 48 75 80
1 78 1 13 28 41 57 78
4 79 4 30 44 79
27 79 27 44 79
16 52 16 29 48 52
6 80 6 31 43 52 80
25 84 25 79 84
34 86 34 86
2 55 2 9 20 55
11 88 11 88
31 89 31 43 52 77 89
14 48 14 34 48
18 77 18 22 34 48 52 77
4 70 4 70
18 77 18 22 43 44 55 58 77
18 44 18 22 43 44
2 9 2 9
30 73 30 44 55 58 67 73
35 73 35 39 58 67 73
22 89 22 43 52 77 89
28 77 28 35 39 58 77
41 81 41 70 81
2 77 2 9 20 55 58 77
20 67 20 55 67
39 73 39 58 67 73
43 86 43 44 55 67 72 86
13 71 13 29 48 52 71
15 72 15 30 44 55 58 67 72
21 89 21 26 42 51 59 89
31 73 31 43 44 55 58 67 73
8 71 8 28 35 59 64 71
13 86 13 29 48 52 64 86
30 55 30 44 55
40 78 40 78
8 86 8 62 72 86
8 52 8 28 37 52
14 83 14 34 48 75 80 81 83
2 52 2 23 37 52
8 78 8 28 41 57 78
42 59 42 51 59
6 75 6 37 48 75
23 71 23 37 51 59 64 71
20 55 20 55
14 89 14 25 35 39 58 77 89
14 84 14 25 79 84
37 52 37 48 52
14 89 14 34 79 84 89
1 23 1 2 23
26 73 26 28 35 39 58 67 73
33 67 33 51 67
64 86 64 86
2 83 2 33 51 80 81 83
21 88 21 58 67 72 88
31 88 31 43 44 55 67 72 88
51 71 51 59 64 71
33 83 33 51 80 81 83
21 75 21 26 28 37 48 75
22 80 22 31 43 52 80
58 73 58 67 73
37 81 37 52 80 81
19 43 19 43
39 86 39 58 67 72 86
26 67 26 42 51 67
21 26 21 26
35 89 35 39 58 77 89
7 61 7 14 25 33 61
56 71 56 64 71
19 88 19 43 44 79 88
70 81 70 81
7 67 7 43 44 55 58 67
1 34 1 7 14 34
13 86 13 26 42 62 72 86
2 73 2 9 20 39 58 67 73
14 84 14 25 79 84
4 88 4 23 37 51 67 72 88
21 77 21 58 77
3 72 3 37 51 67 72
33 81 33 51 80 81
35 89 35 39 58 77 89
21 64 21 26 42 51 59 64
34 81 34 48 75 80 81
1 84 1 2 9 20 55 84
22 75 22 34 48 75
18 78 18 20 40 78
6 44 6 31 43 44
15 72 15 26 28 37 51 67 72
15 58 15 30 44 55 58
14 88 14 25 62 72 88
1 89 1 2 23 66 77 89
7 81 7 14 42 51 80 81
25 79 25 79
42 82 42 51 67 82
33 86 33 62 72 86
4 23 4 23
26 86 26 28 41 49 72 86
39 77 39 58 77
25 84 25 79 84
28 58 28 35 39 58
1 58 1 7 14 25 35 39 58
30 73 30 44 55 58 67 73
15 48 15 22 34 48
6 80 6 37 51 80
31 86 31 56 64 86
42 86 42 62 72 86
14 77 14 28 37 48 52 77
8 41 8 28 41
1 9 1 2 9
1 73 1 37 51 67 73
6 73 6 31 43 44 55 58 67 73
15 43 15 22 31 43
51 80 51 80
37 71 37 59 64 71
15 37 15 26 28 37
8 37 8 28 37
15 73 15 22 31 43 44 55 58 67 73
2 9 2 9
22 34 22 34
15 58 15 30 44 55 58
9 67 9 20 55 58 67
28 86 28 35 39 58 67 72 86
21 83 21 42 51 80 81 83
6 86 6 31 43 52 64 86
15 70 15 26 28 41 70
14 79 14 34 79
21 64 21 26 28 37 59 64
4 77 4 30 48 52 77
23 75 23 37 48 75
31 52 31 43 52
30 67 30 44 55 67
28 78 28 41 57 78
1 77 1 37 48 52 77
18 82 18 22 34 48 52 71 82
15 79 15 22 31 43 44 79
42 72 42 51 67 72
13 67 13 26 42 51 67
15 50 15 26 28 41 50
13 86 13 26 28 64 86
4 51 4 23 37 51
8 57 8 41 57
8 52 8 28 37 52
2 9 2 9
13 67 13 20 55 67
15 30 15 30
18 77 18 20 39 58 77
8 63 8 28 41 63
43 80 43 52 80
3 81 3 30 48 75 80 81
15 63 15 26 28 41 63
13 67 13 26 42 51 67
6 81 6 31 43 52 80 81
14 37 14 28 37
15 89 15 30 48 52 77 89
15 77 15 30 48 52 77
31 67 31 43 44 55 67
13 55 13 20 55
25 71 25 35 59 64 71
1 43 1 7 43
42 88 42 62 72 88
22 80 22 43 52 80
7 61 7 14 25 33 61
15 63 15 26 28 41 57 63
14 63 14 25 63
7 55 7 43 44 55
16 52 16 29 48 52
2 77 2 9 20 55 58 77
23 83 23 37 48 52 80 81 83
31 58 31 43 44 55 58
41 50 41 50
7 83 7 14 28 41 70 81 83
19 67 19 43 44 55 58 67
31 43 31 43
15 58 15 22 31 43 44 55 58
7 55 7 43 44 55
27 86 27 44 55 67 72 86
25 84 25 79 84
15 30 15 30
7 67 7 43 44 55 58 67
9 86 9 62 72 86
4 34 4 30 34
25 80 25 33 51 80
7 84 7 43 44 55 84
13 29 13 29
16 48 16 29 48
18 59 18 22 34 59
28 77 28 77
22 84 22 43 44 84
21 82 21 42 51 67 82
7 61 7 14 25 33 61
7 67 7 14 25 33 51 67
11 86 11 59 64 86
1 72 1 13 26 28 37 72
6 67 6 31 43 44 55 67
6 79 6 31 43 44 79
43 52 43 52
14 60 14 28 41 50 60
23 86 23 49 72 86
13 55 13 20 55
31 82 31 56 64 71 82
19 73 19 43 44 55 67 73
19 58 19 43 44 55 58
31 67 31 43 44 55 67
2 82 2 9 20 56 64 71 82
21 59 21 42 51 59
1 44 1 7 43 44
31 72 31 43 44 55 58 67 72
13 29 13 29
6 73 6 16 35 39 58 67 73
3 80 3 37 52 80
26 83 26 42 51 80 81 83
15 73 15 30 44 55 67 73
37 81 37 48 75 80 81
8 86 8 41 57 72 86
23 80 23 37 51 80
30 84 30 44 79 84
30 73 30 44 55 67 73
2 72 2 9 62 72
23 86 23 37 51 67 72 86
1 83 1 7 14 42 51 80 81 83
1 33 1 7 14 25 33
16 81 16 29 48 52 80 81
8 58 8 9 20 39 58
1 89 1 89
62 72 62 72
8 73 8 9 20 73
56 82 56 64 82
8 82 8 9 71 82
19 84 19 43 44 84
31 55 31 43 44 55
3 72 3 30 44 55 58 67 72
1 77 1 2 23 66 77
9 73 9 20 73
18 67 18 22 43 44 55 67
30 71 30 34 48 52 64 71
15 72 15 26 42 51 67 72
26 80 26 28 37 52 80
31 71 31 43 52 71
31 43 31 43
59 71 59 64 71
16 81 16 29 48 75 80 81
8 81 8 41 70 81
13 50 13 26 28 41 50
34 52 34 48 52
30 55 30 44 55
43 71 43 52 71
14 84 14 34 79 84
21 78 21 26 28 41 57 78
18 82 18 20 39 58 67 82
28 48 28 37 48
27 83 27 44 79 83
37 73 37 51 67 73
2 72 2 23 37 72
23 83 23 37 51 80 81 83
41 50 41 50
4 77 4 30 34 48 52 77
39 89 39 58 77 89
59 71 59 64 71
1 70 1 13 28 41 70
21 71 21 42 51 59 64 71
43 67 43 44 55 67
37 48 37 48
3 37 3 37
15 59 15 30 34 59
34 84 34 79 84
6 79 6 31 43 44 79
6 84 6 31 43 44 79 84
14 75 14 28 37 48 75
15 72 15 30 44 55 67 72
15 84 15 30 34 79 84
8 71 8 28 35 59 64 71
42 83 42 51 80 81 83
4 34 4 30 34
21 73 21 26 73
56 71 56 64 71
19 55 19 43 44 55
37 71 37 48 52 64 71
43 79 43 44 79
30 44 30 44
35 89 35 59 89
34 75 34 48 75
8 83 8 28 37 48 75 80 81 83
15 63 15 26 28 41 57 63
30 75 30 48 75
3 77 3 27 44 55 58 77
21 78 21 26 28 41 57 78
34 83 34 79 83
7 83 7 43 52 80 81 83
3 84 3 27 44 55 84
37 48 37 48
14 77 14 34 48 52 77
35 72 35 39 58 67 72
27 44 27 44
28 82 28 41 70 82
41 81 41 70 81
42 72 42 62 72
7 50 7 14 28 41 50
6 55 6 31 43 44 55
14 52 14 28 37 48 52
2 82 2 56 64 82
58 67 58 67
18 67 18 22 31 43 44 55 58 67
1 55 1 2 9 20 55
16 67 16 35 39 58 67
43 86 43 44 55 67 72 86
1 86 1 39 58 67 72 86
4 23 4 23
43 52 43 52
1 63 1 13 28 41 57 63
8 57 8 28 41 57
21 41 21 26 28 41
8 72 8 28 41 49 72
1 26 1 13 26
18 67 18 20 55 67
28 64 28 64
1 80 1 7 43 52 80
1 80 1 37 48 75 80
21 82 21 26 28 37 52 64 71 82
31 58 31 43 44 55 58
27 67 27 44 55 58 67
8 78 8 41 57 78
15 26 15 26
27 84 27 44 55 84
70 83 70 81 83
27 73 27 44 55 67 73
25 86 25 33 49 72 86
3 80 3 37 48 52 80
2 73 2 33 51 67 73
6 48 6 37 48
30 55 30 44 55
4 82 4 70 82
28 51 28 37 51
51 86 51 86
22 64 22 34 48 52 64
21 64 21 26 42 51 59 64
37 73 37 51 67 73
51 80 51 80
33 73 33 51 67 73
8 86 8 9 20 56 64 86
43 84 43 44 55 84
3 89 3 30 48 52 77 89
37 75 37 48 75
25 86 25 35 59 64 86
15 64 15 30 34 59 64
2 37 2 23 37
31 52 31 43 52
22 67 22 43 44 55 58 67
13 50 13 28 41 50
28 50 28 41 50
16 71 16 35 59 64 71
14 37 14 28 37
23 83 23 37 51 80 81 83
21 77 21 58 77
25 81 25 33 51 80 81
13 29 13 29
18 34 18 22 34
7 83 7 14 34 48 52 80 81 83
4 44 4 30 44
41 86 41 57 72 86
18 83 18 22 34 79 83
21 73 21 26 42 51 67 73
14 60 14 28 41 50 60
14 73 14 42 51 67 73
8 78 8 40 78
6 67 6 31 43 44 55 67
51 80 51 80
51 86 51 86
1 86 1 7 62 72 86
21 37 21 26 28 37
21 64 21 26 28 35 59 64
16 73 16 35 39 58 67 73
2 83 2 23 37 52 80 81 83
1 29 1 13 29
14 80 14 42 51 80
14 82 14 34 59 64 82
2 61 2 33 61
25 86 25 35 59 64 86
25 61 25 33 61
37 52 37 52
7 79 7 43 44 79
51 73 51 67 73
14 78 14 28 41 57 78
15 37 15 26 28 37
2 82 2 56 82
1 58 1 39 58
40 78 40 78
2 83 2 33 51 80 81 83
1 57 1 7 57
2 77 2 9 20 39 58 77
8 9 8 9
1 58 1 7 14 25 35 39 58
3 20 3 9 20
4 83 4 70 81 83
31 44 31 43 44
3 82 3 30 34 48 52 71 82
8 57 8 41 57
19 82 19 82
14 59 14 59
2 58 2 9 20 55 58
13 50 13 28 41 50
43 67 43 44 55 67
28 78 28 41 57 78
26 52 26 28 37 48 52
25 80 25 33 51 80
26 83 26 28 37 52 80 81 83
28 59 28 35 59
14 51 14 42 51
28 72 28 37 49 72
42 80 42 51 80
3 20 3 9 20
15 60 15 26 28 41 50 60
30 83 30 44 79 83
8 64 8 9 20 56 64
30 79 30 34 79
3 20 3 9 20
30 86 30 44 55 58 67 72 86
7 73 7 43 44 55 67 73
15 50 15 26 28 41 50
8 57 8 41 57
37 83 37 52 80 81 83
18 59 18 22 34 59
56 82 56 64 82
23 73 23 37 51 67 73
39 82 39 58 67 82
1 89 1 7 89
37 80 37 48 75 80
37 52 37 52
7 48 7 14 28 37 48
13 81 13 28 41 70 81
37 81 37 48 52 80 81
11 64 11 59 64
35 59 35 59
7 84 7 43 44 55 84
72 86 72 86
3 9 3 9
13 71 13 28 37 52 64 71
39 58 39 58
19 43 19 43
35 64 35 59 64
1 66 1 2 23 66
15 48 15 30 48
28 59 28 37 59
15 59 15 22 34 59
19 64 19 43 52 64
20 86 20 55 67 72 86
18 20 18 20
21 81 21 26 28 37 48 52 80 81
1 73 1 7 43 44 55 67 73
8 72 8 28 41 49 72
2 88 2 33 49 72 88
22 79 22 31 43 44 79
25 86 25 35 59 64 86
13 71 13 26 42 51 59 64 71
28 63 28 41 57 63
25 79 25 79
15 59 15 22 34 59
16 81 16 29 48 75 80 81
8 88 8 41 57 72 88
16 73 16 35 39 58 67 73
9 67 9 20 55 58 67
19 81 19 43 52 80 81
14 80 14 25 33 51 80
23 66 23 66
43 81 43 52 80 81
34 71 34 48 52 71
20 71 20 56 64 71
43 81 43 52 80 81
30 71 30 34 48 52 64 71
31 43 31 43
7 79 7 43 44 79
26 75 26 28 37 48 75
18 89 18 20 55 58 77 89
1 89 1 89
21 26 21 26
6 71 6 31 43 52 71
23 67 23 37 51 67
8 55 8 9 20 55
56 82 56 82
37 86 37 51 86
6 84 6 31 43 44 79 84
18 59 18 22 34 59
9 55 9 20 55
22 77 22 43 52 77
3 71 3 30 34 59 64 71
8 63 8 28 41 57 63
43 86 43 44 55 67 72 86
16 86 16 35 39 58 67 72 86
18 64 18 59 64
14 86 14 59 64 86
39 67 39 58 67
21 80 21 42 51 80
15 34 15 30 34
25 80 25 33 51 80
14 77 14 34 48 52 77
15 41 15 26 28 41
7 86 7 62 72 86
43 79 43 44 79
27 67 27 44 55 58 67
22 59 22 34 59
28 50 28 41 50
42 81 42 51 80 81
20 84 20 55 84
16 29 16 29
4 72 4 49 72
33 81 33 51 80 81
25 71 25 33 51 59 64 71
18 58 18 22 43 44 55 58
4 80 4 23 37 51 80
3 59 3 37 59
1 25 1 7 14 25
25 80 25 33 51 80
21 78 21 26 28 41 57 78
3 51 3 37 51
13 80 13 28 37 51 80
21 51 21 26 42 51
22 80 22 31 43 52 80
26 48 26 28 37 48
22 81 22 31 43 52 80 81
4 89 4 23 66 77 89
8 67 8 9 20 39 58 67
22 55 22 31 43 44 55
42 82 42 51 59 64 82
14 73 14 42 51 67 73
26 71 26 42 51 59 64 71
35 82 35 39 58 67 82
14 60 14 28 41 50 60
21 51 21 42 51
31 81 31 43 52 80 81
19 43 19 43
21 78 21 26 28 41 57 78
15 43 15 22 31 43
9 55 9 20 55
13 55 13 20 55
22 88 22 31 43 44 55 67 72 88
42 88 42 62 72 88
21 60 21 26 28 41 50 60
23 73 23 37 51 67 73
11 64 11 59 64
14 60 14 28 41 50 60
2 88 2 33 62 72 88
40 78 40 78
13 50 13 28 41 50
1 55 1 2 9 20 55
30 73 30 44 55 67 73
62 72 62 72
27 44 27 44
16 67 16 35 39 58 67
8 59 8 28 37 51 59
6 44 6 31 43 44
43 83 43 44 79 83
14 88 14 34 79 88
26 67 26 42 51 67
22 73 22 31 43 44 55 58 67 73
19 44 19 43 44
8 78 8 41 57 78
37 67 37 51 67
23 80 23 37 52 80
4 73 4 23 37 51 67 73
23 83 23 37 52 80 81 83
31 83 31 43 52 80 81 83
27 79 27 44 79
59 71 59 64 71
39 88 39 58 67 72 88
16 80 16 29 48 52 80
35 72 35 39 58 67 72
6 67 6 16 35 39 58 67
18 55 18 22 31 43 44 55
13 50 13 26 28 41 50
35 59 35 59
8 82 8 41 70 82
22 88 22 43 44 79 88
11 64 11 59 64
51 83 51 80 81 83
19 86 19 43 52 64 86
14 57 14 28 41 57
18 48 18 22 34 48
19 72 19 43 44 55 58 67 72
23 83 23 37 51 80 81 83
33 86 33 49 72 86
1 83 1 13 83
3 52 3 37 52
15 70 15 26 28 41 70
1 51 1 2 33 51
21 50 21 26 28 41 50
3 73 3 9 20 55 58 67 73
57 86 57 72 86
26 86 26 42 62 72 86
15 51 15 26 42 51
2 59 2 33 51 59
8 51 8 28 37 51
13 55 13 20 55
13 48 13 29 48
35 71 35 59 64 71
15 34 15 22 34
6 48 6 16 29 48
1 48 1 7 14 34 48
15 72 15 30 44 55 58 67 72
35 59 35 59
21 64 21 42 51 59 64
42 64 42 51 59 64
15 41 15 26 28 41
4 81 4 70 81
1 20 1 13 20
22 89 22 43 52 77 89
8 63 8 41 57 63
2 59 2 23 37 59
19 86 19 43 44 55 58 67 72 86
64 86 64 86
27 84 27 44 55 84
3 9 3 9
22 59 22 34 59
26 71 26 42 51 59 64 71
28 77 28 35 39 58 77
1 86 1 2 33 49 72 86
33 67 33 51 67
43 55 43 44 55
41 86 41 57 72 86
15 77 15 22 31 43 44 55 58 77
3 27 3 27
28 64 28 35 59 64
43 73 43 44 55 58 67 73
21 64 21 42 51 59 64
13 52 13 28 37 48 52
28 81 28 37 48 75 80 81
15 37 15 26 28 37
25 84 25 79 84
23 66 23 66
16 52 16 29 48 52
15 55 15 30 44 55
42 72 42 62 72
16 75 16 29 48 75
3 77 3 37 48 52 77
13 75 13 29 48 75
30 48 30 48
1 9 1 2 9
1 89 1 89
8 59 8 28 35 59
22 64 22 34 59 64
2 78 2 78
28 78 28 41 57 78
34 75 34 48 75
33 81 33 51 80 81
27 86 27 44 55 67 72 86
49 72 49 72
37 80 37 52 80
33 73 33 51 67 73
1 64 1 7 64
15 48 15 26 28 37 48
1 58 1 7 43 44 55 58
1 58 1 39 58
22 82 22 31 43 52 71 82
22 77 22 31 43 44 55 58 77
8 37 8 28 37
16 81 16 29 48 75 80 81
13 29 13 29
3 30 3 30
1 77 1 7 14 34 48 52 77
34 48 34 48
21 88 21 26 28 35 39 58 67 72 88
20 71 20 56 64 71
7 81 7 14 28 37 52 80 81
26 83 26 28 37 48 75 80 81 83
18 20 18 20
1 26 1 13 26
6 80 6 37 52 80
22 88 22 43 44 55 58 67 72 88
26 75 26 28 37 48 75
4 48 4 23 37 48
15 43 15 22 31 43
4 37 4 23 37
34 83 34 79 83
2 51 2 33 51
26 81 26 42 51 80 81
1 20 1 13 20
19 72 19 43 44 55 58 67 72
34 84 34 79 84
33 73 33 51 67 73
6 75 6 37 48 75
11 88 11 88
1 88 1 37 51 67 72 88
22 48 22 34 48
3 44 3 27 44
4 70 4 70
43 73 43 44 55 58 67 73
3 67 3 27 44 55 67
26 67 26 42 51 67
8 78 8 9 20 40 78
16 67 16 35 39 58 67
14 58 14 25 35 39 58
27 73 27 44 55 67 73
28 41 28 41
16 71 16 29 48 52 71
3 59 3 30 34 59
23 67 23 37 51 67
30 44 30 44
16 48 16 29 48
13 55 13 20 55
31 71 31 43 52 64 71
2 83 2 33 51 80 81 83
34 81 34 48 52 80 81
18 80 18 22 31 43 52 80
19 89 19 43 52 77 89
30 52 30 48 52
26 48 26 28 37 48
9 86 9 62 72 86
39 77 39 58 77
15 60 15 26 28 41 50 60
39 86 39 58 67 72 86
22 72 22 31 43 44 55 58 67 72
27 83 27 79 83
15 57 15 26 28 41 57
42 72 42 62 72
15 78 15 26 28 41 57 78
3 77 3 27 44 55 58 77
14 86 14 59 64 86
4 59 4 30 34 59
14 64 14 42 51 59 64
26 75 26 28 37 48 75
30 55 30 44 55
20 86 20 55 67 72 86
18 20 18 20
42 59 42 51 59
26 50 26 28 41 50
21 71 21 26 42 51 59 64 71
2 77 2 9 20 39 58 77
31 67 31 43 44 55 58 67
18 55 18 22 43 44 55
14 34 14 34
23 73 23 37 51 67 73
8 67 8 28 35 39 58 67
25 81 25 33 51 80 81
37 75 37 48 75
22 80 22 31 43 52 80
30 67 30 44 55 67
6 80 6 37 48 52 80
42 64 42 51 59 64
23 48 23 37 48
20 84 20 55 84
30 80 30 48 75 80
3 77 3 27 44 55 58 77
8 73 8 9 20 73
26 48 26 28 37 48
56 71 56 64 71
58 67 58 67
34 81 34 48 52 80 81
22 84 22 43 44 84
15 88 15 30 48 88
2 78 2 78
9 84 9 20 55 84
30 44 30 44
25 67 25 35 39 58 67
43 55 43 44 55
16 83 16 29 48 52 80 81 83
6 52 6 37 52
13 83 13 83
21 83 21 26 42 51 80 81 83
41 86 41 57 72 86
14 33 14 25 33
37 80 37 51 80
23 83 23 37 51 80 81 83
14 77 14 25 35 39 58 77
18 72 18 22 43 44 55 67 72
4 59 4 30 34 59
4 37 4 23 37
1 78 1 7 57 78
9 84 9 20 55 84
33 86 33 49 72 86
26 73 26 28 37 51 67 73
35 67 35 39 58 67
23 75 23 37 48 75
3 59 3 30 34 59
21 67 21 42 51 67
3 58 3 9 20 55 58
19 89 19 43 52 77 89
8 59 8 28 35 59
1 60 1 7 14 28 41 50 60
28 58 28 35 39 58
15 89 15 30 48 52 77 89
3 82 3 27 44 55 58 67 82
30 79 30 34 79
13 52 13 28 37 52
8 84 8 9 20 55 84
4 59 4 23 37 51 59
26 48 26 28 37 48
1 84 1 2 9 20 55 84
26 73 26 28 35 39 58 67 73
1 43 1 7 43
13 52 13 28 37 48 52
3 82 3 37 51 67 82
39 67 39 58 67
14 83 14 28 41 70 81 83
59 86 59 64 86
28 37 28 37
8 80 8 28 37 48 75 80
7 52 7 14 34 48 52
20 71 20 56 64 71
64 86 64 86
23 52 23 37 48 52
8 77 8 9 20 39 58 77
26 73 26 28 37 51 67 73
51 83 51 80 81 83
62 86 62 72 86
3 59 3 30 34 59
30 80 30 48 75 80
59 86 59 64 86
15 59 15 30 34 59
19 72 19 62 72
8 9 8 9
43 67 43 44 55 58 67
43 81 43 52 80 81
58 67 58 67
9 86 9 62 72 86
19 79 19 43 44 79
7 79 7 43 44 79
37 86 37 59 64 86
30 80 30 48 75 80
6 84 6 31 43 44 84
21 83 21 42 51 80 81 83
58 73 58 67 73
8 9 8 9
15 64 15 22 43 52 64
1 78 1 2 78
15 81 15 30 34 48 52 80 81
21 63 21 26 28 41 57 63
4 66 4 23 66
1 50 1 7 14 28 41 50
4 64 4 30 34 59 64
15 60 15 26 28 41 50 60
37 83 37 48 52 80 81 83
58 73 58 67 73
15 83 15 30 48 75 80 81 83
14 58 14 25 35 39 58
2 78 2 23 66 78
1 9 1 2 9
30 67 30 44 55 67
58 86 58 67 72 86
35 89 35 39 58 77 89
31 83 31 43 52 80 81 83
30 73 30 44 55 67 73
8 58 8 28 35 39 58
2 67 2 23 37 51 67
30 81 30 48 52 80 81
22 88 22 43 44 79 88
19 44 19 43 44
2 20 2 9 20
16 73 16 35 39 58 67 73
19 52 19 43 52
37 73 37 51 67 73
4 30 4 30
8 73 8 28 37 51 67 73
6 75 6 37 48 75
4 84 4 30 44 84
23 66 23 66
3 27 3 27
18 81 18 22 34 48 52 80 81
3 58 3 27 44 55 58
7 44 7 43 44
22 82 22 43 44 55 67 82
21 57 21 26 28 41 57
28 72 28 37 49 72
1 41 1 7 14 28 41
16 75 16 29 48 75
1 50 1 13 28 41 50
23 75 23 37 48 75
30 83 30 44 79 83
7 67 7 43 44 55 67
7 75 7 14 34 48 75
21 72 21 58 67 72
1 84 1 13 20 55 84
37 86 37 49 72 86
37 83 37 48 52 80 81 83
34 48 34 48
25 61 25 33 61
7 75 7 14 28 37 48 75
21 50 21 26 28 41 50
42 71 42 51 59 64 71
2 23 2 23
34 52 34 48 52
42 64 42 51 59 64
3 37 3 37
21 73 21 26 28 37 51 67 73
18 84 18 20 55 84
23 32 23 32
1 26 1 13 26
43 79 43 44 79
16 83 16 29 48 75 80 81 83
22 89 22 43 44 79 84 89
2 20 2 9 20
3 89 3 9 20 55 58 77 89
9 86 9 20 39 58 67 72 86
2 9 2 9
4 88 4 23 37 51 67 72 88
28 77 28 35 39 58 77
39 88 39 58 67 72 88
22 55 22 31 43 44 55
26 67 26 28 35 39 58 67
1 82 1 7 43 44 55 67 82
19 79 19 43 44 79
13 50 13 28 41 50
27 67 27 44 55 58 67
22 88 22 31 43 44 55 58 67 72 88
4 80 4 30 48 75 80
16 75 16 29 48 75
43 83 43 44 79 83
13 84 13 20 55 84
35 77 35 39 58 77
28 78 28 41 57 78
35 89 35 59 89
18 79 18 22 34 79
42 64 42 51 59 64
22 81 22 34 48 75 80 81
11 89 11 59 89
1 7 1 7
21 41 21 26 28 41
21 41 21 26 28 41
26 86 26 28 41 49 72 86
6 67 6 37 51 67
72 86 72 86
28 82 28 41 70 82
15 83 15 26 28 37 48 75 80 81 83
3 20 3 9 20
14 63 14 25 63
6 86 6 31 56 64 86
30 81 30 48 75 80 81
25 79 25 79
30 75 30 34 48 75
1 57 1 7 14 28 41 57
22 84 22 31 43 44 84
20 86 20 56 64 86
43 52 43 52
37 52 37 48 52
2 37 2 23 37
22 77 22 31 43 52 77
41 50 41 50
8 84 8 9 20 55 84
1 23 1 2 23
14 64 14 42 51 59 64
39 67 39 58 67
16 83 16 29 48 75 80 81 83
14 70 14 28 41 70
26 67 26 28 37 51 67
31 82 31 43 52 64 71 82
4 52 4 23 37 48 52
19 58 19 43 44 55 58
26 80 26 42 51 80
14 57 14 28 41 57
30 80 30 48 75 80
7 55 7 43 44 55
35 88 35 39 58 67 72 88
28 59 28 37 59
51 81 51 80 81
18 64 18 59 64
22 89 22 43 52 77 89
28 58 28 35 39 58
23 32 23 32
4 88 4 23 37 51 67 72 88
6 83 6 37 52 80 81 83
3 83 3 37 52 80 81 83
18 43 18 22 31 43
39 73 39 58 67 73
7 71 7 43 52 71
35 72 35 39 58 67 72
26 83 26 42 51 80 81 83
6 81 6 31 43 52 80 81
58 86 58 67 72 86
4 70 4 70
19 44 19 43 44
11 71 11 59 64 71
4 44 4 30 44
13 84 13 20 55 84
1 9 1 2 9
22 88 22 43 44 79 88
26 83 26 42 51 80 81 83
3 55 3 27 44 55
6 67 6 31 43 44 55 58 67
1 78 1 78
21 72 21 26 42 62 72
13 50 13 28 41 50
27 55 27 44 55
23 83 23 37 51 80 81 83
3 27 3 27
8 41 8 41
1 63 1 13 28 41 57 63
42 64 42 51 59 64
3 73 3 30 44 55 58 67 73
3 80 3 30 48 75 80
26 80 26 28 37 52 80
7 61 7 14 25 33 61
7 83 7 14 28 41 70 81 83
4 30 4 30
2 88 2 33 49 72 88
15 86 15 26 42 51 86
34 86 34 59 64 86
21 83 21 42 51 80 81 83
3 30 3 30
1 23 1 2 23
8 48 8 28 37 48
23 73 23 37 51 67 73
2 81 2 23 37 52 80 81
11 82 11 59 64 82
1 25 1 7 14 25
42 59 42 51 59
31 86 31 43 52 64 86
15 55 15 22 31 43 44 55
8 58 8 28 35 39 58
13 75 13 29 48 75
8 78 8 40 78
3 89 3 37 52 77 89
42 72 42 62 72
28 63 28 41 63
34 84 34 79 84
28 59 28 35 59
9 55 9 20 55
8 51 8 28 37 51
51 71 51 59 64 71
2 72 2 23 49 72
11 59 11 59
4 75 4 23 37 48 75
58 86 58 67 72 86
37 75 37 48 75
8 89 8 28 77 89
4 67 4 23 37 51 67
13 50 13 28 41 50
20 67 20 55 67
7 83 7 14 42 51 80 81 83
15 78 15 26 28 41 57 78
3 88 3 30 44 79 88
4 77 4 30 44 55 58 77
16 81 16 29 48 75 80 81
22 58 22 43 44 55 58
35 77 35 39 58 77
30 44 30 44
13 81 13 28 41 70 81
2 51 2 33 51
8 64 8 28 35 59 64
30 52 30 48 52
18 52 18 22 31 43 52
8 41 8 41
13 86 13 28 64 86
30 48 30 48
9 84 9 20 55 84
37 80 37 52 80
39 89 39 58 77 89
15 58 15 26 28 35 39 58
2 32 2 23 32
20 55 20 55
14 72 14 25 62 72
41 83 41 70 81 83
18 77 18 22 31 43 52 77
2 82 2 56 64 71 82
35 73 35 39 58 67 73
21 58 21 58
39 58 39 58
1 59 1 37 59
8 55 8 9 20 55
42 51 42 51
23 73 23 37 51 67 73
31 67 31 43 44 55 67
28 48 28 37 48
31 55 31 43 44 55
7 55 7 43 44 55
2 33 2 33
20 86 20 55 58 67 72 86
19 80 19 43 52 80
18 89 18 59 89
13 55 13 20 55
27 55 27 44 55
72 86 72 86
15 41 15 26 28 41
6 75 6 37 48 75
26 73 26 28 35 39 58 67 73
2 73 2 33 51 67 73
39 67 39 58 67
15 41 15 26 28 41
30 73 30 44 55 58 67 73
11 88 11 88
22 72 22 43 44 55 58 67 72
3 73 3 9 20 39 58 67 73
18 20 18 20
3 75 3 30 48 75
8 70 8 41 70
18 20 18 20
8 48 8 28 37 48
39 88 39 58 67 72 88
23 66 23 66
35 58 35 39 58
3 71 3 37 51 59 64 71
7 81 7 14 25 33 51 80 81
28 71 28 37 48 52 71
34 52 34 48 52
11 64 11 59 64
72 86 72 86
7 80 7 43 52 80
8 73 8 28 37 51 67 73
31 55 31 43 44 55
19 72 19 43 44 55 58 67 72
4 80 4 30 34 48 75 80
34 75 34 48 75
2 72 2 23 37 49 72
27 79 27 44 79
1 20 1 2 9 20
31 77 31 43 52 77
14 41 14 28 41
1 86 1 7 43 44 55 67 72 86
3 89 3 27 44 55 58 77 89
6 84 6 31 43 44 55 84
41 83 41 70 81 83
23 67 23 37 51 67
33 81 33 51 80 81
2 77 2 23 66 77
6 80 6 16 29 48 52 80
14 89 14 59 89
23 86 23 37 52 64 86
72 86 72 86
4 59 4 23 37 51 59
14 77 14 34 48 52 77
15 51 15 26 42 51
15 63 15 26 28 41 63
6 73 6 16 35 39 58 67 73
13 50 13 26 28 41 50
58 73 58 67 73
8 77 8 28 37 48 52 77
58 86 58 67 72 86
20 84 20 55 84
4 58 4 30 44 55 58
14 64 14 59 64
27 83 27 44 79 83
58 73 58 67 73
4 51 4 23 37 51
18 64 18 20 56 64
14 59 14 25 33 51 59
21 37 21 26 28 37
14 57 14 28 41 57
4 59 4 23 37 59
21 63 21 26 28 41 57 63
7 52 7 14 28 37 48 52
8 81 8 41 70 81
11 86 11 59 64 86
27 79 27 79
33 61 33 61
13 29 13 29
13 48 13 28 37 48
22 58 22 43 44 55 58
2 84 2 9 20 55 84
42 71 42 51 59 64 71
25 61 25 33 61
1 48 1 7 14 28 37 48
23 32 23 32
41 83 41 70 81 83
21 57 21 26 28 41 57
42 88 42 51 67 72 88
59 86 59 64 86
2 52 2 23 37 52
21 67 21 58 67
28 59 28 37 59
6 81 6 16 29 48 75 80 81
3 51 3 37 51
3 80 3 30 48 52 80
7 67 7 43 44 55 58 67
21 59 21 42 51 59
3 80 3 30 48 75 80
34 80 34 48 75 80
51 73 51 67 73
3 58 3 9 20 55 58
19 55 19 43 44 55
13 29 13 29
43 81 43 52 80 81
43 71 43 52 64 71
39 88 39 58 67 72 88
64 71 64 71
33 67 33 51 67
4 48 4 23 37 48
3 27 3 27
18 89 18 22 43 52 77 89
18 58 18 20 39 58
1 64 1 7 64
28 41 28 41
6 79 6 31 43 44 79
14 89 14 34 79 84 89
30 73 30 44 55 67 73
13 80 13 28 37 51 80
2 80 2 23 37 52 80
28 88 28 41 49 72 88
25 81 25 33 51 80 81
35 82 35 39 58 67 82
20 86 20 39 58 67 72 86
34 71 34 48 52 64 71
28 50 28 41 50
25 71 25 35 59 64 71
6 81 6 31 43 52 80 81
42 59 42 51 59
2 88 2 23 37 48 75 88
8 83 8 28 37 51 80 81 83
30 52 30 48 52
19 55 19 43 44 55
19 84 19 43 44 55 84
25 86 25 35 59 64 86
13 86 13 29 48 52 64 86
8 37 8 28 37
25 79 25 79
31 84 31 43 44 79 84
43 44 43 44
15 82 15 30 48 75 82
37 48 37 48
28 78 28 41 57 78
1 9 1 2 9
4 79 4 30 44 79
3 83 3 27 44 79 83
16 48 16 29 48
30 83 30 44 79 83
16 86 16 35 39 58 67 72 86
6 80 6 31 43 52 80
19 84 19 43 44 79 84
14 81 14 34 48 75 80 81
15 60 15 26 28 41 50 60
41 86 41 49 72 86
6 52 6 16 29 48 52
28 70 28 41 70
4 77 4 23 37 48 52 77
28 88 28 35 39 58 67 72 88
6 55 6 31 43 44 55
13 29 13 29
27 67 27 44 55 58 67
25 71 25 33 51 59 64 71
33 83 33 51 80 81 83
2 81 2 33 51 80 81
18 75 18 22 34 48 75
19 84 19 43 44 79 84
8 80 8 28 37 51 80
25 81 25 33 51 80 81
4 37 4 23 37
23 80 23 37 52 80
3 72 3 27 44 55 58 67 72
4 48 4 30 34 48
23 75 23 37 48 75
8 63 8 28 41 57 63
8 70 8 41 70
35 59 35 59
8 81 8 28 41 70 81
13 75 13 28 37 48 75
1 86 1 2 33 51 86
28 41 28 41
33 86 33 49 72 86
4 23 4 23
30 79 30 34 79
25 79 25 79
1 41 1 7 14 28 41
3 44 3 30 44
85 88 85 88
22 83 22 31 43 52 80 81 83
30 80 30 48 75 80
11 71 11 59 64 71
39 89 39 58 77 89
43 71 43 52 71
14 25 14 25
3 84 3 9 20 55 84
4 34 4 30 34
30 80 30 48 75 80
2 61 2 33 61
21 72 21 26 28 37 51 67 72
30 73 30 44 55 58 67 73
2 61 2 33 61
27 73 27 44 55 58 67 73
43 79 43 44 79
18 89 18 59 89
21 77 21 58 77
43 84 43 44 84
2 37 2 23 37
13 73 13 20 39 58 67 73
7 61 7 14 25 33 61
34 52 34 48 52
42 83 42 51 80 81 83
21 77 21 58 77
28 51 28 37 51
1 89 1 39 58 77 89
18 88 18 22 34 48 75 88
19 52 19 43 52
9 55 9 20 55
15 71 15 22 43 52 64 71
4 55 4 30 44 55
22 88 22 34 79 88
1 82 1 7 43 44 55 67 82
33 80 33 51 80
72 86 72 86
7 80 7 14 28 37 51 80
14 73 14 25 35 39 58 67 73
34 75 34 48 75
19 72 19 43 44 55 67 72
1 9 1 2 9
26 50 26 28 41 50
14 78 14 25 33 78
1 25 1 7 14 25
2 9 2 9
3 27 3 27
14 52 14 34 48 52
28 52 28 37 52
8 77 8 9 20 55 58 77
43 52 43 52
9 55 9 20 55
27 67 27 44 55 67
26 48 26 28 37 48
2 64 2 56 64
14 75 14 34 48 75
15 41 15 26 28 41
1 67 1 7 43 44 55 67
6 80 6 31 43 52 80
42 51 42 51
28 63 28 41 63
3 20 3 9 20
1 34 1 7 14 34
18 20 18 20
15 52 15 26 28 37 48 52
25 67 25 33 51 67
8 20 8 9 20
8 37 8 28 37
18 82 18 59 64 71 82
43 84 43 44 55 84
8 55 8 9 20 55
19 81 19 43 52 80 81
14 77 14 34 48 52 77
28 77 28 35 39 58 77
35 82 35 39 58 67 82
22 82 22 31 43 52 71 82
41 50 41 50
6 48 6 37 48
42 88 42 51 67 72 88
25 84 25 79 84
1 37 1 37
7 80 7 14 28 37 48 75 80
7 80 7 43 52 80
37 86 37 48 52 64 86
22 64 22 31 56 64
19 77 19 43 44 55 58 77
21 57 21 26 28 41 57
14 78 14 28 41 57 78
31 55 31 43 44 55
26 81 26 42 51 80 81
51 71 51 59 64 71
15 82 15 22 43 44 55 58 67 82
58 86 58 67 72 86
27 84 27 44 55 84
42 51 42 51
35 59 35 59
13 75 13 26 28 37 48 75
43 71 43 52 71
16 52 16 29 48 52
26 73 26 28 35 39 58 67 73
11 89 11 59 89
13 80 13 28 37 51 80
27 44 27 44
6 29 6 16 29
28 37 28 37
18 55 18 20 55
19 88 19 43 44 79 88
41 83 41 70 81 83
26 86 26 28 41 49 72 86
30 75 30 34 48 75
15 81 15 30 34 48 52 80 81
9 86 9 62 72 86
4 55 4 30 44 55
1 51 1 7 14 25 33 51
8 41 8 41
34 86 34 59 64 86
27 86 27 44 55 67 72 86
7 84 7 43 44 55 84
21 51 21 42 51
14 37 14 28 37
27 73 27 44 55 67 73
2 9 2 9
42 88 42 51 67 72 88
30 73 30 44 55 58 67 73
13 84 13 20 55 84
3 78 3 9 20 40 78
37 52 37 52
14 61 14 25 33 61
13 50 13 28 41 50
21 59 21 26 42 51 59
30 44 30 44
28 58 28 35 39 58
34 81 34 48 52 80 81
30 86 30 44 55 58 67 72 86
13 80 13 26 42 51 80
25 71 25 35 59 64 71
15 79 15 22 34 79
20 86 20 56 64 86
7 86 7 57 72 86
1 7 1 7
15 77 15 30 34 48 52 77
28 67 28 37 51 67
3 59 3 30 34 59
4 79 4 30 44 79
23 86 23 37 48 52 64 86
43 67 43 44 55 58 67
22 89 22 43 44 79 84 89
1 48 1 37 48
38 89 38 89
18 48 18 22 34 48
11 82 11 59 64 71 82
28 89 28 77 89
30 52 30 48 52
14 77 14 25 35 39 58 77
2 73 2 33 51 67 73
4 78 4 23 66 78
3 71 3 64 71
7 71 7 14 59 64 71
30 52 30 34 48 52
3 37 3 37
2 78 2 33 78
31 44 31 43 44
3 34 3 30 34
18 86 18 22 34 86
1 78 1 78
1 23 1 2 23
51 86 51 59 64 86
42 72 42 62 72
14 63 14 25 63
28 58 28 35 39 58
19 80 19 43 52 80
39 82 39 58 67 82
18 82 18 59 64 71 82
25 79 25 79
42 89 42 51 59 89
27 83 27 79 83
16 73 16 35 39 58 67 73
43 79 43 44 79
43 73 43 44 55 67 73
33 73 33 51 67 73
21 26 21 26
40 78 40 78
26 52 26 28 37 52
1 80 1 7 14 42 51 80
1 86 1 13 20 56 64 86
42 89 42 51 59 89
43 83 43 44 79 83
18 78 18 20 40 78
3 77 3 37 77
4 83 4 23 37 51 80 81 83
8 64 8 9 20 56 64
16 29 16 29
30 86 30 34 86
2 83 2 23 37 52 80 81 83
3 59 3 37 51 59
31 82 31 43 44 55 58 67 82
38 89 38 89
20 67 20 55 58 67
14 58 14 25 35 39 58
15 52 15 26 28 37 52
15 57 15 26 28 41 57
13 75 13 26 28 37 48 75
19 88 19 43 44 55 67 72 88
64 71 64 71
23 81 23 37 51 80 81
43 73 43 44 55 67 73
42 59 42 51 59
14 60 14 28 41 50 60
37 52 37 52
30 67 30 44 55 67
41 81 41 70 81
14 51 14 28 37 51
15 71 15 22 34 48 52 64 71
43 81 43 52 80 81
1 34 1 7 14 34
28 51 28 37 51
7 80 7 43 52 80
20 55 20 55
6 67 6 31 43 44 55 58 67
37 67 37 51 67
6 48 6 16 29 48
1 26 1 13 26
16 48 16 29 48
15 71 15 30 34 59 64 71
18 34 18 22 34
9 67 9 20 39 58 67
30 52 30 34 48 52
6 55 6 31 43 44 55
14 67 14 25 35 39 58 67
43 52 43 52
8 37 8 28 37
15 88 15 30 34 79 88
18 48 18 22 34 48
21 88 21 58 67 72 88
13 71 13 26 28 37 59 64 71
16 80 16 29 48 75 80
7 48 7 14 28 37 48
3 79 3 27 79
20 71 20 56 64 71
7 81 7 14 42 51 80 81
25 71 25 35 59 64 71
18 34 18 22 34
14 64 14 59 64
26 48 26 28 37 48
15 44 15 22 31 43 44
1 59 1 13 26 42 51 59
4 58 4 30 44 55 58
18 58 18 22 43 44 55 58
6 79 6 31 43 44 79
35 71 35 59 64 71
16 52 16 29 48 52
19 77 19 43 44 55 58 77
26 50 26 28 41 50
28 73 28 37 51 67 73
18 73 18 20 55 67 73
56 86 56 64 86
18 80 18 22 43 52 80
13 48 13 26 28 37 48
15 70 15 26 28 41 70
43 55 43 44 55
35 64 35 59 64
4 37 4 23 37
16 81 16 29 48 52 80 81
16 75 16 29 48 75
72 86 72 86
23 73 23 37 51 67 73
2 78 2 9 20 40 78
31 77 31 43 44 55 58 77
14 72 14 28 35 39 58 67 72
26 75 26 28 37 48 75
13 52 13 28 37 48 52
6 44 6 31 43 44
30 81 30 34 48 52 80 81
26 80 26 28 37 51 80
8 20 8 9 20
3 59 3 37 59
8 83 8 28 37 52 80 81 83
34 80 34 48 52 80
23 81 23 37 48 52 80 81
7 75 7 14 28 37 48 75
6 73 6 16 35 39 58 67 73
27 67 27 44 55 58 67
21 63 21 26 28 41 63
3 51 3 37 51
3 30 3 30
8 80 8 28 37 52 80
6 29 6 16 29
35 89 35 59 89
23 81 23 37 48 52 80 81
11 64 11 59 64
27 55 27 44 55
15 50 15 26 28 41 50
43 86 43 44 55 58 67 72 86
9 84 9 20 55 84
22 52 22 34 48 52
3 77 3 9 20 39 58 77
1 70 1 7 14 28 41 70
15 81 15 22 34 48 75 80 81
9 71 9 20 56 64 71
7 80 7 14 28 37 48 75 80
2 78 2 78
23 71 23 37 48 52 71
1 70 1 7 14 28 41 70
28 63 28 41 57 63
8 81 8 28 37 48 52 80 81
15 64 15 22 34 48 52 64
49 72 49 72
3 82 3 9 71 82
8 75 8 28 37 48 75
26 50 26 28 41 50
22 80 22 31 43 52 80
14 34 14 34
2 64 2 33 51 59 64
18 59 18 22 34 59
30 80 30 34 48 75 80
26 52 26 28 37 52
14 59 14 34 59
4 52 4 30 48 52
43 86 43 44 55 67 72 86
35 58 35 39 58
21 82 21 42 51 67 82
4 73 4 30 44 55 67 73
19 71 19 43 52 64 71
15 41 15 26 28 41
7 71 7 14 59 64 71
31 43 31 43
18 77 18 22 43 44 55 58 77
4 59 4 23 37 51 59
28 88 28 41 49 72 88
8 78 8 9 20 40 78
37 52 37 48 52
34 52 34 48 52
14 63 14 28 41 57 63
42 89 42 51 59 89
1 58 1 39 58
21 86 21 58 67 72 86
16 52 16 29 48 52
21 81 21 42 51 80 81
8 50 8 28 41 50
3 59 3 37 59
18 88 18 22 34 79 88
2 78 2 78
43 84 43 44 55 84
33 67 33 51 67
7 84 7 43 44 55 84
16 81 16 29 48 75 80 81
37 48 37 48
35 88 35 39 58 67 72 88
18 82 18 22 43 44 55 58 67 82
42 67 42 51 67
19 81 19 43 52 80 81
3 77 3 27 44 55 58 77
40 78 40 78
51 73 51 67 73
16 67 16 35 39 58 67
19 88 19 43 44 79 88
21 83 21 42 51 80 81 83
72 86 72 86
6 55 6 31 43 44 55
3 78 3 27 78
43 80 43 52 80
8 9 8 9
6 86 6 86
6 83 6 37 52 80 81 83
8 89 8 28 37 51 59 89
2 58 2 9 20 55 58
27 79 27 44 79
23 52 23 37 48 52
3 72 3 37 72
19 79 19 43 44 79
7 50 7 14 28 41 50
23 73 23 37 51 67 73
8 50 8 28 41 50
20 71 20 56 64 71
15 34 15 30 34
11 59 11 59
4 88 4 23 37 51 67 72 88
42 82 42 51 67 82
18 55 18 22 43 44 55
14 52 14 28 37 48 52
16 83 16 29 48 52 80 81 83
14 51 14 28 37 51
9 67 9 20 55 67
21 64 21 42 51 59 64
4 55 4 30 44 55
4 30 4 30
3 64 3 37 51 59 64
14 67 14 25 33 51 67
7 86 7 64 86
23 86 23 37 72 86
2 51 2 23 37 51
4 81 4 23 37 48 52 80 81
14 58 14 28 35 39 58
15 71 15 26 28 37 52 71
30 75 30 48 75
39 58 39 58
21 59 21 42 51 59
16 29 16 29
15 57 15 26 28 41 57
37 80 37 51 80
18 52 18 22 31 43 52
23 81 23 37 48 75 80 81
30 79 30 34 79
20 67 20 55 67
33 83 33 51 80 81 83
15 51 15 26 28 37 51
7 81 7 14 42 51 80 81
42 89 42 51 59 89
4 89 4 30 48 52 77 89
3 81 3 30 48 75 80 81
26 75 26 28 37 48 75
1 86 1 39 58 67 72 86
2 89 2 33 51 59 89
30 48 30 48
28 57 28 41 57
35 88 35 39 58 67 72 88
4 89 4 23 37 51 59 89
8 72 8 28 41 49 72
14 60 14 28 41 50 60
28 58 28 35 39 58
4 58 4 30 44 55 58
6 44 6 31 43 44
2 64 2 33 51 59 64
15 63 15 26 28 41 63
18 82 18 20 55 58 67 82
18 75 18 22 34 48 75
13 67 13 20 55 58 67
1 9 1 2 9
25 67 25 33 51 67
3 86 3 30 34 86
21 26 21 26
35 59 35 59
25 67 25 35 39 58 67
28 88 28 35 39 58 67 72 88
41 83 41 70 81 83
14 79 14 34 79
1 79 1 7 43 44 79
18 86 18 22 34 86
33 81 33 51 80 81
2 72 2 9 62 72
25 73 25 35 39 58 67 73
23 75 23 37 48 75
3 58 3 9 20 55 58
15 82 15 22 43 52 64 71 82
13 67 13 26 42 51 67
4 70 4 70
8 82 8 28 64 82
37 86 37 59 64 86
39 82 39 58 67 82
22 81 22 43 52 80 81
37 67 37 51 67
21 41 21 26 28 41
31 83 31 43 52 80 81 83
1 77 1 37 52 77
31 64 31 43 52 64
14 73 14 25 35 39 58 67 73
7 81 7 14 42 51 80 81
8 88 8 62 72 88
56 71 56 64 71
2 33 2 33
6 75 6 16 29 48 75
41 83 41 70 81 83
16 86 16 35 39 58 67 72 86
3 80 3 30 48 52 80
28 48 28 37 48
1 33 1 2 33
15 78 15 26 28 41 57 78
35 72 35 39 58 67 72
3 73 3 9 20 55 58 67 73
26 83 26 28 37 52 80 81 83
23 81 23 37 48 75 80 81
21 41 21 26 28 41
22 59 22 34 59
4 67 4 23 37 51 67
19 64 19 43 52 64
34 79 34 79
22 73 22 43 44 55 67 73
15 75 15 22 34 48 75
31 83 31 43 44 79 83
39 67 39 58 67
13 80 13 28 37 51 80
2 77 2 9 20 39 58 77
23 73 23 37 51 67 73
14 88 14 25 33 62 72 88
25 81 25 33 51 80 81
18 89 18 20 55 58 77 89
11 71 11 59 64 71
21 37 21 26 28 37
20 84 20 55 84
33 71 33 51 59 64 71
14 77 14 34 48 52 77
26 48 26 28 37 48
26 67 26 42 51 67
35 64 35 59 64
6 71 6 37 48 52 64 71
11 86 11 59 64 86
6 71 6 37 59 64 71
39 67 39 58 67
14 77 14 28 37 77
8 80 8 28 37 52 80
43 44 43 44
23 52 23 37 52
30 75 30 48 75
2 89 2 23 37 59 89
25 84 25 79 84
8 48 8 28 37 48
15 63 15 26 28 41 63
14 78 14 28 41 57 78
43 84 43 44 84
3 86 3 64 86
35 89 35 59 89
2 48 2 23 37 48
70 81 70 81
15 79 15 30 44 79
19 72 19 43 44 55 67 72
42 72 42 51 67 72
42 86 42 51 59 64 86
2 59 2 23 37 59
22 34 22 34
16 52 16 29 48 52
21 37 21 26 28 37
4 71 4 23 37 51 59 64 71
13 52 13 28 37 48 52
30 84 30 34 79 84
14 80 14 34 48 75 80
21 57 21 26 28 41 57
26 50 26 28 41 50
51 86 51 86
28 75 28 37 48 75
28 64 28 35 59 64
22 64 22 31 43 52 64
3 64 3 30 48 52 64
14 64 14 42 51 59 64
15 57 15 26 28 41 57
35 89 35 59 89
4 58 4 30 44 55 58
21 64 21 42 51 59 64
57 86 57 72 86
8 52 8 28 37 48 52
1 25 1 7 14 25
38 89 38 89
31 83 31 43 44 79 83
33 73 33 51 67 73
21 57 21 26 28 41 57
6 71 6 31 43 52 71
25 67 25 33 51 67
8 20 8 9 20
8 64 8 28 64
15 43 15 22 31 43
7 86 7 14 28 41 49 72 86
59 71 59 64 71
34 84 34 79 84
19 89 19 38 89
51 67 51 67
33 83 33 51 80 81 83
8 51 8 28 37 51
6 80 6 31 43 52 80
15 75 15 22 34 48 75
3 77 3 9 20 55 58 77
22 44 22 31 43 44
23 67 23 37 51 67
1 20 1 13 20
15 59 15 30 34 59
39 88 39 58 67 72 88
20 71 20 56 64 71
43 44 43 44
6 48 6 37 48
14 57 14 28 41 57
20 55 20 55
23 83 23 37 51 80 81 83
1 57 1 7 14 28 41 57
18 34 18 22 34
4 51 4 23 37 51
43 83 43 52 80 81 83
37 48 37 48
4 23 4 23
3 81 3 30 34 48 52 80 81
7 79 7 43 44 79
35 88 35 39 58 67 72 88
43 80 43 52 80
30 48 30 48
15 57 15 26 28 41 57
16 52 16 29 48 52
19 81 19 43 52 80 81
43 73 43 44 55 67 73
3 84 3 30 44 84
13 55 13 20 55
43 73 43 44 55 67 73
9 73 9 20 39 58 67 73
9 71 9 71
30 55 30 44 55
43 81 43 52 80 81
34 84 34 79 84
41 81 41 70 81
14 52 14 28 37 48 52
7 44 7 43 44
26 50 26 28 41 50
14 51 14 42 51
18 73 18 22 43 44 55 58 67 73
35 88 35 39 58 67 72 88
33 80 33 51 80
25 73 25 35 39 58 67 73
42 82 42 51 67 82
15 88 15 26 28 41 49 72 88
1 79 1 7 43 44 79
15 48 15 30 48
6 52 6 16 29 48 52
1 88 1 2 23 49 72 88
31 58 31 43 44 55 58
23 71 23 37 52 71
42 67 42 51 67
28 50 28 41 50
6 67 6 16 35 39 58 67
28 51 28 37 51
42 51 42 51
21 81 21 26 28 41 70 81
51 67 51 67
27 55 27 44 55
30 86 30 48 52 64 86
4 34 4 30 34
11 64 11 59 64
35 82 35 59 64 82
30 55 30 44 55
15 70 15 26 28 41 70
8 83 8 41 70 81 83
16 48 16 29 48
25 80 25 33 51 80
8 78 8 9 20 40 78
4 58 4 30 44 55 58
25 71 25 35 59 64 71
13 55 13 20 55
34 79 34 79
13 55 13 20 55
25 71 25 35 59 64 71
34 71 34 59 64 71
23 83 23 37 51 80 81 83
1 83 1 2 33 51 80 81 83
28 41 28 41
23 86 23 49 72 86
22 52 22 34 48 52
13 29 13 29
42 88 42 51 67 72 88
2 86 2 56 64 86
1 63 1 7 57 63
13 75 13 29 48 75
35 72 35 39 58 67 72
15 89 15 30 44 84 89
33 71 33 51 59 64 71
18 88 18 20 88
4 88 4 49 72 88
42 80 42 51 80
49 72 49 72
14 64 14 42 51 59 64
15 64 15 30 48 52 64
8 71 8 9 20 56 64 71
21 82 21 26 42 51 59 64 71 82
7 55 7 43 44 55
39 82 39 58 67 82
19 79 19 43 44 79
22 52 22 31 43 52
20 71 20 56 64 71
42 83 42 51 80 81 83
2 78 2 78
6 73 6 31 43 44 55 67 73
18 89 18 22 31 43 44 84 89
42 59 42 51 59
42 80 42 51 80
16 73 16 35 39 58 67 73
18 43 18 22 31 43
22 86 22 43 44 55 67 72 86
28 72 28 35 39 58 67 72
14 37 14 28 37
8 57 8 28 41 57
18 43 18 22 31 43
19 64 19 56 64
25 67 25 33 51 67
3 77 3 30 34 48 52 77
8 77 8 28 35 39 58 77
15 59 15 30 34 59
70 83 70 81 83
8 75 8 28 37 48 75
28 57 28 41 57
1 70 1 13 26 28 41 70
1 73 1 2 33 51 67 73
31 43 31 43
49 88 49 72 88
57 86 57 72 86
16 67 16 35 39 58 67
2 59 2 33 51 59
28 51 28 37 51
8 77 8 9 20 55 58 77
3 75 3 30 34 48 75
8 80 8 28 37 51 80
25 80 25 33 51 80
58 86 58 67 72 86
13 73 13 28 37 51 67 73
4 70 4 70
15 71 15 26 28 64 71
11 88 11 88
7 71 7 14 34 48 52 64 71
26 71 26 42 51 59 64 71
23 81 23 37 48 75 80 81
25 61 25 33 61
39 86 39 58 67 72 86
6 44 6 31 43 44
8 50 8 41 50
8 57 8 41 57
14 60 14 28 41 50 60
8 88 8 9 20 88
70 83 70 81 83
21 48 21 26 28 37 48
31 77 31 43 44 55 58 77
62 72 62 72
19 77 19 43 44 55 58 77
30 75 30 34 48 75
19 89 19 43 52 77 89
51 67 51 67
42 72 42 51 67 72
8 72 8 28 35 39 58 67 72
41 86 41 57 72 86
3 86 3 37 51 59 64 86
4 75 4 30 48 75
2 9 2 9
43 83 43 44 79 83
28 73 28 35 39 58 67 73
1 83 1 13 29 48 52 80 81 83
43 84 43 44 79 84
30 52 30 48 52
59 86 59 64 86
7 50 7 14 28 41 50
23 80 23 37 52 80
1 29 1 13 29
8 9 8 9
14 34 14 34
22 89 22 31 43 44 55 84 89
22 43 22 43
13 84 13 20 55 84
33 83 33 51 80 81 83
23 66 23 66
6 79 6 31 43 44 79
14 67 14 42 51 67
42 67 42 51 67
16 67 16 35 39 58 67
30 80 30 48 52 80
15 41 15 26 28 41
2 81 2 23 37 52 80 81
42 80 42 51 80
16 83 16 29 48 52 80 81 83
8 60 8 28 41 50 60
1 77 1 37 48 52 77
15 82 15 26 28 82
22 88 22 43 44 79 88
23 48 23 37 48
22 86 22 43 44 55 67 72 86
15 64 15 26 28 37 51 59 64
23 67 23 37 51 67
30 75 30 48 75
8 20 8 9 20
27 44 27 44
37 75 37 48 75
25 86 25 35 59 64 86
58 86 58 67 72 86
43 71 43 52 71
28 63 28 41 63
41 83 41 70 81 83
18 84 18 22 31 43 44 84
4 51 4 23 37 51
21 78 21 26 28 41 57 78
26 52 26 28 37 48 52
27 55 27 44 55
43 71 43 52 64 71
18 48 18 22 34 48
2 23 2 23
7 86 7 43 52 64 86
26 71 26 28 35 59 64 71
25 81 25 33 51 80 81
37 83 37 52 80 81 83
3 30 3 30
39 82 39 58 67 82
8 84 8 9 20 55 84
8 59 8 28 37 59
30 86 30 48 52 64 86
19 44 19 43 44
51 73 51 67 73
3 82 3 27 44 55 67 82
6 81 6 37 52 80 81
1 72 1 39 58 67 72
35 71 35 59 64 71
13 55 13 20 55
1 58 1 2 9 20 39 58
13 71 13 28 37 52 64 71
62 88 62 72 88
1 89 1 89
21 89 21 26 28 35 39 58 77 89
22 82 22 31 43 44 55 58 67 82
42 64 42 51 59 64
3 44 3 30 44
42 80 42 51 80
1 55 1 13 20 55
1 51 1 13 26 42 51
19 43 19 43
7 67 7 43 44 55 58 67
16 80 16 29 48 52 80
19 80 19 43 52 80
37 75 37 48 75
41 86 41 49 72 86
1 9 1 2 9
9 67 9 20 55 67
23 73 23 37 51 67 73
33 81 33 51 80 81
26 73 26 28 37 51 67 73
34 80 34 48 52 80
2 59 2 33 51 59
25 61 25 33 61
18 55 18 20 55
1 89 1 89
31 77 31 43 44 55 58 77
22 64 22 43 52 64
1 32 1 2 23 32
11 64 11 59 64
26 75 26 28 37 48 75
13 81 13 28 41 70 81
1 64 1 13 26 28 37 48 52 64
35 77 35 39 58 77
3 30 3 30
7 71 7 14 34 48 52 64 71
42 59 42 51 59
43 55 43 44 55
70 81 70 81
30 44 30 44
19 67 19 43 44 55 67
42 86 42 51 67 72 86
8 77 8 9 20 55 58 77
2 89 2 23 66 77 89
31 83 31 43 52 80 81 83
18 75 18 22 34 48 75
22 34 22 34
16 81 16 29 48 75 80 81
22 43 22 31 43
3 86 3 37 49 72 86
21 60 21 26 28 41 50 60
3 20 3 9 20
28 51 28 37 51
15 77 15 22 43 52 77
6 83 6 31 43 44 79 83
7 75 7 14 28 37 48 75
2 84 2 9 20 55 84
34 75 34 48 75
21 88 21 26 28 35 39 58 67 72 88
3 59 3 37 59
51 81 51 80 81
28 73 28 35 39 58 67 73
22 34 22 34
58 67 58 67
30 80 30 48 75 80
6 71 6 37 51 59 64 71
21 41 21 26 28 41
27 73 27 44 55 67 73
19 82 19 82
14 86 14 42 51 67 72 86
18 72 18 20 55 67 72
30 71 30 34 48 52 64 71
18 81 18 22 43 52 80 81
49 72 49 72
3 59 3 30 34 59
37 73 37 51 67 73
30 75 30 48 75
1 88 1 37 49 72 88
22 77 22 43 52 77
34 80 34 48 52 80
31 52 31 43 52
1 32 1 2 23 32
23 66 23 66
1 83 1 7 14 42 51 80 81 83
22 83 22 43 44 79 83
18 20 18 20
27 73 27 44 55 67 73
30 79 30 44 79
18 80 18 22 31 43 52 80
25 67 25 33 51 67
39 77 39 58 77
23 67 23 37 51 67
16 86 16 29 48 52 64 86
16 48 16 29 48
3 51 3 37 51
7 80 7 14 42 51 80
2 51 2 33 51
26 67 26 28 35 39 58 67
16 80 16 29 48 52 80
30 86 30 34 59 64 86
28 88 28 35 39 58 67 72 88
37 75 37 48 75
13 86 13 29 48 52 64 86
13 48 13 26 28 37 48
6 52 6 16 29 48 52
14 37 14 28 37
13 67 13 28 35 39 58 67
15 26 15 26
43 71 43 52 64 71
1 34 1 7 14 34
9 55 9 20 55
8 63 8 41 63
2 81 2 23 37 51 80 81
31 44 31 43 44
21 82 21 26 42 51 67 82
16 73 16 35 39 58 67 73
15 77 15 22 34 48 52 77
58 86 58 67 72 86
14 77 14 25 35 39 58 77
4 51 4 23 37 51
43 86 43 52 64 86
72 86 72 86
1 61 1 7 14 25 33 61
3 80 3 37 48 75 80
15 37 15 26 28 37
34 79 34 79
7 75 7 14 28 37 48 75
15 52 15 22 31 43 52
33 83 33 51 80 81 83
56 82 56 82
37 75 37 48 75
15 51 15 26 28 37 51
7 67 7 43 44 55 67
14 72 14 25 33 51 67 72
35 71 35 59 64 71
19 89 19 43 44 84 89
6 67 6 31 43 44 55 58 67
1 78 1 2 78
25 73 25 33 51 67 73
22 71 22 34 48 52 64 71
35 67 35 39 58 67
34 71 34 59 64 71
14 57 14 28 41 57
14 70 14 28 41 70
26 50 26 28 41 50
33 86 33 49 72 86
1 41 1 13 26 28 41
16 67 16 35 39 58 67
19 64 19 56 64
35 72 35 39 58 67 72
43 79 43 44 79
30 48 30 48
31 58 31 43 44 55 58
22 88 22 43 44 79 88
51 80 51 80
51 73 51 67 73
30 81 30 48 75 80 81
1 34 1 7 14 34
28 59 28 37 59
23 80 23 37 48 75 80
2 75 2 23 37 48 75
2 88 2 9 62 72 88
51 83 51 80 81 83
11 88 11 88
28 88 28 35 39 58 67 72 88
4 71 4 23 37 59 64 71
28 51 28 37 51
31 43 31 43
3 58 3 27 44 55 58
6 84 6 31 43 44 55 84
20 73 20 39 58 67 73
57 86 57 72 86
16 75 16 29 48 75
14 80 14 25 33 51 80
4 58 4 30 44 55 58
15 26 15 26
42 51 42 51
18 78 18 20 40 78
3 59 3 30 34 59
1 26 1 13 26
41 50 41 50
21 88 21 26 88
6 29 6 16 29
4 23 4 23
15 72 15 26 42 51 67 72
4 59 4 30 34 59
15 48 15 26 28 37 48
4 64 4 23 37 51 59 64
28 57 28 41 57
19 43 19 43
2 59 2 33 51 59
31 82 31 56 64 71 82
13 73 13 26 28 35 39 58 67 73
27 84 27 79 84
18 59 18 22 34 59
16 52 16 29 48 52
43 86 43 44 55 67 72 86
27 55 27 44 55
43 67 43 44 55 67
14 86 14 25 35 39 58 67 72 86
37 48 37 48
23 86 23 37 72 86
4 75 4 23 37 48 75
20 71 20 56 64 71
8 58 8 9 20 39 58
31 81 31 43 52 80 81
20 67 20 39 58 67
8 20 8 9 20
22 43 22 43
51 73 51 67 73
4 80 4 30 48 52 80
6 71 6 16 35 59 64 71
28 72 28 35 39 58 67 72
7 86 7 62 72 86
35 71 35 59 64 71
18 82 18 59 64 71 82
7 67 7 43 44 55 58 67
11 64 11 59 64
3 75 3 30 34 48 75
13 52 13 28 37 48 52
2 51 2 33 51
30 83 30 34 48 75 80 81 83
37 71 37 52 64 71
18 43 18 22 31 43
1 44 1 7 43 44
4 23 4 23
18 73 18 20 55 58 67 73
25 86 25 35 59 64 86
23 48 23 37 48
2 61 2 33 61
14 34 14 34
42 86 42 51 59 64 86
13 67 13 26 42 51 67
1 37 1 37
19 88 19 62 72 88
1 81 1 2 33 51 80 81
30 84 30 34 79 84
64 71 64 71
8 78 8 9 20 40 78
16 83 16 29 48 52 80 81 83
7 71 7 14 25 35 59 64 71
18 88 18 22 43 44 55 58 67 72 88
21 52 21 26 28 37 48 52
51 80 51 80
37 48 37 48
4 89 4 30 48 52 77 89
27 44 27 44
3 9 3 9
4 52 4 23 37 48 52
1 80 1 37 48 75 80
9 73 9 20 55 58 67 73
7 50 7 14 28 41 50
18 43 18 22 31 43
3 81 3 30 48 52 80 81
51 71 51 59 64 71
30 81 30 34 48 52 80 81
8 20 8 9 20
1 72 1 39 58 67 72
13 50 13 26 28 41 50
26 48 26 28 37 48
8 9 8 9
7 48 7 14 28 37 48
14 60 14 28 41 50 60
7 79 7 43 44 79
14 83 14 28 41 70 81 83
30 80 30 34 48 75 80
27 83 27 44 79 83
43 84 43 44 79 84
8 70 8 41 70
1 50 1 13 28 41 50
7 79 7 43 44 79
30 44 30 44
26 73 26 42 51 67 73
23 83 23 37 52 80 81 83
1 71 1 13 29 48 52 64 71
43 80 43 52 80
42 83 42 51 80 81 83
7 50 7 14 28 41 50
13 67 13 26 42 51 67
26 75 26 28 37 48 75
30 83 30 44 79 83
8 58 8 28 35 39 58
3 78 3 9 20 40 78
56 71 56 64 71
8 88 8 41 57 72 88
4 71 4 30 48 52 71
41 50 41 50
2 20 2 9 20
2 33 2 33
1 58 1 7 43 44 55 58
49 86 49 72 86
9 71 9 20 56 64 71
21 50 21 26 28 41 50
2 9 2 9
23 52 23 37 52
27 55 27 44 55
4 48 4 23 37 48
33 61 33 61
18 79 18 22 43 44 79
70 81 70 81
34 81 34 48 75 80 81
14 88 14 42 51 67 72 88
21 59 21 26 28 35 59
19 64 19 43 52 64
43 86 43 44 55 67 72 86
21 73 21 42 51 67 73
1 75 1 37 48 75
1 37 1 2 23 37
70 83 70 81 83
1 66 1 2 23 66
41 83 41 70 81 83
34 83 34 48 52 80 81 83
28 64 28 64
43 80 43 52 80
35 82 35 39 58 67 82
43 52 43 52
3 34 3 30 34
25 73 25 35 39 58 67 73
30 55 30 44 55
1 43 1 7 43
22 84 22 31 43 44 55 84
43 84 43 44 79 84
26 75 26 28 37 48 75
15 48 15 30 48
14 79 14 34 79
19 44 19 43 44
15 52 15 30 48 52
19 64 19 43 52 64
8 82 8 28 35 39 58 67 82
1 89 1 89
35 59 35 59
2 32 2 23 32
30 83 30 44 79 83
34 81 34 48 75 80 81
19 89 19 38 89
13 81 13 26 42 51 80 81
35 59 35 59
6 83 6 37 48 75 80 81 83
3 52 3 37 48 52
23 75 23 37 48 75
30 48 30 34 48
14 79 14 34 79
3 64 3 9 20 56 64
25 79 25 79
13 55 13 20 55
13 73 13 26 28 35 39 58 67 73
28 70 28 41 70
19 43 19 43
4 72 4 49 72
16 71 16 35 59 64 71
4 75 4 30 48 75
22 73 22 31 43 44 55 58 67 73
33 81 33 51 80 81
23 81 23 37 48 52 80 81
26 80 26 28 37 52 80
18 84 18 20 55 84
72 86 72 86
30 44 30 44
23 86 23 37 52 64 86
34 75 34 48 75
37 83 37 48 75 80 81 83
15 57 15 26 28 41 57
22 59 22 34 59
43 73 43 44 55 58 67 73
18 34 18 22 34
62 88 62 72 88
25 73 25 35 39 58 67 73
6 79 6 31 43 44 79
3 86 3 64 86
25 61 25 33 61
4 51 4 23 37 51
13 81 13 29 48 52 80 81
8 58 8 9 20 39 58
43 84 43 44 55 84
9 86 9 20 55 67 72 86
4 59 4 23 37 51 59
8 84 8 9 20 55 84
1 61 1 2 33 61
9 84 9 20 55 84
19 71 19 43 52 71
62 86 62 72 86
2 23 2 23
1 64 1 37 52 64
6 80 6 37 48 52 80
30 86 30 48 52 64 86
16 80 16 29 48 75 80
30 67 30 44 55 67
27 86 27 44 55 58 67 72 86
41 81 41 70 81
13 29 13 29
1 67 1 2 9 20 55 58 67
27 55 27 44 55
19 89 19 43 52 77 89
58 73 58 67 73
34 86 34 86
3 9 3 9
22 84 22 31 43 44 84
2 33 2 33
39 82 39 58 67 82
1 83 1 13 26 28 37 51 80 81 83
8 83 8 28 37 48 52 80 81 83
30 75 30 48 75
19 58 19 43 44 55 58
7 61 7 14 25 33 61
35 89 35 59 89
58 73 58 67 73
30 52 30 34 48 52
15 64 15 26 28 37 48 52 64
27 73 27 44 55 67 73
2 20 2 9 20
34 80 34 48 52 80
1 86 1 49 72 86
28 71 28 37 59 64 71
42 89 42 51 59 89
4 79 4 30 44 79
30 44 30 44
11 82 11 59 64 71 82
13 80 13 26 28 37 52 80
64 71 64 71
4 30 4 30
1 84 1 7 43 44 55 84
41 86 41 49 72 86
35 89 35 39 58 77 89
13 55 13 20 55
34 81 34 48 75 80 81
30 71 30 48 52 71
31 43 31 43
2 32 2 23 32
23 75 23 37 48 75
19 64 19 43 52 64
18 89 18 22 43 52 77 89
42 82 42 51 59 64 82
21 83 21 26 28 37 52 80 81 83
21 57 21 26 28 41 57
13 83 13 26 42 51 80 81 83
16 80 16 29 48 75 80
25 83 25 79 83
8 83 8 28 37 52 80 81 83
6 73 6 31 43 44 55 58 67 73
19 79 19 43 44 79
33 61 33 61
15 63 15 26 28 41 63
18 43 18 22 43
34 84 34 79 84
39 88 39 58 67 72 88
28 60 28 41 50 60
8 70 8 41 70
35 77 35 39 58 77
27 79 27 44 79
13 50 13 26 28 41 50
4 89 4 30 48 52 77 89
9 55 9 20 55
23 66 23 66
15 51 15 26 28 37 51
18 59 18 22 34 59
28 89 28 35 59 89
18 59 18 22 34 59
2 77 2 23 66 77
25 79 25 79
30 55 30 44 55
16 80 16 29 48 75 80
16 48 16 29 48
25 61 25 33 61
40 78 40 78
27 86 27 44 55 58 67 72 86
31 72 31 43 44 55 67 72
7 84 7 43 44 79 84
28 70 28 41 70
6 80 6 31 43 52 80
7 81 7 43 52 80 81
1 23 1 2 23
1 67 1 7 43 44 55 67
23 66 23 66
22 64 22 34 59 64
9 55 9 20 55
7 50 7 14 28 41 50
8 20 8 9 20
22 72 22 43 44 55 58 67 72
22 34 22 34
34 84 34 79 84
15 58 15 26 28 35 39 58
7 67 7 43 44 55 58 67
2 37 2 23 37
1 51 1 37 51
30 48 30 48
4 59 4 23 37 51 59
27 67 27 44 55 58 67
37 81 37 51 80 81
21 26 21 26
13 80 13 28 37 51 80
26 67 26 28 37 51 67
18 58 18 22 31 43 44 55 58
2 37 2 23 37
42 51 42 51
8 89 8 9 20 55 84 89
4 80 4 23 37 48 52 80
35 64 35 59 64
42 88 42 62 72 88
16 83 16 29 48 52 80 81 83
21 41 21 26 28 41
30 67 30 44 55 67
1 23 1 2 23
7 44 7 43 44
13 29 13 29
2 78 2 78
15 67 15 22 31 43 44 55 58 67
33 67 33 51 67
4 72 4 49 72
11 88 11 88
30 44 30 44
42 64 42 51 59 64
22 48 22 34 48
30 80 30 48 75 80
3 27 3 27
49 86 49 72 86
26 67 26 28 37 51 67
28 58 28 35 39 58
70 81 70 81
33 81 33 51 80 81
7 80 7 14 42 51 80
21 41 21 26 28 41
2 9 2 9
4 58 4 30 44 55 58
21 88 21 58 67 72 88
4 23 4 23
6 29 6 16 29
18 59 18 22 34 59
37 52 37 48 52
57 86 57 72 86
25 84 25 79 84
13 83 13 83
42 88 42 51 67 72 88
34 79 34 79
19 83 19 43 52 80 81 83
7 67 7 14 25 35 39 58 67
4 80 4 23 37 51 80
34 48 34 48
14 71 14 34 48 52 64 71
16 48 16 29 48
15 84 15 30 34 79 84
6 79 6 31 43 44 79
3 44 3 30 44
4 23 4 23
23 67 23 37 51 67
15 64 15 30 48 52 64
51 83 51 80 81 83
18 89 18 59 89
27 83 27 79 83
1 50 1 13 28 41 50
15 82 15 30 48 75 82
13 75 13 28 37 48 75
28 58 28 35 39 58
31 64 31 56 64
31 58 31 43 44 55 58
13 73 13 26 28 35 39 58 67 73
8 77 8 28 37 77
18 71 18 59 64 71
8 73 8 9 20 73
30 84 30 44 79 84
1 58 1 7 14 28 35 39 58
2 88 2 23 37 51 67 72 88
30 73 30 44 55 67 73
58 73 58 67 73
15 86 15 30 44 55 58 67 72 86
13 52 13 28 37 48 52
56 86 56 64 86
43 52 43 52
33 61 33 61
4 79 4 30 44 79
4 84 4 30 34 79 84
13 71 13 26 28 37 59 64 71
43 52 43 52
38 89 38 89
2 80 2 33 51 80
15 51 15 26 28 37 51
14 71 14 42 51 59 64 71
18 59 18 59
15 43 15 22 43
7 50 7 14 28 41 50
18 64 18 20 56 64
6 44 6 31 43 44
18 73 18 20 39 58 67 73
51 71 51 59 64 71
23 32 23 32
20 71 20 56 64 71
59 71 59 64 71
15 71 15 26 42 51 59 64 71
21 75 21 26 28 37 48 75
43 84 43 44 55 84
2 66 2 23 66
41 83 41 70 81 83
1 59 1 37 59
28 75 28 37 48 75
34 84 34 79 84
25 61 25 33 61
4 73 4 30 44 55 67 73
13 75 13 26 28 37 48 75
26 67 26 28 35 39 58 67
3 72 3 30 44 55 58 67 72
8 88 8 9 20 88
4 72 4 49 72
1 84 1 7 14 34 79 84
8 81 8 28 37 48 75 80 81
1 70 1 7 14 28 41 70
30 86 30 48 52 64 86
25 86 25 62 72 86
3 67 3 9 20 55 58 67
14 63 14 28 41 63
20 73 20 73
14 86 14 42 51 59 64 86
6 44 6 31 43 44
42 82 42 51 59 64 82
31 84 31 43 44 79 84
6 29 6 16 29
51 80 51 80
15 43 15 22 31 43
13 80 13 26 42 51 80
7 50 7 14 28 41 50
42 89 42 51 59 89
1 77 1 39 58 77
31 52 31 43 52
28 77 28 35 39 58 77
6 29 6 16 29
2 77 2 9 20 55 58 77
3 9 3 9
7 86 7 43 52 64 86
35 82 35 39 58 67 82
3 48 3 30 34 48
18 88 18 22 34 79 88
23 71 23 37 59 64 71
2 72 2 9 62 72
15 80 15 30 48 52 80
3 20 3 9 20
16 81 16 29 48 75 80 81
31 79 31 43 44 79
4 70 4 70
21 86 21 42 51 59 64 86
2 88 2 9 20 39 58 67 72 88
31 72 31 43 44 55 67 72
30 81 30 34 48 52 80 81
42 81 42 51 80 81
21 26 21 26
6 79 6 31 43 44 79
1 72 1 37 51 67 72
19 80 19 43 52 80
33 80 33 51 80
18 48 18 22 34 48
34 71 34 59 64 71
2 72 2 23 49 72
30 80 30 48 52 80
15 51 15 26 42 51
22 88 22 43 44 79 88
23 66 23 66
16 48 16 29 48
18 64 18 59 64
43 83 43 44 79 83
2 73 2 9 20 39 58 67 73
4 73 4 30 44 55 58 67 73
14 33 14 25 33
51 67 51 67
22 73 22 31 43 44 55 67 73
14 81 14 34 48 52 80 81
13 52 13 28 37 48 52
30 86 30 44 55 58 67 72 86
23 83 23 37 52 80 81 83
27 79 27 44 79
14 58 14 25 35 39 58
4 89 4 23 66 77 89
22 88 22 31 43 44 55 67 72 88
6 55 6 31 43 44 55
34 83 34 48 52 80 81 83
6 75 6 16 29 48 75
1 26 1 13 26
43 71 43 52 64 71
41 86 41 49 72 86
15 67 15 30 44 55 58 67
51 83 51 80 81 83
14 52 14 28 37 52
19 88 19 43 44 79 88
43 81 43 52 80 81
40 78 40 78
8 71 8 9 20 56 64 71
59 71 59 64 71
35 72 35 39 58 67 72
13 29 13 29
23 80 23 37 51 80
23 66 23 66
21 75 21 26 28 37 48 75
31 52 31 43 52
13 48 13 29 48
14 60 14 28 41 50 60
25 79 25 79
4 81 4 30 34 48 52 80 81
31 52 31 43 52
21 57 21 26 28 41 57
49 72 49 72
21 63 21 26 28 41 63
33 80 33 51 80
31 58 31 43 44 55 58
2 73 2 23 37 51 67 73
19 58 19 43 44 55 58
14 75 14 34 48 75
15 82 15 22 34 59 64 82
3 81 3 30 48 52 80 81
6 71 6 16 35 59 64 71
1 9 1 2 9
16 71 16 35 59 64 71
22 43 22 31 43
40 78 40 78
23 75 23 37 48 75
22 59 22 34 59
18 20 18 20
34 79 34 79
21 63 21 26 28 41 57 63
18 59 18 22 34 59
22 48 22 34 48
28 64 28 37 48 52 64
31 89 31 43 44 55 84 89
7 84 7 14 25 79 84
30 80 30 34 48 75 80
18 43 18 22 43
11 59 11 59
3 77 3 37 77
14 48 14 34 48
43 83 43 52 80 81 83
64 86 64 86
25 73 25 35 39 58 67 73
18 52 18 22 31 43 52
30 48 30 48
19 72 19 62 72
3 44 3 27 44
8 78 8 41 57 78
33 71 33 51 59 64 71
3 73 3 37 51 67 73
1 37 1 2 23 37
18 43 18 22 31 43
31 58 31 43 44 55 58
4 81 4 23 37 51 80 81
14 89 14 28 77 89
3 75 3 30 48 75
25 83 25 33 51 80 81 83
1 71 1 13 28 37 48 52 64 71
4 34 4 30 34
3 84 3 9 20 55 84
28 78 28 41 57 78
37 75 37 48 75
20 55 20 55
35 89 35 39 58 77 89
2 51 2 23 37 51
7 48 7 14 28 37 48
15 58 15 30 44 55 58
3 81 3 37 51 80 81
35 88 35 39 58 67 72 88
40 78 40 78
30 48 30 48
37 71 37 59 64 71
15 72 15 30 44 55 67 72
16 52 16 29 48 52
13 55 13 20 55
15 50 15 26 28 41 50
6 71 6 37 52 71
14 83 14 25 33 51 80 81 83
22 43 22 43
19 77 19 43 44 55 58 77
25 61 25 33 61
2 64 2 23 37 52 64
1 82 1 2 82
2 59 2 23 37 51 59
49 72 49 72
15 81 15 30 48 52 80 81
15 37 15 26 28 37
28 73 28 35 39 58 67 73
20 84 20 55 84
27 83 27 79 83
39 89 39 58 77 89
19 43 19 43
21 50 21 26 28 41 50
13 48 13 26 28 37 48
8 78 8 9 20 40 78
31 43 31 43
19 84 19 43 44 55 84
25 84 25 79 84
23 66 23 66
15 84 15 30 34 79 84
3 89 3 27 44 55 58 77 89
19 88 19 43 44 55 67 72 88
9 71 9 71
31 64 31 56 64
25 80 25 33 51 80
14 60 14 28 41 50 60
62 72 62 72
6 67 6 16 35 39 58 67
7 83 7 43 44 79 83
25 73 25 35 39 58 67 73
31 86 31 56 64 86
11 88 11 88
31 44 31 43 44
15 89 15 22 34 48 52 77 89
22 59 22 34 59
6 75 6 37 48 75
8 20 8 9 20
37 48 37 48
35 71 35 59 64 71
15 41 15 26 28 41
57 86 57 72 86
25 80 25 33 51 80
42 81 42 51 80 81
21 82 21 26 42 51 59 64 71 82
51 71 51 59 64 71
31 82 31 56 82
70 83 70 81 83
18 81 18 22 34 48 52 80 81
7 84 7 14 34 79 84
41 86 41 49 72 86
8 37 8 28 37
28 50 28 41 50
20 55 20 55
8 84 8 9 20 55 84
9 55 9 20 55
26 71 26 42 51 59 64 71
70 83 70 81 83
13 81 13 28 41 70 81
14 80 14 34 48 52 80
2 48 2 23 37 48
14 59 14 28 35 59
14 63 14 25 63
51 81 51 80 81
1 61 1 7 14 25 33 61
43 79 43 44 79
62 88 62 72 88
27 55 27 44 55
6 84 6 31 43 44 55 84
39 88 39 58 67 72 88
6 67 6 16 35 39 58 67
28 63 28 41 57 63
4 67 4 23 37 51 67
15 60 15 26 28 41 50 60
37 81 37 52 80 81
15 88 15 26 28 41 49 72 88
1 7 1 7
18 59 18 22 34 59
3 27 3 27
2 61 2 33 61
31 72 31 43 44 55 67 72
26 86 26 28 37 59 64 86
4 64 4 30 34 48 52 64
43 84 43 44 55 84
9 86 9 20 55 67 72 86
3 64 3 9 20 56 64
1 34 1 7 14 34
15 41 15 26 28 41
1 51 1 37 51
42 64 42 51 59 64
18 77 18 20 39 58 77
19 64 19 43 52 64
21 75 21 26 28 37 48 75
13 50 13 28 41 50
1 88 1 37 49 72 88
2 23 2 23
23 75 23 37 48 75
8 82 8 28 35 39 58 67 82
3 37 3 37
8 50 8 41 50
22 58 22 43 44 55 58
62 88 62 72 88
11 59 11 59
11 86 11 59 64 86
8 41 8 41
6 67 6 31 43 44 55 67
13 81 13 28 41 70 81
25 86 25 62 72 86
41 86 41 49 72 86
1 41 1 7 14 28 41
43 86 43 52 64 86
21 26 21 26
6 86 6 31 56 64 86
3 80 3 30 34 48 75 80
70 83 70 81 83
43 83 43 44 79 83
30 67 30 44 55 58 67
21 88 21 26 42 51 67 72 88
25 67 25 33 51 67
16 86 16 29 48 52 64 86
14 88 14 25 33 62 72 88
2 77 2 9 20 55 58 77
9 71 9 20 56 64 71
13 80 13 28 37 48 75 80
21 50 21 26 28 41 50
28 64 28 64
14 64 14 42 51 59 64
16 75 16 29 48 75
2 23 2 23
34 81 34 48 75 80 81
23 71 23 37 52 64 71
21 77 21 58 77
37 52 37 52
21 59 21 42 51 59
51 80 51 80
8 81 8 28 37 52 80 81
37 83 37 51 80 81 83
14 41 14 28 41
22 86 22 34 48 52 64 86
72 86 72 86
34 52 34 48 52
27 79 27 44 79
31 88 31 43 44 79 88
3 55 3 30 44 55
18 72 18 20 55 67 72
1 58 1 2 9 20 39 58
35 58 35 39 58
26 75 26 28 37 48 75
3 79 3 30 34 79
8 9 8 9
23 66 23 66
58 67 58 67
1 13 1 13
30 67 30 44 55 58 67
31 77 31 43 52 77
2 89 2 9 20 55 58 77 89
28 82 28 41 70 82
15 86 15 22 43 44 55 67 72 86
39 89 39 58 77 89
27 67 27 44 55 67
16 80 16 29 48 52 80
27 55 27 44 55
4 64 4 23 37 59 64
21 37 21 26 28 37
15 75 15 26 28 37 48 75
15 81 15 26 42 51 80 81
2 72 2 23 49 72
28 41 28 41
1 55 1 13 20 55
14 25 14 25
39 73 39 58 67 73
22 75 22 34 48 75
8 58 8 9 20 55 58
34 86 34 59 64 86
51 73 51 67 73
35 58 35 39 58
28 78 28 41 57 78
30 73 30 44 55 67 73
20 84 20 55 84
3 88 3 9 20 88
23 67 23 37 51 67
23 48 23 37 48
14 57 14 28 41 57
6 55 6 31 43 44 55
15 58 15 26 28 35 39 58
15 89 15 26 42 51 59 89
35 64 35 59 64
3 86 3 64 86
8 55 8 9 20 55
39 88 39 58 67 72 88
1 61 1 2 33 61
25 61 25 33 61
14 51 14 42 51
2 58 2 9 20 55 58
59 71 59 64 71
3 37 3 37
8 70 8 28 41 70
22 73 22 43 44 55 58 67 73
31 82 31 43 44 55 67 82
22 59 22 34 59
2 88 2 23 37 48 75 88
7 86 7 57 72 86
4 71 4 30 48 52 64 71
7 44 7 43 44
8 78 8 40 78
37 75 37 48 75
8 67 8 28 35 39 58 67
3 73 3 9 20 73
18 75 18 22 34 48 75
8 67 8 28 35 39 58 67
27 55 27 44 55
13 86 13 29 48 52 64 86
7 75 7 14 34 48 75
2 51 2 23 37 51
33 80 33 51 80
14 58 14 28 35 39 58
15 77 15 26 28 37 48 52 77
37 83 37 51 80 81 83
22 34 22 34
28 72 28 37 49 72
39 72 39 58 67 72
18 72 18 20 55 58 67 72
6 86 6 31 56 64 86
37 67 37 51 67
27 84 27 44 55 84
1 51 1 37 51
20 73 20 55 67 73
3 72 3 9 20 55 67 72
4 67 4 30 44 55 58 67
18 64 18 59 64
2 52 2 23 37 48 52
34 79 34 79
51 80 51 80
22 86 22 43 44 55 67 72 86
1 59 1 2 33 51 59
37 71 37 52 64 71
56 82 56 82
2 80 2 23 37 52 80
22 80 22 34 48 52 80
30 55 30 44 55
42 59 42 51 59
3 71 3 64 71
62 88 62 72 88
59 86 59 64 86
51 80 51 80
41 83 41 70 81 83
18 77 18 20 55 58 77
8 83 8 28 37 48 52 80 81 83
8 78 8 41 57 78
41 50 41 50
42 86 42 51 59 64 86
26 67 26 28 35 39 58 67
16 80 16 29 48 52 80
22 82 22 34 59 64 71 82
58 73 58 67 73
22 67 22 31 43 44 55 67
4 80 4 30 34 48 75 80
1 20 1 2 9 20
15 80 15 26 28 37 51 80
9 71 9 20 56 64 71
30 84 30 44 79 84
42 72 42 51 67 72
1 29 1 13 29
57 86 57 72 86
19 82 19 43 44 55 67 82
1 58 1 39 58
23 48 23 37 48
28 71 28 64 71
26 48 26 28 37 48
28 89 28 77 89
18 59 18 22 34 59
3 44 3 27 44
19 44 19 43 44
16 29 16 29
3 84 3 9 20 55 84
37 75 37 48 75
22 77 22 43 44 55 58 77
30 48 30 34 48
1 59 1 37 51 59
62 72 62 72
14 88 14 25 85 88
27 67 27 44 55 67
39 72 39 58 67 72
3 84 3 9 20 55 84
2 72 2 23 49 72
1 51 1 13 28 37 51
4 51 4 23 37 51
11 71 11 59 64 71
3 37 3 37
18 67 18 20 55 58 67
14 41 14 28 41
18 77 18 20 39 58 77
28 63 28 41 57 63
9 71 9 20 56 64 71
27 86 27 44 55 58 67 72 86
6 67 6 31 43 44 55 67
11 89 11 59 89
18 84 18 22 43 44 84
1 37 1 37
3 27 3 27
30 84 30 44 79 84
41 86 41 49 72 86
15 64 15 22 31 56 64
28 50 28 41 50
4 37 4 23 37
13 80 13 28 37 51 80
14 61 14 25 33 61
2 51 2 23 37 51
8 83 8 41 70 81 83
2 48 2 23 37 48
51 83 51 80 81 83
15 82 15 22 43 52 64 71 82
1 41 1 13 28 41
43 81 43 52 80 81
14 77 14 34 48 52 77
26 80 26 42 51 80
27 73 27 44 55 67 73
18 81 18 22 43 52 80 81
31 81 31 43 52 80 81
4 78 4 23 66 78
18 83 18 22 43 52 80 81 83
3 58 3 30 44 55 58
1 25 1 7 14 25
20 55 20 55
1 23 1 2 23
6 84 6 31 43 44 55 84
7 81 7 14 42 51 80 81
22 58 22 31 43 44 55 58
20 55 20 55
33 67 33 51 67
43 67 43 44 55 67
41 81 41 70 81
9 71 9 20 56 64 71
28 82 28 64 82
23 75 23 37 48 75
14 52 14 34 48 52
4 71 4 30 34 59 64 71
14 63 14 28 41 63
39 88 39 58 67 72 88
26 80 26 28 37 51 80
70 81 70 81
4 67 4 30 44 55 58 67
4 88 4 23 37 51 67 72 88
13 73 13 28 37 51 67 73
25 86 25 33 62 72 86
22 75 22 34 48 75
26 50 26 28 41 50
3 30 3 30
22 64 22 31 56 64
19 81 19 43 52 80 81
16 75 16 29 48 75
15 78 15 26 28 41 57 78
1 20 1 13 20
1 72 1 39 58 67 72
25 79 25 79
15 72 15 30 44 55 58 67 72
15 52 15 22 43 52
1 32 1 2 23 32
28 51 28 37 51
15 58 15 26 28 35 39 58
7 55 7 43 44 55
26 73 26 28 37 51 67 73
15 82 15 22 43 52 64 71 82
7 80 7 14 25 33 51 80
27 83 27 79 83
21 78 21 26 28 41 57 78
2 32 2 23 32
14 73 14 25 33 51 67 73
42 89 42 51 59 89
18 79 18 22 31 43 44 79
28 59 28 35 59
30 48 30 48
14 89 14 25 38 89
43 83 43 52 80 81 83
21 88 21 26 88
13 84 13 20 55 84
27 86 27 44 55 58 67 72 86
35 72 35 39 58 67 72
1 13 1 13
8 57 8 28 41 57
2 9 2 9
26 75 26 28 37 48 75
30 44 30 44
6 75 6 37 48 75
15 89 15 22 34 59 89
2 55 2 9 20 55
2 33 2 33
27 86 27 44 55 67 72 86
43 71 43 52 71
43 67 43 44 55 58 67
4 37 4 23 37
42 64 42 51 59 64
2 37 2 23 37
27 79 27 44 79
20 71 20 56 64 71
39 86 39 58 67 72 86
38 89 38 89
31 64 31 56 64
14 25 14 25
49 86 49 72 86
15 26 15 26
1 77 1 2 9 20 55 58 77
37 73 37 51 67 73
4 55 4 30 44 55
1 32 1 2 23 32
9 86 9 20 39 58 67 72 86
8 71 8 28 64 71
34 71 34 59 64 71
2 51 2 33 51
35 64 35 59 64
2 23 2 23
22 80 22 34 48 52 80
13 81 13 26 42 51 80 81
15 80 15 30 34 48 75 80
9 86 9 20 55 58 67 72 86
43 81 43 52 80 81
25 84 25 79 84
25 83 25 33 51 80 81 83
23 71 23 37 59 64 71
13 29 13 29
23 80 23 37 52 80
7 61 7 14 25 33 61
21 73 21 58 67 73
1 84 1 7 43 44 79 84
14 70 14 28 41 70
27 67 27 44 55 67
8 75 8 28 37 48 75
1 13 1 13
16 80 16 29 48 75 80
7 67 7 43 44 55 58 67
27 84 27 44 55 84
22 59 22 34 59
7 44 7 43 44
18 84 18 22 31 43 44 55 84
56 82 56 82
35 72 35 39 58 67 72
42 67 42 51 67
18 80 18 22 31 43 52 80
11 89 11 59 89
21 41 21 26 28 41
27 73 27 44 55 67 73
18 64 18 59 64
22 77 22 43 52 77
21 64 21 42 51 59 64
15 78 15 26 28 41 57 78
18 44 18 22 31 43 44
25 86 25 33 62 72 86
11 89 11 59 89
51 83 51 80 81 83
11 64 11 59 64
42 64 42 51 59 64
21 26 21 26
14 64 14 59 64
4 81 4 30 48 75 80 81
35 88 35 39 58 67 72 88
26 48 26 28 37 48
7 67 7 14 42 51 67
28 75 28 37 48 75
4 58 4 30 44 55 58
16 83 16 29 48 52 80 81 83
26 67 26 42 51 67
40 78 40 78
25 61 25 33 61
9 86 9 62 72 86
6 52 6 37 52
56 82 56 64 82
30 75 30 48 75
23 73 23 37 51 67 73
19 67 19 43 44 55 58 67
1 32 1 2 23 32
21 70 21 26 28 41 70
2 75 2 23 37 48 75
22 88 22 31 43 44 79 88
34 52 34 48 52
37 71 37 52 64 71
1 79 1 7 43 44 79
43 79 43 44 79
1 50 1 7 14 28 41 50
8 64 8 28 35 59 64
4 80 4 23 37 52 80
4 66 4 23 66
14 64 14 42 51 59 64
30 75 30 34 48 75
9 55 9 20 55
28 72 28 37 72
25 71 25 33 51 59 64 71
1 71 1 7 14 28 35 59 64 71
14 57 14 28 41 57
30 86 30 48 52 64 86
8 89 8 9 20 39 58 77 89
15 41 15 26 28 41
30 73 30 44 55 67 73
14 73 14 42 51 67 73
15 55 15 22 31 43 44 55
62 88 62 72 88
62 86 62 72 86
58 73 58 67 73
26 48 26 28 37 48
8 55 8 9 20 55
22 43 22 43
15 70 15 26 28 41 70
7 61 7 14 25 33 61
25 84 25 79 84
15 64 15 30 48 52 64
7 71 7 43 52 71
31 43 31 43
34 83 34 48 52 80 81 83
20 71 20 56 64 71
18 64 18 20 56 64
13 86 13 26 42 62 72 86
21 63 21 26 28 41 63
21 57 21 26 28 41 57
37 81 37 51 80 81
3 20 3 9 20
15 63 15 26 28 41 63
19 71 19 56 64 71
26 73 26 42 51 67 73
31 55 31 43 44 55
8 82 8 28 41 70 82
21 48 21 26 28 37 48
20 55 20 55
23 73 23 37 51 67 73
37 75 37 48 75
26 71 26 42 51 59 64 71
39 58 39 58
15 88 15 30 48 88
58 86 58 67 72 86
6 73 6 16 35 39 58 67 73
31 77 31 43 52 77
26 80 26 42 51 80
16 80 16 29 48 52 80
28 81 28 37 51 80 81
7 73 7 43 44 55 58 67 73
4 55 4 30 44 55
28 58 28 35 39 58
23 32 23 32
22 83 22 34 48 52 80 81 83
23 83 23 37 51 80 81 83
18 83 18 22 34 79 83
16 67 16 35 39 58 67
28 41 28 41
3 84 3 9 20 55 84
6 67 6 37 51 67
18 44 18 22 43 44
21 26 21 26
6 52 6 37 48 52
9 67 9 20 39 58 67
33 86 33 62 72 86
33 86 33 62 72 86
23 86 23 37 72 86
35 58 35 39 58
22 52 22 43 52
6 29 6 16 29
22 79 22 34 79
3 71 3 64 71
26 83 26 42 51 80 81 83
2 51 2 33 51
1 20 1 13 20
9 73 9 20 39 58 67 73
4 88 4 30 48 88
51 71 51 59 64 71
31 64 31 43 52 64
1 67 1 39 58 67
14 48 14 28 37 48
14 58 14 25 35 39 58
35 59 35 59
34 71 34 48 52 64 71
18 52 18 22 34 48 52
26 71 26 42 51 59 64 71
25 61 25 33 61
7 73 7 14 28 35 39 58 67 73
18 34 18 22 34
15 88 15 26 88
8 48 8 28 37 48
3 88 3 37 48 88
4 34 4 30 34
23 71 23 37 48 52 71
8 75 8 28 37 48 75
43 84 43 44 79 84
30 44 30 44
14 60 14 28 41 50 60
18 82 18 22 31 43 52 71 82
14 86 14 42 51 67 72 86
1 51 1 7 14 42 51
31 89 31 43 52 77 89
21 41 21 26 28 41
8 64 8 28 35 59 64
7 61 7 14 25 33 61
1 13 1 13
2 72 2 9 62 72
28 41 28 41
27 86 27 44 55 67 72 86
27 86 27 44 55 58 67 72 86
8 58 8 9 20 39 58
33 86 33 62 72 86
9 84 9 20 55 84
11 59 11 59
2 33 2 33
15 84 15 30 34 79 84
6 83 6 37 52 80 81 83
4 73 4 30 44 55 58 67 73
37 52 37 52
62 72 62 72
7 44 7 43 44
23 32 23 32
23 48 23 37 48
19 71 19 43 52 71
11 71 11 59 64 71
21 26 21 26
1 23 1 2 23
4 72 4 30 44 55 67 72
43 84 43 44 55 84
34 84 34 79 84
25 81 25 33 51 80 81
22 52 22 34 48 52
56 82 56 64 82
21 50 21 26 28 41 50
15 78 15 26 28 41 57 78
2 59 2 33 51 59
15 75 15 26 28 37 48 75
1 37 1 7 14 28 37
3 48 3 37 48
3 72 3 9 20 39 58 67 72
43 52 43 52
15 58 15 22 43 44 55 58
1 50 1 7 14 28 41 50
4 23 4 23
7 83 7 14 25 79 83
2 72 2 23 37 51 67 72
23 67 23 37 51 67
16 67 16 35 39 58 67
37 71 37 52 64 71
31 64 31 43 52 64
30 52 30 48 52
8 20 8 9 20
2 52 2 23 37 52
34 83 34 79 83
42 89 42 51 59 89
15 26 15 26
15 52 15 26 28 37 48 52
26 50 26 28 41 50
15 37 15 26 28 37
62 72 62 72
3 72 3 9 20 55 67 72
58 86 58 67 72 86
30 48 30 34 48
28 48 28 37 48
31 81 31 43 52 80 81
13 86 13 28 41 49 72 86
7 44 7 43 44
19 72 19 62 72
22 72 22 43 44 55 58 67 72
70 83 70 81 83
13 55 13 20 55
2 80 2 23 37 51 80
3 51 3 37 51
34 52 34 48 52
39 77 39 58 77
37 48 37 48
42 59 42 51 59
7 83 7 14 42 51 80 81 83
14 81 14 25 33 51 80 81
30 48 30 34 48
56 82 56 82
28 75 28 37 48 75
43 67 43 44 55 58 67
1 64 1 13 29 48 52 64
27 79 27 79
6 80 6 37 51 80
15 58 15 26 28 35 39 58
19 88 19 62 72 88
14 33 14 25 33
8 41 8 41
2 48 2 23 37 48
28 77 28 77
13 55 13 20 55
33 67 33 51 67
8 72 8 41 57 72
3 72 3 30 44 55 58 67 72
18 89 18 59 89
31 64 31 43 52 64
31 89 31 43 44 84 89
30 81 30 48 75 80 81
28 88 28 35 39 58 67 72 88
27 79 27 44 79
30 80 30 48 75 80
16 67 16 35 39 58 67
21 78 21 26 28 41 57 78
3 81 3 37 48 75 80 81
1 81 1 37 48 52 80 81
30 80 30 48 52 80
4 34 4 30 34
37 80 37 52 80
33 80 33 51 80
16 81 16 29 48 52 80 81
7 79 7 43 44 79
42 83 42 51 80 81 83
33 67 33 51 67
33 86 33 51 86
41 81 41 70 81
15 63 15 26 28 41 63
7 44 7 43 44
28 80 28 37 51 80
14 58 14 25 35 39 58
16 48 16 29 48
16 48 16 29 48
31 73 31 43 44 55 58 67 73
15 86 15 26 28 35 59 64 86
6 83 6 37 51 80 81 83
1 82 1 2 82
26 86 26 28 41 49 72 86
56 64 56 64
31 80 31 43 52 80
22 73 22 43 44 55 58 67 73
14 71 14 25 35 59 64 71
4 51 4 23 37 51
39 73 39 58 67 73
2 33 2 33
8 51 8 28 37 51
23 32 23 32
3 77 3 9 20 39 58 77
31 88 31 43 44 55 67 72 88
21 50 21 26 28 41 50
27 55 27 44 55
39 89 39 58 77 89
35 59 35 59
7 44 7 43 44
34 80 34 48 75 80
8 64 8 28 64
35 59 35 59
30 55 30 44 55
6 67 6 31 43 44 55 67
14 75 14 34 48 75
58 86 58 67 72 86
3 64 3 37 51 59 64
2 64 2 9 20 56 64
8 9 8 9
51 81 51 80 81
1 84 1 2 9 20 55 84
41 81 41 70 81
43 55 43 44 55
1 13 1 13
7 79 7 14 34 79
15 89 15 26 42 51 59 89
39 67 39 58 67
2 52 2 23 37 52
15 64 15 26 28 64
39 89 39 58 77 89
1 89 1 7 89
31 72 31 43 44 55 67 72
19 64 19 43 52 64
1 58 1 39 58
2 55 2 9 20 55
14 82 14 34 48 75 82
28 67 28 35 39 58 67
18 82 18 20 56 64 71 82
35 86 35 39 58 67 72 86
39 77 39 58 77
30 84 30 34 79 84
41 81 41 70 81
26 52 26 28 37 52
26 71 26 28 37 51 59 64 71
26 81 26 28 41 70 81
31 77 31 43 44 55 58 77
23 83 23 37 52 80 81 83
16 83 16 29 48 52 80 81 83
20 86 20 55 67 72 86
16 73 16 35 39 58 67 73
62 86 62 72 86
51 80 51 80
4 70 4 70
15 55 15 22 43 44 55
18 88 18 20 55 67 72 88
1 48 1 37 48
43 55 43 44 55
2 64 2 9 20 56 64
1 34 1 7 14 34
23 75 23 37 48 75
1 44 1 7 43 44
7 84 7 43 44 79 84
9 86 9 62 72 86
13 80 13 28 37 48 52 80
27 44 27 44
37 67 37 51 67
57 86 57 72 86
7 55 7 43 44 55
13 29 13 29
22 75 22 34 48 75
38 89 38 89
3 84 3 9 20 55 84
30 67 30 44 55 67
8 75 8 28 37 48 75
28 37 28 37
34 48 34 48
51 80 51 80
25 71 25 33 51 59 64 71
6 67 6 31 43 44 55 58 67
22 89 22 31 43 44 79 84 89
1 33 1 7 14 25 33
15 52 15 22 31 43 52
28 48 28 37 48
14 57 14 28 41 57
34 75 34 48 75
6 84 6 31 43 44 84
4 71 4 23 37 51 59 64 71
8 73 8 28 37 51 67 73
4 84 4 30 44 79 84
6 75 6 16 29 48 75
14 50 14 28 41 50
37 83 37 52 80 81 83
20 84 20 55 84
23 67 23 37 51 67
4 71 4 30 48 52 64 71
4 32 4 23 32
4 44 4 30 44
37 80 37 51 80
2 33 2 33
31 44 31 43 44
28 51 28 37 51
42 67 42 51 67
3 75 3 30 48 75
25 86 25 33 62 72 86
8 41 8 41
58 86 58 67 72 86
2 83 2 33 51 80 81 83
1 86 1 49 72 86
28 57 28 41 57
8 57 8 41 57
31 84 31 43 44 84
1 41 1 7 14 28 41
25 73 25 33 51 67 73
8 89 8 28 37 51 59 89
14 88 14 25 79 88
28 77 28 35 39 58 77
7 86 7 64 86
6 73 6 37 51 67 73
34 80 34 48 52 80
34 83 34 48 75 80 81 83
33 61 33 61
39 89 39 58 77 89
7 81 7 14 25 33 51 80 81
1 77 1 13 28 35 39 58 77
21 89 21 58 77 89
9 73 9 20 39 58 67 73
19 89 19 38 89
21 81 21 26 28 41 70 81
35 64 35 59 64
62 86 62 72 86
22 59 22 34 59
23 71 23 37 52 64 71
3 77 3 27 44 55 58 77
30 73 30 44 55 67 73
22 80 22 31 43 52 80
30 52 30 48 52
11 59 11 59
8 64 8 9 20 56 64
16 75 16 29 48 75
1 60 1 7 14 28 41 50 60
51 73 51 67 73
27 73 27 44 55 58 67 73
33 81 33 51 80 81
8 78 8 9 20 40 78
