14 34 14 30 34
13 86 13 83 86
37 54 37 48 54
33 61 33 49 51 58 61
26 80 26 38 60 66 78 80
23 79 23 37 48 79
51 67 51 67
1 59 1 49 51 59
51 67 51 67
37 84 37 40 78 84
35 77 35 41 67 77
49 89 49 51 58 64 71 83 89
20 80 20 39 60 66 78 80
30 53 30 44 53
63 80 63 80
70 81 70 81
9 84 9 60 66 78 84
7 83 7 33 78 80 83
11 63 11 20 56 62 63
30 66 30 50 59 66
58 71 58 64 71
31 70 31 43 70
2 70 2 70
8 20 8 13 20
49 78 49 72 78
16 53 16 29 43 44 53
19 26 19 21 26
26 47 26 28 35 43 47
57 80 57 72 78 80
70 81 70 72 78 81
14 33 14 19 33
63 81 63 80 81
30 80 30 54 75 80
57 81 57 80 81
64 81 64 81
43 67 43 47 67
56 88 56 74 82 85 88
8 33 8 13 14 19 33
27 50 27 34 45 50
41 75 41 49 51 58 61 75
28 60 28 35 41 50 51 60
26 71 26 38 70 71
56 89 56 78 84 89
2 78 2 9 60 66 78
4 23 4 8 13 16 23
43 81 43 64 81
18 82 18 59 66 71 82
39 72 39 58 67 72
11 78 11 20 72 78
6 53 6 21 26 28 41 53
42 88 42 64 81 83 88
26 48 26 28 37 48
37 71 37 49 51 58 61 64 71
38 63 38 63
28 63 28 41 63
57 83 57 83
63 83 63 80 83
1 16 1 13 16
56 72 56 62 72
21 64 21 26 38 42 51 58 61 64
15 63 15 26 38 42 62 63
15 60 15 21 26 28 35 41 50 51 60
57 80 57 72 78 80
3 88 3 16 23 82 85 88
1 63 1 37 40 63
21 72 21 26 28 41 49 51 58 67 72
9 36 9 24 29 36
42 77 42 46 77
1 7 1 7
58 61 58 61
19 88 19 62 72 78 84 88
62 82 62 63 82
8 82 8 62 72 82
6 61 6 16 28 49 51 58 61
58 81 58 64 81
26 73 26 73
23 61 23 44 51 58 61
31 70 31 43 70
41 66 41 50 51 60 66
3 41 3 30 34 38 41
4 16 4 8 13 16
22 59 22 25 35 43 44 51 59
1 77 1 3 16 38 60 66 77
25 79 25 38 41 79
25 81 25 62 72 78 81
9 24 9 24
1 27 1 13 16 27
26 80 26 42 51 80
1 72 1 2 18 20 32 58 67 72
59 81 59 66 78 81
28 43 28 35 43
35 59 35 43 44 51 59
14 89 14 77 89
7 48 7 29 36 37 48
16 24 16 24
9 86 9 13 60 66 71 83 86
6 79 6 15 22 33 37 48 79
40 89 40 89
25 53 25 35 43 44 53
4 16 4 13 16
7 67 7 42 51 58 67
2 63 2 9 17 55 57 63
31 63 31 56 62 63
21 77 21 40 51 59 66 77
22 77 22 33 49 51 58 67 77
9 61 9 32 58 61
51 66 51 60 66
20 48 20 30 34 48
11 26 11 20 26
34 48 34 48
13 50 13 36 50
7 61 7 43 44 51 58 61
1 30 1 13 24 30
3 41 3 9 17 20 30 41
49 64 49 51 59 64
21 51 21 40 42 51
57 84 57 78 84
9 50 9 17 25 35 41 50
9 79 9 32 48 79
15 89 15 26 40 78 80 81 83 89
3 77 3 14 30 34 38 60 66 77
18 63 18 34 44 55 63
8 58 8 13 28 37 49 51 58
19 43 19 20 26 28 35 43
15 25 15 22 25
7 29 7 27 29
39 60 39 60
3 64 3 14 31 43 47 61 64
30 83 30 34 38 60 66 78 80 83
28 59 28 37 48 54 59
14 89 14 28 37 48 72 78 84 89
56 88 56 74 82 85 88
20 84 20 59 71 84
3 16 3 16
25 73 25 40 42 51 58 67 73
6 50 6 30 34 45 50
33 61 33 49 51 58 61
19 57 19 38 42 57
9 29 9 24 27 29
6 66 6 44 51 59 66
21 57 21 40 42 57
35 57 35 39 57
4 30 4 13 24 30
18 37 18 20 26 28 37
41 67 41 67
21 60 21 40 42 51 60
33 79 33 37 48 79
56 64 56 64
51 81 51 80 81
11 77 11 21 42 51 59 77
34 84 34 45 57 78 84
1 64 1 13 49 51 64
39 77 39 46 77
63 86 63 83 86
13 75 13 36 37 48 75
33 52 33 52
2 13 2 9 13
2 60 2 13 60
43 73 43 47 67 73
14 64 14 59 64
8 59 8 28 37 51 59
3 57 3 16 44 55 57
20 66 20 66
30 83 30 48 61 75 78 81 83
26 67 26 42 51 67
3 72 3 16 28 49 72
16 44 16 28 35 43 44
3 82 3 64 71 82
9 44 9 24 34 44
11 60 11 20 39 60
22 88 22 31 43 46 77 88
13 36 13 29 36
33 73 33 37 48 54 67 73
8 51 8 13 20 30 44 51
20 61 20 40 42 51 58 61
13 53 13 28 41 53
6 45 6 27 34 45
28 78 28 37 40 78
26 84 26 67 72 78 84
43 81 43 70 72 78 80 81
30 61 30 34 47 61
16 66 16 31 39 60 66
33 67 33 39 58 67
4 60 4 23 49 51 60
25 80 25 62 72 78 80
2 23 2 23
43 55 43 44 55
14 59 14 25 38 41 59
7 47 7 14 31 43 47
25 86 25 40 78 81 83 86
23 83 23 66 78 80 81 83
13 86 13 49 72 86
9 79 9 32 48 79
19 41 19 38 41
8 34 8 34
2 60 2 33 49 51 60
3 64 3 14 31 43 47 61 64
22 34 22 34
22 72 22 33 49 51 58 67 72
33 80 33 39 60 66 78 80
1 30 1 3 30
3 77 3 51 60 66 77
4 37 4 23 28 37
8 23 8 13 16 23
6 84 6 79 84
35 63 35 41 63
6 55 6 15 30 44 55
4 78 4 60 66 78
21 43 21 26 28 35 43
9 24 9 13 16 24
13 75 13 16 27 32 44 61 75
18 57 18 34 44 55 57
57 83 57 80 81 83
2 89 2 33 39 57 72 78 81 83 89
4 82 4 41 67 82
20 47 20 30 34 47
25 80 25 35 63 80
6 86 6 31 39 57 63 83 86
13 50 13 36 50
8 26 8 13 20 26
60 66 60 66
16 52 16 35 43 52
58 80 58 67 72 78 80
14 78 14 25 35 43 62 72 78
27 61 27 44 55 58 61
7 84 7 14 70 71 84
30 44 30 44
59 71 59 64 71
1 77 1 49 51 59 77
22 41 22 25 35 41
13 55 13 16 23 35 43 44 55
15 57 15 21 26 28 35 43 44 55 57
41 81 41 72 78 81
15 63 15 21 40 63
8 77 8 58 67 77
20 61 20 30 44 55 58 61
43 81 43 70 72 78 81
43 61 43 44 55 58 61
3 60 3 37 51 60
23 75 23 55 58 61 75
64 84 64 71 84
7 75 7 29 48 54 75
15 34 15 30 34
27 71 27 44 51 58 61 64 71
57 80 57 78 80
34 47 34 47
16 45 16 24 34 45
16 48 16 24 32 48
42 51 42 51
27 29 27 29
18 70 18 22 31 43 70
18 63 18 20 56 62 63
13 55 13 28 35 43 44 55
23 75 23 35 41 50 51 58 61 75
41 84 41 57 72 78 84
30 80 30 34 45 57 80
25 61 25 33 61
2 70 2 70
31 43 31 43
9 17 9 17
3 25 3 9 17 25
25 83 25 79 83
2 37 2 14 19 33 37
2 25 2 23 25
18 34 18 22 34
6 17 6 17
27 45 27 34 45
6 73 6 15 30 41 49 51 58 73
13 79 13 28 37 48 79
6 44 6 27 34 44
69 88 69 87 88
30 83 30 48 61 75 78 81 83
8 63 8 9 13 28 41 57 63
26 73 26 40 51 58 67 73
23 73 23 44 51 58 73
51 80 51 58 78 80
19 37 19 20 26 28 37
58 81 58 61 75 80 81
28 41 28 41
4 20 4 13 20
43 44 43 44
6 71 6 44 51 59 64 71
3 63 3 16 28 41 57 63
20 79 20 55 79
3 59 3 14 19 21 40 51 59
28 58 28 41 49 51 58
41 80 41 66 78 80
18 58 18 20 26 40 51 58
9 50 9 20 26 28 41 50
19 41 19 20 26 38 41
58 71 58 61 64 71
7 86 7 33 67 72 78 80 81 83 86
3 20 3 14 19 20
15 88 15 46 77 87 88
3 33 3 14 19 33
18 33 18 22 33
6 24 6 16 24
21 64 21 59 64
37 67 37 51 67
31 78 31 39 60 66 78
33 79 33 37 48 79
72 84 72 78 84
13 44 13 14 34 44
7 71 7 39 60 66 71
51 75 51 58 61 75
1 13 1 2 9 13
16 48 16 28 37 48
74 82 74 82
62 63 62 63
15 34 15 22 34
20 84 20 66 78 84
11 43 11 35 43
30 79 30 34 44 55 79
6 32 6 16 24 32
2 72 2 70 72
27 29 27 29
57 84 57 72 78 84
22 57 22 25 38 41 57
34 50 34 38 41 50
16 32 16 24 27 32
26 48 26 28 37 48
19 37 19 20 26 28 37
34 55 34 45 55
11 51 11 33 37 49 51
37 67 37 48 54 67
20 79 20 26 55 79
8 37 8 28 37
6 36 6 17 29 36
16 50 16 28 35 41 50
39 58 39 58
23 32 23 32
35 82 35 43 64 71 82
8 43 8 9 16 35 43
16 45 16 24 34 45
39 82 39 58 61 64 71 82
43 66 43 44 51 60 66
13 24 13 24
39 58 39 58
35 78 35 59 66 78
40 72 40 51 58 67 72
28 57 28 41 57
16 61 16 48 61
15 63 15 21 42 57 63
22 72 22 62 72
42 88 42 70 86 88
3 70 3 27 70
2 64 2 18 20 40 64
26 47 26 28 35 43 47
33 75 33 39 58 61 75
16 66 16 38 41 66
57 83 57 80 81 83
28 59 28 35 43 44 51 59
13 48 13 20 32 48
9 86 9 20 40 72 86
23 55 23 55
3 41 3 21 26 38 41
1 27 1 3 9 24 27
6 79 6 24 34 79
31 63 31 43 62 63
6 54 6 16 27 34 45 54
26 50 26 38 41 50
42 51 42 51
46 77 46 77
4 33 4 8 13 14 19 33
16 50 16 38 41 50
19 30 19 20 30
7 81 7 43 44 78 80 81
34 73 34 67 73
7 52 7 29 43 52
14 77 14 30 50 59 77
15 59 15 21 59
23 80 23 37 48 75 80
39 60 39 60
35 58 35 41 50 51 58
26 79 26 55 79
8 60 8 40 42 51 60
22 34 22 34
70 80 70 72 78 80
16 52 16 28 37 52
7 52 7 14 31 43 52
6 66 6 40 51 59 66
15 58 15 30 34 45 50 51 58
28 43 28 35 43
21 72 21 42 51 67 72
49 60 49 51 60
43 44 43 44
9 52 9 16 29 48 52
40 78 40 51 60 66 78
41 73 41 49 51 67 73
1 78 1 13 60 66 78
21 77 21 58 67 77
2 82 2 13 74 82
7 80 7 29 43 75 78 80
7 55 7 32 44 55
16 83 16 80 81 83
31 51 31 43 44 51
16 73 16 27 32 48 54 67 73
13 67 13 24 27 32 58 67
2 16 2 9 13 16
33 81 33 62 72 78 80 81
33 86 33 51 67 72 78 81 83 86
4 27 4 8 13 24 27
20 83 20 59 64 81 83
57 86 57 72 86
13 48 13 16 23 25 33 37 48
28 43 28 35 43
31 64 31 39 58 61 64
19 78 19 20 40 60 66 78
6 50 6 15 21 26 38 41 50
25 80 25 33 37 40 72 78 80
41 50 41 50
43 44 43 44
42 58 42 51 58
16 50 16 28 35 41 50
7 84 7 40 42 57 72 78 84
15 41 15 30 34 38 41
74 82 74 82
23 83 23 44 53 72 78 80 83
15 70 15 22 34 38 41 70
35 89 35 63 83 89
19 77 19 38 60 66 77
22 43 22 43
28 78 28 58 67 72 78
1 70 1 26 38 41 70
3 27 3 16 24 27
18 58 18 21 42 51 58
8 72 8 41 72
28 82 28 68 74 82
6 17 6 17
18 59 18 34 59
38 63 38 63
2 72 2 13 28 35 72
41 83 41 50 59 71 83
9 86 9 71 83 86
72 83 72 78 81 83
25 44 25 35 43 44
37 86 37 59 71 83 86
3 16 3 9 13 16
25 53 25 35 43 44 53
6 54 6 54
25 52 25 35 43 52
4 25 4 23 25
3 82 3 82
6 54 6 18 21 26 28 37 48 54
22 25 22 25
58 80 58 67 72 78 80
8 23 8 9 13 16 23
13 50 13 24 34 45 50
2 41 2 23 35 41
8 78 8 62 72 78
58 80 58 64 80
28 58 28 58
51 71 51 64 71
59 83 59 71 83
33 80 33 67 72 78 80
3 27 3 9 24 27
18 41 18 22 34 38 41
23 54 23 28 37 48 54
11 30 11 20 30
7 83 7 64 80 83
15 41 15 30 34 38 41
21 78 21 59 66 78
1 82 1 58 67 72 82
22 58 22 33 37 51 58
4 20 4 8 13 20
40 57 40 42 57
14 43 14 31 43
3 88 3 27 44 78 84 88
18 64 18 21 42 64
16 44 16 44
16 29 16 29
23 86 23 49 51 59 66 78 80 83 86
25 44 25 35 43 44
9 84 9 16 31 39 58 64 71 84
9 54 9 16 29 37 48 54
27 81 27 79 80 81
19 20 19 20
22 25 22 25
30 81 30 80 81
11 88 11 33 72 88
19 20 19 20
34 86 34 67 72 86
51 75 51 58 61 75
25 48 25 33 37 48
59 86 59 71 83 86
40 72 40 42 57 72
30 79 30 48 79
27 79 27 44 79
56 63 56 62 63
2 37 2 33 37
30 66 30 48 54 59 66
35 41 35 41
37 75 37 51 58 61 75
1 16 1 13 16
3 82 3 14 25 63 82
43 73 43 47 67 73
4 9 4 8 9
43 53 43 44 53
43 80 43 75 78 80
38 63 38 42 57 63
28 72 28 35 56 62 72
2 78 2 9 24 34 67 72 78
11 30 11 20 30
19 63 19 56 62 63
15 26 15 21 26
3 51 3 37 49 51
14 58 14 25 35 39 58
37 84 37 40 78 84
31 43 31 43
2 63 2 57 63
11 34 11 20 30 34
39 82 39 58 64 71 82
33 83 33 51 59 66 71 83
16 50 16 28 41 50
11 77 11 77
31 63 31 56 62 63
26 61 26 40 51 58 61
14 82 14 34 47 61 64 82
15 89 15 22 62 63 80 83 89
21 82 21 40 72 82
69 88 69 88
14 63 14 34 45 57 63
4 16 4 13 16
1 51 1 37 49 51
59 71 59 71
22 57 22 34 44 55 57
14 37 14 19 33 37
20 54 20 32 48 54
13 81 13 24 55 67 72 78 80 81
18 89 18 22 62 72 78 81 83 89
22 58 22 34 38 41 49 51 58
40 63 40 42 62 63
33 75 33 37 49 51 58 61 75
43 44 43 44
1 70 1 13 14 30 34 38 41 70
25 67 25 33 52 67
4 77 4 60 66 77
2 26 2 9 20 26
22 43 22 31 43
28 72 28 35 56 62 72
72 86 72 86
51 83 51 58 64 81 83
33 48 33 37 48
49 88 49 72 88
40 82 40 51 59 66 71 82
3 64 3 51 59 64
14 33 14 19 33
30 44 30 34 44
68 82 68 74 82
30 53 30 41 53
20 44 20 30 44
41 73 41 50 51 67 73
21 60 21 26 40 51 60
57 80 57 63 80
39 82 39 60 66 71 82
22 59 22 25 33 49 51 59
22 77 22 43 44 51 59 66 77
31 70 31 43 70
2 72 2 13 28 35 72
3 43 3 21 26 28 35 43
19 57 19 38 41 57
21 51 21 40 42 51
33 86 33 51 67 72 78 81 83 86
43 86 43 64 80 83 86
16 73 16 44 73
41 81 41 59 66 78 80 81
6 44 6 44
28 37 28 37
85 88 85 88
57 86 57 83 86
4 58 4 49 51 58
30 52 30 34 45 52
78 81 78 80 81
7 75 7 33 51 58 61 75
27 45 27 34 45
41 80 41 49 72 78 80
33 84 33 61 75 78 84
43 71 43 70 71
28 64 28 58 64
49 51 49 51
60 86 60 66 78 81 83 86
22 89 22 31 39 57 78 80 81 83 89
9 66 9 50 59 66
18 33 18 22 25 33
2 9 2 9
15 63 15 30 34 45 63
16 48 16 24 32 48
3 37 3 16 29 36 37
20 81 20 66 78 80 81
19 82 19 82
8 78 8 28 37 72 78
62 88 62 63 83 86 88
15 51 15 30 41 50 51
25 75 25 61 75
4 27 4 8 13 24 27
38 72 38 42 51 58 67 72
15 26 15 21 26
13 67 13 14 19 20 32 58 67
4 70 4 70
30 66 30 50 59 66
7 71 7 42 70 71
9 75 9 13 14 34 48 54 75
34 53 34 38 41 53
15 60 15 30 41 49 51 60
7 79 7 14 25 38 41 79
8 37 8 28 37
23 66 23 66
7 53 7 14 25 35 41 53
56 82 56 74 82
22 63 22 33 37 40 63
62 72 62 72
34 50 34 38 41 50
13 75 13 14 34 48 61 75
19 63 19 33 37 40 42 62 63
49 59 49 51 59
25 81 25 63 80 81
11 82 11 35 43 44 51 59 66 71 82
60 83 60 66 71 83
27 47 27 32 47
33 73 33 52 67 73
2 13 2 13
18 63 18 22 43 62 63
34 86 34 45 67 72 78 81 83 86
34 48 34 48
30 71 30 54 59 71
57 86 57 83 86
28 63 28 35 43 44 55 57 63
16 75 16 29 43 75
58 67 58 67
13 67 13 36 48 52 67
23 67 23 55 58 67
9 80 9 13 36 59 64 80
2 88 2 82 85 88
26 44 26 28 35 43 44
15 60 15 30 39 60
18 88 18 22 87 88
56 88 56 82 85 88
21 37 21 26 28 37
26 80 26 28 41 59 64 80
42 64 42 51 59 64
6 66 6 16 23 49 51 60 66
18 26 18 21 26
21 78 21 40 78
57 81 57 63 80 81
15 34 15 30 34
39 89 39 58 61 75 80 83 89
35 43 35 43
19 58 19 38 42 51 58
18 20 18 20
4 78 4 8 58 78
34 45 34 45
9 80 9 62 63 80
21 57 21 26 38 41 57
18 77 18 59 77
7 48 7 28 37 48
27 36 27 29 36
33 81 33 62 63 80 81
4 41 4 41
34 75 34 38 42 51 58 61 75
4 78 4 70 72 78
14 64 14 42 51 64
6 32 6 16 24 32
16 45 16 24 34 45
6 55 6 18 20 32 44 55
39 60 39 60
7 71 7 42 64 71
34 79 34 79
11 37 11 20 26 28 37
40 58 40 42 51 58
25 54 25 33 37 48 54
4 13 4 13
72 81 72 78 80 81
22 60 22 31 39 60
59 81 59 64 81
58 71 58 64 71
42 58 42 51 58
25 71 25 38 42 64 71
20 86 20 32 47 67 72 78 81 83 86
23 84 23 44 78 84
38 41 38 41
19 26 19 20 26
51 83 51 59 64 81 83
40 51 40 42 51
23 86 23 57 80 81 83 86
26 61 26 38 42 51 58 61
7 52 7 28 37 52
28 70 28 41 70
1 78 1 39 60 66 78
6 44 6 16 35 43 44
23 80 23 37 40 63 80
57 80 57 63 80
72 81 72 78 81
27 73 27 44 55 58 67 73
21 57 21 42 57
35 58 35 41 49 51 58
27 75 27 58 61 75
34 67 34 48 54 67
2 51 2 23 44 51
4 57 4 13 28 37 40 42 57
26 84 26 42 64 71 84
28 77 28 35 43 52 77
56 72 56 62 72
3 88 3 58 85 88
22 33 22 33
60 86 60 66 83 86
6 29 6 17 29
28 60 28 49 51 60
9 32 9 13 20 32
16 66 16 28 35 59 66
2 37 2 18 21 26 28 37
13 66 13 29 37 51 60 66
38 58 38 42 51 58
20 83 20 72 78 81 83
38 70 38 42 70
20 81 20 66 78 81
33 66 33 49 51 60 66
57 86 57 63 83 86
13 50 13 36 50
2 63 2 13 36 37 40 42 57 63
8 82 8 28 49 51 64 82
18 37 18 20 26 28 37
64 81 64 81
40 60 40 51 60
59 66 59 66
16 45 16 24 34 45
30 55 30 44 55
31 59 31 43 44 51 59
19 26 19 21 26
21 37 21 26 28 37
8 13 8 13
37 48 37 48
31 60 31 43 44 51 60
25 44 25 35 43 44
18 82 18 59 64 82
33 67 33 52 67
23 83 23 32 44 51 64 80 81 83
6 47 6 15 26 28 35 43 47
13 52 13 28 37 48 52
9 83 9 57 72 78 81 83
43 44 43 44
21 58 21 26 28 37 40 51 58
21 64 21 26 42 64
43 86 43 75 78 80 81 83 86
22 58 22 43 44 55 58
9 61 9 32 44 61
3 51 3 15 22 34 45 50 51
2 82 2 31 43 62 72 82
16 32 16 27 32
16 84 16 40 60 66 71 84
2 23 2 9 13 16 23
11 59 11 21 59
37 66 37 40 42 51 60 66
56 78 56 78
3 70 3 30 41 70
7 44 7 32 44
38 88 38 60 82 85 88
51 73 51 67 73
26 54 26 28 37 48 54
6 53 6 31 43 44 53
1 82 1 72 82
60 66 60 66
39 77 39 46 77
19 37 19 33 37
3 20 3 14 19 20
2 89 2 63 83 89
2 58 2 31 39 58
16 75 16 28 37 51 58 61 75
31 51 31 43 44 51
8 82 8 40 64 68 74 82
4 58 4 41 49 51 58
40 64 40 42 64
15 26 15 21 26
9 29 9 24 29
58 80 58 64 80
8 23 8 9 13 16 23
23 54 23 37 48 54
8 89 8 41 57 83 89
43 66 43 44 51 60 66
9 83 9 50 59 66 78 81 83
49 51 49 51
33 67 33 49 51 58 67
22 25 22 25
64 83 64 80 83
13 61 13 26 42 51 58 61
41 75 41 49 51 58 61 75
41 79 41 79
43 73 43 52 67 73
8 26 8 13 26
2 63 2 14 19 20 39 57 63
43 53 43 44 53
39 58 39 58
16 80 16 29 48 72 78 80
20 71 20 26 40 64 71
42 89 42 70 71 83 89
34 79 34 79
42 77 42 51 60 66 77
9 66 9 13 28 37 49 51 59 66
20 67 20 26 42 51 58 67
30 52 30 48 52
34 44 34 44
3 51 3 14 31 43 44 51
49 60 49 51 60
21 89 21 59 71 83 89
18 20 18 20
39 58 39 58
9 44 9 16 44
15 88 15 22 34 48 88
27 79 27 34 79
49 89 49 72 78 84 89
31 77 31 39 60 66 77
2 78 2 70 72 78
1 51 1 19 43 44 51
74 82 74 82
6 73 6 31 43 47 67 73
27 81 27 52 67 72 78 81
25 53 25 38 41 53
43 81 43 64 81
37 75 37 48 61 75
30 81 30 48 61 75 78 81
16 32 16 27 32
41 66 41 66
9 17 9 17
43 81 43 62 63 80 81
22 89 22 34 79 80 81 83 89
31 70 31 43 70
1 63 1 39 57 63
23 54 23 28 37 48 54
23 44 23 44
25 55 25 35 43 44 55
40 72 40 51 58 67 72
60 83 60 66 83
51 61 51 58 61
3 58 3 14 34 45 50 51 58
7 75 7 32 48 75
59 86 59 64 81 83 86
34 54 34 48 54
25 48 25 33 37 48
23 75 23 28 37 40 51 58 61 75
38 51 38 42 51
22 58 22 34 38 42 51 58
8 70 8 13 28 41 70
39 58 39 58
39 57 39 57
37 84 37 51 58 61 75 78 84
6 55 6 15 26 55
37 84 37 84
41 50 41 50
4 72 4 56 62 72
8 13 8 13
9 45 9 24 30 34 45
16 50 16 35 41 50
9 53 9 17 29 43 44 53
13 71 13 49 51 59 66 71
26 61 26 28 49 51 58 61
16 75 16 31 43 44 55 58 61 75
11 63 11 33 37 40 42 62 63
70 84 70 72 78 84
26 84 26 75 78 84
7 29 7 29
3 78 3 27 78
6 83 6 44 79 80 81 83
1 72 1 58 67 72
60 86 60 66 83 86
22 43 22 25 35 43
21 57 21 40 42 57
11 63 11 20 40 63
21 58 21 58
30 45 30 34 45
14 30 14 30
34 53 34 38 41 53
14 64 14 59 64
15 51 15 21 42 51
3 16 3 9 13 16
2 41 2 9 13 26 38 41
26 47 26 28 35 43 47
59 81 59 66 78 81
22 89 22 43 44 55 61 75 83 89
23 44 23 32 44
7 48 7 15 26 28 37 48
18 58 18 34 38 42 51 58
6 47 6 31 43 47
43 86 43 80 83 86
16 79 16 27 29 48 79
43 47 43 47
11 20 11 20
51 84 51 64 71 84
18 70 18 34 38 41 70
11 59 11 33 37 40 51 59
28 72 28 37 48 54 72
14 30 14 30
26 67 26 28 37 51 58 67
13 71 13 20 39 60 66 71
58 75 58 61 75
51 84 51 59 66 78 84
28 60 28 49 51 60
37 66 37 51 60 66
34 61 34 48 61
14 70 14 19 33 37 40 42 70
35 59 35 43 44 51 59
70 81 70 81
9 47 9 16 27 32 47
51 61 51 58 61
28 89 28 41 50 59 89
34 44 34 44
14 51 14 19 21 40 51
1 58 1 49 51 58
34 61 34 45 50 51 58 61
43 61 43 47 61
23 55 23 25 35 43 44 55
51 67 51 67
27 75 27 32 44 51 58 61 75
30 66 30 39 60 66
30 61 30 44 51 58 61
14 51 14 28 35 43 44 51
11 34 11 20 30 34
43 61 43 44 61
58 81 58 61 75 80 81
49 72 49 51 58 67 72
87 88 87 88
14 37 14 25 33 37
1 51 1 13 24 34 38 41 49 51
1 70 1 19 20 30 34 38 70
16 24 16 24
9 83 9 57 72 78 81 83
27 36 27 29 36
1 34 1 3 9 20 30 34
37 79 37 48 79
13 81 13 29 36 48 79 80 81
62 82 62 72 82
13 86 13 64 86
1 7 1 7
42 72 42 57 72
28 77 28 35 43 47 77
51 67 51 58 67
38 82 38 41 57 72 82
20 67 20 39 58 67
16 45 16 27 34 45
31 64 31 43 64
3 16 3 16
2 27 2 9 24 27
38 64 38 41 49 51 58 61 64
26 61 26 38 42 51 58 61
18 88 18 22 31 39 60 69 87 88
49 89 49 72 78 80 83 89
9 79 9 20 30 41 79
19 57 19 20 32 44 55 57
11 72 11 35 72
58 75 58 61 75
38 63 38 42 57 63
35 59 35 43 44 51 59
1 72 1 37 48 72
20 79 20 26 28 37 48 79
3 63 3 27 34 44 55 57 63
14 33 14 19 33
38 51 38 41 49 51
59 81 59 64 81
13 79 13 29 37 48 79
42 89 42 64 80 83 89
8 89 8 41 57 83 89
26 66 26 40 51 60 66
23 86 23 55 67 72 86
1 78 1 72 78
38 63 38 41 63
31 72 31 43 62 72
26 47 26 28 35 43 47
31 64 31 56 64
42 59 42 51 59
15 43 15 22 43
35 70 35 43 70
39 58 39 58
51 73 51 58 73
27 80 27 79 80
27 66 27 34 44 51 60 66
49 82 49 51 60 82
9 81 9 16 31 56 78 80 81
7 32 7 14 19 20 32
13 73 13 16 23 44 51 58 73
57 81 57 63 80 81
40 51 40 51
1 41 1 3 27 34 38 41
34 48 34 48
38 63 38 41 57 63
42 58 42 51 58
20 53 20 30 34 44 53
14 43 14 19 43
27 50 27 34 45 50
16 32 16 23 32
41 80 41 63 80
15 57 15 30 34 38 41 57
14 89 14 19 21 42 51 64 81 83 89
22 82 22 62 74 82
27 83 27 70 81 83
28 43 28 35 43
39 60 39 60
25 84 25 35 39 57 78 84
9 52 9 32 48 52
23 54 23 32 48 54
51 73 51 58 67 73
35 82 35 63 82
3 59 3 27 34 48 54 59
41 81 41 72 78 80 81
21 82 21 58 64 68 74 82
20 86 20 32 53 80 83 86
27 61 27 29 37 51 58 61
28 58 28 35 39 58
22 70 22 43 70
39 77 39 58 77
28 72 28 37 49 51 67 72
3 82 3 38 60 82
4 89 4 8 40 78 84 89
22 59 22 25 33 49 51 59
1 58 1 2 23 28 37 51 58
15 34 15 22 34
35 63 35 56 62 63
35 41 35 41
16 75 16 28 37 51 58 61 75
4 59 4 8 34 38 41 50 51 59
27 44 27 44
2 58 2 13 16 40 51 58
43 80 43 70 72 78 80
34 81 34 44 78 81
51 81 51 80 81
30 54 30 48 54
39 82 39 60 66 71 82
43 44 43 44
78 84 78 84
9 61 9 32 44 61
19 26 19 20 26
8 9 8 9
4 33 4 23 25 33
30 55 30 34 45 55
33 84 33 51 64 71 84
49 89 49 72 78 80 81 83 89
39 63 39 57 63
26 75 26 28 58 61 75
31 78 31 39 60 66 78
34 71 34 44 64 71
7 75 7 15 58 61 75
38 57 38 42 57
14 89 14 70 71 83 89
30 83 30 50 51 80 81 83
72 81 72 78 80 81
18 59 18 20 26 42 51 59
1 58 1 13 28 37 40 51 58
2 26 2 9 20 26
3 72 3 51 58 67 72
16 52 16 27 32 48 52
26 84 26 42 64 71 84
9 86 9 32 58 78 80 83 86
56 78 56 78
16 73 16 27 44 73
58 71 58 61 64 71
27 52 27 32 48 52
38 41 38 41
39 57 39 57
19 88 19 78 80 81 83 88
28 60 28 37 40 51 60
25 75 25 35 41 49 51 58 61 75
33 67 33 49 51 58 67
28 63 28 41 63
27 48 27 29 37 48
23 79 23 35 43 44 55 79
2 41 2 14 25 35 41
3 51 3 14 34 38 41 50 51
11 60 11 35 39 60
8 60 8 41 50 51 60
13 75 13 48 54 75
43 73 43 47 67 73
1 64 1 7 49 51 59 64
35 58 35 41 50 51 58
3 30 3 9 13 20 30
74 88 74 85 88
2 27 2 9 16 27
38 51 38 41 49 51
7 81 7 15 21 58 61 75 78 81
38 41 38 41
34 61 34 48 61
34 83 34 59 71 83
31 64 31 39 58 61 64
22 43 22 43
7 54 7 28 37 48 54
59 84 59 71 84
3 89 3 51 58 77 89
49 72 49 72
27 52 27 52
16 52 16 28 37 52
3 70 3 27 29 37 40 42 70
15 30 15 30
14 88 14 70 81 83 86 88
20 73 20 32 44 73
33 86 33 61 75 83 86
6 32 6 27 32
63 81 63 80 81
4 34 4 13 16 27 34
35 78 35 59 66 78
4 23 4 8 13 16 23
74 88 74 85 88
15 51 15 21 42 51
26 55 26 28 35 43 44 55
27 81 27 52 64 80 81
34 73 34 38 42 51 67 73
6 44 6 27 34 44
38 77 38 42 46 77
41 75 41 49 51 58 61 75
1 78 1 19 62 72 78
20 75 20 32 58 61 75
28 57 28 41 57
39 82 39 58 61 64 71 82
22 88 22 25 38 42 62 63 83 88
21 89 21 40 64 71 84 89
21 41 21 26 38 41
43 55 43 44 55
11 64 11 64
51 61 51 58 61
9 17 9 17
14 43 14 19 20 26 28 35 43
21 70 21 42 70
40 51 40 42 51
57 84 57 78 84
15 82 15 30 41 63 82
20 73 20 73
3 25 3 16 23 25
62 82 62 63 82
15 72 15 26 38 42 57 72
42 60 42 51 60
3 63 3 27 34 44 55 63
3 82 3 14 25 63 82
72 83 72 78 81 83
19 89 19 21 58 77 89
14 33 14 19 33
6 81 6 54 67 72 78 80 81
2 16 2 9 13 16
4 23 4 8 13 16 23
19 63 19 38 42 57 63
31 58 31 43 44 55 58
25 44 25 35 43 44
15 59 15 22 43 44 51 59
26 86 26 80 83 86
9 17 9 17
16 48 16 23 28 37 48
35 41 35 41
8 20 8 9 20
20 44 20 30 44
35 51 35 41 49 51
31 58 31 43 44 55 58
4 9 4 8 9
40 82 40 64 68 74 82
18 89 18 21 58 77 89
30 86 30 39 57 63 80 81 83 86
62 82 62 72 82
23 66 23 49 51 59 66
14 37 14 28 37
35 59 35 59
19 89 19 20 77 89
8 26 8 9 20 26
2 70 2 18 20 30 41 70
13 36 13 24 29 36
70 84 70 71 84
23 53 23 35 43 44 53
28 78 28 35 56 62 72 78
15 59 15 30 41 59
22 89 22 60 66 71 84 89
2 70 2 23 37 40 42 70
33 48 33 37 48
63 83 63 80 81 83
8 60 8 28 37 51 60
30 53 30 53
30 79 30 48 79
19 63 19 38 42 62 63
4 78 4 30 41 78
18 59 18 20 32 51 59
30 86 30 48 52 83 86
2 59 2 33 51 59
4 64 4 23 28 49 51 64
6 80 6 21 26 75 80
16 55 16 28 35 43 44 55
14 82 14 68 74 82
25 79 25 79
21 88 21 40 78 85 88
3 88 3 30 44 84 88
16 45 16 27 34 45
23 66 23 37 40 42 51 60 66
41 53 41 53
9 84 9 17 51 67 72 78 84
28 89 28 64 80 81 83 89
30 83 30 39 57 83
23 53 23 35 43 44 53
43 66 43 44 51 60 66
18 63 18 34 44 55 57 63
18 26 18 21 26
30 79 30 41 79
63 81 63 80 81
4 58 4 41 50 51 58
38 51 38 42 51
51 83 51 64 80 83
26 71 26 38 42 51 60 66 71
7 66 7 49 51 60 66
25 50 25 38 41 50
42 70 42 70
13 50 13 24 50
39 82 39 60 66 71 82
2 63 2 13 29 43 44 55 63
20 67 20 55 67
49 64 49 51 59 64
41 71 41 50 59 64 71
18 37 18 22 33 37
40 59 40 42 51 59
42 64 42 51 58 61 64
13 79 13 48 79
9 73 9 50 51 67 73
28 77 28 46 77
14 43 14 31 43
33 48 33 37 48
56 78 56 78
21 26 21 26
25 50 25 38 41 50
30 52 30 34 45 52
70 71 70 71
14 59 14 25 38 41 59
3 77 3 14 28 58 67 77
6 52 6 15 22 25 33 52
23 86 23 55 63 80 81 83 86
7 47 7 14 25 35 43 47
31 82 31 68 74 82
7 44 7 32 44
7 71 7 42 64 71
9 47 9 16 29 36 43 47
39 82 39 57 82
1 58 1 13 28 37 40 51 58
31 64 31 56 64
2 43 2 23 28 35 43
23 80 23 32 58 64 80
26 84 26 42 64 71 84
37 81 37 40 64 81
19 30 19 20 30
28 82 28 41 67 72 82
40 89 40 42 51 80 81 83 89
70 86 70 81 83 86
63 81 63 80 81
13 55 13 29 43 44 55
8 58 8 34 44 51 58
8 58 8 13 36 37 51 58
14 78 14 28 58 78
30 45 30 34 45
13 29 13 29
4 63 4 13 36 55 63
21 41 21 26 38 41
37 84 37 72 78 84
35 63 35 41 63
8 88 8 9 60 66 71 84 88
43 75 43 75
6 55 6 30 44 55
26 54 26 28 37 48 54
30 54 30 48 54
30 73 30 48 52 67 73
25 86 25 79 81 83 86
1 13 1 2 13
13 55 13 14 34 44 55
21 43 21 26 28 35 43
39 78 39 57 78
49 72 49 72
35 51 35 43 44 51
42 78 42 62 72 78
22 70 22 34 38 41 70
20 66 20 30 54 59 66
35 64 35 59 64
14 58 14 30 44 51 58
38 51 38 42 51
30 52 30 34 48 52
14 51 14 25 35 41 49 51
22 89 22 25 35 56 62 72 78 81 83 89
16 81 16 29 81
14 34 14 19 20 30 34
64 71 64 71
34 52 34 48 52
25 66 25 33 39 60 66
25 52 25 33 52
35 77 35 59 66 77
11 82 11 20 40 42 70 72 82
15 82 15 58 61 75 82
7 54 7 28 37 48 54
9 17 9 17
30 45 30 34 45
16 73 16 38 42 51 67 73
42 63 42 57 63
9 47 9 20 26 28 35 43 47
11 51 11 33 51
28 72 28 41 57 72
35 59 35 59
34 52 34 48 52
9 71 9 24 50 59 71
31 70 31 43 70
11 20 11 20
27 80 27 32 51 64 80
4 64 4 56 64
78 80 78 80
18 88 18 72 88
35 82 35 63 82
33 67 33 49 51 58 67
15 60 15 22 43 44 51 60
4 51 4 49 51
31 88 31 56 82 85 88
14 41 14 28 35 41
6 36 6 17 29 36
16 24 16 24
51 81 51 67 72 78 80 81
7 81 7 57 63 80 81
51 67 51 67
1 13 1 2 13
8 41 8 28 41
78 81 78 81
37 52 37 52
19 30 19 20 30
4 34 4 13 16 27 34
60 66 60 66
20 53 20 30 53
15 89 15 58 78 84 89
13 36 13 16 29 36
13 50 13 36 50
21 64 21 26 42 64
56 78 56 62 72 78
34 53 34 38 41 53
3 16 3 9 13 16
6 86 6 27 34 79 80 83 86
21 57 21 42 57
3 72 3 21 58 67 72
59 83 59 71 83
4 60 4 23 49 51 60
26 73 26 67 73
74 82 74 82
16 66 16 35 59 66
30 44 30 44
38 70 38 70
35 43 35 43
43 75 43 75
43 44 43 44
11 89 11 58 67 72 78 84 89
27 83 27 70 72 78 81 83
6 80 6 80
25 67 25 33 52 67
9 36 9 16 29 36
16 55 16 28 35 43 44 55
63 80 63 80
37 81 37 40 64 81
62 82 62 63 82
7 55 7 14 25 35 43 44 55
6 84 6 40 78 84
8 64 8 13 14 34 47 61 64
27 29 27 29
1 27 1 7 27
13 86 13 83 86
30 54 30 48 54
16 24 16 24
34 45 34 45
4 63 4 56 62 63
34 66 34 59 66
40 60 40 60
4 25 4 8 9 16 23 25
78 84 78 84
34 75 34 44 55 58 61 75
85 88 85 88
59 71 59 66 71
27 81 27 72 78 81
51 66 51 60 66
35 57 35 41 57
22 51 22 33 37 49 51
30 79 30 48 79
30 50 30 34 45 50
70 80 70 72 78 80
11 72 11 21 26 67 72
6 61 6 24 27 29 36 37 40 42 51 58 61
70 81 70 72 78 80 81
33 48 33 37 48
43 79 43 44 79
25 66 25 38 42 51 59 66
4 20 4 8 13 20
13 44 13 26 28 35 43 44
22 34 22 34
15 82 15 58 68 74 82
31 72 31 56 62 72
34 45 34 45
18 70 18 34 38 41 70
34 79 34 48 79
35 88 35 41 49 69 87 88
13 66 13 14 25 33 39 60 66
30 53 30 53
3 37 3 27 29 37
2 23 2 13 16 23
7 75 7 33 51 58 61 75
8 16 8 13 16
14 78 14 28 49 51 67 72 78
27 52 27 32 48 52
34 73 34 44 51 67 73
38 57 38 42 57
69 88 69 88
16 67 16 29 36 48 54 67
41 71 41 59 66 71
3 41 3 15 26 28 41
31 63 31 43 44 55 63
22 59 22 59
43 53 43 44 53
4 72 4 56 62 72
37 80 37 49 72 78 80
14 43 14 31 43
11 34 11 20 30 34
6 67 6 24 32 58 67
4 59 4 30 41 50 51 59
41 50 41 50
37 66 37 51 59 66
41 80 41 79 80
1 88 1 88
9 67 9 20 26 55 58 67
15 25 15 22 25
51 66 51 60 66
16 29 16 24 27 29
9 45 9 24 30 34 45
27 44 27 29 36 43 44
40 58 40 51 58
20 71 20 66 71
59 80 59 64 80
43 83 43 70 72 78 81 83
1 72 1 39 58 67 72
69 88 69 88
34 84 34 48 54 75 78 84
26 54 26 28 37 48 54
27 52 27 32 48 52
40 78 40 51 60 66 78
41 83 41 50 59 71 83
40 64 40 51 59 64
22 89 22 33 67 72 78 80 81 83 89
39 58 39 58
57 86 57 83 86
11 26 11 21 26
23 80 23 32 66 78 80
14 41 14 34 38 41
8 33 8 9 13 14 25 33
31 82 31 39 58 61 75 82
49 82 49 51 58 67 82
35 63 35 43 62 63
3 88 3 14 30 48 72 82 85 88
6 73 6 40 51 67 73
1 82 1 68 74 82
58 73 58 73
8 37 8 13 24 29 37
22 88 22 34 86 88
37 61 37 40 42 51 58 61
23 52 23 37 52
1 70 1 13 14 25 38 70
9 86 9 24 43 80 83 86
7 29 7 27 29
34 52 34 48 52
27 66 27 34 45 50 60 66
25 71 25 38 42 64 71
14 30 14 30
7 48 7 28 37 48
51 81 51 59 66 78 81
6 54 6 15 22 34 48 54
35 43 35 43
27 75 27 34 44 61 75
40 72 40 42 62 72
41 81 41 72 78 80 81
2 37 2 18 21 26 28 37
34 81 34 48 75 78 81
25 73 25 33 67 73
8 13 8 13
27 54 27 29 37 48 54
15 77 15 46 77
2 13 2 9 13
41 86 41 72 78 80 83 86
60 86 60 66 71 83 86
9 48 9 13 28 37 48
16 83 16 38 70 81 83
8 64 8 28 37 40 51 59 64
18 20 18 20
43 44 43 44
39 88 39 57 83 88
16 61 16 48 61
3 23 3 16 23
34 48 34 48
22 43 22 25 35 43
16 80 16 38 41 63 80
25 83 25 35 39 58 64 81 83
28 88 28 87 88
78 81 78 81
33 54 33 37 48 54
8 77 8 28 37 52 67 77
18 77 18 21 58 67 77
13 86 13 48 75 83 86
41 79 41 79
26 86 26 80 83 86
39 89 39 46 77 89
33 71 33 49 51 60 66 71
9 67 9 50 51 58 67
30 50 30 41 50
64 86 64 80 81 83 86
21 60 21 42 51 60
18 77 18 21 42 46 77
51 66 51 60 66
30 47 30 34 47
13 50 13 20 30 41 50
38 88 38 60 82 85 88
1 37 1 3 21 26 28 37
31 64 31 56 64
28 41 28 35 41
3 30 3 14 30
43 79 43 44 55 79
9 61 9 24 27 32 48 61
9 84 9 32 47 75 78 84
25 55 25 35 43 44 55
27 48 27 34 48
11 59 11 20 59
3 16 3 16
8 88 8 41 59 66 83 88
14 78 14 42 62 72 78
85 88 85 88
43 79 43 44 55 79
1 43 1 13 16 27 29 36 43
31 59 31 43 44 51 59
9 71 9 13 20 32 66 71
78 80 78 80
35 72 35 43 44 51 67 72
8 77 8 40 42 46 77
2 58 2 18 21 58
14 59 14 19 33 49 51 59
11 89 11 20 26 28 35 39 46 77 89
56 89 56 78 84 89
9 29 9 24 27 29
25 50 25 35 41 50
15 37 15 22 33 37
9 24 9 16 24
26 53 26 28 35 41 53
27 50 27 34 38 41 50
70 81 70 72 78 80 81
40 59 40 42 51 59
1 7 1 7
14 25 14 25
8 58 8 28 49 51 58
30 80 30 48 61 75 80
59 80 59 66 78 80
8 72 8 41 53 72
22 70 22 34 38 42 70
8 64 8 13 24 54 59 64
9 73 9 32 48 52 67 73
70 83 70 81 83
1 78 1 39 57 72 78
13 44 13 28 35 43 44
70 80 70 72 78 80
14 58 14 30 44 51 58
41 81 41 70 72 78 81
19 63 19 62 63
42 70 42 70
25 86 25 80 81 83 86
59 81 59 66 78 80 81
18 64 18 59 64
16 29 16 29
20 73 20 73
23 47 23 28 35 43 47
16 44 16 29 36 43 44
37 48 37 48
40 58 40 51 58
3 89 3 37 48 52 64 81 83 89
1 41 1 3 9 20 26 38 41
1 88 1 19 82 85 88
4 25 4 8 13 14 25
14 82 14 28 37 59 64 68 74 82
14 43 14 28 35 43
9 83 9 20 55 79 83
9 32 9 17 20 32
9 73 9 32 51 67 73
20 50 20 30 41 50
8 59 8 9 24 43 44 51 59
2 43 2 14 31 43
26 84 26 55 84
34 75 34 38 42 51 58 61 75
9 75 9 16 23 28 41 50 51 58 61 75
6 66 6 27 44 51 60 66
40 78 40 60 66 78
1 78 1 37 48 54 72 78
13 75 13 28 58 61 75
1 37 1 19 33 37
26 71 26 55 61 64 71
58 80 58 67 72 78 80
43 75 43 75
2 9 2 9
13 48 13 20 32 48
30 71 30 48 54 59 64 71
19 58 19 33 37 40 42 51 58
6 71 6 15 30 39 58 64 71
3 25 3 9 17 25
11 41 11 21 26 38 41
15 59 15 21 59
30 79 30 34 45 55 79
20 61 20 39 58 61
39 58 39 58
22 70 22 43 70
2 9 2 9
31 78 31 39 60 66 78
26 79 26 55 79
38 41 38 41
26 52 26 28 37 52
37 71 37 59 71
22 77 22 25 38 41 53 77
8 82 8 62 63 82
18 20 18 20
35 82 35 72 82
7 54 7 28 37 48 54
42 64 42 51 58 61 64
11 60 11 35 41 49 51 60
19 57 19 38 41 57
1 25 1 2 13 14 25
26 79 26 55 79
22 60 22 33 49 51 60
21 60 21 42 51 60
1 30 1 13 16 24 30
34 53 34 44 53
58 75 58 61 75
49 82 49 72 82
30 52 30 34 45 52
7 75 7 33 51 58 61 75
26 52 26 28 37 48 52
19 30 19 20 30
20 45 20 30 34 45
35 63 35 43 62 63
14 34 14 19 20 30 34
20 81 20 40 64 80 81
21 63 21 40 42 57 63
70 86 70 71 83 86
18 59 18 22 43 44 51 59
1 82 1 2 13 29 43 62 74 82
3 20 3 9 17 20
51 80 51 60 66 78 80
8 25 8 13 14 25
21 51 21 26 28 41 50 51
49 82 49 51 64 82
64 81 64 81
20 84 20 56 78 84
27 79 27 44 79
3 9 3 9
7 47 7 14 19 20 26 28 35 43 47
56 64 56 64
18 59 18 20 30 54 59
30 75 30 48 54 75
3 59 3 14 42 51 59
26 75 26 75
8 51 8 13 26 42 51
14 33 14 19 33
7 80 7 62 72 78 80
19 89 19 43 47 83 89
28 89 28 58 67 77 89
15 64 15 21 26 28 49 51 64
59 84 59 64 71 84
2 70 2 13 14 25 35 41 70
3 82 3 27 53 72 82
2 78 2 23 37 59 66 78
23 44 23 35 43 44
20 50 20 26 38 41 50
18 58 18 20 30 50 51 58
26 55 26 55
21 70 21 40 42 70
72 83 72 78 80 83
4 20 4 13 14 19 20
9 47 9 16 23 28 35 43 47
18 78 18 22 43 70 72 78
62 63 62 63
25 67 25 35 43 44 55 67
13 84 13 72 78 84
7 71 7 42 51 58 64 71
87 88 87 88
35 59 35 59
40 64 40 42 64
28 37 28 37
15 59 15 22 34 45 50 51 59
34 86 34 45 50 59 71 83 86
34 47 34 47
1 25 1 2 13 14 25
40 89 40 60 66 78 84 89
57 80 57 80
56 88 56 62 63 83 88
9 36 9 17 29 36
2 27 2 9 16 27
25 86 25 79 81 83 86
2 64 2 31 43 64
20 61 20 30 34 38 41 50 51 58 61
18 34 18 22 34
1 88 1 39 57 74 85 88
34 83 34 67 72 78 81 83
16 55 16 31 43 44 55
41 73 41 67 73
21 51 21 40 42 51
27 61 27 44 55 58 61
2 63 2 9 17 55 57 63
20 73 20 32 44 73
1 23 1 2 13 16 23
6 71 6 24 64 71
39 89 39 46 77 89
43 80 43 52 64 80
43 66 43 44 51 60 66
11 88 11 20 66 77 88
49 72 49 51 58 67 72
3 26 3 15 21 26
8 13 8 13
51 86 51 59 66 71 83 86
25 54 25 33 37 48 54
18 25 18 22 25
4 89 4 41 72 78 84 89
28 88 28 37 87 88
78 86 78 81 83 86
7 84 7 14 19 20 59 64 71 84
58 73 58 73
34 48 34 48
30 71 30 48 54 59 64 71
41 75 41 49 51 58 61 75
6 86 6 17 70 86
13 80 13 20 56 64 80
16 44 16 44
42 89 42 70 72 78 81 83 89
38 59 38 41 50 51 59
14 63 14 28 41 57 63
42 51 42 51
33 80 33 78 80
21 70 21 42 70
26 53 26 28 41 53
11 78 11 59 66 78
1 82 1 49 72 82
20 71 20 32 66 71
57 80 57 63 80
33 61 33 61
25 66 25 40 51 60 66
9 36 9 17 29 36
34 79 34 45 55 79
33 86 33 49 51 60 66 83 86
21 51 21 42 51
49 78 49 51 60 66 78
16 53 16 38 41 53
8 70 8 13 36 37 40 42 70
13 47 13 36 43 47
3 43 3 14 19 20 26 28 35 43
34 44 34 44
9 45 9 24 30 34 45
51 67 51 58 67
58 83 58 67 72 78 80 81 83
2 43 2 23 25 35 43
27 55 27 34 45 55
30 86 30 53 80 83 86
43 66 43 44 51 60 66
39 64 39 58 64
22 89 22 60 66 71 84 89
34 55 34 44 55
70 71 70 71
39 57 39 57
25 84 25 62 72 78 84
64 84 64 71 84
56 82 56 62 72 82
59 66 59 66
3 25 3 14 25
31 70 31 43 70
18 26 18 20 26
43 55 43 44 55
2 43 2 9 16 24 27 29 36 43
33 67 33 49 51 58 67
34 52 34 48 52
7 54 7 28 37 48 54
8 51 8 13 49 51
2 70 2 13 16 23 25 40 42 70
14 70 14 70
11 41 11 35 41
37 75 37 40 51 58 61 75
34 45 34 45
4 16 4 8 9 16
35 57 35 41 57
51 73 51 58 73
20 86 20 32 53 80 83 86
34 47 34 47
72 86 72 78 81 83 86
41 71 41 50 60 66 71
1 9 1 2 9
27 47 27 32 47
6 48 6 15 22 25 33 37 48
37 52 37 52
4 27 4 8 9 16 27
38 59 38 41 59
38 51 38 41 50 51
78 81 78 81
9 45 9 24 30 34 45
13 36 13 16 29 36
26 67 26 28 37 51 58 67
20 45 20 30 34 45
14 64 14 25 40 64
7 29 7 27 29
33 84 33 61 75 78 84
11 58 11 21 26 55 58
19 78 19 20 30 44 55 61 75 78
35 41 35 41
18 41 18 21 26 38 41
27 67 27 52 67
34 75 34 38 41 50 51 58 61 75
9 84 9 13 20 72 78 84
33 66 33 39 60 66
2 16 2 9 13 16
6 75 6 18 20 40 42 51 58 61 75
9 71 9 60 66 71
6 83 6 24 50 59 64 71 83
2 20 2 9 13 20
57 86 57 83 86
18 43 18 20 26 28 35 43
49 59 49 51 59
1 51 1 37 51
1 26 1 3 15 21 26
1 20 1 7 14 19 20
16 32 16 27 32
6 71 6 30 48 61 64 71
2 51 2 23 44 51
28 37 28 37
27 53 27 34 44 53
2 59 2 31 43 44 51 59
70 80 70 72 78 80
13 44 13 14 25 35 43 44
58 71 58 64 71
13 67 13 16 48 54 67
3 51 3 16 40 42 51
30 79 30 48 79
51 66 51 60 66
58 80 58 78 80
1 59 1 13 20 59
38 57 38 42 57
2 20 2 13 14 19 20
7 71 7 41 59 64 71
18 89 18 34 47 61 75 78 80 81 83 89
34 45 34 45
33 54 33 37 48 54
6 67 6 44 55 67
37 79 37 48 79
18 63 18 34 38 63
7 79 7 14 25 38 41 79
9 84 9 57 72 78 84
20 84 20 39 57 72 78 84
33 80 33 49 51 67 72 78 80
31 63 31 56 62 63
72 83 72 78 81 83
34 84 34 45 67 72 78 84
31 89 31 89
6 73 6 30 34 45 73
20 73 20 73
2 89 2 33 39 57 72 78 81 83 89
21 63 21 42 57 63
19 33 19 33
8 63 8 13 14 34 38 42 62 63
41 67 41 49 51 58 67
18 82 18 21 40 72 82
14 63 14 30 44 55 63
22 77 22 31 39 46 77
30 48 30 48
60 66 60 66
16 44 16 27 34 44
6 83 6 27 79 80 83
43 73 43 44 55 58 73
22 57 22 34 45 55 57
39 60 39 60
6 29 6 17 29
40 82 40 64 71 82
25 81 25 81
16 67 16 29 36 43 47 67
11 64 11 20 26 40 42 64
8 82 8 13 16 68 74 82
58 83 58 64 71 83
34 48 34 48
2 43 2 13 20 26 28 35 43
9 32 9 32
8 25 8 13 14 25
39 82 39 60 66 71 82
21 89 21 58 64 81 83 89
56 82 56 74 82
21 63 21 42 62 63
56 82 56 62 63 82
19 30 19 20 30
19 33 19 33
11 37 11 20 26 28 37
18 58 18 34 44 55 58
22 58 22 43 44 55 58
22 72 22 34 38 70 72
33 86 33 61 75 83 86
46 88 46 77 87 88
4 27 4 8 13 24 27
31 51 31 43 44 51
40 77 40 60 66 77
51 67 51 67
22 64 22 59 64
6 73 6 31 43 47 67 73
13 24 13 24
19 57 19 38 42 57
26 83 26 28 64 71 83
25 61 25 33 49 51 58 61
1 16 1 2 9 16
41 67 41 67
20 81 20 66 78 81
40 72 40 42 62 72
16 66 16 28 49 51 59 66
16 83 16 35 43 52 64 80 83
23 80 23 57 78 80
72 80 72 78 80
37 66 37 40 60 66
7 53 7 14 34 38 41 53
33 54 33 37 48 54
2 51 2 23 25 38 42 51
7 66 7 43 44 51 59 66
25 44 25 35 43 44
22 78 22 59 66 78
25 61 25 33 61
40 63 40 42 57 63
25 48 25 33 37 48
9 81 9 50 60 66 78 80 81
42 70 42 70
16 32 16 24 27 32
1 16 1 13 16
39 88 39 57 63 82 85 88
21 70 21 42 70
18 89 18 34 67 72 78 80 81 83 89
35 70 35 41 70
19 89 19 43 47 83 89
56 78 56 78
11 58 11 20 26 42 51 58
18 51 18 34 44 51
9 79 9 17 32 48 79
37 83 37 52 78 80 83
37 67 37 52 67
20 53 20 30 53
7 84 7 14 70 71 84
34 66 34 44 51 60 66
3 70 3 27 29 37 40 42 70
56 88 56 82 85 88
34 52 34 48 52
13 81 13 72 78 80 81
3 63 3 30 41 57 63
18 88 18 21 59 77 88
16 71 16 23 28 49 51 60 66 71
22 51 22 33 37 49 51
34 84 34 44 79 84
31 60 31 43 44 51 60
43 73 43 47 67 73
25 53 25 38 41 53
14 88 14 78 84 88
43 71 43 70 71
25 81 25 35 56 62 72 78 81
21 58 21 58
22 63 22 34 44 55 63
37 84 37 52 71 84
4 59 4 30 41 50 51 59
25 53 25 38 41 53
27 61 27 44 55 58 61
23 79 23 28 37 48 79
25 84 25 33 52 78 84
46 88 46 77 88
14 43 14 25 35 43
1 63 1 13 28 35 43 44 55 57 63
11 57 11 20 30 44 55 57
43 75 43 47 75
13 73 13 14 19 33 37 48 52 67 73
3 33 3 9 16 23 25 33
1 88 1 88
13 81 13 64 81
9 75 9 24 27 44 55 58 61 75
27 86 27 70 72 86
23 73 23 44 55 58 67 73
3 9 3 9
35 88 35 82 85 88
18 72 18 20 55 57 72
49 58 49 51 58
19 33 19 33
64 80 64 80
9 36 9 17 29 36
18 70 18 34 38 42 70
33 61 33 61
49 59 49 51 59
62 82 62 63 82
60 86 60 66 83 86
1 63 1 37 40 42 62 63
9 53 9 32 44 53
57 84 57 78 84
31 57 31 39 57
31 58 31 39 58
34 81 34 47 80 81
40 63 40 63
30 48 30 48
35 59 35 41 50 51 59
22 57 22 34 38 41 57
26 66 26 38 60 66
4 78 4 56 78
23 53 23 32 44 53
21 89 21 42 51 59 71 84 89
19 43 19 21 26 28 35 43
31 89 31 56 78 84 89
4 34 4 13 24 34
30 84 30 34 48 54 59 71 84
6 29 6 17 29
1 58 1 49 51 58
18 89 18 22 34 79 80 83 89
58 83 58 78 81 83
20 86 20 32 53 80 83 86
42 77 42 51 58 67 77
9 79 9 20 32 44 55 79
25 54 25 33 37 48 54
13 79 13 28 41 79
6 61 6 16 40 51 58 61
26 79 26 55 79
4 58 4 41 50 51 58
22 41 22 34 38 41
8 63 8 40 42 57 63
1 16 1 3 9 16
64 84 64 71 84
42 77 42 46 77
74 88 74 85 88
25 84 25 62 72 78 84
11 57 11 33 37 40 42 57
15 57 15 30 44 55 57
23 80 23 37 48 75 80
38 72 38 70 72
23 54 23 28 37 48 54
2 70 2 23 37 40 42 70
7 80 7 40 78 80
33 61 33 49 51 58 61
22 33 22 33
15 58 15 30 50 51 58
4 9 4 8 9
16 81 16 40 60 66 78 80 81
27 55 27 29 36 55
87 88 87 88
11 64 11 20 26 42 51 58 64
26 83 26 38 41 49 72 78 80 81 83
20 66 20 26 38 42 51 59 66
33 86 33 62 63 80 83 86
4 70 4 8 13 29 70
51 86 51 59 71 83 86
23 32 23 32
62 88 62 63 80 83 88
4 59 4 49 51 59
40 70 40 42 70
31 70 31 43 70
20 66 20 39 60 66
21 89 21 59 89
9 44 9 16 29 43 44
7 45 7 27 34 45
2 58 2 33 39 58
62 72 62 72
30 84 30 44 61 75 78 84
59 86 59 71 83 86
7 36 7 27 29 36
1 58 1 49 51 58
40 57 40 42 57
15 33 15 22 33
59 66 59 66
64 83 64 80 83
14 25 14 25
4 41 4 30 34 38 41
72 83 72 78 81 83
3 41 3 30 34 38 41
30 47 30 34 47
31 78 31 56 62 72 78
31 60 31 43 44 51 60
35 60 35 39 60
40 72 40 42 57 72
20 71 20 32 48 54 71
38 60 38 42 51 60
39 63 39 57 63
8 63 8 40 63
38 51 38 41 49 51
4 82 4 82
28 57 28 41 57
31 64 31 43 47 61 64
74 82 74 82
51 71 51 59 66 71
37 83 37 51 80 81 83
23 73 23 37 52 67 73
30 55 30 34 45 55
6 53 6 21 26 38 41 53
1 59 1 2 33 37 48 54 59
23 83 23 25 35 63 83
28 60 28 41 50 51 60
8 88 8 88
85 88 85 88
6 32 6 24 27 32
27 53 27 44 53
13 24 13 16 24
26 71 26 40 42 70 71
19 58 19 21 40 42 51 58
37 66 37 48 54 59 66
35 60 35 43 44 51 60
62 82 62 74 82
9 84 9 50 60 66 71 84
43 71 43 70 71
49 82 49 51 60 82
1 41 1 3 21 26 38 41
19 43 19 20 26 28 35 43
23 32 23 32
34 67 34 38 42 51 58 67
30 55 30 34 45 55
28 51 28 49 51
6 79 6 18 21 26 55 79
21 63 21 26 38 42 57 63
26 54 26 28 37 48 54
87 88 87 88
11 41 11 20 30 34 38 41
64 80 64 80
9 61 9 13 26 28 35 43 44 61
3 27 3 9 24 27
16 29 16 24 29
14 33 14 25 33
34 73 34 38 41 50 51 67 73
43 73 43 44 55 58 73
20 55 20 26 55
25 47 25 35 43 47
4 30 4 30
43 83 43 64 80 81 83
34 84 34 44 79 84
9 75 9 50 51 58 61 75
26 80 26 38 60 66 78 80
6 45 6 16 24 27 34 45
13 29 13 16 27 29
4 70 4 70
43 83 43 62 63 83
30 55 30 44 55
25 73 25 33 67 73
31 64 31 39 58 61 64
6 17 6 17
1 59 1 37 48 54 59
23 47 23 35 43 47
8 72 8 9 57 72
19 57 19 21 40 42 57
9 29 9 13 16 29
13 71 13 60 66 71
43 83 43 64 71 83
35 77 35 59 66 77
2 72 2 9 62 72
3 70 3 27 29 37 40 42 70
35 77 35 59 77
64 83 64 80 83
2 70 2 13 16 23 25 40 42 70
18 82 18 59 66 71 82
19 33 19 33
1 89 1 19 78 80 83 89
34 81 34 38 60 66 78 80 81
6 80 6 80
39 88 39 60 66 78 85 88
34 54 34 45 54
27 61 27 29 37 40 51 58 61
41 71 41 59 64 71
13 36 13 36
2 64 2 31 56 64
27 45 27 34 45
23 61 23 49 51 58 61
42 78 42 57 78
64 83 64 81 83
21 37 21 26 28 37
28 89 28 78 80 81 83 89
19 20 19 20
51 61 51 58 61
3 41 3 15 26 28 41
42 57 42 57
1 41 1 13 24 30 34 38 41
9 84 9 17 52 64 71 84
20 45 20 30 34 45
11 34 11 20 30 34
21 77 21 59 66 77
9 80 9 50 60 66 78 80
35 58 35 41 50 51 58
30 53 30 53
30 80 30 34 79 80
19 57 19 43 44 55 57
28 37 28 37
13 52 13 48 52
15 64 15 30 44 61 64
69 88 69 88
2 78 2 72 78
21 88 21 58 61 75 83 86 88
11 34 11 20 30 34
31 70 31 43 70
18 41 18 20 26 28 35 41
14 77 14 30 50 59 77
72 84 72 78 84
25 75 25 38 41 49 51 58 61 75
7 66 7 40 51 60 66
39 77 39 58 77
3 27 3 9 16 24 27
8 88 8 40 51 64 71 82 85 88
27 79 27 29 43 44 55 79
56 82 56 64 68 74 82
25 84 25 79 84
39 63 39 57 63
18 43 18 22 31 43
37 67 37 40 42 51 58 67
2 30 2 9 17 20 30
31 78 31 39 57 72 78
25 52 25 33 37 48 52
26 54 26 28 37 48 54
31 78 31 39 60 66 78
14 34 14 34
6 83 6 17 29 70 71 83
26 54 26 28 37 48 54
13 83 13 14 70 71 83
34 52 34 45 52
42 89 42 62 63 80 81 83 89
60 84 60 66 71 84
25 71 25 33 61 64 71
8 23 8 9 13 16 23
20 66 20 30 54 59 66
2 9 2 9
72 84 72 78 84
18 59 18 34 59
9 36 9 13 36
7 44 7 29 36 43 44
23 73 23 44 55 58 73
7 75 7 32 48 75
19 43 19 20 26 28 35 43
41 67 41 67
30 67 30 41 50 51 58 67
31 72 31 56 62 72
14 26 14 19 21 26
9 53 9 24 32 44 53
60 71 60 66 71
7 36 7 29 36
21 64 21 59 64
1 58 1 37 40 51 58
8 13 8 13
21 88 21 59 86 88
40 64 40 64
63 80 63 80
21 64 21 26 38 42 51 64
42 88 42 64 80 83 88
3 82 3 37 72 82
1 58 1 7 14 30 34 38 42 51 58
70 71 70 71
22 82 22 60 82
14 30 14 30
14 43 14 28 35 43
23 71 23 55 58 61 64 71
16 81 16 29 43 52 67 72 78 81
59 71 59 64 71
2 59 2 33 49 51 59
35 41 35 41
62 72 62 72
27 83 27 32 47 80 81 83
23 79 23 28 37 48 79
40 78 40 78
20 54 20 26 28 37 48 54
13 36 13 24 29 36
6 81 6 54 78 80 81
85 88 85 88
20 53 20 26 38 41 53
22 33 22 33
4 13 4 13
6 55 6 18 20 30 34 45 55
58 75 58 61 75
21 70 21 40 42 70
15 63 15 30 34 45 63
6 47 6 17 25 35 43 47
2 9 2 9
56 63 56 62 63
49 51 49 51
27 73 27 29 36 37 48 52 67 73
72 86 72 86
15 58 15 58
3 20 3 14 19 20
18 58 18 34 38 42 51 58
19 82 19 43 70 71 82
27 52 27 32 48 52
59 71 59 66 71
23 66 23 25 38 60 66
20 48 20 30 48
3 78 3 21 40 72 78
70 80 70 72 78 80
64 84 64 71 84
78 80 78 80
27 80 27 53 80
18 70 18 21 26 40 42 70
33 75 33 39 58 61 75
35 43 35 43
51 86 51 59 71 83 86
56 72 56 62 72
41 80 41 66 78 80
26 67 26 67
35 82 35 41 67 82
2 72 2 9 20 39 58 67 72
7 45 7 14 34 45
40 59 40 42 51 59
15 25 15 22 25
27 81 27 32 66 78 81
19 88 19 38 42 57 83 88
42 88 42 88
26 67 26 28 37 48 52 67
11 59 11 20 32 51 59
20 66 20 30 54 59 66
7 86 7 33 67 72 78 80 81 83 86
27 86 27 79 80 83 86
78 80 78 80
34 55 34 45 55
27 67 27 32 48 52 67
25 67 25 33 39 58 67
43 81 43 75 80 81
42 57 42 57
64 71 64 71
37 66 37 40 42 51 60 66
8 33 8 13 14 25 33
63 80 63 80
9 67 9 16 23 44 51 58 67
30 80 30 34 59 64 80
23 73 23 49 51 67 73
21 51 21 42 51
11 30 11 20 30
23 79 23 37 48 79
34 86 34 67 72 78 81 83 86
40 63 40 42 57 63
33 83 33 49 51 64 71 83
19 57 19 38 41 57
43 81 43 75 80 81
49 88 49 69 88
19 77 19 43 44 53 77
9 61 9 20 30 48 61
1 23 1 13 16 23
20 47 20 30 34 47
4 63 4 56 62 63
30 67 30 50 51 58 67
19 89 19 21 58 77 89
37 71 37 52 64 71
14 33 14 25 33
6 81 6 40 72 78 80 81
35 60 35 41 49 51 60
58 71 58 64 71
22 41 22 34 38 41
11 30 11 20 30
23 84 23 37 84
27 83 27 52 83
28 88 28 87 88
27 47 27 32 47
8 26 8 13 26
1 89 1 7 62 63 80 81 83 89
14 26 14 19 21 26
3 27 3 27
28 63 28 41 63
2 41 2 14 19 21 26 38 41
6 29 6 24 27 29
23 83 23 57 78 81 83
41 80 41 63 80
7 81 7 39 60 66 78 81
41 50 41 50
28 60 28 35 39 60
23 67 23 49 51 58 67
1 43 1 19 21 26 28 35 43
8 9 8 9
23 61 23 44 55 61
1 20 1 7 14 19 20
13 47 13 14 19 20 26 28 35 43 47
20 79 20 79
9 48 9 17 32 48
15 60 15 22 43 44 51 60
14 26 14 19 20 26
26 52 26 28 37 48 52
34 80 34 59 64 80
25 73 25 40 42 51 58 73
6 48 6 30 48
27 71 27 58 64 71
15 57 15 26 40 42 57
4 89 4 8 40 78 84 89
15 34 15 22 34
3 16 3 16
8 33 8 9 17 33
13 79 13 20 55 79
1 16 1 2 9 16
18 58 18 21 26 38 41 50 51 58
25 81 25 79 81
13 73 13 14 28 35 39 58 73
30 53 30 44 53
14 34 14 19 20 30 34
6 86 6 80 83 86
34 54 34 48 54
19 59 19 21 42 51 59
8 51 8 41 49 51
43 44 43 44
16 48 16 27 32 48
9 24 9 24
14 60 14 31 43 44 51 60
30 61 30 41 50 51 58 61
51 75 51 58 61 75
27 75 27 32 44 51 58 61 75
14 59 14 42 51 59
37 83 37 40 63 83
20 47 20 32 47
39 88 39 58 67 77 88
30 48 30 48
18 59 18 20 30 54 59
4 26 4 8 13 14 19 21 26
14 25 14 25
4 64 4 30 39 58 61 64
40 51 40 42 51
78 86 78 81 83 86
35 58 35 39 58
35 88 35 41 78 80 81 83 88
8 58 8 41 50 51 58
14 77 14 77
3 9 3 9
16 83 16 35 43 52 64 80 83
4 82 4 68 74 82
43 53 43 44 53
4 82 4 23 44 61 75 82
34 79 34 79
8 23 8 13 16 23
43 79 43 44 79
43 47 43 47
25 44 25 35 43 44
62 82 62 74 82
37 73 37 49 51 67 73
8 59 8 34 45 50 51 59
20 48 20 26 28 37 48
6 45 6 24 27 34 45
40 63 40 63
19 41 19 38 41
34 48 34 48
30 81 30 48 61 75 78 81
26 48 26 28 37 48
72 84 72 78 84
9 80 9 20 59 66 78 80
26 47 26 28 35 43 47
22 59 22 43 44 51 59
22 25 22 25
9 81 9 20 39 60 66 78 81
34 53 34 44 53
68 82 68 74 82
22 70 22 34 38 42 70
6 79 6 24 34 44 79
6 36 6 27 29 36
1 72 1 2 9 17 25 62 72
3 82 3 14 25 63 82
21 26 21 26
7 86 7 32 66 78 80 81 83 86
64 81 64 80 81
22 41 22 34 38 41
40 64 40 42 64
43 84 43 47 67 72 78 84
34 53 34 44 53
27 52 27 32 48 52
7 83 7 27 53 72 78 80 81 83
9 54 9 20 30 34 45 54
70 83 70 71 83
21 41 21 26 28 41
3 70 3 15 22 43 70
25 71 25 40 51 59 64 71
14 60 14 25 35 41 49 51 60
40 60 40 60
19 20 19 20
39 60 39 60
4 78 4 30 41 78
22 33 22 25 33
72 86 72 86
37 75 37 48 61 75
31 58 31 39 58
11 41 11 20 30 34 38 41
2 37 2 9 20 26 28 37
38 78 38 41 50 59 66 78
6 48 6 16 27 34 48
18 89 18 34 47 61 75 78 80 81 83 89
8 60 8 40 42 51 60
28 43 28 35 43
63 83 63 80 83
62 89 62 63 80 81 83 89
26 80 26 38 60 66 78 80
7 29 7 27 29
3 64 3 27 44 64
40 89 40 60 66 71 84 89
42 58 42 51 58
6 50 6 24 50
9 24 9 13 16 24
34 79 34 79
15 59 15 21 40 42 51 59
8 43 8 28 35 43
40 89 40 42 51 80 81 83 89
14 43 14 25 35 43
9 24 9 13 24
25 80 25 40 51 60 66 78 80
1 89 1 49 72 78 84 89
3 77 3 27 29 37 40 51 59 66 77
13 48 13 29 36 48
6 53 6 18 34 38 41 53
25 83 25 33 37 40 51 64 80 83
31 51 31 43 44 51
26 83 26 40 78 81 83
37 54 37 48 54
9 86 9 13 83 86
18 60 18 20 26 42 51 60
23 61 23 49 51 58 61
26 55 26 55
59 84 59 71 84
43 71 43 70 71
3 89 3 38 70 71 83 89
60 81 60 66 78 81
51 80 51 59 66 78 80
7 80 7 15 26 75 80
49 51 49 51
26 81 26 38 70 72 78 81
31 63 31 43 44 55 57 63
20 52 20 30 48 52
15 33 15 22 25 33
13 47 13 28 35 43 47
3 58 3 15 30 50 51 58
42 72 42 51 58 67 72
25 80 25 35 63 80
41 67 41 67
34 48 34 48
19 43 19 43
42 88 42 62 63 80 81 83 86 88
4 60 4 8 34 44 51 60
18 72 18 21 42 70 72
22 88 22 62 63 83 86 88
27 36 27 29 36
8 77 8 9 24 54 67 77
14 58 14 25 35 39 58
18 59 18 21 59
9 83 9 20 26 40 51 80 81 83
15 41 15 26 38 41
39 78 39 57 78
4 82 4 60 82
6 47 6 16 29 43 47
7 50 7 29 36 50
40 58 40 42 51 58
9 48 9 32 48
78 84 78 84
18 60 18 20 39 60
72 83 72 78 80 81 83
16 24 16 24
1 7 1 7
41 81 41 49 72 78 81
46 77 46 77
34 75 34 38 41 49 51 58 61 75
3 20 3 14 19 20
21 88 21 59 86 88
49 64 49 51 64
6 52 6 17 20 30 34 48 52
64 83 64 81 83
28 59 28 41 50 51 59
37 84 37 40 78 84
27 84 27 70 71 84
7 86 7 64 86
30 67 30 39 58 67
20 32 20 32
16 61 16 28 58 61
31 77 31 43 44 53 77
68 82 68 74 82
38 57 38 42 57
13 66 13 48 54 59 66
37 52 37 52
33 73 33 39 58 73
26 80 26 67 72 78 80
25 66 25 40 51 60 66
33 83 33 39 60 66 78 81 83
31 88 31 68 69 88
58 86 58 64 71 83 86
11 60 11 20 39 60
16 67 16 28 41 49 51 58 67
23 84 23 35 56 78 84
72 84 72 78 84
4 26 4 8 9 17 20 26
34 73 34 48 54 73
35 72 35 39 57 72
15 64 15 26 38 42 64
28 58 28 37 49 51 58
15 70 15 30 41 70
34 75 34 48 61 75
37 52 37 52
3 82 3 27 53 72 82
2 64 2 56 64
2 77 2 33 52 67 77
85 88 85 88
8 51 8 41 49 51
30 75 30 34 44 51 58 61 75
7 67 7 15 58 67
22 70 22 43 70
6 17 6 17
18 25 18 22 25
70 81 70 72 78 80 81
23 66 23 66
27 52 27 34 48 52
59 84 59 64 71 84
6 73 6 73
9 71 9 71
23 61 23 49 51 58 61
1 30 1 3 14 19 20 30
34 50 34 45 50
9 50 9 17 20 30 50
22 88 22 60 82 85 88
40 77 40 42 51 58 77
34 47 34 47
78 81 78 80 81
33 84 33 61 75 78 84
43 44 43 44
37 80 37 49 72 78 80
59 71 59 71
33 86 33 78 80 83 86
20 53 20 30 34 44 53
35 89 35 63 80 81 83 89
1 72 1 39 57 72
1 25 1 13 16 23 25
15 59 15 22 34 38 42 51 59
51 80 51 58 64 80
26 73 26 40 42 51 67 73
13 50 13 36 50
33 52 33 52
11 20 11 20
6 52 6 18 20 32 48 52
14 58 14 42 51 58
6 67 6 44 55 67
28 58 28 58
13 79 13 26 38 41 79
41 53 41 53
3 27 3 9 24 27
34 53 34 44 53
33 61 33 61
21 70 21 42 70
4 23 4 23
40 51 40 51
13 29 13 29
22 57 22 31 39 57
2 78 2 9 24 34 67 72 78
40 64 40 64
3 77 3 21 40 42 51 67 77
2 58 2 23 35 41 50 51 58
25 53 25 38 41 53
42 51 42 51
9 17 9 17
30 47 30 34 47
11 26 11 21 26
58 73 58 73
14 58 14 31 43 44 51 58
43 47 43 47
64 83 64 81 83
18 20 18 20
58 67 58 67
15 77 15 46 77
14 41 14 28 35 41
13 24 13 24
11 63 11 20 26 38 41 63
51 67 51 67
25 79 25 35 41 79
25 61 25 33 49 51 58 61
8 25 8 9 13 16 23 25
38 72 38 42 51 58 67 72
33 83 33 37 48 61 64 80 81 83
1 88 1 78 80 81 83 88
2 43 2 9 20 26 28 35 43
18 26 18 20 26
33 54 33 37 48 54
13 44 13 29 43 44
43 83 43 44 51 58 67 72 78 81 83
42 64 42 51 59 64
27 45 27 34 45
4 82 4 23 32 53 72 82
16 66 16 28 37 40 51 60 66
26 52 26 28 37 48 52
18 63 18 21 42 62 63
22 78 22 60 66 78
41 80 41 67 72 78 80
31 72 31 39 57 72
9 53 9 24 29 43 44 53
27 44 27 32 44
16 54 16 29 48 54
33 86 33 78 80 81 83 86
37 61 37 48 61
2 51 2 18 21 42 51
25 53 25 35 41 53
40 89 40 72 78 80 81 83 89
16 55 16 35 43 44 55
6 75 6 15 58 61 75
27 66 27 29 37 51 60 66
20 67 20 30 48 54 67
20 48 20 32 48
2 37 2 33 37
42 82 42 64 68 74 82
16 81 16 27 32 66 78 81
14 64 14 30 34 48 52 64
2 13 2 9 13
62 72 62 72
7 44 7 43 44
23 53 23 32 53
41 66 41 49 51 60 66
43 66 43 44 51 60 66
9 53 9 20 30 44 53
9 55 9 13 24 43 44 55
11 70 11 70
23 44 23 28 35 43 44
11 41 11 20 30 34 38 41
41 50 41 50
27 73 27 44 51 58 67 73
13 55 13 29 43 44 55
7 48 7 28 37 48
37 67 37 49 51 58 67
60 86 60 66 78 81 83 86
37 86 37 49 72 78 81 83 86
11 58 11 21 42 51 58
21 60 21 40 60
7 73 7 73
11 26 11 20 26
25 66 25 40 51 60 66
27 66 27 44 51 60 66
9 86 9 13 83 86
30 45 30 34 45
27 80 27 72 78 80
30 75 30 50 51 58 61 75
21 37 21 26 28 37
78 80 78 80
42 77 42 51 58 67 77
8 37 8 13 14 25 33 37
13 54 13 16 28 37 48 54
37 73 37 52 67 73
78 81 78 80 81
3 41 3 9 16 38 41
28 60 28 49 51 60
38 72 38 42 57 72
3 37 3 16 29 36 37
8 82 8 28 49 51 64 82
18 60 18 22 60
9 45 9 16 24 30 34 45
43 47 43 47
51 61 51 58 61
9 44 9 16 23 28 35 43 44
40 59 40 42 51 59
11 70 11 35 41 70
3 20 3 14 19 20
7 80 7 42 51 64 80
26 50 26 38 41 50
56 78 56 78
6 80 6 30 54 78 80
8 37 8 13 20 26 28 37
20 50 20 30 41 50
7 75 7 39 58 61 75
9 73 9 24 54 67 73
26 48 26 28 37 48
18 41 18 22 34 38 41
22 41 22 25 35 41
8 43 8 28 35 43
11 37 11 20 26 28 37
3 33 3 15 22 25 33
63 80 63 80
27 66 27 34 45 50 60 66
23 81 23 49 51 64 81
8 43 8 13 29 43
6 47 6 31 43 47
4 43 4 23 25 35 43
21 72 21 26 38 42 62 72
20 86 20 79 81 83 86
26 71 26 40 42 70 71
14 34 14 19 20 30 34
6 61 6 31 43 44 55 61
34 71 34 44 64 71
20 81 20 59 66 78 81
2 70 2 13 16 23 25 40 42 70
6 61 6 24 27 29 36 37 40 42 51 58 61
9 71 9 32 47 61 64 71
7 47 7 43 47
8 43 8 28 35 43
3 70 3 21 42 70
9 24 9 24
7 55 7 32 44 55
33 48 33 37 48
15 59 15 21 26 28 35 59
64 80 64 80
15 78 15 58 61 75 78
9 44 9 24 34 44
25 48 25 33 37 48
8 16 8 13 16
15 51 15 21 26 42 51
23 75 23 49 51 58 61 75
34 50 34 45 50
49 59 49 51 59
8 60 8 41 50 51 60
8 59 8 34 45 50 51 59
3 51 3 30 34 38 41 49 51
14 78 14 42 62 72 78
38 58 38 41 50 51 58
35 70 35 43 70
51 84 51 64 71 84
40 88 40 63 88
43 80 43 44 61 75 78 80
15 77 15 58 67 77
57 81 57 78 80 81
11 51 11 33 37 49 51
40 89 40 72 78 80 81 83 89
11 88 11 88
27 86 27 58 61 75 78 81 83 86
60 83 60 66 83
27 80 27 29 48 52 64 80
41 50 41 50
16 75 16 35 43 75
11 41 11 21 26 38 41
35 41 35 41
70 86 70 81 83 86
56 89 56 62 72 78 80 81 83 89
72 83 72 78 80 81 83
30 71 30 41 70 71
37 84 37 72 78 84
38 51 38 41 49 51
1 60 1 2 31 39 60
11 89 11 59 64 80 83 89
30 53 30 53
7 52 7 28 35 43 52
72 84 72 78 84
23 54 23 32 48 54
15 70 15 26 42 70
27 84 27 79 84
56 88 56 82 85 88
16 86 16 38 60 66 78 81 83 86
21 43 21 26 28 35 43
41 73 41 49 51 67 73
30 44 30 34 44
40 51 40 42 51
38 72 38 70 72
14 41 14 25 38 41
4 16 4 8 9 16
23 73 23 28 41 49 51 67 73
22 58 22 25 38 42 51 58
27 86 27 53 72 86
18 77 18 21 42 51 59 66 77
39 63 39 57 63
68 88 68 69 88
13 24 13 16 24
64 71 64 71
41 71 41 49 51 58 61 64 71
70 81 70 72 78 80 81
35 77 35 41 67 77
8 34 8 13 20 30 34
11 20 11 20
30 54 30 54
2 16 2 9 13 16
62 72 62 72
9 54 9 20 26 28 37 48 54
3 41 3 16 23 35 41
23 66 23 28 49 51 59 66
37 84 37 52 64 71 84
30 80 30 41 70 72 78 80
15 33 15 22 33
51 71 51 58 64 71
30 55 30 44 55
37 84 37 51 67 72 78 84
14 59 14 19 38 42 51 59
11 64 11 59 64
14 82 14 59 66 71 82
35 57 35 39 57
49 72 49 72
51 66 51 60 66
30 73 30 54 67 73
7 45 7 15 30 34 45
70 71 70 71
4 77 4 30 34 48 52 67 77
4 27 4 13 16 27
22 37 22 33 37
15 33 15 22 33
38 78 38 70 72 78
57 84 57 72 78 84
38 51 38 42 51
42 78 42 51 58 61 75 78
8 27 8 13 16 27
6 53 6 24 27 32 53
6 54 6 17 32 48 54
1 34 1 19 20 30 34
41 71 41 50 60 66 71
63 86 63 80 83 86
4 20 4 13 14 19 20
26 73 26 38 42 51 67 73
35 60 35 41 49 51 60
35 88 35 43 80 81 83 88
2 57 2 9 20 30 34 45 55 57
13 73 13 36 50 51 67 73
13 66 13 28 49 51 60 66
40 57 40 42 57
21 58 21 40 51 58
11 33 11 33
37 84 37 49 51 59 66 78 84
22 51 22 43 44 51
6 32 6 27 32
11 33 11 33
6 50 6 21 26 28 41 50
41 67 41 67
22 57 22 31 43 44 55 57
39 63 39 57 63
49 58 49 51 58
22 89 22 34 79 84 89
40 64 40 51 64
27 83 27 70 72 78 80 81 83
20 47 20 30 34 47
46 88 46 77 88
1 9 1 3 9
56 89 56 62 63 83 89
26 71 26 28 64 71
13 84 13 72 78 84
38 64 38 41 49 51 58 61 64
28 78 28 78
2 70 2 31 43 70
40 51 40 42 51
11 41 11 20 30 41
35 63 35 43 62 63
20 55 20 32 44 55
42 70 42 70
16 32 16 24 27 32
18 78 18 21 26 67 72 78
28 77 28 41 66 77
9 44 9 17 29 43 44
37 67 37 51 58 67
51 83 51 58 78 80 83
4 88 4 69 87 88
23 52 23 37 48 52
4 37 4 13 26 28 37
4 60 4 8 13 28 49 51 60
30 75 30 44 61 75
39 89 39 46 77 89
35 58 35 43 44 55 58
31 82 31 68 74 82
18 59 18 20 32 51 59
7 47 7 28 35 43 47
59 84 59 64 71 84
38 77 38 41 67 77
35 88 35 43 70 86 88
6 45 6 17 20 30 34 45
6 36 6 24 29 36
19 78 19 56 62 72 78
13 47 13 24 43 47
1 23 1 13 16 23
11 57 11 35 43 44 55 57
13 24 13 24
78 80 78 80
15 34 15 22 34
9 79 9 16 44 79
15 43 15 22 43
7 54 7 28 37 48 54
8 25 8 9 13 14 25
31 57 31 39 57
31 59 31 43 44 51 59
9 47 9 16 35 43 47
40 78 40 51 60 66 78
34 48 34 48
6 55 6 27 32 44 55
16 36 16 24 27 29 36
41 83 41 67 72 78 80 83
6 61 6 18 22 43 47 61
23 50 23 35 41 50
7 45 7 15 30 34 45
7 29 7 29
33 54 33 37 48 54
6 24 6 24
2 70 2 23 37 40 42 70
8 16 8 13 16
39 82 39 57 72 82
25 66 25 38 41 50 59 66
8 57 8 41 57
13 52 13 24 34 45 52
11 43 11 21 26 28 35 43
6 17 6 17
1 78 1 13 60 66 78
14 30 14 19 20 30
43 61 43 44 61
31 43 31 43
9 50 9 24 30 41 50
62 89 62 63 83 89
38 88 38 85 88
16 48 16 28 37 48
56 88 56 82 85 88
34 81 34 79 81
2 51 2 33 51
2 58 2 9 20 30 44 51 58
8 60 8 34 38 60
19 33 19 33
49 58 49 51 58
6 45 6 18 20 30 34 45
34 44 34 44
16 47 16 27 34 47
78 83 78 80 81 83
6 17 6 17
9 81 9 20 79 81
49 89 49 72 78 84 89
40 88 40 68 74 82 85 88
27 75 27 32 47 61 75
56 88 56 64 68 69 87 88
15 51 15 21 42 51
49 51 49 51
35 58 35 39 58
26 61 26 38 42 51 58 61
1 64 1 3 15 58 64
16 44 16 44
43 61 43 44 61
14 25 14 25
39 64 39 58 61 64
13 81 13 26 75 80 81
1 30 1 7 14 19 20 30
13 53 13 26 28 41 53
23 61 23 35 43 44 61
2 30 2 9 20 30
58 84 58 78 84
28 51 28 37 51
6 53 6 18 22 34 44 53
8 37 8 13 24 29 37
33 52 33 52
58 61 58 61
49 89 49 72 78 80 81 83 89
6 81 6 80 81
6 50 6 16 23 28 41 50
34 53 34 38 41 53
14 41 14 34 38 41
34 55 34 45 55
38 60 38 42 51 60
58 86 58 64 71 83 86
26 86 26 80 83 86
19 51 19 20 26 40 42 51
35 64 35 41 59 64
22 34 22 34
39 58 39 58
18 78 18 22 33 52 78
34 73 34 44 51 58 67 73
1 23 1 3 16 23
49 78 49 51 60 66 78
31 72 31 39 58 67 72
8 51 8 28 49 51
23 84 23 37 84
14 41 14 30 41
33 52 33 37 52
1 37 1 26 28 37
19 37 19 21 26 28 37
9 29 9 13 29
39 64 39 58 64
33 48 33 37 48
57 86 57 63 80 81 83 86
9 53 9 24 34 38 41 53
40 64 40 51 64
33 80 33 39 58 61 64 80
68 82 68 74 82
38 64 38 42 64
39 88 39 69 88
16 67 16 29 36 43 47 67
27 75 27 34 44 61 75
3 57 3 15 30 41 57
15 60 15 22 43 44 51 60
21 89 21 40 60 66 83 89
30 83 30 34 48 52 78 80 83
31 59 31 43 44 51 59
9 84 9 17 52 64 71 84
14 70 14 42 70
27 54 27 32 48 54
59 84 59 66 71 84
60 83 60 66 71 83
31 77 31 39 46 77
13 45 13 24 27 34 45
6 45 6 18 22 34 45
31 51 31 43 44 51
7 75 7 39 58 61 75
2 30 2 9 24 30
64 71 64 71
19 41 19 20 26 28 35 41
37 80 37 51 60 66 78 80
43 61 43 44 55 58 61
51 80 51 59 64 80
6 53 6 17 32 53
13 67 13 24 30 48 54 67
35 60 35 43 44 51 60
41 79 41 79
64 81 64 81
31 58 31 39 58
9 17 9 17
51 66 51 59 66
49 88 49 51 60 82 85 88
13 84 13 20 55 67 72 78 84
51 73 51 58 73
27 54 27 32 48 54
41 79 41 79
62 63 62 63
2 33 2 9 13 14 25 33
27 47 27 32 47
60 71 60 66 71
1 63 1 37 40 63
25 48 25 33 37 48
34 52 34 45 52
30 53 30 53
23 47 23 28 35 43 47
7 61 7 42 51 58 61
15 30 15 30
31 63 31 56 62 63
19 82 19 38 63 82
37 48 37 48
28 64 28 49 51 59 64
20 45 20 30 34 45
9 50 9 16 24 27 34 45 50
26 75 26 38 41 50 51 58 61 75
15 72 15 22 34 67 72
34 81 34 79 81
59 83 59 71 83
7 79 7 15 21 26 38 41 79
43 67 43 52 67
11 43 11 20 26 28 35 43
18 70 18 34 38 42 70
30 55 30 34 44 55
13 44 13 14 34 44
57 81 57 78 81
22 58 22 31 43 44 51 58
49 51 49 51
58 71 58 64 71
59 86 59 66 78 81 83 86
2 16 2 9 13 16
28 64 28 49 51 59 64
25 47 25 35 43 47
25 44 25 35 43 44
13 66 13 16 38 42 51 59 66
33 66 33 49 51 60 66
27 83 27 79 81 83
4 26 4 8 9 13 26
58 67 58 67
41 79 41 79
7 47 7 14 31 43 47
20 48 20 30 48
4 16 4 13 16
27 47 27 34 47
20 45 20 30 34 45
41 73 41 67 73
6 29 6 24 29
14 78 14 25 61 75 78
9 81 9 24 27 72 78 80 81
11 63 11 33 62 63
27 54 27 32 48 54
2 64 2 9 20 39 58 61 64
18 77 18 21 26 55 58 77
6 75 6 17 20 40 42 51 58 61 75
13 50 13 14 28 41 50
9 55 9 13 24 43 44 55
23 53 23 32 44 53
72 81 72 78 80 81
7 71 7 39 60 66 71
34 73 34 44 51 58 67 73
13 61 13 48 61
16 52 16 31 43 52
16 54 16 23 28 37 48 54
56 78 56 78
42 58 42 51 58
2 58 2 31 39 58
56 82 56 64 71 82
14 60 14 34 45 50 51 60
7 83 7 29 81 83
19 59 19 33 37 40 42 51 59
1 58 1 49 51 58
18 34 18 34
6 71 6 37 49 51 64 71
4 77 4 77
22 72 22 31 43 62 72
1 30 1 19 20 30
16 53 16 38 41 53
43 81 43 80 81
9 53 9 24 27 53
23 67 23 37 48 54 67
40 64 40 51 58 61 64
58 71 58 64 71
27 54 27 32 48 54
13 47 13 20 30 34 47
27 36 27 29 36
37 48 37 48
21 37 21 26 28 37
11 64 11 58 64
43 66 43 44 51 60 66
21 57 21 40 42 57
51 61 51 58 61
35 70 35 41 70
11 58 11 33 37 49 51 58
26 50 26 38 41 50
15 77 15 58 67 77
30 48 30 34 48
28 70 28 41 70
26 71 26 55 61 64 71
33 66 33 49 51 59 66
16 32 16 27 32
43 44 43 44
37 54 37 48 54
8 34 8 13 14 19 20 30 34
16 66 16 38 42 51 59 66
59 71 59 66 71
6 83 6 30 54 78 80 83
8 58 8 41 49 51 58
7 84 7 32 47 75 78 84
34 44 34 44
22 78 22 43 52 78
34 44 34 44
43 84 43 62 72 78 84
30 53 30 41 53
43 81 43 75 80 81
13 71 13 28 58 64 71
8 26 8 9 13 14 19 20 26
31 77 31 43 52 77
41 80 41 53 80
42 82 42 70 82
26 81 26 55 67 72 78 81
51 67 51 58 67
34 67 34 67
14 57 14 25 38 41 57
11 58 11 33 37 40 42 51 58
15 70 15 26 42 70
3 37 3 27 29 36 37
14 57 14 19 33 37 40 42 57
38 41 38 41
30 84 30 39 60 66 78 84
59 81 59 66 78 80 81
34 52 34 48 52
4 33 4 23 25 33
14 78 14 19 56 78
70 84 70 72 78 84
19 37 19 20 26 28 37
8 41 8 9 13 26 28 41
38 63 38 42 57 63
43 67 43 52 67
40 82 40 64 68 74 82
35 51 35 41 50 51
26 67 26 40 42 51 67
2 57 2 14 34 44 55 57
22 64 22 31 39 58 61 64
23 66 23 49 51 60 66
30 66 30 48 54 59 66
49 88 49 51 64 68 69 88
30 47 30 34 47
9 81 9 20 79 81
43 52 43 52
30 83 30 50 51 80 81 83
8 72 8 40 42 70 72
56 88 56 64 82 85 88
49 51 49 51
2 57 2 33 39 57
6 32 6 17 32
2 37 2 13 26 28 37
9 32 9 13 20 32
21 37 21 26 28 37
25 50 25 38 41 50
31 60 31 39 60
22 60 22 34 45 50 60
27 81 27 70 81
18 34 18 22 34
19 43 19 20 26 28 35 43
59 66 59 66
16 36 16 29 36
72 80 72 78 80
6 66 6 54 59 66
3 63 3 30 44 55 63
34 48 34 48
60 66 60 66
60 86 60 66 78 81 83 86
8 60 8 40 42 51 60
19 72 19 62 72
3 72 3 21 58 67 72
23 73 23 32 47 67 73
1 23 1 3 9 13 16 23
8 70 8 28 35 41 70
7 54 7 27 29 36 37 48 54
3 37 3 27 29 36 37
4 25 4 23 25
3 70 3 15 21 26 42 70
6 48 6 15 22 25 33 37 48
40 57 40 42 57
23 67 23 44 55 58 67
43 71 43 70 71
64 86 64 71 83 86
25 83 25 62 63 80 81 83
26 67 26 28 37 48 52 67
14 77 14 25 33 67 77
9 47 9 17 29 43 47
18 59 18 21 59
2 59 2 23 37 59
2 37 2 13 14 28 37
40 82 40 42 57 72 82
15 59 15 21 42 51 59
62 88 62 72 82 85 88
7 79 7 28 35 41 79
4 34 4 13 16 27 34
41 83 41 67 72 78 80 81 83
1 34 1 3 9 20 30 34
3 89 3 21 42 51 58 78 84 89
59 83 59 71 83
7 66 7 32 51 60 66
16 44 16 23 25 35 43 44
28 59 28 41 59
18 64 18 22 25 33 37 48 52 64
3 30 3 14 30
20 50 20 30 41 50
1 63 1 37 40 63
33 81 33 39 57 72 78 80 81
11 89 11 20 77 89
16 81 16 29 75 78 81
2 27 2 9 13 16 24 27
15 43 15 21 26 28 35 43
13 83 13 16 48 61 64 81 83
16 71 16 38 70 71
27 44 27 44
11 26 11 20 26
1 63 1 37 40 63
38 41 38 41
13 50 13 29 36 50
8 70 8 28 41 70
51 75 51 58 61 75
60 66 60 66
25 84 25 33 52 78 84
3 43 3 21 26 28 35 43
33 84 33 67 72 78 84
19 89 19 78 81 83 89
1 16 1 13 16
7 36 7 29 36
43 67 43 52 67
8 20 8 9 20
4 34 4 8 9 20 30 34
26 47 26 28 35 43 47
26 73 26 40 42 51 67 73
6 61 6 16 44 51 58 61
7 55 7 28 35 43 44 55
9 80 9 32 44 53 72 78 80
40 72 40 42 70 72
20 86 20 56 64 71 83 86
14 78 14 59 66 78
30 84 30 39 60 66 78 84
70 71 70 71
23 84 23 44 78 84
51 86 51 80 81 83 86
8 70 8 28 41 70
3 25 3 15 22 25
35 70 35 43 70
72 86 72 78 81 83 86
16 29 16 29
42 63 42 57 63
13 71 13 48 52 64 71
38 70 38 42 70
42 63 42 62 63
43 67 43 44 55 67
11 89 11 58 77 89
16 52 16 27 32 48 52
20 32 20 32
18 20 18 20
72 83 72 78 80 83
46 77 46 77
9 66 9 60 66
56 82 56 74 82
41 86 41 79 86
27 79 27 32 44 79
18 57 18 21 26 42 57
58 61 58 61
13 55 13 28 35 43 44 55
13 81 13 48 54 78 80 81
9 50 9 20 26 28 41 50
30 54 30 54
59 86 59 64 80 81 83 86
26 50 26 28 35 41 50
34 61 34 45 50 51 58 61
34 61 34 48 61
9 53 9 20 32 44 53
59 81 59 64 81
49 51 49 51
11 72 11 33 49 51 58 67 72
33 75 33 37 49 51 58 61 75
34 47 34 47
15 70 15 21 40 42 70
15 72 15 21 42 57 72
4 30 4 30
1 27 1 3 16 24 27
7 47 7 29 43 47
41 50 41 50
1 89 1 7 62 63 80 81 83 89
58 86 58 67 72 86
35 88 35 41 49 51 60 66 78 81 83 88
2 58 2 9 20 26 38 41 50 51 58
19 82 19 38 42 51 58 67 72 82
15 30 15 30
28 89 28 64 71 83 89
23 83 23 66 78 80 81 83
63 83 63 80 83
14 88 14 28 35 59 77 87 88
49 51 49 51
21 58 21 58
14 78 14 70 72 78
35 78 35 56 78
1 72 1 13 49 51 58 67 72
34 44 34 44
27 55 27 34 45 55
7 47 7 28 35 43 47
13 71 13 60 66 71
38 60 38 41 50 60
8 37 8 9 17 20 26 28 37
43 81 43 47 75 78 81
21 41 21 26 28 35 41
8 88 8 40 51 64 71 82 85 88
4 37 4 13 28 37
8 34 8 9 20 30 34
1 33 1 19 33
22 60 22 33 39 60
26 67 26 28 37 51 58 67
9 29 9 16 24 29
11 51 11 20 32 51
59 83 59 66 71 83
4 26 4 8 9 17 20 26
3 51 3 15 26 28 35 41 50 51
30 52 30 34 45 52
14 89 14 70 71 83 89
60 71 60 66 71
43 73 43 47 67 73
27 32 27 32
72 81 72 78 81
8 58 8 34 44 55 58
19 60 19 43 44 51 60
9 32 9 32
35 58 35 41 50 51 58
39 89 39 60 66 77 89
42 72 42 70 72
19 59 19 20 59
27 55 27 32 44 55
13 45 13 14 34 45
3 72 3 9 17 20 30 53 72
39 88 39 46 77 88
4 82 4 70 82
70 84 70 71 84
40 64 40 51 59 64
14 72 14 28 58 67 72
60 86 60 66 71 83 86
26 71 26 42 51 64 71
18 51 18 22 25 35 41 50 51
25 61 25 40 51 58 61
14 78 14 31 39 57 72 78
13 67 13 28 37 51 67
20 67 20 40 42 51 67
2 51 2 31 43 44 51
22 89 22 34 38 41 59 89
14 60 14 19 33 39 60
38 41 38 41
38 51 38 41 49 51
19 82 19 43 47 61 64 71 82
3 72 3 9 50 51 67 72
8 63 8 9 17 25 38 41 57 63
40 78 40 42 51 60 66 78
8 51 8 41 50 51
6 79 6 24 34 44 79
60 83 60 66 83
51 83 51 59 64 81 83
11 77 11 35 43 46 77
8 82 8 9 71 82
16 52 16 48 52
37 75 37 40 51 58 61 75
13 81 13 60 66 78 81
68 88 68 74 85 88
18 72 18 20 55 57 72
49 89 49 72 78 84 89
19 57 19 43 44 55 57
9 71 9 32 47 61 64 71
6 55 6 18 20 30 34 45 55
13 80 13 48 52 78 80
8 43 8 9 20 26 28 35 43
9 67 9 16 23 44 51 58 67
62 72 62 72
23 75 23 49 51 58 61 75
14 26 14 19 21 26
16 73 16 23 49 51 58 67 73
43 86 43 64 71 83 86
4 63 4 56 62 63
2 51 2 23 37 51
27 83 27 79 81 83
15 57 15 26 28 35 39 57
30 83 30 41 57 83
39 77 39 46 77
1 20 1 7 14 19 20
2 43 2 23 25 35 43
26 75 26 75
39 64 39 58 64
2 57 2 31 43 44 55 57
31 59 31 43 44 51 59
25 80 25 57 72 78 80
6 44 6 30 34 44
58 71 58 61 64 71
7 86 7 33 67 72 78 80 81 83 86
28 59 28 35 43 44 51 59
11 72 11 58 67 72
22 41 22 34 38 41
38 60 38 41 49 51 60
27 66 27 32 44 51 60 66
33 80 33 39 60 66 78 80
30 54 30 48 54
25 84 25 33 52 78 84
8 64 8 9 32 44 61 64
2 9 2 9
3 20 3 14 19 20
21 82 21 26 40 63 82
35 60 35 41 49 51 60
35 78 35 43 44 78
38 82 38 70 72 82
3 26 3 9 13 20 26
2 26 2 14 19 21 26
26 53 26 28 41 53
22 63 22 34 45 63
21 60 21 26 42 51 60
49 72 49 72
1 34 1 7 27 34
13 52 13 26 28 37 48 52
2 78 2 78
2 9 2 9
34 73 34 47 67 73
16 47 16 23 35 43 47
25 75 25 61 75
16 75 16 24 29 37 49 51 58 61 75
31 77 31 43 52 67 77
16 81 16 29 43 75 78 81
58 61 58 61
49 88 49 72 78 85 88
22 82 22 59 66 71 82
16 44 16 44
43 66 43 44 51 59 66
22 25 22 25
34 53 34 44 53
7 55 7 14 25 35 43 44 55
25 53 25 38 41 53
16 53 16 24 27 44 53
20 52 20 32 48 52
3 64 3 38 41 50 51 64
35 82 35 63 82
42 89 42 64 81 83 89
2 13 2 9 13
2 58 2 31 39 58
9 44 9 32 44
19 37 19 21 26 28 37
15 34 15 22 34
6 54 6 30 48 54
27 67 27 52 67
35 64 35 56 64
9 79 9 20 79
58 75 58 61 75
27 67 27 32 44 55 67
6 47 6 31 43 47
41 67 41 67
25 73 25 40 51 67 73
62 63 62 63
43 75 43 75
4 58 4 49 51 58
46 88 46 77 88
68 82 68 74 82
3 43 3 14 19 20 26 28 35 43
18 59 18 21 42 51 59
27 81 27 32 44 64 80 81
40 78 40 72 78
33 61 33 51 58 61
4 72 4 56 62 72
15 34 15 30 34
34 61 34 38 41 49 51 58 61
22 89 22 59 71 84 89
18 33 18 22 25 33
51 67 51 58 67
23 84 23 25 33 78 84
19 51 19 38 41 49 51
37 67 37 51 58 67
4 41 4 23 28 35 41
20 66 20 59 66
56 82 56 64 82
15 43 15 22 31 43
8 41 8 9 16 24 34 38 41
40 63 40 63
37 66 37 49 51 60 66
34 84 34 47 75 78 84
57 86 57 72 78 80 83 86
4 30 4 13 16 24 30
15 89 15 21 58 61 75 78 84 89
22 88 22 31 39 46 77 88
26 47 26 28 35 43 47
8 57 8 28 41 57
23 75 23 55 61 75
58 84 58 64 71 84
26 50 26 28 41 50
20 52 20 32 48 52
7 79 7 28 35 41 79
20 71 20 30 50 51 60 66 71
26 54 26 28 37 48 54
43 81 43 64 81
6 81 6 15 26 42 51 64 80 81
28 77 28 77
27 45 27 34 45
69 88 69 88
16 86 16 44 53 80 81 83 86
2 57 2 9 17 29 37 40 42 57
14 88 14 42 64 69 88
28 82 28 64 82
11 20 11 20
2 64 2 31 43 52 64
64 86 64 86
46 88 46 77 87 88
14 37 14 28 37
37 71 37 49 51 64 71
2 30 2 14 30
11 88 11 68 69 87 88
41 86 41 53 80 83 86
78 80 78 80
43 80 43 70 72 78 80
9 24 9 16 24
70 86 70 81 83 86
2 34 2 18 20 30 34
25 86 25 38 60 66 71 83 86
37 71 37 49 51 59 66 71
4 37 4 23 28 37
20 75 20 26 42 51 58 61 75
74 88 74 85 88
43 73 43 44 51 67 73
22 64 22 31 39 58 61 64
62 89 62 72 78 84 89
14 89 14 59 64 81 83 89
13 52 13 28 37 52
9 81 9 16 80 81
27 52 27 52
34 67 34 45 55 67
39 78 39 57 78
27 44 27 34 44
49 82 49 72 82
59 66 59 66
9 52 9 13 36 43 52
6 55 6 18 20 32 44 55
34 61 34 48 61
26 81 26 38 60 66 78 80 81
43 47 43 47
3 89 3 51 58 77 89
16 47 16 29 43 47
6 29 6 17 29
16 67 16 27 29 37 52 67
27 79 27 44 79
40 72 40 51 67 72
33 54 33 37 48 54
20 86 20 66 83 86
6 84 6 40 64 71 84
27 81 27 53 72 78 81
85 88 85 88
15 25 15 22 25
49 88 49 69 88
60 66 60 66
13 80 13 14 70 72 78 80
72 84 72 78 84
19 70 19 33 37 40 42 70
3 34 3 16 24 34
34 86 34 59 66 83 86
70 83 70 71 83
26 48 26 28 37 48
59 81 59 66 78 80 81
3 26 3 15 21 26
9 73 9 24 43 47 67 73
43 81 43 62 63 80 81
4 77 4 8 13 48 52 77
7 67 7 15 58 67
27 52 27 32 48 52
1 88 1 72 86 88
13 66 13 14 28 49 51 60 66
49 88 49 69 87 88
23 83 23 49 72 78 81 83
25 44 25 35 43 44
68 88 68 69 87 88
1 37 1 19 33 37
20 79 20 55 79
9 55 9 17 32 44 55
7 54 7 29 37 48 54
20 48 20 26 28 37 48
23 52 23 32 48 52
56 88 56 62 63 83 88
30 48 30 48
16 71 16 40 42 70 71
16 80 16 48 61 64 80
30 61 30 34 47 61
1 70 1 3 9 13 29 43 70
3 41 3 21 26 38 41
21 82 21 42 64 82
43 55 43 44 55
6 75 6 27 34 45 50 51 58 61 75
41 81 41 66 78 80 81
27 75 27 32 44 51 58 61 75
2 16 2 13 16
78 81 78 80 81
1 59 1 3 37 40 51 59
34 84 34 38 70 72 78 84
23 79 23 28 37 48 79
27 53 27 34 44 53
21 72 21 26 42 70 72
34 81 34 47 67 72 78 80 81
8 27 8 13 24 27
1 37 1 37
6 32 6 16 23 32
11 51 11 33 51
26 48 26 28 37 48
13 50 13 24 34 45 50
25 84 25 57 72 78 84
20 73 20 55 58 67 73
26 54 26 28 37 48 54
31 58 31 43 44 51 58
87 88 87 88
1 27 1 7 27
7 81 7 33 39 58 67 72 78 80 81
70 71 70 71
39 88 39 60 66 78 85 88
18 43 18 22 25 35 43
11 58 11 21 42 51 58
42 89 42 62 63 80 81 83 89
22 34 22 34
43 79 43 44 79
3 37 3 16 29 36 37
16 61 16 48 61
1 9 1 2 9
11 78 11 33 72 78
3 51 3 30 41 50 51
51 75 51 58 61 75
4 63 4 30 44 55 57 63
23 86 23 78 80 81 83 86
14 82 14 34 47 61 64 82
14 72 14 28 37 72
14 77 14 30 34 47 67 77
20 67 20 40 42 51 67
9 32 9 16 27 32
19 51 19 43 44 51
13 81 13 26 67 72 78 80 81
21 78 21 58 67 72 78
26 75 26 28 37 51 58 61 75
9 53 9 20 30 44 53
15 33 15 22 33
26 73 26 28 41 50 51 58 67 73
15 78 15 22 60 66 78
35 72 35 39 58 67 72
42 51 42 51
78 81 78 81
37 80 37 40 42 70 72 78 80
20 53 20 30 53
19 57 19 43 44 55 57
8 58 8 41 50 51 58
21 26 21 26
37 75 37 48 54 75
7 52 7 29 37 52
7 45 7 15 30 34 45
19 20 19 20
21 59 21 26 38 42 51 59
35 78 35 72 78
14 70 14 25 40 42 70
70 81 70 72 78 80 81
14 58 14 31 43 44 51 58
3 57 3 9 57
8 89 8 58 61 75 78 80 83 89
7 36 7 29 36
3 26 3 14 19 21 26
20 73 20 73
25 84 25 61 75 78 84
14 20 14 19 20
7 55 7 15 30 44 55
18 88 18 34 44 61 88
35 82 35 63 82
68 88 68 69 87 88
34 44 34 44
26 47 26 28 35 43 47
42 64 42 51 58 61 64
15 25 15 22 25
20 47 20 26 28 35 43 47
20 73 20 55 58 67 73
3 70 3 30 34 38 41 70
1 77 1 13 24 43 52 67 77
11 78 11 20 55 61 75 78
8 30 8 9 24 30
23 50 23 25 35 41 50
40 70 40 42 70
57 81 57 72 78 81
13 61 13 24 30 41 49 51 58 61
6 80 6 31 43 75 80
14 51 14 19 21 40 51
6 54 6 18 21 26 28 37 48 54
37 83 37 48 61 64 71 83
42 88 42 88
20 86 20 32 47 67 72 78 81 83 86
33 81 33 72 78 81
70 81 70 81
40 78 40 42 57 72 78
20 61 20 30 34 38 41 50 51 58 61
41 81 41 49 72 78 81
35 64 35 56 64
3 23 3 9 16 23
23 47 23 28 35 43 47
22 70 22 31 43 70
11 34 11 20 30 34
8 13 8 13
20 81 20 59 66 78 81
14 70 14 30 34 38 42 70
2 9 2 9
7 48 7 27 29 37 48
15 72 15 26 55 57 72
6 67 6 27 44 55 67
13 73 13 14 19 33 37 48 52 67 73
3 77 3 14 30 34 38 60 66 77
2 41 2 23 35 41
16 75 16 29 48 75
22 41 22 25 35 41
6 54 6 21 26 28 37 48 54
2 37 2 33 37
2 77 2 33 52 67 77
34 86 34 45 50 59 71 83 86
40 89 40 72 78 80 81 83 89
7 80 7 15 26 75 80
60 71 60 66 71
14 88 14 70 81 83 86 88
2 77 2 23 77
27 84 27 79 84
42 59 42 51 59
20 75 20 32 58 61 75
6 73 6 31 39 58 73
7 75 7 33 51 58 61 75
15 59 15 26 42 51 59
25 83 25 35 39 58 64 81 83
9 50 9 24 30 41 50
20 80 20 26 80
1 70 1 3 9 16 23 28 37 40 42 70
15 78 15 22 34 38 41 59 66 78
8 20 8 13 14 19 20
38 60 38 41 49 51 60
7 36 7 29 36
11 34 11 20 30 34
30 44 30 34 44
19 59 19 20 40 42 51 59
21 77 21 58 67 77
27 81 27 52 67 72 78 81
9 61 9 20 55 58 61
13 32 13 24 32
25 80 25 57 72 78 80
6 47 6 15 26 28 35 43 47
27 71 27 29 36 43 52 64 71
28 57 28 41 57
20 86 20 40 64 80 81 83 86
9 84 9 57 78 84
43 66 43 44 51 59 66
14 70 14 19 33 37 40 42 70
9 55 9 13 20 30 34 44 55
37 84 37 40 78 84
8 43 8 28 35 43
2 25 2 23 25
33 81 33 51 64 80 81
13 73 13 16 48 54 67 73
22 72 22 34 48 52 67 72
18 26 18 21 26
22 33 22 25 33
16 73 16 35 43 52 67 73
27 80 27 32 44 53 80
30 83 30 48 61 75 78 81 83
11 82 11 21 26 55 67 72 82
15 63 15 26 40 63
25 54 25 33 37 48 54
1 60 1 13 49 51 60
1 37 1 3 14 25 33 37
6 67 6 27 44 55 67
56 89 56 62 72 78 80 83 89
23 75 23 28 35 41 49 51 58 61 75
85 88 85 88
1 27 1 3 16 24 27
21 78 21 40 51 67 72 78
43 66 43 44 51 59 66
26 50 26 38 41 50
30 73 30 34 47 67 73
40 89 40 63 80 83 89
1 82 1 19 62 74 82
30 47 30 34 47
13 55 13 28 35 43 44 55
35 64 35 56 64
4 30 4 30
4 64 4 30 39 58 61 64
9 67 9 50 51 58 67
35 57 35 39 57
13 53 13 29 36 43 44 53
33 81 33 67 72 78 80 81
1 26 1 26
6 81 6 40 72 78 80 81
4 37 4 8 28 37
1 37 1 7 15 26 28 37
33 54 33 37 48 54
23 52 23 28 37 52
14 51 14 34 38 41 50 51
9 52 9 16 29 43 52
23 47 23 35 43 47
21 37 21 26 28 37
26 79 26 28 41 79
19 77 19 33 37 51 58 77
27 45 27 34 45
7 61 7 32 48 61
13 29 13 29
37 48 37 48
39 58 39 58
25 54 25 33 37 48 54
39 58 39 58
4 30 4 30
28 77 28 46 77
2 27 2 9 13 16 27
33 75 33 51 58 61 75
57 84 57 78 84
1 82 1 58 67 72 82
2 58 2 9 50 51 58
1 20 1 13 20
28 72 28 58 67 72
9 61 9 20 30 48 61
11 64 11 21 59 64
22 33 22 25 33
25 48 25 33 37 48
38 88 38 60 82 85 88
27 55 27 29 43 44 55
2 26 2 9 20 26
42 51 42 51
23 80 23 79 80
4 59 4 8 34 38 41 50 51 59
19 33 19 33
25 55 25 35 43 44 55
70 83 70 71 83
22 43 22 25 35 43
37 48 37 48
34 86 34 38 60 66 83 86
4 60 4 23 28 41 49 51 60
4 27 4 8 9 16 24 27
6 47 6 27 34 47
15 72 15 58 67 72
19 82 19 56 64 82
22 37 22 33 37
72 86 72 86
2 57 2 18 22 31 43 44 55 57
1 43 1 3 9 24 29 36 43
4 26 4 13 20 26
38 57 38 42 57
16 50 16 29 36 50
63 80 63 80
16 48 16 23 32 48
7 75 7 32 51 58 61 75
3 58 3 16 24 34 38 41 49 51 58
40 64 40 64
34 66 34 59 66
40 63 40 42 57 63
4 25 4 23 25
31 63 31 39 57 63
11 64 11 20 26 40 42 64
21 82 21 40 64 71 82
31 88 31 39 57 74 82 85 88
23 79 23 25 79
37 79 37 48 79
4 64 4 41 50 51 59 64
74 88 74 85 88
27 66 27 44 51 60 66
6 45 6 18 34 45
13 80 13 28 49 51 60 66 78 80
1 23 1 13 16 23
38 72 38 70 72
39 77 39 60 66 77
16 73 16 35 43 52 67 73
43 81 43 47 61 64 81
16 81 16 29 81
6 61 6 40 51 58 61
1 27 1 13 16 27
33 66 33 39 60 66
8 30 8 9 24 30
28 82 28 58 67 72 82
35 43 35 43
16 55 16 31 43 44 55
13 45 13 20 30 34 45
31 51 31 43 44 51
62 88 62 63 83 86 88
49 51 49 51
13 71 13 20 59 71
4 16 4 8 9 16
42 82 42 70 72 82
1 58 1 26 40 51 58
43 73 43 47 67 73
28 82 28 41 70 72 82
14 60 14 19 43 44 51 60
43 66 43 44 51 59 66
31 82 31 56 62 63 82
13 75 13 29 48 61 75
58 81 58 64 81
23 52 23 25 35 43 52
9 80 9 17 52 78 80
33 67 33 39 58 67
20 66 20 40 42 51 60 66
40 59 40 42 51 59
22 60 22 31 39 60
20 75 20 39 58 61 75
21 37 21 26 28 37
19 78 19 20 66 78
33 61 33 49 51 58 61
3 43 3 16 27 29 43
41 80 41 66 78 80
30 73 30 54 73
26 48 26 28 37 48
13 83 13 14 30 41 57 63 83
13 48 13 20 32 48
25 71 25 35 39 60 66 71
28 51 28 37 49 51
23 54 23 32 48 54
23 50 23 35 41 50
1 78 1 72 78
2 9 2 9
22 25 22 25
33 84 33 49 72 78 84
6 79 6 18 22 34 48 79
37 71 37 59 71
6 29 6 17 29
13 48 13 48
26 52 26 28 37 52
37 80 37 48 52 78 80
20 75 20 39 58 61 75
28 51 28 37 40 42 51
34 54 34 45 54
59 83 59 71 83
1 41 1 3 14 25 35 41
46 89 46 77 89
13 81 13 36 55 67 72 78 80 81
58 84 58 67 72 78 84
11 64 11 58 61 64
1 41 1 19 20 26 28 41
9 86 9 57 78 81 83 86
57 80 57 63 80
69 88 69 87 88
39 63 39 57 63
28 72 28 35 43 62 72
43 44 43 44
26 79 26 28 37 48 79
31 58 31 39 58
59 84 59 64 71 84
9 55 9 32 44 55
13 24 13 16 24
33 81 33 39 57 78 80 81
57 81 57 63 80 81
27 73 27 52 67 73
20 54 20 26 28 37 48 54
8 58 8 34 45 55 58
13 81 13 26 38 42 64 80 81
26 44 26 28 35 43 44
59 71 59 71
70 71 70 71
15 70 15 21 26 28 35 43 70
2 63 2 9 17 55 57 63
13 47 13 14 28 35 43 47
13 79 13 48 79
28 88 28 69 87 88
38 60 38 60
13 79 13 20 55 79
28 41 28 41
8 43 8 13 29 43
8 89 8 58 61 75 80 83 89
40 59 40 51 59
7 53 7 41 53
19 72 19 62 72
63 81 63 80 81
16 83 16 23 49 51 60 66 71 83
23 81 23 66 78 81
31 60 31 43 44 51 60
9 55 9 13 36 55
87 88 87 88
13 36 13 24 29 36
3 63 3 27 34 44 55 57 63
30 53 30 41 53
38 63 38 42 62 63
1 26 1 7 15 21 26
3 41 3 30 41
25 71 25 61 64 71
34 53 34 44 53
20 61 20 39 58 61
27 48 27 34 48
9 36 9 13 36
2 27 2 13 24 27
37 73 37 48 54 73
1 25 1 7 15 22 25
27 80 27 53 80
58 67 58 67
21 70 21 40 42 70
1 33 1 19 33
31 89 31 39 58 64 71 83 89
27 53 27 32 53
6 81 6 40 63 80 81
59 71 59 71
9 29 9 13 16 27 29
23 53 23 35 43 44 53
1 37 1 37
4 82 4 70 82
34 47 34 47
27 54 27 32 48 54
4 57 4 23 35 43 44 55 57
27 52 27 34 45 52
19 41 19 38 41
41 50 41 50
31 72 31 56 62 72
4 20 4 8 9 13 20
1 13 1 2 13
26 75 26 40 51 58 61 75
19 72 19 20 55 57 72
7 52 7 14 34 45 52
8 77 8 40 42 46 77
25 55 25 35 43 44 55
25 79 25 38 41 79
11 72 11 35 72
27 44 27 44
4 43 4 13 29 43
23 61 23 49 51 58 61
51 80 51 60 66 78 80
25 61 25 35 39 58 61
43 86 43 75 83 86
8 30 8 9 24 30
34 55 34 45 55
43 44 43 44
18 72 18 22 31 56 62 72
20 80 20 30 80
13 75 13 20 39 58 61 75
25 54 25 33 37 48 54
37 71 37 51 58 64 71
6 36 6 16 24 29 36
19 70 19 20 30 41 70
11 34 11 20 30 34
51 86 51 59 64 71 83 86
16 73 16 31 39 58 73
13 48 13 14 25 33 37 48
30 79 30 34 44 79
27 83 27 79 81 83
60 66 60 66
34 71 34 59 71
14 41 14 28 35 41
30 71 30 41 50 60 66 71
6 36 6 27 29 36
4 30 4 30
41 66 41 49 51 60 66
28 60 28 41 50 60
41 86 41 67 72 78 80 81 83 86
27 53 27 32 53
8 20 8 9 20
3 23 3 16 23
20 55 20 30 44 55
28 59 28 35 41 50 51 59
59 86 59 86
68 82 68 74 82
28 51 28 41 49 51
23 71 23 25 35 39 60 66 71
20 48 20 30 48
25 53 25 38 41 53
4 78 4 60 66 78
59 86 59 71 83 86
33 48 33 37 48
8 60 8 40 42 51 60
51 80 51 59 66 78 80
7 84 7 14 19 20 59 64 71 84
43 75 43 75
22 33 22 33
13 55 13 26 28 35 43 44 55
9 17 9 17
34 73 34 45 67 73
7 53 7 43 44 53
18 25 18 22 25
28 60 28 41 49 51 60
26 53 26 38 41 53
4 13 4 13
6 55 6 15 26 55
1 77 1 39 60 66 77
20 53 20 30 34 44 53
18 82 18 72 82
38 88 38 42 51 58 85 88
11 30 11 20 30
30 86 30 39 60 66 71 83 86
19 60 19 20 32 44 51 60
22 41 22 34 38 41
6 52 6 31 43 52
26 44 26 28 35 43 44
22 64 22 25 35 43 64
15 77 15 46 77
3 89 3 51 58 77 89
39 58 39 58
41 67 41 67
21 70 21 40 42 70
43 83 43 44 51 58 67 72 78 81 83
16 53 16 28 41 53
25 73 25 40 51 58 67 73
1 33 1 2 9 16 23 25 33
31 60 31 43 44 51 60
9 67 9 16 23 44 51 58 67
49 77 49 51 58 77
33 83 33 39 60 66 78 81 83
16 75 16 28 58 61 75
19 51 19 21 40 42 51
13 47 13 20 30 34 47
43 83 43 80 81 83
6 52 6 24 32 48 52
30 44 30 44
16 66 16 35 59 66
19 72 19 20 40 42 62 72
6 86 6 27 34 79 80 83 86
26 44 26 28 35 43 44
15 89 15 21 40 51 59 77 89
7 80 7 42 57 80
33 75 33 49 51 58 61 75
37 52 37 52
9 53 9 32 44 53
13 66 13 26 40 51 60 66
78 80 78 80
1 82 1 58 67 72 82
60 80 60 66 78 80
26 52 26 28 37 48 52
6 32 6 16 23 32
21 82 21 26 67 82
1 70 1 13 36 37 40 42 70
9 83 9 71 83
31 43 31 43
26 79 26 55 79
49 51 49 51
34 80 34 79 80
1 89 1 89
68 88 68 69 87 88
18 58 18 20 26 40 51 58
21 77 21 42 46 77
13 80 13 14 70 72 78 80
31 63 31 56 62 63
18 70 18 34 38 70
3 20 3 14 19 20
11 59 11 21 26 28 35 59
27 48 27 32 48
9 29 9 24 27 29
13 73 13 36 37 52 67 73
19 34 19 20 30 34
13 55 13 28 35 43 44 55
35 58 35 41 49 51 58
19 82 19 38 42 51 58 67 72 82
34 54 34 45 54
40 72 40 72
22 34 22 34
16 66 16 40 60 66
46 77 46 77
1 60 1 26 28 49 51 60
28 43 28 35 43
59 83 59 71 83
6 81 6 80 81
27 86 27 86
2 13 2 13
57 86 57 63 80 81 83 86
8 13 8 13
38 70 38 41 70
28 88 28 49 69 87 88
37 86 37 40 64 71 83 86
22 57 22 31 39 57
14 88 14 34 59 66 77 88
30 45 30 34 45
25 50 25 35 41 50
38 58 38 41 50 51 58
27 61 27 34 48 61
26 52 26 28 37 48 52
19 20 19 20
16 55 16 31 43 44 55
1 33 1 2 9 16 23 25 33
4 20 4 13 20
25 81 25 80 81
4 60 4 23 28 41 49 51 60
28 37 28 37
11 51 11 35 41 50 51
19 78 19 38 42 57 72 78
30 52 30 34 45 52
20 61 20 40 42 51 58 61
27 32 27 32
27 73 27 58 73
16 45 16 24 27 34 45
6 53 6 27 44 53
14 37 14 19 20 26 28 37
25 47 25 35 43 47
8 72 8 28 58 67 72
42 64 42 51 59 64
3 9 3 9
23 71 23 55 61 64 71
23 84 23 37 59 64 71 84
6 48 6 27 29 48
7 79 7 15 22 25 33 37 48 79
60 86 60 66 78 81 83 86
19 82 19 62 72 82
26 80 26 38 60 66 78 80
33 81 33 62 63 80 81
30 86 30 34 67 72 78 81 83 86
51 80 51 67 72 78 80
38 60 38 41 50 60
7 73 7 40 51 58 67 73
15 43 15 21 26 28 35 43
25 79 25 38 41 79
16 50 16 29 36 50
16 66 16 31 39 60 66
27 66 27 44 51 60 66
25 79 25 35 41 79
38 77 38 42 46 77
23 83 23 32 44 51 64 80 81 83
1 26 1 13 20 26
30 50 30 41 50
14 43 14 28 35 43
15 51 15 21 42 51
30 55 30 34 45 55
8 25 8 13 14 25
2 78 2 18 21 40 72 78
31 59 31 43 44 51 59
14 30 14 30
38 60 38 41 50 51 60
15 64 15 21 26 55 61 64
78 80 78 80
37 79 37 48 79
27 75 27 44 61 75
6 75 6 18 20 40 42 51 58 61 75
20 75 20 26 40 42 51 58 61 75
13 54 13 48 54
51 84 51 59 64 71 84
20 66 20 39 60 66
3 60 3 37 49 51 60
15 37 15 26 28 37
19 88 19 69 88
16 44 16 24 29 43 44
13 24 13 16 24
4 33 4 23 25 33
21 64 21 40 64
43 66 43 44 51 60 66
23 80 23 32 58 64 80
40 77 40 51 59 66 77
7 52 7 43 52
28 70 28 41 70
23 48 23 32 48
19 41 19 38 41
35 82 35 63 82
19 51 19 43 44 51
56 63 56 62 63
7 67 7 42 51 58 67
4 16 4 8 9 16
39 57 39 57
8 64 8 28 35 56 64
9 75 9 24 55 61 75
22 89 22 34 79 84 89
15 43 15 22 31 43
1 82 1 68 74 82
1 89 1 49 72 78 80 81 83 89
8 23 8 13 16 23
4 58 4 23 28 35 43 44 51 58
11 34 11 20 30 34
6 73 6 31 43 47 67 73
6 54 6 16 27 34 45 54
14 70 14 30 34 38 42 70
8 34 8 34
4 33 4 8 9 13 16 23 25 33
9 24 9 16 24
15 88 15 21 58 68 69 87 88
27 67 27 34 67
57 84 57 72 78 84
1 64 1 3 15 58 64
34 84 34 59 64 71 84
51 75 51 58 61 75
51 71 51 58 64 71
8 25 8 9 16 23 25
25 50 25 38 41 50
41 50 41 50
15 57 15 30 44 55 57
11 64 11 58 64
3 64 3 16 23 35 39 58 64
16 44 16 29 36 43 44
21 78 21 59 66 78
28 82 28 41 50 82
18 51 18 34 45 50 51
31 82 31 68 74 82
20 79 20 55 79
43 81 43 47 75 78 81
8 13 8 9 13
35 88 35 82 85 88
39 64 39 58 64
7 45 7 27 34 45
27 81 27 72 78 80 81
7 75 7 29 48 54 75
13 32 13 24 32
33 75 33 51 58 61 75
3 34 3 27 34
4 72 4 56 62 72
16 55 16 31 43 44 55
7 54 7 28 37 48 54
11 26 11 20 26
4 41 4 30 41
13 79 13 28 35 41 79
72 81 72 78 81
2 25 2 23 25
39 78 39 58 67 72 78
13 52 13 16 24 27 34 48 52
58 67 58 67
3 9 3 9
3 9 3 9
43 47 43 47
22 57 22 34 44 55 57
9 44 9 32 44
42 51 42 51
41 73 41 50 51 67 73
18 57 18 20 39 57
8 88 8 9 60 66 71 84 88
15 60 15 21 40 51 60
34 83 34 47 80 83
30 67 30 39 58 67
31 60 31 43 44 51 60
25 53 25 38 41 53
39 58 39 58
27 84 27 44 84
3 33 3 15 22 25 33
30 52 30 48 52
19 60 19 21 40 42 51 60
78 81 78 80 81
21 82 21 58 64 68 74 82
57 86 57 63 83 86
40 57 40 42 57
6 84 6 37 49 51 59 66 78 84
16 75 16 28 58 61 75
38 82 38 60 66 71 82
21 57 21 40 42 57
42 72 42 51 58 67 72
1 13 1 3 9 13
11 43 11 35 43
62 88 62 74 85 88
41 83 41 72 78 81 83
11 30 11 20 30
16 55 16 28 35 43 44 55
21 88 21 59 86 88
4 58 4 49 51 58
51 81 51 58 64 80 81
4 43 4 13 29 43
58 61 58 61
27 73 27 34 67 73
28 43 28 35 43
2 51 2 31 43 44 51
14 82 14 59 64 71 82
43 75 43 47 75
4 13 4 8 13
27 61 27 29 48 61
51 86 51 80 81 83 86
49 72 49 72
16 45 16 27 34 45
19 78 19 38 60 66 78
2 25 2 9 17 25
2 26 2 14 19 21 26
43 81 43 70 72 78 81
18 88 18 21 59 64 68 74 85 88
72 83 72 78 81 83
16 36 16 27 29 36
1 63 1 7 41 63
21 26 21 26
8 37 8 28 37
1 20 1 7 14 19 20
23 66 23 37 51 60 66
25 54 25 33 37 48 54
30 86 30 80 81 83 86
6 71 6 44 51 60 66 71
8 43 8 9 13 26 28 35 43
68 88 68 69 87 88
27 52 27 34 48 52
58 80 58 64 80
4 78 4 23 55 58 67 72 78
19 26 19 20 26
6 24 6 16 24
49 58 49 51 58
33 67 33 37 52 67
3 64 3 14 31 43 47 61 64
35 89 35 89
78 84 78 84
37 79 37 48 79
1 72 1 26 55 57 72
7 32 7 14 19 20 32
7 66 7 43 44 51 59 66
30 55 30 34 45 55
19 70 19 43 70
3 63 3 27 29 36 37 40 63
30 81 30 50 59 66 78 81
1 51 1 13 26 38 41 49 51
9 53 9 24 27 53
13 66 13 48 54 59 66
20 80 20 30 80
8 33 8 13 14 25 33
41 61 41 49 51 58 61
18 26 18 21 26
9 86 9 13 83 86
22 89 22 25 35 56 62 72 78 81 83 89
19 82 19 43 70 71 82
13 73 13 26 28 35 39 58 67 73
7 75 7 49 51 58 61 75
42 77 42 51 60 66 77
7 79 7 41 79
6 55 6 27 44 55
11 26 11 21 26
19 33 19 33
13 84 13 29 36 43 70 72 78 84
2 9 2 9
8 13 8 13
8 13 8 13
27 61 27 29 37 40 42 51 58 61
8 59 8 13 36 37 48 54 59
58 80 58 67 72 78 80
42 70 42 70
62 63 62 63
38 59 38 42 51 59
7 66 7 41 49 51 60 66
1 77 1 37 48 52 77
21 63 21 40 42 57 63
3 26 3 9 13 20 26
63 83 63 80 83
28 51 28 37 51
4 20 4 13 14 19 20
9 83 9 62 63 80 83
56 82 56 74 82
8 64 8 41 49 51 64
20 52 20 30 34 45 52
34 83 34 79 80 83
8 59 8 9 17 33 49 51 59
1 59 1 26 38 41 50 51 59
68 88 68 74 85 88
22 33 22 33
27 86 27 32 47 61 64 71 83 86
3 9 3 9
2 16 2 9 13 16
19 43 19 20 26 28 35 43
13 80 13 28 78 80
16 53 16 28 35 43 44 53
3 23 3 16 23
63 80 63 80
14 37 14 28 37
25 50 25 38 41 50
41 75 41 49 51 58 61 75
14 33 14 19 33
34 44 34 44
19 72 19 21 58 67 72
6 73 6 31 43 52 67 73
13 79 13 28 35 41 79
16 79 16 28 35 43 44 79
19 82 19 21 40 42 70 72 82
31 77 31 43 46 77
35 43 35 43
25 79 25 79
4 16 4 8 9 13 16
8 51 8 9 32 51
4 88 4 8 13 49 51 67 72 82 85 88
41 66 41 66
78 84 78 84
3 58 3 14 31 43 44 55 58
58 84 58 78 84
9 45 9 20 30 34 45
42 72 42 70 72
3 20 3 14 19 20
2 64 2 31 43 52 64
13 86 13 20 39 60 66 83 86
49 89 49 51 58 64 71 83 89
27 45 27 34 45
2 16 2 13 16
6 73 6 31 43 47 67 73
14 89 14 70 71 83 89
13 36 13 24 29 36
2 33 2 33
1 60 1 3 15 30 44 51 60
7 32 7 27 32
34 54 34 48 54
49 64 49 51 59 64
25 55 25 35 43 44 55
31 72 31 39 57 72
2 43 2 9 16 28 35 43
7 80 7 40 78 80
18 37 18 21 26 28 37
2 33 2 14 25 33
41 83 41 66 78 80 83
27 86 27 53 72 78 80 83 86
35 60 35 41 50 60
38 51 38 41 50 51
16 47 16 35 43 47
23 67 23 55 58 67
22 33 22 33
25 79 25 38 41 79
38 41 38 41
27 66 27 44 51 60 66
23 86 23 66 71 83 86
15 34 15 22 34
27 79 27 29 36 55 79
13 79 13 28 41 79
18 41 18 22 34 38 41
7 79 7 29 37 48 79
7 48 7 28 37 48
4 16 4 13 16
58 75 58 61 75
3 23 3 9 13 16 23
2 77 2 18 21 58 67 77
33 81 33 61 75 80 81
23 48 23 37 48
34 73 34 44 73
27 29 27 29
43 47 43 47
28 70 28 41 70
25 47 25 35 43 47
16 61 16 48 61
42 70 42 70
63 86 63 80 83 86
1 77 1 3 16 38 60 66 77
3 63 3 15 21 42 62 63
58 80 58 64 80
34 83 34 59 71 83
9 75 9 50 51 58 61 75
14 63 14 31 56 62 63
27 29 27 29
7 44 7 14 28 35 43 44
23 53 23 28 41 53
2 23 2 9 13 16 23
35 51 35 41 50 51
56 64 56 64
9 24 9 24
19 20 19 20
33 83 33 61 75 78 80 83
49 72 49 72
27 71 27 70 71
11 34 11 20 30 34
34 50 34 38 41 50
33 52 33 52
11 78 11 21 42 62 72 78
37 83 37 48 54 72 78 81 83
21 37 21 26 28 37
3 26 3 9 17 20 26
4 82 4 23 44 61 75 82
9 75 9 24 27 44 55 58 61 75
28 64 28 35 39 58 61 64
60 81 60 66 78 80 81
62 82 62 74 82
15 72 15 58 67 72
38 60 38 42 51 60
9 86 9 71 83 86
4 60 4 60
26 66 26 38 60 66
26 55 26 55
8 88 8 28 77 88
15 25 15 22 25
8 23 8 13 16 23
40 64 40 51 64
31 64 31 43 52 64
41 80 41 79 80
7 32 7 27 32
7 29 7 27 29
4 59 4 41 49 51 59
42 88 42 88
2 78 2 72 78
3 70 3 27 29 37 40 42 70
9 47 9 20 26 28 35 43 47
38 77 38 42 46 77
30 47 30 34 47
21 77 21 59 66 77
11 77 11 35 41 49 51 67 77
19 82 19 43 70 71 82
9 81 9 57 63 80 81
7 67 7 28 35 39 58 67
14 88 14 25 35 82 85 88
18 57 18 34 38 42 57
7 55 7 32 44 55
51 86 51 86
4 27 4 8 9 16 24 27
6 32 6 24 32
16 83 16 48 79 83
9 53 9 24 32 44 53
18 58 18 34 38 42 51 58
3 23 3 16 23
16 54 16 27 32 48 54
18 33 18 22 25 33
2 72 2 18 21 26 40 42 70 72
41 79 41 79
20 54 20 26 28 37 48 54
30 45 30 34 45
33 80 33 78 80
30 79 30 41 79
69 88 69 87 88
37 71 37 52 64 71
56 88 56 82 85 88
7 52 7 29 43 52
57 86 57 63 83 86
38 60 38 41 50 60
3 58 3 58
8 26 8 9 13 14 19 20 26
1 20 1 3 9 13 20
14 77 14 59 66 77
33 79 33 37 48 79
13 55 13 14 34 44 55
20 86 20 32 53 72 86
27 61 27 29 48 61
34 81 34 47 80 81
70 80 70 72 78 80
57 86 57 86
26 50 26 38 41 50
8 89 8 58 78 80 83 89
1 58 1 7 14 30 34 38 42 51 58
14 82 14 25 74 82
59 84 59 66 71 84
25 86 25 38 70 71 83 86
20 83 20 40 51 64 80 81 83
43 55 43 44 55
16 36 16 29 36
37 48 37 48
27 81 27 70 81
72 80 72 78 80
35 82 35 63 82
37 61 37 48 61
30 86 30 48 54 86
19 51 19 43 44 51
30 75 30 50 51 58 61 75
19 58 19 21 26 28 49 51 58
49 60 49 51 60
18 89 18 34 46 77 89
16 50 16 28 41 50
28 72 28 41 49 51 58 67 72
3 9 3 9
26 80 26 38 60 66 78 80
18 30 18 20 30
39 77 39 46 77
4 63 4 41 57 63
13 24 13 16 24
37 84 37 72 78 84
42 57 42 57
4 30 4 30
15 89 15 58 64 71 83 89
14 51 14 19 38 41 49 51
18 34 18 34
25 80 25 57 72 78 80
3 57 3 15 30 41 57
20 75 20 26 55 61 75
33 48 33 37 48
87 88 87 88
72 83 72 78 81 83
59 86 59 66 78 81 83 86
14 34 14 34
15 89 15 21 58 61 75 78 84 89
22 82 22 62 74 82
40 72 40 42 62 72
63 86 63 80 83 86
22 25 22 25
39 77 39 58 77
38 72 38 42 57 72
56 64 56 64
57 84 57 78 84
15 41 15 30 41
23 80 23 57 78 80
1 51 1 19 38 42 51
8 63 8 13 16 27 29 43 44 55 63
6 61 6 44 51 58 61
30 73 30 54 67 73
20 52 20 30 48 52
18 63 18 20 56 62 63
63 83 63 83
58 71 58 64 71
51 86 51 80 83 86
30 47 30 34 47
22 58 22 34 38 41 49 51 58
2 51 2 9 20 40 51
26 61 26 40 42 51 58 61
16 32 16 24 27 32
16 54 16 28 37 48 54
19 37 19 33 37
41 50 41 50
19 26 19 20 26
8 41 8 9 13 26 28 41
46 77 46 77
4 37 4 23 28 37
27 55 27 44 55
40 72 40 72
21 72 21 26 28 41 49 51 58 67 72
11 43 11 20 26 28 35 43
3 77 3 15 26 40 42 46 77
25 61 25 33 49 51 58 61
22 51 22 33 51
78 86 78 80 81 83 86
4 16 4 13 16
7 83 7 15 26 75 80 83
51 81 51 58 61 75 78 80 81
49 82 49 72 82
27 48 27 29 48
68 88 68 69 87 88
33 84 33 61 64 71 84
6 53 6 31 43 44 53
4 13 4 13
22 58 22 33 37 49 51 58
8 63 8 34 38 63
14 51 14 25 35 41 49 51
72 81 72 78 80 81
2 82 2 23 35 56 74 82
14 34 14 30 34
31 89 31 56 64 80 81 83 89
39 88 39 85 88
58 80 58 61 64 80
41 66 41 50 60 66
38 64 38 42 64
14 60 14 30 39 60
43 66 43 44 51 59 66
13 80 13 48 52 78 80
18 59 18 21 59
13 79 13 26 38 41 79
7 53 7 32 53
78 80 78 80
8 30 8 9 20 30
8 9 8 9
23 48 23 25 33 37 48
40 82 40 64 68 74 82
20 52 20 30 48 52
26 67 26 42 51 67
23 52 23 35 43 52
1 77 1 3 27 32 44 51 67 77
58 73 58 67 73
2 72 2 13 28 35 72
39 63 39 57 63
13 73 13 49 51 67 73
26 79 26 55 79
33 83 33 52 80 83
8 57 8 13 20 40 42 57
26 44 26 28 35 43 44
8 23 8 13 16 23
46 77 46 77
8 58 8 41 50 51 58
8 26 8 9 17 20 26
11 33 11 33
8 58 8 41 49 51 58
15 41 15 30 34 38 41
41 61 41 50 51 58 61
6 73 6 17 29 37 51 58 67 73
19 20 19 20
16 67 16 38 42 51 67
3 23 3 9 13 16 23
27 44 27 34 44
30 73 30 41 50 51 67 73
34 71 34 47 61 64 71
8 16 8 9 13 16
56 63 56 62 63
18 33 18 22 33
20 47 20 30 34 47
8 51 8 41 49 51
13 53 13 29 36 43 44 53
3 16 3 9 13 16
13 81 13 28 49 72 78 80 81
59 84 59 71 84
23 86 23 37 40 63 83 86
1 57 1 19 33 37 40 42 57
22 33 22 33
1 78 1 37 48 54 72 78
64 83 64 80 83
13 81 13 28 49 72 78 80 81
72 80 72 78 80
21 59 21 59
35 88 35 59 86 88
28 89 28 64 80 81 83 89
2 77 2 14 77
23 83 23 66 78 80 81 83
20 79 20 55 79
7 79 7 15 22 25 33 37 48 79
23 79 23 55 79
2 30 2 18 20 30
43 79 43 44 79
37 81 37 72 78 81
23 48 23 25 33 37 48
7 36 7 29 36
4 30 4 30
18 59 18 22 43 44 51 59
27 45 27 34 45
11 51 11 35 41 49 51
27 86 27 53 72 86
7 48 7 15 26 28 37 48
42 70 42 70
23 55 23 32 44 55
39 63 39 57 63
13 55 13 28 35 43 44 55
20 48 20 26 28 37 48
25 61 25 35 41 50 51 58 61
25 53 25 38 41 53
46 88 46 77 87 88
19 59 19 21 42 51 59
9 17 9 17
27 84 27 34 47 67 72 78 84
11 89 11 33 78 81 83 89
7 66 7 43 44 51 59 66
3 27 3 27
14 57 14 34 38 42 57
31 78 31 43 75 78
11 20 11 20
26 47 26 28 35 43 47
37 80 37 52 78 80
6 86 6 79 83 86
40 82 40 42 64 82
18 77 18 22 59 66 77
7 81 7 41 70 81
8 13 8 9 13
14 30 14 30
14 43 14 25 35 43
19 58 19 38 42 51 58
2 72 2 33 62 72
38 58 38 41 50 51 58
15 82 15 58 68 74 82
21 63 21 40 42 57 63
33 81 33 39 57 78 80 81
16 80 16 27 34 67 72 78 80
6 61 6 16 27 34 44 51 58 61
1 9 1 3 9
6 17 6 17
8 51 8 34 44 51
15 89 15 22 34 59 77 89
9 75 9 17 25 61 75
30 44 30 34 44
9 80 9 13 49 72 78 80
18 34 18 20 30 34
9 54 9 20 32 48 54
40 82 40 68 74 82
41 79 41 79
49 58 49 51 58
33 79 33 37 48 79
70 81 70 81
43 66 43 44 51 60 66
13 52 13 14 34 48 52
3 78 3 51 67 72 78
19 33 19 33
8 27 8 13 24 27
30 73 30 34 44 73
25 80 25 38 41 63 80
15 64 15 22 59 64
4 63 4 30 41 63
64 80 64 80
16 29 16 29
20 66 20 39 60 66
34 80 34 45 64 80
9 24 9 13 16 24
43 52 43 52
8 23 8 9 16 23
28 82 28 49 72 82
23 50 23 25 35 41 50
25 66 25 38 41 50 59 66
51 86 51 67 72 86
19 26 19 20 26
2 72 2 23 32 48 72
9 80 9 20 59 66 78 80
9 44 9 20 32 44
2 64 2 56 64
60 81 60 66 78 80 81
31 59 31 43 44 51 59
40 88 40 64 81 83 88
1 33 1 19 33
28 88 28 68 69 87 88
11 43 11 35 43
25 73 25 40 42 51 58 67 73
26 47 26 28 35 43 47
1 37 1 26 28 37
58 67 58 67
13 71 13 16 48 61 64 71
41 66 41 50 59 66
1 23 1 2 9 16 23
3 57 3 15 22 25 57
19 51 19 43 44 51
6 79 6 18 22 34 48 79
23 80 23 28 35 41 66 78 80
4 89 4 13 36 50 59 89
11 78 11 21 42 62 72 78
7 45 7 15 22 34 45
38 70 38 41 70
14 41 14 25 35 41
19 30 19 20 30
34 48 34 48
1 16 1 2 13 16
22 41 22 25 35 41
20 50 20 30 41 50
14 51 14 31 43 44 51
33 81 33 39 57 63 80 81
22 51 22 43 44 51
14 89 14 70 71 83 89
59 84 59 64 71 84
4 27 4 13 16 27
4 57 4 23 44 55 57
57 80 57 63 80
60 86 60 66 83 86
21 60 21 40 60
70 84 70 71 84
8 41 8 41
70 81 70 81
4 82 4 82
20 66 20 40 51 60 66
7 32 7 27 32
49 58 49 51 58
42 63 42 57 63
13 75 13 48 75
26 81 26 67 72 78 81
9 73 9 16 29 43 44 51 58 67 73
3 9 3 9
1 43 1 13 14 25 35 43
8 59 8 41 49 51 59
6 71 6 24 29 36 48 54 71
34 55 34 45 55
62 88 62 63 82 85 88
59 80 59 64 80
35 78 35 56 78
19 43 19 20 26 28 35 43
14 88 14 42 64 69 88
31 72 31 43 62 72
11 82 11 20 30 34 59 66 71 82
22 72 22 31 56 62 72
34 53 34 38 41 53
62 89 62 72 78 84 89
18 64 18 20 55 58 61 64
42 57 42 57
18 37 18 20 26 28 37
26 53 26 38 41 53
33 83 33 78 80 81 83
4 41 4 30 41
2 13 2 9 13
30 53 30 44 53
23 83 23 57 78 81 83
9 50 9 16 24 27 34 45 50
33 79 33 37 48 79
7 83 7 33 78 80 83
49 89 49 51 80 81 83 89
35 78 35 56 78
35 57 35 43 44 55 57
15 60 15 22 43 44 51 60
34 47 34 47
7 73 7 41 49 51 67 73
21 58 21 40 51 58
18 37 18 22 33 37
19 51 19 21 26 40 51
11 89 11 58 77 89
18 78 18 34 38 60 66 78
13 52 13 16 28 37 52
15 30 15 30
41 83 41 67 72 78 80 81 83
1 9 1 2 9
2 57 2 31 43 44 55 57
14 51 14 25 35 41 50 51
34 61 34 45 50 51 58 61
30 73 30 41 49 51 67 73
4 37 4 13 28 37
43 44 43 44
15 89 15 21 40 51 59 77 89
60 66 60 66
9 66 9 13 20 30 34 59 66
11 63 11 33 62 63
25 75 25 33 61 75
60 81 60 66 78 81
13 45 13 24 27 34 45
14 33 14 25 33
3 78 3 51 67 72 78
25 71 25 35 39 58 64 71
35 88 35 41 63 82 85 88
38 89 38 63 83 89
58 67 58 67
40 72 40 72
38 60 38 60
20 52 20 32 48 52
78 81 78 80 81
23 84 23 37 59 64 71 84
4 63 4 23 37 40 63
78 86 78 80 81 83 86
13 67 13 36 43 52 67
15 88 15 30 34 44 64 68 69 88
22 59 22 43 44 51 59
22 60 22 60
1 58 1 2 31 39 58
42 89 42 62 72 78 81 83 89
1 63 1 37 40 63
25 71 25 61 64 71
57 81 57 63 80 81
20 61 20 26 28 37 40 42 51 58 61
34 48 34 48
59 81 59 64 81
3 23 3 9 16 23
20 45 20 30 34 45
14 82 14 28 37 59 64 68 74 82
34 66 34 45 54 59 66
42 57 42 57
34 80 34 48 79 80
23 32 23 32
25 75 25 35 41 49 51 58 61 75
8 43 8 13 29 43
28 88 28 87 88
58 75 58 61 75
42 82 42 51 58 64 71 82
22 88 22 34 48 54 67 72 78 85 88
57 86 57 63 83 86
31 89 31 56 64 80 81 83 89
11 63 11 20 40 63
27 52 27 32 48 52
42 82 42 51 60 82
30 67 30 39 58 67
26 66 26 28 41 50 51 59 66
30 61 30 48 61
19 70 19 43 70
70 80 70 72 78 80
37 84 37 59 71 84
16 54 16 28 37 48 54
14 37 14 28 37
41 80 41 66 78 80
3 43 3 16 27 29 43
38 58 38 41 50 51 58
70 86 70 81 83 86
39 58 39 58
6 29 6 16 24 29
4 89 4 8 40 78 84 89
51 84 51 67 72 78 84
6 67 6 27 32 47 67
27 32 27 32
1 7 1 7
58 83 58 64 71 83
56 88 56 82 85 88
37 75 37 40 51 58 61 75
51 61 51 58 61
78 83 78 80 81 83
40 77 40 60 66 77
16 66 16 28 37 40 51 60 66
19 64 19 21 58 61 64
19 77 19 43 44 53 77
1 23 1 13 16 23
28 63 28 41 63
30 86 30 50 60 66 71 83 86
1 26 1 13 26
40 51 40 51
6 32 6 16 24 32
2 78 2 57 78
42 51 42 51
4 37 4 8 28 37
43 81 43 64 81
1 72 1 39 57 72
18 37 18 20 26 28 37
19 58 19 21 42 51 58
3 64 3 14 25 35 39 58 64
20 75 20 40 42 51 58 61 75
27 79 27 44 79
34 52 34 45 52
3 27 3 9 24 27
18 41 18 34 38 41
8 57 8 13 28 35 43 44 55 57
72 81 72 78 80 81
34 73 34 47 67 73
2 60 2 60
23 80 23 55 67 72 78 80
39 82 39 60 82
21 89 21 40 78 80 83 89
63 80 63 80
26 75 26 38 41 50 51 58 61 75
6 47 6 18 22 31 43 47
25 84 25 62 72 78 84
23 66 23 66
21 78 21 42 51 58 61 75 78
23 61 23 28 41 50 51 58 61
14 43 14 31 43
38 60 38 41 49 51 60
30 73 30 41 50 51 67 73
22 82 22 60 82
51 66 51 59 66
9 83 9 13 49 51 64 80 83
18 30 18 20 30
19 41 19 20 30 34 38 41
23 44 23 35 43 44
11 37 11 20 26 28 37
20 75 20 40 42 51 58 61 75
38 77 38 42 46 77
57 83 57 78 80 81 83
18 57 18 34 44 55 57
34 54 34 48 54
31 88 31 56 78 85 88
30 47 30 34 47
1 78 1 37 59 66 78
37 66 37 59 66
7 48 7 28 37 48
42 60 42 51 60
40 51 40 51
21 82 21 40 72 82
34 47 34 47
27 50 27 34 45 50
35 58 35 41 49 51 58
2 43 2 9 16 28 35 43
1 78 1 58 67 72 78
13 81 13 24 27 52 78 80 81
20 55 20 26 55
43 47 43 47
27 52 27 52
27 53 27 32 53
35 58 35 39 58
33 71 33 37 40 51 59 64 71
2 25 2 18 22 25
60 80 60 66 78 80
23 75 23 32 47 61 75
1 43 1 13 26 28 35 43
35 51 35 41 50 51
21 63 21 42 57 63
22 41 22 34 38 41
43 80 43 80
56 64 56 64
25 44 25 35 43 44
58 86 58 67 72 86
8 9 8 9
22 77 22 60 66 77
11 30 11 20 30
64 84 64 71 84
30 67 30 54 67
39 60 39 60
16 84 16 44 55 79 84
1 9 1 2 9
8 41 8 41
15 64 15 22 25 38 42 51 58 61 64
39 58 39 58
33 79 33 37 48 79
4 70 4 70
7 80 7 41 59 66 78 80
40 78 40 42 70 72 78
87 88 87 88
42 60 42 51 60
31 77 31 39 60 66 77
22 89 22 43 44 55 61 75 83 89
11 51 11 20 30 34 45 50 51
38 57 38 42 57
23 75 23 55 58 61 75
23 32 23 32
43 44 43 44
16 81 16 31 43 75 80 81
64 83 64 81 83
58 84 58 67 72 78 84
26 71 26 55 61 64 71
1 89 1 58 61 64 71 84 89
22 37 22 25 33 37
27 86 27 32 47 61 64 71 83 86
7 44 7 32 44
62 63 62 63
56 63 56 62 63
6 55 6 44 55
22 57 22 31 39 57
8 33 8 13 16 23 25 33
43 44 43 44
16 80 16 31 39 57 72 78 80
2 70 2 18 20 40 42 70
40 77 40 51 59 77
13 36 13 29 36
26 50 26 28 41 50
40 88 40 42 88
34 52 34 48 52
35 70 35 41 70
15 63 15 21 40 63
14 26 14 19 21 26
4 26 4 8 9 13 26
4 37 4 13 26 28 37
15 26 15 26
39 88 39 85 88
26 83 26 40 78 81 83
7 48 7 33 37 48
27 80 27 78 80
49 58 49 51 58
20 80 20 26 55 63 80
8 51 8 34 44 51
2 57 2 31 43 44 55 57
18 51 18 34 38 41 50 51
30 84 30 39 58 67 72 78 84
22 88 22 34 48 54 67 72 78 85 88
33 84 33 52 71 84
19 77 19 33 52 67 77
6 45 6 18 20 30 34 45
27 36 27 29 36
37 61 37 48 61
9 61 9 32 58 61
7 75 7 29 43 44 55 61 75
27 71 27 29 36 43 52 64 71
2 57 2 57
3 77 3 15 26 28 37 59 66 77
3 78 3 37 51 67 72 78
30 86 30 39 60 66 71 83 86
20 48 20 26 28 37 48
13 79 13 28 41 79
2 78 2 78
30 66 30 39 60 66
43 52 43 52
20 84 20 59 71 84
26 61 26 55 58 61
14 26 14 19 21 26
39 78 39 58 67 72 78
1 30 1 13 24 30
18 77 18 34 67 77
72 83 72 78 80 81 83
39 82 39 57 82
33 75 33 39 58 61 75
8 9 8 9
9 47 9 16 23 28 35 43 47
35 64 35 39 58 61 64
30 55 30 44 55
42 77 42 46 77
43 52 43 52
26 71 26 28 64 71
63 80 63 80
18 70 18 21 26 40 42 70
68 82 68 74 82
1 26 1 26
40 57 40 42 57
26 75 26 38 41 49 51 58 61 75
14 88 14 25 35 82 85 88
1 64 1 19 33 39 58 61 64
30 84 30 34 38 60 66 78 84
26 71 26 55 58 61 64 71
20 80 20 56 64 80
6 71 6 16 23 28 35 41 66 71
28 82 28 68 74 82
13 48 13 29 37 48
37 80 37 48 52 78 80
64 71 64 71
40 78 40 42 51 59 66 78
20 48 20 30 34 48
23 79 23 55 79
19 78 19 62 72 78
15 33 15 22 25 33
64 84 64 71 84
9 61 9 50 51 58 61
1 70 1 26 40 42 70
1 57 1 39 57
20 54 20 32 48 54
37 66 37 59 66
21 51 21 42 51
3 82 3 82
2 37 2 33 37
7 80 7 40 78 80
64 81 64 80 81
78 84 78 84
43 81 43 75 78 81
31 77 31 39 46 77
30 44 30 34 44
9 86 9 20 40 72 86
26 67 26 42 51 67
16 80 16 38 41 63 80
21 82 21 40 72 82
6 17 6 17
22 58 22 34 44 55 58
43 47 43 47
3 9 3 9
11 51 11 20 32 51
15 33 15 22 33
3 58 3 14 34 45 50 51 58
59 81 59 66 78 80 81
59 71 59 71
33 67 33 52 67
20 55 20 32 44 55
18 20 18 20
13 50 13 36 50
7 84 7 41 72 78 84
70 80 70 72 78 80
15 89 15 22 62 63 80 81 83 89
9 84 9 16 31 39 58 64 71 84
64 83 64 80 81 83
7 50 7 29 36 50
2 37 2 33 37
20 79 20 79
37 80 37 52 67 72 78 80
49 59 49 51 59
13 79 13 24 30 48 79
27 48 27 32 48
40 63 40 42 62 63
20 32 20 32
2 64 2 13 49 51 64
42 58 42 51 58
43 53 43 44 53
8 72 8 28 58 67 72
26 52 26 28 37 48 52
14 58 14 28 41 50 51 58
2 63 2 57 63
20 32 20 32
18 59 18 21 59
14 82 14 28 37 59 64 68 74 82
72 80 72 78 80
8 27 8 13 24 27
16 83 16 23 28 64 71 83
30 67 30 48 54 67
26 54 26 28 37 48 54
27 73 27 52 67 73
3 33 3 15 22 25 33
43 66 43 44 51 60 66
7 83 7 41 78 81 83
35 57 35 39 57
28 78 28 49 72 78
4 78 4 13 14 30 54 75 78
20 54 20 32 48 54
43 86 43 75 83 86
14 89 14 77 89
11 20 11 20
11 33 11 33
25 75 25 40 42 51 58 61 75
16 44 16 24 29 43 44
49 58 49 51 58
13 32 13 20 32
19 63 19 21 42 62 63
30 53 30 53
34 81 34 47 80 81
1 27 1 7 27
15 37 15 21 26 28 37
13 36 13 36
22 89 22 34 79 84 89
31 70 31 43 70
35 77 35 59 77
28 57 28 41 57
2 58 2 9 50 51 58
18 58 18 20 40 42 51 58
28 88 28 68 69 88
20 52 20 30 34 45 52
78 81 78 80 81
26 81 26 28 35 63 80 81
20 86 20 79 81 83 86
40 58 40 51 58
59 66 59 66
42 60 42 51 60
11 63 11 20 56 62 63
26 73 26 55 67 73
78 81 78 80 81
49 72 49 72
25 53 25 35 41 53
49 64 49 51 59 64
13 71 13 49 51 60 66 71
7 67 7 27 29 36 43 47 67
33 79 33 37 48 79
14 57 14 42 57
2 37 2 14 25 33 37
14 60 14 28 35 41 50 60
2 72 2 9 20 39 58 67 72
27 81 27 79 80 81
58 67 58 67
46 77 46 77
40 59 40 42 51 59
9 71 9 71
3 78 3 15 26 28 35 43 75 78
70 71 70 71
7 50 7 15 30 50
11 77 11 35 59 77
9 50 9 13 36 50
27 52 27 34 45 52
33 79 33 37 48 79
43 81 43 80 81
2 72 2 13 14 28 49 51 67 72
6 36 6 16 29 36
9 81 9 50 51 59 66 78 80 81
14 82 14 59 66 71 82
15 43 15 26 28 35 43
18 58 18 20 39 58
1 43 1 19 43
9 84 9 62 72 78 84
3 72 3 38 42 57 72
27 47 27 32 47
19 64 19 20 55 61 64
40 88 40 42 46 77 88
34 66 34 59 66
13 50 13 36 50
28 70 28 41 70
35 51 35 43 44 51
2 58 2 33 49 51 58
9 86 9 24 43 80 83 86
11 72 11 33 52 67 72
1 57 1 2 23 44 55 57
41 81 41 63 80 81
4 9 4 8 9
14 82 14 25 74 82
7 75 7 39 58 61 75
49 88 49 51 64 68 69 88
18 64 18 22 25 33 37 48 52 64
35 77 35 39 46 77
30 50 30 41 50
28 82 28 68 74 82
31 70 31 43 70
38 58 38 41 50 51 58
16 44 16 27 44
23 55 23 55
37 80 37 48 52 78 80
20 83 20 59 64 81 83
37 71 37 59 71
34 47 34 47
42 72 42 51 58 67 72
16 48 16 48
2 23 2 13 16 23
64 84 64 71 84
51 66 51 59 66
16 86 16 28 58 61 64 86
2 25 2 18 22 25
20 50 20 26 28 35 41 50
16 81 16 24 80 81
8 43 8 9 13 26 28 35 43
22 60 22 33 49 51 60
22 41 22 34 38 41
9 52 9 32 48 52
1 20 1 7 14 19 20
49 72 49 72
21 88 21 40 60 69 88
11 37 11 20 26 28 37
40 64 40 64
51 80 51 60 66 78 80
15 43 15 22 43
57 84 57 72 78 84
6 83 6 80 83
40 60 40 42 51 60
43 47 43 47
43 86 43 75 78 80 81 83 86
23 44 23 32 44
60 81 60 66 78 80 81
35 64 35 39 58 61 64
70 84 70 72 78 84
13 84 13 20 55 61 75 78 84
40 57 40 42 57
38 89 38 70 72 78 80 83 89
58 86 58 64 71 83 86
34 71 34 47 61 64 71
23 84 23 37 59 64 71 84
51 71 51 58 64 71
43 81 43 70 72 78 81
27 36 27 29 36
51 67 51 58 67
1 26 1 26
49 64 49 51 59 64
27 52 27 32 48 52
15 82 15 58 61 75 82
26 44 26 28 35 43 44
27 80 27 53 80
13 71 13 64 71
4 43 4 23 28 35 43
2 30 2 14 19 20 30
43 73 43 52 67 73
57 84 57 72 78 84
33 61 33 49 51 58 61
40 63 40 42 62 63
26 44 26 28 35 43 44
6 61 6 16 27 34 44 51 58 61
16 45 16 27 34 45
2 89 2 78 84 89
33 81 33 72 78 81
21 63 21 40 63
35 59 35 41 50 59
56 63 56 62 63
74 88 74 85 88
11 58 11 33 37 49 51 58
34 67 34 38 41 50 51 58 67
11 72 11 35 72
27 86 27 70 81 83 86
38 60 38 41 50 51 60
19 78 19 33 37 72 78
41 61 41 50 51 58 61
7 80 7 29 48 79 80
6 47 6 31 43 47
59 80 59 64 80
4 23 4 8 13 16 23
14 78 14 59 66 78
1 77 1 26 38 42 46 77
35 60 35 39 60
46 77 46 77
16 53 16 38 41 53
30 86 30 39 60 66 83 86
41 79 41 79
40 60 40 60
16 73 16 27 58 67 73
14 51 14 19 21 40 51
39 88 39 58 67 77 88
64 84 64 71 84
3 63 3 15 22 62 63
1 41 1 26 38 41
33 67 33 67
3 33 3 9 16 23 25 33
41 61 41 49 51 58 61
28 70 28 41 70
23 53 23 44 53
22 37 22 25 33 37
18 72 18 22 43 52 67 72
26 67 26 55 58 67
3 72 3 16 40 42 70 72
64 81 64 81
37 54 37 48 54
19 59 19 38 41 50 51 59
3 41 3 16 27 34 38 41
27 44 27 34 44
3 23 3 16 23
11 70 11 33 37 40 42 70
6 61 6 30 50 51 58 61
49 60 49 51 60
58 84 58 64 71 84
2 78 2 78
33 73 33 39 58 73
18 72 18 21 42 57 72
78 84 78 84
2 30 2 9 20 30
27 86 27 34 45 54 86
26 54 26 28 37 48 54
11 57 11 20 30 44 55 57
51 83 51 58 78 80 83
8 88 8 9 60 66 71 84 88
26 48 26 28 37 48
49 77 49 51 60 66 77
41 53 41 53
34 81 34 79 80 81
16 66 16 44 51 59 66
26 66 26 38 60 66
15 88 15 46 77 87 88
2 27 2 9 24 27
31 72 31 56 62 72
58 80 58 67 72 78 80
14 72 14 25 38 41 57 72
38 82 38 63 82
41 75 41 49 51 58 61 75
28 60 28 41 49 51 60
58 84 58 64 71 84
15 60 15 26 38 60
72 80 72 78 80
70 86 70 72 86
37 83 37 40 64 81 83
6 50 6 24 34 45 50
6 36 6 16 27 29 36
1 30 1 13 14 30
58 67 58 67
39 89 39 57 80 81 83 89
58 67 58 67
14 60 14 25 40 51 60
22 57 22 31 39 57
23 75 23 32 47 61 75
20 44 20 32 44
33 75 33 49 51 58 61 75
41 50 41 50
14 30 14 30
23 84 23 25 40 64 71 84
14 57 14 42 57
30 55 30 44 55
14 60 14 30 39 60
11 60 11 20 39 60
35 70 35 43 70
4 20 4 13 14 19 20
42 64 42 51 58 61 64
31 63 31 56 62 63
27 29 27 29
72 84 72 78 84
27 47 27 32 47
1 88 1 72 86 88
38 58 38 41 50 51 58
51 67 51 67
6 47 6 17 29 43 47
49 88 49 51 80 83 88
19 51 19 38 41 49 51
13 24 13 16 24
8 13 8 9 13
2 25 2 23 25
11 43 11 21 26 28 35 43
13 55 13 28 35 43 44 55
15 72 15 58 67 72
7 73 7 39 58 67 73
18 51 18 34 45 50 51
40 77 40 42 51 58 77
43 71 43 70 71
6 81 6 24 43 62 63 80 81
25 61 25 61
8 63 8 41 63
2 63 2 13 26 28 37 40 63
23 75 23 44 55 58 61 75
7 86 7 57 83 86
21 78 21 40 78
78 80 78 80
6 29 6 27 29
27 71 27 70 71
9 17 9 17
22 63 22 33 37 40 42 62 63
43 55 43 44 55
72 81 72 78 81
42 51 42 51
22 41 22 34 38 41
70 83 70 71 83
34 53 34 44 53
15 77 15 46 77
4 63 4 23 37 40 63
22 77 22 59 66 77
1 27 1 3 16 24 27
11 89 11 77 89
8 63 8 34 38 63
59 84 59 71 84
20 45 20 30 34 45
3 51 3 27 34 38 42 51
25 83 25 35 56 62 63 83
51 61 51 58 61
28 59 28 35 43 44 51 59
9 55 9 17 32 44 55
11 72 11 33 72
49 89 49 51 58 67 77 89
8 57 8 9 57
59 66 59 66
8 27 8 13 24 27
27 52 27 32 48 52
26 75 26 28 37 51 58 61 75
37 73 37 52 67 73
41 50 41 50
26 44 26 28 35 43 44
51 84 51 60 66 71 84
37 86 37 49 72 78 81 83 86
30 71 30 41 50 51 60 66 71
19 30 19 20 30
56 63 56 62 63
9 75 9 24 27 29 36 43 47 61 75
18 72 18 21 42 70 72
3 64 3 58 64
38 89 38 70 72 78 80 83 89
40 89 40 78 84 89
25 61 25 38 42 51 58 61
42 60 42 51 60
37 66 37 51 59 66
4 82 4 30 54 59 64 82
41 53 41 53
11 72 11 33 72
39 63 39 57 63
2 26 2 14 19 21 26
42 59 42 51 59
1 64 1 3 15 58 64
7 48 7 28 37 48
58 67 58 67
6 81 6 15 26 55 61 75 78 81
39 57 39 57
30 86 30 41 57 72 78 81 83 86
37 80 37 48 52 78 80
8 72 8 41 67 72
16 73 16 35 41 49 51 67 73
38 72 38 42 57 72
16 32 16 27 32
14 30 14 19 20 30
42 78 42 62 72 78
6 71 6 31 39 60 66 71
26 86 26 28 64 80 83 86
38 64 38 42 64
16 79 16 27 29 48 79
25 47 25 35 43 47
3 16 3 9 16
6 54 6 27 29 48 54
28 41 28 41
58 86 58 61 75 78 81 83 86
6 45 6 30 34 45
28 88 28 35 82 85 88
58 86 58 64 81 83 86
21 77 21 40 42 51 67 77
2 63 2 9 17 55 57 63
11 64 11 20 55 61 64
9 29 9 16 24 29
13 75 13 26 42 51 58 61 75
8 70 8 28 41 70
35 60 35 39 60
13 50 13 24 34 38 41 50
33 48 33 37 48
38 59 38 42 51 59
60 86 60 66 83 86
22 89 22 31 89
37 73 37 48 54 67 73
3 57 3 9 57
3 25 3 15 22 25
27 73 27 44 51 58 67 73
21 43 21 26 28 35 43
15 30 15 30
40 78 40 78
58 80 58 61 64 80
60 66 60 66
9 73 9 20 30 54 67 73
3 23 3 9 16 23
31 58 31 39 58
27 32 27 32
9 83 9 20 56 78 81 83
16 44 16 44
31 70 31 43 70
18 60 18 21 26 28 41 49 51 60
20 84 20 56 78 84
31 77 31 39 58 67 77
34 80 34 48 61 75 80
3 58 3 14 31 43 44 55 58
58 84 58 78 84
25 81 25 79 80 81
60 66 60 66
1 13 1 2 9 13
19 43 19 43
41 81 41 72 78 80 81
22 59 22 43 44 51 59
22 89 22 34 38 41 59 89
19 34 19 20 30 34
33 48 33 37 48
39 58 39 58
51 71 51 58 61 64 71
31 58 31 39 58
33 79 33 37 48 79
42 88 42 64 80 83 88
13 24 13 24
23 71 23 25 35 39 60 66 71
3 59 3 38 42 51 59
25 52 25 33 52
41 73 41 50 51 58 73
22 58 22 34 38 41 49 51 58
1 26 1 2 13 26
58 81 58 61 75 78 80 81
26 79 26 38 41 79
34 55 34 45 55
35 60 35 43 44 51 60
19 34 19 20 30 34
35 64 35 43 52 64
70 71 70 71
37 61 37 51 58 61
13 75 13 28 58 61 75
34 50 34 38 41 50
49 59 49 51 59
51 61 51 58 61
42 88 42 87 88
7 32 7 14 19 20 32
28 59 28 37 48 54 59
3 70 3 37 40 42 70
8 82 8 9 24 27 32 48 54 71 82
9 71 9 24 34 44 64 71
37 83 37 51 58 64 81 83
39 77 39 60 66 77
1 63 1 2 23 57 63
6 29 6 17 29
26 53 26 38 41 53
49 77 49 51 67 77
31 89 31 43 47 80 81 83 89
49 72 49 72
38 88 38 42 87 88
2 60 2 33 49 51 60
3 78 3 37 51 67 72 78
1 37 1 3 21 26 28 37
27 81 27 32 53 72 78 81
60 84 60 66 71 84
3 64 3 64
22 78 22 33 62 72 78
13 75 13 29 36 50 51 58 61 75
6 45 6 17 20 30 34 45
42 59 42 51 59
56 82 56 62 72 82
30 61 30 41 49 51 58 61
41 79 41 79
35 51 35 41 50 51
27 45 27 34 45
35 60 35 39 60
26 80 26 38 41 79 80
21 89 21 40 60 66 83 89
26 66 26 42 51 60 66
16 67 16 38 42 51 67
1 51 1 19 20 32 51
30 47 30 34 47
21 77 21 40 60 66 77
62 63 62 63
8 70 8 13 24 30 34 38 70
6 71 6 24 64 71
14 88 14 70 81 83 86 88
26 44 26 28 35 43 44
43 80 43 80
11 72 11 21 26 42 57 72
6 66 6 21 59 66
9 52 9 13 36 43 52
58 84 58 67 72 78 84
6 36 6 24 29 36
11 41 11 21 26 38 41
16 80 16 31 39 58 61 64 80
43 83 43 47 67 72 78 80 81 83
15 37 15 22 33 37
64 83 64 81 83
22 51 22 34 38 41 50 51
63 81 63 80 81
13 61 13 49 51 58 61
6 53 6 24 29 36 43 44 53
3 57 3 30 41 57
19 88 19 43 87 88
3 88 3 16 44 61 75 80 83 88
37 67 37 49 51 58 67
43 79 43 44 55 79
39 63 39 57 63
27 83 27 34 79 80 81 83
19 34 19 20 30 34
42 64 42 51 58 64
41 79 41 79
4 16 4 8 9 16
13 67 13 26 38 41 67
11 58 11 20 26 42 51 58
41 53 41 53
34 47 34 47
57 83 57 83
11 58 11 33 37 49 51 58
23 32 23 32
1 63 1 39 57 63
15 37 15 22 33 37
9 24 9 24
74 88 74 85 88
38 88 38 85 88
22 88 22 62 72 82 85 88
30 61 30 48 61
40 78 40 78
11 26 11 20 26
26 44 26 28 35 43 44
34 81 34 47 67 72 78 80 81
9 67 9 13 24 34 38 42 51 67
37 79 37 48 79
43 55 43 44 55
7 75 7 42 51 58 61 75
20 73 20 73
9 67 9 17 33 52 67
58 86 58 61 75 80 83 86
9 50 9 13 36 50
31 72 31 39 57 72
60 80 60 66 78 80
37 61 37 51 58 61
1 25 1 7 14 25
26 81 26 38 70 72 78 81
7 48 7 27 29 36 48
14 41 14 25 38 41
18 41 18 21 26 28 35 41
9 24 9 16 24
25 53 25 35 43 44 53
16 71 16 44 61 64 71
9 86 9 57 78 81 83 86
70 84 70 72 78 84
63 81 63 80 81
4 25 4 13 14 25
51 66 51 59 66
31 78 31 39 57 72 78
14 30 14 30
3 59 3 16 23 44 51 59
4 77 4 8 13 48 52 77
19 33 19 33
14 37 14 28 37
64 84 64 71 84
43 66 43 44 51 59 66
21 57 21 42 57
7 79 7 15 21 26 38 41 79
35 57 35 41 57
25 47 25 35 43 47
21 37 21 26 28 37
22 78 22 60 66 78
25 81 25 81
34 75 34 45 55 58 61 75
1 41 1 3 27 34 38 41
34 86 34 38 41 66 83 86
18 78 18 72 78
43 75 43 75
25 83 25 35 56 62 63 83
6 71 6 18 22 34 47 61 64 71
13 86 13 49 72 86
39 82 39 57 72 82
28 59 28 35 43 44 51 59
1 23 1 13 16 23
18 43 18 20 26 28 35 43
42 57 42 57
7 48 7 28 37 48
25 79 25 35 41 79
49 64 49 51 64
43 47 43 47
34 66 34 59 66
28 64 28 49 51 58 64
33 71 33 52 64 71
19 58 19 33 37 40 42 51 58
18 72 18 34 47 67 72
11 59 11 20 59
9 29 9 17 29
31 63 31 39 57 63
11 57 11 33 37 40 42 57
63 81 63 80 81
4 33 4 23 25 33
7 48 7 27 29 36 48
26 55 26 55
7 83 7 27 53 72 78 80 81 83
13 47 13 16 35 43 47
19 20 19 20
6 32 6 16 24 32
1 27 1 3 16 24 27
38 58 38 41 49 51 58
2 34 2 14 34
8 37 8 28 37
25 53 25 38 41 53
9 83 9 50 59 66 78 81 83
4 26 4 8 9 17 20 26
4 43 4 13 14 28 35 43
13 66 13 26 40 51 60 66
19 34 19 20 30 34
51 86 51 58 64 80 83 86
39 89 39 60 66 77 89
6 86 6 30 44 55 86
14 88 14 68 69 87 88
59 84 59 66 71 84
7 83 7 33 78 80 83
74 88 74 85 88
37 73 37 48 52 67 73
33 81 33 62 72 78 80 81
22 59 22 59
30 44 30 34 44
19 70 19 38 70
14 72 14 28 58 67 72
30 50 30 34 45 50
1 33 1 2 33
68 82 68 74 82
33 71 33 49 51 60 66 71
22 25 22 25
56 89 56 62 72 78 80 83 89
35 78 35 59 66 78
13 84 13 28 64 71 84
3 9 3 9
11 60 11 35 41 50 51 60
2 9 2 9
58 67 58 67
43 47 43 47
8 9 8 9
33 80 33 39 60 66 78 80
13 81 13 48 54 78 80 81
59 84 59 66 71 84
27 53 27 29 43 44 53
22 88 22 60 82 85 88
49 82 49 51 60 82
26 79 26 38 41 79
21 37 21 26 28 37
27 53 27 44 53
38 51 38 41 49 51
30 71 30 54 59 66 71
39 89 39 46 77 89
13 50 13 24 34 45 50
28 43 28 35 43
25 52 25 35 43 52
16 36 16 27 29 36
6 67 6 24 27 58 67
33 67 33 67
28 88 28 68 69 87 88
19 33 19 33
20 47 20 26 28 35 43 47
21 51 21 26 42 51
8 64 8 34 47 61 64
8 58 8 34 44 55 58
56 63 56 62 63
20 61 20 30 44 55 58 61
4 72 4 41 53 72
40 57 40 42 57
63 81 63 80 81
4 78 4 60 66 78
40 78 40 51 60 66 78
6 67 6 21 26 42 51 67
9 29 9 24 27 29
4 77 4 8 28 41 53 77
21 72 21 40 42 51 58 67 72
40 89 40 64 80 81 83 89
38 57 38 41 57
42 57 42 57
31 64 31 43 52 64
41 79 41 79
51 73 51 58 73
21 51 21 42 51
6 36 6 24 27 29 36
30 44 30 44
16 44 16 31 43 44
37 84 37 48 75 78 84
18 41 18 20 26 38 41
42 58 42 51 58
3 60 3 14 31 43 44 51 60
23 80 23 37 51 59 64 80
18 37 18 22 33 37
27 86 27 79 81 83 86
26 44 26 28 35 43 44
3 70 3 21 42 70
15 82 15 30 68 74 82
30 81 30 54 67 72 78 81
4 41 4 13 26 38 41
9 55 9 24 27 34 44 55
42 72 42 70 72
42 58 42 51 58
27 81 27 70 81
43 66 43 44 51 60 66
1 7 1 7
30 45 30 34 45
4 58 4 23 28 37 51 58
64 80 64 80
4 37 4 23 28 37
26 53 26 38 41 53
30 66 30 41 49 51 59 66
37 75 37 48 61 75
26 52 26 28 37 48 52
2 58 2 13 16 40 51 58
27 83 27 32 47 80 81 83
13 29 13 29
23 84 23 55 58 67 72 78 84
22 70 22 33 37 40 42 70
37 66 37 40 42 51 60 66
6 79 6 31 43 44 79
1 7 1 7
7 54 7 27 29 36 37 48 54
14 58 14 31 43 44 55 58
3 41 3 21 26 38 41
2 13 2 9 13
33 84 33 51 60 66 78 84
37 83 37 48 54 72 78 81 83
63 80 63 80
34 50 34 45 50
58 71 58 61 64 71
2 51 2 23 44 51
58 80 58 61 75 80
25 47 25 35 43 47
22 89 22 31 39 60 66 78 84 89
27 47 27 32 47
60 84 60 66 78 84
33 79 33 37 48 79
11 78 11 33 72 78
11 58 11 20 40 51 58
58 75 58 61 75
25 54 25 33 37 48 54
51 81 51 80 81
51 67 51 67
14 30 14 19 20 30
7 81 7 32 66 78 81
4 13 4 13
16 86 16 35 43 52 78 80 83 86
1 77 1 3 16 38 60 66 77
16 80 16 24 43 80
21 41 21 26 28 41
13 32 13 24 32
19 63 19 33 39 57 63
23 73 23 44 55 58 67 73
26 84 26 28 35 56 64 71 84
26 66 26 28 41 49 51 60 66
27 36 27 29 36
26 55 26 55
43 80 43 47 61 64 80
7 61 7 43 47 61
51 84 51 64 71 84
1 51 1 49 51
27 80 27 53 80
35 72 35 56 62 72
7 45 7 27 34 45
14 30 14 30
63 81 63 80 81
4 43 4 23 25 35 43
6 32 6 17 32
8 78 8 40 72 78
23 53 23 28 41 53
4 27 4 13 16 27
7 53 7 29 43 44 53
3 77 3 38 60 66 77
37 71 37 51 58 64 71
40 82 40 68 74 82
58 61 58 61
16 67 16 29 36 43 47 67
4 88 4 87 88
15 30 15 30
1 43 1 13 29 36 43
64 80 64 80
2 51 2 23 44 51
7 71 7 56 64 71
56 72 56 62 72
14 37 14 28 37
7 75 7 39 58 61 75
3 37 3 14 19 21 26 28 37
43 73 43 52 67 73
6 44 6 30 44
15 37 15 21 26 28 37
78 86 78 81 83 86
1 27 1 7 27
21 59 21 26 40 51 59
59 83 59 66 83
28 37 28 37
13 55 13 28 35 43 44 55
9 52 9 32 48 52
8 43 8 28 35 43
38 59 38 42 51 59
42 89 42 70 72 78 81 83 89
22 34 22 34
8 43 8 13 14 19 43
28 82 28 35 43 52 64 82
25 53 25 35 43 44 53
27 73 27 44 51 58 67 73
3 88 3 27 79 83 88
41 83 41 63 83
20 86 20 55 67 72 86
1 16 1 3 9 13 16
20 55 20 55
22 51 22 43 44 51
51 61 51 58 61
13 75 13 14 34 48 61 75
9 54 9 16 29 37 48 54
18 51 18 22 25 40 42 51
7 50 7 14 30 34 38 41 50
39 57 39 57
27 50 27 34 45 50
40 89 40 42 46 77 89
4 26 4 13 20 26
59 83 59 71 83
25 54 25 33 37 48 54
37 79 37 48 79
38 78 38 42 57 72 78
9 44 9 20 30 44
26 61 26 38 42 51 58 61
34 79 34 48 79
27 53 27 29 43 44 53
16 55 16 24 32 44 55
49 78 49 51 60 66 78
21 26 21 26
4 78 4 56 78
14 64 14 19 43 47 61 64
22 34 22 34
7 29 7 29
40 58 40 42 51 58
57 83 57 80 83
49 51 49 51
51 80 51 59 66 78 80
9 67 9 32 58 67
8 64 8 58 61 64
20 52 20 30 48 52
42 59 42 51 59
20 84 20 79 84
70 84 70 72 78 84
39 88 39 57 80 81 83 88
42 77 42 51 58 67 77
70 84 70 72 78 84
22 89 22 25 35 56 62 72 78 81 83 89
38 59 38 42 51 59
11 34 11 20 30 34
2 77 2 33 52 67 77
20 83 20 79 81 83
68 88 68 74 85 88
19 26 19 21 26
2 58 2 14 34 45 55 58
40 82 40 64 68 74 82
35 70 35 43 70
37 81 37 59 64 81
11 64 11 35 39 58 61 64
1 9 1 2 9
9 61 9 24 29 36 50 51 58 61
8 51 8 9 20 30 41 50 51
14 82 14 25 74 82
28 57 28 35 43 44 55 57
13 86 13 26 80 83 86
39 88 39 58 67 77 88
16 55 16 31 43 44 55
8 88 8 9 60 66 71 84 88
38 60 38 42 51 60
9 32 9 32
20 67 20 30 48 54 67
30 67 30 44 51 67
15 88 15 58 87 88
27 48 27 29 37 48
3 34 3 9 24 30 34
35 43 35 43
39 72 39 57 72
42 57 42 57
3 88 3 14 19 20 72 86 88
38 57 38 42 57
27 48 27 34 48
8 16 8 13 16
20 80 20 56 78 80
35 82 35 63 82
14 33 14 19 33
37 54 37 48 54
23 79 23 25 38 41 79
6 81 6 44 79 81
21 82 21 42 64 82
1 34 1 3 9 20 30 34
20 81 20 66 78 80 81
23 75 23 35 41 50 51 58 61 75
58 67 58 67
4 51 4 41 49 51
4 20 4 13 14 19 20
27 32 27 32
18 78 18 72 78
3 51 3 27 44 51
4 41 4 23 28 35 41
7 36 7 29 36
13 61 13 20 39 58 61
13 53 13 16 31 43 44 53
20 80 20 30 53 80
60 84 60 66 71 84
33 54 33 37 48 54
38 82 38 70 71 82
8 64 8 28 35 56 64
1 72 1 37 48 72
3 26 3 15 21 26
15 37 15 22 25 33 37
11 64 11 20 26 42 51 58 64
42 89 42 70 71 83 89
6 79 6 31 43 44 79
2 23 2 23
13 80 13 72 78 80
30 67 30 39 58 67
8 89 8 62 72 78 80 83 89
27 66 27 29 43 44 51 60 66
27 32 27 32
1 59 1 37 59
43 80 43 44 64 80
9 24 9 16 24
11 82 11 68 74 82
9 75 9 50 51 58 61 75
23 71 23 66 71
11 51 11 35 43 44 51
58 61 58 61
6 52 6 15 22 33 37 52
8 25 8 13 16 23 25
43 61 43 47 61
1 89 1 26 75 80 81 83 89
16 53 16 23 32 53
7 86 7 40 72 78 81 83 86
27 81 27 79 81
19 72 19 62 72
69 88 69 88
78 86 78 81 83 86
85 88 85 88
4 41 4 23 25 35 41
2 25 2 9 13 14 25
33 73 33 39 58 73
23 67 23 32 47 67
22 60 22 43 44 51 60
70 84 70 72 78 84
15 89 15 22 62 63 80 81 83 89
2 51 2 33 51
9 54 9 20 26 28 37 48 54
68 88 68 74 85 88
18 51 18 22 43 44 51
13 80 13 72 78 80
33 84 33 61 75 78 84
20 79 20 55 79
43 73 43 47 67 73
31 57 31 43 44 55 57
16 86 16 31 56 78 81 83 86
6 48 6 18 21 26 28 37 48
72 86 72 86
62 82 62 63 82
25 53 25 35 43 44 53
6 67 6 44 55 67
39 77 39 60 66 77
11 30 11 20 30
4 60 4 8 9 16 27 29 36 50 51 60
1 88 1 39 57 74 85 88
6 29 6 16 29
7 61 7 43 44 55 58 61
9 44 9 24 34 44
14 63 14 19 21 26 28 35 41 63
16 79 16 24 32 48 79
38 88 38 70 71 83 86 88
8 89 8 58 61 64 71 83 89
19 82 19 56 62 74 82
43 84 43 47 67 72 78 84
27 32 27 32
6 80 6 17 55 63 80
6 17 6 17
40 58 40 51 58
7 52 7 15 22 33 37 52
1 7 1 7
20 48 20 32 48
38 78 38 42 57 78
22 43 22 31 43
31 57 31 43 44 55 57
3 16 3 16
16 75 16 44 51 58 61 75
14 34 14 34
6 81 6 27 72 78 81
42 70 42 70
62 63 62 63
27 52 27 32 48 52
4 51 4 49 51
16 47 16 28 35 43 47
7 83 7 43 44 53 72 78 80 83
15 34 15 30 34
37 48 37 48
39 58 39 58
3 60 3 14 19 20 32 51 60
8 78 8 28 35 39 58 61 75 78
59 83 59 71 83
58 75 58 61 75
33 80 33 51 60 66 78 80
42 89 42 70 81 83 89
9 50 9 13 36 50
7 53 7 14 34 38 41 53
20 67 20 26 42 51 67
27 73 27 29 36 37 48 52 67 73
1 57 1 3 38 41 57
26 73 26 67 73
8 51 8 9 20 30 41 50 51
70 80 70 72 78 80
1 58 1 58
57 80 57 72 78 80
2 57 2 18 21 42 57
49 51 49 51
33 81 33 39 57 72 78 80 81
26 48 26 28 37 48
6 36 6 17 29 36
40 70 40 42 70
33 81 33 51 64 80 81
26 53 26 28 35 41 53
25 79 25 33 37 48 79
34 86 34 47 61 64 80 83 86
13 32 13 24 27 32
35 57 35 43 44 55 57
41 67 41 49 51 58 67
8 27 8 13 24 27
8 51 8 9 32 51
6 24 6 16 24
34 66 34 48 54 59 66
16 54 16 23 28 37 48 54
7 86 7 29 80 83 86
13 52 13 24 29 43 52
26 52 26 28 35 43 52
31 78 31 39 58 61 75 78
18 72 18 22 33 72
43 80 43 70 72 78 80
60 80 60 66 78 80
14 64 14 30 39 58 61 64
23 50 23 25 38 41 50
2 33 2 18 22 33
13 83 13 14 70 71 83
43 79 43 44 79
15 51 15 21 42 51
37 84 37 59 71 84
21 63 21 40 63
3 25 3 9 16 23 25
15 78 15 30 39 58 67 72 78
20 55 20 30 44 55
34 50 34 38 41 50
31 60 31 43 44 51 60
35 63 35 41 63
7 53 7 14 34 38 41 53
27 44 27 44
18 72 18 22 33 39 58 67 72
38 78 38 41 50 60 66 78
22 34 22 34
38 57 38 42 57
33 83 33 61 75 83
33 75 33 49 51 58 61 75
25 86 25 80 81 83 86
23 80 23 49 51 67 72 78 80
1 16 1 2 9 16
40 89 40 72 78 84 89
8 41 8 9 24 27 34 38 41
23 54 23 37 48 54
2 57 2 33 39 57
1 60 1 2 60
16 66 16 31 43 44 51 59 66
49 51 49 51
37 84 37 59 64 71 84
41 75 41 50 51 58 61 75
33 83 33 37 72 78 81 83
58 84 58 78 84
14 51 14 34 38 41 50 51
42 77 42 46 77
19 30 19 20 30
3 30 3 16 24 30
30 71 30 50 51 64 71
34 66 34 44 51 59 66
11 60 11 21 42 51 60
34 79 34 44 79
21 64 21 26 38 42 51 64
60 84 60 66 71 84
2 58 2 33 39 58
42 57 42 57
38 72 38 42 51 58 67 72
9 75 9 13 14 28 35 39 58 61 75
62 89 62 72 78 81 83 89
4 43 4 23 35 43
8 89 8 58 78 80 83 89
3 25 3 9 16 23 25
3 82 3 64 71 82
19 89 19 38 63 80 81 83 89
40 72 40 51 58 67 72
14 43 14 25 35 43
26 83 26 75 78 80 81 83
1 23 1 13 16 23
26 50 26 28 41 50
51 73 51 58 67 73
28 64 28 58 64
2 51 2 9 13 29 37 49 51
11 30 11 20 30
33 79 33 37 48 79
30 44 30 44
4 77 4 77
1 41 1 3 9 20 26 38 41
40 60 40 60
3 88 3 51 59 66 83 86 88
8 43 8 13 36 43
14 30 14 19 20 30
9 53 9 24 32 44 53
25 75 25 35 39 58 61 75
15 41 15 21 26 28 35 41
11 41 11 20 30 34 38 41
2 60 2 14 25 38 41 49 51 60
39 63 39 57 63
21 89 21 40 89
9 45 9 16 24 30 34 45
26 67 26 28 35 39 58 67
26 48 26 28 37 48
39 77 39 58 67 77
2 51 2 18 20 26 38 41 50 51
63 86 63 80 81 83 86
27 73 27 44 73
39 89 39 57 78 84 89
19 30 19 20 30
9 71 9 20 55 61 64 71
31 63 31 56 62 63
11 51 11 35 43 44 51
18 59 18 21 40 42 51 59
7 36 7 27 29 36
18 60 18 21 26 38 60
57 83 57 72 78 81 83
27 73 27 32 48 54 73
7 71 7 29 37 40 42 64 71
8 30 8 9 24 30
56 82 56 64 68 74 82
49 72 49 51 67 72
18 43 18 20 26 28 35 43
28 51 28 41 49 51
23 79 23 37 48 79
31 58 31 39 58
25 67 25 35 43 44 55 67
19 82 19 33 62 72 82
2 33 2 14 25 33
21 60 21 26 38 60
38 77 38 60 66 77
3 78 3 38 41 66 78
14 33 14 25 33
40 59 40 51 59
23 67 23 49 51 58 67
27 50 27 29 36 50
13 81 13 64 81
42 59 42 51 59
41 80 41 79 80
4 13 4 8 13
38 64 38 42 64
26 66 26 40 60 66
16 75 16 38 42 51 58 61 75
13 36 13 16 27 29 36
58 80 58 67 72 78 80
41 67 41 49 51 58 67
26 71 26 55 61 64 71
51 61 51 58 61
7 54 7 15 21 26 28 37 48 54
26 75 26 40 51 58 61 75
60 80 60 66 78 80
16 44 16 28 35 43 44
19 58 19 33 37 40 42 51 58
25 75 25 35 43 75
35 72 35 41 70 72
31 88 31 68 69 88
43 66 43 44 51 60 66
8 13 8 13
35 77 35 39 46 77
87 88 87 88
38 88 38 85 88
26 54 26 28 37 48 54
14 30 14 19 20 30
19 77 19 43 46 77
26 55 26 28 35 43 44 55
9 83 9 16 28 49 51 80 81 83
4 72 4 13 48 52 67 72
19 88 19 21 59 71 83 86 88
1 70 1 13 14 25 38 70
21 77 21 58 77
16 24 16 24
31 58 31 39 58
49 88 49 69 88
3 13 3 9 13
8 89 8 58 61 64 81 83 89
19 58 19 21 26 55 58
6 84 6 18 59 66 78 84
20 83 20 40 78 80 81 83
40 64 40 51 58 61 64
43 73 43 44 55 67 73
2 78 2 18 34 47 75 78
1 20 1 3 14 19 20
43 80 43 44 55 58 64 80
37 81 37 40 64 81
7 71 7 42 51 58 64 71
16 50 16 29 36 50
87 88 87 88
49 64 49 51 58 61 64
2 37 2 18 20 26 28 37
2 63 2 33 39 57 63
42 64 42 51 59 64
22 89 22 31 56 62 63 80 81 83 89
1 16 1 2 9 16
9 75 9 24 55 61 75
3 78 3 9 24 50 51 58 67 72 78
30 84 30 50 60 66 71 84
46 88 46 77 88
11 64 11 64
27 84 27 79 84
2 63 2 14 19 20 39 57 63
18 60 18 20 39 60
2 23 2 13 16 23
38 72 38 42 57 72
1 64 1 13 49 51 64
14 57 14 25 57
25 52 25 33 52
2 70 2 9 20 30 34 38 42 70
33 48 33 37 48
72 84 72 78 84
43 73 43 52 67 73
23 48 23 32 48
3 88 3 58 67 82 85 88
60 86 60 66 83 86
37 84 37 59 64 71 84
16 54 16 24 27 29 48 54
34 61 34 48 61
8 41 8 28 35 41
3 82 3 37 59 66 71 82
1 34 1 13 14 34
58 61 58 61
14 59 14 42 51 59
2 33 2 33
6 29 6 24 29
2 78 2 57 78
18 33 18 22 33
34 75 34 48 54 75
11 89 11 33 52 80 83 89
7 81 7 39 60 66 78 80 81
16 81 16 40 51 58 61 75 78 80 81
57 83 57 63 83
15 34 15 30 34
11 63 11 33 37 40 42 62 63
72 81 72 78 81
1 89 1 26 75 80 81 83 89
8 57 8 13 29 43 44 55 57
70 71 70 71
20 52 20 30 48 52
19 78 19 56 62 72 78
37 71 37 59 71
15 25 15 22 25
27 50 27 34 45 50
43 66 43 44 51 60 66
31 59 31 43 44 51 59
9 55 9 13 36 55
72 83 72 78 81 83
30 73 30 34 48 52 67 73
42 51 42 51
30 61 30 44 51 58 61
42 57 42 57
26 80 26 28 49 51 80
13 71 13 49 51 60 66 71
4 58 4 13 49 51 58
3 30 3 15 30
1 70 1 13 36 37 40 42 70
2 13 2 13
4 82 4 60 66 71 82
49 88 49 51 64 68 69 88
4 63 4 23 37 40 63
38 60 38 41 50 60
11 33 11 33
9 45 9 20 30 34 45
72 84 72 78 84
13 80 13 20 32 47 75 80
23 80 23 55 67 72 78 80
3 82 3 16 68 74 82
18 34 18 22 34
2 82 2 23 35 56 74 82
74 82 74 82
35 72 35 43 47 67 72
16 83 16 80 81 83
2 51 2 23 49 51
2 34 2 13 24 27 34
21 26 21 26
43 55 43 44 55
34 84 34 79 84
11 72 11 70 72
26 86 26 28 41 57 83 86
18 88 18 72 86 88
34 81 34 38 60 66 78 80 81
58 84 58 78 84
19 60 19 33 51 60
3 51 3 16 28 49 51
78 86 78 81 83 86
20 67 20 32 51 67
13 50 13 29 36 50
31 77 31 39 46 77
4 51 4 23 44 51
7 80 7 33 61 64 80
35 70 35 41 70
19 59 19 21 42 51 59
18 82 18 59 64 71 82
56 89 56 64 71 84 89
4 9 4 8 9
13 45 13 20 30 34 45
15 25 15 22 25
26 61 26 38 42 51 58 61
9 54 9 16 29 37 48 54
13 66 13 36 43 44 51 59 66
23 47 23 35 43 47
22 89 22 33 67 72 78 80 81 83 89
35 60 35 43 44 51 60
34 52 34 48 52
64 86 64 80 81 83 86
85 88 85 88
16 47 16 24 34 47
18 41 18 22 34 38 41
23 52 23 32 48 52
7 54 7 27 29 36 37 48 54
60 71 60 66 71
22 58 22 31 43 44 51 58
26 54 26 28 37 48 54
16 36 16 27 29 36
27 86 27 58 78 81 83 86
11 30 11 20 30
4 70 4 70
19 41 19 20 26 38 41
7 54 7 27 29 36 37 48 54
25 50 25 35 41 50
30 55 30 34 44 55
37 48 37 48
30 79 30 34 45 55 79
27 32 27 32
21 63 21 26 28 41 63
30 81 30 80 81
13 45 13 24 27 34 45
27 73 27 58 73
62 63 62 63
64 71 64 71
27 44 27 44
70 86 70 71 83 86
28 72 28 49 51 58 67 72
15 25 15 22 25
22 25 22 25
26 75 26 40 42 51 58 61 75
40 63 40 42 62 63
8 30 8 9 20 30
9 71 9 20 55 61 64 71
23 83 23 57 78 80 83
25 61 25 61
9 80 9 60 66 78 80
4 25 4 13 14 25
63 81 63 80 81
4 60 4 23 49 51 60
14 63 14 30 44 55 63
21 72 21 42 62 72
6 48 6 37 48
22 88 22 34 86 88
6 24 6 24
1 58 1 58
7 50 7 14 30 34 38 41 50
4 63 4 56 62 63
23 71 23 49 51 64 71
62 63 62 63
14 60 14 42 51 60
6 73 6 27 29 37 51 58 73
11 41 11 20 30 41
26 83 26 75 83
35 60 35 41 49 51 60
41 71 41 70 71
3 77 3 15 26 28 37 59 66 77
6 17 6 17
31 51 31 43 44 51
7 55 7 14 25 35 43 44 55
6 50 6 16 23 28 41 50
38 57 38 42 57
59 66 59 66
3 57 3 9 57
30 52 30 48 52
74 88 74 82 85 88
3 23 3 9 16 23
22 72 22 31 56 62 72
43 53 43 44 53
27 29 27 29
18 57 18 22 34 38 42 57
27 75 27 34 45 55 58 61 75
28 51 28 37 49 51
70 83 70 81 83
7 71 7 42 51 60 66 71
23 54 23 25 33 37 48 54
8 89 8 58 61 64 81 83 89
33 61 33 37 48 61
37 81 37 72 78 81
39 77 39 46 77
20 79 20 55 79
4 51 4 49 51
3 20 3 9 13 14 19 20
20 45 20 30 34 45
16 36 16 29 36
70 83 70 71 83
42 89 42 62 72 78 81 83 89
8 30 8 9 20 30
6 29 6 17 29
20 44 20 32 44
14 78 14 25 35 43 62 72 78
13 55 13 24 29 36 43 44 55
8 26 8 13 26
1 82 1 39 60 82
11 88 11 68 69 87 88
16 67 16 38 42 51 67
8 33 8 13 16 23 25 33
19 72 19 20 30 39 58 67 72
1 33 1 3 15 22 33
37 52 37 52
16 44 16 44
23 44 23 28 35 43 44
25 84 25 35 43 47 67 72 78 84
25 79 25 38 41 79
70 81 70 81
85 88 85 88
16 44 16 35 43 44
13 71 13 48 52 64 71
22 43 22 25 35 43
42 70 42 70
23 67 23 49 51 67
37 54 37 48 54
42 51 42 51
60 71 60 66 71
4 82 4 60 66 71 82
22 77 22 33 67 77
14 43 14 19 20 26 28 35 43
42 58 42 51 58
19 63 19 20 26 40 42 57 63
43 75 43 75
40 64 40 64
34 50 34 45 50
1 27 1 7 27
15 77 15 21 58 77
14 60 14 42 51 60
8 33 8 9 13 14 25 33
13 54 13 36 37 48 54
20 50 20 30 50
2 59 2 9 17 51 59
26 73 26 40 42 51 58 73
16 55 16 27 34 44 55
1 27 1 7 27
26 71 26 55 61 64 71
9 73 9 17 33 52 67 73
16 50 16 29 36 50
19 89 19 33 62 72 78 81 83 89
14 37 14 28 37
9 50 9 16 28 41 50
78 84 78 84
23 55 23 55
43 61 43 47 61
27 80 27 32 66 78 80
22 58 22 25 33 51 58
18 57 18 20 40 42 57
41 81 41 72 78 81
26 80 26 28 78 80
41 67 41 49 51 67
15 26 15 21 26
11 33 11 33
31 43 31 43
42 89 42 57 63 80 83 89
19 64 19 21 58 61 64
6 52 6 17 20 30 34 48 52
33 83 33 67 72 78 80 83
34 67 34 38 42 51 67
1 9 1 3 9
43 44 43 44
14 37 14 28 37
15 89 15 22 60 66 83 89
8 23 8 13 16 23
4 57 4 23 44 55 57
1 30 1 7 14 19 20 30
20 44 20 26 28 35 43 44
19 58 19 21 26 40 51 58
16 52 16 29 36 43 52
13 48 13 16 24 30 34 48
43 61 43 47 61
58 71 58 64 71
64 71 64 71
25 54 25 33 37 48 54
31 59 31 43 44 51 59
49 72 49 72
39 72 39 58 67 72
8 16 8 9 13 16
3 82 3 58 64 82
14 60 14 42 51 60
2 27 2 13 24 27
6 48 6 27 29 48
19 41 19 38 41
16 55 16 23 35 43 44 55
60 81 60 66 78 80 81
23 48 23 25 33 37 48
35 89 35 43 64 80 81 83 89
4 58 4 23 49 51 58
1 27 1 13 16 27
21 82 21 42 64 82
3 37 3 16 29 36 37
31 63 31 39 57 63
11 70 11 33 37 40 42 70
25 83 25 61 75 80 83
20 71 20 30 54 59 64 71
34 44 34 44
19 64 19 56 64
18 59 18 21 59
23 84 23 25 79 84
14 51 14 25 35 43 44 51
43 52 43 52
21 37 21 26 28 37
43 86 43 44 53 80 81 83 86
38 57 38 42 57
22 89 22 62 63 83 89
2 60 2 33 49 51 60
37 52 37 52
13 66 13 36 43 44 51 60 66
14 77 14 77
8 23 8 13 16 23
33 84 33 37 52 78 84
4 37 4 13 26 28 37
11 37 11 20 26 28 37
22 59 22 33 51 59
27 84 27 34 67 72 78 84
58 83 58 67 72 78 80 81 83
13 86 13 64 86
38 77 38 41 59 77
13 79 13 48 79
22 64 22 43 64
19 20 19 20
22 78 22 34 47 75 78
9 29 9 24 27 29
43 44 43 44
3 23 3 16 23
20 71 20 56 64 71
18 41 18 21 26 28 35 41
38 57 38 42 57
26 83 26 42 62 63 80 81 83
25 50 25 35 41 50
18 30 18 20 30
25 55 25 35 43 44 55
6 45 6 27 34 45
4 64 4 56 64
11 26 11 21 26
16 80 16 31 39 58 61 64 80
4 34 4 8 9 20 30 34
26 52 26 28 35 43 52
7 52 7 14 30 48 52
1 37 1 19 33 37
15 82 15 22 43 75 82
31 64 31 43 52 64
33 75 33 49 51 58 61 75
30 66 30 44 51 60 66
34 79 34 44 55 79
1 25 1 2 18 22 25
51 71 51 64 71
64 81 64 80 81
33 80 33 39 60 66 78 80
22 82 22 59 71 82
30 47 30 34 47
49 89 49 72 78 84 89
33 61 33 39 58 61
63 86 63 80 81 83 86
46 89 46 77 89
49 78 49 51 67 72 78
43 75 43 44 55 61 75
30 84 30 48 75 78 84
13 55 13 28 35 43 44 55
14 70 14 31 43 70
4 41 4 8 28 35 41
9 79 9 24 29 37 48 79
30 73 30 48 52 67 73
18 88 18 20 55 67 77 87 88
21 70 21 42 70
1 13 1 2 9 13
21 82 21 26 38 60 66 71 82
27 81 27 79 80 81
7 36 7 27 29 36
34 52 34 45 52
7 29 7 27 29
9 71 9 13 26 40 51 60 66 71
56 72 56 62 72
14 34 14 19 20 30 34
26 71 26 55 61 64 71
26 52 26 28 35 43 52
14 64 14 30 39 58 61 64
19 78 19 38 42 57 72 78
46 77 46 77
25 48 25 33 37 48
23 52 23 25 35 43 52
58 75 58 61 75
31 89 31 89
2 27 2 9 16 27
33 54 33 37 48 54
1 58 1 3 21 42 51 58
1 37 1 2 9 17 33 37
8 25 8 9 13 16 23 25
31 77 31 39 58 67 77
9 45 9 13 24 34 45
3 64 3 51 64
18 59 18 21 40 42 51 59
15 77 15 22 43 44 53 77
34 47 34 47
31 63 31 56 62 63
35 88 35 43 80 81 83 88
13 75 13 20 55 58 61 75
7 84 7 84
16 32 16 27 32
14 63 14 25 57 63
1 37 1 19 33 37
26 48 26 28 37 48
40 64 40 51 59 64
1 58 1 26 40 51 58
42 58 42 51 58
1 37 1 19 21 26 28 37
58 73 58 73
25 52 25 33 52
37 61 37 48 61
31 89 31 56 78 84 89
13 73 13 49 51 58 73
19 43 19 20 26 28 35 43
14 37 14 25 33 37
78 83 78 80 83
4 82 4 60 66 71 82
4 72 4 56 62 72
14 63 14 31 56 62 63
30 44 30 34 44
39 58 39 58
9 73 9 16 29 36 37 49 51 58 73
62 63 62 63
26 53 26 38 41 53
22 88 22 34 48 54 67 72 78 85 88
37 61 37 51 58 61
40 82 40 68 74 82
27 84 27 70 71 84
64 83 64 81 83
23 81 23 25 35 72 78 81
40 70 40 42 70
4 9 4 8 9
9 67 9 17 20 39 58 67
6 36 6 27 29 36
42 88 42 87 88
25 48 25 33 37 48
26 80 26 55 79 80
51 67 51 67
4 51 4 49 51
34 54 34 48 54
9 36 9 13 29 36
7 86 7 32 51 64 86
25 71 25 33 49 51 60 66 71
27 71 27 34 59 71
33 83 33 37 48 61 64 80 81 83
42 82 42 51 58 64 71 82
6 73 6 31 43 52 67 73
16 55 16 24 32 44 55
27 66 27 29 37 59 66
39 82 39 57 72 82
16 53 16 23 44 53
30 48 30 48
43 75 43 47 61 75
40 63 40 42 62 63
11 72 11 35 72
11 20 11 20
23 32 23 32
7 52 7 29 37 52
4 20 4 8 13 20
4 77 4 77
15 59 15 22 43 44 51 59
23 54 23 28 37 48 54
23 81 23 28 49 51 58 67 72 78 80 81
59 80 59 66 78 80
7 32 7 27 32
1 59 1 3 21 59
33 86 33 78 80 81 83 86
14 30 14 19 20 30
27 54 27 29 48 54
30 83 30 50 51 64 80 83
2 59 2 14 31 43 44 51 59
3 63 3 16 28 41 57 63
21 72 21 26 42 70 72
2 89 2 78 84 89
70 81 70 72 78 80 81
2 58 2 9 20 26 38 41 50 51 58
7 36 7 29 36
1 59 1 3 21 59
8 72 8 41 53 72
31 57 31 39 57
13 73 13 49 51 58 67 73
59 71 59 66 71
30 50 30 41 50
33 71 33 51 60 66 71
15 43 15 22 43
37 84 37 84
70 86 70 72 86
2 88 2 14 70 88
38 82 38 63 82
30 55 30 44 55
3 16 3 16
15 82 15 30 53 72 82
43 71 43 52 64 71
30 79 30 48 79
21 59 21 42 51 59
26 52 26 28 35 43 52
72 81 72 78 80 81
1 25 1 13 16 23 25
25 53 25 38 41 53
23 53 23 25 35 41 53
3 16 3 9 16
4 63 4 13 36 55 63
21 26 21 26
6 73 6 31 39 58 67 73
41 84 41 72 78 84
8 70 8 28 41 70
8 33 8 13 16 23 25 33
35 41 35 41
14 64 14 19 38 41 49 51 59 64
78 80 78 80
31 43 31 43
8 72 8 28 49 72
18 57 18 22 43 44 55 57
27 67 27 44 55 58 67
37 67 37 49 51 58 67
37 66 37 48 54 59 66
7 36 7 29 36
21 37 21 26 28 37
85 88 85 88
42 51 42 51
4 34 4 8 9 20 30 34
15 77 15 26 67 77
31 64 31 43 52 64
25 84 25 79 84
68 88 68 74 82 85 88
51 80 51 58 78 80
42 60 42 51 60
34 47 34 47
26 84 26 75 78 84
16 86 16 83 86
69 88 69 87 88
9 32 9 16 27 32
14 63 14 34 45 57 63
60 71 60 66 71
28 58 28 41 49 51 58
64 80 64 80
35 88 35 59 69 88
56 88 56 64 87 88
1 58 1 2 31 39 58
2 89 2 33 51 64 71 83 89
15 37 15 22 25 33 37
51 86 51 67 72 86
3 78 3 27 78
18 20 18 20
27 53 27 32 44 53
26 79 26 55 79
34 71 34 45 54 59 64 71
15 51 15 21 26 38 41 49 51
19 89 19 38 63 80 81 83 89
34 45 34 45
22 59 22 34 45 54 59
64 84 64 71 84
4 89 4 13 16 31 39 57 80 81 83 89
15 30 15 30
6 86 6 71 83 86
26 44 26 28 35 43 44
9 17 9 17
18 82 18 72 82
20 66 20 26 38 42 51 59 66
27 61 27 34 45 55 58 61
11 57 11 33 39 57
38 63 38 42 57 63
11 43 11 21 26 28 35 43
4 25 4 8 9 17 25
34 67 34 38 42 51 67
49 89 49 51 67 72 78 81 83 89
37 54 37 48 54
7 52 7 28 35 43 52
70 80 70 72 78 80
9 73 9 24 43 47 67 73
4 57 4 30 41 57
49 72 49 51 67 72
8 57 8 28 35 41 57
28 59 28 37 48 54 59
59 71 59 71
27 83 27 79 81 83
41 84 41 66 78 84
40 59 40 51 59
58 75 58 61 75
18 72 18 22 25 40 42 62 72
16 48 16 24 32 48
8 41 8 28 35 41
14 41 14 25 35 41
37 80 37 51 60 66 78 80
11 33 11 33
11 57 11 35 43 44 55 57
25 83 25 79 80 83
16 36 16 24 29 36
23 53 23 32 53
6 73 6 30 34 45 73
38 72 38 70 72
39 82 39 60 82
9 79 9 13 28 41 79
58 67 58 67
14 30 14 19 20 30
40 72 40 72
3 77 3 14 59 66 77
9 83 9 60 66 83
33 54 33 37 48 54
34 44 34 44
18 59 18 21 42 51 59
58 61 58 61
41 50 41 50
6 29 6 17 29
2 34 2 18 20 30 34
18 70 18 22 34 38 42 70
21 43 21 26 28 35 43
59 80 59 66 78 80
7 80 7 41 59 66 78 80
70 81 70 81
19 88 19 62 74 85 88
78 83 78 80 81 83
49 88 49 51 80 83 88
11 26 11 21 26
11 20 11 20
6 73 6 27 29 37 51 58 73
9 84 9 57 72 78 84
2 77 2 18 20 66 77
2 43 2 23 25 35 43
33 61 33 51 58 61
22 70 22 33 37 40 42 70
37 61 37 40 42 51 58 61
9 79 9 16 44 79
33 67 33 52 67
2 43 2 23 25 35 43
28 64 28 49 51 59 64
1 82 1 26 67 72 82
42 59 42 51 59
16 29 16 24 29
60 84 60 66 71 84
18 82 18 34 47 75 82
38 78 38 42 51 59 66 78
30 61 30 48 61
58 84 58 78 84
16 71 16 48 54 59 71
2 89 2 33 51 64 71 83 89
59 83 59 71 83
18 70 18 21 26 38 41 70
19 78 19 56 78
51 75 51 58 61 75
35 72 35 43 47 67 72
21 60 21 42 51 60
20 61 20 26 42 51 58 61
27 54 27 32 48 54
20 86 20 32 47 61 75 78 81 83 86
42 60 42 51 60
27 48 27 34 48
11 30 11 20 30
11 59 11 35 43 44 51 59
9 55 9 13 36 55
18 41 18 22 34 38 41
16 52 16 27 32 48 52
40 78 40 78
15 59 15 22 25 38 42 51 59
64 80 64 80
70 84 70 72 78 84
1 7 1 7
16 80 16 24 43 80
15 41 15 30 41
7 53 7 29 43 44 53
16 83 16 23 37 40 78 80 83
8 23 8 13 16 23
21 77 21 58 67 77
28 88 28 69 87 88
22 82 22 33 52 64 82
4 41 4 13 20 30 34 38 41
49 60 49 51 60
11 43 11 20 26 28 35 43
20 66 20 39 60 66
41 66 41 49 51 60 66
40 89 40 64 80 81 83 89
13 55 13 24 29 36 43 44 55
25 79 25 33 37 48 79
19 59 19 43 44 51 59
41 79 41 79
4 64 4 49 51 58 61 64
8 26 8 9 13 14 19 20 26
8 88 8 41 59 66 83 88
16 67 16 23 44 55 58 67
49 59 49 51 59
49 64 49 51 59 64
59 80 59 64 80
72 80 72 78 80
2 82 2 18 34 38 60 82
11 63 11 20 39 57 63
40 88 40 42 88
30 45 30 34 45
31 58 31 39 58
20 73 20 39 58 73
31 78 31 39 57 72 78
57 84 57 78 84
72 84 72 78 84
4 26 4 13 26
25 54 25 33 37 48 54
34 53 34 44 53
40 78 40 78
15 60 15 26 40 60
18 34 18 22 34
30 83 30 50 59 71 83
30 50 30 34 38 41 50
62 78 62 72 78
15 59 15 22 34 38 42 51 59
49 89 49 72 78 80 81 83 89
2 72 2 18 21 26 40 42 70 72
19 64 19 33 39 58 61 64
7 32 7 27 32
16 47 16 28 35 43 47
34 79 34 45 55 79
33 73 33 39 58 67 73
27 81 27 32 44 64 80 81
2 37 2 23 37
27 55 27 32 44 55
7 71 7 56 64 71
41 83 41 57 63 80 81 83
38 78 38 41 57 78
15 60 15 26 42 51 60
21 77 21 40 42 51 67 77
35 77 35 59 77
23 73 23 37 52 67 73
38 51 38 42 51
19 77 19 38 60 66 77
18 33 18 22 25 33
8 70 8 40 42 70
35 58 35 41 50 51 58
3 9 3 9
62 78 62 72 78
1 51 1 37 51
49 89 49 72 78 81 83 89
3 30 3 15 30
42 78 42 51 67 72 78
33 66 33 37 48 54 59 66
63 81 63 80 81
49 89 49 51 64 81 83 89
2 41 2 14 28 35 41
13 75 13 28 58 61 75
11 43 11 20 26 28 35 43
15 43 15 21 26 28 35 43
23 86 23 57 78 81 83 86
15 63 15 22 31 56 62 63
41 50 41 50
15 78 15 21 59 66 78
49 89 49 51 60 66 83 89
31 58 31 43 44 55 58
15 59 15 26 42 51 59
14 63 14 28 41 57 63
6 52 6 18 20 32 48 52
43 83 43 64 80 81 83
40 89 40 63 80 81 83 89
11 88 11 20 66 77 88
8 30 8 9 20 30
34 61 34 48 61
43 79 43 44 79
43 53 43 44 53
21 37 21 26 28 37
15 30 15 30
8 20 8 9 20
2 9 2 9
2 27 2 9 16 24 27
37 86 37 59 66 83 86
2 27 2 13 24 27
63 81 63 80 81
37 48 37 48
42 88 42 62 63 88
28 88 28 69 87 88
43 47 43 47
14 89 14 31 43 47 61 75 80 81 83 89
23 54 23 25 33 37 48 54
8 27 8 13 24 27
38 70 38 41 70
30 75 30 44 61 75
35 77 35 39 46 77
22 33 22 33
23 75 23 25 40 42 51 58 61 75
2 63 2 9 13 36 55 63
7 81 7 49 51 60 66 78 81
4 63 4 8 13 29 37 40 63
8 59 8 28 37 51 59
28 51 28 35 43 44 51
25 50 25 35 41 50
16 86 16 38 42 57 83 86
27 73 27 44 73
1 37 1 13 14 28 37
23 79 23 44 55 79
25 50 25 35 41 50
21 70 21 42 70
13 48 13 16 23 25 33 37 48
4 89 4 41 78 84 89
40 82 40 82
1 25 1 7 15 22 25
7 36 7 27 29 36
60 66 60 66
22 89 22 31 39 57 78 80 81 83 89
58 83 58 61 75 80 81 83
9 67 9 32 58 67
16 53 16 23 32 53
1 43 1 3 14 19 21 26 28 35 43
6 73 6 21 58 67 73
8 58 8 41 49 51 58
25 52 25 33 52
18 57 18 22 43 44 55 57
1 77 1 39 60 66 77
3 37 3 27 29 36 37
28 82 28 41 50 82
18 64 18 22 43 44 55 58 61 64
15 89 15 22 62 63 80 81 83 89
4 51 4 23 49 51
49 77 49 51 67 77
7 73 7 41 49 51 58 73
13 32 13 24 27 32
14 51 14 25 35 41 50 51
57 86 57 86
3 30 3 16 24 30
1 57 1 26 42 57
16 36 16 29 36
20 53 20 30 53
33 86 33 39 58 61 64 71 83 86
25 54 25 33 37 48 54
59 80 59 66 78 80
72 83 72 78 80 83
8 37 8 9 24 27 29 36 37
16 53 16 28 35 43 44 53
4 33 4 13 16 23 25 33
6 17 6 17
56 82 56 64 82
19 59 19 20 40 42 51 59
16 24 16 24
38 59 38 42 51 59
15 37 15 21 26 28 37
22 25 22 25
16 50 16 24 50
34 45 34 45
28 57 28 37 40 42 57
18 25 18 22 25
41 50 41 50
16 71 16 28 49 51 58 61 64 71
23 61 23 49 51 58 61
34 83 34 67 72 78 80 83
30 86 30 41 49 72 86
59 66 59 66
56 88 56 82 85 88
2 58 2 9 50 51 58
2 33 2 23 25 33
42 64 42 51 59 64
19 59 19 38 42 51 59
14 33 14 19 33
4 27 4 8 13 24 27
51 84 51 67 72 78 84
46 88 46 77 88
3 26 3 9 13 20 26
6 66 6 44 51 59 66
6 83 6 79 81 83
7 86 7 29 80 83 86
26 80 26 55 67 72 78 80
13 53 13 20 30 53
18 25 18 22 25
23 75 23 28 35 41 49 51 58 61 75
26 81 26 38 70 72 78 80 81
25 61 25 35 43 47 61
26 55 26 55
8 88 8 88
34 61 34 44 51 58 61
3 72 3 14 25 33 37 52 67 72
4 9 4 8 9
20 48 20 30 34 48
21 77 21 59 66 77
8 88 8 41 79 84 88
13 54 13 24 27 34 45 54
26 66 26 28 41 66
59 86 59 64 81 83 86
26 67 26 42 51 67
64 84 64 71 84
2 13 2 9 13
33 75 33 51 58 61 75
11 89 11 64 80 81 83 89
21 70 21 40 42 70
23 55 23 25 35 43 44 55
63 80 63 80
8 20 8 9 20
31 78 31 39 57 72 78
19 63 19 38 63
14 78 14 19 56 78
34 84 34 44 61 64 71 84
8 77 8 41 53 77
19 88 19 21 42 46 77 88
7 32 7 27 32
62 89 62 63 80 81 83 89
22 58 22 34 45 50 51 58
37 71 37 40 64 71
27 67 27 32 58 67
2 13 2 13
25 55 25 35 43 44 55
40 60 40 60
30 73 30 34 67 73
15 60 15 26 40 60
78 84 78 84
25 44 25 35 43 44
30 48 30 48
25 50 25 35 41 50
16 50 16 29 36 50
20 32 20 32
4 37 4 23 28 37
14 43 14 28 35 43
19 77 19 43 46 77
19 34 19 20 30 34
2 26 2 14 19 21 26
56 88 56 82 85 88
8 77 8 41 50 60 66 77
37 73 37 40 42 51 58 73
34 66 34 59 66
3 88 3 27 79 83 88
13 29 13 29
58 73 58 73
42 59 42 51 59
64 81 64 81
70 83 70 71 83
43 75 43 44 61 75
8 57 8 13 26 55 57
3 72 3 9 50 51 67 72
11 57 11 35 41 57
3 78 3 30 53 72 78
34 44 34 44
11 63 11 20 26 38 41 57 63
21 77 21 59 66 77
1 27 1 13 16 24 27
51 83 51 64 71 83
6 47 6 18 34 47
35 70 35 43 70
9 86 9 17 81 83 86
64 83 64 81 83
8 30 8 9 24 30
56 72 56 62 72
27 86 27 53 72 78 81 83 86
25 44 25 35 43 44
37 73 37 51 58 73
56 64 56 64
13 47 13 14 31 43 47
6 47 6 18 21 26 28 35 43 47
4 70 4 23 37 40 42 70
7 47 7 32 47
4 77 4 8 13 48 52 77
40 57 40 42 57
16 52 16 27 32 48 52
43 44 43 44
30 66 30 48 54 59 66
34 84 34 38 70 72 78 84
41 67 41 50 51 67
27 86 27 58 78 81 83 86
34 73 34 44 73
25 66 25 40 51 60 66
16 54 16 24 34 48 54
31 64 31 39 58 61 64
16 81 16 38 41 57 78 80 81
25 67 25 35 43 52 67
42 51 42 51
25 83 25 38 63 80 81 83
22 58 22 43 44 51 58
27 66 27 32 51 59 66
11 72 11 58 67 72
60 80 60 66 78 80
43 47 43 47
34 44 34 44
7 50 7 29 36 50
18 58 18 21 26 38 41 50 51 58
25 67 25 38 41 67
40 82 40 68 74 82
28 72 28 58 67 72
41 79 41 79
4 34 4 30 34
70 86 70 81 83 86
58 61 58 61
27 32 27 32
14 20 14 19 20
37 84 37 59 64 71 84
33 83 33 62 63 80 81 83
34 83 34 48 75 80 81 83
13 83 13 29 48 52 67 72 78 80 83
7 55 7 32 44 55
13 66 13 28 37 51 60 66
2 20 2 9 13 20
40 89 40 60 66 78 84 89
6 61 6 16 28 49 51 58 61
15 58 15 26 28 37 49 51 58
64 80 64 80
28 72 28 37 49 51 67 72
23 67 23 35 41 67
34 84 34 44 61 64 71 84
60 81 60 66 78 81
41 80 41 79 80
2 25 2 18 22 25
4 51 4 49 51
40 58 40 51 58
19 72 19 62 72
30 83 30 44 55 79 80 83
4 33 4 23 25 33
19 72 19 62 72
23 73 23 35 43 47 67 73
15 64 15 22 25 38 42 51 58 61 64
9 53 9 24 32 44 53
26 73 26 38 42 51 67 73
34 66 34 59 66
19 89 19 78 81 83 89
26 50 26 38 41 50
13 83 13 60 66 78 81 83
42 57 42 57
1 27 1 3 9 24 27
40 60 40 60
14 88 14 42 51 60 66 83 88
13 48 13 29 37 48
16 32 16 27 32
31 82 31 43 64 71 82
9 29 9 17 29
37 73 37 48 54 73
40 51 40 51
43 86 43 64 81 83 86
34 55 34 44 55
6 53 6 21 26 28 41 53
6 44 6 31 43 44
41 86 41 53 80 83 86
33 79 33 37 48 79
60 83 60 66 78 80 81 83
37 73 37 52 67 73
18 58 18 22 43 44 55 58
4 13 4 8 13
31 64 31 43 47 61 64
37 86 37 40 51 59 86
60 71 60 66 71
37 83 37 49 72 78 81 83
14 30 14 30
7 84 7 33 49 51 58 61 75 78 84
8 16 8 13 16
58 80 58 78 80
8 34 8 13 14 30 34
26 44 26 28 35 43 44
6 75 6 21 42 51 58 61 75
21 58 21 40 51 58
2 23 2 9 13 16 23
31 57 31 39 57
34 66 34 44 51 60 66
20 32 20 32
41 80 41 50 60 66 78 80
14 82 14 34 44 53 72 82
25 84 25 79 84
13 32 13 16 24 32
13 53 13 29 36 43 44 53
4 64 4 30 39 58 61 64
30 86 30 39 60 66 83 86
26 52 26 28 37 52
8 63 8 41 63
2 13 2 9 13
9 71 9 17 58 64 71
25 80 25 33 52 67 72 78 80
14 82 14 28 64 82
3 30 3 15 30
3 33 3 14 25 33
18 57 18 22 25 38 42 57
3 20 3 14 19 20
27 45 27 34 45
30 45 30 34 45
15 72 15 21 42 70 72
6 50 6 21 26 38 41 50
20 61 20 30 39 58 61
23 75 23 35 41 50 51 58 61 75
1 64 1 19 38 41 59 64
25 79 25 33 37 48 79
2 26 2 18 20 26
39 88 39 85 88
35 89 35 63 83 89
8 13 8 9 13
19 51 19 33 49 51
2 25 2 18 22 25
25 53 25 35 43 44 53
15 88 15 22 62 63 80 81 83 86 88
21 72 21 26 28 41 49 51 58 67 72
40 78 40 42 62 72 78
11 70 11 21 42 70
9 80 9 17 52 78 80
23 84 23 49 72 78 84
20 71 20 26 40 51 59 66 71
33 71 33 39 60 66 71
3 78 3 38 41 66 78
16 53 16 23 32 53
15 63 15 26 38 42 62 63
8 59 8 9 16 35 43 44 51 59
35 64 35 56 64
27 32 27 32
37 66 37 40 42 51 60 66
8 64 8 13 24 54 59 64
1 26 1 13 26
28 57 28 37 40 42 57
7 83 7 41 78 81 83
13 71 13 49 51 58 64 71
41 53 41 53
22 63 22 31 39 57 63
25 75 25 38 41 49 51 58 61 75
1 13 1 13
28 82 28 41 50 82
26 61 26 42 51 58 61
4 34 4 8 34
42 88 42 87 88
70 71 70 71
34 45 34 45
19 77 19 43 46 77
2 34 2 13 14 30 34
64 71 64 71
2 60 2 13 49 51 60
60 83 60 66 78 80 81 83
4 64 4 49 51 58 61 64
15 88 15 22 34 48 88
27 75 27 44 61 75
6 73 6 18 22 43 47 67 73
40 59 40 51 59
31 89 31 89
1 88 1 2 31 43 75 82 85 88
28 64 28 58 64
51 73 51 67 73
19 30 19 20 30
60 86 60 66 83 86
7 66 7 41 49 51 60 66
1 60 1 13 49 51 60
78 83 78 80 83
40 51 40 42 51
62 88 62 72 86 88
51 67 51 58 67
42 58 42 51 58
3 33 3 9 16 23 25 33
4 26 4 13 14 19 21 26
16 54 16 24 34 48 54
64 84 64 71 84
2 59 2 14 59
11 59 11 21 40 51 59
8 72 8 40 42 70 72
6 75 6 18 20 40 42 51 58 61 75
16 44 16 24 29 43 44
2 63 2 13 36 37 40 42 57 63
6 67 6 37 49 51 67
11 57 11 33 39 57
27 84 27 29 43 70 71 84
27 66 27 44 51 60 66
56 89 56 78 80 83 89
30 54 30 48 54
16 66 16 38 41 66
21 37 21 26 28 37
2 16 2 13 16
30 53 30 44 53
21 77 21 40 60 66 77
4 51 4 49 51
7 83 7 40 51 80 83
62 82 62 72 82
8 51 8 13 36 43 44 51
2 57 2 18 22 31 43 44 55 57
13 45 13 24 27 34 45
18 37 18 20 26 28 37
85 88 85 88
43 86 43 64 80 83 86
25 81 25 63 80 81
11 72 11 21 42 62 72
40 82 40 68 74 82
34 66 34 45 54 59 66
28 77 28 35 59 77
26 47 26 28 35 43 47
49 88 49 51 80 83 88
6 73 6 30 34 45 73
51 80 51 59 66 78 80
21 70 21 42 70
62 82 62 74 82
42 72 42 70 72
18 58 18 20 40 51 58
49 64 49 51 59 64
34 75 34 44 55 61 75
20 86 20 26 42 51 58 61 64 81 83 86
3 88 3 21 26 75 78 84 88
64 84 64 71 84
22 34 22 34
42 63 42 57 63
41 84 41 49 72 78 84
46 89 46 77 89
33 61 33 49 51 58 61
13 73 13 36 37 52 67 73
33 75 33 49 51 58 61 75
27 84 27 34 47 67 72 78 84
27 54 27 32 48 54
27 84 27 52 78 84
33 79 33 37 48 79
7 47 7 32 47
23 50 23 35 41 50
27 86 27 53 72 78 81 83 86
40 77 40 42 46 77
31 89 31 39 46 77 89
14 58 14 34 38 41 49 51 58
40 70 40 42 70
18 33 18 22 33
28 72 28 37 40 42 62 72
46 89 46 77 89
26 80 26 38 60 66 78 80
31 72 31 56 62 72
2 27 2 13 24 27
11 72 11 21 26 42 57 72
8 89 8 58 61 64 71 83 89
23 79 23 35 41 79
38 64 38 41 59 64
64 83 64 71 83
3 41 3 27 34 38 41
78 84 78 84
19 64 19 20 59 64
18 60 18 21 26 38 60
25 66 25 40 42 51 59 66
56 72 56 62 72
41 86 41 63 80 83 86
8 72 8 9 50 51 67 72
13 66 13 36 43 44 51 59 66
19 57 19 38 41 57
9 53 9 16 38 41 53
41 67 41 49 51 67
3 77 3 15 26 40 42 46 77
4 26 4 13 20 26
63 83 63 80 81 83
8 26 8 13 26
20 83 20 72 78 81 83
6 44 6 27 34 44
13 79 13 26 38 41 79
14 77 14 25 33 67 77
23 83 23 78 80 81 83
27 81 27 58 78 80 81
63 81 63 80 81
51 83 51 80 83
13 66 13 48 54 59 66
28 89 28 58 77 89
6 54 6 30 34 45 54
8 51 8 34 44 51
37 67 37 49 51 58 67
34 84 34 47 75 78 84
40 57 40 42 57
20 45 20 30 34 45
16 50 16 27 34 45 50
11 89 11 70 71 84 89
57 86 57 63 80 81 83 86
8 41 8 9 17 20 26 38 41
23 44 23 32 44
23 73 23 35 43 47 67 73
27 55 27 32 44 55
11 78 11 58 61 75 78
13 29 13 16 24 29
20 84 20 26 75 78 84
49 58 49 51 58
1 57 1 13 28 37 40 42 57
15 58 15 26 28 49 51 58
26 52 26 28 37 48 52
30 66 30 44 51 59 66
11 63 11 33 62 63
39 58 39 58
31 77 31 39 58 67 77
70 71 70 71
14 41 14 30 41
21 58 21 42 51 58
1 26 1 26
30 61 30 41 49 51 58 61
14 82 14 19 38 41 66 71 82
11 30 11 20 30
1 26 1 3 9 13 20 26
41 75 41 50 51 58 61 75
34 66 34 45 50 59 66
6 54 6 18 21 26 28 37 48 54
13 80 13 14 70 72 78 80
41 84 41 79 84
13 86 13 16 80 83 86
14 60 14 42 51 60
30 55 30 44 55
11 26 11 21 26
22 77 22 33 67 77
64 83 64 80 81 83
11 34 11 20 30 34
20 75 20 26 42 51 58 61 75
7 32 7 14 19 20 32
30 48 30 34 48
22 82 22 31 68 74 82
16 67 16 40 42 51 67
60 81 60 66 78 80 81
42 72 42 51 58 67 72
9 55 9 13 20 30 34 45 55
34 52 34 48 52
58 83 58 67 72 78 80 81 83
40 64 40 42 64
22 51 22 25 38 42 51
26 54 26 28 37 48 54
4 37 4 13 20 26 28 37
3 25 3 9 17 25
38 60 38 42 51 60
8 58 8 13 28 49 51 58
25 47 25 35 43 47
41 50 41 50
19 60 19 20 26 42 51 60
21 77 21 42 51 58 67 77
23 81 23 28 35 43 64 81
13 44 13 26 28 35 43 44
4 34 4 13 16 27 34
25 52 25 33 52
27 67 27 32 48 52 67
34 73 34 48 54 73
9 53 9 17 32 53
26 71 26 42 51 59 66 71
6 55 6 18 20 30 34 45 55
4 16 4 13 16
7 53 7 43 44 53
43 75 43 75
22 63 22 43 44 55 63
26 48 26 28 37 48
14 70 14 25 35 43 70
23 81 23 25 35 72 78 81
20 75 20 26 55 61 75
58 67 58 67
28 43 28 35 43
19 33 19 33
14 30 14 30
41 84 41 57 72 78 84
27 54 27 32 48 54
2 64 2 56 64
1 70 1 3 9 13 29 43 70
35 63 35 41 63
1 33 1 19 33
43 66 43 44 51 59 66
14 77 14 42 46 77
1 77 1 19 21 42 46 77
20 75 20 26 40 42 51 58 61 75
2 9 2 9
22 33 22 33
14 30 14 30
58 84 58 67 72 78 84
43 52 43 52
18 43 18 20 26 28 35 43
4 37 4 23 28 37
46 88 46 77 88
3 82 3 14 19 43 44 55 61 75 82
30 66 30 41 49 51 59 66
34 44 34 44
19 70 19 38 70
18 58 18 34 44 55 58
21 78 21 26 38 60 66 78
20 45 20 30 34 45
16 61 16 28 41 49 51 58 61
16 84 16 24 32 48 54 72 78 84
13 81 13 26 67 72 78 80 81
23 80 23 37 40 63 80
22 78 22 34 47 75 78
31 82 31 39 58 67 82
15 89 15 26 40 72 78 84 89
31 43 31 43
8 57 8 13 29 43 44 55 57
6 55 6 27 32 44 55
2 60 2 13 14 25 35 43 44 51 60
13 47 13 26 28 35 43 47
49 88 49 69 87 88
13 52 13 26 28 37 48 52
23 55 23 32 44 55
22 43 22 25 35 43
14 20 14 19 20
41 80 41 67 72 78 80
26 52 26 28 37 48 52
18 34 18 22 34
15 30 15 30
4 78 4 8 41 78
30 50 30 50
34 44 34 44
3 27 3 9 16 27
51 71 51 58 61 64 71
31 51 31 43 44 51
14 77 14 77
22 64 22 25 38 41 59 64
40 77 40 42 51 58 77
1 89 1 49 72 78 81 83 89
85 88 85 88
27 73 27 32 44 51 67 73
11 60 11 35 39 60
21 78 21 59 66 78
6 17 6 17
41 84 41 79 84
58 73 58 67 73
64 86 64 71 83 86
27 73 27 29 36 37 48 52 67 73
14 20 14 19 20
22 51 22 33 51
72 83 72 78 81 83
30 52 30 48 52
38 78 38 42 62 72 78
59 83 59 66 71 83
56 72 56 62 72
87 88 87 88
31 77 31 39 58 77
6 50 6 21 26 38 41 50
22 34 22 34
3 51 3 27 34 38 42 51
9 61 9 13 26 28 35 43 44 61
58 75 58 61 75
8 41 8 13 20 26 28 41
3 82 3 64 71 82
15 59 15 21 59
34 84 34 48 75 78 84
2 23 2 13 16 23
15 64 15 21 40 64
1 30 1 19 20 30
8 25 8 9 13 14 25
9 47 9 17 29 43 47
25 71 25 35 39 58 64 71
38 78 38 42 51 59 66 78
26 44 26 28 35 43 44
13 52 13 14 34 48 52
28 82 28 49 72 82
4 82 4 13 16 27 52 71 82
34 55 34 45 55
7 55 7 14 19 20 26 55
38 60 38 42 51 60
57 83 57 83
7 81 7 39 60 66 78 80 81
26 61 26 42 51 58 61
49 58 49 51 58
28 77 28 35 43 52 77
33 84 33 62 72 78 84
2 78 2 33 78
18 63 18 22 62 63
3 33 3 9 16 23 25 33
15 78 15 30 34 47 61 75 78
19 34 19 20 30 34
26 84 26 28 58 61 64 71 84
42 78 42 70 72 78
25 80 25 33 52 67 72 78 80
25 80 25 33 37 40 72 78 80
20 66 20 39 60 66
41 80 41 66 78 80
20 66 20 32 51 59 66
8 23 8 9 13 16 23
23 66 23 25 40 51 60 66
14 41 14 34 38 41
14 60 14 31 43 44 51 60
37 79 37 48 79
2 51 2 18 20 26 38 41 50 51
13 32 13 24 32
9 71 9 20 55 61 64 71
41 79 41 79
72 84 72 78 84
1 72 1 26 42 51 58 67 72
6 50 6 24 50
14 30 14 19 20 30
22 82 22 62 74 82
41 84 41 79 84
8 27 8 13 24 27
25 53 25 35 43 44 53
34 80 34 44 53 72 78 80
38 58 38 42 51 58
21 72 21 26 28 41 49 51 58 67 72
23 55 23 32 44 55
8 72 8 34 45 67 72
20 61 20 55 58 61
6 79 6 31 43 44 79
78 81 78 80 81
8 20 8 9 20
25 54 25 33 37 48 54
85 88 85 88
20 54 20 26 28 37 48 54
8 13 8 9 13
14 30 14 19 20 30
16 83 16 35 43 52 64 80 83
38 72 38 70 72
9 24 9 24
38 82 38 63 82
26 86 26 42 70 71 83 86
7 45 7 15 30 34 45
1 70 1 37 40 42 70
28 89 28 78 80 81 83 89
27 73 27 44 73
23 84 23 44 78 84
7 67 7 29 43 52 67
38 77 38 41 50 60 66 77
9 61 9 16 40 51 58 61
46 77 46 77
33 73 33 67 73
25 67 25 35 41 50 51 67
35 82 35 43 52 64 68 74 82
25 44 25 35 43 44
51 61 51 58 61
43 53 43 44 53
27 29 27 29
23 66 23 49 51 59 66
38 51 38 41 50 51
9 86 9 20 40 72 86
25 44 25 35 43 44
51 71 51 64 71
19 43 19 20 26 28 35 43
2 25 2 23 25
34 52 34 48 52
21 64 21 40 64
16 80 16 24 43 80
9 66 9 60 66
3 30 3 15 30
74 82 74 82
26 79 26 55 79
34 50 34 38 41 50
1 7 1 7
22 34 22 34
37 73 37 48 52 67 73
37 52 37 48 52
40 82 40 68 74 82
28 57 28 41 57
2 25 2 18 22 25
33 83 33 61 75 78 80 83
57 80 57 78 80
56 72 56 62 72
34 44 34 44
20 44 20 32 44
25 52 25 33 52
15 89 15 21 59 66 77 89
70 83 70 72 78 80 83
7 36 7 27 29 36
57 84 57 78 84
3 27 3 9 24 27
72 84 72 78 84
26 80 26 38 41 79 80
13 52 13 48 52
13 45 13 24 30 34 45
23 84 23 49 72 78 84
39 89 39 46 77 89
14 43 14 28 35 43
51 61 51 58 61
42 58 42 51 58
41 61 41 49 51 58 61
15 57 15 26 40 42 57
1 34 1 13 20 30 34
2 59 2 33 51 59
23 53 23 32 44 53
15 41 15 22 34 38 41
16 24 16 24
15 77 15 58 67 77
11 26 11 20 26
9 61 9 13 28 41 50 51 58 61
26 55 26 28 35 43 44 55
2 20 2 9 20
20 86 20 32 47 67 72 78 81 83 86
13 53 13 29 36 43 44 53
49 58 49 51 58
4 63 4 41 57 63
49 64 49 51 59 64
26 44 26 28 35 43 44
1 23 1 3 16 23
42 72 42 70 72
23 44 23 28 35 43 44
7 83 7 33 49 72 78 81 83
14 88 14 68 69 87 88
23 54 23 28 37 48 54
18 63 18 34 44 55 57 63
15 63 15 21 42 62 63
43 81 43 75 80 81
72 86 72 78 81 83 86
16 67 16 38 42 51 67
19 64 19 33 39 58 61 64
4 59 4 30 48 54 59
18 59 18 20 59
4 72 4 70 72
63 81 63 80 81
41 61 41 50 51 58 61
8 70 8 28 41 70
18 41 18 21 26 28 35 41
4 13 4 13
4 41 4 23 25 35 41
19 70 19 43 70
31 51 31 43 44 51
38 82 38 63 82
38 63 38 42 62 63
37 86 37 72 86
64 86 64 71 83 86
15 77 15 22 59 77
14 70 14 30 41 70
4 88 4 49 72 87 88
7 73 7 32 51 67 73
21 26 21 26
56 63 56 62 63
7 54 7 15 26 28 37 48 54
8 82 8 34 38 41 67 72 82
16 84 16 38 60 66 71 84
27 79 27 79
14 26 14 19 21 26
13 83 13 26 55 58 78 81 83
8 30 8 9 20 30
1 70 1 13 14 30 34 38 41 70
18 64 18 20 56 64
16 48 16 27 34 48
33 86 33 78 81 83 86
7 32 7 14 19 20 32
16 47 16 29 43 47
40 60 40 51 60
8 16 8 9 13 16
30 61 30 44 51 58 61
11 43 11 20 26 28 35 43
35 82 35 56 62 63 82
4 59 4 8 40 51 59
43 84 43 62 72 78 84
19 59 19 38 41 50 51 59
2 13 2 9 13
21 43 21 26 28 35 43
40 72 40 42 70 72
15 89 15 21 26 28 77 89
42 70 42 70
7 83 7 28 35 41 70 72 78 80 81 83
16 54 16 28 37 48 54
6 86 6 18 22 33 37 48 61 64 71 83 86
14 63 14 28 41 63
8 30 8 9 24 30
18 43 18 22 25 35 43
14 25 14 25
6 24 6 16 24
41 86 41 53 80 83 86
21 63 21 42 62 63
8 58 8 13 36 37 51 58
9 47 9 16 35 43 47
3 63 3 38 42 62 63
34 67 34 67
7 29 7 29
21 70 21 26 40 42 70
20 53 20 30 34 44 53
43 86 43 70 81 83 86
39 64 39 58 64
41 80 41 79 80
63 81 63 80 81
25 80 25 33 37 40 72 78 80
11 78 11 59 66 78
9 67 9 32 51 67
22 72 22 43 44 51 67 72
18 33 18 22 33
46 77 46 77
31 72 31 56 62 72
27 45 27 34 45
14 82 14 25 74 82
37 71 37 49 51 64 71
13 44 13 28 35 43 44
30 83 30 34 59 71 83
35 72 35 39 57 72
14 89 14 70 72 78 80 83 89
72 81 72 78 81
3 23 3 9 16 23
37 66 37 51 59 66
51 80 51 59 66 78 80
51 71 51 59 64 71
40 70 40 42 70
3 59 3 37 59
9 29 9 13 16 27 29
22 70 22 33 37 40 42 70
4 20 4 13 14 19 20
72 81 72 78 81
16 81 16 29 43 75 78 81
11 34 11 20 30 34
1 57 1 19 20 32 44 55 57
18 64 18 20 56 64
43 83 43 64 80 81 83
27 52 27 52
13 45 13 16 24 34 45
78 83 78 81 83
19 20 19 20
23 86 23 66 83 86
41 50 41 50
13 29 13 29
20 53 20 30 34 44 53
13 52 13 26 28 35 43 52
3 60 3 27 29 37 40 51 60
8 59 8 28 37 49 51 59
1 27 1 2 9 16 24 27
59 81 59 64 81
18 26 18 21 26
26 67 26 40 42 51 67
30 50 30 34 38 41 50
70 80 70 72 78 80
26 83 26 42 64 80 83
20 71 20 32 66 71
64 71 64 71
62 89 62 72 78 84 89
11 51 11 35 43 44 51
21 70 21 26 40 42 70
31 64 31 43 64
34 67 34 44 55 67
16 79 16 28 35 43 44 79
3 78 3 38 41 66 78
1 64 1 19 33 39 58 61 64
34 54 34 48 54
21 60 21 26 42 51 60
27 32 27 32
60 86 60 66 71 83 86
38 59 38 42 51 59
78 80 78 80
3 88 3 27 79 83 88
39 88 39 85 88
13 86 13 48 79 81 83 86
25 84 25 35 56 78 84
34 84 34 38 70 72 78 84
35 64 35 59 64
7 54 7 28 37 48 54
21 72 21 40 72
40 77 40 42 51 58 77
4 34 4 8 9 24 34
63 80 63 80
38 59 38 42 51 59
33 52 33 37 48 52
19 72 19 38 42 51 58 67 72
51 81 51 67 72 78 81
16 32 16 24 27 32
14 57 14 28 37 40 42 57
22 25 22 25
23 80 23 25 57 72 78 80
4 23 4 23
3 37 3 27 29 37
7 47 7 14 31 43 47
51 80 51 58 64 80
31 72 31 43 52 67 72
23 44 23 32 44
28 41 28 41
11 26 11 20 26
13 71 13 49 51 59 66 71
34 52 34 45 52
1 89 1 39 58 64 81 83 89
31 88 31 56 78 80 83 88
40 51 40 51
6 86 6 16 80 81 83 86
4 9 4 8 9
3 82 3 82
21 51 21 42 51
4 72 4 70 72
74 82 74 82
28 57 28 35 43 44 55 57
31 72 31 56 62 72
7 67 7 41 50 51 67
3 25 3 15 22 25
35 88 35 72 88
8 88 8 40 51 64 71 82 85 88
1 88 1 88
7 55 7 14 19 20 26 55
3 33 3 15 22 25 33
20 61 20 39 58 61
35 41 35 41
13 53 13 36 43 44 53
1 33 1 2 9 16 23 25 33
14 34 14 19 20 30 34
20 67 20 30 34 44 55 58 67
1 57 1 26 28 35 43 44 55 57
59 66 59 66
9 75 9 50 51 58 61 75
30 53 30 41 53
9 71 9 71
16 53 16 31 43 44 53
22 63 22 62 63
7 79 7 14 25 38 41 79
9 48 9 17 32 48
11 33 11 33
20 45 20 30 34 45
41 66 41 50 59 66
37 71 37 52 64 71
8 33 8 9 17 33
25 50 25 38 41 50
41 84 41 59 66 71 84
28 57 28 37 40 42 57
30 73 30 48 52 67 73
33 79 33 37 48 79
9 83 9 71 83
13 81 13 49 51 64 80 81
64 84 64 71 84
31 82 31 56 74 82
13 29 13 29
31 59 31 43 44 51 59
39 89 39 46 77 89
7 80 7 15 30 80
51 81 51 67 72 78 81
7 84 7 39 57 78 84
16 73 16 73
13 36 13 16 24 27 29 36
74 88 74 85 88
28 64 28 37 49 51 59 64
2 82 2 70 82
63 80 63 80
64 81 64 81
39 58 39 58
6 52 6 17 29 48 52
26 71 26 38 60 66 71
14 78 14 30 53 72 78
11 63 11 33 37 40 63
38 70 38 70
33 73 33 52 67 73
30 45 30 34 45
19 37 19 21 26 28 37
42 64 42 64
26 50 26 28 41 50
15 64 15 30 44 61 64
59 80 59 64 80
1 27 1 2 9 16 24 27
59 84 59 71 84
27 32 27 32
30 50 30 41 50
27 55 27 44 55
7 29 7 27 29
41 83 41 50 60 66 78 81 83
37 79 37 48 79
70 86 70 71 83 86
3 77 3 15 26 28 37 59 66 77
22 78 22 59 66 78
41 71 41 49 51 58 61 64 71
16 45 16 27 34 45
31 59 31 43 44 51 59
43 83 43 64 71 83
20 73 20 32 44 73
43 71 43 47 61 64 71
16 66 16 35 39 60 66
4 20 4 8 9 20
9 36 9 24 29 36
14 43 14 28 35 43
22 33 22 33
42 63 42 62 63
16 45 16 24 27 34 45
34 44 34 44
2 60 2 23 49 51 60
8 30 8 9 20 30
2 63 2 57 63
3 9 3 9
41 80 41 53 80
11 64 11 64
34 75 34 45 75
25 86 25 57 80 83 86
28 88 28 37 51 58 87 88
38 70 38 70
13 79 13 14 28 35 43 44 79
70 71 70 71
34 45 34 45
11 89 11 77 89
21 88 21 42 64 68 69 87 88
31 43 31 43
35 43 35 43
11 33 11 33
27 81 27 58 64 81
21 43 21 26 28 35 43
38 72 38 42 51 58 67 72
70 84 70 72 78 84
6 44 6 31 43 44
31 51 31 43 44 51
18 57 18 21 26 40 42 57
16 44 16 24 29 43 44
63 86 63 83 86
31 72 31 56 62 72
2 16 2 13 16
18 60 18 22 43 44 51 60
2 43 2 9 16 28 35 43
69 88 69 87 88
13 67 13 36 43 52 67
3 20 3 14 19 20
7 61 7 41 49 51 58 61
23 61 23 44 51 58 61
70 80 70 72 78 80
22 77 22 25 33 46 77
2 25 2 9 13 14 25
38 51 38 41 49 51
20 73 20 32 48 52 67 73
26 48 26 28 37 48
41 84 41 50 59 64 71 84
31 43 31 43
6 54 6 18 21 26 28 37 48 54
35 72 35 56 62 72
27 61 27 29 36 55 58 61
23 52 23 37 48 52
11 37 11 21 26 28 37
7 81 7 40 64 81
8 51 8 9 32 51
60 83 60 66 83
6 32 6 24 27 32
38 41 38 41
20 75 20 26 40 42 51 58 61 75
39 77 39 46 77
2 88 2 70 72 87 88
42 88 42 87 88
20 80 20 30 53 80
7 44 7 27 44
4 59 4 30 48 54 59
64 84 64 71 84
51 71 51 58 61 64 71
19 77 19 43 44 53 77
7 73 7 29 36 50 51 67 73
31 57 31 39 57
8 13 8 9 13
15 41 15 21 26 28 35 41
2 64 2 56 64
26 66 26 42 51 60 66
11 89 11 58 77 89
2 20 2 18 20
9 79 9 13 16 29 36 48 79
13 50 13 28 41 50
28 63 28 41 63
15 82 15 58 68 74 82
26 61 26 38 41 50 51 58 61
35 63 35 41 63
18 58 18 34 38 42 51 58
6 73 6 31 43 52 67 73
13 55 13 24 29 36 43 44 55
1 33 1 2 33
34 47 34 47
57 86 57 78 81 83 86
15 60 15 30 41 49 51 60
28 70 28 41 70
30 61 30 48 61
33 83 33 37 48 61 64 80 81 83
20 50 20 30 41 50
3 72 3 27 44 55 58 67 72
30 53 30 44 53
8 41 8 9 24 27 34 38 41
37 83 37 48 61 64 80 83
41 53 41 53
38 64 38 42 64
31 43 31 43
7 79 7 32 44 79
6 44 6 30 34 44
15 82 15 22 59 64 68 74 82
4 13 4 8 13
11 64 11 64
33 54 33 37 48 54
35 43 35 43
59 71 59 64 71
14 34 14 19 20 30 34
2 89 2 33 39 57 72 78 81 83 89
1 16 1 13 16
59 80 59 64 80
6 24 6 16 24
18 57 18 20 30 39 57
4 59 4 41 49 51 59
6 66 6 54 59 66
3 59 3 15 22 34 48 54 59
27 86 27 70 81 83 86
18 51 18 22 25 40 42 51
22 64 22 33 37 52 64
31 64 31 43 47 61 64
59 83 59 66 71 83
19 30 19 20 30
38 58 38 42 51 58
14 57 14 30 44 55 57
16 73 16 48 52 67 73
16 53 16 28 35 43 44 53
49 60 49 51 60
20 53 20 30 53
26 66 26 28 41 66
42 89 42 70 72 78 81 83 89
51 67 51 58 67
11 70 11 35 41 70
58 83 58 78 81 83
11 51 11 20 30 34 45 50 51
21 78 21 40 72 78
74 88 74 85 88
1 43 1 13 26 28 35 43
41 86 41 79 81 83 86
34 45 34 45
28 60 28 37 40 42 51 60
38 77 38 60 66 77
21 78 21 42 51 58 61 75 78
19 26 19 20 26
9 54 9 17 33 37 48 54
2 51 2 13 20 30 41 50 51
34 52 34 45 52
3 51 3 16 40 42 51
28 89 28 77 89
4 37 4 23 28 37
9 83 9 16 28 49 51 80 81 83
4 63 4 41 57 63
14 30 14 19 20 30
37 84 37 84
11 43 11 20 26 28 35 43
2 72 2 33 62 72
38 63 38 41 57 63
38 58 38 42 51 58
8 70 8 41 70
34 67 34 67
11 63 11 35 39 57 63
42 78 42 70 72 78
13 75 13 20 39 58 61 75
13 48 13 28 37 48
21 37 21 26 28 37
2 33 2 18 22 25 33
41 73 41 67 73
37 84 37 51 58 61 75 78 84
31 78 31 39 57 72 78
3 63 3 15 22 62 63
34 83 34 79 80 83
39 88 39 69 88
13 75 13 20 39 58 61 75
57 81 57 80 81
14 63 14 28 41 57 63
8 25 8 9 16 23 25
22 37 22 33 37
21 63 21 42 62 63
7 47 7 14 19 20 26 28 35 43 47
11 37 11 21 26 28 37
4 51 4 49 51
21 77 21 42 46 77
6 67 6 44 51 67
39 82 39 57 82
33 73 33 39 58 67 73
39 89 39 60 66 83 89
4 82 4 23 32 53 72 82
25 79 25 38 41 79
19 88 19 43 87 88
38 59 38 42 51 59
7 29 7 27 29
16 71 16 38 41 50 51 64 71
37 67 37 51 67
30 73 30 54 73
16 84 16 24 32 48 54 72 78 84
60 80 60 66 78 80
23 50 23 35 41 50
43 86 43 70 81 83 86
11 30 11 20 30
2 13 2 13
34 55 34 44 55
40 51 40 42 51
28 64 28 37 49 51 59 64
22 89 22 31 56 64 71 83 89
7 61 7 43 47 61
27 81 27 70 81
9 61 9 24 27 32 48 61
31 58 31 43 44 55 58
20 75 20 26 40 42 51 58 61 75
35 51 35 41 50 51
7 53 7 43 44 53
20 61 20 40 42 51 58 61
30 75 30 34 48 61 75
6 17 6 17
9 53 9 16 31 43 44 53
39 82 39 60 66 71 82
6 17 6 17
13 86 13 83 86
31 59 31 43 44 51 59
8 59 8 28 37 51 59
16 50 16 28 35 41 50
26 81 26 40 60 66 78 81
34 79 34 45 55 79
31 72 31 56 62 72
26 61 26 42 51 58 61
1 33 1 13 14 19 33
63 80 63 80
40 72 40 51 58 67 72
16 53 16 23 44 53
8 33 8 13 14 25 33
2 26 2 9 20 26
33 83 33 39 60 66 83
39 57 39 57
14 58 14 19 33 51 58
11 64 11 59 64
25 83 25 81 83
26 86 26 75 83 86
3 41 3 30 34 38 41
3 27 3 16 24 27
26 81 26 38 70 72 78 81
9 52 9 17 29 48 52
34 50 34 38 41 50
26 75 26 38 42 51 58 61 75
40 78 40 42 51 59 66 78
1 70 1 7 15 30 34 38 41 70
16 44 16 35 43 44
26 44 26 28 35 43 44
13 75 13 29 36 50 51 58 61 75
26 61 26 40 51 58 61
78 80 78 80
33 48 33 37 48
39 89 39 57 80 83 89
38 82 38 70 72 82
51 71 51 64 71
42 88 42 64 81 83 86 88
51 67 51 67
20 75 20 26 40 42 51 58 61 75
21 88 21 40 63 82 85 88
2 51 2 18 21 42 51
21 89 21 40 64 71 84 89
16 55 16 27 34 44 55
9 24 9 16 24
62 63 62 63
57 83 57 83
42 82 42 70 82
9 45 9 17 20 30 34 45
14 26 14 19 20 26
70 86 70 81 83 86
26 53 26 38 41 53
27 86 27 53 72 78 80 83 86
14 60 14 19 33 49 51 60
31 43 31 43
9 73 9 16 29 36 37 49 51 58 73
9 67 9 17 20 39 58 67
72 80 72 78 80
41 84 41 66 71 84
19 58 19 33 39 58
25 84 25 61 75 78 84
43 81 43 47 80 81
49 58 49 51 58
7 61 7 49 51 58 61
6 61 6 16 40 51 58 61
6 73 6 17 29 37 51 58 67 73
14 30 14 30
63 80 63 80
70 71 70 71
9 81 9 50 60 66 78 80 81
15 58 15 58
59 84 59 64 71 84
43 75 43 75
33 54 33 37 48 54
3 57 3 30 41 57
35 64 35 56 64
2 23 2 9 16 23
64 81 64 80 81
3 64 3 27 44 64
1 60 1 37 49 51 60
26 86 26 28 41 57 83 86
2 64 2 18 20 40 51 64
20 52 20 30 48 52
2 78 2 70 72 78
8 25 8 9 17 25
51 75 51 58 61 75
4 78 4 56 78
34 80 34 47 80
8 41 8 9 16 24 34 38 41
59 81 59 64 81
18 72 18 34 47 67 72
27 44 27 34 44
8 41 8 28 35 41
58 80 58 67 72 78 80
34 75 34 47 75
2 59 2 14 42 51 59
35 58 35 41 49 51 58
9 29 9 13 16 27 29
28 70 28 41 70
1 20 1 7 14 19 20
20 32 20 32
21 58 21 42 51 58
60 84 60 66 78 84
7 79 7 15 22 34 79
20 44 20 30 34 44
6 75 6 40 51 58 61 75
26 54 26 28 37 48 54
58 84 58 64 71 84
43 66 43 44 51 59 66
9 44 9 17 32 44
9 48 9 16 24 34 48
35 63 35 43 62 63
56 78 56 62 72 78
41 71 41 59 64 71
19 51 19 20 26 28 37 51
20 73 20 39 58 73
11 51 11 33 37 49 51
34 71 34 47 61 64 71
1 26 1 13 26
3 13 3 9 13
11 78 11 20 56 78
8 26 8 13 20 26
23 86 23 25 79 83 86
9 52 9 16 35 43 52
18 25 18 22 25
22 43 22 25 35 43
59 81 59 66 78 80 81
25 71 25 61 64 71
23 79 23 25 79
43 52 43 52
13 73 13 49 51 67 73
43 83 43 62 72 78 81 83
1 64 1 26 38 42 64
3 30 3 16 24 30
38 41 38 41
33 66 33 51 59 66
64 80 64 80
3 72 3 14 28 58 67 72
7 73 7 40 51 58 67 73
72 80 72 78 80
15 51 15 21 26 42 51
37 73 37 40 51 67 73
33 81 33 61 75 80 81
51 84 51 64 71 84
56 89 56 64 80 81 83 89
63 81 63 80 81
34 80 34 59 64 80
38 64 38 42 64
43 86 43 52 80 81 83 86
34 53 34 44 53
40 57 40 42 57
59 80 59 64 80
16 86 16 44 53 80 81 83 86
20 80 20 55 67 72 78 80
7 48 7 33 37 48
25 52 25 35 43 52
35 57 35 43 44 55 57
20 71 20 26 28 64 71
7 86 7 39 60 66 83 86
34 81 34 47 80 81
27 54 27 34 45 54
7 80 7 15 30 80
26 50 26 38 41 50
13 53 13 28 41 53
23 52 23 28 35 43 52
1 41 1 19 38 41
40 70 40 42 70
49 88 49 72 82 85 88
19 20 19 20
38 82 38 70 71 82
33 81 33 52 78 80 81
43 61 43 47 61
7 32 7 27 32
38 64 38 41 49 51 58 61 64
22 82 22 33 52 64 82
8 33 8 13 16 23 25 33
19 26 19 21 26
56 64 56 64
13 75 13 49 51 58 61 75
14 89 14 28 37 48 72 78 84 89
13 48 13 20 32 48
6 84 6 40 72 78 84
4 23 4 8 9 13 16 23
3 64 3 27 44 64
16 86 16 23 57 78 81 83 86
7 29 7 29
31 77 31 39 58 67 77
25 75 25 35 41 49 51 58 61 75
21 63 21 26 28 41 63
9 61 9 32 58 61
2 72 2 31 56 62 72
11 72 11 33 52 67 72
34 47 34 47
20 61 20 40 51 58 61
31 57 31 43 44 55 57
31 64 31 56 64
7 67 7 42 51 58 67
19 82 19 38 63 82
4 58 4 49 51 58
9 73 9 50 51 67 73
7 36 7 29 36
31 59 31 43 44 51 59
7 61 7 40 42 51 58 61
49 51 49 51
4 9 4 8 9
15 72 15 30 41 70 72
35 43 35 43
2 63 2 9 17 55 57 63
8 13 8 9 13
14 63 14 25 57 63
43 79 43 44 55 79
28 58 28 58
19 59 19 20 26 42 51 59
6 83 6 17 29 70 71 83
22 77 22 60 66 77
33 79 33 37 48 79
37 83 37 51 80 81 83
58 84 58 64 71 84
16 47 16 29 36 43 47
49 88 49 72 78 81 83 88
33 71 33 52 64 71
33 67 33 49 51 58 67
1 13 1 2 13
39 89 39 46 77 89
8 27 8 9 13 24 27
70 81 70 81
27 81 27 79 80 81
43 73 43 52 67 73
3 16 3 16
26 50 26 28 41 50
11 89 11 59 77 89
25 61 25 35 39 58 61
25 53 25 35 41 53
26 54 26 28 37 48 54
19 72 19 20 40 42 62 72
31 59 31 43 44 51 59
16 66 16 44 51 60 66
35 43 35 43
14 60 14 34 45 50 51 60
28 57 28 35 41 57
20 61 20 30 44 55 58 61
72 83 72 78 80 83
4 72 4 8 13 28 35 72
40 72 40 42 57 72
4 20 4 13 14 19 20
18 43 18 20 26 28 35 43
1 58 1 37 49 51 58
35 59 35 59
26 81 26 40 60 66 78 80 81
27 44 27 34 44
58 80 58 78 80
9 52 9 17 52
26 47 26 28 35 43 47
13 61 13 29 43 44 55 61
22 77 22 59 66 77
6 53 6 31 43 44 53
9 86 9 57 83 86
62 72 62 72
49 88 49 51 60 82 85 88
26 84 26 40 51 64 71 84
9 29 9 16 24 29
38 57 38 42 57
6 66 6 44 51 59 66
26 84 26 38 42 51 64 71 84
1 70 1 2 70
38 41 38 41
21 63 21 26 40 42 57 63
58 80 58 64 80
7 80 7 42 70 72 78 80
34 47 34 47
51 67 51 67
1 25 1 7 14 25
23 52 23 25 33 52
19 51 19 38 41 49 51
26 50 26 28 41 50
18 64 18 34 44 51 58 64
2 43 2 9 20 26 28 35 43
18 30 18 20 30
6 80 6 15 30 34 48 61 75 80
31 51 31 43 44 51
49 89 49 72 78 80 81 83 89
16 45 16 27 34 45
16 75 16 29 43 75
7 45 7 15 30 34 45
16 80 16 31 39 57 72 78 80
42 70 42 70
13 81 13 24 55 67 72 78 80 81
25 44 25 35 43 44
16 86 16 23 28 35 56 64 80 83 86
46 89 46 77 89
16 75 16 24 54 75
4 77 4 41 66 77
20 54 20 32 48 54
3 43 3 16 29 43
15 34 15 30 34
19 88 19 78 80 81 83 88
62 89 62 63 80 81 83 89
51 66 51 60 66
7 66 7 43 44 51 60 66
34 52 34 48 52
15 82 15 30 34 45 57 74 82
27 47 27 29 36 43 47
26 44 26 28 35 43 44
2 82 2 56 62 72 82
11 77 11 77
27 67 27 58 67
13 50 13 20 30 41 50
3 78 3 51 67 72 78
18 20 18 20
63 80 63 80
46 89 46 77 89
37 80 37 49 72 78 80
39 64 39 58 64
18 30 18 20 30
18 37 18 22 33 37
19 63 19 21 42 62 63
31 60 31 43 44 51 60
19 64 19 38 41 50 51 58 61 64
15 60 15 30 39 60
43 83 43 80 81 83
28 59 28 35 43 44 51 59
15 63 15 26 28 37 40 63
64 84 64 71 84
21 64 21 26 38 42 51 58 61 64
21 58 21 58
1 37 1 2 18 22 25 33 37
8 51 8 28 35 43 44 51
42 51 42 51
58 71 58 64 71
72 83 72 78 81 83
7 71 7 64 71
20 67 20 26 42 51 58 67
7 52 7 14 30 48 52
9 55 9 32 44 55
30 55 30 34 45 55
20 80 20 79 80
38 77 38 42 46 77
18 37 18 21 26 28 37
21 63 21 26 28 35 63
2 13 2 13
7 48 7 28 37 48
1 13 1 3 9 13
3 20 3 14 19 20
34 86 34 44 55 79 83 86
31 72 31 43 52 67 72
39 89 39 60 66 77 89
42 72 42 51 58 67 72
16 53 16 27 53
7 67 7 27 29 36 43 47 67
7 45 7 27 34 45
14 82 14 59 66 71 82
60 80 60 66 78 80
23 61 23 37 40 42 51 58 61
6 32 6 27 32
7 29 7 29
60 71 60 66 71
20 83 20 40 78 80 81 83
2 27 2 9 13 16 24 27
9 81 9 50 51 60 66 78 80 81
30 71 30 48 61 64 71
37 79 37 48 79
26 48 26 28 37 48
3 34 3 16 24 30 34
31 60 31 43 44 51 60
35 58 35 43 44 51 58
38 59 38 41 49 51 59
25 48 25 33 37 48
34 53 34 44 53
7 84 7 84
14 72 14 30 54 67 72
1 51 1 13 14 25 35 41 50 51
7 79 7 29 37 48 79
30 61 30 39 58 61
15 51 15 26 42 51
25 50 25 35 41 50
60 86 60 66 71 83 86
43 55 43 44 55
4 82 4 56 74 82
25 48 25 33 37 48
11 70 11 35 43 70
41 75 41 50 51 58 61 75
7 54 7 29 48 54
34 61 34 45 50 51 58 61
39 57 39 57
63 80 63 80
37 83 37 51 64 81 83
20 80 20 39 60 66 78 80
25 79 25 79
9 32 9 24 27 32
13 84 13 28 64 71 84
62 72 62 72
7 61 7 43 44 55 58 61
59 84 59 71 84
40 77 40 42 51 60 66 77
18 34 18 20 30 34
8 88 8 40 51 64 71 82 85 88
49 77 49 51 60 66 77
11 20 11 20
6 54 6 30 34 45 54
7 45 7 15 22 34 45
13 29 13 16 27 29
60 84 60 66 71 84
8 16 8 9 13 16
9 47 9 16 23 28 35 43 47
51 73 51 67 73
49 58 49 51 58
14 25 14 25
11 59 11 21 26 28 35 59
35 89 35 72 78 84 89
1 82 1 39 60 82
11 59 11 35 43 44 51 59
43 55 43 44 55
60 66 60 66
43 71 43 52 64 71
16 48 16 24 32 48
8 64 8 41 49 51 64
6 75 6 54 75
42 57 42 57
18 41 18 22 34 38 41
37 54 37 48 54
1 60 1 13 49 51 60
15 64 15 58 61 64
14 70 14 70
7 75 7 49 51 58 61 75
8 23 8 9 16 23
34 54 34 48 54
30 81 30 80 81
8 43 8 13 20 26 28 35 43
38 60 38 60
1 89 1 49 72 78 80 81 83 89
16 44 16 44
26 71 26 38 70 71
27 45 27 34 45
37 83 37 40 42 64 71 83
28 78 28 58 61 75 78
11 37 11 20 26 28 37
28 51 28 37 40 51
6 55 6 21 26 55
4 77 4 41 66 77
26 86 26 80 83 86
19 33 19 33
15 72 15 26 28 35 72
30 55 30 44 55
35 58 35 43 44 51 58
43 67 43 52 67
3 25 3 16 23 25
33 84 33 78 84
2 58 2 31 39 58
19 72 19 56 62 72
43 71 43 70 71
42 57 42 57
22 78 22 62 72 78
6 66 6 24 54 59 66
27 66 27 32 51 59 66
3 20 3 14 19 20
9 54 9 16 29 37 48 54
20 45 20 30 34 45
16 61 16 31 39 58 61
20 55 20 30 44 55
33 80 33 51 80
21 37 21 26 28 37
2 30 2 9 16 24 30
8 60 8 28 37 51 60
16 61 16 35 41 50 51 58 61
40 64 40 64
3 51 3 27 34 44 51
60 84 60 66 71 84
13 75 13 20 55 58 61 75
19 63 19 62 63
16 36 16 27 29 36
35 64 35 39 58 61 64
23 81 23 35 39 60 66 78 80 81
1 89 1 89
3 9 3 9
7 61 7 32 48 61
13 79 13 28 35 41 79
4 64 4 41 59 64
1 16 1 13 16
35 64 35 56 64
37 67 37 51 67
9 73 9 24 43 47 67 73
62 63 62 63
72 84 72 78 84
23 86 23 57 80 81 83 86
8 37 8 9 16 27 29 36 37
11 51 11 33 49 51
35 63 35 43 62 63
26 50 26 28 41 50
60 84 60 66 71 84
8 88 8 58 85 88
27 61 27 29 37 40 42 51 58 61
6 48 6 15 30 34 48
33 52 33 37 52
18 72 18 34 47 67 72
31 60 31 39 60
15 25 15 22 25
2 13 2 9 13
27 54 27 29 37 48 54
1 89 1 49 72 78 84 89
18 34 18 20 30 34
7 71 7 32 48 54 71
21 82 21 26 67 82
78 80 78 80
23 84 23 37 59 64 71 84
7 48 7 29 36 37 48
14 41 14 25 35 41
18 63 18 34 44 55 63
4 57 4 8 13 29 43 44 55 57
31 72 31 39 57 72
23 52 23 37 52
13 48 13 48
51 83 51 60 66 78 81 83
25 44 25 35 43 44
8 82 8 28 49 51 64 82
11 41 11 20 26 28 41
3 64 3 51 59 64
41 79 41 79
25 61 25 35 41 50 51 58 61
8 70 8 13 24 30 34 38 70
16 83 16 38 42 64 81 83
4 43 4 8 9 17 25 35 43
25 81 25 79 80 81
8 30 8 9 20 30
27 73 27 29 48 54 73
25 73 25 38 42 51 58 67 73
26 67 26 55 58 67
19 33 19 33
7 75 7 33 51 58 61 75
39 57 39 57
22 43 22 31 43
27 86 27 70 81 83 86
37 86 37 52 64 71 83 86
42 64 42 51 58 61 64
23 66 23 49 51 60 66
35 77 35 39 46 77
13 83 13 60 66 71 83
13 53 13 26 28 35 41 53
9 81 9 57 63 80 81
11 88 11 58 78 84 88
9 61 9 24 43 47 61
1 41 1 19 38 41
28 70 28 41 70
7 32 7 27 32
4 82 4 56 74 82
40 57 40 42 57
78 86 78 81 83 86
25 55 25 35 43 44 55
3 82 3 14 28 64 68 74 82
11 41 11 21 26 28 35 41
6 66 6 21 26 40 51 59 66
27 55 27 29 36 43 44 55
18 63 18 21 42 62 63
42 72 42 57 72
2 78 2 9 60 66 78
11 41 11 20 30 41
23 75 23 32 58 61 75
60 83 60 66 83
4 16 4 8 9 13 16
28 37 28 37
30 55 30 44 55
49 51 49 51
11 64 11 21 59 64
3 58 3 30 39 58
11 72 11 20 30 53 72
3 77 3 14 30 34 38 60 66 77
56 63 56 62 63
8 59 8 34 38 42 51 59
14 78 14 19 78
51 81 51 80 81
14 41 14 34 38 41
13 24 13 24
43 84 43 64 71 84
6 50 6 15 30 41 50
19 89 19 20 77 89
20 45 20 30 34 45
16 53 16 23 44 53
23 61 23 44 61
49 59 49 51 59
11 37 11 20 26 28 37
6 55 6 44 55
6 24 6 16 24
28 43 28 35 43
2 25 2 18 22 25
34 75 34 38 41 50 51 58 61 75
14 37 14 19 33 37
63 80 63 80
35 72 35 41 57 72
35 64 35 39 58 61 64
13 79 13 48 79
38 72 38 42 51 58 67 72
23 54 23 28 37 48 54
26 71 26 55 61 64 71
6 36 6 17 29 36
6 73 6 21 58 67 73
8 88 8 28 87 88
43 52 43 52
13 73 13 14 19 33 37 48 52 67 73
15 34 15 22 34
11 33 11 33
16 52 16 48 52
14 25 14 25
7 29 7 27 29
38 51 38 41 50 51
3 59 3 14 34 44 51 59
28 57 28 41 57
27 71 27 58 64 71
13 86 13 49 72 86
13 47 13 14 19 20 26 28 35 43 47
60 86 60 66 83 86
37 73 37 51 58 73
9 79 9 13 16 29 36 48 79
8 9 8 9
37 48 37 48
34 47 34 47
28 64 28 41 49 51 58 61 64
39 60 39 60
6 29 6 16 29
7 73 7 41 50 51 58 73
27 53 27 29 43 44 53
33 83 33 52 71 83
62 63 62 63
15 34 15 30 34
3 59 3 14 19 21 40 51 59
23 61 23 35 43 44 61
15 30 15 30
59 84 59 64 71 84
30 47 30 34 47
62 89 62 63 83 89
68 82 68 74 82
6 29 6 16 24 29
34 79 34 38 41 79
28 43 28 35 43
14 33 14 19 33
33 52 33 37 52
28 64 28 58 64
21 41 21 26 38 41
14 43 14 25 35 43
2 23 2 13 16 23
20 79 20 55 79
26 67 26 55 67
18 72 18 21 42 57 72
27 67 27 32 58 67
13 44 13 29 43 44
4 88 4 69 87 88
25 47 25 35 43 47
60 86 60 66 78 81 83 86
15 41 15 21 26 28 35 41
16 61 16 40 51 58 61
9 86 9 13 83 86
8 20 8 9 20
18 78 18 22 43 70 72 78
22 37 22 33 37
8 26 8 13 26
33 52 33 52
2 13 2 13
19 59 19 38 42 51 59
26 67 26 55 58 67
6 55 6 15 26 55
11 89 11 20 26 28 35 59 66 83 89
4 30 4 30
49 64 49 51 58 61 64
28 89 28 41 53 72 78 81 83 89
15 57 15 30 44 55 57
1 16 1 13 16
40 51 40 42 51
28 43 28 35 43
23 84 23 37 59 64 71 84
43 47 43 47
15 77 15 58 67 77
22 88 22 33 82 85 88
34 54 34 48 54
20 47 20 32 47
19 58 19 20 26 55 58
27 50 27 34 45 50
7 67 7 42 51 58 67
38 51 38 41 49 51
41 73 41 67 73
6 17 6 17
6 55 6 15 30 34 44 55
13 36 13 24 27 29 36
4 58 4 23 49 51 58
4 23 4 8 13 16 23
43 84 43 47 75 78 84
60 80 60 66 78 80
56 72 56 62 72
16 81 16 44 53 72 78 81
9 29 9 16 24 29
2 37 2 18 21 26 28 37
22 88 22 34 86 88
38 57 38 41 57
9 24 9 16 24
11 88 11 33 72 88
58 71 58 64 71
9 71 9 13 26 40 51 60 66 71
37 66 37 59 66
14 51 14 28 41 49 51
38 41 38 41
28 77 28 35 43 52 77
42 63 42 62 63
37 84 37 49 51 59 66 78 84
60 86 60 66 83 86
13 36 13 36
9 47 9 32 47
37 71 37 51 60 66 71
14 26 14 19 20 26
35 63 35 41 63
23 32 23 32
9 53 9 20 30 53
43 55 43 44 55
1 57 1 39 57
14 41 14 19 38 41
51 73 51 67 73
18 26 18 21 26
20 67 20 30 48 54 67
78 80 78 80
85 88 85 88
34 86 34 44 53 80 81 83 86
56 78 56 78
26 81 26 38 60 66 78 80 81
6 32 6 24 32
9 17 9 17
9 32 9 17 20 32
37 84 37 59 64 71 84
25 81 25 62 72 78 81
34 71 34 59 64 71
28 57 28 37 40 42 57
8 9 8 9
11 51 11 20 32 51
7 80 7 29 43 75 78 80
9 67 9 16 48 52 67
4 30 4 13 16 24 30
41 53 41 53
6 52 6 27 52
6 24 6 16 24
11 77 11 59 66 77
3 57 3 27 34 44 55 57
49 72 49 72
27 80 27 79 80
30 80 30 53 72 78 80
22 58 22 34 38 41 49 51 58
9 17 9 17
1 89 1 7 62 63 80 81 83 89
39 78 39 58 61 75 78
63 80 63 80
6 32 6 16 23 32
21 60 21 26 40 51 60
3 88 3 27 44 78 84 88
26 73 26 40 51 67 73
64 84 64 71 84
51 81 51 67 72 78 80 81
7 79 7 14 28 41 79
31 70 31 43 70
8 63 8 9 17 25 38 41 57 63
8 20 8 13 20
58 61 58 61
7 44 7 29 36 43 44
15 43 15 22 25 35 43
41 81 41 63 80 81
25 79 25 35 41 79
42 58 42 51 58
20 67 20 26 38 42 51 67
34 75 34 38 41 50 51 58 61 75
3 63 3 14 34 38 63
19 63 19 38 63
26 48 26 28 37 48
23 75 23 35 41 50 51 58 61 75
43 86 43 70 72 86
7 44 7 28 35 43 44
13 80 13 48 52 80
64 71 64 71
26 53 26 38 41 53
13 61 13 49 51 58 61
2 63 2 13 29 43 44 55 63
42 60 42 51 60
4 13 4 13
22 63 22 33 37 40 42 62 63
26 73 26 55 67 73
3 64 3 38 41 50 51 64
16 50 16 38 41 50
2 41 2 14 34 38 41
27 84 27 79 84
22 88 22 34 86 88
33 75 33 49 51 58 61 75
20 73 20 55 67 73
33 61 33 51 58 61
28 41 28 35 41
70 81 70 81
57 84 57 78 84
22 64 22 33 37 52 64
23 86 23 57 78 81 83 86
21 58 21 58
3 64 3 51 64
4 64 4 8 41 49 51 59 64
19 51 19 43 44 51
4 78 4 56 78
2 77 2 18 20 66 77
30 48 30 48
40 89 40 72 78 84 89
49 51 49 51
9 54 9 16 48 54
62 72 62 72
43 66 43 44 51 60 66
51 71 51 64 71
7 45 7 15 22 34 45
30 50 30 34 38 41 50
27 83 27 78 80 81 83
49 51 49 51
18 58 18 21 42 51 58
40 57 40 42 57
34 53 34 44 53
15 34 15 22 34
40 57 40 42 57
38 89 38 60 66 77 89
22 33 22 33
18 59 18 20 26 38 42 51 59
1 9 1 2 9
9 66 9 50 59 66
1 70 1 26 42 70
4 41 4 23 28 35 41
8 82 8 62 63 82
31 88 31 56 78 85 88
16 84 16 24 64 71 84
38 89 38 60 66 77 89
41 71 41 70 71
18 34 18 20 30 34
37 54 37 48 54
13 86 13 20 39 60 66 83 86
3 51 3 16 40 42 51
25 80 25 38 41 63 80
22 25 22 25
39 77 39 58 77
14 25 14 25
25 61 25 33 61
31 60 31 39 60
14 51 14 31 43 44 51
25 81 25 63 80 81
19 37 19 21 26 28 37
8 72 8 34 48 72
27 55 27 32 44 55
2 25 2 14 25
46 77 46 77
11 33 11 33
40 57 40 42 57
19 20 19 20
28 43 28 35 43
9 73 9 20 30 54 73
22 78 22 60 66 78
70 83 70 71 83
27 86 27 79 80 83 86
63 86 63 83 86
28 70 28 37 40 42 70
38 72 38 70 72
27 32 27 32
26 79 26 55 79
27 32 27 32
1 16 1 3 16
51 86 51 64 71 83 86
74 88 74 85 88
60 83 60 66 78 80 83
3 43 3 21 26 28 35 43
22 59 22 31 43 44 51 59
26 86 26 80 83 86
18 63 18 20 56 62 63
26 54 26 28 37 48 54
19 41 19 38 41
8 89 8 62 63 83 89
34 50 34 45 50
30 54 30 48 54
43 84 43 44 64 71 84
40 64 40 64
69 88 69 88
7 44 7 32 44
13 47 13 29 36 43 47
30 67 30 39 58 67
37 80 37 49 72 78 80
3 58 3 58
34 67 34 48 54 67
15 41 15 22 34 38 41
37 73 37 48 52 67 73
11 89 11 35 72 78 84 89
64 80 64 80
21 82 21 40 64 71 82
37 66 37 59 66
35 60 35 39 60
6 29 6 17 29
78 83 78 81 83
20 55 20 55
35 58 35 39 58
20 47 20 26 28 35 43 47
8 78 8 41 70 72 78
7 66 7 32 51 60 66
43 81 43 75 80 81
9 36 9 24 29 36
43 44 43 44
42 72 42 51 58 67 72
62 88 62 63 82 85 88
33 61 33 61
2 20 2 18 20
38 58 38 41 50 51 58
23 53 23 32 44 53
3 43 3 16 27 29 43
7 44 7 15 30 34 44
14 64 14 59 64
33 52 33 37 48 52
35 82 35 59 71 82
19 78 19 43 52 67 72 78
28 58 28 49 51 58
27 80 27 44 78 80
3 64 3 58 64
37 66 37 40 42 51 60 66
8 27 8 9 24 27
33 75 33 49 51 58 61 75
15 59 15 30 41 59
64 81 64 81
27 54 27 32 48 54
39 89 39 46 77 89
15 34 15 30 34
64 84 64 71 84
13 54 13 20 32 48 54
31 63 31 43 62 63
6 54 6 16 27 34 45 54
11 58 11 21 42 51 58
4 13 4 8 13
26 84 26 67 72 78 84
38 70 38 42 70
8 9 8 9
7 71 7 56 64 71
34 71 34 45 54 59 64 71
2 88 2 70 72 87 88
13 52 13 26 28 37 48 52
16 54 16 27 29 36 48 54
19 77 19 33 67 77
16 67 16 40 42 51 67
6 71 6 18 22 34 47 61 64 71
33 79 33 37 48 79
6 53 6 31 43 44 53
21 41 21 26 28 41
40 59 40 42 51 59
58 84 58 67 72 78 84
6 47 6 31 43 47
1 30 1 19 20 30
26 73 26 73
3 43 3 16 28 35 43
25 55 25 35 43 44 55
6 48 6 16 27 34 48
7 71 7 32 48 54 71
9 53 9 17 32 53
35 59 35 41 50 51 59
34 44 34 44
18 82 18 59 64 68 74 82
43 44 43 44
30 66 30 41 50 51 60 66
26 75 26 38 42 51 58 61 75
43 83 43 62 63 83
4 57 4 13 26 55 57
27 79 27 29 37 48 79
9 52 9 16 35 43 52
20 55 20 55
20 45 20 30 34 45
30 52 30 34 48 52
19 59 19 38 41 50 51 59
20 83 20 39 57 80 83
3 34 3 9 17 20 30 34
18 41 18 22 34 38 41
4 57 4 13 36 55 57
22 78 22 60 66 78
41 86 41 63 80 83 86
4 72 4 30 54 67 72
7 47 7 28 35 43 47
39 72 39 58 67 72
49 60 49 51 60
37 80 37 59 66 78 80
16 48 16 28 37 48
49 72 49 72
3 30 3 16 24 30
33 81 33 62 63 80 81
37 66 37 40 42 51 60 66
58 75 58 61 75
33 75 33 51 58 61 75
49 72 49 51 67 72
34 48 34 48
34 52 34 45 52
8 51 8 41 49 51
1 89 1 19 78 80 83 89
4 89 4 13 83 89
20 73 20 73
19 64 19 21 26 42 64
21 26 21 26
37 52 37 52
4 13 4 8 13
2 34 2 18 34
23 79 23 55 79
13 36 13 24 27 29 36
4 70 4 8 13 28 35 43 70
19 70 19 38 70
39 82 39 58 61 64 71 82
2 89 2 56 64 71 83 89
27 48 27 29 36 48
13 48 13 16 24 30 34 48
11 70 11 70
28 82 28 68 74 82
33 86 33 78 81 83 86
33 52 33 37 48 52
4 60 4 60
3 60 3 37 49 51 60
31 77 31 39 46 77
3 60 3 14 19 20 32 51 60
28 60 28 49 51 60
6 44 6 16 44
9 48 9 17 29 37 48
16 32 16 27 32
15 37 15 21 26 28 37
2 64 2 9 20 39 58 61 64
18 57 18 20 30 39 57
6 48 6 27 29 48
33 71 33 51 60 66 71
40 78 40 42 51 59 66 78
21 88 21 40 63 83 88
23 73 23 35 39 58 73
3 70 3 15 21 26 42 70
20 47 20 30 34 47
21 51 21 26 28 37 51
22 59 22 25 40 51 59
3 26 3 14 19 20 26
9 54 9 16 27 32 48 54
31 63 31 56 62 63
11 78 11 58 61 75 78
4 64 4 13 20 40 51 58 61 64
35 77 35 59 77
25 55 25 35 43 44 55
15 37 15 21 26 28 37
3 77 3 27 58 67 77
26 84 26 28 41 49 51 67 72 78 84
16 83 16 24 50 59 71 83
35 64 35 59 64
9 54 9 24 32 48 54
11 33 11 33
56 72 56 62 72
14 51 14 25 35 41 49 51
31 43 31 43
30 80 30 54 72 78 80
14 43 14 25 35 43
25 48 25 33 37 48
41 81 41 72 78 80 81
63 86 63 80 81 83 86
2 25 2 23 25
18 59 18 20 30 54 59
27 44 27 32 44
4 34 4 13 16 27 34
16 83 16 44 61 75 80 81 83
30 81 30 54 67 72 78 81
14 20 14 19 20
31 70 31 43 70
6 50 6 16 23 25 35 41 50
18 41 18 20 26 38 41
28 59 28 35 43 44 51 59
34 61 34 45 50 51 58 61
34 83 34 47 80 83
25 53 25 38 41 53
13 71 13 29 70 71
21 37 21 26 28 37
40 88 40 72 78 81 83 86 88
21 60 21 42 51 60
42 57 42 57
8 23 8 9 16 23
41 71 41 66 71
58 80 58 67 72 78 80
31 43 31 43
18 26 18 21 26
23 47 23 35 43 47
9 24 9 16 24
21 88 21 40 63 83 88
41 75 41 49 51 58 61 75
37 80 37 40 42 70 72 78 80
18 33 18 22 25 33
62 63 62 63
13 71 13 48 61 64 71
7 71 7 42 64 71
20 61 20 30 48 61
34 54 34 48 54
6 67 6 27 32 47 67
3 57 3 37 40 42 57
26 50 26 38 41 50
26 50 26 28 41 50
8 78 8 40 60 66 78
6 50 6 30 34 45 50
9 71 9 71
14 25 14 25
20 79 20 79
7 86 7 40 64 71 83 86
31 59 31 43 44 51 59
39 88 39 57 82 85 88
1 63 1 39 57 63
51 75 51 58 61 75
2 70 2 70
3 20 3 14 19 20
38 60 38 42 51 60
11 41 11 21 26 38 41
60 71 60 66 71
31 59 31 43 44 51 59
38 64 38 42 64
20 66 20 30 44 51 60 66
64 83 64 80 83
3 30 3 16 24 30
23 73 23 37 48 54 67 73
21 58 21 40 42 51 58
31 72 31 56 62 72
28 59 28 49 51 59
18 20 18 20
56 63 56 62 63
2 89 2 63 80 81 83 89
8 30 8 9 20 30
19 58 19 38 42 51 58
9 29 9 16 24 29
2 72 2 70 72
23 66 23 37 40 42 51 60 66
27 86 27 53 72 78 81 83 86
1 64 1 13 49 51 58 64
11 89 11 64 80 81 83 89
16 61 16 31 39 58 61
22 58 22 33 37 51 58
28 72 28 49 51 58 67 72
21 37 21 26 28 37
30 44 30 34 44
51 61 51 58 61
27 61 27 29 36 55 58 61
20 55 20 26 28 35 43 44 55
11 64 11 64
2 41 2 13 28 35 41
9 55 9 16 28 35 43 44 55
11 20 11 20
25 47 25 35 43 47
7 47 7 32 47
2 72 2 18 21 40 42 57 72
26 53 26 38 41 53
39 60 39 60
51 86 51 86
15 78 15 21 26 40 51 60 66 78
16 52 16 28 37 52
22 77 22 25 38 41 53 77
9 36 9 16 29 36
31 63 31 39 57 63
11 51 11 20 30 34 45 50 51
2 30 2 14 30
42 82 42 70 82
72 86 72 78 80 83 86
13 55 13 36 43 44 55
22 88 22 62 72 82 85 88
40 58 40 51 58
9 55 9 20 32 44 55
19 43 19 43
19 51 19 33 49 51
25 53 25 38 41 53
57 80 57 78 80
21 51 21 42 51
27 73 27 44 73
57 80 57 72 78 80
3 34 3 14 19 20 30 34
25 48 25 33 37 48
8 25 8 13 14 25
42 77 42 46 77
68 82 68 74 82
8 72 8 28 49 72
8 13 8 13
37 67 37 48 52 67
33 67 33 37 52 67
19 20 19 20
31 59 31 43 44 51 59
2 88 2 33 62 72 82 85 88
26 48 26 28 37 48
51 66 51 60 66
15 63 15 26 28 37 40 63
21 82 21 40 64 71 82
15 43 15 21 26 28 35 43
6 54 6 18 21 26 28 37 48 54
19 60 19 20 32 44 51 60
25 66 25 40 42 51 59 66
18 70 18 34 38 41 70
13 66 13 26 40 51 60 66
58 67 58 67
28 78 28 78
2 88 2 9 16 86 88
38 72 38 42 70 72
39 60 39 60
33 75 33 37 51 58 61 75
15 70 15 30 34 38 70
30 79 30 41 79
11 59 11 20 59
23 53 23 28 41 53
18 51 18 21 26 38 41 49 51
23 73 23 25 38 41 67 73
16 53 16 31 43 44 53
7 67 7 40 51 67
51 86 51 80 81 83 86
6 61 6 30 50 51 58 61
21 64 21 58 64
37 61 37 51 58 61
19 63 19 38 42 57 63
35 64 35 39 58 61 64
63 83 63 80 83
14 57 14 19 33 37 40 42 57
7 66 7 43 44 51 59 66
19 37 19 33 37
39 78 39 60 66 78
40 63 40 42 62 63
30 75 30 50 51 58 61 75
34 55 34 45 55
11 88 11 33 49 51 59 66 71 84 88
9 48 9 32 48
1 25 1 3 9 16 23 25
63 86 63 83 86
72 84 72 78 84
39 64 39 58 64
30 61 30 48 61
38 89 38 70 71 84 89
16 45 16 27 34 45
25 48 25 33 37 48
41 81 41 78 81
18 58 18 21 40 42 51 58
39 64 39 58 64
37 52 37 52
1 16 1 2 9 13 16
25 55 25 35 43 44 55
9 45 9 24 30 34 45
11 82 11 21 26 42 70 72 82
13 61 13 20 26 55 61
64 71 64 71
7 47 7 29 43 47
22 37 22 33 37
4 72 4 41 57 72
25 44 25 35 43 44
3 43 3 27 29 36 43
3 20 3 14 19 20
49 78 49 51 60 66 78
23 32 23 32
11 60 11 35 41 49 51 60
58 75 58 61 75
3 72 3 51 58 67 72
30 61 30 41 49 51 58 61
11 78 11 58 61 75 78
64 84 64 71 84
2 30 2 18 20 30
37 81 37 40 78 81
11 72 11 35 72
15 63 15 30 34 45 63
6 71 6 44 51 59 64 71
13 52 13 28 35 43 52
37 71 37 49 51 58 61 64 71
38 64 38 41 49 51 58 61 64
22 41 22 25 38 41
16 67 16 29 36 48 54 67
8 63 8 13 36 43 44 55 57 63
1 88 1 13 84 88
2 57 2 9 57
2 43 2 31 43
16 83 16 48 72 78 81 83
23 53 23 28 41 53
16 48 16 27 29 48
19 59 19 43 44 51 59
13 54 13 36 48 54
38 41 38 41
22 43 22 43
23 67 23 44 55 58 67
41 86 41 66 78 81 83 86
25 71 25 61 64 71
1 70 1 37 40 42 70
21 60 21 42 51 60
70 83 70 72 78 81 83
28 70 28 41 70
27 79 27 79
33 80 33 49 72 78 80
30 45 30 34 45
85 88 85 88
16 48 16 27 32 48
42 89 42 57 78 80 83 89
14 34 14 30 34
41 50 41 50
13 36 13 36
38 63 38 41 63
8 72 8 13 48 54 72
40 70 40 42 70
35 57 35 39 57
43 79 43 44 55 79
1 59 1 37 48 54 59
2 70 2 31 43 70
37 48 37 48
30 73 30 54 73
22 57 22 34 38 42 57
19 77 19 38 60 66 77
6 17 6 17
21 72 21 42 70 72
28 60 28 41 50 51 60
7 52 7 28 35 43 52
27 54 27 32 48 54
4 57 4 41 57
11 70 11 70
7 29 7 29
35 88 35 82 85 88
31 89 31 43 46 77 89
23 86 23 25 79 83 86
34 81 34 67 72 78 81
13 55 13 28 35 43 44 55
38 41 38 41
59 83 59 64 81 83
2 64 2 14 19 20 59 64
34 61 34 45 50 51 58 61
22 63 22 62 63
41 61 41 50 51 58 61
6 50 6 24 50
46 88 46 77 87 88
14 58 14 42 51 58
27 29 27 29
63 83 63 80 83
11 77 11 21 42 51 59 77
33 84 33 51 60 66 78 84
3 58 3 9 50 51 58
3 26 3 15 26
15 58 15 26 28 49 51 58
3 70 3 27 70
27 67 27 44 55 58 67
15 64 15 58 61 64
8 23 8 9 16 23
35 64 35 43 52 64
26 54 26 28 37 48 54
41 53 41 53
28 70 28 37 40 42 70
3 63 3 38 41 63
26 47 26 28 35 43 47
19 77 19 43 47 67 77
7 53 7 32 44 53
38 88 38 63 82 85 88
9 17 9 17
25 61 25 35 39 58 61
14 88 14 78 84 88
6 17 6 17
35 41 35 41
25 80 25 57 72 78 80
27 44 27 34 44
22 64 22 34 45 64
4 37 4 13 20 26 28 37
64 83 64 80 81 83
8 78 8 34 48 52 78
23 67 23 44 51 58 67
1 82 1 39 57 72 82
13 67 13 26 42 51 67
31 78 31 39 60 66 78
6 44 6 31 43 44
1 60 1 49 51 60
41 80 41 50 60 66 78 80
42 57 42 57
2 64 2 13 49 51 64
34 83 34 45 64 71 83
40 72 40 42 70 72
3 37 3 27 29 36 37
27 75 27 58 61 75
3 26 3 21 26
20 79 20 79
39 88 39 58 61 88
6 81 6 54 67 72 78 80 81
16 61 16 28 41 49 51 58 61
18 64 18 22 59 64
69 88 69 88
2 41 2 14 28 35 41
13 86 13 64 86
34 73 34 47 67 73
43 71 43 70 71
28 77 28 77
6 52 6 31 43 52
34 53 34 44 53
20 47 20 30 34 47
30 50 30 50
22 58 22 25 35 43 44 51 58
41 67 41 67
22 63 22 25 40 42 62 63
72 84 72 78 84
25 53 25 38 41 53
14 72 14 31 43 47 67 72
13 86 13 48 75 83 86
28 70 28 37 40 42 70
18 43 18 21 26 28 35 43
16 54 16 24 27 32 48 54
8 89 8 62 63 80 83 89
20 53 20 32 44 53
25 55 25 35 43 44 55
7 32 7 27 32
20 75 20 26 40 42 51 58 61 75
27 55 27 34 44 55
39 82 39 60 66 71 82
4 34 4 8 34
59 81 59 64 81
37 71 37 40 51 60 66 71
34 48 34 48
16 61 16 23 25 38 42 51 58 61
27 29 27 29
21 43 21 26 28 35 43
58 61 58 61
11 63 11 20 56 62 63
41 79 41 79
13 86 13 60 66 83 86
18 88 18 20 30 80 83 88
34 61 34 44 51 58 61
11 82 11 64 68 74 82
21 70 21 40 42 70
39 60 39 60
38 41 38 41
1 60 1 13 49 51 60
23 52 23 28 37 52
13 55 13 28 35 43 44 55
11 58 11 21 42 51 58
34 67 34 47 67
1 27 1 3 16 24 27
64 86 64 80 81 83 86
7 84 7 14 19 20 59 64 71 84
43 52 43 52
2 20 2 18 20
1 43 1 19 21 26 28 35 43
4 78 4 56 78
30 81 30 48 72 78 81
22 77 22 59 77
37 61 37 51 58 61
59 83 59 71 83
38 77 38 41 66 77
13 75 13 29 36 50 51 58 61 75
22 78 22 43 70 72 78
26 75 26 28 37 51 58 61 75
23 50 23 28 41 50
6 86 6 31 39 58 64 80 83 86
9 47 9 17 29 43 47
39 89 39 60 66 83 89
4 57 4 30 41 57
15 70 15 21 26 28 35 43 70
43 67 43 52 67
18 72 18 21 26 38 70 72
8 26 8 13 20 26
49 60 49 51 60
42 89 42 46 77 89
1 26 1 3 9 13 20 26
43 66 43 44 51 60 66
43 84 43 62 72 78 84
18 26 18 21 26
30 44 30 44
15 51 15 22 31 43 44 51
49 60 49 51 60
8 58 8 34 44 55 58
1 34 1 7 27 34
21 26 21 26
26 55 26 55
62 82 62 74 82
19 41 19 20 26 28 35 41
43 73 43 44 51 67 73
15 41 15 26 38 41
6 71 6 44 51 60 66 71
30 52 30 34 48 52
43 81 43 64 81
37 81 37 72 78 81
3 27 3 16 24 27
19 43 19 43
4 78 4 70 72 78
13 32 13 16 27 32
72 81 72 78 81
56 89 56 62 72 78 80 83 89
30 86 30 48 52 67 72 78 80 83 86
11 72 11 70 72
16 73 16 31 39 58 73
34 80 34 47 80
30 53 30 44 53
23 79 23 25 79
30 44 30 34 44
34 73 34 47 67 73
1 82 1 39 57 72 82
31 77 31 39 58 67 77
21 63 21 26 55 57 63
39 82 39 60 82
64 81 64 80 81
13 48 13 48
56 64 56 64
22 78 22 43 47 75 78
30 48 30 34 48
41 79 41 79
38 41 38 41
19 33 19 33
22 89 22 60 66 71 84 89
27 75 27 34 44 61 75
34 67 34 48 54 67
2 77 2 18 22 34 59 66 77
38 70 38 70
14 26 14 19 20 26
6 73 6 31 39 58 67 73
13 44 13 28 35 43 44
3 41 3 15 30 41
28 78 28 35 39 58 78
9 84 9 17 52 64 71 84
20 83 20 72 78 81 83
9 71 9 13 26 40 51 60 66 71
1 13 1 3 9 13
4 41 4 13 20 26 38 41
6 79 6 18 22 34 48 79
19 88 19 43 87 88
3 13 3 9 13
13 24 13 24
34 44 34 44
58 86 58 78 81 83 86
27 55 27 34 44 55
19 59 19 38 42 51 59
43 44 43 44
27 81 27 58 64 81
2 51 2 31 43 44 51
62 82 62 74 82
15 64 15 58 61 64
1 26 1 13 26
26 84 26 75 78 84
15 43 15 21 26 28 35 43
34 44 34 44
63 80 63 80
34 84 34 47 75 78 84
72 81 72 78 80 81
18 64 18 22 43 44 51 64
25 52 25 35 43 52
27 80 27 78 80
33 79 33 37 48 79
11 51 11 35 41 50 51
43 84 43 75 78 84
15 58 15 30 50 51 58
49 89 49 51 58 64 80 81 83 89
13 67 13 26 42 51 67
18 64 18 20 56 64
22 64 22 25 40 51 64
20 84 20 26 75 78 84
27 32 27 32
2 88 2 9 16 86 88
3 51 3 37 49 51
37 84 37 84
30 53 30 41 53
1 78 1 72 78
37 52 37 48 52
19 26 19 21 26
20 83 20 40 78 80 81 83
49 64 49 51 59 64
1 77 1 3 16 38 60 66 77
20 53 20 30 53
63 80 63 80
27 79 27 44 79
25 84 25 40 78 84
26 53 26 28 41 53
27 45 27 34 45
42 77 42 46 77
26 75 26 38 41 50 51 58 61 75
34 47 34 47
6 44 6 16 44
43 53 43 44 53
31 70 31 43 70
18 26 18 21 26
3 58 3 37 40 42 51 58
34 52 34 48 52
8 72 8 34 48 72
23 75 23 25 40 42 51 58 61 75
7 55 7 29 43 44 55
43 79 43 44 79
41 61 41 50 51 58 61
23 55 23 28 35 43 44 55
25 53 25 38 41 53
9 53 9 20 32 44 53
13 66 13 14 28 49 51 60 66
40 77 40 42 46 77
16 80 16 29 48 72 78 80
20 50 20 30 41 50
30 52 30 48 52
25 50 25 35 41 50
18 37 18 21 26 28 37
14 41 14 34 38 41
9 44 9 32 44
22 77 22 31 39 46 77
22 25 22 25
9 67 9 16 23 44 51 58 67
18 64 18 20 56 64
33 66 33 39 60 66
9 32 9 17 20 32
41 50 41 50
49 51 49 51
60 66 60 66
38 58 38 42 51 58
49 59 49 51 59
30 61 30 34 44 55 61
1 30 1 19 20 30
1 9 1 3 9
14 57 14 31 43 44 55 57
7 54 7 32 48 54
15 41 15 26 38 41
49 58 49 51 58
3 77 3 37 51 67 77
11 26 11 21 26
14 77 14 28 41 49 51 59 66 77
28 43 28 35 43
23 83 23 32 44 51 64 80 81 83
4 89 4 13 26 55 57 72 78 80 83 89
30 54 30 54
1 57 1 2 57
40 82 40 82
41 80 41 53 80
9 83 9 13 49 51 64 80 83
15 51 15 21 42 51
15 30 15 30
28 72 28 41 57 72
6 67 6 37 49 51 58 67
42 57 42 57
31 60 31 39 60
31 60 31 39 60
41 66 41 66
16 32 16 27 32
9 50 9 13 26 28 35 41 50
30 67 30 34 45 52 67
8 43 8 9 20 26 28 35 43
6 48 6 30 48
33 80 33 67 72 78 80
60 66 60 66
26 73 26 55 67 73
7 80 7 42 57 80
16 29 16 24 29
1 30 1 19 20 30
15 34 15 30 34
21 89 21 42 51 59 71 84 89
2 77 2 33 67 77
33 66 33 51 59 66
26 83 26 67 72 78 80 81 83
35 43 35 43
38 72 38 42 57 72
6 32 6 16 24 32
9 83 9 16 28 49 51 80 81 83
11 59 11 35 43 44 51 59
43 44 43 44
6 61 6 30 50 51 58 61
13 80 13 20 32 47 75 80
13 55 13 24 29 36 43 44 55
4 57 4 23 55 57
40 57 40 42 57
26 75 26 38 41 50 51 58 61 75
33 83 33 52 71 83
40 72 40 42 57 72
18 25 18 22 25
63 86 63 80 81 83 86
14 33 14 25 33
23 44 23 32 44
46 77 46 77
27 29 27 29
41 84 41 49 72 78 84
49 58 49 51 58
15 78 15 21 26 67 72 78
1 9 1 3 9
64 84 64 71 84
2 64 2 56 64
62 88 62 63 82 85 88
15 59 15 21 42 51 59
7 73 7 32 44 73
14 63 14 30 41 63
57 84 57 78 84
8 26 8 13 14 19 21 26
22 41 22 34 38 41
13 79 13 16 31 43 44 79
6 61 6 31 39 58 61
42 82 42 57 72 82
33 73 33 49 51 58 67 73
1 59 1 26 38 41 50 51 59
13 29 13 16 27 29
19 82 19 62 72 82
69 88 69 88
20 48 20 30 48
59 81 59 64 81
8 72 8 34 67 72
14 25 14 25
2 16 2 9 16
78 86 78 81 83 86
38 89 38 89
41 71 41 49 51 58 61 64 71
1 82 1 2 13 28 64 71 82
38 82 38 63 82
34 50 34 38 41 50
40 72 40 42 70 72
4 70 4 8 34 38 42 70
4 16 4 8 9 16
4 33 4 23 25 33
3 23 3 16 23
3 30 3 16 24 30
38 41 38 41
30 54 30 48 54
20 83 20 30 48 52 67 72 78 81 83
33 81 33 39 57 78 80 81
59 66 59 66
7 61 7 42 51 58 61
14 51 14 25 38 41 50 51
60 80 60 66 78 80
11 70 11 20 26 28 35 41 70
31 51 31 43 44 51
7 67 7 15 58 67
40 63 40 42 62 63
64 83 64 80 81 83
28 64 28 64
9 45 9 24 30 34 45
16 53 16 28 41 53
34 86 34 38 60 66 83 86
78 86 78 81 83 86
4 34 4 8 34
15 37 15 21 26 28 37
59 86 59 64 71 83 86
30 45 30 34 45
78 80 78 80
30 73 30 54 67 73
3 88 3 38 63 80 81 83 86 88
1 70 1 13 14 30 34 38 41 70
62 82 62 74 82
46 77 46 77
9 45 9 20 30 34 45
13 54 13 48 54
16 29 16 27 29
30 84 30 48 79 84
26 80 26 55 67 72 78 80
58 61 58 61
30 66 30 44 51 60 66
9 50 9 16 28 41 50
1 58 1 49 51 58
1 25 1 2 13 14 25
8 26 8 13 26
7 55 7 15 22 25 35 43 44 55
6 79 6 27 29 43 44 79
51 71 51 58 61 64 71
13 32 13 24 27 32
25 81 25 33 62 63 80 81
28 72 28 37 49 51 67 72
51 67 51 58 67
2 57 2 33 39 57
51 75 51 58 61 75
38 41 38 41
4 60 4 13 24 30 39 60
40 60 40 60
8 30 8 9 24 30
20 44 20 30 34 44
9 45 9 24 30 34 45
59 86 59 86
3 60 3 30 50 51 60
42 63 42 57 63
6 44 6 27 34 44
57 80 57 63 80
43 47 43 47
34 55 34 45 55
20 73 20 73
20 81 20 66 78 80 81
16 52 16 27 32 48 52
4 70 4 41 70
28 63 28 41 57 63
27 66 27 29 36 50 60 66
4 34 4 13 16 27 34
9 84 9 62 72 78 84
4 57 4 30 44 55 57
41 75 41 49 51 58 61 75
2 78 2 9 60 66 78
51 84 51 60 66 71 84
33 67 33 37 52 67
25 48 25 33 37 48
30 66 30 34 59 66
43 52 43 52
15 34 15 22 34
25 83 25 40 42 62 63 80 83
70 83 70 72 78 80 83
31 59 31 43 44 51 59
20 53 20 30 53
16 52 16 28 37 52
41 73 41 49 51 67 73
39 78 39 58 67 72 78
26 50 26 28 41 50
3 78 3 15 26 28 35 43 75 78
18 34 18 20 30 34
8 89 8 62 63 83 89
20 45 20 30 34 45
2 63 2 13 26 28 37 40 63
1 20 1 3 9 20
1 57 1 3 38 41 57
2 63 2 9 17 55 57 63
16 45 16 27 34 45
20 84 20 56 62 72 78 84
25 55 25 35 43 44 55
13 61 13 48 61
16 81 16 29 36 37 40 64 80 81
6 55 6 31 43 44 55
20 61 20 30 39 58 61
72 81 72 78 81
62 78 62 72 78
19 64 19 33 49 51 59 64
28 88 28 68 69 87 88
3 26 3 9 20 26
56 82 56 64 71 82
18 58 18 34 44 55 58
11 63 11 33 62 63
4 41 4 30 34 38 41
18 25 18 22 25
27 81 27 79 80 81
6 66 6 44 51 59 66
20 71 20 30 50 51 60 66 71
21 58 21 26 38 41 50 51 58
28 41 28 35 41
1 37 1 13 16 27 29 36 37
3 43 3 14 19 20 26 28 35 43
37 86 37 59 71 83 86
6 36 6 17 29 36
35 43 35 43
1 64 1 3 9 13 16 44 61 64
34 84 34 79 84
6 44 6 16 35 43 44
30 73 30 50 51 67 73
27 36 27 29 36
59 81 59 66 78 80 81
4 13 4 8 9 13
8 64 8 41 59 64
23 83 23 57 78 80 83
7 29 7 27 29
20 81 20 79 80 81
14 77 14 42 46 77
2 72 2 9 20 26 42 62 72
31 60 31 39 60
43 79 43 44 55 79
6 44 6 27 34 44
22 88 22 34 86 88
15 63 15 22 34 44 55 57 63
41 50 41 50
15 51 15 26 42 51
15 82 15 30 53 72 82
1 20 1 3 9 20
6 75 6 21 42 51 58 61 75
42 77 42 46 77
6 81 6 27 72 78 81
20 67 20 32 44 51 58 67
64 81 64 81
18 37 18 22 25 33 37
30 55 30 44 55
18 78 18 59 66 78
38 89 38 63 83 89
13 44 13 29 43 44
19 72 19 33 51 58 67 72
56 82 56 62 63 82
14 89 14 59 77 89
1 37 1 19 33 37
26 73 26 42 51 58 67 73
39 82 39 58 64 71 82
16 29 16 24 29
13 36 13 16 29 36
20 67 20 30 34 44 55 58 67
38 77 38 41 50 60 66 77
13 86 13 16 44 55 63 80 83 86
27 81 27 79 81
3 78 3 21 40 72 78
30 55 30 34 44 55
3 26 3 21 26
42 72 42 70 72
31 43 31 43
3 58 3 30 44 51 58
9 45 9 16 24 30 34 45
34 79 34 38 41 79
21 63 21 42 57 63
2 13 2 13
16 61 16 48 61
27 80 27 79 80
58 81 58 61 75 80 81
3 30 3 15 30
20 73 20 32 51 58 67 73
23 55 23 55
42 70 42 70
15 78 15 21 26 67 72 78
2 78 2 78
33 84 33 78 84
23 48 23 28 37 48
16 48 16 23 28 37 48
63 83 63 83
11 20 11 20
22 34 22 34
26 44 26 28 35 43 44
4 64 4 30 39 58 61 64
68 88 68 69 88
8 13 8 9 13
9 17 9 17
7 48 7 28 37 48
27 80 27 34 45 63 80
38 59 38 41 49 51 59
4 23 4 23
25 61 25 38 42 51 58 61
37 80 37 40 42 70 72 78 80
70 84 70 72 78 84
23 73 23 35 43 47 67 73
26 67 26 55 67
19 64 19 56 64
16 52 16 35 43 52
13 32 13 16 24 32
43 83 43 52 78 81 83
56 64 56 64
26 66 26 38 60 66
59 71 59 64 71
15 26 15 21 26
42 89 42 62 63 80 81 83 89
42 77 42 51 58 77
22 43 22 43
58 73 58 73
6 61 6 27 34 48 61
2 26 2 14 19 21 26
9 79 9 24 55 79
8 63 8 40 42 57 63
3 9 3 9
49 77 49 51 60 66 77
63 81 63 80 81
3 16 3 9 13 16
4 60 4 49 51 60
59 84 59 64 71 84
2 72 2 9 20 39 58 67 72
26 83 26 42 57 72 78 80 83
8 60 8 41 50 51 60
20 50 20 30 34 45 50
31 43 31 43
28 70 28 37 40 42 70
19 34 19 20 30 34
14 26 14 19 21 26
59 86 59 86
27 32 27 32
18 34 18 20 30 34
23 50 23 35 41 50
33 83 33 37 48 61 64 80 81 83
30 50 30 34 38 41 50
43 66 43 44 51 60 66
6 48 6 27 32 48
57 86 57 78 80 81 83 86
46 89 46 77 89
70 81 70 72 78 80 81
13 48 13 14 25 33 37 48
34 53 34 44 53
40 78 40 42 57 72 78
28 89 28 46 77 89
15 77 15 46 77
20 47 20 30 34 47
18 41 18 21 26 38 41
11 60 11 35 39 60
40 63 40 42 57 63
3 59 3 38 41 50 51 59
35 64 35 39 58 61 64
19 33 19 33
3 30 3 15 30
18 60 18 20 39 60
13 66 13 29 37 51 60 66
62 82 62 63 82
64 71 64 71
57 80 57 63 80
20 45 20 30 34 45
35 60 35 41 49 51 60
33 48 33 37 48
26 81 26 38 42 70 81
6 45 6 17 20 30 34 45
51 81 51 80 81
4 72 4 70 72
1 78 1 39 60 66 78
19 64 19 33 49 51 59 64
9 73 9 32 51 67 73
26 53 26 38 41 53
33 48 33 37 48
7 84 7 14 19 20 59 64 71 84
21 60 21 26 42 51 60
42 77 42 51 58 77
33 75 33 49 51 58 61 75
9 84 9 16 31 39 58 64 71 84
11 51 11 33 37 49 51
6 79 6 17 29 43 44 79
21 88 21 42 46 77 88
16 86 16 28 64 86
30 47 30 34 47
20 66 20 59 66
2 37 2 33 37
8 20 8 13 14 19 20
9 84 9 50 59 71 84
3 64 3 9 32 47 61 64
14 78 14 28 49 51 67 72 78
33 71 33 52 64 71
31 78 31 39 58 61 75 78
63 86 63 83 86
16 67 16 27 44 55 58 67
3 37 3 21 26 28 37
1 30 1 19 20 30
6 54 6 17 33 37 48 54
6 73 6 31 43 52 67 73
2 88 2 56 64 81 83 86 88
51 61 51 58 61
43 81 43 70 72 78 80 81
26 80 26 42 51 58 67 72 78 80
38 60 38 60
26 75 26 75
31 78 31 39 60 66 78
43 83 43 52 78 81 83
43 81 43 64 81
4 25 4 23 25
16 86 16 27 44 53 72 78 80 81 83 86
19 89 19 33 61 75 78 81 83 89
60 83 60 66 83
19 43 19 43
16 81 16 24 54 59 66 78 80 81
8 89 8 62 63 83 89
15 64 15 30 44 61 64
23 53 23 28 35 41 53
6 86 6 79 83 86
18 25 18 22 25
9 54 9 16 27 32 48 54
27 55 27 44 55
14 77 14 25 38 41 66 77
3 41 3 9 16 38 41
14 64 14 30 50 59 64
3 27 3 16 27
9 50 9 50
25 48 25 33 37 48
56 64 56 64
18 63 18 34 44 55 57 63
38 89 38 42 62 72 78 80 83 89
18 58 18 34 38 42 51 58
8 58 8 34 44 51 58
27 32 27 32
70 83 70 72 78 80 83
34 79 34 48 79
16 66 16 24 54 59 66
1 59 1 37 48 54 59
23 67 23 49 51 67
13 54 13 29 36 37 48 54
37 48 37 48
1 34 1 19 20 30 34
30 80 30 48 61 75 80
4 70 4 70
7 73 7 40 51 58 67 73
42 57 42 57
56 72 56 62 72
49 77 49 51 60 66 77
25 53 25 38 41 53
1 82 1 49 51 64 82
41 71 41 49 51 58 61 64 71
37 67 37 49 51 67
23 67 23 37 48 54 67
16 53 16 31 43 44 53
35 88 35 41 70 88
34 61 34 48 61
25 73 25 38 41 50 51 67 73
35 89 35 89
57 81 57 80 81
1 82 1 39 58 68 74 82
16 44 16 27 44
9 17 9 17
34 53 34 44 53
2 43 2 9 16 24 27 29 36 43
43 47 43 47
9 32 9 13 24 27 32
1 7 1 7
43 55 43 44 55
26 61 26 40 42 51 58 61
14 57 14 30 44 55 57
15 43 15 21 26 28 35 43
2 64 2 23 44 55 58 64
28 43 28 35 43
22 60 22 43 44 51 60
7 55 7 32 44 55
6 80 6 79 80
6 52 6 30 48 52
18 60 18 34 45 50 51 60
15 58 15 58
23 79 23 35 41 79
72 86 72 78 81 83 86
1 60 1 26 38 41 50 51 60
23 53 23 25 35 43 44 53
74 82 74 82
64 86 64 80 81 83 86
11 58 11 33 37 49 51 58
21 37 21 26 28 37
23 83 23 57 78 80 83
23 52 23 32 48 52
42 70 42 70
8 34 8 13 24 30 34
20 79 20 30 34 45 55 79
41 67 41 49 51 67
19 59 19 38 41 50 51 59
27 45 27 34 45
25 83 25 79 80 83
56 82 56 64 71 82
21 88 21 42 64 68 69 87 88
1 13 1 3 9 13
7 44 7 15 30 34 44
6 52 6 15 22 33 37 52
72 84 72 78 84
22 70 22 25 35 43 70
6 44 6 31 43 44
43 61 43 47 61
2 9 2 9
3 41 3 21 26 28 41
62 78 62 72 78
4 25 4 13 14 25
26 84 26 28 41 49 51 67 72 78 84
13 66 13 28 37 51 60 66
33 75 33 37 48 61 75
11 89 11 33 51 67 72 78 81 83 89
23 83 23 49 51 80 81 83
7 86 7 28 49 72 86
8 33 8 13 16 23 25 33
18 20 18 20
11 59 11 20 32 48 54 59
35 43 35 43
62 88 62 63 80 81 83 86 88
3 82 3 38 60 82
41 81 41 72 78 81
27 83 27 70 72 78 80 81 83
35 82 35 43 70 82
60 71 60 66 71
34 48 34 48
23 83 23 57 78 81 83
2 64 2 9 17 55 58 61 64
9 83 9 71 83
2 25 2 18 22 25
41 73 41 67 73
7 53 7 28 41 53
63 86 63 80 81 83 86
31 88 31 39 87 88
27 73 27 29 43 44 73
8 88 8 34 67 72 82 85 88
30 66 30 41 49 51 59 66
16 29 16 27 29
8 51 8 41 50 51
2 59 2 14 42 51 59
7 80 7 15 30 80
26 67 26 28 37 51 58 67
18 41 18 21 26 28 35 41
1 57 1 39 57
3 26 3 9 17 20 26
42 82 42 51 58 64 82
23 61 23 28 58 61
23 54 23 25 33 37 48 54
8 26 8 13 26
4 78 4 60 66 78
40 60 40 60
11 57 11 33 39 57
56 89 56 64 71 84 89
8 57 8 40 42 57
19 59 19 21 42 51 59
9 54 9 32 48 54
9 80 9 60 66 78 80
41 61 41 50 51 58 61
22 70 22 31 43 70
59 80 59 64 80
15 70 15 21 42 70
25 79 25 33 37 48 79
9 54 9 32 48 54
57 86 57 63 80 81 83 86
38 70 38 70
2 82 2 13 20 30 68 74 82
30 52 30 34 45 52
63 80 63 80
27 61 27 29 48 61
31 43 31 43
15 64 15 26 40 42 51 58 64
14 37 14 28 37
42 64 42 51 58 61 64
13 84 13 28 64 71 84
30 71 30 50 60 66 71
14 63 14 42 62 63
9 67 9 16 23 44 51 58 67
11 58 11 21 58
9 81 9 50 60 66 78 80 81
41 84 41 57 72 78 84
16 55 16 29 36 55
43 83 43 44 51 58 67 72 78 81 83
31 60 31 43 44 51 60
3 37 3 21 26 28 37
7 84 7 62 72 78 84
34 47 34 47
40 59 40 51 59
7 73 7 41 49 51 58 73
9 52 9 13 20 26 28 37 48 52
3 72 3 9 17 20 30 53 72
9 73 9 50 51 67 73
20 53 20 30 53
7 84 7 62 72 78 84
49 51 49 51
35 58 35 43 44 51 58
33 73 33 37 48 54 67 73
31 70 31 43 70
16 79 16 27 29 48 79
38 82 38 70 71 82
38 57 38 41 57
14 78 14 42 62 72 78
8 16 8 13 16
25 80 25 62 72 78 80
78 83 78 81 83
14 37 14 28 37
14 77 14 42 46 77
9 32 9 16 27 32
14 41 14 34 38 41
23 84 23 35 72 78 84
16 44 16 29 36 43 44
41 81 41 70 81
30 86 30 34 79 86
56 63 56 62 63
13 29 13 16 24 29
16 73 16 73
34 81 34 79 81
68 82 68 74 82
33 48 33 37 48
64 81 64 80 81
20 66 20 39 60 66
20 45 20 30 34 45
27 53 27 44 53
7 81 7 43 44 78 80 81
6 75 6 17 55 58 61 75
43 75 43 44 61 75
34 44 34 44
28 88 28 37 72 86 88
37 71 37 51 58 64 71
30 81 30 53 80 81
20 83 20 30 80 81 83
43 52 43 52
18 25 18 22 25
2 23 2 23
38 60 38 41 50 60
3 27 3 9 24 27
26 84 26 40 51 64 71 84
23 79 23 35 43 44 55 79
9 66 9 32 48 54 59 66
11 58 11 33 37 49 51 58
43 80 43 70 72 78 80
2 58 2 9 20 26 38 41 50 51 58
11 89 11 77 89
9 86 9 20 40 72 86
51 61 51 58 61
18 63 18 34 38 63
34 73 34 47 67 73
26 84 26 28 58 61 64 71 84
40 70 40 42 70
11 37 11 20 26 28 37
19 51 19 43 44 51
7 84 7 14 19 20 59 64 71 84
18 33 18 22 25 33
26 79 26 55 79
15 72 15 58 67 72
34 73 34 44 51 67 73
42 82 42 51 60 82
23 81 23 49 51 64 80 81
9 81 9 50 51 60 66 78 80 81
43 52 43 52
41 81 41 70 72 78 81
15 72 15 21 26 38 70 72
59 83 59 71 83
78 84 78 84
49 88 49 69 88
31 60 31 43 44 51 60
37 61 37 51 58 61
30 55 30 44 55
14 88 14 25 35 82 85 88
27 84 27 79 84
23 67 23 25 40 42 51 67
13 55 13 26 28 35 43 44 55
3 34 3 15 22 34
14 63 14 28 37 40 63
40 82 40 68 74 82
22 64 22 34 45 64
18 37 18 21 26 28 37
25 54 25 33 37 48 54
41 84 41 50 59 64 71 84
35 51 35 41 49 51
28 43 28 35 43
14 63 14 30 44 55 63
33 52 33 37 48 52
40 89 40 51 60 66 77 89
62 63 62 63
28 63 28 35 56 62 63
22 43 22 31 43
87 88 87 88
8 70 8 41 70
46 88 46 77 87 88
42 89 42 64 80 83 89
72 80 72 78 80
14 30 14 30
22 63 22 62 63
34 47 34 47
13 48 13 16 24 30 34 48
58 75 58 61 75
9 55 9 13 14 34 44 55
18 20 18 20
15 30 15 30
8 60 8 40 42 51 60
20 55 20 26 55
13 36 13 24 27 29 36
23 83 23 32 58 78 81 83
38 51 38 41 50 51
21 41 21 26 38 41
16 55 16 23 44 55
33 52 33 37 52
20 44 20 32 44
70 86 70 71 83 86
4 23 4 8 9 13 16 23
20 84 20 26 75 78 84
11 51 11 33 51
7 84 7 64 71 84
8 33 8 13 14 25 33
11 26 11 21 26
22 63 22 33 62 63
7 36 7 29 36
37 66 37 49 51 60 66
7 81 7 43 70 72 78 81
6 53 6 21 26 28 41 53
6 75 6 54 75
23 53 23 28 41 53
2 16 2 9 13 16
41 71 41 50 60 66 71
18 82 18 34 47 75 82
31 60 31 39 60
22 37 22 33 37
27 45 27 34 45
20 73 20 39 58 73
6 52 6 15 21 26 28 37 48 52
11 26 11 20 26
4 16 4 8 9 16
51 66 51 60 66
51 66 51 60 66
27 52 27 52
38 72 38 70 72
27 67 27 52 67
39 57 39 57
72 81 72 78 81
2 30 2 14 19 20 30
40 89 40 72 78 84 89
7 32 7 27 32
13 79 13 36 43 44 79
59 71 59 71
43 81 43 47 61 64 81
6 54 6 30 34 45 54
14 30 14 19 20 30
3 41 3 30 41
26 80 26 67 72 78 80
7 67 7 28 35 39 58 67
51 84 51 67 72 78 84
18 30 18 20 30
1 78 1 78
13 32 13 24 27 32
59 84 59 71 84
41 67 41 67
49 72 49 72
58 84 58 61 75 78 84
27 44 27 34 44
4 82 4 23 32 53 72 82
15 57 15 22 33 39 57
25 75 25 61 75
8 70 8 28 41 70
23 81 23 35 63 80 81
25 80 25 40 51 60 66 78 80
1 9 1 2 9
15 57 15 26 40 42 57
20 53 20 30 34 38 41 53
31 43 31 43
7 45 7 27 34 45
18 58 18 34 38 42 51 58
7 52 7 43 52
40 77 40 42 51 59 77
35 64 35 56 64
39 58 39 58
33 54 33 37 48 54
2 64 2 18 20 40 51 64
13 47 13 14 28 35 43 47
18 33 18 22 33
58 61 58 61
6 53 6 30 41 53
26 71 26 38 42 70 71
26 80 26 80
15 37 15 26 28 37
21 43 21 26 28 35 43
56 72 56 62 72
57 86 57 63 83 86
37 80 37 52 67 72 78 80
49 78 49 51 60 66 78
26 84 26 42 64 71 84
22 82 22 33 52 64 71 82
14 78 14 25 35 43 62 72 78
1 63 1 37 40 42 62 63
41 81 41 70 72 78 81
60 83 60 66 71 83
37 79 37 48 79
35 64 35 41 49 51 64
8 13 8 13
2 27 2 13 24 27
2 59 2 9 50 51 59
6 75 6 17 20 40 42 51 58 61 75
38 57 38 42 57
27 50 27 29 36 50
1 70 1 3 38 42 70
15 78 15 26 28 41 78
42 70 42 70
39 64 39 58 61 64
15 88 15 46 77 87 88
30 61 30 34 47 61
27 32 27 32
18 30 18 20 30
3 89 3 51 64 81 83 89
40 77 40 51 67 77
35 88 35 59 86 88
26 75 26 40 51 58 61 75
16 24 16 24
2 64 2 33 37 49 51 58 61 64
8 13 8 9 13
6 44 6 31 43 44
3 77 3 30 50 60 66 77
22 57 22 25 57
27 75 27 34 45 55 58 61 75
43 55 43 44 55
21 51 21 40 51
13 54 13 36 37 48 54
15 25 15 22 25
30 53 30 44 53
20 53 20 30 34 38 41 53
16 84 16 44 55 79 84
41 81 41 63 80 81
42 88 42 87 88
56 89 56 62 72 78 80 83 89
26 47 26 28 35 43 47
41 71 41 50 59 64 71
87 88 87 88
1 70 1 3 38 42 70
26 53 26 38 41 53
41 73 41 50 51 58 67 73
56 82 56 62 72 82
41 67 41 67
7 44 7 43 44
34 67 34 48 54 67
13 80 13 48 52 80
49 60 49 51 60
9 84 9 24 29 43 70 71 84
7 44 7 27 44
9 75 9 13 14 34 48 54 75
62 72 62 72
11 58 11 35 41 49 51 58
8 64 8 58 61 64
23 79 23 28 35 41 79
18 25 18 22 25
35 58 35 41 49 51 58
13 71 13 29 43 70 71
19 43 19 21 26 28 35 43
30 79 30 41 79
43 75 43 47 75
9 36 9 13 36
26 86 26 75 78 80 83 86
6 73 6 15 30 34 67 73
2 58 2 31 39 58
34 53 34 44 53
27 86 27 70 81 83 86
63 86 63 80 81 83 86
15 57 15 30 41 57
18 70 18 22 25 40 42 70
25 83 25 38 63 80 83
22 59 22 59
51 83 51 67 72 78 80 81 83
43 67 43 47 67
13 71 13 48 61 64 71
27 80 27 34 45 63 80
34 84 34 44 79 84
3 77 3 27 58 67 77
37 67 37 52 67
15 57 15 22 31 43 44 55 57
11 57 11 35 43 44 55 57
9 29 9 24 27 29
8 26 8 13 20 26
27 53 27 44 53
60 86 60 66 71 83 86
18 78 18 59 66 78
30 53 30 34 38 41 53
20 47 20 26 28 35 43 47
15 51 15 21 26 38 41 49 51
3 41 3 15 30 41
43 81 43 47 75 78 81
23 79 23 25 79
23 73 23 32 48 52 67 73
1 9 1 3 9
41 83 41 63 83
19 64 19 21 26 42 64
25 66 25 38 41 50 59 66
26 80 26 55 67 72 78 80
28 77 28 35 43 44 53 77
20 44 20 26 28 35 43 44
13 66 13 26 40 51 60 66
6 81 6 15 26 55 61 75 78 81
78 81 78 81
28 57 28 37 40 42 57
41 86 41 66 78 81 83 86
4 78 4 30 41 78
60 66 60 66
13 84 13 64 71 84
18 43 18 22 25 35 43
19 26 19 21 26
20 44 20 26 28 35 43 44
34 84 34 45 54 67 72 78 84
14 41 14 25 35 41
19 51 19 38 42 51
37 66 37 59 66
72 83 72 78 80 83
13 53 13 20 30 53
33 71 33 39 58 61 64 71
42 58 42 51 58
13 50 13 24 34 45 50
7 32 7 14 19 20 32
7 44 7 28 35 43 44
34 50 34 38 41 50
3 72 3 37 51 67 72
49 78 49 51 60 66 78
34 50 34 38 41 50
40 57 40 42 57
11 26 11 21 26
9 80 9 16 23 28 58 67 72 78 80
15 60 15 26 40 60
16 52 16 27 32 48 52
59 84 59 66 78 84
37 73 37 40 42 51 58 67 73
22 57 22 34 45 55 57
7 54 7 32 48 54
13 29 13 29
27 86 27 58 78 81 83 86
64 71 64 71
6 66 6 31 43 44 51 59 66
4 34 4 8 9 20 30 34
23 71 23 28 58 61 64 71
6 36 6 27 29 36
20 67 20 40 42 51 67
1 7 1 7
9 53 9 13 36 43 44 53
37 52 37 52
9 36 9 13 29 36
18 77 18 59 66 77
33 84 33 52 71 84
39 82 39 57 74 82
57 80 57 63 80
16 66 16 44 51 59 66
16 66 16 35 39 60 66
21 82 21 58 61 64 71 82
64 86 64 71 83 86
25 47 25 35 43 47
22 33 22 25 33
13 50 13 24 34 38 41 50
38 78 38 60 66 78
2 26 2 14 19 21 26
9 52 9 13 20 26 28 37 48 52
59 71 59 71
3 78 3 27 32 51 59 66 78
23 81 23 35 63 80 81
20 55 20 32 44 55
18 63 18 21 40 63
23 75 23 28 35 41 49 51 58 61 75
23 67 23 32 47 67
27 53 27 44 53
6 48 6 15 22 25 33 37 48
21 58 21 40 51 58
9 32 9 24 27 32
85 88 85 88
21 63 21 42 62 63
20 84 20 26 75 78 84
41 79 41 79
38 63 38 42 62 63
60 83 60 66 78 80 81 83
38 63 38 41 63
4 59 4 13 49 51 59
15 89 15 22 60 66 83 89
9 80 9 13 36 59 64 80
20 66 20 30 54 59 66
30 52 30 34 48 52
58 83 58 64 80 81 83
2 27 2 13 24 27
35 72 35 39 58 67 72
19 43 19 20 26 28 35 43
6 83 6 71 83
14 77 14 28 41 49 51 59 66 77
11 43 11 21 26 28 35 43
38 82 38 60 82
28 77 28 58 67 77
56 78 56 78
27 36 27 29 36
4 82 4 30 54 59 64 82
2 59 2 31 43 44 51 59
38 82 38 60 66 71 82
25 71 25 38 42 64 71
43 84 43 44 64 71 84
59 80 59 66 78 80
26 84 26 40 42 51 60 66 78 84
21 59 21 40 51 59
51 71 51 64 71
42 78 42 62 72 78
62 88 62 72 86 88
8 25 8 13 14 25
33 67 33 39 58 67
34 53 34 38 41 53
26 50 26 28 35 41 50
64 86 64 81 83 86
6 52 6 31 43 52
34 73 34 45 67 73
42 60 42 51 60
8 70 8 41 70
20 61 20 30 44 55 58 61
59 86 59 71 83 86
3 77 3 30 50 60 66 77
33 75 33 49 51 58 61 75
68 82 68 74 82
2 27 2 13 24 27
27 66 27 29 36 50 60 66
57 83 57 72 78 81 83
15 88 15 58 77 87 88
8 9 8 9
38 51 38 42 51
38 59 38 41 59
25 54 25 33 37 48 54
2 77 2 33 67 77
9 83 9 60 66 83
15 57 15 22 31 43 44 55 57
15 78 15 22 34 38 41 59 66 78
27 52 27 34 45 52
1 37 1 19 21 26 28 37
56 88 56 82 85 88
23 48 23 25 33 37 48
72 80 72 78 80
26 61 26 40 42 51 58 61
11 41 11 20 30 41
13 50 13 20 30 41 50
59 71 59 66 71
26 55 26 28 35 43 44 55
27 45 27 34 45
51 86 51 86
22 59 22 59
7 71 7 15 21 26 40 64 71
3 59 3 51 59
26 71 26 38 70 71
9 44 9 16 29 43 44
30 79 30 48 79
9 48 9 16 28 37 48
34 83 34 67 72 78 80 83
38 82 38 63 82
3 51 3 38 41 49 51
38 41 38 41
30 81 30 50 51 64 81
26 80 26 28 49 51 80
2 59 2 33 49 51 59
2 13 2 13
64 83 64 81 83
16 48 16 23 32 48
20 86 20 72 86
30 50 30 34 38 41 50
39 64 39 58 64
20 75 20 39 58 61 75
18 37 18 20 26 28 37
22 70 22 43 70
14 63 14 42 62 63
7 67 7 29 37 51 67
6 83 6 18 34 79 81 83
4 23 4 8 9 13 16 23
30 75 30 48 54 75
40 78 40 42 51 60 66 78
43 53 43 44 53
13 84 13 20 55 61 75 78 84
40 57 40 42 57
35 78 35 59 66 78
6 71 6 71
28 60 28 49 51 60
34 50 34 45 50
31 64 31 39 58 64
68 88 68 69 87 88
28 89 28 64 71 83 89
19 78 19 20 66 78
14 64 14 30 39 58 61 64
41 61 41 50 51 58 61
14 43 14 31 43
13 50 13 20 26 38 41 50
14 82 14 28 37 59 64 68 74 82
1 20 1 7 14 19 20
43 79 43 44 55 79
9 36 9 17 29 36
26 71 26 38 70 71
3 63 3 38 42 62 63
60 83 60 66 71 83
1 33 1 2 9 16 23 25 33
15 43 15 22 43
38 41 38 41
51 83 51 58 64 81 83
15 33 15 22 33
8 27 8 13 16 24 27
26 54 26 28 37 48 54
25 50 25 38 41 50
43 83 43 62 63 83
30 53 30 44 53
14 33 14 19 33
15 72 15 26 55 67 72
6 67 6 37 49 51 58 67
33 79 33 37 48 79
1 13 1 2 13
40 58 40 42 51 58
11 51 11 35 43 44 51
19 60 19 33 51 60
8 88 8 62 74 82 85 88
41 73 41 50 51 58 73
4 13 4 13
2 30 2 9 16 24 30
26 48 26 28 37 48
15 26 15 21 26
2 27 2 9 24 27
16 29 16 27 29
7 45 7 27 34 45
35 88 35 41 78 80 81 83 88
42 72 42 57 72
20 80 20 26 55 63 80
34 52 34 48 52
25 80 25 62 72 78 80
3 72 3 27 44 51 58 67 72
56 63 56 62 63
37 84 37 40 78 84
41 86 41 79 86
2 20 2 14 19 20
11 70 11 33 37 40 42 70
56 72 56 62 72
21 89 21 42 51 64 71 84 89
33 75 33 51 58 61 75
34 55 34 45 55
74 88 74 85 88
19 43 19 43
8 16 8 9 16
56 89 56 64 71 84 89
6 47 6 15 21 26 28 35 43 47
1 89 1 3 9 50 60 66 83 89
34 61 34 47 61
3 9 3 9
70 71 70 71
37 75 37 49 51 58 61 75
39 57 39 57
26 44 26 28 35 43 44
39 60 39 60
23 80 23 49 51 67 72 78 80
14 58 14 19 33 51 58
51 81 51 58 61 64 81
4 72 4 49 72
31 43 31 43
4 77 4 77
16 52 16 23 32 48 52
21 72 21 40 51 67 72
42 59 42 51 59
51 86 51 67 72 78 81 83 86
69 88 69 87 88
35 64 35 39 58 61 64
11 34 11 20 30 34
25 79 25 79
23 44 23 44
64 86 64 86
15 64 15 21 40 64
15 77 15 58 67 77
31 89 31 56 78 81 83 89
21 78 21 40 72 78
4 26 4 13 26
25 48 25 33 37 48
70 81 70 81
40 88 40 82 85 88
40 77 40 42 51 67 77
7 86 7 32 51 64 86
70 86 70 81 83 86
1 23 1 2 13 16 23
15 70 15 30 41 70
2 20 2 18 20
39 64 39 58 61 64
41 71 41 66 71
4 63 4 8 13 29 37 40 63
3 34 3 14 19 20 30 34
43 52 43 52
27 52 27 29 48 52
7 47 7 32 47
39 82 39 60 66 71 82
6 24 6 24
14 58 14 30 44 51 58
43 55 43 44 55
87 88 87 88
49 77 49 51 67 77
14 70 14 42 70
22 63 22 33 37 40 42 62 63
33 67 33 49 51 67
20 73 20 26 28 41 49 51 67 73
16 79 16 24 32 48 79
4 41 4 41
41 71 41 70 71
19 37 19 20 26 28 37
20 66 20 30 44 51 60 66
23 79 23 32 48 79
22 63 22 62 63
34 84 34 45 57 78 84
3 77 3 14 59 66 77
34 54 34 48 54
51 84 51 64 71 84
16 47 16 23 25 35 43 47
6 48 6 27 32 48
8 23 8 9 13 16 23
8 77 8 41 59 66 77
70 71 70 71
14 77 14 25 35 43 46 77
8 34 8 13 20 30 34
19 41 19 20 26 28 35 41
8 72 8 9 24 34 44 51 67 72
30 75 30 39 58 61 75
16 48 16 23 28 37 48
3 30 3 9 17 20 30
25 61 25 40 42 51 58 61
21 57 21 42 57
27 83 27 52 83
3 23 3 9 13 16 23
41 81 41 57 80 81
78 83 78 80 81 83
2 16 2 9 13 16
13 52 13 28 35 43 52
35 89 35 59 66 71 83 89
4 25 4 8 9 16 23 25
72 84 72 78 84
41 80 41 70 72 78 80
49 72 49 72
8 20 8 13 20
22 72 22 31 43 62 72
72 84 72 78 84
20 79 20 79
16 52 16 28 37 52
3 77 3 15 26 40 42 46 77
22 88 22 62 72 82 85 88
56 72 56 62 72
27 73 27 29 48 54 73
3 63 3 38 42 62 63
40 78 40 42 51 60 66 78
43 47 43 47
37 73 37 48 52 67 73
18 58 18 20 39 58
23 73 23 35 39 58 67 73
11 26 11 21 26
1 25 1 7 15 22 25
23 55 23 35 43 44 55
30 66 30 44 51 59 66
7 80 7 15 22 34 45 55 61 75 78 80
49 51 49 51
20 67 20 26 42 51 67
7 53 7 28 41 53
51 83 51 58 67 72 78 80 83
26 80 26 42 51 80
18 30 18 20 30
6 24 6 16 24
41 53 41 53
58 71 58 64 71
28 63 28 37 40 63
64 71 64 71
42 72 42 51 58 67 72
7 84 7 84
37 66 37 51 60 66
26 71 26 42 51 59 66 71
3 20 3 14 19 20
8 57 8 34 38 41 57
6 75 6 18 20 39 58 61 75
25 71 25 35 39 58 64 71
4 78 4 23 32 51 60 66 78
56 64 56 64
25 75 25 40 51 58 61 75
31 72 31 56 62 72
31 43 31 43
63 81 63 80 81
33 52 33 37 48 52
27 81 27 72 78 81
43 73 43 52 67 73
13 29 13 29
56 89 56 78 84 89
42 64 42 51 64
1 72 1 7 32 58 67 72
64 80 64 80
6 83 6 30 48 54 59 71 83
2 23 2 9 13 16 23
27 61 27 29 37 40 51 58 61
3 23 3 9 16 23
11 59 11 33 37 40 42 51 59
25 44 25 35 43 44
4 77 4 8 13 48 52 77
68 88 68 69 87 88
15 63 15 21 40 42 57 63
4 41 4 30 41
1 63 1 37 40 42 62 63
35 82 35 63 82
27 84 27 72 78 84
42 88 42 64 81 83 86 88
13 67 13 24 43 44 55 58 67
23 81 23 37 40 72 78 81
38 78 38 70 72 78
18 51 18 22 25 40 42 51
33 84 33 62 72 78 84
26 86 26 80 83 86
70 83 70 81 83
16 52 16 48 52
39 77 39 46 77
7 79 7 27 34 38 41 79
7 44 7 28 35 43 44
37 84 37 59 64 71 84
6 83 6 30 54 78 80 83
8 9 8 9
40 89 40 64 80 81 83 89
57 81 57 80 81
35 51 35 41 49 51
22 37 22 25 33 37
4 78 4 49 51 60 66 78
18 82 18 21 42 51 60 66 71 82
23 83 23 49 51 67 72 78 81 83
2 60 2 9 24 34 45 50 51 60
18 41 18 20 26 38 41
49 51 49 51
22 25 22 25
28 51 28 49 51
11 33 11 33
22 37 22 25 33 37
16 44 16 28 35 43 44
43 80 43 52 64 80
16 44 16 44
28 37 28 37
58 83 58 78 81 83
19 82 19 56 64 71 82
35 70 35 41 70
49 77 49 51 67 77
23 32 23 32
37 79 37 48 79
62 72 62 72
8 33 8 9 13 14 25 33
6 61 6 16 28 49 51 58 61
43 71 43 70 71
59 80 59 66 78 80
51 80 51 58 78 80
9 36 9 17 29 36
27 29 27 29
34 66 34 44 51 59 66
9 67 9 16 40 42 51 58 67
15 64 15 21 26 28 49 51 64
15 64 15 58 64
57 81 57 63 80 81
64 81 64 80 81
26 52 26 28 37 48 52
42 58 42 51 58
18 41 18 22 34 38 41
31 59 31 43 44 51 59
19 33 19 33
51 75 51 58 61 75
42 59 42 51 59
43 53 43 44 53
34 75 34 38 41 50 51 58 61 75
7 48 7 15 26 28 37 48
8 30 8 13 20 30
35 63 35 43 62 63
8 27 8 13 16 27
2 59 2 14 25 40 42 51 59
13 79 13 28 35 41 79
9 47 9 32 47
13 83 13 60 66 78 81 83
30 86 30 80 81 83 86
64 81 64 81
15 37 15 22 33 37
25 84 25 61 75 78 84
6 24 6 16 24
18 78 18 20 26 55 61 75 78
26 61 26 38 41 50 51 58 61
26 86 26 28 64 80 83 86
43 75 43 75
9 52 9 16 29 48 52
69 88 69 87 88
1 77 1 3 16 38 60 66 77
38 70 38 42 70
43 67 43 52 67
9 71 9 71
9 50 9 50
37 66 37 49 51 60 66
14 58 14 34 45 55 58
59 83 59 64 81 83
1 72 1 39 57 72
39 88 39 46 77 88
19 26 19 20 26
2 51 2 23 37 51
19 30 19 20 30
59 83 59 66 83
28 57 28 41 57
63 86 63 83 86
20 86 20 56 78 80 83 86
26 54 26 28 37 48 54
14 88 14 77 87 88
15 60 15 30 39 60
20 53 20 32 44 53
1 70 1 13 36 37 40 42 70
37 54 37 48 54
31 57 31 39 57
14 70 14 70
19 60 19 38 42 51 60
3 57 3 15 21 26 55 57
13 86 13 49 72 78 81 83 86
18 20 18 20
15 72 15 21 40 42 70 72
6 36 6 17 29 36
40 77 40 42 51 58 77
1 41 1 26 28 41
4 13 4 13
19 78 19 20 66 78
51 75 51 58 61 75
11 77 11 35 39 58 67 77
27 47 27 32 47
21 57 21 42 57
15 63 15 26 40 42 62 63
22 72 22 25 62 72
39 77 39 60 66 77
21 58 21 40 51 58
4 30 4 13 24 30
27 73 27 32 48 54 73
78 81 78 81
37 83 37 51 80 81 83
1 60 1 7 14 19 20 30 44 51 60
3 58 3 14 25 35 41 50 51 58
11 72 11 33 72
9 61 9 16 27 34 44 61
13 36 13 16 29 36
37 54 37 48 54
34 80 34 48 61 75 80
9 48 9 13 24 32 48
1 9 1 3 9
41 83 41 79 81 83
20 84 20 59 64 71 84
22 33 22 25 33
11 78 11 59 66 78
7 54 7 28 37 48 54
8 64 8 13 49 51 58 61 64
8 59 8 41 49 51 59
35 51 35 43 44 51
14 64 14 59 64
25 81 25 33 62 63 80 81
87 88 87 88
51 80 51 64 80
25 79 25 35 41 79
6 24 6 24
39 78 39 58 78
1 64 1 19 38 42 64
4 33 4 13 16 23 25 33
28 58 28 37 49 51 58
3 78 3 9 24 50 51 58 67 72 78
8 26 8 13 20 26
27 61 27 29 48 61
41 71 41 66 71
8 43 8 9 20 26 28 35 43
25 73 25 40 51 67 73
8 43 8 9 20 26 28 35 43
8 64 8 13 20 56 64
14 64 14 59 64
14 70 14 25 40 42 70
33 71 33 51 64 71
7 61 7 14 30 50 51 58 61
21 59 21 40 42 51 59
22 72 22 31 43 62 72
13 61 13 24 30 48 61
2 20 2 13 14 19 20
14 41 14 30 34 38 41
1 72 1 39 57 72
30 66 30 41 49 51 60 66
59 81 59 66 78 80 81
4 9 4 8 9
14 59 14 30 41 59
2 72 2 23 55 57 72
4 20 4 8 13 20
11 78 11 59 66 78
28 78 28 49 72 78
13 67 13 36 37 49 51 67
4 64 4 30 39 58 61 64
16 24 16 24
26 50 26 28 41 50
3 25 3 14 25
8 20 8 13 20
27 32 27 32
11 82 11 20 40 42 70 72 82
28 51 28 49 51
8 27 8 13 16 24 27
34 47 34 47
78 83 78 80 81 83
4 60 4 8 13 28 49 51 60
28 88 28 87 88
30 47 30 34 47
14 41 14 28 41
6 61 6 18 22 43 47 61
34 75 34 44 55 58 61 75
7 86 7 28 41 63 80 83 86
28 57 28 41 57
40 72 40 51 58 67 72
56 88 56 62 74 82 85 88
27 50 27 34 38 41 50
23 67 23 32 51 67
1 33 1 19 33
6 67 6 21 26 42 51 67
70 81 70 81
37 52 37 52
2 70 2 33 37 40 42 70
18 70 18 21 26 40 42 70
23 67 23 25 33 49 51 58 67
1 30 1 13 14 19 20 30
25 84 25 79 84
37 48 37 48
11 34 11 20 30 34
27 53 27 29 43 44 53
8 41 8 28 35 41
43 53 43 44 53
13 29 13 24 29
19 70 19 20 30 41 70
30 44 30 34 44
31 59 31 43 44 51 59
14 37 14 28 37
42 63 42 57 63
21 60 21 42 51 60
9 50 9 16 28 41 50
7 81 7 14 78 80 81
6 24 6 24
38 51 38 41 50 51
31 63 31 43 62 63
15 51 15 21 26 42 51
33 66 33 51 60 66
13 83 13 16 48 61 64 81 83
28 72 28 58 67 72
43 61 43 44 55 61
41 80 41 66 78 80
30 53 30 44 53
15 41 15 30 41
8 34 8 13 20 30 34
20 50 20 30 41 50
58 83 58 64 80 81 83
18 70 18 20 30 41 70
2 23 2 13 16 23
60 71 60 66 71
1 82 1 19 62 74 82
23 48 23 28 37 48
38 63 38 41 63
13 54 13 29 37 48 54
7 45 7 15 30 34 45
16 79 16 24 32 48 79
58 86 58 64 71 83 86
9 48 9 32 48
41 71 41 66 71
15 41 15 22 34 38 41
33 80 33 61 64 80
19 70 19 21 26 40 42 70
34 61 34 48 61
3 58 3 30 44 51 58
27 80 27 34 45 63 80
43 71 43 70 71
3 89 3 15 26 38 42 51 60 66 77 89
37 80 37 48 52 78 80
1 37 1 2 9 17 33 37
2 26 2 9 20 26
2 89 2 56 64 71 83 89
62 72 62 72
11 57 11 33 37 40 42 57
78 86 78 81 83 86
33 66 33 49 51 59 66
20 83 20 30 48 52 67 72 78 81 83
18 59 18 59
16 54 16 48 54
34 52 34 48 52
7 73 7 29 43 52 67 73
4 33 4 23 25 33
22 82 22 62 74 82
31 59 31 43 44 51 59
57 81 57 80 81
33 86 33 67 72 78 81 83 86
30 71 30 48 54 59 64 71
41 84 41 49 72 78 84
30 54 30 48 54
13 80 13 26 75 78 80
25 73 25 40 51 58 73
23 52 23 25 35 43 52
18 33 18 22 33
15 60 15 21 40 51 60
25 71 25 33 61 64 71
19 64 19 21 58 61 64
16 32 16 24 32
13 75 13 16 27 32 44 61 75
30 84 30 41 53 84
19 43 19 43
38 89 38 41 67 77 89
25 73 25 38 42 51 67 73
40 63 40 42 62 63
1 20 1 7 14 19 20
30 75 30 48 75
31 60 31 39 60
2 77 2 18 22 34 59 66 77
11 77 11 21 42 51 59 77
51 75 51 58 61 75
25 66 25 40 42 51 59 66
18 77 18 59 66 77
28 57 28 41 57
14 34 14 19 20 30 34
20 45 20 30 34 45
18 58 18 21 42 51 58
33 66 33 37 48 54 59 66
8 25 8 9 13 16 23 25
42 59 42 51 59
27 54 27 32 48 54
3 13 3 9 13
26 73 26 28 41 50 51 58 67 73
28 72 28 58 67 72
41 79 41 79
13 54 13 29 37 48 54
38 88 38 41 63 82 85 88
46 89 46 77 89
58 73 58 67 73
33 84 33 37 51 58 61 64 71 84
38 78 38 41 57 78
4 34 4 13 20 30 34
27 73 27 44 51 58 67 73
60 80 60 66 78 80
3 77 3 14 59 66 77
9 86 9 13 60 66 71 83 86
14 25 14 25
8 64 8 13 24 54 59 64
28 82 28 49 72 82
9 61 9 16 27 34 44 61
19 88 19 43 52 64 88
21 88 21 59 86 88
41 50 41 50
1 13 1 2 13
34 71 34 47 61 64 71
14 30 14 30
42 51 42 51
4 26 4 13 14 19 20 26
19 82 19 38 41 67 82
26 79 26 55 79
23 66 23 35 59 66
8 27 8 13 24 27
35 63 35 39 57 63
4 63 4 41 57 63
19 30 19 20 30
7 83 7 62 72 78 80 81 83
78 84 78 84
35 72 35 39 58 67 72
26 67 26 67
33 71 33 37 40 51 59 64 71
28 70 28 37 40 42 70
40 78 40 42 51 59 66 78
8 33 8 13 16 23 25 33
23 55 23 28 35 43 44 55
22 78 22 33 62 72 78
6 81 6 40 72 78 80 81
19 30 19 20 30
42 89 42 70 72 78 81 83 89
30 81 30 53 72 78 80 81
26 83 26 67 72 78 80 81 83
8 13 8 9 13
26 73 26 55 58 67 73
26 44 26 28 35 43 44
22 51 22 34 38 42 51
23 32 23 32
22 58 22 34 38 41 49 51 58
15 34 15 22 34
13 53 13 24 43 44 53
43 86 43 64 80 83 86
51 80 51 67 72 78 80
19 26 19 20 26
33 86 33 51 59 64 86
7 50 7 27 29 36 50
15 78 15 58 67 72 78
7 47 7 29 43 47
25 75 25 38 41 49 51 58 61 75
31 58 31 39 58
34 73 34 38 42 51 67 73
31 82 31 56 82
33 75 33 51 58 61 75
62 82 62 72 82
23 44 23 32 44
21 57 21 40 42 57
22 43 22 31 43
6 83 6 16 27 29 48 75 83
6 83 6 17 29 70 71 83
37 66 37 51 60 66
2 25 2 18 22 25
30 47 30 34 47
43 44 43 44
13 52 13 26 28 37 48 52
13 73 13 36 50 51 67 73
18 41 18 20 26 28 35 41
26 73 26 55 67 73
34 54 34 48 54
16 71 16 29 70 71
22 64 22 34 45 64
18 64 18 22 59 64
28 63 28 37 40 42 62 63
25 73 25 33 39 58 73
37 54 37 48 54
23 81 23 44 51 80 81
30 84 30 48 79 84
28 59 28 35 43 44 51 59
23 53 23 32 44 53
30 53 30 53
9 53 9 20 32 44 53
22 88 22 43 64 86 88
20 55 20 26 55
19 26 19 20 26
70 86 70 71 83 86
2 25 2 23 25
13 50 13 29 36 50
34 53 34 38 41 53
23 50 23 28 35 41 50
41 66 41 66
58 80 58 64 80
27 83 27 70 72 78 81 83
15 57 15 21 40 42 57
74 88 74 82 85 88
16 48 16 23 28 37 48
31 64 31 56 64
38 63 38 63
15 59 15 30 41 59
16 71 16 38 70 71
51 66 51 60 66
16 50 16 23 35 41 50
14 77 14 59 77
1 77 1 13 60 66 77
37 73 37 49 51 67 73
59 71 59 71
22 41 22 34 38 41
20 66 20 39 60 66
49 89 49 72 78 84 89
21 88 21 42 46 77 88
70 81 70 81
26 66 26 28 35 59 66
38 51 38 42 51
43 66 43 44 51 60 66
7 71 7 42 70 71
4 41 4 13 14 30 41
39 64 39 58 64
58 81 58 67 72 78 80 81
27 79 27 34 79
1 27 1 7 27
27 44 27 44
27 47 27 32 47
35 41 35 41
27 52 27 34 48 52
6 36 6 27 29 36
23 73 23 49 51 67 73
8 30 8 13 20 30
14 30 14 19 20 30
51 80 51 59 64 80
34 67 34 45 55 67
1 57 1 2 57
41 84 41 53 72 78 84
3 63 3 14 30 41 57 63
4 27 4 13 16 24 27
19 58 19 21 26 55 58
11 51 11 35 43 44 51
7 32 7 27 32
38 58 38 41 49 51 58
4 23 4 23
25 71 25 40 51 59 64 71
30 81 30 80 81
7 44 7 27 44
16 24 16 24
19 60 19 33 37 51 60
7 55 7 32 44 55
51 84 51 64 71 84
14 26 14 19 20 26
9 61 9 32 44 55 61
41 83 41 78 81 83
21 59 21 40 51 59
19 26 19 21 26
27 54 27 32 48 54
13 80 13 20 56 64 80
11 37 11 20 26 28 37
18 57 18 34 38 42 57
39 64 39 58 64
26 48 26 28 37 48
4 89 4 70 72 78 84 89
26 80 26 28 41 59 64 80
15 25 15 22 25
15 58 15 58
34 61 34 48 61
70 83 70 71 83
31 72 31 43 52 67 72
21 51 21 40 42 51
43 86 43 70 72 86
16 79 16 24 32 44 79
7 53 7 41 53
3 57 3 15 22 31 43 44 55 57
16 45 16 24 34 45
4 59 4 49 51 59
14 20 14 19 20
51 86 51 80 83 86
3 64 3 16 31 56 64
3 64 3 9 32 47 61 64
14 60 14 42 51 60
27 53 27 44 53
22 59 22 59
21 26 21 26
7 53 7 43 44 53
33 73 33 67 73
7 83 7 14 59 66 71 83
20 61 20 55 58 61
20 81 20 66 78 80 81
11 63 11 20 26 38 41 57 63
74 82 74 82
26 52 26 28 37 48 52
4 60 4 60
26 80 26 55 67 72 78 80
4 13 4 13
26 83 26 28 64 81 83
42 58 42 51 58
4 89 4 49 51 59 77 89
72 81 72 78 80 81
38 72 38 70 72
9 81 9 50 60 66 78 80 81
22 43 22 25 35 43
4 41 4 41
7 45 7 14 19 20 30 34 45
6 73 6 73
58 71 58 61 64 71
30 83 30 48 61 64 71 83
30 71 30 41 50 51 60 66 71
23 50 23 25 35 41 50
38 82 38 60 82
14 33 14 19 33
43 52 43 52
27 47 27 34 47
19 57 19 38 42 57
2 37 2 18 21 26 28 37
30 48 30 48
60 71 60 66 71
41 66 41 50 59 66
30 73 30 34 67 73
58 84 58 64 71 84
22 25 22 25
19 59 19 20 40 42 51 59
1 43 1 13 14 25 35 43
11 78 11 59 66 78
2 41 2 9 20 30 34 38 41
1 7 1 7
27 52 27 32 48 52
20 80 20 26 40 78 80
21 41 21 26 38 41
43 71 43 47 61 64 71
23 80 23 37 48 75 80
19 58 19 21 26 40 51 58
25 75 25 40 51 58 61 75
2 63 2 57 63
19 33 19 33
11 58 11 20 30 50 51 58
60 81 60 66 78 80 81
78 86 78 81 83 86
4 23 4 8 13 16 23
21 51 21 40 42 51
8 26 8 13 20 26
27 80 27 44 79 80
15 51 15 30 41 49 51
27 50 27 34 45 50
37 81 37 72 78 80 81
35 64 35 56 64
35 77 35 41 67 77
13 86 13 20 39 60 66 83 86
30 53 30 41 53
49 82 49 72 82
25 54 25 33 37 48 54
9 67 9 50 51 58 67
15 82 15 22 43 75 82
21 43 21 26 28 35 43
4 72 4 8 40 42 62 72
23 79 23 35 43 44 55 79
21 43 21 26 28 35 43
15 25 15 22 25
14 20 14 19 20
22 89 22 31 39 57 78 80 81 83 89
41 83 41 67 72 78 81 83
8 88 8 41 63 88
25 44 25 35 43 44
1 82 1 19 62 74 82
1 88 1 88
4 41 4 23 25 35 41
8 51 8 41 50 51
7 73 7 41 49 51 58 73
49 82 49 51 60 82
11 34 11 20 30 34
20 67 20 32 58 67
41 81 41 79 80 81
14 41 14 25 35 41
59 71 59 66 71
41 67 41 67
1 72 1 37 72
14 43 14 19 20 26 28 35 43
38 82 38 60 66 71 82
3 51 3 51
6 48 6 24 34 48
27 75 27 44 61 75
39 58 39 58
43 86 43 75 78 80 81 83 86
3 9 3 9
56 88 56 74 85 88
11 60 11 35 43 44 51 60
4 26 4 8 9 17 20 26
4 58 4 13 14 42 51 58
27 44 27 32 44
72 83 72 78 80 81 83
34 54 34 48 54
1 43 1 19 21 26 28 35 43
6 45 6 15 22 34 45
62 82 62 72 82
28 59 28 49 51 59
59 71 59 64 71
14 63 14 30 41 63
13 73 13 14 30 34 44 55 67 73
1 88 1 78 80 81 83 88
20 52 20 26 28 35 43 52
30 81 30 50 60 66 78 81
21 82 21 26 75 82
3 9 3 9
19 72 19 21 58 67 72
6 83 6 80 83
3 58 3 37 40 42 51 58
72 84 72 78 84
49 88 49 69 87 88
34 45 34 45
11 70 11 33 37 40 42 70
30 75 30 50 51 58 61 75
27 44 27 34 44
4 51 4 30 44 51
59 66 59 66
42 89 42 51 67 77 89
15 37 15 22 25 33 37
13 54 13 24 27 34 45 54
7 79 7 27 32 44 79
60 81 60 66 78 81
1 7 1 7
11 70 11 20 30 34 38 42 70
60 83 60 66 83
9 29 9 13 29
7 50 7 14 30 34 38 41 50
31 51 31 43 44 51
35 60 35 43 44 51 60
51 83 51 59 64 80 81 83
9 45 9 16 27 34 45
38 57 38 42 57
26 80 26 28 41 50 51 58 61 75 78 80
41 53 41 53
3 89 3 21 42 51 58 78 84 89
49 82 49 72 82
31 82 31 56 74 82
56 64 56 64
11 30 11 20 30
9 79 9 16 29 48 79
42 51 42 51
43 61 43 44 55 58 61
4 30 4 13 16 24 30
37 86 37 52 78 80 83 86
26 83 26 75 78 80 81 83
27 54 27 32 48 54
28 41 28 41
11 41 11 20 26 28 41
34 54 34 48 54
30 53 30 41 53
34 75 34 45 55 58 61 75
11 41 11 20 30 34 38 41
20 81 20 30 50 59 64 80 81
4 72 4 70 72
9 55 9 32 44 55
37 75 37 40 42 51 58 61 75
6 45 6 16 24 27 34 45
18 88 18 34 47 75 78 85 88
7 53 7 15 22 31 43 44 53
28 77 28 41 66 77
38 78 38 60 66 78
37 48 37 48
51 73 51 67 73
11 88 11 70 71 84 88
7 73 7 29 43 47 67 73
6 50 6 27 29 36 50
16 66 16 48 54 59 66
34 50 34 45 50
4 13 4 8 13
64 83 64 80 83
34 66 34 45 50 51 59 66
49 82 49 72 82
1 27 1 3 16 24 27
22 88 22 33 52 64 69 88
21 82 21 58 61 64 71 82
27 50 27 34 38 41 50
19 43 19 21 26 28 35 43
31 43 31 43
33 81 33 67 72 78 80 81
23 83 23 57 78 81 83
20 55 20 55
3 64 3 16 23 35 39 58 64
58 61 58 61
13 45 13 20 30 34 45
14 33 14 25 33
38 60 38 41 50 51 60
16 48 16 27 32 48
19 64 19 21 58 61 64
2 9 2 9
4 60 4 8 9 16 27 29 36 50 51 60
33 71 33 37 59 71
78 86 78 81 83 86
7 67 7 39 58 67
38 70 38 70
41 83 41 67 72 78 80 83
43 71 43 64 71
60 83 60 66 78 80 83
2 41 2 18 20 26 38 41
14 33 14 19 33
22 41 22 25 38 41
25 73 25 38 42 51 67 73
62 82 62 72 82
28 57 28 41 57
7 67 7 42 51 58 67
39 89 39 57 80 83 89
22 41 22 25 38 41
16 71 16 48 54 59 66 71
1 20 1 3 9 13 20
1 23 1 13 16 23
35 57 35 41 57
41 81 41 59 66 78 80 81
13 36 13 24 29 36
6 50 6 27 34 38 41 50
11 20 11 20
19 20 19 20
41 75 41 49 51 58 61 75
6 67 6 44 51 67
6 67 6 24 32 48 54 67
39 64 39 58 61 64
33 80 33 39 60 66 78 80
1 70 1 26 38 41 70
7 81 7 43 52 67 72 78 81
4 33 4 8 13 14 19 33
7 29 7 27 29
33 79 33 37 48 79
7 79 7 28 35 41 79
11 43 11 21 26 28 35 43
78 86 78 80 81 83 86
19 51 19 21 40 42 51
35 63 35 43 62 63
15 41 15 26 38 41
20 55 20 26 28 35 43 44 55
3 43 3 16 29 36 43
34 75 34 45 55 58 61 75
37 54 37 48 54
27 45 27 34 45
58 67 58 67
42 58 42 51 58
59 80 59 64 80
26 50 26 28 35 41 50
4 16 4 8 9 13 16
25 83 25 79 80 83
3 20 3 14 19 20
34 61 34 47 61
46 77 46 77
13 52 13 28 37 48 52
2 30 2 14 19 20 30
3 23 3 9 13 16 23
9 84 9 50 59 71 84
1 57 1 39 57
2 89 2 9 50 60 66 71 84 89
4 41 4 13 14 30 34 38 41
7 79 7 28 35 41 79
7 52 7 43 52
51 61 51 58 61
23 47 23 28 35 43 47
8 9 8 9
27 29 27 29
1 88 1 88
6 53 6 17 20 32 53
1 41 1 3 27 34 38 41
18 59 18 20 26 42 51 59
15 70 15 22 31 43 70
19 77 19 43 77
9 67 9 24 55 67
35 88 35 43 80 81 83 88
3 57 3 16 44 55 57
40 63 40 42 57 63
40 58 40 42 51 58
13 29 13 29
2 33 2 23 25 33
30 50 30 41 50
28 41 28 41
57 83 57 83
3 89 3 14 31 56 64 80 83 89
39 88 39 57 83 88
7 55 7 32 44 55
72 83 72 78 80 81 83
39 78 39 58 78
14 20 14 19 20
3 57 3 27 34 44 55 57
33 81 33 51 64 80 81
26 75 26 38 41 49 51 58 61 75
2 34 2 14 34
34 73 34 67 73
13 36 13 24 27 29 36
16 61 16 23 25 33 49 51 58 61
22 88 22 34 86 88
18 63 18 20 56 62 63
40 70 40 42 70
51 71 51 64 71
19 72 19 62 72
27 32 27 32
18 20 18 20
38 72 38 70 72
14 59 14 59
15 30 15 30
28 59 28 35 43 44 51 59
41 66 41 59 66
51 71 51 64 71
38 41 38 41
9 17 9 17
40 63 40 63
11 64 11 59 64
27 29 27 29
34 52 34 45 52
37 48 37 48
7 71 7 27 70 71
8 20 8 9 20
27 32 27 32
4 88 4 8 88
37 52 37 48 52
33 61 33 61
28 37 28 37
6 52 6 21 26 28 37 48 52
37 52 37 48 52
42 78 42 57 72 78
16 44 16 24 43 44
43 73 43 47 67 73
2 70 2 9 20 30 34 38 42 70
18 72 18 20 72
25 75 25 40 42 51 58 61 75
23 32 23 32
28 43 28 35 43
13 24 13 24
43 66 43 44 51 60 66
23 83 23 78 81 83
13 52 13 14 34 48 52
31 59 31 43 44 51 59
6 32 6 24 32
26 67 26 28 35 39 58 67
6 71 6 30 39 60 66 71
49 88 49 69 88
8 78 8 28 37 72 78
33 67 33 67
4 9 4 8 9
40 57 40 42 57
35 78 35 43 44 78
13 66 13 48 54 59 66
38 78 38 60 66 78
1 7 1 7
8 9 8 9
58 83 58 67 72 78 81 83
1 37 1 19 33 37
38 51 38 41 49 51
11 63 11 33 62 63
20 45 20 30 34 45
4 72 4 23 37 52 67 72
27 53 27 29 43 44 53
13 75 13 49 51 58 61 75
22 37 22 33 37
14 78 14 25 35 43 62 72 78
18 37 18 20 26 28 37
31 43 31 43
56 78 56 62 72 78
41 50 41 50
56 64 56 64
30 73 30 44 55 58 67 73
38 64 38 42 51 64
20 52 20 26 28 35 43 52
34 54 34 48 54
21 88 21 40 63 88
16 53 16 23 44 53
78 81 78 81
38 72 38 70 72
7 71 7 27 70 71
63 80 63 80
41 86 41 79 81 83 86
6 32 6 17 32
13 61 13 48 61
1 51 1 3 21 40 42 51
20 79 20 26 28 37 48 79
49 51 49 51
56 63 56 62 63
34 67 34 45 55 67
35 72 35 43 70 72
38 41 38 41
23 71 23 28 49 51 59 71
11 88 11 70 71 84 88
49 82 49 51 60 82
9 55 9 24 29 36 43 44 55
59 86 59 64 71 83 86
15 41 15 26 38 41
3 58 3 51 58
15 82 15 58 61 75 82
72 86 72 78 81 83 86
19 88 19 62 72 78 84 88
20 47 20 30 34 47
40 72 40 42 70 72
41 73 41 67 73
13 53 13 24 27 53
11 33 11 33
60 86 60 66 78 81 83 86
21 51 21 40 42 51
22 41 22 34 38 41
31 58 31 39 58
18 25 18 22 25
30 81 30 48 52 78 81
18 60 18 20 30 39 60
23 50 23 35 41 50
14 43 14 19 20 26 28 35 43
37 75 37 51 58 61 75
18 88 18 34 67 72 87 88
34 50 34 38 41 50
19 70 19 43 70
35 89 35 72 78 81 83 89
16 52 16 28 37 48 52
23 83 23 35 63 83
23 73 23 37 52 67 73
6 24 6 16 24
30 67 30 48 54 67
43 55 43 44 55
27 55 27 29 36 43 44 55
9 66 9 20 59 66
33 73 33 39 58 67 73
25 54 25 33 37 48 54
19 33 19 33
11 60 11 35 43 44 51 60
4 72 4 13 28 41 57 72
16 47 16 29 36 43 47
4 20 4 8 9 20
26 80 26 42 51 58 67 72 78 80
40 64 40 64
18 78 18 72 78
31 72 31 56 62 72
19 78 19 43 52 67 72 78
1 60 1 3 15 30 44 51 60
8 23 8 9 13 16 23
4 23 4 8 9 13 16 23
27 81 27 72 78 81
18 58 18 20 39 58
58 71 58 64 71
13 47 13 20 32 47
25 50 25 35 41 50
40 89 40 89
70 71 70 71
13 50 13 16 29 36 50
26 86 26 80 83 86
19 43 19 21 26 28 35 43
59 86 59 64 80 81 83 86
39 63 39 57 63
20 45 20 30 34 45
1 9 1 2 9
11 77 11 33 46 77
23 84 23 55 57 72 78 84
41 83 41 67 72 78 80 81 83
23 32 23 32
30 45 30 34 45
28 57 28 41 57
2 89 2 72 78 80 81 83 89
8 27 8 9 24 27
26 71 26 55 61 64 71
58 71 58 61 64 71
19 82 19 43 47 75 82
26 73 26 55 58 67 73
9 66 9 13 36 48 54 59 66
40 72 40 51 58 67 72
20 32 20 32
38 57 38 42 57
15 72 15 21 26 55 58 67 72
30 55 30 34 44 55
13 32 13 16 23 32
2 20 2 13 14 19 20
2 26 2 18 20 26
62 78 62 72 78
21 89 21 40 63 80 81 83 89
9 73 9 16 28 37 49 51 58 73
25 52 25 33 37 48 52
6 84 6 37 52 64 71 84
4 51 4 8 13 24 27 34 45 50 51
23 53 23 32 44 53
43 44 43 44
59 80 59 64 80
11 64 11 20 26 40 42 64
31 43 31 43
42 51 42 51
43 66 43 44 51 60 66
42 59 42 51 59
13 79 13 28 37 48 79
34 81 34 79 81
4 59 4 41 50 59
11 72 11 58 67 72
31 63 31 56 62 63
38 82 38 63 82
30 84 30 50 51 59 64 71 84
11 78 11 35 41 53 72 78
30 45 30 34 45
49 59 49 51 59
14 57 14 28 35 41 57
20 52 20 26 28 35 43 52
51 83 51 60 66 78 81 83
30 73 30 41 49 51 67 73
25 71 25 33 37 52 64 71
43 83 43 70 81 83
37 73 37 48 52 67 73
4 33 4 23 25 33
58 84 58 61 75 78 84
7 36 7 29 36
18 34 18 20 30 34
6 80 6 16 23 57 72 78 80
11 30 11 20 30
37 66 37 40 42 51 60 66
16 50 16 38 41 50
8 37 8 13 26 28 37
13 71 13 29 70 71
38 64 38 42 64
40 63 40 42 62 63
19 89 19 78 81 83 89
37 79 37 48 79
3 16 3 16
28 63 28 37 40 42 62 63
34 61 34 38 41 49 51 58 61
7 50 7 41 50
4 9 4 8 9
13 79 13 16 31 43 44 79
33 79 33 37 48 79
30 52 30 34 45 52
33 73 33 51 58 73
20 52 20 32 48 52
43 55 43 44 55
1 60 1 7 14 19 20 30 44 51 60
64 80 64 80
11 43 11 20 26 28 35 43
21 51 21 42 51
14 70 14 34 38 70
30 83 30 39 57 83
22 37 22 33 37
28 77 28 35 43 52 77
38 59 38 42 51 59
64 71 64 71
16 71 16 44 61 64 71
37 81 37 72 78 80 81
16 52 16 35 43 52
23 71 23 28 58 61 64 71
25 75 25 33 37 49 51 58 61 75
2 88 2 9 16 86 88
1 70 1 13 36 37 40 42 70
39 89 39 46 77 89
9 80 9 50 60 66 78 80
21 89 21 40 63 80 81 83 89
21 41 21 26 38 41
9 54 9 20 30 34 45 54
35 63 35 41 63
14 59 14 28 37 48 54 59
8 72 8 34 67 72
25 86 25 79 81 83 86
27 45 27 34 45
19 58 19 38 42 51 58
18 41 18 20 26 38 41
4 59 4 41 50 59
25 50 25 38 41 50
38 77 38 42 46 77
62 89 62 72 78 84 89
8 89 8 58 78 80 83 89
8 37 8 28 37
42 51 42 51
18 89 18 22 43 47 61 75 78 84 89
16 81 16 44 53 72 78 81
19 72 19 43 44 51 58 67 72
40 58 40 51 58
16 50 16 28 35 41 50
40 88 40 64 81 83 88
42 51 42 51
28 70 28 37 40 42 70
18 60 18 34 45 50 60
33 52 33 37 52
11 58 11 21 58
19 33 19 33
41 83 41 66 71 83
34 75 34 44 55 58 61 75
58 73 58 67 73
13 47 13 20 30 34 47
49 89 49 72 78 84 89
3 60 3 14 19 20 32 51 60
57 86 57 63 80 81 83 86
8 58 8 13 24 32 58
23 32 23 32
7 52 7 29 37 52
31 82 31 39 57 63 82
13 83 13 16 48 52 71 83
23 79 23 25 33 37 48 79
28 41 28 41
18 41 18 20 26 28 41
20 84 20 79 84
41 81 41 70 72 78 81
23 53 23 28 41 53
27 67 27 32 44 55 67
7 48 7 28 37 48
7 61 7 43 44 61
3 33 3 15 22 25 33
49 51 49 51
15 25 15 22 25
23 86 23 25 79 81 83 86
4 58 4 8 58
56 64 56 64
38 72 38 42 51 58 67 72
42 51 42 51
15 57 15 26 40 42 57
1 27 1 7 27
21 78 21 42 62 72 78
26 67 26 40 42 51 58 67
56 89 56 78 81 83 89
35 41 35 41
38 64 38 42 64
40 58 40 51 58
51 67 51 58 67
18 25 18 22 25
14 58 14 34 45 55 58
38 60 38 41 50 51 60
22 43 22 25 35 43
6 24 6 16 24
70 80 70 72 78 80
25 84 25 35 39 57 78 84
51 75 51 58 61 75
11 37 11 20 26 28 37
23 80 23 25 80
9 29 9 24 29
23 71 23 49 51 64 71
78 83 78 80 83
26 61 26 28 49 51 58 61
23 84 23 35 56 78 84
28 77 28 49 51 58 67 77
27 84 27 34 67 72 78 84
6 32 6 16 24 32
49 89 49 51 60 66 78 81 83 89
40 70 40 42 70
27 86 27 53 72 78 81 83 86
20 83 20 39 57 80 83
26 83 26 75 78 80 81 83
30 45 30 34 45
40 72 40 51 67 72
7 55 7 14 25 35 43 44 55
15 34 15 22 34
11 58 11 21 58
37 81 37 72 78 80 81
27 48 27 32 48
30 48 30 34 48
34 75 34 45 55 58 61 75
22 33 22 25 33
18 78 18 22 33 52 78
21 77 21 26 40 60 66 77
26 52 26 28 35 43 52
22 82 22 62 74 82
8 41 8 13 14 34 38 41
59 71 59 66 71
14 59 14 25 38 41 59
30 81 30 53 80 81
60 83 60 66 83
49 77 49 51 67 77
8 26 8 13 26
6 80 6 44 64 80
2 88 2 56 64 81 83 86 88
49 89 49 51 58 78 81 83 89
1 64 1 13 49 51 64
78 83 78 80 83
1 23 1 2 23
30 73 30 50 51 58 67 73
35 51 35 41 50 51
9 79 9 20 32 44 55 79
37 75 37 40 51 58 61 75
20 67 20 30 54 67
19 78 19 62 72 78
7 32 7 27 32
56 82 56 64 71 82
51 81 51 64 80 81
25 52 25 35 43 52
4 9 4 8 9
13 54 13 48 54
34 45 34 45
6 45 6 15 22 34 45
2 20 2 9 20
58 86 58 64 71 83 86
41 67 41 49 51 58 67
4 25 4 13 14 25
20 44 20 32 44
27 55 27 32 44 55
14 77 14 30 54 59 66 77
30 67 30 39 58 67
15 78 15 26 28 41 78
14 43 14 19 43
4 37 4 23 37
4 51 4 23 44 51
3 37 3 14 19 21 26 28 37
7 80 7 15 26 75 80
16 44 16 44
23 86 23 66 83 86
14 78 14 42 62 72 78
15 60 15 26 40 60
27 80 27 52 78 80
9 47 9 16 35 43 47
43 86 43 70 72 86
11 89 11 35 72 78 84 89
39 72 39 58 67 72
34 53 34 44 53
16 50 16 27 34 45 50
8 51 8 40 42 51
30 67 30 39 58 67
27 45 27 34 45
11 77 11 21 58 67 77
19 37 19 21 26 28 37
56 82 56 64 82
35 77 35 41 67 77
19 70 19 21 26 42 70
21 88 21 58 61 75 83 86 88
39 57 39 57
60 71 60 66 71
43 80 43 44 55 58 64 80
19 64 19 38 42 51 58 64
16 53 16 28 35 43 44 53
72 83 72 78 80 81 83
13 50 13 16 29 36 50
27 52 27 34 45 52
8 25 8 13 14 25
16 24 16 24
6 24 6 24
64 80 64 80
11 82 11 64 82
34 80 34 59 66 78 80
15 33 15 22 25 33
1 20 1 3 14 19 20
4 89 4 13 83 89
49 59 49 51 59
35 60 35 41 49 51 60
28 37 28 37
16 50 16 38 41 50
2 30 2 14 19 20 30
1 7 1 7
6 29 6 17 29
31 70 31 43 70
8 33 8 13 16 23 25 33
18 64 18 21 42 64
58 61 58 61
40 59 40 42 51 59
21 63 21 26 40 42 57 63
3 43 3 16 29 36 43
4 77 4 8 13 48 52 77
31 60 31 43 44 51 60
31 58 31 43 44 55 58
15 41 15 21 26 28 35 41
49 77 49 51 58 77
9 44 9 17 25 35 43 44
34 55 34 45 55
30 83 30 48 61 64 71 83
23 44 23 32 44
3 9 3 9
43 61 43 44 55 61
38 82 38 41 70 72 82
9 54 9 32 48 54
27 47 27 34 47
37 52 37 48 52
41 86 41 63 83 86
11 70 11 35 41 70
35 78 35 59 66 78
8 16 8 13 16
72 84 72 78 84
8 41 8 34 38 41
64 80 64 80
3 59 3 38 41 50 51 59
51 66 51 59 66
30 45 30 34 45
2 70 2 31 43 70
30 81 30 50 60 66 78 81
18 89 18 72 78 84 89
13 45 13 14 34 45
23 66 23 49 51 59 66
58 71 58 61 64 71
19 59 19 33 37 40 42 51 59
11 77 11 59 66 77
13 61 13 28 35 41 49 51 58 61
19 82 19 38 63 82
13 83 13 49 51 58 78 81 83
14 89 14 19 21 42 51 64 81 83 89
13 80 13 20 56 64 80
3 64 3 16 31 56 64
14 88 14 77 87 88
37 81 37 72 78 80 81
4 78 4 23 32 51 60 66 78
18 64 18 21 42 64
7 47 7 28 35 43 47
20 79 20 26 28 35 41 79
49 59 49 51 59
7 73 7 28 49 51 58 67 73
4 41 4 30 41
35 59 35 41 59
23 55 23 25 35 43 44 55
18 72 18 22 33 39 58 67 72
23 44 23 32 44
38 57 38 42 57
31 88 31 56 62 63 88
4 59 4 23 28 35 41 50 59
51 84 51 59 64 71 84
8 59 8 9 16 35 43 44 51 59
6 32 6 17 32
15 43 15 21 26 28 35 43
63 83 63 83
15 82 15 26 42 57 72 82
34 50 34 38 41 50
16 66 16 35 59 66
33 52 33 52
9 67 9 16 29 48 52 67
9 84 9 57 78 84
40 64 40 51 58 61 64
35 63 35 43 62 63
15 63 15 21 42 62 63
41 61 41 49 51 58 61
4 33 4 23 25 33
58 67 58 67
8 70 8 40 42 70
43 75 43 47 61 75
72 83 72 78 80 81 83
64 80 64 80
26 86 26 40 72 78 81 83 86
2 43 2 23 25 35 43
6 66 6 44 51 59 66
14 70 14 70
38 89 38 60 66 77 89
58 67 58 67
49 88 49 69 87 88
7 53 7 14 34 38 41 53
7 67 7 27 29 36 43 47 67
25 55 25 35 43 44 55
34 75 34 38 42 51 58 61 75
23 66 23 25 38 41 59 66
6 86 6 16 31 39 57 83 86
87 88 87 88
38 77 38 60 66 77
9 61 9 20 39 58 61
41 84 41 66 78 84
33 54 33 37 48 54
16 47 16 29 43 47
16 66 16 28 35 41 59 66
20 52 20 30 48 52
42 89 42 57 78 80 83 89
18 78 18 21 40 72 78
4 60 4 23 28 41 49 51 60
34 55 34 45 55
2 72 2 9 20 39 58 67 72
23 67 23 32 47 67
41 67 41 49 51 67
60 81 60 66 78 81
33 71 33 39 58 61 64 71
27 80 27 44 79 80
35 58 35 43 44 55 58
11 77 11 59 66 77
6 48 6 16 48
41 83 41 79 81 83
4 58 4 23 49 51 58
58 80 58 64 80
35 57 35 39 57
23 44 23 32 44
11 34 11 20 30 34
40 77 40 60 66 77
4 58 4 30 34 44 51 58
15 43 15 22 43
62 63 62 63
35 41 35 41
33 66 33 49 51 59 66
49 72 49 72
18 43 18 21 26 28 35 43
18 57 18 34 38 42 57
40 77 40 60 66 77
68 82 68 74 82
34 80 34 59 66 78 80
42 70 42 70
20 32 20 32
9 17 9 17
56 72 56 62 72
16 61 16 28 58 61
30 54 30 48 54
14 60 14 19 43 44 51 60
3 30 3 15 30
9 75 9 13 14 28 35 39 58 61 75
21 41 21 26 38 41
37 52 37 52
27 45 27 34 45
18 34 18 20 30 34
51 67 51 67
7 52 7 27 29 36 37 48 52
72 84 72 78 84
78 80 78 80
27 71 27 29 36 43 52 64 71
11 51 11 35 41 50 51
42 57 42 57
63 83 63 83
14 33 14 19 33
56 64 56 64
27 32 27 32
31 77 31 39 46 77
2 41 2 9 13 16 24 30 41
3 64 3 30 34 45 55 61 64
33 71 33 49 51 60 66 71
2 63 2 9 13 20 39 57 63
4 41 4 13 24 30 34 38 41
2 43 2 9 16 24 27 29 36 43
28 82 28 49 51 59 64 68 74 82
19 26 19 21 26
51 80 51 58 64 80
49 88 49 72 82 85 88
14 88 14 42 88
39 89 39 46 77 89
28 58 28 37 51 58
60 83 60 66 78 81 83
34 52 34 48 52
26 44 26 28 35 43 44
49 64 49 51 58 61 64
39 64 39 58 61 64
1 25 1 7 14 25
27 84 27 29 70 72 78 84
51 81 51 80 81
6 86 6 80 83 86
18 64 18 20 55 58 61 64
7 44 7 29 36 43 44
43 79 43 44 55 79
35 89 35 63 83 89
20 53 20 26 28 35 41 53
2 20 2 9 20
58 83 58 78 81 83
38 60 38 60
30 61 30 41 50 51 58 61
23 81 23 37 40 72 78 81
1 82 1 39 57 72 82
8 30 8 9 20 30
38 63 38 42 62 63
7 48 7 33 37 48
18 41 18 22 34 38 41
68 82 68 74 82
9 83 9 57 80 83
30 48 30 34 48
40 51 40 51
22 70 22 33 37 40 42 70
3 82 3 82
2 34 2 13 14 30 34
30 55 30 34 45 55
8 23 8 13 16 23
46 88 46 77 88
20 79 20 55 79
19 82 19 43 47 75 82
27 53 27 44 53
22 77 22 25 33 46 77
13 79 13 20 55 79
27 48 27 29 48
63 86 63 80 83 86
34 53 34 44 53
4 78 4 30 41 78
22 78 22 31 43 62 72 78
49 82 49 51 60 82
25 55 25 35 43 44 55
33 66 33 49 51 59 66
1 7 1 7
27 86 27 79 80 83 86
28 58 28 58
25 80 25 63 80
7 44 7 32 44
27 75 27 34 44 61 75
31 72 31 56 62 72
27 66 27 32 48 54 59 66
21 26 21 26
15 82 15 58 68 74 82
34 73 34 67 73
6 83 6 16 27 29 48 75 83
16 84 16 40 60 66 71 84
6 52 6 17 20 30 34 48 52
7 67 7 40 51 67
28 78 28 78
11 64 11 21 59 64
6 53 6 31 43 44 53
9 45 9 17 20 30 34 45
43 83 43 70 72 78 81 83
3 63 3 27 44 55 57 63
13 36 13 29 36
59 84 59 66 78 84
15 70 15 30 41 70
25 71 25 38 70 71
25 47 25 35 43 47
7 48 7 28 37 48
9 83 9 13 49 51 64 80 83
26 75 26 28 58 61 75
22 59 22 34 45 54 59
3 89 3 64 80 83 89
30 75 30 34 44 51 58 61 75
19 41 19 38 41
4 43 4 23 28 35 43
38 82 38 63 82
30 44 30 34 44
21 77 21 26 42 46 77
15 88 15 21 42 46 77 87 88
9 24 9 24
15 34 15 30 34
41 50 41 50
4 63 4 30 41 63
34 66 34 59 66
18 26 18 21 26
20 71 20 40 64 71
58 73 58 73
27 61 27 58 61
38 51 38 42 51
43 66 43 44 51 60 66
21 89 21 40 78 80 83 89
13 66 13 28 49 51 60 66
14 59 14 30 48 54 59
25 67 25 33 67
19 30 19 20 30
51 67 51 67
13 53 13 28 41 53
39 78 39 58 61 75 78
30 66 30 34 59 66
35 72 35 39 58 67 72
3 25 3 14 25
30 75 30 44 61 75
58 81 58 61 64 80 81
7 36 7 29 36
4 26 4 8 13 14 19 21 26
15 37 15 22 33 37
3 43 3 16 31 43
28 43 28 35 43
42 72 42 70 72
57 80 57 78 80
64 83 64 80 83
6 24 6 24
2 78 2 9 60 66 78
3 9 3 9
8 23 8 9 16 23
16 86 16 44 53 80 81 83 86
37 83 37 40 64 81 83
15 82 15 30 44 55 58 61 64 71 82
16 67 16 29 36 48 54 67
18 78 18 72 78
8 63 8 13 14 34 38 42 62 63
1 9 1 3 9
43 44 43 44
9 80 9 62 72 78 80
51 71 51 59 66 71
4 58 4 30 34 38 42 51 58
34 81 34 48 75 78 81
35 89 35 59 71 83 89
20 32 20 32
3 57 3 15 30 34 44 55 57
9 29 9 16 24 29
2 88 2 70 71 83 86 88
43 55 43 44 55
34 71 34 47 61 64 71
3 51 3 16 28 49 51
21 88 21 59 69 87 88
7 79 7 14 28 41 79
18 43 18 20 26 28 35 43
46 88 46 77 88
1 60 1 37 49 51 60
31 89 31 39 58 64 71 83 89
3 20 3 14 19 20
25 44 25 35 43 44
43 75 43 47 75
30 45 30 34 45
4 41 4 13 20 30 34 38 41
4 34 4 13 24 30 34
14 57 14 42 57
14 30 14 19 20 30
9 36 9 13 29 36
28 89 28 77 89
2 13 2 9 13
27 52 27 34 45 52
41 61 41 50 51 58 61
18 34 18 22 34
56 88 56 74 82 85 88
11 33 11 33
33 79 33 37 48 79
4 16 4 13 16
72 81 72 78 81
18 33 18 22 25 33
20 86 20 39 60 66 83 86
7 54 7 29 36 48 54
51 75 51 58 61 75
64 84 64 71 84
21 51 21 40 51
14 63 14 30 41 63
15 26 15 21 26
33 75 33 49 51 58 61 75
8 9 8 9
8 37 8 13 26 28 37
60 83 60 66 71 83
56 82 56 74 82
6 81 6 27 72 78 81
7 36 7 27 29 36
18 78 18 22 59 66 78
42 60 42 51 60
27 29 27 29
1 60 1 2 31 39 60
4 70 4 41 70
4 20 4 8 13 20
28 60 28 49 51 60
60 71 60 66 71
39 64 39 58 61 64
74 82 74 82
23 81 23 66 78 81
28 77 28 58 67 77
43 79 43 44 55 79
22 34 22 34
19 20 19 20
25 53 25 35 41 53
9 17 9 17
7 54 7 29 36 48 54
41 79 41 79
1 77 1 49 51 59 77
27 80 27 29 48 52 64 80
14 64 14 19 38 41 49 51 59 64
43 44 43 44
37 81 37 72 78 80 81
33 80 33 39 60 66 78 80
41 73 41 50 51 58 67 73
11 20 11 20
11 26 11 21 26
20 71 20 32 66 71
33 84 33 78 84
14 77 14 34 45 77
20 48 20 26 28 37 48
22 77 22 31 43 44 51 59 66 77
14 41 14 34 38 41
51 81 51 67 72 78 81
28 43 28 35 43
27 45 27 34 45
56 78 56 78
13 32 13 16 24 32
7 52 7 33 52
19 43 19 21 26 28 35 43
3 43 3 16 29 43
4 78 4 70 72 78
2 82 2 33 49 51 59 71 82
43 52 43 52
18 57 18 22 43 44 55 57
25 84 25 62 72 78 84
7 66 7 43 44 51 59 66
25 83 25 40 78 81 83
11 34 11 20 30 34
60 80 60 66 78 80
42 89 42 64 81 83 89
51 66 51 59 66
41 83 41 67 72 78 80 83
58 84 58 78 84
1 23 1 2 9 13 16 23
14 25 14 25
13 71 13 49 51 58 64 71
3 57 3 37 40 42 57
35 63 35 39 57 63
25 79 25 79
18 70 18 34 38 42 70
38 41 38 41
11 58 11 35 43 44 55 58
70 80 70 72 78 80
13 36 13 24 27 29 36
6 71 6 54 59 71
16 75 16 27 58 61 75
19 89 19 38 89
49 58 49 51 58
25 80 25 57 72 78 80
35 88 35 41 70 88
22 41 22 34 38 41
15 34 15 22 34
8 33 8 13 14 25 33
3 30 3 9 17 20 30
27 79 27 79
63 80 63 80
60 86 60 66 71 83 86
13 66 13 49 51 60 66
15 57 15 30 44 55 57
19 30 19 20 30
16 86 16 35 43 52 78 80 83 86
41 84 41 66 78 84
6 53 6 24 30 41 53
2 27 2 9 24 27
35 41 35 41
11 64 11 59 64
3 23 3 16 23
3 59 3 15 21 40 51 59
27 52 27 32 48 52
46 88 46 77 88
19 78 19 56 62 72 78
3 58 3 30 44 51 58
43 47 43 47
3 88 3 30 44 84 88
6 17 6 17
43 55 43 44 55
16 29 16 27 29
16 54 16 24 34 48 54
51 83 51 64 71 83
3 33 3 14 19 33
70 86 70 81 83 86
6 86 6 80 83 86
23 53 23 25 38 41 53
43 66 43 44 51 60 66
51 66 51 60 66
41 71 41 66 71
31 89 31 39 60 66 83 89
38 63 38 41 57 63
16 55 16 28 35 43 44 55
39 63 39 57 63
31 77 31 39 60 66 77
1 26 1 26
2 33 2 13 14 25 33
39 57 39 57
41 67 41 67
27 36 27 29 36
49 60 49 51 60
18 37 18 22 33 37
33 54 33 37 48 54
43 61 43 47 61
18 78 18 59 66 78
16 80 16 27 34 67 72 78 80
34 53 34 38 41 53
51 67 51 67
3 58 3 30 39 58
51 66 51 60 66
30 66 30 39 60 66
3 64 3 30 34 45 55 61 64
33 66 33 49 51 59 66
2 64 2 56 64
1 63 1 7 41 57 63
37 54 37 48 54
11 20 11 20
14 26 14 19 21 26
58 83 58 67 72 78 80 81 83
4 33 4 13 14 19 33
39 64 39 58 61 64
7 53 7 29 43 44 53
34 79 34 38 41 79
37 79 37 48 79
27 52 27 52
34 61 34 45 50 51 58 61
19 43 19 43
13 81 13 24 27 52 78 80 81
6 73 6 15 30 34 67 73
21 88 21 40 78 85 88
33 67 33 52 67
38 78 38 42 62 72 78
2 41 2 13 28 35 41
60 66 60 66
56 88 56 64 69 87 88
7 29 7 29
22 63 22 43 44 55 63
11 41 11 20 30 41
19 30 19 20 30
31 64 31 43 64
39 88 39 60 66 83 88
1 51 1 37 40 51
31 89 31 39 46 77 89
9 83 9 62 63 80 83
16 61 16 23 25 33 49 51 58 61
31 58 31 43 44 55 58
20 73 20 73
16 48 16 48
4 23 4 23
8 33 8 9 17 25 33
35 77 35 43 77
2 9 2 9
3 20 3 9 17 20
8 82 8 62 63 82
13 55 13 28 35 43 44 55
51 80 51 64 80
21 88 21 58 87 88
40 88 40 63 88
59 71 59 71
31 82 31 56 82
63 80 63 80
6 29 6 27 29
58 61 58 61
64 81 64 81
20 54 20 32 48 54
20 81 20 32 51 60 66 78 80 81
14 51 14 19 38 41 50 51
28 88 28 35 82 85 88
64 86 64 86
4 37 4 23 28 37
23 80 23 25 57 72 78 80
11 51 11 33 51
60 84 60 66 71 84
37 67 37 51 58 67
30 61 30 34 44 55 61
35 43 35 43
31 64 31 43 52 64
16 47 16 24 34 47
18 51 18 20 40 42 51
39 58 39 58
33 52 33 37 48 52
43 55 43 44 55
62 78 62 72 78
13 24 13 16 24
15 78 15 22 33 78
1 16 1 2 9 16
37 52 37 52
3 51 3 16 40 42 51
13 83 13 36 60 66 71 83
13 80 13 26 75 78 80
21 77 21 58 67 77
30 80 30 34 47 80
30 73 30 41 49 51 67 73
13 48 13 14 25 33 37 48
1 20 1 3 9 20
42 51 42 51
33 84 33 37 51 58 61 64 71 84
22 78 22 34 47 75 78
18 60 18 22 43 44 51 60
41 71 41 70 71
2 34 2 9 17 20 30 34
16 47 16 23 35 43 47
15 78 15 58 67 72 78
3 77 3 15 26 40 51 59 66 77
4 16 4 13 16
59 81 59 64 81
4 51 4 30 34 44 51
40 63 40 63
69 88 69 88
16 54 16 24 27 32 48 54
8 89 8 62 63 80 83 89
37 66 37 49 51 60 66
20 75 20 40 42 51 58 61 75
37 66 37 51 59 66
34 47 34 47
1 33 1 19 33
7 61 7 42 51 58 61
15 77 15 58 67 77
23 80 23 37 51 59 64 80
15 57 15 22 33 39 57
8 72 8 13 48 54 72
8 37 8 9 24 29 36 37
9 79 9 17 55 79
35 82 35 72 82
38 51 38 41 49 51
2 41 2 9 24 30 41
11 30 11 20 30
7 67 7 28 35 39 58 67
14 82 14 28 37 59 64 68 74 82
4 33 4 13 16 23 25 33
26 47 26 28 35 43 47
1 63 1 39 57 63
6 52 6 17 20 30 34 48 52
11 88 11 35 43 62 74 85 88
25 54 25 33 37 48 54
27 45 27 34 45
39 82 39 57 72 82
27 66 27 44 51 59 66
3 77 3 15 26 28 37 59 66 77
51 75 51 58 61 75
23 50 23 35 41 50
11 51 11 33 51
4 70 4 23 37 40 42 70
9 86 9 32 58 78 80 83 86
26 66 26 28 41 49 51 60 66
25 79 25 35 41 79
27 61 27 29 48 61
25 66 25 33 39 60 66
6 52 6 30 48 52
72 81 72 78 81
13 71 13 29 43 70 71
26 84 26 40 51 64 71 84
27 29 27 29
8 43 8 13 29 43
25 67 25 38 41 67
59 84 59 66 78 84
30 80 30 54 72 78 80
9 79 9 32 48 79
70 80 70 72 78 80
11 20 11 20
4 34 4 8 9 20 30 34
6 53 6 24 27 32 53
42 57 42 57
51 75 51 58 61 75
6 45 6 24 30 34 45
4 72 4 41 53 72
6 84 6 24 50 59 66 71 84
15 25 15 22 25
14 72 14 28 58 67 72
1 77 1 2 33 39 46 77
15 70 15 21 42 70
2 51 2 31 43 44 51
41 66 41 66
14 70 14 34 38 70
42 82 42 51 58 68 74 82
11 30 11 20 30
8 72 8 28 58 67 72
14 33 14 19 33
39 57 39 57
34 75 34 38 42 51 58 61 75
26 75 26 28 37 51 58 61 75
9 84 9 24 71 84
35 43 35 43
37 73 37 40 51 67 73
21 70 21 40 42 70
31 88 31 56 78 80 83 88
14 30 14 30
78 86 78 80 83 86
7 44 7 32 44
28 51 28 37 40 42 51
15 26 15 21 26
56 88 56 78 80 81 83 88
13 66 13 49 51 59 66
22 43 22 25 35 43
28 82 28 64 82
2 43 2 9 16 28 35 43
33 79 33 37 48 79
9 79 9 16 31 43 44 79
43 83 43 64 80 81 83
19 37 19 33 37
21 37 21 26 28 37
33 86 33 67 72 78 81 83 86
19 20 19 20
30 71 30 39 60 66 71
6 55 6 15 30 44 55
30 61 30 34 44 55 61
2 77 2 18 20 66 77
34 75 34 44 61 75
70 80 70 72 78 80
7 50 7 41 50
60 71 60 66 71
34 81 34 59 66 78 80 81
22 37 22 33 37
23 79 23 37 48 79
16 36 16 27 29 36
22 72 22 43 44 51 67 72
27 80 27 58 64 80
8 82 8 41 50 60 82
51 67 51 58 67
8 13 8 13
18 37 18 20 26 28 37
11 41 11 20 30 41
1 89 1 49 72 78 80 81 83 89
2 78 2 9 60 66 78
14 64 14 19 21 42 51 59 64
26 67 26 40 42 51 67
31 77 31 39 60 66 77
39 72 39 58 67 72
4 70 4 41 70
7 48 7 28 37 48
78 80 78 80
21 82 21 42 64 68 74 82
1 51 1 26 28 35 43 44 51
13 45 13 24 30 34 45
78 83 78 80 83
9 83 9 20 55 79 83
3 51 3 14 31 43 44 51
27 67 27 58 67
33 66 33 39 60 66
2 26 2 13 20 26
56 88 56 82 85 88
20 61 20 30 48 61
1 9 1 3 9
56 89 56 78 80 81 83 89
4 88 4 68 69 87 88
13 29 13 24 29
27 48 27 29 37 48
3 57 3 21 26 40 42 57
7 81 7 40 64 81
35 89 35 43 62 63 83 89
27 81 27 70 81
42 89 42 57 63 80 81 83 89
14 20 14 19 20
4 23 4 23
1 58 1 7 43 44 51 58
42 64 42 64
26 81 26 38 60 66 78 80 81
7 81 7 14 78 80 81
19 20 19 20
16 45 16 27 34 45
1 77 1 58 67 77
8 59 8 13 20 59
23 50 23 25 38 41 50
16 75 16 24 54 75
13 50 13 24 50
23 53 23 28 35 41 53
6 54 6 18 20 30 54
23 73 23 28 41 67 73
14 72 14 28 58 67 72
13 36 13 24 29 36
38 51 38 41 50 51
42 89 42 51 67 77 89
20 52 20 26 28 37 52
18 88 18 20 55 67 77 87 88
25 53 25 35 43 44 53
40 57 40 42 57
33 79 33 37 48 79
2 59 2 31 43 44 51 59
16 50 16 35 41 50
25 80 25 80
8 9 8 9
2 20 2 9 13 20
8 25 8 9 13 16 23 25
2 64 2 33 37 49 51 58 61 64
6 83 6 37 52 83
39 72 39 58 67 72
8 70 8 28 41 70
33 86 33 78 80 81 83 86
27 67 27 32 58 67
22 34 22 34
42 72 42 57 72
33 86 33 51 60 66 78 80 81 83 86
15 26 15 21 26
43 61 43 47 61
34 50 34 45 50
2 33 2 13 16 23 25 33
27 67 27 29 37 49 51 67
23 66 23 66
38 64 38 41 49 51 64
58 73 58 73
14 41 14 25 38 41
30 80 30 39 57 63 80
3 16 3 9 13 16
7 86 7 40 72 78 81 83 86
21 37 21 26 28 37
56 63 56 62 63
13 47 13 28 35 43 47
18 72 18 20 72
14 70 14 30 34 38 42 70
25 44 25 35 43 44
2 89 2 57 72 78 84 89
16 29 16 24 29
33 54 33 37 48 54
58 86 58 64 71 83 86
40 89 40 64 80 81 83 89
34 84 34 45 57 78 84
16 53 16 31 43 44 53
6 79 6 31 43 44 79
20 81 20 26 67 72 78 80 81
34 71 34 59 64 71
34 44 34 44
4 34 4 13 24 30 34
33 48 33 37 48
3 88 3 14 30 48 72 82 85 88
25 48 25 33 37 48
19 34 19 20 30 34
40 89 40 42 46 77 89
37 79 37 48 79
16 66 16 31 43 44 51 59 66
38 60 38 41 50 51 60
4 51 4 23 35 41 49 51
2 59 2 31 43 44 51 59
1 64 1 37 51 59 64
20 44 20 32 44
3 33 3 9 16 23 25 33
22 51 22 25 38 42 51
20 83 20 55 57 78 81 83
7 52 7 14 34 45 52
16 71 16 38 70 71
62 88 62 72 88
6 54 6 27 29 48 54
74 88 74 85 88
41 71 41 50 60 66 71
20 80 20 26 28 49 72 78 80
14 43 14 19 20 26 28 35 43
56 88 56 82 85 88
35 78 35 56 78
58 75 58 61 75
23 61 23 37 40 42 51 58 61
14 43 14 25 35 43
22 70 22 43 70
4 82 4 82
14 34 14 19 20 30 34
39 77 39 46 77
2 13 2 13
9 36 9 17 29 36
64 81 64 80 81
39 89 39 58 64 81 83 89
78 81 78 81
30 47 30 34 47
9 50 9 13 26 28 35 41 50
8 16 8 13 16
8 37 8 28 37
21 64 21 58 61 64
56 63 56 62 63
72 81 72 78 80 81
30 66 30 48 54 59 66
37 52 37 48 52
19 30 19 20 30
7 75 7 29 37 51 58 61 75
18 30 18 20 30
28 77 28 46 77
19 41 19 38 41
26 53 26 38 41 53
21 58 21 26 38 41 50 51 58
3 34 3 9 24 30 34
8 64 8 28 35 56 64
40 78 40 78
9 84 9 24 29 43 70 71 84
42 59 42 51 59
70 83 70 71 83
3 82 3 58 64 82
2 9 2 9
2 72 2 23 55 57 72
37 52 37 52
34 52 34 45 52
31 57 31 39 57
56 72 56 62 72
60 66 60 66
37 67 37 48 52 67
14 78 14 59 66 78
3 43 3 16 29 36 43
26 52 26 28 37 52
16 61 16 35 41 50 51 58 61
13 50 13 36 50
4 26 4 8 13 14 19 20 26
7 36 7 27 29 36
42 59 42 51 59
7 83 7 64 80 83
20 53 20 26 38 41 53
40 58 40 51 58
38 57 38 41 57
8 60 8 41 50 60
19 33 19 33
6 24 6 24
38 60 38 41 50 60
35 41 35 41
37 54 37 48 54
56 89 56 78 80 81 83 89
34 47 34 47
15 25 15 22 25
14 72 14 42 70 72
72 81 72 78 80 81
26 75 26 40 42 51 58 61 75
30 54 30 48 54
31 82 31 68 74 82
70 81 70 72 78 80 81
16 83 16 38 42 57 78 80 83
11 77 11 77
6 44 6 31 43 44
16 83 16 48 72 78 81 83
30 80 30 53 72 78 80
23 44 23 32 44
4 41 4 30 41
22 64 22 43 64
37 81 37 72 78 80 81
51 80 51 58 67 72 78 80
13 24 13 16 24
60 81 60 66 78 81
64 71 64 71
30 71 30 44 61 64 71
18 25 18 22 25
23 61 23 37 40 42 51 58 61
57 80 57 63 80
38 57 38 41 57
19 30 19 20 30
19 60 19 38 41 50 60
15 82 15 22 59 71 82
28 60 28 37 40 51 60
2 30 2 9 17 20 30
30 79 30 48 79
31 88 31 68 69 87 88
40 58 40 51 58
31 64 31 56 64
37 61 37 40 42 51 58 61
27 61 27 34 45 55 58 61
13 50 13 24 50
2 77 2 23 49 51 59 77
38 70 38 70
35 88 35 43 80 81 83 88
43 71 43 64 71
6 61 6 16 35 43 47 61
27 73 27 29 36 37 48 52 67 73
2 33 2 33
43 73 43 47 67 73
9 79 9 20 30 41 79
33 66 33 51 59 66
35 82 35 39 60 66 71 82
25 71 25 38 42 64 71
7 45 7 27 34 45
8 27 8 13 24 27
25 54 25 33 37 48 54
11 30 11 20 30
43 55 43 44 55
26 50 26 28 41 50
11 89 11 58 77 89
42 88 42 87 88
2 43 2 23 25 35 43
6 73 6 31 39 58 73
23 61 23 32 48 61
2 60 2 14 25 38 41 49 51 60
22 37 22 33 37
21 89 21 42 51 59 71 84 89
23 73 23 55 58 73
2 78 2 70 72 78
33 61 33 61
37 75 37 40 51 58 61 75
2 41 2 14 19 21 26 38 41
2 70 2 13 36 37 40 42 70
1 77 1 2 33 39 46 77
30 45 30 34 45
30 54 30 54
11 72 11 70 72
7 53 7 32 53
42 59 42 51 59
4 70 4 41 70
4 51 4 23 32 51
40 63 40 42 62 63
74 88 74 85 88
15 64 15 26 40 42 51 58 64
11 20 11 20
1 7 1 7
4 23 4 13 16 23
31 72 31 39 58 67 72
30 61 30 34 45 55 58 61
60 71 60 66 71
13 36 13 29 36
3 78 3 30 53 72 78
20 52 20 32 48 52
4 16 4 13 16
43 83 43 75 80 83
1 72 1 26 42 51 58 67 72
31 58 31 39 58
37 81 37 72 78 80 81
28 59 28 41 59
2 59 2 33 51 59
6 45 6 18 34 45
3 23 3 9 13 16 23
13 55 13 14 34 44 55
34 48 34 48
43 53 43 44 53
23 67 23 44 55 67
38 77 38 42 46 77
1 57 1 39 57
34 80 34 48 54 59 64 80
33 81 33 39 60 66 78 80 81
2 34 2 9 13 24 30 34
33 66 33 39 60 66
14 33 14 25 33
74 82 74 82
59 80 59 66 78 80
11 59 11 35 43 44 51 59
22 60 22 43 44 51 60
39 58 39 58
11 59 11 33 37 40 51 59
42 60 42 51 60
18 63 18 20 55 57 63
6 32 6 17 32
21 88 21 59 69 87 88
22 59 22 31 43 44 51 59
30 83 30 53 80 83
87 88 87 88
25 48 25 33 37 48
14 43 14 19 20 26 28 35 43
20 54 20 32 48 54
58 61 58 61
13 83 13 60 66 78 80 83
6 52 6 30 34 45 52
19 41 19 21 26 38 41
21 51 21 42 51
7 67 7 32 48 54 67
2 16 2 13 16
28 78 28 49 72 78
40 82 40 68 74 82
20 73 20 30 44 73
8 64 8 9 50 51 59 64
2 34 2 13 24 27 34
13 75 13 49 51 58 61 75
11 37 11 21 26 28 37
39 57 39 57
27 44 27 32 44
3 43 3 27 29 36 43
39 89 39 58 64 81 83 89
8 30 8 9 20 30
23 50 23 25 35 41 50
23 83 23 66 78 80 81 83
70 81 70 81
16 52 16 29 43 52
9 79 9 16 29 48 79
4 89 4 60 66 77 89
42 51 42 51
16 83 16 23 28 64 80 83
20 86 20 40 42 62 72 86
16 84 16 27 44 78 84
34 84 34 59 71 84
7 53 7 14 25 35 41 53
8 41 8 13 20 26 28 41
68 82 68 74 82
27 86 27 79 81 83 86
3 89 3 64 71 83 89
20 47 20 26 28 35 43 47
2 27 2 9 24 27
8 33 8 13 16 23 25 33
9 81 9 24 30 53 80 81
35 78 35 59 66 78
14 34 14 19 20 30 34
7 81 7 33 39 60 66 78 80 81
2 72 2 70 72
41 67 41 67
26 75 26 40 51 58 61 75
3 57 3 15 30 34 44 55 57
7 75 7 28 35 41 49 51 58 61 75
1 64 1 3 9 20 30 48 52 64
30 44 30 34 44
46 88 46 77 88
1 88 1 3 9 50 82 85 88
23 79 23 25 79
7 55 7 15 30 44 55
31 78 31 43 75 78
49 89 49 72 78 80 81 83 89
15 33 15 22 33
59 83 59 71 83
40 59 40 42 51 59
31 59 31 43 44 51 59
34 79 34 48 79
34 66 34 59 66
3 43 3 27 29 43
21 82 21 40 63 82
3 72 3 16 40 42 70 72
70 86 70 81 83 86
51 71 51 60 66 71
30 55 30 34 45 55
6 66 6 40 51 59 66
30 47 30 34 47
20 61 20 30 39 58 61
27 80 27 44 61 64 80
70 86 70 81 83 86
15 41 15 22 34 38 41
3 70 3 37 40 42 70
3 88 3 58 85 88
40 58 40 51 58
3 25 3 16 23 25
42 58 42 51 58
11 57 11 33 37 40 42 57
25 79 25 35 41 79
25 61 25 40 42 51 58 61
4 58 4 23 28 35 43 44 51 58
7 75 7 14 34 45 75
2 88 2 31 68 69 88
31 57 31 43 44 55 57
63 80 63 80
11 60 11 20 40 42 51 60
21 82 21 42 62 74 82
18 33 18 22 25 33
30 84 30 48 75 78 84
51 86 51 58 64 80 83 86
70 71 70 71
21 88 21 40 60 69 88
18 41 18 20 26 38 41
13 36 13 24 27 29 36
25 83 25 81 83
7 86 7 64 80 83 86
25 81 25 62 72 78 81
25 61 25 33 39 58 61
14 88 14 70 71 84 88
56 72 56 62 72
49 60 49 51 60
6 52 6 15 22 25 33 52
38 78 38 42 57 72 78
23 80 23 25 80
22 34 22 34
16 29 16 27 29
58 67 58 67
30 52 30 34 48 52
37 67 37 51 58 67
2 88 2 57 82 85 88
34 53 34 38 41 53
28 77 28 35 43 47 77
21 37 21 26 28 37
8 25 8 9 17 25
33 52 33 37 52
59 66 59 66
64 86 64 81 83 86
23 44 23 35 43 44
27 52 27 34 45 52
30 61 30 48 61
11 64 11 59 64
11 88 11 20 39 60 69 88
8 16 8 13 16
27 61 27 44 51 58 61
56 64 56 64
15 57 15 26 40 42 57
2 43 2 13 29 43
6 54 6 54
7 80 7 29 43 52 78 80
11 34 11 20 30 34
30 83 30 50 51 64 80 83
31 57 31 39 57
4 60 4 49 51 60
38 88 38 70 82 85 88
51 80 51 60 66 78 80
34 81 34 59 64 81
58 86 58 64 71 83 86
34 75 34 45 75
25 71 25 33 49 51 60 66 71
16 86 16 83 86
49 77 49 51 67 77
2 88 2 9 13 46 77 87 88
15 57 15 21 40 42 57
18 89 18 59 77 89
3 51 3 9 16 23 25 33 51
8 78 8 41 50 60 66 78
40 72 40 51 58 67 72
85 88 85 88
6 73 6 30 44 73
1 78 1 72 78
16 79 16 27 29 48 79
25 66 25 40 51 60 66
25 67 25 33 52 67
4 88 4 41 72 86 88
25 48 25 33 37 48
28 72 28 37 40 42 62 72
23 80 23 32 58 64 80
28 72 28 37 48 54 72
2 43 2 13 20 26 28 35 43
21 70 21 40 42 70
1 60 1 2 18 34 45 50 60
27 36 27 29 36
28 41 28 35 41
3 23 3 9 13 16 23
28 72 28 49 51 58 67 72
11 43 11 20 26 28 35 43
16 66 16 31 39 60 66
11 51 11 20 30 50 51
11 58 11 21 42 51 58
9 29 9 13 29
28 58 28 41 50 51 58
7 32 7 27 32
2 13 2 13
30 55 30 34 44 55
11 30 11 20 30
51 84 51 64 71 84
78 81 78 80 81
4 26 4 8 9 17 20 26
18 72 18 20 55 57 72
4 63 4 13 36 43 44 55 57 63
37 73 37 48 54 73
14 58 14 34 45 55 58
60 84 60 66 71 84
1 13 1 3 9 13
13 53 13 28 41 53
28 51 28 41 49 51
14 58 14 28 41 50 51 58
2 70 2 70
16 54 16 48 54
28 58 28 49 51 58
60 80 60 66 78 80
4 37 4 13 28 37
31 58 31 39 58
46 89 46 77 89
19 34 19 20 30 34
21 26 21 26
35 64 35 59 64
1 77 1 13 24 43 52 67 77
60 83 60 66 71 83
16 61 16 28 58 61
8 88 8 34 67 72 82 85 88
59 71 59 71
62 78 62 72 78
41 80 41 79 80
33 84 33 37 49 72 78 84
14 59 14 34 59
21 59 21 59
9 36 9 17 29 36
26 47 26 28 35 43 47
25 84 25 40 78 84
23 32 23 32
22 70 22 31 43 70
57 80 57 63 80
1 30 1 19 20 30
9 83 9 60 66 83
30 80 30 48 61 75 80
14 72 14 28 35 39 57 72
15 82 15 22 59 71 82
31 78 31 39 60 66 78
41 84 41 66 78 84
20 75 20 39 58 61 75
51 84 51 60 66 71 84
3 78 3 14 78
64 86 64 81 83 86
7 48 7 27 34 48
25 61 25 40 42 51 58 61
16 71 16 40 42 70 71
23 52 23 32 48 52
9 79 9 24 30 41 79
7 48 7 32 48
25 48 25 33 37 48
16 55 16 28 35 43 44 55
20 55 20 55
25 50 25 35 41 50
1 41 1 3 14 25 35 41
15 34 15 22 34
28 51 28 37 40 42 51
19 30 19 20 30
4 72 4 56 62 72
27 54 27 32 48 54
8 13 8 13
6 47 6 15 21 26 28 35 43 47
1 78 1 58 61 75 78
33 79 33 37 48 79
8 27 8 9 24 27
22 34 22 34
33 54 33 37 48 54
16 86 16 83 86
27 54 27 29 36 37 48 54
6 80 6 31 43 75 80
39 89 39 46 77 89
30 80 30 80
40 78 40 78
19 34 19 20 30 34
51 80 51 58 78 80
14 58 14 30 44 51 58
42 78 42 57 78
7 44 7 43 44
42 88 42 70 88
16 45 16 24 27 34 45
23 71 23 55 58 61 64 71
15 51 15 21 42 51
58 80 58 64 80
6 45 6 16 24 27 34 45
9 81 9 50 51 59 66 78 80 81
40 57 40 42 57
27 45 27 34 45
49 64 49 51 58 61 64
42 82 42 64 68 74 82
11 57 11 35 41 57
14 43 14 25 35 43
21 82 21 42 64 68 74 82
16 83 16 44 61 75 80 81 83
9 55 9 13 24 43 44 55
4 78 4 60 66 78
22 60 22 43 44 51 60
6 24 6 16 24
21 51 21 26 28 41 50 51
41 73 41 49 51 58 73
9 86 9 57 72 86
9 47 9 13 24 27 34 47
31 51 31 43 44 51
31 70 31 43 70
39 88 39 85 88
4 72 4 56 62 72
8 78 8 34 47 75 78
11 82 11 20 30 39 60 66 71 82
1 16 1 13 16
18 89 18 34 67 72 78 80 81 83 89
21 78 21 40 78
3 26 3 9 13 20 26
22 33 22 25 33
9 44 9 16 29 43 44
23 86 23 25 79 83 86
15 72 15 58 67 72
3 13 3 9 13
37 54 37 48 54
33 52 33 37 52
28 51 28 49 51
38 57 38 41 57
26 61 26 40 51 58 61
4 63 4 13 36 55 63
14 25 14 25
14 89 14 19 43 77 89
20 48 20 26 28 37 48
41 50 41 50
1 82 1 58 67 72 82
19 43 19 21 26 28 35 43
18 70 18 22 31 43 70
19 26 19 21 26
37 48 37 48
39 77 39 46 77
4 89 4 13 26 55 57 72 78 80 83 89
14 88 14 70 81 83 86 88
33 48 33 37 48
35 89 35 59 77 89
30 45 30 34 45
14 60 14 28 35 41 50 60
11 77 11 59 77
8 78 8 34 38 41 49 51 58 61 75 78
20 73 20 40 42 51 67 73
1 33 1 19 33
78 80 78 80
13 79 13 26 38 41 79
1 63 1 37 40 63
9 53 9 13 26 28 41 53
11 89 11 77 89
6 84 6 21 59 66 78 84
19 70 19 21 26 40 42 70
1 23 1 2 9 16 23
43 86 43 64 80 83 86
38 70 38 70
16 44 16 44
25 54 25 33 37 48 54
25 80 25 35 72 78 80
27 29 27 29
22 59 22 59
16 29 16 24 27 29
16 52 16 29 36 43 52
37 71 37 49 51 58 61 64 71
18 60 18 34 45 50 51 60
13 83 13 28 78 80 81 83
22 82 22 34 59 71 82
33 54 33 37 48 54
4 26 4 8 13 14 19 20 26
16 48 16 24 29 36 48
22 59 22 43 44 51 59
3 64 3 51 59 64
9 73 9 20 30 54 73
11 77 11 35 43 46 77
16 55 16 31 43 44 55
42 82 42 70 72 82
16 86 16 35 63 80 81 83 86
19 34 19 20 30 34
8 27 8 9 24 27
11 33 11 33
14 89 14 19 43 77 89
13 67 13 24 43 44 55 58 67
27 73 27 58 73
19 33 19 33
33 54 33 37 48 54
28 59 28 41 59
30 81 30 34 38 63 80 81
2 33 2 18 22 33
28 60 28 35 39 60
3 88 3 16 68 74 85 88
3 25 3 9 16 23 25
2 70 2 70
49 60 49 51 60
25 86 25 62 63 80 83 86
18 82 18 34 47 75 82
27 79 27 79
3 26 3 14 19 21 26
3 20 3 9 20
13 73 13 29 43 47 67 73
25 61 25 40 42 51 58 61
19 78 19 43 52 67 72 78
18 60 18 20 40 51 60
7 73 7 29 36 50 51 67 73
7 54 7 32 48 54
23 47 23 35 43 47
8 33 8 13 16 23 25 33
15 63 15 22 31 56 62 63
70 83 70 72 78 80 83
33 48 33 37 48
25 48 25 33 37 48
33 73 33 49 51 67 73
11 89 11 20 77 89
40 60 40 60
37 54 37 48 54
7 48 7 28 37 48
21 77 21 26 42 46 77
2 60 2 33 37 51 60
35 60 35 41 49 51 60
58 71 58 64 71
70 83 70 71 83
39 72 39 57 72
33 52 33 37 48 52
41 67 41 67
4 43 4 13 29 43
11 26 11 20 26
56 78 56 78
4 51 4 49 51
27 52 27 34 48 52
16 79 16 24 32 44 79
41 79 41 79
1 59 1 37 59
23 80 23 57 78 80
34 81 34 38 60 66 78 80 81
22 60 22 60
7 44 7 27 32 44
9 55 9 13 24 29 43 44 55
27 67 27 32 44 55 67
51 80 51 59 64 80
9 73 9 17 33 49 51 58 73
6 84 6 24 64 71 84
35 60 35 43 44 51 60
1 33 1 3 15 22 33
34 80 34 44 53 72 78 80
58 67 58 67
27 29 27 29
15 37 15 22 33 37
4 88 4 49 72 87 88
11 89 11 35 72 78 84 89
34 79 34 48 79
11 82 11 68 74 82
1 51 1 3 21 40 42 51
2 20 2 14 19 20
41 66 41 66
2 58 2 23 35 41 50 51 58
43 73 43 52 67 73
33 86 33 49 51 60 66 83 86
22 43 22 31 43
4 78 4 23 55 58 67 72 78
9 55 9 17 32 44 55
23 84 23 44 78 84
4 82 4 60 66 71 82
18 51 18 34 44 51
27 80 27 44 79 80
30 45 30 34 45
11 70 11 35 41 70
8 20 8 13 14 19 20
63 86 63 83 86
38 60 38 42 51 60
43 83 43 64 80 81 83
2 88 2 70 72 87 88
4 37 4 13 28 37
74 82 74 82
60 80 60 66 78 80
58 71 58 61 64 71
14 89 14 70 71 83 89
34 71 34 47 61 64 71
9 71 9 24 34 44 64 71
8 82 8 28 49 51 64 82
15 72 15 58 67 72
1 58 1 7 15 30 34 44 55 58
15 70 15 22 34 38 41 70
43 79 43 44 79
78 86 78 81 83 86
15 43 15 22 43
9 17 9 17
70 83 70 81 83
16 66 16 28 35 41 59 66
21 43 21 26 28 35 43
72 81 72 78 81
8 57 8 28 35 39 57
30 50 30 50
9 55 9 13 24 43 44 55
34 66 34 45 50 51 59 66
4 37 4 8 13 14 25 33 37
51 80 51 80
8 58 8 34 44 55 58
3 27 3 16 24 27
40 60 40 51 60
56 89 56 62 72 78 80 83 89
40 58 40 42 51 58
7 61 7 29 36 55 61
2 63 2 9 17 55 57 63
33 54 33 37 48 54
11 59 11 21 59
7 52 7 43 52
4 58 4 49 51 58
22 89 22 34 79 84 89
16 71 16 23 35 59 71
35 82 35 59 66 71 82
33 67 33 52 67
16 86 16 27 44 53 72 78 80 81 83 86
7 48 7 15 26 28 37 48
1 88 1 13 84 88
21 60 21 26 38 60
6 52 6 21 26 28 35 43 52
78 86 78 80 81 83 86
49 78 49 72 78
38 51 38 42 51
33 73 33 73
8 89 8 58 61 64 71 83 89
26 66 26 38 60 66
4 88 4 69 87 88
39 77 39 46 77
38 72 38 42 57 72
49 88 49 72 88
60 84 60 66 71 84
18 78 18 21 26 42 70 72 78
2 27 2 13 24 27
37 52 37 48 52
11 78 11 21 42 62 72 78
2 63 2 33 39 57 63
16 61 16 29 43 44 55 61
3 78 3 51 67 72 78
20 45 20 30 34 45
20 55 20 32 44 55
7 47 7 43 47
13 44 13 29 43 44
18 59 18 59
68 82 68 74 82
11 60 11 20 39 60
16 81 16 29 75 78 81
6 53 6 27 44 53
3 63 3 16 28 41 57 63
2 13 2 9 13
25 61 25 35 41 49 51 58 61
51 66 51 59 66
4 58 4 41 50 51 58
41 71 41 59 64 71
34 71 34 47 61 64 71
41 67 41 67
42 51 42 51
30 55 30 34 45 55
16 81 16 44 53 72 78 81
62 72 62 72
4 82 4 8 58 68 74 82
28 57 28 35 43 44 55 57
40 58 40 51 58
4 78 4 49 51 60 66 78
27 36 27 29 36
23 81 23 35 41 57 78 80 81
26 83 26 38 41 67 72 78 81 83
14 30 14 30
6 81 6 37 48 54 75 80 81
43 67 43 44 55 67
23 79 23 28 37 48 79
19 63 19 43 44 55 63
40 64 40 64
3 33 3 14 19 33
34 75 34 45 54 75
6 83 6 37 52 83
2 64 2 23 28 64
7 32 7 27 32
19 30 19 20 30
20 44 20 30 34 44
9 66 9 50 59 66
43 66 43 44 51 59 66
28 63 28 35 63
11 78 11 59 66 78
20 67 20 32 58 67
30 54 30 54
22 78 22 43 62 72 78
8 57 8 13 24 30 44 55 57
40 72 40 42 51 58 67 72
3 58 3 9 24 34 45 50 51 58
2 37 2 14 28 37
1 13 1 2 13
34 86 34 45 57 78 81 83 86
15 82 15 26 40 51 67 72 82
11 70 11 35 41 70
4 25 4 23 25
13 44 13 28 35 43 44
18 72 18 22 43 52 67 72
13 71 13 64 71
59 83 59 71 83
19 43 19 20 26 28 35 43
9 71 9 71
14 26 14 19 20 26
30 73 30 41 49 51 67 73
20 50 20 30 50
85 88 85 88
34 71 34 48 61 64 71
42 72 42 70 72
57 80 57 63 80
60 80 60 66 78 80
34 47 34 47
78 84 78 84
37 83 37 40 51 59 66 78 81 83
34 81 34 47 61 64 80 81
14 33 14 19 33
30 67 30 39 58 67
27 75 27 29 37 49 51 58 61 75
18 20 18 20
19 37 19 33 37
60 81 60 66 78 80 81
11 64 11 58 64
1 30 1 2 14 30
51 86 51 59 64 71 83 86
16 36 16 27 29 36
60 71 60 66 71
42 60 42 51 60
28 89 28 77 89
13 50 13 36 50
20 73 20 32 51 58 67 73
25 71 25 40 51 59 64 71
18 51 18 22 25 40 51
11 37 11 21 26 28 37
7 53 7 32 53
7 71 7 41 59 64 71
40 88 40 82 85 88
42 60 42 51 60
1 26 1 3 14 19 21 26
23 44 23 35 43 44
72 86 72 78 81 83 86
9 48 9 17 25 33 37 48
2 13 2 9 13
16 55 16 28 35 43 44 55
21 43 21 26 28 35 43
22 60 22 31 39 60
22 43 22 43
19 51 19 21 26 40 51
25 73 25 38 41 67 73
9 50 9 20 26 28 35 41 50
1 27 1 3 9 24 27
34 81 34 67 72 78 81
74 82 74 82
34 71 34 47 61 64 71
4 27 4 13 16 24 27
14 20 14 19 20
8 78 8 28 35 39 58 61 75 78
16 86 16 44 53 80 81 83 86
51 83 51 67 72 78 80 83
9 52 9 13 36 43 52
18 26 18 20 26
2 78 2 70 72 78
28 37 28 37
2 9 2 9
6 67 6 27 44 55 67
33 48 33 37 48
1 41 1 3 30 41
25 83 25 38 63 80 81 83
62 89 62 63 80 81 83 89
25 44 25 35 43 44
8 89 8 34 67 72 78 80 81 83 89
16 83 16 23 28 64 80 83
18 88 18 22 31 39 60 69 87 88
16 24 16 24
64 83 64 81 83
41 81 41 59 66 78 80 81
6 54 6 17 32 48 54
2 51 2 31 43 44 51
40 59 40 42 51 59
16 71 16 23 35 59 71
40 57 40 42 57
33 61 33 61
64 83 64 80 83
30 55 30 44 55
9 45 9 20 30 34 45
18 34 18 22 34
11 72 11 70 72
16 48 16 24 32 48
60 80 60 66 78 80
15 60 15 22 43 44 51 60
34 80 34 59 64 80
3 41 3 30 41
78 83 78 81 83
1 20 1 7 14 19 20
37 81 37 40 60 66 78 81
18 89 18 21 58 77 89
14 34 14 34
14 77 14 77
18 20 18 20
30 75 30 54 75
16 79 16 28 35 43 44 79
31 43 31 43
43 84 43 62 72 78 84
2 78 2 9 60 66 78
21 37 21 26 28 37
16 81 16 29 36 37 40 64 80 81
8 58 8 41 49 51 58
6 61 6 30 44 55 58 61
2 34 2 18 34
4 89 4 13 16 31 39 57 80 81 83 89
9 66 9 20 59 66
28 41 28 35 41
23 73 23 44 51 58 73
27 44 27 32 44
1 33 1 19 33
25 67 25 33 51 58 67
9 83 9 71 83
11 51 11 35 43 44 51
8 57 8 34 45 55 57
13 45 13 16 27 34 45
38 77 38 41 59 77
25 75 25 38 42 51 58 61 75
26 80 26 55 67 72 78 80
8 63 8 41 63
2 27 2 13 24 27
26 80 26 80
22 57 22 25 57
16 29 16 29
21 26 21 26
7 29 7 27 29
3 78 3 21 26 67 72 78
2 88 2 31 68 69 88
42 77 42 46 77
8 33 8 13 16 23 25 33
56 89 56 64 80 81 83 89
46 89 46 77 89
33 84 33 52 71 84
26 73 26 67 73
11 64 11 58 61 64
20 67 20 30 48 54 67
3 33 3 14 19 33
18 37 18 21 26 28 37
14 20 14 19 20
8 63 8 28 35 39 57 63
13 45 13 24 30 34 45
64 83 64 71 83
8 37 8 9 16 23 37
31 59 31 43 44 51 59
72 84 72 78 84
9 32 9 16 27 32
2 78 2 72 78
11 59 11 59
14 25 14 25
18 51 18 20 40 42 51
9 66 9 20 59 66
25 50 25 35 41 50
18 59 18 20 26 40 42 51 59
21 82 21 26 68 74 82
46 77 46 77
6 54 6 15 22 34 48 54
13 86 13 20 39 60 66 83 86
16 24 16 24
19 70 19 21 26 40 42 70
25 54 25 33 37 48 54
60 66 60 66
63 81 63 80 81
2 23 2 23
13 29 13 24 29
58 83 58 67 72 78 80 83
14 72 14 34 38 42 51 67 72
20 32 20 32
43 67 43 47 67
1 25 1 13 16 23 25
20 44 20 32 44
27 55 27 34 44 55
13 32 13 20 32
28 88 28 58 85 88
11 72 11 33 67 72
27 79 27 29 36 43 44 55 79
2 72 2 31 56 62 72
13 50 13 24 34 45 50
31 59 31 43 44 51 59
15 37 15 26 28 37
41 75 41 49 51 58 61 75
56 89 56 64 80 81 83 89
20 83 20 39 60 66 83
13 52 13 24 34 45 52
35 72 35 41 67 72
43 81 43 64 81
33 52 33 37 48 52
9 80 9 24 32 53 72 78 80
38 58 38 41 50 51 58
3 26 3 14 19 20 26
2 20 2 14 19 20
2 78 2 9 60 66 78
6 45 6 18 20 30 34 45
51 67 51 58 67
41 79 41 79
30 79 30 48 79
33 80 33 61 64 80
8 43 8 13 36 43
2 13 2 9 13
38 51 38 42 51
8 25 8 13 14 25
9 79 9 13 28 41 79
3 59 3 38 42 51 59
39 82 39 60 66 71 82
41 53 41 53
20 81 20 30 50 59 64 80 81
6 80 6 30 48 61 64 80
19 60 19 20 26 40 42 51 60
41 83 41 53 80 83
19 82 19 33 62 72 82
4 78 4 13 49 72 78
33 83 33 52 80 83
33 54 33 37 48 54
4 63 4 41 57 63
2 13 2 9 13
26 52 26 28 37 52
57 83 57 72 78 81 83
51 61 51 58 61
19 78 19 33 37 72 78
27 36 27 29 36
30 73 30 41 50 51 67 73
13 73 13 48 54 67 73
37 75 37 40 51 58 61 75
16 71 16 27 44 55 58 61 64 71
20 86 20 56 78 81 83 86
22 77 22 25 40 51 59 66 77
56 72 56 62 72
43 53 43 44 53
25 61 25 38 42 51 58 61
25 75 25 38 42 51 58 61 75
40 88 40 72 87 88
1 16 1 2 9 16
3 23 3 16 23
28 72 28 37 48 54 72
22 43 22 25 35 43
20 52 20 26 28 37 52
9 73 9 16 29 36 37 49 51 58 73
64 86 64 81 83 86
40 72 40 51 58 67 72
15 41 15 21 26 28 35 41
16 36 16 24 29 36
19 34 19 20 30 34
25 53 25 35 41 53
11 59 11 20 26 38 42 51 59
25 67 25 40 51 67
8 51 8 34 44 51
15 51 15 30 50 51
14 70 14 70
16 66 16 35 39 60 66
3 30 3 15 30
20 86 20 66 83 86
28 37 28 37
18 20 18 20
3 77 3 27 29 37 40 51 59 66 77
16 48 16 27 32 48
7 83 7 43 80 81 83
6 36 6 24 29 36
2 9 2 9
18 20 18 20
7 54 7 27 29 36 37 48 54
70 83 70 72 78 80 83
60 86 60 66 78 81 83 86
34 71 34 44 55 61 64 71
4 16 4 13 16
3 33 3 14 19 33
3 64 3 16 23 35 39 58 64
58 83 58 78 81 83
27 29 27 29
21 57 21 40 42 57
49 78 49 72 78
41 83 41 79 81 83
23 50 23 25 35 41 50
37 67 37 48 52 67
18 88 18 22 87 88
9 45 9 16 24 30 34 45
19 72 19 21 42 62 72
30 75 30 50 51 58 61 75
27 75 27 34 45 54 75
13 73 13 14 28 35 39 58 73
21 26 21 26
22 59 22 43 44 51 59
39 57 39 57
6 50 6 21 26 38 41 50
40 63 40 42 62 63
7 54 7 32 48 54
35 88 35 41 70 88
30 48 30 48
41 66 41 49 51 60 66
15 82 15 58 61 75 82
39 82 39 60 66 71 82
34 84 34 48 54 75 78 84
38 82 38 63 82
14 51 14 31 43 44 51
18 58 18 34 38 42 51 58
25 67 25 40 51 67
3 72 3 30 34 38 41 50 51 67 72
22 88 22 60 82 85 88
2 60 2 9 20 39 60
39 89 39 58 64 81 83 89
21 89 21 40 63 80 81 83 89
2 23 2 9 13 16 23
35 78 35 41 50 59 66 78
8 43 8 9 16 35 43
15 58 15 21 42 51 58
14 89 14 59 77 89
13 75 13 20 39 58 61 75
15 77 15 30 50 51 58 67 77
38 82 38 41 70 72 82
72 86 72 78 81 83 86
43 47 43 47
11 70 11 35 41 70
64 80 64 80
13 71 13 49 51 58 64 71
43 81 43 80 81
9 29 9 16 24 27 29
37 54 37 48 54
22 33 22 33
4 72 4 70 72
51 83 51 64 80 83
28 58 28 41 49 51 58
2 25 2 18 22 25
39 57 39 57
27 53 27 34 44 53
38 41 38 41
13 29 13 24 29
8 64 8 34 45 55 61 64
27 79 27 29 37 48 79
49 77 49 51 60 66 77
15 30 15 30
18 37 18 21 26 28 37
72 86 72 78 80 83 86
34 71 34 59 64 71
3 72 3 58 67 72
33 48 33 37 48
20 54 20 32 48 54
8 57 8 40 42 57
28 70 28 37 40 42 70
11 26 11 21 26
21 72 21 42 62 72
6 73 6 21 58 67 73
9 47 9 13 24 27 34 47
6 71 6 71
23 44 23 44
26 52 26 28 35 43 52
38 89 38 41 72 78 81 83 89
30 61 30 44 51 58 61
20 80 20 30 80
23 50 23 28 41 50
41 86 41 63 83 86
6 80 6 27 53 72 78 80
23 79 23 55 79
18 89 18 34 44 61 75 78 80 83 89
58 67 58 67
7 61 7 43 47 61
13 81 13 24 55 67 72 78 80 81
1 34 1 3 14 30 34
16 55 16 31 43 44 55
19 82 19 38 63 82
14 60 14 19 33 39 60
30 53 30 34 44 53
4 89 4 41 63 83 89
28 72 28 41 49 51 58 67 72
58 83 58 67 72 78 81 83
35 72 35 39 58 67 72
19 60 19 21 40 42 51 60
70 81 70 72 78 80 81
30 79 30 34 45 55 79
4 26 4 8 13 20 26
19 43 19 20 26 28 35 43
21 59 21 40 51 59
3 43 3 14 19 20 26 28 35 43
21 72 21 40 42 57 72
38 41 38 41
72 80 72 78 80
23 44 23 28 35 43 44
18 72 18 20 55 57 72
14 89 14 59 89
8 82 8 41 63 82
27 83 27 78 80 83
7 75 7 29 43 44 55 61 75
60 66 60 66
39 60 39 60
23 73 23 32 47 67 73
27 79 27 32 48 79
7 36 7 29 36
33 75 33 49 51 58 61 75
25 75 25 33 37 49 51 58 61 75
51 80 51 80
25 73 25 40 42 51 67 73
62 88 62 72 88
22 34 22 34
19 77 19 38 60 66 77
2 82 2 13 74 82
1 88 1 39 58 67 77 87 88
14 51 14 31 43 44 51
14 88 14 42 51 67 77 87 88
6 79 6 15 22 33 37 48 79
37 86 37 52 78 80 83 86
16 45 16 27 34 45
28 88 28 35 43 62 63 82 85 88
22 41 22 25 38 41
27 75 27 34 44 51 58 61 75
8 72 8 9 57 72
34 54 34 48 54
3 41 3 30 41
25 54 25 33 37 48 54
6 52 6 27 52
56 89 56 64 71 84 89
78 86 78 80 81 83 86
15 30 15 30
39 82 39 58 64 68 74 82
7 54 7 29 36 48 54
16 71 16 23 28 49 51 60 66 71
2 70 2 31 43 70
1 43 1 13 26 28 35 43
26 83 26 75 78 80 81 83
18 51 18 22 43 44 51
6 29 6 27 29
8 23 8 9 16 23
2 34 2 9 17 20 30 34
3 33 3 15 22 25 33
42 82 42 70 82
3 60 3 16 35 39 60
7 80 7 40 78 80
19 34 19 20 30 34
15 51 15 26 42 51
7 67 7 29 37 51 67
20 32 20 32
27 55 27 32 44 55
18 78 18 20 26 55 61 75 78
33 86 33 67 72 86
31 60 31 39 60
1 51 1 13 29 37 40 51
21 60 21 40 60
42 51 42 51
33 73 33 37 48 54 67 73
6 48 6 16 27 34 48
1 26 1 3 9 13 20 26
19 59 19 20 59
7 84 7 14 70 71 84
43 73 43 52 67 73
19 58 19 38 42 51 58
27 36 27 29 36
27 50 27 29 36 50
7 29 7 27 29
20 52 20 32 48 52
27 67 27 32 44 55 67
31 51 31 43 44 51
28 70 28 37 40 42 70
4 20 4 13 14 19 20
14 77 14 42 51 59 66 77
22 34 22 34
14 70 14 30 34 38 70
43 47 43 47
58 81 58 61 75 78 80 81
13 71 13 29 43 70 71
13 67 13 28 49 51 67
8 78 8 34 48 52 78
35 58 35 41 49 51 58
51 75 51 58 61 75
22 77 22 59 66 77
30 71 30 50 60 66 71
43 73 43 47 67 73
11 20 11 20
18 59 18 21 42 51 59
28 51 28 49 51
33 84 33 51 64 71 84
27 81 27 79 80 81
38 57 38 42 57
16 83 16 48 72 78 81 83
23 80 23 25 80
13 44 13 14 25 35 43 44
19 88 19 62 72 78 84 88
23 47 23 32 47
7 32 7 27 32
22 89 22 43 64 71 84 89
4 25 4 23 25
63 81 63 80 81
19 77 19 43 77
22 78 22 43 47 75 78
37 86 37 40 64 71 83 86
58 61 58 61
15 41 15 21 26 28 35 41
59 86 59 71 83 86
11 58 11 21 42 51 58
41 71 41 70 71
18 72 18 21 42 70 72
72 83 72 78 81 83
27 54 27 32 48 54
56 72 56 62 72
1 64 1 37 52 64
8 26 8 9 13 20 26
13 50 13 29 36 50
15 82 15 58 68 74 82
7 44 7 32 44
63 83 63 80 83
8 43 8 28 35 43
31 78 31 43 75 78
16 80 16 24 29 43 52 78 80
37 83 37 52 78 80 83
27 48 27 32 48
63 80 63 80
30 55 30 44 55
34 71 34 59 64 71
42 59 42 51 59
21 51 21 26 40 51
34 80 34 79 80
3 78 3 21 26 67 72 78
18 41 18 22 34 38 41
11 78 11 20 55 61 75 78
2 33 2 13 16 23 25 33
15 77 15 30 54 67 77
22 25 22 25
13 83 13 29 48 52 67 72 78 80 83
30 75 30 39 58 61 75
49 82 49 72 82
58 75 58 61 75
34 52 34 48 52
9 29 9 17 29
8 34 8 13 20 30 34
27 55 27 32 44 55
16 80 16 27 34 67 72 78 80
40 60 40 51 60
25 44 25 35 43 44
43 55 43 44 55
13 45 13 16 24 34 45
37 73 37 48 54 67 73
4 60 4 23 49 51 60
7 55 7 43 44 55
9 66 9 13 36 48 54 59 66
2 37 2 18 21 26 28 37
13 83 13 83
51 80 51 58 67 72 78 80
4 60 4 30 50 51 60
13 32 13 20 32
34 71 34 45 64 71
38 82 38 41 67 72 82
56 88 56 64 87 88
62 82 62 63 82
38 60 38 42 51 60
25 83 25 38 63 80 83
35 89 35 72 78 81 83 89
3 25 3 15 22 25
40 77 40 42 51 59 77
22 57 22 31 43 44 55 57
13 52 13 28 37 52
41 81 41 78 81
25 66 25 40 51 60 66
20 48 20 30 34 48
40 72 40 51 58 67 72
46 77 46 77
20 80 20 39 60 66 78 80
26 84 26 75 78 84
4 60 4 60
11 57 11 33 39 57
19 37 19 33 37
1 63 1 37 40 63
8 34 8 9 20 30 34
31 59 31 43 44 51 59
7 84 7 40 42 57 72 78 84
11 72 11 70 72
25 48 25 33 37 48
18 37 18 21 26 28 37
15 25 15 22 25
33 73 33 67 73
41 67 41 67
16 54 16 27 34 48 54
18 58 18 20 32 58
26 48 26 28 37 48
19 26 19 20 26
58 83 58 67 72 78 81 83
20 45 20 30 34 45
1 30 1 19 20 30
15 26 15 21 26
22 57 22 31 43 44 55 57
26 48 26 28 37 48
4 58 4 30 34 38 42 51 58
43 55 43 44 55
30 75 30 50 51 58 61 75
25 47 25 35 43 47
58 86 58 64 71 83 86
25 79 25 38 41 79
13 79 13 26 38 41 79
6 47 6 16 29 43 47
16 55 16 27 34 44 55
28 37 28 37
26 67 26 28 37 48 52 67
37 83 37 48 79 80 81 83
8 64 8 58 64
1 16 1 2 13 16
8 51 8 13 26 42 51
6 32 6 27 32
28 51 28 41 49 51
33 84 33 51 64 71 84
41 50 41 50
46 77 46 77
23 73 23 32 47 67 73
51 71 51 59 66 71
8 9 8 9
21 59 21 59
16 36 16 29 36
15 34 15 30 34
14 70 14 70
27 67 27 32 51 58 67
4 23 4 23
26 50 26 38 41 50
7 32 7 27 32
59 83 59 71 83
14 30 14 19 20 30
8 89 8 62 63 83 89
14 34 14 34
33 83 33 49 72 78 81 83
16 73 16 35 43 52 67 73
8 26 8 13 20 26
14 33 14 25 33
43 73 43 47 67 73
3 58 3 9 16 23 35 41 50 51 58
27 45 27 34 45
18 41 18 20 26 38 41
38 51 38 41 49 51
19 64 19 21 58 61 64
19 51 19 33 37 40 42 51
22 41 22 25 38 41
18 41 18 20 26 28 41
49 58 49 51 58
9 73 9 20 30 54 67 73
11 26 11 21 26
3 33 3 15 22 25 33
20 66 20 40 51 60 66
34 61 34 47 61
2 25 2 18 22 25
31 78 31 56 62 72 78
3 20 3 14 19 20
18 30 18 20 30
20 45 20 30 34 45
63 83 63 80 81 83
41 75 41 49 51 58 61 75
70 81 70 81
16 54 16 48 54
21 37 21 26 28 37
2 30 2 14 30
14 33 14 25 33
34 55 34 45 55
8 20 8 9 20
6 73 6 30 34 45 73
43 84 43 62 72 78 84
7 53 7 43 44 53
7 52 7 15 22 33 37 52
16 79 16 24 32 48 79
14 57 14 30 34 38 42 57
62 78 62 72 78
7 36 7 27 29 36
9 80 9 60 66 78 80
37 61 37 51 58 61
6 47 6 16 24 34 47
18 77 18 20 55 67 77
38 58 38 41 49 51 58
27 32 27 32
38 59 38 42 51 59
60 71 60 66 71
1 34 1 7 27 34
1 33 1 19 33
22 59 22 33 51 59
22 37 22 33 37
30 61 30 50 51 58 61
8 26 8 13 26
27 79 27 44 79
11 77 11 35 41 67 77
30 66 30 44 51 60 66
13 54 13 20 32 48 54
51 73 51 67 73
46 88 46 77 88
8 37 8 28 37
26 79 26 28 35 43 44 55 79
41 83 41 79 83
19 89 19 33 62 72 78 81 83 89
26 71 26 28 64 71
8 30 8 9 17 20 30
3 33 3 14 25 33
43 47 43 47
51 86 51 60 66 83 86
8 25 8 9 13 14 25
31 82 31 68 74 82
31 88 31 39 57 74 82 85 88
1 37 1 2 18 22 25 33 37
39 82 39 58 64 71 82
16 71 16 29 70 71
40 77 40 51 59 77
40 82 40 68 74 82
23 80 23 55 67 72 78 80
27 53 27 44 53
3 16 3 9 16
63 81 63 80 81
3 25 3 9 17 25
26 50 26 38 41 50
15 58 15 26 28 49 51 58
23 53 23 28 41 53
43 52 43 52
40 60 40 60
14 60 14 30 41 49 51 60
70 83 70 72 78 80 83
19 26 19 20 26
38 82 38 63 82
20 52 20 26 28 37 52
41 81 41 49 72 78 81
30 50 30 41 50
69 88 69 87 88
6 86 6 71 83 86
15 59 15 26 42 51 59
34 71 34 47 61 64 71
13 84 13 36 59 64 71 84
21 77 21 26 40 60 66 77
28 37 28 37
13 81 13 24 27 52 78 80 81
9 32 9 24 27 32
27 48 27 29 48
8 25 8 9 17 25
13 83 13 14 70 71 83
41 50 41 50
28 63 28 41 63
33 48 33 37 48
40 57 40 42 57
15 88 15 30 41 50 59 64 87 88
22 77 22 59 66 77
16 54 16 28 37 48 54
6 53 6 31 43 44 53
15 88 15 46 77 88
72 81 72 78 81
34 50 34 38 41 50
23 81 23 66 78 81
27 86 27 53 72 78 81 83 86
25 48 25 33 37 48
25 61 25 33 49 51 58 61
42 51 42 51
51 71 51 58 61 64 71
64 86 64 86
9 29 9 13 29
4 78 4 23 55 58 67 72 78
25 47 25 35 43 47
37 54 37 48 54
1 43 1 19 21 26 28 35 43
19 88 19 56 74 82 85 88
13 47 13 26 28 35 43 47
19 89 19 21 26 42 62 63 80 83 89
33 61 33 61
6 67 6 24 32 58 67
39 77 39 60 66 77
25 75 25 40 51 58 61 75
26 86 26 75 78 80 83 86
20 52 20 32 48 52
33 84 33 61 64 71 84
18 72 18 20 32 48 54 72
31 82 31 68 74 82
59 66 59 66
19 59 19 33 49 51 59
7 84 7 28 49 72 78 84
3 9 3 9
58 80 58 61 64 80
25 80 25 33 52 67 72 78 80
26 47 26 28 35 43 47
27 84 27 53 72 78 84
26 50 26 38 41 50
38 89 38 41 53 77 89
14 59 14 30 44 51 59
19 63 19 56 62 63
4 78 4 56 78
27 29 27 29
30 47 30 34 47
43 86 43 70 81 83 86
37 86 37 52 83 86
8 37 8 13 20 26 28 37
60 81 60 66 78 80 81
35 78 35 43 44 78
11 59 11 21 59
49 64 49 51 59 64
34 83 34 47 67 72 78 81 83
26 53 26 28 35 41 53
21 37 21 26 28 37
13 80 13 48 52 78 80
7 55 7 15 30 44 55
20 67 20 30 34 45 50 51 58 67
23 54 23 37 48 54
13 50 13 36 50
41 81 41 63 80 81
2 27 2 9 16 27
16 36 16 27 29 36
27 36 27 29 36
11 30 11 20 30
14 89 14 25 81 83 89
4 20 4 8 9 13 20
35 58 35 41 49 51 58
1 59 1 26 38 41 50 51 59
13 44 13 20 26 28 35 43 44
70 81 70 81
18 37 18 20 26 28 37
4 27 4 8 9 16 27
13 84 13 72 78 84
30 73 30 48 54 73
64 83 64 80 83
11 89 11 70 71 84 89
22 63 22 25 62 63
1 89 1 26 55 63 80 81 83 89
22 72 22 25 57 72
42 59 42 51 59
18 64 18 21 58 61 64
2 27 2 13 16 27
51 61 51 58 61
25 79 25 38 41 79
41 73 41 49 51 67 73
49 77 49 51 67 77
7 86 7 32 51 64 86
22 59 22 33 49 51 59
16 79 16 38 41 79
9 66 9 13 60 66
42 70 42 70
28 78 28 78
37 79 37 48 79
33 81 33 39 57 72 78 80 81
25 44 25 35 43 44
46 89 46 77 89
33 86 33 49 51 60 66 83 86
19 63 19 56 62 63
21 70 21 42 70
40 60 40 60
49 58 49 51 58
13 53 13 20 26 38 41 53
13 61 13 48 61
6 81 6 54 78 80 81
11 26 11 20 26
16 24 16 24
46 88 46 77 88
4 57 4 13 16 27 32 44 55 57
8 37 8 9 24 29 36 37
3 43 3 27 29 43
14 57 14 25 57
41 53 41 53
60 71 60 66 71
7 45 7 15 30 34 45
15 60 15 26 38 42 51 60
27 81 27 32 44 64 80 81
21 82 21 42 62 72 82
18 51 18 34 45 50 51
13 75 13 20 55 58 61 75
19 63 19 33 39 57 63
13 36 13 36
3 41 3 30 34 38 41
16 79 16 24 32 48 79
58 86 58 64 71 83 86
20 84 20 56 62 72 78 84
6 32 6 27 32
4 27 4 8 9 16 24 27
72 86 72 78 81 83 86
20 71 20 55 61 64 71
38 60 38 42 51 60
23 44 23 35 43 44
49 59 49 51 59
6 45 6 17 20 30 34 45
16 80 16 38 41 63 80
38 57 38 42 57
11 20 11 20
19 37 19 20 26 28 37
28 78 28 37 40 78
35 57 35 43 44 55 57
25 67 25 33 51 58 67
1 26 1 7 15 21 26
1 41 1 13 24 30 41
41 67 41 67
34 86 34 67 72 78 81 83 86
26 73 26 55 67 73
26 48 26 28 37 48
38 77 38 41 67 77
15 51 15 22 33 37 40 42 51
34 73 34 44 51 67 73
30 84 30 48 79 84
6 54 6 30 54
19 63 19 62 63
59 86 59 64 80 81 83 86
62 63 62 63
42 72 42 70 72
1 72 1 3 58 67 72
6 79 6 31 43 44 79
58 73 58 73
33 86 33 61 75 83 86
60 84 60 66 71 84
9 47 9 32 47
58 67 58 67
56 89 56 62 72 78 80 83 89
3 57 3 15 30 41 57
1 13 1 13
1 41 1 26 28 41
13 61 13 48 61
18 89 18 21 58 77 89
60 83 60 66 71 83
14 51 14 19 38 41 50 51
30 71 30 50 60 66 71
4 57 4 23 32 44 55 57
1 82 1 19 38 41 49 51 67 82
15 78 15 22 60 66 78
20 47 20 30 34 47
63 81 63 80 81
74 82 74 82
60 81 60 66 78 81
19 20 19 20
23 67 23 44 51 67
3 16 3 16
9 61 9 20 55 58 61
33 83 33 52 71 83
8 57 8 13 14 30 44 55 57
59 86 59 66 71 83 86
37 81 37 72 78 80 81
51 67 51 67
15 37 15 22 25 33 37
18 70 18 21 40 42 70
7 84 7 39 57 78 84
22 60 22 25 40 60
37 54 37 48 54
57 86 57 83 86
23 73 23 44 55 58 73
42 82 42 57 72 82
6 86 6 31 43 80 83 86
28 43 28 35 43
8 43 8 28 35 43
4 82 4 23 32 53 72 82
30 75 30 50 51 58 61 75
9 61 9 13 26 28 35 43 44 61
28 59 28 35 43 44 51 59
22 63 22 62 63
14 20 14 19 20
16 36 16 27 29 36
25 80 25 63 80
21 70 21 42 70
2 27 2 13 24 27
14 77 14 30 34 47 67 77
58 81 58 67 72 78 81
21 41 21 26 28 35 41
25 44 25 35 43 44
31 78 31 39 57 72 78
3 58 3 37 51 58
19 72 19 20 30 39 58 67 72
6 86 6 27 34 79 80 83 86
8 13 8 9 13
19 33 19 33
43 71 43 47 61 64 71
16 71 16 38 41 50 51 64 71
39 89 39 46 77 89
14 43 14 19 20 26 28 35 43
3 41 3 30 41
39 78 39 57 78
57 80 57 63 80
16 55 16 31 43 44 55
49 59 49 51 59
35 82 35 41 67 82
19 30 19 20 30
11 30 11 20 30
28 37 28 37
37 84 37 51 58 64 71 84
16 61 16 48 61
14 41 14 25 38 41
42 89 42 64 80 83 89
31 70 31 43 70
6 81 6 40 63 80 81
23 73 23 49 51 67 73
27 53 27 32 44 53
25 84 25 57 72 78 84
41 61 41 50 51 58 61
15 58 15 21 42 51 58
30 86 30 39 57 63 80 81 83 86
38 63 38 42 62 63
22 60 22 60
8 78 8 40 60 66 78
63 81 63 80 81
35 77 35 39 46 77
31 60 31 43 44 51 60
33 52 33 37 52
9 84 9 24 29 43 70 71 84
43 61 43 47 61
14 78 14 19 56 78
43 81 43 75 80 81
34 48 34 48
38 72 38 42 70 72
6 73 6 31 43 47 67 73
25 80 25 63 80
27 54 27 32 48 54
40 72 40 72
34 50 34 45 50
20 32 20 32
4 78 4 30 34 48 54 67 72 78
4 78 4 30 41 78
28 78 28 41 78
62 63 62 63
38 64 38 42 64
62 88 62 63 82 85 88
15 88 15 21 42 46 77 87 88
59 81 59 66 78 80 81
13 81 13 72 78 80 81
78 84 78 84
4 37 4 23 28 37
38 78 38 60 66 78
7 86 7 40 63 80 81 83 86
33 81 33 62 63 80 81
21 78 21 40 51 67 72 78
14 20 14 19 20
7 44 7 43 44
18 34 18 34
11 43 11 20 26 28 35 43
20 45 20 30 34 45
8 57 8 9 57
18 41 18 22 34 38 41
19 43 19 21 26 28 35 43
2 78 2 57 78
6 47 6 17 25 35 43 47
9 75 9 24 27 44 55 58 61 75
15 26 15 21 26
20 86 20 72 86
37 86 37 48 72 86
69 88 69 87 88
43 75 43 75
42 78 42 70 72 78
58 71 58 64 71
3 27 3 16 24 27
28 64 28 58 64
59 86 59 64 81 83 86
14 59 14 30 41 59
7 50 7 15 21 26 38 41 50
18 60 18 20 32 44 51 60
22 72 22 33 49 51 58 67 72
34 45 34 45
25 48 25 33 37 48
56 78 56 78
64 83 64 81 83
43 81 43 44 53 80 81
23 67 23 44 51 67
37 86 37 48 61 75 80 81 83 86
3 82 3 64 68 74 82
40 82 40 82
62 82 62 74 82
27 79 27 32 48 79
3 51 3 38 41 49 51
58 61 58 61
15 70 15 30 41 70
6 52 6 30 48 52
21 57 21 42 57
20 84 20 79 84
41 73 41 49 51 58 73
35 57 35 41 57
1 9 1 3 9
39 88 39 58 67 77 88
16 36 16 27 29 36
4 72 4 23 37 52 67 72
51 73 51 58 73
49 60 49 51 60
3 70 3 15 22 43 70
28 51 28 35 41 50 51
1 27 1 3 27
14 59 14 19 20 26 38 42 51 59
8 16 8 9 16
1 33 1 2 9 16 23 25 33
43 79 43 44 55 79
23 71 23 32 48 52 64 71
30 86 30 41 57 72 78 81 83 86
34 79 34 38 41 79
49 82 49 72 82
27 52 27 29 48 52
19 60 19 20 32 44 51 60
37 66 37 49 51 60 66
37 79 37 48 79
9 47 9 13 24 27 34 47
59 83 59 64 81 83
41 66 41 50 59 66
19 43 19 20 26 28 35 43
28 58 28 37 51 58
4 51 4 8 41 49 51
38 64 38 41 49 51 59 64
41 84 41 70 72 78 84
37 75 37 48 61 75
9 71 9 20 55 61 64 71
31 89 31 39 46 77 89
34 45 34 45
23 83 23 78 80 81 83
14 88 14 77 87 88
21 77 21 58 77
49 58 49 51 58
15 57 15 26 40 42 57
35 82 35 43 52 64 68 74 82
6 84 6 24 64 71 84
13 48 13 14 34 48
13 86 13 83 86
27 48 27 34 48
42 72 42 70 72
21 60 21 26 38 60
37 48 37 48
25 50 25 38 41 50
14 41 14 28 41
31 88 31 68 69 88
30 66 30 50 60 66
4 57 4 41 57
3 89 3 38 89
18 63 18 21 42 62 63
8 43 8 13 14 19 43
42 58 42 51 58
8 9 8 9
23 86 23 25 81 83 86
57 81 57 78 81
20 54 20 30 48 54
7 73 7 32 44 73
6 32 6 18 20 32
49 60 49 51 60
4 25 4 13 14 25
9 52 9 17 29 48 52
26 54 26 28 37 48 54
21 78 21 40 78
3 82 3 38 60 82
27 66 27 34 44 51 60 66
3 9 3 9
15 41 15 30 34 38 41
11 58 11 58
72 84 72 78 84
9 52 9 16 29 48 52
39 89 39 60 66 83 89
11 60 11 35 41 49 51 60
2 13 2 13
14 88 14 25 69 87 88
23 71 23 28 49 51 59 71
7 47 7 29 36 43 47
9 55 9 16 28 35 43 44 55
30 47 30 34 47
38 77 38 41 66 77
42 89 42 51 89
40 78 40 60 66 78
16 83 16 80 83
18 34 18 20 30 34
13 73 13 29 43 47 67 73
11 72 11 70 72
13 55 13 26 28 35 43 44 55
13 71 13 49 51 60 66 71
1 89 1 3 51 80 83 89
22 58 22 33 37 51 58
6 44 6 27 34 44
38 41 38 41
35 60 35 43 44 51 60
16 75 16 24 29 37 49 51 58 61 75
51 67 51 58 67
35 60 35 43 44 51 60
42 57 42 57
3 58 3 21 40 51 58
33 86 33 49 51 60 66 83 86
26 47 26 28 35 43 47
63 86 63 80 83 86
63 80 63 80
6 73 6 18 22 43 47 67 73
35 70 35 43 70
33 73 33 49 51 67 73
70 80 70 72 78 80
35 89 35 59 66 71 83 89
30 79 30 41 79
20 79 20 55 79
13 86 13 49 72 78 81 83 86
3 30 3 14 30
15 26 15 21 26
18 60 18 20 26 42 51 60
22 88 22 87 88
16 81 16 24 29 80 81
85 88 85 88
49 60 49 51 60
22 34 22 34
1 88 1 26 40 42 70 88
70 84 70 72 78 84
14 43 14 31 43
27 55 27 32 44 55
31 60 31 39 60
8 41 8 9 16 27 34 38 41
33 81 33 72 78 81
19 63 19 33 37 40 42 62 63
8 89 8 58 78 84 89
27 55 27 34 45 55
28 77 28 49 51 58 67 77
9 32 9 24 27 32
35 59 35 41 50 51 59
37 54 37 48 54
8 13 8 13
23 84 23 79 84
58 81 58 78 80 81
13 86 13 83 86
11 60 11 35 41 49 51 60
39 63 39 57 63
15 63 15 22 31 56 62 63
31 89 31 43 44 53 77 89
64 84 64 71 84
40 63 40 42 62 63
27 53 27 44 53
27 81 27 32 66 78 81
60 66 60 66
22 33 22 33
9 80 9 50 60 66 78 80
40 78 40 72 78
4 70 4 70
30 52 30 34 45 52
22 59 22 43 44 51 59
20 53 20 26 38 41 53
27 53 27 44 53
25 52 25 35 43 52
7 29 7 29
34 61 34 47 61
70 81 70 81
2 51 2 9 13 29 37 49 51
16 73 16 27 32 48 54 67 73
43 81 43 80 81
6 84 6 21 59 66 78 84
25 73 25 33 67 73
19 26 19 20 26
15 41 15 26 28 35 41
15 72 15 30 41 70 72
3 9 3 9
8 34 8 13 16 24 27 34
43 86 43 75 78 80 81 83 86
19 59 19 20 40 42 51 59
62 89 62 72 78 81 83 89
43 83 43 75 78 80 81 83
34 75 34 48 61 75
60 71 60 66 71
40 51 40 51
25 48 25 33 37 48
41 83 41 79 83
26 75 26 38 42 51 58 61 75
7 73 7 42 51 58 73
40 60 40 42 51 60
14 88 14 25 69 87 88
25 67 25 38 41 67
7 50 7 41 50
74 88 74 85 88
57 80 57 63 80
8 57 8 9 57
85 88 85 88
37 84 37 51 58 61 75 78 84
72 83 72 78 81 83
31 51 31 43 44 51
13 55 13 26 55
6 67 6 24 27 58 67
8 64 8 13 20 56 64
42 59 42 51 59
33 80 33 78 80
7 29 7 27 29
4 51 4 8 41 49 51
13 53 13 16 31 43 44 53
27 83 27 70 81 83
1 9 1 2 9
31 51 31 43 44 51
21 82 21 42 64 82
21 60 21 42 51 60
38 72 38 70 72
8 64 8 41 49 51 64
4 77 4 77
21 41 21 26 38 41
31 82 31 56 74 82
15 60 15 22 43 44 51 60
14 25 14 25
27 86 27 58 61 75 78 81 83 86
19 41 19 21 26 38 41
9 32 9 20 32
3 77 3 14 28 58 67 77
30 55 30 34 45 55
19 88 19 78 80 81 83 88
26 53 26 38 41 53
23 50 23 28 41 50
25 83 25 35 56 62 63 83
28 70 28 41 70
8 78 8 40 60 66 78
6 36 6 16 27 29 36
59 86 59 86
3 82 3 14 31 56 62 72 82
19 51 19 38 41 49 51
28 78 28 78
25 73 25 40 42 51 58 73
27 47 27 34 47
26 52 26 28 37 48 52
3 64 3 9 32 47 61 64
14 59 14 25 40 51 59
6 52 6 17 20 30 34 48 52
8 59 8 28 37 51 59
13 32 13 14 19 20 32
42 72 42 62 72
30 53 30 41 53
56 72 56 62 72
4 30 4 30
16 53 16 38 41 53
2 82 2 70 71 82
1 34 1 3 15 30 34
13 52 13 48 52
31 77 31 39 58 67 77
37 71 37 52 64 71
43 71 43 70 71
21 88 21 26 80 81 83 86 88
13 24 13 16 24
2 51 2 23 28 41 49 51
60 80 60 66 78 80
42 59 42 51 59
6 48 6 27 34 48
31 72 31 56 62 72
41 73 41 49 51 67 73
41 75 41 49 51 58 61 75
25 47 25 35 43 47
38 70 38 70
41 53 41 53
22 60 22 43 44 51 60
13 32 13 14 19 20 32
31 88 31 68 69 88
58 86 58 64 71 83 86
15 37 15 21 26 28 37
33 80 33 78 80
21 41 21 26 38 41
20 44 20 32 44
19 41 19 38 41
2 58 2 13 16 40 51 58
22 77 22 60 66 77
30 53 30 41 53
40 64 40 42 51 59 64
16 75 16 29 43 75
16 61 16 35 41 50 51 58 61
9 66 9 60 66
40 59 40 51 59
18 60 18 20 40 51 60
4 20 4 13 20
16 75 16 23 25 40 51 58 61 75
41 75 41 49 51 58 61 75
8 26 8 13 14 19 21 26
23 55 23 25 35 43 44 55
14 58 14 42 51 58
62 88 62 63 82 85 88
39 88 39 57 83 88
23 54 23 32 48 54
1 51 1 7 14 34 45 50 51
6 47 6 31 43 47
11 51 11 35 41 49 51
4 59 4 41 50 59
15 60 15 30 39 60
27 84 27 29 36 50 51 58 67 72 78 84
16 61 16 40 51 58 61
15 63 15 21 40 63
6 84 6 37 49 51 59 66 78 84
8 16 8 13 16
25 86 25 57 80 83 86
19 72 19 20 30 39 58 67 72
34 86 34 86
39 89 39 57 80 81 83 89
51 83 51 59 64 81 83
22 25 22 25
3 57 3 16 29 36 55 57
56 88 56 82 85 88
34 50 34 45 50
8 16 8 9 13 16
63 83 63 80 83
18 26 18 21 26
35 59 35 43 44 51 59
3 30 3 14 19 20 30
26 61 26 40 42 51 58 61
2 25 2 18 22 25
25 73 25 33 67 73
35 60 35 39 60
9 36 9 17 29 36
1 58 1 13 28 37 40 51 58
14 60 14 25 40 51 60
37 66 37 51 60 66
15 37 15 26 28 37
31 63 31 56 62 63
21 64 21 26 40 42 64
31 78 31 39 57 72 78
20 61 20 39 58 61
34 61 34 48 61
41 71 41 49 51 59 71
16 71 16 38 60 66 71
13 83 13 20 32 53 72 78 81 83
26 52 26 28 35 43 52
9 81 9 20 79 81
15 41 15 26 38 41
18 59 18 20 26 40 42 51 59
11 30 11 20 30
7 67 7 32 48 54 67
49 78 49 51 60 66 78
16 53 16 38 41 53
33 81 33 52 80 81
63 83 63 80 81 83
9 55 9 32 44 55
58 83 58 67 72 78 81 83
23 84 23 32 53 84
20 81 20 66 78 81
37 79 37 48 79
26 81 26 42 62 72 78 80 81
23 79 23 28 37 48 79
22 88 22 33 82 85 88
20 80 20 66 78 80
3 77 3 14 59 66 77
7 32 7 27 32
39 89 39 57 80 83 89
30 79 30 41 79
22 88 22 34 86 88
6 81 6 40 63 80 81
3 25 3 15 22 25
49 89 49 51 60 66 78 81 83 89
4 13 4 13
78 86 78 81 83 86
3 30 3 9 24 30
2 82 2 31 43 62 72 82
49 59 49 51 59
51 86 51 58 67 72 86
18 60 18 20 40 51 60
18 43 18 22 43
16 52 16 48 52
34 44 34 44
27 67 27 52 67
6 81 6 27 72 78 81
38 77 38 42 46 77
33 84 33 51 58 78 84
43 66 43 44 51 60 66
9 66 9 17 33 37 40 60 66
18 70 18 34 38 42 70
21 77 21 40 42 46 77
40 59 40 51 59
28 41 28 35 41
13 47 13 14 19 20 26 28 35 43 47
20 54 20 32 48 54
23 52 23 28 37 52
40 82 40 82
27 50 27 34 45 50
23 44 23 25 35 43 44
1 26 1 3 9 13 26
16 66 16 35 59 66
49 89 49 72 78 84 89
51 66 51 60 66
14 25 14 25
13 47 13 28 35 43 47
20 67 20 55 58 67
39 57 39 57
38 63 38 63
37 79 37 48 79
16 86 16 35 43 52 78 80 83 86
8 27 8 13 16 24 27
26 55 26 28 35 43 44 55
43 75 43 75
1 37 1 3 21 26 28 37
7 48 7 27 29 36 48
30 61 30 44 51 58 61
34 83 34 47 80 83
21 58 21 40 51 58
16 84 16 35 59 64 71 84
60 66 60 66
8 77 8 34 45 50 59 66 77
9 67 9 20 26 55 58 67
21 51 21 40 51
25 55 25 35 43 44 55
60 66 60 66
6 50 6 15 21 26 38 41 50
2 89 2 9 50 60 66 71 84 89
26 53 26 38 41 53
23 44 23 28 35 43 44
21 59 21 59
14 33 14 19 33
26 79 26 28 41 79
3 59 3 38 42 51 59
30 75 30 48 54 75
3 9 3 9
2 33 2 13 16 23 25 33
13 50 13 24 50
20 54 20 32 48 54
13 45 13 24 30 34 45
30 45 30 34 45
19 51 19 43 44 51
9 52 9 17 52
49 58 49 51 58
16 48 16 23 28 37 48
4 63 4 13 36 55 63
35 64 35 56 64
25 54 25 33 37 48 54
14 89 14 25 81 83 89
34 83 34 47 80 83
16 67 16 31 43 47 67
3 26 3 9 17 20 26
9 54 9 20 26 28 37 48 54
11 88 11 21 26 40 63 80 81 83 86 88
16 71 16 40 42 70 71
11 20 11 20
41 81 41 63 80 81
3 57 3 30 41 57
22 88 22 87 88
28 78 28 49 72 78
8 34 8 34
26 83 26 40 42 51 64 71 83
9 73 9 24 73
9 45 9 24 30 34 45
43 47 43 47
13 55 13 20 30 34 45 55
30 75 30 34 44 51 58 61 75
30 71 30 50 51 64 71
16 61 16 23 25 33 49 51 58 61
21 57 21 42 57
21 78 21 26 40 42 57 72 78
23 75 23 32 47 75
38 72 38 70 72
30 47 30 34 47
6 36 6 17 29 36
56 88 56 62 74 82 85 88
2 30 2 14 30
4 51 4 8 13 29 43 44 51
20 84 20 26 55 84
25 84 25 61 75 78 84
70 81 70 81
8 23 8 9 13 16 23
26 48 26 28 37 48
11 88 11 21 59 66 83 86 88
43 61 43 47 61
62 72 62 72
1 41 1 19 38 41
2 58 2 31 43 44 51 58
35 82 35 59 66 71 82
1 88 1 68 74 85 88
59 81 59 64 81
1 51 1 7 14 34 45 50 51
38 41 38 41
58 80 58 61 64 80
78 84 78 84
2 16 2 13 16
27 55 27 34 45 55
25 75 25 33 61 75
20 80 20 30 80
20 32 20 32
11 72 11 58 67 72
30 86 30 53 72 86
13 67 13 36 43 52 67
42 57 42 57
23 81 23 35 41 57 78 80 81
41 86 41 78 80 83 86
7 79 7 15 21 26 38 41 79
39 77 39 46 77
35 70 35 41 70
11 34 11 20 30 34
1 51 1 19 33 51
37 81 37 48 52 67 72 78 81
30 55 30 34 45 55
25 83 25 33 51 60 66 71 83
8 25 8 9 13 14 25
51 86 51 67 72 78 81 83 86
25 75 25 61 75
2 34 2 13 24 27 34
42 64 42 64
3 26 3 21 26
22 88 22 34 86 88
13 48 13 20 32 48
69 88 69 87 88
3 13 3 9 13
13 71 13 20 59 71
58 71 58 61 64 71
59 81 59 64 81
11 70 11 35 43 70
58 81 58 64 81
23 80 23 25 80
30 61 30 41 50 51 58 61
2 16 2 9 13 16
14 82 14 59 66 71 82
2 27 2 13 16 27
1 16 1 13 16
37 67 37 48 54 67
21 58 21 42 51 58
27 83 27 78 80 83
21 78 21 26 38 60 66 78
25 83 25 79 80 83
37 79 37 48 79
27 83 27 70 81 83
2 78 2 31 39 60 66 78
35 63 35 56 62 63
4 20 4 13 14 19 20
30 45 30 34 45
30 61 30 44 51 58 61
49 59 49 51 59
13 81 13 29 36 48 79 80 81
28 59 28 35 43 44 51 59
40 51 40 51
38 60 38 42 51 60
15 63 15 26 28 37 40 63
25 73 25 33 67 73
38 82 38 70 71 82
23 79 23 28 37 48 79
2 37 2 9 16 24 27 29 36 37
23 75 23 55 61 75
14 70 14 31 43 70
27 45 27 34 45
7 36 7 29 36
19 57 19 43 44 55 57
51 86 51 60 66 71 83 86
13 75 13 16 27 32 44 61 75
37 83 37 48 79 80 81 83
8 27 8 13 16 27
21 77 21 42 46 77
20 52 20 26 28 35 43 52
19 37 19 20 26 28 37
26 44 26 28 35 43 44
4 82 4 82
43 80 43 70 72 78 80
13 24 13 24
19 70 19 21 26 42 70
51 83 51 59 64 81 83
43 83 43 70 72 78 81 83
9 29 9 24 27 29
37 73 37 48 52 67 73
13 53 13 28 41 53
1 23 1 13 16 23
14 20 14 19 20
43 73 43 47 67 73
31 89 31 39 46 77 89
2 64 2 23 44 55 58 64
34 47 34 47
4 20 4 13 14 19 20
40 89 40 64 80 81 83 89
21 51 21 42 51
19 43 19 20 26 28 35 43
14 37 14 28 37
3 20 3 14 19 20
19 41 19 38 41
43 80 43 70 72 78 80
18 59 18 20 32 44 51 59
27 52 27 34 45 52
43 44 43 44
19 30 19 20 30
41 81 41 59 64 80 81
15 58 15 30 50 51 58
16 53 16 38 41 53
11 82 11 33 51 58 64 68 74 82
4 20 4 13 14 19 20
25 66 25 40 51 60 66
40 89 40 78 84 89
16 24 16 24
39 60 39 60
1 33 1 7 15 22 33
4 77 4 30 53 77
35 72 35 39 58 67 72
23 84 23 55 57 72 78 84
59 84 59 64 71 84
7 47 7 32 47
35 72 35 43 44 53 72
11 60 11 33 51 60
20 32 20 32
30 83 30 53 80 83
13 73 13 16 23 44 51 58 73
42 64 42 51 58 61 64
7 75 7 29 37 51 58 61 75
23 67 23 37 48 54 67
7 55 7 32 44 55
25 79 25 79
78 84 78 84
21 72 21 42 51 67 72
11 57 11 35 41 57
42 70 42 70
37 84 37 40 78 84
27 47 27 32 47
38 59 38 42 51 59
22 58 22 34 44 55 58
13 54 13 29 37 48 54
4 78 4 56 78
62 72 62 72
51 67 51 58 67
2 43 2 23 25 35 43
13 45 13 16 27 34 45
64 71 64 71
13 54 13 29 37 48 54
27 48 27 29 37 48
56 78 56 78
22 43 22 25 35 43
13 83 13 14 70 71 83
7 47 7 43 47
28 72 28 37 40 42 51 67 72
9 50 9 20 26 28 41 50
15 70 15 30 41 70
51 75 51 58 61 75
18 63 18 22 43 62 63
30 48 30 48
38 78 38 41 50 60 66 78
27 83 27 79 80 83
6 79 6 17 29 43 44 79
7 47 7 32 47
1 37 1 13 24 27 29 37
41 66 41 49 51 60 66
7 67 7 28 35 41 67
37 86 37 52 83 86
33 52 33 52
3 30 3 16 24 30
9 45 9 20 30 34 45
14 63 14 31 56 62 63
4 59 4 41 49 51 59
33 66 33 51 60 66
1 30 1 2 14 30
26 83 26 40 72 78 81 83
11 43 11 21 26 28 35 43
18 37 18 20 26 28 37
13 24 13 16 24
40 88 40 68 74 85 88
18 72 18 22 31 56 62 72
8 78 8 9 20 72 78
43 44 43 44
22 64 22 43 64
18 26 18 20 26
18 77 18 20 77
23 83 23 55 61 64 81 83
20 81 20 32 51 60 66 78 80 81
51 84 51 60 66 71 84
9 80 9 13 36 59 64 80
63 81 63 80 81
20 66 20 26 40 42 51 60 66
35 43 35 43
15 82 15 22 59 64 68 74 82
30 86 30 39 60 66 71 83 86
14 20 14 19 20
26 52 26 28 37 48 52
22 64 22 33 51 58 64
4 33 4 23 25 33
3 41 3 21 26 38 41
20 80 20 39 60 66 78 80
1 27 1 3 16 24 27
20 79 20 26 55 79
27 67 27 32 44 55 67
38 70 38 70
49 51 49 51
41 53 41 53
18 89 18 34 47 67 72 78 84 89
39 89 39 58 64 81 83 89
8 23 8 9 16 23
33 66 33 37 48 54 59 66
56 78 56 78
6 73 6 15 30 34 67 73
14 72 14 70 72
41 79 41 79
28 51 28 35 41 49 51
16 84 16 38 60 66 71 84
27 71 27 58 64 71
6 24 6 16 24
18 43 18 21 26 28 35 43
56 63 56 62 63
14 78 14 59 66 78
20 54 20 26 28 37 48 54
3 59 3 38 41 59
37 79 37 48 79
63 86 63 80 83 86
49 58 49 51 58
30 79 30 44 55 79
9 52 9 16 29 48 52
35 88 35 82 85 88
22 57 22 31 39 57
70 83 70 72 78 80 83
9 71 9 71
27 80 27 78 80
7 83 7 29 81 83
63 83 63 83
7 36 7 29 36
43 53 43 44 53
15 58 15 58
37 84 37 59 64 71 84
6 80 6 16 23 57 72 78 80
7 53 7 41 53
46 77 46 77
28 72 28 58 67 72
58 71 58 64 71
2 82 2 70 71 82
41 79 41 79
33 48 33 37 48
26 54 26 28 37 48 54
26 55 26 28 35 43 44 55
74 88 74 85 88
60 84 60 66 71 84
4 64 4 41 49 51 64
2 77 2 31 43 77
3 88 3 58 85 88
20 86 20 72 86
8 41 8 41
14 33 14 25 33
1 37 1 7 33 37
1 58 1 37 49 51 58
23 54 23 28 37 48 54
22 89 22 62 72 78 81 83 89
26 79 26 55 79
25 53 25 38 41 53
43 61 43 47 61
22 63 22 62 63
13 80 13 14 70 72 78 80
3 43 3 9 20 26 28 35 43
4 64 4 41 50 51 59 64
35 58 35 39 58
49 78 49 72 78
1 64 1 19 38 41 59 64
35 58 35 43 44 51 58
23 50 23 28 35 41 50
43 86 43 70 81 83 86
37 52 37 52
58 67 58 67
3 64 3 16 35 56 64
74 82 74 82
56 89 56 64 71 83 89
7 79 7 41 79
6 55 6 15 30 44 55
2 43 2 13 16 27 29 36 43
35 78 35 59 66 78
18 58 18 22 31 39 58
13 54 13 20 32 48 54
2 27 2 13 24 27
41 75 41 49 51 58 61 75
18 37 18 21 26 28 37
19 59 19 43 44 51 59
2 58 2 9 20 30 44 51 58
4 27 4 8 13 24 27
42 89 42 70 71 83 89
2 77 2 33 67 77
25 67 25 40 42 51 58 67
13 83 13 14 30 41 57 63 83
23 50 23 28 35 41 50
28 88 28 49 69 87 88
28 77 28 35 43 47 77
19 60 19 21 40 42 51 60
7 71 7 29 37 40 42 64 71
39 88 39 57 82 85 88
9 47 9 17 20 30 34 47
21 59 21 59
15 41 15 26 38 41
33 66 33 51 60 66
72 80 72 78 80
16 80 16 24 43 80
13 36 13 16 29 36
16 52 16 27 34 48 52
28 78 28 78
22 89 22 25 33 51 80 81 83 89
11 34 11 20 30 34
21 43 21 26 28 35 43
7 55 7 32 44 55
38 72 38 70 72
62 82 62 72 82
15 30 15 30
7 44 7 27 32 44
63 81 63 80 81
6 61 6 30 44 55 58 61
41 83 41 63 83
1 41 1 2 23 35 41
28 72 28 49 51 58 67 72
7 32 7 27 32
19 26 19 20 26
33 80 33 78 80
34 55 34 44 55
20 86 20 40 64 80 81 83 86
31 59 31 43 44 51 59
19 70 19 43 70
28 59 28 37 59
28 41 28 41
33 52 33 37 52
14 43 14 28 35 43
1 57 1 19 20 32 44 55 57
57 80 57 78 80
43 80 43 44 64 80
19 34 19 20 30 34
30 45 30 34 45
11 59 11 33 37 40 51 59
35 64 35 59 64
7 55 7 29 43 44 55
39 63 39 57 63
34 67 34 38 42 51 58 67
27 44 27 34 44
34 75 34 45 54 75
31 59 31 43 44 51 59
4 16 4 13 16
1 63 1 7 41 57 63
38 64 38 42 51 64
1 82 1 58 67 72 82
1 89 1 39 58 64 81 83 89
40 58 40 42 51 58
8 57 8 9 57
1 41 1 19 38 41
23 84 23 25 33 78 84
30 50 30 41 50
34 66 34 59 66
18 43 18 21 26 28 35 43
58 80 58 64 80
19 34 19 20 30 34
49 64 49 51 64
16 66 16 31 39 60 66
51 71 51 64 71
42 88 42 64 80 83 88
7 50 7 27 29 36 50
8 43 8 28 35 43
74 82 74 82
60 66 60 66
33 52 33 37 52
7 44 7 43 44
30 50 30 34 38 41 50
56 89 56 78 80 83 89
2 26 2 9 20 26
20 79 20 79
7 75 7 15 58 61 75
2 23 2 9 13 16 23
13 86 13 83 86
1 25 1 13 16 23 25
1 30 1 19 20 30
43 52 43 52
30 47 30 34 47
34 50 34 38 41 50
3 25 3 9 17 25
3 70 3 30 41 70
21 88 21 26 80 81 83 86 88
8 70 8 41 70
9 67 9 16 23 44 51 58 67
42 59 42 51 59
69 88 69 88
40 89 40 60 66 71 84 89
27 50 27 34 38 41 50
28 59 28 41 50 51 59
46 88 46 77 87 88
16 84 16 31 56 78 84
26 84 26 75 78 84
13 66 13 48 54 59 66
42 78 42 62 72 78
27 66 27 44 51 59 66
22 43 22 43
2 20 2 9 17 20
31 59 31 43 44 51 59
39 63 39 57 63
31 72 31 56 62 72
18 20 18 20
35 41 35 41
20 50 20 30 41 50
8 34 8 13 14 19 20 30 34
34 81 34 38 60 66 78 80 81
26 53 26 28 35 43 44 53
78 86 78 81 83 86
3 43 3 16 29 43
78 81 78 80 81
28 77 28 49 51 58 67 77
4 16 4 13 16
9 44 9 24 34 44
70 84 70 71 84
7 48 7 27 29 37 48
49 88 49 72 78 81 83 88
27 73 27 44 51 58 67 73
19 37 19 21 26 28 37
38 51 38 41 50 51
21 64 21 40 42 51 64
31 60 31 39 60
87 88 87 88
15 41 15 22 34 38 41
58 61 58 61
3 20 3 14 19 20
40 72 40 42 57 72
7 44 7 29 43 44
37 54 37 48 54
30 50 30 34 38 41 50
11 72 11 21 40 51 58 67 72
15 51 15 22 33 37 40 42 51
1 58 1 49 51 58
34 66 34 45 50 59 66
6 32 6 24 27 32
51 83 51 59 64 80 81 83
6 32 6 27 32
19 72 19 38 42 51 58 67 72
22 43 22 25 35 43
7 61 7 49 51 58 61
23 79 23 35 41 79
57 80 57 63 80
23 32 23 32
51 84 51 67 72 78 84
4 82 4 82
15 58 15 26 28 49 51 58
9 32 9 32
25 71 25 61 64 71
9 29 9 13 16 29
11 37 11 20 26 28 37
49 72 49 72
14 82 14 34 44 53 72 82
41 71 41 49 51 58 61 64 71
1 26 1 7 14 19 20 26
11 88 11 33 37 51 59 77 88
60 66 60 66
40 59 40 42 51 59
22 77 22 33 67 77
60 81 60 66 78 81
1 89 1 3 9 50 60 66 83 89
42 57 42 57
37 79 37 48 79
3 82 3 58 61 64 82
23 48 23 25 33 37 48
26 54 26 28 37 48 54
43 61 43 47 61
2 30 2 9 24 30
16 54 16 28 37 48 54
21 43 21 26 28 35 43
37 73 37 49 51 67 73
23 44 23 44
18 89 18 34 47 61 75 78 80 81 83 89
19 57 19 20 32 44 55 57
38 51 38 42 51
22 25 22 25
1 37 1 19 21 26 28 37
26 67 26 38 41 49 51 58 67
19 33 19 33
16 55 16 28 35 43 44 55
6 32 6 24 27 32
19 89 19 21 58 77 89
8 27 8 13 16 24 27
21 72 21 26 67 72
26 75 26 28 37 51 58 61 75
59 66 59 66
8 89 8 62 63 80 83 89
42 59 42 51 59
1 64 1 13 14 19 43 44 51 64
42 82 42 64 68 74 82
3 13 3 9 13
31 78 31 39 60 66 78
22 43 22 43
6 48 6 24 34 48
14 37 14 19 33 37
9 47 9 16 29 36 43 47
23 47 23 32 47
85 88 85 88
9 50 9 50
22 34 22 34
34 84 34 45 67 72 78 84
31 82 31 56 74 82
31 78 31 39 57 72 78
16 80 16 24 43 80
9 52 9 16 29 43 52
58 80 58 67 72 78 80
14 34 14 19 20 30 34
14 43 14 28 35 43
13 50 13 36 50
33 67 33 37 52 67
26 44 26 28 35 43 44
25 53 25 38 41 53
37 79 37 48 79
49 58 49 51 58
30 48 30 34 48
64 83 64 71 83
51 83 51 58 78 80 83
51 61 51 58 61
49 89 49 72 78 84 89
15 30 15 30
16 79 16 28 35 43 44 79
23 84 23 35 72 78 84
78 80 78 80
60 80 60 66 78 80
40 64 40 51 58 61 64
43 53 43 44 53
2 88 2 31 68 69 88
37 71 37 49 51 58 61 64 71
16 54 16 27 32 48 54
7 84 7 28 49 72 78 84
19 41 19 20 26 28 41
7 55 7 32 44 55
28 77 28 41 53 77
9 52 9 32 48 52
31 82 31 68 74 82
57 86 57 63 80 81 83 86
13 32 13 20 32
15 25 15 22 25
60 80 60 66 78 80
11 78 11 21 26 40 78
22 33 22 33
40 77 40 51 59 77
9 54 9 17 33 37 48 54
28 60 28 49 51 60
23 50 23 28 35 41 50
25 73 25 33 39 58 73
33 52 33 37 48 52
37 66 37 49 51 60 66
70 83 70 71 83
16 47 16 31 43 47
72 83 72 78 81 83
14 89 14 31 89
20 67 20 39 58 67
19 37 19 21 26 28 37
16 36 16 27 29 36
33 75 33 61 75
3 34 3 16 24 34
25 47 25 35 43 47
7 79 7 15 22 25 33 37 48 79
15 43 15 22 43
25 48 25 33 37 48
8 57 8 41 57
20 61 20 30 34 38 41 50 51 58 61
58 73 58 73
3 57 3 15 30 34 44 55 57
62 88 62 72 86 88
72 80 72 78 80
74 88 74 85 88
7 47 7 27 34 47
30 67 30 48 54 67
62 88 62 63 82 85 88
7 66 7 41 66
39 58 39 58
16 86 16 28 58 61 64 86
20 75 20 39 58 61 75
15 78 15 26 28 41 78
6 71 6 71
35 43 35 43
28 82 28 49 72 82
19 33 19 33
3 60 3 38 41 49 51 60
20 73 20 55 67 73
8 37 8 28 37
20 61 20 40 42 51 58 61
20 83 20 72 78 81 83
20 52 20 26 28 37 52
23 48 23 25 33 37 48
27 55 27 29 43 44 55
15 33 15 22 25 33
27 75 27 58 61 75
37 79 37 48 79
3 27 3 16 24 27
11 77 11 21 40 60 66 77
21 26 21 26
26 53 26 38 41 53
59 80 59 64 80
15 88 15 22 60 66 78 84 88
23 48 23 37 48
14 89 14 42 62 72 78 84 89
16 32 16 24 32
4 30 4 13 14 19 20 30
9 36 9 24 29 36
14 51 14 25 35 41 49 51
7 83 7 14 59 66 71 83
43 53 43 44 53
16 29 16 29
11 60 11 35 41 50 51 60
30 71 30 48 54 59 64 71
27 52 27 32 48 52
27 52 27 52
85 88 85 88
11 43 11 20 26 28 35 43
8 34 8 13 14 34
23 71 23 66 71
35 70 35 41 70
9 17 9 17
4 89 4 70 72 78 84 89
25 73 25 38 42 51 58 67 73
43 44 43 44
34 66 34 59 66
13 73 13 14 19 33 37 48 52 67 73
41 66 41 50 59 66
14 41 14 34 38 41
34 71 34 47 61 64 71
30 53 30 44 53
31 89 31 43 46 77 89
4 88 4 60 82 85 88
3 77 3 27 58 67 77
37 54 37 48 54
26 81 26 42 62 72 78 80 81
37 61 37 40 42 51 58 61
58 81 58 67 72 78 80 81
33 61 33 61
6 32 6 27 32
2 77 2 33 49 51 67 77
59 81 59 64 81
43 61 43 47 61
3 26 3 9 17 20 26
60 66 60 66
3 30 3 14 30
3 30 3 16 24 30
11 77 11 21 42 51 59 77
1 72 1 2 18 20 32 58 67 72
40 72 40 51 58 67 72
9 24 9 13 24
15 26 15 21 26
9 48 9 17 32 48
21 72 21 40 72
23 50 23 35 41 50
26 47 26 28 35 43 47
38 82 38 60 82
13 71 13 48 61 64 71
70 81 70 72 78 80 81
63 81 63 80 81
27 44 27 34 44
13 54 13 36 37 48 54
15 64 15 26 40 42 51 58 64
37 48 37 48
19 60 19 38 42 51 60
8 43 8 9 17 25 35 43
30 71 30 39 60 66 71
78 81 78 81
3 58 3 30 39 58
18 72 18 20 32 48 54 72
2 26 2 9 20 26
18 57 18 21 26 28 37 40 42 57
34 81 34 38 60 66 78 80 81
9 61 9 20 55 58 61
39 72 39 58 67 72
13 55 13 29 43 44 55
15 57 15 22 33 37 40 42 57
13 53 13 20 26 38 41 53
8 57 8 34 38 41 57
7 54 7 29 36 48 54
43 47 43 47
16 79 16 29 43 44 79
6 17 6 17
74 88 74 85 88
1 13 1 2 9 13
34 54 34 48 54
6 61 6 16 27 34 44 51 58 61
28 72 28 37 40 42 51 67 72
30 53 30 34 38 41 53
7 67 7 39 58 67
41 84 41 57 72 78 84
6 54 6 54
1 7 1 7
22 78 22 60 66 78
16 80 16 27 52 78 80
8 60 8 13 36 60
15 25 15 22 25
64 83 64 71 83
27 67 27 34 67
38 72 38 70 72
25 81 25 81
8 57 8 34 45 55 57
25 52 25 35 43 52
18 43 18 21 26 28 35 43
22 58 22 25 33 51 58
18 30 18 20 30
30 83 30 48 61 75 78 81 83
13 55 13 14 34 44 55
51 66 51 60 66
20 81 20 72 78 81
34 47 34 47
42 59 42 51 59
15 41 15 30 41
60 84 60 66 78 84
16 55 16 27 34 44 55
11 41 11 35 41
11 59 11 20 26 38 42 51 59
15 78 15 26 67 72 78
41 80 41 79 80
78 84 78 84
6 44 6 27 34 44
31 63 31 39 57 63
64 71 64 71
41 61 41 50 51 58 61
42 64 42 51 58 61 64
1 37 1 2 33 37
41 66 41 66
70 84 70 72 78 84
13 66 13 28 37 51 60 66
31 43 31 43
21 51 21 42 51
9 29 9 24 29
3 27 3 27
26 44 26 28 35 43 44
6 17 6 17
14 37 14 25 33 37
15 63 15 26 40 63
21 82 21 42 64 82
43 55 43 44 55
7 48 7 33 37 48
25 71 25 40 51 59 64 71
1 23 1 2 9 16 23
25 61 25 33 61
26 66 26 42 51 60 66
43 47 43 47
23 71 23 49 51 60 66 71
63 86 63 83 86
38 59 38 41 49 51 59
15 43 15 22 25 35 43
43 52 43 52
8 23 8 9 13 16 23
3 64 3 16 35 43 44 61 64
7 29 7 29
15 78 15 58 61 75 78
22 88 22 62 72 82 85 88
30 73 30 41 50 51 67 73
28 51 28 37 51
11 26 11 21 26
9 32 9 32
58 75 58 61 75
8 13 8 13
43 67 43 44 51 58 67
26 80 26 42 51 58 67 72 78 80
22 77 22 59 77
7 52 7 14 30 48 52
40 57 40 42 57
33 84 33 61 75 78 84
39 82 39 60 82
15 78 15 58 61 75 78
16 55 16 31 43 44 55
25 66 25 40 42 51 59 66
9 80 9 24 32 53 72 78 80
16 66 16 44 51 59 66
4 89 4 13 16 31 39 57 80 81 83 89
14 30 14 19 20 30
58 61 58 61
35 58 35 41 50 51 58
39 60 39 60
33 84 33 78 84
7 75 7 29 48 54 75
6 75 6 17 20 40 42 51 58 61 75
51 83 51 67 72 78 81 83
70 86 70 72 86
31 43 31 43
42 58 42 51 58
28 88 28 37 72 86 88
1 58 1 2 31 39 58
56 63 56 62 63
11 41 11 21 26 38 41
18 89 18 72 78 84 89
8 16 8 9 16
8 33 8 13 16 23 25 33
1 64 1 3 14 28 49 51 58 61 64
8 9 8 9
27 73 27 29 43 44 73
14 34 14 34
34 66 34 44 51 60 66
18 59 18 21 59
16 86 16 27 52 78 81 83 86
43 86 43 70 72 78 81 83 86
22 51 22 43 44 51
11 78 11 58 61 75 78
2 58 2 31 39 58
11 89 11 70 71 84 89
60 66 60 66
35 72 35 43 44 53 72
22 78 22 60 66 78
27 48 27 29 37 48
6 24 6 16 24
23 44 23 32 44
13 24 13 24
27 53 27 32 44 53
3 23 3 16 23
46 77 46 77
25 67 25 38 41 67
2 88 2 70 88
28 51 28 37 49 51
23 80 23 32 66 78 80
30 52 30 48 52
23 44 23 32 44
11 26 11 21 26
30 61 30 44 51 58 61
1 34 1 7 15 30 34
30 83 30 50 59 66 83
78 80 78 80
13 52 13 28 37 52
11 20 11 20
41 50 41 50
15 64 15 30 44 61 64
37 67 37 51 58 67
58 83 58 78 80 81 83
40 70 40 42 70
51 81 51 60 66 78 80 81
9 52 9 32 48 52
9 50 9 13 26 28 35 41 50
13 75 13 36 37 48 75
40 88 40 78 80 81 83 88
49 64 49 51 64
1 41 1 13 24 30 41
15 78 15 26 75 78
6 71 6 24 64 71
14 57 14 34 38 41 57
19 57 19 43 44 55 57
6 48 6 21 26 28 37 48
19 88 19 78 85 88
40 77 40 51 58 77
9 55 9 17 20 30 34 44 55
27 54 27 32 48 54
40 88 40 68 74 85 88
40 51 40 42 51
37 86 37 59 66 83 86
6 81 6 40 72 78 80 81
37 83 37 40 64 81 83
34 86 34 59 66 71 83 86
39 72 39 58 67 72
28 78 28 58 61 75 78
33 54 33 37 48 54
18 33 18 22 33
43 61 43 47 61
37 61 37 51 58 61
16 52 16 48 52
22 77 22 25 33 46 77
14 72 14 28 37 72
13 55 13 28 35 43 44 55
1 25 1 3 9 16 23 25
63 86 63 80 81 83 86
14 70 14 70
43 61 43 47 61
56 72 56 62 72
6 86 6 40 42 70 71 83 86
26 84 26 67 72 78 84
6 75 6 21 26 38 41 50 51 58 61 75
23 61 23 44 51 58 61
4 27 4 13 16 27
64 80 64 80
27 86 27 58 78 81 83 86
22 41 22 34 38 41
20 75 20 30 48 54 75
2 26 2 18 20 26
39 82 39 57 74 82
22 70 22 34 38 42 70
34 52 34 45 52
3 34 3 27 34
2 20 2 9 13 20
1 43 1 26 28 35 43
21 70 21 40 42 70
30 81 30 50 60 66 78 81
19 60 19 33 51 60
39 64 39 58 61 64
42 88 42 70 72 88
35 59 35 43 44 51 59
11 20 11 20
18 25 18 22 25
6 17 6 17
26 79 26 38 41 79
13 50 13 24 29 36 50
34 75 34 48 54 75
7 84 7 64 71 84
18 88 18 34 67 72 87 88
31 89 31 89
38 70 38 41 70
25 75 25 38 42 51 58 61 75
21 82 21 58 64 68 74 82
2 78 2 70 72 78
3 43 3 9 20 26 28 35 43
26 54 26 28 37 48 54
57 84 57 72 78 84
41 86 41 72 78 80 83 86
38 78 38 41 50 51 67 72 78
8 33 8 9 17 33
14 64 14 30 50 59 64
2 34 2 14 19 20 30 34
26 86 26 28 58 64 80 83 86
41 53 41 53
2 60 2 13 60
6 55 6 21 26 55
11 20 11 20
25 61 25 33 49 51 58 61
11 37 11 20 26 28 37
15 33 15 22 25 33
60 71 60 66 71
13 55 13 29 36 43 44 55
41 73 41 49 51 58 73
20 61 20 40 42 51 58 61
16 75 16 31 43 44 55 58 61 75
1 9 1 2 9
13 45 13 14 30 34 45
38 59 38 42 51 59
2 43 2 14 31 43
6 75 6 21 26 38 41 50 51 58 61 75
37 66 37 40 42 51 60 66
1 23 1 2 9 16 23
19 51 19 21 26 40 51
2 34 2 9 24 34
13 36 13 24 29 36
38 78 38 42 57 72 78
4 64 4 30 39 58 61 64
3 9 3 9
8 78 8 34 47 75 78
16 84 16 35 59 64 71 84
1 78 1 13 60 66 78
30 61 30 48 61
33 67 33 39 58 67
25 81 25 61 64 80 81
4 20 4 13 20
23 83 23 49 72 78 81 83
3 20 3 14 19 20
7 36 7 29 36
14 89 14 25 79 84 89
13 36 13 24 29 36
8 34 8 34
8 20 8 9 20
34 45 34 45
31 82 31 68 74 82
8 58 8 13 36 37 51 58
6 81 6 16 80 81
3 63 3 27 34 44 55 57 63
1 27 1 3 16 24 27
42 82 42 51 58 64 82
28 89 28 64 71 83 89
39 64 39 58 61 64
9 80 9 32 44 53 72 78 80
18 57 18 21 26 42 57
9 45 9 20 30 34 45
51 73 51 58 67 73
14 30 14 19 20 30
16 53 16 35 41 53
35 58 35 41 49 51 58
3 16 3 16
56 82 56 64 68 74 82
8 59 8 9 13 14 19 33 37 49 51 59
56 72 56 62 72
3 51 3 51
8 37 8 28 37
13 53 13 26 28 35 41 53
11 78 11 59 66 78
19 34 19 20 30 34
25 71 25 38 41 50 51 64 71
3 34 3 9 17 20 30 34
1 82 1 49 51 59 66 71 82
9 71 9 24 34 44 64 71
9 79 9 32 44 79
56 89 56 78 84 89
13 81 13 29 36 48 52 67 72 78 81
19 30 19 20 30
14 59 14 30 41 50 59
35 89 35 72 78 81 83 89
39 60 39 60
15 33 15 22 33
1 78 1 37 48 54 72 78
20 52 20 30 34 45 52
1 63 1 37 40 63
22 64 22 43 44 51 58 64
35 60 35 41 50 60
3 89 3 58 77 89
23 44 23 32 44
20 79 20 26 28 35 41 79
25 48 25 33 37 48
3 57 3 16 29 36 55 57
4 88 4 49 72 87 88
14 33 14 19 33
33 84 33 37 52 78 84
33 71 33 61 64 71
70 84 70 71 84
21 57 21 26 55 57
4 20 4 13 14 19 20
8 20 8 9 20
31 43 31 43
23 47 23 28 35 43 47
16 32 16 23 32
2 72 2 70 72
22 58 22 31 43 44 51 58
26 54 26 28 37 48 54
38 63 38 42 62 63
58 71 58 61 64 71
9 44 9 16 23 25 35 43 44
38 82 38 41 67 72 82
16 66 16 35 59 66
25 44 25 35 43 44
20 80 20 32 53 80
21 64 21 58 61 64
6 32 6 17 32
42 72 42 70 72
37 79 37 48 79
28 60 28 37 40 51 60
37 83 37 48 61 64 80 83
15 64 15 30 48 61 64
60 71 60 66 71
6 29 6 27 29
7 81 7 28 35 72 78 80 81
26 66 26 28 35 43 44 51 59 66
4 43 4 13 29 43
3 89 3 21 42 51 58 78 84 89
57 81 57 80 81
19 64 19 56 64
25 55 25 35 43 44 55
40 88 40 82 85 88
13 50 13 36 50
40 78 40 72 78
4 34 4 30 34
15 89 15 22 62 63 80 81 83 89
37 86 37 40 64 71 83 86
4 23 4 8 13 16 23
4 88 4 69 87 88
30 73 30 48 54 73
20 86 20 55 67 72 86
42 58 42 51 58
64 83 64 80 83
7 32 7 27 32
27 73 27 29 43 44 73
68 82 68 74 82
15 82 15 26 28 35 63 82
20 81 20 66 78 80 81
16 52 16 27 32 48 52
62 72 62 72
8 25 8 13 16 23 25
7 52 7 29 37 52
27 47 27 32 47
34 45 34 45
22 78 22 34 45 52 78
15 41 15 30 41
40 72 40 51 58 67 72
28 41 28 35 41
26 61 26 42 51 58 61
31 58 31 39 58
22 60 22 60
4 34 4 13 16 27 34
11 26 11 20 26
1 34 1 7 15 22 34
15 88 15 58 64 81 83 88
14 88 14 70 81 83 86 88
3 89 3 37 48 52 64 81 83 89
30 73 30 48 52 67 73
6 47 6 15 26 28 35 43 47
13 53 13 28 41 53
42 58 42 51 58
37 84 37 40 78 84
25 80 25 62 72 78 80
59 83 59 64 81 83
63 80 63 80
16 86 16 40 78 81 83 86
31 70 31 43 70
30 67 30 44 51 67
21 37 21 26 28 37
25 47 25 35 43 47
25 44 25 35 43 44
3 27 3 27
41 71 41 66 71
2 64 2 56 64
1 33 1 19 33
15 63 15 22 34 44 55 57 63
26 80 26 55 79 80
4 70 4 30 41 70
22 34 22 34
22 88 22 34 47 80 81 83 86 88
34 48 34 48
37 81 37 59 64 81
18 64 18 59 64
23 44 23 32 44
4 33 4 8 9 13 14 25 33
18 51 18 22 25 40 42 51
60 71 60 66 71
19 63 19 43 44 55 63
23 44 23 35 43 44
30 48 30 34 48
3 59 3 16 23 44 51 59
49 58 49 51 58
22 51 22 31 43 44 51
19 70 19 33 37 40 42 70
72 86 72 78 81 83 86
62 82 62 72 82
6 36 6 27 29 36
20 47 20 30 34 47
7 75 7 49 51 58 61 75
13 54 13 29 36 37 48 54
33 81 33 52 78 80 81
28 88 28 68 69 87 88
13 81 13 28 49 72 78 80 81
4 26 4 8 9 17 20 26
26 50 26 38 41 50
27 36 27 29 36
62 89 62 63 80 81 83 89
30 53 30 53
1 37 1 13 24 27 29 37
85 88 85 88
41 61 41 49 51 58 61
49 77 49 51 58 77
23 86 23 57 78 81 83 86
6 80 6 30 41 78 80
13 66 13 28 49 51 60 66
26 80 26 28 64 80
18 43 18 21 26 28 35 43
20 53 20 30 53
25 52 25 35 43 52
13 45 13 24 34 45
25 71 25 33 49 51 64 71
28 89 28 64 81 83 89
40 51 40 42 51
37 83 37 72 78 81 83
30 44 30 34 44
43 83 43 62 72 78 81 83
11 41 11 21 26 38 41
2 37 2 14 19 20 26 28 37
31 70 31 43 70
16 81 16 29 43 52 67 72 78 81
42 89 42 70 71 83 89
8 30 8 9 24 30
43 53 43 44 53
23 71 23 32 48 52 64 71
30 45 30 34 45
1 78 1 37 48 54 72 78
51 81 51 67 72 78 81
70 81 70 72 78 81
37 54 37 48 54
33 66 33 51 60 66
9 84 9 62 72 78 84
11 43 11 35 43
16 36 16 29 36
8 88 8 62 63 80 83 86 88
7 47 7 14 31 43 47
7 54 7 28 37 48 54
23 44 23 44
19 26 19 20 26
30 67 30 39 58 67
30 47 30 34 47
42 78 42 57 78
1 23 1 13 16 23
13 36 13 24 29 36
30 53 30 34 38 41 53
27 50 27 29 36 50
59 81 59 64 81
25 83 25 61 75 80 83
74 82 74 82
18 64 18 22 59 64
23 80 23 28 35 41 66 78 80
3 82 3 37 72 82
26 44 26 28 35 43 44
14 89 14 25 81 83 89
4 26 4 8 13 26
43 73 43 47 67 73
31 59 31 43 44 51 59
8 89 8 40 51 80 83 89
13 81 13 24 30 41 57 63 80 81
6 47 6 31 43 47
30 48 30 34 48
23 67 23 49 51 67
35 77 35 43 77
28 88 28 68 69 87 88
13 71 13 29 43 70 71
6 67 6 27 32 47 67
42 58 42 51 58
3 16 3 9 16
3 57 3 21 26 38 42 57
72 80 72 78 80
9 81 9 62 63 80 81
8 82 8 40 64 82
19 51 19 20 30 44 51
13 86 13 49 72 86
43 61 43 47 61
8 25 8 13 16 23 25
57 84 57 78 84
7 54 7 32 48 54
20 55 20 32 44 55
7 52 7 15 22 33 37 52
40 58 40 42 51 58
8 60 8 9 50 51 60
7 45 7 14 19 20 30 34 45
14 70 14 34 38 70
63 80 63 80
14 26 14 19 20 26
7 84 7 84
15 59 15 21 42 51 59
6 55 6 15 26 55
7 29 7 27 29
18 63 18 34 38 63
4 63 4 41 63
26 50 26 38 41 50
2 23 2 13 16 23
39 64 39 58 64
19 57 19 38 41 57
25 73 25 38 42 51 58 67 73
13 54 13 20 26 28 37 48 54
3 82 3 16 23 68 74 82
21 43 21 26 28 35 43
13 73 13 16 48 54 67 73
2 58 2 9 20 26 38 41 50 51 58
26 44 26 28 35 43 44
51 66 51 60 66
26 44 26 28 35 43 44
9 83 9 13 49 51 64 80 83
25 73 25 40 51 58 73
4 41 4 30 34 38 41
35 78 35 39 57 72 78
43 61 43 47 61
8 23 8 9 16 23
22 88 22 60 82 85 88
2 37 2 14 19 20 26 28 37
15 88 15 58 64 81 83 88
56 88 56 74 82 85 88
11 89 11 20 26 28 35 59 66 83 89
13 45 13 14 19 20 30 34 45
34 48 34 48
6 81 6 16 48 79 81
60 71 60 66 71
49 64 49 51 59 64
57 84 57 78 84
26 54 26 28 37 48 54
3 9 3 9
41 75 41 49 51 58 61 75
13 36 13 36
19 43 19 20 26 28 35 43
16 24 16 24
30 44 30 34 44
62 72 62 72
26 73 26 55 67 73
2 64 2 13 20 40 64
42 72 42 62 72
15 58 15 58
49 58 49 51 58
63 81 63 80 81
3 9 3 9
25 44 25 35 43 44
14 88 14 70 71 84 88
23 83 23 66 78 80 81 83
15 26 15 21 26
4 26 4 13 14 19 20 26
21 60 21 40 60
37 83 37 40 51 59 66 78 81 83
41 67 41 67
51 83 51 60 66 83
7 75 7 29 48 54 75
19 57 19 38 41 57
22 33 22 33
23 52 23 25 33 52
11 57 11 33 39 57
58 80 58 67 72 78 80
14 77 14 25 33 67 77
1 63 1 7 41 57 63
2 13 2 13
58 61 58 61
1 20 1 7 14 19 20
6 71 6 71
7 52 7 28 37 52
37 83 37 40 42 64 71 83
9 32 9 16 24 32
39 57 39 57
9 47 9 17 29 43 47
20 83 20 72 78 81 83
21 77 21 58 77
14 51 14 42 51
16 67 16 40 42 51 67
22 89 22 34 59 77 89
18 34 18 20 30 34
14 25 14 25
41 84 41 59 66 71 84
11 72 11 21 26 67 72
28 63 28 37 40 42 62 63
40 88 40 82 85 88
14 64 14 31 43 47 61 64
3 89 3 38 70 71 83 89
64 71 64 71
41 79 41 79
14 25 14 25
1 70 1 2 70
3 57 3 21 26 38 42 57
38 60 38 42 51 60
27 36 27 29 36
41 71 41 50 59 64 71
9 52 9 16 29 48 52
7 47 7 29 43 47
33 84 33 61 75 78 84
9 50 9 50
30 84 30 39 60 66 78 84
22 77 22 43 44 51 59 66 77
18 88 18 22 31 39 60 69 87 88
34 71 34 59 64 71
16 73 16 44 51 58 73
51 75 51 58 61 75
13 47 13 36 43 47
49 51 49 51
33 67 33 52 67
13 47 13 14 28 35 43 47
26 52 26 28 37 48 52
4 25 4 8 9 16 23 25
46 89 46 77 89
30 79 30 44 79
14 34 14 19 20 30 34
39 64 39 58 61 64
13 47 13 28 35 43 47
34 81 34 47 80 81
26 73 26 40 42 51 67 73
22 57 22 34 44 55 57
19 58 19 21 42 51 58
1 16 1 2 13 16
11 78 11 33 72 78
46 89 46 77 89
28 59 28 35 43 44 51 59
16 67 16 28 41 49 51 58 67
3 63 3 30 41 57 63
1 58 1 39 58
3 59 3 14 34 44 51 59
34 80 34 79 80
60 84 60 66 78 84
16 75 16 38 42 51 58 61 75
13 55 13 26 28 35 43 44 55
21 72 21 42 51 67 72
19 64 19 21 26 42 64
1 16 1 2 13 16
11 58 11 20 26 28 37 51 58
18 30 18 20 30
26 55 26 55
13 75 13 14 34 48 61 75
3 82 3 58 64 82
33 86 33 61 75 83 86
20 61 20 55 61
23 52 23 25 33 52
15 30 15 30
37 75 37 48 54 75
49 51 49 51
28 88 28 35 43 62 63 82 85 88
62 88 62 74 85 88
20 52 20 26 28 37 52
2 64 2 18 20 40 51 64
41 61 41 50 51 58 61
33 67 33 67
27 45 27 34 45
3 88 3 14 31 68 69 88
59 80 59 66 78 80
14 77 14 30 54 59 66 77
20 71 20 40 42 64 71
2 58 2 9 50 51 58
2 26 2 14 19 20 26
41 79 41 79
14 51 14 19 21 40 51
1 88 1 26 69 87 88
25 54 25 33 37 48 54
8 25 8 9 17 25
21 41 21 26 38 41
39 60 39 60
43 67 43 44 55 67
58 86 58 61 64 81 83 86
16 24 16 24
38 70 38 41 70
35 89 35 59 77 89
21 89 21 42 51 64 71 84 89
8 41 8 9 17 20 26 38 41
31 43 31 43
27 54 27 29 48 54
3 78 3 14 78
18 64 18 22 59 64
60 84 60 66 71 84
37 84 37 59 64 71 84
18 57 18 22 43 44 55 57
20 61 20 40 51 58 61
13 45 13 24 34 45
8 78 8 34 38 41 49 51 58 61 75 78
16 84 16 27 78 84
2 57 2 31 43 44 55 57
18 60 18 21 40 51 60
15 30 15 30
22 60 22 60
35 70 35 41 70
41 67 41 67
8 78 8 41 50 60 66 78
27 75 27 58 61 75
27 79 27 34 79
28 63 28 37 40 63
3 70 3 30 34 38 41 70
15 88 15 30 50 82 85 88
1 7 1 7
34 54 34 48 54
37 67 37 48 52 67
25 83 25 79 80 83
4 43 4 23 25 35 43
23 79 23 28 35 41 79
27 71 27 29 43 52 64 71
6 81 6 40 72 78 80 81
21 82 21 42 64 68 74 82
23 67 23 49 51 67
35 77 35 59 77
18 26 18 21 26
3 82 3 14 25 63 82
26 79 26 55 79
11 51 11 20 30 50 51
13 52 13 36 43 52
6 75 6 27 34 45 50 51 58 61 75
26 50 26 38 41 50
27 32 27 32
18 30 18 20 30
15 26 15 21 26
16 44 16 29 36 43 44
78 83 78 80 81 83
16 44 16 27 29 36 43 44
13 86 13 16 44 55 63 80 83 86
3 63 3 37 40 42 57 63
15 30 15 30
3 51 3 27 44 51
60 84 60 66 78 84
8 27 8 13 16 27
46 88 46 77 87 88
11 41 11 35 41
33 66 33 51 60 66
69 88 69 88
51 61 51 58 61
15 34 15 22 34
14 58 14 42 51 58
25 48 25 33 37 48
1 72 1 7 40 72
6 71 6 18 22 34 47 61 64 71
42 59 42 51 59
27 61 27 29 37 40 42 51 58 61
43 47 43 47
9 48 9 16 24 34 48
26 73 26 67 73
4 26 4 8 13 20 26
69 88 69 88
51 80 51 80
11 72 11 21 26 42 57 72
21 89 21 58 61 75 78 80 83 89
15 59 15 21 59
1 34 1 7 15 22 34
25 48 25 33 37 48
6 79 6 15 21 26 55 79
8 64 8 58 64
43 83 43 44 51 58 67 72 78 81 83
43 61 43 47 61
4 33 4 23 25 33
28 41 28 35 41
3 30 3 16 24 30
4 37 4 8 13 14 25 33 37
35 51 35 43 44 51
13 55 13 28 35 43 44 55
18 78 18 72 78
1 7 1 7
13 80 13 72 78 80
18 33 18 22 33
1 13 1 3 9 13
3 27 3 16 24 27
4 9 4 8 9
34 83 34 47 67 72 78 81 83
8 23 8 9 16 23
20 55 20 32 44 55
40 59 40 42 51 59
9 45 9 20 30 34 45
8 82 8 13 16 68 74 82
43 67 43 44 51 58 67
27 84 27 29 36 50 51 58 67 72 78 84
4 57 4 13 26 55 57
4 64 4 56 64
41 53 41 53
21 78 21 42 62 72 78
22 34 22 34
2 41 2 9 20 30 34 38 41
38 64 38 42 51 59 64
25 50 25 35 41 50
27 61 27 34 48 61
7 52 7 43 52
19 26 19 20 26
31 60 31 43 44 51 60
49 88 49 69 88
37 79 37 48 79
8 27 8 9 16 24 27
14 43 14 19 21 26 28 35 43
34 55 34 45 55
49 58 49 51 58
56 78 56 62 72 78
33 81 33 62 63 80 81
56 82 56 74 82
38 58 38 41 49 51 58
15 78 15 21 26 40 51 60 66 78
27 48 27 34 48
49 51 49 51
14 82 14 19 38 41 66 71 82
15 26 15 26
9 67 9 24 55 67
25 79 25 79
2 89 2 60 66 77 89
6 55 6 27 44 55
7 61 7 33 49 51 58 61
27 73 27 32 44 55 67 73
27 53 27 34 44 53
3 9 3 9
27 71 27 29 36 43 52 64 71
34 81 34 79 81
26 81 26 38 60 66 78 80 81
6 79 6 18 22 34 48 79
38 82 38 63 82
9 48 9 17 32 48
37 71 37 40 64 71
3 89 3 58 77 89
41 79 41 79
58 80 58 61 64 80
30 84 30 39 58 67 72 78 84
1 88 1 88
16 73 16 23 28 41 50 51 58 73
4 58 4 23 28 35 43 44 51 58
18 30 18 20 30
34 45 34 45
74 88 74 85 88
11 64 11 21 59 64
11 34 11 20 30 34
25 81 25 63 80 81
9 75 9 16 38 42 51 58 61 75
9 48 9 17 32 48
74 88 74 85 88
60 84 60 66 71 84
16 32 16 24 32
43 80 43 62 63 80
69 88 69 88
34 75 34 47 75
41 79 41 79
19 33 19 33
34 61 34 48 61
9 44 9 16 23 35 43 44
11 72 11 35 72
8 37 8 13 29 37
22 88 22 34 86 88
9 80 9 16 23 28 58 67 72 78 80
19 77 19 38 41 66 77
8 33 8 9 17 33
9 73 9 20 30 54 67 73
9 55 9 13 14 34 44 55
62 78 62 72 78
1 23 1 2 9 16 23
28 88 28 37 51 58 87 88
19 20 19 20
27 75 27 32 47 75
1 70 1 26 40 42 70
18 51 18 34 38 41 50 51
22 37 22 33 37
41 53 41 53
4 77 4 23 55 67 77
27 32 27 32
25 55 25 35 43 44 55
27 66 27 44 51 60 66
8 51 8 28 49 51
3 78 3 38 42 51 60 66 78
31 89 31 39 57 63 80 81 83 89
51 83 51 59 64 80 81 83
15 63 15 26 40 42 62 63
21 58 21 42 51 58
16 50 16 38 41 50
23 86 23 49 51 59 66 78 80 83 86
23 75 23 35 41 50 51 58 61 75
28 72 28 49 51 58 67 72
18 57 18 34 44 55 57
72 80 72 78 80
7 32 7 14 19 20 32
27 86 27 70 81 83 86
38 59 38 42 51 59
3 88 3 16 44 61 75 80 83 88
27 44 27 32 44
13 67 13 28 49 51 67
2 70 2 14 30 34 38 41 70
18 30 18 20 30
14 58 14 42 51 58
6 55 6 21 26 55
20 86 20 39 60 66 83 86
13 67 13 16 48 54 67
20 44 20 32 44
4 51 4 23 35 41 49 51
15 72 15 26 55 57 72
22 89 22 62 72 78 81 83 89
9 84 9 62 72 78 84
39 89 39 58 61 75 80 83 89
37 80 37 49 51 60 66 78 80
22 59 22 43 44 51 59
18 89 18 21 59 89
40 72 40 42 70 72
40 58 40 42 51 58
28 72 28 35 56 62 72
63 80 63 80
39 72 39 58 67 72
40 72 40 72
16 86 16 29 43 47 75 83 86
15 78 15 26 75 78
49 89 49 51 89
41 61 41 50 51 58 61
22 64 22 43 64
1 7 1 7
22 60 22 25 40 60
7 52 7 29 43 52
18 89 18 34 67 77 89
28 58 28 37 49 51 58
20 67 20 39 58 67
30 86 30 34 67 72 78 81 83 86
19 34 19 20 30 34
23 50 23 25 35 41 50
16 45 16 27 34 45
8 43 8 28 35 43
27 44 27 32 44
21 51 21 42 51
28 60 28 35 39 60
28 58 28 37 51 58
9 66 9 17 33 37 40 60 66
51 73 51 67 73
14 64 14 19 33 39 58 64
6 54 6 15 30 48 54
7 71 7 27 58 61 64 71
27 44 27 29 36 43 44
2 27 2 13 16 27
38 64 38 42 51 64
8 30 8 9 20 30
14 25 14 25
14 88 14 70 81 83 86 88
68 82 68 74 82
19 34 19 20 30 34
21 43 21 26 28 35 43
2 72 2 31 56 62 72
2 77 2 60 66 77
56 72 56 62 72
9 61 9 13 28 41 50 51 58 61
4 20 4 13 14 19 20
2 88 2 70 71 83 86 88
14 33 14 25 33
37 54 37 48 54
20 47 20 30 34 47
33 71 33 51 64 71
20 55 20 55
21 57 21 40 42 57
43 86 43 75 83 86
8 33 8 13 16 23 25 33
11 72 11 70 72
37 71 37 51 60 66 71
35 59 35 59
7 61 7 33 49 51 58 61
30 75 30 54 75
14 41 14 25 35 41
2 33 2 18 22 25 33
9 83 9 24 34 44 64 81 83
20 67 20 32 51 67
22 77 22 31 43 44 51 59 66 77
14 59 14 34 59
7 61 7 43 47 61
13 67 13 24 43 44 55 58 67
21 41 21 26 38 41
3 26 3 21 26
58 61 58 61
23 52 23 25 35 43 52
43 84 43 44 78 84
21 63 21 26 40 42 57 63
3 16 3 16
6 73 6 17 29 37 51 58 67 73
35 77 35 43 52 67 77
11 41 11 35 41
78 86 78 80 81 83 86
15 64 15 30 48 61 64
27 47 27 34 47
39 82 39 57 74 82
8 64 8 40 51 64
23 48 23 37 48
22 33 22 33
21 58 21 58
6 36 6 27 29 36
19 72 19 20 56 62 72
1 70 1 3 9 13 29 43 70
23 83 23 37 51 58 78 80 81 83
2 89 2 78 84 89
72 86 72 86
20 48 20 30 48
9 45 9 16 27 34 45
4 9 4 8 9
8 70 8 41 70
4 77 4 77
42 88 42 70 86 88
39 60 39 60
43 61 43 47 61
87 88 87 88
15 72 15 21 42 57 72
35 57 35 41 57
27 50 27 34 45 50
57 84 57 72 78 84
6 48 6 17 32 48
41 66 41 50 59 66
22 33 22 33
26 55 26 55
42 51 42 51
34 73 34 48 54 73
18 64 18 59 64
11 70 11 35 43 70
25 81 25 40 78 80 81
6 67 6 37 49 51 67
37 83 37 48 61 64 71 83
42 77 42 51 60 66 77
30 66 30 44 51 60 66
34 86 34 44 55 79 83 86
18 77 18 21 42 51 59 66 77
51 86 51 80 83 86
4 16 4 13 16
19 30 19 20 30
1 63 1 37 40 63
19 70 19 33 37 40 42 70
34 71 34 59 71
23 80 23 57 80
41 75 41 49 51 58 61 75
56 88 56 82 85 88
9 36 9 16 29 36
4 82 4 13 16 27 52 71 82
30 52 30 34 48 52
49 51 49 51
8 64 8 34 45 55 61 64
2 70 2 18 20 30 41 70
19 51 19 38 42 51
35 63 35 43 62 63
7 83 7 27 53 72 78 80 81 83
3 70 3 15 22 43 70
9 17 9 17
9 84 9 24 29 43 70 71 84
51 67 51 67
28 57 28 35 43 44 55 57
2 43 2 23 25 35 43
3 78 3 27 44 51 59 66 78
4 16 4 8 9 16
49 77 49 51 58 77
18 64 18 21 42 64
13 79 13 29 37 48 79
60 71 60 66 71
6 36 6 17 29 36
1 16 1 13 16
46 88 46 77 87 88
1 60 1 13 49 51 60
42 88 42 87 88
11 63 11 33 62 63
15 89 15 22 60 66 78 84 89
37 66 37 49 51 60 66
11 89 11 64 80 81 83 89
2 82 2 63 82
14 58 14 30 44 51 58
6 54 6 27 29 48 54
57 86 57 63 83 86
59 80 59 64 80
43 52 43 52
7 81 7 57 63 80 81
8 82 8 62 72 82
3 33 3 14 19 33
25 50 25 38 41 50
33 66 33 39 60 66
37 61 37 51 58 61
11 88 11 58 78 84 88
22 89 22 59 71 84 89
15 78 15 22 34 38 41 59 66 78
1 64 1 19 38 41 59 64
39 78 39 57 78
43 67 43 52 67
1 63 1 19 62 63
37 48 37 48
3 51 3 27 34 44 51
2 77 2 23 66 77
25 61 25 33 61
6 47 6 18 21 26 28 35 43 47
2 26 2 9 20 26
42 70 42 70
13 29 13 29
23 48 23 37 48
6 50 6 21 26 38 41 50
40 60 40 60
6 61 6 16 35 43 47 61
8 72 8 28 41 53 72
11 58 11 21 58
64 83 64 81 83
37 80 37 59 66 78 80
1 57 1 26 28 35 43 44 55 57
25 71 25 38 70 71
23 55 23 25 35 43 44 55
11 41 11 20 30 41
27 48 27 34 48
25 84 25 35 43 70 71 84
18 26 18 20 26
14 60 14 34 45 50 51 60
85 88 85 88
30 52 30 48 52
51 73 51 67 73
3 20 3 14 19 20
16 45 16 27 34 45
9 17 9 17
9 67 9 24 55 67
9 61 9 17 32 47 61
9 47 9 16 31 43 47
11 88 11 70 72 82 85 88
20 32 20 32
6 44 6 21 26 28 35 43 44
64 71 64 71
2 78 2 72 78
9 71 9 71
2 60 2 33 49 51 60
6 81 6 27 72 78 81
39 77 39 58 77
49 89 49 51 60 66 78 81 83 89
14 30 14 19 20 30
34 54 34 45 54
30 73 30 54 67 73
14 33 14 19 33
26 81 26 67 72 78 81
19 64 19 21 58 61 64
34 50 34 45 50
13 44 13 20 32 44
8 77 8 34 38 60 66 77
13 75 13 49 51 58 61 75
19 78 19 38 60 66 78
7 80 7 42 51 64 80
30 80 30 34 47 80
13 71 13 24 27 44 55 58 64 71
1 26 1 13 26
28 70 28 37 40 42 70
14 59 14 19 38 42 51 59
19 89 19 43 47 83 89
13 24 13 24
42 77 42 51 60 66 77
16 29 16 24 29
9 50 9 20 30 34 45 50
2 16 2 9 13 16
56 89 56 62 63 80 83 89
3 59 3 38 41 59
34 53 34 44 53
46 77 46 77
33 83 33 62 63 80 81 83
25 55 25 35 43 44 55
13 81 13 26 67 72 78 80 81
22 82 22 31 43 70 72 82
41 86 41 79 86
28 70 28 37 40 42 70
21 43 21 26 28 35 43
1 64 1 39 58 61 64
9 55 9 16 24 34 45 55
19 82 19 56 62 72 82
15 72 15 21 40 42 62 72
11 63 11 33 62 63
15 57 15 30 44 55 57
56 64 56 64
33 48 33 37 48
6 81 6 24 43 70 81
18 88 18 34 67 72 87 88
20 55 20 30 44 55
58 81 58 67 72 78 81
26 71 26 55 61 64 71
1 13 1 2 13
16 48 16 29 36 37 48
3 57 3 21 26 40 42 57
7 84 7 15 22 34 47 61 75 78 84
11 82 11 21 26 42 70 72 82
6 54 6 27 29 37 48 54
15 43 15 26 28 35 43
27 75 27 44 61 75
41 73 41 49 51 58 73
13 47 13 14 28 35 43 47
9 79 9 20 55 79
4 37 4 8 28 37
16 67 16 31 43 44 51 58 67
4 25 4 23 25
2 34 2 14 34
11 59 11 20 59
40 60 40 60
7 48 7 33 37 48
41 67 41 67
3 37 3 16 27 29 36 37
4 64 4 56 64
69 88 69 88
40 64 40 42 64
27 79 27 29 36 43 44 55 79
9 75 9 13 14 28 35 39 58 61 75
11 33 11 33
22 34 22 34
70 86 70 81 83 86
13 53 13 16 31 43 44 53
51 84 51 58 67 72 78 84
59 81 59 66 78 80 81
15 60 15 30 39 60
21 26 21 26
8 72 8 28 58 67 72
37 66 37 51 60 66
31 60 31 43 44 51 60
23 66 23 32 44 51 60 66
18 30 18 20 30
46 88 46 77 87 88
8 9 8 9
1 78 1 39 60 66 78
11 26 11 21 26
7 71 7 39 60 66 71
26 61 26 28 49 51 58 61
2 33 2 13 14 25 33
2 58 2 31 39 58
25 53 25 35 43 44 53
14 33 14 19 33
21 58 21 40 51 58
22 88 22 87 88
22 88 22 60 82 85 88
56 64 56 64
30 54 30 54
60 86 60 66 71 83 86
28 43 28 35 43
4 23 4 23
11 34 11 20 30 34
3 30 3 14 19 20 30
40 89 40 42 51 80 81 83 89
4 26 4 8 13 26
30 61 30 48 61
34 83 34 45 52 80 81 83
3 78 3 30 34 38 42 62 72 78
63 86 63 80 81 83 86
15 57 15 21 42 57
22 34 22 34
63 80 63 80
40 64 40 51 58 61 64
26 50 26 28 35 41 50
15 63 15 21 26 28 35 39 57 63
26 67 26 28 35 39 58 67
31 60 31 43 44 51 60
40 82 40 64 68 74 82
22 51 22 43 44 51
31 60 31 43 44 51 60
1 58 1 13 28 37 40 51 58
3 70 3 9 17 29 36 43 70
3 58 3 21 40 51 58
14 88 14 34 59 66 77 88
37 81 37 40 78 81
21 60 21 42 51 60
30 83 30 41 57 83
59 81 59 66 78 80 81
31 43 31 43
7 47 7 28 35 43 47
19 70 19 38 70
4 82 4 30 50 60 82
7 53 7 41 53
25 50 25 38 41 50
4 27 4 8 9 16 27
35 64 35 59 64
34 54 34 48 54
4 27 4 13 16 27
25 84 25 35 39 60 66 78 84
43 80 43 47 61 64 80
19 51 19 20 30 44 51
34 61 34 45 50 51 58 61
4 70 4 8 28 37 40 42 70
28 57 28 41 57
42 89 42 46 77 89
37 73 37 48 54 73
70 81 70 81
19 57 19 38 41 57
33 79 33 37 48 79
15 78 15 22 60 66 78
34 53 34 38 41 53
9 36 9 13 36
11 34 11 20 30 34
3 34 3 16 24 30 34
34 75 34 47 75
9 44 9 20 30 44
21 82 21 26 75 82
51 67 51 67
9 55 9 17 20 30 34 44 55
14 60 14 28 41 49 51 60
3 70 3 27 29 37 40 42 70
34 52 34 45 52
4 25 4 8 9 13 14 25
23 86 23 57 80 81 83 86
30 44 30 44
30 44 30 44
2 57 2 31 43 44 55 57
16 55 16 24 32 44 55
9 80 9 24 80
7 75 7 42 51 58 61 75
43 61 43 44 55 61
33 66 33 51 59 66
18 89 18 22 34 79 80 83 89
28 82 28 35 43 52 64 82
6 55 6 30 44 55
26 53 26 28 41 53
21 89 21 42 46 77 89
6 75 6 17 32 44 61 75
27 71 27 34 45 52 71
26 52 26 28 35 43 52
30 73 30 34 67 73
43 55 43 44 55
26 54 26 28 37 48 54
4 88 4 60 69 87 88
38 77 38 60 66 77
13 24 13 24
49 72 49 72
18 51 18 22 34 38 41 50 51
28 82 28 35 63 82
14 60 14 34 45 50 51 60
30 44 30 44
9 52 9 13 36 43 52
30 47 30 34 47
6 66 6 27 44 51 60 66
9 75 9 16 38 42 51 58 61 75
20 67 20 32 58 67
74 82 74 82
6 29 6 27 29
30 44 30 34 44
27 45 27 34 45
35 51 35 41 50 51
14 89 14 70 72 78 80 83 89
26 50 26 38 41 50
3 64 3 58 64
25 83 25 33 51 60 66 71 83
19 33 19 33
22 77 22 59 66 77
49 72 49 51 58 67 72
1 72 1 13 49 51 58 67 72
41 81 41 70 81
7 86 7 40 64 71 83 86
3 51 3 37 49 51
9 29 9 24 27 29
4 63 4 41 63
30 50 30 34 38 41 50
30 81 30 48 72 78 81
7 79 7 27 32 44 79
13 84 13 72 78 84
4 30 4 30
15 64 15 22 34 48 54 59 64
19 72 19 62 72
59 86 59 71 83 86
9 80 9 62 63 80
2 89 2 33 51 64 71 83 89
13 71 13 49 51 60 66 71
42 78 42 57 72 78
68 88 68 69 88
7 83 7 40 51 80 83
6 67 6 40 51 67
18 58 18 21 40 42 51 58
7 45 7 14 30 34 45
27 55 27 29 36 55
35 64 35 41 59 64
2 72 2 13 14 28 49 51 67 72
2 58 2 9 13 49 51 58
19 63 19 56 62 63
46 88 46 77 87 88
41 73 41 49 51 67 73
41 75 41 49 51 58 61 75
7 79 7 15 21 26 38 41 79
25 54 25 33 37 48 54
26 44 26 28 35 43 44
35 59 35 43 44 51 59
59 83 59 71 83
14 63 14 31 56 62 63
41 84 41 78 84
25 55 25 35 43 44 55
2 25 2 23 25
7 79 7 15 22 25 33 37 48 79
59 66 59 66
8 43 8 9 20 26 28 35 43
21 26 21 26
30 54 30 48 54
56 63 56 62 63
4 30 4 30
27 66 27 29 37 59 66
34 50 34 45 50
7 45 7 15 22 34 45
4 34 4 13 24 34
41 53 41 53
27 67 27 58 67
18 34 18 22 34
9 80 9 57 80
26 75 26 28 37 51 58 61 75
34 67 34 38 42 51 58 67
2 60 2 14 19 43 44 51 60
4 20 4 13 14 19 20
11 63 11 20 39 57 63
33 75 33 49 51 58 61 75
21 26 21 26
37 67 37 51 67
6 29 6 17 29
58 81 58 61 75 80 81
38 60 38 41 50 51 60
27 55 27 32 44 55
11 64 11 58 61 64
23 66 23 49 51 60 66
28 72 28 37 40 42 62 72
23 86 23 57 78 81 83 86
20 53 20 30 53
16 53 16 38 41 53
21 37 21 26 28 37
16 86 16 31 56 78 81 83 86
30 75 30 54 75
42 60 42 51 60
22 58 22 25 33 51 58
15 34 15 30 34
7 83 7 28 35 41 70 72 78 80 81 83
18 51 18 22 34 38 41 49 51
34 66 34 44 51 60 66
9 66 9 13 20 30 34 59 66
60 81 60 66 78 80 81
28 64 28 58 64
11 43 11 35 43
38 59 38 42 51 59
41 80 41 49 72 78 80
15 58 15 58
3 25 3 15 22 25
51 61 51 58 61
38 58 38 42 51 58
42 77 42 51 67 77
26 53 26 38 41 53
25 50 25 35 41 50
43 79 43 44 79
30 55 30 34 45 55
21 51 21 42 51
4 37 4 8 13 14 25 33 37
28 72 28 58 67 72
11 64 11 59 64
7 84 7 15 22 34 47 61 75 78 84
49 82 49 51 67 72 82
21 63 21 26 28 37 40 42 62 63
16 24 16 24
15 57 15 22 25 38 42 57
64 81 64 80 81
40 78 40 78
38 78 38 70 72 78
60 83 60 66 78 81 83
8 63 8 13 16 27 29 43 44 55 63
9 66 9 13 20 30 34 59 66
3 26 3 15 21 26
2 43 2 23 25 35 43
51 73 51 58 67 73
39 82 39 58 68 74 82
2 78 2 23 35 39 57 72 78
31 70 31 43 70
19 37 19 20 26 28 37
14 59 14 34 59
27 52 27 52
9 32 9 24 27 32
37 66 37 40 51 60 66
4 70 4 8 34 38 42 70
63 80 63 80
56 82 56 74 82
3 37 3 21 26 28 37
38 64 38 42 51 64
20 53 20 26 38 41 53
26 83 26 42 64 71 83
34 48 34 48
19 26 19 20 26
22 64 22 31 43 47 61 64
4 20 4 13 14 19 20
33 81 33 39 57 72 78 80 81
14 89 14 31 89
7 53 7 29 43 44 53
14 59 14 42 51 59
13 84 13 29 36 43 70 72 78 84
6 81 6 54 59 66 78 80 81
3 57 3 16 29 36 55 57
7 75 7 49 51 58 61 75
27 47 27 34 47
26 71 26 55 61 64 71
19 57 19 43 44 55 57
7 84 7 28 49 72 78 84
42 89 42 70 81 83 89
20 32 20 32
3 37 3 15 22 25 33 37
1 26 1 3 9 13 26
51 86 51 80 83 86
22 34 22 34
49 58 49 51 58
42 77 42 51 60 66 77
15 26 15 21 26
2 72 2 13 28 35 72
22 77 22 43 47 67 77
15 63 15 26 28 37 40 63
59 84 59 66 78 84
33 73 33 37 48 52 67 73
38 63 38 42 62 63
14 58 14 31 43 44 51 58
3 16 3 16
19 51 19 33 49 51
20 67 20 30 34 45 50 51 58 67
18 43 18 20 26 28 35 43
21 70 21 26 40 42 70
7 36 7 27 29 36
1 57 1 39 57
25 53 25 35 43 44 53
13 53 13 20 26 38 41 53
15 51 15 21 26 38 41 49 51
6 86 6 86
3 51 3 14 31 43 44 51
37 48 37 48
8 9 8 9
23 32 23 32
39 72 39 57 72
23 54 23 25 33 37 48 54
18 60 18 21 26 38 41 49 51 60
31 58 31 43 44 51 58
40 77 40 42 51 58 77
30 52 30 34 45 52
2 25 2 18 22 25
30 83 30 48 75 80 81 83
13 24 13 24
26 44 26 28 35 43 44
1 89 1 72 78 81 83 89
2 41 2 23 35 41
59 81 59 64 81
39 60 39 60
3 57 3 27 34 44 55 57
7 73 7 41 49 51 58 73
2 57 2 57
25 67 25 33 39 58 67
27 83 27 70 72 78 81 83
8 23 8 13 16 23
31 51 31 43 44 51
34 47 34 47
31 43 31 43
9 75 9 24 55 61 75
21 59 21 59
16 24 16 24
4 77 4 49 51 60 66 77
14 70 14 25 35 43 70
37 86 37 49 72 78 81 83 86
64 81 64 80 81
34 81 34 79 81
74 82 74 82
49 64 49 51 59 64
25 55 25 35 43 44 55
2 27 2 13 24 27
18 41 18 20 26 28 41
37 54 37 48 54
1 64 1 26 38 42 64
19 59 19 33 49 51 59
19 41 19 38 41
16 83 16 80 81 83
15 70 15 30 34 38 70
58 83 58 78 81 83
11 33 11 33
7 66 7 39 60 66
23 53 23 35 43 44 53
30 81 30 50 51 59 66 78 81
7 80 7 42 51 64 80
6 67 6 18 22 43 47 67
4 70 4 8 13 26 42 70
21 72 21 40 51 67 72
42 57 42 57
1 9 1 2 9
2 13 2 13
38 58 38 42 51 58
30 83 30 50 59 66 83
16 24 16 24
25 44 25 35 43 44
41 86 41 79 80 83 86
20 55 20 32 44 55
33 80 33 78 80
21 88 21 59 86 88
43 73 43 44 73
23 50 23 25 38 41 50
72 86 72 78 81 83 86
4 57 4 23 55 57
28 58 28 37 49 51 58
33 61 33 39 58 61
22 60 22 34 45 50 51 60
6 17 6 17
2 16 2 9 13 16
43 84 43 47 67 72 78 84
2 63 2 57 63
56 63 56 62 63
19 33 19 33
25 73 25 38 41 67 73
9 45 9 24 30 34 45
14 43 14 25 35 43
37 84 37 40 78 84
11 51 11 35 43 44 51
6 81 6 54 78 80 81
4 63 4 23 37 40 63
20 84 20 59 64 71 84
60 86 60 66 83 86
11 88 11 88
22 70 22 34 38 42 70
26 71 26 55 61 64 71
13 84 13 20 55 61 75 78 84
49 89 49 51 64 81 83 89
4 16 4 13 16
16 71 16 28 49 51 58 61 64 71
35 89 35 41 79 80 81 83 89
41 73 41 67 73
9 61 9 32 44 55 61
15 30 15 30
11 59 11 33 37 40 51 59
51 66 51 59 66
14 78 14 28 58 78
22 59 22 34 59
6 45 6 30 34 45
23 52 23 32 48 52
37 80 37 59 66 78 80
9 61 9 16 24 32 44 51 58 61
23 54 23 32 48 54
13 54 13 36 48 54
1 9 1 3 9
41 75 41 49 51 58 61 75
9 75 9 13 28 49 51 58 61 75
21 41 21 26 38 41
11 51 11 33 51
19 78 19 38 70 72 78
8 43 8 13 20 26 28 35 43
37 81 37 72 78 80 81
62 63 62 63
49 58 49 51 58
3 57 3 16 29 36 55 57
3 26 3 15 26
4 27 4 8 9 24 27
4 43 4 13 26 28 35 43
6 55 6 31 43 44 55
62 63 62 63
15 26 15 21 26
9 67 9 16 23 44 51 58 67
19 30 19 20 30
6 67 6 21 26 40 42 51 67
20 80 20 26 55 63 80
51 80 51 58 78 80
27 79 27 79
37 80 37 40 42 70 72 78 80
18 43 18 22 25 35 43
18 51 18 21 26 38 41 49 51
30 86 30 48 54 86
6 73 6 18 22 43 47 67 73
8 89 8 9 32 53 84 89
1 58 1 49 51 58
13 29 13 29
6 47 6 16 24 34 47
3 58 3 14 25 35 41 50 51 58
2 23 2 23
20 32 20 32
28 43 28 35 43
72 80 72 78 80
34 45 34 45
16 24 16 24
25 75 25 38 42 51 58 61 75
27 36 27 29 36
11 60 11 33 51 60
18 89 18 20 56 64 81 83 89
22 57 22 34 45 55 57
22 60 22 31 39 60
70 86 70 72 86
60 80 60 66 78 80
59 66 59 66
7 32 7 27 32
78 83 78 80 83
49 78 49 51 60 66 78
1 59 1 3 21 59
60 80 60 66 78 80
22 43 22 43
31 77 31 43 52 67 77
1 25 1 13 16 23 25
41 84 41 66 71 84
34 71 34 47 61 64 71
11 72 11 58 67 72
31 60 31 39 60
8 25 8 13 16 23 25
30 84 30 50 51 59 64 71 84
33 67 33 67
38 51 38 41 50 51
6 50 6 21 26 38 41 50
4 37 4 13 26 28 37
7 55 7 28 35 43 44 55
23 32 23 32
9 44 9 20 32 44
59 71 59 64 71
11 60 11 21 42 51 60
3 77 3 15 26 40 42 46 77
49 51 49 51
16 47 16 29 36 43 47
28 89 28 77 89
43 73 43 52 67 73
18 59 18 20 32 51 59
11 34 11 20 30 34
22 77 22 59 66 77
42 72 42 51 58 67 72
1 43 1 13 14 25 35 43
27 47 27 34 47
87 88 87 88
26 48 26 28 37 48
6 86 6 86
20 47 20 30 34 47
34 75 34 44 61 75
4 78 4 60 66 78
19 64 19 38 41 50 51 58 61 64
16 52 16 31 43 52
25 80 25 62 72 78 80
7 86 7 39 60 66 83 86
22 57 22 34 44 55 57
14 70 14 30 34 38 70
11 43 11 35 43
13 83 13 16 48 52 71 83
3 16 3 9 13 16
27 55 27 32 44 55
25 66 25 33 49 51 59 66
27 84 27 72 78 84
19 72 19 62 72
22 63 22 33 37 40 63
13 44 13 14 34 44
51 80 51 64 80
49 64 49 51 58 64
58 73 58 73
7 44 7 15 30 34 44
1 34 1 13 16 27 34
21 37 21 26 28 37
27 66 27 44 51 60 66
49 64 49 51 58 64
3 88 3 16 29 80 83 88
31 57 31 43 44 55 57
11 33 11 33
14 58 14 42 51 58
20 84 20 39 58 64 71 84
9 67 9 50 51 67
14 89 14 59 89
9 81 9 24 30 53 80 81
27 47 27 29 36 43 47
30 47 30 34 47
21 37 21 26 28 37
2 9 2 9
23 83 23 32 58 78 81 83
56 78 56 78
27 53 27 29 43 44 53
1 7 1 7
2 9 2 9
15 26 15 21 26
38 72 38 42 70 72
18 82 18 21 42 51 60 66 71 82
9 52 9 32 48 52
49 58 49 51 58
28 64 28 49 51 59 64
35 63 35 41 63
3 59 3 27 29 43 44 51 59
23 81 23 49 51 67 72 78 81
27 81 27 58 64 81
22 25 22 25
59 71 59 66 71
57 83 57 63 83
6 48 6 27 34 48
9 81 9 32 47 75 78 80 81
11 51 11 20 40 51
33 73 33 49 51 58 67 73
1 88 1 39 57 74 85 88
20 73 20 73
60 81 60 66 78 80 81
13 73 13 48 54 67 73
16 83 16 80 81 83
21 72 21 42 51 67 72
27 54 27 29 36 48 54
56 89 56 78 84 89
30 45 30 34 45
28 37 28 37
13 32 13 20 32
33 73 33 73
19 88 19 82 85 88
14 51 14 25 35 43 44 51
1 25 1 2 13 14 25
1 88 1 13 84 88
9 17 9 17
62 72 62 72
20 71 20 66 71
9 81 9 16 80 81
3 13 3 9 13
21 88 21 58 61 75 83 86 88
56 78 56 78
1 34 1 2 9 13 16 24 30 34
43 44 43 44
42 88 42 88
13 50 13 16 29 36 50
18 70 18 22 31 43 70
11 78 11 58 67 72 78
1 33 1 2 9 16 23 25 33
2 27 2 9 24 27
15 58 15 26 28 49 51 58
1 60 1 26 28 49 51 60
3 89 3 51 58 77 89
19 63 19 56 62 63
70 86 70 86
27 45 27 34 45
9 50 9 24 30 41 50
78 80 78 80
15 78 15 58 61 75 78
13 52 13 24 29 43 52
11 58 11 21 26 55 58
8 51 8 28 49 51
9 52 9 32 48 52
13 50 13 36 50
9 84 9 50 60 66 71 84
20 48 20 26 28 37 48
42 60 42 51 60
31 43 31 43
13 66 13 16 38 42 51 59 66
16 53 16 44 53
38 60 38 60
30 48 30 48
25 52 25 33 52
26 66 26 28 37 59 66
31 64 31 56 64
56 72 56 62 72
22 51 22 34 38 42 51
25 75 25 61 75
13 52 13 36 43 52
4 58 4 49 51 58
34 67 34 48 54 67
13 84 13 60 66 71 84
35 63 35 41 63
14 30 14 19 20 30
15 58 15 30 34 45 50 51 58
41 79 41 79
8 41 8 9 16 27 34 38 41
30 45 30 34 45
27 36 27 29 36
30 79 30 34 79
59 83 59 71 83
16 67 16 29 36 43 47 67
39 82 39 57 82
7 55 7 32 44 55
57 86 57 83 86
30 81 30 53 72 78 80 81
57 84 57 72 78 84
49 58 49 51 58
26 48 26 28 37 48
22 70 22 33 37 40 42 70
72 81 72 78 81
34 66 34 45 50 51 59 66
4 43 4 13 29 43
2 63 2 13 14 42 62 63
19 60 19 20 32 44 51 60
26 80 26 67 72 78 80
43 66 43 44 51 60 66
28 89 28 77 89
85 88 85 88
7 54 7 29 36 48 54
6 81 6 37 48 54 75 80 81
14 41 14 30 41
1 60 1 13 36 37 51 60
20 75 20 55 58 61 75
14 51 14 25 35 41 49 51
72 80 72 78 80
23 44 23 32 44
8 23 8 9 16 23
22 33 22 33
43 71 43 44 64 71
14 60 14 28 41 49 51 60
7 45 7 15 22 34 45
15 77 15 30 54 67 77
9 54 9 16 29 37 48 54
3 43 3 16 29 43
26 79 26 55 79
19 72 19 33 72
20 55 20 55
40 64 40 51 59 64
6 84 6 24 64 71 84
13 55 13 28 35 43 44 55
18 70 18 20 26 40 42 70
39 72 39 57 72
15 72 15 58 67 72
25 47 25 35 43 47
2 25 2 18 22 25
49 82 49 72 82
11 78 11 35 41 53 72 78
38 60 38 41 50 51 60
43 73 43 47 67 73
26 66 26 38 60 66
18 59 18 59
2 59 2 31 43 44 51 59
14 88 14 77 88
8 30 8 9 24 30
25 50 25 35 41 50
25 55 25 35 43 44 55
18 89 18 34 47 61 75 78 80 81 83 89
21 78 21 59 66 78
16 32 16 24 32
42 64 42 64
11 64 11 59 64
31 82 31 56 62 63 82
21 78 21 59 66 78
26 84 26 67 72 78 84
38 57 38 42 57
30 73 30 48 52 67 73
11 72 11 70 72
11 70 11 33 37 40 42 70
28 70 28 37 40 42 70
8 70 8 13 28 41 70
37 71 37 49 51 58 61 64 71
42 57 42 57
4 59 4 8 40 51 59
21 57 21 26 38 41 57
20 66 20 32 51 59 66
34 47 34 47
59 81 59 66 78 80 81
4 23 4 8 13 16 23
27 54 27 32 48 54
19 57 19 20 32 44 55 57
69 88 69 87 88
25 79 25 35 41 79
23 52 23 37 48 52
16 79 16 38 41 79
31 89 31 43 47 80 81 83 89
58 73 58 73
70 84 70 71 84
49 72 49 72
20 80 20 30 53 80
38 78 38 70 72 78
28 57 28 37 40 42 57
7 32 7 27 32
69 88 69 88
35 77 35 43 52 77
33 79 33 37 48 79
22 51 22 34 38 41 50 51
18 43 18 21 26 28 35 43
16 75 16 24 29 37 49 51 58 61 75
38 51 38 41 49 51
23 79 23 37 48 79
4 34 4 13 20 30 34
22 70 22 43 70
23 53 23 25 38 41 53
15 72 15 21 42 57 72
38 72 38 42 70 72
14 25 14 25
37 86 37 40 64 71 83 86
51 75 51 58 61 75
25 53 25 38 41 53
2 27 2 9 24 27
57 84 57 72 78 84
21 64 21 58 61 64
11 33 11 33
34 81 34 47 67 72 78 80 81
18 43 18 22 25 35 43
7 48 7 14 30 48
43 61 43 44 51 58 61
41 84 41 50 60 66 71 84
1 30 1 7 14 19 20 30
18 60 18 21 26 38 41 49 51 60
14 72 14 34 67 72
27 83 27 78 80 81 83
60 81 60 66 78 81
35 72 35 56 62 72
51 71 51 58 61 64 71
57 86 57 83 86
15 26 15 21 26
41 61 41 50 51 58 61
31 64 31 39 58 64
30 54 30 48 54
9 54 9 17 29 48 54
21 26 21 26
23 44 23 32 44
33 80 33 39 60 66 78 80
46 88 46 77 87 88
25 53 25 35 41 53
25 75 25 35 43 75
38 77 38 41 66 77
13 54 13 36 48 54
6 54 6 17 32 48 54
18 51 18 34 44 51
18 59 18 22 43 44 51 59
6 84 6 24 64 71 84
2 20 2 14 19 20
33 54 33 37 48 54
43 80 43 70 72 78 80
41 75 41 50 51 58 61 75
20 81 20 30 50 59 64 80 81
2 16 2 9 13 16
13 55 13 26 28 35 43 44 55
40 77 40 60 66 77
30 67 30 44 55 67
34 45 34 45
2 57 2 57
22 41 22 34 38 41
16 45 16 27 34 45
6 47 6 18 21 26 28 35 43 47
58 73 58 73
78 83 78 81 83
26 48 26 28 37 48
21 57 21 42 57
21 70 21 40 42 70
25 75 25 33 51 58 61 75
22 59 22 34 45 54 59
22 89 22 31 43 47 83 89
7 66 7 32 51 60 66
59 84 59 66 78 84
1 33 1 2 9 16 23 25 33
18 30 18 20 30
14 25 14 25
4 88 4 69 87 88
6 83 6 18 34 79 81 83
18 26 18 21 26
38 63 38 63
11 59 11 35 43 44 51 59
6 61 6 44 51 58 61
78 81 78 81
33 71 33 51 64 71
14 57 14 34 38 42 57
22 58 22 31 43 44 51 58
28 41 28 35 41
33 66 33 51 59 66
21 26 21 26
40 78 40 42 57 72 78
11 60 11 33 51 60
4 89 4 13 26 55 57 72 78 80 83 89
27 83 27 70 72 78 80 81 83
49 77 49 51 67 77
51 80 51 80
11 26 11 21 26
19 58 19 38 42 51 58
56 82 56 74 82
37 66 37 40 51 60 66
22 43 22 25 35 43
8 89 8 62 63 83 89
31 59 31 43 44 51 59
8 64 8 28 37 40 51 59 64
6 81 6 44 79 81
1 25 1 13 16 23 25
7 55 7 28 35 43 44 55
18 58 18 20 32 58
18 58 18 20 26 40 51 58
51 73 51 58 67 73
18 77 18 21 42 51 59 66 77
18 34 18 22 34
13 53 13 29 36 43 44 53
46 77 46 77
26 54 26 28 37 48 54
14 37 14 28 37
20 80 20 72 78 80
7 84 7 33 49 51 58 61 75 78 84
34 50 34 38 41 50
13 80 13 20 32 47 75 80
2 25 2 18 22 25
21 70 21 40 42 70
40 72 40 42 62 72
18 26 18 20 26
1 58 1 13 28 37 40 51 58
62 89 62 63 80 83 89
1 72 1 7 40 72
11 72 11 35 72
8 37 8 13 24 29 37
25 67 25 40 51 58 67
21 82 21 26 67 82
23 80 23 37 51 59 64 80
13 81 13 26 67 72 78 80 81
23 54 23 28 37 48 54
39 64 39 58 61 64
51 71 51 58 61 64 71
49 82 49 51 59 66 71 82
23 44 23 25 35 43 44
9 48 9 13 28 37 48
49 59 49 51 59
40 60 40 51 60
41 80 41 66 78 80
49 72 49 72
18 59 18 20 26 40 42 51 59
16 67 16 31 39 58 67
49 64 49 51 59 64
68 88 68 69 87 88
2 89 2 63 83 89
37 81 37 59 64 81
6 81 6 54 67 72 78 80 81
6 47 6 15 21 26 28 35 43 47
33 86 33 61 75 83 86
6 67 6 40 51 67
41 67 41 67
42 82 42 70 82
27 44 27 32 44
34 44 34 44
6 83 6 79 81 83
27 53 27 44 53
21 43 21 26 28 35 43
78 84 78 84
9 66 9 13 14 30 34 48 54 59 66
43 75 43 75
9 54 9 32 48 54
15 41 15 30 34 38 41
19 37 19 21 26 28 37
6 47 6 16 28 35 43 47
4 88 4 68 69 87 88
25 81 25 79 80 81
1 43 1 19 43
16 73 16 27 44 73
38 77 38 41 66 77
1 33 1 2 33
7 80 7 42 51 64 80
18 89 18 21 58 77 89
28 63 28 37 40 42 62 63
3 63 3 27 44 55 57 63
14 34 14 19 20 30 34
19 30 19 20 30
3 33 3 15 22 25 33
16 73 16 31 39 58 73
59 80 59 64 80
23 47 23 28 35 43 47
51 80 51 64 80
27 80 27 34 67 72 78 80
42 59 42 51 59
37 67 37 48 54 67
38 51 38 41 49 51
13 48 13 14 25 33 37 48
4 34 4 13 16 27 34
4 70 4 23 35 43 70
20 32 20 32
1 60 1 2 18 34 45 50 60
19 63 19 21 42 57 63
31 63 31 39 57 63
8 64 8 34 45 50 59 64
19 20 19 20
11 26 11 20 26
18 59 18 59
1 82 1 26 67 72 82
26 50 26 28 41 50
27 29 27 29
16 73 16 29 36 50 51 67 73
16 47 16 23 28 35 43 47
8 27 8 13 24 27
2 72 2 33 49 51 67 72
16 67 16 23 44 55 58 67
26 83 26 80 83
37 54 37 48 54
7 61 7 49 51 58 61
16 54 16 48 54
14 37 14 25 33 37
34 81 34 67 72 78 81
33 81 33 39 57 72 78 80 81
8 30 8 9 24 30
35 72 35 41 67 72
8 51 8 28 49 51
16 53 16 31 43 44 53
1 88 1 39 57 74 85 88
58 84 58 64 71 84
16 36 16 29 36
56 78 56 78
7 84 7 33 49 51 58 61 75 78 84
18 60 18 21 40 51 60
25 48 25 33 37 48
8 57 8 41 57
22 63 22 33 37 40 63
13 50 13 24 29 36 50
37 79 37 48 79
2 77 2 60 66 77
7 86 7 40 63 80 81 83 86
1 30 1 3 30
2 27 2 13 24 27
51 67 51 67
4 57 4 23 44 55 57
38 41 38 41
1 89 1 72 78 81 83 89
2 13 2 13
34 75 34 44 55 58 61 75
19 51 19 43 44 51
11 58 11 20 26 28 37 51 58
2 51 2 23 25 38 42 51
31 57 31 43 44 55 57
34 48 34 48
41 80 41 70 72 78 80
64 86 64 81 83 86
30 55 30 44 55
39 63 39 57 63
9 44 9 32 44
9 54 9 20 32 48 54
19 30 19 20 30
20 53 20 30 53
78 83 78 81 83
6 81 6 15 26 55 61 75 78 81
41 86 41 70 72 86
42 72 42 57 72
1 59 1 49 51 59
22 37 22 33 37
21 59 21 42 51 59
25 61 25 38 42 51 58 61
41 84 41 66 78 84
26 53 26 28 35 41 53
37 84 37 48 79 84
14 33 14 19 33
27 45 27 34 45
22 64 22 59 64
30 52 30 34 45 52
33 79 33 37 48 79
9 44 9 24 34 44
40 78 40 42 70 72 78
11 37 11 21 26 28 37
6 36 6 17 29 36
43 66 43 44 51 59 66
26 54 26 28 37 48 54
13 32 13 24 27 32
38 70 38 41 70
9 17 9 17
23 48 23 28 37 48
30 83 30 39 57 83
27 80 27 44 61 64 80
38 72 38 70 72
8 26 8 13 14 19 21 26
33 84 33 61 64 71 84
4 70 4 23 37 40 42 70
38 82 38 70 72 82
58 81 58 78 80 81
7 45 7 14 30 34 45
3 59 3 38 41 59
28 57 28 35 43 44 55 57
30 73 30 54 67 73
6 32 6 27 32
18 33 18 22 33
2 13 2 9 13
13 81 13 72 78 80 81
27 52 27 32 48 52
40 89 40 72 78 84 89
2 34 2 13 24 27 34
26 86 26 75 80 81 83 86
34 73 34 44 51 67 73
2 33 2 9 13 14 25 33
7 50 7 41 50
4 33 4 8 9 13 14 25 33
35 51 35 41 49 51
49 51 49 51
14 20 14 19 20
2 78 2 31 39 60 66 78
16 54 16 28 37 48 54
30 75 30 54 75
2 57 2 9 17 29 37 40 42 57
27 71 27 58 64 71
31 70 31 43 70
40 72 40 51 67 72
14 25 14 25
25 79 25 35 43 44 79
18 37 18 20 26 28 37
21 72 21 26 42 70 72
11 88 11 70 72 82 85 88
20 44 20 30 34 44
62 63 62 63
25 84 25 35 43 70 71 84
21 77 21 59 77
35 64 35 43 52 64
34 71 34 44 64 71
14 33 14 25 33
37 61 37 51 58 61
11 26 11 21 26
4 25 4 13 14 25
7 81 7 43 70 72 78 81
7 53 7 32 53
23 32 23 32
72 80 72 78 80
18 60 18 22 60
37 83 37 51 58 64 81 83
37 71 37 49 51 58 61 64 71
22 77 22 25 40 51 59 66 77
22 63 22 25 40 42 62 63
25 52 25 33 52
6 29 6 17 29
26 75 26 75
30 80 30 50 59 64 80
28 82 28 68 74 82
11 77 11 33 49 51 60 66 77
8 43 8 28 35 43
49 60 49 51 60
16 47 16 23 35 43 47
4 72 4 13 28 41 57 72
35 51 35 43 44 51
20 80 20 32 53 80
9 86 9 13 83 86
9 61 9 13 36 37 51 58 61
34 80 34 38 42 57 80
2 43 2 13 20 26 28 35 43
4 51 4 30 34 44 51
3 64 3 30 34 45 55 61 64
25 61 25 61
8 13 8 13
11 58 11 35 39 58
59 84 59 66 78 84
20 79 20 26 28 35 41 79
20 53 20 32 44 53
64 81 64 80 81
51 67 51 67
78 84 78 84
4 82 4 8 58 68 74 82
33 79 33 37 48 79
51 81 51 58 61 64 81
33 66 33 39 60 66
26 61 26 38 42 51 58 61
4 59 4 49 51 59
38 41 38 41
1 51 1 2 13 49 51
16 47 16 27 32 47
31 89 31 89
56 89 56 78 80 81 83 89
72 84 72 78 84
19 82 19 38 42 51 58 67 72 82
1 43 1 26 28 35 43
2 72 2 13 36 37 51 58 67 72
38 59 38 41 59
20 45 20 30 34 45
35 57 35 43 44 55 57
25 50 25 35 41 50
13 67 13 26 67
59 86 59 71 83 86
39 89 39 57 80 81 83 89
34 83 34 67 72 78 81 83
57 83 57 80 81 83
7 86 7 40 72 78 81 83 86
60 84 60 66 78 84
39 88 39 85 88
38 59 38 41 50 51 59
22 72 22 31 43 62 72
21 37 21 26 28 37
13 61 13 48 61
7 55 7 43 44 55
3 82 3 82
34 75 34 48 61 75
9 54 9 32 48 54
41 73 41 50 51 58 67 73
15 77 15 30 50 51 58 67 77
7 83 7 28 49 72 78 80 83
26 53 26 38 41 53
43 75 43 44 51 58 61 75
6 75 6 44 51 58 61 75
38 77 38 60 66 77
30 44 30 44
31 77 31 39 60 66 77
20 75 20 32 48 54 75
2 27 2 9 24 27
11 63 11 33 62 63
42 70 42 70
22 78 22 31 43 62 72 78
38 64 38 42 64
11 20 11 20
51 61 51 58 61
22 51 22 43 44 51
3 88 3 16 29 80 83 88
39 63 39 57 63
34 75 34 47 75
13 29 13 24 27 29
8 37 8 13 24 29 37
37 66 37 49 51 59 66
4 59 4 49 51 59
41 66 41 50 59 66
22 59 22 25 35 59
26 67 26 55 58 67
26 55 26 28 35 43 44 55
72 86 72 78 81 83 86
19 30 19 20 30
33 84 33 61 75 78 84
23 32 23 32
27 47 27 34 47
27 81 27 79 80 81
30 80 30 34 47 67 72 78 80
1 58 1 7 14 30 34 38 42 51 58
49 89 49 72 78 84 89
2 63 2 56 62 63
34 83 34 79 80 83
39 88 39 87 88
40 57 40 42 57
30 45 30 34 45
23 81 23 35 39 57 63 80 81
2 60 2 23 49 51 60
13 24 13 16 24
3 34 3 16 24 30 34
13 80 13 48 52 80
58 83 58 67 72 78 81 83
34 47 34 47
1 34 1 19 20 30 34
6 24 6 16 24
15 59 15 30 34 38 42 51 59
37 75 37 40 51 58 61 75
25 81 25 63 80 81
8 30 8 9 24 30
27 80 27 29 75 80
7 80 7 39 60 66 78 80
22 51 22 25 38 42 51
30 53 30 41 53
25 55 25 35 43 44 55
8 13 8 13
2 30 2 9 24 30
31 77 31 43 77
51 61 51 58 61
27 61 27 44 51 58 61
49 58 49 51 58
14 70 14 25 35 43 70
42 72 42 57 72
15 43 15 26 28 35 43
56 82 56 64 71 82
6 86 6 80 83 86
15 63 15 22 25 33 62 63
19 59 19 20 40 42 51 59
33 67 33 67
13 53 13 29 36 43 44 53
23 75 23 49 51 58 61 75
23 55 23 44 55
4 82 4 70 72 82
41 79 41 79
28 57 28 41 57
40 58 40 42 51 58
87 88 87 88
39 72 39 58 67 72
11 59 11 20 59
18 88 18 20 55 63 83 86 88
30 45 30 34 45
14 34 14 34
9 24 9 16 24
27 71 27 29 36 50 60 66 71
3 34 3 16 24 34
38 41 38 41
4 70 4 8 41 70
14 20 14 19 20
72 83 72 78 81 83
58 83 58 61 64 81 83
27 83 27 79 81 83
33 54 33 37 48 54
46 77 46 77
18 77 18 59 66 77
2 37 2 14 19 33 37
7 61 7 27 44 55 58 61
14 57 14 30 34 38 42 57
18 41 18 20 26 28 41
14 63 14 30 44 55 63
14 89 14 31 43 47 61 75 80 81 83 89
13 47 13 29 36 43 47
72 86 72 78 81 83 86
57 81 57 80 81
58 73 58 67 73
21 57 21 42 57
30 83 30 48 75 80 81 83
1 88 1 88
23 53 23 32 53
23 75 23 28 35 41 49 51 58 61 75
23 80 23 25 80
8 64 8 13 49 51 58 61 64
20 47 20 30 34 47
30 79 30 44 79
42 78 42 57 72 78
11 37 11 20 26 28 37
19 72 19 33 51 58 67 72
19 60 19 21 40 42 51 60
22 25 22 25
15 72 15 21 26 38 70 72
27 55 27 32 44 55
19 34 19 20 30 34
37 75 37 40 51 58 61 75
30 48 30 48
49 51 49 51
41 50 41 50
27 79 27 44 79
43 81 43 75 80 81
38 60 38 60
2 41 2 9 20 30 34 38 41
64 86 64 81 83 86
7 47 7 14 31 43 47
40 63 40 42 62 63
16 54 16 28 37 48 54
37 52 37 52
58 83 58 78 81 83
27 36 27 29 36
74 88 74 82 85 88
16 24 16 24
16 81 16 24 54 59 66 78 80 81
4 13 4 8 13
7 54 7 32 48 54
21 51 21 42 51
34 86 34 45 67 72 78 81 83 86
1 70 1 26 38 42 70
4 20 4 13 20
16 29 16 29
14 89 14 28 46 77 89
1 30 1 2 14 30
25 81 25 63 80 81
20 47 20 26 28 35 43 47
34 52 34 45 52
3 9 3 9
49 78 49 51 60 66 78
60 86 60 66 83 86
40 60 40 42 51 60
13 75 13 14 34 48 61 75
25 54 25 33 37 48 54
8 33 8 13 16 23 25 33
56 78 56 78
19 30 19 20 30
22 41 22 25 35 41
57 84 57 78 84
22 34 22 34
41 86 41 53 80 83 86
14 72 14 28 58 67 72
16 84 16 23 66 78 84
18 72 18 34 47 67 72
14 89 14 19 21 42 51 64 81 83 89
4 20 4 8 9 20
19 63 19 43 44 55 63
58 86 58 64 80 83 86
35 77 35 43 77
37 52 37 48 52
9 45 9 24 30 34 45
15 26 15 26
2 70 2 31 43 70
6 29 6 17 29
15 88 15 22 62 63 80 81 83 86 88
27 66 27 29 37 51 60 66
18 26 18 21 26
9 36 9 24 29 36
37 86 37 59 66 78 81 83 86
13 53 13 20 30 53
7 53 7 28 41 53
28 77 28 77
15 64 15 22 25 38 42 51 58 61 64
30 83 30 34 38 60 66 78 80 83
26 80 26 42 51 58 67 72 78 80
60 86 60 66 71 83 86
9 44 9 32 44
51 86 51 59 64 71 83 86
70 83 70 71 83
35 82 35 63 82
41 61 41 50 51 58 61
11 58 11 35 43 44 55 58
31 58 31 39 58
51 73 51 67 73
15 60 15 26 38 60
23 84 23 49 72 78 84
30 52 30 34 48 52
33 61 33 61
22 33 22 33
9 45 9 24 30 34 45
69 88 69 88
8 88 8 41 79 84 88
37 52 37 52
23 84 23 25 33 78 84
13 66 13 14 34 38 42 51 59 66
41 71 41 59 64 71
40 72 40 42 57 72
31 60 31 43 44 51 60
3 23 3 9 16 23
37 83 37 59 71 83
28 72 28 49 51 58 67 72
16 55 16 23 35 43 44 55
51 84 51 67 72 78 84
39 57 39 57
21 51 21 26 42 51
2 13 2 9 13
60 84 60 66 71 84
23 47 23 35 43 47
18 30 18 20 30
23 79 23 28 35 41 79
4 27 4 13 16 24 27
20 84 20 56 62 72 78 84
58 81 58 67 72 78 80 81
23 47 23 28 35 43 47
25 81 25 61 64 80 81
25 50 25 35 41 50
11 41 11 20 30 34 38 41
11 88 11 70 82 85 88
15 63 15 30 34 45 63
16 24 16 24
31 64 31 39 58 64
13 24 13 16 24
37 61 37 51 58 61
30 66 30 41 59 66
1 51 1 13 26 38 41 49 51
13 52 13 26 28 37 48 52
8 43 8 9 13 26 28 35 43
42 58 42 51 58
14 72 14 28 49 51 58 67 72
18 88 18 20 55 67 77 87 88
30 67 30 54 67
43 47 43 47
20 86 20 30 80 81 83 86
78 86 78 81 83 86
22 41 22 34 38 41
42 64 42 51 58 61 64
2 57 2 18 34 44 55 57
18 60 18 22 60
20 86 20 56 78 81 83 86
6 47 6 17 25 35 43 47
8 25 8 13 14 25
42 63 42 57 63
40 51 40 51
9 53 9 32 44 53
35 58 35 43 44 55 58
23 50 23 35 41 50
13 80 13 16 28 41 66 78 80
70 84 70 71 84
15 25 15 22 25
64 83 64 81 83
22 63 22 31 56 62 63
51 67 51 67
19 88 19 38 42 57 83 88
51 73 51 67 73
2 9 2 9
43 61 43 47 61
21 63 21 42 62 63
4 41 4 13 14 30 41
3 64 3 16 31 56 64
51 80 51 60 66 78 80
23 79 23 35 41 79
3 9 3 9
35 58 35 39 58
13 83 13 20 32 53 72 78 81 83
7 61 7 49 51 58 61
4 64 4 41 49 51 64
19 26 19 20 26
9 17 9 17
6 54 6 30 34 45 54
41 83 41 78 80 83
43 67 43 44 51 58 67
21 58 21 26 38 41 50 51 58
23 50 23 25 38 41 50
3 64 3 51 64
37 75 37 51 58 61 75
28 58 28 58
31 70 31 43 70
23 54 23 25 33 37 48 54
60 86 60 66 71 83 86
13 67 13 14 19 20 32 58 67
11 57 11 33 39 57
15 33 15 22 33
20 79 20 30 41 79
20 67 20 26 42 51 58 67
8 77 8 58 67 77
20 48 20 30 34 48
38 57 38 42 57
30 83 30 50 59 71 83
13 29 13 24 29
4 82 4 13 16 27 52 71 82
58 84 58 64 71 84
30 52 30 34 48 52
16 53 16 27 53
38 88 38 42 51 58 85 88
9 61 9 50 51 58 61
51 86 51 60 66 83 86
28 72 28 49 51 67 72
23 66 23 25 40 60 66
30 73 30 48 52 67 73
8 51 8 41 49 51
23 81 23 37 40 72 78 81
37 54 37 48 54
30 45 30 34 45
7 67 7 29 43 52 67
21 72 21 58 67 72
41 81 41 49 72 78 81
37 86 37 59 71 83 86
20 55 20 32 44 55
15 89 15 58 64 81 83 89
33 80 33 49 72 78 80
38 89 38 70 71 84 89
15 88 15 30 54 71 88
20 54 20 32 48 54
2 58 2 14 25 35 41 50 51 58
11 60 11 35 41 49 51 60
27 81 27 52 67 72 78 81
28 43 28 35 43
30 52 30 34 48 52
38 63 38 63
6 79 6 17 33 37 48 79
64 86 64 80 83 86
27 61 27 29 43 47 61
3 33 3 14 19 33
22 88 22 43 64 86 88
26 73 26 42 51 58 67 73
70 80 70 72 78 80
28 58 28 41 49 51 58
8 30 8 9 20 30
30 44 30 44
8 82 8 28 68 74 82
8 88 8 34 48 72 78 84 88
21 77 21 59 77
20 66 20 39 60 66
26 61 26 42 51 58 61
26 52 26 28 37 48 52
8 60 8 41 50 60
70 86 70 71 83 86
16 24 16 24
19 34 19 20 30 34
14 63 14 42 57 63
63 83 63 80 83
58 81 58 67 72 78 80 81
1 30 1 7 15 30
40 57 40 42 57
30 50 30 41 50
33 71 33 37 48 54 59 71
8 60 8 40 42 51 60
31 51 31 43 44 51
20 53 20 26 38 41 53
15 77 15 46 77
23 54 23 28 37 48 54
37 83 37 51 67 72 78 80 81 83
34 44 34 44
14 37 14 28 37
23 32 23 32
11 78 11 59 66 78
2 30 2 9 13 14 30
49 64 49 51 64
23 80 23 37 51 59 64 80
35 59 35 41 50 51 59
14 77 14 34 45 77
13 44 13 24 34 44
72 81 72 78 80 81
42 70 42 70
16 83 16 23 28 64 71 83
37 71 37 59 66 71
20 79 20 30 34 45 55 79
30 86 30 50 60 66 83 86
70 83 70 71 83
20 84 20 56 62 72 78 84
70 71 70 71
49 59 49 51 59
9 50 9 16 24 27 34 45 50
3 64 3 14 25 35 39 58 64
3 37 3 14 19 21 26 28 37
64 86 64 71 83 86
2 63 2 18 21 40 63
6 66 6 17 51 59 66
26 71 26 28 58 61 64 71
3 77 3 37 51 67 77
16 44 16 29 36 43 44
11 41 11 21 26 38 41
3 16 3 16
3 23 3 9 13 16 23
72 80 72 78 80
42 51 42 51
1 59 1 26 28 49 51 59
26 67 26 28 37 48 52 67
19 58 19 43 44 51 58
35 64 35 56 64
8 60 8 13 14 34 38 60
27 86 27 53 72 78 80 83 86
40 82 40 42 70 71 82
33 54 33 37 48 54
4 20 4 8 9 20
58 71 58 61 64 71
51 83 51 80 83
30 45 30 34 45
14 63 14 42 57 63
4 82 4 8 58 68 74 82
23 53 23 25 35 43 44 53
18 63 18 21 42 62 63
28 70 28 37 40 42 70
9 55 9 17 29 36 55
2 59 2 18 59
13 80 13 48 52 78 80
7 44 7 28 35 43 44
16 36 16 29 36
31 59 31 43 44 51 59
8 43 8 9 20 26 28 35 43
34 55 34 44 55
74 82 74 82
34 79 34 38 41 79
38 89 38 41 78 81 83 89
9 55 9 17 29 36 55
16 24 16 24
4 30 4 30
40 82 40 64 71 82
4 13 4 8 13
42 51 42 51
1 88 1 68 74 85 88
42 72 42 70 72
46 77 46 77
8 72 8 41 53 72
41 61 41 49 51 58 61
42 88 42 87 88
21 82 21 40 64 71 82
49 72 49 72
18 78 18 59 66 78
4 77 4 23 37 49 51 60 66 77
23 50 23 28 41 50
59 71 59 71
41 84 41 50 60 66 71 84
1 64 1 13 49 51 58 64
58 80 58 64 80
4 41 4 41
7 32 7 27 32
21 41 21 26 38 41
21 72 21 26 38 42 62 72
34 52 34 45 52
23 55 23 44 55
2 26 2 18 20 26
34 61 34 48 61
8 37 8 9 24 27 29 36 37
13 45 13 16 27 34 45
34 53 34 44 53
23 86 23 25 81 83 86
1 60 1 49 51 60
51 84 51 64 71 84
6 81 6 21 26 80 81
2 77 2 31 43 52 77
21 70 21 42 70
42 72 42 57 72
56 89 56 78 84 89
14 77 14 19 20 30 39 46 77
16 81 16 48 79 80 81
37 54 37 48 54
13 52 13 16 28 37 52
26 81 26 40 51 58 78 80 81
22 57 22 25 57
22 88 22 60 82 85 88
59 66 59 66
22 77 22 33 67 77
43 47 43 47
27 83 27 70 72 78 81 83
19 57 19 38 41 57
34 52 34 45 52
38 88 38 63 82 85 88
7 54 7 15 22 33 37 48 54
34 50 34 45 50
3 72 3 37 51 67 72
1 20 1 3 9 20
9 45 9 24 30 34 45
8 59 8 9 17 33 49 51 59
21 51 21 26 28 41 50 51
4 27 4 8 9 24 27
63 81 63 80 81
38 89 38 41 49 72 78 80 83 89
14 70 14 19 43 70
18 78 18 72 78
1 59 1 37 59
23 71 23 37 59 66 71
22 77 22 25 33 46 77
33 79 33 37 48 79
37 61 37 51 58 61
34 66 34 45 50 51 59 66
4 20 4 8 9 20
15 63 15 21 40 42 57 63
30 84 30 34 48 54 59 71 84
57 80 57 63 80
20 67 20 30 34 44 55 58 67
1 23 1 3 16 23
13 73 13 29 43 44 73
35 77 35 59 77
2 33 2 33
9 52 9 16 29 43 52
14 57 14 30 44 55 57
7 50 7 27 29 36 50
16 45 16 24 27 34 45
6 66 6 37 59 66
2 27 2 9 16 27
1 82 1 39 60 82
13 55 13 29 43 44 55
2 30 2 18 20 30
1 89 1 39 58 64 81 83 89
41 67 41 67
59 86 59 64 81 83 86
8 51 8 9 32 51
34 73 34 44 51 58 67 73
1 16 1 13 16
16 61 16 48 61
28 64 28 49 51 59 64
20 53 20 30 53
28 82 28 35 41 63 82
4 30 4 13 14 19 20 30
6 44 6 44
28 82 28 64 68 74 82
7 53 7 14 34 38 41 53
70 71 70 71
6 24 6 16 24
4 9 4 8 9
21 59 21 40 42 51 59
37 80 37 49 51 60 66 78 80
7 86 7 28 49 72 86
30 61 30 44 61
19 89 19 21 58 77 89
35 57 35 41 57
9 55 9 13 20 30 34 45 55
9 81 9 24 27 72 78 80 81
18 88 18 34 67 72 87 88
1 51 1 19 33 51
6 32 6 24 32
20 45 20 30 34 45
19 30 19 20 30
30 81 30 48 72 78 81
30 79 30 48 79
41 53 41 53
28 72 28 58 67 72
18 82 18 34 47 75 82
74 82 74 82
11 43 11 35 43
2 43 2 18 22 43
2 63 2 57 63
15 89 15 58 64 71 83 89
3 60 3 37 49 51 60
4 63 4 23 37 40 63
16 80 16 80
33 66 33 39 60 66
19 58 19 38 42 51 58
4 77 4 8 28 41 53 77
21 89 21 59 64 80 83 89
40 78 40 78
15 34 15 30 34
13 36 13 36
43 47 43 47
20 83 20 39 60 66 83
31 77 31 43 77
57 81 57 63 80 81
74 82 74 82
8 13 8 13
16 61 16 29 43 44 55 61
18 58 18 21 40 42 51 58
42 72 42 57 72
8 51 8 13 14 19 38 41 49 51
7 66 7 39 60 66
51 73 51 67 73
9 29 9 24 29
8 41 8 41
15 60 15 22 34 45 50 60
9 48 9 20 30 48
25 52 25 33 52
23 66 23 35 59 66
23 61 23 49 51 58 61
62 88 62 72 82 85 88
4 41 4 13 14 30 41
33 52 33 37 52
85 88 85 88
6 44 6 30 34 44
43 61 43 47 61
34 66 34 45 50 59 66
25 52 25 33 37 48 52
15 34 15 22 34
27 36 27 29 36
68 82 68 74 82
8 70 8 41 70
18 63 18 21 42 62 63
43 53 43 44 53
6 61 6 31 39 58 61
43 52 43 52
18 70 18 20 40 42 70
19 60 19 43 44 51 60
56 72 56 62 72
58 71 58 64 71
58 67 58 67
4 77 4 77
58 86 58 61 75 78 81 83 86
6 83 6 27 79 80 83
27 75 27 44 61 75
26 80 26 67 72 78 80
42 88 42 70 88
57 80 57 78 80
15 60 15 26 42 51 60
22 63 22 62 63
58 75 58 61 75
40 64 40 42 64
4 58 4 13 14 42 51 58
33 80 33 51 60 66 78 80
1 16 1 13 16
2 13 2 9 13
56 72 56 62 72
7 86 7 49 72 86
27 61 27 32 58 61
57 80 57 63 80
59 83 59 66 83
27 50 27 29 36 50
1 60 1 37 40 51 60
16 44 16 35 43 44
7 83 7 41 78 81 83
25 80 25 62 72 78 80
28 88 28 58 85 88
68 88 68 69 87 88
43 44 43 44
35 57 35 43 44 55 57
21 57 21 40 42 57
28 78 28 37 52 67 72 78
49 77 49 51 67 77
16 73 16 23 55 58 73
8 16 8 9 13 16
25 81 25 80 81
9 86 9 13 16 48 61 75 80 81 83 86
34 44 34 44
15 25 15 22 25
18 64 18 22 34 45 64
21 72 21 40 51 67 72
78 81 78 81
16 75 16 44 51 58 61 75
27 73 27 44 51 58 67 73
30 79 30 41 79
43 73 43 44 73
4 77 4 49 51 60 66 77
25 50 25 38 41 50
33 83 33 61 75 80 83
25 75 25 38 41 49 51 58 61 75
7 52 7 15 22 33 37 52
20 75 20 26 55 61 75
14 70 14 30 34 38 70
37 80 37 72 78 80
9 52 9 17 52
28 77 28 35 41 53 77
41 83 41 50 60 66 78 81 83
72 83 72 78 81 83
40 58 40 51 58
25 61 25 61
35 51 35 41 50 51
20 52 20 26 28 35 43 52
28 37 28 37
23 83 23 32 58 78 81 83
25 53 25 35 41 53
39 77 39 58 77
33 48 33 37 48
35 60 35 43 44 51 60
16 67 16 28 37 49 51 58 67
56 63 56 62 63
30 73 30 41 50 51 67 73
37 52 37 48 52
4 43 4 23 25 35 43
31 63 31 43 62 63
42 77 42 51 58 67 77
7 71 7 29 37 40 42 64 71
23 54 23 32 48 54
41 66 41 66
4 33 4 8 9 16 23 25 33
19 82 19 62 72 82
2 20 2 9 13 20
64 84 64 71 84
6 48 6 27 34 48
21 58 21 40 51 58
27 53 27 32 44 53
13 61 13 16 27 58 61
27 52 27 34 45 52
49 88 49 72 82 85 88
1 13 1 2 9 13
42 60 42 51 60
2 59 2 23 32 44 51 59
1 30 1 13 16 24 30
14 34 14 19 20 30 34
28 63 28 37 40 42 62 63
43 47 43 47
3 37 3 14 19 21 26 28 37
56 78 56 62 72 78
3 51 3 27 44 51
64 71 64 71
8 13 8 13
27 29 27 29
27 45 27 34 45
23 86 23 55 63 80 81 83 86
28 70 28 41 70
9 54 9 32 48 54
31 63 31 39 57 63
58 86 58 61 75 80 83 86
25 52 25 33 52
15 82 15 22 59 71 82
74 88 74 85 88
9 75 9 17 25 61 75
14 41 14 30 41
11 82 11 20 59 64 71 82
31 82 31 68 74 82
38 58 38 41 49 51 58
16 32 16 27 32
2 23 2 13 16 23
43 71 43 44 61 64 71
33 83 33 62 63 80 81 83
13 36 13 36
2 34 2 14 19 20 30 34
8 59 8 40 42 51 59
15 78 15 22 34 38 41 59 66 78
3 37 3 16 29 36 37
38 82 38 60 66 71 82
43 47 43 47
16 79 16 27 44 55 79
2 57 2 31 43 44 55 57
35 82 35 43 44 64 71 82
35 41 35 41
1 72 1 39 58 67 72
22 64 22 34 45 64
25 66 25 40 42 51 60 66
16 80 16 35 56 64 80
7 55 7 32 44 55
25 61 25 40 51 58 61
27 32 27 32
43 44 43 44
35 82 35 56 62 74 82
26 79 26 38 41 79
41 86 41 70 71 83 86
4 63 4 8 13 29 37 40 63
34 75 34 44 55 58 61 75
20 47 20 30 34 47
3 25 3 15 22 25
49 72 49 72
35 51 35 43 44 51
20 81 20 66 78 80 81
27 83 27 79 80 83
34 47 34 47
60 83 60 66 71 83
41 75 41 49 51 58 61 75
2 88 2 33 62 72 82 85 88
62 89 62 72 78 80 81 83 89
31 58 31 43 44 51 58
62 63 62 63
18 43 18 21 26 28 35 43
72 80 72 78 80
1 60 1 3 15 30 44 51 60
8 57 8 34 38 41 57
6 86 6 44 61 64 81 83 86
37 52 37 52
38 77 38 41 67 77
40 78 40 42 57 72 78
34 44 34 44
6 67 6 21 26 40 42 51 67
8 41 8 9 16 24 34 38 41
39 58 39 58
13 75 13 14 34 48 61 75
37 81 37 40 51 58 78 80 81
2 64 2 23 44 55 58 64
74 82 74 82
7 53 7 29 43 44 53
30 48 30 34 48
15 70 15 26 28 35 43 70
43 66 43 44 51 60 66
9 55 9 17 29 36 55
14 77 14 59 66 77
14 60 14 42 51 60
33 75 33 49 51 58 61 75
56 78 56 78
59 84 59 71 84
35 70 35 41 70
7 54 7 15 21 26 28 37 48 54
20 71 20 66 71
20 80 20 32 66 78 80
1 70 1 13 36 37 40 42 70
22 70 22 33 37 40 42 70
18 37 18 20 26 28 37
25 54 25 33 37 48 54
56 78 56 78
46 77 46 77
6 81 6 40 72 78 80 81
33 81 33 39 57 72 78 80 81
8 13 8 13
35 82 35 72 82
7 54 7 32 48 54
16 81 16 44 53 72 78 81
40 77 40 42 46 77
4 34 4 13 24 30 34
27 83 27 52 64 80 83
3 78 3 27 32 51 59 66 78
13 55 13 29 43 44 55
16 80 16 48 54 75 78 80
38 60 38 42 51 60
25 84 25 33 51 59 71 84
3 82 3 27 53 72 82
62 78 62 72 78
64 83 64 81 83
4 60 4 13 36 37 49 51 60
26 67 26 55 67
40 51 40 42 51
14 20 14 19 20
56 88 56 78 80 81 83 88
13 66 13 28 49 51 60 66
25 80 25 80
6 36 6 24 27 29 36
19 78 19 43 52 67 72 78
16 79 16 27 44 55 79
2 41 2 9 20 30 34 38 41
20 50 20 26 28 35 41 50
23 80 23 57 78 80
19 82 19 33 51 64 71 82
4 34 4 13 16 27 34
19 70 19 38 70
8 13 8 9 13
4 13 4 13
42 72 42 57 72
23 67 23 44 55 58 67
33 73 33 39 58 73
11 59 11 21 40 51 59
51 86 51 58 78 80 81 83 86
49 78 49 51 60 66 78
34 61 34 48 61
60 80 60 66 78 80
49 60 49 51 60
1 51 1 26 38 41 49 51
7 73 7 40 51 58 67 73
8 27 8 9 16 27
11 89 11 77 89
41 79 41 79
27 47 27 29 36 43 47
4 20 4 8 9 17 20
37 80 37 49 72 78 80
16 36 16 27 29 36
30 52 30 34 48 52
22 77 22 33 67 77
27 52 27 32 48 52
6 36 6 17 29 36
18 59 18 20 32 51 59
33 61 33 61
6 80 6 80
2 77 2 23 32 66 77
3 27 3 27
13 54 13 48 54
13 79 13 20 55 79
22 57 22 34 44 55 57
7 86 7 64 81 83 86
6 53 6 24 30 41 53
8 72 8 34 67 72
74 88 74 85 88
58 61 58 61
42 88 42 87 88
6 54 6 17 33 37 48 54
35 43 35 43
30 55 30 44 55
13 24 13 16 24
7 48 7 29 36 37 48
13 48 13 16 24 30 34 48
1 63 1 19 62 63
8 41 8 41
15 89 15 21 40 51 59 77 89
7 71 7 64 71
3 72 3 21 58 67 72
2 63 2 9 13 36 55 63
20 54 20 32 48 54
26 79 26 55 79
23 53 23 44 53
16 48 16 27 32 48
23 53 23 25 38 41 53
31 64 31 39 58 61 64
21 57 21 42 57
62 89 62 63 83 89
59 81 59 64 81
34 80 34 45 64 80
30 61 30 48 61
19 26 19 21 26
19 89 19 62 63 83 89
1 57 1 26 40 42 57
21 70 21 40 42 70
2 70 2 23 37 40 42 70
62 88 62 74 85 88
11 43 11 20 26 28 35 43
28 51 28 37 40 42 51
11 33 11 33
8 16 8 13 16
4 60 4 13 36 37 49 51 60
40 88 40 63 88
6 36 6 16 29 36
35 51 35 43 44 51
16 71 16 29 70 71
1 72 1 39 57 72
63 81 63 80 81
13 32 13 14 19 20 32
42 58 42 51 58
3 59 3 30 44 51 59
6 84 6 24 29 75 78 84
31 51 31 43 44 51
7 45 7 15 30 34 45
8 64 8 13 24 54 59 64
49 64 49 51 59 64
7 54 7 28 37 48 54
20 86 20 56 64 71 83 86
4 70 4 23 37 40 42 70
15 34 15 22 34
25 48 25 33 37 48
49 51 49 51
14 89 14 28 37 48 72 78 84 89
22 72 22 31 56 62 72
60 83 60 66 78 80 83
7 67 7 42 51 58 67
28 60 28 49 51 60
3 13 3 9 13
62 88 62 72 88
78 84 78 84
33 79 33 37 48 79
4 27 4 13 24 27
15 70 15 22 33 37 40 42 70
78 83 78 81 83
2 23 2 23
9 48 9 13 24 32 48
26 75 26 40 51 58 61 75
16 29 16 24 29
49 72 49 72
27 36 27 29 36
4 59 4 41 50 59
7 54 7 27 29 36 37 48 54
11 57 11 33 37 40 42 57
6 17 6 17
16 83 16 23 28 64 71 83
49 58 49 51 58
16 48 16 23 28 37 48
9 80 9 60 66 78 80
38 64 38 42 64
16 48 16 24 29 36 48
2 64 2 56 64
41 79 41 79
49 51 49 51
39 63 39 57 63
78 86 78 80 81 83 86
4 59 4 30 41 50 51 59
1 23 1 3 16 23
43 71 43 52 71
23 86 23 35 63 80 81 83 86
37 48 37 48
25 86 25 33 78 80 83 86
41 86 41 79 86
60 83 60 66 71 83
23 67 23 25 40 42 51 67
64 86 64 81 83 86
46 88 46 77 88
40 60 40 42 51 60
70 83 70 71 83
35 41 35 41
15 51 15 21 40 51
13 66 13 26 40 51 60 66
31 78 31 56 62 72 78
3 9 3 9
27 71 27 58 64 71
11 43 11 20 26 28 35 43
27 66 27 34 59 66
33 81 33 37 40 63 80 81
20 48 20 30 34 48
62 63 62 63
31 70 31 43 70
43 66 43 44 51 59 66
1 43 1 3 9 24 29 36 43
38 57 38 42 57
57 80 57 80
35 77 35 59 77
35 43 35 43
42 59 42 51 59
33 79 33 37 48 79
38 64 38 42 51 64
18 89 18 21 59 89
22 78 22 59 66 78
21 57 21 42 57
3 82 3 14 25 63 82
18 58 18 20 40 51 58
34 80 34 67 72 78 80
11 58 11 20 26 28 37 51 58
2 13 2 13
11 89 11 58 67 72 78 84 89
4 20 4 13 14 19 20
13 86 13 20 39 60 66 83 86
78 80 78 80
22 58 22 31 39 58
21 89 21 40 64 71 84 89
62 63 62 63
33 84 33 61 75 78 84
38 78 38 70 72 78
56 63 56 62 63
2 58 2 9 50 51 58
41 84 41 66 78 84
42 88 42 64 81 83 86 88
9 84 9 57 78 84
27 67 27 52 67
9 81 9 20 39 60 66 78 81
6 66 6 40 51 59 66
34 52 34 45 52
2 77 2 23 49 51 59 77
59 83 59 71 83
1 43 1 26 28 35 43
3 33 3 9 16 23 25 33
23 54 23 25 33 37 48 54
16 32 16 27 32
7 86 7 64 86
22 78 22 62 72 78
8 9 8 9
38 60 38 42 51 60
22 60 22 34 45 50 51 60
14 26 14 19 21 26
39 82 39 57 72 82
15 25 15 22 25
13 71 13 20 59 71
70 71 70 71
18 88 18 59 66 77 88
26 86 26 42 62 72 86
37 61 37 48 61
8 23 8 13 16 23
26 44 26 28 35 43 44
8 23 8 9 13 16 23
58 71 58 64 71
63 80 63 80
8 41 8 13 28 35 41
37 75 37 49 51 58 61 75
3 43 3 16 29 36 43
33 86 33 78 81 83 86
14 26 14 19 21 26
22 70 22 33 37 40 42 70
7 81 7 29 81
28 89 28 49 51 89
27 81 27 58 64 81
62 78 62 72 78
27 79 27 29 37 48 79
39 57 39 57
21 58 21 58
15 33 15 22 25 33
20 50 20 26 38 41 50
19 26 19 21 26
13 73 13 48 54 67 73
8 13 8 13
9 47 9 17 29 43 47
4 37 4 13 20 26 28 37
19 60 19 43 44 51 60
22 78 22 59 66 78
37 80 37 52 67 72 78 80
14 34 14 19 20 30 34
23 67 23 49 51 67
43 84 43 75 78 84
30 45 30 34 45
15 82 15 30 41 63 82
22 41 22 25 38 41
8 33 8 13 16 23 25 33
1 25 1 2 13 14 25
1 64 1 13 49 51 59 64
22 34 22 34
1 60 1 37 49 51 60
40 89 40 51 60 66 77 89
14 43 14 31 43
7 81 7 43 44 78 80 81
19 70 19 33 37 40 42 70
35 60 35 39 60
56 82 56 62 72 82
25 52 25 33 37 48 52
11 34 11 20 30 34
16 53 16 44 53
1 16 1 13 16
21 37 21 26 28 37
19 43 19 43
35 70 35 43 70
43 71 43 64 71
22 63 22 33 62 63
19 43 19 43
6 83 6 24 34 67 72 78 81 83
2 34 2 14 19 20 30 34
78 84 78 84
1 25 1 3 9 16 23 25
4 70 4 8 13 14 34 38 41 70
59 71 59 64 71
7 32 7 14 19 20 32
2 34 2 14 34
4 30 4 30
25 86 25 38 60 66 71 83 86
16 36 16 24 29 36
11 30 11 20 30
18 82 18 72 82
18 26 18 21 26
30 81 30 48 61 75 78 81
35 57 35 41 57
3 27 3 16 24 27
43 67 43 52 67
6 71 6 44 51 59 64 71
56 63 56 62 63
18 72 18 20 39 57 72
35 60 35 43 44 51 60
11 57 11 20 26 42 57
16 45 16 24 34 45
4 58 4 23 28 37 51 58
16 53 16 23 32 53
18 78 18 22 62 72 78
16 86 16 23 57 78 81 83 86
9 66 9 50 59 66
64 80 64 80
63 80 63 80
14 82 14 42 64 68 74 82
59 80 59 64 80
22 57 22 34 45 55 57
28 41 28 41
46 88 46 77 87 88
18 37 18 20 26 28 37
13 75 13 14 34 48 61 75
37 52 37 52
35 72 35 43 47 67 72
42 89 42 62 72 78 84 89
7 67 7 32 48 54 67
2 63 2 57 63
56 88 56 74 85 88
35 64 35 43 52 64
3 41 3 21 26 38 41
22 70 22 43 70
34 75 34 44 61 75
23 84 23 55 84
2 60 2 9 32 51 60
3 16 3 16
38 70 38 70
41 66 41 49 51 60 66
1 16 1 13 16
30 67 30 44 55 67
6 55 6 31 43 44 55
21 37 21 26 28 37
15 77 15 21 40 42 51 59 66 77
34 84 34 59 66 71 84
3 89 3 27 70 71 84 89
28 37 28 37
9 67 9 17 33 52 67
14 41 14 25 35 41
34 48 34 48
42 63 42 62 63
78 80 78 80
14 63 14 31 56 62 63
33 48 33 37 48
20 55 20 55
41 79 41 79
9 50 9 50
43 79 43 44 55 79
43 79 43 44 79
11 89 11 58 67 72 78 84 89
38 60 38 60
27 32 27 32
40 82 40 51 60 82
26 47 26 28 35 43 47
2 63 2 33 37 40 63
4 77 4 49 51 60 66 77
27 50 27 34 45 50
6 80 6 16 23 57 72 78 80
7 75 7 28 35 41 49 51 58 61 75
11 33 11 33
31 72 31 56 62 72
15 34 15 30 34
41 50 41 50
3 13 3 9 13
3 51 3 27 34 38 42 51
63 80 63 80
16 79 16 35 43 44 55 79
4 89 4 41 72 78 84 89
19 63 19 62 63
22 72 22 25 62 72
20 84 20 66 78 84
3 77 3 37 77
20 86 20 79 81 83 86
3 63 3 30 44 55 63
37 75 37 51 58 61 75
23 54 23 32 48 54
1 88 1 72 86 88
3 60 3 14 19 20 32 51 60
60 81 60 66 78 80 81
6 75 6 44 51 58 61 75
27 50 27 34 38 41 50
6 54 6 15 22 34 48 54
