36 68 36 62 68
42 61 42 61
55 89 55 65 89
0 34 0 3 34
5 44 5 19 44
22 55 22 55
15 51 15 51
16 48 16 40 48
18 48 18 33 48
14 49 14 40 49
32 64 32 64
39 71 39 60 71
35 77 35 77
20 38 20 25 28 38
2 50 2 50
33 84 33 66 84
57 78 57 78
56 74 56 63 74
53 60 53 56 60
21 37 21 28 37
20 52 20 41 52
36 73 36 60 73
52 82 52 80 82
51 89 51 89
3 48 3 33 48
14 33 14 18 33
29 50 29 48 50
1 42 1 32 42
46 84 46 68 84
17 37 17 18 37
40 82 40 82
11 48 11 37 48
39 83 39 60 83
47 70 47 70
56 84 56 84
39 75 39 61 75
15 52 15 52
25 44 25 33 44
2 32 2 32
39 67 39 60 67
42 70 42 45 70
37 72 37 72
44 89 44 89
17 39 17 34 39
59 87 59 64 65 87
18 31 18 25 31
10 42 10 33 42
44 79 44 73 79
47 67 47 65 67
37 61 37 41 61
47 88 47 80 88
12 56 12 47 56
23 54 23 37 54
19 37 19 25 31 37
56 73 56 73
36 83 36 83
48 72 48 50 72
54 68 54 62 68
49 60 49 60
34 73 34 56 73
24 35 24 35
25 48 25 33 48
57 87 57 87
23 50 23 24 47 50
7 58 7 58
14 39 14 34 39
53 86 53 86
25 54 25 33 54
41 68 41 68
50 72 50 72
23 46 23 35 46
20 45 20 33 45
1 35 1 24 35
48 89 48 89
36 86 36 77 86
8 57 8 37 57
34 64 34 46 64
51 63 51 55 60 63
36 82 36 65 82
30 74 30 65 74
52 88 52 88
35 64 35 64
42 74 42 63 74
40 67 40 64 67
16 38 16 28 38
45 64 45 56 64
50 85 50 65 85
55 73 55 60 73
28 40 28 37 40
14 51 14 38 51
53 89 53 89
55 64 55 60 64
55 83 55 83
38 89 38 89
6 42 6 34 42
44 72 44 72
29 59 29 56 59
31 67 31 61 67
53 80 53 63 80
46 88 46 68 88
42 70 42 45 70
55 88 55 60 88
52 84 52 75 84
13 35 13 27 35
16 50 16 50
3 33 3 33
48 85 48 65 85
8 35 8 23 35
0 33 0 3 33
23 44 23 37 44
35 81 35 70 81
32 82 32 40 82
14 47 14 43 47
21 58 21 58
31 60 31 49 60
38 61 38 39 61
37 63 37 42 63
57 83 57 60 83
0 44 0 40 44
15 46 15 41 46
50 80 50 80
34 65 34 65
9 47 9 47
58 76 58 76
52 83 52 60 83
56 77 56 60 77
43 69 43 69
15 38 15 38
36 75 36 62 75
38 81 38 62 81
52 61 52 61
12 56 12 47 56
4 57 4 57
46 88 46 68 88
34 69 34 66 69
33 70 33 70
48 64 48 57 64
56 80 56 63 80
20 45 20 33 45
29 49 29 35 49
1 50 1 50
49 66 49 66
17 52 17 18 52
44 88 44 53 57 88
57 85 57 60 85
10 38 10 15 38
3 52 3 52
11 53 11 37 53
56 83 56 60 83
50 80 50 80
28 57 28 57
50 60 50 52 60
22 50 22 38 50
16 31 16 30 31
12 48 12 28 48
55 65 55 65
23 49 23 35 49
59 83 59 74 83
7 50 7 48 50
44 86 44 86
5 41 5 7 41
24 38 24 27 28 38
31 67 31 61 67
51 61 51 61
13 48 13 26 48
54 65 54 62 65
20 50 20 49 50
41 67 41 61 67
25 39 25 26 39
26 44 26 28 37 44
26 49 26 28 45 49
51 66 51 62 66
18 43 18 33 43
10 31 10 12 20 31
17 45 17 40 45
17 35 17 27 35
37 81 37 81
3 55 3 46 55
40 79 40 71 79
18 59 18 59
32 83 32 34 83
38 77 38 75 77
15 42 15 17 42
55 75 55 62 75
2 38 2 38
37 81 37 81
2 48 2 27 48
42 81 42 63 81
44 66 44 53 57 66
2 30 2 30
6 36 6 7 36
18 56 18 34 56
4 49 4 45 49
18 44 18 33 44
38 60 38 39 60
1 45 1 32 45
24 44 24 40 44
35 83 35 80 83
9 58 9 33 58
55 76 55 76
1 31 1 30 31
47 88 47 80 88
19 40 19 40
49 69 49 60 69
17 36 17 18 36
7 41 7 41
38 72 38 72
23 42 23 37 42
43 85 43 70 85
51 85 51 85
7 58 7 58
29 41 29 36 41
57 89 57 89
15 54 15 43 54
4 55 4 55
14 35 14 24 35
21 51 21 51
23 56 23 37 56
44 60 44 58 60
51 63 51 55 60 63
51 81 51 62 81
50 60 50 52 60
37 78 37 72 78
2 35 2 35
9 38 9 38
58 78 58 67 78
53 83 53 74 83
18 56 18 34 56
4 58 4 33 58
22 37 22 29 37
32 70 32 45 70
20 41 20 41
1 37 1 18 37
4 50 4 6 50
56 65 56 65
31 70 31 70
15 46 15 41 46
30 86 30 69 86
14 36 14 18 36
24 36 24 36
34 75 34 42 75
17 58 17 19 58
1 44 1 44
32 77 32 67 77
10 57 10 33 57
45 67 45 66 67
27 37 27 37
5 57 5 57
12 48 12 28 48
45 70 45 70
41 72 41 72
13 41 13 31 41
47 85 47 65 85
26 48 26 48
6 41 6 41
34 63 34 39 63
54 73 54 58 73
3 55 3 46 55
14 44 14 40 44
37 67 37 66 67
51 85 51 85
28 47 28 47
53 71 53 61 71
15 54 15 43 54
51 86 51 69 86
41 83 41 62 83
10 45 10 33 45
23 33 23 25 33
47 60 47 56 60
38 81 38 62 81
30 76 30 76
36 75 36 62 75
8 51 8 38 51
56 78 56 78
37 78 37 72 78
13 32 13 30 32
44 83 44 83
12 36 12 18 36
4 56 4 56
56 60 56 60
10 48 10 48
4 44 4 33 44
23 46 23 35 46
45 63 45 53 63
3 32 3 5 32
0 32 0 2 32
31 72 31 37 72
25 47 25 43 47
36 84 36 51 84
35 87 35 71 87
51 78 51 78
58 73 58 73
34 78 34 78
37 68 37 66 68
55 66 55 62 66
30 88 30 69 88
44 72 44 72
2 38 2 38
33 78 33 42 78
36 67 36 60 67
30 73 30 31 73
59 86 59 72 86
17 53 17 53
57 68 57 68
45 69 45 66 69
39 65 39 65
3 44 3 33 44
0 52 0 52
25 41 25 31 41
32 82 32 40 82
33 65 33 48 65
0 32 0 2 32
24 44 24 40 44
26 42 26 34 42
2 37 2 27 37
0 45 0 40 45
50 73 50 52 60 73
41 78 41 78
33 68 33 66 68
14 39 14 34 39
30 68 30 65 68
17 43 17 40 43
3 36 3 36
31 67 31 61 67
56 79 56 79
43 83 43 83
12 46 12 42 46
39 60 39 60
2 50 2 50
34 61 34 39 61
18 56 18 34 56
4 57 4 57
4 51 4 51
39 85 39 60 85
36 81 36 81
45 76 45 66 76
17 55 17 55
33 68 33 66 68
43 75 43 61 75
43 66 43 62 66
23 42 23 37 42
5 55 5 19 55
4 51 4 51
16 55 16 30 55
56 85 56 85
29 55 29 35 55
3 30 3 5 13 30
7 52 7 36 52
25 47 25 43 47
49 87 49 87
21 46 21 34 46
15 32 15 19 32
47 60 47 56 60
22 44 22 44
55 78 55 72 78
23 47 23 37 47
52 88 52 88
9 32 9 19 32
13 39 13 39
37 73 37 44 73
33 70 33 70
1 59 1 32 59
36 66 36 62 66
32 78 32 67 78
38 86 38 63 86
38 73 38 56 73
45 76 45 66 76
44 71 44 53 57 71
14 46 14 34 46
42 87 42 87
52 69 52 60 69
57 60 57 60
57 87 57 87
57 64 57 64
55 63 55 60 63
38 69 38 62 69
8 52 8 41 52
9 40 9 40
9 46 9 19 46
21 54 21 24 42 54
25 59 25 31 59
1 50 1 50
42 82 42 82
44 67 44 64 67
13 34 13 31 34
36 77 36 77
40 67 40 64 67
38 85 38 51 85
11 51 11 35 51
44 87 44 73 87
21 55 21 55
59 81 59 64 65 81
15 54 15 43 54
3 32 3 5 32
17 51 17 51
50 69 50 62 69
39 65 39 65
56 64 56 64
2 53 2 53
47 73 47 56 73
46 63 46 52 60 63
43 76 43 68 76
18 41 18 36 41
28 49 28 45 49
58 80 58 80
25 39 25 26 39
18 43 18 33 43
10 41 10 15 41
29 58 29 35 58
55 71 55 60 71
11 38 11 38
7 58 7 58
50 72 50 72
0 30 0 2 30
30 82 30 65 82
48 70 48 70
14 31 14 18 25 31
44 62 44 53 56 62
59 81 59 64 65 81
54 67 54 67
49 84 49 84
58 73 58 73
54 77 54 77
52 75 52 75
8 36 8 24 36
53 76 53 63 76
17 45 17 40 45
19 50 19 26 47 50
56 85 56 85
45 77 45 66 77
56 86 56 63 86
49 62 49 62
27 49 27 49
26 53 26 28 53
3 39 3 34 39
44 84 44 75 84
0 34 0 3 34
48 62 48 62
48 80 48 63 80
47 68 47 65 68
41 67 41 61 67
23 31 23 25 31
27 50 27 47 50
46 77 46 65 77
38 77 38 75 77
49 72 49 60 72
28 56 28 34 56
27 42 27 37 42
2 30 2 30
44 66 44 53 57 66
32 75 32 75
47 89 47 89
29 45 29 35 40 45
48 70 48 70
27 58 27 58
48 84 48 70 84
50 78 50 72 78
34 65 34 65
34 82 34 65 82
19 32 19 32
7 44 7 9 33 44
9 44 9 33 44
24 55 24 55
19 43 19 33 43
52 74 52 60 63 74
57 86 57 68 86
54 62 54 62
30 72 30 50 72
36 77 36 77
53 62 53 56 62
40 81 40 80 81
6 38 6 38
48 81 48 81
8 40 8 37 40
6 33 6 10 33
23 38 23 25 28 38
8 50 8 38 50
5 38 5 32 38
32 85 32 64 85
37 89 37 69 89
20 47 20 37 47
11 42 11 37 42
28 45 28 45
10 58 10 33 58
20 50 20 49 50
41 88 41 88
52 68 52 60 64 65 68
36 71 36 60 71
37 73 37 44 73
45 81 45 81
42 72 42 72
40 76 40 64 76
24 40 24 40
42 67 42 60 67
16 47 16 47
21 45 21 32 45
4 54 4 54
56 79 56 79
28 48 28 48
51 83 51 62 83
49 80 49 67 80
56 81 56 81
15 55 15 51 55
50 81 50 62 81
43 64 43 61 64
50 65 50 65
11 43 11 43
1 42 1 32 42
52 80 52 80
30 80 30 80
10 55 10 22 55
2 31 2 30 31
46 81 46 62 81
14 55 14 24 55
18 41 18 36 41
9 54 9 54
45 68 45 66 68
44 64 44 64
5 52 5 52
25 58 25 31 58
54 79 54 79
55 67 55 60 67
27 49 27 49
48 68 48 62 68
13 41 13 31 41
2 44 2 44
26 50 26 47 50
4 50 4 6 50
18 42 18 42
15 59 15 59
9 52 9 50 52
7 51 7 35 51
12 55 12 21 55
46 68 46 68
48 65 48 65
36 67 36 60 67
12 56 12 47 56
49 74 49 74
17 35 17 27 35
54 87 54 77 87
54 66 54 62 66
43 71 43 61 71
7 50 7 48 50
9 33 9 33
11 56 11 56
17 40 17 40
41 66 41 62 66
35 77 35 77
41 68 41 68
6 56 6 34 56
45 81 45 81
22 44 22 44
17 54 17 42 54
39 76 39 63 76
19 42 19 42
30 84 30 70 84
39 71 39 60 71
19 41 19 26 41
37 63 37 42 63
57 66 57 66
6 45 6 7 45
5 51 5 32 51
14 33 14 18 33
35 81 35 70 81
4 45 4 45
12 45 12 42 45
16 34 16 34
33 89 33 70 89
11 53 11 37 53
30 69 30 69
9 32 9 19 32
43 64 43 61 64
46 80 46 80
26 37 26 28 37
44 73 44 73
49 80 49 67 80
34 76 34 65 76
56 79 56 79
16 46 16 34 46
22 39 22 38 39
7 32 7 18 32
18 42 18 42
52 72 52 60 72
1 38 1 32 38
22 52 22 52
35 69 35 51 69
51 60 51 55 60
36 82 36 65 82
10 33 10 33
1 44 1 44
32 62 32 38 62
55 63 55 60 63
56 68 56 62 68
54 84 54 58 75 84
45 87 45 87
47 70 47 70
13 58 13 30 58
29 37 29 37
18 56 18 34 56
28 57 28 57
42 70 42 45 70
38 74 38 63 74
28 42 28 34 42
36 78 36 40 78
23 39 23 39
53 74 53 74
8 51 8 38 51
3 33 3 33
58 82 58 76 82
27 57 27 35 57
17 46 17 34 46
35 69 35 51 69
51 67 51 61 67
43 83 43 83
35 63 35 49 60 63
14 44 14 40 44
30 89 30 65 89
55 65 55 65
10 31 10 12 20 31
34 69 34 66 69
56 66 56 62 66
22 54 22 33 54
51 68 51 62 68
32 75 32 75
17 32 17 18 32
31 81 31 63 81
21 53 21 28 53
14 46 14 34 46
42 77 42 60 77
4 52 4 45 52
23 54 23 37 54
16 43 16 43
17 35 17 27 35
12 34 12 14 34
45 88 45 71 88
14 47 14 43 47
46 80 46 80
37 60 37 42 60
3 47 3 43 47
29 41 29 36 41
44 75 44 75
37 84 37 84
8 44 8 37 44
20 31 20 31
23 37 23 37
58 61 58 61
35 84 35 68 84
22 37 22 29 37
58 65 58 60 64 65
32 77 32 67 77
29 52 29 36 52
15 33 15 19 33
12 49 12 18 49
19 43 19 33 43
22 59 22 38 59
29 49 29 35 49
26 38 26 28 38
23 45 23 24 40 45
38 67 38 58 67
57 89 57 89
7 41 7 41
32 76 32 64 76
45 89 45 89
42 86 42 63 86
33 62 33 43 62
58 80 58 80
34 66 34 66
12 49 12 18 49
16 33 16 20 33
54 75 54 61 75
54 86 54 77 86
32 72 32 38 72
31 62 31 41 62
41 84 41 68 84
48 67 48 65 67
25 59 25 31 59
18 46 18 34 46
5 50 5 10 50
19 52 19 45 52
4 31 4 11 30 31
2 56 2 56
44 75 44 75
1 41 1 15 41
23 56 23 37 56
31 84 31 68 84
16 37 16 20 37
0 30 0 2 30
5 47 5 32 47
23 53 23 37 53
31 88 31 68 88
50 86 50 72 86
13 50 13 30 50
32 88 32 71 88
4 33 4 33
49 77 49 60 77
0 44 0 40 44
12 39 12 28 39
14 44 14 40 44
13 54 13 42 54
19 44 19 44
20 46 20 41 46
40 84 40 66 84
23 57 23 35 57
41 75 41 61 75
54 72 54 58 60 72
22 54 22 33 54
19 59 19 32 59
30 73 30 31 73
8 34 8 10 34
25 55 25 51 55
29 51 29 35 51
0 54 0 43 54
22 43 22 43
13 52 13 27 52
49 87 49 87
22 59 22 38 59
48 77 48 65 77
54 61 54 61
1 30 1 30
5 35 5 7 35
9 51 9 33 51
46 80 46 80
31 76 31 63 76
4 36 4 11 36
59 64 59 64
47 77 47 65 77
1 57 1 30 57
16 49 16 30 49
18 43 18 33 43
2 34 2 32 34
23 49 23 35 49
12 34 12 14 34
51 76 51 65 76
39 76 39 63 76
25 51 25 51
12 42 12 42
47 65 47 65
11 31 11 30 31
54 85 54 85
38 85 38 51 85
39 69 39 69
36 65 36 65
34 75 34 42 75
28 40 28 37 40
47 68 47 65 68
53 86 53 86
39 71 39 60 71
24 45 24 40 45
51 61 51 61
45 82 45 49 74 82
34 75 34 42 75
13 50 13 30 50
50 77 50 65 77
41 62 41 62
35 79 35 71 79
51 73 51 55 60 73
42 60 42 60
48 84 48 70 84
57 88 57 88
14 35 14 24 35
25 39 25 26 39
8 57 8 37 57
13 57 13 30 57
46 73 46 52 60 73
12 54 12 42 54
13 38 13 28 38
42 86 42 63 86
7 58 7 58
8 55 8 37 55
37 76 37 66 76
46 89 46 65 89
37 68 37 66 68
20 58 20 31 58
58 79 58 73 79
53 62 53 56 62
41 70 41 70
9 44 9 33 44
33 63 33 42 63
46 74 46 74
57 72 57 60 72
9 37 9 37
29 45 29 35 40 45
45 83 45 49 50 83
16 42 16 34 42
36 88 36 60 88
41 69 41 62 69
18 31 18 25 31
44 71 44 53 57 71
34 67 34 65 67
31 72 31 37 72
15 55 15 51 55
46 89 46 65 89
25 46 25 31 34 46
39 82 39 82
0 33 0 3 33
40 73 40 44 73
30 76 30 76
49 75 49 75
50 80 50 80
8 57 8 37 57
7 30 7 13 30
34 61 34 39 61
48 79 48 65 79
44 70 44 53 57 70
33 60 33 42 60
44 85 44 64 85
49 86 49 86
29 40 29 35 40
27 50 27 47 50
21 44 21 28 37 44
59 81 59 64 65 81
42 78 42 78
8 36 8 24 36
48 73 48 57 60 73
24 48 24 40 48
33 69 33 66 69
9 30 9 13 30
30 64 30 32 64
44 83 44 83
56 75 56 61 75
33 77 33 66 77
16 36 16 36
2 33 2 4 33
55 72 55 72
58 73 58 73
54 74 54 61 64 74
33 86 33 44 86
4 57 4 57
5 54 5 19 54
1 52 1 50 52
8 45 8 15 45
39 68 39 62 68
15 40 15 17 40
42 88 42 60 88
54 84 54 58 75 84
50 81 50 62 81
16 58 16 30 58
23 49 23 35 49
13 55 13 30 55
36 80 36 80
36 65 36 65
47 77 47 65 77
2 47 2 32 47
42 62 42 46 62
48 82 48 65 82
53 67 53 61 67
46 79 46 65 79
23 43 23 37 43
19 39 19 26 39
36 86 36 77 86
50 76 50 76
56 83 56 60 83
38 85 38 51 85
33 81 33 70 81
6 44 6 10 33 44
38 82 38 72 82
52 63 52 60 63
12 48 12 28 48
59 67 59 64 67
33 66 33 66
49 70 49 50 70
39 82 39 82
11 46 11 35 46
52 69 52 60 69
56 61 56 61
48 88 48 88
11 38 11 38
21 42 21 32 42
21 58 21 58
28 41 28 37 41
3 49 3 49
14 45 14 45
7 43 7 36 43
19 56 19 45 56
18 32 18 32
8 52 8 41 52
8 52 8 41 52
24 48 24 40 48
47 70 47 70
50 84 50 66 84
27 44 27 37 44
38 66 38 62 66
41 87 41 65 87
34 70 34 39 70
28 54 28 37 54
36 80 36 80
34 75 34 42 75
20 53 20 37 53
2 45 2 32 45
56 83 56 60 83
36 78 36 40 78
40 68 40 66 68
18 40 18 32 40
22 41 22 29 36 41
54 81 54 62 81
34 73 34 56 73
56 65 56 65
55 88 55 60 88
23 39 23 39
14 55 14 24 55
32 82 32 40 82
9 41 9 37 41
9 35 9 22 35
0 44 0 40 44
23 37 23 37
30 64 30 32 64
48 80 48 63 80
12 34 12 14 34
44 70 44 53 57 70
51 75 51 75
29 57 29 57
14 47 14 43 47
6 57 6 47 57
39 65 39 65
24 40 24 40
56 86 56 63 86
55 89 55 65 89
48 61 48 50 52 61
49 63 49 60 63
0 34 0 3 34
13 48 13 26 48
17 40 17 40
34 84 34 66 84
56 61 56 61
58 85 58 60 85
11 38 11 38
11 58 11 58
41 73 41 58 73
40 85 40 64 85
8 33 8 10 33
34 64 34 46 64
25 34 25 31 34
45 68 45 66 68
24 59 24 42 59
17 34 17 34
3 31 3 20 31
0 37 0 8 37
47 63 47 56 63
48 82 48 65 82
52 65 52 60 64 65
29 54 29 37 54
51 61 51 61
8 55 8 37 55
58 69 58 69
28 47 28 47
14 52 14 52
7 59 7 41 59
15 59 15 59
26 51 26 41 51
54 60 54 58 60
54 81 54 62 81
59 68 59 64 65 68
56 67 56 60 67
5 40 5 32 40
56 60 56 60
54 71 54 61 71
14 37 14 18 37
50 75 50 62 75
42 62 42 46 62
54 69 54 62 69
58 76 58 76
17 34 17 34
23 43 23 37 43
49 70 49 50 70
46 85 46 85
49 76 49 66 76
51 83 51 62 83
8 43 8 37 43
20 38 20 25 28 38
53 87 53 87
30 66 30 49 66
39 60 39 60
3 42 3 33 42
44 66 44 53 57 66
12 42 12 42
29 48 29 48
12 48 12 28 48
51 67 51 61 67
43 77 43 54 77
27 37 27 37
10 41 10 15 41
19 38 19 32 38
59 83 59 74 83
36 76 36 65 76
36 85 36 60 85
36 73 36 60 73
0 37 0 8 37
18 52 18 52
20 49 20 49
58 61 58 61
4 50 4 6 50
31 65 31 34 65
9 54 9 54
11 32 11 30 32
13 55 13 30 55
26 44 26 28 37 44
36 76 36 65 76
28 45 28 45
54 89 54 67 89
22 58 22 33 58
56 69 56 60 69
16 55 16 30 55
51 63 51 55 60 63
24 47 24 47
18 41 18 36 41
22 37 22 29 37
17 48 17 40 48
31 68 31 68
3 52 3 52
3 54 3 54
5 53 5 7 53
38 86 38 63 86
35 70 35 70
43 86 43 68 86
45 79 45 71 79
40 72 40 66 72
50 82 50 65 82
18 44 18 33 44
57 60 57 60
43 74 43 68 74
40 89 40 80 89
26 50 26 47 50
25 43 25 43
9 53 9 37 53
24 58 24 58
56 75 56 61 75
52 82 52 80 82
50 64 50 52 60 64
29 46 29 35 46
19 40 19 40
19 41 19 26 41
15 31 15 19 25 31
20 33 20 33
7 36 7 36
13 55 13 30 55
49 64 49 60 64
37 89 37 69 89
16 58 16 30 58
34 70 34 39 70
47 83 47 74 83
33 61 33 42 61
1 33 1 18 33
55 65 55 65
52 66 52 60 63 66
47 79 47 65 79
7 38 7 9 38
11 35 11 35
29 44 29 37 44
5 50 5 10 50
5 35 5 7 35
14 52 14 52
46 68 46 68
48 77 48 65 77
37 86 37 69 86
8 43 8 37 43
35 69 35 51 69
21 40 21 32 40
1 40 1 32 40
0 56 0 56
7 40 7 35 40
23 34 23 24 34
21 47 21 32 47
47 85 47 65 85
51 87 51 65 87
29 50 29 48 50
10 32 10 18 32
50 77 50 65 77
42 61 42 61
42 73 42 60 73
56 86 56 63 86
24 37 24 27 37
26 55 26 55
7 45 7 45
10 41 10 15 41
8 58 8 37 58
44 70 44 53 57 70
47 79 47 65 79
57 75 57 75
55 76 55 76
57 79 57 71 79
9 34 9 16 34
25 58 25 31 58
2 34 2 32 34
6 41 6 41
2 52 2 41 52
3 53 3 45 53
21 44 21 28 37 44
48 68 48 62 68
17 49 17 40 49
10 46 10 34 46
6 48 6 7 48
28 59 28 38 59
43 87 43 87
57 74 57 64 74
28 42 28 34 42
5 58 5 32 58
13 52 13 27 52
26 38 26 28 38
47 81 47 81
51 72 51 55 72
35 62 35 46 62
36 68 36 62 68
43 88 43 68 88
9 41 9 37 41
18 56 18 34 56
54 73 54 58 73
40 67 40 64 67
2 38 2 38
59 89 59 72 89
21 52 21 28 52
38 82 38 72 82
58 82 58 76 82
8 40 8 37 40
30 66 30 49 66
23 35 23 35
9 30 9 13 30
39 86 39 63 86
30 72 30 50 72
26 42 26 34 42
14 42 14 42
28 54 28 37 54
13 44 13 19 44
29 53 29 37 53
5 58 5 32 58
25 46 25 31 34 46
27 38 27 28 38
23 34 23 24 34
39 82 39 82
58 81 58 67 81
36 83 36 83
21 43 21 24 43
18 57 18 32 57
24 37 24 27 37
5 42 5 32 42
7 49 7 35 49
30 62 30 49 62
25 43 25 43
48 62 48 62
56 61 56 61
33 69 33 66 69
35 83 35 80 83
49 65 49 62 65
6 32 6 13 30 32
56 62 56 62
17 31 17 18 25 31
24 48 24 40 48
11 50 11 30 50
19 33 19 33
39 79 39 65 79
41 69 41 62 69
33 71 33 66 71
34 64 34 46 64
30 64 30 32 64
42 83 42 60 83
6 47 6 47
47 62 47 50 62
45 62 45 49 62
43 61 43 61
14 37 14 18 37
5 41 5 7 41
58 72 58 60 72
32 78 32 67 78
7 35 7 35
40 76 40 64 76
44 86 44 86
25 40 25 40
39 70 39 70
41 81 41 81
11 31 11 30 31
29 53 29 37 53
2 34 2 32 34
8 43 8 37 43
21 37 21 28 37
9 49 9 40 49
46 69 46 62 69
24 37 24 27 37
59 65 59 64 65
4 53 4 42 53
36 87 36 87
22 37 22 29 37
40 70 40 43 70
30 84 30 70 84
40 60 40 42 60
16 40 16 40
17 44 17 40 44
51 60 51 55 60
38 75 38 75
30 83 30 80 83
54 75 54 61 75
46 87 46 65 87
57 73 57 60 73
0 57 0 35 57
43 73 43 47 56 73
5 55 5 19 55
9 44 9 33 44
42 75 42 75
30 63 30 31 63
52 65 52 60 64 65
35 85 35 64 85
55 72 55 72
50 87 50 65 87
31 76 31 63 76
2 48 2 27 48
58 69 58 69
25 52 25 52
13 47 13 47
58 81 58 67 81
37 63 37 42 63
25 42 25 33 42
23 55 23 35 55
18 57 18 32 57
2 56 2 56
3 51 3 33 51
21 49 21 32 49
8 49 8 10 49
49 78 49 78
24 58 24 58
40 80 40 80
41 80 41 68 80
57 84 57 84
14 59 14 59
42 84 42 68 84
58 64 58 60 64
14 56 14 34 56
15 58 15 38 58
43 85 43 70 85
16 43 16 43
6 52 6 41 52
58 69 58 69
49 62 49 62
52 79 52 60 71 79
22 56 22 38 56
3 50 3 49 50
4 33 4 33
6 48 6 7 48
30 77 30 65 77
3 57 3 33 57
37 64 37 40 64
4 31 4 11 30 31
43 79 43 54 79
6 32 6 13 30 32
38 75 38 75
30 76 30 76
37 70 37 41 70
45 89 45 89
16 40 16 40
2 52 2 41 52
41 60 41 52 60
48 88 48 88
50 79 50 79
48 83 48 62 83
33 75 33 42 75
1 39 1 15 39
52 61 52 61
50 63 50 52 60 63
38 89 38 89
54 73 54 58 73
6 44 6 10 33 44
34 69 34 66 69
47 84 47 66 84
48 85 48 65 85
27 56 27 37 56
10 57 10 33 57
46 65 46 65
40 74 40 64 74
56 89 56 65 89
49 71 49 60 71
41 85 41 85
17 50 17 18 50
33 77 33 66 77
33 71 33 66 71
44 69 44 53 69
27 57 27 35 57
58 87 58 73 87
38 72 38 72
28 55 28 37 55
35 74 35 64 74
40 76 40 64 76
23 34 23 24 34
10 41 10 15 41
1 43 1 14 43
1 47 1 32 47
36 79 36 79
16 55 16 30 55
18 47 18 47
24 42 24 42
24 51 24 35 51
34 61 34 39 61
4 47 4 6 47
39 73 39 60 73
49 67 49 67
14 56 14 34 56
52 85 52 60 85
33 81 33 70 81
8 43 8 37 43
27 34 27 28 34
38 69 38 62 69
4 57 4 57
5 57 5 57
18 51 18 32 51
14 50 14 38 50
40 84 40 66 84
36 87 36 87
9 35 9 22 35
39 71 39 60 71
9 58 9 33 58
43 76 43 68 76
48 85 48 65 85
37 65 37 41 65
2 59 2 32 59
41 70 41 70
6 34 6 34
15 39 15 39
32 61 32 42 61
41 73 41 58 73
44 69 44 53 69
3 49 3 49
26 43 26 39 43
49 85 49 60 85
27 35 27 35
47 73 47 56 73
57 68 57 68
14 49 14 40 49
16 46 16 34 46
3 51 3 33 51
20 48 20 33 48
35 66 35 40 66
47 78 47 56 78
1 49 1 30 49
50 70 50 70
43 85 43 70 85
19 51 19 32 51
0 59 0 39 59
19 50 19 26 47 50
9 47 9 47
33 77 33 66 77
15 59 15 59
41 71 41 61 71
9 52 9 50 52
43 84 43 68 84
28 45 28 45
48 67 48 65 67
44 85 44 64 85
43 63 43 47 56 63
31 77 31 77
47 65 47 65
42 67 42 60 67
17 33 17 18 33
33 76 33 66 76
27 52 27 52
23 57 23 35 57
22 57 22 57
13 59 13 31 59
37 89 37 69 89
45 70 45 70
53 81 53 63 81
41 64 41 61 64
43 79 43 54 79
4 33 4 33
11 31 11 30 31
36 60 36 60
28 50 28 38 50
17 56 17 34 56
7 58 7 58
24 54 24 42 54
4 44 4 33 44
13 56 13 56
13 54 13 42 54
35 82 35 82
23 53 23 37 53
13 58 13 30 58
16 50 16 50
32 68 32 38 68
53 63 53 63
55 75 55 62 75
23 53 23 37 53
20 31 20 31
10 53 10 53
55 63 55 60 63
28 38 28 38
58 65 58 60 64 65
42 63 42 63
8 52 8 41 52
33 68 33 66 68
15 48 15 27 48
58 80 58 80
19 34 19 32 34
22 57 22 57
53 60 53 56 60
56 82 56 65 82
25 45 25 33 45
45 73 45 49 73
7 53 7 53
20 49 20 49
36 82 36 65 82
35 81 35 70 81
0 40 0 40
33 76 33 66 76
30 86 30 69 86
3 37 3 8 37
53 62 53 56 62
25 53 25 53
48 80 48 63 80
16 31 16 30 31
13 40 13 19 40
7 31 7 13 31
13 50 13 30 50
11 59 11 38 59
4 47 4 6 47
38 84 38 68 84
13 54 13 42 54
23 41 23 37 41
53 80 53 63 80
29 56 29 56
6 52 6 41 52
3 44 3 33 44
22 39 22 38 39
32 84 32 75 84
45 67 45 66 67
57 85 57 60 85
9 31 9 13 31
5 42 5 32 42
20 34 20 31 34
29 37 29 37
35 78 35 72 78
18 37 18 37
28 57 28 57
50 85 50 65 85
38 73 38 56 73
0 49 0 35 49
51 88 51 88
28 54 28 37 54
42 67 42 60 67
55 66 55 62 66
2 55 2 30 55
15 50 15 38 50
9 38 9 38
52 65 52 60 64 65
18 36 18 36
0 42 0 40 42
16 42 16 34 42
13 41 13 31 41
0 32 0 2 32
19 32 19 32
43 77 43 54 77
3 43 3 43
56 66 56 62 66
12 37 12 18 37
32 77 32 67 77
10 39 10 34 39
36 75 36 62 75
39 75 39 61 75
13 53 13 42 53
42 88 42 60 88
56 88 56 60 88
52 80 52 80
3 49 3 49
36 73 36 60 73
8 45 8 15 45
26 42 26 34 42
54 87 54 77 87
12 48 12 28 48
18 34 18 34
27 58 27 58
30 62 30 49 62
1 59 1 32 59
51 86 51 69 86
46 68 46 68
9 49 9 40 49
53 73 53 56 73
39 69 39 69
8 32 8 10 18 32
31 67 31 61 67
10 38 10 15 38
1 30 1 30
7 59 7 41 59
10 46 10 34 46
40 77 40 66 77
24 42 24 42
59 81 59 64 65 81
11 37 11 37
32 71 32 71
49 82 49 74 82
30 88 30 69 88
31 86 31 63 86
14 58 14 38 58
50 65 50 65
35 63 35 49 60 63
41 79 41 65 79
36 82 36 65 82
19 48 19 33 48
11 33 11 19 33
4 39 4 34 39
30 62 30 49 62
24 39 24 34 39
45 83 45 49 50 83
22 44 22 44
47 88 47 80 88
29 55 29 35 55
11 39 11 38 39
6 49 6 10 49
17 31 17 18 25 31
54 63 54 58 60 63
35 62 35 46 62
3 34 3 34
35 71 35 71
34 80 34 78 80
3 35 3 24 35
54 76 54 58 76
17 54 17 42 54
6 50 6 50
40 70 40 43 70
30 79 30 79
11 55 11 30 55
43 89 43 68 89
32 75 32 75
20 40 20 40
33 87 33 66 87
42 81 42 63 81
58 89 58 67 89
5 48 5 7 48
7 45 7 45
42 88 42 60 88
59 71 59 64 67 71
11 37 11 37
49 73 49 73
18 32 18 32
19 33 19 33
31 72 31 37 72
5 30 5 13 30
34 76 34 65 76
10 54 10 33 54
13 56 13 56
19 34 19 32 34
10 42 10 33 42
52 86 52 86
34 82 34 65 82
23 50 23 24 47 50
53 64 53 61 64
14 55 14 24 55
5 34 5 34
0 40 0 40
16 41 16 36 41
48 71 48 57 71
1 44 1 44
40 60 40 42 60
0 50 0 50
51 77 51 77
2 54 2 4 54
54 78 54 67 78
30 75 30 75
40 63 40 42 63
10 52 10 49 52
42 77 42 60 77
23 46 23 35 46
18 58 18 32 58
51 64 51 61 64
18 50 18 50
2 59 2 32 59
54 80 54 80
22 37 22 29 37
48 81 48 81
7 38 7 9 38
44 89 44 89
10 50 10 50
4 40 4 14 40
55 81 55 81
53 89 53 89
38 61 38 39 61
31 73 31 73
3 41 3 36 41
21 42 21 32 42
4 42 4 42
28 41 28 37 41
39 81 39 62 81
0 37 0 8 37
40 81 40 80 81
6 52 6 41 52
53 64 53 61 64
13 55 13 30 55
36 62 36 62
52 87 52 77 87
39 78 39 59 78
15 55 15 51 55
23 58 23 35 58
11 57 11 30 57
33 82 33 42 82
50 78 50 72 78
58 86 58 69 86
44 76 44 76
22 44 22 44
40 78 40 78
4 39 4 34 39
47 79 47 65 79
30 65 30 65
52 68 52 60 64 65 68
42 65 42 46 65
32 85 32 64 85
46 62 46 62
3 53 3 45 53
23 44 23 37 44
9 44 9 33 44
40 68 40 66 68
45 68 45 66 68
32 73 32 49 73
6 39 6 34 39
39 66 39 62 66
55 83 55 83
36 89 36 89
23 39 23 39
17 59 17 42 59
59 78 59 78
34 73 34 56 73
59 76 59 64 76
17 37 17 18 37
12 36 12 18 36
25 59 25 31 59
28 34 28 34
19 47 19 32 47
5 34 5 34
22 52 22 52
4 30 4 11 30
23 31 23 25 31
20 41 20 41
54 75 54 61 75
56 68 56 62 68
10 38 10 15 38
47 77 47 65 77
45 75 45 71 75
13 52 13 27 52
25 46 25 31 34 46
25 41 25 31 41
39 76 39 63 76
57 74 57 64 74
4 53 4 42 53
26 38 26 28 38
42 89 42 68 89
28 47 28 47
15 56 15 38 56
14 51 14 38 51
51 85 51 85
14 41 14 18 36 41
38 70 38 39 70
18 47 18 47
35 73 35 49 73
36 79 36 79
44 78 44 72 78
35 68 35 68
1 32 1 32
35 74 35 64 74
25 46 25 31 34 46
16 39 16 34 39
29 51 29 35 51
52 65 52 60 64 65
32 68 32 38 68
50 65 50 65
51 88 51 88
8 40 8 37 40
46 67 46 64 67
8 38 8 38
34 66 34 66
11 34 11 17 34
43 85 43 70 85
12 39 12 28 39
16 38 16 28 38
23 43 23 37 43
26 43 26 39 43
30 85 30 85
11 39 11 38 39
34 65 34 65
46 63 46 52 60 63
40 87 40 66 87
11 37 11 37
11 40 11 35 40
55 65 55 65
57 76 57 76
35 82 35 82
50 83 50 83
59 81 59 64 65 81
24 38 24 27 28 38
25 47 25 43 47
31 73 31 73
47 82 47 65 82
14 32 14 18 32
38 84 38 68 84
56 72 56 60 72
8 40 8 37 40
31 75 31 61 75
7 36 7 36
23 55 23 35 55
32 79 32 79
7 34 7 14 34
11 45 11 19 45
35 76 35 64 76
31 70 31 70
44 77 44 73 77
1 46 1 19 46
52 68 52 60 64 65 68
58 69 58 69
50 84 50 66 84
36 81 36 81
19 45 19 45
3 32 3 5 32
42 60 42 60
51 77 51 77
55 74 55 65 74
44 78 44 72 78
59 80 59 64 80
12 34 12 14 34
17 37 17 18 37
36 85 36 60 85
34 62 34 39 62
39 88 39 60 88
47 84 47 66 84
0 36 0 36
14 54 14 54
24 58 24 58
52 68 52 60 64 65 68
27 39 27 39
20 37 20 37
34 82 34 65 82
29 54 29 37 54
38 63 38 63
47 78 47 56 78
35 86 35 86
8 34 8 10 34
3 51 3 33 51
42 68 42 68
3 45 3 45
12 42 12 42
56 89 56 65 89
17 40 17 40
48 68 48 62 68
27 54 27 37 54
44 60 44 58 60
32 67 32 67
26 51 26 41 51
16 36 16 36
20 48 20 33 48
14 36 14 18 36
12 39 12 28 39
41 83 41 62 83
58 69 58 69
10 56 10 34 56
30 60 30 49 60
40 89 40 80 89
9 36 9 16 36
37 65 37 41 65
3 45 3 45
57 68 57 68
38 87 38 43 87
6 37 6 8 37
13 40 13 19 40
45 76 45 66 76
20 54 20 33 54
15 51 15 51
18 39 18 34 39
18 50 18 50
40 84 40 66 84
57 64 57 64
31 62 31 41 62
54 63 54 58 60 63
34 85 34 65 85
26 43 26 39 43
59 79 59 78 79
28 42 28 34 42
43 72 43 47 50 72
54 62 54 62
26 46 26 34 46
30 79 30 79
35 60 35 49 60
36 71 36 60 71
59 75 59 74 75
51 88 51 88
45 63 45 53 63
27 55 27 35 55
17 39 17 34 39
30 67 30 65 67
34 76 34 65 76
2 45 2 32 45
18 34 18 34
58 67 58 67
34 72 34 66 72
8 49 8 10 49
20 54 20 33 54
53 76 53 63 76
13 49 13 30 49
30 79 30 79
48 76 48 76
3 55 3 46 55
6 38 6 38
40 68 40 66 68
23 48 23 37 48
29 35 29 35
30 63 30 31 63
39 88 39 60 88
9 44 9 33 44
9 51 9 33 51
16 45 16 40 45
30 70 30 70
38 75 38 75
35 88 35 68 88
43 61 43 61
1 45 1 32 45
47 70 47 70
20 58 20 31 58
23 54 23 37 54
45 60 45 49 60
5 59 5 32 59
5 49 5 32 49
11 57 11 30 57
36 66 36 62 66
33 84 33 66 84
20 45 20 33 45
37 71 37 71
0 51 0 35 51
7 34 7 14 34
52 78 52 60 67 78
44 62 44 53 56 62
31 86 31 63 86
58 83 58 60 83
43 71 43 61 71
49 69 49 60 69
33 84 33 66 84
0 34 0 3 34
14 58 14 38 58
47 81 47 81
42 85 42 60 85
6 54 6 8 54
31 80 31 63 80
41 66 41 62 66
4 57 4 57
40 67 40 64 67
8 37 8 37
9 55 9 37 55
40 77 40 66 77
23 38 23 25 28 38
0 42 0 40 42
19 42 19 42
14 32 14 18 32
3 54 3 54
57 78 57 78
15 49 15 45 49
50 66 50 66
29 51 29 35 51
59 76 59 64 76
10 59 10 15 59
56 64 56 64
12 49 12 18 49
20 34 20 31 34
38 62 38 62
27 51 27 35 51
37 78 37 72 78
9 43 9 33 43
6 47 6 47
46 79 46 65 79
11 46 11 35 46
42 70 42 45 70
23 54 23 37 54
5 53 5 7 53
1 43 1 14 43
14 35 14 24 35
52 60 52 60
33 60 33 42 60
2 49 2 49
41 80 41 68 80
37 65 37 41 65
6 41 6 41
30 69 30 69
39 61 39 61
10 33 10 33
10 52 10 49 52
53 77 53 57 77
13 44 13 19 44
0 54 0 43 54
20 57 20 57
58 85 58 60 85
26 37 26 28 37
5 38 5 32 38
25 37 25 31 37
16 42 16 34 42
50 89 50 89
12 41 12 20 41
4 52 4 45 52
35 75 35 75
45 65 45 56 65
54 88 54 80 88
53 69 53 69
39 68 39 62 68
12 59 12 42 59
37 66 37 66
25 34 25 31 34
20 57 20 57
36 81 36 81
48 66 48 62 66
22 48 22 33 48
53 65 53 56 65
8 56 8 37 56
19 45 19 45
29 59 29 56 59
41 83 41 62 83
39 60 39 60
45 64 45 56 64
37 74 37 66 74
16 49 16 30 49
44 86 44 86
6 50 6 50
46 66 46 62 66
24 51 24 35 51
16 58 16 30 58
41 85 41 85
31 68 31 68
0 56 0 56
47 76 47 76
23 47 23 37 47
35 84 35 68 84
8 56 8 37 56
14 54 14 54
23 47 23 37 47
29 55 29 35 55
59 80 59 64 80
31 88 31 68 88
27 51 27 35 51
47 84 47 66 84
34 84 34 66 84
40 75 40 71 75
20 58 20 31 58
34 84 34 66 84
35 70 35 70
46 80 46 80
50 83 50 83
56 88 56 60 88
17 52 17 18 52
1 58 1 58
18 49 18 49
50 62 50 62
18 55 18 37 55
59 71 59 64 67 71
18 33 18 33
49 60 49 60
48 70 48 70
27 43 27 37 43
30 86 30 69 86
47 80 47 80
20 56 20 37 56
54 77 54 77
11 42 11 37 42
6 58 6 38 58
17 36 17 18 36
27 40 27 35 40
11 59 11 38 59
54 72 54 58 60 72
16 51 16 36 51
19 41 19 26 41
36 74 36 65 74
19 39 19 26 39
53 80 53 63 80
21 56 21 56
11 40 11 35 40
26 42 26 34 42
24 45 24 40 45
14 52 14 52
39 61 39 61
4 59 4 42 59
5 32 5 32
26 39 26 39
23 41 23 37 41
1 40 1 32 40
19 41 19 26 41
59 86 59 72 86
7 41 7 41
48 76 48 76
51 83 51 62 83
55 87 55 65 87
24 52 24 36 52
56 89 56 65 89
49 88 49 88
30 84 30 70 84
0 57 0 35 57
47 68 47 65 68
53 74 53 74
59 76 59 64 76
39 65 39 65
0 54 0 43 54
47 77 47 65 77
24 35 24 35
21 56 21 56
26 48 26 48
14 42 14 42
51 87 51 65 87
51 72 51 55 72
0 53 0 2 53
44 74 44 74
16 57 16 30 57
9 45 9 33 45
37 82 37 82
5 37 5 29 37
50 83 50 83
44 62 44 53 56 62
33 63 33 42 63
49 76 49 66 76
45 66 45 66
36 82 36 65 82
3 35 3 24 35
32 68 32 38 68
41 69 41 62 69
41 64 41 61 64
24 59 24 42 59
30 88 30 69 88
9 38 9 38
48 82 48 65 82
56 76 56 63 76
55 64 55 60 64
41 88 41 88
19 31 19 25 31
48 78 48 78
18 44 18 33 44
1 30 1 30
20 38 20 25 28 38
50 69 50 62 69
38 89 38 89
56 60 56 60
10 58 10 33 58
21 49 21 32 49
57 63 57 60 63
40 89 40 80 89
52 75 52 75
58 76 58 76
17 31 17 18 25 31
37 86 37 69 86
55 83 55 83
52 80 52 80
38 81 38 62 81
14 53 14 53
20 54 20 33 54
55 87 55 65 87
7 39 7 9 39
9 46 9 19 46
58 78 58 67 78
33 76 33 66 76
31 79 31 79
48 76 48 76
48 87 48 65 87
5 30 5 13 30
53 71 53 61 71
53 89 53 89
15 59 15 59
31 61 31 61
20 44 20 33 44
26 56 26 34 56
47 79 47 65 79
59 75 59 74 75
44 87 44 73 87
43 77 43 54 77
35 68 35 68
57 60 57 60
12 32 12 18 32
13 56 13 56
2 36 2 16 36
27 48 27 48
55 81 55 81
35 61 35 51 61
33 64 33 44 64
46 85 46 85
38 88 38 68 88
53 75 53 61 75
56 81 56 81
20 39 20 26 39
3 53 3 45 53
26 50 26 47 50
11 56 11 56
34 86 34 86
0 54 0 43 54
7 57 7 35 57
33 86 33 44 86
40 78 40 78
48 83 48 62 83
20 51 20 33 51
26 46 26 34 46
42 71 42 60 71
43 63 43 47 56 63
25 52 25 52
6 56 6 34 56
13 42 13 42
56 80 56 63 80
3 48 3 33 48
37 60 37 42 60
7 57 7 35 57
58 73 58 73
23 50 23 24 47 50
56 87 56 65 87
46 87 46 65 87
29 56 29 56
18 37 18 37
32 70 32 45 70
0 41 0 41
51 67 51 61 67
37 60 37 42 60
27 51 27 35 51
41 88 41 88
58 83 58 60 83
28 40 28 37 40
12 38 12 14 38
20 54 20 33 54
34 84 34 66 84
6 41 6 41
3 40 3 40
38 65 38 62 65
41 75 41 61 75
2 36 2 16 36
18 51 18 32 51
41 89 41 65 89
25 54 25 33 54
15 59 15 59
11 48 11 37 48
41 61 41 61
17 51 17 51
44 74 44 74
24 49 24 35 49
13 54 13 42 54
32 78 32 67 78
8 55 8 37 55
4 46 4 34 46
13 34 13 31 34
3 41 3 36 41
11 52 11 52
16 55 16 30 55
20 41 20 41
11 48 11 37 48
32 66 32 34 66
22 57 22 57
37 88 37 69 88
10 56 10 34 56
5 51 5 32 51
23 56 23 37 56
45 71 45 71
8 40 8 37 40
48 63 48 63
10 49 10 49
56 69 56 60 69
23 59 23 39 59
44 64 44 64
24 37 24 27 37
54 64 54 61 64
3 36 3 36
34 76 34 65 76
34 66 34 66
50 88 50 80 88
46 85 46 85
1 41 1 15 41
41 74 41 74
22 55 22 55
51 78 51 78
32 87 32 71 87
2 40 2 32 40
42 87 42 87
41 82 41 65 82
33 82 33 42 82
44 62 44 53 56 62
2 58 2 58
45 79 45 71 79
20 41 20 41
41 86 41 68 86
57 76 57 76
46 60 46 52 60
11 50 11 30 50
11 49 11 30 49
1 49 1 30 49
6 30 6 13 30
26 56 26 34 56
47 86 47 76 86
26 47 26 47
55 85 55 85
35 74 35 64 74
45 73 45 49 73
27 37 27 37
58 76 58 76
47 86 47 76 86
9 49 9 40 49
7 56 7 45 56
36 66 36 62 66
30 75 30 75
49 67 49 67
15 45 15 45
16 31 16 30 31
37 79 37 71 79
31 66 31 63 66
3 46 3 46
58 63 58 60 63
32 64 32 64
14 53 14 53
53 79 53 79
33 60 33 42 60
18 45 18 32 45
50 63 50 52 60 63
7 54 7 42 54
11 30 11 30
33 73 33 44 73
51 71 51 71
2 37 2 27 37
46 84 46 68 84
20 45 20 33 45
4 51 4 51
35 86 35 86
34 85 34 65 85
47 87 47 65 87
40 61 40 42 61
3 47 3 43 47
20 43 20 43
3 40 3 40
41 64 41 61 64
30 86 30 69 86
18 39 18 34 39
56 88 56 60 88
45 78 45 78
37 78 37 72 78
4 34 4 34
0 32 0 2 32
1 58 1 58
50 77 50 65 77
44 88 44 53 57 88
15 40 15 17 40
9 30 9 13 30
19 47 19 32 47
23 53 23 37 53
59 75 59 74 75
38 85 38 51 85
12 56 12 47 56
11 42 11 37 42
0 58 0 35 58
12 47 12 47
48 81 48 81
52 80 52 80
49 77 49 60 77
40 89 40 80 89
57 81 57 81
34 63 34 39 63
32 86 32 71 86
8 34 8 10 34
5 49 5 32 49
16 57 16 30 57
43 81 43 62 81
17 55 17 55
5 53 5 7 53
47 66 47 66
9 51 9 33 51
36 67 36 60 67
53 71 53 61 71
43 60 43 47 56 60
58 65 58 60 64 65
41 66 41 62 66
30 67 30 65 67
40 62 40 43 62
53 87 53 87
3 56 3 34 56
1 41 1 15 41
20 48 20 33 48
19 33 19 33
2 53 2 53
54 73 54 58 73
43 69 43 69
35 67 35 64 67
35 80 35 80
38 63 38 63
33 70 33 70
44 73 44 73
0 58 0 35 58
7 49 7 35 49
33 75 33 42 75
10 35 10 22 35
28 59 28 38 59
41 72 41 72
21 40 21 32 40
47 65 47 65
41 77 41 65 77
51 85 51 85
37 77 37 66 77
2 33 2 4 33
10 42 10 33 42
19 55 19 55
16 48 16 40 48
52 60 52 60
9 42 9 33 42
30 65 30 65
26 53 26 28 53
59 71 59 64 67 71
15 53 15 44 53
35 88 35 68 88
34 65 34 65
6 55 6 51 55
24 46 24 34 46
15 48 15 27 48
26 43 26 39 43
21 40 21 32 40
45 74 45 66 74
26 52 26 41 52
39 68 39 62 68
18 54 18 54
4 48 4 33 48
39 78 39 59 78
25 52 25 52
8 53 8 37 53
17 55 17 55
22 50 22 38 50
34 78 34 78
43 80 43 68 80
16 41 16 36 41
11 54 11 37 54
53 78 53 56 78
56 62 56 62
17 54 17 42 54
44 70 44 53 57 70
0 53 0 2 53
44 82 44 72 82
40 79 40 71 79
32 71 32 71
39 64 39 60 64
1 56 1 30 56
19 54 19 54
5 44 5 19 44
49 73 49 73
17 48 17 40 48
48 66 48 62 66
17 44 17 40 44
24 59 24 42 59
1 53 1 44 53
39 86 39 63 86
35 67 35 64 67
56 82 56 65 82
14 48 14 40 48
20 44 20 33 44
0 54 0 43 54
26 57 26 57
39 81 39 62 81
10 50 10 50
59 75 59 74 75
49 72 49 60 72
40 64 40 64
8 38 8 38
11 40 11 35 40
57 67 57 60 67
0 44 0 40 44
40 68 40 66 68
57 67 57 60 67
11 30 11 30
11 53 11 37 53
52 79 52 60 71 79
0 36 0 36
44 72 44 72
20 33 20 33
24 52 24 36 52
34 70 34 39 70
3 37 3 8 37
1 39 1 15 39
10 35 10 22 35
25 47 25 43 47
38 72 38 72
29 50 29 48 50
8 49 8 10 49
46 87 46 65 87
44 84 44 75 84
59 64 59 64
34 89 34 65 89
54 73 54 58 73
34 62 34 39 62
30 85 30 85
6 35 6 7 35
4 30 4 11 30
4 43 4 33 43
53 61 53 61
49 80 49 67 80
5 41 5 7 41
24 49 24 35 49
48 76 48 76
46 80 46 80
52 86 52 86
8 35 8 23 35
20 44 20 33 44
25 54 25 33 54
45 72 45 66 72
52 69 52 60 69
55 86 55 72 86
53 87 53 87
45 73 45 49 73
14 59 14 59
12 40 12 14 40
24 57 24 35 57
53 60 53 56 60
32 83 32 34 83
56 62 56 62
47 76 47 76
11 53 11 37 53
36 72 36 60 72
43 63 43 47 56 63
27 42 27 37 42
20 47 20 37 47
6 49 6 10 49
11 54 11 37 54
9 59 9 38 59
59 67 59 64 67
26 39 26 39
21 53 21 28 53
36 64 36 60 64
14 36 14 18 36
53 67 53 61 67
49 65 49 62 65
4 59 4 42 59
27 54 27 37 54
36 73 36 60 73
59 67 59 64 67
22 55 22 55
41 61 41 61
39 72 39 60 72
46 88 46 68 88
56 66 56 62 66
56 68 56 62 68
28 34 28 34
32 67 32 67
3 30 3 5 13 30
43 71 43 61 71
35 69 35 51 69
2 40 2 32 40
18 46 18 34 46
2 38 2 38
22 36 22 29 36
38 76 38 63 76
24 51 24 35 51
33 73 33 44 73
44 70 44 53 57 70
57 79 57 71 79
47 84 47 66 84
18 55 18 37 55
22 43 22 43
3 46 3 46
53 68 53 57 68
41 73 41 58 73
38 87 38 43 87
59 75 59 74 75
45 65 45 56 65
18 50 18 50
42 77 42 60 77
35 88 35 68 88
33 63 33 42 63
32 87 32 71 87
47 60 47 56 60
59 87 59 64 65 87
48 89 48 89
59 79 59 78 79
46 71 46 52 60 71
43 81 43 62 81
16 37 16 20 37
1 57 1 30 57
8 39 8 39
55 79 55 79
27 49 27 49
6 38 6 38
52 86 52 86
42 81 42 63 81
41 65 41 65
13 32 13 30 32
33 69 33 66 69
12 43 12 14 43
17 36 17 18 36
28 40 28 37 40
8 41 8 41
21 53 21 28 53
47 63 47 56 63
1 51 1 51
32 62 32 38 62
50 73 50 52 60 73
7 53 7 53
43 71 43 61 71
22 42 22 33 42
5 36 5 7 36
49 87 49 87
45 71 45 71
53 66 53 63 66
52 82 52 80 82
31 79 31 79
23 53 23 37 53
15 48 15 27 48
51 69 51 69
44 81 44 73 81
42 77 42 60 77
44 71 44 53 57 71
19 40 19 40
44 67 44 64 67
47 89 47 89
46 72 46 55 72
12 38 12 14 38
42 72 42 72
34 69 34 66 69
4 41 4 6 41
39 61 39 61
36 67 36 60 67
25 48 25 33 48
25 33 25 33
20 47 20 37 47
55 76 55 76
27 43 27 37 43
38 66 38 62 66
40 87 40 66 87
28 51 28 38 51
30 67 30 65 67
8 41 8 41
6 52 6 41 52
46 74 46 74
48 60 48 57 60
42 72 42 72
49 86 49 86
55 69 55 60 69
6 35 6 7 35
46 67 46 64 67
40 80 40 80
52 75 52 75
46 70 46 47 70
42 63 42 63
42 87 42 87
15 32 15 19 32
33 60 33 42 60
7 42 7 42
40 72 40 66 72
2 43 2 38 43
36 60 36 60
38 72 38 72
57 74 57 64 74
14 50 14 38 50
22 56 22 38 56
11 30 11 30
29 36 29 36
8 58 8 37 58
39 69 39 69
42 82 42 82
32 82 32 40 82
0 57 0 35 57
7 46 7 35 46
6 59 6 38 59
10 47 10 43 47
42 74 42 63 74
10 32 10 18 32
4 32 4 19 32
56 80 56 63 80
21 54 21 24 42 54
41 80 41 68 80
3 42 3 33 42
41 69 41 62 69
13 46 13 42 46
7 42 7 42
12 54 12 42 54
36 62 36 62
38 61 38 39 61
4 45 4 45
42 72 42 72
12 36 12 18 36
38 81 38 62 81
0 36 0 36
33 88 33 88
18 36 18 36
49 66 49 66
33 69 33 66 69
23 41 23 37 41
41 68 41 68
17 54 17 42 54
3 49 3 49
28 54 28 37 54
8 32 8 10 18 32
54 80 54 80
46 74 46 74
8 34 8 10 34
35 70 35 70
32 60 32 42 60
40 73 40 44 73
36 70 36 41 70
28 53 28 53
32 81 32 67 81
55 88 55 60 88
2 41 2 41
59 65 59 64 65
9 47 9 47
14 34 14 34
14 45 14 45
25 44 25 33 44
37 63 37 42 63
19 39 19 26 39
13 38 13 28 38
17 59 17 42 59
41 80 41 68 80
14 37 14 18 37
28 37 28 37
31 78 31 78
42 83 42 60 83
56 70 56 57 70
4 44 4 33 44
34 64 34 46 64
8 48 8 37 48
46 61 46 52 61
53 89 53 89
2 40 2 32 40
19 39 19 26 39
23 35 23 35
46 69 46 62 69
57 78 57 78
0 30 0 2 30
25 58 25 31 58
0 36 0 36
18 57 18 32 57
41 60 41 52 60
25 39 25 26 39
57 65 57 64 65
16 31 16 30 31
8 52 8 41 52
46 73 46 52 60 73
9 44 9 33 44
49 72 49 60 72
49 82 49 74 82
37 76 37 66 76
20 34 20 31 34
22 53 22 53
41 77 41 65 77
35 87 35 71 87
35 70 35 70
9 35 9 22 35
51 89 51 89
33 83 33 83
30 60 30 49 60
44 79 44 73 79
41 75 41 61 75
36 76 36 65 76
25 40 25 40
55 84 55 62 66 84
37 85 37 85
24 58 24 58
57 81 57 81
3 39 3 34 39
53 61 53 61
3 34 3 34
33 87 33 66 87
53 86 53 86
19 32 19 32
28 59 28 38 59
56 81 56 81
39 61 39 61
51 83 51 62 83
9 58 9 33 58
47 86 47 76 86
56 76 56 63 76
58 60 58 60
59 78 59 78
28 56 28 34 56
19 48 19 33 48
24 39 24 34 39
51 77 51 77
7 39 7 9 39
8 32 8 10 18 32
32 62 32 38 62
41 77 41 65 77
31 69 31 37 69
2 36 2 16 36
50 61 50 52 61
21 40 21 32 40
32 80 32 64 80
42 89 42 68 89
40 79 40 71 79
26 46 26 34 46
32 84 32 75 84
38 83 38 83
9 55 9 37 55
39 62 39 62
44 80 44 64 80
14 38 14 38
21 56 21 56
21 56 21 56
9 33 9 33
46 85 46 85
18 59 18 59
19 54 19 54
55 80 55 72 80
59 83 59 74 83
47 72 47 66 72
42 61 42 61
0 47 0 47
48 63 48 63
21 41 21 24 27 41
31 73 31 73
13 44 13 19 44
22 40 22 35 40
13 43 13 39 43
33 63 33 42 63
2 39 2 39
50 64 50 52 60 64
35 67 35 64 67
57 81 57 81
4 35 4 11 35
52 67 52 60 67
28 54 28 37 54
33 82 33 42 82
42 70 42 45 70
13 52 13 27 52
20 41 20 41
19 51 19 32 51
14 37 14 18 37
28 34 28 34
31 85 31 70 85
56 76 56 63 76
6 53 6 7 53
59 72 59 72
41 60 41 52 60
37 70 37 41 70
45 87 45 87
37 74 37 66 74
38 73 38 56 73
23 33 23 25 33
13 51 13 19 25 51
5 35 5 7 35
51 84 51 84
21 34 21 34
30 83 30 80 83
50 77 50 65 77
21 51 21 51
31 73 31 73
42 87 42 87
25 52 25 52
6 40 6 14 40
44 68 44 53 57 68
7 43 7 36 43
59 79 59 78 79
10 36 10 18 36
32 78 32 67 78
17 42 17 42
48 86 48 63 86
14 37 14 18 37
16 55 16 30 55
11 50 11 30 50
34 79 34 65 79
1 36 1 16 36
59 72 59 72
21 57 21 57
58 74 58 60 63 74
33 87 33 66 87
14 44 14 40 44
0 57 0 35 57
3 47 3 43 47
35 76 35 64 76
7 34 7 14 34
54 69 54 62 69
0 39 0 39
3 47 3 43 47
31 76 31 63 76
13 31 13 31
47 78 47 56 78
29 42 29 37 42
23 36 23 24 36
42 86 42 63 86
34 63 34 39 63
50 66 50 66
14 35 14 24 35
18 40 18 32 40
43 78 43 47 56 78
37 66 37 66
35 89 35 89
13 57 13 30 57
59 79 59 78 79
38 73 38 56 73
44 88 44 53 57 88
12 51 12 21 51
11 33 11 19 33
36 77 36 77
12 39 12 28 39
44 89 44 89
15 40 15 17 40
36 67 36 60 67
3 55 3 46 55
39 70 39 70
57 80 57 64 80
22 36 22 29 36
58 67 58 67
42 75 42 75
44 81 44 73 81
33 85 33 70 85
8 52 8 41 52
16 54 16 43 54
10 31 10 12 20 31
0 50 0 50
1 58 1 58
24 52 24 36 52
59 78 59 78
41 79 41 65 79
22 56 22 38 56
47 60 47 56 60
58 88 58 60 88
40 78 40 78
40 70 40 43 70
35 74 35 64 74
30 79 30 79
34 64 34 46 64
36 62 36 62
30 89 30 65 89
57 81 57 81
53 70 53 57 70
8 48 8 37 48
4 30 4 11 30
58 85 58 60 85
27 42 27 37 42
17 33 17 18 33
40 68 40 66 68
24 48 24 40 48
50 81 50 62 81
13 56 13 56
36 75 36 62 75
44 85 44 64 85
0 40 0 40
22 48 22 33 48
11 54 11 37 54
18 52 18 52
13 35 13 27 35
54 87 54 77 87
1 30 1 30
2 52 2 41 52
14 59 14 59
46 72 46 55 72
22 36 22 29 36
49 77 49 60 77
40 66 40 66
50 71 50 66 71
21 40 21 32 40
41 63 41 52 60 63
9 48 9 33 48
35 89 35 89
30 64 30 32 64
16 34 16 34
58 78 58 67 78
56 83 56 60 83
14 57 14 53 57
55 83 55 83
35 87 35 71 87
37 75 37 71 75
56 78 56 78
24 58 24 58
33 87 33 66 87
4 37 4 8 37
41 71 41 61 71
21 41 21 24 27 41
53 77 53 57 77
27 51 27 35 51
5 43 5 39 43
47 79 47 65 79
26 47 26 47
18 57 18 32 57
43 62 43 62
13 57 13 30 57
58 72 58 60 72
4 38 4 6 38
15 58 15 38 58
53 83 53 74 83
1 59 1 32 59
45 82 45 49 74 82
9 36 9 16 36
37 61 37 41 61
38 88 38 68 88
54 74 54 61 64 74
54 84 54 58 75 84
0 36 0 36
15 31 15 19 25 31
28 54 28 37 54
43 65 43 62 65
47 79 47 65 79
14 41 14 18 36 41
42 70 42 45 70
37 71 37 71
30 66 30 49 66
52 73 52 60 73
19 37 19 25 31 37
51 62 51 62
26 54 26 28 37 54
38 72 38 72
2 30 2 30
23 39 23 39
16 33 16 20 33
36 76 36 65 76
42 78 42 78
25 49 25 31 49
2 30 2 30
59 65 59 64 65
45 85 45 70 85
43 63 43 47 56 63
5 57 5 57
36 63 36 60 63
7 51 7 35 51
34 75 34 42 75
41 73 41 58 73
25 37 25 31 37
53 60 53 56 60
11 37 11 37
55 73 55 60 73
11 43 11 43
54 64 54 61 64
46 60 46 52 60
30 76 30 76
37 73 37 44 73
27 46 27 46
44 69 44 53 69
20 54 20 33 54
47 68 47 65 68
31 60 31 49 60
48 67 48 65 67
15 40 15 17 40
44 63 44 53 63
31 89 31 68 89
3 30 3 5 13 30
56 63 56 63
30 70 30 70
38 79 38 50 79
42 66 42 63 66
23 43 23 37 43
46 67 46 64 67
47 76 47 76
53 71 53 61 71
50 79 50 79
0 42 0 40 42
32 79 32 79
16 39 16 34 39
12 46 12 42 46
27 55 27 35 55
45 75 45 71 75
34 66 34 66
6 43 6 38 43
40 66 40 66
0 39 0 39
55 88 55 60 88
41 61 41 61
42 78 42 78
0 52 0 52
18 52 18 52
41 70 41 70
29 44 29 37 44
32 83 32 34 83
1 57 1 30 57
9 55 9 37 55
47 68 47 65 68
40 65 40 64 65
1 44 1 44
45 78 45 78
41 82 41 65 82
50 63 50 52 60 63
8 44 8 37 44
58 72 58 60 72
38 79 38 50 79
50 81 50 62 81
28 47 28 47
23 59 23 39 59
1 42 1 32 42
37 69 37 69
15 44 15 44
14 58 14 38 58
16 34 16 34
7 52 7 36 52
45 87 45 87
24 52 24 36 52
46 83 46 62 83
48 71 48 57 71
7 39 7 9 39
36 87 36 87
54 68 54 62 68
49 72 49 60 72
1 36 1 16 36
20 42 20 33 42
39 83 39 60 83
29 52 29 36 52
21 39 21 34 39
17 51 17 51
8 53 8 37 53
33 63 33 42 63
51 61 51 61
32 61 32 42 61
5 33 5 10 33
43 69 43 69
51 68 51 62 68
59 71 59 64 67 71
26 58 26 39 58
51 83 51 62 83
15 37 15 27 37
29 36 29 36
30 85 30 85
40 81 40 80 81
56 77 56 60 77
49 72 49 60 72
38 68 38 68
29 45 29 35 40 45
47 88 47 80 88
0 36 0 36
40 74 40 64 74
40 61 40 42 61
3 57 3 33 57
3 58 3 33 58
38 64 38 56 64
50 82 50 65 82
45 85 45 70 85
26 46 26 34 46
40 71 40 71
6 57 6 47 57
46 61 46 52 61
35 64 35 64
38 71 38 51 71
15 50 15 38 50
58 64 58 60 64
18 37 18 37
5 31 5 13 31
10 34 10 34
33 68 33 66 68
0 51 0 35 51
11 41 11 41
9 57 9 33 57
40 76 40 64 76
51 78 51 78
38 82 38 72 82
55 73 55 60 73
20 34 20 31 34
54 60 54 58 60
11 34 11 17 34
1 55 1 55
47 71 47 66 71
55 89 55 65 89
43 82 43 82
33 73 33 44 73
13 42 13 42
3 37 3 8 37
4 32 4 19 32
38 72 38 72
43 63 43 47 56 63
6 33 6 10 33
17 31 17 18 25 31
11 41 11 41
7 47 7 41 47
37 82 37 82
31 83 31 83
32 83 32 34 83
20 59 20 59
26 43 26 39 43
10 49 10 49
28 47 28 47
2 56 2 56
33 89 33 70 89
18 33 18 33
35 76 35 64 76
29 43 29 43
39 67 39 60 67
6 48 6 7 48
35 86 35 86
36 73 36 60 73
15 47 15 39 47
7 54 7 42 54
5 58 5 32 58
35 64 35 64
47 80 47 80
55 85 55 85
5 56 5 34 56
0 51 0 35 51
48 89 48 89
4 49 4 45 49
42 69 42 69
22 45 22 45
48 65 48 65
12 51 12 21 51
17 49 17 40 49
10 37 10 18 37
33 70 33 70
36 64 36 60 64
17 33 17 18 33
17 34 17 34
27 52 27 52
33 65 33 48 65
22 57 22 57
1 36 1 16 36
18 32 18 32
43 61 43 61
13 41 13 31 41
53 64 53 61 64
2 53 2 53
39 76 39 63 76
17 39 17 34 39
46 79 46 65 79
0 47 0 47
0 37 0 8 37
5 54 5 19 54
45 84 45 66 84
34 67 34 65 67
53 67 53 61 67
52 87 52 77 87
9 45 9 33 45
7 32 7 18 32
32 85 32 64 85
43 73 43 47 56 73
5 58 5 32 58
39 63 39 63
54 63 54 58 60 63
34 66 34 66
58 85 58 60 85
52 72 52 60 72
40 87 40 66 87
36 82 36 65 82
50 74 50 65 74
21 47 21 32 47
30 83 30 80 83
19 31 19 25 31
56 87 56 65 87
26 44 26 28 37 44
50 76 50 76
4 30 4 11 30
17 47 17 18 47
22 38 22 38
9 45 9 33 45
55 87 55 65 87
3 44 3 33 44
37 72 37 72
47 82 47 65 82
32 78 32 67 78
45 70 45 70
14 39 14 34 39
45 75 45 71 75
54 82 54 80 82
52 76 52 60 63 76
52 68 52 60 64 65 68
52 64 52 60 64
15 55 15 51 55
42 86 42 63 86
10 55 10 22 55
45 72 45 66 72
41 86 41 68 86
21 58 21 58
14 36 14 18 36
45 60 45 49 60
51 79 51 79
51 78 51 78
48 76 48 76
29 46 29 35 46
10 51 10 33 51
54 62 54 62
55 81 55 81
25 49 25 31 49
49 87 49 87
48 89 48 89
56 83 56 60 83
33 61 33 42 61
31 88 31 68 88
42 79 42 78 79
59 77 59 64 65 77
14 46 14 34 46
30 68 30 65 68
25 59 25 31 59
40 62 40 43 62
0 59 0 39 59
8 38 8 38
18 38 18 32 38
12 58 12 44 58
0 53 0 2 53
21 51 21 51
4 51 4 51
31 87 31 73 87
34 60 34 39 60
13 51 13 19 25 51
22 41 22 29 36 41
53 76 53 63 76
24 47 24 47
17 53 17 53
5 50 5 10 50
41 72 41 72
31 62 31 41 62
8 35 8 23 35
31 64 31 61 64
9 59 9 38 59
26 34 26 34
46 65 46 65
27 48 27 48
26 45 26 28 45
49 61 49 52 61
26 49 26 28 45 49
11 32 11 30 32
40 63 40 42 63
31 89 31 68 89
0 35 0 35
7 34 7 14 34
18 58 18 32 58
42 82 42 82
7 45 7 45
29 48 29 48
5 49 5 32 49
32 69 32 42 69
45 68 45 66 68
26 57 26 57
0 42 0 40 42
49 86 49 86
24 58 24 58
2 45 2 32 45
22 43 22 43
48 87 48 65 87
50 68 50 62 68
21 59 21 32 59
11 45 11 19 45
39 63 39 63
22 56 22 38 56
35 62 35 46 62
17 43 17 40 43
1 39 1 15 39
13 47 13 47
4 44 4 33 44
44 65 44 64 65
45 64 45 56 64
16 57 16 30 57
21 32 21 32
8 41 8 41
28 38 28 38
58 84 58 75 84
57 86 57 68 86
9 57 9 33 57
35 73 35 49 73
58 81 58 67 81
32 61 32 42 61
12 46 12 42 46
4 42 4 42
30 80 30 80
17 45 17 40 45
55 75 55 62 75
2 58 2 58
38 60 38 39 60
2 51 2 32 51
38 83 38 83
46 84 46 68 84
51 60 51 55 60
41 73 41 58 73
58 71 58 60 71
37 61 37 41 61
17 43 17 40 43
15 50 15 38 50
50 82 50 65 82
29 56 29 56
27 41 27 41
57 78 57 78
42 73 42 60 73
52 72 52 60 72
30 67 30 65 67
38 79 38 50 79
9 52 9 50 52
44 65 44 64 65
1 36 1 16 36
33 81 33 70 81
11 38 11 38
3 30 3 5 13 30
14 56 14 34 56
12 35 12 24 35
1 50 1 50
23 57 23 35 57
26 57 26 57
30 73 30 31 73
47 81 47 81
23 47 23 37 47
29 46 29 35 46
28 53 28 53
10 45 10 33 45
31 84 31 68 84
16 54 16 43 54
2 53 2 53
16 54 16 43 54
18 44 18 33 44
38 65 38 62 65
41 72 41 72
42 83 42 60 83
3 58 3 33 58
39 88 39 60 88
34 86 34 86
30 70 30 70
43 84 43 68 84
0 55 0 35 55
49 64 49 60 64
40 89 40 80 89
38 64 38 56 64
35 86 35 86
39 81 39 62 81
4 45 4 45
17 53 17 53
57 63 57 60 63
7 32 7 18 32
32 63 32 38 63
26 51 26 41 51
48 83 48 62 83
13 37 13 31 37
54 81 54 62 81
36 75 36 62 75
26 34 26 34
3 32 3 5 32
53 65 53 56 65
0 39 0 39
36 82 36 65 82
26 54 26 28 37 54
7 55 7 35 55
38 62 38 62
36 72 36 60 72
32 66 32 34 66
46 82 46 82
23 57 23 35 57
4 36 4 11 36
39 64 39 60 64
11 44 11 37 44
20 31 20 31
55 75 55 62 75
26 41 26 41
35 86 35 86
53 63 53 63
4 30 4 11 30
2 46 2 35 46
45 65 45 56 65
55 62 55 62
15 33 15 19 33
52 61 52 61
21 55 21 55
38 76 38 63 76
47 72 47 66 72
52 73 52 60 73
59 74 59 74
24 45 24 40 45
30 87 30 87
43 70 43 70
13 37 13 31 37
16 33 16 20 33
54 64 54 61 64
53 84 53 56 84
56 70 56 57 70
19 51 19 32 51
45 71 45 71
18 44 18 33 44
5 39 5 39
16 42 16 34 42
6 39 6 34 39
54 80 54 80
56 81 56 81
59 68 59 64 65 68
20 47 20 37 47
30 87 30 87
46 78 46 78
15 35 15 22 35
14 34 14 34
26 46 26 34 46
53 89 53 89
28 37 28 37
27 35 27 35
51 60 51 55 60
49 84 49 84
39 76 39 63 76
13 47 13 47
17 55 17 55
23 38 23 25 28 38
22 43 22 43
49 89 49 67 89
4 35 4 11 35
54 65 54 62 65
30 64 30 32 64
48 66 48 62 66
13 40 13 19 40
48 88 48 88
19 40 19 40
38 79 38 50 79
15 40 15 17 40
33 80 33 42 80
9 38 9 38
19 57 19 32 57
44 82 44 72 82
58 67 58 67
50 62 50 62
0 56 0 56
42 78 42 78
2 33 2 4 33
3 39 3 34 39
31 79 31 79
57 81 57 81
15 32 15 19 32
38 70 38 39 70
57 83 57 60 83
2 46 2 35 46
10 44 10 33 44
33 79 33 51 79
26 39 26 39
23 43 23 37 43
40 74 40 64 74
22 43 22 43
41 87 41 65 87
56 87 56 65 87
24 42 24 42
2 42 2 32 42
19 56 19 45 56
43 63 43 47 56 63
32 85 32 64 85
8 47 8 47
46 78 46 78
0 32 0 2 32
41 83 41 62 83
40 86 40 71 86
16 53 16 28 53
1 50 1 50
13 58 13 30 58
44 88 44 53 57 88
56 87 56 65 87
20 50 20 49 50
43 74 43 68 74
11 30 11 30
48 64 48 57 64
49 84 49 84
33 85 33 70 85
38 77 38 75 77
58 68 58 60 64 65 68
33 77 33 66 77
11 59 11 38 59
10 50 10 50
8 46 8 41 46
37 70 37 41 70
22 57 22 57
23 44 23 37 44
26 37 26 28 37
42 68 42 68
40 88 40 71 88
57 88 57 88
22 59 22 38 59
26 45 26 28 45
57 75 57 75
3 38 3 8 38
38 80 38 63 80
5 46 5 34 46
44 79 44 73 79
6 42 6 34 42
19 58 19 58
41 86 41 68 86
19 42 19 42
38 66 38 62 66
35 67 35 64 67
45 76 45 66 76
40 76 40 64 76
7 56 7 45 56
10 53 10 53
2 39 2 39
27 59 27 39 59
31 79 31 79
21 47 21 32 47
35 85 35 64 85
15 44 15 44
14 33 14 18 33
4 41 4 6 41
3 33 3 33
22 35 22 35
48 69 48 62 69
21 55 21 55
2 31 2 30 31
58 87 58 73 87
26 39 26 39
1 50 1 50
51 68 51 62 68
19 50 19 26 47 50
36 69 36 60 69
31 73 31 73
29 42 29 37 42
13 48 13 26 48
38 80 38 63 80
59 85 59 85
24 56 24 34 56
12 50 12 50
13 50 13 30 50
14 32 14 18 32
4 51 4 51
23 33 23 25 33
28 44 28 37 44
21 34 21 34
40 73 40 44 73
41 72 41 72
18 31 18 25 31
8 36 8 24 36
25 44 25 33 44
49 85 49 60 85
59 86 59 72 86
18 41 18 36 41
6 57 6 47 57
0 46 0 35 46
49 70 49 50 70
50 75 50 62 75
4 38 4 6 38
59 87 59 64 65 87
10 54 10 33 54
8 45 8 15 45
45 66 45 66
16 44 16 40 44
50 80 50 80
21 52 21 28 52
34 71 34 66 71
2 31 2 30 31
1 31 1 30 31
10 46 10 34 46
7 33 7 9 33
49 70 49 50 70
20 43 20 43
6 45 6 7 45
7 41 7 41
57 82 57 76 82
14 51 14 38 51
14 53 14 53
59 67 59 64 67
16 49 16 30 49
26 49 26 28 45 49
58 68 58 60 64 65 68
14 31 14 18 25 31
26 41 26 41
22 40 22 35 40
43 61 43 61
32 64 32 64
55 74 55 65 74
23 48 23 37 48
35 79 35 71 79
47 65 47 65
31 74 31 63 74
57 67 57 60 67
28 55 28 37 55
4 54 4 54
45 87 45 87
55 83 55 83
31 82 31 82
8 38 8 38
56 64 56 64
47 89 47 89
45 87 45 87
0 53 0 2 53
56 79 56 79
24 43 24 43
12 33 12 18 33
10 52 10 49 52
5 59 5 32 59
43 88 43 68 88
54 89 54 67 89
22 54 22 33 54
50 88 50 80 88
12 44 12 44
1 33 1 18 33
29 52 29 36 52
23 34 23 24 34
31 83 31 83
16 44 16 40 44
10 36 10 18 36
12 52 12 50 52
2 37 2 27 37
23 52 23 52
36 69 36 60 69
37 88 37 69 88
17 31 17 18 25 31
41 77 41 65 77
50 66 50 66
25 56 25 53 56
9 43 9 33 43
50 62 50 62
36 60 36 60
0 41 0 41
28 44 28 37 44
12 55 12 21 55
24 49 24 35 49
0 43 0 43
26 52 26 41 52
4 48 4 33 48
11 49 11 30 49
3 53 3 45 53
43 72 43 47 50 72
24 52 24 36 52
27 57 27 35 57
4 41 4 6 41
42 66 42 63 66
47 83 47 74 83
19 37 19 25 31 37
45 67 45 66 67
8 50 8 38 50
48 66 48 62 66
43 81 43 62 81
22 46 22 46
6 31 6 13 31
8 46 8 41 46
22 35 22 35
12 34 12 14 34
38 77 38 75 77
30 63 30 31 63
19 34 19 32 34
46 86 46 68 86
33 78 33 42 78
50 69 50 62 69
1 57 1 30 57
55 71 55 60 71
26 47 26 47
43 81 43 62 81
15 43 15 43
5 55 5 19 55
18 57 18 32 57
32 67 32 67
29 56 29 56
48 61 48 50 52 61
48 87 48 65 87
4 46 4 34 46
54 65 54 62 65
15 59 15 59
12 53 12 42 53
7 40 7 35 40
50 79 50 79
39 82 39 82
52 76 52 60 63 76
19 53 19 42 53
12 34 12 14 34
3 38 3 8 38
1 30 1 30
54 82 54 80 82
49 89 49 67 89
11 53 11 37 53
49 62 49 62
33 77 33 66 77
18 51 18 32 51
19 59 19 32 59
36 71 36 60 71
42 80 42 80
23 59 23 39 59
7 40 7 35 40
31 80 31 63 80
58 76 58 76
39 69 39 69
32 75 32 75
44 72 44 72
46 76 46 64 76
43 62 43 62
17 53 17 53
44 62 44 53 56 62
13 52 13 27 52
6 46 6 34 46
32 85 32 64 85
1 46 1 19 46
15 36 15 29 36
35 78 35 72 78
22 42 22 33 42
33 86 33 44 86
45 80 45 78 80
0 52 0 52
23 37 23 37
44 86 44 86
58 67 58 67
31 77 31 77
16 43 16 43
52 74 52 60 63 74
29 58 29 35 58
49 72 49 60 72
7 39 7 9 39
10 48 10 48
52 61 52 61
58 72 58 60 72
59 72 59 72
13 30 13 30
51 67 51 61 67
21 37 21 28 37
44 63 44 53 63
10 58 10 33 58
41 69 41 62 69
35 76 35 64 76
49 83 49 60 83
47 69 47 66 69
55 86 55 72 86
3 54 3 54
6 32 6 13 30 32
49 74 49 74
15 46 15 41 46
54 68 54 62 68
18 50 18 50
13 32 13 30 32
23 39 23 39
18 36 18 36
36 81 36 81
41 77 41 65 77
34 89 34 65 89
14 31 14 18 25 31
52 78 52 60 67 78
30 64 30 32 64
41 72 41 72
56 64 56 64
4 45 4 45
7 59 7 41 59
43 65 43 62 65
33 79 33 51 79
46 60 46 52 60
12 35 12 24 35
36 85 36 60 85
12 41 12 20 41
45 62 45 49 62
33 67 33 66 67
21 55 21 55
52 72 52 60 72
53 63 53 63
55 86 55 72 86
12 50 12 50
41 65 41 65
12 43 12 14 43
41 74 41 74
18 37 18 37
0 59 0 39 59
2 56 2 56
39 66 39 62 66
36 85 36 60 85
19 39 19 26 39
26 56 26 34 56
32 65 32 64 65
12 38 12 14 38
55 79 55 79
51 89 51 89
40 76 40 64 76
7 38 7 9 38
38 77 38 75 77
50 70 50 70
2 40 2 32 40
20 53 20 37 53
39 67 39 60 67
6 44 6 10 33 44
51 75 51 75
12 42 12 42
17 58 17 19 58
0 55 0 35 55
59 86 59 72 86
48 64 48 57 64
45 84 45 66 84
54 68 54 62 68
11 43 11 43
40 80 40 80
27 43 27 37 43
28 46 28 34 46
50 73 50 52 60 73
24 35 24 35
5 30 5 13 30
29 41 29 36 41
9 57 9 33 57
9 58 9 33 58
59 80 59 64 80
52 83 52 60 83
1 55 1 55
29 43 29 43
57 64 57 64
25 53 25 53
20 54 20 33 54
35 81 35 70 81
50 64 50 52 60 64
33 71 33 66 71
15 39 15 39
48 83 48 62 83
12 54 12 42 54
22 51 22 33 51
48 73 48 57 60 73
2 43 2 38 43
13 32 13 30 32
0 48 0 40 48
10 34 10 34
33 88 33 88
2 34 2 32 34
11 38 11 38
2 40 2 32 40
2 48 2 27 48
55 81 55 81
28 52 28 52
57 68 57 68
31 82 31 82
22 59 22 38 59
17 54 17 42 54
44 63 44 53 63
20 55 20 37 55
15 59 15 59
40 85 40 64 85
49 79 49 79
6 35 6 7 35
45 83 45 49 50 83
28 46 28 34 46
39 75 39 61 75
57 74 57 64 74
23 31 23 25 31
20 51 20 33 51
54 71 54 61 71
22 39 22 38 39
46 89 46 65 89
15 33 15 19 33
47 76 47 76
1 36 1 16 36
49 81 49 62 81
4 45 4 45
12 36 12 18 36
48 70 48 70
10 57 10 33 57
38 73 38 56 73
42 83 42 60 83
35 75 35 75
52 83 52 60 83
34 68 34 65 68
29 35 29 35
13 32 13 30 32
46 88 46 68 88
55 78 55 72 78
56 70 56 57 70
7 41 7 41
55 68 55 62 68
30 60 30 49 60
6 44 6 10 33 44
35 66 35 40 66
42 73 42 60 73
27 42 27 37 42
40 72 40 66 72
31 83 31 83
44 76 44 76
22 46 22 46
58 73 58 73
3 42 3 33 42
50 76 50 76
30 64 30 32 64
55 82 55 65 82
24 43 24 43
3 36 3 36
33 86 33 44 86
48 80 48 63 80
1 38 1 32 38
53 70 53 57 70
30 71 30 32 71
6 34 6 34
21 42 21 32 42
8 32 8 10 18 32
54 82 54 80 82
26 58 26 39 58
1 49 1 30 49
5 47 5 32 47
57 72 57 60 72
16 57 16 30 57
0 34 0 3 34
41 67 41 61 67
33 68 33 66 68
16 32 16 30 32
17 45 17 40 45
46 89 46 65 89
18 54 18 54
37 83 37 40 83
3 30 3 5 13 30
15 52 15 52
45 73 45 49 73
32 80 32 64 80
58 75 58 75
36 67 36 60 67
15 35 15 22 35
23 58 23 35 58
10 34 10 34
7 39 7 9 39
56 87 56 65 87
6 41 6 41
2 53 2 53
49 82 49 74 82
45 62 45 49 62
47 64 47 56 64
49 79 49 79
54 66 54 62 66
27 37 27 37
25 53 25 53
53 84 53 56 84
1 31 1 30 31
13 39 13 39
56 84 56 84
25 46 25 31 34 46
44 87 44 73 87
3 33 3 33
6 51 6 51
47 61 47 56 61
7 38 7 9 38
36 80 36 80
23 36 23 24 36
41 72 41 72
44 81 44 73 81
46 68 46 68
44 60 44 58 60
0 48 0 40 48
55 81 55 81
3 40 3 40
29 52 29 36 52
2 50 2 50
58 77 58 77
33 75 33 42 75
53 70 53 57 70
16 39 16 34 39
38 82 38 72 82
40 71 40 71
29 36 29 36
8 37 8 37
43 62 43 62
45 82 45 49 74 82
41 67 41 61 67
47 87 47 65 87
35 84 35 68 84
46 61 46 52 61
13 39 13 39
34 88 34 39 59 88
35 60 35 49 60
35 64 35 64
53 70 53 57 70
31 71 31 61 71
27 37 27 37
50 68 50 62 68
51 81 51 62 81
1 44 1 44
2 46 2 35 46
2 49 2 49
36 63 36 60 63
30 61 30 31 61
20 44 20 33 44
7 52 7 36 52
5 51 5 32 51
47 63 47 56 63
48 80 48 63 80
29 52 29 36 52
10 46 10 34 46
48 85 48 65 85
16 52 16 52
2 31 2 30 31
52 77 52 77
47 62 47 50 62
49 87 49 87
8 48 8 37 48
49 89 49 67 89
12 50 12 50
7 37 7 9 37
12 51 12 21 51
42 79 42 78 79
16 30 16 30
8 42 8 37 42
59 64 59 64
57 84 57 84
48 83 48 62 83
9 34 9 16 34
32 76 32 64 76
57 65 57 64 65
41 89 41 65 89
11 33 11 19 33
23 33 23 25 33
20 34 20 31 34
12 41 12 20 41
3 38 3 8 38
32 75 32 75
12 35 12 24 35
29 51 29 35 51
45 71 45 71
40 83 40 83
59 83 59 74 83
56 69 56 60 69
18 44 18 33 44
41 87 41 65 87
51 65 51 65
51 69 51 69
9 30 9 13 30
27 53 27 37 53
58 76 58 76
33 83 33 83
9 43 9 33 43
20 44 20 33 44
38 63 38 63
5 31 5 13 31
35 70 35 70
58 78 58 67 78
53 70 53 57 70
1 59 1 32 59
12 55 12 21 55
8 53 8 37 53
37 75 37 71 75
42 83 42 60 83
13 31 13 31
26 55 26 55
5 37 5 29 37
52 77 52 77
31 89 31 68 89
17 31 17 18 25 31
58 88 58 60 88
47 89 47 89
47 69 47 66 69
15 31 15 19 25 31
25 33 25 33
3 30 3 5 13 30
6 46 6 34 46
49 66 49 66
3 50 3 49 50
5 39 5 39
42 76 42 63 76
37 60 37 42 60
54 80 54 80
3 52 3 52
11 55 11 30 55
31 81 31 63 81
38 60 38 39 60
17 39 17 34 39
43 63 43 47 56 63
52 60 52 60
38 84 38 68 84
21 50 21 24 47 50
43 75 43 61 75
8 31 8 12 20 31
58 84 58 75 84
59 82 59 72 82
23 50 23 24 47 50
56 86 56 63 86
36 74 36 65 74
59 77 59 64 65 77
46 62 46 62
5 54 5 19 54
44 77 44 73 77
16 54 16 43 54
16 38 16 28 38
20 55 20 37 55
42 82 42 82
34 70 34 39 70
1 45 1 32 45
13 50 13 30 50
40 85 40 64 85
3 58 3 33 58
36 89 36 89
23 52 23 52
23 43 23 37 43
29 47 29 37 47
55 80 55 72 80
32 72 32 38 72
14 51 14 38 51
0 55 0 35 55
45 64 45 56 64
28 57 28 57
58 88 58 60 88
0 31 0 13 31
3 43 3 43
55 67 55 60 67
45 80 45 78 80
54 60 54 58 60
31 69 31 37 69
18 40 18 32 40
6 50 6 50
30 71 30 32 71
39 60 39 60
13 30 13 30
20 31 20 31
21 34 21 34
21 43 21 24 43
17 57 17 53 57
28 43 28 37 43
34 76 34 65 76
40 84 40 66 84
59 80 59 64 80
30 86 30 69 86
11 53 11 37 53
2 52 2 41 52
27 59 27 39 59
16 30 16 30
46 66 46 62 66
42 62 42 46 62
34 72 34 66 72
9 31 9 13 31
20 49 20 49
57 82 57 76 82
18 46 18 34 46
31 71 31 61 71
50 72 50 72
22 38 22 38
25 40 25 40
21 35 21 24 35
19 44 19 44
58 86 58 69 86
48 65 48 65
18 36 18 36
24 40 24 40
37 84 37 84
4 49 4 45 49
18 53 18 53
51 82 51 82
0 35 0 35
34 89 34 65 89
57 81 57 81
28 50 28 38 50
24 54 24 42 54
55 87 55 65 87
40 61 40 42 61
49 69 49 60 69
55 88 55 60 88
53 89 53 89
47 78 47 56 78
3 53 3 45 53
41 85 41 85
15 45 15 45
22 48 22 33 48
21 48 21 28 48
9 41 9 37 41
45 64 45 56 64
20 40 20 40
44 64 44 64
58 66 58 60 63 66
3 42 3 33 42
26 58 26 39 58
44 61 44 53 61
47 84 47 66 84
9 52 9 50 52
47 83 47 74 83
33 76 33 66 76
49 71 49 60 71
5 31 5 13 31
43 73 43 47 56 73
56 74 56 63 74
43 84 43 68 84
11 34 11 17 34
40 67 40 64 67
0 31 0 13 31
59 72 59 72
44 70 44 53 57 70
24 35 24 35
32 61 32 42 61
17 52 17 18 52
37 70 37 41 70
17 38 17 18 32 38
17 32 17 18 32
11 33 11 19 33
25 51 25 51
9 43 9 33 43
41 86 41 68 86
35 72 35 72
43 62 43 62
43 66 43 62 66
24 35 24 35
43 79 43 54 79
36 62 36 62
41 79 41 65 79
5 33 5 10 33
44 65 44 64 65
31 86 31 63 86
40 64 40 64
24 59 24 42 59
35 75 35 75
3 43 3 43
34 63 34 39 63
32 83 32 34 83
0 43 0 43
58 85 58 60 85
51 69 51 69
16 44 16 40 44
30 61 30 31 61
41 71 41 61 71
52 65 52 60 64 65
16 39 16 34 39
39 89 39 89
17 55 17 55
43 68 43 68
54 75 54 61 75
31 79 31 79
50 85 50 65 85
54 78 54 67 78
44 73 44 73
47 78 47 56 78
2 47 2 32 47
1 56 1 30 56
43 78 43 47 56 78
32 89 32 89
56 67 56 60 67
51 73 51 55 60 73
2 46 2 35 46
29 52 29 36 52
8 46 8 41 46
1 33 1 18 33
26 55 26 55
26 38 26 28 38
8 34 8 10 34
42 76 42 63 76
43 68 43 68
26 49 26 28 45 49
7 46 7 35 46
1 40 1 32 40
32 82 32 40 82
2 34 2 32 34
22 38 22 38
57 73 57 60 73
43 60 43 47 56 60
40 82 40 82
38 64 38 56 64
58 89 58 67 89
49 62 49 62
53 83 53 74 83
30 70 30 70
25 54 25 33 54
3 52 3 52
2 46 2 35 46
5 31 5 13 31
8 59 8 38 59
7 53 7 53
30 88 30 69 88
0 48 0 40 48
48 68 48 62 68
29 58 29 35 58
48 74 48 74
41 81 41 81
2 31 2 30 31
49 71 49 60 71
50 79 50 79
11 39 11 38 39
9 39 9 39
7 49 7 35 49
30 73 30 31 73
10 42 10 33 42
29 53 29 37 53
3 52 3 52
21 54 21 24 42 54
1 44 1 44
31 70 31 70
1 31 1 30 31
17 53 17 53
11 50 11 30 50
56 71 56 60 71
57 73 57 60 73
8 50 8 38 50
36 88 36 60 88
51 80 51 80
44 89 44 89
49 64 49 60 64
47 71 47 66 71
3 51 3 33 51
59 89 59 72 89
36 84 36 51 84
32 60 32 42 60
44 68 44 53 57 68
35 61 35 51 61
54 67 54 67
14 54 14 54
14 44 14 40 44
15 31 15 19 25 31
10 37 10 18 37
56 66 56 62 66
54 84 54 58 75 84
0 33 0 3 33
18 47 18 47
36 70 36 41 70
35 86 35 86
44 74 44 74
16 55 16 30 55
19 46 19 46
53 77 53 57 77
40 83 40 83
18 55 18 37 55
46 75 46 75
42 71 42 60 71
50 73 50 52 60 73
13 40 13 19 40
5 35 5 7 35
33 69 33 66 69
5 53 5 7 53
50 61 50 52 61
14 34 14 34
31 74 31 63 74
39 86 39 63 86
55 84 55 62 66 84
24 44 24 40 44
30 79 30 79
44 67 44 64 67
17 42 17 42
5 39 5 39
22 39 22 38 39
51 75 51 75
24 44 24 40 44
47 88 47 80 88
1 51 1 51
17 47 17 18 47
35 65 35 64 65
39 66 39 62 66
5 35 5 7 35
48 73 48 57 60 73
4 54 4 54
16 44 16 40 44
2 45 2 32 45
37 74 37 66 74
49 71 49 60 71
56 60 56 60
13 38 13 28 38
46 76 46 64 76
14 33 14 18 33
39 66 39 62 66
34 71 34 66 71
14 43 14 43
43 86 43 68 86
43 81 43 62 81
21 42 21 32 42
4 56 4 56
36 63 36 60 63
21 53 21 28 53
6 46 6 34 46
43 60 43 47 56 60
47 70 47 70
15 43 15 43
57 81 57 81
1 56 1 30 56
35 73 35 49 73
7 56 7 45 56
57 60 57 60
25 33 25 33
21 55 21 55
51 80 51 80
11 51 11 35 51
4 42 4 42
55 88 55 60 88
29 48 29 48
51 63 51 55 60 63
21 37 21 28 37
45 75 45 71 75
26 47 26 47
2 51 2 32 51
16 33 16 20 33
58 64 58 60 64
34 68 34 65 68
38 81 38 62 81
30 77 30 65 77
11 53 11 37 53
45 62 45 49 62
5 44 5 19 44
46 77 46 65 77
9 30 9 13 30
10 50 10 50
50 75 50 62 75
26 42 26 34 42
32 69 32 42 69
31 67 31 61 67
39 80 39 80
1 41 1 15 41
23 45 23 24 40 45
51 76 51 65 76
0 43 0 43
11 43 11 43
33 61 33 42 61
20 45 20 33 45
48 80 48 63 80
35 67 35 64 67
0 31 0 13 31
10 57 10 33 57
6 45 6 7 45
58 74 58 60 63 74
34 81 34 81
1 33 1 18 33
6 37 6 8 37
56 80 56 63 80
46 68 46 68
39 67 39 60 67
6 58 6 38 58
35 72 35 72
23 42 23 37 42
18 32 18 32
24 48 24 40 48
12 41 12 20 41
40 63 40 42 63
8 49 8 10 49
27 43 27 37 43
51 62 51 62
21 37 21 28 37
13 31 13 31
20 46 20 41 46
11 35 11 35
0 44 0 40 44
9 33 9 33
26 39 26 39
53 84 53 56 84
12 46 12 42 46
7 57 7 35 57
21 42 21 32 42
52 78 52 60 67 78
54 62 54 62
5 41 5 7 41
14 48 14 40 48
17 44 17 40 44
51 89 51 89
19 47 19 32 47
54 69 54 62 69
9 33 9 33
46 89 46 65 89
58 77 58 77
41 89 41 65 89
52 88 52 88
33 74 33 66 74
57 66 57 66
55 68 55 62 68
43 74 43 68 74
16 44 16 40 44
44 83 44 83
36 72 36 60 72
57 88 57 88
28 55 28 37 55
11 44 11 37 44
32 79 32 79
48 78 48 78
45 87 45 87
30 85 30 85
14 35 14 24 35
42 73 42 60 73
25 49 25 31 49
45 85 45 70 85
47 63 47 56 63
32 70 32 45 70
13 42 13 42
15 47 15 39 47
56 77 56 60 77
50 74 50 65 74
29 44 29 37 44
19 33 19 33
54 79 54 79
8 48 8 37 48
20 48 20 33 48
8 58 8 37 58
3 48 3 33 48
35 89 35 89
8 56 8 37 56
58 71 58 60 71
59 84 59 78 84
50 89 50 89
37 82 37 82
35 66 35 40 66
17 57 17 53 57
21 34 21 34
48 69 48 62 69
49 69 49 60 69
45 78 45 78
5 36 5 7 36
53 79 53 79
4 38 4 6 38
9 59 9 38 59
58 66 58 60 63 66
15 39 15 39
26 58 26 39 58
51 82 51 82
3 40 3 40
11 37 11 37
30 79 30 79
13 38 13 28 38
54 87 54 77 87
35 67 35 64 67
56 76 56 63 76
57 70 57 70
56 77 56 60 77
58 79 58 73 79
3 43 3 43
47 87 47 65 87
19 47 19 32 47
54 66 54 62 66
3 36 3 36
1 48 1 29 48
46 79 46 65 79
1 30 1 30
43 85 43 70 85
50 67 50 65 67
12 50 12 50
36 82 36 65 82
49 67 49 67
16 52 16 52
8 44 8 37 44
38 62 38 62
11 44 11 37 44
46 76 46 64 76
8 31 8 12 20 31
8 42 8 37 42
15 42 15 17 42
46 61 46 52 61
12 43 12 14 43
52 84 52 75 84
17 53 17 53
31 71 31 61 71
10 54 10 33 54
27 57 27 35 57
59 64 59 64
21 59 21 32 59
13 50 13 30 50
54 78 54 67 78
48 77 48 65 77
4 38 4 6 38
7 32 7 18 32
12 51 12 21 51
20 56 20 37 56
3 53 3 45 53
7 53 7 53
34 68 34 65 68
38 78 38 72 78
54 61 54 61
31 71 31 61 71
16 57 16 30 57
23 34 23 24 34
57 64 57 64
39 88 39 60 88
54 84 54 58 75 84
42 66 42 63 66
27 46 27 46
15 36 15 29 36
55 62 55 62
2 51 2 32 51
26 59 26 39 59
17 56 17 34 56
50 69 50 62 69
50 78 50 72 78
34 72 34 66 72
45 89 45 89
32 77 32 67 77
43 70 43 70
31 89 31 68 89
0 56 0 56
49 67 49 67
42 68 42 68
0 31 0 13 31
23 46 23 35 46
4 34 4 34
16 39 16 34 39
48 69 48 62 69
48 74 48 74
30 77 30 65 77
48 78 48 78
27 50 27 47 50
23 34 23 24 34
40 78 40 78
2 52 2 41 52
2 37 2 27 37
55 71 55 60 71
17 35 17 27 35
45 73 45 49 73
43 67 43 61 67
46 65 46 65
35 89 35 89
22 47 22 43 47
20 33 20 33
51 76 51 65 76
52 73 52 60 73
46 73 46 52 60 73
33 75 33 42 75
51 60 51 55 60
34 61 34 39 61
6 43 6 38 43
58 81 58 67 81
3 36 3 36
20 43 20 43
24 51 24 35 51
0 55 0 35 55
44 66 44 53 57 66
32 65 32 64 65
45 77 45 66 77
11 56 11 56
50 60 50 52 60
40 71 40 71
55 81 55 81
28 38 28 38
23 50 23 24 47 50
38 60 38 39 60
31 88 31 68 88
25 49 25 31 49
52 86 52 86
8 36 8 24 36
33 66 33 66
51 62 51 62
57 77 57 77
35 78 35 72 78
31 83 31 83
46 84 46 68 84
32 63 32 38 63
52 89 52 80 89
50 76 50 76
57 71 57 71
16 43 16 43
32 87 32 71 87
44 61 44 53 61
19 57 19 32 57
4 31 4 11 30 31
47 84 47 66 84
58 84 58 75 84
17 45 17 40 45
15 54 15 43 54
11 33 11 19 33
13 52 13 27 52
8 37 8 37
30 61 30 31 61
8 59 8 38 59
42 74 42 63 74
13 39 13 39
37 72 37 72
0 48 0 40 48
25 47 25 43 47
24 41 24 36 41
7 48 7 48
34 77 34 77
48 87 48 65 87
14 46 14 34 46
51 67 51 61 67
31 60 31 49 60
17 43 17 40 43
25 43 25 43
7 31 7 13 31
43 84 43 68 84
18 43 18 33 43
28 43 28 37 43
12 49 12 18 49
59 84 59 78 84
52 89 52 80 89
31 71 31 61 71
24 55 24 55
53 66 53 63 66
55 76 55 76
1 54 1 14 54
19 52 19 45 52
48 85 48 65 85
30 69 30 69
19 43 19 33 43
1 54 1 14 54
48 89 48 89
38 78 38 72 78
33 82 33 42 82
15 34 15 17 34
38 74 38 63 74
32 75 32 75
47 71 47 66 71
43 77 43 54 77
32 66 32 34 66
5 39 5 39
24 44 24 40 44
17 44 17 40 44
18 34 18 34
49 75 49 75
57 60 57 60
39 74 39 74
10 55 10 22 55
30 80 30 80
53 69 53 69
2 46 2 35 46
5 40 5 32 40
3 56 3 34 56
21 57 21 57
45 71 45 71
26 39 26 39
9 31 9 13 31
51 81 51 62 81
41 78 41 78
54 78 54 67 78
52 85 52 60 85
34 83 34 83
30 68 30 65 68
14 36 14 18 36
53 80 53 63 80
59 83 59 74 83
12 32 12 18 32
3 41 3 36 41
17 34 17 34
56 78 56 78
10 33 10 33
48 73 48 57 60 73
57 75 57 75
52 73 52 60 73
57 82 57 76 82
44 88 44 53 57 88
45 76 45 66 76
12 40 12 14 40
22 56 22 38 56
29 49 29 35 49
14 41 14 18 36 41
5 59 5 32 59
40 67 40 64 67
59 85 59 85
19 52 19 45 52
7 40 7 35 40
15 46 15 41 46
38 77 38 75 77
22 35 22 35
0 39 0 39
37 79 37 71 79
50 88 50 80 88
8 45 8 15 45
25 48 25 33 48
36 73 36 60 73
9 49 9 40 49
52 81 52 80 81
37 80 37 72 80
43 77 43 54 77
19 46 19 46
15 37 15 27 37
47 63 47 56 63
9 51 9 33 51
8 31 8 12 20 31
54 84 54 58 75 84
11 57 11 30 57
10 48 10 48
43 86 43 68 86
54 68 54 62 68
49 63 49 60 63
40 85 40 64 85
53 72 53 56 59 72
25 58 25 31 58
17 37 17 18 37
45 83 45 49 50 83
37 82 37 82
22 51 22 33 51
3 46 3 46
30 83 30 80 83
28 59 28 38 59
10 36 10 18 36
12 54 12 42 54
12 55 12 21 55
33 89 33 70 89
54 73 54 58 73
46 74 46 74
52 66 52 60 63 66
36 67 36 60 67
30 67 30 65 67
38 82 38 72 82
6 50 6 50
18 40 18 32 40
49 79 49 79
51 79 51 79
56 72 56 60 72
37 76 37 66 76
41 70 41 70
18 49 18 49
41 60 41 52 60
41 68 41 68
40 82 40 82
59 78 59 78
48 76 48 76
10 38 10 15 38
8 36 8 24 36
40 80 40 80
51 81 51 62 81
18 48 18 33 48
3 34 3 34
8 35 8 23 35
52 77 52 77
31 68 31 68
37 78 37 72 78
0 59 0 39 59
25 59 25 31 59
20 43 20 43
13 56 13 56
21 36 21 24 36
26 53 26 28 53
54 60 54 58 60
38 67 38 58 67
31 87 31 73 87
15 59 15 59
54 73 54 58 73
14 40 14 40
18 41 18 36 41
48 61 48 50 52 61
59 76 59 64 76
52 76 52 60 63 76
49 89 49 67 89
31 79 31 79
33 75 33 42 75
14 48 14 40 48
20 54 20 33 54
53 64 53 61 64
52 73 52 60 73
38 65 38 62 65
35 61 35 51 61
18 33 18 33
46 75 46 75
17 47 17 18 47
19 50 19 26 47 50
3 30 3 5 13 30
58 69 58 69
58 68 58 60 64 65 68
22 40 22 35 40
12 51 12 21 51
7 48 7 48
46 71 46 52 60 71
20 37 20 37
18 36 18 36
55 87 55 65 87
50 65 50 65
12 57 12 57
1 39 1 15 39
4 46 4 34 46
21 39 21 34 39
29 45 29 35 40 45
58 73 58 73
37 72 37 72
35 60 35 49 60
16 45 16 40 45
14 35 14 24 35
7 43 7 36 43
36 62 36 62
34 85 34 65 85
54 69 54 62 69
46 70 46 47 70
17 46 17 34 46
14 52 14 52
50 82 50 65 82
43 66 43 62 66
56 73 56 73
15 39 15 39
12 51 12 21 51
3 41 3 36 41
14 52 14 52
28 59 28 38 59
27 55 27 35 55
17 50 17 18 50
1 55 1 55
24 37 24 27 37
5 40 5 32 40
0 44 0 40 44
6 43 6 38 43
31 74 31 63 74
17 58 17 19 58
54 78 54 67 78
15 34 15 17 34
58 88 58 60 88
4 54 4 54
53 85 53 85
1 42 1 32 42
2 45 2 32 45
30 80 30 80
55 74 55 65 74
57 60 57 60
4 46 4 34 46
49 75 49 75
59 75 59 74 75
6 37 6 8 37
5 32 5 32
56 69 56 60 69
11 59 11 38 59
45 65 45 56 65
36 64 36 60 64
4 32 4 19 32
12 44 12 44
41 82 41 65 82
46 67 46 64 67
2 34 2 32 34
34 75 34 42 75
1 41 1 15 41
46 65 46 65
58 78 58 67 78
57 63 57 60 63
48 77 48 65 77
23 37 23 37
40 63 40 42 63
49 80 49 67 80
18 53 18 53
50 68 50 62 68
19 31 19 25 31
14 49 14 40 49
14 38 14 38
16 36 16 36
33 62 33 43 62
23 46 23 35 46
47 86 47 76 86
55 79 55 79
31 60 31 49 60
17 49 17 40 49
39 67 39 60 67
6 37 6 8 37
9 46 9 19 46
33 72 33 66 72
12 31 12 20 31
19 41 19 26 41
36 74 36 65 74
12 37 12 18 37
30 62 30 49 62
41 68 41 68
46 79 46 65 79
54 83 54 62 83
33 87 33 66 87
30 64 30 32 64
50 82 50 65 82
40 85 40 64 85
29 37 29 37
52 84 52 75 84
20 46 20 41 46
42 73 42 60 73
59 75 59 74 75
31 81 31 63 81
32 83 32 34 83
10 42 10 33 42
6 39 6 34 39
56 71 56 60 71
37 70 37 41 70
7 44 7 9 33 44
32 74 32 64 74
9 50 9 50
8 48 8 37 48
34 88 34 39 59 88
56 66 56 62 66
55 89 55 65 89
35 66 35 40 66
43 87 43 87
2 33 2 4 33
3 58 3 33 58
10 37 10 18 37
36 86 36 77 86
59 67 59 64 67
50 86 50 72 86
24 35 24 35
20 37 20 37
52 61 52 61
38 86 38 63 86
38 64 38 56 64
27 34 27 28 34
11 59 11 38 59
28 54 28 37 54
46 77 46 65 77
7 42 7 42
35 83 35 80 83
38 71 38 51 71
10 43 10 43
50 70 50 70
55 67 55 60 67
58 64 58 60 64
24 39 24 34 39
34 79 34 65 79
2 37 2 27 37
2 52 2 41 52
20 33 20 33
5 54 5 19 54
24 55 24 55
10 48 10 48
56 69 56 60 69
11 58 11 58
27 47 27 47
21 36 21 24 36
36 74 36 65 74
2 57 2 57
7 48 7 48
53 77 53 57 77
4 52 4 45 52
25 54 25 33 54
33 76 33 66 76
42 64 42 60 64
6 31 6 13 31
26 55 26 55
53 88 53 69 88
40 87 40 66 87
3 42 3 33 42
48 73 48 57 60 73
7 40 7 35 40
58 71 58 60 71
2 44 2 44
31 62 31 41 62
0 44 0 40 44
14 58 14 38 58
5 46 5 34 46
30 71 30 32 71
28 55 28 37 55
6 30 6 13 30
44 60 44 58 60
16 34 16 34
58 88 58 60 88
26 39 26 39
4 34 4 34
6 43 6 38 43
28 50 28 38 50
27 35 27 35
55 68 55 62 68
40 82 40 82
53 68 53 57 68
6 38 6 38
40 78 40 78
33 81 33 70 81
54 71 54 61 71
29 59 29 56 59
58 72 58 60 72
22 39 22 38 39
45 68 45 66 68
37 65 37 41 65
35 84 35 68 84
26 39 26 39
22 52 22 52
44 80 44 64 80
25 48 25 33 48
27 50 27 47 50
42 63 42 63
53 85 53 85
47 64 47 56 64
38 71 38 51 71
31 70 31 70
1 57 1 30 57
42 76 42 63 76
1 44 1 44
41 83 41 62 83
54 60 54 58 60
59 81 59 64 65 81
29 55 29 35 55
22 47 22 43 47
8 47 8 47
22 59 22 38 59
37 74 37 66 74
22 35 22 35
54 64 54 61 64
28 53 28 53
47 87 47 65 87
11 52 11 52
1 41 1 15 41
30 67 30 65 67
40 64 40 64
46 79 46 65 79
47 69 47 66 69
48 75 48 62 75
48 85 48 65 85
17 51 17 51
31 84 31 68 84
12 45 12 42 45
36 65 36 65
41 62 41 62
44 60 44 58 60
1 54 1 14 54
30 85 30 85
58 67 58 67
15 37 15 27 37
42 88 42 60 88
3 41 3 36 41
6 56 6 34 56
1 59 1 32 59
16 53 16 28 53
27 45 27 28 45
3 59 3 14 59
22 42 22 33 42
14 55 14 24 55
12 49 12 18 49
46 81 46 62 81
43 87 43 87
13 40 13 19 40
31 80 31 63 80
21 48 21 28 48
18 32 18 32
13 51 13 19 25 51
28 52 28 52
18 52 18 52
18 45 18 32 45
37 69 37 69
46 81 46 62 81
57 76 57 76
29 35 29 35
22 59 22 38 59
50 89 50 89
33 82 33 42 82
31 83 31 83
5 47 5 32 47
55 89 55 65 89
33 88 33 88
28 39 28 39
37 72 37 72
28 45 28 45
55 79 55 79
28 58 28 37 58
29 55 29 35 55
46 75 46 75
11 49 11 30 49
30 65 30 65
51 86 51 69 86
57 75 57 75
48 78 48 78
40 71 40 71
9 35 9 22 35
5 37 5 29 37
47 80 47 80
25 40 25 40
5 36 5 7 36
35 85 35 64 85
47 74 47 74
32 65 32 64 65
8 47 8 47
39 64 39 60 64
27 55 27 35 55
16 43 16 43
7 56 7 45 56
59 86 59 72 86
7 39 7 9 39
20 46 20 41 46
49 68 49 62 68
18 54 18 54
14 38 14 38
57 72 57 60 72
34 67 34 65 67
40 89 40 80 89
54 64 54 61 64
41 73 41 58 73
18 42 18 42
31 64 31 61 64
23 43 23 37 43
35 65 35 64 65
58 65 58 60 64 65
38 82 38 72 82
16 39 16 34 39
58 85 58 60 85
13 43 13 39 43
30 66 30 49 66
37 76 37 66 76
8 43 8 37 43
19 31 19 25 31
50 81 50 62 81
30 86 30 69 86
58 77 58 77
48 70 48 70
33 68 33 66 68
26 56 26 34 56
46 64 46 64
7 47 7 41 47
34 82 34 65 82
1 32 1 32
3 59 3 14 59
2 39 2 39
53 88 53 69 88
43 83 43 83
36 79 36 79
0 55 0 35 55
35 71 35 71
20 37 20 37
57 89 57 89
23 59 23 39 59
7 55 7 35 55
42 61 42 61
46 62 46 62
36 85 36 60 85
57 85 57 60 85
44 81 44 73 81
33 73 33 44 73
17 31 17 18 25 31
52 85 52 60 85
27 46 27 46
54 80 54 80
30 71 30 32 71
54 60 54 58 60
56 66 56 62 66
44 65 44 64 65
5 37 5 29 37
45 86 45 86
50 85 50 65 85
49 82 49 74 82
34 77 34 77
21 51 21 51
1 48 1 29 48
11 34 11 17 34
55 67 55 60 67
6 34 6 34
54 83 54 62 83
17 40 17 40
11 40 11 35 40
35 74 35 64 74
18 38 18 32 38
42 82 42 82
1 59 1 32 59
21 37 21 28 37
13 34 13 31 34
28 38 28 38
3 59 3 14 59
14 32 14 18 32
42 71 42 60 71
30 61 30 31 61
44 71 44 53 57 71
21 57 21 57
17 41 17 27 41
15 39 15 39
49 79 49 79
36 81 36 81
2 51 2 32 51
58 75 58 75
39 87 39 65 87
13 34 13 31 34
46 89 46 65 89
51 75 51 75
21 53 21 28 53
29 47 29 37 47
51 60 51 55 60
57 69 57 69
3 52 3 52
22 50 22 38 50
0 37 0 8 37
20 47 20 37 47
34 77 34 77
56 89 56 65 89
14 44 14 40 44
59 65 59 64 65
49 66 49 66
19 37 19 25 31 37
44 83 44 83
59 68 59 64 65 68
18 54 18 54
10 52 10 49 52
3 49 3 49
45 80 45 78 80
4 30 4 11 30
5 45 5 32 45
37 68 37 66 68
1 32 1 32
15 44 15 44
34 74 34 65 74
52 65 52 60 64 65
47 60 47 56 60
5 31 5 13 31
25 50 25 26 47 50
26 48 26 48
7 35 7 35
55 69 55 60 69
18 38 18 32 38
59 83 59 74 83
38 77 38 75 77
5 40 5 32 40
5 33 5 10 33
15 53 15 44 53
2 40 2 32 40
4 42 4 42
24 56 24 34 56
18 33 18 33
55 74 55 65 74
52 67 52 60 67
13 59 13 31 59
30 74 30 65 74
13 31 13 31
38 88 38 68 88
39 64 39 60 64
2 41 2 41
18 49 18 49
59 79 59 78 79
11 47 11 37 47
33 65 33 48 65
11 59 11 38 59
56 67 56 60 67
0 57 0 35 57
33 72 33 66 72
33 79 33 51 79
18 37 18 37
15 31 15 19 25 31
24 53 24 42 53
10 33 10 33
51 80 51 80
55 60 55 60
46 65 46 65
10 32 10 18 32
13 50 13 30 50
57 81 57 81
28 48 28 48
55 72 55 72
31 84 31 68 84
44 85 44 64 85
49 81 49 62 81
52 75 52 75
22 45 22 45
3 35 3 24 35
12 37 12 18 37
22 45 22 45
13 48 13 26 48
16 34 16 34
35 76 35 64 76
55 63 55 60 63
37 61 37 41 61
58 61 58 61
57 70 57 70
10 40 10 24 40
4 54 4 54
34 74 34 65 74
28 50 28 38 50
19 56 19 45 56
55 74 55 65 74
33 77 33 66 77
37 83 37 40 83
2 32 2 32
33 84 33 66 84
2 59 2 32 59
11 51 11 35 51
37 69 37 69
31 61 31 61
50 79 50 79
29 54 29 37 54
43 70 43 70
8 31 8 12 20 31
33 83 33 83
42 82 42 82
53 69 53 69
58 77 58 77
42 85 42 60 85
16 36 16 36
18 42 18 42
1 39 1 15 39
59 79 59 78 79
22 45 22 45
57 78 57 78
51 81 51 62 81
38 87 38 43 87
23 51 23 35 51
13 55 13 30 55
1 56 1 30 56
50 74 50 65 74
13 58 13 30 58
31 88 31 68 88
45 89 45 89
57 67 57 60 67
41 69 41 62 69
41 65 41 65
46 84 46 68 84
16 59 16 59
50 61 50 52 61
39 77 39 60 77
15 38 15 38
22 52 22 52
21 36 21 24 36
39 74 39 74
53 87 53 87
35 71 35 71
50 63 50 52 60 63
59 88 59 88
10 43 10 43
23 40 23 35 40
27 58 27 58
17 45 17 40 45
37 78 37 72 78
39 67 39 60 67
38 76 38 63 76
44 69 44 53 69
30 74 30 65 74
13 32 13 30 32
2 41 2 41
47 72 47 66 72
1 31 1 30 31
10 43 10 43
27 44 27 37 44
48 67 48 65 67
47 80 47 80
51 66 51 62 66
41 71 41 61 71
30 63 30 31 63
2 50 2 50
41 66 41 62 66
56 61 56 61
35 65 35 64 65
51 85 51 85
31 86 31 63 86
41 85 41 85
8 52 8 41 52
31 67 31 61 67
0 55 0 35 55
13 46 13 42 46
41 86 41 68 86
16 43 16 43
37 87 37 87
32 82 32 40 82
13 34 13 31 34
29 47 29 37 47
17 35 17 27 35
54 83 54 62 83
8 39 8 39
5 50 5 10 50
10 39 10 34 39
10 49 10 49
49 67 49 67
20 43 20 43
44 84 44 75 84
0 38 0 2 38
11 32 11 30 32
30 76 30 76
11 47 11 37 47
3 37 3 8 37
56 85 56 85
52 69 52 60 69
27 56 27 37 56
36 70 36 41 70
30 81 30 81
5 49 5 32 49
47 62 47 50 62
36 61 36 41 61
33 74 33 66 74
55 84 55 62 66 84
19 37 19 25 31 37
48 83 48 62 83
49 65 49 62 65
17 50 17 18 50
14 58 14 38 58
5 51 5 32 51
22 58 22 33 58
24 49 24 35 49
54 84 54 58 75 84
27 54 27 37 54
38 69 38 62 69
44 84 44 75 84
53 87 53 87
25 31 25 31
13 57 13 30 57
31 85 31 70 85
22 58 22 33 58
26 59 26 39 59
12 44 12 44
36 81 36 81
46 61 46 52 61
6 34 6 34
35 85 35 64 85
11 36 11 36
9 48 9 33 48
37 85 37 85
19 39 19 26 39
55 63 55 60 63
14 43 14 43
22 46 22 46
54 76 54 58 76
20 45 20 33 45
44 64 44 64
3 35 3 24 35
32 71 32 71
46 73 46 52 60 73
38 63 38 63
4 44 4 33 44
25 59 25 31 59
6 58 6 38 58
48 60 48 57 60
24 38 24 27 28 38
47 88 47 80 88
58 64 58 60 64
46 80 46 80
15 31 15 19 25 31
59 84 59 78 84
52 89 52 80 89
25 48 25 33 48
40 82 40 82
37 61 37 41 61
21 54 21 24 42 54
55 73 55 60 73
59 82 59 72 82
30 72 30 50 72
42 60 42 60
41 87 41 65 87
9 40 9 40
16 47 16 47
3 58 3 33 58
17 40 17 40
13 58 13 30 58
50 83 50 83
1 35 1 24 35
4 44 4 33 44
14 56 14 34 56
36 63 36 60 63
12 55 12 21 55
29 57 29 57
51 86 51 69 86
31 61 31 61
42 64 42 60 64
6 57 6 47 57
37 81 37 81
40 86 40 71 86
28 57 28 57
19 42 19 42
11 36 11 36
14 59 14 59
25 40 25 40
19 48 19 33 48
50 75 50 62 75
37 84 37 84
50 63 50 52 60 63
10 36 10 18 36
11 31 11 30 31
45 63 45 53 63
4 52 4 45 52
45 77 45 66 77
9 45 9 33 45
30 67 30 65 67
38 65 38 62 65
3 59 3 14 59
14 57 14 53 57
36 70 36 41 70
31 72 31 37 72
36 83 36 83
26 54 26 28 37 54
49 65 49 62 65
15 32 15 19 32
13 30 13 30
12 46 12 42 46
10 32 10 18 32
16 46 16 34 46
58 71 58 60 71
9 59 9 38 59
7 54 7 42 54
1 38 1 32 38
6 39 6 34 39
38 89 38 89
43 73 43 47 56 73
11 58 11 58
18 49 18 49
56 81 56 81
27 54 27 37 54
0 31 0 13 31
23 35 23 35
31 80 31 63 80
40 73 40 44 73
7 42 7 42
43 68 43 68
40 67 40 64 67
41 68 41 68
34 82 34 65 82
7 50 7 48 50
31 70 31 70
1 51 1 51
18 37 18 37
1 36 1 16 36
43 83 43 83
55 87 55 65 87
4 53 4 42 53
39 87 39 65 87
27 53 27 37 53
25 39 25 26 39
56 62 56 62
53 75 53 61 75
34 73 34 56 73
40 87 40 66 87
45 87 45 87
22 38 22 38
33 71 33 66 71
44 67 44 64 67
1 51 1 51
40 81 40 80 81
15 47 15 39 47
0 48 0 40 48
7 41 7 41
7 43 7 36 43
15 42 15 17 42
34 82 34 65 82
12 45 12 42 45
40 75 40 71 75
36 84 36 51 84
42 78 42 78
37 78 37 72 78
51 86 51 69 86
25 51 25 51
48 73 48 57 60 73
35 69 35 51 69
23 41 23 37 41
38 86 38 63 86
27 38 27 28 38
42 80 42 80
19 46 19 46
8 38 8 38
41 87 41 65 87
0 58 0 35 58
45 65 45 56 65
45 63 45 53 63
33 68 33 66 68
11 44 11 37 44
49 67 49 67
2 32 2 32
32 80 32 64 80
11 48 11 37 48
32 69 32 42 69
52 89 52 80 89
39 65 39 65
54 66 54 62 66
59 65 59 64 65
2 49 2 49
25 48 25 33 48
43 86 43 68 86
39 74 39 74
12 37 12 18 37
50 88 50 80 88
35 72 35 72
45 61 45 52 61
31 80 31 63 80
36 73 36 60 73
17 35 17 27 35
35 86 35 86
25 51 25 51
2 57 2 57
48 88 48 88
44 63 44 53 63
6 53 6 7 53
34 66 34 66
37 71 37 71
41 69 41 62 69
15 45 15 45
51 69 51 69
13 46 13 42 46
30 82 30 65 82
27 46 27 46
46 88 46 68 88
59 75 59 74 75
22 48 22 33 48
59 81 59 64 65 81
41 72 41 72
5 49 5 32 49
33 72 33 66 72
4 58 4 33 58
20 33 20 33
24 40 24 40
40 70 40 43 70
49 82 49 74 82
52 83 52 60 83
39 63 39 63
33 62 33 43 62
21 40 21 32 40
6 38 6 38
20 55 20 37 55
26 50 26 47 50
48 74 48 74
53 78 53 56 78
9 56 9 56
8 39 8 39
48 85 48 65 85
36 76 36 65 76
30 78 30 31 78
8 35 8 23 35
15 53 15 44 53
52 84 52 75 84
27 41 27 41
2 57 2 57
22 51 22 33 51
23 31 23 25 31
3 32 3 5 32
43 73 43 47 56 73
31 86 31 63 86
45 72 45 66 72
14 34 14 34
31 80 31 63 80
18 32 18 32
37 72 37 72
12 37 12 18 37
19 49 19 32 49
59 65 59 64 65
35 83 35 80 83
33 82 33 42 82
47 84 47 66 84
10 53 10 53
7 33 7 9 33
27 57 27 35 57
5 40 5 32 40
48 60 48 57 60
6 59 6 38 59
16 54 16 43 54
54 86 54 77 86
31 83 31 83
35 76 35 64 76
42 77 42 60 77
50 85 50 65 85
44 76 44 76
7 37 7 9 37
20 46 20 41 46
17 38 17 18 32 38
17 42 17 42
38 67 38 58 67
14 54 14 54
4 34 4 34
42 73 42 60 73
32 88 32 71 88
58 68 58 60 64 65 68
57 71 57 71
41 83 41 62 83
38 80 38 63 80
2 36 2 16 36
50 64 50 52 60 64
40 72 40 66 72
13 46 13 42 46
20 55 20 37 55
59 84 59 78 84
25 50 25 26 47 50
34 89 34 65 89
56 89 56 65 89
53 83 53 74 83
38 78 38 72 78
23 49 23 35 49
37 79 37 71 79
34 85 34 65 85
18 48 18 33 48
58 82 58 76 82
13 47 13 47
42 79 42 78 79
58 84 58 75 84
33 82 33 42 82
37 69 37 69
37 85 37 85
48 67 48 65 67
39 65 39 65
50 78 50 72 78
8 52 8 41 52
13 54 13 42 54
3 52 3 52
41 86 41 68 86
37 89 37 69 89
5 59 5 32 59
40 72 40 66 72
39 86 39 63 86
13 35 13 27 35
55 86 55 72 86
32 67 32 67
19 46 19 46
0 49 0 35 49
15 42 15 17 42
20 46 20 41 46
31 65 31 34 65
52 84 52 75 84
6 46 6 34 46
32 64 32 64
7 33 7 9 33
45 63 45 53 63
33 88 33 88
12 40 12 14 40
29 53 29 37 53
33 85 33 70 85
51 61 51 61
45 88 45 71 88
10 56 10 34 56
17 53 17 53
41 65 41 65
14 44 14 40 44
1 50 1 50
15 32 15 19 32
46 78 46 78
13 47 13 47
1 56 1 30 56
54 85 54 85
36 60 36 60
20 53 20 37 53
53 85 53 85
24 37 24 27 37
9 56 9 56
2 45 2 32 45
6 42 6 34 42
38 71 38 51 71
27 34 27 28 34
2 53 2 53
4 34 4 34
54 81 54 62 81
42 76 42 63 76
50 63 50 52 60 63
47 89 47 89
41 87 41 65 87
44 89 44 89
14 34 14 34
21 42 21 32 42
52 63 52 60 63
33 86 33 44 86
50 67 50 65 67
51 74 51 65 74
57 71 57 71
32 71 32 71
34 89 34 65 89
34 78 34 78
4 55 4 55
10 56 10 34 56
8 56 8 37 56
56 85 56 85
11 57 11 30 57
37 64 37 40 64
43 89 43 68 89
15 36 15 29 36
27 43 27 37 43
8 49 8 10 49
42 62 42 46 62
53 89 53 89
58 83 58 60 83
46 78 46 78
8 58 8 37 58
22 58 22 33 58
37 68 37 66 68
39 60 39 60
47 73 47 56 73
43 61 43 61
30 76 30 76
27 40 27 35 40
51 68 51 62 68
39 84 39 70 84
48 89 48 89
55 77 55 60 77
49 83 49 60 83
12 46 12 42 46
7 44 7 9 33 44
23 41 23 37 41
19 52 19 45 52
12 36 12 18 36
49 64 49 60 64
33 80 33 42 80
15 40 15 17 40
38 74 38 63 74
42 64 42 60 64
12 38 12 14 38
4 30 4 11 30
28 53 28 53
10 33 10 33
2 34 2 32 34
31 67 31 61 67
27 47 27 47
18 32 18 32
57 76 57 76
22 40 22 35 40
29 50 29 48 50
40 61 40 42 61
5 47 5 32 47
37 80 37 72 80
8 35 8 23 35
0 38 0 2 38
49 68 49 62 68
38 73 38 56 73
10 40 10 24 40
37 60 37 42 60
22 35 22 35
32 67 32 67
14 43 14 43
33 62 33 43 62
1 49 1 30 49
39 79 39 65 79
3 38 3 8 38
51 87 51 65 87
16 46 16 34 46
46 67 46 64 67
36 87 36 87
28 40 28 37 40
22 47 22 43 47
27 39 27 39
59 71 59 64 67 71
44 60 44 58 60
28 56 28 34 56
35 73 35 49 73
59 78 59 78
21 44 21 28 37 44
13 39 13 39
45 77 45 66 77
39 82 39 82
8 59 8 38 59
43 83 43 83
17 46 17 34 46
30 75 30 75
6 52 6 41 52
13 31 13 31
35 61 35 51 61
52 72 52 60 72
3 57 3 33 57
25 47 25 43 47
56 80 56 63 80
29 37 29 37
12 41 12 20 41
46 82 46 82
7 37 7 9 37
30 89 30 65 89
12 52 12 50 52
49 84 49 84
14 48 14 40 48
2 36 2 16 36
56 76 56 63 76
25 45 25 33 45
4 31 4 11 30 31
10 46 10 34 46
59 65 59 64 65
35 86 35 86
48 88 48 88
45 86 45 86
26 58 26 39 58
28 51 28 38 51
22 49 22 49
6 54 6 8 54
20 56 20 37 56
58 84 58 75 84
16 42 16 34 42
19 53 19 42 53
44 78 44 72 78
57 76 57 76
17 46 17 34 46
35 65 35 64 65
52 89 52 80 89
49 63 49 60 63
19 45 19 45
9 32 9 19 32
26 40 26 28 37 40
29 47 29 37 47
48 60 48 57 60
7 49 7 35 49
44 77 44 73 77
49 61 49 52 61
54 61 54 61
50 61 50 52 61
41 61 41 61
39 87 39 65 87
27 45 27 28 45
40 60 40 42 60
58 63 58 60 63
40 62 40 43 62
35 73 35 49 73
50 71 50 66 71
59 82 59 72 82
13 30 13 30
15 49 15 45 49
40 67 40 64 67
48 72 48 50 72
19 37 19 25 31 37
20 56 20 37 56
45 76 45 66 76
7 50 7 48 50
14 48 14 40 48
29 46 29 35 46
25 40 25 40
3 39 3 34 39
49 77 49 60 77
11 53 11 37 53
28 58 28 37 58
47 77 47 65 77
8 45 8 15 45
43 75 43 61 75
39 80 39 80
4 39 4 34 39
17 45 17 40 45
28 51 28 38 51
34 81 34 81
37 76 37 66 76
11 43 11 43
5 57 5 57
13 48 13 26 48
31 69 31 37 69
32 63 32 38 63
23 38 23 25 28 38
39 78 39 59 78
57 72 57 60 72
47 72 47 66 72
43 80 43 68 80
33 74 33 66 74
1 54 1 14 54
35 74 35 64 74
52 82 52 80 82
1 48 1 29 48
18 45 18 32 45
35 80 35 80
26 58 26 39 58
23 34 23 24 34
11 56 11 56
13 52 13 27 52
34 77 34 77
13 42 13 42
5 35 5 7 35
27 39 27 39
58 60 58 60
30 74 30 65 74
47 77 47 65 77
21 43 21 24 43
57 70 57 70
56 61 56 61
0 47 0 47
30 83 30 80 83
23 40 23 35 40
55 77 55 60 77
4 32 4 19 32
49 69 49 60 69
41 66 41 62 66
59 77 59 64 65 77
50 65 50 65
21 54 21 24 42 54
38 64 38 56 64
39 82 39 82
4 33 4 33
32 79 32 79
41 63 41 52 60 63
11 57 11 30 57
0 41 0 41
23 38 23 25 28 38
41 64 41 61 64
4 32 4 19 32
57 71 57 71
10 44 10 33 44
8 50 8 38 50
57 89 57 89
30 81 30 81
25 38 25 28 38
10 47 10 43 47
3 56 3 34 56
27 47 27 47
41 66 41 62 66
26 51 26 41 51
31 85 31 70 85
11 32 11 30 32
8 56 8 37 56
54 71 54 61 71
32 68 32 38 68
21 43 21 24 43
43 82 43 82
19 38 19 32 38
1 34 1 32 34
4 49 4 45 49
16 38 16 28 38
6 36 6 7 36
44 63 44 53 63
54 74 54 61 64 74
33 61 33 42 61
27 39 27 39
37 84 37 84
23 48 23 37 48
35 86 35 86
36 78 36 40 78
42 84 42 68 84
57 73 57 60 73
8 52 8 41 52
49 82 49 74 82
32 75 32 75
15 52 15 52
1 53 1 44 53
18 55 18 37 55
29 41 29 36 41
22 57 22 57
19 44 19 44
52 73 52 60 73
16 38 16 28 38
42 83 42 60 83
47 62 47 50 62
39 87 39 65 87
0 39 0 39
24 54 24 42 54
25 53 25 53
44 68 44 53 57 68
2 35 2 35
11 54 11 37 54
17 35 17 27 35
39 71 39 60 71
30 89 30 65 89
59 71 59 64 67 71
58 81 58 67 81
1 50 1 50
23 59 23 39 59
4 42 4 42
7 50 7 48 50
25 38 25 28 38
55 76 55 76
23 36 23 24 36
0 35 0 35
32 71 32 71
6 47 6 47
9 43 9 33 43
6 55 6 51 55
26 34 26 34
43 65 43 62 65
43 85 43 70 85
50 81 50 62 81
57 78 57 78
24 39 24 34 39
23 52 23 52
32 71 32 71
30 76 30 76
17 48 17 40 48
32 64 32 64
34 62 34 39 62
28 34 28 34
38 69 38 62 69
5 33 5 10 33
31 79 31 79
2 32 2 32
48 65 48 65
47 69 47 66 69
59 80 59 64 80
31 89 31 68 89
55 82 55 65 82
41 84 41 68 84
44 65 44 64 65
31 77 31 77
37 83 37 40 83
4 54 4 54
42 71 42 60 71
43 72 43 47 50 72
59 85 59 85
31 69 31 37 69
37 84 37 84
26 58 26 39 58
56 83 56 60 83
56 79 56 79
20 46 20 41 46
59 71 59 64 67 71
12 57 12 57
24 39 24 34 39
56 77 56 60 77
34 70 34 39 70
42 76 42 63 76
19 53 19 42 53
40 77 40 66 77
13 32 13 30 32
54 68 54 62 68
14 48 14 40 48
53 73 53 56 73
30 62 30 49 62
10 48 10 48
2 35 2 35
20 31 20 31
1 40 1 32 40
28 56 28 34 56
55 68 55 62 68
35 68 35 68
44 77 44 73 77
0 33 0 3 33
34 73 34 56 73
46 65 46 65
2 45 2 32 45
37 77 37 66 77
2 36 2 16 36
5 43 5 39 43
3 53 3 45 53
31 64 31 61 64
1 46 1 19 46
3 39 3 34 39
59 74 59 74
41 81 41 81
18 44 18 33 44
9 32 9 19 32
58 79 58 73 79
26 53 26 28 53
49 78 49 78
16 33 16 20 33
49 64 49 60 64
51 65 51 65
17 33 17 18 33
45 65 45 56 65
54 89 54 67 89
53 62 53 56 62
20 39 20 26 39
0 37 0 8 37
2 31 2 30 31
45 72 45 66 72
46 77 46 65 77
49 87 49 87
36 66 36 62 66
1 53 1 44 53
51 61 51 61
27 59 27 39 59
28 46 28 34 46
49 78 49 78
2 57 2 57
37 67 37 66 67
0 48 0 40 48
3 32 3 5 32
57 67 57 60 67
30 88 30 69 88
18 45 18 32 45
2 39 2 39
41 85 41 85
42 73 42 60 73
2 38 2 38
41 73 41 58 73
54 74 54 61 64 74
13 44 13 19 44
5 38 5 32 38
15 38 15 38
22 47 22 43 47
51 66 51 62 66
9 44 9 33 44
58 72 58 60 72
36 69 36 60 69
29 37 29 37
23 54 23 37 54
11 49 11 30 49
14 34 14 34
35 79 35 71 79
9 35 9 22 35
10 39 10 34 39
19 43 19 33 43
7 41 7 41
28 55 28 37 55
36 68 36 62 68
0 59 0 39 59
59 74 59 74
57 69 57 69
34 67 34 65 67
5 43 5 39 43
10 43 10 43
8 38 8 38
30 70 30 70
39 84 39 70 84
35 68 35 68
47 81 47 81
53 87 53 87
39 62 39 62
0 55 0 35 55
15 37 15 27 37
49 61 49 52 61
42 86 42 63 86
21 54 21 24 42 54
44 75 44 75
18 37 18 37
21 34 21 34
41 76 41 76
1 33 1 18 33
59 84 59 78 84
42 81 42 63 81
55 87 55 65 87
24 53 24 42 53
48 89 48 89
52 74 52 60 63 74
31 76 31 63 76
48 82 48 65 82
1 42 1 32 42
37 71 37 71
45 75 45 71 75
13 45 13 42 45
0 49 0 35 49
37 82 37 82
54 64 54 61 64
14 35 14 24 35
35 79 35 71 79
51 72 51 55 72
10 31 10 12 20 31
34 66 34 66
21 56 21 56
50 78 50 72 78
26 54 26 28 37 54
24 47 24 47
40 88 40 71 88
16 50 16 50
32 89 32 89
46 66 46 62 66
50 82 50 65 82
24 55 24 55
39 68 39 62 68
17 47 17 18 47
5 41 5 7 41
18 47 18 47
28 42 28 34 42
4 32 4 19 32
10 54 10 33 54
56 68 56 62 68
28 56 28 34 56
17 39 17 34 39
3 50 3 49 50
4 55 4 55
45 62 45 49 62
10 35 10 22 35
55 81 55 81
27 52 27 52
9 42 9 33 42
35 67 35 64 67
56 80 56 63 80
57 84 57 84
56 60 56 60
33 65 33 48 65
38 64 38 56 64
15 54 15 43 54
16 36 16 36
12 34 12 14 34
40 87 40 66 87
19 34 19 32 34
45 73 45 49 73
0 46 0 35 46
49 84 49 84
13 33 13 31 33
46 77 46 65 77
37 60 37 42 60
49 87 49 87
3 51 3 33 51
53 86 53 86
53 68 53 57 68
21 47 21 32 47
33 61 33 42 61
4 30 4 11 30
59 82 59 72 82
34 73 34 56 73
51 77 51 77
19 38 19 32 38
41 75 41 61 75
19 46 19 46
26 49 26 28 45 49
26 40 26 28 37 40
33 87 33 66 87
15 46 15 41 46
27 55 27 35 55
11 37 11 37
17 34 17 34
14 51 14 38 51
3 37 3 8 37
11 42 11 37 42
43 70 43 70
25 53 25 53
4 40 4 14 40
28 40 28 37 40
57 84 57 84
44 77 44 73 77
7 57 7 35 57
53 87 53 87
36 68 36 62 68
32 69 32 42 69
13 32 13 30 32
12 38 12 14 38
16 33 16 20 33
8 49 8 10 49
43 83 43 83
40 63 40 42 63
1 54 1 14 54
51 74 51 65 74
39 62 39 62
4 33 4 33
20 56 20 37 56
48 69 48 62 69
9 53 9 37 53
8 47 8 47
37 74 37 66 74
9 32 9 19 32
38 68 38 68
0 37 0 8 37
27 51 27 35 51
2 40 2 32 40
46 88 46 68 88
44 83 44 83
18 53 18 53
40 86 40 71 86
24 57 24 35 57
20 49 20 49
37 60 37 42 60
16 58 16 30 58
21 45 21 32 45
59 67 59 64 67
8 50 8 38 50
13 42 13 42
28 51 28 38 51
3 46 3 46
20 51 20 33 51
58 75 58 75
31 62 31 41 62
53 76 53 63 76
45 78 45 78
53 81 53 63 81
5 42 5 32 42
15 57 15 22 57
57 65 57 64 65
17 53 17 53
4 37 4 8 37
52 72 52 60 72
25 57 25 57
55 72 55 72
7 43 7 36 43
4 51 4 51
51 72 51 55 72
15 50 15 38 50
31 74 31 63 74
58 75 58 75
19 41 19 26 41
24 51 24 35 51
12 35 12 24 35
49 65 49 62 65
38 61 38 39 61
14 38 14 38
40 86 40 71 86
39 62 39 62
4 38 4 6 38
41 79 41 65 79
33 64 33 44 64
53 74 53 74
50 65 50 65
1 41 1 15 41
41 89 41 65 89
36 78 36 40 78
41 83 41 62 83
51 87 51 65 87
59 84 59 78 84
57 85 57 60 85
28 57 28 57
30 85 30 85
58 76 58 76
46 74 46 74
5 54 5 19 54
41 88 41 88
17 55 17 55
23 45 23 24 40 45
11 36 11 36
24 59 24 42 59
36 80 36 80
55 65 55 65
40 83 40 83
52 60 52 60
29 56 29 56
20 44 20 33 44
23 52 23 52
31 88 31 68 88
42 76 42 63 76
19 56 19 45 56
5 57 5 57
42 68 42 68
42 68 42 68
14 49 14 40 49
49 88 49 88
3 49 3 49
10 58 10 33 58
27 49 27 49
8 58 8 37 58
9 37 9 37
9 58 9 33 58
12 52 12 50 52
52 80 52 80
52 88 52 88
12 43 12 14 43
25 50 25 26 47 50
12 50 12 50
11 44 11 37 44
11 46 11 35 46
11 34 11 17 34
34 78 34 78
9 50 9 50
54 65 54 62 65
3 42 3 33 42
11 31 11 30 31
6 35 6 7 35
29 36 29 36
19 55 19 55
25 49 25 31 49
12 49 12 18 49
42 62 42 46 62
34 86 34 86
53 69 53 69
11 55 11 30 55
31 71 31 61 71
29 53 29 37 53
52 71 52 60 71
4 41 4 6 41
7 30 7 13 30
44 62 44 53 56 62
48 62 48 62
20 45 20 33 45
33 67 33 66 67
7 54 7 42 54
54 82 54 80 82
50 80 50 80
59 74 59 74
14 54 14 54
12 45 12 42 45
22 41 22 29 36 41
43 75 43 61 75
12 45 12 42 45
30 86 30 69 86
31 87 31 73 87
6 54 6 8 54
31 64 31 61 64
44 85 44 64 85
31 73 31 73
41 63 41 52 60 63
20 59 20 59
47 71 47 66 71
10 48 10 48
17 32 17 18 32
44 61 44 53 61
7 51 7 35 51
40 71 40 71
50 83 50 83
15 54 15 43 54
34 74 34 65 74
17 59 17 42 59
38 69 38 62 69
49 75 49 75
56 84 56 84
33 63 33 42 63
0 58 0 35 58
34 72 34 66 72
33 80 33 42 80
6 33 6 10 33
55 77 55 60 77
34 81 34 81
43 87 43 87
47 81 47 81
43 66 43 62 66
48 64 48 57 64
57 88 57 88
35 88 35 68 88
0 34 0 3 34
51 85 51 85
50 60 50 52 60
2 55 2 30 55
3 57 3 33 57
1 31 1 30 31
59 80 59 64 80
54 75 54 61 75
52 84 52 75 84
32 74 32 64 74
52 63 52 60 63
29 45 29 35 40 45
0 44 0 40 44
29 47 29 37 47
14 39 14 34 39
11 37 11 37
1 53 1 44 53
28 56 28 34 56
32 73 32 49 73
47 78 47 56 78
45 77 45 66 77
15 34 15 17 34
30 86 30 69 86
29 59 29 56 59
15 42 15 17 42
7 55 7 35 55
32 72 32 38 72
29 49 29 35 49
47 61 47 56 61
23 44 23 37 44
36 61 36 41 61
0 50 0 50
53 62 53 56 62
40 80 40 80
18 39 18 34 39
9 36 9 16 36
5 39 5 39
58 75 58 75
50 74 50 65 74
27 50 27 47 50
58 81 58 67 81
45 69 45 66 69
7 59 7 41 59
4 35 4 11 35
35 63 35 49 60 63
27 34 27 28 34
43 89 43 68 89
17 55 17 55
51 76 51 65 76
37 83 37 40 83
9 47 9 47
4 53 4 42 53
6 55 6 51 55
25 43 25 43
51 73 51 55 60 73
47 82 47 65 82
32 71 32 71
40 75 40 71 75
8 51 8 38 51
20 40 20 40
27 39 27 39
50 60 50 52 60
50 89 50 89
21 48 21 28 48
53 73 53 56 73
36 87 36 87
51 68 51 62 68
21 50 21 24 47 50
16 46 16 34 46
29 50 29 48 50
59 74 59 74
30 65 30 65
12 31 12 20 31
10 35 10 22 35
17 32 17 18 32
53 60 53 56 60
52 66 52 60 63 66
1 55 1 55
25 55 25 51 55
26 52 26 41 52
48 66 48 62 66
53 68 53 57 68
10 49 10 49
50 72 50 72
28 53 28 53
3 31 3 20 31
32 81 32 67 81
13 35 13 27 35
12 57 12 57
36 89 36 89
14 39 14 34 39
53 65 53 56 65
52 79 52 60 71 79
29 36 29 36
42 62 42 46 62
2 40 2 32 40
54 79 54 79
10 55 10 22 55
30 62 30 49 62
21 43 21 24 43
2 58 2 58
40 61 40 42 61
24 43 24 43
48 67 48 65 67
33 67 33 66 67
32 67 32 67
46 82 46 82
46 81 46 62 81
19 42 19 42
19 58 19 58
53 81 53 63 81
47 80 47 80
20 53 20 37 53
23 40 23 35 40
42 80 42 80
54 85 54 85
5 30 5 13 30
34 87 34 65 87
13 44 13 19 44
22 42 22 33 42
29 43 29 43
3 34 3 34
31 78 31 78
17 50 17 18 50
25 47 25 43 47
35 69 35 51 69
57 77 57 77
18 43 18 33 43
53 71 53 61 71
33 80 33 42 80
27 54 27 37 54
19 43 19 33 43
1 34 1 32 34
10 55 10 22 55
27 52 27 52
35 79 35 71 79
34 86 34 86
32 86 32 71 86
51 80 51 80
30 74 30 65 74
21 58 21 58
44 83 44 83
7 47 7 41 47
10 40 10 24 40
48 89 48 89
11 42 11 37 42
35 85 35 64 85
53 88 53 69 88
11 37 11 37
7 43 7 36 43
43 77 43 54 77
18 34 18 34
55 71 55 60 71
8 44 8 37 44
33 81 33 70 81
19 54 19 54
33 67 33 66 67
43 73 43 47 56 73
51 72 51 55 72
45 79 45 71 79
40 81 40 80 81
52 74 52 60 63 74
39 86 39 63 86
16 47 16 47
53 79 53 79
4 37 4 8 37
54 83 54 62 83
43 81 43 62 81
10 36 10 18 36
6 37 6 8 37
27 50 27 47 50
48 82 48 65 82
9 31 9 13 31
23 37 23 37
6 46 6 34 46
48 76 48 76
7 57 7 35 57
57 71 57 71
53 78 53 56 78
31 87 31 73 87
25 43 25 43
59 86 59 72 86
33 69 33 66 69
56 78 56 78
56 71 56 60 71
15 53 15 44 53
5 49 5 32 49
49 67 49 67
5 46 5 34 46
50 64 50 52 60 64
38 66 38 62 66
58 78 58 67 78
19 56 19 45 56
36 84 36 51 84
34 87 34 65 87
12 47 12 47
2 50 2 50
5 55 5 19 55
30 72 30 50 72
24 53 24 42 53
18 57 18 32 57
28 52 28 52
58 80 58 80
43 61 43 61
37 77 37 66 77
42 60 42 60
33 79 33 51 79
51 87 51 65 87
55 66 55 62 66
1 42 1 32 42
14 55 14 24 55
51 64 51 61 64
38 63 38 63
44 73 44 73
35 69 35 51 69
1 38 1 32 38
54 86 54 77 86
14 52 14 52
56 83 56 60 83
49 60 49 60
39 66 39 62 66
49 79 49 79
4 52 4 45 52
14 59 14 59
26 47 26 47
36 86 36 77 86
31 76 31 63 76
36 86 36 77 86
49 66 49 66
5 34 5 34
38 84 38 68 84
51 83 51 62 83
1 45 1 32 45
19 45 19 45
38 70 38 39 70
52 67 52 60 67
7 55 7 35 55
35 74 35 64 74
26 51 26 41 51
23 40 23 35 40
44 60 44 58 60
33 76 33 66 76
25 53 25 53
13 40 13 19 40
15 45 15 45
8 54 8 54
35 82 35 82
13 46 13 42 46
0 49 0 35 49
13 45 13 42 45
46 68 46 68
26 52 26 41 52
11 58 11 58
50 82 50 65 82
46 85 46 85
17 41 17 27 41
7 59 7 41 59
42 63 42 63
55 85 55 85
25 44 25 33 44
42 85 42 60 85
8 53 8 37 53
53 72 53 56 59 72
45 64 45 56 64
40 82 40 82
15 33 15 19 33
32 74 32 64 74
37 61 37 41 61
31 66 31 63 66
14 50 14 38 50
19 48 19 33 48
15 57 15 22 57
15 47 15 39 47
14 46 14 34 46
43 66 43 62 66
18 36 18 36
39 87 39 65 87
48 64 48 57 64
14 40 14 40
30 71 30 32 71
25 34 25 31 34
35 70 35 70
19 52 19 45 52
18 40 18 32 40
22 58 22 33 58
13 37 13 31 37
1 48 1 29 48
23 53 23 37 53
50 70 50 70
11 33 11 19 33
22 44 22 44
5 34 5 34
23 56 23 37 56
36 77 36 77
6 46 6 34 46
51 71 51 71
10 31 10 12 20 31
6 51 6 51
9 38 9 38
1 53 1 44 53
49 71 49 60 71
18 47 18 47
3 35 3 24 35
12 39 12 28 39
22 36 22 29 36
45 67 45 66 67
26 40 26 28 37 40
46 63 46 52 60 63
45 77 45 66 77
26 38 26 28 38
16 59 16 59
46 74 46 74
16 51 16 36 51
44 88 44 53 57 88
13 51 13 19 25 51
2 51 2 32 51
4 47 4 6 47
40 78 40 78
46 68 46 68
41 87 41 65 87
50 71 50 66 71
9 46 9 19 46
2 58 2 58
28 39 28 39
52 78 52 60 67 78
22 55 22 55
30 78 30 31 78
30 84 30 70 84
50 69 50 62 69
1 31 1 30 31
53 64 53 61 64
34 62 34 39 62
12 37 12 18 37
23 36 23 24 36
45 68 45 66 68
47 74 47 74
13 59 13 31 59
4 55 4 55
31 63 31 63
52 79 52 60 71 79
45 70 45 70
55 87 55 65 87
23 51 23 35 51
31 64 31 61 64
16 48 16 40 48
39 64 39 60 64
53 79 53 79
2 49 2 49
9 43 9 33 43
46 74 46 74
37 71 37 71
40 85 40 64 85
41 80 41 68 80
17 36 17 18 36
17 49 17 40 49
40 87 40 66 87
48 79 48 65 79
56 73 56 73
57 70 57 70
30 77 30 65 77
39 84 39 70 84
22 49 22 49
0 52 0 52
46 75 46 75
10 47 10 43 47
8 58 8 37 58
0 33 0 3 33
0 40 0 40
31 69 31 37 69
0 31 0 13 31
35 83 35 80 83
45 62 45 49 62
37 80 37 72 80
49 85 49 60 85
31 66 31 63 66
32 71 32 71
57 66 57 66
54 63 54 58 60 63
0 46 0 35 46
37 84 37 84
14 44 14 40 44
50 65 50 65
47 71 47 66 71
36 81 36 81
9 39 9 39
51 80 51 80
57 76 57 76
42 64 42 60 64
9 48 9 33 48
6 35 6 7 35
5 44 5 19 44
35 64 35 64
42 80 42 80
49 65 49 62 65
27 39 27 39
13 53 13 42 53
40 65 40 64 65
38 67 38 58 67
19 52 19 45 52
32 88 32 71 88
9 51 9 33 51
25 45 25 33 45
41 83 41 62 83
4 59 4 42 59
9 42 9 33 42
38 72 38 72
13 31 13 31
56 75 56 61 75
46 63 46 52 60 63
56 80 56 63 80
22 53 22 53
10 49 10 49
19 32 19 32
19 47 19 32 47
38 81 38 62 81
39 61 39 61
36 87 36 87
31 74 31 63 74
33 64 33 44 64
42 69 42 69
20 43 20 43
25 34 25 31 34
17 59 17 42 59
47 68 47 65 68
4 58 4 33 58
23 50 23 24 47 50
48 63 48 63
21 41 21 24 27 41
21 53 21 28 53
16 49 16 30 49
50 87 50 65 87
42 81 42 63 81
20 47 20 37 47
34 78 34 78
20 45 20 33 45
28 41 28 37 41
14 48 14 40 48
57 60 57 60
34 60 34 39 60
1 58 1 58
21 54 21 24 42 54
3 38 3 8 38
16 38 16 28 38
27 39 27 39
34 75 34 42 75
43 74 43 68 74
1 43 1 14 43
38 84 38 68 84
0 35 0 35
8 48 8 37 48
42 65 42 46 65
49 81 49 62 81
14 57 14 53 57
21 47 21 32 47
3 58 3 33 58
34 69 34 66 69
14 31 14 18 25 31
51 65 51 65
30 70 30 70
6 40 6 14 40
9 31 9 13 31
39 80 39 80
39 84 39 70 84
44 62 44 53 56 62
46 76 46 64 76
8 44 8 37 44
57 79 57 71 79
34 83 34 83
52 71 52 60 71
27 59 27 39 59
3 49 3 49
21 46 21 34 46
34 85 34 65 85
11 54 11 37 54
56 85 56 85
16 46 16 34 46
19 57 19 32 57
0 52 0 52
20 43 20 43
47 87 47 65 87
41 64 41 61 64
59 74 59 74
36 60 36 60
37 86 37 69 86
45 64 45 56 64
18 58 18 32 58
1 52 1 50 52
4 31 4 11 30 31
19 51 19 32 51
13 33 13 31 33
37 89 37 69 89
52 64 52 60 64
18 31 18 25 31
15 43 15 43
46 60 46 52 60
28 47 28 47
0 48 0 40 48
4 50 4 6 50
33 84 33 66 84
42 64 42 60 64
51 60 51 55 60
43 73 43 47 56 73
32 81 32 67 81
17 34 17 34
39 75 39 61 75
1 43 1 14 43
52 64 52 60 64
15 56 15 38 56
7 40 7 35 40
53 66 53 63 66
6 33 6 10 33
23 38 23 25 28 38
15 39 15 39
56 76 56 63 76
50 68 50 62 68
50 64 50 52 60 64
46 81 46 62 81
20 34 20 31 34
50 88 50 80 88
49 68 49 62 68
43 80 43 68 80
22 55 22 55
45 60 45 49 60
8 47 8 47
57 68 57 68
59 88 59 88
25 51 25 51
31 79 31 79
22 36 22 29 36
37 62 37 41 62
50 66 50 66
35 68 35 68
24 46 24 34 46
34 71 34 66 71
35 85 35 64 85
19 48 19 33 48
37 76 37 66 76
30 81 30 81
27 45 27 28 45
19 40 19 40
2 33 2 4 33
54 86 54 77 86
35 75 35 75
8 53 8 37 53
42 68 42 68
56 76 56 63 76
39 84 39 70 84
50 64 50 52 60 64
32 88 32 71 88
54 81 54 62 81
38 83 38 83
43 82 43 82
29 53 29 37 53
33 85 33 70 85
46 77 46 65 77
20 58 20 31 58
10 49 10 49
58 60 58 60
38 80 38 63 80
34 85 34 65 85
16 31 16 30 31
26 56 26 34 56
41 76 41 76
32 72 32 38 72
40 64 40 64
51 66 51 62 66
15 51 15 51
15 37 15 27 37
58 82 58 76 82
11 41 11 41
12 32 12 18 32
49 70 49 50 70
57 79 57 71 79
16 58 16 30 58
36 85 36 60 85
6 49 6 10 49
33 74 33 66 74
0 40 0 40
37 65 37 41 65
24 56 24 34 56
22 58 22 33 58
46 84 46 68 84
29 41 29 36 41
52 88 52 88
6 50 6 50
5 59 5 32 59
44 65 44 64 65
23 48 23 37 48
6 33 6 10 33
35 72 35 72
36 79 36 79
34 60 34 39 60
53 63 53 63
31 87 31 73 87
47 77 47 65 77
50 71 50 66 71
53 84 53 56 84
34 73 34 56 73
32 80 32 64 80
48 86 48 63 86
28 55 28 37 55
26 46 26 34 46
36 89 36 89
16 59 16 59
8 31 8 12 20 31
45 63 45 53 63
39 74 39 74
20 50 20 49 50
30 72 30 50 72
2 54 2 4 54
10 47 10 43 47
3 48 3 33 48
45 85 45 70 85
38 62 38 62
14 51 14 38 51
9 39 9 39
53 86 53 86
34 79 34 65 79
52 75 52 75
24 57 24 35 57
39 87 39 65 87
18 43 18 33 43
16 46 16 34 46
19 55 19 55
42 78 42 78
50 62 50 62
47 66 47 66
2 32 2 32
48 78 48 78
17 34 17 34
41 63 41 52 60 63
56 68 56 62 68
57 85 57 60 85
15 44 15 44
21 39 21 34 39
8 33 8 10 33
15 45 15 45
57 70 57 70
19 46 19 46
45 74 45 66 74
8 45 8 15 45
59 65 59 64 65
5 35 5 7 35
54 61 54 61
32 89 32 89
29 58 29 35 58
49 75 49 75
4 40 4 14 40
45 60 45 49 60
9 57 9 33 57
32 85 32 64 85
47 73 47 56 73
9 37 9 37
44 82 44 72 82
13 41 13 31 41
19 52 19 45 52
24 41 24 36 41
33 72 33 66 72
25 52 25 52
57 74 57 64 74
21 39 21 34 39
5 32 5 32
24 49 24 35 49
32 62 32 38 62
35 73 35 49 73
31 89 31 68 89
44 72 44 72
17 51 17 51
43 80 43 68 80
42 60 42 60
2 52 2 41 52
8 41 8 41
57 80 57 64 80
37 87 37 87
6 36 6 7 36
45 67 45 66 67
22 53 22 53
41 62 41 62
48 70 48 70
52 87 52 77 87
9 49 9 40 49
27 56 27 37 56
2 42 2 32 42
41 66 41 62 66
34 67 34 65 67
33 70 33 70
34 87 34 65 87
23 34 23 24 34
25 34 25 31 34
32 69 32 42 69
42 85 42 60 85
53 72 53 56 59 72
30 71 30 32 71
28 48 28 48
17 59 17 42 59
47 88 47 80 88
24 57 24 35 57
48 78 48 78
15 43 15 43
5 51 5 32 51
4 41 4 6 41
33 64 33 44 64
21 49 21 32 49
7 35 7 35
17 48 17 40 48
51 78 51 78
12 48 12 28 48
28 42 28 34 42
58 66 58 60 63 66
47 75 47 74 75
12 38 12 14 38
7 46 7 35 46
6 53 6 7 53
32 84 32 75 84
9 42 9 33 42
52 65 52 60 64 65
23 36 23 24 36
54 78 54 67 78
34 72 34 66 72
39 72 39 60 72
52 71 52 60 71
20 44 20 33 44
31 75 31 61 75
46 71 46 52 60 71
11 39 11 38 39
55 78 55 72 78
2 50 2 50
47 74 47 74
17 44 17 40 44
29 47 29 37 47
4 58 4 33 58
48 87 48 65 87
59 87 59 64 65 87
52 67 52 60 67
48 60 48 57 60
11 55 11 30 55
50 86 50 72 86
20 56 20 37 56
43 86 43 68 86
22 53 22 53
23 31 23 25 31
10 58 10 33 58
48 70 48 70
48 61 48 50 52 61
24 47 24 47
38 80 38 63 80
28 34 28 34
58 87 58 73 87
44 85 44 64 85
30 87 30 87
55 82 55 65 82
44 72 44 72
32 79 32 79
49 73 49 73
20 33 20 33
50 76 50 76
56 88 56 60 88
11 47 11 37 47
30 84 30 70 84
35 82 35 82
18 51 18 32 51
51 66 51 62 66
9 56 9 56
57 67 57 60 67
41 84 41 68 84
55 68 55 62 68
2 47 2 32 47
30 68 30 65 68
2 50 2 50
17 54 17 42 54
22 44 22 44
45 71 45 71
16 40 16 40
2 58 2 58
16 49 16 30 49
43 74 43 68 74
10 45 10 33 45
46 64 46 64
37 62 37 41 62
14 40 14 40
33 88 33 88
41 78 41 78
15 49 15 45 49
23 52 23 52
16 53 16 28 53
43 65 43 62 65
48 79 48 65 79
51 89 51 89
43 72 43 47 50 72
21 59 21 32 59
2 55 2 30 55
59 71 59 64 67 71
43 64 43 61 64
58 60 58 60
56 70 56 57 70
41 64 41 61 64
13 49 13 30 49
16 36 16 36
6 48 6 7 48
30 87 30 87
22 54 22 33 54
51 80 51 80
2 52 2 41 52
35 73 35 49 73
2 38 2 38
31 87 31 73 87
48 84 48 70 84
30 60 30 49 60
53 82 53 74 82
11 45 11 19 45
9 30 9 13 30
14 31 14 18 25 31
38 74 38 63 74
6 56 6 34 56
7 45 7 45
42 68 42 68
20 40 20 40
53 84 53 56 84
40 73 40 44 73
39 79 39 65 79
24 48 24 40 48
53 60 53 56 60
30 81 30 81
1 46 1 19 46
48 62 48 62
27 51 27 35 51
56 64 56 64
23 51 23 35 51
57 67 57 60 67
32 69 32 42 69
30 80 30 80
24 52 24 36 52
53 63 53 63
25 55 25 51 55
53 82 53 74 82
39 69 39 69
55 60 55 60
20 46 20 41 46
2 42 2 32 42
41 75 41 61 75
14 43 14 43
56 68 56 62 68
38 74 38 63 74
21 41 21 24 27 41
13 43 13 39 43
22 44 22 44
24 49 24 35 49
19 39 19 26 39
19 54 19 54
50 70 50 70
4 47 4 6 47
16 36 16 36
53 74 53 74
12 55 12 21 55
17 41 17 27 41
54 72 54 58 60 72
6 59 6 38 59
50 60 50 52 60
10 44 10 33 44
1 33 1 18 33
52 76 52 60 63 76
58 73 58 73
9 40 9 40
57 75 57 75
46 69 46 62 69
49 63 49 60 63
1 57 1 30 57
34 71 34 66 71
12 45 12 42 45
27 54 27 37 54
20 55 20 37 55
14 58 14 38 58
38 73 38 56 73
44 84 44 75 84
8 35 8 23 35
28 40 28 37 40
43 74 43 68 74
45 86 45 86
12 58 12 44 58
26 52 26 41 52
29 47 29 37 47
48 62 48 62
2 54 2 4 54
14 44 14 40 44
51 79 51 79
58 80 58 80
3 36 3 36
17 49 17 40 49
0 38 0 2 38
27 45 27 28 45
32 86 32 71 86
54 88 54 80 88
57 78 57 78
3 56 3 34 56
49 83 49 60 83
37 62 37 41 62
25 56 25 53 56
40 84 40 66 84
29 54 29 37 54
40 78 40 78
47 83 47 74 83
3 41 3 36 41
47 73 47 56 73
25 45 25 33 45
58 86 58 69 86
44 64 44 64
25 53 25 53
1 57 1 30 57
38 80 38 63 80
50 71 50 66 71
44 80 44 64 80
47 73 47 56 73
16 41 16 36 41
10 52 10 49 52
43 84 43 68 84
39 78 39 59 78
44 80 44 64 80
22 38 22 38
45 81 45 81
33 79 33 51 79
31 63 31 63
21 46 21 34 46
52 80 52 80
35 81 35 70 81
13 37 13 31 37
3 57 3 33 57
27 59 27 39 59
56 73 56 73
21 38 21 32 38
28 43 28 37 43
1 54 1 14 54
16 43 16 43
41 85 41 85
25 56 25 53 56
43 65 43 62 65
58 88 58 60 88
41 67 41 61 67
38 61 38 39 61
19 53 19 42 53
6 55 6 51 55
35 60 35 49 60
0 30 0 2 30
8 36 8 24 36
50 82 50 65 82
58 65 58 60 64 65
8 54 8 54
12 56 12 47 56
34 74 34 65 74
25 46 25 31 34 46
41 84 41 68 84
39 81 39 62 81
25 52 25 52
31 80 31 63 80
8 33 8 10 33
30 89 30 65 89
1 40 1 32 40
50 82 50 65 82
28 49 28 45 49
45 62 45 49 62
40 82 40 82
41 70 41 70
40 69 40 66 69
4 34 4 34
45 63 45 53 63
21 35 21 24 35
23 56 23 37 56
39 85 39 60 85
48 65 48 65
43 76 43 68 76
45 70 45 70
31 72 31 37 72
31 77 31 77
18 57 18 32 57
26 52 26 41 52
54 65 54 62 65
10 38 10 15 38
35 84 35 68 84
39 80 39 80
58 82 58 76 82
36 71 36 60 71
26 52 26 41 52
57 86 57 68 86
14 51 14 38 51
22 49 22 49
1 38 1 32 38
34 64 34 46 64
40 80 40 80
24 44 24 40 44
15 47 15 39 47
42 69 42 69
49 75 49 75
16 49 16 30 49
38 67 38 58 67
28 51 28 38 51
31 65 31 34 65
43 78 43 47 56 78
40 77 40 66 77
44 68 44 53 57 68
21 55 21 55
37 78 37 72 78
50 62 50 62
23 54 23 37 54
3 56 3 34 56
38 66 38 62 66
14 33 14 18 33
25 39 25 26 39
23 37 23 37
10 57 10 33 57
4 59 4 42 59
32 61 32 42 61
24 50 24 47 50
2 37 2 27 37
15 39 15 39
55 80 55 72 80
12 43 12 14 43
8 42 8 37 42
31 77 31 77
24 55 24 55
26 34 26 34
43 89 43 68 89
19 56 19 45 56
42 74 42 63 74
27 40 27 35 40
3 31 3 20 31
50 86 50 72 86
52 71 52 60 71
32 83 32 34 83
54 71 54 61 71
3 43 3 43
15 31 15 19 25 31
27 43 27 37 43
32 76 32 64 76
11 51 11 35 51
29 43 29 43
22 33 22 33
41 63 41 52 60 63
57 65 57 64 65
33 87 33 66 87
43 62 43 62
9 41 9 37 41
28 52 28 52
18 47 18 47
2 49 2 49
18 43 18 33 43
49 83 49 60 83
37 61 37 41 61
21 52 21 28 52
13 43 13 39 43
57 82 57 76 82
22 55 22 55
49 78 49 78
39 67 39 60 67
5 32 5 32
52 82 52 80 82
9 37 9 37
9 37 9 37
14 36 14 18 36
35 89 35 89
18 36 18 36
48 63 48 63
20 57 20 57
32 68 32 38 68
12 33 12 18 33
15 33 15 19 33
7 35 7 35
46 88 46 68 88
55 64 55 60 64
28 37 28 37
31 88 31 68 88
11 34 11 17 34
30 89 30 65 89
33 74 33 66 74
24 52 24 36 52
33 66 33 66
47 72 47 66 72
9 42 9 33 42
24 42 24 42
31 84 31 68 84
53 72 53 56 59 72
15 54 15 43 54
41 79 41 65 79
8 55 8 37 55
41 62 41 62
4 42 4 42
55 62 55 62
32 70 32 45 70
45 88 45 71 88
0 57 0 35 57
38 75 38 75
3 57 3 33 57
0 41 0 41
45 74 45 66 74
5 42 5 32 42
22 44 22 44
27 58 27 58
42 88 42 60 88
49 66 49 66
58 73 58 73
25 56 25 53 56
20 59 20 59
59 75 59 74 75
31 84 31 68 84
44 61 44 53 61
16 30 16 30
3 58 3 33 58
18 41 18 36 41
10 39 10 34 39
11 47 11 37 47
8 59 8 38 59
36 70 36 41 70
34 82 34 65 82
21 42 21 32 42
7 38 7 9 38
25 37 25 31 37
56 60 56 60
14 38 14 38
46 73 46 52 60 73
16 40 16 40
52 64 52 60 64
12 51 12 21 51
50 62 50 62
49 80 49 67 80
8 37 8 37
53 73 53 56 73
46 69 46 62 69
53 73 53 56 73
55 64 55 60 64
6 35 6 7 35
54 67 54 67
2 56 2 56
48 79 48 65 79
25 40 25 40
7 51 7 35 51
54 67 54 67
20 31 20 31
58 65 58 60 64 65
32 62 32 38 62
35 88 35 68 88
34 79 34 65 79
36 62 36 62
46 64 46 64
49 64 49 60 64
3 46 3 46
36 63 36 60 63
56 88 56 60 88
3 43 3 43
35 82 35 82
15 53 15 44 53
57 75 57 75
23 46 23 35 46
38 79 38 50 79
13 47 13 47
13 34 13 31 34
2 48 2 27 48
19 59 19 32 59
18 47 18 47
48 74 48 74
10 31 10 12 20 31
32 74 32 64 74
47 65 47 65
38 83 38 83
3 45 3 45
7 30 7 13 30
38 71 38 51 71
25 50 25 26 47 50
43 78 43 47 56 78
13 33 13 31 33
44 67 44 64 67
0 30 0 2 30
17 49 17 40 49
26 56 26 34 56
16 51 16 36 51
24 41 24 36 41
57 64 57 64
34 62 34 39 62
32 81 32 67 81
49 89 49 67 89
24 41 24 36 41
27 39 27 39
12 53 12 42 53
13 32 13 30 32
27 55 27 35 55
1 54 1 14 54
11 45 11 19 45
40 88 40 71 88
43 61 43 61
25 48 25 33 48
9 46 9 19 46
0 42 0 40 42
30 77 30 65 77
33 61 33 42 61
4 49 4 45 49
14 45 14 45
43 76 43 68 76
49 68 49 62 68
21 44 21 28 37 44
10 40 10 24 40
14 56 14 34 56
45 85 45 70 85
11 35 11 35
26 38 26 28 38
3 58 3 33 58
53 81 53 63 81
51 66 51 62 66
0 58 0 35 58
28 59 28 38 59
36 83 36 83
35 78 35 72 78
46 63 46 52 60 63
55 73 55 60 73
22 35 22 35
31 73 31 73
54 88 54 80 88
17 37 17 18 37
7 37 7 9 37
23 55 23 35 55
31 78 31 78
10 37 10 18 37
17 40 17 40
11 32 11 30 32
35 72 35 72
5 47 5 32 47
35 82 35 82
50 87 50 65 87
4 43 4 33 43
56 61 56 61
35 75 35 75
53 72 53 56 59 72
25 31 25 31
50 89 50 89
27 47 27 47
47 72 47 66 72
22 57 22 57
22 57 22 57
20 54 20 33 54
58 78 58 67 78
26 59 26 39 59
4 53 4 42 53
50 66 50 66
11 45 11 19 45
30 73 30 31 73
23 40 23 35 40
31 67 31 61 67
43 64 43 61 64
59 68 59 64 65 68
46 89 46 65 89
18 41 18 36 41
33 69 33 66 69
24 49 24 35 49
57 71 57 71
22 51 22 33 51
16 45 16 40 45
1 50 1 50
1 31 1 30 31
42 67 42 60 67
12 57 12 57
32 83 32 34 83
3 54 3 54
4 37 4 8 37
50 84 50 66 84
45 76 45 66 76
0 37 0 8 37
15 48 15 27 48
4 55 4 55
44 63 44 53 63
37 68 37 66 68
54 74 54 61 64 74
1 37 1 18 37
8 55 8 37 55
41 74 41 74
32 73 32 49 73
51 71 51 71
7 45 7 45
31 65 31 34 65
12 59 12 42 59
34 75 34 42 75
57 83 57 60 83
38 71 38 51 71
32 66 32 34 66
32 85 32 64 85
55 85 55 85
51 73 51 55 60 73
37 65 37 41 65
46 72 46 55 72
45 69 45 66 69
24 34 24 34
11 57 11 30 57
50 73 50 52 60 73
36 78 36 40 78
8 44 8 37 44
9 56 9 56
27 48 27 48
2 51 2 32 51
24 42 24 42
10 59 10 15 59
40 68 40 66 68
49 88 49 88
29 42 29 37 42
0 35 0 35
27 58 27 58
12 47 12 47
29 43 29 43
14 31 14 18 25 31
28 34 28 34
13 34 13 31 34
30 83 30 80 83
13 59 13 31 59
56 79 56 79
56 82 56 65 82
45 69 45 66 69
5 36 5 7 36
30 65 30 65
37 73 37 44 73
21 34 21 34
38 82 38 72 82
35 77 35 77
20 53 20 37 53
46 76 46 64 76
27 34 27 28 34
48 65 48 65
46 86 46 68 86
21 39 21 34 39
39 67 39 60 67
35 67 35 64 67
14 38 14 38
30 85 30 85
15 59 15 59
26 38 26 28 38
13 59 13 31 59
4 53 4 42 53
2 46 2 35 46
31 76 31 63 76
38 88 38 68 88
16 40 16 40
10 43 10 43
21 51 21 51
39 85 39 60 85
48 75 48 62 75
40 85 40 64 85
42 81 42 63 81
12 39 12 28 39
47 85 47 65 85
40 73 40 44 73
28 48 28 48
20 53 20 37 53
40 84 40 66 84
46 73 46 52 60 73
46 78 46 78
56 87 56 65 87
55 75 55 62 75
28 43 28 37 43
27 41 27 41
58 67 58 67
3 40 3 40
12 33 12 18 33
29 57 29 57
58 63 58 60 63
58 65 58 60 64 65
36 77 36 77
54 62 54 62
30 61 30 31 61
57 84 57 84
55 68 55 62 68
26 43 26 39 43
49 86 49 86
47 79 47 65 79
7 42 7 42
11 49 11 30 49
4 43 4 33 43
32 88 32 71 88
5 45 5 32 45
34 69 34 66 69
18 39 18 34 39
48 71 48 57 71
47 66 47 66
46 71 46 52 60 71
24 53 24 42 53
8 59 8 38 59
1 56 1 30 56
46 81 46 62 81
14 57 14 53 57
29 42 29 37 42
21 58 21 58
42 70 42 45 70
33 72 33 66 72
27 38 27 28 38
50 78 50 72 78
14 51 14 38 51
0 51 0 35 51
50 60 50 52 60
54 89 54 67 89
49 87 49 87
47 63 47 56 63
4 31 4 11 30 31
21 53 21 28 53
5 34 5 34
57 71 57 71
29 50 29 48 50
42 84 42 68 84
19 58 19 58
25 33 25 33
40 75 40 71 75
9 51 9 33 51
58 76 58 76
15 56 15 38 56
41 67 41 61 67
28 38 28 38
31 64 31 61 64
31 75 31 61 75
18 34 18 34
12 47 12 47
36 70 36 41 70
53 63 53 63
21 48 21 28 48
18 52 18 52
16 34 16 34
6 32 6 13 30 32
41 79 41 65 79
43 69 43 69
28 41 28 37 41
11 51 11 35 51
8 55 8 37 55
6 34 6 34
0 36 0 36
0 45 0 40 45
10 51 10 33 51
23 44 23 37 44
53 66 53 63 66
39 68 39 62 68
33 87 33 66 87
27 56 27 37 56
35 72 35 72
41 77 41 65 77
27 53 27 37 53
11 56 11 56
27 42 27 37 42
45 69 45 66 69
20 52 20 41 52
30 81 30 81
21 59 21 32 59
14 47 14 43 47
12 44 12 44
51 86 51 69 86
15 57 15 22 57
58 63 58 60 63
4 58 4 33 58
27 54 27 37 54
9 31 9 13 31
42 71 42 60 71
4 34 4 34
20 52 20 41 52
34 67 34 65 67
29 51 29 35 51
47 74 47 74
54 75 54 61 75
7 46 7 35 46
33 70 33 70
11 55 11 30 55
19 31 19 25 31
21 48 21 28 48
32 67 32 67
40 89 40 80 89
5 36 5 7 36
18 31 18 25 31
52 69 52 60 69
12 56 12 47 56
35 78 35 72 78
15 56 15 38 56
51 73 51 55 60 73
24 37 24 27 37
23 59 23 39 59
42 67 42 60 67
41 74 41 74
4 39 4 34 39
14 50 14 38 50
3 32 3 5 32
53 83 53 74 83
45 65 45 56 65
2 45 2 32 45
32 88 32 71 88
55 89 55 65 89
20 48 20 33 48
31 79 31 79
36 87 36 87
9 34 9 16 34
53 80 53 63 80
47 89 47 89
13 47 13 47
31 61 31 61
44 86 44 86
30 82 30 65 82
35 82 35 82
30 88 30 69 88
13 57 13 30 57
40 62 40 43 62
49 76 49 66 76
38 66 38 62 66
15 49 15 45 49
47 60 47 56 60
28 48 28 48
14 34 14 34
26 37 26 28 37
45 87 45 87
29 36 29 36
23 47 23 37 47
39 85 39 60 85
22 47 22 43 47
13 42 13 42
22 54 22 33 54
57 79 57 71 79
11 52 11 52
49 88 49 88
40 68 40 66 68
39 73 39 60 73
3 54 3 54
30 80 30 80
36 68 36 62 68
20 59 20 59
16 51 16 36 51
47 62 47 50 62
34 78 34 78
30 62 30 49 62
18 55 18 37 55
5 43 5 39 43
32 80 32 64 80
42 72 42 72
47 70 47 70
6 36 6 7 36
12 56 12 47 56
53 70 53 57 70
5 30 5 13 30
5 55 5 19 55
25 38 25 28 38
20 59 20 59
12 38 12 14 38
21 52 21 28 52
25 55 25 51 55
42 75 42 75
24 39 24 34 39
27 49 27 49
30 61 30 31 61
57 87 57 87
19 55 19 55
34 72 34 66 72
50 87 50 65 87
24 53 24 42 53
1 55 1 55
21 50 21 24 47 50
21 52 21 28 52
3 55 3 46 55
39 62 39 62
19 37 19 25 31 37
7 58 7 58
23 35 23 35
14 50 14 38 50
35 64 35 64
7 33 7 9 33
18 41 18 36 41
51 69 51 69
48 65 48 65
15 55 15 51 55
8 59 8 38 59
6 50 6 50
12 32 12 18 32
2 42 2 32 42
15 46 15 41 46
46 60 46 52 60
39 80 39 80
8 35 8 23 35
49 89 49 67 89
57 75 57 75
49 83 49 60 83
46 66 46 62 66
23 41 23 37 41
11 40 11 35 40
48 75 48 62 75
51 85 51 85
42 75 42 75
46 86 46 68 86
33 89 33 70 89
21 34 21 34
46 82 46 82
58 74 58 60 63 74
53 79 53 79
56 75 56 61 75
48 88 48 88
26 46 26 34 46
12 31 12 20 31
10 34 10 34
31 67 31 61 67
7 46 7 35 46
55 79 55 79
17 51 17 51
51 75 51 75
2 53 2 53
1 48 1 29 48
10 39 10 34 39
33 78 33 42 78
16 54 16 43 54
29 50 29 48 50
6 54 6 8 54
13 42 13 42
57 85 57 60 85
25 58 25 31 58
27 51 27 35 51
19 34 19 32 34
33 78 33 42 78
32 79 32 79
46 61 46 52 61
52 71 52 60 71
49 61 49 52 61
28 34 28 34
29 40 29 35 40
35 70 35 70
16 42 16 34 42
49 84 49 84
44 69 44 53 69
13 35 13 27 35
37 77 37 66 77
34 63 34 39 63
4 41 4 6 41
53 82 53 74 82
2 30 2 30
2 57 2 57
31 84 31 68 84
24 41 24 36 41
12 33 12 18 33
13 56 13 56
47 81 47 81
5 56 5 34 56
22 47 22 43 47
57 65 57 64 65
31 77 31 77
44 72 44 72
15 43 15 43
49 62 49 62
10 45 10 33 45
40 64 40 64
31 81 31 63 81
57 86 57 68 86
40 60 40 42 60
10 37 10 18 37
32 60 32 42 60
42 72 42 72
6 59 6 38 59
20 31 20 31
36 74 36 65 74
5 50 5 10 50
30 73 30 31 73
36 65 36 65
43 67 43 61 67
39 86 39 63 86
44 72 44 72
43 65 43 62 65
12 47 12 47
43 84 43 68 84
44 73 44 73
37 83 37 40 83
17 57 17 53 57
9 50 9 50
44 72 44 72
53 88 53 69 88
35 78 35 72 78
11 33 11 19 33
27 34 27 28 34
45 67 45 66 67
39 74 39 74
11 43 11 43
34 62 34 39 62
35 83 35 80 83
15 47 15 39 47
57 80 57 64 80
44 62 44 53 56 62
12 41 12 20 41
8 49 8 10 49
20 57 20 57
59 87 59 64 65 87
9 50 9 50
29 53 29 37 53
9 34 9 16 34
8 41 8 41
3 58 3 33 58
10 35 10 22 35
32 74 32 64 74
23 49 23 35 49
47 66 47 66
26 55 26 55
12 59 12 42 59
41 62 41 62
26 54 26 28 37 54
38 75 38 75
7 40 7 35 40
20 42 20 33 42
58 67 58 67
11 43 11 43
22 40 22 35 40
55 89 55 65 89
45 79 45 71 79
13 31 13 31
54 62 54 62
45 78 45 78
52 74 52 60 63 74
8 57 8 37 57
34 81 34 81
37 66 37 66
46 79 46 65 79
4 39 4 34 39
34 75 34 42 75
4 50 4 6 50
36 69 36 60 69
57 87 57 87
43 68 43 68
37 81 37 81
31 82 31 82
56 88 56 60 88
33 80 33 42 80
53 82 53 74 82
15 53 15 44 53
36 85 36 60 85
16 56 16 30 56
26 49 26 28 45 49
33 81 33 70 81
29 45 29 35 40 45
34 83 34 83
53 60 53 56 60
14 49 14 40 49
39 76 39 63 76
53 65 53 56 65
42 84 42 68 84
48 65 48 65
8 42 8 37 42
46 73 46 52 60 73
6 39 6 34 39
59 78 59 78
35 75 35 75
21 57 21 57
5 38 5 32 38
36 64 36 60 64
50 89 50 89
48 71 48 57 71
19 33 19 33
17 50 17 18 50
49 85 49 60 85
12 36 12 18 36
24 46 24 34 46
45 75 45 71 75
2 47 2 32 47
8 40 8 37 40
18 51 18 32 51
42 79 42 78 79
43 60 43 47 56 60
55 62 55 62
4 56 4 56
4 43 4 33 43
13 50 13 30 50
12 58 12 44 58
59 88 59 88
28 39 28 39
56 85 56 85
17 50 17 18 50
0 40 0 40
28 39 28 39
43 65 43 62 65
6 32 6 13 30 32
29 53 29 37 53
17 33 17 18 33
56 69 56 60 69
18 58 18 32 58
40 68 40 66 68
14 47 14 43 47
53 77 53 57 77
15 50 15 38 50
46 71 46 52 60 71
46 86 46 68 86
9 50 9 50
39 76 39 63 76
14 58 14 38 58
30 69 30 69
13 56 13 56
46 78 46 78
26 37 26 28 37
10 51 10 33 51
25 39 25 26 39
40 81 40 80 81
24 44 24 40 44
57 87 57 87
16 48 16 40 48
32 64 32 64
11 54 11 37 54
30 87 30 87
10 55 10 22 55
55 79 55 79
4 46 4 34 46
32 81 32 67 81
54 62 54 62
42 85 42 60 85
10 53 10 53
33 72 33 66 72
47 80 47 80
2 53 2 53
30 60 30 49 60
45 66 45 66
56 86 56 63 86
13 43 13 39 43
46 60 46 52 60
11 42 11 37 42
53 73 53 56 73
35 66 35 40 66
7 37 7 9 37
45 83 45 49 50 83
10 43 10 43
51 84 51 84
31 76 31 63 76
52 79 52 60 71 79
41 64 41 61 64
9 51 9 33 51
51 72 51 55 72
51 88 51 88
13 45 13 42 45
54 74 54 61 64 74
14 34 14 34
33 64 33 44 64
13 50 13 30 50
25 45 25 33 45
39 65 39 65
4 40 4 14 40
55 74 55 65 74
57 75 57 75
18 39 18 34 39
5 41 5 7 41
43 75 43 61 75
54 64 54 61 64
40 81 40 80 81
48 72 48 50 72
59 64 59 64
56 61 56 61
26 42 26 34 42
49 63 49 60 63
34 85 34 65 85
10 54 10 33 54
55 79 55 79
15 41 15 41
8 36 8 24 36
39 85 39 60 85
50 67 50 65 67
46 77 46 65 77
53 76 53 63 76
57 66 57 66
54 76 54 58 76
0 53 0 2 53
21 42 21 32 42
27 57 27 35 57
56 75 56 61 75
44 68 44 53 57 68
9 38 9 38
28 34 28 34
21 39 21 34 39
21 32 21 32
42 68 42 68
29 36 29 36
52 61 52 61
19 34 19 32 34
9 40 9 40
53 71 53 61 71
53 69 53 69
20 43 20 43
33 65 33 48 65
0 49 0 35 49
40 63 40 42 63
30 80 30 80
43 67 43 61 67
35 67 35 64 67
33 85 33 70 85
44 66 44 53 57 66
21 49 21 32 49
16 34 16 34
31 85 31 70 85
7 30 7 13 30
8 44 8 37 44
40 67 40 64 67
25 31 25 31
59 81 59 64 65 81
16 56 16 30 56
35 65 35 64 65
16 59 16 59
32 72 32 38 72
39 63 39 63
51 87 51 65 87
33 66 33 66
34 64 34 46 64
32 66 32 34 66
51 79 51 79
35 64 35 64
1 58 1 58
15 37 15 27 37
48 73 48 57 60 73
25 51 25 51
18 41 18 36 41
25 42 25 33 42
16 40 16 40
58 67 58 67
56 78 56 78
30 88 30 69 88
28 46 28 34 46
26 40 26 28 37 40
39 70 39 70
18 40 18 32 40
50 74 50 65 74
34 60 34 39 60
11 46 11 35 46
31 62 31 41 62
33 78 33 42 78
40 71 40 71
32 80 32 64 80
23 42 23 37 42
54 84 54 58 75 84
9 37 9 37
6 33 6 10 33
14 45 14 45
52 64 52 60 64
35 71 35 71
49 89 49 67 89
38 70 38 39 70
25 31 25 31
22 48 22 33 48
20 42 20 33 42
2 35 2 35
22 46 22 46
16 36 16 36
3 37 3 8 37
27 52 27 52
47 70 47 70
47 78 47 56 78
6 48 6 7 48
14 41 14 18 36 41
30 76 30 76
3 55 3 46 55
51 69 51 69
39 69 39 69
32 71 32 71
1 52 1 50 52
0 41 0 41
54 60 54 58 60
45 68 45 66 68
38 78 38 72 78
8 51 8 38 51
44 75 44 75
6 32 6 13 30 32
57 79 57 71 79
32 66 32 34 66
54 64 54 61 64
13 40 13 19 40
25 40 25 40
39 70 39 70
26 42 26 34 42
49 78 49 78
11 41 11 41
36 61 36 41 61
3 46 3 46
16 37 16 20 37
7 37 7 9 37
17 56 17 34 56
10 59 10 15 59
27 38 27 28 38
9 48 9 33 48
13 35 13 27 35
20 51 20 33 51
52 75 52 75
32 77 32 67 77
10 48 10 48
29 55 29 35 55
21 57 21 57
1 37 1 18 37
46 73 46 52 60 73
59 86 59 72 86
27 38 27 28 38
9 33 9 33
32 68 32 38 68
18 31 18 25 31
1 37 1 18 37
43 80 43 68 80
4 41 4 6 41
49 79 49 79
35 79 35 71 79
51 63 51 55 60 63
57 65 57 64 65
40 62 40 43 62
39 80 39 80
41 80 41 68 80
55 63 55 60 63
21 48 21 28 48
5 41 5 7 41
9 43 9 33 43
26 50 26 47 50
53 75 53 61 75
0 35 0 35
35 87 35 71 87
42 61 42 61
45 81 45 81
32 76 32 64 76
37 67 37 66 67
15 55 15 51 55
26 50 26 47 50
28 51 28 38 51
49 77 49 60 77
12 41 12 20 41
40 74 40 64 74
29 40 29 35 40
37 61 37 41 61
5 53 5 7 53
20 42 20 33 42
52 74 52 60 63 74
54 72 54 58 60 72
32 86 32 71 86
11 58 11 58
19 49 19 32 49
52 64 52 60 64
59 76 59 64 76
8 51 8 38 51
9 53 9 37 53
16 30 16 30
6 31 6 13 31
11 48 11 37 48
11 59 11 38 59
22 42 22 33 42
5 38 5 32 38
41 85 41 85
43 75 43 61 75
7 35 7 35
59 64 59 64
32 86 32 71 86
28 45 28 45
49 74 49 74
32 73 32 49 73
57 65 57 64 65
24 47 24 47
55 73 55 60 73
9 34 9 16 34
41 74 41 74
42 77 42 60 77
53 70 53 57 70
47 69 47 66 69
17 44 17 40 44
58 65 58 60 64 65
42 80 42 80
20 51 20 33 51
11 42 11 37 42
4 46 4 34 46
19 38 19 32 38
37 76 37 66 76
55 64 55 60 64
53 61 53 61
57 83 57 60 83
14 33 14 18 33
21 59 21 32 59
9 39 9 39
54 85 54 85
28 58 28 37 58
26 46 26 34 46
8 39 8 39
25 42 25 33 42
19 40 19 40
42 89 42 68 89
18 58 18 32 58
58 68 58 60 64 65 68
0 50 0 50
27 44 27 37 44
54 63 54 58 60 63
18 38 18 32 38
23 55 23 35 55
26 44 26 28 37 44
15 57 15 22 57
3 44 3 33 44
12 35 12 24 35
30 75 30 75
52 60 52 60
12 41 12 20 41
12 35 12 24 35
5 39 5 39
37 84 37 84
52 69 52 60 69
14 52 14 52
15 36 15 29 36
7 32 7 18 32
53 76 53 63 76
1 30 1 30
56 80 56 63 80
23 33 23 25 33
37 73 37 44 73
55 77 55 60 77
34 86 34 86
9 57 9 33 57
32 81 32 67 81
47 76 47 76
29 37 29 37
56 86 56 63 86
10 36 10 18 36
15 36 15 29 36
57 63 57 60 63
48 81 48 81
27 39 27 39
30 88 30 69 88
2 50 2 50
13 43 13 39 43
30 60 30 49 60
47 84 47 66 84
52 79 52 60 71 79
10 45 10 33 45
6 40 6 14 40
35 88 35 68 88
4 39 4 34 39
14 35 14 24 35
10 33 10 33
1 36 1 16 36
31 61 31 61
51 64 51 61 64
38 64 38 56 64
52 82 52 80 82
37 81 37 81
29 57 29 57
21 45 21 32 45
5 45 5 32 45
8 31 8 12 20 31
50 61 50 52 61
20 57 20 57
58 86 58 69 86
51 87 51 65 87
54 81 54 62 81
26 41 26 41
13 43 13 39 43
56 71 56 60 71
19 38 19 32 38
36 87 36 87
24 46 24 34 46
32 68 32 38 68
45 88 45 71 88
6 56 6 34 56
42 72 42 72
39 64 39 60 64
9 48 9 33 48
51 60 51 55 60
22 43 22 43
46 70 46 47 70
19 58 19 58
30 79 30 79
48 81 48 81
57 88 57 88
40 67 40 64 67
25 45 25 33 45
55 78 55 72 78
23 49 23 35 49
58 60 58 60
16 37 16 20 37
9 53 9 37 53
14 52 14 52
1 38 1 32 38
16 42 16 34 42
42 83 42 60 83
50 72 50 72
13 57 13 30 57
49 64 49 60 64
2 52 2 41 52
20 48 20 33 48
51 82 51 82
41 84 41 68 84
6 49 6 10 49
2 35 2 35
15 47 15 39 47
56 68 56 62 68
2 49 2 49
43 66 43 62 66
50 86 50 72 86
38 82 38 72 82
10 55 10 22 55
50 62 50 62
44 89 44 89
41 67 41 61 67
56 67 56 60 67
44 69 44 53 69
21 48 21 28 48
44 60 44 58 60
9 54 9 54
6 32 6 13 30 32
20 44 20 33 44
18 48 18 33 48
51 82 51 82
56 62 56 62
29 40 29 35 40
25 51 25 51
6 39 6 34 39
14 38 14 38
41 75 41 61 75
44 76 44 76
2 59 2 32 59
42 82 42 82
47 67 47 65 67
50 74 50 65 74
37 81 37 81
45 80 45 78 80
39 89 39 89
56 72 56 60 72
7 30 7 13 30
17 50 17 18 50
8 54 8 54
59 85 59 85
54 72 54 58 60 72
5 46 5 34 46
19 40 19 40
40 89 40 80 89
26 51 26 41 51
52 85 52 60 85
49 81 49 62 81
44 69 44 53 69
51 80 51 80
55 71 55 60 71
37 62 37 41 62
14 42 14 42
52 86 52 86
27 52 27 52
21 53 21 28 53
17 37 17 18 37
51 68 51 62 68
8 37 8 37
48 69 48 62 69
33 74 33 66 74
33 67 33 66 67
53 82 53 74 82
5 32 5 32
31 81 31 63 81
16 51 16 36 51
11 48 11 37 48
2 42 2 32 42
36 77 36 77
29 35 29 35
7 46 7 35 46
12 49 12 18 49
4 36 4 11 36
50 73 50 52 60 73
0 32 0 2 32
29 37 29 37
57 66 57 66
33 76 33 66 76
55 67 55 60 67
12 58 12 44 58
53 88 53 69 88
58 64 58 60 64
53 88 53 69 88
36 65 36 65
31 67 31 61 67
3 57 3 33 57
22 39 22 38 39
24 35 24 35
57 82 57 76 82
44 66 44 53 57 66
56 87 56 65 87
52 73 52 60 73
48 62 48 62
42 62 42 46 62
38 85 38 51 85
5 36 5 7 36
13 41 13 31 41
55 84 55 62 66 84
54 64 54 61 64
33 79 33 51 79
36 79 36 79
22 39 22 38 39
31 78 31 78
5 43 5 39 43
19 37 19 25 31 37
53 67 53 61 67
27 47 27 47
0 38 0 2 38
44 64 44 64
51 67 51 61 67
55 81 55 81
4 57 4 57
34 74 34 65 74
11 35 11 35
12 59 12 42 59
10 34 10 34
43 87 43 87
17 31 17 18 25 31
16 50 16 50
9 42 9 33 42
11 30 11 30
31 74 31 63 74
0 31 0 13 31
42 88 42 60 88
9 31 9 13 31
22 42 22 33 42
26 41 26 41
19 40 19 40
7 51 7 35 51
35 88 35 68 88
39 78 39 59 78
2 58 2 58
42 84 42 68 84
45 78 45 78
55 89 55 65 89
32 78 32 67 78
30 76 30 76
16 49 16 30 49
9 33 9 33
35 77 35 77
44 75 44 75
1 46 1 19 46
32 75 32 75
41 89 41 65 89
53 67 53 61 67
47 63 47 56 63
41 61 41 61
35 63 35 49 60 63
47 83 47 74 83
2 35 2 35
44 67 44 64 67
22 51 22 33 51
27 55 27 35 55
32 67 32 67
55 79 55 79
13 57 13 30 57
44 78 44 72 78
47 72 47 66 72
45 67 45 66 67
24 52 24 36 52
26 37 26 28 37
24 59 24 42 59
1 35 1 24 35
41 68 41 68
43 67 43 61 67
39 62 39 62
16 58 16 30 58
19 59 19 32 59
32 88 32 71 88
43 74 43 68 74
18 51 18 32 51
47 75 47 74 75
52 78 52 60 67 78
34 80 34 78 80
8 51 8 38 51
49 78 49 78
57 76 57 76
5 51 5 32 51
32 62 32 38 62
1 55 1 55
39 89 39 89
20 56 20 37 56
17 57 17 53 57
26 55 26 55
7 49 7 35 49
43 72 43 47 50 72
10 37 10 18 37
30 65 30 65
6 38 6 38
37 74 37 66 74
50 64 50 52 60 64
26 56 26 34 56
11 59 11 38 59
14 38 14 38
39 72 39 60 72
29 58 29 35 58
4 58 4 33 58
14 55 14 24 55
51 86 51 69 86
19 31 19 25 31
11 41 11 41
15 58 15 38 58
57 79 57 71 79
24 50 24 47 50
59 76 59 64 76
38 74 38 63 74
21 51 21 51
44 79 44 73 79
51 65 51 65
25 50 25 26 47 50
30 74 30 65 74
41 80 41 68 80
41 78 41 78
19 54 19 54
28 43 28 37 43
50 66 50 66
14 48 14 40 48
25 31 25 31
43 80 43 68 80
33 62 33 43 62
9 51 9 33 51
46 69 46 62 69
51 77 51 77
10 40 10 24 40
12 43 12 14 43
39 77 39 60 77
51 82 51 82
7 50 7 48 50
15 43 15 43
31 81 31 63 81
15 56 15 38 56
44 81 44 73 81
2 57 2 57
53 68 53 57 68
7 37 7 9 37
10 45 10 33 45
17 32 17 18 32
13 48 13 26 48
4 43 4 33 43
41 69 41 62 69
44 78 44 72 78
58 87 58 73 87
0 47 0 47
54 61 54 61
1 32 1 32
44 85 44 64 85
43 81 43 62 81
4 51 4 51
10 31 10 12 20 31
4 58 4 33 58
6 40 6 14 40
4 54 4 54
26 48 26 48
50 78 50 72 78
26 53 26 28 53
18 59 18 59
6 42 6 34 42
19 47 19 32 47
45 71 45 71
47 61 47 56 61
37 85 37 85
37 70 37 41 70
23 36 23 24 36
29 46 29 35 46
10 57 10 33 57
15 37 15 27 37
39 86 39 63 86
42 80 42 80
9 43 9 33 43
51 62 51 62
53 84 53 56 84
54 85 54 85
32 76 32 64 76
47 85 47 65 85
3 46 3 46
49 80 49 67 80
23 48 23 37 48
37 85 37 85
38 68 38 68
45 85 45 70 85
20 47 20 37 47
49 82 49 74 82
43 64 43 61 64
18 45 18 32 45
0 57 0 35 57
10 50 10 50
15 40 15 17 40
5 39 5 39
17 42 17 42
57 87 57 87
52 77 52 77
56 63 56 63
6 45 6 7 45
32 84 32 75 84
36 80 36 80
7 35 7 35
54 67 54 67
8 41 8 41
1 47 1 32 47
33 63 33 42 63
2 32 2 32
39 80 39 80
31 86 31 63 86
9 45 9 33 45
28 44 28 37 44
25 58 25 31 58
45 65 45 56 65
1 49 1 30 49
43 74 43 68 74
15 35 15 22 35
55 62 55 62
46 88 46 68 88
37 66 37 66
34 71 34 66 71
48 78 48 78
1 54 1 14 54
46 66 46 62 66
0 51 0 35 51
53 82 53 74 82
13 59 13 31 59
45 82 45 49 74 82
38 83 38 83
48 60 48 57 60
17 36 17 18 36
32 60 32 42 60
10 51 10 33 51
51 76 51 65 76
20 38 20 25 28 38
56 68 56 62 68
10 52 10 49 52
0 47 0 47
55 65 55 65
21 32 21 32
21 46 21 34 46
10 44 10 33 44
37 64 37 40 64
54 83 54 62 83
19 39 19 26 39
26 53 26 28 53
20 46 20 41 46
58 87 58 73 87
51 69 51 69
19 43 19 33 43
56 84 56 84
48 79 48 65 79
54 89 54 67 89
59 74 59 74
25 37 25 31 37
24 56 24 34 56
7 54 7 42 54
40 69 40 66 69
38 65 38 62 65
11 52 11 52
50 85 50 65 85
30 87 30 87
17 47 17 18 47
30 73 30 31 73
17 38 17 18 32 38
19 54 19 54
45 89 45 89
21 51 21 51
48 85 48 65 85
22 38 22 38
13 38 13 28 38
6 42 6 34 42
29 35 29 35
16 52 16 52
33 61 33 42 61
27 37 27 37
24 36 24 36
54 84 54 58 75 84
58 83 58 60 83
7 44 7 9 33 44
47 67 47 65 67
56 79 56 79
17 57 17 53 57
0 30 0 2 30
38 70 38 39 70
58 89 58 67 89
54 77 54 77
8 31 8 12 20 31
4 59 4 42 59
31 87 31 73 87
12 52 12 50 52
0 34 0 3 34
9 36 9 16 36
11 44 11 37 44
38 73 38 56 73
56 89 56 65 89
49 75 49 75
21 47 21 32 47
43 77 43 54 77
6 57 6 47 57
5 47 5 32 47
14 45 14 45
9 53 9 37 53
15 44 15 44
11 56 11 56
5 48 5 7 48
50 77 50 65 77
32 65 32 64 65
11 33 11 19 33
31 74 31 63 74
14 32 14 18 32
22 54 22 33 54
20 48 20 33 48
16 57 16 30 57
24 38 24 27 28 38
15 51 15 51
59 88 59 88
37 85 37 85
56 74 56 63 74
56 61 56 61
12 43 12 14 43
19 47 19 32 47
45 71 45 71
58 77 58 77
45 89 45 89
3 40 3 40
5 35 5 7 35
18 42 18 42
26 41 26 41
46 75 46 75
5 33 5 10 33
37 71 37 71
53 62 53 56 62
17 38 17 18 32 38
32 67 32 67
3 49 3 49
58 83 58 60 83
8 37 8 37
9 54 9 54
35 80 35 80
17 48 17 40 48
0 46 0 35 46
37 82 37 82
54 73 54 58 73
36 76 36 65 76
7 41 7 41
18 40 18 32 40
45 66 45 66
50 87 50 65 87
27 38 27 28 38
56 63 56 63
30 68 30 65 68
20 55 20 37 55
11 36 11 36
30 75 30 75
32 77 32 67 77
44 72 44 72
9 32 9 19 32
44 82 44 72 82
17 56 17 34 56
58 73 58 73
39 80 39 80
16 39 16 34 39
24 53 24 42 53
6 42 6 34 42
39 85 39 60 85
0 45 0 40 45
22 48 22 33 48
59 89 59 72 89
34 79 34 65 79
41 65 41 65
28 39 28 39
30 77 30 65 77
35 69 35 51 69
28 52 28 52
24 34 24 34
2 33 2 4 33
6 36 6 7 36
24 56 24 34 56
10 55 10 22 55
57 63 57 60 63
56 72 56 60 72
54 67 54 67
59 64 59 64
37 62 37 41 62
35 77 35 77
21 35 21 24 35
33 84 33 66 84
53 80 53 63 80
58 71 58 60 71
4 43 4 33 43
30 60 30 49 60
27 56 27 37 56
45 89 45 89
46 72 46 55 72
12 59 12 42 59
57 66 57 66
45 86 45 86
31 81 31 63 81
28 41 28 37 41
11 44 11 37 44
14 54 14 54
0 39 0 39
44 67 44 64 67
17 54 17 42 54
1 59 1 32 59
36 74 36 65 74
18 53 18 53
17 38 17 18 32 38
23 40 23 35 40
38 72 38 72
28 49 28 45 49
49 60 49 60
57 88 57 88
30 75 30 75
27 40 27 35 40
22 54 22 33 54
7 51 7 35 51
48 68 48 62 68
47 74 47 74
28 43 28 37 43
11 42 11 37 42
9 38 9 38
5 36 5 7 36
4 47 4 6 47
37 78 37 72 78
18 44 18 33 44
17 36 17 18 36
5 58 5 32 58
36 68 36 62 68
20 52 20 41 52
25 46 25 31 34 46
50 70 50 70
22 45 22 45
57 63 57 60 63
50 62 50 62
25 54 25 33 54
5 57 5 57
40 60 40 42 60
20 57 20 57
41 70 41 70
28 55 28 37 55
53 61 53 61
46 79 46 65 79
13 44 13 19 44
29 48 29 48
31 61 31 61
36 89 36 89
27 56 27 37 56
54 74 54 61 64 74
22 59 22 38 59
12 37 12 18 37
5 32 5 32
46 76 46 64 76
16 33 16 20 33
42 78 42 78
27 37 27 37
14 47 14 43 47
38 60 38 39 60
11 34 11 17 34
26 41 26 41
15 35 15 22 35
16 52 16 52
49 73 49 73
29 57 29 57
24 36 24 36
17 58 17 19 58
17 39 17 34 39
10 50 10 50
22 33 22 33
41 84 41 68 84
8 39 8 39
48 78 48 78
0 54 0 43 54
1 33 1 18 33
23 46 23 35 46
36 78 36 40 78
4 31 4 11 30 31
45 70 45 70
53 86 53 86
14 57 14 53 57
38 85 38 51 85
22 50 22 38 50
21 39 21 34 39
51 78 51 78
15 32 15 19 32
34 67 34 65 67
13 49 13 30 49
12 49 12 18 49
34 87 34 65 87
40 77 40 66 77
36 65 36 65
8 48 8 37 48
2 39 2 39
59 88 59 88
22 45 22 45
29 37 29 37
5 47 5 32 47
35 79 35 71 79
1 32 1 32
1 59 1 32 59
40 80 40 80
13 51 13 19 25 51
34 68 34 65 68
48 87 48 65 87
49 82 49 74 82
46 84 46 68 84
46 72 46 55 72
43 88 43 68 88
52 64 52 60 64
12 48 12 28 48
22 42 22 33 42
31 65 31 34 65
45 79 45 71 79
41 64 41 61 64
38 69 38 62 69
20 40 20 40
11 46 11 35 46
59 83 59 74 83
2 50 2 50
3 43 3 43
37 82 37 82
19 50 19 26 47 50
18 46 18 34 46
53 85 53 85
21 41 21 24 27 41
52 87 52 77 87
53 66 53 63 66
31 72 31 37 72
7 31 7 13 31
18 40 18 32 40
49 60 49 60
42 67 42 60 67
31 66 31 63 66
9 33 9 33
12 35 12 24 35
37 66 37 66
25 47 25 43 47
17 33 17 18 33
40 70 40 43 70
45 86 45 86
46 81 46 62 81
28 34 28 34
46 71 46 52 60 71
39 64 39 60 64
14 42 14 42
22 47 22 43 47
24 36 24 36
47 67 47 65 67
55 89 55 65 89
23 39 23 39
17 48 17 40 48
14 43 14 43
17 57 17 53 57
32 79 32 79
35 74 35 64 74
49 87 49 87
11 54 11 37 54
49 71 49 60 71
57 69 57 69
16 32 16 30 32
1 47 1 32 47
52 82 52 80 82
55 72 55 72
28 42 28 34 42
35 63 35 49 60 63
6 59 6 38 59
22 46 22 46
19 42 19 42
53 69 53 69
47 74 47 74
26 51 26 41 51
9 49 9 40 49
6 39 6 34 39
35 67 35 64 67
43 88 43 68 88
18 32 18 32
25 46 25 31 34 46
56 86 56 63 86
15 56 15 38 56
55 77 55 60 77
49 82 49 74 82
35 61 35 51 61
16 41 16 36 41
27 53 27 37 53
31 78 31 78
19 58 19 58
22 36 22 29 36
28 44 28 37 44
50 77 50 65 77
49 88 49 88
50 73 50 52 60 73
16 48 16 40 48
9 56 9 56
48 82 48 65 82
56 77 56 60 77
19 44 19 44
33 85 33 70 85
44 80 44 64 80
14 46 14 34 46
56 73 56 73
2 33 2 4 33
9 52 9 50 52
11 43 11 43
32 71 32 71
47 73 47 56 73
52 81 52 80 81
24 51 24 35 51
0 35 0 35
11 52 11 52
38 86 38 63 86
4 55 4 55
55 86 55 72 86
7 35 7 35
38 62 38 62
53 82 53 74 82
10 38 10 15 38
43 70 43 70
58 63 58 60 63
27 34 27 28 34
48 83 48 62 83
42 79 42 78 79
12 33 12 18 33
21 36 21 24 36
7 44 7 9 33 44
46 80 46 80
38 78 38 72 78
34 77 34 77
32 72 32 38 72
10 43 10 43
44 76 44 76
30 72 30 50 72
43 69 43 69
24 50 24 47 50
47 64 47 56 64
54 88 54 80 88
57 83 57 60 83
29 58 29 35 58
25 56 25 53 56
15 38 15 38
18 49 18 49
29 48 29 48
8 47 8 47
49 83 49 60 83
42 61 42 61
44 74 44 74
4 39 4 34 39
52 67 52 60 67
50 77 50 65 77
39 78 39 59 78
7 44 7 9 33 44
4 52 4 45 52
37 86 37 69 86
28 49 28 45 49
59 80 59 64 80
25 42 25 33 42
6 46 6 34 46
5 59 5 32 59
16 40 16 40
25 57 25 57
57 80 57 64 80
58 75 58 75
25 42 25 33 42
33 83 33 83
39 83 39 60 83
52 66 52 60 63 66
58 64 58 60 64
1 42 1 32 42
35 85 35 64 85
0 40 0 40
56 65 56 65
31 69 31 37 69
31 72 31 37 72
2 35 2 35
34 64 34 46 64
9 37 9 37
59 89 59 72 89
40 70 40 43 70
11 40 11 35 40
5 37 5 29 37
7 51 7 35 51
15 42 15 17 42
59 77 59 64 65 77
57 73 57 60 73
39 81 39 62 81
44 75 44 75
58 81 58 67 81
12 39 12 28 39
41 79 41 65 79
28 38 28 38
41 81 41 81
15 57 15 22 57
46 64 46 64
48 82 48 65 82
15 52 15 52
40 76 40 64 76
50 88 50 80 88
17 43 17 40 43
15 41 15 41
30 68 30 65 68
24 45 24 40 45
11 47 11 37 47
33 86 33 44 86
42 60 42 60
9 53 9 37 53
37 64 37 40 64
35 63 35 49 60 63
17 56 17 34 56
56 76 56 63 76
24 39 24 34 39
33 81 33 70 81
30 78 30 31 78
47 60 47 56 60
32 82 32 40 82
2 49 2 49
18 58 18 32 58
36 86 36 77 86
35 80 35 80
12 53 12 42 53
35 72 35 72
15 43 15 43
41 76 41 76
40 88 40 71 88
34 72 34 66 72
54 60 54 58 60
34 76 34 65 76
25 57 25 57
56 89 56 65 89
0 42 0 40 42
8 40 8 37 40
4 47 4 6 47
29 52 29 36 52
45 72 45 66 72
54 71 54 61 71
27 46 27 46
48 66 48 62 66
36 85 36 60 85
25 50 25 26 47 50
23 35 23 35
44 80 44 64 80
19 54 19 54
46 67 46 64 67
53 64 53 61 64
5 56 5 34 56
18 51 18 32 51
58 77 58 77
6 45 6 7 45
39 82 39 82
59 85 59 85
32 70 32 45 70
53 76 53 63 76
6 58 6 38 58
19 53 19 42 53
23 57 23 35 57
34 63 34 39 63
58 61 58 61
58 69 58 69
7 36 7 36
52 60 52 60
40 74 40 64 74
1 39 1 15 39
24 46 24 34 46
35 66 35 40 66
54 87 54 77 87
43 71 43 61 71
52 76 52 60 63 76
58 61 58 61
54 61 54 61
23 51 23 35 51
44 86 44 86
9 34 9 16 34
43 70 43 70
47 65 47 65
41 89 41 65 89
10 56 10 34 56
52 65 52 60 64 65
41 74 41 74
8 34 8 10 34
49 85 49 60 85
39 83 39 60 83
23 35 23 35
4 43 4 33 43
39 77 39 60 77
17 42 17 42
59 65 59 64 65
15 56 15 38 56
35 70 35 70
7 46 7 35 46
23 33 23 25 33
13 45 13 42 45
45 85 45 70 85
6 55 6 51 55
33 60 33 42 60
12 49 12 18 49
23 52 23 52
25 49 25 31 49
12 50 12 50
42 71 42 60 71
20 40 20 40
4 35 4 11 35
29 46 29 35 46
32 76 32 64 76
59 89 59 72 89
4 40 4 14 40
20 39 20 26 39
23 37 23 37
25 43 25 43
13 38 13 28 38
6 39 6 34 39
49 81 49 62 81
26 34 26 34
12 51 12 21 51
20 40 20 40
13 42 13 42
38 75 38 75
13 43 13 39 43
16 37 16 20 37
50 75 50 62 75
10 51 10 33 51
39 61 39 61
56 73 56 73
25 34 25 31 34
30 70 30 70
30 77 30 65 77
50 67 50 65 67
2 54 2 4 54
30 82 30 65 82
46 77 46 65 77
56 71 56 60 71
40 83 40 83
31 86 31 63 86
33 69 33 66 69
29 42 29 37 42
32 84 32 75 84
39 72 39 60 72
4 36 4 11 36
34 69 34 66 69
47 81 47 81
33 81 33 70 81
43 72 43 47 50 72
41 81 41 81
11 54 11 37 54
19 34 19 32 34
33 80 33 42 80
29 50 29 48 50
29 54 29 37 54
45 88 45 71 88
11 48 11 37 48
51 89 51 89
1 41 1 15 41
8 36 8 24 36
38 85 38 51 85
2 43 2 38 43
20 50 20 49 50
53 79 53 79
1 51 1 51
16 38 16 28 38
44 74 44 74
49 69 49 60 69
23 34 23 24 34
58 76 58 76
46 64 46 64
18 34 18 34
46 66 46 62 66
39 72 39 60 72
59 74 59 74
57 79 57 71 79
57 84 57 84
50 65 50 65
20 55 20 37 55
34 85 34 65 85
18 32 18 32
11 36 11 36
13 31 13 31
4 36 4 11 36
48 68 48 62 68
50 81 50 62 81
33 89 33 70 89
29 48 29 48
4 36 4 11 36
44 82 44 72 82
41 68 41 68
50 65 50 65
48 82 48 65 82
58 80 58 80
54 78 54 67 78
0 56 0 56
14 36 14 18 36
41 82 41 65 82
46 63 46 52 60 63
47 79 47 65 79
32 64 32 64
49 89 49 67 89
48 76 48 76
33 78 33 42 78
25 33 25 33
29 48 29 48
46 83 46 62 83
2 33 2 4 33
35 60 35 49 60
12 54 12 42 54
2 51 2 32 51
55 74 55 65 74
35 64 35 64
12 45 12 42 45
6 58 6 38 58
34 71 34 66 71
55 78 55 72 78
15 38 15 38
39 67 39 60 67
37 75 37 71 75
25 33 25 33
3 44 3 33 44
17 42 17 42
34 70 34 39 70
15 38 15 38
4 40 4 14 40
48 78 48 78
3 35 3 24 35
49 60 49 60
55 71 55 60 71
32 69 32 42 69
41 60 41 52 60
20 31 20 31
36 89 36 89
26 54 26 28 37 54
43 82 43 82
25 31 25 31
0 58 0 35 58
26 48 26 48
35 71 35 71
9 53 9 37 53
37 87 37 87
17 53 17 53
50 89 50 89
16 59 16 59
6 53 6 7 53
43 88 43 68 88
13 54 13 42 54
40 64 40 64
39 74 39 74
15 35 15 22 35
2 33 2 4 33
44 64 44 64
33 63 33 42 63
18 53 18 53
16 41 16 36 41
31 77 31 77
34 73 34 56 73
55 69 55 60 69
15 35 15 22 35
15 45 15 45
0 54 0 43 54
7 36 7 36
45 66 45 66
53 74 53 74
45 83 45 49 50 83
56 72 56 60 72
14 41 14 18 36 41
42 69 42 69
32 89 32 89
45 64 45 56 64
39 77 39 60 77
51 63 51 55 60 63
31 64 31 61 64
59 67 59 64 67
49 68 49 62 68
59 76 59 64 76
43 80 43 68 80
3 33 3 33
51 69 51 69
39 68 39 62 68
18 58 18 32 58
52 77 52 77
11 56 11 56
14 45 14 45
18 50 18 50
49 65 49 62 65
54 88 54 80 88
31 75 31 61 75
57 77 57 77
48 87 48 65 87
2 55 2 30 55
44 61 44 53 61
24 46 24 34 46
10 34 10 34
21 41 21 24 27 41
49 84 49 84
52 66 52 60 63 66
2 42 2 32 42
39 69 39 69
45 72 45 66 72
21 46 21 34 46
55 63 55 60 63
51 64 51 61 64
42 72 42 72
15 43 15 43
3 37 3 8 37
4 48 4 33 48
51 61 51 61
21 49 21 32 49
49 64 49 60 64
15 41 15 41
14 57 14 53 57
37 67 37 66 67
35 87 35 71 87
44 77 44 73 77
6 37 6 8 37
25 57 25 57
25 33 25 33
12 58 12 44 58
55 72 55 72
7 52 7 36 52
51 84 51 84
54 75 54 61 75
42 60 42 60
32 63 32 38 63
16 56 16 30 56
46 73 46 52 60 73
30 71 30 32 71
7 44 7 9 33 44
36 69 36 60 69
4 38 4 6 38
49 77 49 60 77
28 37 28 37
45 79 45 71 79
46 61 46 52 61
2 58 2 58
39 63 39 63
47 69 47 66 69
31 75 31 61 75
17 50 17 18 50
14 53 14 53
30 81 30 81
41 82 41 65 82
16 36 16 36
34 78 34 78
20 48 20 33 48
42 75 42 75
25 40 25 40
40 70 40 43 70
19 57 19 32 57
51 80 51 80
37 69 37 69
37 81 37 81
13 53 13 42 53
39 80 39 80
51 76 51 65 76
6 50 6 50
27 49 27 49
22 45 22 45
7 32 7 18 32
16 36 16 36
41 74 41 74
19 45 19 45
17 42 17 42
39 89 39 89
15 49 15 45 49
51 76 51 65 76
49 88 49 88
56 85 56 85
34 81 34 81
4 35 4 11 35
3 33 3 33
13 53 13 42 53
53 83 53 74 83
48 82 48 65 82
53 85 53 85
39 75 39 61 75
23 42 23 37 42
56 86 56 63 86
0 46 0 35 46
34 62 34 39 62
5 30 5 13 30
12 53 12 42 53
40 69 40 66 69
3 34 3 34
24 55 24 55
19 33 19 33
47 63 47 56 63
57 71 57 71
20 49 20 49
6 43 6 38 43
24 57 24 35 57
6 39 6 34 39
36 83 36 83
31 88 31 68 88
43 86 43 68 86
24 44 24 40 44
43 61 43 61
21 38 21 32 38
59 87 59 64 65 87
40 82 40 82
49 70 49 50 70
32 63 32 38 63
0 59 0 39 59
21 41 21 24 27 41
31 63 31 63
10 53 10 53
43 72 43 47 50 72
53 65 53 56 65
56 81 56 81
46 64 46 64
40 70 40 43 70
27 47 27 47
36 74 36 65 74
19 46 19 46
12 42 12 42
29 49 29 35 49
28 54 28 37 54
1 58 1 58
5 50 5 10 50
2 38 2 38
14 58 14 38 58
7 32 7 18 32
27 49 27 49
32 61 32 42 61
4 42 4 42
45 60 45 49 60
50 87 50 65 87
3 55 3 46 55
19 39 19 26 39
1 57 1 30 57
32 81 32 67 81
43 89 43 68 89
28 49 28 45 49
12 59 12 42 59
58 83 58 60 83
18 40 18 32 40
31 84 31 68 84
11 36 11 36
35 66 35 40 66
3 37 3 8 37
58 71 58 60 71
11 30 11 30
14 42 14 42
23 56 23 37 56
18 53 18 53
1 52 1 50 52
46 83 46 62 83
14 45 14 45
27 35 27 35
33 82 33 42 82
6 31 6 13 31
31 82 31 82
3 32 3 5 32
22 48 22 33 48
49 73 49 73
46 62 46 62
30 66 30 49 66
13 39 13 39
33 70 33 70
50 84 50 66 84
37 62 37 41 62
15 57 15 22 57
8 49 8 10 49
3 51 3 33 51
47 82 47 65 82
53 64 53 61 64
13 55 13 30 55
49 80 49 67 80
36 86 36 77 86
56 65 56 65
18 42 18 42
54 66 54 62 66
42 87 42 87
2 54 2 4 54
12 50 12 50
28 58 28 37 58
6 43 6 38 43
50 65 50 65
16 45 16 40 45
47 65 47 65
6 58 6 38 58
44 71 44 53 57 71
47 82 47 65 82
3 56 3 34 56
21 36 21 24 36
24 40 24 40
57 74 57 64 74
35 72 35 72
46 62 46 62
55 69 55 60 69
19 57 19 32 57
19 49 19 32 49
29 36 29 36
35 71 35 71
49 81 49 62 81
43 70 43 70
41 75 41 61 75
28 53 28 53
30 83 30 80 83
10 35 10 22 35
49 73 49 73
3 57 3 33 57
40 77 40 66 77
48 68 48 62 68
23 34 23 24 34
44 69 44 53 69
49 70 49 50 70
53 63 53 63
1 54 1 14 54
11 35 11 35
5 37 5 29 37
1 39 1 15 39
33 81 33 70 81
35 83 35 80 83
10 47 10 43 47
30 83 30 80 83
49 80 49 67 80
8 56 8 37 56
11 31 11 30 31
45 86 45 86
15 54 15 43 54
24 56 24 34 56
28 45 28 45
13 57 13 30 57
44 65 44 64 65
37 67 37 66 67
55 78 55 72 78
33 68 33 66 68
52 61 52 61
52 81 52 80 81
50 76 50 76
50 89 50 89
17 54 17 42 54
9 46 9 19 46
1 48 1 29 48
41 66 41 62 66
25 37 25 31 37
47 87 47 65 87
59 83 59 74 83
43 66 43 62 66
13 54 13 42 54
3 41 3 36 41
3 45 3 45
51 78 51 78
40 79 40 71 79
9 46 9 19 46
52 81 52 80 81
13 30 13 30
12 52 12 50 52
17 58 17 19 58
51 65 51 65
38 67 38 58 67
58 84 58 75 84
55 60 55 60
40 63 40 42 63
8 51 8 38 51
59 67 59 64 67
59 76 59 64 76
3 50 3 49 50
22 55 22 55
47 61 47 56 61
38 65 38 62 65
33 79 33 51 79
41 84 41 68 84
17 58 17 19 58
7 32 7 18 32
14 39 14 34 39
30 78 30 31 78
29 48 29 48
33 71 33 66 71
45 72 45 66 72
44 70 44 53 57 70
27 37 27 37
21 36 21 24 36
35 70 35 70
45 74 45 66 74
22 39 22 38 39
16 53 16 28 53
38 75 38 75
7 49 7 35 49
26 42 26 34 42
18 55 18 37 55
32 80 32 64 80
52 78 52 60 67 78
8 39 8 39
9 46 9 19 46
3 42 3 33 42
29 58 29 35 58
45 85 45 70 85
40 71 40 71
35 89 35 89
11 47 11 37 47
29 42 29 37 42
43 86 43 68 86
46 62 46 62
8 50 8 38 50
42 79 42 78 79
15 39 15 39
26 40 26 28 37 40
26 56 26 34 56
7 48 7 48
38 69 38 62 69
2 39 2 39
52 81 52 80 81
1 55 1 55
54 68 54 62 68
33 79 33 51 79
45 79 45 71 79
21 58 21 58
32 82 32 40 82
58 61 58 61
26 38 26 28 38
42 87 42 87
48 88 48 88
40 69 40 66 69
55 64 55 60 64
49 62 49 62
37 88 37 69 88
54 83 54 62 83
21 52 21 28 52
22 33 22 33
15 36 15 29 36
42 74 42 63 74
48 71 48 57 71
34 62 34 39 62
45 74 45 66 74
41 60 41 52 60
16 31 16 30 31
39 87 39 65 87
27 45 27 28 45
52 79 52 60 71 79
46 65 46 65
29 56 29 56
36 66 36 62 66
13 38 13 28 38
44 60 44 58 60
54 89 54 67 89
1 35 1 24 35
7 59 7 41 59
51 84 51 84
6 51 6 51
49 86 49 86
51 86 51 69 86
31 83 31 83
12 57 12 57
48 84 48 70 84
27 57 27 35 57
40 75 40 71 75
53 77 53 57 77
6 49 6 10 49
3 31 3 20 31
22 33 22 33
25 41 25 31 41
29 46 29 35 46
1 40 1 32 40
27 41 27 41
5 49 5 32 49
11 36 11 36
13 49 13 30 49
55 66 55 62 66
49 79 49 79
6 48 6 7 48
34 87 34 65 87
37 81 37 81
0 30 0 2 30
3 50 3 49 50
6 37 6 8 37
11 30 11 30
27 59 27 39 59
52 81 52 80 81
17 37 17 18 37
52 83 52 60 83
44 65 44 64 65
43 62 43 62
7 43 7 36 43
58 80 58 80
44 87 44 73 87
52 61 52 61
30 63 30 31 63
11 37 11 37
2 56 2 56
29 54 29 37 54
33 85 33 70 85
36 86 36 77 86
3 39 3 34 39
54 69 54 62 69
27 53 27 37 53
32 84 32 75 84
46 82 46 82
38 84 38 68 84
34 71 34 66 71
39 77 39 60 77
5 55 5 19 55
14 57 14 53 57
2 59 2 32 59
4 48 4 33 48
2 59 2 32 59
51 74 51 65 74
30 66 30 49 66
26 48 26 48
0 39 0 39
22 54 22 33 54
6 56 6 34 56
22 37 22 29 37
2 57 2 57
50 68 50 62 68
44 62 44 53 56 62
31 78 31 78
6 58 6 38 58
38 62 38 62
29 57 29 57
33 78 33 42 78
50 76 50 76
16 52 16 52
35 75 35 75
7 50 7 48 50
4 54 4 54
23 55 23 35 55
1 43 1 14 43
32 73 32 49 73
53 69 53 69
26 45 26 28 45
53 71 53 61 71
23 54 23 37 54
46 85 46 85
56 62 56 62
19 53 19 42 53
26 57 26 57
19 58 19 58
40 71 40 71
47 69 47 66 69
51 74 51 65 74
30 80 30 80
37 71 37 71
48 61 48 50 52 61
24 55 24 55
21 35 21 24 35
10 32 10 18 32
31 82 31 82
26 45 26 28 45
35 87 35 71 87
53 80 53 63 80
57 82 57 76 82
16 56 16 30 56
55 74 55 65 74
35 81 35 70 81
50 74 50 65 74
23 48 23 37 48
7 42 7 42
49 85 49 60 85
50 86 50 72 86
58 87 58 73 87
59 89 59 72 89
17 56 17 34 56
47 61 47 56 61
32 81 32 67 81
50 66 50 66
59 84 59 78 84
48 72 48 50 72
16 51 16 36 51
14 43 14 43
5 40 5 32 40
22 47 22 43 47
36 72 36 60 72
21 52 21 28 52
13 51 13 19 25 51
45 86 45 86
27 40 27 35 40
39 68 39 62 68
12 31 12 20 31
50 74 50 65 74
4 42 4 42
58 87 58 73 87
24 47 24 47
10 54 10 33 54
41 81 41 81
14 58 14 38 58
4 50 4 6 50
56 67 56 60 67
32 76 32 64 76
29 40 29 35 40
15 50 15 38 50
19 46 19 46
7 45 7 45
13 55 13 30 55
36 71 36 60 71
0 31 0 13 31
37 66 37 66
24 45 24 40 45
0 38 0 2 38
16 58 16 30 58
53 83 53 74 83
53 71 53 61 71
42 86 42 63 86
52 73 52 60 73
52 65 52 60 64 65
11 58 11 58
2 37 2 27 37
25 57 25 57
0 55 0 35 55
39 73 39 60 73
44 73 44 73
15 58 15 38 58
28 38 28 38
16 54 16 43 54
38 62 38 62
32 72 32 38 72
16 30 16 30
38 63 38 63
39 81 39 62 81
26 54 26 28 37 54
8 32 8 10 18 32
58 66 58 60 63 66
0 43 0 43
37 75 37 71 75
15 58 15 38 58
19 41 19 26 41
32 86 32 71 86
50 71 50 66 71
48 63 48 63
48 63 48 63
35 71 35 71
19 33 19 33
43 69 43 69
33 77 33 66 77
55 86 55 72 86
10 44 10 33 44
52 85 52 60 85
15 38 15 38
23 49 23 35 49
58 63 58 60 63
22 33 22 33
40 80 40 80
53 89 53 89
14 49 14 40 49
9 47 9 47
30 81 30 81
25 50 25 26 47 50
31 80 31 63 80
38 72 38 72
5 56 5 34 56
57 76 57 76
37 79 37 71 79
4 56 4 56
11 40 11 35 40
20 33 20 33
54 63 54 58 60 63
58 68 58 60 64 65 68
13 44 13 19 44
1 50 1 50
53 61 53 61
19 58 19 58
7 52 7 36 52
57 70 57 70
52 74 52 60 63 74
56 62 56 62
56 79 56 79
59 88 59 88
36 83 36 83
6 34 6 34
27 58 27 58
34 74 34 65 74
30 66 30 49 66
36 73 36 60 73
16 50 16 50
55 69 55 60 69
42 85 42 60 85
44 85 44 64 85
53 72 53 56 59 72
13 59 13 31 59
43 82 43 82
40 65 40 64 65
31 82 31 82
58 73 58 73
28 44 28 37 44
25 55 25 51 55
55 73 55 60 73
48 68 48 62 68
5 43 5 39 43
5 33 5 10 33
56 68 56 62 68
9 35 9 22 35
29 42 29 37 42
55 88 55 60 88
12 47 12 47
53 64 53 61 64
42 79 42 78 79
55 67 55 60 67
2 44 2 44
54 62 54 62
55 82 55 65 82
41 87 41 65 87
28 41 28 37 41
48 66 48 62 66
33 83 33 83
55 65 55 65
42 64 42 60 64
46 82 46 82
0 45 0 40 45
41 83 41 62 83
4 36 4 11 36
39 77 39 60 77
9 51 9 33 51
1 34 1 32 34
18 47 18 47
54 79 54 79
27 42 27 37 42
57 77 57 77
37 77 37 66 77
25 59 25 31 59
18 44 18 33 44
10 38 10 15 38
53 82 53 74 82
36 88 36 60 88
17 44 17 40 44
9 39 9 39
13 33 13 31 33
16 57 16 30 57
27 46 27 46
35 87 35 71 87
39 68 39 62 68
50 85 50 65 85
5 34 5 34
43 74 43 68 74
36 68 36 62 68
34 74 34 65 74
50 70 50 70
19 42 19 42
53 70 53 57 70
9 41 9 37 41
11 39 11 38 39
28 52 28 52
14 54 14 54
12 33 12 18 33
47 65 47 65
22 37 22 29 37
22 36 22 29 36
44 64 44 64
47 66 47 66
12 44 12 44
15 37 15 27 37
5 45 5 32 45
30 89 30 65 89
3 47 3 43 47
13 34 13 31 34
52 66 52 60 63 66
33 70 33 70
1 58 1 58
36 73 36 60 73
46 83 46 62 83
12 32 12 18 32
6 31 6 13 31
13 51 13 19 25 51
59 79 59 78 79
5 58 5 32 58
24 50 24 47 50
30 67 30 65 67
28 49 28 45 49
41 83 41 62 83
30 85 30 85
15 38 15 38
52 74 52 60 63 74
9 50 9 50
52 78 52 60 67 78
48 79 48 65 79
48 88 48 88
10 49 10 49
23 58 23 35 58
21 46 21 34 46
2 50 2 50
5 40 5 32 40
20 52 20 41 52
15 32 15 19 32
57 69 57 69
2 57 2 57
39 82 39 82
29 50 29 48 50
38 85 38 51 85
42 82 42 82
38 76 38 63 76
8 37 8 37
11 49 11 30 49
24 46 24 34 46
19 53 19 42 53
4 47 4 6 47
31 89 31 68 89
6 43 6 38 43
56 89 56 65 89
19 49 19 32 49
25 55 25 51 55
30 87 30 87
38 75 38 75
1 46 1 19 46
57 77 57 77
10 38 10 15 38
26 45 26 28 45
0 57 0 35 57
13 38 13 28 38
6 30 6 13 30
41 69 41 62 69
26 45 26 28 45
8 32 8 10 18 32
5 47 5 32 47
33 73 33 44 73
17 31 17 18 25 31
9 30 9 13 30
47 74 47 74
58 86 58 69 86
3 52 3 52
43 72 43 47 50 72
43 70 43 70
11 34 11 17 34
40 73 40 44 73
35 84 35 68 84
25 55 25 51 55
37 63 37 42 63
20 42 20 33 42
12 31 12 20 31
49 65 49 62 65
5 53 5 7 53
29 44 29 37 44
55 83 55 83
25 57 25 57
17 38 17 18 32 38
46 62 46 62
30 60 30 49 60
36 82 36 65 82
54 76 54 58 76
11 43 11 43
18 57 18 32 57
5 51 5 32 51
28 39 28 39
10 39 10 34 39
39 78 39 59 78
26 57 26 57
38 65 38 62 65
0 51 0 35 51
57 89 57 89
3 38 3 8 38
28 51 28 38 51
4 33 4 33
4 37 4 8 37
57 86 57 68 86
57 87 57 87
59 64 59 64
56 79 56 79
4 45 4 45
16 42 16 34 42
14 47 14 43 47
5 30 5 13 30
39 84 39 70 84
27 55 27 35 55
17 55 17 55
40 83 40 83
28 43 28 37 43
27 48 27 48
33 74 33 66 74
13 38 13 28 38
30 82 30 65 82
37 73 37 44 73
48 87 48 65 87
25 46 25 31 34 46
36 81 36 81
23 43 23 37 43
33 85 33 70 85
58 63 58 60 63
39 77 39 60 77
37 83 37 40 83
6 46 6 34 46
38 82 38 72 82
33 83 33 83
39 72 39 60 72
9 40 9 40
50 78 50 72 78
21 41 21 24 27 41
35 71 35 71
53 61 53 61
49 63 49 60 63
4 32 4 19 32
40 84 40 66 84
2 48 2 27 48
52 75 52 75
2 40 2 32 40
14 40 14 40
2 56 2 56
0 38 0 2 38
31 68 31 68
20 51 20 33 51
38 65 38 62 65
59 78 59 78
9 39 9 39
58 78 58 67 78
24 53 24 42 53
17 56 17 34 56
5 52 5 52
7 47 7 41 47
40 66 40 66
2 48 2 27 48
56 83 56 60 83
54 89 54 67 89
5 48 5 7 48
35 80 35 80
37 67 37 66 67
6 48 6 7 48
57 65 57 64 65
38 74 38 63 74
57 73 57 60 73
58 79 58 73 79
2 47 2 32 47
35 71 35 71
47 83 47 74 83
41 62 41 62
32 69 32 42 69
4 40 4 14 40
22 49 22 49
19 39 19 26 39
52 81 52 80 81
57 79 57 71 79
56 83 56 60 83
45 73 45 49 73
5 35 5 7 35
26 59 26 39 59
40 61 40 42 61
50 88 50 80 88
18 52 18 52
42 86 42 63 86
30 82 30 65 82
52 89 52 80 89
50 74 50 65 74
22 53 22 53
7 34 7 14 34
56 77 56 60 77
26 46 26 34 46
45 60 45 49 60
33 71 33 66 71
0 59 0 39 59
15 53 15 44 53
1 34 1 32 34
56 60 56 60
48 67 48 65 67
21 47 21 32 47
34 66 34 66
18 34 18 34
34 83 34 83
53 75 53 61 75
25 55 25 51 55
42 69 42 69
54 77 54 77
23 56 23 37 56
46 63 46 52 60 63
2 46 2 35 46
28 57 28 57
28 50 28 38 50
2 51 2 32 51
10 54 10 33 54
10 56 10 34 56
17 52 17 18 52
56 63 56 63
58 86 58 69 86
49 83 49 60 83
42 85 42 60 85
59 80 59 64 80
35 63 35 49 60 63
15 41 15 41
59 82 59 72 82
5 48 5 7 48
41 70 41 70
51 62 51 62
57 82 57 76 82
54 89 54 67 89
37 87 37 87
21 51 21 51
55 60 55 60
32 78 32 67 78
55 60 55 60
17 54 17 42 54
57 76 57 76
26 52 26 41 52
44 86 44 86
45 75 45 71 75
53 73 53 56 73
17 49 17 40 49
0 45 0 40 45
53 61 53 61
17 43 17 40 43
7 57 7 35 57
20 56 20 37 56
39 72 39 60 72
11 54 11 37 54
3 59 3 14 59
49 85 49 60 85
47 61 47 56 61
58 89 58 67 89
24 43 24 43
53 81 53 63 81
9 55 9 37 55
45 67 45 66 67
1 49 1 30 49
22 46 22 46
19 50 19 26 47 50
39 81 39 62 81
49 81 49 62 81
34 87 34 65 87
16 37 16 20 37
23 37 23 37
33 89 33 70 89
13 58 13 30 58
29 55 29 35 55
1 55 1 55
9 35 9 22 35
25 50 25 26 47 50
43 79 43 54 79
36 74 36 65 74
20 59 20 59
19 51 19 32 51
32 87 32 71 87
10 59 10 15 59
24 43 24 43
21 47 21 32 47
35 62 35 46 62
59 72 59 72
35 88 35 68 88
17 50 17 18 50
15 31 15 19 25 31
34 75 34 42 75
48 67 48 65 67
49 64 49 60 64
44 68 44 53 57 68
28 40 28 37 40
56 75 56 61 75
9 32 9 19 32
17 38 17 18 32 38
34 60 34 39 60
47 61 47 56 61
5 48 5 7 48
22 37 22 29 37
15 46 15 41 46
10 56 10 34 56
57 66 57 66
13 53 13 42 53
10 48 10 48
57 69 57 69
46 60 46 52 60
55 80 55 72 80
54 82 54 80 82
44 71 44 53 57 71
16 39 16 34 39
39 73 39 60 73
19 44 19 44
52 88 52 88
55 85 55 85
59 77 59 64 65 77
41 86 41 68 86
43 72 43 47 50 72
6 57 6 47 57
38 79 38 50 79
12 33 12 18 33
7 47 7 41 47
18 36 18 36
1 48 1 29 48
11 57 11 30 57
6 38 6 38
20 44 20 33 44
11 56 11 56
57 83 57 60 83
29 56 29 56
57 89 57 89
42 73 42 60 73
31 66 31 63 66
1 48 1 29 48
35 61 35 51 61
10 47 10 43 47
6 49 6 10 49
14 31 14 18 25 31
48 79 48 65 79
41 67 41 61 67
0 38 0 2 38
31 83 31 83
34 81 34 81
35 73 35 49 73
27 57 27 35 57
45 74 45 66 74
56 80 56 63 80
39 72 39 60 72
1 51 1 51
35 61 35 51 61
41 71 41 61 71
32 87 32 71 87
9 53 9 37 53
57 64 57 64
16 46 16 34 46
9 55 9 37 55
8 54 8 54
56 86 56 63 86
43 64 43 61 64
57 66 57 66
21 34 21 34
23 53 23 37 53
11 46 11 35 46
4 35 4 11 35
36 63 36 60 63
28 38 28 38
4 30 4 11 30
23 43 23 37 43
1 35 1 24 35
28 45 28 45
5 44 5 19 44
22 33 22 33
11 42 11 37 42
44 60 44 58 60
47 74 47 74
4 36 4 11 36
49 74 49 74
51 78 51 78
46 81 46 62 81
50 67 50 65 67
39 85 39 60 85
5 55 5 19 55
6 51 6 51
34 74 34 65 74
26 42 26 34 42
47 82 47 65 82
5 49 5 32 49
33 77 33 66 77
39 61 39 61
1 37 1 18 37
59 82 59 72 82
7 55 7 35 55
4 45 4 45
15 36 15 29 36
2 54 2 4 54
14 41 14 18 36 41
21 39 21 34 39
40 60 40 42 60
31 65 31 34 65
55 75 55 62 75
49 68 49 62 68
40 84 40 66 84
50 68 50 62 68
45 71 45 71
53 75 53 61 75
19 59 19 32 59
36 72 36 60 72
51 62 51 62
55 60 55 60
7 33 7 9 33
1 41 1 15 41
21 46 21 34 46
47 75 47 74 75
38 87 38 43 87
31 78 31 78
35 80 35 80
1 45 1 32 45
8 41 8 41
34 70 34 39 70
36 68 36 62 68
0 48 0 40 48
37 83 37 40 83
44 76 44 76
41 76 41 76
39 60 39 60
42 60 42 60
56 71 56 60 71
8 51 8 38 51
56 81 56 81
51 81 51 62 81
36 65 36 65
22 36 22 29 36
57 77 57 77
36 72 36 60 72
39 82 39 82
29 44 29 37 44
42 89 42 68 89
54 83 54 62 83
12 51 12 21 51
24 56 24 34 56
8 50 8 38 50
30 65 30 65
17 49 17 40 49
22 54 22 33 54
9 45 9 33 45
21 59 21 32 59
57 84 57 84
7 31 7 13 31
24 43 24 43
53 86 53 86
2 54 2 4 54
22 38 22 38
52 81 52 80 81
46 78 46 78
41 89 41 65 89
42 82 42 82
32 68 32 38 68
54 87 54 77 87
24 44 24 40 44
41 84 41 68 84
43 66 43 62 66
44 81 44 73 81
17 48 17 40 48
47 71 47 66 71
49 64 49 60 64
21 32 21 32
8 42 8 37 42
1 43 1 14 43
0 55 0 35 55
1 53 1 44 53
23 45 23 24 40 45
44 65 44 64 65
13 39 13 39
23 45 23 24 40 45
39 87 39 65 87
14 48 14 40 48
53 66 53 63 66
14 53 14 53
54 80 54 80
29 49 29 35 49
47 89 47 89
43 82 43 82
0 42 0 40 42
22 42 22 33 42
51 61 51 61
52 80 52 80
26 50 26 47 50
19 47 19 32 47
6 53 6 7 53
26 59 26 39 59
10 52 10 49 52
53 86 53 86
21 44 21 28 37 44
32 61 32 42 61
54 72 54 58 60 72
12 38 12 14 38
59 79 59 78 79
23 55 23 35 55
55 76 55 76
58 60 58 60
46 71 46 52 60 71
55 71 55 60 71
25 41 25 31 41
48 70 48 70
47 86 47 76 86
31 80 31 63 80
56 69 56 60 69
53 62 53 56 62
5 49 5 32 49
45 70 45 70
35 77 35 77
0 56 0 56
37 72 37 72
42 74 42 63 74
5 50 5 10 50
50 81 50 62 81
5 42 5 32 42
35 84 35 68 84
44 66 44 53 57 66
36 76 36 65 76
24 56 24 34 56
45 80 45 78 80
15 52 15 52
21 45 21 32 45
24 54 24 42 54
31 77 31 77
8 57 8 37 57
34 72 34 66 72
58 63 58 60 63
58 77 58 77
44 64 44 64
24 41 24 36 41
26 41 26 41
9 49 9 40 49
6 35 6 7 35
18 50 18 50
30 75 30 75
24 37 24 27 37
54 66 54 62 66
54 88 54 80 88
19 49 19 32 49
59 78 59 78
23 44 23 37 44
26 37 26 28 37
37 71 37 71
54 74 54 61 64 74
45 87 45 87
29 40 29 35 40
16 59 16 59
55 84 55 62 66 84
0 56 0 56
20 43 20 43
20 53 20 37 53
0 53 0 2 53
33 73 33 44 73
10 45 10 33 45
56 85 56 85
19 43 19 33 43
45 62 45 49 62
39 66 39 62 66
34 82 34 65 82
43 80 43 68 80
31 82 31 82
23 54 23 37 54
10 39 10 34 39
46 70 46 47 70
1 59 1 32 59
5 39 5 39
46 87 46 65 87
52 85 52 60 85
25 50 25 26 47 50
40 65 40 64 65
6 55 6 51 55
25 52 25 52
51 77 51 77
30 71 30 32 71
14 45 14 45
22 59 22 38 59
6 36 6 7 36
17 46 17 34 46
56 71 56 60 71
8 32 8 10 18 32
26 41 26 41
53 72 53 56 59 72
0 53 0 2 53
52 88 52 88
44 88 44 53 57 88
17 58 17 19 58
46 89 46 65 89
40 86 40 71 86
33 75 33 42 75
49 78 49 78
56 62 56 62
47 77 47 65 77
51 79 51 79
46 83 46 62 83
21 57 21 57
53 84 53 56 84
19 54 19 54
58 60 58 60
8 54 8 54
46 75 46 75
27 44 27 37 44
27 54 27 37 54
23 52 23 52
19 45 19 45
10 57 10 33 57
9 30 9 13 30
16 43 16 43
19 31 19 25 31
24 42 24 42
5 31 5 13 31
2 58 2 58
49 61 49 52 61
59 88 59 88
52 89 52 80 89
30 77 30 65 77
41 88 41 88
25 53 25 53
16 45 16 40 45
4 43 4 33 43
22 57 22 57
15 34 15 17 34
3 53 3 45 53
7 52 7 36 52
39 75 39 61 75
40 62 40 43 62
49 73 49 73
13 56 13 56
14 57 14 53 57
56 71 56 60 71
1 37 1 18 37
11 48 11 37 48
39 71 39 60 71
11 51 11 35 51
42 82 42 82
51 84 51 84
47 76 47 76
3 42 3 33 42
21 43 21 24 43
34 82 34 65 82
1 51 1 51
45 84 45 66 84
42 86 42 63 86
11 51 11 35 51
36 86 36 77 86
54 88 54 80 88
26 59 26 39 59
8 46 8 41 46
31 81 31 63 81
46 64 46 64
25 58 25 31 58
15 42 15 17 42
6 37 6 8 37
49 65 49 62 65
53 75 53 61 75
28 37 28 37
40 85 40 64 85
19 32 19 32
51 85 51 85
3 45 3 45
44 76 44 76
22 51 22 33 51
50 66 50 66
24 49 24 35 49
22 44 22 44
5 57 5 57
9 56 9 56
45 88 45 71 88
5 58 5 32 58
26 51 26 41 51
31 64 31 61 64
37 60 37 42 60
50 69 50 62 69
26 53 26 28 53
41 84 41 68 84
5 33 5 10 33
38 74 38 63 74
26 47 26 47
21 56 21 56
58 66 58 60 63 66
3 59 3 14 59
45 75 45 71 75
33 62 33 43 62
8 50 8 38 50
21 35 21 24 35
51 62 51 62
5 52 5 52
55 71 55 60 71
0 43 0 43
32 76 32 64 76
13 45 13 42 45
3 33 3 33
58 79 58 73 79
35 84 35 68 84
2 39 2 39
14 45 14 45
54 65 54 62 65
29 46 29 35 46
47 89 47 89
4 46 4 34 46
20 59 20 59
17 41 17 27 41
36 61 36 41 61
47 88 47 80 88
59 67 59 64 67
25 34 25 31 34
7 31 7 13 31
54 65 54 62 65
23 36 23 24 36
22 50 22 38 50
15 55 15 51 55
20 42 20 33 42
44 76 44 76
41 70 41 70
32 89 32 89
6 53 6 7 53
7 50 7 48 50
42 74 42 63 74
57 89 57 89
40 66 40 66
43 76 43 68 76
14 37 14 18 37
26 44 26 28 37 44
9 54 9 54
59 84 59 78 84
59 80 59 64 80
19 51 19 32 51
53 81 53 63 81
33 72 33 66 72
15 44 15 44
3 51 3 33 51
57 77 57 77
16 41 16 36 41
57 84 57 84
49 78 49 78
25 59 25 31 59
5 34 5 34
28 58 28 37 58
4 52 4 45 52
51 69 51 69
17 35 17 27 35
43 83 43 83
0 54 0 43 54
48 84 48 70 84
46 67 46 64 67
36 66 36 62 66
32 86 32 71 86
8 40 8 37 40
40 73 40 44 73
35 62 35 46 62
49 77 49 60 77
57 72 57 60 72
13 34 13 31 34
21 55 21 55
2 35 2 35
40 81 40 80 81
35 89 35 89
20 37 20 37
16 32 16 30 32
48 83 48 62 83
7 34 7 14 34
25 47 25 43 47
57 80 57 64 80
30 75 30 75
57 70 57 70
35 65 35 64 65
30 63 30 31 63
29 37 29 37
8 54 8 54
57 89 57 89
37 79 37 71 79
56 60 56 60
12 52 12 50 52
5 32 5 32
52 69 52 60 69
4 39 4 34 39
26 48 26 48
8 39 8 39
42 67 42 60 67
58 72 58 60 72
53 85 53 85
56 82 56 65 82
57 84 57 84
42 74 42 63 74
50 86 50 72 86
44 75 44 75
8 37 8 37
29 40 29 35 40
5 45 5 32 45
29 43 29 43
53 66 53 63 66
18 42 18 42
5 39 5 39
57 79 57 71 79
7 32 7 18 32
58 61 58 61
45 83 45 49 50 83
17 43 17 40 43
10 51 10 33 51
29 35 29 35
22 46 22 46
42 87 42 87
19 57 19 32 57
52 80 52 80
17 33 17 18 33
45 82 45 49 74 82
17 43 17 40 43
2 48 2 27 48
2 44 2 44
27 57 27 35 57
32 81 32 67 81
2 43 2 38 43
32 83 32 34 83
58 74 58 60 63 74
4 49 4 45 49
14 56 14 34 56
13 37 13 31 37
1 53 1 44 53
36 83 36 83
45 60 45 49 60
41 82 41 65 82
10 39 10 34 39
17 34 17 34
0 47 0 47
34 76 34 65 76
39 66 39 62 66
47 80 47 80
5 54 5 19 54
31 75 31 61 75
8 57 8 37 57
41 60 41 52 60
13 35 13 27 35
1 45 1 32 45
18 49 18 49
54 73 54 58 73
20 41 20 41
4 37 4 8 37
5 51 5 32 51
5 57 5 57
14 57 14 53 57
58 68 58 60 64 65 68
24 35 24 35
37 67 37 66 67
48 89 48 89
52 86 52 86
45 69 45 66 69
44 66 44 53 57 66
50 83 50 83
36 89 36 89
37 77 37 66 77
17 41 17 27 41
27 47 27 47
26 57 26 57
4 36 4 11 36
56 63 56 63
55 84 55 62 66 84
10 32 10 18 32
42 83 42 60 83
42 87 42 87
3 31 3 20 31
35 82 35 82
22 50 22 38 50
59 72 59 72
6 55 6 51 55
21 38 21 32 38
30 72 30 50 72
53 79 53 79
15 31 15 19 25 31
49 60 49 60
42 89 42 68 89
12 45 12 42 45
16 58 16 30 58
41 62 41 62
33 65 33 48 65
14 37 14 18 37
41 77 41 65 77
46 86 46 68 86
39 61 39 61
24 34 24 34
54 77 54 77
0 47 0 47
52 79 52 60 71 79
29 42 29 37 42
47 89 47 89
34 87 34 65 87
1 52 1 50 52
40 69 40 66 69
3 38 3 8 38
8 46 8 41 46
6 32 6 13 30 32
49 85 49 60 85
0 51 0 35 51
37 64 37 40 64
49 66 49 66
18 52 18 52
23 40 23 35 40
27 34 27 28 34
53 82 53 74 82
30 82 30 65 82
7 49 7 35 49
26 59 26 39 59
9 59 9 38 59
8 36 8 24 36
58 89 58 67 89
44 83 44 83
0 50 0 50
4 36 4 11 36
42 76 42 63 76
4 39 4 34 39
7 51 7 35 51
20 45 20 33 45
49 77 49 60 77
1 49 1 30 49
8 50 8 38 50
34 71 34 66 71
41 82 41 65 82
46 83 46 62 83
40 64 40 64
38 63 38 63
5 53 5 7 53
52 66 52 60 63 66
20 55 20 37 55
54 74 54 61 64 74
1 43 1 14 43
21 38 21 32 38
7 54 7 42 54
6 42 6 34 42
49 86 49 86
42 64 42 60 64
12 40 12 14 40
11 47 11 37 47
13 41 13 31 41
57 86 57 68 86
32 61 32 42 61
7 56 7 45 56
26 44 26 28 37 44
16 39 16 34 39
7 48 7 48
20 38 20 25 28 38
19 45 19 45
3 37 3 8 37
39 83 39 60 83
7 38 7 9 38
50 73 50 52 60 73
32 72 32 38 72
20 40 20 40
0 58 0 35 58
11 35 11 35
0 34 0 3 34
20 39 20 26 39
12 58 12 44 58
40 79 40 71 79
12 32 12 18 32
39 78 39 59 78
46 78 46 78
23 57 23 35 57
59 87 59 64 65 87
44 61 44 53 61
21 50 21 24 47 50
12 50 12 50
31 66 31 63 66
31 60 31 49 60
28 48 28 48
31 62 31 41 62
31 70 31 70
28 55 28 37 55
31 88 31 68 88
46 86 46 68 86
21 47 21 32 47
13 46 13 42 46
37 79 37 71 79
7 46 7 35 46
18 46 18 34 46
51 82 51 82
34 83 34 83
23 44 23 37 44
27 53 27 37 53
55 89 55 65 89
28 50 28 38 50
17 51 17 51
57 73 57 60 73
48 71 48 57 71
9 58 9 33 58
47 69 47 66 69
47 77 47 65 77
43 64 43 61 64
42 88 42 60 88
44 84 44 75 84
24 40 24 40
33 74 33 66 74
6 35 6 7 35
53 78 53 56 78
27 48 27 48
25 45 25 33 45
47 64 47 56 64
8 33 8 10 33
17 52 17 18 52
49 66 49 66
37 82 37 82
51 81 51 62 81
0 33 0 3 33
55 68 55 62 68
57 63 57 60 63
40 68 40 66 68
38 62 38 62
51 84 51 84
14 59 14 59
5 50 5 10 50
43 70 43 70
53 70 53 57 70
48 83 48 62 83
44 84 44 75 84
57 66 57 66
38 71 38 51 71
8 37 8 37
24 36 24 36
39 61 39 61
9 58 9 33 58
39 88 39 60 88
18 48 18 33 48
30 87 30 87
24 42 24 42
9 52 9 50 52
8 38 8 38
34 88 34 39 59 88
2 41 2 41
49 81 49 62 81
20 37 20 37
6 43 6 38 43
18 46 18 34 46
35 76 35 64 76
4 34 4 34
19 58 19 58
47 73 47 56 73
54 76 54 58 76
47 76 47 76
6 30 6 13 30
9 38 9 38
28 46 28 34 46
6 34 6 34
39 73 39 60 73
21 50 21 24 47 50
41 61 41 61
53 80 53 63 80
41 79 41 65 79
37 81 37 81
41 73 41 58 73
43 89 43 68 89
21 51 21 51
24 39 24 34 39
12 44 12 44
50 68 50 62 68
12 40 12 14 40
0 31 0 13 31
51 85 51 85
23 46 23 35 46
56 63 56 63
5 48 5 7 48
16 43 16 43
31 80 31 63 80
45 61 45 52 61
2 42 2 32 42
58 67 58 67
43 65 43 62 65
31 78 31 78
36 66 36 62 66
50 61 50 52 61
39 81 39 62 81
31 78 31 78
3 31 3 20 31
13 43 13 39 43
8 44 8 37 44
27 49 27 49
18 43 18 33 43
55 64 55 60 64
8 58 8 37 58
43 71 43 61 71
32 80 32 64 80
27 52 27 52
7 48 7 48
11 33 11 19 33
54 77 54 77
55 68 55 62 68
31 76 31 63 76
40 79 40 71 79
47 85 47 65 85
0 52 0 52
34 80 34 78 80
36 65 36 65
7 53 7 53
14 53 14 53
56 64 56 64
45 74 45 66 74
7 36 7 36
2 41 2 41
37 63 37 42 63
0 52 0 52
41 87 41 65 87
52 71 52 60 71
21 49 21 32 49
21 39 21 34 39
5 43 5 39 43
47 60 47 56 60
0 49 0 35 49
7 44 7 9 33 44
30 81 30 81
5 44 5 19 44
22 53 22 53
37 64 37 40 64
25 59 25 31 59
48 78 48 78
24 38 24 27 28 38
3 58 3 33 58
7 55 7 35 55
3 53 3 45 53
45 88 45 71 88
45 84 45 66 84
44 74 44 74
51 75 51 75
9 52 9 50 52
51 68 51 62 68
17 36 17 18 36
1 34 1 32 34
15 48 15 27 48
37 68 37 66 68
52 64 52 60 64
28 44 28 37 44
33 61 33 42 61
10 41 10 15 41
9 49 9 40 49
10 35 10 22 35
57 66 57 66
48 74 48 74
52 83 52 60 83
5 33 5 10 33
27 49 27 49
56 77 56 60 77
45 79 45 71 79
24 50 24 47 50
12 52 12 50 52
25 44 25 33 44
8 46 8 41 46
22 41 22 29 36 41
44 73 44 73
55 78 55 72 78
11 36 11 36
14 55 14 24 55
17 59 17 42 59
12 34 12 14 34
49 76 49 66 76
11 39 11 38 39
32 60 32 42 60
34 88 34 39 59 88
36 77 36 77
36 64 36 60 64
14 36 14 18 36
55 82 55 65 82
50 61 50 52 61
39 75 39 61 75
5 54 5 19 54
33 83 33 83
41 89 41 65 89
31 68 31 68
0 55 0 35 55
14 34 14 34
9 50 9 50
15 44 15 44
12 32 12 18 32
19 55 19 55
0 47 0 47
36 63 36 60 63
3 33 3 33
17 59 17 42 59
47 67 47 65 67
50 73 50 52 60 73
52 89 52 80 89
7 38 7 9 38
59 79 59 78 79
31 87 31 73 87
44 67 44 64 67
17 59 17 42 59
20 51 20 33 51
34 89 34 65 89
36 74 36 65 74
19 42 19 42
51 87 51 65 87
0 32 0 2 32
6 40 6 14 40
31 63 31 63
11 46 11 35 46
44 70 44 53 57 70
37 60 37 42 60
2 54 2 4 54
14 58 14 38 58
7 37 7 9 37
52 88 52 88
53 88 53 69 88
36 85 36 60 85
45 74 45 66 74
16 34 16 34
13 33 13 31 33
48 81 48 81
2 44 2 44
12 39 12 28 39
9 41 9 37 41
54 65 54 62 65
32 62 32 38 62
14 54 14 54
16 42 16 34 42
12 33 12 18 33
16 54 16 43 54
14 39 14 34 39
30 78 30 31 78
58 65 58 60 64 65
49 61 49 52 61
46 65 46 65
58 82 58 76 82
45 62 45 49 62
34 68 34 65 68
11 58 11 58
43 68 43 68
49 73 49 73
0 35 0 35
10 33 10 33
11 41 11 41
59 84 59 78 84
35 62 35 46 62
22 50 22 38 50
21 59 21 32 59
42 67 42 60 67
21 49 21 32 49
29 52 29 36 52
24 57 24 35 57
9 32 9 19 32
4 32 4 19 32
55 62 55 62
47 75 47 74 75
39 69 39 69
42 85 42 60 85
46 60 46 52 60
10 43 10 43
39 84 39 70 84
3 39 3 34 39
32 85 32 64 85
2 44 2 44
16 30 16 30
7 31 7 13 31
39 89 39 89
15 35 15 22 35
34 79 34 65 79
9 34 9 16 34
1 35 1 24 35
29 43 29 43
30 76 30 76
23 52 23 52
27 56 27 37 56
3 50 3 49 50
53 68 53 57 68
6 42 6 34 42
45 84 45 66 84
56 72 56 60 72
20 46 20 41 46
53 78 53 56 78
32 76 32 64 76
13 57 13 30 57
31 89 31 68 89
23 51 23 35 51
46 77 46 65 77
43 68 43 68
2 41 2 41
8 42 8 37 42
55 69 55 60 69
56 65 56 65
57 70 57 70
54 85 54 85
47 60 47 56 60
35 82 35 82
54 66 54 62 66
4 32 4 19 32
54 85 54 85
25 44 25 33 44
40 72 40 66 72
10 48 10 48
10 44 10 33 44
37 80 37 72 80
33 89 33 70 89
2 37 2 27 37
6 47 6 47
34 84 34 66 84
42 60 42 60
7 33 7 9 33
50 84 50 66 84
4 52 4 45 52
44 63 44 53 63
49 63 49 60 63
11 46 11 35 46
15 38 15 38
37 73 37 44 73
13 33 13 31 33
58 79 58 73 79
34 88 34 39 59 88
54 86 54 77 86
59 89 59 72 89
20 39 20 26 39
51 84 51 84
53 64 53 61 64
7 33 7 9 33
47 81 47 81
39 66 39 62 66
41 61 41 61
44 88 44 53 57 88
45 69 45 66 69
6 32 6 13 30 32
49 78 49 78
18 47 18 47
40 83 40 83
51 82 51 82
13 57 13 30 57
10 34 10 34
24 45 24 40 45
5 45 5 32 45
35 61 35 51 61
15 45 15 45
27 38 27 28 38
15 53 15 44 53
11 49 11 30 49
55 72 55 72
38 60 38 39 60
2 55 2 30 55
48 66 48 62 66
2 36 2 16 36
9 58 9 33 58
2 47 2 32 47
17 52 17 18 52
13 48 13 26 48
23 50 23 24 47 50
19 48 19 33 48
15 45 15 45
42 66 42 63 66
14 56 14 34 56
6 30 6 13 30
16 55 16 30 55
2 54 2 4 54
48 80 48 63 80
42 78 42 78
29 53 29 37 53
3 40 3 40
27 50 27 47 50
24 38 24 27 28 38
18 50 18 50
12 36 12 18 36
12 52 12 50 52
36 75 36 62 75
40 65 40 64 65
16 59 16 59
30 78 30 31 78
23 33 23 25 33
21 43 21 24 43
41 72 41 72
4 58 4 33 58
10 59 10 15 59
35 78 35 72 78
44 81 44 73 81
24 38 24 27 28 38
7 59 7 41 59
44 89 44 89
15 34 15 17 34
2 32 2 32
22 51 22 33 51
7 36 7 36
6 47 6 47
12 48 12 28 48
8 34 8 10 34
36 77 36 77
36 68 36 62 68
34 66 34 66
10 41 10 15 41
9 57 9 33 57
35 69 35 51 69
45 68 45 66 68
40 66 40 66
5 48 5 7 48
40 75 40 71 75
56 69 56 60 69
10 57 10 33 57
24 43 24 43
44 81 44 73 81
13 49 13 30 49
40 66 40 66
14 46 14 34 46
6 38 6 38
47 85 47 65 85
13 52 13 27 52
10 38 10 15 38
29 55 29 35 55
8 40 8 37 40
50 63 50 52 60 63
13 49 13 30 49
52 68 52 60 64 65 68
53 89 53 89
43 76 43 68 76
15 48 15 27 48
55 85 55 85
27 51 27 35 51
24 51 24 35 51
0 43 0 43
34 76 34 65 76
24 43 24 43
51 82 51 82
42 78 42 78
2 55 2 30 55
48 72 48 50 72
58 88 58 60 88
0 52 0 52
29 35 29 35
49 78 49 78
8 45 8 15 45
6 56 6 34 56
58 66 58 60 63 66
5 56 5 34 56
5 59 5 32 59
7 35 7 35
21 57 21 57
29 40 29 35 40
22 49 22 49
18 31 18 25 31
43 85 43 70 85
49 67 49 67
39 64 39 60 64
47 76 47 76
31 89 31 68 89
28 42 28 34 42
23 55 23 35 55
42 76 42 63 76
14 50 14 38 50
38 67 38 58 67
27 50 27 47 50
45 81 45 81
38 69 38 62 69
8 53 8 37 53
54 65 54 62 65
18 42 18 42
23 55 23 35 55
22 40 22 35 40
48 60 48 57 60
48 89 48 89
15 52 15 52
44 87 44 73 87
6 31 6 13 31
10 57 10 33 57
53 81 53 63 81
20 33 20 33
50 84 50 66 84
24 51 24 35 51
19 52 19 45 52
42 65 42 46 65
8 56 8 37 56
24 59 24 42 59
37 83 37 40 83
57 74 57 64 74
57 69 57 69
14 56 14 34 56
47 84 47 66 84
9 59 9 38 59
24 41 24 36 41
20 44 20 33 44
16 47 16 47
21 32 21 32
22 41 22 29 36 41
46 74 46 74
12 43 12 14 43
13 53 13 42 53
37 83 37 40 83
8 45 8 15 45
0 41 0 41
58 89 58 67 89
6 52 6 41 52
23 38 23 25 28 38
45 84 45 66 84
30 60 30 49 60
30 84 30 70 84
46 69 46 62 69
44 71 44 53 57 71
28 47 28 47
24 45 24 40 45
5 46 5 34 46
0 44 0 40 44
19 53 19 42 53
22 52 22 52
10 37 10 18 37
19 45 19 45
52 72 52 60 72
5 55 5 19 55
19 52 19 45 52
42 71 42 60 71
18 38 18 32 38
26 44 26 28 37 44
35 76 35 64 76
0 39 0 39
19 55 19 55
3 34 3 34
28 40 28 37 40
35 80 35 80
26 48 26 48
1 58 1 58
30 62 30 49 62
37 61 37 41 61
16 56 16 30 56
11 58 11 58
22 38 22 38
32 89 32 89
36 72 36 60 72
0 33 0 3 33
11 51 11 35 51
14 48 14 40 48
55 83 55 83
27 56 27 37 56
16 47 16 47
16 31 16 30 31
6 43 6 38 43
31 71 31 61 71
13 53 13 42 53
39 60 39 60
18 53 18 53
6 35 6 7 35
20 58 20 31 58
47 81 47 81
21 41 21 24 27 41
28 52 28 52
44 69 44 53 69
50 76 50 76
19 51 19 32 51
29 59 29 56 59
7 38 7 9 38
20 48 20 33 48
4 33 4 33
9 47 9 47
42 84 42 68 84
30 75 30 75
38 83 38 83
9 37 9 37
25 49 25 31 49
35 63 35 49 60 63
2 39 2 39
35 66 35 40 66
39 68 39 62 68
30 83 30 80 83
38 61 38 39 61
53 87 53 87
19 38 19 32 38
31 63 31 63
50 77 50 65 77
24 36 24 36
40 88 40 71 88
0 41 0 41
10 43 10 43
35 77 35 77
50 80 50 80
22 58 22 33 58
43 79 43 54 79
40 61 40 42 61
31 60 31 49 60
38 86 38 63 86
39 70 39 70
30 61 30 31 61
28 56 28 34 56
27 50 27 47 50
53 67 53 61 67
29 51 29 35 51
38 87 38 43 87
24 34 24 34
45 67 45 66 67
47 83 47 74 83
32 65 32 64 65
15 54 15 43 54
4 48 4 33 48
3 34 3 34
55 79 55 79
9 31 9 13 31
5 33 5 10 33
13 37 13 31 37
53 78 53 56 78
4 40 4 14 40
36 77 36 77
4 57 4 57
17 40 17 40
23 31 23 25 31
16 57 16 30 57
4 52 4 45 52
36 79 36 79
16 57 16 30 57
12 47 12 47
58 84 58 75 84
30 70 30 70
24 40 24 40
15 37 15 27 37
15 55 15 51 55
29 40 29 35 40
26 57 26 57
19 52 19 45 52
24 59 24 42 59
54 64 54 61 64
26 40 26 28 37 40
40 75 40 71 75
23 51 23 35 51
35 65 35 64 65
38 89 38 89
45 73 45 49 73
40 77 40 66 77
20 53 20 37 53
36 85 36 60 85
43 64 43 61 64
48 80 48 63 80
14 53 14 53
32 87 32 71 87
21 40 21 32 40
45 76 45 66 76
6 57 6 47 57
37 85 37 85
8 45 8 15 45
40 86 40 71 86
29 59 29 56 59
39 73 39 60 73
56 76 56 63 76
43 62 43 62
6 59 6 38 59
34 68 34 65 68
27 46 27 46
22 53 22 53
34 72 34 66 72
32 61 32 42 61
30 89 30 65 89
38 88 38 68 88
19 38 19 32 38
42 68 42 68
21 58 21 58
58 89 58 67 89
9 40 9 40
59 87 59 64 65 87
54 87 54 77 87
35 63 35 49 60 63
14 59 14 59
32 61 32 42 61
15 48 15 27 48
33 65 33 48 65
40 65 40 64 65
19 44 19 44
30 84 30 70 84
45 72 45 66 72
51 65 51 65
34 62 34 39 62
16 59 16 59
41 81 41 81
56 65 56 65
9 48 9 33 48
6 52 6 41 52
5 52 5 52
21 40 21 32 40
57 67 57 60 67
21 37 21 28 37
5 40 5 32 40
0 46 0 35 46
15 34 15 17 34
12 42 12 42
7 59 7 41 59
45 63 45 53 63
18 46 18 34 46
46 83 46 62 83
52 69 52 60 69
36 86 36 77 86
18 39 18 34 39
3 48 3 33 48
48 68 48 62 68
31 86 31 63 86
39 68 39 62 68
6 30 6 13 30
30 88 30 69 88
6 54 6 8 54
14 57 14 53 57
48 65 48 65
13 49 13 30 49
34 86 34 86
1 42 1 32 42
46 79 46 65 79
58 64 58 60 64
17 46 17 34 46
46 71 46 52 60 71
59 76 59 64 76
8 59 8 38 59
34 89 34 65 89
54 72 54 58 60 72
37 69 37 69
37 84 37 84
32 81 32 67 81
20 56 20 37 56
40 88 40 71 88
10 47 10 43 47
37 65 37 41 65
39 89 39 89
36 75 36 62 75
14 56 14 34 56
41 88 41 88
51 62 51 62
3 55 3 46 55
11 35 11 35
31 66 31 63 66
7 54 7 42 54
45 68 45 66 68
24 36 24 36
54 77 54 77
14 31 14 18 25 31
50 87 50 65 87
26 37 26 28 37
22 49 22 49
55 77 55 60 77
46 70 46 47 70
21 45 21 32 45
52 73 52 60 73
14 32 14 18 32
31 88 31 68 88
4 31 4 11 30 31
50 72 50 72
35 87 35 71 87
41 82 41 65 82
7 30 7 13 30
47 82 47 65 82
51 66 51 62 66
34 67 34 65 67
11 55 11 30 55
32 62 32 38 62
43 88 43 68 88
7 39 7 9 39
11 54 11 37 54
16 48 16 40 48
57 71 57 71
10 40 10 24 40
2 30 2 30
13 31 13 31
48 86 48 63 86
51 64 51 61 64
5 42 5 32 42
42 75 42 75
48 77 48 65 77
29 54 29 37 54
31 69 31 37 69
35 61 35 51 61
19 49 19 32 49
54 77 54 77
17 40 17 40
39 86 39 63 86
58 87 58 73 87
33 73 33 44 73
7 49 7 35 49
25 42 25 33 42
53 70 53 57 70
37 87 37 87
58 86 58 69 86
30 69 30 69
46 76 46 64 76
48 63 48 63
44 74 44 74
0 30 0 2 30
37 86 37 69 86
51 64 51 61 64
9 42 9 33 42
49 76 49 66 76
20 42 20 33 42
51 67 51 61 67
29 47 29 37 47
55 80 55 72 80
48 77 48 65 77
1 57 1 30 57
14 35 14 24 35
49 89 49 67 89
4 53 4 42 53
56 75 56 61 75
37 77 37 66 77
59 77 59 64 65 77
45 84 45 66 84
7 31 7 13 31
2 34 2 32 34
6 51 6 51
58 89 58 67 89
25 46 25 31 34 46
46 83 46 62 83
51 88 51 88
9 55 9 37 55
58 88 58 60 88
34 79 34 65 79
9 57 9 33 57
42 77 42 60 77
37 87 37 87
11 41 11 41
6 53 6 7 53
47 61 47 56 61
42 70 42 45 70
31 71 31 61 71
33 86 33 44 86
46 84 46 68 84
3 44 3 33 44
28 41 28 37 41
30 86 30 69 86
31 66 31 63 66
32 69 32 42 69
42 81 42 63 81
1 32 1 32
40 66 40 66
57 80 57 64 80
10 34 10 34
48 67 48 65 67
40 87 40 66 87
50 72 50 72
50 79 50 79
5 42 5 32 42
6 55 6 51 55
33 64 33 44 64
16 45 16 40 45
24 50 24 47 50
40 69 40 66 69
37 64 37 40 64
48 70 48 70
47 66 47 66
9 57 9 33 57
48 72 48 50 72
5 34 5 34
39 84 39 70 84
15 34 15 17 34
55 67 55 60 67
43 85 43 70 85
33 66 33 66
33 89 33 70 89
1 37 1 18 37
12 41 12 20 41
29 53 29 37 53
38 73 38 56 73
52 77 52 77
28 42 28 34 42
58 78 58 67 78
4 45 4 45
6 41 6 41
6 46 6 34 46
0 49 0 35 49
20 48 20 33 48
25 43 25 43
37 78 37 72 78
36 74 36 65 74
15 36 15 29 36
21 46 21 34 46
37 73 37 44 73
44 66 44 53 57 66
48 75 48 62 75
54 77 54 77
38 76 38 63 76
58 75 58 75
21 35 21 24 35
37 77 37 66 77
9 43 9 33 43
34 74 34 65 74
39 75 39 61 75
46 63 46 52 60 63
44 61 44 53 61
22 43 22 43
43 67 43 61 67
6 44 6 10 33 44
1 55 1 55
13 45 13 42 45
22 55 22 55
41 71 41 61 71
49 71 49 60 71
46 75 46 75
50 84 50 66 84
34 70 34 39 70
18 54 18 54
37 73 37 44 73
50 64 50 52 60 64
54 85 54 85
2 55 2 30 55
9 55 9 37 55
27 41 27 41
19 55 19 55
5 37 5 29 37
3 32 3 5 32
9 36 9 16 36
39 61 39 61
47 78 47 56 78
21 36 21 24 36
8 32 8 10 18 32
46 89 46 65 89
5 47 5 32 47
33 71 33 66 71
41 77 41 65 77
20 40 20 40
57 74 57 64 74
37 74 37 66 74
42 62 42 46 62
10 52 10 49 52
11 59 11 38 59
53 78 53 56 78
7 57 7 35 57
51 67 51 61 67
27 55 27 35 55
53 84 53 56 84
25 37 25 31 37
44 78 44 72 78
33 73 33 44 73
8 59 8 38 59
37 80 37 72 80
26 39 26 39
16 55 16 30 55
51 88 51 88
2 58 2 58
53 62 53 56 62
44 86 44 86
7 34 7 14 34
53 88 53 69 88
22 39 22 38 39
31 85 31 70 85
40 66 40 66
43 69 43 69
39 88 39 60 88
15 48 15 27 48
15 49 15 45 49
41 78 41 78
30 82 30 65 82
3 57 3 33 57
47 62 47 50 62
54 61 54 61
19 43 19 33 43
27 40 27 35 40
55 64 55 60 64
53 85 53 85
18 52 18 52
22 36 22 29 36
31 85 31 70 85
58 77 58 77
8 51 8 38 51
37 88 37 69 88
16 47 16 47
22 35 22 35
41 79 41 65 79
50 74 50 65 74
9 54 9 54
2 56 2 56
42 63 42 63
40 65 40 64 65
12 41 12 20 41
41 88 41 88
48 60 48 57 60
45 76 45 66 76
8 41 8 41
18 45 18 32 45
3 36 3 36
56 84 56 84
40 71 40 71
16 33 16 20 33
28 52 28 52
11 55 11 30 55
36 71 36 60 71
27 48 27 48
33 68 33 66 68
40 75 40 71 75
15 34 15 17 34
47 87 47 65 87
39 76 39 63 76
29 41 29 36 41
44 79 44 73 79
17 52 17 18 52
55 80 55 72 80
1 56 1 30 56
40 69 40 66 69
38 68 38 68
50 84 50 66 84
57 89 57 89
15 50 15 38 50
34 83 34 83
47 60 47 56 60
26 34 26 34
44 89 44 89
28 59 28 38 59
12 31 12 20 31
16 43 16 43
7 57 7 35 57
17 45 17 40 45
26 44 26 28 37 44
31 69 31 37 69
0 45 0 40 45
48 63 48 63
5 54 5 19 54
56 65 56 65
34 65 34 65
49 60 49 60
38 65 38 62 65
54 82 54 80 82
6 56 6 34 56
39 60 39 60
20 45 20 33 45
55 78 55 72 78
24 34 24 34
21 55 21 55
10 43 10 43
31 65 31 34 65
34 64 34 46 64
3 41 3 36 41
47 73 47 56 73
58 84 58 75 84
42 65 42 46 65
58 82 58 76 82
21 42 21 32 42
53 61 53 61
47 80 47 80
52 87 52 77 87
33 66 33 66
6 40 6 14 40
42 77 42 60 77
10 40 10 24 40
34 68 34 65 68
42 71 42 60 71
18 57 18 32 57
4 56 4 56
6 32 6 13 30 32
4 53 4 42 53
16 32 16 30 32
43 67 43 61 67
14 39 14 34 39
12 39 12 28 39
12 55 12 21 55
24 55 24 55
58 74 58 60 63 74
37 60 37 42 60
37 79 37 71 79
21 45 21 32 45
44 71 44 53 57 71
42 63 42 63
42 75 42 75
41 63 41 52 60 63
21 37 21 28 37
19 33 19 33
37 63 37 42 63
3 45 3 45
34 82 34 65 82
33 71 33 66 71
12 39 12 28 39
18 45 18 32 45
58 86 58 69 86
4 58 4 33 58
28 47 28 47
41 76 41 76
36 76 36 65 76
45 83 45 49 50 83
7 42 7 42
49 69 49 60 69
6 51 6 51
57 69 57 69
27 45 27 28 45
55 82 55 65 82
14 37 14 18 37
41 66 41 62 66
56 66 56 62 66
15 45 15 45
52 60 52 60
18 33 18 33
52 82 52 80 82
1 47 1 32 47
54 86 54 77 86
24 52 24 36 52
5 52 5 52
4 56 4 56
40 64 40 64
55 62 55 62
43 62 43 62
9 40 9 40
11 48 11 37 48
13 42 13 42
13 38 13 28 38
58 67 58 67
50 62 50 62
44 81 44 73 81
54 80 54 80
25 45 25 33 45
9 36 9 16 36
26 54 26 28 37 54
31 87 31 73 87
38 80 38 63 80
16 50 16 50
4 52 4 45 52
28 56 28 34 56
6 59 6 38 59
1 52 1 50 52
29 44 29 37 44
41 62 41 62
33 64 33 44 64
54 81 54 62 81
7 54 7 42 54
40 84 40 66 84
10 51 10 33 51
35 62 35 46 62
16 38 16 28 38
21 50 21 24 47 50
42 61 42 61
5 44 5 19 44
40 64 40 64
37 86 37 69 86
27 45 27 28 45
44 86 44 86
19 43 19 33 43
46 74 46 74
35 71 35 71
44 77 44 73 77
22 49 22 49
54 72 54 58 60 72
35 62 35 46 62
12 55 12 21 55
25 41 25 31 41
38 88 38 68 88
18 32 18 32
42 63 42 63
2 44 2 44
20 37 20 37
36 76 36 65 76
0 57 0 35 57
17 55 17 55
46 71 46 52 60 71
59 87 59 64 65 87
10 39 10 34 39
37 89 37 69 89
23 42 23 37 42
30 61 30 31 61
27 43 27 37 43
37 87 37 87
39 72 39 60 72
35 81 35 70 81
25 54 25 33 54
20 50 20 49 50
13 51 13 19 25 51
42 89 42 68 89
40 63 40 42 63
48 62 48 62
30 87 30 87
6 51 6 51
50 82 50 65 82
1 42 1 32 42
7 47 7 41 47
41 76 41 76
48 77 48 65 77
40 62 40 43 62
54 80 54 80
52 76 52 60 63 76
5 44 5 19 44
53 67 53 61 67
19 56 19 45 56
3 33 3 33
35 68 35 68
21 40 21 32 40
22 46 22 46
38 67 38 58 67
54 86 54 77 86
48 72 48 50 72
17 44 17 40 44
19 33 19 33
39 65 39 65
20 54 20 33 54
18 51 18 32 51
24 43 24 43
34 88 34 39 59 88
18 52 18 52
43 68 43 68
27 40 27 35 40
48 88 48 88
14 50 14 38 50
54 82 54 80 82
30 70 30 70
45 84 45 66 84
21 35 21 24 35
43 77 43 54 77
30 73 30 31 73
50 85 50 65 85
5 38 5 32 38
2 38 2 38
33 82 33 42 82
58 61 58 61
0 41 0 41
42 89 42 68 89
14 50 14 38 50
3 40 3 40
0 45 0 40 45
5 45 5 32 45
43 74 43 68 74
38 80 38 63 80
51 79 51 79
27 47 27 47
12 57 12 57
46 82 46 82
46 82 46 82
19 31 19 25 31
3 45 3 45
15 39 15 39
6 54 6 8 54
44 69 44 53 69
52 61 52 61
16 37 16 20 37
4 40 4 14 40
50 77 50 65 77
48 84 48 70 84
5 58 5 32 58
36 61 36 41 61
36 65 36 65
25 34 25 31 34
44 63 44 53 63
14 39 14 34 39
52 71 52 60 71
49 80 49 67 80
10 31 10 12 20 31
51 78 51 78
3 36 3 36
11 31 11 30 31
10 36 10 18 36
11 50 11 30 50
32 87 32 71 87
25 52 25 52
6 30 6 13 30
29 41 29 36 41
9 59 9 38 59
28 38 28 38
10 56 10 34 56
46 69 46 62 69
56 75 56 61 75
51 64 51 61 64
45 60 45 49 60
44 70 44 53 57 70
9 40 9 40
24 46 24 34 46
41 89 41 65 89
15 58 15 38 58
37 80 37 72 80
50 68 50 62 68
30 78 30 31 78
23 50 23 24 47 50
59 67 59 64 67
3 54 3 54
5 38 5 32 38
0 32 0 2 32
28 46 28 34 46
54 76 54 58 76
0 40 0 40
56 61 56 61
40 63 40 42 63
22 46 22 46
51 88 51 88
11 45 11 19 45
42 84 42 68 84
14 55 14 24 55
7 53 7 53
19 37 19 25 31 37
33 66 33 66
36 80 36 80
5 59 5 32 59
4 55 4 55
41 80 41 68 80
43 60 43 47 56 60
23 40 23 35 40
58 79 58 73 79
17 32 17 18 32
33 88 33 88
21 47 21 32 47
37 86 37 69 86
31 61 31 61
54 87 54 77 87
16 52 16 52
53 77 53 57 77
47 78 47 56 78
24 39 24 34 39
9 32 9 19 32
23 58 23 35 58
54 79 54 79
45 79 45 71 79
4 41 4 6 41
58 79 58 73 79
54 63 54 58 60 63
22 45 22 45
21 49 21 32 49
47 72 47 66 72
37 63 37 42 63
5 31 5 13 31
6 41 6 41
0 50 0 50
55 69 55 60 69
38 63 38 63
33 75 33 42 75
52 78 52 60 67 78
13 49 13 30 49
53 63 53 63
57 63 57 60 63
39 63 39 63
26 34 26 34
34 89 34 65 89
14 43 14 43
8 33 8 10 33
46 66 46 62 66
38 68 38 68
57 83 57 60 83
1 46 1 19 46
51 63 51 55 60 63
40 75 40 71 75
36 71 36 60 71
20 39 20 26 39
1 56 1 30 56
27 47 27 47
13 41 13 31 41
13 48 13 26 48
42 63 42 63
44 70 44 53 57 70
21 51 21 51
47 65 47 65
3 34 3 34
39 89 39 89
20 50 20 49 50
58 85 58 60 85
36 78 36 40 78
45 81 45 81
40 79 40 71 79
29 52 29 36 52
19 44 19 44
41 71 41 61 71
42 89 42 68 89
44 61 44 53 61
14 33 14 18 33
24 54 24 42 54
48 69 48 62 69
10 50 10 50
8 57 8 37 57
49 69 49 60 69
54 80 54 80
6 53 6 7 53
2 33 2 4 33
23 35 23 35
3 56 3 34 56
34 61 34 39 61
45 61 45 52 61
17 32 17 18 32
49 63 49 60 63
21 49 21 32 49
20 58 20 31 58
53 74 53 74
22 40 22 35 40
23 47 23 37 47
56 71 56 60 71
28 46 28 34 46
46 72 46 55 72
54 85 54 85
41 84 41 68 84
29 36 29 36
0 51 0 35 51
0 36 0 36
10 42 10 33 42
8 44 8 37 44
56 65 56 65
50 70 50 70
49 68 49 62 68
7 43 7 36 43
18 45 18 32 45
3 57 3 33 57
27 52 27 52
47 82 47 65 82
32 79 32 79
21 34 21 34
15 50 15 38 50
25 57 25 57
16 58 16 30 58
26 49 26 28 45 49
21 43 21 24 43
14 36 14 18 36
9 48 9 33 48
41 78 41 78
45 70 45 70
8 41 8 41
31 68 31 68
59 83 59 74 83
16 48 16 40 48
43 71 43 61 71
4 46 4 34 46
24 40 24 40
47 67 47 65 67
48 85 48 65 85
47 85 47 65 85
27 54 27 37 54
8 46 8 41 46
43 73 43 47 56 73
24 50 24 47 50
42 62 42 46 62
35 66 35 40 66
49 72 49 60 72
23 58 23 35 58
25 37 25 31 37
27 35 27 35
9 35 9 22 35
53 84 53 56 84
22 46 22 46
58 80 58 80
4 41 4 6 41
48 86 48 63 86
15 31 15 19 25 31
11 31 11 30 31
36 79 36 79
25 48 25 33 48
33 72 33 66 72
48 75 48 62 75
16 53 16 28 53
13 51 13 19 25 51
35 60 35 49 60
9 50 9 50
24 34 24 34
13 45 13 42 45
10 55 10 22 55
41 70 41 70
54 63 54 58 60 63
17 38 17 18 32 38
26 55 26 55
41 75 41 61 75
24 38 24 27 28 38
46 65 46 65
56 70 56 57 70
13 30 13 30
44 77 44 73 77
31 87 31 73 87
34 68 34 65 68
9 45 9 33 45
5 30 5 13 30
48 69 48 62 69
45 83 45 49 50 83
7 51 7 35 51
36 77 36 77
51 89 51 89
47 64 47 56 64
45 80 45 78 80
52 83 52 60 83
3 45 3 45
0 39 0 39
36 69 36 60 69
25 38 25 28 38
10 32 10 18 32
53 79 53 79
30 72 30 50 72
21 45 21 32 45
35 64 35 64
12 37 12 18 37
41 66 41 62 66
39 88 39 60 88
39 74 39 74
52 63 52 60 63
49 84 49 84
2 58 2 58
31 71 31 61 71
59 64 59 64
59 85 59 85
19 32 19 32
56 83 56 60 83
56 87 56 65 87
12 48 12 28 48
58 68 58 60 64 65 68
48 79 48 65 79
15 58 15 38 58
37 69 37 69
23 45 23 24 40 45
30 71 30 32 71
2 34 2 32 34
43 73 43 47 56 73
37 62 37 41 62
17 48 17 40 48
15 41 15 41
7 39 7 9 39
18 38 18 32 38
42 69 42 69
25 41 25 31 41
34 77 34 77
41 76 41 76
53 61 53 61
2 32 2 32
36 89 36 89
11 36 11 36
55 87 55 65 87
8 39 8 39
53 67 53 61 67
16 42 16 34 42
28 58 28 37 58
21 32 21 32
7 45 7 45
53 72 53 56 59 72
4 40 4 14 40
35 83 35 80 83
58 64 58 60 64
43 68 43 68
24 42 24 42
42 66 42 63 66
59 88 59 88
48 81 48 81
6 53 6 7 53
43 71 43 61 71
35 77 35 77
1 34 1 32 34
12 54 12 42 54
50 83 50 83
40 72 40 66 72
46 78 46 78
50 63 50 52 60 63
12 53 12 42 53
42 73 42 60 73
36 87 36 87
29 55 29 35 55
51 64 51 61 64
49 85 49 60 85
33 86 33 44 86
35 65 35 64 65
54 66 54 62 66
18 49 18 49
47 64 47 56 64
27 54 27 37 54
56 75 56 61 75
46 76 46 64 76
39 74 39 74
48 84 48 70 84
36 78 36 40 78
59 89 59 72 89
18 44 18 33 44
7 37 7 9 37
39 84 39 70 84
44 61 44 53 61
38 88 38 68 88
21 56 21 56
39 88 39 60 88
36 71 36 60 71
17 59 17 42 59
34 80 34 78 80
53 79 53 79
13 56 13 56
9 41 9 37 41
51 72 51 55 72
31 66 31 63 66
55 69 55 60 69
54 69 54 62 69
28 59 28 38 59
34 79 34 65 79
54 67 54 67
49 75 49 75
47 67 47 65 67
12 31 12 20 31
3 50 3 49 50
46 82 46 82
20 51 20 33 51
46 85 46 85
37 72 37 72
15 42 15 17 42
58 86 58 69 86
3 48 3 33 48
12 33 12 18 33
49 82 49 74 82
48 64 48 57 64
21 57 21 57
0 49 0 35 49
54 83 54 62 83
37 79 37 71 79
22 52 22 52
0 54 0 43 54
59 81 59 64 65 81
17 57 17 53 57
19 57 19 32 57
50 60 50 52 60
11 52 11 52
12 53 12 42 53
6 47 6 47
24 41 24 36 41
22 41 22 29 36 41
31 75 31 61 75
11 41 11 41
36 61 36 41 61
10 42 10 33 42
36 64 36 60 64
32 78 32 67 78
17 56 17 34 56
45 66 45 66
5 56 5 34 56
29 57 29 57
50 75 50 62 75
2 42 2 32 42
52 87 52 77 87
41 74 41 74
9 36 9 16 36
38 66 38 62 66
5 38 5 32 38
12 34 12 14 34
3 43 3 43
38 74 38 63 74
39 62 39 62
10 46 10 34 46
18 52 18 52
0 53 0 2 53
1 45 1 32 45
23 56 23 37 56
0 56 0 56
4 59 4 42 59
10 59 10 15 59
13 33 13 31 33
21 32 21 32
13 53 13 42 53
53 81 53 63 81
56 65 56 65
47 69 47 66 69
44 63 44 53 63
48 88 48 88
0 37 0 8 37
34 78 34 78
2 55 2 30 55
25 41 25 31 41
59 75 59 74 75
39 79 39 65 79
21 59 21 32 59
5 48 5 7 48
54 62 54 62
41 61 41 61
38 63 38 63
36 88 36 60 88
30 74 30 65 74
36 78 36 40 78
57 65 57 64 65
39 89 39 89
25 38 25 28 38
11 56 11 56
31 60 31 49 60
54 62 54 62
1 56 1 30 56
40 88 40 71 88
11 56 11 56
9 52 9 50 52
19 59 19 32 59
25 33 25 33
56 75 56 61 75
15 33 15 19 33
38 87 38 43 87
0 48 0 40 48
55 66 55 62 66
56 88 56 60 88
4 37 4 8 37
9 36 9 16 36
22 33 22 33
54 76 54 58 76
31 63 31 63
55 82 55 65 82
46 75 46 75
52 86 52 86
5 44 5 19 44
35 62 35 46 62
0 59 0 39 59
9 40 9 40
50 70 50 70
15 43 15 43
27 35 27 35
57 87 57 87
24 57 24 35 57
52 66 52 60 63 66
13 40 13 19 40
37 84 37 84
31 86 31 63 86
4 45 4 45
54 69 54 62 69
26 45 26 28 45
51 71 51 71
46 72 46 55 72
42 84 42 68 84
38 76 38 63 76
18 34 18 34
7 43 7 36 43
40 79 40 71 79
48 75 48 62 75
13 54 13 42 54
0 47 0 47
2 31 2 30 31
22 43 22 43
46 82 46 82
22 48 22 33 48
42 80 42 80
19 34 19 32 34
21 44 21 28 37 44
26 46 26 34 46
42 86 42 63 86
38 84 38 68 84
46 72 46 55 72
36 84 36 51 84
3 59 3 14 59
1 43 1 14 43
26 47 26 47
2 43 2 38 43
29 47 29 37 47
11 41 11 41
13 58 13 30 58
9 31 9 13 31
52 63 52 60 63
23 37 23 37
18 33 18 33
51 68 51 62 68
43 83 43 83
48 71 48 57 71
54 77 54 77
43 65 43 62 65
57 83 57 60 83
20 51 20 33 51
6 48 6 7 48
57 73 57 60 73
43 76 43 68 76
23 39 23 39
28 49 28 45 49
11 57 11 30 57
41 71 41 61 71
49 72 49 60 72
40 61 40 42 61
55 81 55 81
54 73 54 58 73
16 34 16 34
31 69 31 37 69
36 67 36 60 67
15 34 15 17 34
8 49 8 10 49
13 35 13 27 35
2 41 2 41
40 62 40 43 62
52 72 52 60 72
5 36 5 7 36
32 89 32 89
40 62 40 43 62
10 32 10 18 32
37 87 37 87
52 85 52 60 85
26 40 26 28 37 40
24 47 24 47
41 89 41 65 89
52 63 52 60 63
46 66 46 62 66
13 52 13 27 52
23 46 23 35 46
53 60 53 56 60
35 72 35 72
45 79 45 71 79
16 44 16 40 44
45 66 45 66
56 84 56 84
55 74 55 65 74
50 71 50 66 71
26 37 26 28 37
37 66 37 66
57 86 57 68 86
4 59 4 42 59
42 65 42 46 65
2 34 2 32 34
33 71 33 66 71
54 78 54 67 78
50 83 50 83
28 45 28 45
33 60 33 42 60
18 38 18 32 38
52 67 52 60 67
13 48 13 26 48
34 88 34 39 59 88
22 48 22 33 48
3 44 3 33 44
25 44 25 33 44
7 53 7 53
57 88 57 88
11 32 11 30 32
15 37 15 27 37
26 41 26 41
39 70 39 70
41 62 41 62
29 41 29 36 41
46 70 46 47 70
34 60 34 39 60
17 36 17 18 36
33 70 33 70
34 87 34 65 87
8 51 8 38 51
45 83 45 49 50 83
38 67 38 58 67
40 80 40 80
24 48 24 40 48
17 35 17 27 35
11 38 11 38
7 32 7 18 32
11 40 11 35 40
21 57 21 57
3 52 3 52
48 64 48 57 64
27 48 27 48
23 51 23 35 51
31 66 31 63 66
50 66 50 66
6 31 6 13 31
49 88 49 88
22 33 22 33
23 39 23 39
52 78 52 60 67 78
9 42 9 33 42
0 48 0 40 48
30 67 30 65 67
20 50 20 49 50
3 34 3 34
25 58 25 31 58
3 54 3 54
30 77 30 65 77
37 88 37 69 88
16 32 16 30 32
12 54 12 42 54
53 83 53 74 83
15 51 15 51
21 52 21 28 52
3 53 3 45 53
10 58 10 33 58
10 37 10 18 37
54 76 54 58 76
28 41 28 37 41
34 86 34 86
49 63 49 60 63
1 52 1 50 52
9 52 9 50 52
32 63 32 38 63
38 83 38 83
5 50 5 10 50
9 41 9 37 41
5 32 5 32
55 66 55 62 66
36 84 36 51 84
52 74 52 60 63 74
33 61 33 42 61
18 38 18 32 38
5 57 5 57
27 42 27 37 42
10 40 10 24 40
21 53 21 28 53
31 63 31 63
50 63 50 52 60 63
22 33 22 33
11 36 11 36
21 44 21 28 37 44
22 33 22 33
33 68 33 66 68
35 63 35 49 60 63
47 80 47 80
45 77 45 66 77
36 69 36 60 69
32 88 32 71 88
18 41 18 36 41
58 74 58 60 63 74
7 47 7 41 47
1 52 1 50 52
44 84 44 75 84
32 87 32 71 87
58 81 58 67 81
33 89 33 70 89
18 33 18 33
52 80 52 80
31 68 31 68
39 79 39 65 79
44 73 44 73
43 77 43 54 77
22 54 22 33 54
55 75 55 62 75
52 74 52 60 63 74
49 65 49 62 65
57 72 57 60 72
12 42 12 42
46 81 46 62 81
19 54 19 54
37 87 37 87
28 59 28 38 59
0 45 0 40 45
54 71 54 61 71
52 76 52 60 63 76
7 30 7 13 30
33 74 33 66 74
7 47 7 41 47
52 88 52 88
1 49 1 30 49
32 72 32 38 72
25 51 25 51
24 58 24 58
11 45 11 19 45
23 50 23 24 47 50
55 73 55 60 73
50 62 50 62
49 83 49 60 83
10 39 10 34 39
17 40 17 40
4 50 4 6 50
45 65 45 56 65
18 58 18 32 58
26 45 26 28 45
53 66 53 63 66
26 57 26 57
48 80 48 63 80
32 63 32 38 63
44 85 44 64 85
33 89 33 70 89
30 63 30 31 63
48 70 48 70
27 42 27 37 42
55 64 55 60 64
42 85 42 60 85
41 73 41 58 73
12 44 12 44
54 83 54 62 83
57 70 57 70
52 68 52 60 64 65 68
43 75 43 61 75
51 65 51 65
52 84 52 75 84
27 38 27 28 38
0 49 0 35 49
37 81 37 81
43 69 43 69
57 85 57 60 85
22 58 22 33 58
22 55 22 55
44 81 44 73 81
19 40 19 40
54 86 54 77 86
16 47 16 47
43 89 43 68 89
0 43 0 43
14 42 14 42
31 77 31 77
55 84 55 62 66 84
41 61 41 61
48 71 48 57 71
7 45 7 45
50 84 50 66 84
40 74 40 64 74
10 44 10 33 44
58 81 58 67 81
39 67 39 60 67
43 87 43 87
42 78 42 78
16 52 16 52
13 53 13 42 53
50 80 50 80
56 64 56 64
10 54 10 33 54
18 46 18 34 46
54 75 54 61 75
31 82 31 82
2 32 2 32
50 67 50 65 67
3 56 3 34 56
6 44 6 10 33 44
5 41 5 7 41
12 46 12 42 46
15 38 15 38
44 85 44 64 85
4 38 4 6 38
51 71 51 71
31 83 31 83
29 58 29 35 58
29 40 29 35 40
16 39 16 34 39
4 45 4 45
20 33 20 33
4 34 4 34
37 65 37 41 65
14 50 14 38 50
12 56 12 47 56
25 37 25 31 37
9 55 9 37 55
1 40 1 32 40
21 46 21 34 46
48 61 48 50 52 61
17 47 17 18 47
28 56 28 34 56
45 86 45 86
20 49 20 49
23 36 23 24 36
47 77 47 65 77
26 56 26 34 56
25 53 25 53
24 38 24 27 28 38
18 51 18 32 51
35 85 35 64 85
29 57 29 57
26 52 26 41 52
56 74 56 63 74
46 71 46 52 60 71
12 50 12 50
19 49 19 32 49
30 68 30 65 68
25 42 25 33 42
16 40 16 40
4 47 4 6 47
54 68 54 62 68
7 40 7 35 40
4 48 4 33 48
32 60 32 42 60
14 32 14 18 32
20 59 20 59
8 48 8 37 48
33 64 33 44 64
21 37 21 28 37
24 36 24 36
16 58 16 30 58
59 89 59 72 89
22 42 22 33 42
12 57 12 57
25 54 25 33 54
11 34 11 17 34
12 32 12 18 32
50 67 50 65 67
1 59 1 32 59
50 79 50 79
53 89 53 89
45 63 45 53 63
36 83 36 83
22 50 22 38 50
33 80 33 42 80
14 54 14 54
27 41 27 41
50 71 50 66 71
52 87 52 77 87
27 56 27 37 56
49 61 49 52 61
30 78 30 31 78
20 59 20 59
40 85 40 64 85
17 55 17 55
9 54 9 54
26 50 26 47 50
30 68 30 65 68
28 57 28 57
46 77 46 65 77
29 52 29 36 52
42 88 42 60 88
37 64 37 40 64
42 88 42 60 88
51 65 51 65
48 71 48 57 71
9 35 9 22 35
3 46 3 46
35 75 35 75
53 77 53 57 77
45 63 45 53 63
27 35 27 35
44 83 44 83
57 77 57 77
41 79 41 65 79
50 80 50 80
50 87 50 65 87
33 84 33 66 84
29 50 29 48 50
57 78 57 78
15 44 15 44
53 78 53 56 78
36 69 36 60 69
2 57 2 57
47 72 47 66 72
18 36 18 36
51 61 51 61
45 61 45 52 61
16 38 16 28 38
31 65 31 34 65
10 41 10 15 41
34 60 34 39 60
58 87 58 73 87
43 78 43 47 56 78
2 45 2 32 45
13 44 13 19 44
36 80 36 80
24 43 24 43
47 67 47 65 67
17 48 17 40 48
21 32 21 32
39 85 39 60 85
21 39 21 34 39
31 60 31 49 60
10 46 10 34 46
10 42 10 33 42
45 70 45 70
7 34 7 14 34
7 56 7 45 56
52 67 52 60 67
56 88 56 60 88
40 82 40 82
53 73 53 56 73
35 89 35 89
50 61 50 52 61
30 81 30 81
9 41 9 37 41
38 60 38 39 60
20 57 20 57
54 66 54 62 66
52 63 52 60 63
13 37 13 31 37
26 37 26 28 37
16 56 16 30 56
11 46 11 35 46
18 54 18 54
6 31 6 13 31
44 88 44 53 57 88
37 80 37 72 80
57 84 57 84
7 44 7 9 33 44
59 72 59 72
1 34 1 32 34
5 45 5 32 45
52 83 52 60 83
57 75 57 75
1 35 1 24 35
57 63 57 60 63
58 85 58 60 85
48 61 48 50 52 61
32 66 32 34 66
18 56 18 34 56
9 46 9 19 46
41 65 41 65
14 44 14 40 44
12 31 12 20 31
59 77 59 64 65 77
51 78 51 78
10 56 10 34 56
10 58 10 33 58
54 71 54 61 71
2 41 2 41
20 34 20 31 34
53 71 53 61 71
56 63 56 63
36 72 36 60 72
56 63 56 63
25 33 25 33
16 32 16 30 32
7 53 7 53
6 38 6 38
48 69 48 62 69
1 49 1 30 49
19 59 19 32 59
57 82 57 76 82
49 81 49 62 81
20 41 20 41
0 41 0 41
10 33 10 33
22 49 22 49
11 38 11 38
21 35 21 24 35
49 74 49 74
46 60 46 52 60
18 43 18 33 43
46 72 46 55 72
57 85 57 60 85
50 67 50 65 67
27 52 27 52
13 34 13 31 34
11 51 11 35 51
36 60 36 60
26 54 26 28 37 54
12 50 12 50
39 83 39 60 83
12 38 12 14 38
36 84 36 51 84
0 36 0 36
58 84 58 75 84
28 53 28 53
53 74 53 74
45 61 45 52 61
49 66 49 66
5 51 5 32 51
8 56 8 37 56
51 75 51 75
23 51 23 35 51
16 47 16 47
35 77 35 77
18 49 18 49
32 85 32 64 85
58 76 58 76
18 42 18 42
39 82 39 82
34 80 34 78 80
26 55 26 55
48 60 48 57 60
39 86 39 63 86
27 44 27 37 44
38 72 38 72
52 64 52 60 64
18 59 18 59
3 52 3 52
58 60 58 60
11 31 11 30 31
55 83 55 83
11 30 11 30
58 66 58 60 63 66
50 70 50 70
23 57 23 35 57
51 81 51 62 81
32 74 32 64 74
49 86 49 86
29 48 29 48
13 31 13 31
3 33 3 33
7 56 7 45 56
59 82 59 72 82
37 85 37 85
33 88 33 88
30 66 30 49 66
0 43 0 43
20 51 20 33 51
16 32 16 30 32
19 32 19 32
34 86 34 86
17 33 17 18 33
26 59 26 39 59
8 32 8 10 18 32
49 81 49 62 81
44 68 44 53 57 68
31 74 31 63 74
33 84 33 66 84
17 37 17 18 37
19 59 19 32 59
43 63 43 47 56 63
37 75 37 71 75
29 58 29 35 58
24 54 24 42 54
56 84 56 84
17 38 17 18 32 38
6 59 6 38 59
59 65 59 64 65
2 42 2 32 42
51 72 51 55 72
7 45 7 45
13 42 13 42
10 36 10 18 36
25 42 25 33 42
35 85 35 64 85
50 73 50 52 60 73
27 53 27 37 53
23 55 23 35 55
19 55 19 55
52 60 52 60
29 51 29 35 51
36 82 36 65 82
49 74 49 74
33 67 33 66 67
10 49 10 49
45 61 45 52 61
34 69 34 66 69
48 86 48 63 86
48 73 48 57 60 73
34 73 34 56 73
0 50 0 50
55 66 55 62 66
5 56 5 34 56
10 47 10 43 47
34 61 34 39 61
18 37 18 37
47 76 47 76
51 73 51 55 60 73
51 75 51 75
44 80 44 64 80
38 85 38 51 85
37 74 37 66 74
18 56 18 34 56
5 45 5 32 45
35 82 35 82
35 84 35 68 84
53 88 53 69 88
55 71 55 60 71
26 50 26 47 50
21 49 21 32 49
25 56 25 53 56
0 47 0 47
36 60 36 60
37 88 37 69 88
44 88 44 53 57 88
34 80 34 78 80
12 54 12 42 54
23 39 23 39
43 60 43 47 56 60
35 79 35 71 79
55 73 55 60 73
22 52 22 52
21 44 21 28 37 44
16 40 16 40
2 55 2 30 55
32 74 32 64 74
3 31 3 20 31
38 88 38 68 88
5 46 5 34 46
3 47 3 43 47
24 47 24 47
36 63 36 60 63
35 68 35 68
16 50 16 50
2 59 2 32 59
55 66 55 62 66
45 82 45 49 74 82
3 41 3 36 41
6 58 6 38 58
44 80 44 64 80
57 74 57 64 74
56 82 56 65 82
51 85 51 85
21 38 21 32 38
1 54 1 14 54
50 72 50 72
4 50 4 6 50
58 84 58 75 84
33 76 33 66 76
25 45 25 33 45
36 62 36 62
5 36 5 7 36
43 79 43 54 79
24 58 24 58
35 83 35 80 83
34 80 34 78 80
44 68 44 53 57 68
3 59 3 14 59
13 30 13 30
45 69 45 66 69
49 67 49 67
18 46 18 34 46
46 84 46 68 84
2 59 2 32 59
18 58 18 32 58
13 33 13 31 33
27 40 27 35 40
55 63 55 60 63
13 48 13 26 48
13 54 13 42 54
18 47 18 47
36 64 36 60 64
45 74 45 66 74
58 82 58 76 82
1 39 1 15 39
46 61 46 52 61
48 62 48 62
27 51 27 35 51
49 73 49 73
5 38 5 32 38
36 62 36 62
36 63 36 60 63
3 42 3 33 42
17 37 17 18 37
18 39 18 34 39
9 30 9 13 30
10 54 10 33 54
13 53 13 42 53
4 31 4 11 30 31
52 88 52 88
39 77 39 60 77
12 42 12 42
42 66 42 63 66
1 41 1 15 41
46 61 46 52 61
33 64 33 44 64
4 44 4 33 44
18 48 18 33 48
57 80 57 64 80
22 36 22 29 36
0 38 0 2 38
17 46 17 34 46
25 49 25 31 49
31 60 31 49 60
23 54 23 37 54
56 65 56 65
2 46 2 35 46
55 84 55 62 66 84
41 69 41 62 69
2 41 2 41
43 71 43 61 71
30 65 30 65
20 39 20 26 39
28 52 28 52
26 54 26 28 37 54
30 67 30 65 67
57 86 57 68 86
6 49 6 10 49
56 71 56 60 71
23 31 23 25 31
24 48 24 40 48
17 57 17 53 57
48 72 48 50 72
37 73 37 44 73
50 68 50 62 68
36 88 36 60 88
53 78 53 56 78
0 33 0 3 33
25 57 25 57
32 75 32 75
39 63 39 63
13 58 13 30 58
48 74 48 74
31 61 31 61
38 88 38 68 88
39 83 39 60 83
1 37 1 18 37
56 67 56 60 67
10 46 10 34 46
15 35 15 22 35
53 66 53 63 66
41 82 41 65 82
51 60 51 55 60
12 46 12 42 46
33 61 33 42 61
14 40 14 40
6 58 6 38 58
3 46 3 46
42 80 42 80
7 30 7 13 30
34 61 34 39 61
3 47 3 43 47
9 48 9 33 48
32 83 32 34 83
34 85 34 65 85
39 66 39 62 66
38 79 38 50 79
32 84 32 75 84
55 62 55 62
37 89 37 69 89
10 49 10 49
49 73 49 73
9 40 9 40
28 50 28 38 50
29 35 29 35
33 60 33 42 60
48 82 48 65 82
50 60 50 52 60
22 42 22 33 42
36 84 36 51 84
46 83 46 62 83
10 53 10 53
0 41 0 41
11 44 11 37 44
35 60 35 49 60
40 76 40 64 76
40 71 40 71
51 86 51 69 86
15 45 15 45
2 30 2 30
52 87 52 77 87
28 50 28 38 50
12 56 12 47 56
12 35 12 24 35
41 64 41 61 64
46 62 46 62
57 88 57 88
36 62 36 62
55 69 55 60 69
46 75 46 75
4 57 4 57
10 45 10 33 45
19 59 19 32 59
40 79 40 71 79
39 63 39 63
15 46 15 41 46
43 70 43 70
1 32 1 32
42 75 42 75
12 35 12 24 35
0 45 0 40 45
25 42 25 33 42
10 48 10 48
20 53 20 37 53
26 48 26 48
58 61 58 61
0 43 0 43
40 60 40 42 60
51 84 51 84
54 72 54 58 60 72
47 82 47 65 82
9 51 9 33 51
21 53 21 28 53
59 71 59 64 67 71
34 83 34 83
47 63 47 56 63
21 36 21 24 36
46 69 46 62 69
19 51 19 32 51
6 52 6 41 52
38 79 38 50 79
25 43 25 43
52 85 52 60 85
46 75 46 75
51 66 51 62 66
1 50 1 50
31 70 31 70
4 37 4 8 37
37 75 37 71 75
37 71 37 71
44 87 44 73 87
4 42 4 42
31 69 31 37 69
22 37 22 29 37
43 77 43 54 77
28 42 28 34 42
40 70 40 43 70
39 89 39 89
55 86 55 72 86
59 74 59 74
9 45 9 33 45
38 80 38 63 80
0 45 0 40 45
58 78 58 67 78
27 45 27 28 45
35 65 35 64 65
0 33 0 3 33
37 67 37 66 67
7 39 7 9 39
39 81 39 62 81
51 83 51 62 83
18 38 18 32 38
34 80 34 78 80
26 43 26 39 43
11 47 11 37 47
18 59 18 59
17 54 17 42 54
38 63 38 63
13 46 13 42 46
15 33 15 19 33
25 55 25 51 55
51 74 51 65 74
43 61 43 61
14 43 14 43
36 78 36 40 78
19 32 19 32
39 65 39 65
53 81 53 63 81
45 82 45 49 74 82
48 84 48 70 84
35 68 35 68
11 47 11 37 47
24 47 24 47
15 43 15 43
32 69 32 42 69
41 75 41 61 75
7 48 7 48
47 68 47 65 68
49 86 49 86
52 79 52 60 71 79
22 41 22 29 36 41
4 56 4 56
16 49 16 30 49
3 54 3 54
51 65 51 65
31 63 31 63
42 69 42 69
8 55 8 37 55
51 88 51 88
15 46 15 41 46
29 54 29 37 54
47 85 47 65 85
33 86 33 44 86
11 50 11 30 50
36 73 36 60 73
50 69 50 62 69
19 48 19 33 48
21 42 21 32 42
39 62 39 62
47 83 47 74 83
13 55 13 30 55
34 77 34 77
15 33 15 19 33
27 55 27 35 55
3 38 3 8 38
0 30 0 2 30
9 35 9 22 35
37 77 37 66 77
15 59 15 59
59 68 59 64 65 68
47 66 47 66
50 89 50 89
46 69 46 62 69
0 31 0 13 31
2 38 2 38
25 54 25 33 54
32 67 32 67
24 34 24 34
31 68 31 68
13 45 13 42 45
44 79 44 73 79
51 82 51 82
31 73 31 73
20 58 20 31 58
55 65 55 65
44 80 44 64 80
11 35 11 35
29 35 29 35
36 79 36 79
48 64 48 57 64
4 47 4 6 47
56 66 56 62 66
23 31 23 25 31
32 89 32 89
16 56 16 30 56
6 55 6 51 55
44 84 44 75 84
37 75 37 71 75
32 66 32 34 66
43 78 43 47 56 78
13 47 13 47
5 46 5 34 46
50 81 50 62 81
33 88 33 88
32 65 32 64 65
14 55 14 24 55
54 79 54 79
12 55 12 21 55
36 75 36 62 75
23 33 23 25 33
51 74 51 65 74
27 58 27 58
3 47 3 43 47
23 31 23 25 31
32 64 32 64
26 51 26 41 51
17 49 17 40 49
3 39 3 34 39
51 73 51 55 60 73
6 38 6 38
21 50 21 24 47 50
29 44 29 37 44
43 60 43 47 56 60
29 51 29 35 51
28 48 28 48
13 30 13 30
33 88 33 88
34 76 34 65 76
43 60 43 47 56 60
13 35 13 27 35
11 33 11 19 33
2 54 2 4 54
6 48 6 7 48
59 81 59 64 65 81
21 35 21 24 35
55 80 55 72 80
17 59 17 42 59
23 42 23 37 42
59 74 59 74
17 52 17 18 52
5 41 5 7 41
53 60 53 56 60
53 65 53 56 65
55 78 55 72 78
40 86 40 71 86
1 44 1 44
57 60 57 60
18 31 18 25 31
35 74 35 64 74
3 36 3 36
9 38 9 38
38 89 38 89
59 84 59 78 84
16 59 16 59
8 43 8 37 43
51 86 51 69 86
51 76 51 65 76
14 33 14 18 33
10 31 10 12 20 31
7 55 7 35 55
15 53 15 44 53
9 36 9 16 36
31 75 31 61 75
5 42 5 32 42
6 37 6 8 37
4 59 4 42 59
14 36 14 18 36
57 85 57 60 85
17 47 17 18 47
30 82 30 65 82
1 39 1 15 39
23 45 23 24 40 45
9 56 9 56
24 56 24 34 56
18 56 18 34 56
1 38 1 32 38
54 63 54 58 60 63
2 43 2 38 43
34 62 34 39 62
22 52 22 52
17 52 17 18 52
35 62 35 46 62
31 62 31 41 62
46 60 46 52 60
4 48 4 33 48
56 60 56 60
33 77 33 66 77
47 82 47 65 82
40 74 40 64 74
47 67 47 65 67
13 45 13 42 45
11 39 11 38 39
44 87 44 73 87
15 36 15 29 36
1 31 1 30 31
9 55 9 37 55
30 89 30 65 89
37 86 37 69 86
6 47 6 47
1 30 1 30
29 41 29 36 41
27 44 27 37 44
42 87 42 87
10 42 10 33 42
30 72 30 50 72
54 87 54 77 87
55 77 55 60 77
43 69 43 69
53 75 53 61 75
31 75 31 61 75
35 81 35 70 81
10 47 10 43 47
4 49 4 45 49
32 74 32 64 74
49 77 49 60 77
49 71 49 60 71
37 65 37 41 65
32 77 32 67 77
17 34 17 34
40 77 40 66 77
44 62 44 53 56 62
45 72 45 66 72
36 70 36 41 70
33 65 33 48 65
56 67 56 60 67
59 82 59 72 82
9 32 9 19 32
4 55 4 55
37 66 37 66
54 88 54 80 88
42 63 42 63
25 39 25 26 39
38 76 38 63 76
2 45 2 32 45
31 74 31 63 74
18 55 18 37 55
22 41 22 29 36 41
12 54 12 42 54
21 54 21 24 42 54
23 37 23 37
35 89 35 89
38 66 38 62 66
36 61 36 41 61
45 78 45 78
4 56 4 56
18 31 18 25 31
56 60 56 60
8 35 8 23 35
25 49 25 31 49
38 71 38 51 71
50 86 50 72 86
43 75 43 61 75
53 85 53 85
49 63 49 60 63
54 66 54 62 66
7 46 7 35 46
43 76 43 68 76
7 37 7 9 37
57 86 57 68 86
47 73 47 56 73
41 67 41 61 67
58 82 58 76 82
52 87 52 77 87
21 38 21 32 38
56 84 56 84
18 53 18 53
25 55 25 51 55
32 84 32 75 84
17 35 17 27 35
33 66 33 66
27 53 27 37 53
23 50 23 24 47 50
2 43 2 38 43
3 50 3 49 50
19 44 19 44
31 85 31 70 85
6 50 6 50
0 33 0 3 33
28 41 28 37 41
42 69 42 69
46 80 46 80
10 31 10 12 20 31
11 55 11 30 55
15 50 15 38 50
16 56 16 30 56
51 71 51 71
23 57 23 35 57
34 64 34 46 64
44 82 44 72 82
7 52 7 36 52
7 54 7 42 54
55 83 55 83
1 45 1 32 45
28 37 28 37
16 38 16 28 38
55 88 55 60 88
21 32 21 32
53 86 53 86
20 55 20 37 55
6 42 6 34 42
8 42 8 37 42
30 74 30 65 74
2 35 2 35
16 30 16 30
33 64 33 44 64
20 52 20 41 52
6 48 6 7 48
54 82 54 80 82
23 35 23 35
51 68 51 62 68
59 68 59 64 65 68
6 44 6 10 33 44
20 52 20 41 52
32 73 32 49 73
8 47 8 47
42 81 42 63 81
1 53 1 44 53
51 75 51 75
26 34 26 34
11 50 11 30 50
39 85 39 60 85
49 88 49 88
30 84 30 70 84
29 58 29 35 58
40 72 40 66 72
7 31 7 13 31
51 79 51 79
40 83 40 83
27 59 27 39 59
6 58 6 38 58
29 46 29 35 46
7 56 7 45 56
55 78 55 72 78
46 87 46 65 87
23 49 23 35 49
41 86 41 68 86
28 43 28 37 43
39 76 39 63 76
25 33 25 33
23 59 23 39 59
36 80 36 80
28 58 28 37 58
58 63 58 60 63
14 47 14 43 47
54 76 54 58 76
44 74 44 74
30 68 30 65 68
32 73 32 49 73
34 61 34 39 61
22 53 22 53
30 80 30 80
38 86 38 63 86
20 52 20 41 52
4 37 4 8 37
25 44 25 33 44
11 53 11 37 53
27 45 27 28 45
7 33 7 9 33
56 78 56 78
3 41 3 36 41
59 77 59 64 65 77
4 44 4 33 44
23 41 23 37 41
47 65 47 65
24 37 24 27 37
40 83 40 83
8 31 8 12 20 31
5 40 5 32 40
25 58 25 31 58
20 38 20 25 28 38
44 73 44 73
46 86 46 68 86
10 47 10 43 47
33 82 33 42 82
58 61 58 61
18 37 18 37
5 52 5 52
13 49 13 30 49
42 66 42 63 66
30 69 30 69
21 38 21 32 38
40 88 40 71 88
7 49 7 35 49
38 79 38 50 79
33 66 33 66
40 89 40 80 89
46 73 46 52 60 73
44 83 44 83
58 72 58 60 72
15 52 15 52
16 47 16 47
19 46 19 46
12 56 12 47 56
34 73 34 56 73
54 63 54 58 60 63
31 61 31 61
51 66 51 62 66
36 66 36 62 66
40 88 40 71 88
55 80 55 72 80
33 80 33 42 80
42 79 42 78 79
45 87 45 87
53 69 53 69
18 55 18 37 55
25 56 25 53 56
0 38 0 2 38
51 82 51 82
33 65 33 48 65
57 64 57 64
25 49 25 31 49
6 54 6 8 54
37 74 37 66 74
43 67 43 61 67
2 48 2 27 48
55 60 55 60
19 53 19 42 53
29 49 29 35 49
36 65 36 65
14 40 14 40
20 58 20 31 58
58 71 58 60 71
3 38 3 8 38
41 87 41 65 87
6 30 6 13 30
29 45 29 35 40 45
23 58 23 35 58
41 78 41 78
55 84 55 62 66 84
44 66 44 53 57 66
47 71 47 66 71
13 39 13 39
14 38 14 38
34 68 34 65 68
53 77 53 57 77
45 73 45 49 73
1 45 1 32 45
1 38 1 32 38
8 53 8 37 53
36 79 36 79
43 68 43 68
18 58 18 32 58
30 72 30 50 72
17 39 17 34 39
32 62 32 38 62
29 56 29 56
5 32 5 32
11 52 11 52
15 51 15 51
31 74 31 63 74
30 70 30 70
57 83 57 60 83
42 70 42 45 70
41 65 41 65
41 76 41 76
21 58 21 58
18 48 18 33 48
31 68 31 68
2 30 2 30
4 48 4 33 48
56 72 56 60 72
10 55 10 22 55
44 68 44 53 57 68
22 56 22 38 56
37 70 37 41 70
44 78 44 72 78
46 68 46 68
19 38 19 32 38
40 60 40 42 60
25 38 25 28 38
37 76 37 66 76
35 80 35 80
44 89 44 89
36 60 36 60
31 79 31 79
11 38 11 38
37 62 37 41 62
25 45 25 33 45
22 55 22 55
40 65 40 64 65
8 31 8 12 20 31
35 68 35 68
30 82 30 65 82
15 44 15 44
47 62 47 50 62
50 75 50 62 75
19 34 19 32 34
17 41 17 27 41
42 74 42 63 74
41 70 41 70
16 55 16 30 55
32 65 32 64 65
40 66 40 66
39 63 39 63
53 80 53 63 80
23 52 23 52
16 41 16 36 41
30 69 30 69
37 89 37 69 89
45 77 45 66 77
52 60 52 60
36 72 36 60 72
3 34 3 34
56 74 56 63 74
8 38 8 38
36 88 36 60 88
37 89 37 69 89
2 30 2 30
43 71 43 61 71
22 38 22 38
3 40 3 40
24 51 24 35 51
9 30 9 13 30
44 63 44 53 63
56 67 56 60 67
17 43 17 40 43
18 54 18 54
4 48 4 33 48
54 79 54 79
30 65 30 65
45 88 45 71 88
41 63 41 52 60 63
0 46 0 35 46
43 89 43 68 89
7 58 7 58
25 39 25 26 39
1 48 1 29 48
56 69 56 60 69
39 65 39 65
45 69 45 66 69
30 63 30 31 63
48 74 48 74
26 41 26 41
23 36 23 24 36
23 43 23 37 43
24 42 24 42
45 81 45 81
7 46 7 35 46
12 46 12 42 46
44 87 44 73 87
58 71 58 60 71
55 76 55 76
43 62 43 62
43 62 43 62
8 39 8 39
13 46 13 42 46
38 67 38 58 67
36 69 36 60 69
20 37 20 37
23 45 23 24 40 45
43 64 43 61 64
50 69 50 62 69
20 57 20 57
14 50 14 38 50
4 49 4 45 49
9 41 9 37 41
29 45 29 35 40 45
15 55 15 51 55
50 85 50 65 85
27 41 27 41
46 63 46 52 60 63
51 84 51 84
13 45 13 42 45
0 40 0 40
43 87 43 87
58 82 58 76 82
23 47 23 37 47
24 59 24 42 59
11 32 11 30 32
50 75 50 62 75
58 87 58 73 87
7 45 7 45
46 80 46 80
18 48 18 33 48
54 75 54 61 75
37 68 37 66 68
8 43 8 37 43
5 42 5 32 42
49 74 49 74
41 88 41 88
28 57 28 57
29 46 29 35 46
52 77 52 77
51 80 51 80
40 78 40 78
16 34 16 34
57 72 57 60 72
8 48 8 37 48
20 39 20 26 39
54 89 54 67 89
49 74 49 74
6 43 6 38 43
36 70 36 41 70
9 34 9 16 34
5 52 5 52
29 49 29 35 49
2 38 2 38
56 73 56 73
46 87 46 65 87
5 46 5 34 46
48 84 48 70 84
52 66 52 60 63 66
57 60 57 60
35 68 35 68
44 78 44 72 78
5 53 5 7 53
6 31 6 13 31
43 66 43 62 66
47 86 47 76 86
26 38 26 28 38
45 77 45 66 77
24 57 24 35 57
2 52 2 41 52
40 75 40 71 75
5 50 5 10 50
38 74 38 63 74
34 88 34 39 59 88
30 62 30 49 62
49 79 49 79
58 71 58 60 71
50 69 50 62 69
8 38 8 38
14 53 14 53
32 70 32 45 70
49 86 49 86
43 89 43 68 89
2 46 2 35 46
43 88 43 68 88
19 55 19 55
44 83 44 83
56 72 56 60 72
14 37 14 18 37
28 37 28 37
12 40 12 14 40
32 78 32 67 78
6 47 6 47
12 44 12 44
35 79 35 71 79
57 77 57 77
24 45 24 40 45
18 53 18 53
3 44 3 33 44
45 89 45 89
1 52 1 50 52
50 88 50 80 88
48 86 48 63 86
47 64 47 56 64
9 47 9 47
8 50 8 38 50
51 76 51 65 76
19 57 19 32 57
14 42 14 42
53 75 53 61 75
20 31 20 31
0 59 0 39 59
2 47 2 32 47
32 70 32 45 70
11 45 11 19 45
12 57 12 57
16 54 16 43 54
28 49 28 45 49
23 47 23 37 47
45 68 45 66 68
59 72 59 72
28 47 28 47
35 60 35 49 60
8 47 8 47
10 58 10 33 58
9 44 9 33 44
7 31 7 13 31
27 56 27 37 56
38 70 38 39 70
57 73 57 60 73
42 85 42 60 85
59 68 59 64 65 68
15 48 15 27 48
11 41 11 41
35 86 35 86
8 56 8 37 56
48 61 48 50 52 61
45 78 45 78
58 88 58 60 88
45 72 45 66 72
20 37 20 37
42 61 42 61
37 77 37 66 77
38 80 38 63 80
56 82 56 65 82
23 48 23 37 48
21 59 21 32 59
40 83 40 83
41 72 41 72
16 37 16 20 37
57 89 57 89
7 34 7 14 34
26 57 26 57
37 84 37 84
40 89 40 80 89
47 88 47 80 88
48 76 48 76
34 84 34 66 84
18 55 18 37 55
51 66 51 62 66
34 60 34 39 60
12 32 12 18 32
29 49 29 35 49
12 53 12 42 53
24 57 24 35 57
56 73 56 73
26 58 26 39 58
10 46 10 34 46
41 77 41 65 77
58 81 58 67 81
8 55 8 37 55
1 34 1 32 34
24 54 24 42 54
40 60 40 42 60
25 48 25 33 48
19 41 19 26 41
37 66 37 66
35 88 35 68 88
28 51 28 38 51
57 88 57 88
27 40 27 35 40
55 82 55 65 82
37 70 37 41 70
14 53 14 53
3 44 3 33 44
32 64 32 64
17 45 17 40 45
33 72 33 66 72
53 68 53 57 68
1 31 1 30 31
30 83 30 80 83
3 39 3 34 39
40 88 40 71 88
12 52 12 50 52
28 40 28 37 40
49 69 49 60 69
46 76 46 64 76
38 89 38 89
35 69 35 51 69
41 75 41 61 75
54 60 54 58 60
51 63 51 55 60 63
28 37 28 37
22 48 22 33 48
28 39 28 39
53 74 53 74
16 32 16 30 32
56 85 56 85
41 85 41 85
34 74 34 65 74
33 76 33 66 76
42 65 42 46 65
28 53 28 53
48 68 48 62 68
23 47 23 37 47
24 47 24 47
40 86 40 71 86
48 66 48 62 66
36 70 36 41 70
5 48 5 7 48
0 42 0 40 42
18 46 18 34 46
2 53 2 53
22 35 22 35
47 74 47 74
47 66 47 66
33 60 33 42 60
16 40 16 40
11 31 11 30 31
13 41 13 31 41
55 84 55 62 66 84
25 50 25 26 47 50
48 86 48 63 86
1 32 1 32
27 37 27 37
27 59 27 39 59
56 79 56 79
40 69 40 66 69
42 68 42 68
8 40 8 37 40
9 33 9 33
6 40 6 14 40
1 35 1 24 35
23 57 23 35 57
27 41 27 41
8 33 8 10 33
59 68 59 64 65 68
56 77 56 60 77
16 50 16 50
55 88 55 60 88
10 44 10 33 44
31 70 31 70
45 62 45 49 62
48 84 48 70 84
36 63 36 60 63
47 87 47 65 87
51 83 51 62 83
13 40 13 19 40
37 72 37 72
7 57 7 35 57
37 70 37 41 70
27 53 27 37 53
11 44 11 37 44
55 83 55 83
48 85 48 65 85
10 40 10 24 40
39 88 39 60 88
0 56 0 56
46 74 46 74
53 63 53 63
10 44 10 33 44
0 52 0 52
7 41 7 41
6 54 6 8 54
56 61 56 61
16 52 16 52
45 86 45 86
22 41 22 29 36 41
38 84 38 68 84
39 78 39 59 78
38 81 38 62 81
39 79 39 65 79
20 38 20 25 28 38
35 78 35 72 78
46 70 46 47 70
35 81 35 70 81
16 53 16 28 53
28 38 28 38
41 77 41 65 77
34 84 34 66 84
42 77 42 60 77
54 88 54 80 88
49 71 49 60 71
22 57 22 57
39 81 39 62 81
26 43 26 39 43
58 89 58 67 89
37 82 37 82
56 78 56 78
0 51 0 35 51
6 41 6 41
22 41 22 29 36 41
51 73 51 55 60 73
0 59 0 39 59
55 73 55 60 73
24 50 24 47 50
5 54 5 19 54
38 81 38 62 81
49 76 49 66 76
14 39 14 34 39
34 87 34 65 87
42 81 42 63 81
4 38 4 6 38
10 35 10 22 35
11 47 11 37 47
10 38 10 15 38
46 65 46 65
49 75 49 75
18 59 18 59
14 49 14 40 49
57 87 57 87
36 60 36 60
25 51 25 51
38 76 38 63 76
56 77 56 60 77
25 59 25 31 59
41 74 41 74
55 88 55 60 88
53 65 53 56 65
16 44 16 40 44
40 72 40 66 72
52 79 52 60 71 79
59 79 59 78 79
4 46 4 34 46
2 44 2 44
52 83 52 60 83
47 89 47 89
9 59 9 38 59
44 86 44 86
9 55 9 37 55
26 48 26 48
38 61 38 39 61
42 71 42 60 71
6 36 6 7 36
58 85 58 60 85
29 42 29 37 42
43 87 43 87
56 87 56 65 87
33 87 33 66 87
14 32 14 18 32
19 55 19 55
13 59 13 31 59
46 69 46 62 69
32 89 32 89
41 68 41 68
38 60 38 39 60
26 51 26 41 51
55 75 55 62 75
23 42 23 37 42
24 36 24 36
29 54 29 37 54
5 56 5 34 56
29 59 29 56 59
2 43 2 38 43
54 68 54 62 68
32 60 32 42 60
2 48 2 27 48
32 89 32 89
16 41 16 36 41
24 40 24 40
55 66 55 62 66
13 51 13 19 25 51
47 86 47 76 86
51 61 51 61
52 85 52 60 85
6 59 6 38 59
8 34 8 10 34
16 49 16 30 49
27 47 27 47
51 71 51 71
4 39 4 34 39
24 56 24 34 56
26 57 26 57
16 32 16 30 32
53 65 53 56 65
30 77 30 65 77
52 63 52 60 63
36 69 36 60 69
30 81 30 81
28 52 28 52
8 45 8 15 45
40 87 40 66 87
39 72 39 60 72
37 69 37 69
12 40 12 14 40
38 86 38 63 86
26 49 26 28 45 49
18 59 18 59
29 59 29 56 59
2 36 2 16 36
5 32 5 32
24 37 24 27 37
36 71 36 60 71
24 51 24 35 51
10 37 10 18 37
35 73 35 49 73
20 50 20 49 50
57 82 57 76 82
23 58 23 35 58
43 67 43 61 67
52 83 52 60 83
23 59 23 39 59
34 81 34 81
32 80 32 64 80
14 54 14 54
27 45 27 28 45
21 55 21 55
50 68 50 62 68
56 64 56 64
28 43 28 37 43
10 59 10 15 59
29 57 29 57
54 78 54 67 78
47 71 47 66 71
5 37 5 29 37
38 68 38 68
20 33 20 33
7 35 7 35
34 86 34 86
55 74 55 65 74
17 36 17 18 36
45 89 45 89
42 63 42 63
57 69 57 69
45 80 45 78 80
28 45 28 45
16 46 16 34 46
6 47 6 47
8 43 8 37 43
37 79 37 71 79
43 60 43 47 56 60
37 68 37 66 68
15 52 15 52
59 86 59 72 86
44 75 44 75
21 56 21 56
8 57 8 37 57
11 43 11 43
48 74 48 74
1 33 1 18 33
4 56 4 56
22 47 22 43 47
49 66 49 66
44 61 44 53 61
13 37 13 31 37
9 52 9 50 52
14 33 14 18 33
22 47 22 43 47
5 31 5 13 31
21 44 21 28 37 44
34 84 34 66 84
31 84 31 68 84
3 55 3 46 55
42 76 42 63 76
3 30 3 5 13 30
45 75 45 71 75
17 57 17 53 57
51 84 51 84
37 62 37 41 62
45 81 45 81
2 49 2 49
49 62 49 62
11 48 11 37 48
7 31 7 13 31
33 60 33 42 60
53 68 53 57 68
42 61 42 61
41 86 41 68 86
18 31 18 25 31
25 56 25 53 56
35 87 35 71 87
37 83 37 40 83
2 41 2 41
18 39 18 34 39
0 39 0 39
37 86 37 69 86
34 71 34 66 71
14 56 14 34 56
52 76 52 60 63 76
25 57 25 57
27 51 27 35 51
37 88 37 69 88
54 84 54 58 75 84
47 69 47 66 69
26 44 26 28 37 44
4 42 4 42
1 47 1 32 47
8 42 8 37 42
17 58 17 19 58
47 79 47 65 79
5 53 5 7 53
34 65 34 65
20 59 20 59
22 39 22 38 39
6 49 6 10 49
39 63 39 63
39 64 39 60 64
15 51 15 51
1 42 1 32 42
18 38 18 32 38
50 71 50 66 71
5 34 5 34
38 87 38 43 87
54 69 54 62 69
43 86 43 68 86
13 47 13 47
55 76 55 76
23 48 23 37 48
53 75 53 61 75
33 63 33 42 63
43 84 43 68 84
30 79 30 79
0 36 0 36
58 75 58 75
11 49 11 30 49
33 87 33 66 87
38 64 38 56 64
50 77 50 65 77
59 86 59 72 86
57 68 57 68
46 85 46 85
29 51 29 35 51
42 86 42 63 86
9 36 9 16 36
56 81 56 81
9 56 9 56
15 51 15 51
49 70 49 50 70
11 35 11 35
5 33 5 10 33
19 45 19 45
54 82 54 80 82
8 33 8 10 33
49 68 49 62 68
41 67 41 61 67
54 88 54 80 88
6 34 6 34
28 48 28 48
26 39 26 39
27 59 27 39 59
32 76 32 64 76
40 79 40 71 79
19 57 19 32 57
25 37 25 31 37
2 36 2 16 36
28 51 28 38 51
50 84 50 66 84
6 40 6 14 40
24 55 24 55
26 55 26 55
40 74 40 64 74
8 58 8 37 58
14 41 14 18 36 41
27 34 27 28 34
1 58 1 58
10 32 10 18 32
12 49 12 18 49
58 75 58 75
8 34 8 10 34
10 41 10 15 41
2 57 2 57
25 31 25 31
45 75 45 71 75
36 81 36 81
53 64 53 61 64
48 75 48 62 75
58 74 58 60 63 74
8 38 8 38
43 79 43 54 79
28 45 28 45
42 65 42 46 65
57 77 57 77
58 74 58 60 63 74
55 82 55 65 82
24 53 24 42 53
17 40 17 40
30 65 30 65
14 47 14 43 47
43 75 43 61 75
47 67 47 65 67
54 87 54 77 87
14 46 14 34 46
49 84 49 84
51 67 51 61 67
15 49 15 45 49
24 44 24 40 44
20 37 20 37
42 83 42 60 83
15 46 15 41 46
47 75 47 74 75
49 76 49 66 76
28 58 28 37 58
57 80 57 64 80
2 42 2 32 42
17 41 17 27 41
56 67 56 60 67
56 74 56 63 74
7 52 7 36 52
24 49 24 35 49
30 87 30 87
58 60 58 60
17 47 17 18 47
4 56 4 56
56 78 56 78
26 56 26 34 56
49 86 49 86
18 55 18 37 55
28 48 28 48
29 43 29 43
9 39 9 39
14 41 14 18 36 41
55 82 55 65 82
33 79 33 51 79
2 37 2 27 37
32 74 32 64 74
50 79 50 79
7 36 7 36
20 54 20 33 54
38 77 38 75 77
22 40 22 35 40
16 52 16 52
21 44 21 28 37 44
35 83 35 80 83
29 44 29 37 44
58 74 58 60 63 74
0 38 0 2 38
2 44 2 44
46 64 46 64
42 83 42 60 83
40 80 40 80
34 78 34 78
45 82 45 49 74 82
38 77 38 75 77
35 61 35 51 61
19 53 19 42 53
51 77 51 77
27 35 27 35
12 57 12 57
18 45 18 32 45
52 77 52 77
3 36 3 36
32 70 32 45 70
5 36 5 7 36
3 59 3 14 59
14 34 14 34
34 76 34 65 76
42 64 42 60 64
23 59 23 39 59
40 78 40 78
21 48 21 28 48
40 86 40 71 86
11 49 11 30 49
53 69 53 69
56 62 56 62
39 83 39 60 83
17 57 17 53 57
49 75 49 75
7 38 7 9 38
26 58 26 39 58
0 46 0 35 46
4 50 4 6 50
26 40 26 28 37 40
56 70 56 57 70
39 69 39 69
33 83 33 83
56 62 56 62
13 50 13 30 50
51 75 51 75
25 52 25 52
35 80 35 80
12 58 12 44 58
52 69 52 60 69
16 31 16 30 31
55 65 55 65
7 59 7 41 59
45 66 45 66
56 82 56 65 82
9 56 9 56
23 51 23 35 51
10 42 10 33 42
38 87 38 43 87
41 78 41 78
15 49 15 45 49
57 75 57 75
11 55 11 30 55
34 81 34 81
11 40 11 35 40
48 81 48 81
24 46 24 34 46
55 64 55 60 64
21 45 21 32 45
52 67 52 60 67
53 72 53 56 59 72
15 57 15 22 57
14 51 14 38 51
44 79 44 73 79
46 70 46 47 70
49 60 49 60
10 44 10 33 44
11 34 11 17 34
52 75 52 75
52 71 52 60 71
6 44 6 10 33 44
28 50 28 38 50
38 81 38 62 81
53 68 53 57 68
25 57 25 57
52 67 52 60 67
44 65 44 64 65
24 52 24 36 52
30 79 30 79
41 65 41 65
0 53 0 2 53
6 42 6 34 42
56 78 56 78
9 39 9 39
20 49 20 49
4 55 4 55
8 35 8 23 35
59 72 59 72
54 80 54 80
24 42 24 42
35 80 35 80
22 51 22 33 51
2 51 2 32 51
54 76 54 58 76
48 73 48 57 60 73
40 66 40 66
14 43 14 43
10 56 10 34 56
26 47 26 47
4 55 4 55
59 83 59 74 83
12 47 12 47
36 64 36 60 64
35 70 35 70
37 68 37 66 68
32 73 32 49 73
1 37 1 18 37
1 33 1 18 33
59 80 59 64 80
33 62 33 43 62
50 66 50 66
47 75 47 74 75
21 38 21 32 38
49 83 49 60 83
22 38 22 38
9 59 9 38 59
20 49 20 49
55 86 55 72 86
4 48 4 33 48
10 57 10 33 57
15 47 15 39 47
45 77 45 66 77
18 36 18 36
47 62 47 50 62
34 69 34 66 69
39 74 39 74
9 45 9 33 45
14 42 14 42
7 38 7 9 38
42 62 42 46 62
49 79 49 79
27 48 27 48
58 79 58 73 79
17 51 17 51
45 66 45 66
23 38 23 25 28 38
39 71 39 60 71
34 71 34 66 71
48 65 48 65
7 33 7 9 33
58 83 58 60 83
37 71 37 71
47 68 47 65 68
58 89 58 67 89
40 87 40 66 87
30 64 30 32 64
13 52 13 27 52
8 49 8 10 49
6 31 6 13 31
54 81 54 62 81
33 71 33 66 71
17 42 17 42
16 57 16 30 57
36 67 36 60 67
53 76 53 63 76
22 50 22 38 50
0 35 0 35
7 42 7 42
36 88 36 60 88
45 64 45 56 64
25 40 25 40
36 70 36 41 70
10 33 10 33
36 89 36 89
36 88 36 60 88
2 55 2 30 55
43 76 43 68 76
1 44 1 44
39 87 39 65 87
25 56 25 53 56
18 34 18 34
42 66 42 63 66
31 85 31 70 85
46 70 46 47 70
41 82 41 65 82
34 84 34 66 84
23 55 23 35 55
19 49 19 32 49
3 48 3 33 48
29 47 29 37 47
14 42 14 42
40 62 40 43 62
56 84 56 84
46 88 46 68 88
5 44 5 19 44
46 81 46 62 81
57 60 57 60
49 84 49 84
23 58 23 35 58
41 63 41 52 60 63
18 45 18 32 45
47 86 47 76 86
52 78 52 60 67 78
23 42 23 37 42
42 65 42 46 65
27 35 27 35
54 78 54 67 78
44 75 44 75
46 86 46 68 86
57 64 57 64
49 67 49 67
15 34 15 17 34
1 55 1 55
56 78 56 78
22 59 22 38 59
37 63 37 42 63
43 84 43 68 84
52 84 52 75 84
49 88 49 88
17 47 17 18 47
58 68 58 60 64 65 68
24 59 24 42 59
51 89 51 89
8 53 8 37 53
50 76 50 76
48 86 48 63 86
11 46 11 35 46
16 44 16 40 44
12 58 12 44 58
43 67 43 61 67
46 85 46 85
53 62 53 56 62
16 49 16 30 49
14 33 14 18 33
52 63 52 60 63
56 89 56 65 89
22 37 22 29 37
51 79 51 79
0 42 0 40 42
21 56 21 56
25 38 25 28 38
48 83 48 62 83
57 82 57 76 82
49 68 49 62 68
31 64 31 61 64
6 49 6 10 49
39 70 39 70
46 68 46 68
51 67 51 61 67
20 41 20 41
40 65 40 64 65
56 73 56 73
17 34 17 34
21 50 21 24 47 50
32 63 32 38 63
13 58 13 30 58
13 35 13 27 35
38 78 38 72 78
45 60 45 49 60
52 63 52 60 63
39 79 39 65 79
2 59 2 32 59
45 76 45 66 76
38 62 38 62
42 69 42 69
47 86 47 76 86
1 57 1 30 57
35 60 35 49 60
51 72 51 55 72
37 65 37 41 65
1 34 1 32 34
17 32 17 18 32
46 83 46 62 83
20 49 20 49
41 60 41 52 60
53 78 53 56 78
20 41 20 41
7 57 7 35 57
44 82 44 72 82
49 88 49 88
15 41 15 41
13 47 13 47
59 85 59 85
27 43 27 37 43
24 34 24 34
31 82 31 82
53 84 53 56 84
6 35 6 7 35
40 64 40 64
21 32 21 32
31 62 31 41 62
28 44 28 37 44
3 31 3 20 31
34 63 34 39 63
49 61 49 52 61
14 31 14 18 25 31
23 35 23 35
25 31 25 31
15 35 15 22 35
53 80 53 63 80
9 47 9 47
5 55 5 19 55
7 56 7 45 56
11 59 11 38 59
23 58 23 35 58
12 59 12 42 59
42 76 42 63 76
42 84 42 68 84
45 88 45 71 88
21 58 21 58
42 65 42 46 65
33 85 33 70 85
55 85 55 85
18 39 18 34 39
17 41 17 27 41
45 89 45 89
44 64 44 64
6 50 6 50
34 80 34 78 80
13 33 13 31 33
4 57 4 57
50 67 50 65 67
28 54 28 37 54
13 56 13 56
58 69 58 69
52 87 52 77 87
44 67 44 64 67
33 78 33 42 78
47 66 47 66
38 66 38 62 66
30 73 30 31 73
6 47 6 47
52 89 52 80 89
29 35 29 35
42 61 42 61
33 63 33 42 63
6 33 6 10 33
12 59 12 42 59
7 50 7 48 50
47 88 47 80 88
41 74 41 74
47 83 47 74 83
22 44 22 44
4 57 4 57
50 69 50 62 69
37 85 37 85
38 78 38 72 78
20 42 20 33 42
50 87 50 65 87
23 31 23 25 31
51 63 51 55 60 63
3 44 3 33 44
49 68 49 62 68
16 45 16 40 45
34 83 34 83
17 42 17 42
4 47 4 6 47
50 86 50 72 86
48 86 48 63 86
3 30 3 5 13 30
1 32 1 32
44 79 44 73 79
28 37 28 37
41 71 41 61 71
55 85 55 85
48 74 48 74
37 63 37 42 63
9 49 9 40 49
32 60 32 42 60
37 87 37 87
15 41 15 41
45 84 45 66 84
45 61 45 52 61
14 38 14 38
1 47 1 32 47
7 43 7 36 43
15 32 15 19 32
8 52 8 41 52
11 32 11 30 32
2 30 2 30
51 72 51 55 72
37 67 37 66 67
23 57 23 35 57
24 54 24 42 54
32 75 32 75
57 81 57 81
26 50 26 47 50
17 36 17 18 36
47 63 47 56 63
45 73 45 49 73
13 46 13 42 46
1 45 1 32 45
10 46 10 34 46
8 36 8 24 36
6 36 6 7 36
13 33 13 31 33
22 58 22 33 58
12 59 12 42 59
34 83 34 83
39 73 39 60 73
14 35 14 24 35
8 54 8 54
56 80 56 63 80
15 56 15 38 56
46 87 46 65 87
14 52 14 52
23 41 23 37 41
48 64 48 57 64
11 35 11 35
36 76 36 65 76
3 45 3 45
59 68 59 64 65 68
47 68 47 65 68
48 87 48 65 87
17 50 17 18 50
23 38 23 25 28 38
24 53 24 42 53
48 61 48 50 52 61
16 48 16 40 48
43 82 43 82
39 70 39 70
42 80 42 80
8 37 8 37
13 37 13 31 37
8 33 8 10 33
26 47 26 47
20 43 20 43
11 30 11 30
30 73 30 31 73
3 38 3 8 38
36 64 36 60 64
41 78 41 78
32 85 32 64 85
53 62 53 56 62
24 50 24 47 50
51 74 51 65 74
43 88 43 68 88
48 75 48 62 75
35 74 35 64 74
46 63 46 52 60 63
31 60 31 49 60
36 83 36 83
53 66 53 63 66
14 53 14 53
58 69 58 69
53 67 53 61 67
42 74 42 63 74
46 87 46 65 87
38 60 38 39 60
11 50 11 30 50
28 58 28 37 58
33 73 33 44 73
10 37 10 18 37
49 61 49 52 61
30 63 30 31 63
40 70 40 43 70
36 66 36 62 66
1 30 1 30
50 61 50 52 61
9 56 9 56
31 85 31 70 85
43 78 43 47 56 78
56 64 56 64
25 56 25 53 56
30 62 30 49 62
58 77 58 77
13 55 13 30 55
22 53 22 53
23 44 23 37 44
10 59 10 15 59
17 41 17 27 41
31 72 31 37 72
38 65 38 62 65
57 65 57 64 65
16 48 16 40 48
45 85 45 70 85
29 44 29 37 44
16 51 16 36 51
46 87 46 65 87
37 75 37 71 75
4 35 4 11 35
45 71 45 71
19 42 19 42
11 45 11 19 45
24 39 24 34 39
27 43 27 37 43
30 88 30 69 88
45 80 45 78 80
32 86 32 71 86
3 50 3 49 50
55 86 55 72 86
18 51 18 32 51
34 67 34 65 67
5 35 5 7 35
33 75 33 42 75
48 61 48 50 52 61
41 63 41 52 60 63
5 30 5 13 30
42 75 42 75
36 61 36 41 61
54 79 54 79
45 86 45 86
22 52 22 52
33 67 33 66 67
16 44 16 40 44
2 47 2 32 47
14 49 14 40 49
15 56 15 38 56
11 52 11 52
31 65 31 34 65
48 71 48 57 71
47 84 47 66 84
4 33 4 33
44 87 44 73 87
48 66 48 62 66
36 79 36 79
28 55 28 37 55
11 32 11 30 32
57 63 57 60 63
20 42 20 33 42
16 47 16 47
35 75 35 75
9 34 9 16 34
18 56 18 34 56
38 71 38 51 71
43 81 43 62 81
46 67 46 64 67
57 72 57 60 72
28 54 28 37 54
18 50 18 50
11 39 11 38 39
38 84 38 68 84
39 79 39 65 79
5 43 5 39 43
28 41 28 37 41
46 62 46 62
5 40 5 32 40
33 66 33 66
17 56 17 34 56
21 59 21 32 59
33 62 33 43 62
21 38 21 32 38
17 46 17 34 46
1 36 1 16 36
34 61 34 39 61
26 59 26 39 59
39 88 39 60 88
1 33 1 18 33
14 51 14 38 51
23 56 23 37 56
51 64 51 61 64
30 61 30 31 61
32 88 32 71 88
58 83 58 60 83
49 62 49 62
37 85 37 85
26 45 26 28 45
2 31 2 30 31
18 33 18 33
56 64 56 64
1 32 1 32
9 39 9 39
18 53 18 53
6 37 6 8 37
16 56 16 30 56
49 71 49 60 71
3 47 3 43 47
55 65 55 65
51 80 51 80
4 49 4 45 49
34 68 34 65 68
17 39 17 34 39
37 69 37 69
12 57 12 57
13 49 13 30 49
13 44 13 19 44
38 61 38 39 61
3 32 3 5 32
59 85 59 85
23 40 23 35 40
55 77 55 60 77
19 38 19 32 38
24 41 24 36 41
5 39 5 39
21 43 21 24 43
18 59 18 59
36 62 36 62
50 78 50 72 78
43 81 43 62 81
1 44 1 44
33 84 33 66 84
42 73 42 60 73
46 64 46 64
19 44 19 44
20 47 20 37 47
47 79 47 65 79
7 30 7 13 30
2 43 2 38 43
34 65 34 65
1 46 1 19 46
3 40 3 40
17 53 17 53
15 52 15 52
55 75 55 62 75
19 50 19 26 47 50
38 86 38 63 86
35 78 35 72 78
21 38 21 32 38
34 66 34 66
28 51 28 38 51
14 46 14 34 46
22 35 22 35
3 31 3 20 31
58 64 58 60 64
8 47 8 47
48 77 48 65 77
32 79 32 79
58 72 58 60 72
26 59 26 39 59
33 65 33 48 65
57 68 57 68
39 70 39 70
32 65 32 64 65
37 89 37 69 89
58 60 58 60
38 83 38 83
33 60 33 42 60
5 59 5 32 59
58 68 58 60 64 65 68
28 39 28 39
21 57 21 57
41 60 41 52 60
17 39 17 34 39
7 40 7 35 40
24 45 24 40 45
28 46 28 34 46
8 59 8 38 59
40 74 40 64 74
50 67 50 65 67
16 53 16 28 53
44 74 44 74
48 87 48 65 87
37 88 37 69 88
32 70 32 45 70
9 50 9 50
1 53 1 44 53
1 58 1 58
26 43 26 39 43
25 39 25 26 39
21 36 21 24 36
48 75 48 62 75
17 43 17 40 43
25 51 25 51
21 48 21 28 48
6 45 6 7 45
51 88 51 88
49 89 49 67 89
24 45 24 40 45
1 51 1 51
43 79 43 54 79
54 61 54 61
0 58 0 35 58
31 83 31 83
31 73 31 73
48 86 48 63 86
46 64 46 64
19 33 19 33
31 76 31 63 76
14 43 14 43
29 45 29 35 40 45
28 44 28 37 44
28 56 28 34 56
38 62 38 62
16 37 16 20 37
11 32 11 30 32
26 53 26 28 53
45 66 45 66
28 47 28 47
43 85 43 70 85
30 69 30 69
42 89 42 68 89
38 61 38 39 61
4 35 4 11 35
43 73 43 47 56 73
5 37 5 29 37
35 89 35 89
59 77 59 64 65 77
16 53 16 28 53
8 41 8 41
18 34 18 34
39 60 39 60
34 88 34 39 59 88
21 46 21 34 46
9 54 9 54
1 43 1 14 43
38 89 38 89
28 57 28 57
3 51 3 33 51
57 78 57 78
2 56 2 56
42 66 42 63 66
5 43 5 39 43
1 48 1 29 48
7 40 7 35 40
57 81 57 81
36 67 36 60 67
12 51 12 21 51
28 55 28 37 55
28 42 28 34 42
13 54 13 42 54
6 50 6 50
57 72 57 60 72
25 58 25 31 58
43 86 43 68 86
8 32 8 10 18 32
15 42 15 17 42
29 55 29 35 55
27 58 27 58
57 68 57 68
53 87 53 87
56 63 56 63
38 70 38 39 70
27 44 27 37 44
57 68 57 68
22 49 22 49
53 76 53 63 76
37 62 37 41 62
45 80 45 78 80
45 61 45 52 61
55 68 55 62 68
57 67 57 60 67
34 70 34 39 70
33 81 33 70 81
43 82 43 82
40 86 40 71 86
43 81 43 62 81
15 42 15 17 42
28 58 28 37 58
41 76 41 76
24 35 24 35
57 70 57 70
12 54 12 42 54
6 51 6 51
22 56 22 38 56
48 60 48 57 60
34 72 34 66 72
11 30 11 30
18 54 18 54
10 58 10 33 58
20 42 20 33 42
3 46 3 46
9 37 9 37
50 80 50 80
52 76 52 60 63 76
42 72 42 72
5 46 5 34 46
34 65 34 65
39 86 39 63 86
22 50 22 38 50
22 40 22 35 40
7 54 7 42 54
6 45 6 7 45
4 49 4 45 49
38 86 38 63 86
37 86 37 69 86
30 74 30 65 74
24 57 24 35 57
22 43 22 43
5 52 5 52
38 79 38 50 79
28 46 28 34 46
38 82 38 72 82
0 50 0 50
9 54 9 54
20 49 20 49
39 60 39 60
53 69 53 69
27 44 27 37 44
45 82 45 49 74 82
47 85 47 65 85
50 83 50 83
3 54 3 54
48 81 48 81
10 41 10 15 41
24 41 24 36 41
48 79 48 65 79
16 32 16 30 32
23 33 23 25 33
32 65 32 64 65
12 43 12 14 43
25 41 25 31 41
47 86 47 76 86
39 73 39 60 73
17 39 17 34 39
42 64 42 60 64
34 81 34 81
26 38 26 28 38
15 50 15 38 50
21 50 21 24 47 50
6 39 6 34 39
28 49 28 45 49
18 37 18 37
4 44 4 33 44
2 36 2 16 36
41 71 41 61 71
32 70 32 45 70
15 58 15 38 58
40 72 40 66 72
20 38 20 25 28 38
43 76 43 68 76
28 53 28 53
58 66 58 60 63 66
30 69 30 69
6 30 6 13 30
26 53 26 28 53
6 52 6 41 52
17 42 17 42
43 75 43 61 75
6 34 6 34
23 33 23 25 33
12 45 12 42 45
30 60 30 49 60
11 53 11 37 53
24 34 24 34
21 41 21 24 27 41
19 54 19 54
47 75 47 74 75
9 57 9 33 57
5 55 5 19 55
54 71 54 61 71
38 81 38 62 81
25 31 25 31
10 35 10 22 35
34 63 34 39 63
40 61 40 42 61
20 47 20 37 47
27 42 27 37 42
59 88 59 88
48 72 48 50 72
29 44 29 37 44
52 68 52 60 64 65 68
11 52 11 52
52 75 52 75
5 41 5 7 41
41 76 41 76
56 70 56 57 70
31 68 31 68
43 63 43 47 56 63
51 65 51 65
9 42 9 33 42
15 47 15 39 47
54 81 54 62 81
10 45 10 33 45
41 60 41 52 60
11 57 11 30 57
30 84 30 70 84
0 52 0 52
43 78 43 47 56 78
33 75 33 42 75
46 80 46 80
5 42 5 32 42
3 51 3 33 51
33 62 33 43 62
29 45 29 35 40 45
13 40 13 19 40
35 72 35 72
56 68 56 62 68
44 77 44 73 77
29 36 29 36
48 79 48 65 79
8 54 8 54
19 50 19 26 47 50
19 42 19 42
33 77 33 66 77
57 73 57 60 73
15 40 15 17 40
53 74 53 74
42 80 42 80
56 85 56 85
7 58 7 58
4 58 4 33 58
1 47 1 32 47
19 48 19 33 48
38 76 38 63 76
10 34 10 34
10 59 10 15 59
51 64 51 61 64
34 60 34 39 60
11 38 11 38
34 83 34 83
52 67 52 60 67
6 52 6 41 52
44 79 44 73 79
5 38 5 32 38
43 64 43 61 64
0 46 0 35 46
59 86 59 72 86
16 51 16 36 51
3 48 3 33 48
2 40 2 32 40
13 58 13 30 58
51 77 51 77
6 44 6 10 33 44
26 58 26 39 58
3 37 3 8 37
56 88 56 60 88
29 59 29 56 59
37 88 37 69 88
45 67 45 66 67
57 83 57 60 83
5 56 5 34 56
10 53 10 53
2 39 2 39
24 46 24 34 46
43 68 43 68
27 58 27 58
57 68 57 68
1 30 1 30
4 37 4 8 37
6 33 6 10 33
44 82 44 72 82
43 78 43 47 56 78
39 79 39 65 79
24 36 24 36
4 38 4 6 38
7 33 7 9 33
11 45 11 19 45
6 55 6 51 55
17 31 17 18 25 31
12 44 12 44
39 75 39 61 75
7 53 7 53
55 79 55 79
48 81 48 81
7 30 7 13 30
12 37 12 18 37
6 44 6 10 33 44
46 72 46 55 72
42 77 42 60 77
1 47 1 32 47
16 56 16 30 56
40 81 40 80 81
59 71 59 64 67 71
19 31 19 25 31
56 70 56 57 70
43 79 43 54 79
30 75 30 75
34 77 34 77
50 75 50 62 75
25 38 25 28 38
46 76 46 64 76
7 47 7 41 47
20 41 20 41
39 80 39 80
17 38 17 18 32 38
19 43 19 33 43
27 50 27 47 50
0 58 0 35 58
52 73 52 60 73
56 84 56 84
46 79 46 65 79
6 40 6 14 40
4 35 4 11 35
51 89 51 89
26 44 26 28 37 44
23 49 23 35 49
6 36 6 7 36
45 82 45 49 74 82
43 67 43 61 67
40 68 40 66 68
32 60 32 42 60
40 85 40 64 85
30 89 30 65 89
48 64 48 57 64
30 79 30 79
58 69 58 69
47 70 47 70
39 77 39 60 77
35 73 35 49 73
32 73 32 49 73
50 87 50 65 87
45 70 45 70
10 40 10 24 40
47 70 47 70
12 35 12 24 35
29 42 29 37 42
8 44 8 37 44
11 58 11 58
5 47 5 32 47
8 58 8 37 58
51 81 51 62 81
52 68 52 60 64 65 68
18 57 18 32 57
23 41 23 37 41
27 59 27 39 59
44 73 44 73
20 58 20 31 58
15 47 15 39 47
30 66 30 49 66
55 85 55 85
0 51 0 35 51
7 55 7 35 55
46 86 46 68 86
19 49 19 32 49
33 78 33 42 78
31 63 31 63
5 37 5 29 37
20 40 20 40
39 75 39 61 75
40 61 40 42 61
39 71 39 60 71
14 59 14 59
16 50 16 50
45 78 45 78
39 70 39 70
48 62 48 62
47 62 47 50 62
17 46 17 34 46
49 77 49 60 77
17 56 17 34 56
31 78 31 78
9 34 9 16 34
43 61 43 61
34 79 34 65 79
5 34 5 34
43 80 43 68 80
10 32 10 18 32
55 80 55 72 80
43 83 43 83
10 49 10 49
58 74 58 60 63 74
4 35 4 11 35
53 65 53 56 65
36 84 36 51 84
30 85 30 85
16 33 16 20 33
57 69 57 69
2 49 2 49
19 56 19 45 56
54 65 54 62 65
58 80 58 80
58 83 58 60 83
23 53 23 37 53
20 38 20 25 28 38
15 32 15 19 32
2 56 2 56
8 58 8 37 58
56 66 56 62 66
7 41 7 41
39 83 39 60 83
49 87 49 87
26 45 26 28 45
17 51 17 51
7 59 7 41 59
3 35 3 24 35
33 80 33 42 80
8 57 8 37 57
14 40 14 40
48 62 48 62
0 58 0 35 58
33 70 33 70
41 88 41 88
29 57 29 57
20 58 20 31 58
6 45 6 7 45
46 78 46 78
39 85 39 60 85
55 69 55 60 69
27 44 27 37 44
39 71 39 60 71
36 66 36 62 66
14 37 14 18 37
49 70 49 50 70
24 54 24 42 54
32 84 32 75 84
27 52 27 52
33 80 33 42 80
20 39 20 26 39
42 79 42 78 79
34 79 34 65 79
3 49 3 49
55 63 55 60 63
28 48 28 48
15 40 15 17 40
43 80 43 68 80
6 45 6 7 45
1 46 1 19 46
13 44 13 19 44
37 64 37 40 64
39 74 39 74
51 74 51 65 74
28 46 28 34 46
9 54 9 54
23 49 23 35 49
15 57 15 22 57
50 80 50 80
38 69 38 62 69
37 79 37 71 79
6 53 6 7 53
27 39 27 39
36 80 36 80
47 74 47 74
36 87 36 87
54 67 54 67
16 48 16 40 48
14 45 14 45
8 43 8 37 43
0 34 0 3 34
45 64 45 56 64
1 43 1 14 43
12 40 12 14 40
26 49 26 28 45 49
57 78 57 78
32 74 32 64 74
28 50 28 38 50
16 54 16 43 54
33 86 33 44 86
47 75 47 74 75
16 51 16 36 51
47 61 47 56 61
46 86 46 68 86
2 39 2 39
28 44 28 37 44
32 65 32 64 65
16 30 16 30
21 45 21 32 45
47 71 47 66 71
10 36 10 18 36
10 58 10 33 58
7 44 7 9 33 44
51 87 51 65 87
43 65 43 62 65
32 88 32 71 88
40 81 40 80 81
26 47 26 47
32 68 32 38 68
9 47 9 47
23 45 23 24 40 45
15 33 15 19 33
51 87 51 65 87
36 84 36 51 84
56 86 56 63 86
57 87 57 87
57 64 57 64
21 35 21 24 35
43 66 43 62 66
34 65 34 65
54 75 54 61 75
52 89 52 80 89
3 48 3 33 48
18 49 18 49
30 78 30 31 78
49 69 49 60 69
27 42 27 37 42
16 53 16 28 53
58 66 58 60 63 66
7 55 7 35 55
4 51 4 51
34 77 34 77
34 60 34 39 60
57 64 57 64
7 48 7 48
23 44 23 37 44
50 86 50 72 86
41 81 41 81
24 34 24 34
50 88 50 80 88
55 62 55 62
59 78 59 78
45 88 45 71 88
8 59 8 38 59
15 58 15 38 58
25 38 25 28 38
45 84 45 66 84
23 46 23 35 46
42 72 42 72
25 41 25 31 41
50 72 50 72
41 80 41 68 80
11 55 11 30 55
4 53 4 42 53
32 77 32 67 77
49 80 49 67 80
25 44 25 33 44
55 75 55 62 75
56 67 56 60 67
19 48 19 33 48
19 38 19 32 38
15 52 15 52
0 49 0 35 49
20 57 20 57
58 65 58 60 64 65
56 74 56 63 74
24 40 24 40
48 76 48 76
41 61 41 61
57 80 57 64 80
22 45 22 45
20 38 20 25 28 38
38 70 38 39 70
51 77 51 77
3 31 3 20 31
53 76 53 63 76
29 56 29 56
34 89 34 65 89
34 86 34 86
17 48 17 40 48
58 77 58 77
10 50 10 50
22 40 22 35 40
29 56 29 56
55 72 55 72
4 53 4 42 53
54 69 54 62 69
38 78 38 72 78
38 87 38 43 87
25 43 25 43
48 69 48 62 69
31 70 31 70
4 46 4 34 46
1 36 1 16 36
10 52 10 49 52
15 41 15 41
43 84 43 68 84
53 63 53 63
44 78 44 72 78
12 36 12 18 36
30 80 30 80
33 83 33 83
10 51 10 33 51
36 88 36 60 88
58 75 58 75
3 30 3 5 13 30
18 33 18 33
5 31 5 13 31
19 58 19 58
25 44 25 33 44
12 34 12 14 34
47 85 47 65 85
35 79 35 71 79
22 52 22 52
1 40 1 32 40
17 32 17 18 32
6 41 6 41
32 60 32 42 60
38 88 38 68 88
7 48 7 48
2 35 2 35
51 62 51 62
27 49 27 49
41 86 41 68 86
6 34 6 34
39 77 39 60 77
18 54 18 54
25 38 25 28 38
52 72 52 60 72
58 63 58 60 63
41 81 41 81
32 84 32 75 84
45 78 45 78
57 69 57 69
57 86 57 68 86
33 67 33 66 67
55 80 55 72 80
43 63 43 47 56 63
53 77 53 57 77
55 60 55 60
16 30 16 30
50 85 50 65 85
27 41 27 41
16 41 16 36 41
40 73 40 44 73
37 68 37 66 68
18 42 18 42
29 49 29 35 49
55 72 55 72
31 82 31 82
42 67 42 60 67
57 71 57 71
0 37 0 8 37
8 46 8 41 46
17 52 17 18 52
52 81 52 80 81
26 40 26 28 37 40
56 82 56 65 82
7 58 7 58
43 87 43 87
28 59 28 38 59
57 67 57 60 67
22 56 22 38 56
1 40 1 32 40
52 68 52 60 64 65 68
6 49 6 10 49
16 51 16 36 51
31 62 31 41 62
8 57 8 37 57
55 72 55 72
31 72 31 37 72
25 48 25 33 48
20 57 20 57
8 33 8 10 33
19 34 19 32 34
55 76 55 76
17 47 17 18 47
38 68 38 68
1 56 1 30 56
40 76 40 64 76
32 79 32 79
11 38 11 38
10 34 10 34
20 52 20 41 52
14 41 14 18 36 41
25 34 25 31 34
6 57 6 47 57
33 69 33 66 69
17 46 17 34 46
56 72 56 60 72
2 37 2 27 37
6 41 6 41
13 32 13 30 32
8 55 8 37 55
8 42 8 37 42
45 69 45 66 69
38 69 38 62 69
51 71 51 71
39 83 39 60 83
40 78 40 78
47 83 47 74 83
9 48 9 33 48
58 88 58 60 88
9 59 9 38 59
15 53 15 44 53
31 65 31 34 65
40 84 40 66 84
8 54 8 54
52 75 52 75
35 81 35 70 81
9 33 9 33
54 67 54 67
26 34 26 34
15 51 15 51
19 51 19 32 51
8 34 8 10 34
2 47 2 32 47
48 63 48 63
56 89 56 65 89
15 58 15 38 58
55 63 55 60 63
20 56 20 37 56
27 58 27 58
12 44 12 44
14 40 14 40
45 61 45 52 61
9 42 9 33 42
16 59 16 59
45 61 45 52 61
50 89 50 89
7 36 7 36
32 87 32 71 87
16 55 16 30 55
26 40 26 28 37 40
25 43 25 43
31 86 31 63 86
47 87 47 65 87
30 86 30 69 86
39 89 39 89
38 68 38 68
34 70 34 39 70
28 37 28 37
18 33 18 33
44 87 44 73 87
37 66 37 66
37 82 37 82
19 32 19 32
33 76 33 66 76
23 40 23 35 40
18 50 18 50
56 81 56 81
30 69 30 69
53 83 53 74 83
47 75 47 74 75
12 53 12 42 53
45 81 45 81
49 76 49 66 76
1 36 1 16 36
3 43 3 43
10 41 10 15 41
16 33 16 20 33
1 35 1 24 35
37 64 37 40 64
42 66 42 63 66
25 41 25 31 41
23 54 23 37 54
39 84 39 70 84
53 83 53 74 83
14 47 14 43 47
47 72 47 66 72
33 88 33 88
2 44 2 44
23 35 23 35
16 50 16 50
56 70 56 57 70
16 41 16 36 41
12 40 12 14 40
32 62 32 38 62
18 39 18 34 39
12 31 12 20 31
8 43 8 37 43
33 72 33 66 72
19 58 19 58
44 78 44 72 78
8 53 8 37 53
9 47 9 47
51 89 51 89
21 37 21 28 37
7 35 7 35
42 64 42 60 64
51 69 51 69
33 85 33 70 85
53 71 53 61 71
13 46 13 42 46
55 66 55 62 66
51 71 51 71
39 79 39 65 79
42 79 42 78 79
6 57 6 47 57
5 58 5 32 58
32 66 32 34 66
48 63 48 63
31 64 31 61 64
40 73 40 44 73
36 88 36 60 88
25 52 25 52
23 53 23 37 53
54 68 54 62 68
12 45 12 42 45
27 46 27 46
38 75 38 75
15 39 15 39
23 36 23 24 36
7 39 7 9 39
19 47 19 32 47
41 88 41 88
56 87 56 65 87
4 43 4 33 43
52 85 52 60 85
41 85 41 85
43 82 43 82
12 36 12 18 36
5 48 5 7 48
41 80 41 68 80
5 59 5 32 59
38 78 38 72 78
8 56 8 37 56
23 44 23 37 44
31 72 31 37 72
48 73 48 57 60 73
34 69 34 66 69
3 47 3 43 47
38 68 38 68
43 89 43 68 89
7 51 7 35 51
0 34 0 3 34
52 82 52 80 82
42 71 42 60 71
20 53 20 37 53
46 66 46 62 66
15 40 15 17 40
52 80 52 80
51 79 51 79
2 49 2 49
52 64 52 60 64
17 58 17 19 58
35 66 35 40 66
54 74 54 61 64 74
1 52 1 50 52
9 58 9 33 58
27 48 27 48
34 67 34 65 67
41 62 41 62
59 78 59 78
24 54 24 42 54
46 70 46 47 70
1 40 1 32 40
9 33 9 33
27 53 27 37 53
56 66 56 62 66
51 71 51 71
10 53 10 53
54 72 54 58 60 72
45 60 45 49 60
58 80 58 80
3 50 3 49 50
53 73 53 56 73
4 41 4 6 41
4 54 4 54
47 76 47 76
0 46 0 35 46
16 45 16 40 45
25 42 25 33 42
49 70 49 50 70
37 80 37 72 80
28 53 28 53
28 49 28 45 49
48 80 48 63 80
1 47 1 32 47
32 72 32 38 72
52 77 52 77
53 82 53 74 82
24 49 24 35 49
55 77 55 60 77
46 87 46 65 87
9 44 9 33 44
26 42 26 34 42
18 56 18 34 56
17 41 17 27 41
34 65 34 65
25 31 25 31
39 73 39 60 73
19 31 19 25 31
47 78 47 56 78
52 61 52 61
52 86 52 86
12 37 12 18 37
15 33 15 19 33
32 77 32 67 77
6 45 6 7 45
3 45 3 45
14 31 14 18 25 31
38 78 38 72 78
22 56 22 38 56
31 71 31 61 71
41 63 41 52 60 63
21 56 21 56
51 88 51 88
15 32 15 19 32
42 81 42 63 81
44 67 44 64 67
19 56 19 45 56
51 79 51 79
24 48 24 40 48
16 30 16 30
49 76 49 66 76
58 71 58 60 71
54 89 54 67 89
53 74 53 74
8 31 8 12 20 31
25 37 25 31 37
42 88 42 60 88
22 49 22 49
46 89 46 65 89
27 41 27 41
10 53 10 53
26 34 26 34
37 76 37 66 76
12 33 12 18 33
26 43 26 39 43
37 75 37 71 75
22 45 22 45
47 81 47 81
37 76 37 66 76
50 75 50 62 75
27 35 27 35
7 52 7 36 52
12 53 12 42 53
55 62 55 62
3 35 3 24 35
17 45 17 40 45
19 49 19 32 49
5 51 5 32 51
11 44 11 37 44
4 51 4 51
51 73 51 55 60 73
38 73 38 56 73
29 41 29 36 41
49 72 49 60 72
23 52 23 52
33 62 33 43 62
41 81 41 81
5 57 5 57
4 51 4 51
17 51 17 51
19 50 19 26 47 50
56 74 56 63 74
53 85 53 85
58 86 58 69 86
12 42 12 42
21 54 21 24 42 54
5 53 5 7 53
32 63 32 38 63
23 47 23 37 47
52 82 52 80 82
24 58 24 58
41 73 41 58 73
10 45 10 33 45
12 58 12 44 58
21 48 21 28 48
27 37 27 37
0 44 0 40 44
47 80 47 80
39 87 39 65 87
34 84 34 66 84
9 49 9 40 49
56 82 56 65 82
20 34 20 31 34
4 33 4 33
19 44 19 44
27 48 27 48
46 88 46 68 88
51 63 51 55 60 63
31 75 31 61 75
15 54 15 43 54
23 41 23 37 41
13 59 13 31 59
54 60 54 58 60
47 71 47 66 71
32 87 32 71 87
9 53 9 37 53
20 31 20 31
0 53 0 2 53
0 50 0 50
8 55 8 37 55
55 68 55 62 68
1 51 1 51
17 44 17 40 44
43 60 43 47 56 60
10 59 10 15 59
14 52 14 52
4 43 4 33 43
28 39 28 39
49 85 49 60 85
18 40 18 32 40
42 70 42 45 70
18 50 18 50
47 68 47 65 68
15 48 15 27 48
31 85 31 70 85
13 39 13 39
6 57 6 47 57
38 77 38 75 77
19 41 19 26 41
4 59 4 42 59
24 38 24 27 28 38
37 61 37 41 61
15 36 15 29 36
13 39 13 39
37 70 37 41 70
45 85 45 70 85
38 83 38 83
48 74 48 74
22 58 22 33 58
6 56 6 34 56
25 34 25 31 34
56 73 56 73
12 47 12 47
11 50 11 30 50
6 59 6 38 59
18 59 18 59
51 83 51 62 83
10 50 10 50
35 75 35 75
5 43 5 39 43
19 37 19 25 31 37
1 47 1 32 47
14 42 14 42
28 34 28 34
5 30 5 13 30
53 75 53 61 75
2 32 2 32
55 76 55 76
15 49 15 45 49
4 30 4 11 30
7 56 7 45 56
26 53 26 28 53
16 45 16 40 45
52 60 52 60
23 59 23 39 59
13 30 13 30
46 66 46 62 66
4 50 4 6 50
38 84 38 68 84
6 33 6 10 33
38 89 38 89
4 31 4 11 30 31
1 53 1 44 53
51 60 51 55 60
56 81 56 81
35 76 35 64 76
6 56 6 34 56
44 71 44 53 57 71
55 77 55 60 77
27 46 27 46
2 53 2 53
21 52 21 28 52
3 56 3 34 56
15 44 15 44
21 40 21 32 40
49 83 49 60 83
9 39 9 39
55 67 55 60 67
41 65 41 65
11 51 11 35 51
44 76 44 76
34 77 34 77
21 45 21 32 45
43 86 43 68 86
4 38 4 6 38
19 51 19 32 51
22 59 22 38 59
33 78 33 42 78
52 66 52 60 63 66
8 54 8 54
39 62 39 62
41 85 41 85
9 58 9 33 58
6 30 6 13 30
45 80 45 78 80
35 60 35 49 60
38 70 38 39 70
41 64 41 61 64
13 41 13 31 41
54 81 54 62 81
43 87 43 87
0 40 0 40
25 54 25 33 54
7 49 7 35 49
46 61 46 52 61
49 76 49 66 76
54 67 54 67
55 81 55 81
0 42 0 40 42
44 80 44 64 80
37 88 37 69 88
16 53 16 28 53
31 61 31 61
44 77 44 73 77
4 33 4 33
0 32 0 2 32
16 44 16 40 44
56 74 56 63 74
2 31 2 30 31
50 79 50 79
29 37 29 37
7 50 7 48 50
7 58 7 58
3 54 3 54
11 40 11 35 40
30 66 30 49 66
50 64 50 52 60 64
11 50 11 30 50
24 55 24 55
49 61 49 52 61
15 57 15 22 57
11 57 11 30 57
55 86 55 72 86
19 57 19 32 57
44 84 44 75 84
22 51 22 33 51
55 85 55 85
7 47 7 41 47
50 61 50 52 61
19 56 19 45 56
30 85 30 85
30 64 30 32 64
6 46 6 34 46
38 68 38 68
44 71 44 53 57 71
58 83 58 60 83
6 54 6 8 54
32 66 32 34 66
8 33 8 10 33
17 58 17 19 58
30 61 30 31 61
37 67 37 66 67
48 77 48 65 77
32 63 32 38 63
51 74 51 65 74
8 39 8 39
53 61 53 61
34 63 34 39 63
29 48 29 48
20 50 20 49 50
12 36 12 18 36
20 52 20 41 52
42 89 42 68 89
14 40 14 40
9 44 9 33 44
13 37 13 31 37
13 43 13 39 43
24 50 24 47 50
6 36 6 7 36
10 33 10 33
2 47 2 32 47
3 51 3 33 51
21 52 21 28 52
29 43 29 43
32 86 32 71 86
24 58 24 58
40 69 40 66 69
50 79 50 79
11 42 11 37 42
10 52 10 49 52
46 85 46 85
1 39 1 15 39
7 42 7 42
0 57 0 35 57
1 34 1 32 34
36 64 36 60 64
59 88 59 88
38 83 38 83
21 58 21 58
27 57 27 35 57
52 71 52 60 71
44 79 44 73 79
29 54 29 37 54
10 54 10 33 54
31 63 31 63
31 73 31 73
38 75 38 75
31 81 31 63 81
49 62 49 62
40 77 40 66 77
10 51 10 33 51
4 44 4 33 44
36 72 36 60 72
43 79 43 54 79
50 88 50 80 88
33 74 33 66 74
1 38 1 32 38
58 85 58 60 85
16 31 16 30 31
30 78 30 31 78
53 86 53 86
44 76 44 76
43 72 43 47 50 72
26 55 26 55
54 61 54 61
34 85 34 65 85
54 61 54 61
45 74 45 66 74
52 81 52 80 81
18 49 18 49
5 52 5 52
12 53 12 42 53
30 84 30 70 84
5 58 5 32 58
39 78 39 59 78
23 56 23 37 56
18 48 18 33 48
50 60 50 52 60
27 44 27 37 44
43 83 43 83
47 61 47 56 61
56 69 56 60 69
17 33 17 18 33
16 31 16 30 31
9 37 9 37
39 71 39 60 71
3 48 3 33 48
20 39 20 26 39
55 60 55 60
27 38 27 28 38
30 74 30 65 74
19 47 19 32 47
42 69 42 69
50 81 50 62 81
16 52 16 52
19 45 19 45
12 38 12 14 38
1 46 1 19 46
29 59 29 56 59
31 89 31 68 89
32 78 32 67 78
14 49 14 40 49
29 43 29 43
32 68 32 38 68
8 42 8 37 42
57 72 57 60 72
13 59 13 31 59
9 31 9 13 31
55 60 55 60
33 67 33 66 67
2 59 2 32 59
33 84 33 66 84
5 49 5 32 49
18 54 18 54
53 81 53 63 81
6 51 6 51
30 71 30 32 71
35 64 35 64
3 55 3 46 55
18 48 18 33 48
33 75 33 42 75
34 63 34 39 63
40 74 40 64 74
47 87 47 65 87
38 64 38 56 64
53 68 53 57 68
58 66 58 60 63 66
51 76 51 65 76
53 67 53 61 67
1 35 1 24 35
39 73 39 60 73
5 52 5 52
59 76 59 64 76
8 46 8 41 46
53 79 53 79
28 44 28 37 44
9 50 9 50
8 47 8 47
52 84 52 75 84
32 73 32 49 73
15 51 15 51
8 53 8 37 53
54 79 54 79
12 43 12 14 43
42 65 42 46 65
54 85 54 85
4 34 4 34
3 49 3 49
42 60 42 60
46 84 46 68 84
31 70 31 70
56 88 56 60 88
27 40 27 35 40
56 76 56 63 76
0 54 0 43 54
48 69 48 62 69
20 55 20 37 55
25 53 25 53
40 82 40 82
43 88 43 68 88
51 62 51 62
48 67 48 65 67
57 85 57 60 85
51 77 51 77
20 34 20 31 34
48 72 48 50 72
51 83 51 62 83
47 70 47 70
15 35 15 22 35
9 38 9 38
14 59 14 59
49 79 49 79
55 67 55 60 67
15 57 15 22 57
1 51 1 51
7 55 7 35 55
1 38 1 32 38
14 55 14 24 55
13 55 13 30 55
33 73 33 44 73
17 33 17 18 33
47 75 47 74 75
41 68 41 68
43 88 43 68 88
21 36 21 24 36
15 41 15 41
53 87 53 87
19 41 19 26 41
23 58 23 35 58
49 74 49 74
43 78 43 47 56 78
46 68 46 68
43 82 43 82
36 80 36 80
44 89 44 89
49 62 49 62
27 34 27 28 34
59 82 59 72 82
32 82 32 40 82
12 32 12 18 32
41 65 41 65
0 32 0 2 32
5 54 5 19 54
42 67 42 60 67
6 54 6 8 54
34 61 34 39 61
14 32 14 18 32
46 62 46 62
57 88 57 88
0 56 0 56
9 53 9 37 53
39 76 39 63 76
49 72 49 60 72
35 65 35 64 65
34 80 34 78 80
36 75 36 62 75
23 39 23 39
22 35 22 35
50 83 50 83
44 75 44 75
33 83 33 83
51 73 51 55 60 73
16 45 16 40 45
16 37 16 20 37
0 30 0 2 30
15 41 15 41
24 53 24 42 53
9 57 9 33 57
6 51 6 51
56 63 56 63
37 80 37 72 80
43 69 43 69
11 58 11 58
7 48 7 48
46 67 46 64 67
35 77 35 77
19 50 19 26 47 50
50 76 50 76
10 51 10 33 51
37 74 37 66 74
52 77 52 77
12 47 12 47
55 67 55 60 67
8 46 8 41 46
19 40 19 40
27 38 27 28 38
39 69 39 69
49 74 49 74
49 60 49 60
23 48 23 37 48
39 64 39 60 64
7 36 7 36
43 85 43 70 85
54 82 54 80 82
17 49 17 40 49
28 39 28 39
27 46 27 46
47 62 47 50 62
45 81 45 81
52 71 52 60 71
34 87 34 65 87
7 52 7 36 52
37 75 37 71 75
11 52 11 52
46 67 46 64 67
11 39 11 38 39
57 80 57 64 80
14 32 14 18 32
40 60 40 42 60
32 82 32 40 82
18 59 18 59
52 72 52 60 72
54 69 54 62 69
40 69 40 66 69
12 42 12 42
53 88 53 69 88
7 34 7 14 34
3 39 3 34 39
55 71 55 60 71
51 74 51 65 74
37 72 37 72
38 60 38 39 60
20 47 20 37 47
44 82 44 72 82
41 78 41 78
30 63 30 31 63
15 56 15 38 56
25 47 25 43 47
26 49 26 28 45 49
53 72 53 56 59 72
52 86 52 86
35 85 35 64 85
51 81 51 62 81
10 50 10 50
53 65 53 56 65
10 36 10 18 36
14 46 14 34 46
52 86 52 86
8 48 8 37 48
22 43 22 43
38 66 38 62 66
36 61 36 41 61
40 83 40 83
50 78 50 72 78
19 59 19 32 59
44 82 44 72 82
48 75 48 62 75
9 43 9 33 43
5 56 5 34 56
43 84 43 68 84
11 49 11 30 49
5 45 5 32 45
53 73 53 56 73
3 35 3 24 35
14 41 14 18 36 41
5 46 5 34 46
50 71 50 66 71
38 87 38 43 87
35 88 35 68 88
7 53 7 53
19 32 19 32
28 43 28 37 43
32 86 32 71 86
15 49 15 45 49
31 76 31 63 76
36 81 36 81
40 65 40 64 65
23 42 23 37 42
11 37 11 37
58 72 58 60 72
1 49 1 30 49
12 48 12 28 48
31 84 31 68 84
17 44 17 40 44
59 82 59 72 82
31 81 31 63 81
12 58 12 44 58
50 63 50 52 60 63
36 83 36 83
32 64 32 64
33 67 33 66 67
21 50 21 24 47 50
22 51 22 33 51
36 89 36 89
59 89 59 72 89
36 60 36 60
2 43 2 38 43
36 61 36 41 61
59 68 59 64 65 68
11 39 11 38 39
5 31 5 13 31
53 60 53 56 60
59 85 59 85
9 46 9 19 46
4 54 4 54
35 87 35 71 87
0 43 0 43
12 52 12 50 52
59 77 59 64 65 77
44 68 44 53 57 68
52 65 52 60 64 65
3 59 3 14 59
23 38 23 25 28 38
14 49 14 40 49
58 79 58 73 79
10 53 10 53
15 55 15 51 55
37 80 37 72 80
35 84 35 68 84
54 86 54 77 86
39 62 39 62
21 43 21 24 43
17 32 17 18 32
56 82 56 65 82
54 83 54 62 83
2 51 2 32 51
57 74 57 64 74
50 72 50 72
10 35 10 22 35
22 56 22 38 56
4 32 4 19 32
42 84 42 68 84
12 40 12 14 40
19 46 19 46
34 88 34 39 59 88
24 48 24 40 48
34 89 34 65 89
51 68 51 62 68
42 75 42 75
27 43 27 37 43
56 72 56 60 72
9 45 9 33 45
47 64 47 56 64
31 77 31 77
3 43 3 43
36 68 36 62 68
35 78 35 72 78
12 55 12 21 55
21 34 21 34
44 74 44 74
18 43 18 33 43
42 87 42 87
38 89 38 89
3 42 3 33 42
32 77 32 67 77
16 46 16 34 46
7 36 7 36
40 76 40 64 76
38 64 38 56 64
23 48 23 37 48
2 31 2 30 31
36 71 36 60 71
34 78 34 78
59 72 59 72
6 33 6 10 33
47 64 47 56 64
52 76 52 60 63 76
38 76 38 63 76
52 69 52 60 69
17 37 17 18 37
54 79 54 79
14 59 14 59
3 56 3 34 56
53 85 53 85
54 71 54 61 71
38 85 38 51 85
38 61 38 39 61
21 55 21 55
19 48 19 33 48
3 35 3 24 35
45 65 45 56 65
39 66 39 62 66
38 70 38 39 70
12 46 12 42 46
0 50 0 50
37 69 37 69
57 76 57 76
34 81 34 81
35 76 35 64 76
7 42 7 42
29 51 29 35 51
32 80 32 64 80
22 53 22 53
1 37 1 18 37
24 35 24 35
40 63 40 42 63
38 71 38 51 71
4 59 4 42 59
47 64 47 56 64
47 66 47 66
23 45 23 24 40 45
12 59 12 42 59
52 84 52 75 84
2 48 2 27 48
13 30 13 30
0 35 0 35
21 54 21 24 42 54
33 79 33 51 79
26 52 26 41 52
20 34 20 31 34
55 87 55 65 87
56 74 56 63 74
59 64 59 64
56 70 56 57 70
14 40 14 40
40 77 40 66 77
59 87 59 64 65 87
30 68 30 65 68
36 75 36 62 75
48 77 48 65 77
33 69 33 66 69
54 86 54 77 86
9 48 9 33 48
12 31 12 20 31
6 40 6 14 40
23 51 23 35 51
23 53 23 37 53
59 85 59 85
