40 68 40 68
50 60 50 60
26 42 26 42
36 60 36 50 60
7 68 7 14 28 35 39 58 68
14 85 14 25 85
13 75 13 26 28 37 48 75
0 79 0 27 79
17 60 17 60
22 58 22 31 43 44 55 58
53 89 53 84 89
13 59 13 28 37 51 59
10 48 10 30 48
1 64 1 37 51 59 64
1 74 1 13 68 74
3 55 3 27 44 55
52 89 52 77 89
68 74 68 74
1 42 1 13 26 42
8 55 8 9 20 55
10 64 10 30 48 52 64
15 48 15 22 34 48
52 64 52 64
15 87 15 26 28 35 39 87
31 86 31 43 52 64 86
15 48 15 30 48
12 66 12 66
19 83 19 43 52 80 81 83
27 58 27 44 55 58
26 73 26 28 35 39 58 67 73
17 82 17 33 51 67 82
24 74 24 27 44 55 58 68 74
3 55 3 9 20 55
2 73 2 33 51 67 73
21 72 21 26 42 62 72
39 65 39 65
10 70 10 17 70
39 76 39 58 68 69 76
1 43 1 7 43
5 82 5 6 37 59 64 82
3 39 3 9 20 39
1 59 1 2 23 37 59
6 87 6 31 43 44 55 67 72 87
23 32 23 32
41 63 41 63
4 84 4 30 44 84
22 81 22 43 52 80 81
36 75 36 37 48 75
8 51 8 28 37 51
7 55 7 43 44 55
13 76 13 20 39 58 68 69 76
42 71 42 51 59 64 71
67 73 67 73
51 72 51 67 72
45 86 45 64 86
6 87 6 31 43 44 55 58 67 72 87
55 82 55 67 82
49 72 49 72
52 81 52 80 81
44 55 44 55
51 86 51 59 64 86
15 79 15 30 34 79
4 30 4 30
37 51 37 51
4 30 4 30
21 37 21 26 28 37
15 82 15 30 44 55 67 82
37 72 37 49 72
52 77 52 77
15 82 15 30 48 75 82
36 83 36 81 83
31 77 31 43 44 55 58 77
26 76 26 28 68 69 76
42 51 42 51
33 78 33 78
45 50 45 50
28 51 28 37 51
52 64 52 64
3 9 3 9
30 84 30 44 55 84
21 77 21 26 28 35 39 58 77
5 65 5 6 16 35 39 65
16 67 16 35 39 58 67
8 62 8 62
45 86 45 64 86
24 71 24 71
26 71 26 42 51 59 64 71
25 63 25 63
47 80 47 80
19 43 19 43
2 87 2 9 20 55 67 72 87
37 48 37 48
28 58 28 35 39 58
25 65 25 38 65
18 31 18 22 31
15 48 15 22 34 48
18 58 18 20 55 58
6 51 6 37 51
12 64 12 37 59 64
34 48 34 48
8 74 8 9 20 40 68 74
12 64 12 45 64
3 59 3 37 51 59
21 83 21 26 28 37 52 80 81 83
15 87 15 30 44 55 67 72 87
84 89 84 89
0 41 0 13 28 41
7 84 7 43 44 55 84
62 86 62 72 86
58 86 58 67 72 86
0 26 0 13 26
27 67 27 44 55 67
10 51 10 17 33 51
66 89 66 77 89
55 82 55 58 67 82
9 87 9 20 55 58 67 72 87
1 75 1 7 14 28 37 48 75
10 39 10 17 20 39
13 65 13 20 39 65
4 84 4 30 44 55 84
4 70 4 70
48 75 48 75
67 88 67 72 88
16 29 16 29
56 74 56 74
37 75 37 48 75
6 86 6 31 56 64 86
12 24 12 24
27 88 27 88
8 40 8 9 20 40
27 74 27 44 55 58 68 74
21 39 21 26 28 35 39
5 84 5 79 84
17 55 17 20 55
36 60 36 50 60
39 88 39 58 67 72 88
24 55 24 27 44 55
18 48 18 22 34 48
33 51 33 51
17 83 17 70 81 83
45 50 45 50
27 44 27 44
1 2 1 2
10 82 10 48 52 64 71 82
49 88 49 72 88
2 52 2 23 37 48 52
15 22 15 22
54 86 54 86
25 40 25 40
3 88 3 37 49 72 88
8 74 8 9 20 56 74
48 75 48 75
0 37 0 13 26 28 37
55 58 55 58
18 72 18 20 39 58 67 72
2 77 2 9 20 39 58 77
25 87 25 62 72 87
35 86 35 59 64 86
51 72 51 67 72
3 79 3 30 44 79
28 78 28 41 57 78
22 76 22 43 44 55 58 68 69 76
4 89 4 30 48 52 77 89
3 58 3 9 20 39 58
12 51 12 37 51
28 77 28 77
10 78 10 17 20 40 78
57 78 57 78
16 74 16 35 39 58 68 74
20 73 20 39 58 67 73
19 68 19 43 44 55 58 68
37 88 37 48 75 88
29 48 29 48
21 86 21 58 67 72 86
21 72 21 26 28 41 57 72
21 82 21 58 67 82
4 49 4 23 37 49
4 55 4 30 44 55
67 73 67 73
39 82 39 58 67 82
55 72 55 58 67 72
3 72 3 30 44 55 67 72
33 64 33 51 59 64
9 86 9 20 39 58 67 72 86
18 48 18 22 34 48
21 77 21 26 28 77
39 73 39 58 67 73
26 73 26 73
4 55 4 30 44 55
11 64 11 59 64
49 86 49 72 86
44 67 44 55 67
1 78 1 2 78
8 9 8 9
1 44 1 7 43 44
22 59 22 34 59
27 72 27 44 55 67 72
15 67 15 22 43 44 55 58 67
20 39 20 39
2 59 2 33 51 59
36 87 36 37 72 87
69 76 69 76
8 74 8 9 20 55 58 68 74
31 64 31 43 52 64
7 69 7 43 44 55 58 68 69
6 69 6 16 35 39 58 68 69
67 88 67 72 88
31 69 31 68 69
5 51 5 6 37 51
13 83 13 26 28 37 48 52 80 81 83
1 87 1 49 72 87
59 82 59 64 71 82
47 80 47 80
43 82 43 44 55 67 82
5 6 5 6
26 80 26 42 51 80
10 68 10 24 27 44 55 58 68
21 60 21 26 28 41 50 60
28 81 28 41 70 81
14 38 14 25 38
19 84 19 43 44 84
12 51 12 37 51
12 51 12 37 51
48 80 48 52 80
5 6 5 6
12 89 12 29 48 52 77 89
12 68 12 24 27 44 55 58 68
56 71 56 64 71
80 83 80 81 83
1 74 1 39 58 68 74
23 86 23 49 72 86
12 88 12 75 88
43 87 43 44 55 58 67 72 87
49 72 49 72
1 57 1 7 57
52 89 52 77 89
26 76 26 28 35 39 76
19 43 19 43
0 26 0 13 26
42 83 42 51 80 81 83
19 62 19 62
17 69 17 20 55 58 68 69
42 73 42 51 67 73
21 60 21 26 28 41 50 60
13 60 13 28 41 50 60
20 39 20 39
51 82 51 67 82
5 29 5 6 16 29
15 44 15 22 43 44
24 27 24 27
19 43 19 43
15 86 15 26 42 62 72 86
14 72 14 25 33 51 67 72
25 63 25 63
45 82 45 50 82
2 66 2 23 66
7 52 7 43 52
7 39 7 14 28 35 39
7 34 7 14 34
7 68 7 14 28 68
24 76 24 27 44 55 58 68 69 76
25 79 25 79
2 89 2 23 37 52 77 89
21 59 21 26 42 51 59
1 44 1 7 43 44
34 64 34 48 52 64
1 74 1 39 58 68 74
39 76 39 58 68 69 76
15 89 15 26 42 51 59 89
10 24 10 24
21 57 21 26 28 41 57
8 75 8 28 37 48 75
8 62 8 62
15 69 15 30 44 55 58 68 69
25 87 25 62 72 87
56 71 56 64 71
39 88 39 58 67 72 88
37 52 37 48 52
35 71 35 59 64 71
0 60 0 13 60
3 34 3 30 34
12 59 12 37 59
8 35 8 28 35
37 69 37 49 69
5 81 5 52 80 81
1 40 1 13 20 40
37 76 37 49 69 76
42 80 42 51 80
48 82 48 52 71 82
85 88 85 88
1 39 1 13 28 35 39
34 48 34 48
44 83 44 79 83
26 80 26 28 37 48 52 80
6 76 6 31 43 44 55 58 68 69 76
1 37 1 7 14 28 37
20 89 20 39 58 77 89
14 64 14 28 35 59 64
12 68 12 44 55 58 68
15 71 15 26 28 64 71
51 89 51 59 89
54 86 54 86
1 37 1 2 23 37
5 29 5 6 16 29
16 64 16 35 59 64
28 64 28 35 59 64
30 77 30 34 48 52 77
1 69 1 49 69
18 59 18 22 34 59
68 74 68 74
13 67 13 28 35 39 58 67
6 49 6 37 49
5 29 5 6 16 29
57 82 57 82
35 71 35 59 64 71
24 86 24 27 44 55 58 67 72 86
11 89 11 59 89
58 74 58 68 74
29 89 29 48 52 77 89
3 75 3 30 34 48 75
8 9 8 9
7 59 7 14 34 59
3 79 3 30 44 79
18 82 18 59 64 82
2 89 2 23 37 77 89
12 60 12 50 60
14 58 14 25 35 39 58
37 75 37 48 75
22 81 22 43 52 80 81
7 85 7 14 25 85
0 26 0 13 26
13 62 13 26 42 62
35 88 35 39 58 67 72 88
4 23 4 23
68 76 68 69 76
10 49 10 17 33 49
7 49 7 14 25 33 49
25 85 25 85
16 67 16 35 39 58 67
14 63 14 25 63
50 82 50 82
1 57 1 7 14 28 41 57
14 84 14 25 79 84
21 62 21 26 42 62
11 64 11 59 64
67 72 67 72
8 9 8 9
33 59 33 51 59
16 64 16 29 48 52 64
45 86 45 64 86
67 86 67 72 86
17 70 17 70
4 32 4 23 32
3 67 3 9 20 39 58 67
10 44 10 30 44
27 88 27 88
18 81 18 22 43 52 80 81
40 78 40 78
51 82 51 67 82
36 75 36 37 48 75
3 27 3 27
30 48 30 34 48
17 73 17 20 55 67 73
37 76 37 49 76
21 63 21 26 28 41 63
67 73 67 73
30 59 30 34 59
14 69 14 25 33 49 69
12 60 12 50 60
81 83 81 83
41 49 41 49
18 71 18 20 56 64 71
80 81 80 81
19 38 19 38
34 71 34 48 52 71
44 67 44 55 67
13 65 13 28 35 39 65
12 51 12 37 51
18 34 18 22 34
33 86 33 49 72 86
52 71 52 64 71
35 59 35 59
6 49 6 37 49
12 68 12 24 27 44 55 58 68
16 74 16 35 39 58 68 74
24 71 24 71
57 78 57 78
48 52 48 52
12 68 12 44 55 58 68
41 63 41 63
17 67 17 58 67
7 52 7 43 52
19 80 19 43 52 80
57 63 57 63
28 37 28 37
3 58 3 27 44 55 58
33 51 33 51
42 64 42 51 59 64
55 58 55 58
14 72 14 42 62 72
11 89 11 59 89
3 89 3 37 52 77 89
31 80 31 43 52 80
35 67 35 39 58 67
26 48 26 28 37 48
33 88 33 49 72 88
9 40 9 20 40
10 82 10 48 75 82
14 38 14 25 38
14 52 14 28 37 48 52
44 89 44 84 89
44 79 44 79
13 67 13 20 39 58 67
5 88 5 6 16 29 48 75 88
72 86 72 86
2 82 2 56 82
8 62 8 62
38 65 38 65
1 64 1 7 43 52 64
10 82 10 24 27 44 55 58 67 82
18 84 18 22 31 43 44 84
29 52 29 48 52
12 29 12 29
14 51 14 28 37 51
3 75 3 30 34 48 75
41 49 41 49
35 59 35 59
2 23 2 23
51 72 51 67 72
18 39 18 20 39
28 82 28 41 50 82
5 37 5 6 37
36 75 36 37 48 75
15 79 15 30 44 79
16 35 16 35
21 60 21 26 28 41 50 60
16 82 16 29 48 52 64 82
36 83 36 37 48 52 80 81 83
20 56 20 56
19 80 19 43 52 80
34 86 34 48 52 64 86
59 82 59 64 82
0 84 0 27 44 84
58 68 58 68
2 23 2 23
28 73 28 35 39 58 67 73
2 82 2 56 64 71 82
5 74 5 6 31 56 74
39 82 39 58 67 82
26 83 26 28 37 48 52 80 81 83
0 10 0 10
5 29 5 6 16 29
44 83 44 79 83
0 61 0 10 17 33 61
14 64 14 25 33 51 59 64
35 39 35 39
28 64 28 64
6 31 6 31
49 86 49 72 86
16 87 16 87
8 64 8 9 20 56 64
27 79 27 79
37 88 37 48 88
19 89 19 43 44 79 84 89
39 77 39 58 77
5 84 5 6 31 43 44 84
37 49 37 49
8 62 8 62
6 71 6 16 29 48 52 71
33 72 33 51 67 72
3 88 3 37 51 67 72 88
18 40 18 20 40
1 13 1 13
27 44 27 44
13 77 13 29 48 52 77
3 87 3 37 49 72 87
51 67 51 67
39 68 39 58 68
15 79 15 30 44 79
7 39 7 14 25 35 39
67 82 67 82
21 51 21 42 51
20 76 20 40 68 69 76
2 68 2 9 20 40 68
55 58 55 58
17 74 17 20 39 58 68 74
40 76 40 68 69 76
54 81 54 81
62 86 62 72 86
24 73 24 73
18 39 18 20 39
23 72 23 49 72
31 43 31 43
19 86 19 56 64 86
7 89 7 89
0 61 0 10 17 33 61
1 13 1 13
50 82 50 82
63 65 63 65
23 51 23 37 51
4 87 4 23 37 72 87
10 44 10 30 44
24 86 24 27 44 55 58 67 72 86
10 87 10 17 33 62 72 87
56 71 56 64 71
39 82 39 58 67 82
28 81 28 37 51 80 81
67 87 67 72 87
49 88 49 72 88
15 69 15 22 43 44 55 58 68 69
28 60 28 41 50 60
28 73 28 35 39 58 67 73
6 44 6 31 43 44
1 88 1 49 72 88
51 80 51 80
15 74 15 30 44 55 58 68 74
12 66 12 66
19 56 19 56
13 35 13 26 28 35
19 38 19 38
14 42 14 42
35 39 35 39
57 65 57 63 65
19 62 19 62
47 75 47 75
6 64 6 37 48 52 64
20 73 20 73
66 78 66 78
52 71 52 64 71
17 32 17 32
28 60 28 41 50 60
43 84 43 44 84
12 45 12 45
34 81 34 48 75 80 81
34 81 34 48 52 80 81
55 67 55 67
41 70 41 70
14 72 14 42 51 67 72
28 63 28 41 63
10 61 10 17 33 61
40 76 40 68 69 76
63 65 63 65
37 49 37 49
3 83 3 37 52 80 81 83
48 81 48 52 80 81
17 83 17 70 81 83
1 59 1 37 59
2 77 2 9 20 39 58 77
34 79 34 79
40 68 40 68
33 72 33 62 72
14 37 14 28 37
6 16 6 16
8 70 8 41 70
42 51 42 51
0 60 0 10 17 60
18 87 18 20 39 58 67 72 87
48 81 48 52 80 81
24 73 24 27 44 55 67 73
43 73 43 44 55 58 67 73
17 20 17 20
22 58 22 43 44 55 58
20 86 20 55 67 72 86
10 49 10 17 33 49
36 37 36 37
31 69 31 43 44 55 58 68 69
28 82 28 82
12 49 12 37 49
17 70 17 70
52 80 52 80
13 26 13 26
7 49 7 14 28 41 49
36 75 36 37 48 75
7 58 7 43 44 55 58
10 59 10 17 33 51 59
1 81 1 7 43 52 80 81
6 49 6 37 49
4 30 4 30
36 73 36 37 51 67 73
36 59 36 59
30 82 30 48 75 82
14 35 14 28 35
28 51 28 37 51
4 23 4 23
21 52 21 26 28 37 52
0 35 0 13 28 35
14 35 14 25 35
52 80 52 80
3 78 3 9 20 40 78
22 68 22 43 44 55 58 68
35 65 35 39 65
57 78 57 78
3 39 3 9 20 39
7 57 7 14 28 41 57
80 81 80 81
55 67 55 67
25 33 25 33
0 41 0 13 28 41
27 83 27 44 79 83
14 48 14 34 48
22 31 22 31
16 35 16 35
7 89 7 89
7 39 7 14 28 35 39
7 83 7 14 25 33 51 80 81 83
1 64 1 7 14 28 37 59 64
27 88 27 88
51 59 51 59
15 58 15 26 28 35 39 58
36 52 36 37 52
15 34 15 30 34
3 67 3 37 51 67
42 51 42 51
23 64 23 37 59 64
10 86 10 24 27 44 55 58 67 72 86
1 59 1 13 28 35 59
2 81 2 33 51 80 81
21 57 21 26 28 41 57
13 55 13 20 55
1 59 1 7 14 25 35 59
10 17 10 17
3 62 3 9 62
24 86 24 27 44 55 58 67 72 86
4 51 4 23 37 51
21 57 21 26 28 41 57
45 71 45 64 71
10 33 10 17 33
43 44 43 44
25 40 25 40
6 44 6 31 43 44
3 38 3 38
14 74 14 25 35 39 58 68 74
7 77 7 43 44 55 58 77
33 72 33 62 72
37 69 37 49 69
6 88 6 88
70 81 70 81
56 64 56 64
3 49 3 37 49
13 62 13 26 42 62
1 73 1 37 51 67 73
39 65 39 65
9 72 9 62 72
57 78 57 78
6 71 6 71
35 82 35 39 58 67 82
17 49 17 33 49
41 76 41 49 76
42 80 42 51 80
6 64 6 31 43 52 64
7 88 7 43 44 55 58 67 72 88
12 37 12 37
17 77 17 58 77
67 86 67 72 86
67 86 67 72 86
3 9 3 9
53 89 53 84 89
17 60 17 60
34 80 34 48 75 80
56 82 56 82
52 81 52 80 81
3 9 3 9
7 88 7 57 72 88
1 7 1 7
42 89 42 51 59 89
53 84 53 84
25 51 25 33 51
68 69 68 69
24 55 24 27 44 55
27 89 27 44 79 84 89
20 40 20 40
26 83 26 28 41 70 81 83
2 77 2 9 20 39 58 77
21 39 21 26 28 35 39
26 39 26 28 35 39
16 59 16 35 59
7 85 7 14 25 85
7 63 7 14 28 41 57 63
14 63 14 28 41 57 63
58 67 58 67
10 40 10 17 20 40
20 73 20 55 58 67 73
67 72 67 72
23 37 23 37
9 20 9 20
8 60 8 28 41 50 60
1 69 1 7 14 28 41 49 69
45 64 45 64
3 39 3 9 20 39
26 48 26 28 37 48
19 81 19 43 52 80 81
3 82 3 27 44 55 58 67 82
14 58 14 25 35 39 58
18 22 18 22
49 72 49 72
2 20 2 9 20
14 34 14 34
21 57 21 26 28 41 57
17 60 17 60
1 73 1 13 20 39 58 67 73
10 48 10 30 48
5 37 5 6 37
30 44 30 44
39 68 39 58 68
1 58 1 2 9 20 39 58
36 77 36 37 48 52 77
1 61 1 7 14 25 33 61
3 9 3 9
27 77 27 44 55 58 77
23 86 23 37 52 64 86
21 52 21 26 28 37 52
23 72 23 37 49 72
42 51 42 51
13 74 13 20 56 74
21 71 21 26 42 51 59 64 71
36 80 36 37 51 80
14 41 14 28 41
39 89 39 58 77 89
22 75 22 34 48 75
21 86 21 58 67 72 86
11 88 11 88
56 74 56 74
17 61 17 33 61
18 79 18 22 34 79
57 82 57 82
25 82 25 33 51 59 64 71 82
43 82 43 52 71 82
24 86 24 27 44 55 58 67 72 86
81 83 81 83
48 80 48 75 80
10 24 10 24
38 65 38 65
34 79 34 79
36 72 36 37 72
8 51 8 28 37 51
0 41 0 13 26 28 41
3 62 3 9 62
30 44 30 44
57 86 57 72 86
36 50 36 50
8 51 8 28 37 51
43 71 43 52 71
33 59 33 51 59
8 62 8 9 62
48 75 48 75
0 81 0 10 48 75 80 81
27 74 27 44 55 58 68 74
3 38 3 38
5 81 5 75 80 81
12 60 12 60
12 50 12 50
30 75 30 34 48 75
4 84 4 30 34 79 84
10 86 10 17 20 56 64 86
1 74 1 39 58 68 74
13 68 13 26 28 68
41 76 41 49 76
52 77 52 77
0 33 0 10 17 33
55 69 55 58 68 69
43 72 43 44 55 67 72
28 48 28 37 48
28 41 28 41
1 89 1 13 29 48 52 77 89
30 67 30 44 55 58 67
57 63 57 63
8 76 8 41 49 69 76
4 49 4 23 49
12 24 12 24
25 84 25 79 84
14 85 14 25 85
31 80 31 43 52 80
10 51 10 17 33 51
1 70 1 7 14 28 41 70
13 75 13 29 48 75
14 34 14 34
6 79 6 31 43 44 79
14 69 14 28 35 39 58 68 69
47 82 47 75 82
35 76 35 39 58 68 69 76
56 71 56 64 71
13 42 13 26 42
14 64 14 59 64
10 83 10 17 33 51 80 81 83
10 17 10 17
25 82 25 82
4 69 4 49 69
2 74 2 56 74
42 83 42 51 80 81 83
15 39 15 26 28 35 39
6 88 6 31 43 44 79 88
15 51 15 26 42 51
19 52 19 43 52
7 77 7 14 25 35 39 58 77
28 81 28 37 52 80 81
28 48 28 37 48
0 20 0 10 17 20
5 71 5 52 64 71
0 24 0 10 24
31 64 31 56 64
30 67 30 44 55 58 67
75 81 75 80 81
3 75 3 30 34 48 75
25 38 25 38
24 71 24 71
18 73 18 22 31 43 44 55 58 67 73
30 75 30 34 48 75
22 31 22 31
6 71 6 16 35 59 64 71
21 37 21 26 28 37
12 73 12 44 55 67 73
42 73 42 51 67 73
2 48 2 23 37 48
68 69 68 69
9 87 9 62 72 87
28 60 28 41 50 60
72 86 72 86
31 77 31 43 52 77
54 81 54 81
5 71 5 52 64 71
52 71 52 64 71
75 80 75 80
20 76 20 40 68 69 76
17 56 17 20 56
9 72 9 20 39 58 67 72
54 81 54 81
33 76 33 49 76
12 84 12 84
57 78 57 78
7 88 7 14 28 37 72 88
28 59 28 35 59
10 48 10 48
3 48 3 37 48
13 20 13 20
21 77 21 58 77
28 63 28 41 63
48 52 48 52
37 49 37 49
62 72 62 72
37 48 37 48
53 88 53 88
48 77 48 52 77
4 87 4 23 49 72 87
4 88 4 30 44 55 58 67 72 88
26 58 26 28 35 39 58
23 37 23 37
2 77 2 23 37 77
58 82 58 67 82
3 58 3 9 20 55 58
1 65 1 7 14 25 63 65
4 89 4 23 66 77 89
7 59 7 14 59
21 72 21 58 67 72
67 82 67 82
18 75 18 22 34 48 75
3 89 3 37 59 89
5 64 5 52 64
7 14 7 14
27 77 27 44 55 58 77
1 26 1 13 26
21 42 21 42
37 59 37 51 59
22 31 22 31
58 76 58 68 69 76
28 82 28 82
40 76 40 68 69 76
67 73 67 73
7 64 7 14 28 64
41 57 41 57
21 83 21 42 51 80 81 83
31 77 31 43 52 77
18 69 18 20 40 68 69
13 42 13 26 42
12 24 12 24
57 63 57 63
3 68 3 9 20 39 58 68
21 89 21 58 77 89
85 88 85 88
23 48 23 37 48
3 39 3 9 20 39
20 55 20 55
37 49 37 49
52 77 52 77
20 88 20 55 58 67 72 88
7 49 7 14 25 33 49
5 84 5 79 84
7 25 7 14 25
26 88 26 42 51 67 72 88
12 60 12 50 60
14 40 14 25 40
26 83 26 42 51 80 81 83
13 50 13 28 41 50
54 86 54 86
68 69 68 69
15 58 15 30 44 55 58
13 83 13 83
7 35 7 14 25 35
7 85 7 14 25 85
55 84 55 84
75 81 75 80 81
3 76 3 27 44 55 58 68 69 76
55 68 55 58 68
55 58 55 58
11 82 11 59 64 82
3 38 3 38
18 39 18 20 39
15 58 15 26 28 35 39 58
9 87 9 62 72 87
16 80 16 29 48 52 80
52 71 52 71
58 77 58 77
8 89 8 28 77 89
62 86 62 72 86
16 80 16 29 48 75 80
51 86 51 86
7 52 7 43 52
42 89 42 51 59 89
69 76 69 76
55 77 55 58 77
57 86 57 72 86
21 26 21 26
21 58 21 26 28 35 39 58
12 51 12 37 51
27 67 27 44 55 67
6 88 6 16 35 39 58 67 72 88
21 52 21 26 28 37 52
12 89 12 44 55 84 89
51 86 51 59 64 86
34 77 34 48 52 77
16 68 16 35 39 58 68
41 50 41 50
79 84 79 84
3 34 3 30 34
33 71 33 51 59 64 71
43 88 43 44 55 67 72 88
16 77 16 35 39 58 77
28 52 28 37 48 52
13 83 13 28 41 70 81 83
4 59 4 30 34 59
31 69 31 68 69
17 33 17 33
8 41 8 28 41
25 63 25 63
37 82 37 51 59 64 82
15 26 15 26
21 89 21 42 51 59 89
37 59 37 59
19 68 19 43 44 55 58 68
36 83 36 81 83
34 52 34 48 52
55 72 55 58 67 72
16 59 16 35 59
13 68 13 26 28 35 39 58 68
84 89 84 89
6 44 6 31 43 44
10 34 10 30 34
11 89 11 59 89
1 2 1 2
27 72 27 44 55 67 72
21 58 21 26 28 35 39 58
10 40 10 17 20 40
11 89 11 59 89
11 68 11 68
26 37 26 28 37
10 64 10 30 48 52 64
4 82 4 23 37 51 59 64 71 82
30 48 30 34 48
36 37 36 37
15 58 15 30 44 55 58
47 80 47 80
8 9 8 9
8 82 8 9 71 82
18 43 18 22 31 43
34 86 34 48 52 64 86
14 52 14 28 37 52
0 27 0 27
67 86 67 72 86
0 35 0 13 26 28 35
7 89 7 89
0 48 0 13 29 48
19 84 19 43 44 55 84
13 60 13 26 28 41 50 60
18 87 18 20 55 67 72 87
31 64 31 43 52 64
19 43 19 43
17 89 17 58 77 89
37 59 37 51 59
4 64 4 30 34 48 52 64
33 59 33 51 59
4 67 4 23 37 51 67
56 64 56 64
42 67 42 51 67
43 72 43 44 55 58 67 72
26 80 26 28 37 51 80
58 86 58 67 72 86
13 48 13 28 37 48
49 88 49 72 88
8 70 8 41 70
42 62 42 62
7 89 7 89
28 58 28 35 39 58
4 86 4 23 49 72 86
14 49 14 28 41 49
0 10 0 10
24 86 24 27 44 55 67 72 86
49 69 49 69
8 41 8 41
39 76 39 58 68 69 76
1 43 1 7 43
15 63 15 26 28 41 63
0 79 0 27 79
14 28 14 28
19 84 19 43 44 84
17 32 17 32
52 64 52 64
2 77 2 9 20 39 58 77
13 65 13 28 41 57 63 65
0 33 0 10 17 33
8 41 8 41
27 82 27 44 55 67 82
28 87 28 87
22 59 22 34 59
4 84 4 30 44 55 84
37 48 37 48
23 32 23 32
24 82 24 71 82
5 76 5 6 16 35 39 76
34 77 34 48 52 77
4 34 4 30 34
16 52 16 29 48 52
27 74 27 44 55 58 68 74
2 52 2 23 37 52
9 87 9 62 72 87
51 72 51 67 72
24 27 24 27
16 74 16 35 39 58 68 74
4 66 4 23 66
21 58 21 58
25 79 25 79
75 80 75 80
8 89 8 9 20 55 58 77 89
4 74 4 30 44 55 58 68 74
7 39 7 14 28 35 39
42 87 42 62 72 87
0 28 0 13 26 28
4 51 4 23 37 51
24 55 24 27 44 55
42 51 42 51
34 81 34 48 52 80 81
13 20 13 20
22 81 22 34 48 75 80 81
7 83 7 43 52 80 81 83
33 51 33 51
41 69 41 49 69
20 76 20 39 58 68 69 76
47 75 47 75
8 70 8 28 41 70
41 78 41 57 78
37 75 37 48 75
44 84 44 79 84
18 72 18 20 39 58 67 72
14 69 14 28 35 39 58 68 69
18 84 18 20 55 84
67 87 67 72 87
29 52 29 48 52
37 51 37 51
57 78 57 78
7 83 7 14 28 41 70 81 83
1 65 1 2 9 20 39 65
27 58 27 44 55 58
18 78 18 20 40 78
29 89 29 48 52 77 89
28 82 28 35 39 58 67 82
31 55 31 43 44 55
9 74 9 20 39 58 68 74
17 60 17 60
43 87 43 87
12 29 12 29
4 34 4 30 34
15 22 15 22
29 48 29 48
55 68 55 58 68
9 56 9 20 56
44 83 44 79 83
18 79 18 22 31 43 44 79
85 88 85 88
42 73 42 51 67 73
0 78 0 13 26 28 41 57 78
35 88 35 39 58 67 72 88
28 73 28 35 39 58 67 73
55 58 55 58
8 71 8 28 37 51 59 64 71
1 2 1 2
20 40 20 40
21 52 21 26 28 37 52
36 77 36 37 52 77
13 60 13 60
56 82 56 82
18 71 18 59 64 71
3 88 3 30 44 55 67 72 88
36 83 36 81 83
6 16 6 16
14 40 14 25 40
25 62 25 62
21 57 21 26 28 41 57
28 68 28 35 39 58 68
24 27 24 27
4 86 4 49 72 86
18 79 18 22 34 79
6 68 6 31 43 44 55 58 68
31 68 31 68
43 72 43 44 55 67 72
10 75 10 30 48 75
16 29 16 29
21 82 21 26 28 82
66 77 66 77
24 79 24 27 44 79
3 34 3 30 34
14 33 14 25 33
52 77 52 77
3 30 3 30
19 58 19 43 44 55 58
8 73 8 9 20 73
37 52 37 48 52
23 86 23 49 72 86
49 72 49 72
35 67 35 39 58 67
10 30 10 30
34 59 34 59
14 38 14 25 38
42 72 42 62 72
0 84 0 20 55 84
28 52 28 37 52
14 69 14 25 35 39 58 68 69
10 75 10 48 75
5 74 5 6 16 35 39 58 68 74
4 34 4 30 34
68 76 68 69 76
43 82 43 44 55 58 67 82
13 76 13 68 69 76
16 87 16 35 39 87
19 86 19 62 72 86
35 88 35 39 58 67 72 88
16 77 16 35 39 58 77
19 69 19 43 44 55 58 68 69
5 37 5 6 37
7 59 7 14 28 35 59
28 77 28 37 52 77
17 60 17 60
0 79 0 27 79
13 64 13 29 48 52 64
42 72 42 62 72
16 82 16 29 48 75 82
6 55 6 31 43 44 55
2 9 2 9
5 72 5 6 31 43 44 55 67 72
44 83 44 79 83
3 82 3 27 44 55 67 82
58 76 58 68 69 76
16 74 16 35 39 58 68 74
41 88 41 57 72 88
55 67 55 67
5 89 5 6 77 89
4 69 4 30 44 55 58 68 69
64 71 64 71
33 78 33 78
12 73 12 73
1 55 1 7 43 44 55
30 44 30 44
39 88 39 58 67 72 88
0 87 0 10 17 58 67 72 87
26 39 26 28 35 39
37 77 37 77
21 42 21 26 42
45 64 45 64
20 76 20 55 58 68 69 76
23 71 23 37 51 59 64 71
55 68 55 58 68
27 82 27 44 55 67 82
13 82 13 20 56 82
23 82 23 37 48 75 82
27 74 27 44 55 58 68 74
30 67 30 44 55 58 67
5 82 5 75 82
48 81 48 75 80 81
0 82 0 10 48 52 64 71 82
21 51 21 26 42 51
10 20 10 17 20
39 76 39 76
39 77 39 58 77
68 74 68 74
57 82 57 82
11 59 11 59
7 62 7 62
6 29 6 16 29
17 20 17 20
33 49 33 49
17 61 17 33 61
15 63 15 26 28 41 57 63
12 50 12 50
14 51 14 25 33 51
51 83 51 80 81 83
51 67 51 67
48 88 48 75 88
33 69 33 49 69
16 64 16 29 48 52 64
29 89 29 48 52 77 89
19 58 19 43 44 55 58
38 89 38 89
71 82 71 82
17 72 17 58 67 72
21 72 21 26 28 37 49 72
16 68 16 35 39 58 68
1 43 1 7 43
12 60 12 60
14 63 14 25 63
36 67 36 37 51 67
23 48 23 37 48
10 17 10 17
3 67 3 9 20 55 67
53 80 53 80
50 82 50 82
14 41 14 28 41
18 76 18 20 55 58 68 69 76
49 69 49 69
49 87 49 72 87
17 82 17 20 39 58 67 82
55 58 55 58
30 68 30 44 55 58 68
43 84 43 44 84
9 89 9 20 55 84 89
58 68 58 68
27 89 27 44 55 84 89
10 39 10 17 20 39
25 62 25 33 62
42 51 42 51
72 88 72 88
22 68 22 43 44 55 58 68
18 84 18 22 34 79 84
11 68 11 68
56 82 56 82
3 27 3 27
18 84 18 20 55 84
28 77 28 77
51 59 51 59
7 25 7 14 25
72 86 72 86
58 68 58 68
7 25 7 14 25
56 71 56 64 71
1 65 1 7 57 63 65
55 69 55 58 68 69
12 37 12 37
12 60 12 60
1 70 1 13 26 28 41 70
70 81 70 81
1 23 1 2 23
52 83 52 80 81 83
12 89 12 29 48 52 77 89
28 68 28 68
26 82 26 28 35 39 58 67 82
77 89 77 89
35 59 35 59
6 29 6 16 29
55 73 55 67 73
26 80 26 28 37 51 80
21 89 21 26 28 35 39 58 77 89
17 49 17 33 49
26 42 26 42
49 76 49 76
22 76 22 43 44 55 58 68 69 76
28 87 28 87
17 58 17 58
1 13 1 13
14 38 14 25 38
54 81 54 81
38 65 38 65
6 16 6 16
16 59 16 35 59
55 73 55 58 67 73
8 68 8 9 20 55 58 68
7 83 7 14 25 79 83
3 34 3 30 34
36 86 36 37 51 86
3 34 3 30 34
1 78 1 2 23 66 78
75 82 75 82
14 65 14 25 63 65
36 48 36 37 48
21 60 21 26 28 41 50 60
17 20 17 20
18 87 18 22 31 43 44 55 58 67 72 87
58 74 58 68 74
25 84 25 79 84
21 72 21 58 67 72
10 48 10 30 34 48
0 10 0 10
21 51 21 26 28 37 51
15 39 15 26 28 35 39
41 63 41 57 63
15 39 15 26 28 35 39
52 64 52 64
35 88 35 39 58 67 72 88
41 76 41 49 69 76
58 67 58 67
12 73 12 37 51 67 73
0 78 0 10 17 78
25 79 25 79
67 88 67 72 88
2 80 2 23 37 48 52 80
9 86 9 20 55 67 72 86
5 35 5 6 16 35
29 88 29 48 75 88
3 88 3 37 72 88
15 79 15 22 34 79
26 39 26 28 35 39
9 20 9 20
6 77 6 31 43 52 77
26 58 26 28 35 39 58
3 75 3 37 48 75
58 74 58 68 74
58 86 58 67 72 86
14 28 14 28
44 79 44 79
59 64 59 64
7 55 7 43 44 55
33 62 33 62
27 82 27 44 55 58 67 82
4 72 4 49 72
45 64 45 64
23 48 23 37 48
17 58 17 58
52 83 52 80 81 83
35 67 35 39 58 67
28 41 28 41
16 71 16 35 59 64 71
8 9 8 9
13 28 13 28
3 76 3 9 20 39 58 68 69 76
28 87 28 87
2 86 2 33 51 59 64 86
14 33 14 25 33
4 70 4 70
36 59 36 37 59
20 87 20 55 67 72 87
23 51 23 37 51
34 48 34 48
22 68 22 43 44 55 58 68
27 74 27 44 55 58 68 74
18 40 18 20 40
2 82 2 23 37 59 64 82
10 40 10 17 20 40
19 77 19 43 44 55 58 77
5 89 5 52 77 89
25 51 25 33 51
12 44 12 24 27 44
10 33 10 17 33
7 58 7 14 28 35 39 58
11 64 11 59 64
57 78 57 78
15 58 15 26 28 35 39 58
4 34 4 30 34
7 49 7 14 28 37 49
20 65 20 39 65
35 68 35 39 58 68
6 29 6 16 29
3 76 3 37 49 69 76
10 64 10 48 52 64
0 84 0 13 20 55 84
34 81 34 48 52 80 81
18 34 18 22 34
5 89 5 6 16 29 48 52 77 89
25 76 25 35 39 58 68 69 76
58 74 58 68 74
3 49 3 37 49
26 37 26 28 37
8 64 8 28 35 59 64
4 72 4 30 44 55 67 72
48 80 48 75 80
24 76 24 27 44 55 58 68 69 76
39 65 39 65
58 82 58 67 82
19 62 19 62
30 84 30 34 79 84
19 76 19 43 44 55 58 68 69 76
24 71 24 71
1 39 1 2 9 20 39
7 35 7 14 28 35
10 33 10 17 33
84 89 84 89
35 76 35 39 76
11 59 11 59
14 35 14 28 35
21 52 21 26 28 37 52
20 86 20 55 58 67 72 86
14 52 14 28 37 52
42 71 42 51 59 64 71
0 35 0 13 28 35
18 31 18 22 31
36 37 36 37
12 64 12 45 64
14 41 14 28 41
26 73 26 73
75 82 75 82
28 86 28 35 39 58 67 72 86
3 88 3 9 20 39 58 67 72 88
10 89 10 24 27 44 55 58 77 89
20 88 20 39 58 67 72 88
19 83 19 43 52 80 81 83
34 80 34 48 52 80
2 52 2 23 37 52
0 20 0 20
37 49 37 49
33 86 33 49 72 86
57 86 57 72 86
39 76 39 76
21 81 21 42 51 80 81
55 69 55 58 68 69
18 20 18 20
25 40 25 40
37 69 37 49 69
49 87 49 72 87
19 62 19 62
24 71 24 71
22 34 22 34
12 75 12 37 48 75
52 77 52 77
24 74 24 27 44 55 58 68 74
43 71 43 52 64 71
13 35 13 28 35
49 76 49 76
10 75 10 30 34 48 75
10 70 10 17 70
42 71 42 51 59 64 71
3 82 3 9 71 82
7 39 7 14 28 35 39
33 69 33 49 69
7 39 7 14 25 35 39
22 59 22 34 59
43 55 43 44 55
21 51 21 42 51
6 71 6 16 35 59 64 71
26 59 26 42 51 59
35 65 35 39 65
28 73 28 35 39 58 67 73
3 38 3 38
13 60 13 60
2 52 2 23 37 48 52
24 67 24 27 44 55 58 67
20 88 20 55 67 72 88
0 51 0 10 17 33 51
17 72 17 33 62 72
22 43 22 31 43
10 34 10 30 34
28 68 28 68
64 82 64 82
37 51 37 51
5 64 5 64
6 55 6 31 43 44 55
58 77 58 77
13 56 13 20 56
16 35 16 35
4 69 4 49 69
29 52 29 48 52
28 82 28 35 39 58 67 82
47 80 47 80
28 86 28 64 86
8 68 8 28 35 39 58 68
18 59 18 59
0 77 0 27 44 55 58 77
28 68 28 68
9 40 9 20 40
31 86 31 56 64 86
6 64 6 31 43 52 64
4 49 4 49
67 82 67 82
31 80 31 43 52 80
79 88 79 88
26 82 26 42 51 67 82
15 51 15 26 28 37 51
58 77 58 77
22 34 22 34
34 86 34 48 52 64 86
30 75 30 34 48 75
79 88 79 88
14 64 14 25 33 51 59 64
79 83 79 83
18 48 18 22 34 48
51 89 51 59 89
28 51 28 37 51
6 56 6 31 56
37 72 37 51 67 72
16 68 16 35 39 58 68
33 86 33 51 67 72 86
28 63 28 41 57 63
12 44 12 24 27 44
2 86 2 56 64 86
37 82 37 51 59 64 71 82
36 71 36 37 48 52 71
3 62 3 9 62
13 42 13 26 42
55 67 55 58 67
43 52 43 52
15 71 15 30 34 48 52 71
0 81 0 13 26 28 37 51 80 81
10 68 10 30 44 55 58 68
39 89 39 58 77 89
43 87 43 44 55 67 72 87
1 64 1 37 52 64
84 89 84 89
2 9 2 9
39 82 39 58 67 82
41 57 41 57
21 26 21 26
7 42 7 14 42
0 40 0 20 40
11 76 11 68 69 76
71 82 71 82
3 38 3 38
14 51 14 42 51
44 83 44 79 83
6 59 6 16 35 59
9 40 9 20 40
36 73 36 37 51 67 73
35 82 35 39 58 67 82
45 77 45 77
3 67 3 30 44 55 67
1 28 1 7 14 28
52 83 52 80 81 83
7 85 7 14 25 85
15 44 15 30 44
0 26 0 13 26
80 83 80 81 83
24 82 24 71 82
24 86 24 27 44 55 67 72 86
0 86 0 20 55 67 72 86
36 50 36 50
14 51 14 25 33 51
39 67 39 58 67
6 79 6 31 43 44 79
5 51 5 6 37 51
44 88 44 79 88
3 9 3 9
2 39 2 9 20 39
11 89 11 59 89
80 83 80 81 83
21 81 21 42 51 80 81
51 80 51 80
1 23 1 2 23
7 49 7 14 25 33 49
52 71 52 71
18 43 18 22 31 43
37 76 37 76
68 69 68 69
43 71 43 52 64 71
7 83 7 43 52 80 81 83
0 89 0 89
2 20 2 9 20
21 83 21 26 28 37 51 80 81 83
14 86 14 42 51 86
6 77 6 77
4 66 4 23 66
51 80 51 80
1 85 1 7 14 25 85
2 66 2 23 66
18 81 18 22 34 48 52 80 81
9 87 9 20 39 87
14 59 14 42 51 59
13 42 13 26 42
22 48 22 34 48
3 55 3 30 44 55
40 78 40 78
4 30 4 30
4 55 4 30 44 55
14 73 14 25 33 51 67 73
67 86 67 72 86
35 82 35 39 58 67 82
43 84 43 44 55 84
6 37 6 37
49 87 49 72 87
23 37 23 37
44 55 44 55
5 88 5 88
21 42 21 26 42
26 39 26 28 35 39
1 69 1 39 58 68 69
52 80 52 80
18 75 18 22 34 48 75
5 82 5 64 71 82
33 51 33 51
12 44 12 24 27 44
9 74 9 20 55 58 68 74
18 20 18 20
21 77 21 58 77
14 74 14 28 35 39 58 68 74
8 64 8 9 20 56 64
15 87 15 30 44 55 67 72 87
59 82 59 64 82
13 48 13 29 48
16 74 16 35 39 58 68 74
33 80 33 51 80
25 35 25 35
19 77 19 43 44 55 58 77
66 89 66 77 89
1 23 1 2 23
22 68 22 31 43 44 55 58 68
1 88 1 49 72 88
35 65 35 39 65
24 86 24 27 44 55 67 72 86
7 63 7 14 25 63
85 88 85 88
4 72 4 49 72
6 29 6 16 29
22 75 22 34 48 75
1 85 1 7 14 25 85
48 82 48 52 71 82
7 59 7 14 25 33 51 59
7 25 7 14 25
22 58 22 31 43 44 55 58
30 81 30 34 48 75 80 81
10 89 10 48 52 77 89
6 64 6 16 35 59 64
27 76 27 44 55 58 68 69 76
15 26 15 26
10 87 10 30 44 55 67 72 87
8 76 8 41 49 69 76
42 64 42 51 59 64
15 86 15 22 43 44 55 58 67 72 86
33 59 33 51 59
14 83 14 42 51 80 81 83
14 67 14 25 35 39 58 67
19 58 19 43 44 55 58
5 84 5 79 84
16 77 16 35 39 58 77
53 84 53 84
18 43 18 22 43
14 77 14 28 35 39 58 77
16 29 16 29
16 52 16 29 48 52
2 73 2 23 37 51 67 73
56 74 56 74
13 56 13 20 56
15 69 15 22 31 68 69
2 59 2 33 51 59
55 68 55 58 68
3 37 3 37
2 89 2 9 20 55 84 89
37 72 37 49 72
2 23 2 23
37 51 37 51
57 63 57 63
55 72 55 58 67 72
25 71 25 33 51 59 64 71
12 49 12 37 49
14 63 14 28 41 57 63
21 60 21 26 28 41 50 60
13 65 13 28 41 63 65
12 45 12 45
70 82 70 82
5 79 5 79
62 72 62 72
10 33 10 17 33
0 27 0 10 24 27
4 70 4 70
0 59 0 13 28 35 59
27 74 27 44 55 58 68 74
7 62 7 62
5 35 5 6 16 35
56 71 56 64 71
53 80 53 80
6 68 6 16 35 39 58 68
26 42 26 42
31 77 31 43 52 77
7 70 7 14 28 41 70
25 87 25 35 39 58 67 72 87
39 88 39 58 67 72 88
21 83 21 26 28 37 48 75 80 81 83
64 82 64 82
17 82 17 58 67 82
20 56 20 56
11 82 11 59 64 82
14 61 14 25 33 61
16 52 16 29 48 52
8 71 8 9 20 56 64 71
44 84 44 79 84
12 66 12 66
18 20 18 20
23 32 23 32
36 75 36 37 48 75
40 78 40 78
9 71 9 71
31 55 31 43 44 55
55 69 55 58 68 69
9 72 9 20 55 67 72
17 72 17 58 67 72
2 20 2 9 20
70 81 70 81
36 80 36 37 48 52 80
14 41 14 28 41
10 59 10 17 33 51 59
14 49 14 25 33 49
26 65 26 28 35 39 65
49 69 49 69
48 75 48 75
1 68 1 2 9 20 40 68
55 82 55 58 67 82
27 76 27 44 55 58 68 69 76
17 64 17 33 51 59 64
43 84 43 44 79 84
59 64 59 64
25 84 25 79 84
55 67 55 67
0 27 0 27
16 59 16 35 59
1 74 1 13 26 28 35 39 58 68 74
4 55 4 30 44 55
39 68 39 58 68
8 89 8 9 20 55 58 77 89
66 77 66 77
14 89 14 42 51 59 89
31 86 31 56 64 86
23 66 23 66
24 83 24 27 44 79 83
55 58 55 58
7 34 7 14 34
36 59 36 37 51 59
2 33 2 33
10 51 10 17 33 51
14 42 14 42
45 77 45 77
3 62 3 9 62
79 88 79 88
17 33 17 33
11 82 11 59 64 71 82
14 73 14 25 35 39 58 67 73
0 20 0 20
17 72 17 20 39 58 67 72
18 81 18 22 43 52 80 81
21 71 21 26 42 51 59 64 71
0 40 0 20 40
0 79 0 10 24 27 44 79
9 56 9 20 56
10 68 10 30 44 55 58 68
22 68 22 43 44 55 58 68
10 68 10 30 44 55 58 68
33 88 33 51 67 72 88
25 85 25 85
23 75 23 37 48 75
14 83 14 34 48 52 80 81 83
15 69 15 26 28 37 49 69
19 88 19 43 44 79 88
55 84 55 84
0 80 0 13 26 28 37 51 80
45 50 45 50
52 77 52 77
43 88 43 44 55 67 72 88
37 52 37 52
9 64 9 20 56 64
3 78 3 9 20 40 78
13 76 13 68 69 76
10 69 10 17 33 49 69
23 82 23 37 52 71 82
25 82 25 35 39 58 67 82
27 44 27 44
20 40 20 40
10 86 10 24 27 44 55 67 72 86
34 80 34 48 75 80
41 57 41 57
14 59 14 28 37 59
13 55 13 20 55
48 52 48 52
75 81 75 80 81
28 35 28 35
30 68 30 44 55 58 68
18 43 18 22 31 43
1 2 1 2
8 51 8 28 37 51
31 69 31 68 69
27 77 27 44 55 58 77
8 70 8 41 70
13 76 13 68 69 76
0 20 0 13 20
0 69 0 13 68 69
10 34 10 30 34
1 43 1 7 43
2 67 2 23 37 51 67
57 72 57 72
7 35 7 14 28 35
33 71 33 51 59 64 71
28 60 28 41 50 60
14 42 14 42
9 89 9 20 39 58 77 89
2 81 2 33 51 80 81
55 77 55 58 77
25 71 25 35 59 64 71
11 89 11 59 89
41 49 41 49
10 51 10 17 33 51
8 82 8 28 82
7 70 7 14 28 41 70
53 89 53 84 89
34 71 34 59 64 71
16 74 16 35 39 58 68 74
16 59 16 35 59
36 49 36 37 49
58 74 58 68 74
58 67 58 67
17 61 17 33 61
17 73 17 58 67 73
7 48 7 14 28 37 48
8 76 8 9 20 55 58 68 69 76
19 83 19 43 52 80 81 83
5 6 5 6
51 72 51 67 72
13 82 13 20 55 67 82
1 55 1 7 43 44 55
7 48 7 14 34 48
30 84 30 44 79 84
52 77 52 77
1 61 1 2 33 61
52 89 52 77 89
5 64 5 64
64 82 64 82
17 69 17 20 39 58 68 69
24 67 24 27 44 55 67
10 51 10 17 33 51
23 48 23 37 48
21 89 21 26 42 51 59 89
10 82 10 48 75 82
10 40 10 17 20 40
18 48 18 22 34 48
4 30 4 30
19 68 19 43 44 55 58 68
17 58 17 58
79 84 79 84
0 40 0 20 40
15 68 15 22 31 43 44 55 58 68
39 73 39 58 67 73
4 86 4 30 44 55 58 67 72 86
25 71 25 35 59 64 71
1 57 1 7 14 28 41 57
75 82 75 82
58 67 58 67
41 69 41 49 69
1 89 1 7 43 52 77 89
40 68 40 68
28 39 28 35 39
57 72 57 72
70 81 70 81
22 68 22 43 44 55 58 68
36 83 36 37 51 80 81 83
19 62 19 62
3 58 3 27 44 55 58
26 83 26 28 41 70 81 83
7 59 7 14 42 51 59
68 74 68 74
7 69 7 43 44 55 58 68 69
45 50 45 50
44 88 44 55 58 67 72 88
24 89 24 89
39 73 39 58 67 73
20 89 20 55 58 77 89
8 35 8 28 35
39 67 39 58 67
43 87 43 44 55 58 67 72 87
9 64 9 20 56 64
23 82 23 37 51 67 82
13 62 13 26 42 62
21 71 21 42 51 59 64 71
67 82 67 82
10 87 10 17 20 39 58 67 72 87
10 34 10 30 34
10 33 10 17 33
1 87 1 13 26 42 51 67 72 87
37 52 37 52
41 76 41 49 76
2 20 2 9 20
51 81 51 80 81
14 85 14 25 85
24 83 24 27 44 79 83
33 86 33 49 72 86
14 72 14 42 62 72
1 57 1 13 28 41 57
24 27 24 27
13 83 13 29 48 75 80 81 83
31 69 31 68 69
20 76 20 39 58 68 69 76
75 81 75 80 81
14 33 14 25 33
48 75 48 75
33 49 33 49
25 79 25 79
19 43 19 43
4 52 4 23 37 48 52
27 74 27 44 55 58 68 74
30 77 30 48 52 77
13 20 13 20
20 87 20 55 67 72 87
13 77 13 20 55 58 77
64 82 64 71 82
66 89 66 77 89
1 39 1 7 14 25 35 39
0 13 0 13
42 71 42 51 59 64 71
15 30 15 30
69 76 69 76
13 20 13 20
18 75 18 22 34 48 75
5 37 5 6 37
5 37 5 6 37
3 75 3 37 48 75
0 10 0 10
36 71 36 37 59 64 71
8 51 8 28 37 51
36 60 36 50 60
48 80 48 52 80
45 77 45 77
7 52 7 14 34 48 52
42 62 42 62
1 39 1 7 14 28 35 39
14 77 14 25 35 39 58 77
1 55 1 2 9 20 55
23 49 23 49
7 49 7 14 28 37 49
5 79 5 6 31 43 44 79
28 68 28 35 39 58 68
4 55 4 30 44 55
28 60 28 41 50 60
5 79 5 6 31 43 44 79
6 68 6 31 68
33 89 33 51 59 89
51 88 51 67 72 88
14 48 14 28 37 48
19 76 19 43 44 55 58 68 69 76
35 65 35 39 65
26 76 26 28 41 76
0 37 0 13 28 37
18 39 18 20 39
19 62 19 62
30 34 30 34
10 84 10 17 20 55 84
58 77 58 77
5 84 5 6 31 43 44 55 84
43 52 43 52
0 13 0 13
21 42 21 42
47 83 47 75 80 81 83
26 58 26 28 35 39 58
36 48 36 37 48
15 58 15 30 44 55 58
37 82 37 59 64 82
38 65 38 65
79 84 79 84
2 77 2 23 66 77
25 85 25 85
10 86 10 30 48 52 64 86
10 70 10 17 70
16 72 16 35 39 58 67 72
34 64 34 59 64
37 75 37 48 75
77 89 77 89
53 89 53 84 89
17 69 17 20 39 58 68 69
42 64 42 51 59 64
24 86 24 27 44 55 58 67 72 86
0 56 0 13 20 56
14 77 14 34 48 52 77
17 78 17 20 40 78
36 67 36 37 51 67
33 89 33 51 59 89
9 89 9 20 55 84 89
13 77 13 26 28 37 52 77
10 82 10 48 52 71 82
25 33 25 33
15 58 15 26 28 35 39 58
41 63 41 63
58 74 58 68 74
67 87 67 72 87
3 69 3 27 44 55 58 68 69
22 43 22 43
13 29 13 29
53 89 53 84 89
51 72 51 67 72
7 62 7 14 42 62
10 84 10 24 27 44 55 84
7 14 7 14
6 55 6 31 43 44 55
9 55 9 20 55
13 64 13 29 48 52 64
55 74 55 58 68 74
21 83 21 26 42 51 80 81 83
14 51 14 42 51
55 58 55 58
21 26 21 26
36 60 36 50 60
41 70 41 70
6 79 6 31 43 44 79
62 86 62 72 86
14 52 14 28 37 52
12 29 12 29
17 56 17 20 56
27 67 27 44 55 58 67
18 43 18 22 31 43
4 88 4 49 72 88
42 67 42 51 67
28 51 28 37 51
18 69 18 22 31 68 69
14 61 14 25 33 61
25 82 25 82
5 75 5 75
11 71 11 59 64 71
75 81 75 80 81
3 58 3 9 20 39 58
16 29 16 29
10 59 10 17 33 51 59
26 76 26 28 35 39 76
5 88 5 75 88
6 49 6 37 49
0 34 0 10 30 34
7 83 7 43 52 80 81 83
5 52 5 6 31 43 52
25 89 25 33 51 59 89
12 60 12 45 50 60
2 86 2 23 37 51 86
13 76 13 68 69 76
1 81 1 2 33 51 80 81
10 48 10 48
5 88 5 75 88
51 88 51 67 72 88
58 82 58 67 82
3 68 3 27 44 55 58 68
25 82 25 82
22 75 22 34 48 75
54 81 54 81
30 58 30 44 55 58
41 88 41 57 72 88
23 82 23 37 48 52 64 82
45 83 45 83
41 78 41 57 78
5 81 5 75 80 81
0 57 0 13 26 28 41 57
27 83 27 44 79 83
13 64 13 29 48 52 64
5 74 5 6 31 56 74
14 77 14 25 35 39 58 77
30 81 30 34 48 52 80 81
33 76 33 49 69 76
43 44 43 44
2 73 2 23 37 51 67 73
3 87 3 9 20 39 58 67 72 87
1 75 1 2 23 37 48 75
4 59 4 23 37 59
6 49 6 37 49
20 40 20 40
12 29 12 29
10 48 10 48
25 87 25 62 72 87
52 64 52 64
14 73 14 28 35 39 58 67 73
57 82 57 82
24 74 24 27 44 55 58 68 74
41 63 41 57 63
8 40 8 40
14 34 14 34
57 82 57 82
50 60 50 60
22 31 22 31
13 67 13 28 37 51 67
24 86 24 27 44 55 67 72 86
13 76 13 68 69 76
37 76 37 49 69 76
43 72 43 44 55 67 72
33 49 33 49
14 62 14 42 62
22 48 22 34 48
31 56 31 56
0 76 0 27 44 55 58 68 69 76
48 64 48 52 64
56 82 56 64 82
53 89 53 84 89
16 35 16 35
15 87 15 26 28 41 49 72 87
64 86 64 86
16 87 16 87
48 80 48 75 80
12 72 12 72
8 55 8 9 20 55
2 86 2 56 64 86
15 30 15 30
16 67 16 35 39 58 67
23 78 23 66 78
9 74 9 20 55 58 68 74
31 43 31 43
10 34 10 30 34
36 72 36 37 51 67 72
20 86 20 56 64 86
13 48 13 29 48
24 74 24 27 44 55 58 68 74
16 59 16 35 59
2 56 2 56
17 64 17 20 56 64
0 89 0 89
20 86 20 56 64 86
8 80 8 28 37 48 75 80
55 77 55 58 77
12 73 12 24 27 44 55 58 67 73
15 26 15 26
13 56 13 20 56
8 28 8 28
14 49 14 28 37 49
10 78 10 17 33 78
2 66 2 23 66
15 43 15 22 31 43
4 32 4 23 32
24 79 24 27 79
79 84 79 84
18 75 18 22 34 48 75
4 86 4 30 44 55 58 67 72 86
68 69 68 69
26 58 26 28 35 39 58
62 86 62 72 86
25 33 25 33
52 89 52 77 89
2 48 2 23 37 48
34 80 34 48 75 80
16 67 16 35 39 58 67
33 88 33 62 72 88
40 68 40 68
1 75 1 2 23 37 48 75
14 73 14 25 33 51 67 73
52 89 52 77 89
14 28 14 28
13 89 13 84 89
2 68 2 9 20 40 68
1 58 1 2 9 20 39 58
3 64 3 30 48 52 64
12 52 12 29 48 52
7 70 7 14 28 41 70
8 87 8 62 72 87
23 86 23 37 59 64 86
64 71 64 71
51 67 51 67
28 86 28 64 86
23 48 23 37 48
0 77 0 20 39 58 77
10 59 10 30 34 59
9 20 9 20
14 73 14 28 35 39 58 67 73
34 64 34 59 64
19 82 19 43 52 71 82
29 89 29 48 52 77 89
7 84 7 14 34 79 84
27 78 27 78
20 56 20 56
25 40 25 40
51 59 51 59
20 89 20 39 58 77 89
28 87 28 35 39 87
17 61 17 33 61
19 77 19 43 44 55 58 77
67 87 67 72 87
28 58 28 35 39 58
42 89 42 51 59 89
11 88 11 88
27 74 27 44 55 58 68 74
15 67 15 22 31 43 44 55 58 67
20 40 20 40
13 42 13 26 42
5 81 5 6 16 29 48 75 80 81
7 49 7 14 28 37 49
13 50 13 28 41 50
21 39 21 26 28 35 39
16 29 16 29
0 82 0 45 50 82
18 39 18 20 39
43 73 43 44 55 67 73
35 59 35 59
0 60 0 45 50 60
10 20 10 17 20
43 82 43 52 71 82
33 61 33 61
34 81 34 48 75 80 81
14 69 14 25 33 49 69
11 59 11 59
4 68 4 30 44 55 58 68
6 31 6 31
66 77 66 77
30 81 30 48 52 80 81
0 77 0 10 30 34 48 52 77
9 64 9 20 56 64
79 83 79 83
40 76 40 68 69 76
15 87 15 30 44 55 67 72 87
6 77 6 31 43 44 55 58 77
7 85 7 14 25 85
10 24 10 24
28 51 28 37 51
2 89 2 33 51 59 89
1 28 1 7 14 28
18 71 18 59 64 71
0 88 0 10 48 88
18 79 18 22 31 43 44 79
25 38 25 38
13 56 13 20 56
0 28 0 13 28
9 56 9 20 56
7 37 7 14 28 37
24 79 24 27 79
13 84 13 84
11 71 11 59 64 71
27 79 27 44 79
6 72 6 31 43 44 55 67 72
39 89 39 58 77 89
22 74 22 43 44 55 58 68 74
1 58 1 13 28 35 39 58
51 67 51 67
22 58 22 43 44 55 58
6 77 6 31 43 44 55 58 77
14 49 14 28 37 49
42 72 42 62 72
25 61 25 33 61
2 80 2 33 51 80
8 75 8 28 37 48 75
28 41 28 41
0 45 0 45
0 13 0 13
1 57 1 7 57
25 87 25 62 72 87
22 34 22 34
13 35 13 28 35
31 86 31 43 52 64 86
23 82 23 37 51 67 82
33 51 33 51
19 52 19 43 52
24 79 24 27 79
17 69 17 20 39 58 68 69
37 49 37 49
40 68 40 68
33 78 33 78
15 63 15 26 28 41 57 63
3 68 3 30 44 55 58 68
5 81 5 75 80 81
5 37 5 6 37
24 73 24 27 44 55 67 73
17 72 17 58 67 72
18 22 18 22
1 13 1 13
72 86 72 86
27 79 27 44 79
4 87 4 49 72 87
37 72 37 72
0 81 0 10 48 52 80 81
7 62 7 62
28 70 28 41 70
7 68 7 43 44 55 58 68
29 48 29 48
14 40 14 25 40
15 22 15 22
2 48 2 23 37 48
53 89 53 84 89
10 39 10 17 20 39
31 86 31 56 64 86
13 82 13 29 48 75 82
14 89 14 25 79 84 89
3 82 3 30 34 48 52 64 71 82
25 62 25 33 62
7 34 7 14 34
75 82 75 82
17 70 17 70
18 73 18 20 73
8 68 8 40 68
43 89 43 52 77 89
5 52 5 6 16 29 48 52
57 63 57 63
25 76 25 40 68 69 76
14 42 14 42
10 83 10 17 70 81 83
22 59 22 34 59
79 83 79 83
3 67 3 9 20 55 58 67
23 82 23 37 51 59 64 82
3 39 3 9 20 39
14 34 14 34
12 44 12 44
1 28 1 7 14 28
37 69 37 49 69
4 84 4 30 44 55 84
64 82 64 82
36 59 36 59
33 78 33 78
0 35 0 13 28 35
13 50 13 26 28 41 50
64 82 64 82
5 37 5 6 37
16 88 16 35 39 58 67 72 88
67 82 67 82
15 69 15 30 44 55 58 68 69
53 88 53 88
6 87 6 37 49 72 87
34 84 34 79 84
37 82 37 48 75 82
7 64 7 64
1 75 1 37 48 75
24 55 24 27 44 55
10 20 10 17 20
15 55 15 22 31 43 44 55
19 76 19 69 76
3 39 3 9 20 39
16 71 16 35 59 64 71
81 83 81 83
2 20 2 9 20
75 82 75 82
9 40 9 20 40
37 59 37 51 59
14 25 14 25
0 40 0 10 17 20 40
44 55 44 55
29 88 29 48 88
14 84 14 25 79 84
6 29 6 16 29
23 37 23 37
47 75 47 75
6 64 6 16 35 59 64
14 33 14 25 33
20 88 20 88
17 72 17 58 67 72
22 34 22 34
31 68 31 68
13 29 13 29
39 76 39 58 68 69 76
43 88 43 44 55 58 67 72 88
52 64 52 64
9 62 9 62
14 74 14 25 40 68 74
15 87 15 22 43 87
17 64 17 20 56 64
8 80 8 28 37 48 75 80
67 88 67 72 88
26 73 26 28 37 51 67 73
72 87 72 87
25 62 25 62
0 78 0 20 40 78
31 84 31 43 44 79 84
36 88 36 37 51 67 72 88
1 26 1 13 26
18 39 18 20 39
57 82 57 82
15 55 15 30 44 55
41 69 41 49 69
26 71 26 42 51 59 64 71
0 86 0 10 24 27 44 55 58 67 72 86
18 71 18 22 43 52 64 71
4 59 4 30 34 59
18 59 18 22 34 59
5 72 5 72
24 83 24 83
0 48 0 13 26 28 37 48
55 72 55 58 67 72
34 52 34 48 52
14 73 14 25 35 39 58 67 73
44 83 44 79 83
39 77 39 58 77
31 79 31 43 44 79
5 51 5 6 37 51
27 83 27 44 79 83
51 72 51 67 72
10 86 10 30 48 52 64 86
30 34 30 34
41 70 41 70
41 88 41 57 72 88
17 56 17 20 56
13 59 13 26 28 37 51 59
37 59 37 51 59
57 86 57 72 86
19 84 19 43 44 79 84
36 60 36 50 60
26 42 26 42
27 72 27 44 55 67 72
28 82 28 41 57 82
33 78 33 78
18 87 18 22 43 87
41 76 41 76
4 87 4 23 49 72 87
27 78 27 78
13 56 13 20 56
0 35 0 13 26 28 35
16 86 16 35 39 58 67 72 86
33 78 33 78
15 63 15 26 28 41 63
17 73 17 20 55 58 67 73
75 81 75 80 81
47 80 47 80
2 78 2 23 66 78
12 49 12 37 49
5 81 5 6 16 29 48 75 80 81
19 64 19 56 64
26 65 26 28 35 39 65
55 58 55 58
4 76 4 30 44 55 58 68 69 76
37 48 37 48
6 31 6 31
64 71 64 71
19 58 19 43 44 55 58
42 62 42 62
1 73 1 37 51 67 73
15 79 15 30 34 79
23 48 23 37 48
1 51 1 7 14 42 51
18 82 18 59 64 82
70 82 70 82
3 89 3 9 20 39 58 77 89
39 58 39 58
3 62 3 9 62
0 77 0 10 48 52 77
31 56 31 56
1 68 1 13 26 28 35 39 58 68
28 86 28 64 86
36 86 36 37 72 86
18 73 18 20 73
36 88 36 37 49 72 88
28 41 28 41
9 40 9 20 40
13 28 13 28
23 32 23 32
55 77 55 58 77
9 62 9 62
1 59 1 2 33 51 59
1 89 1 37 59 89
34 64 34 48 52 64
1 49 1 37 49
21 86 21 58 67 72 86
59 82 59 64 71 82
25 65 25 35 39 65
27 44 27 44
18 40 18 20 40
0 45 0 45
42 73 42 51 67 73
0 56 0 10 17 20 56
7 64 7 64
19 82 19 56 82
44 67 44 55 67
26 83 26 42 51 80 81 83
14 63 14 28 41 63
1 68 1 2 9 20 55 58 68
28 87 28 41 49 72 87
34 59 34 59
15 34 15 30 34
30 82 30 34 59 64 71 82
44 88 44 79 88
4 51 4 23 37 51
23 75 23 37 48 75
47 83 47 75 80 81 83
7 70 7 14 28 41 70
48 82 48 52 71 82
13 56 13 20 56
42 51 42 51
9 55 9 20 55
59 82 59 64 71 82
8 68 8 28 68
58 67 58 67
6 56 6 31 56
15 34 15 30 34
35 39 35 39
7 25 7 14 25
36 67 36 37 51 67
3 67 3 37 51 67
7 89 7 89
6 77 6 37 48 52 77
17 33 17 33
12 51 12 37 51
13 59 13 28 35 59
48 88 48 75 88
84 89 84 89
53 88 53 88
24 73 24 27 44 55 58 67 73
35 59 35 59
31 64 31 43 52 64
7 48 7 14 28 37 48
43 44 43 44
0 40 0 20 40
21 81 21 42 51 80 81
44 88 44 55 67 72 88
20 40 20 40
52 83 52 80 81 83
52 89 52 77 89
5 6 5 6
30 44 30 44
29 48 29 48
0 41 0 13 26 28 41
80 83 80 81 83
30 67 30 44 55 67
15 22 15 22
79 84 79 84
0 37 0 13 26 28 37
33 71 33 51 59 64 71
10 49 10 17 33 49
33 71 33 51 59 64 71
28 86 28 41 49 72 86
8 60 8 41 50 60
15 51 15 26 42 51
24 79 24 27 79
20 56 20 56
2 78 2 33 78
13 35 13 26 28 35
36 49 36 37 49
28 58 28 35 39 58
0 56 0 13 20 56
10 59 10 17 33 51 59
1 73 1 39 58 67 73
8 28 8 28
0 10 0 10
21 51 21 42 51
1 37 1 2 23 37
21 83 21 26 42 51 80 81 83
12 75 12 37 48 75
64 71 64 71
24 79 24 27 79
39 65 39 65
26 48 26 28 37 48
10 49 10 17 33 49
9 71 9 71
42 73 42 51 67 73
27 76 27 44 55 58 68 69 76
4 70 4 70
1 68 1 2 9 20 40 68
14 42 14 42
25 61 25 33 61
27 44 27 44
6 68 6 31 43 44 55 58 68
18 40 18 20 40
55 69 55 58 68 69
6 76 6 31 43 44 55 58 68 69 76
1 81 1 7 43 52 80 81
36 49 36 37 49
17 49 17 33 49
7 25 7 14 25
1 7 1 7
41 76 41 49 69 76
5 79 5 79
3 64 3 37 48 52 64
12 75 12 29 48 75
31 86 31 56 64 86
51 82 51 59 64 82
30 75 30 48 75
11 59 11 59
21 42 21 26 42
67 87 67 72 87
51 59 51 59
2 48 2 23 37 48
4 64 4 23 37 51 59 64
29 88 29 48 88
26 42 26 42
7 68 7 14 25 35 39 58 68
36 49 36 37 49
0 45 0 45
12 29 12 29
14 38 14 25 38
21 42 21 26 42
15 79 15 30 34 79
7 68 7 43 44 55 58 68
43 84 43 44 55 84
2 20 2 9 20
3 78 3 27 78
1 49 1 49
4 32 4 23 32
0 69 0 20 55 58 68 69
55 69 55 58 68 69
5 52 5 52
18 31 18 22 31
30 68 30 44 55 58 68
21 74 21 26 28 68 74
18 72 18 20 55 58 67 72
3 64 3 37 51 59 64
18 34 18 22 34
35 71 35 59 64 71
27 88 27 88
45 71 45 64 71
55 77 55 58 77
26 48 26 28 37 48
33 69 33 49 69
0 59 0 13 28 37 51 59
14 51 14 28 37 51
26 71 26 42 51 59 64 71
7 70 7 14 28 41 70
8 60 8 28 41 50 60
26 72 26 42 62 72
22 74 22 31 68 74
54 86 54 86
19 83 19 43 52 80 81 83
4 83 4 30 48 52 80 81 83
3 59 3 37 59
7 59 7 14 34 59
51 88 51 67 72 88
21 58 21 58
10 74 10 30 44 55 58 68 74
26 83 26 42 51 80 81 83
17 61 17 33 61
36 81 36 81
0 81 0 13 26 28 41 70 81
0 69 0 13 68 69
18 22 18 22
7 84 7 14 34 79 84
0 61 0 10 17 33 61
14 58 14 25 35 39 58
6 76 6 16 35 39 58 68 69 76
5 88 5 79 88
64 86 64 86
48 77 48 52 77
12 49 12 37 49
7 63 7 14 25 63
64 71 64 71
25 62 25 62
25 71 25 35 59 64 71
5 89 5 89
10 62 10 17 33 62
44 79 44 79
14 34 14 34
18 43 18 22 31 43
52 80 52 80
37 51 37 51
4 51 4 23 37 51
5 84 5 79 84
17 73 17 58 67 73
42 64 42 51 59 64
17 61 17 33 61
41 63 41 63
16 82 16 29 48 75 82
17 69 17 20 40 68 69
4 76 4 30 44 55 58 68 69 76
4 30 4 30
30 84 30 44 84
27 82 27 44 55 58 67 82
28 82 28 64 82
1 73 1 37 51 67 73
14 77 14 25 35 39 58 77
12 52 12 29 48 52
1 13 1 13
8 76 8 41 76
33 61 33 61
16 59 16 35 59
6 79 6 31 43 44 79
7 55 7 43 44 55
31 79 31 43 44 79
36 71 36 59 64 71
10 71 10 17 33 51 59 64 71
2 81 2 33 51 80 81
69 76 69 76
13 68 13 26 28 35 39 58 68
14 61 14 25 33 61
39 82 39 58 67 82
8 51 8 28 37 51
10 74 10 17 20 56 74
51 83 51 80 81 83
15 74 15 26 28 35 39 58 68 74
58 76 58 68 69 76
75 81 75 80 81
10 75 10 48 75
19 80 19 43 52 80
55 74 55 58 68 74
13 62 13 26 42 62
31 86 31 43 44 55 67 72 86
10 49 10 17 33 49
2 74 2 56 74
40 76 40 68 69 76
37 75 37 48 75
2 77 2 23 37 48 52 77
3 82 3 82
56 82 56 82
13 56 13 20 56
33 76 33 49 69 76
58 82 58 67 82
34 64 34 48 52 64
13 59 13 28 35 59
11 68 11 68
27 67 27 44 55 58 67
3 27 3 27
18 78 18 20 40 78
6 72 6 31 43 44 55 58 67 72
1 13 1 13
15 43 15 22 43
4 76 4 49 76
5 35 5 6 16 35
1 88 1 7 62 72 88
43 88 43 44 55 58 67 72 88
44 89 44 79 84 89
21 42 21 26 42
15 89 15 30 34 79 84 89
57 78 57 78
9 71 9 71
37 88 37 51 67 72 88
1 81 1 7 14 28 41 70 81
22 75 22 34 48 75
14 69 14 25 33 49 69
26 39 26 28 35 39
33 86 33 49 72 86
51 72 51 67 72
0 86 0 45 64 86
10 84 10 30 34 79 84
43 72 43 44 55 67 72
21 51 21 26 42 51
0 87 0 13 28 37 49 72 87
0 28 0 13 28
49 76 49 69 76
24 71 24 71
29 52 29 48 52
36 87 36 37 72 87
13 68 13 68
17 77 17 20 39 58 77
21 52 21 26 28 37 52
16 88 16 35 39 58 67 72 88
48 82 48 52 64 82
48 64 48 52 64
41 69 41 49 69
4 72 4 23 37 49 72
24 82 24 71 82
7 76 7 43 44 55 58 68 69 76
38 89 38 89
15 26 15 26
15 43 15 22 31 43
28 41 28 41
37 77 37 52 77
36 67 36 37 51 67
4 70 4 70
14 67 14 28 35 39 58 67
31 68 31 68
19 68 19 43 44 55 58 68
10 49 10 17 33 49
0 76 0 27 44 55 58 68 69 76
4 52 4 30 34 48 52
1 88 1 49 72 88
0 76 0 27 44 55 58 68 69 76
28 58 28 35 39 58
8 62 8 62
22 81 22 31 43 52 80 81
43 44 43 44
66 78 66 78
35 71 35 59 64 71
20 40 20 40
19 89 19 38 89
5 88 5 88
4 30 4 30
44 84 44 84
52 64 52 64
10 59 10 17 33 51 59
22 84 22 31 43 44 84
19 88 19 62 72 88
17 82 17 58 67 82
28 63 28 41 57 63
37 52 37 48 52
36 48 36 37 48
51 88 51 67 72 88
42 89 42 51 59 89
1 42 1 7 14 42
10 62 10 17 33 62
38 65 38 65
14 52 14 34 48 52
14 84 14 25 79 84
47 75 47 75
43 71 43 52 71
40 76 40 68 69 76
6 72 6 31 43 44 55 67 72
7 70 7 14 28 41 70
27 74 27 44 55 58 68 74
1 37 1 37
37 51 37 51
11 68 11 68
34 48 34 48
3 87 3 37 49 72 87
59 89 59 89
52 80 52 80
23 37 23 37
17 83 17 33 51 80 81 83
45 50 45 50
20 89 20 55 58 77 89
13 55 13 20 55
1 61 1 7 14 25 33 61
28 63 28 41 63
2 80 2 33 51 80
5 81 5 6 16 29 48 52 80 81
17 33 17 33
34 48 34 48
2 86 2 56 64 86
51 86 51 67 72 86
28 35 28 35
4 67 4 23 37 51 67
3 68 3 27 44 55 58 68
58 86 58 67 72 86
17 73 17 58 67 73
30 67 30 44 55 58 67
9 62 9 62
39 69 39 58 68 69
15 26 15 26
28 81 28 37 51 80 81
5 72 5 72
15 71 15 30 48 52 64 71
8 68 8 40 68
45 82 45 50 82
26 71 26 42 51 59 64 71
56 74 56 74
75 88 75 88
2 80 2 23 37 51 80
18 43 18 22 31 43
22 87 22 31 43 44 55 67 72 87
23 51 23 37 51
5 29 5 6 16 29
5 74 5 6 31 56 74
56 74 56 74
13 48 13 26 28 37 48
34 84 34 79 84
2 48 2 23 37 48
51 86 51 86
24 73 24 73
8 89 8 28 37 77 89
4 72 4 49 72
8 71 8 9 71
4 51 4 23 37 51
4 55 4 30 44 55
21 52 21 26 28 37 52
1 65 1 2 9 20 39 65
6 86 6 37 59 64 86
85 88 85 88
19 89 19 38 89
4 23 4 23
23 37 23 37
11 59 11 59
15 87 15 30 44 55 58 67 72 87
8 75 8 28 37 48 75
13 62 13 26 42 62
2 9 2 9
35 71 35 59 64 71
24 67 24 27 44 55 58 67
13 28 13 26 28
55 67 55 67
14 74 14 28 68 74
21 57 21 26 28 41 57
71 82 71 82
23 71 23 37 52 64 71
14 52 14 34 48 52
56 74 56 74
2 87 2 9 20 39 87
21 71 21 26 42 51 59 64 71
19 81 19 43 52 80 81
6 55 6 31 43 44 55
13 74 13 20 39 58 68 74
18 59 18 59
26 82 26 42 51 59 64 82
63 65 63 65
25 61 25 33 61
2 80 2 33 51 80
21 58 21 26 28 35 39 58
41 49 41 49
37 49 37 49
1 55 1 7 43 44 55
30 34 30 34
6 77 6 16 35 39 58 77
14 41 14 28 41
30 68 30 44 55 58 68
36 60 36 50 60
28 60 28 41 50 60
0 80 0 13 26 42 51 80
12 66 12 66
30 81 30 48 52 80 81
14 28 14 28
79 88 79 88
12 45 12 45
13 20 13 20
23 49 23 49
75 80 75 80
7 58 7 14 28 35 39 58
85 88 85 88
7 42 7 14 42
8 74 8 40 68 74
6 44 6 31 43 44
10 40 10 17 20 40
51 72 51 67 72
45 50 45 50
21 58 21 58
7 58 7 43 44 55 58
57 72 57 72
27 79 27 79
8 80 8 28 37 52 80
26 28 26 28
34 52 34 48 52
34 86 34 86
3 38 3 38
7 88 7 43 44 55 58 67 72 88
9 55 9 20 55
10 74 10 17 20 55 58 68 74
4 34 4 30 34
31 64 31 56 64
35 59 35 59
12 75 12 29 48 75
35 65 35 39 65
19 89 19 38 89
18 22 18 22
43 73 43 44 55 58 67 73
17 33 17 33
69 76 69 76
30 59 30 34 59
16 86 16 86
21 59 21 26 28 35 59
11 76 11 68 69 76
18 73 18 20 39 58 67 73
22 81 22 34 48 52 80 81
39 73 39 58 67 73
30 84 30 44 84
0 84 0 13 20 55 84
10 69 10 24 27 44 55 58 68 69
37 82 37 51 59 64 71 82
22 76 22 31 43 44 55 58 68 69 76
44 79 44 79
26 65 26 28 41 63 65
48 81 48 75 80 81
75 82 75 82
10 40 10 17 20 40
19 43 19 43
66 89 66 77 89
3 39 3 9 20 39
1 57 1 13 28 41 57
7 77 7 14 28 35 39 58 77
33 76 33 49 76
21 59 21 42 51 59
15 51 15 26 42 51
31 69 31 43 44 55 58 68 69
43 89 43 52 77 89
25 62 25 33 62
33 86 33 51 59 64 86
29 52 29 48 52
5 35 5 6 16 35
25 89 25 38 89
14 62 14 25 62
9 87 9 62 72 87
33 89 33 51 59 89
24 74 24 27 44 55 58 68 74
0 82 0 10 17 58 67 82
33 69 33 49 69
5 6 5 6
67 73 67 73
17 84 17 20 55 84
26 82 26 28 41 50 82
33 89 33 51 59 89
5 74 5 6 16 35 39 58 68 74
18 75 18 22 34 48 75
18 34 18 22 34
55 84 55 84
36 86 36 37 72 86
33 71 33 51 59 64 71
10 68 10 24 27 44 55 58 68
42 59 42 51 59
27 78 27 78
5 75 5 6 16 29 48 75
29 88 29 48 75 88
33 49 33 49
14 35 14 28 35
41 69 41 49 69
39 65 39 65
26 39 26 28 35 39
12 89 12 45 77 89
12 72 12 24 27 44 55 67 72
0 13 0 13
39 89 39 58 77 89
19 62 19 62
2 9 2 9
12 29 12 29
17 76 17 58 68 69 76
10 30 10 30
41 70 41 70
13 49 13 28 37 49
3 59 3 37 51 59
17 84 17 20 55 84
36 50 36 50
1 28 1 7 14 28
8 64 8 28 37 51 59 64
0 57 0 13 28 41 57
16 77 16 35 39 58 77
36 48 36 37 48
21 83 21 26 42 51 80 81 83
14 58 14 25 35 39 58
25 85 25 85
18 71 18 22 43 52 64 71
18 79 18 22 34 79
3 34 3 30 34
25 35 25 35
0 35 0 13 26 28 35
8 73 8 9 20 55 58 67 73
24 27 24 27
29 48 29 48
0 33 0 10 17 33
6 87 6 37 51 67 72 87
47 80 47 75 80
5 49 5 6 37 49
10 33 10 17 33
0 35 0 13 26 28 35
12 75 12 75
10 82 10 48 52 71 82
55 68 55 58 68
17 70 17 70
15 89 15 22 43 44 79 84 89
58 82 58 67 82
15 63 15 26 28 41 57 63
8 68 8 9 20 55 58 68
20 76 20 55 58 68 69 76
5 76 5 6 31 68 69 76
25 87 25 33 49 72 87
4 67 4 30 44 55 58 67
6 79 6 31 43 44 79
54 86 54 86
54 83 54 81 83
69 76 69 76
18 87 18 20 39 87
28 58 28 35 39 58
2 52 2 23 37 52
2 80 2 33 51 80
55 69 55 58 68 69
24 86 24 27 44 55 58 67 72 86
34 71 34 59 64 71
21 26 21 26
27 89 27 44 84 89
0 80 0 10 17 33 51 80
18 73 18 20 73
15 48 15 22 34 48
0 51 0 10 17 33 51
37 59 37 59
70 81 70 81
36 83 36 37 52 80 81 83
54 83 54 81 83
10 51 10 17 33 51
25 82 25 33 51 59 64 82
33 51 33 51
53 88 53 88
18 84 18 20 55 84
36 71 36 59 64 71
10 68 10 30 44 55 58 68
9 20 9 20
10 62 10 17 33 62
43 72 43 44 55 67 72
1 2 1 2
3 83 3 30 34 48 52 80 81 83
53 89 53 84 89
3 27 3 27
1 73 1 37 51 67 73
9 86 9 62 72 86
1 55 1 2 9 20 55
51 67 51 67
3 37 3 37
1 81 1 2 23 37 51 80 81
27 44 27 44
35 64 35 59 64
35 59 35 59
16 77 16 35 39 58 77
3 78 3 9 20 40 78
36 86 36 37 49 72 86
45 86 45 64 86
10 69 10 30 44 55 58 68 69
21 26 21 26
31 56 31 56
25 71 25 33 51 59 64 71
36 72 36 37 49 72
21 26 21 26
15 86 15 30 48 52 64 86
10 34 10 30 34
68 74 68 74
6 49 6 37 49
7 62 7 62
28 81 28 37 48 75 80 81
18 76 18 76
21 62 21 26 42 62
2 86 2 9 62 72 86
48 77 48 52 77
18 81 18 22 31 43 52 80 81
2 82 2 23 37 48 75 82
5 79 5 6 31 43 44 79
37 51 37 51
27 67 27 44 55 67
17 89 17 20 55 84 89
7 68 7 14 25 40 68
4 87 4 30 44 55 58 67 72 87
1 88 1 2 9 62 72 88
8 76 8 28 35 39 58 68 69 76
4 69 4 30 44 55 58 68 69
2 59 2 23 37 59
4 86 4 23 49 72 86
45 71 45 64 71
14 77 14 25 35 39 58 77
17 69 17 33 49 69
0 77 0 20 55 58 77
34 64 34 48 52 64
41 57 41 57
5 35 5 6 16 35
24 89 24 89
2 81 2 23 37 51 80 81
28 48 28 37 48
19 80 19 43 52 80
4 64 4 23 37 48 52 64
17 20 17 20
51 83 51 80 81 83
18 22 18 22
3 83 3 30 34 48 52 80 81 83
30 44 30 44
24 89 24 89
22 76 22 31 68 69 76
28 77 28 77
49 88 49 72 88
4 76 4 23 37 76
34 59 34 59
19 89 19 38 89
25 84 25 79 84
24 71 24 71
17 70 17 70
7 52 7 43 52
7 42 7 14 42
2 78 2 9 20 40 78
19 52 19 43 52
42 80 42 51 80
43 88 43 44 55 67 72 88
27 89 27 44 79 84 89
1 57 1 13 26 28 41 57
13 51 13 26 42 51
7 89 7 43 52 77 89
4 89 4 30 34 48 52 77 89
23 48 23 37 48
29 89 29 48 52 77 89
25 71 25 35 59 64 71
43 88 43 44 79 88
4 55 4 30 44 55
43 72 43 44 55 58 67 72
16 68 16 35 39 58 68
10 39 10 17 20 39
13 75 13 29 48 75
19 88 19 43 44 55 67 72 88
1 2 1 2
36 50 36 50
7 64 7 64
44 84 44 79 84
7 68 7 14 28 35 39 58 68
18 87 18 20 55 58 67 72 87
10 62 10 17 33 62
48 82 48 52 64 71 82
55 69 55 58 68 69
22 74 22 43 44 55 58 68 74
72 87 72 87
2 74 2 9 20 39 58 68 74
5 75 5 75
18 76 18 76
33 89 33 51 59 89
16 74 16 35 39 58 68 74
35 65 35 39 65
22 31 22 31
12 66 12 66
39 82 39 58 67 82
45 71 45 64 71
22 31 22 31
55 84 55 84
31 56 31 56
14 65 14 25 35 39 65
21 89 21 42 51 59 89
22 84 22 43 44 79 84
4 67 4 23 37 51 67
5 89 5 89
80 81 80 81
31 86 31 56 64 86
19 83 19 43 44 79 83
14 48 14 28 37 48
2 80 2 33 51 80
0 84 0 27 44 79 84
15 67 15 30 44 55 67
25 33 25 33
12 24 12 24
1 44 1 7 43 44
16 72 16 35 39 58 67 72
37 76 37 49 69 76
0 82 0 13 20 55 58 67 82
30 67 30 44 55 58 67
33 88 33 51 67 72 88
0 81 0 13 28 41 70 81
17 60 17 60
3 72 3 27 44 55 58 67 72
26 73 26 73
4 84 4 30 34 79 84
7 63 7 57 63
37 76 37 49 69 76
14 69 14 25 33 49 69
14 77 14 34 48 52 77
10 39 10 17 20 39
81 83 81 83
3 82 3 30 34 59 64 82
14 52 14 34 48 52
1 87 1 49 72 87
14 67 14 25 35 39 58 67
0 84 0 27 44 55 84
0 13 0 13
19 86 19 56 64 86
17 55 17 20 55
3 82 3 30 48 75 82
4 55 4 30 44 55
27 82 27 44 55 58 67 82
1 40 1 7 14 25 40
53 89 53 84 89
25 85 25 85
28 70 28 41 70
14 85 14 25 85
43 52 43 52
52 81 52 80 81
10 17 10 17
9 55 9 20 55
17 55 17 20 55
39 88 39 58 67 72 88
55 69 55 58 68 69
25 76 25 33 49 69 76
3 48 3 30 48
25 63 25 63
24 55 24 27 44 55
0 86 0 20 56 64 86
17 83 17 70 81 83
3 37 3 37
33 76 33 49 76
37 59 37 51 59
0 28 0 13 28
10 20 10 17 20
59 82 59 64 71 82
2 66 2 23 66
30 59 30 34 59
67 87 67 72 87
6 69 6 31 68 69
3 38 3 38
25 89 25 33 51 59 89
8 40 8 9 20 40
28 82 28 41 57 82
59 82 59 64 71 82
22 84 22 43 44 79 84
0 48 0 10 30 48
9 40 9 20 40
23 86 23 37 49 72 86
12 84 12 24 27 44 55 84
17 82 17 20 55 58 67 82
20 76 20 55 58 68 69 76
17 77 17 20 55 58 77
4 76 4 30 44 55 58 68 69 76
19 84 19 43 44 84
33 69 33 49 69
7 57 7 57
42 83 42 51 80 81 83
3 67 3 27 44 55 67
10 83 10 24 83
49 86 49 72 86
14 89 14 28 35 59 89
30 58 30 44 55 58
6 16 6 16
15 34 15 22 34
55 74 55 58 68 74
10 33 10 17 33
12 64 12 45 64
0 79 0 10 30 44 79
36 67 36 37 51 67
14 34 14 34
41 50 41 50
27 58 27 44 55 58
7 62 7 62
27 89 27 79 84 89
12 45 12 45
10 39 10 17 20 39
8 70 8 28 41 70
52 83 52 80 81 83
57 72 57 72
22 59 22 34 59
18 76 18 22 31 43 44 55 58 68 69 76
41 70 41 70
13 82 13 26 42 51 59 64 71 82
37 88 37 49 72 88
7 42 7 14 42
26 48 26 28 37 48
17 72 17 33 51 67 72
1 88 1 37 51 67 72 88
13 48 13 29 48
18 34 18 22 34
39 68 39 58 68
30 34 30 34
1 68 1 13 26 28 68
17 74 17 58 68 74
35 39 35 39
12 75 12 37 48 75
7 83 7 14 34 48 75 80 81 83
13 26 13 26
23 37 23 37
1 37 1 13 28 37
22 74 22 43 44 55 58 68 74
39 89 39 58 77 89
70 82 70 82
0 37 0 13 28 37
15 30 15 30
79 88 79 88
14 28 14 28
72 87 72 87
10 20 10 17 20
55 72 55 58 67 72
22 87 22 31 43 44 55 67 72 87
43 44 43 44
14 59 14 34 59
37 48 37 48
4 23 4 23
0 28 0 13 28
47 83 47 75 80 81 83
33 72 33 49 72
21 74 21 58 68 74
34 52 34 48 52
21 63 21 26 28 41 63
16 67 16 35 39 58 67
17 60 17 60
41 50 41 50
3 87 3 37 49 72 87
1 75 1 13 28 37 48 75
15 63 15 26 28 41 57 63
45 77 45 77
30 59 30 34 59
80 81 80 81
5 65 5 6 16 35 39 65
0 35 0 13 28 35
17 77 17 58 77
23 51 23 37 51
31 77 31 43 52 77
7 76 7 43 44 55 58 68 69 76
27 82 27 44 55 67 82
25 76 25 35 39 76
28 77 28 77
15 34 15 22 34
43 87 43 44 55 67 72 87
12 84 12 24 27 44 79 84
51 80 51 80
48 88 48 75 88
7 89 7 14 59 89
3 72 3 37 72
40 76 40 68 69 76
27 76 27 44 55 58 68 69 76
11 82 11 59 64 82
22 64 22 34 59 64
21 57 21 26 28 41 57
19 82 19 43 52 64 71 82
37 48 37 48
20 65 20 39 65
13 82 13 28 41 50 82
4 76 4 49 76
0 26 0 13 26
26 76 26 28 35 39 76
13 20 13 20
49 72 49 72
2 86 2 56 64 86
36 50 36 50
67 88 67 72 88
13 50 13 28 41 50
8 73 8 28 37 51 67 73
0 84 0 20 55 84
3 59 3 30 34 59
0 88 0 27 44 55 58 67 72 88
21 62 21 26 42 62
25 85 25 85
58 68 58 68
25 87 25 62 72 87
8 9 8 9
53 80 53 80
13 65 13 20 39 65
5 75 5 75
10 70 10 17 70
21 42 21 26 42
31 89 31 43 52 77 89
4 74 4 74
30 58 30 44 55 58
75 88 75 88
10 86 10 30 48 52 64 86
23 82 23 37 52 71 82
1 41 1 7 14 28 41
41 69 41 49 69
49 87 49 72 87
57 72 57 72
7 63 7 14 28 41 57 63
39 67 39 58 67
35 39 35 39
1 64 1 7 14 34 48 52 64
58 67 58 67
28 86 28 41 57 72 86
6 64 6 31 56 64
11 64 11 59 64
56 64 56 64
21 81 21 42 51 80 81
66 77 66 77
14 64 14 34 48 52 64
27 76 27 44 55 58 68 69 76
23 51 23 37 51
75 80 75 80
18 82 18 22 43 52 71 82
38 89 38 89
28 58 28 35 39 58
14 89 14 28 35 39 58 77 89
0 88 0 10 30 48 88
38 89 38 89
16 29 16 29
53 84 53 84
37 88 37 51 67 72 88
38 65 38 65
14 37 14 28 37
18 20 18 20
26 64 26 28 35 59 64
16 86 16 29 48 52 64 86
10 70 10 17 70
9 55 9 20 55
10 89 10 30 34 48 52 77 89
14 86 14 28 64 86
39 88 39 58 67 72 88
19 52 19 43 52
37 72 37 72
27 67 27 44 55 67
27 79 27 44 79
20 39 20 39
48 75 48 75
57 78 57 78
43 89 43 52 77 89
13 56 13 20 56
20 55 20 55
26 82 26 42 51 67 82
2 78 2 9 20 40 78
35 65 35 39 65
10 78 10 17 33 78
30 68 30 44 55 58 68
43 55 43 44 55
27 67 27 44 55 67
18 73 18 22 43 44 55 67 73
1 73 1 7 43 44 55 58 67 73
2 67 2 23 37 51 67
24 82 24 27 44 55 58 67 82
9 86 9 62 72 86
14 83 14 34 79 83
15 67 15 26 42 51 67
0 76 0 10 30 44 55 58 68 69 76
5 75 5 75
7 89 7 14 59 89
1 78 1 7 14 28 41 57 78
21 39 21 26 28 35 39
57 65 57 63 65
30 34 30 34
12 88 12 29 48 88
10 40 10 17 20 40
6 44 6 31 43 44
30 82 30 48 52 64 82
25 33 25 33
6 55 6 31 43 44 55
2 68 2 9 20 40 68
39 69 39 58 68 69
21 81 21 26 28 41 70 81
36 60 36 50 60
14 65 14 25 63 65
45 86 45 64 86
36 75 36 37 48 75
13 35 13 26 28 35
1 87 1 37 49 72 87
39 77 39 58 77
19 58 19 43 44 55 58
56 64 56 64
16 80 16 29 48 52 80
5 49 5 6 37 49
55 84 55 84
29 48 29 48
0 56 0 13 20 56
13 49 13 26 28 41 49
66 77 66 77
0 79 0 10 24 27 79
15 26 15 26
43 89 43 44 55 58 77 89
1 26 1 13 26
7 55 7 43 44 55
5 65 5 6 16 35 39 65
3 59 3 37 51 59
14 72 14 25 62 72
30 44 30 44
12 66 12 66
5 37 5 6 37
17 55 17 20 55
20 39 20 39
75 88 75 88
26 71 26 42 51 59 64 71
35 68 35 39 58 68
0 84 0 27 79 84
42 62 42 62
40 68 40 68
9 55 9 20 55
67 72 67 72
15 34 15 22 34
48 77 48 52 77
30 48 30 48
15 86 15 22 34 59 64 86
4 70 4 70
75 81 75 80 81
7 34 7 14 34
3 69 3 30 44 55 58 68 69
22 64 22 43 52 64
44 88 44 55 67 72 88
36 49 36 37 49
57 86 57 72 86
15 68 15 26 28 68
67 88 67 72 88
13 89 13 28 35 39 58 77 89
13 77 13 29 48 52 77
28 68 28 35 39 58 68
3 88 3 9 20 88
11 82 11 59 64 82
1 2 1 2
13 64 13 26 28 37 51 59 64
36 87 36 37 72 87
44 79 44 79
9 87 9 20 39 58 67 72 87
14 28 14 28
3 27 3 27
8 41 8 28 41
31 86 31 56 64 86
10 86 10 24 27 44 55 67 72 86
16 67 16 35 39 58 67
39 77 39 58 77
27 82 27 44 55 58 67 82
10 83 10 30 34 48 75 80 81 83
26 88 26 28 41 57 72 88
23 72 23 37 51 67 72
36 75 36 37 48 75
14 33 14 25 33
17 84 17 20 55 84
15 26 15 26
51 82 51 59 64 82
17 20 17 20
27 44 27 44
16 88 16 29 48 75 88
5 71 5 52 71
47 83 47 80 81 83
1 44 1 7 43 44
30 58 30 44 55 58
67 73 67 73
52 89 52 77 89
54 86 54 86
13 89 13 20 39 58 77 89
3 82 3 37 51 67 82
4 66 4 23 66
14 74 14 28 68 74
13 75 13 29 48 75
2 73 2 23 37 51 67 73
19 52 19 43 52
23 72 23 37 51 67 72
17 33 17 33
42 71 42 51 59 64 71
22 87 22 31 43 87
0 79 0 27 44 79
42 87 42 51 67 72 87
1 7 1 7
22 75 22 34 48 75
10 70 10 17 70
1 44 1 7 43 44
42 72 42 51 67 72
14 61 14 25 33 61
0 28 0 13 28
0 80 0 10 17 33 51 80
31 84 31 43 44 79 84
53 80 53 80
31 64 31 56 64
9 71 9 20 56 64 71
37 69 37 49 69
42 73 42 51 67 73
17 33 17 33
13 82 13 20 55 67 82
1 26 1 13 26
7 63 7 14 25 63
8 62 8 9 62
0 51 0 10 17 33 51
14 63 14 25 63
1 59 1 13 26 42 51 59
5 51 5 6 37 51
1 55 1 13 20 55
13 49 13 28 37 49
31 56 31 56
18 76 18 20 55 58 68 69 76
35 82 35 39 58 67 82
45 50 45 50
19 77 19 43 44 55 58 77
30 82 30 44 55 58 67 82
3 79 3 30 34 79
56 82 56 64 82
1 89 1 2 9 20 55 58 77 89
14 69 14 25 33 49 69
8 87 8 62 72 87
0 24 0 10 24
2 9 2 9
6 86 6 31 56 64 86
28 63 28 41 63
64 86 64 86
4 66 4 23 66
27 78 27 78
77 89 77 89
21 62 21 26 42 62
7 64 7 14 25 33 51 59 64
8 74 8 40 68 74
30 48 30 34 48
37 82 37 48 52 71 82
22 34 22 34
79 88 79 88
7 57 7 57
16 87 16 35 39 87
0 57 0 13 26 28 41 57
26 86 26 42 51 86
22 48 22 34 48
28 81 28 37 52 80 81
7 48 7 14 28 37 48
18 75 18 22 34 48 75
22 48 22 34 48
6 37 6 37
6 79 6 31 43 44 79
18 40 18 20 40
12 45 12 45
13 60 13 26 28 41 50 60
18 40 18 20 40
18 39 18 20 39
38 65 38 65
21 74 21 26 28 35 39 58 68 74
13 64 13 20 56 64
30 59 30 34 59
19 88 19 43 44 55 58 67 72 88
4 88 4 23 49 72 88
28 68 28 68
15 67 15 30 44 55 67
1 58 1 2 9 20 39 58
2 81 2 33 51 80 81
6 68 6 16 35 39 58 68
58 67 58 67
16 72 16 35 39 58 67 72
51 88 51 67 72 88
43 44 43 44
7 85 7 14 25 85
42 64 42 51 59 64
57 78 57 78
0 51 0 10 17 33 51
1 28 1 13 26 28
6 87 6 31 43 44 55 67 72 87
75 81 75 80 81
14 84 14 34 79 84
14 37 14 28 37
79 84 79 84
8 76 8 28 41 76
12 52 12 29 48 52
7 76 7 43 44 55 58 68 69 76
29 88 29 48 75 88
7 55 7 43 44 55
27 78 27 78
8 64 8 9 20 56 64
35 86 35 39 58 67 72 86
4 87 4 49 72 87
21 52 21 26 28 37 52
63 65 63 65
22 74 22 43 44 55 58 68 74
57 65 57 63 65
1 39 1 39
25 82 25 35 39 58 67 82
11 68 11 68
1 58 1 13 28 35 39 58
42 67 42 51 67
28 81 28 41 70 81
55 73 55 67 73
30 75 30 34 48 75
44 89 44 79 84 89
28 77 28 37 48 52 77
28 64 28 64
2 82 2 33 51 59 64 82
0 84 0 13 20 55 84
3 49 3 37 49
10 70 10 17 70
57 72 57 72
12 59 12 37 51 59
19 86 19 62 72 86
14 33 14 25 33
7 62 7 62
21 37 21 26 28 37
5 52 5 6 31 43 52
64 86 64 86
55 69 55 58 68 69
33 86 33 62 72 86
34 52 34 48 52
27 44 27 44
5 76 5 6 16 35 39 76
7 62 7 62
26 65 26 28 35 39 65
2 23 2 23
1 65 1 39 65
34 52 34 48 52
26 59 26 28 37 59
12 73 12 73
24 74 24 27 44 55 58 68 74
10 75 10 30 48 75
21 72 21 58 67 72
2 77 2 23 66 77
57 82 57 82
21 71 21 42 51 59 64 71
1 7 1 7
8 76 8 28 41 76
10 70 10 17 70
8 68 8 28 68
70 82 70 82
6 37 6 37
18 69 18 22 43 44 55 58 68 69
51 59 51 59
42 72 42 62 72
1 61 1 7 14 25 33 61
8 55 8 9 20 55
58 68 58 68
37 75 37 48 75
15 26 15 26
75 81 75 80 81
14 28 14 28
14 65 14 25 35 39 65
22 34 22 34
17 78 17 33 78
17 61 17 33 61
13 35 13 26 28 35
25 79 25 79
0 81 0 13 29 48 52 80 81
37 49 37 49
2 56 2 56
24 27 24 27
67 82 67 82
66 89 66 77 89
43 84 43 44 55 84
1 43 1 7 43
26 72 26 42 51 67 72
14 40 14 25 40
42 83 42 51 80 81 83
34 84 34 79 84
57 72 57 72
40 76 40 68 69 76
30 67 30 44 55 67
16 35 16 35
21 82 21 42 51 59 64 82
6 69 6 37 49 69
27 76 27 44 55 58 68 69 76
5 52 5 52
43 71 43 52 71
15 67 15 26 42 51 67
37 88 37 48 75 88
49 86 49 72 86
31 68 31 43 44 55 58 68
57 72 57 72
0 56 0 20 56
45 86 45 64 86
3 67 3 9 20 55 67
17 82 17 70 82
25 39 25 35 39
25 89 25 35 59 89
43 87 43 44 55 58 67 72 87
6 72 6 16 35 39 58 67 72
6 16 6 16
16 86 16 35 39 58 67 72 86
28 60 28 41 50 60
24 71 24 71
26 37 26 28 37
26 83 26 42 51 80 81 83
1 42 1 13 26 42
8 64 8 28 37 52 64
6 37 6 37
21 81 21 42 51 80 81
7 14 7 14
4 82 4 82
19 52 19 43 52
51 89 51 59 89
1 75 1 37 48 75
58 77 58 77
8 87 8 41 57 72 87
2 33 2 33
47 82 47 75 82
43 44 43 44
3 58 3 30 44 55 58
12 37 12 37
20 88 20 55 67 72 88
63 65 63 65
19 76 19 43 44 55 58 68 69 76
26 72 26 42 51 67 72
0 86 0 27 44 55 67 72 86
51 86 51 59 64 86
14 62 14 42 62
28 52 28 37 48 52
4 83 4 70 81 83
4 86 4 49 72 86
52 80 52 80
11 76 11 68 69 76
13 29 13 29
2 59 2 33 51 59
4 67 4 23 37 51 67
10 69 10 24 27 44 55 58 68 69
1 49 1 37 49
5 71 5 64 71
53 88 53 88
13 89 13 84 89
18 22 18 22
28 68 28 68
22 68 22 31 68
14 77 14 25 35 39 58 77
15 30 15 30
21 39 21 26 28 35 39
12 60 12 45 50 60
55 74 55 58 68 74
31 64 31 56 64
10 48 10 30 48
22 84 22 43 44 79 84
27 82 27 44 55 67 82
55 74 55 58 68 74
41 70 41 70
9 89 9 20 39 58 77 89
54 81 54 81
34 86 34 59 64 86
0 84 0 20 55 84
25 38 25 38
1 65 1 2 9 20 39 65
1 68 1 7 43 44 55 58 68
4 32 4 23 32
9 71 9 71
7 62 7 62
81 83 81 83
41 78 41 57 78
1 41 1 7 14 28 41
43 44 43 44
45 83 45 83
57 86 57 72 86
0 34 0 10 30 34
26 64 26 42 51 59 64
3 49 3 37 49
7 69 7 14 25 33 49 69
37 69 37 49 69
28 70 28 41 70
64 71 64 71
19 81 19 43 52 80 81
25 51 25 33 51
21 72 21 58 67 72
35 86 35 59 64 86
7 59 7 14 34 59
0 89 0 20 55 84 89
9 40 9 20 40
41 50 41 50
5 72 5 72
1 43 1 7 43
16 35 16 35
3 58 3 27 44 55 58
39 77 39 58 77
14 58 14 28 35 39 58
35 68 35 39 58 68
5 88 5 72 88
12 29 12 29
31 55 31 43 44 55
10 44 10 24 27 44
24 73 24 27 44 55 67 73
40 68 40 68
51 72 51 67 72
51 81 51 80 81
15 82 15 22 34 59 64 71 82
5 52 5 6 16 29 48 52
18 79 18 22 31 43 44 79
25 71 25 33 51 59 64 71
53 88 53 88
16 82 16 35 59 64 82
6 44 6 31 43 44
26 28 26 28
66 78 66 78
59 82 59 64 71 82
49 69 49 69
36 87 36 37 51 67 72 87
39 69 39 58 68 69
42 87 42 51 67 72 87
7 55 7 43 44 55
9 72 9 20 55 67 72
34 84 34 79 84
17 20 17 20
14 83 14 42 51 80 81 83
25 65 25 35 39 65
10 34 10 30 34
81 83 81 83
37 77 37 77
14 63 14 25 63
48 88 48 88
14 38 14 25 38
19 69 19 69
55 67 55 67
54 83 54 81 83
14 40 14 25 40
14 48 14 34 48
43 89 43 52 77 89
8 62 8 62
55 82 55 67 82
19 86 19 62 72 86
0 59 0 10 30 34 59
17 70 17 70
21 63 21 26 28 41 57 63
56 71 56 64 71
3 27 3 27
1 88 1 7 57 72 88
1 51 1 2 33 51
28 77 28 77
19 83 19 43 44 79 83
28 70 28 41 70
50 60 50 60
2 48 2 23 37 48
45 77 45 77
42 89 42 51 59 89
36 60 36 50 60
33 64 33 51 59 64
30 59 30 34 59
13 42 13 26 42
1 78 1 2 9 20 40 78
52 83 52 80 81 83
1 2 1 2
15 44 15 22 31 43 44
3 39 3 9 20 39
19 69 19 69
22 43 22 31 43
0 26 0 13 26
4 55 4 30 44 55
17 49 17 33 49
11 68 11 68
35 88 35 39 58 67 72 88
57 63 57 63
35 64 35 59 64
15 58 15 26 28 35 39 58
23 78 23 66 78
71 82 71 82
1 78 1 7 14 25 33 78
45 64 45 64
2 73 2 23 37 51 67 73
0 45 0 45
22 87 22 31 43 44 55 58 67 72 87
8 89 8 28 35 59 89
0 79 0 10 24 27 79
7 68 7 43 44 55 58 68
7 63 7 57 63
21 71 21 42 51 59 64 71
39 67 39 58 67
0 48 0 10 30 34 48
14 42 14 42
2 87 2 23 37 49 72 87
4 86 4 30 44 55 67 72 86
15 30 15 30
26 58 26 28 35 39 58
36 83 36 37 52 80 81 83
3 58 3 27 44 55 58
9 56 9 20 56
51 88 51 67 72 88
4 87 4 49 72 87
17 83 17 33 51 80 81 83
43 52 43 52
36 52 36 37 48 52
3 64 3 64
1 51 1 37 51
36 80 36 37 52 80
33 59 33 51 59
28 52 28 37 52
14 67 14 25 35 39 58 67
17 55 17 20 55
4 49 4 23 37 49
67 72 67 72
85 88 85 88
12 59 12 37 59
20 89 20 39 58 77 89
11 59 11 59
16 29 16 29
26 65 26 28 41 57 63 65
64 86 64 86
54 81 54 81
1 64 1 7 14 28 35 59 64
14 69 14 28 41 49 69
37 48 37 48
24 74 24 27 44 55 58 68 74
22 75 22 34 48 75
8 73 8 9 20 39 58 67 73
3 72 3 27 44 55 67 72
20 87 20 55 58 67 72 87
0 45 0 45
37 76 37 49 69 76
44 79 44 79
14 72 14 25 35 39 58 67 72
52 80 52 80
23 32 23 32
36 81 36 81
35 71 35 59 64 71
2 80 2 33 51 80
10 34 10 30 34
30 48 30 48
19 77 19 43 52 77
19 89 19 43 52 77 89
13 42 13 26 42
13 82 13 28 35 39 58 67 82
4 70 4 70
5 75 5 75
21 26 21 26
20 56 20 56
35 64 35 59 64
26 73 26 28 35 39 58 67 73
3 72 3 9 62 72
44 55 44 55
45 64 45 64
13 74 13 68 74
21 26 21 26
16 86 16 86
16 77 16 29 48 52 77
49 88 49 72 88
43 87 43 44 55 67 72 87
24 89 24 27 44 79 84 89
77 89 77 89
52 81 52 80 81
19 82 19 82
24 27 24 27
39 69 39 58 68 69
18 81 18 22 34 48 75 80 81
9 74 9 20 40 68 74
7 43 7 43
25 79 25 79
8 40 8 9 20 40
43 87 43 44 55 67 72 87
59 89 59 89
44 84 44 79 84
4 88 4 49 72 88
2 68 2 9 20 39 58 68
13 65 13 28 35 39 65
18 71 18 59 64 71
8 68 8 9 20 55 58 68
44 89 44 79 84 89
4 67 4 30 44 55 58 67
41 50 41 50
16 88 16 29 48 75 88
59 82 59 64 71 82
1 64 1 2 33 51 59 64
21 39 21 26 28 35 39
3 83 3 30 34 79 83
12 49 12 37 49
23 37 23 37
31 69 31 43 44 55 58 68 69
21 71 21 26 42 51 59 64 71
0 34 0 10 30 34
12 29 12 29
27 79 27 44 79
28 51 28 37 51
34 64 34 59 64
45 83 45 83
34 52 34 48 52
70 82 70 82
0 33 0 10 17 33
0 35 0 13 28 35
0 89 0 10 48 52 77 89
23 49 23 37 49
7 49 7 14 28 37 49
3 37 3 37
7 59 7 14 28 35 59
19 83 19 43 44 79 83
27 83 27 79 83
22 74 22 31 68 74
26 65 26 28 41 57 63 65
9 89 9 20 39 58 77 89
53 89 53 84 89
7 57 7 57
27 72 27 44 55 58 67 72
72 86 72 86
28 81 28 41 70 81
4 84 4 30 34 79 84
13 89 13 28 77 89
19 89 19 43 52 77 89
1 78 1 13 20 40 78
36 73 36 37 51 67 73
11 59 11 59
31 55 31 43 44 55
15 58 15 30 44 55 58
17 69 17 58 68 69
14 58 14 25 35 39 58
6 51 6 37 51
7 43 7 43
63 65 63 65
14 61 14 25 33 61
23 51 23 37 51
14 52 14 28 37 48 52
12 60 12 45 50 60
37 69 37 49 69
21 63 21 26 28 41 57 63
1 23 1 2 23
1 78 1 78
14 34 14 34
34 80 34 48 75 80
42 62 42 62
18 31 18 22 31
7 58 7 14 28 35 39 58
10 17 10 17
17 83 17 70 81 83
7 62 7 14 42 62
72 87 72 87
28 60 28 41 50 60
64 71 64 71
20 86 20 56 64 86
11 88 11 88
3 39 3 9 20 39
49 76 49 69 76
28 59 28 37 51 59
22 64 22 31 43 52 64
2 23 2 23
10 24 10 24
9 56 9 20 56
0 57 0 13 26 28 41 57
84 89 84 89
41 76 41 76
18 75 18 22 34 48 75
10 87 10 24 27 44 55 58 67 72 87
17 58 17 20 39 58
62 86 62 72 86
28 77 28 35 39 58 77
5 52 5 52
4 74 4 30 44 55 58 68 74
27 76 27 44 55 58 68 69 76
11 82 11 59 64 82
14 89 14 25 33 51 59 89
62 72 62 72
12 59 12 37 59
2 56 2 9 20 56
64 71 64 71
23 86 23 49 72 86
3 82 3 82
7 55 7 43 44 55
7 49 7 14 25 33 49
47 80 47 75 80
30 48 30 48
44 88 44 55 67 72 88
12 68 12 44 55 58 68
34 71 34 48 52 64 71
33 89 33 51 59 89
6 44 6 31 43 44
34 64 34 48 52 64
14 40 14 25 40
20 73 20 55 67 73
16 80 16 29 48 75 80
18 72 18 22 43 44 55 58 67 72
26 72 26 28 35 39 58 67 72
34 79 34 79
26 86 26 28 41 49 72 86
16 59 16 35 59
36 88 36 37 72 88
25 33 25 33
15 82 15 26 28 41 57 82
7 58 7 14 28 35 39 58
49 86 49 72 86
26 65 26 28 41 57 63 65
41 69 41 49 69
13 67 13 20 55 58 67
14 42 14 42
34 84 34 79 84
36 49 36 37 49
28 78 28 41 57 78
3 58 3 27 44 55 58
30 44 30 44
19 84 19 43 44 55 84
3 58 3 9 20 55 58
36 49 36 37 49
8 87 8 62 72 87
7 48 7 14 34 48
5 6 5 6
51 67 51 67
52 89 52 77 89
42 64 42 51 59 64
36 88 36 37 48 75 88
10 74 10 17 58 68 74
43 82 43 44 55 58 67 82
1 87 1 37 49 72 87
55 77 55 58 77
24 71 24 71
39 82 39 58 67 82
34 84 34 79 84
36 50 36 50
16 72 16 35 39 58 67 72
21 51 21 42 51
27 88 27 88
52 77 52 77
69 76 69 76
79 88 79 88
15 71 15 26 28 37 59 64 71
15 30 15 30
13 51 13 28 37 51
1 2 1 2
15 44 15 30 44
66 78 66 78
0 45 0 45
26 76 26 28 41 76
39 67 39 58 67
6 51 6 37 51
21 83 21 26 42 51 80 81 83
67 73 67 73
36 88 36 37 51 67 72 88
35 64 35 59 64
9 72 9 20 55 58 67 72
22 64 22 34 48 52 64
84 89 84 89
26 71 26 28 37 51 59 64 71
36 37 36 37
66 89 66 77 89
36 81 36 81
8 74 8 9 20 56 74
8 70 8 28 41 70
1 68 1 39 58 68
18 82 18 22 34 48 75 82
28 37 28 37
4 66 4 23 66
26 80 26 28 37 51 80
24 82 24 71 82
10 74 10 30 44 55 58 68 74
5 51 5 6 37 51
3 68 3 27 44 55 58 68
1 61 1 7 14 25 33 61
20 73 20 73
24 89 24 27 44 84 89
18 39 18 20 39
75 80 75 80
10 62 10 17 33 62
72 86 72 86
15 69 15 22 31 68 69
20 39 20 39
67 72 67 72
4 59 4 30 34 59
57 86 57 72 86
39 88 39 58 67 72 88
13 68 13 20 55 58 68
20 73 20 55 67 73
66 77 66 77
23 64 23 37 51 59 64
13 75 13 28 37 48 75
13 56 13 20 56
36 49 36 37 49
5 84 5 6 31 43 44 55 84
1 61 1 7 14 25 33 61
37 48 37 48
19 64 19 56 64
16 80 16 29 48 52 80
36 73 36 37 51 67 73
3 37 3 37
19 56 19 56
21 52 21 26 28 37 48 52
21 37 21 26 28 37
35 82 35 39 58 67 82
17 76 17 20 39 76
10 40 10 17 20 40
0 78 0 13 20 40 78
18 75 18 22 34 48 75
22 75 22 34 48 75
29 52 29 48 52
0 81 0 13 26 42 51 80 81
7 77 7 14 34 48 52 77
45 83 45 83
0 10 0 10
7 62 7 62
19 68 19 43 44 55 58 68
30 34 30 34
12 88 12 29 48 75 88
17 20 17 20
43 73 43 44 55 58 67 73
47 75 47 75
1 41 1 7 14 28 41
10 83 10 48 75 80 81 83
23 49 23 49
17 73 17 20 73
0 76 0 10 30 44 55 58 68 69 76
41 57 41 57
27 74 27 44 55 58 68 74
4 82 4 70 82
7 85 7 14 25 85
13 65 13 28 35 39 65
0 78 0 13 28 41 57 78
11 88 11 88
41 76 41 49 69 76
59 64 59 64
9 71 9 71
3 76 3 9 20 39 76
9 20 9 20
18 48 18 22 34 48
3 72 3 30 44 55 58 67 72
30 34 30 34
1 85 1 7 14 25 85
7 52 7 14 34 48 52
30 77 30 48 52 77
15 87 15 26 42 62 72 87
42 73 42 51 67 73
4 87 4 30 44 55 67 72 87
10 30 10 30
13 20 13 20
18 65 18 20 39 65
5 29 5 6 16 29
48 52 48 52
54 86 54 86
6 88 6 31 43 44 55 58 67 72 88
10 40 10 17 20 40
28 59 28 37 51 59
53 84 53 84
15 51 15 26 28 37 51
26 59 26 42 51 59
19 64 19 56 64
36 52 36 37 48 52
26 83 26 42 51 80 81 83
26 65 26 28 41 63 65
11 71 11 59 64 71
5 37 5 6 37
43 88 43 44 55 67 72 88
7 57 7 57
1 42 1 13 26 42
35 64 35 59 64
55 82 55 58 67 82
10 89 10 30 48 52 77 89
18 82 18 59 64 71 82
12 29 12 29
57 65 57 63 65
14 48 14 28 37 48
16 86 16 35 59 64 86
26 73 26 28 35 39 58 67 73
2 73 2 9 20 39 58 67 73
16 52 16 29 48 52
16 82 16 29 48 52 71 82
0 87 0 20 39 87
20 65 20 39 65
35 86 35 59 64 86
45 77 45 77
10 86 10 48 52 64 86
26 82 26 28 41 50 82
2 81 2 23 37 48 75 80 81
19 81 19 43 52 80 81
48 52 48 52
18 48 18 22 34 48
25 71 25 35 59 64 71
10 48 10 48
15 30 15 30
27 44 27 44
7 39 7 14 25 35 39
8 35 8 28 35
66 78 66 78
77 89 77 89
5 52 5 52
13 56 13 20 56
26 88 26 88
28 87 28 87
13 20 13 20
1 40 1 13 20 40
25 40 25 40
4 64 4 23 37 59 64
27 72 27 44 55 67 72
18 34 18 22 34
19 86 19 43 44 55 58 67 72 86
42 59 42 51 59
13 67 13 20 39 58 67
21 51 21 42 51
28 51 28 37 51
6 29 6 16 29
1 70 1 13 26 28 41 70
51 80 51 80
20 73 20 73
27 88 27 88
8 82 8 41 50 82
1 70 1 7 14 28 41 70
0 89 0 45 77 89
0 76 0 10 17 20 40 68 69 76
1 70 1 7 14 28 41 70
15 51 15 26 28 37 51
18 87 18 20 39 58 67 72 87
70 81 70 81
17 74 17 20 40 68 74
12 60 12 60
3 64 3 37 59 64
28 60 28 41 50 60
67 88 67 72 88
0 41 0 13 26 28 41
39 88 39 58 67 72 88
44 67 44 55 67
30 67 30 44 55 67
2 87 2 33 51 67 72 87
33 78 33 78
33 80 33 51 80
31 64 31 56 64
31 79 31 43 44 79
1 51 1 13 26 28 37 51
10 62 10 17 33 62
3 76 3 37 76
17 89 17 33 51 59 89
52 89 52 77 89
16 29 16 29
49 76 49 69 76
27 74 27 44 55 58 68 74
2 20 2 9 20
0 59 0 10 30 34 59
40 76 40 68 69 76
14 35 14 28 35
8 28 8 28
45 82 45 64 71 82
25 79 25 79
6 87 6 37 72 87
43 73 43 44 55 67 73
18 72 18 20 39 58 67 72
8 28 8 28
1 57 1 7 14 28 41 57
4 74 4 30 44 55 58 68 74
1 85 1 7 14 25 85
33 59 33 51 59
25 33 25 33
37 77 37 77
14 37 14 28 37
31 80 31 43 52 80
18 58 18 20 39 58
30 44 30 44
17 76 17 33 49 69 76
10 49 10 17 33 49
10 24 10 24
2 66 2 23 66
36 52 36 37 48 52
6 87 6 37 51 67 72 87
9 89 9 20 39 58 77 89
1 40 1 2 9 20 40
22 59 22 34 59
45 83 45 83
17 73 17 33 51 67 73
55 73 55 58 67 73
0 37 0 13 26 28 37
30 59 30 34 59
27 82 27 44 55 67 82
27 83 27 44 79 83
33 71 33 51 59 64 71
13 84 13 84
3 69 3 30 44 55 58 68 69
44 83 44 79 83
42 64 42 51 59 64
23 86 23 49 72 86
10 62 10 17 33 62
25 35 25 35
37 76 37 49 69 76
9 87 9 20 39 58 67 72 87
17 69 17 33 49 69
34 77 34 48 52 77
11 76 11 68 69 76
12 50 12 45 50
9 86 9 20 55 58 67 72 86
0 10 0 10
14 61 14 25 33 61
30 44 30 44
14 67 14 25 35 39 58 67
75 82 75 82
62 86 62 72 86
3 78 3 27 78
0 37 0 13 28 37
17 72 17 33 51 67 72
66 89 66 77 89
10 49 10 17 33 49
0 20 0 20
34 48 34 48
21 72 21 26 42 62 72
4 34 4 30 34
4 68 4 30 44 55 58 68
1 69 1 39 58 68 69
9 89 9 20 55 58 77 89
6 88 6 37 51 67 72 88
26 73 26 73
51 83 51 80 81 83
14 25 14 25
1 89 1 37 59 89
59 89 59 89
11 64 11 59 64
24 76 24 27 44 55 58 68 69 76
19 86 19 43 44 55 67 72 86
19 69 19 43 44 55 58 68 69
14 86 14 34 86
21 77 21 58 77
15 89 15 26 42 51 59 89
15 51 15 26 42 51
1 49 1 13 26 28 37 49
16 29 16 29
53 84 53 84
14 61 14 25 33 61
54 86 54 86
37 72 37 72
5 82 5 52 64 82
1 49 1 7 14 28 41 49
14 83 14 42 51 80 81 83
31 64 31 43 52 64
42 73 42 51 67 73
33 69 33 49 69
1 13 1 13
27 44 27 44
21 71 21 26 28 37 51 59 64 71
17 55 17 20 55
35 71 35 59 64 71
8 75 8 28 37 48 75
10 83 10 17 70 81 83
15 26 15 26
27 89 27 44 55 58 77 89
28 64 28 64
4 52 4 30 34 48 52
28 70 28 41 70
67 82 67 82
12 37 12 37
64 71 64 71
3 30 3 30
8 76 8 40 68 69 76
25 38 25 38
33 69 33 49 69
4 87 4 49 72 87
26 37 26 28 37
6 49 6 37 49
20 55 20 55
49 86 49 72 86
15 43 15 22 31 43
2 9 2 9
6 44 6 31 43 44
14 40 14 25 40
59 64 59 64
10 34 10 30 34
4 52 4 23 37 48 52
25 63 25 63
3 67 3 37 51 67
55 72 55 58 67 72
36 77 36 37 48 52 77
4 34 4 30 34
31 55 31 43 44 55
25 79 25 79
39 58 39 58
28 58 28 35 39 58
7 39 7 14 28 35 39
15 55 15 30 44 55
3 55 3 30 44 55
4 67 4 30 44 55 58 67
55 72 55 58 67 72
55 69 55 58 68 69
0 10 0 10
6 68 6 16 35 39 58 68
55 69 55 58 68 69
15 48 15 26 28 37 48
7 39 7 14 25 35 39
0 24 0 10 24
37 52 37 52
18 75 18 22 34 48 75
14 77 14 25 35 39 58 77
4 69 4 30 44 55 58 68 69
39 68 39 58 68
67 82 67 82
1 70 1 13 28 41 70
21 59 21 26 42 51 59
10 71 10 30 34 59 64 71
50 82 50 82
17 78 17 78
12 37 12 37
31 55 31 43 44 55
43 55 43 44 55
27 88 27 88
27 78 27 78
19 52 19 43 52
37 75 37 48 75
0 45 0 45
10 70 10 17 70
49 88 49 72 88
24 71 24 71
0 82 0 10 48 52 71 82
28 60 28 41 50 60
25 71 25 35 59 64 71
43 73 43 44 55 67 73
6 64 6 16 29 48 52 64
38 89 38 89
18 34 18 22 34
6 88 6 37 49 72 88
58 82 58 67 82
19 38 19 38
41 57 41 57
9 40 9 20 40
7 49 7 14 28 37 49
17 83 17 70 81 83
16 77 16 35 39 58 77
19 77 19 43 44 55 58 77
18 31 18 22 31
1 37 1 37
30 75 30 34 48 75
8 70 8 28 41 70
17 74 17 20 55 58 68 74
4 74 4 74
57 63 57 63
5 64 5 6 16 35 59 64
58 67 58 67
48 80 48 75 80
5 72 5 72
36 77 36 37 52 77
15 74 15 30 44 55 58 68 74
17 83 17 70 81 83
12 72 12 24 27 44 55 58 67 72
22 48 22 34 48
29 89 29 48 52 77 89
31 64 31 56 64
50 60 50 60
34 79 34 79
22 74 22 43 44 55 58 68 74
4 55 4 30 44 55
33 78 33 78
3 30 3 30
2 52 2 23 37 52
70 82 70 82
17 84 17 20 55 84
7 48 7 14 34 48
30 34 30 34
2 52 2 23 37 48 52
33 80 33 51 80
12 29 12 29
41 63 41 57 63
41 76 41 76
28 59 28 37 59
0 80 0 10 48 52 80
12 75 12 37 48 75
3 39 3 9 20 39
12 29 12 29
39 73 39 58 67 73
15 26 15 26
17 32 17 32
29 88 29 48 75 88
35 68 35 39 58 68
17 67 17 33 51 67
6 37 6 37
4 67 4 23 37 51 67
23 48 23 37 48
50 60 50 60
44 55 44 55
55 58 55 58
5 75 5 6 37 48 75
3 64 3 30 34 48 52 64
1 55 1 2 9 20 55
10 62 10 17 33 62
1 42 1 13 26 42
17 20 17 20
3 79 3 27 79
0 41 0 13 28 41
1 23 1 2 23
14 72 14 42 51 67 72
22 68 22 31 68
45 82 45 50 82
14 51 14 42 51
36 88 36 37 48 75 88
19 43 19 43
42 73 42 51 67 73
8 73 8 28 35 39 58 67 73
18 31 18 22 31
7 58 7 43 44 55 58
28 63 28 41 63
13 48 13 29 48
14 63 14 28 41 57 63
7 42 7 14 42
5 84 5 6 31 43 44 55 84
26 28 26 28
13 75 13 28 37 48 75
79 84 79 84
4 76 4 23 37 49 69 76
27 74 27 44 55 58 68 74
71 82 71 82
1 89 1 37 77 89
1 43 1 7 43
0 86 0 20 39 58 67 72 86
51 83 51 80 81 83
16 82 16 35 39 58 67 82
39 58 39 58
1 89 1 7 89
1 41 1 13 26 28 41
4 51 4 23 37 51
15 58 15 22 31 43 44 55 58
33 51 33 51
15 82 15 26 42 51 67 82
0 89 0 89
41 50 41 50
25 77 25 35 39 58 77
14 85 14 25 85
56 64 56 64
33 76 33 49 69 76
75 82 75 82
17 76 17 33 49 76
36 81 36 37 52 80 81
79 83 79 83
0 88 0 27 79 88
0 45 0 45
23 37 23 37
14 62 14 25 33 62
10 49 10 17 33 49
2 39 2 9 20 39
4 76 4 23 37 76
35 88 35 39 58 67 72 88
6 79 6 31 43 44 79
28 63 28 41 63
0 87 0 10 24 27 44 55 67 72 87
35 65 35 39 65
19 82 19 82
14 52 14 28 37 52
17 20 17 20
52 81 52 80 81
33 89 33 51 59 89
63 65 63 65
25 38 25 38
13 28 13 28
43 55 43 44 55
25 87 25 33 51 67 72 87
26 59 26 42 51 59
0 78 0 20 40 78
25 82 25 35 59 64 82
31 77 31 43 52 77
10 24 10 24
2 82 2 23 37 48 75 82
44 84 44 79 84
18 72 18 20 55 58 67 72
3 49 3 37 49
2 52 2 23 37 52
54 81 54 81
8 55 8 9 20 55
1 7 1 7
0 81 0 10 30 34 48 75 80 81
14 35 14 25 35
14 89 14 59 89
28 70 28 41 70
14 86 14 28 35 59 64 86
45 77 45 77
28 81 28 41 70 81
11 64 11 59 64
52 77 52 77
0 28 0 13 28
17 89 17 20 55 58 77 89
1 58 1 2 9 20 55 58
37 82 37 51 67 82
13 77 13 26 28 35 39 58 77
80 83 80 81 83
15 34 15 30 34
6 59 6 16 35 59
22 31 22 31
8 35 8 28 35
36 37 36 37
4 87 4 23 37 72 87
33 80 33 51 80
41 57 41 57
40 78 40 78
12 66 12 66
1 2 1 2
48 80 48 75 80
25 61 25 33 61
23 48 23 37 48
36 75 36 37 48 75
9 68 9 20 39 58 68
36 77 36 37 77
4 88 4 30 34 79 88
14 84 14 25 79 84
14 42 14 42
45 71 45 64 71
16 72 16 35 39 58 67 72
10 51 10 17 33 51
41 49 41 49
15 71 15 30 48 52 71
2 33 2 33
14 64 14 42 51 59 64
37 75 37 48 75
13 49 13 26 28 37 49
52 89 52 77 89
2 33 2 33
19 82 19 82
35 67 35 39 58 67
18 84 18 20 55 84
10 39 10 17 20 39
31 56 31 56
1 2 1 2
13 89 13 26 28 77 89
47 82 47 75 82
48 81 48 52 80 81
55 77 55 58 77
7 59 7 14 25 33 51 59
14 37 14 28 37
6 55 6 31 43 44 55
55 69 55 58 68 69
2 39 2 9 20 39
12 51 12 37 51
18 40 18 20 40
12 24 12 24
79 84 79 84
13 51 13 26 42 51
25 77 25 35 39 58 77
14 37 14 28 37
25 35 25 35
15 89 15 22 34 59 89
2 68 2 9 20 39 58 68
13 74 13 20 55 58 68 74
48 64 48 52 64
27 78 27 78
37 75 37 48 75
24 55 24 27 44 55
1 26 1 13 26
55 73 55 58 67 73
13 68 13 26 28 35 39 58 68
7 48 7 14 34 48
4 88 4 30 34 48 88
4 86 4 30 48 52 64 86
6 76 6 37 49 76
49 87 49 72 87
36 88 36 37 51 67 72 88
2 56 2 56
12 59 12 37 51 59
70 81 70 81
33 49 33 49
27 76 27 44 55 58 68 69 76
67 86 67 72 86
14 40 14 25 40
36 49 36 37 49
62 72 62 72
33 49 33 49
68 74 68 74
6 49 6 37 49
17 69 17 20 55 58 68 69
14 49 14 25 33 49
1 40 1 13 20 40
18 81 18 22 34 48 52 80 81
7 14 7 14
10 17 10 17
0 10 0 10
52 64 52 64
5 79 5 79
25 40 25 40
8 41 8 41
51 59 51 59
43 84 43 44 84
8 28 8 28
67 82 67 82
19 38 19 38
17 76 17 58 68 69 76
6 56 6 31 56
0 79 0 10 24 27 44 79
10 84 10 17 20 55 84
10 51 10 17 33 51
13 26 13 26
17 60 17 60
22 59 22 34 59
2 81 2 23 37 51 80 81
5 51 5 6 37 51
18 87 18 20 39 58 67 72 87
9 20 9 20
7 48 7 14 28 37 48
4 64 4 23 37 48 52 64
17 77 17 58 77
8 73 8 28 37 51 67 73
45 50 45 50
18 75 18 22 34 48 75
36 87 36 37 51 67 72 87
7 57 7 14 28 41 57
37 72 37 72
36 50 36 50
13 76 13 26 28 35 39 76
37 48 37 48
18 34 18 22 34
55 74 55 58 68 74
5 51 5 6 37 51
27 44 27 44
7 58 7 43 44 55 58
1 37 1 13 26 28 37
15 55 15 22 43 44 55
31 56 31 56
5 49 5 6 37 49
58 77 58 77
0 86 0 13 20 56 64 86
24 79 24 27 79
33 61 33 61
43 82 43 52 71 82
68 74 68 74
6 55 6 31 43 44 55
20 65 20 39 65
30 68 30 44 55 58 68
36 87 36 37 49 72 87
33 71 33 51 59 64 71
25 84 25 79 84
34 71 34 59 64 71
23 51 23 37 51
19 56 19 56
1 39 1 7 14 28 35 39
18 59 18 59
10 51 10 17 33 51
66 77 66 77
27 72 27 44 55 58 67 72
35 59 35 59
35 76 35 39 58 68 69 76
35 71 35 59 64 71
4 32 4 23 32
55 84 55 84
33 64 33 51 59 64
1 43 1 7 43
49 87 49 72 87
8 87 8 28 37 51 67 72 87
21 60 21 26 28 41 50 60
0 20 0 13 20
37 72 37 72
27 83 27 79 83
50 82 50 82
42 82 42 51 59 64 82
5 74 5 6 31 68 74
66 77 66 77
39 65 39 65
17 32 17 32
31 89 31 43 44 84 89
19 68 19 43 44 55 58 68
14 62 14 25 62
30 81 30 48 52 80 81
8 89 8 9 20 55 58 77 89
44 79 44 79
51 59 51 59
11 71 11 59 64 71
36 50 36 50
34 79 34 79
15 30 15 30
19 62 19 62
12 88 12 24 27 44 79 88
0 34 0 10 30 34
7 43 7 43
30 67 30 44 55 67
3 38 3 38
85 88 85 88
35 65 35 39 65
20 40 20 40
21 71 21 26 28 64 71
7 57 7 57
52 81 52 80 81
10 70 10 17 70
58 77 58 77
26 71 26 42 51 59 64 71
10 75 10 48 75
25 82 25 82
20 76 20 39 58 68 69 76
27 44 27 44
12 73 12 24 73
47 82 47 75 82
52 81 52 80 81
0 59 0 13 28 35 59
23 64 23 37 48 52 64
30 34 30 34
6 51 6 37 51
3 48 3 37 48
21 52 21 26 28 37 52
25 85 25 85
12 60 12 50 60
14 69 14 25 35 39 58 68 69
59 64 59 64
39 76 39 76
42 73 42 51 67 73
17 60 17 60
7 49 7 14 25 33 49
30 68 30 44 55 58 68
3 78 3 9 20 40 78
28 39 28 35 39
34 86 34 48 52 64 86
53 80 53 80
14 86 14 59 64 86
12 45 12 45
17 72 17 20 39 58 67 72
47 83 47 80 81 83
50 60 50 60
21 62 21 26 42 62
14 89 14 42 51 59 89
7 14 7 14
29 52 29 48 52
27 88 27 79 88
3 34 3 30 34
18 43 18 22 43
17 82 17 33 51 67 82
33 72 33 62 72
26 88 26 42 51 67 72 88
10 84 10 30 44 84
4 86 4 30 48 52 64 86
28 63 28 41 63
4 64 4 23 37 51 59 64
77 89 77 89
19 52 19 43 52
47 75 47 75
5 75 5 75
23 78 23 66 78
25 76 25 35 39 58 68 69 76
15 74 15 26 28 35 39 58 68 74
25 40 25 40
8 76 8 28 35 39 76
15 69 15 22 43 44 55 58 68 69
31 89 31 43 52 77 89
38 65 38 65
23 64 23 37 59 64
1 28 1 7 14 28
13 28 13 26 28
16 87 16 87
41 88 41 49 72 88
56 82 56 82
21 37 21 26 28 37
13 62 13 26 42 62
42 67 42 51 67
29 52 29 48 52
62 72 62 72
13 20 13 20
26 48 26 28 37 48
6 56 6 31 56
2 74 2 9 20 55 58 68 74
18 81 18 22 43 52 80 81
31 56 31 56
34 77 34 48 52 77
77 89 77 89
48 88 48 88
79 88 79 88
41 88 41 57 72 88
64 86 64 86
27 79 27 79
0 37 0 13 28 37
30 48 30 34 48
42 72 42 51 67 72
27 88 27 79 88
5 65 5 6 16 35 39 65
11 64 11 59 64
75 80 75 80
8 35 8 28 35
14 28 14 28
21 83 21 42 51 80 81 83
55 73 55 58 67 73
13 74 13 68 74
41 78 41 57 78
25 71 25 33 51 59 64 71
28 60 28 41 50 60
10 59 10 30 34 59
7 85 7 14 25 85
63 65 63 65
10 64 10 30 48 52 64
15 68 15 26 28 68
25 61 25 33 61
49 86 49 72 86
14 34 14 34
17 84 17 20 55 84
39 58 39 58
14 67 14 42 51 67
21 72 21 26 28 37 51 67 72
8 40 8 40
7 68 7 14 28 35 39 58 68
31 89 31 43 44 55 84 89
9 89 9 20 55 84 89
24 79 24 27 44 79
54 83 54 81 83
55 82 55 67 82
13 75 13 26 28 37 48 75
8 35 8 28 35
39 89 39 58 77 89
58 86 58 67 72 86
17 64 17 20 56 64
3 87 3 27 44 55 67 72 87
12 88 12 29 48 75 88
3 58 3 27 44 55 58
6 68 6 31 43 44 55 58 68
2 56 2 56
33 78 33 78
4 89 4 30 44 55 84 89
25 77 25 35 39 58 77
37 88 37 51 67 72 88
30 81 30 34 48 52 80 81
26 48 26 28 37 48
31 69 31 68 69
55 82 55 67 82
8 60 8 28 41 50 60
31 56 31 56
26 82 26 42 51 59 64 82
9 62 9 62
31 43 31 43
42 71 42 51 59 64 71
14 28 14 28
58 86 58 67 72 86
19 52 19 43 52
10 75 10 48 75
7 70 7 14 28 41 70
1 61 1 2 33 61
26 80 26 28 37 51 80
25 38 25 38
9 68 9 20 40 68
72 86 72 86
21 42 21 26 42
24 82 24 27 44 55 67 82
39 73 39 58 67 73
26 80 26 28 37 48 52 80
15 63 15 26 28 41 57 63
20 56 20 56
33 59 33 51 59
1 69 1 39 58 68 69
21 71 21 26 42 51 59 64 71
3 34 3 30 34
40 68 40 68
22 48 22 34 48
24 71 24 71
10 33 10 17 33
51 89 51 59 89
1 87 1 39 87
9 62 9 62
43 73 43 44 55 58 67 73
6 16 6 16
43 87 43 87
14 51 14 28 37 51
37 69 37 49 69
34 79 34 79
0 33 0 10 17 33
21 26 21 26
28 77 28 35 39 58 77
33 86 33 49 72 86
22 74 22 31 68 74
15 68 15 22 43 44 55 58 68
3 79 3 27 44 79
29 88 29 48 75 88
3 38 3 38
24 73 24 73
6 59 6 37 51 59
53 88 53 88
2 67 2 33 51 67
41 76 41 76
22 68 22 31 68
45 83 45 83
27 58 27 44 55 58
4 30 4 30
7 34 7 14 34
13 77 13 26 28 37 77
15 58 15 22 43 44 55 58
22 59 22 34 59
14 69 14 28 41 49 69
22 64 22 31 43 52 64
30 48 30 48
4 51 4 23 37 51
28 86 28 41 49 72 86
24 76 24 27 44 55 58 68 69 76
16 74 16 35 39 58 68 74
0 13 0 13
43 71 43 52 71
51 86 51 67 72 86
39 58 39 58
0 51 0 13 28 37 51
10 64 10 17 20 56 64
4 84 4 30 34 79 84
7 84 7 14 34 79 84
19 62 19 62
42 67 42 51 67
15 67 15 26 28 37 51 67
0 59 0 10 17 33 51 59
28 70 28 41 70
52 83 52 80 81 83
0 82 0 20 39 58 67 82
7 58 7 14 25 35 39 58
51 72 51 67 72
25 40 25 40
24 89 24 27 79 84 89
0 24 0 10 24
14 25 14 25
16 72 16 35 39 58 67 72
6 16 6 16
10 87 10 24 27 44 55 67 72 87
0 88 0 27 44 55 58 67 72 88
7 49 7 14 25 33 49
12 66 12 66
8 89 8 9 20 55 84 89
28 78 28 41 57 78
28 68 28 35 39 58 68
13 74 13 28 35 39 58 68 74
45 83 45 83
27 88 27 44 55 58 67 72 88
33 69 33 49 69
79 83 79 83
33 76 33 49 69 76
9 86 9 62 72 86
31 86 31 43 52 64 86
25 61 25 33 61
17 61 17 33 61
10 49 10 17 33 49
1 51 1 13 28 37 51
9 64 9 20 56 64
20 86 20 56 64 86
5 37 5 6 37
42 62 42 62
7 76 7 14 25 35 39 58 68 69 76
4 74 4 74
42 73 42 51 67 73
57 63 57 63
7 69 7 43 44 55 58 68 69
50 60 50 60
45 64 45 64
14 74 14 25 40 68 74
28 78 28 41 57 78
19 88 19 62 72 88
10 30 10 30
6 29 6 16 29
39 87 39 58 67 72 87
55 67 55 58 67
34 48 34 48
25 49 25 33 49
16 64 16 29 48 52 64
31 77 31 43 52 77
42 80 42 51 80
2 78 2 23 66 78
30 84 30 34 79 84
8 71 8 28 37 52 71
7 14 7 14
4 86 4 49 72 86
41 88 41 49 72 88
8 28 8 28
16 52 16 29 48 52
23 51 23 37 51
5 29 5 6 16 29
7 57 7 57
34 77 34 48 52 77
12 24 12 24
37 69 37 49 69
0 61 0 10 17 33 61
30 75 30 48 75
12 50 12 50
14 84 14 34 79 84
0 60 0 13 60
19 80 19 43 52 80
2 59 2 23 37 59
0 69 0 27 44 55 58 68 69
58 68 58 68
30 58 30 44 55 58
6 49 6 37 49
10 89 10 24 89
3 68 3 9 20 39 58 68
4 89 4 30 44 55 58 77 89
17 61 17 33 61
20 88 20 55 67 72 88
75 88 75 88
1 81 1 13 28 37 52 80 81
26 58 26 28 35 39 58
21 26 21 26
6 49 6 37 49
31 43 31 43
10 82 10 17 33 51 67 82
13 68 13 20 55 58 68
3 62 3 9 62
1 78 1 2 33 78
6 29 6 16 29
5 6 5 6
25 82 25 82
18 82 18 59 64 82
10 44 10 30 44
42 87 42 62 72 87
14 89 14 28 37 51 59 89
15 68 15 22 43 44 55 58 68
6 64 6 16 29 48 52 64
42 83 42 51 80 81 83
24 71 24 71
5 72 5 72
14 48 14 34 48
52 89 52 77 89
17 56 17 20 56
13 68 13 20 39 58 68
27 83 27 44 79 83
13 28 13 26 28
28 41 28 41
1 74 1 2 56 74
18 48 18 22 34 48
25 87 25 33 62 72 87
35 88 35 39 58 67 72 88
0 88 0 13 26 42 62 72 88
49 76 49 69 76
23 51 23 37 51
25 82 25 82
8 35 8 28 35
3 79 3 27 79
64 71 64 71
6 68 6 16 35 39 58 68
17 55 17 20 55
7 49 7 14 28 41 49
21 72 21 26 28 41 57 72
66 89 66 77 89
1 58 1 13 26 28 35 39 58
14 49 14 25 33 49
25 77 25 35 39 58 77
19 89 19 38 89
11 88 11 88
14 40 14 25 40
40 76 40 68 69 76
10 68 10 24 27 44 55 58 68
35 67 35 39 58 67
21 52 21 26 28 37 52
7 88 7 14 25 79 88
23 66 23 66
18 39 18 20 39
30 84 30 34 79 84
8 82 8 41 70 82
8 75 8 28 37 48 75
3 89 3 37 51 59 89
12 44 12 44
30 59 30 34 59
41 63 41 63
14 74 14 25 40 68 74
15 22 15 22
18 20 18 20
0 69 0 10 30 44 55 58 68 69
26 48 26 28 37 48
14 59 14 28 37 59
21 71 21 42 51 59 64 71
55 69 55 58 68 69
14 58 14 25 35 39 58
7 59 7 14 59
16 72 16 35 39 58 67 72
43 55 43 44 55
33 59 33 51 59
4 55 4 30 44 55
1 59 1 37 51 59
21 74 21 58 68 74
13 42 13 26 42
56 82 56 64 71 82
14 72 14 42 62 72
80 81 80 81
0 86 0 20 56 64 86
7 85 7 14 25 85
8 74 8 9 20 39 58 68 74
18 84 18 22 31 43 44 55 84
29 48 29 48
14 89 14 25 79 84 89
21 51 21 42 51
10 71 10 24 71
42 67 42 51 67
24 67 24 27 44 55 67
45 82 45 50 82
7 42 7 14 42
14 63 14 25 63
10 89 10 48 52 77 89
15 34 15 22 34
14 28 14 28
25 38 25 38
13 60 13 28 41 50 60
45 77 45 77
15 71 15 22 31 56 64 71
25 84 25 79 84
53 88 53 88
0 10 0 10
39 73 39 58 67 73
4 23 4 23
36 86 36 59 64 86
16 87 16 35 39 58 67 72 87
7 77 7 14 34 48 52 77
66 78 66 78
4 52 4 30 48 52
10 64 10 30 34 59 64
36 86 36 37 59 64 86
72 87 72 87
12 44 12 24 27 44
34 64 34 48 52 64
31 69 31 43 44 55 58 68 69
64 71 64 71
25 40 25 40
25 79 25 79
8 71 8 28 35 59 64 71
19 56 19 56
3 9 3 9
17 64 17 20 56 64
62 72 62 72
56 64 56 64
30 58 30 44 55 58
18 76 18 76
0 48 0 13 26 28 37 48
49 88 49 72 88
22 31 22 31
20 86 20 56 64 86
8 73 8 9 20 55 67 73
14 85 14 25 85
8 76 8 41 76
57 72 57 72
20 87 20 39 87
14 85 14 25 85
72 86 72 86
10 87 10 30 44 55 58 67 72 87
16 68 16 35 39 58 68
28 51 28 37 51
31 77 31 43 52 77
36 75 36 37 48 75
31 68 31 68
20 88 20 39 58 67 72 88
35 86 35 59 64 86
21 77 21 58 77
28 68 28 68
33 62 33 62
10 24 10 24
26 64 26 28 64
39 67 39 58 67
26 71 26 28 37 59 64 71
19 64 19 56 64
59 64 59 64
7 39 7 14 28 35 39
33 72 33 62 72
6 77 6 31 43 44 55 58 77
28 86 28 64 86
24 76 24 27 44 55 58 68 69 76
20 40 20 40
42 82 42 51 59 64 82
40 76 40 68 69 76
0 80 0 13 26 28 37 52 80
35 88 35 39 58 67 72 88
17 61 17 33 61
5 82 5 64 71 82
31 64 31 43 52 64
28 68 28 35 39 58 68
30 68 30 44 55 58 68
33 62 33 62
42 62 42 62
13 59 13 26 42 51 59
45 64 45 64
22 74 22 43 44 55 58 68 74
24 74 24 27 44 55 58 68 74
14 72 14 42 51 67 72
66 78 66 78
1 59 1 2 33 51 59
17 56 17 20 56
47 82 47 75 82
26 86 26 28 64 86
3 55 3 27 44 55
6 86 6 86
28 51 28 37 51
0 34 0 10 30 34
15 43 15 22 31 43
40 76 40 68 69 76
14 86 14 59 64 86
2 68 2 9 20 40 68
1 88 1 7 14 25 85 88
0 26 0 13 26
15 26 15 26
9 68 9 20 55 58 68
25 62 25 62
0 40 0 20 40
17 89 17 33 51 59 89
7 58 7 14 28 35 39 58
31 43 31 43
17 70 17 70
11 64 11 59 64
17 89 17 33 51 59 89
10 48 10 48
28 68 28 68
15 58 15 30 44 55 58
24 79 24 27 44 79
48 64 48 52 64
7 55 7 43 44 55
53 88 53 88
36 48 36 37 48
16 71 16 35 59 64 71
44 79 44 79
43 73 43 44 55 67 73
45 77 45 77
55 77 55 58 77
10 87 10 24 27 44 55 58 67 72 87
23 71 23 37 51 59 64 71
35 68 35 39 58 68
28 82 28 35 39 58 67 82
25 38 25 38
24 55 24 27 44 55
9 20 9 20
52 77 52 77
21 86 21 58 67 72 86
3 79 3 30 44 79
36 88 36 37 48 75 88
51 86 51 86
6 68 6 31 43 44 55 58 68
19 76 19 69 76
18 71 18 22 34 59 64 71
41 76 41 49 76
1 89 1 13 84 89
10 59 10 17 33 51 59
25 39 25 35 39
1 28 1 13 28
36 60 36 50 60
31 89 31 43 52 77 89
25 39 25 35 39
35 65 35 39 65
2 82 2 82
36 73 36 37 51 67 73
5 82 5 64 82
42 59 42 51 59
5 76 5 6 37 76
40 78 40 78
10 84 10 17 20 55 84
4 82 4 82
3 37 3 37
33 69 33 49 69
6 49 6 37 49
72 86 72 86
28 87 28 41 49 72 87
13 83 13 26 42 51 80 81 83
26 59 26 42 51 59
2 39 2 9 20 39
0 41 0 13 26 28 41
18 82 18 59 64 71 82
6 59 6 16 35 59
3 79 3 27 79
42 71 42 51 59 64 71
39 73 39 58 67 73
1 59 1 7 14 59
35 76 35 39 76
18 75 18 22 34 48 75
67 82 67 82
4 72 4 30 44 55 67 72
15 86 15 30 48 52 64 86
25 62 25 62
53 89 53 84 89
51 83 51 80 81 83
24 74 24 27 44 55 58 68 74
7 68 7 14 25 40 68
10 75 10 48 75
1 39 1 39
15 89 15 30 44 79 84 89
55 73 55 67 73
7 68 7 14 28 35 39 58 68
20 76 20 39 58 68 69 76
48 77 48 52 77
0 89 0 20 39 58 77 89
3 83 3 30 48 52 80 81 83
18 82 18 59 64 82
0 80 0 13 28 37 51 80
33 62 33 62
13 62 13 26 42 62
14 28 14 28
22 43 22 43
14 58 14 25 35 39 58
17 32 17 32
18 58 18 22 43 44 55 58
34 79 34 79
72 86 72 86
18 34 18 22 34
12 64 12 45 64
13 50 13 28 41 50
68 69 68 69
7 76 7 14 25 35 39 58 68 69 76
10 69 10 17 20 40 68 69
1 28 1 13 28
48 52 48 52
8 87 8 41 49 72 87
4 72 4 49 72
12 84 12 24 27 44 79 84
6 87 6 16 87
8 73 8 28 35 39 58 67 73
39 69 39 58 68 69
13 55 13 20 55
35 59 35 59
33 64 33 51 59 64
9 40 9 20 40
19 38 19 38
2 56 2 9 20 56
21 81 21 26 42 51 80 81
5 65 5 6 16 35 39 65
2 20 2 9 20
31 77 31 43 52 77
1 61 1 7 14 25 33 61
23 32 23 32
68 74 68 74
15 30 15 30
28 37 28 37
13 29 13 29
0 79 0 10 30 44 79
28 60 28 41 50 60
19 56 19 56
14 42 14 42
19 69 19 69
3 67 3 27 44 55 58 67
14 63 14 25 63
79 83 79 83
7 64 7 64
16 88 16 35 39 58 67 72 88
14 83 14 28 37 52 80 81 83
42 80 42 51 80
59 64 59 64
45 64 45 64
58 76 58 68 69 76
6 44 6 31 43 44
28 37 28 37
5 52 5 6 16 29 48 52
0 24 0 10 24
17 74 17 58 68 74
27 89 27 44 84 89
2 86 2 23 37 59 64 86
2 68 2 9 20 40 68
15 43 15 22 43
55 82 55 58 67 82
11 82 11 59 64 82
15 89 15 26 28 35 39 58 77 89
16 71 16 35 59 64 71
20 87 20 39 58 67 72 87
64 86 64 86
18 48 18 22 34 48
9 86 9 62 72 86
18 58 18 22 31 43 44 55 58
19 38 19 38
17 76 17 20 40 68 69 76
0 56 0 20 56
37 88 37 51 67 72 88
37 72 37 72
18 71 18 20 56 64 71
21 62 21 42 62
33 51 33 51
17 33 17 33
35 59 35 59
12 89 12 45 77 89
5 49 5 6 37 49
45 64 45 64
21 59 21 42 51 59
10 74 10 17 58 68 74
62 86 62 72 86
31 55 31 43 44 55
2 89 2 33 51 59 89
5 52 5 52
64 82 64 82
11 88 11 88
31 80 31 43 52 80
70 82 70 82
13 82 13 20 39 58 67 82
15 44 15 30 44
1 51 1 13 28 37 51
26 88 26 28 35 39 58 67 72 88
36 48 36 37 48
31 84 31 43 44 55 84
52 71 52 71
55 68 55 58 68
3 69 3 27 44 55 58 68 69
75 88 75 88
43 73 43 44 55 58 67 73
57 86 57 72 86
3 83 3 27 79 83
17 84 17 20 55 84
0 59 0 10 17 33 51 59
8 60 8 41 50 60
19 62 19 62
25 63 25 63
9 55 9 20 55
36 80 36 37 48 75 80
52 64 52 64
2 20 2 9 20
3 62 3 9 62
48 75 48 75
31 77 31 43 52 77
57 65 57 63 65
7 83 7 14 28 37 52 80 81 83
53 88 53 88
5 52 5 6 31 43 52
33 69 33 49 69
8 73 8 9 20 55 67 73
42 89 42 51 59 89
36 83 36 81 83
48 81 48 75 80 81
27 72 27 44 55 67 72
21 74 21 58 68 74
3 87 3 37 51 67 72 87
0 41 0 13 26 28 41
6 88 6 88
37 51 37 51
36 71 36 59 64 71
18 78 18 20 40 78
42 72 42 62 72
16 80 16 29 48 75 80
18 58 18 20 55 58
55 84 55 84
48 75 48 75
11 88 11 88
3 34 3 30 34
12 52 12 37 52
6 69 6 16 35 39 58 68 69
4 23 4 23
22 43 22 43
7 14 7 14
48 81 48 75 80 81
3 48 3 37 48
49 72 49 72
37 76 37 49 69 76
16 86 16 86
17 77 17 20 39 58 77
0 37 0 13 28 37
26 58 26 28 35 39 58
2 80 2 23 37 48 52 80
53 80 53 80
17 73 17 58 67 73
8 35 8 28 35
31 84 31 43 44 84
13 75 13 26 28 37 48 75
55 84 55 84
14 59 14 59
5 79 5 79
43 84 43 44 55 84
36 86 36 37 51 86
2 67 2 23 37 51 67
30 68 30 44 55 58 68
25 38 25 38
8 28 8 28
21 59 21 42 51 59
34 64 34 59 64
18 73 18 20 39 58 67 73
35 76 35 39 76
22 31 22 31
35 68 35 39 58 68
41 78 41 57 78
28 63 28 41 63
68 76 68 69 76
47 75 47 75
22 48 22 34 48
13 67 13 20 39 58 67
8 73 8 28 37 51 67 73
23 51 23 37 51
51 80 51 80
28 70 28 41 70
0 87 0 13 26 28 35 39 87
10 44 10 30 44
22 76 22 43 44 55 58 68 69 76
43 84 43 44 79 84
8 71 8 9 20 56 64 71
29 89 29 48 52 77 89
1 65 1 39 65
57 63 57 63
0 24 0 10 24
28 68 28 35 39 58 68
34 52 34 48 52
10 17 10 17
59 64 59 64
33 76 33 49 69 76
5 89 5 89
35 76 35 39 58 68 69 76
26 86 26 42 51 59 64 86
15 69 15 22 43 44 55 58 68 69
68 76 68 69 76
69 76 69 76
4 86 4 30 48 52 64 86
27 83 27 44 79 83
0 57 0 13 26 28 41 57
13 26 13 26
6 44 6 31 43 44
1 7 1 7
12 66 12 66
68 76 68 69 76
3 30 3 30
15 39 15 26 28 35 39
28 81 28 41 70 81
7 70 7 14 28 41 70
42 64 42 51 59 64
21 39 21 26 28 35 39
7 64 7 43 52 64
5 89 5 89
18 72 18 20 39 58 67 72
14 25 14 25
17 58 17 58
2 39 2 9 20 39
19 83 19 43 52 80 81 83
2 82 2 33 51 59 64 71 82
1 88 1 49 72 88
11 68 11 68
3 49 3 37 49
13 49 13 28 41 49
30 82 30 48 75 82
37 51 37 51
16 74 16 35 39 58 68 74
33 62 33 62
41 49 41 49
6 31 6 31
0 33 0 10 17 33
5 81 5 52 80 81
23 66 23 66
2 78 2 9 20 40 78
6 64 6 37 51 59 64
51 72 51 67 72
27 77 27 44 55 58 77
5 49 5 6 37 49
34 77 34 48 52 77
22 58 22 31 43 44 55 58
16 87 16 87
13 84 13 84
12 72 12 72
21 59 21 42 51 59
10 71 10 30 34 59 64 71
72 86 72 86
24 83 24 83
3 27 3 27
9 62 9 62
4 69 4 49 69
14 59 14 34 59
41 76 41 76
3 69 3 30 44 55 58 68 69
36 59 36 37 51 59
7 37 7 14 28 37
37 88 37 51 67 72 88
21 74 21 26 28 68 74
36 52 36 37 48 52
0 56 0 20 56
26 88 26 28 35 39 58 67 72 88
35 59 35 59
35 76 35 39 76
0 27 0 10 24 27
17 64 17 20 56 64
67 72 67 72
0 76 0 27 44 55 58 68 69 76
80 83 80 81 83
17 20 17 20
10 59 10 30 34 59
5 89 5 89
28 58 28 35 39 58
0 61 0 10 17 33 61
10 87 10 17 58 67 72 87
37 49 37 49
41 57 41 57
26 28 26 28
17 32 17 32
4 59 4 30 34 59
6 16 6 16
36 37 36 37
14 59 14 34 59
1 69 1 2 9 20 39 58 68 69
0 45 0 45
30 44 30 44
20 55 20 55
19 38 19 38
21 37 21 26 28 37
54 83 54 81 83
34 81 34 48 52 80 81
21 83 21 42 51 80 81 83
33 78 33 78
21 74 21 26 28 35 39 58 68 74
7 70 7 14 28 41 70
16 80 16 29 48 52 80
0 13 0 13
29 48 29 48
8 41 8 41
36 87 36 37 51 67 72 87
53 84 53 84
49 76 49 69 76
1 59 1 7 14 34 59
51 88 51 67 72 88
17 82 17 70 82
7 59 7 14 59
58 86 58 67 72 86
0 28 0 13 26 28
67 88 67 72 88
19 52 19 43 52
6 86 6 31 56 64 86
5 64 5 52 64
34 77 34 48 52 77
28 73 28 35 39 58 67 73
33 76 33 49 76
3 39 3 9 20 39
51 86 51 67 72 86
2 52 2 23 37 48 52
6 29 6 16 29
4 69 4 49 69
2 74 2 9 20 56 74
2 33 2 33
10 17 10 17
1 78 1 7 57 78
6 68 6 16 35 39 58 68
1 51 1 7 14 25 33 51
2 77 2 9 20 55 58 77
66 77 66 77
28 77 28 77
47 75 47 75
0 45 0 45
16 71 16 29 48 52 71
4 74 4 30 44 55 58 68 74
1 44 1 7 43 44
0 78 0 20 40 78
72 87 72 87
0 51 0 10 17 33 51
26 42 26 42
4 76 4 49 76
10 49 10 17 33 49
8 82 8 28 35 59 64 71 82
5 84 5 79 84
29 52 29 48 52
10 44 10 30 44
17 83 17 70 81 83
5 88 5 79 88
5 6 5 6
13 84 13 84
31 55 31 43 44 55
2 68 2 9 20 55 58 68
67 88 67 72 88
17 74 17 58 68 74
20 40 20 40
59 82 59 64 71 82
39 58 39 58
19 88 19 43 44 55 58 67 72 88
36 88 36 37 48 88
6 76 6 31 43 44 55 58 68 69 76
2 68 2 9 20 55 58 68
59 82 59 64 82
51 67 51 67
18 69 18 20 40 68 69
26 76 26 28 37 76
17 20 17 20
26 76 26 28 37 49 69 76
0 60 0 10 17 60
2 82 2 82
56 74 56 74
48 64 48 52 64
6 59 6 16 35 59
39 65 39 65
13 49 13 26 28 41 49
51 83 51 80 81 83
4 32 4 23 32
31 77 31 43 52 77
7 85 7 14 25 85
28 39 28 35 39
51 83 51 80 81 83
31 77 31 43 44 55 58 77
12 84 12 84
55 67 55 58 67
37 69 37 49 69
56 82 56 82
21 81 21 26 28 41 70 81
1 61 1 7 14 25 33 61
18 65 18 20 39 65
56 71 56 64 71
28 68 28 68
17 56 17 20 56
0 79 0 27 79
10 69 10 24 27 44 55 58 68 69
21 59 21 26 42 51 59
6 76 6 31 68 69 76
33 59 33 51 59
31 80 31 43 52 80
14 34 14 34
24 27 24 27
19 69 19 43 44 55 58 68 69
14 34 14 34
11 68 11 68
14 77 14 25 35 39 58 77
85 88 85 88
49 86 49 72 86
4 83 4 70 81 83
3 34 3 30 34
26 72 26 42 62 72
34 84 34 79 84
51 82 51 59 64 82
44 79 44 79
22 64 22 31 56 64
31 80 31 43 52 80
67 82 67 82
2 86 2 23 37 51 59 64 86
41 78 41 57 78
30 81 30 48 52 80 81
7 69 7 14 28 68 69
18 73 18 20 73
16 86 16 86
39 87 39 58 67 72 87
14 89 14 42 51 59 89
0 69 0 10 24 27 44 55 58 68 69
12 52 12 37 48 52
3 62 3 9 62
75 80 75 80
67 82 67 82
5 37 5 6 37
18 39 18 20 39
13 75 13 26 28 37 48 75
12 44 12 44
7 89 7 89
9 55 9 20 55
17 64 17 33 51 59 64
20 87 20 55 67 72 87
39 87 39 58 67 72 87
17 56 17 20 56
27 88 27 88
64 71 64 71
13 28 13 26 28
12 60 12 60
25 85 25 85
21 62 21 42 62
38 89 38 89
17 55 17 20 55
10 44 10 30 44
36 87 36 37 51 67 72 87
54 83 54 81 83
51 83 51 80 81 83
45 77 45 77
47 83 47 75 80 81 83
64 71 64 71
3 88 3 37 51 67 72 88
29 89 29 48 52 77 89
19 86 19 43 52 64 86
35 67 35 39 58 67
0 13 0 13
2 74 2 9 20 39 58 68 74
75 81 75 80 81
43 71 43 52 64 71
10 61 10 17 33 61
23 48 23 37 48
55 68 55 58 68
13 76 13 20 39 76
47 82 47 75 82
5 81 5 6 37 51 80 81
1 28 1 7 14 28
3 75 3 37 48 75
4 34 4 30 34
26 39 26 28 35 39
23 49 23 37 49
28 78 28 41 57 78
68 74 68 74
17 58 17 20 55 58
26 73 26 73
51 82 51 59 64 82
16 74 16 35 39 58 68 74
16 29 16 29
5 37 5 6 37
27 58 27 44 55 58
22 76 22 31 68 69 76
19 84 19 43 44 84
22 74 22 43 44 55 58 68 74
21 74 21 26 28 68 74
33 59 33 51 59
18 65 18 20 39 65
48 80 48 75 80
8 87 8 62 72 87
13 68 13 20 40 68
18 48 18 22 34 48
39 68 39 58 68
8 64 8 9 20 56 64
17 77 17 20 55 58 77
4 55 4 30 44 55
2 52 2 23 37 52
14 42 14 42
85 88 85 88
8 80 8 28 37 48 52 80
55 74 55 58 68 74
0 77 0 20 39 58 77
5 76 5 6 16 35 39 58 68 69 76
10 87 10 17 33 49 72 87
8 60 8 28 41 50 60
41 70 41 70
8 41 8 28 41
36 71 36 37 51 59 64 71
27 67 27 44 55 67
13 26 13 26
53 80 53 80
28 48 28 37 48
19 64 19 56 64
21 77 21 26 28 77
3 58 3 30 44 55 58
13 50 13 28 41 50
19 89 19 43 44 79 84 89
0 24 0 10 24
31 80 31 43 52 80
14 64 14 25 33 51 59 64
18 78 18 20 40 78
13 82 13 20 56 64 82
21 82 21 42 51 59 64 71 82
53 84 53 84
20 55 20 55
67 88 67 72 88
80 83 80 81 83
7 62 7 14 42 62
14 42 14 42
51 83 51 80 81 83
47 75 47 75
12 89 12 37 77 89
33 49 33 49
8 75 8 28 37 48 75
22 64 22 34 48 52 64
18 72 18 20 55 58 67 72
7 52 7 43 52
19 56 19 56
13 48 13 26 28 37 48
9 71 9 71
9 20 9 20
20 65 20 39 65
41 50 41 50
17 72 17 58 67 72
8 9 8 9
58 76 58 68 69 76
1 28 1 13 26 28
6 56 6 31 56
37 77 37 52 77
45 82 45 64 82
8 51 8 28 37 51
64 86 64 86
17 78 17 33 78
7 25 7 14 25
1 7 1 7
17 58 17 20 55 58
36 48 36 37 48
62 72 62 72
30 75 30 48 75
36 86 36 59 64 86
27 89 27 79 84 89
17 67 17 20 39 58 67
14 67 14 42 51 67
57 63 57 63
13 83 13 29 48 52 80 81 83
42 71 42 51 59 64 71
13 64 13 26 42 51 59 64
2 68 2 9 20 39 58 68
33 49 33 49
12 75 12 37 48 75
10 74 10 24 27 44 55 58 68 74
19 38 19 38
18 79 18 22 31 43 44 79
15 39 15 26 28 35 39
1 81 1 7 43 52 80 81
33 51 33 51
30 75 30 34 48 75
3 64 3 37 51 59 64
50 60 50 60
26 59 26 28 35 59
18 43 18 22 31 43
7 42 7 14 42
16 80 16 29 48 52 80
5 6 5 6
37 49 37 49
6 69 6 37 49 69
11 89 11 59 89
23 49 23 37 49
25 35 25 35
52 64 52 64
18 40 18 20 40
6 86 6 16 35 59 64 86
42 72 42 51 67 72
25 76 25 35 39 58 68 69 76
39 58 39 58
42 59 42 51 59
26 42 26 42
37 59 37 51 59
14 35 14 25 35
11 59 11 59
58 67 58 67
1 85 1 7 14 25 85
79 88 79 88
0 57 0 13 28 41 57
21 86 21 42 62 72 86
18 40 18 20 40
13 28 13 28
43 89 43 44 84 89
30 59 30 34 59
7 25 7 14 25
14 86 14 25 35 39 58 67 72 86
6 72 6 37 51 67 72
14 49 14 28 37 49
5 79 5 6 31 43 44 79
6 37 6 37
43 87 43 44 55 67 72 87
17 89 17 58 77 89
47 82 47 75 82
42 87 42 62 72 87
14 49 14 28 37 49
41 70 41 70
1 28 1 13 26 28
7 68 7 14 25 35 39 58 68
16 86 16 86
25 85 25 85
6 29 6 16 29
6 69 6 16 35 39 58 68 69
71 82 71 82
14 61 14 25 33 61
13 68 13 28 68
2 9 2 9
24 89 24 89
25 84 25 79 84
16 77 16 35 39 58 77
2 77 2 9 20 39 58 77
0 37 0 13 28 37
21 58 21 26 28 35 39 58
30 59 30 34 59
5 82 5 75 82
23 82 23 37 51 67 82
44 88 44 79 88
28 39 28 35 39
7 89 7 89
16 59 16 35 59
50 82 50 82
14 63 14 28 41 57 63
75 80 75 80
4 51 4 23 37 51
49 88 49 72 88
17 61 17 33 61
7 78 7 14 25 33 78
14 72 14 42 51 67 72
20 87 20 55 67 72 87
36 72 36 37 51 67 72
14 58 14 25 35 39 58
0 76 0 13 26 28 37 76
14 49 14 28 41 49
10 40 10 17 20 40
29 48 29 48
12 52 12 37 48 52
10 20 10 17 20
52 83 52 80 81 83
20 76 20 55 58 68 69 76
10 78 10 17 20 40 78
26 58 26 28 35 39 58
12 73 12 24 73
49 76 49 69 76
6 68 6 31 43 44 55 58 68
1 37 1 13 28 37
11 76 11 68 69 76
17 78 17 78
4 72 4 49 72
2 78 2 78
30 82 30 34 59 64 71 82
15 44 15 22 43 44
17 64 17 20 56 64
35 86 35 59 64 86
54 86 54 86
5 52 5 6 37 52
35 76 35 39 76
14 69 14 28 41 49 69
25 33 25 33
23 75 23 37 48 75
37 88 37 49 72 88
8 51 8 28 37 51
7 42 7 14 42
0 69 0 20 39 58 68 69
15 68 15 22 31 43 44 55 58 68
21 42 21 26 42
25 40 25 40
19 76 19 69 76
33 51 33 51
50 82 50 82
21 89 21 58 77 89
55 77 55 58 77
52 64 52 64
26 59 26 42 51 59
0 82 0 13 20 55 58 67 82
4 23 4 23
37 75 37 48 75
19 38 19 38
22 58 22 43 44 55 58
30 82 30 48 52 64 82
15 34 15 22 34
18 79 18 22 31 43 44 79
21 82 21 42 51 67 82
52 89 52 77 89
33 80 33 51 80
19 69 19 43 44 55 58 68 69
33 72 33 51 67 72
15 48 15 22 34 48
13 50 13 26 28 41 50
70 81 70 81
7 70 7 14 28 41 70
2 20 2 9 20
9 74 9 20 39 58 68 74
6 59 6 16 35 59
55 73 55 67 73
24 73 24 73
17 67 17 58 67
36 52 36 37 52
1 78 1 2 78
37 51 37 51
36 77 36 37 52 77
44 55 44 55
16 80 16 29 48 75 80
63 65 63 65
15 30 15 30
3 27 3 27
27 44 27 44
33 61 33 61
19 83 19 43 44 79 83
41 76 41 49 76
44 83 44 79 83
35 39 35 39
15 67 15 22 31 43 44 55 58 67
18 82 18 22 31 56 82
39 76 39 76
43 44 43 44
48 81 48 75 80 81
19 80 19 43 52 80
34 81 34 48 75 80 81
7 77 7 43 52 77
30 77 30 44 55 58 77
5 35 5 6 16 35
5 75 5 6 16 29 48 75
14 89 14 42 51 59 89
35 68 35 39 58 68
25 82 25 33 51 59 64 82
0 27 0 10 24 27
47 83 47 80 81 83
6 16 6 16
7 37 7 14 28 37
18 43 18 22 43
16 67 16 35 39 58 67
5 84 5 6 31 43 44 84
26 83 26 42 51 80 81 83
6 51 6 37 51
53 88 53 88
6 59 6 16 35 59
1 55 1 2 9 20 55
34 59 34 59
45 71 45 64 71
53 89 53 84 89
18 34 18 22 34
14 52 14 34 48 52
7 25 7 14 25
28 68 28 35 39 58 68
13 26 13 26
5 64 5 6 31 56 64
1 74 1 13 26 28 35 39 58 68 74
5 76 5 6 37 49 69 76
33 62 33 62
22 75 22 34 48 75
12 52 12 37 52
45 50 45 50
7 70 7 14 28 41 70
11 76 11 68 69 76
13 67 13 26 28 35 39 58 67
31 79 31 43 44 79
49 69 49 69
21 39 21 26 28 35 39
36 49 36 37 49
18 79 18 22 43 44 79
5 81 5 6 37 51 80 81
3 72 3 37 51 67 72
1 23 1 2 23
47 75 47 75
26 64 26 42 51 59 64
24 83 24 83
21 82 21 26 28 37 51 67 82
17 49 17 33 49
13 28 13 26 28
67 86 67 72 86
10 44 10 30 44
29 89 29 48 52 77 89
35 64 35 59 64
0 27 0 10 24 27
79 84 79 84
5 88 5 88
4 89 4 23 66 77 89
0 88 0 27 44 55 58 67 72 88
17 83 17 33 51 80 81 83
28 86 28 41 49 72 86
4 68 4 30 44 55 58 68
22 59 22 34 59
14 59 14 28 35 59
22 64 22 43 52 64
4 32 4 23 32
11 59 11 59
0 60 0 45 50 60
0 10 0 10
3 9 3 9
22 59 22 34 59
48 88 48 75 88
3 9 3 9
72 87 72 87
37 76 37 49 76
17 84 17 20 55 84
24 76 24 27 44 55 58 68 69 76
36 72 36 37 72
59 89 59 89
1 40 1 13 20 40
15 67 15 22 43 44 55 67
1 85 1 7 14 25 85
49 69 49 69
51 80 51 80
12 64 12 45 64
36 81 36 81
7 70 7 14 28 41 70
1 51 1 13 28 37 51
1 40 1 2 9 20 40
1 88 1 2 9 20 55 58 67 72 88
1 39 1 7 14 28 35 39
52 83 52 80 81 83
26 76 26 28 37 76
13 29 13 29
58 76 58 68 69 76
18 72 18 22 43 44 55 67 72
68 69 68 69
75 80 75 80
35 68 35 39 58 68
17 84 17 20 55 84
56 71 56 64 71
34 81 34 48 75 80 81
17 20 17 20
28 41 28 41
26 72 26 42 51 67 72
13 65 13 28 41 63 65
20 73 20 39 58 67 73
22 81 22 34 48 52 80 81
3 88 3 37 51 67 72 88
12 45 12 45
37 82 37 51 67 82
10 86 10 48 52 64 86
48 64 48 52 64
8 35 8 28 35
17 56 17 20 56
4 52 4 30 34 48 52
36 86 36 59 64 86
79 88 79 88
16 35 16 35
10 64 10 17 20 56 64
4 68 4 30 44 55 58 68
28 78 28 41 57 78
55 74 55 58 68 74
0 13 0 13
36 50 36 50
12 75 12 37 48 75
18 39 18 20 39
14 33 14 25 33
59 82 59 64 71 82
31 84 31 43 44 55 84
4 32 4 23 32
7 34 7 14 34
26 58 26 28 35 39 58
18 34 18 22 34
48 82 48 52 71 82
8 87 8 9 20 39 87
10 51 10 17 33 51
10 39 10 17 20 39
22 43 22 43
39 82 39 58 67 82
33 59 33 51 59
2 52 2 23 37 52
33 88 33 62 72 88
3 76 3 9 20 39 76
4 30 4 30
9 56 9 20 56
28 70 28 41 70
28 78 28 41 57 78
42 67 42 51 67
25 49 25 33 49
1 28 1 13 26 28
0 84 0 20 55 84
22 81 22 34 48 75 80 81
22 76 22 31 68 69 76
13 26 13 26
69 76 69 76
33 69 33 49 69
51 59 51 59
22 59 22 34 59
5 51 5 6 37 51
17 20 17 20
55 82 55 67 82
28 51 28 37 51
15 71 15 30 34 59 64 71
0 28 0 13 26 28
63 65 63 65
43 52 43 52
1 68 1 7 14 28 68
16 52 16 29 48 52
19 81 19 43 52 80 81
44 83 44 79 83
12 37 12 37
15 43 15 22 43
10 78 10 17 78
10 51 10 17 33 51
10 83 10 30 34 48 75 80 81 83
71 82 71 82
16 35 16 35
4 34 4 30 34
36 59 36 59
28 77 28 37 52 77
28 73 28 35 39 58 67 73
13 50 13 26 28 41 50
9 87 9 62 72 87
28 82 28 41 70 82
56 82 56 82
11 89 11 59 89
57 72 57 72
12 88 12 24 27 88
55 74 55 58 68 74
19 80 19 43 52 80
22 87 22 43 44 55 58 67 72 87
75 82 75 82
13 84 13 84
12 68 12 24 27 44 55 58 68
5 35 5 6 16 35
51 83 51 80 81 83
5 37 5 6 37
8 51 8 28 37 51
4 84 4 30 44 55 84
34 80 34 48 75 80
3 64 3 30 48 52 64
25 79 25 79
2 59 2 23 37 59
0 24 0 10 24
37 52 37 48 52
20 39 20 39
4 83 4 30 48 75 80 81 83
49 86 49 72 86
75 82 75 82
18 78 18 20 40 78
26 64 26 42 51 59 64
20 39 20 39
1 75 1 7 14 34 48 75
14 86 14 42 62 72 86
25 35 25 35
14 86 14 34 48 52 64 86
27 83 27 79 83
13 49 13 26 28 41 49
43 88 43 44 79 88
53 81 53 80 81
0 61 0 10 17 33 61
19 58 19 43 44 55 58
2 80 2 33 51 80
21 62 21 26 42 62
10 69 10 17 20 39 58 68 69
7 78 7 14 28 41 57 78
7 76 7 43 44 55 58 68 69 76
7 14 7 14
53 84 53 84
6 51 6 37 51
24 76 24 27 44 55 58 68 69 76
10 51 10 17 33 51
28 48 28 37 48
18 31 18 22 31
2 80 2 33 51 80
4 34 4 30 34
8 62 8 9 62
25 33 25 33
3 27 3 27
15 51 15 26 28 37 51
16 71 16 35 59 64 71
14 49 14 28 37 49
3 49 3 37 49
4 64 4 30 34 48 52 64
1 26 1 13 26
36 48 36 37 48
27 67 27 44 55 67
64 82 64 71 82
48 81 48 75 80 81
24 74 24 27 44 55 58 68 74
14 63 14 28 41 57 63
39 69 39 58 68 69
7 57 7 14 28 41 57
31 80 31 43 52 80
25 40 25 40
28 51 28 37 51
31 89 31 43 44 79 84 89
10 20 10 17 20
4 49 4 49
20 39 20 39
27 78 27 78
19 58 19 43 44 55 58
20 86 20 55 58 67 72 86
34 59 34 59
7 48 7 14 34 48
14 34 14 34
22 34 22 34
17 78 17 20 40 78
21 72 21 26 28 35 39 58 67 72
18 40 18 20 40
53 80 53 80
36 86 36 37 51 67 72 86
31 56 31 56
24 76 24 27 44 55 58 68 69 76
15 82 15 30 44 55 67 82
4 76 4 23 37 76
4 23 4 23
14 61 14 25 33 61
14 38 14 25 38
21 58 21 58
13 28 13 26 28
19 88 19 62 72 88
16 82 16 29 48 52 64 71 82
34 80 34 48 75 80
18 81 18 22 43 52 80 81
39 89 39 58 77 89
44 84 44 84
4 86 4 23 49 72 86
18 58 18 22 31 43 44 55 58
42 59 42 51 59
45 82 45 64 82
23 51 23 37 51
6 69 6 37 49 69
13 68 13 26 28 35 39 58 68
36 81 36 37 51 80 81
64 82 64 82
66 77 66 77
34 59 34 59
4 68 4 30 44 55 58 68
33 61 33 61
10 71 10 17 20 56 64 71
68 76 68 69 76
13 62 13 26 42 62
5 81 5 52 80 81
16 80 16 29 48 75 80
16 80 16 29 48 75 80
30 75 30 48 75
27 77 27 44 55 58 77
1 69 1 37 49 69
0 27 0 10 24 27
54 83 54 81 83
16 71 16 35 59 64 71
36 77 36 37 48 52 77
4 87 4 30 44 55 67 72 87
12 24 12 24
22 74 22 31 56 74
1 69 1 13 28 35 39 58 68 69
11 88 11 88
1 65 1 39 65
15 26 15 26
51 80 51 80
0 78 0 20 40 78
31 69 31 43 44 55 58 68 69
34 81 34 48 52 80 81
1 44 1 7 43 44
42 62 42 62
21 82 21 26 28 82
7 48 7 14 28 37 48
25 76 25 35 39 58 68 69 76
14 86 14 25 62 72 86
6 64 6 31 43 52 64
8 71 8 28 35 59 64 71
5 88 5 6 31 43 44 55 67 72 88
0 28 0 13 26 28
2 73 2 23 37 51 67 73
25 39 25 35 39
67 73 67 73
47 82 47 75 82
28 41 28 41
9 55 9 20 55
10 44 10 24 27 44
64 82 64 82
38 89 38 89
17 58 17 20 55 58
34 48 34 48
14 58 14 28 35 39 58
15 74 15 22 43 44 55 58 68 74
25 79 25 79
13 74 13 74
4 69 4 30 44 55 58 68 69
1 59 1 7 14 42 51 59
6 88 6 31 43 44 55 58 67 72 88
14 62 14 25 62
4 88 4 49 72 88
21 89 21 58 77 89
43 73 43 44 55 58 67 73
51 88 51 67 72 88
43 52 43 52
34 86 34 86
14 69 14 28 37 49 69
59 64 59 64
4 59 4 30 34 59
64 86 64 86
26 65 26 28 41 57 63 65
1 69 1 13 26 28 41 49 69
18 78 18 20 40 78
57 78 57 78
6 64 6 37 59 64
25 89 25 33 51 59 89
1 26 1 13 26
21 89 21 58 77 89
10 33 10 17 33
30 84 30 44 55 84
12 66 12 66
59 89 59 89
6 44 6 31 43 44
16 77 16 29 48 52 77
30 82 30 48 75 82
26 59 26 28 35 59
10 51 10 17 33 51
14 61 14 25 33 61
51 59 51 59
20 55 20 55
51 81 51 80 81
26 37 26 28 37
10 59 10 17 33 51 59
25 51 25 33 51
1 59 1 13 26 28 37 59
7 25 7 14 25
10 17 10 17
28 70 28 41 70
18 76 18 22 31 68 69 76
39 58 39 58
11 76 11 68 69 76
10 68 10 24 27 44 55 58 68
1 70 1 7 14 28 41 70
5 64 5 64
13 48 13 26 28 37 48
19 56 19 56
28 60 28 41 50 60
7 64 7 14 34 59 64
12 37 12 37
43 44 43 44
17 74 17 20 56 74
72 88 72 88
51 86 51 67 72 86
10 30 10 30
35 88 35 39 58 67 72 88
67 72 67 72
15 26 15 26
23 82 23 37 59 64 82
44 89 44 84 89
25 40 25 40
5 74 5 6 31 43 44 55 58 68 74
4 88 4 49 72 88
10 78 10 17 33 78
3 69 3 9 20 55 58 68 69
6 31 6 31
24 82 24 27 44 55 67 82
14 48 14 28 37 48
31 43 31 43
28 82 28 41 50 82
58 77 58 77
26 88 26 42 51 67 72 88
4 51 4 23 37 51
0 10 0 10
30 48 30 34 48
39 89 39 58 77 89
28 52 28 37 48 52
0 87 0 20 39 58 67 72 87
0 61 0 10 17 33 61
23 51 23 37 51
84 89 84 89
6 71 6 37 59 64 71
13 84 13 84
1 44 1 7 43 44
43 52 43 52
30 84 30 34 79 84
33 72 33 49 72
69 76 69 76
16 29 16 29
30 84 30 44 55 84
23 75 23 37 48 75
36 48 36 37 48
12 89 12 29 48 52 77 89
10 71 10 17 33 51 59 64 71
13 89 13 28 37 52 77 89
23 49 23 37 49
1 40 1 2 9 20 40
31 68 31 68
0 34 0 10 30 34
24 73 24 73
6 31 6 31
7 58 7 14 25 35 39 58
58 76 58 68 69 76
8 51 8 28 37 51
13 64 13 29 48 52 64
37 48 37 48
7 42 7 14 42
8 82 8 41 70 82
19 80 19 43 52 80
1 55 1 2 9 20 55
37 75 37 48 75
11 71 11 59 64 71
4 52 4 23 37 52
10 64 10 48 52 64
10 33 10 17 33
15 82 15 30 34 59 64 82
12 45 12 45
45 50 45 50
52 71 52 71
29 88 29 48 75 88
17 89 17 33 51 59 89
10 70 10 17 70
4 30 4 30
52 80 52 80
42 80 42 51 80
14 34 14 34
41 69 41 49 69
13 84 13 84
2 39 2 9 20 39
16 68 16 35 39 58 68
49 88 49 72 88
40 68 40 68
42 82 42 51 59 64 82
31 79 31 43 44 79
18 75 18 22 34 48 75
10 17 10 17
30 34 30 34
18 31 18 22 31
25 33 25 33
1 69 1 13 20 55 58 68 69
48 64 48 52 64
26 83 26 42 51 80 81 83
15 44 15 30 44
9 40 9 20 40
66 78 66 78
24 67 24 27 44 55 67
18 59 18 59
13 35 13 26 28 35
35 64 35 59 64
0 69 0 10 17 33 49 69
1 23 1 2 23
72 86 72 86
1 2 1 2
10 30 10 30
13 82 13 29 48 75 82
41 88 41 57 72 88
17 67 17 58 67
33 71 33 51 59 64 71
1 37 1 13 28 37
1 65 1 39 65
2 20 2 9 20
15 71 15 26 28 35 59 64 71
42 83 42 51 80 81 83
53 80 53 80
22 84 22 31 43 44 79 84
21 60 21 26 28 41 50 60
48 64 48 52 64
1 51 1 13 28 37 51
50 82 50 82
4 66 4 23 66
8 55 8 9 20 55
14 84 14 34 79 84
56 82 56 64 82
55 77 55 58 77
22 84 22 34 79 84
9 20 9 20
8 82 8 9 20 55 58 67 82
28 77 28 37 52 77
21 77 21 26 28 35 39 58 77
13 83 13 29 48 52 80 81 83
55 84 55 84
34 71 34 48 52 64 71
1 85 1 7 14 25 85
36 87 36 37 49 72 87
14 63 14 28 41 63
20 89 20 55 84 89
3 49 3 37 49
25 35 25 35
0 37 0 13 26 28 37
15 89 15 22 43 52 77 89
0 79 0 27 44 79
21 60 21 26 28 41 50 60
37 77 37 48 52 77
12 68 12 24 27 44 55 58 68
33 78 33 78
1 88 1 37 48 75 88
18 40 18 20 40
25 77 25 35 39 58 77
3 9 3 9
23 51 23 37 51
43 73 43 44 55 67 73
52 71 52 71
2 48 2 23 37 48
19 82 19 56 64 82
7 77 7 14 25 35 39 58 77
17 76 17 20 39 58 68 69 76
41 88 41 57 72 88
5 71 5 64 71
1 28 1 7 14 28
3 78 3 9 20 40 78
30 82 30 34 59 64 71 82
43 88 43 44 79 88
13 83 13 28 37 52 80 81 83
28 81 28 37 48 75 80 81
3 64 3 30 34 48 52 64
37 75 37 48 75
2 59 2 33 51 59
9 40 9 20 40
37 52 37 48 52
71 82 71 82
23 78 23 66 78
7 58 7 14 25 35 39 58
13 83 13 83
10 71 10 24 71
54 86 54 86
5 65 5 6 16 35 39 65
44 55 44 55
34 64 34 59 64
1 37 1 2 23 37
5 76 5 6 37 49 76
10 44 10 24 27 44
48 77 48 52 77
2 89 2 9 20 39 58 77 89
42 62 42 62
18 82 18 22 43 44 55 58 67 82
12 51 12 37 51
44 84 44 55 84
11 59 11 59
19 77 19 43 52 77
4 49 4 23 49
13 75 13 26 28 37 48 75
34 79 34 79
10 74 10 30 44 55 58 68 74
44 79 44 79
17 60 17 60
12 66 12 66
12 44 12 44
11 71 11 59 64 71
0 51 0 13 28 37 51
14 52 14 28 37 52
13 35 13 28 35
13 59 13 26 42 51 59
2 23 2 23
2 59 2 33 51 59
24 82 24 71 82
10 40 10 17 20 40
24 74 24 27 44 55 58 68 74
0 51 0 10 17 33 51
79 84 79 84
4 72 4 23 37 72
25 61 25 33 61
31 89 31 43 52 77 89
3 34 3 30 34
14 28 14 28
14 64 14 59 64
62 72 62 72
3 82 3 30 48 75 82
19 81 19 43 52 80 81
11 71 11 59 64 71
24 73 24 73
0 26 0 13 26
4 55 4 30 44 55
36 83 36 37 51 80 81 83
37 51 37 51
0 78 0 10 17 20 40 78
0 28 0 13 28
55 74 55 58 68 74
67 86 67 72 86
2 66 2 23 66
12 64 12 29 48 52 64
15 43 15 22 43
24 86 24 27 44 55 58 67 72 86
37 48 37 48
24 89 24 89
22 34 22 34
2 9 2 9
14 74 14 25 40 68 74
48 82 48 52 71 82
15 55 15 22 43 44 55
7 64 7 64
3 75 3 37 48 75
35 64 35 59 64
36 71 36 37 51 59 64 71
2 33 2 33
0 20 0 10 17 20
18 72 18 20 55 67 72
23 32 23 32
0 60 0 13 60
10 49 10 17 33 49
8 60 8 41 50 60
11 59 11 59
8 82 8 9 20 55 58 67 82
25 85 25 85
4 67 4 30 44 55 58 67
27 88 27 79 88
1 2 1 2
1 65 1 13 28 41 63 65
7 58 7 14 28 35 39 58
15 34 15 22 34
19 64 19 56 64
47 82 47 75 82
1 42 1 13 26 42
14 48 14 28 37 48
4 66 4 23 66
7 39 7 14 28 35 39
17 74 17 58 68 74
34 64 34 59 64
4 83 4 30 44 79 83
11 71 11 59 64 71
8 28 8 28
35 68 35 39 58 68
7 62 7 14 42 62
28 64 28 37 59 64
6 55 6 31 43 44 55
20 87 20 55 58 67 72 87
9 89 9 20 39 58 77 89
24 83 24 83
8 87 8 62 72 87
39 76 39 58 68 69 76
12 73 12 44 55 67 73
57 65 57 63 65
22 84 22 43 44 79 84
14 35 14 28 35
19 81 19 43 52 80 81
41 57 41 57
8 41 8 41
1 81 1 2 23 37 48 75 80 81
9 89 9 20 39 58 77 89
16 59 16 35 59
28 82 28 37 52 71 82
2 39 2 9 20 39
34 59 34 59
21 63 21 26 28 41 57 63
3 55 3 30 44 55
1 55 1 7 43 44 55
13 64 13 26 28 37 48 52 64
28 86 28 37 51 67 72 86
19 83 19 43 44 79 83
55 73 55 58 67 73
30 81 30 48 52 80 81
10 87 10 30 44 55 67 72 87
21 86 21 26 42 51 67 72 86
15 39 15 26 28 35 39
21 86 21 58 67 72 86
2 33 2 33
68 69 68 69
28 39 28 35 39
36 88 36 37 51 67 72 88
10 75 10 48 75
62 86 62 72 86
13 74 13 68 74
4 51 4 23 37 51
34 59 34 59
1 74 1 39 58 68 74
12 72 12 24 27 44 55 67 72
33 69 33 49 69
15 39 15 26 28 35 39
14 67 14 28 37 51 67
0 40 0 13 20 40
33 49 33 49
2 48 2 23 37 48
80 83 80 81 83
58 76 58 68 69 76
68 69 68 69
25 51 25 33 51
9 20 9 20
5 71 5 6 37 48 52 64 71
33 49 33 49
14 67 14 28 37 51 67
15 44 15 30 44
51 88 51 67 72 88
81 83 81 83
14 48 14 28 37 48
59 89 59 89
17 55 17 20 55
26 42 26 42
16 71 16 29 48 52 71
14 37 14 28 37
7 88 7 62 72 88
28 87 28 87
12 72 12 24 27 44 55 67 72
35 64 35 59 64
5 75 5 6 37 48 75
10 68 10 17 58 68
37 51 37 51
5 51 5 6 37 51
0 35 0 13 26 28 35
85 88 85 88
18 81 18 22 31 43 52 80 81
21 26 21 26
1 70 1 7 14 28 41 70
2 39 2 9 20 39
14 42 14 42
58 67 58 67
12 64 12 37 51 59 64
25 61 25 33 61
11 76 11 68 69 76
6 44 6 31 43 44
27 67 27 44 55 67
67 73 67 73
14 65 14 25 35 39 65
7 55 7 43 44 55
5 84 5 79 84
35 86 35 59 64 86
53 88 53 88
5 74 5 6 31 68 74
26 76 26 28 37 49 76
12 50 12 50
1 74 1 13 28 68 74
26 71 26 28 64 71
48 82 48 52 71 82
4 82 4 82
26 83 26 42 51 80 81 83
25 40 25 40
27 89 27 44 84 89
42 51 42 51
54 86 54 86
20 55 20 55
3 83 3 37 48 52 80 81 83
26 65 26 28 41 63 65
6 29 6 16 29
20 40 20 40
26 42 26 42
34 86 34 48 52 64 86
0 27 0 10 24 27
15 55 15 30 44 55
7 88 7 43 44 55 67 72 88
42 80 42 51 80
37 72 37 51 67 72
29 48 29 48
18 69 18 20 39 58 68 69
9 20 9 20
12 64 12 29 48 52 64
24 76 24 27 44 55 58 68 69 76
17 76 17 20 39 58 68 69 76
0 28 0 13 26 28
22 87 22 31 43 44 55 67 72 87
2 52 2 23 37 52
10 44 10 30 44
49 88 49 72 88
8 40 8 9 20 40
28 73 28 35 39 58 67 73
12 72 12 37 51 67 72
24 89 24 27 79 84 89
18 48 18 22 34 48
14 52 14 28 37 52
17 32 17 32
0 56 0 10 17 20 56
41 57 41 57
21 86 21 58 67 72 86
39 76 39 58 68 69 76
36 50 36 50
21 39 21 26 28 35 39
12 29 12 29
13 56 13 20 56
14 86 14 25 62 72 86
37 51 37 51
10 59 10 30 34 59
25 84 25 79 84
39 77 39 58 77
42 82 42 51 67 82
42 51 42 51
7 63 7 14 25 63
77 89 77 89
12 75 12 37 48 75
8 76 8 9 20 39 58 68 69 76
9 55 9 20 55
52 81 52 80 81
53 88 53 88
21 59 21 42 51 59
72 88 72 88
11 71 11 59 64 71
5 81 5 75 80 81
52 80 52 80
15 44 15 30 44
12 50 12 45 50
66 77 66 77
8 87 8 62 72 87
15 39 15 26 28 35 39
0 82 0 10 17 70 82
67 87 67 72 87
17 70 17 70
6 31 6 31
42 73 42 51 67 73
4 82 4 30 48 75 82
34 71 34 59 64 71
51 80 51 80
11 88 11 88
42 72 42 62 72
7 58 7 43 44 55 58
36 49 36 37 49
19 88 19 62 72 88
11 68 11 68
39 89 39 58 77 89
35 68 35 39 58 68
51 89 51 59 89
30 75 30 48 75
17 84 17 20 55 84
42 51 42 51
23 48 23 37 48
19 84 19 43 44 84
0 51 0 13 28 37 51
19 80 19 43 52 80
15 22 15 22
22 84 22 31 43 44 79 84
3 68 3 9 20 40 68
66 77 66 77
54 83 54 81 83
4 68 4 30 44 55 58 68
43 87 43 87
37 76 37 76
56 64 56 64
18 20 18 20
3 49 3 37 49
28 59 28 37 51 59
58 86 58 67 72 86
13 20 13 20
8 75 8 28 37 48 75
5 52 5 52
66 89 66 77 89
1 75 1 2 23 37 48 75
39 73 39 58 67 73
3 76 3 37 49 76
5 84 5 6 31 43 44 55 84
2 86 2 9 62 72 86
14 86 14 59 64 86
6 49 6 37 49
37 69 37 49 69
22 81 22 43 52 80 81
28 41 28 41
12 24 12 24
35 82 35 59 64 71 82
3 59 3 30 34 59
1 39 1 39
10 89 10 48 52 77 89
17 32 17 32
15 22 15 22
17 89 17 20 39 58 77 89
62 72 62 72
6 88 6 16 35 39 58 67 72 88
27 77 27 44 55 58 77
9 68 9 20 40 68
36 75 36 37 48 75
38 65 38 65
3 55 3 9 20 55
35 82 35 39 58 67 82
2 87 2 9 62 72 87
14 37 14 28 37
63 65 63 65
53 84 53 84
13 74 13 26 28 68 74
3 76 3 27 44 55 58 68 69 76
5 29 5 6 16 29
4 76 4 30 44 55 58 68 69 76
51 80 51 80
55 67 55 58 67
15 68 15 22 31 43 44 55 58 68
11 64 11 59 64
23 66 23 66
28 37 28 37
6 79 6 31 43 44 79
30 81 30 48 75 80 81
19 64 19 56 64
3 58 3 27 44 55 58
67 87 67 72 87
19 82 19 56 64 71 82
39 68 39 58 68
0 37 0 13 28 37
43 88 43 44 79 88
17 72 17 20 39 58 67 72
69 76 69 76
36 59 36 37 59
41 69 41 49 69
30 68 30 44 55 58 68
17 77 17 20 39 58 77
2 74 2 56 74
44 79 44 79
7 25 7 14 25
12 84 12 44 84
28 63 28 41 63
22 58 22 31 43 44 55 58
6 87 6 31 43 87
31 89 31 43 52 77 89
72 88 72 88
13 67 13 26 28 35 39 58 67
11 82 11 59 64 71 82
37 48 37 48
23 72 23 37 51 67 72
1 42 1 13 26 42
7 35 7 14 28 35
41 63 41 63
41 88 41 49 72 88
7 39 7 14 28 35 39
42 80 42 51 80
3 34 3 30 34
25 89 25 38 89
3 83 3 27 44 79 83
4 67 4 30 44 55 58 67
42 73 42 51 67 73
20 39 20 39
8 51 8 28 37 51
17 69 17 20 39 58 68 69
57 82 57 82
8 28 8 28
13 77 13 26 28 35 39 58 77
51 83 51 80 81 83
58 68 58 68
8 40 8 40
1 40 1 2 9 20 40
12 68 12 44 55 58 68
6 86 6 31 43 52 64 86
5 65 5 6 16 35 39 65
3 37 3 37
6 69 6 37 49 69
3 69 3 27 44 55 58 68 69
22 59 22 34 59
13 68 13 68
2 81 2 23 37 52 80 81
34 71 34 48 52 64 71
31 77 31 43 52 77
48 64 48 52 64
6 49 6 37 49
7 39 7 14 25 35 39
33 72 33 49 72
23 72 23 37 72
68 74 68 74
8 51 8 28 37 51
72 86 72 86
2 9 2 9
27 79 27 44 79
3 76 3 30 44 55 58 68 69 76
9 64 9 20 56 64
29 48 29 48
51 81 51 80 81
64 71 64 71
33 76 33 49 69 76
20 65 20 39 65
14 83 14 25 33 51 80 81 83
51 88 51 67 72 88
13 65 13 28 41 63 65
36 52 36 37 48 52
79 84 79 84
15 26 15 26
7 37 7 14 28 37
1 58 1 7 14 25 35 39 58
14 65 14 28 35 39 65
48 52 48 52
7 70 7 14 28 41 70
58 76 58 68 69 76
0 86 0 13 28 41 57 72 86
8 68 8 40 68
22 81 22 34 48 75 80 81
33 61 33 61
12 59 12 37 59
6 76 6 37 76
16 71 16 35 59 64 71
31 84 31 43 44 79 84
56 82 56 64 82
8 76 8 28 41 49 69 76
28 52 28 37 52
22 74 22 43 44 55 58 68 74
8 62 8 9 62
7 77 7 14 34 48 52 77
13 59 13 28 35 59
16 71 16 35 59 64 71
39 69 39 58 68 69
4 51 4 23 37 51
21 52 21 26 28 37 52
35 76 35 39 76
35 39 35 39
1 88 1 49 72 88
28 78 28 41 57 78
23 86 23 37 49 72 86
7 78 7 57 78
16 72 16 35 39 58 67 72
22 43 22 31 43
33 51 33 51
68 74 68 74
36 37 36 37
1 7 1 7
25 71 25 33 51 59 64 71
13 20 13 20
0 33 0 10 17 33
33 80 33 51 80
16 35 16 35
14 42 14 42
5 65 5 6 16 35 39 65
0 41 0 13 28 41
28 70 28 41 70
15 69 15 22 43 44 55 58 68 69
3 83 3 30 34 48 75 80 81 83
8 64 8 28 64
26 76 26 28 35 39 58 68 69 76
23 51 23 37 51
23 49 23 49
7 42 7 14 42
35 67 35 39 58 67
10 40 10 17 20 40
19 68 19 43 44 55 58 68
14 51 14 25 33 51
7 88 7 14 25 62 72 88
31 84 31 43 44 84
12 29 12 29
15 55 15 30 44 55
19 84 19 43 44 79 84
26 82 26 42 51 67 82
2 80 2 23 37 51 80
23 64 23 37 51 59 64
2 80 2 23 37 52 80
17 89 17 58 77 89
1 75 1 37 48 75
14 67 14 28 37 51 67
4 68 4 30 44 55 58 68
24 67 24 27 44 55 58 67
28 68 28 35 39 58 68
12 88 12 44 55 58 67 72 88
26 58 26 28 35 39 58
1 55 1 2 9 20 55
0 60 0 45 50 60
37 69 37 49 69
43 71 43 52 71
1 57 1 7 57
36 80 36 37 48 75 80
5 82 5 64 82
39 68 39 58 68
53 88 53 88
0 34 0 10 30 34
28 73 28 35 39 58 67 73
12 88 12 44 55 58 67 72 88
50 60 50 60
5 35 5 6 16 35
41 78 41 57 78
7 69 7 43 44 55 58 68 69
1 28 1 13 28
58 76 58 68 69 76
11 88 11 88
6 56 6 31 56
10 34 10 30 34
15 43 15 22 31 43
26 86 26 42 62 72 86
7 58 7 43 44 55 58
42 62 42 62
16 87 16 87
27 67 27 44 55 58 67
7 43 7 43
43 71 43 52 64 71
22 34 22 34
34 64 34 59 64
31 43 31 43
57 72 57 72
25 76 25 35 39 58 68 69 76
58 76 58 68 69 76
13 55 13 20 55
13 89 13 84 89
20 89 20 39 58 77 89
44 88 44 55 58 67 72 88
2 73 2 33 51 67 73
48 82 48 75 82
30 84 30 34 79 84
11 88 11 88
1 42 1 13 26 42
37 49 37 49
13 65 13 28 35 39 65
17 76 17 20 55 58 68 69 76
30 67 30 44 55 67
4 68 4 30 44 55 58 68
0 69 0 10 24 27 44 55 58 68 69
7 25 7 14 25
36 60 36 50 60
22 76 22 31 68 69 76
8 80 8 28 37 52 80
17 74 17 58 68 74
4 34 4 30 34
67 88 67 72 88
26 58 26 28 35 39 58
44 89 44 84 89
24 86 24 27 44 55 58 67 72 86
52 83 52 80 81 83
6 59 6 37 59
18 20 18 20
49 69 49 69
7 39 7 14 25 35 39
42 67 42 51 67
59 89 59 89
14 62 14 42 62
12 24 12 24
10 30 10 30
5 29 5 6 16 29
6 59 6 37 59
22 87 22 43 87
43 71 43 52 64 71
28 86 28 41 57 72 86
17 67 17 58 67
3 37 3 37
36 67 36 37 51 67
80 81 80 81
9 40 9 20 40
7 77 7 43 52 77
0 48 0 10 48
36 80 36 37 52 80
0 26 0 13 26
55 58 55 58
59 89 59 89
41 70 41 70
55 84 55 84
13 68 13 26 28 68
16 64 16 35 59 64
33 89 33 51 59 89
37 72 37 51 67 72
1 59 1 2 23 37 59
7 89 7 14 42 51 59 89
18 87 18 22 43 44 55 58 67 72 87
6 77 6 77
4 67 4 30 44 55 58 67
12 89 12 29 48 52 77 89
36 75 36 37 48 75
42 82 42 51 67 82
47 75 47 75
28 77 28 35 39 58 77
1 42 1 7 14 42
34 81 34 48 52 80 81
19 62 19 62
85 88 85 88
22 34 22 34
23 72 23 49 72
10 89 10 30 44 55 58 77 89
16 72 16 35 39 58 67 72
12 29 12 29
17 77 17 58 77
39 87 39 87
3 89 3 37 59 89
17 73 17 20 73
7 83 7 14 42 51 80 81 83
8 40 8 9 20 40
20 56 20 56
53 81 53 80 81
13 76 13 26 28 41 76
34 77 34 48 52 77
6 71 6 71
2 82 2 9 20 39 58 67 82
3 89 3 37 52 77 89
16 72 16 35 39 58 67 72
10 84 10 24 27 44 55 84
9 71 9 71
33 61 33 61
39 67 39 58 67
13 76 13 68 69 76
13 59 13 28 35 59
9 62 9 62
13 35 13 26 28 35
14 85 14 25 85
64 82 64 82
21 83 21 26 42 51 80 81 83
5 6 5 6
14 59 14 28 35 59
80 83 80 81 83
17 82 17 58 67 82
48 64 48 52 64
34 71 34 59 64 71
43 84 43 44 55 84
55 68 55 58 68
25 65 25 35 39 65
14 41 14 28 41
18 69 18 22 31 43 44 55 58 68 69
16 72 16 35 39 58 67 72
17 70 17 70
53 84 53 84
33 64 33 51 59 64
10 74 10 24 27 44 55 58 68 74
19 86 19 56 64 86
2 33 2 33
0 27 0 10 24 27
64 82 64 71 82
3 64 3 30 48 52 64
1 26 1 13 26
1 49 1 13 28 41 49
22 58 22 43 44 55 58
23 51 23 37 51
7 57 7 14 28 41 57
0 60 0 10 17 60
25 79 25 79
55 68 55 58 68
25 35 25 35
45 64 45 64
13 75 13 28 37 48 75
28 78 28 41 57 78
11 82 11 59 64 71 82
34 86 34 59 64 86
49 76 49 76
9 56 9 20 56
3 75 3 30 34 48 75
44 89 44 55 58 77 89
7 88 7 57 72 88
5 71 5 52 71
5 81 5 52 80 81
22 84 22 34 79 84
16 71 16 29 48 52 64 71
4 52 4 30 34 48 52
4 23 4 23
12 29 12 29
1 7 1 7
69 76 69 76
16 86 16 35 39 58 67 72 86
18 82 18 20 39 58 67 82
9 68 9 20 39 58 68
15 74 15 30 44 55 58 68 74
17 70 17 70
5 37 5 6 37
7 48 7 14 34 48
27 67 27 44 55 67
23 75 23 37 48 75
52 89 52 77 89
7 76 7 14 25 35 39 76
36 88 36 37 49 72 88
30 81 30 34 48 75 80 81
24 83 24 27 79 83
4 87 4 49 72 87
3 68 3 27 44 55 58 68
26 88 26 42 62 72 88
2 59 2 33 51 59
35 67 35 39 58 67
15 39 15 26 28 35 39
85 88 85 88
17 67 17 33 51 67
17 55 17 20 55
15 82 15 26 42 51 67 82
24 86 24 27 44 55 67 72 86
14 83 14 28 37 51 80 81 83
26 80 26 42 51 80
40 76 40 68 69 76
16 68 16 35 39 58 68
36 83 36 37 51 80 81 83
3 48 3 30 34 48
4 70 4 70
21 83 21 26 42 51 80 81 83
18 76 18 20 39 76
14 84 14 25 79 84
45 64 45 64
29 89 29 48 52 77 89
20 56 20 56
57 63 57 63
58 77 58 77
3 55 3 9 20 55
13 59 13 26 42 51 59
28 48 28 37 48
55 72 55 67 72
36 77 36 37 52 77
12 52 12 29 48 52
57 65 57 63 65
43 87 43 44 55 67 72 87
6 51 6 37 51
28 58 28 35 39 58
19 82 19 56 64 71 82
13 42 13 26 42
5 35 5 6 16 35
36 67 36 37 51 67
27 76 27 44 55 58 68 69 76
80 81 80 81
63 65 63 65
21 58 21 58
33 78 33 78
23 66 23 66
10 86 10 24 27 44 55 67 72 86
34 86 34 59 64 86
44 67 44 55 58 67
27 89 27 79 84 89
26 71 26 42 51 59 64 71
2 78 2 33 78
27 74 27 44 55 58 68 74
14 52 14 28 37 52
13 55 13 20 55
16 64 16 29 48 52 64
22 75 22 34 48 75
56 74 56 74
26 64 26 42 51 59 64
7 37 7 14 28 37
20 76 20 39 76
1 13 1 13
27 83 27 79 83
8 70 8 28 41 70
20 76 20 40 68 69 76
17 77 17 20 55 58 77
30 48 30 34 48
10 61 10 17 33 61
18 81 18 22 31 43 52 80 81
53 88 53 88
1 78 1 78
14 35 14 28 35
53 81 53 80 81
1 70 1 7 14 28 41 70
16 35 16 35
5 65 5 6 16 35 39 65
15 39 15 26 28 35 39
7 57 7 57
37 49 37 49
0 56 0 13 20 56
21 26 21 26
1 70 1 13 28 41 70
27 74 27 44 55 58 68 74
0 40 0 20 40
41 57 41 57
38 89 38 89
33 64 33 51 59 64
2 56 2 9 20 56
9 56 9 20 56
27 72 27 44 55 67 72
18 59 18 22 34 59
45 86 45 64 86
17 58 17 58
15 69 15 22 31 43 44 55 58 68 69
7 83 7 43 44 79 83
3 78 3 9 20 40 78
24 76 24 27 44 55 58 68 69 76
51 59 51 59
45 82 45 64 82
12 59 12 37 51 59
36 77 36 37 52 77
24 83 24 27 44 79 83
42 72 42 62 72
10 71 10 30 48 52 71
2 73 2 9 20 73
34 64 34 59 64
25 51 25 33 51
23 32 23 32
66 78 66 78
6 55 6 31 43 44 55
43 55 43 44 55
3 83 3 30 48 52 80 81 83
2 39 2 9 20 39
25 62 25 62
23 71 23 37 51 59 64 71
23 71 23 37 51 59 64 71
8 71 8 9 20 56 64 71
6 31 6 31
7 25 7 14 25
20 89 20 55 58 77 89
23 49 23 49
16 64 16 35 59 64
31 84 31 43 44 55 84
21 81 21 42 51 80 81
25 49 25 33 49
7 58 7 14 28 35 39 58
58 86 58 67 72 86
18 79 18 22 43 44 79
18 65 18 20 39 65
8 60 8 28 41 50 60
5 49 5 6 37 49
0 24 0 10 24
8 74 8 28 35 39 58 68 74
42 87 42 62 72 87
44 84 44 84
5 64 5 64
14 77 14 25 35 39 58 77
3 58 3 27 44 55 58
57 65 57 63 65
2 39 2 9 20 39
57 86 57 72 86
7 88 7 43 44 55 67 72 88
15 39 15 26 28 35 39
28 73 28 35 39 58 67 73
18 72 18 20 55 58 67 72
26 72 26 42 62 72
4 67 4 23 37 51 67
13 42 13 26 42
53 80 53 80
3 38 3 38
3 72 3 9 62 72
36 81 36 81
8 62 8 9 62
1 49 1 49
10 51 10 17 33 51
7 76 7 14 25 33 49 76
12 68 12 44 55 58 68
43 44 43 44
15 55 15 22 31 43 44 55
42 83 42 51 80 81 83
33 88 33 62 72 88
26 64 26 28 37 48 52 64
75 80 75 80
1 78 1 2 78
7 78 7 57 78
18 84 18 20 55 84
20 88 20 88
19 52 19 43 52
28 48 28 37 48
17 49 17 33 49
41 49 41 49
79 83 79 83
15 68 15 22 31 68
14 33 14 25 33
26 59 26 28 35 59
13 84 13 84
8 75 8 28 37 48 75
26 80 26 42 51 80
10 62 10 17 33 62
10 44 10 24 27 44
39 77 39 58 77
39 87 39 58 67 72 87
10 68 10 17 20 39 58 68
31 64 31 43 52 64
43 82 43 52 64 82
2 59 2 23 37 59
17 60 17 60
14 33 14 25 33
10 69 10 17 33 49 69
67 87 67 72 87
0 59 0 13 28 35 59
15 89 15 26 42 51 59 89
2 87 2 33 51 67 72 87
14 83 14 25 79 83
2 82 2 33 51 59 64 82
34 79 34 79
28 64 28 37 51 59 64
49 86 49 72 86
16 77 16 29 48 52 77
23 32 23 32
27 77 27 44 55 58 77
25 35 25 35
2 86 2 56 64 86
25 77 25 35 39 58 77
8 87 8 41 49 72 87
0 41 0 13 26 28 41
9 56 9 20 56
19 89 19 38 89
1 39 1 13 28 35 39
36 37 36 37
1 49 1 37 49
13 84 13 84
34 80 34 48 52 80
1 75 1 37 48 75
25 63 25 63
36 77 36 37 52 77
30 48 30 48
26 71 26 28 35 59 64 71
12 60 12 60
18 58 18 20 55 58
47 75 47 75
70 81 70 81
23 78 23 66 78
27 78 27 78
1 57 1 13 28 41 57
42 71 42 51 59 64 71
48 52 48 52
31 64 31 43 52 64
36 88 36 37 49 72 88
28 58 28 35 39 58
20 87 20 55 67 72 87
12 50 12 50
7 42 7 14 42
21 74 21 58 68 74
14 37 14 28 37
26 88 26 28 35 39 58 67 72 88
33 51 33 51
44 55 44 55
26 86 26 28 41 49 72 86
68 69 68 69
7 63 7 14 25 63
35 59 35 59
12 24 12 24
10 71 10 30 34 48 52 64 71
48 64 48 52 64
1 57 1 7 14 28 41 57
26 72 26 28 37 72
52 64 52 64
16 64 16 35 59 64
15 30 15 30
39 68 39 58 68
80 81 80 81
13 82 13 28 41 50 82
1 37 1 37
24 82 24 71 82
36 80 36 37 52 80
0 26 0 13 26
44 83 44 79 83
43 89 43 44 84 89
41 88 41 49 72 88
2 59 2 23 37 51 59
12 72 12 72
2 81 2 33 51 80 81
3 38 3 38
1 41 1 7 14 28 41
14 61 14 25 33 61
26 76 26 28 35 39 58 68 69 76
51 81 51 80 81
26 72 26 28 37 49 72
49 69 49 69
14 77 14 28 35 39 58 77
79 83 79 83
1 73 1 37 51 67 73
16 74 16 35 39 58 68 74
12 72 12 44 55 67 72
5 82 5 52 64 82
13 26 13 26
22 48 22 34 48
14 86 14 34 59 64 86
1 13 1 13
43 84 43 44 55 84
20 40 20 40
51 88 51 67 72 88
19 56 19 56
4 86 4 30 34 48 52 64 86
7 78 7 14 28 41 57 78
30 67 30 44 55 58 67
1 57 1 13 28 41 57
13 83 13 26 42 51 80 81 83
19 77 19 43 52 77
45 86 45 64 86
30 75 30 48 75
19 86 19 62 72 86
4 23 4 23
24 76 24 27 44 55 58 68 69 76
31 84 31 43 44 55 84
53 81 53 80 81
1 64 1 37 51 59 64
36 87 36 37 72 87
57 78 57 78
1 81 1 7 14 34 48 75 80 81
37 52 37 48 52
27 82 27 44 55 67 82
18 58 18 20 55 58
3 62 3 9 62
44 83 44 79 83
14 64 14 42 51 59 64
70 81 70 81
9 68 9 20 40 68
39 69 39 58 68 69
37 77 37 48 52 77
16 87 16 35 39 87
24 89 24 89
2 67 2 33 51 67
49 72 49 72
49 88 49 72 88
28 73 28 35 39 58 67 73
9 56 9 20 56
33 51 33 51
51 81 51 80 81
42 82 42 51 59 64 71 82
24 73 24 27 44 55 67 73
21 83 21 42 51 80 81 83
35 59 35 59
3 78 3 27 78
28 82 28 35 59 64 71 82
20 56 20 56
13 51 13 28 37 51
25 84 25 79 84
23 64 23 37 59 64
0 41 0 13 26 28 41
27 58 27 44 55 58
5 64 5 6 37 51 59 64
4 55 4 30 44 55
14 61 14 25 33 61
55 77 55 58 77
8 68 8 40 68
36 72 36 37 72
1 39 1 13 28 35 39
67 73 67 73
4 34 4 30 34
15 51 15 26 42 51
42 82 42 51 59 64 71 82
15 69 15 22 31 68 69
11 76 11 68 69 76
56 71 56 64 71
12 75 12 75
16 29 16 29
43 82 43 52 64 82
41 57 41 57
39 77 39 58 77
12 84 12 44 79 84
7 42 7 14 42
19 88 19 62 72 88
55 67 55 58 67
84 89 84 89
5 37 5 6 37
27 83 27 44 79 83
13 60 13 26 28 41 50 60
30 81 30 34 48 75 80 81
6 79 6 31 43 44 79
9 64 9 20 56 64
7 76 7 14 25 33 49 76
55 77 55 58 77
15 69 15 30 44 55 58 68 69
51 82 51 59 64 82
1 85 1 7 14 25 85
10 68 10 30 44 55 58 68
69 76 69 76
13 68 13 68
58 67 58 67
5 79 5 6 31 43 44 79
18 69 18 22 31 68 69
56 82 56 64 71 82
31 80 31 43 52 80
25 33 25 33
17 67 17 20 39 58 67
35 71 35 59 64 71
2 82 2 82
13 77 13 26 28 77
13 65 13 20 39 65
3 48 3 30 34 48
48 81 48 52 80 81
10 39 10 17 20 39
28 37 28 37
10 69 10 17 20 39 58 68 69
13 68 13 68
0 88 0 13 20 55 67 72 88
42 83 42 51 80 81 83
0 81 0 10 17 33 51 80 81
21 58 21 58
38 65 38 65
54 83 54 81 83
62 72 62 72
0 79 0 10 30 34 79
4 64 4 23 37 51 59 64
33 76 33 49 76
0 88 0 20 55 67 72 88
10 87 10 17 33 62 72 87
9 86 9 20 55 67 72 86
16 67 16 35 39 58 67
8 9 8 9
23 86 23 49 72 86
24 86 24 27 44 55 67 72 86
55 84 55 84
22 75 22 34 48 75
25 61 25 33 61
5 79 5 6 31 43 44 79
12 50 12 45 50
36 87 36 37 51 67 72 87
10 75 10 30 34 48 75
10 75 10 48 75
13 29 13 29
1 89 1 2 23 66 77 89
77 89 77 89
0 80 0 13 28 37 48 75 80
4 84 4 30 34 79 84
47 75 47 75
19 58 19 43 44 55 58
28 87 28 87
5 76 5 6 37 49 76
31 68 31 43 44 55 58 68
12 49 12 37 49
26 28 26 28
4 49 4 49
7 37 7 14 28 37
33 64 33 51 59 64
3 27 3 27
31 56 31 56
17 61 17 33 61
57 86 57 72 86
5 51 5 6 37 51
27 88 27 79 88
7 52 7 14 28 37 52
17 49 17 33 49
19 58 19 43 44 55 58
43 73 43 44 55 58 67 73
0 87 0 13 20 39 87
10 84 10 17 20 55 84
0 28 0 13 28
18 87 18 22 43 44 55 58 67 72 87
35 86 35 59 64 86
36 73 36 37 51 67 73
13 51 13 28 37 51
43 52 43 52
25 82 25 35 59 64 82
18 71 18 20 56 64 71
59 64 59 64
56 64 56 64
8 60 8 41 50 60
31 64 31 56 64
19 43 19 43
42 64 42 51 59 64
12 50 12 50
42 67 42 51 67
19 64 19 56 64
17 32 17 32
19 82 19 82
49 76 49 69 76
13 67 13 26 42 51 67
0 81 0 13 29 48 52 80 81
59 82 59 64 71 82
7 77 7 14 28 35 39 58 77
12 84 12 44 55 84
4 88 4 23 49 72 88
42 64 42 51 59 64
30 84 30 44 79 84
23 51 23 37 51
30 67 30 44 55 67
17 61 17 33 61
26 39 26 28 35 39
16 71 16 29 48 52 64 71
6 71 6 16 29 48 52 64 71
64 82 64 82
0 79 0 27 44 79
27 77 27 44 55 58 77
37 88 37 48 88
36 67 36 37 51 67
5 72 5 72
6 68 6 16 35 39 58 68
15 58 15 30 44 55 58
3 83 3 37 48 52 80 81 83
51 82 51 67 82
47 83 47 75 80 81 83
15 55 15 30 44 55
36 77 36 37 52 77
36 77 36 37 48 52 77
28 37 28 37
7 69 7 43 44 55 58 68 69
8 51 8 28 37 51
15 74 15 30 44 55 58 68 74
48 52 48 52
16 35 16 35
13 64 13 29 48 52 64
20 65 20 39 65
4 87 4 23 49 72 87
0 20 0 20
3 39 3 9 20 39
19 43 19 43
17 67 17 58 67
35 65 35 39 65
19 76 19 69 76
10 62 10 17 33 62
23 64 23 37 59 64
28 58 28 35 39 58
43 82 43 44 55 67 82
4 76 4 30 44 55 58 68 69 76
39 89 39 58 77 89
49 72 49 72
8 80 8 28 37 48 75 80
5 82 5 64 82
49 69 49 69
22 84 22 31 43 44 79 84
39 65 39 65
16 80 16 29 48 52 80
58 74 58 68 74
33 80 33 51 80
20 88 20 88
14 83 14 25 79 83
67 72 67 72
16 64 16 29 48 52 64
25 39 25 35 39
25 63 25 63
27 76 27 44 55 58 68 69 76
21 89 21 26 28 37 51 59 89
72 86 72 86
28 64 28 35 59 64
3 30 3 30
1 13 1 13
27 79 27 79
67 72 67 72
35 39 35 39
53 89 53 84 89
6 31 6 31
12 37 12 37
23 86 23 37 48 52 64 86
28 73 28 37 51 67 73
1 23 1 2 23
33 86 33 62 72 86
18 59 18 22 34 59
23 75 23 37 48 75
1 64 1 13 29 48 52 64
51 89 51 59 89
79 84 79 84
17 55 17 20 55
7 37 7 14 28 37
38 89 38 89
35 71 35 59 64 71
4 66 4 23 66
14 73 14 42 51 67 73
10 69 10 17 20 39 58 68 69
8 55 8 9 20 55
3 64 3 30 34 59 64
6 72 6 31 43 44 55 58 67 72
13 50 13 26 28 41 50
0 81 0 10 48 52 80 81
0 37 0 13 26 28 37
14 77 14 34 48 52 77
19 86 19 62 72 86
7 48 7 14 34 48
26 48 26 28 37 48
12 88 12 37 51 67 72 88
12 49 12 37 49
67 87 67 72 87
22 59 22 34 59
3 48 3 37 48
34 80 34 48 52 80
6 69 6 31 43 44 55 58 68 69
22 34 22 34
57 72 57 72
17 89 17 58 77 89
7 43 7 43
19 58 19 43 44 55 58
48 82 48 75 82
1 55 1 7 43 44 55
7 57 7 14 28 41 57
1 23 1 2 23
18 87 18 20 55 67 72 87
42 83 42 51 80 81 83
25 79 25 79
22 76 22 31 68 69 76
16 52 16 29 48 52
9 86 9 62 72 86
12 51 12 37 51
22 76 22 31 68 69 76
6 77 6 31 43 44 55 58 77
21 71 21 42 51 59 64 71
31 80 31 43 52 80
16 59 16 35 59
2 9 2 9
20 87 20 55 58 67 72 87
20 40 20 40
39 58 39 58
22 75 22 34 48 75
66 78 66 78
6 72 6 31 43 44 55 67 72
0 81 0 13 29 48 52 80 81
41 69 41 49 69
5 81 5 6 31 43 52 80 81
11 76 11 68 69 76
4 23 4 23
12 45 12 45
0 81 0 13 29 48 52 80 81
22 59 22 34 59
26 42 26 42
29 89 29 48 52 77 89
43 55 43 44 55
8 71 8 28 35 59 64 71
26 73 26 73
18 43 18 22 43
36 37 36 37
0 59 0 13 26 28 35 59
0 48 0 10 30 34 48
36 71 36 59 64 71
21 89 21 58 77 89
39 58 39 58
58 82 58 67 82
29 89 29 48 52 77 89
17 56 17 20 56
26 71 26 42 51 59 64 71
30 81 30 34 48 52 80 81
17 89 17 33 51 59 89
11 88 11 88
36 75 36 37 48 75
21 37 21 26 28 37
28 64 28 35 59 64
26 86 26 42 62 72 86
10 33 10 17 33
19 76 19 69 76
34 86 34 86
28 86 28 64 86
24 73 24 27 44 55 58 67 73
33 59 33 51 59
18 59 18 59
44 88 44 55 58 67 72 88
47 82 47 75 82
33 89 33 51 59 89
55 68 55 58 68
55 58 55 58
51 81 51 80 81
1 75 1 2 23 37 48 75
1 73 1 2 23 37 51 67 73
19 80 19 43 52 80
14 69 14 25 35 39 58 68 69
44 67 44 55 67
11 82 11 59 64 82
18 73 18 20 55 58 67 73
8 75 8 28 37 48 75
13 28 13 28
37 75 37 48 75
55 67 55 67
3 38 3 38
4 74 4 30 44 55 58 68 74
33 61 33 61
0 79 0 10 24 27 44 79
84 89 84 89
1 74 1 2 9 20 55 58 68 74
3 79 3 30 44 79
52 77 52 77
59 89 59 89
52 71 52 64 71
0 26 0 13 26
35 76 35 39 76
47 82 47 75 82
57 82 57 82
37 69 37 49 69
1 40 1 2 9 20 40
31 89 31 43 44 79 84 89
21 39 21 26 28 35 39
3 69 3 9 20 40 68 69
0 27 0 27
42 73 42 51 67 73
25 89 25 35 59 89
33 49 33 49
19 38 19 38
52 80 52 80
25 82 25 33 51 67 82
45 50 45 50
27 76 27 44 55 58 68 69 76
3 72 3 27 44 55 67 72
17 61 17 33 61
3 59 3 30 34 59
8 35 8 28 35
14 77 14 28 77
7 84 7 14 34 79 84
21 83 21 26 28 37 52 80 81 83
43 87 43 87
33 88 33 49 72 88
6 77 6 77
47 75 47 75
75 88 75 88
42 72 42 62 72
16 74 16 35 39 58 68 74
2 66 2 23 66
8 89 8 28 35 59 89
36 81 36 37 52 80 81
39 73 39 58 67 73
21 86 21 42 51 67 72 86
6 69 6 31 68 69
19 69 19 69
45 50 45 50
9 55 9 20 55
10 33 10 17 33
0 61 0 10 17 33 61
7 84 7 43 44 84
20 87 20 55 58 67 72 87
14 37 14 28 37
48 88 48 88
49 87 49 72 87
0 40 0 10 17 20 40
22 43 22 31 43
39 77 39 58 77
19 89 19 43 44 79 84 89
11 82 11 59 64 82
35 67 35 39 58 67
6 56 6 31 56
10 69 10 24 27 44 55 58 68 69
16 52 16 29 48 52
48 80 48 52 80
43 84 43 44 55 84
19 77 19 43 44 55 58 77
8 71 8 28 35 59 64 71
39 88 39 58 67 72 88
5 72 5 72
79 83 79 83
26 88 26 88
21 60 21 26 28 41 50 60
4 23 4 23
21 63 21 26 28 41 57 63
17 73 17 58 67 73
39 69 39 58 68 69
0 20 0 20
34 52 34 48 52
21 42 21 26 42
34 48 34 48
44 84 44 55 84
13 67 13 26 28 35 39 58 67
51 83 51 80 81 83
8 35 8 28 35
1 49 1 2 23 49
4 83 4 70 81 83
8 35 8 28 35
7 34 7 14 34
16 52 16 29 48 52
25 84 25 79 84
56 74 56 74
23 32 23 32
22 34 22 34
14 69 14 25 33 49 69
35 68 35 39 58 68
59 82 59 64 82
18 48 18 22 34 48
3 37 3 37
15 44 15 30 44
12 52 12 29 48 52
49 88 49 72 88
6 55 6 31 43 44 55
3 62 3 9 62
27 89 27 79 84 89
31 89 31 43 44 79 84 89
15 79 15 30 44 79
39 67 39 58 67
39 82 39 58 67 82
30 68 30 44 55 58 68
18 20 18 20
13 42 13 26 42
13 62 13 26 42 62
8 60 8 28 41 50 60
21 74 21 26 28 68 74
3 68 3 9 20 39 58 68
7 68 7 14 25 40 68
16 52 16 29 48 52
75 81 75 80 81
13 84 13 84
31 80 31 43 52 80
14 73 14 28 37 51 67 73
25 62 25 62
55 68 55 58 68
3 89 3 27 79 84 89
44 84 44 84
67 82 67 82
15 67 15 30 44 55 58 67
47 82 47 75 82
21 86 21 58 67 72 86
23 72 23 49 72
62 72 62 72
68 76 68 69 76
25 38 25 38
55 68 55 58 68
2 66 2 23 66
3 89 3 30 44 84 89
17 61 17 33 61
2 80 2 23 37 51 80
1 88 1 7 43 44 55 58 67 72 88
27 83 27 44 79 83
18 71 18 20 56 64 71
3 75 3 37 48 75
31 89 31 43 52 77 89
49 88 49 72 88
28 52 28 37 52
17 20 17 20
28 81 28 37 48 75 80 81
39 69 39 58 68 69
8 64 8 28 37 52 64
9 68 9 20 55 58 68
51 80 51 80
11 82 11 59 64 82
3 30 3 30
49 88 49 72 88
10 75 10 30 48 75
30 48 30 34 48
6 76 6 37 76
22 81 22 34 48 52 80 81
15 43 15 22 43
5 79 5 6 31 43 44 79
10 59 10 30 34 59
4 84 4 30 34 79 84
18 84 18 20 55 84
47 75 47 75
31 56 31 56
26 86 26 42 62 72 86
15 30 15 30
15 86 15 26 28 41 57 72 86
14 89 14 42 51 59 89
7 48 7 14 34 48
0 89 0 10 30 48 52 77 89
27 89 27 44 55 58 77 89
63 65 63 65
15 67 15 26 28 35 39 58 67
41 76 41 49 76
80 83 80 81 83
84 89 84 89
1 13 1 13
35 67 35 39 58 67
62 86 62 72 86
35 76 35 39 76
58 74 58 68 74
8 73 8 9 20 73
57 78 57 78
58 77 58 77
67 72 67 72
18 65 18 20 39 65
35 76 35 39 76
34 84 34 79 84
23 37 23 37
21 51 21 42 51
4 76 4 23 37 49 76
51 81 51 80 81
15 51 15 26 28 37 51
7 55 7 43 44 55
18 65 18 20 39 65
2 82 2 33 51 67 82
49 88 49 72 88
57 82 57 82
15 86 15 26 28 64 86
23 71 23 37 59 64 71
0 10 0 10
0 34 0 10 30 34
21 59 21 42 51 59
48 64 48 52 64
37 72 37 49 72
49 87 49 72 87
19 69 19 43 44 55 58 68 69
24 55 24 27 44 55
18 34 18 22 34
39 82 39 58 67 82
3 72 3 27 44 55 58 67 72
12 44 12 44
36 50 36 50
19 80 19 43 52 80
12 60 12 60
8 62 8 62
0 28 0 13 28
2 23 2 23
33 78 33 78
10 78 10 17 33 78
1 59 1 7 14 34 59
2 39 2 9 20 39
3 75 3 37 48 75
15 82 15 22 34 48 75 82
18 75 18 22 34 48 75
11 89 11 59 89
3 75 3 30 34 48 75
33 61 33 61
42 59 42 51 59
7 78 7 14 25 33 78
51 86 51 67 72 86
8 71 8 28 64 71
80 83 80 81 83
17 69 17 20 55 58 68 69
41 78 41 57 78
23 32 23 32
18 43 18 22 31 43
1 7 1 7
2 89 2 33 51 59 89
3 27 3 27
1 42 1 7 14 42
49 76 49 69 76
18 58 18 22 43 44 55 58
2 67 2 23 37 51 67
1 70 1 7 14 28 41 70
17 78 17 78
55 72 55 58 67 72
21 37 21 26 28 37
55 84 55 84
36 52 36 37 52
7 69 7 14 28 41 49 69
17 67 17 58 67
1 75 1 2 23 37 48 75
37 75 37 48 75
52 80 52 80
48 77 48 52 77
24 67 24 27 44 55 67
0 79 0 27 44 79
21 26 21 26
21 83 21 26 28 37 52 80 81 83
42 82 42 51 59 64 82
18 20 18 20
38 89 38 89
24 86 24 27 44 55 58 67 72 86
48 88 48 88
56 71 56 64 71
4 83 4 23 37 51 80 81 83
1 57 1 13 26 28 41 57
7 69 7 14 28 68 69
21 57 21 26 28 41 57
19 64 19 43 52 64
33 86 33 49 72 86
10 74 10 17 58 68 74
10 30 10 30
15 67 15 30 44 55 58 67
0 24 0 10 24
18 59 18 22 34 59
39 87 39 87
7 83 7 43 52 80 81 83
7 76 7 14 28 35 39 58 68 69 76
27 78 27 78
5 49 5 6 37 49
2 80 2 23 37 51 80
10 75 10 30 34 48 75
19 76 19 69 76
21 82 21 26 28 41 70 82
12 89 12 29 48 52 77 89
26 73 26 28 35 39 58 67 73
20 40 20 40
1 39 1 2 9 20 39
14 73 14 42 51 67 73
27 74 27 44 55 58 68 74
17 70 17 70
13 83 13 83
10 68 10 17 58 68
68 76 68 69 76
14 25 14 25
0 69 0 13 28 35 39 58 68 69
13 89 13 20 55 58 77 89
10 68 10 24 27 44 55 58 68
19 76 19 43 44 55 58 68 69 76
14 28 14 28
36 67 36 37 51 67
37 52 37 48 52
15 86 15 30 34 48 52 64 86
4 89 4 30 48 52 77 89
10 71 10 17 20 56 64 71
35 71 35 59 64 71
12 75 12 37 48 75
13 49 13 28 41 49
45 71 45 64 71
14 37 14 28 37
3 82 3 82
50 82 50 82
9 62 9 62
39 58 39 58
7 88 7 62 72 88
22 31 22 31
18 34 18 22 34
79 83 79 83
9 40 9 20 40
23 78 23 66 78
52 64 52 64
12 50 12 45 50
12 24 12 24
45 71 45 64 71
14 65 14 25 63 65
19 77 19 43 44 55 58 77
68 76 68 69 76
22 59 22 34 59
26 80 26 42 51 80
19 84 19 43 44 55 84
69 76 69 76
10 61 10 17 33 61
43 88 43 44 79 88
18 69 18 20 39 58 68 69
36 83 36 81 83
8 64 8 9 20 56 64
18 22 18 22
15 43 15 22 43
22 48 22 34 48
8 74 8 28 68 74
9 62 9 62
19 77 19 43 44 55 58 77
0 57 0 13 26 28 41 57
8 68 8 28 35 39 58 68
55 77 55 58 77
37 76 37 76
37 48 37 48
2 66 2 23 66
21 86 21 42 62 72 86
0 76 0 20 39 76
9 40 9 20 40
20 65 20 39 65
41 78 41 57 78
11 68 11 68
21 51 21 42 51
22 75 22 34 48 75
29 52 29 48 52
33 71 33 51 59 64 71
22 74 22 43 44 55 58 68 74
42 89 42 51 59 89
26 88 26 88
13 48 13 26 28 37 48
31 79 31 43 44 79
35 88 35 39 58 67 72 88
6 71 6 71
1 74 1 13 74
16 64 16 29 48 52 64
47 75 47 75
67 87 67 72 87
28 37 28 37
10 70 10 17 70
37 59 37 59
6 37 6 37
4 30 4 30
3 64 3 30 48 52 64
55 82 55 67 82
19 83 19 43 52 80 81 83
21 86 21 58 67 72 86
14 65 14 28 41 57 63 65
58 76 58 68 69 76
18 87 18 22 43 44 55 67 72 87
28 59 28 37 59
24 74 24 27 44 55 58 68 74
7 25 7 14 25
37 59 37 59
55 58 55 58
21 86 21 26 42 62 72 86
58 74 58 68 74
1 58 1 7 43 44 55 58
12 59 12 37 51 59
27 78 27 78
30 81 30 34 48 75 80 81
5 64 5 64
14 74 14 25 35 39 58 68 74
53 89 53 84 89
42 80 42 51 80
68 76 68 69 76
43 44 43 44
19 64 19 43 52 64
10 71 10 30 34 59 64 71
23 72 23 37 51 67 72
42 87 42 62 72 87
33 64 33 51 59 64
14 40 14 25 40
8 89 8 28 35 39 58 77 89
45 77 45 77
39 88 39 58 67 72 88
4 88 4 23 37 48 88
25 89 25 33 51 59 89
36 73 36 37 51 67 73
1 37 1 13 26 28 37
7 84 7 14 34 79 84
35 88 35 39 58 67 72 88
14 59 14 59
34 48 34 48
16 35 16 35
30 68 30 44 55 58 68
0 41 0 13 28 41
21 57 21 26 28 41 57
7 84 7 43 44 79 84
18 76 18 22 43 44 55 58 68 69 76
8 51 8 28 37 51
45 71 45 64 71
16 35 16 35
42 80 42 51 80
25 35 25 35
36 77 36 37 77
0 76 0 13 68 69 76
28 87 28 87
4 87 4 30 44 55 67 72 87
33 49 33 49
0 10 0 10
2 39 2 9 20 39
9 62 9 62
25 38 25 38
66 89 66 77 89
1 44 1 7 43 44
14 40 14 25 40
79 88 79 88
49 69 49 69
4 66 4 23 66
22 43 22 43
18 59 18 22 34 59
13 59 13 26 28 37 59
15 79 15 22 34 79
28 73 28 37 51 67 73
37 59 37 51 59
39 87 39 58 67 72 87
21 89 21 58 77 89
25 71 25 33 51 59 64 71
25 84 25 79 84
13 84 13 84
54 81 54 81
44 83 44 79 83
10 83 10 30 48 52 80 81 83
37 48 37 48
18 84 18 22 34 79 84
41 49 41 49
35 65 35 39 65
26 83 26 28 37 52 80 81 83
3 37 3 37
15 43 15 22 31 43
26 88 26 88
13 50 13 26 28 41 50
48 88 48 88
1 41 1 13 26 28 41
14 59 14 34 59
84 89 84 89
28 64 28 35 59 64
36 77 36 37 52 77
14 35 14 25 35
55 82 55 67 82
64 82 64 71 82
7 48 7 14 34 48
63 65 63 65
16 86 16 86
33 89 33 51 59 89
24 74 24 27 44 55 58 68 74
25 35 25 35
13 26 13 26
8 55 8 9 20 55
26 64 26 28 64
72 88 72 88
23 64 23 37 52 64
33 71 33 51 59 64 71
81 83 81 83
52 71 52 71
51 82 51 67 82
3 39 3 9 20 39
37 52 37 52
3 72 3 30 44 55 67 72
5 72 5 72
21 37 21 26 28 37
16 35 16 35
51 81 51 80 81
19 69 19 69
2 20 2 9 20
14 77 14 25 35 39 58 77
27 82 27 44 55 67 82
28 70 28 41 70
25 87 25 33 49 72 87
6 44 6 31 43 44
43 52 43 52
6 69 6 31 68 69
28 68 28 35 39 58 68
0 77 0 45 77
25 65 25 38 65
23 64 23 37 59 64
12 68 12 44 55 58 68
7 64 7 14 34 59 64
43 71 43 52 71
31 77 31 43 44 55 58 77
21 58 21 26 28 35 39 58
17 60 17 60
75 88 75 88
64 82 64 71 82
31 80 31 43 52 80
15 34 15 30 34
17 56 17 20 56
57 63 57 63
10 61 10 17 33 61
35 86 35 39 58 67 72 86
58 68 58 68
23 66 23 66
27 44 27 44
80 81 80 81
79 84 79 84
45 86 45 64 86
8 80 8 28 37 48 52 80
33 71 33 51 59 64 71
35 64 35 59 64
0 81 0 10 30 34 48 75 80 81
16 68 16 35 39 58 68
14 73 14 25 35 39 58 67 73
21 63 21 26 28 41 57 63
4 84 4 30 44 84
25 77 25 35 39 58 77
12 50 12 45 50
10 44 10 30 44
17 78 17 78
17 73 17 20 55 67 73
36 88 36 37 48 88
12 60 12 45 50 60
36 81 36 81
4 88 4 49 72 88
15 69 15 26 28 41 49 69
36 52 36 37 48 52
12 59 12 37 59
41 50 41 50
0 79 0 27 79
18 65 18 20 39 65
36 67 36 37 51 67
45 50 45 50
41 88 41 57 72 88
33 62 33 62
21 72 21 42 62 72
26 42 26 42
27 77 27 44 55 58 77
14 85 14 25 85
22 64 22 34 48 52 64
3 39 3 9 20 39
17 74 17 20 55 58 68 74
12 72 12 72
6 76 6 37 49 76
36 80 36 37 51 80
31 79 31 43 44 79
28 64 28 35 59 64
5 64 5 52 64
17 70 17 70
13 26 13 26
0 59 0 13 26 28 37 51 59
38 89 38 89
69 76 69 76
3 55 3 9 20 55
15 39 15 26 28 35 39
5 79 5 79
54 86 54 86
1 2 1 2
42 82 42 51 67 82
70 81 70 81
67 86 67 72 86
39 88 39 58 67 72 88
47 75 47 75
44 89 44 84 89
3 58 3 30 44 55 58
11 64 11 59 64
52 77 52 77
7 34 7 14 34
75 80 75 80
41 49 41 49
14 84 14 34 79 84
10 30 10 30
21 62 21 42 62
16 52 16 29 48 52
23 32 23 32
18 76 18 20 55 58 68 69 76
3 34 3 30 34
12 88 12 37 49 72 88
28 52 28 37 48 52
19 81 19 43 52 80 81
10 69 10 17 58 68 69
68 69 68 69
25 76 25 35 39 58 68 69 76
34 84 34 79 84
22 43 22 31 43
3 37 3 37
20 76 20 55 58 68 69 76
75 80 75 80
8 9 8 9
66 77 66 77
25 49 25 33 49
37 49 37 49
41 49 41 49
36 67 36 37 51 67
3 88 3 27 44 55 67 72 88
31 68 31 68
2 89 2 23 66 77 89
72 86 72 86
2 33 2 33
5 89 5 6 77 89
43 82 43 52 71 82
0 13 0 13
14 89 14 28 77 89
28 77 28 35 39 58 77
39 69 39 58 68 69
45 77 45 77
10 34 10 30 34
8 80 8 28 37 48 75 80
17 58 17 58
24 79 24 27 44 79
2 67 2 33 51 67
54 81 54 81
28 37 28 37
14 86 14 42 51 67 72 86
43 55 43 44 55
23 49 23 49
13 74 13 26 28 35 39 58 68 74
36 73 36 37 51 67 73
36 37 36 37
8 9 8 9
3 49 3 37 49
1 87 1 49 72 87
29 89 29 48 52 77 89
3 59 3 30 34 59
34 59 34 59
37 82 37 48 52 71 82
3 68 3 27 44 55 58 68
29 48 29 48
8 82 8 9 20 39 58 67 82
52 64 52 64
9 64 9 20 56 64
14 34 14 34
23 78 23 66 78
3 30 3 30
34 81 34 48 75 80 81
10 34 10 30 34
23 64 23 37 48 52 64
5 52 5 6 16 29 48 52
68 69 68 69
25 85 25 85
30 44 30 44
14 33 14 25 33
27 83 27 79 83
22 76 22 31 68 69 76
36 59 36 37 51 59
23 75 23 37 48 75
19 56 19 56
7 83 7 14 34 48 75 80 81 83
31 89 31 43 44 84 89
67 86 67 72 86
15 82 15 30 48 75 82
25 84 25 79 84
15 82 15 30 48 75 82
9 68 9 20 55 58 68
3 79 3 27 79
2 87 2 33 62 72 87
23 82 23 37 48 75 82
4 32 4 23 32
44 79 44 79
21 37 21 26 28 37
4 23 4 23
39 67 39 58 67
53 81 53 80 81
13 56 13 20 56
25 35 25 35
7 64 7 14 42 51 59 64
6 69 6 37 49 69
42 59 42 51 59
17 78 17 20 40 78
13 84 13 20 55 84
20 55 20 55
42 87 42 62 72 87
35 76 35 39 58 68 69 76
3 68 3 27 44 55 58 68
8 80 8 28 37 51 80
29 48 29 48
58 86 58 67 72 86
4 67 4 30 44 55 58 67
26 80 26 28 37 48 75 80
26 72 26 28 41 57 72
21 26 21 26
45 77 45 77
6 44 6 31 43 44
44 83 44 79 83
33 88 33 49 72 88
43 89 43 44 55 84 89
0 51 0 13 28 37 51
15 68 15 26 28 68
15 58 15 30 44 55 58
10 17 10 17
19 81 19 43 52 80 81
30 44 30 44
66 77 66 77
1 41 1 13 28 41
9 62 9 62
0 40 0 13 20 40
13 42 13 26 42
12 72 12 37 49 72
14 38 14 25 38
49 87 49 72 87
21 37 21 26 28 37
52 83 52 80 81 83
18 48 18 22 34 48
22 87 22 43 87
25 65 25 63 65
4 84 4 30 34 79 84
33 62 33 62
26 76 26 28 68 69 76
30 68 30 44 55 58 68
35 68 35 39 58 68
5 75 5 6 16 29 48 75
25 35 25 35
5 84 5 79 84
8 89 8 9 20 39 58 77 89
1 89 1 37 48 52 77 89
47 83 47 75 80 81 83
1 85 1 7 14 25 85
3 38 3 38
47 82 47 75 82
16 80 16 29 48 75 80
26 76 26 28 41 49 69 76
10 83 10 24 83
39 68 39 58 68
40 68 40 68
7 63 7 14 28 41 63
41 76 41 49 69 76
17 82 17 58 67 82
75 80 75 80
22 76 22 31 68 69 76
36 67 36 37 51 67
2 68 2 9 20 55 58 68
42 82 42 51 67 82
14 83 14 28 41 70 81 83
13 82 13 28 37 51 59 64 82
14 58 14 25 35 39 58
30 75 30 48 75
23 72 23 37 72
13 51 13 26 42 51
10 40 10 17 20 40
18 39 18 20 39
58 68 58 68
58 68 58 68
16 67 16 35 39 58 67
1 57 1 7 57
30 82 30 34 59 64 71 82
6 44 6 31 43 44
30 84 30 34 79 84
51 59 51 59
35 71 35 59 64 71
25 63 25 63
16 74 16 35 39 58 68 74
21 89 21 26 28 35 39 58 77 89
11 59 11 59
58 77 58 77
3 87 3 27 44 55 67 72 87
2 33 2 33
13 20 13 20
41 70 41 70
19 89 19 38 89
43 72 43 44 55 58 67 72
35 39 35 39
21 37 21 26 28 37
10 71 10 24 71
39 77 39 58 77
36 80 36 37 52 80
18 59 18 22 34 59
22 31 22 31
13 51 13 28 37 51
77 89 77 89
56 71 56 64 71
21 71 21 42 51 59 64 71
0 77 0 13 28 35 39 58 77
41 63 41 57 63
25 79 25 79
42 82 42 51 67 82
14 84 14 25 79 84
36 71 36 59 64 71
8 68 8 40 68
42 71 42 51 59 64 71
7 59 7 14 42 51 59
6 56 6 31 56
37 52 37 52
12 73 12 73
36 59 36 37 51 59
27 72 27 44 55 58 67 72
55 69 55 58 68 69
55 73 55 58 67 73
9 68 9 20 39 58 68
16 59 16 35 59
0 76 0 13 68 69 76
48 81 48 75 80 81
14 58 14 25 35 39 58
34 48 34 48
25 79 25 79
12 84 12 44 55 84
30 81 30 34 48 52 80 81
7 84 7 14 25 79 84
8 75 8 28 37 48 75
19 58 19 43 44 55 58
35 59 35 59
0 33 0 10 17 33
44 89 44 55 58 77 89
3 27 3 27
14 41 14 28 41
9 55 9 20 55
1 78 1 78
0 13 0 13
55 77 55 58 77
42 72 42 62 72
42 83 42 51 80 81 83
36 71 36 59 64 71
7 14 7 14
10 83 10 17 70 81 83
38 65 38 65
33 78 33 78
13 26 13 26
22 64 22 31 56 64
19 56 19 56
3 64 3 30 34 59 64
58 86 58 67 72 86
13 29 13 29
13 42 13 26 42
7 78 7 14 25 40 78
5 88 5 75 88
10 33 10 17 33
5 64 5 52 64
1 74 1 7 43 44 55 58 68 74
26 39 26 28 35 39
19 76 19 69 76
4 51 4 23 37 51
2 82 2 82
5 88 5 72 88
2 33 2 33
6 86 6 37 48 52 64 86
15 63 15 26 28 41 57 63
19 84 19 43 44 84
31 89 31 43 44 84 89
12 60 12 60
6 37 6 37
0 89 0 45 77 89
25 65 25 63 65
7 84 7 43 44 79 84
28 35 28 35
6 51 6 37 51
13 20 13 20
25 49 25 33 49
26 39 26 28 35 39
38 89 38 89
16 52 16 29 48 52
7 42 7 14 42
23 64 23 37 51 59 64
3 38 3 38
3 34 3 30 34
13 29 13 29
26 65 26 28 35 39 65
17 49 17 33 49
14 25 14 25
72 88 72 88
2 73 2 23 37 51 67 73
1 58 1 2 9 20 55 58
3 48 3 37 48
18 79 18 22 34 79
10 34 10 30 34
27 88 27 44 55 67 72 88
47 80 47 75 80
41 50 41 50
57 82 57 82
30 58 30 44 55 58
15 79 15 22 43 44 79
3 48 3 37 48
20 55 20 55
8 89 8 28 37 48 52 77 89
1 69 1 7 14 25 33 49 69
13 67 13 26 28 35 39 58 67
5 89 5 6 77 89
18 69 18 20 39 58 68 69
31 86 31 43 52 64 86
12 45 12 45
24 86 24 27 44 55 58 67 72 86
7 68 7 14 28 35 39 58 68
64 71 64 71
18 82 18 22 43 44 55 58 67 82
39 58 39 58
6 37 6 37
0 10 0 10
15 82 15 26 28 64 71 82
2 87 2 23 37 51 67 72 87
57 86 57 72 86
21 58 21 58
3 38 3 38
37 51 37 51
13 29 13 29
21 51 21 26 42 51
19 62 19 62
10 87 10 30 44 55 67 72 87
13 60 13 60
25 33 25 33
37 77 37 52 77
41 50 41 50
21 72 21 58 67 72
8 41 8 41
25 62 25 33 62
12 72 12 24 27 44 55 67 72
26 59 26 42 51 59
27 72 27 44 55 67 72
40 76 40 68 69 76
2 67 2 33 51 67
25 51 25 33 51
2 73 2 33 51 67 73
26 48 26 28 37 48
48 80 48 75 80
10 61 10 17 33 61
24 27 24 27
48 80 48 75 80
4 34 4 30 34
4 89 4 30 34 79 84 89
21 74 21 26 28 35 39 58 68 74
33 49 33 49
0 86 0 20 56 64 86
33 61 33 61
14 62 14 25 62
72 88 72 88
36 75 36 37 48 75
58 77 58 77
8 62 8 62
51 86 51 67 72 86
22 48 22 34 48
1 49 1 37 49
10 78 10 24 27 78
48 80 48 52 80
26 28 26 28
17 33 17 33
41 57 41 57
22 34 22 34
0 45 0 45
64 71 64 71
58 76 58 68 69 76
57 82 57 82
30 82 30 44 55 67 82
15 51 15 26 42 51
10 61 10 17 33 61
42 62 42 62
0 80 0 13 26 42 51 80
15 48 15 30 48
21 89 21 58 77 89
55 72 55 58 67 72
14 34 14 34
16 67 16 35 39 58 67
34 59 34 59
62 86 62 72 86
2 20 2 9 20
22 87 22 43 87
1 44 1 7 43 44
13 75 13 26 28 37 48 75
9 56 9 20 56
30 44 30 44
12 66 12 66
20 87 20 55 67 72 87
43 82 43 52 64 82
51 59 51 59
17 58 17 20 55 58
10 83 10 48 75 80 81 83
28 52 28 37 48 52
1 2 1 2
22 87 22 43 87
31 55 31 43 44 55
17 74 17 20 56 74
25 49 25 33 49
75 88 75 88
0 37 0 13 26 28 37
41 70 41 70
67 73 67 73
49 72 49 72
3 48 3 37 48
3 72 3 37 51 67 72
59 89 59 89
43 82 43 44 55 58 67 82
3 76 3 27 44 55 58 68 69 76
5 89 5 79 84 89
12 37 12 37
7 78 7 57 78
14 51 14 25 33 51
43 88 43 44 79 88
24 82 24 71 82
3 87 3 27 44 55 67 72 87
28 77 28 37 52 77
4 76 4 49 69 76
6 59 6 37 59
0 35 0 13 28 35
8 73 8 9 20 39 58 67 73
56 82 56 64 82
2 78 2 23 66 78
17 70 17 70
9 87 9 62 72 87
6 76 6 37 49 69 76
2 56 2 9 20 56
49 87 49 72 87
30 59 30 34 59
54 86 54 86
13 26 13 26
66 78 66 78
29 52 29 48 52
13 29 13 29
8 74 8 28 68 74
14 41 14 28 41
24 74 24 27 44 55 58 68 74
25 39 25 35 39
13 83 13 28 41 70 81 83
10 48 10 30 48
48 64 48 52 64
42 62 42 62
16 35 16 35
12 49 12 37 49
43 52 43 52
19 81 19 43 52 80 81
7 55 7 43 44 55
6 49 6 37 49
13 50 13 28 41 50
1 13 1 13
3 82 3 9 20 56 64 71 82
58 68 58 68
1 2 1 2
17 55 17 20 55
1 85 1 7 14 25 85
16 67 16 35 39 58 67
6 72 6 16 35 39 58 67 72
13 64 13 20 56 64
29 88 29 48 88
10 24 10 24
75 88 75 88
12 64 12 29 48 52 64
8 75 8 28 37 48 75
35 67 35 39 58 67
25 87 25 35 39 58 67 72 87
3 37 3 37
41 88 41 57 72 88
42 89 42 51 59 89
67 87 67 72 87
31 79 31 43 44 79
28 58 28 35 39 58
0 76 0 27 44 55 58 68 69 76
1 37 1 7 14 28 37
34 77 34 48 52 77
58 68 58 68
2 67 2 9 20 55 58 67
20 86 20 55 67 72 86
10 44 10 30 44
3 64 3 9 20 56 64
3 64 3 64
3 75 3 30 34 48 75
28 39 28 35 39
42 51 42 51
44 88 44 55 58 67 72 88
16 80 16 29 48 75 80
9 71 9 20 56 64 71
35 71 35 59 64 71
75 80 75 80
6 77 6 16 29 48 52 77
42 71 42 51 59 64 71
41 70 41 70
4 88 4 30 34 48 88
9 56 9 20 56
56 74 56 74
6 79 6 31 43 44 79
24 82 24 27 44 55 58 67 82
5 76 5 6 16 35 39 58 68 69 76
1 44 1 7 43 44
17 20 17 20
0 33 0 10 17 33
3 69 3 37 49 69
30 75 30 34 48 75
24 82 24 27 44 55 67 82
58 82 58 67 82
7 35 7 14 28 35
1 78 1 7 14 25 40 78
34 77 34 48 52 77
15 67 15 22 31 43 44 55 67
0 61 0 10 17 33 61
35 82 35 39 58 67 82
2 73 2 9 20 73
2 52 2 23 37 48 52
30 44 30 44
26 83 26 42 51 80 81 83
21 60 21 26 28 41 50 60
24 79 24 27 79
37 49 37 49
48 81 48 75 80 81
34 86 34 48 52 64 86
14 69 14 25 40 68 69
24 27 24 27
24 83 24 83
37 59 37 51 59
27 77 27 44 55 58 77
8 89 8 9 20 39 58 77 89
8 75 8 28 37 48 75
14 84 14 25 79 84
48 75 48 75
23 37 23 37
3 88 3 27 88
13 56 13 20 56
8 41 8 28 41
58 86 58 67 72 86
70 81 70 81
39 68 39 58 68
0 86 0 13 28 35 59 64 86
16 86 16 29 48 52 64 86
19 56 19 56
79 83 79 83
1 65 1 13 26 28 35 39 65
6 51 6 37 51
28 51 28 37 51
3 79 3 27 44 79
15 51 15 26 42 51
8 71 8 28 35 59 64 71
22 84 22 43 44 79 84
27 88 27 79 88
3 55 3 30 44 55
27 67 27 44 55 58 67
4 32 4 23 32
39 73 39 58 67 73
13 59 13 28 35 59
31 79 31 43 44 79
14 69 14 28 37 49 69
11 71 11 59 64 71
0 24 0 10 24
35 39 35 39
12 49 12 37 49
30 48 30 34 48
6 68 6 31 43 44 55 58 68
7 83 7 43 44 79 83
36 72 36 37 72
79 83 79 83
28 60 28 41 50 60
1 64 1 37 48 52 64
45 83 45 83
30 77 30 48 52 77
5 81 5 6 16 29 48 75 80 81
13 29 13 29
24 83 24 27 79 83
4 64 4 30 48 52 64
0 48 0 13 29 48
5 49 5 6 37 49
15 79 15 22 34 79
8 60 8 41 50 60
33 49 33 49
13 26 13 26
26 88 26 88
5 49 5 6 37 49
14 25 14 25
4 70 4 70
13 75 13 26 28 37 48 75
0 59 0 10 30 34 59
22 43 22 31 43
5 35 5 6 16 35
26 37 26 28 37
23 71 23 37 51 59 64 71
41 49 41 49
14 25 14 25
23 49 23 49
34 71 34 59 64 71
19 52 19 43 52
3 30 3 30
8 55 8 9 20 55
28 51 28 37 51
80 81 80 81
0 86 0 45 64 86
14 64 14 28 35 59 64
21 81 21 42 51 80 81
33 76 33 49 76
0 61 0 10 17 33 61
24 83 24 83
8 55 8 9 20 55
4 49 4 49
2 9 2 9
72 87 72 87
50 60 50 60
1 41 1 13 28 41
22 76 22 31 68 69 76
18 78 18 20 40 78
18 78 18 20 40 78
12 59 12 37 59
21 52 21 26 28 37 52
3 82 3 27 44 55 67 82
26 59 26 42 51 59
16 72 16 35 39 58 67 72
28 70 28 41 70
56 71 56 64 71
8 73 8 28 35 39 58 67 73
13 89 13 26 42 51 59 89
9 87 9 20 55 58 67 72 87
43 88 43 44 55 67 72 88
42 64 42 51 59 64
21 59 21 26 42 51 59
7 77 7 14 28 35 39 58 77
67 88 67 72 88
20 86 20 39 58 67 72 86
4 86 4 49 72 86
30 68 30 44 55 58 68
4 86 4 30 34 59 64 86
4 64 4 23 37 52 64
18 81 18 22 43 52 80 81
42 59 42 51 59
14 74 14 25 40 68 74
26 72 26 42 51 67 72
33 69 33 49 69
24 74 24 27 44 55 58 68 74
25 35 25 35
8 74 8 9 20 39 58 68 74
16 87 16 87
39 67 39 58 67
19 52 19 43 52
30 77 30 34 48 52 77
17 82 17 58 67 82
13 67 13 28 37 51 67
18 78 18 20 40 78
21 57 21 26 28 41 57
42 71 42 51 59 64 71
58 86 58 67 72 86
18 84 18 22 43 44 79 84
0 61 0 10 17 33 61
42 59 42 51 59
10 24 10 24
10 75 10 48 75
37 75 37 48 75
6 71 6 37 48 52 64 71
18 87 18 22 43 44 55 58 67 72 87
26 86 26 42 51 67 72 86
9 87 9 20 55 67 72 87
58 67 58 67
70 81 70 81
0 77 0 45 77
72 88 72 88
8 73 8 28 37 51 67 73
36 50 36 50
40 78 40 78
57 72 57 72
3 49 3 37 49
17 74 17 20 40 68 74
30 58 30 44 55 58
6 69 6 16 35 39 58 68 69
17 76 17 58 68 69 76
0 60 0 45 50 60
17 32 17 32
4 30 4 30
8 28 8 28
11 59 11 59
20 88 20 88
26 28 26 28
21 89 21 26 42 51 59 89
30 75 30 48 75
15 86 15 30 48 52 64 86
23 75 23 37 48 75
21 82 21 58 67 82
0 57 0 13 26 28 41 57
40 78 40 78
80 83 80 81 83
6 71 6 31 43 52 64 71
19 88 19 62 72 88
26 64 26 28 37 52 64
23 64 23 37 48 52 64
37 77 37 48 52 77
49 69 49 69
8 80 8 28 37 52 80
37 72 37 72
33 72 33 62 72
9 74 9 20 40 68 74
4 83 4 70 81 83
27 76 27 44 55 58 68 69 76
1 68 1 2 9 20 40 68
0 87 0 20 55 58 67 72 87
16 35 16 35
14 74 14 28 35 39 58 68 74
19 69 19 69
0 20 0 13 20
16 77 16 29 48 52 77
19 69 19 69
14 83 14 28 37 52 80 81 83
48 88 48 88
6 64 6 31 43 52 64
4 83 4 23 37 51 80 81 83
27 67 27 44 55 67
58 82 58 67 82
21 52 21 26 28 37 52
70 82 70 82
0 13 0 13
4 30 4 30
25 61 25 33 61
8 51 8 28 37 51
42 51 42 51
0 77 0 13 20 39 58 77
18 20 18 20
26 80 26 42 51 80
30 81 30 34 48 75 80 81
26 39 26 28 35 39
1 68 1 13 20 39 58 68
2 9 2 9
56 64 56 64
3 76 3 27 44 55 58 68 69 76
42 59 42 51 59
4 34 4 30 34
23 66 23 66
44 89 44 79 84 89
20 56 20 56
55 58 55 58
1 39 1 39
14 83 14 28 37 51 80 81 83
3 55 3 9 20 55
72 86 72 86
40 68 40 68
44 84 44 55 84
49 72 49 72
52 80 52 80
13 75 13 29 48 75
0 24 0 10 24
24 76 24 27 44 55 58 68 69 76
22 43 22 31 43
17 64 17 33 51 59 64
1 55 1 13 20 55
43 87 43 44 55 67 72 87
36 48 36 37 48
26 39 26 28 35 39
7 57 7 14 28 41 57
22 81 22 43 52 80 81
15 48 15 30 48
7 55 7 43 44 55
25 51 25 33 51
6 68 6 16 35 39 58 68
17 33 17 33
44 55 44 55
79 88 79 88
0 41 0 13 28 41
8 64 8 9 20 56 64
12 73 12 24 73
15 67 15 30 44 55 67
24 67 24 27 44 55 58 67
39 88 39 58 67 72 88
0 88 0 10 48 75 88
3 76 3 30 44 55 58 68 69 76
14 74 14 25 35 39 58 68 74
28 58 28 35 39 58
14 85 14 25 85
43 89 43 52 77 89
55 72 55 58 67 72
12 51 12 37 51
18 84 18 22 43 44 84
56 64 56 64
55 74 55 58 68 74
25 71 25 35 59 64 71
4 83 4 70 81 83
14 58 14 28 35 39 58
14 83 14 42 51 80 81 83
20 86 20 39 58 67 72 86
28 35 28 35
25 40 25 40
11 89 11 59 89
4 49 4 49
4 68 4 30 44 55 58 68
72 88 72 88
28 78 28 41 57 78
38 65 38 65
5 52 5 6 16 29 48 52
42 73 42 51 67 73
28 81 28 41 70 81
0 20 0 20
8 68 8 9 20 40 68
1 39 1 39
13 62 13 26 42 62
15 69 15 30 44 55 58 68 69
26 73 26 73
42 82 42 51 59 64 82
18 69 18 20 40 68 69
6 31 6 31
1 7 1 7
48 80 48 52 80
18 65 18 20 39 65
14 85 14 25 85
70 82 70 82
43 55 43 44 55
33 49 33 49
1 57 1 13 26 28 41 57
79 84 79 84
4 83 4 23 37 48 52 80 81 83
75 82 75 82
1 61 1 2 33 61
11 88 11 88
9 56 9 20 56
26 39 26 28 35 39
57 65 57 63 65
26 80 26 28 37 52 80
1 13 1 13
36 83 36 81 83
15 68 15 30 44 55 58 68
25 33 25 33
56 64 56 64
2 59 2 23 37 59
15 63 15 26 28 41 57 63
52 71 52 64 71
13 48 13 26 28 37 48
58 74 58 68 74
19 68 19 43 44 55 58 68
25 71 25 35 59 64 71
5 64 5 52 64
8 89 8 9 20 55 58 77 89
6 16 6 16
2 56 2 56
5 76 5 6 37 76
23 75 23 37 48 75
0 60 0 13 28 41 50 60
9 40 9 20 40
57 65 57 63 65
19 86 19 56 64 86
13 35 13 28 35
2 74 2 9 20 55 58 68 74
42 67 42 51 67
45 83 45 83
31 43 31 43
42 87 42 51 67 72 87
45 50 45 50
7 76 7 14 25 33 49 69 76
55 74 55 58 68 74
10 61 10 17 33 61
19 64 19 43 52 64
1 43 1 7 43
17 72 17 33 49 72
8 60 8 28 41 50 60
44 79 44 79
33 61 33 61
55 67 55 58 67
16 82 16 29 48 52 71 82
36 75 36 37 48 75
40 68 40 68
44 89 44 84 89
19 43 19 43
18 76 18 20 39 58 68 69 76
26 83 26 42 51 80 81 83
2 39 2 9 20 39
11 59 11 59
19 58 19 43 44 55 58
20 87 20 55 58 67 72 87
17 74 17 20 39 58 68 74
55 74 55 58 68 74
0 48 0 10 48
12 72 12 44 55 67 72
51 89 51 59 89
9 20 9 20
10 86 10 48 52 64 86
70 82 70 82
1 51 1 2 33 51
9 72 9 20 39 58 67 72
15 74 15 22 43 44 55 58 68 74
12 66 12 66
17 77 17 58 77
4 30 4 30
12 72 12 37 49 72
43 73 43 44 55 67 73
55 72 55 67 72
0 59 0 13 28 35 59
77 89 77 89
18 87 18 22 31 43 44 55 58 67 72 87
24 82 24 71 82
3 38 3 38
69 76 69 76
18 59 18 59
18 81 18 22 43 52 80 81
16 87 16 87
36 49 36 37 49
14 62 14 42 62
33 69 33 49 69
25 62 25 62
1 28 1 13 26 28
28 59 28 37 51 59
34 86 34 86
10 61 10 17 33 61
14 51 14 25 33 51
1 64 1 37 59 64
16 74 16 35 39 58 68 74
14 49 14 28 41 49
3 48 3 37 48
20 86 20 55 67 72 86
21 62 21 42 62
41 88 41 57 72 88
62 72 62 72
1 78 1 78
17 82 17 33 51 59 64 82
15 55 15 30 44 55
26 73 26 73
0 57 0 13 26 28 41 57
28 70 28 41 70
19 56 19 56
28 82 28 82
2 74 2 9 20 55 58 68 74
6 88 6 16 29 48 88
31 64 31 43 52 64
20 39 20 39
10 74 10 24 27 44 55 58 68 74
14 58 14 25 35 39 58
24 67 24 27 44 55 67
18 75 18 22 34 48 75
21 37 21 26 28 37
28 35 28 35
0 86 0 20 55 67 72 86
21 39 21 26 28 35 39
2 82 2 23 37 52 64 82
35 67 35 39 58 67
15 71 15 26 42 51 59 64 71
0 51 0 10 17 33 51
4 68 4 30 44 55 58 68
24 76 24 27 44 55 58 68 69 76
0 37 0 13 28 37
24 71 24 71
36 75 36 37 48 75
10 69 10 24 27 44 55 58 68 69
17 82 17 33 51 59 64 82
0 76 0 13 68 69 76
0 34 0 10 30 34
8 41 8 41
10 82 10 30 48 75 82
0 41 0 13 26 28 41
44 67 44 55 67
2 68 2 9 20 40 68
9 55 9 20 55
8 76 8 9 20 40 68 69 76
42 59 42 51 59
39 88 39 58 67 72 88
33 59 33 51 59
13 83 13 28 41 70 81 83
19 77 19 43 44 55 58 77
2 73 2 23 37 51 67 73
6 16 6 16
52 80 52 80
8 80 8 28 37 51 80
42 71 42 51 59 64 71
4 88 4 49 72 88
31 77 31 43 52 77
16 71 16 35 59 64 71
9 89 9 20 55 58 77 89
2 56 2 56
16 64 16 29 48 52 64
3 30 3 30
53 81 53 80 81
14 65 14 25 38 65
6 71 6 31 56 64 71
37 77 37 52 77
64 86 64 86
7 69 7 14 25 40 68 69
13 51 13 28 37 51
27 58 27 44 55 58
4 23 4 23
14 73 14 42 51 67 73
2 56 2 56
10 84 10 24 27 79 84
12 37 12 37
13 60 13 60
14 42 14 42
1 73 1 7 43 44 55 58 67 73
19 76 19 43 44 55 58 68 69 76
12 84 12 44 79 84
54 86 54 86
33 72 33 51 67 72
43 82 43 44 55 58 67 82
12 73 12 73
13 60 13 26 28 41 50 60
22 87 22 43 44 55 58 67 72 87
58 76 58 68 69 76
8 9 8 9
24 89 24 27 79 84 89
28 59 28 35 59
44 89 44 79 84 89
0 24 0 10 24
5 79 5 6 31 43 44 79
7 37 7 14 28 37
30 34 30 34
3 55 3 9 20 55
12 89 12 45 77 89
35 65 35 39 65
11 68 11 68
72 87 72 87
58 67 58 67
21 81 21 42 51 80 81
14 73 14 25 35 39 58 67 73
6 86 6 37 72 86
52 81 52 80 81
8 71 8 9 20 56 64 71
1 81 1 7 14 42 51 80 81
34 86 34 86
2 73 2 33 51 67 73
17 72 17 33 49 72
39 67 39 58 67
27 58 27 44 55 58
21 62 21 42 62
22 58 22 31 43 44 55 58
15 79 15 30 34 79
24 83 24 83
4 67 4 23 37 51 67
6 68 6 16 35 39 58 68
37 59 37 59
1 43 1 7 43
2 78 2 78
18 79 18 22 34 79
13 77 13 29 48 52 77
28 59 28 37 51 59
1 85 1 7 14 25 85
42 80 42 51 80
37 88 37 49 72 88
22 58 22 31 43 44 55 58
29 88 29 48 75 88
8 87 8 9 62 72 87
81 83 81 83
8 28 8 28
44 88 44 55 67 72 88
68 74 68 74
4 74 4 30 44 55 58 68 74
10 71 10 48 52 71
20 87 20 39 58 67 72 87
44 88 44 55 58 67 72 88
51 83 51 80 81 83
28 78 28 41 57 78
34 59 34 59
77 89 77 89
4 32 4 23 32
33 62 33 62
48 52 48 52
19 43 19 43
17 67 17 58 67
25 79 25 79
13 49 13 28 41 49
43 89 43 52 77 89
58 86 58 67 72 86
19 68 19 43 44 55 58 68
48 88 48 88
49 72 49 72
24 82 24 71 82
21 77 21 58 77
18 48 18 22 34 48
22 76 22 43 44 55 58 68 69 76
12 45 12 45
30 68 30 44 55 58 68
84 89 84 89
2 56 2 56
18 43 18 22 31 43
1 74 1 7 14 28 68 74
48 81 48 75 80 81
3 62 3 9 62
12 84 12 44 84
28 37 28 37
0 40 0 20 40
1 89 1 39 58 77 89
2 68 2 9 20 55 58 68
7 68 7 43 44 55 58 68
3 49 3 37 49
19 82 19 56 82
10 87 10 30 44 55 58 67 72 87
14 65 14 25 35 39 65
51 67 51 67
7 84 7 14 25 79 84
16 64 16 35 59 64
7 89 7 14 28 37 77 89
13 48 13 28 37 48
9 64 9 20 56 64
6 55 6 31 43 44 55
39 68 39 58 68
26 42 26 42
10 20 10 17 20
8 71 8 9 20 56 64 71
7 37 7 14 28 37
14 86 14 34 48 52 64 86
44 88 44 79 88
25 63 25 63
26 83 26 28 37 52 80 81 83
4 64 4 23 37 59 64
12 52 12 29 48 52
21 77 21 26 28 35 39 58 77
21 42 21 42
4 84 4 30 44 79 84
8 64 8 28 37 52 64
44 55 44 55
17 74 17 58 68 74
6 79 6 31 43 44 79
51 81 51 80 81
23 78 23 66 78
48 75 48 75
48 82 48 52 64 82
5 82 5 6 71 82
22 87 22 43 87
7 52 7 43 52
49 86 49 72 86
21 37 21 26 28 37
81 83 81 83
11 71 11 59 64 71
12 24 12 24
10 20 10 17 20
2 23 2 23
10 30 10 30
39 67 39 58 67
15 30 15 30
3 62 3 9 62
18 43 18 22 43
7 43 7 43
13 49 13 26 28 41 49
4 52 4 23 37 48 52
24 27 24 27
24 83 24 83
45 82 45 50 82
17 60 17 60
20 89 20 39 58 77 89
72 88 72 88
26 39 26 28 35 39
14 40 14 25 40
1 68 1 39 58 68
14 69 14 28 37 49 69
43 52 43 52
16 64 16 29 48 52 64
14 64 14 25 33 51 59 64
6 29 6 16 29
42 82 42 51 67 82
19 76 19 69 76
19 58 19 43 44 55 58
29 89 29 48 52 77 89
59 82 59 64 71 82
1 42 1 7 14 42
30 77 30 34 48 52 77
1 81 1 7 14 28 37 52 80 81
28 51 28 37 51
35 39 35 39
16 74 16 35 39 58 68 74
5 6 5 6
66 89 66 77 89
36 88 36 37 48 88
4 89 4 23 66 77 89
8 89 8 28 37 51 59 89
21 83 21 42 51 80 81 83
10 34 10 30 34
28 81 28 41 70 81
40 78 40 78
57 82 57 82
3 9 3 9
9 72 9 20 55 67 72
21 83 21 42 51 80 81 83
15 87 15 30 44 55 67 72 87
33 51 33 51
15 82 15 26 28 37 52 64 82
26 59 26 28 35 59
56 64 56 64
12 88 12 44 55 58 67 72 88
42 89 42 51 59 89
13 68 13 20 55 58 68
35 71 35 59 64 71
36 80 36 37 48 52 80
13 20 13 20
31 55 31 43 44 55
15 26 15 26
3 72 3 30 44 55 58 67 72
1 70 1 13 28 41 70
54 83 54 81 83
5 29 5 6 16 29
7 69 7 43 44 55 58 68 69
4 83 4 70 81 83
25 89 25 33 51 59 89
0 79 0 10 24 27 79
0 61 0 10 17 33 61
72 88 72 88
23 78 23 66 78
21 77 21 58 77
24 67 24 27 44 55 58 67
18 81 18 22 43 52 80 81
36 73 36 37 51 67 73
5 75 5 75
7 84 7 43 44 84
5 88 5 88
17 32 17 32
6 51 6 37 51
25 63 25 63
13 50 13 28 41 50
25 65 25 38 65
14 28 14 28
12 50 12 45 50
27 58 27 44 55 58
14 83 14 42 51 80 81 83
7 35 7 14 25 35
51 67 51 67
0 27 0 10 24 27
37 82 37 51 59 64 82
20 86 20 56 64 86
16 80 16 29 48 75 80
14 84 14 34 79 84
31 80 31 43 52 80
45 83 45 83
10 89 10 17 20 39 58 77 89
16 86 16 86
37 51 37 51
33 49 33 49
3 83 3 37 52 80 81 83
23 72 23 49 72
33 69 33 49 69
54 81 54 81
30 44 30 44
18 31 18 22 31
7 85 7 14 25 85
36 80 36 37 51 80
21 26 21 26
34 79 34 79
57 63 57 63
2 78 2 9 20 40 78
8 68 8 9 20 40 68
24 71 24 71
41 49 41 49
48 77 48 52 77
0 88 0 20 88
34 71 34 48 52 71
0 41 0 13 26 28 41
2 23 2 23
33 80 33 51 80
7 84 7 14 25 79 84
0 20 0 20
16 52 16 29 48 52
16 88 16 29 48 75 88
33 64 33 51 59 64
7 14 7 14
10 20 10 17 20
26 82 26 42 51 59 64 71 82
3 82 3 82
14 41 14 28 41
13 51 13 28 37 51
4 67 4 23 37 51 67
31 89 31 43 44 55 84 89
2 52 2 23 37 48 52
13 26 13 26
15 71 15 30 34 48 52 64 71
2 52 2 23 37 52
22 64 22 43 52 64
51 86 51 86
25 76 25 35 39 76
51 81 51 80 81
25 76 25 35 39 58 68 69 76
22 84 22 43 44 79 84
12 64 12 29 48 52 64
10 64 10 30 34 59 64
54 81 54 81
25 39 25 35 39
43 72 43 44 55 58 67 72
35 82 35 39 58 67 82
2 89 2 9 20 39 58 77 89
1 51 1 37 51
37 76 37 49 69 76
25 49 25 33 49
40 68 40 68
3 76 3 30 44 55 58 68 69 76
21 77 21 58 77
39 76 39 76
85 88 85 88
4 70 4 70
0 82 0 20 39 58 67 82
37 75 37 48 75
5 51 5 6 37 51
6 37 6 37
0 82 0 45 50 82
0 48 0 10 48
54 81 54 81
31 89 31 43 52 77 89
28 82 28 37 52 71 82
34 48 34 48
56 82 56 82
12 73 12 37 51 67 73
7 37 7 14 28 37
27 79 27 79
25 49 25 33 49
70 81 70 81
28 52 28 37 52
12 72 12 44 55 67 72
5 35 5 6 16 35
16 77 16 29 48 52 77
26 65 26 28 41 57 63 65
56 74 56 74
21 42 21 42
28 41 28 41
8 75 8 28 37 48 75
23 75 23 37 48 75
7 62 7 14 42 62
16 52 16 29 48 52
25 38 25 38
17 84 17 20 55 84
25 62 25 33 62
17 77 17 20 39 58 77
51 82 51 59 64 82
34 84 34 79 84
7 35 7 14 28 35
21 52 21 26 28 37 48 52
5 89 5 89
10 17 10 17
12 52 12 37 48 52
36 81 36 37 48 52 80 81
68 74 68 74
25 38 25 38
58 76 58 68 69 76
21 74 21 58 68 74
37 49 37 49
3 83 3 30 34 48 75 80 81 83
44 84 44 84
5 37 5 6 37
34 80 34 48 52 80
34 71 34 48 52 64 71
6 88 6 88
45 64 45 64
18 76 18 76
21 58 21 58
0 80 0 10 17 33 51 80
77 89 77 89
14 65 14 25 35 39 65
2 33 2 33
39 73 39 58 67 73
43 72 43 44 55 67 72
28 64 28 64
30 81 30 34 48 75 80 81
17 69 17 20 55 58 68 69
59 89 59 89
13 50 13 26 28 41 50
67 72 67 72
0 34 0 10 30 34
39 82 39 58 67 82
31 43 31 43
33 88 33 49 72 88
19 86 19 62 72 86
2 59 2 33 51 59
24 74 24 27 44 55 58 68 74
21 62 21 42 62
36 88 36 37 48 88
55 72 55 58 67 72
14 86 14 28 64 86
0 81 0 13 28 41 70 81
44 89 44 84 89
18 82 18 59 64 82
67 87 67 72 87
67 72 67 72
35 39 35 39
43 44 43 44
6 71 6 71
0 89 0 20 39 58 77 89
3 38 3 38
26 37 26 28 37
19 56 19 56
1 23 1 2 23
1 74 1 39 58 68 74
4 59 4 23 37 59
1 73 1 37 51 67 73
6 59 6 16 35 59
49 87 49 72 87
26 37 26 28 37
64 86 64 86
6 79 6 31 43 44 79
5 65 5 6 16 35 39 65
36 86 36 59 64 86
67 87 67 72 87
9 68 9 20 40 68
10 86 10 24 27 44 55 67 72 86
67 82 67 82
31 64 31 43 52 64
0 88 0 27 79 88
20 39 20 39
5 74 5 6 16 35 39 58 68 74
15 26 15 26
27 89 27 44 79 84 89
10 64 10 17 33 51 59 64
12 89 12 44 84 89
1 41 1 7 14 28 41
24 73 24 27 44 55 67 73
14 37 14 28 37
3 58 3 9 20 55 58
21 63 21 26 28 41 63
10 33 10 17 33
5 84 5 6 31 43 44 84
14 72 14 28 37 72
14 28 14 28
14 49 14 25 33 49
36 87 36 37 51 67 72 87
0 56 0 10 17 20 56
28 51 28 37 51
20 56 20 56
10 20 10 17 20
59 64 59 64
22 87 22 43 44 55 67 72 87
13 64 13 20 56 64
27 79 27 44 79
22 74 22 43 44 55 58 68 74
8 89 8 28 77 89
0 89 0 10 24 89
17 83 17 33 51 80 81 83
19 84 19 43 44 79 84
9 72 9 62 72
67 88 67 72 88
8 51 8 28 37 51
67 88 67 72 88
37 82 37 51 59 64 82
43 52 43 52
4 59 4 23 37 51 59
0 82 0 13 28 41 70 82
37 82 37 51 59 64 71 82
6 87 6 16 87
18 76 18 76
35 59 35 59
33 76 33 49 69 76
20 39 20 39
36 37 36 37
34 59 34 59
7 55 7 43 44 55
0 56 0 10 17 20 56
77 89 77 89
33 72 33 49 72
5 29 5 6 16 29
27 82 27 44 55 58 67 82
3 58 3 30 44 55 58
1 40 1 7 14 25 40
30 58 30 44 55 58
79 83 79 83
22 76 22 43 44 55 58 68 69 76
12 60 12 45 50 60
15 51 15 26 42 51
5 51 5 6 37 51
27 82 27 44 55 67 82
56 74 56 74
8 70 8 41 70
7 48 7 14 34 48
18 31 18 22 31
23 66 23 66
28 87 28 87
1 41 1 7 14 28 41
10 40 10 17 20 40
7 43 7 43
18 82 18 22 31 56 82
13 67 13 26 28 37 51 67
12 44 12 44
19 43 19 43
80 81 80 81
1 55 1 2 9 20 55
27 79 27 79
28 52 28 37 52
15 89 15 22 43 44 84 89
7 77 7 43 44 55 58 77
39 65 39 65
25 65 25 35 39 65
26 65 26 28 35 39 65
28 64 28 37 52 64
13 56 13 20 56
27 76 27 44 55 58 68 69 76
25 51 25 33 51
10 61 10 17 33 61
0 27 0 10 24 27
49 87 49 72 87
28 73 28 35 39 58 67 73
10 78 10 24 27 78
9 20 9 20
17 84 17 20 55 84
11 59 11 59
19 88 19 62 72 88
36 48 36 37 48
23 51 23 37 51
0 10 0 10
26 82 26 28 35 39 58 67 82
18 39 18 20 39
0 45 0 45
12 45 12 45
10 70 10 17 70
42 51 42 51
1 28 1 13 28
72 88 72 88
16 72 16 35 39 58 67 72
10 78 10 17 20 40 78
17 32 17 32
7 64 7 43 52 64
5 76 5 6 16 35 39 58 68 69 76
20 56 20 56
13 42 13 26 42
19 82 19 56 82
26 71 26 28 35 59 64 71
75 88 75 88
33 62 33 62
9 74 9 20 39 58 68 74
9 72 9 62 72
36 87 36 37 72 87
35 68 35 39 58 68
14 58 14 25 35 39 58
62 72 62 72
13 82 13 29 48 75 82
19 62 19 62
31 89 31 43 44 79 84 89
17 73 17 20 73
18 73 18 22 43 44 55 58 67 73
26 37 26 28 37
7 43 7 43
8 89 8 9 20 55 84 89
57 78 57 78
58 77 58 77
50 82 50 82
51 88 51 67 72 88
9 20 9 20
1 41 1 13 26 28 41
14 48 14 34 48
37 69 37 49 69
9 55 9 20 55
44 88 44 55 67 72 88
8 55 8 9 20 55
10 44 10 30 44
3 39 3 9 20 39
11 59 11 59
19 84 19 43 44 84
22 48 22 34 48
27 82 27 44 55 67 82
41 69 41 49 69
7 63 7 14 28 41 57 63
10 51 10 17 33 51
18 58 18 22 43 44 55 58
10 61 10 17 33 61
27 72 27 44 55 67 72
36 50 36 50
67 73 67 73
51 80 51 80
36 88 36 37 49 72 88
17 74 17 20 39 58 68 74
34 80 34 48 52 80
26 73 26 73
7 77 7 43 44 55 58 77
27 44 27 44
37 52 37 52
17 56 17 20 56
1 65 1 2 9 20 39 65
48 64 48 52 64
6 59 6 37 59
2 73 2 9 20 73
16 87 16 87
36 73 36 37 51 67 73
6 88 6 37 51 67 72 88
15 48 15 30 34 48
0 88 0 27 79 88
6 51 6 37 51
4 34 4 30 34
14 86 14 28 41 57 72 86
7 52 7 43 52
27 58 27 44 55 58
9 20 9 20
6 56 6 31 56
15 89 15 22 31 43 44 84 89
24 27 24 27
15 44 15 30 44
15 67 15 30 44 55 58 67
12 51 12 37 51
51 86 51 59 64 86
21 59 21 42 51 59
2 9 2 9
28 39 28 35 39
79 84 79 84
17 78 17 20 40 78
24 79 24 27 79
5 71 5 64 71
30 68 30 44 55 58 68
7 78 7 57 78
25 85 25 85
36 86 36 37 51 86
51 72 51 67 72
42 83 42 51 80 81 83
27 89 27 44 55 58 77 89
64 86 64 86
15 55 15 30 44 55
44 67 44 55 67
35 64 35 59 64
2 68 2 9 20 39 58 68
49 72 49 72
4 86 4 49 72 86
42 71 42 51 59 64 71
21 42 21 42
23 82 23 37 59 64 71 82
25 62 25 62
27 89 27 44 55 58 77 89
27 79 27 79
12 50 12 50
2 39 2 9 20 39
27 79 27 44 79
0 61 0 10 17 33 61
64 71 64 71
43 55 43 44 55
21 86 21 58 67 72 86
39 58 39 58
33 86 33 51 59 64 86
66 78 66 78
41 63 41 63
1 13 1 13
0 45 0 45
48 75 48 75
7 62 7 14 42 62
4 68 4 30 44 55 58 68
25 49 25 33 49
14 61 14 25 33 61
24 89 24 89
12 52 12 37 52
15 63 15 26 28 41 57 63
15 71 15 30 34 48 52 71
19 80 19 43 52 80
27 58 27 44 55 58
42 87 42 62 72 87
21 58 21 26 28 35 39 58
26 42 26 42
40 78 40 78
12 73 12 37 51 67 73
19 76 19 43 44 55 58 68 69 76
25 71 25 35 59 64 71
7 69 7 43 44 55 58 68 69
19 38 19 38
27 78 27 78
48 64 48 52 64
39 65 39 65
13 76 13 26 28 35 39 58 68 69 76
21 72 21 58 67 72
17 70 17 70
31 69 31 43 44 55 58 68 69
1 44 1 7 43 44
1 43 1 7 43
9 71 9 71
22 64 22 43 52 64
12 75 12 29 48 75
18 78 18 20 40 78
2 67 2 33 51 67
9 71 9 20 56 64 71
33 76 33 49 69 76
12 73 12 44 55 67 73
2 68 2 9 20 55 58 68
19 52 19 43 52
25 85 25 85
24 76 24 27 44 55 58 68 69 76
21 74 21 26 28 35 39 58 68 74
2 86 2 33 49 72 86
72 87 72 87
52 71 52 71
2 48 2 23 37 48
49 88 49 72 88
0 13 0 13
42 62 42 62
10 24 10 24
26 82 26 42 51 59 64 82
21 83 21 26 28 41 70 81 83
1 43 1 7 43
0 82 0 10 48 75 82
28 35 28 35
37 82 37 48 75 82
15 51 15 26 42 51
9 86 9 62 72 86
25 33 25 33
37 77 37 52 77
48 64 48 52 64
36 81 36 37 52 80 81
14 59 14 42 51 59
30 48 30 48
48 75 48 75
67 73 67 73
28 37 28 37
28 77 28 37 77
44 55 44 55
25 49 25 33 49
33 86 33 51 67 72 86
12 72 12 24 27 44 55 67 72
37 82 37 48 52 64 82
24 74 24 27 44 55 58 68 74
16 29 16 29
7 43 7 43
42 67 42 51 67
26 73 26 42 51 67 73
27 83 27 44 79 83
45 50 45 50
1 7 1 7
53 81 53 80 81
7 48 7 14 28 37 48
14 40 14 25 40
14 38 14 25 38
11 88 11 88
13 51 13 28 37 51
28 64 28 64
33 59 33 51 59
34 52 34 48 52
17 20 17 20
36 50 36 50
2 77 2 23 66 77
17 58 17 20 39 58
16 77 16 29 48 52 77
1 39 1 7 14 28 35 39
3 75 3 37 48 75
11 71 11 59 64 71
20 89 20 39 58 77 89
3 78 3 27 78
2 39 2 9 20 39
68 74 68 74
58 67 58 67
54 83 54 81 83
9 20 9 20
21 42 21 42
28 58 28 35 39 58
22 81 22 43 52 80 81
18 31 18 22 31
25 33 25 33
36 83 36 81 83
26 39 26 28 35 39
53 88 53 88
7 64 7 14 42 51 59 64
12 66 12 66
5 6 5 6
8 82 8 9 20 55 58 67 82
42 80 42 51 80
4 51 4 23 37 51
13 83 13 26 42 51 80 81 83
53 84 53 84
2 73 2 23 37 51 67 73
42 72 42 51 67 72
35 71 35 59 64 71
41 50 41 50
57 65 57 63 65
0 89 0 20 55 58 77 89
0 33 0 10 17 33
6 76 6 31 68 69 76
7 64 7 14 34 48 52 64
6 49 6 37 49
72 87 72 87
6 44 6 31 43 44
28 48 28 37 48
52 81 52 80 81
10 68 10 30 44 55 58 68
21 82 21 26 42 51 59 64 71 82
79 83 79 83
55 72 55 58 67 72
10 68 10 17 20 40 68
8 64 8 28 64
57 63 57 63
59 64 59 64
5 84 5 79 84
8 40 8 40
51 67 51 67
18 31 18 22 31
24 67 24 27 44 55 58 67
13 82 13 29 48 52 64 71 82
15 30 15 30
51 67 51 67
15 51 15 26 42 51
59 89 59 89
21 37 21 26 28 37
0 82 0 45 64 82
34 48 34 48
7 58 7 14 28 35 39 58
34 86 34 48 52 64 86
13 26 13 26
30 82 30 48 52 71 82
1 39 1 39
14 42 14 42
41 50 41 50
22 74 22 43 44 55 58 68 74
15 55 15 30 44 55
26 37 26 28 37
25 79 25 79
55 72 55 67 72
23 71 23 37 48 52 71
48 64 48 52 64
49 87 49 72 87
30 75 30 34 48 75
25 61 25 33 61
36 52 36 37 48 52
67 73 67 73
0 56 0 10 17 20 56
1 74 1 2 9 20 55 58 68 74
10 62 10 17 33 62
25 76 25 35 39 58 68 69 76
37 77 37 48 52 77
1 68 1 39 58 68
19 89 19 43 44 55 58 77 89
18 59 18 22 34 59
49 72 49 72
19 62 19 62
3 38 3 38
27 88 27 88
26 83 26 28 41 70 81 83
28 86 28 41 57 72 86
35 68 35 39 58 68
17 33 17 33
2 56 2 9 20 56
26 37 26 28 37
26 48 26 28 37 48
31 43 31 43
5 52 5 6 31 43 52
0 24 0 10 24
37 76 37 49 69 76
28 37 28 37
85 88 85 88
30 84 30 44 84
13 84 13 84
39 65 39 65
36 37 36 37
36 81 36 37 52 80 81
37 52 37 52
5 51 5 6 37 51
42 51 42 51
13 55 13 20 55
56 74 56 74
9 62 9 62
45 82 45 50 82
31 79 31 43 44 79
33 88 33 49 72 88
28 35 28 35
75 82 75 82
48 80 48 52 80
7 43 7 43
24 55 24 27 44 55
12 44 12 24 27 44
48 88 48 88
34 59 34 59
36 37 36 37
23 75 23 37 48 75
9 68 9 20 40 68
1 23 1 2 23
28 63 28 41 57 63
17 73 17 20 73
28 64 28 64
33 61 33 61
0 80 0 10 17 33 51 80
25 40 25 40
10 82 10 24 27 44 55 58 67 82
21 42 21 26 42
51 80 51 80
1 49 1 7 14 25 33 49
8 55 8 9 20 55
14 63 14 25 63
7 59 7 14 42 51 59
2 86 2 56 64 86
26 64 26 42 51 59 64
1 68 1 7 14 25 40 68
14 62 14 42 62
18 78 18 20 40 78
33 72 33 62 72
45 82 45 64 71 82
13 89 13 28 35 39 58 77 89
68 74 68 74
34 71 34 48 52 71
42 89 42 51 59 89
6 31 6 31
24 55 24 27 44 55
14 89 14 28 37 52 77 89
11 64 11 59 64
23 86 23 49 72 86
54 86 54 86
14 59 14 59
12 44 12 44
0 77 0 20 39 58 77
62 72 62 72
4 74 4 74
26 86 26 28 64 86
34 79 34 79
18 76 18 22 31 43 44 55 58 68 69 76
19 82 19 56 82
37 59 37 51 59
39 68 39 58 68
4 89 4 30 44 84 89
30 58 30 44 55 58
18 73 18 22 31 43 44 55 67 73
23 86 23 37 52 64 86
2 68 2 9 20 40 68
1 73 1 39 58 67 73
0 78 0 13 20 40 78
19 43 19 43
22 75 22 34 48 75
0 26 0 13 26
7 37 7 14 28 37
20 73 20 55 58 67 73
56 82 56 82
66 78 66 78
52 89 52 77 89
4 69 4 30 44 55 58 68 69
6 71 6 37 59 64 71
59 89 59 89
55 68 55 58 68
9 74 9 20 39 58 68 74
21 39 21 26 28 35 39
36 59 36 59
17 78 17 20 40 78
57 78 57 78
25 51 25 33 51
0 10 0 10
10 20 10 17 20
26 82 26 28 37 52 64 71 82
28 48 28 37 48
9 74 9 20 40 68 74
13 76 13 68 69 76
21 58 21 26 28 35 39 58
14 64 14 28 64
42 62 42 62
28 37 28 37
6 31 6 31
25 82 25 35 59 64 71 82
45 50 45 50
17 84 17 20 55 84
4 70 4 70
21 59 21 42 51 59
24 79 24 27 79
27 76 27 44 55 58 68 69 76
12 45 12 45
8 75 8 28 37 48 75
14 38 14 25 38
10 48 10 30 34 48
14 52 14 28 37 52
22 74 22 43 44 55 58 68 74
51 89 51 59 89
79 83 79 83
15 69 15 30 44 55 58 68 69
55 84 55 84
8 62 8 9 62
37 88 37 48 88
57 72 57 72
17 58 17 58
69 76 69 76
37 72 37 72
19 76 19 43 44 55 58 68 69 76
7 34 7 14 34
10 30 10 30
1 41 1 13 28 41
4 66 4 23 66
16 67 16 35 39 58 67
15 89 15 22 31 43 52 77 89
17 32 17 32
5 81 5 75 80 81
56 82 56 64 82
36 77 36 37 52 77
17 32 17 32
41 78 41 57 78
14 41 14 28 41
3 55 3 27 44 55
12 45 12 45
58 74 58 68 74
37 76 37 49 69 76
31 80 31 43 52 80
26 65 26 28 41 63 65
8 70 8 28 41 70
5 52 5 52
7 59 7 14 28 35 59
31 80 31 43 52 80
33 88 33 62 72 88
8 41 8 28 41
12 88 12 44 79 88
21 58 21 58
14 25 14 25
45 50 45 50
84 89 84 89
5 75 5 75
7 43 7 43
85 88 85 88
12 59 12 37 51 59
31 69 31 43 44 55 58 68 69
10 74 10 30 44 55 58 68 74
6 51 6 37 51
33 76 33 49 69 76
4 70 4 70
6 31 6 31
19 64 19 56 64
53 80 53 80
37 72 37 51 67 72
18 58 18 20 39 58
11 59 11 59
5 76 5 6 31 43 44 55 58 68 69 76
12 37 12 37
16 59 16 35 59
48 77 48 52 77
0 60 0 45 50 60
55 72 55 67 72
35 82 35 59 64 82
16 77 16 29 48 52 77
9 68 9 20 39 58 68
45 86 45 64 86
13 48 13 26 28 37 48
67 87 67 72 87
6 72 6 16 35 39 58 67 72
21 59 21 42 51 59
3 39 3 9 20 39
66 78 66 78
40 78 40 78
8 51 8 28 37 51
4 69 4 30 44 55 58 68 69
10 59 10 30 34 59
4 72 4 49 72
9 62 9 62
17 78 17 33 78
8 60 8 41 50 60
54 81 54 81
35 65 35 39 65
75 82 75 82
31 77 31 43 52 77
22 34 22 34
1 59 1 7 14 59
14 58 14 28 35 39 58
28 59 28 37 51 59
0 61 0 10 17 33 61
52 89 52 77 89
5 49 5 6 37 49
20 39 20 39
28 37 28 37
13 26 13 26
21 59 21 26 28 35 59
3 34 3 30 34
11 64 11 59 64
8 71 8 9 71
53 80 53 80
23 32 23 32
1 26 1 13 26
16 88 16 29 48 88
0 51 0 13 26 28 37 51
67 82 67 82
85 88 85 88
22 34 22 34
40 76 40 68 69 76
13 55 13 20 55
36 73 36 37 51 67 73
11 76 11 68 69 76
2 33 2 33
27 77 27 44 55 58 77
14 41 14 28 41
2 39 2 9 20 39
6 16 6 16
20 65 20 39 65
14 48 14 34 48
8 82 8 41 57 82
7 78 7 14 25 33 78
36 80 36 37 52 80
19 83 19 43 52 80 81 83
17 83 17 33 51 80 81 83
29 48 29 48
37 51 37 51
39 73 39 58 67 73
14 59 14 28 35 59
31 86 31 43 44 55 67 72 86
0 35 0 13 26 28 35
3 9 3 9
51 88 51 67 72 88
45 82 45 50 82
15 86 15 30 34 86
8 68 8 40 68
3 67 3 9 20 55 67
5 74 5 6 31 43 44 55 58 68 74
12 73 12 73
41 88 41 57 72 88
18 69 18 20 39 58 68 69
41 49 41 49
36 59 36 59
36 72 36 37 51 67 72
18 81 18 22 31 43 52 80 81
52 77 52 77
36 72 36 37 72
55 84 55 84
17 49 17 33 49
17 32 17 32
37 59 37 59
7 69 7 14 25 33 49 69
10 89 10 48 52 77 89
45 64 45 64
15 22 15 22
51 86 51 67 72 86
0 34 0 10 30 34
13 67 13 26 42 51 67
8 89 8 28 77 89
14 65 14 25 63 65
21 52 21 26 28 37 52
22 87 22 43 87
21 62 21 42 62
31 64 31 56 64
26 72 26 42 62 72
7 58 7 43 44 55 58
10 69 10 17 20 39 58 68 69
18 65 18 20 39 65
8 64 8 9 20 56 64
15 39 15 26 28 35 39
75 82 75 82
0 13 0 13
2 66 2 23 66
14 84 14 25 79 84
2 78 2 23 66 78
31 68 31 43 44 55 58 68
4 52 4 30 34 48 52
42 72 42 51 67 72
44 79 44 79
71 82 71 82
67 86 67 72 86
1 58 1 39 58
10 78 10 17 33 78
12 60 12 50 60
17 64 17 20 56 64
62 86 62 72 86
19 58 19 43 44 55 58
12 88 12 29 48 75 88
80 83 80 81 83
0 89 0 27 79 84 89
26 59 26 28 37 59
66 89 66 77 89
6 37 6 37
35 82 35 39 58 67 82
25 65 25 35 39 65
42 89 42 51 59 89
30 77 30 44 55 58 77
12 51 12 37 51
20 73 20 55 58 67 73
3 49 3 37 49
10 84 10 17 20 55 84
23 75 23 37 48 75
39 65 39 65
7 69 7 43 44 55 58 68 69
7 89 7 14 34 79 84 89
70 82 70 82
68 74 68 74
15 58 15 22 31 43 44 55 58
3 55 3 27 44 55
36 52 36 37 52
1 65 1 2 9 20 39 65
10 30 10 30
10 64 10 17 20 56 64
18 20 18 20
5 72 5 6 37 72
52 77 52 77
22 43 22 43
42 62 42 62
7 62 7 14 42 62
12 88 12 44 55 67 72 88
33 51 33 51
12 72 12 24 27 44 55 67 72
29 88 29 48 88
15 63 15 26 28 41 63
62 86 62 72 86
0 81 0 13 29 48 75 80 81
15 48 15 26 28 37 48
30 82 30 34 59 64 82
4 66 4 23 66
66 89 66 77 89
42 62 42 62
33 64 33 51 59 64
15 55 15 30 44 55
16 71 16 29 48 52 71
0 40 0 20 40
39 58 39 58
20 89 20 39 58 77 89
0 59 0 10 30 34 59
27 79 27 79
27 74 27 44 55 58 68 74
37 49 37 49
17 67 17 33 51 67
34 79 34 79
3 83 3 27 79 83
9 87 9 20 39 58 67 72 87
0 89 0 20 39 58 77 89
37 75 37 48 75
50 82 50 82
15 63 15 26 28 41 57 63
41 78 41 57 78
51 81 51 80 81
5 37 5 6 37
15 86 15 30 48 52 64 86
17 83 17 70 81 83
18 73 18 22 43 44 55 58 67 73
70 82 70 82
3 88 3 27 79 88
15 67 15 30 44 55 58 67
20 89 20 55 58 77 89
7 35 7 14 28 35
1 85 1 7 14 25 85
28 58 28 35 39 58
16 67 16 35 39 58 67
1 41 1 7 14 28 41
7 34 7 14 34
31 84 31 43 44 84
31 79 31 43 44 79
17 77 17 58 77
39 67 39 58 67
2 48 2 23 37 48
39 76 39 58 68 69 76
10 74 10 24 27 44 55 58 68 74
1 61 1 7 14 25 33 61
41 50 41 50
37 77 37 48 52 77
44 89 44 84 89
20 40 20 40
3 49 3 37 49
58 67 58 67
41 69 41 49 69
9 89 9 20 39 58 77 89
41 78 41 57 78
30 48 30 48
0 51 0 13 26 28 37 51
34 81 34 48 75 80 81
80 81 80 81
18 84 18 22 31 43 44 55 84
0 37 0 13 28 37
67 87 67 72 87
52 83 52 80 81 83
0 45 0 45
2 67 2 23 37 51 67
4 70 4 70
30 77 30 44 55 58 77
4 76 4 49 69 76
0 86 0 13 29 48 52 64 86
1 85 1 7 14 25 85
9 56 9 20 56
4 23 4 23
4 51 4 23 37 51
1 41 1 7 14 28 41
17 33 17 33
5 49 5 6 37 49
55 67 55 67
44 79 44 79
54 83 54 81 83
16 80 16 29 48 75 80
26 88 26 28 35 39 58 67 72 88
26 64 26 28 37 52 64
58 74 58 68 74
5 49 5 6 37 49
1 39 1 2 9 20 39
16 64 16 29 48 52 64
7 25 7 14 25
24 55 24 27 44 55
2 20 2 9 20
3 89 3 30 34 48 52 77 89
14 72 14 28 37 51 67 72
52 77 52 77
28 48 28 37 48
18 71 18 59 64 71
22 31 22 31
20 39 20 39
14 62 14 42 62
55 84 55 84
0 13 0 13
21 62 21 42 62
4 66 4 23 66
31 43 31 43
24 73 24 73
16 59 16 35 59
79 83 79 83
16 87 16 87
56 74 56 74
16 52 16 29 48 52
55 58 55 58
5 71 5 6 37 59 64 71
20 65 20 39 65
12 89 12 44 84 89
41 88 41 49 72 88
45 77 45 77
14 63 14 28 41 57 63
55 82 55 67 82
1 49 1 37 49
15 68 15 30 44 55 58 68
12 50 12 50
1 51 1 2 33 51
28 37 28 37
34 77 34 48 52 77
48 77 48 52 77
5 82 5 6 71 82
41 49 41 49
39 77 39 58 77
39 88 39 58 67 72 88
6 87 6 31 43 44 55 58 67 72 87
44 84 44 79 84
5 89 5 79 84 89
2 89 2 9 20 39 58 77 89
16 88 16 29 48 88
50 60 50 60
0 13 0 13
79 83 79 83
15 34 15 22 34
3 30 3 30
14 35 14 25 35
30 58 30 44 55 58
43 82 43 44 55 58 67 82
36 60 36 50 60
18 34 18 22 34
1 42 1 7 14 42
4 89 4 30 34 79 84 89
17 72 17 58 67 72
1 78 1 2 23 66 78
36 88 36 37 48 88
28 78 28 41 57 78
13 28 13 28
12 24 12 24
26 71 26 28 64 71
4 84 4 30 44 84
16 68 16 35 39 58 68
36 52 36 37 52
1 74 1 2 9 20 56 74
5 6 5 6
6 76 6 16 35 39 76
25 89 25 79 84 89
3 39 3 9 20 39
20 89 20 39 58 77 89
30 48 30 34 48
11 89 11 59 89
4 82 4 82
19 68 19 43 44 55 58 68
5 72 5 72
58 77 58 77
1 61 1 7 14 25 33 61
26 58 26 28 35 39 58
18 73 18 20 55 58 67 73
8 71 8 9 20 56 64 71
25 63 25 63
30 84 30 34 79 84
16 82 16 35 59 64 82
75 82 75 82
39 87 39 87
3 75 3 30 48 75
3 64 3 30 34 59 64
43 84 43 44 55 84
22 84 22 34 79 84
40 78 40 78
64 86 64 86
2 20 2 9 20
84 89 84 89
13 75 13 28 37 48 75
0 76 0 10 24 27 44 55 58 68 69 76
8 28 8 28
43 52 43 52
8 60 8 28 41 50 60
5 35 5 6 16 35
20 87 20 39 58 67 72 87
72 88 72 88
5 49 5 6 37 49
4 68 4 30 44 55 58 68
56 74 56 74
37 48 37 48
49 76 49 76
26 72 26 42 62 72
12 44 12 24 27 44
19 81 19 43 52 80 81
51 72 51 67 72
26 86 26 28 64 86
1 42 1 13 26 42
3 59 3 30 34 59
10 39 10 17 20 39
55 67 55 58 67
7 64 7 43 52 64
0 60 0 10 17 60
10 84 10 24 27 79 84
35 76 35 39 76
42 72 42 51 67 72
4 64 4 30 48 52 64
2 86 2 56 64 86
47 83 47 75 80 81 83
5 65 5 6 16 35 39 65
5 65 5 6 16 35 39 65
16 86 16 86
14 33 14 25 33
34 79 34 79
59 64 59 64
51 88 51 67 72 88
39 69 39 58 68 69
1 81 1 7 43 52 80 81
2 89 2 23 37 77 89
7 14 7 14
16 52 16 29 48 52
35 86 35 39 58 67 72 86
36 72 36 37 51 67 72
44 83 44 79 83
20 87 20 55 67 72 87
12 66 12 66
19 69 19 69
31 79 31 43 44 79
0 80 0 13 29 48 52 80
3 67 3 27 44 55 67
58 67 58 67
0 33 0 10 17 33
7 58 7 14 28 35 39 58
21 60 21 26 28 41 50 60
52 80 52 80
21 60 21 26 28 41 50 60
5 71 5 64 71
15 82 15 26 28 82
25 35 25 35
48 88 48 88
2 23 2 23
17 70 17 70
28 87 28 35 39 87
33 78 33 78
8 55 8 9 20 55
0 48 0 13 26 28 37 48
21 63 21 26 28 41 57 63
1 57 1 7 14 28 41 57
49 86 49 72 86
6 68 6 31 68
18 59 18 59
18 20 18 20
6 87 6 31 43 44 55 67 72 87
22 58 22 31 43 44 55 58
31 77 31 43 44 55 58 77
47 83 47 80 81 83
24 82 24 27 44 55 67 82
10 78 10 17 78
50 60 50 60
36 59 36 59
16 29 16 29
25 40 25 40
13 28 13 28
26 48 26 28 37 48
15 55 15 30 44 55
19 56 19 56
0 24 0 10 24
17 58 17 20 55 58
10 89 10 24 89
13 60 13 60
67 72 67 72
3 75 3 30 48 75
5 81 5 52 80 81
0 88 0 13 29 48 75 88
41 76 41 76
13 49 13 28 37 49
16 68 16 35 39 58 68
68 76 68 69 76
25 65 25 63 65
3 30 3 30
0 33 0 10 17 33
12 88 12 72 88
66 89 66 77 89
34 86 34 59 64 86
20 76 20 40 68 69 76
7 43 7 43
4 84 4 30 34 79 84
6 79 6 31 43 44 79
37 88 37 51 67 72 88
5 65 5 6 16 35 39 65
40 76 40 68 69 76
21 60 21 26 28 41 50 60
2 39 2 9 20 39
13 50 13 28 41 50
59 64 59 64
13 26 13 26
12 73 12 73
15 71 15 26 42 51 59 64 71
25 51 25 33 51
3 27 3 27
8 82 8 28 41 57 82
10 39 10 17 20 39
10 34 10 30 34
52 81 52 80 81
9 87 9 62 72 87
19 81 19 43 52 80 81
70 81 70 81
0 41 0 13 28 41
42 67 42 51 67
38 89 38 89
28 77 28 37 77
35 64 35 59 64
49 69 49 69
25 61 25 33 61
43 89 43 52 77 89
13 67 13 26 42 51 67
8 40 8 9 20 40
1 70 1 13 26 28 41 70
18 81 18 22 34 48 52 80 81
18 40 18 20 40
41 70 41 70
5 81 5 52 80 81
18 87 18 20 39 58 67 72 87
35 82 35 39 58 67 82
7 88 7 43 44 79 88
19 88 19 43 44 55 67 72 88
40 68 40 68
7 48 7 14 28 37 48
13 35 13 26 28 35
31 86 31 43 52 64 86
0 60 0 13 60
48 82 48 52 71 82
0 56 0 13 20 56
7 49 7 14 28 41 49
30 82 30 44 55 58 67 82
36 80 36 37 51 80
62 72 62 72
25 85 25 85
1 57 1 7 57
13 26 13 26
18 76 18 76
0 87 0 27 44 55 58 67 72 87
66 77 66 77
43 72 43 44 55 58 67 72
37 75 37 48 75
13 89 13 28 35 39 58 77 89
14 48 14 34 48
55 73 55 58 67 73
2 77 2 23 37 52 77
25 84 25 79 84
18 79 18 22 34 79
12 50 12 50
14 37 14 28 37
72 88 72 88
13 84 13 84
2 66 2 23 66
23 32 23 32
25 63 25 63
0 13 0 13
48 80 48 75 80
21 81 21 42 51 80 81
58 86 58 67 72 86
37 77 37 77
13 68 13 68
6 88 6 88
28 59 28 37 51 59
11 68 11 68
33 88 33 62 72 88
85 88 85 88
63 65 63 65
37 82 37 52 64 82
70 81 70 81
2 87 2 9 20 55 67 72 87
16 71 16 29 48 52 64 71
14 65 14 28 41 63 65
57 78 57 78
3 58 3 30 44 55 58
3 87 3 37 49 72 87
13 55 13 20 55
21 82 21 58 67 82
16 80 16 29 48 75 80
3 48 3 37 48
19 62 19 62
25 51 25 33 51
24 89 24 27 79 84 89
45 71 45 64 71
23 72 23 49 72
15 87 15 26 42 62 72 87
75 80 75 80
14 40 14 25 40
14 61 14 25 33 61
8 74 8 40 68 74
33 72 33 62 72
44 55 44 55
1 64 1 2 56 64
4 88 4 30 48 75 88
15 71 15 26 42 51 59 64 71
18 84 18 22 31 43 44 55 84
13 28 13 26 28
44 88 44 55 58 67 72 88
3 89 3 9 20 55 58 77 89
8 82 8 9 20 39 58 67 82
48 88 48 88
0 13 0 13
24 82 24 27 44 55 67 82
33 89 33 51 59 89
1 89 1 13 29 48 52 77 89
48 81 48 75 80 81
48 88 48 75 88
3 76 3 37 76
8 62 8 62
81 83 81 83
3 34 3 30 34
23 71 23 37 59 64 71
10 20 10 17 20
15 34 15 22 34
41 63 41 57 63
16 52 16 29 48 52
53 84 53 84
25 76 25 40 68 69 76
11 82 11 59 64 71 82
13 50 13 26 28 41 50
36 80 36 37 48 52 80
1 40 1 13 20 40
44 88 44 55 67 72 88
4 51 4 23 37 51
41 70 41 70
27 79 27 79
22 48 22 34 48
10 84 10 24 27 79 84
18 58 18 22 31 43 44 55 58
27 78 27 78
47 83 47 75 80 81 83
24 73 24 73
15 79 15 22 34 79
12 89 12 29 48 52 77 89
27 77 27 44 55 58 77
7 88 7 14 28 37 48 75 88
42 71 42 51 59 64 71
1 37 1 7 14 28 37
5 89 5 89
10 78 10 17 78
28 86 28 41 57 72 86
43 55 43 44 55
26 80 26 28 37 52 80
13 62 13 26 42 62
41 88 41 49 72 88
42 83 42 51 80 81 83
14 63 14 28 41 63
37 82 37 48 75 82
62 72 62 72
12 29 12 29
2 86 2 9 62 72 86
30 77 30 34 48 52 77
16 77 16 29 48 52 77
0 76 0 20 39 76
84 89 84 89
8 68 8 9 20 55 58 68
42 59 42 51 59
45 77 45 77
35 71 35 59 64 71
80 83 80 81 83
52 83 52 80 81 83
7 78 7 14 28 41 57 78
20 88 20 88
25 65 25 63 65
6 56 6 31 56
35 39 35 39
43 71 43 52 71
28 58 28 35 39 58
1 73 1 39 58 67 73
43 73 43 44 55 58 67 73
15 79 15 30 34 79
51 86 51 59 64 86
51 83 51 80 81 83
53 89 53 84 89
20 86 20 39 58 67 72 86
42 64 42 51 59 64
12 75 12 37 48 75
72 87 72 87
15 51 15 26 42 51
14 49 14 25 33 49
33 71 33 51 59 64 71
15 22 15 22
58 82 58 67 82
41 88 41 49 72 88
66 89 66 77 89
15 87 15 30 44 55 58 67 72 87
14 62 14 25 33 62
39 87 39 87
55 73 55 58 67 73
3 62 3 9 62
41 49 41 49
17 55 17 20 55
20 73 20 39 58 67 73
14 42 14 42
5 79 5 6 31 43 44 79
10 17 10 17
4 89 4 23 66 77 89
17 77 17 20 39 58 77
14 34 14 34
53 81 53 80 81
1 59 1 13 26 42 51 59
35 39 35 39
43 52 43 52
54 81 54 81
13 29 13 29
5 29 5 6 16 29
36 49 36 37 49
35 39 35 39
81 83 81 83
48 88 48 88
17 60 17 60
15 43 15 22 31 43
4 70 4 70
16 64 16 35 59 64
14 42 14 42
22 58 22 31 43 44 55 58
14 37 14 28 37
36 67 36 37 51 67
31 80 31 43 52 80
5 51 5 6 37 51
13 48 13 26 28 37 48
2 77 2 9 20 39 58 77
20 89 20 39 58 77 89
0 82 0 27 44 55 58 67 82
39 87 39 58 67 72 87
4 52 4 30 48 52
1 37 1 37
55 73 55 67 73
1 49 1 49
35 86 35 39 58 67 72 86
8 80 8 28 37 51 80
6 72 6 37 72
14 41 14 28 41
10 48 10 30 48
16 72 16 35 39 58 67 72
2 23 2 23
3 27 3 27
11 71 11 59 64 71
31 43 31 43
14 77 14 25 35 39 58 77
28 41 28 41
45 86 45 64 86
19 89 19 43 52 77 89
23 37 23 37
37 77 37 77
14 64 14 34 48 52 64
68 74 68 74
0 87 0 10 30 44 55 67 72 87
71 82 71 82
72 87 72 87
12 49 12 37 49
16 68 16 35 39 58 68
25 63 25 63
53 81 53 80 81
37 48 37 48
2 87 2 33 62 72 87
30 82 30 48 52 71 82
9 68 9 20 55 58 68
14 25 14 25
20 76 20 40 68 69 76
12 68 12 44 55 58 68
28 60 28 41 50 60
34 86 34 86
25 77 25 35 39 58 77
43 44 43 44
18 20 18 20
13 62 13 26 42 62
15 30 15 30
20 55 20 55
40 76 40 68 69 76
17 49 17 33 49
51 67 51 67
8 80 8 28 37 51 80
22 48 22 34 48
47 80 47 75 80
13 64 13 20 56 64
2 48 2 23 37 48
21 51 21 42 51
6 69 6 16 35 39 58 68 69
13 77 13 20 39 58 77
41 69 41 49 69
4 69 4 49 69
7 14 7 14
22 76 22 31 68 69 76
3 59 3 37 51 59
31 69 31 43 44 55 58 68 69
24 27 24 27
5 72 5 72
2 9 2 9
14 51 14 42 51
11 71 11 59 64 71
1 87 1 13 26 42 62 72 87
18 40 18 20 40
41 69 41 49 69
43 82 43 44 55 67 82
15 79 15 22 31 43 44 79
21 52 21 26 28 37 52
37 52 37 48 52
15 34 15 30 34
14 51 14 28 37 51
23 37 23 37
11 68 11 68
1 61 1 2 33 61
19 43 19 43
5 84 5 79 84
39 82 39 58 67 82
11 88 11 88
50 60 50 60
20 39 20 39
15 71 15 22 43 52 64 71
12 89 12 84 89
9 89 9 20 39 58 77 89
34 71 34 48 52 64 71
8 64 8 28 35 59 64
17 89 17 20 39 58 77 89
13 60 13 28 41 50 60
25 39 25 35 39
44 55 44 55
19 58 19 43 44 55 58
26 28 26 28
7 14 7 14
30 84 30 44 55 84
9 68 9 20 40 68
19 69 19 43 44 55 58 68 69
58 76 58 68 69 76
52 77 52 77
5 82 5 75 82
8 40 8 40
18 65 18 20 39 65
18 79 18 22 31 43 44 79
26 42 26 42
52 81 52 80 81
19 56 19 56
10 44 10 30 44
13 60 13 60
24 71 24 71
77 89 77 89
37 52 37 48 52
16 29 16 29
2 81 2 33 51 80 81
4 52 4 30 48 52
51 81 51 80 81
13 65 13 26 28 35 39 65
10 17 10 17
20 86 20 55 58 67 72 86
45 50 45 50
14 59 14 28 35 59
21 89 21 42 51 59 89
48 77 48 52 77
70 81 70 81
0 37 0 13 26 28 37
6 29 6 16 29
30 34 30 34
3 75 3 30 48 75
26 71 26 28 35 59 64 71
42 82 42 51 67 82
51 83 51 80 81 83
30 67 30 44 55 67
53 81 53 80 81
41 63 41 57 63
18 73 18 20 55 58 67 73
9 56 9 20 56
15 34 15 30 34
0 45 0 45
7 14 7 14
15 86 15 26 28 37 72 86
22 81 22 43 52 80 81
8 80 8 28 37 52 80
2 66 2 23 66
80 83 80 81 83
22 64 22 34 48 52 64
25 65 25 35 39 65
4 66 4 23 66
18 78 18 20 40 78
64 71 64 71
1 75 1 2 23 37 48 75
0 76 0 27 44 55 58 68 69 76
14 40 14 25 40
14 59 14 42 51 59
16 88 16 29 48 75 88
27 72 27 44 55 67 72
14 73 14 28 35 39 58 67 73
12 75 12 37 48 75
1 44 1 7 43 44
25 61 25 33 61
10 24 10 24
54 83 54 81 83
21 57 21 26 28 41 57
0 20 0 20
34 79 34 79
1 78 1 7 14 25 33 78
23 78 23 66 78
19 69 19 43 44 55 58 68 69
13 74 13 68 74
12 24 12 24
41 63 41 57 63
2 87 2 9 62 72 87
1 59 1 2 33 51 59
14 65 14 28 35 39 65
13 65 13 20 39 65
11 64 11 59 64
8 41 8 28 41
18 81 18 22 34 48 52 80 81
15 69 15 22 31 43 44 55 58 68 69
14 62 14 25 33 62
31 79 31 43 44 79
42 71 42 51 59 64 71
9 64 9 20 56 64
7 39 7 14 25 35 39
31 86 31 56 64 86
7 25 7 14 25
8 76 8 40 68 69 76
26 72 26 28 35 39 58 67 72
15 71 15 30 34 48 52 64 71
8 76 8 28 68 69 76
5 84 5 6 31 43 44 79 84
21 37 21 26 28 37
39 69 39 58 68 69
35 65 35 39 65
47 80 47 80
13 56 13 20 56
39 68 39 58 68
6 86 6 86
28 78 28 41 57 78
19 62 19 62
57 86 57 72 86
10 48 10 48
1 65 1 2 9 20 39 65
2 23 2 23
13 49 13 28 41 49
5 72 5 6 16 35 39 58 67 72
26 65 26 28 41 57 63 65
19 38 19 38
25 65 25 35 39 65
79 84 79 84
28 82 28 41 70 82
2 89 2 9 20 39 58 77 89
39 68 39 58 68
16 68 16 35 39 58 68
2 59 2 23 37 59
24 89 24 89
21 26 21 26
75 80 75 80
14 67 14 25 33 51 67
12 24 12 24
52 81 52 80 81
21 74 21 58 68 74
17 64 17 20 56 64
22 31 22 31
34 52 34 48 52
37 52 37 52
18 22 18 22
5 51 5 6 37 51
55 72 55 58 67 72
25 39 25 35 39
53 80 53 80
57 86 57 72 86
55 73 55 67 73
37 59 37 51 59
33 71 33 51 59 64 71
13 77 13 29 48 52 77
41 69 41 49 69
18 76 18 76
14 33 14 25 33
70 81 70 81
31 79 31 43 44 79
29 48 29 48
1 43 1 7 43
16 80 16 29 48 52 80
12 89 12 45 77 89
4 59 4 30 34 59
4 72 4 49 72
7 63 7 14 25 63
17 72 17 20 55 67 72
22 75 22 34 48 75
18 31 18 22 31
51 67 51 67
35 64 35 59 64
52 71 52 64 71
30 77 30 34 48 52 77
43 52 43 52
20 56 20 56
6 56 6 31 56
47 82 47 75 82
33 51 33 51
28 63 28 41 63
19 82 19 82
10 48 10 48
28 59 28 35 59
1 7 1 7
36 72 36 37 51 67 72
19 56 19 56
36 86 36 59 64 86
67 73 67 73
13 89 13 28 35 59 89
13 42 13 26 42
33 86 33 51 67 72 86
13 74 13 28 68 74
0 57 0 13 28 41 57
52 81 52 80 81
10 48 10 30 34 48
53 80 53 80
1 44 1 7 43 44
44 79 44 79
10 89 10 30 48 52 77 89
1 26 1 13 26
58 82 58 67 82
3 79 3 27 79
42 67 42 51 67
21 63 21 26 28 41 57 63
12 44 12 44
18 87 18 22 31 43 87
26 86 26 28 37 59 64 86
45 86 45 64 86
14 37 14 28 37
19 80 19 43 52 80
35 68 35 39 58 68
36 49 36 37 49
10 34 10 30 34
0 51 0 10 17 33 51
20 89 20 55 84 89
4 70 4 70
45 86 45 64 86
41 63 41 63
44 84 44 84
38 65 38 65
9 64 9 20 56 64
10 71 10 17 20 56 64 71
36 77 36 37 52 77
48 52 48 52
28 35 28 35
13 51 13 26 28 37 51
10 75 10 48 75
21 42 21 26 42
18 72 18 22 43 44 55 67 72
55 67 55 67
6 51 6 37 51
1 70 1 7 14 28 41 70
19 64 19 43 52 64
35 88 35 39 58 67 72 88
7 59 7 14 25 33 51 59
12 84 12 44 79 84
33 89 33 51 59 89
0 78 0 10 24 27 78
42 80 42 51 80
3 59 3 37 59
13 35 13 26 28 35
44 55 44 55
7 52 7 43 52
25 33 25 33
4 51 4 23 37 51
0 45 0 45
3 82 3 64 82
44 89 44 79 84 89
20 73 20 73
14 42 14 42
3 27 3 27
43 73 43 44 55 58 67 73
41 57 41 57
15 68 15 26 28 68
31 55 31 43 44 55
77 89 77 89
37 59 37 51 59
43 84 43 44 84
31 68 31 68
17 58 17 20 55 58
56 74 56 74
57 82 57 82
55 67 55 67
8 9 8 9
36 67 36 37 51 67
0 61 0 10 17 33 61
55 72 55 58 67 72
1 68 1 39 58 68
10 49 10 17 33 49
14 41 14 28 41
18 65 18 20 39 65
67 73 67 73
75 88 75 88
5 81 5 6 31 43 52 80 81
22 31 22 31
13 60 13 60
11 88 11 88
13 51 13 28 37 51
39 67 39 58 67
37 76 37 49 69 76
8 70 8 41 70
55 58 55 58
13 28 13 28
0 78 0 10 24 27 78
28 35 28 35
17 84 17 20 55 84
8 40 8 40
17 60 17 60
13 62 13 26 42 62
45 71 45 64 71
10 64 10 48 52 64
42 80 42 51 80
5 71 5 64 71
15 86 15 30 44 55 67 72 86
14 52 14 28 37 52
19 64 19 43 52 64
54 81 54 81
9 64 9 20 56 64
0 34 0 10 30 34
2 48 2 23 37 48
31 77 31 43 44 55 58 77
43 84 43 44 55 84
15 51 15 26 42 51
48 80 48 75 80
3 49 3 37 49
36 60 36 50 60
26 83 26 42 51 80 81 83
42 83 42 51 80 81 83
30 82 30 34 48 75 82
26 48 26 28 37 48
75 82 75 82
20 76 20 55 58 68 69 76
1 73 1 7 43 44 55 58 67 73
36 87 36 37 72 87
24 82 24 27 44 55 67 82
8 87 8 62 72 87
21 60 21 26 28 41 50 60
19 81 19 43 52 80 81
21 81 21 26 28 37 48 75 80 81
15 22 15 22
80 83 80 81 83
19 43 19 43
21 86 21 58 67 72 86
33 80 33 51 80
27 72 27 44 55 58 67 72
39 87 39 58 67 72 87
28 63 28 41 63
2 81 2 23 37 51 80 81
75 82 75 82
4 23 4 23
17 61 17 33 61
3 75 3 30 34 48 75
2 81 2 33 51 80 81
14 34 14 34
23 66 23 66
35 67 35 39 58 67
25 39 25 35 39
18 71 18 59 64 71
36 67 36 37 51 67
1 70 1 13 26 28 41 70
43 89 43 52 77 89
10 39 10 17 20 39
17 70 17 70
16 68 16 35 39 58 68
4 83 4 70 81 83
7 83 7 43 52 80 81 83
5 6 5 6
28 52 28 37 48 52
5 65 5 6 16 35 39 65
16 67 16 35 39 58 67
45 77 45 77
16 87 16 87
37 88 37 48 88
42 73 42 51 67 73
27 82 27 44 55 58 67 82
13 29 13 29
13 26 13 26
16 52 16 29 48 52
8 80 8 28 37 48 75 80
15 63 15 26 28 41 57 63
50 60 50 60
28 63 28 41 57 63
16 64 16 29 48 52 64
26 76 26 28 37 49 69 76
22 34 22 34
48 80 48 75 80
77 89 77 89
6 72 6 37 72
27 77 27 44 55 58 77
12 49 12 37 49
0 34 0 10 30 34
26 37 26 28 37
28 86 28 37 52 64 86
52 71 52 71
15 67 15 22 31 43 44 55 58 67
10 20 10 17 20
43 44 43 44
14 73 14 42 51 67 73
0 69 0 20 55 58 68 69
27 78 27 78
0 69 0 27 44 55 58 68 69
71 82 71 82
9 71 9 20 56 64 71
41 78 41 57 78
7 83 7 14 42 51 80 81 83
1 42 1 7 14 42
52 81 52 80 81
58 67 58 67
53 80 53 80
4 59 4 30 34 59
13 20 13 20
31 84 31 43 44 84
14 38 14 25 38
51 86 51 59 64 86
26 48 26 28 37 48
48 52 48 52
28 48 28 37 48
2 86 2 23 37 51 86
58 82 58 67 82
4 32 4 23 32
9 71 9 20 56 64 71
1 49 1 49
36 60 36 50 60
9 74 9 20 56 74
1 26 1 13 26
14 69 14 25 35 39 58 68 69
16 29 16 29
8 55 8 9 20 55
14 83 14 42 51 80 81 83
21 59 21 42 51 59
1 89 1 7 14 25 35 59 89
4 83 4 70 81 83
57 86 57 72 86
10 59 10 17 33 51 59
5 65 5 6 16 35 39 65
36 48 36 37 48
19 68 19 43 44 55 58 68
55 73 55 67 73
42 80 42 51 80
1 69 1 2 23 37 49 69
25 63 25 63
17 89 17 58 77 89
22 81 22 31 43 52 80 81
6 79 6 31 43 44 79
66 78 66 78
39 73 39 58 67 73
2 59 2 23 37 59
31 43 31 43
14 62 14 42 62
1 89 1 89
49 86 49 72 86
4 82 4 70 82
41 63 41 57 63
25 38 25 38
12 50 12 45 50
39 69 39 58 68 69
13 84 13 84
33 62 33 62
39 76 39 76
67 86 67 72 86
0 69 0 13 26 28 37 49 69
12 75 12 37 48 75
7 76 7 43 44 55 58 68 69 76
28 51 28 37 51
4 49 4 49
20 89 20 55 84 89
13 67 13 20 39 58 67
12 50 12 50
35 68 35 39 58 68
48 75 48 75
28 86 28 64 86
33 51 33 51
21 89 21 26 42 51 59 89
39 82 39 58 67 82
42 87 42 62 72 87
17 78 17 20 40 78
45 71 45 64 71
13 62 13 26 42 62
0 26 0 13 26
10 20 10 17 20
42 72 42 51 67 72
68 76 68 69 76
7 63 7 57 63
2 23 2 23
33 80 33 51 80
4 76 4 49 69 76
21 71 21 42 51 59 64 71
4 74 4 30 44 55 58 68 74
27 74 27 44 55 58 68 74
27 67 27 44 55 58 67
21 39 21 26 28 35 39
7 78 7 57 78
4 66 4 23 66
39 67 39 58 67
7 68 7 14 28 68
4 34 4 30 34
84 89 84 89
41 50 41 50
25 71 25 35 59 64 71
31 84 31 43 44 84
25 51 25 33 51
27 77 27 44 55 58 77
10 17 10 17
35 88 35 39 58 67 72 88
22 75 22 34 48 75
14 64 14 34 48 52 64
19 86 19 43 44 55 58 67 72 86
14 33 14 25 33
22 68 22 31 68
5 88 5 72 88
23 32 23 32
8 35 8 28 35
56 71 56 64 71
7 49 7 14 28 41 49
59 64 59 64
45 71 45 64 71
54 81 54 81
52 77 52 77
42 67 42 51 67
10 83 10 30 34 79 83
37 51 37 51
39 88 39 58 67 72 88
13 55 13 20 55
41 88 41 57 72 88
10 17 10 17
41 70 41 70
7 35 7 14 28 35
39 69 39 58 68 69
15 63 15 26 28 41 63
13 59 13 26 42 51 59
33 88 33 49 72 88
3 67 3 27 44 55 58 67
66 78 66 78
30 59 30 34 59
26 64 26 28 35 59 64
50 82 50 82
4 72 4 49 72
26 82 26 42 51 67 82
35 88 35 39 58 67 72 88
41 76 41 49 69 76
15 79 15 30 44 79
17 76 17 58 68 69 76
64 86 64 86
13 35 13 28 35
10 17 10 17
36 67 36 37 51 67
0 80 0 10 17 33 51 80
15 86 15 26 42 51 86
18 22 18 22
25 89 25 35 59 89
0 13 0 13
36 71 36 37 51 59 64 71
24 83 24 83
20 55 20 55
20 73 20 73
2 20 2 9 20
5 75 5 6 37 48 75
12 44 12 44
17 67 17 20 39 58 67
34 80 34 48 75 80
49 87 49 72 87
17 89 17 58 77 89
68 76 68 69 76
19 82 19 43 52 71 82
0 82 0 10 48 52 71 82
71 82 71 82
35 68 35 39 58 68
7 57 7 57
49 87 49 72 87
6 16 6 16
25 51 25 33 51
17 56 17 20 56
21 82 21 42 51 59 64 71 82
13 74 13 68 74
9 62 9 62
13 48 13 29 48
11 76 11 68 69 76
14 73 14 25 33 51 67 73
15 48 15 26 28 37 48
14 59 14 28 35 59
70 82 70 82
59 89 59 89
35 59 35 59
18 39 18 20 39
4 68 4 30 44 55 58 68
1 89 1 39 58 77 89
7 52 7 14 34 48 52
44 83 44 79 83
0 41 0 13 26 28 41
21 60 21 26 28 41 50 60
4 64 4 23 37 48 52 64
2 9 2 9
0 80 0 13 28 37 51 80
12 64 12 29 48 52 64
10 86 10 17 33 49 72 86
30 59 30 34 59
1 68 1 7 14 28 68
13 75 13 28 37 48 75
5 89 5 6 37 52 77 89
10 34 10 30 34
24 76 24 27 44 55 58 68 69 76
30 75 30 48 75
23 66 23 66
26 86 26 42 62 72 86
14 52 14 34 48 52
11 68 11 68
19 56 19 56
14 85 14 25 85
1 75 1 7 14 28 37 48 75
4 67 4 23 37 51 67
58 86 58 67 72 86
0 56 0 20 56
9 89 9 20 39 58 77 89
8 80 8 28 37 48 75 80
33 61 33 61
30 68 30 44 55 58 68
25 63 25 63
5 35 5 6 16 35
23 48 23 37 48
7 58 7 43 44 55 58
0 88 0 10 30 44 55 58 67 72 88
10 24 10 24
1 44 1 7 43 44
4 87 4 23 49 72 87
16 88 16 35 39 58 67 72 88
5 75 5 75
14 89 14 59 89
0 34 0 10 30 34
13 64 13 26 42 51 59 64
75 82 75 82
9 89 9 20 39 58 77 89
26 82 26 42 51 59 64 82
36 49 36 37 49
10 84 10 30 34 79 84
22 87 22 43 87
35 65 35 39 65
22 58 22 31 43 44 55 58
0 40 0 13 20 40
72 87 72 87
16 82 16 29 48 52 71 82
20 65 20 39 65
25 76 25 40 68 69 76
16 71 16 29 48 52 71
16 67 16 35 39 58 67
85 88 85 88
2 77 2 9 20 55 58 77
17 20 17 20
52 71 52 71
63 65 63 65
35 59 35 59
13 56 13 20 56
1 69 1 7 43 44 55 58 68 69
26 39 26 28 35 39
25 76 25 40 68 69 76
0 48 0 10 30 48
1 73 1 7 14 42 51 67 73
26 65 26 28 41 63 65
31 56 31 56
9 72 9 20 55 58 67 72
25 71 25 33 51 59 64 71
4 23 4 23
0 41 0 13 28 41
12 24 12 24
44 84 44 55 84
23 86 23 49 72 86
10 33 10 17 33
51 67 51 67
24 67 24 27 44 55 67
80 81 80 81
10 69 10 17 20 55 58 68 69
2 33 2 33
3 9 3 9
35 82 35 59 64 71 82
3 67 3 37 51 67
2 67 2 23 37 51 67
55 67 55 58 67
31 55 31 43 44 55
8 68 8 40 68
52 71 52 64 71
4 87 4 23 49 72 87
14 49 14 25 33 49
1 85 1 7 14 25 85
9 89 9 20 39 58 77 89
0 45 0 45
43 88 43 44 55 67 72 88
23 78 23 66 78
48 82 48 52 71 82
55 84 55 84
19 68 19 43 44 55 58 68
17 83 17 70 81 83
12 50 12 45 50
34 71 34 48 52 64 71
3 83 3 27 79 83
7 64 7 64
6 77 6 31 43 52 77
34 59 34 59
3 89 3 38 89
36 81 36 37 51 80 81
2 80 2 33 51 80
55 82 55 58 67 82
20 89 20 39 58 77 89
15 22 15 22
67 82 67 82
3 89 3 9 20 55 58 77 89
67 88 67 72 88
2 74 2 9 20 55 58 68 74
35 59 35 59
28 87 28 87
37 49 37 49
12 37 12 37
3 78 3 27 78
20 55 20 55
16 87 16 35 39 87
19 77 19 43 44 55 58 77
30 75 30 34 48 75
52 80 52 80
1 55 1 7 43 44 55
15 22 15 22
28 81 28 41 70 81
40 78 40 78
71 82 71 82
6 49 6 37 49
36 50 36 50
48 77 48 52 77
4 70 4 70
44 67 44 55 67
7 34 7 14 34
30 48 30 34 48
30 77 30 44 55 58 77
17 58 17 20 55 58
18 58 18 22 31 43 44 55 58
1 39 1 13 20 39
5 79 5 6 31 43 44 79
47 82 47 75 82
15 68 15 22 43 44 55 58 68
17 32 17 32
0 10 0 10
5 71 5 6 71
33 61 33 61
69 76 69 76
19 89 19 38 89
18 31 18 22 31
41 63 41 57 63
2 81 2 33 51 80 81
33 62 33 62
23 75 23 37 48 75
25 77 25 35 39 58 77
11 76 11 68 69 76
30 59 30 34 59
10 24 10 24
21 52 21 26 28 37 52
12 66 12 66
23 49 23 37 49
35 67 35 39 58 67
40 68 40 68
42 83 42 51 80 81 83
13 55 13 20 55
4 30 4 30
37 75 37 48 75
13 65 13 28 41 63 65
0 10 0 10
8 74 8 9 20 56 74
10 17 10 17
18 78 18 20 40 78
59 89 59 89
35 82 35 39 58 67 82
51 89 51 59 89
52 83 52 80 81 83
30 84 30 34 79 84
51 89 51 59 89
18 72 18 22 31 43 44 55 67 72
18 39 18 20 39
17 76 17 33 49 69 76
34 59 34 59
18 82 18 20 56 64 71 82
20 56 20 56
57 65 57 63 65
10 20 10 17 20
34 84 34 79 84
19 89 19 43 44 79 84 89
13 51 13 28 37 51
1 7 1 7
31 64 31 56 64
23 32 23 32
30 44 30 44
42 64 42 51 59 64
29 89 29 48 52 77 89
17 78 17 20 40 78
18 73 18 22 31 43 44 55 67 73
35 88 35 39 58 67 72 88
10 64 10 30 48 52 64
10 64 10 48 52 64
17 56 17 20 56
36 86 36 37 49 72 86
84 89 84 89
31 55 31 43 44 55
12 50 12 50
26 28 26 28
41 88 41 57 72 88
41 49 41 49
49 86 49 72 86
15 30 15 30
7 77 7 43 52 77
44 84 44 84
41 50 41 50
10 68 10 30 44 55 58 68
25 49 25 33 49
22 84 22 31 43 44 79 84
18 87 18 20 55 58 67 72 87
6 59 6 16 35 59
4 83 4 23 37 48 75 80 81 83
8 55 8 9 20 55
39 73 39 58 67 73
1 64 1 13 26 28 35 59 64
17 83 17 33 51 80 81 83
25 85 25 85
18 65 18 20 39 65
23 32 23 32
4 32 4 23 32
21 77 21 26 28 37 52 77
3 68 3 27 44 55 58 68
3 27 3 27
35 86 35 59 64 86
41 70 41 70
6 56 6 31 56
51 82 51 59 64 82
14 84 14 34 79 84
21 89 21 26 28 35 39 58 77 89
10 87 10 30 44 55 58 67 72 87
25 85 25 85
19 43 19 43
27 76 27 44 55 58 68 69 76
15 86 15 26 42 62 72 86
13 59 13 28 37 51 59
13 42 13 26 42
36 86 36 37 72 86
2 89 2 9 20 55 58 77 89
56 71 56 64 71
1 85 1 7 14 25 85
48 81 48 75 80 81
66 77 66 77
21 57 21 26 28 41 57
26 64 26 42 51 59 64
0 82 0 20 56 82
2 81 2 23 37 51 80 81
3 59 3 37 59
4 66 4 23 66
67 88 67 72 88
11 89 11 59 89
55 73 55 58 67 73
45 82 45 64 82
1 42 1 13 26 42
18 40 18 20 40
3 72 3 30 44 55 67 72
42 71 42 51 59 64 71
28 77 28 37 48 52 77
13 60 13 28 41 50 60
27 78 27 78
44 67 44 55 67
14 41 14 28 41
14 77 14 34 48 52 77
18 59 18 22 34 59
9 68 9 20 40 68
31 79 31 43 44 79
28 39 28 35 39
5 82 5 75 82
14 52 14 34 48 52
17 73 17 33 51 67 73
15 87 15 26 28 35 39 87
4 59 4 23 37 51 59
23 78 23 66 78
0 88 0 20 55 58 67 72 88
13 29 13 29
3 39 3 9 20 39
7 57 7 57
27 79 27 79
51 80 51 80
17 49 17 33 49
13 49 13 26 28 37 49
18 76 18 76
10 82 10 17 70 82
10 84 10 24 27 79 84
39 76 39 76
52 80 52 80
4 30 4 30
35 64 35 59 64
25 62 25 62
14 83 14 25 33 51 80 81 83
22 31 22 31
51 67 51 67
12 73 12 37 51 67 73
33 62 33 62
3 79 3 27 79
3 55 3 27 44 55
67 86 67 72 86
8 64 8 28 64
56 64 56 64
44 55 44 55
17 60 17 60
35 86 35 39 58 67 72 86
14 28 14 28
0 82 0 20 55 67 82
5 79 5 6 31 43 44 79
31 86 31 56 64 86
44 67 44 55 67
4 74 4 74
17 32 17 32
36 49 36 37 49
14 28 14 28
17 74 17 20 40 68 74
24 27 24 27
57 72 57 72
0 89 0 10 17 58 77 89
68 76 68 69 76
31 80 31 43 52 80
25 39 25 35 39
7 76 7 14 28 37 76
30 77 30 48 52 77
49 72 49 72
6 49 6 37 49
6 87 6 16 87
1 75 1 37 48 75
4 23 4 23
52 80 52 80
21 37 21 26 28 37
1 13 1 13
6 29 6 16 29
34 84 34 79 84
21 89 21 58 77 89
3 69 3 27 44 55 58 68 69
3 69 3 30 44 55 58 68 69
20 55 20 55
43 88 43 44 55 58 67 72 88
23 71 23 37 59 64 71
19 38 19 38
48 77 48 52 77
10 59 10 17 33 51 59
43 72 43 44 55 58 67 72
25 40 25 40
35 76 35 39 58 68 69 76
26 88 26 42 62 72 88
27 77 27 44 55 58 77
5 79 5 6 31 43 44 79
13 49 13 26 28 37 49
5 51 5 6 37 51
7 14 7 14
3 37 3 37
8 9 8 9
10 74 10 30 44 55 58 68 74
47 80 47 80
19 77 19 43 52 77
13 60 13 28 41 50 60
58 86 58 67 72 86
43 82 43 44 55 67 82
6 56 6 31 56
45 86 45 64 86
4 64 4 23 37 48 52 64
40 78 40 78
3 58 3 27 44 55 58
77 89 77 89
52 89 52 77 89
13 48 13 26 28 37 48
10 78 10 17 20 40 78
31 43 31 43
0 86 0 10 30 48 52 64 86
26 86 26 28 35 39 58 67 72 86
55 77 55 58 77
27 58 27 44 55 58
23 49 23 49
10 70 10 17 70
7 25 7 14 25
1 28 1 7 14 28
8 64 8 28 35 59 64
15 63 15 26 28 41 63
3 30 3 30
13 74 13 68 74
31 69 31 68 69
26 59 26 42 51 59
34 81 34 48 52 80 81
7 76 7 43 44 55 58 68 69 76
4 55 4 30 44 55
19 86 19 43 52 64 86
15 51 15 26 42 51
80 81 80 81
28 39 28 35 39
36 88 36 37 49 72 88
4 49 4 49
42 89 42 51 59 89
42 87 42 62 72 87
5 29 5 6 16 29
2 20 2 9 20
42 80 42 51 80
33 76 33 49 76
70 82 70 82
14 42 14 42
10 82 10 17 70 82
2 87 2 33 62 72 87
7 69 7 43 44 55 58 68 69
22 76 22 31 43 44 55 58 68 69 76
26 86 26 42 51 86
59 89 59 89
10 49 10 17 33 49
26 73 26 42 51 67 73
79 84 79 84
6 76 6 31 43 44 55 58 68 69 76
58 77 58 77
10 44 10 30 44
58 77 58 77
42 71 42 51 59 64 71
8 76 8 40 68 69 76
23 78 23 66 78
14 73 14 42 51 67 73
8 82 8 9 20 55 58 67 82
1 58 1 7 14 25 35 39 58
2 56 2 56
51 89 51 59 89
9 72 9 20 39 58 67 72
47 80 47 75 80
22 31 22 31
33 78 33 78
18 20 18 20
16 74 16 35 39 58 68 74
19 69 19 43 44 55 58 68 69
41 50 41 50
6 86 6 31 56 64 86
36 60 36 50 60
26 58 26 28 35 39 58
26 59 26 42 51 59
4 88 4 30 34 79 88
33 61 33 61
18 79 18 22 31 43 44 79
12 64 12 29 48 52 64
13 51 13 28 37 51
19 38 19 38
34 48 34 48
26 64 26 42 51 59 64
43 44 43 44
0 40 0 13 20 40
3 87 3 37 72 87
52 80 52 80
3 72 3 37 72
53 84 53 84
8 28 8 28
52 81 52 80 81
3 55 3 30 44 55
37 51 37 51
49 72 49 72
10 39 10 17 20 39
21 82 21 58 67 82
35 88 35 39 58 67 72 88
25 87 25 33 62 72 87
28 39 28 35 39
14 40 14 25 40
26 48 26 28 37 48
35 64 35 59 64
42 51 42 51
5 79 5 6 31 43 44 79
25 39 25 35 39
43 72 43 44 55 58 67 72
2 48 2 23 37 48
7 76 7 14 28 35 39 76
0 78 0 10 17 78
36 72 36 37 49 72
36 87 36 37 51 67 72 87
7 37 7 14 28 37
6 31 6 31
16 88 16 29 48 88
37 69 37 49 69
42 59 42 51 59
15 67 15 26 28 35 39 58 67
28 73 28 37 51 67 73
19 82 19 56 64 82
7 34 7 14 34
1 41 1 7 14 28 41
23 71 23 37 51 59 64 71
15 30 15 30
31 55 31 43 44 55
34 64 34 59 64
56 74 56 74
30 48 30 34 48
36 52 36 37 52
6 59 6 37 59
11 59 11 59
33 61 33 61
26 58 26 28 35 39 58
17 67 17 58 67
26 42 26 42
27 78 27 78
39 77 39 58 77
59 82 59 64 82
17 49 17 33 49
66 78 66 78
50 60 50 60
25 51 25 33 51
5 75 5 6 37 48 75
10 86 10 17 33 49 72 86
0 86 0 10 48 52 64 86
22 43 22 43
16 71 16 29 48 52 71
15 58 15 26 28 35 39 58
23 78 23 66 78
3 88 3 37 72 88
2 74 2 9 20 56 74
31 84 31 43 44 79 84
5 74 5 6 31 68 74
0 61 0 10 17 33 61
18 71 18 59 64 71
10 44 10 24 27 44
58 86 58 67 72 86
15 71 15 26 28 64 71
18 34 18 22 34
35 86 35 39 58 67 72 86
27 44 27 44
13 50 13 28 41 50
1 41 1 7 14 28 41
21 89 21 42 51 59 89
18 73 18 20 55 58 67 73
14 51 14 28 37 51
7 77 7 14 28 35 39 58 77
14 49 14 25 33 49
24 83 24 27 79 83
6 86 6 31 56 64 86
2 80 2 33 51 80
24 79 24 27 79
2 66 2 23 66
44 79 44 79
1 49 1 49
37 76 37 49 76
9 89 9 20 39 58 77 89
31 68 31 43 44 55 58 68
1 51 1 37 51
1 69 1 39 58 68 69
15 87 15 22 31 43 87
6 86 6 31 56 64 86
3 67 3 37 51 67
19 80 19 43 52 80
36 81 36 37 52 80 81
3 30 3 30
18 81 18 22 31 43 52 80 81
33 86 33 62 72 86
28 39 28 35 39
20 39 20 39
21 58 21 58
14 35 14 28 35
39 69 39 58 68 69
41 70 41 70
24 82 24 71 82
21 59 21 42 51 59
53 80 53 80
15 39 15 26 28 35 39
75 81 75 80 81
22 59 22 34 59
20 55 20 55
18 39 18 20 39
12 68 12 44 55 58 68
17 55 17 20 55
45 83 45 83
5 29 5 6 16 29
68 76 68 69 76
42 73 42 51 67 73
2 74 2 56 74
13 83 13 28 41 70 81 83
0 34 0 10 30 34
5 84 5 6 31 43 44 79 84
43 89 43 52 77 89
8 87 8 62 72 87
50 60 50 60
27 58 27 44 55 58
5 76 5 6 31 68 69 76
28 35 28 35
48 77 48 52 77
28 39 28 35 39
45 64 45 64
4 52 4 23 37 48 52
43 44 43 44
42 87 42 62 72 87
12 75 12 29 48 75
16 67 16 35 39 58 67
22 34 22 34
17 72 17 20 39 58 67 72
4 32 4 23 32
13 89 13 84 89
5 29 5 6 16 29
36 71 36 59 64 71
33 88 33 49 72 88
0 69 0 27 44 55 58 68 69
68 76 68 69 76
21 62 21 42 62
56 64 56 64
14 48 14 34 48
6 77 6 16 29 48 52 77
19 68 19 43 44 55 58 68
21 89 21 42 51 59 89
39 65 39 65
14 37 14 28 37
44 67 44 55 58 67
13 56 13 20 56
14 85 14 25 85
2 68 2 9 20 55 58 68
10 40 10 17 20 40
52 89 52 77 89
10 74 10 30 44 55 58 68 74
4 67 4 23 37 51 67
11 88 11 88
33 49 33 49
53 88 53 88
13 77 13 28 37 52 77
19 83 19 43 44 79 83
5 74 5 6 16 35 39 58 68 74
1 85 1 7 14 25 85
2 81 2 33 51 80 81
7 76 7 14 28 41 76
42 83 42 51 80 81 83
72 86 72 86
23 86 23 49 72 86
7 84 7 43 44 84
12 59 12 37 59
4 84 4 30 34 79 84
0 59 0 10 17 33 51 59
35 76 35 39 76
4 32 4 23 32
42 64 42 51 59 64
22 75 22 34 48 75
23 37 23 37
5 65 5 6 16 35 39 65
45 71 45 64 71
37 52 37 52
24 74 24 27 44 55 58 68 74
10 86 10 30 44 55 67 72 86
7 88 7 62 72 88
4 74 4 30 44 55 58 68 74
2 77 2 23 66 77
35 86 35 59 64 86
75 81 75 80 81
0 78 0 10 24 27 78
3 87 3 9 62 72 87
5 49 5 6 37 49
43 55 43 44 55
49 86 49 72 86
42 67 42 51 67
3 78 3 27 78
4 82 4 82
17 72 17 33 49 72
6 71 6 16 35 59 64 71
3 68 3 30 44 55 58 68
31 43 31 43
10 30 10 30
14 62 14 42 62
26 72 26 42 62 72
26 28 26 28
7 69 7 14 25 33 49 69
24 27 24 27
51 89 51 59 89
0 40 0 13 20 40
4 68 4 30 44 55 58 68
5 35 5 6 16 35
1 40 1 7 14 25 40
1 23 1 2 23
25 40 25 40
33 71 33 51 59 64 71
13 76 13 20 40 68 69 76
15 82 15 30 44 55 67 82
15 82 15 26 42 51 67 82
19 83 19 43 44 79 83
15 22 15 22
45 64 45 64
0 77 0 45 77
1 23 1 2 23
28 35 28 35
55 69 55 58 68 69
27 72 27 44 55 58 67 72
33 80 33 51 80
16 82 16 29 48 52 71 82
1 7 1 7
18 73 18 22 43 44 55 58 67 73
14 28 14 28
34 59 34 59
39 58 39 58
1 81 1 37 48 75 80 81
21 71 21 26 42 51 59 64 71
17 56 17 20 56
34 77 34 48 52 77
15 86 15 30 34 86
49 86 49 72 86
21 51 21 26 42 51
27 76 27 44 55 58 68 69 76
15 55 15 22 31 43 44 55
14 34 14 34
20 88 20 88
37 72 37 49 72
36 48 36 37 48
26 28 26 28
45 86 45 64 86
8 41 8 41
39 69 39 58 68 69
3 72 3 37 49 72
22 58 22 43 44 55 58
35 65 35 39 65
1 26 1 13 26
4 55 4 30 44 55
36 80 36 37 52 80
9 74 9 20 39 58 68 74
43 52 43 52
27 83 27 79 83
0 61 0 10 17 33 61
15 48 15 30 34 48
25 77 25 35 39 58 77
25 82 25 33 51 67 82
25 77 25 35 39 58 77
37 59 37 59
7 89 7 89
43 88 43 44 79 88
19 82 19 82
10 44 10 30 44
6 55 6 31 43 44 55
14 85 14 25 85
4 82 4 23 37 51 59 64 71 82
9 68 9 20 39 58 68
14 85 14 25 85
34 64 34 59 64
51 67 51 67
19 62 19 62
20 39 20 39
53 81 53 80 81
36 71 36 37 59 64 71
13 83 13 29 48 75 80 81 83
15 43 15 22 43
1 78 1 2 33 78
40 78 40 78
13 65 13 26 28 41 63 65
31 55 31 43 44 55
58 77 58 77
3 38 3 38
27 58 27 44 55 58
20 55 20 55
77 89 77 89
0 61 0 10 17 33 61
55 68 55 58 68
17 89 17 58 77 89
43 82 43 52 64 82
25 62 25 62
37 82 37 51 67 82
5 6 5 6
55 68 55 58 68
29 52 29 48 52
5 84 5 6 31 43 44 84
6 16 6 16
18 40 18 20 40
18 78 18 20 40 78
6 72 6 16 35 39 58 67 72
9 72 9 20 55 58 67 72
1 40 1 13 20 40
49 87 49 72 87
12 45 12 45
13 82 13 28 64 71 82
5 52 5 52
14 25 14 25
37 77 37 52 77
14 64 14 59 64
49 76 49 69 76
42 87 42 62 72 87
26 71 26 28 37 48 52 71
15 87 15 22 43 44 55 67 72 87
43 72 43 44 55 67 72
34 84 34 79 84
58 77 58 77
26 64 26 42 51 59 64
1 89 1 89
14 65 14 25 63 65
13 55 13 20 55
33 64 33 51 59 64
9 86 9 20 56 64 86
25 77 25 35 39 58 77
5 37 5 6 37
4 86 4 49 72 86
80 81 80 81
36 87 36 37 49 72 87
19 68 19 43 44 55 58 68
41 78 41 57 78
0 20 0 10 17 20
23 71 23 37 59 64 71
19 38 19 38
4 86 4 49 72 86
0 88 0 10 24 27 88
79 88 79 88
14 58 14 25 35 39 58
14 35 14 28 35
1 65 1 2 9 20 39 65
26 82 26 42 51 59 64 71 82
14 35 14 28 35
36 73 36 37 51 67 73
4 89 4 23 37 48 52 77 89
35 71 35 59 64 71
37 69 37 49 69
41 50 41 50
25 79 25 79
18 69 18 20 55 58 68 69
64 82 64 71 82
28 35 28 35
17 58 17 20 39 58
34 80 34 48 75 80
80 81 80 81
34 80 34 48 52 80
16 68 16 35 39 58 68
17 33 17 33
0 35 0 13 28 35
21 57 21 26 28 41 57
15 79 15 22 31 43 44 79
23 72 23 37 51 67 72
0 24 0 10 24
3 69 3 37 49 69
23 82 23 37 51 67 82
18 78 18 20 40 78
34 48 34 48
57 63 57 63
15 55 15 22 43 44 55
1 61 1 7 14 25 33 61
2 68 2 9 20 39 58 68
1 39 1 7 14 25 35 39
19 89 19 43 44 55 84 89
17 55 17 20 55
31 79 31 43 44 79
7 37 7 14 28 37
17 70 17 70
5 82 5 75 82
26 88 26 88
42 82 42 51 59 64 82
8 68 8 40 68
19 62 19 62
24 67 24 27 44 55 67
0 33 0 10 17 33
52 77 52 77
0 34 0 10 30 34
12 72 12 24 27 44 55 58 67 72
12 59 12 37 51 59
15 39 15 26 28 35 39
44 79 44 79
40 78 40 78
0 35 0 13 28 35
13 77 13 26 28 37 48 52 77
48 75 48 75
16 29 16 29
54 86 54 86
12 84 12 24 27 44 84
7 35 7 14 25 35
13 50 13 28 41 50
13 20 13 20
35 71 35 59 64 71
7 35 7 14 25 35
72 87 72 87
41 57 41 57
16 82 16 35 59 64 71 82
28 73 28 37 51 67 73
28 48 28 37 48
14 58 14 25 35 39 58
33 64 33 51 59 64
7 37 7 14 28 37
47 80 47 80
36 37 36 37
13 64 13 29 48 52 64
40 68 40 68
3 72 3 27 44 55 67 72
19 88 19 62 72 88
14 85 14 25 85
18 78 18 20 40 78
0 88 0 27 44 79 88
37 77 37 48 52 77
26 73 26 73
28 41 28 41
4 55 4 30 44 55
57 86 57 72 86
13 55 13 20 55
45 77 45 77
36 73 36 37 51 67 73
31 56 31 56
13 74 13 28 35 39 58 68 74
23 86 23 49 72 86
7 42 7 14 42
35 86 35 39 58 67 72 86
4 72 4 23 37 49 72
21 39 21 26 28 35 39
50 82 50 82
25 38 25 38
30 34 30 34
15 48 15 22 34 48
7 89 7 43 44 79 84 89
45 83 45 83
67 82 67 82
15 22 15 22
9 62 9 62
22 58 22 31 43 44 55 58
0 84 0 27 44 79 84
0 13 0 13
36 72 36 37 49 72
18 20 18 20
14 33 14 25 33
31 79 31 43 44 79
37 69 37 49 69
9 72 9 62 72
6 59 6 16 35 59
15 63 15 26 28 41 57 63
22 74 22 31 56 74
23 51 23 37 51
25 87 25 33 62 72 87
12 37 12 37
1 26 1 13 26
3 37 3 37
25 61 25 33 61
28 64 28 64
10 71 10 24 71
42 82 42 51 67 82
14 72 14 25 62 72
16 52 16 29 48 52
18 31 18 22 31
19 88 19 62 72 88
23 72 23 37 72
59 64 59 64
3 87 3 27 44 55 67 72 87
13 49 13 28 37 49
28 68 28 68
2 78 2 78
29 52 29 48 52
19 52 19 43 52
15 39 15 26 28 35 39
17 60 17 60
2 86 2 9 20 56 64 86
1 74 1 13 28 35 39 58 68 74
48 75 48 75
22 64 22 43 52 64
6 77 6 37 77
14 41 14 28 41
12 66 12 66
22 76 22 31 43 44 55 58 68 69 76
36 73 36 37 51 67 73
6 37 6 37
29 88 29 48 88
16 82 16 35 39 58 67 82
17 55 17 20 55
15 89 15 30 34 59 89
1 75 1 2 23 37 48 75
20 73 20 73
19 56 19 56
28 35 28 35
30 84 30 34 79 84
23 66 23 66
42 67 42 51 67
26 86 26 28 41 57 72 86
6 51 6 37 51
4 87 4 23 49 72 87
18 43 18 22 43
21 26 21 26
15 69 15 26 28 68 69
34 59 34 59
0 87 0 10 24 27 44 55 58 67 72 87
6 77 6 31 43 44 55 58 77
13 76 13 68 69 76
29 48 29 48
1 37 1 7 14 28 37
24 82 24 27 44 55 58 67 82
14 25 14 25
20 39 20 39
7 59 7 14 59
8 62 8 9 62
33 62 33 62
4 49 4 49
13 74 13 28 68 74
41 57 41 57
44 83 44 79 83
14 67 14 25 35 39 58 67
26 59 26 42 51 59
2 77 2 9 20 39 58 77
21 58 21 58
15 44 15 30 44
31 86 31 43 52 64 86
43 82 43 52 71 82
13 55 13 20 55
57 78 57 78
47 80 47 80
14 83 14 42 51 80 81 83
6 87 6 37 49 72 87
6 88 6 16 29 48 75 88
11 64 11 59 64
34 80 34 48 52 80
30 77 30 48 52 77
0 60 0 13 26 28 41 50 60
5 35 5 6 16 35
28 59 28 35 59
16 59 16 35 59
16 74 16 35 39 58 68 74
66 89 66 77 89
59 89 59 89
1 64 1 7 43 52 64
8 70 8 41 70
51 72 51 67 72
11 89 11 59 89
54 86 54 86
30 81 30 34 48 52 80 81
55 77 55 58 77
15 48 15 22 34 48
52 77 52 77
28 59 28 37 51 59
36 72 36 37 72
3 48 3 37 48
3 88 3 27 44 79 88
47 83 47 80 81 83
5 65 5 6 16 35 39 65
6 72 6 31 43 44 55 58 67 72
14 74 14 25 35 39 58 68 74
13 55 13 20 55
14 34 14 34
2 52 2 23 37 52
20 76 20 39 58 68 69 76
36 59 36 37 59
47 75 47 75
39 76 39 58 68 69 76
2 39 2 9 20 39
1 55 1 2 9 20 55
16 52 16 29 48 52
28 52 28 37 48 52
14 25 14 25
4 66 4 23 66
35 82 35 59 64 82
21 63 21 26 28 41 63
18 71 18 20 56 64 71
18 31 18 22 31
35 88 35 39 58 67 72 88
15 43 15 22 31 43
39 82 39 58 67 82
3 75 3 30 48 75
14 38 14 25 38
75 82 75 82
4 49 4 23 37 49
9 55 9 20 55
52 83 52 80 81 83
28 68 28 35 39 58 68
2 81 2 23 37 52 80 81
58 82 58 67 82
4 72 4 23 37 72
13 56 13 20 56
10 84 10 24 27 44 55 84
45 82 45 50 82
22 59 22 34 59
6 76 6 31 43 44 55 58 68 69 76
12 64 12 45 64
5 82 5 6 16 29 48 75 82
21 59 21 42 51 59
33 51 33 51
55 67 55 58 67
36 75 36 37 48 75
13 60 13 28 41 50 60
26 28 26 28
26 39 26 28 35 39
21 86 21 58 67 72 86
8 40 8 9 20 40
6 31 6 31
79 88 79 88
25 87 25 62 72 87
30 68 30 44 55 58 68
6 59 6 16 35 59
35 82 35 59 64 82
0 20 0 13 20
31 77 31 43 44 55 58 77
48 52 48 52
39 69 39 58 68 69
62 86 62 72 86
17 67 17 33 51 67
4 82 4 82
1 23 1 2 23
9 71 9 71
7 63 7 57 63
17 83 17 33 51 80 81 83
36 72 36 37 72
42 73 42 51 67 73
36 48 36 37 48
3 89 3 9 20 39 58 77 89
53 81 53 80 81
7 25 7 14 25
16 82 16 35 59 64 71 82
13 64 13 26 28 37 59 64
13 65 13 26 28 41 63 65
47 80 47 80
21 63 21 26 28 41 57 63
9 55 9 20 55
25 84 25 79 84
8 28 8 28
16 35 16 35
8 75 8 28 37 48 75
17 33 17 33
58 74 58 68 74
26 28 26 28
12 51 12 37 51
13 82 13 28 41 50 82
5 29 5 6 16 29
41 63 41 57 63
37 49 37 49
7 52 7 43 52
4 34 4 30 34
6 71 6 31 56 64 71
13 62 13 26 42 62
18 72 18 20 39 58 67 72
28 87 28 87
30 84 30 44 84
4 87 4 49 72 87
7 84 7 14 25 79 84
0 56 0 10 17 20 56
34 48 34 48
6 44 6 31 43 44
18 40 18 20 40
10 71 10 24 71
21 77 21 26 28 35 39 58 77
47 83 47 75 80 81 83
24 27 24 27
1 51 1 2 33 51
17 49 17 33 49
1 40 1 13 20 40
7 59 7 14 25 33 51 59
35 64 35 59 64
9 56 9 20 56
2 68 2 9 20 40 68
5 49 5 6 37 49
3 9 3 9
17 20 17 20
7 35 7 14 28 35
29 88 29 48 75 88
39 87 39 87
6 16 6 16
34 81 34 48 52 80 81
37 76 37 76
42 87 42 62 72 87
36 73 36 37 51 67 73
33 72 33 62 72
26 37 26 28 37
16 29 16 29
7 14 7 14
5 75 5 75
14 62 14 25 33 62
16 77 16 29 48 52 77
0 48 0 13 28 37 48
12 84 12 44 84
4 49 4 23 49
21 71 21 42 51 59 64 71
80 81 80 81
24 67 24 27 44 55 58 67
42 80 42 51 80
11 89 11 59 89
38 65 38 65
12 88 12 72 88
8 68 8 28 68
36 73 36 37 51 67 73
36 60 36 50 60
10 49 10 17 33 49
8 71 8 28 64 71
15 22 15 22
30 77 30 48 52 77
5 49 5 6 37 49
81 83 81 83
17 73 17 33 51 67 73
67 86 67 72 86
21 42 21 42
2 82 2 9 20 39 58 67 82
7 85 7 14 25 85
23 64 23 37 52 64
2 81 2 33 51 80 81
26 76 26 28 68 69 76
58 68 58 68
23 37 23 37
18 48 18 22 34 48
3 78 3 27 78
12 52 12 29 48 52
35 39 35 39
58 67 58 67
22 48 22 34 48
5 72 5 6 37 72
23 82 23 37 51 59 64 71 82
24 89 24 27 79 84 89
28 87 28 87
3 89 3 9 20 55 84 89
3 76 3 30 44 55 58 68 69 76
51 88 51 67 72 88
7 70 7 14 28 41 70
47 83 47 80 81 83
37 82 37 52 71 82
1 43 1 7 43
42 64 42 51 59 64
2 89 2 9 20 39 58 77 89
25 35 25 35
15 43 15 22 43
15 67 15 22 43 44 55 58 67
12 37 12 37
23 82 23 37 52 71 82
3 30 3 30
81 83 81 83
3 39 3 9 20 39
18 84 18 20 55 84
22 84 22 43 44 55 84
9 55 9 20 55
5 75 5 75
51 81 51 80 81
26 37 26 28 37
28 86 28 64 86
29 88 29 48 88
80 81 80 81
37 51 37 51
36 81 36 37 52 80 81
30 77 30 34 48 52 77
4 83 4 70 81 83
1 49 1 7 14 28 41 49
75 82 75 82
7 63 7 57 63
27 88 27 79 88
33 71 33 51 59 64 71
5 74 5 6 16 35 39 58 68 74
14 72 14 42 62 72
62 86 62 72 86
12 29 12 29
6 71 6 37 59 64 71
7 37 7 14 28 37
79 83 79 83
53 80 53 80
8 82 8 28 35 39 58 67 82
27 82 27 44 55 67 82
1 70 1 7 14 28 41 70
4 49 4 23 37 49
13 84 13 84
0 87 0 10 24 27 44 55 58 67 72 87
58 76 58 68 69 76
9 68 9 20 55 58 68
52 77 52 77
6 29 6 16 29
27 82 27 44 55 58 67 82
1 61 1 7 14 25 33 61
31 68 31 68
23 71 23 37 51 59 64 71
18 59 18 59
2 48 2 23 37 48
42 80 42 51 80
8 74 8 9 20 56 74
24 79 24 27 44 79
7 85 7 14 25 85
19 88 19 62 72 88
20 88 20 88
1 23 1 2 23
20 55 20 55
8 40 8 9 20 40
77 89 77 89
23 49 23 37 49
16 77 16 29 48 52 77
6 88 6 37 72 88
15 89 15 22 43 52 77 89
5 6 5 6
27 44 27 44
17 89 17 33 51 59 89
17 77 17 58 77
24 83 24 83
34 84 34 79 84
7 76 7 14 25 33 49 76
63 65 63 65
33 49 33 49
25 82 25 35 59 64 82
28 78 28 41 57 78
10 69 10 30 44 55 58 68 69
0 60 0 13 28 41 50 60
49 69 49 69
18 65 18 20 39 65
27 79 27 79
8 73 8 28 35 39 58 67 73
23 86 23 49 72 86
71 82 71 82
51 72 51 67 72
36 52 36 37 48 52
17 67 17 20 55 67
0 77 0 10 24 27 44 55 58 77
3 48 3 30 48
7 64 7 64
28 35 28 35
27 79 27 44 79
48 88 48 75 88
4 74 4 30 44 55 58 68 74
1 37 1 2 23 37
51 81 51 80 81
12 68 12 44 55 58 68
8 9 8 9
5 49 5 6 37 49
22 43 22 43
55 77 55 58 77
18 84 18 22 34 79 84
49 69 49 69
12 37 12 37
13 29 13 29
4 68 4 30 44 55 58 68
0 77 0 10 24 27 44 55 58 77
9 56 9 20 56
26 58 26 28 35 39 58
16 35 16 35
3 83 3 30 34 79 83
72 88 72 88
43 55 43 44 55
21 81 21 42 51 80 81
37 88 37 72 88
1 55 1 2 9 20 55
45 50 45 50
3 62 3 9 62
28 87 28 37 72 87
4 59 4 23 37 59
30 67 30 44 55 58 67
6 86 6 16 86
64 82 64 82
43 82 43 52 64 71 82
4 82 4 30 44 55 58 67 82
44 67 44 55 67
41 49 41 49
5 29 5 6 16 29
41 69 41 49 69
18 76 18 20 39 58 68 69 76
36 60 36 50 60
37 88 37 72 88
22 87 22 43 87
39 82 39 58 67 82
6 68 6 31 68
14 35 14 28 35
36 60 36 50 60
17 83 17 70 81 83
34 80 34 48 75 80
48 77 48 52 77
10 20 10 17 20
18 58 18 22 31 43 44 55 58
3 88 3 30 44 79 88
9 62 9 62
11 68 11 68
11 89 11 59 89
6 86 6 86
13 35 13 28 35
10 24 10 24
3 49 3 37 49
16 71 16 35 59 64 71
3 89 3 9 20 55 84 89
41 70 41 70
33 61 33 61
6 88 6 31 43 44 79 88
16 82 16 29 48 75 82
0 77 0 10 17 20 55 58 77
31 43 31 43
36 71 36 59 64 71
17 76 17 33 49 76
25 85 25 85
10 70 10 17 70
55 77 55 58 77
2 20 2 9 20
24 73 24 73
15 48 15 30 34 48
7 39 7 14 25 35 39
1 87 1 37 72 87
13 64 13 28 64
2 67 2 33 51 67
19 62 19 62
18 58 18 22 31 43 44 55 58
23 48 23 37 48
40 76 40 68 69 76
4 23 4 23
19 52 19 43 52
7 34 7 14 34
37 88 37 49 72 88
17 76 17 33 49 76
33 62 33 62
0 56 0 13 20 56
12 44 12 24 27 44
43 55 43 44 55
16 59 16 35 59
23 37 23 37
29 48 29 48
7 88 7 43 44 79 88
9 86 9 20 39 58 67 72 86
49 69 49 69
10 82 10 48 75 82
1 51 1 2 23 37 51
7 42 7 14 42
8 89 8 9 20 55 58 77 89
28 59 28 37 59
28 63 28 41 63
10 20 10 17 20
17 64 17 33 51 59 64
7 76 7 14 25 40 68 69 76
39 65 39 65
14 38 14 25 38
1 70 1 13 26 28 41 70
4 83 4 70 81 83
14 72 14 28 35 39 58 67 72
33 62 33 62
18 69 18 20 40 68 69
15 74 15 30 44 55 58 68 74
19 84 19 43 44 79 84
12 89 12 29 48 52 77 89
11 71 11 59 64 71
16 86 16 86
0 37 0 13 28 37
9 74 9 20 55 58 68 74
70 82 70 82
3 37 3 37
1 68 1 39 58 68
59 64 59 64
21 77 21 58 77
6 79 6 31 43 44 79
0 27 0 27
33 71 33 51 59 64 71
49 72 49 72
33 61 33 61
2 82 2 9 71 82
18 78 18 20 40 78
1 37 1 7 14 28 37
66 77 66 77
7 14 7 14
45 82 45 64 82
21 81 21 26 28 37 52 80 81
59 82 59 64 82
0 35 0 13 26 28 35
22 87 22 43 44 55 58 67 72 87
8 9 8 9
3 9 3 9
6 44 6 31 43 44
49 76 49 69 76
25 62 25 33 62
68 69 68 69
6 77 6 31 43 44 55 58 77
9 55 9 20 55
9 56 9 20 56
15 82 15 30 48 52 71 82
17 77 17 58 77
13 56 13 20 56
26 39 26 28 35 39
39 67 39 58 67
17 72 17 20 39 58 67 72
19 69 19 69
19 81 19 43 52 80 81
12 59 12 37 59
3 9 3 9
19 56 19 56
55 58 55 58
22 68 22 31 43 44 55 58 68
7 69 7 14 28 37 49 69
6 76 6 31 68 69 76
9 40 9 20 40
0 34 0 10 30 34
7 35 7 14 25 35
43 52 43 52
28 59 28 35 59
42 83 42 51 80 81 83
27 74 27 44 55 58 68 74
12 45 12 45
34 77 34 48 52 77
41 78 41 57 78
33 59 33 51 59
0 26 0 13 26
15 69 15 26 28 68 69
81 83 81 83
28 64 28 37 51 59 64
56 71 56 64 71
33 80 33 51 80
1 87 1 49 72 87
35 76 35 39 76
58 76 58 68 69 76
11 76 11 68 69 76
42 72 42 62 72
41 50 41 50
64 82 64 82
25 61 25 33 61
22 43 22 31 43
5 88 5 79 88
28 73 28 35 39 58 67 73
34 79 34 79
31 89 31 43 44 55 84 89
21 86 21 42 62 72 86
14 38 14 25 38
22 59 22 34 59
43 88 43 44 79 88
51 86 51 86
5 71 5 6 37 52 71
21 39 21 26 28 35 39
24 55 24 27 44 55
15 74 15 26 28 68 74
79 83 79 83
8 82 8 28 64 82
55 69 55 58 68 69
45 86 45 64 86
7 39 7 14 28 35 39
27 82 27 44 55 67 82
51 67 51 67
1 70 1 7 14 28 41 70
9 71 9 20 56 64 71
17 70 17 70
26 88 26 42 62 72 88
18 48 18 22 34 48
3 82 3 27 44 55 58 67 82
20 87 20 39 87
9 86 9 20 56 64 86
23 49 23 37 49
2 89 2 33 51 59 89
5 49 5 6 37 49
10 34 10 30 34
43 84 43 44 55 84
33 89 33 51 59 89
4 68 4 30 44 55 58 68
26 86 26 28 41 49 72 86
0 86 0 20 39 58 67 72 86
25 62 25 33 62
19 68 19 43 44 55 58 68
22 81 22 43 52 80 81
1 87 1 2 9 62 72 87
11 82 11 59 64 82
7 34 7 14 34
3 78 3 9 20 40 78
7 89 7 14 34 59 89
27 83 27 79 83
17 77 17 58 77
26 76 26 28 68 69 76
70 82 70 82
23 78 23 66 78
12 84 12 24 27 79 84
16 86 16 29 48 52 64 86
21 39 21 26 28 35 39
51 89 51 59 89
25 51 25 33 51
0 37 0 13 28 37
8 41 8 41
49 87 49 72 87
56 71 56 64 71
19 68 19 43 44 55 58 68
4 23 4 23
5 64 5 52 64
43 44 43 44
23 64 23 37 51 59 64
0 87 0 27 44 55 58 67 72 87
11 71 11 59 64 71
41 49 41 49
18 58 18 20 39 58
1 89 1 13 29 48 52 77 89
66 77 66 77
10 83 10 48 52 80 81 83
26 88 26 88
16 88 16 29 48 75 88
5 84 5 79 84
42 72 42 51 67 72
10 39 10 17 20 39
3 76 3 30 44 55 58 68 69 76
49 86 49 72 86
1 26 1 13 26
40 78 40 78
23 71 23 37 52 71
48 64 48 52 64
7 78 7 57 78
4 67 4 30 44 55 58 67
24 86 24 27 44 55 58 67 72 86
5 64 5 52 64
33 71 33 51 59 64 71
2 74 2 56 74
13 20 13 20
18 79 18 22 43 44 79
35 67 35 39 58 67
56 71 56 64 71
3 69 3 9 20 55 58 68 69
79 88 79 88
39 58 39 58
72 87 72 87
6 29 6 16 29
10 61 10 17 33 61
15 68 15 22 43 44 55 58 68
31 89 31 43 52 77 89
22 34 22 34
75 81 75 80 81
51 59 51 59
24 67 24 27 44 55 58 67
81 83 81 83
57 65 57 63 65
12 72 12 24 27 44 55 67 72
56 71 56 64 71
4 89 4 23 66 77 89
6 31 6 31
14 62 14 42 62
19 77 19 43 44 55 58 77
43 72 43 44 55 67 72
21 74 21 58 68 74
35 88 35 39 58 67 72 88
37 72 37 72
7 57 7 57
33 89 33 51 59 89
14 77 14 28 77
2 87 2 23 49 72 87
31 56 31 56
53 88 53 88
45 83 45 83
33 89 33 51 59 89
71 82 71 82
19 69 19 43 44 55 58 68 69
0 79 0 27 79
28 58 28 35 39 58
2 74 2 9 20 40 68 74
1 51 1 7 14 42 51
22 87 22 43 44 55 67 72 87
14 48 14 34 48
24 71 24 71
25 89 25 79 84 89
33 80 33 51 80
1 75 1 13 26 28 37 48 75
33 51 33 51
58 76 58 68 69 76
35 59 35 59
15 26 15 26
0 26 0 13 26
0 48 0 13 28 37 48
8 64 8 9 20 56 64
39 89 39 58 77 89
17 64 17 20 56 64
38 89 38 89
15 39 15 26 28 35 39
28 39 28 35 39
0 89 0 89
51 86 51 59 64 86
28 41 28 41
3 30 3 30
1 13 1 13
4 82 4 82
48 82 48 52 64 71 82
3 27 3 27
52 81 52 80 81
7 78 7 14 28 41 57 78
2 73 2 23 37 51 67 73
21 51 21 26 28 37 51
12 73 12 37 51 67 73
25 84 25 79 84
5 72 5 6 37 51 67 72
49 69 49 69
1 75 1 37 48 75
10 69 10 30 44 55 58 68 69
13 67 13 28 35 39 58 67
8 74 8 28 35 39 58 68 74
28 70 28 41 70
31 68 31 43 44 55 58 68
5 64 5 64
6 59 6 16 35 59
75 80 75 80
12 73 12 37 51 67 73
21 51 21 26 42 51
15 26 15 26
4 52 4 23 37 48 52
26 59 26 42 51 59
20 40 20 40
25 63 25 63
25 63 25 63
34 84 34 79 84
37 59 37 51 59
42 83 42 51 80 81 83
9 71 9 20 56 64 71
26 83 26 28 41 70 81 83
18 76 18 76
5 74 5 6 31 68 74
12 89 12 44 84 89
0 48 0 13 28 37 48
18 43 18 22 31 43
23 64 23 37 48 52 64
0 33 0 10 17 33
3 78 3 9 20 40 78
4 64 4 30 34 48 52 64
1 49 1 13 26 28 37 49
51 72 51 67 72
11 64 11 59 64
19 38 19 38
31 56 31 56
13 77 13 29 48 52 77
10 86 10 17 20 56 64 86
12 37 12 37
28 68 28 35 39 58 68
13 35 13 26 28 35
18 40 18 20 40
26 64 26 42 51 59 64
49 76 49 69 76
22 31 22 31
75 81 75 80 81
34 80 34 48 52 80
5 6 5 6
55 82 55 67 82
6 64 6 37 48 52 64
53 81 53 80 81
36 73 36 37 51 67 73
57 63 57 63
7 55 7 43 44 55
31 55 31 43 44 55
7 70 7 14 28 41 70
39 77 39 58 77
24 74 24 27 44 55 58 68 74
19 83 19 43 52 80 81 83
1 58 1 7 43 44 55 58
21 86 21 58 67 72 86
8 70 8 41 70
21 57 21 26 28 41 57
33 88 33 49 72 88
21 57 21 26 28 41 57
57 63 57 63
28 52 28 37 48 52
0 81 0 10 30 48 52 80 81
25 33 25 33
18 59 18 59
36 52 36 37 52
12 52 12 29 48 52
67 72 67 72
21 63 21 26 28 41 57 63
3 59 3 30 34 59
14 62 14 42 62
0 20 0 20
11 68 11 68
7 43 7 43
44 67 44 55 58 67
42 67 42 51 67
24 89 24 27 79 84 89
12 52 12 29 48 52
3 38 3 38
17 56 17 20 56
1 87 1 13 20 55 67 72 87
31 68 31 43 44 55 58 68
47 83 47 80 81 83
10 89 10 48 52 77 89
37 48 37 48
36 67 36 37 51 67
25 35 25 35
25 38 25 38
1 7 1 7
6 71 6 31 43 52 71
0 41 0 13 28 41
34 81 34 48 75 80 81
8 62 8 9 62
1 43 1 7 43
7 35 7 14 25 35
5 82 5 52 71 82
7 39 7 14 28 35 39
27 83 27 44 79 83
9 64 9 20 56 64
22 75 22 34 48 75
14 42 14 42
24 67 24 27 44 55 58 67
8 87 8 28 35 39 87
28 39 28 35 39
15 34 15 30 34
10 48 10 30 48
25 35 25 35
55 82 55 58 67 82
35 67 35 39 58 67
10 24 10 24
36 60 36 50 60
4 51 4 23 37 51
19 86 19 56 64 86
17 58 17 20 39 58
26 82 26 42 51 67 82
23 86 23 37 59 64 86
51 89 51 59 89
27 74 27 44 55 58 68 74
3 9 3 9
20 86 20 39 58 67 72 86
10 17 10 17
53 80 53 80
34 59 34 59
6 76 6 31 43 44 55 58 68 69 76
8 74 8 40 68 74
43 71 43 52 71
11 64 11 59 64
6 87 6 37 72 87
42 80 42 51 80
2 73 2 9 20 55 58 67 73
13 35 13 28 35
2 66 2 23 66
8 28 8 28
44 84 44 55 84
13 62 13 26 42 62
17 67 17 33 51 67
4 82 4 30 34 59 64 82
6 29 6 16 29
18 43 18 22 31 43
34 81 34 48 75 80 81
17 67 17 58 67
1 41 1 7 14 28 41
15 87 15 26 42 51 67 72 87
12 75 12 75
31 84 31 43 44 84
35 88 35 39 58 67 72 88
64 71 64 71
28 68 28 35 39 58 68
1 89 1 89
25 49 25 33 49
10 33 10 17 33
15 74 15 26 28 35 39 58 68 74
4 88 4 49 72 88
14 69 14 25 33 49 69
0 59 0 13 28 37 59
33 89 33 51 59 89
10 75 10 48 75
5 88 5 72 88
70 82 70 82
18 75 18 22 34 48 75
10 49 10 17 33 49
6 68 6 16 35 39 58 68
35 67 35 39 58 67
7 52 7 43 52
3 87 3 27 44 55 67 72 87
0 76 0 27 44 55 58 68 69 76
0 41 0 13 28 41
16 35 16 35
28 81 28 41 70 81
16 64 16 35 59 64
6 69 6 37 49 69
1 51 1 7 14 42 51
1 73 1 13 28 35 39 58 67 73
25 84 25 79 84
4 89 4 30 44 55 84 89
1 42 1 7 14 42
42 51 42 51
19 38 19 38
10 62 10 17 33 62
5 76 5 6 16 35 39 76
25 76 25 33 49 76
7 35 7 14 25 35
7 39 7 14 25 35 39
3 34 3 30 34
43 88 43 44 79 88
7 77 7 14 34 48 52 77
17 89 17 33 51 59 89
28 81 28 41 70 81
49 88 49 72 88
36 87 36 37 51 67 72 87
6 87 6 31 43 87
13 51 13 26 42 51
45 82 45 50 82
10 78 10 24 27 78
52 64 52 64
35 64 35 59 64
42 87 42 51 67 72 87
19 64 19 43 52 64
43 73 43 44 55 58 67 73
35 76 35 39 76
18 20 18 20
55 67 55 58 67
39 73 39 58 67 73
6 56 6 31 56
16 59 16 35 59
8 76 8 28 35 39 76
57 78 57 78
1 37 1 2 23 37
34 52 34 48 52
53 81 53 80 81
7 85 7 14 25 85
0 40 0 20 40
28 81 28 37 48 52 80 81
15 89 15 30 34 59 89
2 23 2 23
24 82 24 71 82
10 83 10 48 75 80 81 83
28 64 28 35 59 64
20 88 20 55 67 72 88
23 75 23 37 48 75
23 75 23 37 48 75
9 86 9 20 56 64 86
17 64 17 33 51 59 64
1 2 1 2
36 71 36 37 51 59 64 71
12 88 12 72 88
38 89 38 89
75 88 75 88
14 41 14 28 41
8 64 8 28 35 59 64
12 64 12 29 48 52 64
35 67 35 39 58 67
0 60 0 10 17 60
14 38 14 25 38
21 81 21 26 28 41 70 81
10 33 10 17 33
1 2 1 2
0 69 0 20 55 58 68 69
17 74 17 58 68 74
17 61 17 33 61
35 86 35 39 58 67 72 86
54 81 54 81
4 52 4 23 37 48 52
10 59 10 30 34 59
3 39 3 9 20 39
10 68 10 17 20 55 58 68
36 59 36 37 59
36 72 36 37 49 72
4 69 4 30 44 55 58 68 69
19 58 19 43 44 55 58
14 35 14 28 35
16 59 16 35 59
59 82 59 64 82
2 67 2 9 20 39 58 67
11 71 11 59 64 71
13 51 13 26 42 51
1 26 1 13 26
57 72 57 72
5 35 5 6 16 35
23 48 23 37 48
52 64 52 64
11 71 11 59 64 71
4 49 4 49
28 37 28 37
18 34 18 22 34
67 87 67 72 87
27 82 27 44 55 58 67 82
1 26 1 13 26
1 58 1 13 28 35 39 58
10 30 10 30
26 28 26 28
2 56 2 9 20 56
51 67 51 67
67 82 67 82
22 81 22 31 43 52 80 81
37 88 37 48 88
26 88 26 42 62 72 88
72 88 72 88
68 69 68 69
16 87 16 87
20 88 20 88
30 81 30 34 48 75 80 81
4 84 4 30 34 79 84
81 83 81 83
0 56 0 13 20 56
27 88 27 79 88
3 59 3 30 34 59
14 38 14 25 38
19 76 19 69 76
51 81 51 80 81
26 73 26 73
14 72 14 28 41 57 72
18 58 18 22 43 44 55 58
23 37 23 37
85 88 85 88
15 79 15 30 44 79
26 37 26 28 37
2 23 2 23
81 83 81 83
64 86 64 86
18 72 18 22 43 44 55 67 72
25 62 25 62
36 37 36 37
14 64 14 28 64
33 49 33 49
15 74 15 22 43 44 55 58 68 74
31 84 31 43 44 55 84
68 69 68 69
75 81 75 80 81
42 62 42 62
1 61 1 7 14 25 33 61
8 75 8 28 37 48 75
59 64 59 64
19 68 19 43 44 55 58 68
36 59 36 59
14 51 14 28 37 51
4 66 4 23 66
48 88 48 75 88
13 26 13 26
1 43 1 7 43
2 82 2 33 51 67 82
6 31 6 31
80 81 80 81
25 89 25 35 39 58 77 89
21 74 21 58 68 74
71 82 71 82
40 78 40 78
11 88 11 88
3 89 3 30 44 79 84 89
9 86 9 62 72 86
36 81 36 37 48 52 80 81
4 52 4 23 37 52
28 81 28 41 70 81
25 49 25 33 49
0 76 0 13 68 69 76
2 48 2 23 37 48
41 63 41 63
7 52 7 14 34 48 52
4 89 4 30 44 79 84 89
34 64 34 59 64
26 80 26 28 37 52 80
20 55 20 55
30 81 30 48 75 80 81
58 82 58 67 82
21 42 21 26 42
28 63 28 41 57 63
57 72 57 72
23 71 23 37 52 64 71
9 56 9 20 56
0 34 0 10 30 34
2 56 2 56
21 57 21 26 28 41 57
1 65 1 7 14 25 38 65
14 74 14 25 35 39 58 68 74
12 89 12 84 89
1 61 1 2 33 61
48 52 48 52
1 42 1 7 14 42
1 88 1 13 28 35 39 58 67 72 88
5 74 5 6 16 35 39 58 68 74
23 66 23 66
25 49 25 33 49
17 64 17 20 56 64
3 68 3 30 44 55 58 68
20 86 20 56 64 86
6 69 6 31 68 69
4 59 4 30 34 59
1 7 1 7
17 49 17 33 49
28 82 28 64 71 82
16 29 16 29
8 9 8 9
18 84 18 22 31 43 44 79 84
10 78 10 17 33 78
17 56 17 20 56
17 32 17 32
34 52 34 48 52
2 52 2 23 37 48 52
9 74 9 20 55 58 68 74
30 34 30 34
21 58 21 58
8 40 8 40
3 82 3 82
9 55 9 20 55
42 59 42 51 59
7 64 7 64
10 89 10 24 89
4 51 4 23 37 51
7 69 7 14 25 40 68 69
8 51 8 28 37 51
30 58 30 44 55 58
10 24 10 24
6 31 6 31
18 65 18 20 39 65
17 69 17 33 49 69
0 26 0 13 26
3 58 3 30 44 55 58
8 41 8 41
10 30 10 30
30 58 30 44 55 58
22 74 22 31 56 74
2 48 2 23 37 48
0 82 0 20 56 82
33 80 33 51 80
7 48 7 14 34 48
43 72 43 44 55 58 67 72
14 74 14 25 35 39 58 68 74
28 64 28 64
45 86 45 64 86
17 33 17 33
34 84 34 79 84
25 61 25 33 61
36 80 36 37 48 52 80
52 89 52 77 89
49 76 49 69 76
59 89 59 89
28 35 28 35
4 32 4 23 32
7 34 7 14 34
4 67 4 30 44 55 58 67
16 64 16 35 59 64
0 27 0 10 24 27
1 74 1 39 58 68 74
26 28 26 28
44 67 44 55 67
33 64 33 51 59 64
21 59 21 42 51 59
19 64 19 56 64
25 77 25 35 39 58 77
0 87 0 27 44 55 58 67 72 87
33 69 33 49 69
1 59 1 37 59
1 2 1 2
4 32 4 23 32
24 55 24 27 44 55
64 86 64 86
6 56 6 31 56
48 77 48 52 77
17 89 17 33 51 59 89
25 65 25 63 65
27 72 27 44 55 58 67 72
11 68 11 68
39 89 39 58 77 89
20 56 20 56
17 61 17 33 61
28 70 28 41 70
16 82 16 29 48 52 71 82
22 58 22 43 44 55 58
28 70 28 41 70
1 58 1 2 9 20 39 58
7 43 7 43
4 72 4 23 37 51 67 72
5 64 5 64
20 55 20 55
33 62 33 62
33 76 33 49 69 76
4 51 4 23 37 51
24 86 24 27 44 55 58 67 72 86
9 20 9 20
56 82 56 82
58 67 58 67
26 71 26 28 37 48 52 64 71
13 68 13 26 28 35 39 58 68
0 35 0 13 26 28 35
1 74 1 2 56 74
23 78 23 66 78
3 9 3 9
17 61 17 33 61
2 86 2 9 20 56 64 86
18 65 18 20 39 65
10 59 10 17 33 51 59
41 76 41 76
25 49 25 33 49
2 23 2 23
14 42 14 42
51 67 51 67
9 20 9 20
45 71 45 64 71
1 78 1 2 33 78
14 35 14 25 35
41 70 41 70
17 49 17 33 49
8 80 8 28 37 51 80
57 78 57 78
27 78 27 78
9 72 9 62 72
1 68 1 7 43 44 55 58 68
13 83 13 83
26 76 26 28 68 69 76
5 88 5 75 88
36 37 36 37
30 75 30 48 75
28 78 28 41 57 78
79 84 79 84
49 72 49 72
14 65 14 25 38 65
7 43 7 43
35 86 35 59 64 86
5 88 5 88
19 69 19 69
7 68 7 14 28 35 39 58 68
47 80 47 75 80
25 85 25 85
27 72 27 44 55 67 72
0 51 0 13 28 37 51
57 65 57 63 65
0 40 0 20 40
18 82 18 20 55 58 67 82
7 49 7 14 28 37 49
2 23 2 23
6 87 6 31 43 44 55 67 72 87
19 68 19 43 44 55 58 68
14 64 14 59 64
31 43 31 43
51 59 51 59
36 59 36 37 51 59
18 79 18 22 43 44 79
7 52 7 14 34 48 52
22 64 22 34 48 52 64
48 52 48 52
28 82 28 35 39 58 67 82
14 49 14 28 41 49
20 56 20 56
49 86 49 72 86
5 82 5 52 71 82
3 75 3 30 48 75
18 71 18 20 56 64 71
4 59 4 30 34 59
67 72 67 72
6 88 6 31 43 44 79 88
54 83 54 81 83
1 81 1 7 43 52 80 81
23 64 23 37 48 52 64
21 62 21 26 42 62
9 71 9 71
26 82 26 42 51 59 64 71 82
15 87 15 22 43 44 55 58 67 72 87
27 88 27 44 79 88
1 28 1 7 14 28
52 81 52 80 81
19 38 19 38
24 89 24 27 79 84 89
0 27 0 27
27 67 27 44 55 58 67
8 40 8 9 20 40
15 89 15 22 31 43 44 79 84 89
42 83 42 51 80 81 83
8 87 8 62 72 87
28 73 28 37 51 67 73
0 40 0 20 40
14 84 14 25 79 84
6 55 6 31 43 44 55
7 42 7 14 42
54 86 54 86
0 60 0 45 50 60
4 59 4 23 37 59
22 48 22 34 48
3 68 3 30 44 55 58 68
22 59 22 34 59
25 77 25 35 39 58 77
36 37 36 37
21 26 21 26
3 68 3 9 20 39 58 68
21 60 21 26 28 41 50 60
5 35 5 6 16 35
1 87 1 7 57 72 87
0 27 0 27
21 57 21 26 28 41 57
11 82 11 59 64 71 82
28 59 28 35 59
26 86 26 28 37 49 72 86
15 86 15 22 43 52 64 86
22 84 22 34 79 84
16 88 16 29 48 75 88
48 82 48 75 82
6 72 6 37 72
28 73 28 37 51 67 73
34 77 34 48 52 77
19 83 19 43 52 80 81 83
26 73 26 73
36 37 36 37
14 89 14 28 35 39 58 77 89
31 43 31 43
10 84 10 24 27 79 84
6 16 6 16
7 37 7 14 28 37
72 87 72 87
2 52 2 23 37 52
29 89 29 48 52 77 89
1 23 1 2 23
27 83 27 44 79 83
17 49 17 33 49
6 68 6 31 68
44 83 44 79 83
27 76 27 44 55 58 68 69 76
19 76 19 69 76
43 55 43 44 55
18 69 18 20 39 58 68 69
23 72 23 37 51 67 72
9 87 9 62 72 87
0 78 0 10 24 27 78
5 65 5 6 16 35 39 65
69 76 69 76
18 84 18 22 31 43 44 79 84
19 84 19 43 44 55 84
28 82 28 41 50 82
21 51 21 26 42 51
16 87 16 87
7 35 7 14 28 35
1 43 1 7 43
2 67 2 33 51 67
5 52 5 6 37 52
29 88 29 48 88
8 80 8 28 37 51 80
55 82 55 67 82
37 52 37 52
42 89 42 51 59 89
5 6 5 6
3 83 3 37 51 80 81 83
34 71 34 48 52 64 71
49 76 49 76
33 71 33 51 59 64 71
3 88 3 37 49 72 88
22 48 22 34 48
6 51 6 37 51
3 27 3 27
29 88 29 48 75 88
71 82 71 82
19 38 19 38
39 89 39 58 77 89
55 73 55 58 67 73
39 77 39 58 77
39 89 39 58 77 89
29 48 29 48
54 83 54 81 83
55 73 55 67 73
26 39 26 28 35 39
6 77 6 37 48 52 77
42 82 42 51 59 64 82
59 89 59 89
10 49 10 17 33 49
13 28 13 26 28
10 70 10 17 70
58 74 58 68 74
10 87 10 17 20 55 58 67 72 87
14 35 14 25 35
36 50 36 50
55 84 55 84
0 87 0 20 39 58 67 72 87
56 71 56 64 71
26 37 26 28 37
51 89 51 59 89
58 68 58 68
13 77 13 20 55 58 77
8 82 8 9 20 39 58 67 82
15 44 15 22 43 44
0 57 0 13 26 28 41 57
18 78 18 20 40 78
55 68 55 58 68
10 62 10 17 33 62
14 65 14 28 35 39 65
18 84 18 22 34 79 84
1 73 1 7 14 42 51 67 73
15 71 15 22 43 52 64 71
1 85 1 7 14 25 85
15 34 15 22 34
6 72 6 31 43 44 55 67 72
25 63 25 63
0 28 0 13 28
18 22 18 22
28 59 28 35 59
47 82 47 75 82
5 89 5 52 77 89
18 59 18 59
13 62 13 26 42 62
37 72 37 51 67 72
5 74 5 6 16 35 39 58 68 74
28 64 28 37 48 52 64
51 82 51 59 64 82
37 76 37 76
3 72 3 30 44 55 58 67 72
8 82 8 41 70 82
33 64 33 51 59 64
23 72 23 49 72
63 65 63 65
45 64 45 64
27 82 27 44 55 67 82
12 84 12 84
23 32 23 32
3 9 3 9
68 74 68 74
28 64 28 64
26 28 26 28
18 75 18 22 34 48 75
31 86 31 56 64 86
7 64 7 64
0 57 0 13 26 28 41 57
28 48 28 37 48
13 28 13 28
3 59 3 30 34 59
6 51 6 37 51
19 76 19 43 44 55 58 68 69 76
19 84 19 43 44 55 84
21 83 21 42 51 80 81 83
39 58 39 58
40 68 40 68
49 69 49 69
23 71 23 37 59 64 71
7 14 7 14
0 89 0 13 29 48 52 77 89
6 55 6 31 43 44 55
42 51 42 51
6 69 6 16 35 39 58 68 69
33 76 33 49 76
57 65 57 63 65
30 75 30 48 75
15 30 15 30
22 43 22 31 43
10 24 10 24
3 79 3 27 44 79
28 51 28 37 51
7 35 7 14 25 35
10 82 10 24 27 44 55 67 82
21 63 21 26 28 41 57 63
75 80 75 80
14 74 14 28 35 39 58 68 74
31 86 31 43 44 55 67 72 86
15 43 15 22 43
14 35 14 28 35
30 48 30 34 48
19 52 19 43 52
10 89 10 24 27 44 84 89
17 58 17 58
14 49 14 25 33 49
34 48 34 48
14 67 14 42 51 67
3 55 3 30 44 55
1 7 1 7
27 83 27 79 83
13 83 13 26 42 51 80 81 83
12 37 12 37
52 83 52 80 81 83
37 88 37 48 75 88
17 73 17 33 51 67 73
33 61 33 61
33 89 33 51 59 89
7 59 7 14 25 35 59
17 76 17 58 68 69 76
70 81 70 81
21 82 21 58 67 82
19 88 19 62 72 88
13 20 13 20
8 40 8 9 20 40
3 38 3 38
14 33 14 25 33
7 78 7 14 25 33 78
14 63 14 25 63
19 82 19 82
53 84 53 84
56 74 56 74
28 60 28 41 50 60
1 13 1 13
16 87 16 87
17 60 17 60
9 87 9 20 39 58 67 72 87
12 89 12 24 27 79 84 89
51 82 51 67 82
17 33 17 33
51 82 51 59 64 71 82
17 64 17 33 51 59 64
22 58 22 43 44 55 58
36 50 36 50
4 69 4 23 49 69
14 64 14 42 51 59 64
36 72 36 37 72
2 78 2 23 66 78
15 79 15 30 34 79
10 61 10 17 33 61
26 83 26 42 51 80 81 83
1 44 1 7 43 44
15 89 15 26 42 51 59 89
18 58 18 22 43 44 55 58
39 82 39 58 67 82
33 69 33 49 69
17 82 17 58 67 82
36 73 36 37 51 67 73
7 62 7 62
2 89 2 9 20 55 84 89
2 39 2 9 20 39
13 42 13 26 42
53 89 53 84 89
33 61 33 61
27 58 27 44 55 58
8 55 8 9 20 55
67 87 67 72 87
3 82 3 64 71 82
10 83 10 48 75 80 81 83
6 88 6 88
3 88 3 27 44 55 67 72 88
15 68 15 26 28 35 39 58 68
4 30 4 30
13 60 13 60
26 82 26 28 37 59 64 71 82
1 2 1 2
17 55 17 20 55
30 34 30 34
6 37 6 37
23 75 23 37 48 75
21 62 21 42 62
58 82 58 67 82
52 81 52 80 81
13 29 13 29
19 83 19 43 52 80 81 83
8 75 8 28 37 48 75
7 49 7 14 28 41 49
4 34 4 30 34
1 87 1 13 26 42 62 72 87
5 6 5 6
1 75 1 2 23 37 48 75
8 76 8 9 20 40 68 69 76
26 48 26 28 37 48
17 82 17 70 82
30 68 30 44 55 58 68
8 76 8 9 20 39 76
14 41 14 28 41
59 64 59 64
27 77 27 44 55 58 77
53 81 53 80 81
1 81 1 2 33 51 80 81
24 89 24 27 79 84 89
22 64 22 31 43 52 64
13 74 13 74
16 72 16 35 39 58 67 72
55 68 55 58 68
57 63 57 63
51 59 51 59
8 74 8 28 35 39 58 68 74
17 56 17 20 56
36 77 36 37 77
19 82 19 56 64 71 82
12 52 12 29 48 52
36 83 36 37 48 52 80 81 83
6 79 6 31 43 44 79
4 67 4 30 44 55 67
51 82 51 59 64 82
24 73 24 27 44 55 58 67 73
71 82 71 82
4 49 4 49
8 55 8 9 20 55
13 55 13 20 55
36 48 36 37 48
35 82 35 59 64 82
1 23 1 2 23
25 51 25 33 51
8 73 8 28 35 39 58 67 73
10 62 10 17 33 62
6 64 6 37 59 64
0 48 0 13 26 28 37 48
21 59 21 26 42 51 59
15 22 15 22
25 89 25 38 89
35 68 35 39 58 68
44 67 44 55 58 67
20 55 20 55
28 60 28 41 50 60
3 67 3 37 51 67
31 55 31 43 44 55
25 65 25 35 39 65
8 51 8 28 37 51
72 87 72 87
36 60 36 50 60
14 83 14 25 33 51 80 81 83
14 72 14 28 37 49 72
14 67 14 28 37 51 67
19 43 19 43
0 28 0 13 26 28
48 82 48 52 64 82
17 73 17 33 51 67 73
1 40 1 13 20 40
10 84 10 17 20 55 84
24 71 24 71
2 74 2 9 20 39 58 68 74
7 25 7 14 25
38 65 38 65
31 56 31 56
62 86 62 72 86
5 35 5 6 16 35
15 48 15 30 34 48
23 66 23 66
33 72 33 62 72
27 89 27 44 79 84 89
20 39 20 39
19 83 19 43 52 80 81 83
24 74 24 27 44 55 58 68 74
25 39 25 35 39
7 85 7 14 25 85
12 51 12 37 51
22 75 22 34 48 75
18 75 18 22 34 48 75
4 49 4 23 49
37 59 37 59
40 68 40 68
3 48 3 30 48
30 34 30 34
36 48 36 37 48
57 86 57 72 86
13 76 13 28 37 49 76
7 78 7 14 28 41 57 78
5 37 5 6 37
20 73 20 55 58 67 73
37 77 37 48 52 77
23 82 23 37 51 67 82
10 34 10 30 34
0 77 0 45 77
0 86 0 10 24 27 44 55 58 67 72 86
3 37 3 37
19 81 19 43 52 80 81
80 83 80 81 83
2 23 2 23
58 68 58 68
8 70 8 41 70
25 84 25 79 84
15 39 15 26 28 35 39
52 71 52 71
7 43 7 43
28 70 28 41 70
67 82 67 82
51 83 51 80 81 83
19 64 19 43 52 64
0 78 0 20 40 78
43 71 43 52 64 71
52 80 52 80
57 82 57 82
31 68 31 68
72 86 72 86
19 80 19 43 52 80
17 56 17 20 56
33 86 33 49 72 86
36 75 36 37 48 75
62 72 62 72
36 83 36 81 83
10 74 10 24 27 44 55 58 68 74
25 77 25 35 39 58 77
18 20 18 20
4 76 4 49 69 76
36 48 36 37 48
52 80 52 80
1 88 1 13 26 88
44 55 44 55
9 68 9 20 39 58 68
0 77 0 27 44 55 58 77
10 33 10 17 33
14 84 14 25 79 84
41 50 41 50
53 84 53 84
44 88 44 55 58 67 72 88
43 71 43 52 64 71
1 85 1 7 14 25 85
13 59 13 26 28 35 59
45 64 45 64
9 20 9 20
16 67 16 35 39 58 67
3 49 3 37 49
52 71 52 71
3 49 3 37 49
33 51 33 51
24 79 24 27 79
10 51 10 17 33 51
23 32 23 32
18 59 18 59
66 78 66 78
26 65 26 28 41 63 65
39 89 39 58 77 89
27 77 27 44 55 58 77
9 74 9 20 39 58 68 74
20 76 20 40 68 69 76
20 87 20 39 87
30 58 30 44 55 58
36 88 36 37 72 88
34 48 34 48
20 76 20 39 58 68 69 76
1 59 1 2 23 37 59
51 81 51 80 81
1 78 1 2 23 66 78
8 60 8 28 41 50 60
28 87 28 35 39 58 67 72 87
12 24 12 24
72 88 72 88
34 86 34 48 52 64 86
8 41 8 28 41
15 63 15 26 28 41 57 63
25 62 25 62
19 56 19 56
19 86 19 62 72 86
27 79 27 44 79
7 25 7 14 25
11 68 11 68
3 30 3 30
27 67 27 44 55 58 67
53 81 53 80 81
58 82 58 67 82
47 80 47 75 80
30 59 30 34 59
49 76 49 76
50 82 50 82
1 88 1 13 20 55 58 67 72 88
25 49 25 33 49
17 33 17 33
21 63 21 26 28 41 57 63
29 48 29 48
42 80 42 51 80
3 88 3 30 34 48 75 88
18 82 18 20 39 58 67 82
25 33 25 33
3 30 3 30
36 50 36 50
7 69 7 14 28 35 39 58 68 69
7 76 7 43 44 55 58 68 69 76
22 43 22 31 43
13 82 13 26 28 64 82
2 67 2 9 20 39 58 67
2 23 2 23
42 64 42 51 59 64
1 58 1 7 43 44 55 58
15 48 15 30 34 48
0 20 0 20
3 69 3 30 44 55 58 68 69
45 82 45 64 71 82
15 30 15 30
51 80 51 80
36 37 36 37
14 72 14 25 62 72
18 20 18 20
15 22 15 22
35 39 35 39
31 69 31 68 69
8 28 8 28
35 68 35 39 58 68
39 87 39 58 67 72 87
8 28 8 28
26 37 26 28 37
14 89 14 34 79 84 89
14 48 14 28 37 48
17 76 17 58 68 69 76
24 83 24 83
26 28 26 28
13 59 13 28 37 51 59
70 82 70 82
1 87 1 49 72 87
79 88 79 88
30 48 30 34 48
2 9 2 9
58 68 58 68
17 82 17 33 51 67 82
1 26 1 13 26
47 83 47 75 80 81 83
4 68 4 30 44 55 58 68
24 79 24 27 79
24 71 24 71
23 64 23 37 52 64
42 83 42 51 80 81 83
29 52 29 48 52
6 64 6 37 51 59 64
15 87 15 26 28 35 39 58 67 72 87
6 86 6 37 72 86
21 52 21 26 28 37 48 52
23 72 23 49 72
57 63 57 63
34 52 34 48 52
2 74 2 56 74
22 31 22 31
50 82 50 82
4 74 4 74
66 89 66 77 89
12 84 12 44 79 84
4 49 4 49
20 88 20 55 67 72 88
17 69 17 33 49 69
6 37 6 37
31 56 31 56
56 64 56 64
28 48 28 37 48
52 83 52 80 81 83
13 49 13 26 28 41 49
51 80 51 80
20 56 20 56
33 76 33 49 76
16 72 16 35 39 58 67 72
13 42 13 26 42
10 39 10 17 20 39
2 68 2 9 20 40 68
7 84 7 43 44 79 84
9 72 9 62 72
45 83 45 83
7 35 7 14 28 35
6 72 6 16 35 39 58 67 72
25 84 25 79 84
57 72 57 72
19 77 19 43 44 55 58 77
8 62 8 62
4 82 4 30 44 55 67 82
1 89 1 7 89
14 64 14 25 33 51 59 64
30 59 30 34 59
53 89 53 84 89
12 64 12 45 64
70 82 70 82
28 63 28 41 57 63
13 89 13 26 42 51 59 89
44 88 44 55 58 67 72 88
14 59 14 59
51 59 51 59
11 64 11 59 64
0 84 0 20 55 84
13 76 13 26 28 37 49 76
16 74 16 35 39 58 68 74
9 74 9 20 40 68 74
35 64 35 59 64
21 51 21 26 28 37 51
1 40 1 7 14 25 40
36 73 36 37 51 67 73
6 64 6 31 43 52 64
39 87 39 58 67 72 87
26 80 26 28 37 52 80
4 59 4 30 34 59
4 55 4 30 44 55
18 48 18 22 34 48
44 88 44 79 88
10 83 10 17 33 51 80 81 83
2 86 2 23 37 59 64 86
10 75 10 48 75
36 73 36 37 51 67 73
14 48 14 28 37 48
10 69 10 30 44 55 58 68 69
21 60 21 26 28 41 50 60
25 39 25 35 39
9 87 9 62 72 87
51 88 51 67 72 88
64 71 64 71
19 80 19 43 52 80
35 59 35 59
4 74 4 74
14 34 14 34
12 66 12 66
7 88 7 62 72 88
7 64 7 64
17 74 17 58 68 74
77 89 77 89
2 77 2 9 20 39 58 77
51 82 51 59 64 71 82
6 88 6 31 43 44 79 88
33 88 33 62 72 88
12 49 12 37 49
15 51 15 26 42 51
0 48 0 10 48
47 83 47 75 80 81 83
21 57 21 26 28 41 57
8 64 8 28 35 59 64
27 78 27 78
24 27 24 27
33 86 33 49 72 86
68 69 68 69
25 85 25 85
16 68 16 35 39 58 68
48 82 48 52 64 82
68 76 68 69 76
2 66 2 23 66
12 37 12 37
13 67 13 28 37 51 67
16 88 16 29 48 88
8 55 8 9 20 55
23 72 23 37 49 72
12 84 12 44 55 84
14 61 14 25 33 61
38 65 38 65
0 79 0 10 30 44 79
39 82 39 58 67 82
7 88 7 14 42 51 67 72 88
25 65 25 63 65
54 83 54 81 83
1 69 1 37 49 69
3 30 3 30
52 64 52 64
25 39 25 35 39
7 85 7 14 25 85
25 71 25 33 51 59 64 71
12 49 12 37 49
29 89 29 48 52 77 89
55 72 55 58 67 72
79 88 79 88
48 75 48 75
53 88 53 88
21 72 21 58 67 72
9 64 9 20 56 64
4 87 4 49 72 87
72 87 72 87
13 29 13 29
3 27 3 27
28 48 28 37 48
7 88 7 62 72 88
10 89 10 17 58 77 89
2 67 2 23 37 51 67
1 88 1 2 9 62 72 88
21 63 21 26 28 41 57 63
0 82 0 13 20 39 58 67 82
34 64 34 59 64
17 73 17 58 67 73
33 62 33 62
5 64 5 64
9 74 9 20 55 58 68 74
34 79 34 79
7 59 7 14 28 37 51 59
7 34 7 14 34
13 75 13 29 48 75
14 41 14 28 41
13 68 13 20 55 58 68
2 87 2 33 51 67 72 87
13 64 13 26 42 51 59 64
24 79 24 27 44 79
18 22 18 22
55 72 55 58 67 72
23 86 23 37 59 64 86
17 60 17 60
2 33 2 33
6 55 6 31 43 44 55
18 75 18 22 34 48 75
4 64 4 23 37 51 59 64
44 79 44 79
38 65 38 65
10 39 10 17 20 39
20 73 20 39 58 67 73
10 48 10 48
36 86 36 59 64 86
56 64 56 64
68 69 68 69
17 33 17 33
17 33 17 33
13 59 13 28 35 59
21 57 21 26 28 41 57
43 84 43 44 55 84
26 59 26 28 37 59
7 64 7 14 34 59 64
10 61 10 17 33 61
27 89 27 44 84 89
10 44 10 30 44
44 55 44 55
9 62 9 62
10 33 10 17 33
41 57 41 57
23 75 23 37 48 75
26 88 26 88
6 76 6 31 68 69 76
36 59 36 37 51 59
3 30 3 30
26 48 26 28 37 48
36 83 36 37 52 80 81 83
10 61 10 17 33 61
54 81 54 81
51 82 51 59 64 71 82
59 82 59 64 82
16 59 16 35 59
20 40 20 40
21 72 21 42 62 72
1 69 1 37 49 69
67 72 67 72
49 72 49 72
47 82 47 75 82
28 41 28 41
51 86 51 59 64 86
17 67 17 33 51 67
10 89 10 17 33 51 59 89
75 88 75 88
13 84 13 84
5 72 5 72
29 88 29 48 75 88
51 59 51 59
44 83 44 79 83
19 80 19 43 52 80
14 37 14 28 37
13 28 13 26 28
13 77 13 26 28 37 48 52 77
5 88 5 75 88
18 76 18 76
7 55 7 43 44 55
14 33 14 25 33
28 37 28 37
25 33 25 33
10 40 10 17 20 40
2 67 2 33 51 67
3 59 3 30 34 59
43 84 43 44 55 84
33 64 33 51 59 64
0 80 0 10 30 34 48 75 80
36 49 36 37 49
12 51 12 37 51
48 52 48 52
36 71 36 59 64 71
48 64 48 52 64
12 88 12 24 27 88
9 87 9 62 72 87
19 43 19 43
6 56 6 31 56
23 71 23 37 52 64 71
16 59 16 35 59
45 77 45 77
35 71 35 59 64 71
25 76 25 40 68 69 76
6 88 6 88
56 82 56 82
1 26 1 13 26
3 72 3 37 51 67 72
8 75 8 28 37 48 75
24 89 24 89
49 87 49 72 87
79 83 79 83
23 37 23 37
0 35 0 13 26 28 35
10 20 10 17 20
28 52 28 37 52
0 81 0 10 48 75 80 81
1 13 1 13
42 62 42 62
27 83 27 44 79 83
4 68 4 30 44 55 58 68
25 39 25 35 39
64 86 64 86
39 89 39 58 77 89
25 82 25 33 51 67 82
36 80 36 37 52 80
1 88 1 13 20 55 67 72 88
33 51 33 51
5 51 5 6 37 51
63 65 63 65
3 83 3 37 52 80 81 83
10 84 10 24 27 44 55 84
28 37 28 37
16 86 16 86
27 58 27 44 55 58
25 89 25 35 59 89
39 69 39 58 68 69
16 88 16 29 48 88
39 76 39 58 68 69 76
72 88 72 88
10 89 10 48 52 77 89
0 33 0 10 17 33
39 88 39 58 67 72 88
16 35 16 35
6 76 6 16 35 39 58 68 69 76
2 89 2 23 37 48 52 77 89
39 58 39 58
16 87 16 87
7 78 7 14 25 40 78
17 78 17 20 40 78
7 35 7 14 28 35
5 76 5 6 37 76
0 27 0 27
75 81 75 80 81
23 66 23 66
13 65 13 26 28 35 39 65
24 67 24 27 44 55 67
7 89 7 14 34 59 89
14 86 14 42 62 72 86
14 89 14 28 35 39 58 77 89
5 51 5 6 37 51
5 64 5 52 64
0 69 0 20 55 58 68 69
10 86 10 30 48 52 64 86
6 77 6 37 77
31 79 31 43 44 79
37 77 37 48 52 77
36 75 36 37 48 75
36 77 36 37 77
10 82 10 48 75 82
41 69 41 49 69
48 88 48 75 88
4 76 4 49 76
5 79 5 6 31 43 44 79
48 88 48 75 88
28 82 28 41 57 82
24 55 24 27 44 55
24 67 24 27 44 55 58 67
36 59 36 59
17 70 17 70
22 48 22 34 48
17 83 17 33 51 80 81 83
14 41 14 28 41
17 84 17 20 55 84
10 34 10 30 34
3 59 3 30 34 59
15 44 15 30 44
36 86 36 37 52 64 86
19 80 19 43 52 80
7 84 7 14 25 79 84
26 28 26 28
6 56 6 31 56
10 87 10 24 27 44 55 67 72 87
7 49 7 14 25 33 49
75 88 75 88
7 34 7 14 34
34 71 34 48 52 71
5 64 5 64
8 51 8 28 37 51
11 76 11 68 69 76
28 35 28 35
39 65 39 65
14 85 14 25 85
10 78 10 17 78
4 82 4 23 37 48 52 71 82
51 59 51 59
17 82 17 58 67 82
25 49 25 33 49
25 84 25 79 84
0 51 0 10 17 33 51
2 78 2 78
16 82 16 29 48 52 64 82
28 35 28 35
36 48 36 37 48
5 89 5 89
9 64 9 20 56 64
8 70 8 28 41 70
27 88 27 79 88
6 51 6 37 51
14 38 14 25 38
0 40 0 20 40
5 76 5 6 37 76
19 58 19 43 44 55 58
49 76 49 69 76
36 81 36 37 48 75 80 81
0 28 0 13 26 28
36 48 36 37 48
28 51 28 37 51
1 59 1 7 14 34 59
3 89 3 27 79 84 89
23 71 23 37 48 52 71
9 71 9 20 56 64 71
16 80 16 29 48 52 80
14 74 14 28 68 74
13 83 13 28 41 70 81 83
0 87 0 27 44 55 58 67 72 87
21 26 21 26
33 89 33 51 59 89
27 58 27 44 55 58
3 55 3 30 44 55
40 68 40 68
57 65 57 63 65
8 60 8 41 50 60
41 78 41 57 78
7 77 7 43 44 55 58 77
8 80 8 28 37 52 80
34 84 34 79 84
28 41 28 41
28 35 28 35
51 88 51 67 72 88
5 76 5 6 16 35 39 58 68 69 76
21 37 21 26 28 37
58 67 58 67
5 29 5 6 16 29
10 84 10 24 27 79 84
3 62 3 9 62
16 72 16 35 39 58 67 72
39 58 39 58
14 65 14 28 35 39 65
30 34 30 34
14 51 14 28 37 51
1 41 1 7 14 28 41
19 52 19 43 52
2 66 2 23 66
3 67 3 30 44 55 67
0 26 0 13 26
25 87 25 35 39 58 67 72 87
13 29 13 29
16 71 16 29 48 52 64 71
27 78 27 78
68 74 68 74
4 69 4 30 44 55 58 68 69
3 69 3 27 44 55 58 68 69
47 82 47 75 82
66 77 66 77
9 86 9 20 55 67 72 86
18 65 18 20 39 65
69 76 69 76
8 70 8 41 70
17 78 17 78
51 80 51 80
11 82 11 59 64 71 82
39 82 39 58 67 82
28 39 28 35 39
70 81 70 81
36 81 36 37 52 80 81
18 48 18 22 34 48
30 67 30 44 55 67
14 77 14 34 48 52 77
35 71 35 59 64 71
75 88 75 88
0 59 0 13 28 37 51 59
31 79 31 43 44 79
3 75 3 30 48 75
35 86 35 59 64 86
15 74 15 26 28 35 39 58 68 74
31 69 31 43 44 55 58 68 69
0 28 0 13 26 28
24 55 24 27 44 55
19 43 19 43
8 75 8 28 37 48 75
22 31 22 31
29 52 29 48 52
7 42 7 14 42
42 51 42 51
75 88 75 88
49 69 49 69
9 68 9 20 39 58 68
2 33 2 33
5 74 5 6 16 35 39 58 68 74
2 89 2 23 37 77 89
26 37 26 28 37
18 82 18 59 64 71 82
14 25 14 25
5 76 5 6 16 35 39 58 68 69 76
8 55 8 9 20 55
20 88 20 55 58 67 72 88
22 84 22 31 43 44 55 84
3 68 3 30 44 55 58 68
26 42 26 42
13 49 13 28 41 49
25 82 25 33 51 67 82
36 49 36 37 49
19 58 19 43 44 55 58
24 55 24 27 44 55
2 87 2 23 37 49 72 87
16 68 16 35 39 58 68
51 72 51 67 72
28 87 28 35 39 58 67 72 87
48 77 48 52 77
14 33 14 25 33
45 82 45 64 71 82
41 69 41 49 69
15 26 15 26
0 27 0 27
26 42 26 42
8 73 8 9 20 73
11 64 11 59 64
43 89 43 44 84 89
0 57 0 13 28 41 57
55 67 55 67
36 75 36 37 48 75
56 74 56 74
12 50 12 50
7 43 7 43
2 78 2 23 66 78
35 65 35 39 65
7 78 7 14 25 40 78
5 79 5 79
17 55 17 20 55
20 65 20 39 65
20 40 20 40
43 87 43 87
0 20 0 20
14 84 14 25 79 84
41 78 41 57 78
9 56 9 20 56
12 51 12 37 51
4 34 4 30 34
2 66 2 23 66
6 79 6 31 43 44 79
2 82 2 82
18 81 18 22 34 48 52 80 81
2 87 2 33 49 72 87
5 74 5 6 31 68 74
22 48 22 34 48
12 59 12 37 51 59
9 64 9 20 56 64
43 52 43 52
9 86 9 20 55 67 72 86
10 59 10 17 33 51 59
51 83 51 80 81 83
0 56 0 13 20 56
12 24 12 24
6 55 6 31 43 44 55
36 81 36 37 52 80 81
18 59 18 59
48 81 48 75 80 81
18 69 18 22 31 68 69
56 64 56 64
1 61 1 7 14 25 33 61
24 71 24 71
0 45 0 45
38 65 38 65
15 43 15 22 43
53 84 53 84
39 89 39 58 77 89
30 58 30 44 55 58
13 51 13 28 37 51
26 42 26 42
18 22 18 22
1 69 1 49 69
33 59 33 51 59
50 82 50 82
34 79 34 79
30 84 30 44 79 84
67 73 67 73
51 89 51 59 89
36 60 36 50 60
8 74 8 40 68 74
24 73 24 73
23 82 23 37 59 64 82
1 44 1 7 43 44
28 59 28 37 59
1 81 1 7 43 52 80 81
31 56 31 56
3 79 3 30 44 79
14 84 14 34 79 84
1 88 1 13 29 48 88
49 69 49 69
6 37 6 37
33 78 33 78
7 70 7 14 28 41 70
27 67 27 44 55 67
14 28 14 28
10 68 10 17 20 39 58 68
1 55 1 7 43 44 55
23 49 23 49
35 65 35 39 65
30 59 30 34 59
19 76 19 43 44 55 58 68 69 76
21 86 21 58 67 72 86
17 69 17 20 40 68 69
9 74 9 20 39 58 68 74
37 52 37 52
6 31 6 31
34 52 34 48 52
67 86 67 72 86
34 77 34 48 52 77
7 55 7 43 44 55
5 49 5 6 37 49
80 81 80 81
3 48 3 30 48
3 83 3 37 52 80 81 83
55 73 55 58 67 73
22 68 22 43 44 55 58 68
12 66 12 66
15 34 15 30 34
11 59 11 59
3 59 3 37 59
7 63 7 57 63
31 79 31 43 44 79
15 89 15 30 34 79 84 89
26 64 26 28 35 59 64
34 81 34 48 52 80 81
0 80 0 10 17 33 51 80
2 81 2 33 51 80 81
26 82 26 42 51 59 64 71 82
17 32 17 32
4 88 4 23 37 49 72 88
7 63 7 57 63
25 38 25 38
3 69 3 27 44 55 58 68 69
62 72 62 72
0 10 0 10
28 52 28 37 52
20 73 20 73
1 89 1 37 51 59 89
14 89 14 25 38 89
27 44 27 44
9 71 9 71
39 87 39 87
35 39 35 39
21 71 21 42 51 59 64 71
1 64 1 2 33 51 59 64
31 56 31 56
44 83 44 79 83
28 52 28 37 52
3 59 3 30 34 59
33 49 33 49
19 38 19 38
45 83 45 83
13 83 13 26 28 37 48 75 80 81 83
36 87 36 37 51 67 72 87
4 52 4 23 37 52
53 81 53 80 81
10 83 10 24 83
7 63 7 57 63
58 74 58 68 74
11 68 11 68
0 34 0 10 30 34
21 82 21 42 51 67 82
14 40 14 25 40
16 67 16 35 39 58 67
30 77 30 48 52 77
52 77 52 77
13 82 13 20 56 82
2 67 2 9 20 39 58 67
31 68 31 43 44 55 58 68
1 68 1 7 43 44 55 58 68
39 65 39 65
23 64 23 37 51 59 64
12 89 12 37 59 89
1 28 1 7 14 28
13 59 13 26 28 37 59
1 51 1 37 51
45 64 45 64
7 89 7 89
38 89 38 89
24 27 24 27
4 83 4 30 44 79 83
75 80 75 80
30 34 30 34
12 49 12 37 49
3 37 3 37
55 69 55 58 68 69
6 64 6 16 35 59 64
17 64 17 20 56 64
14 37 14 28 37
39 76 39 58 68 69 76
75 80 75 80
28 39 28 35 39
69 76 69 76
35 65 35 39 65
0 28 0 13 26 28
42 51 42 51
15 44 15 30 44
21 42 21 42
3 62 3 9 62
36 37 36 37
14 73 14 28 35 39 58 67 73
17 58 17 20 39 58
28 52 28 37 52
58 74 58 68 74
51 67 51 67
1 58 1 2 9 20 39 58
67 88 67 72 88
21 77 21 26 28 77
18 34 18 22 34
19 52 19 43 52
64 86 64 86
64 82 64 71 82
58 82 58 67 82
39 87 39 58 67 72 87
13 35 13 28 35
38 89 38 89
21 72 21 58 67 72
29 88 29 48 75 88
33 69 33 49 69
13 76 13 68 69 76
17 84 17 20 55 84
19 69 19 43 44 55 58 68 69
3 55 3 27 44 55
18 78 18 20 40 78
22 74 22 43 44 55 58 68 74
21 52 21 26 28 37 48 52
34 48 34 48
9 72 9 20 55 58 67 72
43 87 43 87
16 88 16 35 39 58 67 72 88
1 7 1 7
2 67 2 33 51 67
33 88 33 49 72 88
12 64 12 45 64
12 37 12 37
31 43 31 43
11 82 11 59 64 71 82
27 76 27 44 55 58 68 69 76
43 84 43 44 55 84
2 73 2 23 37 51 67 73
1 81 1 13 26 28 41 70 81
13 65 13 20 39 65
10 49 10 17 33 49
0 60 0 13 28 41 50 60
55 74 55 58 68 74
49 87 49 72 87
0 57 0 13 28 41 57
22 68 22 31 43 44 55 58 68
3 30 3 30
14 28 14 28
15 74 15 30 44 55 58 68 74
18 48 18 22 34 48
13 89 13 20 55 84 89
5 89 5 52 77 89
27 44 27 44
56 74 56 74
18 20 18 20
19 81 19 43 52 80 81
45 64 45 64
3 62 3 9 62
37 72 37 49 72
23 51 23 37 51
10 39 10 17 20 39
58 68 58 68
39 65 39 65
26 48 26 28 37 48
25 65 25 38 65
51 67 51 67
25 49 25 33 49
8 41 8 41
42 89 42 51 59 89
2 78 2 33 78
43 87 43 87
18 34 18 22 34
10 61 10 17 33 61
43 73 43 44 55 58 67 73
17 70 17 70
29 48 29 48
16 86 16 29 48 52 64 86
27 58 27 44 55 58
7 62 7 62
23 66 23 66
0 77 0 27 44 55 58 77
23 48 23 37 48
6 76 6 16 35 39 76
16 80 16 29 48 52 80
19 83 19 43 52 80 81 83
19 52 19 43 52
39 73 39 58 67 73
23 49 23 37 49
25 65 25 63 65
11 76 11 68 69 76
1 64 1 2 56 64
53 88 53 88
22 64 22 34 59 64
42 64 42 51 59 64
37 48 37 48
13 55 13 20 55
33 69 33 49 69
22 84 22 31 43 44 79 84
34 71 34 59 64 71
43 71 43 52 71
9 74 9 20 55 58 68 74
12 49 12 37 49
14 63 14 25 63
33 88 33 49 72 88
39 76 39 58 68 69 76
15 43 15 22 31 43
3 88 3 37 49 72 88
17 69 17 33 49 69
12 45 12 45
18 65 18 20 39 65
10 61 10 17 33 61
79 84 79 84
27 76 27 44 55 58 68 69 76
31 55 31 43 44 55
38 89 38 89
52 71 52 71
6 72 6 31 43 44 55 58 67 72
14 63 14 25 63
24 55 24 27 44 55
15 74 15 30 44 55 58 68 74
49 72 49 72
42 73 42 51 67 73
67 88 67 72 88
22 87 22 43 87
67 72 67 72
15 71 15 26 28 37 52 64 71
28 48 28 37 48
6 72 6 31 43 44 55 67 72
6 37 6 37
12 29 12 29
23 66 23 66
10 87 10 24 27 44 55 58 67 72 87
16 82 16 29 48 52 71 82
43 44 43 44
1 65 1 13 26 28 35 39 65
7 34 7 14 34
29 52 29 48 52
4 30 4 30
13 20 13 20
6 64 6 37 48 52 64
79 84 79 84
13 48 13 26 28 37 48
17 78 17 78
7 62 7 62
21 26 21 26
51 80 51 80
55 58 55 58
7 76 7 14 28 37 49 69 76
5 29 5 6 16 29
3 48 3 30 48
6 77 6 16 29 48 52 77
22 64 22 34 59 64
15 26 15 26
17 49 17 33 49
39 73 39 58 67 73
52 64 52 64
10 51 10 17 33 51
25 35 25 35
6 79 6 31 43 44 79
26 72 26 42 62 72
42 82 42 51 59 64 71 82
28 41 28 41
0 57 0 13 28 41 57
28 78 28 41 57 78
5 51 5 6 37 51
8 89 8 9 20 39 58 77 89
26 28 26 28
1 75 1 7 14 28 37 48 75
15 26 15 26
18 81 18 22 34 48 75 80 81
21 81 21 26 28 41 70 81
8 68 8 9 20 40 68
2 77 2 23 66 77
33 62 33 62
67 87 67 72 87
5 75 5 6 37 48 75
4 89 4 30 48 52 77 89
12 45 12 45
40 78 40 78
21 86 21 26 28 41 57 72 86
1 44 1 7 43 44
13 50 13 28 41 50
14 51 14 28 37 51
67 86 67 72 86
51 83 51 80 81 83
36 77 36 37 77
30 59 30 34 59
5 71 5 6 37 59 64 71
55 84 55 84
3 79 3 30 44 79
8 73 8 28 35 39 58 67 73
21 82 21 42 51 59 64 71 82
10 39 10 17 20 39
14 77 14 34 48 52 77
35 67 35 39 58 67
13 89 13 20 39 58 77 89
26 86 26 28 35 59 64 86
3 68 3 30 44 55 58 68
12 51 12 37 51
33 88 33 62 72 88
4 30 4 30
6 55 6 31 43 44 55
21 63 21 26 28 41 57 63
2 23 2 23
0 59 0 10 17 33 51 59
11 64 11 59 64
16 88 16 35 39 58 67 72 88
16 88 16 35 39 58 67 72 88
5 6 5 6
20 73 20 55 67 73
3 87 3 30 44 55 58 67 72 87
10 39 10 17 20 39
9 62 9 62
39 87 39 58 67 72 87
30 77 30 44 55 58 77
36 67 36 37 51 67
14 67 14 25 33 51 67
26 48 26 28 37 48
12 68 12 44 55 58 68
55 74 55 58 68 74
15 74 15 30 44 55 58 68 74
12 29 12 29
17 89 17 20 39 58 77 89
13 59 13 26 42 51 59
84 89 84 89
15 68 15 26 28 68
36 80 36 37 52 80
5 64 5 6 16 29 48 52 64
12 29 12 29
4 70 4 70
4 59 4 30 34 59
9 89 9 20 39 58 77 89
25 51 25 33 51
67 86 67 72 86
10 70 10 17 70
12 88 12 29 48 75 88
13 62 13 26 42 62
18 31 18 22 31
25 39 25 35 39
9 55 9 20 55
17 60 17 60
13 82 13 28 37 52 64 82
48 52 48 52
39 67 39 58 67
16 64 16 29 48 52 64
43 55 43 44 55
18 39 18 20 39
28 39 28 35 39
1 42 1 13 26 42
51 88 51 67 72 88
26 64 26 42 51 59 64
14 25 14 25
36 52 36 37 48 52
20 56 20 56
25 33 25 33
0 89 0 27 44 55 58 77 89
7 77 7 14 25 35 39 58 77
35 39 35 39
7 57 7 14 28 41 57
33 86 33 51 59 64 86
41 50 41 50
51 59 51 59
20 65 20 39 65
34 84 34 79 84
1 41 1 7 14 28 41
18 72 18 22 31 43 44 55 58 67 72
20 86 20 39 58 67 72 86
1 7 1 7
30 67 30 44 55 67
12 64 12 45 64
0 84 0 20 55 84
6 72 6 16 35 39 58 67 72
6 71 6 31 43 52 71
8 55 8 9 20 55
29 88 29 48 75 88
57 82 57 82
0 51 0 13 26 42 51
43 88 43 44 55 58 67 72 88
26 42 26 42
3 48 3 37 48
41 78 41 57 78
34 79 34 79
1 7 1 7
36 72 36 37 72
2 81 2 23 37 51 80 81
17 20 17 20
20 86 20 56 64 86
6 59 6 16 35 59
1 55 1 7 43 44 55
4 74 4 30 44 55 58 68 74
26 58 26 28 35 39 58
10 48 10 48
18 73 18 20 55 67 73
2 9 2 9
41 57 41 57
41 70 41 70
9 64 9 20 56 64
28 63 28 41 57 63
10 70 10 17 70
59 64 59 64
33 64 33 51 59 64
1 43 1 7 43
72 86 72 86
52 83 52 80 81 83
0 78 0 13 20 40 78
45 83 45 83
63 65 63 65
43 82 43 44 55 67 82
12 60 12 50 60
57 63 57 63
58 82 58 67 82
7 83 7 43 52 80 81 83
14 28 14 28
45 83 45 83
41 57 41 57
7 88 7 57 72 88
1 69 1 39 58 68 69
0 20 0 13 20
37 48 37 48
7 37 7 14 28 37
57 65 57 63 65
41 57 41 57
3 78 3 27 78
28 64 28 35 59 64
25 77 25 35 39 58 77
28 78 28 41 57 78
41 76 41 49 69 76
7 43 7 43
15 44 15 30 44
6 56 6 31 56
18 40 18 20 40
10 17 10 17
6 51 6 37 51
31 84 31 43 44 79 84
38 65 38 65
14 52 14 28 37 48 52
1 49 1 7 14 28 41 49
10 87 10 17 20 39 87
3 64 3 64
37 75 37 48 75
4 69 4 23 49 69
58 67 58 67
30 59 30 34 59
13 65 13 20 39 65
68 76 68 69 76
26 64 26 28 35 59 64
4 64 4 30 48 52 64
7 42 7 14 42
19 62 19 62
6 69 6 37 49 69
55 74 55 58 68 74
28 39 28 35 39
36 67 36 37 51 67
15 55 15 22 31 43 44 55
4 66 4 23 66
18 79 18 22 43 44 79
6 64 6 16 29 48 52 64
11 68 11 68
66 78 66 78
4 84 4 30 34 79 84
39 68 39 58 68
7 68 7 43 44 55 58 68
39 65 39 65
49 72 49 72
3 67 3 30 44 55 58 67
13 59 13 28 35 59
14 89 14 25 38 89
54 83 54 81 83
25 89 25 38 89
0 27 0 10 24 27
26 64 26 28 64
5 82 5 64 71 82
17 84 17 20 55 84
10 20 10 17 20
0 88 0 10 24 27 44 55 67 72 88
0 59 0 10 17 33 51 59
16 68 16 35 39 58 68
15 68 15 22 43 44 55 58 68
10 17 10 17
1 42 1 13 26 42
3 82 3 9 71 82
23 49 23 49
12 64 12 37 52 64
39 67 39 58 67
15 63 15 26 28 41 57 63
1 89 1 89
10 83 10 24 83
39 87 39 58 67 72 87
24 83 24 83
39 88 39 58 67 72 88
25 39 25 35 39
20 39 20 39
42 59 42 51 59
23 32 23 32
54 86 54 86
45 77 45 77
5 72 5 72
28 39 28 35 39
30 34 30 34
31 68 31 43 44 55 58 68
31 68 31 68
48 81 48 52 80 81
18 22 18 22
30 44 30 44
10 83 10 48 75 80 81 83
7 55 7 43 44 55
27 72 27 44 55 67 72
3 87 3 9 20 55 67 72 87
16 87 16 35 39 87
23 82 23 37 51 67 82
17 77 17 20 39 58 77
25 77 25 35 39 58 77
7 70 7 14 28 41 70
13 29 13 29
36 37 36 37
0 33 0 10 17 33
15 69 15 22 31 68 69
0 80 0 10 17 33 51 80
36 49 36 37 49
19 88 19 62 72 88
29 52 29 48 52
14 33 14 25 33
23 78 23 66 78
34 59 34 59
37 76 37 49 76
26 65 26 28 41 63 65
6 71 6 31 43 52 64 71
22 58 22 31 43 44 55 58
3 89 3 38 89
28 48 28 37 48
21 60 21 26 28 41 50 60
6 68 6 31 68
17 33 17 33
13 48 13 29 48
52 89 52 77 89
48 81 48 52 80 81
11 88 11 88
0 48 0 13 26 28 37 48
2 33 2 33
15 55 15 22 31 43 44 55
55 69 55 58 68 69
72 88 72 88
8 80 8 28 37 51 80
8 40 8 40
52 81 52 80 81
10 62 10 17 33 62
23 75 23 37 48 75
28 78 28 41 57 78
47 80 47 80
1 42 1 7 14 42
22 43 22 43
4 74 4 30 44 55 58 68 74
5 52 5 6 37 52
3 88 3 27 79 88
34 77 34 48 52 77
13 49 13 28 41 49
17 78 17 20 40 78
26 80 26 28 37 51 80
44 89 44 55 58 77 89
14 65 14 25 35 39 65
26 86 26 42 62 72 86
10 75 10 30 34 48 75
44 89 44 84 89
25 71 25 33 51 59 64 71
11 82 11 59 64 71 82
4 89 4 23 37 77 89
67 88 67 72 88
10 40 10 17 20 40
14 63 14 25 63
18 87 18 20 55 58 67 72 87
8 82 8 9 71 82
18 31 18 22 31
1 51 1 7 14 42 51
41 69 41 49 69
0 88 0 20 39 58 67 72 88
1 87 1 7 57 72 87
3 89 3 9 20 55 58 77 89
12 44 12 44
15 86 15 30 48 52 64 86
21 81 21 42 51 80 81
16 72 16 35 39 58 67 72
18 73 18 22 43 44 55 58 67 73
13 89 13 28 77 89
8 87 8 28 41 49 72 87
0 81 0 10 30 34 48 52 80 81
0 26 0 13 26
39 68 39 58 68
33 89 33 51 59 89
2 73 2 33 51 67 73
42 87 42 62 72 87
48 52 48 52
3 87 3 27 44 55 58 67 72 87
1 64 1 7 14 42 51 59 64
3 69 3 9 20 55 58 68 69
45 50 45 50
9 20 9 20
36 77 36 37 52 77
0 57 0 13 26 28 41 57
14 62 14 42 62
23 48 23 37 48
28 77 28 37 52 77
36 50 36 50
7 63 7 14 25 63
1 73 1 37 51 67 73
15 34 15 30 34
22 87 22 31 43 87
68 69 68 69
16 35 16 35
25 38 25 38
18 79 18 22 34 79
55 69 55 58 68 69
6 37 6 37
30 58 30 44 55 58
23 66 23 66
0 86 0 20 56 64 86
3 78 3 27 78
0 24 0 10 24
1 69 1 2 9 20 39 58 68 69
43 87 43 87
30 82 30 48 75 82
4 32 4 23 32
55 68 55 58 68
7 88 7 43 44 79 88
2 74 2 56 74
19 82 19 82
20 88 20 55 58 67 72 88
24 89 24 27 44 84 89
25 76 25 35 39 76
12 52 12 29 48 52
7 83 7 14 28 41 70 81 83
49 86 49 72 86
9 40 9 20 40
37 51 37 51
22 68 22 43 44 55 58 68
48 81 48 52 80 81
33 61 33 61
10 86 10 17 33 49 72 86
1 49 1 49
16 77 16 35 39 58 77
28 41 28 41
19 83 19 43 52 80 81 83
8 60 8 41 50 60
12 66 12 66
13 55 13 20 55
19 86 19 62 72 86
31 55 31 43 44 55
2 9 2 9
0 27 0 10 24 27
45 64 45 64
7 48 7 14 34 48
75 88 75 88
20 40 20 40
10 86 10 17 33 49 72 86
41 76 41 76
39 87 39 87
80 83 80 81 83
10 62 10 17 33 62
3 67 3 30 44 55 58 67
11 88 11 88
21 26 21 26
27 72 27 44 55 67 72
21 39 21 26 28 35 39
25 71 25 35 59 64 71
43 71 43 52 71
8 9 8 9
1 87 1 13 26 28 87
34 59 34 59
19 81 19 43 52 80 81
33 86 33 49 72 86
25 51 25 33 51
21 60 21 26 28 41 50 60
24 79 24 27 44 79
1 61 1 7 14 25 33 61
3 87 3 9 20 39 87
1 65 1 2 9 20 39 65
0 45 0 45
25 38 25 38
24 76 24 27 44 55 58 68 69 76
12 45 12 45
84 89 84 89
12 68 12 24 27 44 55 58 68
12 52 12 37 48 52
39 88 39 58 67 72 88
6 69 6 31 43 44 55 58 68 69
14 34 14 34
52 71 52 71
36 71 36 37 52 64 71
44 84 44 79 84
22 68 22 43 44 55 58 68
26 59 26 42 51 59
9 40 9 20 40
54 83 54 81 83
34 77 34 48 52 77
4 68 4 30 44 55 58 68
0 80 0 10 30 48 52 80
13 62 13 26 42 62
18 39 18 20 39
68 74 68 74
3 68 3 30 44 55 58 68
23 86 23 37 72 86
47 80 47 75 80
5 76 5 6 31 68 69 76
39 68 39 58 68
64 86 64 86
25 62 25 62
15 39 15 26 28 35 39
27 77 27 44 55 58 77
67 72 67 72
5 74 5 6 31 68 74
47 75 47 75
42 89 42 51 59 89
5 71 5 64 71
66 78 66 78
20 55 20 55
25 85 25 85
18 39 18 20 39
13 49 13 26 28 37 49
26 58 26 28 35 39 58
14 25 14 25
72 87 72 87
28 51 28 37 51
19 68 19 43 44 55 58 68
8 74 8 9 20 56 74
13 29 13 29
66 77 66 77
9 72 9 20 39 58 67 72
2 80 2 33 51 80
11 88 11 88
58 77 58 77
6 77 6 31 43 44 55 58 77
23 51 23 37 51
49 69 49 69
29 52 29 48 52
36 59 36 37 59
0 78 0 20 40 78
23 64 23 37 48 52 64
1 69 1 13 28 68 69
8 87 8 9 20 39 58 67 72 87
16 82 16 35 39 58 67 82
36 50 36 50
85 88 85 88
4 88 4 49 72 88
13 26 13 26
17 49 17 33 49
21 58 21 26 28 35 39 58
8 62 8 62
6 88 6 31 43 44 55 67 72 88
25 82 25 35 59 64 82
36 87 36 37 49 72 87
10 51 10 17 33 51
37 48 37 48
3 34 3 30 34
6 86 6 86
57 72 57 72
48 77 48 52 77
3 69 3 37 49 69
43 84 43 44 79 84
2 66 2 23 66
6 29 6 16 29
42 89 42 51 59 89
37 48 37 48
30 44 30 44
18 81 18 22 43 52 80 81
15 44 15 30 44
59 89 59 89
10 64 10 17 20 56 64
28 70 28 41 70
16 77 16 29 48 52 77
3 37 3 37
19 89 19 38 89
8 35 8 28 35
13 20 13 20
42 71 42 51 59 64 71
19 64 19 43 52 64
9 68 9 20 39 58 68
6 77 6 77
18 72 18 20 55 67 72
0 51 0 13 28 37 51
13 67 13 28 35 39 58 67
10 30 10 30
9 62 9 62
58 68 58 68
42 87 42 51 67 72 87
29 52 29 48 52
15 58 15 26 28 35 39 58
14 73 14 28 35 39 58 67 73
3 34 3 30 34
75 88 75 88
25 82 25 35 59 64 82
39 77 39 58 77
15 89 15 26 42 51 59 89
28 87 28 41 49 72 87
30 67 30 44 55 67
1 28 1 13 26 28
25 40 25 40
35 39 35 39
2 87 2 33 51 67 72 87
0 61 0 10 17 33 61
18 43 18 22 43
6 59 6 37 51 59
5 74 5 6 31 68 74
31 89 31 43 44 84 89
29 48 29 48
21 74 21 58 68 74
3 78 3 9 20 40 78
9 20 9 20
4 82 4 23 37 59 64 82
13 20 13 20
3 37 3 37
42 64 42 51 59 64
13 64 13 26 42 51 59 64
52 83 52 80 81 83
13 65 13 20 39 65
37 72 37 72
15 68 15 26 28 68
21 39 21 26 28 35 39
48 75 48 75
1 73 1 13 20 39 58 67 73
16 67 16 35 39 58 67
51 59 51 59
4 64 4 23 37 52 64
40 78 40 78
51 80 51 80
20 87 20 55 58 67 72 87
51 88 51 67 72 88
10 71 10 48 52 71
15 48 15 22 34 48
6 31 6 31
12 72 12 44 55 67 72
6 16 6 16
48 52 48 52
12 59 12 37 59
3 37 3 37
19 89 19 38 89
39 67 39 58 67
34 79 34 79
3 72 3 9 20 55 58 67 72
4 55 4 30 44 55
2 9 2 9
30 34 30 34
1 57 1 13 28 41 57
12 44 12 24 27 44
4 70 4 70
30 67 30 44 55 67
44 55 44 55
9 64 9 20 56 64
30 59 30 34 59
21 81 21 26 42 51 80 81
28 48 28 37 48
37 69 37 49 69
4 32 4 23 32
0 20 0 13 20
11 76 11 68 69 76
14 35 14 28 35
31 68 31 43 44 55 58 68
16 74 16 35 39 58 68 74
26 58 26 28 35 39 58
16 88 16 35 39 58 67 72 88
47 80 47 80
3 89 3 27 79 84 89
50 60 50 60
49 88 49 72 88
13 60 13 26 28 41 50 60
1 68 1 2 9 20 40 68
41 49 41 49
72 86 72 86
26 80 26 42 51 80
42 89 42 51 59 89
22 74 22 43 44 55 58 68 74
26 58 26 28 35 39 58
10 30 10 30
7 83 7 14 42 51 80 81 83
33 71 33 51 59 64 71
13 84 13 20 55 84
35 67 35 39 58 67
17 72 17 33 49 72
27 77 27 44 55 58 77
17 67 17 33 51 67
0 37 0 13 28 37
19 68 19 43 44 55 58 68
15 71 15 26 28 35 59 64 71
2 39 2 9 20 39
36 80 36 37 51 80
14 25 14 25
13 74 13 74
14 40 14 25 40
28 81 28 37 51 80 81
4 82 4 23 37 48 75 82
41 57 41 57
6 37 6 37
57 86 57 72 86
0 87 0 27 44 55 58 67 72 87
0 10 0 10
1 88 1 7 62 72 88
43 89 43 44 79 84 89
18 69 18 20 39 58 68 69
36 72 36 37 51 67 72
56 64 56 64
0 57 0 13 26 28 41 57
0 57 0 13 28 41 57
19 81 19 43 52 80 81
0 82 0 27 44 55 67 82
2 33 2 33
30 81 30 34 48 75 80 81
26 65 26 28 35 39 65
42 82 42 51 67 82
15 22 15 22
21 82 21 58 67 82
17 55 17 20 55
7 85 7 14 25 85
6 49 6 37 49
10 62 10 17 33 62
68 76 68 69 76
14 62 14 25 33 62
13 64 13 26 28 37 51 59 64
34 52 34 48 52
44 79 44 79
44 88 44 79 88
0 28 0 13 28
28 77 28 35 39 58 77
4 88 4 23 37 48 75 88
22 84 22 34 79 84
48 80 48 75 80
44 67 44 55 67
67 73 67 73
55 58 55 58
53 84 53 84
25 87 25 35 39 87
20 55 20 55
43 88 43 44 79 88
10 68 10 24 27 44 55 58 68
17 72 17 33 49 72
8 87 8 9 62 72 87
36 81 36 37 52 80 81
12 50 12 50
4 59 4 30 34 59
24 67 24 27 44 55 58 67
7 68 7 14 25 35 39 58 68
20 73 20 39 58 67 73
8 28 8 28
2 33 2 33
24 73 24 27 44 55 58 67 73
7 14 7 14
6 87 6 16 35 39 58 67 72 87
33 86 33 49 72 86
27 89 27 44 55 84 89
68 69 68 69
68 69 68 69
17 76 17 33 49 76
6 56 6 31 56
18 71 18 59 64 71
63 65 63 65
26 58 26 28 35 39 58
10 74 10 30 44 55 58 68 74
10 83 10 17 33 51 80 81 83
16 72 16 35 39 58 67 72
7 52 7 14 28 37 48 52
4 69 4 30 44 55 58 68 69
55 74 55 58 68 74
6 16 6 16
31 69 31 68 69
19 77 19 43 44 55 58 77
10 30 10 30
23 48 23 37 48
13 76 13 26 28 41 76
25 87 25 35 39 87
50 82 50 82
13 75 13 26 28 37 48 75
0 87 0 27 44 55 58 67 72 87
14 25 14 25
43 73 43 44 55 67 73
27 67 27 44 55 67
43 89 43 44 84 89
8 71 8 9 20 56 64 71
30 82 30 44 55 58 67 82
30 58 30 44 55 58
27 78 27 78
14 49 14 28 41 49
2 77 2 23 37 48 52 77
34 81 34 48 52 80 81
7 49 7 14 25 33 49
13 68 13 26 28 35 39 58 68
7 78 7 14 25 40 78
10 69 10 30 44 55 58 68 69
19 62 19 62
1 13 1 13
0 69 0 13 26 28 68 69
4 34 4 30 34
20 89 20 39 58 77 89
34 52 34 48 52
51 88 51 67 72 88
15 30 15 30
3 59 3 37 51 59
12 72 12 24 27 44 55 58 67 72
35 64 35 59 64
1 44 1 7 43 44
18 72 18 22 43 44 55 58 67 72
1 87 1 37 51 67 72 87
18 69 18 20 55 58 68 69
19 77 19 43 52 77
22 68 22 31 43 44 55 58 68
81 83 81 83
39 89 39 58 77 89
33 86 33 51 67 72 86
31 69 31 68 69
10 64 10 48 52 64
30 68 30 44 55 58 68
26 28 26 28
4 83 4 70 81 83
2 78 2 78
42 64 42 51 59 64
45 71 45 64 71
9 86 9 20 55 58 67 72 86
28 37 28 37
36 83 36 81 83
23 75 23 37 48 75
54 86 54 86
4 74 4 74
22 34 22 34
28 41 28 41
43 89 43 52 77 89
10 82 10 48 75 82
15 67 15 30 44 55 58 67
56 64 56 64
35 76 35 39 76
28 78 28 41 57 78
22 68 22 43 44 55 58 68
13 42 13 26 42
25 76 25 35 39 58 68 69 76
80 81 80 81
1 85 1 7 14 25 85
33 64 33 51 59 64
1 23 1 2 23
43 71 43 52 71
47 82 47 75 82
19 84 19 43 44 55 84
43 55 43 44 55
23 49 23 37 49
20 88 20 39 58 67 72 88
23 82 23 37 59 64 71 82
42 59 42 51 59
45 83 45 83
4 82 4 70 82
12 59 12 37 51 59
13 55 13 20 55
45 83 45 83
21 72 21 42 51 67 72
19 86 19 43 52 64 86
40 76 40 68 69 76
6 55 6 31 43 44 55
4 64 4 23 37 59 64
24 83 24 83
34 64 34 59 64
67 82 67 82
36 52 36 37 48 52
36 83 36 37 48 52 80 81 83
4 70 4 70
47 82 47 75 82
45 71 45 64 71
13 56 13 20 56
23 66 23 66
25 49 25 33 49
27 79 27 44 79
49 88 49 72 88
2 74 2 56 74
25 51 25 33 51
36 71 36 59 64 71
12 51 12 37 51
6 51 6 37 51
66 89 66 77 89
41 49 41 49
17 56 17 20 56
4 52 4 23 37 48 52
13 76 13 28 35 39 76
33 64 33 51 59 64
24 73 24 73
18 22 18 22
1 64 1 7 43 52 64
79 84 79 84
36 72 36 37 72
10 61 10 17 33 61
39 58 39 58
4 69 4 30 44 55 58 68 69
13 48 13 26 28 37 48
28 82 28 35 39 58 67 82
50 60 50 60
6 55 6 31 43 44 55
25 63 25 63
15 51 15 26 28 37 51
80 83 80 81 83
0 35 0 13 26 28 35
45 83 45 83
1 61 1 7 14 25 33 61
31 84 31 43 44 84
17 64 17 20 56 64
26 72 26 42 51 67 72
2 52 2 23 37 52
16 72 16 35 39 58 67 72
35 86 35 59 64 86
13 29 13 29
34 77 34 48 52 77
21 60 21 26 28 41 50 60
50 82 50 82
4 72 4 23 37 72
3 64 3 64
27 67 27 44 55 67
15 74 15 26 28 35 39 58 68 74
8 55 8 9 20 55
8 41 8 28 41
1 65 1 7 57 63 65
33 88 33 51 67 72 88
24 76 24 27 44 55 58 68 69 76
15 22 15 22
7 77 7 14 34 48 52 77
12 51 12 37 51
18 75 18 22 34 48 75
3 87 3 9 62 72 87
21 62 21 26 42 62
19 69 19 43 44 55 58 68 69
24 55 24 27 44 55
0 87 0 13 20 55 67 72 87
25 38 25 38
30 67 30 44 55 67
27 88 27 88
4 68 4 30 44 55 58 68
12 64 12 45 64
1 39 1 13 20 39
17 56 17 20 56
21 77 21 58 77
27 58 27 44 55 58
19 86 19 43 44 55 58 67 72 86
3 79 3 27 44 79
33 78 33 78
14 67 14 28 37 51 67
0 78 0 20 40 78
18 82 18 20 56 82
31 77 31 43 44 55 58 77
53 81 53 80 81
6 86 6 37 72 86
10 89 10 48 52 77 89
8 62 8 9 62
44 55 44 55
14 40 14 25 40
42 87 42 51 67 72 87
1 78 1 2 9 20 40 78
0 69 0 27 44 55 58 68 69
21 58 21 26 28 35 39 58
48 88 48 75 88
34 59 34 59
12 59 12 37 51 59
36 83 36 37 48 52 80 81 83
33 80 33 51 80
0 33 0 10 17 33
13 77 13 28 77
34 80 34 48 75 80
4 69 4 30 44 55 58 68 69
23 64 23 37 52 64
39 89 39 58 77 89
0 57 0 13 26 28 41 57
13 48 13 26 28 37 48
49 86 49 72 86
39 77 39 58 77
28 86 28 35 39 58 67 72 86
16 29 16 29
9 71 9 71
39 73 39 58 67 73
44 84 44 55 84
36 88 36 37 72 88
17 58 17 20 39 58
24 86 24 27 44 55 67 72 86
8 35 8 28 35
58 77 58 77
42 59 42 51 59
0 69 0 27 44 55 58 68 69
17 20 17 20
0 60 0 13 26 28 41 50 60
22 84 22 43 44 79 84
28 48 28 37 48
19 84 19 43 44 84
18 71 18 22 34 59 64 71
28 77 28 37 77
10 87 10 30 44 55 58 67 72 87
45 86 45 64 86
12 73 12 44 55 58 67 73
10 40 10 17 20 40
66 78 66 78
17 32 17 32
25 61 25 33 61
56 64 56 64
7 84 7 43 44 55 84
79 88 79 88
23 71 23 37 52 71
45 71 45 64 71
25 77 25 35 39 58 77
8 73 8 9 20 39 58 67 73
10 74 10 30 44 55 58 68 74
45 82 45 50 82
42 59 42 51 59
11 89 11 59 89
28 35 28 35
64 71 64 71
2 59 2 23 37 59
5 88 5 72 88
2 87 2 9 62 72 87
17 60 17 60
14 61 14 25 33 61
72 86 72 86
20 65 20 39 65
34 48 34 48
28 78 28 41 57 78
1 81 1 13 28 41 70 81
18 22 18 22
5 51 5 6 37 51
25 61 25 33 61
17 49 17 33 49
26 72 26 42 51 67 72
36 86 36 59 64 86
18 76 18 76
0 26 0 13 26
10 24 10 24
3 78 3 27 78
24 71 24 71
20 65 20 39 65
5 89 5 89
52 64 52 64
30 58 30 44 55 58
6 31 6 31
21 74 21 58 68 74
6 87 6 31 43 87
17 77 17 58 77
35 88 35 39 58 67 72 88
50 60 50 60
14 58 14 28 35 39 58
75 80 75 80
26 72 26 28 37 49 72
68 74 68 74
14 64 14 25 33 51 59 64
2 74 2 56 74
18 58 18 22 43 44 55 58
10 89 10 17 58 77 89
51 80 51 80
5 81 5 52 80 81
13 50 13 26 28 41 50
1 40 1 2 9 20 40
14 34 14 34
43 89 43 52 77 89
37 59 37 59
36 52 36 37 52
33 69 33 49 69
48 81 48 75 80 81
20 76 20 55 58 68 69 76
10 24 10 24
7 43 7 43
53 84 53 84
10 40 10 17 20 40
3 82 3 30 44 55 58 67 82
2 56 2 9 20 56
12 88 12 44 55 58 67 72 88
16 86 16 29 48 52 64 86
75 81 75 80 81
58 68 58 68
3 37 3 37
8 35 8 28 35
26 88 26 42 62 72 88
10 84 10 24 27 44 55 84
5 88 5 72 88
1 43 1 7 43
17 69 17 58 68 69
53 84 53 84
12 68 12 44 55 58 68
12 68 12 44 55 58 68
50 60 50 60
57 86 57 72 86
20 65 20 39 65
20 40 20 40
55 74 55 58 68 74
7 89 7 43 44 79 84 89
36 52 36 37 48 52
23 37 23 37
13 49 13 28 41 49
13 74 13 26 28 68 74
6 37 6 37
24 55 24 27 44 55
11 59 11 59
11 68 11 68
31 68 31 68
11 82 11 59 64 71 82
1 64 1 2 33 51 59 64
4 49 4 49
48 52 48 52
37 77 37 52 77
68 76 68 69 76
6 86 6 37 59 64 86
23 32 23 32
14 67 14 28 37 51 67
34 71 34 59 64 71
57 65 57 63 65
4 74 4 30 44 55 58 68 74
12 37 12 37
4 55 4 30 44 55
53 84 53 84
12 44 12 44
3 83 3 37 51 80 81 83
1 49 1 2 33 49
51 89 51 59 89
51 83 51 80 81 83
1 51 1 2 23 37 51
14 25 14 25
23 37 23 37
7 89 7 89
56 74 56 74
28 87 28 41 49 72 87
42 59 42 51 59
13 42 13 26 42
58 82 58 67 82
37 49 37 49
45 71 45 64 71
14 72 14 25 35 39 58 67 72
7 57 7 57
28 87 28 35 39 87
0 35 0 13 26 28 35
7 70 7 14 28 41 70
17 84 17 20 55 84
41 69 41 49 69
57 78 57 78
31 84 31 43 44 79 84
34 81 34 48 75 80 81
1 26 1 13 26
22 68 22 43 44 55 58 68
42 71 42 51 59 64 71
4 51 4 23 37 51
42 89 42 51 59 89
39 65 39 65
19 80 19 43 52 80
20 65 20 39 65
11 89 11 59 89
52 64 52 64
39 88 39 58 67 72 88
10 61 10 17 33 61
48 82 48 52 64 82
19 81 19 43 52 80 81
19 81 19 43 52 80 81
26 71 26 42 51 59 64 71
18 40 18 20 40
57 82 57 82
20 73 20 73
64 86 64 86
45 83 45 83
72 87 72 87
81 83 81 83
15 63 15 26 28 41 63
13 68 13 68
5 29 5 6 16 29
3 27 3 27
23 48 23 37 48
67 72 67 72
12 68 12 44 55 58 68
14 37 14 28 37
2 66 2 23 66
49 76 49 69 76
3 87 3 9 20 55 58 67 72 87
17 55 17 20 55
47 80 47 75 80
13 84 13 84
34 84 34 79 84
10 40 10 17 20 40
7 42 7 14 42
75 82 75 82
44 89 44 79 84 89
48 82 48 52 64 71 82
1 58 1 39 58
1 23 1 2 23
0 61 0 10 17 33 61
4 86 4 23 37 51 86
3 67 3 30 44 55 58 67
0 24 0 10 24
16 68 16 35 39 58 68
24 67 24 27 44 55 58 67
0 87 0 10 24 27 44 55 58 67 72 87
31 69 31 68 69
13 51 13 26 28 37 51
48 77 48 52 77
52 83 52 80 81 83
5 71 5 6 31 43 52 64 71
7 70 7 14 28 41 70
58 74 58 68 74
33 80 33 51 80
20 65 20 39 65
36 87 36 37 51 67 72 87
5 71 5 64 71
51 72 51 67 72
55 58 55 58
38 89 38 89
17 82 17 70 82
15 68 15 22 43 44 55 58 68
30 58 30 44 55 58
3 49 3 37 49
19 88 19 62 72 88
57 72 57 72
24 89 24 27 79 84 89
33 49 33 49
21 63 21 26 28 41 63
13 28 13 28
26 80 26 28 37 52 80
1 40 1 7 14 25 40
34 80 34 48 52 80
18 87 18 20 39 58 67 72 87
64 82 64 82
6 76 6 16 35 39 58 68 69 76
43 89 43 44 79 84 89
66 89 66 77 89
43 87 43 87
8 28 8 28
39 68 39 58 68
28 41 28 41
39 68 39 58 68
43 71 43 52 71
36 49 36 37 49
10 49 10 17 33 49
15 74 15 26 28 68 74
30 77 30 44 55 58 77
31 43 31 43
3 76 3 9 20 39 58 68 69 76
19 89 19 43 44 79 84 89
14 84 14 34 79 84
18 48 18 22 34 48
7 57 7 57
3 79 3 27 44 79
16 68 16 35 39 58 68
9 64 9 20 56 64
50 60 50 60
10 86 10 24 27 44 55 67 72 86
25 89 25 79 84 89
67 73 67 73
10 48 10 30 48
28 73 28 37 51 67 73
49 76 49 69 76
12 51 12 37 51
45 86 45 64 86
10 64 10 17 20 56 64
8 9 8 9
0 80 0 10 17 33 51 80
15 22 15 22
12 24 12 24
21 63 21 26 28 41 63
54 86 54 86
25 63 25 63
8 60 8 41 50 60
52 64 52 64
2 56 2 9 20 56
55 58 55 58
66 89 66 77 89
0 77 0 20 55 58 77
15 48 15 26 28 37 48
75 88 75 88
25 40 25 40
23 82 23 37 51 59 64 71 82
12 24 12 24
39 73 39 58 67 73
10 82 10 48 52 71 82
18 22 18 22
25 87 25 35 39 87
6 59 6 37 51 59
2 9 2 9
4 72 4 23 49 72
26 73 26 28 35 39 58 67 73
7 55 7 43 44 55
3 64 3 30 48 52 64
64 86 64 86
18 78 18 20 40 78
17 73 17 33 51 67 73
71 82 71 82
30 44 30 44
44 67 44 55 58 67
1 81 1 2 23 37 52 80 81
48 75 48 75
31 89 31 43 44 79 84 89
17 76 17 58 68 69 76
3 76 3 30 44 55 58 68 69 76
67 88 67 72 88
3 62 3 9 62
14 85 14 25 85
1 87 1 39 87
13 62 13 26 42 62
35 82 35 39 58 67 82
43 44 43 44
37 49 37 49
19 43 19 43
1 57 1 7 57
12 49 12 37 49
36 59 36 59
57 82 57 82
5 72 5 72
14 48 14 34 48
33 62 33 62
15 82 15 22 43 52 71 82
8 87 8 62 72 87
1 81 1 7 43 52 80 81
48 80 48 52 80
8 40 8 9 20 40
12 45 12 45
8 70 8 41 70
15 48 15 30 48
43 72 43 44 55 67 72
28 41 28 41
53 80 53 80
6 71 6 16 29 48 52 64 71
57 78 57 78
18 73 18 20 55 67 73
1 44 1 7 43 44
28 60 28 41 50 60
9 87 9 62 72 87
6 72 6 37 49 72
14 74 14 25 35 39 58 68 74
39 76 39 76
17 49 17 33 49
6 56 6 31 56
14 33 14 25 33
18 71 18 20 56 64 71
28 60 28 41 50 60
13 35 13 28 35
0 51 0 10 17 33 51
55 84 55 84
15 55 15 22 31 43 44 55
2 87 2 9 62 72 87
81 83 81 83
13 60 13 28 41 50 60
0 84 0 13 84
22 75 22 34 48 75
23 66 23 66
7 55 7 43 44 55
48 75 48 75
7 57 7 14 28 41 57
21 72 21 58 67 72
15 22 15 22
14 61 14 25 33 61
0 51 0 10 17 33 51
62 86 62 72 86
14 73 14 28 35 39 58 67 73
8 60 8 28 41 50 60
19 88 19 62 72 88
10 78 10 24 27 78
0 84 0 27 44 55 84
15 82 15 30 48 52 64 71 82
2 80 2 23 37 51 80
57 82 57 82
51 82 51 67 82
51 59 51 59
33 72 33 49 72
7 68 7 43 44 55 58 68
51 81 51 80 81
2 9 2 9
55 77 55 58 77
17 84 17 20 55 84
21 51 21 26 42 51
21 77 21 58 77
42 62 42 62
36 50 36 50
2 20 2 9 20
6 86 6 37 48 52 64 86
28 59 28 35 59
17 20 17 20
48 77 48 52 77
20 89 20 39 58 77 89
42 89 42 51 59 89
42 67 42 51 67
31 80 31 43 52 80
25 38 25 38
24 83 24 27 44 79 83
23 72 23 37 49 72
40 78 40 78
6 87 6 37 49 72 87
3 64 3 64
1 13 1 13
47 75 47 75
4 66 4 23 66
2 87 2 9 62 72 87
9 87 9 20 39 87
58 86 58 67 72 86
16 86 16 35 39 58 67 72 86
41 70 41 70
7 37 7 14 28 37
36 86 36 37 59 64 86
24 76 24 27 44 55 58 68 69 76
42 67 42 51 67
8 35 8 28 35
18 22 18 22
10 59 10 17 33 51 59
10 49 10 17 33 49
26 83 26 42 51 80 81 83
1 70 1 13 28 41 70
19 64 19 43 52 64
10 33 10 17 33
62 72 62 72
43 55 43 44 55
2 33 2 33
10 24 10 24
7 52 7 43 52
43 73 43 44 55 58 67 73
10 87 10 24 27 44 55 58 67 72 87
67 82 67 82
30 44 30 44
42 83 42 51 80 81 83
20 56 20 56
38 89 38 89
24 73 24 27 44 55 58 67 73
3 9 3 9
20 73 20 55 67 73
16 88 16 29 48 88
12 73 12 37 51 67 73
1 74 1 39 58 68 74
53 80 53 80
14 51 14 42 51
53 89 53 84 89
14 85 14 25 85
25 35 25 35
15 69 15 22 31 68 69
15 34 15 22 34
15 79 15 30 34 79
44 67 44 55 67
23 48 23 37 48
5 71 5 52 64 71
49 88 49 72 88
39 77 39 58 77
58 77 58 77
27 58 27 44 55 58
55 74 55 58 68 74
28 35 28 35
49 69 49 69
30 67 30 44 55 67
37 82 37 48 52 71 82
16 74 16 35 39 58 68 74
50 82 50 82
42 67 42 51 67
0 24 0 10 24
16 87 16 87
0 33 0 10 17 33
33 78 33 78
58 82 58 67 82
2 74 2 9 20 56 74
9 40 9 20 40
14 85 14 25 85
18 69 18 20 40 68 69
39 65 39 65
14 51 14 25 33 51
2 80 2 33 51 80
28 39 28 35 39
57 82 57 82
17 64 17 33 51 59 64
51 82 51 59 64 71 82
14 72 14 42 51 67 72
1 58 1 39 58
13 76 13 26 28 35 39 58 68 69 76
42 51 42 51
25 87 25 62 72 87
12 24 12 24
10 75 10 30 34 48 75
17 69 17 58 68 69
18 31 18 22 31
51 86 51 86
57 86 57 72 86
18 39 18 20 39
2 78 2 33 78
1 43 1 7 43
48 52 48 52
10 30 10 30
8 9 8 9
41 49 41 49
17 76 17 58 68 69 76
21 71 21 26 28 35 59 64 71
27 72 27 44 55 58 67 72
26 37 26 28 37
17 83 17 70 81 83
4 69 4 49 69
12 49 12 37 49
23 49 23 37 49
40 78 40 78
67 86 67 72 86
16 64 16 35 59 64
6 79 6 31 43 44 79
9 62 9 62
13 64 13 26 28 35 59 64
33 78 33 78
55 82 55 67 82
5 71 5 64 71
55 77 55 58 77
2 48 2 23 37 48
4 70 4 70
40 68 40 68
7 52 7 14 28 37 52
33 59 33 51 59
36 80 36 37 51 80
21 62 21 42 62
54 81 54 81
12 37 12 37
7 77 7 43 44 55 58 77
13 48 13 29 48
14 61 14 25 33 61
10 71 10 48 52 64 71
10 82 10 48 75 82
75 81 75 80 81
17 69 17 33 49 69
4 70 4 70
14 61 14 25 33 61
57 86 57 72 86
3 34 3 30 34
31 84 31 43 44 55 84
71 82 71 82
66 77 66 77
8 70 8 28 41 70
17 78 17 20 40 78
21 82 21 26 28 41 70 82
15 30 15 30
8 89 8 9 20 55 84 89
52 71 52 71
10 82 10 17 20 39 58 67 82
15 44 15 22 43 44
9 72 9 20 55 67 72
11 89 11 59 89
14 65 14 28 41 57 63 65
23 66 23 66
14 25 14 25
0 89 0 27 44 79 84 89
33 72 33 51 67 72
6 49 6 37 49
57 72 57 72
7 78 7 14 25 33 78
7 57 7 57
11 59 11 59
12 59 12 37 59
9 72 9 62 72
9 64 9 20 56 64
0 33 0 10 17 33
13 83 13 29 48 52 80 81 83
22 76 22 31 43 44 55 58 68 69 76
22 81 22 43 52 80 81
36 71 36 59 64 71
18 65 18 20 39 65
8 71 8 28 37 51 59 64 71
48 82 48 52 64 82
36 67 36 37 51 67
0 45 0 45
45 71 45 64 71
11 71 11 59 64 71
67 72 67 72
0 80 0 13 29 48 52 80
0 59 0 13 28 35 59
9 62 9 62
58 74 58 68 74
17 33 17 33
7 84 7 43 44 55 84
1 2 1 2
37 69 37 49 69
0 84 0 20 55 84
33 80 33 51 80
10 82 10 30 44 55 58 67 82
51 81 51 80 81
15 79 15 30 34 79
26 42 26 42
4 72 4 30 44 55 67 72
24 71 24 71
42 72 42 51 67 72
19 88 19 43 44 79 88
18 34 18 22 34
2 89 2 33 51 59 89
42 82 42 51 59 64 71 82
20 88 20 55 67 72 88
6 71 6 71
70 82 70 82
19 38 19 38
29 89 29 48 52 77 89
8 28 8 28
36 59 36 59
13 75 13 29 48 75
58 74 58 68 74
41 78 41 57 78
10 24 10 24
0 24 0 10 24
19 58 19 43 44 55 58
21 74 21 26 28 68 74
8 70 8 28 41 70
2 52 2 23 37 52
53 89 53 84 89
31 69 31 43 44 55 58 68 69
23 78 23 66 78
57 65 57 63 65
13 77 13 29 48 52 77
0 89 0 27 79 84 89
11 76 11 68 69 76
2 56 2 56
27 78 27 78
39 69 39 58 68 69
15 58 15 22 31 43 44 55 58
26 72 26 42 62 72
19 43 19 43
21 72 21 58 67 72
14 38 14 25 38
16 67 16 35 39 58 67
35 59 35 59
55 82 55 58 67 82
1 39 1 7 14 28 35 39
39 65 39 65
62 86 62 72 86
7 37 7 14 28 37
15 82 15 22 34 59 64 82
8 9 8 9
9 72 9 62 72
42 87 42 62 72 87
11 89 11 59 89
49 72 49 72
0 20 0 10 17 20
8 9 8 9
38 89 38 89
34 71 34 59 64 71
33 72 33 62 72
20 86 20 55 67 72 86
23 49 23 37 49
6 69 6 31 68 69
31 43 31 43
11 71 11 59 64 71
3 49 3 37 49
43 55 43 44 55
22 48 22 34 48
12 49 12 37 49
18 84 18 22 34 79 84
24 83 24 27 44 79 83
10 70 10 17 70
20 40 20 40
35 39 35 39
13 51 13 28 37 51
18 71 18 59 64 71
41 63 41 63
27 89 27 44 55 84 89
58 68 58 68
43 55 43 44 55
12 52 12 37 48 52
79 88 79 88
52 89 52 77 89
1 37 1 7 14 28 37
55 82 55 58 67 82
0 48 0 13 29 48
47 83 47 80 81 83
18 22 18 22
10 30 10 30
23 78 23 66 78
17 76 17 58 68 69 76
72 88 72 88
3 76 3 9 20 55 58 68 69 76
12 84 12 84
3 27 3 27
53 88 53 88
13 28 13 26 28
7 85 7 14 25 85
18 82 18 20 39 58 67 82
5 79 5 6 31 43 44 79
38 65 38 65
45 86 45 64 86
22 75 22 34 48 75
5 65 5 6 16 35 39 65
17 77 17 20 55 58 77
44 67 44 55 67
21 83 21 26 42 51 80 81 83
42 62 42 62
4 72 4 49 72
2 48 2 23 37 48
7 85 7 14 25 85
5 37 5 6 37
4 84 4 30 44 55 84
2 82 2 23 37 59 64 82
4 52 4 23 37 48 52
18 72 18 20 39 58 67 72
3 76 3 27 44 55 58 68 69 76
18 65 18 20 39 65
7 42 7 14 42
13 84 13 20 55 84
62 86 62 72 86
10 75 10 30 48 75
1 41 1 13 28 41
4 72 4 23 37 51 67 72
7 62 7 14 25 33 62
0 56 0 10 17 20 56
5 6 5 6
24 55 24 27 44 55
11 82 11 59 64 82
13 89 13 20 55 58 77 89
18 79 18 22 43 44 79
17 32 17 32
34 79 34 79
22 81 22 34 48 52 80 81
10 71 10 30 34 59 64 71
51 81 51 80 81
21 62 21 26 42 62
51 89 51 59 89
59 89 59 89
37 52 37 48 52
7 43 7 43
51 89 51 59 89
3 87 3 30 44 55 58 67 72 87
22 59 22 34 59
8 70 8 28 41 70
28 70 28 41 70
28 60 28 41 50 60
58 74 58 68 74
34 64 34 48 52 64
5 72 5 72
7 14 7 14
3 78 3 27 78
33 64 33 51 59 64
15 87 15 30 44 55 67 72 87
21 42 21 42
29 88 29 48 88
6 29 6 16 29
39 88 39 58 67 72 88
14 33 14 25 33
36 52 36 37 48 52
25 89 25 35 39 58 77 89
39 76 39 58 68 69 76
28 86 28 41 57 72 86
34 81 34 48 75 80 81
19 64 19 43 52 64
40 68 40 68
16 71 16 35 59 64 71
25 61 25 33 61
37 76 37 49 69 76
67 87 67 72 87
19 56 19 56
42 73 42 51 67 73
51 80 51 80
30 48 30 48
44 55 44 55
8 71 8 28 64 71
21 71 21 26 28 35 59 64 71
53 89 53 84 89
12 84 12 44 55 84
22 81 22 34 48 75 80 81
6 37 6 37
21 81 21 42 51 80 81
5 89 5 79 84 89
44 89 44 79 84 89
22 58 22 31 43 44 55 58
0 59 0 10 30 34 59
15 55 15 30 44 55
15 86 15 22 34 48 52 64 86
34 52 34 48 52
47 83 47 75 80 81 83
22 34 22 34
0 76 0 20 55 58 68 69 76
19 77 19 43 52 77
62 86 62 72 86
33 71 33 51 59 64 71
3 62 3 9 62
1 64 1 37 48 52 64
42 72 42 51 67 72
13 74 13 28 68 74
7 34 7 14 34
8 41 8 41
10 61 10 17 33 61
33 80 33 51 80
23 82 23 37 51 67 82
84 89 84 89
26 65 26 28 41 63 65
50 82 50 82
43 72 43 44 55 58 67 72
58 76 58 68 69 76
56 82 56 82
0 37 0 13 26 28 37
17 83 17 33 51 80 81 83
6 51 6 37 51
53 81 53 80 81
22 31 22 31
6 55 6 31 43 44 55
22 34 22 34
2 33 2 33
19 80 19 43 52 80
62 72 62 72
41 50 41 50
21 39 21 26 28 35 39
11 64 11 59 64
18 43 18 22 43
27 77 27 44 55 58 77
1 37 1 2 23 37
26 59 26 28 35 59
6 16 6 16
28 63 28 41 57 63
55 74 55 58 68 74
18 22 18 22
2 59 2 23 37 51 59
4 76 4 30 44 55 58 68 69 76
57 63 57 63
45 82 45 50 82
39 87 39 87
15 39 15 26 28 35 39
39 87 39 87
0 33 0 10 17 33
20 89 20 39 58 77 89
12 68 12 24 27 44 55 58 68
2 81 2 33 51 80 81
26 71 26 28 37 52 71
2 48 2 23 37 48
1 49 1 2 33 49
8 73 8 28 37 51 67 73
17 84 17 20 55 84
52 80 52 80
10 64 10 30 34 48 52 64
43 44 43 44
0 84 0 13 20 55 84
40 76 40 68 69 76
15 71 15 26 28 35 59 64 71
37 72 37 49 72
5 75 5 75
17 69 17 20 39 58 68 69
6 44 6 31 43 44
36 81 36 37 48 75 80 81
14 49 14 25 33 49
11 89 11 59 89
22 76 22 31 43 44 55 58 68 69 76
1 58 1 13 26 28 35 39 58
13 60 13 60
22 68 22 31 43 44 55 58 68
19 84 19 43 44 84
79 88 79 88
67 86 67 72 86
12 52 12 29 48 52
75 88 75 88
33 78 33 78
1 57 1 7 14 28 41 57
5 82 5 6 31 43 52 71 82
0 77 0 27 44 55 58 77
67 72 67 72
55 68 55 58 68
31 64 31 56 64
34 77 34 48 52 77
9 74 9 20 55 58 68 74
13 74 13 20 55 58 68 74
19 77 19 43 52 77
54 83 54 81 83
9 71 9 20 56 64 71
10 51 10 17 33 51
43 72 43 44 55 58 67 72
2 86 2 56 64 86
31 84 31 43 44 79 84
14 40 14 25 40
62 72 62 72
26 82 26 42 51 67 82
0 76 0 27 44 55 58 68 69 76
28 52 28 37 48 52
19 84 19 43 44 84
31 56 31 56
10 30 10 30
0 13 0 13
23 48 23 37 48
26 76 26 28 35 39 58 68 69 76
24 27 24 27
33 64 33 51 59 64
6 29 6 16 29
10 69 10 24 27 44 55 58 68 69
15 43 15 22 43
23 66 23 66
28 86 28 64 86
26 48 26 28 37 48
0 86 0 13 26 28 64 86
12 59 12 37 59
51 89 51 59 89
24 86 24 27 44 55 67 72 86
17 84 17 20 55 84
4 32 4 23 32
7 52 7 14 34 48 52
12 68 12 44 55 58 68
12 29 12 29
57 82 57 82
75 88 75 88
4 87 4 30 44 55 58 67 72 87
14 48 14 34 48
1 23 1 2 23
20 65 20 39 65
21 57 21 26 28 41 57
37 82 37 59 64 82
24 76 24 27 44 55 58 68 69 76
47 75 47 75
36 83 36 81 83
3 55 3 27 44 55
43 87 43 87
14 86 14 25 35 59 64 86
37 51 37 51
31 68 31 68
17 78 17 78
37 69 37 49 69
13 67 13 26 42 51 67
17 61 17 33 61
14 84 14 34 79 84
25 65 25 63 65
10 64 10 30 48 52 64
7 48 7 14 34 48
2 78 2 33 78
13 28 13 28
25 35 25 35
28 37 28 37
14 67 14 42 51 67
5 49 5 6 37 49
8 76 8 40 68 69 76
72 88 72 88
0 84 0 13 84
26 71 26 28 35 59 64 71
28 41 28 41
12 75 12 75
34 86 34 48 52 64 86
20 88 20 55 67 72 88
24 76 24 27 44 55 58 68 69 76
14 83 14 42 51 80 81 83
50 82 50 82
48 80 48 52 80
0 40 0 10 17 20 40
0 84 0 13 20 55 84
3 48 3 30 48
20 56 20 56
41 63 41 57 63
34 84 34 79 84
29 89 29 48 52 77 89
10 74 10 24 27 44 55 58 68 74
10 51 10 17 33 51
13 77 13 26 28 77
67 86 67 72 86
34 52 34 48 52
2 48 2 23 37 48
39 67 39 58 67
34 80 34 48 75 80
36 86 36 59 64 86
53 81 53 80 81
3 79 3 27 44 79
22 43 22 43
10 74 10 24 27 44 55 58 68 74
1 85 1 7 14 25 85
9 89 9 20 39 58 77 89
12 75 12 75
9 89 9 20 39 58 77 89
1 26 1 13 26
15 74 15 22 31 68 74
58 86 58 67 72 86
3 9 3 9
16 82 16 35 39 58 67 82
27 74 27 44 55 58 68 74
2 82 2 9 20 56 64 71 82
7 83 7 14 25 33 51 80 81 83
4 66 4 23 66
14 25 14 25
6 16 6 16
21 51 21 42 51
54 83 54 81 83
59 82 59 64 71 82
4 30 4 30
8 74 8 40 68 74
8 82 8 41 70 82
7 69 7 43 44 55 58 68 69
5 35 5 6 16 35
0 27 0 27
25 39 25 35 39
19 82 19 43 44 55 58 67 82
24 27 24 27
23 72 23 37 72
18 20 18 20
16 77 16 29 48 52 77
14 52 14 34 48 52
30 82 30 48 75 82
17 82 17 20 39 58 67 82
21 39 21 26 28 35 39
3 82 3 27 44 55 67 82
1 68 1 2 9 20 40 68
13 89 13 28 35 39 58 77 89
25 87 25 62 72 87
42 51 42 51
18 69 18 20 39 58 68 69
4 76 4 23 49 69 76
26 73 26 73
34 86 34 86
27 89 27 44 79 84 89
18 71 18 20 56 64 71
21 82 21 42 51 67 82
7 63 7 57 63
55 68 55 58 68
15 58 15 30 44 55 58
22 48 22 34 48
12 44 12 24 27 44
43 71 43 52 64 71
10 68 10 24 27 44 55 58 68
31 86 31 56 64 86
44 84 44 55 84
3 88 3 30 34 48 75 88
10 62 10 17 33 62
34 79 34 79
33 59 33 51 59
25 39 25 35 39
54 81 54 81
43 52 43 52
8 40 8 40
35 76 35 39 58 68 69 76
18 40 18 20 40
4 88 4 30 48 88
5 72 5 72
26 39 26 28 35 39
7 49 7 14 25 33 49
55 84 55 84
31 80 31 43 52 80
1 73 1 13 20 73
28 35 28 35
0 57 0 13 28 41 57
25 77 25 35 39 58 77
23 75 23 37 48 75
68 69 68 69
21 74 21 58 68 74
53 84 53 84
15 87 15 26 42 62 72 87
39 82 39 58 67 82
0 69 0 13 68 69
23 71 23 37 59 64 71
14 48 14 28 37 48
56 64 56 64
4 82 4 30 44 55 67 82
58 68 58 68
10 48 10 48
13 35 13 26 28 35
4 89 4 30 34 59 89
7 37 7 14 28 37
14 51 14 28 37 51
25 89 25 35 39 58 77 89
48 64 48 52 64
2 77 2 9 20 39 58 77
10 62 10 17 33 62
33 59 33 51 59
33 80 33 51 80
17 70 17 70
14 59 14 42 51 59
16 68 16 35 39 58 68
1 40 1 2 9 20 40
43 52 43 52
3 48 3 37 48
14 67 14 42 51 67
39 77 39 58 77
44 79 44 79
35 68 35 39 58 68
0 56 0 20 56
11 76 11 68 69 76
39 77 39 58 77
14 38 14 25 38
6 86 6 86
25 49 25 33 49
9 64 9 20 56 64
28 52 28 37 48 52
18 34 18 22 34
23 78 23 66 78
26 76 26 28 41 76
14 49 14 25 33 49
8 28 8 28
7 35 7 14 28 35
33 62 33 62
19 76 19 43 44 55 58 68 69 76
34 48 34 48
39 76 39 76
7 85 7 14 25 85
70 82 70 82
15 74 15 26 28 68 74
18 72 18 22 43 44 55 58 67 72
4 86 4 30 48 52 64 86
13 84 13 20 55 84
14 73 14 42 51 67 73
3 64 3 64
48 75 48 75
2 89 2 9 20 55 58 77 89
30 44 30 44
8 35 8 28 35
17 74 17 58 68 74
5 65 5 6 16 35 39 65
8 75 8 28 37 48 75
43 73 43 44 55 67 73
28 58 28 35 39 58
7 43 7 43
12 44 12 24 27 44
18 22 18 22
4 69 4 23 49 69
24 79 24 27 44 79
21 63 21 26 28 41 63
22 58 22 43 44 55 58
33 59 33 51 59
27 44 27 44
64 82 64 82
21 77 21 58 77
71 82 71 82
21 71 21 42 51 59 64 71
42 64 42 51 59 64
19 58 19 43 44 55 58
20 56 20 56
18 75 18 22 34 48 75
18 58 18 20 55 58
14 59 14 34 59
10 70 10 17 70
9 40 9 20 40
10 48 10 30 48
7 55 7 43 44 55
43 87 43 87
18 43 18 22 31 43
55 84 55 84
1 65 1 13 26 28 35 39 65
34 77 34 48 52 77
4 52 4 30 34 48 52
3 69 3 9 20 40 68 69
18 20 18 20
42 62 42 62
17 82 17 58 67 82
15 87 15 26 42 51 67 72 87
25 85 25 85
21 37 21 26 28 37
10 78 10 17 33 78
4 30 4 30
15 86 15 22 31 56 64 86
36 75 36 37 48 75
17 73 17 33 51 67 73
5 89 5 89
10 71 10 48 52 64 71
26 80 26 42 51 80
14 58 14 25 35 39 58
22 68 22 31 68
22 81 22 34 48 75 80 81
33 72 33 49 72
45 77 45 77
43 72 43 44 55 58 67 72
27 72 27 44 55 67 72
38 65 38 65
34 86 34 86
51 82 51 59 64 71 82
1 13 1 13
67 73 67 73
18 65 18 20 39 65
22 31 22 31
12 60 12 50 60
14 61 14 25 33 61
25 79 25 79
10 82 10 17 70 82
0 45 0 45
12 66 12 66
15 58 15 22 43 44 55 58
67 73 67 73
42 89 42 51 59 89
8 60 8 41 50 60
12 60 12 60
45 64 45 64
14 48 14 28 37 48
27 76 27 44 55 58 68 69 76
13 75 13 26 28 37 48 75
0 89 0 13 20 55 84 89
5 35 5 6 16 35
26 42 26 42
33 80 33 51 80
70 81 70 81
36 48 36 37 48
31 55 31 43 44 55
25 79 25 79
22 64 22 31 43 52 64
2 56 2 9 20 56
12 84 12 24 27 44 55 84
25 33 25 33
2 66 2 23 66
1 70 1 7 14 28 41 70
31 86 31 56 64 86
18 22 18 22
1 55 1 7 43 44 55
7 34 7 14 34
79 83 79 83
4 59 4 30 34 59
1 87 1 13 26 28 35 39 58 67 72 87
4 49 4 49
16 86 16 86
53 80 53 80
5 71 5 52 64 71
7 39 7 14 25 35 39
2 59 2 23 37 59
7 70 7 14 28 41 70
17 74 17 58 68 74
37 49 37 49
45 50 45 50
36 71 36 59 64 71
3 9 3 9
14 52 14 28 37 52
0 48 0 10 30 48
39 82 39 58 67 82
10 64 10 30 48 52 64
8 40 8 40
23 37 23 37
3 79 3 27 44 79
3 69 3 30 44 55 58 68 69
3 68 3 30 44 55 58 68
10 59 10 30 34 59
41 88 41 49 72 88
4 83 4 70 81 83
27 44 27 44
13 50 13 28 41 50
14 67 14 25 35 39 58 67
15 44 15 22 43 44
22 64 22 43 52 64
30 82 30 44 55 58 67 82
33 89 33 51 59 89
5 52 5 6 37 48 52
41 76 41 76
15 63 15 26 28 41 57 63
7 84 7 14 34 79 84
12 49 12 37 49
20 87 20 39 87
12 75 12 75
7 89 7 89
2 59 2 33 51 59
0 35 0 13 28 35
14 38 14 25 38
11 76 11 68 69 76
26 28 26 28
30 58 30 44 55 58
25 79 25 79
39 89 39 58 77 89
7 59 7 14 59
18 69 18 22 43 44 55 58 68 69
48 75 48 75
28 51 28 37 51
21 82 21 42 51 67 82
15 44 15 22 31 43 44
2 23 2 23
8 62 8 62
7 62 7 62
49 87 49 72 87
6 37 6 37
6 44 6 31 43 44
41 78 41 57 78
35 64 35 59 64
13 77 13 29 48 52 77
25 89 25 33 51 59 89
9 86 9 62 72 86
29 52 29 48 52
31 64 31 43 52 64
39 58 39 58
45 77 45 77
28 48 28 37 48
25 84 25 79 84
18 48 18 22 34 48
21 77 21 58 77
4 23 4 23
44 83 44 79 83
4 64 4 23 37 48 52 64
0 78 0 20 40 78
20 65 20 39 65
13 59 13 26 28 35 59
13 35 13 26 28 35
6 49 6 37 49
12 49 12 37 49
6 16 6 16
28 58 28 35 39 58
8 41 8 28 41
4 89 4 30 34 79 84 89
18 31 18 22 31
51 72 51 67 72
25 61 25 33 61
25 40 25 40
4 82 4 70 82
10 39 10 17 20 39
56 82 56 82
5 75 5 75
0 26 0 13 26
43 89 43 52 77 89
2 56 2 56
57 65 57 63 65
37 77 37 52 77
5 76 5 6 16 35 39 58 68 69 76
10 62 10 17 33 62
8 35 8 28 35
14 37 14 28 37
2 59 2 23 37 51 59
14 41 14 28 41
13 55 13 20 55
30 77 30 48 52 77
29 89 29 48 52 77 89
3 62 3 9 62
44 55 44 55
59 64 59 64
28 37 28 37
17 64 17 33 51 59 64
35 82 35 59 64 71 82
9 74 9 20 40 68 74
26 37 26 28 37
6 79 6 31 43 44 79
9 86 9 62 72 86
20 39 20 39
30 34 30 34
16 29 16 29
15 89 15 26 42 51 59 89
79 88 79 88
17 78 17 78
55 82 55 67 82
6 64 6 37 52 64
13 51 13 28 37 51
25 76 25 33 49 76
43 52 43 52
12 45 12 45
35 82 35 59 64 82
23 86 23 37 72 86
14 74 14 25 40 68 74
55 73 55 58 67 73
21 37 21 26 28 37
34 52 34 48 52
25 77 25 35 39 58 77
4 59 4 23 37 59
7 14 7 14
15 68 15 26 28 35 39 58 68
14 74 14 28 68 74
28 73 28 37 51 67 73
80 83 80 81 83
5 72 5 72
42 59 42 51 59
0 81 0 10 17 70 81
22 43 22 31 43
44 89 44 55 84 89
33 76 33 49 76
18 87 18 22 43 44 55 58 67 72 87
2 20 2 9 20
14 86 14 59 64 86
24 27 24 27
10 78 10 24 27 78
2 78 2 23 66 78
3 30 3 30
8 35 8 28 35
13 82 13 28 82
14 59 14 34 59
7 83 7 14 42 51 80 81 83
4 74 4 30 44 55 58 68 74
0 34 0 10 30 34
