25 56 25 28 38 56
30 73 30 56 60 73
24 46 24 36 41 46
34 62 34 39 62
2 74 2 39 62 65 74
35 71 35 49 66 71
4 32 4 19 32
13 86 13 42 63 66 72 86
19 61 19 58 61
40 89 40 66 72 89
45 84 45 78 84
25 31 25 31
41 76 41 59 64 76
7 86 7 36 41 72 86
28 57 28 38 56 57
1 57 1 30 56 57
25 86 25 51 71 86
11 72 11 43 47 66 72
40 79 40 44 64 65 79
55 72 55 72
3 68 3 45 56 57 68
42 71 42 63 66 71
13 74 13 31 37 58 60 64 65 74
28 66 28 34 39 63 66
16 47 16 43 47
7 69 7 9 54 58 69
42 77 42 54 77
47 66 47 66
11 58 11 17 29 36 41 58
39 69 39 69
56 60 56 60
5 35 5 7 35
22 73 22 52 60 73
53 82 53 57 60 64 80 82
20 82 20 37 82
29 74 29 35 55 65 74
12 34 12 18 34
4 77 4 42 61 71 77
1 32 1 32
50 62 50 62
43 77 43 47 66 71 77
44 72 44 72
50 71 50 52 61 71
20 48 20 25 28 48
27 39 27 39
32 67 32 42 54 58 67
30 73 30 31 49 73
16 51 16 36 51
1 76 1 50 76
22 62 22 53 56 62
11 37 11 17 29 37
11 54 11 17 42 54
15 85 15 45 56 57 64 85
49 87 49 52 80 82 87
28 51 28 38 51
14 58 14 24 58
8 40 8 12 18 25 40
47 83 47 74 83
37 85 37 85
20 48 20 25 28 48
59 75 59 74 75
35 62 35 49 62
39 89 39 89
3 37 3 8 37
56 72 56 63 66 72
28 45 28 45
15 51 15 38 51
18 44 18 25 40 44
3 73 3 33 58 73
9 57 9 15 28 53 56 57
46 80 46 78 80
32 70 32 34 39 70
4 69 4 42 69
2 34 2 32 34
18 36 18 36
42 61 42 54 61
49 87 49 78 80 82 87
37 86 37 71 86
24 41 24 36 41
12 47 12 47
34 77 34 77
22 53 22 53
42 76 42 46 64 76
4 67 4 42 54 67
8 34 8 12 28 34
38 86 38 58 80 82 86
59 84 59 78 84
52 85 52 60 64 85
32 67 32 67
32 67 32 67
57 60 57 60
42 63 42 63
31 75 31 49 75
29 66 29 48 63 66
7 36 7 36
48 78 48 78
47 76 47 76
9 80 9 50 80
50 77 50 52 61 71 77
34 89 34 65 74 89
46 74 46 64 65 74
53 64 53 57 60 64
40 85 40 64 85
3 48 3 8 29 48
25 66 25 43 47 66
19 67 19 42 54 67
17 44 17 40 44
16 39 16 34 39
6 51 6 24 36 51
51 84 51 78 84
31 88 31 49 88
43 86 43 82 86
14 84 14 59 78 84
23 34 23 25 28 34
15 60 15 38 58 60
4 32 4 19 32
8 32 8 12 21 32
11 64 11 58 60 64
39 73 39 60 73
45 80 45 56 60 64 80
34 89 34 65 74 89
17 47 17 29 43 47
34 60 34 39 60
7 69 7 42 69
5 49 5 7 23 25 31 49
57 60 57 60
58 73 58 60 73
10 58 10 22 33 58
23 55 23 29 35 55
30 67 30 31 49 67
38 68 38 68
43 88 43 68 88
25 51 25 28 38 51
48 86 48 63 66 71 86
4 34 4 26 34
21 71 21 34 39 61 71
54 67 54 58 67
36 82 36 80 82
11 82 11 43 82
1 38 1 14 38
11 34 11 17 34
32 88 32 59 88
38 71 38 63 66 71
11 54 11 17 42 54
19 75 19 45 56 60 64 65 74 75
27 85 27 46 64 85
54 71 54 61 71
11 57 11 38 56 57
24 69 24 43 69
21 41 21 29 36 41
27 87 27 39 63 66 77 87
53 73 53 57 60 73
51 80 51 80
46 82 46 80 82
27 52 27 35 49 52
40 78 40 78
50 86 50 80 82 86
8 54 8 54
36 82 36 60 64 80 82
19 62 19 45 56 62
53 73 53 56 60 73
3 55 3 8 12 29 35 55
35 70 35 70
35 61 35 49 52 61
14 53 14 53
26 89 26 39 74 89
40 72 40 45 56 57 66 72
24 52 24 35 49 52
38 69 38 51 69
57 85 57 60 64 85
22 61 22 49 52 61
18 32 18 32
48 87 48 78 80 82 87
23 48 23 25 28 48
51 79 51 65 79
23 43 23 29 36 43
50 85 50 52 60 64 85
7 35 7 35
36 81 36 43 47 70 81
11 63 11 30 31 63
24 73 24 36 60 73
18 56 18 32 45 56
25 61 25 43 61
23 65 23 39 65
19 33 19 33
10 86 10 43 47 66 72 86
8 42 8 12 42
53 86 53 61 71 86
7 80 7 35 49 52 60 64 80
40 66 40 66
39 73 39 60 73
33 62 33 43 62
59 76 59 64 76
3 38 3 20 25 28 38
15 45 15 28 45
11 34 11 17 34
42 72 42 72
19 84 19 42 78 84
9 38 9 38
10 62 10 50 62
21 56 21 56
12 64 12 28 53 57 60 64
16 36 16 36
19 42 19 32 42
31 72 31 49 66 72
49 88 49 52 88
33 65 33 43 47 65
5 32 5 32
52 64 52 60 64
10 35 10 22 35
6 33 6 8 12 18 25 33
22 47 22 43 47
0 30 0 2 30
34 78 34 78
38 80 38 58 60 64 80
22 47 22 43 47
20 51 20 25 51
42 77 42 63 66 71 77
29 76 29 35 64 76
52 88 52 88
26 41 26 41
8 59 8 12 18 36 41 59
27 47 27 47
35 71 35 71
3 78 3 8 12 18 25 28 38 58 67 78
38 81 38 56 57 81
16 34 16 34
10 68 10 22 53 57 68
20 57 20 40 45 56 57
11 39 11 17 34 39
39 81 39 70 81
38 79 38 51 79
3 49 3 49
24 46 24 42 46
8 42 8 12 21 32 42
38 83 38 58 60 64 65 74 83
16 61 16 43 61
25 64 25 52 60 64
33 79 33 43 47 65 79
11 47 11 43 47
0 44 0 2 44
41 76 41 46 64 76
39 85 39 60 64 85
54 80 54 58 80
59 79 59 64 65 79
50 61 50 52 61
13 57 13 30 56 57
25 45 25 40 45
36 65 36 62 65
55 76 55 76
50 83 50 65 74 83
21 76 21 58 76
14 44 14 24 40 44
4 55 4 29 35 55
11 57 11 30 56 57
26 55 26 55
45 70 45 70
14 44 14 40 44
10 45 10 22 45
16 43 16 43
11 48 11 17 29 48
58 76 58 76
1 31 1 30 31
4 49 4 19 32 49
49 80 49 67 80
9 83 9 54 58 60 64 65 74 83
55 75 55 60 64 65 74 75
48 89 48 89
5 31 5 7 23 25 31
2 51 2 38 51
26 58 26 41 58
14 89 14 52 60 73 89
53 76 53 56 57 76
14 73 14 53 57 60 73
31 70 31 70
6 30 6 13 30
5 38 5 7 23 25 28 38
15 80 15 59 64 80
29 47 29 36 43 47
6 42 6 24 42
11 71 11 30 31 49 67 71
6 50 6 50
33 64 33 58 60 64
7 40 7 9 40
6 48 6 8 12 29 48
30 62 30 31 49 62
17 53 17 53
5 75 5 57 64 65 74 75
41 89 41 46 65 74 89
17 37 17 29 37
2 52 2 49 52
45 73 45 56 73
35 68 35 68
8 35 8 12 21 29 35
10 55 10 22 35 55
1 86 1 51 82 86
6 70 6 38 56 57 70
31 68 31 68
38 64 38 58 60 64
31 61 31 37 58 61
46 86 46 82 86
11 53 11 17 53
3 49 3 20 49
22 77 22 43 47 66 77
35 76 35 55 60 64 76
31 64 31 37 58 60 64
51 65 51 62 65
21 72 21 32 34 66 72
30 80 30 80
19 60 19 42 54 58 60
9 57 9 38 56 57
29 74 29 56 57 64 65 74
25 52 25 31 49 52
27 52 27 35 49 52
4 39 4 21 32 34 39
3 33 3 9 33
5 43 5 7 36 43
31 77 31 37 71 77
21 59 21 32 59
4 34 4 21 32 34
30 68 30 31 68
0 51 0 28 38 51
19 77 19 45 56 63 66 71 77
12 38 12 18 25 28 38
15 48 15 28 48
9 81 9 40 45 81
41 60 41 58 60
56 85 56 85
5 48 5 7 23 29 48
31 80 31 49 52 80
29 61 29 36 51 61
26 66 26 39 63 66
11 54 11 17 42 54
14 38 14 38
32 66 32 49 66
1 54 1 14 54
20 49 20 25 31 49
12 50 12 50
4 55 4 29 35 55
1 32 1 32
42 75 42 46 75
3 31 3 8 12 18 25 31
30 63 30 31 63
0 44 0 8 12 44
44 72 44 72
18 45 18 25 40 45
37 65 37 58 60 64 65
31 74 31 37 58 60 64 65 74
47 71 47 66 71
21 59 21 29 36 41 59
22 80 22 38 51 80
57 66 57 66
8 55 8 12 29 35 55
22 33 22 33
45 77 45 71 77
50 75 50 65 74 75
9 59 9 15 59
37 85 37 58 60 64 85
6 67 6 38 58 67
40 83 40 44 64 65 74 83
12 49 12 29 35 49
1 75 1 51 75
20 38 20 25 28 38
11 31 11 30 31
52 85 52 60 64 85
10 49 10 18 32 49
28 52 28 52
8 89 8 29 43 70 89
58 71 58 67 71
9 71 9 40 45 71
16 45 16 40 45
32 83 32 45 56 62 65 74 83
14 45 14 24 40 45
0 71 0 43 61 71
33 81 33 70 81
11 44 11 17 40 44
11 88 11 52 88
56 65 56 57 60 64 65
40 74 40 44 74
37 84 37 58 67 78 84
39 86 39 60 64 80 82 86
16 49 16 30 31 49
36 66 36 43 47 66
24 81 24 35 70 81
9 68 9 56 57 68
17 78 17 40 45 78
14 54 14 42 54
2 82 2 35 55 60 64 80 82
17 44 17 40 44
26 85 26 39 60 64 85
57 76 57 60 64 76
0 48 0 27 48
29 43 29 36 43
9 53 9 15 28 53
39 80 39 60 64 80
8 50 8 12 18 50
30 78 30 31 37 58 67 78
18 34 18 34
10 39 10 18 34 39
5 63 5 7 45 56 63
49 89 49 52 60 73 89
4 49 4 21 32 49
39 72 39 63 66 72
20 52 20 49 52
44 82 44 64 80 82
15 39 15 28 39
4 57 4 21 56 57
19 49 19 32 49
51 84 51 84
15 84 15 59 78 84
20 33 20 25 33
31 61 31 61
5 34 5 34
11 64 11 38 58 60 64
59 83 59 64 65 74 83
3 59 3 9 15 41 59
40 84 40 78 84
2 75 2 41 62 65 74 75
16 40 16 40
18 57 18 25 40 45 56 57
8 34 8 12 21 34
20 52 20 25 28 52
30 82 30 31 49 52 80 82
5 50 5 7 9 50
45 84 45 78 84
57 89 57 70 89
7 61 7 35 49 52 61
16 62 16 50 62
36 69 36 41 58 69
23 57 23 29 56 57
10 40 10 18 25 40
28 34 28 34
30 72 30 56 63 66 72
50 70 50 70
13 76 13 56 63 76
19 34 19 32 34
31 60 31 49 60
50 62 50 62
3 59 3 36 41 59
4 49 4 19 32 49
10 47 10 43 47
43 70 43 47 70
11 52 11 30 31 49 52
2 88 2 57 88
11 31 11 30 31
51 65 51 62 65
11 87 11 35 64 65 87
2 80 2 57 68 80
56 69 56 57 69
23 39 23 39
26 79 26 55 65 79
36 88 36 43 68 88
33 83 33 83
10 88 10 50 52 88
52 80 52 60 64 80
43 69 43 69
33 86 33 66 71 86
24 65 24 47 65
6 49 6 24 35 49
43 65 43 47 65
34 72 34 39 63 66 72
57 86 57 64 80 82 86
27 46 27 46
23 62 23 35 49 62
17 48 17 29 48
42 72 42 63 66 72
15 71 15 28 53 61 71
34 74 34 65 74
43 77 43 61 71 77
9 80 9 38 51 80
8 41 8 41
12 33 12 18 33
20 38 20 25 28 38
11 72 11 17 40 44 72
19 52 19 32 49 52
56 79 56 65 79
15 37 15 28 37
5 88 5 32 59 88
12 53 12 28 53
3 74 3 45 56 65 74
14 42 14 24 42
10 31 10 18 25 31
34 81 34 81
34 78 34 78
21 59 21 29 36 41 59
25 47 25 28 47
0 39 0 28 39
7 43 7 9 33 43
41 62 41 46 62
52 71 52 61 71
43 88 43 68 88
21 77 21 58 61 71 77
42 61 42 54 61
16 45 16 40 45
2 71 2 35 49 66 71
5 87 5 39 61 71 77 87
7 65 7 42 46 65
24 46 24 36 41 46
1 44 1 44
14 49 14 24 35 49
47 89 47 65 74 89
29 66 29 56 57 66
22 68 22 57 68
27 55 27 35 55
53 61 53 56 61
10 46 10 22 46
28 57 28 53 57
43 79 43 62 65 79
49 61 49 52 61
12 59 12 29 36 41 59
55 75 55 65 74 75
6 31 6 13 31
1 38 1 14 38
45 89 45 70 89
35 75 35 75
21 83 21 57 60 64 65 74 83
31 78 31 78
50 80 50 52 80
15 53 15 28 53
37 69 37 58 69
32 71 32 34 39 61 71
16 58 16 30 31 37 58
44 86 44 64 80 82 86
58 71 58 67 71
2 46 2 13 42 46
9 37 9 37
53 82 53 56 78 80 82
25 79 25 28 47 65 79
9 70 9 33 70
16 81 16 43 70 81
32 70 32 45 56 57 70
8 47 8 12 21 29 36 43 47
33 74 33 58 60 64 65 74
27 84 27 37 58 67 78 84
8 65 8 39 65
5 36 5 7 36
56 60 56 57 60
22 33 22 33
35 68 35 68
9 56 9 38 56
0 78 0 20 41 59 78
26 79 26 39 60 73 79
44 80 44 64 80
45 73 45 56 73
4 58 4 26 41 58
23 63 23 39 63
44 73 44 73
15 52 15 52
41 65 41 62 65
14 54 14 42 54
5 84 5 32 34 78 84
25 39 25 28 34 39
4 60 4 19 40 45 56 57 60
14 85 14 53 57 60 64 85
5 40 5 7 23 25 40
2 89 2 30 31 70 89
9 34 9 15 28 34
25 43 25 33 43
30 62 30 31 49 62
57 78 57 78
7 38 7 9 15 38
9 43 9 15 43
20 69 20 41 58 69
20 63 20 25 31 63
8 63 8 12 29 48 63
12 79 12 18 25 52 60 64 65 79
20 68 20 33 43 68
44 87 44 73 87
28 39 28 39
16 47 16 43 47
43 79 43 47 65 79
0 34 0 2 32 34
10 63 10 53 56 63
32 79 32 58 60 73 79
48 65 48 62 65
42 76 42 63 76
9 33 9 33
27 62 27 46 62
56 71 56 57 71
29 60 29 56 60
51 78 51 78
49 67 49 67
34 77 34 66 77
7 51 7 23 25 28 38 51
24 57 24 40 45 56 57
55 87 55 60 64 65 87
45 62 45 56 62
38 82 38 58 80 82
13 58 13 30 31 37 58
0 49 0 27 49
41 80 41 46 80
23 70 23 29 35 70
7 34 7 9 15 28 34
54 73 54 58 60 73
12 33 12 18 33
21 54 21 32 42 54
20 40 20 40
5 50 5 7 9 50
56 62 56 62
12 64 12 29 57 64
5 34 5 34
25 57 25 57
1 45 1 32 45
31 84 31 49 67 78 84
33 83 33 58 60 64 65 74 83
19 47 19 33 43 47
21 84 21 56 57 78 84
1 38 1 14 38
42 79 42 46 65 79
26 73 26 57 60 73
1 34 1 32 34
1 59 1 32 59
47 72 47 66 72
7 57 7 23 25 28 45 56 57
8 65 8 39 60 64 65
52 76 52 60 64 76
58 69 58 69
19 40 19 40
26 39 26 34 39
11 67 11 35 49 67
22 68 22 38 56 57 68
55 62 55 62
27 48 27 48
30 82 30 31 82
39 80 39 80
46 75 46 74 75
8 33 8 12 18 25 33
45 77 45 71 77
6 59 6 8 12 29 36 41 59
5 45 5 32 45
28 53 28 53
2 56 2 53 56
27 55 27 35 55
2 54 2 13 42 54
0 35 0 2 35
11 37 11 37
17 47 17 29 43 47
12 33 12 18 33
34 61 34 39 61
8 56 8 12 18 25 28 38 56
24 58 24 42 54 58
46 68 46 68
40 69 40 45 56 57 69
9 41 9 15 41
53 85 53 85
51 75 51 65 74 75
2 54 2 13 42 54
10 70 10 34 39 70
36 74 36 65 74
48 82 48 78 80 82
36 66 36 43 47 66
25 40 25 40
31 80 31 68 80
1 76 1 30 56 57 64 76
56 82 56 78 80 82
56 89 56 60 73 89
10 57 10 53 57
24 51 24 36 51
26 74 26 48 74
35 72 35 49 66 72
14 47 14 24 36 43 47
6 32 6 8 12 18 32
34 80 34 39 80
27 83 27 46 74 83
16 45 16 40 45
22 70 22 33 43 70
29 55 29 35 55
8 48 8 12 21 29 48
35 82 35 80 82
8 58 8 12 21 32 42 54 58
3 54 3 14 54
0 47 0 2 13 47
10 43 10 18 36 43
48 79 48 65 79
11 35 11 35
54 64 54 58 60 64
6 65 6 8 54 58 60 64 65
40 82 40 64 80 82
35 88 35 49 88
8 58 8 38 58
34 84 34 78 84
53 76 53 56 63 76
35 62 35 49 62
35 80 35 64 80
25 49 25 31 49
24 45 24 40 45
23 59 23 29 36 41 59
2 49 2 32 49
23 36 23 29 36
9 47 9 47
8 49 8 12 18 25 31 49
4 37 4 21 29 37
12 73 12 29 56 60 73
29 70 29 43 47 70
45 89 45 66 72 89
49 62 49 62
10 79 10 18 49 73 79
14 47 14 24 47
59 75 59 64 65 74 75
7 43 7 36 43
50 72 50 66 72
22 89 22 57 60 64 65 74 89
43 71 43 61 71
41 68 41 46 68
14 40 14 24 40
1 70 1 30 70
10 49 10 22 35 49
6 78 6 51 78
20 71 20 49 67 71
1 63 1 17 29 48 63
13 61 13 56 61
47 75 47 65 74 75
14 51 14 24 36 51
18 45 18 32 45
55 85 55 85
13 66 13 56 63 66
34 61 34 39 61
18 62 18 49 62
56 79 56 62 65 79
54 62 54 62
11 47 11 36 43 47
49 87 49 60 73 87
17 89 17 29 43 68 89
5 43 5 7 23 29 36 43
16 89 16 59 64 65 74 89
6 49 6 24 35 49
14 43 14 43
26 41 26 41
12 35 12 29 35
32 81 32 34 39 70 81
19 88 19 45 56 57 88
32 73 32 34 39 60 73
19 58 19 32 42 54 58
28 74 28 34 39 65 74
7 63 7 48 63
0 43 0 43
33 89 33 58 60 73 89
7 60 7 45 56 60
14 35 14 24 35
1 39 1 14 24 34 39
26 86 26 34 86
20 34 20 25 28 34
38 66 38 56 63 66
2 53 2 53
41 79 41 62 65 79
34 82 34 39 82
24 46 24 36 41 46
2 46 2 13 42 46
23 55 23 35 55
15 71 15 51 61 71
3 82 3 52 80 82
14 39 14 34 39
29 75 29 57 60 64 65 74 75
33 80 33 43 47 80
42 86 42 68 80 82 86
46 74 46 64 65 74
9 53 9 15 28 53
4 57 4 26 57
38 82 38 58 60 64 80 82
18 51 18 36 51
57 75 57 64 65 74 75
5 46 5 32 42 46
0 60 0 36 41 58 60
53 83 53 57 64 65 74 83
37 64 37 58 60 64
39 89 39 63 66 72 89
48 77 48 63 66 71 77
8 86 8 39 82 86
53 87 53 61 71 77 87
30 78 30 31 49 78
7 46 7 42 46
28 69 28 39 69
26 47 26 47
45 66 45 56 63 66
5 77 5 52 61 71 77
1 42 1 17 42
8 54 8 54
39 77 39 61 71 77
14 85 14 45 56 64 85
36 78 36 51 78
24 51 24 36 51
32 73 32 49 52 60 73
7 76 7 36 41 58 60 64 76
54 82 54 67 80 82
53 78 53 56 78
34 64 34 39 60 64
32 71 32 42 61 71
19 58 19 32 58
55 64 55 60 64
4 41 4 26 41
20 56 20 25 28 45 56
26 64 26 39 60 64
6 34 6 24 34
27 52 27 49 52
22 61 22 43 61
42 83 42 46 62 65 74 83
1 39 1 14 34 39
5 59 5 7 41 59
3 82 3 45 78 80 82
4 34 4 26 34
5 54 5 7 42 54
18 68 18 33 43 68
4 54 4 54
14 79 14 42 60 73 79
27 52 27 49 52
27 55 27 35 55
1 82 1 14 42 54 67 78 80 82
24 34 24 34
39 76 39 63 76
37 81 37 81
57 72 57 66 72
30 63 30 31 63
0 41 0 8 41
36 69 36 51 69
18 44 18 25 40 44
28 87 28 45 71 87
28 65 28 45 56 60 64 65
41 84 41 46 78 84
40 89 40 64 65 74 89
32 60 32 58 60
56 82 56 64 80 82
5 48 5 7 9 15 28 48
48 79 48 62 65 79
49 78 49 78
17 44 17 40 44
34 73 34 39 60 73
2 71 2 38 56 61 71
33 73 33 58 73
4 39 4 26 39
55 73 55 60 73
5 41 5 7 9 15 41
0 33 0 10 22 33
45 72 45 56 57 66 72
50 85 50 52 60 64 85
20 57 20 40 45 56 57
33 64 33 58 60 64
20 70 20 25 33 70
8 50 8 12 18 50
57 81 57 70 81
3 57 3 40 45 56 57
0 46 0 2 13 42 46
54 69 54 58 69
25 34 25 28 34
55 85 55 85
40 66 40 45 66
3 47 3 14 43 47
57 64 57 60 64
56 64 56 57 64
47 79 47 65 79
35 66 35 49 66
10 42 10 18 32 42
34 87 34 77 87
23 55 23 29 35 55
35 64 35 49 60 64
11 62 11 30 31 49 62
55 82 55 60 64 80 82
32 69 32 34 39 69
39 81 39 70 81
34 62 34 39 62
50 62 50 62
55 85 55 85
39 66 39 63 66
2 74 2 30 56 64 65 74
24 59 24 36 41 59
57 65 57 60 64 65
16 85 16 59 64 85
23 65 23 39 65
1 47 1 17 29 43 47
22 89 22 35 70 89
29 41 29 36 41
26 59 26 41 59
15 44 15 44
7 36 7 36
22 68 22 46 68
56 60 56 57 60
0 83 0 50 65 74 83
48 89 48 89
34 78 34 78
16 36 16 36
21 69 21 32 42 54 58 69
12 74 12 44 74
5 54 5 32 42 54
52 85 52 60 64 85
32 61 32 45 56 61
0 41 0 2 41
19 46 19 42 46
26 59 26 41 59
43 74 43 62 65 74
55 65 55 65
34 62 34 39 62
5 55 5 7 23 29 35 55
29 83 29 56 60 64 65 74 83
14 75 14 42 46 65 74 75
4 35 4 21 29 35
50 64 50 52 60 64
15 71 15 38 51 61 71
0 71 0 13 56 63 66 71
12 40 12 18 25 40
0 56 0 8 38 56
52 73 52 60 73
5 75 5 7 36 62 65 74 75
23 86 23 35 80 82 86
28 47 28 47
12 46 12 29 36 41 46
11 68 11 43 68
42 83 42 60 64 65 74 83
12 57 12 57
5 59 5 32 59
7 45 7 9 15 45
15 34 15 28 34
27 66 27 37 66
15 43 15 43
2 32 2 32
2 38 2 38
20 57 20 57
20 52 20 49 52
8 80 8 47 80
21 39 21 34 39
36 82 36 51 78 80 82
23 59 23 29 36 41 59
33 89 33 70 89
16 43 16 43
33 70 33 43 70
24 43 24 36 43
2 56 2 38 56
21 39 21 32 34 39
59 75 59 64 65 74 75
15 53 15 28 53
51 78 51 78
41 83 41 62 65 74 83
42 73 42 60 73
21 42 21 32 42
50 88 50 52 88
17 70 17 53 56 57 70
34 89 34 39 60 73 89
59 86 59 78 86
35 89 35 72 89
4 72 4 45 66 72
12 82 12 44 64 80 82
19 40 19 40
45 85 45 56 60 64 85
9 81 9 50 70 81
45 72 45 56 57 66 72
44 65 44 64 65
33 71 33 43 61 71
22 58 22 33 58
6 45 6 8 12 28 45
32 73 32 58 60 73
10 43 10 18 25 33 43
57 69 57 69
11 56 11 56
8 58 8 12 18 37 58
41 60 41 58 60
12 38 12 18 25 28 38
22 85 22 49 52 60 64 85
22 53 22 53
27 35 27 35
24 52 24 35 49 52
10 76 10 22 52 60 64 76
32 88 32 49 52 88
48 83 48 62 65 74 83
25 47 25 43 47
39 66 39 63 66
3 54 3 8 54
18 46 18 36 41 46
35 89 35 72 89
8 50 8 12 18 50
21 35 21 29 35
2 57 2 13 30 56 57
58 67 58 67
49 80 49 78 80
15 56 15 38 56
7 35 7 23 35
19 32 19 32
38 71 38 51 71
45 88 45 56 57 88
54 61 54 58 61
30 61 30 56 61
5 43 5 7 9 15 43
4 52 4 21 29 35 49 52
7 49 7 23 25 31 49
33 81 33 70 81
50 71 50 52 61 71
54 84 54 58 67 78 84
4 47 4 33 43 47
2 89 2 13 42 54 62 65 74 89
6 60 6 38 56 57 60
50 71 50 66 71
0 30 0 2 30
0 88 0 36 43 68 88
40 86 40 78 86
33 86 33 58 61 71 86
9 37 9 37
41 71 41 61 71
16 31 16 30 31
14 46 14 42 46
30 89 30 56 63 66 72 89
37 69 37 58 69
12 44 12 44
16 58 16 30 31 37 58
35 83 35 55 83
48 65 48 65
11 48 11 17 29 48
23 66 23 37 66
3 35 3 14 24 35
30 69 30 31 37 69
1 75 1 17 34 65 74 75
7 54 7 42 54
14 79 14 53 79
52 80 52 80
12 81 12 50 70 81
54 73 54 58 60 73
38 82 38 51 82
58 74 58 60 64 65 74
29 75 29 56 60 64 65 74 75
14 76 14 53 57 76
9 57 9 15 28 57
47 76 47 76
14 38 14 38
8 75 8 47 74 75
59 76 59 64 76
13 39 13 39
5 57 5 32 45 56 57
46 76 46 64 76
1 35 1 17 29 35
5 46 5 7 41 46
24 41 24 36 41
11 75 11 36 60 64 65 74 75
0 70 0 27 39 70
37 83 37 58 60 64 65 74 83
32 80 32 45 56 57 78 80
9 57 9 56 57
0 30 0 13 30
46 80 46 78 80
45 76 45 56 64 76
0 89 0 47 89
57 88 57 68 88
3 44 3 8 12 18 25 40 44
33 76 33 58 60 64 76
32 77 32 71 77
5 36 5 7 36
5 79 5 34 65 79
6 31 6 8 12 18 25 31
41 69 41 58 69
6 33 6 8 12 18 25 33
18 36 18 36
54 84 54 67 78 84
42 75 42 54 58 75
50 76 50 52 60 64 76
7 52 7 23 25 31 49 52
2 55 2 35 55
15 48 15 28 48
13 46 13 42 46
9 48 9 15 28 48
24 54 24 42 54
2 30 2 13 30
6 41 6 8 29 36 41
32 66 32 34 39 63 66
3 85 3 34 39 60 64 85
29 59 29 36 41 59
10 80 10 33 58 80
26 78 26 41 46 78
40 75 40 64 65 74 75
5 44 5 7 23 25 40 44
42 77 42 54 58 67 77
33 84 33 58 67 78 84
41 70 41 70
34 80 34 39 80
0 59 0 8 29 36 41 59
53 86 53 61 71 86
33 81 33 43 47 81
40 87 40 66 77 87
4 58 4 19 33 58
3 50 3 9 50
16 88 16 43 68 88
49 79 49 62 65 79
9 81 9 47 81
5 35 5 7 23 29 35
55 64 55 60 64
39 66 39 63 66
26 55 26 55
32 67 32 67
52 65 52 60 64 65
9 78 9 38 56 78
36 88 36 43 68 88
23 45 23 25 28 45
16 60 16 30 31 49 60
5 33 5 7 9 33
26 88 26 57 68 88
57 82 57 78 80 82
3 52 3 52
36 84 36 51 78 84
31 71 31 61 71
26 41 26 41
24 69 24 34 39 69
39 74 39 65 74
46 78 46 78
5 38 5 7 23 25 28 38
11 31 11 30 31
34 82 34 78 80 82
10 45 10 18 25 40 45
26 58 26 41 58
51 86 51 71 86
58 65 58 60 64 65
1 40 1 17 40
3 78 3 46 78
10 47 10 33 43 47
43 61 43 61
26 80 26 39 60 64 80
40 73 40 45 56 57 60 73
2 50 2 50
17 54 17 42 54
41 68 41 46 68
13 56 13 56
32 73 32 34 39 60 73
47 80 47 80
36 76 36 43 47 76
7 39 7 9 39
42 63 42 63
3 82 3 52 80 82
10 33 10 22 33
18 34 18 32 34
24 35 24 35
4 39 4 21 32 34 39
45 77 45 71 77
3 40 3 20 40
48 80 48 78 80
35 72 35 55 72
21 85 21 58 60 64 85
46 64 46 64
42 75 42 46 64 65 74 75
7 75 7 42 46 62 65 74 75
25 82 25 40 44 64 80 82
55 83 55 60 64 65 74 83
29 43 29 43
4 58 4 42 54 58
52 85 52 60 64 85
47 77 47 66 77
57 83 57 64 65 74 83
22 72 22 43 47 66 72
38 61 38 51 61
25 33 25 33
20 66 20 57 66
39 60 39 60
2 88 2 41 68 88
25 43 25 43
39 66 39 63 66
37 78 37 58 67 78
32 64 32 59 64
14 76 14 59 64 76
1 58 1 17 29 37 58
19 74 19 58 60 64 65 74
33 74 33 43 62 65 74
40 86 40 82 86
31 64 31 49 60 64
7 68 7 45 56 57 68
15 44 15 44
40 83 40 45 56 65 74 83
9 61 9 40 45 56 61
9 46 9 15 41 46
35 64 35 64
34 82 34 39 80 82
7 31 7 23 25 31
30 63 30 56 63
41 87 41 58 80 82 87
5 80 5 57 64 80
14 49 14 24 35 49
17 55 17 55
24 87 24 43 61 71 77 87
51 74 51 62 65 74
53 78 53 57 78
22 53 22 53
52 73 52 60 73
45 85 45 56 85
4 41 4 26 41
21 41 21 29 36 41
15 78 15 38 51 78
39 63 39 63
56 64 56 64
38 69 38 56 57 69
51 75 51 75
37 61 37 58 61
31 75 31 37 58 60 64 65 74 75
20 41 20 41
50 64 50 52 60 64
28 47 28 47
57 69 57 69
3 58 3 14 54 58
13 31 13 31
34 81 34 39 63 81
32 60 32 45 56 60
12 48 12 21 29 48
10 44 10 22 44
9 34 9 15 28 34
11 45 11 17 40 45
14 55 14 24 55
21 46 21 29 36 41 46
22 33 22 33
23 69 23 39 69
29 41 29 36 41
10 35 10 22 35
37 79 37 58 73 79
30 74 30 56 57 60 64 65 74
39 69 39 69
6 56 6 13 30 56
21 58 21 58
1 45 1 17 40 45
38 76 38 58 76
8 42 8 12 42
22 72 22 55 72
5 78 5 7 42 54 67 78
37 86 37 58 67 80 82 86
36 86 36 41 61 71 86
12 36 12 21 29 36
23 60 23 25 28 53 57 60
15 41 15 41
53 77 53 61 71 77
54 83 54 62 65 74 83
37 82 37 82
13 30 13 30
12 80 12 18 25 43 68 80
8 35 8 12 29 35
14 38 14 38
4 49 4 29 35 49
4 70 4 21 57 70
20 59 20 41 59
46 84 46 78 84
7 57 7 45 56 57
58 75 58 60 64 65 74 75
22 70 22 57 70
14 36 14 24 36
38 74 38 58 60 64 65 74
11 41 11 36 41
35 87 35 49 78 80 82 87
30 87 30 31 77 87
7 79 7 23 39 60 73 79
26 72 26 34 39 63 66 72
3 51 3 8 12 21 29 36 51
37 60 37 58 60
13 87 13 56 61 71 77 87
20 40 20 25 40
38 75 38 75
7 56 7 23 25 40 45 56
25 62 25 43 62
6 36 6 24 36
50 88 50 52 88
29 68 29 36 43 68
21 88 21 51 88
41 62 41 62
39 71 39 63 66 71
5 76 5 52 60 64 76
40 64 40 64
5 36 5 7 23 29 36
19 39 19 32 34 39
40 68 40 45 56 57 68
18 33 18 25 33
31 82 31 78 80 82
45 75 45 56 60 64 65 74 75
25 39 25 28 34 39
47 72 47 66 72
38 78 38 58 67 78
30 81 30 56 57 81
15 48 15 28 48
19 58 19 58
55 89 55 65 74 89
3 31 3 20 31
41 86 41 58 80 82 86
52 79 52 60 73 79
18 50 18 50
5 33 5 7 9 33
10 52 10 49 52
53 84 53 57 84
12 41 12 18 36 41
9 59 9 15 41 59
27 73 27 58 73
49 87 49 66 77 87
4 87 4 56 61 71 87
45 89 45 56 57 60 73 89
24 41 24 36 41
45 60 45 56 60
17 58 17 29 36 41 58
45 63 45 56 63
8 39 8 12 18 34 39
19 89 19 58 60 73 89
30 75 30 56 64 65 74 75
1 39 1 17 34 39
22 84 22 57 78 84
10 79 10 50 52 60 73 79
30 83 30 65 74 83
2 69 2 38 51 69
26 55 26 55
24 54 24 42 54
6 46 6 8 41 46
40 80 40 78 80
5 66 5 57 66
59 83 59 74 83
1 67 1 30 31 37 58 67
46 75 46 75
48 71 48 63 66 71
57 73 57 60 73
39 70 39 70
19 39 19 32 34 39
21 56 21 29 56
32 65 32 49 52 60 64 65
5 47 5 7 9 33 43 47
39 86 39 82 86
5 48 5 7 48
7 48 7 23 29 48
24 86 24 36 80 82 86
6 59 6 41 59
21 65 21 58 60 64 65
25 39 25 28 34 39
50 62 50 62
26 41 26 41
21 47 21 29 43 47
51 74 51 65 74
58 77 58 77
17 39 17 34 39
39 69 39 69
52 79 52 60 73 79
45 75 45 56 62 65 74 75
30 74 30 65 74
17 69 17 40 45 56 57 69
31 81 31 70 81
40 87 40 44 64 65 87
4 57 4 57
24 65 24 36 41 46 64 65
44 85 44 64 85
36 67 36 41 58 67
0 33 0 10 33
33 77 33 58 67 77
19 47 19 33 43 47
11 55 11 17 29 35 55
13 47 13 47
27 47 27 47
7 77 7 45 71 77
39 83 39 74 83
58 80 58 67 78 80
27 65 27 46 62 65
2 59 2 32 59
28 83 28 34 39 65 74 83
58 85 58 60 64 85
37 81 37 81
4 35 4 29 35
30 64 30 31 37 58 60 64
41 73 41 58 73
29 80 29 36 60 64 80
35 64 35 55 60 64
38 69 38 56 57 69
10 58 10 22 33 58
9 33 9 33
16 78 16 30 56 78
56 84 56 57 78 84
33 86 33 43 61 71 86
32 68 32 42 46 68
56 66 56 57 66
57 68 57 68
14 87 14 38 63 66 71 87
1 86 1 44 72 86
23 72 23 39 63 66 72
57 75 57 60 64 65 74 75
7 63 7 45 56 63
4 39 4 19 32 34 39
8 58 8 38 58
37 74 37 58 60 64 65 74
51 78 51 78
41 72 41 59 72
4 86 4 19 40 44 64 80 82 86
32 67 32 42 54 67
21 57 21 56 57
43 65 43 47 65
5 73 5 7 36 41 58 60 73
57 84 57 78 84
20 31 20 31
14 77 14 40 66 77
40 78 40 78
23 39 23 25 28 39
49 60 49 60
49 86 49 60 64 80 82 86
56 61 56 61
37 69 37 69
45 78 45 78
22 52 22 52
26 58 26 41 58
20 69 20 37 69
50 65 50 52 60 64 65
3 49 3 14 24 35 49
5 86 5 57 71 86
6 36 6 24 36
2 30 2 30
0 59 0 8 29 36 41 59
48 75 48 62 65 74 75
22 55 22 35 55
14 89 14 54 67 89
33 73 33 58 73
21 46 21 29 36 41 46
7 47 7 9 33 43 47
57 76 57 64 76
44 73 44 73
36 61 36 43 61
45 76 45 56 64 76
11 52 11 17 29 35 49 52
53 81 53 57 70 81
24 49 24 35 49
23 33 23 25 33
55 86 55 72 86
24 34 24 34
28 68 28 57 68
9 82 9 37 58 80 82
45 80 45 56 78 80
35 86 35 49 52 86
11 41 11 36 41
4 43 4 33 43
5 39 5 7 9 15 39
5 46 5 7 23 29 36 41 46
55 74 55 65 74
56 75 56 64 65 74 75
55 83 55 83
46 82 46 78 80 82
32 64 32 49 60 64
48 70 48 70
7 85 7 35 55 60 64 85
8 89 8 41 46 65 74 89
52 86 52 60 64 80 82 86
25 66 25 53 56 63 66
6 36 6 8 29 36
6 62 6 24 42 54 62
15 81 15 41 70 81
42 68 42 68
6 35 6 24 35
5 32 5 32
2 37 2 30 31 37
49 65 49 62 65
40 71 40 66 71
17 42 17 42
2 46 2 41 46
8 82 8 37 58 60 64 80 82
4 56 4 45 56
31 75 31 37 58 60 64 65 74 75
3 31 3 20 31
5 32 5 32
10 67 10 49 67
2 85 2 53 85
44 75 44 74 75
10 84 10 33 58 67 78 84
42 72 42 72
11 43 11 36 43
42 88 42 46 68 88
14 83 14 42 46 65 74 83
38 75 38 51 62 65 74 75
13 42 13 42
2 71 2 53 56 61 71
7 31 7 23 25 31
8 39 8 39
11 47 11 17 29 36 43 47
38 67 38 58 67
5 87 5 34 78 80 82 87
37 73 37 58 60 73
20 74 20 25 31 37 58 60 64 65 74
31 79 31 79
7 52 7 23 52
42 77 42 54 58 67 71 77
55 79 55 79
10 50 10 50
7 62 7 53 56 62
39 82 39 82
55 80 55 60 64 80
58 89 58 67 89
36 79 36 62 65 79
9 54 9 54
3 75 3 8 12 57 60 64 65 74 75
29 37 29 37
12 79 12 21 32 45 56 79
54 65 54 58 60 64 65
5 45 5 32 45
23 35 23 29 35
8 39 8 12 18 25 28 39
52 88 52 88
8 55 8 29 35 55
35 67 35 49 67
13 72 13 56 63 66 72
21 32 21 32
43 66 43 47 66
8 31 8 12 18 25 31
32 79 32 42 60 73 79
32 77 32 67 71 77
14 41 14 24 36 41
52 76 52 60 64 76
16 41 16 36 41
8 89 8 54 62 65 74 89
7 41 7 41
10 52 10 18 25 28 52
16 61 16 52 61
0 34 0 10 18 32 34
6 59 6 8 29 36 41 59
18 62 18 49 62
0 43 0 20 33 43
37 84 37 58 67 78 84
13 78 13 56 78
13 65 13 47 65
28 61 28 37 58 61
1 56 1 30 56
35 72 35 49 66 72
21 62 21 51 62
9 45 9 15 45
3 80 3 34 39 80
29 48 29 48
8 41 8 29 36 41
12 56 12 18 25 40 45 56
14 45 14 24 40 45
32 62 32 34 39 62
45 87 45 78 80 82 87
51 85 51 85
40 81 40 45 56 63 81
42 88 42 68 88
42 87 42 54 58 60 64 65 87
25 53 25 28 53
13 46 13 42 46
20 45 20 40 45
14 35 14 24 35
10 83 10 43 62 65 74 83
10 65 10 49 52 60 64 65
19 34 19 32 34
28 45 28 45
9 54 9 54
2 76 2 32 58 76
24 78 24 34 78
5 80 5 39 60 64 80
12 53 12 28 53
42 60 42 54 58 60
55 65 55 62 65
11 39 11 17 34 39
32 80 32 45 56 78 80
23 85 23 35 55 60 64 85
57 85 57 60 64 85
55 81 55 81
23 43 23 29 43
51 86 51 80 82 86
26 34 26 34
10 53 10 22 53
53 60 53 56 60
32 88 32 42 68 88
49 89 49 66 72 89
49 66 49 66
12 44 12 18 25 40 44
0 73 0 36 41 58 60 73
15 37 15 28 37
2 67 2 30 31 49 67
7 45 7 23 25 40 45
35 60 35 49 60
12 59 12 18 32 59
38 80 38 51 80
21 35 21 29 35
8 82 8 47 80 82
23 59 23 29 36 41 59
27 47 27 47
21 32 21 32
25 45 25 40 45
38 64 38 58 60 64
28 37 28 37
16 71 16 50 66 71
45 72 45 56 57 66 72
18 62 18 36 43 62
46 84 46 78 84
15 75 15 41 59 64 65 74 75
48 78 48 78
12 35 12 29 35
15 39 15 39
35 86 35 55 60 64 80 82 86
20 33 20 25 33
41 87 41 65 87
10 88 10 50 52 88
42 82 42 80 82
10 39 10 18 32 34 39
41 85 41 46 64 85
44 80 44 64 80
12 88 12 57 88
24 82 24 34 78 80 82
17 41 17 29 36 41
56 65 56 65
30 62 30 56 62
15 80 15 45 56 57 68 80
47 66 47 66
4 33 4 33
56 85 56 57 64 85
11 56 11 17 29 56
14 56 14 24 40 45 56
45 76 45 56 57 64 76
3 76 3 33 58 76
18 80 18 59 64 80
53 68 53 57 68
20 80 20 41 59 78 80
30 61 30 56 61
24 42 24 42
2 55 2 35 55
41 70 41 70
17 66 17 53 57 66
18 67 18 49 67
31 80 31 37 58 67 78 80
24 54 24 42 54
38 76 38 58 60 64 76
23 80 23 25 52 60 64 80
7 46 7 42 46
16 52 16 50 52
37 75 37 58 75
20 51 20 25 28 38 51
17 51 17 51
5 36 5 7 23 29 36
11 40 11 17 40
44 79 44 64 65 79
40 72 40 44 72
11 53 11 17 53
56 75 56 57 64 65 74 75
29 82 29 48 78 80 82
9 58 9 33 58
34 66 34 39 63 66
4 59 4 29 36 41 59
22 44 22 44
50 64 50 52 60 64
3 57 3 20 57
25 74 25 33 58 60 64 65 74
47 72 47 66 72
5 88 5 7 23 35 68 88
40 79 40 64 65 79
18 38 18 25 28 38
6 47 6 8 12 29 36 43 47
53 75 53 56 64 65 74 75
57 88 57 88
48 89 48 62 65 74 89
49 62 49 62
15 59 15 41 59
49 72 49 66 72
18 66 18 53 57 66
3 50 3 9 50
57 70 57 70
47 75 47 65 74 75
14 85 14 52 60 64 85
7 50 7 9 50
28 71 28 52 61 71
36 79 36 79
32 66 32 34 66
1 34 1 17 34
41 74 41 46 65 74
55 85 55 60 64 85
8 42 8 12 21 32 42
15 66 15 45 56 57 66
26 61 26 41 61
56 81 56 81
5 59 5 7 9 15 59
43 89 43 68 89
26 74 26 57 60 64 65 74
49 80 49 78 80
32 80 32 34 78 80
50 89 50 65 74 89
48 83 48 74 83
46 87 46 68 80 82 87
22 51 22 38 51
50 86 50 80 82 86
29 35 29 35
8 35 8 29 35
44 73 44 73
33 62 33 43 62
34 86 34 39 60 64 80 82 86
7 35 7 35
4 54 4 54
27 58 27 37 58
9 44 9 15 44
8 43 8 29 36 43
45 75 45 56 57 75
19 77 19 42 54 61 71 77
33 78 33 58 67 78
56 79 56 57 60 64 65 79
6 59 6 41 59
8 46 8 12 42 46
7 53 7 9 15 28 53
41 62 41 46 62
35 87 35 64 80 82 87
49 79 49 79
1 40 1 17 40
14 61 14 54 58 61
35 80 35 55 60 64 80
16 80 16 43 68 80
57 60 57 60
20 44 20 40 44
54 60 54 58 60
0 38 0 2 38
34 85 34 39 60 64 85
48 83 48 65 74 83
40 61 40 45 56 61
47 70 47 70
24 68 24 43 68
51 61 51 61
44 85 44 64 85
7 34 7 23 25 28 34
47 83 47 65 74 83
0 52 0 2 13 30 31 49 52
20 86 20 57 66 72 86
12 33 12 18 25 33
22 81 22 45 70 81
3 41 3 8 12 18 36 41
3 61 3 14 42 61
31 74 31 37 58 60 64 65 74
5 65 5 7 41 62 65
54 87 54 77 87
56 79 56 64 65 79
7 75 7 36 41 62 65 74 75
57 68 57 68
2 56 2 32 45 56
13 57 13 30 56 57
49 87 49 87
1 49 1 14 24 35 49
53 79 53 57 60 64 65 79
11 44 11 17 40 44
11 37 11 30 31 37
38 76 38 56 64 76
47 86 47 80 82 86
3 47 3 36 43 47
12 43 12 21 29 43
20 33 20 33
11 38 11 38
12 67 12 29 36 41 58 67
5 31 5 7 23 25 31
18 40 18 25 40
30 75 30 75
5 34 5 32 34
53 89 53 89
48 83 48 65 74 83
49 75 49 75
25 31 25 31
0 51 0 8 12 28 38 51
8 57 8 29 56 57
0 87 0 56 64 80 82 87
38 75 38 51 62 65 74 75
1 57 1 14 24 40 45 56 57
13 80 13 39 60 64 80
15 44 15 44
10 62 10 49 62
2 30 2 30
58 89 58 60 73 89
42 83 42 46 62 65 74 83
41 69 41 58 69
1 30 1 30
24 78 24 35 49 78
11 47 11 17 29 36 43 47
57 68 57 68
26 80 26 34 39 80
11 39 11 17 34 39
11 72 11 38 63 66 72
26 57 26 57
16 61 16 40 45 56 61
21 81 21 56 81
14 82 14 38 68 80 82
6 68 6 41 46 68
10 81 10 53 57 70 81
20 82 20 41 58 80 82
16 47 16 43 47
40 72 40 44 72
0 72 0 28 47 66 72
55 60 55 60
10 87 10 48 65 87
47 82 47 80 82
50 70 50 70
37 76 37 58 76
18 45 18 25 28 45
45 79 45 56 65 79
37 78 37 58 67 78
44 82 44 64 80 82
49 89 49 67 89
3 41 3 14 24 36 41
6 42 6 24 42
28 56 28 38 56
13 67 13 31 37 58 67
46 65 46 64 65
24 77 24 58 67 71 77
19 58 19 32 58
20 31 20 31
11 59 11 17 29 36 41 59
17 35 17 29 35
1 36 1 14 24 36
32 81 32 34 81
38 66 38 56 63 66
55 72 55 72
32 70 32 45 56 57 70
1 50 1 50
35 89 35 72 89
4 66 4 19 42 63 66
22 35 22 35
23 47 23 29 43 47
38 66 38 63 66
22 81 22 35 55 81
0 37 0 2 13 31 37
38 79 38 51 62 65 79
25 48 25 28 48
12 77 12 18 50 52 77
38 83 38 51 62 65 74 83
11 34 11 17 34
25 63 25 53 56 63
32 88 32 49 52 88
4 88 4 42 68 88
40 85 40 44 64 85
11 43 11 36 43
53 77 53 61 71 77
32 84 32 67 78 84
55 75 55 62 65 74 75
0 66 0 35 49 66
16 65 16 30 56 57 64 65
6 84 6 8 12 42 46 78 84
15 57 15 28 53 57
14 68 14 24 35 68
11 86 11 56 60 64 80 82 86
19 85 19 45 56 85
6 48 6 8 29 48
5 65 5 52 60 64 65
40 84 40 45 78 84
46 82 46 80 82
39 66 39 63 66
50 66 50 66
49 83 49 62 65 74 83
53 76 53 57 64 76
36 67 36 41 58 67
4 35 4 21 29 35
3 44 3 20 25 40 44
37 65 37 58 60 64 65
35 73 35 55 60 73
8 52 8 12 50 52
22 44 22 44
3 55 3 14 24 35 55
3 31 3 8 12 18 25 31
27 73 27 52 60 73
22 45 22 45
6 34 6 24 34
17 87 17 29 35 77 87
39 70 39 70
45 84 45 56 84
15 38 15 38
21 49 21 32 49
53 65 53 57 60 64 65
43 66 43 47 66
35 75 35 49 75
38 72 38 72
4 32 4 21 32
45 60 45 56 57 60
1 53 1 17 53
27 86 27 41 61 71 86
57 72 57 66 72
42 62 42 54 62
23 52 23 29 35 49 52
3 38 3 9 38
35 67 35 49 67
36 76 36 60 64 76
56 79 56 64 65 79
17 35 17 29 35
4 72 4 33 66 72
11 31 11 30 31
23 48 23 29 48
38 83 38 51 62 65 74 83
16 40 16 40
13 57 13 56 57
24 47 24 43 47
30 76 30 56 63 76
40 82 40 44 64 80 82
20 48 20 25 28 48
24 55 24 35 55
0 33 0 10 22 33
38 81 38 63 81
58 78 58 67 78
16 57 16 40 45 56 57
31 71 31 49 52 61 71
3 58 3 9 38 58
1 49 1 32 49
11 58 11 17 29 37 58
16 80 16 30 80
16 59 16 36 41 59
40 79 40 64 65 79
50 72 50 72
20 58 20 25 31 37 58
14 64 14 54 58 60 64
31 69 31 37 69
14 64 14 53 56 60 64
37 66 37 66
4 45 4 21 32 45
45 65 45 56 65
32 75 32 49 62 65 74 75
59 76 59 64 76
18 39 18 25 28 39
7 56 7 23 25 53 56
8 49 8 12 29 35 49
56 82 56 64 80 82
1 82 1 51 82
2 47 2 13 47
7 67 7 23 29 37 58 67
50 60 50 52 60
50 64 50 52 60 64
27 79 27 52 60 73 79
1 54 1 17 42 54
40 78 40 45 78
39 71 39 63 66 71
23 37 23 29 37
57 86 57 60 64 80 82 86
42 76 42 60 64 76
53 73 53 57 60 73
14 81 14 24 42 63 81
56 75 56 65 74 75
59 75 59 74 75
45 80 45 56 60 64 80
23 48 23 25 28 48
39 70 39 70
9 34 9 15 28 34
7 67 7 23 25 28 38 58 67
35 78 35 49 78
41 64 41 46 64
35 78 35 49 67 78
18 43 18 25 43
32 67 32 49 67
29 62 29 36 41 46 62
35 77 35 71 77
34 80 34 39 60 64 80
36 81 36 41 70 81
5 47 5 7 36 43 47
9 59 9 15 41 59
23 49 23 29 35 49
17 66 17 34 66
23 47 23 29 43 47
6 45 6 8 12 21 32 45
39 62 39 62
16 66 16 30 31 37 66
6 80 6 8 47 80
20 48 20 25 28 48
29 61 29 37 58 61
36 61 36 43 61
45 72 45 66 72
20 59 20 41 59
57 68 57 68
5 68 5 32 45 56 57 68
41 61 41 61
32 84 32 45 78 84
21 32 21 32
40 69 40 45 56 57 69
6 65 6 24 58 60 64 65
17 69 17 51 69
52 77 52 77
11 37 11 30 31 37
8 52 8 29 35 49 52
6 35 6 8 29 35
25 33 25 33
55 86 55 72 86
6 57 6 38 56 57
55 72 55 72
51 80 51 78 80
56 66 56 63 66
7 35 7 23 35
41 69 41 58 69
11 42 11 17 42
0 30 0 13 30
3 41 3 36 41
24 80 24 47 80
19 54 19 42 54
19 67 19 33 58 67
36 89 36 43 47 65 74 89
38 84 38 58 67 78 84
45 77 45 71 77
43 86 43 82 86
16 56 16 40 45 56
9 38 9 38
33 81 33 43 70 81
43 81 43 70 81
56 89 56 62 65 74 89
8 57 8 29 56 57
36 76 36 41 76
18 75 18 33 43 62 65 74 75
14 86 14 52 60 64 80 82 86
5 32 5 32
5 55 5 7 35 55
6 59 6 24 36 41 59
37 81 37 81
1 73 1 14 53 56 60 73
53 77 53 63 66 77
0 43 0 8 12 29 36 43
41 69 41 58 69
0 46 0 13 42 46
53 78 53 57 78
2 52 2 13 30 31 49 52
22 87 22 45 78 80 82 87
55 72 55 72
20 41 20 41
6 45 6 8 12 18 32 45
35 76 35 49 52 60 64 76
21 48 21 29 48
23 36 23 29 36
25 47 25 33 43 47
11 30 11 30
31 70 31 70
12 35 12 29 35
2 77 2 50 66 71 77
14 73 14 45 56 73
30 89 30 31 49 66 72 89
32 74 32 59 64 65 74
9 40 9 40
2 51 2 38 51
42 86 42 78 86
19 46 19 32 42 46
24 35 24 35
50 65 50 65
15 53 15 28 53
53 78 53 57 78
42 84 42 54 67 78 84
50 71 50 66 71
29 47 29 36 43 47
57 79 57 60 73 79
20 43 20 43
23 63 23 25 28 53 63
29 77 29 56 57 71 77
7 53 7 9 15 28 53
18 36 18 36
8 49 8 12 21 32 49
59 86 59 64 80 82 86
39 69 39 69
1 57 1 32 45 56 57
15 88 15 51 88
51 62 51 62
3 58 3 9 37 58
6 85 6 41 85
56 80 56 78 80
29 43 29 36 43
1 74 1 17 29 37 58 60 64 65 74
8 36 8 29 36
15 59 15 41 59
10 54 10 18 42 54
41 65 41 58 60 64 65
40 75 40 44 64 65 74 75
10 51 10 22 38 51
0 75 0 28 53 56 62 65 74 75
6 52 6 24 35 49 52
12 60 12 29 37 58 60
8 48 8 12 28 48
21 66 21 32 34 66
57 88 57 68 88
7 67 7 42 54 58 67
5 81 5 7 35 70 81
4 48 4 29 48
38 76 38 58 76
16 89 16 36 62 65 74 89
1 55 1 17 55
1 46 1 17 42 46
51 85 51 85
43 76 43 47 76
19 33 19 33
31 70 31 70
53 77 53 63 66 77
56 80 56 57 64 80
59 82 59 78 80 82
30 62 30 31 49 62
5 67 5 32 42 54 58 67
29 61 29 36 43 61
19 42 19 42
24 35 24 35
13 73 13 30 56 57 60 73
45 69 45 56 57 69
21 34 21 34
28 79 28 52 60 64 65 79
28 39 28 39
38 75 38 62 65 74 75
2 78 2 38 51 78
26 80 26 57 60 64 80
27 49 27 35 49
7 84 7 42 46 78 84
45 77 45 56 61 71 77
14 85 14 34 39 60 64 85
38 80 38 68 80
2 37 2 30 31 37
16 40 16 40
18 67 18 37 58 67
57 82 57 60 64 80 82
26 58 26 41 58
9 65 9 15 39 62 65
58 61 58 61
49 64 49 60 64
35 65 35 55 62 65
6 75 6 47 74 75
27 49 27 49
17 75 17 51 75
51 79 51 62 65 79
9 82 9 40 64 80 82
12 53 12 28 53
5 37 5 7 9 15 28 37
29 49 29 35 49
4 80 4 34 78 80
41 62 41 62
9 58 9 38 58
44 75 44 64 65 74 75
52 77 52 61 71 77
48 74 48 74
27 66 27 35 49 66
23 56 23 25 28 45 56
38 66 38 56 57 66
41 83 41 74 83
18 44 18 25 40 44
50 74 50 65 74
42 75 42 75
41 88 41 46 68 88
1 38 1 14 38
35 68 35 68
0 50 0 2 50
7 41 7 41
42 84 42 54 58 67 78 84
1 45 1 17 40 45
42 78 42 46 78
29 35 29 35
58 65 58 60 64 65
4 65 4 29 57 64 65
1 53 1 17 53
59 64 59 64
39 71 39 63 66 71
9 87 9 33 66 87
36 80 36 80
25 86 25 40 64 80 82 86
41 67 41 58 67
57 70 57 70
2 83 2 41 65 74 83
16 73 16 36 60 73
35 83 35 64 65 74 83
6 35 6 8 29 35
1 38 1 14 38
6 30 6 13 30
48 65 48 65
30 60 30 56 57 60
50 80 50 80
11 56 11 56
27 71 27 37 66 71
9 38 9 38
23 37 23 37
24 59 24 36 41 59
49 79 49 62 65 79
24 55 24 35 55
46 87 46 64 80 82 87
0 52 0 8 12 29 35 49 52
7 82 7 42 46 78 80 82
39 62 39 62
12 35 12 29 35
23 57 23 29 56 57
29 46 29 36 41 46
23 44 23 25 40 44
11 35 11 35
12 81 12 50 70 81
33 87 33 43 68 80 82 87
10 44 10 22 44
43 83 43 47 65 74 83
42 89 42 54 58 73 89
27 61 27 49 52 61
17 85 17 34 39 60 64 85
12 56 12 29 56
38 74 38 58 60 64 65 74
16 41 16 36 41
2 55 2 35 55
38 67 38 58 67
2 54 2 32 42 54
24 84 24 34 78 84
31 76 31 49 60 64 76
55 74 55 62 65 74
55 64 55 60 64
21 42 21 32 42
20 46 20 41 46
8 68 8 29 56 57 68
0 83 0 50 65 74 83
46 83 46 64 65 74 83
21 49 21 29 35 49
2 62 2 39 62
18 56 18 32 45 56
20 68 20 31 68
10 47 10 18 47
42 79 42 46 65 79
36 87 36 43 62 65 87
11 36 11 36
7 39 7 9 15 39
43 88 43 68 88
29 81 29 35 70 81
18 80 18 37 58 60 64 80
6 33 6 8 12 18 33
39 89 39 60 64 65 74 89
1 62 1 30 56 62
28 82 28 57 64 80 82
11 67 11 17 42 54 67
36 68 36 43 68
14 58 14 24 36 41 58
33 76 33 43 47 76
5 78 5 32 42 46 78
6 44 6 24 40 44
31 84 31 49 84
36 70 36 41 70
27 59 27 41 59
0 33 0 20 33
7 38 7 9 15 28 38
5 72 5 39 63 66 72
23 34 23 25 28 34
1 62 1 51 62
4 72 4 45 66 72
58 89 58 73 89
39 75 39 62 65 74 75
11 51 11 17 29 36 51
31 82 31 37 58 80 82
39 79 39 62 65 79
8 83 8 12 28 47 74 83
40 75 40 64 65 74 75
16 59 16 36 41 59
6 60 6 50 52 60
2 44 2 44
13 84 13 42 54 58 67 78 84
6 64 6 34 39 60 64
34 79 34 65 79
53 82 53 57 60 64 80 82
31 81 31 63 81
33 82 33 43 47 80 82
20 40 20 25 40
55 82 55 60 64 80 82
11 55 11 35 55
47 74 47 65 74
12 72 12 42 63 66 72
20 61 20 40 45 56 61
1 35 1 14 24 35
33 80 33 43 68 80
24 42 24 42
55 82 55 60 64 80 82
29 46 29 36 41 46
55 87 55 65 87
15 62 15 39 62
55 60 55 60
12 45 12 18 25 28 45
38 71 38 63 66 71
10 52 10 22 35 49 52
16 47 16 36 43 47
11 48 11 17 29 48
35 71 35 71
12 42 12 21 32 42
30 63 30 56 63
47 75 47 65 74 75
7 48 7 23 25 28 48
30 81 30 56 81
9 66 9 33 66
32 73 32 42 54 58 60 73
19 32 19 32
17 74 17 53 74
1 39 1 17 34 39
42 77 42 63 66 77
0 35 0 10 22 35
49 89 49 52 60 73 89
19 39 19 32 34 39
0 65 0 40 44 64 65
52 87 52 60 73 87
9 37 9 15 28 37
57 79 57 60 73 79
31 76 31 37 58 76
19 58 19 42 54 58
58 82 58 60 64 80 82
49 84 49 67 78 84
12 46 12 21 32 42 46
39 89 39 74 89
9 77 9 40 66 77
58 69 58 69
51 79 51 65 79
32 74 32 59 74
4 59 4 19 32 59
43 77 43 47 66 71 77
25 49 25 31 49
17 36 17 29 36
12 57 12 28 57
6 36 6 24 36
10 63 10 48 63
7 53 7 9 15 28 53
26 48 26 48
21 80 21 55 60 64 80
17 88 17 51 88
28 58 28 37 58
16 81 16 47 70 81
30 61 30 56 61
45 62 45 56 62
11 43 11 36 43
9 47 9 47
19 87 19 54 77 87
13 77 13 47 66 71 77
9 47 9 15 43 47
43 89 43 68 89
35 86 35 82 86
20 38 20 25 28 38
32 76 32 64 76
31 70 31 70
40 76 40 45 56 57 64 76
58 76 58 60 64 76
19 34 19 32 34
9 83 9 54 62 65 74 83
34 78 34 78
6 44 6 8 12 44
15 86 15 45 78 80 82 86
26 39 26 34 39
6 48 6 8 12 18 25 28 48
6 58 6 41 58
1 58 1 58
55 64 55 60 64
7 48 7 9 15 28 48
9 56 9 40 45 56
28 62 28 53 56 62
24 67 24 35 49 67
1 57 1 30 56 57
1 79 1 32 58 73 79
34 82 34 78 80 82
42 84 42 78 84
20 45 20 25 28 45
26 72 26 57 66 72
55 74 55 65 74
44 80 44 64 80
44 65 44 64 65
16 39 16 34 39
12 64 12 50 52 60 64
51 88 51 88
44 74 44 64 65 74
7 89 7 23 52 60 73 89
42 78 42 46 78
41 71 41 58 67 71
36 88 36 41 88
58 75 58 75
19 54 19 54
20 43 20 43
48 71 48 63 66 71
27 37 27 37
32 63 32 45 56 63
15 47 15 28 47
19 60 19 32 34 39 60
13 42 13 42
18 48 18 25 28 48
38 60 38 58 60
14 71 14 43 61 71
37 73 37 58 73
23 56 23 29 56
21 61 21 51 61
37 79 37 58 60 64 65 79
26 71 26 39 63 66 71
33 67 33 58 67
15 37 15 28 37
38 89 38 72 89
7 36 7 36
4 39 4 26 39
37 79 37 58 60 64 65 79
53 72 53 56 57 66 72
53 73 53 57 60 73
49 62 49 62
2 32 2 32
16 73 16 30 56 73
11 30 11 30
4 43 4 29 43
42 86 42 68 80 82 86
21 47 21 29 36 43 47
38 82 38 56 78 80 82
55 86 55 60 64 80 82 86
23 33 23 25 33
23 51 23 29 36 51
24 54 24 42 54
22 43 22 33 43
20 57 20 40 45 56 57
16 56 16 30 56
9 48 9 15 28 48
8 33 8 12 18 33
13 66 13 42 63 66
15 57 15 38 56 57
8 40 8 12 18 25 40
12 57 12 21 57
32 83 32 58 60 64 65 74 83
0 33 0 8 12 18 33
11 54 11 17 42 54
59 83 59 74 83
0 54 0 10 18 54
49 88 49 88
15 62 15 38 51 62
25 60 25 28 45 56 60
9 38 9 15 38
22 63 22 38 63
46 88 46 68 88
49 85 49 60 64 85
8 52 8 29 35 49 52
18 45 18 32 45
14 77 14 52 61 71 77
37 61 37 58 61
10 39 10 18 34 39
8 55 8 12 21 55
58 74 58 60 64 65 74
2 71 2 49 66 71
18 65 18 53 57 60 64 65
55 87 55 65 87
31 75 31 49 75
4 47 4 29 36 43 47
42 72 42 72
37 65 37 58 60 64 65
14 41 14 24 36 41
7 34 7 23 25 28 34
4 36 4 21 29 36
5 38 5 7 9 15 38
53 76 53 57 76
26 34 26 34
43 75 43 47 74 75
31 67 31 37 58 67
42 76 42 54 58 76
17 59 17 29 36 41 59
40 79 40 44 73 79
3 41 3 14 24 36 41
23 52 23 25 31 49 52
26 86 26 39 61 71 86
56 66 56 63 66
21 75 21 32 49 75
19 44 19 40 44
26 46 26 41 46
13 47 13 47
31 60 31 49 60
6 34 6 24 34
0 68 0 28 53 57 68
25 45 25 28 45
0 54 0 10 18 32 42 54
56 64 56 57 64
3 52 3 20 25 28 52
33 71 33 66 71
48 82 48 78 80 82
1 46 1 32 42 46
24 75 24 36 65 74 75
7 51 7 9 15 38 51
56 80 56 60 64 80
53 79 53 57 64 65 79
5 61 5 32 42 54 61
56 88 56 57 68 88
40 78 40 45 56 78
16 34 16 34
1 54 1 17 42 54
17 42 17 42
32 71 32 71
1 37 1 17 29 37
5 71 5 34 66 71
11 82 11 30 80 82
23 31 23 25 31
27 37 27 37
25 52 25 52
27 77 27 48 63 66 77
6 35 6 24 35
38 87 38 62 65 87
42 66 42 63 66
11 69 11 36 41 58 69
59 76 59 64 76
26 62 26 55 62
17 48 17 29 48
9 78 9 33 58 67 78
11 65 11 38 62 65
20 39 20 25 28 39
2 47 2 13 47
21 47 21 29 36 43 47
32 72 32 34 66 72
5 36 5 7 23 29 36
3 78 3 46 78
3 59 3 20 41 59
2 37 2 30 31 37
51 85 51 85
53 62 53 56 62
53 88 53 57 88
22 51 22 38 51
24 45 24 40 45
7 42 7 42
20 85 20 41 58 60 64 85
20 47 20 43 47
56 69 56 57 69
26 48 26 48
1 49 1 17 29 35 49
34 83 34 65 74 83
7 51 7 9 38 51
32 86 32 42 80 82 86
12 68 12 28 45 56 57 68
12 70 12 21 56 57 70
9 61 9 39 61
11 70 11 17 29 56 57 70
6 52 6 13 30 31 49 52
57 69 57 69
20 83 20 40 64 65 74 83
56 79 56 79
40 75 40 45 56 64 65 74 75
18 41 18 36 41
15 84 15 45 56 84
54 78 54 67 78
29 88 29 43 68 88
22 45 22 45
25 45 25 40 45
14 35 14 24 35
6 39 6 13 39
50 80 50 52 60 64 80
37 80 37 58 60 64 80
8 60 8 37 58 60
55 76 55 60 64 76
48 70 48 70
53 61 53 61
7 46 7 23 29 36 41 46
0 66 0 40 45 66
59 75 59 64 65 74 75
32 74 32 45 56 57 64 65 74
6 31 6 8 12 18 25 31
6 55 6 8 12 29 35 55
9 44 9 40 44
6 74 6 13 30 65 74
15 39 15 28 34 39
35 78 35 49 78
24 74 24 36 60 64 65 74
57 84 57 84
8 58 8 54 58
12 83 12 47 65 74 83
13 81 13 31 63 81
28 87 28 34 66 77 87
43 76 43 47 76
11 46 11 36 41 46
8 47 8 29 43 47
6 41 6 41
13 52 13 31 49 52
15 66 15 45 66
52 75 52 75
30 69 30 31 37 69
10 43 10 33 43
2 70 2 39 70
35 75 35 75
3 85 3 33 58 60 64 85
19 89 19 33 70 89
36 75 36 60 64 65 74 75
12 43 12 29 36 43
39 75 39 65 74 75
10 48 10 48
49 76 49 60 64 76
7 50 7 9 50
5 42 5 7 42
29 49 29 35 49
47 87 47 80 82 87
33 82 33 58 60 64 80 82
19 66 19 40 66
35 78 35 49 78
34 84 34 78 84
45 84 45 78 84
4 39 4 19 32 34 39
0 59 0 41 59
56 86 56 57 68 86
1 32 1 32
29 59 29 36 41 59
8 51 8 29 36 51
42 74 42 54 62 65 74
10 55 10 22 55
5 89 5 52 60 73 89
5 60 5 34 39 60
40 70 40 45 70
43 62 43 62
7 77 7 23 25 52 61 71 77
31 72 31 49 66 72
26 62 26 41 62
2 38 2 38
40 84 40 78 84
49 79 49 52 60 64 65 79
12 85 12 44 64 85
38 78 38 58 67 78
38 73 38 56 60 73
23 48 23 29 48
36 68 36 43 68
0 52 0 50 52
59 74 59 64 65 74
50 73 50 52 60 73
20 74 20 59 64 65 74
11 52 11 30 31 49 52
12 44 12 44
41 80 41 58 60 64 80
12 40 12 18 25 40
15 65 15 44 64 65
47 80 47 80
6 64 6 24 55 60 64
21 54 21 32 42 54
6 50 6 50
36 72 36 41 59 72
3 59 3 14 24 36 41 59
5 44 5 7 23 25 40 44
31 66 31 49 66
31 66 31 63 66
28 56 28 53 56
17 43 17 29 43
7 31 7 23 25 31
4 54 4 19 32 42 54
1 47 1 14 43 47
21 46 21 29 36 41 46
38 74 38 56 62 65 74
56 80 56 57 60 64 80
12 35 12 29 35
12 88 12 50 52 88
46 76 46 64 76
26 82 26 55 60 64 80 82
27 41 27 41
23 34 23 25 28 34
41 61 41 61
47 66 47 66
15 86 15 59 64 80 82 86
36 69 36 41 58 69
25 66 25 43 47 66
14 38 14 38
49 66 49 66
23 46 23 29 36 41 46
5 57 5 7 9 56 57
19 34 19 32 34
5 54 5 32 42 54
7 57 7 45 56 57
38 89 38 56 73 89
9 47 9 47
24 51 24 36 51
21 54 21 32 42 54
58 84 58 67 78 84
9 59 9 15 59
12 89 12 50 72 89
31 65 31 49 52 60 64 65
51 88 51 88
18 69 18 37 69
57 73 57 60 73
3 47 3 20 25 33 43 47
16 44 16 40 44
30 76 30 56 60 64 76
33 82 33 43 82
0 36 0 10 18 36
9 48 9 15 28 48
32 75 32 45 56 62 65 74 75
8 39 8 12 28 39
7 87 7 48 63 66 77 87
49 71 49 66 71
54 84 54 67 78 84
38 63 38 63
23 59 23 29 36 41 59
0 38 0 2 38
20 53 20 25 28 53
1 58 1 58
32 75 32 75
0 33 0 10 33
37 85 37 58 60 64 85
5 46 5 32 42 46
29 46 29 36 41 46
21 58 21 32 42 54 58
19 89 19 45 66 72 89
20 47 20 25 43 47
41 88 41 88
3 73 3 34 39 60 73
6 58 6 38 58
54 73 54 58 60 73
33 79 33 43 47 65 79
33 61 33 43 61
59 80 59 78 80
52 82 52 60 64 80 82
31 86 31 78 80 82 86
21 56 21 32 45 56
1 41 1 14 24 36 41
35 77 35 71 77
0 53 0 2 53
39 86 39 63 66 72 86
27 46 27 46
59 65 59 64 65
57 87 57 71 87
17 39 17 34 39
2 86 2 13 31 68 86
33 71 33 43 61 71
38 85 38 58 60 64 85
48 87 48 65 87
56 85 56 60 64 85
23 57 23 29 57
31 86 31 63 66 72 86
59 86 59 78 86
9 33 9 33
54 82 54 67 80 82
48 62 48 62
20 48 20 25 28 48
3 52 3 52
21 71 21 57 71
42 81 42 63 81
19 62 19 32 42 46 62
31 81 31 63 81
57 69 57 69
21 32 21 32
15 53 15 28 53
50 88 50 52 88
13 61 13 31 37 58 61
3 59 3 36 41 59
29 78 29 36 51 78
28 57 28 57
21 52 21 29 35 49 52
56 79 56 60 73 79
11 35 11 17 29 35
46 83 46 62 65 74 83
21 57 21 32 45 56 57
10 57 10 53 57
55 74 55 65 74
2 80 2 56 60 64 80
45 66 45 56 63 66
0 35 0 10 22 35
39 73 39 60 73
3 84 3 14 53 57 78 84
51 87 51 62 65 87
40 73 40 44 73
25 34 25 28 34
37 72 37 66 72
19 39 19 32 34 39
4 51 4 21 29 36 51
34 63 34 39 63
39 65 39 62 65
57 87 57 71 87
23 89 23 37 66 72 89
0 33 0 20 33
31 74 31 37 58 60 64 65 74
3 32 3 8 12 21 32
16 51 16 36 51
18 83 18 37 58 60 64 65 74 83
32 62 32 45 56 62
51 61 51 61
31 79 31 79
47 89 47 89
6 52 6 8 29 35 49 52
1 32 1 32
4 37 4 29 37
41 74 41 46 62 65 74
38 62 38 62
27 52 27 35 49 52
23 55 23 35 55
29 55 29 35 55
31 89 31 70 89
13 31 13 31
12 34 12 28 34
49 74 49 60 64 65 74
26 78 26 41 78
19 80 19 45 56 57 68 80
12 66 12 42 63 66
31 85 31 49 52 60 64 85
52 76 52 60 64 76
53 69 53 56 57 69
2 46 2 13 42 46
58 69 58 69
17 46 17 42 46
5 65 5 52 60 64 65
9 89 9 47 74 89
54 79 54 62 65 79
6 80 6 13 56 60 64 80
13 87 13 56 61 71 77 87
11 34 11 17 34
35 74 35 55 65 74
11 71 11 36 51 61 71
7 53 7 53
5 64 5 52 60 64
44 79 44 73 79
53 86 53 56 64 80 82 86
39 79 39 60 73 79
18 73 18 36 41 58 73
6 57 6 38 56 57
20 88 20 31 49 52 88
32 88 32 42 46 68 88
21 64 21 32 64
8 33 8 12 18 25 33
57 87 57 60 64 80 82 87
20 77 20 31 63 66 71 77
22 51 22 38 51
26 48 26 48
43 66 43 47 66
5 36 5 7 36
52 89 52 60 73 89
17 70 17 34 39 70
19 46 19 42 46
2 56 2 32 45 56
18 40 18 25 40
25 53 25 28 53
23 52 23 35 49 52
12 47 12 28 47
14 59 14 24 36 41 59
11 52 11 52
35 79 35 49 73 79
54 61 54 61
16 50 16 50
23 38 23 25 28 38
42 88 42 46 68 88
14 53 14 53
8 56 8 12 21 29 56
53 84 53 56 78 84
25 44 25 40 44
5 44 5 7 9 15 44
15 46 15 41 46
58 64 58 60 64
31 85 31 49 52 60 64 85
44 85 44 64 85
20 57 20 40 45 56 57
50 86 50 52 86
37 73 37 58 60 73
49 77 49 66 77
29 59 29 36 41 59
21 43 21 29 43
19 56 19 45 56
16 44 16 40 44
6 47 6 24 47
30 77 30 56 57 66 77
11 58 11 41 58
4 51 4 51
18 84 18 32 59 78 84
11 79 11 52 60 73 79
7 31 7 23 25 31
36 84 36 51 78 84
3 44 3 14 24 40 44
9 56 9 56
24 68 24 40 45 56 57 68
2 45 2 32 45
30 80 30 80
19 58 19 32 58
27 41 27 41
4 56 4 19 32 45 56
58 86 58 61 71 86
20 66 20 49 66
11 36 11 36
52 73 52 60 73
15 59 15 41 59
19 32 19 32
5 45 5 7 9 40 45
3 84 3 20 37 58 67 78 84
43 76 43 47 76
11 55 11 35 55
39 85 39 60 64 85
16 56 16 40 45 56
55 83 55 65 74 83
19 86 19 40 44 72 86
23 49 23 25 31 49
10 35 10 22 35
30 79 30 65 79
4 37 4 29 37
0 41 0 41
57 88 57 68 88
33 84 33 58 67 78 84
20 80 20 41 68 80
38 64 38 58 60 64
43 81 43 47 81
1 72 1 30 56 63 66 72
53 64 53 56 57 60 64
23 58 23 29 36 41 58
10 62 10 50 62
10 54 10 18 42 54
7 77 7 41 58 67 71 77
38 73 38 56 60 73
51 89 51 89
30 65 30 56 60 64 65
42 66 42 63 66
14 57 14 38 56 57
11 43 11 43
56 76 56 63 76
51 83 51 62 65 74 83
55 79 55 62 65 79
38 73 38 56 57 60 73
28 56 28 38 56
9 48 9 15 28 48
5 58 5 32 42 54 58
15 34 15 28 34
15 58 15 38 58
45 75 45 56 62 65 74 75
28 84 28 38 51 78 84
53 68 53 57 68
2 77 2 13 47 66 71 77
40 72 40 44 72
50 81 50 70 81
42 73 42 54 58 60 73
48 63 48 63
17 36 17 29 36
21 78 21 29 57 78
0 48 0 10 18 25 28 48
49 88 49 88
19 78 19 40 45 56 57 78
10 33 10 18 25 33
41 82 41 58 80 82
0 32 0 2 32
22 33 22 33
57 72 57 66 72
28 66 28 38 56 63 66
48 71 48 63 66 71
8 84 8 38 51 78 84
30 68 30 56 57 68
59 79 59 64 65 79
42 62 42 54 62
41 65 41 62 65
4 67 4 42 54 58 67
42 62 42 54 62
54 76 54 58 60 64 76
10 58 10 18 33 58
31 87 31 68 80 82 87
6 37 6 13 30 31 37
40 61 40 45 56 61
54 60 54 58 60
12 71 12 18 32 67 71
30 74 30 31 37 58 60 64 65 74
20 44 20 40 44
12 81 12 18 25 43 47 81
2 50 2 50
10 87 10 53 87
6 41 6 41
58 67 58 67
6 38 6 38
38 78 38 56 78
3 35 3 14 24 35
27 47 27 47
23 47 23 25 28 47
42 80 42 68 80
27 79 27 39 65 79
23 47 23 25 33 43 47
58 61 58 61
44 72 44 72
41 84 41 46 78 84
29 58 29 37 58
10 79 10 22 55 60 64 65 79
27 89 27 47 66 72 89
28 74 28 45 56 64 65 74
24 41 24 36 41
24 56 24 40 45 56
0 31 0 13 31
18 36 18 36
4 49 4 19 32 49
12 47 12 21 29 36 43 47
14 42 14 42
4 60 4 19 40 45 56 57 60
20 56 20 25 53 56
37 85 37 58 60 64 85
36 66 36 43 47 66
26 39 26 34 39
28 78 28 37 58 67 78
21 32 21 32
5 34 5 34
6 66 6 34 66
15 57 15 45 56 57
3 34 3 9 15 28 34
5 54 5 32 42 54
8 61 8 54 61
48 72 48 63 66 72
21 68 21 32 45 56 57 68
14 41 14 24 36 41
30 77 30 56 63 66 71 77
16 79 16 36 51 62 65 79
1 41 1 17 29 36 41
25 49 25 31 49
13 54 13 42 54
21 32 21 32
38 73 38 56 60 73
11 59 11 41 59
16 71 16 50 52 61 71
6 46 6 13 42 46
3 46 3 8 29 36 41 46
28 84 28 37 84
28 64 28 39 60 64
38 61 38 58 61
44 89 44 72 89
45 80 45 78 80
58 60 58 60
22 82 22 52 60 64 80 82
6 83 6 51 65 74 83
21 54 21 32 42 54
41 81 41 81
17 49 17 29 35 49
23 89 23 35 68 89
21 57 21 29 56 57
12 72 12 18 59 72
36 87 36 51 62 65 87
24 39 24 34 39
59 64 59 64
22 45 22 45
3 70 3 20 25 53 56 57 70
10 65 10 18 25 40 64 65
49 71 49 52 61 71
17 86 17 34 78 80 82 86
50 79 50 65 79
47 71 47 66 71
33 78 33 58 67 78
5 36 5 7 23 29 36
55 83 55 83
30 79 30 31 37 58 60 73 79
23 62 23 35 49 62
40 79 40 45 56 79
12 39 12 18 32 34 39
18 58 18 37 58
11 48 11 17 29 48
0 85 0 40 64 85
8 89 8 39 70 89
49 85 49 52 60 64 85
25 45 25 40 45
18 31 18 25 31
10 39 10 18 32 34 39
46 84 46 78 84
36 83 36 60 64 65 74 83
22 56 22 38 56
27 41 27 41
21 72 21 29 37 66 72
54 62 54 62
51 86 51 78 86
51 69 51 69
38 72 38 56 63 66 72
25 82 25 28 52 80 82
1 36 1 14 24 36
27 76 27 35 64 76
1 47 1 17 29 36 43 47
34 62 34 39 62
7 54 7 9 54
25 53 25 28 53
57 73 57 60 73
0 49 0 27 49
12 73 12 50 52 60 73
44 64 44 64
4 34 4 21 32 34
58 60 58 60
20 46 20 41 46
27 47 27 47
3 75 3 49 60 64 65 74 75
21 39 21 32 34 39
4 56 4 45 56
1 34 1 14 24 34
2 32 2 32
29 58 29 37 58
32 64 32 45 56 57 60 64
39 65 39 62 65
47 77 47 66 77
0 31 0 13 30 31
51 79 51 79
6 60 6 24 55 60
38 78 38 51 78
5 47 5 7 9 15 43 47
8 52 8 29 35 49 52
11 77 11 17 51 77
42 72 42 72
58 87 58 80 82 87
5 32 5 32
54 61 54 58 61
26 46 26 41 46
20 64 20 33 58 60 64
7 85 7 58 60 64 85
14 51 14 24 36 51
27 81 27 37 81
42 84 42 54 58 67 78 84
54 65 54 58 60 64 65
6 55 6 24 55
22 70 22 33 70
25 39 25 28 39
34 66 34 66
21 81 21 56 57 81
35 73 35 49 60 73
0 62 0 2 49 62
2 52 2 35 49 52
21 59 21 32 59
21 69 21 51 69
20 43 20 25 43
46 86 46 68 86
6 86 6 50 52 86
49 64 49 60 64
8 58 8 12 28 37 58
7 42 7 42
43 72 43 47 66 72
40 60 40 45 56 60
53 75 53 56 60 64 65 74 75
51 71 51 61 71
2 55 2 35 55
50 82 50 52 60 64 80 82
11 80 11 30 80
23 68 23 29 57 68
39 87 39 80 82 87
25 45 25 40 45
20 70 20 25 40 45 70
45 68 45 56 57 68
19 44 19 44
16 47 16 36 43 47
35 60 35 55 60
40 66 40 45 66
2 31 2 13 30 31
18 64 18 52 60 64
5 56 5 32 45 56
16 46 16 36 41 46
32 68 32 45 56 57 68
12 69 12 28 53 56 57 69
6 43 6 8 29 43
13 37 13 30 31 37
9 33 9 33
53 87 53 87
56 68 56 57 68
46 82 46 64 80 82
49 82 49 52 60 64 80 82
29 46 29 36 41 46
6 47 6 47
41 71 41 61 71
5 61 5 32 42 54 61
35 76 35 55 76
26 74 26 41 74
11 30 11 30
3 87 3 36 87
42 85 42 46 85
25 71 25 52 61 71
10 59 10 18 32 59
29 43 29 43
2 45 2 32 45
0 63 0 8 39 63
47 74 47 65 74
39 62 39 62
55 85 55 60 64 85
38 78 38 56 78
14 43 14 43
16 69 16 34 39 69
49 77 49 67 77
6 43 6 24 36 43
48 80 48 78 80
18 64 18 52 60 64
28 87 28 45 87
50 70 50 70
22 51 22 38 51
54 64 54 58 60 64
42 61 42 61
38 86 38 56 61 71 86
21 37 21 29 37
39 60 39 60
34 74 34 65 74
12 59 12 29 36 41 59
34 86 34 66 71 86
43 72 43 47 66 72
39 65 39 60 64 65
20 60 20 31 37 58 60
9 57 9 56 57
22 79 22 38 58 73 79
3 87 3 33 58 80 82 87
2 41 2 41
27 48 27 48
47 89 47 66 72 89
1 36 1 14 24 36
15 45 15 28 45
3 32 3 8 12 21 32
45 82 45 56 78 80 82
8 45 8 12 18 32 45
40 75 40 45 56 57 60 64 65 74 75
48 82 48 78 80 82
17 71 17 51 71
39 83 39 74 83
0 48 0 10 48
54 80 54 58 80
59 89 59 64 65 74 89
41 65 41 59 64 65
57 76 57 64 76
4 43 4 21 29 43
6 30 6 13 30
56 66 56 57 66
17 70 17 40 45 56 57 70
33 68 33 43 68
8 76 8 41 76
34 71 34 66 71
2 46 2 41 46
9 58 9 54 58
18 40 18 25 40
11 43 11 36 43
21 71 21 32 34 66 71
29 62 29 56 62
10 35 10 22 35
52 74 52 60 64 65 74
26 41 26 41
45 81 45 81
21 84 21 51 78 84
30 62 30 56 62
10 53 10 22 53
16 88 16 30 56 57 88
19 67 19 58 67
28 66 28 45 56 63 66
30 86 30 56 78 86
28 48 28 48
34 73 34 39 60 73
12 81 12 57 70 81
36 69 36 41 58 69
53 88 53 57 88
11 57 11 17 40 45 56 57
27 39 27 39
16 49 16 30 31 49
3 40 3 20 40
54 85 54 85
47 72 47 66 72
14 88 14 53 56 57 68 88
5 52 5 52
42 73 42 54 58 73
36 89 36 62 65 74 89
57 70 57 70
57 83 57 64 65 74 83
12 56 12 18 32 45 56
0 56 0 56
6 74 6 8 54 58 60 64 65 74
36 65 36 41 62 65
32 82 32 58 80 82
3 44 3 20 25 40 44
31 88 31 68 88
57 87 57 66 71 87
21 48 21 29 48
6 66 6 24 47 66
7 45 7 23 25 40 45
9 89 9 37 72 89
45 81 45 70 81
5 56 5 32 45 56
53 69 53 57 69
13 86 13 56 60 64 80 82 86
42 85 42 60 64 85
4 78 4 34 78
43 61 43 61
8 54 8 12 42 54
2 44 2 44
15 37 15 28 37
5 55 5 7 35 55
7 52 7 23 52
38 85 38 56 57 60 64 85
11 41 11 36 41
37 89 37 72 89
15 76 15 38 63 76
50 81 50 70 81
34 83 34 39 62 65 74 83
13 52 13 30 31 49 52
1 46 1 32 42 46
25 34 25 28 34
42 72 42 72
6 54 6 13 42 54
57 64 57 60 64
8 69 8 39 69
2 56 2 30 56
20 67 20 25 28 38 58 67
15 86 15 44 64 80 82 86
54 82 54 80 82
2 31 2 13 30 31
36 87 36 41 46 65 87
58 79 58 73 79
28 34 28 34
36 73 36 60 73
27 39 27 39
40 60 40 45 56 57 60
1 65 1 58 60 64 65
3 67 3 20 31 37 58 67
18 87 18 42 87
1 56 1 30 56
48 72 48 63 66 72
50 87 50 65 87
7 36 7 23 29 36
27 62 27 46 62
19 74 19 40 44 64 65 74
12 36 12 29 36
18 51 18 25 28 38 51
38 89 38 68 89
23 55 23 35 55
37 87 37 82 87
8 77 8 37 66 71 77
12 39 12 28 34 39
11 58 11 36 41 58
8 58 8 54 58
40 84 40 45 78 84
7 56 7 23 25 28 38 56
8 52 8 29 35 49 52
10 74 10 50 65 74
27 39 27 39
18 76 18 53 63 76
20 37 20 31 37
8 79 8 41 58 73 79
14 40 14 24 40
33 85 33 58 60 64 85
6 56 6 38 56
57 74 57 64 65 74
18 49 18 49
22 84 22 57 84
49 64 49 60 64
6 49 6 24 35 49
30 78 30 31 49 67 78
19 62 19 42 46 62
37 66 37 66
5 64 5 52 60 64
32 68 32 45 56 57 68
58 73 58 73
2 50 2 50
0 55 0 2 35 55
46 89 46 65 74 89
8 40 8 12 18 25 40
57 75 57 60 64 65 74 75
15 64 15 41 58 60 64
48 78 48 78
24 71 24 40 66 71
53 80 53 56 78 80
50 62 50 62
33 80 33 58 60 64 80
17 82 17 55 60 64 80 82
40 83 40 44 83
52 79 52 60 73 79
59 80 59 64 80
35 86 35 55 72 86
3 38 3 20 25 28 38
43 80 43 68 80
15 81 15 43 47 81
53 73 53 57 60 73
6 62 6 50 62
31 60 31 37 58 60
2 59 2 32 59
25 40 25 40
16 47 16 36 43 47
44 83 44 74 83
30 62 30 56 62
49 87 49 52 60 73 87
20 56 20 25 40 45 56
26 34 26 34
31 78 31 37 58 67 78
1 82 1 17 29 57 60 64 80 82
17 83 17 29 36 43 47 65 74 83
25 86 25 31 63 66 72 86
27 74 27 37 58 60 64 65 74
5 57 5 7 9 38 56 57
21 45 21 32 45
24 44 24 40 44
31 82 31 37 58 80 82
34 89 34 66 72 89
50 76 50 76
18 62 18 36 43 62
10 59 10 18 36 41 59
17 42 17 42
21 83 21 58 60 64 65 74 83
20 38 20 25 28 38
4 56 4 21 29 56
40 77 40 71 77
47 83 47 74 83
25 58 25 33 58
31 72 31 37 66 72
24 56 24 40 45 56
27 39 27 39
30 85 30 31 37 58 60 64 85
53 72 53 57 66 72
28 57 28 38 56 57
0 46 0 36 41 46
0 56 0 8 29 56
5 67 5 32 58 67
33 84 33 58 67 78 84
11 65 11 52 60 64 65
0 66 0 40 66
17 72 17 40 66 72
11 55 11 17 55
7 41 7 23 29 36 41
2 49 2 30 31 49
8 86 8 38 72 86
45 86 45 78 80 82 86
29 81 29 37 81
36 85 36 51 85
42 79 42 46 65 79
37 64 37 58 60 64
30 74 30 56 57 60 64 65 74
36 61 36 51 61
10 50 10 18 50
12 82 12 28 34 78 80 82
31 74 31 49 52 60 64 65 74
31 88 31 68 88
4 49 4 21 32 49
0 41 0 20 41
24 47 24 36 43 47
1 85 1 14 53 56 60 64 85
19 76 19 40 45 56 64 76
54 69 54 58 69
16 36 16 36
7 82 7 45 78 80 82
23 39 23 39
3 58 3 36 41 58
30 76 30 56 60 64 76
6 59 6 41 59
32 82 32 58 67 78 80 82
6 30 6 13 30
16 57 16 40 45 56 57
40 71 40 71
32 85 32 42 54 58 60 64 85
6 39 6 13 39
11 42 11 17 42
4 43 4 21 29 43
18 39 18 32 34 39
54 71 54 67 71
36 61 36 43 61
49 75 49 52 75
21 51 21 51
13 37 13 30 31 37
53 81 53 63 81
55 64 55 60 64
13 86 13 56 64 80 82 86
26 34 26 34
35 65 35 55 60 64 65
13 88 13 30 31 68 88
20 49 20 25 31 49
19 43 19 33 43
18 36 18 36
53 82 53 57 60 64 80 82
55 86 55 60 64 80 82 86
8 51 8 12 28 38 51
8 44 8 12 44
24 64 24 55 60 64
0 34 0 8 12 21 32 34
10 47 10 43 47
30 84 30 31 37 58 67 78 84
59 88 59 88
18 81 18 32 34 81
9 41 9 15 41
6 88 6 24 43 68 88
25 58 25 33 58
17 56 17 29 56
10 46 10 18 32 42 46
42 68 42 46 68
46 84 46 78 84
17 59 17 29 36 41 59
6 33 6 8 12 18 25 33
53 84 53 56 57 78 84
27 74 27 39 74
7 61 7 53 56 61
18 45 18 32 45
2 45 2 32 45
11 87 11 17 51 62 65 87
40 77 40 45 56 63 66 77
55 60 55 60
51 77 51 77
16 46 16 36 41 46
24 54 24 42 54
1 66 1 32 42 63 66
41 80 41 68 80
9 41 9 15 41
35 82 35 55 60 64 80 82
29 77 29 43 61 71 77
1 62 1 14 24 43 62
57 83 57 60 64 65 74 83
18 39 18 25 28 39
47 65 47 65
3 48 3 20 25 28 48
19 77 19 45 56 63 66 77
51 61 51 61
0 38 0 8 12 28 38
30 60 30 56 57 60
31 73 31 73
41 73 41 58 73
48 88 48 88
47 79 47 65 79
28 51 28 38 51
4 61 4 34 39 61
41 61 41 58 61
49 87 49 67 78 80 82 87
53 84 53 56 57 78 84
27 59 27 41 59
7 48 7 9 15 28 48
22 57 22 53 56 57
38 81 38 63 81
44 79 44 73 79
33 74 33 58 60 64 65 74
17 51 17 51
43 61 43 61
3 48 3 8 12 29 48
34 79 34 65 79
26 47 26 47
47 74 47 74
30 87 30 56 78 80 82 87
6 49 6 8 12 21 32 49
10 45 10 18 32 45
17 60 17 53 56 57 60
8 42 8 12 18 32 42
48 63 48 63
37 77 37 66 71 77
19 84 19 33 58 67 78 84
18 48 18 25 28 48
52 76 52 60 64 76
38 62 38 62
17 58 17 29 36 41 58
20 43 20 25 43
2 75 2 53 57 60 64 65 74 75
30 79 30 31 49 73 79
46 64 46 64
53 86 53 86
52 65 52 60 64 65
35 67 35 49 67
11 49 11 17 29 35 49
37 84 37 84
5 51 5 7 23 25 51
2 47 2 13 47
28 64 28 53 57 64
34 86 34 78 86
1 51 1 17 29 36 51
38 81 38 56 63 81
41 71 41 58 67 71
16 63 16 34 39 63
21 55 21 55
48 82 48 78 80 82
3 59 3 9 15 59
31 74 31 49 74
56 64 56 60 64
28 52 28 52
6 43 6 24 36 43
44 73 44 73
25 37 25 31 37
3 54 3 8 54
32 87 32 71 87
1 72 1 50 66 72
52 86 52 60 64 80 82 86
7 42 7 42
43 88 43 68 88
24 56 24 40 45 56
4 58 4 29 36 41 58
15 77 15 52 77
28 39 28 39
54 86 54 58 80 82 86
59 72 59 72
7 50 7 9 50
56 80 56 64 80
16 62 16 30 31 49 62
42 64 42 54 58 60 64
17 74 17 51 62 65 74
25 83 25 28 52 60 64 65 74 83
36 79 36 43 47 65 79
50 77 50 66 71 77
21 87 21 56 64 80 82 87
10 46 10 18 42 46
2 37 2 13 31 37
25 65 25 28 47 65
10 75 10 33 58 60 64 65 74 75
22 35 22 35
31 89 31 37 72 89
20 58 20 41 58
18 85 18 49 60 64 85
20 81 20 33 43 70 81
14 66 14 40 45 66
51 85 51 85
52 88 52 88
45 89 45 89
19 57 19 40 45 56 57
4 40 4 19 40
9 52 9 15 52
19 57 19 40 45 56 57
43 80 43 68 80
28 38 28 38
34 63 34 39 63
10 69 10 53 57 69
20 48 20 25 28 48
50 61 50 52 61
53 68 53 56 57 68
18 51 18 36 51
17 58 17 42 54 58
9 46 9 15 41 46
14 55 14 24 35 55
33 85 33 58 60 64 85
16 30 16 30
6 41 6 8 12 29 36 41
42 79 42 46 65 79
19 63 19 32 42 63
15 63 15 28 53 63
6 41 6 8 12 29 36 41
24 45 24 40 45
21 59 21 29 36 41 59
3 50 3 8 12 18 50
31 89 31 49 52 60 64 65 74 89
37 73 37 58 73
21 69 21 58 69
28 73 28 37 58 60 73
41 73 41 58 60 73
56 71 56 57 66 71
49 76 49 60 64 76
13 57 13 56 57
15 38 15 38
3 36 3 14 24 36
14 69 14 54 58 69
10 56 10 18 53 56
56 66 56 57 66
12 85 12 42 60 64 85
12 42 12 42
21 41 21 29 36 41
7 45 7 9 40 45
10 88 10 50 52 88
56 82 56 60 64 80 82
4 37 4 21 29 37
31 89 31 49 62 65 74 89
14 60 14 40 45 56 60
17 42 17 42
10 44 10 22 44
42 67 42 54 58 67
56 86 56 57 68 80 82 86
27 65 27 52 60 64 65
1 83 1 55 65 74 83
55 86 55 72 86
21 58 21 29 37 58
37 65 37 58 60 64 65
18 46 18 32 42 46
9 78 9 56 57 78
13 54 13 42 54
28 53 28 53
1 80 1 44 64 80
3 32 3 8 12 18 32
10 82 10 33 58 67 80 82
25 44 25 40 44
3 82 3 8 12 21 57 78 80 82
11 53 11 17 53
20 63 20 31 63
6 40 6 24 40
14 52 14 24 35 49 52
4 57 4 57
58 89 58 67 89
2 58 2 30 31 37 58
22 89 22 57 66 72 89
22 64 22 49 52 60 64
45 79 45 56 60 73 79
3 88 3 33 43 68 88
30 69 30 31 37 58 69
29 55 29 35 55
12 51 12 21 51
5 46 5 32 42 46
57 77 57 66 77
18 32 18 32
37 78 37 58 67 78
53 62 53 56 62
7 51 7 36 51
12 80 12 18 37 58 67 80
4 37 4 21 29 37
29 49 29 35 49
0 53 0 28 53
21 62 21 34 39 62
15 84 15 38 51 78 84
55 82 55 60 64 80 82
14 53 14 53
31 63 31 63
22 61 22 43 61
18 36 18 36
3 35 3 8 29 35
14 89 14 59 74 89
34 83 34 83
48 89 48 74 89
30 68 30 56 57 68
29 79 29 57 64 65 79
20 47 20 33 43 47
32 66 32 45 56 63 66
15 88 15 41 46 68 88
11 68 11 43 68
53 86 53 56 63 66 72 86
10 80 10 50 80
13 73 13 56 60 73
38 65 38 58 60 64 65
14 58 14 42 54 58
11 42 11 17 42
8 53 8 12 28 53
29 37 29 37
39 77 39 61 71 77
36 83 36 43 83
7 80 7 48 78 80
36 65 36 65
42 83 42 46 74 83
4 88 4 33 43 68 88
32 88 32 45 56 57 68 88
53 85 53 56 57 64 85
25 37 25 28 37
16 76 16 40 44 76
22 70 22 33 43 70
33 79 33 58 73 79
23 37 23 29 37
53 63 53 56 63
16 50 16 50
4 74 4 56 57 60 64 65 74
1 54 1 32 42 54
31 78 31 78
7 73 7 9 38 58 60 73
47 74 47 74
21 51 21 29 36 51
8 52 8 29 35 49 52
7 38 7 9 15 28 38
18 48 18 25 28 48
33 89 33 43 70 89
35 81 35 55 81
16 45 16 40 45
2 88 2 53 56 57 68 88
35 83 35 55 65 74 83
17 86 17 34 66 72 86
48 78 48 78
57 85 57 64 85
23 51 23 29 36 51
3 38 3 14 38
2 37 2 13 31 37
6 69 6 34 39 69
28 58 28 37 58
53 82 53 56 78 80 82
23 35 23 29 35
21 72 21 32 59 72
3 40 3 40
32 66 32 42 63 66
12 34 12 21 34
6 32 6 8 12 21 32
18 37 18 25 28 37
40 65 40 64 65
36 76 36 43 47 76
56 60 56 57 60
49 67 49 67
8 86 8 39 80 82 86
34 61 34 39 61
15 81 15 43 70 81
56 73 56 57 60 73
45 89 45 89
15 56 15 38 56
50 64 50 52 60 64
29 46 29 36 41 46
45 76 45 56 57 60 64 76
52 64 52 60 64
22 63 22 38 56 63
15 41 15 41
4 55 4 19 55
41 61 41 61
4 49 4 21 32 49
25 31 25 31
23 51 23 25 51
9 43 9 33 43
29 57 29 56 57
21 51 21 29 36 51
4 86 4 33 43 47 66 72 86
56 76 56 64 76
34 76 34 39 63 76
8 68 8 38 56 57 68
24 54 24 42 54
28 51 28 38 51
30 80 30 31 37 58 80
7 68 7 53 57 68
12 31 12 18 25 31
5 49 5 7 23 29 35 49
55 87 55 60 73 87
9 70 9 39 70
23 76 23 25 33 58 60 64 76
47 87 47 65 87
55 82 55 60 64 80 82
25 38 25 28 38
15 37 15 28 37
1 52 1 14 52
34 77 34 39 63 66 77
10 78 10 22 57 78
29 60 29 36 60
50 83 50 52 60 64 65 74 83
4 69 4 45 56 57 69
1 73 1 32 49 60 73
33 73 33 58 60 73
10 55 10 22 55
9 50 9 50
53 81 53 56 81
45 68 45 56 57 68
1 42 1 14 24 42
50 86 50 66 71 86
21 56 21 32 45 56
5 40 5 7 9 40
8 41 8 29 36 41
3 45 3 20 40 45
5 77 5 7 53 56 61 71 77
28 61 28 53 56 61
35 62 35 49 62
52 86 52 61 71 86
21 32 21 32
12 52 12 29 35 49 52
56 81 56 63 81
18 66 18 49 66
8 52 8 29 35 49 52
7 42 7 42
57 73 57 60 73
24 63 24 34 39 63
34 72 34 39 63 66 72
54 67 54 67
46 88 46 68 88
29 51 29 36 51
35 82 35 49 52 60 64 80 82
34 82 34 39 60 64 80 82
1 77 1 32 49 52 77
31 67 31 37 58 67
44 72 44 72
25 53 25 28 53
8 33 8 12 18 33
4 86 4 34 78 86
35 71 35 71
58 82 58 80 82
16 84 16 40 78 84
31 68 31 68
30 73 30 56 60 73
42 74 42 46 62 65 74
1 41 1 17 29 36 41
16 89 16 40 44 73 89
13 47 13 47
12 49 12 21 29 35 49
20 45 20 25 40 45
21 79 21 56 64 65 79
56 89 56 73 89
33 80 33 58 60 64 80
17 81 17 42 63 81
7 64 7 42 60 64
43 86 43 47 80 82 86
32 88 32 42 68 88
16 44 16 40 44
58 75 58 75
4 54 4 21 32 42 54
5 56 5 7 53 56
7 45 7 9 40 45
54 87 54 62 65 87
9 75 9 15 59 64 65 74 75
18 75 18 33 43 62 65 74 75
8 43 8 29 43
57 71 57 66 71
8 44 8 12 44
55 89 55 65 74 89
33 79 33 58 60 73 79
1 60 1 14 54 58 60
27 85 27 58 60 64 85
43 65 43 47 65
4 83 4 34 65 74 83
30 87 30 65 87
1 39 1 17 34 39
39 69 39 69
28 37 28 37
15 45 15 45
49 73 49 60 73
24 85 24 35 49 52 60 64 85
49 80 49 52 80
49 74 49 60 64 65 74
3 42 3 8 12 18 32 42
52 60 52 60
59 78 59 78
20 62 20 41 62
11 36 11 36
3 53 3 8 12 28 53
7 73 7 45 56 60 73
23 87 23 35 55 60 73 87
16 49 16 30 31 49
55 82 55 60 64 80 82
18 76 18 50 52 60 64 76
41 77 41 58 61 71 77
40 72 40 44 72
39 62 39 62
17 44 17 40 44
19 47 19 33 43 47
26 59 26 41 59
2 47 2 13 47
23 59 23 29 36 41 59
33 61 33 58 61
0 31 0 10 18 25 31
12 57 12 21 32 45 56 57
17 49 17 29 35 49
13 83 13 31 83
59 64 59 64
51 87 51 65 87
0 69 0 43 69
46 78 46 78
2 62 2 41 62
44 80 44 64 80
27 39 27 39
6 55 6 8 12 29 35 55
4 56 4 21 32 45 56
38 70 38 56 57 70
49 86 49 66 72 86
11 35 11 35
46 68 46 68
1 49 1 14 24 35 49
2 58 2 30 31 37 58
36 60 36 60
14 34 14 34
18 48 18 25 28 48
50 74 50 52 60 64 65 74
20 37 20 25 28 37
42 82 42 60 64 80 82
48 76 48 63 76
37 89 37 58 67 89
32 63 32 42 63
59 84 59 78 84
58 85 58 60 64 85
14 55 14 24 35 55
37 73 37 58 60 73
25 38 25 28 38
16 56 16 30 56
17 62 17 40 45 56 62
15 73 15 28 37 58 73
22 38 22 38
28 78 28 48 78
24 54 24 42 54
46 86 46 80 82 86
22 58 22 38 58
6 77 6 51 77
4 57 4 56 57
39 87 39 62 65 87
45 65 45 56 62 65
19 52 19 32 49 52
2 56 2 13 56
21 49 21 32 49
5 42 5 32 42
50 89 50 62 65 74 89
55 82 55 60 64 80 82
14 54 14 54
0 45 0 40 45
37 64 37 58 60 64
57 87 57 71 77 87
24 49 24 35 49
42 79 42 60 73 79
59 74 59 64 65 74
19 83 19 58 60 64 65 74 83
12 63 12 21 56 63
12 37 12 28 37
23 56 23 29 56
37 67 37 58 67
5 52 5 52
8 48 8 29 48
53 62 53 56 62
46 87 46 68 80 82 87
34 65 34 39 62 65
5 44 5 7 9 15 44
12 49 12 29 35 49
7 78 7 41 46 78
55 85 55 85
0 73 0 35 55 60 73
33 74 33 43 47 65 74
30 70 30 31 70
29 56 29 56
3 89 3 8 29 56 57 66 72 89
0 72 0 39 63 66 72
49 80 49 67 78 80
32 62 32 42 54 62
13 67 13 30 31 37 58 67
23 77 23 25 52 77
11 43 11 36 43
45 83 45 56 62 65 74 83
41 74 41 59 64 65 74
0 65 0 47 65
10 71 10 53 57 66 71
43 61 43 61
32 69 32 45 56 57 69
32 76 32 58 76
0 61 0 8 54 61
5 35 5 7 35
31 71 31 61 71
30 74 30 65 74
2 42 2 13 42
2 61 2 53 61
24 35 24 35
53 81 53 57 70 81
36 65 36 43 47 65
7 53 7 53
30 82 30 56 57 68 80 82
0 39 0 2 32 34 39
3 77 3 43 61 71 77
30 68 30 31 68
42 88 42 46 68 88
45 83 45 56 60 64 65 74 83
52 80 52 60 64 80
5 58 5 32 58
28 37 28 37
5 47 5 7 23 25 33 43 47
4 51 4 21 51
2 87 2 57 64 65 87
40 83 40 83
7 84 7 53 57 84
28 68 28 38 68
58 86 58 67 78 86
54 89 54 58 67 89
23 44 23 25 40 44
59 74 59 64 65 74
24 45 24 40 45
38 60 38 58 60
19 58 19 33 58
16 86 16 40 45 86
26 39 26 39
12 42 12 18 32 42
25 66 25 57 66
9 68 9 33 43 68
35 61 35 49 52 61
8 64 8 38 58 60 64
16 61 16 52 61
49 82 49 60 64 80 82
21 47 21 29 43 47
54 80 54 58 80
4 82 4 51 78 80 82
40 89 40 45 66 72 89
12 51 12 28 38 51
38 70 38 56 57 70
35 66 35 49 66
9 51 9 15 51
32 70 32 45 56 57 70
32 70 32 45 56 57 70
36 85 36 51 85
3 85 3 14 53 85
11 40 11 17 40
25 49 25 31 49
7 51 7 9 38 51
32 85 32 64 85
24 56 24 40 45 56
30 66 30 56 57 66
51 89 51 65 74 89
19 52 19 32 49 52
6 56 6 38 56
57 75 57 64 65 74 75
42 61 42 61
24 40 24 40
50 75 50 65 74 75
36 72 36 41 72
24 39 24 34 39
49 67 49 67
3 67 3 14 24 58 67
5 44 5 7 9 15 44
41 84 41 46 78 84
30 75 30 31 37 58 60 64 65 74 75
2 65 2 35 49 52 60 64 65
48 79 48 62 65 79
29 63 29 48 63
22 73 22 38 58 73
45 84 45 78 84
12 49 12 29 35 49
33 72 33 66 72
21 39 21 34 39
52 73 52 60 73
45 69 45 56 57 69
21 74 21 34 39 62 65 74
30 71 30 56 61 71
31 61 31 61
4 71 4 57 71
37 79 37 58 73 79
35 84 35 49 84
38 64 38 56 57 64
35 81 35 55 81
22 65 22 33 58 60 64 65
11 36 11 36
22 51 22 38 51
16 82 16 40 44 64 80 82
13 37 13 31 37
16 31 16 30 31
25 75 25 33 58 75
22 43 22 43
30 77 30 31 77
11 31 11 30 31
19 82 19 45 56 64 80 82
0 57 0 10 22 45 56 57
34 79 34 39 62 65 79
39 87 39 63 66 87
18 65 18 59 64 65
29 36 29 36
33 74 33 43 62 65 74
20 58 20 25 33 58
18 81 18 53 57 81
23 80 23 39 60 64 80
29 49 29 35 49
3 54 3 14 24 42 54
56 73 56 60 73
37 60 37 58 60
41 80 41 58 67 78 80
2 35 2 35
21 43 21 29 43
53 86 53 57 64 80 82 86
10 34 10 18 34
11 68 11 43 68
11 36 11 17 29 36
37 84 37 84
16 30 16 30
36 72 36 43 47 66 72
47 87 47 80 82 87
26 55 26 55
24 78 24 35 49 78
20 43 20 25 33 43
45 62 45 56 62
20 45 20 40 45
14 51 14 38 51
50 76 50 76
2 59 2 41 59
30 62 30 31 49 62
10 60 10 22 45 56 57 60
3 46 3 9 15 41 46
11 64 11 36 41 46 64
35 71 35 71
28 70 28 39 70
26 64 26 55 60 64
15 89 15 28 37 72 89
34 87 34 78 80 82 87
7 58 7 23 25 33 58
13 49 13 31 49
43 81 43 47 70 81
12 54 12 21 32 42 54
48 62 48 62
28 75 28 34 65 74 75
27 73 27 52 60 73
6 33 6 8 12 18 33
53 87 53 87
30 64 30 56 60 64
21 78 21 57 78
40 81 40 45 56 81
49 85 49 60 64 85
25 78 25 40 78
1 54 1 14 54
7 37 7 23 37
1 73 1 50 52 60 73
26 81 26 47 81
11 42 11 17 42
6 55 6 8 12 29 35 55
23 34 23 25 28 34
38 88 38 56 57 68 88
14 53 14 53
5 49 5 32 49
16 46 16 36 41 46
8 34 8 12 21 32 34
59 86 59 78 86
2 50 2 50
9 52 9 50 52
24 34 24 34
30 80 30 56 64 80
29 41 29 36 41
7 46 7 36 41 46
50 80 50 52 60 64 80
21 81 21 56 81
2 78 2 38 56 57 78
18 80 18 50 80
58 60 58 60
18 37 18 25 28 37
9 77 9 15 41 58 61 71 77
10 50 10 18 50
29 81 29 57 81
33 81 33 43 47 81
18 48 18 25 28 48
9 51 9 15 38 51
41 85 41 58 60 64 85
16 37 16 30 31 37
1 54 1 32 42 54
40 82 40 78 80 82
1 59 1 17 29 36 41 59
26 75 26 41 74 75
11 47 11 36 43 47
21 75 21 57 60 64 65 74 75
45 61 45 56 61
57 64 57 60 64
5 48 5 7 9 15 28 48
1 44 1 44
51 88 51 88
2 57 2 53 57
24 45 24 40 45
51 87 51 61 71 77 87
25 51 25 51
28 86 28 37 72 86
5 31 5 7 23 25 31
22 56 22 45 56
23 66 23 39 63 66
36 70 36 41 70
8 59 8 29 36 41 59
31 62 31 49 62
5 76 5 34 39 60 64 76
17 83 17 51 62 65 74 83
8 33 8 12 18 25 33
47 89 47 74 89
4 77 4 57 66 77
51 74 51 65 74
34 77 34 77
12 87 12 28 38 68 80 82 87
20 67 20 49 67
44 86 44 86
42 73 42 60 73
57 69 57 69
46 85 46 85
57 80 57 78 80
58 76 58 76
4 54 4 19 54
30 74 30 56 64 65 74
47 79 47 65 79
18 41 18 36 41
0 38 0 10 18 25 28 38
42 84 42 78 84
5 60 5 57 60
3 39 3 14 34 39
19 58 19 32 58
37 89 37 66 72 89
25 57 25 28 45 56 57
15 37 15 28 37
15 52 15 52
50 72 50 72
42 87 42 80 82 87
38 78 38 51 78
16 30 16 30
2 72 2 38 72
4 42 4 19 32 42
30 86 30 80 82 86
28 75 28 38 62 65 74 75
57 71 57 71
45 64 45 56 60 64
7 43 7 9 15 43
33 67 33 58 67
56 84 56 78 84
11 37 11 30 31 37
35 60 35 49 60
0 39 0 8 12 21 34 39
36 87 36 41 59 64 65 87
27 48 27 48
12 47 12 29 43 47
3 70 3 36 43 47 70
1 32 1 32
24 43 24 43
7 59 7 9 15 59
6 44 6 24 40 44
20 67 20 31 49 67
7 57 7 53 57
49 77 49 66 71 77
11 38 11 38
4 62 4 56 62
10 63 10 18 34 39 63
32 76 32 34 39 60 64 76
1 41 1 17 29 36 41
53 60 53 56 60
58 89 58 67 89
45 88 45 56 57 68 88
38 88 38 68 88
22 52 22 52
19 43 19 33 43
19 70 19 40 45 70
41 76 41 46 64 76
42 61 42 54 61
5 35 5 7 23 35
40 80 40 78 80
31 82 31 49 52 80 82
17 83 17 51 62 65 74 83
30 79 30 31 79
25 49 25 31 49
25 86 25 31 68 86
38 68 38 56 57 68
6 55 6 24 35 55
2 59 2 32 59
30 88 30 31 49 52 88
24 58 24 36 41 58
30 88 30 31 68 88
21 58 21 32 58
0 69 0 8 12 18 33 58 69
14 42 14 42
42 78 42 54 67 78
40 89 40 66 72 89
27 71 27 49 66 71
0 39 0 28 34 39
2 53 2 53
24 78 24 42 54 58 67 78
49 80 49 52 80
51 71 51 61 71
48 66 48 63 66
4 57 4 56 57
34 89 34 65 74 89
3 70 3 40 45 56 57 70
36 73 36 60 73
52 86 52 86
28 75 28 47 74 75
12 41 12 21 29 36 41
20 45 20 40 45
30 75 30 65 74 75
16 37 16 30 31 37
26 48 26 48
41 61 41 58 61
25 65 25 28 34 39 65
52 75 52 60 64 65 74 75
8 85 8 12 18 37 85
47 74 47 65 74
50 60 50 52 60
36 86 36 51 78 80 82 86
34 75 34 65 74 75
21 82 21 58 60 64 80 82
29 79 29 48 65 79
53 75 53 57 60 64 65 74 75
3 65 3 43 47 65
11 36 11 36
29 58 29 37 58
31 78 31 49 67 78
54 78 54 67 78
56 85 56 64 85
27 62 27 35 49 62
30 68 30 56 57 68
18 54 18 42 54
57 66 57 66
57 75 57 75
21 56 21 32 45 56
33 80 33 58 80
11 30 11 30
3 46 3 20 41 46
3 64 3 40 64
7 44 7 23 25 40 44
50 86 50 52 60 64 80 82 86
41 84 41 46 78 84
19 40 19 40
16 52 16 30 31 49 52
32 86 32 58 61 71 86
22 61 22 35 49 52 61
49 74 49 62 65 74
52 74 52 60 64 65 74
4 43 4 33 43
5 62 5 32 45 56 62
49 74 49 52 60 64 65 74
24 55 24 55
43 82 43 82
37 85 37 85
22 69 22 57 69
17 55 17 29 35 55
8 69 8 39 69
9 82 9 15 41 46 68 80 82
4 60 4 29 36 41 58 60
11 30 11 30
43 62 43 62
38 77 38 56 61 71 77
0 48 0 27 48
8 43 8 12 21 29 36 43
36 86 36 80 82 86
48 80 48 78 80
18 34 18 32 34
22 38 22 38
13 30 13 30
36 86 36 43 47 66 72 86
35 80 35 64 80
31 70 31 70
15 73 15 39 60 73
33 73 33 58 60 73
29 51 29 36 51
2 45 2 32 45
58 74 58 60 64 65 74
23 51 23 25 28 38 51
10 47 10 33 43 47
6 45 6 24 40 45
9 34 9 15 28 34
51 89 51 65 74 89
24 64 24 40 64
20 44 20 25 40 44
25 77 25 52 77
9 56 9 38 56
12 83 12 28 37 58 60 64 65 74 83
26 41 26 41
15 43 15 43
48 88 48 88
1 57 1 30 56 57
51 79 51 65 79
2 57 2 30 56 57
3 56 3 20 40 45 56
10 67 10 18 32 42 54 67
4 75 4 55 65 74 75
3 85 3 52 60 64 85
1 31 1 30 31
16 46 16 36 41 46
10 37 10 18 37
44 89 44 74 89
5 58 5 7 9 54 58
29 60 29 36 60
15 59 15 41 59
57 75 57 75
7 71 7 45 56 63 66 71
43 65 43 47 65
42 72 42 63 66 72
5 83 5 7 23 29 57 64 65 74 83
0 88 0 20 25 40 45 56 57 68 88
38 65 38 51 65
50 70 50 70
19 89 19 54 67 89
5 80 5 57 68 80
4 55 4 21 55
39 83 39 60 64 65 74 83
30 84 30 31 37 58 67 78 84
35 66 35 49 66
24 61 24 35 49 52 61
11 54 11 17 42 54
49 71 49 66 71
22 84 22 53 57 84
16 66 16 40 66
52 73 52 60 73
24 44 24 40 44
27 75 27 35 75
41 61 41 61
14 75 14 34 65 74 75
5 42 5 32 42
41 62 41 62
18 50 18 50
49 89 49 73 89
4 70 4 34 39 70
29 78 29 36 41 78
11 31 11 30 31
28 76 28 39 63 76
21 45 21 32 45
57 72 57 66 72
17 45 17 40 45
25 44 25 40 44
55 76 55 60 64 76
12 45 12 28 45
5 41 5 7 23 29 36 41
22 87 22 52 80 82 87
31 66 31 63 66
20 85 20 31 49 60 64 85
16 52 16 50 52
10 89 10 49 73 89
2 51 2 38 51
33 83 33 83
40 78 40 78
17 53 17 53
11 71 11 43 47 66 71
18 61 18 34 39 61
23 38 23 25 28 38
33 68 33 43 68
7 38 7 23 25 28 38
25 52 25 28 52
36 79 36 41 59 64 65 79
13 88 13 56 57 88
12 71 12 28 47 66 71
49 62 49 62
7 41 7 23 29 36 41
36 62 36 41 46 62
6 49 6 24 35 49
6 59 6 8 29 36 41 59
56 87 56 63 66 77 87
23 34 23 25 28 34
41 80 41 78 80
35 83 35 49 62 65 74 83
34 63 34 39 63
31 80 31 37 58 67 80
1 32 1 32
10 31 10 18 25 31
55 60 55 60
0 35 0 2 35
21 43 21 29 43
40 69 40 45 56 57 69
50 64 50 52 60 64
16 74 16 47 65 74
0 39 0 13 39
7 34 7 9 15 28 34
51 62 51 62
59 75 59 74 75
40 89 40 44 74 89
1 39 1 32 34 39
16 56 16 30 56
18 32 18 32
31 66 31 37 66
2 84 2 30 56 78 84
40 68 40 45 56 57 68
27 47 27 47
2 44 2 44
16 77 16 40 45 56 57 66 77
20 52 20 31 49 52
22 80 22 43 68 80
51 78 51 78
19 33 19 33
0 46 0 20 41 46
30 85 30 85
25 82 25 40 44 64 80 82
13 54 13 42 54
11 56 11 38 56
23 33 23 25 33
49 86 49 86
2 42 2 32 42
51 65 51 65
19 47 19 33 43 47
4 39 4 34 39
8 49 8 29 35 49
9 88 9 50 52 88
55 73 55 60 73
27 68 27 35 68
18 40 18 25 40
6 57 6 8 29 56 57
55 81 55 81
44 82 44 64 80 82
24 81 24 40 45 81
45 72 45 56 63 66 72
41 76 41 76
4 42 4 19 32 42
12 87 12 29 57 77 87
3 51 3 36 51
36 86 36 80 82 86
5 36 5 7 23 29 36
32 77 32 45 71 77
28 37 28 37
23 76 23 37 58 60 64 76
36 79 36 65 79
49 61 49 52 61
23 39 23 25 28 34 39
8 47 8 12 18 47
51 88 51 88
37 79 37 58 73 79
33 60 33 58 60
21 60 21 57 60
19 57 19 40 45 56 57
31 89 31 37 58 67 89
49 84 49 78 84
10 57 10 53 56 57
56 62 56 62
7 61 7 23 25 52 61
18 52 18 50 52
43 68 43 68
19 62 19 54 62
5 38 5 7 9 38
20 58 20 37 58
21 49 21 29 35 49
32 61 32 49 52 61
17 59 17 29 36 41 59
13 81 13 31 70 81
27 74 27 37 58 60 64 65 74
16 61 16 40 45 56 61
53 65 53 56 65
38 87 38 68 80 82 87
1 87 1 50 66 77 87
17 86 17 53 61 71 86
22 61 22 43 61
16 49 16 30 31 49
7 33 7 23 25 33
0 40 0 10 18 25 40
56 87 56 63 66 71 87
39 69 39 69
2 38 2 38
1 54 1 17 42 54
24 36 24 36
42 61 42 54 58 61
36 87 36 43 82 87
10 53 10 53
55 86 55 60 64 80 82 86
28 34 28 34
5 48 5 7 23 29 48
16 52 16 30 31 49 52
3 58 3 14 24 36 41 58
43 76 43 47 76
12 78 12 42 54 58 67 78
46 74 46 64 65 74
0 83 0 10 22 44 64 65 74 83
14 69 14 34 39 69
52 86 52 80 82 86
7 72 7 35 72
18 39 18 34 39
8 41 8 41
29 82 29 36 51 80 82
16 34 16 34
41 71 41 61 71
32 60 32 42 60
27 59 27 41 59
49 60 49 52 60
38 85 38 56 60 64 85
10 68 10 33 43 68
45 66 45 56 63 66
17 37 17 29 37
51 85 51 85
36 84 36 51 78 84
56 74 56 65 74
0 32 0 2 32
21 49 21 32 49
11 68 11 43 68
13 57 13 56 57
10 81 10 34 39 63 81
3 32 3 8 12 18 32
18 86 18 59 64 80 82 86
21 36 21 29 36
52 89 52 60 64 65 74 89
52 76 52 60 64 76
28 80 28 47 80
49 85 49 60 64 85
23 59 23 29 36 41 59
14 77 14 42 54 58 77
30 67 30 31 37 58 67
38 63 38 56 63
36 71 36 41 58 67 71
3 34 3 8 12 18 34
54 74 54 58 60 64 65 74
30 84 30 56 84
3 78 3 34 78
26 64 26 57 64
1 62 1 55 62
15 57 15 45 56 57
32 60 32 49 60
17 57 17 40 45 56 57
58 86 58 60 64 80 82 86
24 45 24 40 45
10 77 10 34 39 63 66 71 77
18 33 18 33
25 58 25 33 58
17 59 17 29 36 41 59
24 88 24 43 68 88
32 86 32 64 80 82 86
23 67 23 25 33 58 67
31 79 31 37 58 60 73 79
31 76 31 37 58 76
47 76 47 76
54 87 54 67 80 82 87
45 83 45 56 64 65 74 83
44 73 44 73
11 75 11 30 65 74 75
0 46 0 8 29 36 41 46
6 70 6 8 38 56 57 70
23 73 23 37 58 73
23 57 23 25 57
18 38 18 25 28 38
17 47 17 29 43 47
14 55 14 24 35 55
7 59 7 23 29 36 41 59
10 39 10 18 25 28 39
47 71 47 66 71
59 87 59 78 80 82 87
26 70 26 41 70
13 57 13 30 56 57
0 38 0 10 18 25 28 38
39 72 39 63 66 72
40 68 40 45 56 57 68
31 81 31 70 81
28 52 28 52
22 62 22 55 62
5 44 5 7 9 15 44
56 73 56 73
25 85 25 57 60 64 85
56 81 56 57 81
26 55 26 55
50 73 50 52 60 73
32 73 32 58 60 73
6 38 6 8 12 18 25 28 38
17 58 17 42 54 58
0 40 0 8 12 18 25 40
17 52 17 29 35 49 52
4 45 4 19 32 45
35 68 35 68
0 36 0 10 18 36
5 44 5 7 23 25 40 44
16 65 16 59 64 65
10 38 10 22 38
31 86 31 49 66 72 86
21 68 21 57 68
20 59 20 41 59
56 71 56 57 71
34 61 34 39 61
39 89 39 89
2 57 2 56 57
33 60 33 58 60
30 66 30 31 37 66
54 80 54 80
42 74 42 54 58 60 64 65 74
33 75 33 43 47 74 75
5 40 5 7 9 40
16 45 16 40 45
0 79 0 35 64 65 79
58 85 58 60 64 85
18 59 18 32 59
1 36 1 14 24 36
8 37 8 29 37
10 64 10 50 52 60 64
27 87 27 47 65 87
33 89 33 58 73 89
3 71 3 34 39 61 71
51 89 51 89
42 85 42 46 85
9 58 9 33 58
29 56 29 56
9 47 9 15 43 47
25 51 25 51
54 80 54 67 78 80
35 88 35 68 88
49 66 49 66
49 84 49 78 84
24 81 24 42 63 81
37 67 37 58 67
40 70 40 45 56 57 70
3 43 3 20 25 43
6 35 6 8 29 35
41 62 41 62
49 74 49 62 65 74
0 40 0 20 25 40
43 69 43 69
2 74 2 50 65 74
47 81 47 70 81
40 60 40 45 56 57 60
23 37 23 25 31 37
43 68 43 68
10 74 10 53 74
30 82 30 80 82
32 81 32 42 63 81
17 52 17 29 35 49 52
12 40 12 18 25 40
22 78 22 46 78
25 44 25 40 44
24 40 24 40
23 61 23 35 49 52 61
0 87 0 36 43 47 80 82 87
49 72 49 66 72
19 45 19 45
58 89 58 67 89
40 65 40 64 65
57 65 57 60 64 65
22 78 22 38 51 78
2 38 2 38
10 49 10 49
16 46 16 36 41 46
1 49 1 17 29 35 49
17 48 17 29 48
0 71 0 35 49 66 71
53 66 53 57 66
4 54 4 19 42 54
22 49 22 35 49
35 83 35 49 74 83
14 40 14 24 40
4 78 4 54 67 78
16 83 16 52 60 64 65 74 83
54 61 54 58 61
13 61 13 39 61
6 43 6 24 36 43
27 58 27 58
15 34 15 28 34
23 45 23 25 40 45
13 47 13 47
56 84 56 57 78 84
0 38 0 8 12 28 38
10 77 10 48 63 66 71 77
23 53 23 25 28 53
38 67 38 58 67
38 61 38 58 61
25 58 25 31 37 58
22 58 22 33 58
26 79 26 47 65 79
47 82 47 80 82
43 77 43 61 71 77
58 75 58 60 64 65 74 75
34 72 34 39 63 66 72
20 38 20 25 28 38
17 40 17 40
9 64 9 15 38 56 64
1 57 1 14 38 56 57
5 58 5 7 9 33 58
48 87 48 63 66 87
49 82 49 78 80 82
4 32 4 19 32
25 51 25 28 38 51
12 46 12 42 46
21 49 21 29 35 49
3 32 3 8 12 18 32
41 82 41 68 80 82
39 82 39 82
14 53 14 53
10 72 10 18 47 66 72
15 39 15 28 34 39
21 57 21 57
24 47 24 47
40 62 40 45 56 62
54 80 54 67 80
0 86 0 27 58 67 80 82 86
41 73 41 58 60 73
29 74 29 56 62 65 74
33 75 33 58 75
30 85 30 31 49 52 60 64 85
24 51 24 36 51
20 53 20 25 53
57 84 57 78 84
29 47 29 36 43 47
7 37 7 23 25 31 37
11 48 11 17 29 48
21 86 21 55 60 64 80 82 86
38 75 38 75
29 67 29 35 49 67
6 57 6 13 56 57
38 73 38 58 60 73
59 83 59 74 83
38 74 38 62 65 74
48 63 48 63
17 51 17 51
38 89 38 63 66 72 89
20 65 20 33 43 47 65
39 72 39 63 66 72
10 37 10 18 37
24 72 24 40 45 56 63 66 72
41 84 41 58 67 78 84
7 36 7 36
0 39 0 2 39
57 76 57 60 64 76
43 81 43 47 81
54 85 54 58 60 64 85
54 67 54 67
21 34 21 32 34
27 80 27 52 60 64 80
5 87 5 39 61 71 77 87
33 78 33 58 67 78
8 37 8 29 37
12 32 12 18 32
34 84 34 78 84
20 74 20 41 59 74
48 83 48 65 74 83
11 57 11 17 29 57
49 75 49 52 60 64 65 74 75
33 62 33 43 62
9 37 9 15 28 37
3 48 3 8 29 48
15 58 15 38 58
31 73 31 49 73
31 60 31 49 60
40 85 40 45 56 57 60 64 85
21 54 21 32 42 54
17 55 17 55
48 87 48 78 80 82 87
52 83 52 60 64 65 74 83
28 70 28 39 70
10 69 10 43 69
11 73 11 30 56 57 60 73
1 47 1 14 24 47
41 75 41 62 65 74 75
28 56 28 45 56
35 79 35 55 65 79
2 31 2 13 31
8 52 8 12 29 35 49 52
28 38 28 38
51 78 51 78
25 80 25 33 43 68 80
24 65 24 35 49 60 64 65
31 71 31 61 71
17 46 17 42 46
4 48 4 29 48
22 43 22 43
54 67 54 58 67
31 61 31 61
25 48 25 28 48
56 74 56 60 64 65 74
32 89 32 89
1 31 1 30 31
15 45 15 28 45
59 84 59 78 84
45 65 45 56 60 64 65
4 48 4 29 48
17 40 17 40
46 79 46 64 65 79
40 62 40 45 56 62
58 76 58 60 64 76
3 32 3 8 12 18 32
2 46 2 32 42 46
15 59 15 41 59
49 84 49 84
2 67 2 38 58 67
40 78 40 78
37 84 37 84
51 71 51 61 71
31 64 31 37 58 60 64
32 82 32 58 60 64 80 82
4 71 4 57 66 71
0 31 0 20 31
23 36 23 29 36
26 57 26 57
41 86 41 68 80 82 86
35 84 35 49 78 84
43 75 43 47 65 74 75
21 45 21 32 45
33 80 33 58 67 80
49 77 49 52 61 71 77
56 81 56 81
55 74 55 60 64 65 74
51 74 51 62 65 74
40 64 40 44 64
56 76 56 57 60 64 76
22 74 22 55 65 74
37 73 37 58 60 73
53 82 53 57 64 80 82
40 75 40 45 56 65 74 75
35 79 35 49 73 79
46 76 46 64 76
5 61 5 34 39 61
1 51 1 17 29 36 51
23 74 23 25 28 45 56 65 74
41 79 41 62 65 79
24 40 24 40
2 50 2 50
16 39 16 34 39
46 78 46 78
5 39 5 7 9 15 28 34 39
19 46 19 46
14 55 14 24 35 55
14 38 14 38
56 66 56 63 66
39 80 39 80
18 68 18 42 46 68
51 79 51 65 79
4 34 4 26 34
10 51 10 22 38 51
44 79 44 73 79
12 36 12 29 36
8 76 8 29 37 58 60 64 76
51 86 51 82 86
55 65 55 62 65
22 69 22 43 69
0 57 0 28 45 56 57
10 44 10 22 44
16 39 16 34 39
14 34 14 34
24 54 24 42 54
41 76 41 58 76
27 67 27 49 67
3 38 3 20 25 28 38
46 84 46 78 84
7 45 7 45
54 77 54 77
32 80 32 64 80
39 75 39 62 65 74 75
12 43 12 29 36 43
45 70 45 56 57 70
0 55 0 35 55
14 49 14 24 35 49
1 66 1 50 66
46 79 46 65 79
34 60 34 39 60
44 85 44 64 85
15 79 15 59 64 65 79
9 62 9 33 43 62
30 87 30 31 77 87
40 82 40 80 82
1 59 1 32 59
43 77 43 47 66 77
49 86 49 66 71 86
38 71 38 51 61 71
36 84 36 41 46 78 84
20 41 20 41
32 66 32 34 66
12 58 12 28 37 58
15 45 15 45
14 73 14 42 60 73
31 79 31 37 58 60 73 79
1 64 1 14 54 58 60 64
52 88 52 88
42 68 42 68
37 75 37 58 75
10 34 10 34
17 62 17 29 56 62
27 59 27 41 59
6 83 6 47 65 74 83
42 65 42 60 64 65
10 38 10 18 25 28 38
29 58 29 37 58
34 89 34 66 72 89
58 80 58 67 80
0 65 0 10 34 65
50 81 50 70 81
19 56 19 40 45 56
22 57 22 45 56 57
34 71 34 66 71
17 55 17 29 35 55
32 74 32 58 60 64 65 74
19 59 19 32 59
13 64 13 56 64
5 76 5 32 59 64 76
53 80 53 57 68 80
28 58 28 38 58
1 41 1 17 29 36 41
10 36 10 18 36
14 87 14 24 35 64 80 82 87
22 45 22 45
26 41 26 41
56 86 56 78 80 82 86
19 43 19 33 43
30 74 30 31 37 58 60 64 65 74
3 82 3 52 80 82
9 81 9 33 43 70 81
17 46 17 29 36 41 46
8 36 8 12 21 29 36
1 71 1 50 52 61 71
26 76 26 34 39 60 64 76
22 69 22 57 69
6 54 6 8 12 42 54
1 42 1 17 42
11 75 11 36 41 59 64 65 74 75
56 89 56 65 74 89
46 80 46 64 80
33 82 33 58 80 82
23 33 23 25 33
56 79 56 64 65 79
17 40 17 40
1 30 1 30
57 74 57 64 65 74
19 34 19 32 34
16 46 16 36 41 46
42 85 42 54 85
37 84 37 58 67 78 84
2 57 2 38 56 57
40 64 40 64
1 36 1 14 24 36
20 56 20 25 40 45 56
17 49 17 29 35 49
18 34 18 32 34
0 38 0 28 38
8 33 8 12 18 33
35 68 35 68
8 33 8 12 18 25 33
22 72 22 33 66 72
14 36 14 24 36
22 35 22 35
12 68 12 57 68
3 35 3 8 29 35
58 74 58 60 64 65 74
15 60 15 28 38 56 57 60
17 49 17 29 35 49
21 49 21 32 49
11 43 11 43
39 69 39 69
11 80 11 58 80
20 72 20 25 33 66 72
35 80 35 55 60 64 80
52 60 52 60
11 70 11 41 70
3 42 3 8 12 21 32 42
5 60 5 7 35 49 60
5 65 5 39 65
57 64 57 64
4 56 4 19 32 45 56
7 76 7 23 37 58 60 64 76
53 60 53 57 60
17 67 17 29 36 41 58 67
0 43 0 36 43
44 76 44 64 76
12 76 12 47 76
49 82 49 67 80 82
1 61 1 17 34 39 61
19 32 19 32
7 36 7 23 29 36
39 61 39 61
46 68 46 68
25 38 25 28 38
11 61 11 56 61
57 85 57 60 64 85
56 82 56 78 80 82
22 51 22 38 51
3 35 3 14 24 35
0 59 0 36 41 59
11 59 11 36 41 59
7 61 7 9 37 58 61
9 50 9 50
28 89 28 34 66 72 89
59 78 59 78
19 39 19 32 34 39
29 37 29 37
5 62 5 32 49 62
21 39 21 32 34 39
0 40 0 40
47 83 47 65 74 83
23 45 23 25 28 45
5 41 5 7 23 29 36 41
12 62 12 50 62
3 79 3 49 73 79
4 82 4 55 60 64 80 82
12 51 12 21 29 36 51
34 86 34 39 61 71 86
47 82 47 80 82
31 72 31 63 66 72
45 78 45 78
34 78 34 78
9 70 9 33 43 70
7 83 7 42 60 64 65 74 83
30 73 30 56 57 60 73
38 82 38 68 80 82
23 36 23 29 36
49 78 49 67 78
24 35 24 35
19 43 19 33 43
36 81 36 81
26 87 26 55 65 87
25 52 25 31 49 52
49 75 49 62 65 74 75
8 51 8 29 36 51
7 51 7 9 38 51
40 81 40 45 81
23 45 23 25 28 45
0 61 0 43 61
19 88 19 46 68 88
16 49 16 30 31 49
5 50 5 7 9 50
56 88 56 57 88
6 38 6 8 12 18 25 28 38
24 76 24 47 76
50 82 50 80 82
43 72 43 47 66 72
23 34 23 25 28 34
47 89 47 65 74 89
26 72 26 55 72
9 45 9 15 28 45
18 42 18 32 42
5 89 5 39 74 89
40 85 40 44 64 85
6 87 6 41 62 65 87
5 32 5 32
16 49 16 30 31 49
30 67 30 31 49 67
14 86 14 52 60 64 80 82 86
1 46 1 17 42 46
43 72 43 47 66 72
41 76 41 46 64 76
9 40 9 40
45 74 45 56 60 64 65 74
4 59 4 21 32 59
27 78 27 37 58 67 78
7 54 7 42 54
3 70 3 33 70
10 68 10 22 53 57 68
30 68 30 31 68
42 69 42 54 58 69
35 74 35 49 62 65 74
6 45 6 8 12 21 32 45
31 84 31 37 58 67 78 84
4 51 4 29 36 51
9 37 9 15 28 37
10 61 10 34 39 61
16 59 16 36 41 59
47 83 47 74 83
1 59 1 17 29 36 41 59
0 84 0 13 31 78 84
16 57 16 30 56 57
58 61 58 61
17 49 17 29 35 49
13 57 13 56 57
54 76 54 58 60 64 76
56 81 56 63 81
42 83 42 54 62 65 74 83
35 80 35 49 67 78 80
8 32 8 12 21 32
11 57 11 38 56 57
22 75 22 52 75
11 69 11 36 43 69
46 65 46 62 65
43 79 43 62 65 79
32 79 32 45 56 57 64 65 79
16 49 16 30 31 49
21 52 21 29 35 49 52
12 54 12 42 54
34 71 34 39 63 66 71
49 64 49 52 60 64
51 69 51 69
7 46 7 41 46
29 86 29 57 64 80 82 86
33 65 33 58 60 64 65
2 54 2 32 42 54
38 85 38 58 60 64 85
23 60 23 52 60
54 65 54 58 60 64 65
27 48 27 48
4 65 4 33 43 47 65
32 66 32 42 63 66
7 81 7 9 15 39 63 81
9 47 9 15 28 47
57 80 57 64 80
0 33 0 8 12 18 33
27 67 27 58 67
5 35 5 7 35
18 73 18 25 28 39 60 73
7 60 7 23 39 60
34 87 34 65 87
13 61 13 39 61
7 47 7 36 43 47
21 77 21 32 49 66 77
6 37 6 13 30 31 37
8 41 8 29 36 41
6 39 6 34 39
19 58 19 58
3 46 3 46
38 65 38 56 65
45 86 45 56 78 80 82 86
50 79 50 79
5 88 5 52 88
4 37 4 29 37
9 33 9 33
4 32 4 19 32
0 45 0 10 22 45
15 34 15 28 34
1 51 1 51
24 54 24 42 54
1 52 1 30 31 49 52
56 72 56 63 66 72
36 71 36 41 61 71
39 82 39 80 82
20 88 20 33 43 68 88
15 76 15 39 63 76
25 34 25 28 34
1 39 1 17 34 39
32 88 32 42 46 68 88
21 89 21 57 60 73 89
32 71 32 67 71
3 51 3 14 24 36 51
41 67 41 58 67
14 53 14 53
14 47 14 24 47
34 77 34 66 71 77
4 39 4 21 32 34 39
48 83 48 65 74 83
35 65 35 55 62 65
14 73 14 40 44 73
21 56 21 56
12 39 12 21 32 34 39
27 86 27 52 80 82 86
24 76 24 55 76
15 44 15 44
46 87 46 64 65 87
21 47 21 29 43 47
39 64 39 60 64
50 70 50 70
39 73 39 60 73
11 48 11 17 29 48
20 82 20 49 52 80 82
5 40 5 7 9 40
52 76 52 60 64 76
27 61 27 41 61
23 55 23 35 55
13 47 13 47
45 75 45 56 60 64 65 74 75
15 45 15 28 45
52 85 52 60 64 85
53 62 53 56 62
36 76 36 43 47 76
54 78 54 58 67 78
10 80 10 53 57 60 64 80
54 87 54 80 82 87
10 34 10 18 34
55 74 55 60 64 65 74
58 73 58 60 73
7 34 7 9 15 28 34
43 62 43 62
2 38 2 38
41 64 41 59 64
11 47 11 17 29 43 47
30 79 30 31 73 79
58 74 58 60 64 65 74
54 76 54 58 60 64 76
28 89 28 48 65 74 89
7 52 7 23 35 49 52
9 88 9 40 45 56 57 68 88
15 78 15 59 78
33 62 33 43 62
32 70 32 45 56 57 70
44 82 44 64 80 82
14 34 14 34
33 65 33 43 47 65
29 41 29 36 41
19 39 19 32 34 39
56 85 56 60 64 85
32 72 32 59 72
14 72 14 45 66 72
22 45 22 45
5 77 5 34 66 77
8 46 8 29 36 41 46
18 36 18 36
22 58 22 33 58
2 35 2 35
20 47 20 43 47
19 34 19 32 34
17 86 17 40 66 72 86
4 39 4 19 32 34 39
35 62 35 55 62
53 69 53 69
58 67 58 67
8 43 8 12 21 29 43
36 76 36 60 64 76
37 76 37 58 60 64 76
46 85 46 64 85
41 62 41 62
8 40 8 12 18 25 40
9 52 9 15 52
13 47 13 47
21 72 21 57 66 72
42 65 42 60 64 65
8 58 8 38 58
6 46 6 41 46
25 68 25 43 68
20 40 20 40
56 86 56 57 60 64 80 82 86
35 76 35 55 60 64 76
39 76 39 63 76
7 35 7 35
23 52 23 52
55 79 55 60 73 79
22 71 22 53 63 66 71
12 58 12 29 37 58
9 37 9 15 28 37
23 34 23 25 28 34
14 61 14 42 61
14 61 14 42 54 58 61
54 73 54 58 60 73
10 31 10 18 25 31
3 32 3 8 12 18 32
4 61 4 42 54 61
11 76 11 56 64 76
31 77 31 77
34 65 34 65
10 49 10 49
4 48 4 29 48
21 45 21 32 45
46 78 46 78
50 70 50 70
12 44 12 18 25 40 44
1 46 1 32 42 46
25 76 25 53 63 76
6 46 6 24 42 46
39 86 39 61 71 86
14 35 14 24 35
10 45 10 22 45
29 36 29 36
22 33 22 33
23 31 23 25 31
14 68 14 45 56 57 68
40 87 40 45 66 87
1 53 1 14 53
38 68 38 68
2 47 2 13 47
56 84 56 84
19 47 19 33 43 47
28 34 28 34
39 80 39 80
12 32 12 18 32
32 82 32 42 54 80 82
6 44 6 8 12 18 25 40 44
0 34 0 8 12 21 32 34
48 83 48 74 83
45 85 45 56 57 60 64 85
28 86 28 53 56 63 66 72 86
0 40 0 10 18 25 40
10 78 10 33 58 67 78
16 52 16 52
23 80 23 37 58 60 64 80
4 33 4 19 33
26 61 26 34 39 61
57 68 57 68
35 85 35 49 52 60 64 85
32 76 32 34 39 60 64 76
35 70 35 70
0 88 0 52 88
38 68 38 68
21 52 21 32 49 52
45 78 45 78
33 83 33 43 47 65 74 83
57 77 57 77
28 51 28 38 51
27 77 27 49 67 71 77
5 47 5 7 23 25 28 47
27 37 27 37
16 43 16 43
41 82 41 59 64 80 82
30 85 30 31 37 85
35 75 35 64 65 74 75
16 87 16 30 31 61 71 87
50 75 50 52 75
21 74 21 29 57 64 65 74
9 81 9 33 70 81
56 85 56 60 64 85
15 74 15 59 64 65 74
15 39 15 39
2 85 2 53 85
55 81 55 81
0 45 0 28 45
23 56 23 29 56
0 41 0 8 41
11 40 11 17 40
57 68 57 68
6 58 6 41 58
29 51 29 36 51
34 61 34 39 61
22 82 22 49 78 80 82
0 66 0 56 63 66
5 57 5 57
39 71 39 63 66 71
10 74 10 50 52 60 64 65 74
17 42 17 42
15 53 15 28 53
23 47 23 25 33 43 47
31 74 31 49 52 60 64 65 74
19 59 19 32 59
58 75 58 60 64 65 74 75
3 39 3 14 34 39
39 65 39 60 64 65
15 52 15 52
30 79 30 65 79
36 70 36 43 70
34 62 34 39 62
53 74 53 56 57 64 65 74
32 85 32 45 56 85
30 89 30 70 89
24 80 24 40 45 56 64 80
11 57 11 38 56 57
27 48 27 48
33 79 33 58 73 79
56 73 56 57 60 73
1 67 1 30 31 37 58 67
55 76 55 60 64 76
27 55 27 35 55
1 55 1 17 55
29 47 29 36 43 47
54 60 54 58 60
59 76 59 64 76
45 63 45 56 63
18 54 18 42 54
23 43 23 25 43
9 52 9 15 52
52 73 52 60 73
3 32 3 8 12 21 32
6 39 6 34 39
4 62 4 54 62
23 33 23 25 33
3 84 3 46 78 84
23 44 23 25 40 44
26 48 26 48
18 38 18 25 28 38
20 48 20 25 28 48
8 48 8 12 29 48
55 83 55 62 65 74 83
32 88 32 49 52 88
24 72 24 35 55 72
22 68 22 35 68
1 82 1 51 80 82
15 57 15 28 57
29 52 29 35 49 52
53 60 53 57 60
9 39 9 15 39
10 49 10 18 32 49
33 70 33 70
43 69 43 69
8 86 8 54 67 71 86
16 69 16 43 69
18 41 18 36 41
7 42 7 42
55 65 55 62 65
41 82 41 46 64 80 82
15 83 15 28 57 60 64 65 74 83
21 32 21 32
23 41 23 29 36 41
5 54 5 32 42 54
59 74 59 64 65 74
35 62 35 49 62
42 64 42 54 58 60 64
18 58 18 25 33 58
17 58 17 29 36 41 58
43 77 43 47 66 77
15 34 15 28 34
32 64 32 59 64
53 60 53 56 57 60
23 72 23 39 63 66 72
7 53 7 23 25 28 53
7 36 7 36
34 72 34 39 63 66 72
23 88 23 25 33 43 68 88
48 70 48 70
40 88 40 45 56 57 88
54 82 54 58 80 82
7 48 7 23 29 48
11 76 11 38 56 60 64 76
7 89 7 36 65 74 89
8 62 8 38 56 62
28 37 28 37
59 79 59 64 65 79
17 64 17 34 39 60 64
7 59 7 41 59
3 81 3 14 42 63 81
5 46 5 32 42 46
17 46 17 42 46
38 63 38 56 63
16 36 16 36
52 76 52 60 64 76
55 86 55 60 64 80 82 86
19 42 19 32 42
34 77 34 66 77
25 79 25 33 58 73 79
5 49 5 32 49
4 71 4 19 45 66 71
13 58 13 31 37 58
39 69 39 69
48 62 48 62
23 77 23 52 61 71 77
12 57 12 18 25 40 45 56 57
11 53 11 17 53
51 89 51 89
43 76 43 47 76
8 42 8 12 42
53 80 53 57 68 80
47 74 47 74
32 64 32 64
28 81 28 45 81
37 72 37 66 72
40 78 40 45 78
24 35 24 35
47 66 47 66
3 61 3 52 61
7 45 7 23 25 28 45
40 70 40 45 70
15 44 15 44
37 80 37 58 80
29 36 29 36
36 80 36 43 68 80
24 77 24 40 66 77
58 83 58 60 64 65 74 83
14 49 14 24 35 49
53 63 53 63
1 85 1 55 60 64 85
29 77 29 48 63 66 71 77
4 32 4 21 32
52 82 52 60 64 80 82
8 50 8 12 18 50
46 62 46 62
17 46 17 29 36 41 46
29 52 29 35 49 52
48 79 48 62 65 79
30 66 30 56 63 66
46 87 46 68 80 82 87
28 37 28 37
17 54 17 42 54
53 78 53 57 78
34 72 34 39 63 66 72
49 77 49 66 71 77
15 38 15 38
4 85 4 42 46 85
33 78 33 58 67 78
11 38 11 38
50 74 50 62 65 74
23 59 23 29 36 41 59
12 37 12 29 37
35 71 35 71
17 44 17 40 44
48 72 48 63 66 72
0 68 0 40 45 56 57 68
16 41 16 36 41
39 66 39 63 66
11 43 11 43
6 37 6 13 30 31 37
18 56 18 53 56
29 36 29 36
29 52 29 35 49 52
38 63 38 63
18 59 18 36 41 59
34 69 34 39 69
13 85 13 56 85
44 79 44 73 79
45 62 45 56 62
46 65 46 64 65
27 72 27 39 63 66 72
7 60 7 42 60
30 82 30 56 64 80 82
34 62 34 39 62
9 85 9 15 39 60 64 85
13 78 13 42 46 78
4 85 4 54 58 60 64 85
32 72 32 42 63 66 72
41 82 41 59 64 80 82
10 35 10 22 35
9 72 9 15 39 63 66 72
37 78 37 58 67 78
1 88 1 17 29 48 88
17 49 17 29 35 49
40 85 40 45 56 85
48 74 48 65 74
10 58 10 22 38 58
21 48 21 29 48
20 41 20 41
32 83 32 59 74 83
23 37 23 29 37
6 31 6 13 30 31
57 66 57 66
4 81 4 42 63 81
36 69 36 41 58 69
35 64 35 49 60 64
7 50 7 9 50
45 66 45 66
42 64 42 60 64
30 73 30 31 73
15 47 15 43 47
32 86 32 58 80 82 86
17 51 17 51
5 34 5 34
22 86 22 43 82 86
33 74 33 58 60 64 65 74
45 73 45 56 73
31 80 31 49 52 80
36 74 36 41 65 74
17 51 17 29 36 51
8 70 8 12 18 36 41 70
26 80 26 48 78 80
9 38 9 38
29 49 29 35 49
25 43 25 43
11 47 11 17 29 43 47
18 33 18 25 33
29 73 29 56 73
16 72 16 30 31 37 72
5 36 5 7 36
1 31 1 30 31
53 76 53 63 76
12 79 12 47 65 79
38 60 38 56 57 60
20 61 20 31 49 52 61
21 51 21 51
56 74 56 57 64 65 74
10 40 10 18 25 40
29 85 29 35 49 52 60 64 85
15 41 15 41
56 63 56 63
17 35 17 29 35
8 83 8 38 56 64 65 74 83
54 79 54 58 73 79
20 58 20 33 58
50 74 50 52 60 64 65 74
8 80 8 41 78 80
11 86 11 58 61 71 86
16 72 16 59 72
5 45 5 7 45
34 72 34 66 72
0 50 0 50
18 54 18 32 42 54
37 81 37 81
56 87 56 65 87
27 63 27 48 63
9 34 9 15 28 34
54 78 54 58 67 78
40 74 40 45 56 57 64 65 74
8 31 8 12 18 25 31
11 85 11 41 85
46 83 46 62 65 74 83
11 40 11 17 40
31 87 31 77 87
29 89 29 57 68 89
30 88 30 56 57 88
0 34 0 28 34
32 78 32 42 78
12 49 12 29 35 49
33 67 33 58 67
16 84 16 40 45 78 84
50 87 50 66 87
8 60 8 12 18 49 60
4 76 4 26 48 76
33 67 33 58 67
58 75 58 75
35 85 35 55 60 64 85
3 44 3 8 12 18 25 40 44
36 87 36 80 82 87
57 79 57 64 65 79
16 59 16 59
54 86 54 67 71 86
55 89 55 72 89
12 40 12 18 25 40
6 40 6 24 40
31 68 31 68
10 38 10 22 38
58 82 58 67 80 82
31 62 31 49 62
20 48 20 25 28 48
21 57 21 56 57
49 61 49 52 61
22 70 22 53 56 57 70
57 68 57 68
58 82 58 80 82
6 52 6 8 29 35 49 52
34 85 34 39 60 64 85
7 37 7 23 25 28 37
32 86 32 49 60 64 80 82 86
14 79 14 52 60 64 65 79
52 75 52 60 64 65 74 75
25 80 25 28 52 80
53 83 53 57 64 65 74 83
42 67 42 54 67
49 79 49 62 65 79
50 74 50 52 60 64 65 74
18 31 18 25 31
30 82 30 31 78 80 82
30 86 30 31 61 71 86
48 79 48 62 65 79
43 61 43 61
33 86 33 66 72 86
4 55 4 21 29 35 55
1 54 1 14 54
3 48 3 20 25 28 48
47 66 47 66
29 57 29 57
36 62 36 62
41 80 41 68 80
4 40 4 19 40
8 46 8 41 46
11 42 11 17 42
15 66 15 43 47 66
17 52 17 29 35 49 52
25 65 25 53 57 60 64 65
48 88 48 88
16 39 16 34 39
5 65 5 34 65
41 68 41 46 68
17 83 17 53 57 64 65 74 83
45 76 45 56 60 64 76
17 41 17 29 36 41
40 87 40 82 87
4 37 4 21 29 37
25 60 25 31 37 58 60
33 85 33 58 60 64 85
10 81 10 18 34 39 63 81
39 62 39 62
41 88 41 59 88
3 53 3 8 12 28 53
32 68 32 45 56 57 68
29 35 29 35
43 70 43 70
51 79 51 62 65 79
8 53 8 12 18 53
47 70 47 70
8 58 8 37 58
16 57 16 40 45 56 57
7 51 7 36 51
41 87 41 65 87
21 59 21 32 59
12 53 12 18 53
50 66 50 66
21 34 21 34
57 77 57 77
49 61 49 52 61
15 85 15 59 85
8 32 8 12 21 32
25 86 25 52 60 64 80 82 86
35 80 35 68 80
5 49 5 7 35 49
35 62 35 55 62
34 87 34 66 71 77 87
28 58 28 38 58
20 56 20 40 45 56
42 78 42 54 67 78
24 85 24 36 41 59 64 85
46 87 46 68 80 82 87
26 88 26 48 88
48 82 48 78 80 82
48 80 48 78 80
43 81 43 47 81
23 86 23 37 72 86
31 82 31 37 58 60 64 80 82
11 83 11 37 58 60 64 65 74 83
11 76 11 35 64 76
30 75 30 75
51 77 51 71 77
15 58 15 41 58
25 78 25 40 45 56 78
42 87 42 80 82 87
23 71 23 35 71
34 80 34 78 80
18 45 18 25 40 45
56 86 56 78 86
29 55 29 35 55
32 85 32 42 46 85
8 40 8 12 18 25 40
42 80 42 54 80
18 54 18 32 42 54
1 59 1 32 59
52 71 52 61 71
39 85 39 60 64 85
34 75 34 39 60 64 65 74 75
40 74 40 44 74
13 31 13 30 31
50 75 50 65 74 75
22 58 22 33 58
2 78 2 56 78
55 82 55 60 64 80 82
12 38 12 18 25 28 38
0 55 0 2 35 55
32 78 32 58 67 78
47 74 47 65 74
17 70 17 40 45 56 57 70
12 87 12 47 65 87
1 77 1 32 34 39 63 66 77
36 85 36 60 64 85
18 72 18 34 39 63 66 72
44 75 44 75
44 74 44 74
46 83 46 74 83
38 80 38 51 78 80
31 61 31 61
56 83 56 60 64 65 74 83
0 55 0 2 35 55
26 73 26 39 60 73
29 48 29 48
30 76 30 31 63 76
45 62 45 56 62
17 35 17 29 35
19 40 19 40
53 68 53 56 57 68
5 66 5 7 9 56 63 66
10 84 10 53 57 78 84
2 49 2 13 31 49
24 73 24 40 44 73
59 65 59 64 65
15 59 15 41 59
46 65 46 65
1 59 1 17 29 36 41 59
17 40 17 40
1 81 1 55 81
6 48 6 8 29 48
4 55 4 29 35 55
37 89 37 66 72 89
20 49 20 25 31 49
17 43 17 29 43
33 73 33 58 60 73
43 83 43 62 65 74 83
37 78 37 58 67 78
59 75 59 74 75
12 58 12 28 38 58
10 44 10 18 25 40 44
1 65 1 50 52 60 64 65
11 31 11 30 31
28 56 28 53 56
27 59 27 41 59
29 57 29 57
10 47 10 33 43 47
43 83 43 47 65 74 83
23 68 23 35 68
55 85 55 60 64 85
4 52 4 29 35 49 52
25 53 25 28 53
36 79 36 60 73 79
24 83 24 58 60 64 65 74 83
29 81 29 56 57 81
18 47 18 47
44 86 44 64 80 82 86
1 53 1 14 53
18 57 18 25 28 45 56 57
53 69 53 56 57 69
21 37 21 29 37
27 65 27 46 65
24 72 24 34 66 72
2 79 2 32 64 65 79
12 41 12 29 36 41
24 69 24 42 69
10 49 10 22 35 49
16 70 16 47 70
55 86 55 72 86
32 74 32 64 65 74
18 36 18 36
50 89 50 62 65 74 89
0 32 0 2 32
3 54 3 8 54
21 48 21 29 48
58 82 58 60 64 80 82
2 32 2 32
7 39 7 9 39
21 54 21 32 42 54
2 75 2 49 52 75
53 82 53 57 64 80 82
39 72 39 63 66 72
18 39 18 34 39
10 72 10 33 43 47 66 72
45 85 45 56 85
5 54 5 32 42 54
30 74 30 56 57 64 65 74
42 86 42 78 86
9 37 9 15 28 37
17 83 17 51 62 65 74 83
52 86 52 86
3 81 3 9 40 45 70 81
26 57 26 57
34 75 34 65 74 75
42 60 42 60
11 79 11 37 58 60 64 65 79
21 77 21 51 71 77
16 79 16 43 47 65 79
57 81 57 70 81
41 86 41 61 71 86
0 47 0 36 43 47
13 56 13 30 56
29 48 29 48
19 55 19 55
19 57 19 40 45 56 57
37 66 37 66
18 53 18 53
14 81 14 45 81
51 78 51 78
53 86 53 56 78 86
16 34 16 34
0 58 0 27 41 58
14 46 14 42 46
1 61 1 32 49 52 61
57 88 57 68 88
41 84 41 46 78 84
40 81 40 45 70 81
32 80 32 49 67 78 80
42 63 42 63
9 84 9 15 45 56 57 78 84
36 88 36 41 68 88
1 41 1 17 29 36 41
52 89 52 60 64 65 74 89
32 66 32 34 66
5 82 5 32 45 78 80 82
56 86 56 64 80 82 86
19 58 19 54 58
19 56 19 32 45 56
24 36 24 36
3 54 3 54
45 87 45 78 80 82 87
40 86 40 80 82 86
56 62 56 62
6 50 6 50
37 86 37 82 86
48 74 48 74
17 71 17 51 71
40 80 40 44 64 80
53 88 53 57 88
20 46 20 41 46
39 79 39 60 64 65 79
24 46 24 42 46
15 75 15 59 64 65 74 75
11 83 11 36 51 65 74 83
23 70 23 25 53 57 70
46 79 46 65 79
1 88 1 51 88
37 82 37 82
28 57 28 45 56 57
13 60 13 39 60
8 55 8 29 35 55
11 59 11 17 29 36 41 59
25 78 25 31 78
40 70 40 45 56 57 70
1 82 1 32 45 78 80 82
2 41 2 41
30 84 30 56 78 84
3 49 3 8 29 35 49
12 50 12 50
57 84 57 84
42 76 42 63 76
56 70 56 57 70
3 86 3 49 60 64 80 82 86
8 32 8 12 21 32
24 46 24 36 41 46
4 60 4 57 60
35 85 35 64 85
58 69 58 69
23 69 23 25 28 39 69
43 62 43 62
9 48 9 15 28 48
36 81 36 81
22 38 22 38
33 83 33 58 60 64 65 74 83
38 75 38 58 75
49 78 49 78
25 47 25 33 43 47
53 71 53 63 66 71
37 61 37 58 61
43 66 43 47 66
26 59 26 41 59
13 82 13 47 80 82
7 44 7 9 15 44
4 43 4 19 33 43
40 70 40 45 70
8 57 8 29 56 57
4 49 4 19 32 49
7 74 7 58 60 64 65 74
23 66 23 35 49 66
18 57 18 53 56 57
29 88 29 56 57 88
45 86 45 78 86
7 37 7 23 29 37
33 72 33 66 72
31 66 31 63 66
25 89 25 33 43 47 70 89
49 73 49 52 60 73
7 39 7 9 39
3 86 3 33 66 72 86
3 47 3 8 29 43 47
36 72 36 43 47 66 72
39 71 39 61 71
6 87 6 34 78 80 82 87
31 70 31 70
45 86 45 66 72 86
54 69 54 58 69
34 86 34 39 82 86
2 34 2 32 34
49 72 49 66 72
18 44 18 25 40 44
2 58 2 30 31 37 58
3 37 3 8 12 21 29 37
29 55 29 35 55
1 63 1 30 56 63
50 81 50 70 81
22 72 22 44 72
4 32 4 19 32
22 47 22 33 43 47
52 61 52 61
12 53 12 18 25 28 53
14 58 14 24 42 54 58
17 57 17 40 45 56 57
5 43 5 7 23 25 43
7 35 7 23 35
26 81 26 57 81
43 68 43 68
59 74 59 64 65 74
3 53 3 20 25 53
7 77 7 45 56 57 66 71 77
50 61 50 52 61
20 52 20 25 31 49 52
8 57 8 12 29 56 57
28 78 28 37 58 67 78
56 88 56 57 68 88
29 51 29 36 51
33 81 33 70 81
32 63 32 42 63
21 54 21 32 42 54
44 64 44 64
16 67 16 36 41 58 67
49 73 49 52 60 73
28 45 28 45
25 31 25 31
21 67 21 58 67
26 63 26 48 63
8 45 8 12 28 45
26 46 26 41 46
49 78 49 78
12 59 12 18 59
1 63 1 30 31 63
23 52 23 52
57 65 57 64 65
26 83 26 55 65 74 83
22 43 22 43
50 85 50 52 60 64 85
46 76 46 64 76
45 87 45 87
42 79 42 60 73 79
24 43 24 43
28 58 28 38 58
27 58 27 37 58
55 65 55 62 65
8 61 8 29 43 61
57 69 57 69
5 82 5 32 59 78 80 82
38 63 38 56 63
34 64 34 39 60 64
3 41 3 8 12 29 36 41
12 68 12 28 57 68
13 66 13 56 57 66
22 56 22 53 56
31 64 31 37 58 60 64
0 48 0 27 48
29 59 29 36 41 59
7 88 7 48 88
47 80 47 80
21 32 21 32
11 39 11 17 34 39
50 71 50 52 61 71
11 85 11 17 34 39 60 64 85
2 88 2 35 68 88
18 77 18 32 42 54 61 71 77
0 35 0 27 35
21 63 21 34 39 63
28 82 28 52 80 82
19 44 19 44
15 58 15 41 58
5 55 5 7 23 35 55
37 74 37 58 60 64 65 74
23 34 23 25 28 34
19 43 19 33 43
14 76 14 53 63 76
19 54 19 54
16 40 16 40
2 63 2 56 63
37 89 37 66 72 89
18 62 18 54 62
23 43 23 29 36 43
12 72 12 28 53 56 57 66 72
25 40 25 40
40 85 40 64 85
30 67 30 31 49 67
6 65 6 51 62 65
42 87 42 46 64 80 82 87
14 68 14 40 45 56 57 68
17 53 17 53
19 55 19 55
4 40 4 19 40
59 84 59 78 84
10 33 10 33
49 60 49 60
56 70 56 57 70
46 74 46 64 65 74
54 79 54 58 60 64 65 79
16 72 16 47 66 72
55 65 55 62 65
36 64 36 41 59 64
50 87 50 80 82 87
56 72 56 63 66 72
34 86 34 86
11 53 11 17 53
39 65 39 60 64 65
0 53 0 10 22 53
37 80 37 58 80
9 58 9 37 58
8 36 8 12 18 36
35 76 35 64 76
36 70 36 41 70
25 39 25 28 34 39
9 68 9 15 45 56 57 68
17 59 17 29 36 41 59
55 62 55 62
17 34 17 34
11 49 11 17 29 35 49
55 86 55 60 64 80 82 86
6 53 6 8 12 28 53
23 31 23 25 31
26 34 26 34
40 81 40 45 70 81
35 66 35 49 66
55 83 55 62 65 74 83
1 38 1 14 38
19 47 19 33 43 47
32 61 32 34 39 61
4 82 4 57 78 80 82
8 47 8 12 29 36 43 47
27 81 27 35 55 81
17 34 17 34
21 43 21 29 36 43
21 78 21 58 67 78
7 42 7 42
3 43 3 43
10 74 10 18 33 58 60 64 65 74
2 52 2 49 52
18 53 18 53
27 52 27 35 49 52
13 70 13 47 70
18 73 18 32 42 54 58 73
24 44 24 40 44
25 43 25 43
54 71 54 58 67 71
41 70 41 70
8 40 8 12 18 25 40
56 81 56 57 70 81
27 72 27 35 55 72
5 37 5 7 23 25 28 37
16 51 16 36 51
18 61 18 52 61
47 76 47 76
23 62 23 39 62
35 65 35 64 65
6 48 6 8 12 28 48
36 77 36 43 47 66 77
8 46 8 12 18 32 42 46
30 76 30 76
20 66 20 43 47 66
18 63 18 42 63
3 75 3 46 62 65 74 75
55 64 55 60 64
24 34 24 34
41 74 41 46 62 65 74
14 41 14 24 36 41
14 70 14 34 39 70
53 77 53 57 77
26 46 26 41 46
36 76 36 60 64 76
14 66 14 34 66
27 47 27 47
54 60 54 58 60
0 40 0 8 12 18 25 40
59 74 59 74
11 42 11 17 42
23 35 23 35
5 47 5 7 36 43 47
33 83 33 58 60 64 65 74 83
23 48 23 29 48
5 64 5 32 59 64
45 61 45 56 61
17 51 17 29 36 51
15 46 15 41 46
42 73 42 60 73
34 62 34 39 62
19 68 19 45 56 57 68
20 46 20 41 46
23 85 23 37 58 60 64 85
18 53 18 25 28 53
24 40 24 40
10 56 10 53 56
10 79 10 18 52 60 64 65 79
19 52 19 32 49 52
36 86 36 51 80 82 86
55 79 55 62 65 79
25 39 25 28 34 39
19 55 19 55
6 83 6 8 47 65 74 83
17 46 17 42 46
31 77 31 61 71 77
2 64 2 50 52 60 64
45 88 45 56 57 68 88
14 65 14 53 57 60 64 65
8 49 8 29 35 49
53 83 53 56 65 74 83
50 71 50 66 71
31 61 31 49 52 61
41 65 41 46 62 65
20 44 20 25 40 44
43 79 43 62 65 79
57 76 57 60 64 76
16 59 16 59
38 70 38 56 57 70
40 74 40 45 56 60 64 65 74
56 64 56 57 64
2 63 2 30 31 63
16 61 16 36 43 61
38 69 38 56 57 69
1 63 1 17 29 56 63
34 80 34 39 60 64 80
52 79 52 60 64 65 79
8 76 8 12 29 36 43 47 76
56 78 56 57 78
17 45 17 40 45
8 46 8 41 46
53 79 53 56 73 79
7 55 7 35 55
7 78 7 42 78
1 57 1 30 56 57
30 76 30 31 49 52 60 64 76
6 42 6 24 42
5 37 5 7 23 25 31 37
5 69 5 34 39 69
6 50 6 8 12 18 50
11 41 11 36 41
19 59 19 32 59
8 52 8 12 28 52
11 71 11 30 56 61 71
56 73 56 57 60 73
18 53 18 25 53
17 63 17 42 63
5 71 5 52 61 71
42 82 42 78 80 82
39 85 39 60 64 85
17 59 17 29 36 41 59
51 74 51 65 74
15 44 15 44
26 60 26 57 60
28 45 28 45
17 85 17 51 85
26 59 26 41 59
21 32 21 32
12 47 12 18 25 28 47
39 71 39 61 71
49 76 49 52 60 64 76
11 36 11 17 29 36
43 68 43 68
14 47 14 24 43 47
43 62 43 62
22 55 22 55
24 58 24 36 41 58
32 62 32 34 39 62
59 76 59 64 76
49 60 49 52 60
1 43 1 14 24 43
52 83 52 60 64 65 74 83
24 58 24 36 41 58
4 52 4 21 29 35 49 52
51 84 51 84
6 43 6 24 36 43
16 51 16 36 51
46 76 46 64 76
41 68 41 68
9 33 9 33
11 54 11 17 42 54
40 74 40 45 56 57 64 65 74
20 52 20 49 52
13 63 13 56 63
11 54 11 17 42 54
18 84 18 49 67 78 84
23 38 23 25 28 38
19 44 19 44
28 52 28 52
8 53 8 12 18 53
55 87 55 65 87
11 45 11 17 40 45
8 53 8 12 18 53
10 47 10 22 43 47
1 37 1 17 29 37
10 42 10 18 32 42
6 79 6 41 62 65 79
25 44 25 40 44
40 77 40 71 77
15 53 15 28 53
46 74 46 62 65 74
3 48 3 9 15 28 48
12 88 12 50 52 88
15 43 15 43
53 85 53 85
7 54 7 42 54
8 42 8 12 21 32 42
2 51 2 38 51
22 80 22 55 60 64 80
19 33 19 33
15 34 15 28 34
20 62 20 43 62
50 79 50 79
53 75 53 74 75
23 61 23 29 36 41 58 61
31 74 31 49 62 65 74
32 62 32 34 39 62
4 51 4 21 51
4 75 4 45 56 57 75
4 89 4 45 70 89
4 49 4 19 32 49
7 51 7 23 25 51
51 89 51 62 65 74 89
10 57 10 22 38 56 57
59 83 59 64 65 74 83
54 69 54 58 69
18 63 18 53 56 63
54 75 54 62 65 74 75
35 83 35 49 62 65 74 83
7 39 7 9 39
26 87 26 41 46 82 87
9 44 9 40 44
42 77 42 54 67 71 77
33 73 33 58 60 73
38 76 38 56 63 76
36 78 36 41 59 78
18 60 18 33 58 60
42 73 42 60 73
41 68 41 68
10 77 10 50 66 71 77
1 55 1 17 55
14 52 14 52
28 37 28 37
52 86 52 86
55 75 55 65 74 75
26 46 26 41 46
51 87 51 65 87
41 73 41 58 73
34 61 34 39 61
36 88 36 43 68 88
57 86 57 66 72 86
40 75 40 44 64 65 74 75
22 53 22 53
29 68 29 57 68
0 34 0 10 18 32 34
56 87 56 73 87
1 62 1 50 62
57 74 57 60 64 65 74
28 53 28 53
17 57 17 29 57
12 51 12 21 29 36 51
15 52 15 28 52
32 78 32 45 78
19 44 19 44
46 62 46 62
14 53 14 53
3 53 3 8 12 18 25 53
22 60 22 49 52 60
20 39 20 25 28 34 39
8 32 8 12 21 32
30 84 30 31 49 84
3 33 3 9 33
40 84 40 78 84
38 72 38 72
58 65 58 60 64 65
4 51 4 21 29 36 51
39 60 39 60
58 75 58 60 64 65 74 75
25 52 25 52
11 66 11 35 49 66
24 72 24 42 63 66 72
13 37 13 31 37
28 71 28 53 63 66 71
30 63 30 31 63
51 86 51 61 71 86
35 89 35 55 60 64 65 74 89
28 45 28 45
54 62 54 62
8 53 8 12 28 53
8 56 8 38 56
42 71 42 63 66 71
12 36 12 21 29 36
40 63 40 45 56 63
39 60 39 60
11 52 11 30 31 49 52
0 82 0 50 52 60 64 80 82
16 39 16 34 39
35 81 35 70 81
37 75 37 58 60 64 65 74 75
17 55 17 29 35 55
33 66 33 43 47 66
18 80 18 52 60 64 80
31 88 31 68 88
31 71 31 63 66 71
4 36 4 29 36
12 76 12 21 32 34 39 63 76
40 76 40 64 76
17 61 17 42 54 58 61
2 57 2 53 56 57
42 85 42 60 64 85
5 81 5 7 48 70 81
28 60 28 45 56 57 60
15 88 15 43 68 88
6 49 6 24 35 49
2 38 2 38
12 47 12 28 47
16 50 16 50
12 49 12 18 49
50 66 50 66
31 68 31 68
26 71 26 41 58 67 71
6 43 6 24 43
20 31 20 25 31
21 35 21 29 35
6 34 6 24 34
46 79 46 62 65 79
3 68 3 8 38 56 57 68
38 87 38 51 65 87
36 68 36 43 68
19 82 19 33 43 68 80 82
54 74 54 58 60 64 65 74
38 74 38 56 60 64 65 74
56 60 56 60
6 57 6 13 56 57
14 44 14 24 40 44
17 52 17 29 35 49 52
38 68 38 56 57 68
6 59 6 8 29 36 41 59
1 41 1 14 24 36 41
20 47 20 33 43 47
33 72 33 66 72
25 57 25 57
18 70 18 32 34 39 70
1 30 1 30
31 79 31 79
38 71 38 58 61 71
49 65 49 52 60 64 65
1 31 1 30 31
53 79 53 79
17 45 17 40 45
30 68 30 31 68
7 74 7 23 25 43 47 74
10 41 10 18 36 41
3 83 3 54 62 65 74 83
18 89 18 25 31 73 89
5 32 5 32
3 40 3 14 24 40
48 86 48 78 80 82 86
49 78 49 67 78
44 80 44 64 80
44 86 44 64 80 82 86
24 74 24 42 54 58 60 64 65 74
12 37 12 18 25 28 37
52 73 52 60 73
35 74 35 55 62 65 74
9 40 9 40
23 33 23 25 33
42 63 42 63
16 57 16 40 45 56 57
35 71 35 49 52 61 71
20 52 20 25 52
1 32 1 32
13 56 13 56
31 82 31 82
15 43 15 43
29 36 29 36
36 78 36 51 78
41 83 41 62 65 74 83
24 47 24 47
25 67 25 33 58 67
7 80 7 45 56 60 64 80
7 53 7 23 25 28 53
27 76 27 37 58 60 64 76
46 86 46 80 82 86
26 48 26 48
27 63 27 39 63
37 67 37 58 67
33 81 33 70 81
41 64 41 58 60 64
20 41 20 41
17 44 17 40 44
7 35 7 35
32 72 32 42 72
5 70 5 57 70
25 72 25 43 47 66 72
34 71 34 39 63 66 71
10 42 10 18 32 42
8 35 8 12 21 29 35
56 80 56 64 80
7 49 7 35 49
19 72 19 40 66 72
42 65 42 54 58 60 64 65
29 69 29 43 69
8 43 8 29 43
41 73 41 58 73
22 46 22 46
48 83 48 65 74 83
1 39 1 32 34 39
48 71 48 63 66 71
22 49 22 35 49
55 86 55 60 64 80 82 86
56 66 56 63 66
2 41 2 41
36 69 36 41 58 69
14 74 14 53 56 60 64 65 74
51 84 51 78 84
22 57 22 38 56 57
47 81 47 70 81
4 79 4 45 56 65 79
16 71 16 50 52 61 71
4 40 4 19 40
56 65 56 64 65
40 73 40 45 56 60 73
20 31 20 25 31
52 83 52 60 64 65 74 83
19 46 19 32 42 46
17 63 17 42 63
4 39 4 19 32 34 39
34 72 34 66 72
13 76 13 42 54 58 60 64 76
11 79 11 17 42 54 62 65 79
30 78 30 31 37 58 67 78
38 70 38 56 57 70
10 74 10 43 62 65 74
23 40 23 25 40
58 87 58 73 87
13 46 13 42 46
57 74 57 60 64 65 74
53 88 53 56 57 68 88
2 35 2 35
40 86 40 45 71 86
45 85 45 56 64 85
6 33 6 8 12 18 33
20 83 20 57 64 65 74 83
15 58 15 38 58
13 47 13 47
6 66 6 38 63 66
24 43 24 43
53 63 53 56 63
11 51 11 17 51
41 73 41 58 60 73
53 87 53 63 66 77 87
4 34 4 21 32 34
0 81 0 39 70 81
0 35 0 8 29 35
44 89 44 73 89
38 89 38 63 66 72 89
17 53 17 53
13 57 13 30 56 57
22 55 22 55
25 38 25 28 38
31 72 31 63 66 72
25 51 25 51
2 37 2 30 31 37
23 69 23 29 36 51 69
26 41 26 41
32 65 32 64 65
23 85 23 35 49 60 64 85
21 49 21 29 35 49
25 76 25 57 64 76
10 89 10 34 66 72 89
16 36 16 36
34 69 34 39 69
8 81 8 47 81
9 58 9 38 58
49 88 49 88
6 59 6 41 59
44 82 44 64 80 82
21 47 21 29 43 47
26 83 26 57 64 65 74 83
18 37 18 25 28 37
43 65 43 47 65
57 66 57 66
49 66 49 66
39 87 39 82 87
5 59 5 7 9 15 41 59
41 65 41 62 65
19 44 19 44
53 61 53 56 61
40 87 40 71 77 87
32 76 32 34 39 63 76
11 46 11 41 46
1 46 1 17 29 36 41 46
16 57 16 40 45 56 57
38 89 38 56 64 65 74 89
22 89 22 44 74 89
14 68 14 43 68
21 82 21 34 39 60 64 80 82
0 50 0 50
3 46 3 8 41 46
6 40 6 8 12 18 25 40
17 61 17 34 39 61
45 73 45 56 57 60 73
3 40 3 14 40
41 72 41 72
35 78 35 49 78
23 83 23 39 74 83
47 81 47 81
26 79 26 41 65 79
37 61 37 58 61
34 86 34 39 80 82 86
15 71 15 39 63 66 71
8 50 8 12 50
10 50 10 18 50
21 52 21 32 49 52
25 73 25 40 45 56 60 73
29 82 29 56 60 64 80 82
43 86 43 47 66 71 86
31 65 31 49 52 60 64 65
41 61 41 58 61
7 43 7 9 33 43
49 88 49 52 88
7 47 7 9 47
38 87 38 62 65 87
40 72 40 45 56 57 66 72
27 59 27 41 59
6 40 6 24 40
13 89 13 56 64 65 74 89
17 45 17 40 45
19 46 19 42 46
31 62 31 49 62
33 87 33 43 87
52 87 52 80 82 87
3 40 3 20 25 40
21 59 21 32 59
22 35 22 35
36 82 36 60 64 80 82
36 75 36 60 64 65 74 75
36 79 36 65 79
15 52 15 28 52
21 73 21 58 73
13 58 13 31 37 58
17 56 17 40 45 56
4 88 4 21 51 88
8 68 8 41 68
10 51 10 22 38 51
38 76 38 56 63 76
38 88 38 56 57 68 88
4 36 4 29 36
14 87 14 45 78 80 82 87
7 80 7 9 33 58 80
27 89 27 37 72 89
22 73 22 49 73
39 81 39 63 81
15 51 15 28 38 51
17 37 17 29 37
6 65 6 50 62 65
37 60 37 58 60
54 86 54 58 60 64 80 82 86
49 73 49 73
38 60 38 58 60
19 67 19 32 49 67
52 71 52 61 71
9 56 9 40 45 56
6 76 6 34 39 60 64 76
57 89 57 68 89
10 32 10 18 32
52 87 52 61 71 77 87
40 80 40 44 64 80
11 51 11 38 51
29 61 29 56 61
17 79 17 29 37 58 73 79
13 76 13 31 63 76
41 60 41 58 60
40 73 40 45 56 57 60 73
59 79 59 64 65 79
7 48 7 9 15 28 48
55 62 55 62
49 84 49 78 84
27 70 27 35 70
4 39 4 19 32 34 39
14 41 14 24 36 41
12 42 12 42
1 73 1 55 60 73
46 79 46 65 79
45 65 45 56 62 65
3 81 3 9 56 63 81
1 54 1 17 42 54
23 40 23 25 40
11 45 11 17 40 45
8 39 8 39
3 64 3 33 58 60 64
11 31 11 30 31
29 43 29 43
30 78 30 31 49 78
9 41 9 15 41
9 50 9 50
9 56 9 38 56
18 65 18 49 52 60 64 65
43 86 43 47 66 71 86
57 76 57 64 76
30 63 30 31 63
51 75 51 62 65 74 75
14 63 14 42 63
4 67 4 26 41 58 67
49 85 49 52 60 64 85
34 84 34 78 84
33 83 33 83
47 65 47 65
16 41 16 36 41
5 44 5 7 23 25 40 44
0 53 0 10 18 25 53
17 48 17 29 48
56 66 56 57 66
20 31 20 31
9 41 9 15 41
40 69 40 45 56 57 69
17 66 17 34 39 63 66
14 36 14 24 36
17 44 17 40 44
50 76 50 52 60 64 76
27 49 27 35 49
17 57 17 40 45 56 57
24 81 24 40 45 56 81
1 46 1 14 42 46
30 81 30 56 63 81
4 42 4 21 32 42
6 53 6 8 12 28 53
55 87 55 65 87
23 56 23 29 56
11 42 11 17 42
48 79 48 62 65 79
13 47 13 47
18 58 18 37 58
16 68 16 43 68
39 87 39 82 87
18 39 18 25 28 39
42 78 42 54 58 67 78
17 42 17 42
41 65 41 58 60 64 65
6 45 6 24 40 45
14 43 14 43
57 69 57 69
33 60 33 58 60
11 49 11 17 29 35 49
22 38 22 38
36 74 36 43 47 74
8 88 8 41 68 88
28 87 28 57 71 87
12 51 12 18 25 28 38 51
21 83 21 56 65 74 83
2 59 2 41 59
37 61 37 58 61
25 38 25 28 38
38 75 38 58 60 64 65 74 75
48 81 48 70 81
1 42 1 32 42
38 82 38 68 80 82
5 39 5 7 9 39
42 67 42 54 58 67
54 71 54 58 67 71
7 81 7 23 37 81
7 76 7 53 56 57 76
8 70 8 38 56 57 70
21 42 21 32 42
0 77 0 39 61 71 77
29 41 29 36 41
4 70 4 34 39 70
9 58 9 33 58
37 75 37 58 60 64 65 74 75
16 36 16 36
27 69 27 37 69
36 65 36 62 65
8 33 8 12 18 33
29 85 29 36 60 64 85
20 31 20 31
32 80 32 67 80
7 43 7 36 43
9 82 9 56 57 68 80 82
37 71 37 71
9 50 9 50
7 46 7 41 46
38 79 38 56 65 79
25 86 25 33 43 61 71 86
2 37 2 13 31 37
9 48 9 15 28 48
20 57 20 25 28 57
20 34 20 25 28 34
16 40 16 40
36 87 36 77 87
17 37 17 29 37
18 38 18 25 28 38
39 81 39 63 81
56 63 56 63
29 47 29 36 43 47
36 87 36 87
17 36 17 29 36
11 35 11 17 29 35
17 43 17 29 43
8 36 8 12 18 36
33 77 33 43 61 71 77
9 56 9 38 56
24 64 24 55 60 64
11 35 11 17 29 35
20 59 20 59
9 68 9 38 68
31 65 31 37 58 60 64 65
7 48 7 23 29 48
54 67 54 67
50 73 50 52 60 73
0 42 0 13 42
13 79 13 47 65 79
34 61 34 39 61
16 57 16 40 45 56 57
50 74 50 52 60 64 65 74
4 59 4 26 41 59
25 65 25 40 64 65
27 61 27 37 58 61
2 51 2 38 51
15 47 15 28 47
49 66 49 66
40 69 40 45 56 57 69
51 61 51 61
23 59 23 29 36 41 59
6 72 6 41 59 72
54 84 54 67 78 84
14 76 14 54 58 76
6 33 6 8 12 18 33
19 43 19 33 43
18 54 18 42 54
58 75 58 60 64 65 74 75
12 35 12 21 29 35
38 76 38 56 57 64 76
31 65 31 37 58 60 64 65
1 35 1 17 29 35
20 53 20 25 28 53
15 51 15 38 51
37 86 37 66 72 86
57 89 57 60 64 65 74 89
46 83 46 62 65 74 83
5 39 5 39
40 71 40 71
37 60 37 58 60
32 73 32 34 39 60 73
37 83 37 58 60 64 65 74 83
48 81 48 81
53 74 53 57 60 64 65 74
25 67 25 28 38 58 67
27 66 27 47 66
49 76 49 60 64 76
19 54 19 42 54
0 40 0 40
45 82 45 56 57 64 80 82
24 41 24 36 41
20 48 20 25 28 48
57 70 57 70
30 70 30 70
14 59 14 59
8 56 8 29 56
41 62 41 62
10 59 10 18 32 59
56 74 56 60 64 65 74
28 47 28 47
4 40 4 19 40
42 89 42 63 66 72 89
16 51 16 36 51
57 65 57 64 65
52 85 52 60 64 85
20 79 20 49 79
33 87 33 58 77 87
30 71 30 31 63 66 71
11 36 11 17 29 36
11 42 11 17 42
11 61 11 58 61
53 85 53 57 64 85
12 55 12 21 55
51 88 51 88
20 53 20 25 28 53
30 83 30 56 62 65 74 83
1 84 1 58 67 78 84
32 69 32 42 54 58 69
57 69 57 69
50 76 50 52 60 64 76
51 83 51 65 74 83
55 81 55 81
3 34 3 8 12 21 34
10 60 10 49 52 60
36 76 36 41 59 64 76
4 32 4 19 32
25 89 25 40 44 73 89
24 47 24 36 43 47
29 66 29 35 49 66
1 41 1 17 29 36 41
27 48 27 48
2 62 2 13 30 31 49 62
45 69 45 56 57 69
36 72 36 43 47 66 72
25 40 25 40
15 45 15 45
0 81 0 35 70 81
45 63 45 56 63
15 52 15 52
4 86 4 55 72 86
13 66 13 42 63 66
21 55 21 55
5 44 5 7 23 25 40 44
44 86 44 64 80 82 86
58 84 58 67 78 84
14 53 14 53
0 38 0 20 25 28 38
18 36 18 36
16 64 16 30 31 49 60 64
48 83 48 65 74 83
10 40 10 18 25 40
28 45 28 45
16 84 16 34 78 84
45 76 45 56 57 60 64 76
23 57 23 29 56 57
33 86 33 58 61 71 86
32 69 32 42 54 58 69
6 37 6 13 30 31 37
7 57 7 53 57
24 57 24 40 45 56 57
16 41 16 36 41
37 77 37 58 77
0 53 0 8 12 18 25 53
14 35 14 24 35
56 69 56 57 69
12 34 12 28 34
41 72 41 59 72
36 82 36 43 68 80 82
4 33 4 19 33
8 60 8 39 60
24 86 24 58 67 78 80 82 86
5 52 5 52
6 86 6 50 80 82 86
30 63 30 31 63
11 38 11 38
33 69 33 43 69
27 71 27 48 63 66 71
41 78 41 78
3 88 3 40 45 56 57 68 88
4 61 4 21 51 61
42 78 42 54 58 67 78
11 30 11 30
45 84 45 78 84
0 52 0 10 22 52
59 85 59 64 85
18 82 18 59 64 80 82
5 37 5 7 23 25 31 37
17 58 17 29 36 41 58
10 48 10 18 25 28 48
57 69 57 69
11 53 11 17 53
25 39 25 28 34 39
27 39 27 39
3 35 3 14 24 35
29 74 29 48 65 74
20 51 20 25 28 38 51
4 37 4 29 37
28 62 28 45 56 62
41 64 41 58 60 64
29 49 29 35 49
29 65 29 36 41 65
55 85 55 60 64 85
45 88 45 56 57 68 88
0 57 0 56 57
25 48 25 28 48
38 71 38 63 66 71
38 85 38 56 85
58 78 58 67 78
16 43 16 43
10 78 10 33 58 67 78
14 46 14 24 42 46
43 72 43 47 66 72
40 71 40 66 71
8 58 8 29 36 41 58
12 43 12 18 25 43
36 60 36 60
6 86 6 47 80 82 86
29 37 29 37
37 79 37 58 73 79
2 59 2 32 59
21 78 21 32 34 78
34 64 34 39 60 64
17 65 17 42 46 62 65
53 88 53 56 57 88
24 39 24 34 39
54 75 54 62 65 74 75
33 87 33 66 87
45 80 45 56 64 80
16 34 16 34
22 64 22 46 64
1 65 1 44 64 65
4 48 4 29 48
18 61 18 37 58 61
48 86 48 63 66 71 86
23 35 23 35
41 82 41 59 64 80 82
11 43 11 36 43
21 52 21 32 49 52
38 73 38 56 57 60 73
40 77 40 71 77
54 73 54 58 60 73
55 72 55 72
35 74 35 64 65 74
24 47 24 36 43 47
56 86 56 60 64 80 82 86
1 49 1 30 31 49
48 65 48 65
18 73 18 33 58 73
8 65 8 54 58 60 64 65
4 45 4 21 32 45
11 41 11 36 41
5 36 5 7 23 29 36
20 56 20 40 45 56
12 61 12 29 35 49 52 61
38 67 38 58 67
57 74 57 64 65 74
46 64 46 64
38 66 38 56 57 66
18 39 18 25 28 39
1 56 1 14 53 56
21 54 21 32 42 54
8 48 8 12 28 48
8 31 8 12 18 25 31
30 77 30 56 63 66 77
8 88 8 38 56 57 68 88
12 71 12 29 36 51 71
6 66 6 50 66
12 87 12 50 62 65 87
44 79 44 73 79
30 83 30 56 65 74 83
21 57 21 56 57
10 52 10 22 49 52
52 64 52 60 64
30 89 30 65 74 89
57 65 57 60 64 65
22 43 22 33 43
42 87 42 46 62 65 87
13 57 13 56 57
55 87 55 62 65 87
13 57 13 30 56 57
16 63 16 34 39 63
56 80 56 78 80
11 47 11 36 43 47
2 39 2 39
27 41 27 41
34 75 34 39 60 64 65 74 75
11 34 11 17 34
9 87 9 39 63 66 77 87
28 57 28 45 56 57
4 87 4 57 71 87
22 77 22 38 58 67 77
46 87 46 82 87
52 73 52 60 73
18 77 18 47 66 71 77
43 65 43 62 65
6 59 6 24 36 41 59
46 87 46 65 87
9 44 9 15 44
41 62 41 46 62
19 32 19 32
28 53 28 53
40 62 40 45 56 62
0 58 0 27 41 58
50 62 50 62
9 38 9 38
38 72 38 56 57 66 72
45 77 45 56 57 77
2 66 2 32 34 66
11 34 11 17 34
28 77 28 52 77
14 86 14 34 66 72 86
24 59 24 36 41 59
51 84 51 84
19 32 19 32
21 36 21 29 36
9 43 9 15 43
15 51 15 28 38 51
8 62 8 38 51 62
27 39 27 39
53 77 53 63 66 77
30 79 30 31 73 79
26 47 26 47
45 87 45 78 80 82 87
11 31 11 30 31
1 40 1 17 40
16 36 16 36
39 63 39 63
24 41 24 36 41
33 66 33 43 47 66
24 85 24 40 44 64 85
21 87 21 56 61 71 87
36 80 36 41 46 78 80
57 89 57 70 89
20 43 20 43
54 62 54 62
19 43 19 33 43
3 55 3 8 29 35 55
5 51 5 7 23 25 28 38 51
14 87 14 38 63 66 87
8 56 8 12 29 56
23 38 23 25 28 38
0 32 0 2 32
6 63 6 8 29 56 63
39 71 39 61 71
24 59 24 36 41 59
23 56 23 29 56
50 64 50 52 60 64
16 56 16 40 45 56
26 57 26 57
48 83 48 74 83
6 48 6 8 29 48
55 73 55 60 73
32 81 32 42 63 81
21 43 21 29 43
1 34 1 14 34
15 74 15 44 74
18 51 18 36 51
40 66 40 45 66
39 74 39 74
41 88 41 46 68 88
40 63 40 45 56 63
2 69 2 38 58 69
37 86 37 58 60 64 80 82 86
32 63 32 42 63
13 46 13 42 46
7 61 7 9 50 52 61
58 71 58 61 71
20 37 20 31 37
36 64 36 41 58 60 64
54 87 54 67 77 87
27 58 27 37 58
0 54 0 8 54
23 40 23 25 40
2 59 2 41 59
12 39 12 28 34 39
46 68 46 68
17 68 17 53 57 68
12 79 12 57 60 73 79
47 72 47 66 72
41 68 41 68
12 40 12 18 25 40
23 44 23 25 40 44
20 66 20 25 31 63 66
45 78 45 56 57 78
49 88 49 88
28 57 28 45 56 57
26 72 26 34 39 63 66 72
26 72 26 57 66 72
5 48 5 7 9 15 28 48
11 34 11 17 34
14 39 14 24 34 39
3 31 3 8 12 18 25 31
9 57 9 40 45 56 57
14 52 14 52
51 84 51 84
33 70 33 43 70
31 89 31 37 58 60 73 89
41 75 41 74 75
4 79 4 29 37 58 60 73 79
7 38 7 9 15 38
41 62 41 62
18 48 18 25 28 48
18 56 18 32 45 56
11 52 11 35 49 52
20 45 20 40 45
2 66 2 38 56 57 66
0 71 0 39 61 71
55 64 55 60 64
10 61 10 49 52 61
45 66 45 66
13 49 13 31 49
21 42 21 32 42
9 76 9 40 64 76
23 37 23 37
22 67 22 33 58 67
15 48 15 28 48
53 84 53 56 78 84
55 89 55 72 89
56 80 56 57 68 80
8 32 8 12 21 32
40 81 40 45 70 81
4 34 4 34
47 80 47 80
23 41 23 29 36 41
51 77 51 77
12 48 12 28 48
2 35 2 35
14 56 14 24 40 45 56
50 81 50 70 81
18 77 18 50 52 77
11 55 11 17 55
23 56 23 29 56
10 86 10 50 72 86
39 85 39 60 64 85
25 77 25 33 43 61 71 77
53 63 53 63
26 39 26 34 39
29 37 29 37
10 58 10 18 32 42 54 58
13 62 13 30 56 62
37 74 37 58 60 64 65 74
47 76 47 76
7 39 7 23 25 28 34 39
2 45 2 32 45
7 59 7 41 59
38 82 38 68 80 82
21 36 21 29 36
55 62 55 62
2 49 2 30 31 49
25 81 25 28 47 70 81
11 75 11 58 75
56 70 56 57 70
47 65 47 65
8 61 8 54 58 61
34 61 34 39 61
8 37 8 12 18 25 31 37
33 60 33 58 60
41 74 41 62 65 74
12 53 12 28 53
55 74 55 60 64 65 74
4 57 4 56 57
50 86 50 72 86
4 87 4 21 55 60 64 65 87
8 41 8 41
29 59 29 36 41 59
37 86 37 58 60 64 80 82 86
15 41 15 41
54 77 54 77
8 34 8 12 28 34
33 76 33 58 76
23 40 23 25 40
33 64 33 58 60 64
0 54 0 2 13 42 54
12 50 12 18 50
5 52 5 52
16 76 16 52 60 64 76
14 36 14 24 36
46 82 46 68 80 82
28 70 28 53 57 70
18 32 18 32
19 34 19 32 34
42 68 42 46 68
38 76 38 58 76
1 72 1 50 66 72
16 49 16 30 31 49
8 63 8 39 63
25 39 25 28 39
11 60 11 35 49 52 60
25 56 25 40 45 56
54 61 54 58 61
25 67 25 31 37 58 67
56 74 56 62 65 74
52 89 52 60 64 65 74 89
23 76 23 52 60 64 76
59 89 59 64 65 74 89
56 76 56 64 76
24 40 24 40
8 44 8 12 44
48 62 48 62
27 87 27 58 60 73 87
34 77 34 39 61 71 77
7 49 7 35 49
18 89 18 47 66 72 89
30 77 30 31 49 52 61 71 77
8 34 8 12 21 32 34
17 34 17 34
12 51 12 29 36 51
10 59 10 18 32 59
6 34 6 8 12 28 34
1 58 1 58
24 46 24 42 46
14 74 14 38 51 65 74
24 44 24 40 44
23 86 23 39 82 86
39 72 39 63 66 72
3 54 3 9 54
43 81 43 70 81
4 72 4 57 66 72
2 47 2 13 47
24 78 24 34 78
0 46 0 20 41 46
48 62 48 62
23 59 23 29 36 41 59
55 64 55 60 64
17 56 17 53 56
10 56 10 22 45 56
22 53 22 53
0 33 0 20 33
14 77 14 52 77
36 85 36 41 58 60 64 85
56 84 56 84
4 76 4 33 43 47 76
0 54 0 10 18 32 42 54
3 54 3 8 54
7 48 7 23 25 28 48
57 80 57 60 64 80
0 39 0 39
35 81 35 70 81
40 70 40 45 56 57 70
18 51 18 36 51
2 31 2 30 31
23 88 23 29 57 88
54 79 54 79
17 40 17 40
47 86 47 80 82 86
15 53 15 28 53
55 72 55 72
19 54 19 42 54
26 34 26 34
50 77 50 52 61 71 77
0 61 0 8 37 58 61
8 62 8 54 62
28 45 28 45
5 57 5 32 45 56 57
2 30 2 30
32 79 32 64 65 79
14 79 14 52 60 64 65 79
46 88 46 68 88
18 47 18 25 43 47
10 58 10 18 33 58
44 65 44 64 65
44 75 44 74 75
28 51 28 38 51
31 66 31 63 66
6 32 6 8 12 21 32
46 80 46 78 80
10 59 10 18 59
20 39 20 25 28 34 39
5 39 5 32 34 39
15 53 15 28 53
47 77 47 66 71 77
11 60 11 41 58 60
42 88 42 46 68 88
11 59 11 36 41 59
5 43 5 7 23 25 43
1 51 1 17 29 36 51
17 65 17 53 57 64 65
56 88 56 57 88
59 76 59 64 76
12 43 12 29 43
12 56 12 18 25 40 45 56
52 71 52 61 71
35 64 35 64
36 78 36 41 59 78
18 57 18 32 45 56 57
21 65 21 56 57 64 65
6 34 6 8 12 18 34
22 49 22 49
8 39 8 39
50 62 50 62
7 35 7 35
14 80 14 52 60 64 80
28 47 28 47
53 83 53 57 60 64 65 74 83
39 71 39 61 71
29 74 29 56 62 65 74
8 79 8 39 65 79
46 65 46 65
14 86 14 54 58 67 80 82 86
54 61 54 58 61
4 45 4 21 32 45
2 67 2 58 67
5 76 5 57 60 64 76
31 88 31 68 88
8 88 8 29 57 88
17 41 17 29 36 41
17 52 17 29 35 49 52
47 75 47 74 75
23 37 23 29 37
24 72 24 55 72
12 74 12 21 51 62 65 74
14 36 14 24 36
40 73 40 44 73
31 60 31 49 60
15 37 15 28 37
21 37 21 29 37
30 75 30 31 37 58 75
37 78 37 58 67 78
28 34 28 34
53 65 53 57 64 65
16 89 16 43 68 89
15 59 15 59
22 72 22 49 66 72
10 43 10 33 43
51 86 51 80 82 86
43 86 43 47 80 82 86
25 49 25 31 49
27 47 27 47
0 48 0 8 12 28 48
28 53 28 53
2 75 2 35 55 60 64 65 74 75
47 83 47 65 74 83
56 63 56 63
14 87 14 59 78 80 82 87
31 72 31 37 72
35 85 35 64 85
56 60 56 60
29 55 29 35 55
17 42 17 42
45 88 45 56 57 68 88
19 40 19 40
35 77 35 71 77
24 35 24 35
52 88 52 88
41 88 41 46 68 88
50 89 50 66 72 89
28 57 28 57
3 49 3 8 29 35 49
35 74 35 49 52 60 64 65 74
21 84 21 56 78 84
18 33 18 33
11 38 11 38
58 76 58 60 64 76
58 67 58 67
4 71 4 34 66 71
2 47 2 13 47
2 41 2 41
11 64 11 52 60 64
15 51 15 51
3 32 3 8 12 18 32
50 87 50 62 65 87
23 58 23 37 58
6 68 6 38 68
2 54 2 13 42 54
3 65 3 9 15 52 60 64 65
50 86 50 80 82 86
26 58 26 41 58
9 58 9 37 58
26 48 26 48
24 77 24 40 66 71 77
17 36 17 29 36
18 47 18 36 43 47
2 79 2 35 55 79
46 64 46 64
15 48 15 28 48
1 67 1 14 54 67
58 75 58 75
6 35 6 8 29 35
34 78 34 78
24 84 24 34 78 84
10 62 10 34 39 62
1 56 1 14 40 45 56
14 47 14 24 47
10 48 10 18 25 28 48
46 88 46 68 88
19 88 19 32 45 56 57 88
5 45 5 32 45
53 61 53 61
1 87 1 44 73 87
39 75 39 74 75
10 31 10 18 25 31
25 48 25 28 48
25 40 25 40
42 80 42 80
53 73 53 56 60 73
9 59 9 15 41 59
29 56 29 56
29 86 29 37 82 86
40 79 40 45 56 65 79
56 83 56 65 74 83
1 31 1 30 31
8 59 8 12 18 36 41 59
7 80 7 53 57 64 80
21 82 21 55 60 64 80 82
35 61 35 49 52 61
37 84 37 84
22 45 22 45
13 69 13 56 57 69
6 53 6 8 12 28 53
8 46 8 12 29 36 41 46
24 34 24 34
41 77 41 61 71 77
21 39 21 34 39
38 69 38 51 69
19 82 19 32 64 80 82
54 64 54 58 60 64
8 69 8 54 58 69
47 87 47 65 87
26 67 26 41 58 67
1 44 1 17 40 44
23 39 23 25 28 39
55 81 55 81
40 81 40 45 56 57 70 81
3 57 3 14 24 40 45 56 57
27 48 27 48
14 44 14 40 44
49 75 49 52 60 64 65 74 75
2 58 2 41 58
6 57 6 13 56 57
32 78 32 67 78
13 83 13 39 74 83
54 89 54 58 60 64 65 74 89
4 54 4 19 32 42 54
14 87 14 34 77 87
23 37 23 37
52 82 52 60 64 80 82
54 75 54 62 65 74 75
29 63 29 56 63
44 65 44 64 65
48 84 48 78 84
25 71 25 28 48 63 66 71
18 34 18 34
17 56 17 40 45 56
38 77 38 63 66 77
28 64 28 45 56 60 64
30 63 30 56 63
12 44 12 44
14 54 14 24 42 54
55 73 55 60 73
36 81 36 43 70 81
5 89 5 32 58 67 89
14 56 14 45 56
15 81 15 38 56 63 81
11 41 11 41
8 70 8 39 70
30 81 30 31 70 81
5 69 5 39 69
19 55 19 55
8 44 8 12 44
14 73 14 42 60 73
11 89 11 36 60 64 65 74 89
3 47 3 36 43 47
4 43 4 19 33 43
30 82 30 56 60 64 80 82
5 47 5 7 23 25 33 43 47
10 37 10 18 25 31 37
20 37 20 37
7 83 7 9 37 58 60 64 65 74 83
1 32 1 32
40 65 40 44 64 65
2 50 2 50
1 37 1 30 31 37
49 62 49 62
18 45 18 32 45
18 33 18 25 33
9 44 9 15 44
5 47 5 7 9 33 43 47
34 73 34 39 60 73
35 71 35 71
37 77 37 58 67 77
37 61 37 58 61
57 89 57 68 89
39 69 39 69
18 32 18 32
54 86 54 58 61 71 86
19 56 19 32 45 56
31 87 31 49 52 60 64 65 87
39 73 39 60 73
58 89 58 67 89
49 65 49 60 64 65
24 41 24 36 41
11 44 11 17 40 44
3 44 3 20 40 44
36 79 36 43 62 65 79
12 37 12 28 37
16 31 16 30 31
47 80 47 80
21 70 21 29 57 70
23 57 23 29 56 57
14 65 14 24 58 60 64 65
27 60 27 52 60
28 69 28 53 69
6 72 6 13 47 66 72
14 82 14 43 68 80 82
32 85 32 42 60 64 85
36 89 36 43 47 66 72 89
56 65 56 57 64 65
43 83 43 47 74 83
38 86 38 56 78 86
37 78 37 58 67 78
12 81 12 18 50 70 81
15 51 15 51
57 82 57 78 80 82
16 62 16 30 31 49 62
3 71 3 49 66 71
7 50 7 9 50
59 76 59 64 76
43 87 43 68 80 82 87
1 38 1 14 38
20 57 20 40 45 56 57
8 37 8 37
4 32 4 21 32
49 71 49 67 71
41 85 41 46 85
10 48 10 48
50 74 50 62 65 74
2 37 2 13 31 37
33 71 33 43 61 71
45 84 45 78 84
58 85 58 60 64 85
34 71 34 66 71
3 45 3 9 15 28 45
9 40 9 40
6 39 6 24 34 39
44 65 44 64 65
10 31 10 18 25 31
22 87 22 43 82 87
49 75 49 75
29 88 29 57 68 88
20 86 20 31 63 66 72 86
30 80 30 31 78 80
27 35 27 35
41 67 41 58 67
16 63 16 30 31 63
12 42 12 42
45 62 45 56 62
24 36 24 36
46 87 46 64 80 82 87
46 78 46 78
18 76 18 49 52 60 64 76
0 66 0 2 49 66
16 85 16 34 39 60 64 85
56 64 56 57 60 64
53 74 53 74
0 32 0 2 32
56 82 56 57 60 64 80 82
9 46 9 15 41 46
11 39 11 17 34 39
8 37 8 37
32 65 32 58 60 64 65
6 53 6 8 12 28 53
8 56 8 29 56
37 71 37 58 67 71
4 62 4 29 43 62
36 61 36 51 61
12 43 12 29 43
18 31 18 25 31
4 39 4 19 32 34 39
41 68 41 68
46 64 46 64
17 34 17 34
33 62 33 43 62
27 52 27 49 52
32 89 32 64 65 74 89
8 51 8 29 36 51
49 84 49 84
44 76 44 76
31 82 31 37 58 67 80 82
17 57 17 40 45 56 57
33 87 33 66 77 87
0 56 0 28 53 56
56 66 56 63 66
42 84 42 78 84
50 76 50 52 60 64 76
56 77 56 63 66 77
45 80 45 56 64 80
55 65 55 60 64 65
14 84 14 42 78 84
33 62 33 43 62
7 64 7 42 46 64
19 43 19 33 43
2 68 2 35 68
48 82 48 78 80 82
4 37 4 29 37
12 42 12 21 32 42
2 57 2 53 57
0 54 0 13 42 54
31 85 31 37 58 60 64 85
14 41 14 24 36 41
30 88 30 56 57 88
23 74 23 25 28 39 65 74
14 46 14 24 36 41 46
11 84 11 38 51 84
12 32 12 21 32
36 82 36 60 64 80 82
19 46 19 32 42 46
23 64 23 52 60 64
20 45 20 25 40 45
35 72 35 49 66 72
1 55 1 14 24 55
10 79 10 34 65 79
51 61 51 61
10 85 10 34 39 60 64 85
31 70 31 70
7 69 7 53 56 57 69
18 44 18 25 40 44
27 55 27 35 55
10 45 10 18 32 45
15 57 15 45 56 57
58 82 58 80 82
38 74 38 62 65 74
7 44 7 23 25 40 44
12 47 12 18 36 43 47
15 47 15 28 47
19 72 19 32 59 72
6 32 6 8 12 18 32
33 75 33 43 47 74 75
42 77 42 61 71 77
28 75 28 57 75
4 47 4 29 36 43 47
22 47 22 43 47
26 61 26 34 39 61
42 84 42 78 84
38 65 38 51 62 65
21 58 21 32 42 54 58
20 39 20 25 28 39
5 77 5 52 77
10 40 10 18 25 40
39 87 39 60 73 87
28 47 28 47
7 46 7 36 41 46
45 75 45 56 57 64 65 74 75
56 80 56 60 64 80
9 59 9 15 59
26 55 26 55
3 44 3 9 40 44
2 78 2 41 46 78
30 71 30 56 63 66 71
42 74 42 54 62 65 74
55 89 55 65 74 89
4 36 4 21 29 36
14 34 14 34
28 48 28 48
32 71 32 71
13 30 13 30
13 42 13 42
53 80 53 56 60 64 80
24 56 24 40 45 56
15 52 15 52
35 82 35 55 60 64 80 82
28 56 28 45 56
19 58 19 32 42 54 58
43 72 43 47 66 72
41 80 41 46 64 80
28 57 28 45 56 57
30 88 30 31 49 88
16 58 16 36 41 58
28 81 28 39 70 81
26 88 26 48 88
48 66 48 63 66
3 35 3 8 29 35
32 84 32 42 46 78 84
57 68 57 68
7 60 7 23 35 49 52 60
21 58 21 29 37 58
33 85 33 58 60 64 85
15 63 15 28 38 63
12 36 12 29 36
1 50 1 50
4 89 4 29 37 66 72 89
7 44 7 23 25 40 44
5 55 5 7 35 55
11 44 11 17 40 44
29 58 29 37 58
15 39 15 28 39
10 44 10 18 25 40 44
42 67 42 54 58 67
19 45 19 45
39 69 39 69
22 57 22 38 56 57
50 80 50 80
0 71 0 27 41 58 67 71
26 65 26 39 60 64 65
4 87 4 26 57 71 87
31 82 31 49 52 60 64 80 82
20 83 20 33 83
5 43 5 7 9 33 43
59 65 59 64 65
33 72 33 66 72
42 78 42 54 58 67 78
15 66 15 38 56 57 66
52 85 52 60 64 85
45 74 45 56 60 64 65 74
59 83 59 74 83
5 59 5 7 9 15 59
2 32 2 32
49 64 49 52 60 64
54 89 54 62 65 74 89
12 55 12 21 55
16 34 16 34
40 84 40 78 84
28 79 28 47 65 79
12 36 12 18 36
3 55 3 14 24 55
54 83 54 62 65 74 83
21 51 21 29 36 51
34 61 34 39 61
6 75 6 34 65 74 75
49 76 49 60 64 76
20 31 20 25 31
42 72 42 63 66 72
36 61 36 51 61
51 87 51 82 87
23 33 23 25 33
15 51 15 51
16 41 16 36 41
53 73 53 56 60 73
2 76 2 41 76
54 67 54 58 67
58 82 58 67 78 80 82
19 42 19 42
14 70 14 38 56 57 70
48 89 48 89
7 42 7 42
10 35 10 22 35
10 33 10 33
56 85 56 85
26 74 26 39 74
11 39 11 17 34 39
44 72 44 72
50 73 50 52 60 73
7 39 7 9 15 28 34 39
42 71 42 54 61 71
4 83 4 21 51 62 65 74 83
3 45 3 40 45
33 76 33 43 47 76
46 82 46 80 82
24 81 24 36 41 81
5 78 5 32 49 67 78
18 58 18 54 58
44 73 44 73
14 40 14 40
4 41 4 21 29 36 41
3 49 3 49
23 67 23 29 35 49 67
23 46 23 29 36 41 46
38 78 38 56 78
28 57 28 45 56 57
28 76 28 47 76
28 79 28 45 56 62 65 79
10 75 10 43 47 65 74 75
32 60 32 34 39 60
44 89 44 73 89
5 39 5 7 23 25 28 39
29 76 29 48 76
59 89 59 74 89
24 51 24 36 51
15 75 15 59 74 75
7 31 7 23 25 31
10 36 10 18 36
6 42 6 24 42
6 30 6 13 30
30 60 30 31 37 58 60
38 85 38 58 60 64 85
43 62 43 62
1 58 1 30 31 37 58
42 85 42 46 64 85
33 86 33 66 71 86
6 32 6 8 12 18 32
0 47 0 27 47
21 52 21 29 35 49 52
55 73 55 60 73
10 35 10 22 35
27 58 27 41 58
58 78 58 67 78
0 37 0 2 13 30 31 37
15 46 15 41 46
7 59 7 23 29 36 41 59
0 85 0 39 60 64 85
12 45 12 21 32 45
24 44 24 40 44
4 42 4 21 32 42
32 76 32 42 54 58 76
25 45 25 28 45
22 87 22 52 80 82 87
11 71 11 30 31 61 71
24 89 24 40 45 70 89
9 45 9 40 45
6 30 6 13 30
53 83 53 56 60 64 65 74 83
46 62 46 62
28 75 28 45 56 65 74 75
15 34 15 28 34
48 66 48 63 66
37 66 37 66
33 65 33 58 60 64 65
16 72 16 34 66 72
10 76 10 34 39 60 64 76
8 73 8 41 58 73
24 57 24 40 45 56 57
0 36 0 36
21 56 21 56
38 74 38 51 65 74
50 71 50 52 61 71
12 66 12 42 63 66
2 52 2 35 49 52
22 83 22 33 43 47 74 83
24 59 24 36 41 59
30 87 30 56 60 73 87
17 56 17 40 45 56
0 55 0 35 55
27 35 27 35
16 46 16 36 41 46
6 67 6 8 41 58 67
21 34 21 32 34
43 70 43 70
20 71 20 31 37 71
15 44 15 44
53 87 53 57 66 71 87
22 52 22 49 52
35 84 35 49 78 84
17 76 17 34 39 63 76
2 37 2 30 31 37
4 59 4 21 29 36 41 59
17 34 17 34
26 39 26 39
10 74 10 48 74
39 61 39 61
18 43 18 36 43
42 63 42 63
39 63 39 63
4 66 4 56 63 66
54 65 54 62 65
0 35 0 8 12 29 35
15 46 15 41 46
11 55 11 17 29 35 55
7 66 7 48 63 66
1 53 1 17 53
1 85 1 58 60 64 85
18 52 18 32 49 52
10 75 10 18 50 52 60 64 65 74 75
52 85 52 60 64 85
29 60 29 35 55 60
42 77 42 54 61 71 77
13 68 13 42 46 68
59 72 59 72
12 50 12 18 50
6 39 6 13 39
46 74 46 62 65 74
38 88 38 51 88
54 85 54 58 60 64 85
23 79 23 39 62 65 79
14 36 14 24 36
19 56 19 32 45 56
30 88 30 31 49 88
53 71 53 56 63 66 71
32 88 32 42 68 88
14 72 14 24 43 47 66 72
4 82 4 57 60 64 80 82
7 42 7 42
31 86 31 78 86
17 88 17 53 56 57 68 88
13 54 13 42 54
8 57 8 29 56 57
34 74 34 65 74
0 30 0 13 30
9 54 9 54
23 36 23 29 36
8 47 8 47
11 39 11 17 34 39
51 89 51 65 74 89
0 44 0 10 18 25 40 44
51 74 51 65 74
38 74 38 51 65 74
18 75 18 36 43 47 65 74 75
17 47 17 29 43 47
25 88 25 31 49 88
11 56 11 56
29 37 29 37
11 74 11 35 64 65 74
4 32 4 19 32
58 78 58 67 78
14 58 14 54 58
12 51 12 18 25 28 38 51
24 35 24 35
0 83 0 41 62 65 74 83
27 46 27 46
32 65 32 59 64 65
22 44 22 44
9 48 9 15 28 48
28 74 28 47 65 74
2 53 2 53
13 68 13 31 68
55 73 55 60 73
0 65 0 41 65
23 87 23 37 87
5 54 5 7 42 54
55 83 55 60 64 65 74 83
36 82 36 80 82
5 45 5 32 45
14 61 14 38 51 61
28 37 28 37
4 70 4 45 70
21 39 21 34 39
12 54 12 21 32 42 54
28 57 28 45 56 57
28 45 28 45
4 61 4 56 61
31 70 31 70
3 37 3 20 31 37
37 84 37 84
53 85 53 57 60 64 85
20 63 20 25 40 45 56 63
59 74 59 74
10 41 10 18 36 41
28 51 28 38 51
26 58 26 41 58
3 57 3 14 24 40 45 56 57
20 78 20 49 67 78
25 85 25 31 49 60 64 85
9 56 9 56
52 79 52 60 64 65 79
22 61 22 43 61
16 40 16 40
35 75 35 75
15 41 15 41
30 74 30 56 65 74
8 34 8 12 18 34
53 64 53 57 60 64
28 48 28 48
43 69 43 69
6 55 6 24 35 55
43 70 43 70
14 44 14 40 44
16 57 16 30 56 57
21 46 21 32 42 46
7 37 7 9 15 28 37
2 46 2 32 42 46
36 87 36 65 87
9 73 9 38 58 60 73
34 64 34 39 60 64
13 77 13 42 54 58 67 71 77
40 61 40 45 56 61
18 58 18 42 54 58
33 88 33 43 68 88
17 75 17 53 56 60 64 65 74 75
30 70 30 56 57 70
12 32 12 18 32
30 68 30 56 57 68
44 85 44 64 85
25 58 25 28 38 58
57 69 57 69
4 40 4 19 40
55 82 55 60 64 80 82
17 36 17 29 36
35 84 35 49 84
12 46 12 42 46
43 76 43 47 76
42 77 42 61 71 77
7 57 7 45 56 57
20 46 20 41 46
23 33 23 25 33
48 72 48 63 66 72
10 85 10 50 52 60 64 85
35 81 35 70 81
25 44 25 40 44
56 69 56 57 69
15 58 15 38 58
56 87 56 57 87
34 64 34 39 60 64
18 40 18 25 40
58 73 58 60 73
7 34 7 9 15 28 34
48 71 48 63 66 71
59 65 59 64 65
45 70 45 70
10 85 10 18 52 60 64 85
20 85 20 40 44 64 85
34 79 34 65 79
50 72 50 66 72
20 49 20 25 31 49
51 61 51 61
10 41 10 18 36 41
17 49 17 29 35 49
13 65 13 47 65
3 65 3 9 39 62 65
5 65 5 7 36 65
29 64 29 56 60 64
0 75 0 41 58 75
28 65 28 47 65
24 51 24 36 51
25 84 25 28 57 84
19 33 19 33
5 60 5 32 45 56 57 60
56 77 56 57 71 77
45 64 45 56 57 60 64
28 39 28 39
1 40 1 17 40
18 54 18 32 42 54
16 49 16 30 31 49
49 83 49 52 60 64 65 74 83
37 77 37 58 61 71 77
15 57 15 45 56 57
12 37 12 28 37
34 74 34 65 74
22 35 22 35
12 80 12 47 80
49 77 49 66 71 77
21 58 21 29 37 58
30 65 30 56 60 64 65
10 34 10 18 32 34
29 56 29 56
11 47 11 17 29 36 43 47
5 52 5 32 49 52
26 67 26 41 58 67
20 68 20 43 68
14 35 14 24 35
48 75 48 65 74 75
12 59 12 18 59
9 85 9 38 56 85
3 50 3 8 12 18 50
37 60 37 58 60
6 57 6 24 40 45 56 57
6 89 6 24 47 74 89
17 58 17 29 37 58
16 66 16 50 66
14 76 14 42 60 64 76
10 50 10 18 50
39 63 39 63
26 78 26 34 78
34 62 34 39 62
11 40 11 17 40
32 83 32 64 65 74 83
8 63 8 38 56 63
0 76 0 39 63 76
33 67 33 58 67
12 58 12 18 33 58
40 65 40 44 64 65
45 84 45 56 84
32 63 32 34 39 63
24 80 24 40 64 80
46 74 46 65 74
3 84 3 8 29 35 49 67 78 84
11 85 11 30 56 64 85
37 86 37 66 72 86
12 62 12 29 43 62
43 66 43 47 66
32 73 32 49 60 73
41 60 41 58 60
15 76 15 38 63 76
31 74 31 37 58 60 64 65 74
28 63 28 45 56 63
53 78 53 57 78
18 48 18 25 28 48
21 37 21 29 37
16 67 16 30 31 49 67
1 80 1 50 80
9 56 9 15 45 56
47 71 47 66 71
8 41 8 41
27 86 27 39 82 86
3 51 3 14 38 51
10 37 10 18 25 28 37
18 49 18 32 49
32 77 32 49 66 77
7 45 7 9 40 45
7 88 7 35 68 88
50 75 50 62 65 74 75
7 50 7 9 50
34 65 34 39 60 64 65
3 32 3 8 12 18 32
2 51 2 38 51
12 71 12 42 63 66 71
56 69 56 57 69
36 65 36 43 62 65
39 81 39 70 81
32 85 32 42 46 85
31 62 31 49 62
29 41 29 36 41
53 75 53 74 75
53 70 53 56 57 70
39 63 39 63
3 74 3 36 62 65 74
31 73 31 37 58 73
8 50 8 12 50
31 64 31 49 52 60 64
51 89 51 62 65 74 89
56 61 56 61
4 34 4 26 34
27 83 27 37 58 60 64 65 74 83
10 61 10 34 39 61
50 86 50 72 86
23 36 23 29 36
1 51 1 14 38 51
1 58 1 32 58
35 84 35 49 67 78 84
45 83 45 56 57 60 64 65 74 83
56 89 56 60 73 89
42 88 42 46 68 88
35 85 35 55 60 64 85
32 71 32 49 52 61 71
58 61 58 61
24 60 24 55 60
23 56 23 29 56
54 78 54 58 67 78
30 64 30 31 49 52 60 64
49 71 49 52 61 71
12 33 12 18 33
8 75 8 12 28 39 74 75
32 88 32 45 56 57 88
50 64 50 52 60 64
9 86 9 47 66 71 86
31 60 31 49 52 60
17 55 17 29 35 55
11 66 11 36 43 47 66
13 56 13 30 56
17 53 17 53
20 41 20 41
8 63 8 38 63
57 64 57 64
33 87 33 43 82 87
41 88 41 59 88
5 37 5 7 9 15 28 37
4 58 4 21 29 37 58
58 78 58 67 78
49 78 49 78
31 72 31 63 66 72
2 71 2 53 63 66 71
17 43 17 29 36 43
3 38 3 9 38
53 70 53 56 57 70
40 78 40 45 56 78
59 84 59 78 84
9 62 9 54 62
28 47 28 47
5 42 5 32 42
22 63 22 45 56 63
50 88 50 52 88
4 52 4 29 35 49 52
44 72 44 72
32 80 32 49 78 80
29 66 29 56 57 66
48 84 48 78 84
29 51 29 36 51
2 35 2 35
7 57 7 53 57
53 69 53 56 57 69
19 55 19 55
14 43 14 43
31 69 31 37 69
27 35 27 35
24 54 24 42 54
1 42 1 17 42
34 70 34 39 70
49 79 49 62 65 79
45 62 45 56 62
14 89 14 34 65 74 89
49 72 49 66 72
7 44 7 23 25 40 44
6 67 6 24 42 54 67
18 47 18 25 28 47
42 62 42 54 62
30 83 30 31 37 58 60 64 65 74 83
6 43 6 24 43
14 46 14 42 46
54 61 54 61
2 84 2 41 46 78 84
22 46 22 46
50 85 50 52 60 64 85
39 66 39 63 66
4 47 4 19 33 43 47
17 43 17 29 43
53 65 53 56 65
33 76 33 43 47 76
11 37 11 17 29 37
49 83 49 52 60 64 65 74 83
34 79 34 39 65 79
8 48 8 12 28 48
39 66 39 63 66
26 55 26 55
37 67 37 58 67
0 57 0 56 57
18 43 18 25 33 43
19 45 19 40 45
14 77 14 52 61 71 77
5 40 5 7 23 25 40
9 45 9 40 45
54 78 54 67 78
2 65 2 50 52 60 64 65
24 40 24 40
41 67 41 58 67
50 89 50 66 72 89
54 80 54 67 78 80
30 76 30 56 64 76
0 33 0 10 33
41 85 41 46 64 85
24 57 24 40 45 56 57
55 73 55 60 73
8 50 8 12 50
45 88 45 56 57 88
39 69 39 69
5 34 5 32 34
17 35 17 29 35
29 70 29 36 41 70
23 82 23 25 28 52 60 64 80 82
4 55 4 19 55
50 81 50 70 81
58 79 58 73 79
16 44 16 40 44
42 73 42 54 58 73
31 78 31 78
0 38 0 28 38
41 77 41 58 77
11 83 11 36 41 65 74 83
12 48 12 29 48
10 42 10 18 42
52 89 52 60 73 89
20 47 20 43 47
13 77 13 31 63 66 77
13 46 13 42 46
14 35 14 24 35
27 69 27 39 69
32 87 32 67 71 87
13 49 13 31 49
33 68 33 43 68
34 83 34 39 60 64 65 74 83
24 47 24 47
35 61 35 49 52 61
28 58 28 37 58
23 86 23 35 80 82 86
48 84 48 78 84
25 43 25 43
45 80 45 56 60 64 80
7 51 7 9 38 51
55 89 55 60 64 65 74 89
57 64 57 60 64
48 87 48 65 87
3 65 3 36 43 47 65
42 78 42 46 78
18 85 18 33 58 60 64 85
3 39 3 8 39
1 39 1 32 34 39
0 84 0 8 29 35 49 67 78 84
27 58 27 37 58
6 36 6 8 12 18 36
48 71 48 63 66 71
23 43 23 29 36 43
6 50 6 50
18 44 18 25 40 44
9 59 9 15 59
44 74 44 74
4 83 4 56 62 65 74 83
37 60 37 58 60
17 73 17 34 39 60 73
14 55 14 24 55
15 57 15 45 56 57
6 78 6 13 31 37 58 67 78
10 54 10 18 32 42 54
43 86 43 61 71 86
20 31 20 31
11 58 11 41 58
45 83 45 56 57 60 64 65 74 83
54 85 54 58 60 64 85
6 85 6 8 54 85
39 79 39 62 65 79
0 40 0 20 40
4 45 4 19 32 45
54 60 54 58 60
46 65 46 64 65
2 51 2 38 51
17 42 17 42
4 42 4 19 42
16 77 16 34 77
29 37 29 37
39 89 39 74 89
6 40 6 24 40
32 70 32 45 56 57 70
26 47 26 47
53 81 53 56 81
3 56 3 40 45 56
17 58 17 29 36 41 58
12 37 12 29 37
12 89 12 50 65 74 89
16 45 16 40 45
57 66 57 66
54 82 54 80 82
15 45 15 45
39 62 39 62
56 71 56 61 71
9 84 9 40 78 84
27 72 27 49 66 72
8 51 8 38 51
28 64 28 34 39 60 64
16 31 16 30 31
36 60 36 60
39 86 39 80 82 86
5 45 5 32 45
9 89 9 54 58 73 89
43 82 43 82
11 85 11 58 60 64 85
4 77 4 45 56 57 77
45 73 45 56 73
3 34 3 9 15 28 34
32 69 32 45 56 57 69
0 89 0 8 29 57 66 72 89
1 45 1 32 45
0 68 0 36 43 68
23 59 23 29 36 41 59
59 89 59 72 89
48 79 48 62 65 79
45 70 45 56 57 70
52 79 52 60 64 65 79
18 39 18 34 39
14 84 14 45 56 84
41 78 41 78
38 75 38 51 75
12 36 12 21 29 36
50 88 50 52 88
55 82 55 60 64 80 82
23 41 23 29 36 41
40 65 40 45 56 65
35 88 35 49 88
36 76 36 43 47 76
17 53 17 53
11 30 11 30
20 52 20 25 31 49 52
2 57 2 57
1 59 1 14 24 36 41 59
38 76 38 56 60 64 76
16 37 16 30 31 37
39 85 39 60 64 85
29 47 29 43 47
10 32 10 18 32
15 87 15 38 58 77 87
19 68 19 45 56 57 68
1 50 1 50
6 80 6 34 78 80
17 44 17 40 44
34 80 34 78 80
27 87 27 35 64 65 87
37 80 37 58 80
45 88 45 56 57 88
11 34 11 17 34
30 62 30 31 49 62
25 38 25 28 38
22 75 22 38 62 65 74 75
40 66 40 66
26 59 26 41 59
22 89 22 53 74 89
31 87 31 68 80 82 87
14 57 14 40 45 56 57
1 53 1 14 53
15 61 15 43 61
57 87 57 60 64 80 82 87
22 82 22 35 68 80 82
15 83 15 28 57 64 65 74 83
5 34 5 7 9 15 28 34
41 75 41 59 64 65 74 75
46 80 46 64 80
20 41 20 41
22 85 22 33 58 60 64 85
38 81 38 63 81
23 53 23 25 28 53
9 58 9 37 58
36 61 36 41 61
29 84 29 35 49 84
21 43 21 29 43
18 83 18 42 54 58 60 64 65 74 83
7 59 7 23 29 36 41 59
26 73 26 34 39 60 73
21 73 21 55 60 73
40 75 40 44 74 75
52 74 52 60 64 65 74
21 49 21 32 49
9 59 9 15 41 59
34 61 34 39 61
3 59 3 8 41 59
19 64 19 46 64
1 36 1 14 24 36
6 49 6 24 35 49
55 74 55 62 65 74
30 82 30 56 78 80 82
21 51 21 51
7 44 7 23 25 40 44
33 88 33 88
23 36 23 29 36
53 62 53 56 62
43 82 43 82
17 57 17 40 45 56 57
38 65 38 62 65
33 83 33 58 60 64 65 74 83
18 87 18 50 65 87
12 58 12 42 54 58
38 78 38 56 78
30 89 30 56 63 66 72 89
6 67 6 38 58 67
9 38 9 38
39 82 39 60 64 80 82
48 62 48 62
0 56 0 28 53 56
1 40 1 17 40
3 42 3 14 24 42
28 74 28 53 74
1 65 1 17 51 65
9 75 9 54 58 75
0 82 0 13 42 60 64 80 82
57 84 57 78 84
27 71 27 39 61 71
9 67 9 38 58 67
12 42 12 18 42
9 85 9 56 64 85
15 61 15 39 61
21 37 21 29 37
7 39 7 9 39
19 52 19 32 49 52
30 88 30 31 68 88
21 73 21 34 39 60 73
3 57 3 9 56 57
40 68 40 45 56 57 68
36 71 36 51 61 71
33 81 33 70 81
29 55 29 35 55
44 72 44 72
12 57 12 21 32 45 56 57
19 47 19 33 43 47
50 73 50 52 60 73
37 65 37 58 60 64 65
37 80 37 58 67 78 80
7 31 7 23 25 31
19 61 19 54 61
57 86 57 64 80 82 86
2 32 2 32
8 48 8 12 28 48
3 46 3 8 12 29 36 41 46
35 84 35 49 67 78 84
17 42 17 42
45 66 45 66
12 44 12 18 25 40 44
16 40 16 40
21 52 21 32 49 52
22 47 22 33 43 47
6 79 6 8 39 60 73 79
8 44 8 12 44
31 64 31 49 60 64
3 39 3 9 15 28 34 39
8 59 8 41 59
57 60 57 60
39 83 39 60 64 65 74 83
25 33 25 33
34 64 34 39 60 64
15 73 15 39 60 73
5 48 5 7 23 29 48
49 88 49 88
6 50 6 8 12 50
59 85 59 64 85
13 30 13 30
42 76 42 46 64 76
13 30 13 30
23 47 23 25 28 47
47 87 47 65 87
57 70 57 70
8 56 8 38 56
14 42 14 42
8 85 8 41 85
20 33 20 25 33
1 39 1 32 34 39
4 39 4 26 39
7 33 7 23 25 33
5 38 5 7 9 38
0 40 0 10 18 25 40
0 58 0 27 37 58
33 62 33 43 62
53 60 53 56 57 60
39 65 39 62 65
32 62 32 49 62
40 78 40 78
10 89 10 34 39 65 74 89
38 89 38 63 66 72 89
24 40 24 40
1 56 1 32 45 56
25 34 25 28 34
23 58 23 29 36 41 58
23 43 23 29 36 43
41 84 41 78 84
40 87 40 78 80 82 87
49 89 49 66 72 89
35 67 35 49 67
53 83 53 57 64 65 74 83
6 55 6 8 29 35 55
44 85 44 64 85
3 75 3 49 75
32 60 32 58 60
39 66 39 63 66
5 50 5 7 9 50
4 81 4 42 63 81
1 44 1 14 40 44
54 79 54 62 65 79
14 51 14 38 51
13 69 13 42 69
11 69 11 56 57 69
19 70 19 32 45 70
0 64 0 36 41 58 60 64
4 57 4 19 45 56 57
10 37 10 18 37
6 30 6 13 30
10 36 10 18 36
54 77 54 58 67 77
49 78 49 78
57 79 57 60 73 79
39 85 39 60 64 85
46 87 46 65 87
58 64 58 60 64
21 70 21 57 70
23 46 23 29 36 41 46
17 84 17 29 37 58 67 78 84
12 86 12 47 66 71 86
28 38 28 38
18 87 18 32 34 66 87
27 76 27 46 64 76
16 77 16 30 56 57 77
43 62 43 62
17 79 17 29 37 58 60 64 65 79
55 80 55 60 64 80
36 86 36 41 61 71 86
5 38 5 7 9 38
9 41 9 15 41
35 65 35 49 52 60 64 65
53 75 53 57 60 64 65 74 75
9 72 9 47 66 72
42 66 42 63 66
57 82 57 68 80 82
5 77 5 34 66 77
17 62 17 53 56 62
10 54 10 18 42 54
29 76 29 57 64 76
48 70 48 70
5 54 5 7 42 54
58 76 58 60 64 76
2 64 2 13 42 46 64
10 48 10 48
11 46 11 41 46
17 39 17 34 39
20 70 20 41 70
7 45 7 9 15 28 45
44 85 44 64 85
4 51 4 51
31 64 31 49 60 64
19 79 19 42 60 73 79
8 54 8 12 21 32 42 54
57 82 57 68 80 82
38 63 38 63
7 52 7 35 49 52
16 52 16 52
56 83 56 62 65 74 83
28 60 28 57 60
8 61 8 29 35 49 52 61
8 33 8 12 18 25 33
41 74 41 46 74
53 69 53 69
7 89 7 53 57 64 65 74 89
38 86 38 56 61 71 86
33 81 33 43 70 81
6 41 6 8 12 21 29 36 41
57 85 57 60 64 85
8 68 8 41 68
3 69 3 36 51 69
3 76 3 14 53 56 64 76
32 89 32 59 64 65 74 89
0 53 0 8 12 18 53
44 75 44 75
36 82 36 41 78 80 82
32 61 32 45 56 61
32 85 32 42 60 64 85
37 87 37 58 67 71 87
18 37 18 25 31 37
48 75 48 62 65 74 75
38 70 38 56 57 70
3 69 3 9 39 69
39 63 39 63
3 56 3 40 45 56
51 89 51 65 74 89
33 68 33 43 68
57 79 57 64 65 79
22 65 22 46 62 65
11 48 11 17 29 48
11 62 11 35 49 62
53 89 53 63 66 72 89
34 72 34 66 72
0 56 0 8 12 28 38 56
32 77 32 42 54 58 67 77
15 48 15 28 48
39 83 39 74 83
49 85 49 52 60 64 85
7 41 7 41
33 66 33 66
11 73 11 36 41 58 60 73
59 78 59 78
55 73 55 60 73
3 45 3 9 40 45
41 77 41 58 67 71 77
35 67 35 49 67
14 62 14 42 54 62
2 39 2 13 39
12 69 12 42 54 58 69
35 62 35 49 62
0 56 0 20 25 40 45 56
32 74 32 64 65 74
29 35 29 35
33 62 33 43 62
36 85 36 51 85
23 39 23 25 28 39
28 67 28 38 58 67
44 89 44 74 89
23 31 23 25 31
10 32 10 18 32
25 78 25 28 53 56 57 78
10 85 10 53 85
13 52 13 30 31 49 52
31 72 31 63 66 72
9 45 9 15 45
16 67 16 36 41 58 67
7 33 7 23 25 33
9 78 9 37 58 67 78
55 76 55 76
43 71 43 47 66 71
3 58 3 54 58
33 69 33 58 69
42 87 42 46 64 80 82 87
17 76 17 40 45 56 63 76
4 57 4 26 57
3 57 3 9 56 57
1 31 1 30 31
10 53 10 53
40 79 40 44 64 65 79
12 34 12 28 34
12 60 12 29 35 49 60
41 65 41 65
17 49 17 29 35 49
1 47 1 17 29 36 43 47
53 60 53 57 60
48 75 48 62 65 74 75
22 53 22 53
15 58 15 41 58
23 57 23 25 57
33 76 33 58 60 64 76
49 61 49 52 61
36 69 36 43 69
40 62 40 45 56 62
20 46 20 41 46
6 65 6 50 65
22 62 22 49 62
26 74 26 48 65 74
1 55 1 14 24 55
0 52 0 20 49 52
0 69 0 20 37 69
41 71 41 58 61 71
40 78 40 78
39 60 39 60
23 51 23 29 36 51
42 85 42 60 64 85
2 32 2 32
11 57 11 56 57
41 82 41 58 67 80 82
37 78 37 58 67 78
12 31 12 18 25 31
22 55 22 55
21 48 21 29 48
46 86 46 68 86
56 87 56 63 66 71 77 87
36 72 36 41 59 72
53 76 53 57 60 64 76
0 67 0 20 49 67
29 36 29 36
47 81 47 70 81
32 62 32 49 62
20 67 20 31 37 58 67
6 61 6 34 39 61
23 64 23 39 60 64
59 76 59 64 76
20 59 20 41 59
33 76 33 58 60 64 76
20 45 20 40 45
37 77 37 71 77
33 89 33 58 60 73 89
18 66 18 36 43 47 66
10 68 10 18 42 46 68
40 78 40 78
59 85 59 85
56 68 56 57 68
39 82 39 60 64 80 82
5 58 5 32 42 54 58
4 54 4 42 54
41 71 41 61 71
15 38 15 28 38
16 73 16 36 60 73
39 69 39 69
18 83 18 34 83
12 32 12 18 32
16 40 16 40
4 51 4 51
33 64 33 58 60 64
38 80 38 51 78 80
3 50 3 8 12 18 50
58 69 58 69
18 71 18 54 61 71
29 65 29 36 43 47 65
7 53 7 23 25 28 53
3 84 3 40 78 84
32 73 32 42 60 73
5 33 5 7 23 25 33
22 52 22 35 49 52
50 65 50 65
33 86 33 66 71 86
47 66 47 66
41 67 41 58 67
17 59 17 29 36 41 59
0 36 0 8 29 36
30 63 30 56 63
3 38 3 20 25 28 38
34 76 34 39 60 64 76
58 64 58 60 64
45 65 45 56 65
57 81 57 81
25 84 25 57 84
57 89 57 89
5 81 5 32 45 70 81
47 76 47 76
22 66 22 35 49 66
20 34 20 25 28 34
40 61 40 45 56 61
53 74 53 57 60 64 65 74
8 44 8 12 18 25 40 44
18 68 18 32 42 68
38 72 38 63 66 72
11 58 11 58
30 60 30 31 37 58 60
17 44 17 40 44
45 71 45 66 71
47 75 47 65 74 75
1 30 1 30
9 34 9 15 28 34
16 83 16 43 47 65 74 83
42 73 42 54 58 60 73
43 62 43 62
50 60 50 52 60
19 59 19 32 59
59 76 59 64 76
59 64 59 64
2 41 2 41
17 57 17 40 45 56 57
8 40 8 12 18 25 40
58 71 58 67 71
38 83 38 56 64 65 74 83
29 35 29 35
14 40 14 40
13 46 13 42 46
28 70 28 57 70
19 77 19 54 58 61 71 77
53 66 53 63 66
47 83 47 65 74 83
8 39 8 12 21 34 39
44 74 44 64 65 74
0 64 0 35 64
5 33 5 7 9 33
48 81 48 81
43 61 43 61
31 73 31 49 73
12 58 12 18 37 58
20 52 20 25 31 49 52
15 53 15 28 53
8 48 8 12 21 29 48
58 75 58 75
11 45 11 17 40 45
23 51 23 25 28 38 51
38 75 38 56 57 60 64 65 74 75
57 81 57 70 81
13 42 13 42
51 82 51 80 82
24 60 24 34 39 60
1 58 1 58
0 55 0 8 29 35 55
3 65 3 43 47 65
42 69 42 54 58 69
24 45 24 40 45
10 76 10 53 57 60 64 76
42 69 42 54 58 69
19 52 19 32 49 52
8 31 8 12 18 25 31
5 48 5 7 48
36 60 36 60
20 58 20 33 58
30 67 30 31 37 58 67
34 72 34 39 63 66 72
14 47 14 24 47
19 47 19 33 43 47
47 82 47 80 82
13 82 13 56 78 80 82
11 35 11 35
36 89 36 65 74 89
0 39 0 39
8 46 8 29 36 41 46
12 55 12 29 35 55
14 58 14 54 58
36 81 36 43 70 81
5 37 5 7 23 37
10 57 10 22 38 56 57
41 83 41 46 62 65 74 83
14 58 14 38 58
34 71 34 39 61 71
28 39 28 39
45 81 45 70 81
37 65 37 58 60 64 65
21 36 21 29 36
3 43 3 36 43
12 82 12 44 64 80 82
37 86 37 66 71 86
21 55 21 29 35 55
26 77 26 57 66 77
9 78 9 38 51 78
30 87 30 65 87
0 66 0 43 47 66
6 52 6 50 52
24 52 24 35 49 52
36 86 36 51 78 80 82 86
35 89 35 49 74 89
55 89 55 65 74 89
2 76 2 35 64 76
36 73 36 60 73
18 33 18 33
49 86 49 66 72 86
28 68 28 57 68
49 73 49 60 73
31 75 31 37 58 60 64 65 74 75
48 84 48 78 84
48 65 48 62 65
2 35 2 35
57 73 57 60 73
40 87 40 44 73 87
24 86 24 43 82 86
28 52 28 52
45 79 45 56 64 65 79
4 47 4 26 47
22 57 22 38 56 57
51 85 51 85
9 52 9 50 52
5 58 5 7 9 15 28 37 58
2 79 2 38 56 73 79
5 55 5 7 35 55
14 57 14 53 56 57
41 61 41 61
2 89 2 57 89
20 34 20 25 28 34
20 65 20 33 43 62 65
27 37 27 37
28 52 28 52
11 40 11 17 40
22 68 22 33 43 68
25 63 25 40 45 56 63
23 84 23 35 49 78 84
52 61 52 61
47 76 47 76
4 41 4 21 29 36 41
3 47 3 20 25 43 47
31 80 31 68 80
35 84 35 49 67 78 84
40 79 40 44 73 79
12 40 12 18 25 40
39 61 39 61
8 83 8 12 21 32 59 64 65 74 83
16 83 16 52 60 64 65 74 83
44 72 44 72
9 33 9 33
10 44 10 22 44
48 82 48 78 80 82
21 62 21 55 62
52 83 52 60 64 65 74 83
36 72 36 41 72
22 85 22 46 85
47 89 47 70 89
39 87 39 62 65 87
8 38 8 12 18 25 28 38
17 56 17 29 56
59 65 59 64 65
21 45 21 32 45
19 47 19 33 43 47
9 57 9 56 57
14 42 14 42
16 57 16 30 56 57
7 69 7 9 39 69
29 43 29 36 43
40 75 40 44 64 65 74 75
50 62 50 62
10 47 10 22 43 47
3 34 3 20 25 28 34
11 51 11 17 29 36 51
21 47 21 29 36 43 47
28 37 28 37
13 46 13 42 46
4 45 4 21 32 45
4 48 4 29 48
28 34 28 34
46 89 46 65 74 89
16 83 16 30 31 83
4 45 4 19 40 45
36 61 36 51 61
6 38 6 8 38
16 44 16 40 44
16 52 16 30 31 49 52
45 69 45 56 57 69
48 72 48 63 66 72
44 79 44 73 79
45 72 45 56 63 66 72
11 71 11 41 61 71
10 41 10 18 36 41
17 64 17 40 44 64
11 64 11 37 58 60 64
57 69 57 69
35 74 35 64 65 74
57 66 57 66
7 52 7 35 49 52
6 46 6 24 42 46
1 30 1 30
46 68 46 68
38 73 38 58 60 73
10 57 10 22 45 56 57
1 36 1 14 24 36
0 59 0 41 59
44 82 44 64 80 82
41 69 41 58 69
9 63 9 56 63
48 81 48 70 81
27 60 27 39 60
6 40 6 24 40
47 72 47 66 72
49 76 49 60 64 76
29 36 29 36
35 64 35 49 52 60 64
6 40 6 24 40
57 89 57 89
52 80 52 80
19 32 19 32
12 70 12 28 57 70
1 42 1 32 42
24 66 24 42 63 66
6 32 6 8 12 18 32
27 88 27 49 52 88
46 85 46 64 85
8 64 8 38 58 60 64
21 35 21 29 35
4 35 4 21 29 35
19 46 19 42 46
5 42 5 32 42
8 80 8 47 80
42 67 42 54 67
48 78 48 78
42 80 42 78 80
38 60 38 58 60
14 42 14 24 42
24 39 24 34 39
5 52 5 52
16 34 16 34
2 41 2 41
15 58 15 38 58
11 39 11 17 34 39
10 84 10 48 78 84
6 64 6 41 59 64
12 76 12 50 76
2 76 2 39 63 76
3 52 3 9 15 28 52
42 61 42 54 58 61
39 70 39 70
29 58 29 36 41 58
50 82 50 52 80 82
14 46 14 42 46
42 75 42 46 65 74 75
25 57 25 28 38 56 57
30 81 30 56 63 81
50 61 50 52 61
10 45 10 18 25 28 45
35 79 35 49 73 79
18 46 18 42 46
34 79 34 65 79
38 83 38 56 60 64 65 74 83
3 34 3 14 34
32 71 32 67 71
38 69 38 58 69
15 61 15 45 56 61
23 70 23 35 70
39 82 39 82
33 82 33 58 67 80 82
10 52 10 50 52
0 82 0 47 80 82
1 31 1 30 31
32 81 32 42 63 81
57 77 57 77
3 65 3 9 54 62 65
18 52 18 49 52
24 46 24 42 46
0 66 0 56 63 66
30 74 30 56 60 64 65 74
23 68 23 35 68
22 78 22 45 78
0 47 0 36 43 47
7 70 7 48 70
2 39 2 13 39
57 64 57 64
57 79 57 64 65 79
8 47 8 29 36 43 47
14 38 14 38
13 31 13 31
56 69 56 57 69
15 87 15 43 61 71 77 87
21 43 21 29 36 43
16 43 16 36 43
20 46 20 41 46
26 64 26 55 60 64
12 45 12 28 45
16 31 16 30 31
36 84 36 51 84
15 45 15 28 45
19 88 19 46 68 88
10 87 10 50 52 80 82 87
45 69 45 56 57 69
36 84 36 51 78 84
50 72 50 72
7 47 7 23 25 43 47
31 89 31 37 58 67 89
23 35 23 35
4 33 4 19 33
16 30 16 30
37 79 37 58 73 79
23 34 23 25 28 34
5 39 5 7 9 15 39
29 52 29 35 49 52
24 65 24 58 60 64 65
10 37 10 18 37
49 64 49 60 64
35 74 35 55 60 64 65 74
18 61 18 52 61
19 65 19 46 65
13 47 13 47
53 89 53 56 60 73 89
36 67 36 41 58 67
16 37 16 30 31 37
13 81 13 39 70 81
22 66 22 38 63 66
57 89 57 70 89
22 78 22 45 56 78
8 36 8 12 29 36
31 87 31 49 87
55 62 55 62
10 54 10 18 42 54
42 85 42 46 85
39 63 39 63
28 67 28 38 58 67
48 88 48 88
52 75 52 75
57 87 57 66 87
11 49 11 35 49
3 43 3 14 43
58 89 58 73 89
32 73 32 34 39 60 73
52 74 52 60 64 65 74
53 70 53 56 57 70
17 83 17 51 62 65 74 83
8 88 8 38 51 88
18 42 18 32 42
21 36 21 29 36
34 72 34 66 72
42 82 42 46 68 80 82
17 48 17 29 48
30 63 30 31 63
58 79 58 60 73 79
44 83 44 83
35 72 35 49 66 72
46 79 46 62 65 79
31 80 31 49 78 80
10 58 10 33 58
14 63 14 40 45 56 63
17 37 17 29 37
1 45 1 17 40 45
5 89 5 52 60 64 65 74 89
19 46 19 46
9 82 9 38 56 57 78 80 82
19 63 19 32 45 56 63
45 83 45 56 60 64 65 74 83
26 71 26 39 63 66 71
29 52 29 35 49 52
26 64 26 57 60 64
38 63 38 63
37 86 37 71 86
50 82 50 52 60 64 80 82
11 51 11 36 51
47 70 47 70
58 78 58 67 78
6 33 6 8 12 18 25 33
37 76 37 58 76
1 38 1 14 38
5 45 5 7 45
5 31 5 7 23 25 31
20 89 20 37 66 72 89
34 72 34 39 63 66 72
33 64 33 58 60 64
49 66 49 66
19 56 19 40 45 56
5 36 5 7 36
23 37 23 29 37
17 34 17 34
24 59 24 36 41 59
42 84 42 54 67 78 84
11 57 11 38 56 57
58 80 58 80
11 41 11 17 29 36 41
24 34 24 34
38 85 38 56 60 64 85
10 82 10 50 80 82
19 79 19 46 62 65 79
49 89 49 60 73 89
5 50 5 7 9 50
11 54 11 17 42 54
26 65 26 57 60 64 65
13 81 13 39 63 81
16 57 16 30 56 57
6 41 6 24 36 41
50 64 50 52 60 64
57 75 57 75
46 88 46 68 88
54 75 54 58 75
26 57 26 57
38 68 38 56 57 68
1 54 1 17 42 54
20 43 20 43
48 87 48 62 65 87
18 66 18 32 45 56 63 66
53 82 53 57 64 80 82
40 87 40 80 82 87
19 76 19 58 60 64 76
54 86 54 80 82 86
0 31 0 20 25 31
52 71 52 61 71
4 68 4 29 57 68
7 37 7 23 29 37
48 86 48 63 66 72 86
16 52 16 50 52
18 67 18 54 58 67
11 47 11 36 43 47
35 60 35 55 60
50 82 50 80 82
18 46 18 42 46
9 33 9 33
9 52 9 15 28 52
59 80 59 64 80
3 49 3 49
6 45 6 24 40 45
53 68 53 57 68
41 65 41 59 64 65
17 64 17 34 39 60 64
31 76 31 49 60 64 76
44 83 44 74 83
20 44 20 25 40 44
50 83 50 83
24 58 24 36 41 58
27 35 27 35
44 73 44 73
36 61 36 41 58 61
5 51 5 7 23 25 28 38 51
42 68 42 68
25 82 25 40 80 82
21 89 21 56 73 89
23 60 23 29 36 60
21 77 21 56 61 71 77
26 77 26 34 39 61 71 77
3 62 3 20 41 46 62
41 67 41 58 67
0 65 0 39 65
12 77 12 50 52 77
2 32 2 32
11 56 11 56
32 68 32 42 68
1 55 1 55
1 86 1 51 82 86
12 41 12 29 36 41
54 74 54 62 65 74
9 38 9 38
31 83 31 37 58 60 64 65 74 83
43 87 43 82 87
3 33 3 20 33
25 82 25 28 57 64 80 82
34 75 34 65 74 75
27 81 27 39 70 81
5 38 5 7 23 25 28 38
25 47 25 33 43 47
43 88 43 68 88
50 81 50 70 81
42 68 42 46 68
31 60 31 49 52 60
46 89 46 65 74 89
23 41 23 29 36 41
29 57 29 56 57
40 64 40 45 56 60 64
31 89 31 63 66 72 89
33 75 33 43 47 74 75
2 53 2 53
13 84 13 56 84
58 89 58 73 89
3 55 3 8 12 29 35 55
19 78 19 46 78
0 31 0 2 13 30 31
45 64 45 56 57 60 64
39 80 39 80
26 48 26 48
40 63 40 45 56 63
56 88 56 57 68 88
23 77 23 29 36 43 61 71 77
8 63 8 12 29 56 63
0 32 0 8 12 21 32
54 62 54 62
57 69 57 69
56 71 56 57 66 71
41 70 41 70
8 50 8 12 50
52 76 52 60 64 76
1 38 1 14 38
27 82 27 37 58 60 64 80 82
24 42 24 42
23 75 23 35 64 65 74 75
28 82 28 52 60 64 80 82
49 79 49 52 60 73 79
1 51 1 51
12 45 12 21 32 45
33 83 33 43 83
25 78 25 51 78
53 73 53 57 60 73
44 80 44 64 80
57 66 57 66
6 63 6 13 31 63
18 81 18 33 70 81
12 36 12 18 36
8 37 8 29 37
28 86 28 37 82 86
48 81 48 81
58 74 58 60 64 65 74
49 87 49 60 64 65 87
10 46 10 18 42 46
28 88 28 52 88
6 76 6 47 76
23 64 23 29 37 58 60 64
57 60 57 60
5 44 5 7 9 15 44
22 46 22 46
32 87 32 64 65 87
5 78 5 57 78
50 61 50 52 61
33 72 33 66 72
8 44 8 12 18 25 40 44
4 33 4 19 33
25 45 25 40 45
25 45 25 40 45
57 80 57 78 80
17 74 17 55 60 64 65 74
28 86 28 39 63 66 72 86
48 62 48 62
18 36 18 36
49 87 49 78 80 82 87
10 41 10 18 36 41
58 65 58 60 64 65
10 60 10 33 58 60
8 48 8 29 48
54 82 54 80 82
49 89 49 74 89
34 71 34 39 63 66 71
2 82 2 41 58 67 80 82
14 59 14 24 36 41 59
29 58 29 37 58
5 56 5 32 45 56
5 43 5 7 36 43
17 59 17 29 36 41 59
15 89 15 38 89
58 77 58 77
5 67 5 32 42 54 67
40 61 40 45 56 61
25 47 25 28 47
53 75 53 56 62 65 74 75
12 47 12 18 36 43 47
57 89 57 66 72 89
58 77 58 77
49 85 49 60 64 85
21 41 21 29 36 41
5 46 5 7 41 46
48 87 48 63 66 87
36 89 36 62 65 74 89
38 73 38 56 57 60 73
28 34 28 34
29 37 29 37
23 34 23 25 28 34
18 66 18 50 66
37 81 37 81
18 49 18 49
52 82 52 60 64 80 82
3 67 3 20 25 33 58 67
44 86 44 86
39 83 39 62 65 74 83
26 57 26 57
41 65 41 59 64 65
54 86 54 67 71 86
10 50 10 18 50
0 36 0 10 18 36
25 43 25 43
57 88 57 88
6 40 6 8 12 18 25 40
37 80 37 58 60 64 80
49 72 49 66 72
27 67 27 35 49 67
58 75 58 60 64 65 74 75
21 39 21 34 39
11 85 11 36 41 59 64 85
30 63 30 31 63
57 72 57 66 72
4 78 4 21 56 57 78
37 85 37 85
37 87 37 66 77 87
9 34 9 15 28 34
6 33 6 8 12 18 33
3 65 3 54 58 60 64 65
1 57 1 30 56 57
34 89 34 66 72 89
5 37 5 7 23 29 37
5 87 5 57 87
4 39 4 19 32 34 39
14 45 14 40 45
37 71 37 71
41 85 41 59 64 85
55 62 55 62
37 86 37 72 86
30 88 30 56 57 68 88
25 49 25 31 49
16 58 16 30 31 37 58
3 51 3 20 25 51
36 75 36 65 74 75
12 82 12 57 64 80 82
8 77 8 37 71 77
34 70 34 39 70
35 86 35 55 72 86
27 49 27 35 49
46 84 46 78 84
43 89 43 68 89
43 69 43 69
59 86 59 64 80 82 86
0 51 0 2 38 51
16 58 16 36 41 58
0 52 0 13 31 49 52
59 79 59 64 65 79
16 79 16 50 79
22 45 22 45
11 69 11 43 69
52 82 52 60 64 80 82
11 64 11 30 56 57 60 64
50 85 50 52 60 64 85
8 44 8 12 18 25 40 44
56 64 56 64
22 63 22 38 63
53 70 53 56 57 70
49 74 49 60 64 65 74
13 76 13 39 60 64 76
12 46 12 18 42 46
55 81 55 81
5 85 5 39 60 64 85
21 78 21 29 35 49 67 78
1 35 1 14 24 35
23 73 23 52 60 73
23 53 23 25 28 53
22 64 22 53 57 60 64
0 58 0 20 31 37 58
9 79 9 50 65 79
42 60 42 60
39 76 39 63 76
59 74 59 74
5 55 5 7 35 55
6 40 6 24 40
36 87 36 62 65 87
45 79 45 56 57 64 65 79
30 78 30 31 49 67 78
24 68 24 42 46 68
47 83 47 65 74 83
37 81 37 81
22 44 22 44
17 42 17 42
56 81 56 63 81
22 86 22 49 52 61 71 86
4 74 4 45 56 57 60 64 65 74
12 38 12 28 38
23 49 23 35 49
11 86 11 58 80 82 86
18 87 18 32 34 39 61 71 77 87
44 65 44 64 65
45 84 45 78 84
20 31 20 25 31
28 51 28 38 51
17 55 17 29 35 55
0 38 0 10 18 25 28 38
13 31 13 30 31
30 63 30 56 63
5 45 5 32 45
11 88 11 35 68 88
50 79 50 62 65 79
13 42 13 42
2 81 2 35 70 81
11 51 11 36 51
35 65 35 49 52 60 64 65
34 76 34 39 63 76
0 40 0 10 18 25 40
35 67 35 49 67
40 68 40 45 56 57 68
4 43 4 29 43
48 63 48 63
37 64 37 58 60 64
16 62 16 50 62
5 75 5 7 9 50 65 74 75
23 56 23 25 40 45 56
31 65 31 49 62 65
12 52 12 50 52
9 39 9 15 39
52 61 52 61
2 37 2 30 31 37
23 64 23 52 60 64
8 49 8 12 21 29 35 49
12 32 12 21 32
56 63 56 63
0 74 0 10 49 74
4 32 4 19 32
32 73 32 58 60 73
1 61 1 51 61
16 66 16 50 66
31 85 31 37 58 60 64 85
3 84 3 20 33 58 67 78 84
39 80 39 80
56 76 56 60 64 76
15 56 15 45 56
20 47 20 25 28 47
4 46 4 42 46
40 64 40 44 64
51 87 51 65 87
16 63 16 40 45 56 63
0 87 0 36 43 62 65 87
25 56 25 40 45 56
7 69 7 41 58 69
39 80 39 80
44 65 44 64 65
37 61 37 58 61
6 42 6 13 42
35 78 35 49 78
11 38 11 38
19 82 19 32 45 78 80 82
1 37 1 30 31 37
41 87 41 59 78 80 82 87
48 63 48 63
6 63 6 38 63
24 55 24 55
27 39 27 39
19 65 19 44 64 65
12 58 12 29 36 41 58
41 77 41 58 61 71 77
16 44 16 40 44
15 59 15 41 59
6 85 6 13 39 60 64 85
32 69 32 45 56 57 69
2 76 2 38 58 76
40 72 40 44 72
23 61 23 37 58 61
3 43 3 14 24 43
40 83 40 83
15 79 15 59 64 65 79
36 70 36 41 70
0 70 0 56 57 70
45 87 45 87
21 46 21 32 42 46
56 60 56 60
5 69 5 34 39 69
27 37 27 37
28 78 28 57 78
1 58 1 32 58
3 74 3 34 65 74
57 87 57 87
45 83 45 56 57 64 65 74 83
3 56 3 14 40 45 56
15 61 15 39 61
38 68 38 56 57 68
46 89 46 62 65 74 89
49 62 49 62
1 38 1 14 38
34 69 34 39 69
27 67 27 37 58 67
30 83 30 56 60 64 65 74 83
9 89 9 15 52 60 64 65 74 89
12 82 12 21 34 39 60 64 80 82
22 56 22 45 56
41 85 41 58 60 64 85
30 87 30 65 87
57 73 57 60 73
37 60 37 58 60
15 56 15 28 53 56
0 53 0 20 25 28 53
6 52 6 8 29 35 49 52
58 76 58 60 64 76
41 75 41 62 65 74 75
7 64 7 35 49 52 60 64
14 38 14 38
53 85 53 56 57 60 64 85
56 63 56 63
32 75 32 64 65 74 75
46 64 46 64
47 70 47 70
45 76 45 56 60 64 76
24 40 24 40
31 85 31 37 58 60 64 85
12 81 12 28 38 63 81
14 56 14 38 56
29 56 29 56
56 88 56 57 68 88
12 41 12 29 36 41
28 57 28 57
12 81 12 57 70 81
9 72 9 37 66 72
50 73 50 52 60 73
9 44 9 15 44
16 34 16 34
22 47 22 33 43 47
48 78 48 78
57 70 57 70
7 39 7 23 25 28 34 39
18 59 18 59
22 35 22 35
6 30 6 13 30
32 80 32 42 68 80
44 85 44 64 85
43 68 43 68
54 69 54 58 69
38 66 38 56 63 66
0 54 0 10 18 32 42 54
10 36 10 18 36
34 77 34 66 77
16 71 16 34 66 71
15 34 15 28 34
41 76 41 46 64 76
13 89 13 47 89
44 82 44 64 80 82
0 31 0 13 31
34 80 34 39 80
58 80 58 80
21 42 21 32 42
4 87 4 51 61 71 87
15 48 15 28 48
11 30 11 30
29 55 29 35 55
43 81 43 47 70 81
34 81 34 81
12 58 12 42 54 58
8 59 8 41 59
20 86 20 25 43 82 86
18 71 18 36 41 58 67 71
30 86 30 31 49 52 61 71 86
44 87 44 64 80 82 87
33 69 33 43 69
19 52 19 32 49 52
7 42 7 42
11 41 11 41
7 41 7 9 15 41
17 57 17 29 56 57
1 70 1 32 45 70
40 81 40 45 70 81
21 86 21 34 86
41 67 41 58 67
6 35 6 8 29 35
7 31 7 23 25 31
26 69 26 41 58 69
7 59 7 9 15 41 59
17 37 17 29 37
54 80 54 58 60 64 80
16 50 16 50
42 81 42 63 81
9 51 9 15 38 51
48 74 48 65 74
40 76 40 44 76
6 46 6 41 46
39 75 39 65 74 75
33 71 33 43 61 71
19 87 19 33 43 61 71 77 87
21 35 21 29 35
2 30 2 30
45 75 45 56 57 64 65 74 75
5 49 5 7 35 49
17 45 17 40 45
15 51 15 38 51
48 77 48 63 66 77
14 40 14 24 40
45 68 45 56 57 68
29 55 29 35 55
25 40 25 40
15 47 15 43 47
29 79 29 35 55 79
53 88 53 57 68 88
5 42 5 7 42
2 59 2 32 59
32 75 32 58 75
32 83 32 45 56 64 65 74 83
2 55 2 35 55
0 43 0 8 29 36 43
49 64 49 52 60 64
12 54 12 42 54
8 42 8 12 42
30 61 30 31 37 58 61
33 82 33 43 47 80 82
47 83 47 65 74 83
16 46 16 36 41 46
53 68 53 56 57 68
51 83 51 62 65 74 83
5 37 5 7 9 15 28 37
2 59 2 32 59
31 68 31 68
4 77 4 34 77
45 70 45 70
5 87 5 7 45 56 61 71 77 87
12 77 12 50 52 61 71 77
35 86 35 82 86
15 47 15 43 47
42 84 42 78 84
5 81 5 7 48 70 81
18 44 18 25 40 44
37 78 37 58 67 78
21 46 21 29 36 41 46
42 86 42 61 71 86
30 88 30 56 57 88
15 83 15 51 62 65 74 83
9 72 9 33 66 72
55 72 55 72
11 57 11 17 29 56 57
38 62 38 56 62
46 80 46 64 80
37 65 37 58 60 64 65
12 67 12 42 54 67
19 49 19 32 49
20 80 20 25 40 78 80
22 49 22 49
28 58 28 37 58
8 47 8 29 36 43 47
6 69 6 24 40 45 56 57 69
16 49 16 30 31 49
42 68 42 68
36 66 36 43 47 66
23 38 23 25 28 38
53 86 53 57 78 86
47 74 47 65 74
6 53 6 8 12 28 53
58 73 58 60 73
16 47 16 47
28 83 28 57 64 65 74 83
17 86 17 40 82 86
16 72 16 59 72
34 61 34 39 61
15 38 15 38
0 51 0 10 18 25 28 38 51
2 89 2 39 63 66 72 89
20 51 20 25 28 38 51
0 32 0 10 18 32
51 69 51 69
55 76 55 60 64 76
19 32 19 32
57 86 57 71 86
0 51 0 20 25 28 38 51
31 73 31 73
1 75 1 14 53 56 57 60 64 65 74 75
25 69 25 28 45 56 57 69
30 86 30 56 64 80 82 86
25 69 25 57 69
23 35 23 35
2 38 2 38
31 80 31 49 60 64 80
48 74 48 65 74
45 64 45 56 60 64
22 88 22 35 68 88
34 69 34 39 69
26 59 26 41 59
33 71 33 66 71
23 41 23 29 36 41
4 55 4 26 55
23 59 23 29 36 41 59
15 43 15 43
38 86 38 72 86
49 67 49 67
18 63 18 53 56 63
43 62 43 62
35 60 35 55 60
9 73 9 56 60 73
13 56 13 30 56
26 64 26 55 60 64
10 88 10 50 52 88
25 48 25 28 48
17 35 17 29 35
9 44 9 40 44
6 31 6 8 12 18 25 31
59 79 59 64 65 79
4 68 4 26 41 68
24 51 24 36 51
7 62 7 36 41 62
38 64 38 56 60 64
33 61 33 43 61
15 43 15 43
52 73 52 60 73
35 61 35 49 52 61
39 79 39 62 65 79
11 57 11 17 29 56 57
25 52 25 52
17 52 17 29 35 49 52
37 64 37 58 60 64
1 86 1 14 42 61 71 86
21 52 21 32 49 52
1 66 1 50 66
28 38 28 38
25 34 25 28 34
28 65 28 48 62 65
35 77 35 77
21 37 21 29 37
48 81 48 63 81
51 78 51 78
35 87 35 55 65 87
1 44 1 17 40 44
12 45 12 21 32 45
0 47 0 36 43 47
7 36 7 36
14 71 14 42 63 66 71
21 35 21 29 35
33 80 33 43 68 80
7 35 7 35
59 87 59 64 80 82 87
54 77 54 61 71 77
16 36 16 36
52 79 52 60 73 79
24 60 24 58 60
6 38 6 38
49 76 49 60 64 76
25 37 25 31 37
8 46 8 12 29 36 41 46
10 47 10 18 33 43 47
1 43 1 14 24 36 43
21 48 21 29 48
25 78 25 31 37 58 67 78
56 75 56 57 60 64 65 74 75
31 87 31 49 67 71 87
13 56 13 30 56
45 61 45 56 61
38 74 38 62 65 74
0 39 0 27 39
34 81 34 39 70 81
5 48 5 7 9 15 28 48
30 79 30 56 73 79
46 88 46 68 88
8 38 8 12 18 25 28 38
14 56 14 38 56
52 86 52 80 82 86
15 70 15 41 70
48 80 48 78 80
9 79 9 37 58 60 64 65 79
37 87 37 87
14 83 14 45 56 65 74 83
16 66 16 47 66
52 79 52 60 73 79
52 82 52 60 64 80 82
0 33 0 8 12 18 33
48 75 48 62 65 74 75
11 45 11 17 40 45
5 70 5 7 35 70
58 73 58 73
34 80 34 78 80
53 73 53 56 57 60 73
6 48 6 8 29 48
15 48 15 28 48
29 48 29 48
54 80 54 58 60 64 80
46 68 46 68
41 78 41 59 78
19 34 19 32 34
45 75 45 56 57 60 64 65 74 75
5 82 5 57 78 80 82
0 45 0 8 12 18 25 28 45
40 70 40 45 70
0 37 0 28 37
55 81 55 81
45 83 45 56 62 65 74 83
19 43 19 33 43
29 84 29 48 78 84
2 39 2 13 39
54 87 54 62 65 87
0 44 0 40 44
51 69 51 69
39 71 39 61 71
38 87 38 63 66 87
44 64 44 64
58 83 58 60 64 65 74 83
39 75 39 65 74 75
40 60 40 45 56 60
6 49 6 13 31 49
57 71 57 71
6 33 6 8 12 18 25 33
11 70 11 41 70
31 88 31 68 88
15 56 15 28 45 56
54 78 54 67 78
25 72 25 28 34 66 72
16 65 16 30 65
6 55 6 24 55
18 42 18 32 42
52 61 52 61
59 89 59 72 89
44 75 44 75
45 81 45 56 63 81
21 87 21 56 78 80 82 87
4 40 4 19 40
15 43 15 43
30 62 30 56 62
15 34 15 28 34
14 45 14 40 45
0 80 0 50 52 80
6 37 6 8 29 37
1 50 1 50
55 74 55 60 64 65 74
37 78 37 58 67 78
18 53 18 25 53
5 51 5 7 36 51
26 58 26 41 58
18 53 18 53
18 51 18 36 51
46 84 46 78 84
35 61 35 49 52 61
42 84 42 78 84
45 72 45 56 57 66 72
45 79 45 56 79
12 37 12 18 25 31 37
55 73 55 60 73
0 41 0 41
25 58 25 33 58
44 64 44 64
29 88 29 57 88
26 66 26 57 66
11 85 11 52 60 64 85
31 68 31 68
27 82 27 46 82
33 85 33 58 60 64 85
6 56 6 8 29 56
8 86 8 47 80 82 86
51 87 51 71 87
50 83 50 52 60 64 65 74 83
53 87 53 87
36 78 36 41 58 67 78
11 41 11 41
51 78 51 78
29 59 29 36 41 59
36 77 36 43 61 71 77
43 82 43 82
13 75 13 39 65 74 75
2 80 2 49 60 64 80
21 37 21 29 37
39 80 39 60 64 80
36 87 36 43 62 65 87
3 45 3 9 15 28 45
52 76 52 60 64 76
46 84 46 78 84
36 74 36 51 65 74
7 59 7 9 15 41 59
19 46 19 32 42 46
34 86 34 86
6 45 6 8 12 18 32 45
8 49 8 12 21 29 35 49
45 82 45 78 80 82
12 59 12 29 36 41 59
8 86 8 38 72 86
9 48 9 15 28 48
6 31 6 8 12 18 25 31
7 52 7 23 29 35 49 52
10 40 10 18 25 40
42 85 42 60 64 85
10 67 10 49 67
43 66 43 47 66
33 70 33 70
8 57 8 29 56 57
30 61 30 31 49 52 61
15 34 15 28 34
28 74 28 37 58 60 64 65 74
57 71 57 71
53 72 53 57 66 72
23 64 23 35 49 52 60 64
23 79 23 39 62 65 79
48 77 48 63 66 77
54 82 54 58 67 80 82
33 79 33 43 62 65 79
56 66 56 57 66
10 50 10 18 50
9 37 9 15 28 37
57 77 57 71 77
5 57 5 7 45 56 57
11 42 11 17 42
20 49 20 25 31 49
50 64 50 52 60 64
31 77 31 61 71 77
22 56 22 38 56
47 81 47 81
6 30 6 13 30
20 34 20 25 28 34
35 77 35 77
37 75 37 58 60 64 65 74 75
55 89 55 62 65 74 89
12 54 12 42 54
5 77 5 52 61 71 77
9 46 9 15 41 46
5 57 5 57
45 63 45 56 63
12 55 12 29 35 55
29 89 29 35 68 89
47 71 47 66 71
16 43 16 36 43
11 42 11 17 42
9 51 9 38 51
41 71 41 61 71
35 74 35 55 60 64 65 74
41 83 41 58 60 64 65 74 83
18 52 18 50 52
23 37 23 37
56 69 56 57 69
35 72 35 72
24 39 24 34 39
21 47 21 29 36 43 47
56 76 56 64 76
51 83 51 65 74 83
43 69 43 69
41 86 41 72 86
22 62 22 55 62
7 50 7 9 50
13 47 13 47
35 83 35 49 60 64 65 74 83
2 60 2 56 57 60
30 84 30 31 37 84
4 72 4 19 32 34 39 63 66 72
10 51 10 22 38 51
6 47 6 8 47
25 87 25 57 60 73 87
41 67 41 58 67
56 70 56 57 70
24 44 24 40 44
16 62 16 34 39 62
1 60 1 55 60
7 45 7 23 25 40 45
44 72 44 72
12 52 12 29 35 49 52
17 64 17 29 36 41 46 64
21 46 21 32 42 46
46 64 46 64
53 66 53 56 57 66
9 78 9 33 58 67 78
9 68 9 33 43 68
17 47 17 29 43 47
52 88 52 88
23 41 23 29 36 41
0 55 0 8 29 35 55
25 56 25 40 45 56
36 74 36 43 62 65 74
11 54 11 17 42 54
23 40 23 25 40
45 75 45 56 64 65 74 75
33 77 33 43 47 66 71 77
21 76 21 56 63 76
9 54 9 54
36 82 36 51 82
21 49 21 32 49
0 62 0 56 62
11 80 11 56 60 64 80
18 80 18 37 58 67 80
45 68 45 56 57 68
0 43 0 20 33 43
39 77 39 63 66 77
21 59 21 29 36 41 59
39 75 39 74 75
56 60 56 57 60
33 78 33 58 67 78
45 88 45 56 57 88
5 33 5 7 9 33
3 49 3 8 12 29 35 49
35 70 35 70
31 83 31 49 60 64 65 74 83
7 33 7 9 33
11 62 11 17 29 35 55 62
10 59 10 18 32 59
37 81 37 81
37 75 37 58 75
3 50 3 9 50
2 88 2 13 56 57 88
42 65 42 46 64 65
58 80 58 67 78 80
40 77 40 71 77
42 76 42 54 58 60 64 76
9 51 9 38 51
53 75 53 74 75
14 43 14 24 43
20 89 20 57 66 72 89
57 70 57 70
31 67 31 37 58 67
57 73 57 60 73
31 63 31 63
19 65 19 33 43 47 65
51 82 51 80 82
34 84 34 78 84
49 88 49 88
13 61 13 42 61
44 75 44 64 65 74 75
3 89 3 9 56 62 65 74 89
43 68 43 68
18 82 18 42 78 80 82
43 66 43 47 66
16 39 16 34 39
7 67 7 36 41 58 67
20 52 20 49 52
14 55 14 24 55
3 46 3 8 41 46
4 81 4 34 81
48 72 48 63 66 72
40 86 40 45 56 57 78 80 82 86
30 66 30 31 37 66
7 47 7 36 43 47
58 87 58 77 87
28 38 28 38
1 68 1 32 45 56 57 68
2 30 2 30
51 75 51 75
3 45 3 40 45
36 77 36 51 77
21 82 21 55 60 64 80 82
10 33 10 22 33
47 74 47 65 74
23 33 23 25 33
21 58 21 32 42 54 58
2 44 2 44
33 61 33 43 61
43 87 43 62 65 87
28 51 28 38 51
25 47 25 43 47
43 62 43 62
38 88 38 68 88
52 80 52 60 64 80
29 46 29 36 41 46
56 70 56 57 70
55 81 55 81
7 50 7 9 50
22 46 22 46
7 57 7 23 25 53 57
10 56 10 18 53 56
8 72 8 29 35 55 72
22 65 22 53 57 64 65
1 34 1 32 34
38 85 38 56 85
5 62 5 39 62
0 31 0 8 12 18 25 31
50 76 50 52 60 64 76
17 58 17 29 36 41 58
3 35 3 8 29 35
35 70 35 70
16 52 16 30 31 49 52
59 78 59 78
25 81 25 40 45 70 81
23 76 23 35 49 60 64 76
31 80 31 78 80
19 56 19 45 56
3 73 3 9 37 58 73
22 82 22 52 60 64 80 82
34 62 34 39 62
56 84 56 78 84
35 84 35 49 78 84
30 80 30 31 37 58 67 80
45 70 45 70
51 82 51 78 80 82
10 48 10 18 25 28 48
16 56 16 30 56
7 48 7 23 25 28 48
25 56 25 40 45 56
1 56 1 32 45 56
11 38 11 38
2 47 2 13 47
59 82 59 78 80 82
34 64 34 39 60 64
14 43 14 24 36 43
13 58 13 42 54 58
2 49 2 32 49
38 77 38 58 67 77
6 51 6 24 36 51
12 35 12 29 35
52 75 52 60 64 65 74 75
8 32 8 12 21 32
42 81 42 63 81
1 61 1 17 40 45 56 61
53 72 53 63 66 72
15 88 15 45 56 57 68 88
52 76 52 60 64 76
14 58 14 24 36 41 58
41 67 41 58 67
2 37 2 13 30 31 37
47 86 47 66 72 86
18 34 18 25 28 34
21 59 21 29 36 41 59
11 40 11 17 40
25 58 25 31 37 58
44 65 44 64 65
32 60 32 42 54 58 60
14 63 14 53 56 63
11 47 11 36 43 47
50 85 50 52 60 64 85
17 55 17 55
32 61 32 34 39 61
38 89 38 62 65 74 89
6 78 6 24 58 67 78
38 65 38 58 60 64 65
4 51 4 29 36 51
2 59 2 32 59
2 83 2 32 49 52 60 64 65 74 83
46 75 46 75
12 42 12 21 32 42
56 80 56 57 64 80
5 50 5 7 9 50
1 77 1 17 53 61 71 77
45 70 45 56 57 70
24 49 24 35 49
36 61 36 43 61
0 46 0 8 12 18 36 41 46
10 44 10 22 44
27 67 27 35 49 67
27 65 27 48 62 65
11 51 11 17 29 36 51
23 70 23 25 57 70
10 52 10 50 52
58 77 58 77
5 55 5 7 23 29 35 55
49 80 49 52 60 64 80
21 75 21 57 60 64 65 74 75
51 74 51 62 65 74
7 49 7 35 49
4 69 4 57 69
0 40 0 8 12 18 25 40
19 83 19 42 60 64 65 74 83
14 56 14 24 40 45 56
14 39 14 24 34 39
29 76 29 57 60 64 76
43 70 43 47 70
38 88 38 51 88
20 59 20 59
55 79 55 79
50 66 50 66
25 74 25 33 58 60 64 65 74
56 76 56 64 76
21 57 21 29 57
0 58 0 8 12 29 36 41 58
8 74 8 39 60 64 65 74
20 81 20 25 31 70 81
36 77 36 43 47 66 71 77
4 58 4 26 41 58
8 64 8 54 58 60 64
13 57 13 30 56 57
27 82 27 41 46 78 80 82
26 46 26 41 46
1 67 1 32 58 67
20 38 20 25 28 38
21 88 21 32 59 88
23 80 23 37 58 60 64 80
40 70 40 45 70
10 67 10 49 67
23 56 23 29 56
30 73 30 31 73
54 73 54 58 73
23 53 23 25 53
39 76 39 60 64 76
36 77 36 77
34 72 34 39 63 66 72
0 75 0 13 31 37 58 75
0 56 0 10 22 45 56
40 68 40 45 56 57 68
43 71 43 47 66 71
17 84 17 34 78 84
23 61 23 29 43 61
17 35 17 29 35
1 83 1 58 60 64 65 74 83
30 66 30 31 37 66
3 41 3 14 24 36 41
50 65 50 52 60 64 65
31 63 31 63
51 79 51 65 79
17 78 17 40 78
4 58 4 19 54 58
23 74 23 35 49 62 65 74
5 37 5 7 9 37
44 86 44 86
58 87 58 73 87
35 79 35 49 52 60 64 65 79
47 66 47 66
49 86 49 52 61 71 86
55 83 55 83
22 45 22 45
43 82 43 68 80 82
19 49 19 32 49
36 85 36 41 85
18 57 18 53 57
11 62 11 38 62
8 57 8 38 56 57
54 83 54 58 60 64 65 74 83
2 38 2 38
4 33 4 33
39 80 39 80
45 70 45 70
11 52 11 17 29 35 49 52
11 61 11 41 61
4 35 4 21 29 35
41 60 41 58 60
30 71 30 31 37 71
5 42 5 7 42
1 83 1 44 74 83
19 33 19 33
1 52 1 50 52
14 46 14 24 36 41 46
5 53 5 7 53
5 69 5 57 69
20 31 20 25 31
56 84 56 84
13 67 13 31 37 58 67
47 70 47 70
48 76 48 76
53 65 53 56 62 65
58 60 58 60
55 75 55 60 64 65 74 75
24 49 24 35 49
45 85 45 56 64 85
58 77 58 67 77
29 57 29 56 57
36 61 36 51 61
35 75 35 49 62 65 74 75
30 63 30 31 63
4 56 4 29 56
8 40 8 12 18 25 40
32 79 32 59 64 65 79
24 34 24 34
10 56 10 18 25 40 45 56
7 83 7 58 60 64 65 74 83
1 43 1 17 29 43
40 86 40 45 78 86
36 69 36 41 58 69
48 89 48 63 66 72 89
56 89 56 60 73 89
39 71 39 61 71
33 84 33 58 67 78 84
27 77 27 47 66 71 77
48 72 48 63 66 72
7 39 7 9 39
19 59 19 32 59
34 79 34 39 65 79
44 65 44 64 65
54 87 54 62 65 87
17 67 17 42 54 58 67
23 36 23 29 36
21 55 21 29 35 55
12 48 12 28 48
17 75 17 51 75
1 46 1 17 29 36 41 46
57 68 57 68
29 59 29 36 41 59
21 39 21 32 34 39
23 43 23 29 36 43
42 69 42 54 58 69
34 75 34 39 60 64 65 74 75
25 85 25 40 45 56 60 64 85
8 66 8 37 66
10 46 10 18 32 42 46
8 47 8 29 36 43 47
35 84 35 49 67 78 84
25 47 25 43 47
17 45 17 40 45
24 39 24 34 39
23 41 23 29 36 41
38 89 38 72 89
37 79 37 58 60 73 79
46 84 46 78 84
7 50 7 9 50
55 82 55 60 64 80 82
19 49 19 32 49
29 64 29 37 58 60 64
34 82 34 78 80 82
17 74 17 53 74
11 35 11 35
0 67 0 2 30 31 49 67
12 56 12 18 25 28 45 56
34 87 34 77 87
15 43 15 43
45 70 45 70
40 62 40 45 56 62
4 77 4 54 77
21 56 21 29 56
5 76 5 32 49 60 64 76
50 61 50 52 61
41 78 41 59 78
10 54 10 18 54
11 53 11 17 53
34 73 34 39 60 73
45 88 45 56 57 68 88
30 89 30 31 37 58 67 89
20 40 20 25 40
33 81 33 70 81
20 43 20 33 43
21 79 21 29 57 64 65 79
2 39 2 39
8 73 8 29 35 49 52 60 73
49 73 49 52 60 73
53 74 53 74
1 53 1 17 53
20 85 20 37 58 60 64 85
39 60 39 60
9 39 9 39
9 46 9 15 41 46
1 43 1 14 24 43
39 89 39 63 66 72 89
41 78 41 58 67 78
4 75 4 19 33 58 60 64 65 74 75
10 48 10 48
29 56 29 56
8 52 8 29 35 49 52
9 80 9 47 80
11 59 11 17 29 36 41 59
52 83 52 60 64 65 74 83
56 89 56 63 66 72 89
0 35 0 35
25 52 25 28 52
10 35 10 22 35
7 48 7 23 25 28 48
39 65 39 60 64 65
27 84 27 41 46 78 84
8 42 8 12 42
2 51 2 38 51
3 57 3 45 56 57
42 89 42 63 66 72 89
9 72 9 50 72
49 88 49 88
2 32 2 32
28 56 28 53 56
3 48 3 9 15 28 48
21 42 21 32 42
21 51 21 51
31 69 31 37 58 69
38 89 38 62 65 74 89
42 81 42 63 81
6 50 6 50
9 80 9 54 58 60 64 80
28 68 28 38 56 57 68
2 47 2 13 47
4 54 4 21 32 42 54
12 68 12 57 68
20 37 20 31 37
20 71 20 43 47 66 71
10 32 10 18 32
3 42 3 14 24 42
56 87 56 61 71 77 87
23 33 23 25 33
51 77 51 71 77
40 86 40 44 86
16 47 16 43 47
16 34 16 34
32 63 32 45 56 63
41 60 41 58 60
59 88 59 88
56 71 56 61 71
33 66 33 43 47 66
22 33 22 33
26 77 26 34 77
33 89 33 43 68 89
2 50 2 50
40 69 40 45 56 57 69
9 63 9 39 63
31 70 31 70
12 43 12 29 36 43
9 72 9 40 44 72
2 81 2 53 63 81
38 79 38 51 79
8 44 8 12 44
52 80 52 80
19 43 19 33 43
18 36 18 36
0 41 0 10 18 36 41
0 51 0 10 18 36 51
18 33 18 33
44 79 44 73 79
31 72 31 37 66 72
8 40 8 12 18 25 40
18 38 18 25 28 38
32 86 32 59 64 80 82 86
15 39 15 39
7 88 7 36 51 88
9 86 9 15 28 38 63 66 71 86
3 37 3 20 25 31 37
40 83 40 45 56 60 64 65 74 83
18 72 18 25 43 47 66 72
36 73 36 60 73
22 60 22 52 60
47 72 47 66 72
15 73 15 45 56 60 73
42 76 42 54 58 76
31 72 31 63 66 72
47 81 47 81
39 86 39 60 64 80 82 86
27 62 27 39 62
37 66 37 66
11 89 11 52 60 73 89
12 59 12 18 32 59
17 63 17 40 45 56 63
10 48 10 48
43 61 43 61
46 64 46 64
5 61 5 7 58 61
20 85 20 33 58 60 64 85
6 56 6 38 56
26 69 26 57 69
10 88 10 22 49 88
10 68 10 43 68
12 87 12 57 68 80 82 87
49 61 49 52 61
38 62 38 51 62
53 86 53 61 71 86
34 83 34 65 74 83
10 42 10 18 32 42
50 65 50 62 65
42 85 42 54 58 60 64 85
36 66 36 43 47 66
17 37 17 29 37
5 66 5 34 39 63 66
7 35 7 35
20 49 20 49
28 37 28 37
21 58 21 29 36 41 58
5 84 5 32 59 78 84
14 54 14 24 42 54
37 86 37 71 86
2 34 2 32 34
9 58 9 33 58
31 88 31 49 88
25 72 25 31 49 66 72
13 70 13 39 70
10 33 10 18 25 33
1 65 1 55 65
47 86 47 66 71 86
15 39 15 39
38 87 38 51 65 87
31 81 31 70 81
56 81 56 81
24 56 24 40 45 56
7 55 7 35 55
10 73 10 18 33 58 73
1 52 1 17 29 35 49 52
57 79 57 64 65 79
6 72 6 24 40 44 72
47 66 47 66
15 52 15 28 52
38 73 38 58 60 73
37 78 37 58 67 78
21 66 21 56 63 66
5 67 5 7 42 54 67
17 40 17 40
34 73 34 39 60 73
11 37 11 37
47 77 47 66 77
48 71 48 63 66 71
11 66 11 35 49 66
56 69 56 57 69
27 68 27 41 46 68
25 74 25 28 38 62 65 74
7 74 7 45 56 57 64 65 74
6 45 6 8 12 28 45
54 69 54 58 69
57 60 57 60
51 61 51 61
8 55 8 29 35 55
17 56 17 53 56
40 88 40 45 56 57 88
1 85 1 51 85
53 79 53 56 57 60 64 65 79
29 43 29 43
31 78 31 37 58 67 78
10 60 10 34 39 60
40 87 40 71 77 87
1 42 1 14 42
52 89 52 60 73 89
22 55 22 35 55
4 86 4 33 43 82 86
8 72 8 38 56 63 66 72
35 89 35 89
36 68 36 41 46 68
57 76 57 76
11 85 11 41 46 85
59 72 59 72
56 87 56 64 80 82 87
19 76 19 32 34 39 60 64 76
55 81 55 81
20 40 20 40
39 77 39 61 71 77
5 41 5 7 23 29 36 41
18 59 18 59
41 70 41 70
50 88 50 52 88
20 39 20 25 28 39
31 71 31 61 71
36 77 36 43 47 66 77
20 56 20 25 28 45 56
19 56 19 32 45 56
26 71 26 48 63 66 71
42 63 42 63
22 86 22 45 86
12 65 12 57 64 65
36 89 36 60 73 89
56 75 56 64 65 74 75
0 39 0 13 39
5 34 5 34
38 87 38 56 78 80 82 87
46 76 46 64 76
38 67 38 58 67
39 87 39 65 87
24 46 24 36 41 46
0 34 0 10 18 32 34
54 79 54 62 65 79
6 66 6 24 42 63 66
58 77 58 77
27 76 27 37 58 60 64 76
12 32 12 18 32
51 69 51 69
52 74 52 60 64 65 74
8 35 8 12 21 29 35
3 37 3 9 15 28 37
41 74 41 62 65 74
20 56 20 25 28 45 56
11 67 11 17 42 54 67
27 61 27 58 61
38 82 38 51 78 80 82
53 86 53 57 64 80 82 86
2 51 2 38 51
8 39 8 12 28 39
56 89 56 64 65 74 89
40 87 40 45 78 80 82 87
46 85 46 85
36 60 36 60
8 47 8 12 18 33 43 47
26 86 26 34 39 61 71 86
18 34 18 32 34
22 73 22 55 60 73
31 83 31 83
22 56 22 45 56
8 39 8 12 21 32 34 39
4 44 4 19 40 44
34 87 34 78 80 82 87
5 67 5 32 67
53 73 53 57 60 73
32 61 32 58 61
59 86 59 78 80 82 86
10 53 10 53
48 78 48 78
10 71 10 53 57 66 71
26 34 26 34
15 39 15 39
0 53 0 8 12 28 53
43 72 43 47 66 72
48 63 48 63
31 73 31 73
33 60 33 58 60
12 44 12 44
36 80 36 60 64 80
46 85 46 64 85
6 87 6 51 77 87
7 58 7 23 25 33 58
7 41 7 36 41
29 86 29 37 82 86
43 74 43 47 65 74
15 44 15 44
18 41 18 36 41
22 75 22 44 64 65 74 75
34 80 34 78 80
6 52 6 13 31 49 52
35 70 35 70
31 81 31 63 81
58 69 58 69
18 51 18 36 51
40 76 40 45 56 64 76
34 85 34 39 60 64 85
38 68 38 56 57 68
4 52 4 19 32 49 52
45 66 45 66
49 60 49 60
19 65 19 45 56 62 65
31 69 31 37 69
39 76 39 60 64 76
28 87 28 47 80 82 87
24 72 24 36 41 72
17 35 17 29 35
3 36 3 14 24 36
53 85 53 85
9 33 9 33
27 69 27 39 69
8 60 8 37 58 60
25 38 25 28 38
9 86 9 39 61 71 86
17 57 17 53 57
52 82 52 80 82
23 77 23 37 66 71 77
28 48 28 48
42 71 42 54 67 71
52 65 52 60 64 65
44 79 44 73 79
48 70 48 70
38 73 38 58 60 73
10 59 10 18 32 59
19 47 19 33 43 47
5 51 5 7 23 25 28 38 51
36 74 36 51 65 74
10 51 10 18 25 28 38 51
14 40 14 24 40
44 86 44 64 80 82 86
54 71 54 67 71
21 34 21 34
16 73 16 52 60 73
54 65 54 58 60 64 65
36 88 36 43 68 88
56 87 56 64 65 87
41 60 41 58 60
2 58 2 30 31 37 58
22 43 22 33 43
18 41 18 36 41
17 78 17 40 45 78
0 42 0 10 18 42
3 49 3 20 49
1 51 1 14 24 36 51
11 80 11 30 56 64 80
14 45 14 40 45
10 73 10 53 56 60 73
34 83 34 65 74 83
6 47 6 8 29 36 43 47
23 45 23 25 40 45
26 46 26 41 46
19 59 19 32 59
5 62 5 34 39 62
2 76 2 56 63 76
42 61 42 54 58 61
42 66 42 63 66
45 75 45 56 64 65 74 75
7 55 7 23 35 55
26 69 26 41 58 69
50 61 50 52 61
5 41 5 7 36 41
7 38 7 23 25 28 38
49 64 49 60 64
34 70 34 39 70
59 76 59 64 76
9 50 9 50
24 35 24 35
31 83 31 37 58 60 64 65 74 83
41 64 41 58 60 64
13 79 13 56 64 65 79
45 74 45 56 60 64 65 74
43 87 43 47 80 82 87
46 86 46 82 86
31 81 31 37 81
58 69 58 69
1 35 1 14 24 35
10 47 10 18 36 43 47
9 64 9 15 59 64
19 89 19 55 65 74 89
17 43 17 29 36 43
12 54 12 18 54
15 77 15 28 57 77
38 87 38 56 61 71 77 87
24 87 24 35 64 80 82 87
14 88 14 42 68 88
13 52 13 30 31 49 52
6 53 6 8 12 28 53
42 61 42 61
59 72 59 72
12 42 12 42
6 45 6 24 40 45
22 47 22 33 43 47
27 75 27 48 65 74 75
5 49 5 7 35 49
10 59 10 18 32 59
57 72 57 66 72
56 69 56 57 69
24 75 24 36 43 47 65 74 75
58 80 58 67 80
41 82 41 78 80 82
18 59 18 36 41 59
26 64 26 39 60 64
51 62 51 62
4 83 4 26 39 62 65 74 83
50 74 50 52 60 64 65 74
39 81 39 63 81
37 80 37 58 60 64 80
54 64 54 58 60 64
6 62 6 34 39 62
38 77 38 58 77
8 55 8 29 35 55
49 60 49 52 60
32 80 32 49 78 80
46 86 46 68 86
3 46 3 9 15 41 46
25 49 25 31 49
43 74 43 62 65 74
49 61 49 52 61
13 62 13 56 62
36 66 36 43 47 66
20 83 20 49 60 64 65 74 83
31 79 31 73 79
32 75 32 75
15 45 15 28 45
12 73 12 29 56 73
28 87 28 38 58 61 71 87
6 59 6 41 59
30 77 30 56 61 71 77
17 36 17 29 36
40 61 40 45 56 61
58 60 58 60
13 31 13 30 31
31 62 31 49 62
30 61 30 31 61
56 84 56 57 84
15 52 15 28 52
35 81 35 55 81
41 74 41 65 74
17 56 17 29 56
49 60 49 60
16 60 16 30 31 37 58 60
7 58 7 9 33 58
39 64 39 60 64
29 47 29 43 47
35 73 35 55 60 73
11 73 11 58 73
21 73 21 34 39 60 73
59 85 59 64 85
16 59 16 59
49 86 49 67 71 86
15 48 15 28 48
7 52 7 9 15 28 52
12 40 12 18 25 40
53 74 53 56 65 74
0 46 0 10 22 46
53 69 53 69
49 71 49 52 61 71
45 65 45 56 65
21 46 21 29 36 41 46
12 60 12 57 60
10 46 10 22 46
1 50 1 50
2 69 2 57 69
1 55 1 55
22 43 22 33 43
39 63 39 63
5 71 5 32 49 66 71
46 88 46 68 88
17 65 17 29 48 62 65
1 35 1 17 29 35
34 85 34 39 60 64 85
36 62 36 41 46 62
34 82 34 78 80 82
21 36 21 29 36
19 39 19 32 34 39
7 37 7 9 15 28 37
42 82 42 60 64 80 82
15 64 15 59 64
4 49 4 21 32 49
28 81 28 37 81
26 55 26 55
14 70 14 24 35 70
2 58 2 30 31 37 58
22 44 22 44
26 88 26 41 88
15 57 15 28 38 56 57
56 82 56 60 64 80 82
12 32 12 21 32
27 64 27 52 60 64
33 71 33 58 61 71
19 54 19 54
11 73 11 17 34 39 60 73
44 86 44 72 86
24 52 24 35 49 52
24 58 24 36 41 58
12 46 12 21 32 42 46
43 86 43 61 71 86
25 31 25 31
19 77 19 32 34 77
44 64 44 64
24 39 24 34 39
35 62 35 55 62
48 66 48 63 66
44 64 44 64
31 77 31 63 66 77
28 37 28 37
8 44 8 12 18 25 40 44
24 61 24 36 51 61
15 76 15 39 63 76
0 58 0 13 42 54 58
51 86 51 82 86
0 50 0 10 50
29 63 29 56 63
6 59 6 8 12 18 59
3 34 3 34
18 43 18 25 43
10 42 10 18 32 42
10 43 10 43
6 82 6 8 12 28 57 60 64 80 82
38 72 38 56 63 66 72
5 37 5 7 23 25 31 37
11 66 11 36 43 47 66
49 73 49 73
30 66 30 31 63 66
48 89 48 70 89
1 32 1 32
5 77 5 52 61 71 77
15 72 15 28 45 66 72
21 71 21 57 66 71
35 70 35 70
4 44 4 19 40 44
28 86 28 45 66 72 86
49 87 49 62 65 87
45 68 45 56 57 68
5 38 5 7 9 38
23 68 23 35 68
31 70 31 70
18 79 18 42 60 73 79
21 71 21 34 66 71
14 58 14 38 58
0 49 0 10 22 49
3 48 3 8 29 48
8 80 8 29 35 68 80
36 69 36 51 69
56 61 56 61
58 85 58 60 64 85
23 41 23 29 36 41
1 45 1 32 45
41 68 41 68
22 33 22 33
17 34 17 34
10 40 10 18 25 40
54 61 54 58 61
56 89 56 60 73 89
0 35 0 10 22 35
13 57 13 30 56 57
20 64 20 25 31 49 60 64
8 34 8 12 28 34
5 36 5 7 36
15 57 15 38 56 57
27 59 27 41 59
13 61 13 31 49 52 61
19 69 19 54 58 69
17 54 17 42 54
25 66 25 28 53 56 57 66
19 57 19 40 45 56 57
15 81 15 45 70 81
39 81 39 70 81
30 83 30 56 60 64 65 74 83
1 89 1 50 70 89
56 63 56 63
14 39 14 24 34 39
6 50 6 8 12 18 50
45 80 45 78 80
52 61 52 61
41 78 41 58 67 78
24 66 24 34 66
41 64 41 46 64
43 62 43 62
49 74 49 62 65 74
27 67 27 58 67
48 86 48 78 86
29 84 29 35 49 78 84
18 88 18 42 46 68 88
50 74 50 52 60 64 65 74
15 45 15 28 45
50 86 50 80 82 86
3 37 3 20 37
45 73 45 56 60 73
20 53 20 25 28 53
6 56 6 8 12 28 38 56
35 89 35 68 89
22 52 22 52
16 58 16 36 41 58
52 75 52 75
35 73 35 55 60 73
7 55 7 35 55
59 75 59 64 65 74 75
42 66 42 63 66
38 85 38 56 57 64 85
56 77 56 63 66 77
21 47 21 29 43 47
32 65 32 64 65
50 66 50 66
10 35 10 22 35
52 87 52 77 87
14 86 14 40 45 66 72 86
2 34 2 32 34
9 51 9 38 51
50 65 50 62 65
8 41 8 12 29 36 41
19 59 19 32 59
16 50 16 50
13 52 13 30 31 49 52
53 60 53 57 60
3 69 3 43 69
27 49 27 49
16 68 16 40 45 56 57 68
40 75 40 44 64 65 74 75
19 73 19 45 56 60 73
0 30 0 13 30
5 53 5 7 23 25 28 53
32 88 32 59 88
2 39 2 32 34 39
29 51 29 36 51
53 65 53 56 64 65
46 64 46 64
6 30 6 13 30
53 65 53 57 60 64 65
2 31 2 30 31
4 41 4 26 41
57 85 57 60 64 85
57 81 57 81
57 78 57 78
30 81 30 81
27 74 27 37 58 60 64 65 74
2 53 2 53
16 49 16 30 31 49
16 41 16 36 41
51 87 51 77 87
9 39 9 39
11 46 11 41 46
0 58 0 10 18 33 58
5 81 5 34 81
19 43 19 33 43
4 47 4 29 43 47
30 86 30 80 82 86
28 39 28 34 39
24 67 24 42 54 67
57 85 57 64 85
5 46 5 7 23 29 36 41 46
14 74 14 24 47 65 74
34 70 34 39 70
31 74 31 49 60 64 65 74
54 84 54 58 67 78 84
25 87 25 53 61 71 77 87
16 43 16 36 43
39 79 39 62 65 79
17 86 17 40 45 56 57 71 86
7 52 7 35 49 52
33 76 33 43 47 76
0 64 0 36 60 64
43 71 43 61 71
8 86 8 29 35 64 80 82 86
48 63 48 63
45 86 45 78 80 82 86
9 74 9 15 28 52 60 64 65 74
1 55 1 55
5 82 5 34 39 80 82
46 89 46 74 89
16 70 16 43 47 70
12 52 12 18 50 52
39 65 39 60 64 65
31 89 31 68 89
37 87 37 66 87
26 63 26 39 63
7 54 7 42 54
21 49 21 29 35 49
18 38 18 25 28 38
0 79 0 52 60 73 79
58 74 58 60 64 65 74
23 88 23 52 88
58 89 58 67 89
34 81 34 39 63 81
27 35 27 35
10 79 10 49 79
51 86 51 71 86
0 58 0 20 33 58
5 49 5 7 23 25 31 49
12 57 12 21 32 45 56 57
21 34 21 32 34
29 72 29 36 43 47 66 72
25 84 25 40 45 78 84
27 64 27 52 60 64
12 76 12 57 60 64 76
11 73 11 52 60 73
51 62 51 62
31 80 31 78 80
18 62 18 32 34 39 62
39 63 39 63
10 36 10 18 36
47 87 47 80 82 87
31 65 31 49 60 64 65
6 88 6 50 52 88
53 80 53 57 64 80
38 60 38 56 57 60
2 51 2 38 51
14 47 14 43 47
57 84 57 78 84
5 42 5 32 42
55 62 55 62
6 42 6 24 42
1 58 1 14 38 58
10 55 10 22 55
27 60 27 35 49 52 60
45 87 45 78 80 82 87
23 44 23 25 40 44
25 53 25 53
30 75 30 65 74 75
31 60 31 37 58 60
56 72 56 63 66 72
10 78 10 49 78
54 65 54 58 60 64 65
58 61 58 61
18 50 18 50
24 70 24 34 39 70
5 35 5 7 23 29 35
25 83 25 52 60 64 65 74 83
12 66 12 21 56 63 66
45 70 45 56 57 70
35 87 35 49 73 87
0 52 0 50 52
37 69 37 69
43 89 43 47 66 72 89
30 85 30 85
36 74 36 60 64 65 74
45 84 45 56 84
1 42 1 17 42
59 88 59 88
57 71 57 71
52 64 52 60 64
19 42 19 32 42
11 53 11 17 53
36 68 36 41 46 68
4 52 4 19 32 49 52
41 80 41 78 80
12 48 12 21 29 48
38 82 38 51 78 80 82
49 71 49 52 61 71
12 59 12 18 59
13 85 13 39 60 64 85
14 39 14 24 34 39
10 45 10 18 25 40 45
45 83 45 56 65 74 83
48 82 48 78 80 82
43 80 43 68 80
34 81 34 81
2 46 2 13 42 46
50 87 50 80 82 87
10 35 10 22 35
29 48 29 48
45 82 45 56 57 64 80 82
3 44 3 8 12 44
29 56 29 56
8 38 8 12 28 38
20 84 20 59 78 84
7 38 7 23 25 28 38
54 85 54 85
1 43 1 14 43
49 82 49 60 64 80 82
34 77 34 39 63 66 71 77
24 58 24 58
58 76 58 60 64 76
16 31 16 30 31
7 73 7 23 35 55 60 73
23 35 23 29 35
50 87 50 62 65 87
45 81 45 56 81
31 84 31 49 67 78 84
50 71 50 52 61 71
34 64 34 39 60 64
6 58 6 41 58
14 36 14 24 36
16 39 16 34 39
38 84 38 56 57 84
13 80 13 56 64 80
2 54 2 32 42 54
31 78 31 49 78
55 73 55 60 73
10 31 10 18 25 31
43 89 43 62 65 74 89
19 55 19 55
6 37 6 13 31 37
17 49 17 29 35 49
15 47 15 43 47
38 64 38 56 60 64
46 75 46 74 75
22 51 22 38 51
9 76 9 33 43 47 76
2 68 2 38 56 57 68
15 69 15 45 56 57 69
12 37 12 18 37
36 69 36 43 69
21 41 21 29 36 41
40 88 40 45 56 57 88
32 69 32 45 56 57 69
23 85 23 37 85
25 58 25 33 58
26 34 26 34
7 33 7 9 33
3 35 3 14 24 35
19 32 19 32
32 86 32 64 80 82 86
19 71 19 42 61 71
23 31 23 25 31
50 86 50 80 82 86
40 60 40 45 56 60
31 89 31 73 89
28 72 28 39 63 66 72
19 44 19 40 44
50 65 50 62 65
31 89 31 73 89
0 85 0 39 60 64 85
14 65 14 59 64 65
40 84 40 78 84
5 43 5 7 9 33 43
33 60 33 58 60
29 48 29 48
31 74 31 49 60 64 65 74
56 86 56 78 86
41 74 41 65 74
47 66 47 66
48 88 48 88
35 67 35 49 67
18 34 18 34
0 46 0 2 32 42 46
36 83 36 43 62 65 74 83
1 88 1 30 56 57 68 88
12 41 12 29 36 41
35 62 35 55 62
31 65 31 37 58 60 64 65
0 61 0 36 43 61
48 62 48 62
14 63 14 24 42 63
23 34 23 25 28 34
31 75 31 49 74 75
31 84 31 49 78 84
59 89 59 74 89
40 71 40 71
2 35 2 35
23 80 23 52 80
59 85 59 64 85
31 77 31 63 66 77
28 53 28 53
52 85 52 60 64 85
3 54 3 54
26 79 26 55 79
0 37 0 8 29 37
10 80 10 49 52 80
18 54 18 32 42 54
43 87 43 82 87
54 60 54 58 60
8 84 8 41 58 67 78 84
43 89 43 70 89
54 86 54 58 80 82 86
37 85 37 58 60 64 85
2 82 2 38 51 80 82
32 62 32 42 46 62
22 56 22 53 56
37 69 37 58 69
13 57 13 56 57
1 42 1 17 42
7 78 7 53 56 57 78
20 49 20 49
29 58 29 36 41 58
13 56 13 30 56
6 50 6 8 12 50
10 46 10 22 46
24 39 24 34 39
5 42 5 7 42
31 63 31 63
6 53 6 8 12 18 25 28 53
14 54 14 42 54
55 79 55 79
23 48 23 29 48
25 61 25 28 45 56 61
1 77 1 58 61 71 77
23 48 23 25 28 48
21 67 21 58 67
42 75 42 54 58 75
7 75 7 42 54 58 75
31 69 31 37 58 69
38 61 38 56 61
51 85 51 85
6 66 6 24 43 47 66
21 43 21 29 36 43
32 88 32 59 88
18 49 18 32 49
50 61 50 52 61
25 48 25 28 48
9 82 9 50 52 80 82
45 72 45 66 72
32 79 32 79
4 59 4 29 36 41 59
59 64 59 64
11 60 11 56 60
13 49 13 30 31 49
16 51 16 36 51
5 44 5 7 23 25 40 44
22 49 22 49
16 77 16 30 31 63 66 77
33 86 33 58 80 82 86
40 60 40 45 56 60
25 40 25 40
17 47 17 29 43 47
13 42 13 42
1 34 1 14 34
7 33 7 23 25 33
32 61 32 45 56 61
41 77 41 58 77
52 74 52 60 64 65 74
43 89 43 47 70 89
49 77 49 52 61 71 77
8 33 8 12 18 33
55 65 55 65
57 65 57 60 64 65
2 45 2 32 45
20 74 20 49 52 60 64 65 74
48 82 48 78 80 82
9 62 9 56 62
21 39 21 34 39
45 70 45 56 57 70
11 76 11 58 60 64 76
4 81 4 19 33 43 47 81
19 72 19 44 72
13 47 13 47
6 37 6 8 12 28 37
4 32 4 19 32
7 58 7 41 58
8 87 8 12 42 46 80 82 87
21 42 21 32 42
18 63 18 25 40 45 56 63
5 37 5 7 9 37
8 42 8 12 18 32 42
57 88 57 88
35 76 35 49 60 64 76
23 53 23 25 28 53
51 71 51 71
23 51 23 25 51
23 70 23 29 36 43 70
3 53 3 14 53
49 88 49 88
46 76 46 64 76
40 88 40 45 56 57 68 88
28 58 28 38 58
33 80 33 58 67 80
25 70 25 40 45 70
45 66 45 56 57 66
45 65 45 56 57 64 65
51 62 51 62
9 58 9 37 58
15 51 15 51
33 88 33 88
34 70 34 39 70
21 67 21 32 42 54 58 67
0 39 0 2 32 34 39
31 85 31 49 52 60 64 85
31 69 31 37 58 69
11 59 11 41 59
4 76 4 34 39 60 64 76
16 41 16 36 41
7 36 7 36
1 58 1 17 42 54 58
27 69 27 39 69
28 39 28 39
48 74 48 74
22 57 22 45 56 57
21 36 21 29 36
23 57 23 29 57
35 88 35 68 88
36 75 36 43 62 65 74 75
8 88 8 41 68 88
31 78 31 37 58 67 78
59 86 59 72 86
51 65 51 65
22 58 22 38 58
18 46 18 42 46
38 86 38 58 61 71 86
29 36 29 36
14 41 14 24 36 41
7 37 7 9 37
33 84 33 58 67 78 84
16 31 16 30 31
59 74 59 74
55 82 55 60 64 80 82
34 81 34 39 63 81
45 85 45 56 85
57 77 57 77
24 57 24 40 45 56 57
24 46 24 42 46
38 84 38 51 84
11 60 11 38 58 60
57 80 57 64 80
15 59 15 59
26 63 26 34 39 63
6 76 6 8 37 58 76
43 76 43 47 76
20 60 20 49 52 60
19 59 19 32 59
41 81 41 81
2 68 2 13 42 68
17 52 17 29 35 49 52
50 85 50 52 60 64 85
13 39 13 39
12 51 12 18 36 51
22 35 22 35
17 39 17 34 39
24 55 24 55
23 58 23 37 58
29 47 29 43 47
35 71 35 49 67 71
45 85 45 56 60 64 85
50 80 50 80
26 67 26 41 58 67
20 53 20 25 53
39 81 39 70 81
2 76 2 49 52 60 64 76
12 81 12 18 37 81
17 89 17 53 56 64 65 74 89
44 86 44 72 86
13 56 13 56
25 52 25 52
31 66 31 49 66
24 35 24 35
45 73 45 56 60 73
8 47 8 47
3 59 3 20 59
50 80 50 52 60 64 80
45 85 45 56 57 60 64 85
1 61 1 30 56 61
11 38 11 38
49 83 49 60 64 65 74 83
45 64 45 56 64
5 89 5 52 60 64 65 74 89
16 34 16 34
12 63 12 28 45 56 63
53 89 53 56 73 89
30 66 30 56 57 66
53 70 53 56 57 70
23 49 23 35 49
38 64 38 56 64
28 51 28 38 51
25 31 25 31
58 86 58 60 64 80 82 86
29 52 29 35 49 52
54 75 54 62 65 74 75
41 88 41 68 88
52 89 52 60 64 65 74 89
39 72 39 63 66 72
39 75 39 74 75
4 47 4 29 36 43 47
2 63 2 56 63
25 69 25 53 69
31 69 31 37 58 69
9 63 9 56 63
38 77 38 56 57 77
21 43 21 29 36 43
45 73 45 56 60 73
36 82 36 41 46 78 80 82
56 81 56 81
27 41 27 41
37 76 37 58 76
54 76 54 58 60 64 76
21 55 21 55
48 78 48 78
4 48 4 21 29 48
54 79 54 62 65 79
11 82 11 56 57 78 80 82
21 35 21 29 35
24 73 24 40 44 73
56 70 56 57 70
57 76 57 76
32 65 32 34 39 65
42 82 42 54 67 80 82
16 75 16 34 65 74 75
17 55 17 55
14 77 14 54 77
8 46 8 29 36 41 46
12 85 12 18 25 33 58 60 64 85
49 67 49 67
43 87 43 68 80 82 87
31 63 31 63
32 68 32 45 56 57 68
2 49 2 30 31 49
1 89 1 44 89
49 65 49 62 65
20 77 20 43 47 66 77
3 67 3 8 29 37 58 67
4 76 4 26 39 60 64 76
36 64 36 41 59 64
11 54 11 17 42 54
12 38 12 28 38
12 49 12 29 35 49
14 56 14 53 56
11 68 11 30 56 57 68
18 34 18 34
32 76 32 58 76
55 89 55 72 89
17 39 17 34 39
5 75 5 32 59 74 75
4 76 4 42 60 64 76
41 86 41 59 72 86
8 80 8 39 60 64 80
0 34 0 2 32 34
44 76 44 76
29 46 29 36 41 46
17 52 17 29 35 49 52
40 68 40 45 56 57 68
16 69 16 40 45 56 57 69
3 85 3 8 37 85
43 62 43 62
23 39 23 25 28 34 39
4 73 4 34 39 60 73
27 76 27 58 76
40 62 40 45 56 62
8 68 8 41 68
18 65 18 52 60 64 65
7 37 7 9 37
37 69 37 69
15 59 15 59
59 72 59 72
36 74 36 41 74
5 42 5 7 42
8 31 8 12 18 25 31
29 59 29 36 41 59
11 41 11 36 41
51 82 51 80 82
39 74 39 74
50 73 50 52 60 73
25 88 25 52 88
14 47 14 43 47
24 42 24 42
30 75 30 65 74 75
46 89 46 65 74 89
54 86 54 80 82 86
3 34 3 8 12 28 34
27 37 27 37
11 51 11 38 51
10 59 10 18 32 59
3 39 3 9 15 39
3 57 3 14 40 45 56 57
40 76 40 45 56 64 76
37 89 37 58 60 64 65 74 89
48 71 48 63 66 71
9 57 9 40 45 56 57
40 82 40 78 80 82
53 65 53 57 64 65
7 61 7 42 54 61
13 52 13 31 49 52
33 65 33 43 47 65
18 37 18 37
56 85 56 64 85
11 80 11 35 68 80
12 47 12 29 36 43 47
3 75 3 14 34 39 65 74 75
37 74 37 58 60 64 65 74
10 60 10 18 37 58 60
9 39 9 39
42 87 42 82 87
34 85 34 39 60 64 85
25 43 25 33 43
21 87 21 58 77 87
1 35 1 14 24 35
13 54 13 42 54
2 52 2 13 30 31 49 52
32 66 32 49 66
29 84 29 35 49 67 78 84
12 44 12 44
36 86 36 51 78 80 82 86
49 80 49 67 78 80
29 47 29 43 47
12 34 12 21 34
36 73 36 60 73
45 61 45 56 61
18 75 18 54 62 65 74 75
50 61 50 52 61
6 75 6 50 65 74 75
18 68 18 25 28 38 68
58 87 58 60 64 80 82 87
58 71 58 67 71
21 41 21 29 36 41
14 80 14 52 60 64 80
26 87 26 34 39 82 87
35 62 35 49 62
7 34 7 23 25 28 34
0 58 0 13 31 37 58
17 47 17 29 36 43 47
38 75 38 62 65 74 75
3 44 3 20 40 44
56 82 56 64 80 82
28 88 28 38 68 88
39 65 39 65
53 74 53 74
37 82 37 58 67 78 80 82
30 84 30 31 37 84
56 86 56 60 64 80 82 86
14 51 14 24 36 51
36 81 36 81
21 37 21 29 37
36 75 36 41 46 75
42 62 42 46 62
29 60 29 57 60
22 43 22 43
28 52 28 52
43 75 43 62 65 74 75
22 52 22 52
22 57 22 57
15 81 15 39 70 81
35 77 35 71 77
1 30 1 30
34 78 34 78
23 36 23 29 36
46 88 46 68 88
24 80 24 42 54 67 78 80
56 61 56 61
6 33 6 8 12 18 33
4 60 4 42 60
35 67 35 49 67
48 62 48 62
3 55 3 14 24 35 55
30 74 30 31 37 58 60 64 65 74
15 52 15 52
54 87 54 61 71 77 87
5 40 5 7 23 25 40
33 78 33 58 67 78
29 48 29 48
1 43 1 14 24 43
9 64 9 40 64
19 84 19 58 67 78 84
18 76 18 37 58 60 64 76
19 63 19 45 56 63
36 82 36 60 64 80 82
14 51 14 24 36 51
57 75 57 64 65 74 75
21 52 21 32 49 52
14 62 14 40 45 56 62
31 71 31 37 66 71
9 57 9 40 45 56 57
7 44 7 9 40 44
7 53 7 53
25 76 25 57 76
15 38 15 38
28 38 28 38
6 45 6 8 12 18 25 28 45
4 57 4 56 57
1 60 1 58 60
5 38 5 7 23 25 28 38
0 32 0 10 18 32
13 65 13 30 65
21 74 21 56 60 64 65 74
38 71 38 51 61 71
19 49 19 32 49
10 46 10 22 46
29 67 29 37 58 67
42 71 42 63 66 71
41 61 41 58 61
1 75 1 44 75
32 86 32 71 86
10 49 10 22 49
43 77 43 61 71 77
41 71 41 61 71
36 79 36 41 58 73 79
26 57 26 57
57 76 57 64 76
4 44 4 19 40 44
22 44 22 44
56 81 56 81
51 78 51 78
16 37 16 30 31 37
24 47 24 43 47
19 33 19 33
4 36 4 29 36
16 45 16 40 45
34 85 34 39 60 64 85
22 49 22 35 49
49 83 49 60 64 65 74 83
47 87 47 65 87
50 89 50 66 72 89
3 43 3 14 24 36 43
8 72 8 29 56 57 66 72
21 32 21 32
2 55 2 35 55
20 53 20 25 28 53
17 41 17 29 36 41
28 56 28 38 56
6 61 6 34 39 61
1 39 1 17 34 39
14 77 14 45 66 77
8 36 8 12 29 36
1 66 1 50 66
40 76 40 44 76
26 63 26 39 63
3 32 3 8 12 18 32
14 70 14 53 57 70
9 53 9 15 28 53
17 81 17 42 63 81
17 47 17 29 43 47
25 88 25 52 88
8 34 8 12 18 25 28 34
21 66 21 34 66
34 75 34 39 62 65 74 75
26 86 26 41 68 86
56 72 56 57 66 72
17 76 17 42 54 58 60 64 76
44 82 44 64 80 82
30 63 30 56 63
5 65 5 32 49 62 65
25 38 25 28 38
23 33 23 25 33
10 62 10 53 56 62
31 76 31 37 58 60 64 76
54 62 54 62
57 71 57 66 71
45 61 45 56 61
4 81 4 55 81
6 34 6 34
1 31 1 30 31
52 83 52 60 64 65 74 83
8 57 8 12 18 32 45 56 57
32 71 32 58 67 71
12 58 12 18 36 41 58
49 80 49 78 80
11 39 11 17 34 39
17 87 17 55 62 65 87
50 88 50 52 88
28 48 28 48
9 34 9 15 28 34
29 46 29 36 41 46
45 65 45 56 62 65
7 36 7 36
24 52 24 35 49 52
13 30 13 30
35 88 35 49 52 88
5 46 5 32 42 46
5 41 5 7 36 41
2 50 2 50
9 48 9 15 28 48
0 52 0 8 29 35 49 52
33 70 33 43 70
23 41 23 29 36 41
37 81 37 81
29 70 29 35 70
36 61 36 51 61
24 86 24 34 66 72 86
31 76 31 63 76
53 69 53 56 57 69
32 69 32 42 54 58 69
4 87 4 33 58 80 82 87
56 75 56 57 64 65 74 75
10 72 10 33 66 72
21 88 21 57 68 88
35 79 35 49 73 79
7 72 7 48 63 66 72
22 49 22 35 49
19 34 19 32 34
13 77 13 56 57 66 71 77
6 71 6 38 51 71
5 39 5 39
24 42 24 42
7 37 7 9 15 28 37
18 58 18 36 41 58
10 83 10 53 74 83
13 49 13 30 31 49
10 47 10 33 43 47
21 65 21 56 64 65
19 64 19 55 60 64
27 77 27 47 66 71 77
17 36 17 29 36
43 80 43 47 80
4 36 4 21 29 36
47 80 47 80
32 84 32 59 78 84
45 68 45 56 57 68
0 55 0 27 35 55
15 46 15 41 46
16 46 16 36 41 46
18 47 18 47
14 40 14 24 40
39 73 39 60 73
11 30 11 30
57 72 57 66 72
36 64 36 41 46 64
19 54 19 54
50 66 50 66
17 68 17 40 45 56 57 68
10 56 10 18 32 45 56
35 76 35 55 60 64 76
32 68 32 42 46 68
8 68 8 12 28 38 68
8 72 8 12 50 66 72
12 47 12 28 47
28 38 28 38
31 80 31 49 67 78 80
9 52 9 15 28 52
5 46 5 7 23 29 36 41 46
36 80 36 51 80
57 64 57 64
3 33 3 9 33
23 57 23 25 28 53 56 57
52 61 52 61
36 60 36 60
14 59 14 24 36 41 59
56 78 56 57 78
54 71 54 61 71
2 39 2 13 39
24 57 24 40 45 56 57
32 68 32 45 56 57 68
23 34 23 25 28 34
52 64 52 60 64
53 60 53 56 60
25 40 25 40
54 60 54 58 60
22 53 22 53
59 74 59 64 65 74
13 85 13 42 60 64 85
37 74 37 58 60 64 65 74
17 34 17 34
6 42 6 8 12 42
6 44 6 24 40 44
23 47 23 29 43 47
10 32 10 18 32
28 53 28 53
1 57 1 14 24 40 45 56 57
9 40 9 40
35 73 35 55 60 73
10 82 10 18 50 52 80 82
31 76 31 49 52 60 64 76
11 47 11 17 29 43 47
3 53 3 8 12 18 53
10 52 10 22 35 49 52
43 77 43 61 71 77
6 32 6 8 12 21 32
8 42 8 12 21 32 42
57 82 57 78 80 82
43 69 43 69
3 52 3 14 52
55 87 55 62 65 87
33 73 33 58 73
0 55 0 35 55
47 76 47 76
35 84 35 49 84
21 47 21 29 43 47
36 75 36 43 62 65 74 75
11 54 11 17 42 54
36 61 36 51 61
20 47 20 25 43 47
5 46 5 32 42 46
19 40 19 40
21 55 21 55
19 84 19 42 46 78 84
2 58 2 32 42 54 58
7 56 7 53 56
52 88 52 88
28 53 28 53
59 87 59 78 80 82 87
19 42 19 32 42
21 62 21 55 62
27 49 27 49
33 74 33 43 62 65 74
5 42 5 7 42
52 74 52 60 64 65 74
10 45 10 22 45
20 89 20 49 73 89
42 79 42 54 62 65 79
34 70 34 39 70
8 55 8 12 29 35 55
24 58 24 42 54 58
46 87 46 62 65 87
26 46 26 41 46
35 89 35 68 89
15 48 15 28 48
23 40 23 25 40
19 42 19 42
1 43 1 14 43
18 39 18 32 34 39
1 42 1 32 42
32 87 32 59 64 65 87
34 86 34 78 80 82 86
7 41 7 41
58 83 58 60 64 65 74 83
0 51 0 10 22 38 51
47 81 47 81
2 51 2 38 51
27 73 27 58 60 73
2 37 2 30 31 37
29 83 29 35 49 74 83
11 86 11 43 82 86
37 73 37 58 60 73
14 38 14 38
41 89 41 62 65 74 89
54 73 54 58 60 73
24 59 24 36 41 59
30 75 30 56 64 65 74 75
13 65 13 56 65
50 71 50 52 61 71
28 71 28 37 58 67 71
23 37 23 25 31 37
18 89 18 34 39 60 64 65 74 89
0 41 0 41
44 79 44 64 65 79
9 40 9 40
13 78 13 56 78
51 65 51 62 65
46 79 46 62 65 79
56 68 56 57 68
42 83 42 46 62 65 74 83
28 53 28 53
37 71 37 66 71
23 64 23 37 58 60 64
6 44 6 24 40 44
43 81 43 47 70 81
48 88 48 88
5 53 5 7 9 15 28 53
8 38 8 12 28 38
9 34 9 15 28 34
45 79 45 56 62 65 79
17 89 17 29 56 64 65 74 89
28 37 28 37
57 89 57 70 89
4 40 4 19 40
2 58 2 32 42 54 58
7 45 7 9 40 45
30 80 30 56 78 80
15 41 15 41
2 58 2 38 58
18 31 18 25 31
5 33 5 7 9 33
17 53 17 53
31 86 31 82 86
11 47 11 43 47
7 84 7 41 46 78 84
55 65 55 60 64 65
46 64 46 64
32 67 32 58 67
53 83 53 74 83
53 64 53 56 57 60 64
29 58 29 36 41 58
37 85 37 85
35 75 35 49 74 75
50 81 50 70 81
30 86 30 80 82 86
11 53 11 17 53
18 43 18 36 43
18 41 18 36 41
4 52 4 21 32 49 52
9 84 9 54 67 78 84
18 49 18 25 31 49
58 64 58 60 64
46 65 46 64 65
15 37 15 28 37
45 71 45 71
8 58 8 54 58
7 70 7 53 57 70
15 66 15 45 56 63 66
34 63 34 39 63
23 45 23 25 40 45
20 51 20 25 51
18 51 18 36 51
35 61 35 49 52 61
18 39 18 34 39
10 44 10 22 44
16 85 16 40 44 64 85
10 56 10 18 32 45 56
10 58 10 22 33 58
22 47 22 43 47
32 68 32 42 46 68
57 86 57 71 86
19 39 19 32 34 39
55 60 55 60
35 74 35 64 65 74
11 70 11 56 57 70
41 83 41 46 65 74 83
42 86 42 54 58 80 82 86
10 77 10 48 63 66 71 77
42 63 42 63
10 41 10 18 36 41
36 84 36 41 46 78 84
21 46 21 32 42 46
12 58 12 29 36 41 58
8 84 8 38 51 84
14 39 14 24 34 39
38 65 38 51 62 65
51 71 51 61 71
12 54 12 42 54
26 87 26 47 65 87
7 83 7 53 74 83
2 49 2 32 49
0 43 0 20 33 43
23 59 23 29 36 41 59
34 66 34 66
43 71 43 61 71
46 64 46 64
39 61 39 61
25 37 25 31 37
40 83 40 64 65 74 83
0 88 0 20 57 68 88
23 49 23 25 31 49
53 68 53 56 57 68
59 86 59 78 80 82 86
38 86 38 68 86
28 74 28 48 62 65 74
6 44 6 8 12 18 25 40 44
41 65 41 65
19 49 19 32 49
53 80 53 56 78 80
47 72 47 66 72
20 48 20 25 28 48
22 63 22 53 56 63
38 72 38 63 66 72
59 88 59 88
24 46 24 36 41 46
4 74 4 56 60 64 65 74
40 65 40 45 56 60 64 65
21 49 21 29 35 49
11 49 11 17 29 35 49
57 70 57 70
55 74 55 62 65 74
35 81 35 70 81
12 65 12 28 53 57 60 64 65
25 69 25 53 69
30 87 30 31 61 71 87
21 69 21 34 39 69
5 44 5 7 23 25 40 44
18 32 18 32
56 63 56 63
45 68 45 56 57 68
15 44 15 44
19 33 19 33
12 53 12 18 25 53
32 85 32 64 85
8 43 8 29 43
17 49 17 29 35 49
33 73 33 58 60 73
17 54 17 42 54
33 73 33 58 73
51 80 51 78 80
24 59 24 36 41 59
13 39 13 39
42 81 42 63 81
0 60 0 36 41 58 60
41 89 41 46 65 74 89
5 32 5 32
27 74 27 35 64 65 74
55 83 55 62 65 74 83
25 71 25 33 43 47 66 71
25 84 25 57 84
45 82 45 56 60 64 80 82
15 89 15 44 72 89
58 79 58 73 79
19 54 19 54
7 71 7 9 40 66 71
35 87 35 64 65 87
7 48 7 48
32 87 32 67 77 87
49 73 49 73
45 68 45 56 57 68
50 87 50 62 65 87
18 73 18 37 58 73
17 53 17 53
57 81 57 81
46 75 46 64 65 74 75
17 77 17 40 71 77
13 46 13 42 46
19 86 19 58 67 80 82 86
28 51 28 38 51
54 65 54 58 60 64 65
8 89 8 47 89
14 57 14 40 45 56 57
18 53 18 53
57 60 57 60
27 55 27 35 55
1 81 1 17 42 63 81
18 42 18 32 42
6 35 6 24 35
14 70 14 40 45 56 57 70
1 57 1 14 38 56 57
37 72 37 66 72
33 66 33 43 47 66
4 68 4 42 68
4 43 4 33 43
16 52 16 52
10 41 10 18 36 41
13 31 13 30 31
9 37 9 15 28 37
4 47 4 33 43 47
11 34 11 17 34
18 61 18 42 61
26 71 26 41 58 67 71
19 86 19 33 43 82 86
35 80 35 64 80
37 64 37 58 60 64
32 65 32 59 64 65
46 85 46 64 85
17 60 17 40 45 56 57 60
57 81 57 70 81
5 51 5 7 23 29 36 51
1 76 1 44 76
18 53 18 25 28 53
47 70 47 70
34 62 34 39 62
3 36 3 8 29 36
29 48 29 48
43 75 43 47 74 75
15 79 15 51 65 79
12 38 12 18 25 28 38
31 80 31 37 58 60 64 80
20 59 20 41 59
16 31 16 30 31
56 69 56 57 69
0 34 0 28 34
12 39 12 28 39
50 80 50 52 60 64 80
7 63 7 45 56 63
6 34 6 34
36 62 36 41 46 62
35 73 35 49 60 73
48 65 48 65
48 86 48 78 86
17 61 17 40 45 56 61
21 49 21 29 35 49
3 43 3 20 25 33 43
41 77 41 61 71 77
21 70 21 32 45 56 57 70
4 58 4 21 58
20 66 20 25 31 37 66
36 79 36 41 62 65 79
14 51 14 38 51
2 31 2 13 30 31
34 89 34 66 72 89
19 61 19 42 54 61
31 60 31 37 58 60
31 76 31 63 76
37 85 37 85
1 55 1 55
45 68 45 56 57 68
23 53 23 25 53
53 62 53 56 62
3 50 3 9 50
35 72 35 55 72
55 79 55 65 79
0 39 0 13 39
28 78 28 53 57 78
17 48 17 29 48
4 41 4 21 29 36 41
29 36 29 36
35 78 35 49 67 78
7 34 7 23 25 28 34
11 41 11 41
13 42 13 42
26 55 26 55
53 70 53 57 70
41 64 41 58 60 64
22 47 22 33 43 47
0 49 0 35 49
9 44 9 15 44
42 80 42 78 80
18 44 18 25 40 44
41 79 41 59 64 65 79
19 49 19 32 49
31 68 31 68
0 69 0 36 51 69
7 64 7 23 39 60 64
42 61 42 54 61
2 76 2 39 60 64 76
45 89 45 66 72 89
14 79 14 40 44 64 65 79
27 39 27 39
48 79 48 62 65 79
3 54 3 9 54
24 42 24 42
42 68 42 68
12 40 12 18 25 40
22 38 22 38
24 59 24 36 41 59
9 79 9 40 44 64 65 79
55 87 55 60 73 87
45 76 45 56 63 76
56 75 56 60 64 65 74 75
44 64 44 64
50 60 50 52 60
14 61 14 42 54 58 61
24 79 24 47 65 79
14 43 14 43
34 81 34 81
23 36 23 29 36
15 38 15 38
11 39 11 17 34 39
21 51 21 51
23 35 23 29 35
26 58 26 41 58
21 41 21 29 36 41
26 87 26 48 65 87
48 87 48 63 66 77 87
1 49 1 32 49
3 49 3 20 31 49
2 45 2 32 45
53 68 53 57 68
45 79 45 56 60 64 65 79
52 76 52 60 64 76
51 83 51 62 65 74 83
4 43 4 29 43
14 81 14 40 45 56 57 70 81
54 86 54 61 71 86
10 34 10 18 34
48 62 48 62
18 49 18 32 49
17 52 17 29 35 49 52
9 58 9 33 58
27 35 27 35
8 53 8 12 28 53
32 69 32 42 54 58 69
31 75 31 37 58 75
12 84 12 21 32 49 84
25 52 25 52
17 56 17 53 56
38 80 38 68 80
21 37 21 29 37
25 53 25 28 53
16 81 16 43 70 81
30 66 30 56 63 66
13 89 13 42 46 64 65 74 89
7 68 7 45 56 57 68
25 31 25 31
56 83 56 57 60 64 65 74 83
10 39 10 34 39
19 59 19 32 59
44 82 44 64 80 82
25 51 25 28 38 51
10 46 10 18 32 42 46
30 65 30 56 62 65
43 71 43 61 71
8 43 8 29 36 43
6 34 6 34
3 69 3 9 37 58 69
23 59 23 29 36 41 59
28 51 28 38 51
2 55 2 35 55
3 32 3 8 12 18 32
18 38 18 25 28 38
18 59 18 59
20 78 20 41 59 78
34 80 34 78 80
18 37 18 25 28 37
19 54 19 42 54
9 39 9 39
50 66 50 66
14 52 14 52
20 89 20 25 53 57 66 72 89
12 41 12 21 29 36 41
56 77 56 63 66 77
40 88 40 45 56 57 68 88
5 56 5 32 45 56
42 68 42 46 68
36 65 36 60 64 65
45 88 45 56 57 68 88
11 64 11 30 56 57 60 64
8 85 8 39 60 64 85
54 83 54 58 60 64 65 74 83
36 77 36 41 61 71 77
8 46 8 12 18 42 46
21 49 21 29 35 49
19 75 19 58 75
56 68 56 57 68
31 66 31 37 66
19 32 19 32
10 86 10 53 61 71 86
38 88 38 56 57 68 88
42 75 42 54 58 75
11 87 11 56 63 66 71 87
17 46 17 42 46
54 76 54 58 76
42 68 42 46 68
16 86 16 52 86
9 37 9 15 28 37
1 74 1 14 24 34 39 62 65 74
26 86 26 39 60 64 80 82 86
11 49 11 30 31 49
56 88 56 57 88
29 49 29 35 49
18 71 18 50 66 71
3 44 3 8 12 18 25 40 44
18 86 18 49 60 64 80 82 86
8 41 8 29 36 41
1 49 1 32 49
31 69 31 37 69
16 65 16 40 45 56 60 64 65
18 78 18 53 56 57 78
2 63 2 39 63
36 83 36 65 74 83
25 53 25 53
18 37 18 37
54 64 54 58 60 64
6 30 6 13 30
50 61 50 52 61
37 80 37 58 67 78 80
20 80 20 41 78 80
7 36 7 23 29 36
41 78 41 59 78
1 38 1 14 38
38 89 38 51 65 74 89
46 83 46 64 65 74 83
12 40 12 18 25 40
31 69 31 37 69
56 74 56 65 74
5 89 5 57 66 72 89
17 37 17 29 37
19 42 19 32 42
17 69 17 51 69
31 66 31 49 66
6 60 6 38 56 57 60
12 39 12 28 39
9 85 9 33 58 60 64 85
14 34 14 34
14 53 14 53
25 40 25 40
29 52 29 35 49 52
48 74 48 65 74
46 87 46 62 65 87
15 53 15 28 53
15 82 15 43 68 80 82
5 50 5 7 9 50
8 35 8 12 21 29 35
59 79 59 64 65 79
51 84 51 84
8 37 8 37
33 76 33 43 47 76
32 78 32 42 54 58 67 78
6 88 6 8 38 51 88
42 75 42 54 58 60 64 65 74 75
13 78 13 56 57 78
45 75 45 56 60 64 65 74 75
29 78 29 56 57 78
0 64 0 36 41 59 64
17 57 17 40 45 56 57
56 60 56 60
42 64 42 46 64
30 76 30 76
50 72 50 66 72
9 45 9 15 45
31 69 31 37 58 69
45 64 45 56 57 60 64
11 36 11 17 29 36
35 79 35 49 62 65 79
37 86 37 82 86
14 41 14 24 36 41
8 60 8 37 58 60
58 73 58 73
8 50 8 12 18 50
49 77 49 66 77
21 76 21 56 57 64 76
49 75 49 62 65 74 75
24 86 24 35 55 60 64 80 82 86
17 36 17 29 36
23 48 23 29 48
54 67 54 58 67
33 87 33 66 77 87
54 82 54 58 80 82
9 38 9 15 38
19 47 19 33 43 47
56 68 56 57 68
38 83 38 51 65 74 83
5 57 5 57
42 88 42 46 68 88
42 88 42 46 68 88
36 85 36 60 64 85
42 88 42 46 68 88
58 79 58 73 79
4 65 4 34 39 65
32 65 32 42 60 64 65
49 89 49 73 89
46 65 46 65
47 79 47 65 79
19 72 19 42 72
9 67 9 38 58 67
34 87 34 66 87
17 48 17 29 48
5 55 5 7 35 55
25 79 25 51 79
3 40 3 14 40
36 78 36 41 59 78
53 89 53 56 57 68 89
0 38 0 10 22 38
57 88 57 68 88
1 54 1 32 42 54
5 48 5 7 23 29 48
39 74 39 60 64 65 74
9 47 9 15 28 47
58 89 58 67 89
35 88 35 49 88
59 83 59 74 83
25 88 25 31 49 52 88
50 83 50 83
2 30 2 30
8 32 8 12 21 32
36 82 36 51 82
53 87 53 63 66 71 87
44 65 44 64 65
36 87 36 41 68 80 82 87
19 61 19 45 56 61
46 78 46 78
19 52 19 32 49 52
20 58 20 33 58
26 47 26 47
9 54 9 54
26 41 26 41
9 56 9 56
23 46 23 29 36 41 46
39 70 39 70
23 47 23 25 28 47
52 60 52 60
56 81 56 57 70 81
51 82 51 80 82
26 89 26 48 74 89
17 77 17 53 57 71 77
1 44 1 14 24 40 44
14 43 14 24 43
18 32 18 32
5 59 5 32 59
31 64 31 49 60 64
37 84 37 58 67 78 84
4 76 4 26 41 58 60 64 76
29 64 29 56 57 64
11 86 11 56 57 68 80 82 86
19 45 19 40 45
54 82 54 58 80 82
19 47 19 33 43 47
0 36 0 8 12 29 36
23 46 23 29 36 41 46
10 86 10 53 57 71 86
6 46 6 13 42 46
20 40 20 40
11 37 11 37
45 78 45 56 78
35 60 35 49 52 60
48 80 48 78 80
28 63 28 53 56 63
8 47 8 12 18 47
25 53 25 53
17 46 17 42 46
27 49 27 35 49
12 59 12 21 29 36 41 59
13 56 13 30 56
23 87 23 35 55 65 87
12 48 12 29 48
2 42 2 32 42
49 82 49 52 80 82
13 58 13 31 37 58
20 40 20 40
3 47 3 33 43 47
30 77 30 56 63 66 77
4 40 4 19 40
45 82 45 78 80 82
44 72 44 72
21 48 21 29 48
40 82 40 44 64 80 82
40 74 40 45 56 62 65 74
49 74 49 74
43 62 43 62
17 39 17 34 39
33 76 33 58 76
34 85 34 39 60 64 85
43 72 43 47 66 72
3 49 3 8 12 21 29 35 49
6 38 6 8 38
29 85 29 35 55 60 64 85
48 65 48 65
12 83 12 47 74 83
36 64 36 60 64
45 83 45 56 64 65 74 83
30 73 30 31 49 73
34 71 34 39 61 71
40 79 40 44 64 65 79
18 39 18 25 28 39
16 39 16 34 39
14 81 14 38 63 81
7 42 7 42
5 36 5 7 36
57 79 57 64 65 79
17 56 17 29 56
53 79 53 56 64 65 79
50 60 50 52 60
58 84 58 67 78 84
41 77 41 61 71 77
19 86 19 58 60 64 80 82 86
28 58 28 37 58
16 49 16 30 31 49
4 59 4 26 41 59
19 40 19 40
11 30 11 30
26 41 26 41
28 58 28 37 58
0 44 0 20 25 40 44
41 89 41 70 89
53 64 53 57 60 64
0 48 0 28 48
2 61 2 30 31 49 52 61
58 87 58 77 87
11 38 11 38
51 79 51 62 65 79
53 68 53 57 68
18 40 18 25 40
20 38 20 25 28 38
2 45 2 32 45
24 89 24 43 47 74 89
38 77 38 56 57 71 77
14 51 14 24 36 51
22 56 22 45 56
6 31 6 13 30 31
5 88 5 7 42 46 68 88
41 89 41 59 64 65 74 89
24 39 24 34 39
8 55 8 29 35 55
36 71 36 41 61 71
37 89 37 66 72 89
52 65 52 60 64 65
37 81 37 81
17 66 17 34 66
59 89 59 74 89
5 51 5 7 9 15 51
40 73 40 44 73
42 86 42 72 86
54 71 54 58 67 71
22 52 22 35 49 52
11 46 11 17 42 46
26 65 26 39 62 65
47 87 47 65 87
32 66 32 45 56 57 66
34 60 34 39 60
40 89 40 64 65 74 89
56 77 56 61 71 77
41 64 41 46 64
20 57 20 25 53 57
44 76 44 76
28 53 28 53
16 88 16 30 31 49 52 88
50 82 50 80 82
11 53 11 17 53
11 31 11 30 31
6 35 6 8 12 29 35
23 57 23 29 56 57
20 53 20 25 53
51 77 51 61 71 77
15 53 15 28 53
36 81 36 43 70 81
49 67 49 67
0 44 0 10 22 44
12 76 12 50 52 60 64 76
27 59 27 41 59
0 48 0 8 12 18 25 28 48
45 77 45 71 77
5 50 5 7 9 50
58 74 58 60 64 65 74
47 70 47 70
3 61 3 20 33 58 61
13 66 13 31 37 66
2 49 2 35 49
40 66 40 45 56 57 66
14 34 14 24 34
51 61 51 61
2 54 2 13 42 54
26 59 26 41 59
59 80 59 64 80
13 49 13 30 31 49
31 63 31 63
34 85 34 39 60 64 85
2 39 2 39
28 60 28 52 60
38 64 38 58 60 64
40 79 40 44 64 65 79
44 73 44 73
26 72 26 39 63 66 72
32 87 32 64 65 87
28 80 28 38 51 78 80
10 37 10 18 25 28 37
12 50 12 50
33 77 33 66 77
22 67 22 35 49 67
56 68 56 57 68
37 66 37 66
38 70 38 56 57 70
46 85 46 85
14 63 14 40 45 56 63
14 57 14 24 40 45 56 57
47 81 47 70 81
17 37 17 29 37
41 73 41 58 73
58 78 58 67 78
29 86 29 37 71 86
52 83 52 60 64 65 74 83
25 76 25 40 44 64 76
9 85 9 15 39 60 64 85
7 49 7 23 25 31 49
20 58 20 31 37 58
27 41 27 41
1 50 1 50
48 79 48 65 79
46 79 46 65 79
57 71 57 66 71
49 79 49 73 79
30 64 30 56 57 64
33 70 33 70
52 80 52 60 64 80
23 81 23 37 81
3 49 3 20 49
55 73 55 60 73
29 80 29 48 78 80
10 51 10 18 25 28 38 51
55 89 55 72 89
47 72 47 66 72
6 57 6 24 40 45 56 57
17 40 17 40
34 71 34 66 71
0 45 0 28 45
12 49 12 18 32 49
20 85 20 57 64 85
1 30 1 30
11 87 11 43 68 80 82 87
10 38 10 22 38
12 54 12 42 54
43 82 43 47 80 82
9 45 9 40 45
20 60 20 33 58 60
16 46 16 36 41 46
34 65 34 39 65
59 72 59 72
34 85 34 39 60 64 85
40 75 40 64 65 74 75
16 30 16 30
48 70 48 70
30 84 30 56 57 78 84
15 39 15 28 34 39
12 33 12 18 25 33
20 37 20 37
25 33 25 33
59 79 59 64 65 79
33 84 33 58 67 78 84
1 39 1 32 34 39
20 77 20 25 31 37 66 71 77
3 56 3 8 29 56
37 77 37 66 71 77
24 84 24 34 78 84
23 46 23 29 36 41 46
19 75 19 54 58 60 64 65 74 75
53 80 53 56 57 60 64 80
23 34 23 25 28 34
33 73 33 58 73
5 51 5 7 36 51
56 83 56 60 64 65 74 83
48 86 48 63 66 71 86
12 51 12 21 29 36 51
27 77 27 47 66 77
22 55 22 55
31 87 31 78 80 82 87
44 79 44 73 79
27 48 27 48
43 72 43 47 66 72
18 69 18 54 58 69
1 40 1 14 24 40
11 37 11 17 29 37
18 54 18 42 54
34 80 34 78 80
38 81 38 56 63 81
39 79 39 62 65 79
55 65 55 62 65
13 80 13 47 80
8 53 8 12 18 53
34 83 34 39 74 83
9 40 9 40
42 60 42 54 58 60
17 56 17 40 45 56
48 71 48 63 66 71
51 86 51 82 86
30 79 30 65 79
29 71 29 56 61 71
52 74 52 60 64 65 74
58 71 58 61 71
22 45 22 45
40 76 40 45 56 60 64 76
56 62 56 62
38 85 38 58 60 64 85
21 46 21 32 42 46
0 68 0 27 35 68
9 80 9 39 80
13 63 13 39 63
10 38 10 18 25 28 38
47 80 47 80
27 58 27 58
35 74 35 55 60 64 65 74
38 70 38 56 57 70
32 70 32 34 39 70
34 73 34 39 60 73
12 45 12 28 45
18 37 18 37
13 75 13 39 65 74 75
23 45 23 25 40 45
25 62 25 53 56 62
9 44 9 40 44
15 43 15 43
57 88 57 68 88
20 39 20 25 28 39
35 73 35 55 60 73
38 88 38 51 88
15 47 15 43 47
2 49 2 13 31 49
53 87 53 87
6 42 6 8 12 42
19 70 19 32 34 39 70
27 76 27 52 60 64 76
57 78 57 78
49 88 49 52 88
23 31 23 25 31
56 71 56 61 71
19 33 19 33
37 86 37 66 72 86
28 53 28 53
39 79 39 65 79
7 67 7 42 54 58 67
34 70 34 39 70
19 46 19 42 46
10 41 10 18 36 41
50 65 50 52 60 64 65
14 44 14 40 44
40 62 40 45 56 62
14 59 14 24 36 41 59
32 60 32 58 60
45 66 45 56 57 66
45 69 45 56 57 69
36 67 36 41 58 67
35 61 35 49 52 61
9 82 9 40 80 82
58 83 58 60 64 65 74 83
57 78 57 78
11 52 11 52
18 74 18 52 60 64 65 74
18 44 18 25 40 44
33 81 33 70 81
53 88 53 57 88
30 79 30 31 49 79
37 64 37 58 60 64
1 76 1 44 76
3 51 3 20 25 28 38 51
2 30 2 13 30
1 59 1 14 59
35 81 35 55 81
6 49 6 24 35 49
8 37 8 12 21 29 37
58 74 58 60 64 65 74
7 71 7 23 35 49 52 61 71
33 72 33 43 47 66 72
33 78 33 58 67 78
21 63 21 56 63
6 58 6 24 42 54 58
46 78 46 78
3 31 3 20 31
42 79 42 54 62 65 79
49 72 49 66 72
40 74 40 64 65 74
22 60 22 55 60
20 37 20 37
41 72 41 72
20 88 20 49 52 88
30 80 30 80
4 44 4 19 44
36 88 36 51 88
30 89 30 70 89
0 31 0 20 25 31
56 89 56 60 64 65 74 89
58 89 58 60 64 65 74 89
10 76 10 53 57 64 76
28 80 28 53 57 60 64 80
46 86 46 78 80 82 86
57 80 57 64 80
28 45 28 45
20 74 20 57 60 64 65 74
4 45 4 19 40 45
15 74 15 41 62 65 74
58 87 58 61 71 77 87
4 61 4 45 56 61
57 79 57 60 64 65 79
48 83 48 74 83
56 86 56 63 66 71 86
18 46 18 36 41 46
37 75 37 58 60 64 65 74 75
26 66 26 34 39 63 66
9 58 9 33 58
0 56 0 28 53 56
3 41 3 36 41
12 55 12 29 35 55
30 87 30 31 68 80 82 87
42 64 42 54 58 60 64
13 52 13 30 31 49 52
51 84 51 78 84
14 81 14 38 63 81
31 61 31 37 58 61
38 85 38 56 85
44 86 44 72 86
23 67 23 35 49 67
4 48 4 26 48
25 51 25 51
10 36 10 18 36
41 75 41 65 74 75
44 76 44 76
21 46 21 32 42 46
51 74 51 65 74
40 86 40 80 82 86
1 56 1 30 56
13 73 13 56 73
6 43 6 8 12 18 25 33 43
44 79 44 73 79
42 83 42 46 64 65 74 83
59 87 59 64 80 82 87
41 72 41 72
24 73 24 55 60 73
3 50 3 8 12 18 50
23 44 23 25 40 44
50 83 50 65 74 83
5 37 5 7 23 37
32 79 32 58 73 79
7 85 7 36 41 46 64 85
58 82 58 67 78 80 82
23 53 23 25 53
15 56 15 38 56
11 88 11 36 41 46 68 88
44 75 44 64 65 74 75
1 31 1 30 31
14 88 14 24 36 41 68 88
58 85 58 60 64 85
20 53 20 25 28 53
8 49 8 29 35 49
24 56 24 40 45 56
20 80 20 49 52 60 64 80
22 85 22 55 85
53 84 53 56 57 84
42 74 42 54 62 65 74
24 57 24 40 45 56 57
18 41 18 36 41
34 62 34 39 62
51 82 51 80 82
25 40 25 40
15 38 15 28 38
24 34 24 34
14 51 14 24 36 51
50 61 50 52 61
16 74 16 43 62 65 74
37 73 37 58 73
57 72 57 66 72
17 47 17 29 43 47
3 58 3 20 31 37 58
14 55 14 24 35 55
48 83 48 74 83
9 72 9 47 66 72
21 49 21 32 49
26 46 26 41 46
2 37 2 30 31 37
17 78 17 29 48 78
37 82 37 82
5 32 5 32
19 63 19 42 63
34 82 34 78 80 82
42 79 42 54 58 60 73 79
15 48 15 28 48
42 75 42 60 64 65 74 75
47 86 47 66 72 86
0 88 0 35 68 88
4 56 4 56
18 87 18 32 71 87
4 74 4 34 65 74
18 84 18 59 78 84
17 35 17 29 35
17 37 17 29 37
22 33 22 33
36 79 36 41 65 79
32 72 32 42 63 66 72
42 71 42 61 71
34 70 34 39 70
0 34 0 10 34
23 87 23 25 40 44 73 87
7 41 7 9 15 41
4 77 4 19 54 58 77
18 70 18 50 70
29 77 29 43 61 71 77
50 72 50 66 72
49 86 49 86
1 53 1 14 53
17 43 17 29 36 43
20 66 20 40 45 66
21 63 21 34 39 63
19 49 19 32 49
9 54 9 54
34 65 34 39 65
49 88 49 52 88
36 75 36 60 64 65 74 75
5 42 5 32 42
4 61 4 54 58 61
6 86 6 38 51 61 71 86
41 76 41 76
14 80 14 42 68 80
50 61 50 52 61
41 73 41 58 60 73
53 76 53 63 76
22 33 22 33
8 36 8 12 18 36
10 63 10 48 63
46 85 46 64 85
46 62 46 62
41 84 41 78 84
6 80 6 13 31 68 80
15 82 15 51 78 80 82
34 87 34 77 87
23 34 23 25 28 34
34 85 34 39 60 64 85
34 62 34 39 62
34 76 34 39 60 64 76
31 65 31 37 58 60 64 65
57 80 57 68 80
12 87 12 47 80 82 87
17 72 17 34 39 63 66 72
24 52 24 35 49 52
28 77 28 57 71 77
0 42 0 10 18 42
7 47 7 36 43 47
34 81 34 39 63 81
2 53 2 53
50 60 50 52 60
19 49 19 32 49
38 71 38 51 71
40 65 40 45 56 64 65
22 38 22 38
0 49 0 27 35 49
20 86 20 59 72 86
3 48 3 9 15 28 48
26 89 26 47 74 89
32 75 32 75
24 36 24 36
27 47 27 47
20 33 20 33
45 73 45 56 60 73
12 59 12 29 36 41 59
17 76 17 29 43 47 76
28 68 28 45 56 57 68
13 57 13 56 57
14 64 14 53 57 60 64
53 74 53 57 64 65 74
10 54 10 18 54
35 78 35 49 78
35 79 35 49 79
57 64 57 64
29 65 29 36 62 65
49 85 49 60 64 85
12 51 12 28 38 51
1 38 1 14 38
28 74 28 53 74
19 85 19 58 60 64 85
19 49 19 32 49
37 85 37 58 60 64 85
33 87 33 66 77 87
39 86 39 82 86
1 78 1 14 42 78
27 88 27 52 88
17 48 17 29 48
41 77 41 61 71 77
26 89 26 57 68 89
22 85 22 38 58 60 64 85
41 85 41 59 64 85
42 74 42 46 62 65 74
46 62 46 62
8 38 8 12 18 25 28 38
33 88 33 88
26 46 26 41 46
36 80 36 80
25 87 25 33 43 61 71 87
59 76 59 64 76
55 60 55 60
43 71 43 47 66 71
34 76 34 39 60 64 76
11 46 11 36 41 46
31 84 31 49 78 84
5 71 5 57 71
42 84 42 78 84
48 74 48 65 74
24 41 24 36 41
0 35 0 35
21 43 21 29 36 43
53 74 53 74
50 73 50 52 60 73
43 82 43 68 80 82
41 79 41 62 65 79
11 61 11 38 58 61
27 39 27 39
14 58 14 24 36 41 58
36 71 36 41 61 71
39 64 39 60 64
12 41 12 29 36 41
24 82 24 35 80 82
10 36 10 18 36
45 87 45 56 62 65 87
36 68 36 41 46 68
43 71 43 47 66 71
18 52 18 32 49 52
24 45 24 40 45
18 52 18 49 52
41 67 41 58 67
16 80 16 52 80
0 61 0 20 33 43 61
15 84 15 38 58 67 78 84
8 32 8 12 18 32
16 84 16 34 78 84
10 36 10 18 36
28 53 28 53
2 78 2 13 30 56 57 78
7 55 7 35 55
12 46 12 21 29 36 41 46
12 40 12 18 25 40
11 30 11 30
5 31 5 7 23 25 31
12 33 12 18 25 33
5 35 5 7 23 35
30 73 30 31 37 58 60 73
27 49 27 35 49
42 69 42 54 58 69
30 69 30 56 57 69
35 75 35 49 75
52 60 52 60
23 35 23 35
7 58 7 42 54 58
21 87 21 55 60 73 87
55 80 55 60 64 80
8 50 8 12 50
22 38 22 38
45 65 45 56 64 65
27 39 27 39
1 72 1 55 72
53 78 53 57 78
12 67 12 28 37 58 67
58 67 58 67
22 77 22 35 71 77
36 67 36 41 58 67
29 51 29 36 51
32 83 32 42 60 64 65 74 83
18 60 18 54 58 60
57 64 57 64
40 75 40 44 74 75
6 41 6 8 29 36 41
1 38 1 14 38
2 56 2 53 56
3 57 3 8 29 56 57
10 42 10 18 32 42
50 86 50 52 86
53 84 53 57 84
59 79 59 64 65 79
35 77 35 49 67 77
45 88 45 56 57 68 88
16 58 16 36 41 58
49 73 49 73
7 57 7 9 56 57
5 79 5 52 60 73 79
1 31 1 30 31
23 48 23 29 48
12 84 12 21 58 67 78 84
27 67 27 49 67
19 62 19 55 62
25 52 25 28 52
43 72 43 47 66 72
25 73 25 31 49 60 73
9 61 9 54 58 61
17 88 17 40 45 56 57 88
22 58 22 38 58
14 36 14 24 36
3 51 3 36 51
21 35 21 29 35
51 62 51 62
23 67 23 29 37 58 67
20 70 20 40 45 56 57 70
27 55 27 35 55
2 49 2 30 31 49
18 73 18 49 52 60 73
57 74 57 64 65 74
38 76 38 56 60 64 76
8 52 8 12 29 35 49 52
1 84 1 58 67 78 84
45 79 45 56 57 64 65 79
29 37 29 37
12 58 12 21 58
22 46 22 46
36 78 36 51 78
56 76 56 60 64 76
0 47 0 20 25 43 47
31 79 31 73 79
53 71 53 56 63 66 71
33 85 33 58 60 64 85
19 55 19 55
13 80 13 30 31 37 58 67 80
7 72 7 23 25 57 66 72
41 73 41 58 73
53 63 53 56 63
54 69 54 58 69
40 84 40 45 78 84
1 76 1 50 76
52 71 52 61 71
58 69 58 69
24 52 24 35 49 52
11 82 11 43 82
20 81 20 33 70 81
9 48 9 15 28 48
34 64 34 39 60 64
56 63 56 63
29 79 29 56 60 73 79
0 64 0 50 52 60 64
42 65 42 60 64 65
36 83 36 60 64 65 74 83
25 58 25 33 58
32 64 32 58 60 64
39 66 39 63 66
8 79 8 38 56 62 65 79
20 44 20 40 44
47 87 47 80 82 87
38 76 38 58 76
33 83 33 43 62 65 74 83
15 75 15 39 62 65 74 75
0 40 0 10 18 25 40
5 51 5 7 36 51
41 78 41 58 67 78
10 71 10 50 52 61 71
12 60 12 29 35 55 60
33 69 33 58 69
57 65 57 64 65
41 77 41 58 61 71 77
17 66 17 42 63 66
29 43 29 36 43
16 69 16 40 45 56 57 69
1 52 1 14 24 35 49 52
1 35 1 14 24 35
17 74 17 55 62 65 74
23 70 23 25 33 70
33 64 33 58 60 64
44 86 44 86
20 56 20 25 53 56
38 86 38 51 82 86
11 88 11 38 51 88
41 79 41 59 64 65 79
5 69 5 32 45 56 57 69
55 64 55 60 64
17 41 17 29 36 41
38 84 38 56 78 84
54 83 54 62 65 74 83
0 40 0 8 12 18 25 40
42 64 42 60 64
42 67 42 54 58 67
4 46 4 19 42 46
54 89 54 62 65 74 89
30 67 30 31 49 67
36 71 36 51 71
3 57 3 20 25 57
21 52 21 29 35 49 52
14 45 14 40 45
57 77 57 71 77
4 43 4 29 43
25 67 25 33 58 67
8 37 8 12 21 29 37
41 68 41 46 68
14 82 14 45 56 57 78 80 82
7 54 7 9 54
16 57 16 40 45 56 57
41 71 41 61 71
4 89 4 56 64 65 74 89
23 87 23 52 80 82 87
16 85 16 59 85
14 59 14 59
30 72 30 31 63 66 72
35 84 35 49 67 78 84
43 74 43 62 65 74
2 38 2 38
4 34 4 19 32 34
28 53 28 53
54 85 54 85
20 69 20 37 58 69
50 65 50 62 65
19 60 19 45 56 60
54 74 54 58 60 64 65 74
14 82 14 38 58 60 64 80 82
51 77 51 77
9 50 9 50
37 89 37 72 89
4 59 4 29 36 41 59
1 48 1 17 29 48
53 68 53 57 68
34 75 34 65 74 75
58 71 58 67 71
36 76 36 60 64 76
9 41 9 15 41
18 79 18 54 58 60 73 79
17 63 17 40 45 56 63
19 40 19 40
41 86 41 46 80 82 86
44 80 44 64 80
41 75 41 46 74 75
4 85 4 21 34 39 60 64 85
6 78 6 24 34 78
30 68 30 31 68
32 81 32 42 63 81
56 76 56 57 60 64 76
9 46 9 15 41 46
2 80 2 50 80
4 52 4 21 32 49 52
9 54 9 54
7 48 7 9 15 28 48
18 47 18 47
3 53 3 14 53
49 87 49 73 87
8 60 8 29 37 58 60
12 75 12 57 60 64 65 74 75
8 46 8 41 46
24 87 24 34 66 77 87
5 53 5 7 53
13 80 13 30 31 68 80
12 39 12 18 34 39
29 84 29 48 78 84
33 84 33 58 67 78 84
50 65 50 65
6 46 6 24 42 46
28 86 28 47 66 71 86
40 88 40 45 56 57 68 88
46 64 46 64
32 76 32 59 64 76
55 79 55 62 65 79
25 31 25 31
26 59 26 41 59
8 59 8 41 59
12 86 12 47 80 82 86
29 60 29 57 60
56 88 56 57 88
12 83 12 21 57 60 64 65 74 83
45 68 45 56 57 68
41 84 41 58 67 78 84
51 80 51 80
12 33 12 18 33
26 86 26 48 78 86
0 54 0 10 18 32 42 54
18 37 18 37
4 59 4 26 41 59
23 36 23 29 36
33 84 33 58 67 78 84
44 85 44 64 85
6 67 6 13 30 31 37 58 67
5 34 5 32 34
11 84 11 17 40 78 84
13 73 13 30 56 57 60 73
7 43 7 9 33 43
44 73 44 73
34 60 34 39 60
8 68 8 38 68
15 61 15 28 34 39 61
49 89 49 74 89
9 51 9 38 51
46 83 46 64 65 74 83
25 34 25 28 34
26 72 26 39 63 66 72
1 74 1 51 65 74
37 87 37 71 87
31 70 31 70
45 65 45 56 57 60 64 65
24 51 24 36 51
1 36 1 14 24 36
6 49 6 24 35 49
29 43 29 36 43
54 87 54 62 65 87
12 52 12 50 52
2 61 2 35 49 52 61
3 70 3 40 45 70
4 41 4 29 36 41
22 45 22 45
40 76 40 44 64 76
49 74 49 52 60 64 65 74
1 46 1 32 42 46
51 77 51 77
0 58 0 36 41 58
5 50 5 7 9 50
23 88 23 52 88
4 47 4 26 47
30 77 30 31 49 66 77
1 34 1 17 34
20 34 20 25 28 34
15 63 15 28 34 39 63
26 72 26 57 66 72
26 75 26 41 62 65 74 75
3 52 3 8 29 35 49 52
56 85 56 60 64 85
42 84 42 46 78 84
20 81 20 33 43 70 81
18 39 18 25 28 39
45 73 45 56 60 73
2 57 2 32 45 56 57
11 48 11 17 29 48
10 55 10 22 35 55
11 42 11 17 42
3 54 3 14 42 54
6 68 6 38 56 57 68
15 38 15 38
3 48 3 8 29 48
3 71 3 8 47 66 71
7 74 7 9 56 57 60 64 65 74
19 78 19 58 67 78
8 43 8 29 36 43
56 68 56 57 68
52 89 52 60 73 89
21 82 21 34 78 80 82
46 62 46 62
8 33 8 12 18 25 33
7 40 7 23 25 40
52 75 52 60 64 65 74 75
30 61 30 31 61
31 68 31 68
35 61 35 49 52 61
9 60 9 37 58 60
56 74 56 62 65 74
12 32 12 18 32
50 66 50 66
0 52 0 27 52
17 69 17 53 56 57 69
46 87 46 78 80 82 87
5 70 5 34 39 70
35 88 35 68 88
2 72 2 49 66 72
23 52 23 35 49 52
58 61 58 61
46 75 46 64 65 74 75
58 71 58 67 71
8 46 8 12 42 46
40 80 40 45 56 57 60 64 80
2 56 2 53 56
25 43 25 43
50 73 50 52 60 73
21 56 21 56
22 73 22 57 60 73
16 75 16 50 52 75
17 62 17 34 39 62
52 87 52 80 82 87
17 77 17 42 61 71 77
51 80 51 78 80
13 63 13 31 63
8 50 8 12 50
4 74 4 55 60 64 65 74
51 74 51 65 74
7 74 7 41 58 60 64 65 74
53 72 53 63 66 72
22 69 22 45 56 57 69
27 77 27 41 61 71 77
55 85 55 85
27 48 27 48
35 62 35 49 62
42 62 42 46 62
2 68 2 32 45 56 57 68
21 58 21 58
10 49 10 18 32 49
1 35 1 14 24 35
10 56 10 22 38 56
7 36 7 23 29 36
11 54 11 17 42 54
26 80 26 55 60 64 80
46 74 46 64 65 74
46 80 46 78 80
25 61 25 33 58 61
29 84 29 36 51 84
7 55 7 35 55
14 70 14 53 57 70
7 51 7 36 51
40 72 40 66 72
0 57 0 28 45 56 57
31 84 31 49 67 78 84
29 84 29 35 49 78 84
5 40 5 7 23 25 40
45 81 45 81
40 71 40 71
14 84 14 40 78 84
36 64 36 41 58 60 64
1 36 1 14 24 36
18 52 18 50 52
56 61 56 61
22 51 22 38 51
12 83 12 50 62 65 74 83
17 65 17 55 62 65
7 56 7 53 56
26 47 26 47
23 55 23 35 55
20 77 20 49 52 61 71 77
25 58 25 28 37 58
4 44 4 19 44
38 66 38 56 63 66
47 65 47 65
39 83 39 65 74 83
42 88 42 68 88
13 42 13 42
20 44 20 40 44
0 32 0 8 12 18 32
9 44 9 15 44
2 88 2 56 57 88
27 71 27 49 66 71
32 76 32 64 76
23 45 23 25 28 45
17 54 17 42 54
34 76 34 39 63 76
6 41 6 8 41
2 32 2 32
6 37 6 13 30 31 37
2 71 2 30 31 37 66 71
15 37 15 28 37
53 89 53 57 89
8 51 8 12 21 29 36 51
35 84 35 49 84
41 75 41 58 60 64 65 74 75
33 86 33 43 61 71 86
8 60 8 41 58 60
15 43 15 43
44 74 44 74
29 52 29 35 49 52
38 69 38 58 69
28 52 28 52
28 58 28 38 58
35 77 35 49 67 71 77
4 34 4 21 32 34
5 40 5 7 23 25 40
18 79 18 32 49 73 79
3 59 3 36 41 59
50 60 50 52 60
6 58 6 13 42 54 58
26 41 26 41
29 55 29 35 55
23 60 23 35 55 60
31 88 31 49 88
11 76 11 35 55 60 64 76
29 72 29 35 49 66 72
11 60 11 38 58 60
12 47 12 29 43 47
56 85 56 85
45 74 45 56 65 74
1 88 1 30 56 57 68 88
3 62 3 54 62
53 62 53 56 62
19 78 19 58 67 78
37 60 37 58 60
18 57 18 25 53 56 57
6 43 6 24 43
8 54 8 12 42 54
49 72 49 66 72
6 51 6 51
0 39 0 10 18 34 39
5 40 5 7 9 40
5 54 5 7 9 54
3 46 3 20 41 46
51 80 51 78 80
2 50 2 50
22 53 22 53
57 78 57 78
10 45 10 18 25 40 45
50 79 50 65 79
32 63 32 45 56 63
50 74 50 52 60 64 65 74
17 79 17 42 54 62 65 79
42 62 42 46 62
8 82 8 54 80 82
43 82 43 82
41 78 41 58 67 78
36 77 36 41 61 71 77
30 68 30 31 68
4 73 4 55 60 73
1 77 1 17 40 45 56 57 66 77
12 52 12 21 32 49 52
11 37 11 37
45 81 45 56 63 81
54 65 54 62 65
45 63 45 56 63
56 82 56 64 80 82
28 83 28 57 64 65 74 83
6 54 6 13 42 54
31 70 31 70
20 38 20 25 28 38
4 51 4 29 36 51
49 82 49 67 78 80 82
2 77 2 13 42 54 67 77
16 51 16 36 51
19 56 19 40 45 56
27 48 27 48
11 30 11 30
50 80 50 80
56 85 56 85
19 55 19 55
4 58 4 33 58
18 78 18 59 78
59 80 59 64 80
24 46 24 42 46
45 66 45 66
16 82 16 43 82
40 82 40 45 78 80 82
25 39 25 28 34 39
21 69 21 51 69
42 82 42 46 80 82
38 69 38 58 69
8 59 8 41 59
33 72 33 43 47 66 72
9 88 9 40 45 56 57 88
5 81 5 39 70 81
25 65 25 33 43 47 65
49 83 49 74 83
35 80 35 49 67 78 80
35 79 35 49 60 64 65 79
19 58 19 54 58
12 32 12 21 32
8 43 8 29 36 43
16 56 16 30 56
57 86 57 64 80 82 86
46 89 46 65 74 89
21 86 21 55 72 86
40 73 40 45 56 73
42 69 42 54 58 69
15 56 15 28 45 56
6 60 6 13 42 54 58 60
6 73 6 13 39 60 73
39 86 39 82 86
50 75 50 62 65 74 75
22 35 22 35
7 33 7 23 25 33
27 70 27 39 70
8 57 8 38 56 57
0 51 0 10 22 38 51
53 61 53 61
54 83 54 62 65 74 83
31 84 31 37 58 67 78 84
21 54 21 32 42 54
38 72 38 72
3 84 3 9 33 58 67 78 84
26 73 26 34 39 60 73
1 53 1 17 53
29 67 29 35 49 67
57 74 57 60 64 65 74
25 40 25 40
56 68 56 57 68
16 51 16 36 51
43 66 43 47 66
57 60 57 60
5 34 5 34
7 71 7 9 39 63 66 71
49 67 49 67
51 80 51 78 80
12 54 12 21 32 42 54
34 79 34 39 65 79
47 76 47 76
5 56 5 7 45 56
43 80 43 68 80
31 83 31 49 62 65 74 83
7 57 7 23 25 28 57
31 61 31 37 58 61
20 80 20 33 58 67 78 80
7 55 7 23 29 35 55
12 40 12 18 25 40
45 85 45 56 64 85
17 40 17 40
10 50 10 50
33 88 33 43 68 88
22 46 22 46
29 66 29 57 66
56 88 56 57 88
2 54 2 32 42 54
36 88 36 51 88
16 59 16 36 41 59
5 43 5 7 9 33 43
14 77 14 38 58 61 71 77
54 65 54 58 60 64 65
13 76 13 30 56 60 64 76
33 88 33 88
36 73 36 41 58 60 73
23 46 23 29 36 41 46
25 64 25 28 38 56 57 60 64
37 77 37 71 77
47 83 47 65 74 83
19 39 19 32 34 39
32 82 32 45 56 57 60 64 80 82
52 75 52 60 64 65 74 75
3 44 3 14 40 44
29 35 29 35
31 71 31 61 71
7 75 7 58 60 64 65 74 75
51 61 51 61
22 80 22 35 80
38 67 38 58 67
57 82 57 78 80 82
12 43 12 21 29 43
50 64 50 52 60 64
4 43 4 19 33 43
27 49 27 35 49
30 83 30 56 60 64 65 74 83
19 39 19 32 34 39
17 82 17 42 46 78 80 82
34 65 34 39 60 64 65
30 60 30 56 57 60
45 81 45 56 81
27 59 27 41 59
29 51 29 36 51
22 52 22 35 49 52
6 52 6 13 30 31 49 52
45 73 45 56 73
24 47 24 43 47
39 62 39 62
57 76 57 64 76
22 44 22 44
12 34 12 18 32 34
2 67 2 30 31 37 58 67
10 60 10 53 57 60
53 81 53 57 81
5 38 5 7 23 25 28 38
45 82 45 78 80 82
21 41 21 29 36 41
20 37 20 31 37
8 80 8 12 42 80
24 75 24 47 65 74 75
24 43 24 36 43
6 54 6 24 42 54
0 70 0 27 47 70
10 39 10 34 39
9 80 9 38 68 80
21 57 21 56 57
8 80 8 38 51 78 80
5 74 5 57 64 65 74
4 44 4 19 44
17 40 17 40
32 72 32 34 66 72
22 47 22 43 47
36 89 36 41 58 67 89
8 72 8 37 72
1 40 1 17 40
37 79 37 58 73 79
1 37 1 17 29 37
56 87 56 60 73 87
11 63 11 38 56 63
23 77 23 25 40 45 66 71 77
48 84 48 78 84
12 72 12 29 35 55 72
17 55 17 29 35 55
18 52 18 49 52
24 35 24 35
40 84 40 45 56 57 78 84
13 52 13 31 49 52
39 81 39 63 81
3 48 3 8 29 48
12 33 12 18 25 33
16 56 16 30 56
25 33 25 33
25 44 25 40 44
32 62 32 45 56 62
7 78 7 23 25 28 48 78
38 80 38 58 60 64 80
15 37 15 28 37
3 55 3 8 12 29 35 55
15 41 15 41
52 71 52 61 71
48 75 48 62 65 74 75
43 69 43 69
9 79 9 15 41 62 65 79
10 62 10 49 62
21 56 21 32 45 56
6 40 6 8 12 18 25 40
1 83 1 30 56 64 65 74 83
8 41 8 29 36 41
43 88 43 68 88
16 30 16 30
20 75 20 31 37 58 60 64 65 74 75
52 75 52 75
31 75 31 37 58 75
16 77 16 50 66 77
19 77 19 58 61 71 77
33 81 33 70 81
18 59 18 59
7 49 7 35 49
0 48 0 27 48
25 57 25 28 57
26 74 26 48 65 74
9 71 9 47 66 71
3 42 3 14 24 42
14 36 14 24 36
15 51 15 51
23 69 23 39 69
35 71 35 49 67 71
16 56 16 30 56
53 80 53 56 78 80
43 65 43 62 65
38 68 38 56 57 68
24 41 24 36 41
13 49 13 31 49
2 34 2 32 34
15 52 15 28 52
11 86 11 43 82 86
10 46 10 22 46
16 86 16 34 78 86
14 41 14 24 36 41
12 36 12 18 36
35 68 35 68
5 46 5 7 36 41 46
16 45 16 40 45
3 56 3 40 45 56
29 74 29 43 47 74
3 40 3 8 12 18 25 40
20 47 20 43 47
6 31 6 8 12 18 25 31
24 45 24 40 45
23 79 23 37 58 73 79
15 51 15 38 51
24 46 24 42 46
20 86 20 43 68 86
8 53 8 12 28 53
41 89 41 74 89
19 54 19 54
13 30 13 30
56 69 56 57 69
30 89 30 70 89
24 55 24 55
8 42 8 12 21 32 42
12 38 12 28 38
10 85 10 33 58 60 64 85
0 54 0 10 18 54
41 82 41 68 80 82
10 63 10 22 45 56 63
45 88 45 56 57 68 88
5 50 5 7 9 50
15 37 15 28 37
53 63 53 63
49 64 49 60 64
17 47 17 29 36 43 47
51 82 51 82
4 45 4 19 32 45
41 78 41 59 78
20 31 20 25 31
16 59 16 59
48 84 48 78 84
7 57 7 9 15 28 57
38 73 38 56 57 60 73
10 51 10 22 38 51
14 52 14 24 35 49 52
5 74 5 34 39 74
12 50 12 50
14 77 14 38 51 71 77
58 82 58 67 80 82
57 80 57 68 80
1 40 1 17 40
9 67 9 15 41 58 67
49 80 49 78 80
11 84 11 41 58 67 78 84
59 65 59 64 65
25 64 25 28 38 56 57 64
34 75 34 39 62 65 74 75
48 84 48 78 84
54 65 54 62 65
10 58 10 18 32 42 54 58
28 69 28 57 69
33 71 33 66 71
12 49 12 18 49
47 74 47 74
12 46 12 29 36 41 46
41 82 41 59 64 80 82
18 53 18 53
51 86 51 78 80 82 86
7 75 7 53 56 62 65 74 75
0 82 0 50 52 80 82
25 37 25 31 37
36 69 36 43 69
9 54 9 54
23 38 23 25 28 38
16 39 16 34 39
0 43 0 20 33 43
38 81 38 63 81
58 60 58 60
2 32 2 32
5 55 5 7 35 55
53 63 53 56 63
30 62 30 56 62
7 57 7 23 29 57
37 60 37 58 60
22 45 22 45
8 39 8 39
44 86 44 64 80 82 86
34 84 34 78 84
2 49 2 32 49
15 44 15 44
8 45 8 12 21 32 45
20 75 20 49 62 65 74 75
15 47 15 28 47
3 81 3 34 81
23 53 23 25 28 53
45 69 45 56 57 69
20 34 20 25 28 34
0 50 0 2 50
37 78 37 58 67 78
14 80 14 53 57 64 80
5 49 5 7 35 49
12 32 12 18 32
3 46 3 14 24 42 46
10 42 10 18 42
4 86 4 54 58 60 64 80 82 86
45 60 45 56 60
3 37 3 8 29 37
15 56 15 45 56
22 60 22 55 60
28 78 28 45 78
3 79 3 36 62 65 79
0 51 0 2 38 51
12 37 12 18 37
53 81 53 56 57 81
56 66 56 57 66
42 63 42 63
37 72 37 66 72
18 81 18 36 41 70 81
30 83 30 56 62 65 74 83
16 37 16 30 31 37
13 86 13 42 72 86
25 39 25 28 39
45 81 45 56 81
12 55 12 29 35 55
45 80 45 78 80
11 49 11 30 31 49
4 59 4 26 41 59
12 56 12 21 32 45 56
50 89 50 66 72 89
37 86 37 72 86
38 74 38 56 62 65 74
42 66 42 63 66
53 64 53 57 60 64
1 62 1 30 31 49 62
1 89 1 51 62 65 74 89
56 84 56 84
23 44 23 25 40 44
1 52 1 17 29 35 49 52
54 74 54 58 60 64 65 74
18 41 18 36 41
28 83 28 52 60 64 65 74 83
15 53 15 28 53
36 68 36 41 46 68
45 86 45 78 80 82 86
25 33 25 33
8 50 8 12 50
28 76 28 38 56 64 76
49 65 49 60 64 65
38 79 38 51 79
2 54 2 32 42 54
10 51 10 22 38 51
6 59 6 41 59
14 61 14 42 54 58 61
33 60 33 58 60
56 80 56 57 64 80
39 64 39 60 64
14 84 14 59 78 84
28 73 28 37 58 73
9 59 9 15 59
57 79 57 64 65 79
19 44 19 44
3 43 3 20 25 33 43
3 38 3 9 15 38
10 73 10 33 58 73
26 85 26 34 39 60 64 85
21 78 21 32 67 78
5 53 5 7 53
25 40 25 40
14 40 14 24 40
16 44 16 40 44
37 66 37 66
55 87 55 62 65 87
52 74 52 60 64 65 74
15 56 15 28 53 56
33 78 33 58 67 78
3 56 3 20 40 45 56
41 60 41 58 60
28 56 28 45 56
6 48 6 8 29 48
49 82 49 78 80 82
16 36 16 36
20 43 20 25 33 43
49 67 49 67
49 73 49 60 73
54 85 54 85
26 59 26 41 59
1 89 1 30 70 89
4 62 4 34 39 62
46 64 46 64
4 42 4 42
45 79 45 56 73 79
52 61 52 61
2 82 2 32 59 78 80 82
31 81 31 63 81
20 31 20 25 31
7 42 7 42
18 34 18 34
46 74 46 74
36 77 36 77
38 74 38 56 60 64 65 74
19 72 19 44 72
5 82 5 52 60 64 80 82
13 66 13 56 57 66
10 35 10 22 35
49 75 49 52 60 64 65 74 75
35 77 35 71 77
5 33 5 7 9 33
49 80 49 78 80
30 81 30 56 81
25 67 25 33 58 67
4 33 4 33
16 57 16 30 56 57
11 40 11 17 40
19 42 19 32 42
15 45 15 28 45
40 62 40 45 56 62
13 69 13 56 57 69
0 64 0 39 60 64
41 88 41 88
0 59 0 36 41 59
11 42 11 17 42
32 70 32 34 39 70
20 38 20 25 28 38
43 68 43 68
47 80 47 80
39 61 39 61
2 52 2 49 52
51 74 51 65 74
5 55 5 7 23 35 55
51 65 51 65
0 87 0 10 22 44 73 87
12 37 12 18 25 31 37
2 70 2 53 57 70
48 81 48 70 81
49 74 49 52 60 64 65 74
2 32 2 32
3 42 3 14 24 42
2 50 2 50
12 48 12 29 48
32 64 32 45 56 57 64
32 72 32 45 56 63 66 72
18 43 18 36 43
0 30 0 2 30
23 52 23 52
2 73 2 56 73
0 38 0 10 18 25 28 38
45 84 45 78 84
24 42 24 42
25 44 25 40 44
38 68 38 56 57 68
45 60 45 56 60
8 77 8 38 56 57 66 77
24 56 24 40 45 56
6 42 6 24 42
3 31 3 8 12 18 25 31
27 72 27 49 66 72
0 52 0 50 52
10 47 10 18 33 43 47
34 86 34 78 86
30 74 30 56 64 65 74
2 49 2 32 49
29 58 29 37 58
16 44 16 40 44
32 81 32 45 81
16 45 16 40 45
35 85 35 64 85
40 76 40 45 56 60 64 76
38 66 38 63 66
1 37 1 30 31 37
32 73 32 34 39 60 73
18 74 18 54 58 60 64 65 74
59 88 59 88
9 59 9 15 41 59
21 58 21 58
14 42 14 24 42
23 81 23 29 35 70 81
11 35 11 35
28 80 28 53 56 78 80
29 59 29 36 41 59
14 75 14 52 60 64 65 74 75
47 87 47 80 82 87
42 69 42 54 58 69
8 74 8 38 51 65 74
14 56 14 24 40 45 56
26 48 26 48
48 86 48 78 80 82 86
53 76 53 56 64 76
16 50 16 50
0 31 0 10 18 25 31
43 70 43 70
0 79 0 56 79
18 76 18 50 76
31 73 31 49 60 73
9 65 9 50 52 60 64 65
5 49 5 7 35 49
41 89 41 62 65 74 89
37 87 37 82 87
21 81 21 29 48 81
40 88 40 45 56 57 68 88
18 60 18 49 60
13 39 13 39
1 73 1 44 73
36 77 36 41 58 77
53 83 53 74 83
43 82 43 82
32 75 32 75
50 75 50 52 75
11 59 11 17 29 36 41 59
55 82 55 60 64 80 82
15 75 15 41 58 60 64 65 74 75
24 85 24 42 46 85
14 47 14 43 47
11 70 11 41 70
1 37 1 17 29 37
5 41 5 7 41
11 40 11 17 40
58 82 58 60 64 80 82
16 45 16 40 45
55 89 55 72 89
55 86 55 60 64 80 82 86
20 57 20 25 57
46 82 46 78 80 82
6 39 6 24 34 39
9 58 9 15 38 58
32 76 32 58 60 64 76
45 86 45 86
17 60 17 55 60
7 36 7 36
52 73 52 60 73
23 57 23 25 57
4 45 4 21 32 45
13 37 13 30 31 37
53 60 53 57 60
56 68 56 57 68
35 61 35 49 52 61
37 61 37 58 61
29 86 29 37 66 71 86
31 63 31 63
23 87 23 39 61 71 87
36 69 36 51 69
4 88 4 51 88
52 85 52 60 64 85
33 76 33 43 47 76
39 70 39 70
24 55 24 55
48 70 48 70
25 38 25 28 38
13 68 13 42 46 68
3 66 3 43 47 66
22 87 22 57 64 65 87
41 78 41 59 78
3 73 3 9 39 60 73
9 56 9 40 45 56
25 68 25 40 45 56 57 68
11 51 11 17 51
11 58 11 58
43 75 43 62 65 74 75
25 77 25 52 61 71 77
28 53 28 53
1 57 1 17 40 45 56 57
6 55 6 8 29 35 55
24 56 24 40 45 56
20 59 20 41 59
21 64 21 34 39 60 64
2 32 2 32
11 55 11 17 29 35 55
56 61 56 61
54 84 54 58 67 78 84
34 73 34 39 60 73
22 58 22 38 58
51 79 51 79
10 49 10 49
30 72 30 56 57 66 72
18 47 18 47
31 64 31 49 52 60 64
3 39 3 34 39
8 33 8 12 18 33
21 51 21 51
5 46 5 7 41 46
31 76 31 37 58 76
31 64 31 49 60 64
0 52 0 13 31 49 52
23 71 23 39 63 66 71
5 52 5 32 49 52
52 86 52 86
54 73 54 58 60 73
53 78 53 56 78
43 88 43 68 88
18 73 18 32 42 60 73
9 48 9 15 28 48
57 65 57 64 65
18 73 18 52 60 73
59 85 59 85
1 76 1 30 31 37 58 76
24 40 24 40
51 74 51 62 65 74
12 47 12 28 47
13 42 13 42
2 58 2 38 58
2 49 2 32 49
32 73 32 58 73
16 40 16 40
48 74 48 65 74
1 54 1 14 54
33 82 33 43 82
7 57 7 53 56 57
28 76 28 47 76
57 84 57 78 84
30 85 30 31 49 60 64 85
0 59 0 2 32 59
0 49 0 2 49
32 87 32 59 78 80 82 87
50 73 50 52 60 73
31 69 31 37 58 69
42 85 42 46 64 85
14 36 14 24 36
59 88 59 88
3 44 3 40 44
52 74 52 60 64 65 74
10 52 10 49 52
16 51 16 36 51
14 43 14 24 43
2 67 2 41 58 67
58 78 58 67 78
29 89 29 36 51 62 65 74 89
13 49 13 31 49
10 70 10 50 70
23 89 23 25 33 43 47 66 72 89
58 79 58 60 64 65 79
33 86 33 43 68 86
1 85 1 32 58 60 64 85
0 36 0 8 29 36
1 60 1 58 60
12 60 12 28 39 60
11 52 11 35 49 52
6 49 6 8 29 35 49
19 45 19 45
41 62 41 46 62
9 34 9 15 28 34
33 69 33 58 69
46 89 46 62 65 74 89
12 58 12 18 32 58
1 43 1 17 29 36 43
42 71 42 54 61 71
1 41 1 17 29 36 41
14 35 14 24 35
0 88 0 20 33 88
10 52 10 50 52
23 35 23 29 35
22 47 22 43 47
53 74 53 74
9 41 9 15 41
43 87 43 47 66 77 87
6 77 6 38 63 66 71 77
46 84 46 78 84
16 44 16 40 44
30 61 30 56 61
25 56 25 53 56
11 45 11 17 40 45
6 66 6 13 30 56 57 66
20 38 20 25 28 38
26 57 26 57
37 61 37 58 61
13 49 13 30 31 49
23 46 23 29 36 41 46
56 72 56 63 66 72
3 69 3 36 43 69
20 39 20 25 28 39
16 31 16 30 31
57 88 57 88
2 41 2 41
42 74 42 46 65 74
1 85 1 44 64 85
43 72 43 47 66 72
40 87 40 44 73 87
5 56 5 7 23 29 56
23 57 23 25 57
36 78 36 51 78
21 84 21 57 84
1 46 1 14 42 46
31 77 31 77
58 60 58 60
42 82 42 60 64 80 82
1 47 1 17 29 36 43 47
44 80 44 64 80
43 89 43 70 89
58 74 58 60 64 65 74
34 72 34 39 63 66 72
8 67 8 37 58 67
32 78 32 49 67 78
12 39 12 21 34 39
14 49 14 24 35 49
14 45 14 24 40 45
38 84 38 51 84
59 86 59 72 86
1 37 1 17 29 37
13 58 13 31 37 58
6 34 6 8 12 21 32 34
44 82 44 64 80 82
10 35 10 22 35
36 72 36 43 47 66 72
12 82 12 44 64 80 82
10 51 10 22 38 51
1 72 1 50 66 72
12 55 12 21 29 35 55
14 45 14 45
38 84 38 51 78 84
13 76 13 30 76
17 51 17 51
23 51 23 25 28 38 51
21 88 21 51 88
45 79 45 56 60 64 65 79
15 44 15 44
0 44 0 40 44
3 66 3 36 43 47 66
0 35 0 27 35
0 57 0 20 57
6 37 6 8 12 18 25 31 37
9 52 9 15 28 52
1 49 1 14 24 35 49
56 80 56 78 80
55 80 55 60 64 80
1 30 1 30
50 66 50 66
45 69 45 56 57 69
36 74 36 51 65 74
44 82 44 64 80 82
4 36 4 21 29 36
8 57 8 38 56 57
40 89 40 66 72 89
39 85 39 60 64 85
49 88 49 88
24 51 24 36 51
5 33 5 7 23 25 33
29 56 29 56
50 73 50 52 60 73
59 83 59 64 65 74 83
35 80 35 49 60 64 80
36 80 36 60 64 80
11 30 11 30
58 67 58 67
45 85 45 56 64 85
1 46 1 32 42 46
12 42 12 21 32 42
39 73 39 60 73
16 59 16 59
31 67 31 49 67
6 41 6 24 36 41
18 46 18 42 46
28 80 28 57 68 80
40 66 40 45 56 63 66
30 63 30 56 63
14 53 14 53
1 69 1 17 29 37 69
21 55 21 29 35 55
37 82 37 58 67 80 82
34 83 34 83
7 51 7 36 51
57 83 57 60 64 65 74 83
1 44 1 17 40 44
4 84 4 34 78 84
2 47 2 13 47
36 64 36 41 59 64
24 36 24 36
4 51 4 51
43 76 43 47 76
15 34 15 28 34
10 69 10 22 45 56 57 69
37 69 37 69
59 88 59 88
42 75 42 75
19 44 19 40 44
21 87 21 34 78 80 82 87
14 59 14 59
7 74 7 35 64 65 74
12 56 12 21 29 56
31 75 31 37 58 75
34 74 34 65 74
8 31 8 12 18 25 31
52 75 52 60 64 65 74 75
15 45 15 28 45
35 68 35 68
53 81 53 57 81
14 49 14 24 35 49
18 58 18 33 58
28 63 28 48 63
15 53 15 28 53
53 69 53 57 69
7 42 7 42
23 81 23 39 63 81
34 87 34 78 80 82 87
20 44 20 25 40 44
39 81 39 70 81
8 58 8 38 58
8 57 8 29 56 57
24 54 24 42 54
18 76 18 54 58 60 64 76
5 53 5 7 23 25 28 53
25 40 25 40
27 39 27 39
12 59 12 21 29 36 41 59
56 74 56 64 65 74
9 54 9 54
27 79 27 58 60 73 79
3 50 3 9 50
6 61 6 34 39 61
53 65 53 57 64 65
4 36 4 21 29 36
12 36 12 18 36
12 34 12 18 25 28 34
17 39 17 34 39
2 58 2 38 58
9 75 9 33 43 47 65 74 75
15 69 15 28 34 39 69
27 37 27 37
18 59 18 36 41 59
18 74 18 47 74
35 66 35 49 66
4 56 4 56
22 77 22 38 51 61 71 77
38 63 38 56 63
4 45 4 21 32 45
3 31 3 8 12 18 25 31
23 65 23 39 60 64 65
6 44 6 24 40 44
58 73 58 73
33 76 33 43 47 76
13 80 13 42 60 64 80
33 62 33 43 62
49 64 49 52 60 64
39 69 39 69
42 85 42 60 64 85
9 66 9 50 66
36 83 36 51 62 65 74 83
18 50 18 50
59 72 59 72
11 45 11 17 40 45
5 40 5 7 9 40
2 79 2 49 79
16 41 16 36 41
37 80 37 58 67 78 80
44 82 44 64 80 82
20 53 20 25 53
22 78 22 57 78
0 69 0 41 58 69
41 79 41 62 65 79
20 33 20 25 33
42 74 42 54 58 60 64 65 74
11 48 11 17 29 48
47 65 47 65
39 87 39 65 87
7 67 7 9 15 38 58 67
19 79 19 33 43 62 65 79
5 79 5 52 60 73 79
48 89 48 70 89
1 56 1 14 40 45 56
9 46 9 15 41 46
10 56 10 22 38 56
16 58 16 36 41 58
54 60 54 58 60
49 82 49 78 80 82
53 70 53 56 57 70
56 78 56 78
18 32 18 32
5 54 5 32 42 54
3 44 3 8 12 44
11 84 11 38 51 84
19 82 19 55 60 64 80 82
54 82 54 80 82
42 77 42 61 71 77
37 77 37 58 61 71 77
3 36 3 14 24 36
57 69 57 69
6 48 6 8 12 18 25 28 48
49 78 49 78
49 61 49 52 61
24 71 24 35 49 67 71
9 75 9 38 56 65 74 75
33 70 33 70
24 39 24 34 39
54 84 54 67 78 84
46 79 46 64 65 79
0 53 0 2 53
6 57 6 13 56 57
5 46 5 7 23 29 36 41 46
17 45 17 40 45
36 61 36 51 61
2 72 2 49 66 72
8 45 8 12 21 32 45
23 37 23 25 28 37
42 86 42 61 71 86
36 76 36 43 47 76
10 44 10 18 25 40 44
7 55 7 23 35 55
17 56 17 53 56
12 89 12 21 55 62 65 74 89
8 55 8 12 21 29 35 55
4 48 4 21 29 48
10 46 10 18 32 42 46
30 67 30 31 49 67
1 55 1 14 24 55
35 60 35 55 60
14 44 14 40 44
18 32 18 32
46 87 46 65 87
27 65 27 49 60 64 65
34 69 34 39 69
48 75 48 74 75
1 87 1 50 80 82 87
0 45 0 10 18 32 45
10 42 10 18 32 42
6 46 6 13 42 46
52 64 52 60 64
59 75 59 64 65 74 75
29 58 29 36 41 58
57 89 57 68 89
21 86 21 55 72 86
29 87 29 48 63 66 71 87
12 72 12 28 38 63 66 72
7 59 7 9 15 41 59
29 52 29 35 49 52
5 31 5 7 23 25 31
13 49 13 31 49
53 64 53 57 60 64
24 82 24 43 47 80 82
2 53 2 53
37 80 37 58 80
27 71 27 58 61 71
16 36 16 36
34 75 34 39 65 74 75
5 83 5 52 60 64 65 74 83
45 60 45 56 60
28 48 28 48
4 58 4 33 58
45 65 45 56 64 65
43 87 43 87
12 58 12 29 37 58
41 77 41 58 61 71 77
19 56 19 45 56
51 74 51 62 65 74
19 39 19 32 34 39
14 52 14 52
22 35 22 35
25 43 25 43
54 74 54 62 65 74
19 46 19 42 46
40 61 40 45 56 61
20 53 20 25 53
3 53 3 20 25 53
13 37 13 30 31 37
9 54 9 54
11 48 11 17 29 48
7 41 7 36 41
32 75 32 59 74 75
18 65 18 37 58 60 64 65
21 85 21 51 85
51 65 51 62 65
49 79 49 62 65 79
3 52 3 8 12 18 32 49 52
23 70 23 29 57 70
22 56 22 45 56
22 58 22 33 58
48 63 48 63
42 84 42 78 84
45 83 45 56 57 64 65 74 83
52 87 52 77 87
49 89 49 52 60 64 65 74 89
43 62 43 62
15 70 15 43 70
3 51 3 14 24 36 51
30 73 30 31 73
21 81 21 56 63 81
49 79 49 60 73 79
3 56 3 45 56
12 55 12 29 35 55
9 34 9 15 28 34
31 82 31 37 58 80 82
14 70 14 53 57 70
46 85 46 64 85
16 77 16 30 56 57 66 77
12 54 12 21 32 42 54
9 82 9 38 68 80 82
2 39 2 39
3 80 3 20 41 58 67 80
58 65 58 60 64 65
36 83 36 60 64 65 74 83
37 78 37 58 67 78
40 77 40 66 71 77
31 79 31 79
14 79 14 42 46 64 65 79
45 62 45 56 62
9 84 9 38 51 84
16 41 16 36 41
7 40 7 23 25 40
49 88 49 88
8 55 8 29 35 55
52 74 52 60 64 65 74
14 42 14 42
35 86 35 80 82 86
5 76 5 39 60 64 76
42 84 42 78 84
21 87 21 32 71 87
33 66 33 66
11 63 11 17 53 56 63
58 80 58 80
52 74 52 60 64 65 74
4 32 4 21 32
1 51 1 14 38 51
45 71 45 56 61 71
17 40 17 40
10 33 10 22 33
37 87 37 58 60 73 87
24 82 24 36 51 80 82
10 48 10 18 25 28 48
13 65 13 31 49 60 64 65
44 83 44 74 83
41 60 41 58 60
27 46 27 46
25 45 25 28 45
12 41 12 21 29 36 41
7 78 7 42 54 67 78
51 79 51 65 79
7 35 7 35
7 34 7 23 25 28 34
31 69 31 37 69
29 41 29 36 41
50 81 50 70 81
23 75 23 52 75
3 48 3 20 25 28 48
5 49 5 7 23 29 35 49
5 35 5 7 23 29 35
36 86 36 80 82 86
21 34 21 34
21 56 21 56
12 33 12 18 33
17 72 17 40 66 72
21 66 21 32 42 63 66
43 66 43 47 66
0 46 0 20 41 46
51 71 51 71
53 77 53 56 57 77
34 71 34 39 63 66 71
13 37 13 30 31 37
20 34 20 25 28 34
59 87 59 78 80 82 87
31 83 31 37 58 60 64 65 74 83
49 76 49 60 64 76
56 81 56 57 81
29 55 29 35 55
7 55 7 23 35 55
4 44 4 19 44
37 77 37 66 77
29 70 29 35 70
57 87 57 60 73 87
1 83 1 44 74 83
27 55 27 35 55
1 39 1 14 34 39
21 70 21 29 36 41 70
34 64 34 39 60 64
51 85 51 85
45 87 45 66 87
37 86 37 66 72 86
16 50 16 50
55 79 55 79
21 55 21 55
31 62 31 49 62
52 87 52 80 82 87
20 73 20 31 73
33 70 33 70
58 65 58 60 64 65
35 82 35 68 80 82
45 62 45 56 62
56 75 56 60 64 65 74 75
45 63 45 56 63
26 34 26 34
14 35 14 24 35
39 87 39 62 65 87
54 73 54 58 60 73
27 41 27 41
11 31 11 30 31
15 80 15 51 78 80
25 48 25 28 48
14 46 14 24 36 41 46
41 76 41 76
47 86 47 80 82 86
24 42 24 42
22 56 22 45 56
9 68 9 15 43 68
10 40 10 18 25 40
25 44 25 40 44
21 76 21 58 76
37 73 37 58 73
18 33 18 33
53 88 53 57 68 88
38 73 38 58 73
11 31 11 30 31
50 89 50 66 72 89
34 76 34 39 60 64 76
22 35 22 35
8 46 8 12 18 36 41 46
22 56 22 53 56
17 54 17 42 54
19 72 19 33 43 47 66 72
32 75 32 64 65 74 75
1 41 1 14 24 36 41
24 79 24 40 45 56 60 64 65 79
34 74 34 65 74
28 51 28 38 51
1 82 1 55 60 64 80 82
42 86 42 61 71 86
20 72 20 33 66 72
31 67 31 49 67
14 52 14 24 35 49 52
34 66 34 39 63 66
37 83 37 58 60 64 65 74 83
13 63 13 31 63
15 78 15 45 56 57 78
14 42 14 42
48 86 48 78 80 82 86
28 60 28 52 60
38 63 38 63
6 52 6 50 52
28 45 28 45
32 89 32 59 72 89
8 77 8 29 37 71 77
25 65 25 51 65
33 61 33 43 61
16 67 16 30 31 49 67
53 84 53 56 57 78 84
20 59 20 41 59
11 38 11 38
21 52 21 32 49 52
50 89 50 70 89
38 71 38 51 71
12 39 12 21 32 34 39
43 68 43 68
57 60 57 60
57 88 57 68 88
21 66 21 34 39 63 66
18 50 18 50
41 74 41 62 65 74
16 68 16 40 45 56 57 68
58 82 58 80 82
6 68 6 41 46 68
5 51 5 7 23 25 28 38 51
2 42 2 13 42
5 54 5 32 42 54
39 62 39 62
24 79 24 43 62 65 79
34 66 34 39 63 66
41 89 41 65 74 89
29 64 29 56 57 64
58 89 58 60 64 65 74 89
6 71 6 41 61 71
41 70 41 70
18 56 18 53 56
27 79 27 39 60 64 65 79
0 46 0 41 46
4 87 4 33 66 71 77 87
23 83 23 35 55 65 74 83
1 40 1 14 24 40
29 52 29 35 49 52
44 64 44 64
54 76 54 58 76
21 36 21 29 36
25 44 25 40 44
2 34 2 32 34
8 56 8 29 56
2 59 2 32 59
27 65 27 58 60 64 65
19 77 19 58 67 77
42 87 42 46 64 65 87
42 74 42 54 62 65 74
7 62 7 23 39 62
35 62 35 55 62
16 82 16 52 60 64 80 82
1 77 1 32 67 71 77
6 30 6 13 30
12 65 12 28 48 65
8 34 8 12 18 32 34
7 46 7 42 46
50 80 50 52 80
33 71 33 66 71
26 47 26 47
47 89 47 70 89
32 72 32 59 72
21 41 21 29 36 41
27 46 27 46
40 65 40 64 65
10 55 10 22 55
23 69 23 39 69
22 49 22 49
54 71 54 58 61 71
1 88 1 51 88
24 46 24 36 41 46
14 75 14 53 57 75
17 53 17 53
22 77 22 35 71 77
37 65 37 58 60 64 65
53 61 53 56 61
53 84 53 57 78 84
23 48 23 29 48
54 62 54 62
55 60 55 60
11 47 11 43 47
39 74 39 62 65 74
25 85 25 31 49 60 64 85
39 60 39 60
40 64 40 45 56 60 64
25 63 25 31 63
34 66 34 66
41 87 41 65 87
6 67 6 13 42 54 67
6 56 6 8 38 56
37 87 37 87
25 33 25 33
1 37 1 17 29 37
49 71 49 67 71
56 76 56 60 64 76
24 66 24 36 43 47 66
24 35 24 35
3 34 3 20 25 28 34
21 63 21 29 48 63
13 83 13 56 57 64 65 74 83
25 63 25 28 39 63
46 68 46 68
49 62 49 62
18 56 18 25 28 38 56
28 48 28 48
15 53 15 28 53
33 62 33 43 62
39 66 39 63 66
21 35 21 29 35
39 76 39 63 76
15 63 15 45 56 63
24 70 24 36 43 47 70
13 67 13 30 31 49 67
33 81 33 43 70 81
49 74 49 74
45 77 45 66 71 77
50 61 50 52 61
11 38 11 38
49 66 49 66
25 53 25 53
42 87 42 63 66 87
16 52 16 50 52
17 81 17 34 39 63 81
17 58 17 42 54 58
16 36 16 36
11 53 11 17 53
16 58 16 36 41 58
30 64 30 56 57 60 64
45 70 45 56 57 70
15 59 15 59
20 51 20 25 51
49 60 49 52 60
26 57 26 57
9 59 9 15 59
1 37 1 17 29 37
30 83 30 31 37 58 60 64 65 74 83
48 62 48 62
36 85 36 41 59 64 85
8 56 8 38 56
53 66 53 56 57 66
3 52 3 9 15 52
39 65 39 65
40 88 40 45 56 57 68 88
34 65 34 39 65
22 71 22 52 61 71
17 54 17 42 54
4 37 4 21 29 37
10 56 10 22 53 56
28 71 28 38 51 71
3 82 3 9 15 39 82
39 71 39 63 66 71
46 89 46 64 65 74 89
18 48 18 25 28 48
41 88 41 59 88
7 83 7 9 50 62 65 74 83
27 37 27 37
54 74 54 62 65 74
37 82 37 58 60 64 80 82
14 34 14 34
7 36 7 23 29 36
33 71 33 43 47 66 71
38 60 38 58 60
22 86 22 44 64 80 82 86
31 76 31 49 52 60 64 76
36 85 36 51 85
11 57 11 38 56 57
3 45 3 40 45
7 77 7 53 63 66 71 77
6 39 6 13 39
4 46 4 42 46
26 62 26 34 39 62
24 70 24 34 39 70
47 83 47 74 83
25 40 25 40
2 46 2 41 46
0 39 0 27 39
55 65 55 65
0 79 0 52 60 73 79
11 66 11 17 40 45 56 57 66
57 74 57 64 65 74
46 85 46 85
50 83 50 62 65 74 83
38 60 38 58 60
5 53 5 7 53
56 82 56 78 80 82
1 30 1 30
49 71 49 66 71
9 73 9 15 28 57 60 73
53 87 53 63 66 87
37 72 37 66 72
11 45 11 17 40 45
30 81 30 31 70 81
26 71 26 48 63 66 71
21 48 21 29 48
0 85 0 41 46 85
15 85 15 45 56 85
13 86 13 56 61 71 86
2 76 2 53 63 76
26 34 26 34
7 31 7 23 25 31
4 87 4 45 71 87
25 45 25 40 45
19 46 19 42 46
5 35 5 7 23 35
0 46 0 27 41 46
19 87 19 58 67 78 80 82 87
31 76 31 63 76
1 43 1 17 29 36 43
8 45 8 12 21 32 45
14 59 14 59
52 60 52 60
54 78 54 58 67 78
38 68 38 68
23 46 23 29 36 41 46
33 70 33 70
3 51 3 9 15 51
11 68 11 17 53 56 57 68
16 83 16 52 60 64 65 74 83
36 78 36 51 78
19 82 19 40 78 80 82
33 73 33 58 73
22 74 22 46 64 65 74
1 34 1 32 34
11 31 11 30 31
3 36 3 8 12 21 29 36
5 82 5 34 39 82
48 65 48 62 65
18 81 18 36 41 81
34 71 34 39 61 71
57 76 57 76
51 75 51 75
28 37 28 37
29 61 29 56 61
54 75 54 62 65 74 75
17 54 17 42 54
19 32 19 32
23 73 23 35 49 73
11 63 11 38 63
42 80 42 80
54 85 54 85
39 81 39 70 81
5 59 5 7 36 41 59
2 50 2 50
0 47 0 2 13 47
31 76 31 49 52 60 64 76
12 39 12 18 32 34 39
44 83 44 83
40 61 40 45 56 61
38 60 38 56 57 60
3 41 3 20 41
3 60 3 8 38 58 60
27 46 27 41 46
45 76 45 56 63 76
20 53 20 25 28 53
22 76 22 35 49 52 60 64 76
35 80 35 55 60 64 80
0 59 0 41 59
15 85 15 39 60 64 85
49 72 49 66 72
14 74 14 40 64 65 74
20 58 20 25 28 37 58
11 55 11 17 29 35 55
32 81 32 45 70 81
1 35 1 14 24 35
41 78 41 58 67 78
26 84 26 57 78 84
19 49 19 32 49
15 70 15 28 53 57 70
18 87 18 25 52 77 87
11 39 11 17 34 39
55 79 55 65 79
6 73 6 8 37 58 73
17 47 17 29 43 47
23 58 23 29 36 41 58
19 69 19 45 56 57 69
38 73 38 56 73
45 71 45 56 63 66 71
58 69 58 69
45 60 45 56 57 60
1 40 1 14 40
43 69 43 69
48 70 48 70
30 70 30 70
18 59 18 36 41 59
47 76 47 76
16 47 16 36 43 47
31 76 31 49 52 60 64 76
21 77 21 51 77
30 80 30 31 78 80
23 31 23 25 31
1 61 1 51 61
12 35 12 21 29 35
8 32 8 12 21 32
26 46 26 41 46
43 75 43 47 74 75
41 87 41 58 80 82 87
30 75 30 56 64 65 74 75
43 70 43 70
38 63 38 63
10 57 10 22 57
13 77 13 47 66 71 77
49 78 49 67 78
30 67 30 31 49 67
54 60 54 58 60
56 81 56 81
22 53 22 53
54 86 54 67 71 86
51 85 51 85
50 65 50 65
32 60 32 34 39 60
6 88 6 50 52 88
43 70 43 70
39 66 39 63 66
6 39 6 34 39
6 58 6 8 41 58
9 45 9 15 45
7 72 7 36 43 47 66 72
12 34 12 18 25 28 34
40 73 40 44 73
53 73 53 57 60 73
21 62 21 51 62
21 37 21 29 37
21 71 21 56 63 66 71
40 82 40 82
25 37 25 28 37
8 48 8 29 48
25 33 25 33
20 58 20 33 58
24 52 24 35 49 52
16 43 16 43
3 63 3 8 38 63
58 74 58 60 64 65 74
16 39 16 34 39
42 76 42 46 64 76
8 59 8 29 36 41 59
17 56 17 53 56
13 46 13 42 46
30 82 30 31 68 80 82
41 83 41 74 83
47 65 47 65
7 46 7 42 46
5 87 5 32 59 78 80 82 87
41 81 41 81
49 62 49 62
43 61 43 61
0 37 0 10 18 37
15 77 15 39 63 66 77
13 31 13 31
53 82 53 56 60 64 80 82
18 67 18 49 67
18 39 18 32 34 39
33 88 33 43 68 88
31 60 31 37 58 60
1 32 1 32
7 40 7 23 25 40
53 81 53 63 81
6 40 6 8 12 18 25 40
48 79 48 62 65 79
54 60 54 58 60
53 87 53 56 61 71 87
6 58 6 8 41 58
4 43 4 33 43
54 82 54 58 67 80 82
55 75 55 60 64 65 74 75
42 80 42 54 58 80
50 79 50 65 79
32 63 32 45 56 63
44 83 44 83
3 81 3 20 31 63 81
1 47 1 14 43 47
40 62 40 45 56 62
7 44 7 23 25 40 44
43 70 43 47 70
50 71 50 66 71
25 66 25 31 63 66
6 41 6 41
9 37 9 37
35 60 35 49 52 60
6 39 6 13 39
2 56 2 13 30 56
53 79 53 57 60 73 79
5 70 5 39 70
29 51 29 36 51
46 82 46 78 80 82
1 82 1 55 60 64 80 82
7 42 7 42
47 82 47 80 82
22 43 22 43
17 64 17 29 57 64
26 58 26 41 58
34 62 34 39 62
55 82 55 60 64 80 82
33 65 33 58 60 64 65
11 34 11 17 34
31 87 31 63 66 71 77 87
21 86 21 58 60 64 80 82 86
53 80 53 56 57 78 80
52 71 52 61 71
32 85 32 34 39 60 64 85
58 80 58 80
7 59 7 9 15 41 59
12 84 12 21 34 78 84
18 47 18 25 33 43 47
53 71 53 61 71
32 70 32 45 56 57 70
54 89 54 58 67 89
50 70 50 70
14 45 14 40 45
33 85 33 58 60 64 85
1 46 1 14 42 46
28 47 28 47
2 55 2 35 55
12 70 12 57 70
9 39 9 15 39
48 84 48 78 84
54 87 54 80 82 87
8 83 8 54 62 65 74 83
18 38 18 25 28 38
18 38 18 25 28 38
47 82 47 80 82
53 76 53 57 60 64 76
16 61 16 40 45 56 61
6 51 6 51
49 72 49 66 72
50 65 50 65
53 80 53 57 60 64 80
32 69 32 58 69
25 38 25 28 38
40 87 40 82 87
2 45 2 32 45
42 81 42 63 81
44 65 44 64 65
42 65 42 46 64 65
10 87 10 48 62 65 87
33 79 33 58 73 79
7 70 7 23 29 56 57 70
28 80 28 34 39 60 64 80
4 82 4 33 43 47 80 82
20 72 20 40 66 72
11 51 11 17 51
49 64 49 52 60 64
30 67 30 31 49 67
21 59 21 29 36 41 59
47 79 47 65 79
35 75 35 75
2 78 2 32 42 78
44 76 44 76
3 49 3 20 31 49
25 49 25 31 49
10 57 10 22 45 56 57
30 86 30 31 61 71 86
36 60 36 60
42 71 42 54 61 71
5 50 5 7 9 50
10 58 10 22 38 58
54 71 54 61 71
21 48 21 29 48
33 67 33 58 67
4 45 4 19 32 45
5 69 5 32 42 54 58 69
11 65 11 58 60 64 65
23 72 23 39 63 66 72
25 71 25 28 47 66 71
36 71 36 51 61 71
0 43 0 43
41 65 41 58 60 64 65
8 38 8 38
32 80 32 67 80
12 50 12 50
15 38 15 28 38
29 75 29 36 41 65 74 75
1 56 1 32 45 56
13 31 13 30 31
9 66 9 15 39 63 66
59 83 59 74 83
9 48 9 15 28 48
1 35 1 17 29 35
20 79 20 40 45 56 79
5 47 5 7 9 47
21 51 21 51
25 43 25 33 43
33 82 33 43 68 80 82
22 49 22 49
59 65 59 64 65
19 45 19 40 45
0 76 0 35 55 60 64 76
1 45 1 32 45
36 71 36 51 71
35 73 35 55 60 73
22 56 22 45 56
32 79 32 34 39 62 65 79
6 46 6 13 42 46
7 47 7 36 43 47
20 53 20 25 53
24 86 24 36 41 61 71 86
10 55 10 22 55
42 61 42 54 58 61
12 39 12 18 34 39
24 34 24 34
10 45 10 22 45
44 85 44 64 85
49 62 49 62
8 65 8 47 65
36 72 36 43 47 66 72
0 43 0 20 43
44 86 44 86
8 31 8 12 18 25 31
30 70 30 31 70
29 43 29 36 43
20 31 20 31
8 66 8 39 63 66
24 68 24 35 68
51 69 51 69
43 69 43 69
18 72 18 50 72
0 37 0 28 37
38 83 38 58 60 64 65 74 83
7 39 7 9 15 39
22 85 22 35 64 85
4 82 4 54 58 80 82
5 32 5 32
38 81 38 56 63 81
40 69 40 45 56 57 69
11 54 11 17 42 54
6 55 6 8 12 29 35 55
45 84 45 78 84
15 82 15 28 53 56 57 78 80 82
12 38 12 18 25 28 38
52 80 52 60 64 80
33 75 33 43 62 65 74 75
2 50 2 50
26 76 26 39 60 64 76
24 70 24 36 41 70
31 87 31 77 87
59 87 59 64 80 82 87
39 69 39 69
53 61 53 61
9 70 9 50 70
5 54 5 32 42 54
27 75 27 41 58 75
41 72 41 72
18 45 18 25 40 45
26 61 26 34 39 61
16 30 16 30
2 75 2 32 34 39 62 65 74 75
15 34 15 28 34
45 66 45 66
10 55 10 22 55
49 74 49 74
4 62 4 33 43 62
13 30 13 30
50 77 50 66 71 77
57 82 57 78 80 82
11 55 11 17 29 35 55
7 53 7 9 15 28 53
49 84 49 67 78 84
17 54 17 42 54
46 86 46 78 86
53 74 53 56 64 65 74
53 66 53 63 66
58 79 58 60 64 65 79
6 52 6 50 52
20 85 20 57 64 85
34 86 34 86
32 80 32 49 60 64 80
2 32 2 32
9 43 9 15 43
57 65 57 60 64 65
23 41 23 29 36 41
28 34 28 34
41 85 41 59 64 85
1 31 1 30 31
20 63 20 31 63
10 41 10 18 36 41
39 72 39 63 66 72
43 61 43 61
47 87 47 80 82 87
38 65 38 56 60 64 65
54 83 54 58 60 64 65 74 83
24 40 24 40
7 49 7 35 49
50 62 50 62
53 74 53 57 64 65 74
51 65 51 65
19 64 19 58 60 64
38 86 38 72 86
45 79 45 56 62 65 79
4 44 4 19 40 44
4 35 4 21 29 35
3 41 3 14 24 36 41
25 71 25 57 66 71
9 87 9 40 45 71 87
18 87 18 32 58 61 71 87
0 36 0 8 12 29 36
45 81 45 56 63 81
25 86 25 33 66 71 86
7 33 7 23 25 33
23 47 23 25 43 47
32 63 32 45 56 63
14 72 14 53 63 66 72
24 39 24 34 39
48 63 48 63
45 75 45 56 60 64 65 74 75
3 73 3 14 34 39 60 73
4 46 4 21 32 42 46
27 66 27 37 66
50 85 50 52 60 64 85
43 87 43 62 65 87
41 67 41 58 67
58 80 58 80
31 65 31 37 58 60 64 65
8 83 8 41 46 65 74 83
40 87 40 78 80 82 87
51 61 51 61
56 61 56 61
48 78 48 78
12 70 12 18 36 43 47 70
15 82 15 39 82
1 63 1 14 38 63
52 65 52 60 64 65
51 82 51 78 80 82
12 33 12 18 25 33
14 34 14 34
6 47 6 24 36 43 47
36 64 36 41 58 60 64
41 65 41 65
3 45 3 8 12 21 32 45
18 62 18 33 43 62
27 67 27 37 58 67
56 83 56 64 65 74 83
26 72 26 57 66 72
6 63 6 34 39 63
29 72 29 35 55 72
53 72 53 63 66 72
21 87 21 57 68 80 82 87
10 38 10 22 38
7 88 7 9 40 45 56 57 68 88
17 51 17 29 36 51
30 66 30 31 37 66
35 89 35 70 89
27 48 27 48
8 38 8 38
0 57 0 2 30 56 57
30 61 30 56 61
23 52 23 29 35 49 52
30 62 30 56 62
6 56 6 38 56
13 42 13 42
14 51 14 38 51
12 82 12 28 52 80 82
10 72 10 33 43 47 66 72
29 57 29 57
11 57 11 17 29 57
4 86 4 54 80 82 86
24 88 24 40 45 56 57 88
10 57 10 53 56 57
56 80 56 64 80
21 46 21 29 36 41 46
53 66 53 56 57 66
7 35 7 23 29 35
54 78 54 67 78
56 71 56 57 66 71
25 64 25 52 60 64
2 86 2 30 56 78 80 82 86
29 59 29 36 41 59
28 66 28 53 56 57 66
46 68 46 68
17 51 17 51
12 44 12 44
1 52 1 14 52
29 46 29 36 41 46
29 59 29 36 41 59
56 65 56 57 64 65
33 67 33 58 67
23 37 23 25 28 37
36 65 36 65
0 73 0 52 60 73
40 87 40 80 82 87
22 70 22 33 43 70
28 58 28 38 58
14 75 14 43 62 65 74 75
12 42 12 42
11 57 11 30 56 57
50 79 50 52 60 64 65 79
30 82 30 80 82
2 32 2 32
56 74 56 60 64 65 74
48 86 48 78 80 82 86
49 65 49 52 60 64 65
7 37 7 9 15 28 37
38 81 38 63 81
24 42 24 42
51 89 51 62 65 74 89
7 74 7 35 55 60 64 65 74
42 84 42 46 78 84
12 54 12 42 54
48 71 48 63 66 71
57 82 57 68 80 82
16 40 16 40
26 70 26 34 39 70
4 52 4 21 32 49 52
6 44 6 24 40 44
42 86 42 82 86
3 36 3 8 12 18 36
1 32 1 32
15 45 15 28 45
41 68 41 68
29 81 29 36 43 47 81
7 56 7 23 25 53 56
0 71 0 39 61 71
41 68 41 46 68
6 46 6 8 41 46
15 46 15 41 46
4 76 4 29 37 58 60 64 76
55 81 55 81
52 89 52 60 73 89
54 64 54 58 60 64
43 79 43 62 65 79
42 76 42 60 64 76
5 49 5 7 35 49
7 31 7 23 25 31
2 41 2 41
9 70 9 50 70
56 60 56 57 60
42 87 42 82 87
46 75 46 64 65 74 75
23 31 23 25 31
9 84 9 54 67 78 84
48 81 48 81
36 84 36 51 78 84
33 87 33 43 82 87
40 61 40 45 56 61
1 72 1 17 34 66 72
13 30 13 30
10 34 10 18 34
25 51 25 51
29 87 29 35 82 87
12 51 12 29 36 51
6 67 6 8 54 67
1 42 1 32 42
10 51 10 18 25 51
49 71 49 67 71
42 88 42 46 68 88
20 37 20 37
36 84 36 41 58 67 78 84
57 78 57 78
23 43 23 29 43
19 89 19 58 67 89
26 55 26 55
10 40 10 18 25 40
33 83 33 43 83
32 75 32 75
54 75 54 62 65 74 75
41 84 41 58 67 78 84
37 79 37 58 73 79
18 59 18 36 41 59
21 43 21 29 36 43
6 46 6 41 46
32 83 32 64 65 74 83
12 31 12 18 25 31
1 30 1 30
30 81 30 81
45 87 45 66 71 87
45 89 45 70 89
4 76 4 42 46 64 76
12 54 12 42 54
25 44 25 40 44
42 88 42 68 88
59 89 59 72 89
9 47 9 47
33 88 33 88
24 54 24 42 54
40 82 40 64 80 82
6 42 6 24 42
13 58 13 30 31 37 58
48 82 48 78 80 82
57 88 57 68 88
40 74 40 64 65 74
30 73 30 56 60 73
56 62 56 62
9 33 9 33
29 57 29 56 57
39 89 39 89
57 81 57 70 81
39 82 39 82
51 79 51 65 79
8 67 8 37 58 67
54 87 54 61 71 87
21 37 21 29 37
27 55 27 35 55
57 74 57 60 64 65 74
17 79 17 51 79
10 75 10 34 65 74 75
17 89 17 42 72 89
2 44 2 44
16 30 16 30
58 78 58 67 78
27 70 27 48 70
6 44 6 8 12 18 25 40 44
17 55 17 29 35 55
54 85 54 58 60 64 85
8 60 8 39 60
2 34 2 32 34
42 73 42 60 73
18 34 18 34
44 85 44 64 85
39 75 39 62 65 74 75
35 83 35 64 65 74 83
4 41 4 26 41
16 76 16 34 39 60 64 76
14 57 14 40 45 56 57
39 87 39 62 65 87
46 62 46 62
7 73 7 41 58 73
15 45 15 28 45
47 83 47 74 83
6 32 6 8 12 18 32
36 70 36 43 70
20 40 20 40
48 84 48 78 84
24 58 24 36 41 58
28 58 28 37 58
16 74 16 50 65 74
54 69 54 58 69
50 60 50 52 60
25 71 25 53 56 61 71
18 32 18 32
4 42 4 19 32 42
20 34 20 25 28 34
16 58 16 30 31 37 58
1 47 1 14 43 47
41 85 41 85
59 72 59 72
14 36 14 24 36
1 68 1 14 45 56 57 68
7 54 7 42 54
23 51 23 29 36 51
2 83 2 13 42 60 64 65 74 83
45 64 45 56 60 64
0 44 0 10 22 44
19 39 19 32 34 39
31 75 31 37 58 60 64 65 74 75
6 74 6 51 65 74
25 37 25 28 37
9 58 9 38 58
20 34 20 25 28 34
23 72 23 29 36 43 47 66 72
4 52 4 29 35 49 52
24 36 24 36
32 85 32 42 46 64 85
19 70 19 45 70
31 65 31 49 52 60 64 65
2 52 2 49 52
55 79 55 62 65 79
31 62 31 49 62
24 51 24 36 51
37 64 37 58 60 64
25 38 25 28 38
45 86 45 56 64 80 82 86
42 71 42 54 67 71
22 56 22 53 56
8 53 8 12 28 53
10 83 10 34 65 74 83
8 54 8 54
53 74 53 57 60 64 65 74
25 78 25 31 49 78
3 34 3 9 15 28 34
54 83 54 62 65 74 83
5 76 5 34 39 63 76
34 83 34 83
10 44 10 18 25 40 44
56 88 56 57 88
26 59 26 41 59
7 34 7 23 25 28 34
4 49 4 29 35 49
25 33 25 33
31 74 31 37 58 60 64 65 74
5 41 5 7 9 15 41
50 80 50 52 60 64 80
2 56 2 53 56
26 76 26 55 76
24 76 24 34 39 60 64 76
49 62 49 62
32 68 32 42 68
6 39 6 13 39
53 70 53 57 70
11 56 11 17 29 56
0 37 0 13 31 37
50 64 50 52 60 64
26 80 26 34 78 80
2 62 2 32 34 39 62
7 48 7 9 15 28 48
38 85 38 56 64 85
45 73 45 56 57 60 73
58 84 58 67 78 84
14 49 14 24 35 49
27 46 27 46
41 64 41 59 64
23 45 23 25 40 45
41 64 41 59 64
5 59 5 32 59
15 59 15 41 59
36 71 36 51 71
17 53 17 53
51 87 51 82 87
11 88 11 38 51 88
32 71 32 45 71
9 54 9 54
37 76 37 58 60 64 76
49 80 49 67 80
4 32 4 21 32
22 52 22 52
5 65 5 34 39 60 64 65
42 74 42 60 64 65 74
5 39 5 7 9 15 28 34 39
25 57 25 53 57
30 84 30 56 57 84
23 55 23 35 55
6 68 6 24 40 45 56 57 68
39 73 39 60 73
36 73 36 41 58 60 73
26 88 26 41 88
0 52 0 35 49 52
50 72 50 66 72
3 48 3 20 25 28 48
38 75 38 56 62 65 74 75
4 58 4 33 58
12 54 12 42 54
4 67 4 29 36 41 58 67
12 67 12 18 54 67
29 58 29 37 58
8 36 8 12 21 29 36
59 82 59 64 80 82
15 41 15 41
1 45 1 17 40 45
43 80 43 47 80
6 42 6 8 12 21 32 42
13 52 13 30 31 49 52
33 66 33 66
22 38 22 38
0 32 0 8 12 21 32
35 88 35 49 52 88
32 74 32 34 65 74
42 62 42 54 62
32 77 32 45 56 63 66 71 77
56 63 56 63
22 72 22 35 49 66 72
52 73 52 60 73
9 47 9 47
27 46 27 41 46
32 80 32 59 64 80
0 42 0 10 18 32 42
2 66 2 57 66
8 59 8 29 36 41 59
23 34 23 25 28 34
18 57 18 25 57
54 84 54 67 78 84
42 83 42 46 65 74 83
38 83 38 51 65 74 83
6 56 6 38 56
0 47 0 47
4 55 4 21 55
15 57 15 38 56 57
2 65 2 30 56 57 64 65
3 42 3 14 24 42
45 61 45 56 61
17 42 17 42
0 86 0 52 61 71 86
20 31 20 25 31
0 45 0 2 32 45
58 82 58 67 80 82
59 65 59 64 65
0 31 0 10 18 25 31
10 75 10 43 62 65 74 75
28 57 28 38 56 57
51 86 51 80 82 86
41 70 41 70
44 65 44 64 65
13 39 13 39
30 85 30 56 64 85
49 87 49 87
29 56 29 56
31 70 31 70
33 82 33 58 80 82
10 89 10 18 47 65 74 89
38 79 38 58 60 73 79
40 68 40 45 56 57 68
27 47 27 47
13 52 13 31 49 52
59 88 59 88
25 40 25 40
46 89 46 68 89
28 78 28 53 56 78
21 77 21 32 71 77
59 85 59 64 85
51 88 51 88
53 69 53 69
5 41 5 7 41
24 63 24 42 63
14 77 14 54 58 67 71 77
49 80 49 60 64 80
17 62 17 55 62
17 36 17 29 36
4 48 4 26 48
40 83 40 83
39 77 39 61 71 77
11 76 11 58 60 64 76
44 80 44 64 80
51 79 51 62 65 79
16 72 16 59 72
3 58 3 9 38 58
0 40 0 10 18 25 40
20 41 20 41
0 49 0 2 49
29 62 29 43 62
20 41 20 41
52 71 52 61 71
31 79 31 37 58 73 79
17 73 17 40 45 56 73
13 39 13 39
7 53 7 9 15 28 53
42 77 42 54 77
2 53 2 53
6 78 6 38 56 57 78
3 47 3 14 43 47
6 36 6 24 36
56 80 56 57 68 80
37 60 37 58 60
53 89 53 57 60 64 65 74 89
34 63 34 39 63
18 85 18 59 64 85
45 82 45 56 64 80 82
37 78 37 58 67 78
2 37 2 13 30 31 37
46 68 46 68
15 73 15 52 60 73
27 67 27 35 49 67
3 50 3 9 50
0 37 0 13 31 37
34 69 34 39 69
0 33 0 10 33
23 52 23 29 35 49 52
18 33 18 33
49 73 49 52 60 73
46 65 46 62 65
29 89 29 36 65 74 89
54 60 54 58 60
22 57 22 45 56 57
25 63 25 28 34 39 63
49 77 49 66 77
4 46 4 21 32 42 46
6 49 6 24 35 49
14 41 14 24 36 41
6 42 6 24 42
17 56 17 53 56
10 34 10 34
16 41 16 36 41
10 41 10 18 36 41
11 48 11 17 29 48
6 31 6 13 31
12 53 12 18 53
7 53 7 9 15 28 53
10 73 10 22 55 60 73
40 62 40 45 56 62
27 66 27 47 66
47 72 47 66 72
41 64 41 46 64
11 72 11 56 63 66 72
31 84 31 37 84
19 40 19 40
12 43 12 18 33 43
43 86 43 61 71 86
12 46 12 42 46
36 72 36 41 72
12 55 12 21 29 35 55
3 34 3 9 15 28 34
25 47 25 28 47
4 36 4 29 36
39 89 39 89
17 59 17 29 36 41 59
5 32 5 32
49 66 49 66
17 36 17 29 36
28 47 28 47
49 85 49 52 60 64 85
17 46 17 29 36 41 46
4 85 4 57 60 64 85
50 75 50 62 65 74 75
22 49 22 49
23 79 23 35 55 65 79
25 53 25 28 53
20 44 20 40 44
12 43 12 29 36 43
39 77 39 61 71 77
55 62 55 62
29 37 29 37
31 75 31 49 60 64 65 74 75
10 33 10 33
26 57 26 57
21 74 21 29 36 62 65 74
46 79 46 64 65 79
2 76 2 35 64 76
5 48 5 7 48
18 41 18 36 41
25 31 25 31
19 57 19 45 56 57
10 70 10 22 43 70
4 35 4 29 35
53 87 53 57 71 87
20 52 20 49 52
57 87 57 87
21 66 21 29 48 63 66
2 34 2 32 34
29 52 29 35 49 52
47 79 47 65 79
51 80 51 78 80
18 37 18 25 28 37
30 71 30 56 57 66 71
44 73 44 73
36 60 36 60
48 74 48 65 74
53 78 53 56 78
27 69 27 58 69
0 69 0 2 39 69
5 76 5 57 64 76
6 51 6 38 51
59 87 59 64 80 82 87
12 49 12 21 32 49
20 37 20 37
8 84 8 29 48 78 84
45 60 45 56 57 60
19 44 19 44
27 58 27 58
40 70 40 45 70
34 82 34 78 80 82
52 79 52 60 64 65 79
5 86 5 7 35 86
21 48 21 29 48
11 73 11 36 41 58 73
29 55 29 35 55
34 83 34 83
30 87 30 65 87
14 49 14 24 35 49
6 52 6 13 30 31 49 52
31 79 31 79
30 80 30 31 49 52 60 64 80
8 46 8 41 46
32 66 32 42 63 66
36 74 36 41 74
1 41 1 17 29 36 41
50 86 50 80 82 86
11 44 11 17 40 44
11 46 11 17 42 46
43 86 43 61 71 86
45 60 45 56 57 60
18 44 18 25 40 44
2 77 2 41 61 71 77
37 73 37 58 60 73
32 77 32 67 77
27 63 27 39 63
27 83 27 41 46 65 74 83
33 68 33 43 68
5 33 5 7 23 25 33
10 52 10 50 52
34 78 34 78
2 51 2 38 51
39 79 39 62 65 79
17 59 17 29 36 41 59
38 61 38 58 61
6 71 6 13 47 66 71
7 34 7 23 25 28 34
55 64 55 60 64
44 80 44 64 80
6 52 6 8 29 35 49 52
45 73 45 56 73
55 85 55 85
50 82 50 80 82
54 69 54 58 69
26 63 26 34 39 63
30 88 30 56 57 68 88
2 59 2 41 59
50 74 50 62 65 74
54 61 54 58 61
2 45 2 32 45
4 49 4 29 35 49
41 84 41 58 67 78 84
24 42 24 42
5 31 5 7 23 25 31
22 43 22 33 43
10 45 10 18 25 40 45
21 74 21 58 60 64 65 74
45 76 45 56 60 64 76
9 39 9 39
22 65 22 33 58 60 64 65
34 81 34 81
53 71 53 63 66 71
4 56 4 56
22 88 22 52 88
18 42 18 32 42
40 76 40 44 76
16 57 16 30 56 57
11 52 11 35 49 52
1 35 1 14 24 35
0 57 0 56 57
23 34 23 25 28 34
1 44 1 14 40 44
58 85 58 60 64 85
39 61 39 61
35 82 35 68 80 82
35 65 35 64 65
57 81 57 81
2 31 2 30 31
10 46 10 18 42 46
27 41 27 41
46 79 46 65 79
49 65 49 52 60 64 65
8 74 8 37 58 60 64 65 74
25 33 25 33
2 31 2 13 31
43 81 43 47 70 81
16 56 16 40 45 56
41 86 41 59 78 80 82 86
54 85 54 58 60 64 85
46 83 46 64 65 74 83
40 89 40 45 70 89
39 73 39 60 73
35 81 35 55 81
53 64 53 57 64
21 57 21 29 57
15 72 15 45 56 57 66 72
4 36 4 21 29 36
30 78 30 31 78
17 58 17 42 54 58
10 43 10 22 43
42 64 42 60 64
3 56 3 45 56
37 66 37 66
13 86 13 39 82 86
7 56 7 9 40 45 56
3 34 3 20 25 28 34
21 66 21 29 35 49 66
27 59 27 41 59
15 38 15 28 38
53 88 53 57 88
39 85 39 60 64 85
9 44 9 40 44
27 61 27 39 61
22 38 22 38
11 41 11 36 41
41 88 41 46 68 88
21 35 21 29 35
24 54 24 42 54
20 39 20 25 28 34 39
12 55 12 21 55
58 85 58 60 64 85
56 88 56 57 88
6 51 6 38 51
59 79 59 64 65 79
15 58 15 38 58
43 71 43 47 66 71
6 58 6 24 58
16 88 16 36 43 68 88
16 47 16 43 47
3 60 3 49 52 60
8 55 8 12 29 35 55
28 37 28 37
41 81 41 81
27 86 27 37 71 86
2 85 2 32 58 60 64 85
17 44 17 40 44
52 74 52 60 64 65 74
45 71 45 66 71
19 46 19 46
41 73 41 58 60 73
4 45 4 21 32 45
52 77 52 77
29 41 29 36 41
39 87 39 62 65 87
37 82 37 58 60 64 80 82
35 72 35 55 72
11 41 11 17 29 36 41
24 36 24 36
33 69 33 58 69
57 69 57 69
53 83 53 74 83
11 57 11 17 40 45 56 57
46 78 46 78
13 56 13 56
1 44 1 44
36 73 36 60 73
41 60 41 58 60
11 37 11 17 29 37
34 66 34 39 63 66
3 50 3 8 12 18 50
42 88 42 46 68 88
3 51 3 14 24 36 51
21 65 21 58 60 64 65
19 60 19 33 58 60
28 64 28 39 60 64
23 58 23 37 58
39 81 39 63 81
33 65 33 43 62 65
10 42 10 18 32 42
17 41 17 29 36 41
33 84 33 58 67 78 84
11 36 11 36
13 37 13 31 37
59 80 59 64 80
33 75 33 58 60 64 65 74 75
5 32 5 32
32 64 32 45 56 64
13 46 13 42 46
6 48 6 8 12 29 48
10 77 10 50 52 77
37 61 37 58 61
56 89 56 65 74 89
29 83 29 37 58 60 64 65 74 83
43 76 43 47 76
11 48 11 17 29 48
7 51 7 9 38 51
15 74 15 43 62 65 74
5 43 5 7 36 43
20 59 20 59
7 35 7 35
26 60 26 39 60
27 59 27 41 59
32 78 32 59 78
55 86 55 72 86
25 63 25 31 63
20 73 20 37 58 60 73
4 42 4 19 42
13 46 13 42 46
12 45 12 21 32 45
4 47 4 29 43 47
0 34 0 2 32 34
12 50 12 50
1 41 1 14 24 36 41
35 67 35 49 67
54 71 54 61 71
36 80 36 51 80
57 65 57 60 64 65
5 87 5 34 77 87
40 83 40 64 65 74 83
31 68 31 68
14 41 14 24 36 41
51 88 51 88
46 78 46 78
34 81 34 81
58 67 58 67
43 86 43 82 86
50 65 50 52 60 64 65
22 52 22 52
32 87 32 42 60 64 80 82 87
32 75 32 75
33 64 33 58 60 64
27 74 27 49 74
6 59 6 24 36 41 59
57 84 57 78 84
8 83 8 47 65 74 83
12 38 12 18 25 28 38
30 63 30 56 63
8 52 8 12 29 35 49 52
1 59 1 17 29 36 41 59
4 46 4 21 29 36 41 46
14 56 14 24 40 45 56
54 69 54 58 69
54 67 54 67
31 87 31 78 80 82 87
40 82 40 45 78 80 82
0 76 0 50 76
13 31 13 31
5 40 5 7 9 40
43 83 43 83
49 86 49 78 86
52 61 52 61
57 81 57 70 81
23 45 23 25 40 45
13 42 13 42
11 71 11 56 57 66 71
33 87 33 58 67 71 77 87
50 76 50 52 60 64 76
18 63 18 34 39 63
48 88 48 88
34 76 34 39 63 76
49 89 49 66 72 89
0 51 0 2 38 51
16 78 16 30 56 78
29 43 29 43
2 44 2 44
39 61 39 61
36 82 36 41 68 80 82
52 75 52 60 64 65 74 75
42 85 42 54 58 60 64 85
4 37 4 21 29 37
35 83 35 55 65 74 83
17 42 17 42
10 34 10 34
21 45 21 32 45
4 45 4 19 32 45
11 36 11 36
22 70 22 53 56 57 70
42 60 42 60
46 85 46 85
8 83 8 29 43 47 65 74 83
2 58 2 32 58
15 53 15 28 53
38 80 38 56 57 78 80
35 68 35 68
17 84 17 42 54 67 78 84
6 47 6 8 12 29 36 43 47
45 74 45 56 65 74
5 39 5 39
21 35 21 29 35
53 68 53 56 57 68
15 51 15 51
0 73 0 2 35 55 60 73
50 87 50 80 82 87
3 59 3 9 15 59
17 58 17 42 54 58
45 89 45 70 89
25 56 25 40 45 56
1 35 1 17 29 35
21 45 21 32 45
48 80 48 78 80
41 83 41 59 74 83
10 70 10 22 33 43 70
58 60 58 60
58 78 58 67 78
15 60 15 45 56 57 60
57 82 57 64 80 82
58 76 58 60 64 76
43 69 43 69
46 83 46 62 65 74 83
8 65 8 39 60 64 65
29 57 29 57
8 59 8 41 59
33 76 33 43 47 76
13 31 13 30 31
1 83 1 50 65 74 83
17 54 17 42 54
28 52 28 52
18 46 18 42 46
2 47 2 13 47
40 62 40 45 56 62
59 89 59 74 89
45 69 45 56 57 69
22 51 22 38 51
31 65 31 49 52 60 64 65
41 84 41 78 84
36 85 36 51 85
3 64 3 45 56 60 64
33 75 33 43 62 65 74 75
1 40 1 14 40
51 62 51 62
5 84 5 34 78 84
23 37 23 25 31 37
45 68 45 56 57 68
5 57 5 7 23 25 28 38 56 57
24 49 24 35 49
5 42 5 7 42
17 49 17 29 35 49
19 34 19 32 34
59 85 59 64 85
44 64 44 64
48 65 48 65
51 61 51 61
6 67 6 38 58 67
15 58 15 41 58
51 77 51 77
58 89 58 73 89
15 53 15 28 53
33 85 33 58 60 64 85
34 72 34 39 63 66 72
20 37 20 31 37
41 82 41 68 80 82
3 44 3 14 24 40 44
27 61 27 49 52 61
42 81 42 63 81
1 30 1 30
9 38 9 38
59 80 59 64 80
30 66 30 31 63 66
7 57 7 45 56 57
36 60 36 41 58 60
21 55 21 55
36 65 36 62 65
57 69 57 69
46 89 46 62 65 74 89
13 54 13 42 54
30 85 30 56 57 60 64 85
17 45 17 40 45
31 72 31 37 72
23 47 23 29 43 47
11 84 11 30 31 37 84
56 73 56 73
12 56 12 21 56
33 62 33 43 62
43 66 43 47 66
9 51 9 38 51
32 64 32 64
40 85 40 64 85
37 80 37 58 67 80
38 65 38 58 60 64 65
18 62 18 53 56 62
42 66 42 63 66
3 38 3 9 15 28 38
50 60 50 52 60
57 82 57 78 80 82
30 70 30 56 57 70
4 66 4 34 66
57 83 57 64 65 74 83
46 78 46 78
35 85 35 64 85
53 70 53 57 70
12 50 12 18 50
9 50 9 50
23 47 23 29 36 43 47
55 75 55 60 64 65 74 75
3 51 3 8 29 36 51
56 74 56 60 64 65 74
0 56 0 13 30 56
17 42 17 42
2 52 2 13 30 31 49 52
28 61 28 37 58 61
12 45 12 18 32 45
33 84 33 58 67 78 84
32 71 32 49 66 71
37 67 37 58 67
43 80 43 68 80
3 42 3 8 12 21 32 42
1 52 1 30 31 49 52
3 33 3 9 33
27 68 27 35 68
51 71 51 61 71
14 39 14 34 39
23 53 23 25 28 53
52 73 52 60 73
45 87 45 71 87
49 75 49 75
47 65 47 65
51 77 51 77
43 65 43 47 65
24 89 24 43 70 89
40 68 40 45 56 57 68
21 37 21 29 37
6 36 6 8 29 36
17 67 17 29 36 41 58 67
33 72 33 43 47 66 72
38 67 38 58 67
31 71 31 49 52 61 71
17 41 17 29 36 41
35 85 35 64 85
48 76 48 76
31 66 31 37 66
9 74 9 38 51 62 65 74
56 82 56 57 68 80 82
17 48 17 29 48
30 74 30 56 64 65 74
35 80 35 49 67 80
10 49 10 49
12 40 12 18 25 40
25 73 25 28 53 57 60 73
31 87 31 77 87
0 82 0 10 48 78 80 82
45 60 45 56 57 60
23 53 23 25 53
42 78 42 78
22 44 22 44
7 81 7 45 56 63 81
6 44 6 8 12 18 25 40 44
1 45 1 14 40 45
2 83 2 32 64 65 74 83
34 75 34 39 60 64 65 74 75
30 81 30 70 81
4 44 4 19 40 44
21 74 21 34 65 74
48 86 48 63 66 71 86
53 86 53 63 66 72 86
14 59 14 59
5 34 5 34
53 72 53 57 66 72
42 76 42 54 58 76
45 71 45 56 57 71
8 76 8 37 58 60 64 76
2 60 2 38 58 60
6 36 6 24 36
43 65 43 47 65
18 51 18 25 51
0 85 0 56 85
40 71 40 71
47 89 47 89
20 82 20 43 82
59 87 59 78 80 82 87
40 88 40 45 56 57 88
26 81 26 39 70 81
50 88 50 52 88
25 73 25 53 56 57 60 73
26 34 26 34
33 72 33 43 47 66 72
14 44 14 40 44
3 80 3 36 60 64 80
12 89 12 44 73 89
15 53 15 28 53
1 43 1 14 43
29 59 29 36 41 59
21 60 21 56 60
6 56 6 24 40 45 56
33 76 33 58 60 64 76
3 45 3 40 45
51 87 51 61 71 87
33 73 33 58 60 73
48 76 48 63 76
12 71 12 29 35 71
10 51 10 22 38 51
20 45 20 40 45
43 80 43 68 80
31 82 31 49 60 64 80 82
15 86 15 45 66 71 86
5 60 5 7 36 41 58 60
41 78 41 78
25 34 25 28 34
14 87 14 52 61 71 87
40 76 40 64 76
27 72 27 37 66 72
54 65 54 58 60 64 65
48 75 48 65 74 75
48 76 48 76
11 73 11 36 41 58 60 73
13 47 13 47
14 42 14 42
23 33 23 25 33
44 74 44 64 65 74
28 73 28 34 39 60 73
45 66 45 56 57 66
26 67 26 41 58 67
41 83 41 65 74 83
47 76 47 76
19 52 19 32 49 52
20 56 20 25 28 38 56
24 43 24 43
29 64 29 35 55 60 64
20 44 20 40 44
15 63 15 39 63
40 71 40 71
45 60 45 56 57 60
15 58 15 38 58
13 54 13 42 54
41 79 41 58 60 73 79
25 56 25 28 38 56
4 67 4 21 32 49 67
2 31 2 13 30 31
22 38 22 38
16 50 16 50
25 82 25 31 82
53 71 53 61 71
5 41 5 7 23 29 36 41
11 64 11 37 58 60 64
54 73 54 58 73
42 66 42 63 66
35 65 35 55 60 64 65
16 44 16 40 44
13 74 13 47 65 74
46 84 46 78 84
36 75 36 51 75
27 76 27 47 76
8 32 8 12 18 32
42 72 42 72
49 62 49 62
26 78 26 41 59 78
42 69 42 54 58 69
26 58 26 41 58
24 36 24 36
18 59 18 59
49 64 49 60 64
28 84 28 34 78 84
17 82 17 29 56 78 80 82
52 79 52 60 64 65 79
24 75 24 34 39 62 65 74 75
37 69 37 69
8 47 8 12 47
30 63 30 31 63
3 43 3 43
26 78 26 34 78
53 83 53 57 60 64 65 74 83
9 85 9 37 85
59 75 59 74 75
40 82 40 78 80 82
4 59 4 21 32 59
52 86 52 86
1 43 1 14 24 43
28 78 28 53 56 78
14 46 14 24 42 46
11 75 11 30 65 74 75
12 31 12 18 25 31
45 83 45 56 65 74 83
8 56 8 12 29 56
19 75 19 44 75
42 61 42 54 61
23 49 23 35 49
24 84 24 34 78 84
48 76 48 76
51 83 51 62 65 74 83
50 70 50 70
23 81 23 39 70 81
41 85 41 59 85
17 84 17 40 78 84
20 37 20 31 37
26 46 26 41 46
27 62 27 49 62
58 86 58 67 71 86
19 64 19 42 46 64
7 40 7 23 25 40
12 38 12 18 25 28 38
22 35 22 35
9 53 9 15 28 53
16 58 16 36 41 58
26 58 26 41 58
3 33 3 9 33
32 68 32 42 46 68
2 51 2 38 51
57 66 57 66
1 56 1 17 40 45 56
23 83 23 37 58 60 64 65 74 83
24 41 24 36 41
7 39 7 23 39
10 55 10 22 55
53 84 53 56 78 84
6 54 6 24 42 54
3 57 3 20 40 45 56 57
39 73 39 60 73
29 49 29 35 49
59 83 59 74 83
11 39 11 17 34 39
55 60 55 60
31 86 31 78 80 82 86
53 73 53 57 60 73
31 70 31 70
59 87 59 64 80 82 87
5 74 5 57 60 64 65 74
35 71 35 49 66 71
43 76 43 47 76
52 60 52 60
36 74 36 51 62 65 74
15 43 15 43
17 51 17 51
7 73 7 9 40 45 56 73
22 47 22 43 47
57 68 57 68
8 41 8 41
56 74 56 65 74
20 39 20 25 28 39
0 64 0 13 30 56 57 60 64
2 34 2 32 34
6 41 6 41
12 31 12 18 25 31
51 79 51 62 65 79
26 58 26 41 58
56 73 56 57 60 73
2 61 2 53 56 61
5 76 5 34 39 60 64 76
39 76 39 63 76
38 83 38 51 65 74 83
34 79 34 39 65 79
45 61 45 56 61
8 58 8 29 37 58
55 85 55 60 64 85
28 85 28 38 56 64 85
48 81 48 81
13 87 13 31 49 52 61 71 77 87
41 80 41 68 80
40 89 40 44 89
3 52 3 14 24 35 49 52
19 57 19 32 45 56 57
43 79 43 47 65 79
47 80 47 80
32 67 32 42 54 67
6 44 6 24 40 44
9 71 9 54 61 71
43 74 43 62 65 74
40 73 40 44 73
25 57 25 53 57
12 81 12 57 70 81
30 86 30 80 82 86
33 84 33 58 67 78 84
53 87 53 87
25 89 25 40 66 72 89
24 47 24 43 47
10 51 10 18 25 51
54 89 54 62 65 74 89
32 66 32 42 63 66
0 42 0 2 13 42
22 85 22 44 64 85
4 34 4 19 32 34
8 39 8 39
55 64 55 60 64
1 30 1 30
34 81 34 81
7 54 7 9 54
41 80 41 46 68 80
45 88 45 56 57 68 88
11 37 11 37
59 80 59 78 80
53 79 53 79
8 89 8 38 63 66 72 89
23 57 23 25 57
3 40 3 20 25 40
51 78 51 78
43 76 43 47 76
20 52 20 25 28 52
13 77 13 30 31 49 66 77
19 52 19 32 49 52
37 78 37 58 67 78
0 30 0 13 30
15 39 15 28 34 39
29 75 29 57 75
17 45 17 40 45
53 69 53 69
10 55 10 22 35 55
18 40 18 25 40
32 72 32 42 72
49 82 49 67 80 82
46 88 46 68 88
44 75 44 64 65 74 75
38 70 38 56 57 70
45 66 45 66
50 66 50 66
9 37 9 15 28 37
3 38 3 9 38
37 61 37 58 61
37 83 37 58 60 64 65 74 83
7 33 7 23 25 33
11 71 11 37 71
19 46 19 32 42 46
20 85 20 37 85
20 44 20 25 40 44
19 49 19 32 49
27 77 27 37 66 71 77
49 62 49 62
37 84 37 58 67 78 84
3 64 3 36 60 64
31 63 31 63
24 42 24 42
51 65 51 62 65
35 77 35 49 52 77
48 75 48 74 75
4 42 4 42
48 77 48 63 66 71 77
12 42 12 21 32 42
41 69 41 58 69
9 43 9 15 43
57 84 57 78 84
53 69 53 56 57 69
46 87 46 64 65 87
12 41 12 18 36 41
14 58 14 24 36 41 58
10 64 10 34 39 60 64
15 57 15 28 38 56 57
47 82 47 80 82
11 49 11 17 29 35 49
3 36 3 8 29 36
33 66 33 66
20 73 20 40 45 56 57 60 73
12 56 12 21 56
50 83 50 52 60 64 65 74 83
9 56 9 40 45 56
16 41 16 36 41
4 66 4 26 39 63 66
57 82 57 68 80 82
37 79 37 58 60 64 65 79
35 83 35 64 65 74 83
14 85 14 40 45 56 60 64 85
49 67 49 67
58 60 58 60
14 88 14 38 56 57 68 88
51 89 51 89
17 74 17 55 65 74
26 70 26 57 70
0 80 0 41 59 64 80
6 49 6 8 12 21 32 49
12 32 12 18 32
30 81 30 70 81
4 70 4 33 70
18 42 18 32 42
27 35 27 35
8 37 8 12 18 37
5 44 5 7 9 40 44
4 54 4 19 32 42 54
23 57 23 29 56 57
32 68 32 45 56 57 68
18 85 18 49 52 60 64 85
43 61 43 61
51 75 51 65 74 75
28 61 28 52 61
1 36 1 17 29 36
6 50 6 8 12 18 50
3 44 3 20 25 40 44
3 56 3 40 45 56
24 41 24 36 41
43 74 43 62 65 74
38 60 38 56 57 60
43 88 43 68 88
29 56 29 56
18 82 18 32 59 78 80 82
8 45 8 12 21 32 45
27 47 27 47
18 57 18 53 56 57
32 76 32 58 60 64 76
25 48 25 28 48
7 40 7 9 40
29 35 29 35
15 84 15 28 38 56 78 84
2 47 2 13 47
6 31 6 13 31
56 79 56 62 65 79
54 79 54 79
49 76 49 60 64 76
0 58 0 41 58
25 57 25 28 45 56 57
0 69 0 20 33 43 69
21 48 21 29 48
19 55 19 55
38 62 38 62
5 37 5 7 23 29 37
25 58 25 28 37 58
15 57 15 28 45 56 57
12 59 12 29 36 41 59
0 56 0 56
33 82 33 43 82
4 43 4 21 29 43
32 63 32 45 56 63
15 52 15 28 52
57 73 57 60 73
38 77 38 63 66 71 77
50 89 50 62 65 74 89
19 59 19 32 59
53 79 53 57 64 65 79
10 53 10 18 53
1 44 1 44
14 39 14 24 34 39
58 77 58 77
58 86 58 80 82 86
43 66 43 47 66
59 76 59 64 76
38 78 38 56 78
32 79 32 59 64 65 79
2 45 2 32 45
42 66 42 63 66
46 80 46 68 80
9 52 9 15 52
6 78 6 8 12 29 48 78
35 83 35 55 83
1 59 1 14 59
9 85 9 56 57 64 85
3 52 3 49 52
10 35 10 22 35
30 89 30 31 49 52 60 64 65 74 89
31 77 31 77
39 64 39 60 64
58 73 58 60 73
36 73 36 60 73
50 62 50 62
40 61 40 45 56 61
15 47 15 43 47
7 56 7 45 56
24 40 24 40
5 57 5 7 9 56 57
9 52 9 50 52
42 61 42 54 61
21 49 21 32 49
30 79 30 31 37 58 73 79
23 49 23 35 49
34 70 34 39 70
25 45 25 28 45
50 70 50 70
50 80 50 52 80
16 43 16 43
57 60 57 60
7 33 7 23 25 33
13 75 13 39 60 64 65 74 75
12 48 12 29 48
18 54 18 42 54
10 59 10 18 59
21 58 21 32 42 54 58
33 80 33 58 60 64 80
32 82 32 59 64 80 82
42 78 42 54 58 67 78
29 59 29 36 41 59
45 75 45 56 65 74 75
33 70 33 43 47 70
51 83 51 65 74 83
3 51 3 36 51
6 53 6 8 12 18 53
4 47 4 29 43 47
25 65 25 57 64 65
17 84 17 42 46 78 84
27 52 27 49 52
27 58 27 41 58
21 54 21 32 42 54
25 64 25 52 60 64
55 86 55 60 64 80 82 86
56 75 56 60 64 65 74 75
29 80 29 36 51 78 80
6 48 6 8 12 21 29 48
36 89 36 62 65 74 89
11 44 11 17 40 44
12 42 12 18 42
49 88 49 88
0 55 0 8 12 29 35 55
48 62 48 62
17 46 17 42 46
17 34 17 34
36 87 36 80 82 87
13 39 13 39
10 53 10 22 53
11 43 11 36 43
14 40 14 40
49 87 49 87
34 71 34 39 61 71
54 82 54 67 78 80 82
39 71 39 61 71
9 72 9 47 66 72
8 53 8 12 28 53
41 61 41 61
13 89 13 30 70 89
48 70 48 70
24 34 24 34
51 84 51 78 84
24 85 24 36 51 85
22 49 22 49
18 89 18 25 28 38 68 89
38 73 38 56 57 60 73
26 55 26 55
4 74 4 56 65 74
57 74 57 60 64 65 74
52 64 52 60 64
53 82 53 56 57 64 80 82
34 82 34 78 80 82
32 69 32 58 69
16 57 16 30 56 57
9 72 9 40 45 66 72
23 66 23 29 56 63 66
26 34 26 34
43 83 43 47 74 83
19 65 19 54 58 60 64 65
20 47 20 43 47
12 42 12 42
47 65 47 65
0 86 0 47 66 71 86
58 89 58 73 89
29 51 29 36 51
16 51 16 36 51
20 68 20 57 68
40 78 40 78
37 81 37 81
8 49 8 12 29 35 49
32 75 32 49 60 64 65 74 75
3 55 3 8 12 21 55
43 72 43 47 66 72
58 77 58 77
25 49 25 31 49
6 55 6 8 12 29 35 55
46 83 46 74 83
24 49 24 35 49
40 83 40 45 56 60 64 65 74 83
36 76 36 41 59 64 76
32 77 32 34 77
49 71 49 66 71
59 82 59 78 80 82
5 47 5 7 9 47
36 79 36 60 64 65 79
10 41 10 18 36 41
25 49 25 31 49
46 65 46 65
25 39 25 28 34 39
54 60 54 58 60
41 84 41 46 78 84
3 41 3 36 41
29 61 29 35 49 52 61
46 62 46 62
58 85 58 60 64 85
36 85 36 51 85
20 34 20 25 28 34
54 67 54 67
4 47 4 33 43 47
55 62 55 62
33 84 33 58 67 78 84
20 39 20 25 28 34 39
41 87 41 61 71 87
51 80 51 78 80
36 87 36 41 46 80 82 87
26 83 26 57 64 65 74 83
37 67 37 58 67
41 60 41 58 60
10 53 10 22 53
58 76 58 60 64 76
1 36 1 17 29 36
41 87 41 61 71 87
22 57 22 38 56 57
13 42 13 42
6 81 6 13 42 63 81
56 83 56 57 60 64 65 74 83
3 61 3 54 61
17 69 17 34 39 69
3 32 3 8 12 21 32
43 75 43 62 65 74 75
24 73 24 36 60 73
16 47 16 36 43 47
2 39 2 39
23 81 23 35 55 81
25 58 25 31 37 58
25 57 25 57
32 72 32 59 72
10 51 10 22 38 51
12 41 12 21 29 36 41
43 81 43 70 81
9 76 9 47 76
17 43 17 29 43
23 38 23 25 28 38
21 52 21 32 49 52
9 63 9 15 45 56 63
35 64 35 55 60 64
8 73 8 54 58 60 73
1 45 1 17 40 45
35 66 35 49 66
31 89 31 70 89
3 40 3 8 12 18 25 40
24 44 24 40 44
32 86 32 34 78 80 82 86
4 54 4 54
18 54 18 42 54
56 69 56 57 69
26 59 26 41 59
13 88 13 56 57 88
1 34 1 32 34
28 76 28 37 58 76
20 53 20 25 28 53
14 49 14 24 35 49
24 40 24 40
7 34 7 9 15 28 34
58 65 58 60 64 65
52 87 52 77 87
33 67 33 58 67
11 31 11 30 31
12 42 12 42
58 73 58 60 73
29 87 29 37 58 61 71 77 87
51 88 51 88
25 56 25 40 45 56
20 64 20 31 37 58 60 64
44 85 44 64 85
7 56 7 53 56
35 76 35 55 76
39 63 39 63
36 83 36 62 65 74 83
18 41 18 36 41
45 65 45 56 57 60 64 65
19 39 19 32 34 39
29 57 29 56 57
7 37 7 9 37
37 73 37 58 73
9 60 9 33 58 60
35 88 35 49 52 88
18 59 18 36 41 59
30 73 30 56 60 73
23 38 23 25 28 38
40 83 40 64 65 74 83
22 55 22 35 55
16 43 16 36 43
31 78 31 37 58 67 78
38 60 38 58 60
48 66 48 63 66
0 47 0 20 25 33 43 47
38 68 38 68
18 36 18 36
20 89 20 25 28 48 63 66 72 89
38 64 38 56 64
50 83 50 62 65 74 83
52 61 52 61
8 43 8 12 18 36 43
18 46 18 42 46
4 84 4 29 57 78 84
35 88 35 49 52 88
3 62 3 34 39 62
0 42 0 10 18 42
30 64 30 56 57 64
10 55 10 22 35 55
24 55 24 55
1 73 1 58 60 73
47 87 47 65 87
52 82 52 60 64 80 82
21 35 21 29 35
19 42 19 42
8 44 8 12 44
58 73 58 60 73
18 52 18 50 52
6 54 6 24 42 54
20 60 20 37 58 60
29 60 29 37 58 60
57 86 57 78 86
10 54 10 18 32 42 54
0 54 0 10 18 32 42 54
15 43 15 43
0 81 0 36 41 70 81
19 76 19 45 56 63 76
41 75 41 74 75
35 61 35 49 52 61
58 75 58 60 64 65 74 75
2 46 2 32 42 46
37 80 37 58 60 64 80
29 89 29 57 64 65 74 89
0 60 0 28 52 60
30 82 30 56 60 64 80 82
4 67 4 21 29 36 41 58 67
6 60 6 34 39 60
38 76 38 58 60 64 76
47 71 47 66 71
13 69 13 30 69
0 39 0 13 39
48 80 48 78 80
13 87 13 56 63 66 87
52 86 52 60 64 80 82 86
42 65 42 60 64 65
46 68 46 68
5 62 5 34 39 62
3 33 3 9 33
42 87 42 68 80 82 87
26 85 26 34 39 60 64 85
0 56 0 8 12 28 45 56
17 46 17 42 46
43 87 43 87
32 61 32 34 39 61
26 34 26 34
3 55 3 14 24 35 55
30 64 30 31 37 58 60 64
50 82 50 52 60 64 80 82
3 47 3 33 43 47
40 65 40 45 56 64 65
57 77 57 71 77
7 49 7 23 29 35 49
0 77 0 50 52 77
54 83 54 62 65 74 83
39 87 39 63 66 87
35 71 35 49 66 71
1 44 1 17 40 44
10 69 10 43 69
40 84 40 78 84
22 47 22 43 47
21 42 21 32 42
34 76 34 39 60 64 76
20 82 20 31 37 58 67 80 82
40 70 40 45 70
22 57 22 38 56 57
19 70 19 45 70
0 73 0 35 49 73
4 33 4 33
27 73 27 49 52 60 73
23 71 23 25 52 61 71
43 66 43 47 66
15 83 15 38 83
19 46 19 32 42 46
16 31 16 30 31
0 87 0 35 82 87
13 47 13 47
29 51 29 36 51
35 70 35 70
5 41 5 7 41
44 87 44 73 87
47 80 47 80
24 74 24 34 65 74
38 74 38 58 60 64 65 74
27 74 27 48 74
12 52 12 28 52
10 43 10 22 43
28 85 28 57 64 85
13 54 13 42 54
2 50 2 50
20 39 20 25 28 34 39
6 47 6 13 47
15 38 15 38
59 75 59 64 65 74 75
2 37 2 13 30 31 37
45 62 45 56 62
48 79 48 62 65 79
38 67 38 58 67
4 52 4 29 35 49 52
4 51 4 51
42 87 42 54 67 77 87
5 64 5 7 36 41 59 64
7 33 7 9 33
49 87 49 87
38 65 38 58 60 64 65
19 67 19 32 67
18 40 18 25 40
35 83 35 55 83
35 84 35 49 67 78 84
4 47 4 29 43 47
40 74 40 64 65 74
0 87 0 10 49 78 80 82 87
0 71 0 13 47 66 71
27 47 27 47
37 85 37 58 60 64 85
33 77 33 58 77
51 83 51 62 65 74 83
10 44 10 18 25 40 44
42 60 42 60
0 30 0 13 30
36 89 36 89
16 30 16 30
15 83 15 51 65 74 83
47 66 47 66
17 35 17 29 35
2 42 2 13 42
31 79 31 73 79
33 64 33 58 60 64
12 45 12 18 25 40 45
25 62 25 33 43 62
11 45 11 17 40 45
13 69 13 31 37 69
32 67 32 58 67
7 46 7 9 15 41 46
40 88 40 45 56 57 68 88
49 72 49 66 72
44 76 44 76
1 79 1 51 65 79
56 70 56 57 70
4 66 4 19 40 66
24 67 24 58 67
42 64 42 46 64
8 47 8 12 29 43 47
43 76 43 47 76
28 38 28 38
15 76 15 41 46 64 76
26 66 26 57 66
2 55 2 35 55
32 78 32 42 78
5 31 5 7 23 25 31
34 82 34 39 60 64 80 82
36 88 36 51 88
11 74 11 30 65 74
10 36 10 18 36
27 82 27 37 58 60 64 80 82
18 56 18 53 56
5 63 5 7 23 39 63
49 66 49 66
40 63 40 45 56 63
48 82 48 78 80 82
16 41 16 36 41
12 50 12 18 50
1 42 1 32 42
29 62 29 48 62
31 81 31 70 81
50 89 50 65 74 89
0 44 0 10 22 44
10 42 10 18 32 42
49 85 49 60 64 85
36 64 36 60 64
12 56 12 29 56
39 74 39 74
54 67 54 58 67
12 48 12 21 29 48
23 74 23 39 65 74
7 36 7 23 29 36
32 82 32 64 80 82
58 85 58 60 64 85
11 44 11 17 40 44
18 34 18 25 28 34
2 30 2 13 30
15 38 15 28 38
27 75 27 37 58 75
23 69 23 29 37 58 69
33 75 33 58 75
18 41 18 36 41
50 79 50 52 60 64 65 79
40 72 40 44 72
3 34 3 34
33 67 33 58 67
8 40 8 12 18 25 40
18 49 18 49
31 87 31 49 52 60 64 65 87
25 57 25 53 57
44 87 44 64 80 82 87
8 38 8 12 18 25 28 38
33 66 33 66
43 74 43 62 65 74
31 83 31 83
15 39 15 39
17 55 17 55
40 89 40 44 74 89
19 42 19 42
10 59 10 18 32 59
49 76 49 52 60 64 76
53 65 53 57 60 64 65
40 71 40 71
10 34 10 34
3 42 3 14 42
23 69 23 39 69
29 35 29 35
37 78 37 58 67 78
43 83 43 83
56 68 56 57 68
5 35 5 7 23 29 35
35 65 35 55 65
49 60 49 60
8 35 8 12 21 29 35
20 59 20 59
39 60 39 60
5 51 5 7 36 51
15 41 15 41
36 71 36 51 61 71
4 44 4 19 44
7 73 7 53 56 73
18 63 18 53 56 63
7 51 7 9 38 51
59 86 59 78 80 82 86
47 71 47 66 71
8 56 8 38 56
32 71 32 45 56 57 66 71
18 50 18 50
18 46 18 42 46
45 88 45 56 57 68 88
45 82 45 78 80 82
11 45 11 17 40 45
17 36 17 29 36
12 71 12 21 58 61 71
10 36 10 18 36
3 50 3 9 50
23 39 23 39
20 56 20 25 53 56
5 50 5 7 9 50
3 75 3 46 64 65 74 75
6 73 6 50 52 60 73
22 66 22 45 56 63 66
10 31 10 18 25 31
21 61 21 34 39 61
45 68 45 56 57 68
34 84 34 78 84
6 77 6 38 56 57 71 77
14 43 14 24 36 43
40 69 40 45 56 57 69
49 65 49 52 60 64 65
43 79 43 47 65 79
38 84 38 58 67 78 84
8 43 8 29 36 43
38 63 38 56 63
3 39 3 20 25 28 39
15 65 15 52 60 64 65
7 50 7 9 50
20 43 20 33 43
6 82 6 13 42 54 67 80 82
48 72 48 63 66 72
16 31 16 30 31
18 48 18 25 28 48
3 79 3 52 60 73 79
9 50 9 50
24 57 24 40 45 56 57
9 46 9 15 41 46
41 75 41 46 65 74 75
12 53 12 28 53
43 72 43 47 66 72
18 47 18 47
21 57 21 57
11 35 11 35
53 68 53 57 68
4 56 4 21 32 45 56
45 64 45 56 60 64
15 67 15 28 38 58 67
12 55 12 29 35 55
30 74 30 56 62 65 74
21 57 21 56 57
31 78 31 78
50 77 50 52 77
5 48 5 7 48
0 58 0 2 13 42 54 58
33 77 33 66 77
21 37 21 29 37
33 71 33 58 67 71
40 85 40 64 85
55 85 55 60 64 85
18 63 18 42 63
8 74 8 54 62 65 74
29 73 29 56 60 73
26 34 26 34
49 73 49 52 60 73
59 87 59 78 80 82 87
45 69 45 56 57 69
11 36 11 36
6 54 6 13 42 54
5 63 5 32 34 39 63
30 82 30 56 64 80 82
32 77 32 34 77
33 67 33 58 67
35 76 35 49 60 64 76
40 63 40 45 56 63
3 51 3 36 51
40 71 40 71
39 63 39 63
14 51 14 24 36 51
46 89 46 68 89
1 32 1 32
23 55 23 35 55
36 81 36 43 47 70 81
2 34 2 32 34
46 86 46 80 82 86
37 83 37 58 60 64 65 74 83
15 69 15 28 38 51 69
23 58 23 29 36 41 58
16 73 16 40 44 73
41 85 41 59 64 85
8 47 8 29 36 43 47
2 34 2 32 34
8 31 8 12 18 25 31
16 40 16 40
18 44 18 25 40 44
21 36 21 29 36
0 52 0 27 49 52
14 54 14 54
28 34 28 34
5 53 5 7 23 25 53
33 83 33 58 60 64 65 74 83
11 58 11 38 58
1 34 1 14 24 34
5 83 5 52 60 64 65 74 83
19 42 19 32 42
26 89 26 57 66 72 89
39 87 39 65 87
24 35 24 35
37 76 37 58 76
46 75 46 62 65 74 75
40 87 40 66 87
29 57 29 56 57
24 42 24 42
29 82 29 37 58 60 64 80 82
32 82 32 42 46 78 80 82
1 61 1 17 53 61
15 64 15 39 60 64
12 44 12 44
30 84 30 56 84
33 65 33 58 60 64 65
13 72 13 56 63 66 72
12 59 12 21 32 59
41 74 41 62 65 74
16 75 16 50 62 65 74 75
10 48 10 18 25 28 48
24 81 24 36 41 81
44 74 44 64 65 74
49 83 49 52 60 64 65 74 83
12 41 12 21 29 36 41
40 71 40 45 71
54 60 54 58 60
8 66 8 39 63 66
34 87 34 65 87
44 82 44 64 80 82
55 79 55 60 73 79
21 42 21 32 42
24 42 24 42
13 31 13 30 31
22 53 22 53
20 46 20 41 46
17 44 17 40 44
6 65 6 13 42 60 64 65
32 67 32 67
50 74 50 65 74
12 53 12 18 25 28 53
10 40 10 18 25 40
15 47 15 43 47
16 30 16 30
24 43 24 43
11 65 11 36 41 58 60 64 65
39 69 39 69
4 69 4 56 57 69
9 51 9 15 28 38 51
2 63 2 30 56 63
42 89 42 63 66 72 89
12 44 12 18 25 40 44
23 35 23 35
51 85 51 85
1 78 1 58 67 78
57 74 57 64 65 74
50 75 50 52 75
2 55 2 35 55
53 61 53 56 61
43 89 43 62 65 74 89
5 80 5 52 60 64 80
1 47 1 17 29 43 47
39 70 39 70
12 35 12 29 35
20 33 20 33
11 44 11 17 40 44
47 83 47 74 83
28 89 28 34 66 72 89
37 60 37 58 60
57 89 57 64 65 74 89
32 86 32 49 52 60 64 80 82 86
48 76 48 76
1 56 1 17 40 45 56
44 85 44 64 85
21 52 21 29 35 49 52
17 71 17 34 39 63 66 71
12 61 12 42 54 58 61
14 59 14 59
32 62 32 45 56 62
21 73 21 56 60 73
43 77 43 47 66 71 77
8 75 8 47 74 75
40 81 40 45 81
48 76 48 63 76
18 39 18 25 28 34 39
54 79 54 62 65 79
41 81 41 81
54 79 54 79
12 38 12 18 25 28 38
10 45 10 18 25 40 45
56 78 56 57 78
13 81 13 39 63 81
9 48 9 15 28 48
1 83 1 58 60 64 65 74 83
36 65 36 43 47 65
30 85 30 85
0 56 0 40 45 56
48 89 48 63 66 72 89
11 76 11 52 60 64 76
53 71 53 56 63 66 71
48 66 48 63 66
50 64 50 52 60 64
42 85 42 60 64 85
11 54 11 17 42 54
49 67 49 67
0 50 0 50
35 86 35 68 86
56 84 56 57 78 84
2 80 2 49 60 64 80
33 74 33 58 60 64 65 74
23 60 23 29 35 49 52 60
0 33 0 10 22 33
28 47 28 47
12 59 12 21 29 36 41 59
25 53 25 53
42 84 42 78 84
14 80 14 40 64 80
12 41 12 29 36 41
7 50 7 9 50
16 46 16 36 41 46
11 30 11 30
47 80 47 80
7 40 7 9 40
11 49 11 30 31 49
3 33 3 33
14 41 14 24 36 41
42 64 42 60 64
20 71 20 25 57 66 71
0 52 0 35 49 52
14 45 14 45
46 82 46 82
23 83 23 39 62 65 74 83
21 63 21 56 63
50 70 50 70
33 75 33 58 60 64 65 74 75
56 84 56 57 78 84
36 85 36 41 58 60 64 85
3 35 3 14 24 35
7 56 7 9 40 45 56
5 74 5 32 59 64 65 74
31 81 31 63 81
10 72 10 49 66 72
1 48 1 17 29 48
18 80 18 36 41 68 80
45 83 45 56 60 64 65 74 83
5 77 5 32 34 77
55 82 55 60 64 80 82
8 40 8 12 18 25 40
0 42 0 10 18 42
3 45 3 40 45
33 87 33 58 67 80 82 87
15 47 15 28 47
30 88 30 31 68 88
34 61 34 39 61
58 85 58 60 64 85
1 86 1 55 72 86
34 87 34 66 87
0 81 0 56 57 81
9 75 9 47 65 74 75
17 74 17 40 44 74
31 86 31 68 80 82 86
7 70 7 9 38 56 57 70
1 42 1 17 42
40 64 40 44 64
8 45 8 12 21 32 45
30 74 30 65 74
50 64 50 52 60 64
6 62 6 8 39 62
32 62 32 45 56 62
25 73 25 28 45 56 57 60 73
18 31 18 25 31
48 71 48 63 66 71
38 70 38 56 57 70
9 62 9 40 45 56 62
3 35 3 8 29 35
6 32 6 8 12 21 32
16 83 16 30 31 83
23 73 23 52 60 73
42 88 42 46 68 88
6 53 6 8 12 28 53
34 78 34 78
35 66 35 49 66
59 85 59 85
29 46 29 36 41 46
23 57 23 29 57
32 60 32 45 56 57 60
4 35 4 21 29 35
12 60 12 28 39 60
49 87 49 62 65 87
4 48 4 26 48
6 56 6 13 30 56
14 34 14 24 34
4 68 4 29 36 43 68
45 72 45 56 63 66 72
47 72 47 66 72
4 60 4 57 60
28 87 28 39 82 87
50 70 50 70
33 61 33 58 61
20 82 20 59 78 80 82
8 54 8 54
57 75 57 60 64 65 74 75
29 85 29 57 64 85
37 77 37 71 77
20 52 20 49 52
36 80 36 80
21 80 21 56 57 68 80
58 71 58 67 71
40 74 40 64 65 74
32 64 32 45 56 60 64
50 88 50 52 88
11 58 11 17 42 54 58
46 85 46 64 85
36 78 36 51 78
15 39 15 39
0 30 0 2 13 30
15 57 15 28 53 57
47 82 47 80 82
18 59 18 59
16 59 16 59
0 55 0 10 22 35 55
25 39 25 28 34 39
35 81 35 55 81
6 32 6 8 12 18 32
38 66 38 56 63 66
59 88 59 88
26 81 26 41 81
3 89 3 9 54 58 73 89
18 49 18 32 49
30 70 30 56 57 70
41 73 41 58 60 73
4 70 4 34 39 70
5 56 5 32 45 56
34 66 34 39 63 66
18 77 18 33 66 77
54 62 54 62
13 52 13 30 31 49 52
53 68 53 57 68
32 68 32 45 56 57 68
5 38 5 7 23 25 28 38
2 44 2 44
38 72 38 72
17 41 17 29 36 41
17 34 17 34
24 34 24 34
16 40 16 40
56 85 56 60 64 85
28 56 28 38 56
10 59 10 18 59
17 60 17 29 36 41 58 60
14 87 14 40 78 80 82 87
15 87 15 38 58 77 87
49 84 49 78 84
10 56 10 22 53 56
7 79 7 35 49 79
39 85 39 60 64 85
22 66 22 49 66
11 64 11 36 60 64
25 34 25 28 34
12 35 12 21 29 35
29 49 29 35 49
19 56 19 32 45 56
7 40 7 23 25 40
4 35 4 29 35
48 78 48 78
9 45 9 40 45
45 81 45 70 81
48 63 48 63
0 59 0 20 59
0 65 0 52 60 64 65
17 56 17 40 45 56
17 45 17 40 45
6 47 6 8 47
57 80 57 78 80
34 60 34 39 60
0 38 0 28 38
35 66 35 49 66
30 68 30 56 57 68
18 37 18 37
53 63 53 56 63
40 86 40 82 86
51 69 51 69
43 61 43 61
58 60 58 60
19 45 19 45
2 72 2 56 57 66 72
18 40 18 25 40
34 71 34 66 71
38 81 38 56 63 81
36 72 36 43 47 66 72
5 52 5 7 35 49 52
16 49 16 30 31 49
35 61 35 49 52 61
15 78 15 41 46 78
11 49 11 30 31 49
34 77 34 39 63 66 77
17 59 17 29 36 41 59
54 65 54 58 60 64 65
7 89 7 45 66 72 89
28 84 28 45 78 84
11 48 11 17 29 48
20 40 20 40
30 76 30 31 49 52 60 64 76
26 58 26 41 58
34 84 34 78 84
53 89 53 63 66 72 89
21 45 21 32 45
37 85 37 85
53 64 53 57 64
27 78 27 58 67 78
13 56 13 30 56
15 87 15 59 64 65 87
17 85 17 29 57 64 85
16 45 16 40 45
5 62 5 7 9 54 62
16 73 16 34 39 60 73
20 78 20 59 78
24 45 24 40 45
9 39 9 39
20 44 20 25 40 44
9 87 9 15 38 58 77 87
6 54 6 24 42 54
25 56 25 53 56
3 59 3 9 15 59
29 51 29 36 51
58 87 58 61 71 77 87
38 65 38 62 65
12 74 12 42 46 74
4 42 4 19 42
45 82 45 78 80 82
2 76 2 56 64 76
9 51 9 15 38 51
1 85 1 17 42 46 64 85
51 71 51 61 71
31 82 31 82
32 63 32 42 63
6 83 6 50 62 65 74 83
9 38 9 38
51 82 51 78 80 82
12 49 12 29 35 49
33 82 33 58 80 82
1 76 1 32 49 60 64 76
37 85 37 85
41 80 41 46 64 80
37 72 37 72
18 57 18 53 57
15 43 15 43
1 48 1 17 29 48
58 76 58 76
28 88 28 45 56 57 68 88
12 82 12 21 55 60 64 80 82
6 79 6 8 12 57 64 65 79
48 72 48 63 66 72
17 36 17 29 36
54 67 54 67
19 59 19 32 59
7 77 7 42 54 58 77
25 48 25 28 48
4 42 4 19 32 42
37 83 37 58 60 64 65 74 83
20 62 20 33 43 62
8 33 8 12 18 33
11 58 11 17 29 36 41 58
39 86 39 80 82 86
20 40 20 25 40
37 71 37 58 61 71
11 55 11 35 55
52 64 52 60 64
27 46 27 41 46
32 79 32 45 56 60 73 79
42 88 42 46 68 88
4 59 4 19 32 59
8 33 8 12 18 33
19 55 19 55
14 53 14 53
5 65 5 57 60 64 65
12 51 12 18 36 51
50 71 50 66 71
24 56 24 40 45 56
24 86 24 35 64 80 82 86
3 66 3 33 66
24 77 24 35 71 77
55 80 55 60 64 80
30 74 30 65 74
22 64 22 55 60 64
56 66 56 63 66
11 69 11 56 57 69
42 76 42 46 64 76
2 37 2 30 31 37
46 74 46 64 65 74
50 72 50 72
11 70 11 17 29 35 70
35 65 35 64 65
29 36 29 36
58 77 58 61 71 77
31 61 31 61
0 78 0 41 59 78
51 75 51 75
28 66 28 37 66
26 59 26 41 59
7 53 7 9 15 28 53
6 30 6 13 30
51 61 51 61
8 51 8 12 18 36 51
21 32 21 32
18 71 18 34 39 61 71
2 77 2 53 56 61 71 77
32 78 32 59 78
24 55 24 35 55
43 79 43 62 65 79
21 42 21 32 42
35 66 35 49 66
1 66 1 50 66
24 39 24 34 39
39 80 39 80
14 89 14 59 72 89
52 60 52 60
51 85 51 85
12 68 12 18 33 43 68
46 78 46 78
8 66 8 38 63 66
18 59 18 59
18 32 18 32
34 76 34 39 60 64 76
58 82 58 67 78 80 82
21 77 21 58 61 71 77
56 89 56 73 89
4 46 4 42 46
8 54 8 12 42 54
39 89 39 60 73 89
8 31 8 12 18 25 31
49 62 49 62
15 41 15 41
1 35 1 14 24 35
43 80 43 68 80
10 83 10 48 65 74 83
30 65 30 31 49 62 65
0 72 0 10 33 43 47 66 72
45 84 45 78 84
12 43 12 18 33 43
11 84 11 36 41 58 67 78 84
29 46 29 36 41 46
3 36 3 14 24 36
54 61 54 58 61
20 64 20 49 60 64
31 82 31 82
39 83 39 65 74 83
16 37 16 30 31 37
15 41 15 41
11 34 11 17 34
0 59 0 36 41 59
9 88 9 50 52 88
52 73 52 60 73
19 40 19 40
27 35 27 35
1 39 1 32 34 39
19 87 19 44 64 80 82 87
9 71 9 47 66 71
0 47 0 47
45 79 45 56 62 65 79
10 40 10 18 25 40
29 89 29 36 43 68 89
9 47 9 15 43 47
21 55 21 55
18 38 18 25 28 38
7 39 7 23 25 28 34 39
56 72 56 57 66 72
23 48 23 25 28 48
38 76 38 58 60 64 76
46 88 46 68 88
34 64 34 39 60 64
9 58 9 54 58
11 39 11 17 34 39
21 89 21 34 39 63 66 72 89
42 62 42 54 62
44 79 44 64 65 79
40 73 40 44 73
25 74 25 51 62 65 74
54 79 54 62 65 79
30 81 30 31 63 81
50 88 50 52 88
7 51 7 23 29 36 51
12 54 12 21 32 42 54
31 73 31 37 58 60 73
12 57 12 18 53 56 57
38 71 38 56 61 71
32 64 32 45 56 64
10 45 10 18 32 45
16 43 16 36 43
9 44 9 40 44
33 61 33 43 61
32 81 32 42 63 81
29 69 29 56 57 69
35 78 35 49 78
6 42 6 8 12 21 32 42
20 39 20 25 28 34 39
44 75 44 74 75
14 44 14 24 40 44
38 86 38 72 86
55 89 55 62 65 74 89
17 60 17 40 45 56 57 60
23 33 23 25 33
8 43 8 12 21 29 43
10 33 10 33
28 71 28 37 66 71
10 44 10 18 25 40 44
7 70 7 35 70
16 56 16 30 56
23 36 23 29 36
45 82 45 56 64 80 82
56 70 56 57 70
16 43 16 36 43
8 89 8 47 74 89
21 32 21 32
4 52 4 21 32 49 52
32 76 32 34 39 63 76
57 83 57 64 65 74 83
5 46 5 32 42 46
11 45 11 17 40 45
2 49 2 35 49
6 78 6 51 78
6 57 6 38 56 57
31 73 31 49 60 73
21 56 21 32 45 56
35 87 35 82 87
32 70 32 45 70
22 38 22 38
45 89 45 66 72 89
35 88 35 68 88
31 75 31 37 58 60 64 65 74 75
2 47 2 13 47
19 61 19 45 56 61
28 56 28 53 56
6 61 6 50 52 61
34 89 34 66 72 89
51 74 51 62 65 74
32 88 32 42 46 68 88
28 80 28 48 78 80
40 64 40 45 56 57 60 64
7 72 7 42 72
16 44 16 40 44
35 76 35 55 76
37 64 37 58 60 64
18 79 18 49 60 64 65 79
42 89 42 63 66 72 89
5 45 5 7 45
51 88 51 88
21 46 21 29 36 41 46
29 69 29 57 69
11 70 11 30 31 70
24 75 24 47 65 74 75
51 89 51 65 74 89
32 87 32 45 78 80 82 87
22 58 22 33 58
21 56 21 32 45 56
50 86 50 52 86
42 89 42 72 89
12 76 12 50 76
59 86 59 78 86
39 76 39 60 64 76
31 61 31 37 58 61
21 84 21 34 78 84
50 60 50 52 60
57 82 57 64 80 82
28 86 28 37 72 86
22 47 22 43 47
39 82 39 82
38 60 38 56 60
37 83 37 58 60 64 65 74 83
9 84 9 40 78 84
17 35 17 29 35
9 57 9 40 45 56 57
34 79 34 65 79
54 80 54 80
55 74 55 65 74
54 61 54 61
13 80 13 42 54 67 80
8 47 8 29 36 43 47
19 56 19 45 56
6 85 6 50 52 60 64 85
45 62 45 56 62
47 81 47 81
31 89 31 73 89
20 45 20 25 40 45
54 61 54 58 61
48 81 48 63 81
59 83 59 64 65 74 83
14 56 14 45 56
12 57 12 21 56 57
47 77 47 66 71 77
34 63 34 39 63
6 56 6 8 12 28 38 56
12 44 12 18 25 40 44
44 75 44 64 65 74 75
0 44 0 40 44
7 56 7 45 56
9 58 9 15 28 37 58
43 65 43 62 65
41 70 41 70
55 62 55 62
8 35 8 29 35
27 52 27 35 49 52
0 82 0 36 60 64 80 82
18 70 18 34 39 70
15 41 15 41
41 83 41 46 65 74 83
38 86 38 51 71 86
18 50 18 50
14 43 14 43
56 84 56 78 84
7 65 7 58 60 64 65
16 52 16 30 31 49 52
16 43 16 43
29 86 29 35 72 86
17 40 17 40
3 69 3 40 45 56 57 69
29 73 29 35 55 60 73
53 75 53 56 65 74 75
10 47 10 43 47
6 49 6 13 30 31 49
54 64 54 58 60 64
10 48 10 48
0 74 0 13 39 65 74
46 84 46 78 84
6 32 6 8 12 18 32
47 70 47 70
46 80 46 80
5 74 5 39 60 64 65 74
8 32 8 12 18 32
44 87 44 73 87
51 88 51 88
12 33 12 18 33
27 78 27 46 78
47 89 47 65 74 89
50 70 50 70
43 79 43 47 65 79
24 51 24 36 51
16 61 16 30 56 61
26 79 26 57 64 65 79
43 74 43 47 74
43 83 43 83
16 45 16 40 45
43 66 43 47 66
29 57 29 56 57
37 61 37 58 61
46 62 46 62
13 56 13 56
21 59 21 29 36 41 59
24 67 24 42 54 58 67
7 63 7 53 56 63
25 61 25 33 58 61
32 70 32 45 56 57 70
24 44 24 40 44
20 41 20 41
5 55 5 7 23 35 55
8 50 8 12 50
35 70 35 70
3 59 3 36 41 59
28 65 28 34 39 65
58 89 58 60 64 65 74 89
57 70 57 70
52 77 52 61 71 77
18 44 18 25 40 44
12 70 12 47 70
11 59 11 36 41 59
45 64 45 56 57 60 64
29 89 29 35 68 89
53 64 53 56 64
41 79 41 65 79
12 75 12 50 52 75
9 39 9 39
8 85 8 41 85
5 33 5 7 9 33
56 70 56 57 70
14 45 14 40 45
49 65 49 52 60 64 65
43 70 43 47 70
53 85 53 57 60 64 85
16 45 16 40 45
25 82 25 28 45 56 57 68 80 82
21 43 21 29 36 43
26 41 26 41
57 85 57 60 64 85
39 73 39 60 73
9 46 9 15 41 46
24 58 24 58
20 49 20 25 31 49
22 84 22 46 78 84
13 31 13 30 31
28 87 28 38 68 80 82 87
6 82 6 13 30 80 82
42 72 42 72
55 64 55 60 64
10 51 10 18 36 51
7 75 7 53 74 75
8 38 8 38
34 69 34 39 69
29 69 29 37 58 69
24 42 24 42
7 49 7 23 25 31 49
36 84 36 41 78 84
53 60 53 57 60
39 75 39 62 65 74 75
30 67 30 31 37 58 67
55 83 55 60 64 65 74 83
10 58 10 22 38 58
20 46 20 41 46
7 49 7 23 25 31 49
24 52 24 35 49 52
50 70 50 70
3 39 3 8 39
58 71 58 67 71
25 80 25 57 68 80
19 73 19 54 58 60 73
21 41 21 29 36 41
6 44 6 24 40 44
34 84 34 78 84
25 56 25 53 56
41 62 41 46 62
45 71 45 71
12 45 12 18 32 45
57 74 57 64 65 74
13 57 13 56 57
35 74 35 55 62 65 74
38 71 38 56 61 71
36 66 36 43 47 66
27 75 27 49 60 64 65 74 75
4 84 4 57 84
27 46 27 41 46
18 65 18 25 51 65
12 72 12 44 72
25 57 25 28 45 56 57
16 65 16 52 60 64 65
37 69 37 69
30 76 30 56 57 76
47 80 47 80
37 76 37 58 60 64 76
30 71 30 56 61 71
30 71 30 31 49 66 71
10 43 10 18 33 43
33 65 33 43 62 65
11 42 11 17 42
20 45 20 40 45
8 34 8 12 18 25 28 34
57 85 57 64 85
10 56 10 18 53 56
47 77 47 66 77
38 83 38 58 60 64 65 74 83
8 49 8 12 29 35 49
20 31 20 25 31
40 68 40 45 56 57 68
16 30 16 30
19 75 19 42 75
58 86 58 67 78 80 82 86
58 84 58 67 78 84
5 38 5 7 23 25 28 38
39 89 39 74 89
2 44 2 44
53 76 53 56 60 64 76
18 45 18 25 40 45
6 57 6 13 56 57
52 75 52 75
17 34 17 34
10 65 10 22 44 64 65
12 31 12 18 25 31
53 86 53 57 68 80 82 86
27 46 27 46
4 40 4 19 40
8 34 8 12 21 32 34
46 86 46 82 86
1 51 1 51
3 36 3 36
24 35 24 35
22 67 22 49 67
24 43 24 36 43
4 80 4 57 64 80
14 58 14 54 58
40 72 40 44 72
21 76 21 32 58 76
52 64 52 60 64
26 72 26 41 72
16 57 16 30 56 57
2 46 2 32 42 46
53 86 53 61 71 86
26 70 26 48 70
4 64 4 26 57 64
34 64 34 39 60 64
21 55 21 55
32 67 32 49 67
8 49 8 12 29 35 49
14 45 14 24 40 45
56 69 56 57 69
11 60 11 56 57 60
36 61 36 51 61
53 61 53 56 61
14 34 14 24 34
22 46 22 46
48 88 48 88
7 37 7 23 29 37
30 61 30 31 49 52 61
5 50 5 7 9 50
57 84 57 78 84
48 71 48 63 66 71
55 75 55 62 65 74 75
56 60 56 60
28 37 28 37
56 75 56 64 65 74 75
36 60 36 41 58 60
30 68 30 31 68
35 73 35 55 60 73
22 35 22 35
31 85 31 49 52 60 64 85
22 57 22 45 56 57
39 82 39 80 82
23 89 23 25 28 47 89
12 56 12 18 53 56
32 83 32 45 56 65 74 83
18 34 18 34
15 34 15 28 34
6 47 6 24 36 43 47
2 31 2 13 30 31
44 75 44 75
19 89 19 46 74 89
23 78 23 25 53 57 78
47 65 47 65
9 33 9 33
21 32 21 32
50 81 50 70 81
30 80 30 31 37 58 67 80
15 66 15 43 47 66
6 88 6 24 43 68 88
38 81 38 63 81
24 57 24 40 45 56 57
8 79 8 38 51 79
33 68 33 43 68
6 30 6 13 30
34 86 34 39 63 66 71 86
17 39 17 34 39
38 64 38 56 60 64
3 59 3 36 41 59
0 86 0 41 68 86
29 86 29 56 63 66 72 86
25 57 25 57
23 58 23 29 37 58
31 61 31 49 52 61
34 81 34 81
5 53 5 7 23 25 28 53
40 75 40 45 56 65 74 75
12 52 12 21 32 49 52
10 50 10 50
34 70 34 39 70
18 52 18 49 52
39 89 39 70 89
50 83 50 65 74 83
58 61 58 61
58 80 58 60 64 80
30 70 30 31 70
56 63 56 63
1 57 1 32 45 56 57
46 65 46 64 65
31 79 31 49 62 65 79
31 80 31 37 58 80
5 82 5 57 64 80 82
45 70 45 56 57 70
24 55 24 55
5 33 5 7 23 25 33
38 81 38 63 81
8 81 8 47 70 81
13 87 13 30 65 87
34 79 34 65 79
52 77 52 61 71 77
3 51 3 20 25 51
16 75 16 30 75
4 49 4 21 32 49
14 49 14 24 35 49
2 88 2 50 52 88
9 77 9 47 66 71 77
39 80 39 60 64 80
54 71 54 58 61 71
15 79 15 52 60 73 79
27 83 27 46 64 65 74 83
23 47 23 29 43 47
4 60 4 42 54 58 60
4 61 4 29 35 49 52 61
13 39 13 39
18 60 18 37 58 60
7 44 7 9 40 44
48 79 48 65 79
21 46 21 29 36 41 46
25 34 25 28 34
9 66 9 47 66
3 34 3 20 25 28 34
56 81 56 57 70 81
36 78 36 41 46 78
10 39 10 18 34 39
10 82 10 48 78 80 82
57 60 57 60
34 83 34 39 65 74 83
57 83 57 64 65 74 83
25 71 25 52 61 71
43 83 43 47 65 74 83
13 46 13 42 46
36 70 36 43 47 70
8 77 8 47 66 77
9 47 9 15 28 47
45 66 45 66
28 37 28 37
10 32 10 18 32
2 68 2 32 42 68
41 69 41 58 69
58 89 58 67 89
52 61 52 61
15 59 15 41 59
24 56 24 40 45 56
6 71 6 51 71
47 71 47 66 71
40 62 40 45 56 62
50 82 50 52 80 82
18 79 18 49 79
38 70 38 56 57 70
0 83 0 2 44 74 83
56 74 56 65 74
27 86 27 39 60 64 80 82 86
20 43 20 43
3 47 3 33 43 47
37 86 37 72 86
38 89 38 68 89
10 78 10 33 58 67 78
52 87 52 77 87
34 71 34 66 71
32 70 32 45 56 57 70
17 81 17 42 63 81
8 84 8 54 67 78 84
2 66 2 13 39 63 66
32 68 32 45 56 57 68
9 34 9 15 28 34
4 35 4 29 35
16 31 16 30 31
56 78 56 57 78
13 80 13 31 49 67 80
37 73 37 58 73
38 67 38 58 67
5 39 5 7 9 39
5 81 5 7 41 70 81
42 79 42 54 58 60 64 65 79
55 73 55 60 73
12 86 12 28 37 66 72 86
40 71 40 45 56 61 71
31 66 31 37 66
24 35 24 35
25 44 25 40 44
43 86 43 47 66 72 86
23 58 23 37 58
25 34 25 28 34
38 64 38 56 64
15 34 15 28 34
15 77 15 43 47 66 77
2 65 2 53 56 65
49 73 49 52 60 73
50 79 50 79
43 68 43 68
18 43 18 33 43
28 85 28 45 56 64 85
58 64 58 60 64
19 46 19 46
50 76 50 76
26 48 26 48
1 78 1 14 34 78
29 48 29 48
38 80 38 51 80
2 45 2 32 45
42 63 42 63
37 72 37 72
4 89 4 45 89
37 79 37 58 73 79
10 83 10 50 62 65 74 83
42 61 42 54 58 61
34 79 34 65 79
32 77 32 67 71 77
57 69 57 69
37 79 37 58 73 79
25 89 25 52 60 73 89
17 61 17 53 56 61
1 35 1 17 29 35
18 49 18 25 31 49
33 77 33 66 71 77
25 74 25 52 60 64 65 74
42 62 42 54 62
11 47 11 17 29 43 47
29 65 29 43 47 65
36 80 36 51 80
51 78 51 78
33 65 33 58 60 64 65
44 89 44 73 89
7 81 7 36 81
59 74 59 74
53 79 53 79
21 35 21 29 35
31 73 31 73
0 43 0 10 33 43
29 63 29 48 63
15 77 15 39 63 66 77
32 82 32 34 78 80 82
18 51 18 36 51
42 78 42 54 67 78
25 79 25 31 49 73 79
14 59 14 24 36 41 59
9 75 9 50 65 74 75
11 89 11 43 47 74 89
20 57 20 40 45 56 57
11 34 11 17 34
56 77 56 61 71 77
41 73 41 58 73
33 80 33 58 60 64 80
9 45 9 40 45
41 83 41 74 83
52 71 52 61 71
10 34 10 34
46 74 46 74
38 70 38 56 57 70
2 39 2 13 39
43 89 43 68 89
44 74 44 64 65 74
8 34 8 12 21 34
27 48 27 48
4 56 4 29 56
24 70 24 47 70
5 78 5 32 67 78
1 84 1 17 42 54 67 78 84
58 65 58 60 64 65
1 51 1 51
2 54 2 32 42 54
50 75 50 65 74 75
54 78 54 67 78
34 66 34 39 63 66
10 43 10 33 43
54 89 54 58 73 89
18 52 18 52
58 61 58 61
17 45 17 40 45
50 60 50 52 60
6 38 6 8 12 28 38
3 43 3 20 33 43
33 75 33 58 75
4 57 4 19 40 45 56 57
31 75 31 49 60 64 65 74 75
51 71 51 71
3 55 3 8 29 35 55
41 88 41 46 68 88
50 88 50 52 88
31 68 31 68
5 79 5 57 60 73 79
33 89 33 66 72 89
18 56 18 53 56
6 37 6 13 31 37
48 86 48 78 80 82 86
38 69 38 51 69
36 88 36 41 88
49 86 49 66 72 86
30 87 30 31 61 71 77 87
24 44 24 40 44
36 73 36 60 73
11 38 11 38
24 79 24 47 65 79
0 44 0 10 22 44
29 46 29 36 41 46
53 84 53 57 78 84
58 80 58 67 80
18 38 18 25 28 38
26 55 26 55
12 43 12 21 29 36 43
43 86 43 82 86
52 88 52 88
58 82 58 67 80 82
16 51 16 36 51
7 58 7 36 41 58
6 38 6 8 38
2 73 2 13 30 56 60 73
24 51 24 36 51
15 34 15 28 34
30 60 30 31 49 52 60
6 87 6 34 78 80 82 87
38 62 38 51 62
49 86 49 86
42 67 42 54 67
56 79 56 62 65 79
25 56 25 53 56
11 62 11 30 31 49 62
40 74 40 44 64 65 74
14 81 14 40 45 81
42 80 42 46 80
16 79 16 59 64 65 79
5 59 5 7 41 59
16 86 16 40 82 86
26 46 26 41 46
47 80 47 80
2 57 2 32 45 56 57
5 48 5 7 23 29 48
0 31 0 8 12 18 25 31
35 65 35 64 65
5 82 5 39 80 82
25 82 25 31 49 60 64 80 82
3 55 3 8 29 35 55
7 37 7 9 15 28 37
4 79 4 45 56 65 79
22 53 22 53
28 47 28 47
32 63 32 42 63
3 48 3 20 25 28 48
1 62 1 50 62
24 39 24 34 39
53 63 53 56 63
9 67 9 54 67
0 78 0 35 49 67 78
38 77 38 51 71 77
10 76 10 22 44 76
17 52 17 29 35 49 52
49 88 49 52 88
33 78 33 58 67 78
35 67 35 49 67
48 79 48 62 65 79
19 89 19 44 89
24 40 24 40
18 58 18 42 54 58
35 64 35 55 60 64
18 78 18 59 78
24 68 24 36 41 46 68
3 67 3 49 67
50 76 50 52 60 64 76
22 52 22 35 49 52
33 67 33 58 67
0 30 0 13 30
23 78 23 35 49 67 78
22 58 22 33 58
29 66 29 48 63 66
2 42 2 32 42
58 65 58 60 64 65
3 52 3 8 12 28 52
0 53 0 8 12 28 53
53 85 53 57 64 85
27 71 27 52 61 71
49 66 49 66
52 60 52 60
1 51 1 17 29 36 51
35 79 35 64 65 79
56 62 56 62
3 40 3 8 12 18 25 40
57 86 57 64 80 82 86
44 79 44 73 79
6 31 6 13 31
6 73 6 38 56 73
8 47 8 12 18 47
19 55 19 55
50 82 50 80 82
28 45 28 45
14 41 14 24 36 41
4 40 4 19 40
17 37 17 29 37
56 69 56 57 69
26 67 26 41 58 67
38 77 38 58 77
1 88 1 14 53 57 68 88
7 33 7 23 25 33
42 82 42 46 68 80 82
9 41 9 15 41
24 86 24 43 61 71 86
6 86 6 47 66 72 86
55 64 55 60 64
6 47 6 47
41 60 41 58 60
15 65 15 39 65
56 62 56 62
40 81 40 45 70 81
10 49 10 18 25 31 49
53 70 53 56 57 70
23 56 23 25 40 45 56
22 82 22 33 43 47 80 82
53 81 53 57 81
56 69 56 57 69
40 88 40 45 56 57 88
33 71 33 43 47 66 71
35 68 35 68
6 43 6 24 36 43
53 84 53 56 57 84
38 85 38 51 85
3 54 3 9 54
57 86 57 78 80 82 86
57 70 57 70
52 64 52 60 64
3 87 3 33 43 82 87
9 45 9 40 45
8 74 8 29 57 60 64 65 74
36 68 36 43 68
58 76 58 76
3 43 3 20 43
17 78 17 51 78
5 44 5 7 23 25 40 44
40 74 40 44 74
37 79 37 58 60 64 65 79
21 57 21 32 45 56 57
32 77 32 58 61 71 77
32 84 32 67 78 84
25 56 25 40 45 56
48 88 48 88
19 34 19 32 34
8 53 8 12 18 53
32 64 32 58 60 64
3 37 3 9 15 28 37
0 66 0 35 49 66
51 71 51 71
20 47 20 33 43 47
37 66 37 66
35 70 35 70
41 76 41 76
16 88 16 52 88
1 55 1 55
57 78 57 78
10 63 10 34 39 63
53 81 53 56 81
49 72 49 66 72
22 47 22 43 47
30 84 30 56 84
22 77 22 45 71 77
18 51 18 36 51
48 72 48 63 66 72
3 80 3 33 43 68 80
4 66 4 34 66
54 60 54 58 60
33 65 33 43 62 65
0 58 0 28 38 58
11 69 11 17 29 43 69
45 60 45 56 60
38 79 38 58 60 73 79
47 89 47 70 89
7 38 7 9 15 38
10 89 10 22 38 89
7 59 7 41 59
10 57 10 53 57
32 73 32 45 56 60 73
43 66 43 47 66
54 79 54 58 60 64 65 79
37 71 37 66 71
5 53 5 7 23 25 28 53
0 43 0 43
48 80 48 78 80
17 81 17 40 45 81
5 83 5 39 62 65 74 83
54 77 54 58 61 71 77
35 87 35 77 87
3 35 3 8 29 35
13 77 13 42 54 58 67 71 77
26 73 26 57 60 73
32 61 32 42 54 61
56 62 56 62
0 79 0 50 79
41 67 41 58 67
25 44 25 40 44
28 57 28 38 56 57
49 83 49 52 60 64 65 74 83
31 63 31 63
44 64 44 64
27 74 27 58 60 64 65 74
27 47 27 47
59 72 59 72
53 60 53 56 60
2 51 2 38 51
24 55 24 55
48 75 48 65 74 75
23 44 23 25 40 44
29 43 29 43
3 89 3 20 57 70 89
36 79 36 65 79
17 75 17 40 45 56 65 74 75
13 39 13 39
4 44 4 19 44
37 65 37 58 60 64 65
28 38 28 38
22 44 22 44
54 73 54 58 73
49 80 49 78 80
19 56 19 45 56
3 39 3 9 39
31 70 31 70
18 41 18 36 41
2 38 2 38
43 89 43 68 89
50 65 50 52 60 64 65
20 46 20 41 46
22 62 22 38 51 62
40 88 40 45 56 57 68 88
28 78 28 57 78
29 47 29 36 43 47
10 87 10 18 37 82 87
7 81 7 48 81
30 80 30 80
23 78 23 29 56 57 78
6 39 6 8 39
33 62 33 43 62
7 45 7 45
42 78 42 78
33 61 33 58 61
23 53 23 25 53
12 52 12 50 52
42 81 42 63 81
18 56 18 53 56
29 62 29 56 62
3 46 3 14 42 46
11 36 11 17 29 36
30 64 30 31 49 60 64
34 87 34 66 77 87
2 79 2 50 52 60 73 79
10 48 10 48
26 84 26 57 78 84
3 46 3 46
1 42 1 32 42
8 51 8 29 36 51
11 55 11 35 55
18 79 18 59 64 65 79
1 81 1 32 34 39 63 81
3 38 3 20 25 28 38
14 87 14 54 61 71 77 87
29 35 29 35
33 82 33 43 47 80 82
34 65 34 65
24 75 24 55 65 74 75
5 39 5 34 39
7 78 7 53 57 78
29 46 29 36 41 46
5 58 5 7 23 29 37 58
24 44 24 40 44
36 80 36 43 47 80
23 40 23 25 40
25 58 25 31 37 58
7 55 7 23 29 35 55
37 71 37 71
14 55 14 24 55
18 41 18 36 41
34 84 34 78 84
45 66 45 56 57 66
6 55 6 8 12 21 29 35 55
0 51 0 20 25 51
32 89 32 67 89
34 66 34 66
38 77 38 56 63 66 71 77
59 83 59 74 83
8 43 8 12 18 25 43
18 74 18 37 58 60 64 65 74
3 47 3 36 43 47
25 33 25 33
2 54 2 13 42 54
18 50 18 50
39 76 39 60 64 76
3 52 3 20 49 52
18 37 18 37
20 51 20 25 51
25 48 25 28 48
24 80 24 34 39 60 64 80
25 31 25 31
12 50 12 50
40 82 40 64 80 82
56 83 56 65 74 83
3 34 3 14 34
23 58 23 29 37 58
17 47 17 29 36 43 47
39 66 39 63 66
46 65 46 65
3 59 3 20 59
28 52 28 52
32 78 32 49 67 78
29 41 29 36 41
29 65 29 36 41 58 60 64 65
10 34 10 34
23 47 23 29 43 47
5 79 5 52 60 64 65 79
59 82 59 64 80 82
32 73 32 58 73
53 78 53 57 78
54 76 54 58 60 64 76
32 60 32 42 60
0 61 0 8 37 58 61
30 86 30 80 82 86
20 58 20 33 58
4 39 4 26 34 39
12 34 12 21 32 34
54 71 54 58 67 71
56 64 56 64
8 63 8 39 63
39 76 39 63 76
40 62 40 45 56 62
9 56 9 56
5 37 5 7 23 25 28 37
48 71 48 63 66 71
25 57 25 40 45 56 57
42 81 42 63 81
21 56 21 32 45 56
39 82 39 80 82
19 71 19 45 66 71
31 65 31 37 58 60 64 65
29 58 29 36 41 58
47 72 47 66 72
15 67 15 38 58 67
29 71 29 36 51 61 71
18 84 18 54 58 67 78 84
18 56 18 25 28 45 56
15 64 15 41 59 64
45 82 45 78 80 82
42 61 42 61
38 79 38 51 62 65 79
7 68 7 53 56 57 68
49 73 49 60 73
41 76 41 76
4 58 4 29 37 58
1 31 1 30 31
3 47 3 36 43 47
32 62 32 42 46 62
13 57 13 56 57
11 45 11 17 40 45
14 46 14 42 46
41 69 41 58 69
30 78 30 56 78
2 85 2 57 64 85
53 85 53 57 60 64 85
56 78 56 78
14 79 14 59 64 65 79
14 57 14 24 40 45 56 57
11 69 11 56 57 69
24 84 24 36 51 78 84
7 50 7 9 50
25 38 25 28 38
19 43 19 33 43
27 59 27 41 59
41 75 41 59 64 65 74 75
2 38 2 38
4 54 4 42 54
10 81 10 22 53 57 70 81
27 52 27 52
18 54 18 42 54
29 48 29 48
24 58 24 58
39 62 39 62
30 83 30 65 74 83
52 83 52 60 64 65 74 83
36 83 36 41 46 65 74 83
48 63 48 63
26 47 26 47
22 62 22 53 56 62
40 81 40 45 56 81
37 66 37 66
36 66 36 43 47 66
12 68 12 42 46 68
57 84 57 78 84
59 78 59 78
42 68 42 68
28 58 28 37 58
25 47 25 43 47
20 33 20 33
31 72 31 63 66 72
36 75 36 62 65 74 75
55 79 55 62 65 79
8 45 8 12 18 32 45
51 69 51 69
56 82 56 57 78 80 82
7 85 7 23 35 64 85
36 72 36 41 59 72
57 60 57 60
57 65 57 64 65
41 81 41 81
13 31 13 30 31
47 72 47 66 72
4 89 4 19 40 64 65 74 89
47 86 47 80 82 86
31 76 31 37 58 76
54 79 54 79
19 45 19 32 45
55 89 55 62 65 74 89
57 79 57 64 65 79
50 87 50 66 77 87
10 35 10 22 35
48 83 48 65 74 83
38 68 38 56 57 68
41 77 41 61 71 77
24 72 24 35 49 66 72
13 30 13 30
8 55 8 12 21 55
32 64 32 49 52 60 64
25 51 25 28 38 51
12 49 12 21 32 49
34 65 34 65
47 66 47 66
52 75 52 60 64 65 74 75
17 52 17 29 35 49 52
18 42 18 42
18 57 18 25 57
2 85 2 50 52 60 64 85
5 74 5 57 60 64 65 74
46 65 46 64 65
55 73 55 60 73
54 80 54 58 80
32 73 32 34 39 60 73
10 33 10 18 25 33
9 64 9 33 58 60 64
15 44 15 44
41 77 41 58 77
10 89 10 18 50 62 65 74 89
27 58 27 41 58
57 87 57 71 87
53 62 53 56 62
6 48 6 8 12 18 25 28 48
24 45 24 40 45
50 70 50 70
17 79 17 40 44 64 65 79
15 83 15 28 53 57 60 64 65 74 83
16 47 16 47
24 49 24 35 49
20 64 20 31 49 60 64
7 49 7 35 49
10 78 10 34 78
59 76 59 64 76
39 86 39 61 71 86
7 41 7 23 29 36 41
36 80 36 80
36 61 36 43 61
0 41 0 2 41
14 88 14 53 56 57 88
16 30 16 30
12 56 12 28 38 56
42 75 42 75
32 67 32 49 67
47 71 47 66 71
54 85 54 85
27 49 27 49
3 39 3 20 25 28 39
56 78 56 78
37 83 37 58 60 64 65 74 83
3 84 3 20 31 78 84
17 57 17 40 45 56 57
7 82 7 48 78 80 82
33 77 33 58 61 71 77
23 85 23 29 36 60 64 85
19 33 19 33
5 82 5 32 64 80 82
19 34 19 32 34
35 68 35 68
21 60 21 34 39 60
14 41 14 24 36 41
10 36 10 18 36
5 38 5 7 23 25 28 38
56 83 56 65 74 83
13 49 13 30 31 49
26 71 26 39 61 71
14 55 14 24 55
24 86 24 55 72 86
52 60 52 60
28 71 28 37 58 67 71
14 53 14 53
7 38 7 23 25 28 38
26 34 26 34
57 79 57 60 64 65 79
58 75 58 75
19 40 19 40
20 83 20 33 58 60 64 65 74 83
58 83 58 60 64 65 74 83
18 85 18 36 41 59 85
23 48 23 25 28 48
41 86 41 72 86
27 41 27 41
19 76 19 46 64 76
34 75 34 65 74 75
6 50 6 50
3 45 3 20 40 45
16 59 16 59
17 49 17 29 35 49
54 77 54 61 71 77
48 77 48 63 66 71 77
13 37 13 30 31 37
31 84 31 49 84
58 67 58 67
44 76 44 76
6 46 6 41 46
15 85 15 51 85
50 83 50 83
24 34 24 34
24 34 24 34
39 71 39 61 71
0 55 0 2 35 55
0 30 0 2 13 30
7 44 7 9 40 44
25 38 25 28 38
22 64 22 49 60 64
35 60 35 49 52 60
6 86 6 51 78 80 82 86
36 64 36 41 59 64
0 85 0 2 53 85
38 86 38 68 86
6 32 6 8 12 18 32
52 75 52 75
5 33 5 7 23 25 33
2 39 2 32 34 39
5 52 5 32 49 52
6 55 6 24 35 55
58 83 58 60 64 65 74 83
45 74 45 56 64 65 74
7 51 7 36 51
28 85 28 37 58 60 64 85
24 55 24 35 55
14 63 14 34 39 63
5 38 5 7 9 38
3 50 3 9 50
50 87 50 62 65 87
24 64 24 58 60 64
46 88 46 68 88
51 75 51 75
30 80 30 56 57 60 64 80
16 31 16 30 31
47 87 47 80 82 87
2 62 2 38 51 62
33 74 33 58 60 64 65 74
5 56 5 32 45 56
29 36 29 36
28 48 28 48
10 59 10 18 36 41 59
0 55 0 10 22 35 55
10 82 10 22 35 80 82
9 88 9 38 56 57 68 88
6 58 6 8 12 21 58
58 79 58 60 73 79
15 89 15 28 48 62 65 74 89
27 60 27 49 60
28 73 28 57 60 73
30 62 30 56 62
10 36 10 18 36
1 59 1 32 59
40 82 40 44 64 80 82
14 34 14 24 34
47 75 47 74 75
12 82 12 57 60 64 80 82
19 67 19 42 54 58 67
36 72 36 41 59 72
21 42 21 32 42
16 70 16 47 70
1 50 1 50
49 64 49 60 64
55 76 55 76
7 63 7 9 38 63
26 47 26 47
11 89 11 58 60 64 65 74 89
56 73 56 60 73
18 52 18 25 28 52
9 56 9 38 56
8 56 8 38 56
5 40 5 7 9 40
6 61 6 51 61
18 65 18 25 53 56 64 65
32 86 32 45 78 80 82 86
25 47 25 43 47
48 86 48 63 66 72 86
8 52 8 29 35 49 52
11 79 11 52 60 73 79
22 45 22 45
7 38 7 9 38
54 78 54 67 78
12 70 12 21 32 45 56 57 70
8 35 8 12 21 29 35
1 55 1 55
50 62 50 62
50 74 50 65 74
31 62 31 49 62
36 76 36 43 47 76
3 86 3 20 41 46 68 80 82 86
1 47 1 17 29 43 47
3 82 3 20 43 82
55 87 55 62 65 87
15 58 15 28 37 58
36 73 36 41 58 73
28 68 28 57 68
21 65 21 51 62 65
19 33 19 33
6 33 6 8 12 18 33
40 60 40 45 56 57 60
19 59 19 32 59
16 83 16 40 83
57 68 57 68
2 38 2 38
32 79 32 45 56 60 64 65 79
41 71 41 58 61 71
42 85 42 60 64 85
10 73 10 34 39 60 73
55 76 55 60 64 76
4 81 4 21 57 70 81
32 75 32 59 74 75
54 89 54 67 89
32 65 32 45 56 60 64 65
13 42 13 42
58 65 58 60 64 65
51 65 51 65
23 31 23 25 31
7 35 7 23 35
15 88 15 45 56 57 88
49 83 49 74 83
5 36 5 7 23 29 36
33 64 33 58 60 64
49 60 49 52 60
22 35 22 35
3 52 3 8 29 35 49 52
5 53 5 7 23 25 53
16 50 16 50
32 82 32 58 60 64 80 82
31 81 31 37 81
0 67 0 2 49 67
23 85 23 39 60 64 85
38 65 38 58 60 64 65
47 80 47 80
27 84 27 35 49 78 84
45 79 45 56 79
16 87 16 50 65 87
42 89 42 54 62 65 74 89
50 81 50 70 81
32 67 32 49 67
49 67 49 67
39 62 39 62
36 81 36 81
28 80 28 39 80
20 39 20 25 28 34 39
11 76 11 30 56 63 76
25 65 25 40 44 64 65
16 89 16 50 66 72 89
19 58 19 42 54 58
10 76 10 33 43 47 76
0 50 0 8 12 50
5 70 5 34 39 70
6 60 6 8 12 21 55 60
49 65 49 60 64 65
20 45 20 25 28 45
12 73 12 29 35 49 52 60 73
20 83 20 43 83
9 45 9 40 45
30 66 30 56 63 66
15 81 15 41 81
8 59 8 41 59
14 53 14 53
25 68 25 57 68
33 65 33 43 47 65
40 76 40 45 56 60 64 76
52 77 52 77
18 79 18 50 52 60 64 65 79
10 50 10 18 50
33 78 33 58 67 78
41 83 41 46 74 83
26 66 26 34 66
33 84 33 58 67 78 84
26 48 26 48
42 67 42 54 67
34 70 34 39 70
45 79 45 56 73 79
8 76 8 37 58 60 64 76
10 58 10 33 58
58 79 58 60 73 79
23 31 23 25 31
50 72 50 72
19 73 19 45 56 57 60 73
12 45 12 28 45
47 79 47 65 79
6 54 6 8 12 21 32 42 54
5 52 5 32 49 52
35 84 35 49 84
23 35 23 35
6 51 6 51
18 53 18 25 53
31 66 31 37 66
6 43 6 8 12 21 29 36 43
1 75 1 14 53 57 64 65 74 75
40 66 40 45 66
23 47 23 25 28 47
37 72 37 66 72
48 65 48 62 65
22 86 22 33 43 82 86
12 71 12 21 51 71
8 53 8 12 28 53
24 55 24 35 55
16 77 16 47 66 71 77
14 54 14 24 42 54
57 73 57 60 73
2 39 2 13 39
27 63 27 39 63
54 77 54 58 67 77
17 51 17 51
55 60 55 60
24 89 24 40 66 72 89
53 86 53 61 71 86
53 64 53 56 57 60 64
5 34 5 34
5 48 5 7 23 25 28 48
32 68 32 45 56 57 68
54 76 54 58 60 64 76
7 64 7 23 35 55 60 64
3 83 3 33 43 47 74 83
30 77 30 56 63 66 77
42 69 42 69
20 58 20 25 33 58
28 45 28 45
14 59 14 59
5 35 5 7 23 29 35
43 80 43 47 80
27 35 27 35
4 44 4 19 44
57 65 57 64 65
10 78 10 22 46 78
45 71 45 71
57 73 57 60 73
21 34 21 34
53 72 53 63 66 72
14 34 14 24 34
4 68 4 57 68
7 49 7 35 49
18 45 18 32 45
34 75 34 65 74 75
0 34 0 20 25 28 34
23 84 23 37 84
55 60 55 60
9 89 9 15 59 64 65 74 89
56 87 56 62 65 87
4 43 4 33 43
4 54 4 21 32 42 54
49 82 49 67 78 80 82
42 83 42 60 64 65 74 83
36 73 36 41 58 60 73
22 46 22 46
55 86 55 60 64 80 82 86
46 75 46 75
38 64 38 56 57 64
57 68 57 68
0 78 0 10 22 38 56 78
3 58 3 14 42 54 58
14 87 14 54 77 87
28 78 28 48 78
21 83 21 58 60 64 65 74 83
27 59 27 41 59
44 79 44 73 79
5 69 5 34 39 69
8 41 8 12 21 29 36 41
7 59 7 23 29 36 41 59
40 80 40 45 56 64 80
0 43 0 43
15 52 15 52
35 82 35 55 60 64 80 82
22 47 22 43 47
0 74 0 36 51 65 74
29 41 29 36 41
5 87 5 52 80 82 87
34 87 34 39 62 65 87
33 87 33 58 73 87
56 76 56 57 60 64 76
42 74 42 60 64 65 74
16 40 16 40
52 82 52 60 64 80 82
19 44 19 44
4 47 4 26 47
25 61 25 31 37 58 61
8 55 8 12 21 29 35 55
33 73 33 58 73
33 69 33 43 69
6 74 6 47 65 74
0 30 0 13 30
29 62 29 48 62
4 41 4 21 29 36 41
17 47 17 29 43 47
0 44 0 8 12 18 25 40 44
36 70 36 41 70
23 58 23 25 33 58
29 56 29 56
25 87 25 31 68 80 82 87
58 64 58 60 64
31 71 31 61 71
18 37 18 25 31 37
12 50 12 50
22 83 22 44 64 65 74 83
3 46 3 46
31 62 31 49 62
11 55 11 35 55
15 69 15 45 56 57 69
49 65 49 60 64 65
24 57 24 40 45 56 57
27 83 27 39 60 64 65 74 83
16 76 16 30 56 57 76
36 75 36 60 64 65 74 75
19 71 19 32 34 39 61 71
25 87 25 40 44 73 87
52 74 52 60 64 65 74
14 57 14 45 56 57
51 83 51 62 65 74 83
54 84 54 58 67 78 84
10 51 10 18 36 51
23 83 23 39 65 74 83
24 74 24 58 60 64 65 74
7 77 7 41 58 67 77
10 39 10 34 39
20 58 20 37 58
25 37 25 28 37
42 77 42 61 71 77
58 65 58 60 64 65
59 75 59 74 75
55 79 55 60 73 79
9 48 9 15 28 48
21 73 21 57 60 73
19 33 19 33
40 61 40 45 56 61
50 88 50 52 88
21 34 21 34
32 74 32 49 62 65 74
39 62 39 62
1 58 1 14 54 58
34 89 34 39 60 73 89
7 47 7 9 15 28 47
7 49 7 23 35 49
9 48 9 15 28 48
7 89 7 23 52 60 73 89
12 85 12 21 34 39 60 64 85
59 65 59 64 65
7 66 7 35 49 66
1 61 1 58 61
27 73 27 58 60 73
12 56 12 28 38 56
10 50 10 50
7 58 7 9 15 38 58
22 38 22 38
45 89 45 70 89
31 75 31 37 58 60 64 65 74 75
34 62 34 39 62
36 81 36 41 81
42 80 42 46 78 80
19 44 19 40 44
16 67 16 30 31 37 58 67
11 60 11 35 55 60
19 79 19 40 44 73 79
15 43 15 43
32 81 32 34 81
12 58 12 42 54 58
22 61 22 53 61
28 47 28 47
17 89 17 42 60 64 65 74 89
1 41 1 17 29 36 41
42 62 42 54 62
1 44 1 17 40 44
35 83 35 64 65 74 83
31 72 31 49 66 72
15 58 15 41 58
5 60 5 57 60
45 86 45 71 86
28 69 28 39 69
34 60 34 39 60
4 32 4 19 32
2 57 2 30 56 57
58 73 58 73
48 74 48 74
57 77 57 66 77
3 54 3 9 54
37 69 37 58 69
24 49 24 35 49
1 58 1 32 42 54 58
1 31 1 30 31
4 40 4 19 40
7 57 7 9 15 38 56 57
50 76 50 52 60 64 76
40 63 40 45 56 63
49 75 49 74 75
54 64 54 58 60 64
25 74 25 53 74
19 61 19 33 43 61
28 83 28 34 83
1 79 1 30 79
25 33 25 33
54 75 54 58 60 64 65 74 75
31 61 31 49 52 61
31 76 31 63 76
16 43 16 36 43
35 75 35 49 52 75
2 76 2 53 57 64 76
5 84 5 34 78 84
31 85 31 37 85
35 70 35 70
32 87 32 34 77 87
38 70 38 56 57 70
32 70 32 45 56 57 70
45 78 45 78
14 68 14 38 68
8 35 8 12 29 35
3 66 3 36 43 47 66
13 64 13 42 54 58 60 64
34 86 34 39 61 71 86
45 78 45 78
0 48 0 8 29 48
27 37 27 37
38 62 38 56 62
3 35 3 8 29 35
10 63 10 48 63
2 76 2 30 76
41 79 41 62 65 79
21 37 21 29 37
12 46 12 21 32 42 46
30 85 30 56 64 85
11 55 11 17 55
32 85 32 58 60 64 85
41 81 41 70 81
30 88 30 56 57 88
6 73 6 24 55 60 73
5 70 5 57 70
18 46 18 42 46
48 70 48 70
41 68 41 46 68
12 52 12 21 29 35 49 52
2 89 2 49 73 89
39 85 39 60 64 85
24 67 24 35 49 67
27 35 27 35
44 75 44 74 75
21 65 21 32 49 52 60 64 65
38 84 38 58 67 78 84
5 47 5 7 36 43 47
48 77 48 63 66 71 77
34 78 34 78
40 74 40 64 65 74
20 40 20 25 40
21 51 21 51
17 57 17 29 56 57
9 40 9 40
27 89 27 35 89
3 82 3 43 82
24 43 24 36 43
21 56 21 29 56
8 33 8 12 18 25 33
5 47 5 7 9 47
24 47 24 36 43 47
58 64 58 60 64
45 66 45 66
12 36 12 18 36
11 31 11 30 31
42 60 42 60
4 57 4 45 56 57
43 69 43 69
38 88 38 56 57 68 88
4 43 4 21 29 43
1 76 1 58 60 64 76
37 64 37 58 60 64
8 38 8 12 28 38
11 69 11 41 58 69
38 75 38 58 60 64 65 74 75
39 72 39 63 66 72
14 35 14 24 35
56 62 56 62
4 75 4 54 62 65 74 75
27 41 27 41
32 69 32 58 69
24 43 24 36 43
47 70 47 70
37 84 37 84
6 40 6 8 12 18 25 40
32 83 32 34 65 74 83
40 76 40 45 56 63 76
20 43 20 43
15 88 15 52 88
41 74 41 46 62 65 74
16 59 16 36 41 59
21 59 21 32 59
4 48 4 21 29 48
52 71 52 61 71
46 75 46 62 65 74 75
6 35 6 8 29 35
29 35 29 35
4 70 4 56 57 70
6 77 6 41 61 71 77
14 73 14 34 39 60 73
25 33 25 33
19 59 19 32 59
18 48 18 25 28 48
33 66 33 43 47 66
20 41 20 41
9 47 9 47
59 82 59 78 80 82
59 79 59 64 65 79
32 74 32 42 46 62 65 74
6 78 6 38 51 78
22 46 22 46
36 80 36 41 78 80
42 89 42 72 89
2 78 2 56 78
59 82 59 78 80 82
37 76 37 58 60 64 76
43 69 43 69
24 43 24 43
12 55 12 29 35 55
40 85 40 44 64 85
26 47 26 47
43 71 43 61 71
35 72 35 55 72
37 64 37 58 60 64
38 80 38 58 60 64 80
18 59 18 36 41 59
29 46 29 36 41 46
31 63 31 63
51 87 51 61 71 77 87
30 81 30 81
0 66 0 27 49 66
50 82 50 52 80 82
9 33 9 33
56 86 56 57 78 86
30 86 30 80 82 86
40 70 40 45 70
6 56 6 13 30 56
41 88 41 59 88
44 82 44 64 80 82
11 56 11 17 53 56
32 80 32 34 39 80
42 68 42 46 68
50 66 50 66
3 42 3 8 12 18 32 42
16 63 16 34 39 63
34 65 34 65
21 63 21 34 39 63
56 63 56 63
54 85 54 85
6 71 6 50 52 61 71
38 64 38 58 60 64
23 41 23 29 36 41
31 77 31 49 66 71 77
9 57 9 38 56 57
34 64 34 39 60 64
38 89 38 51 89
24 36 24 36
11 79 11 52 60 64 65 79
53 60 53 57 60
34 76 34 39 60 64 76
36 69 36 51 69
50 71 50 52 61 71
14 43 14 24 36 43
0 50 0 50
7 68 7 45 56 57 68
19 42 19 42
43 68 43 68
35 79 35 49 52 60 64 65 79
11 53 11 17 53
41 73 41 58 73
11 40 11 17 40
20 46 20 41 46
9 54 9 54
5 37 5 7 23 25 28 37
0 51 0 8 29 36 51
2 59 2 32 59
41 88 41 68 88
17 55 17 55
18 47 18 47
5 72 5 7 45 66 72
27 68 27 46 68
42 72 42 72
55 64 55 60 64
30 65 30 65
9 52 9 15 52
25 75 25 31 37 58 60 64 65 74 75
13 81 13 39 63 81
33 66 33 43 47 66
45 73 45 56 73
12 41 12 29 36 41
8 64 8 12 21 56 57 60 64
24 58 24 42 54 58
48 65 48 65
26 79 26 39 62 65 79
31 75 31 49 52 75
23 51 23 25 28 38 51
7 78 7 41 58 67 78
5 65 5 32 58 60 64 65
5 63 5 7 23 25 28 45 56 63
0 37 0 27 37
3 31 3 20 31
25 66 25 31 63 66
4 84 4 33 58 67 78 84
14 34 14 34
15 61 15 39 61
51 85 51 85
5 53 5 7 9 15 28 53
18 51 18 36 51
11 51 11 36 51
48 65 48 62 65
41 89 41 70 89
24 34 24 34
31 60 31 49 60
26 65 26 55 60 64 65
57 68 57 68
0 50 0 10 18 50
5 59 5 7 23 29 36 41 59
3 55 3 8 29 35 55
22 55 22 55
25 52 25 52
41 71 41 58 61 71
37 66 37 66
17 43 17 29 36 43
50 81 50 70 81
51 65 51 65
49 73 49 52 60 73
43 68 43 68
23 44 23 25 40 44
48 83 48 65 74 83
19 43 19 33 43
17 43 17 29 36 43
18 52 18 52
22 51 22 38 51
15 71 15 45 66 71
31 72 31 37 66 72
48 78 48 78
18 51 18 25 28 38 51
1 37 1 30 31 37
55 80 55 60 64 80
43 70 43 47 70
26 39 26 39
28 78 28 45 78
7 38 7 9 38
9 38 9 38
15 82 15 44 64 80 82
6 41 6 41
6 53 6 8 12 28 53
2 78 2 13 56 78
16 60 16 36 60
34 85 34 39 60 64 85
26 88 26 57 88
51 62 51 62
12 43 12 21 29 36 43
32 60 32 42 54 58 60
22 79 22 46 64 65 79
41 71 41 58 61 71
33 69 33 58 69
1 38 1 14 38
50 74 50 52 60 64 65 74
8 36 8 29 36
16 52 16 50 52
37 82 37 58 60 64 80 82
28 72 28 34 39 63 66 72
5 50 5 7 9 50
24 82 24 34 78 80 82
35 88 35 49 88
20 60 20 25 33 58 60
21 42 21 32 42
40 68 40 45 56 57 68
51 84 51 78 84
3 43 3 14 24 43
25 88 25 28 45 56 57 88
55 65 55 62 65
24 39 24 34 39
20 31 20 31
38 81 38 63 81
27 41 27 41
38 80 38 58 60 64 80
34 78 34 78
45 65 45 56 57 60 64 65
56 61 56 61
12 57 12 57
14 59 14 59
39 81 39 70 81
0 44 0 8 12 44
17 58 17 29 37 58
11 89 11 37 66 72 89
9 59 9 15 59
33 66 33 43 47 66
15 43 15 43
0 53 0 10 22 53
20 37 20 31 37
1 65 1 30 31 37 58 60 64 65
23 85 23 39 60 64 85
45 70 45 70
3 37 3 20 37
3 34 3 8 12 28 34
40 69 40 45 56 57 69
40 69 40 45 56 57 69
12 54 12 21 32 42 54
8 62 8 29 35 49 62
51 88 51 88
15 53 15 28 53
40 81 40 45 56 81
18 46 18 42 46
17 87 17 53 57 64 80 82 87
4 73 4 57 60 73
25 47 25 28 47
18 39 18 25 28 39
20 51 20 25 28 38 51
18 37 18 25 28 37
51 62 51 62
37 80 37 58 60 64 80
25 68 25 31 68
17 42 17 42
42 74 42 54 62 65 74
3 41 3 9 15 41
42 62 42 46 62
11 62 11 17 40 45 56 62
2 71 2 57 71
19 81 19 45 56 81
34 85 34 39 60 64 85
10 70 10 43 47 70
4 57 4 57
57 86 57 60 64 80 82 86
45 76 45 56 57 64 76
14 58 14 38 58
58 71 58 61 71
53 77 53 57 66 77
49 88 49 88
2 31 2 30 31
26 82 26 57 60 64 80 82
23 59 23 29 36 41 59
7 34 7 23 25 28 34
32 87 32 58 80 82 87
29 35 29 35
17 34 17 34
25 52 25 28 52
50 77 50 52 77
16 58 16 30 31 37 58
53 73 53 56 73
57 87 57 60 64 65 87
38 62 38 56 62
45 85 45 56 64 85
1 54 1 17 42 54
58 71 58 67 71
0 36 0 10 18 36
19 54 19 32 42 54
18 88 18 50 52 88
31 83 31 83
1 53 1 17 53
12 54 12 18 54
6 41 6 8 12 21 29 36 41
21 39 21 34 39
18 40 18 25 40
15 79 15 41 58 73 79
20 64 20 49 60 64
53 77 53 63 66 77
2 55 2 35 55
19 62 19 55 62
11 54 11 17 42 54
1 58 1 14 54 58
22 38 22 38
49 66 49 66
54 86 54 67 80 82 86
42 64 42 60 64
0 63 0 2 38 56 63
9 38 9 38
3 57 3 45 56 57
1 50 1 50
19 54 19 54
8 43 8 29 36 43
14 59 14 24 36 41 59
27 76 27 41 46 64 76
51 75 51 62 65 74 75
22 51 22 38 51
6 54 6 8 54
5 47 5 7 9 47
48 84 48 78 84
58 74 58 60 64 65 74
38 72 38 56 57 66 72
25 51 25 51
36 75 36 62 65 74 75
37 64 37 58 60 64
52 87 52 77 87
53 63 53 56 63
41 70 41 70
23 63 23 39 63
0 48 0 8 12 18 25 28 48
1 72 1 14 45 56 57 66 72
23 80 23 25 51 78 80
58 87 58 80 82 87
8 36 8 12 21 29 36
59 86 59 78 86
11 77 11 35 71 77
15 58 15 28 38 58
50 80 50 80
52 71 52 61 71
4 79 4 45 56 73 79
13 54 13 42 54
9 43 9 33 43
53 64 53 56 60 64
8 35 8 29 35
19 49 19 32 49
29 72 29 56 57 66 72
13 49 13 31 49
36 70 36 43 47 70
3 46 3 36 41 46
44 73 44 73
35 70 35 70
11 56 11 56
19 40 19 40
6 83 6 51 62 65 74 83
8 45 8 12 18 32 45
10 81 10 48 63 81
1 36 1 17 29 36
28 34 28 34
35 78 35 49 78
13 58 13 42 54 58
5 48 5 7 9 15 28 48
4 81 4 33 43 70 81
8 41 8 41
52 60 52 60
32 63 32 34 39 63
41 87 41 59 78 80 82 87
3 47 3 8 47
18 31 18 25 31
14 49 14 24 35 49
5 50 5 7 9 50
53 89 53 89
29 46 29 36 41 46
10 53 10 22 53
57 83 57 60 64 65 74 83
9 54 9 54
17 75 17 29 36 62 65 74 75
9 43 9 33 43
12 45 12 28 45
29 48 29 48
28 75 28 37 58 75
41 80 41 59 64 80
39 82 39 82
1 39 1 32 34 39
31 88 31 68 88
3 54 3 54
0 37 0 27 37
13 57 13 56 57
35 79 35 55 65 79
53 63 53 63
47 79 47 65 79
17 34 17 34
10 33 10 33
58 61 58 61
54 75 54 62 65 74 75
7 75 7 23 39 60 64 65 74 75
16 58 16 30 31 37 58
23 49 23 25 31 49
6 55 6 24 55
4 49 4 19 32 49
13 37 13 30 31 37
57 79 57 64 65 79
30 66 30 31 49 66
29 58 29 37 58
4 41 4 21 29 36 41
19 33 19 33
31 81 31 37 81
47 79 47 65 79
24 62 24 43 62
21 83 21 55 60 64 65 74 83
51 83 51 62 65 74 83
11 87 11 36 87
28 57 28 45 56 57
50 70 50 70
39 60 39 60
35 88 35 49 52 88
32 87 32 59 78 80 82 87
50 71 50 52 61 71
0 88 0 41 46 68 88
14 41 14 24 36 41
29 58 29 36 41 58
25 66 25 53 63 66
42 69 42 69
31 77 31 61 71 77
9 56 9 40 45 56
20 58 20 25 28 38 58
33 89 33 58 67 89
20 56 20 25 40 45 56
30 63 30 31 63
17 43 17 29 36 43
16 36 16 36
14 47 14 24 36 43 47
50 62 50 62
36 66 36 43 47 66
42 71 42 63 66 71
41 76 41 46 64 76
53 80 53 57 64 80
14 49 14 24 35 49
45 65 45 56 60 64 65
24 63 24 40 45 56 63
55 74 55 60 64 65 74
6 50 6 50
12 52 12 28 52
10 71 10 49 67 71
35 86 35 86
52 77 52 61 71 77
18 78 18 34 78
25 64 25 53 56 60 64
8 50 8 12 18 50
1 36 1 17 29 36
1 52 1 50 52
7 55 7 35 55
19 82 19 54 58 80 82
48 77 48 63 66 71 77
34 71 34 39 63 66 71
31 77 31 77
2 64 2 50 52 60 64
40 86 40 78 80 82 86
5 47 5 7 9 15 28 47
53 75 53 57 60 64 65 74 75
56 61 56 61
4 40 4 19 40
5 73 5 57 60 73
51 80 51 80
46 62 46 62
42 87 42 60 73 87
17 53 17 53
58 83 58 60 64 65 74 83
27 85 27 41 58 60 64 85
2 60 2 41 58 60
20 43 20 25 33 43
10 70 10 18 34 39 70
57 78 57 78
53 71 53 63 66 71
19 69 19 58 69
37 81 37 81
15 59 15 59
12 44 12 44
27 60 27 52 60
43 88 43 68 88
25 44 25 40 44
56 78 56 57 78
15 43 15 43
41 67 41 58 67
56 74 56 64 65 74
51 62 51 62
26 41 26 41
21 59 21 29 36 41 59
48 63 48 63
57 72 57 66 72
38 69 38 58 69
42 74 42 54 62 65 74
22 35 22 35
0 57 0 40 45 56 57
0 47 0 47
32 82 32 64 80 82
16 43 16 43
16 88 16 59 88
7 43 7 9 33 43
23 40 23 25 40
19 55 19 55
17 76 17 55 76
11 73 11 35 49 73
11 59 11 36 41 59
9 43 9 33 43
39 72 39 63 66 72
3 45 3 9 15 28 45
49 77 49 52 61 71 77
31 80 31 78 80
11 48 11 17 29 48
24 65 24 47 65
38 76 38 63 76
7 45 7 45
23 58 23 25 33 58
39 70 39 70
30 75 30 56 64 65 74 75
5 55 5 7 23 35 55
34 84 34 78 84
8 62 8 12 50 62
9 43 9 33 43
20 74 20 59 64 65 74
16 68 16 43 68
32 65 32 49 52 60 64 65
6 70 6 41 70
21 59 21 32 59
26 76 26 55 76
20 62 20 40 45 56 62
45 79 45 56 64 65 79
29 87 29 43 61 71 87
23 48 23 29 48
20 34 20 25 28 34
8 72 8 12 50 66 72
46 78 46 78
56 79 56 62 65 79
58 61 58 61
25 31 25 31
9 75 9 39 60 64 65 74 75
9 76 9 50 76
0 48 0 8 29 48
54 78 54 67 78
39 81 39 63 81
7 56 7 9 40 45 56
7 53 7 23 25 53
46 76 46 64 76
7 43 7 36 43
38 70 38 56 57 70
49 66 49 66
36 82 36 51 82
18 43 18 36 43
26 58 26 41 58
25 88 25 52 88
4 64 4 33 58 60 64
11 52 11 35 49 52
32 75 32 34 39 74 75
7 67 7 41 58 67
9 59 9 15 41 59
20 85 20 33 58 60 64 85
42 84 42 46 78 84
17 39 17 34 39
2 49 2 32 49
50 79 50 52 60 64 65 79
41 85 41 85
4 39 4 26 34 39
50 72 50 72
21 46 21 32 42 46
12 35 12 29 35
23 78 23 35 49 78
21 60 21 29 57 60
46 76 46 64 76
16 81 16 36 43 47 81
16 37 16 30 31 37
26 41 26 41
34 78 34 78
31 63 31 63
55 76 55 76
45 63 45 56 63
41 85 41 58 60 64 85
0 59 0 2 41 59
56 65 56 60 64 65
1 32 1 32
16 44 16 40 44
46 84 46 78 84
32 79 32 34 39 60 64 65 79
56 86 56 63 66 72 86
55 82 55 60 64 80 82
41 85 41 46 64 85
38 68 38 68
11 35 11 35
36 88 36 51 88
22 33 22 33
28 85 28 52 60 64 85
27 41 27 41
21 34 21 34
25 51 25 51
1 52 1 32 49 52
2 41 2 41
18 83 18 52 60 64 65 74 83
55 87 55 60 64 80 82 87
30 61 30 31 37 58 61
14 40 14 24 40
12 88 12 21 57 88
0 31 0 13 30 31
19 66 19 32 49 66
35 77 35 49 52 77
42 86 42 61 71 86
53 62 53 56 62
28 34 28 34
52 75 52 75
12 53 12 18 25 53
30 79 30 31 79
5 53 5 7 23 25 53
9 47 9 15 28 47
26 67 26 41 58 67
17 39 17 34 39
3 53 3 8 12 28 53
45 63 45 56 63
5 47 5 7 36 43 47
42 82 42 46 78 80 82
6 31 6 13 30 31
6 87 6 13 47 65 87
24 44 24 40 44
28 45 28 45
29 37 29 37
24 87 24 35 77 87
17 45 17 40 45
40 89 40 64 65 74 89
59 65 59 64 65
32 83 32 58 60 64 65 74 83
33 78 33 58 67 78
25 34 25 28 34
10 31 10 18 25 31
20 37 20 37
41 72 41 72
9 43 9 33 43
34 63 34 39 63
28 48 28 48
43 70 43 47 70
55 80 55 60 64 80
49 85 49 60 64 85
30 70 30 70
0 48 0 8 29 48
2 42 2 32 42
12 50 12 18 50
45 87 45 71 77 87
24 65 24 42 60 64 65
54 83 54 62 65 74 83
18 69 18 37 69
42 67 42 54 67
28 45 28 45
35 79 35 49 60 73 79
18 56 18 32 45 56
6 48 6 8 12 29 48
2 52 2 32 49 52
31 60 31 49 52 60
6 31 6 8 12 18 25 31
19 39 19 32 34 39
18 75 18 42 46 75
8 48 8 29 48
49 84 49 67 78 84
16 45 16 40 45
8 45 8 12 18 32 45
2 32 2 32
14 35 14 24 35
35 89 35 64 65 74 89
39 63 39 63
45 71 45 56 57 66 71
22 49 22 49
1 71 1 30 56 57 71
43 82 43 47 80 82
3 41 3 36 41
45 72 45 66 72
10 52 10 49 52
0 69 0 13 56 57 69
49 62 49 62
27 69 27 41 58 69
1 77 1 51 71 77
11 48 11 17 29 48
0 79 0 39 62 65 79
49 64 49 52 60 64
10 79 10 33 58 60 64 65 79
29 80 29 36 80
44 79 44 73 79
2 58 2 13 30 31 37 58
19 39 19 32 34 39
17 44 17 40 44
52 86 52 61 71 86
7 37 7 23 29 37
4 55 4 26 55
59 85 59 85
29 70 29 35 70
53 62 53 56 62
39 60 39 60
24 58 24 42 54 58
15 80 15 51 78 80
54 77 54 67 71 77
6 47 6 24 47
2 84 2 32 67 78 84
10 58 10 18 25 28 37 58
3 71 3 33 58 67 71
30 73 30 56 57 60 73
21 39 21 34 39
25 49 25 31 49
15 45 15 28 45
5 83 5 57 60 64 65 74 83
0 54 0 2 32 42 54
26 59 26 41 59
13 68 13 42 46 68
3 33 3 20 33
41 79 41 62 65 79
32 87 32 42 60 73 87
35 76 35 55 76
39 61 39 61
8 44 8 12 44
3 46 3 36 41 46
53 71 53 57 71
53 79 53 56 73 79
15 34 15 28 34
24 56 24 40 45 56
11 37 11 17 29 37
1 52 1 17 29 35 49 52
39 66 39 63 66
34 73 34 39 60 73
37 81 37 81
52 83 52 60 64 65 74 83
10 51 10 22 38 51
14 66 14 43 47 66
1 42 1 14 24 42
32 89 32 42 72 89
21 51 21 51
15 44 15 44
39 86 39 60 64 80 82 86
11 68 11 17 42 68
9 57 9 38 56 57
18 59 18 32 59
39 89 39 70 89
20 63 20 25 53 63
49 67 49 67
43 74 43 47 74
4 34 4 21 34
32 77 32 58 77
14 44 14 24 40 44
14 49 14 24 35 49
32 65 32 42 54 62 65
49 72 49 66 72
16 39 16 34 39
7 40 7 9 40
49 67 49 67
13 46 13 42 46
44 64 44 64
11 43 11 36 43
42 72 42 72
53 75 53 74 75
58 84 58 67 78 84
39 70 39 70
12 51 12 21 51
11 56 11 56
29 35 29 35
0 47 0 43 47
23 58 23 37 58
44 87 44 64 80 82 87
4 56 4 45 56
6 38 6 38
37 89 37 72 89
16 47 16 43 47
54 83 54 62 65 74 83
18 40 18 25 40
30 60 30 31 37 58 60
33 74 33 58 60 64 65 74
9 41 9 15 41
15 62 15 38 51 62
12 35 12 29 35
9 63 9 15 28 53 56 63
49 64 49 60 64
46 62 46 62
39 70 39 70
21 56 21 32 45 56
41 77 41 61 71 77
42 80 42 60 64 80
46 88 46 68 88
17 43 17 29 36 43
7 43 7 9 15 43
25 84 25 53 57 84
26 69 26 41 58 69
22 46 22 46
18 31 18 25 31
9 87 9 56 73 87
32 84 32 45 78 84
50 86 50 66 72 86
21 82 21 51 82
55 80 55 60 64 80
33 69 33 58 69
14 59 14 24 36 41 59
3 56 3 9 40 45 56
31 84 31 49 67 78 84
32 77 32 42 63 66 77
17 41 17 29 36 41
12 41 12 18 36 41
9 74 9 38 51 65 74
22 56 22 38 56
5 52 5 7 9 50 52
19 40 19 40
13 52 13 30 31 49 52
3 43 3 43
6 36 6 24 36
51 69 51 69
12 78 12 21 58 67 78
9 57 9 15 28 45 56 57
12 71 12 47 66 71
2 54 2 32 42 54
12 77 12 50 66 77
22 52 22 35 49 52
57 87 57 87
58 87 58 60 73 87
35 72 35 72
6 55 6 8 12 29 35 55
37 80 37 58 60 64 80
24 56 24 40 45 56
40 89 40 64 65 74 89
1 43 1 14 43
23 87 23 52 77 87
30 65 30 31 49 52 60 64 65
44 74 44 74
51 75 51 62 65 74 75
2 49 2 32 49
22 56 22 53 56
18 57 18 53 56 57
0 81 0 20 33 43 70 81
3 36 3 14 24 36
0 45 0 8 12 21 32 45
30 69 30 31 37 69
15 39 15 28 34 39
9 78 9 40 78
30 81 30 70 81
42 67 42 54 67
53 64 53 56 64
23 56 23 29 56
57 74 57 64 65 74
51 80 51 80
0 67 0 41 58 67
10 44 10 18 25 40 44
51 75 51 62 65 74 75
16 41 16 36 41
58 69 58 69
3 54 3 8 12 18 42 54
52 77 52 77
19 77 19 54 58 77
19 44 19 40 44
0 76 0 47 76
31 73 31 37 58 60 73
52 88 52 88
1 37 1 30 31 37
14 42 14 42
58 87 58 67 71 77 87
1 59 1 32 59
4 61 4 34 39 61
53 66 53 56 63 66
41 82 41 59 78 80 82
32 79 32 34 65 79
21 66 21 34 66
9 88 9 40 45 56 57 88
1 53 1 17 53
16 41 16 36 41
25 37 25 28 37
19 68 19 40 45 56 57 68
18 43 18 33 43
7 31 7 23 25 31
47 89 47 74 89
12 36 12 21 29 36
46 68 46 68
17 58 17 29 36 41 58
30 86 30 56 61 71 86
29 47 29 43 47
53 75 53 57 75
18 76 18 42 46 64 76
36 84 36 51 84
24 72 24 40 44 72
53 74 53 57 64 65 74
1 87 1 44 73 87
51 83 51 65 74 83
34 80 34 78 80
1 36 1 17 29 36
1 44 1 44
23 77 23 25 57 77
6 35 6 8 12 29 35
57 86 57 68 86
17 53 17 53
36 76 36 43 47 76
23 62 23 35 49 62
2 74 2 41 46 65 74
56 72 56 57 66 72
34 70 34 39 70
9 53 9 15 28 53
26 85 26 39 60 64 85
37 67 37 58 67
29 66 29 48 63 66
0 38 0 2 38
1 41 1 17 29 36 41
4 87 4 19 45 71 87
44 83 44 74 83
28 63 28 34 39 63
36 88 36 43 68 88
6 78 6 34 78
1 41 1 17 29 36 41
32 77 32 42 54 77
38 79 38 56 64 65 79
48 70 48 70
6 33 6 8 12 18 25 33
6 42 6 13 42
10 70 10 43 47 70
12 50 12 50
21 34 21 32 34
43 81 43 47 81
17 54 17 42 54
5 58 5 7 23 29 36 41 58
24 41 24 36 41
39 70 39 70
39 65 39 62 65
49 61 49 52 61
28 47 28 47
39 80 39 80
9 57 9 38 56 57
22 75 22 38 62 65 74 75
28 69 28 34 39 69
9 52 9 50 52
22 69 22 57 69
14 56 14 24 40 45 56
1 40 1 17 40
55 65 55 62 65
52 79 52 60 73 79
28 53 28 53
34 79 34 39 65 79
34 65 34 39 62 65
2 47 2 13 47
10 43 10 22 33 43
0 84 0 8 29 56 57 78 84
56 70 56 57 70
17 85 17 53 57 60 64 85
57 74 57 60 64 65 74
8 37 8 37
