29 63 29 48 63
15 82 15 39 82
28 81 28 34 81
22 72 22 35 72
12 85 12 18 37 85
29 73 29 56 73
18 75 18 32 75
0 84 0 56 84
26 70 26 39 70
2 60 2 39 60
18 65 18 34 65
0 89 0 35 89
13 83 13 31 83
7 74 7 41 74
25 79 25 31 79
28 72 28 37 72
26 62 26 39 62
27 83 27 35 55 83
23 64 23 35 64
19 89 19 32 89
26 61 26 39 61
15 84 15 51 84
27 83 27 35 55 83
12 69 12 42 69
24 75 24 35 75
20 87 20 37 87
10 84 10 49 84
25 63 25 31 63
22 65 22 46 65
17 73 17 42 60 73
16 63 16 30 31 63
15 88 15 41 88
24 64 24 35 64
27 61 27 39 61
0 71 0 35 71
27 82 27 35 82
7 74 7 41 74
13 70 13 30 70
28 64 28 57 64
2 80 2 30 80
1 80 1 30 80
11 64 11 35 64
10 75 10 49 75
4 85 4 51 85
17 88 17 51 88
4 89 4 45 89
28 85 28 37 85
6 74 6 41 74
24 82 24 35 82
2 65 2 30 65
9 81 9 37 81
15 62 15 38 62
9 87 9 37 87
6 65 6 34 65
2 63 2 38 63
21 81 21 34 81
6 80 6 47 80
27 86 27 35 86
25 88 25 33 88
11 78 11 41 78
16 65 16 30 65
20 78 20 31 78
19 86 19 44 86
29 89 29 35 89
2 76 2 30 76
28 63 28 38 63
12 60 12 42 60
27 74 27 39 74
11 61 11 41 61
28 68 28 38 68
3 66 3 33 66
26 64 26 57 64
3 72 3 33 66 72
3 72 3 33 66 72
13 83 13 31 83
29 88 29 48 88
25 76 25 57 76
21 75 21 32 75
5 75 5 32 75
22 84 22 49 84
23 80 23 35 80
0 88 0 41 88
4 82 4 42 82
23 76 23 25 57 76
23 83 23 25 31 83
6 74 6 41 74
23 71 23 35 71
14 68 14 38 68
24 84 24 34 78 84
7 88 7 41 88
16 67 16 30 31 49 67
7 65 7 36 65
21 62 21 51 62
11 73 11 56 73
22 88 22 33 88
23 64 23 35 64
19 76 19 44 76
22 79 22 49 79
11 60 11 36 60
22 60 22 49 60
20 69 20 37 69
26 70 26 39 70
25 81 25 57 81
16 60 16 36 60
4 84 4 51 84
11 61 11 41 61
21 74 21 29 48 74
12 86 12 44 86
11 80 11 30 80
8 61 8 39 61
9 79 9 50 79
16 81 16 30 81
28 86 28 34 86
15 85 15 41 85
26 65 26 34 65
16 75 16 30 75
12 72 12 42 72
29 62 29 36 62
13 73 13 31 73
14 80 14 40 80
28 74 28 39 74
16 68 16 43 68
10 83 10 33 83
3 85 3 46 85
2 86 2 35 86
23 86 23 35 86
1 73 1 44 73
25 85 25 51 85
23 61 23 39 61
14 80 14 40 80
11 69 11 30 69
12 78 12 42 78
29 87 29 36 87
25 85 25 51 85
0 83 0 36 83
28 84 28 37 84
17 85 17 51 85
23 69 23 37 69
3 60 3 36 60
17 63 17 42 63
5 76 5 57 76
11 69 11 30 69
4 65 4 34 65
2 68 2 35 68
9 67 9 54 67
14 77 14 34 77
21 86 21 34 86
24 87 24 36 87
23 76 23 25 57 76
0 77 0 35 77
20 68 20 31 68
1 74 1 44 74
11 75 11 30 75
4 84 4 51 84
26 65 26 34 65
23 77 23 35 77
17 74 17 53 74
1 78 1 51 78
15 79 15 51 79
2 66 2 49 66
28 83 28 34 83
3 84 3 49 84
29 76 29 48 76
25 87 25 43 87
21 60 21 55 60
10 68 10 43 68
16 75 16 30 75
22 83 22 33 83
1 65 1 30 65
6 77 6 34 77
13 72 13 42 72
22 70 22 33 70
20 88 20 33 88
24 77 24 34 77
18 70 18 33 70
29 70 29 35 70
4 80 4 42 80
11 63 11 38 63
15 66 15 45 66
10 67 10 49 67
4 67 4 54 67
21 87 21 57 87
23 76 23 25 57 76
18 65 18 34 65
3 89 3 36 89
5 65 5 34 65
3 75 3 46 75
1 72 1 44 72
4 60 4 42 60
12 83 12 44 83
24 86 24 34 86
5 72 5 7 35 72
23 74 23 39 74
12 82 12 42 82
5 89 5 32 89
3 73 3 49 73
22 65 22 46 65
23 81 23 37 81
25 70 25 31 70
20 83 20 31 83
3 79 3 36 79
22 83 22 33 83
15 63 15 38 63
14 71 14 40 71
20 71 20 37 71
3 68 3 43 68
6 60 6 8 39 60
10 69 10 43 69
23 64 23 35 64
18 66 18 33 66
12 68 12 42 68
14 71 14 40 71
5 75 5 32 75
20 62 20 41 62
10 89 10 48 89
22 69 22 43 69
3 73 3 49 73
29 84 29 37 84
8 86 8 12 44 86
13 81 13 30 81
7 60 7 36 60
13 60 13 39 60
26 84 26 57 84
19 63 19 42 63
24 75 24 35 75
29 65 29 36 65
6 77 6 34 77
24 85 24 55 85
0 71 0 35 71
0 61 0 39 61
3 80 3 36 80
24 73 24 58 73
7 61 7 41 61
15 86 15 44 86
1 71 1 32 71
14 62 14 38 62
0 68 0 35 68
1 69 1 30 69
26 74 26 39 74
7 79 7 36 79
25 63 25 31 63
29 80 29 35 80
19 81 19 45 81
10 79 10 49 79
10 78 10 34 78
13 80 13 30 80
5 89 5 32 89
21 60 21 55 60
26 81 26 34 81
25 88 25 33 88
17 80 17 40 80
26 80 26 39 80
20 62 20 41 62
28 77 28 34 77
21 70 21 57 70
2 67 2 32 67
10 65 10 34 65
27 63 27 39 63
16 62 16 36 62
6 74 6 41 74
29 72 29 35 72
27 68 27 35 68
24 86 24 34 86
5 61 5 39 61
5 88 5 52 88
2 67 2 32 67
11 75 11 30 75
25 62 25 43 62
23 71 23 35 71
0 85 0 41 85
2 71 2 32 71
2 71 2 32 71
5 85 5 7 41 85
19 80 19 40 80
16 87 16 30 87
21 72 21 55 72
14 61 14 42 61
26 66 26 34 66
21 82 21 51 82
17 74 17 53 74
20 62 20 41 62
0 68 0 35 68
21 78 21 34 78
27 85 27 37 85
16 71 16 40 71
29 78 29 48 78
17 66 17 34 66
5 66 5 34 66
28 76 28 47 76
11 70 11 30 70
5 75 5 32 75
13 80 13 30 80
9 72 9 37 72
25 74 25 53 74
12 72 12 42 72
26 76 26 41 76
5 85 5 7 41 85
6 70 6 41 70
4 76 4 55 76
27 71 27 35 71
1 80 1 30 80
10 67 10 49 67
8 61 8 39 61
16 89 16 36 89
26 61 26 39 61
2 83 2 38 83
1 62 1 50 62
3 78 3 34 78
14 86 14 34 86
21 63 21 56 63
20 75 20 49 75
25 83 25 31 83
14 87 14 42 87
28 69 28 37 69
29 65 29 36 65
28 62 28 38 62
15 78 15 41 78
11 63 11 38 63
27 65 27 39 65
5 74 5 39 74
14 66 14 34 66
1 67 1 32 67
12 61 12 42 61
3 78 3 34 78
28 62 28 38 62
5 80 5 39 80
3 76 3 40 64 76
9 88 9 33 88
29 62 29 36 62
21 73 21 56 73
1 73 1 44 73
26 63 26 39 63
0 66 0 40 66
28 60 28 39 60
7 68 7 35 68
18 89 18 32 89
19 73 19 44 73
4 85 4 51 85
12 60 12 42 60
13 72 13 42 72
16 65 16 30 65
5 66 5 34 66
8 61 8 39 61
7 76 7 41 76
20 69 20 37 69
24 80 24 35 80
3 79 3 36 79
28 86 28 34 86
24 67 24 58 67
7 62 7 36 62
28 84 28 37 84
26 81 26 34 81
16 88 16 52 88
22 65 22 46 65
7 61 7 41 61
26 73 26 39 60 73
4 83 4 33 83
10 72 10 50 72
12 74 12 44 74
13 88 13 31 49 88
10 76 10 48 76
9 86 9 15 44 86
11 60 11 36 60
14 70 14 43 70
12 71 12 57 71
29 79 29 36 79
5 64 5 32 64
19 60 19 42 60
19 70 19 33 70
17 63 17 42 63
17 64 17 40 64
18 83 18 33 83
24 87 24 36 87
4 71 4 45 71
27 89 27 35 89
11 86 11 35 86
19 73 19 44 73
17 63 17 42 63
2 68 2 35 68
22 76 22 44 76
29 73 29 56 73
1 75 1 30 75
19 61 19 42 61
0 78 0 40 78
9 86 9 15 44 86
23 68 23 35 68
29 63 29 48 63
2 83 2 38 83
3 61 3 43 61
5 65 5 34 65
9 76 9 47 76
5 72 5 7 35 72
2 81 2 30 81
24 63 24 42 63
22 72 22 35 72
23 79 23 25 31 79
26 64 26 57 64
2 74 2 39 74
10 82 10 43 82
4 61 4 42 61
4 63 4 42 63
10 83 10 33 83
14 78 14 34 78
20 66 20 33 66
21 71 21 32 71
18 67 18 32 67
28 81 28 34 81
27 80 27 35 80
15 79 15 51 79
25 75 25 51 75
23 74 23 39 74
16 69 16 30 69
11 69 11 30 69
18 83 18 33 83
19 76 19 44 76
1 84 1 51 84
28 88 28 48 88
8 62 8 38 62
24 89 24 35 89
14 74 14 53 74
22 60 22 49 60
11 73 11 56 73
6 87 6 8 37 87
3 61 3 43 61
20 86 20 49 86
27 71 27 35 71
4 65 4 34 65
20 60 20 49 60
7 64 7 35 64
3 85 3 46 85
19 78 19 40 78
7 82 7 35 82
6 83 6 34 83
23 83 23 25 31 83
15 85 15 41 85
29 73 29 56 73
10 75 10 49 75
28 65 28 34 65
1 83 1 44 83
5 61 5 39 61
3 62 3 36 62
16 87 16 30 87
7 66 7 45 66
13 74 13 39 74
29 89 29 35 89
15 61 15 39 61
15 77 15 51 77
9 69 9 37 69
2 78 2 41 78
20 81 20 37 81
26 74 26 39 74
0 74 0 39 74
12 74 12 44 74
4 85 4 51 85
0 84 0 56 84
7 72 7 35 72
22 73 22 44 73
12 84 12 57 84
3 64 3 40 64
28 77 28 34 77
18 74 18 47 74
5 73 5 7 58 73
11 69 11 30 69
7 67 7 58 67
20 68 20 31 68
25 60 25 52 60
20 78 20 31 78
5 81 5 34 81
24 69 24 42 69
16 60 16 36 60
10 87 10 43 87
0 74 0 39 74
14 88 14 52 88
28 80 28 39 80
27 68 27 35 68
6 85 6 41 85
16 79 16 30 79
24 82 24 35 82
15 81 15 41 81
2 66 2 49 66
4 85 4 51 85
9 69 9 37 69
25 65 25 51 65
20 74 20 41 74
9 78 9 40 78
2 79 2 30 79
4 67 4 54 67
25 87 25 43 87
22 73 22 44 73
16 64 16 40 64
3 69 3 43 69
11 68 11 35 68
26 73 26 39 60 73
17 79 17 51 79
12 81 12 47 81
21 82 21 51 82
20 79 20 31 79
18 62 18 36 62
27 64 27 35 64
11 61 11 41 61
28 87 28 37 87
15 84 15 51 84
7 83 7 36 83
5 75 5 32 75
5 69 5 39 69
0 72 0 35 72
0 82 0 35 82
24 70 24 35 70
10 69 10 43 69
23 61 23 39 61
22 71 22 35 71
3 81 3 34 81
20 77 20 31 77
10 70 10 33 70
28 80 28 39 80
17 84 17 51 84
2 72 2 35 72
26 86 26 34 86
26 61 26 39 61
24 63 24 42 63
11 66 11 37 66
4 61 4 42 61
6 85 6 41 85
7 62 7 36 62
2 62 2 38 62
26 70 26 39 70
20 68 20 31 68
27 72 27 35 72
0 74 0 39 74
15 88 15 41 88
26 74 26 39 74
29 82 29 35 82
11 81 11 30 81
19 70 19 33 70
25 64 25 40 64
11 68 11 35 68
11 64 11 35 64
4 60 4 42 60
14 76 14 24 47 76
24 63 24 42 63
25 78 25 31 78
0 82 0 35 82
28 88 28 48 88
26 71 26 57 71
11 76 11 30 76
28 66 28 34 66
27 68 27 35 68
25 73 25 31 73
4 70 4 33 70
1 66 1 50 66
25 76 25 57 76
17 88 17 51 88
29 87 29 36 87
17 89 17 51 89
22 64 22 35 64
23 84 23 37 84
1 62 1 50 62
1 71 1 32 71
1 87 1 30 87
26 69 26 39 69
13 67 13 31 49 67
20 81 20 37 81
22 84 22 49 84
17 84 17 51 84
15 85 15 41 85
7 63 7 42 63
8 62 8 38 62
0 70 0 35 70
20 67 20 49 67
12 84 12 57 84
19 85 19 46 85
22 85 22 46 85
14 64 14 40 64
3 69 3 43 69
24 82 24 35 82
18 77 18 34 77
29 86 29 35 86
1 74 1 44 74
0 69 0 39 69
21 70 21 57 70
7 78 7 41 78
4 67 4 54 67
3 88 3 33 88
16 88 16 52 88
11 76 11 30 76
10 72 10 50 72
1 67 1 32 67
16 66 16 34 66
22 69 22 43 69
27 62 27 39 62
18 68 18 42 68
7 76 7 41 76
4 60 4 42 60
11 75 11 30 75
24 89 24 35 89
1 75 1 30 75
24 69 24 42 69
11 68 11 35 68
0 67 0 2 32 67
23 70 23 35 70
21 81 21 34 81
17 61 17 42 61
10 79 10 49 79
17 69 17 42 69
29 60 29 36 60
16 64 16 40 64
26 67 26 41 58 67
0 65 0 36 65
16 79 16 30 79
25 69 25 43 69
25 79 25 31 79
8 77 8 54 77
8 70 8 39 70
16 83 16 34 83
26 68 26 41 68
15 84 15 51 84
14 82 14 40 82
19 73 19 44 73
12 77 12 57 77
7 74 7 41 74
4 76 4 55 76
7 83 7 36 83
23 89 23 35 89
26 60 26 39 60
7 84 7 41 78 84
16 73 16 36 60 73
17 62 17 51 62
0 87 0 36 87
24 84 24 34 78 84
9 61 9 39 61
18 78 18 34 78
8 60 8 39 60
25 63 25 31 63
7 84 7 41 78 84
11 81 11 30 81
25 62 25 43 62
4 88 4 33 88
0 76 0 41 76
9 69 9 37 69
4 67 4 54 67
11 86 11 35 86
2 60 2 39 60
16 69 16 30 69
24 83 24 34 83
6 71 6 51 71
5 83 5 34 83
14 76 14 24 47 76
2 69 2 30 69
4 62 4 51 62
19 68 19 42 68
17 68 17 42 68
28 82 28 37 82
19 72 19 42 72
9 85 9 37 85
21 81 21 34 81
21 80 21 51 80
7 82 7 35 82
6 68 6 38 68
10 70 10 33 70
27 62 27 39 62
4 89 4 45 89
5 84 5 57 84
24 69 24 42 69
25 60 25 52 60
19 74 19 44 74
16 60 16 36 60
25 62 25 43 62
18 74 18 47 74
28 77 28 34 77
9 88 9 33 88
28 66 28 34 66
19 76 19 44 76
5 83 5 34 83
13 67 13 31 49 67
18 66 18 33 66
29 81 29 36 81
27 88 27 41 88
23 70 23 35 70
4 83 4 33 83
17 81 17 34 81
28 70 28 39 70
10 78 10 34 78
29 71 29 35 71
12 77 12 57 77
2 81 2 30 81
13 68 13 31 68
23 86 23 35 86
24 82 24 35 82
3 77 3 34 77
13 85 13 30 85
27 86 27 35 86
24 77 24 34 77
24 72 24 35 72
6 63 6 38 63
4 71 4 45 71
11 61 11 41 61
1 64 1 32 64
3 71 3 40 71
6 65 6 34 65
2 65 2 30 65
25 80 25 40 80
15 74 15 39 74
7 87 7 36 87
17 71 17 40 71
22 78 22 45 78
27 66 27 37 66
11 62 11 36 62
28 71 28 37 71
7 69 7 42 69
27 64 27 35 64
13 60 13 39 60
13 79 13 30 79
21 66 21 34 66
29 82 29 35 82
4 75 4 42 75
0 83 0 36 83
16 68 16 43 68
17 62 17 51 62
3 65 3 34 65
1 80 1 30 80
3 76 3 40 64 76
3 73 3 49 73
26 75 26 57 75
5 81 5 34 81
20 85 20 37 85
2 62 2 38 62
15 72 15 38 72
18 70 18 33 70
27 71 27 35 71
9 72 9 37 72
5 71 5 32 71
10 81 10 34 81
26 78 26 34 78
13 72 13 42 72
11 62 11 36 62
4 77 4 34 77
7 83 7 36 83
7 72 7 35 72
8 68 8 38 68
14 64 14 40 64
2 89 2 32 89
12 76 12 44 76
25 65 25 51 65
15 77 15 51 77
10 68 10 43 68
24 69 24 42 69
17 79 17 51 79
15 80 15 39 80
20 85 20 37 85
28 61 28 39 61
15 85 15 41 85
17 87 17 42 87
8 84 8 37 84
3 83 3 33 83
11 69 11 30 69
29 66 29 37 66
9 64 9 40 64
25 67 25 31 49 67
26 81 26 34 81
26 87 26 57 87
20 81 20 37 81
9 87 9 37 87
27 88 27 41 88
8 79 8 54 79
17 68 17 42 68
15 74 15 39 74
6 62 6 38 62
13 76 13 30 76
6 87 6 8 37 87
28 84 28 37 84
13 79 13 30 79
8 71 8 37 71
19 79 19 32 79
16 60 16 36 60
25 67 25 31 49 67
5 76 5 57 76
23 70 23 35 70
8 81 8 37 81
14 85 14 53 85
24 75 24 35 75
21 81 21 34 81
20 88 20 33 88
8 82 8 37 82
21 87 21 57 87
13 81 13 30 81
15 67 15 38 58 67
14 69 14 42 69
18 84 18 37 84
22 81 22 45 81
7 88 7 41 88
14 83 14 34 83
12 83 12 44 83
12 73 12 44 73
21 71 21 32 71
20 66 20 33 66
7 80 7 35 80
15 74 15 39 74
26 86 26 34 86
25 85 25 51 85
10 72 10 50 72
12 86 12 44 86
0 71 0 35 71
3 76 3 40 64 76
2 85 2 30 85
3 88 3 33 88
26 80 26 39 80
3 61 3 43 61
7 60 7 36 60
9 89 9 38 89
6 89 6 38 89
25 80 25 40 80
4 61 4 42 61
18 67 18 32 67
5 69 5 39 69
19 61 19 42 61
25 89 25 51 89
13 78 13 31 78
19 60 19 42 60
25 85 25 51 85
21 66 21 34 66
18 73 18 49 73
21 68 21 57 68
20 89 20 57 89
25 63 25 31 63
15 81 15 41 81
22 72 22 35 72
19 65 19 46 65
2 85 2 30 85
29 72 29 35 72
21 75 21 32 75
23 60 23 39 60
9 68 9 38 68
24 77 24 34 77
3 63 3 20 31 63
0 68 0 35 68
15 83 15 38 83
7 80 7 35 80
16 76 16 30 76
6 83 6 34 83
8 88 8 41 88
23 68 23 35 68
13 67 13 31 49 67
8 73 8 39 60 73
15 65 15 39 65
12 80 12 42 80
10 88 10 33 88
9 74 9 39 74
19 65 19 46 65
23 73 23 25 31 73
29 87 29 36 87
25 62 25 43 62
17 81 17 34 81
12 77 12 57 77
23 87 23 37 87
7 79 7 36 79
11 70 11 30 70
20 81 20 37 81
28 63 28 38 63
12 65 12 47 65
17 79 17 51 79
13 71 13 31 37 71
27 63 27 39 63
0 77 0 35 77
18 83 18 33 83
10 66 10 33 66
20 76 20 41 76
24 64 24 35 64
18 87 18 36 87
20 78 20 31 78
23 70 23 35 70
5 76 5 57 76
2 61 2 39 61
18 89 18 32 89
22 60 22 49 60
13 60 13 39 60
9 71 9 37 71
21 83 21 34 83
17 85 17 51 85
21 85 21 51 85
4 87 4 42 87
29 71 29 35 71
5 69 5 39 69
6 72 6 38 72
17 87 17 42 87
7 84 7 41 78 84
0 63 0 39 63
3 87 3 36 87
8 74 8 39 74
17 65 17 34 65
18 81 18 34 81
2 88 2 41 88
8 64 8 12 44 64
22 80 22 35 80
9 73 9 56 73
10 67 10 49 67
10 75 10 49 75
19 83 19 33 83
3 73 3 49 73
19 68 19 42 68
27 81 27 37 81
3 84 3 49 84
7 66 7 45 66
6 86 6 34 86
7 70 7 35 70
28 63 28 38 63
20 81 20 37 81
20 85 20 37 85
23 68 23 35 68
10 71 10 18 32 71
21 88 21 51 88
23 76 23 25 57 76
12 74 12 44 74
8 68 8 38 68
2 64 2 32 64
12 76 12 44 76
0 70 0 35 70
4 84 4 51 84
17 89 17 51 89
12 69 12 42 69
10 73 10 49 73
28 80 28 39 80
0 89 0 35 89
8 71 8 37 71
19 63 19 42 63
29 87 29 36 87
28 76 28 47 76
7 63 7 42 63
26 82 26 39 82
24 70 24 35 70
9 71 9 37 71
21 84 21 51 84
29 60 29 36 60
26 84 26 57 84
7 71 7 35 71
18 85 18 37 85
1 87 1 30 87
17 71 17 40 71
13 73 13 31 73
4 66 4 33 66
16 75 16 30 75
20 67 20 49 67
2 68 2 35 68
0 66 0 40 66
26 84 26 57 84
1 83 1 44 83
16 67 16 30 31 49 67
13 68 13 31 68
16 89 16 36 89
22 87 22 43 87
4 77 4 34 77
3 70 3 33 70
5 62 5 39 62
21 75 21 32 75
20 72 20 37 72
2 63 2 38 63
19 83 19 33 83
14 77 14 34 77
21 70 21 57 70
14 65 14 34 65
27 87 27 37 87
5 73 5 7 58 73
26 62 26 39 62
17 63 17 42 63
26 69 26 39 69
4 69 4 42 69
11 72 11 35 72
3 82 3 40 82
13 67 13 31 49 67
3 66 3 33 66
10 75 10 49 75
19 80 19 40 80
5 81 5 34 81
29 79 29 36 79
15 72 15 38 72
15 79 15 51 79
16 71 16 40 71
20 66 20 33 66
8 70 8 39 70
21 76 21 55 76
6 89 6 38 89
1 68 1 30 31 68
1 83 1 44 83
9 66 9 33 66
5 88 5 52 88
9 76 9 47 76
12 62 12 50 62
13 72 13 42 72
11 79 11 30 79
10 80 10 50 80
15 68 15 38 68
20 74 20 41 74
25 64 25 40 64
14 76 14 24 47 76
16 82 16 40 82
22 64 22 35 64
4 88 4 33 88
26 80 26 39 80
4 85 4 51 85
19 78 19 40 78
3 80 3 36 80
13 65 13 30 65
22 79 22 49 79
21 75 21 32 75
26 65 26 34 65
0 64 0 35 64
3 83 3 33 83
13 74 13 39 74
21 61 21 51 61
7 65 7 36 65
16 86 16 34 86
27 84 27 37 84
19 79 19 32 79
27 66 27 37 66
24 88 24 35 49 88
17 62 17 51 62
17 64 17 40 64
14 73 14 42 60 73
27 69 27 37 69
16 65 16 30 65
9 66 9 33 66
22 87 22 43 87
26 73 26 39 60 73
14 71 14 40 71
3 88 3 33 88
21 89 21 32 89
5 85 5 7 41 85
10 66 10 33 66
19 76 19 44 76
24 86 24 34 86
6 83 6 34 83
6 75 6 38 75
6 64 6 13 56 64
29 83 29 36 83
19 78 19 40 78
1 84 1 51 84
15 64 15 44 64
22 78 22 45 78
22 86 22 35 86
8 62 8 38 62
20 73 20 31 73
7 85 7 41 85
28 75 28 38 75
27 67 27 49 67
27 65 27 39 65
15 71 15 45 71
11 68 11 35 68
14 87 14 42 87
25 75 25 51 75
4 60 4 42 60
15 81 15 41 81
6 74 6 41 74
4 83 4 33 83
23 72 23 35 72
26 79 26 55 79
19 84 19 40 78 84
19 79 19 32 79
7 76 7 41 76
29 66 29 37 66
3 60 3 36 60
8 66 8 37 66
22 74 22 44 74
9 81 9 37 81
8 62 8 38 62
3 78 3 34 78
0 87 0 36 87
0 64 0 35 64
22 71 22 35 71
7 62 7 36 62
10 85 10 53 85
16 75 16 30 75
2 78 2 41 78
0 86 0 35 86
9 79 9 50 79
2 69 2 30 69
6 76 6 41 76
23 74 23 39 74
24 86 24 34 86
21 67 21 32 67
26 82 26 39 82
28 65 28 34 65
11 87 11 30 87
3 83 3 33 83
6 75 6 38 75
25 85 25 51 85
22 86 22 35 86
9 61 9 39 61
16 86 16 34 86
28 72 28 37 72
2 78 2 41 78
24 71 24 35 71
3 75 3 46 75
18 68 18 42 68
12 67 12 18 32 67
5 61 5 39 61
8 61 8 39 61
1 61 1 51 61
7 72 7 35 72
25 60 25 52 60
12 85 12 18 37 85
20 85 20 37 85
17 83 17 34 83
24 60 24 36 60
10 71 10 18 32 71
23 75 23 35 75
19 66 19 33 66
18 84 18 37 84
4 60 4 42 60
10 83 10 33 83
4 63 4 42 63
14 85 14 53 85
14 67 14 54 67
16 73 16 36 60 73
15 85 15 41 85
15 82 15 39 82
26 62 26 39 62
13 63 13 31 63
28 87 28 37 87
15 62 15 38 62
9 72 9 37 72
26 82 26 39 82
27 63 27 39 63
13 66 13 47 66
21 65 21 34 65
3 60 3 36 60
24 60 24 36 60
20 63 20 31 63
9 68 9 38 68
22 62 22 38 62
25 74 25 53 74
15 86 15 44 86
15 80 15 39 80
8 70 8 39 70
20 73 20 31 73
10 67 10 49 67
25 73 25 31 73
25 66 25 33 66
2 86 2 35 86
0 80 0 35 80
0 87 0 36 87
18 84 18 37 84
17 63 17 42 63
21 88 21 51 88
9 77 9 54 77
1 66 1 50 66
20 74 20 41 74
3 79 3 36 79
21 72 21 55 72
20 64 20 40 64
22 67 22 49 67
24 79 24 36 79
25 79 25 31 79
17 85 17 51 85
29 82 29 35 82
27 63 27 39 63
4 72 4 42 72
21 69 21 51 69
5 74 5 39 74
19 84 19 40 78 84
10 77 10 34 77
13 83 13 31 83
7 87 7 36 87
23 76 23 25 57 76
22 80 22 35 80
13 86 13 31 49 86
10 61 10 43 61
26 85 26 41 85
1 80 1 30 80
14 60 14 42 60
19 72 19 42 72
9 84 9 37 84
26 77 26 34 77
8 63 8 38 63
21 63 21 56 63
27 73 27 49 73
11 87 11 30 87
15 84 15 51 84
26 61 26 39 61
14 62 14 38 62
12 68 12 42 68
2 77 2 35 77
4 76 4 55 76
12 82 12 42 82
12 87 12 42 87
0 69 0 39 69
27 65 27 39 65
7 64 7 35 64
6 81 6 34 81
2 81 2 30 81
10 75 10 49 75
22 70 22 33 70
6 82 6 51 82
26 87 26 57 87
11 74 11 41 74
7 62 7 36 62
28 89 28 38 89
23 70 23 35 70
6 79 6 50 79
22 66 22 33 66
20 79 20 31 79
17 89 17 51 89
27 78 27 41 78
5 75 5 32 75
25 86 25 52 86
0 63 0 39 63
21 69 21 51 69
26 66 26 34 66
29 86 29 35 86
20 79 20 31 79
16 60 16 36 60
27 63 27 39 63
0 64 0 35 64
29 88 29 48 88
27 66 27 37 66
17 76 17 55 76
26 76 26 41 76
6 85 6 41 85
3 83 3 33 83
13 83 13 31 83
16 85 16 30 85
2 68 2 35 68
10 73 10 49 73
1 60 1 55 60
19 74 19 44 74
21 81 21 34 81
26 84 26 57 84
12 83 12 44 83
7 80 7 35 80
0 71 0 35 71
13 82 13 31 82
29 85 29 37 85
22 61 22 43 61
16 63 16 30 31 63
17 73 17 42 60 73
20 80 20 40 80
14 82 14 40 82
11 69 11 30 69
7 72 7 35 72
11 84 11 37 84
12 63 12 42 63
19 82 19 40 82
4 64 4 56 64
29 80 29 35 80
16 79 16 30 79
8 84 8 37 84
13 84 13 56 84
5 81 5 34 81
23 84 23 37 84
25 87 25 43 87
9 77 9 54 77
13 69 13 30 69
25 66 25 33 66
27 74 27 39 74
4 86 4 34 86
2 74 2 39 74
18 67 18 32 67
17 80 17 40 80
21 78 21 34 78
27 79 27 49 79
28 82 28 37 82
0 80 0 35 80
22 67 22 49 67
10 71 10 18 32 71
14 85 14 53 85
24 82 24 35 82
0 76 0 41 76
9 79 9 50 79
3 60 3 36 60
8 61 8 39 61
3 89 3 36 89
3 69 3 43 69
7 76 7 41 76
28 76 28 47 76
27 74 27 39 74
4 84 4 51 84
3 62 3 36 62
14 72 14 38 72
13 89 13 39 89
14 63 14 38 63
22 61 22 43 61
23 68 23 35 68
8 80 8 39 80
10 74 10 48 74
28 88 28 48 88
5 65 5 34 65
12 63 12 42 63
22 64 22 35 64
6 88 6 41 88
3 80 3 36 80
23 63 23 39 63
29 71 29 35 71
22 66 22 33 66
19 89 19 32 89
15 77 15 51 77
22 61 22 43 61
15 65 15 39 65
12 83 12 44 83
11 81 11 30 81
2 61 2 39 61
16 76 16 30 76
17 83 17 34 83
5 65 5 34 65
17 73 17 42 60 73
22 66 22 33 66
20 65 20 41 65
1 85 1 30 85
8 82 8 37 82
8 74 8 39 74
24 79 24 36 79
6 86 6 34 86
3 84 3 49 84
8 64 8 12 44 64
12 66 12 47 66
6 73 6 13 31 73
5 89 5 32 89
29 79 29 36 79
26 88 26 41 88
28 61 28 39 61
1 69 1 30 69
1 83 1 44 83
0 66 0 40 66
12 85 12 18 37 85
25 89 25 51 89
16 73 16 36 60 73
3 71 3 40 71
13 81 13 30 81
3 77 3 34 77
1 85 1 30 85
2 78 2 41 78
11 61 11 41 61
17 70 17 29 35 70
3 62 3 36 62
22 75 22 35 75
21 89 21 32 89
12 72 12 42 72
7 69 7 42 69
16 83 16 34 83
10 78 10 34 78
15 88 15 41 88
0 83 0 36 83
8 88 8 41 88
18 70 18 33 70
25 79 25 31 79
16 68 16 43 68
22 73 22 44 73
26 65 26 34 65
27 86 27 35 86
22 88 22 33 88
16 75 16 30 75
17 85 17 51 85
12 73 12 44 73
8 75 8 38 75
25 78 25 31 78
6 70 6 41 70
5 70 5 39 70
9 77 9 54 77
12 67 12 18 32 67
15 70 15 39 70
12 77 12 57 77
18 71 18 32 71
4 68 4 42 68
11 66 11 37 66
16 87 16 30 87
25 74 25 53 74
24 61 24 42 61
19 78 19 40 78
13 81 13 30 81
28 66 28 34 66
8 73 8 39 60 73
15 66 15 45 66
23 69 23 37 69
23 60 23 39 60
25 87 25 43 87
2 74 2 39 74
0 80 0 35 80
3 63 3 20 31 63
23 84 23 37 84
22 76 22 44 76
3 60 3 36 60
21 72 21 55 72
14 68 14 38 68
29 68 29 35 68
4 67 4 54 67
29 86 29 35 86
2 62 2 38 62
10 78 10 34 78
23 67 23 35 49 67
16 89 16 36 89
10 87 10 43 87
18 81 18 34 81
28 60 28 39 60
14 80 14 40 80
9 71 9 37 71
20 80 20 40 80
8 70 8 39 70
2 71 2 32 71
21 65 21 34 65
18 84 18 37 84
15 63 15 38 63
21 73 21 56 73
4 78 4 34 78
18 70 18 33 70
9 76 9 47 76
7 67 7 58 67
10 77 10 34 77
28 79 28 53 79
11 67 11 58 67
23 63 23 39 63
10 80 10 50 80
8 70 8 39 70
10 72 10 50 72
0 81 0 36 81
2 85 2 30 85
10 87 10 43 87
13 64 13 56 64
12 80 12 42 80
28 77 28 34 77
17 80 17 40 80
24 88 24 35 49 88
6 70 6 41 70
26 63 26 39 63
0 70 0 35 70
9 71 9 37 71
1 86 1 44 86
23 82 23 35 82
23 88 23 52 88
3 60 3 36 60
2 72 2 35 72
27 76 27 41 76
0 64 0 35 64
6 66 6 34 66
3 84 3 49 84
3 67 3 49 67
19 72 19 42 72
6 84 6 51 84
9 75 9 38 75
14 68 14 38 68
21 84 21 51 84
3 85 3 46 85
1 65 1 30 65
5 70 5 39 70
11 74 11 41 74
7 81 7 36 81
10 75 10 49 75
15 77 15 51 77
6 86 6 34 86
22 68 22 35 68
4 87 4 42 87
5 82 5 39 82
10 79 10 49 79
15 80 15 39 80
14 65 14 34 65
5 81 5 34 81
11 80 11 30 80
14 87 14 42 87
16 83 16 34 83
25 82 25 31 82
2 76 2 30 76
24 82 24 35 82
21 80 21 51 80
6 80 6 47 80
24 80 24 35 80
22 70 22 33 70
13 60 13 39 60
16 61 16 43 61
25 73 25 31 73
24 68 24 35 68
10 81 10 34 81
0 66 0 40 66
18 85 18 37 85
8 82 8 37 82
11 83 11 36 83
18 75 18 32 75
5 70 5 39 70
23 85 23 37 85
2 77 2 35 77
23 70 23 35 70
12 78 12 42 78
1 83 1 44 83
0 73 0 56 73
19 67 19 32 67
16 72 16 50 72
28 79 28 53 79
24 60 24 36 60
7 65 7 36 65
15 64 15 44 64
0 70 0 35 70
2 64 2 32 64
25 71 25 40 71
20 67 20 49 67
5 81 5 34 81
13 64 13 56 64
3 81 3 34 81
21 66 21 34 66
5 65 5 34 65
1 69 1 30 69
25 70 25 31 70
23 68 23 35 68
14 65 14 34 65
19 88 19 33 88
6 86 6 34 86
17 60 17 42 60
12 61 12 42 61
9 71 9 37 71
4 81 4 34 81
4 82 4 42 82
9 69 9 37 69
27 72 27 35 72
17 75 17 42 75
1 74 1 44 74
0 85 0 41 85
22 73 22 44 73
28 80 28 39 80
1 73 1 44 73
12 84 12 57 84
27 72 27 35 72
24 63 24 42 63
14 63 14 38 63
28 81 28 34 81
23 63 23 39 63
16 61 16 43 61
9 62 9 38 62
5 71 5 32 71
26 75 26 57 75
2 70 2 30 70
6 69 6 51 69
16 62 16 36 62
11 71 11 35 71
19 89 19 32 89
1 85 1 30 85
19 79 19 32 79
26 61 26 39 61
6 74 6 41 74
10 86 10 34 86
13 68 13 31 68
10 68 10 43 68
23 64 23 35 64
7 62 7 36 62
25 82 25 31 82
14 71 14 40 71
1 87 1 30 87
20 64 20 40 64
28 88 28 48 88
1 71 1 32 71
7 65 7 36 65
23 72 23 35 72
25 70 25 31 70
1 88 1 51 88
10 87 10 43 87
1 82 1 51 82
1 83 1 44 83
15 65 15 39 65
16 86 16 34 86
3 64 3 40 64
6 73 6 13 31 73
1 82 1 51 82
13 76 13 30 76
11 70 11 30 70
25 68 25 31 68
1 68 1 30 31 68
22 69 22 43 69
1 81 1 30 81
8 80 8 39 80
26 69 26 39 69
6 62 6 38 62
11 79 11 30 79
17 80 17 40 80
22 68 22 35 68
21 82 21 51 82
2 64 2 32 64
13 74 13 39 74
14 85 14 53 85
28 79 28 53 79
26 60 26 39 60
14 74 14 53 74
6 78 6 34 78
4 74 4 34 65 74
19 84 19 40 78 84
28 66 28 34 66
13 88 13 31 49 88
28 84 28 37 84
0 64 0 35 64
25 65 25 51 65
20 83 20 31 83
22 85 22 46 85
8 81 8 37 81
11 73 11 56 73
18 83 18 33 83
27 65 27 39 65
9 89 9 38 89
0 81 0 36 81
12 67 12 18 32 67
4 74 4 34 65 74
9 86 9 15 44 86
18 81 18 34 81
8 62 8 38 62
11 87 11 30 87
1 85 1 30 85
25 73 25 31 73
6 67 6 8 54 67
4 86 4 34 86
14 60 14 42 60
7 88 7 41 88
27 63 27 39 63
17 87 17 42 87
6 73 6 13 31 73
24 60 24 36 60
27 86 27 35 86
7 66 7 45 66
2 70 2 30 70
19 75 19 32 75
11 68 11 35 68
0 85 0 41 85
17 80 17 40 80
27 73 27 49 73
20 78 20 31 78
17 83 17 34 83
10 80 10 50 80
6 84 6 51 84
29 81 29 36 81
12 89 12 44 89
2 84 2 49 84
2 67 2 32 67
20 78 20 31 78
1 65 1 30 65
3 85 3 46 85
16 85 16 30 85
18 70 18 33 70
13 83 13 31 83
28 87 28 37 87
1 66 1 50 66
19 77 19 54 77
19 79 19 32 79
19 86 19 44 86
7 70 7 35 70
25 65 25 51 65
9 71 9 37 71
29 73 29 56 73
12 86 12 44 86
2 84 2 49 84
24 68 24 35 68
3 75 3 46 75
0 65 0 36 65
24 77 24 34 77
19 83 19 33 83
11 64 11 35 64
26 71 26 57 71
0 76 0 41 76
25 67 25 31 49 67
19 65 19 46 65
0 67 0 2 32 67
20 70 20 31 70
5 63 5 39 63
14 81 14 34 81
18 76 18 47 76
6 89 6 38 89
25 83 25 31 83
9 63 9 38 63
9 65 9 39 65
15 64 15 44 64
0 76 0 41 76
9 78 9 40 78
20 73 20 31 73
6 64 6 13 56 64
28 71 28 37 71
20 61 20 31 61
25 86 25 52 86
23 85 23 37 85
12 89 12 44 89
7 61 7 41 61
7 87 7 36 87
9 87 9 37 87
23 89 23 35 89
18 70 18 33 70
0 74 0 39 74
7 60 7 36 60
27 77 27 35 77
14 61 14 42 61
27 62 27 39 62
22 62 22 38 62
4 87 4 42 87
23 78 23 25 31 78
0 61 0 39 61
14 86 14 34 86
2 78 2 41 78
0 65 0 36 65
27 71 27 35 71
11 71 11 35 71
13 82 13 31 82
6 74 6 41 74
4 77 4 34 77
27 69 27 37 69
3 71 3 40 71
8 79 8 54 79
26 80 26 39 80
26 65 26 34 65
8 82 8 37 82
21 85 21 51 85
17 63 17 42 63
19 79 19 32 79
23 60 23 39 60
23 68 23 35 68
2 76 2 30 76
25 80 25 40 80
6 75 6 38 75
25 64 25 40 64
16 68 16 43 68
2 66 2 49 66
20 65 20 41 65
12 62 12 50 62
4 89 4 45 89
12 67 12 18 32 67
3 78 3 34 78
19 85 19 46 85
8 78 8 41 78
29 82 29 35 82
12 84 12 57 84
3 73 3 49 73
29 72 29 35 72
10 81 10 34 81
26 68 26 41 68
16 88 16 52 88
15 60 15 39 60
4 83 4 33 83
7 76 7 41 76
26 63 26 39 63
14 62 14 38 62
0 79 0 36 79
10 69 10 43 69
7 83 7 36 83
24 85 24 55 85
2 78 2 41 78
23 61 23 39 61
27 65 27 39 65
28 88 28 48 88
12 67 12 18 32 67
0 70 0 35 70
13 83 13 31 83
24 71 24 35 71
8 61 8 39 61
10 85 10 53 85
28 89 28 38 89
27 65 27 39 65
3 70 3 33 70
17 72 17 42 72
29 61 29 43 61
25 83 25 31 83
3 69 3 43 69
20 86 20 49 86
14 72 14 38 72
7 72 7 35 72
21 76 21 55 76
22 62 22 38 62
7 73 7 58 73
0 69 0 39 69
20 78 20 31 78
18 61 18 42 61
28 72 28 37 72
2 88 2 41 88
22 81 22 45 81
13 84 13 56 84
17 64 17 40 64
25 79 25 31 79
15 64 15 44 64
27 61 27 39 61
11 66 11 37 66
6 72 6 38 72
7 68 7 35 68
11 68 11 35 68
4 61 4 42 61
10 86 10 34 86
5 84 5 57 84
17 87 17 42 87
22 60 22 49 60
25 82 25 31 82
23 86 23 35 86
5 83 5 34 83
17 74 17 53 74
7 87 7 36 87
17 82 17 40 82
3 70 3 33 70
20 62 20 41 62
7 79 7 36 79
13 75 13 30 75
8 72 8 37 72
16 70 16 30 70
28 88 28 48 88
6 75 6 38 75
3 69 3 43 69
28 72 28 37 72
19 61 19 42 61
13 74 13 39 74
18 65 18 34 65
11 64 11 35 64
17 66 17 34 66
18 62 18 36 62
25 77 25 31 77
26 87 26 57 87
20 70 20 31 70
19 61 19 42 61
16 80 16 30 80
8 62 8 38 62
21 76 21 55 76
26 87 26 57 87
2 73 2 44 73
12 69 12 42 69
1 60 1 55 60
14 63 14 38 63
23 88 23 52 88
26 63 26 39 63
5 62 5 39 62
27 66 27 37 66
27 63 27 39 63
22 81 22 45 81
3 87 3 36 87
26 88 26 41 88
8 83 8 38 83
5 65 5 34 65
19 72 19 42 72
3 89 3 36 89
19 62 19 46 62
10 71 10 18 32 71
24 73 24 58 73
23 87 23 37 87
9 83 9 33 83
16 68 16 43 68
5 74 5 39 74
23 74 23 39 74
15 70 15 39 70
28 86 28 34 86
5 60 5 39 60
13 86 13 31 49 86
0 70 0 35 70
27 85 27 37 85
1 62 1 50 62
19 74 19 44 74
28 87 28 37 87
0 64 0 35 64
26 83 26 34 83
19 71 19 32 71
28 68 28 38 68
21 86 21 34 86
14 72 14 38 72
21 82 21 51 82
3 82 3 40 82
3 75 3 46 75
15 75 15 38 75
0 86 0 35 86
25 81 25 57 81
10 89 10 48 89
6 72 6 38 72
8 76 8 41 76
0 76 0 41 76
8 87 8 37 87
10 73 10 49 73
4 77 4 34 77
13 61 13 31 61
15 72 15 38 72
12 85 12 18 37 85
6 65 6 34 65
14 72 14 38 72
13 78 13 31 78
2 85 2 30 85
7 69 7 42 69
12 72 12 42 72
5 86 5 34 86
27 85 27 37 85
4 73 4 56 73
3 62 3 36 62
21 71 21 32 71
9 70 9 33 70
9 70 9 33 70
20 87 20 37 87
14 84 14 34 78 84
17 85 17 51 85
24 85 24 55 85
1 84 1 51 84
6 79 6 50 79
23 76 23 25 57 76
12 79 12 50 79
20 75 20 49 75
4 84 4 51 84
10 81 10 34 81
8 80 8 39 80
0 66 0 40 66
23 87 23 37 87
8 65 8 39 65
1 66 1 50 66
8 86 8 12 44 86
22 83 22 33 83
9 66 9 33 66
13 85 13 30 85
25 78 25 31 78
28 80 28 39 80
5 70 5 39 70
28 85 28 37 85
23 66 23 37 66
1 76 1 30 76
6 63 6 38 63
8 84 8 37 84
16 79 16 30 79
22 60 22 49 60
13 67 13 31 49 67
0 60 0 36 60
17 69 17 42 69
23 63 23 39 63
17 84 17 51 84
6 85 6 41 85
12 89 12 44 89
7 69 7 42 69
17 79 17 51 79
17 80 17 40 80
21 71 21 32 71
28 68 28 38 68
12 86 12 44 86
1 82 1 51 82
20 68 20 31 68
28 81 28 34 81
13 84 13 56 84
6 85 6 41 85
10 60 10 49 60
4 73 4 56 73
17 86 17 34 86
2 79 2 30 79
25 80 25 40 80
16 74 16 47 74
6 62 6 38 62
21 79 21 32 79
26 77 26 34 77
10 70 10 33 70
22 70 22 33 70
3 63 3 20 31 63
7 84 7 41 78 84
0 84 0 56 84
2 69 2 30 69
15 84 15 51 84
7 86 7 35 86
21 77 21 34 77
25 64 25 40 64
23 66 23 37 66
19 85 19 46 85
28 68 28 38 68
1 77 1 51 77
16 61 16 43 61
4 82 4 42 82
2 79 2 30 79
21 65 21 34 65
19 67 19 32 67
20 75 20 49 75
4 71 4 45 71
5 72 5 7 35 72
12 64 12 44 64
17 83 17 34 83
26 89 26 39 89
7 61 7 41 61
25 74 25 53 74
24 66 24 34 66
26 67 26 41 58 67
21 89 21 32 89
2 79 2 30 79
15 72 15 38 72
17 85 17 51 85
27 70 27 35 70
25 70 25 31 70
25 82 25 31 82
14 82 14 40 82
24 61 24 42 61
0 83 0 36 83
17 73 17 42 60 73
28 72 28 37 72
6 68 6 38 68
24 84 24 34 78 84
8 86 8 12 44 86
27 82 27 35 82
28 89 28 38 89
15 73 15 44 73
19 65 19 46 65
26 72 26 41 72
26 74 26 39 74
8 87 8 37 87
7 66 7 45 66
0 64 0 35 64
6 74 6 41 74
25 74 25 53 74
13 68 13 31 68
14 89 14 38 89
9 74 9 39 74
11 74 11 41 74
12 85 12 18 37 85
0 73 0 56 73
20 88 20 33 88
24 69 24 42 69
10 67 10 49 67
19 89 19 32 89
4 70 4 33 70
10 72 10 50 72
22 82 22 35 82
21 85 21 51 85
11 62 11 36 62
22 60 22 49 60
0 67 0 2 32 67
11 80 11 30 80
17 60 17 42 60
14 65 14 34 65
19 78 19 40 78
15 84 15 51 84
28 77 28 34 77
13 67 13 31 49 67
14 62 14 38 62
22 60 22 49 60
19 81 19 45 81
20 79 20 31 79
17 63 17 42 63
16 86 16 34 86
12 78 12 42 78
8 82 8 37 82
1 68 1 30 31 68
10 69 10 43 69
14 68 14 38 68
21 73 21 56 73
16 82 16 40 82
11 60 11 36 60
16 67 16 30 31 49 67
4 87 4 42 87
15 67 15 38 58 67
23 73 23 25 31 73
7 60 7 36 60
25 63 25 31 63
4 77 4 34 77
18 71 18 32 71
17 88 17 51 88
28 79 28 53 79
18 70 18 33 70
3 81 3 34 81
9 74 9 39 74
10 64 10 18 32 64
18 69 18 37 69
4 76 4 55 76
7 68 7 35 68
19 85 19 46 85
17 67 17 42 54 67
2 68 2 35 68
13 63 13 31 63
4 89 4 45 89
19 61 19 42 61
7 73 7 58 73
12 60 12 42 60
13 66 13 47 66
21 81 21 34 81
23 63 23 39 63
28 86 28 34 86
4 89 4 45 89
17 82 17 40 82
12 75 12 42 75
7 60 7 36 60
5 60 5 39 60
22 61 22 43 61
8 68 8 38 68
29 78 29 48 78
4 64 4 56 64
4 71 4 45 71
15 73 15 44 73
22 88 22 33 88
18 79 18 32 79
4 79 4 51 79
7 83 7 36 83
17 81 17 34 81
25 81 25 57 81
15 74 15 39 74
14 75 14 38 75
5 89 5 32 89
25 73 25 31 73
13 68 13 31 68
5 77 5 34 77
18 89 18 32 89
7 82 7 35 82
11 61 11 41 61
9 72 9 37 72
8 66 8 37 66
26 72 26 41 72
18 78 18 34 78
6 78 6 34 78
24 81 24 34 81
27 62 27 39 62
17 61 17 42 61
5 86 5 34 86
26 76 26 41 76
1 86 1 44 86
16 72 16 50 72
27 88 27 41 88
4 64 4 56 64
12 63 12 42 63
12 85 12 18 37 85
15 69 15 39 69
23 69 23 37 69
26 77 26 34 77
9 64 9 40 64
16 81 16 30 81
5 74 5 39 74
28 79 28 53 79
23 69 23 37 69
27 73 27 49 73
5 79 5 32 79
19 86 19 44 86
6 83 6 34 83
23 84 23 37 84
20 60 20 49 60
28 77 28 34 77
29 61 29 43 61
3 72 3 33 66 72
2 68 2 35 68
6 61 6 41 61
24 84 24 34 78 84
28 72 28 37 72
1 83 1 44 83
3 81 3 34 81
29 62 29 36 62
22 72 22 35 72
25 62 25 43 62
14 86 14 34 86
17 65 17 34 65
4 63 4 42 63
21 61 21 51 61
9 60 9 39 60
9 84 9 37 84
27 77 27 35 77
18 85 18 37 85
10 72 10 50 72
9 81 9 37 81
17 70 17 29 35 70
16 76 16 30 76
12 72 12 42 72
2 71 2 32 71
17 78 17 34 78
12 71 12 57 71
10 70 10 33 70
11 80 11 30 80
24 76 24 47 76
25 65 25 51 65
24 68 24 35 68
3 79 3 36 79
18 81 18 34 81
23 72 23 35 72
29 77 29 35 77
10 84 10 49 84
22 83 22 33 83
23 74 23 39 74
16 83 16 34 83
25 79 25 31 79
11 78 11 41 78
6 88 6 41 88
17 66 17 34 66
23 74 23 39 74
21 73 21 56 73
13 71 13 31 37 71
12 81 12 47 81
11 62 11 36 62
15 89 15 38 89
11 88 11 41 88
20 61 20 31 61
1 67 1 32 67
3 73 3 49 73
29 87 29 36 87
3 72 3 33 66 72
1 61 1 51 61
14 87 14 42 87
19 66 19 33 66
13 76 13 30 76
22 86 22 35 86
2 65 2 30 65
5 86 5 34 86
28 73 28 39 60 73
14 82 14 40 82
2 88 2 41 88
29 69 29 37 69
6 72 6 38 72
22 87 22 43 87
20 77 20 31 77
12 60 12 42 60
26 88 26 41 88
9 68 9 38 68
21 74 21 29 48 74
7 61 7 41 61
13 84 13 56 84
26 81 26 34 81
23 72 23 35 72
11 69 11 30 69
10 67 10 49 67
0 84 0 56 84
8 76 8 41 76
6 61 6 41 61
4 73 4 56 73
13 81 13 30 81
7 68 7 35 68
7 75 7 35 75
11 79 11 30 79
9 89 9 38 89
5 89 5 32 89
14 63 14 38 63
19 73 19 44 73
0 69 0 39 69
12 62 12 50 62
23 61 23 39 61
16 79 16 30 79
3 68 3 43 68
7 64 7 35 64
28 79 28 53 79
15 69 15 39 69
26 84 26 57 84
14 77 14 34 77
20 71 20 37 71
14 81 14 34 81
25 77 25 31 77
20 73 20 31 73
9 72 9 37 72
3 71 3 40 71
10 77 10 34 77
27 79 27 49 79
22 64 22 35 64
15 77 15 51 77
24 76 24 47 76
29 73 29 56 73
9 76 9 47 76
7 89 7 35 89
14 85 14 53 85
28 89 28 38 89
6 61 6 41 61
26 61 26 39 61
0 72 0 35 72
27 89 27 35 89
26 88 26 41 88
0 68 0 35 68
7 62 7 36 62
7 74 7 41 74
6 61 6 41 61
16 89 16 36 89
24 62 24 36 62
12 64 12 44 64
16 73 16 36 60 73
12 78 12 42 78
20 88 20 33 88
3 72 3 33 66 72
10 65 10 34 65
1 81 1 30 81
25 64 25 40 64
28 74 28 39 74
8 71 8 37 71
2 89 2 32 89
27 76 27 41 76
17 88 17 51 88
26 86 26 34 86
25 62 25 43 62
27 84 27 37 84
18 71 18 32 71
10 69 10 43 69
26 88 26 41 88
5 86 5 34 86
23 80 23 35 80
29 84 29 37 84
24 66 24 34 66
5 67 5 32 67
3 65 3 34 65
5 61 5 39 61
22 75 22 35 75
1 70 1 30 70
24 60 24 36 60
7 82 7 35 82
29 67 29 35 49 67
2 79 2 30 79
23 77 23 35 77
14 68 14 38 68
25 82 25 31 82
4 74 4 34 65 74
13 77 13 31 77
6 61 6 41 61
28 88 28 48 88
28 85 28 37 85
28 85 28 37 85
5 60 5 39 60
12 82 12 42 82
5 61 5 39 61
12 60 12 42 60
19 72 19 42 72
28 86 28 34 86
14 88 14 52 88
25 81 25 57 81
5 84 5 57 84
17 83 17 34 83
25 60 25 52 60
24 74 24 47 74
17 86 17 34 86
27 81 27 37 81
27 68 27 35 68
17 73 17 42 60 73
29 83 29 36 83
4 65 4 34 65
19 81 19 45 81
29 62 29 36 62
7 65 7 36 65
21 68 21 57 68
29 62 29 36 62
24 64 24 35 64
27 82 27 35 82
4 78 4 34 78
10 60 10 49 60
6 68 6 38 68
18 78 18 34 78
10 66 10 33 66
5 67 5 32 67
25 89 25 51 89
24 66 24 34 66
0 64 0 35 64
18 66 18 33 66
19 84 19 40 78 84
3 74 3 46 74
25 69 25 43 69
19 66 19 33 66
25 67 25 31 49 67
15 83 15 38 83
5 78 5 34 78
13 74 13 39 74
7 68 7 35 68
5 82 5 39 82
24 76 24 47 76
14 72 14 38 72
11 61 11 41 61
15 64 15 44 64
29 68 29 35 68
10 81 10 34 81
4 63 4 42 63
15 74 15 39 74
18 66 18 33 66
24 83 24 34 83
19 70 19 33 70
16 86 16 34 86
25 64 25 40 64
10 85 10 53 85
23 82 23 35 82
6 77 6 34 77
21 70 21 57 70
24 88 24 35 49 88
12 61 12 42 61
26 82 26 39 82
8 87 8 37 87
10 74 10 48 74
12 63 12 42 63
28 73 28 39 60 73
26 69 26 39 69
12 82 12 42 82
25 77 25 31 77
18 87 18 36 87
20 65 20 41 65
11 60 11 36 60
21 63 21 56 63
12 65 12 47 65
16 72 16 50 72
8 67 8 54 67
14 70 14 43 70
29 82 29 35 82
0 88 0 41 88
12 78 12 42 78
21 89 21 32 89
26 64 26 57 64
20 69 20 37 69
20 86 20 49 86
4 87 4 42 87
28 73 28 39 60 73
2 65 2 30 65
7 82 7 35 82
16 86 16 34 86
14 66 14 34 66
21 63 21 56 63
12 70 12 47 70
29 62 29 36 62
17 70 17 29 35 70
14 86 14 34 86
23 81 23 37 81
10 61 10 43 61
14 61 14 42 61
22 66 22 33 66
22 89 22 35 89
14 63 14 38 63
23 76 23 25 57 76
6 82 6 51 82
17 74 17 53 74
21 82 21 51 82
29 78 29 48 78
15 87 15 43 87
2 74 2 39 74
21 82 21 51 82
25 89 25 51 89
17 89 17 51 89
7 81 7 36 81
13 89 13 39 89
15 67 15 38 58 67
2 60 2 39 60
18 65 18 34 65
12 63 12 42 63
9 84 9 37 84
5 77 5 34 77
7 60 7 36 60
26 83 26 34 83
8 69 8 37 69
3 88 3 33 88
12 81 12 47 81
29 61 29 43 61
13 78 13 31 78
1 71 1 32 71
1 70 1 30 70
1 88 1 51 88
28 65 28 34 65
5 84 5 57 84
9 65 9 39 65
18 84 18 37 84
28 74 28 39 74
29 62 29 36 62
23 80 23 35 80
16 61 16 43 61
10 85 10 53 85
6 85 6 41 85
7 66 7 45 66
11 72 11 35 72
27 76 27 41 76
6 77 6 34 77
16 83 16 34 83
12 77 12 57 77
12 86 12 44 86
24 70 24 35 70
9 60 9 39 60
14 61 14 42 61
13 60 13 39 60
23 83 23 25 31 83
5 77 5 34 77
26 74 26 39 74
21 78 21 34 78
19 83 19 33 83
11 82 11 35 82
6 67 6 8 54 67
21 79 21 32 79
11 78 11 41 78
3 86 3 34 86
7 79 7 36 79
28 74 28 39 74
25 84 25 51 84
16 76 16 30 76
11 68 11 35 68
23 86 23 35 86
27 72 27 35 72
22 62 22 38 62
10 71 10 18 32 71
16 87 16 30 87
0 71 0 35 71
29 87 29 36 87
9 69 9 37 69
13 87 13 30 87
19 64 19 32 64
29 88 29 48 88
20 61 20 31 61
18 70 18 33 70
20 78 20 31 78
28 63 28 38 63
4 89 4 45 89
16 64 16 40 64
12 87 12 42 87
21 80 21 51 80
9 86 9 15 44 86
26 83 26 34 83
17 68 17 42 68
3 80 3 36 80
27 73 27 49 73
12 85 12 18 37 85
2 87 2 30 87
23 78 23 25 31 78
25 71 25 40 71
16 66 16 34 66
19 73 19 44 73
23 72 23 35 72
9 65 9 39 65
29 83 29 36 83
19 62 19 46 62
4 73 4 56 73
15 62 15 38 62
0 89 0 35 89
22 74 22 44 74
21 78 21 34 78
10 85 10 53 85
2 79 2 30 79
11 69 11 30 69
11 69 11 30 69
4 68 4 42 68
21 76 21 55 76
0 84 0 56 84
6 84 6 51 84
29 77 29 35 77
5 82 5 39 82
9 66 9 33 66
12 65 12 47 65
27 69 27 37 69
27 84 27 37 84
20 72 20 37 72
26 76 26 41 76
7 70 7 35 70
24 78 24 34 78
10 89 10 48 89
6 87 6 8 37 87
2 84 2 49 84
7 80 7 35 80
21 86 21 34 86
9 63 9 38 63
26 84 26 57 84
22 65 22 46 65
3 68 3 43 68
13 64 13 56 64
27 65 27 39 65
7 73 7 58 73
5 88 5 52 88
10 69 10 43 69
23 79 23 25 31 79
21 87 21 57 87
29 68 29 35 68
14 73 14 42 60 73
22 72 22 35 72
28 89 28 38 89
15 71 15 45 71
6 70 6 41 70
20 67 20 49 67
22 65 22 46 65
14 82 14 40 82
18 68 18 42 68
0 76 0 41 76
26 62 26 39 62
2 77 2 35 77
20 73 20 31 73
0 69 0 39 69
18 62 18 36 62
5 78 5 34 78
4 83 4 33 83
7 83 7 36 83
3 79 3 36 79
19 82 19 40 82
25 85 25 51 85
1 74 1 44 74
27 70 27 35 70
23 74 23 39 74
19 83 19 33 83
2 86 2 35 86
23 83 23 25 31 83
26 84 26 57 84
14 85 14 53 85
18 89 18 32 89
18 77 18 34 77
24 87 24 36 87
25 69 25 43 69
25 69 25 43 69
11 80 11 30 80
17 70 17 29 35 70
6 80 6 47 80
11 83 11 36 83
8 60 8 39 60
28 83 28 34 83
9 64 9 40 64
0 68 0 35 68
25 60 25 52 60
25 69 25 43 69
19 75 19 32 75
11 83 11 36 83
14 60 14 42 60
0 69 0 39 69
6 79 6 50 79
8 84 8 37 84
15 76 15 41 76
5 72 5 7 35 72
27 79 27 49 79
2 72 2 35 72
27 85 27 37 85
18 65 18 34 65
20 60 20 49 60
1 88 1 51 88
19 70 19 33 70
0 72 0 35 72
6 82 6 51 82
7 80 7 35 80
24 67 24 58 67
25 68 25 31 68
24 68 24 35 68
26 83 26 34 83
3 85 3 46 85
12 88 12 57 88
17 78 17 34 78
1 68 1 30 31 68
20 79 20 31 79
26 79 26 55 79
17 87 17 42 87
22 67 22 49 67
27 66 27 37 66
24 83 24 34 83
9 75 9 38 75
21 79 21 32 79
12 82 12 42 82
14 85 14 53 85
10 85 10 53 85
15 75 15 38 75
11 89 11 35 89
22 82 22 35 82
14 69 14 42 69
0 84 0 56 84
12 84 12 57 84
24 73 24 58 73
26 76 26 41 76
20 63 20 31 63
24 85 24 55 85
0 81 0 36 81
5 88 5 52 88
4 63 4 42 63
27 82 27 35 82
4 63 4 42 63
24 89 24 35 89
16 88 16 52 88
29 62 29 36 62
8 63 8 38 63
2 61 2 39 61
14 82 14 40 82
25 60 25 52 60
2 78 2 41 78
14 74 14 53 74
16 65 16 30 65
26 85 26 41 85
15 66 15 45 66
2 89 2 32 89
23 64 23 35 64
24 66 24 34 66
19 87 19 42 87
25 69 25 43 69
2 68 2 35 68
8 83 8 38 83
4 63 4 42 63
1 83 1 44 83
12 78 12 42 78
4 74 4 34 65 74
23 81 23 37 81
21 85 21 51 85
9 80 9 39 80
0 78 0 40 78
8 68 8 38 68
4 81 4 34 81
19 84 19 40 78 84
20 60 20 49 60
0 70 0 35 70
2 66 2 49 66
22 61 22 43 61
28 85 28 37 85
16 84 16 34 78 84
19 76 19 44 76
9 62 9 38 62
3 71 3 40 71
6 75 6 38 75
25 73 25 31 73
5 67 5 32 67
16 61 16 43 61
9 64 9 40 64
27 68 27 35 68
12 87 12 42 87
23 74 23 39 74
26 83 26 34 83
4 74 4 34 65 74
3 78 3 34 78
14 72 14 38 72
21 74 21 29 48 74
28 69 28 37 69
24 79 24 36 79
8 77 8 54 77
4 72 4 42 72
17 67 17 42 54 67
2 65 2 30 65
13 66 13 47 66
24 68 24 35 68
27 68 27 35 68
12 77 12 57 77
12 84 12 57 84
5 65 5 34 65
12 83 12 44 83
3 75 3 46 75
9 74 9 39 74
23 84 23 37 84
2 83 2 38 83
7 67 7 58 67
22 76 22 44 76
4 70 4 33 70
12 81 12 47 81
10 67 10 49 67
5 83 5 34 83
3 65 3 34 65
7 69 7 42 69
0 68 0 35 68
29 72 29 35 72
21 83 21 34 83
14 87 14 42 87
5 68 5 57 68
10 66 10 33 66
26 63 26 39 63
18 66 18 33 66
25 70 25 31 70
0 63 0 39 63
21 71 21 32 71
3 82 3 40 82
2 78 2 41 78
20 82 20 31 82
23 73 23 25 31 73
1 76 1 30 76
28 86 28 34 86
27 73 27 49 73
26 79 26 55 79
27 70 27 35 70
21 87 21 57 87
11 77 11 35 77
4 65 4 34 65
11 66 11 37 66
24 82 24 35 82
16 65 16 30 65
11 70 11 30 70
3 62 3 36 62
23 89 23 35 89
22 87 22 43 87
6 89 6 38 89
15 73 15 44 73
3 85 3 46 85
28 79 28 53 79
28 73 28 39 60 73
22 86 22 35 86
12 85 12 18 37 85
0 61 0 39 61
21 78 21 34 78
3 68 3 43 68
1 67 1 32 67
7 65 7 36 65
17 76 17 55 76
21 69 21 51 69
11 68 11 35 68
14 66 14 34 66
7 83 7 36 83
6 83 6 34 83
14 77 14 34 77
9 71 9 37 71
16 69 16 30 69
23 80 23 35 80
4 81 4 34 81
1 73 1 44 73
17 73 17 42 60 73
12 68 12 42 68
0 74 0 39 74
27 81 27 37 81
7 76 7 41 76
4 83 4 33 83
24 81 24 34 81
21 86 21 34 86
14 60 14 42 60
29 83 29 36 83
25 83 25 31 83
24 72 24 35 72
25 77 25 31 77
2 72 2 35 72
3 77 3 34 77
9 69 9 37 69
11 80 11 30 80
2 65 2 30 65
22 87 22 43 87
15 70 15 39 70
25 70 25 31 70
29 80 29 35 80
22 61 22 43 61
3 76 3 40 64 76
9 84 9 37 84
14 68 14 38 68
28 68 28 38 68
26 78 26 34 78
2 66 2 49 66
22 77 22 35 77
26 77 26 34 77
7 79 7 36 79
2 74 2 39 74
28 74 28 39 74
1 61 1 51 61
10 63 10 48 63
23 69 23 37 69
21 80 21 51 80
21 87 21 57 87
19 63 19 42 63
23 70 23 35 70
18 74 18 47 74
24 74 24 47 74
16 70 16 30 70
18 76 18 47 76
29 89 29 35 89
6 75 6 38 75
18 73 18 49 73
24 63 24 42 63
29 69 29 37 69
15 85 15 41 85
1 81 1 30 81
28 88 28 48 88
13 63 13 31 63
24 61 24 42 61
29 73 29 56 73
11 63 11 38 63
19 87 19 42 87
14 85 14 53 85
20 80 20 40 80
17 69 17 42 69
6 60 6 8 39 60
0 89 0 35 89
24 60 24 36 60
3 65 3 34 65
11 69 11 30 69
22 61 22 43 61
6 73 6 13 31 73
8 69 8 37 69
7 87 7 36 87
25 71 25 40 71
11 81 11 30 81
25 67 25 31 49 67
4 62 4 51 62
26 74 26 39 74
2 70 2 30 70
19 82 19 40 82
10 74 10 48 74
24 83 24 34 83
2 74 2 39 74
12 86 12 44 86
15 60 15 39 60
6 79 6 50 79
7 65 7 36 65
20 65 20 41 65
28 70 28 39 70
1 73 1 44 73
16 75 16 30 75
6 70 6 41 70
3 64 3 40 64
13 81 13 30 81
3 85 3 46 85
17 79 17 51 79
25 65 25 51 65
24 79 24 36 79
7 89 7 35 89
23 79 23 25 31 79
15 64 15 44 64
26 83 26 34 83
14 65 14 34 65
28 62 28 38 62
5 68 5 57 68
16 62 16 36 62
23 76 23 25 57 76
4 80 4 42 80
26 62 26 39 62
12 61 12 42 61
14 77 14 34 77
22 69 22 43 69
17 73 17 42 60 73
26 83 26 34 83
18 65 18 34 65
27 67 27 49 67
7 61 7 41 61
10 77 10 34 77
12 72 12 42 72
26 72 26 41 72
28 62 28 38 62
2 61 2 39 61
16 64 16 40 64
16 81 16 30 81
13 70 13 30 70
20 73 20 31 73
8 89 8 38 89
23 77 23 35 77
17 65 17 34 65
26 76 26 41 76
12 88 12 57 88
24 81 24 34 81
20 82 20 31 82
20 74 20 41 74
4 65 4 34 65
21 65 21 34 65
29 85 29 37 85
20 86 20 49 86
13 71 13 31 37 71
12 61 12 42 61
9 86 9 15 44 86
6 63 6 38 63
5 74 5 39 74
9 70 9 33 70
7 84 7 41 78 84
26 78 26 34 78
17 65 17 34 65
1 80 1 30 80
2 78 2 41 78
19 86 19 44 86
24 69 24 42 69
27 81 27 37 81
0 86 0 35 86
1 78 1 51 78
21 63 21 56 63
0 74 0 39 74
18 88 18 33 88
27 72 27 35 72
16 85 16 30 85
22 77 22 35 77
28 77 28 34 77
2 69 2 30 69
19 60 19 42 60
9 77 9 54 77
6 84 6 51 84
4 70 4 33 70
9 87 9 37 87
20 73 20 31 73
7 76 7 41 76
4 86 4 34 86
7 74 7 41 74
21 83 21 34 83
29 88 29 48 88
29 84 29 37 84
6 65 6 34 65
4 73 4 56 73
9 86 9 15 44 86
27 67 27 49 67
2 60 2 39 60
10 72 10 50 72
16 70 16 30 70
16 60 16 36 60
6 80 6 47 80
1 68 1 30 31 68
10 82 10 43 82
5 73 5 7 58 73
10 62 10 43 62
13 69 13 30 69
24 88 24 35 49 88
0 71 0 35 71
9 62 9 38 62
2 66 2 49 66
21 64 21 32 64
13 60 13 39 60
26 68 26 41 68
14 75 14 38 75
18 80 18 36 80
9 85 9 37 85
4 81 4 34 81
10 83 10 33 83
4 89 4 45 89
16 82 16 40 82
9 69 9 37 69
27 63 27 39 63
4 71 4 45 71
13 87 13 30 87
0 84 0 56 84
24 79 24 36 79
19 75 19 32 75
2 83 2 38 83
21 69 21 51 69
18 75 18 32 75
16 78 16 34 78
14 82 14 40 82
25 60 25 52 60
5 74 5 39 74
9 68 9 38 68
2 80 2 30 80
3 87 3 36 87
12 62 12 50 62
1 72 1 44 72
23 63 23 39 63
5 75 5 32 75
4 85 4 51 85
28 88 28 48 88
22 81 22 45 81
3 73 3 49 73
27 84 27 37 84
26 70 26 39 70
21 75 21 32 75
27 67 27 49 67
20 61 20 31 61
22 62 22 38 62
16 89 16 36 89
9 83 9 33 83
0 81 0 36 81
16 72 16 50 72
27 76 27 41 76
8 84 8 37 84
15 86 15 44 86
7 87 7 36 87
17 79 17 51 79
20 75 20 49 75
25 66 25 33 66
21 80 21 51 80
27 68 27 35 68
3 70 3 33 70
6 76 6 41 76
25 75 25 51 75
27 79 27 49 79
3 67 3 49 67
16 72 16 50 72
12 86 12 44 86
10 81 10 34 81
2 77 2 35 77
14 74 14 53 74
2 78 2 41 78
15 89 15 38 89
26 79 26 55 79
28 61 28 39 61
24 88 24 35 49 88
22 63 22 38 63
15 88 15 41 88
15 70 15 39 70
25 81 25 57 81
9 70 9 33 70
7 79 7 36 79
7 85 7 41 85
28 72 28 37 72
24 66 24 34 66
0 80 0 35 80
16 71 16 40 71
18 78 18 34 78
2 87 2 30 87
0 76 0 41 76
24 66 24 34 66
27 80 27 35 80
9 63 9 38 63
10 61 10 43 61
11 61 11 41 61
16 64 16 40 64
5 61 5 39 61
14 89 14 38 89
5 85 5 7 41 85
24 63 24 42 63
16 72 16 50 72
29 69 29 37 69
0 79 0 36 79
7 61 7 41 61
29 74 29 48 74
4 60 4 42 60
11 71 11 35 71
20 64 20 40 64
10 75 10 49 75
6 78 6 34 78
15 61 15 39 61
29 71 29 35 71
11 84 11 37 84
4 66 4 33 66
3 86 3 34 86
24 72 24 35 72
25 80 25 40 80
0 72 0 35 72
20 89 20 57 89
6 79 6 50 79
3 74 3 46 74
10 81 10 34 81
10 62 10 43 62
25 66 25 33 66
9 62 9 38 62
18 74 18 47 74
23 68 23 35 68
3 66 3 33 66
24 60 24 36 60
0 67 0 2 32 67
27 69 27 37 69
28 63 28 38 63
14 88 14 52 88
5 66 5 34 66
28 74 28 39 74
25 63 25 31 63
9 83 9 33 83
14 82 14 40 82
22 74 22 44 74
22 71 22 35 71
18 63 18 42 63
6 88 6 41 88
29 66 29 37 66
0 89 0 35 89
16 76 16 30 76
13 66 13 47 66
22 69 22 43 69
19 81 19 45 81
15 84 15 51 84
15 80 15 39 80
13 82 13 31 82
2 72 2 35 72
7 75 7 35 75
13 82 13 31 82
27 74 27 39 74
25 60 25 52 60
24 74 24 47 74
26 81 26 34 81
9 67 9 54 67
29 61 29 43 61
11 79 11 30 79
4 69 4 42 69
5 69 5 39 69
22 75 22 35 75
8 82 8 37 82
13 87 13 30 87
16 77 16 34 77
29 72 29 35 72
12 82 12 42 82
20 79 20 31 79
0 72 0 35 72
19 75 19 32 75
10 83 10 33 83
20 83 20 31 83
19 71 19 32 71
23 78 23 25 31 78
23 82 23 35 82
22 84 22 49 84
21 68 21 57 68
5 78 5 34 78
21 68 21 57 68
20 71 20 37 71
2 86 2 35 86
16 67 16 30 31 49 67
7 81 7 36 81
7 67 7 58 67
11 63 11 38 63
12 78 12 42 78
18 82 18 37 82
7 83 7 36 83
23 84 23 37 84
13 63 13 31 63
16 76 16 30 76
10 84 10 49 84
18 63 18 42 63
28 61 28 39 61
14 87 14 42 87
12 62 12 50 62
6 68 6 38 68
21 85 21 51 85
5 75 5 32 75
8 77 8 54 77
18 88 18 33 88
3 77 3 34 77
9 78 9 40 78
1 60 1 55 60
3 77 3 34 77
29 84 29 37 84
22 68 22 35 68
6 88 6 41 88
14 69 14 42 69
18 68 18 42 68
26 80 26 39 80
28 80 28 39 80
8 70 8 39 70
8 84 8 37 84
28 83 28 34 83
3 62 3 36 62
25 67 25 31 49 67
28 61 28 39 61
16 83 16 34 83
24 76 24 47 76
24 78 24 34 78
13 84 13 56 84
28 80 28 39 80
18 67 18 32 67
19 71 19 32 71
26 81 26 34 81
5 80 5 39 80
0 82 0 35 82
9 68 9 38 68
9 82 9 37 82
3 83 3 33 83
7 79 7 36 79
28 66 28 34 66
22 83 22 33 83
22 87 22 43 87
0 80 0 35 80
3 71 3 40 71
2 88 2 41 88
2 61 2 39 61
29 88 29 48 88
24 63 24 42 63
4 73 4 56 73
9 67 9 54 67
23 82 23 35 82
14 87 14 42 87
28 61 28 39 61
20 83 20 31 83
22 80 22 35 80
0 65 0 36 65
29 61 29 43 61
29 71 29 35 71
12 69 12 42 69
13 85 13 30 85
25 87 25 43 87
5 75 5 32 75
11 60 11 36 60
5 69 5 39 69
29 78 29 48 78
28 69 28 37 69
15 88 15 41 88
18 79 18 32 79
3 71 3 40 71
4 84 4 51 84
12 73 12 44 73
19 64 19 32 64
11 60 11 36 60
14 84 14 34 78 84
9 74 9 39 74
5 84 5 57 84
29 74 29 48 74
9 84 9 37 84
8 60 8 39 60
25 65 25 51 65
17 69 17 42 69
3 79 3 36 79
0 86 0 35 86
21 64 21 32 64
2 61 2 39 61
17 89 17 51 89
27 67 27 49 67
7 85 7 41 85
0 81 0 36 81
5 76 5 57 76
16 84 16 34 78 84
23 84 23 37 84
18 67 18 32 67
17 85 17 51 85
22 86 22 35 86
18 60 18 36 60
5 62 5 39 62
22 66 22 33 66
4 67 4 54 67
25 76 25 57 76
6 61 6 41 61
11 84 11 37 84
14 77 14 34 77
22 64 22 35 64
2 84 2 49 84
23 69 23 37 69
15 76 15 41 76
14 71 14 40 71
16 72 16 50 72
25 85 25 51 85
21 68 21 57 68
13 72 13 42 72
26 84 26 57 84
12 61 12 42 61
6 64 6 13 56 64
20 75 20 49 75
10 82 10 43 82
5 83 5 34 83
6 89 6 38 89
24 89 24 35 89
9 74 9 39 74
20 60 20 49 60
15 85 15 41 85
8 66 8 37 66
7 63 7 42 63
16 71 16 40 71
23 64 23 35 64
2 73 2 44 73
16 69 16 30 69
1 71 1 32 71
13 70 13 30 70
8 86 8 12 44 86
3 81 3 34 81
27 60 27 39 60
29 65 29 36 65
24 89 24 35 89
4 81 4 34 81
10 72 10 50 72
11 80 11 30 80
7 84 7 41 78 84
3 74 3 46 74
24 79 24 36 79
17 66 17 34 66
9 84 9 37 84
3 74 3 46 74
5 74 5 39 74
10 87 10 43 87
4 72 4 42 72
25 66 25 33 66
29 75 29 35 75
20 60 20 49 60
1 86 1 44 86
20 78 20 31 78
19 79 19 32 79
17 69 17 42 69
5 71 5 32 71
5 84 5 57 84
6 70 6 41 70
28 63 28 38 63
12 83 12 44 83
27 64 27 35 64
22 74 22 44 74
19 88 19 33 88
25 83 25 31 83
7 73 7 58 73
6 79 6 50 79
25 85 25 51 85
21 68 21 57 68
29 79 29 36 79
11 78 11 41 78
17 82 17 40 82
0 69 0 39 69
4 83 4 33 83
28 83 28 34 83
8 67 8 54 67
23 81 23 37 81
19 83 19 33 83
17 79 17 51 79
29 64 29 35 64
11 67 11 58 67
19 73 19 44 73
0 65 0 36 65
6 68 6 38 68
22 67 22 49 67
16 78 16 34 78
25 80 25 40 80
15 77 15 51 77
13 87 13 30 87
9 62 9 38 62
29 69 29 37 69
6 69 6 51 69
29 79 29 36 79
28 81 28 34 81
2 84 2 49 84
10 74 10 48 74
1 61 1 51 61
0 61 0 39 61
2 78 2 41 78
15 83 15 38 83
19 89 19 32 89
26 71 26 57 71
28 60 28 39 60
9 87 9 37 87
29 84 29 37 84
10 77 10 34 77
11 63 11 38 63
14 89 14 38 89
18 73 18 49 73
29 77 29 35 77
7 68 7 35 68
20 64 20 40 64
0 71 0 35 71
11 82 11 35 82
29 61 29 43 61
23 76 23 25 57 76
25 67 25 31 49 67
17 67 17 42 54 67
9 65 9 39 65
13 63 13 31 63
0 68 0 35 68
24 65 24 34 65
7 87 7 36 87
4 88 4 33 88
6 74 6 41 74
16 64 16 40 64
2 88 2 41 88
11 75 11 30 75
12 61 12 42 61
26 86 26 34 86
24 85 24 55 85
23 73 23 25 31 73
24 79 24 36 79
16 64 16 40 64
16 73 16 36 60 73
26 62 26 39 62
9 69 9 37 69
5 75 5 32 75
23 85 23 37 85
2 66 2 49 66
12 83 12 44 83
0 76 0 41 76
16 62 16 36 62
26 73 26 39 60 73
26 80 26 39 80
24 87 24 36 87
16 63 16 30 31 63
20 83 20 31 83
11 66 11 37 66
27 63 27 39 63
19 70 19 33 70
23 86 23 35 86
13 63 13 31 63
28 75 28 38 75
5 84 5 57 84
13 60 13 39 60
29 61 29 43 61
10 62 10 43 62
0 75 0 35 75
3 86 3 34 86
18 73 18 49 73
15 78 15 41 78
0 75 0 35 75
29 81 29 36 81
13 62 13 39 62
8 83 8 38 83
29 61 29 43 61
1 87 1 30 87
19 60 19 42 60
12 63 12 42 63
11 78 11 41 78
1 88 1 51 88
9 75 9 38 75
28 69 28 37 69
15 63 15 38 63
18 67 18 32 67
12 69 12 42 69
5 63 5 39 63
22 64 22 35 64
17 72 17 42 72
13 70 13 30 70
6 76 6 41 76
7 70 7 35 70
6 65 6 34 65
18 71 18 32 71
5 75 5 32 75
23 86 23 35 86
28 75 28 38 75
11 87 11 30 87
22 75 22 35 75
27 72 27 35 72
10 70 10 33 70
25 80 25 40 80
4 73 4 56 73
18 72 18 37 72
10 76 10 48 76
2 63 2 38 63
20 79 20 31 79
29 63 29 48 63
26 73 26 39 60 73
14 80 14 40 80
11 75 11 30 75
19 87 19 42 87
13 61 13 31 61
26 85 26 41 85
4 86 4 34 86
19 77 19 54 77
17 69 17 42 69
21 73 21 56 73
12 84 12 57 84
19 70 19 33 70
20 62 20 41 62
21 78 21 34 78
29 71 29 35 71
3 80 3 36 80
25 81 25 57 81
15 78 15 41 78
3 83 3 33 83
7 85 7 41 85
2 81 2 30 81
8 63 8 38 63
9 71 9 37 71
12 85 12 18 37 85
29 83 29 36 83
1 76 1 30 76
28 84 28 37 84
7 60 7 36 60
4 62 4 51 62
6 74 6 41 74
14 86 14 34 86
21 84 21 51 84
27 75 27 35 75
6 84 6 51 84
26 69 26 39 69
26 82 26 39 82
2 79 2 30 79
9 76 9 47 76
2 86 2 35 86
21 76 21 55 76
26 66 26 34 66
20 66 20 33 66
13 83 13 31 83
25 70 25 31 70
22 75 22 35 75
16 78 16 34 78
10 76 10 48 76
25 84 25 51 84
20 64 20 40 64
24 70 24 35 70
14 88 14 52 88
16 75 16 30 75
19 87 19 42 87
14 74 14 53 74
27 89 27 35 89
14 81 14 34 81
15 74 15 39 74
27 81 27 37 81
15 61 15 39 61
12 78 12 42 78
5 68 5 57 68
11 85 11 30 85
22 87 22 43 87
25 62 25 43 62
17 71 17 40 71
1 74 1 44 74
2 66 2 49 66
21 69 21 51 69
4 75 4 42 75
29 88 29 48 88
18 75 18 32 75
26 82 26 39 82
24 79 24 36 79
9 61 9 39 61
2 85 2 30 85
6 71 6 51 71
5 87 5 57 87
4 87 4 42 87
23 71 23 35 71
22 75 22 35 75
1 86 1 44 86
0 73 0 56 73
25 85 25 51 85
26 60 26 39 60
21 68 21 57 68
29 69 29 37 69
5 80 5 39 80
23 75 23 35 75
23 64 23 35 64
26 87 26 57 87
29 80 29 35 80
8 68 8 38 68
5 64 5 32 64
3 83 3 33 83
26 66 26 34 66
3 76 3 40 64 76
7 73 7 58 73
7 73 7 58 73
29 63 29 48 63
15 62 15 38 62
18 67 18 32 67
2 76 2 30 76
24 78 24 34 78
19 83 19 33 83
10 87 10 43 87
23 60 23 39 60
18 76 18 47 76
19 81 19 45 81
19 76 19 44 76
6 74 6 41 74
25 70 25 31 70
1 63 1 30 31 63
18 79 18 32 79
5 87 5 57 87
26 63 26 39 63
8 80 8 39 80
27 77 27 35 77
25 79 25 31 79
5 67 5 32 67
12 86 12 44 86
3 86 3 34 86
1 85 1 30 85
26 70 26 39 70
4 80 4 42 80
28 77 28 34 77
8 78 8 41 78
27 87 27 37 87
26 88 26 41 88
27 73 27 49 73
23 64 23 35 64
18 67 18 32 67
10 82 10 43 82
15 62 15 38 62
15 70 15 39 70
2 81 2 30 81
9 66 9 33 66
10 87 10 43 87
23 82 23 35 82
25 71 25 40 71
7 64 7 35 64
9 77 9 54 77
22 70 22 33 70
10 87 10 43 87
0 69 0 39 69
23 82 23 35 82
11 84 11 37 84
27 63 27 39 63
16 89 16 36 89
8 78 8 41 78
26 84 26 57 84
20 65 20 41 65
6 86 6 34 86
10 82 10 43 82
10 87 10 43 87
9 79 9 50 79
2 85 2 30 85
14 66 14 34 66
4 76 4 55 76
0 78 0 40 78
25 65 25 51 65
12 83 12 44 83
15 60 15 39 60
17 64 17 40 64
12 84 12 57 84
21 68 21 57 68
15 85 15 41 85
12 75 12 42 75
29 72 29 35 72
9 85 9 37 85
0 87 0 36 87
18 83 18 33 83
18 74 18 47 74
24 79 24 36 79
4 80 4 42 80
28 81 28 34 81
21 61 21 51 61
26 87 26 57 87
22 76 22 44 76
1 84 1 51 84
19 64 19 32 64
14 66 14 34 66
9 81 9 37 81
5 78 5 34 78
7 64 7 35 64
22 73 22 44 73
21 89 21 32 89
13 77 13 31 77
17 80 17 40 80
1 82 1 51 82
11 86 11 35 86
7 61 7 41 61
23 88 23 52 88
25 76 25 57 76
1 69 1 30 69
17 76 17 55 76
26 81 26 34 81
22 62 22 38 62
22 61 22 43 61
21 70 21 57 70
12 82 12 42 82
27 65 27 39 65
26 85 26 41 85
13 66 13 47 66
15 62 15 38 62
5 81 5 34 81
5 78 5 34 78
24 67 24 58 67
3 83 3 33 83
26 60 26 39 60
12 70 12 47 70
17 64 17 40 64
22 74 22 44 74
2 86 2 35 86
26 68 26 41 68
13 61 13 31 61
17 82 17 40 82
11 69 11 30 69
10 70 10 33 70
6 87 6 8 37 87
15 85 15 41 85
22 69 22 43 69
17 89 17 51 89
21 74 21 29 48 74
14 66 14 34 66
16 65 16 30 65
10 80 10 50 80
1 72 1 44 72
28 61 28 39 61
2 68 2 35 68
25 81 25 57 81
14 76 14 24 47 76
8 72 8 37 72
17 77 17 34 77
23 76 23 25 57 76
0 74 0 39 74
24 65 24 34 65
23 62 23 39 62
27 81 27 37 81
10 81 10 34 81
23 63 23 39 63
22 71 22 35 71
24 70 24 35 70
4 86 4 34 86
0 82 0 35 82
19 72 19 42 72
12 61 12 42 61
25 77 25 31 77
17 61 17 42 61
18 83 18 33 83
1 67 1 32 67
13 73 13 31 73
22 75 22 35 75
1 67 1 32 67
13 60 13 39 60
9 69 9 37 69
22 89 22 35 89
13 83 13 31 83
19 74 19 44 74
7 75 7 35 75
23 78 23 25 31 78
17 69 17 42 69
4 80 4 42 80
4 84 4 51 84
14 89 14 38 89
7 71 7 35 71
5 77 5 34 77
12 68 12 42 68
23 76 23 25 57 76
12 72 12 42 72
8 81 8 37 81
7 65 7 36 65
7 83 7 36 83
18 72 18 37 72
15 71 15 45 71
21 73 21 56 73
25 60 25 52 60
0 70 0 35 70
26 80 26 39 80
20 73 20 31 73
3 83 3 33 83
11 76 11 30 76
18 67 18 32 67
13 81 13 30 81
26 87 26 57 87
4 81 4 34 81
26 60 26 39 60
9 79 9 50 79
26 63 26 39 63
4 63 4 42 63
0 68 0 35 68
14 71 14 40 71
7 83 7 36 83
5 76 5 57 76
22 64 22 35 64
16 89 16 36 89
6 76 6 41 76
18 86 18 34 86
7 67 7 58 67
2 75 2 30 75
15 78 15 41 78
2 67 2 32 67
6 62 6 38 62
27 69 27 37 69
9 88 9 33 88
4 81 4 34 81
22 78 22 45 78
26 80 26 39 80
24 83 24 34 83
6 89 6 38 89
1 77 1 51 77
12 72 12 42 72
21 80 21 51 80
10 81 10 34 81
6 64 6 13 56 64
0 76 0 41 76
6 74 6 41 74
16 78 16 34 78
17 72 17 42 72
3 62 3 36 62
18 70 18 33 70
22 72 22 35 72
10 86 10 34 86
9 65 9 39 65
0 73 0 56 73
22 76 22 44 76
22 83 22 33 83
4 65 4 34 65
3 62 3 36 62
19 76 19 44 76
8 84 8 37 84
3 68 3 43 68
5 79 5 32 79
6 78 6 34 78
28 87 28 37 87
23 89 23 35 89
10 86 10 34 86
25 69 25 43 69
7 65 7 36 65
4 64 4 56 64
4 70 4 33 70
18 87 18 36 87
23 64 23 35 64
0 73 0 56 73
10 61 10 43 61
9 78 9 40 78
21 80 21 51 80
5 62 5 39 62
6 64 6 13 56 64
18 76 18 47 76
0 69 0 39 69
7 80 7 35 80
16 64 16 40 64
14 62 14 38 62
16 64 16 40 64
15 65 15 39 65
16 63 16 30 31 63
24 71 24 35 71
17 64 17 40 64
3 69 3 43 69
28 81 28 34 81
25 85 25 51 85
22 63 22 38 63
0 69 0 39 69
22 63 22 38 63
0 78 0 40 78
19 60 19 42 60
5 73 5 7 58 73
15 69 15 39 69
27 79 27 49 79
25 71 25 40 71
27 80 27 35 80
10 82 10 43 82
0 70 0 35 70
20 87 20 37 87
13 75 13 30 75
21 73 21 56 73
14 71 14 40 71
18 86 18 34 86
20 68 20 31 68
12 81 12 47 81
9 74 9 39 74
28 71 28 37 71
19 88 19 33 88
12 83 12 44 83
16 89 16 36 89
10 89 10 48 89
21 74 21 29 48 74
8 76 8 41 76
16 82 16 40 82
19 71 19 32 71
23 86 23 35 86
8 82 8 37 82
13 87 13 30 87
12 70 12 47 70
1 62 1 50 62
0 74 0 39 74
5 75 5 32 75
2 86 2 35 86
4 89 4 45 89
18 66 18 33 66
25 60 25 52 60
27 86 27 35 86
6 85 6 41 85
20 61 20 31 61
4 81 4 34 81
5 88 5 52 88
23 71 23 35 71
21 66 21 34 66
0 64 0 35 64
3 81 3 34 81
16 61 16 43 61
19 89 19 32 89
4 62 4 51 62
9 85 9 37 85
18 61 18 42 61
28 84 28 37 84
0 81 0 36 81
19 67 19 32 67
15 83 15 38 83
26 65 26 34 65
22 75 22 35 75
1 74 1 44 74
23 61 23 39 61
10 64 10 18 32 64
1 78 1 51 78
13 83 13 31 83
17 63 17 42 63
13 64 13 56 64
26 81 26 34 81
14 71 14 40 71
14 68 14 38 68
9 70 9 33 70
17 85 17 51 85
28 61 28 39 61
24 85 24 55 85
5 72 5 7 35 72
13 79 13 30 79
15 76 15 41 76
9 69 9 37 69
21 81 21 34 81
9 69 9 37 69
19 75 19 32 75
7 68 7 35 68
7 85 7 41 85
27 85 27 37 85
17 80 17 40 80
26 71 26 57 71
3 62 3 36 62
19 65 19 46 65
12 80 12 42 80
4 72 4 42 72
14 75 14 38 75
28 65 28 34 65
16 84 16 34 78 84
26 78 26 34 78
12 76 12 44 76
0 84 0 56 84
5 88 5 52 88
21 61 21 51 61
2 74 2 39 74
20 85 20 37 85
13 68 13 31 68
13 80 13 30 80
7 80 7 35 80
12 83 12 44 83
12 88 12 57 88
25 85 25 51 85
29 67 29 35 49 67
7 64 7 35 64
11 76 11 30 76
18 60 18 36 60
13 75 13 30 75
8 65 8 39 65
29 63 29 48 63
2 88 2 41 88
16 81 16 30 81
6 80 6 47 80
28 80 28 39 80
12 70 12 47 70
7 79 7 36 79
22 71 22 35 71
11 69 11 30 69
26 88 26 41 88
23 88 23 52 88
25 89 25 51 89
11 82 11 35 82
11 81 11 30 81
8 80 8 39 80
14 81 14 34 81
18 84 18 37 84
8 76 8 41 76
15 71 15 45 71
17 82 17 40 82
21 64 21 32 64
18 62 18 36 62
16 65 16 30 65
10 78 10 34 78
29 89 29 35 89
4 83 4 33 83
13 60 13 39 60
5 82 5 39 82
17 68 17 42 68
12 77 12 57 77
16 74 16 47 74
3 62 3 36 62
8 75 8 38 75
20 71 20 37 71
12 63 12 42 63
17 87 17 42 87
8 73 8 39 60 73
1 81 1 30 81
13 78 13 31 78
15 73 15 44 73
26 73 26 39 60 73
13 83 13 31 83
25 80 25 40 80
14 83 14 34 83
27 65 27 39 65
11 68 11 35 68
18 86 18 34 86
21 85 21 51 85
0 79 0 36 79
4 83 4 33 83
13 62 13 39 62
1 85 1 30 85
26 71 26 57 71
20 75 20 49 75
19 70 19 33 70
28 72 28 37 72
19 86 19 44 86
26 69 26 39 69
29 65 29 36 65
12 76 12 44 76
22 62 22 38 62
9 87 9 37 87
22 82 22 35 82
2 89 2 32 89
19 71 19 32 71
7 80 7 35 80
3 83 3 33 83
12 60 12 42 60
28 70 28 39 70
14 73 14 42 60 73
6 79 6 50 79
21 82 21 51 82
19 66 19 33 66
8 89 8 38 89
19 74 19 44 74
0 68 0 35 68
6 85 6 41 85
8 72 8 37 72
12 66 12 47 66
18 75 18 32 75
15 83 15 38 83
20 70 20 31 70
28 74 28 39 74
19 86 19 44 86
27 87 27 37 87
4 62 4 51 62
18 63 18 42 63
19 66 19 33 66
21 62 21 51 62
25 65 25 51 65
13 69 13 30 69
17 70 17 29 35 70
2 66 2 49 66
17 65 17 34 65
16 60 16 36 60
16 80 16 30 80
1 73 1 44 73
12 84 12 57 84
19 69 19 42 69
3 73 3 49 73
26 62 26 39 62
20 84 20 37 84
9 78 9 40 78
22 83 22 33 83
17 75 17 42 75
5 83 5 34 83
4 71 4 45 71
17 67 17 42 54 67
23 72 23 35 72
16 64 16 40 64
13 63 13 31 63
17 78 17 34 78
1 73 1 44 73
12 77 12 57 77
0 89 0 35 89
13 79 13 30 79
29 62 29 36 62
14 73 14 42 60 73
28 84 28 37 84
14 76 14 24 47 76
2 78 2 41 78
28 83 28 34 83
2 75 2 30 75
11 87 11 30 87
6 81 6 34 81
16 66 16 34 66
10 69 10 43 69
23 60 23 39 60
22 67 22 49 67
29 78 29 48 78
10 83 10 33 83
8 85 8 37 85
13 75 13 30 75
22 89 22 35 89
20 84 20 37 84
5 73 5 7 58 73
23 74 23 39 74
27 64 27 35 64
12 86 12 44 86
13 77 13 31 77
20 82 20 31 82
29 68 29 35 68
10 69 10 43 69
25 77 25 31 77
29 78 29 48 78
4 65 4 34 65
10 80 10 50 80
18 80 18 36 80
7 62 7 36 62
11 81 11 30 81
9 73 9 56 73
2 64 2 32 64
13 71 13 31 37 71
12 77 12 57 77
15 84 15 51 84
2 87 2 30 87
23 82 23 35 82
11 64 11 35 64
11 66 11 37 66
27 78 27 41 78
10 87 10 43 87
0 64 0 35 64
7 74 7 41 74
14 65 14 34 65
13 72 13 42 72
27 68 27 35 68
15 78 15 41 78
17 84 17 51 84
15 75 15 38 75
19 87 19 42 87
20 68 20 31 68
7 65 7 36 65
19 69 19 42 69
15 62 15 38 62
22 82 22 35 82
13 85 13 30 85
11 60 11 36 60
17 70 17 29 35 70
11 74 11 41 74
1 74 1 44 74
24 68 24 35 68
10 89 10 48 89
2 80 2 30 80
21 78 21 34 78
18 73 18 49 73
6 89 6 38 89
11 75 11 30 75
13 72 13 42 72
24 65 24 34 65
22 80 22 35 80
13 70 13 30 70
14 87 14 42 87
17 60 17 42 60
22 89 22 35 89
19 75 19 32 75
14 81 14 34 81
9 73 9 56 73
25 60 25 52 60
20 76 20 41 76
23 78 23 25 31 78
14 76 14 24 47 76
12 80 12 42 80
24 85 24 55 85
14 62 14 38 62
10 74 10 48 74
15 77 15 51 77
2 76 2 30 76
3 71 3 40 71
21 73 21 56 73
10 86 10 34 86
9 84 9 37 84
24 85 24 55 85
9 65 9 39 65
13 79 13 30 79
24 72 24 35 72
20 76 20 41 76
3 87 3 36 87
12 78 12 42 78
5 77 5 34 77
10 74 10 48 74
22 82 22 35 82
3 87 3 36 87
12 88 12 57 88
15 65 15 39 65
4 80 4 42 80
0 75 0 35 75
9 76 9 47 76
24 62 24 36 62
21 66 21 34 66
29 81 29 36 81
0 75 0 35 75
2 89 2 32 89
8 67 8 54 67
1 62 1 50 62
21 80 21 51 80
29 70 29 35 70
26 62 26 39 62
21 76 21 55 76
5 67 5 32 67
1 82 1 51 82
25 72 25 28 37 72
11 79 11 30 79
12 70 12 47 70
19 64 19 32 64
28 85 28 37 85
26 67 26 41 58 67
6 73 6 13 31 73
21 76 21 55 76
15 66 15 45 66
26 87 26 57 87
24 85 24 55 85
16 61 16 43 61
17 85 17 51 85
16 61 16 43 61
12 65 12 47 65
24 86 24 34 86
18 89 18 32 89
10 83 10 33 83
23 72 23 35 72
0 75 0 35 75
24 70 24 35 70
28 81 28 34 81
22 81 22 45 81
0 84 0 56 84
8 85 8 37 85
20 71 20 37 71
24 79 24 36 79
22 68 22 35 68
21 77 21 34 77
10 61 10 43 61
22 85 22 46 85
1 87 1 30 87
4 68 4 42 68
27 60 27 39 60
21 60 21 55 60
18 60 18 36 60
6 60 6 8 39 60
19 64 19 32 64
25 60 25 52 60
24 74 24 47 74
5 66 5 34 66
28 74 28 39 74
3 60 3 36 60
22 87 22 43 87
8 78 8 41 78
1 60 1 55 60
8 64 8 12 44 64
23 72 23 35 72
18 84 18 37 84
24 78 24 34 78
0 79 0 36 79
29 78 29 48 78
15 84 15 51 84
16 89 16 36 89
26 73 26 39 60 73
2 86 2 35 86
24 80 24 35 80
13 69 13 30 69
25 61 25 31 61
13 80 13 30 80
15 76 15 41 76
19 73 19 44 73
20 60 20 49 60
18 74 18 47 74
7 61 7 41 61
9 72 9 37 72
26 88 26 41 88
13 69 13 30 69
16 84 16 34 78 84
16 73 16 36 60 73
15 67 15 38 58 67
10 81 10 34 81
12 86 12 44 86
2 87 2 30 87
26 77 26 34 77
26 68 26 41 68
9 76 9 47 76
19 62 19 46 62
20 62 20 41 62
2 79 2 30 79
9 81 9 37 81
5 66 5 34 66
18 74 18 47 74
15 65 15 39 65
9 70 9 33 70
19 81 19 45 81
4 63 4 42 63
24 72 24 35 72
25 72 25 28 37 72
25 60 25 52 60
13 87 13 30 87
0 78 0 40 78
16 64 16 40 64
19 72 19 42 72
6 89 6 38 89
29 87 29 36 87
21 79 21 32 79
19 63 19 42 63
20 89 20 57 89
10 62 10 43 62
8 81 8 37 81
3 73 3 49 73
7 81 7 36 81
7 72 7 35 72
0 68 0 35 68
11 75 11 30 75
11 83 11 36 83
17 73 17 42 60 73
8 86 8 12 44 86
22 81 22 45 81
1 72 1 44 72
17 65 17 34 65
18 79 18 32 79
15 66 15 45 66
11 65 11 30 65
11 67 11 58 67
0 76 0 41 76
21 80 21 51 80
6 62 6 38 62
6 68 6 38 68
0 84 0 56 84
22 75 22 35 75
22 67 22 49 67
26 86 26 34 86
0 67 0 2 32 67
1 68 1 30 31 68
16 64 16 40 64
26 74 26 39 74
17 68 17 42 68
13 82 13 31 82
24 83 24 34 83
27 87 27 37 87
21 77 21 34 77
27 88 27 41 88
13 69 13 30 69
12 72 12 42 72
12 85 12 18 37 85
20 64 20 40 64
20 65 20 41 65
17 67 17 42 54 67
16 67 16 30 31 49 67
25 80 25 40 80
7 86 7 35 86
18 60 18 36 60
29 88 29 48 88
12 80 12 42 80
11 84 11 37 84
24 69 24 42 69
5 79 5 32 79
27 69 27 37 69
16 87 16 30 87
14 68 14 38 68
3 70 3 33 70
8 67 8 54 67
6 84 6 51 84
9 65 9 39 65
16 83 16 34 83
7 75 7 35 75
27 69 27 37 69
7 63 7 42 63
22 76 22 44 76
14 83 14 34 83
13 83 13 31 83
22 86 22 35 86
8 64 8 12 44 64
12 89 12 44 89
3 73 3 49 73
26 77 26 34 77
6 63 6 38 63
14 84 14 34 78 84
0 80 0 35 80
0 65 0 36 65
1 78 1 51 78
24 83 24 34 83
19 71 19 32 71
22 60 22 49 60
1 85 1 30 85
10 69 10 43 69
20 80 20 40 80
12 67 12 18 32 67
22 76 22 44 76
19 73 19 44 73
24 63 24 42 63
19 78 19 40 78
0 72 0 35 72
0 68 0 35 68
12 61 12 42 61
26 67 26 41 58 67
3 81 3 34 81
6 71 6 51 71
24 84 24 34 78 84
22 70 22 33 70
3 66 3 33 66
11 75 11 30 75
12 69 12 42 69
19 74 19 44 74
28 60 28 39 60
28 63 28 38 63
29 86 29 35 86
1 66 1 50 66
6 82 6 51 82
22 61 22 43 61
20 74 20 41 74
4 83 4 33 83
20 83 20 31 83
13 87 13 30 87
6 64 6 13 56 64
16 66 16 34 66
24 64 24 35 64
3 76 3 40 64 76
8 89 8 38 89
9 77 9 54 77
27 86 27 35 86
27 89 27 35 89
4 81 4 34 81
3 79 3 36 79
3 62 3 36 62
18 63 18 42 63
16 73 16 36 60 73
13 63 13 31 63
16 80 16 30 80
8 85 8 37 85
21 69 21 51 69
14 61 14 42 61
8 71 8 37 71
19 83 19 33 83
6 75 6 38 75
2 74 2 39 74
13 75 13 30 75
9 65 9 39 65
12 83 12 44 83
21 87 21 57 87
20 75 20 49 75
28 71 28 37 71
17 85 17 51 85
1 70 1 30 70
21 61 21 51 61
10 60 10 49 60
18 65 18 34 65
27 82 27 35 82
26 70 26 39 70
5 60 5 39 60
26 69 26 39 69
18 69 18 37 69
9 76 9 47 76
9 79 9 50 79
25 65 25 51 65
13 77 13 31 77
17 76 17 55 76
26 82 26 39 82
24 86 24 34 86
18 75 18 32 75
13 87 13 30 87
13 75 13 30 75
24 70 24 35 70
26 67 26 41 58 67
22 84 22 49 84
29 66 29 37 66
16 86 16 34 86
23 84 23 37 84
12 69 12 42 69
13 88 13 31 49 88
17 81 17 34 81
20 82 20 31 82
11 72 11 35 72
3 86 3 34 86
26 89 26 39 89
20 73 20 31 73
5 67 5 32 67
29 87 29 36 87
4 85 4 51 85
23 87 23 37 87
20 81 20 37 81
29 72 29 35 72
9 79 9 50 79
25 81 25 57 81
3 89 3 36 89
23 63 23 39 63
10 70 10 33 70
11 62 11 36 62
2 86 2 35 86
8 87 8 37 87
18 61 18 42 61
16 67 16 30 31 49 67
23 75 23 35 75
14 60 14 42 60
15 75 15 38 75
16 81 16 30 81
27 82 27 35 82
14 88 14 52 88
20 63 20 31 63
23 85 23 37 85
1 86 1 44 86
21 72 21 55 72
15 62 15 38 62
22 75 22 35 75
0 69 0 39 69
20 69 20 37 69
5 70 5 39 70
20 70 20 31 70
16 83 16 34 83
15 74 15 39 74
17 87 17 42 87
20 71 20 37 71
25 70 25 31 70
1 64 1 32 64
0 72 0 35 72
26 70 26 39 70
0 63 0 39 63
5 89 5 32 89
7 68 7 35 68
0 69 0 39 69
16 63 16 30 31 63
17 60 17 42 60
5 86 5 34 86
25 88 25 33 88
13 79 13 30 79
4 68 4 42 68
23 62 23 39 62
16 83 16 34 83
13 60 13 39 60
6 62 6 38 62
9 71 9 37 71
5 76 5 57 76
2 64 2 32 64
1 87 1 30 87
4 73 4 56 73
29 64 29 35 64
19 74 19 44 74
27 89 27 35 89
13 85 13 30 85
10 85 10 53 85
14 67 14 54 67
29 70 29 35 70
16 86 16 34 86
28 76 28 47 76
25 76 25 57 76
25 82 25 31 82
4 73 4 56 73
26 81 26 34 81
18 79 18 32 79
2 67 2 32 67
2 84 2 49 84
10 87 10 43 87
12 70 12 47 70
18 78 18 34 78
29 61 29 43 61
9 76 9 47 76
16 69 16 30 69
11 66 11 37 66
14 83 14 34 83
23 85 23 37 85
2 79 2 30 79
3 72 3 33 66 72
10 67 10 49 67
11 70 11 30 70
7 82 7 35 82
1 67 1 32 67
5 74 5 39 74
13 89 13 39 89
10 69 10 43 69
20 87 20 37 87
23 87 23 37 87
14 85 14 53 85
25 72 25 28 37 72
3 61 3 43 61
19 78 19 40 78
11 72 11 35 72
12 70 12 47 70
28 87 28 37 87
5 79 5 32 79
29 86 29 35 86
0 84 0 56 84
14 76 14 24 47 76
10 80 10 50 80
9 76 9 47 76
29 86 29 35 86
3 86 3 34 86
20 61 20 31 61
21 79 21 32 79
9 79 9 50 79
0 64 0 35 64
16 77 16 34 77
2 78 2 41 78
23 86 23 35 86
25 71 25 40 71
20 87 20 37 87
6 64 6 13 56 64
7 79 7 36 79
18 79 18 32 79
17 61 17 42 61
1 89 1 32 89
6 88 6 41 88
26 70 26 39 70
21 86 21 34 86
21 60 21 55 60
13 70 13 30 70
11 75 11 30 75
26 64 26 57 64
12 66 12 47 66
22 84 22 49 84
8 64 8 12 44 64
4 81 4 34 81
13 83 13 31 83
9 70 9 33 70
24 77 24 34 77
10 81 10 34 81
6 65 6 34 65
12 68 12 42 68
7 65 7 36 65
26 73 26 39 60 73
20 76 20 41 76
15 64 15 44 64
0 78 0 40 78
8 80 8 39 80
1 70 1 30 70
7 65 7 36 65
18 67 18 32 67
27 76 27 41 76
18 63 18 42 63
22 74 22 44 74
29 81 29 36 81
22 87 22 43 87
8 69 8 37 69
29 62 29 36 62
22 71 22 35 71
1 64 1 32 64
22 79 22 49 79
22 73 22 44 73
23 87 23 37 87
0 67 0 2 32 67
27 62 27 39 62
25 87 25 43 87
2 82 2 35 82
23 71 23 35 71
17 81 17 34 81
9 72 9 37 72
12 60 12 42 60
3 72 3 33 66 72
13 69 13 30 69
20 74 20 41 74
22 75 22 35 75
27 83 27 35 55 83
24 88 24 35 49 88
12 88 12 57 88
4 77 4 34 77
15 83 15 38 83
5 79 5 32 79
20 74 20 41 74
17 64 17 40 64
6 78 6 34 78
1 78 1 51 78
0 63 0 39 63
14 77 14 34 77
2 81 2 30 81
3 70 3 33 70
0 80 0 35 80
3 66 3 33 66
7 73 7 58 73
14 73 14 42 60 73
23 89 23 35 89
7 69 7 42 69
0 85 0 41 85
18 89 18 32 89
6 85 6 41 85
15 87 15 43 87
1 60 1 55 60
20 73 20 31 73
1 85 1 30 85
3 83 3 33 83
9 64 9 40 64
13 67 13 31 49 67
9 61 9 39 61
0 85 0 41 85
14 85 14 53 85
6 76 6 41 76
10 61 10 43 61
26 81 26 34 81
5 72 5 7 35 72
5 85 5 7 41 85
17 83 17 34 83
13 73 13 31 73
2 60 2 39 60
16 80 16 30 80
11 75 11 30 75
23 74 23 39 74
6 74 6 41 74
15 79 15 51 79
9 79 9 50 79
29 81 29 36 81
28 78 28 34 78
15 62 15 38 62
19 71 19 32 71
8 81 8 37 81
8 65 8 39 65
3 83 3 33 83
6 88 6 41 88
21 85 21 51 85
9 61 9 39 61
24 72 24 35 72
11 72 11 35 72
23 88 23 52 88
25 84 25 51 84
24 74 24 47 74
23 67 23 35 49 67
13 85 13 30 85
27 76 27 41 76
15 66 15 45 66
4 60 4 42 60
10 81 10 34 81
15 60 15 39 60
2 81 2 30 81
15 71 15 45 71
1 82 1 51 82
14 82 14 40 82
9 88 9 33 88
28 75 28 38 75
2 84 2 49 84
27 67 27 49 67
19 64 19 32 64
26 68 26 41 68
7 88 7 41 88
0 60 0 36 60
0 71 0 35 71
14 88 14 52 88
6 77 6 34 77
8 60 8 39 60
6 75 6 38 75
11 67 11 58 67
25 73 25 31 73
19 84 19 40 78 84
22 89 22 35 89
19 64 19 32 64
16 64 16 40 64
10 62 10 43 62
19 84 19 40 78 84
9 74 9 39 74
0 69 0 39 69
17 62 17 51 62
5 72 5 7 35 72
0 60 0 36 60
11 89 11 35 89
25 60 25 52 60
23 69 23 37 69
0 83 0 36 83
9 81 9 37 81
4 72 4 42 72
28 80 28 39 80
18 70 18 33 70
14 73 14 42 60 73
16 86 16 34 86
2 73 2 44 73
7 88 7 41 88
0 85 0 41 85
25 84 25 51 84
17 80 17 40 80
15 76 15 41 76
27 78 27 41 78
10 65 10 34 65
12 75 12 42 75
29 63 29 48 63
28 74 28 39 74
19 61 19 42 61
2 79 2 30 79
9 84 9 37 84
21 81 21 34 81
22 89 22 35 89
8 62 8 38 62
13 63 13 31 63
27 78 27 41 78
26 74 26 39 74
25 81 25 57 81
24 65 24 34 65
24 63 24 42 63
4 85 4 51 85
27 88 27 41 88
27 74 27 39 74
12 78 12 42 78
11 82 11 35 82
7 63 7 42 63
3 85 3 46 85
13 77 13 31 77
29 69 29 37 69
7 82 7 35 82
21 86 21 34 86
5 63 5 39 63
18 82 18 37 82
11 73 11 56 73
7 81 7 36 81
5 77 5 34 77
12 60 12 42 60
11 70 11 30 70
21 69 21 51 69
8 78 8 41 78
23 71 23 35 71
28 74 28 39 74
18 80 18 36 80
12 83 12 44 83
16 67 16 30 31 49 67
21 84 21 51 84
22 71 22 35 71
3 87 3 36 87
26 81 26 34 81
1 76 1 30 76
1 87 1 30 87
27 69 27 37 69
26 89 26 39 89
0 85 0 41 85
9 60 9 39 60
10 86 10 34 86
4 75 4 42 75
12 68 12 42 68
26 83 26 34 83
6 72 6 38 72
14 61 14 42 61
15 60 15 39 60
19 64 19 32 64
20 78 20 31 78
22 77 22 35 77
16 73 16 36 60 73
11 63 11 38 63
26 65 26 34 65
24 60 24 36 60
19 89 19 32 89
11 75 11 30 75
28 71 28 37 71
15 81 15 41 81
9 60 9 39 60
11 61 11 41 61
7 74 7 41 74
17 60 17 42 60
18 85 18 37 85
17 86 17 34 86
14 63 14 38 63
5 64 5 32 64
24 75 24 35 75
22 86 22 35 86
11 66 11 37 66
17 88 17 51 88
5 70 5 39 70
20 79 20 31 79
18 73 18 49 73
19 64 19 32 64
13 80 13 30 80
7 89 7 35 89
27 69 27 37 69
29 66 29 37 66
9 70 9 33 70
20 76 20 41 76
18 66 18 33 66
26 66 26 34 66
7 82 7 35 82
6 75 6 38 75
21 82 21 51 82
13 88 13 31 49 88
29 77 29 35 77
6 68 6 38 68
12 86 12 44 86
24 84 24 34 78 84
5 61 5 39 61
28 62 28 38 62
18 89 18 32 89
22 79 22 49 79
0 76 0 41 76
24 60 24 36 60
25 60 25 52 60
1 82 1 51 82
0 79 0 36 79
19 80 19 40 80
23 72 23 35 72
3 65 3 34 65
27 85 27 37 85
17 64 17 40 64
18 67 18 32 67
4 89 4 45 89
20 80 20 40 80
9 83 9 33 83
23 71 23 35 71
17 63 17 42 63
1 68 1 30 31 68
27 69 27 37 69
6 67 6 8 54 67
6 75 6 38 75
19 64 19 32 64
14 75 14 38 75
18 67 18 32 67
18 62 18 36 62
7 87 7 36 87
27 71 27 35 71
20 83 20 31 83
26 67 26 41 58 67
14 65 14 34 65
4 83 4 33 83
23 79 23 25 31 79
17 64 17 40 64
15 79 15 51 79
27 78 27 41 78
25 64 25 40 64
16 68 16 43 68
6 73 6 13 31 73
29 84 29 37 84
25 68 25 31 68
1 70 1 30 70
26 62 26 39 62
3 75 3 46 75
13 64 13 56 64
24 62 24 36 62
27 85 27 37 85
16 74 16 47 74
16 84 16 34 78 84
28 73 28 39 60 73
18 71 18 32 71
9 70 9 33 70
10 76 10 48 76
29 76 29 48 76
18 68 18 42 68
1 74 1 44 74
10 73 10 49 73
21 86 21 34 86
24 86 24 34 86
8 63 8 38 63
12 72 12 42 72
14 87 14 42 87
28 60 28 39 60
15 78 15 41 78
6 87 6 8 37 87
3 82 3 40 82
2 64 2 32 64
20 79 20 31 79
11 83 11 36 83
2 65 2 30 65
27 89 27 35 89
27 71 27 35 71
19 70 19 33 70
15 72 15 38 72
16 88 16 52 88
10 85 10 53 85
21 71 21 32 71
19 65 19 46 65
11 77 11 35 77
3 83 3 33 83
2 64 2 32 64
9 70 9 33 70
2 71 2 32 71
25 63 25 31 63
27 87 27 37 87
6 63 6 38 63
6 82 6 51 82
25 79 25 31 79
11 77 11 35 77
18 82 18 37 82
14 60 14 42 60
15 69 15 39 69
24 67 24 58 67
27 75 27 35 75
22 61 22 43 61
24 77 24 34 77
24 64 24 35 64
9 67 9 54 67
21 86 21 34 86
15 77 15 51 77
8 76 8 41 76
20 87 20 37 87
27 84 27 37 84
5 84 5 57 84
7 61 7 41 61
21 75 21 32 75
15 89 15 38 89
22 76 22 44 76
24 66 24 34 66
10 68 10 43 68
10 63 10 48 63
14 72 14 38 72
24 70 24 35 70
24 80 24 35 80
9 88 9 33 88
27 86 27 35 86
8 89 8 38 89
25 83 25 31 83
10 78 10 34 78
12 82 12 42 82
6 77 6 34 77
8 74 8 39 74
15 71 15 45 71
19 88 19 33 88
4 88 4 33 88
12 61 12 42 61
21 78 21 34 78
18 79 18 32 79
29 84 29 37 84
25 84 25 51 84
15 75 15 38 75
23 69 23 37 69
28 74 28 39 74
20 81 20 37 81
12 82 12 42 82
23 74 23 39 74
2 64 2 32 64
20 61 20 31 61
20 80 20 40 80
20 85 20 37 85
15 76 15 41 76
18 81 18 34 81
0 74 0 39 74
1 74 1 44 74
19 79 19 32 79
15 69 15 39 69
15 62 15 38 62
18 84 18 37 84
23 64 23 35 64
1 85 1 30 85
29 78 29 48 78
16 82 16 40 82
6 86 6 34 86
27 85 27 37 85
29 61 29 43 61
24 62 24 36 62
25 63 25 31 63
28 60 28 39 60
15 88 15 41 88
22 79 22 49 79
21 69 21 51 69
23 72 23 35 72
7 87 7 36 87
18 88 18 33 88
7 89 7 35 89
25 77 25 31 77
14 77 14 34 77
19 70 19 33 70
13 84 13 56 84
2 64 2 32 64
25 60 25 52 60
29 63 29 48 63
8 62 8 38 62
16 86 16 34 86
20 78 20 31 78
23 83 23 25 31 83
4 70 4 33 70
13 60 13 39 60
27 63 27 39 63
4 83 4 33 83
27 89 27 35 89
28 78 28 34 78
0 74 0 39 74
22 76 22 44 76
0 79 0 36 79
2 83 2 38 83
5 81 5 34 81
11 63 11 38 63
11 75 11 30 75
14 62 14 38 62
28 75 28 38 75
5 67 5 32 67
20 80 20 40 80
23 76 23 25 57 76
16 80 16 30 80
21 82 21 51 82
18 88 18 33 88
26 87 26 57 87
9 70 9 33 70
5 75 5 32 75
22 61 22 43 61
17 83 17 34 83
17 80 17 40 80
15 86 15 44 86
26 62 26 39 62
24 61 24 42 61
15 77 15 51 77
26 77 26 34 77
6 83 6 34 83
28 64 28 57 64
15 68 15 38 68
10 67 10 49 67
28 86 28 34 86
1 76 1 30 76
5 67 5 32 67
13 80 13 30 80
21 86 21 34 86
11 60 11 36 60
8 66 8 37 66
7 78 7 41 78
8 68 8 38 68
6 80 6 47 80
1 75 1 30 75
10 84 10 49 84
5 67 5 32 67
23 85 23 37 85
24 66 24 34 66
12 86 12 44 86
2 61 2 39 61
24 79 24 36 79
19 69 19 42 69
25 66 25 33 66
24 72 24 35 72
11 73 11 56 73
0 72 0 35 72
8 86 8 12 44 86
25 88 25 33 88
6 63 6 38 63
27 61 27 39 61
19 61 19 42 61
13 77 13 31 77
21 61 21 51 61
15 72 15 38 72
12 79 12 50 79
18 69 18 37 69
20 79 20 31 79
12 70 12 47 70
21 64 21 32 64
29 69 29 37 69
8 81 8 37 81
23 76 23 25 57 76
19 74 19 44 74
12 78 12 42 78
6 63 6 38 63
0 76 0 41 76
26 73 26 39 60 73
27 75 27 35 75
8 67 8 54 67
23 71 23 35 71
25 70 25 31 70
22 70 22 33 70
15 74 15 39 74
12 83 12 44 83
16 81 16 30 81
15 61 15 39 61
8 71 8 37 71
28 87 28 37 87
29 72 29 35 72
18 83 18 33 83
11 65 11 30 65
12 64 12 44 64
8 82 8 37 82
27 68 27 35 68
4 84 4 51 84
19 88 19 33 88
14 73 14 42 60 73
7 79 7 36 79
4 85 4 51 85
19 75 19 32 75
14 76 14 24 47 76
17 87 17 42 87
5 87 5 57 87
11 86 11 35 86
24 74 24 47 74
2 81 2 30 81
20 75 20 49 75
19 62 19 46 62
23 87 23 37 87
23 84 23 37 84
19 87 19 42 87
26 86 26 34 86
2 71 2 32 71
2 88 2 41 88
0 81 0 36 81
5 60 5 39 60
13 66 13 47 66
9 65 9 39 65
17 77 17 34 77
3 80 3 36 80
24 74 24 47 74
29 87 29 36 87
8 73 8 39 60 73
23 62 23 39 62
0 83 0 36 83
15 86 15 44 86
25 62 25 43 62
13 63 13 31 63
17 64 17 40 64
4 83 4 33 83
6 72 6 38 72
15 86 15 44 86
26 79 26 55 79
20 83 20 31 83
6 61 6 41 61
8 84 8 37 84
3 68 3 43 68
16 89 16 36 89
17 61 17 42 61
0 74 0 39 74
17 64 17 40 64
21 84 21 51 84
21 70 21 57 70
9 80 9 39 80
10 82 10 43 82
29 68 29 35 68
28 82 28 37 82
10 89 10 48 89
17 87 17 42 87
6 82 6 51 82
22 60 22 49 60
10 64 10 18 32 64
16 61 16 43 61
0 88 0 41 88
14 75 14 38 75
6 67 6 8 54 67
5 63 5 39 63
9 81 9 37 81
9 70 9 33 70
25 85 25 51 85
16 66 16 34 66
12 66 12 47 66
9 62 9 38 62
12 76 12 44 76
11 83 11 36 83
25 78 25 31 78
27 60 27 39 60
26 89 26 39 89
0 87 0 36 87
4 81 4 34 81
27 70 27 35 70
29 86 29 35 86
15 77 15 51 77
10 80 10 50 80
8 67 8 54 67
16 62 16 36 62
13 67 13 31 49 67
4 82 4 42 82
24 84 24 34 78 84
26 85 26 41 85
11 61 11 41 61
18 79 18 32 79
5 76 5 57 76
22 77 22 35 77
21 61 21 51 61
22 83 22 33 83
6 62 6 38 62
10 83 10 33 83
19 61 19 42 61
10 72 10 50 72
7 69 7 42 69
15 85 15 41 85
12 61 12 42 61
20 88 20 33 88
27 69 27 37 69
19 76 19 44 76
24 66 24 34 66
13 65 13 30 65
28 62 28 38 62
10 83 10 33 83
1 75 1 30 75
14 88 14 52 88
5 86 5 34 86
0 63 0 39 63
16 83 16 34 83
6 61 6 41 61
10 80 10 50 80
3 72 3 33 66 72
12 71 12 57 71
5 89 5 32 89
10 82 10 43 82
27 84 27 37 84
26 65 26 34 65
27 75 27 35 75
5 87 5 57 87
8 80 8 39 80
5 62 5 39 62
11 72 11 35 72
25 82 25 31 82
7 67 7 58 67
3 89 3 36 89
13 61 13 31 61
6 63 6 38 63
21 79 21 32 79
4 85 4 51 85
10 69 10 43 69
13 61 13 31 61
7 78 7 41 78
13 77 13 31 77
29 64 29 35 64
7 63 7 42 63
4 78 4 34 78
15 74 15 39 74
17 88 17 51 88
19 63 19 42 63
16 80 16 30 80
11 80 11 30 80
4 68 4 42 68
16 83 16 34 83
10 78 10 34 78
22 68 22 35 68
9 68 9 38 68
22 60 22 49 60
16 62 16 36 62
0 65 0 36 65
21 79 21 32 79
0 88 0 41 88
3 60 3 36 60
22 87 22 43 87
8 70 8 39 70
26 89 26 39 89
22 62 22 38 62
3 63 3 20 31 63
27 63 27 39 63
1 79 1 30 79
4 89 4 45 89
19 69 19 42 69
7 79 7 36 79
20 71 20 37 71
3 79 3 36 79
6 72 6 38 72
0 61 0 39 61
1 60 1 55 60
12 63 12 42 63
1 68 1 30 31 68
20 72 20 37 72
5 77 5 34 77
17 86 17 34 86
0 63 0 39 63
14 79 14 53 79
3 63 3 20 31 63
8 60 8 39 60
24 63 24 42 63
5 71 5 32 71
5 63 5 39 63
3 78 3 34 78
7 64 7 35 64
29 87 29 36 87
14 81 14 34 81
23 60 23 39 60
16 79 16 30 79
23 66 23 37 66
6 61 6 41 61
1 76 1 30 76
15 63 15 38 63
27 84 27 37 84
4 83 4 33 83
10 63 10 48 63
28 89 28 38 89
12 69 12 42 69
11 68 11 35 68
19 85 19 46 85
11 63 11 38 63
4 63 4 42 63
18 75 18 32 75
4 80 4 42 80
23 84 23 37 84
1 66 1 50 66
29 70 29 35 70
4 85 4 51 85
4 71 4 45 71
0 83 0 36 83
20 63 20 31 63
16 63 16 30 31 63
11 69 11 30 69
12 72 12 42 72
24 60 24 36 60
12 88 12 57 88
17 78 17 34 78
11 78 11 41 78
28 69 28 37 69
3 79 3 36 79
18 85 18 37 85
16 81 16 30 81
25 85 25 51 85
4 66 4 33 66
5 65 5 34 65
10 88 10 33 88
24 77 24 34 77
16 80 16 30 80
19 74 19 44 74
0 63 0 39 63
5 84 5 57 84
24 83 24 34 83
12 61 12 42 61
16 87 16 30 87
20 88 20 33 88
18 72 18 37 72
20 62 20 41 62
24 81 24 34 81
21 65 21 34 65
3 80 3 36 80
27 60 27 39 60
9 73 9 56 73
14 80 14 40 80
5 68 5 57 68
6 61 6 41 61
21 70 21 57 70
21 60 21 55 60
1 83 1 44 83
18 83 18 33 83
23 69 23 37 69
14 71 14 40 71
24 85 24 55 85
9 80 9 39 80
3 82 3 40 82
6 64 6 13 56 64
28 72 28 37 72
11 80 11 30 80
15 62 15 38 62
7 75 7 35 75
29 82 29 35 82
10 64 10 18 32 64
7 79 7 36 79
0 86 0 35 86
1 72 1 44 72
22 83 22 33 83
18 63 18 42 63
18 70 18 33 70
2 84 2 49 84
11 83 11 36 83
13 63 13 31 63
1 74 1 44 74
1 75 1 30 75
7 67 7 58 67
8 79 8 54 79
5 76 5 57 76
25 70 25 31 70
25 83 25 31 83
25 80 25 40 80
0 87 0 36 87
1 82 1 51 82
1 60 1 55 60
12 83 12 44 83
9 74 9 39 74
29 74 29 48 74
7 66 7 45 66
6 78 6 34 78
3 60 3 36 60
2 69 2 30 69
18 72 18 37 72
14 67 14 54 67
16 70 16 30 70
16 69 16 30 69
4 68 4 42 68
2 70 2 30 70
21 62 21 51 62
22 63 22 38 63
6 76 6 41 76
4 87 4 42 87
1 67 1 32 67
1 84 1 51 84
17 79 17 51 79
17 74 17 53 74
17 82 17 40 82
15 89 15 38 89
2 84 2 49 84
10 72 10 50 72
20 81 20 37 81
19 71 19 32 71
5 65 5 34 65
0 82 0 35 82
10 78 10 34 78
13 74 13 39 74
8 89 8 38 89
1 60 1 55 60
20 87 20 37 87
16 68 16 43 68
18 71 18 32 71
17 88 17 51 88
20 89 20 57 89
23 86 23 35 86
23 83 23 25 31 83
4 61 4 42 61
9 79 9 50 79
26 78 26 34 78
21 62 21 51 62
12 63 12 42 63
18 71 18 32 71
1 84 1 51 84
24 75 24 35 75
12 69 12 42 69
1 87 1 30 87
29 66 29 37 66
8 70 8 39 70
20 87 20 37 87
7 66 7 45 66
8 75 8 38 75
0 80 0 35 80
17 74 17 53 74
18 60 18 36 60
0 65 0 36 65
29 78 29 48 78
1 87 1 30 87
15 85 15 41 85
5 79 5 32 79
7 78 7 41 78
6 84 6 51 84
6 72 6 38 72
28 81 28 34 81
5 83 5 34 83
24 61 24 42 61
0 70 0 35 70
27 80 27 35 80
19 81 19 45 81
3 67 3 49 67
26 75 26 57 75
23 86 23 35 86
4 60 4 42 60
8 72 8 37 72
23 78 23 25 31 78
18 74 18 47 74
16 75 16 30 75
20 80 20 40 80
24 82 24 35 82
28 75 28 38 75
28 61 28 39 61
11 86 11 35 86
1 83 1 44 83
27 61 27 39 61
26 61 26 39 61
25 72 25 28 37 72
22 72 22 35 72
15 81 15 41 81
22 68 22 35 68
15 85 15 41 85
22 72 22 35 72
2 63 2 38 63
6 75 6 38 75
27 84 27 37 84
8 72 8 37 72
9 67 9 54 67
8 74 8 39 74
17 82 17 40 82
0 65 0 36 65
4 82 4 42 82
25 85 25 51 85
13 85 13 30 85
27 71 27 35 71
20 69 20 37 69
25 78 25 31 78
10 83 10 33 83
3 80 3 36 80
29 60 29 36 60
11 79 11 30 79
21 86 21 34 86
28 78 28 34 78
5 79 5 32 79
29 69 29 37 69
25 71 25 40 71
18 76 18 47 76
23 69 23 37 69
19 87 19 42 87
25 61 25 31 61
0 73 0 56 73
14 80 14 40 80
7 72 7 35 72
9 69 9 37 69
27 69 27 37 69
0 70 0 35 70
11 66 11 37 66
25 65 25 51 65
23 64 23 35 64
10 77 10 34 77
7 74 7 41 74
7 60 7 36 60
10 80 10 50 80
11 74 11 41 74
20 70 20 31 70
21 85 21 51 85
24 67 24 58 67
29 64 29 35 64
7 74 7 41 74
12 73 12 44 73
10 71 10 18 32 71
8 81 8 37 81
29 60 29 36 60
24 85 24 55 85
7 68 7 35 68
11 71 11 35 71
17 69 17 42 69
12 66 12 47 66
6 82 6 51 82
11 68 11 35 68
17 79 17 51 79
5 72 5 7 35 72
26 68 26 41 68
11 86 11 35 86
29 80 29 35 80
22 80 22 35 80
21 75 21 32 75
27 78 27 41 78
14 70 14 43 70
6 66 6 34 66
0 80 0 35 80
8 70 8 39 70
7 86 7 35 86
26 85 26 41 85
12 89 12 44 89
1 60 1 55 60
2 61 2 39 61
21 60 21 55 60
19 88 19 33 88
21 63 21 56 63
1 85 1 30 85
6 82 6 51 82
6 68 6 38 68
15 86 15 44 86
11 85 11 30 85
27 87 27 37 87
1 65 1 30 65
2 83 2 38 83
1 67 1 32 67
26 76 26 41 76
11 61 11 41 61
2 79 2 30 79
2 64 2 32 64
2 67 2 32 67
24 68 24 35 68
21 85 21 51 85
6 82 6 51 82
6 60 6 8 39 60
18 77 18 34 77
11 88 11 41 88
14 89 14 38 89
24 60 24 36 60
19 63 19 42 63
26 77 26 34 77
25 72 25 28 37 72
18 86 18 34 86
4 69 4 42 69
15 87 15 43 87
4 69 4 42 69
18 85 18 37 85
12 84 12 57 84
5 73 5 7 58 73
20 86 20 49 86
10 79 10 49 79
4 74 4 34 65 74
16 78 16 34 78
3 85 3 46 85
12 72 12 42 72
5 61 5 39 61
6 84 6 51 84
22 75 22 35 75
12 65 12 47 65
5 80 5 39 80
17 63 17 42 63
24 78 24 34 78
27 76 27 41 76
16 86 16 34 86
13 72 13 42 72
26 62 26 39 62
13 60 13 39 60
29 86 29 35 86
5 77 5 34 77
26 68 26 41 68
7 71 7 35 71
15 63 15 38 63
19 74 19 44 74
29 61 29 43 61
27 64 27 35 64
0 89 0 35 89
20 61 20 31 61
26 60 26 39 60
12 63 12 42 63
6 68 6 38 68
19 79 19 32 79
9 87 9 37 87
23 73 23 25 31 73
10 73 10 49 73
18 79 18 32 79
27 67 27 49 67
9 87 9 37 87
24 80 24 35 80
5 66 5 34 66
2 81 2 30 81
18 69 18 37 69
26 89 26 39 89
26 65 26 34 65
11 86 11 35 86
2 86 2 35 86
4 74 4 34 65 74
14 64 14 40 64
28 65 28 34 65
4 87 4 42 87
14 79 14 53 79
28 87 28 37 87
25 73 25 31 73
10 88 10 33 88
11 83 11 36 83
18 70 18 33 70
15 63 15 38 63
28 89 28 38 89
6 76 6 41 76
3 68 3 43 68
13 73 13 31 73
12 66 12 47 66
22 87 22 43 87
9 83 9 33 83
4 79 4 51 79
1 70 1 30 70
25 70 25 31 70
17 60 17 42 60
18 61 18 42 61
1 80 1 30 80
18 68 18 42 68
8 74 8 39 74
17 70 17 29 35 70
21 84 21 51 84
21 87 21 57 87
20 78 20 31 78
15 74 15 39 74
8 77 8 54 77
16 86 16 34 86
4 71 4 45 71
26 82 26 39 82
10 73 10 49 73
9 78 9 40 78
27 68 27 35 68
19 74 19 44 74
28 71 28 37 71
17 78 17 34 78
21 63 21 56 63
17 78 17 34 78
12 89 12 44 89
19 83 19 33 83
9 83 9 33 83
2 71 2 32 71
16 78 16 34 78
19 86 19 44 86
2 69 2 30 69
28 68 28 38 68
16 74 16 47 74
8 61 8 39 61
10 84 10 49 84
21 60 21 55 60
24 74 24 47 74
24 73 24 58 73
18 70 18 33 70
11 72 11 35 72
3 84 3 49 84
5 70 5 39 70
12 72 12 42 72
15 67 15 38 58 67
7 84 7 41 78 84
9 89 9 38 89
22 70 22 33 70
0 76 0 41 76
23 61 23 39 61
28 77 28 34 77
9 73 9 56 73
11 69 11 30 69
11 87 11 30 87
0 66 0 40 66
5 88 5 52 88
25 83 25 31 83
15 70 15 39 70
18 79 18 32 79
13 63 13 31 63
20 74 20 41 74
14 62 14 38 62
15 84 15 51 84
11 65 11 30 65
16 87 16 30 87
16 69 16 30 69
26 65 26 34 65
3 81 3 34 81
3 66 3 33 66
4 81 4 34 81
22 60 22 49 60
23 83 23 25 31 83
6 77 6 34 77
4 89 4 45 89
5 80 5 39 80
1 88 1 51 88
22 66 22 33 66
23 83 23 25 31 83
11 66 11 37 66
25 83 25 31 83
19 69 19 42 69
2 79 2 30 79
4 84 4 51 84
22 65 22 46 65
8 84 8 37 84
9 75 9 38 75
18 66 18 33 66
23 61 23 39 61
1 72 1 44 72
28 78 28 34 78
20 63 20 31 63
26 87 26 57 87
25 60 25 52 60
2 86 2 35 86
2 61 2 39 61
28 70 28 39 70
14 64 14 40 64
23 81 23 37 81
7 64 7 35 64
22 73 22 44 73
14 78 14 34 78
27 67 27 49 67
20 72 20 37 72
8 65 8 39 65
24 69 24 42 69
23 84 23 37 84
11 73 11 56 73
20 86 20 49 86
21 70 21 57 70
17 85 17 51 85
6 71 6 51 71
7 81 7 36 81
9 87 9 37 87
3 69 3 43 69
26 85 26 41 85
21 63 21 56 63
12 82 12 42 82
25 82 25 31 82
18 72 18 37 72
0 72 0 35 72
7 77 7 35 77
21 89 21 32 89
19 68 19 42 68
2 80 2 30 80
19 71 19 32 71
26 84 26 57 84
22 63 22 38 63
21 88 21 51 88
14 67 14 54 67
5 65 5 34 65
1 64 1 32 64
22 77 22 35 77
15 67 15 38 58 67
17 65 17 34 65
0 70 0 35 70
9 85 9 37 85
26 70 26 39 70
19 72 19 42 72
9 80 9 39 80
15 87 15 43 87
13 76 13 30 76
5 60 5 39 60
7 85 7 41 85
15 85 15 41 85
13 63 13 31 63
8 83 8 38 83
3 86 3 34 86
11 64 11 35 64
21 61 21 51 61
6 62 6 38 62
8 60 8 39 60
21 89 21 32 89
13 83 13 31 83
7 74 7 41 74
22 63 22 38 63
18 71 18 32 71
7 81 7 36 81
22 81 22 45 81
22 77 22 35 77
15 69 15 39 69
20 62 20 41 62
9 75 9 38 75
24 81 24 34 81
15 84 15 51 84
8 74 8 39 74
28 63 28 38 63
25 67 25 31 49 67
22 75 22 35 75
8 66 8 37 66
23 82 23 35 82
28 63 28 38 63
8 61 8 39 61
24 71 24 35 71
3 70 3 33 70
11 61 11 41 61
3 85 3 46 85
0 81 0 36 81
0 71 0 35 71
1 68 1 30 31 68
7 87 7 36 87
2 72 2 35 72
26 60 26 39 60
6 81 6 34 81
29 64 29 35 64
22 86 22 35 86
12 65 12 47 65
27 78 27 41 78
20 73 20 31 73
7 77 7 35 77
11 78 11 41 78
13 80 13 30 80
3 85 3 46 85
17 76 17 55 76
5 87 5 57 87
5 88 5 52 88
3 87 3 36 87
19 82 19 40 82
23 80 23 35 80
2 62 2 38 62
23 86 23 35 86
11 74 11 41 74
5 61 5 39 61
9 60 9 39 60
7 86 7 35 86
24 73 24 58 73
22 72 22 35 72
15 81 15 41 81
6 61 6 41 61
26 65 26 34 65
0 76 0 41 76
7 89 7 35 89
25 75 25 51 75
25 71 25 40 71
24 86 24 34 86
11 79 11 30 79
22 82 22 35 82
11 79 11 30 79
1 75 1 30 75
3 67 3 49 67
23 87 23 37 87
12 82 12 42 82
12 87 12 42 87
24 88 24 35 49 88
4 79 4 51 79
13 86 13 31 49 86
7 86 7 35 86
14 67 14 54 67
25 62 25 43 62
7 76 7 41 76
4 79 4 51 79
25 60 25 52 60
5 74 5 39 74
25 63 25 31 63
22 67 22 49 67
1 80 1 30 80
6 66 6 34 66
29 78 29 48 78
11 64 11 35 64
13 84 13 56 84
25 88 25 33 88
23 82 23 35 82
17 69 17 42 69
13 60 13 39 60
5 67 5 32 67
24 68 24 35 68
24 73 24 58 73
25 88 25 33 88
13 77 13 31 77
9 65 9 39 65
20 61 20 31 61
19 60 19 42 60
3 88 3 33 88
23 73 23 25 31 73
9 83 9 33 83
3 61 3 43 61
27 85 27 37 85
7 70 7 35 70
10 79 10 49 79
0 70 0 35 70
3 63 3 20 31 63
19 89 19 32 89
25 73 25 31 73
8 68 8 38 68
1 60 1 55 60
21 72 21 55 72
25 84 25 51 84
11 71 11 35 71
27 84 27 37 84
24 86 24 34 86
6 77 6 34 77
8 78 8 41 78
19 62 19 46 62
19 81 19 45 81
20 65 20 41 65
9 74 9 39 74
27 74 27 39 74
2 67 2 32 67
13 61 13 31 61
24 65 24 34 65
13 81 13 30 81
5 62 5 39 62
27 84 27 37 84
27 82 27 35 82
26 64 26 57 64
25 60 25 52 60
20 61 20 31 61
19 60 19 42 60
25 84 25 51 84
21 60 21 55 60
9 84 9 37 84
19 77 19 54 77
22 69 22 43 69
12 77 12 57 77
23 62 23 39 62
20 87 20 37 87
13 64 13 56 64
9 79 9 50 79
6 74 6 41 74
19 78 19 40 78
23 81 23 37 81
3 63 3 20 31 63
26 89 26 39 89
19 79 19 32 79
21 75 21 32 75
8 76 8 41 76
3 79 3 36 79
8 65 8 39 65
1 86 1 44 86
27 61 27 39 61
22 69 22 43 69
15 69 15 39 69
9 64 9 40 64
14 62 14 38 62
15 83 15 38 83
14 73 14 42 60 73
17 78 17 34 78
10 86 10 34 86
29 79 29 36 79
3 81 3 34 81
26 77 26 34 77
23 84 23 37 84
20 82 20 31 82
9 88 9 33 88
17 69 17 42 69
0 88 0 41 88
26 64 26 57 64
13 60 13 39 60
15 89 15 38 89
21 80 21 51 80
14 64 14 40 64
28 69 28 37 69
3 82 3 40 82
0 83 0 36 83
26 64 26 57 64
23 75 23 35 75
26 64 26 57 64
3 67 3 49 67
1 76 1 30 76
9 81 9 37 81
13 67 13 31 49 67
16 68 16 43 68
17 73 17 42 60 73
4 66 4 33 66
19 69 19 42 69
29 77 29 35 77
15 86 15 44 86
19 81 19 45 81
13 84 13 56 84
23 88 23 52 88
18 73 18 49 73
1 76 1 30 76
29 74 29 48 74
28 81 28 34 81
4 72 4 42 72
29 67 29 35 49 67
9 89 9 38 89
12 69 12 42 69
18 63 18 42 63
8 78 8 41 78
26 60 26 39 60
8 84 8 37 84
16 66 16 34 66
20 78 20 31 78
5 66 5 34 66
1 74 1 44 74
4 71 4 45 71
28 83 28 34 83
10 86 10 34 86
21 83 21 34 83
25 61 25 31 61
20 71 20 37 71
28 79 28 53 79
17 80 17 40 80
14 80 14 40 80
5 62 5 39 62
13 77 13 31 77
23 81 23 37 81
17 82 17 40 82
26 65 26 34 65
13 63 13 31 63
5 63 5 39 63
17 61 17 42 61
17 88 17 51 88
3 79 3 36 79
9 79 9 50 79
0 85 0 41 85
22 69 22 43 69
25 73 25 31 73
0 83 0 36 83
14 79 14 53 79
29 77 29 35 77
14 64 14 40 64
4 71 4 45 71
19 69 19 42 69
20 62 20 41 62
18 87 18 36 87
19 67 19 32 67
27 63 27 39 63
21 68 21 57 68
17 85 17 51 85
12 86 12 44 86
25 76 25 57 76
28 76 28 47 76
5 82 5 39 82
10 66 10 33 66
10 65 10 34 65
22 65 22 46 65
16 67 16 30 31 49 67
15 74 15 39 74
14 69 14 42 69
20 75 20 49 75
3 64 3 40 64
18 74 18 47 74
17 85 17 51 85
11 88 11 41 88
27 67 27 49 67
13 68 13 31 68
25 66 25 33 66
21 67 21 32 67
13 60 13 39 60
15 64 15 44 64
10 66 10 33 66
18 89 18 32 89
20 62 20 41 62
5 76 5 57 76
3 61 3 43 61
20 74 20 41 74
27 75 27 35 75
16 63 16 30 31 63
22 80 22 35 80
18 88 18 33 88
19 80 19 40 80
23 64 23 35 64
27 76 27 41 76
29 77 29 35 77
3 80 3 36 80
7 79 7 36 79
29 73 29 56 73
8 84 8 37 84
0 61 0 39 61
1 71 1 32 71
21 78 21 34 78
0 69 0 39 69
10 67 10 49 67
2 77 2 35 77
18 81 18 34 81
6 63 6 38 63
10 69 10 43 69
3 81 3 34 81
6 72 6 38 72
26 86 26 34 86
7 84 7 41 78 84
23 63 23 39 63
11 85 11 30 85
24 78 24 34 78
20 79 20 31 79
12 81 12 47 81
16 61 16 43 61
2 78 2 41 78
5 66 5 34 66
0 65 0 36 65
28 67 28 37 58 67
18 86 18 34 86
29 63 29 48 63
19 71 19 32 71
19 70 19 33 70
16 77 16 34 77
18 68 18 42 68
26 73 26 39 60 73
15 60 15 39 60
13 60 13 39 60
12 74 12 44 74
16 78 16 34 78
27 76 27 41 76
9 87 9 37 87
15 74 15 39 74
23 65 23 39 65
4 80 4 42 80
24 82 24 35 82
8 77 8 54 77
11 65 11 30 65
9 74 9 39 74
3 61 3 43 61
1 75 1 30 75
9 85 9 37 85
6 69 6 51 69
8 80 8 39 80
16 83 16 34 83
19 71 19 32 71
10 67 10 49 67
10 87 10 43 87
2 60 2 39 60
18 80 18 36 80
15 72 15 38 72
16 66 16 34 66
19 88 19 33 88
6 68 6 38 68
20 65 20 41 65
12 82 12 42 82
23 80 23 35 80
8 89 8 38 89
27 80 27 35 80
1 71 1 32 71
0 85 0 41 85
24 87 24 36 87
10 65 10 34 65
14 69 14 42 69
3 73 3 49 73
13 64 13 56 64
24 85 24 55 85
6 69 6 51 69
20 80 20 40 80
23 87 23 37 87
24 61 24 42 61
16 71 16 40 71
5 69 5 39 69
27 77 27 35 77
27 80 27 35 80
18 65 18 34 65
22 68 22 35 68
19 62 19 46 62
10 66 10 33 66
4 64 4 56 64
12 72 12 42 72
1 63 1 30 31 63
1 67 1 32 67
6 69 6 51 69
5 83 5 34 83
0 84 0 56 84
19 79 19 32 79
13 61 13 31 61
27 83 27 35 55 83
20 73 20 31 73
22 85 22 46 85
0 86 0 35 86
26 84 26 57 84
9 74 9 39 74
14 65 14 34 65
5 74 5 39 74
29 62 29 36 62
19 85 19 46 85
9 83 9 33 83
8 60 8 39 60
29 71 29 35 71
21 83 21 34 83
4 88 4 33 88
6 60 6 8 39 60
12 71 12 57 71
0 73 0 56 73
29 88 29 48 88
22 70 22 33 70
19 71 19 32 71
13 69 13 30 69
23 70 23 35 70
18 68 18 42 68
5 68 5 57 68
5 71 5 32 71
2 61 2 39 61
21 70 21 57 70
1 87 1 30 87
1 60 1 55 60
21 72 21 55 72
29 73 29 56 73
19 62 19 46 62
8 69 8 37 69
15 63 15 38 63
28 65 28 34 65
26 72 26 41 72
14 82 14 40 82
23 72 23 35 72
10 84 10 49 84
7 68 7 35 68
18 60 18 36 60
18 84 18 37 84
26 64 26 57 64
20 79 20 31 79
9 80 9 39 80
14 71 14 40 71
18 79 18 32 79
7 81 7 36 81
5 64 5 32 64
25 79 25 31 79
6 67 6 8 54 67
11 64 11 35 64
13 62 13 39 62
23 89 23 35 89
20 72 20 37 72
1 66 1 50 66
12 71 12 57 71
17 75 17 42 75
0 64 0 35 64
23 79 23 25 31 79
29 81 29 36 81
11 73 11 56 73
17 65 17 34 65
8 64 8 12 44 64
8 66 8 37 66
6 63 6 38 63
15 65 15 39 65
5 73 5 7 58 73
25 67 25 31 49 67
16 63 16 30 31 63
26 79 26 55 79
24 85 24 55 85
22 75 22 35 75
20 80 20 40 80
27 68 27 35 68
29 87 29 36 87
5 72 5 7 35 72
16 60 16 36 60
1 76 1 30 76
5 74 5 39 74
1 61 1 51 61
11 80 11 30 80
13 84 13 56 84
20 81 20 37 81
17 86 17 34 86
26 68 26 41 68
14 74 14 53 74
7 81 7 36 81
5 89 5 32 89
17 74 17 53 74
13 74 13 39 74
20 64 20 40 64
24 62 24 36 62
21 89 21 32 89
29 82 29 35 82
16 89 16 36 89
1 76 1 30 76
22 73 22 44 73
8 89 8 38 89
10 67 10 49 67
26 78 26 34 78
10 61 10 43 61
6 70 6 41 70
16 82 16 40 82
12 60 12 42 60
3 84 3 49 84
6 88 6 41 88
27 64 27 35 64
20 61 20 31 61
16 73 16 36 60 73
22 75 22 35 75
29 71 29 35 71
24 77 24 34 77
17 66 17 34 66
1 72 1 44 72
24 60 24 36 60
13 72 13 42 72
1 71 1 32 71
22 65 22 46 65
9 71 9 37 71
15 74 15 39 74
9 61 9 39 61
8 64 8 12 44 64
21 84 21 51 84
6 64 6 13 56 64
0 81 0 36 81
22 65 22 46 65
28 63 28 38 63
10 60 10 49 60
6 65 6 34 65
28 67 28 37 58 67
7 83 7 36 83
1 75 1 30 75
0 84 0 56 84
7 65 7 36 65
0 87 0 36 87
23 67 23 35 49 67
28 69 28 37 69
18 72 18 37 72
12 85 12 18 37 85
3 64 3 40 64
7 66 7 45 66
12 89 12 44 89
14 78 14 34 78
20 70 20 31 70
9 65 9 39 65
18 68 18 42 68
24 83 24 34 83
17 60 17 42 60
22 65 22 46 65
2 61 2 39 61
25 67 25 31 49 67
17 87 17 42 87
11 79 11 30 79
14 88 14 52 88
13 82 13 31 82
13 73 13 31 73
9 73 9 56 73
18 62 18 36 62
2 82 2 35 82
7 76 7 41 76
25 80 25 40 80
16 78 16 34 78
6 67 6 8 54 67
9 89 9 38 89
6 78 6 34 78
28 87 28 37 87
2 69 2 30 69
23 75 23 35 75
16 61 16 43 61
11 86 11 35 86
25 75 25 51 75
4 73 4 56 73
4 77 4 34 77
19 63 19 42 63
2 83 2 38 83
19 63 19 42 63
20 89 20 57 89
19 73 19 44 73
20 85 20 37 85
13 63 13 31 63
26 72 26 41 72
10 81 10 34 81
18 62 18 36 62
13 70 13 30 70
1 71 1 32 71
29 69 29 37 69
10 76 10 48 76
22 68 22 35 68
0 80 0 35 80
8 72 8 37 72
14 72 14 38 72
9 80 9 39 80
3 61 3 43 61
16 78 16 34 78
17 85 17 51 85
17 70 17 29 35 70
29 80 29 35 80
9 71 9 37 71
23 78 23 25 31 78
9 70 9 33 70
24 78 24 34 78
16 66 16 34 66
13 73 13 31 73
24 60 24 36 60
28 65 28 34 65
27 72 27 35 72
22 74 22 44 74
3 88 3 33 88
7 83 7 36 83
6 88 6 41 88
20 87 20 37 87
3 87 3 36 87
1 69 1 30 69
14 86 14 34 86
7 60 7 36 60
21 75 21 32 75
22 73 22 44 73
17 70 17 29 35 70
10 69 10 43 69
2 70 2 30 70
26 61 26 39 61
14 63 14 38 63
22 76 22 44 76
14 61 14 42 61
21 84 21 51 84
3 79 3 36 79
15 89 15 38 89
20 75 20 49 75
6 60 6 8 39 60
6 69 6 51 69
27 70 27 35 70
15 88 15 41 88
29 62 29 36 62
19 62 19 46 62
1 71 1 32 71
25 70 25 31 70
3 80 3 36 80
3 81 3 34 81
8 69 8 37 69
15 85 15 41 85
16 62 16 36 62
25 68 25 31 68
26 85 26 41 85
7 87 7 36 87
13 89 13 39 89
26 77 26 34 77
6 67 6 8 54 67
25 71 25 40 71
5 66 5 34 66
13 73 13 31 73
25 69 25 43 69
23 81 23 37 81
25 86 25 52 86
4 78 4 34 78
21 74 21 29 48 74
27 83 27 35 55 83
2 81 2 30 81
10 60 10 49 60
25 75 25 51 75
20 74 20 41 74
18 69 18 37 69
7 79 7 36 79
22 66 22 33 66
23 63 23 39 63
26 76 26 41 76
6 67 6 8 54 67
13 68 13 31 68
11 72 11 35 72
4 82 4 42 82
0 74 0 39 74
17 60 17 42 60
26 79 26 55 79
4 61 4 42 61
10 75 10 49 75
1 73 1 44 73
19 70 19 33 70
1 82 1 51 82
25 70 25 31 70
29 87 29 36 87
21 82 21 51 82
17 60 17 42 60
22 62 22 38 62
16 71 16 40 71
12 84 12 57 84
5 80 5 39 80
15 79 15 51 79
9 73 9 56 73
10 81 10 34 81
3 73 3 49 73
17 76 17 55 76
24 83 24 34 83
17 83 17 34 83
12 71 12 57 71
4 66 4 33 66
18 69 18 37 69
15 89 15 38 89
25 80 25 40 80
24 73 24 58 73
5 66 5 34 66
22 60 22 49 60
4 64 4 56 64
24 73 24 58 73
25 71 25 40 71
28 74 28 39 74
22 65 22 46 65
22 62 22 38 62
23 83 23 25 31 83
28 89 28 38 89
24 80 24 35 80
28 71 28 37 71
22 61 22 43 61
8 71 8 37 71
20 74 20 41 74
2 79 2 30 79
8 85 8 37 85
25 68 25 31 68
16 60 16 36 60
0 86 0 35 86
5 81 5 34 81
19 64 19 32 64
0 86 0 35 86
18 71 18 32 71
8 79 8 54 79
10 76 10 48 76
11 80 11 30 80
29 74 29 48 74
29 86 29 35 86
5 79 5 32 79
1 67 1 32 67
23 63 23 39 63
25 61 25 31 61
29 70 29 35 70
7 62 7 36 62
23 83 23 25 31 83
14 67 14 54 67
14 83 14 34 83
28 82 28 37 82
1 60 1 55 60
4 70 4 33 70
14 64 14 40 64
7 62 7 36 62
13 70 13 30 70
16 69 16 30 69
14 86 14 34 86
18 82 18 37 82
10 75 10 49 75
19 74 19 44 74
5 82 5 39 82
18 82 18 37 82
21 67 21 32 67
26 62 26 39 62
4 73 4 56 73
8 63 8 38 63
10 87 10 43 87
22 82 22 35 82
5 80 5 39 80
12 81 12 47 81
24 68 24 35 68
28 77 28 34 77
22 64 22 35 64
14 74 14 53 74
10 76 10 48 76
15 83 15 38 83
8 77 8 54 77
4 87 4 42 87
17 66 17 34 66
27 66 27 37 66
22 84 22 49 84
4 85 4 51 85
25 76 25 57 76
29 75 29 35 75
1 88 1 51 88
14 75 14 38 75
0 89 0 35 89
19 80 19 40 80
28 64 28 57 64
17 89 17 51 89
4 83 4 33 83
26 74 26 39 74
24 89 24 35 89
24 80 24 35 80
27 61 27 39 61
8 64 8 12 44 64
12 67 12 18 32 67
18 88 18 33 88
8 63 8 38 63
13 67 13 31 49 67
16 76 16 30 76
19 81 19 45 81
18 86 18 34 86
10 88 10 33 88
10 82 10 43 82
11 65 11 30 65
18 89 18 32 89
5 61 5 39 61
29 71 29 35 71
5 66 5 34 66
28 88 28 48 88
12 76 12 44 76
25 63 25 31 63
18 74 18 47 74
24 63 24 42 63
28 66 28 34 66
0 69 0 39 69
1 76 1 30 76
16 62 16 36 62
26 67 26 41 58 67
24 69 24 42 69
18 85 18 37 85
28 84 28 37 84
2 73 2 44 73
19 68 19 42 68
18 76 18 47 76
10 73 10 49 73
20 69 20 37 69
4 80 4 42 80
21 80 21 51 80
28 75 28 38 75
18 72 18 37 72
12 80 12 42 80
3 77 3 34 77
18 89 18 32 89
22 74 22 44 74
2 81 2 30 81
5 72 5 7 35 72
16 87 16 30 87
24 67 24 58 67
9 64 9 40 64
2 83 2 38 83
23 74 23 39 74
8 79 8 54 79
25 74 25 53 74
14 82 14 40 82
5 80 5 39 80
8 64 8 12 44 64
24 72 24 35 72
3 65 3 34 65
22 77 22 35 77
21 68 21 57 68
18 64 18 32 64
0 74 0 39 74
14 87 14 42 87
16 81 16 30 81
23 71 23 35 71
3 78 3 34 78
3 79 3 36 79
7 77 7 35 77
19 61 19 42 61
22 87 22 43 87
0 67 0 2 32 67
14 69 14 42 69
12 74 12 44 74
14 63 14 38 63
1 63 1 30 31 63
5 78 5 34 78
10 80 10 50 80
16 77 16 34 77
8 67 8 54 67
28 67 28 37 58 67
0 62 0 36 62
6 65 6 34 65
12 67 12 18 32 67
10 87 10 43 87
23 63 23 39 63
19 69 19 42 69
3 75 3 46 75
18 79 18 32 79
0 88 0 41 88
4 70 4 33 70
24 62 24 36 62
26 67 26 41 58 67
16 73 16 36 60 73
6 75 6 38 75
13 61 13 31 61
18 78 18 34 78
7 73 7 58 73
21 87 21 57 87
5 68 5 57 68
5 71 5 32 71
6 69 6 51 69
0 82 0 35 82
10 88 10 33 88
28 80 28 39 80
17 66 17 34 66
15 71 15 45 71
2 62 2 38 62
6 81 6 34 81
6 84 6 51 84
5 84 5 57 84
17 87 17 42 87
19 71 19 32 71
3 87 3 36 87
25 87 25 43 87
15 85 15 41 85
13 80 13 30 80
3 77 3 34 77
21 76 21 55 76
16 84 16 34 78 84
3 70 3 33 70
11 75 11 30 75
11 69 11 30 69
1 62 1 50 62
16 80 16 30 80
23 72 23 35 72
8 61 8 39 61
27 75 27 35 75
20 61 20 31 61
23 85 23 37 85
28 85 28 37 85
4 68 4 42 68
7 67 7 58 67
25 81 25 57 81
6 60 6 8 39 60
9 81 9 37 81
25 82 25 31 82
15 61 15 39 61
27 70 27 35 70
28 61 28 39 61
26 73 26 39 60 73
16 63 16 30 31 63
25 70 25 31 70
5 64 5 32 64
7 70 7 35 70
10 61 10 43 61
14 79 14 53 79
14 62 14 38 62
6 64 6 13 56 64
26 67 26 41 58 67
13 88 13 31 49 88
19 82 19 40 82
15 60 15 39 60
27 87 27 37 87
13 70 13 30 70
1 66 1 50 66
3 78 3 34 78
6 86 6 34 86
17 64 17 40 64
28 84 28 37 84
8 71 8 37 71
11 62 11 36 62
6 86 6 34 86
29 63 29 48 63
2 74 2 39 74
4 77 4 34 77
15 63 15 38 63
2 84 2 49 84
13 72 13 42 72
28 82 28 37 82
19 75 19 32 75
7 81 7 36 81
2 88 2 41 88
4 76 4 55 76
0 77 0 35 77
25 71 25 40 71
21 74 21 29 48 74
7 73 7 58 73
0 81 0 36 81
12 87 12 42 87
25 73 25 31 73
13 64 13 56 64
12 80 12 42 80
21 89 21 32 89
7 69 7 42 69
1 86 1 44 86
1 68 1 30 31 68
1 70 1 30 70
11 81 11 30 81
7 75 7 35 75
18 84 18 37 84
1 62 1 50 62
0 89 0 35 89
12 80 12 42 80
0 72 0 35 72
7 73 7 58 73
10 69 10 43 69
14 61 14 42 61
0 83 0 36 83
21 69 21 51 69
22 81 22 45 81
16 86 16 34 86
17 82 17 40 82
16 64 16 40 64
26 71 26 57 71
28 87 28 37 87
28 88 28 48 88
5 60 5 39 60
6 72 6 38 72
11 69 11 30 69
16 81 16 30 81
27 83 27 35 55 83
21 63 21 56 63
3 69 3 43 69
9 72 9 37 72
3 78 3 34 78
1 86 1 44 86
12 61 12 42 61
23 87 23 37 87
7 79 7 36 79
8 74 8 39 74
15 61 15 39 61
7 63 7 42 63
18 79 18 32 79
0 75 0 35 75
13 68 13 31 68
18 76 18 47 76
11 65 11 30 65
0 66 0 40 66
8 89 8 38 89
1 72 1 44 72
23 63 23 39 63
24 68 24 35 68
2 68 2 35 68
14 73 14 42 60 73
28 79 28 53 79
28 78 28 34 78
15 65 15 39 65
17 63 17 42 63
17 64 17 40 64
18 66 18 33 66
14 82 14 40 82
28 80 28 39 80
11 80 11 30 80
19 78 19 40 78
28 64 28 57 64
27 72 27 35 72
19 75 19 32 75
7 65 7 36 65
24 85 24 55 85
26 72 26 41 72
26 61 26 39 61
9 80 9 39 80
16 82 16 40 82
6 62 6 38 62
26 81 26 34 81
14 71 14 40 71
13 60 13 39 60
28 74 28 39 74
16 78 16 34 78
22 73 22 44 73
16 68 16 43 68
8 86 8 12 44 86
14 73 14 42 60 73
0 84 0 56 84
22 76 22 44 76
21 79 21 32 79
19 72 19 42 72
3 80 3 36 80
19 80 19 40 80
16 87 16 30 87
11 74 11 41 74
17 73 17 42 60 73
2 87 2 30 87
29 79 29 36 79
29 89 29 35 89
16 78 16 34 78
19 68 19 42 68
19 76 19 44 76
28 63 28 38 63
18 70 18 33 70
24 86 24 34 86
16 80 16 30 80
13 76 13 30 76
2 74 2 39 74
18 67 18 32 67
1 69 1 30 69
14 65 14 34 65
27 60 27 39 60
9 71 9 37 71
26 68 26 41 68
27 75 27 35 75
3 64 3 40 64
0 75 0 35 75
22 63 22 38 63
20 60 20 49 60
24 85 24 55 85
4 77 4 34 77
17 73 17 42 60 73
4 88 4 33 88
4 70 4 33 70
26 81 26 34 81
21 61 21 51 61
11 76 11 30 76
3 67 3 49 67
13 78 13 31 78
2 63 2 38 63
9 62 9 38 62
15 66 15 45 66
24 65 24 34 65
4 83 4 33 83
11 75 11 30 75
28 60 28 39 60
7 60 7 36 60
3 74 3 46 74
3 75 3 46 75
18 75 18 32 75
13 72 13 42 72
14 78 14 34 78
0 80 0 35 80
24 76 24 47 76
2 67 2 32 67
28 87 28 37 87
7 84 7 41 78 84
13 84 13 56 84
0 83 0 36 83
5 85 5 7 41 85
23 87 23 37 87
18 67 18 32 67
24 82 24 35 82
17 71 17 40 71
2 78 2 41 78
0 73 0 56 73
1 65 1 30 65
26 83 26 34 83
15 67 15 38 58 67
15 89 15 38 89
6 87 6 8 37 87
25 66 25 33 66
11 63 11 38 63
23 64 23 35 64
3 62 3 36 62
12 60 12 42 60
22 89 22 35 89
4 78 4 34 78
21 67 21 32 67
0 62 0 36 62
23 63 23 39 63
29 75 29 35 75
17 61 17 42 61
9 65 9 39 65
4 66 4 33 66
10 83 10 33 83
29 86 29 35 86
24 81 24 34 81
14 67 14 54 67
27 85 27 37 85
9 81 9 37 81
21 63 21 56 63
22 66 22 33 66
11 79 11 30 79
9 70 9 33 70
22 60 22 49 60
6 88 6 41 88
20 64 20 40 64
29 68 29 35 68
13 79 13 30 79
29 68 29 35 68
22 78 22 45 78
13 61 13 31 61
13 67 13 31 49 67
15 75 15 38 75
13 64 13 56 64
16 68 16 43 68
5 80 5 39 80
9 68 9 38 68
10 70 10 33 70
19 89 19 32 89
28 62 28 38 62
4 88 4 33 88
27 85 27 37 85
12 68 12 42 68
4 70 4 33 70
25 60 25 52 60
27 81 27 37 81
28 81 28 34 81
2 78 2 41 78
19 66 19 33 66
26 84 26 57 84
23 71 23 35 71
28 82 28 37 82
9 84 9 37 84
8 89 8 38 89
17 67 17 42 54 67
11 69 11 30 69
24 84 24 34 78 84
16 78 16 34 78
20 80 20 40 80
25 69 25 43 69
26 68 26 41 68
1 78 1 51 78
21 75 21 32 75
22 77 22 35 77
3 78 3 34 78
8 70 8 39 70
11 64 11 35 64
22 75 22 35 75
18 86 18 34 86
18 86 18 34 86
3 75 3 46 75
17 81 17 34 81
18 74 18 47 74
26 60 26 39 60
28 82 28 37 82
2 83 2 38 83
5 81 5 34 81
25 74 25 53 74
10 83 10 33 83
2 76 2 30 76
20 76 20 41 76
24 70 24 35 70
8 74 8 39 74
9 65 9 39 65
22 81 22 45 81
19 74 19 44 74
5 67 5 32 67
8 62 8 38 62
9 86 9 15 44 86
25 70 25 31 70
23 74 23 39 74
3 65 3 34 65
26 82 26 39 82
23 74 23 39 74
26 82 26 39 82
27 64 27 35 64
17 82 17 40 82
6 71 6 51 71
4 77 4 34 77
14 80 14 40 80
19 66 19 33 66
3 65 3 34 65
12 60 12 42 60
19 78 19 40 78
13 83 13 31 83
5 79 5 32 79
17 73 17 42 60 73
22 81 22 45 81
24 83 24 34 83
12 86 12 44 86
12 65 12 47 65
22 71 22 35 71
23 65 23 39 65
12 60 12 42 60
19 72 19 42 72
14 68 14 38 68
22 84 22 49 84
18 65 18 34 65
16 74 16 47 74
11 60 11 36 60
12 68 12 42 68
12 81 12 47 81
11 69 11 30 69
11 79 11 30 79
19 85 19 46 85
15 87 15 43 87
8 68 8 38 68
20 77 20 31 77
20 77 20 31 77
16 75 16 30 75
28 86 28 34 86
21 80 21 51 80
21 89 21 32 89
0 88 0 41 88
22 67 22 49 67
19 77 19 54 77
8 73 8 39 60 73
15 66 15 45 66
12 61 12 42 61
5 87 5 57 87
5 71 5 32 71
27 88 27 41 88
17 61 17 42 61
1 79 1 30 79
1 80 1 30 80
1 64 1 32 64
28 81 28 34 81
6 62 6 38 62
1 67 1 32 67
28 78 28 34 78
23 71 23 35 71
13 80 13 30 80
28 84 28 37 84
10 63 10 48 63
15 70 15 39 70
29 64 29 35 64
25 75 25 51 75
8 72 8 37 72
22 67 22 49 67
10 62 10 43 62
13 69 13 30 69
28 67 28 37 58 67
23 89 23 35 89
7 71 7 35 71
29 77 29 35 77
18 75 18 32 75
16 63 16 30 31 63
14 63 14 38 63
9 73 9 56 73
9 66 9 33 66
23 81 23 37 81
28 81 28 34 81
15 78 15 41 78
25 81 25 57 81
9 82 9 37 82
3 77 3 34 77
18 80 18 36 80
1 64 1 32 64
18 87 18 36 87
24 68 24 35 68
28 83 28 34 83
22 67 22 49 67
7 83 7 36 83
22 64 22 35 64
14 60 14 42 60
10 67 10 49 67
29 60 29 36 60
9 77 9 54 77
3 70 3 33 70
14 75 14 38 75
23 64 23 35 64
13 69 13 30 69
19 60 19 42 60
4 77 4 34 77
8 89 8 38 89
26 85 26 41 85
14 63 14 38 63
17 80 17 40 80
27 79 27 49 79
23 89 23 35 89
19 77 19 54 77
23 88 23 52 88
22 71 22 35 71
1 64 1 32 64
14 77 14 34 77
19 63 19 42 63
7 75 7 35 75
20 66 20 33 66
6 75 6 38 75
5 87 5 57 87
9 62 9 38 62
11 60 11 36 60
0 79 0 36 79
17 65 17 34 65
14 80 14 40 80
29 72 29 35 72
28 72 28 37 72
5 80 5 39 80
7 78 7 41 78
26 88 26 41 88
4 79 4 51 79
18 70 18 33 70
13 66 13 47 66
20 76 20 41 76
22 86 22 35 86
15 83 15 38 83
8 78 8 41 78
11 74 11 41 74
11 81 11 30 81
8 62 8 38 62
7 66 7 45 66
7 60 7 36 60
22 77 22 35 77
23 65 23 39 65
20 68 20 31 68
20 73 20 31 73
28 86 28 34 86
10 77 10 34 77
12 78 12 42 78
7 83 7 36 83
17 81 17 34 81
24 88 24 35 49 88
5 88 5 52 88
16 86 16 34 86
14 84 14 34 78 84
5 86 5 34 86
28 85 28 37 85
3 85 3 46 85
0 72 0 35 72
14 67 14 54 67
22 64 22 35 64
28 62 28 38 62
24 71 24 35 71
5 82 5 39 82
22 75 22 35 75
23 87 23 37 87
6 80 6 47 80
19 77 19 54 77
29 81 29 36 81
10 70 10 33 70
0 86 0 35 86
0 83 0 36 83
21 71 21 32 71
21 60 21 55 60
15 79 15 51 79
9 70 9 33 70
2 73 2 44 73
13 67 13 31 49 67
10 68 10 43 68
2 80 2 30 80
26 89 26 39 89
5 82 5 39 82
27 75 27 35 75
0 79 0 36 79
21 69 21 51 69
21 65 21 34 65
24 85 24 55 85
19 74 19 44 74
16 71 16 40 71
22 76 22 44 76
27 64 27 35 64
18 85 18 37 85
11 62 11 36 62
3 75 3 46 75
16 80 16 30 80
9 69 9 37 69
13 78 13 31 78
27 68 27 35 68
26 61 26 39 61
17 75 17 42 75
18 71 18 32 71
15 69 15 39 69
11 82 11 35 82
6 77 6 34 77
29 84 29 37 84
20 65 20 41 65
13 74 13 39 74
28 68 28 38 68
29 80 29 35 80
8 69 8 37 69
19 75 19 32 75
7 64 7 35 64
20 63 20 31 63
27 80 27 35 80
10 73 10 49 73
11 66 11 37 66
26 72 26 41 72
13 73 13 31 73
4 62 4 51 62
25 63 25 31 63
12 68 12 42 68
4 67 4 54 67
1 85 1 30 85
22 67 22 49 67
15 83 15 38 83
13 73 13 31 73
21 86 21 34 86
22 60 22 49 60
1 83 1 44 83
3 87 3 36 87
12 88 12 57 88
15 89 15 38 89
29 73 29 56 73
5 74 5 39 74
0 62 0 36 62
16 60 16 36 60
19 68 19 42 68
24 63 24 42 63
7 87 7 36 87
11 83 11 36 83
2 89 2 32 89
0 67 0 2 32 67
3 74 3 46 74
11 75 11 30 75
5 76 5 57 76
8 88 8 41 88
20 74 20 41 74
19 86 19 44 86
5 80 5 39 80
1 67 1 32 67
29 81 29 36 81
23 70 23 35 70
25 79 25 31 79
27 74 27 39 74
11 75 11 30 75
8 84 8 37 84
3 64 3 40 64
25 64 25 40 64
2 71 2 32 71
1 72 1 44 72
6 71 6 51 71
28 77 28 34 77
6 62 6 38 62
1 83 1 44 83
2 61 2 39 61
19 72 19 42 72
25 81 25 57 81
26 88 26 41 88
8 87 8 37 87
5 87 5 57 87
25 81 25 57 81
7 80 7 35 80
20 86 20 49 86
1 74 1 44 74
15 66 15 45 66
7 85 7 41 85
22 82 22 35 82
9 73 9 56 73
24 89 24 35 89
23 85 23 37 85
11 78 11 41 78
12 75 12 42 75
16 85 16 30 85
10 61 10 43 61
7 85 7 41 85
20 67 20 49 67
5 67 5 32 67
13 70 13 30 70
24 77 24 34 77
5 74 5 39 74
25 81 25 57 81
11 69 11 30 69
0 86 0 35 86
5 62 5 39 62
11 87 11 30 87
11 67 11 58 67
23 75 23 35 75
1 71 1 32 71
22 82 22 35 82
17 83 17 34 83
21 64 21 32 64
17 79 17 51 79
18 88 18 33 88
26 81 26 34 81
23 77 23 35 77
7 79 7 36 79
11 74 11 41 74
9 67 9 54 67
19 76 19 44 76
24 86 24 34 86
26 70 26 39 70
25 69 25 43 69
11 89 11 35 89
10 85 10 53 85
23 83 23 25 31 83
18 64 18 32 64
14 79 14 53 79
18 79 18 32 79
16 89 16 36 89
23 85 23 37 85
4 71 4 45 71
5 77 5 34 77
0 64 0 35 64
2 72 2 35 72
22 72 22 35 72
8 89 8 38 89
12 65 12 47 65
0 79 0 36 79
1 72 1 44 72
11 64 11 35 64
9 70 9 33 70
29 66 29 37 66
3 78 3 34 78
20 69 20 37 69
9 70 9 33 70
27 60 27 39 60
17 62 17 51 62
24 68 24 35 68
7 83 7 36 83
24 62 24 36 62
9 60 9 39 60
11 75 11 30 75
13 60 13 39 60
7 69 7 42 69
23 60 23 39 60
25 79 25 31 79
24 76 24 47 76
19 72 19 42 72
3 88 3 33 88
23 71 23 35 71
9 83 9 33 83
0 65 0 36 65
3 75 3 46 75
7 87 7 36 87
28 70 28 39 70
5 70 5 39 70
23 63 23 39 63
23 65 23 39 65
10 70 10 33 70
2 87 2 30 87
12 62 12 50 62
4 64 4 56 64
4 61 4 42 61
1 60 1 55 60
20 74 20 41 74
7 79 7 36 79
14 84 14 34 78 84
22 85 22 46 85
23 70 23 35 70
14 81 14 34 81
0 70 0 35 70
19 61 19 42 61
8 85 8 37 85
5 73 5 7 58 73
15 70 15 39 70
17 79 17 51 79
3 77 3 34 77
17 64 17 40 64
17 75 17 42 75
13 81 13 30 81
25 73 25 31 73
10 60 10 49 60
9 65 9 39 65
9 72 9 37 72
20 72 20 37 72
5 87 5 57 87
27 75 27 35 75
27 80 27 35 80
12 77 12 57 77
29 82 29 35 82
6 71 6 51 71
17 67 17 42 54 67
6 70 6 41 70
21 63 21 56 63
14 74 14 53 74
23 62 23 39 62
18 64 18 32 64
7 71 7 35 71
9 84 9 37 84
2 80 2 30 80
24 82 24 35 82
11 78 11 41 78
28 75 28 38 75
18 64 18 32 64
3 62 3 36 62
29 74 29 48 74
21 61 21 51 61
11 63 11 38 63
26 88 26 41 88
11 85 11 30 85
3 75 3 46 75
7 65 7 36 65
8 61 8 39 61
29 77 29 35 77
22 70 22 33 70
10 83 10 33 83
28 81 28 34 81
21 70 21 57 70
12 88 12 57 88
4 83 4 33 83
24 74 24 47 74
29 84 29 37 84
13 68 13 31 68
3 79 3 36 79
24 61 24 42 61
11 64 11 35 64
8 76 8 41 76
18 61 18 42 61
26 87 26 57 87
27 86 27 35 86
16 62 16 36 62
28 60 28 39 60
12 78 12 42 78
20 87 20 37 87
0 86 0 35 86
20 78 20 31 78
27 76 27 41 76
4 84 4 51 84
3 66 3 33 66
0 81 0 36 81
28 68 28 38 68
4 85 4 51 85
18 85 18 37 85
19 65 19 46 65
19 78 19 40 78
15 75 15 38 75
5 73 5 7 58 73
23 84 23 37 84
19 66 19 33 66
3 85 3 46 85
11 63 11 38 63
18 71 18 32 71
20 60 20 49 60
19 77 19 54 77
9 84 9 37 84
23 61 23 39 61
3 86 3 34 86
19 88 19 33 88
29 89 29 35 89
8 87 8 37 87
13 74 13 39 74
19 73 19 44 73
1 67 1 32 67
20 75 20 49 75
16 68 16 43 68
13 82 13 31 82
8 79 8 54 79
28 75 28 38 75
25 89 25 51 89
29 81 29 36 81
21 70 21 57 70
28 64 28 57 64
6 85 6 41 85
22 63 22 38 63
19 77 19 54 77
8 69 8 37 69
20 60 20 49 60
25 80 25 40 80
10 71 10 18 32 71
15 86 15 44 86
3 76 3 40 64 76
26 63 26 39 63
21 70 21 57 70
8 66 8 37 66
15 66 15 45 66
25 76 25 57 76
22 82 22 35 82
28 63 28 38 63
6 86 6 34 86
19 66 19 33 66
17 86 17 34 86
11 83 11 36 83
3 87 3 36 87
6 76 6 41 76
23 86 23 35 86
17 82 17 40 82
16 82 16 40 82
11 62 11 36 62
25 75 25 51 75
1 61 1 51 61
7 63 7 42 63
8 71 8 37 71
26 89 26 39 89
6 78 6 34 78
22 83 22 33 83
29 67 29 35 49 67
0 78 0 40 78
12 70 12 47 70
13 72 13 42 72
26 64 26 57 64
8 79 8 54 79
10 67 10 49 67
20 88 20 33 88
28 62 28 38 62
2 77 2 35 77
11 79 11 30 79
1 82 1 51 82
19 83 19 33 83
8 87 8 37 87
16 66 16 34 66
13 83 13 31 83
29 82 29 35 82
21 74 21 29 48 74
29 82 29 35 82
26 67 26 41 58 67
11 77 11 35 77
5 66 5 34 66
21 61 21 51 61
3 68 3 43 68
24 81 24 34 81
0 65 0 36 65
13 80 13 30 80
29 65 29 36 65
2 84 2 49 84
14 66 14 34 66
25 61 25 31 61
17 60 17 42 60
21 70 21 57 70
29 72 29 35 72
22 64 22 35 64
15 68 15 38 68
18 65 18 34 65
2 62 2 38 62
20 79 20 31 79
16 81 16 30 81
22 85 22 46 85
12 67 12 18 32 67
17 70 17 29 35 70
4 69 4 42 69
6 67 6 8 54 67
3 81 3 34 81
21 83 21 34 83
16 65 16 30 65
9 84 9 37 84
13 76 13 30 76
25 72 25 28 37 72
12 64 12 44 64
16 84 16 34 78 84
24 81 24 34 81
15 87 15 43 87
22 61 22 43 61
21 87 21 57 87
24 66 24 34 66
2 69 2 30 69
13 85 13 30 85
4 78 4 34 78
20 61 20 31 61
9 60 9 39 60
10 62 10 43 62
10 61 10 43 61
20 87 20 37 87
23 83 23 25 31 83
20 84 20 37 84
6 88 6 41 88
29 69 29 37 69
26 60 26 39 60
22 75 22 35 75
7 74 7 41 74
24 82 24 35 82
4 76 4 55 76
20 78 20 31 78
28 64 28 57 64
11 64 11 35 64
25 70 25 31 70
10 70 10 33 70
27 86 27 35 86
3 68 3 43 68
18 81 18 34 81
10 60 10 49 60
16 61 16 43 61
7 75 7 35 75
11 79 11 30 79
19 77 19 54 77
0 69 0 39 69
4 68 4 42 68
10 69 10 43 69
24 78 24 34 78
11 77 11 35 77
19 72 19 42 72
3 83 3 33 83
27 71 27 35 71
27 72 27 35 72
29 76 29 48 76
10 62 10 43 62
26 71 26 57 71
23 70 23 35 70
17 79 17 51 79
19 72 19 42 72
2 68 2 35 68
10 66 10 33 66
10 79 10 49 79
2 68 2 35 68
10 79 10 49 79
15 67 15 38 58 67
5 72 5 7 35 72
19 80 19 40 80
15 77 15 51 77
1 72 1 44 72
19 80 19 40 80
19 65 19 46 65
6 84 6 51 84
17 66 17 34 66
9 82 9 37 82
17 81 17 34 81
28 76 28 47 76
2 68 2 35 68
21 76 21 55 76
17 84 17 51 84
8 89 8 38 89
23 61 23 39 61
27 82 27 35 82
0 73 0 56 73
5 81 5 34 81
16 85 16 30 85
13 72 13 42 72
6 87 6 8 37 87
12 83 12 44 83
18 85 18 37 85
25 71 25 40 71
10 69 10 43 69
24 69 24 42 69
10 64 10 18 32 64
18 66 18 33 66
24 69 24 42 69
17 65 17 34 65
0 61 0 39 61
12 66 12 47 66
2 75 2 30 75
10 89 10 48 89
3 80 3 36 80
24 71 24 35 71
0 74 0 39 74
15 88 15 41 88
29 82 29 35 82
0 67 0 2 32 67
27 75 27 35 75
29 88 29 48 88
19 77 19 54 77
9 77 9 54 77
2 69 2 30 69
9 72 9 37 72
10 68 10 43 68
23 75 23 35 75
26 79 26 55 79
0 89 0 35 89
12 63 12 42 63
18 63 18 42 63
10 81 10 34 81
27 61 27 39 61
19 74 19 44 74
9 70 9 33 70
25 76 25 57 76
17 74 17 53 74
16 73 16 36 60 73
19 64 19 32 64
17 89 17 51 89
15 72 15 38 72
3 68 3 43 68
3 60 3 36 60
13 89 13 39 89
12 81 12 47 81
14 60 14 42 60
10 72 10 50 72
9 65 9 39 65
24 64 24 35 64
4 87 4 42 87
7 87 7 36 87
21 64 21 32 64
25 68 25 31 68
13 77 13 31 77
16 77 16 34 77
3 79 3 36 79
4 71 4 45 71
26 84 26 57 84
5 81 5 34 81
9 83 9 33 83
23 75 23 35 75
6 63 6 38 63
13 70 13 30 70
22 78 22 45 78
1 73 1 44 73
21 72 21 55 72
2 66 2 49 66
5 66 5 34 66
21 77 21 34 77
2 76 2 30 76
0 89 0 35 89
2 77 2 35 77
25 77 25 31 77
21 85 21 51 85
28 76 28 47 76
10 78 10 34 78
22 72 22 35 72
27 60 27 39 60
8 84 8 37 84
27 79 27 49 79
5 80 5 39 80
13 84 13 56 84
15 81 15 41 81
13 75 13 30 75
22 80 22 35 80
17 87 17 42 87
10 60 10 49 60
2 89 2 32 89
15 84 15 51 84
14 64 14 40 64
16 73 16 36 60 73
6 80 6 47 80
15 85 15 41 85
28 67 28 37 58 67
20 63 20 31 63
0 88 0 41 88
2 80 2 30 80
14 82 14 40 82
28 86 28 34 86
26 69 26 39 69
13 68 13 31 68
13 88 13 31 49 88
25 70 25 31 70
17 75 17 42 75
2 63 2 38 63
12 72 12 42 72
25 83 25 31 83
26 80 26 39 80
28 61 28 39 61
15 67 15 38 58 67
16 75 16 30 75
25 80 25 40 80
26 83 26 34 83
28 82 28 37 82
1 69 1 30 69
23 75 23 35 75
1 72 1 44 72
25 89 25 51 89
6 61 6 41 61
6 75 6 38 75
0 75 0 35 75
7 78 7 41 78
28 60 28 39 60
0 60 0 36 60
7 78 7 41 78
0 78 0 40 78
5 60 5 39 60
27 88 27 41 88
23 78 23 25 31 78
16 74 16 47 74
2 75 2 30 75
16 83 16 34 83
24 62 24 36 62
21 62 21 51 62
14 73 14 42 60 73
5 87 5 57 87
5 70 5 39 70
14 80 14 40 80
22 74 22 44 74
24 73 24 58 73
21 74 21 29 48 74
14 71 14 40 71
6 72 6 38 72
1 85 1 30 85
21 76 21 55 76
19 85 19 46 85
2 66 2 49 66
5 75 5 32 75
23 78 23 25 31 78
4 89 4 45 89
2 83 2 38 83
26 78 26 34 78
12 71 12 57 71
23 68 23 35 68
14 81 14 34 81
28 79 28 53 79
11 67 11 58 67
25 86 25 52 86
16 65 16 30 65
14 61 14 42 61
27 82 27 35 82
25 84 25 51 84
21 81 21 34 81
24 85 24 55 85
3 76 3 40 64 76
2 80 2 30 80
21 88 21 51 88
1 72 1 44 72
3 79 3 36 79
29 65 29 36 65
21 70 21 57 70
11 87 11 30 87
2 74 2 39 74
13 78 13 31 78
18 64 18 32 64
7 86 7 35 86
0 87 0 36 87
6 86 6 34 86
26 69 26 39 69
17 62 17 51 62
17 77 17 34 77
23 75 23 35 75
28 64 28 57 64
10 61 10 43 61
13 69 13 30 69
22 68 22 35 68
27 79 27 49 79
1 80 1 30 80
24 74 24 47 74
15 75 15 38 75
20 79 20 31 79
6 79 6 50 79
4 77 4 34 77
5 61 5 39 61
11 67 11 58 67
10 60 10 49 60
7 64 7 35 64
4 69 4 42 69
5 66 5 34 66
13 83 13 31 83
26 60 26 39 60
0 88 0 41 88
15 76 15 41 76
11 82 11 35 82
8 71 8 37 71
20 85 20 37 85
22 75 22 35 75
0 77 0 35 77
29 87 29 36 87
16 65 16 30 65
4 63 4 42 63
29 72 29 35 72
0 89 0 35 89
2 83 2 38 83
18 64 18 32 64
25 65 25 51 65
27 87 27 37 87
14 64 14 40 64
29 64 29 35 64
16 81 16 30 81
3 65 3 34 65
16 74 16 47 74
16 82 16 40 82
10 88 10 33 88
4 86 4 34 86
5 75 5 32 75
4 70 4 33 70
1 85 1 30 85
1 86 1 44 86
0 85 0 41 85
14 68 14 38 68
9 63 9 38 63
13 70 13 30 70
23 85 23 37 85
14 66 14 34 66
13 73 13 31 73
8 75 8 38 75
4 86 4 34 86
6 81 6 34 81
26 63 26 39 63
17 85 17 51 85
8 71 8 37 71
10 71 10 18 32 71
16 72 16 50 72
13 88 13 31 49 88
5 61 5 39 61
11 75 11 30 75
1 66 1 50 66
0 65 0 36 65
16 73 16 36 60 73
12 81 12 47 81
20 79 20 31 79
25 79 25 31 79
4 86 4 34 86
8 67 8 54 67
26 60 26 39 60
26 71 26 57 71
26 73 26 39 60 73
25 61 25 31 61
29 75 29 35 75
18 70 18 33 70
15 80 15 39 80
19 71 19 32 71
23 80 23 35 80
21 75 21 32 75
15 87 15 43 87
23 63 23 39 63
20 70 20 31 70
10 78 10 34 78
5 73 5 7 58 73
2 81 2 30 81
15 71 15 45 71
20 79 20 31 79
4 68 4 42 68
3 76 3 40 64 76
22 63 22 38 63
19 66 19 33 66
12 81 12 47 81
25 76 25 57 76
26 64 26 57 64
21 72 21 55 72
27 73 27 49 73
16 84 16 34 78 84
15 70 15 39 70
2 72 2 35 72
19 89 19 32 89
14 81 14 34 81
13 67 13 31 49 67
27 71 27 35 71
18 71 18 32 71
1 72 1 44 72
16 82 16 40 82
14 65 14 34 65
21 81 21 34 81
2 84 2 49 84
15 74 15 39 74
17 78 17 34 78
2 75 2 30 75
14 86 14 34 86
28 77 28 34 77
12 60 12 42 60
16 74 16 47 74
29 78 29 48 78
12 81 12 47 81
29 85 29 37 85
9 83 9 33 83
14 75 14 38 75
8 74 8 39 74
4 60 4 42 60
0 85 0 41 85
29 63 29 48 63
12 83 12 44 83
26 61 26 39 61
5 62 5 39 62
3 72 3 33 66 72
24 75 24 35 75
7 77 7 35 77
19 84 19 40 78 84
21 63 21 56 63
12 83 12 44 83
2 67 2 32 67
7 63 7 42 63
25 75 25 51 75
22 75 22 35 75
15 66 15 45 66
23 80 23 35 80
0 62 0 36 62
6 70 6 41 70
27 83 27 35 55 83
14 67 14 54 67
4 80 4 42 80
23 73 23 25 31 73
29 63 29 48 63
23 71 23 35 71
9 68 9 38 68
2 65 2 30 65
29 84 29 37 84
8 89 8 38 89
26 66 26 34 66
28 76 28 47 76
0 83 0 36 83
12 75 12 42 75
27 77 27 35 77
27 67 27 49 67
17 82 17 40 82
17 74 17 53 74
0 60 0 36 60
25 78 25 31 78
14 85 14 53 85
17 74 17 53 74
19 85 19 46 85
2 78 2 41 78
15 67 15 38 58 67
17 75 17 42 75
15 74 15 39 74
23 62 23 39 62
28 89 28 38 89
18 87 18 36 87
24 74 24 47 74
8 80 8 39 80
7 74 7 41 74
15 80 15 39 80
26 70 26 39 70
13 64 13 56 64
24 85 24 55 85
12 83 12 44 83
3 61 3 43 61
3 68 3 43 68
24 86 24 34 86
19 76 19 44 76
28 74 28 39 74
27 68 27 35 68
6 62 6 38 62
5 64 5 32 64
22 80 22 35 80
6 67 6 8 54 67
23 88 23 52 88
25 82 25 31 82
19 80 19 40 80
26 68 26 41 68
25 60 25 52 60
20 80 20 40 80
28 63 28 38 63
4 85 4 51 85
24 61 24 42 61
21 77 21 34 77
11 61 11 41 61
6 77 6 34 77
18 80 18 36 80
21 85 21 51 85
6 67 6 8 54 67
19 74 19 44 74
14 88 14 52 88
29 74 29 48 74
12 66 12 47 66
26 71 26 57 71
14 84 14 34 78 84
12 76 12 44 76
6 89 6 38 89
15 66 15 45 66
7 80 7 35 80
3 74 3 46 74
20 75 20 49 75
21 84 21 51 84
0 68 0 35 68
27 64 27 35 64
29 75 29 35 75
24 68 24 35 68
14 74 14 53 74
7 70 7 35 70
2 60 2 39 60
17 81 17 34 81
20 64 20 40 64
21 66 21 34 66
12 60 12 42 60
9 67 9 54 67
25 75 25 51 75
3 78 3 34 78
28 63 28 38 63
7 67 7 58 67
8 89 8 38 89
27 84 27 37 84
27 87 27 37 87
7 84 7 41 78 84
26 78 26 34 78
22 74 22 44 74
28 86 28 34 86
7 70 7 35 70
24 82 24 35 82
18 84 18 37 84
27 71 27 35 71
14 75 14 38 75
2 86 2 35 86
23 79 23 25 31 79
11 76 11 30 76
0 88 0 41 88
25 60 25 52 60
3 69 3 43 69
9 88 9 33 88
3 67 3 49 67
9 60 9 39 60
12 80 12 42 80
27 60 27 39 60
28 83 28 34 83
3 89 3 36 89
8 76 8 41 76
10 80 10 50 80
10 70 10 33 70
22 63 22 38 63
16 84 16 34 78 84
2 87 2 30 87
10 67 10 49 67
23 70 23 35 70
21 79 21 32 79
14 82 14 40 82
21 69 21 51 69
19 65 19 46 65
13 74 13 39 74
22 74 22 44 74
3 62 3 36 62
18 68 18 42 68
18 71 18 32 71
13 86 13 31 49 86
16 83 16 34 83
21 62 21 51 62
9 66 9 33 66
7 78 7 41 78
6 86 6 34 86
9 70 9 33 70
15 73 15 44 73
16 73 16 36 60 73
17 78 17 34 78
23 73 23 25 31 73
19 84 19 40 78 84
19 68 19 42 68
24 88 24 35 49 88
12 74 12 44 74
20 84 20 37 84
3 78 3 34 78
22 89 22 35 89
6 79 6 50 79
6 67 6 8 54 67
7 60 7 36 60
4 69 4 42 69
17 70 17 29 35 70
28 88 28 48 88
10 60 10 49 60
4 61 4 42 61
14 64 14 40 64
4 82 4 42 82
6 72 6 38 72
8 61 8 39 61
29 85 29 37 85
20 81 20 37 81
1 85 1 30 85
16 74 16 47 74
27 68 27 35 68
5 87 5 57 87
25 61 25 31 61
2 67 2 32 67
23 71 23 35 71
12 89 12 44 89
15 78 15 41 78
0 71 0 35 71
2 64 2 32 64
12 65 12 47 65
29 74 29 48 74
28 84 28 37 84
20 71 20 37 71
28 64 28 57 64
5 70 5 39 70
11 68 11 35 68
14 79 14 53 79
19 89 19 32 89
23 80 23 35 80
25 73 25 31 73
8 64 8 12 44 64
17 60 17 42 60
9 81 9 37 81
10 77 10 34 77
4 63 4 42 63
14 64 14 40 64
7 78 7 41 78
29 86 29 35 86
22 61 22 43 61
15 81 15 41 81
24 66 24 34 66
29 78 29 48 78
29 67 29 35 49 67
4 73 4 56 73
24 76 24 47 76
27 83 27 35 55 83
1 86 1 44 86
18 75 18 32 75
23 75 23 35 75
1 72 1 44 72
23 62 23 39 62
7 79 7 36 79
9 86 9 15 44 86
6 87 6 8 37 87
3 74 3 46 74
7 71 7 35 71
13 82 13 31 82
19 86 19 44 86
8 76 8 41 76
13 77 13 31 77
21 60 21 55 60
7 60 7 36 60
15 70 15 39 70
21 71 21 32 71
23 70 23 35 70
17 84 17 51 84
5 71 5 32 71
10 68 10 43 68
27 86 27 35 86
2 64 2 32 64
19 81 19 45 81
11 68 11 35 68
4 61 4 42 61
15 84 15 51 84
18 81 18 34 81
19 65 19 46 65
17 82 17 40 82
29 78 29 48 78
13 63 13 31 63
0 74 0 39 74
22 78 22 45 78
29 75 29 35 75
5 62 5 39 62
19 84 19 40 78 84
21 63 21 56 63
1 75 1 30 75
12 70 12 47 70
3 62 3 36 62
27 67 27 49 67
14 62 14 38 62
3 83 3 33 83
28 75 28 38 75
27 74 27 39 74
22 68 22 35 68
27 86 27 35 86
13 70 13 30 70
27 64 27 35 64
22 75 22 35 75
4 87 4 42 87
3 75 3 46 75
24 86 24 34 86
18 80 18 36 80
1 87 1 30 87
22 74 22 44 74
9 89 9 38 89
19 66 19 33 66
5 84 5 57 84
18 68 18 42 68
6 71 6 51 71
24 73 24 58 73
20 84 20 37 84
24 72 24 35 72
26 78 26 34 78
3 64 3 40 64
12 77 12 57 77
9 68 9 38 68
14 63 14 38 63
19 88 19 33 88
1 84 1 51 84
16 69 16 30 69
14 66 14 34 66
28 62 28 38 62
0 83 0 36 83
1 88 1 51 88
3 80 3 36 80
10 72 10 50 72
17 73 17 42 60 73
24 87 24 36 87
27 76 27 41 76
26 82 26 39 82
3 76 3 40 64 76
29 76 29 48 76
11 60 11 36 60
21 88 21 51 88
4 70 4 33 70
10 77 10 34 77
21 87 21 57 87
1 72 1 44 72
15 62 15 38 62
21 85 21 51 85
2 86 2 35 86
1 75 1 30 75
10 72 10 50 72
12 79 12 50 79
26 85 26 41 85
26 88 26 41 88
29 68 29 35 68
18 80 18 36 80
14 61 14 42 61
27 70 27 35 70
4 63 4 42 63
2 82 2 35 82
16 83 16 34 83
12 65 12 47 65
15 81 15 41 81
10 75 10 49 75
7 88 7 41 88
5 73 5 7 58 73
10 88 10 33 88
15 73 15 44 73
29 82 29 35 82
22 79 22 49 79
27 75 27 35 75
6 72 6 38 72
21 65 21 34 65
19 82 19 40 82
15 64 15 44 64
1 65 1 30 65
24 81 24 34 81
12 81 12 47 81
13 84 13 56 84
20 89 20 57 89
24 65 24 34 65
26 80 26 39 80
10 69 10 43 69
18 84 18 37 84
17 68 17 42 68
27 77 27 35 77
5 73 5 7 58 73
18 67 18 32 67
21 82 21 51 82
6 68 6 38 68
27 69 27 37 69
17 66 17 34 66
19 85 19 46 85
11 88 11 41 88
8 61 8 39 61
8 66 8 37 66
12 65 12 47 65
22 72 22 35 72
6 60 6 8 39 60
0 84 0 56 84
4 88 4 33 88
8 67 8 54 67
0 89 0 35 89
9 79 9 50 79
29 87 29 36 87
4 79 4 51 79
3 89 3 36 89
13 60 13 39 60
26 72 26 41 72
28 71 28 37 71
12 60 12 42 60
9 60 9 39 60
3 72 3 33 66 72
15 68 15 38 68
2 66 2 49 66
1 64 1 32 64
26 84 26 57 84
2 65 2 30 65
6 87 6 8 37 87
25 68 25 31 68
4 65 4 34 65
13 72 13 42 72
20 87 20 37 87
20 79 20 31 79
28 69 28 37 69
18 69 18 37 69
15 81 15 41 81
27 85 27 37 85
1 80 1 30 80
18 60 18 36 60
1 80 1 30 80
17 76 17 55 76
24 63 24 42 63
9 75 9 38 75
29 81 29 36 81
10 73 10 49 73
1 84 1 51 84
12 86 12 44 86
21 89 21 32 89
2 89 2 32 89
24 64 24 35 64
29 62 29 36 62
11 73 11 56 73
24 82 24 35 82
7 60 7 36 60
20 83 20 31 83
0 84 0 56 84
2 62 2 38 62
5 66 5 34 66
28 65 28 34 65
9 89 9 38 89
8 63 8 38 63
24 66 24 34 66
26 69 26 39 69
16 67 16 30 31 49 67
18 66 18 33 66
13 60 13 39 60
10 89 10 48 89
20 76 20 41 76
6 87 6 8 37 87
15 84 15 51 84
25 85 25 51 85
5 61 5 39 61
21 83 21 34 83
24 74 24 47 74
26 88 26 41 88
29 66 29 37 66
28 71 28 37 71
20 83 20 31 83
4 67 4 54 67
2 87 2 30 87
28 64 28 57 64
3 77 3 34 77
11 87 11 30 87
27 65 27 39 65
8 69 8 37 69
26 76 26 41 76
11 85 11 30 85
14 77 14 34 77
16 80 16 30 80
14 65 14 34 65
19 84 19 40 78 84
17 82 17 40 82
20 63 20 31 63
20 69 20 37 69
4 86 4 34 86
7 77 7 35 77
5 62 5 39 62
27 77 27 35 77
5 72 5 7 35 72
10 79 10 49 79
15 83 15 38 83
29 64 29 35 64
25 85 25 51 85
29 60 29 36 60
18 76 18 47 76
26 60 26 39 60
3 68 3 43 68
9 86 9 15 44 86
1 71 1 32 71
2 61 2 39 61
12 71 12 57 71
2 62 2 38 62
13 86 13 31 49 86
16 61 16 43 61
7 62 7 36 62
25 87 25 43 87
24 86 24 34 86
18 84 18 37 84
11 63 11 38 63
5 62 5 39 62
25 80 25 40 80
20 81 20 37 81
14 78 14 34 78
23 82 23 35 82
13 88 13 31 49 88
6 63 6 38 63
21 87 21 57 87
8 76 8 41 76
26 84 26 57 84
22 83 22 33 83
14 71 14 40 71
26 69 26 39 69
16 75 16 30 75
27 70 27 35 70
28 66 28 34 66
23 75 23 35 75
8 88 8 41 88
6 70 6 41 70
27 70 27 35 70
22 64 22 35 64
6 68 6 38 68
7 61 7 41 61
2 65 2 30 65
17 83 17 34 83
5 69 5 39 69
29 72 29 35 72
5 82 5 39 82
4 66 4 33 66
5 79 5 32 79
14 80 14 40 80
8 77 8 54 77
9 71 9 37 71
1 69 1 30 69
28 60 28 39 60
25 89 25 51 89
22 62 22 38 62
24 73 24 58 73
26 68 26 41 68
21 79 21 32 79
4 76 4 55 76
19 81 19 45 81
6 72 6 38 72
22 61 22 43 61
3 87 3 36 87
13 84 13 56 84
5 78 5 34 78
17 79 17 51 79
26 64 26 57 64
18 63 18 42 63
6 73 6 13 31 73
12 65 12 47 65
23 87 23 37 87
8 74 8 39 74
20 79 20 31 79
10 67 10 49 67
14 66 14 34 66
8 72 8 37 72
18 84 18 37 84
13 64 13 56 64
0 86 0 35 86
12 67 12 18 32 67
28 81 28 34 81
27 65 27 39 65
10 68 10 43 68
19 76 19 44 76
23 88 23 52 88
15 82 15 39 82
16 85 16 30 85
1 78 1 51 78
13 73 13 31 73
22 77 22 35 77
18 61 18 42 61
25 66 25 33 66
10 71 10 18 32 71
5 77 5 34 77
10 65 10 34 65
29 70 29 35 70
25 63 25 31 63
23 70 23 35 70
3 67 3 49 67
23 73 23 25 31 73
26 67 26 41 58 67
22 88 22 33 88
7 81 7 36 81
23 83 23 25 31 83
9 86 9 15 44 86
11 71 11 35 71
2 84 2 49 84
28 76 28 47 76
0 77 0 35 77
15 62 15 38 62
6 74 6 41 74
21 67 21 32 67
0 84 0 56 84
8 86 8 12 44 86
29 72 29 35 72
18 83 18 33 83
3 82 3 40 82
27 88 27 41 88
3 78 3 34 78
3 81 3 34 81
13 62 13 39 62
19 89 19 32 89
13 88 13 31 49 88
25 63 25 31 63
11 67 11 58 67
0 70 0 35 70
19 67 19 32 67
27 60 27 39 60
1 80 1 30 80
25 71 25 40 71
13 70 13 30 70
17 77 17 34 77
3 88 3 33 88
10 73 10 49 73
15 66 15 45 66
1 85 1 30 85
26 76 26 41 76
11 75 11 30 75
16 67 16 30 31 49 67
3 86 3 34 86
18 72 18 37 72
10 69 10 43 69
22 83 22 33 83
27 73 27 49 73
9 89 9 38 89
16 87 16 30 87
26 69 26 39 69
2 76 2 30 76
16 85 16 30 85
26 61 26 39 61
17 60 17 42 60
26 89 26 39 89
22 77 22 35 77
12 71 12 57 71
17 65 17 34 65
17 82 17 40 82
25 70 25 31 70
10 69 10 43 69
6 66 6 34 66
11 81 11 30 81
22 74 22 44 74
2 61 2 39 61
12 72 12 42 72
17 75 17 42 75
12 72 12 42 72
0 68 0 35 68
1 72 1 44 72
20 74 20 41 74
26 76 26 41 76
9 72 9 37 72
19 86 19 44 86
20 64 20 40 64
17 81 17 34 81
10 78 10 34 78
6 89 6 38 89
2 71 2 32 71
29 84 29 37 84
18 65 18 34 65
4 65 4 34 65
9 79 9 50 79
14 72 14 38 72
10 79 10 49 79
11 76 11 30 76
16 86 16 34 86
15 62 15 38 62
14 67 14 54 67
16 78 16 34 78
15 86 15 44 86
29 63 29 48 63
7 73 7 58 73
27 77 27 35 77
21 78 21 34 78
15 60 15 39 60
19 79 19 32 79
24 87 24 36 87
17 77 17 34 77
10 75 10 49 75
24 75 24 35 75
23 61 23 39 61
14 72 14 38 72
25 62 25 43 62
17 63 17 42 63
21 74 21 29 48 74
13 65 13 30 65
5 89 5 32 89
20 67 20 49 67
18 88 18 33 88
9 88 9 33 88
3 85 3 46 85
2 81 2 30 81
6 80 6 47 80
27 74 27 39 74
15 89 15 38 89
3 63 3 20 31 63
20 73 20 31 73
8 87 8 37 87
1 89 1 32 89
23 77 23 35 77
18 73 18 49 73
4 75 4 42 75
17 81 17 34 81
3 72 3 33 66 72
2 62 2 38 62
12 74 12 44 74
28 86 28 34 86
8 64 8 12 44 64
22 80 22 35 80
15 88 15 41 88
18 86 18 34 86
9 72 9 37 72
25 60 25 52 60
8 82 8 37 82
21 80 21 51 80
10 65 10 34 65
14 89 14 38 89
27 67 27 49 67
22 79 22 49 79
26 74 26 39 74
2 80 2 30 80
2 61 2 39 61
24 64 24 35 64
15 78 15 41 78
10 72 10 50 72
11 65 11 30 65
4 60 4 42 60
3 67 3 49 67
23 80 23 35 80
8 70 8 39 70
27 71 27 35 71
10 72 10 50 72
0 68 0 35 68
3 63 3 20 31 63
23 85 23 37 85
24 76 24 47 76
13 66 13 47 66
14 86 14 34 86
18 74 18 47 74
3 83 3 33 83
21 79 21 32 79
19 71 19 32 71
7 78 7 41 78
8 78 8 41 78
21 75 21 32 75
16 81 16 30 81
9 65 9 39 65
21 68 21 57 68
25 61 25 31 61
25 67 25 31 49 67
18 88 18 33 88
23 87 23 37 87
25 89 25 51 89
15 82 15 39 82
25 79 25 31 79
13 71 13 31 37 71
19 74 19 44 74
21 72 21 55 72
11 85 11 30 85
0 62 0 36 62
26 80 26 39 80
8 75 8 38 75
15 65 15 39 65
26 67 26 41 58 67
20 72 20 37 72
14 84 14 34 78 84
15 85 15 41 85
18 68 18 42 68
28 86 28 34 86
20 68 20 31 68
17 77 17 34 77
15 81 15 41 81
16 64 16 40 64
17 81 17 34 81
10 79 10 49 79
20 73 20 31 73
22 60 22 49 60
16 87 16 30 87
12 70 12 47 70
26 64 26 57 64
15 75 15 38 75
14 64 14 40 64
14 61 14 42 61
14 76 14 24 47 76
27 77 27 35 77
15 72 15 38 72
8 89 8 38 89
4 77 4 34 77
22 83 22 33 83
9 86 9 15 44 86
23 75 23 35 75
16 87 16 30 87
9 66 9 33 66
24 77 24 34 77
9 61 9 39 61
29 61 29 43 61
14 61 14 42 61
16 65 16 30 65
11 86 11 35 86
23 65 23 39 65
22 86 22 35 86
7 61 7 41 61
2 71 2 32 71
10 73 10 49 73
3 89 3 36 89
13 71 13 31 37 71
10 82 10 43 82
29 66 29 37 66
12 83 12 44 83
0 85 0 41 85
4 80 4 42 80
12 85 12 18 37 85
2 72 2 35 72
11 88 11 41 88
16 83 16 34 83
8 66 8 37 66
8 70 8 39 70
5 75 5 32 75
29 75 29 35 75
15 89 15 38 89
25 86 25 52 86
17 79 17 51 79
23 67 23 35 49 67
13 70 13 30 70
26 69 26 39 69
10 73 10 49 73
16 77 16 34 77
18 68 18 42 68
18 64 18 32 64
10 89 10 48 89
25 77 25 31 77
6 68 6 38 68
17 82 17 40 82
13 67 13 31 49 67
8 78 8 41 78
19 70 19 33 70
13 66 13 47 66
12 64 12 44 64
3 69 3 43 69
5 60 5 39 60
18 84 18 37 84
16 61 16 43 61
28 69 28 37 69
23 81 23 37 81
23 75 23 35 75
29 68 29 35 68
3 72 3 33 66 72
21 63 21 56 63
17 89 17 51 89
3 61 3 43 61
17 69 17 42 69
4 83 4 33 83
20 87 20 37 87
29 73 29 56 73
23 67 23 35 49 67
2 89 2 32 89
19 79 19 32 79
1 71 1 32 71
2 84 2 49 84
27 65 27 39 65
17 73 17 42 60 73
4 61 4 42 61
12 86 12 44 86
12 89 12 44 89
23 77 23 35 77
9 63 9 38 63
27 89 27 35 89
20 66 20 33 66
5 82 5 39 82
29 74 29 48 74
6 67 6 8 54 67
26 65 26 34 65
8 69 8 37 69
4 80 4 42 80
20 60 20 49 60
6 69 6 51 69
22 78 22 45 78
22 81 22 45 81
9 68 9 38 68
3 65 3 34 65
0 63 0 39 63
8 70 8 39 70
16 62 16 36 62
12 81 12 47 81
24 64 24 35 64
9 62 9 38 62
21 84 21 51 84
5 68 5 57 68
11 77 11 35 77
14 76 14 24 47 76
10 85 10 53 85
9 60 9 39 60
29 86 29 35 86
22 63 22 38 63
8 74 8 39 74
27 88 27 41 88
24 62 24 36 62
26 72 26 41 72
4 62 4 51 62
28 67 28 37 58 67
0 77 0 35 77
8 89 8 38 89
21 78 21 34 78
12 66 12 47 66
11 67 11 58 67
15 84 15 51 84
18 89 18 32 89
2 80 2 30 80
0 72 0 35 72
14 84 14 34 78 84
21 63 21 56 63
2 71 2 32 71
15 63 15 38 63
21 65 21 34 65
5 84 5 57 84
27 75 27 35 75
8 75 8 38 75
18 81 18 34 81
8 76 8 41 76
27 80 27 35 80
10 80 10 50 80
29 89 29 35 89
4 82 4 42 82
14 63 14 38 63
21 73 21 56 73
26 76 26 41 76
11 64 11 35 64
27 75 27 35 75
26 71 26 57 71
10 60 10 49 60
1 76 1 30 76
19 70 19 33 70
8 60 8 39 60
26 79 26 55 79
8 65 8 39 65
28 78 28 34 78
3 78 3 34 78
5 88 5 52 88
15 63 15 38 63
28 71 28 37 71
13 62 13 39 62
26 82 26 39 82
26 76 26 41 76
29 87 29 36 87
17 75 17 42 75
11 64 11 35 64
29 82 29 35 82
5 78 5 34 78
27 78 27 41 78
3 80 3 36 80
26 67 26 41 58 67
0 74 0 39 74
1 88 1 51 88
8 83 8 38 83
25 87 25 43 87
16 68 16 43 68
11 63 11 38 63
21 62 21 51 62
24 83 24 34 83
10 77 10 34 77
27 79 27 49 79
17 82 17 40 82
23 61 23 39 61
2 85 2 30 85
23 84 23 37 84
20 85 20 37 85
5 63 5 39 63
1 63 1 30 31 63
4 81 4 34 81
26 75 26 57 75
10 70 10 33 70
7 79 7 36 79
13 88 13 31 49 88
14 66 14 34 66
23 82 23 35 82
15 65 15 39 65
14 63 14 38 63
11 73 11 56 73
23 80 23 35 80
6 88 6 41 88
13 89 13 39 89
9 74 9 39 74
22 85 22 46 85
25 70 25 31 70
13 72 13 42 72
6 65 6 34 65
20 83 20 31 83
18 63 18 42 63
28 65 28 34 65
25 76 25 57 76
27 76 27 41 76
29 73 29 56 73
16 88 16 52 88
12 60 12 42 60
10 88 10 33 88
1 89 1 32 89
19 77 19 54 77
23 69 23 37 69
1 79 1 30 79
17 73 17 42 60 73
2 66 2 49 66
8 88 8 41 88
17 65 17 34 65
0 80 0 35 80
20 85 20 37 85
19 78 19 40 78
29 73 29 56 73
20 80 20 40 80
27 66 27 37 66
24 84 24 34 78 84
1 70 1 30 70
14 80 14 40 80
7 63 7 42 63
20 80 20 40 80
27 85 27 37 85
8 75 8 38 75
9 78 9 40 78
14 61 14 42 61
29 63 29 48 63
1 71 1 32 71
26 70 26 39 70
4 63 4 42 63
17 83 17 34 83
11 71 11 35 71
13 61 13 31 61
9 66 9 33 66
12 66 12 47 66
15 64 15 44 64
28 66 28 34 66
7 71 7 35 71
11 73 11 56 73
4 76 4 55 76
0 88 0 41 88
28 88 28 48 88
24 84 24 34 78 84
16 84 16 34 78 84
3 88 3 33 88
16 87 16 30 87
15 84 15 51 84
10 66 10 33 66
14 80 14 40 80
6 72 6 38 72
9 68 9 38 68
1 65 1 30 65
26 89 26 39 89
13 65 13 30 65
4 64 4 56 64
5 72 5 7 35 72
3 73 3 49 73
23 67 23 35 49 67
19 72 19 42 72
10 64 10 18 32 64
21 64 21 32 64
20 83 20 31 83
20 88 20 33 88
22 75 22 35 75
23 81 23 37 81
14 70 14 43 70
5 65 5 34 65
14 81 14 34 81
13 79 13 30 79
17 84 17 51 84
2 85 2 30 85
6 81 6 34 81
15 75 15 38 75
25 69 25 43 69
23 88 23 52 88
24 87 24 36 87
26 67 26 41 58 67
1 63 1 30 31 63
27 89 27 35 89
13 61 13 31 61
14 82 14 40 82
19 87 19 42 87
4 74 4 34 65 74
6 64 6 13 56 64
5 77 5 34 77
18 85 18 37 85
18 81 18 34 81
5 80 5 39 80
1 73 1 44 73
19 80 19 40 80
0 77 0 35 77
25 69 25 43 69
11 80 11 30 80
23 68 23 35 68
7 77 7 35 77
25 70 25 31 70
4 61 4 42 61
21 61 21 51 61
6 87 6 8 37 87
15 80 15 39 80
6 71 6 51 71
27 78 27 41 78
2 71 2 32 71
10 80 10 50 80
27 64 27 35 64
10 84 10 49 84
29 75 29 35 75
10 73 10 49 73
21 71 21 32 71
16 79 16 30 79
22 62 22 38 62
21 79 21 32 79
23 66 23 37 66
25 71 25 40 71
3 82 3 40 82
25 73 25 31 73
23 64 23 35 64
6 79 6 50 79
0 67 0 2 32 67
17 61 17 42 61
28 74 28 39 74
18 72 18 37 72
15 62 15 38 62
11 61 11 41 61
29 83 29 36 83
8 65 8 39 65
16 75 16 30 75
14 73 14 42 60 73
7 75 7 35 75
28 69 28 37 69
19 70 19 33 70
17 73 17 42 60 73
21 67 21 32 67
17 73 17 42 60 73
10 69 10 43 69
12 89 12 44 89
23 66 23 37 66
0 66 0 40 66
17 74 17 53 74
10 61 10 43 61
12 71 12 57 71
10 64 10 18 32 64
24 69 24 42 69
10 71 10 18 32 71
29 70 29 35 70
27 80 27 35 80
12 75 12 42 75
3 78 3 34 78
1 71 1 32 71
14 88 14 52 88
21 80 21 51 80
24 72 24 35 72
5 61 5 39 61
6 64 6 13 56 64
26 69 26 39 69
0 73 0 56 73
28 61 28 39 61
2 64 2 32 64
22 73 22 44 73
0 73 0 56 73
6 74 6 41 74
16 85 16 30 85
1 69 1 30 69
4 69 4 42 69
11 71 11 35 71
19 87 19 42 87
8 66 8 37 66
26 77 26 34 77
28 71 28 37 71
2 83 2 38 83
15 60 15 39 60
4 77 4 34 77
21 76 21 55 76
23 60 23 39 60
28 66 28 34 66
25 74 25 53 74
10 66 10 33 66
22 76 22 44 76
13 67 13 31 49 67
13 79 13 30 79
5 70 5 39 70
23 82 23 35 82
18 81 18 34 81
9 84 9 37 84
29 72 29 35 72
28 61 28 39 61
22 75 22 35 75
23 82 23 35 82
22 69 22 43 69
29 62 29 36 62
3 68 3 43 68
27 63 27 39 63
16 88 16 52 88
12 64 12 44 64
26 81 26 34 81
4 62 4 51 62
9 78 9 40 78
6 83 6 34 83
1 67 1 32 67
17 62 17 51 62
24 75 24 35 75
20 78 20 31 78
14 76 14 24 47 76
28 87 28 37 87
24 69 24 42 69
15 83 15 38 83
3 73 3 49 73
20 64 20 40 64
8 63 8 38 63
11 82 11 35 82
23 88 23 52 88
11 71 11 35 71
6 88 6 41 88
11 60 11 36 60
6 86 6 34 86
3 66 3 33 66
18 83 18 33 83
8 60 8 39 60
8 68 8 38 68
10 78 10 34 78
21 71 21 32 71
7 64 7 35 64
7 79 7 36 79
29 66 29 37 66
19 69 19 42 69
13 62 13 39 62
28 88 28 48 88
26 67 26 41 58 67
19 65 19 46 65
0 67 0 2 32 67
17 89 17 51 89
21 84 21 51 84
29 68 29 35 68
0 86 0 35 86
1 81 1 30 81
23 66 23 37 66
2 78 2 41 78
21 85 21 51 85
7 64 7 35 64
0 85 0 41 85
28 83 28 34 83
17 61 17 42 61
20 87 20 37 87
2 72 2 35 72
8 74 8 39 74
15 77 15 51 77
20 79 20 31 79
3 86 3 34 86
29 69 29 37 69
18 62 18 36 62
23 70 23 35 70
19 86 19 44 86
14 85 14 53 85
23 76 23 25 57 76
15 81 15 41 81
16 74 16 47 74
1 73 1 44 73
1 76 1 30 76
25 66 25 33 66
6 84 6 51 84
24 70 24 35 70
8 64 8 12 44 64
24 80 24 35 80
26 63 26 39 63
19 72 19 42 72
27 75 27 35 75
8 60 8 39 60
23 68 23 35 68
27 77 27 35 77
22 65 22 46 65
14 85 14 53 85
1 83 1 44 83
10 66 10 33 66
29 82 29 35 82
23 64 23 35 64
0 64 0 35 64
27 81 27 37 81
3 78 3 34 78
21 87 21 57 87
22 64 22 35 64
7 78 7 41 78
11 75 11 30 75
5 80 5 39 80
27 72 27 35 72
23 83 23 25 31 83
16 82 16 40 82
26 62 26 39 62
25 74 25 53 74
1 79 1 30 79
19 82 19 40 82
29 81 29 36 81
24 89 24 35 89
20 76 20 41 76
15 63 15 38 63
21 71 21 32 71
10 89 10 48 89
0 78 0 40 78
8 78 8 41 78
24 62 24 36 62
8 74 8 39 74
5 60 5 39 60
16 70 16 30 70
28 69 28 37 69
24 78 24 34 78
3 69 3 43 69
29 68 29 35 68
22 60 22 49 60
27 65 27 39 65
22 71 22 35 71
25 75 25 51 75
11 76 11 30 76
9 87 9 37 87
25 69 25 43 69
29 82 29 35 82
5 66 5 34 66
14 72 14 38 72
24 63 24 42 63
24 72 24 35 72
2 79 2 30 79
1 61 1 51 61
0 66 0 40 66
26 61 26 39 61
13 71 13 31 37 71
1 70 1 30 70
15 70 15 39 70
19 85 19 46 85
17 75 17 42 75
27 70 27 35 70
18 85 18 37 85
6 62 6 38 62
0 88 0 41 88
16 75 16 30 75
1 69 1 30 69
26 64 26 57 64
18 77 18 34 77
23 83 23 25 31 83
22 80 22 35 80
19 79 19 32 79
22 85 22 46 85
10 86 10 34 86
12 75 12 42 75
29 60 29 36 60
25 64 25 40 64
10 84 10 49 84
7 61 7 41 61
7 82 7 35 82
13 70 13 30 70
3 88 3 33 88
6 87 6 8 37 87
18 67 18 32 67
24 83 24 34 83
3 72 3 33 66 72
8 69 8 37 69
3 75 3 46 75
3 78 3 34 78
22 62 22 38 62
8 60 8 39 60
0 72 0 35 72
16 79 16 30 79
7 61 7 41 61
21 60 21 55 60
1 76 1 30 76
5 64 5 32 64
18 72 18 37 72
10 68 10 43 68
2 86 2 35 86
14 84 14 34 78 84
1 60 1 55 60
19 72 19 42 72
11 89 11 35 89
16 80 16 30 80
8 80 8 39 80
20 71 20 37 71
5 84 5 57 84
11 69 11 30 69
22 74 22 44 74
16 89 16 36 89
15 71 15 45 71
2 85 2 30 85
8 81 8 37 81
0 68 0 35 68
20 77 20 31 77
22 63 22 38 63
12 65 12 47 65
12 72 12 42 72
20 87 20 37 87
23 78 23 25 31 78
10 79 10 49 79
21 62 21 51 62
5 60 5 39 60
3 76 3 40 64 76
6 69 6 51 69
9 76 9 47 76
15 69 15 39 69
20 60 20 49 60
29 69 29 37 69
17 79 17 51 79
2 68 2 35 68
27 78 27 41 78
20 65 20 41 65
24 81 24 34 81
13 63 13 31 63
20 81 20 37 81
7 62 7 36 62
15 86 15 44 86
24 82 24 35 82
15 63 15 38 63
8 84 8 37 84
28 63 28 38 63
27 63 27 39 63
3 61 3 43 61
2 62 2 38 62
7 70 7 35 70
22 64 22 35 64
18 83 18 33 83
11 70 11 30 70
23 65 23 39 65
6 63 6 38 63
26 60 26 39 60
27 71 27 35 71
14 67 14 54 67
4 73 4 56 73
8 71 8 37 71
14 72 14 38 72
19 71 19 32 71
17 83 17 34 83
29 79 29 36 79
27 68 27 35 68
22 72 22 35 72
21 73 21 56 73
25 76 25 57 76
27 83 27 35 55 83
14 84 14 34 78 84
7 80 7 35 80
3 69 3 43 69
1 88 1 51 88
2 66 2 49 66
4 82 4 42 82
9 73 9 56 73
19 64 19 32 64
18 85 18 37 85
0 65 0 36 65
5 64 5 32 64
21 78 21 34 78
7 66 7 45 66
27 62 27 39 62
1 71 1 32 71
5 75 5 32 75
7 77 7 35 77
21 67 21 32 67
22 71 22 35 71
8 77 8 54 77
12 72 12 42 72
4 61 4 42 61
26 64 26 57 64
22 64 22 35 64
28 82 28 37 82
10 66 10 33 66
16 82 16 40 82
16 73 16 36 60 73
17 87 17 42 87
17 71 17 40 71
21 68 21 57 68
3 69 3 43 69
4 87 4 42 87
18 74 18 47 74
21 62 21 51 62
7 77 7 35 77
11 80 11 30 80
1 63 1 30 31 63
23 80 23 35 80
10 74 10 48 74
0 71 0 35 71
22 76 22 44 76
19 62 19 46 62
12 74 12 44 74
21 79 21 32 79
15 62 15 38 62
5 87 5 57 87
19 79 19 32 79
8 76 8 41 76
3 86 3 34 86
15 77 15 51 77
16 64 16 40 64
20 68 20 31 68
3 81 3 34 81
12 87 12 42 87
17 82 17 40 82
12 70 12 47 70
18 73 18 49 73
26 85 26 41 85
4 66 4 33 66
5 65 5 34 65
1 60 1 55 60
11 83 11 36 83
9 88 9 33 88
4 61 4 42 61
5 66 5 34 66
28 75 28 38 75
29 77 29 35 77
22 70 22 33 70
14 67 14 54 67
23 74 23 39 74
25 80 25 40 80
5 69 5 39 69
21 86 21 34 86
3 66 3 33 66
15 66 15 45 66
4 65 4 34 65
26 74 26 39 74
6 79 6 50 79
1 72 1 44 72
17 86 17 34 86
22 84 22 49 84
11 76 11 30 76
3 68 3 43 68
10 84 10 49 84
18 85 18 37 85
10 73 10 49 73
7 64 7 35 64
16 83 16 34 83
11 75 11 30 75
21 82 21 51 82
25 80 25 40 80
23 76 23 25 57 76
29 76 29 48 76
25 79 25 31 79
12 79 12 50 79
25 72 25 28 37 72
17 65 17 34 65
29 74 29 48 74
23 76 23 25 57 76
15 88 15 41 88
12 77 12 57 77
20 78 20 31 78
26 85 26 41 85
24 68 24 35 68
14 82 14 40 82
3 64 3 40 64
28 73 28 39 60 73
19 81 19 45 81
15 78 15 41 78
17 82 17 40 82
8 70 8 39 70
15 66 15 45 66
19 82 19 40 82
6 82 6 51 82
2 66 2 49 66
27 84 27 37 84
4 66 4 33 66
8 79 8 54 79
17 85 17 51 85
1 71 1 32 71
6 65 6 34 65
15 81 15 41 81
11 61 11 41 61
28 88 28 48 88
16 83 16 34 83
24 81 24 34 81
1 64 1 32 64
29 81 29 36 81
9 86 9 15 44 86
28 68 28 38 68
10 62 10 43 62
20 76 20 41 76
11 64 11 35 64
12 74 12 44 74
9 70 9 33 70
19 88 19 33 88
29 81 29 36 81
28 83 28 34 83
18 69 18 37 69
1 82 1 51 82
0 81 0 36 81
25 80 25 40 80
2 63 2 38 63
16 73 16 36 60 73
14 63 14 38 63
20 61 20 31 61
12 76 12 44 76
16 79 16 30 79
9 78 9 40 78
18 64 18 32 64
24 70 24 35 70
19 84 19 40 78 84
21 66 21 34 66
24 66 24 34 66
22 60 22 49 60
1 79 1 30 79
15 66 15 45 66
22 84 22 49 84
18 82 18 37 82
19 83 19 33 83
12 68 12 42 68
26 88 26 41 88
22 63 22 38 63
15 79 15 51 79
22 85 22 46 85
12 68 12 42 68
6 64 6 13 56 64
25 63 25 31 63
18 67 18 32 67
22 79 22 49 79
6 89 6 38 89
22 75 22 35 75
9 77 9 54 77
9 86 9 15 44 86
25 88 25 33 88
9 70 9 33 70
10 68 10 43 68
5 80 5 39 80
9 85 9 37 85
16 76 16 30 76
1 63 1 30 31 63
26 79 26 55 79
28 68 28 38 68
29 67 29 35 49 67
17 82 17 40 82
0 60 0 36 60
23 79 23 25 31 79
4 70 4 33 70
13 69 13 30 69
8 89 8 38 89
20 60 20 49 60
14 69 14 42 69
10 79 10 49 79
2 79 2 30 79
25 88 25 33 88
22 78 22 45 78
28 70 28 39 70
23 64 23 35 64
20 78 20 31 78
14 81 14 34 81
24 72 24 35 72
15 66 15 45 66
1 63 1 30 31 63
7 88 7 41 88
11 89 11 35 89
14 79 14 53 79
18 86 18 34 86
4 85 4 51 85
9 71 9 37 71
17 81 17 34 81
9 68 9 38 68
20 72 20 37 72
11 78 11 41 78
1 84 1 51 84
16 72 16 50 72
18 71 18 32 71
28 66 28 34 66
0 65 0 36 65
23 73 23 25 31 73
22 89 22 35 89
4 65 4 34 65
5 69 5 39 69
12 67 12 18 32 67
9 72 9 37 72
4 63 4 42 63
15 80 15 39 80
3 84 3 49 84
9 81 9 37 81
7 82 7 35 82
12 66 12 47 66
25 86 25 52 86
24 77 24 34 77
3 70 3 33 70
7 76 7 41 76
18 80 18 36 80
15 81 15 41 81
12 85 12 18 37 85
19 73 19 44 73
27 84 27 37 84
20 87 20 37 87
29 89 29 35 89
19 62 19 46 62
9 65 9 39 65
17 68 17 42 68
0 70 0 35 70
8 87 8 37 87
18 68 18 42 68
17 74 17 53 74
4 84 4 51 84
18 81 18 34 81
27 77 27 35 77
24 66 24 34 66
6 86 6 34 86
5 69 5 39 69
0 84 0 56 84
20 85 20 37 85
29 87 29 36 87
23 60 23 39 60
25 69 25 43 69
21 77 21 34 77
9 87 9 37 87
3 61 3 43 61
21 76 21 55 76
4 78 4 34 78
26 85 26 41 85
15 61 15 39 61
9 73 9 56 73
20 73 20 31 73
11 70 11 30 70
27 88 27 41 88
14 62 14 38 62
7 71 7 35 71
12 64 12 44 64
18 67 18 32 67
7 87 7 36 87
5 79 5 32 79
29 69 29 37 69
0 83 0 36 83
4 72 4 42 72
27 60 27 39 60
21 68 21 57 68
20 77 20 31 77
1 84 1 51 84
2 82 2 35 82
20 87 20 37 87
14 60 14 42 60
16 70 16 30 70
28 89 28 38 89
5 81 5 34 81
1 63 1 30 31 63
19 72 19 42 72
1 80 1 30 80
28 83 28 34 83
1 77 1 51 77
2 83 2 38 83
22 65 22 46 65
12 77 12 57 77
28 82 28 37 82
3 60 3 36 60
9 88 9 33 88
11 62 11 36 62
0 63 0 39 63
29 85 29 37 85
13 68 13 31 68
27 60 27 39 60
1 74 1 44 74
3 68 3 43 68
7 71 7 35 71
24 76 24 47 76
28 74 28 39 74
16 79 16 30 79
25 74 25 53 74
3 86 3 34 86
12 82 12 42 82
21 63 21 56 63
1 64 1 32 64
16 82 16 40 82
15 78 15 41 78
29 74 29 48 74
27 87 27 37 87
5 67 5 32 67
11 89 11 35 89
16 64 16 40 64
8 72 8 37 72
23 86 23 35 86
14 76 14 24 47 76
28 76 28 47 76
27 83 27 35 55 83
20 73 20 31 73
8 74 8 39 74
6 69 6 51 69
22 88 22 33 88
13 67 13 31 49 67
1 85 1 30 85
13 72 13 42 72
28 86 28 34 86
24 61 24 42 61
16 68 16 43 68
29 62 29 36 62
16 71 16 40 71
13 74 13 39 74
28 82 28 37 82
6 79 6 50 79
22 72 22 35 72
22 87 22 43 87
15 74 15 39 74
26 72 26 41 72
27 71 27 35 71
9 60 9 39 60
18 84 18 37 84
17 78 17 34 78
10 62 10 43 62
22 65 22 46 65
8 71 8 37 71
17 73 17 42 60 73
3 80 3 36 80
4 61 4 42 61
10 77 10 34 77
21 89 21 32 89
26 79 26 55 79
21 67 21 32 67
22 79 22 49 79
24 83 24 34 83
4 64 4 56 64
6 63 6 38 63
1 71 1 32 71
26 77 26 34 77
14 65 14 34 65
24 79 24 36 79
23 78 23 25 31 78
21 65 21 34 65
24 76 24 47 76
2 78 2 41 78
2 61 2 39 61
13 78 13 31 78
18 61 18 42 61
27 76 27 41 76
26 79 26 55 79
23 64 23 35 64
15 65 15 39 65
3 87 3 36 87
6 77 6 34 77
21 89 21 32 89
2 84 2 49 84
18 66 18 33 66
13 85 13 30 85
9 85 9 37 85
20 72 20 37 72
8 84 8 37 84
12 69 12 42 69
23 81 23 37 81
19 73 19 44 73
6 80 6 47 80
6 75 6 38 75
10 70 10 33 70
5 74 5 39 74
10 61 10 43 61
7 83 7 36 83
26 68 26 41 68
13 61 13 31 61
27 60 27 39 60
5 66 5 34 66
8 72 8 37 72
27 61 27 39 61
8 78 8 41 78
14 84 14 34 78 84
21 65 21 34 65
23 70 23 35 70
27 73 27 49 73
26 76 26 41 76
3 73 3 49 73
15 66 15 45 66
26 67 26 41 58 67
17 77 17 34 77
18 65 18 34 65
21 80 21 51 80
13 84 13 56 84
5 65 5 34 65
14 62 14 38 62
17 60 17 42 60
10 89 10 48 89
16 67 16 30 31 49 67
26 63 26 39 63
26 80 26 39 80
3 62 3 36 62
11 60 11 36 60
11 73 11 56 73
9 72 9 37 72
24 88 24 35 49 88
11 69 11 30 69
1 89 1 32 89
23 77 23 35 77
16 84 16 34 78 84
29 81 29 36 81
13 80 13 30 80
11 79 11 30 79
11 88 11 41 88
3 73 3 49 73
3 61 3 43 61
4 62 4 51 62
27 66 27 37 66
4 83 4 33 83
10 80 10 50 80
14 68 14 38 68
28 66 28 34 66
24 70 24 35 70
14 82 14 40 82
9 64 9 40 64
29 89 29 35 89
7 69 7 42 69
8 60 8 39 60
16 72 16 50 72
18 73 18 49 73
5 80 5 39 80
2 81 2 30 81
8 73 8 39 60 73
3 84 3 49 84
25 74 25 53 74
20 72 20 37 72
7 61 7 41 61
19 68 19 42 68
27 87 27 37 87
2 73 2 44 73
8 75 8 38 75
26 84 26 57 84
3 74 3 46 74
1 70 1 30 70
22 80 22 35 80
6 76 6 41 76
1 69 1 30 69
16 66 16 34 66
14 83 14 34 83
1 89 1 32 89
2 71 2 32 71
12 75 12 42 75
18 87 18 36 87
16 69 16 30 69
7 60 7 36 60
10 83 10 33 83
24 62 24 36 62
20 71 20 37 71
15 75 15 38 75
29 63 29 48 63
9 74 9 39 74
11 61 11 41 61
16 75 16 30 75
17 82 17 40 82
10 88 10 33 88
25 83 25 31 83
26 84 26 57 84
8 86 8 12 44 86
15 63 15 38 63
21 71 21 32 71
21 69 21 51 69
29 67 29 35 49 67
23 69 23 37 69
1 71 1 32 71
11 83 11 36 83
25 79 25 31 79
2 76 2 30 76
25 87 25 43 87
22 63 22 38 63
27 68 27 35 68
2 89 2 32 89
9 87 9 37 87
11 77 11 35 77
17 86 17 34 86
10 71 10 18 32 71
14 84 14 34 78 84
16 79 16 30 79
2 61 2 39 61
27 66 27 37 66
3 65 3 34 65
21 76 21 55 76
5 74 5 39 74
5 77 5 34 77
29 84 29 37 84
6 61 6 41 61
6 72 6 38 72
20 75 20 49 75
3 80 3 36 80
21 66 21 34 66
10 67 10 49 67
13 78 13 31 78
12 60 12 42 60
5 71 5 32 71
17 75 17 42 75
9 82 9 37 82
13 63 13 31 63
17 87 17 42 87
16 77 16 34 77
9 75 9 38 75
0 89 0 35 89
6 74 6 41 74
15 81 15 41 81
25 89 25 51 89
5 79 5 32 79
14 77 14 34 77
21 74 21 29 48 74
17 66 17 34 66
29 88 29 48 88
9 66 9 33 66
9 83 9 33 83
4 63 4 42 63
8 85 8 37 85
1 61 1 51 61
28 67 28 37 58 67
21 79 21 32 79
22 77 22 35 77
0 73 0 56 73
7 70 7 35 70
23 88 23 52 88
1 88 1 51 88
22 60 22 49 60
29 78 29 48 78
10 64 10 18 32 64
26 61 26 39 61
7 70 7 35 70
12 83 12 44 83
0 80 0 35 80
11 60 11 36 60
25 86 25 52 86
22 67 22 49 67
16 65 16 30 65
22 65 22 46 65
15 79 15 51 79
8 69 8 37 69
12 73 12 44 73
0 75 0 35 75
19 83 19 33 83
1 83 1 44 83
25 77 25 31 77
1 79 1 30 79
1 74 1 44 74
5 76 5 57 76
10 66 10 33 66
12 75 12 42 75
13 77 13 31 77
28 71 28 37 71
5 61 5 39 61
3 70 3 33 70
28 67 28 37 58 67
14 68 14 38 68
9 77 9 54 77
6 69 6 51 69
15 66 15 45 66
12 66 12 47 66
13 60 13 39 60
0 76 0 41 76
20 83 20 31 83
19 69 19 42 69
13 66 13 47 66
8 89 8 38 89
0 61 0 39 61
2 86 2 35 86
12 81 12 47 81
6 80 6 47 80
18 63 18 42 63
25 78 25 31 78
23 65 23 39 65
15 64 15 44 64
22 88 22 33 88
11 73 11 56 73
17 70 17 29 35 70
10 86 10 34 86
20 67 20 49 67
29 78 29 48 78
18 73 18 49 73
27 67 27 49 67
26 74 26 39 74
6 79 6 50 79
19 61 19 42 61
20 70 20 31 70
1 83 1 44 83
13 81 13 30 81
12 82 12 42 82
10 80 10 50 80
12 65 12 47 65
28 64 28 57 64
28 84 28 37 84
9 62 9 38 62
26 70 26 39 70
0 81 0 36 81
3 65 3 34 65
13 64 13 56 64
13 81 13 30 81
7 85 7 41 85
6 81 6 34 81
6 73 6 13 31 73
7 67 7 58 67
12 67 12 18 32 67
10 82 10 43 82
20 65 20 41 65
15 87 15 43 87
27 65 27 39 65
26 63 26 39 63
10 75 10 49 75
13 77 13 31 77
23 68 23 35 68
7 84 7 41 78 84
16 82 16 40 82
19 61 19 42 61
28 68 28 38 68
0 72 0 35 72
16 67 16 30 31 49 67
14 60 14 42 60
23 89 23 35 89
21 77 21 34 77
2 76 2 30 76
23 87 23 37 87
29 88 29 48 88
26 72 26 41 72
15 81 15 41 81
21 62 21 51 62
3 74 3 46 74
8 83 8 38 83
14 65 14 34 65
7 74 7 41 74
9 67 9 54 67
6 79 6 50 79
4 66 4 33 66
2 66 2 49 66
5 61 5 39 61
29 72 29 35 72
10 74 10 48 74
23 74 23 39 74
9 63 9 38 63
16 80 16 30 80
16 61 16 43 61
18 65 18 34 65
2 89 2 32 89
19 61 19 42 61
29 83 29 36 83
28 85 28 37 85
1 63 1 30 31 63
27 70 27 35 70
23 68 23 35 68
2 68 2 35 68
7 85 7 41 85
23 73 23 25 31 73
5 77 5 34 77
22 66 22 33 66
12 84 12 57 84
24 76 24 47 76
0 76 0 41 76
22 76 22 44 76
13 89 13 39 89
3 77 3 34 77
7 64 7 35 64
5 69 5 39 69
13 78 13 31 78
23 87 23 37 87
28 83 28 34 83
16 67 16 30 31 49 67
15 72 15 38 72
21 76 21 55 76
7 81 7 36 81
23 78 23 25 31 78
12 82 12 42 82
26 66 26 34 66
24 86 24 34 86
9 88 9 33 88
27 77 27 35 77
28 82 28 37 82
10 86 10 34 86
10 61 10 43 61
21 73 21 56 73
26 82 26 39 82
27 89 27 35 89
13 70 13 30 70
5 66 5 34 66
25 66 25 33 66
12 89 12 44 89
6 72 6 38 72
27 60 27 39 60
21 87 21 57 87
28 69 28 37 69
14 64 14 40 64
23 66 23 37 66
25 77 25 31 77
0 69 0 39 69
20 81 20 37 81
29 66 29 37 66
10 64 10 18 32 64
8 75 8 38 75
10 78 10 34 78
13 61 13 31 61
9 74 9 39 74
24 73 24 58 73
3 88 3 33 88
22 77 22 35 77
19 75 19 32 75
23 68 23 35 68
15 83 15 38 83
16 65 16 30 65
5 67 5 32 67
13 76 13 30 76
27 83 27 35 55 83
12 78 12 42 78
12 66 12 47 66
1 76 1 30 76
11 64 11 35 64
6 78 6 34 78
13 77 13 31 77
23 88 23 52 88
20 68 20 31 68
8 64 8 12 44 64
2 62 2 38 62
15 71 15 45 71
11 78 11 41 78
4 82 4 42 82
18 63 18 42 63
14 89 14 38 89
1 72 1 44 72
24 72 24 35 72
23 72 23 35 72
11 86 11 35 86
8 67 8 54 67
14 89 14 38 89
12 84 12 57 84
3 68 3 43 68
18 78 18 34 78
12 84 12 57 84
23 71 23 35 71
13 77 13 31 77
6 73 6 13 31 73
3 73 3 49 73
27 82 27 35 82
25 79 25 31 79
28 76 28 47 76
3 64 3 40 64
13 89 13 39 89
3 71 3 40 71
20 78 20 31 78
22 87 22 43 87
12 76 12 44 76
5 65 5 34 65
28 71 28 37 71
9 73 9 56 73
7 83 7 36 83
27 87 27 37 87
9 82 9 37 82
16 79 16 30 79
8 88 8 41 88
5 81 5 34 81
25 66 25 33 66
15 84 15 51 84
11 60 11 36 60
6 60 6 8 39 60
20 87 20 37 87
6 60 6 8 39 60
14 67 14 54 67
0 69 0 39 69
27 82 27 35 82
28 77 28 34 77
29 62 29 36 62
28 70 28 39 70
23 70 23 35 70
25 77 25 31 77
27 76 27 41 76
6 62 6 38 62
24 71 24 35 71
25 71 25 40 71
22 61 22 43 61
18 70 18 33 70
2 85 2 30 85
24 86 24 34 86
17 83 17 34 83
26 65 26 34 65
14 69 14 42 69
16 60 16 36 60
15 61 15 39 61
10 72 10 50 72
20 82 20 31 82
13 80 13 30 80
11 60 11 36 60
26 67 26 41 58 67
29 70 29 35 70
4 71 4 45 71
21 62 21 51 62
22 75 22 35 75
12 71 12 57 71
10 62 10 43 62
7 80 7 35 80
28 78 28 34 78
22 88 22 33 88
28 65 28 34 65
13 88 13 31 49 88
19 75 19 32 75
4 66 4 33 66
27 71 27 35 71
25 84 25 51 84
26 60 26 39 60
9 75 9 38 75
22 69 22 43 69
17 69 17 42 69
3 60 3 36 60
15 78 15 41 78
19 64 19 32 64
3 85 3 46 85
20 85 20 37 85
27 72 27 35 72
3 63 3 20 31 63
2 79 2 30 79
11 71 11 35 71
6 69 6 51 69
19 82 19 40 82
7 85 7 41 85
10 69 10 43 69
7 88 7 41 88
21 87 21 57 87
26 79 26 55 79
16 80 16 30 80
9 84 9 37 84
15 72 15 38 72
6 86 6 34 86
28 83 28 34 83
16 65 16 30 65
13 60 13 39 60
14 88 14 52 88
5 81 5 34 81
1 69 1 30 69
28 70 28 39 70
8 79 8 54 79
9 80 9 39 80
22 84 22 49 84
9 63 9 38 63
14 77 14 34 77
23 83 23 25 31 83
19 64 19 32 64
25 82 25 31 82
3 84 3 49 84
7 79 7 36 79
10 74 10 48 74
19 75 19 32 75
13 62 13 39 62
16 66 16 34 66
11 81 11 30 81
21 75 21 32 75
15 82 15 39 82
14 84 14 34 78 84
26 86 26 34 86
19 61 19 42 61
15 79 15 51 79
5 60 5 39 60
6 89 6 38 89
18 70 18 33 70
10 89 10 48 89
10 81 10 34 81
20 87 20 37 87
20 81 20 37 81
22 84 22 49 84
13 86 13 31 49 86
1 79 1 30 79
23 81 23 37 81
18 67 18 32 67
13 88 13 31 49 88
18 87 18 36 87
14 77 14 34 77
21 65 21 34 65
28 81 28 34 81
11 85 11 30 85
3 76 3 40 64 76
5 68 5 57 68
26 64 26 57 64
28 61 28 39 61
6 89 6 38 89
28 67 28 37 58 67
3 74 3 46 74
27 83 27 35 55 83
11 81 11 30 81
23 66 23 37 66
14 71 14 40 71
9 72 9 37 72
23 75 23 35 75
7 83 7 36 83
26 66 26 34 66
21 81 21 34 81
12 66 12 47 66
8 74 8 39 74
15 60 15 39 60
9 74 9 39 74
15 86 15 44 86
4 83 4 33 83
13 63 13 31 63
0 80 0 35 80
19 66 19 33 66
7 72 7 35 72
7 71 7 35 71
21 84 21 51 84
15 66 15 45 66
25 88 25 33 88
11 84 11 37 84
1 85 1 30 85
19 64 19 32 64
0 83 0 36 83
9 82 9 37 82
20 77 20 31 77
8 66 8 37 66
20 81 20 37 81
27 62 27 39 62
6 60 6 8 39 60
20 76 20 41 76
14 81 14 34 81
4 89 4 45 89
24 68 24 35 68
19 79 19 32 79
16 71 16 40 71
13 74 13 39 74
23 86 23 35 86
3 80 3 36 80
14 86 14 34 86
2 68 2 35 68
11 71 11 35 71
25 71 25 40 71
17 85 17 51 85
7 65 7 36 65
5 63 5 39 63
28 77 28 34 77
3 81 3 34 81
21 79 21 32 79
18 66 18 33 66
9 61 9 39 61
20 88 20 33 88
23 62 23 39 62
18 71 18 32 71
28 81 28 34 81
0 78 0 40 78
2 73 2 44 73
21 60 21 55 60
10 68 10 43 68
17 71 17 40 71
2 75 2 30 75
23 88 23 52 88
29 83 29 36 83
16 72 16 50 72
23 87 23 37 87
1 81 1 30 81
1 79 1 30 79
22 69 22 43 69
2 76 2 30 76
21 88 21 51 88
19 70 19 33 70
29 80 29 35 80
14 69 14 42 69
2 66 2 49 66
12 60 12 42 60
10 81 10 34 81
1 79 1 30 79
4 69 4 42 69
12 86 12 44 86
8 60 8 39 60
3 72 3 33 66 72
11 61 11 41 61
26 62 26 39 62
22 74 22 44 74
1 88 1 51 88
10 83 10 33 83
27 62 27 39 62
7 83 7 36 83
10 79 10 49 79
24 87 24 36 87
20 67 20 49 67
4 81 4 34 81
15 79 15 51 79
22 83 22 33 83
10 84 10 49 84
26 69 26 39 69
24 61 24 42 61
29 82 29 35 82
4 75 4 42 75
23 64 23 35 64
22 62 22 38 62
3 88 3 33 88
29 77 29 35 77
6 70 6 41 70
8 62 8 38 62
11 71 11 35 71
5 77 5 34 77
24 71 24 35 71
15 89 15 38 89
2 69 2 30 69
8 74 8 39 74
7 67 7 58 67
15 83 15 38 83
11 65 11 30 65
14 87 14 42 87
15 64 15 44 64
28 87 28 37 87
23 84 23 37 84
13 63 13 31 63
18 68 18 42 68
26 78 26 34 78
8 71 8 37 71
18 79 18 32 79
17 72 17 42 72
7 78 7 41 78
8 85 8 37 85
14 66 14 34 66
23 63 23 39 63
8 62 8 38 62
20 85 20 37 85
26 85 26 41 85
7 84 7 41 78 84
28 76 28 47 76
29 70 29 35 70
25 80 25 40 80
29 77 29 35 77
14 74 14 53 74
4 89 4 45 89
24 74 24 47 74
20 65 20 41 65
5 86 5 34 86
9 72 9 37 72
9 76 9 47 76
21 81 21 34 81
21 66 21 34 66
27 63 27 39 63
20 76 20 41 76
6 86 6 34 86
27 78 27 41 78
13 68 13 31 68
17 82 17 40 82
6 78 6 34 78
4 64 4 56 64
4 80 4 42 80
7 85 7 41 85
11 69 11 30 69
22 71 22 35 71
21 76 21 55 76
20 87 20 37 87
6 74 6 41 74
2 75 2 30 75
25 78 25 31 78
5 71 5 32 71
11 66 11 37 66
0 86 0 35 86
19 83 19 33 83
15 85 15 41 85
3 69 3 43 69
9 65 9 39 65
15 64 15 44 64
19 65 19 46 65
16 62 16 36 62
5 80 5 39 80
5 75 5 32 75
12 83 12 44 83
2 89 2 32 89
6 61 6 41 61
10 80 10 50 80
3 71 3 40 71
25 83 25 31 83
13 74 13 39 74
25 81 25 57 81
19 72 19 42 72
6 85 6 41 85
10 84 10 49 84
25 65 25 51 65
29 67 29 35 49 67
5 62 5 39 62
1 79 1 30 79
4 81 4 34 81
16 89 16 36 89
29 81 29 36 81
14 79 14 53 79
27 68 27 35 68
0 80 0 35 80
29 63 29 48 63
9 60 9 39 60
2 89 2 32 89
7 60 7 36 60
27 81 27 37 81
29 61 29 43 61
27 76 27 41 76
2 82 2 35 82
2 75 2 30 75
10 70 10 33 70
9 63 9 38 63
20 65 20 41 65
6 87 6 8 37 87
23 61 23 39 61
20 62 20 41 62
4 63 4 42 63
11 63 11 38 63
22 88 22 33 88
29 64 29 35 64
19 79 19 32 79
8 70 8 39 70
7 82 7 35 82
17 60 17 42 60
0 69 0 39 69
20 63 20 31 63
1 69 1 30 69
16 86 16 34 86
12 62 12 50 62
13 72 13 42 72
7 61 7 41 61
2 62 2 38 62
21 87 21 57 87
21 74 21 29 48 74
19 71 19 32 71
12 77 12 57 77
4 71 4 45 71
26 78 26 34 78
11 64 11 35 64
15 81 15 41 81
29 77 29 35 77
3 73 3 49 73
4 78 4 34 78
19 75 19 32 75
0 77 0 35 77
4 66 4 33 66
15 88 15 41 88
3 86 3 34 86
6 69 6 51 69
29 79 29 36 79
15 70 15 39 70
1 82 1 51 82
5 72 5 7 35 72
1 62 1 50 62
4 79 4 51 79
16 62 16 36 62
9 66 9 33 66
24 60 24 36 60
19 74 19 44 74
26 66 26 34 66
8 72 8 37 72
17 76 17 55 76
2 79 2 30 79
1 62 1 50 62
20 86 20 49 86
25 84 25 51 84
2 60 2 39 60
3 75 3 46 75
3 66 3 33 66
10 83 10 33 83
0 64 0 35 64
1 81 1 30 81
0 79 0 36 79
29 77 29 35 77
29 88 29 48 88
24 82 24 35 82
22 69 22 43 69
13 86 13 31 49 86
20 81 20 37 81
19 67 19 32 67
5 65 5 34 65
20 89 20 57 89
19 89 19 32 89
23 64 23 35 64
26 79 26 55 79
10 76 10 48 76
9 73 9 56 73
14 78 14 34 78
28 77 28 34 77
20 64 20 40 64
18 81 18 34 81
9 63 9 38 63
13 72 13 42 72
7 60 7 36 60
15 75 15 38 75
22 84 22 49 84
16 65 16 30 65
4 80 4 42 80
14 69 14 42 69
26 85 26 41 85
5 62 5 39 62
13 85 13 30 85
5 66 5 34 66
26 71 26 57 71
10 68 10 43 68
10 84 10 49 84
1 82 1 51 82
5 67 5 32 67
6 64 6 13 56 64
17 63 17 42 63
24 63 24 42 63
22 76 22 44 76
12 65 12 47 65
25 66 25 33 66
11 77 11 35 77
0 89 0 35 89
12 62 12 50 62
27 81 27 37 81
25 85 25 51 85
23 74 23 39 74
27 62 27 39 62
1 62 1 50 62
20 67 20 49 67
10 75 10 49 75
19 82 19 40 82
0 60 0 36 60
3 65 3 34 65
28 61 28 39 61
2 71 2 32 71
13 75 13 30 75
3 82 3 40 82
28 67 28 37 58 67
1 82 1 51 82
0 60 0 36 60
10 60 10 49 60
24 89 24 35 89
15 73 15 44 73
6 74 6 41 74
22 68 22 35 68
13 74 13 39 74
17 76 17 55 76
17 75 17 42 75
17 82 17 40 82
0 69 0 39 69
21 70 21 57 70
21 69 21 51 69
13 82 13 31 82
8 75 8 38 75
17 61 17 42 61
11 63 11 38 63
17 88 17 51 88
15 60 15 39 60
15 85 15 41 85
11 65 11 30 65
5 77 5 34 77
26 74 26 39 74
16 83 16 34 83
20 82 20 31 82
10 84 10 49 84
26 60 26 39 60
13 83 13 31 83
4 76 4 55 76
2 64 2 32 64
13 72 13 42 72
25 81 25 57 81
13 86 13 31 49 86
5 84 5 57 84
18 60 18 36 60
19 82 19 40 82
7 79 7 36 79
3 77 3 34 77
17 85 17 51 85
9 76 9 47 76
1 79 1 30 79
20 67 20 49 67
7 76 7 41 76
25 70 25 31 70
12 61 12 42 61
28 74 28 39 74
18 78 18 34 78
29 77 29 35 77
6 74 6 41 74
27 74 27 39 74
25 83 25 31 83
17 85 17 51 85
13 85 13 30 85
14 66 14 34 66
6 64 6 13 56 64
13 75 13 30 75
16 75 16 30 75
8 74 8 39 74
22 74 22 44 74
18 68 18 42 68
15 83 15 38 83
27 75 27 35 75
0 81 0 36 81
28 62 28 38 62
11 81 11 30 81
1 85 1 30 85
0 70 0 35 70
13 70 13 30 70
9 81 9 37 81
23 81 23 37 81
28 64 28 57 64
13 78 13 31 78
10 66 10 33 66
27 78 27 41 78
26 63 26 39 63
7 82 7 35 82
25 70 25 31 70
13 85 13 30 85
28 79 28 53 79
13 70 13 30 70
8 89 8 38 89
19 72 19 42 72
23 79 23 25 31 79
22 82 22 35 82
7 71 7 35 71
29 69 29 37 69
7 87 7 36 87
29 83 29 36 83
16 79 16 30 79
2 87 2 30 87
4 75 4 42 75
21 83 21 34 83
23 74 23 39 74
0 65 0 36 65
29 70 29 35 70
26 61 26 39 61
25 72 25 28 37 72
7 86 7 35 86
5 62 5 39 62
22 73 22 44 73
20 88 20 33 88
16 68 16 43 68
27 89 27 35 89
27 75 27 35 75
19 78 19 40 78
12 73 12 44 73
20 77 20 31 77
22 79 22 49 79
9 74 9 39 74
13 74 13 39 74
1 88 1 51 88
7 71 7 35 71
3 68 3 43 68
5 62 5 39 62
25 68 25 31 68
20 70 20 31 70
14 69 14 42 69
13 86 13 31 49 86
23 80 23 35 80
5 60 5 39 60
21 71 21 32 71
8 81 8 37 81
13 67 13 31 49 67
27 72 27 35 72
8 76 8 41 76
6 75 6 38 75
21 73 21 56 73
17 81 17 34 81
2 65 2 30 65
1 73 1 44 73
1 82 1 51 82
26 84 26 57 84
10 75 10 49 75
10 87 10 43 87
26 89 26 39 89
1 79 1 30 79
16 89 16 36 89
20 84 20 37 84
0 73 0 56 73
19 74 19 44 74
5 74 5 39 74
21 89 21 32 89
27 70 27 35 70
1 62 1 50 62
4 89 4 45 89
19 81 19 45 81
21 71 21 32 71
22 75 22 35 75
22 79 22 49 79
29 63 29 48 63
6 83 6 34 83
7 88 7 41 88
5 78 5 34 78
9 65 9 39 65
19 67 19 32 67
22 64 22 35 64
8 82 8 37 82
19 77 19 54 77
22 60 22 49 60
29 67 29 35 49 67
16 61 16 43 61
16 74 16 47 74
20 63 20 31 63
27 74 27 39 74
14 86 14 34 86
18 83 18 33 83
21 86 21 34 86
22 73 22 44 73
16 68 16 43 68
20 88 20 33 88
14 74 14 53 74
19 81 19 45 81
28 73 28 39 60 73
12 68 12 42 68
24 67 24 58 67
4 86 4 34 86
16 76 16 30 76
16 74 16 47 74
22 86 22 35 86
5 89 5 32 89
5 83 5 34 83
20 61 20 31 61
13 67 13 31 49 67
22 81 22 45 81
12 82 12 42 82
24 80 24 35 80
26 78 26 34 78
25 64 25 40 64
28 79 28 53 79
29 88 29 48 88
18 61 18 42 61
20 82 20 31 82
17 79 17 51 79
16 89 16 36 89
27 60 27 39 60
16 67 16 30 31 49 67
18 62 18 36 62
5 88 5 52 88
8 73 8 39 60 73
20 65 20 41 65
23 72 23 35 72
26 61 26 39 61
4 83 4 33 83
12 86 12 44 86
4 67 4 54 67
16 76 16 30 76
23 86 23 35 86
4 69 4 42 69
3 76 3 40 64 76
14 88 14 52 88
0 76 0 41 76
13 60 13 39 60
5 85 5 7 41 85
15 73 15 44 73
12 73 12 44 73
16 60 16 36 60
3 82 3 40 82
27 88 27 41 88
16 65 16 30 65
9 63 9 38 63
19 64 19 32 64
16 77 16 34 77
22 79 22 49 79
19 65 19 46 65
6 70 6 41 70
4 77 4 34 77
26 89 26 39 89
27 68 27 35 68
4 80 4 42 80
8 60 8 39 60
11 86 11 35 86
9 69 9 37 69
13 61 13 31 61
16 77 16 34 77
6 63 6 38 63
15 81 15 41 81
3 80 3 36 80
23 72 23 35 72
18 64 18 32 64
4 70 4 33 70
0 81 0 36 81
11 78 11 41 78
23 72 23 35 72
22 65 22 46 65
14 75 14 38 75
26 68 26 41 68
6 77 6 34 77
7 77 7 35 77
9 80 9 39 80
3 69 3 43 69
10 81 10 34 81
26 64 26 57 64
1 87 1 30 87
6 60 6 8 39 60
19 75 19 32 75
26 62 26 39 62
17 85 17 51 85
0 63 0 39 63
4 66 4 33 66
13 80 13 30 80
25 72 25 28 37 72
2 81 2 30 81
20 64 20 40 64
28 77 28 34 77
10 79 10 49 79
17 84 17 51 84
24 66 24 34 66
26 60 26 39 60
21 74 21 29 48 74
0 72 0 35 72
23 83 23 25 31 83
28 88 28 48 88
15 87 15 43 87
15 62 15 38 62
27 87 27 37 87
18 80 18 36 80
5 62 5 39 62
26 66 26 34 66
21 70 21 57 70
29 87 29 36 87
21 78 21 34 78
15 81 15 41 81
2 85 2 30 85
29 71 29 35 71
6 62 6 38 62
15 74 15 39 74
9 68 9 38 68
24 77 24 34 77
5 61 5 39 61
29 77 29 35 77
9 85 9 37 85
3 73 3 49 73
21 85 21 51 85
21 64 21 32 64
10 76 10 48 76
28 74 28 39 74
16 80 16 30 80
4 80 4 42 80
4 77 4 34 77
7 88 7 41 88
18 65 18 34 65
8 62 8 38 62
13 72 13 42 72
22 71 22 35 71
9 77 9 54 77
17 68 17 42 68
12 77 12 57 77
21 61 21 51 61
5 79 5 32 79
26 86 26 34 86
5 68 5 57 68
25 81 25 57 81
11 71 11 35 71
16 83 16 34 83
16 67 16 30 31 49 67
11 89 11 35 89
10 65 10 34 65
21 84 21 51 84
6 84 6 51 84
4 68 4 42 68
4 61 4 42 61
26 72 26 41 72
24 65 24 34 65
20 82 20 31 82
24 69 24 42 69
24 61 24 42 61
16 84 16 34 78 84
2 88 2 41 88
16 66 16 34 66
21 62 21 51 62
28 76 28 47 76
1 68 1 30 31 68
9 70 9 33 70
12 67 12 18 32 67
18 60 18 36 60
1 71 1 32 71
7 74 7 41 74
19 89 19 32 89
4 81 4 34 81
25 68 25 31 68
8 77 8 54 77
17 86 17 34 86
26 62 26 39 62
16 72 16 50 72
4 86 4 34 86
20 73 20 31 73
14 62 14 38 62
16 76 16 30 76
20 71 20 37 71
0 69 0 39 69
13 68 13 31 68
18 63 18 42 63
5 86 5 34 86
20 61 20 31 61
10 77 10 34 77
19 82 19 40 82
25 74 25 53 74
14 65 14 34 65
22 79 22 49 79
21 63 21 56 63
16 65 16 30 65
15 70 15 39 70
25 74 25 53 74
9 71 9 37 71
0 76 0 41 76
27 87 27 37 87
4 87 4 42 87
14 71 14 40 71
23 72 23 35 72
23 70 23 35 70
26 69 26 39 69
22 79 22 49 79
1 78 1 51 78
25 86 25 52 86
29 61 29 43 61
0 81 0 36 81
27 61 27 39 61
26 63 26 39 63
11 62 11 36 62
13 64 13 56 64
23 64 23 35 64
26 72 26 41 72
3 64 3 40 64
6 86 6 34 86
27 62 27 39 62
16 78 16 34 78
6 64 6 13 56 64
17 79 17 51 79
8 86 8 12 44 86
2 75 2 30 75
10 88 10 33 88
12 75 12 42 75
25 77 25 31 77
27 61 27 39 61
0 63 0 39 63
6 84 6 51 84
7 86 7 35 86
13 80 13 30 80
5 85 5 7 41 85
5 65 5 34 65
16 87 16 30 87
24 83 24 34 83
13 89 13 39 89
23 70 23 35 70
24 83 24 34 83
10 88 10 33 88
16 66 16 34 66
3 62 3 36 62
16 70 16 30 70
11 81 11 30 81
12 79 12 50 79
18 63 18 42 63
8 71 8 37 71
17 65 17 34 65
2 79 2 30 79
19 79 19 32 79
6 83 6 34 83
3 61 3 43 61
13 76 13 30 76
7 74 7 41 74
4 81 4 34 81
6 84 6 51 84
9 69 9 37 69
4 67 4 54 67
23 83 23 25 31 83
13 68 13 31 68
22 84 22 49 84
28 63 28 38 63
18 63 18 42 63
1 63 1 30 31 63
22 88 22 33 88
1 69 1 30 69
10 80 10 50 80
21 89 21 32 89
25 79 25 31 79
13 80 13 30 80
19 61 19 42 61
5 67 5 32 67
13 62 13 39 62
22 71 22 35 71
5 88 5 52 88
14 68 14 38 68
23 87 23 37 87
17 62 17 51 62
21 87 21 57 87
16 61 16 43 61
29 83 29 36 83
21 72 21 55 72
9 79 9 50 79
14 78 14 34 78
20 73 20 31 73
16 85 16 30 85
2 88 2 41 88
5 61 5 39 61
15 70 15 39 70
12 87 12 42 87
15 70 15 39 70
5 85 5 7 41 85
17 63 17 42 63
20 80 20 40 80
19 66 19 33 66
20 74 20 41 74
16 82 16 40 82
18 67 18 32 67
24 73 24 58 73
26 78 26 34 78
20 82 20 31 82
18 74 18 47 74
6 61 6 41 61
1 76 1 30 76
27 65 27 39 65
14 67 14 54 67
13 66 13 47 66
29 72 29 35 72
15 66 15 45 66
14 68 14 38 68
7 62 7 36 62
3 88 3 33 88
16 85 16 30 85
17 68 17 42 68
23 72 23 35 72
14 80 14 40 80
1 79 1 30 79
10 88 10 33 88
10 88 10 33 88
0 87 0 36 87
16 70 16 30 70
22 86 22 35 86
19 79 19 32 79
29 66 29 37 66
17 60 17 42 60
7 60 7 36 60
25 84 25 51 84
7 86 7 35 86
2 66 2 49 66
1 62 1 50 62
18 60 18 36 60
4 70 4 33 70
17 65 17 34 65
19 88 19 33 88
19 62 19 46 62
28 83 28 34 83
2 85 2 30 85
14 70 14 43 70
24 80 24 35 80
6 64 6 13 56 64
10 71 10 18 32 71
19 84 19 40 78 84
7 77 7 35 77
3 61 3 43 61
12 78 12 42 78
22 61 22 43 61
27 62 27 39 62
13 85 13 30 85
26 74 26 39 74
24 69 24 42 69
20 86 20 49 86
29 73 29 56 73
1 75 1 30 75
20 73 20 31 73
11 81 11 30 81
23 87 23 37 87
28 70 28 39 70
8 67 8 54 67
9 76 9 47 76
2 64 2 32 64
23 85 23 37 85
19 89 19 32 89
25 75 25 51 75
18 87 18 36 87
10 65 10 34 65
16 89 16 36 89
17 86 17 34 86
1 85 1 30 85
10 71 10 18 32 71
14 62 14 38 62
6 78 6 34 78
24 81 24 34 81
5 85 5 7 41 85
8 64 8 12 44 64
11 85 11 30 85
23 67 23 35 49 67
2 74 2 39 74
7 65 7 36 65
13 62 13 39 62
19 66 19 33 66
1 82 1 51 82
3 83 3 33 83
28 71 28 37 71
8 88 8 41 88
12 76 12 44 76
29 66 29 37 66
12 88 12 57 88
5 62 5 39 62
9 70 9 33 70
23 73 23 25 31 73
0 88 0 41 88
26 89 26 39 89
24 65 24 34 65
17 73 17 42 60 73
13 84 13 56 84
19 67 19 32 67
1 85 1 30 85
6 72 6 38 72
16 70 16 30 70
20 87 20 37 87
10 69 10 43 69
27 64 27 35 64
28 65 28 34 65
22 82 22 35 82
17 79 17 51 79
7 60 7 36 60
26 88 26 41 88
1 67 1 32 67
26 88 26 41 88
21 61 21 51 61
6 88 6 41 88
1 77 1 51 77
22 78 22 45 78
12 75 12 42 75
14 85 14 53 85
14 89 14 38 89
8 73 8 39 60 73
17 68 17 42 68
0 84 0 56 84
0 60 0 36 60
26 85 26 41 85
13 86 13 31 49 86
4 72 4 42 72
15 78 15 41 78
7 74 7 41 74
1 70 1 30 70
0 71 0 35 71
7 88 7 41 88
27 76 27 41 76
11 64 11 35 64
5 74 5 39 74
26 68 26 41 68
25 62 25 43 62
4 63 4 42 63
24 65 24 34 65
28 69 28 37 69
6 68 6 38 68
15 60 15 39 60
4 71 4 45 71
17 69 17 42 69
14 73 14 42 60 73
20 81 20 37 81
23 67 23 35 49 67
4 77 4 34 77
17 61 17 42 61
8 85 8 37 85
14 77 14 34 77
4 88 4 33 88
1 77 1 51 77
12 78 12 42 78
9 66 9 33 66
25 79 25 31 79
11 77 11 35 77
2 79 2 30 79
16 74 16 47 74
3 85 3 46 85
28 67 28 37 58 67
21 84 21 51 84
5 73 5 7 58 73
22 74 22 44 74
23 66 23 37 66
19 89 19 32 89
10 67 10 49 67
24 81 24 34 81
4 69 4 42 69
0 66 0 40 66
13 76 13 30 76
19 64 19 32 64
13 78 13 31 78
28 69 28 37 69
7 77 7 35 77
1 65 1 30 65
6 85 6 41 85
28 87 28 37 87
25 67 25 31 49 67
26 69 26 39 69
10 61 10 43 61
16 86 16 34 86
13 64 13 56 64
22 78 22 45 78
12 81 12 47 81
19 80 19 40 80
4 60 4 42 60
14 76 14 24 47 76
20 89 20 57 89
13 88 13 31 49 88
4 74 4 34 65 74
9 61 9 39 61
0 64 0 35 64
16 73 16 36 60 73
15 87 15 43 87
7 66 7 45 66
23 84 23 37 84
17 73 17 42 60 73
18 70 18 33 70
15 64 15 44 64
24 66 24 34 66
9 67 9 54 67
22 76 22 44 76
6 83 6 34 83
1 71 1 32 71
26 80 26 39 80
27 83 27 35 55 83
1 78 1 51 78
12 77 12 57 77
9 64 9 40 64
7 62 7 36 62
5 67 5 32 67
16 78 16 34 78
18 80 18 36 80
10 77 10 34 77
27 79 27 49 79
5 70 5 39 70
9 70 9 33 70
18 78 18 34 78
13 65 13 30 65
21 71 21 32 71
26 79 26 55 79
27 62 27 39 62
24 62 24 36 62
13 76 13 30 76
18 74 18 47 74
16 81 16 30 81
12 89 12 44 89
16 69 16 30 69
8 68 8 38 68
1 65 1 30 65
0 81 0 36 81
16 84 16 34 78 84
18 86 18 34 86
21 74 21 29 48 74
8 71 8 37 71
22 69 22 43 69
20 80 20 40 80
1 80 1 30 80
8 72 8 37 72
21 88 21 51 88
6 78 6 34 78
15 79 15 51 79
21 70 21 57 70
17 75 17 42 75
13 68 13 31 68
14 70 14 43 70
18 63 18 42 63
14 61 14 42 61
13 78 13 31 78
1 65 1 30 65
10 86 10 34 86
14 80 14 40 80
2 85 2 30 85
3 81 3 34 81
21 62 21 51 62
20 61 20 31 61
9 77 9 54 77
29 84 29 37 84
12 88 12 57 88
15 75 15 38 75
18 64 18 32 64
5 87 5 57 87
29 70 29 35 70
23 69 23 37 69
28 61 28 39 61
16 80 16 30 80
27 74 27 39 74
9 63 9 38 63
15 66 15 45 66
23 87 23 37 87
26 66 26 34 66
27 73 27 49 73
25 89 25 51 89
0 73 0 56 73
0 60 0 36 60
4 61 4 42 61
27 77 27 35 77
6 75 6 38 75
28 63 28 38 63
26 76 26 41 76
3 76 3 40 64 76
21 65 21 34 65
8 87 8 37 87
18 68 18 42 68
4 89 4 45 89
3 71 3 40 71
6 88 6 41 88
6 73 6 13 31 73
27 71 27 35 71
12 89 12 44 89
29 88 29 48 88
25 68 25 31 68
26 68 26 41 68
27 76 27 41 76
24 66 24 34 66
20 87 20 37 87
3 63 3 20 31 63
13 88 13 31 49 88
3 78 3 34 78
22 67 22 49 67
28 62 28 38 62
12 67 12 18 32 67
24 86 24 34 86
3 85 3 46 85
6 83 6 34 83
28 76 28 47 76
11 80 11 30 80
0 76 0 41 76
5 66 5 34 66
20 64 20 40 64
25 78 25 31 78
15 70 15 39 70
0 84 0 56 84
25 78 25 31 78
3 76 3 40 64 76
16 80 16 30 80
23 82 23 35 82
9 76 9 47 76
4 80 4 42 80
0 72 0 35 72
12 86 12 44 86
3 61 3 43 61
22 88 22 33 88
27 79 27 49 79
23 84 23 37 84
9 61 9 39 61
26 67 26 41 58 67
12 83 12 44 83
17 86 17 34 86
11 86 11 35 86
10 65 10 34 65
4 75 4 42 75
16 75 16 30 75
12 82 12 42 82
21 81 21 34 81
2 79 2 30 79
2 63 2 38 63
14 85 14 53 85
7 77 7 35 77
6 83 6 34 83
12 74 12 44 74
16 89 16 36 89
27 72 27 35 72
15 87 15 43 87
5 69 5 39 69
4 81 4 34 81
17 86 17 34 86
14 72 14 38 72
10 68 10 43 68
19 62 19 46 62
3 87 3 36 87
29 60 29 36 60
9 82 9 37 82
23 74 23 39 74
28 88 28 48 88
6 69 6 51 69
26 83 26 34 83
17 73 17 42 60 73
7 83 7 36 83
11 82 11 35 82
19 78 19 40 78
6 70 6 41 70
5 79 5 32 79
12 82 12 42 82
18 60 18 36 60
10 71 10 18 32 71
14 88 14 52 88
10 70 10 33 70
17 64 17 40 64
19 62 19 46 62
6 87 6 8 37 87
26 64 26 57 64
19 75 19 32 75
20 79 20 31 79
3 61 3 43 61
25 88 25 33 88
4 84 4 51 84
7 66 7 45 66
13 86 13 31 49 86
7 60 7 36 60
17 73 17 42 60 73
6 79 6 50 79
3 78 3 34 78
15 65 15 39 65
22 80 22 35 80
0 66 0 40 66
10 80 10 50 80
12 70 12 47 70
24 75 24 35 75
16 66 16 34 66
24 67 24 58 67
21 83 21 34 83
14 61 14 42 61
19 63 19 42 63
12 71 12 57 71
20 75 20 49 75
6 61 6 41 61
13 66 13 47 66
27 74 27 39 74
18 86 18 34 86
14 70 14 43 70
1 60 1 55 60
0 76 0 41 76
23 70 23 35 70
28 82 28 37 82
1 75 1 30 75
19 87 19 42 87
16 74 16 47 74
6 78 6 34 78
10 60 10 49 60
23 83 23 25 31 83
27 87 27 37 87
22 80 22 35 80
12 61 12 42 61
3 87 3 36 87
24 61 24 42 61
7 74 7 41 74
12 85 12 18 37 85
3 80 3 36 80
2 83 2 38 83
6 84 6 51 84
3 62 3 36 62
20 67 20 49 67
27 80 27 35 80
14 84 14 34 78 84
0 82 0 35 82
0 68 0 35 68
10 84 10 49 84
21 60 21 55 60
4 84 4 51 84
8 71 8 37 71
9 65 9 39 65
4 62 4 51 62
0 66 0 40 66
22 88 22 33 88
13 66 13 47 66
18 77 18 34 77
25 75 25 51 75
9 85 9 37 85
19 65 19 46 65
23 67 23 35 49 67
25 74 25 53 74
24 83 24 34 83
9 73 9 56 73
6 84 6 51 84
12 74 12 44 74
4 60 4 42 60
28 78 28 34 78
4 80 4 42 80
4 68 4 42 68
28 72 28 37 72
11 89 11 35 89
23 65 23 39 65
22 77 22 35 77
1 70 1 30 70
15 60 15 39 60
11 66 11 37 66
11 80 11 30 80
19 73 19 44 73
14 72 14 38 72
11 60 11 36 60
2 85 2 30 85
7 86 7 35 86
29 72 29 35 72
29 72 29 35 72
25 72 25 28 37 72
3 75 3 46 75
7 73 7 58 73
26 80 26 39 80
8 85 8 37 85
23 64 23 35 64
19 66 19 33 66
6 64 6 13 56 64
17 68 17 42 68
22 76 22 44 76
13 73 13 31 73
27 76 27 41 76
29 78 29 48 78
0 63 0 39 63
5 84 5 57 84
2 86 2 35 86
16 80 16 30 80
20 74 20 41 74
29 76 29 48 76
16 77 16 34 77
23 69 23 37 69
9 81 9 37 81
8 68 8 38 68
20 87 20 37 87
3 72 3 33 66 72
13 66 13 47 66
17 77 17 34 77
29 81 29 36 81
19 77 19 54 77
12 86 12 44 86
14 60 14 42 60
3 72 3 33 66 72
12 78 12 42 78
10 86 10 34 86
28 86 28 34 86
16 70 16 30 70
11 60 11 36 60
23 74 23 39 74
23 60 23 39 60
5 70 5 39 70
26 60 26 39 60
23 74 23 39 74
12 81 12 47 81
1 60 1 55 60
14 78 14 34 78
3 82 3 40 82
15 87 15 43 87
17 69 17 42 69
11 66 11 37 66
21 76 21 55 76
18 70 18 33 70
17 70 17 29 35 70
24 68 24 35 68
3 80 3 36 80
1 73 1 44 73
0 66 0 40 66
4 74 4 34 65 74
7 61 7 41 61
25 61 25 31 61
7 86 7 35 86
20 89 20 57 89
28 86 28 34 86
14 88 14 52 88
16 65 16 30 65
9 86 9 15 44 86
19 79 19 32 79
16 77 16 34 77
20 76 20 41 76
8 75 8 38 75
18 74 18 47 74
3 64 3 40 64
1 70 1 30 70
3 60 3 36 60
1 70 1 30 70
8 63 8 38 63
6 63 6 38 63
19 67 19 32 67
27 74 27 39 74
9 81 9 37 81
28 68 28 38 68
20 73 20 31 73
27 63 27 39 63
27 76 27 41 76
24 61 24 42 61
29 73 29 56 73
0 89 0 35 89
20 62 20 41 62
11 60 11 36 60
20 60 20 49 60
15 75 15 38 75
17 80 17 40 80
23 67 23 35 49 67
29 80 29 35 80
9 72 9 37 72
4 75 4 42 75
1 80 1 30 80
17 66 17 34 66
0 82 0 35 82
10 85 10 53 85
29 81 29 36 81
24 78 24 34 78
1 84 1 51 84
24 63 24 42 63
7 65 7 36 65
15 84 15 51 84
6 87 6 8 37 87
6 76 6 41 76
20 81 20 37 81
4 81 4 34 81
7 74 7 41 74
25 73 25 31 73
13 75 13 30 75
22 61 22 43 61
7 73 7 58 73
7 68 7 35 68
1 69 1 30 69
15 74 15 39 74
21 74 21 29 48 74
16 89 16 36 89
17 73 17 42 60 73
16 71 16 40 71
15 64 15 44 64
8 89 8 38 89
2 67 2 32 67
9 79 9 50 79
16 65 16 30 65
11 62 11 36 62
12 85 12 18 37 85
23 86 23 35 86
22 87 22 43 87
27 79 27 49 79
12 79 12 50 79
23 67 23 35 49 67
12 78 12 42 78
21 61 21 51 61
11 70 11 30 70
27 83 27 35 55 83
0 88 0 41 88
2 66 2 49 66
19 65 19 46 65
13 77 13 31 77
27 70 27 35 70
2 64 2 32 64
17 83 17 34 83
8 89 8 38 89
0 78 0 40 78
16 70 16 30 70
3 82 3 40 82
20 89 20 57 89
26 89 26 39 89
1 83 1 44 83
5 61 5 39 61
27 65 27 39 65
1 66 1 50 66
14 86 14 34 86
19 77 19 54 77
8 68 8 38 68
13 89 13 39 89
8 71 8 37 71
24 72 24 35 72
26 72 26 41 72
24 75 24 35 75
16 76 16 30 76
5 85 5 7 41 85
14 78 14 34 78
18 88 18 33 88
27 72 27 35 72
3 67 3 49 67
10 60 10 49 60
11 64 11 35 64
12 70 12 47 70
29 75 29 35 75
28 69 28 37 69
28 71 28 37 71
14 66 14 34 66
20 60 20 49 60
12 82 12 42 82
16 67 16 30 31 49 67
22 60 22 49 60
19 70 19 33 70
3 62 3 36 62
10 77 10 34 77
24 86 24 34 86
14 83 14 34 83
20 72 20 37 72
11 71 11 35 71
22 84 22 49 84
29 80 29 35 80
9 77 9 54 77
22 83 22 33 83
5 84 5 57 84
24 81 24 34 81
25 73 25 31 73
4 75 4 42 75
3 82 3 40 82
4 86 4 34 86
16 71 16 40 71
0 86 0 35 86
27 84 27 37 84
4 82 4 42 82
0 63 0 39 63
18 77 18 34 77
14 86 14 34 86
22 80 22 35 80
20 76 20 41 76
7 64 7 35 64
18 71 18 32 71
29 82 29 35 82
7 71 7 35 71
6 71 6 51 71
3 67 3 49 67
28 73 28 39 60 73
11 65 11 30 65
26 68 26 41 68
14 60 14 42 60
11 63 11 38 63
20 66 20 33 66
23 86 23 35 86
2 78 2 41 78
28 61 28 39 61
5 85 5 7 41 85
0 79 0 36 79
27 77 27 35 77
18 86 18 34 86
12 84 12 57 84
27 83 27 35 55 83
10 72 10 50 72
4 64 4 56 64
15 80 15 39 80
18 82 18 37 82
27 75 27 35 75
19 75 19 32 75
21 75 21 32 75
27 89 27 35 89
25 72 25 28 37 72
6 67 6 8 54 67
9 66 9 33 66
23 76 23 25 57 76
25 74 25 53 74
10 88 10 33 88
25 65 25 51 65
8 60 8 39 60
15 67 15 38 58 67
8 68 8 38 68
3 86 3 34 86
18 76 18 47 76
1 89 1 32 89
5 60 5 39 60
23 61 23 39 61
0 71 0 35 71
11 82 11 35 82
1 76 1 30 76
8 63 8 38 63
13 81 13 30 81
24 69 24 42 69
23 60 23 39 60
1 82 1 51 82
17 60 17 42 60
7 75 7 35 75
10 88 10 33 88
10 78 10 34 78
26 67 26 41 58 67
8 76 8 41 76
20 84 20 37 84
5 71 5 32 71
15 79 15 51 79
18 89 18 32 89
0 76 0 41 76
2 65 2 30 65
21 61 21 51 61
10 81 10 34 81
5 61 5 39 61
7 82 7 35 82
20 71 20 37 71
1 63 1 30 31 63
9 79 9 50 79
12 71 12 57 71
5 87 5 57 87
15 66 15 45 66
19 75 19 32 75
12 86 12 44 86
22 83 22 33 83
17 83 17 34 83
12 76 12 44 76
9 69 9 37 69
5 73 5 7 58 73
22 74 22 44 74
10 77 10 34 77
19 70 19 33 70
26 81 26 34 81
15 61 15 39 61
1 66 1 50 66
12 83 12 44 83
22 60 22 49 60
3 69 3 43 69
8 68 8 38 68
11 73 11 56 73
2 62 2 38 62
9 69 9 37 69
6 65 6 34 65
12 79 12 50 79
1 81 1 30 81
12 71 12 57 71
20 79 20 31 79
14 83 14 34 83
22 81 22 45 81
11 86 11 35 86
6 60 6 8 39 60
20 65 20 41 65
3 85 3 46 85
27 71 27 35 71
29 60 29 36 60
1 71 1 32 71
19 89 19 32 89
29 84 29 37 84
1 70 1 30 70
15 64 15 44 64
9 62 9 38 62
8 70 8 39 70
15 64 15 44 64
1 84 1 51 84
12 76 12 44 76
11 75 11 30 75
8 60 8 39 60
3 79 3 36 79
15 81 15 41 81
25 72 25 28 37 72
24 66 24 34 66
8 60 8 39 60
15 82 15 39 82
9 78 9 40 78
15 74 15 39 74
17 76 17 55 76
6 83 6 34 83
4 62 4 51 62
8 60 8 39 60
17 68 17 42 68
5 75 5 32 75
9 61 9 39 61
6 87 6 8 37 87
20 60 20 49 60
22 73 22 44 73
17 70 17 29 35 70
15 74 15 39 74
1 74 1 44 74
28 74 28 39 74
11 70 11 30 70
0 63 0 39 63
5 61 5 39 61
1 78 1 51 78
22 73 22 44 73
15 82 15 39 82
27 68 27 35 68
18 81 18 34 81
24 64 24 35 64
5 69 5 39 69
6 64 6 13 56 64
18 63 18 42 63
11 65 11 30 65
23 85 23 37 85
17 62 17 51 62
15 70 15 39 70
12 85 12 18 37 85
24 78 24 34 78
11 79 11 30 79
4 74 4 34 65 74
8 85 8 37 85
17 65 17 34 65
15 84 15 51 84
7 72 7 35 72
19 88 19 33 88
27 75 27 35 75
8 77 8 54 77
0 62 0 36 62
4 82 4 42 82
9 60 9 39 60
23 89 23 35 89
13 87 13 30 87
15 61 15 39 61
19 87 19 42 87
7 79 7 36 79
27 67 27 49 67
27 77 27 35 77
4 73 4 56 73
20 65 20 41 65
3 84 3 49 84
12 63 12 42 63
2 81 2 30 81
28 74 28 39 74
4 62 4 51 62
0 75 0 35 75
8 87 8 37 87
4 62 4 51 62
23 68 23 35 68
24 84 24 34 78 84
7 87 7 36 87
27 65 27 39 65
15 75 15 38 75
2 70 2 30 70
27 66 27 37 66
5 85 5 7 41 85
19 80 19 40 80
23 77 23 35 77
27 83 27 35 55 83
1 63 1 30 31 63
11 77 11 35 77
28 74 28 39 74
4 64 4 56 64
8 85 8 37 85
24 71 24 35 71
11 77 11 35 77
12 72 12 42 72
3 86 3 34 86
13 86 13 31 49 86
6 78 6 34 78
6 88 6 41 88
7 86 7 35 86
2 64 2 32 64
18 74 18 47 74
12 77 12 57 77
21 87 21 57 87
29 74 29 48 74
14 85 14 53 85
11 66 11 37 66
12 70 12 47 70
18 81 18 34 81
28 60 28 39 60
3 81 3 34 81
26 81 26 34 81
19 63 19 42 63
3 89 3 36 89
20 63 20 31 63
29 85 29 37 85
29 77 29 35 77
0 61 0 39 61
9 88 9 33 88
9 81 9 37 81
6 67 6 8 54 67
11 74 11 41 74
21 85 21 51 85
18 87 18 36 87
8 80 8 39 80
10 88 10 33 88
26 63 26 39 63
8 85 8 37 85
7 88 7 41 88
14 62 14 38 62
1 66 1 50 66
18 83 18 33 83
23 77 23 35 77
18 87 18 36 87
9 72 9 37 72
25 64 25 40 64
10 64 10 18 32 64
29 88 29 48 88
10 81 10 34 81
10 85 10 53 85
2 70 2 30 70
16 69 16 30 69
9 85 9 37 85
10 79 10 49 79
16 74 16 47 74
12 60 12 42 60
24 88 24 35 49 88
17 79 17 51 79
4 75 4 42 75
6 69 6 51 69
27 73 27 49 73
1 73 1 44 73
10 73 10 49 73
20 83 20 31 83
15 82 15 39 82
21 72 21 55 72
23 87 23 37 87
19 69 19 42 69
13 73 13 31 73
5 63 5 39 63
24 83 24 34 83
20 78 20 31 78
27 83 27 35 55 83
10 80 10 50 80
9 77 9 54 77
7 77 7 35 77
8 71 8 37 71
0 75 0 35 75
4 72 4 42 72
4 67 4 54 67
15 67 15 38 58 67
14 78 14 34 78
19 65 19 46 65
20 61 20 31 61
24 85 24 55 85
3 83 3 33 83
26 81 26 34 81
11 65 11 30 65
12 87 12 42 87
6 84 6 51 84
1 61 1 51 61
8 82 8 37 82
14 81 14 34 81
17 85 17 51 85
25 77 25 31 77
27 64 27 35 64
24 89 24 35 89
20 87 20 37 87
19 60 19 42 60
7 72 7 35 72
21 64 21 32 64
29 68 29 35 68
11 79 11 30 79
27 66 27 37 66
26 60 26 39 60
27 82 27 35 82
5 63 5 39 63
14 74 14 53 74
18 70 18 33 70
25 72 25 28 37 72
17 71 17 40 71
26 85 26 41 85
1 88 1 51 88
3 67 3 49 67
29 87 29 36 87
11 61 11 41 61
1 78 1 51 78
5 83 5 34 83
7 85 7 41 85
0 75 0 35 75
5 81 5 34 81
6 88 6 41 88
0 79 0 36 79
4 69 4 42 69
19 79 19 32 79
26 63 26 39 63
4 67 4 54 67
12 63 12 42 63
21 76 21 55 76
0 76 0 41 76
3 65 3 34 65
7 65 7 36 65
5 68 5 57 68
23 77 23 35 77
24 65 24 34 65
28 69 28 37 69
24 61 24 42 61
14 87 14 42 87
9 87 9 37 87
24 69 24 42 69
25 62 25 43 62
15 82 15 39 82
10 89 10 48 89
4 89 4 45 89
8 82 8 37 82
1 65 1 30 65
9 60 9 39 60
19 76 19 44 76
23 68 23 35 68
3 71 3 40 71
6 83 6 34 83
8 75 8 38 75
13 78 13 31 78
21 70 21 57 70
26 65 26 34 65
1 62 1 50 62
26 69 26 39 69
15 73 15 44 73
0 68 0 35 68
29 64 29 35 64
26 70 26 39 70
23 62 23 39 62
2 65 2 30 65
7 83 7 36 83
23 66 23 37 66
18 84 18 37 84
28 72 28 37 72
23 70 23 35 70
4 75 4 42 75
17 80 17 40 80
3 61 3 43 61
25 66 25 33 66
17 75 17 42 75
28 83 28 34 83
27 67 27 49 67
29 84 29 37 84
15 62 15 38 62
0 76 0 41 76
3 79 3 36 79
23 83 23 25 31 83
19 67 19 32 67
6 74 6 41 74
1 85 1 30 85
4 69 4 42 69
10 79 10 49 79
4 75 4 42 75
9 81 9 37 81
10 79 10 49 79
5 76 5 57 76
12 67 12 18 32 67
4 79 4 51 79
15 68 15 38 68
0 72 0 35 72
6 84 6 51 84
0 61 0 39 61
23 71 23 35 71
20 84 20 37 84
16 85 16 30 85
19 75 19 32 75
15 70 15 39 70
9 86 9 15 44 86
23 70 23 35 70
17 60 17 42 60
12 63 12 42 63
8 83 8 38 83
17 71 17 40 71
0 63 0 39 63
14 68 14 38 68
28 87 28 37 87
27 76 27 41 76
25 84 25 51 84
16 71 16 40 71
26 78 26 34 78
16 76 16 30 76
27 89 27 35 89
16 86 16 34 86
4 83 4 33 83
15 87 15 43 87
9 76 9 47 76
14 76 14 24 47 76
22 69 22 43 69
17 83 17 34 83
28 67 28 37 58 67
10 89 10 48 89
10 65 10 34 65
15 63 15 38 63
27 80 27 35 80
8 65 8 39 65
6 80 6 47 80
18 64 18 32 64
0 77 0 35 77
12 64 12 44 64
20 64 20 40 64
17 86 17 34 86
5 87 5 57 87
7 76 7 41 76
21 78 21 34 78
20 76 20 41 76
8 71 8 37 71
28 69 28 37 69
27 69 27 37 69
26 84 26 57 84
19 60 19 42 60
27 67 27 49 67
6 64 6 13 56 64
3 83 3 33 83
17 84 17 51 84
25 89 25 51 89
5 80 5 39 80
28 71 28 37 71
12 73 12 44 73
0 67 0 2 32 67
6 76 6 41 76
22 85 22 46 85
11 75 11 30 75
15 69 15 39 69
3 69 3 43 69
10 84 10 49 84
8 60 8 39 60
24 73 24 58 73
7 88 7 41 88
5 75 5 32 75
23 66 23 37 66
18 76 18 47 76
22 88 22 33 88
28 83 28 34 83
6 83 6 34 83
11 71 11 35 71
24 71 24 35 71
28 67 28 37 58 67
25 76 25 57 76
2 66 2 49 66
3 62 3 36 62
15 60 15 39 60
23 84 23 37 84
5 60 5 39 60
15 89 15 38 89
29 68 29 35 68
8 74 8 39 74
23 72 23 35 72
13 78 13 31 78
22 67 22 49 67
21 63 21 56 63
7 86 7 35 86
6 83 6 34 83
13 62 13 39 62
0 68 0 35 68
9 86 9 15 44 86
26 64 26 57 64
17 83 17 34 83
29 85 29 37 85
6 65 6 34 65
14 69 14 42 69
1 75 1 30 75
10 71 10 18 32 71
1 87 1 30 87
28 81 28 34 81
4 88 4 33 88
18 72 18 37 72
14 77 14 34 77
9 68 9 38 68
3 85 3 46 85
8 81 8 37 81
14 84 14 34 78 84
11 85 11 30 85
16 66 16 34 66
20 73 20 31 73
18 69 18 37 69
10 66 10 33 66
20 81 20 37 81
21 88 21 51 88
23 83 23 25 31 83
14 86 14 34 86
20 80 20 40 80
24 78 24 34 78
22 60 22 49 60
18 67 18 32 67
16 89 16 36 89
2 76 2 30 76
7 70 7 35 70
13 75 13 30 75
23 73 23 25 31 73
13 64 13 56 64
5 87 5 57 87
7 84 7 41 78 84
22 84 22 49 84
14 76 14 24 47 76
0 82 0 35 82
21 61 21 51 61
9 63 9 38 63
18 75 18 32 75
15 68 15 38 68
11 64 11 35 64
8 87 8 37 87
24 79 24 36 79
28 75 28 38 75
18 63 18 42 63
0 71 0 35 71
2 85 2 30 85
18 62 18 36 62
24 79 24 36 79
28 70 28 39 70
28 88 28 48 88
23 63 23 39 63
4 70 4 33 70
16 85 16 30 85
11 75 11 30 75
21 65 21 34 65
13 88 13 31 49 88
1 75 1 30 75
28 71 28 37 71
13 85 13 30 85
24 72 24 35 72
26 87 26 57 87
7 75 7 35 75
10 62 10 43 62
29 60 29 36 60
27 70 27 35 70
8 71 8 37 71
19 81 19 45 81
13 89 13 39 89
17 85 17 51 85
9 79 9 50 79
24 72 24 35 72
29 68 29 35 68
11 71 11 35 71
2 67 2 32 67
21 65 21 34 65
9 60 9 39 60
7 65 7 36 65
11 74 11 41 74
19 69 19 42 69
19 61 19 42 61
21 68 21 57 68
1 60 1 55 60
15 79 15 51 79
5 88 5 52 88
12 80 12 42 80
22 69 22 43 69
9 62 9 38 62
6 85 6 41 85
12 76 12 44 76
11 72 11 35 72
0 67 0 2 32 67
18 74 18 47 74
13 77 13 31 77
15 82 15 39 82
26 60 26 39 60
3 67 3 49 67
21 64 21 32 64
10 75 10 49 75
26 75 26 57 75
10 76 10 48 76
26 70 26 39 70
8 83 8 38 83
5 72 5 7 35 72
15 69 15 39 69
10 83 10 33 83
3 75 3 46 75
20 76 20 41 76
15 78 15 41 78
0 73 0 56 73
4 79 4 51 79
23 85 23 37 85
1 76 1 30 76
8 74 8 39 74
9 72 9 37 72
12 82 12 42 82
8 83 8 38 83
15 76 15 41 76
23 88 23 52 88
26 85 26 41 85
4 80 4 42 80
14 82 14 40 82
26 78 26 34 78
4 75 4 42 75
17 63 17 42 63
0 61 0 39 61
6 80 6 47 80
22 80 22 35 80
11 75 11 30 75
11 80 11 30 80
24 67 24 58 67
20 83 20 31 83
3 79 3 36 79
26 65 26 34 65
7 78 7 41 78
3 74 3 46 74
8 78 8 41 78
9 74 9 39 74
11 87 11 30 87
26 74 26 39 74
11 66 11 37 66
0 76 0 41 76
29 64 29 35 64
14 74 14 53 74
13 82 13 31 82
11 77 11 35 77
8 86 8 12 44 86
17 86 17 34 86
22 87 22 43 87
13 61 13 31 61
6 70 6 41 70
10 84 10 49 84
25 60 25 52 60
21 83 21 34 83
15 66 15 45 66
5 68 5 57 68
29 79 29 36 79
9 63 9 38 63
6 64 6 13 56 64
7 89 7 35 89
21 78 21 34 78
0 88 0 41 88
24 81 24 34 81
7 71 7 35 71
25 72 25 28 37 72
21 65 21 34 65
26 73 26 39 60 73
26 67 26 41 58 67
24 79 24 36 79
14 60 14 42 60
16 70 16 30 70
1 82 1 51 82
20 65 20 41 65
0 60 0 36 60
16 60 16 36 60
20 68 20 31 68
16 71 16 40 71
24 63 24 42 63
7 79 7 36 79
16 87 16 30 87
7 63 7 42 63
20 62 20 41 62
16 77 16 34 77
12 81 12 47 81
25 67 25 31 49 67
3 62 3 36 62
21 87 21 57 87
15 65 15 39 65
12 64 12 44 64
0 89 0 35 89
14 66 14 34 66
25 73 25 31 73
16 60 16 36 60
1 78 1 51 78
6 89 6 38 89
29 80 29 35 80
24 84 24 34 78 84
9 75 9 38 75
27 82 27 35 82
3 89 3 36 89
21 89 21 32 89
8 74 8 39 74
27 67 27 49 67
12 82 12 42 82
4 64 4 56 64
15 72 15 38 72
24 60 24 36 60
1 75 1 30 75
6 68 6 38 68
10 75 10 49 75
6 87 6 8 37 87
12 73 12 44 73
10 88 10 33 88
0 62 0 36 62
9 65 9 39 65
1 80 1 30 80
3 70 3 33 70
3 85 3 46 85
13 71 13 31 37 71
23 82 23 35 82
10 83 10 33 83
26 84 26 57 84
11 65 11 30 65
29 82 29 35 82
14 72 14 38 72
2 66 2 49 66
14 68 14 38 68
29 88 29 48 88
4 89 4 45 89
14 75 14 38 75
24 61 24 42 61
29 62 29 36 62
1 74 1 44 74
22 69 22 43 69
17 69 17 42 69
12 80 12 42 80
10 85 10 53 85
25 63 25 31 63
20 64 20 40 64
20 83 20 31 83
18 81 18 34 81
9 69 9 37 69
14 84 14 34 78 84
14 88 14 52 88
2 65 2 30 65
4 66 4 33 66
8 81 8 37 81
14 60 14 42 60
20 62 20 41 62
13 61 13 31 61
1 81 1 30 81
4 76 4 55 76
25 79 25 31 79
1 88 1 51 88
21 76 21 55 76
8 86 8 12 44 86
5 74 5 39 74
5 73 5 7 58 73
28 81 28 34 81
10 82 10 43 82
20 63 20 31 63
6 80 6 47 80
7 75 7 35 75
21 71 21 32 71
20 64 20 40 64
8 82 8 37 82
25 68 25 31 68
20 74 20 41 74
1 71 1 32 71
18 77 18 34 77
28 79 28 53 79
12 75 12 42 75
7 74 7 41 74
20 88 20 33 88
29 69 29 37 69
18 81 18 34 81
14 82 14 40 82
3 82 3 40 82
17 80 17 40 80
20 71 20 37 71
11 68 11 35 68
21 85 21 51 85
22 63 22 38 63
24 81 24 34 81
8 79 8 54 79
11 84 11 37 84
16 66 16 34 66
25 68 25 31 68
23 84 23 37 84
16 74 16 47 74
20 66 20 33 66
28 88 28 48 88
20 83 20 31 83
20 60 20 49 60
6 61 6 41 61
14 82 14 40 82
16 61 16 43 61
13 77 13 31 77
13 69 13 30 69
16 70 16 30 70
14 75 14 38 75
19 73 19 44 73
23 77 23 35 77
20 75 20 49 75
25 76 25 57 76
10 79 10 49 79
25 61 25 31 61
8 79 8 54 79
3 78 3 34 78
8 78 8 41 78
22 82 22 35 82
10 83 10 33 83
3 83 3 33 83
23 68 23 35 68
28 77 28 34 77
18 75 18 32 75
9 75 9 38 75
16 60 16 36 60
20 63 20 31 63
15 75 15 38 75
4 69 4 42 69
7 80 7 35 80
23 66 23 37 66
10 67 10 49 67
14 71 14 40 71
1 74 1 44 74
14 78 14 34 78
11 76 11 30 76
4 62 4 51 62
1 70 1 30 70
6 78 6 34 78
16 80 16 30 80
20 87 20 37 87
7 78 7 41 78
28 60 28 39 60
21 74 21 29 48 74
10 89 10 48 89
18 72 18 37 72
6 89 6 38 89
19 68 19 42 68
23 70 23 35 70
21 65 21 34 65
26 89 26 39 89
15 64 15 44 64
3 88 3 33 88
17 86 17 34 86
3 83 3 33 83
10 79 10 49 79
17 77 17 34 77
21 75 21 32 75
16 69 16 30 69
13 84 13 56 84
3 67 3 49 67
16 89 16 36 89
10 74 10 48 74
6 88 6 41 88
23 85 23 37 85
28 60 28 39 60
22 62 22 38 62
3 63 3 20 31 63
22 72 22 35 72
7 72 7 35 72
13 77 13 31 77
18 67 18 32 67
0 69 0 39 69
23 74 23 39 74
25 69 25 43 69
9 63 9 38 63
29 67 29 35 49 67
21 74 21 29 48 74
15 84 15 51 84
21 70 21 57 70
23 74 23 39 74
28 86 28 34 86
18 60 18 36 60
17 83 17 34 83
11 72 11 35 72
8 74 8 39 74
8 68 8 38 68
9 79 9 50 79
6 72 6 38 72
17 83 17 34 83
19 85 19 46 85
13 81 13 30 81
25 87 25 43 87
0 88 0 41 88
14 83 14 34 83
12 86 12 44 86
6 64 6 13 56 64
1 61 1 51 61
27 79 27 49 79
14 76 14 24 47 76
13 64 13 56 64
0 61 0 39 61
1 67 1 32 67
1 66 1 50 66
10 84 10 49 84
16 80 16 30 80
26 78 26 34 78
11 82 11 35 82
3 70 3 33 70
26 80 26 39 80
1 67 1 32 67
16 85 16 30 85
1 72 1 44 72
9 89 9 38 89
4 63 4 42 63
20 70 20 31 70
28 60 28 39 60
2 67 2 32 67
12 80 12 42 80
12 68 12 42 68
14 81 14 34 81
26 82 26 39 82
23 61 23 39 61
25 86 25 52 86
28 89 28 38 89
4 65 4 34 65
22 71 22 35 71
10 60 10 49 60
10 71 10 18 32 71
22 88 22 33 88
2 81 2 30 81
16 82 16 40 82
5 72 5 7 35 72
27 60 27 39 60
27 87 27 37 87
6 76 6 41 76
8 64 8 12 44 64
5 60 5 39 60
3 78 3 34 78
23 83 23 25 31 83
19 66 19 33 66
9 70 9 33 70
24 78 24 34 78
20 67 20 49 67
26 86 26 34 86
14 64 14 40 64
15 81 15 41 81
20 61 20 31 61
22 75 22 35 75
4 75 4 42 75
11 63 11 38 63
16 79 16 30 79
13 77 13 31 77
9 71 9 37 71
27 76 27 41 76
28 69 28 37 69
29 87 29 36 87
26 88 26 41 88
11 67 11 58 67
0 74 0 39 74
29 73 29 56 73
0 85 0 41 85
5 76 5 57 76
27 89 27 35 89
19 65 19 46 65
20 60 20 49 60
28 78 28 34 78
6 81 6 34 81
9 89 9 38 89
26 79 26 55 79
7 83 7 36 83
22 67 22 49 67
11 89 11 35 89
14 65 14 34 65
6 72 6 38 72
12 66 12 47 66
29 62 29 36 62
15 60 15 39 60
19 61 19 42 61
7 65 7 36 65
11 73 11 56 73
0 79 0 36 79
29 63 29 48 63
8 78 8 41 78
1 79 1 30 79
3 61 3 43 61
17 65 17 34 65
16 89 16 36 89
11 73 11 56 73
23 87 23 37 87
7 62 7 36 62
20 64 20 40 64
18 83 18 33 83
25 72 25 28 37 72
15 69 15 39 69
16 75 16 30 75
26 85 26 41 85
22 70 22 33 70
10 76 10 48 76
26 62 26 39 62
1 62 1 50 62
26 69 26 39 69
20 76 20 41 76
22 73 22 44 73
22 81 22 45 81
9 75 9 38 75
16 61 16 43 61
8 66 8 37 66
11 88 11 41 88
6 72 6 38 72
12 72 12 42 72
14 82 14 40 82
24 84 24 34 78 84
23 84 23 37 84
4 86 4 34 86
28 64 28 57 64
15 87 15 43 87
5 69 5 39 69
16 63 16 30 31 63
25 63 25 31 63
14 80 14 40 80
24 64 24 35 64
1 75 1 30 75
7 80 7 35 80
1 73 1 44 73
16 79 16 30 79
2 85 2 30 85
7 84 7 41 78 84
14 79 14 53 79
4 68 4 42 68
29 79 29 36 79
17 67 17 42 54 67
11 81 11 30 81
7 87 7 36 87
3 83 3 33 83
21 64 21 32 64
28 70 28 39 70
22 81 22 45 81
7 89 7 35 89
24 66 24 34 66
7 64 7 35 64
0 69 0 39 69
19 80 19 40 80
22 72 22 35 72
7 69 7 42 69
6 84 6 51 84
21 82 21 51 82
8 65 8 39 65
11 86 11 35 86
7 79 7 36 79
29 63 29 48 63
2 66 2 49 66
4 85 4 51 85
8 86 8 12 44 86
5 70 5 39 70
10 74 10 48 74
2 82 2 35 82
10 70 10 33 70
29 82 29 35 82
18 64 18 32 64
2 88 2 41 88
13 70 13 30 70
4 60 4 42 60
17 68 17 42 68
14 60 14 42 60
3 69 3 43 69
23 85 23 37 85
1 85 1 30 85
8 84 8 37 84
28 67 28 37 58 67
4 60 4 42 60
18 82 18 37 82
24 73 24 58 73
22 78 22 45 78
26 77 26 34 77
27 71 27 35 71
4 87 4 42 87
25 78 25 31 78
4 60 4 42 60
29 84 29 37 84
5 89 5 32 89
16 65 16 30 65
19 75 19 32 75
20 89 20 57 89
9 80 9 39 80
19 63 19 42 63
3 63 3 20 31 63
12 76 12 44 76
12 86 12 44 86
20 73 20 31 73
1 61 1 51 61
20 81 20 37 81
23 86 23 35 86
17 66 17 34 66
10 86 10 34 86
29 84 29 37 84
9 63 9 38 63
18 69 18 37 69
27 88 27 41 88
19 81 19 45 81
29 67 29 35 49 67
2 81 2 30 81
29 82 29 35 82
11 73 11 56 73
11 60 11 36 60
22 88 22 33 88
19 68 19 42 68
5 71 5 32 71
14 69 14 42 69
13 68 13 31 68
18 79 18 32 79
1 69 1 30 69
29 68 29 35 68
3 81 3 34 81
10 67 10 49 67
1 73 1 44 73
24 68 24 35 68
12 62 12 50 62
25 74 25 53 74
22 80 22 35 80
24 67 24 58 67
22 83 22 33 83
12 89 12 44 89
8 68 8 38 68
27 82 27 35 82
20 68 20 31 68
29 88 29 48 88
19 70 19 33 70
14 63 14 38 63
7 77 7 35 77
19 68 19 42 68
10 62 10 43 62
4 63 4 42 63
5 61 5 39 61
16 82 16 40 82
26 82 26 39 82
13 62 13 39 62
3 61 3 43 61
10 62 10 43 62
23 82 23 35 82
12 87 12 42 87
25 70 25 31 70
28 88 28 48 88
12 76 12 44 76
12 77 12 57 77
21 89 21 32 89
24 66 24 34 66
25 61 25 31 61
22 70 22 33 70
28 62 28 38 62
10 63 10 48 63
13 82 13 31 82
14 66 14 34 66
11 69 11 30 69
6 63 6 38 63
18 74 18 47 74
13 76 13 30 76
20 86 20 49 86
6 72 6 38 72
29 75 29 35 75
18 72 18 37 72
24 70 24 35 70
13 72 13 42 72
17 73 17 42 60 73
0 83 0 36 83
6 85 6 41 85
6 83 6 34 83
29 62 29 36 62
22 71 22 35 71
26 83 26 34 83
11 87 11 30 87
23 79 23 25 31 79
0 89 0 35 89
8 87 8 37 87
16 79 16 30 79
20 61 20 31 61
16 65 16 30 65
17 82 17 40 82
10 65 10 34 65
17 64 17 40 64
13 85 13 30 85
20 88 20 33 88
24 66 24 34 66
25 72 25 28 37 72
18 71 18 32 71
0 89 0 35 89
6 77 6 34 77
24 81 24 34 81
25 72 25 28 37 72
20 64 20 40 64
4 82 4 42 82
22 62 22 38 62
6 72 6 38 72
25 86 25 52 86
15 74 15 39 74
28 78 28 34 78
28 65 28 34 65
25 61 25 31 61
7 63 7 42 63
3 71 3 40 71
0 89 0 35 89
26 67 26 41 58 67
9 72 9 37 72
15 70 15 39 70
3 65 3 34 65
18 81 18 34 81
6 62 6 38 62
9 81 9 37 81
16 83 16 34 83
24 81 24 34 81
17 68 17 42 68
2 73 2 44 73
12 61 12 42 61
20 84 20 37 84
4 74 4 34 65 74
10 61 10 43 61
4 65 4 34 65
21 89 21 32 89
9 74 9 39 74
0 66 0 40 66
2 72 2 35 72
10 68 10 43 68
3 79 3 36 79
22 76 22 44 76
4 60 4 42 60
15 73 15 44 73
22 64 22 35 64
13 74 13 39 74
2 66 2 49 66
23 77 23 35 77
14 81 14 34 81
8 72 8 37 72
8 87 8 37 87
20 87 20 37 87
4 77 4 34 77
4 68 4 42 68
6 62 6 38 62
29 64 29 35 64
12 67 12 18 32 67
26 74 26 39 74
22 75 22 35 75
28 65 28 34 65
5 80 5 39 80
16 67 16 30 31 49 67
23 85 23 37 85
29 79 29 36 79
13 74 13 39 74
19 66 19 33 66
6 78 6 34 78
20 87 20 37 87
2 69 2 30 69
5 77 5 34 77
23 72 23 35 72
5 61 5 39 61
20 76 20 41 76
25 77 25 31 77
9 87 9 37 87
1 73 1 44 73
29 78 29 48 78
13 81 13 30 81
18 62 18 36 62
4 87 4 42 87
17 61 17 42 61
0 66 0 40 66
7 64 7 35 64
25 77 25 31 77
6 65 6 34 65
0 85 0 41 85
15 80 15 39 80
3 62 3 36 62
11 80 11 30 80
21 68 21 57 68
8 88 8 41 88
9 84 9 37 84
19 62 19 46 62
20 88 20 33 88
20 76 20 41 76
17 70 17 29 35 70
7 61 7 41 61
0 68 0 35 68
13 76 13 30 76
10 84 10 49 84
20 84 20 37 84
0 63 0 39 63
24 63 24 42 63
21 78 21 34 78
3 64 3 40 64
0 86 0 35 86
7 81 7 36 81
16 86 16 34 86
15 77 15 51 77
25 69 25 43 69
23 79 23 25 31 79
27 73 27 49 73
9 75 9 38 75
28 73 28 39 60 73
19 88 19 33 88
1 70 1 30 70
4 66 4 33 66
15 66 15 45 66
5 82 5 39 82
11 85 11 30 85
11 62 11 36 62
16 65 16 30 65
17 72 17 42 72
7 88 7 41 88
26 65 26 34 65
18 85 18 37 85
23 83 23 25 31 83
6 80 6 47 80
3 73 3 49 73
12 63 12 42 63
28 70 28 39 70
19 82 19 40 82
12 79 12 50 79
14 62 14 38 62
14 82 14 40 82
21 69 21 51 69
13 80 13 30 80
2 69 2 30 69
13 65 13 30 65
0 65 0 36 65
1 62 1 50 62
2 78 2 41 78
24 87 24 36 87
10 78 10 34 78
21 81 21 34 81
14 66 14 34 66
4 72 4 42 72
21 80 21 51 80
23 74 23 39 74
19 89 19 32 89
13 66 13 47 66
5 61 5 39 61
25 78 25 31 78
16 89 16 36 89
21 82 21 51 82
24 78 24 34 78
27 69 27 37 69
28 66 28 34 66
16 62 16 36 62
22 73 22 44 73
14 78 14 34 78
13 63 13 31 63
2 70 2 30 70
0 70 0 35 70
12 80 12 42 80
21 82 21 51 82
8 74 8 39 74
15 64 15 44 64
0 67 0 2 32 67
5 70 5 39 70
24 60 24 36 60
16 62 16 36 62
1 76 1 30 76
16 82 16 40 82
15 83 15 38 83
1 62 1 50 62
8 69 8 37 69
6 65 6 34 65
8 66 8 37 66
13 68 13 31 68
17 77 17 34 77
16 72 16 50 72
17 83 17 34 83
19 70 19 33 70
23 66 23 37 66
16 71 16 40 71
6 72 6 38 72
11 89 11 35 89
3 65 3 34 65
6 80 6 47 80
4 74 4 34 65 74
17 71 17 40 71
28 75 28 38 75
3 85 3 46 85
24 85 24 55 85
1 84 1 51 84
0 73 0 56 73
4 65 4 34 65
20 83 20 31 83
14 76 14 24 47 76
19 74 19 44 74
13 75 13 30 75
2 62 2 38 62
10 80 10 50 80
2 68 2 35 68
23 89 23 35 89
3 86 3 34 86
2 83 2 38 83
11 66 11 37 66
29 63 29 48 63
10 70 10 33 70
5 74 5 39 74
12 84 12 57 84
16 66 16 34 66
9 79 9 50 79
24 60 24 36 60
27 69 27 37 69
5 72 5 7 35 72
21 61 21 51 61
2 79 2 30 79
16 60 16 36 60
24 71 24 35 71
22 74 22 44 74
3 61 3 43 61
29 75 29 35 75
2 81 2 30 81
12 83 12 44 83
3 79 3 36 79
18 86 18 34 86
8 80 8 39 80
8 70 8 39 70
27 70 27 35 70
29 72 29 35 72
11 89 11 35 89
22 62 22 38 62
23 86 23 35 86
24 67 24 58 67
24 89 24 35 89
9 60 9 39 60
11 86 11 35 86
2 63 2 38 63
7 63 7 42 63
16 86 16 34 86
24 77 24 34 77
16 74 16 47 74
26 81 26 34 81
1 78 1 51 78
18 89 18 32 89
2 88 2 41 88
25 64 25 40 64
17 87 17 42 87
21 60 21 55 60
6 68 6 38 68
4 83 4 33 83
18 88 18 33 88
12 68 12 42 68
2 77 2 35 77
19 71 19 32 71
7 64 7 35 64
8 80 8 39 80
13 70 13 30 70
20 82 20 31 82
29 72 29 35 72
2 88 2 41 88
29 86 29 35 86
11 80 11 30 80
5 63 5 39 63
29 87 29 36 87
14 85 14 53 85
3 69 3 43 69
29 79 29 36 79
26 62 26 39 62
15 79 15 51 79
20 74 20 41 74
29 69 29 37 69
0 81 0 36 81
8 73 8 39 60 73
13 70 13 30 70
4 82 4 42 82
7 69 7 42 69
28 66 28 34 66
21 64 21 32 64
9 78 9 40 78
10 63 10 48 63
24 65 24 34 65
17 72 17 42 72
28 61 28 39 61
8 78 8 41 78
12 72 12 42 72
6 68 6 38 68
29 67 29 35 49 67
2 65 2 30 65
3 68 3 43 68
13 71 13 31 37 71
19 77 19 54 77
19 74 19 44 74
10 63 10 48 63
10 82 10 43 82
27 73 27 49 73
15 69 15 39 69
12 81 12 47 81
17 80 17 40 80
23 77 23 35 77
13 67 13 31 49 67
2 67 2 32 67
10 61 10 43 61
29 78 29 48 78
19 71 19 32 71
4 72 4 42 72
22 65 22 46 65
29 76 29 48 76
27 71 27 35 71
10 82 10 43 82
19 79 19 32 79
27 84 27 37 84
5 88 5 52 88
4 73 4 56 73
1 61 1 51 61
3 84 3 49 84
2 65 2 30 65
28 70 28 39 70
18 78 18 34 78
14 85 14 53 85
1 73 1 44 73
20 78 20 31 78
16 82 16 40 82
16 77 16 34 77
24 81 24 34 81
4 84 4 51 84
19 89 19 32 89
4 86 4 34 86
2 86 2 35 86
2 84 2 49 84
6 66 6 34 66
29 89 29 35 89
11 72 11 35 72
1 84 1 51 84
28 69 28 37 69
23 80 23 35 80
27 89 27 35 89
7 81 7 36 81
27 70 27 35 70
4 61 4 42 61
10 76 10 48 76
9 73 9 56 73
2 74 2 39 74
26 81 26 34 81
9 68 9 38 68
13 67 13 31 49 67
10 69 10 43 69
16 64 16 40 64
1 85 1 30 85
21 73 21 56 73
20 68 20 31 68
21 73 21 56 73
16 89 16 36 89
27 87 27 37 87
6 64 6 13 56 64
5 73 5 7 58 73
21 61 21 51 61
12 75 12 42 75
23 84 23 37 84
15 72 15 38 72
25 89 25 51 89
5 75 5 32 75
23 81 23 37 81
22 62 22 38 62
1 66 1 50 66
19 70 19 33 70
16 64 16 40 64
28 79 28 53 79
3 67 3 49 67
3 89 3 36 89
28 79 28 53 79
12 81 12 47 81
6 76 6 41 76
17 84 17 51 84
14 71 14 40 71
14 61 14 42 61
16 82 16 40 82
9 66 9 33 66
15 65 15 39 65
6 69 6 51 69
18 79 18 32 79
29 70 29 35 70
16 75 16 30 75
16 78 16 34 78
18 80 18 36 80
25 89 25 51 89
20 85 20 37 85
27 86 27 35 86
6 61 6 41 61
2 77 2 35 77
29 61 29 43 61
4 88 4 33 88
0 63 0 39 63
26 87 26 57 87
16 79 16 30 79
29 81 29 36 81
12 80 12 42 80
11 82 11 35 82
22 83 22 33 83
22 87 22 43 87
27 86 27 35 86
20 66 20 33 66
11 88 11 41 88
25 83 25 31 83
20 83 20 31 83
9 84 9 37 84
10 61 10 43 61
0 71 0 35 71
6 69 6 51 69
22 73 22 44 73
18 85 18 37 85
28 63 28 38 63
9 80 9 39 80
6 79 6 50 79
27 62 27 39 62
22 79 22 49 79
0 71 0 35 71
7 60 7 36 60
3 83 3 33 83
27 81 27 37 81
7 84 7 41 78 84
29 67 29 35 49 67
21 85 21 51 85
9 75 9 38 75
4 85 4 51 85
22 70 22 33 70
13 89 13 39 89
25 81 25 57 81
10 82 10 43 82
4 86 4 34 86
6 66 6 34 66
0 81 0 36 81
7 61 7 41 61
18 74 18 47 74
13 76 13 30 76
16 67 16 30 31 49 67
28 76 28 47 76
19 77 19 54 77
10 74 10 48 74
22 81 22 45 81
25 73 25 31 73
7 83 7 36 83
28 67 28 37 58 67
5 74 5 39 74
8 65 8 39 65
6 83 6 34 83
0 84 0 56 84
25 67 25 31 49 67
28 88 28 48 88
0 72 0 35 72
14 63 14 38 63
2 75 2 30 75
20 68 20 31 68
2 73 2 44 73
26 61 26 39 61
24 73 24 58 73
29 61 29 43 61
22 74 22 44 74
0 82 0 35 82
2 85 2 30 85
13 75 13 30 75
5 63 5 39 63
25 60 25 52 60
16 61 16 43 61
26 64 26 57 64
12 66 12 47 66
22 80 22 35 80
27 87 27 37 87
29 75 29 35 75
24 72 24 35 72
21 83 21 34 83
2 68 2 35 68
19 88 19 33 88
12 86 12 44 86
4 80 4 42 80
4 64 4 56 64
16 89 16 36 89
27 78 27 41 78
18 78 18 34 78
0 86 0 35 86
23 73 23 25 31 73
29 63 29 48 63
21 77 21 34 77
13 69 13 30 69
14 62 14 38 62
16 60 16 36 60
11 80 11 30 80
18 86 18 34 86
15 62 15 38 62
2 61 2 39 61
28 82 28 37 82
29 89 29 35 89
19 60 19 42 60
17 61 17 42 61
25 62 25 43 62
20 66 20 33 66
20 65 20 41 65
9 69 9 37 69
19 85 19 46 85
9 65 9 39 65
21 79 21 32 79
17 61 17 42 61
8 79 8 54 79
5 78 5 34 78
12 70 12 47 70
22 80 22 35 80
2 86 2 35 86
11 63 11 38 63
16 74 16 47 74
8 60 8 39 60
19 82 19 40 82
20 77 20 31 77
21 86 21 34 86
14 79 14 53 79
10 72 10 50 72
13 71 13 31 37 71
3 65 3 34 65
14 86 14 34 86
20 60 20 49 60
6 61 6 41 61
16 65 16 30 65
16 76 16 30 76
18 87 18 36 87
14 79 14 53 79
12 78 12 42 78
10 62 10 43 62
0 75 0 35 75
6 62 6 38 62
20 64 20 40 64
5 65 5 34 65
15 82 15 39 82
14 81 14 34 81
11 85 11 30 85
12 84 12 57 84
3 73 3 49 73
27 86 27 35 86
19 77 19 54 77
8 67 8 54 67
22 78 22 45 78
26 85 26 41 85
0 76 0 41 76
8 89 8 38 89
26 86 26 34 86
1 76 1 30 76
17 67 17 42 54 67
6 61 6 41 61
25 76 25 57 76
17 67 17 42 54 67
18 63 18 42 63
4 60 4 42 60
8 68 8 38 68
3 88 3 33 88
20 66 20 33 66
14 79 14 53 79
6 72 6 38 72
6 77 6 34 77
6 88 6 41 88
1 79 1 30 79
11 76 11 30 76
20 78 20 31 78
4 70 4 33 70
1 65 1 30 65
7 83 7 36 83
15 76 15 41 76
7 70 7 35 70
6 63 6 38 63
11 75 11 30 75
5 76 5 57 76
24 72 24 35 72
9 81 9 37 81
13 88 13 31 49 88
11 81 11 30 81
20 68 20 31 68
2 81 2 30 81
14 62 14 38 62
22 77 22 35 77
23 71 23 35 71
20 72 20 37 72
13 63 13 31 63
15 78 15 41 78
23 89 23 35 89
1 70 1 30 70
0 67 0 2 32 67
23 78 23 25 31 78
9 83 9 33 83
4 82 4 42 82
26 74 26 39 74
3 81 3 34 81
5 89 5 32 89
3 75 3 46 75
23 71 23 35 71
5 87 5 57 87
1 72 1 44 72
5 69 5 39 69
19 86 19 44 86
13 83 13 31 83
2 79 2 30 79
3 73 3 49 73
1 74 1 44 74
29 68 29 35 68
7 67 7 58 67
1 68 1 30 31 68
26 65 26 34 65
1 77 1 51 77
8 83 8 38 83
21 76 21 55 76
19 72 19 42 72
0 66 0 40 66
13 86 13 31 49 86
4 87 4 42 87
3 84 3 49 84
25 65 25 51 65
1 69 1 30 69
20 80 20 40 80
11 69 11 30 69
10 67 10 49 67
18 75 18 32 75
2 74 2 39 74
16 63 16 30 31 63
12 77 12 57 77
24 78 24 34 78
15 61 15 39 61
11 60 11 36 60
2 82 2 35 82
2 64 2 32 64
22 78 22 45 78
0 88 0 41 88
6 73 6 13 31 73
2 75 2 30 75
7 80 7 35 80
10 60 10 49 60
6 79 6 50 79
8 80 8 39 80
7 86 7 35 86
3 75 3 46 75
21 83 21 34 83
29 86 29 35 86
26 70 26 39 70
15 77 15 51 77
8 62 8 38 62
29 66 29 37 66
6 68 6 38 68
25 85 25 51 85
7 81 7 36 81
6 79 6 50 79
4 63 4 42 63
4 75 4 42 75
20 62 20 41 62
2 80 2 30 80
22 64 22 35 64
18 72 18 37 72
23 75 23 35 75
27 73 27 49 73
27 80 27 35 80
20 79 20 31 79
22 60 22 49 60
21 63 21 56 63
15 84 15 51 84
27 78 27 41 78
11 78 11 41 78
26 71 26 57 71
10 67 10 49 67
1 70 1 30 70
2 72 2 35 72
27 66 27 37 66
21 67 21 32 67
24 63 24 42 63
2 64 2 32 64
6 87 6 8 37 87
28 60 28 39 60
16 84 16 34 78 84
4 75 4 42 75
24 83 24 34 83
16 86 16 34 86
7 84 7 41 78 84
14 82 14 40 82
26 66 26 34 66
29 79 29 36 79
19 85 19 46 85
20 80 20 40 80
24 83 24 34 83
13 74 13 39 74
27 82 27 35 82
11 82 11 35 82
20 84 20 37 84
29 81 29 36 81
24 74 24 47 74
18 83 18 33 83
21 77 21 34 77
17 75 17 42 75
4 72 4 42 72
17 66 17 34 66
8 81 8 37 81
15 79 15 51 79
25 80 25 40 80
22 69 22 43 69
5 88 5 52 88
21 66 21 34 66
4 70 4 33 70
9 73 9 56 73
18 69 18 37 69
18 81 18 34 81
8 85 8 37 85
25 77 25 31 77
17 73 17 42 60 73
5 88 5 52 88
2 81 2 30 81
20 77 20 31 77
16 69 16 30 69
13 87 13 30 87
7 72 7 35 72
5 75 5 32 75
12 84 12 57 84
23 89 23 35 89
0 60 0 36 60
11 66 11 37 66
8 84 8 37 84
5 69 5 39 69
5 72 5 7 35 72
3 72 3 33 66 72
28 70 28 39 70
11 65 11 30 65
19 66 19 33 66
27 68 27 35 68
14 63 14 38 63
12 63 12 42 63
12 79 12 50 79
8 76 8 41 76
1 60 1 55 60
24 66 24 34 66
11 87 11 30 87
13 61 13 31 61
6 63 6 38 63
9 73 9 56 73
13 80 13 30 80
21 78 21 34 78
2 75 2 30 75
21 71 21 32 71
4 67 4 54 67
22 63 22 38 63
28 75 28 38 75
4 85 4 51 85
21 69 21 51 69
22 81 22 45 81
11 63 11 38 63
17 68 17 42 68
7 62 7 36 62
20 76 20 41 76
12 62 12 50 62
2 89 2 32 89
29 67 29 35 49 67
7 81 7 36 81
24 83 24 34 83
24 87 24 36 87
20 83 20 31 83
16 62 16 36 62
21 89 21 32 89
23 76 23 25 57 76
11 62 11 36 62
18 80 18 36 80
3 86 3 34 86
11 64 11 35 64
12 67 12 18 32 67
4 64 4 56 64
12 62 12 50 62
15 67 15 38 58 67
16 65 16 30 65
18 86 18 34 86
2 82 2 35 82
20 60 20 49 60
0 64 0 35 64
16 71 16 40 71
17 78 17 34 78
15 69 15 39 69
6 87 6 8 37 87
4 61 4 42 61
14 76 14 24 47 76
22 83 22 33 83
3 66 3 33 66
17 68 17 42 68
23 63 23 39 63
25 71 25 40 71
6 67 6 8 54 67
13 85 13 30 85
4 86 4 34 86
10 65 10 34 65
28 77 28 34 77
16 79 16 30 79
11 88 11 41 88
26 66 26 34 66
26 69 26 39 69
21 85 21 51 85
0 64 0 35 64
4 61 4 42 61
25 89 25 51 89
18 72 18 37 72
11 68 11 35 68
0 81 0 36 81
8 83 8 38 83
0 62 0 36 62
26 65 26 34 65
28 62 28 38 62
6 63 6 38 63
14 78 14 34 78
24 83 24 34 83
22 74 22 44 74
4 69 4 42 69
7 70 7 35 70
27 68 27 35 68
4 83 4 33 83
18 65 18 34 65
4 63 4 42 63
14 71 14 40 71
3 84 3 49 84
29 89 29 35 89
11 60 11 36 60
25 65 25 51 65
29 67 29 35 49 67
29 65 29 36 65
20 76 20 41 76
17 65 17 34 65
13 80 13 30 80
21 89 21 32 89
10 76 10 48 76
3 76 3 40 64 76
27 79 27 49 79
2 67 2 32 67
5 72 5 7 35 72
21 60 21 55 60
26 68 26 41 68
14 74 14 53 74
16 64 16 40 64
3 75 3 46 75
1 81 1 30 81
3 84 3 49 84
14 65 14 34 65
16 83 16 34 83
0 86 0 35 86
1 87 1 30 87
6 66 6 34 66
7 64 7 35 64
5 81 5 34 81
8 75 8 38 75
4 66 4 33 66
1 61 1 51 61
26 82 26 39 82
5 89 5 32 89
28 74 28 39 74
27 82 27 35 82
24 63 24 42 63
24 81 24 34 81
2 88 2 41 88
7 71 7 35 71
23 60 23 39 60
9 86 9 15 44 86
17 80 17 40 80
24 65 24 34 65
13 88 13 31 49 88
15 79 15 51 79
0 64 0 35 64
17 85 17 51 85
25 66 25 33 66
25 78 25 31 78
12 65 12 47 65
15 78 15 41 78
0 76 0 41 76
28 83 28 34 83
23 69 23 37 69
19 89 19 32 89
26 63 26 39 63
8 74 8 39 74
23 83 23 25 31 83
23 66 23 37 66
4 60 4 42 60
10 82 10 43 82
17 87 17 42 87
22 85 22 46 85
0 79 0 36 79
17 66 17 34 66
2 73 2 44 73
7 67 7 58 67
20 75 20 49 75
29 85 29 37 85
26 64 26 57 64
16 83 16 34 83
14 60 14 42 60
29 62 29 36 62
23 71 23 35 71
23 73 23 25 31 73
29 82 29 35 82
6 78 6 34 78
22 70 22 33 70
28 63 28 38 63
9 71 9 37 71
23 81 23 37 81
24 81 24 34 81
11 64 11 35 64
2 72 2 35 72
21 80 21 51 80
15 78 15 41 78
7 85 7 41 85
10 73 10 49 73
12 82 12 42 82
4 89 4 45 89
20 86 20 49 86
9 64 9 40 64
6 86 6 34 86
4 71 4 45 71
5 68 5 57 68
19 80 19 40 80
6 66 6 34 66
10 80 10 50 80
14 70 14 43 70
5 64 5 32 64
10 84 10 49 84
23 64 23 35 64
25 74 25 53 74
5 69 5 39 69
5 68 5 57 68
14 71 14 40 71
14 89 14 38 89
28 83 28 34 83
16 78 16 34 78
12 65 12 47 65
15 74 15 39 74
0 86 0 35 86
0 73 0 56 73
6 84 6 51 84
27 76 27 41 76
5 65 5 34 65
2 70 2 30 70
25 84 25 51 84
16 67 16 30 31 49 67
27 61 27 39 61
25 72 25 28 37 72
12 88 12 57 88
21 80 21 51 80
5 60 5 39 60
27 74 27 39 74
27 74 27 39 74
18 87 18 36 87
20 63 20 31 63
3 62 3 36 62
9 89 9 38 89
9 60 9 39 60
25 69 25 43 69
19 64 19 32 64
15 75 15 38 75
4 72 4 42 72
13 65 13 30 65
15 60 15 39 60
25 86 25 52 86
3 76 3 40 64 76
17 89 17 51 89
18 78 18 34 78
11 68 11 35 68
1 64 1 32 64
27 61 27 39 61
4 66 4 33 66
17 88 17 51 88
2 88 2 41 88
9 70 9 33 70
26 66 26 34 66
23 72 23 35 72
5 86 5 34 86
13 85 13 30 85
10 65 10 34 65
25 70 25 31 70
28 61 28 39 61
1 64 1 32 64
3 88 3 33 88
21 88 21 51 88
11 72 11 35 72
2 68 2 35 68
8 76 8 41 76
17 82 17 40 82
15 86 15 44 86
2 84 2 49 84
23 83 23 25 31 83
22 85 22 46 85
29 68 29 35 68
8 83 8 38 83
24 77 24 34 77
13 68 13 31 68
25 86 25 52 86
13 67 13 31 49 67
10 65 10 34 65
12 73 12 44 73
21 88 21 51 88
26 65 26 34 65
24 81 24 34 81
11 69 11 30 69
26 60 26 39 60
26 78 26 34 78
11 81 11 30 81
6 83 6 34 83
3 66 3 33 66
13 77 13 31 77
16 73 16 36 60 73
27 84 27 37 84
15 83 15 38 83
23 69 23 37 69
16 63 16 30 31 63
18 69 18 37 69
26 87 26 57 87
8 71 8 37 71
1 73 1 44 73
22 84 22 49 84
7 73 7 58 73
17 79 17 51 79
6 66 6 34 66
29 82 29 35 82
13 78 13 31 78
23 60 23 39 60
15 64 15 44 64
6 62 6 38 62
18 75 18 32 75
27 61 27 39 61
11 89 11 35 89
23 89 23 35 89
13 87 13 30 87
11 69 11 30 69
21 62 21 51 62
18 69 18 37 69
29 88 29 48 88
9 81 9 37 81
8 86 8 12 44 86
8 66 8 37 66
6 62 6 38 62
18 71 18 32 71
3 66 3 33 66
4 64 4 56 64
15 68 15 38 68
19 77 19 54 77
19 69 19 42 69
9 71 9 37 71
5 64 5 32 64
29 69 29 37 69
9 87 9 37 87
28 70 28 39 70
10 60 10 49 60
11 82 11 35 82
17 63 17 42 63
10 61 10 43 61
10 74 10 48 74
4 76 4 55 76
11 70 11 30 70
1 77 1 51 77
27 86 27 35 86
9 85 9 37 85
15 70 15 39 70
10 70 10 33 70
29 74 29 48 74
13 67 13 31 49 67
16 86 16 34 86
17 82 17 40 82
24 77 24 34 77
5 72 5 7 35 72
12 62 12 50 62
2 75 2 30 75
17 88 17 51 88
25 78 25 31 78
20 87 20 37 87
27 86 27 35 86
15 79 15 51 79
0 77 0 35 77
1 87 1 30 87
1 88 1 51 88
21 77 21 34 77
27 63 27 39 63
6 66 6 34 66
18 72 18 37 72
26 71 26 57 71
2 84 2 49 84
9 79 9 50 79
13 75 13 30 75
17 71 17 40 71
0 77 0 35 77
17 66 17 34 66
8 87 8 37 87
3 65 3 34 65
29 76 29 48 76
7 61 7 41 61
11 70 11 30 70
10 85 10 53 85
18 67 18 32 67
8 63 8 38 63
28 63 28 38 63
20 85 20 37 85
0 82 0 35 82
28 88 28 48 88
10 84 10 49 84
1 70 1 30 70
0 73 0 56 73
7 76 7 41 76
16 69 16 30 69
22 68 22 35 68
13 74 13 39 74
4 63 4 42 63
6 86 6 34 86
13 77 13 31 77
12 88 12 57 88
14 76 14 24 47 76
24 62 24 36 62
6 88 6 41 88
17 78 17 34 78
29 80 29 35 80
2 72 2 35 72
20 89 20 57 89
5 61 5 39 61
23 68 23 35 68
8 65 8 39 65
23 80 23 35 80
17 87 17 42 87
7 75 7 35 75
23 75 23 35 75
12 65 12 47 65
9 80 9 39 80
24 71 24 35 71
0 71 0 35 71
9 83 9 33 83
10 82 10 43 82
12 89 12 44 89
22 80 22 35 80
7 79 7 36 79
16 64 16 40 64
2 70 2 30 70
26 87 26 57 87
17 85 17 51 85
20 67 20 49 67
6 60 6 8 39 60
24 69 24 42 69
12 76 12 44 76
22 67 22 49 67
4 71 4 45 71
24 70 24 35 70
23 82 23 35 82
3 61 3 43 61
4 76 4 55 76
13 85 13 30 85
20 84 20 37 84
7 82 7 35 82
15 61 15 39 61
17 69 17 42 69
27 77 27 35 77
10 85 10 53 85
18 68 18 42 68
3 82 3 40 82
6 68 6 38 68
27 70 27 35 70
3 65 3 34 65
21 61 21 51 61
6 79 6 50 79
29 86 29 35 86
1 80 1 30 80
25 89 25 51 89
16 61 16 43 61
18 84 18 37 84
29 62 29 36 62
7 73 7 58 73
15 73 15 44 73
28 77 28 34 77
15 89 15 38 89
3 67 3 49 67
21 63 21 56 63
18 82 18 37 82
18 83 18 33 83
15 83 15 38 83
14 79 14 53 79
12 82 12 42 82
19 73 19 44 73
16 70 16 30 70
8 83 8 38 83
28 71 28 37 71
7 77 7 35 77
20 72 20 37 72
5 84 5 57 84
7 79 7 36 79
17 72 17 42 72
9 61 9 39 61
10 67 10 49 67
19 85 19 46 85
6 84 6 51 84
14 76 14 24 47 76
1 76 1 30 76
4 66 4 33 66
23 66 23 37 66
11 73 11 56 73
4 87 4 42 87
5 60 5 39 60
23 62 23 39 62
25 64 25 40 64
11 63 11 38 63
11 71 11 35 71
2 76 2 30 76
15 85 15 41 85
19 86 19 44 86
14 60 14 42 60
12 74 12 44 74
19 70 19 33 70
20 73 20 31 73
22 74 22 44 74
12 70 12 47 70
14 62 14 38 62
4 62 4 51 62
19 71 19 32 71
28 84 28 37 84
8 66 8 37 66
29 81 29 36 81
25 77 25 31 77
6 84 6 51 84
19 65 19 46 65
8 85 8 37 85
18 74 18 47 74
22 76 22 44 76
17 66 17 34 66
3 68 3 43 68
11 68 11 35 68
17 62 17 51 62
14 71 14 40 71
24 89 24 35 89
26 77 26 34 77
25 79 25 31 79
6 63 6 38 63
17 74 17 53 74
23 68 23 35 68
4 66 4 33 66
23 81 23 37 81
7 81 7 36 81
21 71 21 32 71
8 84 8 37 84
2 86 2 35 86
21 75 21 32 75
16 86 16 34 86
23 80 23 35 80
13 64 13 56 64
6 85 6 41 85
5 62 5 39 62
8 76 8 41 76
26 63 26 39 63
29 79 29 36 79
14 65 14 34 65
16 84 16 34 78 84
18 66 18 33 66
11 63 11 38 63
1 61 1 51 61
22 85 22 46 85
27 66 27 37 66
13 64 13 56 64
26 69 26 39 69
27 61 27 39 61
14 89 14 38 89
4 80 4 42 80
25 80 25 40 80
29 89 29 35 89
29 69 29 37 69
20 62 20 41 62
1 67 1 32 67
9 84 9 37 84
14 84 14 34 78 84
22 84 22 49 84
1 87 1 30 87
4 65 4 34 65
0 78 0 40 78
1 63 1 30 31 63
4 81 4 34 81
19 74 19 44 74
23 74 23 39 74
25 64 25 40 64
3 60 3 36 60
8 77 8 54 77
23 69 23 37 69
3 79 3 36 79
18 81 18 34 81
20 77 20 31 77
4 76 4 55 76
12 88 12 57 88
29 87 29 36 87
0 62 0 36 62
6 84 6 51 84
3 66 3 33 66
27 61 27 39 61
6 85 6 41 85
20 81 20 37 81
4 88 4 33 88
26 68 26 41 68
23 68 23 35 68
15 73 15 44 73
10 76 10 48 76
7 84 7 41 78 84
16 69 16 30 69
13 89 13 39 89
21 74 21 29 48 74
17 89 17 51 89
4 71 4 45 71
10 87 10 43 87
25 88 25 33 88
6 66 6 34 66
19 72 19 42 72
22 79 22 49 79
15 63 15 38 63
24 77 24 34 77
2 64 2 32 64
25 61 25 31 61
2 65 2 30 65
23 69 23 37 69
15 67 15 38 58 67
13 84 13 56 84
0 81 0 36 81
9 86 9 15 44 86
13 66 13 47 66
7 88 7 41 88
6 82 6 51 82
2 84 2 49 84
17 84 17 51 84
2 65 2 30 65
4 85 4 51 85
21 82 21 51 82
22 72 22 35 72
24 78 24 34 78
25 77 25 31 77
17 88 17 51 88
24 79 24 36 79
24 65 24 34 65
17 75 17 42 75
26 81 26 34 81
20 82 20 31 82
23 85 23 37 85
29 89 29 35 89
3 89 3 36 89
20 84 20 37 84
20 69 20 37 69
26 66 26 34 66
12 62 12 50 62
13 86 13 31 49 86
9 67 9 54 67
25 66 25 33 66
28 81 28 34 81
5 62 5 39 62
18 67 18 32 67
28 80 28 39 80
14 71 14 40 71
22 75 22 35 75
10 87 10 43 87
0 67 0 2 32 67
20 79 20 31 79
21 63 21 56 63
12 77 12 57 77
29 65 29 36 65
3 73 3 49 73
10 63 10 48 63
9 84 9 37 84
17 83 17 34 83
28 89 28 38 89
28 89 28 38 89
6 68 6 38 68
14 65 14 34 65
17 60 17 42 60
10 86 10 34 86
28 85 28 37 85
13 86 13 31 49 86
8 89 8 38 89
7 74 7 41 74
22 79 22 49 79
22 79 22 49 79
12 62 12 50 62
23 61 23 39 61
8 83 8 38 83
14 79 14 53 79
27 82 27 35 82
21 61 21 51 61
29 67 29 35 49 67
12 84 12 57 84
21 83 21 34 83
20 72 20 37 72
27 67 27 49 67
27 77 27 35 77
5 66 5 34 66
22 74 22 44 74
25 88 25 33 88
1 83 1 44 83
4 60 4 42 60
27 73 27 49 73
4 69 4 42 69
29 68 29 35 68
24 68 24 35 68
16 71 16 40 71
8 88 8 41 88
1 84 1 51 84
1 63 1 30 31 63
8 78 8 41 78
9 79 9 50 79
6 80 6 47 80
16 76 16 30 76
5 82 5 39 82
17 62 17 51 62
20 72 20 37 72
11 66 11 37 66
17 79 17 51 79
22 65 22 46 65
10 87 10 43 87
13 60 13 39 60
25 63 25 31 63
6 63 6 38 63
13 85 13 30 85
19 62 19 46 62
6 71 6 51 71
28 82 28 37 82
4 73 4 56 73
1 76 1 30 76
5 74 5 39 74
15 66 15 45 66
7 67 7 58 67
21 62 21 51 62
4 60 4 42 60
17 61 17 42 61
27 70 27 35 70
8 88 8 41 88
3 86 3 34 86
14 75 14 38 75
12 71 12 57 71
24 60 24 36 60
21 81 21 34 81
17 62 17 51 62
14 84 14 34 78 84
1 85 1 30 85
0 72 0 35 72
12 79 12 50 79
29 75 29 35 75
12 82 12 42 82
4 72 4 42 72
18 86 18 34 86
10 68 10 43 68
7 70 7 35 70
12 60 12 42 60
15 72 15 38 72
29 85 29 37 85
16 65 16 30 65
18 65 18 34 65
16 83 16 34 83
1 84 1 51 84
19 69 19 42 69
5 86 5 34 86
24 87 24 36 87
16 66 16 34 66
9 84 9 37 84
8 61 8 39 61
23 60 23 39 60
1 71 1 32 71
24 68 24 35 68
0 69 0 39 69
15 64 15 44 64
15 84 15 51 84
6 64 6 13 56 64
8 78 8 41 78
9 63 9 38 63
0 64 0 35 64
5 84 5 57 84
8 86 8 12 44 86
9 88 9 33 88
14 81 14 34 81
11 71 11 35 71
13 65 13 30 65
8 84 8 37 84
17 69 17 42 69
27 70 27 35 70
22 60 22 49 60
29 87 29 36 87
23 62 23 39 62
3 76 3 40 64 76
20 77 20 31 77
14 61 14 42 61
14 81 14 34 81
16 88 16 52 88
9 64 9 40 64
19 83 19 33 83
17 78 17 34 78
26 67 26 41 58 67
20 84 20 37 84
6 63 6 38 63
23 82 23 35 82
6 61 6 41 61
6 85 6 41 85
1 73 1 44 73
13 74 13 39 74
14 78 14 34 78
9 73 9 56 73
6 70 6 41 70
20 81 20 37 81
20 89 20 57 89
22 82 22 35 82
15 80 15 39 80
4 86 4 34 86
16 60 16 36 60
8 83 8 38 83
15 71 15 45 71
4 69 4 42 69
8 75 8 38 75
25 64 25 40 64
7 75 7 35 75
5 69 5 39 69
5 78 5 34 78
22 79 22 49 79
5 84 5 57 84
28 60 28 39 60
10 77 10 34 77
29 85 29 37 85
2 70 2 30 70
17 75 17 42 75
28 79 28 53 79
0 86 0 35 86
16 73 16 36 60 73
15 71 15 45 71
2 71 2 32 71
10 89 10 48 89
2 72 2 35 72
14 77 14 34 77
18 79 18 32 79
19 62 19 46 62
8 62 8 38 62
10 67 10 49 67
19 80 19 40 80
0 73 0 56 73
2 61 2 39 61
15 83 15 38 83
11 83 11 36 83
21 68 21 57 68
13 87 13 30 87
23 67 23 35 49 67
11 64 11 35 64
14 68 14 38 68
17 62 17 51 62
5 87 5 57 87
4 81 4 34 81
4 71 4 45 71
26 60 26 39 60
4 64 4 56 64
12 78 12 42 78
25 75 25 51 75
13 85 13 30 85
3 68 3 43 68
9 83 9 33 83
2 78 2 41 78
4 75 4 42 75
18 62 18 36 62
3 85 3 46 85
9 85 9 37 85
29 73 29 56 73
14 72 14 38 72
1 83 1 44 83
22 84 22 49 84
6 60 6 8 39 60
19 72 19 42 72
11 85 11 30 85
26 82 26 39 82
8 88 8 41 88
2 72 2 35 72
22 64 22 35 64
1 69 1 30 69
21 81 21 34 81
4 81 4 34 81
3 69 3 43 69
7 75 7 35 75
15 70 15 39 70
8 83 8 38 83
17 73 17 42 60 73
18 89 18 32 89
22 63 22 38 63
14 83 14 34 83
3 67 3 49 67
6 83 6 34 83
9 78 9 40 78
19 74 19 44 74
24 60 24 36 60
8 70 8 39 70
2 76 2 30 76
18 79 18 32 79
8 60 8 39 60
11 76 11 30 76
12 80 12 42 80
8 77 8 54 77
28 61 28 39 61
7 66 7 45 66
28 75 28 38 75
29 80 29 35 80
14 88 14 52 88
2 68 2 35 68
27 69 27 37 69
3 65 3 34 65
1 83 1 44 83
20 82 20 31 82
21 80 21 51 80
14 72 14 38 72
26 64 26 57 64
21 69 21 51 69
23 83 23 25 31 83
11 73 11 56 73
14 86 14 34 86
21 85 21 51 85
21 67 21 32 67
5 80 5 39 80
29 77 29 35 77
16 68 16 43 68
19 78 19 40 78
19 67 19 32 67
11 76 11 30 76
22 71 22 35 71
13 73 13 31 73
11 69 11 30 69
1 75 1 30 75
6 86 6 34 86
28 74 28 39 74
18 63 18 42 63
20 70 20 31 70
9 80 9 39 80
18 80 18 36 80
28 70 28 39 70
19 87 19 42 87
4 86 4 34 86
1 77 1 51 77
3 88 3 33 88
6 85 6 41 85
22 79 22 49 79
14 86 14 34 86
28 65 28 34 65
16 65 16 30 65
29 62 29 36 62
19 60 19 42 60
24 61 24 42 61
3 61 3 43 61
25 83 25 31 83
24 78 24 34 78
28 76 28 47 76
14 78 14 34 78
16 70 16 30 70
24 70 24 35 70
4 77 4 34 77
0 86 0 35 86
5 60 5 39 60
16 87 16 30 87
0 72 0 35 72
22 84 22 49 84
22 71 22 35 71
15 77 15 51 77
21 71 21 32 71
17 69 17 42 69
2 62 2 38 62
24 80 24 35 80
29 84 29 37 84
11 89 11 35 89
27 88 27 41 88
18 89 18 32 89
23 72 23 35 72
11 79 11 30 79
5 77 5 34 77
8 81 8 37 81
7 60 7 36 60
28 63 28 38 63
4 78 4 34 78
13 61 13 31 61
27 82 27 35 82
8 79 8 54 79
7 73 7 58 73
25 76 25 57 76
20 86 20 49 86
6 83 6 34 83
6 72 6 38 72
26 84 26 57 84
29 63 29 48 63
8 74 8 39 74
16 77 16 34 77
3 68 3 43 68
22 84 22 49 84
14 74 14 53 74
10 80 10 50 80
15 72 15 38 72
13 81 13 30 81
24 72 24 35 72
11 69 11 30 69
27 66 27 37 66
26 82 26 39 82
21 70 21 57 70
19 65 19 46 65
4 67 4 54 67
13 78 13 31 78
14 85 14 53 85
4 85 4 51 85
10 63 10 48 63
20 65 20 41 65
0 67 0 2 32 67
14 83 14 34 83
12 72 12 42 72
27 82 27 35 82
24 71 24 35 71
1 77 1 51 77
21 69 21 51 69
2 61 2 39 61
27 65 27 39 65
21 61 21 51 61
14 70 14 43 70
20 76 20 41 76
25 85 25 51 85
15 72 15 38 72
22 76 22 44 76
23 87 23 37 87
3 86 3 34 86
27 89 27 35 89
9 88 9 33 88
14 87 14 42 87
21 63 21 56 63
7 75 7 35 75
16 82 16 40 82
20 73 20 31 73
23 86 23 35 86
24 85 24 55 85
19 87 19 42 87
3 79 3 36 79
17 77 17 34 77
20 63 20 31 63
11 85 11 30 85
26 88 26 41 88
10 67 10 49 67
10 64 10 18 32 64
10 78 10 34 78
15 63 15 38 63
11 73 11 56 73
23 65 23 39 65
6 63 6 38 63
1 66 1 50 66
29 62 29 36 62
19 70 19 33 70
26 68 26 41 68
21 78 21 34 78
26 68 26 41 68
14 88 14 52 88
2 78 2 41 78
22 60 22 49 60
2 73 2 44 73
9 82 9 37 82
12 86 12 44 86
28 89 28 38 89
28 86 28 34 86
0 74 0 39 74
28 87 28 37 87
2 74 2 39 74
2 88 2 41 88
18 71 18 32 71
11 60 11 36 60
1 67 1 32 67
5 80 5 39 80
24 67 24 58 67
27 60 27 39 60
19 64 19 32 64
7 70 7 35 70
17 76 17 55 76
6 70 6 41 70
23 79 23 25 31 79
1 66 1 50 66
23 80 23 35 80
8 69 8 37 69
7 89 7 35 89
26 73 26 39 60 73
1 68 1 30 31 68
19 66 19 33 66
6 71 6 51 71
23 73 23 25 31 73
3 75 3 46 75
17 60 17 42 60
12 63 12 42 63
4 82 4 42 82
0 77 0 35 77
0 84 0 56 84
14 82 14 40 82
15 76 15 41 76
14 83 14 34 83
29 80 29 35 80
6 82 6 51 82
13 78 13 31 78
29 64 29 35 64
20 70 20 31 70
24 66 24 34 66
21 70 21 57 70
16 79 16 30 79
3 71 3 40 71
7 64 7 35 64
22 75 22 35 75
4 86 4 34 86
5 68 5 57 68
6 81 6 34 81
26 76 26 41 76
8 81 8 37 81
11 86 11 35 86
14 75 14 38 75
13 83 13 31 83
15 81 15 41 81
27 83 27 35 55 83
1 76 1 30 76
4 76 4 55 76
12 70 12 47 70
12 78 12 42 78
28 61 28 39 61
6 63 6 38 63
2 84 2 49 84
20 79 20 31 79
6 76 6 41 76
0 70 0 35 70
23 83 23 25 31 83
4 87 4 42 87
10 85 10 53 85
20 67 20 49 67
26 65 26 34 65
10 63 10 48 63
15 83 15 38 83
22 81 22 45 81
28 79 28 53 79
16 88 16 52 88
21 76 21 55 76
23 76 23 25 57 76
28 78 28 34 78
13 78 13 31 78
13 75 13 30 75
13 60 13 39 60
13 63 13 31 63
12 86 12 44 86
24 70 24 35 70
29 61 29 43 61
6 78 6 34 78
5 68 5 57 68
0 83 0 36 83
7 68 7 35 68
13 69 13 30 69
2 69 2 30 69
21 72 21 55 72
0 67 0 2 32 67
5 89 5 32 89
22 70 22 33 70
16 80 16 30 80
18 66 18 33 66
25 60 25 52 60
25 60 25 52 60
4 65 4 34 65
19 81 19 45 81
12 76 12 44 76
23 71 23 35 71
5 73 5 7 58 73
23 70 23 35 70
18 85 18 37 85
4 66 4 33 66
8 65 8 39 65
13 63 13 31 63
9 82 9 37 82
24 82 24 35 82
9 89 9 38 89
12 63 12 42 63
16 85 16 30 85
20 87 20 37 87
23 71 23 35 71
27 64 27 35 64
20 74 20 41 74
17 85 17 51 85
18 79 18 32 79
4 87 4 42 87
25 76 25 57 76
5 62 5 39 62
29 78 29 48 78
15 67 15 38 58 67
21 81 21 34 81
14 70 14 43 70
1 74 1 44 74
2 63 2 38 63
17 65 17 34 65
5 67 5 32 67
4 68 4 42 68
20 77 20 31 77
12 69 12 42 69
6 64 6 13 56 64
27 83 27 35 55 83
27 81 27 37 81
13 81 13 30 81
19 68 19 42 68
0 79 0 36 79
24 72 24 35 72
25 74 25 53 74
9 67 9 54 67
9 89 9 38 89
17 81 17 34 81
1 68 1 30 31 68
24 70 24 35 70
25 89 25 51 89
21 89 21 32 89
9 84 9 37 84
8 67 8 54 67
25 82 25 31 82
1 84 1 51 84
16 61 16 43 61
10 82 10 43 82
16 71 16 40 71
7 69 7 42 69
12 88 12 57 88
10 70 10 33 70
3 64 3 40 64
29 88 29 48 88
5 66 5 34 66
23 84 23 37 84
6 69 6 51 69
26 77 26 34 77
16 88 16 52 88
20 77 20 31 77
3 67 3 49 67
27 83 27 35 55 83
15 81 15 41 81
18 83 18 33 83
11 68 11 35 68
19 75 19 32 75
9 78 9 40 78
0 70 0 35 70
15 66 15 45 66
9 66 9 33 66
2 82 2 35 82
19 84 19 40 78 84
3 82 3 40 82
13 60 13 39 60
15 64 15 44 64
5 85 5 7 41 85
11 70 11 30 70
16 80 16 30 80
17 89 17 51 89
25 88 25 33 88
13 84 13 56 84
29 86 29 35 86
21 62 21 51 62
27 70 27 35 70
20 80 20 40 80
23 68 23 35 68
20 75 20 49 75
6 83 6 34 83
8 80 8 39 80
18 65 18 34 65
8 60 8 39 60
18 62 18 36 62
19 82 19 40 82
26 87 26 57 87
25 68 25 31 68
5 84 5 57 84
1 67 1 32 67
1 83 1 44 83
20 74 20 41 74
5 89 5 32 89
1 67 1 32 67
5 65 5 34 65
6 89 6 38 89
11 86 11 35 86
9 65 9 39 65
8 86 8 12 44 86
29 82 29 35 82
0 89 0 35 89
12 83 12 44 83
8 71 8 37 71
22 65 22 46 65
1 61 1 51 61
5 88 5 52 88
14 84 14 34 78 84
29 66 29 37 66
9 72 9 37 72
22 63 22 38 63
16 66 16 34 66
21 83 21 34 83
25 86 25 52 86
21 87 21 57 87
4 87 4 42 87
20 60 20 49 60
25 61 25 31 61
22 89 22 35 89
23 81 23 37 81
2 62 2 38 62
19 89 19 32 89
9 79 9 50 79
10 81 10 34 81
22 75 22 35 75
17 65 17 34 65
14 86 14 34 86
27 70 27 35 70
19 65 19 46 65
3 71 3 40 71
10 63 10 48 63
23 87 23 37 87
0 62 0 36 62
25 66 25 33 66
15 71 15 45 71
1 66 1 50 66
27 81 27 37 81
14 89 14 38 89
29 72 29 35 72
14 87 14 42 87
17 63 17 42 63
23 67 23 35 49 67
17 61 17 42 61
14 77 14 34 77
2 65 2 30 65
2 72 2 35 72
19 78 19 40 78
19 64 19 32 64
25 88 25 33 88
29 61 29 43 61
2 73 2 44 73
12 69 12 42 69
24 78 24 34 78
29 70 29 35 70
25 80 25 40 80
18 67 18 32 67
24 70 24 35 70
12 66 12 47 66
5 61 5 39 61
19 83 19 33 83
16 64 16 40 64
24 84 24 34 78 84
9 60 9 39 60
20 67 20 49 67
16 86 16 34 86
20 82 20 31 82
22 74 22 44 74
20 83 20 31 83
23 86 23 35 86
24 89 24 35 89
12 76 12 44 76
0 72 0 35 72
1 85 1 30 85
17 72 17 42 72
5 75 5 32 75
24 87 24 36 87
8 79 8 54 79
15 69 15 39 69
11 79 11 30 79
23 86 23 35 86
16 67 16 30 31 49 67
3 60 3 36 60
28 87 28 37 87
3 62 3 36 62
6 65 6 34 65
6 66 6 34 66
22 78 22 45 78
17 75 17 42 75
19 79 19 32 79
21 82 21 51 82
9 64 9 40 64
3 89 3 36 89
21 71 21 32 71
19 62 19 46 62
2 70 2 30 70
16 87 16 30 87
0 67 0 2 32 67
3 86 3 34 86
24 70 24 35 70
4 67 4 54 67
9 76 9 47 76
28 88 28 48 88
25 64 25 40 64
4 89 4 45 89
26 61 26 39 61
13 74 13 39 74
18 62 18 36 62
4 84 4 51 84
15 75 15 38 75
13 70 13 30 70
18 61 18 42 61
10 61 10 43 61
13 71 13 31 37 71
9 81 9 37 81
4 87 4 42 87
16 77 16 34 77
2 78 2 41 78
24 64 24 35 64
3 72 3 33 66 72
2 62 2 38 62
13 67 13 31 49 67
22 89 22 35 89
3 88 3 33 88
29 71 29 35 71
5 65 5 34 65
5 83 5 34 83
7 89 7 35 89
13 85 13 30 85
13 63 13 31 63
20 70 20 31 70
21 77 21 34 77
18 78 18 34 78
21 63 21 56 63
27 73 27 49 73
21 71 21 32 71
14 84 14 34 78 84
23 60 23 39 60
27 72 27 35 72
15 65 15 39 65
12 69 12 42 69
25 85 25 51 85
16 70 16 30 70
4 80 4 42 80
7 75 7 35 75
25 68 25 31 68
14 63 14 38 63
14 65 14 34 65
15 72 15 38 72
2 69 2 30 69
17 87 17 42 87
1 88 1 51 88
7 82 7 35 82
13 73 13 31 73
25 79 25 31 79
0 87 0 36 87
12 77 12 57 77
0 89 0 35 89
20 74 20 41 74
15 85 15 41 85
26 68 26 41 68
21 72 21 55 72
2 67 2 32 67
11 60 11 36 60
4 82 4 42 82
27 87 27 37 87
26 77 26 34 77
21 60 21 55 60
12 85 12 18 37 85
17 81 17 34 81
10 67 10 49 67
13 89 13 39 89
6 72 6 38 72
26 68 26 41 68
13 69 13 30 69
27 83 27 35 55 83
10 85 10 53 85
23 64 23 35 64
11 71 11 35 71
6 79 6 50 79
6 73 6 13 31 73
26 65 26 34 65
29 62 29 36 62
27 87 27 37 87
27 83 27 35 55 83
9 62 9 38 62
6 63 6 38 63
7 84 7 41 78 84
27 68 27 35 68
5 87 5 57 87
21 79 21 32 79
7 87 7 36 87
25 60 25 52 60
8 75 8 38 75
25 83 25 31 83
15 71 15 45 71
27 86 27 35 86
4 81 4 34 81
16 74 16 47 74
22 65 22 46 65
6 61 6 41 61
2 80 2 30 80
5 74 5 39 74
5 82 5 39 82
1 62 1 50 62
8 64 8 12 44 64
29 62 29 36 62
15 89 15 38 89
25 89 25 51 89
10 66 10 33 66
9 81 9 37 81
22 63 22 38 63
15 77 15 51 77
6 66 6 34 66
21 60 21 55 60
11 72 11 35 72
13 89 13 39 89
11 79 11 30 79
2 68 2 35 68
19 73 19 44 73
14 72 14 38 72
16 62 16 36 62
14 69 14 42 69
3 62 3 36 62
13 83 13 31 83
2 80 2 30 80
9 64 9 40 64
16 72 16 50 72
29 71 29 35 71
9 81 9 37 81
15 77 15 51 77
24 82 24 35 82
25 88 25 33 88
1 78 1 51 78
0 84 0 56 84
25 82 25 31 82
26 85 26 41 85
11 72 11 35 72
6 71 6 51 71
5 72 5 7 35 72
17 62 17 51 62
10 80 10 50 80
19 87 19 42 87
16 79 16 30 79
23 85 23 37 85
29 60 29 36 60
1 75 1 30 75
23 78 23 25 31 78
24 81 24 34 81
13 82 13 31 82
17 66 17 34 66
16 83 16 34 83
22 76 22 44 76
22 67 22 49 67
13 78 13 31 78
5 77 5 34 77
13 86 13 31 49 86
8 85 8 37 85
22 76 22 44 76
6 60 6 8 39 60
13 83 13 31 83
6 71 6 51 71
8 75 8 38 75
8 68 8 38 68
11 66 11 37 66
4 62 4 51 62
16 73 16 36 60 73
22 61 22 43 61
21 79 21 32 79
7 68 7 35 68
2 80 2 30 80
20 68 20 31 68
12 82 12 42 82
1 82 1 51 82
19 81 19 45 81
0 79 0 36 79
24 77 24 34 77
26 72 26 41 72
26 78 26 34 78
6 73 6 13 31 73
8 68 8 38 68
14 67 14 54 67
19 89 19 32 89
4 72 4 42 72
28 60 28 39 60
8 74 8 39 74
3 73 3 49 73
6 63 6 38 63
28 75 28 38 75
6 84 6 51 84
10 73 10 49 73
10 72 10 50 72
13 80 13 30 80
13 82 13 31 82
23 83 23 25 31 83
9 74 9 39 74
3 89 3 36 89
16 88 16 52 88
13 83 13 31 83
24 74 24 47 74
25 67 25 31 49 67
10 61 10 43 61
21 67 21 32 67
1 64 1 32 64
24 71 24 35 71
9 72 9 37 72
15 60 15 39 60
12 86 12 44 86
6 70 6 41 70
21 70 21 57 70
26 79 26 55 79
29 71 29 35 71
27 84 27 37 84
17 74 17 53 74
24 70 24 35 70
23 73 23 25 31 73
6 81 6 34 81
26 62 26 39 62
23 70 23 35 70
11 61 11 41 61
21 76 21 55 76
3 68 3 43 68
16 67 16 30 31 49 67
27 84 27 37 84
27 73 27 49 73
25 61 25 31 61
19 73 19 44 73
15 82 15 39 82
28 86 28 34 86
21 76 21 55 76
25 70 25 31 70
12 69 12 42 69
21 76 21 55 76
11 61 11 41 61
10 85 10 53 85
9 78 9 40 78
26 74 26 39 74
28 89 28 38 89
29 76 29 48 76
24 88 24 35 49 88
10 60 10 49 60
7 60 7 36 60
9 65 9 39 65
1 76 1 30 76
27 89 27 35 89
11 76 11 30 76
5 78 5 34 78
0 80 0 35 80
9 80 9 39 80
14 66 14 34 66
10 80 10 50 80
24 61 24 42 61
8 76 8 41 76
11 82 11 35 82
19 72 19 42 72
26 83 26 34 83
12 89 12 44 89
28 62 28 38 62
18 68 18 42 68
1 83 1 44 83
22 75 22 35 75
20 64 20 40 64
19 82 19 40 82
21 60 21 55 60
6 60 6 8 39 60
3 78 3 34 78
26 84 26 57 84
18 84 18 37 84
17 87 17 42 87
23 81 23 37 81
3 73 3 49 73
5 63 5 39 63
24 85 24 55 85
20 77 20 31 77
4 87 4 42 87
10 88 10 33 88
7 71 7 35 71
18 70 18 33 70
14 67 14 54 67
6 78 6 34 78
19 88 19 33 88
29 75 29 35 75
11 75 11 30 75
10 88 10 33 88
14 63 14 38 63
5 68 5 57 68
18 61 18 42 61
21 76 21 55 76
17 71 17 40 71
2 87 2 30 87
10 79 10 49 79
5 82 5 39 82
25 85 25 51 85
23 67 23 35 49 67
23 85 23 37 85
21 75 21 32 75
29 66 29 37 66
18 85 18 37 85
19 88 19 33 88
8 74 8 39 74
5 74 5 39 74
7 71 7 35 71
16 68 16 43 68
4 67 4 54 67
6 82 6 51 82
12 65 12 47 65
8 61 8 39 61
5 76 5 57 76
0 88 0 41 88
6 83 6 34 83
26 64 26 57 64
20 89 20 57 89
29 69 29 37 69
20 79 20 31 79
29 78 29 48 78
5 63 5 39 63
23 64 23 35 64
8 64 8 12 44 64
21 88 21 51 88
18 73 18 49 73
23 75 23 35 75
2 74 2 39 74
5 82 5 39 82
19 64 19 32 64
0 65 0 36 65
26 60 26 39 60
26 65 26 34 65
2 79 2 30 79
2 67 2 32 67
0 80 0 35 80
17 66 17 34 66
11 71 11 35 71
9 66 9 33 66
26 88 26 41 88
0 61 0 39 61
28 69 28 37 69
14 81 14 34 81
18 73 18 49 73
28 65 28 34 65
27 62 27 39 62
26 66 26 34 66
6 85 6 41 85
18 81 18 34 81
5 74 5 39 74
29 88 29 48 88
4 85 4 51 85
10 86 10 34 86
1 86 1 44 86
19 87 19 42 87
28 72 28 37 72
18 62 18 36 62
0 74 0 39 74
24 68 24 35 68
6 77 6 34 77
15 70 15 39 70
5 71 5 32 71
23 69 23 37 69
29 61 29 43 61
0 82 0 35 82
25 69 25 43 69
17 80 17 40 80
16 64 16 40 64
3 73 3 49 73
7 77 7 35 77
11 62 11 36 62
4 88 4 33 88
28 66 28 34 66
25 76 25 57 76
11 79 11 30 79
2 86 2 35 86
19 83 19 33 83
15 64 15 44 64
8 78 8 41 78
27 87 27 37 87
16 71 16 40 71
26 68 26 41 68
10 74 10 48 74
13 61 13 31 61
14 82 14 40 82
27 82 27 35 82
14 80 14 40 80
20 89 20 57 89
27 78 27 41 78
16 89 16 36 89
27 62 27 39 62
6 65 6 34 65
25 67 25 31 49 67
19 72 19 42 72
26 88 26 41 88
21 85 21 51 85
23 70 23 35 70
25 62 25 43 62
6 86 6 34 86
27 79 27 49 79
27 64 27 35 64
26 88 26 41 88
23 67 23 35 49 67
3 72 3 33 66 72
29 75 29 35 75
27 60 27 39 60
8 75 8 38 75
21 71 21 32 71
25 84 25 51 84
27 79 27 49 79
19 65 19 46 65
2 74 2 39 74
24 68 24 35 68
9 81 9 37 81
7 77 7 35 77
6 73 6 13 31 73
15 84 15 51 84
25 68 25 31 68
20 71 20 37 71
23 67 23 35 49 67
16 85 16 30 85
0 87 0 36 87
29 77 29 35 77
14 66 14 34 66
9 78 9 40 78
25 78 25 31 78
18 70 18 33 70
11 85 11 30 85
25 77 25 31 77
26 85 26 41 85
8 71 8 37 71
13 74 13 39 74
22 73 22 44 73
6 67 6 8 54 67
7 65 7 36 65
27 68 27 35 68
10 88 10 33 88
4 63 4 42 63
6 63 6 38 63
6 64 6 13 56 64
20 86 20 49 86
8 87 8 37 87
22 88 22 33 88
23 71 23 35 71
26 84 26 57 84
9 65 9 39 65
16 78 16 34 78
8 89 8 38 89
13 64 13 56 64
10 75 10 49 75
14 69 14 42 69
6 77 6 34 77
9 77 9 54 77
6 85 6 41 85
21 89 21 32 89
1 70 1 30 70
18 66 18 33 66
23 61 23 39 61
0 89 0 35 89
16 78 16 34 78
13 75 13 30 75
10 67 10 49 67
3 67 3 49 67
2 68 2 35 68
27 70 27 35 70
25 89 25 51 89
26 63 26 39 63
27 85 27 37 85
24 65 24 34 65
28 75 28 38 75
8 85 8 37 85
6 64 6 13 56 64
23 65 23 39 65
0 72 0 35 72
28 66 28 34 66
18 86 18 34 86
5 86 5 34 86
3 72 3 33 66 72
22 60 22 49 60
22 63 22 38 63
12 69 12 42 69
16 69 16 30 69
2 70 2 30 70
22 72 22 35 72
23 70 23 35 70
22 75 22 35 75
21 80 21 51 80
11 85 11 30 85
15 76 15 41 76
7 87 7 36 87
24 70 24 35 70
0 77 0 35 77
18 73 18 49 73
3 88 3 33 88
26 66 26 34 66
22 76 22 44 76
10 85 10 53 85
19 63 19 42 63
5 76 5 57 76
10 73 10 49 73
26 74 26 39 74
1 70 1 30 70
14 63 14 38 63
8 67 8 54 67
1 68 1 30 31 68
22 71 22 35 71
11 88 11 41 88
3 67 3 49 67
11 82 11 35 82
5 79 5 32 79
26 68 26 41 68
7 70 7 35 70
5 84 5 57 84
8 89 8 38 89
25 68 25 31 68
16 71 16 40 71
3 72 3 33 66 72
17 74 17 53 74
19 67 19 32 67
7 75 7 35 75
14 65 14 34 65
25 69 25 43 69
16 78 16 34 78
8 84 8 37 84
10 73 10 49 73
0 88 0 41 88
29 79 29 36 79
0 79 0 36 79
9 67 9 54 67
2 80 2 30 80
7 79 7 36 79
16 78 16 34 78
18 76 18 47 76
4 70 4 33 70
23 65 23 39 65
26 62 26 39 62
16 70 16 30 70
8 86 8 12 44 86
21 74 21 29 48 74
15 74 15 39 74
29 88 29 48 88
12 89 12 44 89
29 76 29 48 76
4 85 4 51 85
23 89 23 35 89
11 76 11 30 76
29 80 29 35 80
27 88 27 41 88
23 86 23 35 86
1 82 1 51 82
0 78 0 40 78
7 65 7 36 65
5 62 5 39 62
24 64 24 35 64
16 83 16 34 83
19 77 19 54 77
1 72 1 44 72
19 65 19 46 65
18 81 18 34 81
3 76 3 40 64 76
8 60 8 39 60
1 64 1 32 64
16 89 16 36 89
5 70 5 39 70
6 84 6 51 84
3 83 3 33 83
27 72 27 35 72
27 81 27 37 81
14 84 14 34 78 84
8 60 8 39 60
18 85 18 37 85
2 60 2 39 60
24 75 24 35 75
10 60 10 49 60
22 85 22 46 85
15 76 15 41 76
26 60 26 39 60
13 67 13 31 49 67
11 78 11 41 78
23 89 23 35 89
29 75 29 35 75
15 70 15 39 70
0 71 0 35 71
10 79 10 49 79
17 67 17 42 54 67
7 70 7 35 70
13 81 13 30 81
1 80 1 30 80
28 74 28 39 74
11 89 11 35 89
13 87 13 30 87
16 84 16 34 78 84
10 72 10 50 72
10 71 10 18 32 71
24 89 24 35 89
12 83 12 44 83
29 68 29 35 68
25 69 25 43 69
24 82 24 35 82
27 82 27 35 82
18 79 18 32 79
17 66 17 34 66
23 84 23 37 84
25 87 25 43 87
29 82 29 35 82
16 68 16 43 68
20 75 20 49 75
8 85 8 37 85
26 63 26 39 63
23 64 23 35 64
24 66 24 34 66
24 69 24 42 69
26 72 26 41 72
12 67 12 18 32 67
26 64 26 57 64
5 67 5 32 67
13 63 13 31 63
17 87 17 42 87
27 61 27 39 61
26 72 26 41 72
9 87 9 37 87
20 71 20 37 71
26 83 26 34 83
21 61 21 51 61
26 80 26 39 80
22 89 22 35 89
14 86 14 34 86
20 69 20 37 69
15 69 15 39 69
29 86 29 35 86
11 78 11 41 78
21 63 21 56 63
4 70 4 33 70
5 80 5 39 80
10 89 10 48 89
5 80 5 39 80
15 65 15 39 65
15 77 15 51 77
16 70 16 30 70
20 63 20 31 63
18 83 18 33 83
25 86 25 52 86
10 67 10 49 67
29 63 29 48 63
18 84 18 37 84
18 73 18 49 73
17 66 17 34 66
27 85 27 37 85
4 67 4 54 67
22 88 22 33 88
25 78 25 31 78
29 89 29 35 89
14 74 14 53 74
14 65 14 34 65
27 60 27 39 60
13 67 13 31 49 67
10 67 10 49 67
26 88 26 41 88
24 69 24 42 69
28 62 28 38 62
15 88 15 41 88
13 82 13 31 82
9 66 9 33 66
11 77 11 35 77
24 89 24 35 89
7 69 7 42 69
24 88 24 35 49 88
20 87 20 37 87
29 78 29 48 78
11 82 11 35 82
21 77 21 34 77
0 68 0 35 68
7 61 7 41 61
1 70 1 30 70
0 62 0 36 62
16 62 16 36 62
5 89 5 32 89
15 82 15 39 82
23 71 23 35 71
21 76 21 55 76
4 62 4 51 62
20 77 20 31 77
24 82 24 35 82
4 60 4 42 60
5 70 5 39 70
19 74 19 44 74
24 82 24 35 82
11 76 11 30 76
0 83 0 36 83
2 68 2 35 68
19 65 19 46 65
3 63 3 20 31 63
2 62 2 38 62
22 75 22 35 75
25 88 25 33 88
3 72 3 33 66 72
19 86 19 44 86
24 60 24 36 60
5 77 5 34 77
6 84 6 51 84
9 88 9 33 88
6 61 6 41 61
27 66 27 37 66
22 71 22 35 71
5 77 5 34 77
0 63 0 39 63
20 88 20 33 88
25 60 25 52 60
16 85 16 30 85
23 81 23 37 81
0 71 0 35 71
15 73 15 44 73
13 61 13 31 61
20 87 20 37 87
0 88 0 41 88
25 62 25 43 62
23 75 23 35 75
16 73 16 36 60 73
5 63 5 39 63
26 88 26 41 88
6 85 6 41 85
9 72 9 37 72
2 89 2 32 89
0 85 0 41 85
20 67 20 49 67
27 73 27 49 73
1 72 1 44 72
27 72 27 35 72
24 77 24 34 77
21 74 21 29 48 74
1 78 1 51 78
25 88 25 33 88
26 78 26 34 78
15 84 15 51 84
25 67 25 31 49 67
11 82 11 35 82
29 65 29 36 65
24 68 24 35 68
6 85 6 41 85
8 85 8 37 85
26 80 26 39 80
8 67 8 54 67
9 82 9 37 82
0 77 0 35 77
10 65 10 34 65
3 80 3 36 80
4 65 4 34 65
3 79 3 36 79
23 76 23 25 57 76
21 69 21 51 69
24 84 24 34 78 84
11 80 11 30 80
26 72 26 41 72
1 73 1 44 73
9 71 9 37 71
29 63 29 48 63
15 82 15 39 82
16 61 16 43 61
14 73 14 42 60 73
12 88 12 57 88
14 88 14 52 88
5 63 5 39 63
9 63 9 38 63
7 64 7 35 64
11 86 11 35 86
29 82 29 35 82
3 80 3 36 80
22 86 22 35 86
25 65 25 51 65
18 66 18 33 66
9 66 9 33 66
12 83 12 44 83
29 84 29 37 84
16 82 16 40 82
14 62 14 38 62
6 76 6 41 76
8 61 8 39 61
9 60 9 39 60
3 67 3 49 67
15 62 15 38 62
29 66 29 37 66
4 69 4 42 69
13 81 13 30 81
13 82 13 31 82
5 67 5 32 67
1 85 1 30 85
23 73 23 25 31 73
4 70 4 33 70
16 76 16 30 76
29 71 29 35 71
22 74 22 44 74
19 69 19 42 69
19 63 19 42 63
5 81 5 34 81
8 80 8 39 80
21 61 21 51 61
16 80 16 30 80
7 66 7 45 66
15 74 15 39 74
19 68 19 42 68
6 67 6 8 54 67
9 70 9 33 70
22 65 22 46 65
24 79 24 36 79
3 65 3 34 65
6 72 6 38 72
25 61 25 31 61
13 80 13 30 80
5 68 5 57 68
18 73 18 49 73
4 85 4 51 85
14 60 14 42 60
8 81 8 37 81
23 82 23 35 82
4 86 4 34 86
18 86 18 34 86
0 63 0 39 63
8 86 8 12 44 86
12 69 12 42 69
23 71 23 35 71
15 82 15 39 82
5 84 5 57 84
3 71 3 40 71
14 71 14 40 71
14 69 14 42 69
0 67 0 2 32 67
26 65 26 34 65
14 86 14 34 86
23 65 23 39 65
17 88 17 51 88
11 71 11 35 71
8 86 8 12 44 86
27 79 27 49 79
12 87 12 42 87
12 65 12 47 65
21 70 21 57 70
23 76 23 25 57 76
8 84 8 37 84
9 80 9 39 80
27 61 27 39 61
4 80 4 42 80
10 89 10 48 89
28 69 28 37 69
6 69 6 51 69
4 66 4 33 66
2 83 2 38 83
18 81 18 34 81
20 75 20 49 75
2 89 2 32 89
3 62 3 36 62
14 73 14 42 60 73
26 70 26 39 70
3 69 3 43 69
4 64 4 56 64
15 69 15 39 69
5 60 5 39 60
29 62 29 36 62
17 71 17 40 71
15 64 15 44 64
17 69 17 42 69
16 86 16 34 86
14 85 14 53 85
24 70 24 35 70
13 63 13 31 63
22 86 22 35 86
1 63 1 30 31 63
19 72 19 42 72
2 76 2 30 76
1 68 1 30 31 68
4 72 4 42 72
15 60 15 39 60
26 79 26 55 79
22 85 22 46 85
3 79 3 36 79
4 60 4 42 60
17 77 17 34 77
9 75 9 38 75
10 79 10 49 79
22 81 22 45 81
27 81 27 37 81
25 68 25 31 68
14 83 14 34 83
0 74 0 39 74
17 66 17 34 66
21 86 21 34 86
2 68 2 35 68
29 60 29 36 60
25 64 25 40 64
13 86 13 31 49 86
22 62 22 38 62
6 81 6 34 81
29 84 29 37 84
14 68 14 38 68
15 72 15 38 72
25 83 25 31 83
7 61 7 41 61
5 67 5 32 67
23 76 23 25 57 76
17 81 17 34 81
7 69 7 42 69
19 84 19 40 78 84
2 83 2 38 83
12 70 12 47 70
13 84 13 56 84
17 82 17 40 82
19 61 19 42 61
26 78 26 34 78
0 82 0 35 82
13 86 13 31 49 86
3 79 3 36 79
13 89 13 39 89
13 67 13 31 49 67
6 77 6 34 77
6 79 6 50 79
11 81 11 30 81
26 64 26 57 64
22 89 22 35 89
24 73 24 58 73
1 70 1 30 70
20 72 20 37 72
22 88 22 33 88
19 77 19 54 77
14 70 14 43 70
27 60 27 39 60
15 80 15 39 80
22 69 22 43 69
22 78 22 45 78
4 73 4 56 73
13 60 13 39 60
23 80 23 35 80
8 76 8 41 76
19 78 19 40 78
21 77 21 34 77
24 79 24 36 79
19 77 19 54 77
27 86 27 35 86
16 78 16 34 78
25 75 25 51 75
18 63 18 42 63
16 79 16 30 79
3 70 3 33 70
27 77 27 35 77
15 81 15 41 81
28 70 28 39 70
29 69 29 37 69
23 63 23 39 63
1 75 1 30 75
6 84 6 51 84
29 84 29 37 84
19 87 19 42 87
2 78 2 41 78
23 71 23 35 71
4 84 4 51 84
8 89 8 38 89
17 78 17 34 78
8 71 8 37 71
6 72 6 38 72
15 88 15 41 88
0 84 0 56 84
17 60 17 42 60
0 88 0 41 88
15 71 15 45 71
25 80 25 40 80
7 61 7 41 61
0 65 0 36 65
13 87 13 30 87
8 86 8 12 44 86
28 72 28 37 72
18 85 18 37 85
9 69 9 37 69
9 71 9 37 71
10 81 10 34 81
29 66 29 37 66
21 72 21 55 72
21 76 21 55 76
17 70 17 29 35 70
5 81 5 34 81
9 87 9 37 87
21 75 21 32 75
7 72 7 35 72
4 88 4 33 88
3 87 3 36 87
24 72 24 35 72
10 75 10 49 75
13 65 13 30 65
22 80 22 35 80
16 66 16 34 66
6 74 6 41 74
6 79 6 50 79
2 72 2 35 72
16 60 16 36 60
11 76 11 30 76
19 67 19 32 67
8 85 8 37 85
8 72 8 37 72
11 88 11 41 88
12 67 12 18 32 67
11 63 11 38 63
10 61 10 43 61
13 66 13 47 66
16 83 16 34 83
29 81 29 36 81
1 63 1 30 31 63
27 76 27 41 76
19 80 19 40 80
9 77 9 54 77
18 66 18 33 66
26 82 26 39 82
4 74 4 34 65 74
22 74 22 44 74
10 79 10 49 79
3 76 3 40 64 76
27 77 27 35 77
27 84 27 37 84
21 61 21 51 61
6 87 6 8 37 87
1 69 1 30 69
1 62 1 50 62
28 80 28 39 80
23 73 23 25 31 73
18 69 18 37 69
17 61 17 42 61
25 72 25 28 37 72
28 61 28 39 61
15 73 15 44 73
10 63 10 48 63
20 86 20 49 86
0 80 0 35 80
11 87 11 30 87
13 77 13 31 77
13 79 13 30 79
18 77 18 34 77
19 74 19 44 74
25 70 25 31 70
10 79 10 49 79
6 63 6 38 63
11 88 11 41 88
23 75 23 35 75
3 85 3 46 85
1 63 1 30 31 63
6 77 6 34 77
19 69 19 42 69
2 69 2 30 69
15 80 15 39 80
29 61 29 43 61
2 67 2 32 67
6 82 6 51 82
10 87 10 43 87
14 80 14 40 80
15 75 15 38 75
11 83 11 36 83
7 73 7 58 73
12 85 12 18 37 85
8 86 8 12 44 86
24 78 24 34 78
15 78 15 41 78
1 70 1 30 70
4 66 4 33 66
15 60 15 39 60
24 64 24 35 64
4 79 4 51 79
18 85 18 37 85
3 70 3 33 70
3 74 3 46 74
13 74 13 39 74
23 65 23 39 65
7 72 7 35 72
12 64 12 44 64
19 64 19 32 64
13 70 13 30 70
0 66 0 40 66
18 63 18 42 63
4 88 4 33 88
23 74 23 39 74
3 80 3 36 80
12 75 12 42 75
29 68 29 35 68
23 71 23 35 71
25 62 25 43 62
10 68 10 43 68
3 61 3 43 61
7 85 7 41 85
12 75 12 42 75
15 73 15 44 73
12 88 12 57 88
5 81 5 34 81
21 69 21 51 69
18 72 18 37 72
21 68 21 57 68
25 73 25 31 73
27 70 27 35 70
7 60 7 36 60
22 62 22 38 62
26 61 26 39 61
27 79 27 49 79
18 75 18 32 75
19 63 19 42 63
29 63 29 48 63
4 61 4 42 61
22 68 22 35 68
21 65 21 34 65
1 64 1 32 64
7 70 7 35 70
8 76 8 41 76
23 69 23 37 69
1 79 1 30 79
5 62 5 39 62
0 60 0 36 60
17 62 17 51 62
0 70 0 35 70
4 87 4 42 87
18 61 18 42 61
25 83 25 31 83
20 87 20 37 87
15 86 15 44 86
29 73 29 56 73
21 63 21 56 63
28 82 28 37 82
2 81 2 30 81
11 77 11 35 77
24 81 24 34 81
2 87 2 30 87
18 81 18 34 81
25 63 25 31 63
29 82 29 35 82
12 68 12 42 68
19 89 19 32 89
24 65 24 34 65
22 75 22 35 75
21 71 21 32 71
14 72 14 38 72
3 88 3 33 88
13 76 13 30 76
19 78 19 40 78
18 82 18 37 82
6 66 6 34 66
25 62 25 43 62
26 65 26 34 65
0 81 0 36 81
23 68 23 35 68
2 67 2 32 67
16 64 16 40 64
20 87 20 37 87
13 73 13 31 73
22 73 22 44 73
11 86 11 35 86
10 77 10 34 77
15 73 15 44 73
19 71 19 32 71
13 66 13 47 66
11 82 11 35 82
23 78 23 25 31 78
13 62 13 39 62
13 76 13 30 76
27 68 27 35 68
4 75 4 42 75
22 60 22 49 60
20 78 20 31 78
12 72 12 42 72
17 76 17 55 76
17 61 17 42 61
13 73 13 31 73
25 85 25 51 85
4 73 4 56 73
6 78 6 34 78
3 82 3 40 82
13 88 13 31 49 88
18 72 18 37 72
23 66 23 37 66
15 71 15 45 71
13 61 13 31 61
19 76 19 44 76
14 83 14 34 83
26 61 26 39 61
11 67 11 58 67
11 80 11 30 80
29 66 29 37 66
23 74 23 39 74
22 71 22 35 71
14 73 14 42 60 73
18 86 18 34 86
21 87 21 57 87
3 70 3 33 70
14 71 14 40 71
7 79 7 36 79
2 80 2 30 80
17 65 17 34 65
24 71 24 35 71
27 71 27 35 71
0 81 0 36 81
27 62 27 39 62
29 62 29 36 62
10 85 10 53 85
11 61 11 41 61
7 76 7 41 76
17 74 17 53 74
3 72 3 33 66 72
22 74 22 44 74
19 67 19 32 67
26 77 26 34 77
27 68 27 35 68
11 68 11 35 68
29 64 29 35 64
4 75 4 42 75
27 69 27 37 69
19 63 19 42 63
12 63 12 42 63
27 88 27 41 88
29 87 29 36 87
14 71 14 40 71
17 89 17 51 89
28 76 28 47 76
4 77 4 34 77
21 62 21 51 62
2 71 2 32 71
6 88 6 41 88
23 67 23 35 49 67
20 67 20 49 67
21 71 21 32 71
9 82 9 37 82
22 76 22 44 76
18 86 18 34 86
22 61 22 43 61
16 64 16 40 64
10 62 10 43 62
9 85 9 37 85
0 85 0 41 85
12 87 12 42 87
1 89 1 32 89
10 84 10 49 84
13 75 13 30 75
19 69 19 42 69
15 62 15 38 62
0 73 0 56 73
26 74 26 39 74
19 80 19 40 80
18 71 18 32 71
6 65 6 34 65
0 72 0 35 72
18 86 18 34 86
20 61 20 31 61
22 79 22 49 79
24 62 24 36 62
25 61 25 31 61
14 85 14 53 85
16 68 16 43 68
26 82 26 39 82
14 69 14 42 69
9 78 9 40 78
16 79 16 30 79
22 66 22 33 66
26 75 26 57 75
17 87 17 42 87
10 81 10 34 81
22 81 22 45 81
19 88 19 33 88
8 88 8 41 88
16 84 16 34 78 84
10 88 10 33 88
12 74 12 44 74
27 89 27 35 89
5 70 5 39 70
22 63 22 38 63
11 87 11 30 87
20 64 20 40 64
19 85 19 46 85
25 69 25 43 69
3 76 3 40 64 76
0 60 0 36 60
17 84 17 51 84
12 72 12 42 72
3 85 3 46 85
21 60 21 55 60
2 89 2 32 89
21 82 21 51 82
14 87 14 42 87
7 81 7 36 81
27 85 27 37 85
8 75 8 38 75
25 61 25 31 61
23 72 23 35 72
16 80 16 30 80
26 67 26 41 58 67
17 65 17 34 65
20 67 20 49 67
5 73 5 7 58 73
2 78 2 41 78
0 60 0 36 60
23 79 23 25 31 79
4 70 4 33 70
5 89 5 32 89
26 82 26 39 82
15 66 15 45 66
20 89 20 57 89
25 72 25 28 37 72
17 81 17 34 81
28 76 28 47 76
1 66 1 50 66
27 77 27 35 77
26 86 26 34 86
9 71 9 37 71
24 65 24 34 65
29 84 29 37 84
22 67 22 49 67
26 81 26 34 81
22 64 22 35 64
14 74 14 53 74
27 61 27 39 61
14 77 14 34 77
2 62 2 38 62
24 80 24 35 80
10 82 10 43 82
8 89 8 38 89
26 67 26 41 58 67
15 75 15 38 75
10 70 10 33 70
13 62 13 39 62
3 79 3 36 79
28 69 28 37 69
21 86 21 34 86
26 61 26 39 61
10 76 10 48 76
13 71 13 31 37 71
2 82 2 35 82
23 81 23 37 81
13 83 13 31 83
12 65 12 47 65
24 89 24 35 89
5 81 5 34 81
29 70 29 35 70
21 79 21 32 79
27 68 27 35 68
20 81 20 37 81
4 70 4 33 70
6 60 6 8 39 60
23 78 23 25 31 78
4 86 4 34 86
25 78 25 31 78
25 89 25 51 89
27 76 27 41 76
17 79 17 51 79
25 64 25 40 64
4 70 4 33 70
22 69 22 43 69
24 68 24 35 68
14 87 14 42 87
24 66 24 34 66
18 77 18 34 77
9 88 9 33 88
13 77 13 31 77
24 83 24 34 83
15 68 15 38 68
13 60 13 39 60
1 65 1 30 65
10 72 10 50 72
4 63 4 42 63
6 77 6 34 77
22 76 22 44 76
4 62 4 51 62
26 62 26 39 62
7 67 7 58 67
8 66 8 37 66
19 86 19 44 86
2 65 2 30 65
24 75 24 35 75
6 70 6 41 70
24 61 24 42 61
15 81 15 41 81
10 66 10 33 66
29 63 29 48 63
15 79 15 51 79
15 81 15 41 81
25 65 25 51 65
10 73 10 49 73
3 80 3 36 80
22 86 22 35 86
26 66 26 34 66
17 70 17 29 35 70
3 77 3 34 77
6 73 6 13 31 73
22 78 22 45 78
5 78 5 34 78
13 79 13 30 79
3 69 3 43 69
14 89 14 38 89
9 81 9 37 81
2 71 2 32 71
28 79 28 53 79
19 62 19 46 62
10 89 10 48 89
19 70 19 33 70
5 64 5 32 64
13 60 13 39 60
15 67 15 38 58 67
16 77 16 34 77
2 66 2 49 66
9 64 9 40 64
0 62 0 36 62
22 87 22 43 87
4 75 4 42 75
8 63 8 38 63
28 71 28 37 71
2 72 2 35 72
25 61 25 31 61
25 80 25 40 80
10 81 10 34 81
18 66 18 33 66
29 84 29 37 84
29 68 29 35 68
22 87 22 43 87
28 78 28 34 78
15 75 15 38 75
20 84 20 37 84
29 67 29 35 49 67
14 76 14 24 47 76
22 62 22 38 62
12 83 12 44 83
19 80 19 40 80
20 61 20 31 61
28 72 28 37 72
10 65 10 34 65
18 70 18 33 70
0 65 0 36 65
28 75 28 38 75
26 66 26 34 66
5 83 5 34 83
4 79 4 51 79
14 74 14 53 74
25 66 25 33 66
1 78 1 51 78
9 81 9 37 81
12 87 12 42 87
5 61 5 39 61
14 86 14 34 86
21 84 21 51 84
4 87 4 42 87
1 61 1 51 61
3 65 3 34 65
23 65 23 39 65
6 82 6 51 82
24 85 24 55 85
22 65 22 46 65
27 88 27 41 88
22 68 22 35 68
25 63 25 31 63
22 82 22 35 82
16 83 16 34 83
5 61 5 39 61
4 66 4 33 66
20 67 20 49 67
4 78 4 34 78
9 73 9 56 73
14 75 14 38 75
19 80 19 40 80
5 75 5 32 75
16 64 16 40 64
5 83 5 34 83
7 66 7 45 66
23 77 23 35 77
13 64 13 56 64
24 77 24 34 77
15 78 15 41 78
7 62 7 36 62
2 89 2 32 89
5 64 5 32 64
21 77 21 34 77
4 72 4 42 72
3 72 3 33 66 72
8 84 8 37 84
14 74 14 53 74
9 81 9 37 81
11 81 11 30 81
6 77 6 34 77
14 87 14 42 87
13 68 13 31 68
23 77 23 35 77
29 62 29 36 62
25 82 25 31 82
18 75 18 32 75
22 69 22 43 69
14 83 14 34 83
2 88 2 41 88
17 73 17 42 60 73
20 80 20 40 80
22 63 22 38 63
7 80 7 35 80
4 62 4 51 62
2 77 2 35 77
6 84 6 51 84
20 68 20 31 68
28 76 28 47 76
23 70 23 35 70
22 76 22 44 76
24 76 24 47 76
29 86 29 35 86
23 84 23 37 84
2 66 2 49 66
10 68 10 43 68
19 67 19 32 67
24 83 24 34 83
9 64 9 40 64
19 88 19 33 88
1 87 1 30 87
20 63 20 31 63
14 73 14 42 60 73
20 67 20 49 67
4 61 4 42 61
14 77 14 34 77
26 85 26 41 85
4 66 4 33 66
6 67 6 8 54 67
13 66 13 47 66
5 82 5 39 82
22 60 22 49 60
19 75 19 32 75
27 76 27 41 76
28 88 28 48 88
3 86 3 34 86
7 63 7 42 63
19 82 19 40 82
11 70 11 30 70
20 70 20 31 70
2 68 2 35 68
16 74 16 47 74
9 72 9 37 72
12 61 12 42 61
18 69 18 37 69
0 82 0 35 82
9 80 9 39 80
21 75 21 32 75
3 61 3 43 61
27 60 27 39 60
25 69 25 43 69
5 76 5 57 76
7 65 7 36 65
23 71 23 35 71
26 65 26 34 65
3 65 3 34 65
18 62 18 36 62
14 64 14 40 64
12 71 12 57 71
12 70 12 47 70
9 79 9 50 79
23 87 23 37 87
9 60 9 39 60
17 71 17 40 71
21 64 21 32 64
12 78 12 42 78
21 66 21 34 66
14 76 14 24 47 76
24 80 24 35 80
20 66 20 33 66
3 84 3 49 84
29 66 29 37 66
2 81 2 30 81
6 76 6 41 76
17 81 17 34 81
17 77 17 34 77
12 63 12 42 63
10 72 10 50 72
26 72 26 41 72
21 85 21 51 85
16 68 16 43 68
4 65 4 34 65
1 79 1 30 79
10 60 10 49 60
15 64 15 44 64
17 63 17 42 63
5 67 5 32 67
12 64 12 44 64
9 83 9 33 83
19 79 19 32 79
19 63 19 42 63
26 74 26 39 74
9 75 9 38 75
2 67 2 32 67
23 81 23 37 81
15 89 15 38 89
25 76 25 57 76
26 60 26 39 60
8 66 8 37 66
10 84 10 49 84
2 85 2 30 85
28 68 28 38 68
27 81 27 37 81
4 75 4 42 75
1 85 1 30 85
26 61 26 39 61
4 86 4 34 86
10 68 10 43 68
2 79 2 30 79
17 81 17 34 81
15 80 15 39 80
1 77 1 51 77
3 86 3 34 86
10 71 10 18 32 71
10 73 10 49 73
10 86 10 34 86
11 78 11 41 78
26 83 26 34 83
3 69 3 43 69
16 67 16 30 31 49 67
6 83 6 34 83
20 81 20 37 81
11 82 11 35 82
20 67 20 49 67
16 60 16 36 60
28 75 28 38 75
3 70 3 33 70
27 62 27 39 62
14 67 14 54 67
10 67 10 49 67
8 74 8 39 74
16 80 16 30 80
18 77 18 34 77
26 83 26 34 83
15 74 15 39 74
19 71 19 32 71
28 61 28 39 61
3 60 3 36 60
23 73 23 25 31 73
12 62 12 50 62
2 67 2 32 67
6 65 6 34 65
4 89 4 45 89
7 77 7 35 77
12 81 12 47 81
24 62 24 36 62
19 76 19 44 76
8 64 8 12 44 64
9 86 9 15 44 86
8 78 8 41 78
27 64 27 35 64
4 85 4 51 85
21 67 21 32 67
3 76 3 40 64 76
19 64 19 32 64
6 86 6 34 86
10 71 10 18 32 71
13 69 13 30 69
5 83 5 34 83
27 75 27 35 75
2 86 2 35 86
25 69 25 43 69
19 83 19 33 83
13 89 13 39 89
25 83 25 31 83
29 79 29 36 79
6 89 6 38 89
2 62 2 38 62
12 84 12 57 84
6 63 6 38 63
6 65 6 34 65
6 64 6 13 56 64
18 60 18 36 60
5 68 5 57 68
0 71 0 35 71
9 87 9 37 87
5 69 5 39 69
3 89 3 36 89
4 61 4 42 61
22 66 22 33 66
26 73 26 39 60 73
19 84 19 40 78 84
28 80 28 39 80
4 86 4 34 86
4 78 4 34 78
3 66 3 33 66
3 85 3 46 85
27 75 27 35 75
13 75 13 30 75
17 79 17 51 79
26 75 26 57 75
19 73 19 44 73
14 63 14 38 63
11 79 11 30 79
17 84 17 51 84
1 64 1 32 64
28 85 28 37 85
13 82 13 31 82
21 71 21 32 71
17 60 17 42 60
14 70 14 43 70
5 61 5 39 61
25 82 25 31 82
1 87 1 30 87
15 65 15 39 65
7 74 7 41 74
9 87 9 37 87
12 73 12 44 73
12 76 12 44 76
26 68 26 41 68
9 66 9 33 66
15 79 15 51 79
0 86 0 35 86
27 79 27 49 79
24 68 24 35 68
26 88 26 41 88
7 65 7 36 65
23 61 23 39 61
20 68 20 31 68
3 77 3 34 77
9 84 9 37 84
2 88 2 41 88
5 83 5 34 83
23 89 23 35 89
23 72 23 35 72
22 88 22 33 88
4 76 4 55 76
7 89 7 35 89
22 62 22 38 62
9 82 9 37 82
13 62 13 39 62
1 74 1 44 74
16 64 16 40 64
20 76 20 41 76
26 66 26 34 66
17 89 17 51 89
22 76 22 44 76
25 77 25 31 77
18 80 18 36 80
20 80 20 40 80
5 62 5 39 62
26 69 26 39 69
26 75 26 57 75
29 73 29 56 73
15 81 15 41 81
2 85 2 30 85
9 69 9 37 69
2 74 2 39 74
14 64 14 40 64
13 68 13 31 68
8 78 8 41 78
28 64 28 57 64
27 79 27 49 79
6 77 6 34 77
12 69 12 42 69
23 65 23 39 65
13 85 13 30 85
18 66 18 33 66
23 80 23 35 80
2 80 2 30 80
13 83 13 31 83
4 72 4 42 72
15 78 15 41 78
22 73 22 44 73
8 75 8 38 75
29 66 29 37 66
16 76 16 30 76
1 66 1 50 66
21 88 21 51 88
16 85 16 30 85
17 78 17 34 78
10 70 10 33 70
14 63 14 38 63
9 88 9 33 88
15 82 15 39 82
0 84 0 56 84
25 63 25 31 63
16 85 16 30 85
2 85 2 30 85
7 69 7 42 69
26 87 26 57 87
18 64 18 32 64
6 61 6 41 61
3 69 3 43 69
4 79 4 51 79
26 68 26 41 68
27 74 27 39 74
23 64 23 35 64
29 62 29 36 62
27 82 27 35 82
9 86 9 15 44 86
8 67 8 54 67
5 76 5 57 76
7 87 7 36 87
1 65 1 30 65
10 85 10 53 85
26 86 26 34 86
17 67 17 42 54 67
19 73 19 44 73
5 78 5 34 78
18 63 18 42 63
22 76 22 44 76
9 67 9 54 67
20 84 20 37 84
4 69 4 42 69
6 87 6 8 37 87
9 64 9 40 64
26 89 26 39 89
23 67 23 35 49 67
18 61 18 42 61
5 82 5 39 82
29 87 29 36 87
16 63 16 30 31 63
8 83 8 38 83
4 86 4 34 86
9 61 9 39 61
19 68 19 42 68
24 64 24 35 64
3 61 3 43 61
10 84 10 49 84
18 76 18 47 76
5 71 5 32 71
6 66 6 34 66
8 85 8 37 85
5 74 5 39 74
4 70 4 33 70
20 65 20 41 65
21 75 21 32 75
15 64 15 44 64
0 67 0 2 32 67
17 74 17 53 74
2 88 2 41 88
22 60 22 49 60
20 86 20 49 86
15 75 15 38 75
15 70 15 39 70
5 78 5 34 78
15 62 15 38 62
5 84 5 57 84
26 88 26 41 88
17 86 17 34 86
8 75 8 38 75
12 72 12 42 72
29 79 29 36 79
25 61 25 31 61
16 77 16 34 77
21 76 21 55 76
11 71 11 35 71
19 86 19 44 86
1 70 1 30 70
3 83 3 33 83
13 65 13 30 65
4 82 4 42 82
7 86 7 35 86
23 67 23 35 49 67
4 61 4 42 61
8 77 8 54 77
11 83 11 36 83
6 75 6 38 75
17 62 17 51 62
3 73 3 49 73
9 84 9 37 84
18 88 18 33 88
7 68 7 35 68
19 80 19 40 80
16 79 16 30 79
29 68 29 35 68
15 61 15 39 61
26 75 26 57 75
12 62 12 50 62
6 65 6 34 65
23 66 23 37 66
16 62 16 36 62
25 62 25 43 62
2 80 2 30 80
19 65 19 46 65
24 88 24 35 49 88
21 76 21 55 76
16 76 16 30 76
0 80 0 35 80
9 62 9 38 62
14 64 14 40 64
21 71 21 32 71
29 67 29 35 49 67
14 76 14 24 47 76
2 67 2 32 67
0 83 0 36 83
28 75 28 38 75
7 82 7 35 82
14 72 14 38 72
4 70 4 33 70
23 82 23 35 82
1 76 1 30 76
28 63 28 38 63
1 62 1 50 62
8 87 8 37 87
4 66 4 33 66
22 87 22 43 87
27 75 27 35 75
29 76 29 48 76
17 62 17 51 62
4 61 4 42 61
15 80 15 39 80
7 73 7 58 73
11 86 11 35 86
4 69 4 42 69
26 71 26 57 71
17 72 17 42 72
16 89 16 36 89
13 61 13 31 61
12 60 12 42 60
24 72 24 35 72
9 69 9 37 69
22 87 22 43 87
20 77 20 31 77
7 77 7 35 77
23 89 23 35 89
2 73 2 44 73
25 65 25 51 65
24 72 24 35 72
27 60 27 39 60
4 63 4 42 63
12 65 12 47 65
26 66 26 34 66
3 89 3 36 89
12 69 12 42 69
26 61 26 39 61
1 83 1 44 83
21 71 21 32 71
10 69 10 43 69
18 64 18 32 64
8 63 8 38 63
5 78 5 34 78
4 89 4 45 89
5 84 5 57 84
7 66 7 45 66
20 83 20 31 83
27 62 27 39 62
15 61 15 39 61
5 70 5 39 70
22 80 22 35 80
7 67 7 58 67
27 74 27 39 74
22 77 22 35 77
9 74 9 39 74
18 82 18 37 82
24 70 24 35 70
11 67 11 58 67
15 87 15 43 87
21 83 21 34 83
7 85 7 41 85
27 87 27 37 87
0 82 0 35 82
9 75 9 38 75
21 82 21 51 82
26 81 26 34 81
25 84 25 51 84
13 69 13 30 69
17 73 17 42 60 73
14 78 14 34 78
5 85 5 7 41 85
9 65 9 39 65
13 84 13 56 84
14 89 14 38 89
1 69 1 30 69
21 79 21 32 79
19 68 19 42 68
29 85 29 37 85
19 61 19 42 61
28 87 28 37 87
29 86 29 35 86
15 70 15 39 70
18 65 18 34 65
11 64 11 35 64
24 79 24 36 79
4 70 4 33 70
5 80 5 39 80
15 62 15 38 62
29 87 29 36 87
28 73 28 39 60 73
12 75 12 42 75
28 66 28 34 66
28 82 28 37 82
10 78 10 34 78
26 83 26 34 83
0 60 0 36 60
22 82 22 35 82
5 85 5 7 41 85
4 85 4 51 85
13 88 13 31 49 88
4 78 4 34 78
19 81 19 45 81
9 88 9 33 88
27 85 27 37 85
17 71 17 40 71
9 65 9 39 65
10 65 10 34 65
4 74 4 34 65 74
3 81 3 34 81
25 81 25 57 81
21 63 21 56 63
8 63 8 38 63
11 76 11 30 76
13 82 13 31 82
2 67 2 32 67
3 71 3 40 71
23 81 23 37 81
12 80 12 42 80
18 73 18 49 73
24 75 24 35 75
29 75 29 35 75
27 78 27 41 78
8 77 8 54 77
11 77 11 35 77
16 83 16 34 83
8 70 8 39 70
10 84 10 49 84
21 82 21 51 82
18 87 18 36 87
3 88 3 33 88
27 82 27 35 82
10 67 10 49 67
1 74 1 44 74
12 80 12 42 80
15 69 15 39 69
19 70 19 33 70
25 75 25 51 75
21 87 21 57 87
18 67 18 32 67
1 86 1 44 86
0 79 0 36 79
17 87 17 42 87
25 65 25 51 65
20 82 20 31 82
27 77 27 35 77
26 62 26 39 62
24 62 24 36 62
11 68 11 35 68
16 63 16 30 31 63
10 70 10 33 70
13 63 13 31 63
18 86 18 34 86
28 69 28 37 69
17 77 17 34 77
10 83 10 33 83
26 87 26 57 87
21 63 21 56 63
21 84 21 51 84
20 81 20 37 81
6 77 6 34 77
21 65 21 34 65
16 88 16 52 88
9 87 9 37 87
21 61 21 51 61
14 85 14 53 85
9 70 9 33 70
6 74 6 41 74
16 67 16 30 31 49 67
27 63 27 39 63
28 76 28 47 76
3 66 3 33 66
11 76 11 30 76
9 67 9 54 67
22 85 22 46 85
13 77 13 31 77
22 60 22 49 60
8 69 8 37 69
4 67 4 54 67
10 61 10 43 61
3 87 3 36 87
6 67 6 8 54 67
1 61 1 51 61
19 66 19 33 66
16 77 16 34 77
16 66 16 34 66
29 76 29 48 76
29 71 29 35 71
14 85 14 53 85
20 83 20 31 83
19 61 19 42 61
24 68 24 35 68
26 75 26 57 75
14 79 14 53 79
7 64 7 35 64
27 76 27 41 76
25 70 25 31 70
25 72 25 28 37 72
5 64 5 32 64
1 73 1 44 73
26 78 26 34 78
8 65 8 39 65
2 87 2 30 87
12 84 12 57 84
26 61 26 39 61
15 86 15 44 86
26 88 26 41 88
20 61 20 31 61
1 81 1 30 81
1 69 1 30 69
13 88 13 31 49 88
14 74 14 53 74
9 76 9 47 76
3 72 3 33 66 72
12 74 12 44 74
29 66 29 37 66
26 83 26 34 83
16 85 16 30 85
7 69 7 42 69
26 65 26 34 65
10 85 10 53 85
7 87 7 36 87
6 65 6 34 65
20 86 20 49 86
25 85 25 51 85
21 60 21 55 60
23 67 23 35 49 67
29 86 29 35 86
4 88 4 33 88
29 67 29 35 49 67
7 82 7 35 82
23 82 23 35 82
9 85 9 37 85
5 78 5 34 78
10 89 10 48 89
16 76 16 30 76
5 74 5 39 74
13 74 13 39 74
26 81 26 34 81
29 82 29 35 82
29 72 29 35 72
22 72 22 35 72
3 87 3 36 87
17 70 17 29 35 70
14 60 14 42 60
0 68 0 35 68
24 73 24 58 73
0 69 0 39 69
29 88 29 48 88
25 66 25 33 66
16 81 16 30 81
0 65 0 36 65
23 65 23 39 65
19 61 19 42 61
4 83 4 33 83
29 83 29 36 83
11 81 11 30 81
26 87 26 57 87
23 73 23 25 31 73
6 81 6 34 81
16 72 16 50 72
19 76 19 44 76
20 85 20 37 85
27 78 27 41 78
29 77 29 35 77
12 80 12 42 80
0 82 0 35 82
7 64 7 35 64
19 60 19 42 60
9 75 9 38 75
3 66 3 33 66
0 83 0 36 83
9 88 9 33 88
3 65 3 34 65
17 85 17 51 85
17 83 17 34 83
26 71 26 57 71
12 82 12 42 82
25 67 25 31 49 67
24 63 24 42 63
17 73 17 42 60 73
25 72 25 28 37 72
2 63 2 38 63
7 75 7 35 75
5 83 5 34 83
7 80 7 35 80
22 73 22 44 73
21 63 21 56 63
16 82 16 40 82
23 68 23 35 68
5 85 5 7 41 85
19 64 19 32 64
1 70 1 30 70
8 69 8 37 69
19 88 19 33 88
12 66 12 47 66
22 78 22 45 78
29 63 29 48 63
19 75 19 32 75
28 80 28 39 80
11 72 11 35 72
4 65 4 34 65
13 64 13 56 64
8 63 8 38 63
19 85 19 46 85
7 84 7 41 78 84
8 86 8 12 44 86
21 85 21 51 85
2 63 2 38 63
23 64 23 35 64
20 66 20 33 66
13 80 13 30 80
9 70 9 33 70
11 75 11 30 75
4 67 4 54 67
0 72 0 35 72
9 70 9 33 70
18 61 18 42 61
20 64 20 40 64
12 69 12 42 69
2 82 2 35 82
14 81 14 34 81
20 67 20 49 67
20 89 20 57 89
22 71 22 35 71
17 85 17 51 85
29 77 29 35 77
26 64 26 57 64
20 62 20 41 62
2 68 2 35 68
8 78 8 41 78
28 85 28 37 85
12 87 12 42 87
14 83 14 34 83
6 78 6 34 78
2 78 2 41 78
18 76 18 47 76
6 72 6 38 72
16 87 16 30 87
10 74 10 48 74
27 71 27 35 71
19 83 19 33 83
1 73 1 44 73
3 80 3 36 80
24 80 24 35 80
9 70 9 33 70
18 65 18 34 65
21 83 21 34 83
18 85 18 37 85
20 80 20 40 80
20 70 20 31 70
12 80 12 42 80
29 81 29 36 81
10 85 10 53 85
14 88 14 52 88
23 60 23 39 60
20 78 20 31 78
17 86 17 34 86
1 85 1 30 85
21 66 21 34 66
7 88 7 41 88
14 81 14 34 81
6 89 6 38 89
11 68 11 35 68
23 79 23 25 31 79
25 84 25 51 84
4 88 4 33 88
27 68 27 35 68
29 69 29 37 69
28 85 28 37 85
24 84 24 34 78 84
3 64 3 40 64
4 83 4 33 83
24 69 24 42 69
2 62 2 38 62
8 73 8 39 60 73
10 81 10 34 81
12 71 12 57 71
7 60 7 36 60
7 85 7 41 85
25 87 25 43 87
4 75 4 42 75
24 66 24 34 66
22 88 22 33 88
22 64 22 35 64
16 80 16 30 80
25 87 25 43 87
21 73 21 56 73
5 64 5 32 64
12 82 12 42 82
5 61 5 39 61
6 73 6 13 31 73
29 85 29 37 85
15 65 15 39 65
26 68 26 41 68
29 70 29 35 70
13 76 13 30 76
20 67 20 49 67
0 73 0 56 73
16 67 16 30 31 49 67
18 81 18 34 81
11 88 11 41 88
13 79 13 30 79
24 85 24 55 85
19 72 19 42 72
16 83 16 34 83
20 74 20 41 74
29 83 29 36 83
10 82 10 43 82
2 76 2 30 76
3 70 3 33 70
26 82 26 39 82
7 88 7 41 88
25 68 25 31 68
20 80 20 40 80
10 70 10 33 70
28 74 28 39 74
4 81 4 34 81
5 87 5 57 87
28 76 28 47 76
21 72 21 55 72
14 61 14 42 61
29 72 29 35 72
24 81 24 34 81
19 83 19 33 83
1 85 1 30 85
17 64 17 40 64
6 84 6 51 84
22 60 22 49 60
13 79 13 30 79
4 73 4 56 73
14 89 14 38 89
27 61 27 39 61
16 72 16 50 72
16 80 16 30 80
27 77 27 35 77
27 76 27 41 76
25 73 25 31 73
12 84 12 57 84
28 72 28 37 72
5 84 5 57 84
27 69 27 37 69
10 70 10 33 70
17 84 17 51 84
26 82 26 39 82
28 74 28 39 74
25 66 25 33 66
3 75 3 46 75
9 81 9 37 81
15 73 15 44 73
16 74 16 47 74
11 62 11 36 62
28 73 28 39 60 73
27 65 27 39 65
5 89 5 32 89
19 60 19 42 60
26 69 26 39 69
16 67 16 30 31 49 67
8 64 8 12 44 64
18 83 18 33 83
12 60 12 42 60
27 65 27 39 65
6 77 6 34 77
12 72 12 42 72
15 72 15 38 72
24 69 24 42 69
19 63 19 42 63
22 67 22 49 67
14 70 14 43 70
27 68 27 35 68
15 79 15 51 79
17 85 17 51 85
16 75 16 30 75
14 68 14 38 68
18 83 18 33 83
24 67 24 58 67
29 65 29 36 65
29 75 29 35 75
2 62 2 38 62
25 63 25 31 63
18 76 18 47 76
23 65 23 39 65
4 71 4 45 71
16 76 16 30 76
5 89 5 32 89
28 65 28 34 65
1 63 1 30 31 63
28 60 28 39 60
22 86 22 35 86
6 82 6 51 82
19 88 19 33 88
2 79 2 30 79
7 65 7 36 65
16 68 16 43 68
25 79 25 31 79
6 88 6 41 88
3 86 3 34 86
19 80 19 40 80
26 89 26 39 89
20 72 20 37 72
13 86 13 31 49 86
24 70 24 35 70
23 76 23 25 57 76
1 81 1 30 81
18 82 18 37 82
23 60 23 39 60
17 61 17 42 61
12 84 12 57 84
16 62 16 36 62
1 64 1 32 64
13 81 13 30 81
24 74 24 47 74
24 79 24 36 79
2 64 2 32 64
21 89 21 32 89
28 69 28 37 69
19 69 19 42 69
15 76 15 41 76
10 89 10 48 89
24 74 24 47 74
14 61 14 42 61
0 81 0 36 81
21 80 21 51 80
7 73 7 58 73
3 66 3 33 66
21 73 21 56 73
5 71 5 32 71
10 61 10 43 61
15 88 15 41 88
2 72 2 35 72
5 64 5 32 64
4 60 4 42 60
2 66 2 49 66
24 72 24 35 72
7 64 7 35 64
21 76 21 55 76
28 77 28 34 77
20 61 20 31 61
24 87 24 36 87
9 71 9 37 71
12 88 12 57 88
7 77 7 35 77
19 75 19 32 75
21 74 21 29 48 74
16 78 16 34 78
8 66 8 37 66
14 85 14 53 85
28 85 28 37 85
8 79 8 54 79
9 79 9 50 79
13 70 13 30 70
18 74 18 47 74
13 71 13 31 37 71
15 75 15 38 75
7 71 7 35 71
23 82 23 35 82
1 66 1 50 66
27 72 27 35 72
28 87 28 37 87
18 65 18 34 65
20 60 20 49 60
23 88 23 52 88
2 61 2 39 61
25 66 25 33 66
14 70 14 43 70
14 89 14 38 89
18 63 18 42 63
1 70 1 30 70
20 65 20 41 65
23 78 23 25 31 78
13 63 13 31 63
0 67 0 2 32 67
6 81 6 34 81
16 71 16 40 71
17 80 17 40 80
7 69 7 42 69
15 75 15 38 75
25 63 25 31 63
1 87 1 30 87
14 73 14 42 60 73
21 84 21 51 84
12 69 12 42 69
5 89 5 32 89
11 82 11 35 82
20 72 20 37 72
27 63 27 39 63
18 75 18 32 75
16 82 16 40 82
0 77 0 35 77
19 78 19 40 78
8 88 8 41 88
25 68 25 31 68
29 62 29 36 62
12 86 12 44 86
2 85 2 30 85
5 72 5 7 35 72
17 74 17 53 74
4 86 4 34 86
20 89 20 57 89
8 76 8 41 76
14 66 14 34 66
23 67 23 35 49 67
10 68 10 43 68
11 65 11 30 65
7 88 7 41 88
27 80 27 35 80
14 62 14 38 62
29 62 29 36 62
2 80 2 30 80
5 76 5 57 76
4 67 4 54 67
26 63 26 39 63
17 76 17 55 76
18 80 18 36 80
28 72 28 37 72
21 73 21 56 73
7 80 7 35 80
12 81 12 47 81
2 83 2 38 83
20 89 20 57 89
25 66 25 33 66
0 80 0 35 80
2 73 2 44 73
29 82 29 35 82
13 79 13 30 79
26 84 26 57 84
1 80 1 30 80
5 88 5 52 88
14 75 14 38 75
26 84 26 57 84
18 85 18 37 85
17 70 17 29 35 70
3 80 3 36 80
23 71 23 35 71
8 73 8 39 60 73
28 63 28 38 63
17 78 17 34 78
13 81 13 30 81
15 83 15 38 83
11 77 11 35 77
6 71 6 51 71
8 60 8 39 60
12 88 12 57 88
20 65 20 41 65
29 78 29 48 78
5 69 5 39 69
8 64 8 12 44 64
23 68 23 35 68
3 77 3 34 77
6 66 6 34 66
3 64 3 40 64
10 67 10 49 67
7 88 7 41 88
24 68 24 35 68
15 80 15 39 80
3 77 3 34 77
29 65 29 36 65
22 89 22 35 89
5 60 5 39 60
20 78 20 31 78
14 65 14 34 65
16 65 16 30 65
0 77 0 35 77
24 62 24 36 62
0 65 0 36 65
15 86 15 44 86
23 76 23 25 57 76
11 85 11 30 85
24 84 24 34 78 84
18 60 18 36 60
7 67 7 58 67
20 72 20 37 72
1 85 1 30 85
25 82 25 31 82
0 65 0 36 65
29 63 29 48 63
17 69 17 42 69
22 69 22 43 69
28 80 28 39 80
15 75 15 38 75
5 72 5 7 35 72
4 60 4 42 60
4 63 4 42 63
7 61 7 41 61
10 65 10 34 65
3 70 3 33 70
23 68 23 35 68
27 70 27 35 70
1 89 1 32 89
7 74 7 41 74
14 66 14 34 66
4 67 4 54 67
9 85 9 37 85
9 67 9 54 67
15 60 15 39 60
19 62 19 46 62
0 82 0 35 82
17 85 17 51 85
25 85 25 51 85
0 78 0 40 78
8 77 8 54 77
27 64 27 35 64
22 72 22 35 72
28 67 28 37 58 67
21 62 21 51 62
3 71 3 40 71
13 88 13 31 49 88
13 70 13 30 70
25 64 25 40 64
6 82 6 51 82
11 72 11 35 72
23 84 23 37 84
17 62 17 51 62
18 82 18 37 82
14 89 14 38 89
14 84 14 34 78 84
26 78 26 34 78
4 79 4 51 79
10 86 10 34 86
10 85 10 53 85
12 66 12 47 66
15 67 15 38 58 67
4 80 4 42 80
2 74 2 39 74
8 67 8 54 67
12 71 12 57 71
24 65 24 34 65
0 86 0 35 86
5 84 5 57 84
25 89 25 51 89
12 67 12 18 32 67
11 80 11 30 80
22 73 22 44 73
17 75 17 42 75
4 76 4 55 76
23 72 23 35 72
3 78 3 34 78
16 63 16 30 31 63
6 82 6 51 82
29 80 29 35 80
18 72 18 37 72
19 81 19 45 81
7 68 7 35 68
17 69 17 42 69
23 80 23 35 80
4 77 4 34 77
29 80 29 35 80
26 75 26 57 75
11 88 11 41 88
25 87 25 43 87
6 85 6 41 85
3 89 3 36 89
10 65 10 34 65
8 74 8 39 74
26 68 26 41 68
25 61 25 31 61
1 71 1 32 71
20 62 20 41 62
20 79 20 31 79
17 87 17 42 87
14 60 14 42 60
24 69 24 42 69
18 89 18 32 89
26 87 26 57 87
9 83 9 33 83
13 60 13 39 60
15 64 15 44 64
23 89 23 35 89
2 69 2 30 69
29 61 29 43 61
2 60 2 39 60
2 60 2 39 60
25 75 25 51 75
24 80 24 35 80
16 62 16 36 62
6 77 6 34 77
25 69 25 43 69
24 75 24 35 75
25 84 25 51 84
9 81 9 37 81
5 61 5 39 61
25 70 25 31 70
8 79 8 54 79
25 86 25 52 86
6 71 6 51 71
12 70 12 47 70
24 64 24 35 64
27 63 27 39 63
14 65 14 34 65
14 83 14 34 83
29 65 29 36 65
7 63 7 42 63
15 86 15 44 86
22 70 22 33 70
4 89 4 45 89
22 77 22 35 77
8 69 8 37 69
1 75 1 30 75
26 80 26 39 80
3 65 3 34 65
6 76 6 41 76
26 68 26 41 68
10 80 10 50 80
1 82 1 51 82
22 69 22 43 69
8 74 8 39 74
15 63 15 38 63
10 80 10 50 80
7 66 7 45 66
20 70 20 31 70
27 68 27 35 68
14 70 14 43 70
18 73 18 49 73
12 66 12 47 66
11 75 11 30 75
4 64 4 56 64
16 88 16 52 88
9 77 9 54 77
29 80 29 35 80
21 65 21 34 65
4 89 4 45 89
23 88 23 52 88
29 71 29 35 71
27 86 27 35 86
10 61 10 43 61
28 61 28 39 61
13 62 13 39 62
24 89 24 35 89
27 71 27 35 71
29 67 29 35 49 67
27 89 27 35 89
3 64 3 40 64
19 69 19 42 69
17 76 17 55 76
18 72 18 37 72
26 79 26 55 79
6 67 6 8 54 67
26 86 26 34 86
24 86 24 34 86
16 84 16 34 78 84
29 73 29 56 73
8 65 8 39 65
13 79 13 30 79
3 79 3 36 79
26 76 26 41 76
13 86 13 31 49 86
3 83 3 33 83
28 74 28 39 74
4 79 4 51 79
9 63 9 38 63
7 62 7 36 62
16 86 16 34 86
18 64 18 32 64
17 64 17 40 64
17 68 17 42 68
28 76 28 47 76
27 60 27 39 60
9 73 9 56 73
29 71 29 35 71
27 79 27 49 79
13 75 13 30 75
19 84 19 40 78 84
18 69 18 37 69
7 64 7 35 64
19 75 19 32 75
3 78 3 34 78
9 76 9 47 76
8 71 8 37 71
11 84 11 37 84
22 67 22 49 67
17 63 17 42 63
13 89 13 39 89
12 83 12 44 83
21 66 21 34 66
12 89 12 44 89
27 86 27 35 86
14 73 14 42 60 73
29 85 29 37 85
25 80 25 40 80
0 68 0 35 68
16 64 16 40 64
24 76 24 47 76
28 69 28 37 69
29 78 29 48 78
3 63 3 20 31 63
19 87 19 42 87
5 69 5 39 69
4 64 4 56 64
10 77 10 34 77
28 84 28 37 84
4 80 4 42 80
14 69 14 42 69
22 69 22 43 69
8 80 8 39 80
22 81 22 45 81
29 85 29 37 85
23 74 23 39 74
13 67 13 31 49 67
13 63 13 31 63
13 81 13 30 81
29 79 29 36 79
29 83 29 36 83
6 61 6 41 61
14 77 14 34 77
14 68 14 38 68
9 83 9 33 83
25 61 25 31 61
24 79 24 36 79
3 68 3 43 68
2 81 2 30 81
9 63 9 38 63
14 63 14 38 63
21 75 21 32 75
14 84 14 34 78 84
26 61 26 39 61
13 81 13 30 81
12 83 12 44 83
29 60 29 36 60
26 77 26 34 77
5 89 5 32 89
5 74 5 39 74
10 64 10 18 32 64
3 68 3 43 68
18 70 18 33 70
21 87 21 57 87
28 81 28 34 81
28 77 28 34 77
24 61 24 42 61
26 67 26 41 58 67
23 87 23 37 87
4 60 4 42 60
17 86 17 34 86
25 80 25 40 80
23 80 23 35 80
9 70 9 33 70
14 69 14 42 69
16 72 16 50 72
13 86 13 31 49 86
2 87 2 30 87
9 63 9 38 63
2 72 2 35 72
15 69 15 39 69
26 63 26 39 63
25 82 25 31 82
8 62 8 38 62
27 61 27 39 61
12 63 12 42 63
0 70 0 35 70
22 72 22 35 72
7 79 7 36 79
16 79 16 30 79
11 74 11 41 74
17 86 17 34 86
25 72 25 28 37 72
13 68 13 31 68
8 73 8 39 60 73
5 89 5 32 89
17 75 17 42 75
6 78 6 34 78
27 78 27 41 78
17 86 17 34 86
22 73 22 44 73
12 61 12 42 61
8 79 8 54 79
20 77 20 31 77
9 78 9 40 78
6 84 6 51 84
3 82 3 40 82
22 82 22 35 82
12 75 12 42 75
5 68 5 57 68
29 78 29 48 78
20 87 20 37 87
23 67 23 35 49 67
7 75 7 35 75
2 85 2 30 85
3 64 3 40 64
6 73 6 13 31 73
26 68 26 41 68
10 75 10 49 75
4 88 4 33 88
29 70 29 35 70
9 66 9 33 66
25 87 25 43 87
11 78 11 41 78
16 61 16 43 61
5 84 5 57 84
28 84 28 37 84
6 87 6 8 37 87
18 83 18 33 83
23 79 23 25 31 79
15 89 15 38 89
12 65 12 47 65
8 73 8 39 60 73
11 84 11 37 84
19 69 19 42 69
10 80 10 50 80
23 76 23 25 57 76
11 64 11 35 64
29 68 29 35 68
1 88 1 51 88
15 70 15 39 70
20 70 20 31 70
14 66 14 34 66
17 68 17 42 68
14 74 14 53 74
6 73 6 13 31 73
3 61 3 43 61
21 73 21 56 73
2 64 2 32 64
26 76 26 41 76
25 74 25 53 74
0 79 0 36 79
24 70 24 35 70
15 87 15 43 87
27 64 27 35 64
19 70 19 33 70
15 70 15 39 70
11 61 11 41 61
3 71 3 40 71
27 62 27 39 62
16 81 16 30 81
2 68 2 35 68
8 68 8 38 68
5 75 5 32 75
23 81 23 37 81
22 69 22 43 69
21 88 21 51 88
0 72 0 35 72
12 62 12 50 62
6 82 6 51 82
25 82 25 31 82
18 88 18 33 88
0 77 0 35 77
11 88 11 41 88
24 76 24 47 76
0 66 0 40 66
17 68 17 42 68
24 81 24 34 81
3 69 3 43 69
25 65 25 51 65
14 67 14 54 67
13 79 13 30 79
21 84 21 51 84
26 77 26 34 77
28 75 28 38 75
24 79 24 36 79
16 84 16 34 78 84
2 76 2 30 76
14 84 14 34 78 84
28 84 28 37 84
20 84 20 37 84
2 67 2 32 67
9 78 9 40 78
22 87 22 43 87
21 79 21 32 79
27 75 27 35 75
8 69 8 37 69
3 84 3 49 84
12 77 12 57 77
4 71 4 45 71
0 70 0 35 70
15 73 15 44 73
19 81 19 45 81
2 84 2 49 84
9 84 9 37 84
13 66 13 47 66
5 83 5 34 83
2 76 2 30 76
4 81 4 34 81
16 81 16 30 81
24 70 24 35 70
29 63 29 48 63
8 85 8 37 85
10 78 10 34 78
8 74 8 39 74
10 65 10 34 65
1 60 1 55 60
11 78 11 41 78
1 85 1 30 85
12 67 12 18 32 67
24 80 24 35 80
22 62 22 38 62
23 66 23 37 66
4 74 4 34 65 74
5 63 5 39 63
21 70 21 57 70
7 79 7 36 79
2 88 2 41 88
12 80 12 42 80
11 89 11 35 89
4 62 4 51 62
17 65 17 34 65
8 61 8 39 61
3 64 3 40 64
22 67 22 49 67
1 79 1 30 79
17 67 17 42 54 67
3 89 3 36 89
0 83 0 36 83
2 68 2 35 68
2 85 2 30 85
4 86 4 34 86
16 87 16 30 87
17 74 17 53 74
19 75 19 32 75
2 60 2 39 60
18 76 18 47 76
12 82 12 42 82
28 65 28 34 65
9 80 9 39 80
20 80 20 40 80
18 67 18 32 67
5 72 5 7 35 72
6 86 6 34 86
22 67 22 49 67
10 70 10 33 70
25 85 25 51 85
12 79 12 50 79
27 74 27 39 74
6 70 6 41 70
19 76 19 44 76
17 75 17 42 75
10 70 10 33 70
27 88 27 41 88
6 74 6 41 74
9 78 9 40 78
9 74 9 39 74
6 68 6 38 68
15 60 15 39 60
13 89 13 39 89
18 87 18 36 87
15 88 15 41 88
14 69 14 42 69
29 86 29 35 86
0 83 0 36 83
11 72 11 35 72
21 75 21 32 75
28 64 28 57 64
25 73 25 31 73
28 62 28 38 62
6 70 6 41 70
27 61 27 39 61
8 73 8 39 60 73
2 81 2 30 81
5 60 5 39 60
13 78 13 31 78
22 72 22 35 72
8 77 8 54 77
0 66 0 40 66
16 62 16 36 62
1 76 1 30 76
12 61 12 42 61
1 81 1 30 81
14 79 14 53 79
16 61 16 43 61
13 64 13 56 64
22 87 22 43 87
6 75 6 38 75
10 69 10 43 69
12 86 12 44 86
8 84 8 37 84
24 86 24 34 86
28 89 28 38 89
25 88 25 33 88
29 88 29 48 88
15 82 15 39 82
14 62 14 38 62
17 69 17 42 69
14 72 14 38 72
21 81 21 34 81
1 66 1 50 66
4 76 4 55 76
29 66 29 37 66
13 86 13 31 49 86
23 66 23 37 66
11 71 11 35 71
6 77 6 34 77
1 88 1 51 88
21 89 21 32 89
2 75 2 30 75
9 75 9 38 75
3 84 3 49 84
6 64 6 13 56 64
7 64 7 35 64
3 72 3 33 66 72
25 77 25 31 77
7 66 7 45 66
4 80 4 42 80
23 88 23 52 88
18 84 18 37 84
12 70 12 47 70
1 68 1 30 31 68
17 67 17 42 54 67
22 84 22 49 84
29 81 29 36 81
25 77 25 31 77
8 81 8 37 81
29 80 29 35 80
6 83 6 34 83
0 83 0 36 83
17 67 17 42 54 67
1 84 1 51 84
9 70 9 33 70
7 80 7 35 80
14 72 14 38 72
20 71 20 37 71
13 61 13 31 61
29 83 29 36 83
24 89 24 35 89
29 81 29 36 81
3 64 3 40 64
12 74 12 44 74
10 89 10 48 89
11 85 11 30 85
17 71 17 40 71
24 74 24 47 74
20 67 20 49 67
19 76 19 44 76
21 72 21 55 72
24 80 24 35 80
22 87 22 43 87
13 60 13 39 60
28 85 28 37 85
16 73 16 36 60 73
15 75 15 38 75
5 78 5 34 78
8 79 8 54 79
11 75 11 30 75
17 85 17 51 85
2 60 2 39 60
4 66 4 33 66
10 70 10 33 70
23 81 23 37 81
10 77 10 34 77
25 74 25 53 74
