52 73 52 67 73
41 64 41 49 51 58 64
12 54 12 29 48 54
70 88 70 82 85 88
43 44 43 44
2 57 2 57
10 38 10 17 20 26 38
52 86 52 67 72 86
22 84 22 33 39 58 67 72 78 84
7 60 7 42 51 60
18 33 18 22 33
0 54 0 27 29 36 37 48 54
64 81 64 81
25 63 25 63
43 69 43 52 64 68 69
51 81 51 60 66 78 81
1 23 1 3 16 23
22 66 22 59 66
31 62 31 43 62
17 80 17 29 36 50 51 80
57 78 57 72 78
9 74 9 13 24 50 59 64 68 74
18 68 18 22 25 35 56 64 68
3 62 3 9 17 29 43 62
22 58 22 31 43 44 55 58
72 85 72 82 85
30 61 30 39 58 61
30 87 30 39 87
24 63 24 29 36 37 40 63
70 78 70 72 78
10 80 10 44 53 80
30 41 30 41
17 51 17 29 36 50 51
19 74 19 33 37 52 64 68 74
43 70 43 70
42 81 42 51 58 67 72 78 81
32 86 32 58 64 86
34 76 34 44 64 69 76
10 24 10 24
6 63 6 27 44 55 57 63
32 78 32 48 54 67 72 78
3 89 3 27 53 77 89
12 53 12 17 20 32 53
52 69 52 64 68 69
11 42 11 20 26 42
2 74 2 23 32 58 64 68 74
30 73 30 44 55 58 67 73
4 58 4 8 58
20 35 20 26 28 35
36 37 36 37
63 81 63 80 81
19 74 19 43 62 74
20 78 20 56 78
37 85 37 52 67 82 85
22 61 22 31 43 44 55 61
22 61 22 31 43 47 61
42 72 42 57 72
10 78 10 60 66 78
74 82 74 82
42 58 42 51 58
47 89 47 77 89
60 87 60 69 87
16 53 16 44 53
23 48 23 25 33 37 48
33 77 33 46 77
25 40 25 33 37 40
64 81 64 81
33 52 33 52
22 77 22 25 38 60 66 77
22 61 22 34 45 55 61
15 22 15 22
11 70 11 20 30 41 70
2 43 2 9 17 29 36 43
11 78 11 33 52 78
67 86 67 72 86
83 88 83 88
60 71 60 66 71
56 81 56 64 81
23 25 23 25
67 78 67 72 78
52 73 52 67 73
1 22 1 3 15 22
8 44 8 34 44
44 85 44 55 58 64 82 85
11 42 11 20 26 38 42
17 35 17 20 26 28 35
16 68 16 29 43 44 64 68
23 82 23 82
58 67 58 67
17 84 17 52 78 84
23 65 23 55 57 63 65
30 54 30 54
9 29 9 17 29
59 85 59 64 82 85
41 63 41 57 63
59 82 59 66 71 82
22 35 22 25 35
3 9 3 9
0 38 0 13 20 26 38
58 82 58 64 68 74 82
10 83 10 24 55 57 78 81 83
2 36 2 9 24 27 29 36
24 34 24 30 34
47 81 47 80 81
24 30 24 30
40 86 40 64 86
0 89 0 89
38 61 38 41 50 51 58 61
4 77 4 49 51 59 66 77
21 75 21 26 38 41 49 51 58 61 75
4 76 4 69 76
11 42 11 20 26 38 42
9 40 9 13 24 27 29 36 37 40
10 33 10 17 25 33
79 84 79 84
58 68 58 64 68
17 57 17 20 32 44 55 57
18 41 18 22 25 38 41
14 34 14 34
19 69 19 69
47 75 47 75
50 81 50 59 64 81
16 44 16 31 43 44
43 69 43 64 69
7 49 7 28 37 49
12 69 12 45 52 64 68 69
37 76 37 51 59 64 69 76
2 71 2 23 32 44 64 71
54 87 54 72 87
10 62 10 24 27 29 43 62
24 74 24 27 29 36 43 64 68 74
17 36 17 29 36
52 89 52 77 89
37 82 37 40 64 71 82
5 52 5 52
28 37 28 37
8 74 8 62 74
43 64 43 44 55 58 64
1 23 1 2 23
18 89 18 34 45 52 67 72 78 84 89
20 45 20 30 34 45
75 82 75 82
64 85 64 68 74 82 85
40 74 40 68 74
35 63 35 63
30 54 30 54
12 73 12 29 43 44 55 58 67 73
33 82 33 61 75 82
20 44 20 32 44
8 89 8 28 49 51 67 72 78 84 89
47 75 47 75
14 68 14 28 41 59 64 68
6 24 6 24
4 79 4 41 79
12 49 12 37 49
27 72 27 58 67 72
27 84 27 79 84
16 23 16 23
15 43 15 22 31 43
15 28 15 26 28
33 59 33 51 59
44 83 44 78 81 83
24 80 24 50 51 80
47 88 47 61 88
8 75 8 28 49 51 58 61 75
25 88 25 81 83 88
30 87 30 39 87
36 81 36 55 57 63 80 81
17 42 17 20 26 38 42
56 74 56 62 74
29 44 29 43 44
34 87 34 45 50 51 60 69 87
28 60 28 37 51 60
27 72 27 44 55 57 72
3 61 3 37 51 58 61
15 62 15 21 42 62
3 31 3 14 31
3 9 3 9
6 32 6 16 23 32
14 44 14 19 43 44
37 48 37 48
18 34 18 22 34
11 59 11 33 37 49 51 59
55 73 55 58 67 73
49 88 49 72 86 88
5 87 5 70 72 87
24 43 24 27 29 43
27 74 27 29 48 52 64 68 74
25 81 25 38 60 66 78 81
17 59 17 20 26 38 41 50 51 59
12 50 12 17 20 30 41 50
0 10 0 10
6 32 6 17 20 32
18 79 18 21 26 28 41 79
36 67 36 50 51 67
36 75 36 48 75
38 79 38 41 79
41 83 41 53 80 81 83
0 55 0 10 34 45 55
54 87 54 72 87
30 70 30 41 70
20 68 20 32 58 68
10 40 10 17 33 37 40
24 29 24 29
29 44 29 43 44
22 75 22 43 47 61 75
25 66 25 33 49 51 59 66
1 80 1 39 58 61 75 80
5 44 5 36 43 44
7 57 7 27 44 55 57
32 48 32 48
4 55 4 30 44 55
42 64 42 51 64
18 58 18 34 44 55 58
19 55 19 21 26 55
6 63 6 17 29 43 44 55 57 63
5 28 5 6 18 20 26 28
10 63 10 30 34 45 55 57 63
6 54 6 24 30 34 48 54
0 79 0 20 55 79
17 42 17 20 26 38 42
3 67 3 30 39 58 67
41 67 41 67
36 89 36 59 89
18 70 18 22 31 43 70
41 79 41 79
55 61 55 61
9 13 9 13
66 83 66 78 81 83
10 17 10 17
23 38 23 25 38
50 82 50 82
0 64 0 59 64
38 76 38 60 69 76
41 76 41 76
16 86 16 23 55 67 72 86
44 58 44 55 58
44 85 44 55 57 72 82 85
17 86 17 70 86
4 67 4 49 51 58 67
1 32 1 7 32
7 89 7 32 44 84 89
79 83 79 81 83
10 62 10 17 33 62
0 75 0 20 39 58 61 75
37 64 37 49 51 58 64
14 67 14 19 43 52 67
17 81 17 32 53 80 81
20 70 20 26 42 70
29 44 29 43 44
37 81 37 51 80 81
11 62 11 20 56 62
17 57 17 20 55 57
81 88 81 83 88
18 63 18 22 31 43 44 55 57 63
47 81 47 67 72 78 81
54 78 54 72 78
18 72 18 21 42 70 72
27 43 27 29 43
12 80 12 44 55 61 75 80
4 37 4 23 37
80 83 80 81 83
17 84 17 70 72 78 84
54 80 54 75 80
25 75 25 33 51 58 61 75
29 78 29 43 47 67 72 78
5 59 5 6 18 21 59
21 72 21 42 57 72
2 87 2 56 64 68 69 87
12 53 12 29 36 43 44 53
56 89 56 78 84 89
22 76 22 31 56 64 68 69 76
4 65 4 13 28 49 51 59 65
1 27 1 13 24 27
45 85 45 50 82 85
13 49 13 29 36 37 49
5 59 5 6 18 59
20 88 20 88
33 63 33 62 63
45 52 45 52
2 43 2 14 19 43
10 43 10 24 27 29 36 43
18 62 18 21 42 62
30 73 30 39 58 67 73
15 26 15 21 26
0 51 0 13 49 51
84 88 84 88
41 68 41 49 51 58 64 68
17 26 17 20 26
3 86 3 37 40 64 86
3 14 3 14
82 88 82 85 88
7 28 7 14 28
18 81 18 59 66 78 81
21 35 21 26 28 35
6 73 6 44 73
51 59 51 59
11 64 11 59 64
5 26 5 6 18 21 26
54 71 54 59 66 71
30 53 30 53
2 42 2 23 25 38 42
9 64 9 20 32 44 64
18 22 18 22
72 86 72 86
8 38 8 9 20 26 38
34 48 34 48
83 88 83 88
16 69 16 40 64 68 69
70 78 70 72 78
4 79 4 30 34 44 79
22 74 22 43 44 64 68 74
64 87 64 68 69 87
21 58 21 42 51 58
44 83 44 64 81 83
12 27 12 27
72 87 72 87
22 75 22 31 43 47 75
0 26 0 20 26
14 70 14 42 70
40 68 40 64 68
34 75 34 44 55 61 75
4 43 4 13 24 43
2 88 2 23 55 79 81 83 88
6 15 6 15
16 28 16 28
27 58 27 58
74 85 74 85
8 87 8 34 45 54 67 72 87
3 85 3 14 59 66 71 82 85
18 67 18 21 58 67
32 59 32 48 54 59
23 66 23 49 51 59 66
84 88 84 88
17 59 17 33 49 51 59
37 60 37 51 60
10 24 10 24
9 33 9 17 25 33
13 45 13 24 30 34 45
52 89 52 77 89
52 78 52 78
69 88 69 87 88
0 79 0 27 79
28 53 28 41 53
17 39 17 25 33 39
9 13 9 13
2 86 2 14 19 38 70 86
24 47 24 29 36 43 47
13 71 13 64 71
47 75 47 61 75
43 78 43 52 67 72 78
34 87 34 45 64 69 87
2 52 2 9 24 30 34 48 52
30 39 30 39
47 87 47 77 87
45 51 45 50 51
22 51 22 34 45 50 51
21 60 21 26 42 51 60
68 69 68 69
57 74 57 74
22 59 22 33 37 59
1 19 1 3 14 19
6 50 6 15 26 38 41 50
19 57 19 21 26 28 41 57
59 66 59 66
7 19 7 14 19
2 46 2 9 20 26 28 46
1 37 1 13 24 29 36 37
7 62 7 42 62
4 8 4 8
0 53 0 20 32 53
7 56 7 28 35 56
15 40 15 21 40
8 73 8 58 67 73
6 27 6 24 27
2 50 2 23 25 38 41 50
10 85 10 60 66 71 82 85
9 74 9 57 74
44 73 44 73
3 89 3 15 26 42 46 77 89
56 71 56 64 71
18 61 18 34 45 50 51 58 61
72 87 72 87
3 13 3 9 13
22 56 22 31 56
30 80 30 39 58 61 75 80
28 61 28 35 39 58 61
24 88 24 29 43 77 87 88
42 51 42 51
10 82 10 52 67 82
8 24 8 9 13 24
53 80 53 80
32 78 32 47 67 72 78
32 78 32 48 72 78
6 56 6 16 23 35 56
18 81 18 20 66 78 81
68 69 68 69
33 37 33 37
0 50 0 10 17 29 36 50
9 44 9 20 32 44
30 80 30 41 50 51 58 61 75 80
45 64 45 50 51 58 64
10 77 10 24 43 77
26 51 26 38 42 51
1 80 1 3 30 80
1 88 1 88
18 42 18 21 42
7 73 7 42 51 58 67 73
61 75 61 75
5 59 5 36 50 51 59
3 40 3 37 40
4 57 4 13 29 36 55 57
42 75 42 51 58 61 75
15 35 15 22 25 35
25 35 25 35
6 70 6 24 43 70
7 27 7 27
66 77 66 77
50 58 50 51 58
19 57 19 38 42 57
19 37 19 21 26 28 37
36 82 36 55 58 67 72 82
50 82 50 82
38 63 38 42 57 63
3 89 3 30 44 55 67 72 78 84 89
10 61 10 34 44 55 61
17 29 17 29
29 48 29 36 48
57 88 57 63 80 81 83 88
48 64 48 52 64
54 78 54 67 72 78
17 52 17 32 48 52
22 59 22 25 38 41 49 51 59
9 17 9 17
51 58 51 58
49 76 49 51 58 64 69 76
59 86 59 86
1 40 1 19 21 40
40 65 40 63 65
58 84 58 67 72 78 84
21 49 21 26 38 41 49
6 17 6 17
2 23 2 23
8 89 8 62 72 78 84 89
17 86 17 33 67 72 86
28 87 28 41 49 69 87
16 58 16 31 43 44 55 58
26 42 26 38 42
29 44 29 43 44
1 87 1 26 38 70 72 87
34 65 34 65
79 83 79 81 83
20 50 20 30 34 45 50
13 20 13 20
52 69 52 64 68 69
17 77 17 58 77
3 35 3 14 28 35
28 69 28 49 51 64 68 69
1 88 1 49 72 82 85 88
32 61 32 47 61
4 66 4 13 60 66
29 36 29 36
0 79 0 27 79
44 53 44 53
39 85 39 85
16 47 16 23 32 47
25 88 25 57 63 88
2 39 2 33 39
10 77 10 60 66 77
0 77 0 13 28 37 52 77
49 67 49 51 58 67
20 65 20 55 57 63 65
8 39 8 28 35 39
68 88 68 69 87 88
30 86 30 41 57 72 86
28 37 28 37
1 36 1 2 9 13 24 27 29 36
50 84 50 51 59 66 78 84
50 58 50 51 58
58 69 58 68 69
38 63 38 42 62 63
56 78 56 62 72 78
0 39 0 24 30 39
19 68 19 38 42 51 58 68
7 60 7 49 51 60
1 67 1 39 58 67
13 68 13 24 29 36 59 64 68
16 58 16 44 55 58
38 69 38 60 69
18 31 18 22 31
71 88 71 82 85 88
27 88 27 72 82 85 88
12 44 12 24 43 44
4 66 4 23 32 66
63 65 63 65
11 68 11 21 40 68
48 72 48 54 67 72
4 82 4 23 68 74 82
30 53 30 41 53
26 81 26 38 60 66 78 81
62 83 62 72 78 81 83
41 65 41 50 59 65
51 71 51 58 64 71
64 81 64 81
17 68 17 52 64 68
58 84 58 67 72 78 84
44 64 44 55 58 64
59 66 59 66
14 80 14 31 43 62 63 80
18 89 18 59 66 77 89
9 42 9 13 20 26 42
9 29 9 24 29
13 77 13 29 36 43 77
45 82 45 54 67 82
26 83 26 28 64 81 83
6 79 6 79
11 26 11 20 26
20 87 20 40 68 69 87
25 57 25 57
53 88 53 88
9 33 9 17 25 33
14 31 14 31
70 81 70 72 78 81
27 82 27 29 48 72 82
40 68 40 68
8 87 8 62 72 87
16 69 16 28 35 59 64 69
66 89 66 77 89
1 71 1 2 9 24 30 39 58 64 71
31 84 31 43 62 72 78 84
54 69 54 59 64 69
28 40 28 37 40
24 63 24 27 44 55 57 63
26 74 26 38 42 51 64 68 74
4 88 4 41 67 82 85 88
57 82 57 74 82
22 51 22 34 45 50 51
4 27 4 13 24 27
26 62 26 28 35 56 62
9 86 9 17 29 36 48 72 86
28 81 28 35 39 58 61 75 80 81
16 23 16 23
30 49 30 41 49
0 27 0 27
57 78 57 72 78
84 89 84 89
8 39 8 9 24 30 39
36 82 36 37 48 52 71 82
26 48 26 28 37 48
48 82 48 72 82
40 76 40 64 69 76
63 83 63 80 81 83
5 64 5 64
7 49 7 29 36 37 49
14 42 14 25 38 42
58 78 58 67 72 78
54 64 54 59 64
19 37 19 33 37
19 37 19 21 26 28 37
29 61 29 48 61
36 52 36 48 52
59 71 59 64 71
79 83 79 81 83
6 86 6 44 55 79 86
16 59 16 28 35 59
3 23 3 16 23
4 23 4 23
59 78 59 66 78
52 85 52 71 82 85
59 65 59 65
2 78 2 33 51 58 67 72 78
54 64 54 59 64
22 56 22 31 56
19 57 19 38 41 57
64 86 64 86
11 48 11 33 37 48
2 34 2 14 34
21 71 21 40 64 71
18 89 18 34 59 66 77 89
16 33 16 23 25 33
63 85 63 82 85
6 45 6 17 20 30 34 45
34 48 34 48
10 78 10 48 54 67 72 78
29 73 29 48 54 73
4 35 4 23 25 35
23 81 23 66 78 81
57 74 57 74
7 84 7 39 58 67 72 78 84
10 34 10 34
20 72 20 39 58 67 72
1 19 1 7 14 19
68 88 68 69 87 88
13 49 13 28 49
11 57 11 20 30 41 57
5 53 5 36 43 44 53
19 33 19 33
9 33 9 17 33
33 61 33 61
75 83 75 80 83
27 59 27 29 36 50 59
55 86 55 79 86
18 59 18 22 33 51 59
64 86 64 86
2 73 2 14 34 48 54 67 73
18 68 18 59 64 68
25 74 25 35 56 64 68 74
35 65 35 63 65
69 87 69 87
7 87 7 62 72 87
67 84 67 72 78 84
14 39 14 19 21 26 28 35 39
15 30 15 30
45 77 45 55 58 77
2 87 2 57 72 87
9 53 9 13 36 43 44 53
38 61 38 41 49 51 58 61
27 85 27 72 82 85
43 53 43 44 53
16 59 16 29 36 59
48 74 48 54 59 64 68 74
13 20 13 20
6 45 6 15 30 34 45
28 35 28 35
12 25 12 17 25
67 78 67 72 78
27 57 27 29 36 55 57
26 76 26 38 41 59 64 68 69 76
2 68 2 9 20 32 58 68
71 88 71 82 85 88
33 88 33 61 75 82 85 88
4 13 4 8 9 13
48 72 48 72
4 79 4 23 79
51 58 51 58
52 77 52 77
13 87 13 64 68 69 87
21 80 21 40 63 80
28 68 28 64 68
6 25 6 16 23 25
57 82 57 82
35 65 35 63 65
26 55 26 55
10 40 10 24 27 29 36 37 40
18 70 18 20 26 42 70
15 62 15 21 26 42 62
34 79 34 45 55 79
12 20 12 17 20
24 87 24 50 59 69 87
16 31 16 31
43 73 43 44 73
58 77 58 77
10 33 10 17 33
15 70 15 30 41 70
1 19 1 2 14 19
11 68 11 64 68
64 71 64 71
39 69 39 69
17 40 17 29 36 37 40
70 86 70 72 86
54 86 54 86
25 35 25 35
44 61 44 55 61
8 88 8 40 85 88
60 82 60 82
60 82 60 82
18 34 18 20 30 34
12 33 12 17 33
27 29 27 29
1 44 1 13 24 27 44
16 87 16 28 64 69 87
24 73 24 27 44 73
3 48 3 16 28 37 48
10 53 10 30 53
43 80 43 52 80
27 82 27 44 55 57 63 82
13 76 13 26 38 42 51 64 69 76
22 58 22 34 44 55 58
5 89 5 36 48 72 78 84 89
45 81 45 55 79 81
33 77 33 39 58 77
20 82 20 26 38 41 49 51 58 64 82
2 82 2 33 37 49 51 67 82
84 88 84 88
21 61 21 26 42 51 58 61
22 87 22 31 56 64 69 87
10 88 10 24 77 87 88
51 64 51 58 64
37 87 37 49 51 67 72 87
82 85 82 85
45 85 45 75 82 85
6 15 6 15
57 81 57 78 81
44 61 44 55 61
52 80 52 80
47 61 47 61
59 65 59 65
17 54 17 32 48 54
36 81 36 50 59 64 81
60 71 60 66 71
13 68 13 26 42 51 58 64 68
13 77 13 36 60 66 77
4 77 4 49 51 60 66 77
13 45 13 20 30 34 45
5 35 5 6 16 23 35
23 57 23 25 57
61 81 61 75 80 81
15 43 15 22 31 43
19 56 19 21 26 28 35 56
15 30 15 30
1 9 1 2 9
56 78 56 62 72 78
1 35 1 26 28 35
29 66 29 48 54 59 66
23 87 23 66 77 87
20 35 20 26 28 35
24 62 24 29 36 43 62
71 88 71 82 85 88
63 82 63 82
14 28 14 28
12 69 12 17 29 36 59 69
0 55 0 10 44 55
18 43 18 22 43
31 62 31 43 62
16 46 16 38 42 46
22 31 22 31
54 75 54 75
7 64 7 42 51 64
29 48 29 48
24 47 24 43 47
24 36 24 27 29 36
12 55 12 45 55
22 59 22 33 51 59
64 69 64 68 69
11 78 11 35 72 78
1 37 1 2 33 37
22 82 22 59 71 82
24 79 24 27 44 55 79
17 60 17 33 51 60
12 66 12 37 48 54 59 66
18 54 18 21 26 28 37 48 54
28 64 28 64
1 76 1 26 38 41 49 51 58 64 68 69 76
17 40 17 20 40
8 63 8 9 13 28 37 40 63
0 27 0 27
54 81 54 59 66 78 81
51 58 51 58
28 37 28 37
41 80 41 49 51 80
20 44 20 32 44
10 60 10 17 25 38 60
15 21 15 21
69 87 69 87
45 66 45 50 60 66
33 63 33 37 40 63
63 83 63 83
44 58 44 55 58
8 62 8 9 62
49 76 49 76
7 76 7 39 69 76
4 88 4 8 58 61 88
20 66 20 66
21 84 21 26 28 41 70 72 78 84
63 80 63 80
22 25 22 25
5 41 5 6 17 25 38 41
2 34 2 14 34
29 51 29 36 50 51
52 78 52 78
42 62 42 62
35 75 35 39 58 61 75
32 77 32 47 77
26 46 26 28 46
33 52 33 52
58 82 58 64 82
2 42 2 23 25 38 42
10 30 10 17 20 30
26 60 26 42 51 60
24 59 24 29 36 59
33 39 33 39
9 64 9 17 32 44 64
29 69 29 48 54 59 64 68 69
75 80 75 80
67 81 67 72 78 81
34 45 34 45
23 82 23 68 74 82
39 81 39 58 67 72 78 81
6 44 6 15 30 34 44
42 64 42 51 58 64
10 17 10 17
1 55 1 19 43 44 55
79 89 79 84 89
37 76 37 40 64 68 69 76
7 40 7 40
0 10 0 10
0 89 0 27 53 84 89
21 58 21 42 51 58
44 76 44 64 68 69 76
66 89 66 78 84 89
48 86 48 52 64 86
12 70 12 27 70
19 89 19 78 84 89
10 48 10 48
39 65 39 65
19 62 19 43 62
11 34 11 20 30 34
4 40 4 8 40
56 76 56 64 68 69 76
31 61 31 43 44 55 58 61
9 69 9 50 51 59 69
36 43 36 43
24 66 24 50 59 66
4 67 4 49 51 67
25 88 25 81 83 88
8 84 8 58 67 72 78 84
55 78 55 67 72 78
25 54 25 33 37 48 54
6 69 6 37 40 68 69
17 78 17 70 72 78
78 81 78 81
64 82 64 82
32 73 32 58 67 73
42 85 42 62 74 85
36 83 36 50 60 66 83
8 28 8 9 13 20 26 28
83 88 83 88
45 59 45 54 59
24 80 24 55 58 61 75 80
57 63 57 63
67 84 67 72 78 84
6 77 6 44 53 77
57 63 57 63
48 82 48 52 64 68 74 82
5 44 5 36 43 44
27 79 27 79
22 88 22 34 59 66 78 84 88
56 86 56 62 72 86
30 82 30 39 58 67 82
6 30 6 17 20 30
39 69 39 69
30 44 30 34 44
20 58 20 55 58
0 80 0 45 52 80
10 17 10 17
7 50 7 28 41 50
21 84 21 26 55 84
25 40 25 33 37 40
67 86 67 72 86
26 51 26 42 51
67 87 67 72 87
20 26 20 26
4 60 4 60
42 58 42 51 58
3 54 3 14 19 33 37 48 54
38 63 38 42 57 63
45 84 45 54 67 72 78 84
47 75 47 75
21 68 21 59 64 68
19 56 19 21 26 28 35 56
2 24 2 9 24
27 57 27 44 55 57
75 81 75 80 81
2 34 2 14 34
45 83 45 52 80 83
64 74 64 68 74
18 81 18 34 45 75 80 81
25 38 25 38
43 47 43 47
56 71 56 64 71
70 88 70 88
28 69 28 69
13 37 13 36 37
22 50 22 25 38 41 50
5 57 5 6 24 55 57
44 89 44 79 84 89
26 62 26 38 42 62
10 53 10 24 30 53
20 47 20 32 47
16 44 16 44
9 88 9 24 83 88
33 51 33 51
18 35 18 20 26 28 35
27 58 27 58
35 62 35 56 62
26 40 26 28 37 40
22 87 22 25 40 64 68 69 87
8 47 8 9 13 20 32 47
5 77 5 6 31 43 47 77
17 60 17 29 36 37 49 51 60
29 58 29 43 44 55 58
21 73 21 26 38 41 49 51 67 73
1 71 1 49 51 64 71
9 74 9 57 74
42 76 42 51 64 69 76
16 83 16 80 81 83
7 74 7 49 51 64 68 74
0 27 0 24 27
64 88 64 82 85 88
20 79 20 26 55 79
16 86 16 29 48 54 72 86
16 35 16 35
29 72 29 70 72
4 23 4 23
8 32 8 9 13 20 32
33 72 33 62 72
21 84 21 42 57 72 78 84
41 68 41 49 51 59 64 68
48 83 48 52 83
4 78 4 8 9 13 26 67 72 78
1 89 1 7 89
26 48 26 28 37 48
75 82 75 82
72 88 72 82 85 88
31 82 31 56 64 71 82
27 72 27 44 55 67 72
20 73 20 73
17 50 17 25 38 41 50
18 68 18 20 55 58 64 68
29 60 29 36 37 49 51 60
41 49 41 49
7 61 7 32 47 61
1 44 1 19 43 44
44 64 44 55 58 64
3 38 3 38
26 41 26 38 41
51 75 51 58 61 75
18 67 18 21 42 51 58 67
8 53 8 9 20 26 38 41 53
26 41 26 38 41
23 88 23 87 88
68 76 68 69 76
39 81 39 58 61 75 80 81
13 74 13 36 59 64 68 74
33 60 33 51 60
24 27 24 27
8 47 8 9 20 32 47
26 56 26 28 35 56
29 66 29 48 54 59 66
4 65 4 49 51 59 65
18 89 18 34 79 84 89
37 72 37 49 51 58 67 72
2 29 2 9 24 29
20 49 20 30 41 49
34 75 34 44 55 61 75
57 88 57 63 82 85 88
2 83 2 14 70 81 83
27 43 27 29 36 43
45 50 45 50
4 87 4 30 48 54 67 72 87
13 76 13 26 55 58 68 69 76
70 81 70 72 78 81
50 69 50 60 69
21 28 21 26 28
64 76 64 68 69 76
66 82 66 71 82
11 83 11 59 66 78 81 83
23 68 23 55 58 68
17 86 17 58 67 72 86
12 63 12 44 55 57 63
24 71 24 43 52 71
14 56 14 31 56
30 52 30 48 52
30 39 30 39
25 69 25 33 51 64 69
58 61 58 61
24 64 24 55 58 64
8 24 8 9 13 24
17 59 17 29 48 54 59
9 83 9 50 51 80 81 83
3 62 3 14 19 21 42 62
2 52 2 33 52
27 59 27 29 36 50 51 59
18 67 18 20 39 58 67
0 59 0 59
62 88 62 72 88
75 82 75 82
3 81 3 38 42 57 63 80 81
10 29 10 17 29
2 27 2 9 24 27
2 23 2 23
18 44 18 22 43 44
16 31 16 31
55 80 55 57 63 80
26 62 26 28 35 56 62
19 49 19 38 41 49
14 73 14 19 43 52 67 73
17 38 17 25 38
22 79 22 34 44 55 79
10 33 10 17 25 33
51 68 51 59 64 68
64 68 64 68
22 88 22 25 35 59 86 88
51 60 51 60
3 36 3 27 29 36
13 28 13 26 28
18 62 18 22 31 56 62
59 77 59 77
11 59 11 33 51 59
45 54 45 54
10 38 10 17 25 38
23 81 23 32 44 79 81
1 66 1 26 38 42 51 60 66
0 54 0 24 27 29 48 54
50 73 50 51 67 73
36 71 36 48 54 71
75 80 75 80
58 87 58 64 69 87
39 58 39 58
52 78 52 78
11 39 11 33 39
12 30 12 17 20 30
32 75 32 48 75
33 37 33 37
3 31 3 16 31
59 82 59 64 68 74 82
23 65 23 32 44 55 57 63 65
6 56 6 15 22 25 35 56
11 39 11 35 39
28 77 28 46 77
2 62 2 9 13 36 43 62
64 88 64 68 69 87 88
1 49 1 13 26 28 41 49
79 83 79 83
9 20 9 13 20
11 33 11 33
1 40 1 37 40
10 38 10 17 25 38
20 35 20 26 28 35
22 61 22 33 51 58 61
6 30 6 15 30
30 44 30 44
7 64 7 32 58 64
20 78 20 55 57 78
33 87 33 49 51 67 72 87
40 63 40 63
11 48 11 20 26 28 37 48
52 76 52 64 68 69 76
78 88 78 84 88
12 80 12 44 55 61 75 80
5 6 5 6
9 37 9 24 27 29 36 37
58 77 58 77
46 87 46 77 87
51 75 51 58 61 75
55 76 55 58 68 69 76
19 86 19 21 58 67 72 86
20 52 20 26 28 37 48 52
14 42 14 19 38 42
17 25 17 25
43 87 43 44 53 77 87
51 76 51 64 68 69 76
6 63 6 31 43 44 55 57 63
37 64 37 49 51 64
18 33 18 22 33
10 62 10 17 29 43 62
54 72 54 67 72
79 88 79 83 88
19 21 19 21
9 27 9 24 27
34 55 34 44 55
12 69 12 29 48 52 64 69
11 68 11 20 56 64 68
59 77 59 77
43 89 43 70 72 78 84 89
49 68 49 51 64 68
43 62 43 62
56 71 56 64 71
32 81 32 53 80 81
14 42 14 25 38 42
17 89 17 58 77 89
8 66 8 41 59 66
22 75 22 43 47 75
15 35 15 26 28 35
1 13 1 13
70 82 70 72 82
27 48 27 29 36 37 48
7 64 7 64
61 82 61 75 82
17 70 17 29 36 43 70
24 77 24 30 48 54 59 66 77
51 59 51 59
33 67 33 51 58 67
13 79 13 24 29 43 44 79
52 78 52 78
3 38 3 14 25 38
7 73 7 42 51 58 67 73
38 74 38 42 62 74
20 40 20 26 28 37 40
13 44 13 20 32 44
57 81 57 63 80 81
35 88 35 56 62 63 82 85 88
22 79 22 43 44 79
14 80 14 19 33 37 48 54 75 80
26 59 26 42 51 59
16 44 16 44
54 87 54 59 64 69 87
56 71 56 64 71
29 79 29 43 44 55 79
5 73 5 52 67 73
29 54 29 48 54
18 38 18 21 26 38
44 64 44 64
15 77 15 22 43 47 77
28 46 28 46
17 39 17 20 30 39
47 77 47 77
12 41 12 24 30 41
41 53 41 53
63 65 63 65
61 81 61 75 80 81
23 37 23 37
5 89 5 89
7 66 7 29 36 37 48 54 59 66
39 85 39 58 85
5 63 5 36 55 57 63
68 76 68 69 76
48 82 48 61 75 82
62 84 62 72 78 84
53 84 53 84
12 63 12 45 55 57 63
32 66 32 48 54 59 66
10 45 10 24 30 34 45
13 38 13 20 26 38
63 82 63 82
20 32 20 32
3 33 3 9 17 33
3 31 3 14 31
28 83 28 49 51 60 66 83
9 88 9 62 74 85 88
51 67 51 58 67
45 75 45 75
18 22 18 22
11 33 11 33
45 66 45 50 60 66
87 88 87 88
79 81 79 81
7 86 7 27 58 67 72 86
29 58 29 36 43 44 55 58
48 75 48 61 75
41 79 41 79
1 30 1 2 9 17 20 30
74 82 74 82
32 55 32 44 55
20 35 20 26 28 35
51 80 51 80
56 68 56 64 68
20 39 20 39
3 82 3 16 38 60 82
22 89 22 31 56 62 72 78 84 89
2 58 2 23 32 58
11 49 11 33 49
18 76 18 59 69 76
50 58 50 51 58
8 78 8 28 49 51 58 67 72 78
61 75 61 75
6 39 6 24 30 39
72 78 72 78
4 89 4 8 9 17 58 77 89
20 81 20 39 58 64 81
14 56 14 28 35 56
57 88 57 63 82 85 88
55 69 55 58 68 69
39 76 39 76
3 40 3 37 40
24 52 24 27 29 43 52
5 53 5 6 15 22 34 44 53
2 88 2 82 85 88
22 43 22 31 43
11 58 11 33 39 58
25 88 25 62 72 82 85 88
5 47 5 6 24 43 47
6 77 6 27 29 36 55 58 77
20 71 20 39 58 64 71
17 87 17 70 72 87
3 43 3 9 17 29 43
1 47 1 7 32 47
55 61 55 61
22 73 22 33 49 51 67 73
52 85 52 71 82 85
67 85 67 82 85
14 87 14 31 43 70 72 87
11 79 11 21 26 55 79
45 81 45 55 61 75 80 81
35 39 35 39
8 61 8 58 61
10 36 10 24 29 36
63 82 63 82
6 85 6 17 25 40 68 74 85
39 84 39 58 67 72 78 84
15 35 15 22 25 35
25 68 25 33 49 51 59 64 68
45 73 45 67 73
14 67 14 19 43 47 67
37 74 37 52 64 68 74
17 77 17 32 44 53 77
64 85 64 68 74 85
13 20 13 20
4 87 4 23 25 33 39 87
29 54 29 36 37 48 54
7 27 7 27
23 38 23 25 38
9 20 9 17 20
5 45 5 6 18 20 30 34 45
34 66 34 48 54 59 66
13 49 13 28 49
42 76 42 51 64 68 69 76
15 28 15 21 26 28
12 66 12 50 59 66
23 58 23 44 55 58
7 28 7 14 19 21 26 28
43 52 43 52
11 79 11 21 26 38 41 79
24 89 24 27 70 72 78 84 89
27 76 27 29 36 37 52 64 68 69 76
26 79 26 55 79
16 35 16 35
28 58 28 37 51 58
21 80 21 26 55 58 61 75 80
30 63 30 41 57 63
10 53 10 44 53
62 87 62 72 87
7 57 7 42 57
33 59 33 49 51 59
15 52 15 26 28 37 52
3 36 3 27 29 36
7 56 7 56
21 68 21 40 68
25 84 25 57 72 78 84
37 83 37 72 78 81 83
10 78 10 34 45 57 78
10 63 10 44 55 57 63
27 59 27 29 36 59
12 28 12 17 20 26 28
40 64 40 64
18 72 18 21 42 70 72
27 76 27 44 55 58 64 69 76
27 70 27 29 43 70
22 35 22 25 35
22 88 22 31 43 47 77 88
6 44 6 30 34 44
12 87 12 66 77 87
5 47 5 36 43 47
32 61 32 58 61
12 44 12 29 43 44
47 80 47 80
17 50 17 25 38 41 50
43 73 43 44 55 67 73
20 55 20 30 34 44 55
22 66 22 59 66
34 86 34 86
32 77 32 48 54 59 77
59 69 59 69
28 73 28 37 49 51 67 73
1 88 1 19 85 88
0 27 0 24 27
39 81 39 58 64 81
64 71 64 71
19 62 19 38 42 62
18 65 18 59 65
4 88 4 49 51 86 88
26 46 26 42 46
12 44 12 17 32 44
37 76 37 48 52 64 68 69 76
32 48 32 48
12 44 12 44
11 88 11 77 88
40 89 40 78 84 89
15 46 15 46
29 51 29 36 50 51
7 50 7 28 41 50
11 70 11 70
58 80 58 61 75 80
1 37 1 19 33 37
13 84 13 26 42 57 78 84
19 74 19 38 41 57 74
38 65 38 42 51 59 65
12 29 12 27 29
12 81 12 75 80 81
17 69 17 58 68 69
48 89 48 54 72 78 84 89
32 65 32 48 54 59 65
36 59 36 50 51 59
67 82 67 72 82
1 24 1 13 24
38 86 38 70 72 86
45 67 45 52 67
17 42 17 20 26 38 42
20 28 20 26 28
12 61 12 29 48 61
42 85 42 57 63 82 85
24 59 24 29 48 54 59
15 67 15 21 58 67
4 77 4 23 25 38 60 66 77
39 78 39 58 67 72 78
1 13 1 2 9 13
47 88 47 67 72 86 88
3 69 3 58 68 69
15 45 15 30 34 45
27 70 27 70
8 42 8 9 13 20 26 38 42
54 89 54 67 72 78 84 89
4 45 4 30 34 45
25 69 25 38 41 50 51 60 69
6 15 6 15
2 24 2 9 13 24
52 64 52 64
51 86 51 67 72 86
10 48 10 34 48
1 7 1 7
38 70 38 42 70
27 48 27 29 48
37 64 37 59 64
21 35 21 26 28 35
17 73 17 32 58 67 73
47 84 47 67 72 78 84
11 68 11 64 68
39 76 39 69 76
13 28 13 28
43 53 43 44 53
30 82 30 48 61 75 82
56 64 56 64
34 60 34 45 50 60
15 58 15 30 34 45 50 51 58
0 74 0 27 29 48 52 64 68 74
12 37 12 29 36 37
22 56 22 25 35 56
11 72 11 20 56 62 72
49 51 49 51
29 81 29 81
58 64 58 64
16 33 16 23 25 33
15 53 15 22 34 44 53
43 78 43 47 67 72 78
41 75 41 50 51 58 61 75
37 40 37 40
24 87 24 29 48 72 87
30 41 30 41
2 64 2 56 64
38 85 38 85
0 53 0 10 17 25 38 41 53
6 39 6 17 33 39
84 88 84 88
36 66 36 37 51 59 66
24 49 24 29 36 37 49
22 25 22 25
25 81 25 38 70 72 78 81
13 29 13 29
72 82 72 82
24 51 24 29 36 37 51
9 64 9 50 51 58 64
34 81 34 48 52 78 81
17 47 17 20 32 47
41 67 41 49 51 58 67
71 82 71 82
1 30 1 13 24 30
29 80 29 75 80
75 80 75 80
32 58 32 44 55 58
71 82 71 82
24 83 24 55 67 72 78 81 83
8 44 8 9 24 29 43 44
41 70 41 70
20 83 20 40 78 81 83
14 28 14 19 21 26 28
13 36 13 29 36
71 88 71 88
19 69 19 69
40 86 40 64 86
44 84 44 84
26 63 26 28 35 56 62 63
6 33 6 16 23 25 33
8 49 8 41 49
4 87 4 70 72 87
12 80 12 29 48 54 75 80
28 66 28 49 51 60 66
0 72 0 20 55 67 72
11 26 11 21 26
27 36 27 29 36
6 16 6 16
9 29 9 24 29
64 68 64 68
13 56 13 20 26 28 35 56
70 72 70 72
28 46 28 46
22 25 22 25
22 73 22 43 44 73
8 84 8 41 50 60 66 78 84
20 60 20 26 28 37 51 60
16 40 16 23 25 40
59 64 59 64
33 37 33 37
0 35 0 10 17 25 35
51 86 51 64 86
34 81 34 79 81
10 70 10 24 43 70
21 46 21 26 38 42 46
15 57 15 22 25 57
37 82 37 40 68 74 82
15 63 15 26 38 42 62 63
17 53 17 29 36 43 44 53
4 86 4 41 79 86
43 63 43 44 55 57 63
26 42 26 42
66 77 66 77
2 86 2 9 57 72 86
3 69 3 38 60 69
67 86 67 72 86
2 46 2 9 13 20 26 38 42 46
67 89 67 72 78 84 89
29 36 29 36
6 88 6 16 80 83 88
20 75 20 26 75
36 72 36 55 57 72
4 86 4 70 86
54 59 54 59
23 67 23 25 35 39 58 67
54 87 54 59 66 77 87
20 49 20 30 41 49
42 57 42 57
84 88 84 88
21 59 21 42 51 59
37 51 37 51
44 53 44 53
67 82 67 82
49 51 49 51
30 79 30 34 79
54 89 54 67 72 78 84 89
31 82 31 43 62 74 82
56 86 56 62 72 86
22 50 22 34 45 50
14 81 14 25 63 80 81
46 89 46 77 89
49 72 49 51 58 67 72
20 70 20 26 38 70
14 19 14 19
25 68 25 35 39 58 68
13 36 13 24 27 29 36
56 82 56 64 68 74 82
52 76 52 64 68 69 76
13 29 13 24 27 29
17 54 17 32 48 54
3 69 3 9 13 68 69
6 45 6 17 20 30 34 45
6 29 6 16 29
72 89 72 78 84 89
37 48 37 48
22 35 22 25 35
7 89 7 39 58 67 72 78 84 89
49 76 49 69 76
22 76 22 34 45 50 60 69 76
51 84 51 59 66 78 84
8 58 8 34 45 55 58
26 75 26 42 51 58 61 75
78 81 78 81
72 86 72 86
13 32 13 20 32
4 43 4 8 9 13 24 43
3 31 3 14 31
26 48 26 28 37 48
80 81 80 81
15 51 15 26 38 42 51
58 82 58 61 75 82
48 52 48 52
60 71 60 66 71
56 78 56 78
54 84 54 59 66 78 84
23 89 23 44 53 77 89
18 88 18 72 82 85 88
37 48 37 48
42 85 42 62 74 82 85
42 70 42 70
22 49 22 33 49
19 41 19 21 26 28 41
7 56 7 56
7 60 7 49 51 60
3 40 3 27 29 36 37 40
32 66 32 48 54 59 66
36 51 36 37 49 51
43 80 43 44 53 80
29 67 29 43 47 67
8 53 8 9 20 32 44 53
54 86 54 67 72 86
9 76 9 17 58 64 69 76
2 86 2 33 51 58 64 86
2 54 2 23 32 48 54
16 55 16 31 43 44 55
30 48 30 34 48
21 56 21 26 28 35 56
52 77 52 77
26 28 26 28
79 89 79 84 89
9 33 9 17 25 33
43 52 43 52
38 89 38 42 51 58 67 72 78 84 89
77 88 77 88
36 60 36 60
59 76 59 64 69 76
14 28 14 28
44 73 44 55 58 67 73
12 74 12 17 20 32 48 54 59 64 68 74
15 58 15 22 33 39 58
47 81 47 61 75 80 81
0 64 0 27 58 64
9 13 9 13
14 74 14 59 64 68 74
32 81 32 66 78 81
48 82 48 72 82
1 19 1 7 14 19
42 57 42 57
1 40 1 37 40
50 81 50 60 66 78 81
33 46 33 46
15 25 15 22 25
2 81 2 57 72 78 81
6 85 6 40 64 68 74 85
13 83 13 28 49 51 67 72 78 81 83
4 42 4 23 25 38 42
11 62 11 21 42 62
9 27 9 24 27
1 86 1 2 57 72 86
13 62 13 20 56 62
36 67 36 50 51 58 67
51 58 51 58
15 79 15 26 28 41 79
0 33 0 10 17 25 33
53 84 53 84
33 77 33 49 51 58 77
26 46 26 38 42 46
9 57 9 13 20 30 34 44 55 57
27 29 27 29
26 41 26 28 41
45 75 45 55 58 61 75
18 81 18 59 66 78 81
24 36 24 29 36
14 42 14 19 38 42
13 54 13 36 37 48 54
14 84 14 42 62 72 78 84
24 68 24 55 58 68
7 63 7 40 63
11 58 11 21 42 51 58
62 81 62 63 80 81
38 65 38 65
10 43 10 17 29 43
15 79 15 21 26 28 41 79
5 52 5 6 27 29 48 52
32 61 32 47 61
26 62 26 42 62
23 89 23 57 78 84 89
79 84 79 84
64 71 64 71
22 52 22 25 33 37 52
32 87 32 53 77 87
15 26 15 21 26
8 42 8 9 17 25 38 42
51 68 51 59 64 68
22 70 22 43 70
36 37 36 37
72 89 72 78 84 89
32 86 32 86
11 84 11 20 56 78 84
48 74 48 54 59 64 68 74
20 81 20 26 75 80 81
22 61 22 34 48 61
9 76 9 20 26 38 42 51 60 69 76
38 51 38 41 49 51
28 71 28 64 71
44 79 44 79
24 51 24 30 41 50 51
13 64 13 28 49 51 64
10 66 10 34 59 66
18 58 18 21 58
6 84 6 54 72 78 84
43 83 43 70 72 78 81 83
24 62 24 29 36 43 62
7 89 7 40 78 84 89
33 49 33 37 49
3 37 3 37
42 70 42 70
18 68 18 21 40 68
51 80 51 58 61 75 80
58 80 58 61 75 80
1 9 1 3 9
12 41 12 24 30 41
4 40 4 23 25 33 37 40
58 68 58 64 68
8 38 8 9 17 20 26 38
9 41 9 17 25 38 41
57 72 57 72
33 54 33 37 48 54
38 41 38 41
26 49 26 38 41 49
41 85 41 49 51 59 64 71 82 85
1 80 1 19 38 42 57 63 80
55 72 55 58 67 72
2 54 2 14 34 48 54
14 66 14 28 35 59 66
25 84 25 79 84
6 33 6 17 25 33
58 80 58 61 75 80
23 25 23 25
54 66 54 59 66
15 28 15 21 26 28
1 47 1 7 29 36 43 47
3 37 3 16 23 37
15 40 15 22 25 40
54 67 54 67
11 53 11 21 26 38 41 53
50 73 50 51 67 73
13 20 13 20
27 68 27 44 64 68
44 79 44 79
12 80 12 50 51 58 61 75 80
24 80 24 43 62 63 80
33 40 33 37 40
16 86 16 86
81 88 81 83 88
36 64 36 50 51 64
25 33 25 33
24 64 24 30 39 58 64
32 80 32 53 80
19 35 19 21 26 28 35
37 80 37 51 80
12 68 12 17 32 48 54 59 64 68
21 40 21 26 28 37 40
58 68 58 64 68
12 82 12 24 29 36 43 44 55 67 72 82
36 71 36 59 66 71
9 88 9 20 88
42 83 42 70 81 83
59 78 59 66 78
7 78 7 49 51 58 67 72 78
56 68 56 64 68
32 75 32 44 55 58 61 75
31 56 31 56
5 50 5 6 17 29 36 50
9 13 9 13
15 26 15 26
42 76 42 51 58 64 68 69 76
1 43 1 3 15 22 43
9 57 9 20 32 44 55 57
18 72 18 22 43 52 67 72
10 42 10 17 25 38 42
41 64 41 59 64
5 62 5 6 16 28 35 56 62
3 34 3 30 34
25 60 25 33 51 60
29 72 29 48 54 72
70 72 70 72
11 83 11 21 58 64 81 83
6 31 6 16 31
8 41 8 28 41
5 57 5 6 30 44 55 57
32 53 32 53
17 87 17 60 69 87
43 53 43 44 53
35 84 35 72 78 84
39 84 39 58 67 72 78 84
11 52 11 33 52
24 45 24 30 34 45
15 26 15 26
30 65 30 48 54 59 65
21 80 21 26 80
6 84 6 18 59 66 78 84
46 89 46 77 89
32 79 32 44 55 79
30 75 30 39 58 61 75
0 88 0 20 30 39 58 85 88
80 81 80 81
22 87 22 33 37 52 67 72 87
6 43 6 31 43
41 50 41 50
67 78 67 72 78
22 53 22 25 38 41 53
26 46 26 28 46
49 80 49 51 80
8 66 8 34 48 54 59 66
80 83 80 83
38 65 38 65
16 71 16 44 64 71
64 76 64 69 76
59 78 59 66 78
6 44 6 31 43 44
26 60 26 28 37 51 60
34 69 34 45 64 69
5 35 5 6 15 22 25 35
19 28 19 21 26 28
27 79 27 79
39 84 39 58 67 72 78 84
11 59 11 35 59
62 80 62 63 80
5 63 5 36 55 57 63
5 61 5 6 44 55 58 61
42 62 42 62
62 88 62 72 86 88
57 82 57 72 82
14 33 14 25 33
21 80 21 42 57 63 80
37 87 37 77 87
6 75 6 24 55 58 61 75
25 42 25 38 42
51 74 51 59 64 68 74
33 52 33 52
30 82 30 44 55 67 82
6 86 6 27 44 64 86
25 80 25 62 63 80
70 82 70 71 82
12 30 12 17 20 30
17 63 17 33 62 63
27 43 27 29 36 43
44 83 44 55 61 75 80 83
3 23 3 16 23
6 76 6 30 44 64 68 69 76
1 25 1 2 23 25
4 87 4 60 69 87
31 61 31 43 47 61
45 67 45 55 58 67
55 80 55 57 63 80
45 68 45 54 59 64 68
57 83 57 72 78 81 83
5 76 5 64 69 76
57 83 57 63 83
56 71 56 64 71
1 36 1 2 9 17 29 36
27 76 27 44 64 69 76
0 46 0 10 17 25 38 42 46
8 75 8 9 24 55 58 61 75
52 68 52 64 68
19 48 19 33 37 48
15 63 15 30 44 55 57 63
7 64 7 32 58 64
17 56 17 20 26 28 35 56
13 79 13 28 41 79
10 52 10 24 43 52
58 69 58 64 69
59 88 59 69 87 88
72 88 72 78 81 83 88
34 74 34 48 54 59 64 68 74
53 77 53 77
6 50 6 15 30 41 50
24 45 24 30 34 45
26 41 26 38 41
20 79 20 79
4 37 4 8 9 17 29 36 37
23 79 23 55 79
6 75 6 54 75
12 74 12 45 64 68 74
55 78 55 58 67 72 78
25 35 25 35
33 59 33 37 59
3 42 3 14 19 38 42
30 44 30 34 44
3 76 3 14 68 69 76
33 83 33 67 72 78 81 83
13 38 13 20 26 38
17 69 17 29 43 64 68 69
6 27 6 24 27
2 13 2 9 13
17 81 17 20 56 62 72 78 81
9 86 9 13 24 27 79 86
47 88 47 61 88
28 85 28 35 63 82 85
67 84 67 72 78 84
49 80 49 51 58 61 75 80
2 56 2 14 28 35 56
30 80 30 39 58 61 75 80
5 72 5 72
29 54 29 48 54
21 40 21 26 28 37 40
17 78 17 78
26 62 26 42 62
32 59 32 48 54 59
51 69 51 59 69
20 79 20 55 79
41 70 41 70
48 73 48 52 67 73
20 28 20 26 28
2 50 2 14 28 41 50
22 56 22 31 56
18 54 18 34 45 54
22 70 22 31 43 70
50 51 50 51
75 81 75 80 81
63 81 63 80 81
49 80 49 51 58 61 75 80
10 54 10 30 54
5 35 5 6 16 23 25 35
52 73 52 67 73
13 82 13 72 82
23 37 23 37
43 77 43 77
25 88 25 33 39 87 88
17 38 17 25 38
58 69 58 64 69
30 44 30 34 44
82 85 82 85
6 27 6 27
32 63 32 44 55 57 63
27 59 27 29 36 50 51 59
52 68 52 64 68
35 66 35 59 66
3 72 3 14 25 57 72
6 73 6 24 43 44 55 58 67 73
27 72 27 29 70 72
37 74 37 52 64 68 74
12 84 12 66 78 84
18 87 18 22 43 62 72 87
42 62 42 62
26 58 26 42 51 58
8 44 8 9 24 29 43 44
41 80 41 49 51 58 61 75 80
66 81 66 78 81
0 10 0 10
14 33 14 19 33
12 84 12 44 78 84
78 81 78 81
20 75 20 30 48 54 75
11 49 11 33 49
6 25 6 16 23 25
23 62 23 25 35 56 62
15 79 15 30 41 79
50 64 50 51 59 64
2 9 2 9
15 37 15 26 28 37
33 37 33 37
11 83 11 20 30 39 58 67 72 78 81 83
10 72 10 52 67 72
1 35 1 26 28 35
45 88 45 75 80 83 88
7 57 7 42 57
71 82 71 82
12 75 12 44 55 58 61 75
20 63 20 30 34 44 55 57 63
14 74 14 42 57 74
45 75 45 50 51 58 61 75
32 87 32 48 54 59 69 87
15 60 15 26 42 51 60
17 51 17 33 37 49 51
45 54 45 54
9 50 9 17 20 26 28 41 50
2 36 2 9 17 29 36
44 72 44 55 57 72
21 61 21 42 51 58 61
3 54 3 9 17 20 32 48 54
43 44 43 44
50 64 50 59 64
33 39 33 39
30 52 30 48 52
1 50 1 26 38 41 50
10 43 10 24 27 29 43
63 83 63 83
47 73 47 67 73
13 27 13 24 27
25 57 25 57
4 69 4 49 69
14 74 14 59 64 68 74
59 69 59 69
16 83 16 28 37 52 64 81 83
34 88 34 86 88
21 66 21 42 51 59 66
8 29 8 9 24 27 29
64 82 64 68 74 82
10 43 10 17 29 36 43
0 38 0 20 26 38
5 75 5 36 48 61 75
19 74 19 38 42 62 74
45 54 45 54
24 70 24 30 41 70
11 21 11 21
7 69 7 39 58 64 68 69
25 84 25 40 78 84
35 39 35 39
6 26 6 18 21 26
20 35 20 26 28 35
9 60 9 24 29 36 60
41 79 41 79
50 71 50 51 58 64 71
4 86 4 49 51 64 86
2 56 2 23 25 35 56
3 9 3 9
36 88 36 43 44 55 84 88
54 71 54 71
63 88 63 88
2 13 2 9 13
2 58 2 14 42 51 58
49 84 49 72 78 84
32 86 32 86
34 66 34 45 54 59 66
6 20 6 18 20
3 62 3 14 31 56 62
4 8 4 8
1 25 1 7 14 25
20 37 20 26 28 37
54 64 54 59 64
8 72 8 9 57 72
33 69 33 39 58 68 69
64 87 64 68 69 87
13 47 13 36 43 47
5 28 5 6 18 20 26 28
22 50 22 34 45 50
53 84 53 84
24 74 24 27 29 43 64 68 74
47 77 47 77
2 56 2 56
1 64 1 26 42 51 58 64
34 52 34 45 52
19 41 19 21 26 28 41
3 59 3 15 21 59
2 87 2 23 49 69 87
8 41 8 28 41
77 87 77 87
14 67 14 42 51 58 67
58 75 58 61 75
58 85 58 68 74 82 85
12 80 12 44 53 80
7 28 7 14 28
12 25 12 17 25
3 69 3 9 13 60 69
25 49 25 33 49
8 61 8 41 49 51 58 61
62 65 62 63 65
22 59 22 25 38 41 50 59
21 61 21 26 28 41 49 51 58 61
16 23 16 23
38 73 38 41 50 51 67 73
44 83 44 79 81 83
8 47 8 9 24 27 29 43 47
36 72 36 43 62 72
13 45 13 24 30 34 45
24 89 24 43 77 89
37 75 37 49 51 58 61 75
4 74 4 8 28 35 59 64 68 74
43 47 43 47
23 83 23 49 51 60 66 83
22 88 22 59 77 88
12 20 12 17 20
55 67 55 67
5 72 5 6 17 29 36 50 51 58 67 72
56 64 56 64
21 28 21 26 28
27 55 27 29 43 44 55
0 46 0 20 26 42 46
2 89 2 14 19 33 78 84 89
19 35 19 21 26 28 35
48 65 48 54 59 65
6 80 6 30 44 55 57 63 80
37 58 37 51 58
29 72 29 70 72
32 53 32 44 53
19 46 19 33 46
18 54 18 22 34 48 54
21 68 21 26 55 58 68
35 88 35 63 88
72 86 72 86
24 51 24 29 36 37 49 51
5 52 5 52
15 61 15 22 25 38 41 49 51 58 61
0 59 0 20 32 48 54 59
57 88 57 72 88
18 79 18 20 30 41 79
20 75 20 26 28 35 39 58 61 75
4 48 4 23 25 33 37 48
37 80 37 51 80
2 39 2 23 25 35 39
26 28 26 28
23 57 23 57
27 84 27 70 72 78 84
35 59 35 59
16 80 16 38 42 51 80
29 80 29 36 48 61 75 80
10 29 10 17 29
21 74 21 26 42 57 74
24 45 24 30 34 45
11 84 11 21 59 66 78 84
15 46 15 46
18 31 18 22 31
3 49 3 16 23 37 49
12 60 12 29 36 37 51 60
37 81 37 59 64 81
3 20 3 9 13 20
12 24 12 24
56 88 56 64 81 83 88
9 82 9 13 74 82
10 86 10 48 52 64 86
22 52 22 33 52
51 68 51 59 64 68
42 75 42 51 58 61 75
7 39 7 14 19 33 39
62 85 62 72 82 85
33 71 33 52 71
15 70 15 21 26 38 41 70
20 30 20 30
28 60 28 49 51 60
2 38 2 14 19 38
24 66 24 27 29 36 50 59 66
32 86 32 44 55 67 72 86
27 72 27 70 72
52 86 52 64 86
43 73 43 44 73
37 80 37 40 63 80
34 87 34 59 64 68 69 87
32 73 32 48 52 67 73
20 59 20 30 34 48 54 59
21 73 21 58 67 73
18 68 18 59 64 68
25 88 25 82 85 88
8 37 8 9 24 29 36 37
4 35 4 23 25 35
28 66 28 49 51 59 66
12 45 12 17 20 30 34 45
15 76 15 58 64 68 69 76
44 83 44 53 80 81 83
7 40 7 14 19 21 40
7 88 7 39 58 85 88
26 76 26 55 58 64 68 69 76
15 40 15 21 40
16 69 16 28 37 49 51 64 68 69
36 55 36 43 44 55
53 88 53 84 88
22 33 22 25 33
7 61 7 39 58 61
3 67 3 30 39 58 67
12 54 12 29 48 54
23 66 23 49 51 59 66
55 61 55 58 61
72 89 72 78 84 89
15 47 15 22 43 47
4 76 4 30 39 58 68 69 76
59 66 59 66
22 38 22 25 38
14 87 14 70 72 87
54 82 54 75 82
4 60 4 41 50 60
6 83 6 79 81 83
36 43 36 43
79 88 79 84 88
42 64 42 51 64
30 54 30 34 45 54
11 38 11 20 26 38
41 64 41 59 64
60 71 60 66 71
14 70 14 70
42 89 42 70 72 78 84 89
87 88 87 88
70 82 70 72 82
27 55 27 44 55
45 83 45 83
25 51 25 33 37 49 51
62 80 62 63 80
60 66 60 66
19 48 19 21 26 28 37 48
45 88 45 57 63 80 83 88
32 79 32 44 55 79
1 53 1 3 9 17 25 38 41 53
54 69 54 59 69
0 72 0 47 67 72
31 65 31 43 44 55 57 63 65
8 63 8 9 13 26 28 35 56 62 63
42 72 42 51 67 72
38 46 38 42 46
67 73 67 73
16 81 16 29 75 80 81
16 36 16 29 36
3 78 3 37 52 67 72 78
32 55 32 44 55
79 84 79 84
34 44 34 44
5 28 5 6 17 20 26 28
15 26 15 26
20 55 20 30 34 45 55
54 73 54 67 73
67 83 67 72 78 81 83
58 84 58 67 72 78 84
2 57 2 23 44 55 57
1 66 1 7 49 51 60 66
11 77 11 33 52 77
14 80 14 42 62 63 80
26 68 26 42 51 58 64 68
16 59 16 23 37 48 54 59
19 68 19 33 37 59 64 68
18 21 18 21
34 63 34 45 55 57 63
25 59 25 35 59
21 77 21 59 66 77
9 67 9 17 20 32 58 67
28 56 28 35 56
31 55 31 43 44 55
4 8 4 8
6 83 6 17 58 61 75 80 81 83
9 62 9 24 43 62
36 82 36 37 72 82
33 72 33 49 51 67 72
41 75 41 49 51 58 61 75
59 64 59 64
27 69 27 58 68 69
7 14 7 14
37 82 37 49 51 58 61 75 82
6 18 6 18
33 69 33 37 51 58 68 69
1 30 1 3 15 30
29 80 29 36 48 52 80
5 46 5 6 16 38 42 46
1 54 1 7 29 48 54
52 89 52 78 84 89
1 30 1 2 9 20 30
20 70 20 26 42 70
5 87 5 64 69 87
38 63 38 42 57 63
43 73 43 52 67 73
9 24 9 13 24
55 57 55 57
2 81 2 78 81
7 62 7 42 62
17 42 17 25 38 42
71 88 71 88
67 81 67 72 78 81
9 83 9 13 29 70 72 78 81 83
24 88 24 71 82 85 88
60 66 60 66
45 69 45 64 69
10 52 10 17 20 30 48 52
4 77 4 77
32 80 32 44 53 80
0 27 0 27
62 86 62 72 86
9 73 9 50 51 58 67 73
27 52 27 29 36 37 48 52
8 52 8 28 37 52
21 85 21 26 42 70 72 82 85
25 61 25 35 39 58 61
27 48 27 29 48
61 82 61 75 82
4 65 4 41 50 59 65
34 83 34 48 75 80 81 83
15 22 15 22
33 69 33 37 51 60 69
24 55 24 55
2 78 2 33 39 58 67 72 78
48 89 48 54 72 78 84 89
20 32 20 32
34 55 34 45 55
26 80 26 42 57 63 80
34 48 34 48
49 72 49 72
48 84 48 52 67 72 78 84
14 50 14 28 41 50
20 72 20 30 48 52 67 72
57 82 57 63 82
30 52 30 48 52
27 88 27 79 83 88
18 44 18 22 34 44
16 40 16 23 25 40
27 84 27 58 67 72 78 84
48 83 48 54 72 78 81 83
6 23 6 16 23
19 56 19 21 26 28 35 56
24 66 24 50 60 66
2 75 2 9 17 20 32 58 61 75
35 59 35 59
32 78 32 58 67 72 78
11 48 11 33 37 48
14 25 14 25
36 65 36 59 65
23 33 23 25 33
18 33 18 22 25 33
16 83 16 38 41 50 60 66 83
58 84 58 67 72 78 84
14 73 14 34 48 52 67 73
25 35 25 35
64 69 64 69
15 58 15 58
14 45 14 34 45
27 74 27 58 68 74
30 61 30 41 50 51 58 61
70 84 70 72 78 84
6 64 6 16 40 64
31 43 31 43
26 60 26 42 51 60
9 73 9 13 49 51 58 67 73
20 67 20 32 58 67
59 86 59 64 86
31 61 31 43 47 61
6 48 6 37 48
15 77 15 22 43 52 77
22 73 22 43 47 67 73
21 74 21 42 57 74
6 17 6 17
18 81 18 20 30 80 81
6 28 6 18 20 26 28
29 66 29 48 54 59 66
21 60 21 42 51 60
15 47 15 22 43 47
49 78 49 51 58 67 72 78
42 59 42 51 59
54 71 54 59 66 71
6 77 6 31 43 47 77
23 46 23 25 38 42 46
33 87 33 46 77 87
9 17 9 17
13 37 13 29 36 37
9 47 9 17 32 47
21 58 21 58
41 71 41 59 71
40 80 40 63 80
19 71 19 33 37 49 51 60 66 71
48 84 48 72 78 84
66 89 66 77 89
35 75 35 39 58 61 75
10 44 10 34 44
79 88 79 81 83 88
29 61 29 36 43 44 55 58 61
21 85 21 26 38 41 63 82 85
25 82 25 74 82
25 74 25 74
54 69 54 59 69
3 13 3 9 13
52 77 52 77
19 39 19 21 26 28 35 39
9 20 9 13 20
18 20 18 20
8 63 8 34 44 55 57 63
7 57 7 29 36 55 57
6 44 6 30 44
29 54 29 36 48 54
32 85 32 66 71 82 85
42 75 42 51 58 61 75
56 62 56 62
19 49 19 33 49
30 61 30 34 48 61
45 55 45 55
14 45 14 34 45
35 56 35 56
30 49 30 41 49
18 48 18 22 25 33 37 48
14 56 14 25 35 56
7 27 7 27
58 78 58 67 72 78
45 69 45 54 59 69
45 74 45 64 68 74
39 75 39 58 61 75
75 80 75 80
42 62 42 62
37 59 37 59
34 59 34 45 54 59
50 67 50 51 67
0 74 0 57 74
8 60 8 28 49 51 60
55 83 55 58 61 75 80 83
22 76 22 33 51 64 68 69 76
50 71 50 59 66 71
61 82 61 75 82
42 59 42 51 59
54 72 54 67 72
43 72 43 44 55 67 72
0 73 0 45 52 67 73
37 58 37 51 58
41 66 41 49 51 59 66
44 78 44 78
5 57 5 36 55 57
18 71 18 20 66 71
46 87 46 77 87
30 75 30 39 58 61 75
30 45 30 34 45
36 85 36 37 52 71 82 85
14 84 14 25 79 84
22 74 22 43 62 74
35 76 35 56 64 69 76
72 82 72 82
52 85 52 64 68 74 82 85
4 57 4 41 57
0 28 0 10 17 20 26 28
55 73 55 58 67 73
24 62 24 27 29 36 43 62
37 83 37 52 80 83
72 88 72 86 88
79 88 79 83 88
16 36 16 29 36
22 33 22 25 33
26 55 26 55
17 43 17 29 36 43
44 58 44 55 58
51 86 51 86
32 57 32 44 55 57
48 64 48 52 64
7 14 7 14
34 88 34 59 86 88
51 77 51 58 77
1 19 1 3 14 19
50 85 50 51 59 66 71 82 85
19 58 19 21 42 51 58
27 43 27 29 36 43
66 78 66 78
28 69 28 69
22 35 22 25 35
38 41 38 41
25 63 25 63
22 84 22 31 43 70 72 78 84
16 82 16 44 55 61 75 82
59 77 59 66 77
8 49 8 9 13 49
32 86 32 48 52 67 72 86
20 50 20 30 41 50
6 70 6 15 30 41 70
2 46 2 9 20 26 42 46
41 72 41 50 51 58 67 72
18 28 18 20 26 28
5 59 5 6 30 41 59
43 62 43 62
9 64 9 13 26 28 49 51 59 64
45 82 45 67 72 82
27 70 27 70
34 55 34 44 55
16 31 16 31
7 28 7 28
40 86 40 64 86
1 22 1 3 15 22
2 86 2 57 72 86
32 80 32 53 80
17 51 17 20 26 38 41 49 51
13 56 13 26 28 35 56
29 79 29 43 44 79
12 60 12 60
9 64 9 17 32 48 54 59 64
2 36 2 9 13 24 27 29 36
24 30 24 30
70 86 70 86
16 61 16 23 49 51 58 61
30 50 30 34 45 50
27 70 27 29 43 70
59 78 59 66 78
44 72 44 55 57 72
37 75 37 51 58 61 75
51 86 51 67 72 86
7 52 7 28 37 48 52
24 73 24 55 67 73
43 73 43 47 67 73
75 82 75 82
48 52 48 52
9 76 9 50 60 69 76
18 61 18 34 45 55 58 61
0 34 0 20 30 34
1 26 1 3 15 26
17 39 17 25 35 39
0 13 0 13
23 32 23 32
32 72 32 44 55 58 67 72
17 57 17 20 32 44 55 57
8 34 8 34
28 60 28 37 51 60
59 82 59 64 82
19 43 19 43
15 76 15 26 55 58 64 68 69 76
22 43 22 43
32 78 32 66 78
18 48 18 34 48
31 68 31 43 44 55 58 64 68
43 52 43 52
6 29 6 24 27 29
24 70 24 43 70
41 66 41 49 51 60 66
0 81 0 59 64 81
8 54 8 34 48 54
1 82 1 19 33 37 48 72 82
9 27 9 13 24 27
36 43 36 43
2 50 2 14 34 45 50
43 74 43 62 74
12 82 12 27 29 43 52 67 82
27 57 27 29 43 44 55 57
68 74 68 74
4 8 4 8
8 40 8 40
52 64 52 64
62 84 62 72 78 84
20 58 20 30 39 58
55 67 55 58 67
23 37 23 37
1 53 1 7 29 43 44 53
55 69 55 58 68 69
20 71 20 66 71
19 43 19 43
27 66 27 29 48 54 59 66
44 53 44 53
6 70 6 16 31 43 70
19 26 19 21 26
9 40 9 24 27 29 36 37 40
33 77 33 49 51 59 77
45 73 45 52 67 73
3 16 3 16
74 85 74 85
17 50 17 29 36 50
11 42 11 20 26 38 42
10 76 10 60 69 76
11 33 11 33
34 76 34 48 54 59 64 69 76
6 67 6 37 49 51 67
62 88 62 74 85 88
6 80 6 30 48 61 75 80
1 43 1 19 43
6 18 6 18
12 29 12 24 29
30 65 30 48 54 59 65
32 79 32 44 55 79
10 53 10 17 32 53
33 62 33 62
5 73 5 6 54 73
41 68 41 59 64 68
19 21 19 21
9 57 9 13 36 55 57
50 73 50 51 67 73
12 63 12 45 57 63
39 75 39 58 61 75
30 34 30 34
12 56 12 17 25 35 56
64 81 64 81
33 74 33 52 64 68 74
26 63 26 55 57 63
28 77 28 77
23 83 23 44 78 81 83
67 78 67 72 78
9 64 9 13 36 43 52 64
58 82 58 67 82
33 60 33 51 60
19 57 19 38 41 57
18 39 18 20 26 28 35 39
58 64 58 64
3 54 3 30 48 54
8 60 8 41 50 60
40 64 40 64
9 27 9 13 24 27
5 36 5 6 17 29 36
20 47 20 32 47
5 26 5 6 18 20 26
36 49 36 37 49
9 86 9 17 29 70 72 86
29 69 29 36 55 58 64 69
5 64 5 64
72 85 72 82 85
1 68 1 37 52 64 68
18 42 18 22 25 38 42
17 89 17 60 66 78 84 89
15 40 15 22 25 33 37 40
32 89 32 53 77 89
52 85 52 64 82 85
15 70 15 22 31 43 70
10 66 10 60 66
6 24 6 24
32 44 32 44
24 47 24 27 29 43 47
41 86 41 57 72 86
1 44 1 7 27 29 43 44
66 71 66 71
31 62 31 56 62
18 81 18 22 33 78 81
52 64 52 64
26 59 26 28 35 59
30 61 30 34 44 55 58 61
30 73 30 34 44 73
17 42 17 25 38 42
23 78 23 49 72 78
0 77 0 27 53 77
40 63 40 63
18 32 18 20 32
18 63 18 20 32 44 55 57 63
54 84 54 67 72 78 84
4 78 4 13 60 66 78
56 88 56 74 85 88
42 59 42 51 59
10 88 10 30 48 72 86 88
24 39 24 30 39
23 79 23 32 44 55 79
23 79 23 25 38 41 79
33 73 33 39 58 67 73
11 42 11 20 26 38 42
25 33 25 33
40 80 40 63 80
4 69 4 30 44 64 69
20 37 20 26 28 37
6 48 6 24 30 34 48
32 54 32 48 54
10 54 10 48 54
26 52 26 28 37 48 52
46 87 46 77 87
43 87 43 70 72 87
0 38 0 20 26 38
51 64 51 58 64
37 51 37 49 51
28 46 28 46
0 82 0 57 72 82
41 57 41 57
31 55 31 43 44 55
29 43 29 43
25 86 25 40 64 86
2 56 2 56
11 20 11 20
36 48 36 48
54 73 54 73
23 54 23 25 33 37 48 54
21 75 21 26 38 41 50 51 58 61 75
21 85 21 26 75 82 85
26 79 26 55 79
2 71 2 56 64 71
27 44 27 44
47 77 47 77
10 86 10 24 29 36 59 64 86
0 53 0 10 24 43 44 53
33 46 33 46
34 74 34 44 55 57 74
42 85 42 62 72 82 85
1 36 1 3 27 29 36
19 78 19 56 62 72 78
12 30 12 24 30
56 65 56 62 63 65
68 76 68 69 76
13 76 13 49 76
41 66 41 50 59 66
4 51 4 13 36 50 51
19 55 19 43 44 55
28 66 28 35 59 66
10 17 10 17
38 46 38 42 46
17 86 17 25 57 72 86
6 40 6 40
6 40 6 40
10 59 10 24 29 36 48 54 59
18 68 18 34 44 55 58 68
9 50 9 50
25 59 25 33 37 51 59
32 59 32 48 54 59
9 79 9 17 20 32 44 79
2 46 2 14 28 46
56 82 56 82
57 78 57 72 78
61 88 61 88
59 64 59 64
21 56 21 26 28 35 56
25 51 25 33 49 51
2 24 2 9 13 24
2 62 2 33 62
9 67 9 24 55 58 67
14 74 14 19 43 52 64 68 74
2 49 2 23 37 49
43 70 43 70
28 83 28 37 72 78 81 83
12 27 12 24 27
24 47 24 43 47
45 68 45 50 59 64 68
29 77 29 48 54 59 66 77
3 33 3 15 22 25 33
45 68 45 54 59 64 68
12 72 12 24 29 48 52 67 72
55 69 55 58 68 69
45 77 45 55 58 77
21 73 21 58 67 73
19 86 19 62 72 86
87 88 87 88
57 84 57 72 78 84
40 71 40 64 71
22 70 22 31 43 70
6 83 6 31 43 52 64 81 83
5 28 5 6 17 20 26 28
52 80 52 80
41 65 41 65
64 87 64 68 69 87
25 84 25 40 78 84
3 23 3 16 23
44 84 44 55 67 72 78 84
43 57 43 44 55 57
24 79 24 55 79
11 52 11 33 37 52
18 43 18 22 43
33 62 33 62
9 56 9 17 25 35 56
51 71 51 60 66 71
14 70 14 28 41 70
41 59 41 59
42 51 42 51
20 78 20 32 66 78
0 79 0 45 55 79
4 30 4 30
75 88 75 82 85 88
16 38 16 38
12 42 12 17 25 38 42
19 43 19 43
9 69 9 17 33 39 69
32 81 32 66 78 81
10 29 10 17 29
48 84 48 54 67 72 78 84
24 60 24 27 29 36 37 51 60
6 84 6 54 72 78 84
11 79 11 20 79
43 64 43 64
18 21 18 21
11 52 11 21 26 28 37 48 52
10 42 10 17 20 26 38 42
1 35 1 2 9 17 20 26 28 35
4 52 4 8 28 37 48 52
11 58 11 20 26 42 51 58
19 56 19 21 26 28 35 56
6 43 6 16 31 43
1 40 1 3 14 19 21 40
42 58 42 51 58
6 32 6 16 23 32
54 67 54 67
39 68 39 58 64 68
10 85 10 52 64 71 82 85
27 66 27 29 48 54 59 66
48 86 48 72 86
38 66 38 60 66
44 73 44 73
23 42 23 25 38 42
77 87 77 87
3 59 3 37 49 51 59
26 76 26 28 49 76
56 76 56 64 69 76
26 88 26 80 81 83 88
35 89 35 89
55 71 55 58 64 71
5 63 5 6 30 34 45 55 57 63
31 69 31 43 64 68 69
20 88 20 40 64 69 87 88
57 83 57 63 83
5 41 5 6 15 21 26 38 41
24 73 24 30 34 45 52 67 73
59 88 59 71 82 85 88
20 68 20 39 58 64 68
12 25 12 17 25
29 54 29 36 48 54
6 70 6 18 22 43 70
10 24 10 24
29 75 29 75
22 38 22 25 38
12 42 12 17 20 26 38 42
6 27 6 27
15 46 15 26 42 46
17 68 17 33 39 58 64 68
36 49 36 37 49
24 62 24 29 36 43 62
13 47 13 36 43 47
2 80 2 9 20 26 55 58 61 75 80
4 85 4 85
5 53 5 36 43 44 53
3 13 3 9 13
16 35 16 28 35
2 80 2 23 37 49 51 58 61 75 80
37 83 37 59 66 78 81 83
5 52 5 52
20 63 20 32 44 55 57 63
2 78 2 33 72 78
18 61 18 21 26 28 35 39 58 61
2 61 2 9 50 51 58 61
0 54 0 45 54
4 76 4 30 48 54 59 69 76
32 83 32 53 80 81 83
33 49 33 49
21 50 21 26 28 41 50
15 52 15 22 34 48 52
28 63 28 41 57 63
55 78 55 67 72 78
43 85 43 44 55 58 61 75 82 85
24 78 24 27 78
3 37 3 9 20 26 28 37
2 49 2 23 49
43 65 43 62 65
55 71 55 58 64 71
4 69 4 49 69
25 59 25 35 59
7 68 7 28 49 51 64 68
20 50 20 26 28 41 50
19 82 19 43 52 64 71 82
16 73 16 38 41 50 51 67 73
15 60 15 30 41 49 51 60
20 82 20 66 71 82
0 50 0 13 36 50
13 28 13 26 28
23 48 23 32 48
6 54 6 16 29 36 48 54
19 28 19 21 26 28
36 66 36 50 60 66
13 72 13 20 26 55 58 67 72
48 81 48 72 78 81
32 53 32 44 53
6 88 6 86 88
37 60 37 49 51 60
8 87 8 58 64 69 87
9 79 9 20 26 28 41 79
55 72 55 58 67 72
25 40 25 40
3 20 3 9 20
33 82 33 51 59 64 82
9 57 9 13 24 30 44 55 57
32 57 32 44 55 57
15 21 15 21
32 55 32 44 55
45 68 45 50 51 58 68
32 85 32 44 64 71 82 85
51 81 51 64 81
17 54 17 20 30 54
13 64 13 64
2 23 2 23
29 70 29 43 70
32 78 32 66 78
36 65 36 50 51 59 65
64 71 64 71
1 24 1 3 9 13 24
41 57 41 57
6 26 6 17 20 26
0 59 0 10 17 33 51 59
24 79 24 29 36 43 44 55 79
38 65 38 42 51 59 65
13 76 13 64 69 76
30 57 30 34 45 57
6 67 6 15 22 25 38 42 51 58 67
57 82 57 72 82
10 85 10 44 55 57 72 82 85
45 81 45 50 59 64 81
41 60 41 49 51 60
26 65 26 55 57 63 65
17 63 17 32 44 55 57 63
15 67 15 21 42 51 67
37 84 37 84
25 33 25 33
1 35 1 7 28 35
4 67 4 8 58 67
22 56 22 25 35 56
17 32 17 20 32
0 89 0 20 26 67 72 78 84 89
38 41 38 41
17 32 17 32
30 84 30 48 72 78 84
37 67 37 51 67
5 69 5 6 15 26 28 64 68 69
49 69 49 69
45 54 45 54
10 47 10 24 43 47
11 72 11 35 39 58 67 72
32 47 32 47
22 85 22 33 82 85
11 59 11 21 59
50 82 50 82
44 89 44 84 89
20 83 20 55 79 81 83
23 44 23 44
18 21 18 21
31 77 31 43 77
8 60 8 34 45 50 51 60
20 60 20 26 42 51 60
32 54 32 48 54
13 44 13 29 36 43 44
19 55 19 43 44 55
13 49 13 49
13 86 13 28 35 59 86
19 57 19 38 42 57
54 78 54 59 66 78
20 87 20 56 64 69 87
38 76 38 60 69 76
17 67 17 29 48 52 67
43 84 43 52 78 84
6 30 6 15 30
37 51 37 51
24 63 24 30 44 55 57 63
45 74 45 55 58 64 68 74
10 45 10 30 34 45
28 77 28 77
1 47 1 19 43 47
19 38 19 21 26 38
21 77 21 42 46 77
32 87 32 53 77 87
26 58 26 55 58
32 77 32 47 77
3 61 3 14 31 43 44 55 58 61
13 83 13 29 70 81 83
32 73 32 47 67 73
36 82 36 37 51 58 61 75 82
12 81 12 66 78 81
19 21 19 21
1 89 1 2 78 84 89
14 34 14 34
9 77 9 13 24 43 52 77
56 71 56 64 71
5 63 5 36 55 57 63
6 30 6 17 20 30
22 77 22 34 59 66 77
14 31 14 31
20 49 20 30 41 49
31 56 31 56
22 53 22 43 44 53
44 55 44 55
10 42 10 17 25 38 42
3 32 3 9 17 32
3 79 3 38 41 79
26 56 26 28 35 56
28 73 28 35 39 58 67 73
2 88 2 56 74 85 88
15 37 15 22 25 33 37
30 79 30 41 79
8 24 8 9 24
59 66 59 66
0 47 0 27 29 43 47
25 80 25 63 80
18 63 18 34 44 55 57 63
11 35 11 20 26 28 35
7 61 7 28 49 51 58 61
16 87 16 35 72 87
36 83 36 81 83
80 83 80 83
67 73 67 73
25 80 25 33 52 80
23 35 23 35
25 40 25 33 37 40
12 20 12 17 20
1 73 1 13 28 41 49 51 67 73
22 82 22 33 37 72 82
29 72 29 43 52 67 72
0 26 0 13 20 26
55 69 55 58 64 68 69
42 66 42 51 60 66
16 86 16 38 42 62 72 86
46 88 46 77 87 88
4 27 4 8 9 24 27
4 62 4 13 36 43 62
29 58 29 43 44 55 58
13 54 13 24 27 29 36 48 54
22 52 22 34 45 52
41 67 41 50 51 58 67
6 27 6 27
12 20 12 17 20
39 68 39 58 68
2 61 2 14 34 44 55 58 61
6 45 6 24 30 34 45
26 89 26 28 37 59 66 78 84 89
15 37 15 26 28 37
22 77 22 33 46 77
67 86 67 72 86
14 66 14 42 51 59 66
17 71 17 58 64 71
22 52 22 43 52
12 26 12 17 20 26
11 78 11 35 56 62 72 78
24 36 24 29 36
5 61 5 36 50 51 58 61
51 65 51 59 65
41 86 41 50 59 64 86
7 51 7 29 36 50 51
10 62 10 24 29 43 62
8 45 8 9 20 30 34 45
66 77 66 77
15 57 15 30 41 57
1 76 1 26 42 51 58 64 68 69 76
24 70 24 43 70
21 57 21 42 57
12 57 12 27 29 43 44 55 57
68 76 68 69 76
34 75 34 44 55 58 61 75
46 77 46 77
4 67 4 13 20 39 58 67
23 67 23 35 39 58 67
64 85 64 82 85
62 84 62 72 78 84
4 74 4 23 37 51 58 64 68 74
60 82 60 66 71 82
24 39 24 30 39
58 78 58 67 72 78
2 33 2 14 19 33
17 67 17 52 67
29 70 29 36 43 70
11 64 11 64
11 62 11 35 56 62
66 78 66 78
39 85 39 58 67 72 82 85
7 29 7 27 29
12 42 12 17 25 38 42
1 60 1 3 15 22 25 33 37 49 51 60
31 65 31 56 62 63 65
7 86 7 40 64 86
25 74 25 74
31 76 31 68 69 76
18 76 18 76
32 48 32 48
25 51 25 38 42 51
7 40 7 27 29 36 37 40
10 51 10 24 50 51
4 42 4 23 25 38 42
2 86 2 57 72 86
3 67 3 9 17 58 67
51 60 51 60
20 39 20 39
2 56 2 56
5 73 5 6 16 28 37 48 52 67 73
19 86 19 62 72 86
51 88 51 80 81 83 88
3 14 3 14
56 65 56 62 65
2 27 2 9 24 27
26 63 26 38 42 62 63
7 88 7 28 41 78 84 88
25 49 25 33 49
19 89 19 21 58 77 89
20 26 20 26
56 78 56 78
17 60 17 25 38 41 50 60
30 85 30 34 45 50 82 85
34 48 34 48
7 73 7 39 58 67 73
14 42 14 19 38 42
2 71 2 33 49 51 58 64 71
0 89 0 10 30 39 58 77 89
8 33 8 9 17 33
5 41 5 6 17 25 38 41
2 24 2 9 13 24
9 74 9 50 51 59 64 68 74
2 14 2 14
12 84 12 29 48 72 78 84
34 44 34 44
62 83 62 72 78 81 83
15 28 15 21 26 28
43 47 43 47
20 78 20 55 67 72 78
60 66 60 66
34 76 34 48 54 59 69 76
30 52 30 48 52
43 58 43 44 55 58
42 81 42 57 78 81
19 82 19 62 74 82
12 37 12 29 36 37
30 75 30 48 54 75
36 51 36 37 49 51
16 71 16 23 66 71
3 86 3 37 59 86
1 73 1 3 38 41 67 73
1 49 1 26 28 41 49
5 64 5 64
14 54 14 34 48 54
38 86 38 70 72 86
4 40 4 23 25 33 37 40
23 42 23 25 38 42
34 79 34 45 55 79
10 52 10 17 33 52
5 46 5 6 16 28 46
23 89 23 44 78 84 89
8 49 8 9 13 49
58 76 58 68 69 76
0 76 0 10 17 52 64 69 76
3 16 3 16
7 86 7 56 62 72 86
19 42 19 38 42
17 33 17 33
33 51 33 37 51
16 71 16 44 55 58 64 71
7 61 7 49 51 58 61
29 57 29 43 44 55 57
4 57 4 13 29 36 55 57
58 68 58 68
43 63 43 62 63
48 84 48 52 67 72 78 84
3 89 3 37 51 60 66 77 89
2 29 2 9 17 29
29 51 29 36 50 51
15 22 15 22
24 71 24 71
71 88 71 82 85 88
41 60 41 50 51 60
5 70 5 70
45 66 45 54 59 66
24 80 24 50 51 58 61 75 80
16 74 16 68 74
18 65 18 59 65
1 23 1 3 16 23
30 45 30 34 45
24 88 24 55 79 86 88
6 84 6 37 48 54 59 66 78 84
15 51 15 30 34 45 50 51
11 70 11 70
18 51 18 20 30 34 45 50 51
33 51 33 51
30 65 30 44 55 57 63 65
33 69 33 49 69
21 61 21 42 51 58 61
55 76 55 58 64 68 69 76
3 83 3 15 58 61 75 80 83
29 57 29 43 44 55 57
1 60 1 13 60
26 48 26 28 37 48
22 56 22 31 56
26 75 26 38 42 51 58 61 75
19 82 19 56 74 82
50 69 50 60 69
10 80 10 30 54 75 80
18 79 18 21 26 38 41 79
33 51 33 51
41 85 41 63 82 85
3 33 3 15 22 33
5 28 5 6 18 20 26 28
30 44 30 34 44
8 56 8 9 17 25 35 56
44 83 44 55 67 72 78 81 83
55 77 55 58 77
4 43 4 13 36 43
0 24 0 10 24
50 64 50 59 64
18 28 18 20 26 28
28 40 28 37 40
26 58 26 38 42 51 58
28 77 28 37 48 54 59 66 77
2 52 2 23 25 33 37 48 52
64 85 64 71 82 85
32 87 32 58 77 87
8 89 8 28 35 72 78 84 89
32 65 32 44 55 57 63 65
39 58 39 58
17 82 17 20 55 57 74 82
0 72 0 24 27 29 36 55 57 72
28 83 28 49 51 80 81 83
80 81 80 81
28 63 28 41 57 63
0 34 0 10 24 30 34
28 49 28 49
14 31 14 31
28 81 28 49 51 67 72 78 81
13 76 13 49 69 76
51 76 51 59 64 69 76
14 80 14 34 48 61 75 80
14 19 14 19
7 56 7 56
51 60 51 60
64 76 64 68 69 76
36 43 36 43
63 85 63 82 85
40 63 40 63
71 88 71 82 85 88
82 88 82 85 88
30 61 30 44 55 58 61
47 88 47 77 88
4 35 4 23 25 35
52 78 52 78
42 59 42 51 59
10 47 10 17 29 43 47
22 85 22 25 38 85
57 84 57 78 84
34 87 34 59 66 77 87
17 82 17 32 66 71 82
11 21 11 21
6 50 6 30 41 50
0 77 0 10 34 44 53 77
17 81 17 70 81
72 85 72 82 85
22 33 22 33
48 52 48 52
48 81 48 75 80 81
5 46 5 6 17 20 26 28 46
32 79 32 44 79
36 83 36 81 83
27 75 27 44 55 58 61 75
1 39 1 19 21 26 28 35 39
41 64 41 49 51 64
0 81 0 20 32 53 80 81
43 89 43 47 77 89
16 86 16 29 36 59 64 86
21 73 21 42 51 67 73
32 48 32 48
67 78 67 72 78
14 57 14 19 43 44 55 57
20 58 20 32 58
4 41 4 13 26 38 41
49 88 49 51 64 82 85 88
54 84 54 59 66 78 84
2 81 2 78 81
39 84 39 58 67 72 78 84
16 74 16 29 36 37 48 54 59 64 68 74
49 69 49 69
3 34 3 30 34
54 81 54 72 78 81
23 49 23 49
57 78 57 78
30 70 30 41 70
20 60 20 30 34 45 50 60
8 49 8 9 20 26 38 41 49
24 68 24 29 48 54 59 64 68
21 84 21 26 38 42 57 72 78 84
42 59 42 51 59
44 61 44 55 58 61
8 62 8 28 35 56 62
2 87 2 23 77 87
18 20 18 20
40 64 40 64
35 76 35 59 64 69 76
0 36 0 10 24 29 36
12 41 12 24 30 41
64 69 64 69
61 82 61 75 82
54 80 54 75 80
13 86 13 64 86
42 61 42 51 58 61
5 89 5 52 89
7 73 7 42 51 67 73
17 58 17 33 51 58
13 51 13 29 36 37 51
4 52 4 13 29 36 43 52
10 46 10 17 33 46
38 89 38 89
15 25 15 22 25
1 13 1 3 9 13
13 20 13 20
44 83 44 55 57 63 80 83
52 86 52 64 86
45 57 45 57
43 87 43 77 87
44 83 44 64 81 83
43 63 43 44 55 57 63
19 74 19 38 41 50 59 64 68 74
21 73 21 26 55 58 67 73
13 79 13 36 55 79
20 40 20 26 28 37 40
3 27 3 27
48 89 48 54 67 72 78 84 89
44 69 44 64 68 69
6 88 6 54 86 88
3 79 3 30 41 79
75 80 75 80
48 73 48 54 67 73
42 80 42 57 63 80
40 89 40 89
3 85 3 27 58 61 75 82 85
13 26 13 20 26
6 59 6 15 22 25 38 41 49 51 59
51 80 51 58 61 75 80
28 46 28 46
6 67 6 18 20 55 67
28 64 28 37 52 64
19 38 19 21 26 38
10 24 10 24
2 56 2 14 28 35 56
52 83 52 80 83
31 69 31 43 52 64 68 69
26 74 26 42 51 64 68 74
13 41 13 20 30 41
40 65 40 63 65
45 58 45 50 51 58
39 69 39 58 64 68 69
51 60 51 60
51 76 51 58 68 69 76
50 80 50 51 58 61 75 80
47 77 47 77
51 65 51 59 65
66 82 66 71 82
41 71 41 59 64 71
28 81 28 37 51 67 72 78 81
29 36 29 36
72 86 72 86
35 63 35 56 62 63
14 70 14 28 41 70
40 86 40 64 86
1 64 1 13 26 55 58 64
18 35 18 21 26 28 35
27 84 27 44 84
21 74 21 40 68 74
66 82 66 71 82
25 54 25 33 37 48 54
64 88 64 81 83 88
20 73 20 55 58 67 73
26 58 26 55 58
66 81 66 78 81
26 75 26 42 51 58 61 75
7 88 7 14 28 64 82 85 88
27 75 27 44 55 58 61 75
8 87 8 58 68 69 87
2 33 2 23 25 33
6 75 6 15 30 39 58 61 75
20 55 20 32 44 55
25 79 25 79
15 37 15 21 26 28 37
9 20 9 20
29 61 29 36 43 47 61
32 72 32 58 67 72
38 60 38 60
19 46 19 21 26 28 46
48 54 48 54
63 65 63 65
51 64 51 58 64
20 58 20 30 41 50 51 58
25 33 25 33
26 89 26 55 57 78 84 89
30 70 30 41 70
2 62 2 14 28 35 56 62
34 73 34 44 73
21 84 21 40 78 84
49 88 49 69 87 88
72 88 72 87 88
54 67 54 67
15 43 15 22 31 43
7 73 7 39 58 67 73
62 74 62 74
20 83 20 30 34 59 66 78 81 83
15 63 15 22 34 45 57 63
2 13 2 9 13
80 81 80 81
72 85 72 82 85
7 19 7 14 19
30 65 30 54 59 65
19 26 19 21 26
12 84 12 66 78 84
13 83 13 60 66 78 81 83
8 78 8 41 49 51 60 66 78
14 84 14 42 70 72 78 84
10 59 10 30 34 45 50 51 59
59 71 59 71
51 74 51 58 64 68 74
35 56 35 56
14 45 14 34 45
1 67 1 37 52 67
48 54 48 54
10 86 10 34 86
11 72 11 20 39 58 67 72
11 55 11 21 26 55
13 24 13 24
10 62 10 17 20 56 62
72 82 72 82
16 74 16 23 37 49 51 58 64 68 74
53 84 53 84
34 87 34 48 54 59 69 87
55 71 55 58 64 71
16 80 16 44 55 58 61 75 80
37 40 37 40
8 63 8 62 63
21 61 21 42 51 58 61
33 88 33 49 69 87 88
30 73 30 34 44 73
34 73 34 48 54 67 73
1 25 1 7 14 25
64 85 64 82 85
18 63 18 34 45 55 57 63
19 66 19 33 49 51 60 66
55 69 55 58 64 68 69
32 80 32 44 53 80
7 49 7 27 29 36 37 49
2 83 2 57 63 83
14 59 14 19 38 42 51 59
52 64 52 64
23 82 23 25 62 63 82
49 78 49 51 67 72 78
22 73 22 25 33 73
50 77 50 59 77
43 77 43 47 77
29 64 29 43 52 64
28 56 28 35 56
26 67 26 67
28 86 28 37 48 72 86
9 47 9 17 29 43 47
21 61 21 42 51 58 61
37 85 37 59 71 82 85
36 87 36 55 58 77 87
16 87 16 31 43 62 72 87
28 68 28 37 48 54 59 64 68
18 38 18 21 26 38
13 77 13 28 41 53 77
58 67 58 67
37 40 37 40
44 85 44 55 57 82 85
55 71 55 58 64 71
1 64 1 39 58 64
10 40 10 17 33 37 40
8 84 8 62 72 78 84
45 51 45 50 51
18 32 18 20 32
53 87 53 77 87
19 82 19 43 70 82
13 47 13 29 43 47
53 77 53 77
48 84 48 52 78 84
17 78 17 20 40 78
9 17 9 17
42 57 42 57
0 59 0 27 29 48 54 59
28 60 28 37 51 60
36 88 36 48 52 78 84 88
34 65 34 45 57 63 65
54 67 54 67
17 32 17 32
32 87 32 53 77 87
23 44 23 44
52 69 52 64 68 69
4 57 4 13 29 43 44 55 57
25 58 25 38 42 51 58
0 74 0 45 54 59 64 68 74
5 66 5 36 60 66
3 49 3 38 41 49
5 26 5 6 18 21 26
43 72 43 44 55 57 72
1 19 1 2 14 19
26 67 26 42 51 67
12 68 12 37 40 64 68
26 51 26 42 51
25 74 25 40 64 68 74
6 43 6 16 31 43
26 40 26 28 37 40
0 88 0 10 30 80 83 88
38 51 38 41 49 51
41 53 41 53
7 84 7 42 62 72 78 84
23 85 23 68 74 85
16 89 16 38 41 79 84 89
8 75 8 28 49 51 58 61 75
7 14 7 14
23 44 23 32 44
31 69 31 68 69
5 44 5 36 43 44
29 72 29 48 72
32 65 32 48 54 59 65
20 40 20 40
1 68 1 39 58 64 68
14 52 14 34 48 52
5 50 5 36 50
48 54 48 54
54 87 54 67 72 87
38 46 38 42 46
79 89 79 84 89
9 88 9 13 74 82 85 88
6 37 6 17 29 36 37
23 48 23 37 48
38 76 38 60 69 76
4 52 4 30 34 45 52
38 88 38 70 82 85 88
12 74 12 24 43 64 68 74
4 52 4 13 29 48 52
32 44 32 44
6 15 6 15
25 61 25 33 51 58 61
1 35 1 3 15 21 26 28 35
1 26 1 3 14 19 21 26
16 46 16 28 46
7 88 7 69 87 88
16 40 16 28 37 40
79 88 79 83 88
8 60 8 28 49 51 60
78 84 78 84
40 85 40 68 74 82 85
32 54 32 48 54
0 28 0 13 26 28
27 61 27 44 55 58 61
1 26 1 13 26
8 41 8 28 41
43 85 43 64 82 85
7 32 7 32
24 87 24 27 29 36 48 72 87
8 58 8 34 45 55 58
42 83 42 70 72 78 81 83
36 75 36 55 61 75
54 81 54 67 72 78 81
12 27 12 27
18 72 18 22 33 62 72
4 26 4 13 26
51 69 51 59 64 69
1 48 1 13 24 27 29 36 37 48
45 54 45 54
45 78 45 50 60 66 78
28 61 28 41 50 51 58 61
17 70 17 29 36 43 70
29 81 29 70 72 78 81
47 73 47 67 73
14 56 14 28 35 56
51 74 51 64 68 74
5 64 5 64
29 53 29 43 44 53
45 78 45 55 67 72 78
60 87 60 69 87
57 74 57 74
66 82 66 71 82
29 79 29 36 43 44 55 79
49 78 49 51 58 67 72 78
20 88 20 66 83 88
36 49 36 37 49
62 65 62 65
63 80 63 80
61 82 61 75 82
42 62 42 62
16 29 16 29
36 64 36 43 64
13 24 13 24
16 42 16 23 25 38 42
27 66 27 29 48 54 59 66
38 88 38 85 88
0 82 0 59 71 82
42 57 42 57
37 75 37 48 54 75
41 59 41 50 51 59
20 56 20 56
47 75 47 75
19 56 19 56
24 88 24 83 88
3 48 3 37 48
23 59 23 32 48 54 59
53 80 53 80
1 43 1 2 9 17 29 36 43
16 47 16 23 32 47
38 89 38 60 66 77 89
82 85 82 85
33 82 33 39 58 68 74 82
15 47 15 22 43 47
54 72 54 72
20 66 20 66
18 67 18 22 25 35 39 58 67
37 87 37 59 66 77 87
84 88 84 88
13 41 13 28 41
75 81 75 80 81
36 66 36 60 66
17 56 17 25 35 56
2 13 2 9 13
19 21 19 21
8 87 8 41 57 72 87
79 86 79 86
2 73 2 14 19 21 58 67 73
2 73 2 33 51 67 73
9 70 9 24 43 70
12 29 12 17 29
21 40 21 40
48 52 48 52
50 77 50 51 59 77
29 70 29 36 43 70
43 77 43 52 77
0 28 0 10 17 20 26 28
1 39 1 26 28 35 39
14 50 14 19 21 26 28 41 50
82 85 82 85
1 48 1 19 21 26 28 37 48
42 46 42 46
32 81 32 48 52 64 81
12 44 12 17 32 44
0 76 0 59 69 76
55 57 55 57
29 75 29 36 50 51 58 61 75
13 45 13 20 30 34 45
17 33 17 25 33
54 84 54 67 72 78 84
2 74 2 33 39 58 68 74
12 53 12 27 53
54 89 54 67 72 78 84 89
27 58 27 44 55 58
3 36 3 9 24 29 36
23 62 23 25 33 62
8 50 8 41 50
36 65 36 59 65
55 67 55 67
28 78 28 41 67 72 78
23 35 23 25 35
5 47 5 36 43 47
5 26 5 6 17 20 26
67 84 67 72 78 84
17 67 17 52 67
57 74 57 74
47 81 47 61 75 80 81
53 84 53 84
13 77 13 29 48 52 77
15 74 15 21 58 64 68 74
8 89 8 28 35 72 78 84 89
24 49 24 27 29 36 37 49
18 81 18 34 44 64 81
29 77 29 36 59 66 77
33 52 33 52
21 80 21 40 63 80
22 79 22 43 44 79
37 85 37 52 71 82 85
51 68 51 59 64 68
44 64 44 64
21 59 21 59
2 54 2 9 13 24 27 29 36 37 48 54
49 84 49 51 58 67 72 78 84
12 56 12 17 25 35 56
24 59 24 27 29 48 54 59
8 49 8 9 24 27 29 36 37 49
3 86 3 14 70 86
64 69 64 68 69
24 59 24 27 29 36 48 54 59
43 70 43 70
18 33 18 22 33
19 33 19 33
64 68 64 68
13 65 13 20 32 44 55 57 63 65
28 61 28 37 49 51 58 61
20 47 20 32 47
23 82 23 57 63 82
1 89 1 39 58 67 72 78 84 89
79 89 79 84 89
20 81 20 79 81
49 76 49 76
14 52 14 34 45 52
7 39 7 28 35 39
40 86 40 64 86
84 89 84 89
5 39 5 6 30 39
2 73 2 23 37 51 58 67 73
48 86 48 52 67 72 86
10 82 10 34 44 55 58 64 68 74 82
26 42 26 42
7 66 7 49 51 59 66
10 17 10 17
64 69 64 68 69
4 45 4 30 34 45
26 65 26 42 51 59 65
4 87 4 60 66 77 87
16 23 16 23
2 72 2 14 28 37 51 58 67 72
27 79 27 44 79
26 52 26 28 37 52
5 88 5 6 37 72 87 88
40 89 40 89
47 84 47 67 72 78 84
38 51 38 41 49 51
21 80 21 40 63 80
16 68 16 44 55 58 64 68
78 84 78 84
24 47 24 29 43 47
38 66 38 42 51 60 66
34 79 34 79
41 63 41 57 63
55 58 55 58
29 48 29 36 48
33 37 33 37
6 15 6 15
23 32 23 32
70 88 70 81 83 88
0 82 0 24 30 41 63 82
32 80 32 48 54 75 80
36 87 36 66 77 87
80 83 80 81 83
11 88 11 21 42 46 77 88
24 55 24 29 43 44 55
19 28 19 21 26 28
54 73 54 73
34 69 34 45 64 69
48 61 48 61
6 43 6 31 43
11 55 11 21 26 55
39 67 39 58 67
21 71 21 59 66 71
51 84 51 67 72 78 84
1 55 1 26 55
22 53 22 31 43 44 53
18 43 18 22 31 43
5 52 5 6 31 43 52
17 49 17 25 38 41 49
64 69 64 69
32 48 32 48
26 38 26 38
8 39 8 9 13 24 30 39
0 71 0 59 71
81 83 81 83
43 64 43 64
45 84 45 50 59 66 78 84
52 85 52 67 82 85
32 55 32 44 55
50 77 50 59 66 77
56 72 56 62 72
12 68 12 37 40 64 68
49 88 49 51 80 83 88
23 88 23 25 35 56 78 81 83 88
49 66 49 51 60 66
21 61 21 42 51 58 61
20 26 20 26
15 60 15 30 34 45 50 60
17 59 17 25 33 37 51 59
37 80 37 52 80
57 78 57 72 78
22 82 22 59 71 82
22 84 22 43 70 72 78 84
20 88 20 32 47 61 88
17 63 17 20 56 62 63
7 28 7 28
58 85 58 68 74 82 85
7 88 7 88
10 58 10 24 29 43 44 55 58
25 51 25 38 41 50 51
12 87 12 72 87
22 49 22 25 38 41 49
26 40 26 28 37 40
68 82 68 74 82
28 40 28 37 40
2 58 2 33 37 49 51 58
20 84 20 40 78 84
25 57 25 57
47 61 47 61
42 46 42 46
36 59 36 37 49 51 59
14 52 14 31 43 52
44 85 44 64 71 82 85
26 89 26 28 37 77 89
41 84 41 49 51 67 72 78 84
41 79 41 79
16 44 16 44
5 17 5 6 17
41 67 41 49 51 67
67 72 67 72
4 67 4 23 49 51 58 67
54 64 54 59 64
33 77 33 51 59 66 77
50 80 50 51 80
7 57 7 57
48 84 48 52 78 84
48 61 48 61
24 36 24 27 29 36
7 74 7 27 58 64 68 74
6 79 6 30 41 79
6 44 6 27 44
9 73 9 13 49 51 58 67 73
11 62 11 35 56 62
55 77 55 58 77
6 31 6 18 22 31
23 83 23 35 63 83
28 53 28 41 53
13 62 13 20 26 42 62
57 63 57 63
6 44 6 15 22 43 44
50 84 50 59 66 78 84
7 51 7 14 34 45 50 51
23 68 23 35 56 64 68
1 87 1 49 72 87
19 46 19 38 42 46
81 88 81 83 88
13 41 13 20 26 28 41
24 79 24 55 79
3 89 3 15 46 77 89
16 31 16 31
25 66 25 33 49 51 60 66
19 89 19 33 37 77 89
79 88 79 88
45 73 45 55 58 67 73
15 46 15 46
9 41 9 17 20 26 28 41
3 31 3 14 31
30 84 30 53 84
4 40 4 8 40
34 75 34 45 50 51 58 61 75
5 39 5 6 17 20 30 39
49 51 49 51
12 32 12 17 32
34 77 34 48 52 77
55 86 55 86
50 85 50 51 67 82 85
3 16 3 16
0 89 0 89
0 20 0 13 20
7 87 7 42 51 58 67 72 87
22 57 22 43 44 55 57
9 13 9 13
9 44 9 17 32 44
4 8 4 8
1 40 1 37 40
62 87 62 72 87
19 49 19 33 37 49
4 74 4 74
41 60 41 49 51 60
0 26 0 20 26
34 63 34 45 55 57 63
51 71 51 60 66 71
10 66 10 30 41 49 51 60 66
15 67 15 30 44 55 67
3 27 3 9 24 27
28 81 28 41 78 81
30 48 30 34 48
24 30 24 30
50 80 50 51 58 61 75 80
70 88 70 86 88
72 86 72 86
10 72 10 17 29 43 70 72
1 88 1 88
9 76 9 24 50 59 64 68 69 76
53 87 53 77 87
44 76 44 55 58 64 68 69 76
29 62 29 43 62
7 59 7 49 51 59
24 77 24 50 59 77
17 56 17 20 56
13 36 13 36
34 66 34 45 50 60 66
37 51 37 51
5 88 5 79 81 83 88
1 89 1 78 84 89
56 81 56 78 81
37 72 37 49 51 67 72
1 26 1 2 9 20 26
67 89 67 72 78 84 89
22 75 22 33 49 51 58 61 75
11 68 11 68
19 82 19 56 64 71 82
4 58 4 41 49 51 58
30 70 30 41 70
52 64 52 64
1 43 1 7 29 43
35 88 35 59 77 88
45 51 45 50 51
26 89 26 42 57 72 78 84 89
22 49 22 33 49
29 69 29 43 44 64 68 69
19 55 19 43 44 55
50 64 50 59 64
2 14 2 14
21 71 21 58 64 71
14 81 14 78 81
22 84 22 43 44 53 84
38 60 38 42 51 60
2 48 2 23 37 48
34 88 34 59 69 87 88
10 24 10 24
41 57 41 57
75 82 75 82
10 33 10 17 25 33
78 88 78 84 88
45 83 45 83
8 32 8 9 13 20 32
64 74 64 68 74
43 72 43 47 67 72
61 75 61 75
3 34 3 30 34
36 67 36 37 51 67
42 46 42 46
3 30 3 15 30
54 81 54 75 80 81
18 88 18 34 86 88
23 88 23 35 56 78 81 83 88
33 40 33 37 40
12 25 12 17 25
31 88 31 68 74 85 88
13 38 13 26 38
12 28 12 17 20 26 28
2 42 2 9 13 20 26 38 42
32 54 32 48 54
42 72 42 57 72
24 74 24 29 48 54 59 64 68 74
33 88 33 62 63 88
10 60 10 17 20 30 34 45 50 51 60
24 51 24 50 51
20 77 20 32 58 77
5 76 5 52 64 68 69 76
4 77 4 41 50 51 59 66 77
2 87 2 56 64 68 69 87
59 82 59 66 71 82
18 31 18 22 31
38 59 38 41 49 51 59
30 87 30 34 45 52 64 69 87
51 77 51 58 77
21 59 21 42 51 59
5 62 5 6 24 43 62
68 74 68 74
6 49 6 17 33 49
42 69 42 51 64 68 69
6 23 6 16 23
31 82 31 56 64 82
5 57 5 6 17 20 30 34 44 55 57
49 80 49 51 80
5 88 5 88
3 17 3 9 17
1 54 1 13 28 37 48 54
8 75 8 41 49 51 58 61 75
1 82 1 7 57 63 82
55 67 55 58 67
0 39 0 13 24 30 39
44 84 44 78 84
52 76 52 64 68 69 76
27 88 27 70 88
36 48 36 48
23 48 23 25 33 37 48
18 51 18 20 26 28 37 49 51
10 24 10 24
20 66 20 32 48 54 59 66
14 25 14 25
67 72 67 72
27 85 27 44 55 58 61 75 82 85
10 60 10 30 41 49 51 60
67 86 67 72 86
0 71 0 24 27 29 48 52 71
57 78 57 72 78
37 75 37 49 51 58 61 75
44 84 44 53 84
33 62 33 62
27 59 27 29 48 54 59
21 68 21 26 28 68
16 55 16 31 43 44 55
23 83 23 49 51 58 67 72 78 81 83
30 79 30 44 55 79
55 78 55 67 72 78
34 52 34 45 52
17 81 17 70 72 78 81
39 75 39 58 61 75
30 57 30 41 57
45 85 45 55 67 72 82 85
58 85 58 61 75 82 85
25 76 25 38 42 51 60 69 76
20 86 20 56 64 86
39 75 39 58 61 75
16 87 16 87
59 69 59 69
69 87 69 87
49 66 49 51 59 66
1 53 1 26 38 41 53
17 82 17 32 47 61 75 82
17 40 17 25 40
28 63 28 35 56 62 63
6 23 6 16 23
1 82 1 26 55 67 72 82
30 63 30 44 55 57 63
14 78 14 59 66 78
11 42 11 21 42
2 43 2 14 19 43
55 80 55 61 75 80
41 68 41 49 51 58 64 68
62 87 62 72 87
14 56 14 25 35 56
44 72 44 55 57 72
39 65 39 65
29 73 29 36 37 48 54 73
42 59 42 51 59
1 40 1 37 40
24 89 24 30 44 78 84 89
25 80 25 33 49 51 58 61 75 80
15 25 15 22 25
26 81 26 28 64 81
12 68 12 45 55 58 68
5 66 5 36 66
41 85 41 57 74 82 85
8 74 8 9 50 51 59 64 68 74
36 37 36 37
2 39 2 33 39
75 88 75 88
49 84 49 72 78 84
3 40 3 27 29 36 37 40
29 58 29 36 37 51 58
29 61 29 48 61
64 68 64 68
28 83 28 64 81 83
10 86 10 24 30 39 58 64 86
1 71 1 2 14 19 56 64 71
38 51 38 42 51
29 75 29 43 47 75
23 33 23 25 33
21 74 21 58 68 74
27 79 27 29 36 55 79
26 80 26 38 41 63 80
21 40 21 40
9 83 9 62 72 78 81 83
19 74 19 62 74
59 85 59 66 71 82 85
11 72 11 33 62 72
57 78 57 78
0 64 0 24 29 48 54 59 64
10 88 10 44 53 84 88
5 79 5 6 17 29 36 43 44 55 79
50 85 50 82 85
12 82 12 72 82
54 75 54 75
5 50 5 6 15 22 25 38 41 50
3 43 3 14 31 43
36 89 36 50 59 66 78 84 89
24 50 24 30 34 45 50
34 87 34 59 66 77 87
28 61 28 49 51 58 61
7 43 7 27 29 43
26 63 26 55 57 63
58 68 58 68
72 88 72 82 85 88
48 89 48 54 67 72 78 84 89
57 82 57 82
16 61 16 28 35 39 58 61
24 81 24 43 52 78 81
20 50 20 26 28 41 50
24 39 24 30 39
26 58 26 28 49 51 58
23 66 23 66
5 89 5 89
16 58 16 31 43 44 55 58
24 29 24 29
37 76 37 59 64 69 76
7 21 7 14 19 21
75 88 75 80 81 83 88
6 17 6 17
22 31 22 31
20 83 20 26 67 72 78 81 83
12 53 12 29 43 44 53
12 55 12 29 43 44 55
62 74 62 74
11 79 11 21 26 38 41 79
36 49 36 37 49
43 78 43 44 55 67 72 78
16 80 16 35 56 62 63 80
0 76 0 24 43 44 55 58 68 69 76
0 42 0 10 17 20 26 42
15 56 15 21 26 28 35 56
31 77 31 43 47 77
36 57 36 43 44 55 57
15 70 15 21 26 42 70
54 78 54 67 72 78
16 58 16 29 43 44 55 58
79 89 79 84 89
0 47 0 27 29 43 47
21 49 21 26 38 41 49
30 41 30 41
28 87 28 77 87
37 83 37 49 72 78 81 83
17 39 17 25 35 39
38 74 38 42 62 74
4 77 4 49 51 58 77
49 66 49 51 59 66
43 70 43 70
58 85 58 67 82 85
12 46 12 17 25 38 42 46
7 59 7 29 48 54 59
5 39 5 6 30 39
22 58 22 43 44 55 58
3 54 3 14 28 37 48 54
7 64 7 64
41 71 41 70 71
4 77 4 60 66 77
32 48 32 48
12 29 12 17 29
72 89 72 78 84 89
5 79 5 79
63 88 63 83 88
9 84 9 62 72 78 84
33 39 33 39
58 68 58 64 68
42 76 42 51 64 69 76
8 88 8 9 20 56 64 86 88
17 49 17 20 30 41 49
43 58 43 44 55 58
19 78 19 21 40 78
45 57 45 57
8 35 8 9 20 26 28 35
23 54 23 37 48 54
54 75 54 75
32 89 32 48 52 89
7 51 7 29 36 50 51
15 35 15 21 26 28 35
12 87 12 57 72 87
13 49 13 28 41 49
60 87 60 66 77 87
38 73 38 42 51 67 73
71 85 71 82 85
7 66 7 27 29 48 54 59 66
4 87 4 77 87
56 76 56 64 69 76
8 35 8 28 35
17 57 17 32 44 55 57
18 32 18 20 32
38 89 38 70 72 78 84 89
14 19 14 19
11 68 11 59 64 68
36 89 36 59 89
7 89 7 42 70 72 78 84 89
3 31 3 14 31
10 77 10 30 54 59 66 77
30 63 30 41 57 63
2 80 2 57 63 80
14 25 14 25
79 88 79 84 88
14 19 14 19
25 66 25 33 37 48 54 59 66
51 84 51 58 67 72 78 84
19 48 19 21 26 28 37 48
42 64 42 51 58 64
17 35 17 20 26 28 35
27 74 27 29 36 50 51 59 64 68 74
33 71 33 49 51 58 64 71
14 73 14 28 41 50 51 58 67 73
45 68 45 55 58 68
28 60 28 37 51 60
1 2 1 2
40 69 40 64 68 69
18 76 18 59 69 76
24 81 24 55 57 63 80 81
51 68 51 59 64 68
2 56 2 14 28 35 56
25 80 25 62 63 80
61 81 61 75 80 81
11 42 11 20 26 42
32 59 32 48 54 59
17 49 17 25 33 49
33 60 33 49 51 60
7 77 7 29 36 60 66 77
33 77 33 51 60 66 77
18 20 18 20
50 60 50 60
11 49 11 21 26 28 41 49
30 75 30 41 50 51 58 61 75
36 43 36 43
9 40 9 20 26 28 37 40
3 59 3 37 48 54 59
32 57 32 44 55 57
14 89 14 25 38 42 70 72 78 84 89
16 80 16 29 80
48 82 48 54 59 64 68 74 82
10 51 10 24 50 51
2 73 2 23 25 35 39 58 67 73
40 68 40 64 68
58 68 58 68
10 28 10 17 20 26 28
11 64 11 20 30 44 64
67 85 67 82 85
4 30 4 30
4 42 4 13 20 26 42
29 36 29 36
62 81 62 63 80 81
24 81 24 29 81
5 35 5 6 17 20 26 28 35
31 56 31 56
27 61 27 44 55 61
6 63 6 37 40 63
16 81 16 35 56 64 81
19 49 19 33 49
41 78 41 57 72 78
3 48 3 14 34 48
32 47 32 47
67 82 67 82
45 88 45 83 88
70 84 70 72 78 84
4 62 4 8 28 35 56 62
2 61 2 14 25 38 42 51 58 61
54 87 54 59 69 87
19 21 19 21
12 46 12 17 25 38 42 46
18 79 18 34 79
10 59 10 34 48 54 59
42 57 42 57
6 85 6 24 27 29 43 64 71 82 85
36 37 36 37
11 34 11 20 30 34
15 67 15 21 42 51 67
18 34 18 20 30 34
8 89 8 34 79 84 89
5 47 5 36 43 47
26 74 26 55 57 74
31 68 31 68
6 73 6 27 44 73
21 66 21 26 42 51 60 66
0 33 0 10 17 33
18 28 18 20 26 28
32 85 32 48 61 75 82 85
13 41 13 20 26 38 41
49 75 49 51 58 61 75
20 72 20 26 42 62 72
46 88 46 77 87 88
18 70 18 21 26 42 70
14 68 14 59 64 68
8 73 8 9 20 32 48 52 67 73
13 54 13 26 28 37 48 54
22 56 22 25 35 56
4 49 4 30 41 49
66 81 66 78 81
6 24 6 24
56 81 56 64 81
36 75 36 43 47 75
29 54 29 36 37 48 54
12 60 12 29 36 60
28 78 28 37 59 66 78
17 20 17 20
19 89 19 43 77 89
17 56 17 20 26 28 35 56
14 56 14 31 56
59 77 59 66 77
17 63 17 29 43 44 55 57 63
4 51 4 23 25 38 42 51
84 89 84 89
21 42 21 26 38 42
58 76 58 64 69 76
52 80 52 80
54 75 54 75
16 44 16 31 43 44
79 89 79 84 89
20 45 20 30 34 45
3 37 3 16 29 36 37
23 65 23 37 40 63 65
84 89 84 89
5 35 5 6 18 22 25 35
20 47 20 32 47
12 28 12 17 20 26 28
82 85 82 85
27 29 27 29
48 74 48 54 59 64 68 74
22 61 22 34 44 55 61
25 88 25 82 85 88
42 66 42 51 59 66
27 29 27 29
5 88 5 64 81 83 88
32 55 32 44 55
24 59 24 30 48 54 59
42 89 42 57 78 84 89
14 54 14 19 21 26 28 37 48 54
47 75 47 75
23 84 23 25 79 84
16 59 16 23 32 48 54 59
54 86 54 86
10 61 10 30 39 58 61
37 87 37 48 72 87
10 82 10 48 54 75 82
4 40 4 8 40
4 58 4 41 50 51 58
1 7 1 7
25 85 25 33 61 75 82 85
25 80 25 57 63 80
41 84 41 49 51 58 67 72 78 84
23 82 23 37 59 64 82
28 52 28 37 48 52
15 30 15 30
21 26 21 26
30 87 30 53 77 87
25 35 25 35
0 28 0 20 26 28
24 62 24 29 36 43 62
20 52 20 26 28 37 48 52
48 54 48 54
31 56 31 56
19 72 19 56 62 72
36 52 36 43 52
1 78 1 7 39 58 67 72 78
14 42 14 19 21 26 38 42
21 73 21 42 51 67 73
15 57 15 22 31 43 44 55 57
51 76 51 59 69 76
72 78 72 78
10 28 10 17 20 26 28
56 65 56 62 65
67 82 67 82
20 78 20 39 58 67 72 78
39 65 39 65
1 76 1 13 60 69 76
47 81 47 75 80 81
41 70 41 70
22 31 22 31
7 86 7 14 31 56 64 86
0 55 0 13 36 55
1 64 1 7 43 44 55 58 64
16 59 16 28 35 59
17 57 17 32 44 55 57
30 86 30 44 79 86
63 82 63 82
5 42 5 6 18 21 42
33 88 33 78 84 88
14 59 14 42 51 59
67 84 67 72 78 84
10 82 10 30 48 75 82
31 43 31 43
54 69 54 59 69
5 6 5 6
35 66 35 59 66
29 77 29 36 50 51 60 66 77
32 58 32 44 55 58
19 42 19 38 42
29 44 29 36 43 44
20 66 20 32 48 54 59 66
21 58 21 58
7 21 7 14 19 21
2 62 2 23 25 33 62
11 59 11 59
11 51 11 20 26 42 51
17 87 17 70 72 87
7 51 7 27 29 36 37 51
19 28 19 21 26 28
32 89 32 89
30 63 30 41 63
44 76 44 64 68 69 76
36 60 36 37 51 60
23 32 23 32
2 21 2 14 19 21
27 29 27 29
2 38 2 23 25 38
2 58 2 23 25 33 51 58
50 60 50 60
31 84 31 56 62 72 78 84
1 23 1 3 16 23
33 40 33 37 40
29 53 29 43 44 53
3 14 3 14
17 38 17 25 38
11 70 11 70
4 30 4 13 20 30
51 76 51 64 69 76
55 80 55 57 63 80
51 68 51 58 64 68
3 27 3 27
9 82 9 50 60 66 71 82
8 62 8 28 35 56 62
6 20 6 17 20
16 31 16 31
29 72 29 48 52 67 72
43 57 43 44 55 57
56 86 56 62 72 86
41 63 41 57 63
1 35 1 7 28 35
64 69 64 68 69
4 78 4 49 51 67 72 78
5 42 5 6 15 21 42
41 57 41 57
82 85 82 85
30 73 30 34 44 73
0 54 0 20 30 48 54
10 44 10 34 44
80 83 80 83
13 72 13 36 37 72
27 57 27 44 55 57
58 61 58 61
70 89 70 72 78 84 89
6 16 6 16
14 73 14 42 51 58 67 73
51 74 51 58 64 68 74
2 24 2 9 24
20 26 20 26
58 67 58 67
10 28 10 17 20 26 28
30 44 30 34 44
59 82 59 66 71 82
35 59 35 59
4 58 4 49 51 58
17 42 17 25 38 42
58 84 58 67 72 78 84
19 42 19 21 42
19 41 19 21 26 28 41
37 80 37 40 63 80
8 66 8 9 24 50 59 66
28 69 28 64 68 69
23 77 23 44 53 77
56 81 56 64 81
32 77 32 58 77
23 78 23 44 78
6 69 6 24 30 39 69
23 67 23 37 51 58 67
17 82 17 52 67 82
0 72 0 20 39 58 67 72
18 71 18 34 45 55 58 64 71
6 42 6 17 25 38 42
9 71 9 17 25 38 70 71
24 36 24 27 29 36
72 86 72 86
70 82 70 71 82
39 68 39 58 64 68
54 75 54 75
26 28 26 28
42 81 42 51 64 81
22 49 22 25 38 41 49
18 67 18 34 45 55 67
30 65 30 39 65
13 47 13 36 43 47
27 76 27 44 55 58 64 68 69 76
29 53 29 43 44 53
58 87 58 68 69 87
25 61 25 33 39 58 61
20 82 20 55 58 68 74 82
14 54 14 25 33 37 48 54
28 85 28 82 85
19 62 19 56 62
24 80 24 27 58 61 75 80
21 73 21 58 67 73
29 70 29 43 70
20 49 20 26 38 41 49
8 66 8 34 48 54 59 66
36 64 36 37 59 64
5 89 5 70 72 78 84 89
66 77 66 77
21 85 21 26 75 82 85
20 28 20 26 28
74 82 74 82
35 65 35 63 65
0 51 0 13 36 37 49 51
39 67 39 58 67
40 76 40 68 69 76
13 60 13 20 26 42 51 60
24 52 24 29 48 52
28 35 28 35
6 59 6 24 30 41 59
51 69 51 58 64 68 69
35 66 35 59 66
28 82 28 82
29 61 29 48 61
48 83 48 52 67 72 78 81 83
24 73 24 55 58 67 73
34 59 34 48 54 59
40 78 40 78
19 28 19 21 26 28
28 49 28 49
22 59 22 25 38 42 51 59
1 87 1 13 68 69 87
20 51 20 30 34 45 50 51
19 33 19 33
9 41 9 17 25 38 41
20 39 20 30 39
5 63 5 36 43 44 55 57 63
21 35 21 26 28 35
17 78 17 58 67 72 78
9 42 9 20 26 42
75 81 75 80 81
0 47 0 47
19 78 19 78
3 43 3 16 31 43
34 87 34 44 64 68 69 87
50 82 50 59 64 71 82
7 86 7 27 29 70 86
11 52 11 20 30 34 45 52
12 29 12 17 29
4 26 4 8 9 13 26
11 80 11 21 26 38 41 50 51 80
6 32 6 18 20 32
44 58 44 55 58
15 82 15 58 64 71 82
61 82 61 75 82
30 85 30 34 44 55 67 82 85
81 88 81 83 88
5 84 5 70 72 78 84
27 76 27 58 68 69 76
33 68 33 37 51 64 68
7 51 7 14 25 33 37 49 51
5 44 5 6 16 44
38 65 38 41 65
59 64 59 64
10 30 10 30
72 82 72 82
5 61 5 6 37 49 51 58 61
20 73 20 30 48 52 67 73
19 41 19 38 41
54 78 54 59 66 78
56 80 56 62 63 80
21 71 21 59 64 71
12 81 12 72 78 81
15 30 15 30
16 69 16 38 41 49 69
4 51 4 30 41 49 51
2 38 2 9 17 20 26 38
43 64 43 44 64
20 28 20 26 28
11 72 11 33 49 51 58 67 72
21 56 21 26 28 35 56
41 72 41 70 72
6 33 6 16 23 25 33
48 88 48 88
57 83 57 72 78 81 83
28 68 28 68
49 69 49 51 58 68 69
18 70 18 22 43 70
13 64 13 26 42 51 58 64
33 67 33 39 58 67
32 78 32 47 67 72 78
12 82 12 44 64 71 82
10 40 10 24 29 36 37 40
27 72 27 44 55 58 67 72
51 71 51 58 64 71
25 87 25 38 42 51 59 64 69 87
2 78 2 23 57 72 78
64 88 64 82 85 88
11 34 11 20 30 34
33 88 33 52 64 82 85 88
72 87 72 87
5 73 5 6 31 43 52 67 73
46 77 46 77
43 62 43 62
1 86 1 3 15 26 55 79 86
18 72 18 21 42 62 72
12 30 12 24 30
29 57 29 43 44 55 57
43 84 43 47 67 72 78 84
32 65 32 44 55 57 63 65
22 53 22 43 44 53
42 72 42 62 72
24 63 24 29 43 44 55 57 63
20 49 20 26 28 49
13 62 13 20 56 62
4 37 4 23 37
64 81 64 81
3 83 3 64 81 83
54 59 54 59
50 82 50 51 60 66 71 82
40 68 40 68
26 52 26 28 37 52
4 8 4 8
54 71 54 71
7 51 7 49 51
17 80 17 25 38 41 63 80
28 49 28 37 49
1 86 1 7 27 79 86
35 89 35 56 62 72 78 84 89
20 85 20 26 55 58 61 75 82 85
37 72 37 52 67 72
58 68 58 64 68
30 88 30 54 59 86 88
20 66 20 30 41 50 51 59 66
24 30 24 30
4 79 4 30 41 79
0 24 0 13 24
39 65 39 65
20 67 20 26 28 49 51 67
15 45 15 30 34 45
10 78 10 17 32 48 52 67 72 78
37 72 37 52 67 72
31 76 31 68 69 76
30 82 30 54 59 71 82
22 75 22 43 47 61 75
5 62 5 36 43 62
9 73 9 50 51 67 73
77 88 77 88
55 86 55 58 67 72 86
26 65 26 28 35 39 65
75 81 75 80 81
63 88 63 83 88
32 77 32 53 77
37 58 37 51 58
16 89 16 29 48 72 78 84 89
47 87 47 67 72 87
22 35 22 25 35
10 88 10 44 84 88
42 81 42 62 72 78 81
5 6 5 6
10 59 10 34 59
0 25 0 10 17 25
42 46 42 46
21 74 21 40 68 74
3 81 3 30 39 58 61 75 80 81
3 85 3 9 57 82 85
29 66 29 36 66
5 87 5 6 16 31 56 62 72 87
31 65 31 56 62 63 65
6 83 6 40 78 81 83
19 38 19 38
24 79 24 29 36 43 44 79
26 65 26 42 62 65
63 80 63 80
52 86 52 64 86
31 43 31 43
75 80 75 80
24 73 24 50 51 58 67 73
48 73 48 52 67 73
35 72 35 72
31 55 31 43 44 55
6 64 6 17 52 64
20 70 20 30 41 70
55 76 55 58 64 69 76
1 54 1 37 48 54
4 89 4 70 72 78 84 89
4 51 4 8 28 49 51
2 27 2 9 13 24 27
17 25 17 25
45 57 45 57
5 20 5 6 18 20
7 21 7 14 19 21
23 66 23 37 51 59 66
35 75 35 39 58 61 75
25 53 25 38 41 53
33 52 33 37 48 52
43 85 43 44 55 61 75 82 85
54 86 54 67 72 86
34 76 34 59 64 68 69 76
31 88 31 43 47 61 75 80 83 88
16 71 16 29 70 71
4 87 4 23 35 39 58 64 68 69 87
36 52 36 37 52
26 68 26 38 41 50 59 64 68
6 29 6 17 29
55 80 55 61 75 80
13 60 13 28 37 49 51 60
36 71 36 60 66 71
28 49 28 49
24 80 24 27 29 36 50 51 58 61 75 80
34 77 34 44 55 58 77
7 69 7 69
67 78 67 72 78
56 86 56 62 72 86
25 87 25 33 51 59 69 87
23 68 23 32 48 52 64 68
43 52 43 52
50 87 50 51 59 66 77 87
6 28 6 15 26 28
49 67 49 51 67
26 38 26 38
7 89 7 29 36 59 89
22 83 22 59 66 78 81 83
22 58 22 31 43 44 55 58
33 40 33 37 40
1 36 1 13 36
8 52 8 9 13 36 37 48 52
17 36 17 29 36
14 52 14 34 45 52
68 82 68 74 82
23 79 23 79
22 76 22 33 52 64 68 69 76
68 76 68 69 76
15 76 15 22 31 56 64 68 69 76
9 76 9 50 59 69 76
2 72 2 23 25 38 41 70 72
31 76 31 43 52 64 68 69 76
34 77 34 45 52 77
67 84 67 72 78 84
8 66 8 28 41 59 66
16 47 16 31 43 47
4 69 4 69
3 36 3 27 29 36
82 88 82 85 88
28 58 28 37 49 51 58
16 81 16 31 56 62 72 78 81
54 69 54 59 69
37 60 37 49 51 60
25 64 25 33 49 51 64
42 75 42 51 58 61 75
4 58 4 8 41 50 51 58
48 84 48 54 67 72 78 84
17 53 17 20 32 44 53
26 38 26 38
66 89 66 78 84 89
25 85 25 35 72 82 85
69 88 69 87 88
22 54 22 33 37 48 54
17 43 17 29 43
19 62 19 62
32 63 32 44 55 57 63
23 55 23 44 55
5 61 5 6 17 20 32 44 55 61
9 56 9 17 25 35 56
8 61 8 58 61
42 85 42 57 72 82 85
1 43 1 3 27 29 36 43
38 63 38 41 57 63
8 62 8 62
41 70 41 70
30 54 30 54
18 67 18 22 34 48 54 67
10 70 10 17 20 30 41 70
38 69 38 42 51 59 64 69
21 46 21 26 42 46
41 83 41 63 80 81 83
0 34 0 24 30 34
1 60 1 49 51 60
36 53 36 43 44 53
7 59 7 27 29 48 54 59
38 63 38 41 63
20 86 20 40 64 86
4 89 4 8 62 72 78 84 89
12 27 12 27
41 85 41 63 82 85
38 41 38 41
1 3 1 3
38 46 38 42 46
85 88 85 88
20 87 20 32 47 77 87
77 88 77 88
60 83 60 66 83
21 60 21 26 38 42 51 60
16 82 16 35 56 62 72 82
19 86 19 33 37 48 54 72 86
1 88 1 26 42 62 63 82 85 88
10 60 10 30 41 50 51 60
3 76 3 38 41 76
1 19 1 19
39 81 39 58 67 72 78 81
6 85 6 40 63 82 85
13 37 13 29 36 37
2 29 2 9 24 27 29
12 63 12 29 36 43 62 63
10 54 10 48 54
56 72 56 62 72
40 74 40 68 74
4 79 4 8 34 45 55 79
27 76 27 44 55 58 68 69 76
21 35 21 26 28 35
9 61 9 50 51 58 61
15 60 15 22 25 38 60
52 73 52 67 73
3 79 3 14 31 43 44 79
27 43 27 29 36 43
37 72 37 48 54 72
49 67 49 51 67
3 54 3 16 29 48 54
20 88 20 30 41 59 69 87 88
51 65 51 59 65
8 81 8 62 63 80 81
26 48 26 28 37 48
1 44 1 3 9 13 20 30 44
0 28 0 10 17 20 26 28
17 50 17 20 26 38 41 50
6 49 6 30 41 49
6 33 6 17 33
6 83 6 44 78 81 83
36 60 36 37 51 60
5 35 5 6 16 35
9 71 9 50 51 60 66 71
23 38 23 25 38
40 63 40 63
55 80 55 57 63 80
11 72 11 21 42 62 72
28 35 28 35
39 65 39 65
48 61 48 61
9 60 9 17 29 36 50 60
6 66 6 15 30 41 49 51 59 66
35 75 35 39 58 61 75
7 59 7 42 51 59
43 44 43 44
9 77 9 50 60 66 77
4 66 4 30 34 59 66
2 68 2 23 37 51 64 68
7 74 7 29 36 55 57 74
16 29 16 29
5 36 5 6 27 29 36
18 61 18 20 32 47 61
7 62 7 62
29 69 29 36 60 69
32 79 32 44 79
46 88 46 77 87 88
6 75 6 27 58 61 75
9 69 9 13 28 37 40 68 69
16 44 16 29 43 44
0 38 0 13 26 38
1 89 1 39 58 77 89
3 38 3 15 26 38
20 75 20 26 28 49 51 58 61 75
8 51 8 9 17 33 51
60 77 60 66 77
33 77 33 49 51 59 77
43 72 43 47 67 72
10 36 10 24 27 29 36
3 67 3 38 42 51 58 67
0 81 0 47 61 75 80 81
12 73 12 17 29 43 52 67 73
17 80 17 29 75 80
34 86 34 48 54 59 86
23 88 23 35 56 62 74 85 88
37 76 37 48 54 59 69 76
26 80 26 80
6 43 6 17 29 43
55 57 55 57
25 38 25 38
43 64 43 52 64
50 60 50 51 60
20 35 20 26 28 35
49 72 49 51 58 67 72
20 45 20 30 34 45
3 66 3 38 60 66
6 25 6 15 22 25
36 85 36 55 57 72 82 85
23 78 23 32 47 67 72 78
8 9 8 9
64 86 64 86
48 86 48 52 64 86
55 72 55 67 72
59 69 59 69
0 54 0 45 54
31 44 31 43 44
0 73 0 47 67 73
41 72 41 67 72
37 77 37 52 77
20 84 20 55 79 84
16 74 16 28 49 51 59 64 68 74
11 49 11 33 37 49
48 82 48 54 72 82
7 49 7 14 19 21 26 28 41 49
13 49 13 36 37 49
51 76 51 60 69 76
6 31 6 31
54 71 54 59 71
47 87 47 77 87
37 80 37 51 80
46 87 46 77 87
72 82 72 82
37 84 37 52 78 84
31 65 31 56 62 63 65
72 88 72 86 88
36 59 36 59
19 85 19 82 85
23 80 23 55 61 75 80
44 72 44 55 57 72
17 26 17 20 26
53 88 53 77 87 88
5 73 5 52 67 73
26 62 26 28 35 56 62
52 89 52 77 89
37 80 37 49 51 58 61 75 80
17 82 17 20 26 38 70 71 82
15 35 15 22 25 35
23 44 23 44
11 21 11 21
8 84 8 34 59 66 78 84
52 73 52 67 73
10 53 10 34 44 53
22 34 22 34
2 82 2 14 68 74 82
2 46 2 33 46
38 89 38 89
1 49 1 3 16 38 41 49
51 71 51 58 64 71
0 53 0 27 53
7 61 7 49 51 58 61
26 89 26 28 41 79 84 89
27 75 27 29 48 75
38 65 38 41 57 63 65
13 45 13 20 30 34 45
33 68 33 52 64 68
13 24 13 24
20 73 20 73
7 56 7 56
31 77 31 43 44 53 77
10 51 10 34 45 50 51
2 29 2 9 17 29
23 82 23 82
23 54 23 37 48 54
16 69 16 31 56 64 68 69
19 43 19 43
13 83 13 49 51 64 81 83
27 79 27 29 36 43 44 79
10 60 10 30 41 49 51 60
36 37 36 37
2 73 2 33 51 58 67 73
4 42 4 23 25 38 42
45 51 45 50 51
3 58 3 30 39 58
17 78 17 29 43 62 72 78
41 53 41 53
43 72 43 52 67 72
7 87 7 40 64 69 87
4 23 4 23
0 25 0 10 17 25
7 26 7 14 19 21 26
5 46 5 6 18 21 42 46
12 44 12 29 43 44
6 88 6 18 21 42 46 77 87 88
8 24 8 9 24
12 41 12 24 30 41
9 67 9 24 29 43 44 55 58 67
4 76 4 69 76
40 85 40 63 82 85
14 68 14 42 51 58 64 68
32 87 32 47 67 72 87
17 86 17 32 86
4 62 4 8 9 62
42 85 42 57 72 82 85
10 30 10 17 20 30
13 86 13 26 67 72 86
10 26 10 17 20 26
5 72 5 52 67 72
8 34 8 9 24 30 34
24 66 24 29 48 54 59 66
61 81 61 75 80 81
7 39 7 39
4 89 4 13 36 37 59 89
32 48 32 48
19 68 19 56 64 68
13 45 13 20 30 34 45
55 67 55 58 67
8 60 8 34 45 50 51 60
12 42 12 17 20 26 42
28 87 28 46 77 87
50 81 50 59 66 78 81
8 39 8 9 17 25 35 39
2 72 2 57 72
19 62 19 43 62
0 46 0 20 26 28 46
27 58 27 58
3 72 3 9 20 55 67 72
0 28 0 20 26 28
34 50 34 45 50
7 70 7 29 36 43 70
42 85 42 57 74 85
45 75 45 50 51 58 61 75
45 57 45 55 57
0 28 0 13 20 26 28
55 69 55 58 68 69
25 75 25 38 42 51 58 61 75
12 72 12 57 72
1 47 1 7 14 19 43 47
63 82 63 82
55 80 55 58 61 75 80
13 54 13 26 28 37 48 54
23 38 23 25 38
7 28 7 28
11 64 11 59 64
48 74 48 52 64 68 74
15 61 15 30 44 55 61
74 82 74 82
7 60 7 27 29 36 37 49 51 60
29 66 29 36 66
29 58 29 43 44 55 58
17 47 17 32 47
4 17 4 8 9 17
7 43 7 29 36 43
33 88 33 82 85 88
60 83 60 66 83
67 85 67 72 82 85
30 87 30 34 45 57 72 87
49 75 49 51 58 61 75
3 85 3 15 21 40 63 82 85
9 42 9 13 26 38 42
43 77 43 77
14 21 14 19 21
11 70 11 20 30 41 70
1 64 1 26 42 51 58 64
5 33 5 6 16 23 25 33
54 87 54 72 87
0 80 0 24 50 51 58 61 75 80
38 85 38 85
33 87 33 49 51 58 64 69 87
6 85 6 15 21 42 70 71 82 85
18 62 18 21 26 42 62
45 51 45 50 51
59 65 59 65
45 59 45 54 59
11 26 11 21 26
26 51 26 42 51
1 68 1 49 51 58 64 68
12 66 12 60 66
17 32 17 20 32
32 76 32 44 55 58 68 69 76
21 68 21 40 68
28 52 28 37 52
14 28 14 28
4 74 4 8 9 57 74
69 87 69 87
62 87 62 72 87
42 81 42 57 72 78 81
7 28 7 28
16 74 16 35 56 62 74
42 62 42 62
11 64 11 33 39 58 64
63 85 63 82 85
44 61 44 55 58 61
4 51 4 49 51
12 30 12 24 30
70 82 70 82
32 83 32 66 83
45 85 45 52 67 82 85
34 83 34 44 55 57 63 80 81 83
43 69 43 44 55 58 64 68 69
20 65 20 40 63 65
4 62 4 23 35 56 62
9 17 9 17
16 53 16 31 43 44 53
54 69 54 59 64 69
31 84 31 56 62 72 78 84
4 88 4 23 25 62 72 86 88
4 85 4 85
42 76 42 51 59 69 76
30 34 30 34
21 28 21 26 28
23 78 23 66 78
30 79 30 34 44 79
30 73 30 39 58 67 73
54 80 54 75 80
3 23 3 16 23
0 80 0 13 28 37 40 63 80
18 70 18 21 26 42 70
34 77 34 59 66 77
16 71 16 38 42 51 58 64 71
15 26 15 26
20 47 20 32 47
20 32 20 32
59 71 59 71
10 34 10 34
67 72 67 72
0 28 0 10 17 20 26 28
51 86 51 67 72 86
34 69 34 59 69
33 82 33 61 75 82
47 75 47 75
45 57 45 57
4 42 4 13 26 38 42
27 74 27 29 48 54 59 64 68 74
2 81 2 9 17 70 81
28 66 28 41 59 66
9 24 9 24
41 66 41 50 59 66
57 74 57 74
9 13 9 13
34 52 34 45 52
51 61 51 58 61
58 67 58 67
15 82 15 21 42 62 63 82
42 81 42 70 72 78 81
56 86 56 64 86
62 74 62 74
14 42 14 19 21 42
56 76 56 64 68 69 76
82 88 82 85 88
54 67 54 67
22 33 22 25 33
12 41 12 24 30 41
20 66 20 26 42 51 60 66
17 29 17 29
33 77 33 52 77
30 49 30 41 49
15 25 15 22 25
14 25 14 25
3 79 3 9 24 55 79
85 88 85 88
1 80 1 39 58 61 75 80
17 42 17 20 26 42
18 72 18 34 48 52 67 72
2 58 2 9 24 30 34 45 55 58
26 75 26 55 61 75
7 84 7 29 48 72 78 84
43 80 43 52 80
59 66 59 66
8 52 8 28 37 52
9 17 9 17
4 88 4 77 88
30 44 30 44
15 42 15 21 26 42
37 72 37 52 67 72
37 82 37 49 72 82
16 86 16 86
43 47 43 47
21 66 21 59 66
8 74 8 9 13 64 68 74
22 73 22 34 44 55 67 73
14 34 14 34
48 72 48 52 67 72
20 40 20 40
57 83 57 78 81 83
43 63 43 62 63
47 67 47 67
20 59 20 30 54 59
8 61 8 9 50 51 58 61
58 87 58 67 72 87
0 45 0 24 30 34 45
3 27 3 27
30 87 30 54 72 87
55 71 55 58 64 71
57 83 57 72 78 81 83
3 62 3 14 42 62
56 80 56 62 63 80
21 49 21 26 28 49
23 85 23 44 55 58 61 75 82 85
4 8 4 8
31 55 31 43 44 55
55 57 55 57
26 79 26 28 41 79
11 77 11 59 77
57 82 57 72 82
78 88 78 84 88
21 71 21 42 51 60 66 71
2 61 2 14 28 41 49 51 58 61
21 26 21 26
42 83 42 51 67 72 78 81 83
60 78 60 66 78
27 85 27 72 82 85
3 33 3 16 23 25 33
20 72 20 32 58 67 72
3 42 3 38 42
29 53 29 36 43 44 53
2 36 2 9 17 29 36
2 78 2 9 62 72 78
68 88 68 69 87 88
47 80 47 80
23 67 23 37 52 67
8 50 8 41 50
39 84 39 58 67 72 78 84
38 70 38 42 70
24 83 24 27 79 83
32 57 32 44 55 57
4 88 4 70 72 87 88
16 40 16 23 25 33 37 40
34 45 34 45
8 61 8 9 24 27 29 43 47 61
52 64 52 64
27 72 27 72
30 54 30 54
9 67 9 24 50 51 58 67
8 45 8 34 45
21 26 21 26
20 83 20 39 58 61 75 80 83
6 43 6 18 22 43
64 81 64 81
22 50 22 25 38 41 50
14 74 14 34 59 64 68 74
41 72 41 49 51 58 67 72
7 63 7 27 44 55 57 63
6 73 6 27 44 73
22 77 22 31 43 47 77
13 60 13 36 37 51 60
4 88 4 23 55 79 86 88
29 51 29 36 50 51
1 73 1 26 42 51 58 67 73
41 49 41 49
8 51 8 9 17 29 36 50 51
32 57 32 44 55 57
26 88 26 88
29 70 29 36 43 70
18 70 18 20 26 28 41 70
47 89 47 67 72 78 84 89
81 83 81 83
33 82 33 62 63 82
23 38 23 25 38
10 82 10 34 45 52 67 72 82
6 49 6 17 25 38 41 49
16 73 16 29 48 54 73
22 82 22 59 64 82
32 65 32 48 54 59 65
19 72 19 62 72
48 81 48 61 75 80 81
37 48 37 48
22 89 22 25 38 42 46 77 89
48 88 48 75 88
8 35 8 28 35
16 68 16 38 41 49 51 59 64 68
47 67 47 67
45 81 45 57 63 80 81
2 81 2 33 61 75 80 81
21 72 21 42 51 67 72
3 31 3 16 31
10 26 10 17 20 26
11 33 11 33
32 66 32 66
23 87 23 87
24 81 24 27 79 81
11 83 11 21 40 63 80 81 83
14 66 14 25 38 60 66
50 81 50 51 80 81
7 65 7 42 51 59 65
22 58 22 25 38 41 49 51 58
8 24 8 9 13 24
11 78 11 33 52 78
1 19 1 7 14 19
26 80 26 28 49 51 80
27 82 27 29 48 72 82
30 87 30 39 69 87
48 89 48 54 59 77 89
25 58 25 35 39 58
32 78 32 44 55 58 67 72 78
20 26 20 26
10 24 10 24
14 52 14 34 45 52
33 69 33 39 58 64 68 69
15 45 15 30 34 45
19 62 19 38 42 62
62 80 62 63 80
22 79 22 34 44 79
19 78 19 38 70 72 78
0 28 0 20 26 28
2 14 2 14
31 44 31 43 44
2 14 2 14
20 35 20 26 28 35
4 45 4 30 34 45
31 44 31 43 44
12 63 12 37 40 63
39 68 39 58 68
53 87 53 77 87
64 76 64 68 69 76
33 69 33 39 69
25 85 25 62 63 82 85
12 42 12 17 25 38 42
70 81 70 81
29 61 29 43 47 61
17 52 17 20 26 28 37 48 52
16 35 16 23 25 35
78 84 78 84
14 21 14 19 21
8 62 8 9 17 20 26 38 42 62
15 51 15 22 34 45 50 51
79 88 79 88
47 89 47 67 72 78 84 89
4 62 4 8 28 35 56 62
17 71 17 32 44 55 58 64 71
58 80 58 61 75 80
5 26 5 6 15 26
33 63 33 62 63
14 68 14 31 43 52 64 68
41 80 41 57 63 80
66 89 66 77 89
36 65 36 37 49 51 59 65
7 84 7 57 72 78 84
17 59 17 25 33 49 51 59
54 64 54 59 64
25 87 25 62 72 87
48 65 48 54 59 65
22 74 22 34 44 55 57 74
5 63 5 36 43 62 63
43 87 43 87
2 68 2 14 31 56 64 68
28 69 28 35 39 58 64 69
6 43 6 24 29 43
45 82 45 64 82
12 42 12 17 25 38 42
21 86 21 40 64 86
30 44 30 44
1 25 1 7 14 25
17 38 17 25 38
9 53 9 24 30 34 44 53
0 27 0 27
69 87 69 87
24 87 24 50 59 64 68 69 87
19 62 19 43 62
20 45 20 30 34 45
42 62 42 62
11 79 11 20 30 34 45 55 79
42 51 42 51
17 71 17 32 58 64 71
37 64 37 40 64
30 57 30 34 44 55 57
43 85 43 47 67 72 82 85
9 82 9 50 60 66 71 82
3 67 3 27 44 55 67
24 77 24 29 48 52 77
38 66 38 60 66
14 33 14 19 33
30 79 30 44 79
38 79 38 41 79
6 69 6 15 22 59 69
30 52 30 34 45 52
9 24 9 24
30 65 30 34 65
23 88 23 87 88
2 49 2 23 49
33 63 33 37 40 63
20 78 20 39 58 67 72 78
10 64 10 52 64
8 37 8 9 17 29 36 37
3 49 3 38 41 49
17 82 17 70 82
60 69 60 69
33 63 33 37 40 63
43 69 43 64 68 69
70 86 70 72 86
72 85 72 82 85
22 89 22 59 77 89
56 86 56 64 86
27 74 27 58 64 68 74
1 27 1 2 9 24 27
43 74 43 64 68 74
3 89 3 38 70 72 78 84 89
23 82 23 66 71 82
29 78 29 70 72 78
29 53 29 43 44 53
2 9 2 9
61 88 61 88
11 78 11 20 32 48 52 67 72 78
2 89 2 89
20 83 20 79 81 83
41 57 41 57
16 46 16 23 25 33 46
2 71 2 9 50 51 60 66 71
16 46 16 38 42 46
24 88 24 30 80 81 83 88
18 42 18 20 26 38 42
19 41 19 21 26 28 41
26 58 26 38 42 51 58
59 65 59 65
1 9 1 2 9
10 86 10 17 52 64 86
77 88 77 87 88
0 45 0 13 20 30 34 45
9 61 9 20 39 58 61
25 59 25 35 59
18 89 18 59 77 89
41 53 41 53
56 72 56 62 72
42 76 42 51 58 64 69 76
43 65 43 62 63 65
1 19 1 2 14 19
43 85 43 44 55 57 82 85
43 74 43 52 64 68 74
17 67 17 29 48 52 67
53 87 53 77 87
24 52 24 27 29 43 52
12 69 12 17 20 56 64 69
2 61 2 14 19 43 44 55 61
18 41 18 22 25 38 41
38 41 38 41
21 50 21 26 38 41 50
77 89 77 89
22 33 22 25 33
39 75 39 58 61 75
38 42 38 42
24 74 24 30 34 48 54 59 64 68 74
25 84 25 33 51 58 67 72 78 84
2 32 2 9 17 20 32
53 87 53 77 87
8 32 8 9 17 20 32
64 69 64 69
43 58 43 44 55 58
20 56 20 56
30 54 30 34 45 54
72 88 72 78 81 83 88
23 67 23 37 48 52 67
45 64 45 50 59 64
33 62 33 62
19 46 19 21 26 28 46
12 24 12 24
0 73 0 27 58 67 73
33 46 33 46
30 87 30 53 77 87
27 84 27 72 78 84
2 56 2 9 20 26 28 35 56
29 79 29 43 44 55 79
24 55 24 29 43 44 55
40 74 40 64 68 74
44 79 44 79
41 49 41 49
28 68 28 35 59 64 68
2 9 2 9
10 53 10 34 44 53
41 53 41 53
26 75 26 42 51 58 61 75
29 36 29 36
52 73 52 67 73
23 55 23 55
19 35 19 21 26 28 35
15 57 15 26 38 41 57
1 89 1 19 56 78 84 89
40 76 40 68 69 76
53 77 53 77
70 71 70 71
4 62 4 13 36 43 62
48 72 48 72
22 77 22 33 39 58 77
21 59 21 42 51 59
59 71 59 64 71
3 76 3 14 28 69 76
29 60 29 36 50 51 60
45 77 45 77
52 68 52 64 68
15 56 15 22 25 35 56
19 69 19 21 58 64 68 69
34 59 34 59
49 51 49 51
49 76 49 51 60 69 76
4 49 4 13 29 36 37 49
22 35 22 25 35
7 77 7 39 58 77
45 50 45 50
23 85 23 66 71 82 85
8 28 8 9 20 26 28
62 63 62 63
62 72 62 72
13 47 13 36 43 47
24 27 24 27
36 59 36 59
12 37 12 29 36 37
58 77 58 77
28 37 28 37
7 26 7 14 19 21 26
44 78 44 55 58 67 72 78
45 64 45 64
30 54 30 48 54
0 47 0 47
10 83 10 60 66 78 81 83
37 83 37 40 78 81 83
12 73 12 73
27 85 27 44 55 67 72 82 85
18 31 18 22 31
7 28 7 28
25 68 25 38 41 50 59 64 68
1 27 1 2 9 24 27
5 66 5 6 18 34 45 50 51 59 66
32 77 32 44 55 58 77
33 87 33 67 72 87
10 53 10 24 29 43 44 53
9 24 9 13 24
22 25 22 25
36 72 36 55 57 72
1 50 1 13 24 30 41 50
62 86 62 72 86
18 72 18 22 31 43 62 72
22 89 22 59 66 77 89
40 64 40 64
38 65 38 65
20 26 20 26
16 68 16 35 39 58 64 68
3 13 3 9 13
70 86 70 86
61 88 61 88
84 89 84 89
5 73 5 36 55 58 67 73
87 88 87 88
49 75 49 51 58 61 75
7 65 7 56 62 65
34 87 34 48 72 87
44 76 44 64 68 69 76
19 38 19 21 26 38
7 19 7 14 19
59 71 59 64 71
1 36 1 7 29 36
7 42 7 42
62 81 62 63 80 81
13 87 13 20 30 54 59 66 77 87
12 73 12 37 49 51 58 67 73
9 13 9 13
27 79 27 79
15 82 15 21 26 67 82
5 45 5 6 24 30 34 45
62 84 62 72 78 84
22 59 22 25 33 49 51 59
61 88 61 75 82 85 88
8 56 8 28 35 56
7 42 7 14 42
71 85 71 82 85
55 83 55 61 75 80 81 83
56 74 56 64 68 74
18 75 18 34 45 55 61 75
39 84 39 58 67 72 78 84
27 55 27 29 36 55
23 81 23 78 81
47 73 47 67 73
16 73 16 23 49 51 67 73
18 67 18 34 44 55 67
2 61 2 9 13 26 55 61
9 24 9 13 24
13 60 13 20 26 38 42 51 60
10 51 10 24 27 29 36 50 51
37 81 37 52 78 81
2 43 2 9 17 29 36 43
28 82 28 35 59 71 82
63 81 63 80 81
37 77 37 52 77
2 72 2 33 49 72
29 51 29 36 37 49 51
16 80 16 44 55 58 61 75 80
60 69 60 69
33 52 33 37 48 52
3 30 3 15 30
28 71 28 49 51 59 71
39 58 39 58
37 84 37 52 67 72 78 84
9 44 9 20 30 34 44
23 84 23 79 84
26 67 26 28 49 51 58 67
6 50 6 17 29 36 50
18 59 18 21 42 51 59
62 85 62 74 82 85
17 32 17 20 32
1 68 1 2 23 55 58 68
19 26 19 21 26
0 79 0 45 55 79
15 77 15 22 33 46 77
34 60 34 45 50 51 60
15 43 15 22 43
34 77 34 48 54 59 77
41 78 41 70 72 78
13 37 13 24 29 36 37
14 60 14 28 41 50 60
18 65 18 22 33 37 49 51 59 65
29 60 29 36 50 60
26 88 26 67 82 85 88
79 83 79 83
17 58 17 58
37 49 37 49
31 76 31 43 64 69 76
5 36 5 36
45 68 45 64 68
56 68 56 64 68
75 82 75 82
25 84 25 40 78 84
4 82 4 13 49 72 82
16 31 16 31
38 66 38 41 49 51 60 66
25 33 25 33
2 57 2 57
46 87 46 77 87
51 80 51 58 61 75 80
11 72 11 35 72
47 67 47 67
24 60 24 27 29 36 50 60
10 62 10 17 20 56 62
17 39 17 25 35 39
42 58 42 51 58
12 20 12 17 20
19 33 19 33
8 66 8 28 49 51 59 66
14 19 14 19
9 71 9 17 70 71
33 71 33 49 51 58 64 71
4 67 4 13 36 48 54 67
24 55 24 29 36 43 44 55
43 78 43 70 72 78
33 82 33 39 58 67 72 82
12 44 12 17 29 36 43 44
53 88 53 88
35 72 35 56 62 72
52 80 52 80
10 76 10 34 44 55 58 64 69 76
5 89 5 6 37 72 78 84 89
41 67 41 67
15 77 15 21 42 51 59 66 77
61 75 61 75
18 88 18 22 33 61 75 88
32 73 32 48 54 73
51 86 51 67 72 86
29 48 29 48
11 20 11 20
15 28 15 26 28
0 50 0 24 29 36 50
67 87 67 72 87
70 78 70 72 78
68 69 68 69
12 69 12 44 64 68 69
16 40 16 29 36 37 40
56 89 56 78 84 89
38 46 38 42 46
28 78 28 35 59 66 78
23 79 23 32 44 55 79
0 51 0 24 50 51
35 39 35 39
25 75 25 33 49 51 58 61 75
43 47 43 47
14 78 14 34 44 55 67 72 78
8 58 8 58
66 78 66 78
14 73 14 28 41 50 51 67 73
3 58 3 27 29 36 43 44 55 58
22 74 22 25 74
10 40 10 24 27 29 36 37 40
23 81 23 25 57 72 78 81
2 43 2 9 24 43
17 86 17 32 86
45 74 45 50 59 64 68 74
30 82 30 41 49 72 82
43 89 43 44 55 67 72 78 84 89
75 83 75 80 83
16 86 16 31 56 62 72 86
26 79 26 28 41 79
3 66 3 37 48 54 59 66
1 87 1 13 36 59 66 77 87
48 74 48 54 59 64 68 74
1 54 1 13 20 30 34 48 54
62 65 62 63 65
6 70 6 30 41 70
41 76 41 76
13 82 13 20 66 71 82
39 75 39 58 61 75
37 65 37 40 63 65
17 73 17 20 39 58 67 73
34 63 34 44 55 57 63
77 87 77 87
36 71 36 59 66 71
31 68 31 56 64 68
66 81 66 78 81
7 42 7 42
27 68 27 29 36 37 52 64 68
17 38 17 20 26 38
58 76 58 68 69 76
42 61 42 51 58 61
38 86 38 70 72 86
35 63 35 56 62 63
45 83 45 75 80 83
2 33 2 9 17 25 33
18 75 18 20 55 58 61 75
6 80 6 31 56 62 63 80
9 50 9 17 20 30 34 45 50
28 37 28 37
59 78 59 66 78
33 88 33 82 85 88
4 55 4 30 44 55
5 61 5 36 43 44 55 58 61
6 56 6 15 22 25 35 56
52 69 52 64 69
42 66 42 51 59 66
35 56 35 56
64 76 64 68 69 76
67 87 67 72 87
10 48 10 30 48
24 47 24 29 43 47
7 62 7 27 29 43 62
5 45 5 6 24 30 34 45
28 40 28 37 40
15 60 15 21 26 38 41 50 51 60
34 74 34 44 55 57 74
36 52 36 48 52
18 88 18 59 66 83 88
32 63 32 44 55 57 63
48 64 48 54 59 64
35 62 35 56 62
4 13 4 8 9 13
24 60 24 27 29 36 37 51 60
1 47 1 7 32 47
44 89 44 53 77 89
8 51 8 9 13 29 36 37 49 51
20 88 20 30 41 49 51 80 83 88
23 77 23 32 53 77
51 80 51 80
82 85 82 85
23 87 23 49 72 87
7 87 7 57 72 87
11 59 11 59
17 42 17 20 26 38 42
11 42 11 21 42
82 85 82 85
43 72 43 44 55 58 67 72
16 68 16 35 59 64 68
84 89 84 89
34 87 34 45 64 69 87
24 66 24 50 51 60 66
70 89 70 72 78 84 89
3 42 3 15 21 26 38 42
36 75 36 43 47 61 75
8 74 8 28 41 57 74
35 63 35 63
45 64 45 52 64
11 53 11 21 26 38 41 53
35 59 35 59
39 81 39 58 64 81
37 59 37 59
14 80 14 28 49 51 58 61 75 80
12 70 12 17 70
8 41 8 41
20 32 20 32
11 62 11 33 62
1 34 1 13 20 30 34
1 50 1 13 24 50
23 78 23 37 51 59 66 78
20 71 20 26 55 58 64 71
18 38 18 21 26 38
8 32 8 9 17 20 32
34 50 34 45 50
6 18 6 18
11 80 11 20 30 54 75 80
13 79 13 26 55 79
22 61 22 31 43 47 61
70 81 70 81
6 73 6 37 48 52 67 73
53 87 53 77 87
8 84 8 62 72 78 84
8 81 8 28 35 56 62 72 78 81
17 40 17 25 33 37 40
8 33 8 9 17 33
0 64 0 24 43 52 64
24 50 24 50
5 77 5 36 60 66 77
21 61 21 58 61
45 88 45 55 79 81 83 88
9 71 9 20 66 71
4 30 4 8 9 24 30
23 83 23 79 83
42 89 42 62 72 78 84 89
51 71 51 58 64 71
17 67 17 20 55 58 67
12 50 12 45 50
70 82 70 71 82
41 71 41 70 71
45 83 45 64 81 83
34 45 34 45
56 72 56 62 72
2 13 2 9 13
19 89 19 43 52 78 84 89
12 82 12 66 71 82
18 20 18 20
10 24 10 24
48 66 48 54 59 66
25 64 25 38 42 51 59 64
4 17 4 8 9 17
57 82 57 72 82
2 28 2 9 17 20 26 28
33 71 33 51 58 64 71
79 88 79 86 88
59 89 59 77 89
56 62 56 62
72 87 72 87
36 53 36 43 44 53
36 52 36 48 52
10 75 10 17 29 36 37 48 54 75
20 77 20 30 53 77
43 72 43 62 72
66 81 66 78 81
4 82 4 41 70 72 82
59 66 59 66
34 86 34 48 72 86
12 60 12 60
51 86 51 86
54 71 54 59 71
18 68 18 34 59 64 68
64 68 64 68
33 72 33 62 72
35 56 35 56
0 80 0 10 52 80
5 69 5 36 50 60 69
20 84 20 55 79 84
30 45 30 34 45
16 83 16 35 56 64 81 83
1 9 1 2 9
36 88 36 37 72 88
5 59 5 6 30 54 59
13 37 13 28 37
57 78 57 72 78
7 14 7 14
18 33 18 22 25 33
30 75 30 34 48 54 75
24 43 24 27 29 36 43
3 49 3 14 28 37 49
16 23 16 23
5 50 5 6 15 22 34 45 50
5 89 5 72 78 84 89
55 58 55 58
14 31 14 31
68 69 68 69
5 66 5 36 60 66
22 51 22 34 45 50 51
22 41 22 25 38 41
70 89 70 72 78 84 89
10 43 10 24 29 43
54 66 54 59 66
35 75 35 39 58 61 75
11 59 11 20 32 48 54 59
6 75 6 17 20 55 58 61 75
34 76 34 45 52 64 68 69 76
58 75 58 61 75
67 83 67 72 78 81 83
0 13 0 13
24 71 24 27 29 70 71
3 82 3 64 71 82
17 77 17 20 39 58 77
28 40 28 37 40
18 20 18 20
50 60 50 51 60
8 89 8 58 77 89
3 89 3 27 72 78 84 89
12 56 12 17 25 35 56
20 81 20 56 78 81
59 82 59 71 82
63 83 63 80 81 83
43 63 43 44 55 57 63
32 81 32 48 72 78 81
49 78 49 72 78
18 51 18 21 42 51
32 79 32 44 79
2 53 2 9 17 32 53
74 85 74 85
50 84 50 51 58 67 72 78 84
18 33 18 22 25 33
1 26 1 2 9 20 26
1 44 1 3 16 44
7 84 7 56 78 84
12 50 12 27 29 36 50
23 59 23 37 49 51 59
56 89 56 78 84 89
82 85 82 85
15 79 15 21 26 38 41 79
56 71 56 64 71
3 82 3 27 44 64 68 74 82
18 28 18 21 26 28
14 57 14 19 43 44 55 57
4 67 4 49 51 58 67
7 86 7 29 48 72 86
37 83 37 51 59 66 83
62 65 62 65
8 28 8 9 17 20 26 28
17 20 17 20
0 86 0 24 27 44 55 57 72 86
2 89 2 33 52 77 89
84 88 84 88
56 78 56 78
0 74 0 59 64 68 74
8 52 8 34 45 52
36 67 36 43 44 55 58 67
30 50 30 34 45 50
4 65 4 23 35 56 62 63 65
29 77 29 48 52 77
48 54 48 54
24 43 24 29 36 43
3 83 3 37 48 52 78 81 83
1 47 1 19 43 47
6 28 6 15 26 28
5 64 5 52 64
3 17 3 9 17
1 47 1 2 23 32 47
1 36 1 7 29 36
12 30 12 24 30
3 30 3 15 30
10 63 10 44 55 57 63
36 44 36 43 44
19 72 19 43 70 72
40 65 40 63 65
33 60 33 37 49 51 60
18 65 18 34 59 65
0 35 0 10 17 25 35
30 75 30 54 75
56 71 56 64 71
66 77 66 77
8 35 8 9 20 26 28 35
2 62 2 23 25 62
60 87 60 69 87
41 71 41 50 60 66 71
50 81 50 51 58 64 81
15 28 15 26 28
29 53 29 36 43 44 53
11 84 11 59 66 78 84
23 84 23 66 78 84
32 83 32 66 78 81 83
36 68 36 43 64 68
26 65 26 28 41 65
23 48 23 25 33 37 48
24 73 24 73
48 75 48 54 75
11 79 11 21 26 38 41 79
11 84 11 33 51 60 66 78 84
2 81 2 56 62 63 80 81
16 23 16 23
63 65 63 65
43 74 43 64 68 74
38 60 38 41 50 51 60
25 64 25 35 39 58 64
1 24 1 3 9 13 24
39 65 39 65
2 50 2 9 50
10 44 10 34 44
33 63 33 37 40 63
6 69 6 40 64 68 69
68 82 68 74 82
34 75 34 45 54 75
18 44 18 20 32 44
18 87 18 34 45 54 72 87
44 78 44 55 67 72 78
15 21 15 21
18 35 18 20 26 28 35
23 85 23 57 74 82 85
67 81 67 72 78 81
12 29 12 27 29
12 27 12 27
58 75 58 61 75
26 56 26 28 35 56
14 66 14 34 45 54 59 66
0 27 0 27
26 79 26 28 41 79
29 69 29 48 54 59 64 69
23 33 23 25 33
1 60 1 2 9 17 25 38 42 51 60
27 78 27 72 78
34 63 34 45 57 63
17 25 17 25
26 68 26 38 42 51 58 68
28 86 28 41 70 72 86
30 61 30 41 49 51 58 61
0 75 0 24 43 44 55 61 75
28 71 28 49 51 64 71
28 71 28 41 70 71
83 88 83 88
16 82 16 35 56 74 82
34 74 34 44 64 68 74
47 88 47 75 88
22 57 22 31 43 44 55 57
9 60 9 13 28 41 50 60
24 64 24 50 59 64
44 73 44 73
10 77 10 48 54 59 77
30 86 30 48 72 86
45 85 45 55 58 85
44 69 44 64 68 69
17 47 17 20 32 47
24 47 24 27 29 43 47
13 51 13 28 49 51
47 67 47 67
14 70 14 31 43 70
27 85 27 44 64 68 74 85
25 74 25 35 39 58 68 74
34 81 34 59 64 81
42 89 42 51 58 67 72 78 84 89
31 65 31 43 65
71 82 71 82
12 60 12 37 51 60
1 55 1 7 27 29 43 44 55
12 82 12 24 55 67 82
72 82 72 82
32 86 32 58 67 72 86
18 68 18 34 48 54 59 64 68
15 58 15 22 43 44 55 58
7 77 7 32 47 77
43 85 43 70 71 82 85
23 79 23 79
6 39 6 30 39
2 14 2 14
15 22 15 22
4 65 4 49 51 59 65
31 82 31 68 74 82
64 88 64 69 87 88
0 10 0 10
27 55 27 29 36 55
20 44 20 32 44
45 52 45 52
43 89 43 62 72 78 84 89
0 51 0 10 17 29 36 37 51
69 88 69 87 88
19 48 19 33 37 48
25 58 25 35 39 58
78 81 78 81
16 55 16 31 43 44 55
15 42 15 22 25 38 42
35 65 35 39 65
3 36 3 9 24 29 36
8 89 8 62 72 78 84 89
5 70 5 36 43 70
30 82 30 41 49 72 82
50 82 50 60 66 71 82
60 71 60 66 71
25 40 25 40
12 24 12 24
49 72 49 51 67 72
24 63 24 30 34 44 55 57 63
18 48 18 20 30 48
29 80 29 36 43 44 53 80
34 59 34 48 54 59
10 63 10 24 27 44 55 57 63
70 84 70 72 78 84
42 70 42 70
22 59 22 33 37 51 59
23 33 23 25 33
31 43 31 43
40 85 40 63 82 85
26 83 26 80 83
2 34 2 14 34
57 81 57 78 81
24 39 24 30 39
18 54 18 34 45 54
8 54 8 28 37 48 54
15 53 15 22 43 44 53
1 26 1 7 14 19 21 26
52 64 52 64
25 61 25 33 39 58 61
19 48 19 21 26 28 37 48
4 55 4 30 34 44 55
14 34 14 34
57 74 57 74
11 21 11 21
41 49 41 49
13 27 13 24 27
49 76 49 51 58 68 69 76
14 66 14 59 66
4 40 4 13 28 37 40
5 84 5 72 78 84
42 62 42 62
51 68 51 58 64 68
13 27 13 24 27
4 43 4 8 9 13 24 29 36 43
72 78 72 78
66 83 66 83
2 53 2 14 25 38 41 53
30 85 30 54 71 82 85
29 72 29 36 50 51 58 67 72
19 33 19 33
17 51 17 25 38 42 51
43 57 43 44 55 57
6 73 6 17 52 67 73
13 72 13 29 36 55 67 72
4 69 4 69
10 38 10 17 25 38
10 58 10 17 25 35 39 58
35 88 35 72 82 85 88
15 56 15 26 28 35 56
13 45 13 24 30 34 45
24 71 24 30 44 55 58 64 71
41 70 41 70
60 66 60 66
16 58 16 29 43 44 55 58
24 29 24 27 29
24 60 24 50 60
7 14 7 14
17 35 17 25 35
50 81 50 60 66 78 81
26 62 26 28 35 56 62
16 38 16 23 25 38
29 70 29 43 70
45 59 45 54 59
69 88 69 87 88
51 81 51 80 81
0 13 0 13
2 36 2 9 13 36
34 79 34 79
7 50 7 27 29 36 50
6 37 6 17 25 33 37
19 56 19 56
16 36 16 29 36
18 62 18 22 31 56 62
38 63 38 41 63
7 49 7 27 29 36 37 49
10 62 10 24 43 62
17 70 17 70
41 60 41 50 60
14 42 14 42
33 62 33 62
24 51 24 29 36 37 49 51
18 61 18 20 32 44 55 58 61
1 64 1 26 55 58 64
17 38 17 20 26 38
22 73 22 25 35 39 58 67 73
33 61 33 37 51 58 61
17 57 17 29 36 43 44 55 57
35 66 35 59 66
21 60 21 42 51 60
1 48 1 3 27 29 48
3 38 3 15 26 38
48 64 48 52 64
0 50 0 27 29 36 50
6 33 6 15 22 33
19 89 19 33 37 48 54 72 78 84 89
14 57 14 19 21 26 55 57
52 89 52 89
58 77 58 77
5 85 5 70 71 82 85
16 83 16 31 43 80 83
6 75 6 18 21 26 42 51 58 61 75
7 51 7 42 51
27 76 27 44 55 58 64 68 69 76
14 45 14 34 45
24 49 24 29 36 37 49
51 69 51 60 69
22 74 22 31 43 62 74
3 64 3 64
43 63 43 44 55 57 63
13 29 13 29
54 72 54 72
58 82 58 64 71 82
51 59 51 59
67 88 67 82 85 88
12 53 12 44 53
49 84 49 72 78 84
17 68 17 29 43 52 64 68
36 67 36 37 49 51 58 67
18 28 18 21 26 28
36 66 36 59 66
23 37 23 25 33 37
25 79 25 79
70 86 70 86
51 76 51 60 69 76
29 36 29 36
45 54 45 54
67 87 67 72 87
17 49 17 25 33 49
6 24 6 24
25 82 25 40 64 82
18 65 18 20 39 65
58 85 58 67 82 85
44 72 44 55 57 72
44 58 44 55 58
2 33 2 14 19 33
37 65 37 59 65
6 59 6 37 48 54 59
9 67 9 24 29 36 50 51 58 67
19 42 19 38 42
13 82 13 36 37 59 66 71 82
18 41 18 21 26 28 41
0 80 0 57 63 80
6 79 6 15 26 28 41 79
59 85 59 64 71 82 85
29 66 29 48 54 59 66
1 53 1 13 24 30 53
0 36 0 27 29 36
54 73 54 67 73
6 73 6 24 55 67 73
8 52 8 9 24 29 43 52
58 85 58 68 74 82 85
55 76 55 58 68 69 76
38 88 38 42 46 77 87 88
6 79 6 16 44 55 79
26 51 26 42 51
10 70 10 24 27 70
55 79 55 79
0 57 0 10 44 55 57
22 50 22 25 38 41 50
30 85 30 54 67 82 85
8 73 8 58 67 73
62 65 62 63 65
25 33 25 33
3 67 3 9 17 33 49 51 58 67
23 68 23 68
2 24 2 9 24
40 74 40 64 68 74
20 84 20 79 84
1 47 1 19 43 47
45 64 45 52 64
30 41 30 41
62 83 62 63 83
24 83 24 83
63 83 63 80 83
18 61 18 22 31 43 47 61
23 25 23 25
0 34 0 13 24 30 34
26 80 26 80
25 63 25 63
27 84 27 78 84
66 78 66 78
25 81 25 57 78 81
16 82 16 40 63 82
51 65 51 59 65
19 26 19 21 26
21 66 21 59 66
4 58 4 49 51 58
33 77 33 37 51 58 77
26 75 26 42 51 58 61 75
13 26 13 20 26
12 26 12 17 20 26
11 53 11 21 26 38 41 53
20 39 20 30 39
1 40 1 37 40
14 59 14 59
43 47 43 47
36 43 36 43
2 54 2 9 13 26 28 37 48 54
7 14 7 14
45 75 45 55 61 75
30 44 30 34 44
55 61 55 61
68 82 68 74 82
51 80 51 58 61 75 80
2 27 2 9 24 27
14 84 14 34 45 54 59 66 78 84
26 80 26 38 41 57 63 80
6 59 6 54 59
59 71 59 71
17 69 17 33 37 52 64 69
53 88 53 88
23 58 23 49 51 58
23 25 23 25
16 36 16 29 36
10 46 10 17 33 46
16 44 16 23 32 44
49 66 49 51 59 66
33 88 33 46 77 87 88
2 83 2 78 81 83
30 57 30 44 55 57
19 42 19 21 42
21 74 21 59 64 68 74
15 25 15 22 25
63 81 63 80 81
12 50 12 50
45 58 45 55 58
1 36 1 3 27 29 36
11 54 11 20 30 54
2 48 2 9 20 30 48
15 76 15 21 58 68 69 76
34 60 34 45 50 60
20 58 20 32 44 55 58
67 88 67 72 88
48 72 48 54 72
4 60 4 60
13 37 13 24 29 36 37
16 69 16 68 69
17 71 17 32 44 64 71
15 37 15 21 26 28 37
0 46 0 20 26 28 46
36 65 36 55 57 63 65
38 76 38 60 69 76
39 78 39 58 67 72 78
20 70 20 30 41 70
58 80 58 61 75 80
47 61 47 61
38 69 38 60 69
13 26 13 26
4 37 4 23 37
62 72 62 72
62 81 62 63 80 81
12 63 12 57 63
24 43 24 43
20 72 20 56 62 72
72 88 72 86 88
44 69 44 55 58 68 69
20 73 20 26 73
79 89 79 84 89
11 88 11 59 86 88
3 58 3 58
17 25 17 25
26 38 26 38
33 72 33 51 58 67 72
12 46 12 17 25 38 42 46
33 61 33 51 58 61
33 82 33 39 58 68 74 82
23 46 23 25 33 46
8 54 8 34 45 54
19 38 19 38
38 60 38 42 51 60
12 69 12 45 54 59 64 69
12 46 12 17 33 46
29 51 29 36 37 49 51
3 14 3 14
20 28 20 26 28
37 76 37 76
5 62 5 6 24 29 43 62
42 46 42 46
26 80 26 55 57 63 80
33 83 33 67 72 78 81 83
1 78 1 39 58 67 72 78
53 87 53 77 87
41 80 41 63 80
16 86 16 29 36 43 44 64 86
17 38 17 25 38
28 56 28 35 56
28 53 28 41 53
26 49 26 28 41 49
0 53 0 24 43 44 53
16 71 16 35 56 64 71
6 37 6 18 21 26 28 37
30 84 30 48 52 67 72 78 84
64 74 64 68 74
30 79 30 41 79
20 70 20 30 41 70
2 71 2 9 17 70 71
3 89 3 14 25 33 39 58 67 72 78 84 89
42 85 42 57 82 85
58 78 58 67 72 78
0 88 0 47 75 82 85 88
79 84 79 84
62 87 62 72 87
37 74 37 52 64 68 74
14 66 14 34 48 54 59 66
13 60 13 49 51 60
28 78 28 41 50 59 66 78
3 42 3 16 23 25 38 42
20 38 20 26 38
9 69 9 20 56 64 69
35 66 35 59 66
8 30 8 9 17 20 30
62 81 62 72 78 81
37 51 37 51
15 60 15 21 42 51 60
4 41 4 23 25 38 41
4 49 4 49
5 36 5 6 24 29 36
12 44 12 27 29 43 44
12 87 12 27 70 72 87
15 26 15 26
30 79 30 34 44 79
27 78 27 58 67 72 78
49 68 49 51 59 64 68
2 49 2 14 28 49
56 82 56 64 68 74 82
18 42 18 22 25 38 42
66 81 66 78 81
10 88 10 24 77 88
39 67 39 58 67
34 77 34 59 77
31 65 31 43 62 63 65
67 83 67 72 78 81 83
44 83 44 78 81 83
25 80 25 63 80
1 82 1 26 67 82
36 52 36 37 48 52
61 82 61 75 82
2 85 2 14 42 57 82 85
23 58 23 49 51 58
38 88 38 41 67 82 85 88
7 89 7 14 19 78 84 89
24 39 24 30 39
20 67 20 32 48 54 67
63 85 63 82 85
2 83 2 23 44 55 67 72 78 81 83
48 83 48 75 80 81 83
33 63 33 37 40 63
3 79 3 15 30 44 55 79
75 83 75 80 81 83
20 26 20 26
26 55 26 55
4 57 4 13 26 42 57
19 49 19 38 41 49
45 75 45 55 61 75
17 59 17 32 48 54 59
50 73 50 51 58 67 73
32 85 32 48 75 82 85
3 82 3 37 48 72 82
2 32 2 23 32
31 82 31 43 62 63 82
60 69 60 69
41 76 41 59 69 76
30 39 30 39
57 74 57 74
0 86 0 13 49 51 67 72 86
55 69 55 58 64 69
32 79 32 44 55 79
80 81 80 81
19 57 19 38 41 57
43 80 43 52 80
55 80 55 58 61 75 80
13 41 13 26 28 41
28 52 28 37 52
13 38 13 26 38
0 46 0 10 17 33 46
32 78 32 66 78
6 69 6 16 31 56 64 69
60 82 60 82
38 79 38 41 79
22 59 22 25 33 49 51 59
27 70 27 70
1 73 1 3 14 19 21 42 51 58 67 73
15 52 15 21 26 28 37 52
20 60 20 26 42 51 60
30 57 30 44 55 57
27 43 27 29 43
0 74 0 20 39 58 68 74
24 88 24 83 88
28 63 28 37 40 63
44 89 44 79 84 89
36 88 36 50 60 66 78 84 88
49 66 49 51 60 66
17 25 17 25
31 62 31 56 62
67 72 67 72
29 80 29 48 61 75 80
17 25 17 25
15 76 15 76
37 58 37 51 58
0 76 0 24 29 36 60 69 76
20 79 20 79
12 30 12 17 20 30
14 21 14 19 21
80 81 80 81
17 68 17 58 64 68
33 74 33 39 58 68 74
51 67 51 58 67
30 61 30 44 55 58 61
78 84 78 84
39 85 39 58 85
3 58 3 30 34 44 55 58
23 58 23 37 49 51 58
5 61 5 36 37 51 58 61
17 33 17 25 33
58 75 58 61 75
55 71 55 58 64 71
33 62 33 62
2 80 2 57 63 80
24 81 24 29 75 80 81
70 72 70 72
17 58 17 58
14 39 14 19 33 39
19 33 19 33
21 42 21 26 42
9 40 9 17 25 40
30 57 30 34 44 55 57
38 86 38 70 72 86
9 77 9 50 59 66 77
63 80 63 80
13 26 13 20 26
17 43 17 29 43
16 33 16 23 25 33
34 44 34 44
26 63 26 55 57 63
48 72 48 54 67 72
7 26 7 14 19 21 26
48 61 48 61
43 78 43 70 72 78
41 63 41 57 63
10 70 10 17 29 43 70
30 48 30 34 48
12 60 12 29 36 50 51 60
33 77 33 51 60 66 77
12 27 12 27
8 49 8 41 49
37 49 37 49
45 57 45 57
42 65 42 51 59 65
6 29 6 16 29
28 87 28 69 87
66 83 66 83
23 80 23 25 40 63 80
62 87 62 72 87
10 34 10 17 20 30 34
29 43 29 36 43
8 87 8 9 24 55 67 72 87
9 88 9 82 85 88
6 15 6 15
2 27 2 9 13 24 27
24 87 24 55 67 72 87
43 70 43 70
3 17 3 9 17
5 42 5 6 16 38 42
61 81 61 75 80 81
31 76 31 68 69 76
30 50 30 41 50
20 73 20 55 58 67 73
72 87 72 87
2 81 2 14 78 81
34 59 34 59
46 88 46 77 88
34 83 34 59 64 81 83
38 51 38 42 51
7 21 7 14 19 21
7 61 7 42 51 58 61
41 64 41 49 51 58 64
5 62 5 6 24 27 29 43 62
1 86 1 3 14 31 56 62 72 86
17 32 17 32
8 54 8 34 45 54
9 27 9 13 24 27
20 58 20 26 55 58
39 75 39 58 61 75
4 45 4 30 34 45
25 76 25 33 39 58 64 69 76
64 85 64 82 85
24 45 24 30 34 45
12 45 12 17 20 30 34 45
54 59 54 59
0 27 0 24 27
59 86 59 86
33 49 33 49
24 43 24 43
5 59 5 6 15 26 42 51 59
64 69 64 69
19 33 19 33
17 52 17 20 32 48 52
60 87 60 66 77 87
38 76 38 41 59 69 76
16 68 16 44 64 68
10 75 10 17 20 30 48 61 75
20 38 20 26 38
22 35 22 25 35
66 81 66 78 81
69 88 69 87 88
13 36 13 36
3 61 3 58 61
9 37 9 20 26 28 37
5 44 5 36 43 44
29 44 29 36 43 44
20 56 20 26 28 35 56
1 24 1 13 24
68 76 68 69 76
38 66 38 41 49 51 60 66
9 37 9 24 29 36 37
7 43 7 14 31 43
14 21 14 19 21
87 88 87 88
20 85 20 56 64 71 82 85
2 28 2 9 20 26 28
8 81 8 28 35 59 66 78 81
3 27 3 27
51 84 51 60 66 78 84
8 50 8 9 20 26 38 41 50
48 66 48 54 59 66
7 43 7 29 36 43
26 81 26 38 41 59 64 81
9 53 9 13 24 29 36 43 44 53
25 68 25 40 64 68
2 50 2 14 25 38 41 50
47 87 47 77 87
18 87 18 21 42 70 72 87
33 62 33 62
6 45 6 18 34 45
9 76 9 20 30 48 54 59 69 76
2 62 2 9 13 28 35 56 62
37 85 37 40 85
21 49 21 26 38 41 49
67 81 67 72 78 81
1 26 1 13 20 26
34 77 34 45 52 77
3 42 3 15 22 25 38 42
18 76 18 22 34 48 54 59 69 76
25 33 25 33
61 88 61 75 88
32 77 32 44 53 77
44 83 44 53 80 81 83
0 76 0 20 39 69 76
24 50 24 27 29 36 50
14 19 14 19
11 88 11 33 49 51 60 69 87 88
55 77 55 58 77
9 37 9 17 20 26 28 37
39 76 39 69 76
48 54 48 54
1 54 1 37 48 54
19 26 19 21 26
33 73 33 51 67 73
4 27 4 8 9 24 27
9 33 9 17 33
25 35 25 35
3 20 3 9 17 20
48 65 48 54 59 65
8 45 8 34 45
41 53 41 53
8 74 8 62 74
35 88 35 56 62 63 80 81 83 88
2 62 2 9 17 29 36 43 62
16 82 16 40 63 82
8 53 8 34 44 53
12 81 12 45 52 78 81
10 52 10 34 48 52
6 83 6 79 81 83
62 85 62 74 82 85
6 43 6 24 29 43
13 27 13 24 27
6 55 6 44 55
26 63 26 55 57 63
52 73 52 67 73
4 55 4 8 34 45 55
13 87 13 49 69 87
53 80 53 80
18 28 18 20 26 28
6 27 6 27
17 51 17 20 30 34 45 50 51
18 81 18 20 32 53 80 81
64 86 64 86
54 71 54 59 64 71
36 66 36 66
14 33 14 25 33
14 44 14 19 43 44
1 73 1 26 67 73
33 46 33 46
82 88 82 85 88
30 34 30 34
3 36 3 9 24 29 36
8 29 8 9 24 29
10 75 10 30 39 58 61 75
19 49 19 33 37 49
1 26 1 26
2 33 2 23 25 33
10 38 10 17 25 38
11 83 11 35 59 66 78 81 83
67 73 67 73
62 81 62 72 78 81
10 30 10 30
28 71 28 64 71
41 59 41 49 51 59
6 55 6 17 20 26 55
11 72 11 35 56 62 72
17 35 17 25 35
6 31 6 15 22 31
44 84 44 84
22 70 22 43 70
3 62 3 16 31 43 62
7 61 7 49 51 58 61
16 42 16 38 42
11 62 11 35 56 62
24 30 24 30
51 77 51 58 77
20 39 20 26 28 35 39
52 69 52 64 68 69
64 76 64 69 76
0 89 0 13 49 51 59 89
18 63 18 34 45 55 57 63
17 54 17 33 37 48 54
2 56 2 14 28 35 56
41 59 41 50 51 59
31 61 31 43 47 61
15 52 15 30 34 45 52
23 66 23 35 59 66
19 55 19 21 26 55
0 10 0 10
2 88 2 78 84 88
16 42 16 23 25 38 42
25 53 25 38 41 53
6 44 6 16 44
37 52 37 52
45 73 45 54 73
15 56 15 21 26 28 35 56
5 17 5 6 17
55 84 55 58 67 72 78 84
33 51 33 49 51
51 88 51 86 88
7 42 7 14 19 21 42
17 29 17 29
5 66 5 6 17 60 66
11 54 11 20 32 48 54
28 83 28 35 63 83
57 84 57 72 78 84
48 72 48 72
25 58 25 35 39 58
19 21 19 21
36 88 36 66 71 82 85 88
2 87 2 33 62 72 87
27 60 27 29 36 37 49 51 60
33 72 33 49 72
59 76 59 69 76
32 59 32 48 54 59
2 14 2 14
31 77 31 43 77
9 42 9 20 26 42
21 57 21 42 57
17 47 17 29 36 43 47
14 84 14 70 72 78 84
23 66 23 66
28 73 28 41 50 51 58 67 73
19 85 19 82 85
37 83 37 52 78 81 83
22 73 22 25 38 41 50 51 67 73
20 38 20 26 38
29 61 29 48 61
7 74 7 56 74
40 74 40 64 68 74
59 78 59 66 78
8 41 8 41
69 88 69 87 88
20 84 20 32 48 52 78 84
0 79 0 13 29 43 44 79
17 50 17 20 30 41 50
59 86 59 64 86
18 89 18 72 78 84 89
3 48 3 27 29 48
4 23 4 23
14 73 14 25 38 42 51 67 73
51 68 51 58 64 68
13 54 13 24 29 48 54
70 71 70 71
8 37 8 28 37
6 67 6 16 31 43 47 67
27 85 27 44 55 67 82 85
3 67 3 16 35 39 58 67
23 57 23 25 38 41 57
21 35 21 26 28 35
3 20 3 9 13 20
9 71 9 50 59 64 71
4 42 4 13 26 38 42
0 80 0 13 24 50 51 58 61 75 80
74 85 74 82 85
12 54 12 17 25 33 37 48 54
35 59 35 59
53 88 53 88
23 48 23 32 48
23 83 23 78 81 83
29 62 29 43 62
32 73 32 47 67 73
41 65 41 50 51 59 65
4 56 4 23 35 56
9 79 9 13 29 36 55 79
33 63 33 62 63
15 74 15 58 64 68 74
1 60 1 49 51 60
1 3 1 3
2 33 2 33
30 85 30 41 67 82 85
2 42 2 9 17 20 26 38 42
24 34 24 30 34
54 75 54 75
23 84 23 57 72 78 84
15 57 15 22 34 44 55 57
7 28 7 28
25 86 25 40 64 86
64 82 64 82
3 59 3 16 35 59
18 72 18 21 26 42 62 72
6 31 6 18 22 31
6 48 6 15 21 26 28 37 48
2 74 2 57 74
49 67 49 51 67
63 80 63 80
16 35 16 28 35
19 38 19 38
16 74 16 38 41 59 64 68 74
37 82 37 52 64 68 74 82
36 49 36 37 49
37 49 37 49
36 82 36 59 66 71 82
6 76 6 16 44 64 68 69 76
0 35 0 13 28 35
37 72 37 72
7 21 7 14 19 21
33 72 33 39 58 67 72
37 52 37 48 52
6 48 6 24 27 29 36 37 48
15 76 15 76
6 77 6 16 23 44 53 77
4 60 4 60
6 50 6 16 29 36 50
16 89 16 31 43 47 67 72 78 84 89
20 51 20 26 38 42 51
24 62 24 43 62
25 85 25 35 56 82 85
48 66 48 54 59 66
8 33 8 9 17 25 33
24 62 24 29 43 62
31 62 31 43 62
5 77 5 36 48 54 59 66 77
15 79 15 30 44 79
18 59 18 21 59
17 58 17 58
4 79 4 23 44 55 79
42 75 42 51 58 61 75
50 59 50 59
2 21 2 14 19 21
13 71 13 20 32 66 71
19 39 19 21 26 28 35 39
13 86 13 28 35 72 86
17 70 17 20 26 38 70
24 60 24 29 36 37 49 51 60
31 84 31 43 62 72 78 84
6 39 6 30 39
49 68 49 51 58 64 68
6 85 6 40 63 82 85
60 77 60 66 77
50 60 50 60
18 43 18 22 31 43
7 86 7 49 72 86
21 73 21 42 51 58 67 73
26 88 26 75 82 85 88
7 29 7 27 29
13 38 13 26 38
77 89 77 89
0 53 0 24 43 44 53
15 70 15 22 31 43 70
0 73 0 24 27 29 48 54 67 73
22 61 22 43 44 55 58 61
12 81 12 29 48 54 72 78 81
30 65 30 44 55 57 63 65
52 80 52 80
20 49 20 26 38 41 49
43 44 43 44
9 83 9 17 33 52 67 72 78 81 83
22 89 22 33 37 48 72 78 84 89
19 35 19 21 26 28 35
54 86 54 86
45 84 45 67 72 78 84
22 73 22 34 44 55 67 73
3 67 3 16 28 35 39 58 67
32 54 32 48 54
38 59 38 42 51 59
18 43 18 22 31 43
24 74 24 50 59 64 68 74
23 48 23 25 33 37 48
23 54 23 37 48 54
34 52 34 48 52
48 88 48 54 86 88
6 77 6 24 30 41 59 66 77
54 84 54 72 78 84
26 63 26 55 57 63
44 64 44 64
33 52 33 37 52
58 75 58 61 75
23 84 23 78 84
8 37 8 28 37
11 21 11 21
27 68 27 44 64 68
12 55 12 29 36 43 44 55
81 83 81 83
70 89 70 72 78 84 89
47 89 47 77 89
12 66 12 60 66
5 53 5 36 43 44 53
5 42 5 6 18 21 42
0 35 0 20 26 28 35
3 58 3 16 44 55 58
38 60 38 41 50 51 60
20 77 20 32 47 77
56 82 56 82
14 25 14 25
27 44 27 44
12 41 12 17 20 30 41
27 57 27 44 55 57
10 47 10 24 43 47
23 80 23 32 47 80
15 82 15 30 34 48 54 75 82
54 80 54 75 80
1 30 1 2 9 20 30
7 59 7 29 36 59
8 28 8 28
54 86 54 67 72 86
1 80 1 3 14 19 38 41 63 80
66 89 66 78 84 89
36 72 36 37 51 67 72
5 79 5 6 79
47 73 47 67 73
43 52 43 52
0 45 0 13 24 30 34 45
7 88 7 29 70 86 88
23 87 23 57 72 87
27 61 27 58 61
50 64 50 59 64
20 35 20 26 28 35
2 83 2 78 81 83
0 86 0 59 64 86
17 71 17 60 66 71
32 44 32 44
14 70 14 31 43 70
0 74 0 13 64 68 74
22 56 22 31 56
10 17 10 17
46 89 46 77 89
3 38 3 9 13 20 26 38
12 26 12 17 20 26
20 51 20 26 28 41 49 51
24 88 24 71 88
0 20 0 13 20
19 62 19 33 62
28 73 28 41 67 73
20 67 20 26 42 51 58 67
44 53 44 53
4 27 4 13 24 27
4 89 4 77 89
20 67 20 30 41 67
17 36 17 29 36
48 64 48 52 64
5 85 5 75 82 85
26 46 26 42 46
42 46 42 46
22 61 22 33 49 51 58 61
70 78 70 72 78
18 65 18 22 33 37 40 63 65
38 41 38 41
58 87 58 67 72 87
51 58 51 58
21 72 21 26 55 58 67 72
6 80 6 44 53 80
60 78 60 66 78
21 84 21 58 67 72 78 84
29 81 29 81
18 31 18 22 31
33 74 33 51 58 68 74
11 78 11 33 52 67 72 78
0 72 0 27 29 43 62 72
9 33 9 17 33
31 55 31 43 44 55
4 23 4 23
19 78 19 56 62 72 78
3 32 3 9 20 32
0 71 0 45 52 64 71
27 82 27 72 82
54 84 54 72 78 84
16 81 16 80 81
87 88 87 88
80 81 80 81
25 53 25 38 41 53
30 49 30 41 49
79 89 79 84 89
42 70 42 70
0 38 0 10 17 20 26 38
32 83 32 53 80 83
19 35 19 21 26 28 35
7 63 7 57 63
47 61 47 61
50 71 50 60 66 71
10 82 10 24 71 82
4 35 4 8 9 20 26 28 35
33 71 33 39 58 64 71
23 32 23 32
55 73 55 67 73
64 71 64 71
25 42 25 38 42
20 56 20 56
33 52 33 37 48 52
7 50 7 27 29 36 50
5 84 5 70 72 78 84
14 31 14 31
43 83 43 64 81 83
14 45 14 34 45
31 44 31 43 44
14 78 14 78
53 87 53 77 87
22 56 22 31 56
15 82 15 58 64 82
28 77 28 41 50 51 60 66 77
45 55 45 55
18 67 18 22 43 47 67
39 76 39 76
54 81 54 59 64 81
20 37 20 26 28 37
59 77 59 66 77
15 60 15 22 33 37 51 60
22 82 22 34 44 64 68 74 82
41 53 41 53
7 52 7 29 36 48 52
16 46 16 23 25 33 46
18 44 18 20 30 34 44
62 74 62 74
45 75 45 54 75
8 87 8 34 48 54 72 87
18 42 18 20 26 38 42
20 60 20 26 42 51 60
3 62 3 15 26 28 35 56 62
50 71 50 51 59 64 71
17 86 17 29 48 72 86
36 50 36 50
70 86 70 86
3 38 3 14 19 38
41 63 41 57 63
31 77 31 43 47 77
47 80 47 80
35 39 35 39
54 64 54 59 64
38 69 38 42 51 64 69
32 80 32 53 80
19 46 19 38 42 46
9 79 9 20 32 44 55 79
30 86 30 34 44 64 86
15 56 15 26 28 35 56
31 56 31 56
24 64 24 50 59 64
17 73 17 52 67 73
37 49 37 49
37 84 37 59 66 78 84
37 64 37 40 64
12 75 12 50 51 58 61 75
51 86 51 59 86
64 69 64 69
24 36 24 29 36
10 34 10 24 30 34
13 83 13 20 66 78 81 83
67 78 67 72 78
30 49 30 41 49
19 46 19 21 42 46
42 57 42 57
47 73 47 67 73
25 68 25 38 42 51 64 68
34 86 34 59 86
41 71 41 49 51 59 71
25 76 25 40 68 69 76
49 72 49 72
62 85 62 63 82 85
46 77 46 77
29 70 29 70
12 17 12 17
1 9 1 3 9
5 59 5 36 48 54 59
22 53 22 43 44 53
0 38 0 13 20 26 38
0 74 0 24 30 39 58 64 68 74
7 14 7 14
15 58 15 22 31 43 44 55 58
17 43 17 29 43
68 88 68 74 82 85 88
42 66 42 51 59 66
28 56 28 35 56
5 6 5 6
67 89 67 72 78 84 89
32 75 32 44 55 61 75
2 58 2 33 39 58
19 33 19 33
1 54 1 7 14 25 33 37 48 54
7 63 7 42 57 63
4 58 4 41 50 51 58
85 88 85 88
27 88 27 88
11 35 11 21 26 28 35
23 25 23 25
5 41 5 6 15 21 26 38 41
29 58 29 36 43 44 55 58
10 28 10 17 20 26 28
2 71 2 56 64 71
50 58 50 51 58
64 68 64 68
39 65 39 65
0 74 0 10 17 52 64 68 74
7 73 7 42 51 67 73
33 62 33 62
3 76 3 16 44 55 58 64 68 69 76
45 51 45 50 51
37 72 37 72
2 28 2 9 13 26 28
19 56 19 56
18 70 18 21 42 70
9 24 9 24
16 29 16 29
17 78 17 58 67 72 78
33 62 33 62
0 10 0 10
22 84 22 25 38 70 72 78 84
18 25 18 22 25
29 77 29 48 54 59 77
11 78 11 70 72 78
1 7 1 7
34 81 34 79 81
8 63 8 40 63
54 81 54 75 80 81
4 88 4 8 41 79 81 83 88
70 81 70 72 78 81
0 25 0 10 17 25
41 57 41 57
3 86 3 9 24 43 62 72 86
2 14 2 14
55 84 55 84
7 28 7 28
41 67 41 67
10 34 10 30 34
38 74 38 42 62 74
43 73 43 44 73
6 33 6 15 22 25 33
0 55 0 24 43 44 55
44 69 44 55 58 68 69
20 78 20 30 48 72 78
34 88 34 45 64 82 85 88
7 40 7 14 19 21 40
55 69 55 58 68 69
23 32 23 32
27 88 27 70 72 88
72 87 72 87
16 74 16 23 68 74
51 77 51 59 66 77
8 30 8 9 24 30
20 26 20 26
20 26 20 26
18 87 18 72 87
46 89 46 77 89
30 65 30 48 54 59 65
8 33 8 9 17 25 33
71 85 71 82 85
25 40 25 40
29 53 29 43 44 53
4 17 4 8 9 17
25 57 25 57
10 38 10 17 25 38
18 75 18 21 58 61 75
34 44 34 44
25 53 25 38 41 53
20 50 20 30 41 50
6 30 6 30
25 87 25 38 60 66 77 87
36 60 36 37 49 51 60
7 88 7 69 87 88
18 35 18 22 25 35
39 89 39 58 77 89
12 81 12 66 78 81
20 65 20 55 57 63 65
18 76 18 20 39 58 64 69 76
55 73 55 67 73
6 39 6 15 26 28 35 39
12 25 12 17 25
21 28 21 26 28
79 83 79 81 83
52 83 52 64 81 83
19 37 19 33 37
19 33 19 33
26 76 26 42 51 59 64 69 76
40 85 40 63 82 85
38 69 38 60 69
28 49 28 49
74 82 74 82
9 27 9 13 24 27
51 64 51 58 64
43 53 43 44 53
54 82 54 67 72 82
13 70 13 36 43 70
6 73 6 15 22 34 48 54 67 73
2 36 2 9 13 36
28 86 28 64 86
30 82 30 39 58 61 75 82
72 85 72 82 85
44 73 44 55 67 73
8 44 8 34 44
20 77 20 26 38 42 51 58 77
62 65 62 63 65
67 84 67 72 78 84
27 68 27 58 64 68
6 80 6 16 31 56 62 63 80
2 9 2 9
5 46 5 6 18 20 26 38 42 46
18 21 18 21
7 50 7 27 29 36 50
50 69 50 60 69
6 28 6 16 28
26 68 26 38 41 50 51 64 68
58 68 58 68
28 63 28 35 56 62 63
0 34 0 24 30 34
20 68 20 32 48 52 64 68
14 84 14 78 84
55 69 55 58 68 69
9 41 9 24 30 41
56 89 56 62 72 78 84 89
24 79 24 55 79
29 81 29 43 64 81
8 74 8 41 49 51 59 64 68 74
1 87 1 49 69 87
28 58 28 41 50 51 58
20 83 20 30 53 80 83
33 54 33 37 48 54
13 38 13 26 38
16 73 16 44 73
22 51 22 33 37 51
54 64 54 59 64
22 54 22 34 45 54
55 57 55 57
4 52 4 23 32 48 52
52 77 52 77
53 87 53 77 87
7 63 7 28 37 40 63
37 81 37 52 80 81
12 55 12 44 55
13 85 13 72 82 85
36 57 36 55 57
42 69 42 51 60 69
6 40 6 17 25 40
6 45 6 17 20 30 34 45
2 82 2 9 17 25 38 41 50 60 66 71 82
1 88 1 2 57 78 84 88
59 71 59 66 71
30 54 30 34 48 54
67 72 67 72
33 61 33 61
12 55 12 45 55
38 70 38 41 70
26 40 26 28 37 40
13 76 13 68 69 76
10 88 10 52 71 88
49 69 49 69
32 76 32 58 64 68 69 76
16 29 16 29
10 36 10 24 29 36
22 83 22 43 47 80 83
24 43 24 27 29 36 43
23 58 23 44 55 58
51 75 51 58 61 75
15 51 15 26 42 51
4 41 4 23 25 38 41
54 80 54 75 80
6 50 6 24 29 36 50
11 38 11 20 26 38
1 24 1 3 9 13 24
14 42 14 19 21 26 42
15 30 15 30
75 80 75 80
39 69 39 69
50 71 50 51 60 66 71
67 85 67 72 82 85
18 43 18 22 31 43
49 84 49 72 78 84
30 52 30 48 52
15 76 15 21 59 64 69 76
29 73 29 36 43 47 67 73
14 80 14 31 43 80
47 61 47 61
16 73 16 29 43 44 55 67 73
25 87 25 57 72 87
36 88 36 50 82 85 88
21 73 21 58 67 73
28 69 28 64 68 69
6 55 6 18 20 55
14 50 14 25 38 41 50
21 71 21 40 64 71
1 22 1 3 15 22
15 35 15 26 28 35
70 78 70 72 78
44 73 44 55 58 67 73
5 57 5 36 43 44 55 57
66 82 66 71 82
3 66 3 30 34 48 54 59 66
11 57 11 21 42 57
13 28 13 20 26 28
55 73 55 58 67 73
24 59 24 27 29 48 54 59
25 63 25 35 56 62 63
15 62 15 21 26 28 35 56 62
14 89 14 31 43 77 89
8 63 8 28 35 56 62 63
41 79 41 79
9 13 9 13
12 75 12 75
21 26 21 26
18 51 18 21 26 38 41 50 51
39 78 39 58 67 72 78
35 84 35 59 66 78 84
41 53 41 53
50 87 50 60 66 77 87
8 33 8 9 17 25 33
13 71 13 49 51 59 71
2 49 2 14 28 41 49
19 58 19 33 37 49 51 58
30 53 30 53
49 51 49 51
20 40 20 40
56 89 56 62 72 78 84 89
31 86 31 43 64 86
45 51 45 50 51
39 78 39 58 67 72 78
3 9 3 9
24 43 24 43
68 88 68 74 82 85 88
18 88 18 20 88
31 77 31 43 52 77
64 86 64 86
36 55 36 55
25 49 25 38 41 49
21 86 21 26 28 37 59 64 86
6 29 6 27 29
28 37 28 37
17 57 17 32 44 55 57
10 66 10 24 30 41 50 59 66
2 68 2 23 32 44 64 68
47 87 47 77 87
45 68 45 64 68
22 41 22 25 38 41
2 64 2 56 64
6 32 6 16 23 32
25 84 25 79 84
41 76 41 50 51 64 69 76
6 31 6 16 31
34 86 34 79 86
44 55 44 55
40 78 40 78
41 69 41 50 59 69
23 33 23 25 33
25 76 25 33 52 64 68 69 76
14 19 14 19
33 39 33 39
39 69 39 58 68 69
24 29 24 27 29
7 50 7 28 41 50
83 88 83 88
34 83 34 48 75 80 81 83
4 87 4 60 66 77 87
49 67 49 51 67
22 75 22 43 47 61 75
26 67 26 28 49 51 67
20 86 20 39 58 64 86
54 64 54 59 64
69 76 69 76
3 48 3 37 48
23 66 23 32 66
3 33 3 9 17 33
37 64 37 52 64
6 55 6 15 22 31 43 44 55
37 75 37 49 51 58 61 75
5 46 5 6 15 26 28 46
62 80 62 63 80
32 77 32 66 77
30 70 30 41 70
13 47 13 24 29 43 47
37 40 37 40
54 64 54 59 64
3 48 3 27 29 48
1 60 1 49 51 60
19 42 19 21 42
35 56 35 56
3 27 3 9 13 24 27
47 88 47 67 72 88
9 50 9 50
17 60 17 60
21 77 21 26 28 49 51 59 77
22 59 22 25 38 42 51 59
1 76 1 39 76
35 75 35 39 58 61 75
18 39 18 22 33 39
11 54 11 21 26 28 37 48 54
79 86 79 86
4 17 4 8 9 17
80 81 80 81
22 54 22 34 45 54
38 73 38 42 51 67 73
32 72 32 48 72
2 87 2 56 62 72 87
2 54 2 14 25 33 37 48 54
4 86 4 8 40 64 86
6 83 6 30 53 80 83
20 63 20 55 57 63
36 43 36 43
16 28 16 28
52 89 52 77 89
19 85 19 43 64 82 85
2 21 2 14 19 21
44 84 44 78 84
29 79 29 43 44 79
24 78 24 29 36 66 78
37 84 37 52 78 84
3 69 3 27 29 48 54 59 64 68 69
54 69 54 59 64 68 69
36 48 36 37 48
0 89 0 47 77 89
15 37 15 21 26 28 37
58 67 58 67
28 40 28 37 40
1 68 1 13 68
25 61 25 38 41 49 51 58 61
39 84 39 58 67 72 78 84
30 34 30 34
38 79 38 41 79
10 34 10 24 30 34
13 84 13 28 35 39 58 67 72 78 84
40 68 40 68
21 75 21 58 61 75
32 86 32 86
1 48 1 13 28 37 48
12 17 12 17
4 26 4 13 20 26
15 44 15 30 34 44
41 72 41 70 72
32 85 32 44 64 68 74 85
16 28 16 28
41 65 41 65
15 82 15 30 41 59 64 71 82
32 48 32 48
6 67 6 15 21 26 55 67
36 82 36 59 71 82
25 82 25 35 72 82
51 88 51 64 82 85 88
23 37 23 37
12 84 12 72 78 84
5 88 5 70 82 85 88
5 33 5 6 15 22 33
8 45 8 34 45
75 88 75 82 85 88
36 59 36 50 51 59
4 62 4 23 35 56 62
17 38 17 20 26 38
51 74 51 59 64 68 74
45 77 45 50 60 66 77
27 60 27 29 36 60
0 36 0 13 29 36
6 88 6 18 20 26 80 83 88
6 30 6 17 20 30
44 79 44 79
37 84 37 49 72 78 84
12 45 12 17 20 30 34 45
27 43 27 29 36 43
0 13 0 13
13 70 13 29 36 43 70
54 72 54 72
2 21 2 14 19 21
42 80 42 51 58 61 75 80
18 28 18 21 26 28
5 89 5 72 78 84 89
0 26 0 20 26
23 65 23 44 55 57 63 65
0 64 0 59 64
11 70 11 21 42 70
40 74 40 64 68 74
82 85 82 85
17 68 17 20 30 34 48 52 64 68
26 83 26 55 57 72 78 81 83
16 47 16 23 32 47
7 69 7 29 48 54 59 64 69
67 72 67 72
32 80 32 47 80
54 87 54 72 87
11 80 11 35 63 80
13 26 13 26
7 76 7 40 64 68 69 76
24 83 24 50 51 64 81 83
54 69 54 59 69
44 73 44 73
41 85 41 67 72 82 85
34 45 34 45
10 48 10 17 32 48
11 26 11 21 26
51 84 51 60 66 78 84
16 23 16 23
56 80 56 62 63 80
3 64 3 64
11 68 11 68
1 25 1 3 15 22 25
59 82 59 71 82
55 80 55 57 63 80
48 74 48 54 59 64 68 74
43 74 43 62 74
51 61 51 58 61
13 28 13 28
11 72 11 21 58 67 72
55 84 55 84
16 74 16 31 56 74
3 83 3 64 81 83
45 66 45 54 59 66
51 88 51 58 61 88
56 80 56 62 63 80
22 83 22 33 78 81 83
43 70 43 70
17 89 17 58 67 72 78 84 89
32 76 32 48 54 59 69 76
7 88 7 28 77 88
43 85 43 70 72 82 85
22 50 22 25 38 41 50
9 82 9 20 30 54 59 66 71 82
12 33 12 17 33
0 77 0 59 66 77
36 51 36 50 51
2 58 2 33 49 51 58
1 3 1 3
13 76 13 24 27 29 43 52 64 69 76
7 56 7 14 19 21 26 28 35 56
6 39 6 17 20 39
26 28 26 28
38 59 38 41 49 51 59
42 61 42 51 58 61
6 65 6 30 34 59 65
32 58 32 44 55 58
67 89 67 72 78 84 89
17 70 17 29 36 43 70
10 45 10 30 34 45
7 69 7 32 58 64 69
13 26 13 20 26
45 59 45 54 59
21 28 21 26 28
5 70 5 6 30 41 70
32 75 32 44 55 61 75
55 86 55 86
33 67 33 67
17 42 17 25 38 42
17 53 17 20 26 38 41 53
6 75 6 18 20 32 58 61 75
54 73 54 73
10 26 10 17 20 26
30 73 30 39 58 67 73
32 55 32 44 55
2 56 2 56
6 15 6 15
37 58 37 49 51 58
8 62 8 62
17 71 17 32 66 71
17 60 17 29 36 37 51 60
9 47 9 24 27 29 36 43 47
39 78 39 58 67 72 78
51 71 51 64 71
11 33 11 33
17 43 17 29 43
7 64 7 14 25 38 41 50 59 64
49 68 49 51 59 64 68
14 68 14 19 56 64 68
20 65 20 32 48 54 59 65
68 88 68 69 87 88
18 70 18 22 25 38 70
25 64 25 40 64
44 84 44 79 84
57 72 57 72
29 60 29 36 37 49 51 60
24 78 24 43 62 72 78
14 87 14 68 69 87
27 44 27 29 43 44
16 42 16 38 42
19 85 19 38 85
56 89 56 78 84 89
5 50 5 6 24 50
21 71 21 58 64 71
49 80 49 51 58 61 75 80
16 71 16 29 43 52 71
18 75 18 21 26 28 35 39 58 61 75
29 67 29 43 47 67
3 33 3 9 17 33
30 50 30 34 45 50
30 87 30 53 77 87
24 58 24 50 51 58
81 88 81 83 88
26 81 26 38 42 70 72 78 81
50 84 50 51 60 66 78 84
70 88 70 82 85 88
50 81 50 59 64 81
20 32 20 32
61 75 61 75
20 58 20 26 55 58
17 35 17 20 26 28 35
18 62 18 20 26 28 35 56 62
45 75 45 75
17 67 17 25 35 39 58 67
2 52 2 14 28 37 48 52
49 51 49 51
6 28 6 17 20 26 28
34 50 34 45 50
44 53 44 53
33 37 33 37
18 54 18 20 26 28 37 48 54
15 44 15 22 43 44
29 51 29 36 37 49 51
15 35 15 26 28 35
4 79 4 30 41 79
5 85 5 6 37 48 52 64 82 85
15 28 15 21 26 28
10 45 10 24 30 34 45
38 41 38 41
3 58 3 16 23 49 51 58
34 77 34 48 52 77
42 62 42 62
12 42 12 17 20 26 38 42
15 58 15 26 55 58
28 37 28 37
24 87 24 30 34 44 64 69 87
42 57 42 57
62 84 62 72 78 84
43 57 43 44 55 57
1 68 1 19 21 40 64 68
9 73 9 50 51 67 73
16 41 16 23 25 38 41
38 59 38 42 51 59
63 81 63 80 81
6 17 6 17
14 34 14 34
23 79 23 25 38 41 79
50 84 50 60 66 78 84
18 58 18 20 32 44 55 58
62 83 62 63 83
45 83 45 50 51 60 66 78 81 83
58 68 58 64 68
0 26 0 13 26
52 80 52 80
38 88 38 85 88
24 49 24 29 36 37 49
54 78 54 67 72 78
51 61 51 58 61
24 49 24 29 36 37 49
10 66 10 30 34 59 66
16 83 16 40 64 81 83
30 84 30 53 84
7 39 7 14 25 33 39
9 24 9 13 24
9 82 9 50 60 82
79 89 79 84 89
66 82 66 71 82
77 89 77 89
5 39 5 6 17 33 39
25 54 25 33 37 48 54
21 35 21 26 28 35
7 39 7 28 35 39
5 26 5 6 17 20 26
72 86 72 86
72 85 72 82 85
19 35 19 21 26 28 35
3 14 3 14
24 55 24 29 36 55
4 66 4 8 28 37 51 59 66
64 88 64 69 87 88
25 40 25 40
48 86 48 72 86
54 64 54 59 64
29 53 29 43 44 53
42 51 42 51
21 46 21 26 42 46
15 63 15 22 25 62 63
23 55 23 55
52 78 52 78
22 53 22 31 43 44 53
55 61 55 58 61
0 45 0 13 24 30 34 45
60 69 60 69
28 63 28 37 40 63
8 88 8 34 44 78 84 88
55 78 55 67 72 78
16 87 16 68 69 87
0 86 0 10 48 54 86
49 69 49 51 58 68 69
33 51 33 51
40 76 40 68 69 76
66 83 66 78 81 83
68 69 68 69
14 59 14 59
18 54 18 21 26 28 37 48 54
28 73 28 41 50 51 58 67 73
80 81 80 81
25 82 25 62 72 82
1 89 1 89
28 40 28 37 40
30 61 30 48 61
19 49 19 21 26 38 41 49
12 68 12 45 50 51 59 64 68
46 87 46 77 87
69 87 69 87
7 62 7 43 62
24 80 24 43 62 63 80
30 70 30 41 70
22 66 22 59 66
31 84 31 56 62 72 78 84
7 50 7 28 41 50
22 50 22 34 45 50
27 75 27 44 55 58 61 75
2 39 2 9 20 26 28 35 39
48 88 48 52 77 87 88
0 13 0 13
5 66 5 36 50 60 66
9 62 9 62
35 62 35 56 62
33 52 33 37 52
2 50 2 23 25 38 41 50
56 80 56 62 63 80
20 59 20 32 48 54 59
27 75 27 58 61 75
45 64 45 55 58 64
32 75 32 48 75
20 68 20 55 58 68
29 77 29 36 37 59 66 77
22 57 22 25 57
23 88 23 55 86 88
24 52 24 43 52
31 86 31 56 62 72 86
63 82 63 82
58 76 58 64 69 76
67 89 67 72 78 84 89
17 60 17 33 49 51 60
6 54 6 16 29 48 54
5 50 5 6 17 29 36 50
13 27 13 24 27
52 67 52 67
12 33 12 17 33
12 46 12 17 20 26 42 46
7 84 7 32 66 78 84
12 72 12 45 50 51 67 72
23 81 23 79 81
35 66 35 59 66
62 72 62 72
16 89 16 29 48 54 67 72 78 84 89
24 43 24 27 29 36 43
15 47 15 22 31 43 47
22 84 22 25 33 78 84
3 59 3 30 48 54 59
13 68 13 29 43 44 55 58 64 68
23 46 23 25 33 46
1 27 1 2 9 24 27
23 25 23 25
29 75 29 75
64 86 64 86
49 80 49 51 80
47 73 47 67 73
10 88 10 52 71 88
6 30 6 15 30
8 37 8 9 13 28 37
67 73 67 73
27 66 27 29 48 54 59 66
12 49 12 27 29 36 37 49
22 38 22 25 38
4 26 4 13 26
18 89 18 34 48 52 89
31 69 31 56 64 68 69
49 66 49 51 59 66
18 35 18 21 26 28 35
58 76 58 68 69 76
67 84 67 72 78 84
4 85 4 49 72 82 85
45 73 45 50 51 58 67 73
17 63 17 33 62 63
23 84 23 32 58 67 72 78 84
10 70 10 24 43 70
42 51 42 51
12 82 12 45 52 67 72 82
9 42 9 17 20 26 42
15 56 15 21 26 28 35 56
21 49 21 26 28 41 49
6 20 6 18 20
52 67 52 67
54 72 54 67 72
12 27 12 27
29 69 29 48 54 59 64 69
14 31 14 31
8 73 8 41 67 73
46 89 46 77 89
39 65 39 65
27 59 27 29 36 50 51 59
0 51 0 13 29 36 50 51
50 51 50 51
0 77 0 45 55 58 77
25 59 25 35 59
37 80 37 52 80
22 49 22 33 49
29 80 29 48 54 75 80
26 40 26 28 37 40
3 86 3 37 52 64 86
17 73 17 20 26 55 58 67 73
34 69 34 59 69
34 65 34 59 65
14 57 14 25 38 42 57
1 27 1 13 24 27
28 87 28 46 77 87
16 46 16 28 46
68 74 68 74
3 81 3 58 67 72 78 81
33 71 33 39 58 64 71
6 63 6 16 31 43 62 63
22 75 22 43 47 75
12 33 12 17 25 33
9 88 9 57 82 85 88
50 84 50 59 66 78 84
16 83 16 23 78 81 83
67 88 67 72 78 84 88
58 82 58 61 75 82
4 9 4 8 9
7 84 7 57 78 84
72 82 72 82
26 28 26 28
46 77 46 77
49 66 49 51 59 66
79 89 79 84 89
55 86 55 86
12 61 12 17 29 43 47 61
68 88 68 74 82 85 88
9 20 9 13 20
8 44 8 34 44
17 73 17 20 39 58 67 73
12 54 12 45 54
34 45 34 45
13 32 13 20 32
26 89 26 67 72 78 84 89
26 83 26 67 72 78 81 83
13 47 13 29 36 43 47
41 71 41 70 71
63 85 63 82 85
43 74 43 44 55 57 74
68 88 68 69 87 88
54 82 54 75 82
0 24 0 13 24
19 86 19 38 42 57 72 86
0 47 0 20 32 47
13 62 13 20 56 62
21 86 21 42 57 72 86
30 73 30 44 55 58 67 73
1 19 1 19
57 72 57 72
22 54 22 33 37 48 54
30 54 30 34 45 54
35 59 35 59
66 71 66 71
24 77 24 29 48 54 59 77
24 83 24 29 36 43 47 61 75 80 81 83
9 41 9 17 20 30 41
63 85 63 82 85
8 40 8 40
34 83 34 45 83
0 81 0 10 44 55 58 64 81
9 76 9 13 49 69 76
20 51 20 26 38 42 51
60 66 60 66
41 68 41 50 51 58 64 68
27 85 27 29 43 52 64 82 85
16 61 16 23 44 55 58 61
12 84 12 45 52 78 84
6 16 6 16
17 80 17 33 51 58 61 75 80
45 54 45 54
10 54 10 48 54
41 65 41 65
53 80 53 80
31 86 31 56 62 72 86
1 73 1 2 14 42 51 58 67 73
0 81 0 13 72 78 81
80 83 80 83
45 64 45 64
12 82 12 57 63 82
22 88 22 59 77 88
29 61 29 48 61
34 52 34 45 52
8 66 8 41 59 66
12 44 12 17 29 36 43 44
58 84 58 67 72 78 84
24 30 24 30
11 78 11 33 37 52 78
43 89 43 47 77 89
32 63 32 44 55 57 63
9 20 9 20
8 29 8 9 17 29
13 28 13 28
3 43 3 15 22 31 43
3 38 3 16 23 25 38
27 88 27 29 81 83 88
2 54 2 33 37 48 54
25 49 25 33 37 49
22 87 22 25 57 72 87
22 66 22 25 33 37 51 59 66
27 66 27 29 48 54 59 66
7 52 7 29 36 37 52
14 66 14 59 66
23 49 23 49
42 80 42 62 63 80
28 46 28 46
3 33 3 14 25 33
0 88 0 20 66 83 88
75 83 75 80 81 83
29 54 29 48 54
51 65 51 59 65
37 81 37 72 78 81
5 66 5 6 17 33 51 60 66
8 45 8 34 45
3 43 3 9 24 27 29 43
13 62 13 28 35 56 62
8 49 8 9 17 25 33 49
68 74 68 74
29 62 29 36 43 62
9 40 9 13 20 40
24 68 24 50 59 64 68
18 88 18 22 59 86 88
9 77 9 50 59 77
33 52 33 37 48 52
9 70 9 17 25 38 42 70
15 47 15 22 31 43 47
41 75 41 49 51 58 61 75
22 49 22 25 33 37 49
16 33 16 23 25 33
3 72 3 30 54 72
31 62 31 43 62
2 88 2 57 63 82 85 88
10 28 10 17 20 26 28
0 73 0 27 29 48 52 67 73
17 43 17 29 36 43
6 71 6 31 43 52 71
1 60 1 19 38 42 51 60
21 59 21 26 28 41 50 51 59
0 38 0 20 26 38
64 68 64 68
14 57 14 42 57
2 73 2 9 20 30 41 67 73
2 54 2 33 37 48 54
17 87 17 60 69 87
20 85 20 56 82 85
32 85 32 47 61 75 82 85
3 67 3 16 29 43 47 67
37 67 37 51 67
44 84 44 53 84
52 71 52 71
54 69 54 59 69
10 17 10 17
51 67 51 58 67
56 68 56 64 68
6 16 6 16
45 64 45 54 59 64
85 88 85 88
70 89 70 72 78 84 89
30 85 30 34 45 52 64 82 85
12 87 12 17 52 67 72 87
34 76 34 59 64 69 76
49 66 49 51 59 66
24 55 24 29 43 44 55
70 81 70 81
12 17 12 17
3 36 3 9 17 29 36
59 78 59 66 78
9 20 9 13 20
1 37 1 37
14 67 14 19 21 42 51 58 67
8 34 8 34
35 76 35 56 64 69 76
8 88 8 58 68 69 87 88
15 57 15 30 34 45 55 57
6 73 6 37 48 52 67 73
67 88 67 82 85 88
3 15 3 15
43 63 43 62 63
1 66 1 19 21 26 42 51 60 66
60 87 60 66 77 87
9 24 9 13 24
17 49 17 20 30 41 49
13 26 13 20 26
49 67 49 51 58 67
77 89 77 89
2 42 2 23 25 38 42
25 75 25 33 49 51 58 61 75
2 49 2 9 13 49
20 85 20 40 63 82 85
37 77 37 51 59 77
8 49 8 41 49
39 85 39 85
12 54 12 29 36 48 54
20 59 20 26 42 51 59
6 16 6 16
6 29 6 17 29
0 54 0 45 54
2 80 2 14 28 35 39 58 61 75 80
16 40 16 23 25 40
35 62 35 56 62
71 85 71 82 85
10 70 10 24 43 70
36 64 36 43 52 64
4 85 4 23 37 48 72 82 85
22 89 22 25 38 42 62 72 78 84 89
4 9 4 8 9
2 24 2 9 24
32 58 32 44 55 58
37 65 37 48 54 59 65
58 80 58 61 75 80
24 78 24 50 51 60 66 78
77 88 77 87 88
2 43 2 14 31 43
27 68 27 58 68
14 34 14 34
30 70 30 41 70
52 77 52 77
3 48 3 14 28 37 48
70 84 70 72 78 84
10 75 10 44 55 58 61 75
18 63 18 21 26 55 57 63
25 59 25 35 59
26 89 26 55 58 77 89
31 82 31 68 74 82
19 85 19 43 70 71 82 85
26 46 26 42 46
4 45 4 30 34 45
15 82 15 26 42 51 59 64 71 82
30 34 30 34
9 56 9 20 26 28 35 56
32 59 32 48 54 59
41 86 41 57 72 86
10 88 10 44 64 81 83 88
9 56 9 17 25 35 56
3 17 3 9 17
32 75 32 58 61 75
26 48 26 28 37 48
23 87 23 57 72 87
26 41 26 38 41
42 66 42 51 59 66
13 70 13 24 29 43 70
19 38 19 21 26 38
52 69 52 64 68 69
8 89 8 58 67 72 78 84 89
17 58 17 29 43 44 55 58
64 88 64 86 88
1 44 1 3 15 30 44
33 77 33 46 77
14 56 14 25 35 56
10 77 10 60 66 77
36 87 36 60 66 77 87
8 33 8 9 17 33
6 17 6 17
2 32 2 9 17 32
42 66 42 51 59 66
71 88 71 88
54 72 54 72
36 50 36 50
48 86 48 54 67 72 86
24 58 24 55 58
7 78 7 27 58 67 72 78
15 37 15 21 26 28 37
21 72 21 26 38 41 70 72
27 43 27 29 43
4 66 4 60 66
34 45 34 45
41 85 41 50 59 64 68 74 82 85
42 75 42 51 58 61 75
60 66 60 66
13 70 13 26 28 41 70
36 85 36 48 72 82 85
20 81 20 39 58 61 75 80 81
22 25 22 25
17 40 17 33 37 40
43 78 43 70 72 78
10 66 10 24 29 36 48 54 59 66
0 71 0 20 32 66 71
20 49 20 26 28 37 49
64 88 64 82 85 88
27 70 27 29 36 43 70
60 77 60 66 77
1 47 1 13 36 43 47
34 60 34 45 50 60
16 46 16 28 46
55 67 55 58 67
14 66 14 42 51 59 66
17 69 17 33 37 48 54 59 64 69
5 42 5 6 18 22 25 38 42
44 78 44 55 58 67 72 78
2 65 2 57 63 65
3 76 3 37 76
41 66 41 50 51 60 66
23 78 23 32 48 72 78
63 83 63 80 83
31 86 31 43 44 55 58 64 86
27 82 27 70 82
2 81 2 14 28 35 56 62 63 80 81
8 72 8 58 67 72
22 87 22 25 33 49 51 64 68 69 87
1 26 1 7 14 19 21 26
54 67 54 67
35 88 35 59 71 88
19 86 19 56 64 86
1 2 1 2
25 42 25 38 42
8 34 8 34
12 57 12 57
12 84 12 57 72 78 84
22 84 22 43 47 67 72 78 84
47 87 47 77 87
17 34 17 20 30 34
37 80 37 51 58 61 75 80
36 87 36 43 64 69 87
34 55 34 44 55
3 32 3 16 23 32
24 50 24 50
62 83 62 63 83
12 17 12 17
30 79 30 44 55 79
25 38 25 38
36 72 36 48 52 67 72
36 89 36 60 66 78 84 89
28 49 28 41 49
21 56 21 26 28 35 56
7 14 7 14
37 84 37 59 66 78 84
19 57 19 21 26 55 57
58 76 58 64 68 69 76
56 76 56 64 68 69 76
1 76 1 39 69 76
0 26 0 20 26
70 84 70 72 78 84
10 63 10 30 44 55 57 63
20 60 20 30 34 45 50 60
11 59 11 33 49 51 59
54 67 54 67
18 70 18 20 26 28 41 70
56 74 56 64 68 74
3 32 3 16 23 32
39 67 39 58 67
4 40 4 8 28 37 40
17 52 17 33 37 52
36 83 36 66 83
43 53 43 44 53
45 59 45 54 59
20 87 20 56 62 72 87
0 59 0 45 50 59
20 81 20 39 58 64 81
17 26 17 20 26
33 68 33 49 51 58 64 68
0 50 0 20 26 38 41 50
14 34 14 34
18 58 18 22 31 43 44 55 58
50 51 50 51
36 44 36 43 44
8 40 8 40
18 68 18 21 26 42 51 64 68
32 58 32 44 55 58
18 28 18 21 26 28
75 81 75 80 81
32 65 32 44 55 57 63 65
42 51 42 51
23 44 23 32 44
55 79 55 79
29 64 29 43 44 55 58 64
27 72 27 58 67 72
48 89 48 52 67 72 78 84 89
11 21 11 21
84 88 84 88
28 52 28 37 48 52
38 41 38 41
40 78 40 78
60 78 60 66 78
32 66 32 48 54 59 66
38 46 38 42 46
19 85 19 43 47 61 75 82 85
66 77 66 77
12 84 12 45 57 78 84
3 48 3 14 25 33 37 48
16 38 16 38
9 42 9 17 25 38 42
15 56 15 21 26 28 35 56
26 56 26 28 35 56
52 83 52 64 81 83
18 54 18 22 25 33 37 48 54
85 88 85 88
63 85 63 82 85
26 79 26 28 41 79
56 80 56 62 63 80
74 85 74 85
52 80 52 80
70 81 70 81
59 77 59 66 77
55 58 55 58
41 53 41 53
16 47 16 23 32 47
18 33 18 22 25 33
52 67 52 67
37 77 37 77
35 56 35 56
18 59 18 20 30 54 59
8 42 8 9 17 25 38 42
50 71 50 51 60 66 71
24 83 24 55 58 67 72 78 81 83
27 48 27 29 36 37 48
22 87 22 33 51 59 64 69 87
44 73 44 55 67 73
37 58 37 51 58
13 60 13 26 38 42 51 60
64 69 64 69
22 25 22 25
6 33 6 16 23 25 33
5 70 5 36 43 70
15 25 15 22 25
13 32 13 20 32
67 73 67 73
11 58 11 33 37 51 58
5 36 5 36
47 80 47 80
1 50 1 2 9 17 20 30 41 50
16 42 16 23 25 38 42
66 71 66 71
8 89 8 62 72 78 84 89
33 88 33 78 81 83 88
51 88 51 58 68 69 87 88
7 69 7 27 58 68 69
30 53 30 34 44 53
12 41 12 24 30 41
29 66 29 48 54 59 66
56 71 56 64 71
25 38 25 38
29 67 29 36 43 52 67
59 77 59 77
55 79 55 79
58 76 58 64 68 69 76
79 89 79 84 89
24 80 24 29 75 80
30 53 30 41 53
36 59 36 59
1 53 1 13 24 27 44 53
16 41 16 23 25 38 41
51 67 51 67
27 48 27 29 36 37 48
10 51 10 17 25 33 37 51
51 68 51 64 68
12 20 12 17 20
24 77 24 55 58 77
2 85 2 14 42 51 64 82 85
47 75 47 61 75
75 81 75 80 81
25 86 25 79 86
0 38 0 10 17 20 26 38
8 53 8 34 44 53
45 73 45 73
36 68 36 37 40 64 68
33 67 33 67
0 57 0 24 55 57
17 80 17 33 62 63 80
7 32 7 32
47 67 47 67
0 47 0 24 43 47
34 83 34 44 53 80 83
67 88 67 82 85 88
0 55 0 13 24 55
52 85 52 67 72 82 85
41 75 41 49 51 58 61 75
39 76 39 76
21 50 21 26 28 41 50
25 57 25 57
36 51 36 37 51
41 64 41 59 64
49 76 49 69 76
10 64 10 17 25 40 64
30 50 30 41 50
25 69 25 40 68 69
41 83 41 67 72 78 81 83
22 70 22 43 70
35 62 35 56 62
47 87 47 77 87
1 2 1 2
49 68 49 51 58 64 68
42 70 42 70
29 62 29 43 62
28 77 28 37 51 58 77
1 9 1 3 9
21 73 21 26 67 73
17 86 17 29 43 44 79 86
51 86 51 58 64 86
68 88 68 74 82 85 88
44 79 44 55 79
29 60 29 36 37 51 60
4 56 4 8 9 17 25 35 56
5 73 5 52 67 73
18 63 18 21 26 55 57 63
2 82 2 56 62 74 82
11 78 11 21 58 67 72 78
6 26 6 18 21 26
24 45 24 30 34 45
35 72 35 72
31 82 31 68 74 82
2 54 2 9 20 32 48 54
67 78 67 72 78
33 37 33 37
6 43 6 18 22 43
17 33 17 25 33
21 75 21 26 38 42 51 58 61 75
0 77 0 24 55 58 77
17 36 17 29 36
7 21 7 14 19 21
32 61 32 48 61
31 77 31 43 77
15 61 15 30 48 61
10 61 10 30 39 58 61
44 61 44 55 58 61
17 50 17 29 36 50
9 33 9 17 25 33
72 85 72 82 85
64 76 64 69 76
44 73 44 73
45 83 45 54 72 78 81 83
6 24 6 24
25 79 25 38 41 79
0 26 0 20 26
84 89 84 89
18 25 18 22 25
7 66 7 29 48 54 59 66
54 59 54 59
33 83 33 61 75 80 81 83
85 88 85 88
44 58 44 55 58
15 67 15 30 44 55 58 67
3 34 3 14 34
10 78 10 30 39 58 67 72 78
62 87 62 72 87
5 70 5 36 43 70
53 80 53 80
29 69 29 36 55 58 68 69
35 88 35 72 82 85 88
43 53 43 44 53
51 75 51 58 61 75
10 30 10 24 30
34 65 34 59 65
6 25 6 15 22 25
26 63 26 55 57 63
14 44 14 34 44
48 52 48 52
12 80 12 27 44 55 57 63 80
9 53 9 24 30 53
31 68 31 56 64 68
8 75 8 58 61 75
41 57 41 57
56 65 56 62 65
29 57 29 36 55 57
38 69 38 41 50 51 58 68 69
29 36 29 36
5 20 5 6 18 20
18 44 18 20 32 44
1 27 1 7 27
6 23 6 16 23
23 68 23 55 58 64 68
4 67 4 30 41 49 51 58 67
30 54 30 54
78 81 78 81
37 87 37 72 87
2 65 2 57 63 65
5 66 5 6 27 29 48 54 59 66
1 55 1 7 43 44 55
28 52 28 37 52
17 38 17 20 26 38
56 81 56 62 63 80 81
50 69 50 60 69
3 78 3 37 40 78
51 58 51 58
20 73 20 30 54 67 73
55 84 55 84
45 81 45 52 67 72 78 81
13 44 13 24 27 29 36 43 44
59 66 59 66
28 61 28 35 39 58 61
24 66 24 27 29 36 66
13 27 13 24 27
25 33 25 33
63 65 63 65
12 63 12 17 32 44 55 57 63
23 65 23 37 40 63 65
37 58 37 51 58
24 52 24 43 52
36 68 36 50 51 58 68
18 39 18 20 26 28 35 39
4 79 4 30 34 44 55 79
23 79 23 55 79
5 36 5 6 27 29 36
60 77 60 66 77
50 58 50 51 58
59 65 59 65
4 23 4 23
37 82 37 59 71 82
40 78 40 78
7 68 7 64 68
53 80 53 80
23 67 23 25 35 39 58 67
33 67 33 52 67
9 76 9 24 29 43 44 64 69 76
32 55 32 44 55
5 57 5 36 43 44 55 57
9 70 9 13 29 36 43 70
55 78 55 57 72 78
52 78 52 78
57 88 57 74 85 88
66 77 66 77
4 30 4 8 9 24 30
13 26 13 20 26
4 74 4 74
22 79 22 43 44 79
86 88 86 88
15 60 15 30 41 49 51 60
1 86 1 26 38 70 72 86
10 33 10 17 25 33
14 31 14 31
12 68 12 27 44 55 58 68
41 64 41 59 64
41 60 41 50 60
39 75 39 58 61 75
54 67 54 67
17 47 17 20 32 47
66 71 66 71
0 77 0 45 50 51 59 66 77
43 64 43 64
0 80 0 20 40 63 80
27 58 27 29 43 44 55 58
51 59 51 59
18 41 18 20 26 28 41
7 66 7 27 29 36 66
32 76 32 48 52 64 68 69 76
46 77 46 77
16 44 16 31 43 44
31 68 31 56 64 68
56 62 56 62
53 88 53 84 88
17 89 17 70 72 78 84 89
50 59 50 51 59
23 48 23 32 48
20 58 20 30 41 50 51 58
66 89 66 78 84 89
12 68 12 17 29 36 43 52 64 68
43 80 43 80
41 49 41 49
17 86 17 58 67 72 86
35 56 35 56
79 86 79 86
9 67 9 50 51 67
50 51 50 51
20 39 20 39
38 63 38 41 63
54 72 54 72
23 49 23 37 49
66 83 66 78 81 83
18 54 18 22 33 37 48 54
20 68 20 26 42 51 58 68
23 35 23 25 35
25 40 25 33 37 40
32 72 32 47 67 72
41 68 41 50 59 64 68
36 50 36 50
30 53 30 34 44 53
26 40 26 28 37 40
41 70 41 70
6 32 6 16 23 32
5 17 5 6 17
23 65 23 35 39 65
42 83 42 57 78 81 83
59 78 59 66 78
25 66 25 38 42 51 60 66
33 39 33 39
3 31 3 15 22 31
21 77 21 58 77
4 37 4 23 25 33 37
42 70 42 70
12 61 12 24 29 36 55 61
36 51 36 37 51
22 70 22 43 70
22 54 22 25 33 37 48 54
29 60 29 36 50 51 60
4 86 4 13 72 86
52 76 52 64 69 76
34 48 34 48
12 17 12 17
16 73 16 44 55 67 73
44 55 44 55
12 49 12 24 30 41 49
11 84 11 59 66 78 84
48 61 48 61
62 72 62 72
7 50 7 27 29 36 50
34 88 34 86 88
21 49 21 26 28 49
37 40 37 40
45 54 45 54
2 87 2 33 39 58 68 69 87
52 73 52 67 73
9 47 9 17 32 47
6 69 6 44 55 58 64 69
7 51 7 27 29 36 37 51
0 20 0 10 17 20
3 76 3 9 24 27 44 64 68 69 76
10 88 10 48 52 83 88
67 72 67 72
34 75 34 48 61 75
14 80 14 25 40 63 80
5 44 5 36 43 44
5 59 5 6 16 28 37 48 54 59
10 33 10 17 33
3 58 3 37 49 51 58
22 33 22 25 33
66 71 66 71
3 35 3 9 13 28 35
8 63 8 34 44 55 57 63
7 78 7 32 47 67 72 78
26 88 26 88
19 38 19 38
19 62 19 38 42 62
13 86 13 36 55 57 72 86
9 74 9 50 51 58 68 74
18 70 18 22 43 70
55 78 55 57 72 78
3 76 3 9 24 30 41 49 69 76
27 59 27 29 48 54 59
54 66 54 59 66
19 42 19 21 42
23 32 23 32
20 75 20 26 42 51 58 61 75
3 66 3 30 41 50 60 66
12 26 12 17 20 26
6 67 6 27 44 55 58 67
37 64 37 48 54 59 64
43 89 43 62 72 78 84 89
1 73 1 2 33 39 58 67 73
15 40 15 21 40
33 71 33 39 58 64 71
59 88 59 69 87 88
12 44 12 17 20 30 34 44
26 81 26 28 35 63 80 81
45 54 45 54
17 20 17 20
9 56 9 17 20 26 28 35 56
42 89 42 57 78 84 89
0 64 0 13 36 48 54 59 64
17 73 17 25 35 39 58 67 73
1 87 1 19 21 59 69 87
36 51 36 37 51
32 47 32 47
4 43 4 8 9 13 29 36 43
0 38 0 20 26 38
23 81 23 49 72 78 81
6 66 6 30 34 45 50 51 59 66
24 73 24 27 58 67 73
16 35 16 35
7 73 7 14 31 43 47 67 73
22 43 22 43
10 54 10 34 48 54
13 72 13 20 30 34 44 55 67 72
18 54 18 21 26 28 37 48 54
8 44 8 9 24 29 36 43 44
12 87 12 29 36 66 77 87
19 71 19 56 64 71
4 58 4 8 34 45 55 58
4 8 4 8
6 51 6 30 41 50 51
28 87 28 87
28 81 28 37 49 72 78 81
2 50 2 9 50
20 67 20 30 48 52 67
4 62 4 23 35 56 62
7 64 7 32 44 64
18 28 18 21 26 28
17 36 17 29 36
22 57 22 31 43 44 55 57
21 84 21 58 67 72 78 84
22 34 22 34
23 37 23 25 33 37
15 56 15 22 25 35 56
20 30 20 30
8 34 8 9 20 30 34
7 68 7 14 42 51 58 68
55 61 55 61
59 76 59 64 68 69 76
20 56 20 26 28 35 56
2 64 2 23 44 55 58 64
39 89 39 58 67 72 78 84 89
7 61 7 42 51 58 61
49 84 49 72 78 84
8 37 8 9 20 26 28 37
27 69 27 58 64 69
40 78 40 78
46 77 46 77
25 84 25 33 37 40 78 84
77 88 77 88
48 66 48 54 59 66
0 88 0 57 78 84 88
4 60 4 8 28 37 49 51 60
12 57 12 45 57
12 46 12 17 25 38 42 46
5 84 5 72 78 84
9 76 9 50 59 64 69 76
13 62 13 26 38 42 62
4 62 4 13 26 38 42 62
13 68 13 36 43 44 55 58 64 68
5 20 5 6 18 20
40 64 40 64
12 63 12 29 36 55 57 63
7 64 7 40 64
17 40 17 20 26 28 37 40
72 87 72 87
43 74 43 44 64 68 74
43 65 43 65
77 87 77 87
50 77 50 59 66 77
37 52 37 48 52
1 53 1 7 28 41 53
55 57 55 57
10 51 10 24 27 29 36 37 51
10 75 10 24 27 58 61 75
12 54 12 24 29 36 48 54
58 75 58 61 75
19 82 19 43 52 64 82
1 67 1 3 58 67
12 82 12 24 50 51 64 71 82
3 76 3 9 17 20 40 68 69 76
16 89 16 31 43 44 78 84 89
25 57 25 38 41 57
12 80 12 44 53 80
16 47 16 23 32 47
0 35 0 10 17 25 35
19 82 19 82
18 33 18 22 33
1 76 1 49 51 59 69 76
9 82 9 71 82
26 56 26 28 35 56
8 33 8 9 17 33
5 33 5 6 18 22 33
42 59 42 51 59
25 76 25 33 39 76
50 81 50 51 58 67 72 78 81
23 82 23 25 33 52 64 71 82
34 50 34 45 50
35 84 35 56 62 72 78 84
55 57 55 57
18 67 18 22 31 43 47 67
45 83 45 55 79 81 83
49 75 49 51 58 61 75
64 82 64 71 82
25 81 25 81
57 88 57 63 82 85 88
15 53 15 21 26 28 41 53
50 69 50 59 69
50 82 50 51 64 71 82
2 48 2 9 20 30 48
14 44 14 34 44
20 82 20 30 34 44 64 68 74 82
63 88 63 83 88
55 73 55 67 73
3 89 3 9 50 51 59 66 78 84 89
11 68 11 21 40 68
5 52 5 52
26 28 26 28
5 20 5 6 17 20
2 54 2 14 34 48 54
60 78 60 66 78
21 58 21 58
6 66 6 30 34 59 66
28 69 28 35 39 58 64 68 69
12 68 12 24 43 44 55 58 64 68
54 59 54 59
44 55 44 55
79 81 79 81
26 40 26 28 37 40
28 73 28 49 51 58 67 73
8 58 8 28 41 49 51 58
36 82 36 50 82
8 73 8 58 67 73
20 32 20 32
11 49 11 33 49
27 52 27 29 43 52
58 84 58 67 72 78 84
12 54 12 45 54
0 27 0 27
30 82 30 44 55 61 75 82
1 13 1 13
29 77 29 48 54 59 66 77
6 76 6 54 59 69 76
2 50 2 9 13 28 41 50
50 64 50 59 64
26 74 26 42 57 74
2 28 2 9 17 20 26 28
34 48 34 48
21 49 21 26 38 41 49
13 76 13 68 69 76
10 53 10 34 44 53
55 79 55 79
19 56 19 56
28 56 28 35 56
4 82 4 70 82
8 74 8 58 64 68 74
35 56 35 56
22 33 22 33
31 61 31 43 47 61
40 65 40 63 65
33 39 33 39
17 86 17 32 48 52 64 86
37 67 37 51 58 67
23 65 23 32 48 54 59 65
9 69 9 24 43 64 69
0 34 0 10 34
63 82 63 82
7 63 7 56 62 63
14 39 14 19 21 26 28 35 39
27 82 27 72 82
27 52 27 29 36 37 52
7 51 7 14 42 51
29 62 29 43 62
61 88 61 75 80 81 83 88
4 9 4 8 9
44 79 44 55 79
27 85 27 72 82 85
2 81 2 33 52 64 81
45 50 45 50
61 88 61 75 80 83 88
7 68 7 14 42 51 58 64 68
71 85 71 82 85
3 58 3 15 30 39 58
5 41 5 6 16 23 25 38 41
15 82 15 22 43 62 63 82
7 29 7 29
60 69 60 69
3 42 3 38 42
19 42 19 38 42
11 52 11 33 52
7 39 7 28 35 39
70 81 70 72 78 81
17 43 17 29 36 43
52 77 52 77
57 81 57 78 81
16 58 16 28 49 51 58
7 14 7 14
52 71 52 71
13 60 13 49 51 60
28 85 28 82 85
45 51 45 50 51
16 41 16 38 41
30 57 30 41 57
6 56 6 16 28 35 56
28 83 28 64 81 83
45 82 45 64 82
36 74 36 50 51 64 68 74
17 49 17 25 38 41 49
20 38 20 26 38
23 58 23 55 58
9 61 9 20 39 58 61
62 86 62 72 86
21 85 21 42 51 64 68 74 82 85
36 60 36 50 60
23 54 23 37 48 54
56 64 56 64
25 66 25 33 37 51 60 66
2 83 2 14 42 70 72 78 81 83
36 49 36 37 49
9 41 9 17 20 30 41
6 26 6 18 20 26
25 58 25 35 39 58
10 78 10 60 66 78
7 14 7 14
18 31 18 22 31
26 28 26 28
41 78 41 57 72 78
22 57 22 34 45 55 57
9 62 9 17 25 33 62
68 76 68 69 76
14 19 14 19
30 52 30 48 52
34 77 34 59 66 77
47 89 47 77 89
15 77 15 22 34 44 55 58 77
45 78 45 67 72 78
35 63 35 63
6 39 6 30 39
22 83 22 59 64 81 83
9 84 9 13 26 42 57 72 78 84
45 51 45 50 51
13 77 13 24 77
19 66 19 33 49 51 59 66
50 71 50 59 66 71
27 85 27 29 36 59 64 68 74 82 85
52 80 52 80
1 7 1 7
1 88 1 37 77 88
1 34 1 13 20 30 34
2 86 2 9 20 30 54 86
41 66 41 50 60 66
47 87 47 67 72 87
6 73 6 44 55 67 73
51 60 51 60
10 54 10 17 32 48 54
27 78 27 58 67 72 78
83 88 83 88
45 69 45 54 59 69
38 85 38 85
26 73 26 73
29 73 29 43 47 67 73
1 9 1 2 9
28 37 28 37
20 59 20 30 54 59
54 84 54 59 66 78 84
1 50 1 7 27 29 36 50
8 30 8 9 13 24 30
13 65 13 28 35 56 62 65
9 47 9 20 32 47
32 66 32 48 54 59 66
11 78 11 35 72 78
83 88 83 88
27 79 27 29 36 43 44 55 79
5 72 5 72
2 28 2 14 19 21 26 28
25 51 25 38 42 51
55 57 55 57
52 77 52 77
28 82 28 37 40 68 74 82
14 67 14 42 51 58 67
23 58 23 25 35 39 58
36 89 36 48 54 59 89
16 82 16 35 39 58 61 75 82
6 18 6 18
25 75 25 38 41 49 51 58 61 75
29 78 29 48 54 67 72 78
27 69 27 58 68 69
6 15 6 15
1 53 1 3 27 53
21 66 21 42 51 60 66
34 50 34 45 50
54 89 54 67 72 78 84 89
5 72 5 72
10 38 10 17 25 38
20 52 20 32 48 52
49 75 49 51 58 61 75
67 88 67 82 85 88
16 82 16 31 43 52 71 82
17 70 17 25 38 42 70
24 66 24 50 59 66
21 57 21 42 57
60 78 60 66 78
25 40 25 33 37 40
6 16 6 16
12 32 12 17 32
28 66 28 35 59 66
26 59 26 28 35 59
49 78 49 72 78
22 43 22 43
18 25 18 22 25
0 20 0 13 20
45 74 45 57 74
86 88 86 88
14 67 14 42 51 58 67
42 75 42 51 58 61 75
1 37 1 7 29 36 37
7 64 7 27 29 36 48 52 64
17 54 17 29 48 54
60 66 60 66
64 86 64 86
23 46 23 25 38 42 46
5 88 5 77 87 88
25 75 25 33 39 58 61 75
35 59 35 59
42 62 42 62
26 58 26 28 41 50 51 58
41 86 41 49 72 86
43 80 43 80
28 53 28 41 53
6 70 6 17 70
51 77 51 60 66 77
15 79 15 30 41 79
25 62 25 38 42 62
27 57 27 29 36 43 44 55 57
54 72 54 67 72
1 78 1 49 51 59 66 78
37 58 37 49 51 58
0 25 0 10 17 25
18 68 18 59 64 68
23 48 23 25 33 37 48
8 34 8 34
25 54 25 33 37 48 54
28 69 28 41 50 59 64 69
23 77 23 32 47 77
40 76 40 64 69 76
25 40 25 40
43 83 43 44 64 81 83
21 49 21 26 38 41 49
3 59 3 37 49 51 59
26 52 26 28 37 52
25 69 25 40 64 69
41 68 41 50 59 64 68
8 24 8 9 13 24
8 84 8 41 67 72 78 84
54 80 54 75 80
6 70 6 17 70
37 40 37 40
67 85 67 72 82 85
55 67 55 67
58 82 58 64 71 82
28 86 28 41 79 86
74 82 74 82
17 53 17 29 36 43 44 53
25 69 25 35 39 58 64 68 69
45 57 45 55 57
54 78 54 72 78
66 71 66 71
56 80 56 62 63 80
3 32 3 9 20 32
52 69 52 64 68 69
9 83 9 20 55 79 83
27 70 27 70
28 77 28 37 51 58 77
11 64 11 20 39 58 64
77 88 77 87 88
69 88 69 87 88
44 61 44 55 58 61
6 69 6 24 55 58 68 69
6 44 6 27 29 43 44
5 44 5 6 17 20 30 34 44
11 34 11 20 30 34
64 68 64 68
21 84 21 42 57 72 78 84
58 85 58 64 71 82 85
9 47 9 17 20 32 47
13 54 13 29 48 54
5 53 5 6 30 44 53
18 72 18 20 39 58 67 72
25 33 25 33
6 66 6 27 29 36 59 66
34 50 34 45 50
11 83 11 20 55 57 78 81 83
28 37 28 37
10 85 10 34 48 61 75 82 85
27 84 27 72 78 84
86 88 86 88
42 58 42 51 58
26 38 26 38
5 69 5 52 64 68 69
0 33 0 10 17 25 33
7 29 7 27 29
31 68 31 43 64 68
48 52 48 52
31 76 31 43 64 68 69 76
2 82 2 14 19 38 60 82
41 59 41 59
40 78 40 78
1 60 1 7 49 51 60
20 75 20 39 58 61 75
14 87 14 70 72 87
25 76 25 38 42 51 64 69 76
14 28 14 28
20 55 20 30 34 45 55
51 64 51 64
1 54 1 7 14 19 33 37 48 54
8 28 8 9 17 20 26 28
3 59 3 27 29 48 54 59
24 81 24 55 61 75 80 81
0 20 0 20
3 40 3 15 26 28 37 40
68 88 68 74 82 85 88
43 85 43 70 71 82 85
41 63 41 57 63
6 23 6 16 23
18 87 18 20 66 77 87
4 23 4 23
6 76 6 17 29 48 54 59 64 68 69 76
40 65 40 63 65
2 82 2 82
72 89 72 78 84 89
17 47 17 20 32 47
7 52 7 29 43 52
61 82 61 75 82
11 77 11 77
23 68 23 25 40 64 68
36 65 36 50 59 65
52 71 52 64 71
17 81 17 78 81
45 74 45 50 51 59 64 68 74
5 62 5 36 43 62
16 41 16 38 41
11 72 11 20 56 62 72
33 40 33 37 40
7 43 7 43
8 32 8 9 17 20 32
10 59 10 24 29 48 54 59
1 60 1 26 42 51 60
29 81 29 80 81
4 27 4 13 24 27
13 74 13 28 49 51 64 68 74
27 85 27 44 55 67 82 85
22 87 22 31 68 69 87
2 36 2 9 13 29 36
0 82 0 47 75 82
60 82 60 82
24 66 24 29 48 54 59 66
51 81 51 67 72 78 81
26 68 26 42 51 64 68
2 13 2 9 13
9 37 9 24 27 29 36 37
56 80 56 62 63 80
14 78 14 42 62 72 78
18 88 18 59 64 69 87 88
43 47 43 47
42 58 42 51 58
12 24 12 24
48 88 48 54 86 88
22 43 22 43
18 32 18 20 32
41 80 41 49 51 58 61 75 80
0 74 0 20 56 62 74
54 71 54 59 66 71
4 70 4 30 41 70
6 77 6 30 34 45 50 60 66 77
10 26 10 17 20 26
16 86 16 29 43 64 86
48 88 48 61 88
54 81 54 81
18 79 18 20 26 55 79
38 79 38 41 79
1 54 1 19 21 26 28 37 48 54
21 60 21 26 28 41 50 51 60
17 40 17 20 26 28 37 40
27 85 27 58 61 75 82 85
49 84 49 51 58 67 72 78 84
3 76 3 58 64 69 76
44 64 44 64
26 67 26 38 42 51 67
0 27 0 27
3 85 3 9 24 43 70 71 82 85
33 46 33 46
15 25 15 22 25
2 89 2 9 20 56 62 72 78 84 89
43 78 43 70 72 78
40 78 40 78
64 68 64 68
0 36 0 27 29 36
28 86 28 41 57 72 86
2 64 2 14 42 51 58 64
8 24 8 9 13 24
14 81 14 59 66 78 81
7 51 7 27 29 36 50 51
21 28 21 26 28
22 66 22 25 35 59 66
36 48 36 48
4 57 4 41 57
30 50 30 34 45 50
4 89 4 77 89
16 55 16 44 55
17 36 17 29 36
26 56 26 28 35 56
28 78 28 41 50 60 66 78
29 72 29 70 72
45 77 45 77
22 25 22 25
9 24 9 24
21 56 21 26 28 35 56
43 47 43 47
43 58 43 44 55 58
40 80 40 63 80
24 49 24 29 36 37 49
14 57 14 42 57
21 50 21 26 28 41 50
3 78 3 30 34 44 55 67 72 78
75 81 75 80 81
63 88 63 88
7 66 7 28 41 50 51 59 66
14 21 14 19 21
13 77 13 29 36 48 54 59 77
14 57 14 28 41 57
55 72 55 57 72
20 73 20 55 67 73
13 56 13 20 26 28 35 56
15 63 15 22 25 57 63
36 67 36 50 51 67
4 37 4 23 25 33 37
10 29 10 24 27 29
15 26 15 26
11 88 11 88
0 88 0 57 72 87 88
21 42 21 42
1 89 1 39 58 67 72 78 84 89
3 76 3 15 30 34 48 52 64 69 76
4 78 4 41 70 72 78
8 74 8 41 50 59 64 68 74
42 83 42 62 63 83
40 68 40 64 68
3 42 3 38 42
58 82 58 64 71 82
68 69 68 69
17 70 17 70
10 88 10 60 69 87 88
8 35 8 28 35
10 72 10 52 67 72
15 53 15 26 38 41 53
56 62 56 62
26 63 26 28 35 56 62 63
20 55 20 55
12 57 12 57
31 69 31 68 69
2 64 2 33 51 64
44 85 44 55 61 75 82 85
4 74 4 41 50 51 64 68 74
46 89 46 77 89
25 38 25 38
48 52 48 52
15 44 15 22 31 43 44
6 28 6 18 21 26 28
13 65 13 29 43 65
69 76 69 76
41 79 41 79
50 82 50 60 82
49 88 49 72 82 85 88
8 61 8 34 44 55 58 61
4 43 4 13 24 27 29 43
16 68 16 40 68
33 73 33 67 73
17 69 17 60 69
21 61 21 26 28 35 39 58 61
3 30 3 30
52 67 52 67
29 72 29 48 72
8 54 8 9 20 26 28 37 48 54
56 86 56 64 86
36 72 36 48 54 72
41 78 41 70 72 78
23 55 23 32 44 55
0 24 0 10 24
37 87 37 51 67 72 87
47 89 47 67 72 78 84 89
7 42 7 42
64 76 64 68 69 76
26 48 26 28 37 48
28 60 28 49 51 60
56 80 56 62 63 80
2 61 2 33 51 58 61
43 70 43 70
30 61 30 41 49 51 58 61
0 34 0 13 20 30 34
17 67 17 33 37 52 67
3 42 3 16 38 42
14 45 14 34 45
28 40 28 37 40
58 67 58 67
7 49 7 27 29 36 37 49
52 83 52 64 81 83
36 37 36 37
1 24 1 2 9 13 24
16 87 16 28 35 72 87
15 46 15 21 42 46
29 36 29 36
2 13 2 9 13
5 72 5 72
43 85 43 64 71 82 85
45 82 45 67 82
20 77 20 39 58 77
13 51 13 20 30 41 49 51
6 42 6 15 22 25 38 42
20 88 20 55 86 88
9 29 9 17 29
15 30 15 30
22 85 22 31 68 74 85
7 28 7 14 28
16 23 16 23
34 79 34 79
19 41 19 21 26 28 41
18 31 18 22 31
30 39 30 39
0 27 0 10 24 27
50 58 50 51 58
49 84 49 72 78 84
20 30 20 30
37 85 37 52 67 82 85
29 66 29 48 54 59 66
4 45 4 13 20 30 34 45
2 24 2 9 24
21 61 21 42 51 58 61
13 72 13 20 39 58 67 72
20 67 20 30 39 58 67
48 61 48 61
52 67 52 67
36 43 36 43
31 56 31 56
62 85 62 74 82 85
26 28 26 28
9 88 9 24 80 81 83 88
7 69 7 14 28 68 69
17 40 17 20 40
4 45 4 13 20 30 34 45
17 68 17 33 37 51 58 68
30 34 30 34
4 56 4 8 9 13 26 28 35 56
1 48 1 13 24 29 36 37 48
40 71 40 64 71
40 78 40 78
44 64 44 55 58 64
16 36 16 29 36
22 66 22 25 33 37 48 54 59 66
12 53 12 17 20 32 44 53
10 77 10 48 54 59 66 77
34 44 34 44
1 87 1 2 9 17 58 68 69 87
26 46 26 42 46
39 78 39 58 67 72 78
20 83 20 40 64 81 83
26 56 26 28 35 56
5 72 5 52 67 72
57 83 57 72 78 81 83
32 61 32 48 61
62 86 62 72 86
25 40 25 33 37 40
19 39 19 21 26 28 35 39
20 71 20 66 71
24 81 24 27 72 78 81
51 67 51 67
42 89 42 51 58 77 89
43 80 43 62 63 80
20 88 20 56 62 63 82 85 88
67 72 67 72
29 48 29 36 48
40 80 40 63 80
49 88 49 51 60 66 71 82 85 88
20 66 20 66
8 51 8 28 49 51
25 62 25 33 62
32 53 32 53
34 55 34 44 55
1 3 1 3
56 82 56 82
4 60 4 60
37 48 37 48
17 40 17 25 40
44 79 44 55 79
1 50 1 2 9 17 29 36 50
37 49 37 49
26 55 26 55
27 58 27 58
52 69 52 64 69
20 79 20 55 79
13 37 13 29 36 37
44 85 44 64 68 74 82 85
20 78 20 40 78
26 68 26 42 51 59 64 68
11 70 11 70
10 26 10 17 20 26
14 74 14 25 57 74
17 26 17 20 26
12 81 12 24 43 80 81
47 61 47 61
1 82 1 7 43 62 72 82
12 57 12 45 55 57
16 23 16 23
10 54 10 30 34 45 54
23 84 23 49 51 58 67 72 78 84
10 28 10 17 20 26 28
9 67 9 20 26 42 51 58 67
36 85 36 66 71 82 85
24 55 24 55
15 21 15 21
0 73 0 10 30 44 73
61 75 61 75
3 9 3 9
16 89 16 28 49 72 78 84 89
7 70 7 42 70
6 66 6 30 41 59 66
48 73 48 52 67 73
40 68 40 68
1 64 1 7 43 52 64
6 33 6 15 22 25 33
42 80 42 62 63 80
25 80 25 57 63 80
44 61 44 55 61
22 82 22 33 39 58 64 68 74 82
16 38 16 23 25 38
60 87 60 66 77 87
7 29 7 27 29
59 77 59 77
22 74 22 59 64 68 74
70 86 70 72 86
18 31 18 22 31
22 66 22 34 48 54 59 66
5 53 5 36 43 44 53
21 71 21 26 55 58 64 71
79 86 79 86
30 84 30 34 59 66 78 84
12 26 12 17 20 26
57 63 57 63
13 37 13 20 26 28 37
32 54 32 48 54
6 33 6 17 25 33
21 84 21 40 78 84
59 88 59 71 82 85 88
36 37 36 37
36 66 36 48 54 59 66
7 74 7 62 74
5 50 5 6 16 38 41 50
20 45 20 30 34 45
17 69 17 60 69
15 63 15 30 41 57 63
38 70 38 70
6 66 6 54 59 66
39 89 39 58 77 89
68 74 68 74
7 73 7 29 48 52 67 73
22 49 22 25 33 37 49
7 29 7 27 29
55 84 55 58 67 72 78 84
25 38 25 38
32 63 32 44 55 57 63
54 89 54 59 89
12 25 12 17 25
6 49 6 17 29 36 37 49
28 87 28 68 69 87
24 83 24 43 62 63 83
6 77 6 31 43 47 77
27 53 27 44 53
11 49 11 21 26 28 41 49
22 74 22 31 68 74
4 86 4 49 51 67 72 86
16 81 16 28 49 51 60 66 78 81
0 73 0 47 67 73
23 66 23 49 51 60 66
20 75 20 32 47 75
41 84 41 50 60 66 78 84
22 61 22 31 43 47 61
37 60 37 51 60
59 85 59 66 71 82 85
8 62 8 9 62
62 65 62 65
30 70 30 41 70
35 76 35 59 64 68 69 76
50 73 50 51 67 73
53 80 53 80
5 62 5 36 43 62
1 37 1 3 16 28 37
2 27 2 9 13 24 27
40 69 40 64 69
6 39 6 16 23 35 39
20 47 20 32 47
1 19 1 2 14 19
34 45 34 45
1 71 1 26 55 58 64 71
42 83 42 70 81 83
30 61 30 39 58 61
17 84 17 20 79 84
42 80 42 51 58 61 75 80
55 58 55 58
28 56 28 35 56
12 29 12 17 29
25 68 25 35 56 64 68
29 80 29 75 80
38 59 38 41 59
9 69 9 17 25 40 64 69
7 62 7 28 35 56 62
0 24 0 10 24
62 87 62 72 87
52 64 52 64
3 79 3 16 44 79
26 49 26 28 37 49
19 49 19 21 26 28 41 49
36 44 36 43 44
34 81 34 45 75 80 81
4 17 4 8 9 17
24 68 24 30 54 59 64 68
42 81 42 51 64 81
60 78 60 66 78
38 65 38 41 57 63 65
21 86 21 58 64 86
30 53 30 41 53
36 44 36 43 44
13 85 13 28 35 72 82 85
57 81 57 78 81
41 59 41 59
69 76 69 76
25 54 25 33 37 48 54
28 66 28 35 59 66
29 43 29 43
27 53 27 53
1 86 1 39 58 67 72 86
30 39 30 39
11 39 11 21 26 28 35 39
51 64 51 58 64
10 76 10 17 33 39 76
54 67 54 67
6 51 6 16 29 36 37 49 51
64 74 64 68 74
2 50 2 9 50
4 26 4 8 9 13 20 26
42 83 42 70 72 78 81 83
74 85 74 82 85
59 65 59 65
23 62 23 35 56 62
4 70 4 70
31 43 31 43
77 88 77 88
38 89 38 89
31 56 31 56
6 50 6 16 28 41 50
24 43 24 29 36 43
33 39 33 39
25 86 25 79 86
45 83 45 52 83
6 75 6 15 22 34 48 61 75
3 72 3 16 44 55 58 67 72
23 82 23 82
1 24 1 3 9 13 24
50 82 50 60 82
68 82 68 74 82
3 78 3 58 67 72 78
36 88 36 43 70 72 82 85 88
36 82 36 60 82
12 32 12 17 20 32
8 89 8 40 89
5 41 5 6 17 25 38 41
67 73 67 73
12 54 12 37 48 54
23 44 23 32 44
11 64 11 35 39 58 64
52 86 52 64 86
39 89 39 58 77 89
55 61 55 61
8 89 8 34 44 79 84 89
5 35 5 6 17 25 35
9 88 9 57 63 82 85 88
34 88 34 79 88
49 72 49 51 67 72
32 66 32 48 54 59 66
32 53 32 44 53
23 83 23 44 53 80 83
5 26 5 6 17 20 26
13 20 13 20
2 82 2 9 57 63 82
44 83 44 53 80 81 83
37 81 37 52 78 81
4 23 4 23
29 80 29 75 80
20 50 20 30 34 45 50
12 17 12 17
14 60 14 19 38 42 51 60
4 27 4 13 24 27
24 27 24 27
13 74 13 49 51 58 68 74
18 44 18 34 44
29 73 29 48 52 67 73
34 60 34 45 50 51 60
2 48 2 14 28 37 48
59 76 59 64 69 76
14 84 14 25 57 78 84
18 22 18 22
62 88 62 72 82 85 88
21 77 21 42 51 59 77
26 49 26 28 37 49
57 83 57 63 80 83
21 68 21 58 64 68
29 77 29 43 47 77
33 49 33 37 49
36 44 36 43 44
21 68 21 42 51 58 68
41 70 41 70
33 60 33 49 51 60
3 72 3 37 48 54 67 72
36 82 36 55 61 75 82
6 83 6 24 83
38 46 38 42 46
2 24 2 9 13 24
38 41 38 41
18 65 18 34 45 50 51 59 65
44 61 44 55 58 61
37 51 37 51
21 66 21 59 66
22 53 22 31 43 44 53
15 62 15 26 28 35 56 62
46 88 46 77 87 88
24 77 24 27 58 77
2 68 2 23 44 55 58 68
19 72 19 56 62 72
24 78 24 27 44 78
36 57 36 55 57
21 42 21 42
5 66 5 36 48 54 59 66
12 32 12 17 32
3 85 3 38 70 82 85
33 74 33 62 74
9 13 9 13
14 67 14 19 43 44 55 67
50 67 50 51 58 67
7 50 7 29 36 50
8 81 8 28 35 63 80 81
64 87 64 68 69 87
55 72 55 67 72
8 50 8 34 45 50
4 74 4 74
28 69 28 69
62 80 62 63 80
16 41 16 38 41
6 70 6 30 41 70
0 10 0 10
59 89 59 66 77 89
12 68 12 44 64 68
7 49 7 27 29 36 37 49
21 50 21 26 28 41 50
47 87 47 77 87
10 60 10 24 50 51 60
19 82 19 82
17 57 17 25 38 42 57
64 74 64 68 74
17 36 17 29 36
17 73 17 33 73
37 74 37 52 64 68 74
17 20 17 20
9 47 9 13 24 27 29 43 47
12 20 12 17 20
59 66 59 66
29 60 29 36 50 51 60
77 89 77 89
2 89 2 14 42 46 77 89
49 80 49 51 58 61 75 80
38 89 38 70 72 78 84 89
33 51 33 49 51
7 69 7 56 64 69
10 85 10 52 71 82 85
64 88 64 69 87 88
19 41 19 21 26 38 41
3 14 3 14
63 83 63 83
48 52 48 52
64 74 64 68 74
16 29 16 29
56 89 56 78 84 89
59 64 59 64
16 38 16 38
25 42 25 38 42
42 58 42 51 58
27 48 27 29 48
22 76 22 59 64 69 76
59 69 59 69
5 77 5 77
55 76 55 58 64 68 69 76
2 49 2 14 25 38 41 49
9 27 9 13 24 27
44 53 44 53
39 67 39 58 67
15 45 15 22 34 45
32 54 32 48 54
52 80 52 80
36 89 36 50 51 58 77 89
22 25 22 25
5 87 5 52 77 87
19 85 19 85
14 25 14 25
6 88 6 24 30 41 49 69 87 88
5 17 5 6 17
9 37 9 13 20 26 28 37
52 78 52 67 72 78
15 70 15 30 41 70
28 41 28 41
43 83 43 52 67 72 78 81 83
28 87 28 87
8 32 8 9 20 32
41 80 41 49 51 58 61 75 80
17 81 17 20 55 57 72 78 81
22 25 22 25
0 76 0 10 44 55 58 68 69 76
6 39 6 30 39
22 77 22 59 77
24 39 24 30 39
17 39 17 33 39
3 72 3 15 58 67 72
5 39 5 6 24 30 39
24 73 24 50 51 58 67 73
55 61 55 58 61
2 28 2 14 28
41 85 41 67 72 82 85
8 47 8 9 13 29 43 47
52 71 52 71
7 14 7 14
41 49 41 49
19 58 19 43 44 55 58
3 15 3 15
25 62 25 38 42 62
2 74 2 23 32 58 64 68 74
44 72 44 55 67 72
11 38 11 21 26 38
26 49 26 38 41 49
7 69 7 39 58 68 69
7 86 7 40 64 86
6 73 6 37 49 51 58 67 73
10 61 10 48 61
17 86 17 20 30 39 58 67 72 86
38 66 38 60 66
25 35 25 35
41 78 41 78
6 37 6 17 20 26 28 37
20 63 20 40 63
70 84 70 72 78 84
83 88 83 88
84 89 84 89
17 39 17 25 35 39
27 36 27 29 36
8 35 8 9 13 28 35
24 30 24 30
24 62 24 29 36 43 62
2 68 2 23 37 40 68
0 55 0 27 44 55
12 49 12 24 30 41 49
48 64 48 52 64
2 73 2 14 19 43 44 55 58 67 73
54 64 54 59 64
17 57 17 32 44 55 57
2 57 2 9 20 26 38 42 57
21 46 21 42 46
33 59 33 51 59
34 44 34 44
29 57 29 36 43 44 55 57
24 83 24 43 52 78 81 83
9 33 9 17 33
15 22 15 22
17 50 17 29 36 50
62 84 62 72 78 84
14 50 14 34 45 50
47 61 47 61
52 73 52 67 73
6 28 6 16 28
49 66 49 51 59 66
32 87 32 53 77 87
12 80 12 44 53 80
7 86 7 56 62 72 86
63 82 63 82
6 83 6 40 78 81 83
17 52 17 32 48 52
6 79 6 79
10 46 10 17 25 38 42 46
3 30 3 30
26 51 26 42 51
47 89 47 67 72 78 84 89
4 48 4 8 28 37 48
4 52 4 8 34 48 52
23 62 23 25 35 56 62
36 53 36 43 44 53
47 67 47 67
1 55 1 7 43 44 55
23 32 23 32
1 27 1 2 9 24 27
3 20 3 9 17 20
14 34 14 34
14 68 14 25 35 59 64 68
7 49 7 14 25 38 41 49
0 64 0 24 50 51 58 64
23 25 23 25
39 78 39 58 67 72 78
5 46 5 6 18 21 42 46
40 65 40 63 65
19 33 19 33
26 65 26 55 57 63 65
11 80 11 35 63 80
13 74 13 49 51 64 68 74
47 67 47 67
3 61 3 9 13 28 41 49 51 58 61
2 52 2 14 28 37 48 52
43 84 43 47 67 72 78 84
4 51 4 30 34 45 50 51
8 42 8 9 13 26 38 42
6 71 6 40 64 71
33 74 33 39 58 64 68 74
23 84 23 78 84
22 33 22 33
48 65 48 54 59 65
62 81 62 63 80 81
20 26 20 26
20 50 20 26 38 41 50
7 29 7 29
11 53 11 20 32 44 53
13 29 13 24 29
6 77 6 15 21 59 66 77
36 64 36 43 52 64
47 88 47 77 87 88
44 84 44 79 84
7 50 7 27 29 36 50
10 58 10 34 45 50 51 58
4 26 4 8 9 13 20 26
50 87 50 59 66 77 87
48 82 48 75 82
6 20 6 17 20
54 66 54 59 66
20 68 20 30 44 55 58 68
8 35 8 9 13 28 35
15 62 15 26 28 35 56 62
1 78 1 49 72 78
59 64 59 64
21 74 21 59 64 68 74
41 84 41 67 72 78 84
70 81 70 72 78 81
45 84 45 54 67 72 78 84
45 84 45 52 67 72 78 84
19 66 19 21 42 51 59 66
21 71 21 26 55 58 64 71
62 83 62 63 80 83
37 82 37 59 66 71 82
14 50 14 28 41 50
3 83 3 64 81 83
1 30 1 13 24 30
33 52 33 37 48 52
18 62 18 22 33 62
83 88 83 88
2 32 2 9 20 32
15 42 15 26 38 42
27 84 27 79 84
36 37 36 37
16 44 16 23 32 44
55 83 55 57 63 83
37 49 37 49
12 45 12 45
5 79 5 6 31 43 44 55 79
16 83 16 44 78 81 83
9 67 9 17 58 67
11 20 11 20
33 68 33 37 51 59 64 68
8 78 8 9 24 27 70 72 78
20 66 20 26 28 41 49 51 60 66
20 78 20 39 58 67 72 78
8 66 8 28 37 51 60 66
22 82 22 34 59 66 71 82
2 89 2 14 59 66 78 84 89
2 71 2 33 39 58 64 71
23 79 23 32 44 55 79
57 78 57 72 78
75 88 75 88
0 53 0 13 36 43 44 53
2 81 2 78 81
12 66 12 66
6 71 6 30 39 58 64 71
18 22 18 22
13 27 13 24 27
10 66 10 17 32 48 54 59 66
6 23 6 16 23
54 80 54 75 80
36 82 36 66 71 82
20 78 20 39 58 67 72 78
49 51 49 51
54 59 54 59
21 50 21 26 38 41 50
32 57 32 44 55 57
38 65 38 42 62 65
32 57 32 44 55 57
57 83 57 78 81 83
6 20 6 18 20
1 2 1 2
23 33 23 25 33
31 56 31 56
5 69 5 64 68 69
4 78 4 49 51 67 72 78
62 88 62 72 87 88
8 72 8 9 50 51 58 67 72
24 73 24 29 48 52 67 73
25 74 25 35 39 58 68 74
4 37 4 13 36 37
44 58 44 55 58
15 21 15 21
12 29 12 24 29
52 67 52 67
23 80 23 49 51 58 61 75 80
45 58 45 55 58
25 64 25 33 37 52 64
1 23 1 2 23
5 41 5 6 16 23 25 38 41
6 25 6 18 22 25
44 69 44 55 58 64 69
17 20 17 20
7 40 7 29 36 37 40
78 84 78 84
52 68 52 64 68
23 88 23 79 86 88
26 65 26 42 51 59 65
5 42 5 6 16 23 25 38 42
35 62 35 56 62
18 65 18 22 31 56 62 63 65
0 26 0 13 20 26
13 68 13 24 30 41 49 51 58 68
18 21 18 21
37 67 37 51 67
29 62 29 43 62
29 81 29 80 81
36 53 36 43 44 53
10 17 10 17
32 55 32 44 55
12 56 12 17 20 26 28 35 56
20 65 20 32 48 54 59 65
62 74 62 74
45 77 45 52 77
41 59 41 50 59
56 64 56 64
28 81 28 37 49 72 78 81
24 89 24 50 51 67 72 78 84 89
67 84 67 72 78 84
7 32 7 32
48 81 48 52 80 81
13 85 13 20 55 57 72 82 85
1 27 1 13 24 27
24 50 24 29 36 50
34 75 34 44 55 58 61 75
2 88 2 9 50 82 85 88
47 84 47 67 72 78 84
27 44 27 44
58 64 58 64
18 59 18 34 59
45 81 45 64 81
17 84 17 60 66 78 84
11 35 11 35
43 69 43 44 64 69
13 32 13 20 32
58 61 58 61
28 71 28 64 71
1 78 1 7 32 44 55 67 72 78
54 72 54 67 72
0 20 0 13 20
22 58 22 31 43 44 55 58
36 60 36 50 51 60
41 80 41 53 80
17 54 17 33 37 48 54
6 31 6 15 22 31
52 69 52 64 69
5 50 5 36 50
45 68 45 55 58 68
7 86 7 40 64 86
32 53 32 53
5 39 5 6 30 39
33 87 33 46 77 87
52 64 52 64
17 82 17 29 43 52 67 82
59 76 59 69 76
36 59 36 48 54 59
0 24 0 24
30 48 30 48
24 34 24 30 34
18 20 18 20
41 63 41 63
36 75 36 50 51 58 61 75
81 83 81 83
23 85 23 32 47 75 82 85
28 41 28 41
20 58 20 30 34 45 55 58
9 37 9 24 29 36 37
14 80 14 31 56 62 63 80
33 78 33 67 72 78
12 57 12 27 29 43 44 55 57
18 31 18 22 31
12 24 12 24
33 88 33 62 63 82 85 88
34 88 34 86 88
51 69 51 64 69
11 58 11 21 58
8 54 8 28 37 48 54
1 2 1 2
10 76 10 17 33 52 64 68 69 76
87 88 87 88
10 88 10 30 41 79 86 88
1 87 1 7 43 70 72 87
8 34 8 34
27 69 27 58 64 69
1 37 1 13 26 28 37
33 54 33 37 48 54
17 69 17 32 58 64 68 69
4 58 4 23 32 44 55 58
24 63 24 43 62 63
15 61 15 21 42 51 58 61
8 84 8 41 53 84
68 69 68 69
10 33 10 17 25 33
19 74 19 43 62 74
8 41 8 41
34 75 34 44 55 61 75
32 58 32 58
13 54 13 26 28 37 48 54
26 67 26 67
22 43 22 31 43
61 81 61 75 80 81
43 44 43 44
55 67 55 67
46 88 46 77 87 88
18 67 18 21 26 55 67
40 85 40 63 82 85
15 70 15 22 43 70
37 81 37 59 66 78 81
17 82 17 20 66 71 82
6 45 6 17 20 30 34 45
7 89 7 49 51 59 77 89
5 41 5 6 17 20 26 38 41
26 59 26 38 41 50 59
38 74 38 42 51 64 68 74
24 58 24 30 44 55 58
67 85 67 82 85
41 65 41 65
12 84 12 84
10 75 10 48 61 75
53 80 53 80
58 75 58 61 75
15 62 15 21 42 62
6 29 6 17 29
0 75 0 47 75
2 75 2 23 37 48 75
10 53 10 24 27 29 43 44 53
19 28 19 21 26 28
53 84 53 84
29 48 29 36 37 48
5 87 5 64 68 69 87
8 54 8 34 45 54
31 82 31 43 62 63 82
37 76 37 48 54 59 69 76
9 84 9 62 72 78 84
16 83 16 44 55 58 64 81 83
72 78 72 78
12 32 12 17 20 32
56 65 56 62 65
12 17 12 17
32 87 32 53 77 87
41 86 41 57 72 86
27 66 27 29 36 48 54 59 66
5 79 5 6 31 43 44 55 79
8 32 8 9 17 20 32
14 39 14 28 35 39
9 67 9 24 55 58 67
82 88 82 85 88
27 53 27 29 43 44 53
15 60 15 30 41 50 60
22 33 22 25 33
17 71 17 33 49 51 64 71
84 88 84 88
45 77 45 55 58 77
50 80 50 51 80
31 55 31 43 44 55
48 83 48 75 80 81 83
36 49 36 37 49
16 53 16 23 25 38 41 53
1 22 1 3 15 22
3 16 3 16
11 34 11 20 30 34
34 76 34 59 69 76
42 89 42 46 77 89
22 25 22 25
2 75 2 33 51 58 61 75
26 49 26 38 41 49
3 30 3 30
24 43 24 29 36 43
17 34 17 20 30 34
80 81 80 81
30 44 30 44
45 52 45 52
37 65 37 49 51 59 65
29 66 29 48 54 59 66
48 66 48 54 59 66
27 52 27 29 43 52
20 28 20 26 28
34 69 34 45 50 51 59 69
9 20 9 20
51 59 51 59
50 85 50 60 66 71 82 85
1 80 1 7 42 51 80
22 34 22 34
30 52 30 48 52
7 85 7 28 68 74 82 85
3 27 3 27
27 55 27 44 55
6 42 6 15 21 42
24 47 24 29 36 43 47
2 64 2 14 59 64
1 68 1 19 33 39 58 64 68
29 79 29 36 43 44 79
66 81 66 78 81
26 81 26 38 41 70 72 78 81
20 85 20 32 58 68 74 82 85
45 55 45 55
66 82 66 71 82
8 9 8 9
1 82 1 2 82
3 64 3 30 54 59 64
24 63 24 30 44 55 57 63
28 83 28 64 81 83
32 54 32 48 54
9 62 9 17 33 62
18 72 18 34 48 52 67 72
7 78 7 49 72 78
64 68 64 68
28 37 28 37
43 57 43 44 55 57
9 42 9 17 25 38 42
52 68 52 64 68
8 60 8 9 50 51 60
75 83 75 80 81 83
3 72 3 16 23 25 33 52 67 72
64 69 64 68 69
15 42 15 26 42
43 58 43 44 55 58
3 36 3 9 13 24 29 36
36 68 36 43 52 64 68
56 72 56 62 72
8 35 8 28 35
56 71 56 64 71
34 63 34 45 57 63
17 78 17 29 48 54 67 72 78
20 84 20 26 67 72 78 84
54 82 54 59 71 82
17 77 17 29 43 52 77
2 32 2 23 32
66 81 66 78 81
7 28 7 28
47 61 47 61
9 60 9 20 26 42 51 60
1 30 1 2 9 17 20 30
2 62 2 9 62
30 57 30 44 55 57
45 82 45 50 82
36 67 36 55 67
2 38 2 14 19 38
7 42 7 14 42
2 78 2 56 62 72 78
49 72 49 72
32 66 32 66
12 50 12 24 29 36 50
44 53 44 53
8 37 8 28 37
69 88 69 87 88
32 63 32 44 55 57 63
86 88 86 88
7 14 7 14
21 60 21 42 51 60
4 69 4 23 68 69
56 72 56 62 72
34 76 34 59 69 76
10 45 10 34 45
30 80 30 53 80
38 51 38 41 49 51
28 53 28 41 53
12 87 12 66 77 87
48 61 48 61
16 86 16 28 64 86
23 68 23 68
12 41 12 24 30 41
67 84 67 72 78 84
22 53 22 25 38 41 53
21 35 21 26 28 35
69 87 69 87
62 84 62 72 78 84
9 57 9 24 30 44 55 57
17 52 17 25 33 37 52
5 89 5 70 72 78 84 89
66 82 66 71 82
17 47 17 29 36 43 47
29 44 29 36 43 44
40 89 40 78 84 89
6 23 6 16 23
16 47 16 29 36 43 47
22 41 22 25 38 41
6 48 6 15 30 48
16 68 16 40 64 68
56 88 56 78 84 88
27 85 27 58 85
23 62 23 25 38 42 62
43 62 43 62
56 76 56 64 68 69 76
64 68 64 68
5 59 5 36 37 59
23 48 23 37 48
24 66 24 29 36 48 54 59 66
20 72 20 55 57 72
35 72 35 72
2 72 2 56 62 72
9 61 9 17 20 30 44 55 61
3 17 3 9 17
2 9 2 9
6 56 6 16 28 35 56
54 75 54 75
39 84 39 58 67 72 78 84
10 75 10 30 39 58 61 75
1 24 1 13 24
1 3 1 3
4 88 4 82 85 88
62 65 62 65
23 80 23 44 55 57 63 80
4 42 4 13 20 26 42
0 33 0 10 17 25 33
24 71 24 27 29 36 50 59 71
20 85 20 39 85
10 36 10 24 29 36
10 47 10 17 32 47
44 72 44 55 58 67 72
1 73 1 26 67 73
18 71 18 21 58 64 71
35 76 35 39 58 68 69 76
13 72 13 49 72
12 81 12 75 80 81
8 33 8 9 17 25 33
20 77 20 66 77
37 48 37 48
68 82 68 74 82
0 74 0 27 44 55 58 68 74
29 57 29 36 43 44 55 57
28 69 28 69
66 89 66 77 89
54 59 54 59
6 17 6 17
44 73 44 55 58 67 73
26 41 26 28 41
2 33 2 33
10 24 10 24
31 82 31 68 74 82
50 85 50 59 64 82 85
28 56 28 35 56
24 60 24 29 36 37 49 51 60
28 61 28 35 39 58 61
25 75 25 38 42 51 58 61 75
6 86 6 40 64 86
6 28 6 18 20 26 28
30 52 30 34 45 52
33 40 33 37 40
26 51 26 28 41 50 51
13 84 13 36 66 78 84
6 48 6 30 48
19 74 19 33 62 74
7 42 7 14 42
4 70 4 30 41 70
51 69 51 58 64 69
31 65 31 56 62 65
14 80 14 31 43 47 80
16 46 16 28 46
28 81 28 35 59 66 78 81
45 84 45 54 72 78 84
24 68 24 55 58 68
39 67 39 58 67
45 78 45 54 67 72 78
85 88 85 88
2 71 2 14 42 70 71
79 81 79 81
24 59 24 50 59
24 89 24 29 43 47 67 72 78 84 89
36 75 36 43 44 55 61 75
7 78 7 57 72 78
4 58 4 13 29 43 44 55 58
11 38 11 20 26 38
30 50 30 41 50
35 75 35 39 58 61 75
8 51 8 41 49 51
24 36 24 29 36
29 78 29 43 70 72 78
67 78 67 72 78
13 51 13 24 30 34 45 50 51
43 65 43 65
8 38 8 9 20 26 38
23 59 23 35 59
17 67 17 32 58 67
12 84 12 44 55 57 78 84
13 38 13 20 26 38
29 48 29 48
12 57 12 24 30 41 57
5 88 5 88
51 77 51 59 66 77
7 73 7 29 36 50 51 67 73
7 74 7 57 74
0 10 0 10
63 88 63 88
60 69 60 69
41 57 41 57
17 77 17 60 66 77
4 79 4 41 79
27 29 27 29
15 51 15 26 42 51
14 70 14 25 38 70
68 82 68 74 82
58 69 58 64 68 69
24 74 24 30 41 49 51 58 68 74
33 73 33 37 51 58 67 73
41 66 41 50 59 66
13 37 13 28 37
79 86 79 86
14 25 14 25
37 64 37 51 58 64
24 50 24 29 36 50
18 43 18 22 43
6 37 6 37
15 37 15 26 28 37
54 89 54 67 72 78 84 89
29 78 29 48 72 78
40 78 40 78
25 49 25 38 41 49
68 74 68 74
1 80 1 39 58 61 75 80
5 75 5 36 50 51 58 61 75
36 68 36 37 48 52 64 68
56 82 56 64 82
23 79 23 32 44 79
30 52 30 48 52
32 44 32 44
36 64 36 59 64
12 37 12 27 29 36 37
43 78 43 70 72 78
47 89 47 77 89
23 49 23 49
34 52 34 45 52
23 32 23 32
40 76 40 64 68 69 76
31 44 31 43 44
8 78 8 9 20 32 48 54 72 78
21 49 21 26 38 41 49
26 83 26 55 58 67 72 78 81 83
2 75 2 23 49 51 58 61 75
14 39 14 25 33 39
52 77 52 77
5 69 5 36 60 69
37 74 37 51 59 64 68 74
16 71 16 35 59 66 71
15 21 15 21
7 61 7 32 48 61
24 74 24 30 39 58 68 74
25 35 25 35
2 28 2 9 17 20 26 28
5 63 5 36 55 57 63
2 74 2 9 24 27 58 68 74
43 74 43 44 55 57 74
14 31 14 31
20 35 20 26 28 35
36 57 36 43 44 55 57
46 88 46 77 87 88
3 37 3 9 17 29 36 37
79 84 79 84
32 78 32 47 67 72 78
41 83 41 63 83
6 75 6 18 34 48 75
30 88 30 39 87 88
39 67 39 58 67
21 57 21 42 57
54 84 54 72 78 84
12 72 12 37 52 67 72
32 77 32 44 55 58 77
14 56 14 31 56
70 78 70 72 78
42 66 42 51 60 66
32 83 32 58 61 75 80 83
50 85 50 51 58 67 72 82 85
30 65 30 41 57 63 65
14 56 14 28 35 56
42 81 42 57 78 81
18 34 18 34
22 58 22 31 43 44 55 58
63 88 63 80 81 83 88
28 77 28 77
0 81 0 27 72 78 81
62 72 62 72
22 41 22 25 38 41
42 57 42 57
7 88 7 28 64 69 87 88
19 26 19 21 26
22 52 22 31 43 52
63 85 63 82 85
50 69 50 60 69
21 42 21 26 42
13 38 13 26 38
23 48 23 37 48
62 74 62 74
30 65 30 48 54 59 65
28 81 28 64 81
39 69 39 69
18 75 18 22 33 61 75
10 75 10 17 25 38 41 49 51 58 61 75
20 49 20 26 38 41 49
10 54 10 17 25 33 37 48 54
0 42 0 20 26 42
19 37 19 33 37
17 53 17 29 43 44 53
4 69 4 13 28 49 51 59 69
2 61 2 14 34 48 61
21 57 21 42 57
56 89 56 78 84 89
48 73 48 54 67 73
24 83 24 30 44 53 80 81 83
52 77 52 77
57 83 57 63 83
86 88 86 88
31 62 31 56 62
17 58 17 33 49 51 58
7 89 7 29 48 52 67 72 78 84 89
30 45 30 34 45
62 72 62 72
34 66 34 48 54 59 66
1 26 1 13 26
22 35 22 25 35
48 81 48 52 78 81
17 77 17 20 66 77
31 65 31 56 62 65
5 17 5 6 17
34 87 34 44 64 68 69 87
82 85 82 85
57 81 57 78 81
25 81 25 35 72 78 81
38 66 38 42 51 59 66
68 74 68 74
19 89 19 78 84 89
85 88 85 88
9 27 9 13 24 27
1 66 1 7 42 51 60 66
8 24 8 9 13 24
19 49 19 38 41 49
2 80 2 23 57 63 80
24 71 24 29 36 50 59 64 71
35 39 35 39
18 51 18 34 45 50 51
31 62 31 56 62
5 17 5 6 17
10 47 10 24 29 43 47
45 67 45 54 67
45 85 45 67 72 82 85
16 44 16 31 43 44
4 56 4 23 35 56
30 79 30 44 79
27 44 27 44
3 17 3 9 17
0 39 0 13 26 28 35 39
19 71 19 56 64 71
24 88 24 43 70 86 88
7 27 7 27
7 49 7 28 37 49
24 68 24 55 58 64 68
79 84 79 84
72 85 72 82 85
37 87 37 49 72 87
13 86 13 49 51 86
23 37 23 25 33 37
7 86 7 29 48 52 64 86
17 70 17 70
20 26 20 26
21 57 21 42 57
18 87 18 21 26 55 67 72 87
8 39 8 28 35 39
28 85 28 35 59 66 71 82 85
2 49 2 14 25 33 49
58 85 58 68 74 85
59 76 59 69 76
4 82 4 23 49 51 64 68 74 82
41 70 41 70
1 9 1 3 9
29 48 29 36 48
18 21 18 21
20 83 20 55 67 72 78 81 83
24 60 24 30 41 49 51 60
26 46 26 38 42 46
61 75 61 75
28 56 28 35 56
12 61 12 50 51 58 61
11 84 11 59 66 78 84
29 51 29 36 37 51
33 87 33 52 64 69 87
8 72 8 34 48 54 67 72
61 81 61 75 80 81
2 48 2 33 37 48
42 46 42 46
44 72 44 55 58 67 72
66 78 66 78
18 65 18 20 39 65
19 49 19 38 41 49
25 75 25 33 37 48 75
23 37 23 37
57 74 57 74
8 75 8 58 61 75
81 88 81 83 88
17 82 17 20 66 71 82
40 71 40 64 71
12 46 12 17 33 46
17 69 17 33 51 64 68 69
28 82 28 41 57 72 82
10 63 10 30 41 57 63
0 38 0 20 26 38
25 82 25 33 61 75 82
31 77 31 43 44 53 77
24 36 24 27 29 36
54 81 54 75 80 81
23 62 23 35 56 62
29 60 29 36 37 49 51 60
42 62 42 62
11 39 11 33 39
22 25 22 25
12 57 12 29 36 43 44 55 57
38 63 38 42 57 63
52 64 52 64
41 57 41 57
25 33 25 33
17 69 17 29 48 54 59 69
9 44 9 24 29 43 44
8 50 8 41 50
32 72 32 58 67 72
49 76 49 69 76
16 28 16 28
63 83 63 83
45 85 45 54 72 82 85
54 75 54 75
0 33 0 10 17 25 33
64 69 64 68 69
5 64 5 36 37 59 64
8 74 8 40 64 68 74
55 78 55 57 72 78
48 65 48 54 59 65
13 56 13 20 56
36 55 36 55
6 86 6 15 26 28 64 86
8 33 8 9 17 25 33
3 17 3 9 17
70 82 70 82
1 26 1 13 26
3 34 3 9 13 24 30 34
67 81 67 72 78 81
70 84 70 72 78 84
24 36 24 29 36
49 75 49 51 58 61 75
46 88 46 77 87 88
58 84 58 67 72 78 84
4 26 4 8 9 13 26
62 81 62 63 80 81
0 46 0 13 26 38 42 46
3 64 3 16 31 56 64
2 38 2 9 13 26 38
13 20 13 20
51 75 51 58 61 75
24 78 24 55 58 67 72 78
29 53 29 43 44 53
24 60 24 29 36 37 51 60
0 39 0 20 30 39
15 57 15 22 31 43 44 55 57
7 56 7 14 19 56
14 66 14 59 66
44 78 44 55 57 78
62 72 62 72
16 42 16 38 42
35 39 35 39
34 83 34 59 66 83
10 52 10 24 30 48 52
26 28 26 28
20 45 20 30 34 45
5 77 5 6 15 22 33 49 51 58 77
15 62 15 22 31 56 62
67 84 67 72 78 84
2 53 2 14 25 38 41 53
8 73 8 58 67 73
13 28 13 28
18 58 18 21 58
31 56 31 56
2 28 2 14 19 21 26 28
42 76 42 51 58 64 69 76
24 45 24 30 34 45
28 82 28 82
12 46 12 17 33 46
23 55 23 55
20 72 20 55 57 72
60 77 60 66 77
23 37 23 25 33 37
27 78 27 72 78
11 58 11 21 42 51 58
42 83 42 51 59 64 81 83
55 61 55 58 61
9 69 9 50 59 69
64 71 64 71
0 42 0 20 26 38 42
4 87 4 60 66 77 87
51 75 51 58 61 75
44 53 44 53
58 64 58 64
20 83 20 40 63 80 83
58 67 58 67
33 59 33 49 51 59
25 60 25 33 51 60
67 86 67 72 86
6 63 6 24 30 34 44 55 57 63
16 33 16 23 25 33
1 80 1 26 75 80
29 48 29 36 48
51 65 51 59 65
7 61 7 42 51 58 61
6 42 6 15 26 42
6 18 6 18
32 57 32 44 55 57
45 55 45 55
66 77 66 77
32 58 32 44 55 58
6 79 6 18 21 26 28 41 79
24 77 24 55 58 77
19 57 19 38 41 57
72 82 72 82
5 70 5 36 43 70
19 26 19 21 26
29 48 29 36 37 48
30 65 30 39 65
31 61 31 43 47 61
25 81 25 62 72 78 81
40 76 40 64 69 76
15 74 15 26 42 62 74
16 89 16 29 36 48 54 67 72 78 84 89
0 46 0 20 26 28 46
1 13 1 3 9 13
2 82 2 9 13 74 82
2 13 2 9 13
53 87 53 77 87
24 30 24 30
39 81 39 58 61 75 80 81
22 85 22 59 66 71 82 85
1 2 1 2
29 81 29 81
5 57 5 36 43 44 55 57
1 23 1 2 23
32 59 32 48 54 59
68 74 68 74
26 56 26 28 35 56
70 84 70 72 78 84
44 83 44 55 58 61 75 80 83
1 3 1 3
4 52 4 8 9 13 28 37 52
6 71 6 31 56 64 71
28 69 28 41 50 51 60 69
71 85 71 82 85
1 36 1 3 27 29 36
35 75 35 39 58 61 75
14 57 14 31 43 44 55 57
7 77 7 32 47 77
47 80 47 61 75 80
70 84 70 72 78 84
7 26 7 14 19 21 26
1 30 1 13 24 30
21 49 21 26 38 41 49
36 71 36 48 52 64 71
11 52 11 20 32 48 52
25 76 25 33 51 59 64 68 69 76
30 54 30 48 54
7 64 7 32 48 52 64
15 45 15 30 34 45
42 72 42 51 67 72
17 69 17 33 51 60 69
33 62 33 62
21 58 21 58
50 67 50 51 67
34 81 34 44 78 81
1 3 1 3
3 67 3 14 34 45 67
57 74 57 74
33 40 33 37 40
38 51 38 41 50 51
19 58 19 43 44 55 58
37 64 37 40 64
72 86 72 86
28 71 28 49 51 59 71
21 85 21 40 64 68 74 85
22 75 22 31 43 44 55 61 75
40 71 40 64 71
54 80 54 75 80
5 85 5 64 68 74 82 85
5 89 5 79 84 89
25 49 25 33 37 49
41 84 41 53 84
18 39 18 21 26 28 35 39
0 51 0 10 34 45 50 51
56 80 56 62 63 80
12 57 12 44 55 57
34 60 34 45 50 60
13 83 13 83
72 86 72 86
55 61 55 58 61
26 65 26 55 57 63 65
21 73 21 26 42 51 58 67 73
36 37 36 37
2 57 2 23 55 57
7 59 7 42 51 59
25 84 25 40 78 84
6 54 6 17 33 37 48 54
8 40 8 9 17 20 40
6 67 6 37 52 67
38 74 38 41 57 74
38 89 38 70 72 78 84 89
63 82 63 82
0 74 0 45 50 51 59 64 68 74
9 24 9 24
27 69 27 44 55 58 64 68 69
6 67 6 15 21 42 51 58 67
7 89 7 49 51 59 66 78 84 89
55 58 55 58
59 89 59 77 89
11 48 11 20 30 34 48
72 88 72 82 85 88
1 36 1 7 27 29 36
67 87 67 72 87
54 78 54 72 78
24 80 24 80
62 72 62 72
36 81 36 43 62 72 78 81
0 45 0 45
18 25 18 22 25
15 44 15 30 44
16 68 16 23 44 64 68
70 71 70 71
1 86 1 3 16 44 64 86
22 74 22 59 64 68 74
52 76 52 64 69 76
16 69 16 29 36 60 69
2 72 2 23 44 55 67 72
19 72 19 38 41 57 72
35 75 35 39 58 61 75
18 62 18 22 25 38 42 62
38 73 38 42 51 67 73
33 49 33 37 49
58 75 58 61 75
9 27 9 13 24 27
13 64 13 49 51 64
0 73 0 24 73
21 58 21 58
17 26 17 20 26
40 86 40 64 86
12 68 12 27 29 43 52 64 68
50 77 50 60 66 77
6 80 6 31 56 62 63 80
1 27 1 3 9 24 27
33 49 33 49
40 71 40 64 71
18 35 18 20 26 28 35
10 34 10 34
5 47 5 36 43 47
46 77 46 77
13 77 13 36 48 52 77
7 32 7 32
37 76 37 49 51 60 69 76
10 62 10 17 25 35 56 62
15 82 15 22 59 64 82
21 68 21 58 64 68
25 62 25 38 42 62
5 57 5 6 27 29 43 44 55 57
3 58 3 58
6 48 6 27 29 48
25 87 25 40 68 69 87
17 34 17 20 30 34
23 68 23 44 55 58 68
4 23 4 23
41 66 41 49 51 59 66
57 83 57 72 78 81 83
37 48 37 48
8 60 8 28 41 49 51 60
8 78 8 34 48 72 78
56 74 56 62 74
4 56 4 8 28 35 56
9 17 9 17
48 73 48 54 73
20 55 20 55
11 48 11 21 26 28 37 48
42 51 42 51
7 42 7 42
69 88 69 87 88
35 39 35 39
45 51 45 50 51
17 57 17 29 36 43 44 55 57
36 82 36 37 52 71 82
56 74 56 64 68 74
10 34 10 34
3 30 3 30
27 59 27 29 36 48 54 59
21 59 21 42 51 59
37 52 37 52
31 62 31 43 62
25 84 25 38 60 66 78 84
2 27 2 9 24 27
7 26 7 14 19 21 26
34 77 34 45 77
22 49 22 33 37 49
8 50 8 41 50
33 69 33 49 51 64 69
26 74 26 38 42 62 74
51 77 51 59 77
19 43 19 43
30 50 30 41 50
39 87 39 87
15 53 15 26 38 41 53
14 21 14 19 21
18 87 18 22 33 51 67 72 87
30 79 30 34 79
2 9 2 9
13 28 13 20 26 28
48 73 48 52 67 73
20 72 20 56 62 72
21 50 21 26 38 41 50
55 58 55 58
13 77 13 29 36 48 54 59 66 77
8 35 8 28 35
64 74 64 68 74
12 69 12 60 69
5 66 5 36 59 66
38 66 38 42 51 60 66
26 89 26 55 58 67 72 78 84 89
43 84 43 70 72 78 84
26 52 26 28 37 52
13 51 13 24 30 34 45 50 51
48 66 48 54 59 66
5 41 5 6 16 23 25 38 41
14 19 14 19
75 83 75 80 83
20 84 20 55 67 72 78 84
18 58 18 22 33 49 51 58
48 81 48 75 80 81
11 35 11 35
45 52 45 52
28 78 28 37 40 78
36 57 36 43 44 55 57
26 75 26 28 37 51 58 61 75
17 25 17 25
21 28 21 26 28
61 81 61 75 80 81
33 68 33 37 49 51 64 68
3 34 3 9 24 30 34
3 42 3 14 25 38 42
39 84 39 58 67 72 78 84
52 71 52 71
37 52 37 48 52
12 46 12 17 25 33 46
11 88 11 68 69 87 88
87 88 87 88
23 87 23 66 77 87
70 72 70 72
42 85 42 51 59 64 71 82 85
38 76 38 60 69 76
59 65 59 65
15 70 15 22 31 43 70
6 29 6 27 29
32 86 32 58 64 86
41 70 41 70
1 76 1 39 76
12 73 12 27 58 67 73
20 75 20 39 58 61 75
25 76 25 38 60 69 76
43 85 43 70 72 82 85
15 62 15 21 42 62
3 33 3 14 19 33
32 87 32 48 54 72 87
2 64 2 23 37 59 64
23 59 23 37 51 59
38 46 38 42 46
43 52 43 52
45 64 45 50 59 64
6 59 6 27 29 48 54 59
12 20 12 17 20
18 34 18 22 34
4 77 4 41 49 51 58 77
20 72 20 26 38 70 72
37 85 37 49 72 82 85
28 41 28 41
1 50 1 7 27 29 36 50
20 67 20 26 67
2 46 2 33 46
24 36 24 29 36
14 74 14 31 56 74
32 53 32 44 53
35 66 35 59 66
55 58 55 58
3 89 3 27 70 72 78 84 89
23 68 23 55 58 68
23 35 23 35
9 37 9 17 20 26 28 37
12 82 12 29 36 50 82
36 89 36 55 84 89
17 80 17 52 80
27 55 27 29 36 55
34 86 34 45 54 59 64 86
36 72 36 37 49 51 58 67 72
45 77 45 52 77
1 26 1 26
17 20 17 20
86 88 86 88
45 77 45 52 77
56 74 56 74
12 66 12 29 48 54 59 66
27 58 27 58
59 78 59 66 78
15 28 15 21 26 28
2 73 2 14 31 43 44 55 67 73
1 49 1 19 21 26 38 41 49
10 60 10 24 50 60
56 89 56 62 72 78 84 89
27 44 27 44
38 79 38 41 79
43 85 43 62 74 85
50 59 50 51 59
4 74 4 8 40 68 74
14 33 14 25 33
72 78 72 78
3 43 3 15 22 43
32 81 32 53 80 81
13 24 13 24
1 49 1 37 49
25 59 25 35 59
4 65 4 30 65
45 58 45 55 58
67 81 67 72 78 81
6 32 6 18 20 32
41 50 41 50
54 73 54 67 73
31 88 31 43 64 68 69 87 88
29 72 29 70 72
36 72 36 50 51 58 67 72
56 86 56 62 72 86
24 64 24 50 51 58 64
0 59 0 45 50 59
6 70 6 17 29 70
32 79 32 44 79
57 72 57 72
16 31 16 31
36 60 36 60
9 17 9 17
28 82 28 37 40 68 74 82
20 56 20 56
2 38 2 9 17 25 38
19 41 19 38 41
13 68 13 20 56 64 68
60 71 60 66 71
37 74 37 48 54 59 64 68 74
9 37 9 17 29 36 37
58 61 58 61
25 81 25 63 80 81
25 40 25 40
16 40 16 28 37 40
14 81 14 19 62 72 78 81
13 71 13 20 55 58 64 71
31 77 31 43 77
9 42 9 20 26 42
4 76 4 30 44 55 58 64 68 69 76
19 21 19 21
27 70 27 70
18 39 18 20 39
12 37 12 17 29 36 37
54 87 54 72 87
29 70 29 43 70
47 87 47 77 87
48 82 48 72 82
13 36 13 24 29 36
16 69 16 38 60 69
12 55 12 27 29 36 55
38 74 38 42 51 58 64 68 74
48 83 48 72 78 81 83
25 86 25 33 62 72 86
23 32 23 32
20 52 20 26 28 37 48 52
0 75 0 13 28 49 51 58 61 75
22 56 22 31 56
38 69 38 60 69
52 86 52 64 86
10 62 10 17 20 56 62
0 51 0 24 30 41 50 51
9 44 9 20 30 44
21 72 21 58 67 72
24 51 24 30 41 50 51
66 81 66 78 81
27 70 27 70
11 68 11 68
42 66 42 51 60 66
64 82 64 82
13 38 13 20 26 38
79 86 79 86
29 61 29 36 37 49 51 58 61
4 62 4 13 24 29 36 43 62
48 73 48 54 73
5 20 5 6 18 20
52 78 52 78
5 33 5 6 16 23 25 33
28 83 28 64 81 83
48 73 48 52 67 73
18 33 18 22 25 33
18 71 18 59 71
22 50 22 25 38 41 50
13 29 13 24 27 29
58 67 58 67
6 66 6 24 50 51 60 66
38 76 38 41 59 69 76
75 88 75 88
18 72 18 72
4 9 4 8 9
44 84 44 84
13 38 13 26 38
11 58 11 20 30 39 58
3 36 3 16 29 36
58 82 58 61 75 82
9 82 9 82
36 60 36 50 60
7 27 7 27
12 50 12 45 50
33 59 33 49 51 59
28 77 28 77
41 50 41 50
1 13 1 13
71 85 71 82 85
38 42 38 42
33 71 33 39 58 64 71
36 50 36 50
49 51 49 51
32 89 32 89
4 55 4 13 20 30 44 55
9 64 9 17 58 64
54 73 54 73
27 72 27 29 48 54 67 72
54 81 54 59 66 78 81
1 39 1 39
3 9 3 9
41 71 41 50 60 66 71
2 43 2 9 24 29 43
56 65 56 62 63 65
41 68 41 49 51 58 64 68
9 27 9 24 27
30 88 30 39 69 87 88
38 85 38 42 51 64 82 85
28 35 28 35
67 88 67 82 85 88
6 20 6 17 20
30 41 30 41
9 69 9 50 51 58 64 69
38 85 38 70 72 82 85
6 66 6 15 26 42 51 59 66
52 89 52 67 72 78 84 89
33 67 33 51 58 67
3 81 3 15 22 33 39 58 61 75 80 81
13 83 13 83
17 53 17 25 38 41 53
17 20 17 20
15 56 15 21 26 28 35 56
34 50 34 45 50
43 63 43 44 55 57 63
20 51 20 26 28 37 49 51
27 76 27 58 68 69 76
10 42 10 17 20 26 42
25 51 25 33 49 51
10 17 10 17
29 64 29 48 52 64
9 41 9 17 20 30 41
56 76 56 64 68 69 76
30 53 30 44 53
41 86 41 67 72 86
30 65 30 39 65
10 76 10 48 54 59 69 76
67 83 67 72 78 81 83
23 78 23 57 72 78
22 52 22 34 48 52
7 84 7 49 72 78 84
27 59 27 29 36 37 59
30 44 30 34 44
36 75 36 50 51 58 61 75
24 62 24 43 62
8 72 8 28 35 56 62 72
23 35 23 25 35
34 55 34 45 55
5 76 5 6 44 64 68 69 76
62 86 62 72 86
38 76 38 60 69 76
7 70 7 42 70
44 73 44 55 58 67 73
19 55 19 43 44 55
38 60 38 60
19 48 19 21 26 28 37 48
64 76 64 69 76
37 52 37 52
70 88 70 81 83 88
70 86 70 86
6 64 6 30 48 52 64
23 42 23 25 38 42
3 33 3 16 23 25 33
3 62 3 14 28 35 56 62
31 44 31 43 44
11 21 11 21
44 72 44 55 57 72
9 83 9 20 26 55 57 63 83
25 82 25 33 61 75 82
10 34 10 30 34
27 36 27 29 36
50 64 50 59 64
5 85 5 72 82 85
6 42 6 15 21 26 42
40 78 40 78
25 54 25 33 37 48 54
79 81 79 81
51 76 51 59 64 69 76
63 80 63 80
17 87 17 33 46 77 87
38 66 38 41 59 66
16 36 16 29 36
33 73 33 39 58 67 73
12 74 12 57 74
43 62 43 62
44 84 44 53 84
61 82 61 75 82
51 75 51 58 61 75
68 74 68 74
42 89 42 46 77 89
18 71 18 59 71
15 47 15 22 43 47
6 59 6 30 48 54 59
20 26 20 26
26 81 26 42 57 63 80 81
51 67 51 67
23 62 23 35 56 62
1 48 1 26 28 37 48
15 30 15 30
13 38 13 26 38
15 37 15 21 26 28 37
2 75 2 9 50 51 58 61 75
17 71 17 20 40 64 71
28 86 28 64 86
37 75 37 49 51 58 61 75
17 70 17 70
70 89 70 72 78 84 89
7 29 7 29
32 65 32 44 55 57 63 65
21 85 21 42 57 74 85
79 89 79 84 89
62 88 62 74 85 88
75 80 75 80
1 37 1 13 24 29 36 37
16 41 16 23 25 38 41
5 62 5 36 43 62
43 64 43 52 64
5 79 5 6 16 23 44 79
9 83 9 57 63 80 81 83
30 49 30 41 49
4 26 4 13 20 26
77 89 77 89
49 69 49 51 64 68 69
13 87 13 29 43 87
42 70 42 70
34 45 34 45
9 74 9 13 49 51 58 68 74
36 48 36 48
26 48 26 28 37 48
25 76 25 35 56 64 68 69 76
32 47 32 47
38 70 38 70
12 26 12 17 20 26
1 71 1 49 51 58 64 71
42 58 42 51 58
10 47 10 17 20 32 47
1 35 1 26 28 35
7 65 7 29 43 65
7 87 7 14 34 59 77 87
25 38 25 38
36 55 36 43 44 55
43 83 43 64 81 83
17 52 17 25 33 37 48 52
6 39 6 30 39
23 77 23 25 33 52 77
23 25 23 25
70 86 70 72 86
17 78 17 29 70 72 78
6 45 6 30 34 45
12 61 12 50 51 58 61
2 33 2 14 19 33
1 24 1 13 24
24 62 24 27 29 36 43 62
22 54 22 25 33 37 48 54
30 57 30 44 55 57
2 72 2 57 72
2 28 2 9 17 20 26 28
4 17 4 8 9 17
47 77 47 77
35 72 35 72
2 78 2 78
51 77 51 60 66 77
20 37 20 26 28 37
7 26 7 14 19 21 26
12 69 12 27 44 64 69
38 85 38 85
59 85 59 71 82 85
39 78 39 58 67 72 78
20 79 20 26 55 79
2 68 2 56 64 68
35 89 35 59 66 78 84 89
16 38 16 38
5 28 5 6 16 28
20 38 20 26 38
6 31 6 15 22 31
20 47 20 32 47
8 45 8 34 45
34 59 34 48 54 59
28 49 28 49
0 79 0 27 79
49 51 49 51
30 82 30 44 55 58 68 74 82
11 51 11 33 51
41 50 41 50
24 64 24 43 44 55 58 64
4 65 4 23 44 55 57 63 65
17 26 17 20 26
12 29 12 27 29
6 15 6 15
72 86 72 86
22 73 22 25 38 41 49 51 58 67 73
55 77 55 58 77
64 81 64 81
21 72 21 26 67 72
8 88 8 58 85 88
17 81 17 58 61 75 80 81
1 34 1 13 24 30 34
13 84 13 29 70 72 78 84
22 54 22 34 45 54
9 62 9 62
5 72 5 72
60 78 60 66 78
1 44 1 2 14 19 43 44
14 56 14 28 35 56
15 37 15 21 26 28 37
78 84 78 84
28 87 28 69 87
30 86 30 39 58 64 86
35 62 35 56 62
8 39 8 28 35 39
24 89 24 89
3 30 3 15 30
2 33 2 33
48 82 48 52 71 82
7 39 7 39
30 63 30 41 57 63
22 58 22 33 49 51 58
41 80 41 53 80
1 48 1 37 48
42 61 42 51 58 61
2 36 2 9 17 29 36
30 57 30 44 55 57
11 26 11 20 26
13 27 13 24 27
9 50 9 13 20 26 28 41 50
37 85 37 51 64 68 74 85
15 45 15 22 34 45
25 49 25 33 37 49
56 76 56 64 69 76
21 75 21 26 28 49 51 58 61 75
62 65 62 65
2 54 2 33 37 48 54
13 47 13 29 43 47
16 44 16 44
45 68 45 54 59 64 68
41 70 41 70
34 75 34 44 55 61 75
48 86 48 54 67 72 86
23 42 23 25 38 42
11 26 11 21 26
51 71 51 58 64 71
7 87 7 62 72 87
12 82 12 24 55 57 82
56 64 56 64
5 41 5 6 24 30 41
45 51 45 50 51
51 81 51 64 81
17 70 17 29 43 70
10 53 10 34 44 53
9 83 9 62 63 80 81 83
59 76 59 64 69 76
38 86 38 42 51 58 64 86
25 80 25 62 63 80
26 60 26 42 51 60
21 58 21 26 38 42 51 58
28 63 28 35 63
54 67 54 67
3 82 3 58 67 72 82
38 42 38 42
56 74 56 64 68 74
12 46 12 17 25 33 46
1 23 1 2 23
26 83 26 55 58 67 72 78 81 83
42 62 42 62
4 26 4 8 9 17 20 26
25 63 25 63
13 64 13 28 49 51 59 64
48 52 48 52
14 52 14 31 43 52
37 85 37 40 64 71 82 85
20 26 20 26
64 82 64 82
67 82 67 82
43 72 43 52 67 72
15 47 15 22 31 43 47
17 80 17 52 80
43 64 43 64
33 77 33 46 77
6 83 6 18 59 66 78 81 83
48 74 48 54 59 64 68 74
2 75 2 33 39 58 61 75
23 87 23 87
55 67 55 67
28 83 28 41 50 59 64 81 83
3 54 3 16 23 37 48 54
24 51 24 50 51
31 43 31 43
6 88 6 18 59 69 87 88
1 64 1 13 24 50 51 59 64
53 80 53 80
37 48 37 48
21 56 21 26 28 35 56
22 87 22 25 38 41 67 72 87
34 44 34 44
26 55 26 55
5 63 5 36 43 44 55 57 63
12 73 12 50 51 67 73
29 54 29 36 37 48 54
32 54 32 48 54
30 63 30 41 57 63
25 53 25 38 41 53
48 81 48 61 75 80 81
0 10 0 10
18 71 18 59 66 71
41 72 41 57 72
45 77 45 52 77
6 37 6 17 25 33 37
35 84 35 59 66 78 84
0 51 0 27 29 36 37 49 51
8 62 8 9 13 36 43 62
0 88 0 57 72 87 88
20 60 20 30 34 45 50 51 60
20 65 20 39 65
49 75 49 51 58 61 75
2 71 2 56 64 71
30 53 30 41 53
26 76 26 28 64 69 76
4 87 4 13 20 30 54 67 72 87
55 61 55 61
63 80 63 80
32 83 32 66 78 81 83
4 42 4 8 9 17 25 38 42
28 85 28 37 59 71 82 85
18 44 18 20 32 44
11 55 11 20 55
16 44 16 23 44
18 79 18 21 26 55 79
6 64 6 27 44 55 58 64
33 83 33 67 72 78 81 83
22 79 22 34 45 55 79
5 50 5 36 50
11 83 11 59 66 78 81 83
16 87 16 68 69 87
36 75 36 43 44 55 61 75
33 71 33 39 58 64 71
42 72 42 62 72
24 30 24 30
36 64 36 50 51 64
13 47 13 36 43 47
42 85 42 70 82 85
36 49 36 37 49
87 88 87 88
24 89 24 29 70 72 78 84 89
31 55 31 43 44 55
23 55 23 32 44 55
11 35 11 20 26 28 35
11 88 11 20 79 88
7 27 7 27
42 72 42 51 67 72
20 63 20 56 62 63
16 31 16 31
49 51 49 51
45 74 45 52 64 68 74
12 33 12 17 25 33
11 79 11 21 26 55 79
2 64 2 9 17 20 56 64
1 23 1 3 16 23
34 48 34 48
45 68 45 54 59 64 68
27 68 27 44 55 58 64 68
20 88 20 88
67 78 67 72 78
22 66 22 33 51 60 66
50 58 50 51 58
43 52 43 52
41 69 41 50 59 69
51 74 51 64 68 74
50 51 50 51
14 80 14 28 41 63 80
36 64 36 37 48 52 64
11 77 11 35 59 77
52 71 52 71
17 59 17 25 33 51 59
20 49 20 26 28 37 49
16 38 16 38
27 84 27 72 78 84
3 32 3 16 23 32
12 29 12 17 29
51 61 51 58 61
38 46 38 42 46
70 89 70 72 78 84 89
67 83 67 72 78 81 83
0 57 0 27 29 36 55 57
50 67 50 51 58 67
48 81 48 61 75 80 81
6 32 6 18 20 32
16 41 16 38 41
0 75 0 20 32 58 61 75
6 75 6 15 21 42 51 58 61 75
7 87 7 49 69 87
33 60 33 49 51 60
39 87 39 87
47 89 47 77 89
27 79 27 44 55 79
29 79 29 36 55 79
42 83 42 70 72 78 81 83
3 40 3 15 22 33 37 40
3 82 3 37 72 82
34 73 34 48 54 67 73
14 78 14 59 66 78
6 86 6 24 43 44 64 86
64 71 64 71
51 59 51 59
11 51 11 33 49 51
2 50 2 9 13 24 30 41 50
58 80 58 61 75 80
7 39 7 28 35 39
15 61 15 22 25 33 49 51 58 61
20 86 20 79 86
50 85 50 82 85
23 37 23 37
0 39 0 13 20 30 39
11 70 11 20 26 42 70
2 13 2 9 13
54 89 54 59 66 78 84 89
43 58 43 44 55 58
33 49 33 49
78 81 78 81
37 59 37 49 51 59
59 82 59 71 82
36 65 36 55 57 63 65
4 30 4 30
7 84 7 62 72 78 84
9 56 9 20 56
34 79 34 45 55 79
9 44 9 20 30 44
34 81 34 79 81
4 13 4 13
26 76 26 28 35 56 64 69 76
50 67 50 51 67
48 52 48 52
44 55 44 55
8 47 8 9 17 32 47
25 62 25 35 56 62
13 54 13 28 37 48 54
25 61 25 38 41 50 51 58 61
62 72 62 72
22 51 22 34 45 50 51
11 20 11 20
5 28 5 6 17 20 26 28
13 87 13 72 87
36 52 36 48 52
59 88 59 86 88
43 63 43 62 63
8 24 8 9 24
14 67 14 34 45 52 67
32 44 32 44
20 39 20 39
16 80 16 28 41 53 80
28 46 28 46
1 35 1 13 26 28 35
28 53 28 41 53
14 84 14 34 59 66 78 84
3 86 3 14 28 64 86
36 66 36 37 48 54 59 66
72 86 72 86
0 80 0 20 56 62 63 80
28 81 28 49 72 78 81
35 72 35 72
44 85 44 55 67 82 85
41 64 41 49 51 58 64
19 43 19 43
28 53 28 41 53
30 57 30 44 55 57
50 77 50 60 66 77
22 38 22 25 38
9 44 9 20 32 44
36 65 36 59 65
2 74 2 23 57 74
16 82 16 44 64 68 74 82
12 45 12 17 20 30 34 45
29 60 29 36 37 51 60
19 69 19 38 42 51 60 69
24 29 24 29
11 88 11 70 81 83 88
8 58 8 58
10 34 10 34
38 60 38 60
2 80 2 9 17 33 61 75 80
9 42 9 13 26 38 42
28 53 28 41 53
44 78 44 78
51 67 51 58 67
3 30 3 9 13 24 30
27 85 27 70 72 82 85
33 74 33 52 64 68 74
51 86 51 58 64 86
20 44 20 30 44
20 70 20 26 38 41 70
35 84 35 39 58 67 72 78 84
10 45 10 34 45
38 46 38 42 46
0 27 0 24 27
30 79 30 34 44 55 79
12 41 12 24 30 41
8 47 8 9 24 27 29 43 47
35 89 35 59 89
9 13 9 13
8 40 8 9 24 27 29 36 37 40
54 86 54 86
12 29 12 29
2 42 2 9 20 26 38 42
58 76 58 68 69 76
15 44 15 22 34 44
10 53 10 24 27 44 53
7 19 7 14 19
4 88 4 60 82 85 88
7 78 7 40 78
33 73 33 39 58 67 73
34 60 34 45 50 51 60
52 76 52 64 69 76
16 83 16 44 79 81 83
21 50 21 26 38 41 50
34 45 34 45
16 40 16 40
17 57 17 32 44 55 57
57 78 57 78
12 60 12 60
47 67 47 67
28 41 28 41
34 79 34 79
2 52 2 9 17 52
24 29 24 27 29
7 19 7 14 19
43 85 43 62 63 82 85
2 27 2 9 24 27
10 29 10 24 29
13 20 13 20
17 40 17 20 40
14 21 14 19 21
18 72 18 72
2 89 2 23 57 78 84 89
34 63 34 45 55 57 63
47 77 47 77
5 84 5 72 78 84
52 64 52 64
24 47 24 27 29 43 47
33 63 33 37 40 63
7 64 7 49 51 58 64
51 58 51 58
43 84 43 70 72 78 84
33 68 33 39 58 64 68
33 59 33 49 51 59
48 65 48 54 59 65
51 59 51 59
29 48 29 36 48
32 53 32 53
54 71 54 59 64 71
10 38 10 17 20 26 38
21 26 21 26
50 51 50 51
36 48 36 37 48
41 69 41 59 64 69
22 31 22 31
70 71 70 71
52 64 52 64
14 28 14 28
12 61 12 37 49 51 58 61
19 26 19 21 26
75 82 75 82
9 37 9 20 26 28 37
30 34 30 34
36 50 36 50
1 55 1 13 36 43 44 55
15 53 15 21 26 38 41 53
36 65 36 48 54 59 65
45 69 45 50 60 69
67 88 67 72 82 85 88
29 75 29 43 47 61 75
8 63 8 34 45 55 57 63
22 77 22 33 39 58 77
17 69 17 60 69
28 61 28 37 49 51 58 61
32 65 32 48 54 59 65
7 70 7 43 70
17 29 17 29
24 64 24 50 51 59 64
39 76 39 69 76
26 73 26 55 67 73
15 43 15 22 43
0 10 0 10
17 20 17 20
19 86 19 38 42 62 72 86
63 88 63 82 85 88
13 20 13 20
38 88 38 42 46 77 88
75 80 75 80
3 17 3 9 17
19 49 19 33 37 49
2 48 2 14 19 21 26 28 37 48
45 69 45 55 58 64 68 69
16 83 16 28 37 40 63 83
22 82 22 25 35 59 66 71 82
5 79 5 36 43 44 55 79
3 69 3 9 20 32 44 64 69
4 48 4 30 34 48
2 72 2 56 62 72
11 77 11 20 66 77
33 83 33 72 78 81 83
45 67 45 67
0 47 0 24 27 29 43 47
11 38 11 20 26 38
8 75 8 58 61 75
8 62 8 28 35 56 62
35 88 35 63 83 88
33 67 33 52 67
19 46 19 33 46
33 62 33 62
3 58 3 9 13 49 51 58
56 68 56 64 68
6 48 6 15 30 34 48
25 86 25 57 72 86
10 86 10 24 43 64 86
27 79 27 79
51 68 51 64 68
33 46 33 46
30 48 30 48
70 81 70 72 78 81
7 76 7 39 69 76
20 49 20 26 28 41 49
16 29 16 29
70 78 70 72 78
40 78 40 78
22 76 22 59 69 76
4 78 4 60 66 78
37 48 37 48
23 55 23 32 44 55
25 88 25 40 63 80 81 83 88
9 86 9 50 59 64 86
0 25 0 10 17 25
7 85 7 62 72 82 85
13 28 13 20 26 28
1 32 1 2 9 13 20 32
27 72 27 44 55 57 72
44 76 44 55 58 68 69 76
48 73 48 52 67 73
18 87 18 22 43 62 72 87
43 77 43 77
27 48 27 29 36 48
13 29 13 24 29
57 74 57 74
58 68 58 68
29 64 29 43 64
13 76 13 49 76
58 76 58 68 69 76
12 74 12 29 36 37 49 51 64 68 74
7 63 7 28 37 40 63
12 55 12 29 43 44 55
15 58 15 58
17 67 17 52 67
3 58 3 16 28 41 49 51 58
12 45 12 17 20 30 34 45
11 54 11 21 26 28 37 48 54
45 52 45 52
5 88 5 6 40 78 81 83 88
48 65 48 54 59 65
61 82 61 75 82
10 80 10 48 52 80
12 72 12 45 52 67 72
5 42 5 6 18 20 26 38 42
47 61 47 61
33 61 33 51 58 61
21 75 21 58 61 75
1 88 1 3 15 46 77 87 88
68 69 68 69
52 68 52 64 68
58 80 58 61 75 80
2 85 2 14 70 71 82 85
54 82 54 71 82
0 27 0 24 27
15 26 15 21 26
18 81 18 72 78 81
11 77 11 77
34 75 34 44 55 58 61 75
17 32 17 32
6 45 6 17 20 30 34 45
64 88 64 71 82 85 88
27 84 27 70 72 78 84
5 79 5 79
33 73 33 52 67 73
51 65 51 59 65
9 13 9 13
18 42 18 20 26 42
82 88 82 85 88
20 47 20 32 47
37 82 37 40 64 71 82
38 65 38 65
34 48 34 48
18 87 18 59 64 69 87
6 28 6 16 28
17 25 17 25
17 63 17 29 36 43 62 63
21 71 21 58 64 71
72 78 72 78
48 54 48 54
50 80 50 51 58 61 75 80
13 26 13 26
34 79 34 44 79
7 40 7 27 29 36 37 40
41 76 41 50 60 69 76
81 83 81 83
17 89 17 60 66 77 89
33 63 33 37 40 63
37 80 37 48 52 80
4 35 4 8 28 35
70 86 70 86
9 82 9 57 72 82
27 72 27 70 72
1 89 1 13 72 78 84 89
4 60 4 30 41 50 60
7 85 7 32 44 64 68 74 85
3 78 3 30 44 78
10 66 10 34 48 54 59 66
17 77 17 29 36 48 54 59 77
41 75 41 49 51 58 61 75
41 85 41 57 74 85
41 84 41 50 51 59 66 78 84
4 40 4 23 25 40
32 54 32 48 54
23 58 23 32 58
13 86 13 36 37 51 58 64 86
13 68 13 20 55 58 64 68
58 68 58 64 68
9 37 9 13 20 26 28 37
6 71 6 37 52 64 71
69 88 69 87 88
2 73 2 23 37 52 67 73
0 33 0 10 17 33
1 60 1 13 24 30 41 49 51 60
4 65 4 30 54 59 65
38 89 38 41 67 72 78 84 89
8 38 8 9 17 20 26 38
30 79 30 34 79
28 37 28 37
50 69 50 51 59 69
19 39 19 33 39
8 84 8 40 78 84
51 71 51 64 71
14 19 14 19
48 75 48 61 75
38 85 38 41 59 66 71 82 85
6 49 6 30 41 49
43 64 43 64
25 42 25 38 42
42 89 42 57 72 78 84 89
0 13 0 13
17 69 17 33 51 64 69
17 20 17 20
17 68 17 52 64 68
12 46 12 17 25 38 42 46
55 76 55 58 68 69 76
4 43 4 13 24 27 29 36 43
5 28 5 6 16 28
32 80 32 44 55 58 61 75 80
41 78 41 70 72 78
10 54 10 24 29 48 54
10 80 10 30 34 44 55 61 75 80
25 33 25 33
75 82 75 82
10 30 10 17 20 30
26 89 26 55 67 72 78 84 89
59 85 59 71 82 85
32 89 32 47 77 89
4 69 4 69
14 28 14 19 21 26 28
10 38 10 17 20 26 38
16 61 16 38 42 51 58 61
67 78 67 72 78
28 53 28 41 53
29 78 29 43 62 72 78
49 69 49 51 59 64 69
48 86 48 72 86
17 51 17 25 38 42 51
7 21 7 14 19 21
1 73 1 39 58 67 73
10 36 10 17 29 36
18 63 18 21 40 63
37 59 37 48 54 59
25 80 25 40 63 80
50 85 50 51 58 61 75 82 85
30 41 30 41
15 43 15 22 43
33 37 33 37
43 89 43 47 67 72 78 84 89
42 59 42 51 59
70 82 70 72 82
28 69 28 35 56 64 69
1 43 1 3 15 22 31 43
54 81 54 75 80 81
62 82 62 72 82
42 85 42 62 63 82 85
3 61 3 15 58 61
15 21 15 21
26 38 26 38
37 74 37 49 51 64 68 74
9 79 9 24 55 79
8 38 8 9 17 25 38
13 65 13 29 43 65
81 83 81 83
50 87 50 60 69 87
22 57 22 43 44 55 57
27 53 27 53
9 20 9 20
16 74 16 40 64 68 74
45 57 45 55 57
6 79 6 27 44 55 79
25 84 25 79 84
37 48 37 48
33 54 33 37 48 54
29 57 29 43 44 55 57
49 51 49 51
45 50 45 50
6 63 6 30 44 55 57 63
50 71 50 51 59 66 71
9 50 9 13 20 30 41 50
20 87 20 66 77 87
38 86 38 70 86
2 75 2 23 49 51 58 61 75
66 83 66 83
10 78 10 52 78
7 32 7 32
27 60 27 29 36 37 49 51 60
0 26 0 10 17 20 26
0 42 0 13 26 42
43 57 43 44 55 57
26 60 26 28 49 51 60
43 52 43 52
68 88 68 69 87 88
64 86 64 86
3 20 3 9 20
3 38 3 15 21 26 38
14 54 14 25 33 37 48 54
41 70 41 70
6 50 6 30 34 45 50
13 76 13 20 40 68 69 76
63 88 63 82 85 88
55 80 55 58 61 75 80
9 41 9 17 20 26 38 41
14 44 14 34 44
29 70 29 43 70
20 44 20 32 44
13 20 13 20
80 83 80 83
2 71 2 56 64 71
50 82 50 60 66 71 82
5 69 5 36 43 44 55 58 64 68 69
13 41 13 20 26 28 41
57 78 57 78
37 82 37 49 51 60 82
77 89 77 89
4 30 4 13 24 30
12 56 12 17 20 56
28 77 28 35 39 58 77
30 57 30 41 57
48 61 48 61
12 73 12 27 58 67 73
18 76 18 34 44 64 68 69 76
48 73 48 52 67 73
18 79 18 20 26 38 41 79
0 82 0 13 29 70 72 82
25 66 25 35 59 66
2 38 2 23 25 38
30 85 30 48 54 72 82 85
11 39 11 21 26 28 35 39
1 36 1 2 9 13 24 27 29 36
47 84 47 67 72 78 84
15 46 15 22 33 46
34 45 34 45
60 83 60 66 83
54 87 54 59 77 87
60 83 60 66 78 81 83
0 47 0 13 24 29 36 43 47
47 67 47 67
75 88 75 88
28 63 28 37 40 63
52 71 52 64 71
43 87 43 87
58 76 58 68 69 76
24 59 24 29 36 59
32 85 32 47 61 75 82 85
48 64 48 52 64
6 79 6 17 20 26 38 41 79
5 62 5 6 27 29 36 43 62
5 85 5 64 82 85
11 35 11 20 26 28 35
18 81 18 20 26 55 61 75 80 81
4 62 4 8 62
36 57 36 55 57
4 70 4 23 25 38 41 70
43 77 43 77
17 87 17 58 68 69 87
18 88 18 59 77 87 88
59 78 59 66 78
36 65 36 59 65
41 78 41 49 51 59 66 78
1 80 1 19 21 40 63 80
51 86 51 58 64 86
23 85 23 35 59 66 71 82 85
32 81 32 53 80 81
55 78 55 67 72 78
43 84 43 52 78 84
0 39 0 24 30 39
55 79 55 79
25 79 25 79
60 82 60 82
82 85 82 85
29 73 29 43 44 73
15 45 15 22 34 45
49 76 49 76
6 63 6 24 55 57 63
26 41 26 28 41
17 82 17 29 36 66 71 82
19 33 19 33
9 17 9 17
21 57 21 42 57
13 36 13 36
59 86 59 64 86
8 53 8 28 41 53
4 77 4 13 49 51 60 66 77
9 57 9 57
54 75 54 75
35 76 35 59 64 68 69 76
6 31 6 31
10 78 10 24 30 44 78
41 53 41 53
55 83 55 57 72 78 81 83
8 40 8 9 24 27 29 36 37 40
12 53 12 24 43 44 53
16 41 16 28 41
3 37 3 14 28 37
15 46 15 22 33 46
36 83 36 50 59 64 81 83
14 80 14 31 43 52 80
19 68 19 56 64 68
21 77 21 58 77
69 88 69 87 88
6 28 6 16 28
51 64 51 59 64
3 34 3 14 34
12 17 12 17
59 66 59 66
22 53 22 25 38 41 53
0 53 0 13 28 41 53
47 61 47 61
8 72 8 34 45 67 72
43 52 43 52
40 85 40 85
41 72 41 50 51 67 72
40 64 40 64
37 60 37 49 51 60
10 78 10 17 52 78
32 54 32 48 54
45 84 45 54 72 78 84
29 80 29 43 52 80
20 30 20 30
2 83 2 14 42 62 63 80 83
72 89 72 78 84 89
5 45 5 6 24 30 34 45
39 81 39 58 64 81
20 44 20 32 44
15 74 15 22 43 62 74
22 41 22 25 38 41
3 32 3 9 13 20 32
47 84 47 67 72 78 84
14 45 14 34 45
51 84 51 67 72 78 84
21 59 21 26 38 41 49 51 59
64 74 64 68 74
33 59 33 49 51 59
22 33 22 25 33
7 88 7 27 29 43 87 88
3 38 3 16 23 25 38
20 77 20 26 42 46 77
68 82 68 74 82
11 72 11 20 32 58 67 72
30 52 30 48 52
15 56 15 21 26 28 35 56
39 76 39 58 64 69 76
22 43 22 31 43
14 78 14 42 57 78
43 58 43 44 55 58
18 42 18 21 42
33 82 33 49 72 82
25 74 25 35 59 64 68 74
66 77 66 77
32 85 32 66 71 82 85
41 72 41 50 51 58 67 72
32 66 32 66
6 30 6 30
1 73 1 13 20 32 58 67 73
24 83 24 55 79 83
21 61 21 42 51 58 61
53 80 53 80
19 39 19 33 39
5 89 5 89
9 64 9 24 29 36 37 52 64
33 87 33 37 40 68 69 87
50 60 50 60
70 72 70 72
10 64 10 17 58 64
75 80 75 80
25 33 25 33
60 71 60 66 71
21 80 21 58 61 75 80
16 80 16 31 43 52 80
41 49 41 49
26 76 26 55 58 68 69 76
58 69 58 68 69
15 22 15 22
29 69 29 43 64 68 69
41 60 41 50 60
41 75 41 49 51 58 61 75
1 60 1 7 28 49 51 60
62 74 62 74
27 79 27 44 55 79
0 35 0 13 28 35
28 71 28 64 71
5 76 5 64 69 76
6 73 6 31 43 52 67 73
10 30 10 30
5 77 5 52 77
1 50 1 26 28 41 50
50 67 50 51 67
32 44 32 44
4 9 4 8 9
75 88 75 82 85 88
2 38 2 9 20 26 38
20 58 20 26 42 51 58
50 87 50 51 64 69 87
0 25 0 10 17 25
29 53 29 36 43 44 53
30 53 30 44 53
19 41 19 21 26 28 41
2 39 2 23 35 39
16 53 16 31 43 44 53
7 63 7 56 62 63
41 66 41 59 66
24 80 24 55 58 61 75 80
13 74 13 49 51 58 68 74
4 8 4 8
15 52 15 22 25 33 52
54 64 54 59 64
31 55 31 43 44 55
79 84 79 84
50 77 50 59 77
67 82 67 72 82
24 77 24 77
55 57 55 57
2 32 2 9 13 20 32
4 65 4 13 24 30 54 59 65
27 66 27 29 36 66
3 49 3 15 26 28 37 49
38 79 38 41 79
19 74 19 21 58 68 74
17 34 17 20 30 34
54 71 54 71
6 54 6 37 48 54
68 74 68 74
3 17 3 9 17
5 41 5 6 24 30 41
38 51 38 42 51
6 27 6 27
9 79 9 17 32 44 55 79
71 88 71 82 85 88
8 33 8 9 17 25 33
22 77 22 34 45 52 77
26 58 26 38 41 50 51 58
8 73 8 58 67 73
1 50 1 13 36 50
7 59 7 29 48 54 59
20 49 20 26 38 41 49
23 66 23 66
0 74 0 27 58 68 74
23 84 23 37 51 58 67 72 78 84
6 40 6 15 26 28 37 40
27 74 27 44 64 68 74
15 53 15 26 28 41 53
58 69 58 68 69
21 74 21 40 64 68 74
52 64 52 64
12 87 12 24 50 60 66 77 87
9 53 9 24 30 34 44 53
79 83 79 81 83
1 34 1 7 14 34
42 89 42 62 72 78 84 89
21 57 21 26 28 41 57
40 69 40 64 68 69
24 63 24 29 36 55 57 63
34 73 34 45 54 67 73
84 89 84 89
9 61 9 17 20 32 48 61
13 65 13 29 48 54 59 65
26 79 26 28 41 79
19 71 19 21 26 42 70 71
11 70 11 21 42 70
1 24 1 13 24
3 38 3 14 19 38
48 54 48 54
37 65 37 51 59 65
18 43 18 22 31 43
30 48 30 34 48
30 85 30 54 71 82 85
15 44 15 22 34 44
14 66 14 19 21 42 51 60 66
48 86 48 54 59 64 86
34 74 34 59 64 68 74
2 50 2 14 25 38 41 50
21 58 21 58
13 82 13 72 82
1 89 1 13 84 89
28 73 28 37 48 54 73
0 39 0 10 30 39
5 75 5 75
6 42 6 15 22 25 38 42
26 79 26 55 79
58 61 58 61
16 71 16 44 55 58 64 71
13 83 13 60 66 78 81 83
19 38 19 38
10 52 10 24 30 34 45 52
13 20 13 20
36 65 36 50 51 59 65
17 49 17 33 49
37 59 37 48 54 59
17 89 17 33 62 72 78 84 89
13 87 13 60 66 77 87
45 66 45 54 59 66
51 69 51 64 68 69
11 51 11 20 30 34 45 50 51
45 55 45 55
67 86 67 72 86
7 69 7 14 31 56 64 68 69
42 76 42 51 64 69 76
14 31 14 31
12 72 12 57 72
54 59 54 59
22 61 22 31 43 44 55 58 61
31 88 31 56 78 81 83 88
51 80 51 80
10 53 10 34 44 53
12 54 12 45 54
33 78 33 37 49 51 67 72 78
11 20 11 20
51 67 51 58 67
19 33 19 33
72 82 72 82
3 76 3 64 69 76
5 6 5 6
37 40 37 40
7 50 7 27 29 36 50
0 50 0 10 17 25 38 41 50
31 61 31 43 47 61
10 77 10 60 66 77
3 14 3 14
17 68 17 58 68
30 88 30 34 79 84 88
8 38 8 9 20 26 38
38 70 38 41 70
51 88 51 86 88
59 69 59 64 68 69
33 49 33 37 49
40 89 40 89
1 78 1 78
62 63 62 63
1 22 1 3 15 22
28 86 28 35 39 58 64 86
29 43 29 36 43
51 88 51 58 77 87 88
12 73 12 37 51 58 67 73
30 73 30 39 58 67 73
32 78 32 58 67 72 78
41 75 41 50 51 58 61 75
82 85 82 85
43 58 43 44 55 58
1 67 1 19 33 39 58 67
16 33 16 23 25 33
56 81 56 64 81
51 75 51 58 61 75
2 56 2 23 35 56
28 49 28 49
29 73 29 36 48 54 73
37 59 37 49 51 59
37 40 37 40
44 73 44 73
22 75 22 43 47 75
36 81 36 48 54 59 64 81
26 49 26 38 41 49
51 68 51 58 64 68
45 64 45 50 51 64
6 40 6 24 29 36 37 40
30 65 30 39 65
15 46 15 21 26 38 42 46
5 76 5 6 27 29 48 54 59 64 68 69 76
57 82 57 82
16 82 16 40 63 82
36 65 36 59 65
36 53 36 43 44 53
67 89 67 72 78 84 89
21 72 21 26 28 49 72
20 77 20 32 44 53 77
50 71 50 60 66 71
8 81 8 34 48 61 75 80 81
8 28 8 28
62 86 62 72 86
84 88 84 88
29 69 29 48 54 59 64 69
14 89 14 59 77 89
9 73 9 13 26 67 73
16 38 16 38
56 82 56 64 82
47 61 47 61
42 59 42 51 59
6 23 6 16 23
0 55 0 13 36 55
85 88 85 88
4 57 4 13 26 28 41 57
22 70 22 25 38 42 70
26 41 26 28 41
45 64 45 50 59 64
57 72 57 72
18 71 18 21 40 64 71
4 70 4 8 9 13 20 26 28 41 70
7 69 7 64 69
4 26 4 8 9 17 20 26
23 44 23 32 44
43 62 43 62
57 82 57 82
39 76 39 76
7 57 7 57
37 52 37 52
10 54 10 24 27 29 36 37 48 54
31 88 31 43 47 80 81 83 88
1 23 1 3 16 23
33 69 33 52 64 69
12 28 12 17 20 26 28
9 61 9 17 25 35 39 58 61
43 72 43 70 72
2 38 2 9 17 20 26 38
30 41 30 41
57 82 57 72 82
17 54 17 29 48 54
20 30 20 30
25 82 25 57 63 82
34 75 34 44 55 61 75
55 79 55 79
53 84 53 84
24 87 24 77 87
20 85 20 56 62 74 82 85
15 52 15 21 26 28 37 52
45 66 45 50 51 59 66
12 87 12 29 48 72 87
36 48 36 48
1 32 1 7 32
45 84 45 54 67 72 78 84
16 81 16 38 60 66 78 81
59 89 59 66 77 89
28 81 28 35 56 62 72 78 81
7 21 7 14 19 21
11 38 11 21 26 38
2 46 2 14 25 33 46
33 74 33 51 59 64 68 74
21 57 21 26 42 57
1 26 1 13 26
29 43 29 36 43
28 60 28 41 49 51 60
6 30 6 30
51 68 51 58 68
5 17 5 6 17
4 42 4 13 20 26 38 42
13 70 13 26 42 70
33 83 33 37 48 52 78 81 83
5 61 5 36 43 47 61
1 48 1 7 14 28 37 48
33 82 33 62 74 82
64 81 64 81
16 23 16 23
13 62 13 36 43 62
1 71 1 2 9 24 71
36 57 36 43 44 55 57
0 81 0 57 72 78 81
70 72 70 72
13 45 13 24 30 34 45
16 83 16 23 66 78 81 83
34 88 34 45 50 82 85 88
43 57 43 44 55 57
13 70 13 29 70
34 87 34 45 64 68 69 87
55 69 55 58 68 69
34 81 34 59 64 81
57 72 57 72
27 72 27 58 67 72
26 59 26 42 51 59
23 84 23 57 78 84
31 65 31 56 62 65
13 62 13 28 35 56 62
50 82 50 51 59 64 68 74 82
16 59 16 28 49 51 59
15 46 15 26 42 46
22 58 22 31 43 44 55 58
56 86 56 62 72 86
35 84 35 59 66 78 84
41 76 41 76
48 84 48 72 78 84
28 46 28 46
15 58 15 22 43 44 55 58
1 24 1 3 9 13 24
10 53 10 17 32 44 53
3 37 3 27 29 36 37
36 72 36 55 57 72
50 59 50 51 59
33 88 33 37 51 64 69 87 88
29 58 29 43 44 55 58
17 26 17 20 26
22 54 22 25 33 37 48 54
50 69 50 59 64 68 69
35 65 35 39 65
23 35 23 35
10 33 10 17 25 33
24 43 24 29 43
28 35 28 35
14 87 14 42 62 72 87
15 40 15 22 33 37 40
48 86 48 52 64 86
16 74 16 35 56 74
16 46 16 28 46
43 53 43 44 53
6 27 6 24 27
21 72 21 42 62 72
16 44 16 31 43 44
11 39 11 21 26 28 35 39
28 63 28 35 63
41 70 41 70
16 61 16 29 48 61
3 31 3 14 31
67 83 67 72 78 81 83
2 72 2 9 20 55 67 72
10 83 10 24 43 52 78 81 83
28 68 28 37 51 64 68
25 74 25 33 39 58 68 74
27 88 27 29 43 44 78 81 83 88
39 89 39 58 77 89
29 69 29 48 54 59 64 69
16 59 16 29 36 50 51 59
41 71 41 49 51 58 64 71
3 16 3 16
8 35 8 28 35
55 61 55 58 61
20 79 20 79
37 67 37 52 67
15 43 15 22 43
58 84 58 67 72 78 84
52 77 52 77
6 24 6 24
33 87 33 51 60 69 87
35 65 35 65
3 85 3 15 30 41 67 82 85
34 74 34 59 64 68 74
19 66 19 21 59 66
45 88 45 83 88
45 64 45 55 58 64
20 44 20 30 44
20 87 20 30 44 64 69 87
51 69 51 60 69
11 70 11 21 26 38 70
24 68 24 29 48 54 59 64 68
51 76 51 64 69 76
25 84 25 40 78 84
4 70 4 70
44 55 44 55
14 60 14 34 45 50 60
6 39 6 24 30 39
7 87 7 56 64 69 87
19 56 19 56
20 56 20 26 28 35 56
30 86 30 34 79 86
37 84 37 59 66 78 84
36 59 36 48 54 59
21 68 21 42 51 58 68
4 37 4 8 28 37
1 53 1 19 21 26 38 41 53
51 81 51 60 66 78 81
5 85 5 72 82 85
17 50 17 25 38 41 50
7 59 7 14 42 51 59
36 88 36 37 48 72 87 88
4 40 4 13 24 29 36 37 40
11 49 11 20 26 28 49
28 71 28 37 59 64 71
26 81 26 75 80 81
15 44 15 30 44
9 61 9 20 39 58 61
30 75 30 41 49 51 58 61 75
35 66 35 59 66
6 54 6 16 29 36 48 54
3 86 3 14 31 56 62 72 86
30 44 30 44
41 80 41 63 80
4 82 4 23 37 72 82
4 35 4 23 35
58 80 58 61 75 80
68 76 68 69 76
15 37 15 26 28 37
20 84 20 56 78 84
12 57 12 27 44 55 57
61 75 61 75
20 87 20 40 68 69 87
59 78 59 66 78
41 50 41 50
9 70 9 24 29 70
4 41 4 8 41
25 82 25 57 63 82
60 83 60 66 78 81 83
2 34 2 9 17 20 30 34
51 75 51 58 61 75
16 59 16 29 36 37 48 54 59
1 54 1 19 21 26 28 37 48 54
45 83 45 55 67 72 78 81 83
6 70 6 18 20 30 41 70
6 18 6 18
13 51 13 36 50 51
36 60 36 37 49 51 60
15 26 15 21 26
61 88 61 75 88
2 14 2 14
8 34 8 34
6 32 6 18 20 32
25 68 25 40 68
32 61 32 44 55 61
27 52 27 29 36 43 52
16 33 16 23 25 33
60 66 60 66
67 84 67 72 78 84
5 59 5 6 54 59
29 77 29 36 55 58 77
10 83 10 34 59 66 78 81 83
8 32 8 9 20 32
62 86 62 72 86
6 54 6 18 34 45 54
1 37 1 19 33 37
5 47 5 6 24 29 43 47
10 51 10 30 34 45 50 51
7 57 7 29 36 43 44 55 57
63 85 63 82 85
67 87 67 72 87
14 60 14 25 33 49 51 60
16 41 16 23 25 38 41
0 74 0 45 54 59 64 68 74
21 35 21 26 28 35
41 80 41 49 51 80
2 24 2 9 13 24
17 58 17 25 38 42 51 58
36 48 36 37 48
40 68 40 64 68
43 62 43 62
45 52 45 52
42 58 42 51 58
42 59 42 51 59
36 89 36 50 59 89
32 72 32 48 54 67 72
10 58 10 17 33 49 51 58
37 67 37 48 52 67
64 86 64 86
36 89 36 43 47 67 72 78 84 89
16 23 16 23
23 77 23 32 48 54 59 77
35 89 35 72 78 84 89
18 35 18 22 25 35
1 89 1 2 23 37 52 89
42 76 42 51 59 64 69 76
12 46 12 17 33 46
12 29 12 27 29
2 64 2 9 13 64
30 54 30 48 54
45 57 45 57
2 85 2 23 57 63 82 85
9 62 9 24 29 43 62
16 38 16 23 25 38
66 78 66 78
17 69 17 25 35 59 64 68 69
43 64 43 64
17 40 17 29 36 37 40
32 83 32 66 78 81 83
34 88 34 48 72 82 85 88
2 48 2 14 19 33 37 48
21 46 21 42 46
29 67 29 36 37 52 67
0 47 0 13 36 43 47
16 89 16 44 79 84 89
45 73 45 67 73
16 31 16 31
72 88 72 87 88
30 39 30 39
8 49 8 28 49
2 36 2 9 13 36
16 53 16 29 43 44 53
25 61 25 35 39 58 61
4 37 4 8 9 17 25 33 37
12 61 12 29 43 44 55 58 61
15 74 15 30 34 48 54 59 64 68 74
14 74 14 28 68 74
43 77 43 47 77
80 83 80 83
62 85 62 74 85
4 77 4 77
1 36 1 2 9 17 29 36
17 77 17 25 38 60 66 77
36 89 36 37 51 67 72 78 84 89
32 89 32 53 84 89
20 55 20 30 34 44 55
70 72 70 72
25 75 25 33 61 75
9 71 9 71
49 69 49 69
47 89 47 77 89
39 87 39 87
12 50 12 50
1 22 1 3 15 22
54 78 54 67 72 78
84 89 84 89
64 71 64 71
29 80 29 75 80
18 76 18 76
32 53 32 44 53
7 73 7 14 28 35 39 58 67 73
22 54 22 34 48 54
29 36 29 36
53 84 53 84
50 58 50 51 58
26 48 26 28 37 48
62 83 62 63 80 83
18 79 18 20 26 28 41 79
18 39 18 21 26 28 35 39
15 52 15 26 28 37 48 52
20 63 20 26 55 57 63
52 80 52 80
21 28 21 26 28
50 59 50 51 59
13 87 13 64 68 69 87
29 62 29 43 62
32 81 32 58 64 81
60 82 60 66 71 82
33 59 33 51 59
9 61 9 13 28 35 39 58 61
30 48 30 48
10 64 10 48 52 64
19 85 19 43 52 67 72 82 85
36 60 36 60
32 47 32 47
66 82 66 71 82
28 61 28 37 48 61
63 85 63 82 85
4 65 4 30 34 45 50 59 65
9 62 9 24 43 62
2 65 2 9 24 43 65
28 77 28 35 59 77
17 89 17 32 89
62 63 62 63
24 63 24 29 43 62 63
10 61 10 30 44 55 58 61
24 52 24 30 34 45 52
16 28 16 28
23 62 23 35 56 62
37 72 37 52 67 72
44 78 44 78
7 87 7 14 70 72 87
27 43 27 29 43
12 25 12 17 25
13 87 13 26 28 37 59 77 87
39 69 39 69
21 58 21 42 51 58
45 58 45 50 51 58
6 23 6 16 23
41 78 41 57 78
33 59 33 51 59
24 80 24 80
16 40 16 29 36 37 40
72 88 72 78 81 83 88
12 26 12 17 20 26
52 83 52 80 83
2 34 2 14 34
20 45 20 30 34 45
51 80 51 80
3 9 3 9
8 33 8 9 17 33
0 39 0 24 30 39
29 75 29 36 48 61 75
25 54 25 33 37 48 54
8 58 8 9 13 20 55 58
1 66 1 7 49 51 59 66
20 38 20 26 38
31 82 31 43 52 71 82
13 70 13 28 41 70
54 66 54 59 66
23 87 23 25 33 37 59 69 87
36 75 36 48 54 75
37 67 37 49 51 67
47 77 47 77
37 72 37 72
12 50 12 45 50
20 50 20 26 28 41 50
20 59 20 30 34 45 54 59
1 73 1 7 49 51 58 67 73
59 88 59 71 88
59 66 59 66
16 29 16 29
5 39 5 6 15 21 26 28 35 39
8 9 8 9
4 40 4 8 40
2 89 2 9 24 89
11 62 11 35 56 62
2 23 2 23
64 69 64 68 69
21 66 21 59 66
13 49 13 49
5 89 5 79 84 89
38 41 38 41
11 49 11 20 30 41 49
28 58 28 41 49 51 58
34 44 34 44
7 68 7 43 64 68
6 50 6 18 21 26 28 41 50
13 27 13 24 27
0 59 0 59
68 88 68 74 82 85 88
33 72 33 52 67 72
3 32 3 9 17 20 32
51 64 51 64
22 49 22 33 49
6 71 6 16 44 64 71
33 37 33 37
27 76 27 58 64 68 69 76
54 72 54 72
35 62 35 56 62
43 89 43 47 77 89
43 64 43 52 64
1 78 1 26 42 70 72 78
18 75 18 20 30 41 49 51 58 61 75
8 54 8 9 13 36 37 48 54
1 55 1 7 27 29 36 43 44 55
37 48 37 48
26 88 26 88
4 82 4 13 26 75 82
49 66 49 51 60 66
50 87 50 51 67 72 87
42 65 42 57 63 65
74 82 74 82
30 49 30 41 49
19 82 19 82
36 88 36 55 61 88
27 52 27 29 43 52
32 54 32 48 54
2 27 2 9 13 24 27
1 2 1 2
38 66 38 60 66
62 88 62 72 82 85 88
23 83 23 32 58 64 81 83
22 38 22 25 38
10 64 10 17 20 30 41 49 51 59 64
29 69 29 48 54 59 69
8 41 8 28 41
24 73 24 43 47 67 73
12 66 12 66
11 42 11 21 42
32 47 32 47
12 68 12 24 30 34 59 64 68
57 78 57 78
29 72 29 70 72
8 84 8 40 78 84
24 63 24 30 34 45 55 57 63
17 54 17 32 48 54
10 51 10 17 29 36 50 51
6 43 6 18 22 31 43
22 33 22 25 33
10 45 10 24 30 34 45
17 34 17 20 30 34
4 86 4 41 67 72 86
3 35 3 15 21 26 28 35
28 41 28 41
44 76 44 55 58 64 69 76
32 44 32 44
3 82 3 9 24 55 57 82
20 30 20 30
32 61 32 44 55 61
64 71 64 71
48 83 48 54 81 83
25 53 25 38 41 53
20 35 20 26 28 35
79 81 79 81
2 36 2 9 17 29 36
19 62 19 56 62
14 25 14 25
15 52 15 26 28 37 48 52
17 43 17 29 43
15 57 15 21 42 57
2 9 2 9
45 57 45 55 57
13 82 13 28 41 50 60 82
36 82 36 37 48 61 75 82
1 66 1 3 9 24 29 48 54 59 66
34 50 34 45 50
4 51 4 41 50 51
1 39 1 7 39
43 53 43 44 53
27 75 27 29 36 48 75
58 64 58 64
33 67 33 39 58 67
26 56 26 28 35 56
8 28 8 28
9 64 9 20 26 55 58 64
48 64 48 54 59 64
62 86 62 72 86
3 36 3 9 24 29 36
2 56 2 56
10 38 10 17 20 26 38
26 62 26 38 42 62
31 88 31 68 69 87 88
18 44 18 20 30 44
45 50 45 50
27 74 27 58 68 74
34 44 34 44
48 54 48 54
56 88 56 74 85 88
14 60 14 42 51 60
28 64 28 49 51 58 64
75 81 75 80 81
23 46 23 25 38 42 46
11 39 11 33 39
17 70 17 70
31 62 31 43 62
29 57 29 43 44 55 57
29 77 29 36 59 66 77
16 89 16 31 56 62 72 78 84 89
70 86 70 86
2 74 2 33 49 51 58 68 74
9 71 9 71
9 74 9 20 40 68 74
26 60 26 28 37 49 51 60
26 38 26 38
5 39 5 6 30 39
24 62 24 43 62
7 62 7 29 36 43 62
40 64 40 64
8 47 8 9 20 32 47
48 52 48 52
13 68 13 24 50 59 64 68
25 38 25 38
63 81 63 80 81
27 52 27 29 36 48 52
78 84 78 84
6 20 6 17 20
34 83 34 79 81 83
34 52 34 48 52
34 52 34 48 52
3 32 3 16 23 32
28 69 28 49 69
24 62 24 29 43 62
15 52 15 22 31 43 52
63 80 63 80
10 72 10 48 52 67 72
0 50 0 24 50
1 88 1 37 40 63 88
17 29 17 29
62 84 62 72 78 84
54 73 54 67 73
36 66 36 37 59 66
40 63 40 63
6 75 6 54 75
37 67 37 51 67
42 81 42 62 63 80 81
14 81 14 42 70 81
4 87 4 77 87
11 55 11 20 30 34 44 55
7 29 7 29
55 76 55 58 64 69 76
17 43 17 29 36 43
5 35 5 6 17 20 26 28 35
26 81 26 75 80 81
27 58 27 58
28 85 28 68 74 85
22 35 22 25 35
28 64 28 35 56 64
0 33 0 10 17 33
54 86 54 72 86
33 61 33 39 58 61
55 69 55 58 64 68 69
9 56 9 20 56
80 83 80 81 83
68 69 68 69
11 38 11 20 26 38
17 58 17 25 33 37 49 51 58
0 64 0 59 64
9 82 9 13 49 51 60 82
29 70 29 43 70
51 69 51 64 68 69
14 34 14 34
59 88 59 77 87 88
24 30 24 30
55 61 55 61
52 69 52 64 68 69
45 67 45 50 51 58 67
43 63 43 44 55 57 63
52 80 52 80
25 59 25 33 49 51 59
5 26 5 6 15 26
45 82 45 64 68 74 82
22 54 22 33 37 48 54
13 44 13 36 43 44
18 61 18 20 39 58 61
14 28 14 28
5 76 5 36 55 58 64 68 69 76
4 26 4 13 26
41 80 41 50 51 58 61 75 80
4 13 4 13
2 9 2 9
0 72 0 13 28 49 72
7 42 7 14 42
4 82 4 23 82
70 71 70 71
0 39 0 20 39
8 72 8 62 72
11 58 11 33 39 58
33 61 33 51 58 61
12 68 12 50 51 58 68
10 64 10 17 52 64
45 58 45 50 51 58
26 28 26 28
64 81 64 81
18 79 18 22 25 38 41 79
24 59 24 50 51 59
56 74 56 74
20 65 20 26 42 62 65
24 81 24 43 47 75 80 81
9 24 9 24
17 35 17 25 35
17 73 17 32 58 67 73
58 77 58 77
2 24 2 9 24
26 59 26 42 51 59
7 87 7 39 87
23 88 23 87 88
1 50 1 13 29 36 50
5 45 5 6 17 20 30 34 45
5 45 5 6 30 34 45
17 60 17 20 30 41 50 60
37 75 37 48 61 75
52 86 52 67 72 86
3 66 3 27 29 36 66
70 89 70 72 78 84 89
25 85 25 62 74 82 85
12 24 12 24
38 69 38 41 49 51 58 68 69
4 69 4 8 28 35 39 58 68 69
18 38 18 21 26 38
44 58 44 55 58
6 26 6 17 20 26
44 72 44 55 67 72
9 73 9 20 26 42 51 58 67 73
25 64 25 35 59 64
32 87 32 53 77 87
26 42 26 38 42
10 40 10 17 25 33 37 40
5 6 5 6
15 70 15 26 42 70
13 56 13 20 56
12 53 12 27 53
0 51 0 20 30 34 45 50 51
78 88 78 81 83 88
1 87 1 49 72 87
18 65 18 34 59 65
4 57 4 23 44 55 57
31 77 31 43 44 55 58 77
62 87 62 72 87
68 76 68 69 76
14 28 14 19 21 26 28
32 83 32 47 61 75 80 81 83
7 50 7 14 34 45 50
21 57 21 26 42 57
5 57 5 6 16 31 43 44 55 57
9 17 9 17
4 37 4 23 25 33 37
50 64 50 51 59 64
14 39 14 28 35 39
6 24 6 24
34 63 34 45 55 57 63
11 26 11 21 26
8 60 8 41 49 51 60
10 83 10 30 48 61 75 80 81 83
6 76 6 44 64 69 76
20 70 20 26 28 41 70
20 52 20 26 28 37 48 52
33 52 33 52
24 89 24 27 79 84 89
27 44 27 44
0 79 0 13 28 41 79
11 52 11 21 26 28 37 52
30 52 30 48 52
50 73 50 51 58 67 73
7 88 7 32 66 77 88
0 34 0 10 17 20 30 34
5 28 5 6 15 26 28
12 30 12 24 30
25 81 25 33 39 58 61 75 80 81
51 61 51 58 61
3 16 3 16
15 82 15 26 38 70 82
39 89 39 58 77 89
5 77 5 36 60 66 77
8 88 8 58 67 72 78 84 88
56 74 56 62 74
0 36 0 24 29 36
45 74 45 52 64 68 74
25 80 25 62 63 80
8 42 8 9 17 25 38 42
41 72 41 50 51 67 72
25 76 25 40 68 69 76
2 88 2 33 61 88
13 38 13 26 38
11 72 11 70 72
27 82 27 29 48 61 75 82
11 72 11 20 55 67 72
52 76 52 64 69 76
15 28 15 26 28
3 34 3 14 34
52 73 52 67 73
10 85 10 34 45 75 82 85
14 50 14 25 38 41 50
4 30 4 8 9 17 20 30
40 86 40 64 86
58 82 58 67 82
16 28 16 28
49 84 49 51 67 72 78 84
23 49 23 49
11 54 11 21 26 28 37 48 54
36 43 36 43
4 40 4 23 25 33 37 40
30 87 30 44 55 57 72 87
7 86 7 27 29 36 59 86
19 66 19 33 49 51 60 66
21 74 21 26 55 58 64 68 74
62 84 62 72 78 84
33 69 33 39 58 68 69
18 51 18 21 26 38 41 49 51
22 31 22 31
22 38 22 25 38
27 60 27 29 36 60
11 34 11 20 30 34
75 80 75 80
22 84 22 31 43 52 78 84
5 64 5 64
43 89 43 44 55 67 72 78 84 89
64 69 64 69
56 72 56 62 72
3 43 3 27 29 36 43
33 82 33 62 63 82
29 44 29 43 44
21 59 21 59
13 24 13 24
7 29 7 29
13 54 13 24 29 48 54
3 79 3 30 44 79
12 55 12 29 36 43 44 55
16 80 16 31 43 52 80
28 49 28 37 49
17 52 17 33 52
32 81 32 47 67 72 78 81
15 43 15 22 43
0 76 0 45 64 69 76
39 85 39 58 67 72 82 85
41 84 41 53 84
48 74 48 52 64 68 74
33 78 33 67 72 78
17 52 17 33 52
40 76 40 64 69 76
2 34 2 9 20 30 34
52 71 52 64 71
39 85 39 85
26 52 26 28 37 48 52
67 78 67 72 78
11 70 11 21 26 42 70
1 13 1 3 9 13
62 84 62 72 78 84
7 52 7 14 31 43 52
23 48 23 37 48
13 26 13 26
3 81 3 37 48 75 80 81
36 87 36 43 47 67 72 87
39 75 39 58 61 75
74 85 74 82 85
18 21 18 21
23 59 23 37 49 51 59
21 84 21 58 67 72 78 84
23 57 23 25 38 42 57
38 41 38 41
5 33 5 6 15 22 25 33
27 61 27 58 61
9 29 9 24 29
68 82 68 74 82
45 50 45 50
37 74 37 48 54 59 64 68 74
22 49 22 33 37 49
22 50 22 34 45 50
12 30 12 24 30
29 77 29 43 44 53 77
17 36 17 29 36
10 51 10 30 34 45 50 51
19 56 19 21 26 28 35 56
0 20 0 13 20
19 57 19 43 44 55 57
10 45 10 17 20 30 34 45
44 89 44 84 89
16 36 16 29 36
9 29 9 24 27 29
47 84 47 67 72 78 84
52 83 52 78 81 83
28 49 28 49
26 89 26 42 51 60 66 78 84 89
19 72 19 38 70 72
20 78 20 66 78
32 79 32 44 55 79
53 77 53 77
14 84 14 42 70 72 78 84
3 54 3 16 29 36 37 48 54
30 41 30 41
18 20 18 20
42 51 42 51
44 55 44 55
23 46 23 25 38 42 46
17 32 17 32
5 61 5 6 18 34 45 55 58 61
43 73 43 52 67 73
0 75 0 13 26 38 42 51 58 61 75
21 56 21 26 28 35 56
7 66 7 29 48 54 59 66
19 48 19 21 26 28 37 48
3 69 3 38 60 69
11 38 11 20 26 38
63 88 63 88
16 86 16 31 56 62 72 86
8 58 8 58
43 74 43 52 64 68 74
26 67 26 67
28 82 28 82
32 85 32 48 61 75 82 85
8 73 8 34 48 52 67 73
13 64 13 29 43 64
3 36 3 16 29 36
11 35 11 21 26 28 35
43 65 43 62 65
13 79 13 28 41 79
26 38 26 38
55 79 55 79
19 86 19 21 26 42 70 86
12 63 12 57 63
6 24 6 24
12 33 12 17 33
12 55 12 29 36 55
67 78 67 72 78
23 78 23 37 52 78
28 68 28 68
11 33 11 33
28 64 28 64
78 88 78 81 83 88
1 24 1 13 24
62 85 62 74 85
19 74 19 38 42 57 74
33 73 33 51 58 67 73
25 76 25 40 68 69 76
6 27 6 27
16 28 16 28
25 49 25 33 37 49
8 34 8 9 20 30 34
42 69 42 51 58 64 68 69
14 59 14 25 38 42 51 59
7 74 7 62 74
7 85 7 39 85
0 55 0 20 30 44 55
24 78 24 27 72 78
35 72 35 72
13 82 13 29 70 82
0 80 0 45 57 63 80
8 75 8 9 17 25 33 49 51 58 61 75
28 53 28 41 53
32 57 32 44 55 57
2 13 2 9 13
17 50 17 20 26 38 41 50
18 68 18 59 64 68
9 20 9 13 20
36 68 36 37 59 64 68
34 75 34 44 55 58 61 75
2 32 2 23 32
70 71 70 71
22 89 22 43 70 72 78 84 89
56 68 56 64 68
11 64 11 21 58 64
37 76 37 48 54 59 64 69 76
79 88 79 83 88
0 50 0 45 50
22 88 22 33 39 87 88
24 52 24 43 52
26 38 26 38
42 81 42 57 72 78 81
27 70 27 29 70
9 24 9 13 24
57 84 57 72 78 84
35 63 35 63
0 25 0 10 17 25
26 63 26 38 42 57 63
23 38 23 25 38
41 60 41 49 51 60
8 54 8 34 48 54
43 77 43 47 77
17 40 17 29 36 37 40
26 56 26 28 35 56
35 59 35 59
1 3 1 3
18 38 18 22 25 38
25 33 25 33
10 48 10 48
33 68 33 37 49 51 58 68
4 56 4 23 25 35 56
58 85 58 68 74 82 85
38 42 38 42
30 34 30 34
2 28 2 14 19 21 26 28
24 50 24 29 36 50
19 48 19 21 26 28 37 48
25 62 25 62
42 70 42 70
6 73 6 24 27 44 73
38 89 38 42 57 72 78 84 89
8 72 8 28 41 57 72
13 87 13 29 70 72 87
40 74 40 68 74
4 77 4 13 49 51 59 77
20 28 20 26 28
3 61 3 14 25 33 49 51 58 61
70 82 70 72 82
1 2 1 2
45 78 45 57 78
7 88 7 43 77 88
41 60 41 50 51 60
19 68 19 43 44 55 58 68
14 73 14 28 37 52 67 73
56 81 56 78 81
7 77 7 42 46 77
25 66 25 33 49 51 60 66
27 60 27 29 36 60
32 72 32 44 55 58 67 72
16 87 16 87
1 87 1 37 87
4 82 4 30 34 44 64 68 74 82
12 80 12 24 43 44 55 57 63 80
27 68 27 58 64 68
4 69 4 23 25 35 56 64 69
26 41 26 28 41
51 64 51 58 64
8 74 8 41 57 74
20 77 20 30 39 58 77
53 84 53 84
11 48 11 21 26 28 37 48
29 51 29 36 37 51
14 28 14 28
24 79 24 29 36 55 79
48 65 48 54 59 65
21 84 21 42 70 72 78 84
64 85 64 71 82 85
5 61 5 36 50 51 58 61
5 26 5 6 15 21 26
41 76 41 49 76
13 74 13 28 37 40 68 74
0 36 0 24 27 29 36
22 84 22 59 66 78 84
62 63 62 63
6 80 6 24 29 80
12 72 12 44 55 58 67 72
34 63 34 45 57 63
32 47 32 47
0 27 0 10 24 27
4 78 4 70 72 78
67 72 67 72
36 71 36 48 54 71
2 65 2 9 50 51 59 65
18 48 18 22 33 37 48
41 49 41 49
45 69 45 50 59 69
54 89 54 72 78 84 89
42 80 42 62 63 80
3 31 3 16 31
44 55 44 55
32 87 32 66 77 87
57 81 57 78 81
26 75 26 75
17 71 17 70 71
6 30 6 15 30
29 36 29 36
24 55 24 43 44 55
0 55 0 13 26 55
25 59 25 33 51 59
9 70 9 13 29 36 43 70
23 48 23 37 48
45 59 45 54 59
18 33 18 22 33
33 72 33 51 67 72
33 52 33 37 52
19 37 19 21 26 28 37
6 73 6 54 73
37 60 37 51 60
17 89 17 20 79 84 89
24 68 24 29 36 55 58 64 68
6 77 6 15 22 43 52 77
1 54 1 26 28 37 48 54
26 48 26 28 37 48
12 42 12 17 25 38 42
43 73 43 47 67 73
56 71 56 64 71
15 30 15 30
55 72 55 67 72
72 88 72 87 88
9 61 9 24 27 29 43 44 55 61
54 80 54 75 80
6 40 6 27 29 36 37 40
51 69 51 58 64 68 69
53 88 53 88
56 62 56 62
23 65 23 55 57 63 65
53 87 53 77 87
32 66 32 66
4 26 4 8 9 20 26
24 87 24 29 48 52 77 87
47 77 47 77
7 40 7 14 25 40
27 60 27 29 36 50 60
25 87 25 62 72 87
8 33 8 9 17 33
5 79 5 6 44 79
14 50 14 28 41 50
34 79 34 44 55 79
24 81 24 43 64 81
61 81 61 75 80 81
3 20 3 9 20
20 60 20 30 41 49 51 60
27 55 27 44 55
21 59 21 42 51 59
11 35 11 20 26 28 35
41 59 41 49 51 59
45 83 45 55 57 72 78 81 83
33 77 33 51 60 66 77
16 33 16 23 25 33
1 71 1 19 43 64 71
41 71 41 59 66 71
43 65 43 62 63 65
1 68 1 7 40 68
12 32 12 17 32
25 54 25 33 37 48 54
17 34 17 20 30 34
22 35 22 25 35
5 77 5 36 48 52 77
52 69 52 64 68 69
4 27 4 13 24 27
0 71 0 27 58 64 71
29 51 29 36 50 51
6 44 6 31 43 44
28 86 28 64 86
12 25 12 17 25
45 67 45 55 67
6 65 6 31 43 62 63 65
7 85 7 32 48 61 75 82 85
13 54 13 24 30 48 54
2 14 2 14
42 64 42 51 58 64
12 70 12 24 27 29 70
22 49 22 33 49
48 66 48 54 59 66
3 9 3 9
18 70 18 21 26 42 70
8 52 8 34 45 52
9 44 9 20 32 44
6 49 6 24 29 36 37 49
3 20 3 9 20
34 48 34 48
79 88 79 86 88
55 73 55 58 67 73
52 69 52 64 69
15 61 15 21 26 38 42 51 58 61
2 81 2 33 67 72 78 81
24 45 24 30 34 45
12 50 12 50
9 61 9 13 36 48 61
18 41 18 20 30 41
11 57 11 21 42 57
36 71 36 60 66 71
27 60 27 29 36 37 51 60
17 33 17 25 33
3 16 3 16
21 26 21 26
1 23 1 2 23
12 73 12 29 36 50 51 58 67 73
9 71 9 13 20 26 38 60 66 71
59 88 59 69 87 88
0 75 0 13 24 55 58 61 75
32 72 32 47 67 72
28 83 28 37 51 64 81 83
38 69 38 42 51 59 64 68 69
5 45 5 6 24 30 34 45
64 69 64 68 69
14 54 14 34 48 54
9 69 9 50 60 69
2 50 2 9 50
7 68 7 40 68
47 89 47 77 89
20 39 20 39
30 75 30 39 58 61 75
12 84 12 45 54 72 78 84
28 41 28 41
40 69 40 64 69
52 73 52 67 73
36 74 36 50 59 64 68 74
50 82 50 51 58 64 82
20 63 20 32 44 55 57 63
53 88 53 84 88
62 88 62 74 82 85 88
2 61 2 23 37 48 61
14 52 14 19 43 52
25 75 25 35 39 58 61 75
58 67 58 67
28 73 28 37 51 58 67 73
12 24 12 24
6 75 6 31 43 47 61 75
34 63 34 44 55 57 63
8 41 8 9 17 20 30 41
3 79 3 14 31 43 44 79
43 70 43 70
46 87 46 77 87
7 77 7 39 58 77
4 17 4 8 9 17
8 62 8 62
1 47 1 19 43 47
15 35 15 26 28 35
3 15 3 15
23 83 23 57 78 81 83
23 35 23 35
70 88 70 82 85 88
36 50 36 50
19 37 19 33 37
20 30 20 30
30 50 30 41 50
14 57 14 42 57
37 81 37 49 72 78 81
12 42 12 17 20 26 42
47 80 47 61 75 80
7 43 7 43
30 79 30 41 79
30 63 30 41 63
27 36 27 29 36
47 84 47 67 72 78 84
30 75 30 54 75
5 17 5 6 17
38 73 38 42 51 67 73
35 84 35 59 66 78 84
50 77 50 51 58 77
30 86 30 48 52 64 86
52 73 52 67 73
20 78 20 30 39 58 67 72 78
43 70 43 70
1 49 1 13 20 26 38 41 49
62 80 62 63 80
35 72 35 72
81 88 81 83 88
0 26 0 10 17 20 26
49 72 49 51 67 72
9 17 9 17
30 82 30 48 52 64 71 82
15 74 15 22 25 40 64 68 74
52 89 52 77 89
21 84 21 40 78 84
37 75 37 51 58 61 75
53 88 53 77 87 88
16 71 16 31 43 64 71
6 49 6 15 30 41 49
17 52 17 52
30 45 30 34 45
27 69 27 58 64 69
9 77 9 17 32 48 52 77
28 40 28 37 40
5 76 5 64 69 76
51 88 51 80 81 83 88
37 59 37 59
13 26 13 26
36 37 36 37
8 53 8 34 44 53
61 88 61 88
0 55 0 45 55
51 88 51 86 88
0 80 0 47 80
45 68 45 54 59 64 68
58 87 58 64 68 69 87
49 67 49 51 67
6 18 6 18
38 70 38 42 70
10 40 10 24 29 36 37 40
23 67 23 35 39 58 67
30 65 30 34 45 50 59 65
48 54 48 54
7 52 7 43 52
52 76 52 64 68 69 76
36 55 36 43 44 55
60 66 60 66
41 64 41 49 51 59 64
0 25 0 10 17 25
24 73 24 43 52 67 73
12 75 12 24 43 44 55 61 75
79 88 79 88
21 74 21 26 38 41 57 74
1 66 1 19 33 51 59 66
37 60 37 49 51 60
25 64 25 35 56 64
33 49 33 37 49
20 49 20 26 28 37 49
20 38 20 26 38
81 83 81 83
2 29 2 9 17 29
1 3 1 3
55 86 55 67 72 86
19 72 19 56 62 72
29 36 29 36
34 63 34 45 57 63
6 42 6 16 38 42
8 88 8 28 87 88
42 65 42 51 59 65
33 40 33 37 40
29 58 29 43 44 55 58
6 43 6 31 43
32 58 32 58
77 89 77 89
45 81 45 67 72 78 81
11 34 11 20 30 34
28 56 28 35 56
43 73 43 47 67 73
52 67 52 67
77 87 77 87
8 49 8 9 20 30 41 49
25 87 25 35 59 69 87
17 63 17 20 40 63
35 59 35 59
28 86 28 35 59 64 86
41 53 41 53
10 80 10 17 52 80
24 36 24 29 36
22 66 22 59 66
44 76 44 64 68 69 76
37 60 37 51 60
38 79 38 41 79
52 89 52 89
29 58 29 43 44 55 58
33 61 33 49 51 58 61
37 87 37 48 72 87
66 78 66 78
22 56 22 31 56
21 73 21 58 67 73
10 82 10 17 58 64 82
7 87 7 64 68 69 87
3 64 3 38 42 51 59 64
47 75 47 61 75
18 76 18 34 48 54 59 69 76
54 72 54 67 72
17 56 17 20 56
27 74 27 58 64 68 74
4 27 4 13 24 27
4 69 4 13 36 55 58 68 69
21 28 21 26 28
50 80 50 51 58 61 75 80
37 81 37 49 51 60 66 78 81
33 39 33 39
34 65 34 65
6 26 6 17 20 26
24 51 24 27 29 36 50 51
32 79 32 44 79
4 49 4 41 49
23 35 23 25 35
25 54 25 33 37 48 54
37 49 37 49
52 77 52 77
18 35 18 20 26 28 35
59 85 59 64 68 74 82 85
23 55 23 55
23 89 23 79 84 89
52 89 52 77 89
25 54 25 33 37 48 54
25 81 25 79 81
63 80 63 80
32 66 32 66
68 69 68 69
33 78 33 62 72 78
48 72 48 54 72
4 58 4 8 9 20 30 44 55 58
7 57 7 27 29 43 44 55 57
20 68 20 26 38 41 59 64 68
36 83 36 55 79 83
16 40 16 29 36 37 40
20 35 20 26 28 35
6 27 6 27
0 79 0 45 55 79
42 57 42 57
50 51 50 51
7 62 7 28 35 56 62
59 85 59 71 82 85
10 34 10 34
5 53 5 36 43 44 53
0 72 0 57 72
1 88 1 37 59 71 88
0 72 0 57 72
32 76 32 48 52 64 69 76
16 71 16 23 37 48 54 59 66 71
0 59 0 27 29 36 37 49 51 59
18 28 18 20 26 28
5 33 5 6 18 22 25 33
4 82 4 23 35 59 64 71 82
6 56 6 18 20 56
15 44 15 22 43 44
5 28 5 6 15 21 26 28
3 64 3 30 54 59 64
24 70 24 43 70
39 65 39 65
2 27 2 9 24 27
51 60 51 60
20 47 20 32 47
23 68 23 32 48 54 59 64 68
1 43 1 19 43
28 64 28 64
26 76 26 28 69 76
2 33 2 33
7 76 7 49 69 76
45 59 45 50 51 59
20 47 20 32 47
2 75 2 9 50 51 58 61 75
55 72 55 57 72
4 86 4 49 72 86
38 76 38 42 51 58 64 68 69 76
12 75 12 45 75
38 61 38 41 50 51 58 61
24 87 24 55 57 72 87
17 57 17 25 57
17 80 17 33 52 80
39 65 39 65
29 53 29 43 44 53
6 15 6 15
14 39 14 19 33 39
41 65 41 59 65
19 62 19 33 62
13 65 13 49 51 59 65
12 26 12 17 20 26
8 40 8 28 37 40
38 65 38 65
4 30 4 30
75 83 75 80 81 83
1 34 1 13 20 30 34
3 83 3 27 53 80 83
26 68 26 55 58 68
11 59 11 33 49 51 59
12 17 12 17
52 69 52 64 69
20 82 20 26 67 72 82
31 61 31 43 44 55 61
8 88 8 28 35 72 87 88
25 82 25 82
16 82 16 38 42 62 72 82
42 80 42 62 63 80
2 9 2 9
33 62 33 62
2 58 2 23 32 44 55 58
33 61 33 61
2 62 2 14 25 38 42 62
16 87 16 38 42 46 77 87
10 59 10 30 54 59
16 58 16 29 36 37 49 51 58
40 89 40 89
43 44 43 44
1 80 1 2 14 25 38 42 57 63 80
25 81 25 35 39 58 61 75 80 81
58 68 58 68
4 35 4 23 35
41 83 41 49 72 78 81 83
20 72 20 55 57 72
11 33 11 33
52 68 52 64 68
16 33 16 23 25 33
8 50 8 34 45 50
12 60 12 37 51 60
26 62 26 28 35 56 62
8 50 8 34 45 50
10 43 10 24 27 29 36 43
26 74 26 28 41 57 74
23 77 23 49 51 60 66 77
29 44 29 36 43 44
26 83 26 80 83
67 84 67 72 78 84
9 61 9 17 29 48 61
12 54 12 29 36 37 48 54
71 85 71 82 85
6 30 6 24 30
10 88 10 52 67 72 86 88
20 86 20 55 57 72 86
0 35 0 13 28 35
5 77 5 52 77
20 70 20 30 41 70
3 20 3 9 17 20
25 79 25 79
8 84 8 58 67 72 78 84
4 65 4 49 51 59 65
84 88 84 88
13 65 13 49 51 59 65
79 88 79 81 83 88
5 50 5 36 50
62 86 62 72 86
15 74 15 26 38 41 59 64 68 74
15 43 15 22 43
13 45 13 24 30 34 45
8 60 8 34 45 50 51 60
52 77 52 77
60 78 60 66 78
7 88 7 64 71 88
29 54 29 36 37 48 54
24 83 24 43 47 80 81 83
20 68 20 55 58 64 68
5 63 5 36 55 57 63
58 80 58 61 75 80
62 82 62 72 82
41 75 41 49 51 58 61 75
18 62 18 21 42 62
46 89 46 77 89
0 76 0 59 69 76
51 61 51 58 61
45 57 45 57
0 55 0 13 20 32 44 55
17 89 17 33 67 72 78 84 89
43 87 43 64 69 87
16 29 16 29
30 85 30 34 48 72 82 85
39 85 39 85
30 70 30 41 70
10 58 10 24 27 29 43 44 55 58
53 77 53 77
2 24 2 9 24
18 44 18 22 31 43 44
24 68 24 43 44 64 68
14 68 14 34 59 64 68
38 69 38 60 69
15 56 15 22 31 56
24 27 24 27
5 72 5 6 24 29 70 72
23 55 23 32 44 55
62 72 62 72
58 77 58 77
23 42 23 25 38 42
24 74 24 55 57 74
23 77 23 37 59 66 77
2 29 2 9 13 24 27 29
24 29 24 29
31 55 31 43 44 55
70 81 70 81
33 83 33 72 78 81 83
4 78 4 41 49 72 78
7 78 7 27 29 43 70 72 78
5 87 5 77 87
17 56 17 25 35 56
13 51 13 20 26 28 49 51
8 78 8 9 62 72 78
8 45 8 34 45
10 44 10 44
17 54 17 25 33 37 48 54
20 52 20 30 48 52
12 70 12 27 70
2 83 2 57 78 81 83
8 61 8 9 50 51 58 61
6 24 6 24
25 88 25 81 83 88
16 87 16 23 57 72 87
87 88 87 88
12 46 12 17 33 46
0 73 0 47 67 73
15 63 15 21 42 57 63
30 57 30 34 45 57
23 78 23 25 33 62 72 78
25 61 25 38 41 50 51 58 61
54 86 54 72 86
2 74 2 56 64 68 74
61 81 61 75 80 81
1 32 1 13 20 32
69 88 69 87 88
53 77 53 77
38 61 38 42 51 58 61
6 73 6 44 73
50 59 50 59
24 70 24 27 29 43 70
23 59 23 32 48 54 59
12 55 12 24 43 44 55
4 51 4 30 34 45 50 51
19 68 19 43 52 64 68
80 83 80 83
53 84 53 84
64 88 64 82 85 88
19 68 19 38 42 51 59 64 68
9 17 9 17
4 13 4 13
41 83 41 67 72 78 81 83
13 56 13 26 28 35 56
37 77 37 51 60 66 77
32 78 32 44 55 67 72 78
4 43 4 13 36 43
43 87 43 47 67 72 87
27 60 27 29 36 37 51 60
14 31 14 31
18 48 18 34 48
5 72 5 70 72
36 72 36 50 51 58 67 72
25 53 25 38 41 53
7 68 7 64 68
18 58 18 21 26 38 41 49 51 58
55 76 55 58 64 68 69 76
37 40 37 40
5 26 5 6 18 21 26
11 48 11 20 32 48
18 22 18 22
17 89 17 58 67 72 78 84 89
61 75 61 75
3 89 3 37 51 60 66 77 89
25 75 25 35 39 58 61 75
2 65 2 14 31 56 62 63 65
8 56 8 9 20 26 28 35 56
13 60 13 60
29 48 29 48
17 47 17 20 32 47
9 29 9 13 29
33 60 33 37 51 60
70 81 70 81
6 17 6 17
8 32 8 9 20 32
17 89 17 78 84 89
1 3 1 3
54 84 54 67 72 78 84
3 82 3 9 62 74 82
13 62 13 28 35 56 62
1 25 1 2 23 25
39 85 39 85
72 85 72 82 85
3 16 3 16
49 78 49 72 78
78 81 78 81
32 75 32 48 61 75
23 55 23 32 44 55
33 88 33 61 75 80 83 88
75 81 75 80 81
41 86 41 49 72 86
21 80 21 58 61 75 80
2 89 2 14 59 77 89
17 33 17 25 33
19 89 19 33 51 59 77 89
1 24 1 2 9 13 24
77 87 77 87
12 55 12 45 55
27 36 27 29 36
38 76 38 42 51 58 64 69 76
19 48 19 21 26 28 37 48
15 26 15 21 26
10 72 10 44 55 67 72
41 68 41 49 51 58 64 68
50 81 50 59 66 78 81
26 67 26 38 41 50 51 67
63 80 63 80
54 89 54 72 78 84 89
62 65 62 65
48 81 48 72 78 81
6 55 6 16 31 43 44 55
45 74 45 54 59 64 68 74
49 51 49 51
11 64 11 64
8 34 8 9 13 20 30 34
15 25 15 22 25
26 88 26 67 82 85 88
15 67 15 26 28 35 39 58 67
0 20 0 10 17 20
32 81 32 44 53 80 81
19 72 19 62 72
12 61 12 37 51 58 61
12 49 12 29 36 37 49
45 74 45 52 64 68 74
6 16 6 16
51 71 51 64 71
82 85 82 85
25 38 25 38
63 85 63 82 85
33 61 33 49 51 58 61
51 59 51 59
17 51 17 25 38 41 49 51
41 85 41 70 72 82 85
34 86 34 45 64 86
7 32 7 32
13 24 13 24
3 82 3 82
0 42 0 20 26 38 42
10 58 10 30 39 58
10 48 10 30 48
7 28 7 14 19 21 26 28
5 42 5 6 16 23 25 38 42
23 82 23 44 64 71 82
15 52 15 26 28 37 48 52
3 59 3 30 41 50 59
17 84 17 52 67 72 78 84
42 80 42 62 63 80
2 62 2 14 28 35 56 62
2 39 2 14 19 21 26 28 35 39
5 17 5 6 17
7 50 7 27 29 36 50
33 87 33 72 87
1 40 1 2 9 17 25 33 37 40
16 73 16 29 36 37 51 67 73
27 44 27 29 43 44
6 70 6 15 30 41 70
0 46 0 10 17 20 26 28 46
31 68 31 43 44 64 68
17 58 17 25 33 49 51 58
3 86 3 58 67 72 86
3 48 3 9 20 30 34 48
29 67 29 43 44 55 67
1 40 1 37 40
6 45 6 15 22 34 45
55 77 55 58 77
32 61 32 47 61
63 65 63 65
41 86 41 79 86
53 80 53 80
36 51 36 50 51
6 40 6 15 26 28 37 40
2 81 2 9 57 78 81
12 75 12 44 55 58 61 75
22 79 22 25 79
37 51 37 51
4 56 4 13 28 35 56
58 64 58 64
53 80 53 80
11 49 11 21 26 28 37 49
13 74 13 36 48 54 59 64 68 74
25 57 25 38 41 57
52 68 52 64 68
8 87 8 9 17 58 68 69 87
52 83 52 78 81 83
11 80 11 35 56 62 63 80
12 66 12 50 60 66
9 73 9 17 25 35 39 58 67 73
8 74 8 62 74
36 87 36 43 77 87
17 82 17 29 43 47 61 75 82
2 24 2 9 24
6 88 6 27 58 77 87 88
23 38 23 25 38
22 76 22 59 64 69 76
2 43 2 9 17 29 36 43
20 59 20 26 42 51 59
7 50 7 14 25 38 41 50
42 66 42 51 60 66
8 87 8 9 17 20 26 55 57 72 87
28 52 28 37 48 52
21 68 21 59 64 68
55 58 55 58
12 75 12 45 55 58 61 75
29 58 29 36 55 58
25 74 25 33 51 64 68 74
12 55 12 17 32 44 55
44 89 44 78 84 89
79 81 79 81
0 28 0 20 26 28
25 59 25 33 51 59
40 63 40 63
19 26 19 21 26
1 24 1 3 9 24
0 57 0 10 30 44 55 57
33 74 33 37 52 64 68 74
3 23 3 16 23
1 73 1 37 48 54 73
39 87 39 87
26 88 26 88
43 73 43 44 73
6 48 6 17 20 26 28 37 48
59 89 59 66 78 84 89
47 77 47 77
16 46 16 38 42 46
44 84 44 55 58 67 72 78 84
8 56 8 28 35 56
5 47 5 6 24 43 47
49 78 49 72 78
16 33 16 23 25 33
20 73 20 26 28 35 39 58 67 73
32 57 32 44 55 57
51 58 51 58
12 81 12 27 70 72 78 81
41 50 41 50
5 59 5 6 30 54 59
2 78 2 14 25 38 70 72 78
67 81 67 72 78 81
24 77 24 29 48 54 59 77
47 80 47 61 75 80
23 38 23 25 38
21 56 21 26 28 35 56
30 65 30 54 59 65
66 77 66 77
29 80 29 80
27 59 27 29 36 37 49 51 59
35 56 35 56
43 53 43 44 53
0 79 0 45 55 79
33 78 33 37 48 72 78
40 89 40 89
33 73 33 52 67 73
15 22 15 22
75 80 75 80
2 29 2 9 17 29
31 68 31 43 44 64 68
57 84 57 78 84
45 69 45 52 64 69
40 76 40 68 69 76
15 70 15 21 26 28 41 70
18 31 18 22 31
50 80 50 51 80
56 64 56 64
5 87 5 52 77 87
32 81 32 58 67 72 78 81
1 55 1 13 20 55
18 33 18 22 33
20 85 20 56 82 85
11 78 11 35 59 66 78
10 17 10 17
34 55 34 44 55
2 73 2 14 42 51 58 67 73
10 59 10 24 27 29 36 50 59
4 8 4 8
29 44 29 43 44
1 25 1 3 15 22 25
2 80 2 56 62 63 80
29 67 29 36 50 51 58 67
22 57 22 34 44 55 57
32 89 32 44 55 58 77 89
1 88 1 78 81 83 88
28 53 28 41 53
71 82 71 82
18 61 18 20 30 44 55 61
23 84 23 79 84
48 75 48 54 75
35 89 35 56 78 84 89
62 82 62 72 82
60 77 60 66 77
20 82 20 30 39 58 61 75 82
12 17 12 17
25 62 25 35 56 62
23 49 23 37 49
3 23 3 16 23
9 84 9 17 70 72 78 84
6 31 6 31
27 58 27 58
59 82 59 71 82
30 75 30 54 75
57 83 57 78 81 83
8 44 8 34 44
10 77 10 44 53 77
22 83 22 33 78 81 83
33 63 33 62 63
56 74 56 64 68 74
15 25 15 22 25
23 42 23 25 38 42
6 37 6 17 20 26 28 37
14 52 14 19 43 52
37 67 37 49 51 67
32 61 32 48 61
64 71 64 71
6 33 6 16 23 25 33
8 39 8 9 13 24 30 39
38 86 38 42 51 86
43 62 43 62
43 58 43 44 55 58
31 44 31 43 44
3 78 3 30 41 59 66 78
20 82 20 32 44 64 68 74 82
36 50 36 50
26 46 26 42 46
44 79 44 79
78 81 78 81
4 45 4 8 34 45
25 38 25 38
22 31 22 31
6 30 6 30
2 32 2 23 32
45 58 45 50 51 58
40 76 40 64 69 76
7 85 7 42 51 64 68 74 85
4 58 4 49 51 58
75 88 75 88
8 29 8 9 17 29
8 89 8 40 78 84 89
25 53 25 38 41 53
3 59 3 14 59
24 89 24 30 54 59 66 78 84 89
12 29 12 17 29
36 66 36 50 51 59 66
33 83 33 37 48 75 80 81 83
38 79 38 41 79
18 48 18 34 48
34 75 34 44 55 58 61 75
10 51 10 17 29 36 50 51
14 78 14 59 66 78
62 72 62 72
24 47 24 29 36 43 47
19 85 19 82 85
33 40 33 37 40
27 36 27 29 36
25 79 25 79
16 46 16 23 25 33 46
12 37 12 29 36 37
35 76 35 59 69 76
28 35 28 35
26 42 26 42
26 55 26 55
56 88 56 82 85 88
24 43 24 27 29 36 43
27 82 27 44 55 67 82
43 87 43 87
1 9 1 2 9
0 71 0 24 71
27 69 27 58 68 69
45 64 45 52 64
29 64 29 36 48 52 64
49 88 49 51 88
21 28 21 26 28
29 61 29 36 43 44 55 61
1 37 1 13 29 36 37
28 60 28 37 51 60
18 20 18 20
4 37 4 8 28 37
39 76 39 76
55 84 55 58 67 72 78 84
16 35 16 28 35
12 69 12 60 69
36 64 36 43 52 64
18 25 18 22 25
3 23 3 16 23
32 44 32 44
28 82 28 68 74 82
22 77 22 33 46 77
13 83 13 26 75 80 81 83
59 89 59 77 89
7 78 7 62 72 78
20 67 20 39 58 67
34 86 34 86
6 73 6 54 67 73
18 48 18 20 30 48
54 75 54 75
7 70 7 42 70
30 34 30 34
1 49 1 49
49 68 49 51 64 68
18 76 18 22 31 56 64 69 76
39 69 39 58 64 69
0 45 0 45
8 29 8 9 24 29
0 80 0 45 55 61 75 80
27 84 27 70 72 78 84
21 77 21 59 77
2 46 2 14 28 46
25 33 25 33
3 43 3 15 22 43
35 62 35 56 62
25 57 25 57
58 69 58 68 69
17 38 17 25 38
62 63 62 63
24 50 24 27 29 36 50
4 58 4 23 35 39 58
23 38 23 25 38
38 41 38 41
34 50 34 45 50
33 82 33 61 75 82
59 86 59 86
39 87 39 87
33 67 33 52 67
39 76 39 69 76
66 77 66 77
0 57 0 24 27 44 55 57
7 77 7 29 43 47 77
4 17 4 8 9 17
33 46 33 46
2 36 2 9 17 29 36
8 87 8 58 64 68 69 87
51 88 51 86 88
30 44 30 34 44
9 84 9 24 43 47 67 72 78 84
11 42 11 20 26 42
42 62 42 62
28 58 28 41 50 51 58
54 64 54 59 64
24 52 24 27 29 43 52
50 69 50 60 69
25 49 25 33 49
13 86 13 72 86
43 58 43 44 55 58
10 17 10 17
5 53 5 36 43 44 53
49 72 49 72
27 70 27 70
64 82 64 82
8 9 8 9
67 83 67 72 78 81 83
62 72 62 72
78 84 78 84
19 37 19 21 26 28 37
48 75 48 54 75
8 38 8 9 20 26 38
4 85 4 60 82 85
14 59 14 25 35 59
1 66 1 49 51 60 66
27 66 27 29 48 54 59 66
34 74 34 45 55 57 74
44 73 44 73
20 26 20 26
7 43 7 14 19 43
3 40 3 16 28 37 40
6 88 6 24 43 52 78 81 83 88
48 84 48 54 72 78 84
10 72 10 52 67 72
21 56 21 26 28 35 56
12 32 12 17 20 32
23 67 23 35 39 58 67
9 56 9 13 20 56
37 85 37 72 82 85
54 67 54 67
12 50 12 24 50
20 39 20 30 39
13 44 13 36 43 44
10 42 10 17 20 26 38 42
42 59 42 51 59
29 75 29 48 61 75
32 61 32 44 55 58 61
60 83 60 66 78 81 83
20 68 20 32 44 64 68
32 89 32 89
6 27 6 27
25 79 25 38 41 79
4 69 4 41 59 64 69
12 49 12 27 29 36 37 49
24 63 24 27 44 55 57 63
28 77 28 37 59 77
19 82 19 33 72 82
25 80 25 63 80
25 85 25 33 67 72 82 85
78 84 78 84
11 48 11 33 37 48
57 78 57 78
42 80 42 62 63 80
23 79 23 32 44 79
6 40 6 15 21 40
33 54 33 37 48 54
11 53 11 20 30 41 53
24 50 24 27 29 36 50
48 82 48 54 59 64 71 82
19 46 19 21 42 46
24 55 24 29 36 43 44 55
6 33 6 18 22 25 33
1 76 1 39 76
4 43 4 8 9 13 29 43
12 29 12 29
1 64 1 19 43 64
25 86 25 57 72 86
54 66 54 59 66
49 67 49 51 58 67
10 45 10 34 45
28 78 28 37 48 52 67 72 78
6 24 6 24
26 40 26 28 37 40
10 80 10 34 45 55 57 63 80
22 74 22 34 48 52 64 68 74
41 83 41 49 51 64 81 83
25 79 25 79
18 35 18 22 25 35
45 84 45 52 67 72 78 84
61 82 61 75 82
24 73 24 73
15 22 15 22
6 76 6 15 76
6 49 6 17 33 37 49
45 58 45 55 58
20 39 20 26 28 35 39
1 73 1 26 55 67 73
2 61 2 33 51 58 61
54 59 54 59
36 60 36 60
20 56 20 26 28 35 56
59 65 59 65
19 71 19 43 44 64 71
53 77 53 77
48 65 48 54 59 65
2 85 2 23 49 72 82 85
4 43 4 13 24 27 29 43
24 66 24 30 41 49 51 59 66
48 54 48 54
37 74 37 40 64 68 74
2 23 2 23
24 51 24 30 41 50 51
69 76 69 76
48 73 48 52 67 73
26 73 26 73
14 28 14 19 21 26 28
58 77 58 77
9 77 9 13 26 42 46 77
62 72 62 72
41 53 41 53
1 47 1 13 20 32 47
13 49 13 20 30 41 49
28 46 28 46
61 75 61 75
16 89 16 29 48 54 67 72 78 84 89
17 87 17 20 55 67 72 87
3 66 3 16 35 59 66
27 29 27 29
25 79 25 38 41 79
8 9 8 9
2 9 2 9
52 83 52 78 81 83
35 65 35 65
3 54 3 37 48 54
13 79 13 36 55 79
26 74 26 55 58 68 74
13 36 13 24 29 36
22 57 22 43 44 55 57
34 48 34 48
2 74 2 56 74
55 80 55 61 75 80
8 9 8 9
9 29 9 17 29
19 69 19 33 49 69
18 21 18 21
35 76 35 59 64 69 76
27 29 27 29
45 64 45 64
9 74 9 50 59 64 68 74
3 76 3 15 30 41 50 51 60 69 76
9 86 9 20 30 44 79 86
59 65 59 65
44 78 44 78
26 79 26 28 41 79
17 56 17 25 35 56
67 78 67 72 78
63 88 63 83 88
44 76 44 64 69 76
27 74 27 29 43 62 74
7 60 7 49 51 60
3 16 3 16
11 88 11 21 58 64 69 87 88
39 76 39 69 76
0 33 0 10 17 25 33
5 89 5 77 89
23 81 23 44 55 79 81
10 60 10 17 20 26 42 51 60
22 77 22 59 66 77
32 55 32 44 55
18 88 18 20 26 28 35 39 69 87 88
3 20 3 9 17 20
24 87 24 50 59 64 69 87
23 68 23 35 56 64 68
23 88 23 66 78 81 83 88
72 89 72 78 84 89
42 69 42 51 60 69
11 35 11 21 26 28 35
55 76 55 58 64 69 76
25 68 25 40 68
36 75 36 37 49 51 58 61 75
1 64 1 13 20 26 42 51 59 64
17 34 17 20 30 34
45 55 45 55
13 82 13 26 67 72 82
54 64 54 59 64
9 70 9 17 29 70
5 77 5 36 43 52 77
37 59 37 59
36 83 36 60 66 78 81 83
8 42 8 9 20 26 38 42
30 44 30 44
40 65 40 63 65
50 77 50 51 59 77
48 64 48 52 64
49 75 49 51 58 61 75
16 33 16 23 25 33
44 61 44 55 58 61
7 73 7 32 44 55 67 73
13 29 13 29
15 56 15 26 28 35 56
27 43 27 29 43
17 29 17 29
23 79 23 55 79
13 84 13 36 66 78 84
81 83 81 83
81 83 81 83
6 37 6 18 22 33 37
52 86 52 64 86
33 62 33 62
34 44 34 44
52 71 52 64 71
1 19 1 3 14 19
43 57 43 44 55 57
16 73 16 73
7 14 7 14
34 81 34 45 57 78 81
35 65 35 59 65
36 68 36 43 64 68
50 60 50 51 60
10 33 10 17 33
10 60 10 24 50 60
23 42 23 25 38 42
0 46 0 13 28 46
19 85 19 43 52 71 82 85
25 53 25 38 41 53
36 66 36 66
22 88 22 43 52 64 69 87 88
7 28 7 14 19 21 26 28
43 89 43 47 67 72 78 84 89
13 29 13 29
53 80 53 80
21 73 21 26 55 67 73
27 66 27 29 36 59 66
24 70 24 43 70
21 68 21 40 68
43 84 43 47 67 72 78 84
38 86 38 70 86
27 44 27 29 43 44
55 86 55 79 86
32 58 32 58
71 88 71 88
6 37 6 18 20 26 28 37
26 65 26 42 57 63 65
55 79 55 79
13 60 13 60
2 49 2 33 49
49 76 49 51 58 68 69 76
40 71 40 64 71
50 71 50 60 66 71
43 80 43 44 55 57 63 80
50 87 50 60 69 87
39 68 39 58 64 68
16 80 16 31 56 62 63 80
5 84 5 36 48 54 72 78 84
62 82 62 74 82
34 81 34 79 81
11 21 11 21
10 36 10 24 27 29 36
6 54 6 24 29 48 54
22 38 22 25 38
22 59 22 59
7 89 7 14 31 43 52 78 84 89
21 46 21 42 46
6 48 6 24 27 29 48
51 60 51 60
7 29 7 27 29
4 27 4 13 24 27
15 26 15 26
11 26 11 20 26
2 50 2 9 17 25 38 41 50
12 60 12 60
6 54 6 30 34 45 54
19 86 19 21 42 62 72 86
38 74 38 41 57 74
8 39 8 28 35 39
3 54 3 14 28 37 48 54
34 74 34 59 64 68 74
1 82 1 37 52 64 82
42 89 42 46 77 89
7 70 7 14 31 43 70
50 73 50 51 67 73
4 27 4 8 9 24 27
12 42 12 17 20 26 42
28 85 28 41 50 59 66 71 82 85
44 53 44 53
45 81 45 75 80 81
13 38 13 20 26 38
37 82 37 52 71 82
6 70 6 17 25 38 41 70
21 75 21 26 55 58 61 75
37 67 37 52 67
4 67 4 13 24 50 51 67
6 69 6 37 40 68 69
19 46 19 21 26 42 46
29 48 29 48
3 43 3 27 29 43
19 43 19 43
8 51 8 9 13 29 36 37 49 51
42 65 42 57 63 65
54 81 54 75 80 81
8 74 8 9 17 29 48 54 59 64 68 74
5 89 5 6 15 30 34 79 84 89
27 52 27 29 43 52
70 71 70 71
27 75 27 29 43 44 55 58 61 75
1 3 1 3
4 35 4 13 20 26 28 35
62 83 62 72 78 81 83
36 59 36 50 59
34 66 34 48 54 59 66
12 50 12 29 36 50
11 55 11 20 26 55
0 88 0 59 64 69 87 88
6 25 6 15 22 25
13 82 13 36 55 58 67 82
3 48 3 27 29 36 37 48
25 82 25 38 60 66 71 82
5 35 5 6 15 26 28 35
4 58 4 8 34 44 55 58
1 67 1 39 58 67
54 69 54 59 69
67 72 67 72
39 58 39 58
9 88 9 24 43 77 88
69 76 69 76
1 13 1 2 9 13
8 88 8 40 85 88
14 81 14 28 35 63 80 81
58 77 58 77
13 62 13 24 27 29 43 62
19 74 19 56 64 68 74
16 28 16 28
37 51 37 51
25 82 25 40 64 82
26 42 26 38 42
5 72 5 72
28 86 28 37 72 86
51 76 51 58 64 68 69 76
24 49 24 29 36 37 49
54 84 54 67 72 78 84
15 22 15 22
10 61 10 17 29 48 61
38 88 38 41 79 83 88
10 64 10 52 64
28 52 28 37 52
67 73 67 73
22 49 22 25 33 49
17 42 17 25 38 42
1 7 1 7
67 83 67 72 78 81 83
26 65 26 28 41 63 65
4 37 4 8 9 17 25 33 37
32 73 32 58 67 73
43 77 43 77
28 68 28 37 59 64 68
33 72 33 51 67 72
19 62 19 62
41 50 41 50
5 41 5 6 16 28 41
2 34 2 9 13 20 30 34
25 63 25 62 63
2 58 2 9 50 51 58
13 20 13 20
26 60 26 28 49 51 60
2 56 2 56
14 54 14 19 33 37 48 54
31 82 31 43 52 71 82
3 35 3 9 13 26 28 35
43 70 43 70
24 73 24 55 58 67 73
2 28 2 9 20 26 28
67 87 67 72 87
6 59 6 27 29 36 59
2 57 2 23 44 55 57
34 81 34 59 64 81
72 78 72 78
8 52 8 34 48 52
1 76 1 26 42 51 64 69 76
24 36 24 27 29 36
2 61 2 33 37 48 61
1 68 1 2 56 64 68
29 58 29 36 43 44 55 58
19 74 19 43 44 55 57 74
41 66 41 50 59 66
19 58 19 43 44 55 58
41 71 41 59 66 71
23 33 23 25 33
32 79 32 44 55 79
16 82 16 31 43 64 82
78 88 78 84 88
41 68 41 50 59 64 68
11 49 11 20 30 41 49
6 23 6 16 23
18 22 18 22
15 26 15 26
29 66 29 48 54 59 66
63 65 63 65
17 73 17 32 44 73
54 89 54 72 78 84 89
55 67 55 58 67
24 47 24 27 29 43 47
23 88 23 68 69 87 88
42 81 42 70 81
25 58 25 33 37 51 58
5 89 5 72 78 84 89
37 49 37 49
39 85 39 85
43 73 43 44 55 58 67 73
49 67 49 51 67
47 61 47 61
34 50 34 45 50
27 57 27 29 36 43 44 55 57
29 64 29 43 44 55 58 64
43 64 43 44 64
1 49 1 26 38 41 49
10 45 10 24 30 34 45
39 69 39 58 64 69
15 74 15 21 59 64 68 74
27 61 27 58 61
3 62 3 14 42 62
67 87 67 72 87
1 78 1 3 30 39 58 67 72 78
44 58 44 55 58
5 50 5 6 24 29 36 50
17 69 17 25 33 51 64 69
18 72 18 72
13 72 13 72
8 72 8 58 67 72
25 51 25 38 41 49 51
21 57 21 42 57
57 82 57 74 82
31 43 31 43
58 82 58 64 68 74 82
15 63 15 21 42 57 63
24 55 24 55
3 58 3 27 29 43 44 55 58
6 84 6 24 50 60 66 78 84
29 58 29 43 44 55 58
58 69 58 68 69
32 59 32 48 54 59
24 59 24 29 36 50 59
56 89 56 62 72 78 84 89
10 43 10 17 29 36 43
6 65 6 37 49 51 59 65
18 48 18 22 33 37 48
20 67 20 32 48 54 67
12 80 12 44 53 80
56 78 56 62 72 78
28 40 28 37 40
12 30 12 24 30
49 66 49 51 60 66
39 67 39 58 67
7 19 7 14 19
47 75 47 75
52 76 52 64 69 76
8 39 8 28 35 39
20 49 20 30 41 49
17 33 17 33
27 88 27 70 72 88
19 38 19 21 26 38
16 58 16 23 55 58
43 80 43 47 61 75 80
13 24 13 24
23 89 23 37 59 89
63 88 63 82 85 88
42 69 42 51 58 68 69
3 30 3 15 30
13 54 13 29 36 37 48 54
33 69 33 39 58 68 69
39 69 39 69
19 21 19 21
25 82 25 82
20 72 20 30 39 58 67 72
55 67 55 67
26 80 26 80
31 88 31 56 64 82 85 88
11 88 11 59 71 88
36 59 36 59
1 3 1 3
13 49 13 29 36 37 49
53 80 53 80
49 67 49 51 67
19 57 19 43 44 55 57
15 30 15 30
4 48 4 13 20 26 28 37 48
34 65 34 48 54 59 65
12 73 12 45 55 58 67 73
39 68 39 58 68
23 66 23 25 38 42 51 60 66
72 88 72 87 88
43 87 43 70 72 87
27 53 27 53
3 9 3 9
2 64 2 23 32 44 55 58 64
7 69 7 32 48 54 59 69
1 32 1 2 9 13 20 32
39 81 39 58 64 81
24 71 24 55 58 64 71
33 37 33 37
22 38 22 25 38
32 53 32 44 53
39 68 39 58 68
59 66 59 66
38 76 38 41 49 51 64 68 69 76
9 40 9 24 27 29 36 37 40
44 55 44 55
67 86 67 72 86
79 83 79 81 83
11 77 11 20 30 53 77
43 53 43 44 53
19 42 19 21 26 42
25 57 25 57
12 32 12 17 32
33 88 33 78 81 83 88
43 83 43 64 81 83
21 26 21 26
17 42 17 20 26 42
12 87 12 57 72 87
28 69 28 49 51 58 64 69
35 88 35 72 86 88
26 38 26 38
31 76 31 56 64 69 76
3 66 3 9 13 28 37 49 51 60 66
7 62 7 14 25 33 62
17 67 17 29 36 55 58 67
52 73 52 67 73
23 80 23 35 39 58 61 75 80
7 52 7 43 52
29 73 29 36 48 52 67 73
9 77 9 13 26 28 41 59 66 77
52 83 52 83
22 31 22 31
4 49 4 41 49
27 88 27 78 84 88
21 50 21 26 38 41 50
48 84 48 72 78 84
22 49 22 25 38 41 49
8 9 8 9
10 42 10 17 20 26 42
2 46 2 33 46
56 71 56 64 71
23 55 23 55
22 41 22 25 38 41
41 57 41 57
67 83 67 72 78 81 83
7 69 7 40 68 69
21 75 21 58 61 75
6 29 6 16 29
5 88 5 79 84 88
21 84 21 42 57 72 78 84
23 87 23 87
25 54 25 33 37 48 54
38 63 38 41 63
18 20 18 20
40 68 40 64 68
28 37 28 37
14 60 14 34 45 50 51 60
3 76 3 38 42 51 64 68 69 76
1 67 1 3 9 24 43 52 67
35 39 35 39
38 69 38 42 51 60 69
32 80 32 47 75 80
46 89 46 77 89
63 82 63 82
4 65 4 49 51 59 65
12 26 12 17 20 26
64 86 64 86
5 35 5 6 17 20 26 28 35
27 88 27 53 88
24 81 24 43 62 72 78 81
24 89 24 30 44 79 84 89
47 80 47 75 80
22 31 22 31
7 29 7 29
17 58 17 29 43 44 55 58
6 77 6 31 43 77
55 57 55 57
1 76 1 13 49 51 58 68 69 76
10 82 10 17 20 56 82
23 46 23 25 33 46
9 62 9 13 29 36 43 62
2 53 2 14 31 43 44 53
45 75 45 54 75
45 52 45 52
40 80 40 63 80
19 43 19 43
26 68 26 42 51 64 68
28 83 28 41 49 51 67 72 78 81 83
17 36 17 29 36
36 55 36 43 44 55
2 86 2 9 20 56 62 72 86
20 28 20 26 28
11 54 11 20 26 28 37 48 54
66 71 66 71
39 87 39 87
18 51 18 21 42 51
13 70 13 26 42 70
58 77 58 77
70 78 70 72 78
24 88 24 83 88
22 41 22 25 38 41
22 51 22 34 45 50 51
50 59 50 51 59
51 71 51 64 71
0 27 0 24 27
9 61 9 13 26 38 41 50 51 58 61
56 65 56 62 63 65
4 88 4 69 87 88
50 84 50 59 66 78 84
23 32 23 32
23 77 23 49 51 60 66 77
3 35 3 16 28 35
11 20 11 20
6 79 6 30 41 79
13 51 13 20 26 42 51
16 47 16 31 43 47
3 14 3 14
18 67 18 21 58 67
23 80 23 25 35 56 62 63 80
19 26 19 21 26
24 77 24 27 58 77
21 58 21 42 51 58
12 37 12 24 29 36 37
52 76 52 64 69 76
14 28 14 28
19 74 19 62 74
4 52 4 23 32 48 52
8 35 8 28 35
38 73 38 42 51 67 73
36 43 36 43
22 38 22 25 38
1 66 1 37 59 66
4 30 4 13 24 30
16 28 16 28
4 23 4 23
22 25 22 25
7 57 7 29 43 44 55 57
57 74 57 74
27 44 27 44
32 80 32 47 80
6 65 6 40 63 65
87 88 87 88
1 44 1 13 29 36 43 44
3 69 3 38 60 69
22 66 22 34 59 66
8 38 8 9 17 25 38
15 77 15 46 77
27 44 27 29 36 43 44
22 85 22 31 43 44 55 58 67 72 82 85
11 78 11 35 72 78
14 39 14 28 35 39
34 79 34 44 55 79
38 74 38 41 49 51 58 68 74
1 89 1 78 84 89
27 48 27 29 48
34 69 34 48 54 59 64 69
29 54 29 36 37 48 54
8 32 8 9 20 32
24 59 24 50 59
77 88 77 87 88
41 76 41 49 69 76
24 43 24 27 29 43
22 53 22 43 44 53
43 65 43 65
23 81 23 66 78 81
20 82 20 66 71 82
70 71 70 71
71 82 71 82
47 87 47 67 72 87
23 32 23 32
57 84 57 78 84
31 88 31 56 82 85 88
36 89 36 55 57 78 84 89
9 76 9 50 51 60 69 76
18 44 18 20 32 44
55 73 55 58 67 73
3 20 3 9 13 20
19 39 19 33 39
2 85 2 23 35 59 66 71 82 85
9 56 9 13 26 28 35 56
25 42 25 38 42
29 64 29 36 55 58 64
15 46 15 46
59 82 59 64 68 74 82
15 30 15 30
67 85 67 72 82 85
18 39 18 20 39
18 58 18 22 25 38 41 49 51 58
25 81 25 57 63 80 81
57 63 57 63
25 54 25 33 37 48 54
21 40 21 40
41 59 41 59
25 68 25 40 68
49 68 49 51 64 68
58 85 58 64 71 82 85
18 89 18 72 78 84 89
13 36 13 24 29 36
9 53 9 13 26 38 41 53
17 63 17 25 38 41 57 63
8 75 8 28 49 51 58 61 75
36 57 36 55 57
12 20 12 17 20
25 35 25 35
6 51 6 17 20 26 38 42 51
45 68 45 55 58 64 68
23 82 23 55 67 82
13 85 13 72 82 85
36 85 36 55 58 67 82 85
35 76 35 59 69 76
6 63 6 15 22 31 56 62 63
17 47 17 29 43 47
42 85 42 51 59 71 82 85
43 69 43 64 69
2 21 2 14 19 21
17 26 17 20 26
36 71 36 43 52 64 71
19 74 19 21 26 38 41 49 51 64 68 74
6 67 6 24 43 47 67
43 57 43 44 55 57
6 85 6 17 60 66 71 82 85
44 69 44 64 69
44 72 44 55 58 67 72
33 61 33 49 51 58 61
16 31 16 31
28 61 28 35 39 58 61
2 23 2 23
63 80 63 80
10 70 10 30 41 70
4 48 4 8 28 37 48
54 87 54 72 87
22 56 22 25 35 56
44 76 44 55 58 68 69 76
46 77 46 77
57 84 57 78 84
18 75 18 34 44 55 61 75
19 58 19 21 42 51 58
9 77 9 13 20 55 58 77
78 81 78 81
56 68 56 64 68
39 87 39 58 64 69 87
4 55 4 8 9 20 26 55
18 54 18 20 32 48 54
21 77 21 42 51 59 66 77
2 34 2 14 34
50 59 50 51 59
50 73 50 51 67 73
19 37 19 21 26 28 37
48 81 48 75 80 81
38 66 38 60 66
26 88 26 38 85 88
6 45 6 18 34 45
8 66 8 34 48 54 59 66
25 81 25 40 63 80 81
8 72 8 58 67 72
24 71 24 30 44 64 71
18 41 18 22 25 38 41
0 88 0 59 77 87 88
4 9 4 8 9
22 50 22 34 45 50
27 68 27 58 68
48 73 48 52 67 73
68 74 68 74
17 81 17 78 81
12 82 12 72 82
23 57 23 57
10 64 10 17 58 64
26 56 26 28 35 56
42 62 42 62
24 29 24 27 29
2 9 2 9
3 17 3 9 17
38 76 38 42 51 58 68 69 76
23 42 23 25 38 42
29 53 29 43 44 53
50 60 50 51 60
7 69 7 49 69
59 66 59 66
59 89 59 66 78 84 89
26 48 26 28 37 48
61 81 61 75 80 81
48 72 48 72
56 82 56 62 63 82
33 67 33 39 58 67
3 89 3 30 48 52 89
43 74 43 44 55 58 68 74
16 38 16 38
36 75 36 48 61 75
36 49 36 37 49
18 44 18 20 32 44
43 80 43 52 80
32 59 32 48 54 59
10 48 10 34 48
29 69 29 43 52 64 69
19 74 19 21 26 28 35 59 64 68 74
9 17 9 17
17 84 17 25 57 72 78 84
37 51 37 51
26 63 26 55 57 63
36 74 36 48 52 64 68 74
34 60 34 45 50 51 60
42 80 42 62 63 80
17 43 17 29 36 43
17 49 17 20 26 38 41 49
3 49 3 30 41 49
3 67 3 15 30 39 58 67
6 20 6 17 20
43 47 43 47
31 68 31 43 64 68
43 44 43 44
29 73 29 36 37 48 52 67 73
63 65 63 65
75 82 75 82
36 51 36 50 51
7 74 7 64 68 74
36 74 36 37 40 64 68 74
13 51 13 28 37 49 51
34 83 34 59 66 78 81 83
58 68 58 64 68
74 85 74 82 85
27 61 27 44 55 58 61
12 25 12 17 25
68 82 68 74 82
15 77 15 22 33 37 52 77
81 88 81 83 88
35 59 35 59
20 73 20 39 58 67 73
6 63 6 18 21 42 62 63
23 89 23 78 84 89
1 26 1 7 14 19 21 26
23 67 23 37 51 67
7 21 7 14 19 21
37 60 37 49 51 60
59 71 59 66 71
7 62 7 43 62
55 86 55 58 67 72 86
86 88 86 88
12 63 12 44 55 57 63
19 28 19 21 26 28
81 88 81 83 88
13 45 13 24 30 34 45
8 74 8 62 74
17 47 17 32 47
33 71 33 39 58 64 71
31 65 31 56 62 63 65
50 59 50 59
20 77 20 39 58 77
62 65 62 65
61 82 61 75 82
23 59 23 37 49 51 59
10 33 10 17 25 33
43 83 43 44 79 83
15 76 15 76
4 85 4 85
6 67 6 24 27 29 36 43 52 67
45 64 45 64
6 50 6 27 29 36 50
37 87 37 59 77 87
14 33 14 25 33
19 37 19 33 37
3 58 3 14 19 33 51 58
34 65 34 45 50 51 59 65
6 75 6 17 33 39 58 61 75
56 71 56 64 71
14 54 14 19 33 37 48 54
7 14 7 14
1 78 1 39 58 67 72 78
10 26 10 17 20 26
1 3 1 3
26 65 26 55 57 63 65
22 88 22 25 82 85 88
58 76 58 64 69 76
51 80 51 58 61 75 80
72 89 72 78 84 89
17 57 17 25 57
8 33 8 9 17 33
36 44 36 43 44
51 88 51 67 82 85 88
63 65 63 65
40 63 40 63
28 73 28 41 50 51 67 73
0 77 0 13 26 28 41 59 66 77
81 83 81 83
41 50 41 50
4 48 4 8 34 48
13 70 13 28 41 70
7 52 7 29 36 48 52
55 78 55 57 72 78
36 55 36 55
2 29 2 9 24 27 29
39 87 39 69 87
62 74 62 74
4 82 4 23 55 61 75 82
25 80 25 35 56 62 63 80
69 76 69 76
64 85 64 68 74 85
23 46 23 25 33 46
14 45 14 34 45
51 64 51 59 64
35 39 35 39
17 42 17 20 26 38 42
5 33 5 6 18 22 25 33
6 48 6 15 22 34 48
63 83 63 80 83
43 52 43 52
58 75 58 61 75
46 87 46 77 87
74 85 74 85
11 42 11 20 26 38 42
27 78 27 78
43 69 43 44 64 69
53 87 53 77 87
20 58 20 32 44 55 58
15 70 15 21 26 42 70
75 88 75 80 81 83 88
10 60 10 17 29 36 50 51 60
64 69 64 69
18 76 18 22 25 35 59 69 76
6 77 6 15 30 54 59 77
3 61 3 9 17 25 38 41 49 51 58 61
14 78 14 28 41 57 78
15 42 15 22 25 38 42
37 60 37 51 60
34 83 34 59 66 83
43 63 43 44 55 57 63
55 84 55 57 78 84
3 31 3 15 22 31
50 87 50 60 66 77 87
1 22 1 3 15 22
49 67 49 51 67
17 73 17 25 33 67 73
13 83 13 24 43 64 81 83
0 75 0 20 39 58 61 75
14 81 14 34 44 64 81
17 25 17 25
14 25 14 25
38 76 38 60 69 76
8 30 8 9 20 30
11 20 11 20
32 48 32 48
15 58 15 58
59 78 59 66 78
9 24 9 13 24
35 56 35 56
26 79 26 38 41 79
54 82 54 67 72 82
78 84 78 84
26 83 26 28 64 81 83
12 87 12 24 55 57 72 87
2 46 2 33 46
34 59 34 59
21 57 21 26 38 42 57
6 27 6 24 27
18 72 18 21 26 28 37 49 51 58 67 72
12 24 12 24
12 27 12 27
5 85 5 6 37 72 82 85
70 89 70 72 78 84 89
27 36 27 29 36
59 88 59 64 69 87 88
28 66 28 41 59 66
14 89 14 28 41 59 77 89
45 57 45 57
3 67 3 15 22 43 47 67
34 74 34 59 64 68 74
37 58 37 49 51 58
31 84 31 43 44 78 84
42 70 42 70
16 73 16 38 41 49 51 67 73
2 82 2 33 37 40 63 82
3 48 3 30 34 48
30 73 30 34 48 52 67 73
55 83 55 58 64 81 83
2 85 2 33 62 72 82 85
43 84 43 62 72 78 84
0 38 0 20 26 38
42 70 42 70
5 46 5 6 15 46
55 67 55 67
85 88 85 88
28 35 28 35
47 77 47 77
33 59 33 37 51 59
36 43 36 43
37 82 37 48 52 71 82
35 84 35 39 58 67 72 78 84
15 51 15 30 41 49 51
8 60 8 34 45 50 60
38 79 38 41 79
7 70 7 28 41 70
17 51 17 33 49 51
61 81 61 75 80 81
13 24 13 24
78 88 78 84 88
54 80 54 75 80
20 51 20 30 41 49 51
17 89 17 78 84 89
16 31 16 31
29 62 29 43 62
16 61 16 31 43 47 61
18 58 18 22 25 38 42 51 58
49 76 49 69 76
11 51 11 20 30 41 50 51
25 76 25 38 41 49 69 76
6 80 6 15 22 33 52 80
46 88 46 77 87 88
17 25 17 25
20 65 20 30 54 59 65
2 86 2 56 64 86
27 75 27 44 55 61 75
25 49 25 33 37 49
28 56 28 35 56
20 58 20 30 41 49 51 58
20 45 20 30 34 45
21 42 21 26 42
11 88 11 20 39 58 61 75 82 85 88
1 13 1 2 9 13
15 45 15 22 34 45
21 26 21 26
30 86 30 39 58 64 86
14 25 14 25
3 64 3 58 64
29 80 29 48 52 80
46 77 46 77
23 65 23 37 48 54 59 65
67 72 67 72
11 51 11 33 49 51
43 73 43 44 55 58 67 73
10 86 10 24 43 70 72 86
36 52 36 48 52
4 67 4 30 44 55 58 67
9 86 9 24 29 70 86
9 33 9 17 33
16 29 16 29
9 86 9 50 59 64 86
39 85 39 85
15 47 15 22 43 47
10 76 10 17 52 64 69 76
24 88 24 77 88
19 48 19 33 37 48
11 51 11 21 42 51
17 56 17 20 26 28 35 56
24 74 24 50 51 58 64 68 74
27 44 27 29 43 44
32 65 32 44 55 57 63 65
17 56 17 25 35 56
2 21 2 14 19 21
43 84 43 44 55 57 78 84
75 88 75 82 85 88
29 61 29 48 61
4 58 4 23 55 58
30 45 30 34 45
48 75 48 75
3 82 3 27 70 71 82
59 88 59 77 87 88
50 73 50 51 67 73
13 83 13 20 66 78 81 83
34 69 34 59 64 68 69
10 28 10 17 20 26 28
29 51 29 36 37 51
0 76 0 24 27 29 36 50 60 69 76
84 89 84 89
24 58 24 55 58
64 81 64 81
43 87 43 52 67 72 87
24 73 24 29 43 44 73
6 30 6 17 20 30
18 54 18 22 25 33 37 48 54
55 58 55 58
10 80 10 17 29 48 75 80
67 82 67 72 82
39 69 39 69
13 47 13 29 36 43 47
41 60 41 50 60
1 82 1 82
14 57 14 42 57
14 87 14 34 48 54 59 69 87
20 67 20 55 58 67
38 59 38 42 51 59
1 7 1 7
16 40 16 29 36 37 40
6 80 6 44 55 57 63 80
5 36 5 6 17 29 36
2 33 2 14 25 33
18 32 18 20 32
22 83 22 59 66 78 81 83
8 53 8 9 17 29 36 43 44 53
5 36 5 6 27 29 36
57 72 57 72
15 63 15 21 42 57 63
37 59 37 49 51 59
12 74 12 57 74
23 59 23 49 51 59
0 64 0 20 30 39 58 64
4 62 4 23 25 62
25 35 25 35
71 85 71 82 85
2 56 2 56
3 66 3 14 25 35 59 66
78 88 78 84 88
31 76 31 43 52 64 69 76
8 84 8 9 62 72 78 84
34 65 34 44 55 57 63 65
58 67 58 67
79 83 79 81 83
14 70 14 19 38 70
18 42 18 20 26 38 42
34 44 34 44
30 65 30 48 54 59 65
44 58 44 55 58
14 42 14 19 38 42
64 71 64 71
0 57 0 10 34 45 55 57
66 89 66 77 89
21 77 21 58 77
9 86 9 62 72 86
13 72 13 28 49 72
7 32 7 32
18 32 18 20 32
27 48 27 29 36 37 48
18 22 18 22
44 89 44 79 84 89
20 86 20 40 64 86
0 59 0 13 28 37 49 51 59
1 39 1 7 39
2 27 2 9 13 24 27
19 41 19 21 26 38 41
51 58 51 58
4 41 4 8 41
80 83 80 83
19 82 19 33 82
5 84 5 6 37 52 78 84
9 84 9 13 28 41 50 59 66 78 84
16 28 16 28
10 54 10 48 54
2 42 2 9 20 26 42
41 78 41 67 72 78
11 21 11 21
59 82 59 64 82
12 57 12 57
55 72 55 57 72
54 73 54 67 73
2 53 2 9 24 29 43 44 53
13 45 13 24 30 34 45
58 77 58 77
30 80 30 34 44 53 80
42 66 42 51 60 66
6 75 6 24 43 47 75
15 82 15 26 55 67 82
57 88 57 72 78 81 83 88
20 50 20 26 38 41 50
9 74 9 57 74
56 62 56 62
35 66 35 59 66
80 81 80 81
49 80 49 51 80
1 35 1 3 15 21 26 28 35
25 58 25 35 39 58
6 30 6 18 20 30
37 85 37 40 85
36 50 36 50
12 54 12 27 29 48 54
24 63 24 27 29 43 62 63
20 60 20 30 41 50 51 60
11 58 11 21 26 55 58
25 81 25 81
46 87 46 77 87
63 80 63 80
45 75 45 54 75
2 38 2 9 13 20 26 38
38 66 38 42 51 59 66
22 76 22 43 64 69 76
59 82 59 64 82
21 75 21 26 38 42 51 58 61 75
27 57 27 44 55 57
13 62 13 29 36 43 62
37 87 37 72 87
5 44 5 6 44
37 52 37 48 52
13 60 13 29 36 50 51 60
70 88 70 82 85 88
5 17 5 6 17
50 77 50 59 77
18 58 18 34 45 55 58
69 88 69 87 88
63 65 63 65
0 75 0 13 49 51 58 61 75
15 25 15 22 25
33 37 33 37
3 85 3 37 51 64 71 82 85
14 60 14 19 33 37 49 51 60
23 59 23 37 48 54 59
34 59 34 45 50 59
81 88 81 83 88
10 83 10 24 83
33 39 33 39
58 82 58 61 75 82
22 66 22 34 48 54 59 66
78 81 78 81
18 51 18 22 25 38 42 51
12 24 12 24
3 13 3 9 13
11 57 11 21 26 42 57
6 20 6 18 20
1 37 1 37
17 63 17 32 44 55 57 63
13 62 13 20 26 38 42 62
72 85 72 82 85
67 83 67 72 78 81 83
48 64 48 52 64
16 82 16 28 49 51 67 82
32 85 32 47 67 72 82 85
10 43 10 24 27 29 36 43
30 85 30 41 49 51 58 85
2 72 2 9 17 58 67 72
15 46 15 21 26 28 46
13 68 13 68
41 53 41 53
15 21 15 21
13 44 13 36 43 44
8 88 8 34 48 72 88
48 64 48 54 59 64
36 85 36 50 60 82 85
24 78 24 29 48 52 78
5 79 5 79
18 34 18 34
51 71 51 59 64 71
45 85 45 64 82 85
33 69 33 37 49 69
52 80 52 80
57 81 57 78 81
0 26 0 10 17 20 26
24 47 24 43 47
45 66 45 50 51 60 66
30 65 30 44 55 57 63 65
62 86 62 72 86
25 88 25 63 80 81 83 88
24 79 24 30 41 79
71 85 71 82 85
9 40 9 20 40
33 72 33 51 67 72
21 28 21 26 28
63 80 63 80
18 34 18 22 34
0 86 0 10 30 54 72 86
0 79 0 10 34 45 55 79
85 88 85 88
48 52 48 52
28 71 28 64 71
2 86 2 57 72 86
10 86 10 52 64 86
50 85 50 51 58 67 82 85
25 62 25 35 56 62
1 78 1 49 51 59 66 78
0 82 0 47 67 82
6 79 6 30 44 55 79
43 74 43 52 64 68 74
74 82 74 82
32 54 32 48 54
34 77 34 45 50 60 66 77
16 68 16 23 44 64 68
39 87 39 69 87
58 85 58 67 82 85
27 69 27 29 48 54 59 64 69
34 65 34 45 55 57 63 65
11 62 11 20 26 28 35 56 62
44 79 44 79
5 76 5 52 64 68 69 76
2 85 2 56 82 85
12 75 12 27 58 61 75
15 44 15 22 34 44
21 85 21 26 38 70 71 82 85
0 13 0 13
26 67 26 28 49 51 58 67
5 87 5 36 50 60 69 87
7 27 7 27
2 83 2 33 67 72 78 81 83
18 43 18 22 43
33 77 33 37 48 52 77
41 79 41 79
72 87 72 87
3 40 3 37 40
36 49 36 37 49
24 78 24 29 48 54 67 72 78
25 85 25 38 42 57 63 82 85
28 58 28 41 50 51 58
28 86 28 35 59 86
33 68 33 37 49 51 64 68
12 60 12 60
8 54 8 9 24 27 29 48 54
70 72 70 72
36 59 36 59
4 30 4 13 20 30
20 73 20 32 58 67 73
55 78 55 57 72 78
33 83 33 61 75 80 83
69 76 69 76
8 84 8 28 49 72 78 84
50 59 50 51 59
3 27 3 9 24 27
32 48 32 48
40 74 40 64 68 74
37 52 37 48 52
11 26 11 20 26
13 82 13 49 51 58 64 82
35 76 35 59 64 69 76
39 68 39 58 64 68
9 77 9 13 20 55 58 77
23 67 23 37 52 67
33 78 33 72 78
25 57 25 57
44 53 44 53
20 58 20 32 58
48 61 48 61
9 77 9 17 25 35 39 58 77
41 79 41 79
63 81 63 80 81
28 40 28 37 40
64 76 64 69 76
0 51 0 20 30 41 49 51
5 61 5 6 24 55 58 61
48 54 48 54
7 89 7 42 62 72 78 84 89
19 46 19 33 46
9 33 9 17 33
41 75 41 50 51 58 61 75
32 59 32 48 54 59
20 59 20 32 48 54 59
14 42 14 42
25 66 25 35 59 66
41 78 41 78
26 75 26 75
4 70 4 41 70
27 78 27 70 72 78
16 41 16 38 41
26 83 26 75 80 81 83
20 32 20 32
16 40 16 29 36 37 40
18 38 18 22 25 38
15 53 15 22 34 44 53
44 53 44 53
43 47 43 47
36 51 36 50 51
1 25 1 7 14 25
54 78 54 67 72 78
34 59 34 45 50 59
10 60 10 17 25 33 37 49 51 60
12 26 12 17 20 26
14 70 14 19 21 26 38 41 70
26 55 26 55
44 78 44 78
74 85 74 82 85
52 85 52 64 71 82 85
20 78 20 66 78
23 44 23 44
32 75 32 44 55 58 61 75
16 82 16 68 74 82
52 78 52 67 72 78
2 43 2 9 13 29 36 43
0 75 0 45 55 61 75
18 51 18 20 26 42 51
14 67 14 28 41 49 51 67
79 84 79 84
59 77 59 66 77
50 60 50 51 60
44 72 44 55 58 67 72
10 47 10 17 32 47
18 58 18 34 44 55 58
7 77 7 28 41 49 51 59 66 77
8 88 8 34 48 61 88
28 68 28 37 59 64 68
12 61 12 50 51 58 61
35 89 35 72 78 84 89
22 84 22 25 38 70 72 78 84
18 41 18 22 25 38 41
17 59 17 29 36 59
4 43 4 13 24 29 43
11 77 11 59 77
54 59 54 59
20 55 20 30 34 44 55
51 84 51 59 66 78 84
67 86 67 72 86
4 23 4 23
16 42 16 38 42
47 81 47 75 80 81
3 61 3 15 21 26 28 37 49 51 58 61
26 68 26 55 58 64 68
36 74 36 43 52 64 68 74
70 71 70 71
3 66 3 37 59 66
12 84 12 45 54 67 72 78 84
16 87 16 87
32 58 32 58
12 66 12 66
43 52 43 52
11 68 11 68
56 64 56 64
54 72 54 67 72
41 63 41 63
52 73 52 67 73
1 24 1 13 24
19 72 19 56 62 72
10 38 10 17 20 26 38
4 87 4 70 72 87
10 80 10 34 48 61 75 80
23 58 23 32 44 55 58
44 53 44 53
11 20 11 20
37 80 37 48 61 75 80
66 82 66 71 82
29 78 29 70 72 78
10 75 10 30 39 58 61 75
9 76 9 13 64 68 69 76
20 83 20 32 48 52 80 81 83
18 71 18 22 31 43 52 71
23 82 23 68 74 82
15 35 15 26 28 35
17 39 17 25 35 39
51 65 51 59 65
54 78 54 72 78
22 82 22 25 33 82
44 55 44 55
36 82 36 59 64 68 74 82
34 81 34 59 64 81
34 44 34 44
18 75 18 21 58 61 75
1 66 1 37 48 54 59 66
5 52 5 52
21 68 21 59 64 68
37 82 37 52 71 82
6 27 6 24 27
2 29 2 9 17 29
17 57 17 32 44 55 57
14 39 14 25 35 39
30 86 30 39 58 67 72 86
15 21 15 21
51 80 51 58 61 75 80
51 58 51 58
8 29 8 9 24 29
19 55 19 21 26 55
8 52 8 28 37 52
0 72 0 20 56 62 72
4 27 4 8 9 13 24 27
6 64 6 18 21 40 64
25 40 25 40
59 86 59 64 86
18 63 18 22 25 33 37 40 63
43 80 43 44 55 58 61 75 80
45 84 45 57 78 84
3 83 3 27 79 83
8 24 8 9 24
30 63 30 44 55 57 63
25 69 25 35 56 64 69
4 48 4 8 34 48
26 55 26 55
14 74 14 34 48 52 64 68 74
70 86 70 72 86
13 84 13 26 28 35 39 58 67 72 78 84
7 73 7 42 51 58 67 73
40 80 40 63 80
26 41 26 38 41
70 84 70 72 78 84
5 44 5 6 30 34 44
1 54 1 26 28 37 48 54
72 78 72 78
34 60 34 45 50 60
21 59 21 26 28 49 51 59
21 72 21 42 51 58 67 72
12 32 12 17 32
13 27 13 24 27
3 79 3 15 26 38 41 79
15 26 15 21 26
59 86 59 86
6 39 6 30 39
13 68 13 29 36 50 51 64 68
28 81 28 64 81
67 83 67 72 78 81 83
19 43 19 43
50 84 50 60 66 78 84
14 74 14 25 74
17 40 17 25 33 37 40
29 36 29 36
39 81 39 58 61 75 80 81
45 77 45 54 59 77
8 56 8 9 20 26 28 35 56
48 74 48 54 59 64 68 74
13 24 13 24
29 79 29 36 43 44 55 79
45 52 45 52
21 80 21 42 57 63 80
22 88 22 25 33 51 64 81 83 88
14 19 14 19
13 71 13 26 38 42 51 59 64 71
24 29 24 27 29
13 26 13 26
1 9 1 2 9
9 13 9 13
9 42 9 20 26 38 42
29 54 29 48 54
49 68 49 51 59 64 68
20 59 20 26 38 41 50 51 59
16 59 16 28 41 49 51 59
22 59 22 33 37 59
2 39 2 23 25 33 39
32 55 32 44 55
4 35 4 13 20 26 28 35
6 33 6 15 22 25 33
10 64 10 48 52 64
28 46 28 46
63 81 63 80 81
14 73 14 34 44 55 58 67 73
8 84 8 41 79 84
31 84 31 43 44 53 84
0 77 0 27 53 77
54 81 54 81
19 39 19 21 26 28 35 39
38 79 38 41 79
21 59 21 59
1 7 1 7
36 55 36 55
20 75 20 30 48 61 75
40 85 40 64 68 74 85
31 82 31 43 64 68 74 82
32 75 32 48 75
33 51 33 37 49 51
42 57 42 57
49 80 49 51 80
43 73 43 47 67 73
19 41 19 38 41
59 77 59 66 77
3 23 3 16 23
39 58 39 58
3 37 3 9 24 29 36 37
3 58 3 27 58
45 69 45 50 51 64 69
8 24 8 9 13 24
31 84 31 43 44 55 67 72 78 84
39 81 39 58 64 81
3 59 3 27 29 36 50 51 59
34 87 34 48 72 87
71 82 71 82
41 59 41 59
6 48 6 27 29 36 37 48
1 39 1 26 28 35 39
17 51 17 25 38 42 51
63 81 63 80 81
39 81 39 58 61 75 80 81
59 77 59 66 77
70 81 70 81
1 37 1 19 21 26 28 37
8 47 8 9 13 36 43 47
0 27 0 27
54 81 54 72 78 81
4 74 4 41 59 64 68 74
15 22 15 22
0 76 0 13 49 76
12 68 12 50 51 64 68
54 66 54 59 66
23 57 23 44 55 57
2 57 2 23 44 55 57
24 88 24 71 88
28 63 28 37 40 63
14 89 14 34 59 66 77 89
26 51 26 38 42 51
3 83 3 37 52 80 83
29 77 29 36 50 60 66 77
17 77 17 52 77
68 69 68 69
28 71 28 41 50 60 66 71
28 63 28 35 56 62 63
18 38 18 21 26 38
15 53 15 30 34 44 53
78 84 78 84
26 52 26 28 37 52
22 70 22 43 70
51 59 51 59
7 43 7 29 43
12 74 12 29 36 59 64 68 74
4 79 4 41 79
28 52 28 37 52
12 30 12 24 30
26 80 26 42 51 80
33 46 33 46
16 82 16 40 64 68 74 82
8 42 8 9 17 25 38 42
4 55 4 8 34 45 55
27 72 27 72
24 63 24 27 29 36 43 62 63
10 36 10 24 29 36
2 42 2 9 20 26 42
4 13 4 13
6 65 6 16 23 25 62 65
2 88 2 56 74 85 88
19 85 19 21 58 68 74 85
1 37 1 37
7 50 7 14 34 45 50
52 69 52 64 68 69
6 56 6 18 21 26 28 35 56
12 37 12 37
28 63 28 37 40 63
42 46 42 46
23 59 23 35 59
30 45 30 34 45
25 75 25 35 39 58 61 75
20 66 20 32 48 54 59 66
59 86 59 86
33 67 33 67
2 73 2 23 37 51 58 67 73
7 78 7 14 59 66 78
38 89 38 41 57 78 84 89
24 88 24 77 87 88
15 70 15 30 41 70
25 69 25 33 52 64 69
3 62 3 27 29 36 43 62
54 69 54 59 69
8 41 8 28 41
1 2 1 2
18 63 18 22 25 38 42 57 63
2 21 2 14 19 21
60 66 60 66
20 88 20 79 81 83 88
79 86 79 86
36 49 36 37 49
4 8 4 8
12 54 12 37 48 54
59 71 59 71
17 59 17 33 49 51 59
27 72 27 72
3 62 3 16 31 43 62
11 57 11 20 30 34 44 55 57
8 87 8 41 53 77 87
12 53 12 29 36 43 44 53
21 75 21 26 75
25 62 25 35 56 62
14 78 14 78
56 76 56 64 69 76
10 40 10 24 29 36 37 40
32 58 32 58
27 75 27 58 61 75
23 87 23 87
24 87 24 50 59 66 77 87
37 76 37 59 64 69 76
18 39 18 21 26 28 35 39
32 65 32 44 55 57 63 65
16 46 16 38 42 46
51 67 51 58 67
57 63 57 63
31 43 31 43
15 62 15 21 26 38 42 62
43 73 43 52 67 73
44 53 44 53
0 59 0 10 24 50 59
60 71 60 66 71
24 29 24 29
35 72 35 72
43 58 43 44 55 58
9 42 9 20 26 38 42
62 87 62 72 87
23 62 23 25 62
16 53 16 31 43 44 53
8 52 8 28 37 52
12 81 12 50 59 64 81
30 49 30 41 49
21 86 21 58 67 72 86
67 86 67 72 86
2 83 2 56 64 81 83
41 49 41 49
5 75 5 75
22 57 22 31 43 44 55 57
0 38 0 13 20 26 38
5 77 5 36 48 54 59 66 77
17 33 17 33
41 86 41 57 72 86
15 22 15 22
28 41 28 41
15 67 15 21 58 67
21 26 21 26
16 38 16 23 25 38
13 76 13 20 26 28 49 69 76
14 80 14 31 43 47 75 80
0 81 0 27 44 78 81
31 86 31 43 64 86
28 60 28 49 51 60
18 70 18 22 25 38 41 70
37 49 37 49
3 42 3 38 42
39 85 39 58 68 74 82 85
24 64 24 50 59 64
25 81 25 79 81
7 85 7 32 48 61 75 82 85
10 53 10 30 44 53
56 82 56 62 72 82
6 73 6 16 38 42 51 58 67 73
35 75 35 39 58 61 75
19 38 19 38
67 87 67 72 87
20 70 20 26 38 41 70
25 68 25 38 42 51 59 64 68
79 86 79 86
6 44 6 17 32 44
18 88 18 59 77 87 88
9 67 9 50 51 58 67
8 75 8 28 49 51 58 61 75
22 49 22 25 38 41 49
8 81 8 34 48 75 80 81
13 74 13 36 55 58 68 74
12 49 12 29 36 37 49
20 39 20 30 39
13 77 13 36 48 52 77
62 85 62 74 85
2 57 2 9 20 32 44 55 57
18 71 18 34 48 52 64 71
38 86 38 41 57 72 86
2 24 2 9 24
41 76 41 59 64 68 69 76
2 75 2 23 55 58 61 75
51 60 51 60
27 29 27 29
30 41 30 41
42 76 42 51 58 68 69 76
11 52 11 33 52
38 46 38 42 46
9 41 9 13 28 41
56 68 56 64 68
2 14 2 14
6 59 6 54 59
0 81 0 20 55 57 72 78 81
0 13 0 13
0 77 0 24 27 29 48 54 59 77
4 49 4 49
20 50 20 30 41 50
0 51 0 45 50 51
34 75 34 48 61 75
1 54 1 3 14 34 45 54
81 83 81 83
32 72 32 48 72
6 45 6 30 34 45
17 26 17 20 26
23 77 23 25 35 39 58 77
2 23 2 23
24 27 24 27
25 68 25 33 39 58 64 68
45 85 45 50 59 64 68 74 82 85
5 42 5 6 15 21 42
13 74 13 29 36 59 64 68 74
38 65 38 42 57 63 65
11 68 11 35 39 58 64 68
14 45 14 34 45
23 54 23 25 33 37 48 54
1 27 1 2 9 13 24 27
4 85 4 23 32 66 71 82 85
27 88 27 44 78 81 83 88
36 60 36 60
1 89 1 2 14 25 62 72 78 84 89
21 85 21 26 28 82 85
36 49 36 37 49
34 79 34 44 79
6 43 6 15 22 31 43
10 45 10 30 34 45
44 73 44 55 67 73
29 73 29 43 52 67 73
6 25 6 16 23 25
44 69 44 64 69
20 50 20 26 38 41 50
62 74 62 74
36 74 36 59 64 68 74
16 42 16 23 25 38 42
20 38 20 26 38
39 87 39 58 67 72 87
2 82 2 57 82
67 82 67 72 82
45 74 45 55 58 68 74
33 88 33 72 86 88
48 83 48 52 80 83
20 71 20 66 71
5 61 5 6 30 39 58 61
32 53 32 53
30 82 30 39 58 61 75 82
16 47 16 23 32 47
18 79 18 21 26 38 41 79
13 56 13 20 26 28 35 56
45 66 45 54 59 66
36 82 36 43 47 75 82
45 54 45 54
51 86 51 59 64 86
13 64 13 20 56 64
54 73 54 73
55 79 55 79
39 87 39 69 87
6 54 6 27 29 36 37 48 54
15 40 15 22 33 37 40
17 29 17 29
40 74 40 64 68 74
45 54 45 54
22 51 22 33 49 51
32 81 32 44 64 81
41 78 41 59 66 78
7 32 7 32
45 55 45 55
15 45 15 30 34 45
66 89 66 78 84 89
60 83 60 66 83
54 75 54 75
26 38 26 38
25 79 25 38 41 79
16 23 16 23
23 79 23 79
19 57 19 43 44 55 57
20 55 20 30 44 55
4 57 4 13 36 43 44 55 57
29 73 29 36 55 58 67 73
48 61 48 61
17 50 17 29 36 50
49 75 49 51 58 61 75
4 30 4 8 9 20 30
16 68 16 29 48 52 64 68
10 58 10 24 29 43 44 55 58
45 54 45 54
37 65 37 48 54 59 65
45 74 45 54 59 64 68 74
28 40 28 37 40
18 42 18 21 26 38 42
19 43 19 43
10 72 10 24 29 48 52 67 72
19 71 19 38 60 66 71
40 69 40 68 69
59 71 59 71
7 43 7 14 19 43
14 70 14 70
62 65 62 63 65
5 69 5 52 64 69
11 33 11 33
19 58 19 38 41 50 51 58
37 60 37 49 51 60
41 50 41 50
43 57 43 44 55 57
3 81 3 9 62 63 80 81
11 62 11 21 42 62
46 87 46 77 87
0 81 0 10 52 80 81
13 60 13 60
4 74 4 23 49 51 58 64 68 74
0 34 0 10 17 20 30 34
10 63 10 34 44 55 57 63
55 67 55 58 67
64 74 64 68 74
7 63 7 42 57 63
2 62 2 33 62
20 40 20 26 28 37 40
30 53 30 53
40 68 40 64 68
15 79 15 21 26 55 79
15 53 15 26 38 41 53
35 72 35 39 58 67 72
54 87 54 72 87
12 17 12 17
10 48 10 24 29 36 37 48
12 37 12 37
10 38 10 17 25 38
79 81 79 81
43 70 43 70
11 33 11 33
11 70 11 70
9 29 9 17 29
60 71 60 66 71
4 43 4 13 36 43
39 84 39 58 67 72 78 84
3 42 3 38 42
22 83 22 59 64 81 83
77 87 77 87
30 53 30 41 53
2 56 2 23 25 35 56
11 84 11 35 56 62 72 78 84
13 27 13 24 27
36 48 36 48
20 75 20 32 44 55 58 61 75
33 72 33 67 72
21 35 21 26 28 35
83 88 83 88
33 82 33 51 67 72 82
15 26 15 21 26
10 63 10 30 41 57 63
26 79 26 38 41 79
45 58 45 50 51 58
6 25 6 17 25
41 69 41 49 51 60 69
19 66 19 38 41 59 66
24 68 24 27 29 43 44 64 68
12 74 12 57 74
28 68 28 37 49 51 58 68
70 86 70 72 86
19 62 19 56 62
37 52 37 48 52
3 13 3 9 13
57 63 57 63
36 85 36 59 71 82 85
32 76 32 44 55 58 64 69 76
9 47 9 17 29 43 47
24 34 24 30 34
78 84 78 84
12 26 12 17 20 26
11 26 11 20 26
41 65 41 50 51 59 65
46 77 46 77
2 82 2 57 72 82
40 76 40 68 69 76
24 39 24 30 39
5 47 5 6 24 43 47
6 80 6 18 34 45 75 80
22 41 22 25 38 41
2 65 2 33 37 59 65
30 49 30 41 49
31 43 31 43
44 64 44 55 58 64
14 81 14 28 49 72 78 81
8 9 8 9
9 84 9 57 72 78 84
20 82 20 32 66 71 82
26 46 26 38 42 46
8 40 8 9 24 27 29 36 37 40
9 13 9 13
20 86 20 55 57 72 86
21 66 21 59 66
22 38 22 25 38
7 60 7 42 51 60
31 84 31 56 62 72 78 84
38 65 38 65
29 62 29 36 43 62
31 44 31 43 44
36 85 36 66 71 82 85
11 52 11 21 26 28 37 52
25 79 25 79
82 85 82 85
22 41 22 25 38 41
21 28 21 26 28
24 50 24 29 36 50
23 48 23 25 33 37 48
36 64 36 48 52 64
25 42 25 38 42
37 87 37 87
6 70 6 15 22 25 38 42 70
12 74 12 50 59 64 68 74
31 44 31 43 44
7 26 7 14 19 21 26
38 74 38 42 62 74
52 73 52 67 73
59 65 59 65
3 33 3 15 22 25 33
26 75 26 28 49 51 58 61 75
13 84 13 36 43 47 67 72 78 84
2 13 2 9 13
23 77 23 44 53 77
26 81 26 28 49 72 78 81
82 88 82 85 88
68 76 68 69 76
15 52 15 21 26 28 37 48 52
4 9 4 8 9
16 29 16 29
28 61 28 49 51 58 61
28 61 28 35 39 58 61
42 62 42 62
17 56 17 25 35 56
5 88 5 72 88
8 60 8 41 49 51 60
56 78 56 62 72 78
19 49 19 38 41 49
11 34 11 20 30 34
24 64 24 50 59 64
31 44 31 43 44
70 72 70 72
47 81 47 67 72 78 81
0 71 0 27 70 71
66 83 66 83
12 73 12 27 44 55 58 67 73
36 89 36 37 72 78 84 89
86 88 86 88
22 89 22 59 89
25 38 25 38
22 56 22 31 56
37 64 37 49 51 58 64
6 51 6 15 22 25 38 41 49 51
34 50 34 45 50
7 27 7 27
43 87 43 52 77 87
17 38 17 20 26 38
10 77 10 48 52 77
20 47 20 32 47
18 32 18 20 32
58 77 58 77
48 65 48 54 59 65
59 89 59 66 78 84 89
32 55 32 44 55
13 79 13 24 27 29 43 44 55 79
9 62 9 17 33 62
3 83 3 27 44 79 83
2 43 2 9 13 29 36 43
45 73 45 73
38 69 38 42 51 64 69
38 51 38 42 51
6 25 6 15 22 25
74 85 74 85
72 82 72 82
70 71 70 71
1 80 1 26 38 42 57 63 80
20 52 20 30 34 45 52
26 76 26 55 58 64 68 69 76
15 44 15 30 34 44
20 63 20 30 41 57 63
14 54 14 28 37 48 54
32 61 32 58 61
37 59 37 59
4 57 4 41 57
19 89 19 43 62 72 78 84 89
8 45 8 34 45
7 84 7 14 31 56 78 84
35 84 35 56 78 84
5 41 5 6 16 28 41
22 53 22 25 38 41 53
8 45 8 34 45
8 66 8 28 41 59 66
9 86 9 62 72 86
64 74 64 68 74
8 30 8 9 17 20 30
30 88 30 39 69 87 88
11 57 11 20 55 57
5 77 5 52 77
38 60 38 42 51 60
21 60 21 26 38 42 51 60
78 88 78 84 88
52 86 52 67 72 86
54 67 54 67
12 54 12 27 29 36 37 48 54
8 41 8 9 24 30 41
2 80 2 9 24 55 57 63 80
27 57 27 44 55 57
8 40 8 40
47 89 47 77 89
22 89 22 59 89
45 55 45 55
20 28 20 26 28
18 48 18 34 48
56 62 56 62
34 66 34 59 66
9 67 9 24 50 51 67
9 57 9 13 26 55 57
55 77 55 58 77
10 36 10 24 27 29 36
4 27 4 13 24 27
21 68 21 26 28 49 51 64 68
24 45 24 30 34 45
12 41 12 17 20 26 28 41
19 78 19 62 72 78
57 63 57 63
24 78 24 30 48 72 78
67 88 67 82 85 88
28 46 28 46
6 28 6 18 21 26 28
45 51 45 50 51
36 52 36 37 52
32 65 32 44 55 57 63 65
36 55 36 43 44 55
16 53 16 31 43 44 53
11 79 11 21 26 28 41 79
16 71 16 38 42 70 71
4 56 4 23 35 56
20 35 20 26 28 35
28 53 28 41 53
16 81 16 35 39 58 61 75 80 81
23 65 23 35 39 65
19 85 19 33 82 85
56 62 56 62
28 52 28 37 48 52
5 88 5 52 77 87 88
36 81 36 43 64 81
62 88 62 74 82 85 88
58 69 58 64 68 69
18 28 18 20 26 28
48 88 48 88
12 53 12 24 43 44 53
59 66 59 66
7 43 7 14 19 43
9 57 9 13 36 55 57
70 78 70 72 78
62 72 62 72
13 86 13 49 51 59 64 86
16 31 16 31
18 59 18 59
85 88 85 88
10 70 10 24 29 43 70
14 34 14 34
18 76 18 76
64 69 64 68 69
34 45 34 45
18 79 18 21 26 38 41 79
29 67 29 48 52 67
16 36 16 29 36
19 58 19 33 39 58
31 61 31 43 44 55 58 61
6 17 6 17
20 35 20 26 28 35
13 28 13 20 26 28
1 60 1 26 38 41 49 51 60
24 74 24 30 41 50 51 59 64 68 74
36 44 36 43 44
16 41 16 23 25 38 41
77 89 77 89
33 87 33 46 77 87
32 87 32 44 55 57 72 87
33 60 33 37 49 51 60
10 76 10 48 52 64 69 76
7 86 7 43 47 67 72 86
20 56 20 56
4 43 4 8 9 24 27 29 36 43
7 29 7 29
63 80 63 80
10 83 10 60 66 83
5 26 5 6 17 20 26
47 73 47 67 73
25 85 25 85
57 63 57 63
51 58 51 58
21 50 21 26 38 41 50
0 55 0 20 26 55
60 77 60 66 77
54 67 54 67
59 64 59 64
44 84 44 78 84
24 63 24 29 36 43 62 63
85 88 85 88
2 9 2 9
33 68 33 52 64 68
2 42 2 9 20 26 38 42
1 60 1 19 38 60
3 42 3 38 42
40 74 40 64 68 74
12 74 12 50 51 58 68 74
27 79 27 29 43 44 55 79
38 86 38 70 72 86
48 89 48 52 89
0 54 0 13 36 48 54
36 67 36 50 51 58 67
11 79 11 20 30 34 44 79
48 54 48 54
22 84 22 25 57 78 84
29 75 29 43 44 55 61 75
4 30 4 30
13 32 13 20 32
30 82 30 39 58 61 75 82
48 88 48 88
20 30 20 30
62 63 62 63
29 67 29 43 52 67
5 77 5 77
53 77 53 77
28 37 28 37
41 79 41 79
18 31 18 22 31
80 81 80 81
8 40 8 28 37 40
0 53 0 24 29 36 43 44 53
5 87 5 6 15 46 77 87
61 82 61 75 82
70 71 70 71
24 51 24 27 29 36 37 51
28 78 28 49 72 78
51 80 51 58 61 75 80
13 24 13 24
7 28 7 28
6 69 6 40 68 69
6 85 6 24 50 51 58 61 75 82 85
52 83 52 67 72 78 81 83
15 43 15 22 43
45 73 45 50 51 58 67 73
36 88 36 48 61 75 88
42 75 42 51 58 61 75
31 77 31 43 52 77
62 63 62 63
72 82 72 82
24 52 24 30 34 48 52
52 67 52 67
5 77 5 6 15 21 59 66 77
45 85 45 52 67 72 82 85
4 77 4 60 66 77
47 75 47 61 75
14 19 14 19
10 29 10 17 29
6 42 6 16 23 25 38 42
56 88 56 78 84 88
80 83 80 83
13 45 13 20 30 34 45
17 80 17 32 47 80
4 27 4 13 24 27
8 30 8 9 24 30
67 89 67 72 78 84 89
0 34 0 10 34
1 32 1 3 16 23 32
10 34 10 17 20 30 34
57 74 57 74
10 77 10 17 25 33 46 77
0 73 0 45 55 67 73
21 66 21 42 51 60 66
3 85 3 15 22 31 43 64 71 82 85
0 34 0 10 34
27 48 27 29 36 37 48
10 82 10 30 39 58 68 74 82
25 40 25 40
13 72 13 72
35 76 35 39 69 76
37 74 37 51 64 68 74
23 49 23 25 38 41 49
36 64 36 50 59 64
36 44 36 43 44
49 80 49 51 80
62 74 62 74
63 88 63 83 88
9 79 9 13 36 55 79
50 58 50 51 58
12 84 12 84
0 36 0 10 17 29 36
9 86 9 13 49 51 58 64 86
42 51 42 51
17 58 17 20 39 58
6 26 6 17 20 26
20 83 20 55 61 75 80 83
49 75 49 51 58 61 75
13 79 13 29 43 44 55 79
24 45 24 30 34 45
23 77 23 66 77
2 33 2 9 17 25 33
51 64 51 64
13 84 13 26 28 49 72 78 84
39 65 39 65
13 26 13 20 26
29 62 29 43 62
14 78 14 78
51 59 51 59
64 76 64 68 69 76
34 45 34 45
37 83 37 51 64 81 83
31 88 31 56 62 72 78 84 88
48 52 48 52
10 76 10 48 52 64 69 76
29 60 29 36 37 51 60
17 39 17 25 35 39
6 76 6 27 58 64 68 69 76
24 27 24 27
52 67 52 67
24 58 24 29 43 44 55 58
22 70 22 43 70
12 41 12 24 30 41
2 46 2 23 25 33 46
3 89 3 9 13 60 66 77 89
42 65 42 62 65
19 56 19 56
9 56 9 13 20 56
41 86 41 59 86
12 45 12 45
30 85 30 44 64 71 82 85
21 59 21 59
16 36 16 29 36
47 67 47 67
43 89 43 52 67 72 78 84 89
24 29 24 29
9 73 9 50 51 67 73
21 75 21 58 61 75
7 39 7 14 28 35 39
1 60 1 49 51 60
19 71 19 38 60 66 71
32 79 32 44 55 79
24 47 24 29 36 43 47
18 76 18 20 30 44 55 58 68 69 76
8 58 8 34 45 50 51 58
28 73 28 35 39 58 67 73
26 74 26 28 41 59 64 68 74
8 30 8 9 17 20 30
1 43 1 2 14 19 43
13 41 13 20 30 41
5 44 5 6 18 22 31 43 44
16 81 16 28 64 81
1 37 1 7 14 25 33 37
54 82 54 75 82
8 72 8 62 72
2 62 2 56 62
25 35 25 35
17 84 17 32 53 84
25 63 25 57 63
47 87 47 77 87
38 63 38 41 57 63
55 72 55 67 72
40 74 40 68 74
12 33 12 17 33
58 87 58 67 72 87
5 20 5 6 18 20
3 43 3 16 29 36 43
12 69 12 37 51 60 69
36 59 36 37 49 51 59
23 68 23 68
20 32 20 32
11 62 11 33 62
2 53 2 14 19 43 44 53
7 74 7 40 68 74
1 39 1 3 16 28 35 39
27 58 27 58
37 60 37 49 51 60
34 79 34 45 55 79
25 87 25 57 72 87
4 58 4 49 51 58
22 34 22 34
61 88 61 75 80 81 83 88
3 72 3 38 41 49 72
67 85 67 72 82 85
15 43 15 22 43
36 51 36 37 51
8 41 8 9 13 28 41
14 39 14 28 35 39
3 67 3 30 44 55 58 67
17 25 17 25
59 78 59 66 78
3 16 3 16
19 35 19 21 26 28 35
46 89 46 77 89
17 35 17 20 26 28 35
20 86 20 56 64 86
10 42 10 17 25 38 42
38 46 38 42 46
10 26 10 17 20 26
16 46 16 28 46
32 89 32 58 67 72 78 84 89
50 80 50 51 58 61 75 80
44 84 44 55 84
3 72 3 15 22 33 72
0 46 0 20 26 42 46
1 55 1 19 21 26 55
1 66 1 19 38 60 66
42 89 42 70 72 78 84 89
2 21 2 14 19 21
18 20 18 20
63 81 63 80 81
49 66 49 51 60 66
26 59 26 28 35 59
26 81 26 38 42 62 72 78 81
0 74 0 57 74
15 25 15 22 25
3 48 3 30 34 48
48 75 48 75
2 29 2 9 13 24 29
31 44 31 43 44
6 56 6 18 22 25 35 56
5 59 5 36 48 54 59
44 89 44 79 84 89
29 72 29 48 52 67 72
3 59 3 38 41 50 59
42 61 42 51 58 61
41 71 41 59 71
0 75 0 20 55 61 75
18 41 18 21 26 28 41
18 35 18 21 26 28 35
14 44 14 31 43 44
2 33 2 9 17 33
54 66 54 59 66
17 42 17 20 26 42
17 20 17 20
39 81 39 58 64 81
25 40 25 33 37 40
29 79 29 36 43 44 55 79
40 63 40 63
19 62 19 33 62
7 27 7 27
20 82 20 40 63 82
67 87 67 72 87
23 87 23 68 69 87
41 65 41 65
10 63 10 34 44 55 57 63
2 49 2 33 49
16 55 16 44 55
28 68 28 68
23 25 23 25
54 73 54 67 73
25 61 25 38 41 50 51 58 61
7 73 7 32 58 67 73
67 83 67 72 78 81 83
1 19 1 19
31 69 31 43 52 64 69
24 81 24 29 81
2 21 2 14 19 21
13 51 13 24 30 41 49 51
83 88 83 88
33 46 33 46
41 64 41 59 64
17 49 17 29 36 37 49
6 37 6 15 22 25 33 37
27 59 27 29 48 54 59
26 42 26 42
4 65 4 13 49 51 59 65
54 67 54 67
30 48 30 48
26 48 26 28 37 48
49 69 49 51 59 64 68 69
5 61 5 6 15 21 42 51 58 61
6 30 6 17 20 30
3 72 3 15 21 26 42 70 72
68 74 68 74
33 51 33 49 51
42 69 42 51 59 64 69
25 53 25 38 41 53
52 68 52 64 68
21 49 21 26 28 37 49
28 61 28 37 49 51 58 61
28 64 28 37 51 58 64
1 7 1 7
24 50 24 27 29 36 50
20 47 20 32 47
5 75 5 75
6 63 6 31 43 62 63
15 43 15 22 31 43
0 38 0 20 26 38
2 89 2 89
11 49 11 20 30 41 49
8 63 8 28 35 56 62 63
3 13 3 9 13
45 84 45 57 78 84
38 88 38 41 49 72 86 88
2 38 2 14 25 38
15 46 15 26 42 46
0 50 0 20 26 28 41 50
14 34 14 34
23 87 23 57 72 87
5 64 5 6 18 22 33 49 51 58 64
23 68 23 44 64 68
3 69 3 30 41 49 69
11 21 11 21
17 51 17 20 30 34 45 50 51
12 25 12 17 25
62 88 62 74 85 88
53 88 53 80 81 83 88
18 59 18 21 42 51 59
11 57 11 21 26 28 41 57
7 49 7 14 25 38 41 49
10 52 10 17 20 30 34 48 52
23 66 23 66
28 37 28 37
7 65 7 42 51 59 65
13 65 13 29 43 44 55 57 63 65
3 83 3 14 70 81 83
35 75 35 39 58 61 75
9 79 9 24 43 44 79
50 80 50 51 80
6 67 6 24 29 36 55 67
2 68 2 23 35 39 58 68
56 74 56 62 74
10 51 10 34 45 50 51
51 65 51 59 65
3 83 3 37 52 83
9 61 9 13 26 55 61
58 61 58 61
1 68 1 19 33 39 58 64 68
19 42 19 21 42
38 60 38 42 51 60
24 79 24 55 79
30 79 30 34 79
24 58 24 43 44 55 58
52 68 52 64 68
15 51 15 26 28 37 51
51 69 51 59 69
75 82 75 82
9 47 9 17 32 47
19 39 19 33 39
20 58 20 55 58
81 88 81 83 88
67 73 67 73
18 48 18 20 30 34 48
4 23 4 23
0 75 0 45 55 61 75
11 59 11 35 59
55 76 55 58 64 69 76
59 86 59 86
60 66 60 66
28 85 28 64 68 74 85
9 27 9 24 27
50 64 50 51 59 64
59 69 59 64 68 69
26 62 26 28 35 56 62
17 20 17 20
21 46 21 26 28 46
2 68 2 9 13 68
13 72 13 49 72
7 86 7 40 64 86
25 35 25 35
48 83 48 52 78 81 83
13 87 13 36 60 69 87
53 88 53 84 88
0 54 0 27 29 36 48 54
3 15 3 15
5 61 5 6 37 51 58 61
32 85 32 44 64 68 74 82 85
37 81 37 51 64 81
33 39 33 39
4 66 4 41 50 51 59 66
10 40 10 24 29 36 37 40
41 84 41 67 72 78 84
66 81 66 78 81
4 56 4 23 35 56
1 76 1 37 51 64 68 69 76
0 77 0 10 24 30 44 55 58 77
1 36 1 3 16 29 36
4 52 4 23 25 33 52
17 71 17 29 48 52 71
8 51 8 9 13 36 50 51
70 82 70 72 82
19 41 19 38 41
34 77 34 45 52 77
46 88 46 77 87 88
3 16 3 16
7 59 7 42 51 59
1 87 1 7 62 72 87
41 86 41 50 51 86
9 57 9 17 25 57
12 28 12 17 20 26 28
33 87 33 51 60 69 87
30 44 30 44
69 76 69 76
12 56 12 17 25 35 56
34 60 34 45 50 51 60
29 61 29 43 44 55 61
10 83 10 24 50 51 64 81 83
32 63 32 44 55 57 63
42 72 42 51 58 67 72
13 24 13 24
3 42 3 15 22 25 38 42
37 59 37 49 51 59
8 61 8 9 24 43 44 55 61
7 69 7 69
15 40 15 22 33 37 40
24 89 24 89
13 60 13 49 51 60
16 82 16 35 63 82
6 15 6 15
6 24 6 24
42 70 42 70
8 9 8 9
16 46 16 38 42 46
0 38 0 13 20 26 38
43 44 43 44
64 68 64 68
72 89 72 78 84 89
0 47 0 47
38 61 38 42 51 58 61
36 57 36 43 44 55 57
23 83 23 66 78 81 83
11 42 11 20 26 42
8 63 8 40 63
40 65 40 63 65
8 37 8 9 20 26 28 37
1 76 1 13 28 41 50 51 60 69 76
57 88 57 82 85 88
41 76 41 49 76
10 38 10 17 20 26 38
40 89 40 89
50 60 50 60
33 67 33 52 67
3 15 3 15
33 61 33 49 51 58 61
3 30 3 9 20 30
5 47 5 36 43 47
33 61 33 61
18 62 18 21 26 42 62
30 34 30 34
50 87 50 60 66 77 87
57 72 57 72
7 68 7 32 48 54 59 64 68
36 74 36 55 57 74
50 60 50 51 60
21 71 21 58 64 71
20 49 20 26 38 41 49
18 25 18 22 25
17 32 17 20 32
79 86 79 86
34 66 34 48 54 59 66
13 82 13 64 82
20 52 20 30 34 48 52
38 60 38 60
54 86 54 86
5 76 5 64 68 69 76
35 72 35 72
20 58 20 55 58
1 9 1 3 9
0 72 0 13 26 55 67 72
4 88 4 70 72 88
9 42 9 20 26 38 42
35 39 35 39
10 34 10 30 34
33 74 33 51 64 68 74
38 86 38 70 86
24 43 24 27 29 36 43
7 89 7 39 58 67 72 78 84 89
21 61 21 42 51 58 61
8 29 8 9 24 29
7 14 7 14
43 77 43 44 55 58 77
12 45 12 24 30 34 45
43 89 43 44 55 79 84 89
2 49 2 9 24 27 29 36 37 49
30 87 30 53 77 87
12 66 12 60 66
17 84 17 20 40 78 84
22 51 22 25 33 51
43 74 43 44 55 58 68 74
1 13 1 3 9 13
86 88 86 88
41 78 41 59 66 78
32 75 32 44 55 61 75
41 66 41 59 66
53 88 53 84 88
6 20 6 17 20
1 44 1 2 9 24 30 34 44
48 72 48 72
47 80 47 80
6 16 6 16
25 49 25 38 41 49
60 78 60 66 78
43 57 43 44 55 57
41 72 41 67 72
68 69 68 69
5 47 5 36 43 47
11 21 11 21
7 40 7 28 37 40
23 25 23 25
0 57 0 10 24 55 57
32 85 32 66 71 82 85
17 34 17 20 30 34
4 79 4 13 28 41 79
16 23 16 23
54 84 54 59 66 78 84
27 53 27 29 36 43 44 53
11 39 11 21 26 28 35 39
35 76 35 39 58 64 69 76
38 73 38 42 51 67 73
9 41 9 24 30 41
19 28 19 21 26 28
2 86 2 14 34 48 54 86
46 89 46 77 89
9 71 9 24 50 59 71
4 69 4 60 69
10 44 10 17 32 44
6 20 6 18 20
5 6 5 6
2 65 2 56 62 65
17 87 17 32 48 54 59 66 77 87
27 76 27 29 43 52 64 68 69 76
9 33 9 17 33
64 82 64 71 82
32 83 32 44 79 81 83
23 35 23 25 35
38 70 38 70
23 33 23 25 33
4 78 4 70 72 78
16 35 16 35
23 35 23 25 35
22 75 22 31 43 47 61 75
29 67 29 36 48 52 67
21 74 21 40 68 74
67 81 67 72 78 81
56 76 56 64 69 76
54 72 54 72
42 64 42 51 59 64
22 58 22 31 43 44 55 58
31 61 31 43 44 55 58 61
27 68 27 29 48 52 64 68
64 81 64 81
44 58 44 55 58
54 66 54 59 66
21 74 21 26 38 42 51 58 64 68 74
66 71 66 71
44 89 44 53 77 89
17 25 17 25
4 13 4 8 9 13
15 57 15 26 38 42 57
35 72 35 72
48 89 48 52 77 89
43 64 43 64
7 52 7 29 48 52
8 63 8 34 44 55 57 63
56 68 56 64 68
39 76 39 69 76
52 77 52 77
19 39 19 21 26 28 35 39
75 80 75 80
33 60 33 37 49 51 60
7 84 7 57 72 78 84
5 46 5 6 16 38 42 46
21 56 21 26 28 35 56
58 78 58 67 72 78
41 60 41 50 51 60
36 71 36 59 64 71
14 66 14 25 35 59 66
20 82 20 55 58 67 82
18 42 18 20 26 38 42
37 67 37 49 51 67
22 84 22 59 66 78 84
10 51 10 17 20 30 34 45 50 51
29 36 29 36
68 74 68 74
6 55 6 15 30 44 55
1 82 1 39 58 64 68 74 82
8 78 8 58 67 72 78
0 55 0 13 20 26 55
39 81 39 58 64 81
26 89 26 55 57 78 84 89
50 59 50 51 59
70 89 70 72 78 84 89
6 51 6 27 29 36 37 49 51
36 64 36 43 52 64
59 77 59 77
1 82 1 7 40 63 82
23 54 23 32 48 54
19 39 19 21 26 28 35 39
5 41 5 6 30 41
2 81 2 14 70 72 78 81
0 35 0 10 17 25 35
1 53 1 13 24 43 44 53
36 83 36 48 61 75 80 81 83
18 42 18 21 26 38 42
43 89 43 47 67 72 78 84 89
56 89 56 62 72 78 84 89
26 52 26 28 37 48 52
10 44 10 24 30 44
0 76 0 27 58 68 69 76
18 44 18 22 43 44
28 69 28 41 59 64 68 69
36 48 36 48
43 83 43 52 80 83
28 83 28 35 56 78 81 83
11 35 11 35
7 26 7 14 19 21 26
4 66 4 13 28 37 49 51 59 66
13 28 13 26 28
5 70 5 6 27 70
86 88 86 88
13 71 13 28 49 51 60 66 71
49 67 49 51 58 67
1 3 1 3
70 88 70 82 85 88
19 28 19 21 26 28
27 78 27 70 72 78
51 84 51 67 72 78 84
59 69 59 64 68 69
21 59 21 42 51 59
17 54 17 25 33 37 48 54
26 75 26 38 42 51 58 61 75
52 78 52 78
57 82 57 63 82
25 51 25 38 42 51
17 20 17 20
18 88 18 20 40 85 88
27 84 27 29 48 54 72 78 84
19 68 19 33 52 64 68
23 89 23 32 58 77 89
56 88 56 78 84 88
7 60 7 29 36 37 49 51 60
25 51 25 38 41 50 51
8 50 8 34 45 50
34 74 34 44 55 58 68 74
4 65 4 41 59 65
63 83 63 83
38 51 38 42 51
11 52 11 20 30 34 45 52
16 81 16 44 78 81
7 66 7 29 48 54 59 66
19 86 19 43 64 86
51 61 51 58 61
34 48 34 48
43 62 43 62
17 26 17 20 26
0 89 0 89
11 58 11 20 55 58
23 65 23 25 38 42 62 65
84 88 84 88
12 28 12 17 20 26 28
0 36 0 27 29 36
46 87 46 77 87
27 36 27 29 36
11 84 11 33 62 72 78 84
25 53 25 38 41 53
56 65 56 62 63 65
18 32 18 20 32
36 57 36 43 44 55 57
1 37 1 2 33 37
15 45 15 22 34 45
12 46 12 17 33 46
23 85 23 55 67 82 85
32 53 32 53
32 77 32 44 53 77
16 74 16 40 64 68 74
29 64 29 43 64
35 88 35 59 64 82 85 88
20 40 20 26 28 37 40
15 43 15 22 43
50 69 50 60 69
41 63 41 57 63
0 86 0 45 52 67 72 86
0 46 0 20 26 28 46
24 70 24 29 36 43 70
29 81 29 36 66 78 81
56 71 56 64 71
4 13 4 13
15 62 15 22 33 62
16 58 16 23 44 55 58
13 36 13 24 27 29 36
56 68 56 64 68
27 72 27 72
42 70 42 70
37 80 37 40 63 80
78 81 78 81
58 85 58 67 72 82 85
25 61 25 35 39 58 61
16 68 16 68
5 20 5 6 17 20
8 35 8 28 35
10 52 10 17 52
19 71 19 38 41 50 60 66 71
30 34 30 34
5 52 5 52
18 54 18 21 26 28 37 48 54
52 85 52 67 82 85
38 42 38 42
14 44 14 31 43 44
6 25 6 17 25
47 87 47 77 87
8 28 8 9 20 26 28
37 59 37 48 54 59
45 81 45 50 60 66 78 81
27 29 27 29
24 68 24 50 51 58 68
24 87 24 30 34 45 55 57 72 87
14 73 14 19 33 49 51 67 73
15 74 15 21 42 57 74
49 88 49 69 87 88
2 82 2 9 62 63 82
9 70 9 13 28 41 70
33 60 33 49 51 60
17 67 17 25 35 39 58 67
39 78 39 58 67 72 78
1 49 1 26 38 41 49
3 13 3 9 13
23 68 23 37 51 59 64 68
39 76 39 58 64 69 76
42 64 42 51 59 64
11 84 11 20 32 66 78 84
33 77 33 52 77
6 37 6 15 21 26 28 37
42 51 42 51
56 86 56 64 86
54 81 54 67 72 78 81
45 84 45 50 60 66 78 84
4 30 4 8 9 17 20 30
0 64 0 59 64
40 69 40 68 69
5 20 5 6 17 20
6 65 6 44 55 57 63 65
26 49 26 38 41 49
18 39 18 22 25 33 39
10 52 10 34 48 52
20 47 20 32 47
12 60 12 17 25 33 49 51 60
55 84 55 57 78 84
10 40 10 17 20 40
10 51 10 34 45 50 51
28 68 28 68
11 33 11 33
43 52 43 52
24 78 24 43 47 67 72 78
28 61 28 37 51 58 61
10 45 10 34 45
37 48 37 48
39 68 39 58 68
45 57 45 57
33 61 33 37 48 61
32 78 32 44 78
14 74 14 68 74
2 72 2 9 13 49 72
8 39 8 28 35 39
8 34 8 9 20 30 34
17 87 17 52 67 72 87
33 78 33 49 72 78
8 53 8 28 41 53
8 38 8 9 17 20 26 38
38 86 38 42 70 72 86
38 42 38 42
28 66 28 35 59 66
20 59 20 32 48 54 59
23 67 23 49 51 58 67
53 80 53 80
4 17 4 8 9 17
3 38 3 38
32 65 32 44 55 57 63 65
64 86 64 86
12 33 12 17 33
15 61 15 22 25 33 61
48 64 48 54 59 64
51 65 51 59 65
5 79 5 6 17 25 79
3 61 3 27 29 43 44 55 58 61
19 62 19 33 62
7 77 7 32 53 77
27 59 27 29 48 54 59
58 64 58 64
6 88 6 40 63 83 88
6 70 6 24 29 36 43 70
25 62 25 62
38 63 38 42 57 63
39 89 39 58 67 72 78 84 89
22 59 22 34 45 54 59
9 82 9 57 74 82
37 72 37 72
52 89 52 67 72 78 84 89
51 76 51 64 69 76
19 37 19 21 26 28 37
37 84 37 52 78 84
26 51 26 38 41 50 51
16 33 16 23 25 33
9 27 9 13 24 27
28 35 28 35
18 63 18 22 33 62 63
5 45 5 6 30 34 45
16 31 16 31
44 58 44 55 58
50 58 50 51 58
2 48 2 33 37 48
32 83 32 47 75 80 81 83
13 84 13 72 78 84
49 72 49 51 67 72
16 89 16 31 43 47 67 72 78 84 89
0 34 0 20 30 34
30 88 30 80 83 88
0 53 0 24 29 36 43 44 53
50 85 50 60 66 71 82 85
17 39 17 25 35 39
4 85 4 70 72 82 85
16 42 16 23 25 38 42
17 52 17 32 48 52
42 57 42 57
66 83 66 83
50 60 50 51 60
41 71 41 59 64 71
50 73 50 51 58 67 73
20 82 20 40 63 82
21 42 21 26 38 42
13 82 13 49 72 82
23 48 23 32 48
8 73 8 41 49 51 67 73
1 19 1 3 14 19
0 24 0 24
26 68 26 55 58 64 68
19 78 19 33 62 72 78
1 43 1 2 14 31 43
55 58 55 58
3 66 3 30 34 45 50 59 66
8 40 8 9 13 28 37 40
59 66 59 66
32 89 32 89
9 83 9 24 27 29 80 83
64 74 64 68 74
47 67 47 67
7 65 7 40 63 65
23 37 23 37
5 76 5 52 64 68 69 76
25 59 25 38 41 49 51 59
17 78 17 32 66 78
57 88 57 74 82 85 88
54 73 54 73
49 75 49 51 58 61 75
23 54 23 25 33 37 48 54
35 63 35 56 62 63
63 80 63 80
43 57 43 44 55 57
44 89 44 55 79 84 89
1 36 1 3 9 24 27 29 36
34 81 34 45 55 61 75 80 81
3 86 3 16 31 56 62 72 86
69 87 69 87
11 21 11 21
43 52 43 52
6 26 6 17 20 26
0 75 0 10 34 44 55 58 61 75
23 82 23 49 51 67 72 82
21 40 21 26 28 37 40
20 85 20 66 71 82 85
11 35 11 35
36 71 36 50 60 66 71
61 88 61 75 88
17 67 17 32 48 52 67
9 79 9 17 29 36 43 44 55 79
15 63 15 26 28 35 56 62 63
62 74 62 74
41 50 41 50
25 60 25 33 49 51 60
32 73 32 48 54 73
24 73 24 30 39 58 67 73
43 58 43 44 55 58
79 84 79 84
26 65 26 28 35 65
17 49 17 33 49
5 89 5 79 84 89
23 35 23 25 35
17 69 17 32 58 68 69
20 28 20 26 28
2 43 2 9 24 27 29 36 43
25 86 25 35 72 86
34 76 34 48 54 59 69 76
20 77 20 30 54 59 77
8 52 8 9 24 29 43 52
79 83 79 83
17 34 17 20 30 34
4 8 4 8
9 37 9 13 36 37
2 89 2 89
5 42 5 6 18 22 25 38 42
18 89 18 34 45 77 89
9 69 9 20 39 69
50 58 50 51 58
9 42 9 20 26 38 42
8 53 8 28 41 53
15 79 15 30 41 79
42 57 42 57
35 65 35 39 65
22 25 22 25
15 67 15 30 54 67
7 19 7 14 19
8 78 8 58 67 72 78
15 60 15 26 28 37 51 60
41 78 41 57 78
17 87 17 25 35 56 62 72 87
20 55 20 32 44 55
5 64 5 52 64
48 83 48 52 67 72 78 81 83
38 61 38 41 49 51 58 61
58 64 58 64
18 33 18 22 25 33
13 41 13 26 38 41
18 20 18 20
30 80 30 80
43 74 43 62 74
2 81 2 23 32 48 61 75 80 81
6 59 6 54 59
28 56 28 35 56
6 64 6 44 55 58 64
55 79 55 79
17 77 17 32 44 53 77
12 30 12 17 20 30
72 88 72 88
16 46 16 28 46
33 83 33 51 80 83
10 72 10 48 52 67 72
50 58 50 51 58
66 89 66 78 84 89
72 78 72 78
17 82 17 60 82
12 63 12 37 40 63
28 81 28 64 81
54 72 54 72
1 67 1 19 21 58 67
10 36 10 17 29 36
3 38 3 14 19 21 26 38
35 56 35 56
2 27 2 9 24 27
4 56 4 8 28 35 56
13 76 13 60 69 76
22 43 22 31 43
24 62 24 27 29 36 43 62
46 89 46 77 89
19 21 19 21
72 86 72 86
18 75 18 21 58 61 75
10 42 10 17 20 26 42
27 44 27 29 43 44
23 88 23 55 84 88
23 49 23 37 49
18 72 18 34 45 67 72
36 48 36 48
26 67 26 67
25 88 25 74 85 88
10 43 10 24 29 36 43
21 86 21 42 51 64 86
20 85 20 40 64 82 85
8 45 8 9 13 20 30 34 45
42 65 42 57 63 65
11 79 11 20 79
8 61 8 9 13 24 27 44 55 61
2 65 2 9 13 24 43 44 55 57 63 65
22 51 22 33 51
1 34 1 3 30 34
12 28 12 17 20 26 28
62 80 62 63 80
10 63 10 34 45 55 57 63
36 49 36 37 49
28 46 28 46
10 33 10 17 25 33
21 40 21 26 28 37 40
40 68 40 64 68
8 42 8 9 20 26 38 42
67 73 67 73
19 38 19 21 26 38
60 69 60 69
4 52 4 8 9 17 20 30 34 45 52
20 81 20 26 28 37 49 51 64 81
26 58 26 28 49 51 58
46 89 46 77 89
23 88 23 32 48 72 82 85 88
30 85 30 48 72 82 85
19 72 19 43 70 72
52 89 52 78 84 89
15 63 15 26 42 57 63
20 82 20 66 71 82
36 87 36 43 70 72 87
25 57 25 57
6 44 6 17 29 43 44
42 83 42 62 63 80 83
19 49 19 21 26 28 41 49
20 40 20 40
6 49 6 17 29 36 37 49
34 60 34 45 50 60
39 76 39 69 76
26 75 26 38 42 51 58 61 75
58 64 58 64
26 28 26 28
10 58 10 34 45 55 58
35 63 35 56 62 63
71 88 71 82 85 88
51 68 51 64 68
51 67 51 67
35 62 35 56 62
17 54 17 33 37 48 54
7 74 7 39 58 64 68 74
27 76 27 58 68 69 76
1 40 1 13 26 28 37 40
48 82 48 61 75 82
2 24 2 9 24
23 78 23 32 44 78
56 71 56 64 71
10 40 10 24 29 36 37 40
26 76 26 38 41 76
44 58 44 55 58
43 65 43 62 63 65
5 6 5 6
42 64 42 51 59 64
9 37 9 24 27 29 36 37
23 80 23 44 55 61 75 80
1 78 1 3 38 41 50 60 66 78
4 52 4 30 34 45 52
34 48 34 48
60 87 60 69 87
31 68 31 68
14 84 14 70 72 78 84
29 57 29 36 43 44 55 57
25 86 25 35 59 64 86
13 54 13 26 28 37 48 54
7 40 7 14 25 40
21 59 21 42 51 59
1 19 1 19
63 85 63 82 85
28 86 28 41 57 72 86
55 72 55 67 72
17 29 17 29
2 62 2 14 28 35 56 62
12 72 12 24 29 70 72
3 40 3 37 40
34 73 34 44 55 67 73
30 63 30 41 57 63
54 71 54 71
42 58 42 51 58
47 84 47 67 72 78 84
56 62 56 62
26 88 26 67 72 87 88
48 84 48 52 67 72 78 84
14 78 14 34 48 54 72 78
43 52 43 52
32 87 32 48 52 64 68 69 87
22 76 22 25 35 56 64 69 76
29 57 29 43 44 55 57
19 86 19 38 41 50 59 86
43 72 43 47 67 72
0 72 0 47 67 72
48 75 48 61 75
11 26 11 21 26
69 88 69 87 88
11 72 11 33 51 58 67 72
4 88 4 41 50 51 58 85 88
10 86 10 30 39 58 64 86
67 78 67 72 78
39 78 39 58 67 72 78
33 59 33 51 59
27 55 27 44 55
50 73 50 51 67 73
48 52 48 52
50 59 50 51 59
19 71 19 21 58 64 71
20 81 20 55 58 61 75 80 81
26 42 26 42
28 52 28 37 48 52
41 50 41 50
63 88 63 83 88
45 55 45 55
14 73 14 25 33 51 67 73
27 69 27 29 43 52 64 68 69
78 88 78 84 88
72 85 72 82 85
22 34 22 34
41 83 41 78 81 83
12 60 12 17 29 36 37 49 51 60
6 71 6 44 55 58 64 71
10 46 10 17 25 33 46
82 88 82 85 88
7 73 7 27 58 67 73
10 28 10 17 20 26 28
57 72 57 72
0 54 0 13 36 48 54
30 39 30 39
12 82 12 24 43 44 64 68 74 82
36 68 36 48 54 59 64 68
49 80 49 51 80
46 77 46 77
38 61 38 41 50 51 58 61
49 76 49 69 76
15 45 15 30 34 45
51 68 51 58 64 68
18 33 18 22 33
41 85 41 70 82 85
48 64 48 54 59 64
56 72 56 62 72
2 34 2 14 34
0 51 0 45 50 51
6 28 6 16 28
9 71 9 24 71
29 36 29 36
15 70 15 30 41 70
21 61 21 58 61
7 51 7 27 29 36 50 51
41 67 41 49 51 67
40 74 40 64 68 74
16 35 16 28 35
34 50 34 45 50
9 47 9 17 20 32 47
5 88 5 70 82 85 88
7 21 7 14 19 21
6 86 6 54 72 86
36 52 36 43 52
31 43 31 43
36 51 36 50 51
0 57 0 24 27 44 55 57
5 20 5 6 17 20
43 72 43 52 67 72
4 13 4 13
20 60 20 30 34 45 50 51 60
7 74 7 49 51 59 64 68 74
32 79 32 44 79
45 84 45 55 57 72 78 84
32 86 32 44 64 86
33 52 33 37 52
4 49 4 23 49
13 86 13 64 86
34 74 34 45 54 59 64 68 74
19 66 19 38 60 66
64 76 64 69 76
29 72 29 48 52 67 72
6 16 6 16
5 72 5 52 67 72
20 32 20 32
20 85 20 30 44 64 68 74 85
18 58 18 20 26 42 51 58
29 44 29 43 44
0 46 0 20 26 28 46
45 84 45 54 72 78 84
50 77 50 60 66 77
18 79 18 20 79
13 82 13 20 55 61 75 82
36 89 36 59 89
54 66 54 59 66
6 71 6 27 58 64 71
38 79 38 41 79
46 87 46 77 87
3 38 3 9 17 20 26 38
24 60 24 30 34 45 50 51 60
25 38 25 38
1 55 1 13 36 43 44 55
36 53 36 43 44 53
22 85 22 43 47 61 75 82 85
48 88 48 72 78 81 83 88
26 49 26 38 41 49
23 85 23 55 57 74 85
2 65 2 23 25 33 37 51 59 65
41 68 41 50 59 64 68
16 74 16 31 43 64 68 74
20 71 20 39 58 64 71
2 56 2 14 19 56
21 56 21 26 28 35 56
21 56 21 26 28 35 56
24 30 24 30
20 52 20 30 48 52
24 68 24 29 36 43 52 64 68
4 56 4 23 35 56
50 81 50 59 66 78 81
18 62 18 22 43 62
38 42 38 42
25 40 25 40
21 46 21 42 46
29 53 29 43 44 53
19 49 19 33 37 49
66 89 66 77 89
49 72 49 72
16 68 16 28 37 40 68
61 88 61 88
3 67 3 58 67
14 70 14 28 41 70
41 75 41 50 51 58 61 75
3 13 3 9 13
17 42 17 25 38 42
44 73 44 73
45 81 45 57 72 78 81
25 68 25 38 41 49 51 58 64 68
55 71 55 58 64 71
1 48 1 13 26 28 37 48
48 72 48 72
31 61 31 43 44 55 61
6 77 6 24 55 58 77
23 65 23 37 59 65
27 61 27 44 55 58 61
41 75 41 49 51 58 61 75
40 85 40 63 82 85
7 27 7 27
5 70 5 6 16 23 25 38 41 70
15 46 15 22 33 46
0 73 0 20 55 67 73
37 52 37 48 52
30 34 30 34
13 60 13 24 50 60
23 25 23 25
39 58 39 58
56 62 56 62
34 86 34 48 54 67 72 86
72 82 72 82
30 49 30 41 49
12 54 12 27 29 48 54
18 25 18 22 25
5 20 5 6 18 20
55 80 55 58 61 75 80
18 58 18 34 44 55 58
21 50 21 26 38 41 50
12 63 12 27 29 43 44 55 57 63
53 87 53 77 87
38 61 38 42 51 58 61
11 39 11 20 30 39
59 77 59 77
42 70 42 70
51 81 51 67 72 78 81
19 43 19 43
32 58 32 44 55 58
37 87 37 49 69 87
14 66 14 59 66
47 88 47 80 81 83 88
1 43 1 2 9 17 29 43
68 74 68 74
36 60 36 60
30 73 30 44 73
13 54 13 24 29 48 54
5 6 5 6
5 87 5 52 64 69 87
16 74 16 28 35 59 64 68 74
3 9 3 9
1 53 1 7 28 41 53
58 78 58 67 72 78
35 89 35 56 78 84 89
0 38 0 10 17 25 38
0 89 0 27 72 78 84 89
19 56 19 21 26 28 35 56
20 50 20 30 34 45 50
33 37 33 37
33 60 33 51 60
6 25 6 15 22 25
2 52 2 33 37 48 52
56 68 56 64 68
30 54 30 54
36 83 36 66 78 81 83
33 54 33 37 48 54
25 69 25 33 49 51 60 69
34 77 34 45 52 77
7 76 7 32 44 64 69 76
51 65 51 59 65
17 38 17 20 26 38
8 42 8 9 20 26 42
18 87 18 59 66 77 87
31 43 31 43
48 75 48 54 75
28 60 28 49 51 60
6 43 6 27 29 43
72 82 72 82
14 31 14 31
16 82 16 29 48 61 75 82
1 47 1 13 20 32 47
16 71 16 40 64 71
14 67 14 42 51 58 67
8 89 8 34 79 84 89
36 37 36 37
37 75 37 48 54 75
10 75 10 34 44 55 58 61 75
33 54 33 37 48 54
55 72 55 67 72
3 35 3 9 13 26 28 35
32 77 32 58 77
12 70 12 29 43 70
42 76 42 51 60 69 76
16 80 16 23 44 53 80
34 83 34 48 61 75 80 83
77 87 77 87
18 75 18 22 43 44 55 61 75
29 79 29 36 55 79
23 85 23 82 85
1 71 1 26 38 42 70 71
58 76 58 68 69 76
50 84 50 51 59 66 78 84
60 66 60 66
13 79 13 36 43 44 55 79
11 48 11 21 26 28 37 48
30 73 30 34 44 55 58 67 73
28 87 28 37 49 51 59 77 87
16 71 16 28 41 50 59 66 71
12 27 12 27
3 89 3 38 42 51 58 77 89
6 48 6 27 29 36 48
30 34 30 34
28 53 28 41 53
8 52 8 28 37 52
86 88 86 88
41 71 41 50 51 64 71
36 85 36 60 66 71 82 85
23 80 23 55 57 63 80
17 40 17 29 36 37 40
43 69 43 44 55 58 64 68 69
17 77 17 58 77
0 53 0 20 30 34 44 53
26 41 26 28 41
35 65 35 65
14 44 14 19 43 44
2 86 2 9 17 52 64 86
25 74 25 38 41 49 51 59 64 68 74
36 53 36 43 44 53
8 54 8 28 37 48 54
36 87 36 48 72 87
17 60 17 29 36 60
58 87 58 64 69 87
67 73 67 73
13 20 13 20
3 34 3 14 34
37 49 37 49
30 63 30 41 63
4 66 4 60 66
9 33 9 17 25 33
59 76 59 69 76
37 82 37 40 68 74 82
23 66 23 35 59 66
27 66 27 29 36 48 54 59 66
2 23 2 23
16 68 16 44 55 58 64 68
6 79 6 16 29 43 44 55 79
43 69 43 52 64 69
7 42 7 42
4 17 4 8 9 17
46 89 46 77 89
26 42 26 38 42
20 82 20 56 82
57 88 57 63 88
75 81 75 80 81
4 43 4 8 9 17 29 43
25 69 25 33 51 60 69
21 61 21 42 51 58 61
50 60 50 60
67 73 67 73
66 77 66 77
13 68 13 36 59 64 68
13 47 13 29 43 47
11 55 11 21 26 55
46 88 46 77 88
11 80 11 21 26 38 42 51 80
3 49 3 14 28 41 49
45 59 45 50 51 59
16 69 16 44 55 58 64 69
68 69 68 69
28 52 28 37 48 52
1 86 1 39 58 64 86
34 86 34 79 86
18 41 18 21 26 28 41
27 79 27 79
29 72 29 48 72
3 23 3 16 23
11 38 11 20 26 38
13 27 13 24 27
15 79 15 26 28 41 79
48 74 48 54 59 64 68 74
24 68 24 43 44 55 58 64 68
42 85 42 62 74 85
7 78 7 56 62 72 78
79 83 79 83
11 53 11 21 26 38 41 53
11 55 11 20 55
32 48 32 48
0 39 0 20 39
52 78 52 67 72 78
44 89 44 55 57 72 78 84 89
28 73 28 49 51 58 67 73
47 88 47 61 88
51 84 51 67 72 78 84
41 68 41 59 64 68
67 81 67 72 78 81
3 14 3 14
36 75 36 37 49 51 58 61 75
2 71 2 56 64 71
12 27 12 27
16 74 16 23 44 55 58 64 68 74
22 87 22 59 64 69 87
39 78 39 58 67 72 78
48 88 48 61 88
47 61 47 61
9 53 9 24 27 29 36 43 44 53
40 86 40 64 86
16 47 16 29 43 47
0 20 0 10 17 20
45 75 45 50 51 58 61 75
4 89 4 23 37 49 72 78 84 89
33 68 33 37 51 64 68
16 58 16 31 43 44 55 58
17 51 17 33 49 51
34 76 34 59 69 76
22 74 22 43 52 64 68 74
72 85 72 82 85
2 34 2 9 24 30 34
27 85 27 44 55 67 82 85
59 71 59 66 71
33 52 33 37 52
4 86 4 23 35 59 86
11 20 11 20
71 85 71 82 85
7 65 7 65
35 88 35 39 69 87 88
50 87 50 60 66 77 87
13 83 13 26 55 61 75 80 81 83
45 52 45 52
62 87 62 72 87
23 42 23 25 38 42
37 48 37 48
11 49 11 21 26 38 41 49
2 14 2 14
25 85 25 35 63 82 85
8 44 8 34 44
27 75 27 29 43 47 75
58 84 58 67 72 78 84
24 74 24 30 41 57 74
27 58 27 58
5 17 5 6 17
10 24 10 24
9 56 9 13 20 56
1 3 1 3
51 65 51 59 65
32 58 32 58
10 51 10 24 27 29 36 37 51
30 54 30 54
33 78 33 51 59 66 78
49 88 49 51 67 82 85 88
22 88 22 43 70 81 83 88
19 82 19 82
16 31 16 31
56 89 56 78 84 89
0 57 0 45 55 57
11 54 11 33 37 48 54
9 79 9 20 30 41 79
31 56 31 56
4 89 4 60 66 78 84 89
50 59 50 59
26 88 26 80 83 88
24 55 24 55
10 58 10 17 29 43 44 55 58
1 36 1 13 36
8 28 8 28
50 82 50 82
1 25 1 3 14 25
48 75 48 75
32 48 32 48
19 66 19 33 37 59 66
4 56 4 13 20 26 28 35 56
0 26 0 20 26
12 25 12 17 25
29 64 29 36 37 40 64
19 85 19 56 74 82 85
13 83 13 72 78 81 83
8 30 8 9 13 24 30
43 83 43 80 83
0 73 0 47 67 73
15 22 15 22
18 42 18 21 26 42
3 78 3 16 44 55 57 78
72 85 72 82 85
7 76 7 56 64 69 76
23 25 23 25
9 50 9 17 29 36 50
62 84 62 72 78 84
26 88 26 75 88
51 80 51 58 61 75 80
8 54 8 34 45 54
17 32 17 32
20 68 20 55 58 64 68
0 24 0 24
9 73 9 24 27 29 36 37 51 58 67 73
24 79 24 30 44 79
7 69 7 28 68 69
17 89 17 70 72 78 84 89
62 63 62 63
22 89 22 34 59 77 89
3 76 3 16 44 64 68 69 76
20 65 20 30 48 54 59 65
2 80 2 23 37 40 63 80
26 80 26 28 49 51 58 61 75 80
1 32 1 3 16 23 32
70 72 70 72
6 85 6 37 40 63 82 85
23 32 23 32
55 76 55 58 68 69 76
42 72 42 62 72
7 70 7 29 70
32 77 32 44 53 77
59 76 59 64 68 69 76
4 57 4 8 34 44 55 57
28 83 28 41 78 81 83
2 34 2 14 34
30 61 30 34 44 55 61
27 36 27 29 36
16 80 16 80
41 75 41 50 51 58 61 75
17 25 17 25
66 83 66 78 81 83
36 51 36 50 51
52 76 52 64 68 69 76
34 77 34 45 54 59 77
36 71 36 60 66 71
38 42 38 42
18 20 18 20
47 84 47 67 72 78 84
72 87 72 87
14 19 14 19
29 80 29 75 80
50 85 50 60 66 71 82 85
3 79 3 15 26 28 41 79
27 53 27 44 53
52 67 52 67
18 22 18 22
53 87 53 77 87
23 84 23 55 57 72 78 84
14 60 14 34 45 50 60
24 49 24 30 41 49
30 45 30 34 45
25 35 25 35
58 76 58 64 68 69 76
12 37 12 17 25 33 37
7 52 7 14 19 43 52
7 43 7 27 29 36 43
27 88 27 53 84 88
4 49 4 13 24 27 29 36 37 49
8 88 8 41 59 71 88
43 77 43 77
17 56 17 20 26 28 35 56
20 52 20 26 28 37 52
33 40 33 37 40
51 75 51 58 61 75
3 85 3 37 52 64 71 82 85
15 70 15 21 26 42 70
43 69 43 52 64 68 69
4 13 4 8 9 13
48 74 48 54 59 64 68 74
17 67 17 32 47 67
43 65 43 44 55 57 63 65
5 88 5 6 15 26 38 42 70 71 82 85 88
36 50 36 50
22 38 22 25 38
81 83 81 83
25 81 25 79 81
8 40 8 28 37 40
37 75 37 51 58 61 75
1 78 1 26 38 70 72 78
30 41 30 41
21 75 21 58 61 75
44 76 44 64 68 69 76
58 85 58 68 74 82 85
32 77 32 66 77
22 41 22 25 38 41
37 58 37 51 58
40 69 40 68 69
33 78 33 37 51 59 66 78
17 35 17 20 26 28 35
20 71 20 26 55 58 64 71
32 57 32 44 55 57
27 79 27 29 36 43 44 55 79
39 67 39 58 67
45 88 45 67 82 85 88
9 57 9 17 32 44 55 57
8 30 8 9 17 20 30
3 78 3 16 35 72 78
59 88 59 69 87 88
22 70 22 25 38 42 70
4 69 4 41 59 64 69
19 35 19 21 26 28 35
23 78 23 49 72 78
31 61 31 43 44 55 58 61
57 81 57 63 80 81
43 47 43 47
17 58 17 25 38 41 50 51 58
9 57 9 24 27 29 43 44 55 57
60 87 60 69 87
24 70 24 27 29 70
37 51 37 49 51
80 81 80 81
30 84 30 54 67 72 78 84
18 44 18 20 32 44
11 49 11 33 49
17 32 17 32
45 50 45 50
25 62 25 38 42 62
34 86 34 79 86
40 78 40 78
25 49 25 38 41 49
42 64 42 51 59 64
48 88 48 72 86 88
15 60 15 26 42 51 60
57 78 57 78
3 38 3 16 38
8 49 8 9 17 33 49
34 66 34 48 54 59 66
10 30 10 30
62 86 62 72 86
5 75 5 75
13 26 13 26
8 87 8 9 20 56 64 68 69 87
67 87 67 72 87
3 23 3 16 23
41 80 41 49 51 58 61 75 80
11 48 11 20 30 48
48 73 48 54 67 73
16 38 16 38
38 69 38 41 50 60 69
67 83 67 72 78 81 83
12 72 12 72
13 47 13 24 29 43 47
15 46 15 21 42 46
71 88 71 88
19 86 19 62 72 86
36 82 36 43 64 82
11 20 11 20
20 84 20 79 84
23 48 23 37 48
23 87 23 57 72 87
3 78 3 16 35 72 78
18 71 18 59 64 71
67 78 67 72 78
13 83 13 72 78 81 83
2 48 2 14 19 21 26 28 37 48
74 82 74 82
43 47 43 47
19 46 19 38 42 46
3 48 3 27 29 36 48
70 72 70 72
13 64 13 28 35 59 64
48 86 48 54 67 72 86
6 66 6 18 59 66
35 75 35 39 58 61 75
10 42 10 17 25 38 42
79 84 79 84
84 89 84 89
0 46 0 20 26 38 42 46
8 52 8 34 45 52
40 69 40 68 69
12 24 12 24
14 60 14 28 37 51 60
1 80 1 13 36 55 57 63 80
19 89 19 21 26 55 79 84 89
0 86 0 20 39 58 67 72 86
4 57 4 30 44 55 57
58 69 58 68 69
27 84 27 79 84
52 67 52 67
31 69 31 68 69
43 78 43 62 72 78
16 29 16 29
52 85 52 64 82 85
22 31 22 31
32 58 32 44 55 58
11 83 11 64 81 83
87 88 87 88
33 51 33 51
40 78 40 78
58 78 58 67 72 78
56 76 56 64 69 76
26 51 26 38 41 49 51
42 76 42 51 60 69 76
9 50 9 24 50
54 71 54 71
10 52 10 34 45 52
18 58 18 34 44 55 58
13 84 13 84
17 49 17 29 36 37 49
55 83 55 67 72 78 81 83
23 79 23 32 44 79
41 59 41 50 59
1 55 1 26 55
4 40 4 23 25 33 37 40
11 64 11 64
10 48 10 34 48
11 77 11 77
48 75 48 61 75
36 51 36 50 51
25 38 25 38
9 71 9 20 55 58 64 71
25 82 25 40 64 68 74 82
13 72 13 49 51 58 67 72
10 30 10 30
0 36 0 13 36
29 70 29 43 70
6 71 6 54 59 66 71
17 56 17 20 26 28 35 56
23 83 23 55 67 72 78 81 83
3 13 3 9 13
41 59 41 59
26 28 26 28
3 40 3 9 20 26 28 37 40
41 60 41 49 51 60
19 69 19 56 64 68 69
16 61 16 29 36 55 61
15 76 15 58 68 69 76
24 73 24 30 54 67 73
16 73 16 31 43 47 67 73
2 28 2 9 20 26 28
16 89 16 31 56 78 84 89
14 56 14 19 21 26 28 35 56
42 61 42 51 58 61
10 28 10 17 20 26 28
0 53 0 20 32 53
55 76 55 58 64 69 76
20 30 20 30
51 59 51 59
10 59 10 48 54 59
55 57 55 57
27 61 27 58 61
0 71 0 10 34 59 64 71
29 77 29 48 54 59 77
8 30 8 9 17 20 30
33 63 33 37 40 63
9 74 9 17 20 40 68 74
29 48 29 36 37 48
1 23 1 2 23
49 69 49 51 60 69
7 56 7 28 35 56
1 24 1 3 9 24
12 60 12 50 51 60
20 65 20 26 38 41 65
14 73 14 19 43 44 55 67 73
33 72 33 62 72
5 36 5 36
17 43 17 29 43
3 9 3 9
28 56 28 35 56
7 42 7 42
44 85 44 55 67 72 82 85
10 34 10 34
21 42 21 26 42
9 29 9 17 29
18 34 18 34
40 69 40 68 69
2 28 2 14 19 21 26 28
23 55 23 32 44 55
9 61 9 17 33 39 58 61
0 35 0 10 17 20 26 28 35
6 86 6 16 31 43 62 72 86
11 20 11 20
17 20 17 20
9 88 9 62 63 82 85 88
18 34 18 34
23 55 23 55
7 70 7 27 70
24 88 24 43 47 67 72 88
0 50 0 24 30 34 45 50
60 78 60 66 78
3 66 3 14 28 35 59 66
2 23 2 23
45 73 45 52 67 73
4 77 4 60 66 77
4 8 4 8
24 66 24 29 36 37 48 54 59 66
36 81 36 60 66 78 81
34 50 34 45 50
13 79 13 24 55 79
20 30 20 30
16 36 16 29 36
13 26 13 20 26
21 42 21 26 42
20 47 20 32 47
37 77 37 52 77
2 57 2 9 17 29 36 43 44 55 57
4 8 4 8
17 38 17 25 38
12 32 12 17 20 32
11 78 11 20 32 44 78
23 46 23 25 33 46
13 74 13 36 59 64 68 74
10 72 10 30 39 58 67 72
24 89 24 89
11 70 11 70
8 58 8 28 35 39 58
59 69 59 64 69
28 60 28 37 49 51 60
15 82 15 26 67 82
18 59 18 59
6 76 6 18 22 31 43 44 55 58 64 69 76
4 41 4 41
42 83 42 62 72 78 81 83
6 18 6 18
42 51 42 51
70 82 70 71 82
30 57 30 34 44 55 57
24 52 24 29 48 52
10 46 10 17 33 46
1 25 1 3 16 23 25
32 85 32 47 61 75 82 85
6 65 6 17 32 48 54 59 65
41 60 41 49 51 60
21 74 21 40 64 68 74
28 68 28 37 51 59 64 68
3 79 3 30 41 79
6 55 6 16 44 55
64 87 64 68 69 87
38 70 38 70
0 10 0 10
33 88 33 52 80 83 88
11 84 11 21 42 70 72 78 84
62 83 62 63 83
9 71 9 71
24 27 24 27
74 85 74 82 85
4 78 4 60 66 78
41 71 41 50 60 66 71
16 59 16 35 59
0 74 0 24 30 44 64 68 74
19 68 19 56 64 68
59 88 59 66 78 84 88
21 74 21 59 64 68 74
51 65 51 59 65
30 49 30 41 49
50 84 50 59 66 78 84
27 48 27 29 48
21 68 21 42 51 59 64 68
51 86 51 59 64 86
0 54 0 24 27 29 48 54
8 38 8 9 13 20 26 38
1 35 1 19 21 26 28 35
23 57 23 44 55 57
68 69 68 69
2 68 2 33 49 51 59 64 68
28 41 28 41
26 60 26 42 51 60
4 45 4 8 9 17 20 30 34 45
0 34 0 10 30 34
17 36 17 29 36
55 78 55 57 72 78
10 42 10 17 20 26 42
25 60 25 38 41 50 51 60
28 63 28 37 40 63
6 31 6 16 31
24 49 24 27 29 36 37 49
67 73 67 73
31 44 31 43 44
16 59 16 23 37 49 51 59
37 82 37 48 75 82
26 79 26 28 41 79
22 38 22 25 38
11 38 11 20 26 38
43 58 43 44 55 58
8 89 8 9 17 78 84 89
2 68 2 56 64 68
19 68 19 56 64 68
20 70 20 30 41 70
2 87 2 23 77 87
28 49 28 49
45 77 45 54 59 66 77
62 83 62 63 80 83
40 86 40 64 86
41 63 41 57 63
21 75 21 42 51 58 61 75
45 67 45 67
7 60 7 27 29 36 50 51 60
7 63 7 43 44 55 57 63
36 81 36 81
21 77 21 26 42 51 59 66 77
0 55 0 45 55
48 83 48 61 75 80 83
2 52 2 23 37 52
45 82 45 75 82
43 52 43 52
27 57 27 29 36 43 44 55 57
20 28 20 26 28
43 72 43 70 72
64 82 64 68 74 82
59 82 59 64 68 74 82
44 76 44 64 69 76
1 22 1 3 15 22
44 64 44 64
14 33 14 25 33
30 80 30 80
46 89 46 77 89
41 57 41 57
41 66 41 59 66
22 66 22 34 59 66
36 51 36 50 51
16 80 16 23 55 61 75 80
20 72 20 56 62 72
24 27 24 27
40 71 40 64 71
27 61 27 29 48 61
41 64 41 50 59 64
39 84 39 58 67 72 78 84
23 55 23 32 44 55
15 74 15 21 59 64 68 74
20 86 20 39 58 64 86
3 42 3 14 42
1 71 1 2 14 59 71
21 50 21 26 38 41 50
62 87 62 72 87
40 63 40 63
29 73 29 36 37 51 58 67 73
0 89 0 89
72 85 72 82 85
63 65 63 65
6 66 6 27 29 48 54 59 66
34 50 34 45 50
61 88 61 75 82 85 88
37 85 37 40 68 74 82 85
36 52 36 43 52
1 22 1 3 15 22
56 81 56 64 81
63 65 63 65
24 60 24 30 41 49 51 60
24 58 24 43 44 55 58
3 67 3 38 42 51 58 67
12 70 12 29 43 70
0 88 0 20 32 86 88
70 89 70 72 78 84 89
56 74 56 74
13 20 13 20
5 50 5 6 30 41 50
26 55 26 55
15 57 15 22 31 43 44 55 57
20 37 20 26 28 37
2 21 2 14 19 21
45 64 45 54 59 64
29 43 29 43
54 84 54 72 78 84
45 58 45 55 58
41 75 41 49 51 58 61 75
47 67 47 67
28 49 28 49
49 72 49 51 58 67 72
4 60 4 8 41 50 51 60
58 76 58 64 68 69 76
12 82 12 37 49 51 67 82
4 52 4 30 48 52
49 68 49 51 58 64 68
51 75 51 58 61 75
32 80 32 44 53 80
58 61 58 61
50 58 50 51 58
21 35 21 26 28 35
8 74 8 62 74
8 81 8 34 59 66 78 81
57 84 57 72 78 84
2 54 2 23 37 48 54
14 42 14 19 21 26 38 42
29 78 29 70 72 78
3 82 3 82
0 45 0 10 17 20 30 34 45
54 75 54 75
30 63 30 41 57 63
5 47 5 36 43 47
16 53 16 44 53
9 60 9 20 30 34 45 50 60
0 64 0 27 58 64
13 71 13 20 32 48 52 71
36 50 36 50
48 66 48 54 59 66
59 78 59 66 78
26 68 26 38 41 59 64 68
13 72 13 26 55 57 72
47 73 47 67 73
54 69 54 59 64 69
34 86 34 79 86
32 76 32 58 68 69 76
9 60 9 24 29 36 50 51 60
1 50 1 26 38 41 50
7 76 7 69 76
62 83 62 72 78 81 83
9 33 9 17 25 33
22 25 22 25
13 49 13 28 49
41 67 41 50 51 67
28 49 28 49
18 22 18 22
31 88 31 68 69 87 88
0 50 0 13 24 29 36 50
29 77 29 48 52 77
52 76 52 64 68 69 76
11 64 11 21 40 64
50 87 50 59 64 69 87
7 39 7 14 19 21 26 28 35 39
2 85 2 57 72 82 85
13 70 13 36 43 70
9 67 9 20 26 38 42 51 67
17 47 17 29 43 47
48 66 48 54 59 66
67 86 67 72 86
18 39 18 20 30 39
4 40 4 8 28 37 40
41 67 41 50 51 58 67
36 75 36 43 47 61 75
14 45 14 34 45
6 63 6 44 55 57 63
28 60 28 49 51 60
40 63 40 63
33 39 33 39
20 59 20 26 42 51 59
20 39 20 30 39
58 87 58 77 87
30 88 30 80 83 88
20 83 20 39 58 64 81 83
58 61 58 61
27 78 27 29 70 72 78
21 28 21 26 28
0 73 0 45 50 51 58 67 73
17 26 17 20 26
15 21 15 21
45 67 45 54 67
5 35 5 6 18 21 26 28 35
22 41 22 25 38 41
48 75 48 75
25 64 25 40 64
48 52 48 52
36 74 36 37 59 64 68 74
6 59 6 30 34 48 54 59
67 82 67 72 82
33 54 33 37 48 54
34 66 34 48 54 59 66
38 65 38 65
39 85 39 85
33 40 33 37 40
2 53 2 23 44 53
0 74 0 13 29 36 50 51 64 68 74
22 84 22 59 66 78 84
24 60 24 29 36 60
4 55 4 30 34 45 55
19 71 19 38 41 70 71
41 70 41 70
15 74 15 22 59 64 68 74
10 52 10 52
33 88 33 52 67 82 85 88
16 31 16 31
11 42 11 20 26 42
54 66 54 59 66
27 69 27 58 68 69
18 44 18 20 32 44
46 87 46 77 87
51 67 51 58 67
17 78 17 52 67 72 78
18 88 18 72 78 81 83 88
7 49 7 28 49
1 26 1 13 20 26
29 54 29 48 54
43 58 43 44 55 58
39 87 39 69 87
34 60 34 45 50 51 60
43 53 43 44 53
67 82 67 82
56 74 56 62 74
49 88 49 51 64 71 82 85 88
2 61 2 14 34 48 61
75 82 75 82
14 54 14 25 33 37 48 54
18 61 18 20 32 48 61
11 58 11 33 51 58
44 61 44 55 58 61
0 36 0 13 36
5 59 5 36 50 51 59
13 60 13 26 38 42 51 60
42 89 42 70 72 78 84 89
18 65 18 59 65
58 75 58 61 75
25 51 25 38 42 51
2 28 2 9 17 20 26 28
26 56 26 28 35 56
23 79 23 55 79
75 83 75 80 83
4 26 4 13 26
68 74 68 74
0 71 0 13 64 71
23 25 23 25
66 77 66 77
6 30 6 30
3 59 3 9 50 51 59
4 85 4 23 25 40 85
20 50 20 30 34 45 50
21 56 21 26 28 35 56
49 80 49 51 80
6 70 6 27 29 70
21 42 21 26 42
55 83 55 58 64 81 83
20 73 20 55 58 67 73
12 87 12 37 40 64 69 87
64 87 64 68 69 87
2 38 2 14 19 21 26 38
22 59 22 59
14 74 14 19 33 39 58 64 68 74
6 24 6 24
17 89 17 29 43 52 78 84 89
34 65 34 59 65
11 68 11 68
10 80 10 24 55 57 63 80
38 69 38 41 50 59 64 69
0 86 0 57 72 86
16 69 16 29 36 59 69
10 58 10 17 33 51 58
12 25 12 17 25
51 77 51 58 77
14 73 14 34 44 55 67 73
5 75 5 36 48 54 75
6 29 6 17 29
4 23 4 23
51 60 51 60
31 65 31 43 62 65
38 60 38 41 49 51 60
41 70 41 70
0 47 0 20 32 47
10 40 10 17 33 37 40
14 21 14 19 21
0 45 0 13 24 30 34 45
17 82 17 33 52 64 68 74 82
18 88 18 72 88
5 66 5 36 48 54 59 66
51 60 51 60
1 76 1 2 9 17 33 52 64 69 76
19 33 19 33
1 37 1 13 26 28 37
10 85 10 17 25 63 82 85
36 53 36 43 44 53
13 82 13 60 82
78 88 78 81 83 88
26 62 26 38 42 62
14 89 14 28 49 51 67 72 78 84 89
29 54 29 36 48 54
3 36 3 9 24 27 29 36
5 20 5 6 18 20
42 66 42 51 60 66
67 72 67 72
7 39 7 39
41 80 41 49 51 58 61 75 80
8 61 8 9 50 51 58 61
71 88 71 88
9 79 9 20 79
56 89 56 62 72 78 84 89
49 80 49 51 80
26 46 26 42 46
15 51 15 22 33 37 51
18 35 18 21 26 28 35
26 74 26 55 57 74
71 85 71 82 85
31 56 31 56
49 72 49 51 67 72
17 35 17 20 26 28 35
34 55 34 44 55
2 61 2 33 51 58 61
75 81 75 80 81
19 46 19 38 42 46
4 42 4 8 9 20 26 42
9 76 9 50 51 64 69 76
33 72 33 51 67 72
29 44 29 36 43 44
15 30 15 30
28 46 28 46
1 87 1 3 30 34 59 77 87
15 67 15 22 34 45 50 51 58 67
10 59 10 48 54 59
59 88 59 77 87 88
8 84 8 58 67 72 78 84
40 89 40 89
42 57 42 57
3 59 3 30 54 59
32 53 32 53
17 57 17 32 44 55 57
13 77 13 36 59 77
0 82 0 27 44 55 61 75 82
39 84 39 58 67 72 78 84
4 56 4 23 25 35 56
29 70 29 70
29 79 29 36 43 44 79
17 89 17 70 72 78 84 89
16 55 16 31 43 44 55
8 41 8 28 41
29 75 29 36 37 49 51 58 61 75
51 67 51 58 67
2 64 2 9 17 58 64
17 43 17 29 36 43
26 28 26 28
7 77 7 42 51 59 77
0 34 0 20 30 34
54 72 54 67 72
19 85 19 38 42 57 82 85
38 66 38 60 66
3 69 3 37 40 68 69
8 47 8 9 20 32 47
0 82 0 24 27 58 68 74 82
26 51 26 38 41 50 51
7 56 7 28 35 56
67 82 67 72 82
20 35 20 26 28 35
30 52 30 48 52
7 57 7 57
13 77 13 20 30 48 54 59 66 77
51 71 51 64 71
9 70 9 17 70
2 52 2 23 25 33 37 48 52
35 62 35 56 62
41 72 41 49 51 67 72
24 88 24 43 47 61 75 80 83 88
66 71 66 71
56 80 56 62 63 80
33 69 33 49 69
45 57 45 57
11 20 11 20
6 48 6 18 21 26 28 37 48
28 81 28 49 72 78 81
27 53 27 29 36 43 44 53
66 83 66 78 81 83
2 71 2 23 44 55 58 64 71
6 88 6 54 72 88
8 62 8 62
7 14 7 14
41 83 41 59 64 81 83
10 77 10 60 66 77
14 54 14 19 33 37 48 54
44 78 44 78
75 81 75 80 81
2 83 2 56 78 81 83
35 63 35 56 62 63
0 33 0 10 17 33
20 86 20 39 58 64 86
0 24 0 24
38 88 38 42 70 88
59 86 59 86
34 87 34 59 69 87
4 70 4 23 25 38 41 70
4 35 4 23 35
23 89 23 66 77 89
31 62 31 43 62
15 60 15 26 28 41 50 51 60
43 53 43 44 53
56 82 56 82
10 64 10 24 43 52 64
3 32 3 9 17 32
29 51 29 36 50 51
1 54 1 37 48 54
10 72 10 30 44 55 57 72
24 34 24 30 34
45 74 45 50 51 64 68 74
54 84 54 59 66 78 84
4 9 4 8 9
27 53 27 29 43 44 53
4 9 4 8 9
5 85 5 75 82 85
10 88 10 60 66 71 82 85 88
31 56 31 56
23 85 23 49 51 67 82 85
22 66 22 25 35 59 66
4 57 4 8 28 41 57
36 67 36 48 52 67
17 80 17 32 53 80
21 58 21 42 51 58
3 54 3 37 48 54
30 84 30 53 84
14 21 14 19 21
8 34 8 34
48 84 48 72 78 84
1 48 1 26 28 37 48
6 31 6 31
72 86 72 86
38 42 38 42
11 54 11 21 26 28 37 48 54
23 38 23 25 38
17 59 17 20 30 34 48 54 59
39 65 39 65
38 60 38 42 51 60
13 56 13 26 28 35 56
34 63 34 45 55 57 63
33 77 33 37 49 51 58 77
31 88 31 68 74 82 85 88
67 86 67 72 86
60 69 60 69
48 72 48 52 67 72
48 84 48 52 67 72 78 84
6 70 6 27 70
84 89 84 89
37 85 37 51 58 85
27 55 27 44 55
4 69 4 49 69
11 34 11 20 30 34
6 20 6 18 20
26 88 26 75 88
2 88 2 57 74 85 88
3 20 3 9 20
31 55 31 43 44 55
21 26 21 26
28 56 28 35 56
25 60 25 33 37 49 51 60
22 35 22 25 35
58 68 58 64 68
60 83 60 66 83
56 88 56 74 85 88
62 87 62 72 87
1 86 1 7 29 36 59 64 86
67 83 67 72 78 81 83
8 78 8 62 72 78
46 77 46 77
40 63 40 63
43 70 43 70
6 64 6 37 49 51 58 64
3 33 3 14 25 33
13 64 13 26 42 51 64
34 52 34 45 52
22 76 22 43 64 69 76
51 67 51 58 67
66 77 66 77
1 87 1 39 58 64 69 87
10 82 10 30 41 59 66 71 82
4 43 4 13 29 43
15 47 15 22 31 43 47
61 81 61 75 80 81
13 49 13 49
9 60 9 13 60
22 31 22 31
32 66 32 66
19 58 19 43 44 55 58
8 24 8 9 24
56 76 56 64 68 69 76
22 82 22 34 45 50 51 60 66 71 82
29 48 29 48
19 48 19 33 37 48
16 46 16 38 42 46
7 39 7 28 35 39
14 54 14 19 21 26 28 37 48 54
16 38 16 38
14 57 14 28 41 57
46 77 46 77
3 15 3 15
5 69 5 36 60 69
25 79 25 79
8 35 8 28 35
59 69 59 64 68 69
41 63 41 63
34 76 34 48 54 59 64 69 76
1 54 1 19 21 26 28 37 48 54
6 28 6 15 26 28
21 58 21 42 51 58
11 35 11 20 26 28 35
0 81 0 24 43 52 80 81
37 74 37 52 64 68 74
25 60 25 38 41 49 51 60
43 64 43 44 55 58 64
48 88 48 54 59 64 71 88
36 65 36 55 57 63 65
20 68 20 26 38 42 51 64 68
60 82 60 82
17 58 17 58
5 20 5 6 18 20
16 61 16 31 43 47 61
55 77 55 58 77
4 88 4 60 69 87 88
33 60 33 49 51 60
11 48 11 21 26 28 37 48
6 33 6 16 23 25 33
32 55 32 44 55
23 89 23 79 84 89
5 87 5 6 17 58 67 72 87
58 87 58 77 87
14 78 14 78
26 73 26 73
13 29 13 29
5 77 5 36 60 66 77
10 26 10 17 20 26
2 54 2 9 20 30 54
43 53 43 44 53
27 82 27 72 82
34 52 34 45 52
28 69 28 35 39 58 68 69
27 53 27 53
17 35 17 25 35
57 84 57 72 78 84
8 29 8 9 13 29
37 51 37 51
41 68 41 59 64 68
24 52 24 43 52
2 83 2 56 64 81 83
19 39 19 21 26 28 35 39
13 29 13 29
55 61 55 58 61
68 69 68 69
21 26 21 26
3 85 3 14 34 48 75 82 85
33 39 33 39
13 65 13 49 51 59 65
20 70 20 30 41 70
62 86 62 72 86
6 26 6 15 21 26
33 63 33 62 63
9 13 9 13
37 80 37 52 80
1 88 1 7 40 64 81 83 88
43 57 43 44 55 57
4 48 4 30 34 48
36 87 36 48 72 87
35 39 35 39
4 35 4 8 28 35
4 70 4 41 70
12 70 12 24 27 29 43 70
24 36 24 29 36
17 80 17 32 53 80
0 35 0 13 20 26 28 35
4 74 4 30 48 54 59 64 68 74
38 65 38 65
13 85 13 28 68 74 85
40 69 40 64 69
33 54 33 37 48 54
6 16 6 16
48 73 48 52 67 73
61 81 61 75 80 81
5 53 5 6 44 53
23 33 23 25 33
1 50 1 13 29 36 50
2 89 2 33 37 51 59 89
11 77 11 77
29 64 29 36 59 64
17 70 17 70
19 41 19 21 26 38 41
64 81 64 81
3 34 3 15 30 34
9 88 9 71 82 85 88
6 51 6 30 41 49 51
36 44 36 43 44
31 82 31 68 74 82
29 66 29 48 54 59 66
9 71 9 50 60 66 71
36 75 36 55 61 75
40 64 40 64
45 50 45 50
28 56 28 35 56
6 27 6 24 27
32 78 32 44 55 57 72 78
29 51 29 36 50 51
7 40 7 40
10 83 10 60 66 83
22 88 22 59 86 88
18 21 18 21
9 27 9 24 27
22 49 22 25 38 41 49
35 62 35 56 62
30 70 30 41 70
70 78 70 72 78
35 65 35 56 62 65
58 64 58 64
48 84 48 72 78 84
31 88 31 68 69 87 88
37 77 37 48 54 59 77
10 40 10 24 29 36 37 40
14 39 14 19 33 39
9 88 9 24 50 82 85 88
1 82 1 82
36 88 36 43 80 83 88
7 49 7 49
33 77 33 51 58 77
49 84 49 51 59 66 78 84
36 55 36 55
11 70 11 70
24 80 24 80
39 65 39 65
15 58 15 30 39 58
68 76 68 69 76
17 26 17 20 26
55 79 55 79
12 55 12 29 36 43 44 55
22 76 22 31 43 64 69 76
22 34 22 34
10 60 10 34 45 50 60
0 80 0 57 63 80
41 50 41 50
39 78 39 58 67 72 78
6 40 6 16 28 37 40
48 74 48 54 59 64 68 74
18 65 18 34 45 54 59 65
58 67 58 67
22 34 22 34
55 72 55 57 72
64 74 64 68 74
17 78 17 32 48 72 78
17 51 17 25 38 41 50 51
19 86 19 43 70 72 86
7 66 7 42 51 59 66
40 64 40 64
27 88 27 70 86 88
42 46 42 46
9 17 9 17
1 40 1 19 33 37 40
16 58 16 44 55 58
21 77 21 58 77
48 75 48 61 75
24 43 24 27 29 36 43
0 59 0 20 32 48 54 59
36 85 36 55 61 75 82 85
20 28 20 26 28
20 87 20 32 44 64 69 87
60 69 60 69
31 62 31 43 62
8 32 8 9 17 20 32
29 79 29 43 44 79
28 78 28 41 70 72 78
3 62 3 9 13 26 42 62
67 84 67 72 78 84
16 33 16 23 25 33
49 84 49 51 60 66 78 84
82 88 82 85 88
8 30 8 9 20 30
17 57 17 32 44 55 57
16 29 16 29
10 45 10 30 34 45
17 49 17 20 30 41 49
37 85 37 49 51 60 66 71 82 85
13 38 13 26 38
10 70 10 17 20 26 28 41 70
1 48 1 7 14 28 37 48
17 87 17 70 72 87
17 68 17 20 30 41 49 51 58 68
61 82 61 75 82
62 84 62 72 78 84
6 86 6 17 52 64 86
43 62 43 62
18 67 18 22 33 37 49 51 58 67
28 60 28 49 51 60
72 87 72 87
54 89 54 72 78 84 89
23 46 23 25 38 42 46
6 37 6 17 33 37
8 56 8 28 35 56
4 30 4 8 9 13 24 30
38 63 38 41 57 63
79 83 79 83
29 75 29 48 61 75
66 78 66 78
6 25 6 17 25
14 44 14 31 43 44
17 58 17 32 58
45 50 45 50
13 64 13 64
6 88 6 24 50 51 67 82 85 88
9 77 9 17 25 35 39 58 77
32 63 32 44 55 57 63
26 65 26 28 37 51 59 65
2 23 2 23
14 50 14 19 38 41 50
10 80 10 34 44 55 61 75 80
75 80 75 80
17 71 17 58 64 71
58 61 58 61
79 81 79 81
52 89 52 89
3 34 3 14 34
15 53 15 21 26 28 41 53
19 58 19 43 44 55 58
37 52 37 52
48 74 48 52 64 68 74
40 63 40 63
38 61 38 42 51 58 61
18 44 18 20 32 44
4 76 4 49 76
75 83 75 80 81 83
6 80 6 27 58 61 75 80
2 32 2 23 32
50 87 50 59 64 68 69 87
11 64 11 21 26 55 58 64
17 32 17 32
12 49 12 37 49
1 23 1 2 23
2 39 2 9 20 26 28 35 39
23 83 23 55 79 83
8 38 8 9 20 26 38
23 57 23 32 44 55 57
19 35 19 21 26 28 35
11 84 11 59 66 78 84
8 32 8 9 13 20 32
51 68 51 64 68
8 34 8 34
75 83 75 80 81 83
66 77 66 77
20 59 20 32 48 54 59
57 63 57 63
24 49 24 27 29 36 37 49
18 63 18 20 32 44 55 57 63
44 79 44 79
23 25 23 25
11 70 11 20 26 38 42 70
19 82 19 33 62 74 82
10 26 10 17 20 26
17 33 17 25 33
25 74 25 33 62 74
19 41 19 21 26 28 41
21 75 21 58 61 75
8 49 8 9 17 33 37 49
13 47 13 29 36 43 47
17 54 17 32 48 54
34 55 34 44 55
0 53 0 20 32 44 53
18 44 18 34 44
34 75 34 48 54 75
22 35 22 25 35
1 47 1 2 14 19 43 47
30 84 30 34 79 84
43 74 43 52 64 68 74
29 80 29 43 80
12 56 12 17 20 26 28 35 56
1 43 1 19 43
42 62 42 62
18 38 18 20 26 38
7 42 7 42
20 47 20 32 47
15 21 15 21
1 23 1 2 23
4 78 4 49 72 78
39 58 39 58
5 76 5 6 44 55 58 64 68 69 76
28 77 28 41 59 66 77
22 34 22 34
21 26 21 26
12 70 12 27 70
16 42 16 23 25 38 42
25 80 25 35 56 62 63 80
19 46 19 33 46
4 49 4 30 41 49
4 57 4 23 55 57
1 43 1 3 27 29 43
22 53 22 43 44 53
47 77 47 77
18 70 18 21 42 70
55 86 55 79 86
5 62 5 6 18 22 25 38 42 62
13 60 13 36 50 60
18 61 18 20 39 58 61
6 26 6 18 21 26
52 86 52 67 72 86
6 42 6 18 21 42
6 65 6 37 49 51 59 65
24 30 24 30
10 44 10 34 44
33 74 33 37 51 59 64 68 74
20 85 20 56 74 85
26 83 26 28 64 81 83
25 53 25 38 41 53
2 39 2 9 17 20 30 39
50 82 50 51 64 82
3 33 3 16 23 25 33
1 40 1 2 14 28 37 40
22 82 22 59 66 71 82
50 84 50 59 66 78 84
20 26 20 26
7 49 7 28 49
52 68 52 64 68
0 71 0 20 30 44 64 71
60 66 60 66
11 64 11 20 56 64
20 88 20 40 68 69 87 88
44 61 44 55 58 61
59 88 59 64 81 83 88
24 89 24 89
79 89 79 84 89
38 85 38 85
47 87 47 77 87
0 57 0 57
66 71 66 71
15 40 15 22 33 37 40
3 64 3 27 44 64
19 35 19 21 26 28 35
7 86 7 57 72 86
58 68 58 68
29 54 29 36 48 54
42 75 42 51 58 61 75
1 34 1 2 14 34
2 54 2 33 37 48 54
0 13 0 13
6 18 6 18
16 81 16 28 37 48 75 80 81
0 80 0 10 48 52 80
0 47 0 13 29 36 43 47
27 53 27 53
13 65 13 36 48 54 59 65
6 73 6 15 22 33 37 52 67 73
54 80 54 75 80
0 36 0 10 24 27 29 36
51 74 51 64 68 74
7 60 7 49 51 60
58 85 58 64 71 82 85
20 37 20 26 28 37
24 89 24 29 36 43 47 67 72 78 84 89
56 88 56 74 85 88
23 85 23 55 61 75 82 85
13 79 13 29 36 43 44 79
10 78 10 44 55 67 72 78
9 13 9 13
13 74 13 26 28 64 68 74
57 82 57 82
23 78 23 49 72 78
47 75 47 61 75
62 74 62 74
29 70 29 70
40 71 40 64 71
2 27 2 9 13 24 27
44 69 44 64 69
30 49 30 41 49
62 84 62 72 78 84
43 87 43 52 64 69 87
20 70 20 30 41 70
27 52 27 29 43 52
55 73 55 58 67 73
16 33 16 23 25 33
15 26 15 26
32 73 32 48 54 67 73
14 84 14 31 56 78 84
67 72 67 72
50 87 50 59 69 87
18 65 18 20 26 28 37 49 51 59 65
48 89 48 54 72 78 84 89
54 69 54 59 64 68 69
67 81 67 72 78 81
2 36 2 9 24 27 29 36
58 78 58 67 72 78
32 66 32 66
24 71 24 29 36 55 58 64 71
2 49 2 23 25 33 49
55 58 55 58
29 69 29 43 44 55 58 68 69
49 72 49 51 67 72
4 76 4 8 28 68 69 76
22 59 22 59
6 28 6 16 28
3 30 3 15 30
28 64 28 41 59 64
12 46 12 17 25 33 46
4 88 4 8 62 72 88
22 74 22 33 39 58 64 68 74
3 81 3 16 29 81
36 52 36 48 52
53 87 53 77 87
13 60 13 29 36 60
3 76 3 9 17 25 35 59 64 69 76
18 25 18 22 25
23 84 23 25 38 60 66 78 84
20 79 20 26 38 41 79
63 88 63 83 88
19 21 19 21
8 44 8 9 13 29 43 44
19 37 19 21 26 28 37
36 67 36 43 52 67
12 60 12 27 29 36 37 51 60
3 82 3 15 21 59 71 82
26 68 26 55 58 64 68
32 76 32 58 68 69 76
29 57 29 43 44 55 57
45 75 45 55 61 75
24 50 24 27 29 36 50
36 64 36 43 64
47 88 47 77 87 88
6 51 6 30 34 45 50 51
4 66 4 30 34 59 66
7 14 7 14
19 69 19 56 64 69
27 66 27 29 36 50 60 66
75 88 75 80 81 83 88
20 75 20 26 42 51 58 61 75
6 86 6 30 48 72 86
8 81 8 9 57 72 78 81
27 44 27 29 36 43 44
6 79 6 16 23 79
51 64 51 58 64
10 78 10 44 55 67 72 78
51 61 51 58 61
28 77 28 35 39 58 77
77 87 77 87
10 63 10 24 30 41 63
20 59 20 30 54 59
3 17 3 9 17
4 74 4 74
9 84 9 57 78 84
14 28 14 28
18 22 18 22
8 66 8 28 37 59 66
1 40 1 37 40
2 74 2 14 42 57 74
14 67 14 31 43 44 55 67
3 66 3 27 29 36 48 54 59 66
32 61 32 58 61
58 69 58 68 69
11 58 11 35 39 58
4 13 4 8 9 13
16 59 16 23 35 59
64 82 64 68 74 82
52 76 52 64 68 69 76
5 6 5 6
10 34 10 34
10 60 10 60
70 82 70 71 82
38 69 38 41 49 69
9 77 9 17 32 47 77
6 42 6 16 38 42
20 60 20 30 41 49 51 60
8 9 8 9
25 58 25 38 42 51 58
26 81 26 55 79 81
56 72 56 62 72
9 77 9 24 77
25 80 25 35 56 62 63 80
55 58 55 58
16 55 16 23 32 44 55
17 53 17 20 32 44 53
10 60 10 30 34 45 50 51 60
32 72 32 58 67 72
8 56 8 28 35 56
26 75 26 28 49 51 58 61 75
58 61 58 61
24 51 24 27 29 36 50 51
19 37 19 33 37
70 78 70 72 78
5 28 5 6 17 20 26 28
9 70 9 20 26 42 70
23 59 23 25 35 59
70 89 70 72 78 84 89
2 74 2 56 62 74
32 63 32 44 55 57 63
6 84 6 37 49 72 78 84
14 19 14 19
0 35 0 20 26 28 35
7 65 7 27 29 43 44 55 57 63 65
18 79 18 34 45 55 79
77 87 77 87
1 64 1 3 58 64
6 55 6 30 34 44 55
69 76 69 76
8 62 8 28 35 56 62
26 65 26 42 51 59 65
4 17 4 8 9 17
20 50 20 26 28 41 50
19 35 19 21 26 28 35
56 88 56 82 85 88
14 25 14 25
25 59 25 38 42 51 59
45 66 45 50 60 66
7 64 7 43 44 55 58 64
32 80 32 48 54 75 80
8 51 8 9 20 30 41 50 51
5 20 5 6 18 20
31 86 31 56 64 86
13 71 13 20 26 42 51 64 71
0 86 0 24 29 36 48 52 67 72 86
43 52 43 52
26 40 26 28 37 40
56 80 56 62 63 80
16 87 16 68 69 87
22 83 22 33 39 58 67 72 78 81 83
18 22 18 22
66 78 66 78
36 52 36 37 52
66 81 66 78 81
6 15 6 15
16 40 16 28 37 40
23 87 23 37 51 64 69 87
4 52 4 13 36 43 52
37 74 37 40 64 68 74
3 42 3 14 19 21 26 38 42
36 55 36 43 44 55
84 88 84 88
60 69 60 69
45 50 45 50
56 68 56 64 68
51 80 51 58 61 75 80
31 88 31 43 64 68 74 85 88
67 87 67 72 87
7 89 7 89
79 81 79 81
38 41 38 41
15 60 15 21 42 51 60
4 13 4 8 9 13
13 28 13 28
2 27 2 9 13 24 27
77 88 77 87 88
29 43 29 36 43
48 86 48 72 86
28 71 28 41 50 60 66 71
12 49 12 24 27 29 36 37 49
36 67 36 43 52 67
25 58 25 33 39 58
38 76 38 41 49 51 58 68 69 76
37 74 37 40 64 68 74
12 28 12 17 20 26 28
7 21 7 14 19 21
20 63 20 26 28 37 40 63
4 9 4 8 9
47 87 47 77 87
1 78 1 13 72 78
42 80 42 51 58 61 75 80
36 55 36 55
17 38 17 20 26 38
38 88 38 85 88
1 22 1 3 15 22
56 65 56 62 65
20 87 20 39 87
77 87 77 87
29 72 29 70 72
4 69 4 69
6 80 6 40 63 80
18 22 18 22
7 70 7 28 41 70
13 83 13 72 78 81 83
19 33 19 33
16 73 16 35 39 58 67 73
21 71 21 26 55 58 64 71
53 77 53 77
16 81 16 28 64 81
13 68 13 29 43 44 55 58 64 68
44 83 44 64 81 83
9 41 9 24 30 41
3 23 3 16 23
27 57 27 44 55 57
24 64 24 50 59 64
4 17 4 8 9 17
64 86 64 86
41 79 41 79
55 84 55 58 67 72 78 84
43 69 43 44 55 58 68 69
0 77 0 59 66 77
20 83 20 39 58 61 75 80 81 83
23 35 23 35
4 82 4 23 55 61 75 82
6 31 6 16 31
41 66 41 59 66
25 87 25 40 68 69 87
29 66 29 36 59 66
5 75 5 6 15 22 43 44 55 61 75
24 89 24 27 79 84 89
13 36 13 24 27 29 36
17 69 17 32 58 64 68 69
71 82 71 82
47 81 47 80 81
4 41 4 30 41
17 87 17 58 67 72 87
12 73 12 29 36 50 51 67 73
36 82 36 55 61 75 82
18 67 18 34 45 55 67
31 44 31 43 44
6 27 6 24 27
2 32 2 23 32
58 75 58 61 75
30 54 30 48 54
3 85 3 16 23 25 57 63 82 85
25 64 25 35 56 64
6 75 6 54 75
33 51 33 49 51
22 76 22 25 35 39 69 76
1 39 1 7 28 35 39
16 61 16 23 44 55 61
41 79 41 79
45 85 45 52 67 82 85
47 87 47 67 72 87
20 65 20 40 63 65
52 69 52 64 69
2 50 2 14 25 38 41 50
69 76 69 76
22 49 22 25 38 41 49
24 51 24 50 51
21 60 21 26 38 41 50 51 60
66 71 66 71
12 32 12 17 32
60 66 60 66
18 48 18 20 32 48
50 87 50 59 77 87
1 54 1 37 48 54
38 85 38 41 63 82 85
32 66 32 48 54 59 66
15 58 15 21 42 51 58
13 85 13 72 82 85
38 89 38 42 62 72 78 84 89
27 74 27 58 64 68 74
54 81 54 67 72 78 81
14 50 14 25 38 41 50
51 76 51 59 69 76
23 49 23 49
35 65 35 59 65
22 52 22 33 37 48 52
39 67 39 58 67
37 74 37 40 64 68 74
22 52 22 33 52
68 76 68 69 76
25 74 25 38 41 57 74
42 51 42 51
18 22 18 22
9 37 9 17 33 37
67 84 67 72 78 84
26 68 26 38 41 49 51 59 64 68
8 74 8 41 49 51 64 68 74
4 74 4 49 51 64 68 74
41 76 41 50 51 59 69 76
38 73 38 42 51 58 67 73
12 75 12 29 36 55 58 61 75
37 51 37 49 51
17 53 17 20 26 38 41 53
5 84 5 70 72 78 84
15 77 15 21 58 77
7 61 7 49 51 58 61
47 75 47 75
12 57 12 29 36 55 57
0 51 0 20 30 41 49 51
64 88 64 82 85 88
26 52 26 28 37 52
6 65 6 27 29 43 62 65
12 44 12 24 30 44
1 53 1 3 15 21 26 28 41 53
59 69 59 64 68 69
24 49 24 30 41 49
8 40 8 28 37 40
23 68 23 49 51 59 64 68
11 77 11 20 39 58 77
2 80 2 23 32 44 55 61 75 80
20 71 20 32 66 71
4 55 4 8 9 13 29 36 43 44 55
17 71 17 58 64 71
39 69 39 69
24 83 24 29 48 75 80 81 83
3 78 3 15 22 59 66 78
19 55 19 21 26 55
44 76 44 64 69 76
40 85 40 85
6 80 6 30 48 61 75 80
32 65 32 48 54 59 65
22 85 22 34 44 55 58 68 74 85
20 78 20 39 58 67 72 78
14 28 14 19 21 26 28
9 24 9 24
44 85 44 64 71 82 85
22 61 22 31 43 47 61
38 59 38 41 59
28 49 28 37 49
3 27 3 9 13 24 27
14 28 14 19 21 26 28
36 68 36 37 40 68
45 57 45 55 57
14 45 14 34 45
75 80 75 80
22 83 22 34 48 75 80 83
5 69 5 6 27 29 36 50 60 69
25 85 25 85
6 31 6 18 22 31
7 62 7 56 62
40 71 40 64 71
4 57 4 30 34 45 57
39 85 39 85
30 84 30 53 84
3 27 3 27
41 80 41 49 51 80
9 40 9 13 28 37 40
47 88 47 61 75 80 81 83 88
42 89 42 51 60 66 77 89
30 54 30 48 54
28 66 28 37 51 59 66
30 49 30 41 49
21 42 21 42
16 41 16 28 41
26 55 26 55
22 76 22 59 64 69 76
13 27 13 24 27
12 33 12 17 33
5 85 5 70 82 85
7 42 7 42
9 73 9 50 51 58 67 73
78 84 78 84
37 51 37 51
31 86 31 56 62 72 86
4 66 4 41 59 66
5 85 5 52 67 82 85
9 61 9 20 32 47 61
10 43 10 24 27 29 43
27 88 27 53 88
18 70 18 21 42 70
11 35 11 35
41 83 41 59 64 81 83
22 58 22 43 44 55 58
50 69 50 59 69
33 59 33 51 59
42 64 42 51 59 64
24 27 24 27
49 51 49 51
44 53 44 53
11 21 11 21
11 35 11 35
21 71 21 58 64 71
2 72 2 33 67 72
43 83 43 44 53 80 83
56 88 56 74 82 85 88
19 85 19 38 42 57 63 82 85
35 89 35 89
43 44 43 44
15 82 15 26 42 62 63 82
20 85 20 32 58 64 71 82 85
21 74 21 59 64 68 74
28 41 28 41
3 85 3 9 13 64 68 74 82 85
17 80 17 25 33 49 51 80
55 57 55 57
1 71 1 2 23 49 51 58 64 71
2 71 2 23 44 55 58 64 71
29 67 29 48 52 67
3 13 3 9 13
10 47 10 24 43 47
14 44 14 31 43 44
21 46 21 26 38 42 46
32 61 32 44 55 61
13 37 13 24 27 29 36 37
24 78 24 43 70 72 78
24 70 24 29 43 70
8 39 8 9 24 30 39
19 38 19 21 26 38
5 62 5 36 43 62
40 68 40 64 68
2 21 2 14 19 21
59 82 59 66 71 82
26 89 26 67 72 78 84 89
2 62 2 33 62
22 34 22 34
21 80 21 26 55 57 63 80
64 69 64 69
18 51 18 20 30 34 45 50 51
36 74 36 50 59 64 68 74
52 85 52 71 82 85
5 66 5 6 17 20 32 66
11 80 11 20 32 53 80
2 57 2 14 42 57
20 66 20 26 38 60 66
7 61 7 32 58 61
6 71 6 27 29 48 54 59 71
6 16 6 16
34 88 34 48 72 86 88
0 45 0 10 24 30 34 45
4 70 4 8 28 41 70
41 71 41 50 60 66 71
29 64 29 36 50 51 64
6 18 6 18
6 54 6 24 29 48 54
18 67 18 34 48 52 67
8 54 8 9 24 27 29 48 54
2 36 2 9 24 29 36
8 34 8 34
52 78 52 78
16 58 16 38 41 49 51 58
23 59 23 37 59
17 59 17 29 48 54 59
22 57 22 25 57
22 74 22 25 40 68 74
55 67 55 67
21 85 21 58 68 74 85
12 42 12 17 25 38 42
11 38 11 20 26 38
28 60 28 49 51 60
28 40 28 37 40
30 41 30 41
6 76 6 30 54 59 64 69 76
34 88 34 79 86 88
3 89 3 38 41 67 72 78 84 89
2 58 2 23 55 58
21 80 21 58 61 75 80
49 88 49 51 88
34 86 34 45 64 86
50 81 50 51 58 64 81
13 79 13 36 43 44 79
4 27 4 8 9 13 24 27
28 68 28 49 51 58 68
12 57 12 57
6 64 6 18 21 26 28 41 59 64
56 76 56 64 69 76
49 72 49 51 58 67 72
10 59 10 48 54 59
17 35 17 25 35
19 74 19 43 64 68 74
23 82 23 55 67 72 82
35 39 35 39
1 71 1 13 64 71
5 61 5 6 17 33 39 58 61
4 45 4 13 20 30 34 45
28 64 28 49 51 64
8 33 8 9 17 33
17 20 17 20
50 60 50 51 60
38 69 38 60 69
11 20 11 20
8 9 8 9
24 29 24 29
34 87 34 59 69 87
16 47 16 23 32 47
63 65 63 65
1 37 1 7 14 28 37
63 65 63 65
10 42 10 17 20 26 42
18 51 18 20 26 42 51
8 30 8 9 20 30
13 86 13 49 72 86
14 52 14 19 43 52
4 17 4 8 9 17
12 70 12 27 70
12 25 12 17 25
45 88 45 55 67 82 85 88
23 38 23 25 38
0 89 0 89
23 57 23 32 44 55 57
75 82 75 82
25 49 25 33 49
49 84 49 72 78 84
15 43 15 22 31 43
16 81 16 35 59 66 78 81
17 67 17 52 67
38 74 38 41 49 51 59 64 68 74
25 58 25 35 39 58
18 22 18 22
17 33 17 33
0 53 0 13 29 36 43 44 53
50 73 50 51 67 73
59 69 59 64 69
10 77 10 34 59 77
19 58 19 33 49 51 58
20 51 20 30 34 45 50 51
41 79 41 79
18 32 18 20 32
30 39 30 39
36 88 36 55 67 72 82 85 88
17 67 17 20 55 58 67
18 51 18 20 30 41 49 51
9 44 9 20 30 44
1 34 1 2 14 34
19 37 19 33 37
16 69 16 40 68 69
38 60 38 42 51 60
30 45 30 34 45
18 68 18 59 64 68
57 82 57 74 82
1 66 1 19 21 26 42 51 60 66
6 29 6 27 29
3 79 3 27 44 79
64 74 64 68 74
13 29 13 29
77 88 77 87 88
22 73 22 43 44 73
32 77 32 47 77
19 37 19 33 37
15 30 15 30
5 52 5 6 18 22 25 33 37 52
2 74 2 57 74
19 38 19 38
3 31 3 15 22 31
1 40 1 37 40
37 65 37 40 63 65
14 78 14 70 72 78
12 17 12 17
46 77 46 77
35 72 35 72
10 60 10 60
4 65 4 41 63 65
7 26 7 14 19 21 26
42 58 42 51 58
32 53 32 53
62 84 62 72 78 84
25 54 25 33 37 48 54
70 82 70 71 82
70 71 70 71
12 55 12 44 55
23 89 23 79 84 89
27 79 27 44 79
7 89 7 56 78 84 89
15 79 15 26 55 79
39 89 39 58 77 89
9 50 9 50
36 37 36 37
23 35 23 35
13 84 13 84
19 56 19 56
1 89 1 13 60 66 78 84 89
14 87 14 25 33 52 64 69 87
13 54 13 20 32 48 54
81 88 81 83 88
14 54 14 19 21 26 28 37 48 54
20 38 20 26 38
42 76 42 51 60 69 76
6 40 6 15 26 28 37 40
45 88 45 52 67 82 85 88
13 45 13 20 30 34 45
43 77 43 52 77
42 75 42 51 58 61 75
1 47 1 2 23 32 47
58 87 58 77 87
8 53 8 28 41 53
0 82 0 47 61 75 82
27 78 27 78
33 67 33 52 67
58 61 58 61
42 69 42 51 59 69
44 84 44 55 84
7 19 7 14 19
37 58 37 51 58
27 79 27 44 55 79
18 20 18 20
3 15 3 15
33 40 33 37 40
12 80 12 50 51 58 61 75 80
8 75 8 28 35 39 58 61 75
3 30 3 9 13 24 30
40 74 40 68 74
42 58 42 51 58
34 69 34 59 69
3 15 3 15
16 53 16 29 43 44 53
5 75 5 36 43 47 61 75
7 64 7 39 58 64
56 68 56 64 68
30 87 30 48 52 67 72 87
20 72 20 30 39 58 67 72
30 53 30 44 53
68 82 68 74 82
11 62 11 35 56 62
3 59 3 15 26 42 51 59
26 79 26 55 79
14 68 14 42 51 59 64 68
30 85 30 44 55 57 63 82 85
23 44 23 32 44
36 87 36 66 77 87
6 17 6 17
30 34 30 34
0 34 0 13 20 30 34
6 23 6 16 23
12 50 12 17 25 38 41 50
20 32 20 32
4 87 4 60 66 77 87
62 84 62 72 78 84
43 77 43 47 77
20 37 20 26 28 37
37 72 37 48 54 72
14 67 14 42 51 58 67
64 68 64 68
52 86 52 64 86
54 66 54 59 66
8 29 8 9 17 29
36 74 36 59 64 68 74
12 69 12 44 55 58 64 69
23 77 23 25 35 59 66 77
12 37 12 29 36 37
0 36 0 13 24 29 36
18 59 18 34 45 50 51 59
3 14 3 14
26 76 26 28 68 69 76
35 59 35 59
3 79 3 15 22 34 79
22 75 22 33 61 75
17 87 17 52 67 72 87
49 78 49 51 59 66 78
14 42 14 42
13 83 13 83
18 61 18 22 43 44 55 58 61
35 89 35 56 62 72 78 84 89
25 61 25 33 39 58 61
68 76 68 69 76
24 30 24 30
37 75 37 51 58 61 75
30 61 30 48 61
11 64 11 64
67 82 67 82
57 81 57 63 80 81
17 36 17 29 36
55 73 55 58 67 73
58 78 58 67 72 78
12 41 12 17 20 30 41
6 59 6 15 22 34 45 50 59
28 53 28 41 53
27 57 27 29 36 43 44 55 57
8 63 8 40 63
28 58 28 49 51 58
62 72 62 72
28 73 28 49 51 58 67 73
33 59 33 37 48 54 59
1 40 1 13 20 26 28 37 40
53 80 53 80
6 48 6 27 29 36 37 48
1 49 1 2 14 19 33 37 49
2 42 2 14 42
17 43 17 29 43
20 66 20 26 38 42 51 60 66
62 82 62 72 82
20 81 20 79 81
17 70 17 29 36 43 70
33 73 33 37 52 67 73
56 65 56 62 63 65
24 27 24 27
12 26 12 17 20 26
4 41 4 8 41
7 29 7 27 29
10 75 10 17 32 58 61 75
79 88 79 88
30 88 30 44 55 84 88
32 63 32 44 55 57 63
58 87 58 68 69 87
55 67 55 58 67
37 51 37 49 51
13 49 13 20 30 41 49
23 49 23 49
39 78 39 58 67 72 78
45 85 45 67 82 85
9 29 9 13 29
1 44 1 2 14 31 43 44
27 57 27 44 55 57
36 37 36 37
1 76 1 37 40 68 69 76
51 60 51 60
0 33 0 10 17 25 33
35 59 35 59
2 42 2 23 25 38 42
20 39 20 30 39
16 74 16 28 49 51 64 68 74
10 82 10 48 72 82
45 77 45 50 59 66 77
47 77 47 77
36 64 36 59 64
1 68 1 19 43 44 55 58 64 68
28 77 28 41 49 51 58 77
27 53 27 44 53
37 64 37 59 64
7 85 7 64 71 82 85
33 73 33 37 52 67 73
49 76 49 69 76
12 57 12 44 55 57
45 78 45 55 58 67 72 78
43 87 43 87
17 50 17 25 38 41 50
10 85 10 48 75 82 85
6 83 6 79 83
36 67 36 50 51 67
18 38 18 20 26 38
12 69 12 37 49 51 58 68 69
41 72 41 70 72
4 51 4 30 34 45 50 51
9 37 9 17 20 26 28 37
7 88 7 29 43 47 67 82 85 88
5 62 5 6 15 26 42 62
4 88 4 70 88
18 67 18 20 26 38 41 67
19 55 19 43 44 55
60 82 60 66 71 82
26 67 26 38 42 51 67
48 64 48 52 64
48 86 48 54 86
26 41 26 28 41
34 81 34 59 64 81
54 66 54 59 66
8 37 8 9 24 27 29 36 37
4 57 4 30 44 55 57
36 66 36 50 60 66
0 54 0 10 34 45 54
18 34 18 34
12 45 12 45
35 59 35 59
66 89 66 77 89
23 62 23 35 56 62
26 40 26 28 37 40
23 38 23 25 38
48 65 48 54 59 65
79 88 79 81 83 88
31 56 31 56
0 54 0 13 24 30 54
37 83 37 72 78 81 83
11 88 11 68 74 82 85 88
16 35 16 35
13 37 13 28 37
49 88 49 51 67 82 85 88
27 76 27 44 55 58 68 69 76
36 89 36 66 78 84 89
30 48 30 34 48
25 81 25 33 52 64 81
44 64 44 55 58 64
37 49 37 49
7 51 7 28 37 51
36 83 36 60 66 78 81 83
52 67 52 67
51 59 51 59
25 60 25 33 49 51 60
58 76 58 64 68 69 76
31 43 31 43
43 83 43 52 80 81 83
12 45 12 24 30 34 45
38 73 38 41 49 51 58 67 73
12 61 12 50 51 58 61
50 85 50 82 85
8 50 8 41 50
0 10 0 10
39 84 39 58 67 72 78 84
6 76 6 16 35 56 64 68 69 76
3 59 3 30 34 48 54 59
12 57 12 44 55 57
27 36 27 29 36
11 62 11 33 62
14 70 14 25 38 41 70
67 82 67 72 82
11 51 11 21 26 42 51
22 34 22 34
26 60 26 38 41 50 60
18 51 18 34 45 50 51
3 27 3 9 13 24 27
27 70 27 70
0 88 0 10 52 80 83 88
4 51 4 41 49 51
3 32 3 16 23 32
86 88 86 88
11 49 11 21 26 28 37 49
1 22 1 3 15 22
15 82 15 30 41 67 72 82
33 60 33 51 60
2 9 2 9
36 49 36 37 49
58 61 58 61
0 77 0 24 43 77
20 32 20 32
3 36 3 9 24 27 29 36
0 79 0 24 55 79
17 34 17 20 30 34
22 51 22 33 37 51
33 71 33 49 51 60 66 71
17 86 17 29 36 37 40 64 86
51 71 51 64 71
11 48 11 33 37 48
18 81 18 34 79 81
32 80 32 44 53 80
13 41 13 28 41
3 81 3 58 67 72 78 81
14 50 14 19 21 26 28 41 50
9 29 9 17 29
32 81 32 44 78 81
20 63 20 26 55 57 63
19 56 19 21 26 28 35 56
14 84 14 25 35 39 58 67 72 78 84
42 59 42 51 59
20 86 20 79 86
19 21 19 21
81 83 81 83
8 63 8 62 63
28 68 28 68
56 68 56 64 68
51 81 51 80 81
24 36 24 27 29 36
47 88 47 61 75 88
26 80 26 75 80
20 67 20 30 48 52 67
41 85 41 57 82 85
0 35 0 10 17 25 35
5 35 5 6 18 20 26 28 35
23 80 23 25 35 56 62 63 80
44 61 44 55 61
43 78 43 62 72 78
7 86 7 32 44 55 67 72 86
19 89 19 33 51 58 77 89
3 49 3 37 49
67 72 67 72
33 60 33 49 51 60
75 80 75 80
8 37 8 9 13 36 37
64 87 64 69 87
5 26 5 6 18 20 26
14 21 14 19 21
48 74 48 52 64 68 74
25 69 25 38 60 69
20 28 20 26 28
1 66 1 2 33 49 51 59 66
3 14 3 14
38 60 38 42 51 60
2 21 2 14 19 21
46 87 46 77 87
12 45 12 24 30 34 45
68 76 68 69 76
8 88 8 58 85 88
54 78 54 59 66 78
1 86 1 19 33 72 86
26 55 26 55
16 41 16 23 25 38 41
3 9 3 9
32 47 32 47
30 39 30 39
9 42 9 20 26 42
8 49 8 9 24 29 36 37 49
25 63 25 40 63
12 49 12 17 20 30 41 49
6 77 6 31 43 47 77
18 44 18 20 32 44
15 63 15 22 31 56 62 63
4 48 4 23 32 48
46 88 46 77 87 88
15 25 15 22 25
22 89 22 59 89
79 88 79 86 88
21 86 21 26 28 37 59 64 86
5 73 5 36 50 51 67 73
68 76 68 69 76
57 78 57 78
29 36 29 36
25 80 25 40 63 80
34 66 34 59 66
77 89 77 89
31 84 31 43 44 79 84
7 68 7 14 68
16 23 16 23
19 82 19 56 74 82
10 78 10 17 20 66 78
53 77 53 77
5 39 5 6 17 33 39
2 57 2 14 31 43 44 55 57
14 60 14 25 33 51 60
1 32 1 7 32
28 87 28 87
15 63 15 22 34 44 55 57 63
67 87 67 72 87
26 42 26 38 42
17 77 17 58 77
12 55 12 17 32 44 55
68 74 68 74
32 89 32 53 84 89
37 72 37 49 72
8 47 8 9 24 27 29 36 43 47
5 63 5 6 40 63
8 9 8 9
8 56 8 9 20 56
28 64 28 49 51 64
54 67 54 67
14 45 14 34 45
71 82 71 82
20 58 20 26 42 51 58
18 25 18 22 25
15 62 15 22 25 33 62
52 64 52 64
28 40 28 37 40
8 56 8 28 35 56
10 72 10 48 72
1 25 1 7 14 25
4 48 4 8 34 48
17 29 17 29
26 89 26 28 35 39 58 77 89
35 59 35 59
8 72 8 41 50 51 58 67 72
0 38 0 20 26 38
31 56 31 56
2 81 2 33 62 72 78 81
40 76 40 64 69 76
6 17 6 17
2 56 2 14 19 21 26 28 35 56
48 83 48 52 67 72 78 81 83
8 35 8 9 20 26 28 35
20 52 20 32 48 52
15 35 15 26 28 35
44 55 44 55
51 58 51 58
0 55 0 20 55
13 79 13 29 43 44 55 79
37 77 37 49 51 60 66 77
12 53 12 29 43 44 53
20 85 20 40 68 74 82 85
42 69 42 51 64 69
25 74 25 74
19 21 19 21
26 59 26 42 51 59
3 32 3 16 23 32
10 47 10 17 32 47
28 66 28 35 59 66
27 61 27 29 48 61
66 71 66 71
33 46 33 46
2 58 2 14 28 37 51 58
15 22 15 22
10 78 10 52 67 72 78
27 78 27 70 72 78
43 84 43 47 67 72 78 84
25 62 25 33 62
22 77 22 43 52 77
23 62 23 25 35 56 62
41 76 41 76
12 82 12 37 48 61 75 82
15 45 15 30 34 45
7 89 7 28 77 89
14 33 14 25 33
34 66 34 48 54 59 66
40 74 40 64 68 74
34 81 34 59 64 81
56 82 56 64 71 82
3 78 3 30 41 78
34 73 34 45 55 67 73
67 88 67 72 88
43 72 43 52 67 72
8 63 8 28 41 63
15 22 15 22
22 88 22 59 71 82 85 88
6 30 6 17 20 30
25 63 25 33 37 40 63
5 72 5 36 43 44 55 67 72
2 89 2 89
26 40 26 28 37 40
37 59 37 51 59
64 88 64 69 87 88
30 48 30 48
7 42 7 14 42
36 44 36 43 44
17 89 17 52 67 72 78 84 89
16 40 16 40
51 64 51 59 64
9 84 9 13 24 29 36 59 66 78 84
32 55 32 44 55
8 45 8 9 20 30 34 45
31 76 31 68 69 76
56 76 56 64 68 69 76
62 74 62 74
29 70 29 36 43 70
49 78 49 72 78
36 81 36 43 70 81
13 70 13 24 30 41 70
55 58 55 58
8 29 8 9 24 27 29
18 81 18 20 39 58 61 75 80 81
37 77 37 59 77
22 33 22 33
45 88 45 67 72 87 88
27 74 27 29 43 52 64 68 74
83 88 83 88
32 53 32 44 53
33 49 33 37 49
4 74 4 8 41 59 64 68 74
33 83 33 51 80 83
24 36 24 27 29 36
6 65 6 54 59 65
42 51 42 51
55 83 55 58 61 75 80 81 83
11 35 11 20 26 28 35
29 57 29 36 43 44 55 57
14 60 14 19 38 42 51 60
57 74 57 74
66 71 66 71
12 82 12 72 82
28 71 28 49 51 60 66 71
62 87 62 72 87
46 87 46 77 87
36 55 36 55
27 84 27 44 55 58 67 72 78 84
20 35 20 26 28 35
36 85 36 60 82 85
25 61 25 38 41 49 51 58 61
6 64 6 24 29 36 48 54 59 64
78 88 78 81 83 88
34 65 34 65
41 75 41 49 51 58 61 75
32 54 32 48 54
0 38 0 10 17 25 38
4 82 4 70 82
33 78 33 39 58 67 72 78
4 37 4 13 28 37
21 86 21 40 64 86
24 77 24 30 54 59 66 77
47 73 47 67 73
40 65 40 63 65
12 25 12 17 25
9 27 9 13 24 27
16 28 16 28
28 56 28 35 56
59 71 59 71
24 80 24 55 57 63 80
59 71 59 71
72 88 72 88
14 42 14 42
5 75 5 6 16 38 42 51 58 61 75
5 39 5 6 15 26 28 35 39
47 80 47 80
12 55 12 27 29 43 44 55
24 77 24 43 44 55 58 77
9 67 9 17 33 52 67
15 52 15 26 28 37 52
25 86 25 40 64 86
22 35 22 25 35
70 86 70 72 86
66 81 66 78 81
50 69 50 60 69
39 75 39 58 61 75
5 57 5 36 55 57
18 22 18 22
13 85 13 29 36 43 44 55 67 82 85
87 88 87 88
64 81 64 81
5 84 5 70 72 78 84
59 82 59 64 68 74 82
1 71 1 19 33 37 40 64 71
25 58 25 33 51 58
13 64 13 36 55 58 64
3 67 3 16 28 49 51 67
62 85 62 72 82 85
58 82 58 64 68 74 82
28 87 28 68 69 87
6 56 6 17 25 35 56
17 26 17 20 26
27 79 27 79
25 74 25 35 39 58 68 74
28 66 28 37 48 54 59 66
45 83 45 50 51 80 81 83
45 68 45 52 64 68
26 55 26 55
62 85 62 63 82 85
12 74 12 17 33 52 64 68 74
13 68 13 64 68
0 57 0 10 30 34 44 55 57
37 65 37 48 54 59 65
16 59 16 29 48 54 59
54 82 54 71 82
37 84 37 59 66 78 84
6 17 6 17
25 87 25 38 42 57 72 87
30 50 30 41 50
8 45 8 34 45
13 29 13 29
12 41 12 17 25 38 41
7 50 7 29 36 50
14 87 14 42 62 72 87
2 48 2 9 17 32 48
4 82 4 8 9 82
10 29 10 17 29
11 21 11 21
33 37 33 37
21 66 21 59 66
13 72 13 20 32 47 67 72
18 63 18 21 40 63
0 53 0 13 28 41 53
6 16 6 16
5 66 5 36 59 66
51 80 51 80
17 25 17 25
52 80 52 80
45 54 45 54
34 60 34 45 50 60
26 59 26 28 35 59
21 68 21 59 64 68
20 47 20 32 47
12 81 12 50 51 58 64 81
7 87 7 87
70 81 70 72 78 81
49 76 49 69 76
3 40 3 15 26 28 37 40
3 20 3 9 13 20
6 27 6 24 27
77 87 77 87
11 26 11 21 26
10 44 10 44
39 89 39 58 67 72 78 84 89
23 48 23 32 48
12 32 12 17 32
4 87 4 77 87
4 49 4 49
54 72 54 67 72
11 59 11 21 26 38 41 49 51 59
83 88 83 88
29 67 29 43 47 67
1 66 1 49 51 59 66
19 71 19 43 44 64 71
23 58 23 55 58
13 45 13 24 30 34 45
33 73 33 49 51 58 67 73
22 82 22 33 49 51 59 66 71 82
37 59 37 59
28 60 28 37 51 60
4 41 4 8 9 20 26 28 41
11 59 11 20 26 42 51 59
10 45 10 24 30 34 45
67 84 67 72 78 84
18 75 18 34 48 75
29 80 29 75 80
17 58 17 58
30 63 30 41 63
12 49 12 29 36 37 49
23 65 23 35 39 65
46 77 46 77
13 84 13 26 67 72 78 84
20 52 20 30 34 48 52
60 78 60 66 78
26 83 26 38 70 81 83
68 88 68 74 82 85 88
37 76 37 48 52 64 69 76
11 54 11 20 26 28 37 48 54
29 67 29 48 54 67
37 52 37 48 52
34 74 34 44 55 58 68 74
21 86 21 58 64 86
22 51 22 33 37 51
18 34 18 22 34
12 66 12 24 29 36 50 59 66
40 64 40 64
51 69 51 58 68 69
5 72 5 36 55 58 67 72
1 32 1 2 9 13 20 32
45 83 45 75 80 83
3 34 3 9 17 20 30 34
15 70 15 21 42 70
18 41 18 21 26 28 41
71 85 71 82 85
23 89 23 66 77 89
10 59 10 30 41 49 51 59
20 77 20 32 44 55 58 77
9 86 9 57 72 86
10 17 10 17
29 62 29 36 43 62
17 53 17 32 53
14 39 14 28 35 39
32 63 32 44 55 57 63
2 80 2 56 62 63 80
14 81 14 19 56 78 81
45 68 45 54 59 64 68
5 76 5 6 37 76
7 42 7 14 19 38 42
26 68 26 28 37 48 52 64 68
70 78 70 72 78
13 24 13 24
17 52 17 29 48 52
25 74 25 62 74
35 63 35 63
7 62 7 28 35 56 62
36 53 36 43 44 53
66 83 66 78 81 83
41 64 41 59 64
26 48 26 28 37 48
7 29 7 27 29
9 40 9 13 26 28 37 40
75 88 75 82 85 88
5 6 5 6
75 80 75 80
75 83 75 80 83
20 32 20 32
21 72 21 42 62 72
58 67 58 67
52 83 52 83
35 84 35 72 78 84
48 73 48 54 67 73
23 59 23 49 51 59
20 63 20 40 63
2 65 2 23 25 33 49 51 59 65
6 20 6 18 20
25 49 25 33 37 49
7 66 7 32 48 54 59 66
11 48 11 33 37 48
29 60 29 36 60
72 87 72 87
43 44 43 44
55 71 55 58 64 71
7 84 7 62 72 78 84
22 83 22 34 44 79 81 83
33 87 33 62 72 87
6 28 6 18 21 26 28
51 74 51 64 68 74
10 70 10 30 41 70
1 68 1 2 9 20 39 58 68
2 39 2 9 20 30 39
19 57 19 38 41 57
44 83 44 78 81 83
59 85 59 71 82 85
51 84 51 58 67 72 78 84
44 89 44 84 89
33 49 33 49
24 49 24 30 41 49
37 83 37 40 78 81 83
24 78 24 29 36 48 54 59 66 78
9 86 9 62 72 86
2 57 2 23 55 57
7 69 7 64 68 69
59 77 59 66 77
4 52 4 13 28 37 52
21 80 21 40 63 80
43 65 43 65
66 82 66 71 82
38 69 38 60 69
0 54 0 20 32 48 54
80 83 80 83
69 76 69 76
48 61 48 61
15 44 15 22 31 43 44
79 86 79 86
47 80 47 75 80
17 70 17 29 36 43 70
43 70 43 70
40 80 40 63 80
10 88 10 17 81 83 88
56 62 56 62
19 68 19 56 64 68
15 82 15 26 55 57 74 82
43 80 43 62 63 80
44 89 44 79 84 89
24 70 24 43 70
37 72 37 49 51 58 67 72
37 40 37 40
12 81 12 27 79 81
16 61 16 28 35 39 58 61
27 48 27 29 48
17 50 17 29 36 50
28 83 28 64 81 83
3 23 3 16 23
2 52 2 33 52
20 86 20 56 62 72 86
21 66 21 59 66
42 69 42 51 59 64 68 69
13 24 13 24
1 49 1 3 30 41 49
32 63 32 44 55 57 63
66 71 66 71
20 50 20 26 28 41 50
50 73 50 51 67 73
13 41 13 26 38 41
4 35 4 13 20 26 28 35
29 64 29 36 59 64
3 17 3 9 17
5 35 5 6 16 23 25 35
62 81 62 72 78 81
48 65 48 54 59 65
23 78 23 44 78
4 23 4 23
41 65 41 50 51 59 65
4 65 4 49 51 59 65
2 14 2 14
56 86 56 62 72 86
27 88 27 29 48 52 71 88
37 82 37 52 67 72 82
6 18 6 18
22 41 22 25 38 41
36 60 36 37 51 60
62 85 62 72 82 85
20 73 20 32 44 73
60 82 60 66 71 82
12 72 12 44 55 58 67 72
22 85 22 59 66 71 82 85
21 61 21 26 38 42 51 58 61
43 72 43 44 55 67 72
55 84 55 84
15 61 15 30 39 58 61
45 51 45 50 51
6 79 6 15 22 43 44 79
3 86 3 16 23 55 79 86
23 57 23 25 57
38 42 38 42
3 42 3 9 13 20 26 38 42
41 49 41 49
22 50 22 34 45 50
6 49 6 16 23 37 49
0 51 0 20 30 41 50 51
63 83 63 80 81 83
19 48 19 33 37 48
29 43 29 36 43
23 49 23 37 49
33 68 33 51 59 64 68
20 84 20 32 58 67 72 78 84
78 88 78 84 88
41 57 41 57
1 24 1 3 9 24
2 27 2 9 24 27
48 82 48 72 82
24 66 24 27 29 36 50 60 66
1 30 1 13 20 30
18 20 18 20
17 81 17 20 26 55 58 67 72 78 81
32 86 32 44 55 86
22 88 22 31 43 52 80 83 88
40 78 40 78
79 89 79 84 89
19 42 19 38 42
36 68 36 50 59 64 68
48 89 48 72 78 84 89
48 61 48 61
15 74 15 26 42 57 74
22 76 22 59 69 76
29 79 29 36 43 44 55 79
53 77 53 77
7 60 7 14 42 51 60
19 33 19 33
56 82 56 62 72 82
37 85 37 51 59 64 82 85
0 28 0 10 17 20 26 28
12 56 12 17 20 26 28 35 56
47 61 47 61
0 46 0 13 20 26 42 46
7 27 7 27
54 82 54 75 82
23 89 23 66 77 89
33 67 33 51 58 67
67 72 67 72
6 45 6 18 20 30 34 45
62 80 62 63 80
6 56 6 17 25 35 56
23 83 23 35 59 66 83
36 44 36 43 44
79 86 79 86
9 57 9 20 30 44 55 57
17 78 17 32 47 67 72 78
4 88 4 8 28 35 63 88
36 43 36 43
59 64 59 64
9 24 9 24
5 72 5 36 55 58 67 72
3 54 3 15 30 48 54
41 71 41 70 71
29 62 29 43 62
55 77 55 58 77
45 82 45 52 64 68 74 82
8 35 8 28 35
9 20 9 17 20
23 77 23 49 51 60 66 77
5 87 5 72 87
37 49 37 49
15 40 15 21 26 28 37 40
64 74 64 68 74
56 64 56 64
68 88 68 69 87 88
6 17 6 17
1 37 1 37
43 52 43 52
4 89 4 41 53 77 89
17 70 17 20 30 41 70
17 51 17 25 33 37 49 51
18 76 18 22 34 45 54 59 69 76
15 40 15 26 28 37 40
1 86 1 2 33 51 59 86
24 39 24 30 39
47 84 47 67 72 78 84
17 84 17 70 72 78 84
13 47 13 24 43 47
33 68 33 37 59 64 68
38 63 38 42 62 63
10 33 10 17 33
15 40 15 21 26 28 37 40
3 14 3 14
30 84 30 41 50 59 66 78 84
6 86 6 30 44 64 86
36 53 36 43 44 53
6 25 6 15 22 25
36 55 36 55
36 87 36 59 69 87
15 40 15 22 25 40
13 27 13 24 27
4 76 4 8 40 68 69 76
17 58 17 20 30 41 50 51 58
30 73 30 34 48 52 67 73
14 74 14 59 64 68 74
66 78 66 78
7 62 7 29 36 43 62
27 59 27 29 36 37 51 59
2 48 2 23 32 48
29 66 29 48 54 59 66
67 87 67 72 87
10 78 10 34 59 66 78
7 65 7 56 62 65
9 73 9 50 51 67 73
29 54 29 48 54
1 67 1 3 37 52 67
14 59 14 28 41 50 59
27 68 27 58 64 68
11 83 11 35 39 58 61 75 80 83
61 75 61 75
0 27 0 13 24 27
54 75 54 75
3 27 3 27
17 73 17 33 51 58 67 73
37 48 37 48
57 84 57 72 78 84
23 37 23 37
30 57 30 44 55 57
25 69 25 40 68 69
62 82 62 63 82
7 74 7 56 62 74
61 81 61 75 80 81
19 42 19 21 26 42
2 71 2 33 37 51 58 64 71
37 60 37 49 51 60
44 53 44 53
18 44 18 20 30 44
5 73 5 36 37 51 58 67 73
56 72 56 62 72
4 79 4 13 26 55 79
38 60 38 42 51 60
59 77 59 77
39 75 39 58 61 75
54 89 54 72 78 84 89
22 70 22 31 43 70
32 72 32 47 67 72
22 43 22 43
43 70 43 70
51 81 51 64 81
51 84 51 67 72 78 84
79 86 79 86
13 28 13 20 26 28
2 39 2 14 25 33 39
1 73 1 3 14 42 51 58 67 73
32 48 32 48
7 66 7 42 51 59 66
2 65 2 56 62 65
27 66 27 29 36 60 66
10 61 10 48 61
53 87 53 77 87
41 79 41 79
18 31 18 22 31
62 84 62 72 78 84
3 64 3 38 41 49 51 59 64
21 40 21 26 28 37 40
49 69 49 69
23 80 23 55 57 63 80
29 60 29 36 37 51 60
75 82 75 82
12 56 12 17 20 56
1 13 1 2 9 13
46 89 46 77 89
42 62 42 62
12 57 12 27 44 55 57
29 81 29 81
17 39 17 20 39
20 65 20 39 65
2 53 2 23 32 53
3 33 3 16 23 25 33
7 57 7 27 44 55 57
24 58 24 27 44 55 58
25 68 25 35 56 64 68
17 73 17 52 67 73
1 34 1 13 24 30 34
11 77 11 59 66 77
6 67 6 44 55 58 67
70 78 70 72 78
12 73 12 37 48 54 67 73
3 72 3 16 38 41 70 72
31 56 31 56
22 85 22 33 72 82 85
13 54 13 36 37 48 54
31 68 31 68
51 77 51 59 66 77
12 55 12 45 55
25 88 25 79 83 88
42 51 42 51
37 58 37 51 58
80 83 80 83
26 67 26 38 42 51 58 67
40 69 40 64 69
15 61 15 26 55 61
28 85 28 49 72 82 85
7 39 7 28 35 39
25 85 25 82 85
44 78 44 78
16 29 16 29
13 76 13 20 26 42 51 58 64 68 69 76
22 56 22 31 56
7 57 7 57
31 84 31 43 70 72 78 84
78 81 78 81
11 72 11 33 37 49 72
9 37 9 20 26 28 37
2 53 2 14 34 44 53
20 77 20 26 42 51 58 77
32 86 32 58 67 72 86
48 72 48 72
16 28 16 28
22 57 22 34 45 55 57
42 65 42 51 59 65
26 60 26 28 41 50 51 60
6 51 6 16 29 36 37 51
33 39 33 39
13 71 13 28 64 71
42 62 42 62
24 71 24 29 43 70 71
29 69 29 36 50 51 64 69
16 38 16 23 25 38
53 77 53 77
24 29 24 27 29
16 40 16 23 37 40
32 86 32 44 55 57 72 86
40 89 40 78 84 89
58 87 58 68 69 87
16 87 16 28 49 69 87
37 67 37 51 58 67
2 39 2 9 13 28 35 39
4 57 4 13 26 42 57
17 89 17 32 58 77 89
26 56 26 28 35 56
11 20 11 20
14 70 14 25 38 70
31 76 31 68 69 76
60 82 60 82
10 34 10 30 34
59 66 59 66
14 66 14 19 38 60 66
13 56 13 20 26 28 35 56
10 85 10 48 61 75 82 85
0 46 0 13 20 26 38 42 46
54 82 54 72 82
37 72 37 72
10 63 10 34 44 55 57 63
59 86 59 64 86
45 74 45 57 74
34 75 34 48 75
17 69 17 52 64 68 69
12 17 12 17
27 58 27 58
14 87 14 19 69 87
20 85 20 56 64 68 74 85
5 63 5 36 55 57 63
18 34 18 20 30 34
38 51 38 42 51
2 87 2 57 72 87
25 66 25 35 59 66
41 60 41 49 51 60
9 69 9 20 56 64 68 69
17 70 17 70
41 63 41 57 63
75 82 75 82
9 74 9 24 55 57 74
23 37 23 37
19 35 19 21 26 28 35
20 55 20 55
24 59 24 50 59
2 62 2 9 62
7 56 7 14 19 56
2 38 2 9 13 26 38
24 36 24 29 36
7 59 7 32 48 54 59
52 85 52 71 82 85
41 67 41 50 51 67
3 66 3 37 48 54 59 66
23 79 23 55 79
19 62 19 33 62
7 68 7 42 51 59 64 68
18 63 18 20 55 57 63
55 69 55 58 64 68 69
59 86 59 64 86
20 50 20 26 28 41 50
55 77 55 58 77
7 85 7 43 64 71 82 85
48 88 48 72 86 88
44 79 44 79
1 67 1 26 67
43 47 43 47
23 32 23 32
43 44 43 44
25 68 25 38 41 59 64 68
67 72 67 72
51 59 51 59
33 61 33 37 49 51 58 61
15 56 15 22 31 56
54 86 54 59 86
18 41 18 21 26 38 41
11 34 11 20 30 34
18 33 18 22 33
21 84 21 40 78 84
40 86 40 64 86
19 28 19 21 26 28
12 30 12 17 20 30
43 84 43 62 72 78 84
50 85 50 59 71 82 85
5 72 5 52 67 72
17 89 17 52 67 72 78 84 89
36 64 36 55 58 64
59 89 59 66 77 89
59 89 59 77 89
14 89 14 19 43 52 77 89
10 66 10 34 59 66
61 75 61 75
40 89 40 78 84 89
3 35 3 15 21 26 28 35
7 63 7 28 41 57 63
16 89 16 44 84 89
1 53 1 3 30 53
3 86 3 38 41 57 72 86
64 69 64 68 69
60 77 60 66 77
54 69 54 59 69
5 69 5 36 48 54 59 64 69
64 81 64 81
29 51 29 36 50 51
7 65 7 49 51 59 65
20 79 20 79
21 58 21 58
41 69 41 50 60 69
14 73 14 34 45 52 67 73
26 75 26 38 41 49 51 58 61 75
51 77 51 60 66 77
56 78 56 62 72 78
14 50 14 25 38 41 50
78 84 78 84
8 34 8 34
12 28 12 17 20 26 28
51 65 51 59 65
8 50 8 34 45 50
10 48 10 34 48
26 80 26 28 49 51 80
27 36 27 29 36
1 9 1 3 9
61 82 61 75 82
4 49 4 49
1 55 1 13 24 29 43 44 55
36 53 36 43 44 53
28 66 28 41 49 51 60 66
16 40 16 29 36 37 40
4 86 4 13 20 40 64 86
45 50 45 50
58 64 58 64
38 66 38 60 66
39 58 39 58
45 81 45 50 59 66 78 81
34 88 34 59 66 78 81 83 88
67 73 67 73
66 81 66 78 81
26 42 26 38 42
46 88 46 77 88
41 57 41 57
5 69 5 52 64 69
77 88 77 88
7 43 7 27 29 43
45 59 45 50 51 59
7 76 7 56 64 69 76
35 88 35 59 64 86 88
0 39 0 10 17 33 39
36 59 36 37 51 59
13 49 13 20 30 41 49
13 87 13 68 69 87
0 45 0 13 24 30 34 45
49 78 49 72 78
49 88 49 69 87 88
23 88 23 87 88
36 71 36 50 60 66 71
8 28 8 28
23 67 23 35 39 58 67
9 53 9 13 29 43 44 53
86 88 86 88
8 37 8 28 37
79 86 79 86
16 46 16 38 42 46
41 69 41 50 59 64 68 69
2 27 2 9 13 24 27
30 48 30 48
61 75 61 75
8 75 8 58 61 75
12 72 12 37 51 67 72
72 89 72 78 84 89
39 89 39 58 77 89
11 39 11 35 39
3 89 3 16 35 39 58 77 89
15 60 15 22 25 33 51 60
52 78 52 78
12 75 12 24 50 51 58 61 75
23 62 23 35 56 62
17 67 17 58 67
7 28 7 14 28
50 71 50 60 66 71
26 52 26 28 37 48 52
26 81 26 67 72 78 81
15 82 15 26 75 82
27 29 27 29
1 27 1 7 27
24 79 24 29 43 44 55 79
10 72 10 30 39 58 67 72
68 82 68 74 82
9 13 9 13
22 77 22 31 43 52 77
1 2 1 2
23 67 23 44 55 58 67
15 45 15 22 34 45
41 50 41 50
62 86 62 72 86
30 57 30 41 57
5 84 5 70 72 78 84
20 38 20 26 38
15 21 15 21
47 67 47 67
24 27 24 27
5 77 5 6 44 55 58 77
27 36 27 29 36
13 77 13 60 66 77
13 27 13 24 27
25 40 25 40
28 58 28 35 39 58
6 43 6 15 22 31 43
54 72 54 72
54 86 54 72 86
10 36 10 24 29 36
38 69 38 41 59 69
45 52 45 52
9 50 9 20 26 28 41 50
62 85 62 72 82 85
30 85 30 41 57 82 85
29 67 29 48 52 67
3 27 3 27
13 56 13 28 35 56
13 68 13 68
30 75 30 41 49 51 58 61 75
7 19 7 14 19
30 53 30 53
20 66 20 30 48 54 59 66
3 62 3 15 22 33 62
27 53 27 53
26 49 26 28 37 49
3 54 3 14 28 37 48 54
27 53 27 53
51 75 51 58 61 75
51 81 51 67 72 78 81
28 82 28 35 56 82
34 73 34 45 55 58 67 73
22 41 22 25 38 41
0 82 0 27 44 64 82
23 42 23 25 38 42
5 26 5 6 15 26
8 89 8 40 89
67 85 67 82 85
5 41 5 6 16 28 41
7 19 7 14 19
21 85 21 42 70 71 82 85
6 79 6 15 21 26 28 41 79
24 59 24 27 29 48 54 59
22 89 22 33 39 58 77 89
45 75 45 75
3 83 3 38 42 62 63 83
10 75 10 30 44 55 58 61 75
32 79 32 44 79
1 34 1 7 14 34
38 61 38 41 50 51 58 61
55 69 55 58 64 68 69
35 84 35 39 58 67 72 78 84
54 87 54 67 72 87
25 69 25 40 64 69
9 57 9 17 32 44 55 57
59 88 59 69 87 88
26 46 26 42 46
16 36 16 29 36
18 70 18 21 42 70
27 48 27 29 36 37 48
2 46 2 9 13 26 42 46
3 27 3 9 24 27
3 82 3 37 49 51 59 64 82
42 83 42 62 72 78 81 83
2 86 2 56 64 86
52 83 52 80 81 83
44 61 44 55 61
30 84 30 48 72 78 84
58 87 58 77 87
10 83 10 52 67 72 78 81 83
30 61 30 44 55 58 61
0 27 0 13 24 27
45 64 45 50 51 58 64
38 88 38 70 86 88
10 58 10 17 20 30 39 58
11 77 11 21 58 77
38 70 38 70
25 60 25 38 42 51 60
42 46 42 46
62 81 62 63 80 81
19 49 19 21 26 38 41 49
34 76 34 44 55 58 68 69 76
8 50 8 41 50
32 54 32 48 54
17 36 17 29 36
8 42 8 9 17 20 26 42
7 29 7 27 29
20 37 20 26 28 37
10 59 10 30 34 48 54 59
11 38 11 21 26 38
20 37 20 26 28 37
10 26 10 17 20 26
26 56 26 28 35 56
3 38 3 14 19 38
29 70 29 36 43 70
28 68 28 49 51 58 68
55 69 55 58 64 69
16 29 16 29
27 55 27 29 43 44 55
58 69 58 64 69
9 42 9 17 25 38 42
36 66 36 66
12 70 12 29 36 43 70
11 20 11 20
30 86 30 54 72 86
24 73 24 30 39 58 67 73
3 30 3 30
17 32 17 20 32
23 65 23 37 49 51 59 65
40 76 40 64 68 69 76
64 74 64 68 74
4 13 4 8 9 13
8 53 8 9 13 28 41 53
27 79 27 29 43 44 79
5 36 5 36
12 44 12 44
8 38 8 9 17 20 26 38
10 77 10 17 58 77
1 89 1 39 58 67 72 78 84 89
7 40 7 40
15 35 15 26 28 35
15 45 15 30 34 45
14 67 14 34 48 52 67
8 62 8 62
27 78 27 58 67 72 78
43 52 43 52
31 43 31 43
25 79 25 79
36 75 36 43 47 61 75
28 82 28 64 71 82
19 39 19 33 39
18 41 18 21 26 28 41
8 75 8 58 61 75
30 65 30 44 55 57 63 65
11 68 11 21 59 64 68
26 51 26 28 41 50 51
14 78 14 34 48 54 67 72 78
2 62 2 56 62
5 64 5 52 64
26 38 26 38
22 52 22 33 52
22 43 22 31 43
26 74 26 38 42 57 74
41 65 41 50 59 65
6 32 6 17 20 32
13 87 13 20 66 77 87
12 20 12 17 20
6 24 6 24
59 78 59 66 78
0 25 0 10 17 25
56 62 56 62
42 59 42 51 59
25 84 25 33 67 72 78 84
51 86 51 58 64 86
27 82 27 70 72 82
26 40 26 28 37 40
79 89 79 84 89
64 74 64 68 74
0 71 0 59 71
32 47 32 47
2 57 2 9 17 29 43 44 55 57
6 64 6 18 21 59 64
50 67 50 51 67
2 75 2 33 51 58 61 75
38 74 38 42 62 74
66 81 66 78 81
25 49 25 38 41 49
4 48 4 23 25 33 37 48
39 89 39 58 67 72 78 84 89
21 74 21 40 64 68 74
26 79 26 55 79
75 82 75 82
11 38 11 20 26 38
7 32 7 32
27 66 27 29 36 48 54 59 66
3 15 3 15
3 34 3 14 34
34 63 34 45 55 57 63
64 71 64 71
41 76 41 76
41 78 41 49 51 67 72 78
2 86 2 33 67 72 86
37 74 37 59 64 68 74
29 79 29 36 43 44 79
56 65 56 62 65
1 66 1 13 24 30 41 50 59 66
15 44 15 22 43 44
14 67 14 28 35 39 58 67
3 64 3 16 23 35 56 64
7 59 7 27 29 48 54 59
2 75 2 14 19 21 26 75
10 46 10 17 20 26 28 46
0 57 0 10 30 41 57
11 83 11 70 72 78 81 83
11 51 11 20 26 28 41 50 51
11 39 11 21 26 28 35 39
37 81 37 48 61 75 80 81
27 43 27 29 36 43
0 57 0 24 29 36 43 44 55 57
31 55 31 43 44 55
10 40 10 24 29 36 37 40
37 67 37 48 52 67
71 82 71 82
6 33 6 16 23 25 33
4 41 4 41
17 54 17 29 48 54
34 44 34 44
8 78 8 28 41 70 72 78
37 74 37 51 64 68 74
2 64 2 23 32 58 64
45 51 45 50 51
56 80 56 62 63 80
14 80 14 31 43 44 55 61 75 80
10 24 10 24
20 86 20 32 86
47 73 47 67 73
50 77 50 59 77
0 39 0 20 39
67 89 67 72 78 84 89
26 41 26 28 41
17 73 17 20 55 67 73
54 66 54 59 66
41 75 41 50 51 58 61 75
7 62 7 29 43 62
36 37 36 37
24 68 24 43 44 64 68
47 67 47 67
45 52 45 52
42 66 42 51 59 66
2 36 2 9 24 27 29 36
36 53 36 43 44 53
4 89 4 41 67 72 78 84 89
27 68 27 29 48 52 64 68
23 49 23 49
17 34 17 20 30 34
1 36 1 3 16 29 36
49 84 49 72 78 84
26 73 26 55 58 67 73
18 76 18 22 25 40 68 69 76
22 74 22 43 52 64 68 74
68 82 68 74 82
22 33 22 25 33
28 41 28 41
41 65 41 59 65
15 21 15 21
1 44 1 13 36 43 44
4 43 4 13 29 43
37 87 37 77 87
14 68 14 19 43 44 64 68
35 63 35 56 62 63
32 48 32 48
11 77 11 59 77
2 85 2 82 85
8 34 8 34
15 58 15 30 41 49 51 58
0 64 0 10 44 64
47 81 47 67 72 78 81
3 31 3 14 31
58 69 58 64 69
17 82 17 60 82
24 50 24 29 36 50
50 81 50 51 64 81
59 64 59 64
6 69 6 24 29 48 52 64 68 69
2 34 2 14 34
38 89 38 89
22 58 22 43 44 55 58
8 51 8 28 37 51
24 43 24 29 36 43
5 59 5 6 15 22 34 48 54 59
22 82 22 59 66 71 82
69 76 69 76
21 58 21 58
0 45 0 24 30 34 45
4 8 4 8
5 64 5 64
5 17 5 6 17
10 52 10 48 52
41 65 41 50 51 59 65
13 32 13 20 32
7 29 7 29
5 28 5 6 17 20 26 28
5 85 5 6 40 68 74 82 85
7 56 7 28 35 56
12 41 12 17 25 38 41
21 49 21 26 28 41 49
29 64 29 43 44 55 58 64
32 89 32 66 77 89
7 74 7 62 74
23 35 23 35
0 73 0 13 26 28 35 39 58 67 73
25 42 25 38 42
0 77 0 59 77
9 41 9 24 30 41
68 69 68 69
35 62 35 56 62
14 34 14 34
20 65 20 55 57 63 65
11 21 11 21
10 63 10 30 41 63
45 55 45 55
8 61 8 34 45 50 51 58 61
1 47 1 7 14 19 43 47
14 60 14 42 51 60
29 78 29 43 70 72 78
24 51 24 30 34 45 50 51
74 85 74 85
39 58 39 58
26 73 26 42 51 58 67 73
63 85 63 82 85
41 53 41 53
13 85 13 85
79 83 79 83
70 81 70 72 78 81
12 46 12 17 25 38 42 46
1 34 1 13 20 30 34
32 85 32 58 64 82 85
10 36 10 17 29 36
33 83 33 72 78 81 83
36 59 36 59
18 89 18 22 33 67 72 78 84 89
24 49 24 30 41 49
7 76 7 64 68 69 76
0 76 0 13 29 43 64 68 69 76
60 66 60 66
22 82 22 59 64 82
4 26 4 8 9 13 26
22 79 22 34 79
11 80 11 35 56 62 63 80
6 20 6 17 20
7 89 7 39 58 77 89
1 48 1 7 32 48
45 58 45 50 51 58
15 47 15 22 43 47
27 58 27 44 55 58
10 42 10 17 20 26 38 42
43 84 43 47 67 72 78 84
30 52 30 48 52
12 66 12 45 50 51 59 66
54 73 54 73
34 63 34 44 55 57 63
37 83 37 48 61 75 80 83
79 83 79 81 83
72 78 72 78
56 64 56 64
45 55 45 55
44 58 44 55 58
72 78 72 78
16 59 16 29 36 48 54 59
34 69 34 44 55 58 64 68 69
18 34 18 22 34
59 82 59 71 82
47 88 47 75 80 81 83 88
44 79 44 79
8 44 8 9 24 27 29 36 43 44
28 40 28 37 40
32 75 32 44 55 61 75
15 63 15 30 41 63
67 83 67 72 78 81 83
10 17 10 17
6 43 6 31 43
11 51 11 33 49 51
78 88 78 81 83 88
21 42 21 26 38 42
10 26 10 17 20 26
5 46 5 6 17 20 26 42 46
8 53 8 9 17 25 38 41 53
18 61 18 34 48 61
6 18 6 18
26 28 26 28
1 39 1 7 39
4 51 4 41 49 51
19 78 19 38 70 72 78
41 57 41 57
14 44 14 31 43 44
13 64 13 29 48 52 64
35 63 35 56 62 63
34 77 34 45 77
36 81 36 37 59 64 81
41 50 41 50
17 52 17 52
7 87 7 14 31 56 64 69 87
39 87 39 69 87
37 77 37 77
13 51 13 28 41 50 51
63 85 63 82 85
7 85 7 29 43 52 67 82 85
50 60 50 51 60
2 29 2 9 13 24 29
22 73 22 34 48 54 67 73
23 88 23 68 69 87 88
2 50 2 9 24 27 29 36 50
1 49 1 19 33 37 49
13 65 13 36 37 51 59 65
1 22 1 3 15 22
19 26 19 21 26
1 27 1 2 9 24 27
32 54 32 48 54
51 88 51 64 82 85 88
18 59 18 59
4 49 4 41 49
18 88 18 72 86 88
60 77 60 66 77
18 71 18 20 32 48 52 64 71
15 47 15 22 31 43 47
17 53 17 32 53
13 44 13 29 36 43 44
17 53 17 29 36 43 44 53
10 59 10 24 27 29 36 37 48 54 59
4 35 4 23 25 35
26 88 26 28 46 77 87 88
36 88 36 59 77 87 88
64 85 64 82 85
2 34 2 14 34
29 78 29 48 54 72 78
23 35 23 35
17 20 17 20
51 77 51 60 66 77
22 74 22 34 48 52 64 68 74
4 9 4 8 9
9 47 9 24 27 29 36 43 47
24 89 24 89
30 50 30 34 45 50
9 83 9 62 72 78 81 83
10 86 10 30 44 79 86
11 68 11 64 68
22 79 22 25 79
62 87 62 72 87
30 44 30 34 44
0 80 0 47 80
34 48 34 48
10 62 10 24 43 62
16 55 16 31 43 44 55
40 76 40 64 68 69 76
11 88 11 68 69 87 88
0 25 0 10 17 25
23 84 23 37 84
7 19 7 14 19
15 47 15 22 43 47
13 36 13 24 29 36
60 71 60 66 71
32 78 32 58 67 72 78
54 69 54 59 64 69
34 66 34 45 50 59 66
50 87 50 51 60 66 77 87
26 38 26 38
25 42 25 38 42
8 24 8 9 24
32 48 32 48
23 49 23 49
19 71 19 38 70 71
3 37 3 15 26 28 37
23 82 23 49 72 82
54 86 54 67 72 86
17 25 17 25
72 82 72 82
38 70 38 42 70
20 72 20 56 62 72
32 73 32 48 54 73
24 60 24 30 41 49 51 60
10 70 10 17 70
19 78 19 78
4 23 4 23
11 80 11 20 40 63 80
2 21 2 14 19 21
50 77 50 59 77
8 53 8 9 24 43 44 53
55 71 55 58 64 71
57 84 57 72 78 84
5 39 5 6 17 20 26 28 35 39
10 61 10 34 44 55 61
15 22 15 22
36 71 36 43 70 71
10 53 10 44 53
33 61 33 49 51 58 61
28 66 28 49 51 59 66
3 42 3 9 17 25 38 42
11 33 11 33
34 87 34 44 55 57 72 87
70 71 70 71
34 88 34 45 75 80 83 88
55 61 55 58 61
4 79 4 13 20 32 44 79
24 58 24 27 58
42 65 42 57 63 65
10 40 10 24 29 36 37 40
12 74 12 57 74
30 79 30 34 44 55 79
25 57 25 38 42 57
36 87 36 48 52 77 87
15 76 15 76
42 72 42 51 67 72
20 75 20 26 55 61 75
22 85 22 34 45 55 67 72 82 85
17 26 17 20 26
5 62 5 6 27 29 43 62
21 80 21 40 63 80
7 42 7 14 25 38 42
19 74 19 38 41 59 64 68 74
70 88 70 88
15 40 15 26 28 37 40
37 65 37 59 65
42 89 42 62 72 78 84 89
41 67 41 50 51 67
22 59 22 34 45 54 59
10 70 10 24 30 41 70
22 59 22 33 37 51 59
52 89 52 78 84 89
24 88 24 80 83 88
55 83 55 57 72 78 81 83
57 63 57 63
10 58 10 44 55 58
12 55 12 45 55
16 29 16 29
48 89 48 54 67 72 78 84 89
49 51 49 51
32 78 32 48 52 67 72 78
58 64 58 64
40 80 40 63 80
14 81 14 59 64 81
44 53 44 53
40 78 40 78
30 39 30 39
48 54 48 54
21 46 21 42 46
56 64 56 64
11 53 11 21 26 28 41 53
7 52 7 27 29 43 52
56 68 56 64 68
16 53 16 23 25 38 41 53
18 25 18 22 25
8 73 8 41 67 73
52 80 52 80
6 71 6 17 58 64 71
30 75 30 44 55 61 75
2 13 2 9 13
64 86 64 86
27 78 27 44 78
23 49 23 49
57 83 57 72 78 81 83
58 85 58 85
19 71 19 38 41 50 59 71
24 63 24 43 44 55 57 63
70 88 70 82 85 88
25 66 25 35 59 66
11 68 11 59 64 68
10 45 10 17 20 30 34 45
23 49 23 25 38 41 49
0 36 0 27 29 36
50 85 50 51 64 68 74 82 85
2 23 2 23
49 69 49 69
60 77 60 66 77
25 79 25 79
30 82 30 54 75 82
13 36 13 29 36
20 71 20 56 64 71
1 32 1 13 20 32
20 26 20 26
60 77 60 66 77
40 68 40 64 68
20 75 20 55 58 61 75
13 79 13 29 43 44 55 79
62 65 62 65
38 74 38 41 50 51 58 68 74
49 66 49 51 60 66
26 67 26 38 42 51 67
16 41 16 28 41
18 48 18 20 26 28 37 48
4 8 4 8
13 82 13 24 55 57 74 82
10 48 10 48
18 39 18 22 33 39
36 83 36 48 61 75 80 83
44 85 44 55 67 82 85
68 88 68 74 85 88
32 75 32 47 61 75
41 67 41 67
12 41 12 17 25 38 41
48 66 48 54 59 66
28 69 28 64 69
4 51 4 8 28 41 49 51
11 53 11 20 26 38 41 53
36 48 36 48
21 84 21 58 67 72 78 84
9 84 9 50 60 66 78 84
51 64 51 58 64
4 62 4 13 29 36 43 62
43 69 43 52 64 69
1 54 1 37 48 54
0 24 0 24
51 60 51 60
7 89 7 89
2 39 2 14 28 35 39
57 82 57 82
36 48 36 37 48
16 59 16 38 41 49 51 59
17 81 17 58 67 72 78 81
28 49 28 49
66 77 66 77
57 83 57 78 81 83
4 17 4 8 9 17
26 80 26 55 61 75 80
62 83 62 72 78 81 83
42 61 42 51 58 61
55 79 55 79
22 34 22 34
10 59 10 34 48 54 59
45 83 45 75 80 83
6 83 6 24 83
82 85 82 85
41 60 41 49 51 60
40 68 40 68
10 83 10 17 32 58 67 72 78 81 83
10 76 10 17 29 36 43 44 64 69 76
32 57 32 44 55 57
10 48 10 30 48
9 13 9 13
27 78 27 29 70 72 78
12 45 12 24 30 34 45
22 43 22 31 43
5 41 5 6 16 28 41
22 58 22 34 45 50 51 58
15 70 15 22 31 43 70
9 13 9 13
12 56 12 17 25 35 56
8 38 8 9 20 26 38
8 58 8 9 24 29 36 43 44 55 58
8 30 8 9 20 30
29 81 29 43 44 55 79 81
0 26 0 13 26
43 62 43 62
22 53 22 25 38 41 53
10 58 10 34 44 55 58
5 53 5 36 43 44 53
0 55 0 13 20 30 34 44 55
27 82 27 70 82
24 70 24 27 70
67 78 67 72 78
77 87 77 87
51 76 51 58 64 68 69 76
11 80 11 21 40 63 80
68 76 68 69 76
58 82 58 61 75 82
25 68 25 35 56 64 68
20 71 20 39 58 64 71
54 89 54 59 89
6 85 6 30 39 58 64 82 85
63 88 63 88
33 82 33 37 40 63 82
44 72 44 55 58 67 72
20 26 20 26
37 83 37 72 78 81 83
17 25 17 25
8 74 8 62 74
23 81 23 79 81
62 87 62 72 87
1 49 1 49
5 70 5 36 43 70
33 77 33 49 51 58 77
5 39 5 6 30 39
14 81 14 28 49 72 78 81
6 80 6 30 48 52 80
15 77 15 26 42 46 77
41 53 41 53
24 79 24 30 41 79
85 88 85 88
60 83 60 66 83
11 51 11 21 42 51
25 57 25 38 41 57
24 51 24 29 36 37 51
27 57 27 44 55 57
17 53 17 20 32 53
48 61 48 61
26 48 26 28 37 48
35 72 35 39 58 67 72
2 54 2 9 20 26 28 37 48 54
27 52 27 29 36 37 52
44 83 44 79 81 83
7 19 7 14 19
29 75 29 48 61 75
17 68 17 25 35 39 58 68
64 88 64 69 87 88
6 84 6 30 39 58 67 72 78 84
45 55 45 55
23 81 23 37 52 78 81
10 46 10 17 33 46
15 47 15 22 31 43 47
16 35 16 23 35
48 75 48 61 75
17 43 17 29 36 43
67 88 67 82 85 88
29 58 29 36 43 44 55 58
43 53 43 44 53
19 58 19 38 41 49 51 58
17 77 17 60 66 77
41 66 41 49 51 60 66
0 54 0 20 32 48 54
0 71 0 13 24 50 60 66 71
10 54 10 30 48 54
82 85 82 85
13 29 13 29
16 61 16 23 37 51 58 61
24 70 24 29 43 70
17 69 17 25 33 51 60 69
33 37 33 37
10 82 10 60 66 71 82
1 34 1 3 9 13 24 30 34
0 24 0 10 24
87 88 87 88
2 80 2 33 51 58 61 75 80
8 24 8 9 24
74 82 74 82
51 60 51 60
8 44 8 9 24 43 44
26 58 26 28 49 51 58
0 88 0 57 78 81 83 88
26 49 26 38 41 49
30 63 30 44 55 57 63
11 54 11 33 37 48 54
14 73 14 25 33 73
8 66 8 34 48 54 59 66
15 60 15 21 42 51 60
10 64 10 34 48 52 64
16 41 16 38 41
26 74 26 38 42 57 74
7 28 7 28
29 53 29 36 43 44 53
62 81 62 72 78 81
41 69 41 49 51 59 64 68 69
38 60 38 60
33 88 33 72 88
12 68 12 24 43 52 64 68
44 76 44 55 58 68 69 76
34 88 34 59 64 69 87 88
41 66 41 59 66
42 76 42 51 64 68 69 76
55 78 55 67 72 78
5 89 5 77 89
44 83 44 53 80 83
9 69 9 17 52 64 69
35 89 35 59 77 89
7 43 7 27 29 36 43
80 83 80 83
28 53 28 41 53
18 59 18 59
50 87 50 51 58 77 87
1 66 1 3 9 13 60 66
44 64 44 55 58 64
18 67 18 34 45 67
23 81 23 37 72 78 81
30 52 30 48 52
50 51 50 51
5 46 5 6 18 22 25 38 42 46
83 88 83 88
1 34 1 2 14 34
77 89 77 89
57 82 57 82
44 64 44 55 58 64
8 75 8 28 49 51 58 61 75
31 43 31 43
13 41 13 26 38 41
8 41 8 41
54 71 54 71
6 28 6 18 21 26 28
43 78 43 62 72 78
36 81 36 81
18 58 18 21 42 51 58
17 63 17 25 33 62 63
28 41 28 41
40 63 40 63
9 24 9 24
24 79 24 29 43 44 79
42 65 42 62 65
28 52 28 37 52
2 48 2 14 28 37 48
1 53 1 7 32 53
51 74 51 58 64 68 74
40 64 40 64
26 58 26 28 41 50 51 58
2 48 2 23 32 48
6 64 6 44 64
4 45 4 13 24 30 34 45
22 77 22 31 43 47 77
79 86 79 86
15 60 15 26 42 51 60
22 84 22 43 47 67 72 78 84
22 35 22 25 35
34 48 34 48
16 61 16 28 37 49 51 58 61
3 38 3 14 19 38
28 66 28 37 59 66
20 81 20 32 47 80 81
23 84 23 32 58 67 72 78 84
0 53 0 10 44 53
62 80 62 63 80
43 70 43 70
87 88 87 88
26 74 26 42 57 74
4 40 4 8 40
3 43 3 9 17 29 43
56 62 56 62
21 35 21 26 28 35
44 73 44 73
17 38 17 25 38
9 53 9 20 32 44 53
6 55 6 15 22 43 44 55
51 74 51 64 68 74
4 13 4 13
72 85 72 82 85
20 52 20 30 48 52
33 40 33 37 40
22 84 22 25 57 78 84
60 87 60 66 77 87
67 85 67 72 82 85
1 25 1 7 14 25
18 72 18 21 26 38 70 72
7 85 7 27 72 82 85
51 68 51 58 68
42 64 42 51 64
38 89 38 89
18 20 18 20
11 64 11 33 39 58 64
6 77 6 77
4 13 4 8 9 13
31 82 31 68 74 82
22 70 22 43 70
45 67 45 50 51 67
16 53 16 29 43 44 53
2 38 2 9 17 20 26 38
49 76 49 69 76
64 68 64 68
5 35 5 6 16 23 25 35
12 63 12 24 27 44 55 57 63
1 36 1 3 27 29 36
17 80 17 52 80
0 57 0 20 32 44 55 57
3 30 3 9 13 20 30
16 42 16 38 42
47 67 47 67
9 86 9 17 52 67 72 86
21 35 21 26 28 35
6 32 6 17 32
50 82 50 82
18 88 18 22 43 80 83 88
53 77 53 77
63 82 63 82
24 34 24 30 34
1 9 1 2 9
43 80 43 80
29 62 29 43 62
3 9 3 9
16 83 16 35 72 78 81 83
41 49 41 49
50 81 50 60 66 78 81
12 70 12 29 36 43 70
26 58 26 42 51 58
30 85 30 34 59 64 68 74 82 85
45 88 45 64 69 87 88
55 71 55 58 64 71
6 20 6 17 20
11 58 11 33 49 51 58
12 27 12 27
10 62 10 17 25 35 56 62
5 33 5 6 18 22 33
9 27 9 24 27
19 71 19 33 52 71
17 68 17 20 40 68
4 60 4 23 37 51 60
24 55 24 29 43 44 55
6 71 6 37 52 71
67 87 67 72 87
2 74 2 57 74
25 80 25 40 63 80
10 29 10 17 29
26 46 26 28 46
8 81 8 58 61 75 80 81
11 38 11 20 26 38
47 87 47 67 72 87
12 44 12 44
11 35 11 20 26 28 35
23 82 23 66 71 82
43 84 43 70 72 78 84
2 85 2 33 62 72 82 85
27 59 27 29 36 37 51 59
33 40 33 37 40
79 86 79 86
14 50 14 19 21 26 28 41 50
4 76 4 23 37 51 60 69 76
34 66 34 48 54 59 66
15 67 15 58 67
2 32 2 9 13 20 32
3 49 3 38 41 49
63 80 63 80
52 68 52 64 68
16 35 16 23 35
2 85 2 57 72 82 85
21 56 21 26 28 35 56
19 78 19 43 62 72 78
23 67 23 37 48 52 67
53 84 53 84
14 52 14 28 37 52
36 50 36 50
3 49 3 38 41 49
11 77 11 59 66 77
22 79 22 25 38 41 79
13 51 13 36 37 51
25 76 25 35 39 76
6 25 6 17 25
11 26 11 21 26
19 89 19 78 84 89
21 59 21 59
26 83 26 55 58 61 75 80 81 83
23 87 23 57 72 87
22 52 22 33 52
49 51 49 51
26 59 26 42 51 59
1 88 1 49 72 87 88
16 59 16 23 37 51 59
56 72 56 62 72
44 64 44 55 58 64
39 84 39 58 67 72 78 84
68 69 68 69
2 32 2 23 32
84 88 84 88
55 72 55 58 67 72
48 82 48 75 82
46 89 46 77 89
2 64 2 9 20 56 64
20 81 20 66 78 81
16 61 16 35 39 58 61
8 42 8 9 17 20 26 42
11 70 11 70
12 50 12 45 50
20 40 20 40
10 62 10 24 29 43 62
2 62 2 9 20 26 38 42 62
31 65 31 56 62 63 65
17 53 17 25 38 41 53
10 43 10 17 29 43
28 71 28 37 59 66 71
28 41 28 41
1 30 1 13 20 30
11 52 11 20 32 48 52
46 89 46 77 89
31 65 31 56 62 65
4 70 4 41 70
39 67 39 58 67
56 88 56 74 85 88
48 65 48 54 59 65
69 88 69 87 88
7 70 7 43 70
23 35 23 25 35
62 88 62 72 86 88
41 63 41 63
13 83 13 36 43 52 83
14 80 14 31 56 62 63 80
8 42 8 9 13 20 26 42
23 89 23 35 39 58 67 72 78 84 89
44 69 44 64 68 69
27 84 27 53 84
34 69 34 59 69
32 61 32 48 61
6 50 6 16 38 41 50
59 64 59 64
20 88 20 56 78 84 88
45 75 45 50 51 58 61 75
19 33 19 33
18 28 18 20 26 28
1 7 1 7
70 84 70 72 78 84
1 64 1 13 36 43 64
44 64 44 64
7 40 7 27 29 36 37 40
36 75 36 48 75
37 72 37 72
14 50 14 25 38 41 50
26 49 26 38 41 49
19 85 19 56 82 85
22 57 22 25 57
3 61 3 27 58 61
45 82 45 52 64 82
26 73 26 73
14 87 14 28 69 87
19 43 19 43
14 66 14 42 51 59 66
13 28 13 20 26 28
11 68 11 35 56 64 68
8 33 8 9 17 25 33
46 89 46 77 89
17 71 17 29 70 71
22 35 22 25 35
30 85 30 48 72 82 85
38 42 38 42
38 85 38 85
27 52 27 29 48 52
18 62 18 22 33 62
27 82 27 58 61 75 82
34 45 34 45
12 72 12 44 55 67 72
19 66 19 38 42 51 60 66
7 63 7 43 44 55 57 63
48 61 48 61
71 88 71 82 85 88
11 78 11 35 39 58 67 72 78
15 26 15 26
61 88 61 88
0 13 0 13
5 50 5 6 15 26 38 41 50
6 32 6 18 20 32
43 64 43 52 64
63 82 63 82
56 88 56 82 85 88
40 86 40 64 86
8 47 8 9 13 24 27 29 36 43 47
5 41 5 6 30 41
17 50 17 20 30 34 45 50
31 56 31 56
2 28 2 9 17 20 26 28
5 45 5 6 15 22 34 45
14 68 14 68
8 24 8 9 24
36 44 36 43 44
16 31 16 31
14 60 14 34 45 50 60
15 63 15 22 33 37 40 63
23 25 23 25
32 66 32 66
14 34 14 34
53 77 53 77
33 54 33 37 48 54
37 76 37 48 52 64 69 76
45 69 45 52 64 69
28 81 28 37 72 78 81
1 25 1 3 16 23 25
2 81 2 33 61 75 80 81
7 66 7 32 48 54 59 66
52 67 52 67
19 41 19 21 26 28 41
79 83 79 81 83
13 47 13 24 29 43 47
14 87 14 70 72 87
27 48 27 29 36 48
38 66 38 60 66
11 59 11 35 59
21 46 21 26 28 46
38 60 38 42 51 60
9 60 9 13 24 50 51 60
7 77 7 32 48 52 77
7 63 7 29 36 37 40 63
53 77 53 77
17 81 17 60 66 78 81
28 63 28 35 63
11 83 11 64 81 83
15 67 15 21 58 67
13 71 13 60 66 71
62 87 62 72 87
35 59 35 59
6 69 6 44 64 68 69
3 69 3 27 29 48 54 59 64 69
29 72 29 48 52 67 72
6 50 6 24 30 41 50
0 33 0 10 17 25 33
43 83 43 80 81 83
18 32 18 20 32
8 54 8 34 48 54
47 77 47 77
19 21 19 21
2 73 2 23 35 39 58 67 73
52 83 52 64 81 83
1 27 1 2 9 24 27
15 62 15 22 25 38 42 62
31 88 31 43 47 61 75 82 85 88
11 79 11 20 79
33 82 33 82
54 69 54 59 69
72 78 72 78
39 69 39 58 64 68 69
4 37 4 13 29 36 37
11 54 11 20 30 34 45 54
29 36 29 36
23 57 23 44 55 57
32 57 32 44 55 57
24 55 24 27 29 43 44 55
64 74 64 68 74
13 29 13 24 27 29
4 48 4 23 37 48
42 81 42 62 72 78 81
59 89 59 77 89
8 39 8 28 35 39
31 62 31 43 62
58 78 58 67 72 78
32 83 32 47 80 83
29 60 29 36 37 51 60
53 77 53 77
20 50 20 30 41 50
7 66 7 27 29 36 37 49 51 60 66
0 45 0 24 30 34 45
7 85 7 40 85
52 71 52 64 71
3 85 3 58 64 68 74 82 85
48 84 48 72 78 84
5 63 5 36 37 40 63
14 50 14 34 45 50
20 37 20 26 28 37
12 26 12 17 20 26
11 33 11 33
43 80 43 80
51 75 51 58 61 75
15 61 15 26 28 41 49 51 58 61
66 89 66 78 84 89
4 82 4 23 44 55 57 74 82
8 51 8 28 41 50 51
0 86 0 59 86
23 59 23 49 51 59
18 63 18 21 26 28 41 57 63
16 83 16 44 64 81 83
23 83 23 66 83
10 88 10 52 80 81 83 88
41 76 41 59 64 68 69 76
16 83 16 28 35 72 78 81 83
18 39 18 22 33 39
5 45 5 6 24 30 34 45
36 81 36 43 70 72 78 81
33 78 33 67 72 78
25 33 25 33
54 86 54 67 72 86
30 80 30 41 49 51 58 61 75 80
12 69 12 37 52 64 68 69
38 42 38 42
7 21 7 14 19 21
51 76 51 58 64 68 69 76
29 81 29 43 70 81
8 75 8 9 50 51 58 61 75
44 89 44 78 84 89
32 78 32 44 78
7 78 7 43 62 72 78
17 60 17 20 26 38 41 49 51 60
38 65 38 41 57 63 65
34 88 34 48 61 75 88
35 76 35 59 69 76
70 86 70 72 86
1 43 1 13 29 43
10 46 10 17 20 26 42 46
4 66 4 13 49 51 60 66
37 40 37 40
16 55 16 31 43 44 55
34 76 34 44 55 58 68 69 76
23 62 23 25 35 56 62
62 72 62 72
59 86 59 64 86
8 78 8 40 78
0 64 0 20 56 64
5 52 5 36 48 52
24 70 24 43 70
22 70 22 31 43 70
8 60 8 34 45 50 51 60
38 86 38 41 57 72 86
17 35 17 25 35
38 60 38 41 50 60
3 14 3 14
15 58 15 22 31 43 44 55 58
58 64 58 64
6 86 6 15 22 59 86
20 79 20 30 44 79
3 16 3 16
38 63 38 42 57 63
13 28 13 20 26 28
27 55 27 44 55
35 63 35 63
16 80 16 31 43 47 61 75 80
14 59 14 59
18 35 18 20 26 28 35
48 89 48 54 59 66 78 84 89
10 33 10 17 33
41 86 41 49 72 86
13 28 13 26 28
43 64 43 64
28 82 28 35 63 82
62 83 62 63 80 81 83
24 83 24 83
40 80 40 63 80
3 17 3 9 17
0 35 0 20 26 28 35
32 87 32 44 53 77 87
43 83 43 62 72 78 81 83
49 75 49 51 58 61 75
28 85 28 68 74 82 85
50 69 50 59 69
32 85 32 47 61 75 82 85
44 76 44 55 58 68 69 76
1 73 1 49 51 58 67 73
34 60 34 45 50 51 60
2 61 2 9 13 24 50 51 58 61
23 46 23 25 33 46
22 76 22 43 44 55 58 68 69 76
41 70 41 70
44 79 44 79
5 61 5 6 18 34 45 50 51 58 61
5 57 5 6 27 44 55 57
11 88 11 68 74 82 85 88
52 78 52 78
71 82 71 82
9 67 9 17 52 67
45 66 45 50 51 59 66
8 61 8 41 49 51 58 61
25 84 25 57 72 78 84
11 55 11 20 32 44 55
79 84 79 84
60 71 60 66 71
42 69 42 51 60 69
8 49 8 9 13 26 28 49
24 30 24 30
20 68 20 39 58 64 68
18 65 18 22 34 65
39 65 39 65
55 71 55 58 64 71
51 67 51 58 67
10 42 10 17 25 38 42
41 85 41 50 82 85
57 78 57 78
53 88 53 77 88
15 44 15 22 43 44
26 79 26 55 79
6 71 6 71
13 70 13 20 30 41 70
5 66 5 36 48 54 59 66
22 38 22 25 38
4 42 4 8 9 13 26 38 42
1 49 1 2 9 13 26 38 41 49
57 63 57 63
1 87 1 3 9 17 52 67 72 87
51 86 51 58 67 72 86
9 60 9 20 30 41 50 60
6 86 6 16 38 42 51 58 64 86
22 38 22 25 38
24 45 24 30 34 45
48 83 48 72 78 81 83
12 49 12 24 29 36 37 49
20 63 20 30 44 55 57 63
20 52 20 32 48 52
26 38 26 38
3 61 3 9 13 26 42 51 58 61
32 85 32 47 67 72 82 85
63 65 63 65
48 66 48 54 59 66
0 77 0 10 30 34 44 53 77
60 77 60 66 77
33 73 33 39 58 67 73
23 81 23 25 33 67 72 78 81
8 73 8 28 41 49 51 67 73
0 13 0 13
33 39 33 39
25 59 25 38 42 51 59
4 17 4 8 9 17
47 88 47 77 88
77 87 77 87
6 29 6 17 29
54 73 54 67 73
39 85 39 85
43 85 43 47 75 82 85
22 74 22 31 43 64 68 74
45 75 45 75
11 83 11 59 66 78 81 83
70 81 70 81
62 82 62 63 82
68 82 68 74 82
19 85 19 85
44 64 44 55 58 64
5 87 5 72 87
0 28 0 13 28
20 52 20 32 48 52
2 13 2 9 13
67 73 67 73
27 52 27 29 43 52
79 86 79 86
27 85 27 29 75 82 85
43 89 43 52 89
0 42 0 10 17 25 38 42
35 62 35 56 62
3 82 3 16 68 74 82
54 84 54 67 72 78 84
3 81 3 14 34 59 64 81
62 72 62 72
0 10 0 10
13 87 13 20 40 68 69 87
3 14 3 14
29 78 29 36 37 72 78
62 80 62 63 80
36 83 36 55 61 75 80 83
8 87 8 40 68 69 87
42 65 42 57 63 65
15 28 15 26 28
36 72 36 55 57 72
7 57 7 57
50 60 50 60
22 84 22 31 43 62 72 78 84
70 86 70 86
52 68 52 64 68
75 83 75 80 81 83
2 58 2 23 32 44 55 58
28 35 28 35
2 78 2 57 78
75 82 75 82
1 19 1 19
9 83 9 24 83
36 85 36 66 71 82 85
18 62 18 20 56 62
32 47 32 47
13 74 13 64 68 74
37 49 37 49
8 78 8 41 59 66 78
12 17 12 17
40 78 40 78
45 52 45 52
33 78 33 78
59 76 59 64 69 76
45 66 45 50 60 66
5 64 5 52 64
42 75 42 51 58 61 75
32 57 32 44 55 57
45 50 45 50
5 50 5 6 17 25 38 41 50
32 58 32 58
24 47 24 43 47
16 29 16 29
26 46 26 38 42 46
17 35 17 20 26 28 35
54 81 54 67 72 78 81
41 68 41 59 64 68
12 50 12 24 27 29 36 50
59 85 59 64 68 74 85
37 40 37 40
16 40 16 28 37 40
21 60 21 42 51 60
3 16 3 16
25 62 25 38 42 62
56 72 56 62 72
0 81 0 27 53 80 81
1 64 1 3 64
0 36 0 10 24 29 36
35 59 35 59
17 36 17 29 36
75 82 75 82
30 63 30 44 55 57 63
37 84 37 59 66 78 84
20 86 20 56 62 72 86
59 71 59 64 71
25 53 25 38 41 53
45 58 45 50 51 58
70 82 70 82
12 69 12 17 32 44 64 68 69
21 72 21 58 67 72
9 33 9 17 25 33
17 80 17 20 40 63 80
7 52 7 28 37 48 52
38 51 38 41 50 51
1 23 1 3 16 23
5 46 5 6 16 23 25 33 46
9 77 9 17 25 38 42 51 59 66 77
18 20 18 20
8 87 8 34 44 64 68 69 87
51 64 51 59 64
4 85 4 23 32 58 67 72 82 85
56 62 56 62
11 42 11 21 26 38 42
8 37 8 9 24 29 36 37
19 89 19 38 41 79 84 89
67 81 67 72 78 81
8 50 8 41 50
8 50 8 28 41 50
62 80 62 63 80
2 75 2 33 51 58 61 75
14 67 14 25 35 39 58 67
45 50 45 50
2 72 2 56 62 72
4 56 4 8 28 35 56
58 75 58 61 75
30 57 30 34 45 57
5 42 5 6 16 23 25 38 42
17 60 17 29 36 60
1 35 1 26 28 35
12 84 12 27 58 67 72 78 84
4 43 4 8 9 13 29 36 43
0 42 0 20 26 42
26 73 26 55 58 67 73
10 63 10 17 25 38 42 57 63
18 32 18 20 32
8 87 8 40 64 68 69 87
31 69 31 68 69
19 89 19 62 72 78 84 89
3 27 3 9 13 24 27
23 58 23 37 51 58
55 67 55 67
0 45 0 10 30 34 45
60 83 60 66 83
12 42 12 17 25 38 42
17 40 17 25 40
25 51 25 33 49 51
72 86 72 86
27 44 27 29 36 43 44
33 78 33 78
32 59 32 48 54 59
12 27 12 27
1 67 1 49 51 67
44 73 44 55 58 67 73
1 47 1 2 14 31 43 47
35 76 35 59 69 76
37 82 37 59 71 82
10 24 10 24
9 82 9 17 70 82
32 73 32 47 67 73
19 78 19 21 58 67 72 78
16 33 16 23 25 33
24 59 24 27 29 48 54 59
56 86 56 62 72 86
52 76 52 64 68 69 76
6 66 6 37 51 59 66
18 59 18 20 26 28 49 51 59
5 76 5 52 64 68 69 76
56 88 56 82 85 88
39 65 39 65
26 40 26 28 37 40
38 79 38 41 79
4 70 4 13 20 30 41 70
6 77 6 16 38 60 66 77
12 81 12 66 78 81
17 67 17 29 48 52 67
3 62 3 16 29 36 43 62
21 60 21 26 38 60
50 69 50 60 69
60 83 60 66 83
11 51 11 21 42 51
7 42 7 14 25 38 42
9 74 9 13 26 38 41 50 51 58 68 74
5 6 5 6
22 87 22 43 44 53 77 87
52 69 52 64 69
8 51 8 34 45 50 51
2 32 2 9 17 20 32
40 76 40 64 69 76
21 28 21 26 28
51 60 51 60
9 79 9 17 29 36 43 44 55 79
28 71 28 41 49 51 58 64 71
25 63 25 38 42 57 63
23 68 23 35 39 58 64 68
38 70 38 42 70
27 60 27 29 36 37 51 60
16 58 16 29 43 44 55 58
4 78 4 23 44 55 67 72 78
9 67 9 20 39 58 67
66 83 66 78 81 83
5 46 5 6 18 21 42 46
26 67 26 28 49 51 67
16 33 16 23 25 33
10 28 10 17 20 26 28
26 75 26 55 61 75
40 89 40 78 84 89
10 58 10 34 44 55 58
82 88 82 85 88
11 79 11 21 26 38 41 79
21 85 21 26 75 82 85
23 65 23 35 65
10 52 10 17 20 26 28 37 48 52
54 64 54 59 64
40 69 40 64 69
7 26 7 14 19 21 26
0 86 0 20 32 47 67 72 86
5 46 5 6 18 22 25 38 42 46
37 72 37 52 67 72
14 50 14 34 45 50
6 59 6 27 29 48 54 59
42 89 42 46 77 89
33 67 33 49 51 67
19 78 19 62 72 78
18 76 18 76
6 67 6 27 29 36 43 47 67
11 52 11 33 52
54 78 54 59 66 78
23 44 23 32 44
36 59 36 37 49 51 59
36 52 36 43 52
45 81 45 64 81
14 42 14 42
55 73 55 58 67 73
9 67 9 50 51 58 67
24 55 24 43 44 55
10 53 10 17 32 44 53
18 65 18 59 65
37 48 37 48
8 50 8 28 41 50
9 86 9 57 72 86
10 46 10 17 20 26 28 46
17 78 17 78
3 15 3 15
27 76 27 58 68 69 76
15 28 15 26 28
41 78 41 67 72 78
64 71 64 71
2 50 2 14 25 38 41 50
25 75 25 38 41 49 51 58 61 75
29 75 29 75
20 79 20 55 79
8 50 8 9 17 25 38 41 50
21 49 21 26 38 41 49
3 36 3 27 29 36
39 78 39 58 67 72 78
21 68 21 40 68
9 61 9 17 25 35 39 58 61
1 26 1 26
33 74 33 62 74
2 29 2 9 13 29
35 65 35 63 65
17 35 17 20 26 28 35
12 72 12 27 58 67 72
49 78 49 72 78
8 41 8 41
5 45 5 6 17 20 30 34 45
43 77 43 47 77
19 46 19 38 42 46
34 63 34 44 55 57 63
1 23 1 3 16 23
5 73 5 36 43 52 67 73
74 82 74 82
12 33 12 17 33
30 70 30 41 70
11 53 11 21 26 38 41 53
20 47 20 32 47
25 81 25 57 63 80 81
3 79 3 30 34 44 79
55 80 55 57 63 80
3 20 3 9 17 20
20 39 20 39
10 62 10 17 29 43 62
43 73 43 47 67 73
6 76 6 54 59 69 76
28 46 28 46
23 37 23 25 33 37
2 62 2 14 19 33 62
1 89 1 89
13 47 13 29 43 47
27 75 27 29 48 75
24 34 24 30 34
5 47 5 6 15 22 31 43 47
2 58 2 23 55 58
9 60 9 20 26 28 49 51 60
19 41 19 38 41
12 70 12 29 36 43 70
56 72 56 62 72
50 85 50 82 85
5 89 5 52 89
0 27 0 13 24 27
1 47 1 13 29 43 47
14 78 14 28 41 57 72 78
42 69 42 51 60 69
20 38 20 26 38
34 74 34 45 52 64 68 74
20 82 20 56 64 71 82
0 26 0 10 17 20 26
35 59 35 59
69 87 69 87
9 71 9 17 70 71
16 55 16 44 55
7 73 7 32 48 54 67 73
8 78 8 9 20 26 42 51 67 72 78
37 60 37 49 51 60
63 81 63 80 81
35 88 35 39 87 88
41 69 41 50 51 59 64 68 69
45 81 45 67 72 78 81
27 70 27 70
28 71 28 35 39 58 64 71
22 66 22 59 66
25 59 25 38 42 51 59
6 16 6 16
44 78 44 55 58 67 72 78
34 73 34 48 54 67 73
20 68 20 39 58 64 68
49 88 49 69 87 88
1 88 1 19 62 74 85 88
18 21 18 21
62 74 62 74
2 72 2 23 57 72
33 88 33 51 64 68 69 87 88
20 84 20 32 47 67 72 78 84
51 84 51 67 72 78 84
11 54 11 21 26 28 37 48 54
4 27 4 13 24 27
11 26 11 20 26
19 72 19 43 70 72
17 53 17 20 26 28 41 53
42 69 42 51 58 68 69
20 63 20 40 63
10 24 10 24
41 84 41 78 84
54 71 54 71
13 56 13 20 56
14 81 14 31 43 80 81
13 38 13 26 38
38 51 38 41 50 51
17 89 17 32 66 78 84 89
19 86 19 33 51 86
29 79 29 36 55 79
2 73 2 23 44 55 58 67 73
56 78 56 78
2 32 2 9 17 20 32
37 76 37 51 58 64 69 76
35 89 35 56 78 84 89
72 88 72 88
2 27 2 9 13 24 27
69 76 69 76
3 33 3 9 17 33
57 83 57 63 80 81 83
36 81 36 81
22 83 22 59 66 83
49 84 49 51 60 66 78 84
66 78 66 78
4 85 4 23 25 40 68 74 85
23 77 23 32 48 52 77
62 81 62 72 78 81
20 39 20 39
40 68 40 68
50 51 50 51
41 86 41 70 72 86
13 51 13 28 41 49 51
36 64 36 50 59 64
5 47 5 36 43 47
18 79 18 22 25 79
21 66 21 42 51 59 66
10 58 10 30 44 55 58
23 37 23 25 33 37
14 73 14 34 45 50 51 67 73
6 85 6 17 33 67 72 82 85
10 42 10 17 25 38 42
24 66 24 27 29 48 54 59 66
2 14 2 14
45 59 45 50 59
38 65 38 65
2 9 2 9
3 61 3 38 42 51 58 61
11 68 11 59 64 68
19 28 19 21 26 28
0 36 0 10 17 29 36
23 58 23 49 51 58
4 48 4 30 48
6 40 6 18 22 25 33 37 40
22 38 22 25 38
4 27 4 13 24 27
30 82 30 44 55 61 75 82
62 86 62 72 86
8 87 8 58 68 69 87
5 88 5 72 78 81 83 88
33 37 33 37
55 77 55 58 77
78 81 78 81
9 29 9 17 29
7 39 7 39
62 63 62 63
39 75 39 58 61 75
37 87 37 51 64 69 87
27 66 27 29 48 54 59 66
47 75 47 61 75
66 71 66 71
48 75 48 61 75
25 53 25 38 41 53
27 29 27 29
18 58 18 21 42 51 58
42 61 42 51 58 61
41 79 41 79
2 27 2 9 13 24 27
25 76 25 33 52 64 69 76
28 41 28 41
5 45 5 6 18 20 30 34 45
23 59 23 25 33 37 48 54 59
7 84 7 32 48 52 78 84
31 76 31 56 64 68 69 76
43 44 43 44
28 60 28 41 49 51 60
51 60 51 60
28 40 28 37 40
8 73 8 58 67 73
19 57 19 43 44 55 57
36 87 36 59 64 69 87
33 62 33 62
60 69 60 69
17 47 17 32 47
14 25 14 25
28 86 28 37 59 64 86
33 82 33 61 75 82
2 89 2 33 78 84 89
30 39 30 39
40 80 40 63 80
5 69 5 64 68 69
49 68 49 51 58 68
2 48 2 33 37 48
12 28 12 17 20 26 28
0 59 0 20 26 42 51 59
28 82 28 41 67 82
64 81 64 81
26 62 26 42 62
6 39 6 16 35 39
17 54 17 25 33 37 48 54
42 65 42 51 59 65
6 27 6 24 27
28 78 28 37 52 67 72 78
37 75 37 49 51 58 61 75
5 20 5 6 18 20
9 74 9 24 55 57 74
22 56 22 31 56
84 89 84 89
43 57 43 44 55 57
36 68 36 48 54 59 64 68
64 76 64 69 76
16 47 16 29 43 47
12 57 12 17 20 32 44 55 57
28 58 28 37 51 58
27 58 27 44 55 58
1 67 1 13 28 49 51 58 67
43 58 43 44 55 58
19 39 19 21 26 28 35 39
48 72 48 72
53 84 53 84
9 42 9 17 25 38 42
22 35 22 25 35
70 88 70 81 83 88
27 78 27 58 67 72 78
6 28 6 16 28
2 61 2 14 42 51 58 61
6 32 6 18 20 32
17 49 17 25 33 49
28 35 28 35
22 84 22 31 43 44 84
24 64 24 43 64
51 61 51 58 61
38 76 38 41 59 69 76
9 73 9 13 20 30 41 50 51 58 67 73
66 89 66 77 89
11 84 11 35 39 58 67 72 78 84
12 72 12 57 72
10 86 10 44 55 67 72 86
3 76 3 30 44 64 68 69 76
1 68 1 49 51 64 68
84 89 84 89
22 85 22 31 68 74 85
50 80 50 51 58 61 75 80
6 39 6 16 28 35 39
54 64 54 59 64
54 69 54 59 64 69
20 84 20 39 58 67 72 78 84
28 61 28 35 39 58 61
0 71 0 27 44 64 71
23 78 23 78
64 85 64 71 82 85
23 65 23 49 51 59 65
48 66 48 54 59 66
37 74 37 40 68 74
1 67 1 39 58 67
20 30 20 30
9 84 9 24 55 57 78 84
49 84 49 51 67 72 78 84
24 59 24 30 54 59
41 64 41 50 51 64
45 67 45 54 67
32 86 32 48 72 86
40 85 40 64 82 85
6 71 6 37 52 64 71
31 86 31 56 64 86
72 78 72 78
20 49 20 30 41 49
15 56 15 21 26 28 35 56
50 82 50 60 66 71 82
60 77 60 66 77
9 74 9 17 58 64 68 74
7 86 7 62 72 86
11 39 11 20 26 28 35 39
30 53 30 53
37 80 37 52 80
52 85 52 71 82 85
32 86 32 58 64 86
24 80 24 30 34 45 55 57 63 80
0 72 0 10 52 67 72
0 79 0 13 28 41 79
24 79 24 30 34 79
6 43 6 31 43
14 31 14 31
36 52 36 43 52
15 60 15 22 34 45 50 51 60
33 46 33 46
0 80 0 47 80
6 64 6 17 32 48 52 64
9 82 9 57 72 82
23 54 23 32 48 54
19 57 19 38 42 57
32 53 32 44 53
43 57 43 44 55 57
15 76 15 22 25 40 68 69 76
0 72 0 45 50 51 58 67 72
55 61 55 58 61
67 83 67 72 78 81 83
8 38 8 9 20 26 38
18 67 18 22 34 45 55 67
6 49 6 16 28 37 49
24 87 24 77 87
6 55 6 24 27 44 55
9 73 9 13 28 35 39 58 67 73
17 73 17 20 30 39 58 67 73
54 89 54 59 89
47 67 47 67
48 64 48 54 59 64
53 80 53 80
29 58 29 36 50 51 58
2 85 2 23 82 85
81 88 81 83 88
39 78 39 58 67 72 78
16 58 16 44 55 58
7 32 7 32
18 20 18 20
9 47 9 17 32 47
15 79 15 30 34 45 55 79
55 67 55 58 67
27 61 27 29 48 61
39 58 39 58
17 86 17 52 67 72 86
26 56 26 28 35 56
0 81 0 27 29 75 80 81
28 61 28 49 51 58 61
24 89 24 29 70 72 78 84 89
23 67 23 35 39 58 67
2 21 2 14 19 21
20 28 20 26 28
25 87 25 38 60 66 77 87
22 82 22 25 82
22 25 22 25
14 34 14 34
4 67 4 41 67
2 72 2 23 49 72
5 28 5 6 17 20 26 28
14 68 14 34 45 55 58 64 68
25 49 25 38 41 49
16 59 16 35 59
8 32 8 9 17 20 32
43 89 43 47 67 72 78 84 89
0 64 0 45 52 64
2 50 2 14 25 38 41 50
1 37 1 19 21 26 28 37
23 55 23 44 55
49 67 49 51 67
1 50 1 2 14 28 41 50
32 61 32 47 61
0 20 0 13 20
51 76 51 58 68 69 76
7 26 7 14 19 21 26
62 72 62 72
36 65 36 50 51 59 65
7 78 7 14 19 78
7 39 7 14 19 33 39
13 86 13 20 56 62 72 86
36 67 36 55 58 67
19 55 19 43 44 55
47 89 47 67 72 78 84 89
37 49 37 49
8 53 8 28 41 53
17 36 17 29 36
59 76 59 64 68 69 76
11 80 11 21 58 61 75 80
34 86 34 79 86
10 78 10 48 52 67 72 78
30 61 30 39 58 61
25 86 25 38 70 72 86
13 77 13 29 43 47 77
26 76 26 38 41 49 76
10 58 10 17 33 37 49 51 58
57 81 57 78 81
5 39 5 6 24 30 39
5 77 5 77
34 63 34 45 55 57 63
38 59 38 42 51 59
42 83 42 62 63 80 81 83
35 88 35 39 58 64 82 85 88
20 39 20 39
15 35 15 26 28 35
45 82 45 64 71 82
23 35 23 35
67 82 67 72 82
29 73 29 43 44 55 58 67 73
6 30 6 15 30
0 79 0 10 34 79
33 37 33 37
36 50 36 50
5 69 5 6 37 49 69
11 84 11 20 40 78 84
56 80 56 62 63 80
41 59 41 50 51 59
20 37 20 26 28 37
9 69 9 13 29 48 54 59 64 69
6 16 6 16
25 84 25 79 84
34 81 34 59 64 81
45 88 45 57 63 83 88
14 73 14 19 43 47 67 73
10 34 10 17 20 30 34
13 86 13 49 51 86
36 64 36 50 51 58 64
20 81 20 55 57 78 81
5 76 5 52 64 69 76
34 48 34 48
39 75 39 58 61 75
15 58 15 22 33 37 51 58
55 83 55 57 78 81 83
5 88 5 77 88
18 41 18 21 26 38 41
19 43 19 43
20 86 20 79 86
17 52 17 52
6 24 6 24
51 60 51 60
60 82 60 66 71 82
28 53 28 41 53
40 86 40 64 86
37 67 37 52 67
38 79 38 41 79
32 72 32 47 67 72
47 81 47 67 72 78 81
8 60 8 41 50 51 60
52 71 52 64 71
13 49 13 49
39 58 39 58
21 46 21 26 28 46
19 86 19 21 42 70 72 86
22 59 22 59
12 68 12 50 51 58 64 68
40 80 40 63 80
30 54 30 34 48 54
38 59 38 42 51 59
27 76 27 58 64 69 76
0 88 0 47 75 82 85 88
5 47 5 36 43 47
6 31 6 15 22 31
55 69 55 58 64 68 69
36 67 36 43 47 67
5 89 5 89
28 41 28 41
26 80 26 38 42 62 63 80
25 40 25 40
28 64 28 35 39 58 64
43 80 43 80
41 67 41 49 51 58 67
14 42 14 19 21 42
17 40 17 25 40
59 69 59 64 68 69
6 15 6 15
14 57 14 31 43 44 55 57
16 53 16 29 43 44 53
15 42 15 26 38 42
16 69 16 68 69
40 89 40 78 84 89
33 82 33 61 75 82
1 7 1 7
8 66 8 28 35 59 66
2 74 2 57 74
9 67 9 20 32 48 54 67
33 87 33 39 69 87
40 74 40 68 74
30 80 30 48 75 80
7 76 7 64 68 69 76
29 64 29 36 43 44 55 58 64
68 88 68 69 87 88
7 52 7 32 48 52
77 89 77 89
8 35 8 28 35
7 85 7 49 72 82 85
18 54 18 34 48 54
40 74 40 64 68 74
7 40 7 29 36 37 40
56 64 56 64
4 37 4 8 28 37
62 63 62 63
8 47 8 9 24 43 47
16 35 16 23 25 35
10 46 10 17 33 46
7 21 7 14 19 21
18 62 18 20 56 62
26 41 26 28 41
37 52 37 52
10 28 10 17 20 26 28
47 73 47 67 73
33 68 33 52 64 68
42 89 42 70 72 78 84 89
25 82 25 40 63 82
33 60 33 51 60
26 40 26 28 37 40
43 57 43 44 55 57
20 79 20 32 44 79
35 59 35 59
6 37 6 15 21 26 28 37
41 49 41 49
68 88 68 69 87 88
14 89 14 78 84 89
7 78 7 39 58 67 72 78
9 47 9 17 32 47
2 42 2 23 25 38 42
18 81 18 21 58 61 75 80 81
58 85 58 67 82 85
20 45 20 30 34 45
22 58 22 34 44 55 58
13 36 13 36
22 79 22 43 44 55 79
64 71 64 71
50 67 50 51 58 67
6 42 6 15 26 42
52 78 52 67 72 78
2 34 2 14 34
2 36 2 9 24 27 29 36
28 53 28 41 53
5 62 5 6 17 29 36 43 62
56 78 56 62 72 78
37 77 37 59 66 77
82 88 82 85 88
18 76 18 21 58 68 69 76
0 45 0 13 20 30 34 45
4 89 4 49 72 78 84 89
18 89 18 59 66 78 84 89
3 35 3 9 20 26 28 35
56 80 56 62 63 80
11 55 11 20 55
20 40 20 26 28 37 40
41 85 41 49 72 82 85
55 83 55 61 75 80 83
18 32 18 20 32
2 64 2 9 50 51 64
29 75 29 43 47 61 75
19 68 19 21 42 51 59 64 68
36 74 36 37 59 64 68 74
3 54 3 30 34 48 54
56 82 56 74 82
48 82 48 54 75 82
22 70 22 25 38 41 70
27 36 27 29 36
59 69 59 69
35 88 35 59 66 77 87 88
1 86 1 13 28 35 39 58 64 86
15 30 15 30
29 81 29 48 61 75 80 81
27 61 27 58 61
59 85 59 64 82 85
34 76 34 59 69 76
0 71 0 13 26 38 70 71
14 59 14 59
48 81 48 72 78 81
28 83 28 41 49 51 59 64 81 83
39 68 39 58 68
48 72 48 52 67 72
36 57 36 43 44 55 57
32 86 32 48 72 86
6 83 6 37 59 66 78 81 83
41 53 41 53
2 88 2 23 57 78 81 83 88
58 84 58 67 72 78 84
42 65 42 51 59 65
22 84 22 34 59 66 78 84
22 43 22 43
33 74 33 49 51 58 64 68 74
0 10 0 10
2 50 2 23 25 38 41 50
24 74 24 55 58 64 68 74
36 48 36 48
31 43 31 43
80 81 80 81
5 47 5 6 18 20 32 47
36 60 36 60
45 66 45 54 59 66
5 28 5 6 15 26 28
19 48 19 21 26 28 37 48
12 55 12 27 44 55
26 74 26 38 41 57 74
16 61 16 28 35 39 58 61
36 74 36 43 64 68 74
81 83 81 83
30 88 30 80 83 88
35 66 35 59 66
22 51 22 25 38 42 51
21 40 21 26 28 37 40
10 66 10 48 54 59 66
1 34 1 13 20 30 34
38 61 38 41 50 51 58 61
3 34 3 15 30 34
7 57 7 27 44 55 57
1 39 1 2 23 35 39
14 34 14 34
27 53 27 29 36 43 44 53
18 34 18 34
31 82 31 68 74 82
3 32 3 16 23 32
79 84 79 84
0 42 0 20 26 38 42
26 52 26 28 37 52
4 23 4 23
24 47 24 43 47
9 29 9 17 29
55 71 55 58 64 71
51 65 51 59 65
25 87 25 33 51 59 66 77 87
6 55 6 18 20 32 44 55
3 32 3 16 23 32
72 88 72 86 88
32 75 32 48 54 75
72 89 72 78 84 89
62 81 62 63 80 81
52 64 52 64
41 66 41 59 66
3 33 3 9 17 25 33
11 72 11 35 72
42 51 42 51
47 89 47 67 72 78 84 89
6 85 6 30 34 59 71 82 85
4 66 4 8 9 17 20 32 66
20 55 20 32 44 55
8 53 8 9 20 26 38 41 53
13 86 13 28 35 59 86
1 87 1 3 16 31 43 70 72 87
7 66 7 14 19 21 59 66
21 46 21 42 46
43 89 43 52 77 89
39 75 39 58 61 75
17 49 17 29 36 37 49
6 51 6 24 29 36 50 51
22 57 22 31 43 44 55 57
36 82 36 48 61 75 82
5 26 5 6 17 20 26
9 70 9 24 30 41 70
6 75 6 27 58 61 75
12 45 12 45
53 80 53 80
3 30 3 30
44 78 44 55 67 72 78
30 53 30 44 53
11 38 11 20 26 38
2 68 2 33 51 64 68
23 35 23 35
29 73 29 43 52 67 73
12 60 12 50 60
12 66 12 17 29 48 54 59 66
41 72 41 50 51 67 72
35 88 35 63 83 88
25 88 25 79 81 83 88
28 85 28 41 57 82 85
7 28 7 28
62 80 62 63 80
28 63 28 41 57 63
5 42 5 6 16 23 25 38 42
14 66 14 28 41 50 60 66
14 39 14 19 21 26 28 35 39
30 49 30 41 49
9 17 9 17
38 88 38 42 51 80 83 88
4 65 4 8 41 57 63 65
48 74 48 54 59 64 68 74
39 76 39 58 64 69 76
35 84 35 72 78 84
23 37 23 37
7 43 7 43
48 86 48 52 64 86
85 88 85 88
9 64 9 50 59 64
20 79 20 79
22 70 22 31 43 70
2 88 2 57 72 87 88
33 51 33 51
24 62 24 43 62
51 64 51 59 64
15 52 15 21 26 28 37 52
4 8 4 8
36 68 36 43 64 68
34 79 34 45 55 79
13 64 13 24 50 51 58 64
14 52 14 31 43 52
45 75 45 75
5 62 5 36 43 62
4 87 4 87
25 84 25 35 72 78 84
5 72 5 72
1 44 1 19 43 44
58 84 58 67 72 78 84
14 31 14 31
0 33 0 10 17 25 33
2 42 2 14 19 21 26 38 42
7 73 7 29 48 52 67 73
9 84 9 13 28 49 51 67 72 78 84
11 62 11 33 62
20 67 20 55 58 67
66 71 66 71
51 68 51 59 64 68
9 20 9 17 20
4 67 4 13 20 55 58 67
18 63 18 20 56 62 63
3 36 3 27 29 36
6 50 6 27 29 36 50
28 71 28 41 70 71
35 84 35 39 58 67 72 78 84
30 88 30 80 81 83 88
33 78 33 52 67 72 78
22 54 22 33 37 48 54
30 45 30 34 45
15 22 15 22
61 88 61 75 82 85 88
64 71 64 71
3 32 3 9 13 20 32
32 44 32 44
23 25 23 25
24 34 24 30 34
1 53 1 7 43 44 53
3 83 3 14 34 45 83
6 88 6 88
0 33 0 10 17 25 33
3 40 3 15 26 28 37 40
50 67 50 51 58 67
22 88 22 25 79 84 88
28 41 28 41
20 60 20 30 34 45 50 51 60
1 76 1 37 49 51 59 64 68 69 76
19 39 19 33 39
22 75 22 43 44 55 61 75
26 80 26 28 41 53 80
42 83 42 70 81 83
29 67 29 36 55 67
39 81 39 58 64 81
29 66 29 48 54 59 66
10 82 10 30 44 64 71 82
2 62 2 33 62
24 49 24 27 29 36 37 49
18 51 18 21 26 38 41 49 51
55 71 55 58 64 71
25 82 25 82
42 65 42 62 65
41 57 41 57
27 72 27 72
36 44 36 43 44
58 67 58 67
58 78 58 67 72 78
9 41 9 17 25 38 41
6 84 6 54 67 72 78 84
32 55 32 44 55
10 86 10 17 20 40 64 86
35 72 35 56 62 72
1 40 1 26 28 37 40
5 52 5 52
33 78 33 51 59 66 78
44 55 44 55
20 32 20 32
20 77 20 32 66 77
72 86 72 86
42 75 42 51 58 61 75
45 67 45 67
51 88 51 67 72 87 88
10 86 10 24 43 52 64 86
17 59 17 20 32 48 54 59
10 77 10 34 48 52 77
17 56 17 20 56
49 75 49 51 58 61 75
1 76 1 39 58 68 69 76
40 85 40 68 74 85
51 71 51 59 66 71
34 65 34 59 65
22 85 22 59 66 71 82 85
45 74 45 55 57 74
8 58 8 58
34 59 34 59
26 51 26 38 41 50 51
22 41 22 25 38 41
15 77 15 22 43 47 77
12 25 12 17 25
78 84 78 84
14 59 14 28 35 59
48 66 48 54 59 66
1 2 1 2
17 32 17 32
62 65 62 63 65
16 61 16 44 55 58 61
39 76 39 76
18 32 18 20 32
17 69 17 33 37 40 68 69
13 82 13 20 66 71 82
17 42 17 20 26 42
51 86 51 67 72 86
3 37 3 37
20 66 20 30 41 49 51 59 66
14 80 14 19 56 62 63 80
49 75 49 51 58 61 75
49 88 49 69 87 88
8 61 8 34 48 61
14 52 14 28 37 48 52
3 9 3 9
59 64 59 64
13 44 13 20 30 44
6 54 6 54
12 37 12 37
54 82 54 59 71 82
55 71 55 58 64 71
11 62 11 35 56 62
29 69 29 48 52 64 68 69
5 17 5 6 17
29 75 29 43 47 61 75
6 85 6 16 40 85
12 69 12 29 36 50 51 58 68 69
27 59 27 29 48 54 59
12 37 12 17 25 33 37
3 72 3 27 72
44 79 44 55 79
7 65 7 49 51 59 65
2 43 2 9 17 29 43
45 88 45 57 78 84 88
38 42 38 42
36 68 36 59 64 68
15 35 15 26 28 35
2 14 2 14
16 71 16 29 70 71
1 39 1 7 28 35 39
34 73 34 44 73
9 79 9 20 32 44 79
21 66 21 59 66
4 43 4 13 36 43
13 49 13 20 30 41 49
59 78 59 66 78
37 85 37 52 71 82 85
19 21 19 21
69 76 69 76
36 59 36 59
10 77 10 24 43 52 77
33 51 33 37 49 51
54 73 54 73
43 73 43 47 67 73
20 44 20 30 34 44
12 81 12 50 59 66 78 81
36 88 36 81 83 88
5 42 5 6 16 38 42
21 35 21 26 28 35
34 73 34 44 73
28 58 28 41 50 51 58
71 82 71 82
25 86 25 79 86
2 87 2 56 62 72 87
27 72 27 44 55 57 72
2 78 2 9 57 72 78
13 65 13 29 43 65
1 39 1 3 9 20 30 39
0 88 0 13 29 48 88
51 80 51 58 61 75 80
43 84 43 52 78 84
19 62 19 38 42 62
0 50 0 13 20 26 38 41 50
2 73 2 23 55 67 73
12 25 12 17 25
87 88 87 88
19 21 19 21
62 83 62 72 78 81 83
25 49 25 38 41 49
29 58 29 36 37 51 58
42 57 42 57
5 42 5 6 16 23 25 38 42
32 89 32 53 77 89
28 40 28 37 40
31 76 31 68 69 76
21 60 21 42 51 60
43 74 43 64 68 74
9 74 9 24 30 48 54 59 64 68 74
79 84 79 84
7 21 7 14 19 21
16 35 16 23 25 35
21 86 21 58 64 86
26 67 26 38 42 51 58 67
14 66 14 28 49 51 60 66
8 81 8 62 63 80 81
26 56 26 28 35 56
30 61 30 44 55 61
32 58 32 58
34 73 34 45 73
17 42 17 20 26 38 42
71 88 71 88
80 83 80 83
58 87 58 77 87
3 43 3 14 19 43
15 30 15 30
15 58 15 26 38 41 49 51 58
44 72 44 55 57 72
16 82 16 28 35 63 82
43 72 43 70 72
44 78 44 55 58 67 72 78
12 72 12 17 29 70 72
29 43 29 43
29 58 29 36 37 51 58
11 70 11 20 26 42 70
62 63 62 63
37 82 37 48 54 75 82
32 83 32 66 83
87 88 87 88
6 42 6 18 20 26 42
8 61 8 28 41 49 51 58 61
22 57 22 43 44 55 57
14 89 14 31 56 62 72 78 84 89
1 9 1 2 9
11 35 11 20 26 28 35
26 46 26 28 46
6 64 6 17 29 36 43 52 64
5 73 5 6 31 43 47 67 73
0 47 0 20 32 47
70 89 70 72 78 84 89
27 78 27 58 67 72 78
20 52 20 32 48 52
41 69 41 50 59 64 69
35 65 35 65
22 88 22 31 56 82 85 88
44 76 44 55 58 64 69 76
20 71 20 30 44 64 71
35 89 35 72 78 84 89
23 48 23 32 48
42 72 42 70 72
15 28 15 26 28
57 88 57 78 81 83 88
25 60 25 38 42 51 60
68 76 68 69 76
32 63 32 44 55 57 63
11 64 11 35 59 64
32 81 32 47 80 81
4 49 4 8 41 49
79 83 79 81 83
7 50 7 29 36 50
3 79 3 14 28 41 79
33 46 33 46
16 73 16 29 36 55 58 67 73
20 63 20 30 41 57 63
2 21 2 14 19 21
1 54 1 7 14 28 37 48 54
10 36 10 17 29 36
43 52 43 52
4 8 4 8
16 23 16 23
56 89 56 78 84 89
7 77 7 27 29 48 52 77
29 51 29 36 37 51
6 51 6 24 27 29 36 50 51
0 59 0 24 30 34 48 54 59
23 88 23 87 88
4 67 4 13 29 48 52 67
13 60 13 29 36 50 60
2 71 2 23 55 58 64 71
27 59 27 29 36 48 54 59
4 65 4 49 51 59 65
36 74 36 55 57 74
0 34 0 20 30 34
21 73 21 26 73
11 53 11 21 26 38 41 53
6 77 6 54 59 77
14 50 14 19 38 41 50
25 63 25 38 42 62 63
26 63 26 42 57 63
32 76 32 58 68 69 76
67 82 67 72 82
26 51 26 42 51
11 83 11 64 81 83
5 53 5 6 16 44 53
34 76 34 48 54 59 69 76
7 14 7 14
33 49 33 49
32 63 32 44 55 57 63
17 43 17 29 43
14 34 14 34
9 77 9 50 59 66 77
0 20 0 10 17 20
17 56 17 25 35 56
30 87 30 41 59 64 68 69 87
35 72 35 39 58 67 72
36 67 36 55 67
54 80 54 75 80
58 80 58 61 75 80
17 71 17 70 71
58 80 58 61 75 80
24 68 24 55 58 64 68
18 76 18 76
32 53 32 44 53
13 76 13 68 69 76
23 85 23 44 55 67 72 82 85
25 66 25 38 60 66
1 32 1 2 9 13 20 32
6 26 6 15 21 26
40 65 40 63 65
20 88 20 88
63 65 63 65
29 80 29 75 80
56 86 56 64 86
5 85 5 64 82 85
49 78 49 72 78
30 75 30 41 49 51 58 61 75
14 19 14 19
36 44 36 43 44
33 52 33 52
17 35 17 20 26 28 35
28 35 28 35
8 49 8 41 49
23 83 23 55 67 72 78 81 83
41 84 41 57 78 84
59 85 59 64 68 74 85
8 39 8 28 35 39
0 26 0 20 26
30 87 30 39 58 68 69 87
15 52 15 21 26 28 37 48 52
1 32 1 3 9 20 32
28 81 28 35 56 78 81
7 50 7 29 36 50
24 34 24 30 34
15 82 15 30 54 75 82
7 61 7 29 43 47 61
30 63 30 44 55 57 63
57 78 57 78
25 60 25 38 41 50 60
47 67 47 67
6 69 6 37 52 64 69
8 32 8 9 20 32
35 72 35 72
45 54 45 54
17 43 17 29 36 43
29 78 29 48 54 59 66 78
79 84 79 84
22 35 22 25 35
34 86 34 44 64 86
23 62 23 35 56 62
39 67 39 58 67
33 68 33 37 52 64 68
30 41 30 41
2 46 2 9 17 33 46
27 66 27 29 36 60 66
3 78 3 16 31 43 52 67 72 78
56 80 56 62 63 80
58 64 58 64
4 49 4 49
42 58 42 51 58
0 10 0 10
13 85 13 74 85
34 79 34 44 79
49 76 49 51 59 64 68 69 76
23 81 23 44 78 81
10 59 10 30 34 48 54 59
40 89 40 78 84 89
55 72 55 67 72
20 40 20 26 28 37 40
20 84 20 30 41 70 72 78 84
39 65 39 65
36 53 36 43 44 53
5 46 5 6 15 26 42 46
16 73 16 35 39 58 67 73
11 62 11 35 56 62
74 82 74 82
39 65 39 65
6 84 6 16 29 36 55 79 84
17 57 17 29 43 44 55 57
35 75 35 39 58 61 75
25 57 25 57
2 81 2 78 81
13 32 13 20 32
3 33 3 15 22 33
6 18 6 18
11 21 11 21
7 63 7 14 34 44 55 57 63
15 30 15 30
2 83 2 23 57 72 78 81 83
6 16 6 16
3 78 3 15 58 67 72 78
27 53 27 44 53
80 83 80 81 83
20 60 20 30 34 45 50 51 60
24 55 24 29 43 44 55
30 88 30 53 88
20 56 20 56
0 20 0 13 20
1 26 1 26
41 79 41 79
41 49 41 49
6 88 6 15 22 43 44 53 77 88
32 55 32 44 55
12 81 12 72 78 81
29 60 29 36 37 49 51 60
18 68 18 20 32 44 55 58 64 68
36 53 36 43 44 53
72 89 72 78 84 89
40 86 40 64 86
68 74 68 74
56 74 56 74
2 83 2 14 70 81 83
21 42 21 26 38 42
34 86 34 59 86
13 68 13 64 68
6 71 6 44 64 71
60 83 60 66 78 81 83
50 84 50 51 67 72 78 84
12 75 12 37 51 58 61 75
1 43 1 13 36 43
30 50 30 34 45 50
28 63 28 35 63
41 84 41 57 78 84
4 76 4 69 76
20 86 20 56 62 72 86
15 82 15 30 41 50 59 71 82
0 34 0 10 24 30 34
32 54 32 48 54
1 68 1 19 43 64 68
86 88 86 88
10 60 10 30 34 45 50 51 60
66 78 66 78
12 27 12 24 27
13 56 13 28 35 56
6 27 6 27
17 47 17 32 47
14 60 14 25 38 41 49 51 60
35 76 35 56 64 69 76
14 59 14 34 45 50 59
7 88 7 14 28 46 77 87 88
31 65 31 56 62 65
5 75 5 36 43 47 75
23 84 23 49 72 78 84
12 24 12 24
10 38 10 17 20 26 38
23 79 23 25 38 41 79
36 37 36 37
27 57 27 44 55 57
24 30 24 30
7 51 7 27 29 36 37 49 51
32 55 32 44 55
64 85 64 71 82 85
12 20 12 17 20
77 87 77 87
41 83 41 59 66 83
7 89 7 89
37 77 37 77
42 76 42 51 59 64 68 69 76
8 81 8 28 64 81
37 72 37 72
9 64 9 20 39 58 64
51 81 51 58 67 72 78 81
59 69 59 69
24 83 24 83
22 43 22 31 43
58 77 58 77
8 29 8 9 17 29
40 69 40 64 69
40 64 40 64
11 79 11 21 26 55 79
5 62 5 36 43 62
49 69 49 51 59 69
1 32 1 3 9 17 20 32
33 83 33 67 72 78 81 83
26 42 26 38 42
23 83 23 49 72 78 81 83
13 45 13 24 30 34 45
47 80 47 61 75 80
41 76 41 59 64 68 69 76
42 83 42 57 63 83
16 74 16 35 59 64 68 74
30 82 30 44 55 61 75 82
45 52 45 52
2 80 2 56 62 63 80
22 58 22 33 51 58
36 53 36 43 44 53
1 48 1 19 21 26 28 37 48
64 76 64 69 76
48 82 48 61 75 82
25 54 25 33 37 48 54
22 87 22 43 47 67 72 87
53 77 53 77
20 65 20 56 62 63 65
51 59 51 59
48 66 48 54 59 66
61 81 61 75 80 81
0 89 0 13 49 51 60 66 77 89
20 79 20 26 28 41 79
23 55 23 44 55
19 66 19 21 59 66
45 54 45 54
2 23 2 23
34 73 34 48 52 67 73
44 83 44 78 81 83
55 76 55 58 68 69 76
35 56 35 56
55 72 55 67 72
55 58 55 58
9 50 9 13 26 28 41 50
47 67 47 67
10 45 10 30 34 45
22 79 22 43 44 55 79
7 87 7 43 44 55 57 72 87
58 64 58 64
27 43 27 29 36 43
31 69 31 56 64 68 69
30 87 30 54 67 72 87
67 89 67 72 78 84 89
4 42 4 8 9 20 26 38 42
5 84 5 6 40 78 84
35 65 35 65
19 35 19 21 26 28 35
29 78 29 36 66 78
50 67 50 51 67
15 42 15 26 38 42
10 46 10 17 25 33 46
0 35 0 10 17 25 35
22 52 22 31 43 52
45 75 45 55 61 75
14 52 14 31 43 52
39 76 39 69 76
9 20 9 20
36 71 36 48 52 64 71
20 59 20 26 28 41 59
21 60 21 42 51 60
13 28 13 28
66 78 66 78
15 37 15 22 33 37
12 87 12 37 77 87
1 39 1 2 9 17 25 35 39
3 76 3 38 42 51 58 68 69 76
13 85 13 60 82 85
6 33 6 17 33
47 77 47 77
3 34 3 15 30 34
3 86 3 38 42 62 72 86
13 24 13 24
4 41 4 41
15 53 15 26 28 41 53
21 77 21 26 38 60 66 77
38 73 38 42 51 67 73
17 60 17 25 38 60
33 69 33 37 51 64 68 69
41 63 41 57 63
22 34 22 34
8 38 8 9 13 26 38
26 65 26 55 57 63 65
84 89 84 89
58 61 58 61
40 80 40 63 80
20 55 20 55
25 61 25 33 61
3 27 3 27
22 43 22 43
71 88 71 82 85 88
12 74 12 27 29 43 52 64 68 74
40 64 40 64
15 74 15 26 38 42 62 74
62 74 62 74
16 73 16 29 48 54 73
10 82 10 44 64 71 82
4 35 4 8 28 35
51 59 51 59
21 50 21 26 28 41 50
34 44 34 44
45 69 45 52 64 68 69
2 21 2 14 19 21
49 72 49 51 67 72
67 89 67 72 78 84 89
52 78 52 67 72 78
33 54 33 37 48 54
12 26 12 17 20 26
4 48 4 8 9 20 32 48
8 56 8 9 17 20 56
82 85 82 85
6 56 6 31 56
13 36 13 36
19 86 19 38 70 86
22 61 22 34 48 61
1 68 1 19 21 26 28 64 68
16 80 16 31 56 62 63 80
59 69 59 69
43 72 43 47 67 72
30 80 30 80
8 54 8 28 37 48 54
62 65 62 65
23 49 23 25 38 41 49
72 86 72 86
7 42 7 14 42
0 10 0 10
2 32 2 9 20 32
0 24 0 10 24
33 82 33 39 58 61 75 82
2 78 2 14 19 38 70 72 78
37 75 37 49 51 58 61 75
30 34 30 34
29 77 29 43 47 77
31 65 31 43 44 55 57 63 65
12 37 12 29 36 37
16 33 16 23 25 33
24 52 24 27 29 48 52
29 72 29 48 72
59 86 59 64 86
40 85 40 64 82 85
27 48 27 29 48
49 69 49 69
28 66 28 37 48 54 59 66
40 71 40 64 71
22 75 22 25 33 61 75
4 86 4 70 86
41 83 41 67 72 78 81 83
35 63 35 63
67 89 67 72 78 84 89
51 71 51 59 64 71
15 60 15 21 26 42 51 60
37 52 37 52
25 88 25 33 72 87 88
8 84 8 40 78 84
8 52 8 28 37 52
20 88 20 88
36 65 36 55 57 63 65
9 64 9 20 40 64
4 8 4 8
3 64 3 30 48 52 64
50 80 50 51 80
42 64 42 51 59 64
2 82 2 14 19 38 60 66 71 82
75 82 75 82
10 61 10 48 61
62 86 62 72 86
16 68 16 28 35 39 58 68
43 58 43 44 55 58
10 47 10 17 20 32 47
1 67 1 3 30 41 50 51 67
32 73 32 58 67 73
34 52 34 45 52
12 17 12 17
10 26 10 17 20 26
51 88 51 80 81 83 88
8 66 8 41 50 60 66
2 61 2 23 37 49 51 58 61
2 64 2 56 64
4 62 4 8 62
45 74 45 54 59 64 68 74
20 44 20 32 44
5 63 5 6 24 55 57 63
25 81 25 81
40 63 40 63
15 40 15 26 28 37 40
14 50 14 28 41 50
56 89 56 78 84 89
13 49 13 29 36 37 49
22 25 22 25
25 42 25 38 42
21 71 21 42 70 71
51 59 51 59
44 72 44 55 67 72
51 61 51 58 61
19 56 19 21 26 28 35 56
44 85 44 64 71 82 85
2 87 2 56 64 68 69 87
25 66 25 35 59 66
34 63 34 45 55 57 63
55 86 55 79 86
23 57 23 32 44 55 57
7 40 7 29 36 37 40
6 43 6 27 29 36 43
32 75 32 58 61 75
25 61 25 33 49 51 58 61
17 63 17 32 44 55 57 63
29 57 29 36 55 57
56 86 56 64 86
5 57 5 6 15 26 55 57
2 28 2 14 28
18 81 18 21 58 67 72 78 81
15 26 15 21 26
5 63 5 36 55 57 63
58 77 58 77
37 74 37 59 64 68 74
45 69 45 52 64 68 69
8 37 8 28 37
12 53 12 17 20 32 44 53
5 64 5 64
15 67 15 58 67
8 56 8 28 35 56
63 83 63 83
35 56 35 56
64 71 64 71
33 78 33 51 60 66 78
2 49 2 23 25 33 49
14 33 14 25 33
82 88 82 85 88
1 49 1 2 14 25 38 41 49
41 79 41 79
28 85 28 41 70 72 82 85
48 81 48 52 67 72 78 81
27 61 27 44 55 61
16 36 16 29 36
8 54 8 9 20 30 54
39 65 39 65
50 85 50 82 85
55 58 55 58
1 47 1 7 43 47
27 61 27 29 36 37 51 58 61
75 80 75 80
34 55 34 44 55
5 57 5 36 43 44 55 57
27 76 27 29 36 37 76
3 13 3 9 13
0 33 0 10 17 25 33
33 52 33 52
55 58 55 58
16 89 16 40 89
58 78 58 67 72 78
49 78 49 51 60 66 78
42 65 42 62 63 65
10 77 10 34 59 77
20 58 20 55 58
63 83 63 80 83
1 40 1 7 28 37 40
41 57 41 57
16 29 16 29
3 13 3 9 13
66 81 66 78 81
22 73 22 31 43 44 55 58 67 73
42 64 42 51 64
64 87 64 68 69 87
42 81 42 51 59 66 78 81
47 81 47 61 75 80 81
8 63 8 62 63
29 60 29 36 37 51 60
12 80 12 17 20 26 28 41 57 63 80
4 58 4 23 55 58
14 50 14 34 45 50
18 35 18 21 26 28 35
63 83 63 83
22 89 22 25 35 72 78 84 89
27 79 27 44 55 79
17 68 17 58 64 68
11 79 11 20 32 44 55 79
12 44 12 17 20 32 44
20 87 20 66 77 87
56 68 56 64 68
25 42 25 38 42
41 59 41 50 51 59
6 17 6 17
4 77 4 41 49 51 60 66 77
60 78 60 66 78
2 78 2 9 13 24 50 60 66 78
9 42 9 17 25 38 42
10 85 10 34 48 52 71 82 85
1 30 1 2 9 13 24 30
7 63 7 57 63
31 88 31 56 74 85 88
4 56 4 13 28 35 56
45 55 45 55
8 88 8 58 64 81 83 88
31 76 31 68 69 76
33 73 33 39 58 67 73
35 56 35 56
58 82 58 61 75 82
44 53 44 53
7 52 7 32 48 52
19 66 19 21 26 42 51 60 66
31 65 31 43 44 55 57 63 65
6 49 6 30 41 49
66 77 66 77
19 69 19 33 49 51 60 69
71 82 71 82
37 40 37 40
43 65 43 65
6 83 6 27 70 72 78 81 83
56 80 56 62 63 80
5 26 5 6 15 21 26
32 73 32 44 55 67 73
64 71 64 71
15 46 15 21 26 28 46
37 65 37 59 65
43 53 43 44 53
8 74 8 28 41 59 64 68 74
2 29 2 9 13 29
32 86 32 44 55 57 72 86
20 77 20 32 44 55 58 77
3 83 3 58 64 81 83
8 47 8 9 17 20 32 47
64 88 64 71 82 85 88
10 17 10 17
21 75 21 42 51 58 61 75
33 73 33 52 67 73
17 60 17 33 51 60
47 81 47 61 75 80 81
8 88 8 28 41 53 80 81 83 88
8 73 8 34 48 54 67 73
50 51 50 51
31 69 31 43 44 64 69
67 81 67 72 78 81
24 50 24 27 29 36 50
17 71 17 58 64 71
4 69 4 69
4 87 4 23 32 66 77 87
17 25 17 25
2 48 2 33 37 48
20 28 20 26 28
12 50 12 27 29 36 50
41 60 41 49 51 60
5 44 5 36 43 44
8 39 8 28 35 39
20 56 20 56
9 62 9 62
10 61 10 44 55 61
23 38 23 25 38
32 77 32 48 54 59 77
6 55 6 27 44 55
51 58 51 58
28 64 28 41 59 64
16 42 16 38 42
52 68 52 64 68
40 76 40 64 68 69 76
24 62 24 29 43 62
0 42 0 13 20 26 38 42
14 59 14 28 49 51 59
15 26 15 26
32 47 32 47
58 76 58 68 69 76
15 42 15 26 38 42
4 78 4 13 28 37 51 67 72 78
5 75 5 75
34 60 34 45 50 60
42 58 42 51 58
1 7 1 7
39 58 39 58
40 64 40 64
35 89 35 56 78 84 89
7 84 7 39 58 67 72 78 84
12 56 12 17 25 35 56
52 83 52 67 72 78 81 83
8 51 8 28 37 49 51
41 83 41 63 83
14 70 14 31 43 70
19 71 19 43 44 55 58 64 71
48 75 48 75
6 63 6 27 44 55 57 63
27 69 27 44 55 58 68 69
33 40 33 37 40
16 53 16 38 41 53
24 39 24 30 39
40 71 40 64 71
29 53 29 36 43 44 53
13 84 13 84
9 47 9 13 29 36 43 47
9 41 9 17 25 38 41
67 73 67 73
7 40 7 28 37 40
4 88 4 49 69 87 88
59 82 59 71 82
24 77 24 50 51 59 77
28 52 28 37 52
67 88 67 72 88
12 61 12 44 55 61
11 52 11 20 32 48 52
2 65 2 14 28 49 51 59 65
23 42 23 25 38 42
17 38 17 20 26 38
8 29 8 9 17 29
25 75 25 35 39 58 61 75
3 78 3 16 29 70 72 78
79 84 79 84
7 42 7 42
32 54 32 48 54
45 58 45 55 58
67 83 67 72 78 81 83
13 72 13 72
45 74 45 54 59 64 68 74
18 33 18 22 25 33
5 36 5 36
45 82 45 54 75 82
45 68 45 64 68
11 54 11 21 26 28 37 48 54
66 78 66 78
8 62 8 28 35 56 62
28 69 28 41 50 59 64 69
40 63 40 63
2 85 2 14 31 43 62 63 82 85
8 88 8 40 78 81 83 88
55 73 55 67 73
32 83 32 48 52 67 72 78 81 83
12 66 12 66
61 75 61 75
66 89 66 77 89
5 39 5 6 30 39
25 33 25 33
14 28 14 28
33 67 33 37 49 51 67
36 50 36 50
36 51 36 37 49 51
18 31 18 22 31
24 39 24 30 39
9 79 9 20 30 44 55 79
23 57 23 32 44 55 57
8 88 8 28 87 88
35 72 35 72
25 51 25 38 42 51
9 71 9 13 64 71
13 71 13 49 51 64 71
48 64 48 52 64
32 55 32 44 55
38 79 38 41 79
41 86 41 57 72 86
23 38 23 25 38
79 89 79 84 89
31 84 31 56 62 72 78 84
20 67 20 55 58 67
24 52 24 43 52
15 46 15 21 26 42 46
10 34 10 34
6 88 6 37 48 72 82 85 88
7 87 7 64 69 87
56 68 56 64 68
23 46 23 25 38 42 46
36 83 36 43 64 81 83
5 64 5 64
32 79 32 44 79
13 83 13 24 83
17 34 17 20 30 34
32 80 32 58 61 75 80
10 70 10 17 29 43 70
41 64 41 49 51 64
28 82 28 68 74 82
33 63 33 37 40 63
2 23 2 23
55 58 55 58
18 33 18 22 25 33
33 83 33 72 78 81 83
22 89 22 59 89
80 83 80 81 83
44 58 44 55 58
6 88 6 30 53 84 88
30 87 30 39 87
37 81 37 40 63 80 81
25 61 25 33 49 51 58 61
36 72 36 37 72
20 70 20 26 42 70
40 89 40 89
13 85 13 60 82 85
5 39 5 6 18 20 26 28 35 39
17 26 17 20 26
10 48 10 48
17 29 17 29
55 57 55 57
55 58 55 58
10 46 10 17 20 26 38 42 46
7 77 7 28 37 59 77
21 56 21 26 28 35 56
19 69 19 56 64 68 69
2 24 2 9 13 24
44 83 44 64 81 83
20 40 20 40
37 65 37 49 51 59 65
5 41 5 6 18 20 30 41
62 88 62 72 78 81 83 88
69 76 69 76
5 76 5 36 60 69 76
63 81 63 80 81
57 72 57 72
41 76 41 59 64 69 76
4 48 4 30 34 48
51 71 51 64 71
25 40 25 40
34 79 34 45 55 79
63 85 63 82 85
51 84 51 59 66 78 84
9 69 9 50 51 59 64 69
23 33 23 25 33
25 87 25 35 39 58 77 87
11 79 11 20 30 41 79
36 66 36 37 59 66
84 89 84 89
54 67 54 67
9 29 9 17 29
66 89 66 77 89
0 73 0 27 44 73
1 64 1 19 33 52 64
5 73 5 36 37 49 51 58 67 73
7 60 7 27 29 36 50 60
36 83 36 81 83
34 77 34 59 77
32 76 32 44 64 68 69 76
19 33 19 33
0 42 0 13 26 38 42
6 25 6 16 23 25
6 86 6 37 52 64 86
0 76 0 20 30 41 49 51 59 69 76
22 59 22 59
7 70 7 14 42 70
58 78 58 67 72 78
56 64 56 64
21 80 21 26 80
7 42 7 42
24 77 24 77
8 50 8 34 45 50
45 78 45 52 78
50 51 50 51
3 9 3 9
2 52 2 33 52
11 34 11 20 30 34
54 75 54 75
41 70 41 70
26 89 26 67 72 78 84 89
42 83 42 62 63 83
16 61 16 23 35 39 58 61
75 83 75 80 81 83
8 37 8 28 37
16 29 16 29
23 81 23 57 78 81
0 24 0 24
13 72 13 49 72
12 50 12 50
13 82 13 28 82
23 84 23 35 72 78 84
9 17 9 17
21 86 21 58 64 86
67 72 67 72
50 77 50 59 77
14 89 14 34 59 89
4 26 4 13 20 26
5 88 5 6 17 29 43 52 78 84 88
28 40 28 37 40
52 85 52 67 82 85
12 56 12 17 25 35 56
14 21 14 19 21
60 78 60 66 78
45 64 45 64
54 69 54 59 69
32 76 32 48 54 59 64 68 69 76
6 56 6 15 22 31 56
44 79 44 55 79
50 82 50 82
58 80 58 61 75 80
51 69 51 64 68 69
2 86 2 33 39 58 67 72 86
4 79 4 8 34 45 55 79
1 48 1 3 14 28 37 48
63 81 63 80 81
36 57 36 43 44 55 57
21 56 21 26 28 35 56
15 60 15 22 33 51 60
34 88 34 86 88
54 66 54 59 66
25 82 25 63 82
9 56 9 13 26 28 35 56
42 61 42 51 58 61
5 63 5 6 30 41 57 63
30 73 30 39 58 67 73
48 88 48 54 86 88
37 60 37 49 51 60
2 43 2 14 19 43
12 73 12 73
14 25 14 25
58 64 58 64
14 57 14 19 38 41 57
17 35 17 25 35
29 48 29 36 48
5 44 5 6 27 29 43 44
14 67 14 25 35 39 58 67
14 57 14 34 44 55 57
25 63 25 63
58 82 58 64 82
42 70 42 70
41 70 41 70
3 43 3 14 19 43
43 65 43 44 55 57 63 65
8 9 8 9
53 84 53 84
3 82 3 30 34 59 71 82
55 86 55 57 72 86
8 52 8 9 17 33 37 48 52
6 79 6 16 23 44 55 79
20 56 20 56
8 30 8 9 13 20 30
0 20 0 20
26 42 26 38 42
25 74 25 33 52 64 68 74
34 69 34 48 52 64 69
10 78 10 34 59 66 78
29 43 29 43
5 53 5 6 18 20 26 28 41 53
2 21 2 14 19 21
23 66 23 32 48 54 59 66
67 86 67 72 86
4 45 4 13 20 30 34 45
41 84 41 59 66 78 84
42 61 42 51 58 61
28 87 28 87
19 48 19 21 26 28 37 48
29 60 29 36 50 51 60
38 60 38 42 51 60
5 36 5 36
14 56 14 25 35 56
13 28 13 28
50 71 50 51 58 64 71
23 37 23 25 33 37
42 66 42 51 60 66
35 66 35 59 66
19 74 19 21 58 68 74
49 80 49 51 80
25 42 25 38 42
25 35 25 35
87 88 87 88
23 77 23 49 51 58 77
37 82 37 48 75 82
26 58 26 38 42 51 58
3 31 3 14 31
7 65 7 62 65
12 27 12 27
0 80 0 45 57 63 80
5 50 5 36 50
4 45 4 13 20 30 34 45
22 83 22 34 79 83
62 83 62 63 80 83
41 64 41 50 51 58 64
28 46 28 46
44 69 44 64 68 69
22 77 22 59 77
24 62 24 27 29 36 43 62
15 56 15 21 26 28 35 56
29 61 29 48 61
21 68 21 26 28 64 68
14 21 14 19 21
51 75 51 58 61 75
20 81 20 40 64 81
25 86 25 79 86
13 71 13 60 66 71
22 89 22 43 47 67 72 78 84 89
47 73 47 67 73
11 42 11 21 42
3 79 3 15 21 26 38 41 79
36 43 36 43
3 72 3 30 48 72
0 13 0 13
24 64 24 29 48 54 59 64
72 88 72 88
50 84 50 59 66 78 84
24 78 24 29 48 72 78
29 43 29 43
66 78 66 78
11 80 11 33 62 63 80
6 66 6 15 21 26 42 51 60 66
29 81 29 43 47 67 72 78 81
2 58 2 14 28 49 51 58
6 40 6 17 33 37 40
37 64 37 40 64
17 86 17 33 51 67 72 86
81 88 81 83 88
37 59 37 59
7 64 7 14 59 64
1 30 1 3 30
25 76 25 33 51 58 64 69 76
28 46 28 46
13 32 13 20 32
34 74 34 45 57 74
41 80 41 50 51 80
64 74 64 68 74
21 77 21 26 38 60 66 77
10 51 10 17 25 38 42 51
40 86 40 64 86
8 41 8 41
25 85 25 82 85
14 25 14 25
50 81 50 60 66 78 81
9 27 9 24 27
5 79 5 6 31 43 44 55 79
43 87 43 47 77 87
10 26 10 17 20 26
1 39 1 26 28 35 39
40 76 40 68 69 76
32 61 32 44 55 58 61
7 28 7 28
38 76 38 60 69 76
4 37 4 23 25 33 37
42 85 42 70 82 85
4 58 4 41 49 51 58
77 88 77 87 88
5 79 5 79
51 81 51 64 81
6 69 6 17 20 30 34 59 69
12 75 12 50 51 58 61 75
48 64 48 52 64
30 49 30 41 49
43 65 43 65
66 83 66 83
23 77 23 44 53 77
36 51 36 50 51
48 81 48 75 80 81
57 81 57 72 78 81
22 75 22 33 49 51 58 61 75
2 85 2 82 85
17 52 17 20 26 28 37 52
42 72 42 51 58 67 72
30 70 30 41 70
27 66 27 29 48 54 59 66
10 30 10 17 20 30
22 49 22 33 37 49
15 22 15 22
19 43 19 43
10 29 10 17 29
39 81 39 58 67 72 78 81
8 61 8 34 45 55 58 61
8 29 8 9 17 29
58 80 58 61 75 80
1 7 1 7
9 50 9 17 20 30 34 45 50
23 67 23 44 55 67
5 85 5 52 67 72 82 85
36 51 36 50 51
42 57 42 57
66 82 66 71 82
31 62 31 56 62
54 82 54 59 64 71 82
0 57 0 57
71 88 71 82 85 88
15 56 15 22 25 35 56
6 67 6 24 27 58 67
21 40 21 26 28 37 40
14 68 14 68
16 80 16 28 49 51 58 61 75 80
55 83 55 57 78 81 83
28 85 28 49 72 82 85
2 42 2 9 13 20 26 38 42
33 62 33 62
30 84 30 34 45 50 51 60 66 78 84
6 39 6 17 33 39
24 89 24 29 70 72 78 84 89
29 67 29 36 48 52 67
25 69 25 33 51 60 69
0 89 0 10 24 29 70 72 78 84 89
26 59 26 28 35 59
37 84 37 72 78 84
20 38 20 26 38
38 70 38 42 70
52 77 52 77
17 80 17 25 57 63 80
11 54 11 33 37 48 54
31 84 31 43 44 79 84
18 41 18 22 25 38 41
51 74 51 59 64 68 74
4 66 4 30 34 48 54 59 66
41 84 41 50 60 66 78 84
37 51 37 51
24 43 24 43
9 53 9 17 25 38 41 53
40 64 40 64
51 80 51 80
11 38 11 20 26 38
12 56 12 17 20 56
55 58 55 58
20 56 20 56
63 80 63 80
34 79 34 44 79
42 62 42 62
6 39 6 30 39
2 13 2 9 13
30 80 30 41 53 80
24 87 24 27 58 67 72 87
26 62 26 42 62
16 71 16 31 56 64 71
51 67 51 67
54 73 54 67 73
23 25 23 25
20 47 20 32 47
15 57 15 22 34 44 55 57
3 83 3 64 81 83
6 56 6 17 20 56
7 52 7 43 52
40 71 40 64 71
7 57 7 43 44 55 57
70 72 70 72
55 80 55 57 63 80
49 69 49 69
28 87 28 37 48 54 59 69 87
52 80 52 80
33 51 33 37 51
55 76 55 58 64 69 76
6 44 6 15 30 34 44
4 30 4 8 9 24 30
59 89 59 89
19 39 19 33 39
34 60 34 45 50 60
21 28 21 26 28
43 83 43 80 83
15 47 15 22 31 43 47
24 55 24 29 36 55
18 43 18 22 31 43
8 45 8 34 45
52 76 52 64 69 76
63 83 63 83
39 89 39 58 77 89
25 58 25 35 39 58
26 55 26 55
22 87 22 31 56 62 72 87
5 66 5 36 59 66
9 64 9 24 30 34 59 64
4 45 4 8 9 17 20 30 34 45
40 78 40 78
21 50 21 26 28 41 50
7 59 7 32 48 54 59
42 89 42 70 72 78 84 89
5 70 5 6 18 21 26 42 70
18 38 18 22 25 38
28 46 28 46
13 77 13 24 77
5 77 5 52 77
30 39 30 39
15 28 15 26 28
42 59 42 51 59
70 84 70 72 78 84
6 54 6 27 29 48 54
7 68 7 43 44 55 58 68
52 86 52 67 72 86
49 67 49 51 67
9 13 9 13
26 81 26 42 62 72 78 81
30 88 30 53 84 88
38 76 38 41 50 60 69 76
5 53 5 36 43 44 53
67 89 67 72 78 84 89
78 81 78 81
28 60 28 41 49 51 60
22 70 22 43 70
11 34 11 20 30 34
55 71 55 58 64 71
60 82 60 82
15 37 15 21 26 28 37
4 41 4 13 28 41
24 79 24 43 44 55 79
19 46 19 21 42 46
9 62 9 13 36 43 62
19 35 19 21 26 28 35
24 66 24 30 41 59 66
60 77 60 66 77
3 85 3 82 85
1 2 1 2
4 51 4 8 28 41 50 51
27 69 27 29 43 64 68 69
57 72 57 72
44 72 44 55 67 72
58 77 58 77
34 73 34 44 55 67 73
14 84 14 42 57 78 84
3 15 3 15
8 28 8 9 13 28
39 69 39 58 64 69
0 72 0 13 29 70 72
7 49 7 29 36 37 49
33 60 33 37 49 51 60
17 63 17 20 26 28 35 56 62 63
38 59 38 41 59
7 26 7 14 19 21 26
12 61 12 29 36 43 44 55 58 61
33 59 33 51 59
67 88 67 72 78 84 88
15 35 15 26 28 35
16 81 16 40 63 80 81
18 38 18 22 25 38
12 28 12 17 20 26 28
5 72 5 72
24 74 24 27 29 43 52 64 68 74
7 21 7 14 19 21
20 73 20 39 58 67 73
43 84 43 47 67 72 78 84
37 64 37 59 64
1 66 1 13 29 48 54 59 66
7 77 7 49 51 59 66 77
60 69 60 69
32 58 32 58
43 53 43 44 53
12 80 12 37 48 54 75 80
45 83 45 64 81 83
1 36 1 7 29 36
63 83 63 80 81 83
41 69 41 59 69
22 51 22 25 38 41 50 51
17 49 17 20 30 41 49
0 20 0 10 17 20
23 58 23 25 33 39 58
1 35 1 3 9 17 25 35
27 78 27 44 55 57 72 78
75 82 75 82
18 75 18 20 30 41 50 51 58 61 75
2 57 2 23 32 44 55 57
4 78 4 23 49 72 78
10 29 10 24 27 29
30 82 30 48 61 75 82
19 48 19 33 37 48
14 87 14 31 68 69 87
15 25 15 22 25
27 60 27 29 36 37 49 51 60
19 37 19 21 26 28 37
68 88 68 69 87 88
3 82 3 27 58 64 71 82
2 71 2 23 35 56 64 71
34 65 34 44 55 57 63 65
70 86 70 86
7 56 7 14 28 35 56
51 65 51 59 65
26 60 26 28 37 51 60
7 27 7 27
7 43 7 29 43
2 54 2 14 34 48 54
2 49 2 14 25 33 37 49
10 36 10 24 29 36
9 71 9 24 43 44 55 58 64 71
15 52 15 30 48 52
50 73 50 51 67 73
10 44 10 24 29 36 43 44
43 64 43 52 64
23 89 23 32 47 77 89
8 52 8 9 17 20 30 48 52
14 59 14 59
55 77 55 58 77
9 53 9 24 29 36 43 44 53
50 59 50 51 59
83 88 83 88
13 71 13 20 32 58 64 71
13 29 13 24 27 29
51 68 51 58 68
29 43 29 43
9 70 9 20 30 41 70
1 88 1 39 58 68 74 82 85 88
17 56 17 20 26 28 35 56
50 87 50 51 59 77 87
57 72 57 72
13 44 13 24 30 44
66 77 66 77
35 76 35 59 64 68 69 76
42 76 42 51 64 69 76
41 69 41 59 64 69
41 79 41 79
25 88 25 82 85 88
21 86 21 58 64 86
28 41 28 41
47 88 47 80 83 88
32 80 32 48 54 75 80
10 85 10 17 32 47 61 75 82 85
32 53 32 53
6 24 6 24
37 60 37 49 51 60
27 88 27 44 53 77 87 88
60 69 60 69
26 83 26 28 37 72 78 81 83
5 50 5 36 50
6 49 6 15 22 33 37 49
69 76 69 76
20 81 20 30 53 80 81
34 77 34 48 54 59 66 77
22 53 22 25 38 41 53
52 64 52 64
34 74 34 44 64 68 74
25 82 25 40 63 82
49 68 49 51 59 64 68
6 71 6 15 30 44 55 58 64 71
8 44 8 9 24 27 29 36 43 44
25 33 25 33
15 67 15 58 67
15 47 15 22 43 47
31 69 31 56 64 68 69
31 69 31 68 69
27 61 27 44 55 61
69 87 69 87
8 74 8 9 24 55 57 74
36 88 36 66 83 88
16 44 16 31 43 44
1 54 1 26 28 37 48 54
25 75 25 35 39 58 61 75
21 28 21 26 28
40 68 40 68
47 84 47 67 72 78 84
17 77 17 33 46 77
30 48 30 48
29 57 29 36 55 57
6 85 6 16 35 56 64 82 85
7 85 7 56 64 71 82 85
0 47 0 47
19 43 19 43
13 44 13 29 43 44
15 61 15 58 61
0 42 0 10 17 20 26 42
8 30 8 9 24 30
15 52 15 26 28 37 48 52
52 89 52 89
14 89 14 70 72 78 84 89
14 57 14 28 41 57
39 68 39 58 64 68
59 76 59 64 69 76
31 88 31 68 74 85 88
31 44 31 43 44
55 73 55 58 67 73
8 45 8 34 45
4 26 4 8 9 17 20 26
45 83 45 64 81 83
9 62 9 17 33 62
8 88 8 9 20 30 44 84 88
4 49 4 41 49
20 68 20 26 28 35 56 64 68
11 58 11 20 55 58
45 69 45 50 51 64 68 69
34 66 34 48 54 59 66
12 69 12 24 55 58 64 69
12 53 12 27 53
55 73 55 58 67 73
24 81 24 27 44 55 79 81
20 59 20 26 42 51 59
21 35 21 26 28 35
9 64 9 24 43 44 55 58 64
29 43 29 43
26 68 26 28 49 51 64 68
23 83 23 37 48 52 64 81 83
6 66 6 30 48 54 59 66
11 33 11 33
20 86 20 39 58 64 86
18 63 18 20 55 57 63
70 89 70 72 78 84 89
39 58 39 58
37 85 37 59 71 82 85
25 59 25 33 49 51 59
13 20 13 20
71 85 71 82 85
4 70 4 8 28 41 70
53 88 53 84 88
24 81 24 29 48 75 80 81
41 65 41 65
5 75 5 36 37 48 54 75
51 65 51 59 65
47 61 47 61
45 59 45 50 59
12 17 12 17
29 43 29 36 43
5 33 5 6 15 22 25 33
25 35 25 35
14 89 14 25 35 39 58 77 89
40 86 40 64 86
67 86 67 72 86
13 84 13 84
36 59 36 50 59
57 74 57 74
14 87 14 70 72 87
58 80 58 61 75 80
5 59 5 6 30 48 54 59
44 58 44 55 58
0 64 0 24 30 48 52 64
7 52 7 27 29 43 52
4 85 4 23 37 72 82 85
3 48 3 9 17 32 48
8 60 8 28 37 51 60
11 80 11 21 26 55 57 63 80
9 56 9 17 25 35 56
40 80 40 63 80
9 86 9 57 72 86
67 85 67 72 82 85
19 48 19 33 37 48
12 20 12 17 20
4 41 4 8 41
10 29 10 17 29
31 61 31 43 47 61
4 26 4 13 26
20 65 20 56 62 63 65
34 63 34 45 55 57 63
27 82 27 72 82
15 37 15 22 25 33 37
25 62 25 33 62
3 58 3 37 51 58
50 51 50 51
60 69 60 69
22 51 22 25 33 51
70 88 70 71 88
31 68 31 43 52 64 68
4 41 4 13 28 41
13 83 13 72 78 81 83
22 79 22 25 38 41 79
60 71 60 66 71
18 72 18 72
5 44 5 6 27 44
5 75 5 75
57 88 57 72 88
19 48 19 33 37 48
14 78 14 19 78
37 65 37 48 54 59 65
37 83 37 40 64 81 83
36 53 36 43 44 53
10 59 10 24 30 54 59
15 22 15 22
5 69 5 64 69
1 82 1 39 58 67 82
62 80 62 63 80
40 89 40 78 84 89
6 76 6 37 48 54 59 69 76
4 51 4 13 29 36 50 51
34 69 34 44 64 68 69
50 60 50 60
24 64 24 27 29 36 50 51 64
10 82 10 17 58 67 82
11 83 11 70 81 83
24 79 24 29 36 43 44 79
60 83 60 66 78 81 83
8 62 8 9 20 56 62
0 42 0 13 20 26 38 42
14 70 14 42 70
23 58 23 25 33 39 58
18 71 18 22 33 49 51 59 64 71
15 28 15 21 26 28
14 70 14 19 38 70
50 58 50 51 58
55 84 55 67 72 78 84
45 58 45 55 58
72 89 72 78 84 89
33 72 33 51 67 72
38 85 38 60 82 85
0 39 0 24 30 39
10 76 10 52 64 69 76
56 86 56 64 86
55 76 55 58 64 68 69 76
32 81 32 58 61 75 80 81
25 86 25 62 72 86
30 75 30 44 55 61 75
19 55 19 21 26 55
13 37 13 29 36 37
32 44 32 44
8 81 8 40 64 81
3 79 3 27 79
17 32 17 20 32
57 74 57 74
5 76 5 52 64 68 69 76
3 42 3 15 26 38 42
22 52 22 33 52
31 69 31 68 69
5 35 5 6 17 20 26 28 35
20 44 20 32 44
44 79 44 55 79
70 89 70 72 78 84 89
0 35 0 20 26 28 35
67 86 67 72 86
48 89 48 54 72 78 84 89
66 71 66 71
34 65 34 65
16 80 16 28 35 56 62 63 80
19 57 19 38 42 57
67 73 67 73
19 26 19 21 26
20 84 20 40 78 84
33 74 33 51 59 64 68 74
20 65 20 26 42 62 65
82 85 82 85
6 83 6 54 81 83
4 82 4 70 72 82
36 66 36 59 66
26 52 26 28 37 48 52
69 87 69 87
8 87 8 41 67 72 87
16 58 16 29 43 44 55 58
4 45 4 8 34 45
16 38 16 23 25 38
5 85 5 6 15 21 26 67 82 85
23 62 23 25 35 56 62
79 86 79 86
0 77 0 45 55 58 77
12 72 12 29 48 52 67 72
59 89 59 77 89
2 42 2 9 17 25 38 42
7 19 7 14 19
30 41 30 41
9 53 9 13 20 30 34 44 53
13 64 13 49 51 58 64
26 62 26 42 62
11 51 11 20 30 34 45 50 51
31 68 31 43 64 68
23 67 23 35 39 58 67
56 71 56 64 71
9 76 9 24 50 60 69 76
25 58 25 33 37 49 51 58
39 67 39 58 67
5 52 5 6 31 43 52
19 89 19 56 62 72 78 84 89
59 76 59 64 69 76
1 44 1 7 43 44
10 17 10 17
71 82 71 82
25 85 25 82 85
26 83 26 67 72 78 81 83
44 76 44 64 68 69 76
8 30 8 9 20 30
27 48 27 29 36 37 48
14 33 14 25 33
8 73 8 34 45 52 67 73
22 61 22 34 45 50 51 58 61
1 60 1 19 21 42 51 60
16 58 16 38 41 50 51 58
5 44 5 36 43 44
55 77 55 58 77
12 81 12 44 78 81
4 79 4 30 44 55 79
1 23 1 2 23
9 44 9 17 32 44
37 80 37 51 58 61 75 80
34 77 34 48 52 77
42 69 42 51 64 68 69
12 20 12 17 20
62 87 62 72 87
40 76 40 64 69 76
19 35 19 21 26 28 35
2 21 2 14 19 21
41 59 41 50 59
43 70 43 70
12 45 12 45
16 42 16 23 25 38 42
62 88 62 72 78 81 83 88
23 32 23 32
58 67 58 67
11 59 11 21 42 51 59
9 41 9 17 20 26 28 41
79 88 79 83 88
10 46 10 17 20 26 38 42 46
23 25 23 25
27 55 27 44 55
11 33 11 33
5 75 5 6 31 43 44 55 61 75
37 87 37 59 69 87
42 72 42 57 72
18 59 18 20 32 48 54 59
29 78 29 43 62 72 78
15 40 15 26 28 37 40
50 84 50 51 60 66 78 84
26 89 26 38 70 72 78 84 89
45 88 45 77 87 88
14 89 14 19 43 52 77 89
29 81 29 48 52 67 72 78 81
11 33 11 33
28 37 28 37
17 39 17 25 35 39
31 61 31 43 44 55 61
55 86 55 86
37 49 37 49
52 77 52 77
18 89 18 34 44 79 84 89
23 62 23 35 56 62
5 70 5 36 43 70
7 32 7 32
58 78 58 67 72 78
43 85 43 44 64 82 85
10 42 10 17 25 38 42
62 80 62 63 80
36 59 36 37 48 54 59
67 72 67 72
56 76 56 64 68 69 76
42 66 42 51 59 66
4 76 4 13 29 36 50 60 69 76
45 73 45 50 51 67 73
1 40 1 7 28 37 40
47 77 47 77
0 24 0 13 24
16 36 16 29 36
0 33 0 10 17 33
0 50 0 45 50
57 83 57 78 81 83
25 82 25 40 68 74 82
29 43 29 43
42 72 42 62 72
12 20 12 17 20
58 61 58 61
67 86 67 72 86
38 79 38 41 79
44 79 44 55 79
18 25 18 22 25
50 87 50 51 59 66 77 87
13 70 13 29 43 70
33 49 33 49
25 64 25 33 37 51 59 64
36 55 36 55
12 29 12 24 29
41 85 41 57 63 82 85
14 67 14 19 33 51 67
24 66 24 27 29 36 60 66
16 42 16 38 42
0 72 0 45 57 72
20 68 20 40 68
7 59 7 32 48 54 59
29 72 29 43 70 72
10 83 10 48 61 75 80 83
63 85 63 82 85
32 85 32 66 71 82 85
33 61 33 49 51 58 61
59 76 59 64 68 69 76
20 73 20 73
47 73 47 67 73
7 66 7 32 66
50 84 50 60 66 78 84
10 66 10 17 33 37 51 60 66
11 51 11 21 42 51
13 45 13 24 30 34 45
7 51 7 49 51
1 64 1 26 42 51 64
9 27 9 24 27
10 61 10 34 45 50 51 58 61
8 41 8 28 41
20 71 20 55 58 64 71
51 68 51 58 64 68
7 65 7 57 63 65
17 34 17 20 30 34
5 33 5 6 15 22 25 33
79 83 79 81 83
66 82 66 71 82
38 74 38 41 59 64 68 74
30 80 30 41 50 51 80
32 76 32 58 68 69 76
45 50 45 50
12 63 12 27 29 36 37 40 63
44 69 44 55 58 64 69
11 34 11 20 30 34
32 73 32 58 67 73
21 56 21 26 28 35 56
5 69 5 36 60 69
2 61 2 9 24 29 43 44 55 61
28 52 28 37 52
10 44 10 44
22 85 22 34 59 71 82 85
8 35 8 28 35
4 66 4 8 28 35 59 66
64 68 64 68
78 88 78 84 88
42 89 42 51 67 72 78 84 89
7 76 7 56 64 68 69 76
1 60 1 26 38 41 49 51 60
25 79 25 79
12 49 12 17 25 33 37 49
40 89 40 89
3 16 3 16
4 82 4 70 82
24 43 24 27 29 36 43
4 89 4 41 70 72 78 84 89
10 46 10 17 25 38 42 46
25 66 25 38 42 51 59 66
6 26 6 18 20 26
28 69 28 41 49 69
17 77 17 52 77
54 75 54 75
19 56 19 21 26 28 35 56
41 63 41 63
27 48 27 29 48
32 80 32 58 61 75 80
4 40 4 13 20 26 28 37 40
18 32 18 20 32
1 68 1 49 51 58 68
13 85 13 29 48 72 82 85
15 74 15 30 54 59 64 68 74
58 64 58 64
36 87 36 55 67 72 87
34 83 34 79 83
25 51 25 38 41 50 51
30 79 30 44 55 79
3 85 3 37 48 54 59 64 71 82 85
3 16 3 16
33 78 33 72 78
23 59 23 25 38 42 51 59
29 79 29 43 44 79
36 53 36 43 44 53
0 71 0 13 26 38 60 66 71
39 67 39 58 67
0 75 0 20 55 58 61 75
26 60 26 28 41 50 60
25 76 25 38 42 51 59 64 68 69 76
9 50 9 50
27 68 27 29 43 64 68
14 68 14 42 51 58 68
55 84 55 84
43 53 43 44 53
24 64 24 50 59 64
13 82 13 24 29 70 72 82
16 28 16 28
50 77 50 60 66 77
45 59 45 54 59
42 51 42 51
10 62 10 17 29 43 62
27 52 27 29 43 52
32 78 32 44 78
1 53 1 19 21 26 28 41 53
9 33 9 17 33
26 73 26 42 51 58 67 73
38 79 38 41 79
42 51 42 51
20 70 20 26 28 41 70
48 61 48 61
10 70 10 24 29 43 70
25 85 25 35 72 82 85
5 61 5 36 50 51 58 61
1 25 1 3 9 17 25
8 9 8 9
51 80 51 80
5 45 5 6 15 30 34 45
24 59 24 29 48 54 59
4 82 4 8 62 72 82
24 45 24 30 34 45
53 80 53 80
7 68 7 14 42 51 58 64 68
23 78 23 66 78
58 67 58 67
56 62 56 62
14 21 14 19 21
26 76 26 38 42 51 60 69 76
38 86 38 70 72 86
10 33 10 17 33
0 24 0 13 24
9 70 9 17 20 26 28 41 70
39 67 39 58 67
7 86 7 42 51 86
33 40 33 37 40
22 54 22 34 48 54
17 80 17 33 51 58 61 75 80
42 51 42 51
25 69 25 35 59 64 69
21 49 21 26 28 37 49
59 85 59 71 82 85
70 84 70 72 78 84
4 9 4 8 9
80 83 80 83
10 34 10 30 34
4 13 4 8 9 13
10 30 10 17 20 30
34 50 34 45 50
14 45 14 34 45
33 40 33 37 40
31 76 31 56 64 69 76
11 77 11 59 77
40 85 40 63 82 85
32 83 32 44 78 81 83
33 39 33 39
48 84 48 52 67 72 78 84
9 64 9 17 29 43 52 64
31 84 31 56 78 84
60 82 60 82
0 38 0 13 20 26 38
20 32 20 32
56 81 56 64 81
38 46 38 42 46
71 85 71 82 85
8 38 8 9 13 26 38
63 82 63 82
32 47 32 47
79 86 79 86
25 51 25 38 42 51
8 33 8 9 17 33
38 63 38 42 62 63
10 30 10 17 20 30
16 86 16 28 35 39 58 64 86
50 51 50 51
48 73 48 54 73
52 67 52 67
15 28 15 26 28
17 68 17 52 64 68
6 30 6 17 20 30
36 81 36 50 51 59 64 81
18 72 18 21 58 67 72
44 85 44 55 57 72 82 85
21 57 21 42 57
33 83 33 49 72 78 81 83
23 87 23 49 72 87
72 89 72 78 84 89
60 71 60 66 71
9 40 9 24 27 29 36 37 40
24 81 24 80 81
25 63 25 63
35 63 35 56 62 63
38 73 38 41 49 51 58 67 73
23 79 23 25 79
40 65 40 63 65
9 83 9 50 59 64 81 83
23 85 23 37 51 64 68 74 82 85
4 9 4 8 9
48 54 48 54
21 56 21 26 28 35 56
19 69 19 33 37 48 54 59 64 68 69
10 44 10 17 20 32 44
24 45 24 30 34 45
8 81 8 41 79 81
13 47 13 24 29 43 47
51 75 51 58 61 75
21 72 21 58 67 72
14 33 14 19 33
22 38 22 25 38
36 88 36 50 60 82 85 88
45 73 45 55 58 67 73
0 71 0 20 30 48 54 71
4 56 4 23 35 56
24 27 24 27
14 44 14 19 43 44
11 34 11 20 30 34
62 63 62 63
48 65 48 54 59 65
51 76 51 59 64 69 76
8 78 8 28 35 59 66 78
10 17 10 17
69 87 69 87
61 75 61 75
6 50 6 17 29 36 50
8 44 8 34 44
18 68 18 59 64 68
5 41 5 6 18 20 30 41
1 9 1 2 9
14 21 14 19 21
3 17 3 9 17
19 71 19 21 58 64 71
20 39 20 26 28 35 39
37 84 37 84
38 46 38 42 46
58 87 58 68 69 87
59 66 59 66
15 35 15 21 26 28 35
45 85 45 75 82 85
38 63 38 42 57 63
36 43 36 43
20 85 20 39 58 85
25 33 25 33
11 33 11 33
36 37 36 37
0 50 0 24 27 29 36 50
45 77 45 52 77
26 74 26 28 64 68 74
9 44 9 17 29 43 44
56 72 56 62 72
52 68 52 64 68
15 57 15 22 31 43 44 55 57
36 67 36 37 49 51 58 67
5 36 5 6 17 29 36
28 73 28 37 49 51 58 67 73
22 79 22 34 79
41 49 41 49
23 80 23 25 40 63 80
9 56 9 13 26 28 35 56
30 50 30 41 50
0 51 0 10 17 20 26 42 51
46 77 46 77
74 82 74 82
7 78 7 14 34 59 66 78
51 88 51 88
4 74 4 8 34 44 55 57 74
59 66 59 66
8 81 8 9 62 72 78 81
22 34 22 34
7 26 7 14 19 21 26
24 66 24 27 29 36 66
52 85 52 67 72 82 85
59 78 59 66 78
1 67 1 39 58 67
37 51 37 51
22 66 22 33 51 59 66
27 74 27 44 55 57 74
16 74 16 31 43 64 68 74
27 61 27 29 43 47 61
26 48 26 28 37 48
0 76 0 45 52 64 68 69 76
21 58 21 26 55 58
43 47 43 47
59 69 59 64 68 69
36 48 36 37 48
31 43 31 43
38 89 38 42 46 77 89
19 49 19 33 37 49
6 16 6 16
11 68 11 21 26 38 41 50 51 64 68
20 56 20 56
0 39 0 20 39
9 56 9 17 25 35 56
1 47 1 13 36 43 47
32 53 32 53
19 69 19 43 64 69
48 81 48 54 72 78 81
13 79 13 29 43 44 79
23 65 23 35 39 65
2 83 2 9 24 50 51 60 66 83
6 54 6 24 27 29 48 54
31 86 31 56 62 72 86
25 60 25 33 51 60
64 82 64 68 74 82
27 57 27 29 36 55 57
64 87 64 69 87
7 63 7 32 44 55 57 63
85 88 85 88
75 88 75 88
32 89 32 44 78 84 89
18 51 18 34 45 50 51
29 66 29 48 54 59 66
4 58 4 30 44 55 58
36 82 36 59 64 82
20 60 20 26 28 37 49 51 60
20 88 20 88
51 58 51 58
21 40 21 26 28 37 40
70 71 70 71
12 28 12 17 20 26 28
2 21 2 14 19 21
8 54 8 9 20 26 28 37 48 54
13 38 13 20 26 38
62 86 62 72 86
41 66 41 50 60 66
10 66 10 60 66
13 54 13 36 48 54
2 87 2 57 72 87
59 78 59 66 78
5 44 5 6 44
41 80 41 53 80
36 81 36 81
57 74 57 74
75 81 75 80 81
28 66 28 37 48 54 59 66
43 65 43 44 55 57 63 65
10 60 10 24 30 34 45 50 60
10 62 10 24 29 43 62
44 84 44 53 84
7 76 7 27 58 64 69 76
12 50 12 45 50
16 53 16 23 25 38 41 53
17 56 17 20 56
15 42 15 21 42
9 53 9 20 32 53
8 60 8 34 45 50 51 60
28 87 28 87
72 86 72 86
12 75 12 75
41 65 41 57 63 65
13 29 13 24 29
17 20 17 20
20 70 20 30 41 70
20 81 20 79 81
20 49 20 30 41 49
8 50 8 41 50
31 56 31 56
0 36 0 27 29 36
38 59 38 41 50 59
47 67 47 67
27 74 27 44 55 57 74
13 26 13 20 26
19 56 19 21 26 28 35 56
33 82 33 49 72 82
1 32 1 13 20 32
24 71 24 71
57 88 57 82 85 88
39 67 39 58 67
28 35 28 35
44 84 44 84
17 56 17 20 26 28 35 56
72 87 72 87
23 33 23 25 33
49 78 49 72 78
40 68 40 68
37 64 37 52 64
6 54 6 18 21 26 28 37 48 54
45 84 45 52 78 84
3 78 3 15 30 48 72 78
10 70 10 24 43 70
21 80 21 26 55 61 75 80
29 78 29 43 47 67 72 78
28 58 28 35 39 58
15 57 15 30 34 44 55 57
9 27 9 24 27
1 44 1 19 43 44
11 26 11 21 26
27 75 27 44 55 61 75
67 89 67 72 78 84 89
31 56 31 56
27 60 27 29 36 37 51 60
35 63 35 63
71 88 71 88
26 40 26 28 37 40
1 78 1 49 72 78
10 26 10 17 20 26
3 66 3 27 29 36 37 48 54 59 66
7 62 7 29 36 43 62
9 41 9 17 20 30 41
60 66 60 66
17 87 17 25 38 41 53 77 87
27 36 27 29 36
44 85 44 64 71 82 85
10 83 10 48 72 78 81 83
26 28 26 28
14 28 14 19 21 26 28
33 82 33 52 67 72 82
33 59 33 49 51 59
5 62 5 36 43 62
12 60 12 27 29 36 37 49 51 60
79 81 79 81
39 67 39 58 67
17 54 17 32 48 54
52 85 52 67 72 82 85
36 65 36 43 65
7 66 7 42 51 60 66
7 49 7 29 36 37 49
41 60 41 49 51 60
48 61 48 61
23 58 23 44 55 58
22 66 22 33 49 51 60 66
6 75 6 31 43 47 61 75
62 80 62 63 80
36 68 36 55 58 68
49 66 49 51 59 66
14 74 14 34 44 64 68 74
33 63 33 37 40 63
66 77 66 77
28 46 28 46
33 69 33 51 64 69
3 15 3 15
16 46 16 23 25 33 46
25 57 25 38 42 57
17 81 17 25 33 67 72 78 81
24 81 24 27 72 78 81
23 42 23 25 38 42
42 75 42 51 58 61 75
77 89 77 89
40 65 40 63 65
18 34 18 20 30 34
62 81 62 72 78 81
43 65 43 62 63 65
24 81 24 55 57 63 80 81
6 37 6 15 22 25 33 37
25 66 25 33 37 51 60 66
48 86 48 52 64 86
3 17 3 9 17
16 29 16 29
23 25 23 25
6 79 6 15 21 26 28 41 79
24 58 24 30 39 58
5 44 5 6 44
75 81 75 80 81
8 24 8 9 24
2 14 2 14
59 65 59 65
50 77 50 60 66 77
6 84 6 31 43 62 72 78 84
47 77 47 77
12 17 12 17
22 31 22 31
54 67 54 67
7 19 7 14 19
49 68 49 51 64 68
50 51 50 51
8 78 8 58 67 72 78
4 41 4 8 41
54 71 54 71
36 49 36 37 49
45 85 45 57 72 82 85
13 24 13 24
19 68 19 33 37 40 68
55 71 55 58 64 71
38 88 38 85 88
32 72 32 47 67 72
36 66 36 50 59 66
23 49 23 49
12 45 12 24 30 34 45
22 88 22 31 43 77 88
27 55 27 44 55
51 86 51 58 67 72 86
27 74 27 29 36 50 59 64 68 74
8 41 8 9 17 20 26 28 41
41 57 41 57
18 63 18 34 45 55 57 63
11 55 11 20 30 44 55
29 44 29 36 43 44
0 72 0 24 43 70 72
9 13 9 13
15 42 15 21 42
26 49 26 28 37 49
33 39 33 39
38 74 38 42 62 74
7 39 7 14 19 33 39
4 85 4 85
15 28 15 26 28
17 52 17 32 48 52
41 65 41 57 63 65
23 87 23 68 69 87
37 87 37 87
56 76 56 64 69 76
9 70 9 13 26 38 42 70
2 68 2 9 20 40 64 68
42 61 42 51 58 61
35 66 35 59 66
1 50 1 7 27 29 36 50
6 84 6 37 48 72 78 84
37 67 37 51 67
11 42 11 21 26 38 42
20 26 20 26
1 13 1 3 9 13
13 87 13 49 72 87
29 69 29 43 44 55 58 64 69
60 87 60 66 77 87
27 76 27 29 36 60 69 76
3 40 3 27 29 36 37 40
32 75 32 44 55 61 75
30 80 30 34 45 55 57 63 80
23 42 23 25 38 42
9 44 9 13 24 27 29 36 43 44
51 74 51 59 64 68 74
12 50 12 50
50 51 50 51
2 48 2 14 34 48
30 88 30 54 67 82 85 88
41 67 41 49 51 58 67
44 79 44 55 79
18 70 18 20 30 41 70
51 67 51 58 67
1 27 1 3 27
11 58 11 33 51 58
49 76 49 69 76
9 74 9 62 74
6 63 6 31 56 62 63
1 13 1 2 9 13
33 59 33 51 59
14 39 14 19 21 26 28 35 39
2 62 2 56 62
1 40 1 2 14 19 21 26 28 37 40
18 89 18 34 79 84 89
20 88 20 40 63 80 81 83 88
9 64 9 50 51 58 64
47 75 47 61 75
28 52 28 37 52
3 61 3 14 19 21 58 61
40 76 40 68 69 76
39 87 39 87
45 84 45 54 67 72 78 84
45 78 45 50 60 66 78
56 81 56 62 63 80 81
49 78 49 72 78
2 29 2 9 17 29
34 73 34 45 50 51 58 67 73
10 28 10 17 20 26 28
12 84 12 17 32 58 67 72 78 84
74 82 74 82
9 61 9 50 51 58 61
16 73 16 44 73
36 50 36 50
2 73 2 9 17 33 73
7 70 7 27 29 70
29 60 29 36 37 49 51 60
9 67 9 17 25 33 39 58 67
6 24 6 24
11 59 11 35 59
13 29 13 24 27 29
20 65 20 30 39 65
5 73 5 6 54 73
29 75 29 43 44 55 61 75
32 87 32 66 77 87
17 35 17 25 35
48 66 48 54 59 66
44 69 44 64 69
7 66 7 27 29 48 54 59 66
2 57 2 23 25 38 41 57
18 89 18 34 44 84 89
4 66 4 41 59 66
18 28 18 21 26 28
26 49 26 28 41 49
22 79 22 31 43 44 79
58 80 58 61 75 80
25 61 25 38 42 51 58 61
1 76 1 26 28 64 68 69 76
14 68 14 31 56 64 68
0 80 0 10 24 55 58 61 75 80
42 83 42 57 72 78 81 83
20 26 20 26
5 20 5 6 17 20
63 83 63 80 83
38 86 38 42 51 64 86
8 58 8 41 50 51 58
8 72 8 28 49 72
43 62 43 62
24 87 24 30 41 53 77 87
2 21 2 14 19 21
24 62 24 29 43 62
12 84 12 72 78 84
2 14 2 14
23 57 23 25 38 41 57
33 51 33 49 51
13 44 13 36 43 44
22 53 22 34 44 53
7 59 7 49 51 59
23 44 23 44
31 62 31 43 62
15 56 15 26 28 35 56
55 84 55 57 72 78 84
10 54 10 48 54
10 48 10 48
2 32 2 23 32
2 48 2 9 17 20 32 48
58 61 58 61
30 54 30 54
57 72 57 72
45 67 45 54 67
26 89 26 55 84 89
10 64 10 17 52 64
1 88 1 39 85 88
4 56 4 23 25 35 56
40 71 40 64 71
5 50 5 6 27 29 36 50
30 44 30 34 44
25 79 25 38 41 79
11 55 11 20 32 44 55
54 78 54 67 72 78
3 23 3 16 23
13 36 13 29 36
33 69 33 37 52 64 68 69
4 27 4 8 9 13 24 27
14 54 14 19 33 37 48 54
20 87 20 55 67 72 87
52 73 52 67 73
9 53 9 24 43 44 53
4 74 4 8 34 44 64 68 74
8 84 8 62 72 78 84
51 58 51 58
36 71 36 43 52 64 71
58 87 58 64 68 69 87
20 32 20 32
9 77 9 13 36 50 59 66 77
17 29 17 29
33 49 33 49
18 54 18 34 45 54
62 81 62 72 78 81
31 65 31 56 62 65
30 52 30 34 48 52
54 87 54 67 72 87
64 87 64 68 69 87
2 65 2 23 32 48 54 59 65
14 89 14 78 84 89
14 28 14 19 21 26 28
45 54 45 54
13 56 13 20 56
23 33 23 25 33
9 57 9 57
42 46 42 46
27 61 27 29 48 61
23 33 23 25 33
25 85 25 57 72 82 85
86 88 86 88
56 74 56 74
28 41 28 41
55 73 55 58 67 73
34 55 34 45 55
26 76 26 42 51 59 69 76
6 31 6 16 31
3 35 3 14 25 35
60 71 60 66 71
32 65 32 48 54 59 65
8 34 8 9 20 30 34
7 63 7 42 57 63
47 88 47 61 75 88
35 84 35 39 58 67 72 78 84
26 83 26 80 83
8 9 8 9
12 80 12 27 58 61 75 80
10 26 10 17 20 26
6 65 6 17 29 48 54 59 65
56 78 56 62 72 78
7 28 7 28
42 61 42 51 58 61
14 31 14 31
33 62 33 62
54 64 54 59 64
37 83 37 51 64 81 83
19 28 19 21 26 28
19 71 19 38 42 51 64 71
52 67 52 67
27 70 27 29 43 70
4 45 4 8 9 24 30 34 45
23 54 23 32 48 54
2 23 2 23
46 77 46 77
20 49 20 30 41 49
23 81 23 32 44 64 81
62 82 62 74 82
3 15 3 15
23 66 23 32 66
18 61 18 21 42 51 58 61
28 37 28 37
25 42 25 38 42
33 88 33 62 74 82 85 88
39 85 39 85
16 31 16 31
44 85 44 64 68 74 85
9 77 9 17 60 66 77
37 75 37 49 51 58 61 75
13 86 13 49 51 67 72 86
6 70 6 30 41 70
10 46 10 17 33 46
79 81 79 81
41 59 41 50 59
5 46 5 6 15 46
41 64 41 49 51 58 64
11 53 11 20 32 53
19 82 19 38 60 82
21 71 21 40 64 71
48 83 48 61 75 80 81 83
24 29 24 29
18 67 18 34 48 54 67
16 69 16 28 64 69
11 78 11 35 72 78
17 87 17 25 38 60 66 77 87
86 88 86 88
33 69 33 39 58 64 68 69
43 62 43 62
0 57 0 27 29 36 43 44 55 57
9 57 9 17 25 57
52 73 52 67 73
2 14 2 14
70 72 70 72
14 70 14 19 21 42 70
7 51 7 42 51
31 86 31 56 62 72 86
17 51 17 29 36 50 51
5 62 5 6 24 29 36 43 62
38 63 38 42 57 63
37 76 37 48 52 64 68 69 76
64 82 64 71 82
38 59 38 42 51 59
55 78 55 67 72 78
32 81 32 53 80 81
38 41 38 41
6 32 6 16 23 32
28 82 28 68 74 82
21 35 21 26 28 35
16 71 16 23 37 59 66 71
0 13 0 13
44 58 44 55 58
51 61 51 58 61
34 55 34 44 55
54 86 54 67 72 86
47 81 47 80 81
30 84 30 44 53 84
14 67 14 19 43 44 55 58 67
0 59 0 10 48 54 59
19 74 19 38 42 62 74
4 60 4 60
16 58 16 38 42 51 58
14 87 14 19 43 87
31 44 31 43 44
50 82 50 60 66 71 82
14 56 14 25 35 56
34 60 34 45 50 51 60
39 67 39 58 67
41 67 41 67
12 80 12 50 51 80
27 70 27 70
44 89 44 79 84 89
12 41 12 24 30 41
9 82 9 71 82
32 79 32 44 55 79
10 85 10 24 30 34 45 50 82 85
64 71 64 71
36 88 36 37 87 88
20 81 20 40 63 80 81
17 73 17 25 33 51 67 73
78 81 78 81
19 57 19 43 44 55 57
25 35 25 35
27 43 27 29 36 43
45 68 45 50 59 64 68
1 82 1 26 67 72 82
14 33 14 19 33
71 85 71 82 85
43 64 43 52 64
17 84 17 25 79 84
36 75 36 37 48 61 75
3 30 3 9 24 30
20 37 20 26 28 37
57 83 57 63 80 83
19 58 19 21 26 42 51 58
1 68 1 2 56 64 68
55 84 55 58 67 72 78 84
5 6 5 6
28 87 28 37 48 54 59 64 68 69 87
2 81 2 57 72 78 81
38 61 38 42 51 58 61
41 63 41 57 63
47 81 47 80 81
23 44 23 44
0 55 0 24 27 29 36 55
2 27 2 9 13 24 27
57 63 57 63
9 64 9 24 55 58 64
11 84 11 59 66 78 84
7 65 7 14 31 43 65
6 44 6 16 23 44
29 36 29 36
29 61 29 48 61
13 32 13 20 32
23 49 23 49
49 84 49 72 78 84
6 64 6 40 64
34 44 34 44
33 83 33 37 40 63 83
24 73 24 27 58 67 73
9 24 9 13 24
25 35 25 35
17 29 17 29
9 53 9 24 29 36 43 44 53
38 88 38 85 88
11 35 11 20 26 28 35
16 44 16 23 44
3 37 3 15 21 26 28 37
30 79 30 44 79
31 55 31 43 44 55
2 36 2 9 24 27 29 36
12 82 12 37 59 71 82
38 61 38 42 51 58 61
18 43 18 22 31 43
14 45 14 34 45
31 76 31 43 64 69 76
43 65 43 62 63 65
8 56 8 28 35 56
3 43 3 9 24 43
0 27 0 27
6 17 6 17
16 35 16 28 35
43 85 43 47 67 82 85
40 80 40 63 80
0 79 0 27 44 79
17 34 17 20 30 34
6 66 6 17 25 38 60 66
12 32 12 17 20 32
68 76 68 69 76
19 62 19 62
26 73 26 55 58 67 73
15 53 15 22 31 43 44 53
24 74 24 29 48 52 64 68 74
5 66 5 36 66
2 9 2 9
75 80 75 80
7 77 7 39 58 77
23 46 23 25 38 42 46
11 54 11 20 32 48 54
3 37 3 15 21 26 28 37
39 89 39 58 67 72 78 84 89
1 50 1 2 23 25 38 41 50
45 67 45 50 51 67
64 82 64 68 74 82
66 89 66 78 84 89
34 63 34 44 55 57 63
6 79 6 17 20 32 44 55 79
9 40 9 24 27 29 36 37 40
44 72 44 55 58 67 72
10 61 10 17 33 37 49 51 58 61
3 64 3 30 54 59 64
7 84 7 14 42 51 67 72 78 84
7 78 7 28 41 67 72 78
13 83 13 36 59 64 81 83
43 70 43 70
18 48 18 20 32 48
3 30 3 9 20 30
42 75 42 51 58 61 75
23 78 23 66 78
27 74 27 29 48 52 64 68 74
20 77 20 55 58 77
2 73 2 33 49 51 67 73
18 51 18 34 45 50 51
9 62 9 13 28 35 56 62
4 85 4 70 82 85
35 76 35 39 58 64 69 76
37 80 37 51 80
12 87 12 57 72 87
8 24 8 9 13 24
17 60 17 25 33 37 49 51 60
20 40 20 26 28 37 40
9 29 9 24 27 29
47 80 47 75 80
20 51 20 30 41 49 51
66 83 66 78 81 83
2 88 2 56 78 81 83 88
5 76 5 52 64 68 69 76
48 88 48 88
11 77 11 35 39 58 77
27 82 27 44 55 58 68 74 82
8 81 8 9 57 63 80 81
41 65 41 63 65
53 77 53 77
7 76 7 39 58 64 68 69 76
47 88 47 61 88
15 57 15 22 34 45 57
29 69 29 48 54 59 69
17 68 17 58 68
52 68 52 64 68
39 65 39 65
16 87 16 38 70 72 87
64 76 64 69 76
16 47 16 23 32 47
21 26 21 26
43 53 43 44 53
69 88 69 87 88
8 56 8 28 35 56
25 42 25 38 42
40 86 40 64 86
37 83 37 40 78 81 83
12 56 12 17 25 35 56
2 85 2 56 64 68 74 82 85
74 82 74 82
20 35 20 26 28 35
4 9 4 8 9
4 27 4 13 24 27
82 85 82 85
57 72 57 72
31 88 31 43 87 88
4 41 4 30 41
21 61 21 58 61
72 89 72 78 84 89
19 62 19 62
5 47 5 36 43 47
67 81 67 72 78 81
41 70 41 70
21 77 21 26 38 41 59 77
13 27 13 24 27
5 35 5 6 16 28 35
10 76 10 60 69 76
10 33 10 17 25 33
21 50 21 26 38 41 50
55 84 55 57 72 78 84
2 78 2 78
15 21 15 21
29 80 29 48 52 80
70 71 70 71
21 74 21 59 64 68 74
43 80 43 44 53 80
11 59 11 35 59
26 51 26 28 37 51
0 39 0 20 26 28 35 39
50 51 50 51
54 82 54 72 82
8 39 8 9 13 24 30 39
11 57 11 21 42 57
10 76 10 44 55 58 68 69 76
37 64 37 49 51 59 64
3 14 3 14
47 67 47 67
11 59 11 20 30 48 54 59
72 85 72 82 85
6 66 6 54 59 66
28 60 28 37 51 60
21 46 21 42 46
32 61 32 47 61
1 48 1 37 48
28 58 28 41 49 51 58
6 29 6 27 29
12 56 12 17 20 26 28 35 56
3 69 3 38 42 51 58 64 68 69
62 88 62 72 87 88
6 79 6 30 34 44 55 79
37 83 37 40 64 81 83
24 77 24 30 54 59 66 77
33 73 33 51 67 73
29 67 29 48 54 67
59 65 59 65
9 50 9 24 27 29 36 50
41 63 41 63
4 42 4 13 20 26 38 42
55 73 55 67 73
9 53 9 13 28 41 53
10 77 10 60 66 77
17 63 17 32 44 55 57 63
8 35 8 28 35
15 44 15 22 34 44
52 68 52 64 68
17 59 17 25 35 59
8 53 8 9 20 32 53
57 78 57 78
5 45 5 6 17 20 30 34 45
10 66 10 60 66
27 85 27 58 68 74 85
2 82 2 23 82
27 52 27 29 48 52
33 78 33 39 58 67 72 78
30 49 30 41 49
50 67 50 51 58 67
12 44 12 27 44
70 86 70 72 86
56 86 56 64 86
18 61 18 22 34 48 61
34 73 34 44 55 67 73
45 88 45 52 80 81 83 88
10 62 10 24 43 62
0 72 0 20 26 28 37 72
21 74 21 58 64 68 74
7 64 7 64
4 86 4 8 34 59 64 86
61 88 61 75 88
10 28 10 17 20 26 28
21 26 21 26
33 67 33 67
59 77 59 77
10 48 10 30 34 48
20 40 20 40
9 70 9 17 70
50 67 50 51 67
4 74 4 41 59 64 68 74
22 52 22 25 33 37 52
12 25 12 17 25
54 59 54 59
10 76 10 30 54 59 64 68 69 76
69 87 69 87
19 57 19 38 41 57
44 89 44 53 84 89
21 42 21 42
41 70 41 70
33 83 33 52 67 72 78 81 83
26 89 26 55 58 67 72 78 84 89
12 73 12 24 73
10 30 10 17 20 30
20 38 20 26 38
27 29 27 29
4 48 4 13 29 36 48
35 89 35 89
24 52 24 27 29 43 52
23 89 23 37 48 54 59 66 77 89
1 82 1 19 33 51 60 66 71 82
10 36 10 24 29 36
8 45 8 9 20 30 34 45
17 53 17 29 36 43 44 53
3 40 3 37 40
9 60 9 50 51 60
49 51 49 51
5 76 5 52 64 68 69 76
59 66 59 66
72 87 72 87
2 27 2 9 24 27
27 69 27 44 55 58 68 69
36 52 36 48 52
0 81 0 47 61 75 80 81
28 71 28 41 59 71
24 71 24 30 54 71
2 65 2 9 50 59 65
74 82 74 82
41 63 41 57 63
24 78 24 50 59 66 78
20 66 20 30 54 59 66
1 50 1 2 14 34 45 50
24 27 24 27
2 24 2 9 13 24
20 44 20 30 44
8 89 8 40 89
3 23 3 16 23
29 36 29 36
30 49 30 41 49
4 60 4 13 26 38 60
0 36 0 10 17 29 36
58 64 58 64
27 82 27 29 70 71 82
49 78 49 72 78
8 51 8 28 37 49 51
79 84 79 84
5 57 5 6 17 29 36 55 57
59 86 59 86
24 73 24 27 29 43 47 67 73
1 25 1 3 14 25
11 57 11 20 26 38 42 57
33 87 33 72 87
24 29 24 27 29
67 78 67 72 78
14 84 14 59 66 78 84
45 74 45 52 64 68 74
40 86 40 64 86
8 73 8 9 13 26 38 41 49 51 67 73
34 59 34 48 54 59
27 61 27 44 55 61
55 84 55 58 67 72 78 84
45 81 45 57 78 81
7 70 7 28 41 70
1 34 1 3 9 24 30 34
15 35 15 21 26 28 35
6 59 6 27 29 48 54 59
22 50 22 25 38 41 50
29 69 29 36 43 64 69
18 35 18 20 26 28 35
12 74 12 29 36 50 51 64 68 74
79 88 79 88
9 47 9 13 24 43 47
42 69 42 51 59 64 69
9 17 9 17
53 87 53 77 87
7 68 7 40 64 68
3 20 3 9 17 20
15 61 15 21 58 61
75 88 75 82 85 88
1 24 1 3 9 24
6 23 6 16 23
36 72 36 55 58 67 72
33 74 33 52 64 68 74
0 86 0 45 67 72 86
32 77 32 66 77
43 87 43 70 72 87
54 66 54 59 66
62 86 62 72 86
11 54 11 20 30 48 54
20 30 20 30
55 57 55 57
22 35 22 25 35
17 39 17 25 33 39
20 73 20 73
27 60 27 29 36 50 51 60
10 26 10 17 20 26
40 89 40 78 84 89
32 76 32 48 54 59 69 76
35 65 35 56 62 65
6 15 6 15
54 78 54 59 66 78
62 65 62 63 65
17 71 17 32 44 55 58 64 71
52 73 52 67 73
8 74 8 58 68 74
26 75 26 55 61 75
75 82 75 82
8 61 8 41 50 51 58 61
64 86 64 86
45 85 45 55 67 82 85
37 58 37 49 51 58
51 77 51 59 66 77
18 79 18 21 26 38 41 79
37 48 37 48
16 89 16 40 89
60 77 60 66 77
20 77 20 32 53 77
78 81 78 81
43 78 43 52 78
39 81 39 58 61 75 80 81
39 89 39 58 77 89
54 59 54 59
15 62 15 21 42 62
5 64 5 36 37 49 51 59 64
20 52 20 30 34 45 52
33 87 33 52 64 68 69 87
3 9 3 9
19 66 19 21 26 42 51 60 66
8 28 8 9 13 26 28
17 60 17 29 36 50 51 60
12 28 12 17 20 26 28
17 60 17 60
14 80 14 34 44 53 80
50 67 50 51 58 67
21 49 21 26 38 41 49
12 75 12 29 48 61 75
74 85 74 85
16 35 16 35
7 74 7 27 58 68 74
12 41 12 24 30 41
18 68 18 22 31 68
2 23 2 23
11 55 11 21 26 55
43 72 43 44 55 67 72
58 75 58 61 75
15 25 15 22 25
60 82 60 82
5 77 5 6 15 26 55 58 77
51 67 51 67
15 63 15 30 41 63
1 19 1 2 14 19
32 47 32 47
6 50 6 24 29 36 50
26 76 26 55 58 68 69 76
62 88 62 63 82 85 88
51 77 51 60 66 77
11 57 11 21 26 38 41 57
14 19 14 19
18 81 18 22 43 80 81
11 57 11 21 26 55 57
6 18 6 18
41 83 41 78 81 83
22 31 22 31
9 61 9 20 39 58 61
1 53 1 3 15 30 34 44 53
14 59 14 25 38 42 51 59
9 76 9 50 59 69 76
2 23 2 23
38 59 38 42 51 59
11 39 11 35 39
2 53 2 14 28 41 53
15 52 15 30 48 52
70 88 70 86 88
47 84 47 67 72 78 84
2 48 2 14 19 21 26 28 37 48
32 65 32 44 55 57 63 65
11 42 11 21 42
20 44 20 30 34 44
3 58 3 27 29 43 44 55 58
26 74 26 38 42 57 74
1 49 1 13 29 36 37 49
20 66 20 66
14 56 14 25 35 56
13 65 13 20 39 65
34 55 34 45 55
28 86 28 35 72 86
16 61 16 31 43 47 61
20 87 20 32 58 64 68 69 87
77 88 77 87 88
31 76 31 43 44 64 68 69 76
6 17 6 17
43 44 43 44
20 77 20 66 77
39 84 39 58 67 72 78 84
50 64 50 51 58 64
5 84 5 36 66 78 84
50 71 50 59 71
24 87 24 77 87
24 39 24 30 39
2 85 2 33 51 60 82 85
11 64 11 33 39 58 64
26 73 26 42 51 58 67 73
21 59 21 59
49 66 49 51 59 66
33 62 33 62
3 58 3 14 28 41 49 51 58
25 85 25 62 72 82 85
6 33 6 17 25 33
26 28 26 28
11 83 11 70 72 78 81 83
67 85 67 72 82 85
7 57 7 32 44 55 57
18 39 18 20 26 28 35 39
22 73 22 31 43 47 67 73
37 67 37 49 51 67
10 17 10 17
48 83 48 52 78 81 83
33 72 33 67 72
24 52 24 27 29 36 48 52
19 72 19 21 42 62 72
45 78 45 50 59 66 78
16 73 16 31 43 52 67 73
20 55 20 26 55
18 65 18 59 65
31 43 31 43
14 44 14 31 43 44
66 81 66 78 81
5 66 5 6 17 20 26 38 41 49 51 60 66
6 77 6 17 52 77
8 29 8 9 17 29
50 81 50 59 66 78 81
2 13 2 9 13
6 37 6 18 20 26 28 37
24 27 24 27
9 20 9 17 20
22 51 22 25 38 42 51
51 84 51 67 72 78 84
0 45 0 10 34 45
17 73 17 25 33 73
52 68 52 64 68
17 39 17 20 39
41 60 41 50 60
14 67 14 34 44 55 58 67
22 31 22 31
6 32 6 16 23 32
51 76 51 64 69 76
25 63 25 38 42 62 63
11 51 11 21 26 38 42 51
55 72 55 57 72
10 66 10 48 54 59 66
51 77 51 60 66 77
39 69 39 58 64 69
20 56 20 56
48 75 48 61 75
35 62 35 56 62
58 61 58 61
26 75 26 75
27 84 27 79 84
6 84 6 18 21 40 78 84
40 69 40 68 69
23 42 23 25 38 42
34 81 34 59 64 81
10 63 10 17 29 43 62 63
29 64 29 43 44 64
51 61 51 58 61
32 89 32 48 54 67 72 78 84 89
82 88 82 85 88
32 66 32 48 54 59 66
44 78 44 55 67 72 78
39 68 39 58 68
7 77 7 42 51 60 66 77
10 38 10 17 20 26 38
6 54 6 27 29 36 48 54
9 56 9 20 26 28 35 56
24 88 24 50 60 69 87 88
42 80 42 51 58 61 75 80
9 74 9 50 59 64 68 74
20 55 20 26 55
38 51 38 41 50 51
55 84 55 57 72 78 84
2 87 2 57 72 87
1 19 1 19
25 63 25 40 63
31 56 31 56
25 75 25 35 39 58 61 75
26 67 26 38 41 50 51 67
17 49 17 33 37 49
18 81 18 21 40 64 81
30 54 30 34 48 54
10 51 10 30 41 49 51
21 49 21 26 38 41 49
9 60 9 17 60
5 6 5 6
3 64 3 37 48 54 59 64
2 52 2 33 37 52
49 68 49 51 64 68
6 49 6 24 30 41 49
6 85 6 37 49 51 58 64 71 82 85
4 8 4 8
6 69 6 30 54 59 69
33 67 33 37 51 67
6 51 6 15 30 41 50 51
20 79 20 79
43 65 43 65
6 51 6 18 22 25 33 37 51
47 80 47 80
8 24 8 9 13 24
3 13 3 9 13
1 22 1 3 15 22
38 51 38 41 50 51
50 59 50 59
17 43 17 29 43
11 39 11 20 39
7 87 7 49 69 87
45 73 45 50 51 67 73
34 79 34 79
32 61 32 44 55 58 61
38 41 38 41
12 69 12 45 50 51 60 69
15 42 15 21 42
6 84 6 30 54 72 78 84
32 58 32 44 55 58
7 65 7 65
12 26 12 17 20 26
35 63 35 63
6 42 6 18 22 25 38 42
14 33 14 25 33
16 40 16 23 37 40
32 59 32 48 54 59
55 72 55 67 72
20 63 20 56 62 63
32 83 32 53 80 83
16 87 16 40 68 69 87
2 50 2 14 28 41 50
2 81 2 57 72 78 81
3 31 3 14 31
46 88 46 77 87 88
20 51 20 30 41 50 51
22 61 22 34 48 61
10 38 10 17 20 26 38
34 81 34 59 66 78 81
36 83 36 48 72 78 81 83
11 34 11 20 30 34
29 44 29 43 44
6 48 6 24 30 34 48
0 42 0 10 17 25 38 42
16 68 16 40 64 68
36 60 36 50 51 60
4 60 4 8 28 37 51 60
7 70 7 29 43 70
23 33 23 25 33
29 80 29 48 52 80
29 67 29 43 44 55 58 67
30 57 30 44 55 57
9 60 9 17 33 51 60
26 74 26 38 41 59 64 68 74
21 40 21 26 28 37 40
59 71 59 64 71
74 85 74 82 85
5 87 5 72 87
43 73 43 44 55 58 67 73
33 46 33 46
25 76 25 40 68 69 76
36 66 36 60 66
12 50 12 29 36 50
43 63 43 44 55 57 63
2 39 2 33 39
62 85 62 74 82 85
50 69 50 59 69
30 49 30 41 49
49 88 49 51 88
12 72 12 72
3 81 3 9 13 28 41 70 81
5 28 5 6 18 20 26 28
0 55 0 45 55
21 75 21 58 61 75
2 53 2 9 20 32 53
17 82 17 25 63 82
14 19 14 19
13 37 13 29 36 37
6 69 6 31 56 64 69
30 82 30 54 67 72 82
15 79 15 30 41 79
16 58 16 35 39 58
14 89 14 70 72 78 84 89
20 56 20 56
23 42 23 25 38 42
32 87 32 66 77 87
0 72 0 57 72
18 21 18 21
38 85 38 42 70 72 82 85
17 60 17 20 30 34 45 50 60
75 83 75 80 81 83
45 74 45 52 64 68 74
10 28 10 17 20 26 28
8 32 8 9 20 32
46 87 46 77 87
42 59 42 51 59
9 53 9 20 32 53
12 60 12 50 51 60
8 42 8 9 20 26 38 42
34 50 34 45 50
8 44 8 34 44
13 20 13 20
4 23 4 23
27 52 27 29 36 48 52
44 55 44 55
5 20 5 6 18 20
12 28 12 17 20 26 28
55 77 55 58 77
8 53 8 9 13 29 36 43 44 53
66 83 66 83
24 36 24 29 36
19 82 19 43 64 68 74 82
32 66 32 66
7 19 7 14 19
4 26 4 8 9 13 26
10 42 10 17 20 26 42
4 62 4 8 62
25 59 25 38 41 50 51 59
38 46 38 42 46
29 79 29 36 55 79
10 86 10 24 29 36 43 64 86
72 87 72 87
77 87 77 87
13 49 13 36 37 49
66 78 66 78
12 54 12 27 29 48 54
37 52 37 52
0 86 0 45 55 79 86
32 48 32 48
60 69 60 69
2 42 2 14 25 38 42
32 59 32 48 54 59
3 9 3 9
18 89 18 34 44 79 84 89
4 78 4 23 37 40 78
6 83 6 16 29 80 83
23 59 23 32 48 54 59
52 69 52 64 69
50 59 50 59
0 79 0 10 30 44 55 79
47 61 47 61
21 49 21 26 28 49
6 63 6 40 63
13 87 13 36 43 47 67 72 87
37 40 37 40
12 57 12 57
42 64 42 51 64
6 17 6 17
40 74 40 68 74
51 84 51 67 72 78 84
6 32 6 18 20 32
34 50 34 45 50
3 81 3 14 42 62 72 78 81
6 39 6 18 20 30 39
27 69 27 58 64 68 69
48 89 48 54 59 89
8 60 8 34 45 50 60
10 61 10 44 55 58 61
26 62 26 28 35 56 62
50 85 50 59 71 82 85
28 63 28 41 57 63
56 88 56 82 85 88
56 82 56 82
75 88 75 88
71 82 71 82
2 72 2 56 62 72
1 26 1 19 21 26
7 28 7 14 19 21 26 28
59 86 59 86
50 71 50 60 66 71
4 85 4 30 54 71 82 85
25 80 25 33 49 51 58 61 75 80
31 62 31 43 62
18 54 18 20 32 48 54
32 66 32 48 54 59 66
5 33 5 6 17 33
17 38 17 25 38
54 87 54 67 72 87
57 88 57 82 85 88
22 50 22 34 45 50
24 71 24 30 44 55 58 64 71
25 42 25 38 42
29 60 29 36 60
40 64 40 64
41 63 41 63
42 61 42 51 58 61
8 72 8 28 35 39 58 67 72
21 26 21 26
43 74 43 64 68 74
64 82 64 71 82
55 77 55 58 77
1 3 1 3
26 83 26 67 72 78 81 83
22 75 22 34 44 55 58 61 75
4 77 4 8 41 50 51 59 77
17 87 17 25 33 37 72 87
15 58 15 30 34 44 55 58
26 67 26 67
15 44 15 22 34 44
51 69 51 60 69
44 61 44 55 61
7 85 7 43 64 82 85
12 30 12 17 20 30
4 76 4 13 26 38 42 51 60 69 76
14 84 14 34 44 79 84
20 45 20 30 34 45
47 81 47 67 72 78 81
42 80 42 57 63 80
54 75 54 75
38 66 38 60 66
10 34 10 34
18 62 18 22 25 35 56 62
38 41 38 41
5 39 5 6 30 39
0 80 0 27 53 80
3 62 3 9 20 56 62
26 56 26 28 35 56
13 64 13 24 29 48 52 64
10 85 10 34 45 67 72 82 85
4 37 4 8 9 13 36 37
11 21 11 21
1 43 1 3 15 22 31 43
6 43 6 18 22 31 43
9 47 9 17 20 32 47
6 48 6 18 22 34 48
30 86 30 34 79 86
21 86 21 26 28 35 39 58 67 72 86
9 29 9 13 29
26 80 26 42 57 63 80
6 42 6 15 21 42
22 89 22 31 56 78 84 89
26 59 26 42 51 59
25 60 25 33 49 51 60
33 72 33 39 58 67 72
5 53 5 36 43 44 53
2 23 2 23
45 67 45 55 58 67
11 84 11 70 72 78 84
15 37 15 22 25 33 37
45 78 45 57 78
18 34 18 20 30 34
20 45 20 30 34 45
24 45 24 30 34 45
45 75 45 75
70 82 70 71 82
63 85 63 82 85
56 82 56 82
12 56 12 17 25 35 56
43 47 43 47
54 81 54 67 72 78 81
33 62 33 62
28 78 28 37 49 72 78
12 73 12 73
0 42 0 10 17 25 38 42
28 73 28 37 49 51 67 73
9 64 9 13 28 41 50 51 58 64
1 87 1 2 33 52 64 69 87
13 32 13 20 32
45 77 45 54 59 66 77
24 87 24 27 72 87
18 43 18 22 43
20 83 20 79 81 83
39 69 39 58 68 69
28 60 28 49 51 60
37 77 37 77
36 67 36 37 51 67
9 40 9 20 40
4 45 4 30 34 45
12 29 12 29
1 49 1 2 33 49
4 76 4 13 24 43 44 64 68 69 76
41 64 41 59 64
50 64 50 51 58 64
15 51 15 22 33 37 51
23 37 23 37
5 39 5 6 17 20 26 28 35 39
6 18 6 18
8 9 8 9
32 57 32 44 55 57
38 89 38 42 57 78 84 89
16 83 16 31 56 78 81 83
20 30 20 30
22 77 22 25 38 42 46 77
27 29 27 29
12 20 12 17 20
41 75 41 50 51 58 61 75
50 84 50 51 60 66 78 84
47 75 47 61 75
0 81 0 27 70 72 78 81
14 39 14 28 35 39
6 63 6 27 29 36 43 62 63
11 33 11 33
4 85 4 49 51 64 71 82 85
6 48 6 24 30 34 48
5 52 5 6 18 21 26 28 37 48 52
45 64 45 64
14 66 14 42 51 59 66
36 75 36 48 75
58 75 58 61 75
20 79 20 30 34 45 55 79
12 56 12 17 20 56
30 45 30 34 45
78 84 78 84
6 29 6 27 29
32 80 32 58 61 75 80
24 39 24 30 39
50 80 50 51 58 61 75 80
23 38 23 25 38
36 75 36 50 51 58 61 75
1 13 1 13
6 75 6 37 49 51 58 61 75
49 68 49 51 64 68
16 55 16 29 43 44 55
49 68 49 51 59 64 68
40 63 40 63
2 57 2 9 17 32 44 55 57
10 38 10 17 25 38
19 38 19 38
5 46 5 6 17 20 26 28 46
67 88 67 82 85 88
36 85 36 60 82 85
12 20 12 17 20
6 23 6 16 23
17 29 17 29
18 25 18 22 25
59 89 59 77 89
14 68 14 42 51 64 68
2 13 2 9 13
3 72 3 58 67 72
7 88 7 57 82 85 88
11 53 11 21 26 28 41 53
15 21 15 21
10 43 10 17 29 36 43
22 59 22 33 51 59
41 84 41 79 84
8 78 8 40 78
41 63 41 63
12 68 12 37 59 64 68
23 59 23 25 33 49 51 59
37 81 37 52 78 81
34 65 34 65
13 29 13 24 29
84 88 84 88
36 81 36 37 48 54 75 80 81
18 76 18 20 39 58 64 69 76
7 69 7 40 64 68 69
0 28 0 10 17 20 26 28
12 60 12 29 36 60
70 81 70 81
22 31 22 31
24 34 24 30 34
45 78 45 52 78
37 80 37 40 63 80
28 58 28 35 39 58
32 44 32 44
28 40 28 37 40
44 73 44 55 67 73
15 79 15 22 34 45 55 79
15 51 15 30 41 50 51
23 68 23 25 35 56 64 68
64 87 64 68 69 87
22 73 22 31 43 44 55 67 73
52 80 52 80
11 26 11 20 26
9 13 9 13
22 74 22 33 62 74
29 77 29 36 43 77
2 50 2 23 25 38 41 50
7 65 7 65
64 85 64 68 74 85
72 78 72 78
51 71 51 59 66 71
25 38 25 38
28 82 28 49 72 82
44 84 44 53 84
45 78 45 55 58 67 72 78
26 38 26 38
47 80 47 75 80
63 82 63 82
19 57 19 38 41 57
14 81 14 19 33 39 58 61 75 80 81
12 25 12 17 25
62 63 62 63
40 63 40 63
67 88 67 82 85 88
0 47 0 24 29 36 43 47
43 85 43 64 68 74 82 85
1 44 1 19 43 44
67 87 67 72 87
36 66 36 66
18 21 18 21
50 51 50 51
75 81 75 80 81
32 75 32 44 55 61 75
60 78 60 66 78
24 45 24 30 34 45
11 58 11 21 58
2 64 2 9 17 29 36 55 58 64
36 55 36 43 44 55
28 41 28 41
13 64 13 20 55 58 64
17 63 17 29 43 62 63
41 84 41 79 84
47 77 47 77
56 80 56 62 63 80
12 81 12 44 78 81
12 75 12 24 29 43 47 61 75
26 63 26 38 41 63
26 67 26 67
27 43 27 29 36 43
30 80 30 54 75 80
27 74 27 44 55 57 74
48 83 48 72 78 81 83
24 74 24 43 64 68 74
14 44 14 19 43 44
9 83 9 20 26 38 42 51 59 64 81 83
14 57 14 28 41 57
22 88 22 33 72 78 84 88
8 37 8 28 37
63 83 63 83
10 29 10 24 27 29
25 82 25 82
24 52 24 27 29 36 37 48 52
33 73 33 51 58 67 73
33 71 33 39 58 64 71
18 31 18 22 31
23 83 23 49 72 78 81 83
29 67 29 48 54 67
41 67 41 50 51 58 67
18 43 18 22 43
33 63 33 37 40 63
63 83 63 80 83
27 44 27 29 43 44
45 78 45 67 72 78
3 69 3 30 44 55 58 68 69
17 78 17 78
43 85 43 44 64 82 85
29 53 29 36 43 44 53
16 53 16 28 41 53
51 65 51 59 65
67 85 67 82 85
31 68 31 43 64 68
47 84 47 67 72 78 84
9 33 9 17 25 33
70 72 70 72
32 77 32 48 52 77
32 44 32 44
18 32 18 20 32
34 52 34 48 52
16 55 16 23 55
14 81 14 42 51 60 66 78 81
43 70 43 70
29 43 29 36 43
14 73 14 19 38 42 51 58 67 73
33 74 33 37 40 64 68 74
12 80 12 24 27 29 75 80
18 68 18 34 45 54 59 64 68
4 89 4 8 58 67 72 78 84 89
41 85 41 63 82 85
36 65 36 55 57 63 65
38 46 38 42 46
8 87 8 28 46 77 87
48 88 48 72 88
41 69 41 50 60 69
3 36 3 9 13 29 36
56 72 56 62 72
39 67 39 58 67
23 54 23 25 33 37 48 54
2 78 2 33 37 51 67 72 78
11 58 11 21 42 51 58
2 85 2 57 74 82 85
31 44 31 43 44
13 79 13 20 55 79
36 71 36 59 71
26 46 26 42 46
3 82 3 38 70 71 82
2 42 2 14 19 38 42
4 30 4 13 20 30
20 63 20 55 57 63
16 71 16 31 56 64 71
45 58 45 50 51 58
9 17 9 17
11 88 11 68 69 87 88
11 51 11 33 37 51
16 47 16 31 43 47
14 50 14 28 41 50
7 63 7 27 44 55 57 63
63 81 63 80 81
6 15 6 15
7 19 7 14 19
28 85 28 64 68 74 85
5 47 5 6 16 23 32 47
74 82 74 82
31 76 31 43 44 64 69 76
54 64 54 59 64
32 54 32 48 54
38 41 38 41
57 88 57 63 82 85 88
33 71 33 52 64 71
39 68 39 58 64 68
32 58 32 44 55 58
8 9 8 9
37 74 37 49 51 64 68 74
23 57 23 25 57
10 76 10 44 64 68 69 76
63 65 63 65
43 53 43 44 53
58 85 58 85
0 86 0 45 55 79 86
0 76 0 13 24 29 36 48 52 64 69 76
7 65 7 62 65
1 27 1 2 9 13 24 27
54 75 54 75
0 59 0 59
6 48 6 27 29 36 48
39 68 39 58 68
13 20 13 20
1 32 1 3 9 17 32
70 72 70 72
29 73 29 48 54 67 73
14 70 14 19 43 70
32 66 32 66
8 9 8 9
2 53 2 9 13 24 30 53
19 42 19 38 42
23 77 23 55 58 77
45 67 45 54 67
62 63 62 63
12 84 12 37 84
52 67 52 67
22 53 22 43 44 53
1 67 1 39 58 67
60 78 60 66 78
16 89 16 29 48 54 72 78 84 89
54 89 54 67 72 78 84 89
29 43 29 43
24 79 24 55 79
13 64 13 20 56 64
30 79 30 44 55 79
2 56 2 9 20 26 28 35 56
50 80 50 51 58 61 75 80
14 54 14 19 33 37 48 54
30 52 30 48 52
28 71 28 64 71
7 29 7 27 29
41 60 41 49 51 60
55 76 55 58 68 69 76
36 59 36 37 59
11 62 11 35 56 62
47 61 47 61
17 33 17 33
54 82 54 67 72 82
7 50 7 28 41 50
41 53 41 53
33 73 33 52 67 73
0 34 0 13 24 30 34
6 37 6 27 29 36 37
0 25 0 10 17 25
24 43 24 43
36 82 36 50 60 82
43 85 43 64 82 85
33 59 33 49 51 59
27 43 27 29 36 43
14 68 14 25 38 42 51 58 64 68
4 40 4 8 40
52 69 52 64 68 69
20 83 20 32 53 80 83
42 85 42 51 58 61 75 82 85
5 50 5 36 50
19 69 19 21 59 64 68 69
50 59 50 59
7 32 7 32
46 87 46 77 87
10 61 10 24 55 58 61
21 86 21 40 64 86
72 87 72 87
18 89 18 59 89
10 30 10 17 20 30
39 87 39 58 77 87
50 87 50 60 69 87
6 15 6 15
19 41 19 21 26 28 41
45 69 45 54 59 64 68 69
34 55 34 44 55
34 59 34 59
17 68 17 32 44 64 68
8 50 8 34 45 50
16 40 16 23 37 40
49 51 49 51
60 87 60 66 77 87
47 81 47 75 80 81
6 59 6 27 29 36 59
1 44 1 19 43 44
16 80 16 35 39 58 61 75 80
26 62 26 28 35 56 62
30 70 30 41 70
50 80 50 51 80
49 72 49 72
49 67 49 51 67
70 86 70 86
30 85 30 39 85
23 80 23 25 57 63 80
20 59 20 32 48 54 59
70 78 70 72 78
16 31 16 31
32 53 32 44 53
10 75 10 44 55 58 61 75
5 64 5 6 37 51 64
10 63 10 24 27 29 36 43 44 55 57 63
2 23 2 23
30 82 30 54 59 71 82
37 51 37 51
13 41 13 24 30 41
30 34 30 34
28 58 28 35 39 58
14 56 14 19 56
1 78 1 13 28 49 51 67 72 78
57 72 57 72
13 41 13 20 30 41
8 61 8 58 61
77 89 77 89
9 77 9 50 60 66 77
4 56 4 13 26 28 35 56
36 49 36 37 49
29 64 29 48 52 64
16 23 16 23
62 86 62 72 86
21 80 21 26 55 61 75 80
36 85 36 60 66 71 82 85
6 32 6 17 20 32
26 62 26 28 35 56 62
16 68 16 68
70 78 70 72 78
30 88 30 44 64 71 82 85 88
6 37 6 27 29 36 37
72 85 72 82 85
25 42 25 38 42
80 83 80 81 83
0 34 0 10 30 34
8 28 8 28
30 84 30 48 54 67 72 78 84
10 60 10 60
52 86 52 64 86
14 21 14 19 21
39 84 39 58 67 72 78 84
34 86 34 45 52 64 86
10 61 10 17 58 61
78 88 78 81 83 88
69 88 69 87 88
29 70 29 36 43 70
66 71 66 71
45 84 45 52 67 72 78 84
8 62 8 9 17 29 36 43 62
3 72 3 37 51 67 72
22 54 22 25 33 37 48 54
41 79 41 79
52 73 52 67 73
43 83 43 44 53 80 83
2 24 2 9 13 24
19 38 19 21 26 38
28 82 28 68 74 82
10 63 10 30 34 44 55 57 63
24 27 24 27
37 40 37 40
17 56 17 20 56
34 66 34 59 66
25 60 25 38 41 49 51 60
8 32 8 9 17 32
32 87 32 58 64 68 69 87
11 20 11 20
0 25 0 10 17 25
29 72 29 70 72
48 89 48 52 89
49 80 49 51 80
36 89 36 60 66 78 84 89
11 59 11 20 32 48 54 59
20 35 20 26 28 35
20 72 20 32 44 55 57 72
38 89 38 41 70 72 78 84 89
26 65 26 38 65
21 35 21 26 28 35
87 88 87 88
5 84 5 79 84
18 42 18 20 26 38 42
1 66 1 2 9 50 60 66
36 48 36 48
66 71 66 71
43 84 43 62 72 78 84
15 76 15 76
28 56 28 35 56
54 59 54 59
21 73 21 58 67 73
9 77 9 13 28 41 50 59 77
15 46 15 26 42 46
47 80 47 61 75 80
1 7 1 7
72 87 72 87
64 86 64 86
19 86 19 33 62 72 86
1 22 1 3 15 22
43 73 43 44 55 67 73
32 48 32 48
41 83 41 59 66 78 81 83
35 72 35 72
22 38 22 25 38
23 42 23 25 38 42
6 56 6 31 56
12 37 12 27 29 36 37
51 58 51 58
6 44 6 16 31 43 44
18 35 18 20 26 28 35
38 42 38 42
18 33 18 22 25 33
54 66 54 59 66
7 27 7 27
12 69 12 50 60 69
26 88 26 55 67 72 78 81 83 88
22 89 22 34 44 84 89
27 72 27 72
33 73 33 73
1 82 1 37 72 82
36 43 36 43
17 54 17 32 48 54
37 82 37 49 51 60 66 71 82
24 62 24 29 36 43 62
28 87 28 69 87
43 85 43 62 63 82 85
52 77 52 77
26 73 26 42 51 58 67 73
33 87 33 49 72 87
48 73 48 52 67 73
23 80 23 35 63 80
68 69 68 69
44 69 44 55 58 68 69
60 71 60 66 71
42 65 42 57 63 65
7 49 7 14 19 38 41 49
12 74 12 17 29 43 44 55 58 64 68 74
4 70 4 8 9 13 28 41 70
75 83 75 80 83
43 65 43 44 55 57 63 65
45 88 45 57 72 78 84 88
58 61 58 61
18 31 18 22 31
28 78 28 35 39 58 67 72 78
10 46 10 17 33 46
38 85 38 70 82 85
7 21 7 14 19 21
63 80 63 80
70 88 70 82 85 88
2 83 2 23 79 83
30 41 30 41
22 85 22 33 49 72 82 85
3 9 3 9
11 62 11 33 62
15 77 15 30 48 54 59 77
32 48 32 48
38 86 38 42 51 86
51 67 51 58 67
9 62 9 17 25 38 42 62
52 64 52 64
43 74 43 44 55 58 64 68 74
18 75 18 20 55 58 61 75
30 70 30 41 70
25 63 25 40 63
16 73 16 29 43 47 67 73
24 89 24 55 58 77 89
7 60 7 14 42 51 60
52 78 52 78
15 30 15 30
9 60 9 20 26 28 41 49 51 60
13 37 13 20 26 28 37
14 89 14 19 78 84 89
14 60 14 34 45 50 51 60
13 85 13 20 55 57 82 85
12 61 12 27 44 55 61
70 89 70 72 78 84 89
21 86 21 42 70 86
6 84 6 40 78 84
15 51 15 21 26 42 51
55 86 55 57 72 86
50 64 50 59 64
62 88 62 63 83 88
33 46 33 46
33 67 33 67
11 33 11 33
21 77 21 59 77
17 25 17 25
14 25 14 25
14 39 14 25 35 39
2 13 2 9 13
32 44 32 44
11 52 11 20 30 34 45 52
37 49 37 49
27 68 27 44 55 58 64 68
4 26 4 8 9 20 26
45 75 45 75
17 39 17 25 35 39
2 53 2 23 25 38 41 53
12 70 12 17 20 30 41 70
43 78 43 62 72 78
17 39 17 20 26 28 35 39
21 40 21 26 28 37 40
46 88 46 77 88
3 27 3 27
32 53 32 53
17 39 17 25 33 39
19 21 19 21
58 77 58 77
5 52 5 36 48 52
3 15 3 15
51 74 51 59 64 68 74
37 65 37 48 54 59 65
8 58 8 34 44 55 58
36 65 36 55 57 63 65
33 49 33 37 49
18 75 18 20 32 47 61 75
16 47 16 23 32 47
0 28 0 20 26 28
44 55 44 55
36 49 36 37 49
72 78 72 78
37 80 37 51 58 61 75 80
19 78 19 43 52 67 72 78
7 74 7 56 62 74
18 67 18 34 45 67
25 38 25 38
15 53 15 26 28 41 53
34 55 34 44 55
26 74 26 38 42 51 59 64 68 74
70 89 70 72 78 84 89
45 75 45 50 51 58 61 75
12 42 12 17 20 26 38 42
0 24 0 24
27 82 27 72 82
30 75 30 41 50 51 58 61 75
41 79 41 79
4 40 4 13 36 37 40
1 7 1 7
14 44 14 34 44
5 84 5 79 84
22 75 22 43 44 55 58 61 75
5 35 5 6 18 22 25 35
50 80 50 51 80
5 6 5 6
38 42 38 42
57 81 57 72 78 81
4 51 4 41 49 51
0 77 0 59 66 77
77 88 77 88
45 82 45 50 82
28 86 28 37 51 59 86
26 46 26 28 46
54 71 54 59 64 71
44 69 44 55 58 68 69
26 55 26 55
17 68 17 20 56 64 68
10 78 10 44 55 58 67 72 78
24 60 24 29 36 60
0 47 0 10 17 29 36 43 47
9 40 9 17 33 37 40
3 79 3 38 41 79
9 60 9 17 33 49 51 60
43 84 43 62 72 78 84
18 58 18 21 42 51 58
33 60 33 51 60
2 38 2 23 25 38
23 66 23 66
1 78 1 7 28 37 48 72 78
8 88 8 40 78 84 88
12 73 12 73
56 78 56 62 72 78
38 73 38 42 51 58 67 73
2 89 2 23 35 72 78 84 89
0 10 0 10
5 17 5 6 17
19 42 19 38 42
3 64 3 30 34 59 64
32 86 32 86
14 70 14 31 43 70
64 86 64 86
36 74 36 59 64 68 74
2 52 2 23 32 48 52
13 37 13 26 28 37
12 44 12 44
58 78 58 67 72 78
86 88 86 88
4 60 4 13 36 60
11 33 11 33
24 34 24 30 34
12 87 12 24 55 58 68 69 87
58 78 58 67 72 78
14 60 14 19 21 42 51 60
15 67 15 21 58 67
21 85 21 59 71 82 85
45 54 45 54
45 69 45 52 64 69
28 73 28 41 50 51 58 67 73
17 63 17 33 62 63
58 78 58 67 72 78
50 85 50 59 71 82 85
23 88 23 87 88
27 75 27 58 61 75
27 84 27 70 72 78 84
15 21 15 21
13 32 13 20 32
22 79 22 31 43 44 55 79
75 83 75 80 83
8 35 8 28 35
20 73 20 26 67 73
23 38 23 25 38
29 67 29 36 50 51 58 67
36 66 36 66
37 48 37 48
3 66 3 15 30 48 54 59 66
12 27 12 27
54 80 54 75 80
18 41 18 22 25 38 41
4 74 4 23 37 59 64 68 74
0 82 0 10 52 71 82
0 13 0 13
2 23 2 23
11 64 11 20 39 58 64
36 74 36 50 59 64 68 74
21 57 21 26 42 57
43 52 43 52
4 41 4 8 28 41
20 51 20 26 28 49 51
32 58 32 58
22 52 22 33 37 48 52
25 40 25 40
15 30 15 30
43 52 43 52
56 72 56 62 72
51 84 51 58 67 72 78 84
23 49 23 25 38 41 49
11 55 11 21 26 55
34 44 34 44
52 71 52 71
62 72 62 72
43 63 43 62 63
0 88 0 57 82 85 88
6 84 6 44 79 84
24 36 24 29 36
23 32 23 32
52 85 52 71 82 85
49 80 49 51 80
8 89 8 40 78 84 89
51 75 51 58 61 75
7 43 7 27 29 36 43
43 89 43 44 78 84 89
17 81 17 81
43 87 43 77 87
59 64 59 64
35 62 35 56 62
16 36 16 29 36
7 29 7 27 29
32 65 32 48 54 59 65
42 58 42 51 58
27 66 27 29 48 54 59 66
3 83 3 27 53 80 81 83
21 46 21 26 28 46
38 66 38 42 51 59 66
17 81 17 33 51 60 66 78 81
19 78 19 78
27 48 27 29 48
77 88 77 88
18 32 18 20 32
37 40 37 40
17 60 17 29 36 37 51 60
18 70 18 21 42 70
26 49 26 38 41 49
30 41 30 41
32 63 32 44 55 57 63
42 59 42 51 59
9 73 9 24 27 58 67 73
64 68 64 68
17 80 17 29 36 50 51 80
19 82 19 38 41 50 82
4 57 4 23 25 57
22 87 22 33 39 69 87
51 88 51 67 72 86 88
17 33 17 33
20 40 20 26 28 37 40
15 61 15 21 42 51 58 61
32 57 32 44 55 57
25 64 25 38 41 50 51 58 64
29 70 29 43 70
16 38 16 23 25 38
55 79 55 79
29 54 29 48 54
52 86 52 64 86
11 48 11 20 32 48
25 60 25 38 41 49 51 60
43 77 43 47 77
18 41 18 20 30 41
36 60 36 60
10 70 10 30 41 70
0 75 0 47 75
43 62 43 62
36 59 36 50 59
32 89 32 66 77 89
26 28 26 28
64 74 64 68 74
32 47 32 47
51 88 51 58 61 88
45 82 45 54 75 82
59 82 59 71 82
45 52 45 52
17 86 17 70 72 86
16 33 16 23 25 33
40 80 40 63 80
33 87 33 72 87
28 41 28 41
45 69 45 50 60 69
5 47 5 36 43 47
32 75 32 48 54 75
27 85 27 58 64 68 74 82 85
30 39 30 39
24 58 24 50 51 58
41 86 41 67 72 86
18 43 18 22 31 43
59 65 59 65
16 80 16 40 63 80
0 42 0 10 17 20 26 38 42
24 74 24 27 44 55 58 64 68 74
14 56 14 28 35 56
66 83 66 83
71 85 71 82 85
49 69 49 69
4 48 4 23 32 48
6 26 6 15 21 26
44 64 44 64
19 82 19 33 82
3 33 3 14 19 33
27 59 27 29 36 37 48 54 59
18 59 18 22 59
45 66 45 54 59 66
3 86 3 27 44 64 86
60 71 60 66 71
54 59 54 59
32 61 32 44 55 61
58 67 58 67
22 77 22 31 43 44 53 77
19 89 19 78 84 89
37 40 37 40
34 44 34 44
9 24 9 13 24
9 79 9 17 20 55 79
1 86 1 2 14 28 41 70 86
55 69 55 58 64 68 69
36 89 36 43 62 72 78 84 89
1 2 1 2
63 81 63 80 81
64 71 64 71
12 60 12 17 29 36 60
68 82 68 74 82
56 72 56 62 72
47 73 47 67 73
52 80 52 80
38 73 38 41 67 73
28 41 28 41
33 37 33 37
8 51 8 41 49 51
59 64 59 64
14 52 14 25 33 52
4 66 4 8 28 49 51 59 66
16 28 16 28
22 52 22 43 52
27 88 27 44 78 81 83 88
19 49 19 21 26 38 41 49
4 60 4 60
19 55 19 43 44 55
10 83 10 24 80 81 83
2 38 2 23 25 38
22 66 22 25 35 59 66
22 53 22 31 43 44 53
3 34 3 30 34
33 73 33 67 73
17 32 17 20 32
56 82 56 62 72 82
48 64 48 54 59 64
61 75 61 75
1 27 1 2 9 24 27
14 54 14 28 37 48 54
21 35 21 26 28 35
30 87 30 54 59 64 68 69 87
50 73 50 51 58 67 73
2 81 2 57 63 80 81
26 56 26 28 35 56
10 88 10 60 69 87 88
11 54 11 33 37 48 54
12 24 12 24
10 43 10 17 29 36 43
18 65 18 20 26 28 37 59 65
4 23 4 23
50 64 50 59 64
10 51 10 24 29 36 37 49 51
7 73 7 42 51 67 73
14 84 14 42 62 72 78 84
61 75 61 75
5 33 5 6 18 22 25 33
1 39 1 19 33 39
22 53 22 43 44 53
16 55 16 44 55
13 82 13 64 82
43 84 43 47 67 72 78 84
59 77 59 66 77
0 24 0 13 24
4 77 4 30 41 59 77
0 38 0 13 26 38
37 75 37 48 75
67 73 67 73
34 60 34 45 50 60
54 89 54 59 77 89
1 39 1 39
49 68 49 51 64 68
45 55 45 55
15 25 15 22 25
44 78 44 55 57 78
5 57 5 36 43 44 55 57
32 83 32 66 83
27 59 27 29 48 54 59
20 50 20 30 41 50
10 63 10 17 32 44 55 57 63
8 42 8 9 17 25 38 42
51 65 51 59 65
41 78 41 59 66 78
27 75 27 29 43 47 61 75
8 61 8 58 61
43 84 43 62 72 78 84
49 88 49 72 86 88
38 60 38 41 50 51 60
12 63 12 57 63
70 86 70 72 86
7 68 7 14 68
18 51 18 21 26 42 51
82 88 82 85 88
8 24 8 9 13 24
50 64 50 51 64
16 28 16 28
5 70 5 70
23 44 23 32 44
19 71 19 56 64 71
48 83 48 52 83
0 89 0 59 89
11 42 11 20 26 38 42
13 62 13 29 43 62
48 65 48 54 59 65
6 17 6 17
52 86 52 67 72 86
16 28 16 28
25 49 25 38 41 49
84 88 84 88
63 82 63 82
54 82 54 72 82
28 87 28 64 69 87
26 56 26 28 35 56
1 27 1 3 27
26 60 26 42 51 60
11 84 11 59 66 78 84
62 80 62 63 80
27 44 27 29 36 43 44
36 65 36 59 65
23 33 23 25 33
14 33 14 25 33
41 78 41 78
64 71 64 71
3 27 3 27
37 60 37 51 60
2 33 2 33
42 59 42 51 59
31 69 31 56 64 69
11 72 11 33 67 72
22 31 22 31
0 71 0 20 55 58 64 71
14 45 14 34 45
15 63 15 21 42 62 63
56 62 56 62
19 55 19 21 26 55
8 51 8 41 49 51
24 79 24 27 44 55 79
45 78 45 55 58 67 72 78
22 82 22 25 74 82
51 80 51 58 61 75 80
6 59 6 27 29 36 50 59
55 86 55 79 86
6 31 6 16 31
17 71 17 20 39 58 64 71
19 46 19 38 42 46
28 85 28 37 51 58 61 75 82 85
32 47 32 47
12 29 12 29
62 82 62 72 82
3 66 3 9 24 30 54 59 66
42 75 42 51 58 61 75
0 26 0 20 26
54 84 54 72 78 84
46 77 46 77
14 34 14 34
19 39 19 21 26 28 35 39
23 44 23 32 44
56 64 56 64
42 65 42 62 65
38 63 38 42 62 63
0 71 0 20 55 58 64 71
78 88 78 84 88
11 53 11 20 30 41 53
10 40 10 17 29 36 37 40
48 72 48 54 67 72
24 64 24 27 29 36 55 58 64
17 52 17 20 32 48 52
13 71 13 60 66 71
28 64 28 64
6 75 6 54 75
9 44 9 24 27 44
9 74 9 24 55 57 74
11 70 11 70
29 75 29 75
1 89 1 39 58 67 72 78 84 89
54 84 54 59 66 78 84
15 57 15 30 41 57
6 51 6 15 26 42 51
55 57 55 57
38 86 38 70 72 86
4 37 4 8 28 37
24 89 24 89
10 17 10 17
31 56 31 56
31 44 31 43 44
29 70 29 36 43 70
17 33 17 33
16 59 16 29 48 54 59
25 33 25 33
18 39 18 22 33 39
23 78 23 78
48 81 48 61 75 80 81
42 61 42 51 58 61
5 88 5 75 82 85 88
7 60 7 27 29 36 50 51 60
80 81 80 81
18 48 18 34 48
3 64 3 16 35 59 64
17 35 17 25 35
11 80 11 33 61 75 80
25 51 25 33 37 51
2 75 2 23 35 39 58 61 75
48 81 48 52 78 81
0 82 0 10 34 45 64 68 74 82
56 62 56 62
51 59 51 59
26 59 26 28 37 59
67 84 67 72 78 84
15 77 15 58 77
21 86 21 42 62 72 86
59 65 59 65
52 80 52 80
24 47 24 29 36 43 47
45 57 45 57
20 51 20 30 41 50 51
10 47 10 17 20 32 47
51 58 51 58
4 56 4 13 26 28 35 56
41 57 41 57
32 44 32 44
9 29 9 24 27 29
2 74 2 33 62 74
38 51 38 41 49 51
18 34 18 22 34
34 52 34 45 52
56 82 56 64 71 82
0 25 0 10 17 25
28 87 28 41 70 72 87
56 81 56 64 81
63 81 63 80 81
18 68 18 20 55 58 68
32 66 32 66
23 89 23 37 40 78 84 89
9 17 9 17
19 42 19 21 26 42
0 20 0 13 20
9 84 9 17 25 57 72 78 84
4 49 4 41 49
72 82 72 82
30 63 30 34 45 55 57 63
30 86 30 34 44 55 57 72 86
32 81 32 48 75 80 81
19 26 19 21 26
52 71 52 71
79 89 79 84 89
33 68 33 39 58 68
40 65 40 63 65
13 32 13 20 32
55 71 55 58 64 71
57 88 57 72 78 84 88
40 68 40 68
48 75 48 75
12 37 12 27 29 36 37
8 39 8 9 17 25 35 39
44 83 44 55 57 63 83
26 60 26 42 51 60
9 44 9 24 30 44
35 88 35 63 88
8 30 8 9 24 30
24 63 24 55 57 63
11 77 11 35 39 58 77
15 77 15 26 55 58 77
10 86 10 34 48 52 67 72 86
4 87 4 69 87
26 68 26 42 51 59 64 68
70 78 70 72 78
79 81 79 81
37 51 37 49 51
17 38 17 25 38
49 67 49 51 58 67
23 42 23 25 38 42
33 72 33 72
50 69 50 60 69
1 13 1 13
8 44 8 34 44
37 85 37 72 82 85
10 80 10 48 54 75 80
5 87 5 72 87
77 87 77 87
22 57 22 25 57
52 67 52 67
44 78 44 55 57 78
22 35 22 25 35
10 64 10 52 64
58 75 58 61 75
4 87 4 41 50 59 66 77 87
60 66 60 66
36 81 36 81
3 79 3 30 44 79
28 49 28 41 49
8 75 8 28 41 49 51 58 61 75
58 78 58 67 72 78
54 67 54 67
16 55 16 23 55
12 61 12 29 48 61
20 51 20 30 41 49 51
44 55 44 55
25 63 25 62 63
70 88 70 72 82 85 88
13 86 13 26 28 41 70 86
6 55 6 24 27 29 43 44 55
25 85 25 33 67 72 82 85
33 46 33 46
28 78 28 35 56 78
3 42 3 38 42
16 29 16 29
8 45 8 9 17 20 30 34 45
45 69 45 52 64 68 69
62 83 62 63 83
8 58 8 34 44 55 58
23 84 23 35 39 58 67 72 78 84
55 84 55 84
30 49 30 41 49
68 74 68 74
28 52 28 37 52
10 88 10 60 82 85 88
79 86 79 86
16 42 16 23 25 38 42
29 62 29 36 43 62
45 78 45 52 67 72 78
6 54 6 54
26 42 26 38 42
45 67 45 55 67
12 37 12 29 36 37
13 62 13 26 28 35 56 62
56 64 56 64
22 57 22 43 44 55 57
28 77 28 46 77
45 59 45 50 59
61 88 61 88
27 36 27 29 36
0 35 0 10 17 25 35
56 64 56 64
11 55 11 20 30 34 45 55
34 76 34 45 52 64 68 69 76
24 39 24 30 39
1 73 1 3 58 67 73
47 73 47 67 73
15 61 15 26 38 41 50 51 58 61
34 48 34 48
81 83 81 83
46 77 46 77
13 49 13 49
13 54 13 29 36 48 54
55 79 55 79
58 82 58 64 82
43 78 43 52 78
3 34 3 30 34
9 50 9 13 36 50
7 70 7 14 42 70
50 82 50 82
26 80 26 55 61 75 80
17 82 17 20 26 55 57 74 82
45 82 45 64 71 82
6 85 6 37 49 72 82 85
27 58 27 29 43 44 55 58
70 82 70 71 82
1 39 1 39
50 84 50 51 58 67 72 78 84
0 55 0 20 55
1 35 1 3 16 23 35
53 84 53 84
27 75 27 29 75
0 54 0 45 54
0 51 0 13 20 26 42 51
41 67 41 50 51 67
34 65 34 48 54 59 65
22 83 22 59 64 81 83
0 35 0 13 26 28 35
28 86 28 35 59 86
30 86 30 34 59 64 86
81 83 81 83
27 88 27 29 81 83 88
64 87 64 69 87
13 51 13 29 36 37 51
53 84 53 84
51 61 51 58 61
48 83 48 54 59 66 83
3 23 3 16 23
9 40 9 24 29 36 37 40
2 71 2 9 71
29 44 29 43 44
33 74 33 49 51 64 68 74
16 82 16 35 39 58 68 74 82
55 86 55 79 86
6 54 6 17 29 36 37 48 54
21 26 21 26
24 27 24 27
4 86 4 23 37 49 51 58 64 86
43 63 43 62 63
41 72 41 50 51 58 67 72
30 49 30 41 49
59 71 59 66 71
36 44 36 43 44
20 51 20 30 34 45 50 51
3 14 3 14
30 75 30 41 49 51 58 61 75
15 77 15 26 42 46 77
33 71 33 51 59 66 71
37 67 37 52 67
47 89 47 77 89
12 20 12 17 20
11 35 11 20 26 28 35
9 50 9 13 24 27 29 36 50
25 79 25 79
1 80 1 26 38 41 53 80
74 85 74 85
3 83 3 15 22 25 40 78 81 83
5 17 5 6 17
16 28 16 28
13 24 13 24
45 88 45 67 72 86 88
66 82 66 71 82
34 83 34 79 81 83
35 66 35 59 66
2 78 2 23 32 58 67 72 78
12 53 12 17 32 53
62 63 62 63
2 86 2 23 55 67 72 86
82 88 82 85 88
43 47 43 47
10 82 10 60 82
17 42 17 25 38 42
25 74 25 74
59 64 59 64
9 79 9 17 32 44 55 79
12 33 12 17 25 33
69 76 69 76
37 85 37 49 72 82 85
27 84 27 78 84
30 84 30 34 44 84
8 42 8 9 20 26 38 42
23 67 23 37 52 67
30 39 30 39
51 88 51 88
14 19 14 19
55 61 55 61
37 65 37 49 51 59 65
56 62 56 62
13 36 13 24 29 36
20 28 20 26 28
39 69 39 69
51 86 51 59 86
49 76 49 76
20 52 20 32 48 52
0 33 0 10 17 25 33
32 89 32 66 78 84 89
15 45 15 30 34 45
15 46 15 46
45 73 45 73
13 41 13 24 30 41
42 69 42 51 58 68 69
2 61 2 33 49 51 58 61
19 58 19 33 37 49 51 58
3 40 3 16 29 36 37 40
0 89 0 10 34 79 84 89
0 42 0 20 26 38 42
62 65 62 63 65
55 57 55 57
32 89 32 66 78 84 89
15 43 15 22 43
7 62 7 29 43 62
25 87 25 40 68 69 87
27 70 27 70
47 84 47 67 72 78 84
41 76 41 59 64 69 76
44 79 44 79
27 66 27 29 48 54 59 66
29 75 29 36 48 75
56 81 56 78 81
36 52 36 48 52
16 23 16 23
32 55 32 44 55
15 61 15 26 38 42 51 58 61
0 13 0 13
43 85 43 44 55 67 72 82 85
26 79 26 55 79
77 88 77 87 88
50 67 50 51 67
61 82 61 75 82
9 33 9 17 25 33
37 64 37 40 64
15 46 15 46
8 33 8 9 17 25 33
21 26 21 26
51 64 51 59 64
13 41 13 26 28 41
20 38 20 26 38
52 78 52 78
55 83 55 58 67 72 78 81 83
60 71 60 66 71
43 62 43 62
0 50 0 20 26 28 41 50
36 85 36 50 51 58 64 82 85
43 57 43 44 55 57
16 69 16 38 42 51 59 64 69
53 84 53 84
14 34 14 34
25 62 25 62
57 63 57 63
15 76 15 21 42 51 60 69 76
16 41 16 23 25 38 41
1 53 1 26 28 41 53
6 32 6 17 20 32
8 56 8 28 35 56
28 86 28 41 67 72 86
17 59 17 29 36 59
18 28 18 20 26 28
29 79 29 36 55 79
15 42 15 21 26 38 42
34 73 34 45 73
15 70 15 21 42 70
58 80 58 61 75 80
2 32 2 9 13 20 32
22 70 22 25 38 70
17 40 17 33 37 40
25 87 25 40 68 69 87
22 41 22 25 38 41
1 71 1 19 33 49 51 59 66 71
16 87 16 87
55 76 55 58 64 68 69 76
16 35 16 23 35
20 32 20 32
0 33 0 10 17 33
47 89 47 67 72 78 84 89
72 89 72 78 84 89
22 75 22 25 38 42 51 58 61 75
26 41 26 28 41
12 49 12 27 29 36 37 49
39 69 39 69
23 85 23 57 82 85
24 49 24 29 36 37 49
12 27 12 27
11 62 11 21 26 42 62
33 68 33 52 64 68
18 51 18 22 25 33 51
29 61 29 43 44 55 58 61
31 84 31 43 62 72 78 84
15 53 15 21 26 28 41 53
10 48 10 48
23 77 23 77
4 55 4 8 34 45 55
21 60 21 42 51 60
68 76 68 69 76
47 75 47 61 75
6 44 6 24 43 44
64 76 64 69 76
26 52 26 28 37 48 52
59 77 59 77
15 37 15 22 25 33 37
11 59 11 59
14 54 14 28 37 48 54
61 75 61 75
2 39 2 14 19 33 39
34 88 34 86 88
25 54 25 33 37 48 54
52 77 52 77
3 43 3 14 31 43
21 26 21 26
48 54 48 54
3 20 3 9 13 20
33 51 33 51
42 61 42 51 58 61
41 50 41 50
47 87 47 67 72 87
23 59 23 49 51 59
23 57 23 44 55 57
19 66 19 38 42 51 59 66
49 68 49 51 58 64 68
79 84 79 84
9 83 9 24 80 83
16 38 16 38
27 69 27 44 64 69
50 77 50 60 66 77
24 83 24 83
2 83 2 56 78 81 83
36 60 36 37 51 60
8 62 8 9 17 25 62
23 35 23 35
2 53 2 23 25 38 41 53
6 44 6 27 44
2 52 2 9 20 26 28 37 48 52
8 66 8 34 59 66
14 25 14 25
5 28 5 6 15 26 28
56 68 56 64 68
10 60 10 24 29 36 50 60
62 74 62 74
6 27 6 27
58 77 58 77
2 39 2 14 19 21 26 28 35 39
1 50 1 26 38 41 50
13 44 13 20 32 44
24 60 24 30 41 50 51 60
30 86 30 54 72 86
19 55 19 43 44 55
28 46 28 46
16 53 16 28 41 53
24 30 24 30
6 86 6 30 48 54 72 86
34 87 34 45 50 59 77 87
68 82 68 74 82
68 74 68 74
11 83 11 64 81 83
0 24 0 10 24
58 78 58 67 72 78
11 26 11 21 26
2 87 2 57 72 87
34 83 34 45 67 72 78 81 83
24 70 24 29 36 43 70
27 69 27 58 64 69
35 84 35 56 78 84
13 44 13 29 43 44
70 81 70 72 78 81
25 53 25 38 41 53
17 20 17 20
25 54 25 33 37 48 54
32 47 32 47
15 40 15 22 33 37 40
14 57 14 34 44 55 57
11 51 11 20 26 38 42 51
11 78 11 70 72 78
2 53 2 23 25 38 41 53
5 63 5 6 18 20 55 57 63
15 44 15 22 31 43 44
54 82 54 59 64 68 74 82
3 49 3 27 29 36 37 49
1 3 1 3
35 76 35 59 64 69 76
34 69 34 44 64 69
16 40 16 29 36 37 40
34 69 34 44 64 69
19 71 19 56 64 71
43 47 43 47
19 57 19 43 44 55 57
35 65 35 56 62 63 65
34 66 34 59 66
15 21 15 21
6 25 6 18 22 25
30 50 30 41 50
43 63 43 44 55 57 63
33 74 33 39 58 64 68 74
13 84 13 26 55 79 84
79 81 79 81
34 76 34 45 64 68 69 76
10 40 10 17 29 36 37 40
39 58 39 58
43 63 43 44 55 57 63
58 80 58 61 75 80
21 61 21 26 42 51 58 61
11 55 11 21 26 55
0 50 0 24 30 34 45 50
49 67 49 51 67
11 79 11 20 26 55 79
34 73 34 48 54 67 73
7 85 7 29 70 72 82 85
83 88 83 88
84 89 84 89
10 24 10 24
9 20 9 20
12 68 12 44 55 58 68
19 68 19 33 52 64 68
41 84 41 57 78 84
5 36 5 6 27 29 36
47 73 47 67 73
24 87 24 27 29 70 72 87
16 71 16 40 64 71
1 7 1 7
75 82 75 82
26 42 26 38 42
15 58 15 26 42 51 58
27 55 27 44 55
4 70 4 30 41 70
14 44 14 34 44
77 88 77 88
0 25 0 10 17 25
2 14 2 14
5 17 5 6 17
9 69 9 13 49 69
17 43 17 29 36 43
56 68 56 64 68
23 42 23 25 38 42
33 60 33 37 51 60
30 84 30 41 67 72 78 84
6 25 6 18 22 25
10 43 10 17 29 36 43
22 34 22 34
54 86 54 59 86
28 66 28 37 49 51 60 66
38 42 38 42
40 78 40 78
7 43 7 43
43 80 43 52 80
39 76 39 58 68 69 76
4 40 4 23 25 40
9 73 9 13 49 51 67 73
59 82 59 71 82
64 76 64 69 76
29 75 29 75
1 73 1 13 20 39 58 67 73
6 51 6 17 33 37 49 51
3 33 3 14 19 33
11 83 11 59 64 81 83
67 82 67 82
29 77 29 43 47 77
35 59 35 59
12 61 12 45 50 51 58 61
8 9 8 9
7 21 7 14 19 21
27 53 27 44 53
7 77 7 14 42 46 77
2 42 2 9 17 25 38 42
7 61 7 29 36 50 51 58 61
2 80 2 56 62 63 80
1 73 1 13 36 50 51 58 67 73
51 77 51 58 77
37 51 37 51
37 65 37 49 51 59 65
15 79 15 22 43 44 79
9 88 9 50 82 85 88
6 31 6 18 22 31
56 78 56 78
51 74 51 58 64 68 74
22 34 22 34
23 66 23 32 48 54 59 66
52 78 52 78
66 81 66 78 81
38 89 38 60 66 77 89
54 73 54 67 73
1 88 1 19 56 82 85 88
3 61 3 15 30 41 49 51 58 61
47 80 47 80
20 32 20 32
27 52 27 29 43 52
1 30 1 2 9 17 20 30
49 66 49 51 59 66
2 43 2 9 13 24 29 43
12 42 12 17 20 26 42
44 69 44 64 68 69
1 78 1 37 51 59 66 78
33 71 33 37 59 66 71
64 88 64 81 83 88
40 71 40 64 71
4 42 4 13 26 38 42
21 50 21 26 28 41 50
48 52 48 52
40 71 40 64 71
60 87 60 69 87
24 70 24 29 36 43 70
8 66 8 41 59 66
11 62 11 33 62
19 38 19 38
4 85 4 23 49 72 82 85
4 67 4 13 36 55 67
8 29 8 9 13 29
18 89 18 22 43 77 89
64 76 64 68 69 76
44 76 44 55 58 68 69 76
56 72 56 62 72
21 40 21 26 28 37 40
4 66 4 13 20 26 38 60 66
22 38 22 25 38
67 81 67 72 78 81
62 63 62 63
53 84 53 84
6 23 6 16 23
72 86 72 86
8 37 8 28 37
32 89 32 47 67 72 78 84 89
18 65 18 20 32 48 54 59 65
0 45 0 20 30 34 45
55 57 55 57
13 56 13 26 28 35 56
11 39 11 33 39
16 23 16 23
9 60 9 13 28 41 49 51 60
41 86 41 79 86
10 28 10 17 20 26 28
23 89 23 49 72 78 84 89
50 59 50 51 59
10 64 10 34 59 64
3 58 3 58
30 87 30 39 69 87
24 78 24 43 70 72 78
18 21 18 21
45 84 45 52 67 72 78 84
55 57 55 57
18 38 18 22 25 38
1 7 1 7
24 43 24 29 36 43
60 71 60 66 71
57 81 57 72 78 81
42 75 42 51 58 61 75
38 61 38 41 50 51 58 61
67 73 67 73
27 52 27 29 48 52
22 54 22 33 37 48 54
3 37 3 15 22 33 37
51 58 51 58
2 9 2 9
18 42 18 21 42
24 34 24 30 34
6 33 6 18 22 25 33
62 74 62 74
20 56 20 56
41 50 41 50
9 62 9 62
2 72 2 33 67 72
1 34 1 2 14 34
16 36 16 29 36
36 43 36 43
20 88 20 30 39 87 88
55 84 55 84
42 66 42 51 59 66
2 33 2 9 17 25 33
26 79 26 55 79
29 53 29 36 43 44 53
27 79 27 79
36 57 36 43 44 55 57
12 37 12 17 33 37
36 50 36 50
39 75 39 58 61 75
7 73 7 32 47 67 73
13 72 13 26 42 51 67 72
19 82 19 62 63 82
16 44 16 29 36 43 44
6 64 6 40 64
12 84 12 72 78 84
5 36 5 6 24 27 29 36
33 46 33 46
17 52 17 20 32 48 52
22 25 22 25
22 76 22 59 64 69 76
55 57 55 57
32 76 32 48 52 64 68 69 76
83 88 83 88
11 52 11 21 26 28 37 52
51 75 51 58 61 75
31 44 31 43 44
36 68 36 37 49 51 64 68
38 86 38 70 86
6 86 6 18 22 33 52 64 86
6 50 6 24 50
12 49 12 24 29 36 37 49
2 43 2 9 24 27 29 36 43
9 88 9 82 85 88
43 83 43 47 75 80 81 83
0 81 0 24 55 79 81
33 54 33 37 48 54
36 81 36 66 78 81
10 43 10 17 29 43
15 57 15 22 43 44 55 57
49 51 49 51
23 82 23 82
32 65 32 44 55 57 63 65
15 26 15 26
17 84 17 29 36 59 66 78 84
54 80 54 75 80
41 85 41 70 72 82 85
1 23 1 3 16 23
22 54 22 34 48 54
5 72 5 52 67 72
12 24 12 24
7 43 7 27 29 43
45 52 45 52
44 53 44 53
64 85 64 71 82 85
23 62 23 35 56 62
43 77 43 52 77
13 44 13 36 43 44
54 80 54 75 80
37 87 37 48 72 87
3 72 3 16 29 70 72
23 80 23 35 39 58 61 75 80
28 35 28 35
36 59 36 59
52 85 52 67 82 85
27 60 27 29 36 50 60
50 58 50 51 58
0 82 0 13 72 82
25 54 25 33 37 48 54
22 33 22 25 33
43 74 43 62 74
13 70 13 20 26 42 70
41 68 41 49 51 64 68
31 84 31 43 44 79 84
56 71 56 64 71
31 55 31 43 44 55
3 86 3 14 28 35 59 86
2 61 2 9 13 20 32 44 55 58 61
0 88 0 45 52 78 84 88
41 68 41 50 51 64 68
20 81 20 32 44 64 81
10 66 10 24 50 59 66
62 82 62 74 82
23 87 23 49 51 67 72 87
7 27 7 27
28 56 28 35 56
20 86 20 79 86
56 62 56 62
10 45 10 34 45
0 54 0 27 29 48 54
62 80 62 63 80
7 84 7 27 70 72 78 84
17 77 17 60 66 77
55 73 55 67 73
13 77 13 60 66 77
15 51 15 26 28 49 51
42 66 42 51 60 66
19 89 19 38 89
3 20 3 9 20
3 69 3 37 59 69
15 42 15 22 25 38 42
70 84 70 72 78 84
3 43 3 9 17 29 43
15 74 15 22 43 52 64 68 74
74 85 74 85
1 30 1 3 9 17 20 30
4 89 4 41 67 72 78 84 89
0 89 0 10 24 50 59 77 89
21 85 21 40 68 74 85
7 49 7 29 36 37 49
25 63 25 38 42 62 63
37 58 37 49 51 58
45 69 45 50 59 69
15 35 15 26 28 35
1 55 1 26 55
6 50 6 24 50
39 75 39 58 61 75
20 40 20 40
18 70 18 21 42 70
15 74 15 22 33 37 51 58 64 68 74
29 78 29 70 72 78
31 68 31 43 64 68
32 63 32 44 55 57 63
17 47 17 29 36 43 47
2 83 2 33 51 59 66 78 81 83
12 33 12 17 33
28 40 28 37 40
48 81 48 75 80 81
45 64 45 64
28 61 28 37 51 58 61
2 29 2 9 13 29
22 31 22 31
49 66 49 51 60 66
39 89 39 58 67 72 78 84 89
50 71 50 60 66 71
22 89 22 25 79 84 89
16 86 16 31 43 47 67 72 86
9 84 9 13 49 72 78 84
8 73 8 41 50 51 58 67 73
3 69 3 30 54 59 64 69
18 31 18 22 31
1 78 1 78
58 77 58 77
17 33 17 25 33
52 67 52 67
58 69 58 64 68 69
32 78 32 47 67 72 78
42 62 42 62
6 40 6 40
1 50 1 7 29 36 50
3 17 3 9 17
10 70 10 30 41 70
4 76 4 69 76
18 39 18 21 26 28 35 39
86 88 86 88
38 46 38 42 46
72 87 72 87
32 76 32 58 64 69 76
1 27 1 7 27
32 44 32 44
16 86 16 40 64 86
37 87 37 40 68 69 87
43 65 43 65
20 37 20 26 28 37
0 80 0 45 57 63 80
19 72 19 43 52 67 72
60 83 60 66 78 81 83
52 89 52 77 89
41 50 41 50
4 86 4 49 51 58 67 72 86
18 72 18 20 55 58 67 72
55 79 55 79
17 84 17 70 72 78 84
15 44 15 30 44
36 57 36 55 57
33 71 33 52 71
4 55 4 8 34 44 55
79 86 79 86
41 80 41 49 51 80
29 66 29 36 50 59 66
7 76 7 56 64 68 69 76
1 82 1 39 58 61 75 82
15 56 15 21 26 28 35 56
20 68 20 56 64 68
24 51 24 50 51
10 53 10 17 20 30 34 44 53
18 62 18 21 42 62
17 36 17 29 36
5 70 5 70
57 88 57 82 85 88
16 55 16 44 55
1 2 1 2
71 85 71 82 85
13 60 13 49 51 60
26 52 26 28 37 52
18 25 18 22 25
12 82 12 44 64 71 82
27 82 27 70 71 82
24 58 24 43 44 55 58
3 89 3 37 72 78 84 89
36 49 36 37 49
3 81 3 16 29 36 81
10 43 10 24 29 43
64 76 64 69 76
0 89 0 45 52 89
8 73 8 28 35 39 58 67 73
10 24 10 24
1 68 1 2 56 64 68
8 30 8 9 20 30
32 57 32 44 55 57
14 74 14 25 62 74
1 55 1 2 23 55
23 33 23 25 33
45 59 45 50 51 59
66 89 66 78 84 89
20 37 20 26 28 37
25 68 25 33 39 58 68
28 58 28 35 39 58
39 69 39 69
4 52 4 30 48 52
18 68 18 34 44 55 58 64 68
30 70 30 41 70
2 78 2 14 34 48 54 72 78
20 87 20 39 58 67 72 87
13 54 13 24 30 48 54
17 77 17 58 77
30 84 30 54 67 72 78 84
6 88 6 88
54 87 54 59 77 87
24 34 24 30 34
17 51 17 20 26 42 51
1 44 1 19 43 44
33 49 33 49
3 69 3 30 41 59 69
49 84 49 72 78 84
6 63 6 30 41 63
29 81 29 70 81
27 29 27 29
3 85 3 37 49 72 82 85
7 51 7 27 29 36 37 49 51
13 60 13 36 50 51 60
26 51 26 38 42 51
2 68 2 14 19 38 42 51 58 68
9 56 9 20 56
36 83 36 37 51 80 83
32 72 32 44 55 67 72
27 58 27 44 55 58
30 73 30 41 50 51 58 67 73
6 88 6 15 26 55 61 88
12 54 12 17 33 37 48 54
20 38 20 26 38
32 63 32 44 55 57 63
9 53 9 24 27 44 53
5 59 5 6 15 26 42 51 59
35 88 35 39 58 61 75 80 83 88
48 65 48 54 59 65
9 88 9 57 82 85 88
24 27 24 27
0 59 0 27 29 36 50 59
37 65 37 49 51 59 65
62 87 62 72 87
30 34 30 34
59 78 59 66 78
79 83 79 83
1 22 1 3 15 22
27 68 27 29 36 37 51 64 68
19 46 19 21 42 46
3 85 3 15 30 34 45 54 59 66 71 82 85
10 29 10 24 29
13 70 13 29 43 70
44 72 44 55 67 72
4 76 4 41 59 64 68 69 76
59 64 59 64
61 88 61 88
25 66 25 35 59 66
36 66 36 59 66
33 46 33 46
11 26 11 20 26
1 9 1 3 9
16 74 16 28 37 49 51 64 68 74
25 58 25 38 41 49 51 58
17 57 17 32 44 55 57
18 79 18 34 45 55 79
33 51 33 49 51
50 71 50 59 66 71
14 34 14 34
2 64 2 33 52 64
17 60 17 20 26 38 60
6 55 6 17 29 43 44 55
64 81 64 81
6 40 6 27 29 36 37 40
34 50 34 45 50
5 42 5 6 16 38 42
33 67 33 51 67
5 61 5 6 30 48 61
23 58 23 25 38 41 49 51 58
52 64 52 64
48 83 48 61 75 80 81 83
40 69 40 68 69
3 64 3 30 54 59 64
52 86 52 64 86
57 81 57 78 81
48 82 48 52 64 71 82
84 89 84 89
45 82 45 50 60 66 71 82
36 48 36 48
45 78 45 52 67 72 78
5 72 5 72
9 88 9 57 72 87 88
4 82 4 8 9 71 82
50 69 50 60 69
4 13 4 8 9 13
45 66 45 50 59 66
31 68 31 68
0 42 0 10 17 20 26 38 42
10 30 10 30
15 51 15 26 42 51
6 49 6 30 41 49
26 42 26 42
4 74 4 8 9 13 29 43 64 68 74
35 65 35 65
15 63 15 21 40 63
34 44 34 44
11 79 11 20 26 28 41 79
19 68 19 21 26 42 51 58 68
1 88 1 19 69 87 88
31 69 31 43 44 64 68 69
55 77 55 58 77
7 69 7 29 43 52 64 68 69
6 40 6 37 40
22 85 22 34 44 55 57 82 85
0 57 0 27 29 36 55 57
17 81 17 29 70 72 78 81
36 57 36 55 57
45 78 45 50 51 60 66 78
15 25 15 22 25
23 65 23 49 51 59 65
26 89 26 42 46 77 89
9 44 9 17 32 44
18 44 18 34 44
17 82 17 52 67 82
41 75 41 50 51 58 61 75
13 26 13 20 26
70 86 70 72 86
4 82 4 74 82
9 88 9 13 64 86 88
67 82 67 72 82
59 88 59 71 82 85 88
0 20 0 20
13 68 13 36 59 64 68
74 82 74 82
50 81 50 51 59 66 78 81
20 75 20 30 44 55 58 61 75
3 54 3 16 28 37 48 54
2 23 2 23
17 50 17 20 30 34 45 50
39 87 39 69 87
23 66 23 37 59 66
51 77 51 58 77
17 82 17 70 72 82
13 65 13 26 55 57 63 65
26 60 26 28 37 49 51 60
18 20 18 20
54 73 54 67 73
19 85 19 33 37 52 71 82 85
55 69 55 58 64 68 69
9 64 9 20 26 38 42 51 59 64
18 32 18 20 32
17 67 17 20 39 58 67
30 39 30 39
72 89 72 78 84 89
18 61 18 21 26 42 51 58 61
11 78 11 21 26 38 41 78
7 27 7 27
10 26 10 17 20 26
49 69 49 69
45 51 45 50 51
56 81 56 78 81
21 28 21 26 28
43 89 43 47 67 72 78 84 89
17 26 17 20 26
6 23 6 16 23
6 33 6 16 23 25 33
0 42 0 13 20 26 42
62 87 62 72 87
13 26 13 20 26
7 62 7 56 62
13 44 13 36 43 44
19 46 19 33 46
22 74 22 31 43 44 64 68 74
43 89 43 70 72 78 84 89
8 73 8 9 24 29 48 54 73
8 42 8 9 17 20 26 42
10 44 10 34 44
3 59 3 37 59
41 69 41 59 69
26 65 26 42 57 63 65
0 74 0 10 48 54 59 64 68 74
24 66 24 29 36 48 54 59 66
31 65 31 43 44 55 57 63 65
8 44 8 34 44
45 81 45 64 81
23 44 23 32 44
13 28 13 26 28
25 53 25 38 41 53
9 70 9 24 30 41 70
32 47 32 47
26 63 26 42 62 63
14 28 14 19 21 26 28
80 83 80 83
20 59 20 32 48 54 59
55 61 55 58 61
16 47 16 31 43 47
57 81 57 78 81
4 60 4 30 41 49 51 60
17 38 17 25 38
14 42 14 25 38 42
36 81 36 66 78 81
59 89 59 77 89
30 45 30 34 45
8 35 8 28 35
54 78 54 59 66 78
30 73 30 54 73
24 45 24 30 34 45
24 70 24 29 43 70
60 69 60 69
19 21 19 21
58 76 58 64 68 69 76
33 61 33 51 58 61
56 74 56 74
11 21 11 21
2 49 2 9 13 36 37 49
41 57 41 57
10 88 10 17 20 39 69 87 88
7 32 7 32
0 54 0 24 27 29 48 54
28 73 28 49 51 58 67 73
48 75 48 54 75
10 47 10 24 29 36 43 47
54 73 54 73
15 76 15 30 48 54 59 69 76
3 61 3 27 44 55 58 61
18 61 18 34 44 55 61
11 52 11 33 37 48 52
43 64 43 44 64
36 64 36 48 54 59 64
45 55 45 55
2 39 2 9 20 26 28 35 39
0 64 0 45 64
3 49 3 15 26 38 41 49
14 31 14 31
47 77 47 77
31 65 31 43 62 63 65
26 81 26 38 70 72 78 81
44 61 44 55 58 61
19 72 19 21 58 67 72
20 32 20 32
20 73 20 55 58 67 73
70 72 70 72
23 54 23 37 48 54
6 24 6 24
38 61 38 42 51 58 61
14 89 14 25 62 72 78 84 89
49 80 49 51 58 61 75 80
67 81 67 72 78 81
16 41 16 23 25 38 41
3 34 3 15 22 34
22 87 22 33 37 52 77 87
30 86 30 44 55 79 86
8 41 8 41
14 45 14 34 45
17 29 17 29
1 39 1 7 28 35 39
1 47 1 13 36 43 47
32 81 32 48 54 81
47 84 47 67 72 78 84
36 87 36 43 64 69 87
24 77 24 77
50 60 50 51 60
14 54 14 34 45 54
4 49 4 13 28 49
9 37 9 20 26 28 37
16 86 16 44 55 86
77 87 77 87
1 13 1 13
42 61 42 51 58 61
39 58 39 58
6 43 6 31 43
78 81 78 81
25 82 25 40 63 82
30 39 30 39
27 78 27 29 36 66 78
59 89 59 66 78 84 89
12 46 12 17 33 46
23 88 23 87 88
27 53 27 29 36 43 44 53
61 82 61 75 82
6 55 6 17 29 43 44 55
18 28 18 20 26 28
22 43 22 31 43
10 86 10 48 52 64 86
5 53 5 6 17 25 38 41 53
20 45 20 30 34 45
13 44 13 36 43 44
23 44 23 32 44
2 68 2 56 64 68
29 36 29 36
15 74 15 30 48 52 64 68 74
10 45 10 17 20 30 34 45
67 85 67 82 85
3 49 3 37 49
22 74 22 25 35 59 64 68 74
29 51 29 36 50 51
19 89 19 43 44 79 84 89
25 66 25 33 49 51 60 66
29 51 29 36 37 49 51
11 57 11 21 26 38 42 57
35 56 35 56
71 85 71 82 85
2 38 2 23 25 38
14 81 14 25 81
3 49 3 15 30 41 49
22 83 22 59 64 81 83
3 64 3 9 20 40 64
36 66 36 59 66
23 65 23 44 55 57 63 65
33 37 33 37
25 74 25 33 39 58 68 74
12 63 12 17 33 62 63
12 37 12 29 36 37
0 59 0 45 50 51 59
27 70 27 29 70
8 45 8 9 13 24 30 34 45
24 74 24 50 59 64 68 74
11 68 11 33 51 58 68
33 87 33 37 59 69 87
6 65 6 17 32 44 55 57 63 65
48 54 48 54
5 52 5 6 37 52
28 64 28 49 51 58 64
5 73 5 6 27 29 48 52 67 73
20 83 20 66 78 81 83
56 82 56 64 71 82
10 45 10 17 20 30 34 45
2 58 2 9 20 30 41 50 51 58
1 3 1 3
11 35 11 35
11 39 11 20 26 28 35 39
4 70 4 41 70
18 87 18 59 69 87
3 62 3 14 31 43 62
51 67 51 67
37 52 37 52
48 65 48 54 59 65
32 73 32 48 52 67 73
6 26 6 15 26
5 36 5 6 17 29 36
62 74 62 74
55 86 55 58 64 86
12 32 12 17 20 32
4 78 4 13 24 43 52 67 72 78
9 79 9 17 29 43 44 79
7 27 7 27
6 65 6 15 21 40 63 65
38 42 38 42
0 28 0 20 26 28
69 87 69 87
4 89 4 70 72 78 84 89
12 24 12 24
20 85 20 39 58 61 75 82 85
14 28 14 19 21 26 28
5 87 5 36 37 51 60 66 77 87
67 78 67 72 78
32 65 32 48 54 59 65
48 86 48 54 67 72 86
21 58 21 58
21 66 21 26 42 51 60 66
5 17 5 6 17
8 50 8 41 50
41 86 41 49 51 67 72 86
45 69 45 52 64 69
29 58 29 36 43 44 55 58
7 56 7 14 25 35 56
16 47 16 29 43 47
17 51 17 20 30 41 50 51
36 50 36 50
24 51 24 29 36 37 49 51
2 56 2 56
26 83 26 28 64 81 83
18 21 18 21
9 70 9 24 29 70
18 32 18 20 32
17 42 17 25 38 42
15 43 15 22 31 43
16 61 16 28 37 48 61
40 71 40 64 71
23 83 23 66 83
69 87 69 87
67 81 67 72 78 81
14 80 14 34 48 54 75 80
34 66 34 48 54 59 66
3 31 3 14 31
36 72 36 55 57 72
27 88 27 88
29 44 29 43 44
7 77 7 28 35 39 58 77
2 88 2 9 20 88
9 73 9 20 32 58 67 73
6 29 6 16 29
13 32 13 20 32
52 71 52 71
34 83 34 79 81 83
27 75 27 58 61 75
20 82 20 40 68 74 82
64 87 64 69 87
19 55 19 21 26 55
12 75 12 37 48 75
6 29 6 27 29
17 52 17 33 37 48 52
34 63 34 44 55 57 63
26 38 26 38
28 35 28 35
0 24 0 13 24
55 86 55 86
5 50 5 6 30 34 45 50
60 66 60 66
71 82 71 82
24 50 24 30 34 45 50
41 75 41 49 51 58 61 75
27 57 27 44 55 57
34 48 34 48
50 58 50 51 58
39 58 39 58
11 57 11 20 55 57
6 33 6 15 22 33
34 69 34 45 55 58 68 69
12 24 12 24
5 79 5 36 43 44 79
7 77 7 29 43 47 77
13 56 13 26 28 35 56
19 49 19 38 41 49
38 74 38 41 50 59 64 68 74
24 80 24 43 47 61 75 80
28 87 28 64 68 69 87
0 10 0 10
44 85 44 55 67 72 82 85
12 82 12 17 25 35 59 66 71 82
6 18 6 18
9 60 9 24 29 36 60
6 27 6 24 27
36 53 36 43 44 53
45 54 45 54
14 42 14 19 21 42
13 87 13 60 69 87
26 63 26 28 37 40 63
10 29 10 17 29
24 59 24 29 36 37 59
36 85 36 43 44 64 68 74 82 85
44 85 44 64 82 85
5 57 5 6 27 29 43 44 55 57
1 36 1 7 27 29 36
5 39 5 6 18 21 26 28 35 39
11 38 11 21 26 38
43 63 43 44 55 57 63
14 57 14 34 45 55 57
26 60 26 28 37 49 51 60
54 81 54 81
18 43 18 22 31 43
20 45 20 30 34 45
5 44 5 36 43 44
24 39 24 30 39
40 85 40 68 74 85
6 67 6 37 49 51 58 67
18 59 18 20 30 34 59
24 71 24 71
26 79 26 55 79
31 76 31 43 52 64 69 76
34 65 34 65
9 88 9 62 74 82 85 88
32 73 32 47 67 73
8 56 8 28 35 56
13 37 13 26 28 37
42 57 42 57
44 89 44 55 58 67 72 78 84 89
43 63 43 62 63
42 51 42 51
14 25 14 25
28 82 28 35 59 64 82
15 22 15 22
35 65 35 63 65
50 73 50 51 58 67 73
54 81 54 72 78 81
24 50 24 30 41 50
4 52 4 8 28 37 52
23 85 23 37 49 51 67 72 82 85
11 58 11 21 58
22 53 22 34 44 53
50 87 50 51 67 72 87
5 63 5 6 37 40 63
80 81 80 81
6 55 6 18 20 26 55
13 70 13 24 29 70
50 64 50 51 59 64
62 85 62 74 85
1 50 1 19 38 41 50
28 63 28 41 63
3 15 3 15
37 77 37 59 77
38 88 38 85 88
9 73 9 20 39 58 67 73
10 36 10 17 29 36
1 23 1 3 16 23
14 52 14 19 21 26 28 37 52
14 89 14 78 84 89
20 51 20 26 42 51
79 81 79 81
6 65 6 31 43 44 55 57 63 65
67 85 67 72 82 85
21 72 21 26 38 41 49 72
2 38 2 14 19 21 26 38
51 60 51 60
44 84 44 78 84
44 85 44 55 67 82 85
14 54 14 25 33 37 48 54
3 32 3 16 23 32
24 71 24 55 58 64 71
11 20 11 20
1 32 1 13 20 32
7 76 7 56 64 68 69 76
10 75 10 44 55 61 75
9 71 9 50 51 58 64 71
20 60 20 30 41 50 51 60
13 56 13 20 56
23 46 23 25 38 42 46
2 33 2 9 17 25 33
27 43 27 29 43
50 80 50 51 80
58 69 58 64 69
5 69 5 52 64 69
23 32 23 32
79 81 79 81
29 57 29 43 44 55 57
38 61 38 41 49 51 58 61
36 68 36 50 51 58 64 68
31 77 31 43 44 53 77
8 9 8 9
60 78 60 66 78
11 21 11 21
6 66 6 27 29 48 54 59 66
56 78 56 78
57 84 57 72 78 84
0 26 0 20 26
33 49 33 49
16 42 16 23 25 38 42
20 56 20 56
33 74 33 49 51 58 68 74
56 76 56 64 69 76
18 25 18 22 25
26 73 26 73
26 68 26 28 41 50 51 58 64 68
26 73 26 67 73
19 68 19 38 41 59 64 68
11 53 11 20 32 53
20 50 20 26 38 41 50
6 26 6 15 21 26
9 76 9 50 60 69 76
4 69 4 41 49 51 58 68 69
3 31 3 16 31
1 25 1 7 14 25
52 83 52 83
4 30 4 8 9 13 24 30
5 79 5 79
32 48 32 48
17 34 17 20 30 34
29 61 29 48 61
15 47 15 22 31 43 47
50 58 50 51 58
24 52 24 27 29 43 52
63 85 63 82 85
22 75 22 43 47 61 75
23 54 23 37 48 54
45 84 45 55 67 72 78 84
13 68 13 64 68
18 21 18 21
7 88 7 87 88
45 73 45 55 67 73
13 62 13 24 43 62
20 37 20 26 28 37
14 84 14 28 49 72 78 84
6 59 6 17 32 48 54 59
23 42 23 25 38 42
70 72 70 72
1 87 1 7 56 62 72 87
7 61 7 14 42 51 58 61
14 45 14 34 45
7 78 7 56 78
1 25 1 2 14 25
21 59 21 42 51 59
63 65 63 65
5 52 5 52
17 63 17 33 37 40 63
23 81 23 37 72 78 81
18 81 18 59 66 78 81
9 71 9 20 56 64 71
21 72 21 26 42 62 72
56 89 56 78 84 89
81 83 81 83
31 61 31 43 47 61
54 87 54 67 72 87
2 74 2 14 28 64 68 74
10 83 10 48 72 78 81 83
49 66 49 51 59 66
36 87 36 60 69 87
32 59 32 48 54 59
54 89 54 67 72 78 84 89
5 73 5 52 67 73
14 66 14 42 51 60 66
71 82 71 82
3 83 3 15 26 67 72 78 81 83
28 83 28 64 81 83
21 72 21 26 67 72
36 49 36 37 49
4 52 4 23 32 48 52
63 83 63 80 81 83
45 50 45 50
4 45 4 13 24 30 34 45
57 63 57 63
11 68 11 68
3 13 3 9 13
18 54 18 34 48 54
40 65 40 63 65
38 73 38 41 50 51 67 73
30 48 30 48
0 25 0 10 17 25
44 61 44 55 58 61
2 75 2 33 37 51 58 61 75
32 72 32 58 67 72
64 68 64 68
31 86 31 43 52 67 72 86
49 66 49 51 59 66
19 56 19 21 26 28 35 56
26 55 26 55
60 83 60 66 78 81 83
15 47 15 22 31 43 47
29 75 29 36 43 44 55 61 75
4 70 4 8 9 20 30 41 70
6 76 6 24 29 43 44 55 58 64 69 76
21 46 21 42 46
70 84 70 72 78 84
14 80 14 19 43 62 63 80
37 83 37 72 78 81 83
5 57 5 6 18 34 44 55 57
10 82 10 60 82
41 84 41 49 51 67 72 78 84
40 89 40 78 84 89
60 82 60 82
40 65 40 63 65
15 53 15 21 26 28 41 53
12 49 12 29 36 37 49
11 59 11 33 37 59
54 69 54 59 64 69
21 28 21 26 28
41 71 41 50 59 66 71
63 81 63 80 81
38 70 38 70
62 85 62 74 82 85
22 43 22 43
4 89 4 49 72 78 84 89
4 41 4 8 41
77 87 77 87
5 42 5 6 18 22 25 38 42
48 72 48 72
38 41 38 41
7 64 7 29 36 55 58 64
4 76 4 13 64 68 69 76
11 84 11 33 78 84
19 72 19 56 62 72
43 77 43 77
21 85 21 58 85
15 46 15 26 28 46
35 75 35 39 58 61 75
14 78 14 34 44 55 58 67 72 78
3 40 3 37 40
47 81 47 61 75 80 81
6 42 6 16 38 42
54 78 54 59 66 78
5 33 5 6 17 33
4 76 4 13 26 55 58 64 69 76
19 26 19 21 26
2 82 2 56 82
23 48 23 25 33 37 48
48 82 48 61 75 82
5 17 5 6 17
19 55 19 43 44 55
10 80 10 48 75 80
17 36 17 29 36
61 82 61 75 82
17 84 17 78 84
3 59 3 16 38 42 51 59
33 72 33 52 67 72
51 81 51 67 72 78 81
19 28 19 21 26 28
55 86 55 86
24 64 24 55 58 64
15 44 15 22 31 43 44
3 49 3 14 28 37 49
13 36 13 24 27 29 36
26 60 26 42 51 60
56 80 56 62 63 80
6 65 6 30 48 54 59 65
3 62 3 27 29 36 43 62
2 72 2 14 31 43 47 67 72
16 33 16 23 25 33
1 49 1 37 49
30 41 30 41
3 15 3 15
0 45 0 13 24 30 34 45
13 74 13 74
0 28 0 13 28
9 57 9 20 55 57
51 69 51 59 64 69
18 88 18 21 59 66 83 88
71 88 71 82 85 88
54 87 54 72 87
1 44 1 13 24 43 44
51 59 51 59
3 13 3 9 13
29 36 29 36
34 76 34 45 54 59 64 68 69 76
9 70 9 24 43 70
59 86 59 86
18 21 18 21
8 58 8 28 49 51 58
8 29 8 9 17 29
30 85 30 48 61 75 82 85
7 32 7 32
6 69 6 15 30 39 69
33 69 33 52 64 68 69
27 85 27 72 82 85
42 85 42 70 72 82 85
24 39 24 30 39
13 74 13 24 30 39 58 68 74
51 81 51 64 81
27 59 27 29 48 54 59
27 60 27 29 36 60
12 42 12 17 25 38 42
54 67 54 67
13 27 13 24 27
0 53 0 10 34 44 53
24 71 24 30 39 58 64 71
37 81 37 72 78 81
9 27 9 13 24 27
79 84 79 84
17 53 17 29 36 43 44 53
19 28 19 21 26 28
12 17 12 17
42 58 42 51 58
45 66 45 50 51 59 66
36 89 36 50 60 66 78 84 89
37 75 37 48 54 75
8 45 8 34 45
17 47 17 29 36 43 47
43 77 43 44 53 77
20 72 20 39 58 67 72
59 76 59 64 69 76
7 39 7 39
41 69 41 49 69
12 27 12 27
2 82 2 56 82
52 67 52 67
7 39 7 39
9 71 9 20 26 38 42 51 64 71
12 24 12 24
2 48 2 23 37 48
25 86 25 40 64 86
26 40 26 28 37 40
10 17 10 17
6 45 6 30 34 45
30 45 30 34 45
16 80 16 80
54 78 54 72 78
9 60 9 20 26 42 51 60
51 59 51 59
34 79 34 45 55 79
20 65 20 56 62 63 65
59 71 59 64 71
35 66 35 59 66
10 54 10 30 34 48 54
12 25 12 17 25
34 65 34 59 65
9 56 9 17 25 35 56
68 69 68 69
75 81 75 80 81
14 74 14 31 56 74
69 87 69 87
4 45 4 30 34 45
10 26 10 17 20 26
34 77 34 48 54 59 66 77
10 59 10 17 29 36 48 54 59
5 87 5 64 69 87
42 85 42 57 72 82 85
42 69 42 51 59 64 69
32 66 32 48 54 59 66
11 38 11 20 26 38
20 81 20 66 78 81
3 14 3 14
22 50 22 34 45 50
12 54 12 17 32 48 54
49 75 49 51 58 61 75
12 70 12 24 30 41 70
42 69 42 51 60 69
15 43 15 22 43
30 54 30 34 48 54
24 77 24 30 48 54 59 77
6 15 6 15
16 44 16 44
69 76 69 76
53 88 53 84 88
33 62 33 62
8 58 8 41 49 51 58
58 84 58 67 72 78 84
16 58 16 35 39 58
43 47 43 47
5 26 5 6 17 20 26
17 36 17 29 36
12 87 12 66 77 87
52 89 52 77 89
1 60 1 3 27 29 36 37 51 60
38 89 38 41 59 77 89
44 84 44 84
33 51 33 51
22 70 22 43 70
42 70 42 70
57 88 57 63 83 88
36 85 36 59 64 82 85
22 85 22 43 62 72 82 85
26 76 26 42 51 64 69 76
7 66 7 32 48 54 59 66
25 84 25 57 72 78 84
20 67 20 39 58 67
25 57 25 38 42 57
33 54 33 37 48 54
30 88 30 39 85 88
25 85 25 38 60 82 85
40 86 40 64 86
28 78 28 35 56 62 72 78
17 50 17 29 36 50
45 51 45 50 51
42 81 42 70 81
9 82 9 13 24 27 29 43 70 72 82
22 57 22 34 45 57
60 87 60 69 87
36 83 36 55 79 81 83
1 35 1 7 14 19 21 26 28 35
22 54 22 25 33 37 48 54
2 74 2 14 25 57 74
20 58 20 55 58
6 70 6 31 43 70
20 51 20 30 34 45 50 51
1 2 1 2
12 44 12 29 36 43 44
6 49 6 15 21 26 28 41 49
7 19 7 14 19
2 29 2 9 13 24 29
12 66 12 24 50 60 66
38 46 38 42 46
5 75 5 6 27 29 48 54 75
59 65 59 65
7 43 7 29 36 43
55 67 55 67
83 88 83 88
38 85 38 42 70 72 82 85
63 82 63 82
17 59 17 25 38 41 50 51 59
27 74 27 44 64 68 74
31 43 31 43
2 46 2 23 25 38 42 46
4 77 4 60 66 77
5 33 5 6 15 22 25 33
24 34 24 30 34
26 68 26 28 41 49 51 58 68
2 82 2 33 49 72 82
13 70 13 20 30 41 70
51 76 51 60 69 76
27 68 27 58 64 68
14 56 14 31 56
30 48 30 48
9 64 9 20 26 55 58 64
42 61 42 51 58 61
10 77 10 60 66 77
3 54 3 9 24 27 29 48 54
41 78 41 70 72 78
6 40 6 24 29 36 37 40
8 53 8 9 24 27 53
1 39 1 13 24 30 39
42 72 42 62 72
78 84 78 84
6 71 6 40 64 71
36 68 36 43 52 64 68
41 69 41 59 69
86 88 86 88
21 85 21 40 63 82 85
15 51 15 30 41 49 51
43 47 43 47
23 49 23 49
19 39 19 33 39
30 88 30 44 79 86 88
0 88 0 20 55 79 83 88
0 42 0 13 26 42
4 70 4 70
13 76 13 64 68 69 76
8 52 8 9 20 30 34 48 52
21 77 21 59 77
41 85 41 63 82 85
72 78 72 78
49 72 49 51 67 72
17 86 17 20 55 57 72 86
60 71 60 66 71
11 34 11 20 30 34
35 75 35 39 58 61 75
39 75 39 58 61 75
26 59 26 28 49 51 59
10 64 10 24 27 29 43 52 64
3 78 3 27 44 78
57 74 57 74
5 75 5 6 37 48 61 75
66 71 66 71
42 62 42 62
51 81 51 64 81
7 32 7 32
39 65 39 65
12 37 12 29 36 37
0 81 0 57 72 78 81
6 25 6 15 22 25
31 55 31 43 44 55
11 20 11 20
32 79 32 44 79
17 68 17 32 48 54 59 64 68
1 67 1 7 49 51 67
22 34 22 34
29 48 29 48
60 82 60 66 71 82
34 45 34 45
5 28 5 6 16 28
21 50 21 26 38 41 50
13 62 13 28 35 56 62
18 21 18 21
39 65 39 65
5 84 5 52 78 84
13 49 13 29 36 37 49
20 82 20 40 63 82
37 49 37 49
0 33 0 10 17 25 33
9 56 9 20 56
61 82 61 75 82
5 33 5 6 16 23 25 33
29 78 29 48 52 78
39 78 39 58 67 72 78
42 70 42 70
24 68 24 43 64 68
19 37 19 33 37
25 64 25 38 41 50 51 64
16 38 16 38
4 65 4 13 20 55 57 63 65
9 53 9 17 32 44 53
75 88 75 80 83 88
79 81 79 81
19 58 19 33 39 58
13 20 13 20
47 61 47 61
57 81 57 78 81
29 43 29 43
23 87 23 57 72 87
63 88 63 88
10 52 10 30 34 48 52
1 76 1 3 38 41 76
22 50 22 34 45 50
79 88 79 81 83 88
5 87 5 77 87
4 37 4 8 28 37
10 43 10 17 29 43
45 82 45 64 71 82
4 48 4 13 20 32 48
25 80 25 33 62 63 80
11 88 11 64 71 88
37 83 37 48 52 64 81 83
0 13 0 13
27 75 27 58 61 75
56 86 56 62 72 86
0 42 0 10 17 25 38 42
43 69 43 44 64 69
26 80 26 75 80
70 88 70 81 83 88
52 76 52 64 68 69 76
0 73 0 20 55 67 73
9 62 9 62
24 88 24 29 81 83 88
23 46 23 25 38 42 46
11 39 11 33 39
39 75 39 58 61 75
13 85 13 68 74 82 85
7 60 7 14 28 37 49 51 60
24 70 24 30 41 70
18 34 18 20 30 34
18 31 18 22 31
7 68 7 40 68
40 76 40 64 69 76
56 65 56 62 65
16 55 16 31 43 44 55
8 87 8 28 41 50 59 77 87
17 49 17 25 38 41 49
22 56 22 25 35 56
3 42 3 9 17 20 26 42
10 28 10 17 20 26 28
17 68 17 33 51 64 68
24 80 24 50 51 58 61 75 80
0 50 0 45 50
22 88 22 25 62 74 82 85 88
6 44 6 24 29 43 44
6 54 6 30 34 45 54
1 49 1 7 14 19 21 26 38 41 49
37 59 37 51 59
58 76 58 64 69 76
7 78 7 49 72 78
24 70 24 27 29 70
11 35 11 20 26 28 35
7 26 7 14 19 21 26
32 47 32 47
11 84 11 21 42 62 72 78 84
2 32 2 9 17 32
57 82 57 74 82
27 52 27 29 48 52
10 33 10 17 33
5 52 5 6 24 29 43 52
21 74 21 59 64 68 74
41 84 41 50 51 60 66 78 84
18 89 18 22 34 44 78 84 89
26 73 26 42 51 58 67 73
1 67 1 3 37 48 52 67
54 86 54 67 72 86
29 79 29 36 55 79
44 58 44 55 58
25 53 25 38 41 53
10 46 10 17 33 46
58 64 58 64
24 63 24 30 44 55 57 63
14 44 14 19 43 44
43 62 43 62
60 66 60 66
19 43 19 43
21 58 21 58
50 84 50 59 66 78 84
24 88 24 77 87 88
45 51 45 50 51
18 75 18 20 30 44 55 58 61 75
15 62 15 21 42 62
39 84 39 58 67 72 78 84
22 87 22 34 44 64 69 87
22 76 22 59 64 69 76
34 60 34 45 50 51 60
43 87 43 44 53 77 87
13 51 13 49 51
45 55 45 55
12 63 12 44 55 57 63
16 47 16 23 32 47
10 52 10 52
19 42 19 38 42
15 21 15 21
10 44 10 17 20 30 44
45 54 45 54
42 58 42 51 58
55 71 55 58 64 71
14 45 14 34 45
45 82 45 75 82
12 75 12 75
0 46 0 13 20 26 28 46
18 25 18 22 25
52 68 52 64 68
23 89 23 78 84 89
13 20 13 20
6 26 6 15 21 26
4 67 4 23 44 55 67
37 48 37 48
37 58 37 49 51 58
47 88 47 61 75 80 81 83 88
41 78 41 70 72 78
32 81 32 48 75 80 81
58 61 58 61
15 62 15 21 42 62
15 56 15 22 31 56
28 83 28 41 57 78 81 83
38 74 38 42 51 59 64 68 74
31 61 31 43 44 55 58 61
24 60 24 27 29 36 37 51 60
84 89 84 89
62 83 62 63 80 83
51 88 51 58 68 74 85 88
24 39 24 30 39
4 76 4 41 49 76
82 88 82 85 88
14 59 14 25 38 41 59
15 30 15 30
30 86 30 39 58 67 72 86
62 88 62 72 87 88
13 86 13 24 43 70 86
6 76 6 30 41 49 69 76
5 41 5 6 17 25 38 41
28 64 28 41 59 64
24 47 24 29 36 43 47
13 38 13 26 38
48 54 48 54
66 89 66 78 84 89
24 58 24 29 43 44 55 58
75 83 75 80 81 83
41 65 41 49 51 59 65
26 88 26 38 42 62 63 83 88
11 55 11 21 26 55
10 80 10 48 54 75 80
2 29 2 9 13 24 27 29
45 52 45 52
3 13 3 9 13
18 32 18 20 32
18 51 18 21 42 51
49 72 49 51 58 67 72
13 84 13 60 66 78 84
83 88 83 88
12 17 12 17
13 32 13 20 32
39 84 39 58 67 72 78 84
7 56 7 56
14 54 14 34 48 54
12 69 12 50 51 59 69
3 14 3 14
21 61 21 58 61
66 82 66 71 82
12 49 12 29 36 37 49
70 72 70 72
1 64 1 2 33 51 58 64
31 69 31 68 69
57 63 57 63
29 73 29 36 43 44 73
8 78 8 34 45 67 72 78
20 40 20 40
23 78 23 66 78
61 81 61 75 80 81
18 59 18 59
24 47 24 29 43 47
72 89 72 78 84 89
30 50 30 34 45 50
30 39 30 39
14 60 14 19 33 49 51 60
14 87 14 25 57 72 87
55 67 55 67
41 67 41 49 51 67
8 53 8 34 44 53
33 40 33 37 40
41 80 41 53 80
5 42 5 6 16 23 25 38 42
37 85 37 40 63 82 85
10 38 10 17 25 38
56 81 56 78 81
25 57 25 38 41 57
6 65 6 15 26 42 51 59 65
8 81 8 9 50 60 66 78 81
2 34 2 9 13 20 30 34
4 56 4 13 28 35 56
10 30 10 17 20 30
1 19 1 3 14 19
87 88 87 88
71 82 71 82
10 61 10 34 44 55 58 61
7 64 7 27 58 64
19 78 19 33 51 58 67 72 78
10 85 10 52 64 82 85
36 74 36 37 48 54 59 64 68 74
6 56 6 31 56
18 22 18 22
47 80 47 80
10 72 10 48 54 67 72
15 40 15 22 25 33 37 40
42 80 42 51 58 61 75 80
70 81 70 81
56 71 56 64 71
0 75 0 47 61 75
39 84 39 58 67 72 78 84
2 85 2 9 20 39 58 67 82 85
40 68 40 68
6 17 6 17
20 75 20 39 58 61 75
25 85 25 85
15 76 15 26 55 58 64 68 69 76
20 44 20 32 44
56 81 56 78 81
5 6 5 6
13 37 13 24 27 29 36 37
6 23 6 16 23
33 71 33 49 51 64 71
36 43 36 43
40 78 40 78
51 84 51 67 72 78 84
25 61 25 38 41 49 51 58 61
23 38 23 25 38
34 79 34 79
55 78 55 67 72 78
7 84 7 43 44 79 84
17 25 17 25
2 43 2 9 17 29 43
12 60 12 37 51 60
38 85 38 41 57 72 82 85
15 43 15 22 31 43
24 62 24 43 62
19 68 19 43 64 68
17 34 17 20 30 34
70 78 70 72 78
25 74 25 40 64 68 74
4 51 4 49 51
26 83 26 67 72 78 81 83
21 75 21 26 75
12 70 12 29 70
4 62 4 8 9 13 24 27 29 36 43 62
13 64 13 49 51 59 64
25 35 25 35
3 61 3 58 61
1 48 1 19 33 37 48
10 42 10 17 20 26 38 42
5 70 5 70
0 82 0 10 34 45 57 63 82
22 57 22 43 44 55 57
5 53 5 6 31 43 44 53
52 77 52 77
45 88 45 83 88
27 78 27 58 67 72 78
38 51 38 42 51
28 86 28 41 70 72 86
27 43 27 29 43
14 34 14 34
2 9 2 9
3 62 3 27 29 36 43 62
15 45 15 30 34 45
41 53 41 53
28 64 28 35 39 58 64
7 40 7 40
55 79 55 79
4 17 4 8 9 17
9 76 9 24 50 51 60 69 76
40 64 40 64
22 53 22 34 44 53
22 52 22 34 45 52
0 57 0 45 55 57
30 84 30 39 58 67 72 78 84
20 68 20 26 28 35 59 64 68
43 44 43 44
64 86 64 86
41 69 41 59 69
17 84 17 70 72 78 84
0 13 0 13
17 33 17 33
41 66 41 50 51 59 66
15 61 15 21 42 51 58 61
64 87 64 68 69 87
32 79 32 44 55 79
0 73 0 24 50 51 67 73
40 65 40 63 65
25 38 25 38
23 82 23 32 66 71 82
86 88 86 88
0 53 0 10 44 53
23 88 23 25 33 51 88
7 78 7 28 49 51 60 66 78
27 44 27 29 36 43 44
10 51 10 17 25 38 42 51
2 88 2 14 31 43 44 84 88
34 86 34 44 55 57 72 86
1 13 1 2 9 13
3 48 3 15 30 34 48
28 78 28 49 51 67 72 78
55 78 55 67 72 78
20 72 20 56 62 72
75 83 75 80 83
11 21 11 21
2 13 2 9 13
27 74 27 29 48 52 64 68 74
18 43 18 22 31 43
6 80 6 40 63 80
19 48 19 21 26 28 37 48
9 44 9 13 36 43 44
21 73 21 58 67 73
66 81 66 78 81
20 72 20 26 28 37 52 67 72
61 75 61 75
22 89 22 31 43 70 72 78 84 89
8 54 8 9 13 36 37 48 54
18 81 18 20 26 55 61 75 80 81
28 60 28 37 51 60
8 89 8 58 67 72 78 84 89
70 71 70 71
47 77 47 77
43 69 43 44 64 68 69
0 10 0 10
12 32 12 17 20 32
10 61 10 17 25 33 39 58 61
5 87 5 70 72 87
17 63 17 33 37 40 63
32 63 32 44 55 57 63
0 89 0 57 72 78 84 89
24 55 24 43 44 55
4 69 4 8 40 64 68 69
56 65 56 62 63 65
28 81 28 49 72 78 81
70 71 70 71
3 23 3 16 23
43 78 43 70 72 78
43 72 43 62 72
2 83 2 78 81 83
14 39 14 19 21 26 28 35 39
8 32 8 9 17 32
11 20 11 20
31 76 31 68 69 76
20 51 20 26 38 42 51
30 45 30 34 45
63 80 63 80
19 33 19 33
30 65 30 39 65
30 44 30 44
26 88 26 67 72 88
19 69 19 21 40 64 68 69
17 40 17 29 36 37 40
7 74 7 57 74
7 59 7 32 48 54 59
47 73 47 67 73
30 61 30 39 58 61
77 88 77 88
9 82 9 82
62 85 62 74 82 85
0 81 0 13 36 66 78 81
12 26 12 17 20 26
16 35 16 23 35
27 58 27 29 43 44 55 58
17 57 17 32 44 55 57
62 81 62 63 80 81
36 44 36 43 44
45 81 45 55 57 78 81
58 68 58 68
32 75 32 48 61 75
2 80 2 23 37 48 52 80
7 32 7 32
24 73 24 73
28 46 28 46
3 37 3 37
20 30 20 30
3 66 3 9 20 32 48 54 59 66
17 77 17 29 36 50 60 66 77
29 58 29 43 44 55 58
5 85 5 6 24 27 70 71 82 85
17 63 17 25 62 63
7 64 7 56 64
45 83 45 57 78 81 83
18 38 18 22 25 38
17 33 17 25 33
12 45 12 17 20 30 34 45
72 78 72 78
25 79 25 38 41 79
0 20 0 13 20
20 88 20 32 53 84 88
6 18 6 18
0 81 0 59 64 81
26 62 26 38 42 62
11 34 11 20 30 34
31 86 31 56 64 86
35 56 35 56
41 66 41 50 59 66
7 87 7 62 72 87
51 64 51 59 64
34 87 34 59 69 87
12 75 12 44 55 58 61 75
12 61 12 44 55 61
26 62 26 38 42 62
1 87 1 13 20 30 41 50 60 69 87
62 84 62 72 78 84
3 82 3 64 82
48 86 48 54 72 86
8 37 8 9 20 26 28 37
48 88 48 75 88
31 88 31 43 64 86 88
48 61 48 61
14 87 14 28 35 59 69 87
5 35 5 6 15 21 26 28 35
19 43 19 43
6 55 6 24 30 44 55
52 77 52 77
13 84 13 24 30 54 72 78 84
9 44 9 20 32 44
18 58 18 20 26 42 51 58
3 49 3 37 49
12 81 12 17 70 72 78 81
24 50 24 30 34 45 50
18 39 18 22 25 35 39
17 26 17 20 26
14 59 14 19 33 49 51 59
4 65 4 49 51 59 65
20 63 20 56 62 63
3 54 3 14 25 33 37 48 54
45 67 45 50 51 67
26 42 26 42
45 50 45 50
52 89 52 89
25 60 25 38 42 51 60
43 73 43 47 67 73
2 9 2 9
13 74 13 26 28 64 68 74
5 70 5 70
26 51 26 38 42 51
3 81 3 64 81
12 45 12 45
13 68 13 36 37 51 58 68
4 67 4 8 9 50 51 67
3 64 3 64
27 36 27 29 36
4 42 4 13 26 38 42
32 79 32 44 55 79
21 75 21 58 61 75
30 85 30 34 48 72 82 85
59 69 59 69
20 82 20 66 71 82
48 66 48 54 59 66
5 79 5 36 55 79
63 65 63 65
24 59 24 30 48 54 59
37 87 37 49 51 58 67 72 87
14 81 14 28 35 59 64 81
26 51 26 42 51
5 64 5 64
9 50 9 17 25 38 41 50
62 82 62 74 82
41 69 41 59 69
5 45 5 6 18 22 34 45
0 50 0 45 50
55 76 55 58 64 69 76
31 86 31 56 64 86
7 39 7 14 19 21 26 28 35 39
2 46 2 33 46
4 42 4 8 9 13 20 26 42
12 28 12 17 20 26 28
20 88 20 30 34 44 53 88
12 33 12 17 33
42 58 42 51 58
12 75 12 50 51 58 61 75
42 70 42 70
32 48 32 48
3 61 3 16 31 43 47 61
34 45 34 45
45 77 45 55 58 77
19 26 19 21 26
6 59 6 15 22 59
5 35 5 6 16 35
8 34 8 9 24 30 34
63 88 63 80 83 88
16 73 16 23 44 55 67 73
3 86 3 37 52 67 72 86
17 47 17 32 47
66 71 66 71
18 42 18 21 26 38 42
13 70 13 20 30 41 70
36 44 36 43 44
41 57 41 57
17 29 17 29
1 19 1 7 14 19
10 52 10 24 29 43 52
18 87 18 59 77 87
39 87 39 58 67 72 87
2 53 2 9 20 30 34 44 53
31 82 31 56 64 71 82
67 86 67 72 86
6 59 6 15 30 54 59
7 32 7 32
40 86 40 64 86
8 28 8 9 13 20 26 28
19 66 19 38 42 51 59 66
26 89 26 42 46 77 89
0 82 0 59 66 71 82
6 15 6 15
3 30 3 30
16 83 16 28 64 81 83
49 88 49 72 86 88
13 77 13 60 66 77
29 77 29 43 44 53 77
7 14 7 14
35 84 35 56 62 72 78 84
16 44 16 23 32 44
13 24 13 24
2 13 2 9 13
0 26 0 13 26
30 53 30 53
27 44 27 44
38 74 38 42 62 74
30 41 30 41
23 48 23 32 48
10 72 10 34 48 52 67 72
40 71 40 64 71
28 64 28 35 39 58 64
4 77 4 13 60 66 77
8 81 8 9 50 51 60 66 78 81
0 50 0 10 30 34 45 50
77 89 77 89
25 64 25 38 41 50 51 64
11 53 11 20 26 38 41 53
57 72 57 72
43 64 43 52 64
42 70 42 70
3 40 3 16 40
34 76 34 45 64 69 76
4 70 4 70
35 75 35 39 58 61 75
4 70 4 23 25 38 41 70
55 86 55 57 72 86
67 85 67 72 82 85
34 59 34 45 54 59
23 87 23 87
8 72 8 62 72
7 60 7 28 49 51 60
28 46 28 46
8 40 8 40
30 88 30 53 88
12 54 12 37 48 54
41 72 41 57 72
1 64 1 39 58 64
7 85 7 57 82 85
1 37 1 26 28 37
19 69 19 43 52 64 69
22 43 22 31 43
22 31 22 31
75 88 75 82 85 88
72 82 72 82
37 72 37 72
9 82 9 62 74 82
13 24 13 24
20 87 20 40 64 69 87
20 68 20 30 54 59 64 68
13 38 13 20 26 38
27 48 27 29 36 37 48
62 83 62 63 83
51 80 51 80
17 29 17 29
8 78 8 40 78
7 52 7 14 28 37 52
14 19 14 19
52 71 52 64 71
3 35 3 16 23 25 35
70 72 70 72
5 88 5 52 67 82 85 88
3 9 3 9
12 42 12 17 25 38 42
18 21 18 21
29 62 29 36 43 62
42 76 42 51 58 68 69 76
30 45 30 34 45
12 46 12 17 20 26 38 42 46
58 61 58 61
10 44 10 24 29 36 43 44
8 38 8 9 20 26 38
25 87 25 33 39 58 77 87
79 81 79 81
4 87 4 77 87
56 86 56 62 72 86
42 81 42 70 81
72 89 72 78 84 89
27 57 27 44 55 57
22 59 22 34 48 54 59
12 49 12 17 25 38 41 49
60 78 60 66 78
0 25 0 10 17 25
5 75 5 6 24 29 75
1 34 1 3 15 30 34
20 40 20 26 28 37 40
22 85 22 33 72 82 85
38 74 38 41 50 51 59 64 68 74
49 72 49 72
11 49 11 33 49
6 29 6 16 29
1 39 1 39
13 77 13 60 66 77
19 56 19 21 26 28 35 56
6 51 6 37 49 51
10 44 10 30 34 44
5 88 5 64 71 88
27 84 27 72 78 84
54 59 54 59
12 73 12 45 55 67 73
19 78 19 78
2 33 2 33
79 83 79 81 83
41 65 41 57 63 65
24 55 24 30 44 55
37 52 37 52
1 89 1 37 49 72 78 84 89
53 88 53 88
20 78 20 66 78
68 76 68 69 76
59 76 59 64 69 76
9 24 9 13 24
2 85 2 82 85
15 53 15 26 28 41 53
66 83 66 83
25 66 25 38 42 51 59 66
5 42 5 6 15 26 38 42
56 62 56 62
20 38 20 26 38
33 63 33 62 63
54 75 54 75
19 56 19 56
18 39 18 22 33 39
66 82 66 71 82
11 49 11 21 26 28 41 49
4 41 4 13 24 30 41
18 31 18 22 31
25 86 25 62 72 86
52 77 52 77
35 88 35 59 66 83 88
21 49 21 26 28 41 49
39 75 39 58 61 75
2 49 2 33 49
63 88 63 82 85 88
12 81 12 44 79 81
56 65 56 62 65
12 20 12 17 20
14 74 14 19 38 41 50 59 64 68 74
83 88 83 88
50 67 50 51 67
26 83 26 38 41 78 81 83
19 85 19 38 42 57 63 82 85
0 86 0 47 67 72 86
26 81 26 28 35 59 66 78 81
11 58 11 33 37 51 58
57 84 57 72 78 84
79 88 79 88
27 85 27 72 82 85
14 21 14 19 21
17 70 17 25 38 70
8 32 8 9 13 20 32
13 85 13 74 85
39 68 39 58 68
4 23 4 23
10 29 10 17 29
1 80 1 37 51 80
9 84 9 24 30 48 52 78 84
55 77 55 58 77
17 26 17 20 26
1 71 1 39 58 64 71
17 33 17 25 33
34 55 34 45 55
34 48 34 48
15 62 15 22 25 62
15 25 15 22 25
8 75 8 58 61 75
16 23 16 23
36 52 36 43 52
0 88 0 20 30 41 57 63 83 88
18 48 18 21 26 28 37 48
79 89 79 84 89
41 85 41 49 51 60 66 71 82 85
7 26 7 14 19 21 26
26 49 26 38 41 49
29 73 29 48 54 67 73
20 49 20 26 38 41 49
31 86 31 56 64 86
79 84 79 84
34 63 34 45 55 57 63
10 66 10 24 50 59 66
18 25 18 22 25
12 74 12 24 30 48 52 64 68 74
26 60 26 42 51 60
17 84 17 58 67 72 78 84
30 75 30 44 55 61 75
42 80 42 62 63 80
20 45 20 30 34 45
18 28 18 20 26 28
20 67 20 26 42 51 67
2 57 2 14 34 45 57
43 73 43 47 67 73
67 73 67 73
59 85 59 71 82 85
49 80 49 51 80
26 41 26 38 41
45 51 45 50 51
6 18 6 18
32 44 32 44
0 64 0 27 29 43 64
2 53 2 14 19 38 41 53
17 80 17 32 48 54 75 80
2 34 2 14 34
11 70 11 20 26 42 70
45 66 45 54 59 66
55 77 55 58 77
44 76 44 64 68 69 76
20 70 20 30 41 70
34 83 34 79 83
52 85 52 71 82 85
22 79 22 43 44 79
22 43 22 31 43
52 76 52 64 69 76
64 68 64 68
7 57 7 43 44 55 57
8 47 8 9 20 32 47
5 57 5 6 31 43 44 55 57
16 44 16 29 43 44
21 40 21 40
10 26 10 17 20 26
46 88 46 77 87 88
39 81 39 58 67 72 78 81
7 21 7 14 19 21
20 85 20 39 85
0 79 0 13 20 79
31 82 31 56 74 82
24 49 24 29 36 37 49
81 83 81 83
34 59 34 45 54 59
45 59 45 50 59
28 58 28 35 39 58
32 83 32 66 78 81 83
62 84 62 72 78 84
3 14 3 14
10 51 10 24 50 51
70 84 70 72 78 84
74 85 74 82 85
54 66 54 59 66
67 89 67 72 78 84 89
30 34 30 34
62 83 62 72 78 81 83
7 68 7 56 64 68
1 55 1 2 9 17 32 44 55
52 64 52 64
23 38 23 25 38
17 86 17 52 67 72 86
18 38 18 20 26 38
15 47 15 22 43 47
12 57 12 44 55 57
48 74 48 52 64 68 74
55 83 55 58 67 72 78 81 83
26 74 26 28 41 57 74
48 81 48 52 67 72 78 81
4 77 4 77
18 43 18 22 43
26 73 26 73
60 87 60 69 87
9 29 9 17 29
11 88 11 33 82 85 88
34 59 34 45 50 59
55 80 55 58 61 75 80
4 66 4 23 66
31 86 31 56 62 72 86
29 44 29 43 44
9 69 9 20 30 48 54 59 69
28 86 28 41 59 86
12 27 12 24 27
7 73 7 39 58 67 73
29 66 29 48 54 59 66
12 82 12 50 51 59 66 71 82
4 35 4 23 35
67 85 67 72 82 85
51 64 51 58 64
23 79 23 55 79
15 70 15 21 26 42 70
14 31 14 31
42 75 42 51 58 61 75
30 70 30 41 70
36 88 36 55 58 68 69 87 88
55 76 55 58 68 69 76
62 65 62 65
3 61 3 30 48 61
4 9 4 8 9
45 88 45 54 86 88
51 69 51 64 68 69
19 42 19 21 26 38 42
54 66 54 59 66
10 85 10 60 82 85
3 16 3 16
28 78 28 49 51 59 66 78
10 61 10 24 55 58 61
17 50 17 20 30 41 50
18 20 18 20
25 54 25 33 37 48 54
5 64 5 6 15 21 40 64
12 50 12 45 50
7 49 7 14 28 37 49
48 65 48 54 59 65
3 32 3 16 23 32
10 66 10 60 66
37 52 37 48 52
67 82 67 82
44 61 44 55 61
11 70 11 20 26 28 41 70
32 75 32 47 75
63 81 63 80 81
10 42 10 17 25 38 42
8 47 8 9 17 32 47
13 32 13 20 32
22 79 22 25 38 41 79
12 70 12 17 25 38 42 70
23 32 23 32
54 80 54 75 80
54 84 54 59 66 78 84
17 71 17 33 52 71
21 84 21 42 51 67 72 78 84
6 17 6 17
6 50 6 18 34 45 50
25 61 25 38 41 50 51 58 61
50 67 50 51 58 67
28 68 28 41 49 51 64 68
28 61 28 41 50 51 58 61
17 71 17 25 38 70 71
32 59 32 48 54 59
8 49 8 28 37 49
13 41 13 26 28 41
28 49 28 37 49
6 25 6 15 22 25
24 47 24 43 47
8 62 8 28 35 56 62
20 40 20 40
55 73 55 58 67 73
56 65 56 62 65
8 62 8 9 24 29 43 62
11 80 11 20 30 48 52 80
42 75 42 51 58 61 75
38 89 38 60 66 78 84 89
1 35 1 19 21 26 28 35
1 60 1 2 9 24 50 60
34 83 34 79 83
38 42 38 42
45 81 45 67 72 78 81
6 37 6 27 29 36 37
47 80 47 61 75 80
27 84 27 53 84
24 83 24 55 79 81 83
11 88 11 77 88
40 69 40 64 69
41 83 41 49 72 78 81 83
45 66 45 54 59 66
11 48 11 20 30 48
31 68 31 56 64 68
37 58 37 49 51 58
42 65 42 51 59 65
3 66 3 14 19 21 26 28 37 49 51 60 66
11 80 11 21 40 63 80
49 88 49 51 88
17 51 17 20 26 38 42 51
9 42 9 20 26 42
15 46 15 21 26 28 46
28 35 28 35
41 50 41 50
1 32 1 13 20 32
7 62 7 28 35 56 62
70 89 70 72 78 84 89
6 29 6 17 29
6 15 6 15
26 38 26 38
0 77 0 20 30 54 59 77
14 74 14 19 21 58 64 68 74
31 43 31 43
13 74 13 64 68 74
10 44 10 17 20 30 34 44
13 54 13 28 37 48 54
34 87 34 45 67 72 87
22 34 22 34
58 85 58 68 74 82 85
63 82 63 82
19 46 19 21 42 46
50 69 50 60 69
45 54 45 54
21 85 21 59 64 71 82 85
58 77 58 77
25 68 25 38 41 59 64 68
59 65 59 65
45 64 45 64
23 84 23 55 58 67 72 78 84
6 66 6 27 29 36 37 49 51 60 66
10 33 10 17 33
14 44 14 31 43 44
26 42 26 42
25 63 25 35 63
4 78 4 41 49 72 78
42 64 42 51 59 64
6 64 6 18 59 64
25 69 25 38 42 51 58 68 69
3 23 3 16 23
24 77 24 43 52 77
16 81 16 29 75 80 81
18 59 18 20 30 34 48 54 59
4 89 4 60 66 78 84 89
20 67 20 32 58 67
34 77 34 44 55 58 77
40 85 40 85
16 81 16 28 49 72 78 81
54 89 54 59 89
13 85 13 24 55 61 75 82 85
48 52 48 52
35 89 35 56 78 84 89
31 62 31 56 62
12 84 12 66 78 84
15 57 15 21 26 42 57
66 77 66 77
31 55 31 43 44 55
42 51 42 51
56 82 56 82
1 49 1 37 49
10 53 10 30 53
52 68 52 64 68
37 76 37 51 64 68 69 76
57 74 57 74
38 59 38 42 51 59
20 60 20 26 38 42 51 60
8 54 8 34 48 54
37 82 37 51 67 82
28 52 28 37 52
8 39 8 9 24 30 39
24 58 24 50 51 58
38 85 38 42 70 82 85
6 16 6 16
22 76 22 33 51 59 69 76
32 61 32 48 61
17 42 17 25 38 42
5 44 5 6 16 31 43 44
36 50 36 50
20 63 20 32 44 55 57 63
55 58 55 58
17 25 17 25
8 63 8 34 44 55 57 63
4 42 4 23 25 38 42
10 78 10 48 54 67 72 78
17 50 17 25 38 41 50
30 73 30 44 55 67 73
16 69 16 35 56 64 68 69
15 42 15 22 25 38 42
20 59 20 32 48 54 59
62 81 62 63 80 81
15 76 15 58 64 69 76
17 84 17 70 72 78 84
25 87 25 35 59 77 87
23 57 23 57
34 60 34 45 50 60
45 57 45 55 57
12 74 12 37 40 64 68 74
24 78 24 55 58 67 72 78
3 48 3 14 19 33 37 48
21 61 21 42 51 58 61
2 78 2 23 44 78
10 86 10 52 67 72 86
4 62 4 8 28 35 56 62
7 56 7 14 28 35 56
10 24 10 24
11 26 11 21 26
17 43 17 29 43
29 66 29 48 54 59 66
16 36 16 29 36
16 38 16 23 25 38
45 83 45 83
22 25 22 25
12 53 12 29 36 43 44 53
35 75 35 39 58 61 75
38 63 38 41 63
7 50 7 14 19 38 41 50
9 27 9 24 27
37 76 37 76
5 66 5 36 48 54 59 66
33 83 33 61 75 80 83
35 66 35 59 66
30 65 30 65
25 86 25 57 72 86
51 86 51 58 64 86
55 72 55 57 72
27 74 27 58 68 74
12 30 12 24 30
51 61 51 58 61
6 69 6 37 49 51 64 68 69
37 67 37 51 58 67
10 29 10 17 29
15 63 15 22 43 44 55 57 63
63 88 63 80 81 83 88
16 41 16 28 41
0 86 0 10 44 64 86
15 51 15 21 26 42 51
49 75 49 51 58 61 75
13 54 13 24 27 29 36 37 48 54
42 57 42 57
0 13 0 13
10 62 10 24 29 36 43 62
22 88 22 59 86 88
10 33 10 17 33
58 68 58 64 68
1 7 1 7
21 84 21 26 55 84
23 82 23 68 74 82
30 53 30 41 53
50 80 50 51 58 61 75 80
6 88 6 37 40 85 88
4 87 4 8 9 50 60 69 87
70 82 70 71 82
44 78 44 55 58 67 72 78
26 73 26 28 49 51 67 73
29 67 29 36 43 44 55 67
3 13 3 9 13
35 63 35 63
23 68 23 68
13 47 13 36 43 47
7 74 7 43 52 64 68 74
29 80 29 75 80
21 46 21 42 46
1 35 1 26 28 35
6 30 6 18 20 30
43 77 43 77
64 86 64 86
30 75 30 41 49 51 58 61 75
18 25 18 22 25
37 84 37 84
22 52 22 43 52
55 71 55 58 64 71
4 67 4 49 51 58 67
10 40 10 17 33 37 40
42 72 42 62 72
20 83 20 40 63 80 83
21 85 21 59 64 68 74 85
10 53 10 24 27 29 36 43 44 53
32 72 32 48 72
50 64 50 51 64
11 59 11 35 59
49 67 49 51 58 67
34 79 34 45 55 79
1 68 1 37 49 51 64 68
45 69 45 50 59 69
23 83 23 32 58 67 72 78 81 83
3 23 3 16 23
40 78 40 78
34 81 34 44 55 57 63 80 81
37 74 37 49 51 58 64 68 74
28 37 28 37
32 76 32 58 64 68 69 76
13 85 13 64 71 82 85
36 85 36 59 71 82 85
46 87 46 77 87
9 47 9 20 32 47
9 88 9 71 88
48 89 48 52 77 89
78 81 78 81
20 82 20 55 67 82
42 59 42 51 59
16 55 16 29 36 43 44 55
4 57 4 13 26 28 41 57
38 59 38 41 50 59
20 87 20 56 64 68 69 87
29 57 29 36 55 57
34 76 34 59 64 68 69 76
26 56 26 28 35 56
7 56 7 56
4 60 4 60
7 32 7 32
42 64 42 51 64
29 81 29 80 81
1 26 1 26
20 77 20 55 58 77
37 49 37 49
21 57 21 26 42 57
18 31 18 22 31
7 70 7 29 36 43 70
3 82 3 30 44 55 67 82
5 46 5 6 18 22 33 46
20 38 20 26 38
28 73 28 35 39 58 67 73
47 81 47 61 75 80 81
1 48 1 26 28 37 48
1 73 1 49 51 58 67 73
24 49 24 30 41 49
5 85 5 52 67 72 82 85
31 88 31 68 69 87 88
7 68 7 27 29 43 52 64 68
26 88 26 75 80 81 83 88
5 75 5 75
19 86 19 62 72 86
7 61 7 39 58 61
3 61 3 30 34 48 61
64 82 64 82
23 57 23 55 57
45 51 45 50 51
9 84 9 20 32 66 78 84
64 88 64 81 83 88
4 26 4 13 20 26
0 82 0 27 58 61 75 82
23 55 23 32 44 55
34 59 34 45 50 59
25 53 25 38 41 53
36 49 36 37 49
75 80 75 80
27 60 27 29 36 60
36 87 36 66 77 87
6 51 6 30 34 45 50 51
10 44 10 44
37 84 37 48 54 67 72 78 84
19 68 19 56 64 68
33 61 33 49 51 58 61
20 85 20 32 47 61 75 82 85
20 66 20 66
14 19 14 19
12 26 12 17 20 26
39 58 39 58
28 58 28 49 51 58
22 77 22 33 51 59 77
15 56 15 26 28 35 56
23 87 23 77 87
23 77 23 77
55 61 55 61
22 87 22 43 62 72 87
24 50 24 29 36 50
59 89 59 89
20 39 20 30 39
11 39 11 21 26 28 35 39
24 83 24 43 64 81 83
29 66 29 36 59 66
7 89 7 14 59 66 78 84 89
10 47 10 17 32 47
0 25 0 10 17 25
24 77 24 27 29 48 52 77
11 79 11 21 26 28 41 79
6 79 6 79
33 83 33 49 72 78 81 83
14 60 14 19 33 51 60
0 50 0 24 50
3 35 3 16 35
21 57 21 26 42 57
22 73 22 34 44 55 58 67 73
20 56 20 56
2 57 2 14 28 41 57
59 88 59 64 86 88
45 51 45 50 51
42 72 42 62 72
45 58 45 55 58
54 89 54 67 72 78 84 89
6 64 6 24 30 34 45 64
50 80 50 51 80
13 51 13 26 42 51
68 88 68 69 87 88
6 76 6 16 31 68 69 76
12 20 12 17 20
8 72 8 58 67 72
8 42 8 9 20 26 38 42
22 41 22 25 38 41
41 75 41 50 51 58 61 75
31 77 31 43 44 55 58 77
8 52 8 34 48 52
56 65 56 62 65
13 77 13 24 43 77
24 63 24 30 41 63
24 27 24 27
41 59 41 50 51 59
21 50 21 26 38 41 50
20 84 20 39 58 67 72 78 84
16 83 16 23 49 72 78 81 83
6 18 6 18
13 20 13 20
12 33 12 17 33
34 83 34 79 81 83
10 40 10 17 25 40
6 64 6 30 44 55 58 64
45 59 45 50 59
25 53 25 38 41 53
28 49 28 37 49
22 33 22 33
17 56 17 20 56
9 37 9 13 20 26 28 37
67 88 67 72 87 88
15 51 15 22 25 33 51
74 82 74 82
10 47 10 24 29 43 47
10 44 10 17 29 36 43 44
11 39 11 21 26 28 35 39
56 72 56 62 72
33 71 33 49 51 60 66 71
3 31 3 15 22 31
14 31 14 31
6 31 6 15 22 31
29 64 29 36 59 64
10 83 10 52 83
0 64 0 13 36 50 59 64
5 61 5 36 37 49 51 58 61
17 59 17 20 26 28 35 59
0 20 0 13 20
66 78 66 78
19 39 19 21 26 28 35 39
11 39 11 21 26 28 35 39
34 87 34 59 77 87
21 72 21 42 70 72
54 59 54 59
30 45 30 34 45
6 44 6 24 29 43 44
3 17 3 9 17
58 75 58 61 75
10 52 10 48 52
60 69 60 69
24 43 24 29 36 43
3 20 3 9 20
43 72 43 47 67 72
41 50 41 50
3 37 3 16 28 37
22 25 22 25
26 88 26 28 37 87 88
33 63 33 62 63
26 81 26 28 37 49 51 67 72 78 81
5 84 5 6 18 21 58 67 72 78 84
10 64 10 24 43 44 64
6 77 6 44 55 58 77
39 81 39 58 61 75 80 81
34 45 34 45
4 86 4 23 49 72 86
41 84 41 67 72 78 84
68 69 68 69
11 52 11 33 37 48 52
4 35 4 23 35
29 62 29 36 43 62
2 68 2 33 37 40 68
5 17 5 6 17
2 54 2 14 25 33 37 48 54
22 59 22 34 45 54 59
44 78 44 55 67 72 78
25 68 25 35 39 58 64 68
13 70 13 24 43 70
0 47 0 13 24 27 29 43 47
24 68 24 27 44 64 68
24 60 24 29 36 50 51 60
9 40 9 24 29 36 37 40
27 55 27 29 43 44 55
74 82 74 82
37 52 37 52
8 81 8 40 64 81
16 44 16 31 43 44
15 35 15 26 28 35
59 89 59 89
45 58 45 55 58
19 37 19 33 37
66 83 66 83
6 30 6 30
54 87 54 72 87
22 56 22 31 56
37 48 37 48
6 49 6 15 22 25 33 37 49
79 84 79 84
45 50 45 50
42 70 42 70
27 53 27 44 53
23 89 23 25 38 60 66 78 84 89
31 68 31 68
16 81 16 31 56 78 81
27 29 27 29
35 65 35 63 65
13 26 13 26
9 67 9 50 51 58 67
6 16 6 16
57 84 57 78 84
41 70 41 70
25 53 25 38 41 53
10 48 10 30 34 48
16 47 16 23 32 47
26 73 26 73
24 89 24 29 48 52 89
35 59 35 59
19 55 19 21 26 55
9 33 9 17 33
18 58 18 20 26 28 37 49 51 58
0 81 0 47 80 81
37 72 37 52 67 72
42 64 42 51 59 64
2 53 2 14 34 44 53
27 78 27 58 67 72 78
46 77 46 77
3 79 3 38 41 79
1 7 1 7
22 88 22 31 56 62 72 78 84 88
15 76 15 22 34 44 55 58 68 69 76
22 58 22 43 44 55 58
24 34 24 30 34
51 58 51 58
2 34 2 14 34
15 62 15 21 42 62
19 42 19 21 42
15 45 15 22 34 45
25 87 25 33 52 64 68 69 87
28 83 28 41 79 81 83
1 89 1 3 27 44 78 84 89
20 78 20 55 67 72 78
50 71 50 59 71
12 26 12 17 20 26
13 32 13 20 32
38 86 38 41 67 72 86
50 71 50 51 58 64 71
5 53 5 36 43 44 53
9 82 9 17 60 82
41 71 41 70 71
3 86 3 30 48 54 86
19 69 19 56 64 68 69
58 77 58 77
36 50 36 50
17 26 17 20 26
26 81 26 80 81
45 81 45 64 81
38 61 38 42 51 58 61
59 88 59 66 83 88
30 70 30 41 70
7 62 7 28 35 56 62
49 84 49 51 67 72 78 84
7 14 7 14
60 83 60 66 78 81 83
28 73 28 49 51 67 73
10 80 10 48 75 80
26 67 26 55 58 67
7 84 7 43 52 67 72 78 84
23 84 23 44 55 67 72 78 84
29 57 29 36 55 57
7 61 7 28 35 39 58 61
24 74 24 30 41 50 51 64 68 74
2 73 2 33 73
0 59 0 24 27 29 36 48 54 59
2 53 2 9 20 26 28 41 53
3 35 3 14 28 35
30 61 30 39 58 61
5 89 5 70 72 78 84 89
25 74 25 74
38 74 38 41 59 64 68 74
0 20 0 20
32 55 32 44 55
1 87 1 19 69 87
32 72 32 47 67 72
51 76 51 64 68 69 76
4 55 4 23 55
57 83 57 63 80 81 83
19 78 19 43 44 55 67 72 78
15 57 15 30 34 45 57
38 46 38 42 46
3 54 3 14 28 37 48 54
6 49 6 15 22 33 49
55 79 55 79
18 68 18 59 64 68
28 77 28 41 49 51 59 66 77
21 59 21 59
7 26 7 14 19 21 26
3 37 3 9 20 26 28 37
8 84 8 58 67 72 78 84
11 72 11 33 67 72
33 78 33 37 40 78
5 28 5 6 16 28
16 28 16 28
23 42 23 25 38 42
4 9 4 8 9
25 64 25 33 37 48 52 64
38 70 38 70
30 61 30 41 50 51 58 61
28 68 28 49 51 59 64 68
26 46 26 28 46
23 33 23 25 33
60 69 60 69
35 84 35 56 62 72 78 84
18 62 18 20 26 38 42 62
26 89 26 42 46 77 89
43 64 43 64
21 59 21 42 51 59
24 27 24 27
25 63 25 63
25 76 25 38 41 49 76
4 9 4 8 9
29 79 29 43 44 79
4 35 4 8 28 35
22 49 22 25 33 37 49
28 68 28 68
49 76 49 69 76
3 23 3 16 23
13 56 13 26 28 35 56
70 72 70 72
48 74 48 54 59 64 68 74
3 35 3 14 28 35
44 72 44 55 57 72
38 65 38 65
72 87 72 87
4 51 4 23 25 38 42 51
64 87 64 69 87
4 51 4 8 41 50 51
28 35 28 35
8 56 8 28 35 56
20 30 20 30
77 89 77 89
37 84 37 84
10 36 10 17 29 36
49 75 49 51 58 61 75
16 74 16 68 74
18 88 18 21 42 57 72 87 88
45 88 45 57 82 85 88
72 78 72 78
24 60 24 50 60
10 28 10 17 20 26 28
16 68 16 38 42 51 59 64 68
68 69 68 69
1 64 1 39 58 64
10 85 10 60 66 71 82 85
5 75 5 6 30 54 75
39 68 39 58 68
45 66 45 50 60 66
28 81 28 49 51 58 61 75 80 81
64 85 64 71 82 85
27 74 27 29 36 43 44 55 58 64 68 74
42 61 42 51 58 61
41 72 41 49 51 67 72
1 82 1 82
38 41 38 41
6 49 6 30 41 49
9 83 9 24 80 81 83
43 77 43 47 77
15 52 15 30 34 48 52
8 74 8 58 68 74
5 26 5 6 18 20 26
8 63 8 28 41 57 63
2 53 2 23 32 53
25 88 25 35 63 88
2 52 2 33 37 52
13 79 13 24 27 29 36 55 79
8 28 8 28
43 57 43 44 55 57
3 36 3 27 29 36
7 85 7 28 35 56 82 85
36 43 36 43
17 47 17 20 32 47
14 78 14 78
45 74 45 64 68 74
13 44 13 29 43 44
26 79 26 55 79
28 61 28 49 51 58 61
81 83 81 83
19 41 19 38 41
16 59 16 38 42 51 59
48 89 48 72 78 84 89
62 82 62 74 82
32 86 32 48 72 86
1 43 1 19 43
3 81 3 64 81
59 86 59 64 86
10 76 10 60 69 76
21 42 21 26 38 42
18 28 18 21 26 28
39 58 39 58
6 55 6 15 26 55
75 81 75 80 81
2 9 2 9
56 76 56 64 68 69 76
79 83 79 83
84 88 84 88
18 87 18 34 44 64 69 87
7 88 7 43 77 87 88
15 77 15 46 77
4 9 4 8 9
7 63 7 29 36 55 57 63
18 48 18 21 26 28 37 48
33 54 33 37 48 54
32 76 32 58 64 68 69 76
26 40 26 28 37 40
60 78 60 66 78
72 85 72 82 85
58 85 58 85
13 72 13 72
18 54 18 21 26 28 37 48 54
17 32 17 20 32
63 82 63 82
7 21 7 14 19 21
24 74 24 43 44 64 68 74
24 49 24 30 41 49
49 51 49 51
26 68 26 28 41 59 64 68
36 44 36 43 44
5 42 5 6 15 21 26 38 42
67 78 67 72 78
9 40 9 13 24 29 36 37 40
6 37 6 18 21 26 28 37
5 6 5 6
62 86 62 72 86
16 81 16 35 63 80 81
21 73 21 26 28 37 49 51 67 73
55 80 55 58 61 75 80
52 89 52 77 89
40 74 40 64 68 74
12 56 12 17 25 35 56
20 35 20 26 28 35
51 71 51 64 71
18 34 18 20 30 34
8 81 8 62 63 80 81
25 88 25 62 63 80 81 83 88
22 56 22 31 56
2 75 2 14 42 51 58 61 75
18 21 18 21
30 80 30 53 80
18 34 18 22 34
41 53 41 53
5 73 5 36 48 52 67 73
27 55 27 44 55
5 61 5 6 15 30 44 55 58 61
20 37 20 26 28 37
21 40 21 26 28 37 40
49 78 49 51 67 72 78
42 61 42 51 58 61
10 83 10 60 66 78 81 83
43 70 43 70
4 62 4 23 25 62
20 71 20 39 58 64 71
4 55 4 30 34 44 55
38 73 38 42 51 67 73
3 38 3 38
3 49 3 15 21 26 38 41 49
0 26 0 20 26
12 24 12 24
36 74 36 43 62 74
6 16 6 16
4 43 4 8 9 24 27 29 36 43
28 58 28 37 51 58
7 60 7 49 51 60
13 51 13 49 51
5 69 5 52 64 69
13 56 13 20 26 28 35 56
21 86 21 40 64 86
56 88 56 82 85 88
59 85 59 66 71 82 85
13 65 13 26 42 57 63 65
16 69 16 38 42 51 58 68 69
5 28 5 6 18 20 26 28
30 85 30 41 57 82 85
2 52 2 33 37 48 52
30 86 30 39 58 67 72 86
25 68 25 40 64 68
62 63 62 63
8 75 8 34 48 54 75
15 77 15 46 77
6 59 6 24 29 36 50 59
42 66 42 51 60 66
17 40 17 20 26 28 37 40
31 55 31 43 44 55
85 88 85 88
3 61 3 14 25 33 49 51 58 61
22 83 22 25 79 81 83
17 39 17 25 33 39
10 30 10 24 30
10 77 10 30 41 50 59 66 77
17 69 17 33 49 69
3 14 3 14
57 81 57 78 81
5 6 5 6
9 86 9 24 55 58 67 72 86
39 89 39 58 77 89
14 42 14 25 38 42
70 78 70 72 78
28 35 28 35
8 39 8 28 35 39
48 72 48 72
22 66 22 25 35 59 66
7 43 7 29 43
60 69 60 69
30 84 30 41 53 84
32 76 32 58 68 69 76
6 83 6 16 23 37 40 64 81 83
23 80 23 37 51 80
2 71 2 9 71
34 52 34 45 52
8 60 8 41 49 51 60
20 84 20 26 28 41 79 84
4 78 4 70 72 78
12 68 12 27 44 64 68
32 80 32 58 61 75 80
10 36 10 17 29 36
59 86 59 64 86
24 30 24 30
58 87 58 67 72 87
12 32 12 17 20 32
26 65 26 55 57 63 65
51 69 51 59 69
30 87 30 39 58 64 68 69 87
72 85 72 82 85
31 77 31 43 52 77
49 84 49 51 67 72 78 84
23 58 23 49 51 58
42 83 42 51 80 81 83
41 78 41 78
38 41 38 41
29 54 29 36 48 54
24 36 24 27 29 36
12 73 12 17 33 67 73
22 73 22 33 51 67 73
0 28 0 20 26 28
13 45 13 24 30 34 45
55 84 55 67 72 78 84
1 76 1 37 52 64 69 76
43 63 43 44 55 57 63
19 85 19 82 85
42 81 42 62 63 80 81
18 48 18 21 26 28 37 48
24 60 24 50 51 60
13 37 13 28 37
51 74 51 58 64 68 74
36 57 36 55 57
33 72 33 62 72
62 85 62 74 82 85
2 32 2 9 17 32
28 78 28 49 51 58 67 72 78
10 38 10 17 20 26 38
45 68 45 52 64 68
16 80 16 40 63 80
58 87 58 67 72 87
22 87 22 43 52 67 72 87
0 77 0 13 26 28 46 77
33 49 33 49
18 35 18 20 26 28 35
7 88 7 40 85 88
38 59 38 42 51 59
25 38 25 38
34 75 34 45 54 75
24 45 24 30 34 45
3 66 3 37 48 54 59 66
4 52 4 8 9 17 25 33 37 48 52
26 81 26 28 35 72 78 81
18 72 18 72
20 78 20 30 44 55 58 67 72 78
13 65 13 28 49 51 59 65
6 76 6 30 44 55 58 64 69 76
3 49 3 37 49
28 86 28 41 57 72 86
52 73 52 67 73
33 73 33 39 58 67 73
11 70 11 70
10 52 10 17 33 52
33 68 33 49 51 64 68
7 64 7 32 58 64
66 83 66 83
55 83 55 67 72 78 81 83
66 83 66 83
22 70 22 31 43 70
50 81 50 51 80 81
13 24 13 24
16 31 16 31
23 58 23 55 58
21 60 21 26 42 51 60
26 40 26 28 37 40
5 53 5 36 43 44 53
21 66 21 26 42 51 60 66
17 78 17 78
11 72 11 70 72
2 87 2 56 62 72 87
44 53 44 53
42 58 42 51 58
12 57 12 45 57
17 34 17 20 30 34
58 69 58 68 69
12 27 12 24 27
15 25 15 22 25
9 82 9 57 72 82
66 83 66 78 81 83
17 47 17 32 47
10 80 10 44 53 80
4 85 4 85
64 68 64 68
52 83 52 83
1 64 1 49 51 58 64
11 51 11 21 26 38 41 50 51
13 51 13 26 42 51
20 39 20 26 28 35 39
32 72 32 48 54 72
7 66 7 28 35 59 66
15 57 15 22 31 43 44 55 57
12 70 12 17 29 36 43 70
40 85 40 64 71 82 85
19 86 19 43 52 64 86
59 65 59 65
6 39 6 18 21 26 28 35 39
12 24 12 24
25 87 25 33 37 77 87
48 64 48 54 59 64
39 87 39 58 67 72 87
8 40 8 28 37 40
21 60 21 42 51 60
26 68 26 38 42 51 59 64 68
13 77 13 28 41 59 77
43 58 43 44 55 58
5 59 5 6 27 29 36 59
9 69 9 50 59 64 69
16 59 16 28 37 48 54 59
24 68 24 50 51 59 64 68
36 67 36 43 47 67
3 64 3 58 64
57 82 57 72 82
59 65 59 65
8 37 8 9 13 28 37
33 69 33 52 64 68 69
17 25 17 25
41 71 41 59 64 71
41 59 41 50 51 59
56 81 56 64 81
7 85 7 64 68 74 85
29 44 29 43 44
5 59 5 36 37 48 54 59
37 84 37 51 58 67 72 78 84
20 88 20 39 85 88
35 39 35 39
11 34 11 20 30 34
12 66 12 24 50 59 66
8 40 8 40
4 66 4 23 66
30 45 30 34 45
22 75 22 33 49 51 58 61 75
3 86 3 64 86
3 49 3 9 17 25 38 41 49
6 42 6 16 23 25 38 42
2 43 2 14 19 43
21 68 21 40 64 68
2 86 2 9 62 72 86
1 88 1 39 58 64 68 69 87 88
16 53 16 23 32 53
37 75 37 51 58 61 75
2 48 2 14 34 48
63 82 63 82
18 75 18 34 44 55 61 75
13 28 13 20 26 28
25 61 25 35 39 58 61
24 80 24 80
5 84 5 72 78 84
44 73 44 55 67 73
4 85 4 49 72 82 85
28 49 28 49
13 82 13 36 55 58 67 82
42 64 42 51 64
48 74 48 52 64 68 74
2 75 2 9 50 51 58 61 75
6 26 6 17 20 26
31 56 31 56
41 67 41 67
10 59 10 17 33 49 51 59
20 66 20 66
33 54 33 37 48 54
80 81 80 81
63 82 63 82
12 41 12 17 20 26 38 41
16 36 16 29 36
17 89 17 60 66 78 84 89
34 52 34 48 52
48 61 48 61
40 74 40 64 68 74
60 87 60 69 87
13 76 13 28 64 68 69 76
2 36 2 9 24 27 29 36
27 66 27 29 36 59 66
51 61 51 58 61
33 46 33 46
13 20 13 20
1 80 1 3 30 39 58 61 75 80
25 49 25 33 37 49
50 81 50 60 66 78 81
27 60 27 29 36 60
71 85 71 82 85
3 69 3 58 68 69
38 69 38 60 69
62 80 62 63 80
10 58 10 24 50 51 58
2 34 2 9 24 30 34
22 33 22 25 33
0 35 0 20 26 28 35
21 77 21 58 77
40 71 40 64 71
3 81 3 27 29 70 81
24 81 24 43 80 81
72 86 72 86
29 60 29 36 37 49 51 60
22 76 22 59 64 69 76
54 89 54 72 78 84 89
6 84 6 54 67 72 78 84
70 81 70 72 78 81
32 58 32 44 55 58
36 72 36 43 70 72
47 80 47 75 80
56 74 56 64 68 74
2 68 2 23 55 58 68
20 81 20 32 58 67 72 78 81
31 84 31 43 52 78 84
39 67 39 58 67
64 86 64 86
19 58 19 38 41 49 51 58
4 17 4 8 9 17
3 15 3 15
60 78 60 66 78
23 58 23 49 51 58
19 41 19 21 26 28 41
20 71 20 55 58 64 71
42 46 42 46
18 75 18 20 26 75
5 79 5 6 44 79
38 66 38 41 49 51 59 66
9 70 9 20 30 41 70
4 74 4 30 44 64 68 74
67 83 67 72 78 81 83
62 82 62 72 82
2 28 2 9 13 28
51 86 51 86
25 57 25 38 42 57
37 84 37 51 58 67 72 78 84
42 46 42 46
0 57 0 45 55 57
5 20 5 6 18 20
21 49 21 26 28 49
3 78 3 15 22 43 47 67 72 78
40 64 40 64
16 81 16 80 81
85 88 85 88
1 2 1 2
14 87 14 68 69 87
2 58 2 33 39 58
43 70 43 70
8 41 8 9 17 20 26 38 41
29 78 29 36 43 52 78
33 54 33 37 48 54
18 81 18 20 30 41 78 81
1 54 1 26 28 37 48 54
18 65 18 59 65
9 57 9 57
44 72 44 55 58 67 72
15 42 15 26 38 42
11 58 11 35 39 58
36 89 36 50 60 66 77 89
37 64 37 51 64
40 63 40 63
3 58 3 15 30 34 44 55 58
23 68 23 68
50 84 50 59 66 78 84
19 71 19 43 70 71
37 84 37 48 72 78 84
48 73 48 52 67 73
42 89 42 62 72 78 84 89
25 54 25 33 37 48 54
16 42 16 38 42
10 48 10 30 48
24 74 24 43 52 64 68 74
45 67 45 55 67
3 37 3 9 13 29 36 37
16 31 16 31
6 42 6 18 20 26 42
67 89 67 72 78 84 89
18 28 18 20 26 28
50 64 50 59 64
51 77 51 59 66 77
62 80 62 63 80
9 33 9 17 33
52 76 52 64 68 69 76
22 79 22 31 43 44 79
43 74 43 64 68 74
23 49 23 25 38 41 49
14 56 14 19 56
39 75 39 58 61 75
45 83 45 55 57 63 83
24 39 24 30 39
33 68 33 52 64 68
27 43 27 29 43
55 83 55 79 83
18 58 18 21 26 42 51 58
6 17 6 17
45 85 45 75 82 85
19 35 19 21 26 28 35
62 88 62 63 83 88
9 61 9 24 29 48 61
14 74 14 31 43 52 64 68 74
39 58 39 58
11 42 11 20 26 38 42
40 64 40 64
7 56 7 14 19 21 26 28 35 56
11 55 11 20 32 44 55
14 81 14 34 48 61 75 80 81
20 66 20 66
45 77 45 54 59 66 77
36 48 36 48
6 44 6 18 22 43 44
15 45 15 22 34 45
57 74 57 74
23 33 23 25 33
0 76 0 13 64 68 69 76
55 83 55 67 72 78 81 83
26 59 26 42 51 59
1 22 1 3 15 22
28 85 28 68 74 82 85
39 84 39 58 67 72 78 84
60 82 60 66 71 82
46 88 46 77 87 88
33 61 33 61
26 58 26 55 58
2 33 2 14 19 33
11 49 11 20 26 38 41 49
63 81 63 80 81
54 82 54 71 82
6 26 6 17 20 26
14 25 14 25
33 61 33 39 58 61
62 65 62 63 65
18 89 18 22 43 62 72 78 84 89
41 49 41 49
21 71 21 26 28 64 71
70 82 70 82
20 73 20 32 58 67 73
58 69 58 68 69
56 81 56 64 81
8 29 8 9 24 29
15 77 15 21 58 77
49 69 49 51 59 69
20 44 20 30 34 44
7 68 7 39 58 68
20 37 20 26 28 37
51 64 51 59 64
43 47 43 47
22 58 22 25 35 39 58
33 87 33 46 77 87
9 61 9 17 58 61
39 58 39 58
37 65 37 59 65
13 41 13 28 41
22 82 22 43 64 71 82
51 74 51 58 64 68 74
2 75 2 23 35 39 58 61 75
1 55 1 2 23 32 44 55
52 71 52 64 71
70 82 70 82
62 84 62 72 78 84
24 81 24 43 70 72 78 81
10 60 10 30 34 45 50 60
15 82 15 58 64 71 82
24 52 24 27 29 43 52
12 87 12 45 77 87
44 64 44 64
20 37 20 26 28 37
12 84 12 24 43 52 67 72 78 84
64 88 64 69 87 88
62 82 62 74 82
18 28 18 20 26 28
12 72 12 50 51 67 72
19 43 19 43
13 87 13 26 55 58 67 72 87
25 69 25 33 37 48 54 59 69
17 77 17 60 66 77
6 71 6 16 29 43 70 71
5 59 5 36 50 51 59
10 70 10 17 20 30 41 70
13 49 13 36 37 49
48 54 48 54
15 67 15 22 34 44 55 58 67
10 70 10 30 41 70
44 55 44 55
53 77 53 77
0 88 0 10 52 78 81 83 88
27 85 27 58 64 71 82 85
22 76 22 25 33 49 69 76
51 64 51 58 64
7 39 7 39
36 57 36 43 44 55 57
2 82 2 9 57 82
22 50 22 34 45 50
0 53 0 10 34 44 53
4 79 4 8 9 24 27 44 55 79
55 77 55 58 77
38 88 38 42 62 74 85 88
3 86 3 16 29 70 72 86
36 67 36 55 58 67
64 81 64 81
8 38 8 9 17 20 26 38
3 69 3 15 21 26 28 68 69
72 78 72 78
2 29 2 9 17 29
14 89 14 28 77 89
59 71 59 66 71
2 64 2 14 19 56 64
13 86 13 20 79 86
67 81 67 72 78 81
26 80 26 80
38 70 38 41 70
51 81 51 58 64 81
1 73 1 3 15 26 67 73
1 24 1 13 24
42 81 42 57 72 78 81
9 76 9 13 49 69 76
41 49 41 49
8 58 8 9 20 32 44 55 58
19 43 19 43
43 65 43 44 55 57 63 65
72 86 72 86
22 77 22 25 38 60 66 77
12 81 12 75 80 81
5 33 5 6 15 22 33
31 77 31 43 52 77
28 71 28 41 70 71
30 48 30 34 48
20 26 20 26
45 85 45 75 82 85
27 44 27 29 43 44
15 82 15 26 67 72 82
64 87 64 68 69 87
0 82 0 45 75 82
16 73 16 31 43 52 67 73
1 35 1 19 21 26 28 35
26 60 26 28 41 50 51 60
29 58 29 43 44 55 58
6 37 6 15 26 28 37
15 30 15 30
12 56 12 17 20 56
49 67 49 51 58 67
40 65 40 63 65
6 42 6 16 38 42
19 66 19 33 51 59 66
26 28 26 28
8 40 8 40
36 57 36 43 44 55 57
36 37 36 37
7 65 7 29 48 54 59 65
9 70 9 17 70
3 33 3 14 25 33
2 74 2 9 24 27 44 55 57 74
56 81 56 62 72 78 81
17 70 17 20 26 38 70
5 62 5 6 31 56 62
56 64 56 64
14 68 14 68
34 74 34 59 64 68 74
1 82 1 82
29 53 29 43 44 53
22 66 22 34 59 66
36 43 36 43
50 60 50 51 60
36 66 36 59 66
13 71 13 28 35 59 66 71
45 59 45 50 51 59
5 26 5 6 15 21 26
49 78 49 51 58 67 72 78
10 33 10 17 33
30 50 30 34 45 50
5 47 5 6 16 23 32 47
21 40 21 40
57 82 57 72 82
31 84 31 56 78 84
53 87 53 77 87
15 79 15 30 44 55 79
7 51 7 29 36 50 51
31 55 31 43 44 55
37 58 37 51 58
14 70 14 19 43 70
34 75 34 45 75
47 89 47 77 89
14 60 14 19 21 42 51 60
28 41 28 41
10 47 10 24 27 29 43 47
20 35 20 26 28 35
15 79 15 26 55 79
5 59 5 36 50 51 59
16 73 16 29 43 47 67 73
7 62 7 29 36 43 62
30 41 30 41
22 35 22 25 35
18 88 18 34 44 79 86 88
27 29 27 29
10 40 10 24 29 36 37 40
1 55 1 26 55
80 81 80 81
18 32 18 20 32
67 72 67 72
6 84 6 18 34 79 84
12 41 12 24 30 41
37 75 37 48 54 75
24 66 24 50 60 66
32 47 32 47
58 84 58 67 72 78 84
20 58 20 30 44 55 58
43 58 43 44 55 58
7 69 7 32 58 64 68 69
10 78 10 48 72 78
2 38 2 23 25 38
52 76 52 64 68 69 76
39 68 39 58 68
52 64 52 64
10 76 10 24 43 52 64 68 69 76
34 52 34 45 52
32 80 32 58 61 75 80
15 28 15 21 26 28
5 75 5 6 27 44 55 58 61 75
32 77 32 48 52 77
0 55 0 27 29 36 55
62 63 62 63
25 64 25 33 39 58 64
56 65 56 62 63 65
7 76 7 40 68 69 76
25 58 25 33 37 51 58
22 82 22 33 51 60 82
13 77 13 36 48 54 59 66 77
9 62 9 62
13 62 13 28 35 56 62
30 48 30 48
67 72 67 72
18 54 18 34 45 54
58 77 58 77
10 24 10 24
6 69 6 40 68 69
2 49 2 23 37 49
12 28 12 17 20 26 28
62 82 62 63 82
41 69 41 59 64 69
3 15 3 15
11 88 11 77 87 88
37 77 37 77
55 67 55 67
39 81 39 58 64 81
17 51 17 20 26 42 51
52 83 52 78 81 83
5 33 5 6 17 33
16 42 16 38 42
8 28 8 9 13 28
23 66 23 49 51 59 66
43 44 43 44
16 89 16 38 60 66 78 84 89
20 32 20 32
10 75 10 34 45 75
15 44 15 22 34 44
32 80 32 53 80
42 81 42 70 72 78 81
24 50 24 50
30 57 30 34 45 55 57
48 83 48 75 80 81 83
37 51 37 51
45 50 45 50
17 59 17 25 35 59
44 64 44 64
28 73 28 37 48 54 67 73
20 78 20 40 78
22 34 22 34
33 77 33 39 58 77
10 76 10 60 69 76
30 73 30 54 67 73
56 82 56 64 82
10 82 10 17 70 72 82
17 70 17 20 26 28 41 70
4 76 4 23 25 33 49 76
60 83 60 66 83
6 83 6 17 33 51 80 83
67 82 67 82
1 89 1 3 14 42 51 60 66 78 84 89
18 76 18 76
34 45 34 45
11 77 11 35 59 66 77
51 69 51 64 69
29 53 29 43 44 53
19 48 19 21 26 28 37 48
10 80 10 52 80
78 88 78 81 83 88
60 77 60 66 77
6 26 6 18 20 26
14 87 14 68 69 87
19 33 19 33
18 88 18 72 82 85 88
11 52 11 21 26 28 37 52
28 64 28 41 59 64
29 36 29 36
44 55 44 55
41 49 41 49
9 83 9 13 36 48 72 78 81 83
4 55 4 30 34 45 55
6 56 6 15 26 28 35 56
2 88 2 57 74 82 85 88
4 55 4 13 24 29 43 44 55
27 52 27 29 43 52
8 34 8 9 17 20 30 34
50 51 50 51
15 76 15 76
42 59 42 51 59
45 50 45 50
36 48 36 48
22 74 22 59 64 68 74
23 44 23 32 44
15 52 15 22 43 52
17 50 17 20 30 34 45 50
39 85 39 85
54 78 54 67 72 78
8 84 8 41 78 84
15 43 15 22 31 43
34 50 34 45 50
10 33 10 17 33
48 66 48 54 59 66
79 81 79 81
22 38 22 25 38
47 75 47 61 75
48 74 48 54 59 64 68 74
7 89 7 28 77 89
24 34 24 30 34
28 37 28 37
55 72 55 58 67 72
52 71 52 71
32 87 32 58 67 72 87
3 58 3 38 42 51 58
17 78 17 25 33 37 48 54 67 72 78
44 69 44 55 58 68 69
62 81 62 63 80 81
14 73 14 34 45 55 58 67 73
62 88 62 72 82 85 88
19 41 19 21 26 28 41
5 63 5 36 55 57 63
17 60 17 60
20 72 20 26 28 37 49 72
22 49 22 25 33 37 49
42 83 42 51 67 72 78 81 83
2 65 2 57 63 65
43 89 43 52 77 89
24 70 24 27 29 36 43 70
11 42 11 20 26 38 42
10 75 10 24 55 61 75
15 77 15 46 77
53 88 53 84 88
28 46 28 46
10 36 10 17 29 36
36 55 36 43 44 55
19 82 19 62 74 82
6 84 6 18 59 66 78 84
2 14 2 14
58 84 58 67 72 78 84
29 57 29 43 44 55 57
23 32 23 32
17 59 17 33 49 51 59
15 61 15 30 48 61
9 47 9 20 32 47
2 43 2 9 13 36 43
39 87 39 87
58 69 58 68 69
70 82 70 71 82
2 32 2 23 32
1 7 1 7
5 33 5 6 18 22 33
15 74 15 58 68 74
27 68 27 29 36 48 52 64 68
28 35 28 35
49 75 49 51 58 61 75
19 38 19 38
18 38 18 20 26 38
5 73 5 52 67 73
15 28 15 21 26 28
18 70 18 22 43 70
1 82 1 37 51 64 82
48 89 48 72 78 84 89
15 51 15 21 26 42 51
38 46 38 42 46
21 60 21 26 28 49 51 60
42 72 42 51 58 67 72
17 20 17 20
70 84 70 72 78 84
4 88 4 85 88
40 85 40 85
45 68 45 54 59 64 68
29 53 29 36 43 44 53
24 60 24 30 34 45 50 60
0 47 0 10 24 29 43 47
51 65 51 59 65
13 56 13 20 26 28 35 56
31 88 31 68 74 82 85 88
18 88 18 20 30 39 69 87 88
56 86 56 64 86
4 35 4 8 9 17 25 35
28 64 28 37 49 51 64
37 59 37 51 59
11 53 11 20 30 44 53
10 51 10 24 50 51
28 52 28 37 48 52
18 42 18 22 25 38 42
51 74 51 59 64 68 74
9 74 9 62 74
1 78 1 78
15 35 15 21 26 28 35
0 47 0 47
2 56 2 9 13 20 56
10 66 10 60 66
6 42 6 16 23 25 38 42
13 65 13 28 41 49 51 59 65
3 81 3 37 48 52 64 81
20 65 20 32 44 55 57 63 65
0 34 0 20 30 34
21 66 21 26 42 51 59 66
26 46 26 42 46
0 74 0 57 74
10 54 10 24 27 29 36 48 54
13 27 13 24 27
26 80 26 42 57 63 80
35 39 35 39
10 28 10 17 20 26 28
56 68 56 64 68
61 75 61 75
27 70 27 29 36 43 70
56 78 56 78
31 86 31 43 64 86
10 46 10 17 33 46
8 28 8 28
32 76 32 58 68 69 76
20 30 20 30
20 44 20 32 44
68 82 68 74 82
3 48 3 30 48
27 68 27 58 68
2 78 2 78
35 89 35 89
6 70 6 30 41 70
57 63 57 63
4 35 4 8 9 20 26 28 35
0 28 0 20 26 28
9 50 9 50
69 87 69 87
44 84 44 78 84
22 58 22 33 49 51 58
19 72 19 38 41 57 72
7 61 7 29 48 61
6 73 6 54 73
1 48 1 26 28 37 48
6 25 6 16 23 25
8 29 8 9 24 27 29
30 84 30 53 84
44 73 44 73
31 76 31 56 64 69 76
37 40 37 40
43 44 43 44
8 53 8 28 41 53
40 80 40 63 80
52 80 52 80
30 75 30 48 61 75
35 75 35 39 58 61 75
43 57 43 44 55 57
34 55 34 44 55
0 46 0 13 20 26 42 46
24 63 24 30 41 63
31 69 31 68 69
14 84 14 34 48 52 67 72 78 84
46 77 46 77
23 58 23 35 39 58
34 59 34 59
2 82 2 57 74 82
11 72 11 70 72
27 58 27 58
17 67 17 25 33 52 67
1 19 1 2 14 19
29 62 29 43 62
1 43 1 19 43
2 82 2 56 64 82
24 34 24 30 34
40 63 40 63
15 25 15 22 25
1 67 1 7 42 51 67
19 21 19 21
0 86 0 20 55 79 86
25 59 25 38 42 51 59
6 77 6 24 29 48 52 77
34 50 34 45 50
40 85 40 85
19 89 19 56 62 72 78 84 89
62 65 62 65
9 17 9 17
24 81 24 30 39 58 67 72 78 81
67 86 67 72 86
4 49 4 8 28 41 49
43 44 43 44
9 40 9 17 20 40
6 40 6 18 21 26 28 37 40
24 64 24 27 29 36 48 54 59 64
37 64 37 52 64
19 43 19 43
70 82 70 71 82
12 66 12 45 50 59 66
2 89 2 23 78 84 89
26 58 26 55 58
23 89 23 32 47 77 89
3 72 3 9 57 72
12 74 12 44 64 68 74
2 36 2 9 13 29 36
20 45 20 30 34 45
14 80 14 31 56 62 63 80
70 84 70 72 78 84
67 89 67 72 78 84 89
42 57 42 57
8 78 8 58 67 72 78
10 70 10 30 41 70
34 73 34 48 52 67 73
17 49 17 33 49
67 83 67 72 78 81 83
2 52 2 9 13 26 28 37 48 52
51 67 51 67
21 71 21 26 28 41 59 66 71
33 87 33 37 59 77 87
18 41 18 22 25 38 41
84 88 84 88
6 86 6 86
14 34 14 34
37 83 37 49 72 78 81 83
34 75 34 48 75
26 55 26 55
21 42 21 42
27 70 27 29 43 70
8 63 8 9 13 28 35 63
75 80 75 80
14 59 14 34 48 54 59
49 68 49 51 58 68
11 26 11 21 26
4 70 4 70
1 53 1 7 32 44 53
17 29 17 29
40 80 40 63 80
24 83 24 27 53 80 83
14 25 14 25
30 48 30 34 48
27 72 27 72
52 71 52 64 71
44 61 44 55 61
20 51 20 30 34 45 50 51
64 82 64 68 74 82
25 60 25 38 41 50 60
6 67 6 27 58 67
1 34 1 7 14 34
4 85 4 82 85
38 70 38 41 70
60 87 60 69 87
18 54 18 22 25 33 37 48 54
2 46 2 23 25 38 42 46
26 67 26 38 41 49 51 58 67
18 43 18 22 43
4 52 4 8 28 37 48 52
55 77 55 58 77
22 79 22 43 44 79
48 81 48 72 78 81
41 50 41 50
32 63 32 44 55 57 63
11 34 11 20 30 34
12 30 12 24 30
23 46 23 25 33 46
17 53 17 25 38 41 53
17 60 17 33 51 60
0 89 0 89
42 81 42 62 63 80 81
39 58 39 58
2 82 2 82
26 52 26 28 37 52
14 59 14 34 59
3 15 3 15
21 72 21 58 67 72
7 84 7 14 25 33 39 58 67 72 78 84
56 81 56 78 81
58 75 58 61 75
0 25 0 10 17 25
2 42 2 14 42
22 84 22 59 66 78 84
41 64 41 59 64
64 82 64 68 74 82
3 13 3 9 13
7 26 7 14 19 21 26
36 72 36 48 54 67 72
62 72 62 72
24 45 24 30 34 45
56 81 56 64 81
28 64 28 49 51 64
6 76 6 30 39 58 68 69 76
54 59 54 59
10 83 10 24 83
70 88 70 88
2 43 2 14 31 43
20 70 20 26 28 41 70
33 68 33 51 59 64 68
50 85 50 59 66 71 82 85
32 87 32 44 55 57 72 87
9 71 9 71
84 89 84 89
8 63 8 40 63
58 67 58 67
13 87 13 20 40 64 68 69 87
8 51 8 34 45 50 51
66 78 66 78
12 27 12 24 27
6 80 6 44 53 80
3 54 3 16 28 37 48 54
29 81 29 80 81
4 62 4 13 26 38 42 62
59 77 59 77
28 53 28 41 53
3 37 3 14 28 37
26 38 26 38
45 77 45 77
31 44 31 43 44
20 44 20 32 44
57 88 57 78 81 83 88
35 39 35 39
40 78 40 78
3 20 3 9 20
20 68 20 55 58 64 68
41 80 41 63 80
11 83 11 70 72 78 81 83
8 73 8 58 67 73
14 42 14 42
7 66 7 14 25 38 42 51 60 66
10 34 10 24 30 34
15 45 15 22 34 45
41 72 41 49 51 67 72
60 71 60 66 71
7 26 7 14 19 21 26
19 69 19 56 64 68 69
44 64 44 55 58 64
10 64 10 34 44 64
20 47 20 32 47
72 87 72 87
20 83 20 30 48 54 81 83
50 67 50 51 58 67
22 33 22 25 33
48 73 48 54 73
47 84 47 67 72 78 84
57 88 57 82 85 88
30 53 30 34 44 53
7 14 7 14
57 81 57 72 78 81
42 76 42 51 59 64 68 69 76
20 28 20 26 28
35 62 35 56 62
57 72 57 72
22 50 22 25 38 41 50
54 81 54 59 64 81
37 51 37 49 51
43 62 43 62
5 57 5 6 31 43 44 55 57
12 87 12 44 64 69 87
14 44 14 19 43 44
6 48 6 30 48
30 34 30 34
16 81 16 38 60 66 78 81
15 37 15 21 26 28 37
20 63 20 56 62 63
16 35 16 28 35
41 86 41 67 72 86
10 59 10 17 25 35 59
43 44 43 44
26 63 26 42 62 63
14 68 14 42 51 59 64 68
8 30 8 9 20 30
50 59 50 59
37 48 37 48
49 72 49 72
8 62 8 62
2 64 2 33 51 58 64
12 45 12 17 20 30 34 45
3 38 3 15 22 25 38
17 35 17 20 26 28 35
24 58 24 43 44 55 58
37 59 37 49 51 59
2 54 2 9 17 25 33 37 48 54
56 74 56 64 68 74
19 35 19 21 26 28 35
20 40 20 26 28 37 40
53 84 53 84
41 85 41 49 72 82 85
38 69 38 41 50 51 60 69
43 84 43 47 67 72 78 84
10 38 10 17 20 26 38
16 87 16 31 68 69 87
20 49 20 30 41 49
58 75 58 61 75
58 69 58 64 69
13 36 13 24 29 36
0 35 0 10 17 20 26 28 35
10 30 10 17 20 30
24 52 24 43 52
23 33 23 25 33
34 65 34 44 55 57 63 65
2 87 2 9 20 55 57 72 87
55 79 55 79
41 53 41 53
58 68 58 68
59 64 59 64
36 43 36 43
69 87 69 87
9 57 9 20 32 44 55 57
37 58 37 49 51 58
64 81 64 81
15 58 15 26 28 37 51 58
10 47 10 17 32 47
19 26 19 21 26
42 46 42 46
21 35 21 26 28 35
28 37 28 37
45 57 45 55 57
22 70 22 25 38 41 70
55 77 55 58 77
66 78 66 78
21 58 21 58
6 40 6 16 23 25 40
20 67 20 26 38 42 51 58 67
21 66 21 26 42 51 60 66
15 61 15 30 34 48 61
34 45 34 45
8 40 8 28 37 40
27 79 27 29 43 44 79
49 78 49 72 78
25 51 25 38 42 51
18 63 18 34 44 55 57 63
24 87 24 77 87
25 60 25 38 41 49 51 60
30 48 30 34 48
36 72 36 50 51 67 72
15 76 15 76
26 42 26 42
27 76 27 58 68 69 76
11 48 11 21 26 28 37 48
31 65 31 56 62 65
21 59 21 26 42 51 59
20 71 20 32 48 54 59 66 71
12 54 12 37 48 54
17 81 17 33 78 81
18 75 18 20 26 38 41 50 51 58 61 75
3 35 3 15 26 28 35
1 9 1 3 9
36 44 36 43 44
12 44 12 17 20 30 34 44
12 74 12 17 33 51 58 64 68 74
48 52 48 52
27 53 27 53
12 44 12 44
1 43 1 19 43
14 33 14 19 33
14 59 14 59
9 82 9 50 60 82
33 88 33 46 77 88
37 65 37 48 54 59 65
36 71 36 60 66 71
46 89 46 77 89
15 37 15 26 28 37
2 80 2 14 31 43 44 55 58 61 75 80
17 56 17 25 35 56
29 48 29 36 37 48
17 68 17 29 36 55 58 68
50 64 50 59 64
45 82 45 52 71 82
38 51 38 41 49 51
36 55 36 55
44 64 44 55 58 64
22 85 22 59 64 68 74 85
23 32 23 32
12 46 12 17 25 38 42 46
23 32 23 32
27 82 27 70 71 82
50 77 50 59 66 77
25 33 25 33
3 81 3 16 31 56 78 81
19 26 19 21 26
59 85 59 64 71 82 85
24 34 24 30 34
28 82 28 37 51 67 82
19 89 19 78 84 89
2 9 2 9
55 72 55 58 67 72
25 85 25 82 85
22 43 22 31 43
34 81 34 44 78 81
4 60 4 8 9 13 26 38 42 51 60
16 87 16 87
23 38 23 25 38
1 3 1 3
60 69 60 69
75 88 75 82 85 88
16 86 16 86
2 73 2 33 67 73
9 60 9 13 60
1 60 1 7 28 49 51 60
3 15 3 15
12 72 12 72
5 50 5 6 27 29 36 50
4 17 4 8 9 17
15 42 15 22 25 38 42
75 81 75 80 81
24 71 24 55 58 64 71
4 77 4 60 66 77
7 52 7 43 52
6 64 6 18 34 59 64
0 39 0 13 28 35 39
26 62 26 42 62
20 70 20 30 41 70
6 86 6 30 44 79 86
2 23 2 23
50 69 50 51 64 69
6 26 6 15 26
27 76 27 58 68 69 76
13 32 13 20 32
47 89 47 67 72 78 84 89
21 72 21 42 70 72
41 59 41 59
45 73 45 73
24 51 24 29 36 50 51
2 43 2 9 17 29 43
6 67 6 31 43 47 67
25 58 25 38 42 51 58
13 84 13 84
32 77 32 48 52 77
18 81 18 59 66 78 81
29 57 29 43 44 55 57
12 57 12 57
31 86 31 43 64 86
2 56 2 9 17 25 35 56
27 79 27 44 55 79
33 71 33 52 64 71
21 57 21 42 57
19 62 19 62
70 71 70 71
6 85 6 15 30 41 63 82 85
52 83 52 64 81 83
45 57 45 55 57
2 46 2 33 46
33 78 33 72 78
56 64 56 64
10 53 10 17 32 44 53
43 58 43 44 55 58
17 49 17 33 49
20 71 20 40 64 71
6 59 6 16 23 49 51 59
22 31 22 31
28 78 28 49 51 67 72 78
0 36 0 24 29 36
60 82 60 66 71 82
58 87 58 64 68 69 87
25 35 25 35
45 83 45 75 80 83
59 85 59 71 82 85
31 44 31 43 44
24 80 24 29 36 50 51 58 61 75 80
33 52 33 52
56 64 56 64
32 57 32 44 55 57
7 65 7 42 51 59 65
20 60 20 30 34 45 50 60
36 51 36 37 49 51
7 77 7 42 51 60 66 77
8 32 8 9 20 32
30 39 30 39
14 25 14 25
45 52 45 52
28 77 28 77
19 66 19 21 59 66
29 70 29 70
47 84 47 67 72 78 84
31 86 31 56 62 72 86
27 58 27 44 55 58
3 9 3 9
24 55 24 27 29 43 44 55
51 58 51 58
55 69 55 58 68 69
2 39 2 23 25 33 39
38 79 38 41 79
3 81 3 64 81
56 88 56 74 85 88
28 35 28 35
24 66 24 50 51 59 66
6 51 6 15 26 42 51
64 86 64 86
14 52 14 19 33 37 52
8 44 8 34 44
7 27 7 27
25 64 25 40 64
33 67 33 67
29 70 29 36 43 70
50 58 50 51 58
0 76 0 10 52 64 68 69 76
8 88 8 40 63 88
38 85 38 60 82 85
8 51 8 28 41 50 51
21 57 21 42 57
64 69 64 68 69
16 28 16 28
30 48 30 48
36 83 36 60 66 78 81 83
24 49 24 29 36 37 49
29 78 29 36 50 51 60 66 78
8 58 8 58
42 65 42 51 59 65
45 73 45 52 67 73
28 85 28 68 74 82 85
26 88 26 67 82 85 88
24 80 24 80
18 43 18 22 31 43
54 80 54 75 80
62 82 62 74 82
12 70 12 17 29 43 70
12 61 12 50 51 58 61
18 68 18 22 25 40 64 68
20 67 20 32 44 55 67
19 85 19 62 63 82 85
27 68 27 58 68
30 41 30 41
7 76 7 14 34 59 69 76
22 50 22 34 45 50
1 35 1 2 14 25 35
45 52 45 52
33 49 33 37 49
25 62 25 33 62
1 86 1 26 67 72 86
3 23 3 16 23
11 64 11 35 56 64
25 60 25 33 49 51 60
12 45 12 45
8 56 8 28 35 56
31 86 31 43 64 86
50 81 50 59 66 78 81
25 88 25 62 72 87 88
8 38 8 9 20 26 38
57 72 57 72
5 53 5 36 43 44 53
62 82 62 74 82
42 46 42 46
15 58 15 22 31 43 44 55 58
6 65 6 54 59 65
43 80 43 62 63 80
37 76 37 76
32 76 32 48 52 64 69 76
23 59 23 25 33 51 59
32 65 32 48 54 59 65
13 24 13 24
3 49 3 37 49
21 77 21 26 55 58 77
2 54 2 23 32 48 54
38 73 38 42 51 58 67 73
50 64 50 51 58 64
22 34 22 34
26 48 26 28 37 48
26 58 26 42 51 58
5 69 5 36 48 52 64 69
17 34 17 20 30 34
16 46 16 38 42 46
21 42 21 26 42
12 42 12 17 25 38 42
71 82 71 82
29 81 29 80 81
30 45 30 34 45
13 56 13 28 35 56
52 89 52 67 72 78 84 89
43 62 43 62
18 22 18 22
22 89 22 25 79 84 89
57 72 57 72
18 65 18 34 59 65
19 38 19 38
22 51 22 33 37 51
1 86 1 7 28 35 39 58 67 72 86
34 86 34 48 54 59 64 86
29 51 29 36 37 51
58 68 58 64 68
67 84 67 72 78 84
2 88 2 33 39 85 88
27 60 27 29 36 60
40 64 40 64
19 72 19 62 72
62 80 62 63 80
6 16 6 16
44 83 44 78 81 83
30 63 30 41 57 63
5 84 5 52 67 72 78 84
23 35 23 35
54 82 54 67 72 82
23 46 23 25 38 42 46
25 84 25 40 78 84
26 48 26 28 37 48
43 83 43 64 81 83
13 71 13 36 60 66 71
19 69 19 21 40 68 69
62 85 62 63 82 85
42 75 42 51 58 61 75
36 89 36 66 77 89
51 75 51 58 61 75
6 54 6 37 48 54
4 55 4 8 9 24 29 43 44 55
28 85 28 82 85
71 82 71 82
36 57 36 55 57
24 51 24 29 36 37 49 51
69 88 69 87 88
19 48 19 21 26 28 37 48
17 53 17 25 38 41 53
16 36 16 29 36
43 83 43 80 81 83
29 48 29 48
57 83 57 63 83
33 39 33 39
33 63 33 62 63
34 52 34 48 52
0 47 0 24 27 29 36 43 47
8 72 8 62 72
3 14 3 14
19 78 19 38 60 66 78
64 71 64 71
25 75 25 35 39 58 61 75
44 76 44 55 58 64 69 76
5 44 5 36 43 44
44 73 44 55 67 73
20 71 20 56 64 71
20 40 20 40
26 38 26 38
45 68 45 54 59 64 68
79 81 79 81
2 68 2 9 50 59 64 68
12 33 12 17 25 33
26 48 26 28 37 48
36 74 36 55 57 74
22 41 22 25 38 41
52 86 52 64 86
18 61 18 34 44 55 58 61
36 71 36 59 64 71
11 78 11 59 66 78
61 88 61 88
28 69 28 41 50 59 69
47 84 47 67 72 78 84
13 60 13 60
22 51 22 33 37 49 51
6 88 6 88
18 71 18 22 43 44 55 58 64 71
54 69 54 59 64 68 69
64 85 64 82 85
57 78 57 72 78
32 63 32 44 55 57 63
1 82 1 7 64 68 74 82
22 54 22 34 45 54
25 62 25 38 42 62
12 73 12 45 55 67 73
3 37 3 37
42 66 42 51 59 66
36 55 36 55
1 40 1 3 27 29 36 37 40
19 78 19 56 78
10 72 10 30 54 72
6 65 6 24 29 36 59 65
35 84 35 59 66 78 84
25 79 25 79
12 49 12 29 36 37 49
2 72 2 9 50 51 67 72
45 52 45 52
4 35 4 23 25 35
82 88 82 85 88
23 78 23 49 72 78
8 42 8 9 17 25 38 42
25 81 25 62 72 78 81
36 75 36 50 51 58 61 75
5 70 5 70
10 26 10 17 20 26
45 77 45 54 59 66 77
45 59 45 50 51 59
2 52 2 33 52
17 32 17 32
13 60 13 36 37 51 60
4 89 4 49 51 58 77 89
37 77 37 51 60 66 77
37 59 37 48 54 59
12 30 12 17 20 30
22 33 22 25 33
14 87 14 19 33 51 59 66 77 87
3 38 3 14 25 38
8 29 8 9 13 24 29
44 53 44 53
37 77 37 59 77
1 25 1 7 14 25
7 49 7 49
24 77 24 27 29 36 59 77
81 88 81 83 88
28 81 28 64 81
4 55 4 30 34 44 55
27 55 27 44 55
77 87 77 87
26 55 26 55
17 82 17 58 64 82
10 54 10 17 25 33 37 48 54
20 67 20 55 67
22 75 22 25 35 39 58 61 75
7 65 7 40 63 65
33 39 33 39
9 57 9 24 55 57
7 29 7 27 29
42 46 42 46
16 40 16 40
29 77 29 48 52 77
17 60 17 25 33 49 51 60
32 73 32 44 73
63 88 63 80 83 88
15 40 15 22 33 37 40
47 84 47 67 72 78 84
15 37 15 21 26 28 37
27 75 27 29 75
22 82 22 33 51 58 61 75 82
33 59 33 49 51 59
72 82 72 82
10 88 10 34 44 53 77 87 88
0 24 0 24
18 33 18 22 33
21 77 21 58 77
18 63 18 21 42 57 63
22 54 22 34 48 54
0 36 0 10 24 27 29 36
3 66 3 27 29 48 54 59 66
28 83 28 37 49 51 80 83
34 55 34 44 55
6 83 6 30 39 58 61 75 80 83
0 13 0 13
59 76 59 64 68 69 76
67 88 67 82 85 88
21 71 21 58 64 71
9 79 9 17 20 30 44 79
34 48 34 48
6 24 6 24
24 45 24 30 34 45
64 85 64 68 74 85
56 76 56 64 68 69 76
7 29 7 27 29
11 52 11 21 26 28 37 52
19 21 19 21
7 56 7 56
32 87 32 47 77 87
7 52 7 14 28 37 52
4 23 4 23
55 83 55 79 81 83
48 66 48 54 59 66
41 60 41 50 51 60
25 75 25 33 61 75
64 85 64 71 82 85
2 65 2 57 63 65
1 80 1 39 58 61 75 80
24 83 24 80 83
1 44 1 3 16 44
64 82 64 68 74 82
5 79 5 36 55 79
18 38 18 20 26 38
55 83 55 61 75 80 83
15 42 15 22 25 38 42
0 72 0 24 55 58 67 72
33 60 33 37 49 51 60
13 72 13 20 32 47 67 72
21 40 21 26 28 37 40
33 82 33 67 72 82
47 77 47 77
59 82 59 66 71 82
49 78 49 51 67 72 78
0 35 0 13 26 28 35
8 28 8 28
22 31 22 31
48 84 48 72 78 84
15 63 15 21 40 63
47 61 47 61
22 41 22 25 38 41
53 87 53 77 87
26 76 26 55 58 64 68 69 76
10 36 10 17 29 36
41 85 41 67 82 85
30 80 30 39 58 61 75 80
17 32 17 32
6 63 6 16 38 41 57 63
25 85 25 85
5 36 5 36
6 40 6 15 21 26 28 37 40
43 80 43 44 53 80
19 33 19 33
5 73 5 52 67 73
19 72 19 33 52 67 72
18 61 18 34 44 55 58 61
17 86 17 20 30 34 45 55 79 86
9 62 9 24 43 62
15 42 15 22 25 38 42
9 84 9 62 72 78 84
27 75 27 29 36 55 61 75
27 55 27 29 43 44 55
38 79 38 41 79
5 45 5 6 15 22 34 45
35 56 35 56
15 61 15 21 58 61
64 68 64 68
72 82 72 82
31 61 31 43 47 61
28 58 28 35 39 58
33 52 33 37 48 52
1 30 1 3 9 20 30
24 66 24 27 29 36 37 48 54 59 66
15 21 15 21
3 64 3 64
35 39 35 39
30 50 30 41 50
26 59 26 42 51 59
7 69 7 43 64 69
48 75 48 75
28 63 28 37 40 63
2 58 2 23 25 35 39 58
20 71 20 55 58 64 71
22 25 22 25
16 55 16 31 43 44 55
18 61 18 21 42 51 58 61
75 83 75 80 83
6 15 6 15
34 65 34 44 55 57 63 65
52 67 52 67
3 43 3 15 22 43
10 17 10 17
45 58 45 50 51 58
18 41 18 21 26 38 41
12 49 12 29 36 37 49
24 27 24 27
30 50 30 41 50
2 14 2 14
24 30 24 30
6 66 6 17 25 35 59 66
14 84 14 19 56 62 72 78 84
10 52 10 30 34 48 52
11 51 11 21 42 51
69 88 69 87 88
17 84 17 20 55 67 72 78 84
67 89 67 72 78 84 89
16 86 16 86
72 88 72 82 85 88
17 52 17 20 32 48 52
23 81 23 55 67 72 78 81
34 86 34 48 72 86
25 58 25 35 39 58
16 69 16 40 68 69
21 28 21 26 28
33 59 33 49 51 59
4 40 4 23 25 40
9 83 9 62 72 78 81 83
7 56 7 28 35 56
15 51 15 26 28 41 50 51
36 67 36 48 52 67
25 88 25 33 49 72 78 84 88
11 80 11 35 56 62 63 80
0 54 0 45 54
10 72 10 48 52 67 72
11 49 11 33 49
32 86 32 47 67 72 86
37 77 37 51 59 77
39 78 39 58 67 72 78
9 41 9 17 25 38 41
2 58 2 33 51 58
24 80 24 29 48 52 80
43 72 43 44 55 57 72
10 30 10 24 30
48 52 48 52
15 76 15 58 64 69 76
3 35 3 15 26 28 35
9 20 9 13 20
9 76 9 13 36 43 44 55 58 64 68 69 76
55 78 55 58 67 72 78
4 42 4 8 9 20 26 42
35 75 35 39 58 61 75
13 27 13 24 27
21 58 21 26 42 51 58
47 88 47 61 75 82 85 88
70 72 70 72
25 54 25 33 37 48 54
0 75 0 47 61 75
10 54 10 30 34 48 54
4 86 4 23 49 72 86
25 79 25 38 41 79
45 83 45 55 58 64 81 83
62 86 62 72 86
80 81 80 81
5 45 5 6 15 22 34 45
54 75 54 75
44 58 44 55 58
52 86 52 64 86
23 77 23 77
56 65 56 62 63 65
38 73 38 42 51 67 73
67 82 67 82
72 78 72 78
2 52 2 9 24 27 29 48 52
8 44 8 34 44
0 73 0 24 50 51 58 67 73
18 71 18 22 43 52 64 71
52 89 52 89
10 60 10 60
25 75 25 35 39 58 61 75
25 82 25 40 68 74 82
6 20 6 17 20
17 35 17 25 35
17 42 17 20 26 42
6 73 6 15 30 44 55 58 67 73
22 61 22 25 38 42 51 58 61
14 87 14 68 69 87
42 46 42 46
12 80 12 45 75 80
16 28 16 28
10 66 10 48 54 59 66
2 89 2 89
34 87 34 45 67 72 87
6 86 6 44 55 57 72 86
26 51 26 38 42 51
14 21 14 19 21
45 59 45 54 59
3 48 3 9 24 27 29 48
28 53 28 41 53
6 65 6 30 41 65
4 79 4 41 79
4 40 4 8 9 24 29 36 37 40
6 20 6 18 20
71 88 71 82 85 88
24 78 24 43 52 78
56 74 56 74
57 72 57 72
60 77 60 66 77
5 52 5 6 24 43 52
33 39 33 39
61 81 61 75 80 81
19 58 19 38 42 51 58
8 37 8 28 37
23 81 23 66 78 81
12 20 12 17 20
28 82 28 35 59 66 71 82
26 58 26 28 37 51 58
34 69 34 44 64 68 69
74 85 74 82 85
64 74 64 68 74
52 78 52 78
38 51 38 41 50 51
30 41 30 41
2 88 2 82 85 88
4 49 4 13 26 28 41 49
30 73 30 41 67 73
38 66 38 42 51 59 66
80 81 80 81
3 67 3 9 13 29 36 37 51 58 67
23 66 23 66
19 21 19 21
0 75 0 47 61 75
2 24 2 9 24
29 80 29 43 52 80
1 78 1 49 72 78
6 84 6 30 34 45 54 72 78 84
75 81 75 80 81
19 55 19 21 26 55
16 42 16 38 42
0 51 0 20 30 34 45 50 51
19 28 19 21 26 28
68 88 68 74 82 85 88
37 81 37 72 78 81
4 79 4 23 44 55 79
23 68 23 44 64 68
56 89 56 62 72 78 84 89
5 64 5 6 44 55 58 64
50 58 50 51 58
45 66 45 50 59 66
7 40 7 40
57 72 57 72
28 85 28 64 82 85
16 89 16 28 41 78 84 89
6 71 6 17 25 33 49 51 58 64 71
45 73 45 50 51 58 67 73
36 81 36 43 62 72 78 81
23 80 23 44 53 80
34 73 34 45 50 51 67 73
29 54 29 36 48 54
17 29 17 29
12 53 12 29 43 44 53
51 60 51 60
29 51 29 36 50 51
1 2 1 2
13 32 13 20 32
9 17 9 17
2 64 2 14 59 64
23 80 23 49 51 58 61 75 80
11 84 11 59 66 78 84
9 20 9 13 20
5 70 5 6 27 29 36 43 70
12 70 12 24 29 36 43 70
5 28 5 6 18 20 26 28
6 24 6 24
5 63 5 6 17 32 44 55 57 63
12 73 12 44 55 67 73
0 54 0 45 54
7 40 7 27 29 36 37 40
57 63 57 63
20 75 20 26 28 41 49 51 58 61 75
30 45 30 34 45
7 60 7 27 29 36 37 49 51 60
72 87 72 87
9 37 9 20 26 28 37
58 76 58 68 69 76
31 82 31 68 74 82
0 71 0 13 26 55 58 64 71
18 87 18 20 66 77 87
10 75 10 30 54 75
48 61 48 61
37 58 37 51 58
10 36 10 17 29 36
10 29 10 17 29
11 80 11 20 40 63 80
70 88 70 81 83 88
13 70 13 28 41 70
39 89 39 58 77 89
3 43 3 14 19 43
26 38 26 38
56 65 56 62 65
17 36 17 29 36
15 21 15 21
62 85 62 74 82 85
2 65 2 33 51 59 65
4 17 4 8 9 17
3 17 3 9 17
5 52 5 36 43 52
38 65 38 41 57 63 65
15 67 15 21 26 28 41 49 51 58 67
22 43 22 31 43
59 69 59 69
7 40 7 40
8 52 8 9 17 20 26 28 37 52
40 65 40 63 65
18 61 18 34 48 61
85 88 85 88
9 20 9 17 20
9 42 9 13 20 26 42
19 69 19 43 64 69
28 56 28 35 56
16 38 16 23 25 38
33 54 33 37 48 54
27 53 27 44 53
48 82 48 61 75 82
0 59 0 27 29 48 54 59
38 70 38 41 70
6 56 6 16 35 56
51 61 51 58 61
14 54 14 25 33 37 48 54
0 80 0 13 29 36 37 48 54 75 80
8 32 8 9 13 20 32
66 77 66 77
5 89 5 36 59 66 77 89
86 88 86 88
14 42 14 42
12 66 12 45 54 59 66
17 87 17 52 64 69 87
81 88 81 83 88
7 78 7 57 78
29 60 29 36 37 49 51 60
45 67 45 52 67
41 72 41 57 72
17 78 17 25 62 72 78
14 33 14 19 33
14 68 14 68
30 87 30 54 59 69 87
31 82 31 68 74 82
5 66 5 36 59 66
30 44 30 44
56 78 56 62 72 78
17 81 17 70 81
11 49 11 20 26 38 41 49
12 24 12 24
34 88 34 79 83 88
13 41 13 28 41
55 84 55 57 78 84
52 64 52 64
22 33 22 25 33
9 86 9 20 79 86
26 41 26 38 41
51 80 51 58 61 75 80
35 66 35 59 66
24 64 24 29 36 37 51 58 64
30 73 30 44 55 67 73
20 44 20 30 44
31 62 31 43 62
6 80 6 30 54 75 80
44 55 44 55
3 64 3 16 44 64
13 85 13 60 82 85
15 47 15 22 43 47
8 61 8 58 61
25 84 25 33 52 67 72 78 84
54 82 54 71 82
18 87 18 72 87
49 75 49 51 58 61 75
1 30 1 3 9 13 20 30
8 40 8 28 37 40
21 60 21 26 28 49 51 60
36 82 36 43 64 68 74 82
3 67 3 27 44 55 67
32 57 32 44 55 57
55 73 55 67 73
13 72 13 29 48 72
10 29 10 24 29
14 66 14 25 33 49 51 59 66
60 87 60 66 77 87
16 82 16 35 72 82
50 77 50 59 66 77
18 43 18 22 43
18 54 18 21 26 28 37 48 54
5 76 5 52 64 69 76
22 31 22 31
34 69 34 44 64 68 69
15 62 15 21 26 28 35 56 62
29 44 29 36 43 44
45 54 45 54
12 32 12 17 32
26 63 26 55 57 63
29 75 29 48 61 75
11 52 11 21 26 28 37 48 52
7 85 7 40 85
24 78 24 55 67 72 78
49 84 49 72 78 84
12 87 12 24 55 67 72 87
28 61 28 41 50 51 58 61
28 69 28 37 52 64 69
18 39 18 20 39
59 66 59 66
1 71 1 49 51 64 71
60 83 60 66 83
4 13 4 13
45 58 45 50 51 58
36 51 36 50 51
54 84 54 59 66 78 84
0 39 0 10 17 25 35 39
45 78 45 50 51 59 66 78
13 62 13 26 28 35 56 62
71 82 71 82
12 61 12 45 50 51 58 61
58 84 58 67 72 78 84
20 88 20 26 55 84 88
29 81 29 36 43 64 81
12 28 12 17 20 26 28
20 82 20 40 68 74 82
20 68 20 30 34 44 55 58 68
34 45 34 45
25 40 25 40
18 79 18 22 34 45 55 79
2 28 2 14 28
36 37 36 37
20 44 20 30 34 44
57 84 57 72 78 84
21 60 21 26 28 41 50 60
45 73 45 50 51 58 67 73
40 64 40 64
1 86 1 37 40 64 86
37 81 37 52 78 81
13 84 13 36 60 66 78 84
32 85 32 44 55 57 72 82 85
47 73 47 67 73
17 84 17 32 44 79 84
13 32 13 20 32
4 57 4 13 29 36 55 57
26 55 26 55
7 74 7 64 68 74
36 55 36 43 44 55
84 88 84 88
30 53 30 34 44 53
17 20 17 20
32 55 32 44 55
61 75 61 75
6 33 6 16 23 25 33
1 66 1 37 59 66
2 49 2 33 49
69 88 69 87 88
12 80 12 50 51 80
30 86 30 54 59 86
58 67 58 67
59 85 59 71 82 85
0 28 0 10 17 20 26 28
4 86 4 30 48 54 59 86
35 56 35 56
27 29 27 29
3 83 3 16 44 55 57 78 81 83
33 62 33 62
45 52 45 52
16 44 16 29 43 44
38 66 38 42 51 60 66
39 87 39 87
37 76 37 49 51 59 69 76
24 60 24 29 36 50 51 60
30 44 30 44
30 63 30 34 45 55 57 63
18 62 18 20 26 28 35 56 62
23 67 23 37 52 67
2 86 2 14 70 86
39 69 39 58 68 69
78 84 78 84
47 61 47 61
2 71 2 23 55 58 64 71
30 44 30 44
29 66 29 36 60 66
4 17 4 8 9 17
21 42 21 42
38 73 38 41 49 51 67 73
6 67 6 31 43 47 67
45 67 45 67
15 53 15 26 28 41 53
11 33 11 33
3 76 3 14 25 33 49 76
55 78 55 57 72 78
35 66 35 59 66
64 85 64 82 85
14 70 14 25 38 42 70
38 42 38 42
25 57 25 38 42 57
2 34 2 14 34
20 32 20 32
0 88 0 47 80 83 88
78 88 78 81 83 88
20 51 20 26 28 37 49 51
60 82 60 82
40 80 40 63 80
6 85 6 30 34 59 71 82 85
36 60 36 60
57 63 57 63
3 69 3 27 58 68 69
69 76 69 76
2 75 2 33 39 58 61 75
29 69 29 43 64 69
2 58 2 33 37 51 58
21 56 21 26 28 35 56
14 59 14 25 38 42 51 59
3 32 3 16 23 32
48 64 48 52 64
38 76 38 41 50 51 64 68 69 76
41 72 41 67 72
28 49 28 37 49
20 49 20 30 41 49
29 62 29 36 43 62
6 69 6 27 58 68 69
33 37 33 37
4 77 4 49 51 60 66 77
17 54 17 33 37 48 54
19 78 19 78
20 65 20 32 44 55 57 63 65
29 43 29 36 43
31 55 31 43 44 55
3 37 3 37
5 36 5 6 16 29 36
23 79 23 32 44 79
29 64 29 36 43 44 64
54 86 54 67 72 86
37 52 37 52
1 26 1 7 14 19 21 26
33 40 33 37 40
19 26 19 21 26
32 66 32 66
12 29 12 29
22 87 22 31 56 64 69 87
21 58 21 58
10 72 10 52 67 72
20 84 20 39 58 67 72 78 84
12 42 12 17 20 26 42
13 26 13 20 26
9 42 9 20 26 38 42
60 66 60 66
34 66 34 45 54 59 66
15 30 15 30
50 73 50 51 67 73
43 87 43 62 72 87
17 32 17 20 32
35 88 35 63 80 81 83 88
20 50 20 26 38 41 50
34 74 34 48 54 59 64 68 74
35 72 35 72
22 87 22 33 49 51 67 72 87
26 79 26 28 41 79
6 17 6 17
56 64 56 64
2 88 2 33 49 51 67 72 82 85 88
10 24 10 24
26 59 26 42 51 59
21 86 21 58 67 72 86
42 70 42 70
42 46 42 46
54 80 54 75 80
5 46 5 6 15 46
4 88 4 60 82 85 88
59 71 59 71
7 59 7 29 36 59
7 76 7 32 44 64 68 69 76
3 35 3 16 28 35
7 39 7 14 25 35 39
18 71 18 22 59 64 71
7 70 7 42 70
14 57 14 19 38 42 57
14 44 14 34 44
9 86 9 50 59 86
32 59 32 48 54 59
12 28 12 17 20 26 28
54 73 54 67 73
9 73 9 17 32 58 67 73
27 72 27 58 67 72
13 37 13 26 28 37
0 79 0 10 44 79
11 21 11 21
14 66 14 28 35 59 66
22 51 22 25 38 41 50 51
15 62 15 22 31 56 62
59 66 59 66
19 55 19 43 44 55
85 88 85 88
30 80 30 34 48 75 80
34 74 34 59 64 68 74
20 70 20 30 41 70
6 18 6 18
17 53 17 20 26 28 41 53
42 51 42 51
1 76 1 13 20 55 58 64 69 76
12 63 12 24 55 57 63
30 86 30 41 70 72 86
5 36 5 6 16 29 36
2 9 2 9
25 69 25 35 56 64 69
12 28 12 17 20 26 28
77 89 77 89
18 41 18 22 25 38 41
77 89 77 89
1 27 1 2 9 13 24 27
51 74 51 59 64 68 74
14 78 14 42 70 72 78
37 83 37 40 78 81 83
27 57 27 44 55 57
22 83 22 43 52 80 83
29 75 29 36 48 61 75
51 75 51 58 61 75
4 67 4 23 32 44 55 67
20 38 20 26 38
11 57 11 20 55 57
30 80 30 53 80
58 75 58 61 75
3 34 3 9 20 30 34
23 54 23 37 48 54
19 37 19 21 26 28 37
26 67 26 55 58 67
4 27 4 8 9 13 24 27
18 39 18 22 25 33 39
0 47 0 47
67 88 67 72 86 88
36 87 36 60 69 87
38 59 38 41 50 59
26 76 26 28 69 76
1 13 1 2 9 13
6 24 6 24
54 71 54 71
7 70 7 28 41 70
12 68 12 24 43 52 64 68
44 69 44 64 68 69
18 62 18 22 43 62
18 44 18 22 31 43 44
22 57 22 25 57
10 85 10 60 66 71 82 85
6 55 6 18 20 30 44 55
23 33 23 25 33
9 40 9 17 33 37 40
50 64 50 59 64
19 69 19 43 52 64 68 69
36 60 36 60
41 76 41 76
18 89 18 72 78 84 89
39 87 39 69 87
22 41 22 25 38 41
30 63 30 44 55 57 63
6 71 6 37 52 71
10 63 10 17 20 56 62 63
48 81 48 61 75 80 81
23 85 23 82 85
48 88 48 75 80 81 83 88
3 30 3 30
3 62 3 38 42 62
10 43 10 24 43
20 35 20 26 28 35
54 66 54 59 66
42 75 42 51 58 61 75
28 81 28 64 81
20 26 20 26
3 35 3 15 22 25 35
59 77 59 77
34 48 34 48
27 70 27 29 70
24 30 24 30
33 69 33 37 48 54 59 69
55 61 55 58 61
64 82 64 68 74 82
4 30 4 8 9 20 30
48 52 48 52
12 41 12 24 30 41
20 39 20 26 28 35 39
11 55 11 21 26 55
45 59 45 50 59
52 85 52 71 82 85
12 37 12 29 36 37
23 80 23 35 56 62 63 80
31 82 31 56 64 82
8 47 8 9 24 43 47
8 62 8 9 24 29 36 43 62
59 85 59 64 71 82 85
8 72 8 9 62 72
62 81 62 63 80 81
36 55 36 55
3 59 3 16 29 48 54 59
12 66 12 60 66
25 86 25 62 72 86
24 47 24 29 43 47
17 33 17 25 33
3 34 3 30 34
10 24 10 24
68 74 68 74
6 29 6 24 27 29
40 85 40 63 82 85
22 73 22 43 44 55 58 67 73
27 61 27 44 55 61
0 86 0 10 30 44 55 58 64 86
42 66 42 51 60 66
27 82 27 29 70 71 82
41 70 41 70
9 71 9 17 33 39 58 64 71
40 89 40 78 84 89
51 61 51 58 61
43 62 43 62
52 76 52 64 69 76
5 70 5 6 16 38 70
67 81 67 72 78 81
6 45 6 30 34 45
19 28 19 21 26 28
0 20 0 13 20
9 79 9 24 27 79
58 82 58 68 74 82
27 78 27 78
4 45 4 13 24 30 34 45
17 50 17 25 38 41 50
66 82 66 71 82
17 58 17 32 44 55 58
8 42 8 9 13 26 42
18 33 18 22 25 33
30 41 30 41
1 78 1 39 58 67 72 78
12 84 12 45 50 59 66 78 84
17 84 17 70 72 78 84
37 84 37 48 72 78 84
60 87 60 66 77 87
10 43 10 17 29 36 43
49 69 49 69
37 81 37 72 78 81
79 84 79 84
4 78 4 70 72 78
19 62 19 56 62
35 39 35 39
58 84 58 67 72 78 84
20 71 20 32 44 64 71
29 58 29 36 37 49 51 58
7 86 7 62 72 86
17 63 17 25 63
24 81 24 27 72 78 81
49 76 49 51 64 68 69 76
7 76 7 64 68 69 76
44 89 44 53 84 89
38 51 38 42 51
3 78 3 38 70 72 78
1 88 1 37 49 69 87 88
67 73 67 73
19 49 19 21 26 38 41 49
19 35 19 21 26 28 35
2 75 2 33 61 75
36 53 36 43 44 53
20 37 20 26 28 37
72 82 72 82
8 9 8 9
28 61 28 41 49 51 58 61
13 76 13 68 69 76
64 82 64 82
16 68 16 35 56 64 68
34 52 34 48 52
6 56 6 15 22 31 56
1 22 1 3 15 22
19 38 19 21 26 38
50 59 50 51 59
24 55 24 30 44 55
45 73 45 67 73
58 67 58 67
13 74 13 64 68 74
34 44 34 44
19 82 19 62 72 82
8 49 8 41 49
23 54 23 32 48 54
27 88 27 44 78 84 88
22 83 22 34 44 78 81 83
54 81 54 59 66 78 81
34 74 34 44 64 68 74
0 71 0 13 26 38 41 50 51 59 66 71
78 81 78 81
36 72 36 55 67 72
0 38 0 10 17 20 26 38
32 47 32 47
2 38 2 9 17 20 26 38
56 82 56 74 82
5 57 5 6 24 30 41 57
2 46 2 23 25 33 46
59 88 59 77 88
26 55 26 55
57 81 57 72 78 81
45 55 45 55
42 64 42 51 59 64
32 44 32 44
21 61 21 42 51 58 61
81 88 81 83 88
8 49 8 28 41 49
9 67 9 17 33 49 51 58 67
1 68 1 2 23 68
58 67 58 67
3 36 3 9 17 29 36
0 82 0 45 55 58 64 82
8 54 8 9 20 30 54
10 44 10 30 44
20 55 20 26 55
25 38 25 38
33 72 33 39 58 67 72
58 64 58 64
62 82 62 63 82
9 20 9 17 20
55 79 55 79
7 32 7 32
4 69 4 23 25 35 59 69
4 60 4 41 49 51 60
22 54 22 33 37 48 54
14 39 14 28 35 39
1 86 1 37 49 72 86
38 42 38 42
35 66 35 59 66
30 63 30 34 44 55 57 63
25 62 25 62
3 36 3 16 29 36
17 58 17 33 49 51 58
4 69 4 41 49 51 58 68 69
67 82 67 72 82
81 83 81 83
23 44 23 44
26 48 26 28 37 48
24 45 24 30 34 45
72 89 72 78 84 89
7 40 7 29 36 37 40
32 65 32 48 54 59 65
17 71 17 58 64 71
11 77 11 21 59 66 77
12 66 12 66
1 80 1 39 58 61 75 80
7 19 7 14 19
20 75 20 32 44 55 58 61 75
48 82 48 54 71 82
44 76 44 64 68 69 76
19 37 19 33 37
5 35 5 6 16 23 25 35
0 46 0 13 28 46
15 58 15 22 43 44 55 58
68 82 68 74 82
6 54 6 18 22 25 33 37 48 54
33 54 33 37 48 54
19 35 19 21 26 28 35
6 86 6 24 43 70 72 86
29 62 29 43 62
50 71 50 59 64 71
43 83 43 62 63 83
27 76 27 58 64 68 69 76
30 65 30 54 59 65
1 71 1 49 51 60 66 71
8 52 8 28 37 48 52
24 45 24 30 34 45
7 26 7 14 19 21 26
59 89 59 89
34 55 34 44 55
3 31 3 14 31
15 28 15 21 26 28
23 35 23 35
42 66 42 51 59 66
45 55 45 55
38 88 38 70 82 85 88
24 29 24 29
11 54 11 21 26 28 37 48 54
15 77 15 21 59 66 77
42 65 42 62 63 65
25 42 25 38 42
50 67 50 51 58 67
43 69 43 64 69
17 78 17 32 44 78
9 82 9 17 52 64 68 74 82
9 37 9 13 26 28 37
23 46 23 25 33 46
24 39 24 30 39
13 29 13 24 27 29
5 61 5 6 30 44 55 58 61
26 48 26 28 37 48
26 49 26 38 41 49
56 65 56 62 63 65
6 23 6 16 23
50 81 50 60 66 78 81
1 43 1 3 27 29 43
5 70 5 6 31 43 70
47 75 47 75
15 43 15 22 31 43
26 63 26 42 62 63
41 75 41 49 51 58 61 75
10 30 10 17 20 30
21 75 21 58 61 75
4 13 4 13
19 43 19 43
15 22 15 22
14 78 14 70 72 78
20 44 20 30 44
6 76 6 16 31 56 64 69 76
9 77 9 50 59 77
21 74 21 40 68 74
51 59 51 59
42 65 42 62 63 65
54 80 54 75 80
26 49 26 38 41 49
29 51 29 36 37 49 51
5 52 5 52
23 54 23 32 48 54
29 81 29 48 61 75 80 81
30 48 30 34 48
20 83 20 39 58 61 75 80 83
26 65 26 42 57 63 65
13 84 13 28 35 39 58 67 72 78 84
7 26 7 14 19 21 26
49 68 49 51 58 64 68
40 69 40 64 68 69
51 74 51 58 64 68 74
50 60 50 51 60
8 40 8 40
1 30 1 2 9 17 20 30
64 88 64 81 83 88
78 81 78 81
11 55 11 20 55
9 62 9 13 29 43 62
2 74 2 57 74
20 72 20 55 57 72
45 66 45 50 51 60 66
39 85 39 85
27 44 27 44
21 66 21 59 66
24 71 24 30 44 64 71
5 20 5 6 18 20
11 48 11 20 32 48
67 88 67 82 85 88
5 84 5 52 78 84
23 57 23 57
24 58 24 27 44 55 58
49 68 49 51 59 64 68
17 86 17 52 67 72 86
9 44 9 17 32 44
53 84 53 84
54 64 54 59 64
55 80 55 61 75 80
20 28 20 26 28
29 81 29 36 48 72 78 81
17 36 17 29 36
6 15 6 15
14 21 14 19 21
21 46 21 42 46
24 51 24 29 36 37 49 51
20 55 20 26 55
23 57 23 57
38 88 38 70 72 82 85 88
5 6 5 6
70 81 70 72 78 81
43 70 43 70
1 2 1 2
25 42 25 38 42
49 69 49 51 60 69
8 66 8 41 49 51 60 66
4 86 4 41 67 72 86
36 48 36 48
63 83 63 83
56 64 56 64
11 38 11 20 26 38
48 72 48 72
21 85 21 59 64 71 82 85
9 83 9 24 43 64 81 83
10 58 10 34 45 55 58
13 64 13 36 48 54 59 64
7 68 7 27 58 64 68
9 17 9 17
9 84 9 20 66 78 84
5 39 5 6 18 20 30 39
20 28 20 26 28
18 87 18 34 45 67 72 87
54 80 54 75 80
39 85 39 58 64 68 74 85
12 29 12 17 29
11 33 11 33
11 84 11 20 39 58 67 72 78 84
32 44 32 44
32 78 32 48 54 67 72 78
36 52 36 43 52
26 83 26 75 80 81 83
7 78 7 40 78
26 28 26 28
10 54 10 30 34 48 54
74 82 74 82
48 84 48 72 78 84
27 68 27 29 36 55 58 68
50 82 50 51 64 71 82
13 86 13 28 49 51 58 67 72 86
9 84 9 20 26 28 35 72 78 84
51 60 51 60
23 54 23 25 33 37 48 54
42 70 42 70
18 35 18 21 26 28 35
2 72 2 57 72
20 78 20 26 38 42 51 58 67 72 78
43 47 43 47
15 52 15 26 28 37 48 52
25 60 25 33 49 51 60
56 88 56 82 85 88
5 76 5 6 37 51 59 69 76
18 28 18 21 26 28
3 54 3 9 24 30 54
16 42 16 23 25 38 42
9 20 9 13 20
54 59 54 59
15 70 15 30 41 70
47 81 47 61 75 80 81
3 17 3 9 17
41 49 41 49
21 42 21 42
27 76 27 29 36 43 52 64 68 69 76
11 20 11 20
29 54 29 36 37 48 54
69 87 69 87
10 72 10 24 55 67 72
24 88 24 27 79 83 88
19 38 19 21 26 38
14 39 14 19 21 26 28 35 39
12 26 12 17 20 26
59 69 59 69
0 73 0 45 52 67 73
48 54 48 54
5 45 5 6 24 30 34 45
13 47 13 20 32 47
6 63 6 30 34 44 55 57 63
0 51 0 20 30 41 50 51
39 85 39 58 61 75 82 85
41 57 41 57
9 69 9 24 29 36 37 49 69
13 51 13 36 50 51
2 13 2 9 13
1 32 1 2 9 20 32
12 80 12 75 80
25 62 25 38 42 62
17 80 17 25 62 63 80
64 76 64 69 76
2 89 2 23 57 72 78 84 89
48 89 48 52 78 84 89
38 42 38 42
16 89 16 31 56 62 72 78 84 89
37 65 37 49 51 59 65
9 83 9 24 30 41 78 81 83
56 71 56 64 71
8 51 8 41 50 51
12 53 12 17 20 32 53
47 75 47 61 75
57 82 57 82
42 46 42 46
15 25 15 22 25
6 43 6 18 22 31 43
35 56 35 56
36 50 36 50
34 44 34 44
21 57 21 42 57
41 86 41 79 86
8 45 8 34 45
48 66 48 54 59 66
41 68 41 49 51 64 68
41 76 41 50 51 60 69 76
12 53 12 17 29 43 44 53
2 58 2 23 35 39 58
21 50 21 26 28 41 50
55 83 55 57 63 83
63 80 63 80
58 84 58 67 72 78 84
26 76 26 55 58 68 69 76
13 41 13 26 38 41
29 77 29 36 59 77
0 36 0 13 29 36
51 84 51 59 66 78 84
45 52 45 52
77 89 77 89
2 89 2 78 84 89
27 59 27 29 36 50 51 59
6 51 6 27 29 36 50 51
22 52 22 31 43 52
4 13 4 13
2 86 2 23 25 57 72 86
64 82 64 68 74 82
16 41 16 28 41
35 89 35 59 89
18 59 18 34 45 54 59
14 52 14 34 45 52
18 59 18 22 25 38 41 49 51 59
43 78 43 47 67 72 78
8 41 8 41
39 89 39 58 67 72 78 84 89
30 34 30 34
30 79 30 34 79
7 87 7 64 68 69 87
34 75 34 48 75
29 61 29 48 61
35 66 35 59 66
23 88 23 68 69 87 88
48 66 48 54 59 66
21 60 21 26 38 60
58 85 58 68 74 82 85
27 36 27 29 36
21 80 21 42 57 63 80
33 71 33 39 58 64 71
21 35 21 26 28 35
17 39 17 25 33 39
79 88 79 83 88
20 84 20 26 42 57 78 84
33 40 33 37 40
48 84 48 72 78 84
13 62 13 36 43 62
17 87 17 33 52 64 68 69 87
57 63 57 63
3 27 3 9 24 27
55 57 55 57
43 78 43 62 72 78
4 82 4 82
38 76 38 42 51 58 68 69 76
18 22 18 22
26 74 26 28 35 59 64 68 74
54 84 54 67 72 78 84
7 68 7 27 44 55 58 68
20 86 20 79 86
24 58 24 43 44 55 58
2 68 2 33 37 51 59 64 68
5 85 5 36 37 48 52 64 68 74 82 85
23 44 23 32 44
26 74 26 42 51 59 64 68 74
2 73 2 14 31 43 52 67 73
33 83 33 49 72 78 81 83
32 59 32 48 54 59
27 60 27 29 36 60
6 45 6 17 20 30 34 45
47 75 47 61 75
48 75 48 61 75
8 58 8 41 50 51 58
1 9 1 2 9
37 60 37 49 51 60
51 59 51 59
38 59 38 42 51 59
48 86 48 54 86
34 88 34 59 77 88
28 56 28 35 56
58 75 58 61 75
63 65 63 65
70 78 70 72 78
4 8 4 8
13 24 13 24
19 46 19 38 42 46
5 63 5 36 37 40 63
27 36 27 29 36
24 36 24 29 36
45 58 45 50 51 58
0 54 0 27 29 36 37 48 54
54 59 54 59
27 70 27 29 36 43 70
48 65 48 54 59 65
55 58 55 58
48 61 48 61
13 68 13 29 43 44 55 58 64 68
34 66 34 59 66
55 69 55 58 64 69
17 47 17 32 47
14 33 14 25 33
13 72 13 29 70 72
63 85 63 82 85
43 74 43 64 68 74
28 49 28 41 49
29 57 29 36 43 44 55 57
54 72 54 67 72
54 78 54 59 66 78
4 27 4 8 9 13 24 27
41 86 41 59 86
77 88 77 88
16 68 16 28 68
31 55 31 43 44 55
21 73 21 58 67 73
26 38 26 38
15 45 15 22 34 45
15 47 15 22 43 47
8 87 8 28 77 87
27 36 27 29 36
11 77 11 21 58 77
50 71 50 60 66 71
3 27 3 9 24 27
46 88 46 77 87 88
39 89 39 58 77 89
16 55 16 29 36 43 44 55
43 44 43 44
52 69 52 64 69
40 68 40 68
28 66 28 35 59 66
49 75 49 51 58 61 75
6 40 6 24 27 29 36 37 40
38 85 38 41 57 72 82 85
4 41 4 23 25 38 41
10 54 10 34 45 54
47 89 47 77 89
43 78 43 47 67 72 78
17 58 17 25 38 42 51 58
25 74 25 62 74
1 53 1 3 38 41 53
13 71 13 24 55 58 64 71
31 84 31 56 78 84
36 87 36 60 69 87
22 51 22 25 33 37 49 51
48 86 48 54 67 72 86
5 84 5 70 72 78 84
60 78 60 66 78
6 20 6 17 20
42 80 42 62 63 80
37 48 37 48
20 52 20 32 48 52
42 57 42 57
3 40 3 37 40
13 74 13 24 29 36 59 64 68 74
30 80 30 34 44 55 57 63 80
50 67 50 51 58 67
12 29 12 24 29
26 28 26 28
36 68 36 43 44 64 68
36 89 36 48 54 59 66 78 84 89
64 85 64 68 74 85
18 79 18 22 43 44 79
12 45 12 24 30 34 45
8 66 8 9 13 49 51 60 66
3 86 3 64 86
26 51 26 28 41 50 51
54 75 54 75
1 86 1 3 15 22 25 40 64 86
1 80 1 37 51 58 61 75 80
33 46 33 46
16 74 16 23 35 39 58 68 74
51 74 51 59 64 68 74
2 33 2 9 17 25 33
3 59 3 30 41 49 51 59
2 54 2 23 32 48 54
35 39 35 39
36 85 36 43 44 55 57 63 82 85
59 76 59 69 76
59 89 59 77 89
30 45 30 34 45
2 89 2 14 25 35 59 89
19 56 19 56
28 35 28 35
50 58 50 51 58
7 19 7 14 19
15 62 15 26 38 42 62
22 56 22 25 35 56
32 59 32 48 54 59
40 63 40 63
0 89 0 59 89
17 40 17 20 26 28 37 40
31 84 31 43 44 53 84
82 88 82 85 88
8 37 8 9 20 26 28 37
1 26 1 13 20 26
40 80 40 63 80
7 56 7 56
9 50 9 24 50
9 29 9 13 24 27 29
4 13 4 8 9 13
67 83 67 72 78 81 83
13 32 13 20 32
17 34 17 20 30 34
17 82 17 25 62 63 82
25 35 25 35
12 53 12 29 36 43 44 53
11 53 11 20 26 38 41 53
55 57 55 57
37 77 37 77
34 74 34 45 54 59 64 68 74
18 33 18 22 33
15 67 15 26 28 41 49 51 67
33 37 33 37
39 89 39 58 67 72 78 84 89
45 82 45 64 82
3 67 3 16 28 41 67
3 30 3 30
15 51 15 22 25 33 49 51
59 65 59 65
3 35 3 15 21 26 28 35
16 83 16 38 41 59 64 81 83
61 81 61 75 80 81
13 45 13 20 30 34 45
17 51 17 25 38 42 51
15 79 15 21 26 55 79
26 52 26 28 37 48 52
6 55 6 30 44 55
37 64 37 52 64
62 84 62 72 78 84
8 30 8 9 20 30
8 72 8 9 13 24 27 29 36 48 54 67 72
33 78 33 51 58 67 72 78
19 42 19 38 42
45 69 45 64 69
8 63 8 40 63
62 88 62 72 86 88
3 16 3 16
17 33 17 33
56 71 56 64 71
3 38 3 38
44 61 44 55 58 61
20 39 20 39
21 75 21 42 51 58 61 75
23 85 23 37 48 54 72 82 85
62 63 62 63
7 19 7 14 19
20 37 20 26 28 37
64 81 64 81
45 77 45 54 59 66 77
44 85 44 64 71 82 85
28 53 28 41 53
11 57 11 21 42 57
1 71 1 19 56 64 71
15 70 15 26 42 70
5 52 5 6 16 31 43 52
14 39 14 28 35 39
0 77 0 10 24 77
7 76 7 64 68 69 76
15 57 15 26 28 41 57
24 77 24 50 51 59 66 77
19 72 19 38 70 72
24 30 24 30
10 80 10 48 61 75 80
40 69 40 64 68 69
18 38 18 22 25 38
34 48 34 48
23 44 23 44
51 80 51 80
36 68 36 37 59 64 68
2 78 2 23 35 39 58 67 72 78
22 77 22 34 44 53 77
6 32 6 16 23 32
15 67 15 21 42 51 67
32 89 32 58 67 72 78 84 89
4 48 4 8 9 24 27 29 36 48
26 52 26 28 37 52
29 62 29 36 43 62
72 82 72 82
58 78 58 67 72 78
36 37 36 37
20 45 20 30 34 45
5 87 5 36 59 66 77 87
21 80 21 42 57 63 80
42 64 42 51 58 64
3 72 3 58 67 72
0 10 0 10
10 52 10 24 30 48 52
29 61 29 43 44 55 58 61
60 83 60 66 78 81 83
18 34 18 22 34
48 88 48 54 86 88
13 85 13 68 74 85
38 74 38 41 50 51 59 64 68 74
36 88 36 55 67 72 86 88
1 13 1 2 9 13
0 24 0 10 24
32 44 32 44
0 45 0 24 30 34 45
47 73 47 67 73
37 77 37 52 77
4 9 4 8 9
59 77 59 66 77
24 64 24 29 36 59 64
62 63 62 63
34 52 34 45 52
22 73 22 25 38 42 51 67 73
1 55 1 13 26 55
15 35 15 22 25 35
16 36 16 29 36
33 52 33 52
17 81 17 32 47 75 80 81
5 26 5 6 17 20 26
42 57 42 57
6 51 6 30 34 45 50 51
13 76 13 20 26 28 37 76
6 20 6 18 20
20 59 20 32 48 54 59
15 74 15 30 54 59 64 68 74
20 78 20 55 67 72 78
30 39 30 39
37 76 37 76
6 80 6 18 21 42 51 80
87 88 87 88
0 46 0 20 26 38 42 46
19 58 19 43 44 55 58
29 43 29 43
1 44 1 13 29 43 44
6 79 6 44 55 79
56 74 56 62 74
69 87 69 87
10 66 10 30 48 54 59 66
4 60 4 60
37 59 37 59
2 54 2 9 13 28 37 48 54
14 33 14 25 33
26 41 26 38 41
63 85 63 82 85
2 36 2 9 17 29 36
60 83 60 66 78 81 83
42 80 42 51 80
50 51 50 51
41 65 41 65
19 26 19 21 26
79 89 79 84 89
77 88 77 88
3 82 3 38 70 71 82
31 62 31 56 62
26 41 26 38 41
10 58 10 34 45 55 58
7 52 7 14 28 37 48 52
32 44 32 44
17 78 17 78
6 76 6 16 68 69 76
13 83 13 29 81 83
1 50 1 3 27 29 36 50
28 82 28 35 72 82
20 79 20 30 34 45 55 79
10 44 10 34 44
20 85 20 39 85
6 23 6 16 23
5 88 5 52 83 88
2 24 2 9 13 24
42 81 42 62 72 78 81
66 78 66 78
27 36 27 29 36
38 85 38 70 72 82 85
16 69 16 40 64 69
10 80 10 48 75 80
24 50 24 50
19 28 19 21 26 28
33 46 33 46
13 44 13 24 30 44
12 17 12 17
9 70 9 20 30 41 70
34 52 34 48 52
45 74 45 50 51 64 68 74
50 51 50 51
18 22 18 22
9 60 9 24 30 41 49 51 60
1 3 1 3
18 71 18 22 33 37 59 66 71
70 88 70 88
45 88 45 52 77 87 88
16 33 16 23 25 33
77 89 77 89
18 59 18 20 30 48 54 59
52 80 52 80
10 82 10 24 43 52 64 71 82
11 54 11 33 37 48 54
29 48 29 48
52 85 52 67 72 82 85
11 83 11 64 81 83
50 77 50 60 66 77
53 88 53 88
23 55 23 44 55
26 40 26 28 37 40
18 20 18 20
25 62 25 35 56 62
41 76 41 50 59 64 69 76
59 64 59 64
6 42 6 17 20 26 42
4 86 4 30 34 79 86
11 64 11 21 42 51 59 64
41 80 41 57 63 80
20 55 20 30 34 45 55
8 42 8 9 17 25 38 42
14 57 14 19 21 42 57
5 88 5 6 17 29 75 80 81 83 88
41 59 41 59
12 75 12 50 51 58 61 75
41 76 41 49 51 64 68 69 76
28 66 28 41 49 51 60 66
55 69 55 58 64 69
20 75 20 26 55 61 75
44 89 44 78 84 89
18 31 18 22 31
36 81 36 60 66 78 81
22 33 22 25 33
6 56 6 15 21 26 28 35 56
24 71 24 55 58 64 71
14 52 14 25 33 37 48 52
26 81 26 55 67 72 78 81
24 29 24 29
9 76 9 24 29 48 54 59 69 76
70 71 70 71
23 55 23 55
15 26 15 26
14 56 14 25 35 56
18 48 18 34 48
20 84 20 40 78 84
6 31 6 31
9 41 9 13 20 30 41
30 86 30 44 79 86
38 73 38 41 49 51 67 73
1 86 1 26 28 35 59 86
41 49 41 49
18 87 18 22 33 67 72 87
14 73 14 42 51 67 73
12 27 12 27
1 54 1 19 33 37 48 54
3 33 3 14 19 33
7 87 7 56 62 72 87
20 51 20 30 34 45 50 51
30 80 30 44 53 80
24 29 24 29
6 32 6 17 32
43 62 43 62
24 68 24 29 43 52 64 68
16 81 16 80 81
53 84 53 84
45 50 45 50
10 42 10 17 20 26 42
50 84 50 59 66 78 84
14 56 14 31 56
16 86 16 38 42 70 72 86
6 77 6 44 53 77
15 40 15 21 40
26 55 26 55
20 71 20 30 48 54 71
30 79 30 41 79
0 51 0 27 29 36 50 51
7 21 7 14 19 21
25 68 25 38 41 59 64 68
15 67 15 26 42 51 67
53 88 53 77 87 88
60 77 60 66 77
11 48 11 20 32 48
23 54 23 32 48 54
9 40 9 20 40
19 58 19 43 44 55 58
39 78 39 58 67 72 78
17 58 17 29 36 50 51 58
6 79 6 30 44 79
7 60 7 49 51 60
10 42 10 17 25 38 42
5 70 5 36 43 70
17 36 17 29 36
84 88 84 88
36 52 36 43 52
25 57 25 38 41 57
23 54 23 37 48 54
12 29 12 17 29
12 26 12 17 20 26
36 74 36 37 59 64 68 74
26 75 26 42 51 58 61 75
15 77 15 58 77
68 82 68 74 82
59 89 59 66 77 89
34 88 34 44 53 77 88
12 32 12 17 20 32
43 83 43 44 78 81 83
12 61 12 44 55 58 61
27 29 27 29
17 77 17 32 58 77
33 51 33 49 51
21 71 21 26 55 58 64 71
30 88 30 80 81 83 88
42 85 42 70 82 85
34 44 34 44
9 41 9 20 30 41
1 35 1 19 21 26 28 35
14 68 14 42 51 59 64 68
26 63 26 38 41 57 63
5 72 5 6 27 72
44 55 44 55
16 69 16 38 41 59 69
0 59 0 59
8 40 8 40
24 51 24 27 29 36 50 51
22 85 22 25 33 67 82 85
67 87 67 72 87
10 17 10 17
18 76 18 76
67 86 67 72 86
67 86 67 72 86
4 86 4 70 86
23 85 23 35 59 66 71 82 85
51 60 51 60
27 78 27 72 78
1 7 1 7
18 21 18 21
33 49 33 49
52 80 52 80
21 42 21 42
26 58 26 38 41 49 51 58
7 60 7 49 51 60
2 80 2 56 62 63 80
40 71 40 64 71
22 87 22 33 46 77 87
5 33 5 6 16 23 25 33
2 86 2 9 24 30 34 44 64 86
25 75 25 35 39 58 61 75
32 48 32 48
16 35 16 23 35
12 25 12 17 25
12 50 12 50
22 41 22 25 38 41
4 76 4 30 54 59 64 69 76
17 68 17 29 48 54 59 64 68
11 57 11 21 42 57
18 67 18 21 42 51 58 67
14 50 14 25 38 41 50
3 82 3 38 42 62 63 82
27 60 27 29 36 50 51 60
16 80 16 31 56 62 63 80
43 80 43 47 61 75 80
8 47 8 9 24 43 47
36 37 36 37
32 86 32 48 72 86
42 61 42 51 58 61
10 61 10 17 25 38 41 49 51 58 61
36 83 36 50 60 66 78 81 83
9 86 9 17 70 86
54 71 54 71
37 58 37 51 58
8 78 8 62 72 78
28 37 28 37
25 69 25 33 52 64 68 69
7 32 7 32
7 60 7 49 51 60
42 46 42 46
6 86 6 31 43 62 72 86
1 3 1 3
14 45 14 34 45
36 85 36 66 71 82 85
28 73 28 37 52 67 73
9 47 9 20 32 47
42 83 42 70 81 83
20 32 20 32
5 6 5 6
27 57 27 29 43 44 55 57
2 75 2 33 51 58 61 75
45 85 45 67 72 82 85
52 71 52 64 71
5 26 5 6 15 21 26
7 61 7 28 35 39 58 61
23 68 23 32 48 54 59 64 68
8 24 8 9 24
26 52 26 28 37 52
13 71 13 60 66 71
27 58 27 58
26 75 26 75
67 84 67 72 78 84
30 48 30 34 48
28 83 28 41 53 80 83
18 75 18 20 55 58 61 75
37 40 37 40
2 33 2 33
20 87 20 66 77 87
59 86 59 86
5 69 5 52 64 69
43 78 43 52 78
3 15 3 15
24 52 24 29 48 52
48 84 48 52 67 72 78 84
3 38 3 14 25 38
58 80 58 61 75 80
52 71 52 64 71
42 69 42 51 64 69
55 76 55 58 68 69 76
14 68 14 68
55 78 55 57 72 78
57 78 57 78
28 82 28 64 71 82
67 73 67 73
11 51 11 21 26 38 41 49 51
25 49 25 38 41 49
61 88 61 75 88
2 39 2 33 39
12 53 12 44 53
14 21 14 19 21
10 75 10 48 54 75
13 65 13 29 36 48 54 59 65
45 55 45 55
13 45 13 24 30 34 45
8 56 8 9 17 25 35 56
7 27 7 27
42 80 42 62 63 80
72 82 72 82
15 22 15 22
43 87 43 77 87
48 88 48 61 88
34 55 34 44 55
55 67 55 58 67
0 13 0 13
23 46 23 25 33 46
31 77 31 43 52 77
3 72 3 27 58 67 72
0 39 0 13 24 30 39
43 87 43 44 55 57 72 87
68 74 68 74
1 36 1 2 9 17 29 36
2 57 2 9 24 29 43 44 55 57
56 76 56 64 68 69 76
12 33 12 17 25 33
11 49 11 33 49
59 85 59 66 71 82 85
41 50 41 50
33 77 33 37 48 54 59 66 77
29 48 29 36 48
14 31 14 31
3 32 3 9 13 20 32
6 45 6 15 30 34 45
8 75 8 34 45 50 51 58 61 75
31 43 31 43
19 42 19 21 26 42
25 58 25 38 42 51 58
62 82 62 63 82
1 55 1 2 9 20 55
23 81 23 37 52 80 81
50 80 50 51 58 61 75 80
58 80 58 61 75 80
29 43 29 43
23 25 23 25
0 46 0 13 26 38 42 46
41 60 41 50 51 60
32 59 32 48 54 59
21 84 21 59 66 78 84
13 79 13 20 79
12 56 12 17 20 56
41 64 41 50 51 59 64
36 48 36 48
8 44 8 34 44
18 20 18 20
56 80 56 62 63 80
11 64 11 59 64
37 85 37 52 64 82 85
42 57 42 57
26 73 26 67 73
30 88 30 34 86 88
12 55 12 45 55
26 49 26 38 41 49
22 58 22 43 44 55 58
13 65 13 26 38 65
16 53 16 31 43 44 53
2 14 2 14
17 87 17 33 62 72 87
17 78 17 33 62 72 78
20 47 20 32 47
27 69 27 29 36 55 58 68 69
12 74 12 44 55 58 64 68 74
2 65 2 9 13 20 56 62 65
11 78 11 33 67 72 78
8 56 8 9 13 26 28 35 56
13 44 13 36 43 44
24 71 24 71
27 69 27 58 68 69
37 76 37 51 58 64 69 76
2 87 2 57 72 87
20 87 20 56 64 68 69 87
10 85 10 24 27 72 82 85
14 19 14 19
38 65 38 41 50 59 65
60 77 60 66 77
56 72 56 62 72
45 68 45 54 59 64 68
22 73 22 25 38 42 51 58 67 73
24 83 24 29 48 61 75 80 83
39 81 39 58 67 72 78 81
6 27 6 27
6 39 6 17 33 39
17 81 17 29 43 47 67 72 78 81
20 58 20 26 38 42 51 58
13 37 13 36 37
19 33 19 33
32 59 32 48 54 59
10 29 10 24 27 29
36 81 36 81
32 72 32 47 67 72
7 89 7 56 78 84 89
16 68 16 40 64 68
40 65 40 63 65
1 67 1 39 58 67
28 66 28 37 49 51 59 66
47 89 47 67 72 78 84 89
25 66 25 33 37 49 51 60 66
62 72 62 72
28 81 28 41 53 80 81
23 57 23 55 57
66 82 66 71 82
22 82 22 34 44 64 71 82
9 79 9 13 24 27 29 43 44 55 79
1 60 1 2 33 51 60
4 62 4 8 9 62
56 89 56 62 72 78 84 89
3 48 3 15 30 48
75 88 75 82 85 88
4 60 4 30 34 45 50 51 60
27 48 27 29 36 37 48
10 61 10 44 55 61
20 28 20 26 28
7 57 7 29 43 44 55 57
44 61 44 55 58 61
5 85 5 75 82 85
49 51 49 51
7 56 7 28 35 56
22 61 22 43 44 55 61
9 24 9 13 24
30 82 30 54 59 71 82
4 51 4 41 50 51
58 85 58 61 75 82 85
10 48 10 30 34 48
4 23 4 23
24 62 24 43 62
33 72 33 37 72
17 50 17 29 36 50
56 78 56 62 72 78
30 52 30 34 48 52
51 69 51 64 69
42 72 42 57 72
25 84 25 38 41 50 60 66 78 84
33 51 33 49 51
39 68 39 58 68
20 75 20 32 44 55 61 75
8 38 8 9 13 26 38
63 82 63 82
1 39 1 39
17 20 17 20
13 38 13 26 38
36 65 36 50 51 59 65
12 54 12 17 29 36 48 54
6 16 6 16
9 62 9 62
21 86 21 40 64 86
23 82 23 82
12 75 12 37 49 51 58 61 75
54 86 54 72 86
9 82 9 82
13 72 13 26 67 72
26 59 26 28 37 49 51 59
9 57 9 24 27 44 55 57
58 68 58 68
23 32 23 32
52 71 52 71
51 77 51 60 66 77
47 77 47 77
59 64 59 64
50 73 50 51 67 73
3 58 3 30 44 55 58
22 77 22 43 52 77
43 65 43 44 55 57 63 65
46 87 46 77 87
3 35 3 14 28 35
33 51 33 51
24 55 24 55
44 69 44 64 69
58 84 58 67 72 78 84
41 53 41 53
6 63 6 37 40 63
22 85 22 25 33 67 82 85
8 45 8 9 24 30 34 45
20 86 20 55 57 72 86
17 81 17 32 48 75 80 81
18 71 18 59 66 71
39 68 39 58 64 68
20 30 20 30
21 84 21 59 66 78 84
24 87 24 50 60 66 77 87
20 30 20 30
18 22 18 22
14 25 14 25
34 83 34 45 57 78 81 83
0 33 0 10 17 25 33
2 39 2 23 35 39
20 38 20 26 38
34 66 34 59 66
43 69 43 64 68 69
28 87 28 46 77 87
64 87 64 69 87
6 44 6 30 44
8 39 8 9 13 20 30 39
25 88 25 38 41 78 81 83 88
23 79 23 25 38 41 79
8 47 8 9 24 29 36 43 47
54 87 54 72 87
18 62 18 20 56 62
18 42 18 20 26 38 42
37 49 37 49
27 61 27 44 55 58 61
40 69 40 68 69
15 44 15 22 43 44
3 43 3 27 29 36 43
25 57 25 38 41 57
23 37 23 37
72 88 72 78 84 88
12 45 12 45
50 60 50 51 60
38 59 38 41 50 51 59
54 86 54 86
13 47 13 29 36 43 47
41 69 41 50 51 58 64 69
10 64 10 17 20 40 64
48 89 48 54 67 72 78 84 89
6 71 6 71
9 44 9 13 29 36 43 44
9 86 9 24 29 36 50 59 86
20 87 20 66 77 87
33 49 33 49
5 77 5 6 17 20 26 42 46 77
25 61 25 35 39 58 61
12 70 12 17 70
0 82 0 10 60 66 71 82
10 76 10 30 44 55 58 64 69 76
40 80 40 63 80
7 88 7 29 75 80 83 88
1 25 1 2 9 17 25
15 53 15 30 34 44 53
1 53 1 26 38 41 53
3 32 3 16 23 32
30 70 30 41 70
4 37 4 8 9 20 26 28 37
0 45 0 24 30 34 45
44 55 44 55
78 84 78 84
3 78 3 58 67 72 78
41 68 41 50 51 59 64 68
3 62 3 16 29 43 62
9 84 9 24 43 62 72 78 84
70 89 70 72 78 84 89
13 86 13 64 86
11 38 11 21 26 38
24 58 24 55 58
13 44 13 20 30 34 44
16 46 16 23 25 33 46
34 45 34 45
10 24 10 24
26 75 26 28 41 50 51 58 61 75
45 85 45 67 72 82 85
14 81 14 25 38 42 62 63 80 81
19 39 19 33 39
10 29 10 17 29
12 66 12 29 36 50 51 60 66
34 73 34 44 55 67 73
27 58 27 29 43 44 55 58
34 79 34 44 55 79
16 86 16 31 43 52 64 86
58 82 58 64 71 82
25 51 25 38 41 50 51
5 79 5 6 16 44 79
78 81 78 81
3 81 3 16 40 63 80 81
22 31 22 31
25 51 25 33 49 51
52 77 52 77
8 49 8 9 13 29 36 37 49
60 87 60 66 77 87
82 85 82 85
36 68 36 48 52 64 68
51 61 51 58 61
8 81 8 58 64 81
3 20 3 9 17 20
8 66 8 41 49 51 60 66
32 73 32 48 52 67 73
20 73 20 55 58 67 73
5 64 5 6 40 64
21 68 21 58 68
18 87 18 22 34 45 57 72 87
71 88 71 88
20 79 20 30 41 79
4 67 4 49 51 58 67
10 45 10 24 30 34 45
28 63 28 35 56 62 63
14 84 14 42 57 72 78 84
27 88 27 88
22 61 22 25 33 49 51 58 61
4 79 4 41 79
77 89 77 89
21 80 21 26 28 49 51 80
57 74 57 74
4 87 4 23 66 77 87
67 81 67 72 78 81
43 63 43 62 63
26 40 26 28 37 40
18 35 18 20 26 28 35
3 67 3 30 34 45 55 58 67
58 84 58 67 72 78 84
6 50 6 17 20 30 34 45 50
7 40 7 29 36 37 40
25 59 25 33 49 51 59
14 31 14 31
51 60 51 60
55 79 55 79
4 89 4 41 50 60 66 77 89
35 39 35 39
67 87 67 72 87
2 80 2 33 39 58 61 75 80
19 58 19 21 58
13 74 13 49 51 59 64 68 74
13 36 13 29 36
20 66 20 32 66
51 75 51 58 61 75
5 77 5 36 37 52 77
14 52 14 31 43 52
37 49 37 49
3 72 3 14 28 41 70 72
17 81 17 33 67 72 78 81
24 63 24 30 41 63
24 79 24 29 36 43 44 55 79
33 60 33 49 51 60
10 46 10 17 20 26 38 42 46
0 64 0 45 50 51 58 64
6 83 6 79 83
63 80 63 80
16 31 16 31
66 82 66 71 82
38 70 38 70
24 88 24 71 88
9 50 9 50
51 68 51 64 68
4 51 4 8 9 13 49 51
6 80 6 40 63 80
20 45 20 30 34 45
18 38 18 22 25 38
42 80 42 51 58 61 75 80
59 71 59 71
54 59 54 59
7 64 7 28 64
18 71 18 59 66 71
15 79 15 26 38 41 79
42 58 42 51 58
19 68 19 33 51 64 68
7 57 7 27 44 55 57
32 89 32 44 55 79 84 89
14 31 14 31
17 29 17 29
28 35 28 35
13 64 13 24 30 39 58 64
1 2 1 2
5 85 5 36 55 61 75 82 85
3 16 3 16
4 43 4 13 29 36 43
3 89 3 14 19 21 42 62 72 78 84 89
8 47 8 9 20 32 47
29 73 29 48 54 67 73
4 55 4 30 34 45 55
15 42 15 22 25 38 42
79 81 79 81
35 56 35 56
4 49 4 23 49
75 88 75 82 85 88
12 33 12 17 25 33
37 40 37 40
48 86 48 72 86
58 61 58 61
33 52 33 37 48 52
26 42 26 42
45 57 45 57
37 60 37 49 51 60
18 38 18 20 26 38
32 73 32 58 67 73
34 59 34 48 54 59
3 78 3 37 40 78
72 78 72 78
5 36 5 36
16 53 16 29 36 43 44 53
5 73 5 6 27 58 67 73
11 78 11 21 40 78
21 46 21 26 38 42 46
22 74 22 34 59 64 68 74
33 46 33 46
67 87 67 72 87
25 86 25 79 86
55 78 55 67 72 78
45 73 45 54 73
54 75 54 75
26 60 26 42 51 60
42 76 42 51 60 69 76
30 39 30 39
10 47 10 24 43 47
32 44 32 44
34 69 34 48 52 64 69
7 27 7 27
3 43 3 16 31 43
5 64 5 64
38 61 38 42 51 58 61
1 88 1 19 78 81 83 88
17 43 17 29 43
56 64 56 64
44 78 44 55 58 67 72 78
17 53 17 32 53
8 60 8 28 37 49 51 60
6 20 6 18 20
8 39 8 9 20 30 39
41 49 41 49
16 28 16 28
10 52 10 30 34 48 52
7 57 7 29 36 55 57
26 63 26 28 37 40 63
20 84 20 56 78 84
63 65 63 65
36 50 36 50
54 72 54 67 72
0 28 0 10 17 20 26 28
17 59 17 32 48 54 59
5 17 5 6 17
51 67 51 58 67
18 35 18 20 26 28 35
1 34 1 13 20 30 34
41 68 41 59 64 68
28 77 28 41 59 77
0 86 0 27 44 79 86
2 36 2 9 13 24 27 29 36
23 37 23 37
52 83 52 67 72 78 81 83
48 54 48 54
33 63 33 37 40 63
6 84 6 18 34 59 66 78 84
2 57 2 14 19 43 44 55 57
15 58 15 22 25 38 42 51 58
42 85 42 51 67 82 85
11 80 11 35 56 62 63 80
25 64 25 40 64
16 35 16 35
28 68 28 35 56 64 68
67 72 67 72
17 80 17 32 58 61 75 80
66 82 66 71 82
17 70 17 25 38 70
24 59 24 50 59
17 84 17 70 72 78 84
21 66 21 59 66
4 78 4 60 66 78
20 52 20 30 48 52
16 87 16 87
16 47 16 31 43 47
25 76 25 40 64 68 69 76
7 86 7 39 58 67 72 86
5 47 5 36 43 47
45 81 45 50 60 66 78 81
8 84 8 34 59 66 78 84
8 84 8 41 79 84
51 61 51 58 61
15 60 15 26 42 51 60
21 84 21 26 28 49 51 58 67 72 78 84
59 64 59 64
7 74 7 28 68 74
23 65 23 35 63 65
18 42 18 20 26 38 42
10 80 10 30 39 58 61 75 80
10 83 10 30 53 80 81 83
25 64 25 33 37 49 51 64
43 44 43 44
45 85 45 52 64 82 85
19 69 19 21 40 64 69
33 62 33 62
36 44 36 43 44
12 63 12 29 43 62 63
29 69 29 43 52 64 69
17 52 17 33 37 48 52
21 26 21 26
22 49 22 33 37 49
29 73 29 48 54 67 73
41 83 41 59 66 78 81 83
20 44 20 32 44
35 62 35 56 62
67 85 67 82 85
30 53 30 34 44 53
9 20 9 17 20
10 86 10 44 55 67 72 86
0 26 0 13 26
13 36 13 24 27 29 36
14 67 14 31 43 44 55 67
23 66 23 37 59 66
4 30 4 30
1 66 1 26 38 41 50 60 66
8 28 8 28
3 13 3 9 13
22 57 22 31 43 44 55 57
61 82 61 75 82
25 69 25 38 41 49 51 58 68 69
14 59 14 59
1 48 1 2 14 28 37 48
44 55 44 55
32 47 32 47
43 77 43 44 53 77
47 87 47 67 72 87
20 79 20 26 55 79
52 86 52 67 72 86
17 73 17 52 67 73
0 20 0 10 17 20
30 52 30 48 52
20 87 20 30 48 52 67 72 87
62 74 62 74
40 85 40 85
14 31 14 31
23 67 23 37 48 54 67
35 84 35 59 66 78 84
39 69 39 58 68 69
19 66 19 33 37 49 51 59 66
22 58 22 34 45 55 58
30 50 30 41 50
56 86 56 64 86
14 81 14 59 66 78 81
6 56 6 18 20 56
79 83 79 81 83
51 81 51 64 81
70 84 70 72 78 84
10 43 10 24 29 36 43
6 28 6 15 26 28
30 61 30 44 55 58 61
0 76 0 10 52 64 69 76
17 32 17 20 32
1 87 1 13 72 87
9 74 9 17 20 56 64 68 74
23 37 23 37
19 78 19 33 51 58 67 72 78
13 79 13 36 43 44 79
61 88 61 88
10 85 10 30 41 57 63 82 85
15 79 15 22 34 45 55 79
52 69 52 64 69
1 32 1 3 16 23 32
3 16 3 16
3 48 3 30 34 48
12 30 12 24 30
47 81 47 80 81
70 78 70 72 78
58 87 58 68 69 87
0 33 0 10 17 25 33
2 46 2 33 46
18 42 18 20 26 42
0 86 0 20 32 48 52 64 86
6 24 6 24
28 77 28 41 53 77
6 37 6 27 29 36 37
16 87 16 23 68 69 87
0 53 0 13 29 43 44 53
32 81 32 44 53 80 81
50 59 50 59
44 58 44 55 58
38 76 38 60 69 76
13 85 13 26 28 49 72 82 85
29 64 29 48 54 59 64
10 82 10 17 70 82
50 51 50 51
18 48 18 20 32 48
18 62 18 21 26 38 42 62
44 85 44 64 71 82 85
29 73 29 48 52 67 73
9 69 9 17 33 51 64 69
17 73 17 58 67 73
45 57 45 55 57
54 82 54 59 71 82
16 69 16 29 43 52 64 69
21 40 21 40
6 23 6 16 23
18 87 18 34 45 77 87
5 42 5 6 16 23 25 38 42
17 34 17 20 30 34
9 62 9 13 29 36 43 62
54 71 54 71
57 84 57 72 78 84
0 75 0 24 50 51 58 61 75
36 71 36 66 71
3 85 3 38 41 57 74 82 85
36 53 36 43 44 53
17 47 17 20 32 47
23 46 23 25 38 42 46
18 87 18 20 26 38 60 66 77 87
6 44 6 44
5 33 5 6 15 22 33
31 86 31 56 64 86
23 62 23 25 38 42 62
30 70 30 41 70
50 80 50 51 58 61 75 80
31 62 31 43 62
6 70 6 31 43 70
20 66 20 30 41 59 66
22 50 22 25 38 41 50
17 54 17 32 48 54
11 53 11 21 26 38 41 53
4 60 4 23 49 51 60
42 46 42 46
55 86 55 67 72 86
55 61 55 61
13 62 13 28 35 56 62
6 51 6 27 29 36 37 49 51
3 59 3 38 41 59
13 68 13 68
19 26 19 21 26
20 79 20 30 34 44 79
41 69 41 50 51 60 69
2 88 2 9 62 63 80 83 88
2 86 2 33 62 72 86
9 24 9 13 24
10 64 10 24 29 36 37 49 51 64
26 65 26 55 57 63 65
60 82 60 66 71 82
23 62 23 25 35 56 62
8 75 8 58 61 75
34 59 34 48 54 59
6 67 6 16 31 43 47 67
28 68 28 37 59 64 68
8 89 8 28 37 49 51 58 67 72 78 84 89
15 74 15 22 59 64 68 74
6 50 6 17 20 30 34 45 50
5 62 5 36 43 62
11 48 11 33 37 48
2 49 2 23 49
27 29 27 29
12 17 12 17
16 61 16 38 42 51 58 61
43 58 43 44 55 58
30 88 30 44 64 69 87 88
6 31 6 31
17 26 17 20 26
59 65 59 65
51 81 51 67 72 78 81
37 76 37 40 68 69 76
25 38 25 38
41 67 41 49 51 58 67
20 56 20 56
22 61 22 34 44 55 61
58 67 58 67
38 61 38 42 51 58 61
0 25 0 10 17 25
8 49 8 41 49
10 48 10 17 32 48
0 76 0 24 50 51 64 69 76
35 65 35 65
58 76 58 68 69 76
10 72 10 30 41 70 72
17 49 17 33 49
10 76 10 30 34 59 69 76
28 64 28 35 39 58 64
64 87 64 68 69 87
14 33 14 19 33
41 84 41 50 60 66 78 84
2 88 2 23 68 74 85 88
33 39 33 39
44 79 44 55 79
2 65 2 23 25 35 56 62 63 65
31 61 31 43 44 55 61
48 65 48 54 59 65
72 86 72 86
9 83 9 62 72 78 81 83
40 89 40 78 84 89
7 59 7 28 49 51 59
36 50 36 50
19 55 19 43 44 55
2 52 2 23 32 48 52
7 59 7 32 48 54 59
41 63 41 57 63
29 61 29 36 37 48 61
10 54 10 30 34 45 54
33 74 33 39 58 68 74
17 87 17 70 72 87
30 82 30 34 44 64 71 82
26 73 26 67 73
25 38 25 38
13 76 13 36 48 52 64 68 69 76
52 83 52 80 81 83
40 74 40 68 74
84 88 84 88
21 49 21 26 28 49
26 49 26 28 37 49
2 78 2 33 52 78
18 48 18 34 48
41 65 41 50 59 65
1 80 1 13 28 37 52 80
32 75 32 48 54 75
38 73 38 42 51 58 67 73
12 68 12 50 59 64 68
10 58 10 30 34 44 55 58
21 80 21 58 61 75 80
33 37 33 37
12 32 12 17 20 32
37 72 37 48 54 67 72
34 45 34 45
35 39 35 39
24 50 24 50
42 72 42 70 72
17 57 17 20 32 44 55 57
13 87 13 72 87
24 39 24 30 39
39 76 39 58 68 69 76
7 62 7 43 62
12 46 12 17 20 26 42 46
2 89 2 14 19 62 72 78 84 89
1 27 1 7 27
24 34 24 30 34
38 70 38 70
37 84 37 84
0 57 0 45 57
64 87 64 69 87
43 69 43 52 64 69
35 89 35 56 78 84 89
3 76 3 16 44 55 58 68 69 76
55 73 55 67 73
23 55 23 32 44 55
37 65 37 59 65
12 30 12 17 20 30
21 50 21 26 28 41 50
1 71 1 19 21 58 64 71
57 84 57 78 84
44 78 44 78
45 55 45 55
50 73 50 51 67 73
4 67 4 8 58 67
21 85 21 58 61 75 82 85
2 78 2 23 66 78
1 86 1 19 43 44 79 86
4 48 4 8 9 17 29 36 37 48
11 83 11 35 59 66 83
28 58 28 41 49 51 58
39 68 39 58 68
9 53 9 13 29 43 44 53
14 73 14 34 45 73
14 33 14 19 33
18 21 18 21
50 85 50 82 85
70 71 70 71
22 34 22 34
7 61 7 32 58 61
30 75 30 48 61 75
28 56 28 35 56
56 88 56 82 85 88
0 79 0 24 29 36 55 79
13 45 13 24 30 34 45
1 80 1 3 58 61 75 80
10 75 10 17 32 47 61 75
58 64 58 64
21 71 21 59 66 71
43 69 43 64 68 69
26 52 26 28 37 52
0 10 0 10
7 69 7 40 64 69
6 28 6 16 28
0 75 0 45 54 75
37 67 37 51 67
52 86 52 64 86
21 73 21 58 67 73
26 52 26 28 37 52
37 87 37 52 67 72 87
10 46 10 17 20 26 42 46
0 76 0 27 29 36 50 59 69 76
10 63 10 17 20 26 28 41 63
2 57 2 57
20 59 20 30 54 59
32 79 32 44 79
49 76 49 51 59 64 69 76
25 51 25 38 42 51
10 47 10 17 32 47
9 33 9 17 25 33
24 27 24 27
21 26 21 26
25 81 25 40 78 81
38 79 38 41 79
16 89 16 38 70 72 78 84 89
26 41 26 28 41
28 52 28 37 52
9 88 9 50 51 88
5 46 5 6 18 20 26 28 46
30 52 30 48 52
22 61 22 25 35 39 58 61
43 78 43 70 72 78
17 33 17 33
32 73 32 58 67 73
23 82 23 37 49 72 82
5 45 5 6 30 34 45
1 30 1 3 9 17 20 30
11 34 11 20 30 34
11 54 11 21 26 28 37 48 54
11 62 11 20 26 38 42 62
20 55 20 30 44 55
26 55 26 55
48 72 48 52 67 72
10 59 10 30 41 50 59
41 67 41 50 51 58 67
3 40 3 9 17 20 40
20 60 20 30 34 45 50 60
45 78 45 55 57 78
8 51 8 9 24 29 36 50 51
17 38 17 25 38
59 71 59 66 71
81 88 81 83 88
6 45 6 15 22 34 45
25 62 25 62
41 83 41 70 81 83
25 60 25 38 42 51 60
67 89 67 72 78 84 89
37 75 37 51 58 61 75
0 27 0 10 24 27
32 73 32 58 67 73
9 57 9 20 55 57
16 23 16 23
22 56 22 25 35 56
29 80 29 43 80
2 87 2 33 72 87
21 86 21 59 86
38 85 38 60 82 85
22 50 22 34 45 50
62 83 62 63 83
62 74 62 74
12 30 12 24 30
7 27 7 27
54 71 54 71
1 7 1 7
35 63 35 63
45 67 45 52 67
1 35 1 26 28 35
11 53 11 20 30 34 44 53
44 69 44 64 69
7 70 7 42 70
7 87 7 69 87
3 35 3 16 35
78 84 78 84
12 44 12 44
48 82 48 72 82
45 55 45 55
48 88 48 88
32 85 32 58 85
34 59 34 48 54 59
7 84 7 40 78 84
7 64 7 49 51 58 64
74 85 74 85
33 74 33 37 49 51 58 64 68 74
23 62 23 25 62
64 88 64 82 85 88
36 64 36 59 64
48 52 48 52
36 71 36 55 58 64 71
37 67 37 48 54 67
35 62 35 56 62
25 76 25 33 52 64 68 69 76
7 87 7 49 69 87
50 82 50 60 66 71 82
3 85 3 37 72 82 85
2 61 2 14 25 38 41 50 51 58 61
6 66 6 15 26 42 51 60 66
1 24 1 13 24
32 83 32 53 80 81 83
11 57 11 20 26 28 41 57
9 56 9 20 26 28 35 56
59 78 59 66 78
54 67 54 67
7 51 7 49 51
31 69 31 43 52 64 68 69
57 83 57 72 78 81 83
42 69 42 51 64 69
3 76 3 37 51 58 68 69 76
6 86 6 30 39 58 67 72 86
54 84 54 59 66 78 84
10 85 10 34 48 52 67 82 85
80 81 80 81
10 30 10 30
5 39 5 6 30 39
18 75 18 21 26 28 37 48 75
1 13 1 3 9 13
59 76 59 64 68 69 76
56 74 56 64 68 74
6 49 6 16 28 41 49
27 55 27 44 55
20 73 20 26 55 67 73
58 69 58 64 69
75 83 75 80 83
41 79 41 79
31 69 31 68 69
22 83 22 34 79 83
22 84 22 59 66 78 84
2 83 2 9 50 60 66 83
30 34 30 34
1 48 1 7 14 25 33 37 48
19 35 19 21 26 28 35
23 54 23 25 33 37 48 54
9 40 9 13 29 36 37 40
50 67 50 51 67
33 39 33 39
11 79 11 20 30 41 79
27 29 27 29
55 79 55 79
11 57 11 20 55 57
8 28 8 9 20 26 28
21 68 21 40 64 68
7 49 7 14 25 33 49
14 45 14 34 45
62 81 62 63 80 81
49 51 49 51
28 68 28 68
27 75 27 29 43 44 55 61 75
5 20 5 6 17 20
42 69 42 51 58 68 69
17 20 17 20
67 81 67 72 78 81
53 77 53 77
0 72 0 27 72
36 74 36 55 57 74
26 88 26 80 83 88
5 69 5 6 27 58 68 69
8 89 8 62 72 78 84 89
34 83 34 79 81 83
2 87 2 33 37 77 87
19 28 19 21 26 28
55 80 55 61 75 80
1 23 1 2 23
38 86 38 42 62 72 86
8 33 8 9 17 25 33
47 67 47 67
81 88 81 83 88
8 66 8 9 50 51 60 66
47 88 47 77 87 88
4 49 4 13 28 49
8 33 8 9 17 25 33
6 69 6 54 59 64 68 69
6 65 6 54 59 65
21 72 21 26 28 37 48 52 67 72
36 87 36 37 52 67 72 87
51 58 51 58
13 64 13 49 51 59 64
10 44 10 30 34 44
38 85 38 42 62 72 82 85
4 55 4 30 34 44 55
8 61 8 28 41 49 51 58 61
23 88 23 78 81 83 88
67 87 67 72 87
35 89 35 89
42 80 42 57 63 80
21 73 21 42 51 67 73
70 89 70 72 78 84 89
40 85 40 64 68 74 85
18 71 18 21 40 64 71
9 50 9 20 30 34 45 50
3 83 3 15 21 58 61 75 80 83
62 74 62 74
16 86 16 44 79 86
38 70 38 42 70
56 78 56 62 72 78
54 64 54 59 64
23 78 23 49 72 78
0 39 0 20 26 28 35 39
12 63 12 17 33 62 63
68 82 68 74 82
10 62 10 24 27 29 43 62
12 33 12 17 33
35 59 35 59
8 58 8 34 44 55 58
18 70 18 20 30 41 70
44 89 44 55 84 89
13 74 13 26 38 41 59 64 68 74
53 80 53 80
12 33 12 17 25 33
21 77 21 26 55 58 77
7 51 7 28 37 49 51
1 22 1 3 15 22
5 66 5 36 50 51 59 66
9 76 9 50 60 69 76
12 33 12 17 33
50 73 50 51 67 73
15 53 15 22 31 43 44 53
12 44 12 44
55 80 55 57 63 80
17 51 17 33 37 51
12 61 12 45 55 61
3 40 3 27 29 36 37 40
25 86 25 62 72 86
30 57 30 41 57
21 60 21 42 51 60
25 79 25 38 41 79
18 38 18 21 26 38
16 82 16 40 68 74 82
2 28 2 9 20 26 28
46 88 46 77 87 88
43 69 43 52 64 69
51 61 51 58 61
6 80 6 16 31 43 47 80
60 69 60 69
23 55 23 44 55
1 71 1 2 33 39 58 64 71
13 29 13 24 27 29
5 6 5 6
37 49 37 49
32 54 32 48 54
10 48 10 30 48
22 25 22 25
3 69 3 9 13 29 36 48 54 59 64 68 69
39 78 39 58 67 72 78
1 49 1 49
49 80 49 51 80
10 88 10 52 71 88
45 77 45 77
54 73 54 73
26 42 26 38 42
41 59 41 59
20 30 20 30
38 89 38 70 72 78 84 89
19 28 19 21 26 28
81 88 81 83 88
24 29 24 29
14 21 14 19 21
16 58 16 29 43 44 55 58
7 49 7 29 36 37 49
53 80 53 80
25 69 25 38 41 59 64 68 69
3 17 3 9 17
10 28 10 17 20 26 28
20 30 20 30
5 70 5 70
19 86 19 62 72 86
25 59 25 38 41 50 51 59
27 52 27 29 48 52
14 78 14 59 66 78
0 74 0 27 29 43 44 55 58 68 74
1 13 1 2 9 13
11 48 11 21 26 28 37 48
20 45 20 30 34 45
1 89 1 37 49 51 60 66 77 89
31 68 31 43 44 64 68
10 86 10 24 43 44 79 86
41 83 41 50 59 66 78 81 83
36 51 36 50 51
13 51 13 20 26 28 37 49 51
44 85 44 64 68 74 82 85
10 64 10 44 55 58 64
2 29 2 9 17 29
6 29 6 24 29
72 87 72 87
0 59 0 24 50 59
11 88 11 88
1 43 1 19 43
6 75 6 37 49 51 58 61 75
43 62 43 62
20 87 20 26 67 72 87
57 84 57 72 78 84
27 55 27 29 43 44 55
23 77 23 25 33 37 59 77
21 42 21 42
3 86 3 64 86
37 40 37 40
7 59 7 14 19 38 42 51 59
3 16 3 16
47 84 47 67 72 78 84
1 37 1 26 28 37
67 89 67 72 78 84 89
51 84 51 60 66 78 84
7 88 7 56 82 85 88
10 72 10 17 70 72
64 87 64 69 87
4 41 4 23 25 38 41
33 54 33 37 48 54
7 63 7 42 62 63
36 64 36 48 52 64
1 23 1 3 16 23
8 56 8 28 35 56
51 86 51 64 86
37 64 37 40 64
35 76 35 56 64 68 69 76
21 46 21 42 46
11 20 11 20
59 64 59 64
7 73 7 39 58 67 73
13 49 13 24 27 29 36 37 49
35 84 35 59 66 78 84
8 72 8 9 24 43 44 55 57 72
17 54 17 33 37 48 54
3 89 3 38 42 51 58 67 72 78 84 89
34 86 34 79 86
6 85 6 17 70 82 85
45 75 45 75
8 47 8 9 24 43 47
44 53 44 53
48 74 48 54 59 64 68 74
55 86 55 86
38 88 38 41 79 86 88
35 63 35 63
26 59 26 38 41 50 51 59
23 85 23 25 35 72 82 85
10 83 10 44 78 81 83
18 72 18 34 45 50 51 67 72
24 80 24 55 61 75 80
12 42 12 17 25 38 42
39 76 39 58 68 69 76
40 63 40 63
29 72 29 70 72
26 73 26 67 73
46 88 46 77 87 88
20 51 20 26 38 42 51
8 41 8 41
6 76 6 27 29 43 52 64 69 76
20 66 20 66
53 84 53 84
13 68 13 68
1 34 1 2 9 24 30 34
49 88 49 72 87 88
18 22 18 22
38 88 38 70 88
14 52 14 31 43 52
54 86 54 72 86
6 66 6 24 30 54 59 66
1 82 1 39 58 67 72 82
25 42 25 38 42
35 63 35 63
57 63 57 63
21 40 21 26 28 37 40
70 84 70 72 78 84
0 25 0 10 17 25
67 88 67 82 85 88
12 24 12 24
27 69 27 58 64 68 69
37 81 37 40 64 81
18 79 18 34 44 79
19 21 19 21
63 81 63 80 81
37 77 37 49 51 59 77
19 57 19 21 42 57
9 47 9 13 36 43 47
15 37 15 26 28 37
11 55 11 20 55
20 63 20 56 62 63
38 61 38 42 51 58 61
24 29 24 29
20 55 20 30 44 55
31 68 31 68
37 80 37 52 80
64 85 64 68 74 85
30 80 30 48 75 80
44 79 44 79
29 64 29 48 52 64
5 79 5 6 30 41 79
52 83 52 64 81 83
38 59 38 41 50 59
23 44 23 44
5 20 5 6 18 20
13 82 13 72 82
13 74 13 29 36 37 49 51 59 64 68 74
49 67 49 51 67
17 63 17 20 40 63
3 36 3 27 29 36
22 34 22 34
6 23 6 16 23
13 85 13 85
15 67 15 22 31 43 52 67
6 67 6 30 34 45 55 58 67
11 53 11 20 26 28 41 53
6 45 6 30 34 45
82 88 82 85 88
17 67 17 58 67
31 77 31 43 77
27 68 27 44 64 68
56 78 56 62 72 78
30 54 30 34 48 54
56 78 56 78
17 33 17 33
3 27 3 9 13 24 27
18 59 18 22 59
62 85 62 74 85
25 51 25 33 51
10 28 10 17 20 26 28
49 69 49 69
54 59 54 59
14 81 14 25 38 42 57 63 80 81
7 27 7 27
34 59 34 48 54 59
21 72 21 58 67 72
33 54 33 37 48 54
36 83 36 50 60 66 78 81 83
16 36 16 29 36
27 72 27 58 67 72
1 32 1 13 20 32
0 45 0 45
19 68 19 38 41 50 51 64 68
24 58 24 43 44 55 58
28 78 28 41 70 72 78
59 65 59 65
40 86 40 64 86
30 70 30 41 70
44 64 44 64
16 73 16 44 73
13 87 13 60 66 77 87
72 88 72 88
20 45 20 30 34 45
14 80 14 19 33 52 80
25 35 25 35
30 61 30 41 49 51 58 61
48 61 48 61
22 38 22 25 38
13 38 13 26 38
10 77 10 17 60 66 77
60 66 60 66
6 45 6 17 20 30 34 45
43 44 43 44
22 51 22 34 45 50 51
59 69 59 64 69
64 86 64 86
48 72 48 52 67 72
57 78 57 72 78
17 59 17 32 48 54 59
14 89 14 59 77 89
9 44 9 24 43 44
40 69 40 68 69
15 51 15 26 42 51
47 61 47 61
8 28 8 28
17 78 17 78
15 42 15 21 26 38 42
16 55 16 23 55
0 82 0 20 39 58 61 75 82
41 68 41 49 51 58 68
10 62 10 24 43 62
40 71 40 64 71
43 69 43 52 64 68 69
38 60 38 60
18 25 18 22 25
7 57 7 27 29 36 55 57
8 58 8 58
28 77 28 37 48 52 77
62 65 62 65
22 52 22 43 52
0 45 0 24 30 34 45
0 89 0 57 78 84 89
39 78 39 58 67 72 78
24 79 24 29 36 43 44 79
39 85 39 85
51 71 51 60 66 71
26 76 26 55 58 64 68 69 76
20 30 20 30
14 60 14 42 51 60
56 89 56 62 72 78 84 89
31 77 31 43 47 77
15 79 15 30 41 79
40 68 40 68
23 66 23 35 59 66
2 49 2 23 37 49
37 59 37 59
2 42 2 14 42
4 89 4 70 72 78 84 89
19 69 19 69
25 42 25 38 42
3 9 3 9
32 72 32 58 67 72
36 88 36 81 83 88
2 28 2 14 19 21 26 28
34 65 34 48 54 59 65
69 76 69 76
17 29 17 29
13 29 13 24 27 29
39 76 39 58 68 69 76
22 43 22 31 43
1 2 1 2
8 51 8 34 45 50 51
4 30 4 13 20 30
22 54 22 33 37 48 54
18 39 18 21 26 28 35 39
14 74 14 42 62 74
43 87 43 47 67 72 87
9 73 9 17 58 67 73
18 71 18 59 71
12 32 12 17 32
12 60 12 37 51 60
35 76 35 39 76
3 31 3 16 31
41 64 41 49 51 59 64
67 85 67 82 85
51 81 51 60 66 78 81
3 89 3 38 89
46 87 46 77 87
0 79 0 27 44 55 79
47 73 47 67 73
77 87 77 87
25 58 25 38 42 51 58
36 57 36 43 44 55 57
24 71 24 30 41 70 71
74 85 74 82 85
8 29 8 9 17 29
41 49 41 49
7 65 7 39 65
41 66 41 59 66
34 69 34 45 64 69
1 30 1 2 9 24 30
4 55 4 8 34 44 55
2 80 2 57 63 80
21 57 21 26 28 41 57
53 87 53 77 87
21 35 21 26 28 35
45 81 45 75 80 81
23 85 23 82 85
12 28 12 17 20 26 28
25 66 25 35 59 66
7 59 7 14 34 48 54 59
8 60 8 34 45 50 60
59 66 59 66
23 38 23 25 38
38 41 38 41
23 78 23 35 59 66 78
26 58 26 42 51 58
17 70 17 25 38 70
1 9 1 3 9
1 22 1 3 15 22
16 38 16 23 25 38
16 29 16 29
17 54 17 29 48 54
35 75 35 39 58 61 75
56 89 56 62 72 78 84 89
59 64 59 64
42 85 42 57 74 85
15 21 15 21
21 66 21 26 38 42 51 60 66
10 86 10 30 39 58 67 72 86
37 75 37 49 51 58 61 75
67 89 67 72 78 84 89
38 65 38 65
54 72 54 67 72
26 28 26 28
6 85 6 16 31 43 70 71 82 85
37 87 37 87
30 50 30 34 45 50
12 80 12 75 80
36 43 36 43
31 69 31 68 69
12 24 12 24
15 30 15 30
12 42 12 17 20 26 42
3 37 3 15 21 26 28 37
79 86 79 86
21 40 21 40
54 71 54 71
37 81 37 59 66 78 81
25 81 25 62 63 80 81
16 83 16 35 59 66 83
25 64 25 40 64
22 83 22 33 62 63 83
20 56 20 56
29 44 29 36 43 44
44 69 44 55 58 68 69
50 69 50 60 69
29 61 29 48 61
2 46 2 14 28 46
28 37 28 37
35 56 35 56
55 71 55 58 64 71
36 72 36 50 51 58 67 72
0 57 0 10 17 25 57
34 69 34 45 64 68 69
21 26 21 26
43 80 43 80
12 72 12 27 70 72
3 62 3 27 29 43 62
7 74 7 56 74
11 80 11 35 56 62 63 80
51 77 51 60 66 77
4 52 4 8 34 48 52
19 72 19 21 42 51 67 72
45 84 45 57 72 78 84
69 87 69 87
20 60 20 30 41 50 51 60
0 13 0 13
27 43 27 29 43
7 32 7 32
41 78 41 70 72 78
31 43 31 43
24 83 24 55 67 72 78 81 83
16 71 16 28 37 51 60 66 71
64 68 64 68
25 64 25 40 64
25 66 25 33 49 51 60 66
17 86 17 20 55 79 86
25 80 25 62 63 80
56 78 56 62 72 78
20 77 20 30 39 58 77
27 82 27 72 82
22 73 22 43 47 67 73
69 76 69 76
56 62 56 62
16 53 16 31 43 44 53
22 33 22 25 33
15 61 15 30 41 49 51 58 61
18 25 18 22 25
19 74 19 56 64 68 74
19 66 19 38 60 66
5 45 5 6 17 20 30 34 45
30 39 30 39
67 84 67 72 78 84
4 85 4 85
4 79 4 41 79
11 88 11 35 63 83 88
18 41 18 22 25 38 41
37 80 37 51 58 61 75 80
54 67 54 67
13 28 13 20 26 28
13 41 13 20 30 41
29 70 29 36 43 70
21 28 21 26 28
18 42 18 22 25 38 42
26 58 26 28 35 39 58
10 47 10 17 20 32 47
27 69 27 44 64 68 69
0 39 0 24 30 39
52 67 52 67
24 58 24 29 36 37 49 51 58
18 35 18 21 26 28 35
20 38 20 26 38
25 63 25 62 63
35 72 35 56 62 72
5 73 5 6 24 30 34 44 73
1 55 1 2 14 34 45 55
16 23 16 23
17 73 17 25 33 67 73
12 87 12 50 60 69 87
24 73 24 55 58 67 73
41 72 41 49 51 67 72
59 88 59 66 71 82 85 88
23 80 23 35 63 80
8 60 8 34 45 50 51 60
43 53 43 44 53
19 49 19 33 49
28 85 28 82 85
11 68 11 64 68
10 76 10 30 34 59 64 68 69 76
35 62 35 56 62
26 46 26 38 42 46
0 74 0 20 26 55 58 64 68 74
51 81 51 58 61 75 80 81
22 52 22 31 43 52
21 59 21 42 51 59
1 67 1 39 58 67
20 81 20 30 41 53 80 81
8 52 8 34 45 52
1 71 1 3 58 64 71
42 76 42 51 60 69 76
24 34 24 30 34
13 26 13 26
13 84 13 29 36 60 66 78 84
51 88 51 64 68 69 87 88
45 78 45 55 67 72 78
57 74 57 74
12 69 12 17 58 64 69
7 42 7 14 25 38 42
4 74 4 30 41 59 64 68 74
70 88 70 86 88
13 76 13 60 69 76
62 82 62 74 82
26 80 26 80
18 51 18 34 45 50 51
19 28 19 21 26 28
3 81 3 38 70 81
11 79 11 21 26 28 41 79
51 76 51 60 69 76
51 69 51 64 68 69
24 39 24 30 39
53 77 53 77
13 71 13 28 37 40 64 71
13 65 13 24 43 44 55 57 63 65
10 24 10 24
16 87 16 35 59 77 87
78 84 78 84
67 85 67 72 82 85
10 62 10 24 27 29 43 62
27 43 27 29 36 43
4 42 4 23 25 38 42
5 44 5 36 43 44
55 80 55 58 61 75 80
70 71 70 71
2 29 2 9 24 27 29
32 57 32 44 55 57
60 77 60 66 77
20 75 20 39 58 61 75
20 79 20 55 79
58 61 58 61
22 66 22 25 33 49 51 60 66
78 88 78 81 83 88
37 60 37 51 60
26 75 26 38 41 49 51 58 61 75
62 63 62 63
25 59 25 38 41 50 51 59
32 85 32 44 64 82 85
9 41 9 20 30 41
85 88 85 88
6 77 6 17 20 32 44 55 58 77
24 70 24 29 36 43 70
51 84 51 67 72 78 84
7 51 7 27 29 36 50 51
41 79 41 79
31 77 31 43 77
1 36 1 13 29 36
10 75 10 44 55 58 61 75
35 66 35 59 66
24 29 24 27 29
4 66 4 13 36 66
35 89 35 56 62 72 78 84 89
8 73 8 58 67 73
17 58 17 29 43 44 55 58
6 40 6 18 20 26 28 37 40
4 9 4 8 9
58 77 58 77
3 16 3 16
4 42 4 13 20 26 42
0 64 0 59 64
53 88 53 84 88
20 55 20 32 44 55
16 41 16 28 41
15 76 15 58 68 69 76
37 81 37 52 67 72 78 81
2 68 2 9 17 25 35 56 64 68
2 74 2 57 74
1 22 1 3 15 22
14 28 14 28
28 78 28 37 52 67 72 78
17 39 17 20 30 39
58 82 58 68 74 82
2 65 2 14 34 59 65
3 54 3 16 28 37 48 54
5 53 5 36 43 44 53
31 68 31 68
21 56 21 26 28 35 56
8 44 8 34 44
11 57 11 21 26 42 57
23 25 23 25
81 83 81 83
2 33 2 9 17 25 33
29 78 29 43 47 67 72 78
6 88 6 15 26 38 41 78 84 88
13 79 13 36 43 44 79
49 66 49 51 59 66
25 58 25 38 42 51 58
18 25 18 22 25
36 37 36 37
9 69 9 13 28 64 69
40 65 40 63 65
25 38 25 38
31 61 31 43 44 55 61
49 80 49 51 80
57 84 57 72 78 84
79 89 79 84 89
1 64 1 13 64
13 27 13 24 27
12 72 12 37 72
10 80 10 52 80
20 60 20 26 28 41 49 51 60
24 49 24 27 29 36 37 49
24 78 24 30 34 44 55 57 72 78
10 47 10 24 43 47
7 43 7 43
83 88 83 88
23 81 23 44 78 81
33 69 33 39 58 64 68 69
31 55 31 43 44 55
33 68 33 52 64 68
24 30 24 30
36 72 36 37 72
5 36 5 36
61 81 61 75 80 81
64 81 64 81
13 71 13 24 50 60 66 71
6 18 6 18
8 34 8 34
5 79 5 79
57 84 57 72 78 84
6 39 6 18 22 33 39
7 65 7 62 63 65
8 33 8 9 17 33
32 83 32 47 75 80 81 83
43 57 43 44 55 57
51 88 51 60 82 85 88
41 83 41 78 81 83
27 60 27 29 36 50 60
6 28 6 16 28
26 59 26 28 49 51 59
45 50 45 50
59 76 59 69 76
28 52 28 37 48 52
24 59 24 29 36 59
66 81 66 78 81
27 66 27 29 36 37 48 54 59 66
47 80 47 61 75 80
42 59 42 51 59
19 66 19 33 49 51 59 66
1 2 1 2
36 60 36 60
22 83 22 31 43 52 67 72 78 81 83
66 78 66 78
1 9 1 3 9
56 88 56 74 82 85 88
18 76 18 20 26 28 69 76
19 66 19 21 26 42 51 60 66
20 45 20 30 34 45
18 79 18 20 32 44 55 79
1 30 1 2 9 13 20 30
10 78 10 34 59 66 78
25 33 25 33
8 34 8 34
32 83 32 48 54 72 78 81 83
33 82 33 39 58 61 75 82
47 87 47 77 87
32 77 32 47 77
35 39 35 39
17 73 17 20 30 34 48 52 67 73
31 77 31 43 47 77
16 61 16 29 36 37 49 51 58 61
11 57 11 21 42 57
17 29 17 29
24 64 24 27 58 64
6 64 6 17 20 40 64
24 68 24 27 29 36 55 58 68
16 86 16 31 56 64 86
15 28 15 21 26 28
0 51 0 45 50 51
1 25 1 2 14 25
4 58 4 13 20 30 39 58
0 73 0 24 55 58 67 73
13 36 13 36
46 89 46 77 89
64 81 64 81
29 54 29 36 48 54
79 81 79 81
19 39 19 21 26 28 35 39
2 71 2 33 39 58 64 71
31 61 31 43 44 55 58 61
32 86 32 47 67 72 86
