77 89 77 89
12 77 12 37 62 63 66 77
10 67 10 17 26 67
22 66 22 31 39 41 50 51 61 66
18 65 18 63 65
2 68 2 31 39 58 68
7 22 7 15 22
50 60 50 60
44 85 44 78 85
4 85 4 74 82 85
9 59 9 13 20 54 59
9 66 9 62 63 66
12 50 12 50
22 37 22 33 37
36 49 36 37 40 49
35 69 35 56 64 68 69
64 88 64 82 87 88
80 88 80 83 88
40 72 40 62 70 72
63 82 63 82
49 72 49 51 67 72
4 30 4 8 13 14 19 26 30
10 39 10 24 33 39
10 30 10 30
19 38 19 27 34 38
14 19 14 19
11 31 11 18 22 31
79 88 79 84 88
11 35 11 35
11 54 11 21 26 28 37 48 54
23 67 23 32 47 53 58 67
16 47 16 35 41 47
25 73 25 40 43 46 49 51 67 73
44 55 44 55
18 34 18 21 26 30 34
37 84 37 48 72 78 84
63 87 63 66 77 87
61 66 61 66
16 25 16 23 25
9 37 9 13 36 37
19 43 19 21 40 43
10 85 10 52 64 71 82 85
12 70 12 37 62 70
9 38 9 20 30 34 38
12 78 12 72 78
15 61 15 22 31 39 41 47 61
38 80 38 49 72 78 80
6 36 6 18 27 29 36
21 47 21 40 43 47
28 49 28 37 49
50 61 50 51 59 61
1 28 1 7 28
12 23 12 17 20 23
20 76 20 26 55 61 64 69 76
19 78 19 38 70 72 78
44 67 44 55 58 67
6 48 6 27 29 37 48
32 59 32 53 59
33 78 33 67 72 78
20 56 20 26 28 35 56
17 84 17 55 67 78 84
75 80 75 78 80
22 50 22 33 37 50
12 41 12 26 28 35 41
6 78 6 54 67 72 78
61 86 61 83 86
59 86 59 86
26 75 26 40 42 51 61 75
34 38 34 38
44 53 44 53
36 86 36 48 75 83 86
2 60 2 9 32 44 60
22 64 22 31 56 64
42 60 42 46 49 51 60
52 82 52 78 81 82
43 65 43 46 49 51 64 65
23 63 23 44 63
6 81 6 17 70 72 78 81
30 34 30 34
46 88 46 49 59 61 75 78 80 81 82 85 88
46 87 46 77 87
15 76 15 21 40 43 44 51 59 61 64 68 69 76
36 89 36 67 78 81 83 89
27 42 27 29 36 37 40 42
43 57 43 44 55 57
47 67 47 67
13 60 13 26 42 46 49 51 60
35 76 35 59 69 76
10 41 10 34 38 41
14 52 14 34 48 52
7 89 7 41 77 89
9 41 9 24 33 39 41
18 34 18 34
0 33 0 20 23 25 33
58 69 58 68 69
32 85 32 66 78 85
54 73 54 73
41 79 41 63 79
14 79 14 21 42 57 63 79
33 74 33 39 58 64 68 74
47 81 47 61 64 80 81
2 30 2 18 20 30
28 35 28 35
5 31 5 6 31
4 59 4 30 39 41 49 59
2 56 2 14 19 20 26 28 35 56
44 68 44 53 58 61 64 68
10 47 10 24 32 47
2 78 2 14 30 41 70 72 78
31 61 31 43 46 49 51 61
22 57 22 31 39 41 57
30 66 30 39 41 59 61 66
4 66 4 30 50 58 61 66
23 64 23 35 56 64
56 85 56 74 82 85
0 33 0 10 17 20 23 25 33
4 89 4 21 59 77 89
49 77 49 77
23 49 23 25 40 49
37 78 37 59 61 66 78
46 51 46 49 51
58 74 58 68 74
10 45 10 17 20 30 34 45
26 52 26 40 43 52
26 74 26 55 57 74
11 26 11 18 20 26
1 53 1 19 43 44 53
17 55 17 29 36 37 40 43 44 55
64 82 64 69 76 82
61 68 61 64 68
34 70 34 38 41 70
34 55 34 45 55
38 49 38 42 46 49
55 87 55 63 80 81 82 87
50 82 50 60 69 76 82
41 47 41 47
64 81 64 81
9 64 9 45 52 64
0 64 0 43 46 49 51 64
45 54 45 54
9 59 9 13 48 54 59
17 60 17 32 44 60
21 43 21 26 28 35 43
54 75 54 59 61 75
39 69 39 41 50 51 64 68 69
33 59 33 37 49 51 59
4 13 4 8 9 13
27 54 27 34 48 54
42 51 42 46 49 51
9 32 9 24 32
44 86 44 64 71 83 86
6 20 6 17 20
19 41 19 20 26 30 41
13 44 13 36 43 44
55 67 55 58 67
30 41 30 39 41
4 32 4 23 32
43 65 43 65
35 74 35 39 57 74
12 29 12 27 29
21 61 21 26 38 59 61
82 88 82 85 88
29 84 29 36 55 84
6 40 6 40
9 14 9 13 14
34 65 34 65
7 64 7 64
53 64 53 59 64
37 80 37 50 64 80
55 77 55 57 63 66 77
0 47 0 24 33 39 41 47
7 33 7 33
10 46 10 24 29 43 46
29 47 29 36 43 47
0 78 0 47 61 75 78
49 86 49 59 64 71 83 86
38 85 38 60 66 71 82 85
45 84 45 52 71 84
8 42 8 40 42
18 82 18 27 52 71 82
36 84 36 67 72 78 84
33 39 33 39
52 85 52 67 78 80 81 82 85
45 76 45 50 60 69 76
32 89 32 48 52 64 80 83 89
11 27 11 18 27
27 62 27 29 36 37 62
44 60 44 51 60
20 76 20 39 58 61 64 69 76
2 63 2 9 62 63
70 78 70 72 78
38 49 38 42 46 49
19 85 19 56 74 85
3 59 3 21 42 59
41 57 41 57
50 60 50 60
75 82 75 78 81 82
4 40 4 8 28 37 40
2 58 2 13 46 49 51 58
30 64 30 48 52 64
30 39 30 39
8 75 8 33 49 59 61 75
84 89 84 89
58 85 58 64 69 76 82 85
41 61 41 47 53 58 61
34 45 34 45
36 67 36 43 44 55 67
14 19 14 19
8 37 8 13 24 29 37
21 67 21 26 40 42 46 49 51 58 67
9 53 9 20 30 44 53
0 20 0 10 17 20
6 71 6 44 51 64 71
47 58 47 53 58
0 89 0 67 72 78 84 89
54 69 54 59 61 64 69
16 75 16 28 37 51 58 61 75
3 24 3 9 24
20 34 20 26 30 34
40 77 40 51 58 77
60 69 60 69
27 79 27 29 36 48 79
33 43 33 37 40 43
1 60 1 13 16 38 41 49 51 60
14 28 14 21 26 28
26 68 26 42 59 64 68
8 9 8 9
23 85 23 68 69 76 82 85
27 41 27 34 38 41
10 71 10 24 52 64 71
68 85 68 69 76 82 85
7 48 7 25 33 37 48
23 89 23 49 72 84 89
59 64 59 61 64
32 64 32 44 53 59 61 64
20 79 20 32 44 79
54 78 54 59 66 78
8 58 8 13 48 58
57 86 57 80 81 83 86
11 26 11 20 26
7 32 7 26 30 32
10 89 10 24 27 72 78 80 83 89
29 43 29 43
24 59 24 30 34 46 49 51 59
55 83 55 58 61 75 80 81 83
11 56 11 20 56
33 54 33 37 48 54
36 47 36 37 40 43 47
37 70 37 40 42 62 70
19 82 19 21 59 69 76 82
54 88 54 59 61 66 71 83 88
8 47 8 40 43 47
30 39 30 39
10 45 10 30 34 45
8 80 8 41 67 78 80
83 89 83 89
3 54 3 14 28 37 48 54
18 46 18 27 34 46
62 79 62 63 79
22 25 22 25
16 85 16 31 69 76 82 85
2 14 2 14
39 79 39 57 63 79
28 70 28 39 41 70
9 53 9 20 30 44 53
13 60 13 60
57 83 57 83
41 83 41 50 59 64 71 83
15 33 15 22 33
11 37 11 20 26 28 37
1 30 1 19 21 26 30
14 68 14 21 26 42 59 61 64 68
44 60 44 60
27 48 27 29 37 48
67 73 67 73
58 78 58 78
79 88 79 84 88
80 83 80 83
28 70 28 37 40 43 70
19 52 19 30 34 45 52
26 50 26 28 39 41 50
12 76 12 44 61 64 69 76
7 14 7 14
25 84 25 33 78 84
30 50 30 41 50
7 45 7 26 30 34 45
13 55 13 36 55
6 18 6 18
2 54 2 13 36 48 54
49 58 49 51 58
18 49 18 19 26 30 34 38 41 49
31 81 31 56 62 63 79 81
15 30 15 26 30
53 71 53 58 64 71
17 86 17 60 78 81 83 86
17 69 17 26 55 58 64 69
8 34 8 34
33 50 33 39 41 50
43 70 43 62 70
2 87 2 60 82 87
37 50 37 50
25 65 25 61 64 65
47 67 47 67
39 84 39 58 78 84
21 54 21 26 30 48 54
5 52 5 7 14 28 35 43 52
11 76 11 18 20 59 64 68 69 76
4 77 4 60 66 77
45 50 45 50
2 72 2 72
58 85 58 68 69 76 82 85
20 68 20 54 59 64 68
3 30 3 14 21 26 30
4 72 4 13 20 72
24 86 24 64 71 83 86
0 70 0 24 33 62 70
13 45 13 14 21 26 30 34 45
2 65 2 31 56 64 65
59 85 59 71 82 85
17 51 17 25 35 41 49 51
53 58 53 58
58 84 58 67 72 78 84
50 60 50 51 60
7 32 7 32
18 30 18 21 26 30
70 88 70 71 84 88
16 75 16 29 36 50 58 61 75
37 42 37 40 42
15 65 15 25 35 56 62 63 65
44 79 44 63 79
43 64 43 44 64
32 71 32 66 71
33 54 33 37 48 54
15 56 15 22 31 56
57 84 57 78 84
14 28 14 19 21 26 28
5 63 5 6 17 29 43 44 55 57 63
21 43 21 26 40 43
16 48 16 29 36 37 48
44 75 44 55 61 75
40 88 40 51 59 69 88
28 35 28 35
22 87 22 64 68 74 82 87
21 71 21 59 61 66 71
37 42 37 40 42
43 75 43 75
45 86 45 57 72 78 80 83 86
21 59 21 59
83 88 83 86 88
3 15 3 15
43 47 43 47
17 33 17 20 23 25 33
24 79 24 34 50 79
60 66 60 66
28 68 28 49 51 61 64 68
28 35 28 35
38 67 38 42 51 58 67
20 40 20 26 28 37 40
79 89 79 84 89
16 74 16 40 43 64 68 74
52 71 52 64 71
50 78 50 51 59 61 75 78
66 77 66 77
47 72 47 53 58 67 72
14 53 14 31 43 44 53
16 87 16 23 49 77 87
7 62 7 15 21 40 62
14 79 14 34 48 79
24 51 24 34 45 50 51
34 78 34 47 61 66 78
0 54 0 20 32 48 54
25 79 25 62 63 79
62 70 62 70
32 83 32 58 61 66 78 80 81 83
58 85 58 78 85
30 84 30 49 72 78 84
42 80 42 51 59 61 75 78 80
31 39 31 39
44 85 44 64 82 85
49 77 49 77
59 75 59 61 75
27 47 27 32 47
35 47 35 43 47
3 48 3 30 32 48
34 67 34 44 51 58 67
25 39 25 33 39
7 41 7 38 41
68 85 68 69 76 82 85
49 81 49 51 64 80 81
24 62 24 29 37 40 62
3 52 3 18 27 34 48 52
15 60 15 60
7 27 7 14 19 27
1 41 1 7 26 38 41
31 49 31 39 46 49
21 41 21 26 28 39 41
9 41 9 20 39 41
43 46 43 46
15 64 15 25 38 59 61 64
13 26 13 26
8 67 8 40 42 46 49 51 67
1 86 1 78 81 83 86
16 34 16 27 34
6 62 6 18 19 33 62
8 46 8 9 24 33 37 40 43 46
49 69 49 51 59 61 64 68 69
30 79 30 41 63 79
1 7 1 7
13 87 13 24 34 59 77 87
25 60 25 35 43 44 51 60
34 81 34 45 54 72 78 81
43 52 43 52
11 25 11 18 22 25
30 61 30 53 59 61
44 68 44 64 68
14 70 14 70
59 71 59 64 71
28 51 28 49 51
26 69 26 30 54 59 69
26 56 26 28 35 56
23 70 23 55 70
9 30 9 17 20 26 30
0 55 0 43 44 55
10 36 10 17 29 36
85 88 85 88
9 14 9 13 14
29 64 29 37 51 58 64
42 57 42 57
40 80 40 49 59 66 78 80
5 67 5 6 31 39 46 49 51 67
23 86 23 25 33 39 57 83 86
8 66 8 34 59 61 66
19 85 19 43 62 74 85
21 79 21 42 62 63 79
9 62 9 62
15 71 15 22 34 47 53 59 61 64 71
10 88 10 34 48 83 88
4 61 4 13 29 36 59 61
40 71 40 42 62 63 66 71
3 32 3 21 26 30 32
72 78 72 78
21 40 21 40
10 70 10 32 44 55 70
58 75 58 61 75
40 80 40 60 78 80
30 44 30 44
43 84 43 62 70 71 84
75 80 75 78 80
63 82 63 66 71 82
19 42 19 26 38 42
4 45 4 30 34 45
47 53 47 53
0 82 0 70 72 78 81 82
7 66 7 33 49 51 61 66
17 43 17 20 23 28 37 40 43
35 72 35 39 57 72
4 59 4 8 41 49 59
30 54 30 34 54
16 29 16 27 29
38 75 38 49 51 61 75
9 39 9 39
16 28 16 23 28
38 73 38 49 51 67 73
28 85 28 82 85
55 78 55 58 67 72 78
35 63 35 56 62 63
75 83 75 78 81 83
6 50 6 16 27 41 50
10 33 10 24 33
5 49 5 7 42 46 49
52 71 52 71
15 74 15 46 49 51 61 64 68 74
9 58 9 17 25 38 41 50 58
31 79 31 56 62 63 79
30 69 30 49 51 59 64 69
9 38 9 24 27 34 38
29 87 29 75 82 87
34 64 34 45 55 61 64
12 57 12 26 30 34 38 41 57
3 25 3 16 23 25
22 62 22 33 62
18 57 18 19 26 28 41 57
7 63 7 42 57 63
29 61 29 37 40 49 59 61
29 72 29 37 50 51 67 72
31 70 31 39 41 70
26 40 26 40
34 59 34 38 41 50 51 59
26 37 26 28 37
46 83 46 49 59 61 66 78 81 83
15 64 15 25 61 64
10 85 10 52 64 69 76 82 85
6 60 6 37 51 60
57 83 57 80 83
9 71 9 50 60 66 71
59 61 59 61
13 68 13 68
37 87 37 59 77 87
36 72 36 55 58 67 72
6 70 6 15 21 26 30 41 70
12 38 12 24 34 38
45 64 45 50 51 64
27 68 27 32 53 58 64 68
12 78 12 75 78
7 88 7 69 87 88
32 86 32 44 51 67 78 81 83 86
9 62 9 13 26 40 42 62
58 87 58 67 82 87
31 56 31 56
21 67 21 26 67
31 81 31 56 78 80 81
31 89 31 56 78 84 89
30 63 30 32 44 55 63
18 55 18 27 32 44 55
19 46 19 27 29 37 40 42 46
77 89 77 89
47 73 47 53 58 73
19 55 19 33 37 40 43 44 55
0 47 0 47
2 46 2 33 46
41 77 41 50 60 66 77
32 68 32 58 68
11 59 11 21 40 42 46 49 59
26 40 26 28 37 40
34 63 34 44 63
42 87 42 59 61 64 80 81 82 87
46 49 46 49
13 83 13 26 55 79 81 83
13 83 13 29 48 52 64 80 83
32 86 32 47 75 83 86
32 78 32 53 59 61 75 78
23 88 23 66 71 84 88
34 57 34 44 55 57
7 71 7 40 51 61 64 71
6 54 6 18 21 26 30 34 45 54
53 64 53 58 61 64
0 81 0 67 72 78 81
35 79 35 41 50 79
46 84 46 49 51 58 61 66 78 84
43 73 43 52 67 73
7 51 7 41 50 51
32 51 32 51
57 80 57 80
64 88 64 80 82 87 88
37 80 37 48 72 78 80
53 82 53 59 71 82
35 72 35 72
7 47 7 33 37 40 43 47
5 73 5 30 41 67 73
39 81 39 41 53 59 66 78 81
59 86 59 71 83 86
13 85 13 64 71 82 85
37 76 37 49 51 64 69 76
25 40 25 40
33 78 33 52 78
74 87 74 82 87
26 59 26 38 49 59
58 67 58 67
40 68 40 49 59 61 64 68
26 28 26 28
0 57 0 13 26 30 39 41 57
31 70 31 43 70
22 85 22 31 56 64 68 69 76 82 85
16 28 16 23 28
39 85 39 85
9 57 9 17 32 44 55 57
43 80 43 64 80
7 35 7 25 35
54 67 54 67
23 55 23 25 35 43 44 55
70 82 70 71 82
47 89 47 77 89
19 30 19 30
79 87 79 81 82 87
2 63 2 31 43 62 63
44 81 44 55 63 80 81
21 43 21 26 40 43
27 84 27 53 59 66 71 84
11 40 11 27 29 36 37 40
3 22 3 11 18 22
46 61 46 49 51 61
41 50 41 50
40 51 40 49 51
29 80 29 79 80
8 60 8 9 20 39 46 49 51 60
56 82 56 78 80 82
45 64 45 52 64
0 37 0 17 29 36 37
25 64 25 38 42 59 64
19 26 19 26
17 81 17 70 80 81
19 30 19 20 30
23 35 23 35
5 40 5 7 14 25 40
30 64 30 50 51 64
58 61 58 61
6 37 6 21 26 28 37
53 88 53 82 85 88
24 40 24 33 37 40
81 82 81 82
20 79 20 56 62 63 79
17 34 17 20 26 30 34
48 83 48 79 83
24 51 24 33 46 49 51
9 20 9 13 14 19 20
40 52 40 43 52
31 84 31 56 78 84
51 73 51 67 73
18 65 18 63 65
46 82 46 49 51 74 82
20 51 20 49 51
30 73 30 39 58 67 73
38 47 38 41 47
63 65 63 65
21 55 21 26 30 44 55
41 61 41 59 61
6 72 6 44 53 72
40 72 40 51 58 67 72
28 73 28 46 49 51 73
4 58 4 21 58
5 33 5 7 15 25 33
21 73 21 42 51 67 73
68 69 68 69
25 83 25 40 60 66 78 80 81 83
25 63 25 57 63
25 88 25 35 69 76 82 85 88
3 16 3 9 16
34 50 34 45 50
15 86 15 60 66 83 86
34 86 34 59 61 75 83 86
11 67 11 21 26 55 58 67
32 53 32 53
6 15 6 15
55 70 55 70
69 76 69 76
8 62 8 34 38 42 62
45 68 45 54 59 64 68
34 63 34 38 42 57 63
2 61 2 18 22 31 43 47 53 58 61
16 35 16 23 35
58 72 58 67 72
33 77 33 67 77
0 80 0 27 34 45 50 60 78 80
18 73 18 19 38 49 51 58 73
19 48 19 33 37 48
82 87 82 87
10 74 10 30 49 59 64 68 74
34 83 34 45 63 79 83
41 80 41 57 63 80
10 32 10 32
46 85 46 49 69 76 82 85
8 58 8 28 39 58
30 32 30 32
22 52 22 33 52
11 86 11 33 39 46 49 72 78 81 83 86
37 72 37 49 51 67 72
24 76 24 30 53 59 69 76
40 81 40 72 78 80 81
40 49 40 42 46 49
26 81 26 67 72 78 81
26 86 26 55 61 75 83 86
3 27 3 16 24 27
14 21 14 21
4 36 4 13 16 24 27 29 36
7 51 7 39 46 49 51
75 80 75 78 80
59 83 59 66 71 83
22 31 22 31
41 80 41 57 63 79 80
51 75 51 58 61 75
12 24 12 24
6 34 6 16 27 34
52 68 52 64 68
7 40 7 27 29 37 40
75 86 75 83 86
36 60 36 50 51 60
41 65 41 47 61 64 65
61 81 61 66 78 81
5 37 5 37
43 55 43 44 55
35 89 35 89
18 61 18 59 61
0 27 0 24 27
18 46 18 34 38 42 46
42 66 42 46 49 51 58 61 66
15 74 15 25 40 42 57 74
51 82 51 58 78 80 82
26 80 26 28 64 80
19 85 19 33 64 82 85
75 89 75 80 81 83 89
10 59 10 34 47 53 59
5 74 5 33 46 49 51 74
18 76 18 76
8 54 8 33 37 48 54
38 60 38 60
34 89 34 45 63 79 80 83 89
13 80 13 36 37 50 60 78 80
55 77 55 58 67 77
29 59 29 48 54 59
28 68 28 49 59 61 64 68
83 88 83 88
5 77 5 44 61 66 77
81 82 81 82
9 29 9 13 29
21 40 21 26 28 37 40
27 52 27 29 43 52
25 71 25 57 63 66 71
24 85 24 29 57 74 85
18 61 18 20 39 41 50 51 58 61
6 77 6 77
4 36 4 13 29 36
38 62 38 42 62
35 86 35 56 64 80 81 83 86
43 57 43 44 55 57
9 26 9 17 20 26
64 89 64 80 83 89
53 84 53 72 78 84
5 63 5 25 35 41 63
13 67 13 26 38 42 46 49 51 58 67
42 83 42 46 49 72 78 81 83
53 65 53 58 61 64 65
55 79 55 79
11 32 11 21 26 30 32
34 86 34 44 63 83 86
0 67 0 43 52 67
44 87 44 51 67 72 78 81 82 87
59 61 59 61
10 85 10 24 43 70 82 85
15 76 15 46 49 69 76
8 84 8 41 63 66 71 84
37 77 37 40 51 58 67 77
37 62 37 40 43 62
58 89 58 78 84 89
51 82 51 64 71 82
43 47 43 47
35 62 35 43 62
24 83 24 29 80 83
16 34 16 24 30 34
27 43 27 29 43
6 47 6 40 43 47
15 47 15 26 28 37 40 43 47
16 29 16 27 29
4 21 4 8 13 14 19 21
41 61 41 47 53 59 61
2 77 2 63 66 77
34 73 34 47 67 73
19 26 19 21 26
62 79 62 63 79
58 78 58 78
23 79 23 57 63 79
12 28 12 17 26 28
9 41 9 39 41
48 68 48 61 64 68
36 84 36 60 66 71 84
62 74 62 74
26 58 26 40 51 58
37 78 37 52 67 78
24 88 24 77 87 88
36 71 36 50 59 71
23 59 23 25 35 41 59
12 25 12 17 20 23 25
13 63 13 14 28 41 57 63
78 86 78 81 83 86
25 70 25 38 70
5 61 5 24 43 47 61
32 64 32 47 61 64
7 34 7 15 26 30 34
64 69 64 68 69
23 63 23 37 40 62 63
39 71 39 57 63 66 71
15 65 15 30 34 46 49 51 59 61 64 65
28 82 28 68 69 76 82
29 62 29 43 62
12 69 12 60 69
41 81 41 72 78 80 81
2 25 2 9 17 25
29 81 29 43 75 80 81
31 39 31 39
30 32 30 32
38 62 38 42 62
75 81 75 78 81
21 61 21 42 46 49 51 59 61
15 81 15 25 35 63 80 81
46 84 46 49 72 84
30 66 30 32 53 58 61 66
6 37 6 17 25 33 37
66 71 66 71
27 68 27 58 64 68
35 62 35 56 62
7 71 7 26 28 64 71
79 88 79 88
62 79 62 63 79
43 70 43 44 55 70
48 52 48 52
32 48 32 48
15 58 15 22 33 39 58
0 19 0 13 14 19
17 79 17 55 57 63 79
40 85 40 64 82 85
63 87 63 80 81 82 87
4 70 4 70
33 85 33 46 49 69 76 82 85
13 57 13 14 31 43 44 55 57
1 80 1 26 42 51 80
10 78 10 44 53 59 61 75 78
34 49 34 38 49
77 87 77 87
0 31 0 13 16 31
31 49 31 39 41 49
4 30 4 8 13 26 30
9 44 9 29 37 40 43 44
7 14 7 14
16 86 16 40 43 75 80 83 86
13 36 13 16 24 27 29 36
75 86 75 83 86
2 70 2 33 62 70
20 89 20 32 83 89
11 31 11 18 22 31
10 26 10 17 20 26
3 18 3 18
15 25 15 25
51 61 51 61
38 53 38 41 47 53
9 53 9 32 53
22 59 22 31 43 47 53 59
1 76 1 49 76
12 34 12 26 30 34
2 78 2 57 78
5 77 5 6 24 54 59 61 66 77
17 26 17 20 26
27 57 27 41 57
54 59 54 59
10 24 10 24
15 45 15 26 30 34 45
38 70 38 70
13 64 13 29 43 47 61 64
11 64 11 35 39 41 59 61 64
2 89 2 33 78 81 83 89
55 57 55 57
17 69 17 26 38 42 46 49 59 64 68 69
73 88 73 88
18 37 18 27 29 36 37
52 84 52 78 84
16 50 16 23 25 33 37 50
20 30 20 26 30
54 61 54 59 61
4 58 4 8 33 51 58
0 54 0 45 54
0 81 0 43 44 53 58 78 80 81
12 87 12 50 79 80 82 87
2 54 2 18 27 34 45 54
29 75 29 48 54 59 61 75
23 81 23 55 58 64 81
35 74 35 43 44 55 61 64 68 74
52 82 52 67 72 82
23 82 23 35 63 82
84 89 84 89
17 34 17 26 30 34
42 70 42 62 70
15 76 15 22 59 64 69 76
37 87 37 87
4 37 4 8 9 13 20 23 25 33 37
51 87 51 67 78 81 82 87
67 73 67 73
38 72 38 70 72
23 80 23 57 80
12 73 12 37 48 52 67 73
18 39 18 22 25 33 39
29 87 29 36 50 64 81 82 87
36 69 36 60 69
81 83 81 83
61 68 61 64 68
56 81 56 78 81
50 84 50 67 78 84
35 67 35 43 46 49 51 67
6 72 6 44 51 58 67 72
9 57 9 39 41 57
34 89 34 54 78 84 89
6 25 6 16 23 25
6 54 6 16 28 37 48 54
3 80 3 38 59 66 78 80
23 43 23 37 40 43
46 74 46 49 51 59 61 64 68 74
59 86 59 66 71 83 86
55 61 55 61
55 76 55 58 64 69 76
17 75 17 34 55 58 61 75
11 88 11 21 40 51 61 88
32 51 32 44 51
2 57 2 31 43 44 55 57
38 50 38 41 50
70 72 70 72
13 30 13 24 30
39 49 39 41 49
21 51 21 40 51
19 48 19 26 28 37 48
15 61 15 58 61
24 48 24 30 32 48
9 13 9 13
58 66 58 61 66
34 70 34 44 55 70
21 59 21 40 43 46 49 59
30 48 30 32 48
17 84 17 58 64 71 84
51 71 51 58 61 64 71
31 50 31 39 41 50
6 89 6 71 84 89
7 33 7 14 19 33
53 87 53 59 71 82 87
27 58 27 53 58
63 71 63 66 71
13 29 13 14 19 27 29
63 66 63 66
23 75 23 37 51 59 61 75
3 64 3 21 40 51 64
7 85 7 85
1 7 1 7
18 73 18 22 31 39 41 67 73
17 54 17 34 45 54
10 30 10 30
38 85 38 63 80 81 82 85
43 73 43 52 67 73
69 87 69 76 82 87
19 72 19 43 44 55 57 72
35 71 35 63 66 71
46 77 46 77
50 51 50 51
4 63 4 21 26 42 62 63
1 43 1 37 40 43
11 26 11 21 26
26 68 26 28 35 43 52 64 68
14 52 14 30 48 52
4 36 4 13 16 29 36
17 67 17 52 67
62 66 62 63 66
7 39 7 33 39
6 18 6 18
3 58 3 11 21 40 51 58
59 89 59 71 84 89
18 82 18 72 78 81 82
37 59 37 50 51 59
21 79 21 40 43 62 63 79
27 45 27 34 45
10 79 10 24 50 79
37 51 37 40 51
21 74 21 58 68 74
40 76 40 64 68 69 76
5 37 5 33 37
6 21 6 21
61 83 61 83
12 32 12 17 26 30 32
23 32 23 32
38 77 38 59 77
23 59 23 32 48 54 59
8 36 8 13 16 27 29 36
1 41 1 2 9 20 26 30 41
42 69 42 46 49 51 60 69
2 13 2 9 13
41 53 41 53
36 65 36 59 65
17 79 17 34 50 79
24 43 24 27 29 37 40 43
1 32 1 2 13 26 30 32
31 81 31 43 64 80 81
23 32 23 32
38 84 38 42 62 63 66 78 84
28 78 28 58 78
39 89 39 58 61 66 83 89
40 74 40 62 74
38 89 38 89
2 23 2 23
5 87 5 61 64 68 74 82 87
51 80 51 60 66 78 80
3 87 3 64 69 76 82 87
57 74 57 74
9 85 9 16 24 54 72 78 85
36 49 36 43 46 49
2 63 2 57 63
16 43 16 23 28 35 43
77 87 77 87
10 33 10 17 20 23 25 33
11 36 11 18 27 29 36
3 51 3 51
35 67 35 39 58 67
11 88 11 68 74 85 88
35 66 35 41 57 63 66
30 32 30 32
34 44 34 44
18 27 18 27
51 85 51 61 75 78 85
13 32 13 26 30 32
12 89 12 24 89
0 64 0 47 61 64
28 58 28 58
12 44 12 37 40 43 44
6 70 6 18 21 42 62 70
8 67 8 9 39 58 67
3 84 3 14 30 72 78 84
49 64 49 59 61 64
5 40 5 25 40
7 43 7 40 43
44 60 44 60
7 62 7 15 21 42 62
5 83 5 6 21 42 59 71 83
63 66 63 66
11 70 11 33 37 62 70
8 40 8 13 28 37 40
0 89 0 43 80 83 89
15 21 15 21
10 20 10 17 20
10 59 10 24 32 48 54 59
1 82 1 72 82
11 56 11 18 19 56
33 74 33 49 51 74
17 69 17 25 33 52 64 69
34 70 34 45 55 70
51 68 51 61 64 68
7 58 7 27 29 37 50 51 58
2 32 2 13 20 23 32
3 21 3 21
8 68 8 34 48 61 64 68
2 25 2 18 19 20 23 25
25 61 25 40 43 44 61
4 8 4 8
16 53 16 40 43 47 53
19 26 19 21 26
30 84 30 44 55 63 66 71 84
59 68 59 64 68
32 78 32 48 54 59 61 75 78
23 42 23 37 40 42
12 29 12 17 29
45 54 45 54
17 89 17 52 67 78 80 81 83 89
82 87 82 87
37 86 37 51 61 75 80 81 83 86
39 76 39 76
48 71 48 54 59 64 71
4 77 4 77
2 13 2 13
40 44 40 43 44
13 30 13 14 21 26 30
38 50 38 41 50
5 51 5 24 33 39 41 49 51
42 66 42 59 66
40 89 40 72 78 81 83 89
10 51 10 34 38 49 51
33 48 33 37 48
12 57 12 32 44 55 57
36 55 36 37 40 43 44 55
56 78 56 62 63 66 78
35 78 35 43 47 53 59 61 66 78
24 33 24 33
1 86 1 19 33 51 67 78 80 83 86
45 84 45 61 66 71 84
41 49 41 49
41 79 41 79
22 75 22 31 39 46 49 59 61 75
25 49 25 35 41 49
52 72 52 67 72
40 63 40 42 57 63
18 77 18 27 41 66 77
30 73 30 34 50 67 73
38 60 38 60
52 64 52 64
12 32 12 17 20 26 30 32
35 62 35 56 62
25 40 25 40
17 69 17 26 42 64 68 69
26 45 26 30 34 45
8 83 8 41 59 66 71 83
30 76 30 76
44 63 44 63
2 58 2 14 21 40 42 51 58
23 38 23 25 38
18 39 18 22 31 39
37 84 37 51 58 67 78 84
26 67 26 55 67
28 35 28 35
22 49 22 43 46 49
72 80 72 78 80
63 87 63 66 77 87
57 66 57 63 66
59 83 59 66 71 83
44 55 44 55
19 49 19 26 42 46 49
6 60 6 21 42 51 60
46 61 46 49 59 61
1 48 1 37 48
12 58 12 37 40 51 58
13 20 13 14 19 20
13 44 13 28 35 43 44
46 60 46 49 51 60
83 89 83 89
48 52 48 52
9 32 9 20 32
5 79 5 79
7 53 7 26 40 43 44 53
36 73 36 55 58 67 73
4 60 4 30 34 38 42 46 49 51 60
2 74 2 33 62 74
61 64 61 64
36 67 36 43 46 49 51 58 67
21 81 21 40 60 78 81
31 53 31 43 47 53
47 83 47 67 72 78 80 81 83
78 86 78 80 81 83 86
31 83 31 56 78 80 83
28 55 28 35 43 44 55
10 58 10 24 27 58
30 65 30 50 59 64 65
44 87 44 64 69 76 82 87
54 87 54 81 82 87
4 38 4 8 9 16 27 34 38
55 83 55 58 61 64 71 83
19 59 19 30 44 53 59
19 27 19 27
33 49 33 46 49
35 74 35 59 61 64 68 74
33 88 33 52 80 82 87 88
54 75 54 59 61 75
64 82 64 81 82
25 55 25 33 37 40 43 44 55
44 73 44 53 58 73
13 31 13 16 31
27 88 27 41 50 60 69 76 82 87 88
25 57 25 57
32 83 32 58 61 75 78 80 81 83
2 85 2 9 82 85
31 89 31 43 64 80 83 89
9 30 9 17 20 30
11 27 11 27
2 87 2 23 78 80 82 87
19 87 19 27 58 78 80 82 87
51 60 51 60
17 32 17 32
26 76 26 76
42 88 42 87 88
25 71 25 38 60 66 71
34 89 34 79 80 81 83 89
24 32 24 30 32
31 87 31 39 69 87
41 72 41 72
1 59 1 2 13 46 49 59
13 28 13 20 26 28
10 50 10 24 50
55 84 55 79 84
18 34 18 19 21 26 30 34
12 28 12 17 26 28
14 30 14 19 30
27 29 27 29
38 46 38 42 46
26 64 26 28 37 49 59 61 64
38 67 38 49 51 58 67
55 58 55 58
12 84 12 84
2 59 2 14 59
80 88 80 81 83 86 88
15 74 15 22 64 68 74
23 59 23 35 59
32 66 32 51 60 66
0 19 0 13 14 19
33 80 33 52 78 80
13 33 13 24 33
59 64 59 61 64
13 87 13 48 52 67 78 81 82 87
12 58 12 37 50 51 58
8 34 8 34
3 34 3 15 21 26 30 34
24 87 24 43 80 81 82 87
38 72 38 49 51 58 67 72
84 88 84 88
56 69 56 64 68 69
5 7 5 7
6 20 6 17 20
33 46 33 39 46
20 35 20 23 35
24 52 24 27 34 48 52
26 58 26 42 51 58
29 84 29 79 84
59 64 59 64
47 84 47 67 72 84
13 44 13 26 40 43 44
43 70 43 44 55 70
77 87 77 87
8 40 8 9 16 40
80 82 80 82
5 7 5 7
76 82 76 82
27 60 27 29 36 50 60
3 60 3 38 49 51 60
13 64 13 46 49 59 64
58 64 58 61 64
47 75 47 61 75
7 71 7 43 47 53 58 61 66 71
14 41 14 28 41
40 42 40 42
79 87 79 80 81 82 87
26 74 26 38 41 59 64 68 74
19 28 19 21 26 28
25 46 25 40 43 46
22 37 22 25 33 37
10 17 10 17
36 81 36 37 59 66 78 81
18 28 18 21 26 28
56 74 56 74
32 89 32 83 89
11 27 11 27
51 60 51 60
8 40 8 40
9 23 9 20 23
9 46 9 46
7 73 7 40 51 67 73
28 55 28 35 43 44 55
23 81 23 81
14 20 14 19 20
39 87 39 58 67 78 80 81 82 87
11 56 11 18 19 56
6 47 6 21 40 43 47
14 52 14 31 43 52
32 58 32 51 58
24 50 24 50
28 77 28 77
14 55 14 34 45 55
44 64 44 55 61 64
13 33 13 20 23 25 33
66 89 66 77 89
45 80 45 70 80
10 51 10 44 51
24 86 24 27 34 47 53 58 67 72 78 81 83 86
37 75 37 59 61 75
54 81 54 80 81
22 25 22 25
60 87 60 78 80 81 82 87
33 75 33 49 51 61 75
23 47 23 28 37 40 43 47
57 86 57 78 80 81 83 86
70 88 70 71 82 87 88
43 55 43 44 55
63 80 63 80
45 80 45 75 78 80
18 30 18 19 26 30
11 52 11 21 40 43 52
20 46 20 23 35 39 46
8 85 8 58 78 81 82 85
49 77 49 77
54 86 54 71 83 86
6 55 6 44 55
21 81 21 59 64 81
64 89 64 81 83 89
22 37 22 33 37
79 86 79 80 81 83 86
10 44 10 24 43 44
7 69 7 49 59 69
61 82 61 64 69 76 82
57 89 57 80 83 89
15 47 15 30 39 41 47
33 57 33 39 57
2 86 2 18 72 78 80 83 86
60 87 60 69 87
0 77 0 57 63 66 77
44 55 44 55
4 38 4 13 14 34 38
4 44 4 23 37 40 43 44
11 56 11 18 22 25 35 56
0 67 0 67
26 42 26 38 42
17 42 17 33 37 40 42
57 89 57 83 89
47 83 47 53 72 78 80 81 83
14 19 14 19
33 37 33 37
7 58 7 14 30 39 46 49 51 58
1 55 1 26 40 43 44 55
54 71 54 71
59 82 59 66 71 82
14 84 14 70 72 78 84
33 62 33 37 62
12 77 12 44 60 66 77
8 13 8 13
3 82 3 51 74 82
44 86 44 60 66 83 86
34 38 34 38
13 39 13 16 28 39
21 57 21 40 43 44 55 57
20 54 20 26 28 37 48 54
8 78 8 34 67 78
17 79 17 25 40 62 63 79
2 32 2 14 21 26 30 32
72 78 72 78
23 62 23 28 37 62
17 54 17 34 45 54
11 44 11 20 32 44
69 88 69 76 82 85 88
59 88 59 86 88
15 45 15 22 34 45
3 64 3 64
34 80 34 44 51 67 78 80
13 62 13 24 29 36 43 62
34 89 34 46 49 51 67 78 80 83 89
10 87 10 32 47 77 87
2 81 2 60 66 78 80 81
5 72 5 33 37 52 67 72
13 72 13 49 72
67 84 67 78 84
4 56 4 23 28 35 56
8 33 8 33
25 85 25 82 85
9 82 9 82
6 25 6 17 20 23 25
3 52 3 33 37 48 52
17 34 17 34
33 88 33 46 77 88
38 63 38 42 62 63
42 69 42 51 58 68 69
5 81 5 72 78 81
34 48 34 48
10 89 10 63 83 89
25 35 25 35
1 76 1 26 38 42 51 58 61 64 69 76
20 52 20 40 43 52
44 61 44 55 61
32 48 32 48
25 69 25 64 69
12 23 12 17 20 23
13 49 13 46 49
48 52 48 52
31 87 31 43 75 78 81 82 87
30 66 30 48 58 61 66
41 69 41 49 59 64 68 69
39 76 39 58 68 69 76
57 78 57 78
0 13 0 13
29 83 29 80 83
2 76 2 33 37 59 61 64 69 76
70 81 70 80 81
61 76 61 64 69 76
40 52 40 43 52
8 30 8 13 20 30
66 81 66 78 81
13 26 13 20 26
27 60 27 34 46 49 51 60
59 77 59 61 66 77
63 89 63 66 77 89
37 58 37 48 58
46 83 46 49 51 58 61 83
46 51 46 49 51
22 37 22 25 33 37
42 87 42 57 72 82 87
30 49 30 39 41 49
9 71 9 20 66 71
72 81 72 78 81
18 35 18 21 26 28 35
45 83 45 52 83
34 64 34 47 53 59 64
34 45 34 45
2 30 2 9 16 24 30
7 84 7 33 51 67 78 84
25 50 25 33 37 50
31 81 31 43 44 81
32 88 32 71 88
3 72 3 23 32 58 67 72
4 41 4 21 26 28 41
41 66 41 59 66
31 83 31 43 80 81 83
31 85 31 39 58 78 80 81 82 85
4 68 4 68
36 65 36 48 52 64 65
46 60 46 49 51 60
26 64 26 40 51 61 64
43 78 43 75 78
58 84 58 64 71 84
12 17 12 17
24 30 24 30
23 53 23 28 35 41 47 53
1 74 1 19 27 34 38 41 68 74
55 58 55 58
42 49 42 46 49
46 66 46 49 59 66
54 73 54 73
13 46 13 20 39 46
4 74 4 40 42 46 49 51 61 64 68 74
17 54 17 26 28 37 48 54
6 81 6 16 62 72 78 80 81
34 67 34 50 51 58 67
37 42 37 40 42
52 87 52 78 81 82 87
50 84 50 79 84
32 86 32 47 80 83 86
37 86 37 59 61 64 80 83 86
58 71 58 61 66 71
4 23 4 23
0 82 0 70 80 81 82
10 63 10 34 45 57 63
6 51 6 24 33 37 40 43 44 51
31 43 31 43
56 62 56 62
21 51 21 40 42 51
24 71 24 64 71
18 35 18 20 23 35
58 69 58 68 69
27 66 27 32 48 54 59 66
68 85 68 74 85
6 68 6 18 59 64 68
6 15 6 15
35 52 35 43 52
44 68 44 61 64 68
46 68 46 49 51 64 68
36 84 36 48 61 64 71 84
11 23 11 20 23
15 80 15 46 49 72 78 80
37 68 37 40 42 64 68
40 64 40 51 61 64
1 41 1 7 26 30 39 41
26 45 26 30 34 45
26 39 26 30 39
32 70 32 44 55 70
16 48 16 23 25 33 37 48
43 75 43 46 49 51 59 61 75
14 33 14 19 20 23 25 33
30 53 30 44 53
19 56 19 26 28 35 56
4 68 4 30 41 68
37 86 37 59 66 83 86
2 24 2 9 16 24
45 73 45 55 58 73
72 83 72 78 81 83
0 10 0 10
29 80 29 75 78 80
7 84 7 14 30 49 51 61 64 71 84
52 89 52 71 84 89
5 74 5 61 64 68 74
57 89 57 80 81 83 89
41 47 41 47
7 49 7 26 30 39 46 49
53 87 53 82 87
58 73 58 73
10 42 10 24 30 34 38 42
35 86 35 72 78 80 81 83 86
10 36 10 17 29 36
14 60 14 42 46 49 51 60
33 50 33 39 41 50
0 44 0 17 26 30 34 44
14 64 14 42 46 49 59 61 64
7 45 7 14 19 30 34 45
13 85 13 74 82 85
43 49 43 46 49
7 40 7 33 37 40
14 52 14 34 45 52
22 67 22 33 67
0 71 0 45 54 71
84 89 84 89
3 72 3 9 32 51 58 67 72
10 63 10 34 55 57 63
43 69 43 47 53 58 61 64 68 69
0 82 0 47 67 72 82
24 86 24 43 75 78 81 83 86
22 60 22 60
3 39 3 23 25 33 39
35 86 35 59 61 66 83 86
16 28 16 23 28
3 37 3 23 25 33 37
63 89 63 79 84 89
41 53 41 47 53
28 69 28 41 59 61 64 68 69
3 34 3 21 26 30 34
18 89 18 22 34 38 42 59 66 78 84 89
17 80 17 58 78 80
60 80 60 78 80
25 35 25 35
33 59 33 51 59
22 25 22 25
5 33 5 24 33
56 62 56 62
6 61 6 31 43 44 61
82 85 82 85
7 88 7 69 88
6 83 6 16 62 72 78 80 81 83
13 88 13 14 34 74 85 88
29 79 29 57 63 79
12 49 12 17 29 37 40 43 46 49
35 78 35 41 78
18 30 18 20 26 30
5 61 5 61
8 28 8 9 17 20 26 28
44 75 44 53 59 61 75
29 59 29 43 47 53 59
78 84 78 84
15 63 15 26 40 43 44 55 57 63
0 17 0 10 17
17 32 17 26 30 32
56 87 56 64 69 87
16 55 16 27 34 55
31 85 31 68 74 82 85
19 78 19 26 38 49 51 59 61 75 78
18 77 18 21 58 61 66 77
23 32 23 32
41 80 41 50 51 80
57 89 57 80 81 83 89
23 71 23 66 71
3 52 3 27 29 36 37 48 52
49 65 49 59 64 65
9 69 9 60 69
25 60 25 40 42 46 49 51 60
20 40 20 40
46 68 46 49 59 61 64 68
46 85 46 49 59 64 82 85
20 34 20 26 30 34
17 88 17 33 61 75 83 88
16 29 16 24 29
81 82 81 82
19 61 19 20 23 55 61
48 68 48 52 64 68
50 79 50 79
34 44 34 44
22 34 22 34
53 82 53 80 81 82
3 50 3 11 33 37 50
2 87 2 31 56 74 82 87
4 21 4 8 13 14 19 21
44 86 44 61 64 81 83 86
40 80 40 43 64 80
5 36 5 7 27 29 36
33 85 33 67 72 82 85
56 69 56 64 69
30 44 30 34 44
19 49 19 26 28 37 49
80 83 80 81 83
14 68 14 31 56 64 68
13 48 13 24 29 48
4 13 4 13
67 73 67 73
24 43 24 27 29 37 40 43
23 76 23 44 51 59 64 69 76
45 63 45 55 63
12 60 12 44 51 60
37 44 37 40 43 44
1 16 1 13 16
17 61 17 55 58 61
18 77 18 34 47 67 77
55 81 55 63 66 78 81
35 43 35 43
10 34 10 34
8 72 8 13 72
1 32 1 7 32
33 65 33 39 57 65
58 83 58 67 72 78 81 83
3 35 3 18 22 25 35
12 20 12 17 20
7 33 7 15 22 25 33
2 14 2 13 14
27 41 27 34 38 41
19 85 19 30 32 66 71 82 85
9 71 9 17 25 61 64 71
13 55 13 28 35 43 44 55
56 64 56 64
48 80 48 58 67 78 80
19 52 19 30 48 52
33 65 33 37 59 61 64 65
44 81 44 64 81
45 52 45 52
20 73 20 49 51 58 67 73
23 74 23 68 74
19 86 19 43 47 75 83 86
34 38 34 38
28 60 28 37 49 51 60
11 46 11 21 26 30 34 38 42 46
1 18 1 2 18
19 43 19 20 26 40 43
23 80 23 32 47 53 80
79 80 79 80
33 49 33 49
15 71 15 25 33 39 57 63 66 71
19 38 19 21 26 38
31 75 31 43 46 49 51 61 75
32 70 32 44 55 70
56 71 56 64 71
16 60 16 50 60
55 58 55 58
0 44 0 43 44
36 60 36 37 50 60
53 58 53 58
38 41 38 41
55 75 55 61 75
39 66 39 57 63 66
72 81 72 78 80 81
64 68 64 68
56 69 56 64 69
50 73 50 51 73
38 41 38 41
35 65 35 43 62 65
3 49 3 15 22 25 33 49
37 86 37 51 58 78 81 83 86
13 63 13 63
7 45 7 14 30 34 45
37 80 37 48 54 75 78 80
8 21 8 9 13 14 21
72 85 72 78 81 82 85
8 80 8 62 70 80
7 22 7 15 22
19 76 19 33 61 64 68 69 76
10 88 10 32 83 86 88
44 53 44 53
9 24 9 16 24
11 56 11 35 56
8 20 8 9 20
31 39 31 39
51 82 51 61 64 80 81 82
37 87 37 48 54 78 81 82 87
9 74 9 45 50 64 68 74
44 84 44 51 67 78 84
1 26 1 2 18 19 21 26
71 88 71 83 88
33 73 33 46 49 51 67 73
19 80 19 56 78 80
34 52 34 45 52
28 39 28 39
19 20 19 20
40 60 40 49 51 60
16 76 16 50 51 64 68 69 76
24 51 24 43 44 51
40 60 40 49 51 60
29 72 29 70 72
49 87 49 51 61 66 78 80 81 82 87
57 74 57 74
44 57 44 55 57
40 55 40 43 44 55
80 85 80 81 82 85
49 73 49 51 67 73
32 71 32 53 58 61 64 71
81 87 81 82 87
29 52 29 48 52
3 13 3 9 13
46 82 46 49 76 82
7 89 7 32 44 81 83 89
60 83 60 66 78 80 83
21 66 21 26 30 34 50 51 61 66
3 31 3 16 31
17 29 17 29
17 34 17 26 30 34
39 89 39 60 78 84 89
33 69 33 51 64 68 69
13 62 13 29 37 62
24 51 24 33 49 51
59 82 59 61 64 71 82
13 39 13 28 39
8 34 8 13 20 26 30 34
29 62 29 43 62
33 72 33 46 49 72
11 76 11 18 34 47 61 64 68 69 76
12 63 12 44 63
64 76 64 69 76
10 29 10 17 29
40 60 40 49 51 60
46 77 46 49 59 66 77
18 55 18 19 30 44 55
53 83 53 72 78 81 83
30 65 30 65
9 41 9 39 41
56 62 56 62
16 23 16 23
32 70 32 44 55 70
21 81 21 42 51 60 66 78 80 81
18 72 18 19 27 53 72
13 46 13 14 30 39 46
6 83 6 30 50 67 72 78 80 81 83
26 55 26 28 37 40 43 44 55
24 40 24 27 29 37 40
18 84 18 19 20 30 44 55 57 63 66 78 84
46 66 46 49 51 60 66
81 82 81 82
34 83 34 44 51 80 83
0 27 0 13 24 27
20 73 20 26 55 58 67 73
33 46 33 46
35 52 35 43 52
4 30 4 30
5 24 5 6 16 24
16 50 16 38 41 50
19 87 19 26 42 59 71 82 87
44 86 44 64 81 83 86
36 55 36 37 40 43 44 55
60 83 60 78 80 81 83
9 16 9 13 16
30 69 30 34 50 51 59 61 64 69
35 65 35 39 46 49 59 64 65
17 26 17 26
34 66 34 55 57 63 66
13 37 13 28 37
7 61 7 27 29 36 59 61
20 57 20 23 55 57
84 88 84 88
54 67 54 67
39 63 39 41 63
34 83 34 67 72 78 80 81 83
16 69 16 38 41 47 61 64 69
25 81 25 38 70 72 78 80 81
11 46 11 27 29 36 43 46
14 72 14 25 38 41 49 51 58 67 72
1 41 1 19 26 28 35 39 41
76 82 76 82
33 62 33 62
24 59 24 54 59
27 42 27 29 36 37 40 42
47 81 47 67 72 78 81
5 36 5 24 29 36
58 78 58 78
19 56 19 21 26 28 35 56
67 84 67 72 84
52 68 52 64 68
42 51 42 46 49 51
59 84 59 64 71 84
39 71 39 58 61 66 71
35 52 35 43 52
18 77 18 20 40 42 57 63 66 77
5 34 5 24 27 34
7 41 7 15 25 35 39 41
52 67 52 67
8 31 8 9 16 31
6 62 6 62
45 69 45 50 60 69
0 77 0 20 59 66 77
55 84 55 67 78 84
6 77 6 18 59 66 77
22 42 22 33 37 40 42
13 64 13 26 30 54 59 64
43 87 43 62 63 82 87
4 84 4 60 66 78 84
71 85 71 82 85
13 36 13 14 19 27 29 36
8 33 8 33
45 71 45 50 51 60 66 71
59 85 59 71 82 85
31 86 31 56 64 80 83 86
55 77 55 58 61 66 77
1 80 1 58 67 78 80
86 88 86 88
51 64 51 64
75 80 75 78 80
25 62 25 35 43 62
16 28 16 23 28
7 33 7 33
4 85 4 41 50 59 64 69 76 82 85
9 62 9 62
4 76 4 69 76
25 44 25 33 37 40 43 44
22 67 22 33 37 50 58 67
34 70 34 38 70
43 75 43 44 61 75
9 57 9 57
15 28 15 26 28
49 85 49 51 61 75 82 85
17 84 17 60 78 84
55 83 55 79 80 81 83
10 83 10 17 58 61 83
23 33 23 25 33
62 63 62 63
82 88 82 87 88
12 41 12 41
8 80 8 41 47 61 66 78 80
52 77 52 77
5 42 5 24 29 37 40 42
12 50 12 41 50
12 28 12 26 28
53 82 53 59 61 66 71 82
30 53 30 39 41 47 53
63 81 63 79 80 81
20 57 20 39 41 57
28 79 28 35 56 62 63 79
16 43 16 40 43
19 79 19 26 38 63 79
37 60 37 51 60
30 60 30 44 51 60
28 46 28 35 43 46
3 29 3 16 24 27 29
28 41 28 39 41
79 84 79 84
25 67 25 40 49 51 58 67
75 81 75 78 81
22 43 22 43
25 64 25 33 39 41 50 59 61 64
60 86 60 78 80 83 86
36 83 36 67 72 78 81 83
33 64 33 39 58 64
8 65 8 33 62 63 65
28 68 28 49 51 58 61 64 68
34 74 34 48 58 64 68 74
3 84 3 9 20 72 78 84
28 69 28 69
16 87 16 48 75 78 81 82 87
23 35 23 25 35
51 67 51 58 67
25 69 25 40 68 69
23 53 23 28 35 43 47 53
46 67 46 49 51 58 67
40 71 40 42 59 64 71
4 71 4 41 49 59 64 71
70 80 70 72 78 80
58 68 58 68
33 55 33 37 40 43 44 55
63 78 63 66 78
41 72 41 53 72
27 57 27 32 44 55 57
50 74 50 59 61 64 68 74
44 60 44 51 60
40 62 40 62
38 89 38 42 70 81 83 89
13 36 13 24 29 36
10 32 10 24 27 32
45 73 45 73
21 89 21 70 72 84 89
19 75 19 30 53 59 61 75
30 50 30 34 45 50
36 60 36 60
32 66 32 58 61 66
9 23 9 16 23
59 82 59 66 78 80 81 82
41 47 41 47
72 80 72 78 80
30 58 30 44 51 58
67 84 67 72 78 84
33 69 33 39 69
58 73 58 73
61 66 61 66
9 56 9 17 25 35 56
8 75 8 28 41 50 51 61 75
12 45 12 24 30 34 45
33 70 33 62 70
40 52 40 43 52
22 65 22 33 62 63 65
51 83 51 61 75 78 80 81 83
34 80 34 44 61 66 78 80
9 59 9 45 54 59
3 87 3 51 64 87
11 36 11 27 29 36
8 60 8 13 60
26 81 26 55 70 81
25 56 25 35 56
20 39 20 23 28 39
79 84 79 84
1 88 1 2 14 68 69 88
30 44 30 32 44
31 73 31 43 47 53 58 67 73
45 63 45 57 63
52 68 52 64 68
31 57 31 43 44 55 57
54 69 54 59 64 69
12 38 12 27 34 38
8 67 8 41 49 51 67
12 47 12 24 32 47
13 87 13 48 75 82 87
0 17 0 10 17
4 87 4 69 76 82 87
41 66 41 53 58 61 66
4 13 4 8 13
37 44 37 40 43 44
64 89 64 81 83 89
23 39 23 35 39
40 71 40 62 63 66 71
5 7 5 7
29 70 29 70
30 72 30 53 58 67 72
8 20 8 13 20
52 84 52 78 84
28 82 28 41 63 66 78 80 82
54 64 54 59 64
5 14 5 7 14
7 29 7 27 29
3 59 3 11 33 51 59
4 79 4 41 63 79
3 59 3 27 29 48 54 59
54 67 54 67
34 53 34 47 53
6 16 6 16
44 74 44 64 68 74
19 61 19 43 44 61
40 65 40 42 46 49 51 64 65
25 55 25 33 37 40 43 44 55
47 67 47 67
14 84 14 34 54 72 78 84
1 39 1 19 20 23 25 33 39
12 34 12 27 34
35 63 35 63
46 74 46 49 59 64 68 74
24 82 24 27 32 71 82
6 54 6 18 27 29 36 48 54
24 30 24 30
18 85 18 76 82 85
4 13 4 13
49 81 49 59 64 81
1 48 1 3 37 48
5 75 5 44 53 58 61 75
41 85 41 70 81 82 85
59 65 59 65
23 33 23 25 33
23 32 23 32
8 85 8 34 81 82 85
27 58 27 58
3 38 3 15 21 26 38
9 81 9 17 33 72 78 80 81
42 64 42 64
51 85 51 64 82 85
12 47 12 24 27 32 47
27 51 27 41 50 51
14 34 14 21 26 30 34
30 68 30 44 55 58 68
8 66 8 40 63 66
6 83 6 15 26 67 72 78 80 83
24 52 24 52
31 70 31 43 44 55 70
18 34 18 20 26 30 34
7 65 7 45 64 65
22 64 22 33 64
64 87 64 69 76 82 87
4 41 4 8 33 39 41
6 73 6 31 43 47 67 73
3 85 3 27 32 66 78 85
23 65 23 28 41 50 58 61 64 65
31 56 31 56
38 62 38 42 62
6 56 6 17 25 35 56
12 17 12 17
45 71 45 63 66 71
35 63 35 43 62 63
30 72 30 72
6 72 6 27 54 67 72
15 47 15 30 39 41 47
0 34 0 24 27 34
3 35 3 16 28 35
25 67 25 40 51 58 67
26 64 26 28 64
10 79 10 30 50 79
49 77 49 51 67 77
27 79 27 44 79
36 49 36 43 46 49
28 80 28 37 51 60 78 80
42 69 42 59 69
7 42 7 40 42
58 88 58 67 73 88
5 36 5 24 27 29 36
33 52 33 37 48 52
61 82 61 64 80 81 82
26 48 26 28 37 48
36 48 36 48
3 64 3 58 64
18 32 18 20 23 32
6 88 6 80 83 86 88
8 86 8 41 63 80 81 83 86
26 59 26 28 49 59
35 82 35 41 47 75 78 81 82
7 74 7 27 53 59 61 64 68 74
0 21 0 13 14 21
25 64 25 35 59 61 64
1 13 1 2 13
12 26 12 17 20 26
35 62 35 43 62
2 13 2 13
28 87 28 82 87
4 13 4 8 9 13
79 83 79 80 83
52 71 52 64 71
26 30 26 30
36 61 36 37 51 58 61
22 51 22 43 44 51
2 77 2 23 66 77
37 40 37 40
25 46 25 40 43 46
63 78 63 66 78
13 75 13 14 21 40 49 59 61 75
20 89 20 55 79 81 83 89
6 54 6 17 34 54
9 60 9 17 51 60
23 53 23 28 35 43 47 53
20 37 20 23 37
36 74 36 43 47 53 58 64 68 74
57 63 57 63
39 65 39 65
5 36 5 7 27 29 36
17 37 17 25 33 37
20 46 20 26 42 46
6 71 6 31 56 62 70 71
38 53 38 41 47 53
46 87 46 49 59 66 71 82 87
49 81 49 51 58 61 64 81
15 46 15 46
45 61 45 61
82 87 82 87
7 43 7 14 19 20 26 28 37 40 43
20 34 20 26 30 34
53 87 53 82 87
33 61 33 49 51 59 61
56 78 56 62 70 72 78
12 34 12 27 34
42 85 42 46 49 76 82 85
8 60 8 40 60
39 79 39 57 63 79
35 78 35 39 58 78
45 81 45 75 78 80 81
40 88 40 51 61 83 88
21 35 21 26 28 35
18 89 18 19 56 64 81 83 89
33 82 33 64 68 69 76 82
62 65 62 63 65
41 78 41 49 72 78
55 87 55 67 72 78 80 81 82 87
24 83 24 50 64 81 83
2 70 2 70
67 89 67 72 78 81 83 89
11 86 11 33 62 63 66 83 86
28 58 28 35 41 53 58
61 75 61 75
16 75 16 28 41 59 61 75
21 50 21 26 38 41 50
64 87 64 68 69 87
48 72 48 52 67 72
2 37 2 14 19 27 29 37
0 78 0 70 72 78
46 88 46 88
63 79 63 79
58 82 58 67 78 80 82
15 60 15 25 40 60
25 54 25 33 37 48 54
36 69 36 55 58 61 64 68 69
72 81 72 78 80 81
32 48 32 48
25 60 25 35 41 49 51 60
29 36 29 36
17 78 17 58 61 75 78
44 79 44 55 79
1 83 1 19 33 61 66 83
28 59 28 35 41 59
72 87 72 87
64 81 64 80 81
17 54 17 25 33 37 48 54
54 77 54 59 66 77
1 61 1 58 61
18 74 18 59 61 64 68 74
62 65 62 63 65
20 71 20 71
26 74 26 68 74
11 85 11 27 72 82 85
45 59 45 54 59
33 76 33 61 64 69 76
52 86 52 86
18 22 18 22
24 73 24 55 67 73
6 88 6 79 86 88
3 52 3 9 16 40 43 52
12 33 12 17 33
13 26 13 26
12 60 12 32 51 60
19 80 19 30 32 48 52 67 78 80
60 83 60 66 71 83
17 68 17 33 49 59 64 68
18 80 18 72 78 80
44 55 44 55
33 77 33 37 48 61 66 77
39 89 39 60 66 77 89
48 72 48 52 67 72
3 54 3 30 48 54
40 82 40 82
33 80 33 64 80
6 44 6 15 22 33 37 40 43 44
4 38 4 23 25 38
5 42 5 7 28 37 40 42
26 64 26 30 34 54 59 61 64
0 71 0 27 53 59 64 71
5 75 5 24 27 44 53 59 61 75
4 61 4 41 49 59 61
7 25 7 14 25
37 46 37 40 43 46
64 86 64 80 81 83 86
71 83 71 83
7 45 7 45
13 75 13 24 54 59 61 75
8 55 8 9 29 36 43 44 55
0 85 0 52 80 81 82 85
60 89 60 66 83 89
34 74 34 50 59 64 68 74
20 71 20 59 64 71
12 58 12 27 53 58
38 50 38 41 50
21 89 21 58 67 72 78 84 89
42 65 42 62 65
5 67 5 32 44 55 67
12 86 12 44 64 86
59 66 59 61 66
2 46 2 9 13 14 25 35 39 46
7 47 7 38 41 47
48 83 48 75 80 81 83
40 53 40 43 44 53
46 87 46 49 59 77 87
1 75 1 39 58 61 75
10 30 10 24 30
23 85 23 78 80 81 82 85
7 36 7 27 29 36
21 43 21 40 43
25 88 25 82 85 88
34 67 34 48 58 67
43 65 43 65
5 31 5 7 14 31
6 40 6 40
13 55 13 29 43 44 55
42 88 42 87 88
8 33 8 13 14 25 33
13 63 13 29 57 63
14 30 14 30
51 83 51 67 72 78 81 83
9 25 9 13 14 19 20 23 25
14 31 14 31
55 75 55 61 75
2 46 2 18 21 42 46
31 69 31 43 44 53 59 64 69
33 62 33 62
29 86 29 57 72 86
23 47 23 37 40 43 47
18 77 18 27 41 59 61 66 77
24 54 24 54
73 88 73 88
15 31 15 22 31
43 60 43 44 60
27 62 27 29 36 37 40 42 62
30 44 30 44
38 70 38 70
2 42 2 13 29 37 40 42
15 85 15 58 61 66 71 82 85
25 63 25 33 39 57 63
39 81 39 58 78 80 81
58 77 58 61 66 77
36 73 36 48 54 73
28 59 28 41 49 51 59
32 53 32 53
58 66 58 61 66
22 88 22 62 74 85 88
10 52 10 24 52
40 72 40 72
45 67 45 67
57 74 57 74
1 74 1 39 46 49 59 61 64 68 74
5 71 5 33 61 64 71
59 68 59 64 68
10 42 10 24 34 38 42
25 62 25 40 42 62
58 73 58 67 73
31 62 31 56 62
26 57 26 38 41 57
6 67 6 18 21 40 43 46 49 51 67
9 29 9 13 16 29
26 37 26 28 37
77 89 77 89
43 87 43 70 71 82 87
52 83 52 80 81 83
6 72 6 30 41 72
12 62 12 17 34 38 42 62
39 87 39 87
6 57 6 24 30 34 38 42 57
7 25 7 25
42 49 42 46 49
57 74 57 74
79 83 79 83
16 89 16 23 44 51 80 81 83 89
11 58 11 20 32 53 58
55 83 55 70 71 83
33 76 33 46 49 76
53 65 53 58 61 64 65
21 68 21 59 61 64 68
30 58 30 44 51 58
2 85 2 78 85
27 81 27 52 80 81
27 86 27 58 64 86
24 59 24 30 54 59
32 68 32 51 61 64 68
7 85 7 40 63 82 85
35 61 35 59 61
12 34 12 24 34
0 55 0 43 44 55
1 38 1 26 38
18 35 18 22 25 35
40 55 40 43 44 55
9 24 9 16 24
20 30 20 30
30 34 30 34
0 87 0 20 26 38 59 69 87
63 78 63 66 78
26 60 26 40 43 44 60
46 82 46 49 76 82
72 82 72 78 81 82
13 28 13 14 28
38 72 38 42 57 72
35 84 35 39 57 78 84
54 59 54 59
27 63 27 29 36 43 44 63
3 38 3 9 16 23 25 38
19 46 19 21 40 43 46
22 33 22 33
9 25 9 13 16 23 25
27 42 27 29 37 40 42
71 83 71 83
9 66 9 62 63 66
38 70 38 70
28 49 28 41 49
39 60 39 60
32 71 32 66 71
43 47 43 47
71 88 71 83 86 88
30 45 30 34 45
37 70 37 62 70
80 82 80 81 82
4 20 4 8 9 20
14 77 14 31 56 62 63 66 77
50 68 50 59 61 64 68
18 48 18 20 23 37 48
33 53 33 39 41 53
69 85 69 76 82 85
41 66 41 49 59 61 66
35 61 35 41 50 59 61
0 82 0 43 64 71 82
21 30 21 26 30
61 83 61 66 83
2 23 2 13 16 23
29 66 29 57 63 66
31 73 31 39 58 73
8 42 8 9 29 37 40 42
55 67 55 67
4 82 4 56 62 70 82
20 26 20 26
28 73 28 37 52 67 73
47 83 47 75 78 81 83
26 85 26 55 57 78 85
18 73 18 20 26 30 53 58 67 73
11 59 11 27 29 43 47 53 59
19 72 19 30 32 47 67 72
49 67 49 51 58 67
4 80 4 30 50 79 80
11 23 11 20 23
58 85 58 78 85
28 79 28 35 56 62 63 79
40 79 40 63 79
55 69 55 58 64 69
11 75 11 58 61 75
6 26 6 18 19 21 26
7 22 7 15 22
44 57 44 55 57
14 79 14 25 79
50 59 50 51 59
26 39 26 28 35 39
25 84 25 79 84
22 57 22 43 44 55 57
11 32 11 18 27 32
46 61 46 49 59 61
14 58 14 42 51 58
83 88 83 88
22 57 22 34 45 55 57
3 88 3 18 22 85 88
7 54 7 14 25 33 37 48 54
53 72 53 58 67 72
13 28 13 14 21 26 28
25 35 25 35
12 32 12 24 30 32
34 55 34 44 55
13 88 13 68 74 82 87 88
4 76 4 69 76
2 70 2 56 62 70
33 72 33 49 72
10 32 10 32
38 62 38 42 62
2 36 2 9 17 29 36
1 82 1 49 72 78 81 82
59 77 59 66 77
23 88 23 55 84 88
2 64 2 9 39 58 64
13 14 13 14
75 82 75 80 82
19 20 19 20
30 50 30 34 45 50
22 25 22 25
5 89 5 33 67 77 89
38 75 38 59 61 75
23 35 23 35
16 82 16 24 55 79 80 81 82
20 26 20 26
24 77 24 30 53 59 61 66 77
11 68 11 68
33 43 33 37 40 43
3 24 3 9 13 16 24
7 38 7 25 38
7 56 7 15 22 31 56
3 25 3 18 19 20 23 25
13 23 13 14 19 20 23
1 53 1 39 41 47 53
4 26 4 13 26
14 66 14 31 39 57 63 66
2 85 2 23 32 58 68 69 76 82 85
15 61 15 46 49 59 61
12 74 12 41 53 59 64 68 74
13 32 13 24 32
23 81 23 35 41 47 61 64 81
3 23 3 18 20 23
37 72 37 51 67 72
75 87 75 82 87
19 79 19 62 63 79
48 82 48 79 80 81 82
50 64 50 58 64
38 70 38 70
10 58 10 34 55 58
38 80 38 63 80
63 80 63 80
7 27 7 27
51 73 51 58 67 73
28 80 28 41 57 72 78 80
29 75 29 75
33 51 33 46 49 51
51 59 51 59
32 71 32 44 55 63 66 71
21 74 21 42 57 74
28 82 28 35 69 76 82
2 57 2 13 20 23 44 55 57
27 58 27 44 55 58
6 61 6 17 33 37 51 59 61
5 23 5 7 14 19 20 23
70 86 70 72 86
14 86 14 42 64 81 83 86
6 70 6 62 70
26 38 26 38
61 76 61 64 69 76
2 56 2 18 20 56
33 69 33 39 69
2 50 2 18 34 50
37 44 37 40 43 44
51 85 51 58 78 85
16 78 16 44 61 75 78
10 33 10 17 25 33
42 59 42 59
51 82 51 67 82
10 42 10 17 33 37 40 42
9 24 9 24
26 64 26 30 54 59 64
20 23 20 23
10 36 10 17 29 36
8 42 8 9 20 26 28 37 40 42
24 79 24 43 62 63 79
46 84 46 49 72 78 84
86 88 86 88
33 53 33 39 41 53
31 39 31 39
46 51 46 49 51
28 39 28 35 39
1 38 1 2 13 20 23 25 38
38 65 38 63 65
12 47 12 29 36 37 40 43 47
37 49 37 49
20 82 20 30 34 38 42 62 72 78 80 82
17 88 17 52 71 88
11 49 11 33 49
16 43 16 27 29 43
13 80 13 36 66 78 80
23 25 23 25
0 88 0 71 82 85 88
23 28 23 28
30 69 30 50 64 68 69
25 57 25 40 43 44 55 57
6 78 6 44 60 66 78
32 85 32 44 53 58 78 80 81 82 85
24 53 24 32 47 53
79 88 79 81 82 87 88
43 84 43 44 60 78 84
23 82 23 37 76 82
1 55 1 2 13 14 34 45 55
24 59 24 27 34 45 50 59
20 32 20 23 32
42 80 42 70 72 78 80
9 39 9 17 25 35 39
10 44 10 44
25 80 25 61 64 80
35 76 35 43 44 53 59 64 68 69 76
25 44 25 35 43 44
15 31 15 22 31
1 37 1 37
22 65 22 64 65
44 81 44 63 79 80 81
23 37 23 37
24 50 24 50
24 27 24 27
25 60 25 38 41 49 51 60
55 70 55 70
6 34 6 15 22 34
33 70 33 39 41 70
12 27 12 27
3 23 3 14 19 20 23
67 84 67 78 84
37 48 37 48
32 47 32 47
48 61 48 54 59 61
29 43 29 43
50 78 50 60 66 78
51 89 51 67 78 80 83 89
33 62 33 62
3 67 3 51 67
34 86 34 46 49 51 64 71 83 86
22 85 22 59 66 71 82 85
40 71 40 63 66 71
3 22 3 15 22
2 61 2 13 16 31 39 46 49 51 59 61
14 49 14 31 43 46 49
23 77 23 66 77
5 51 5 30 44 51
40 78 40 62 70 72 78
2 74 2 14 25 57 74
7 62 7 28 37 62
5 59 5 32 47 53 59
33 46 33 39 46
45 86 45 57 86
64 88 64 81 82 85 88
17 32 17 26 30 32
6 74 6 24 32 48 58 68 74
7 84 7 84
24 30 24 30
11 21 11 21
45 52 45 52
28 70 28 39 41 70
28 72 28 41 67 72
0 57 0 27 34 44 55 57
72 80 72 78 80
34 53 34 47 53
85 88 85 88
16 38 16 24 30 34 38
44 67 44 55 67
12 20 12 17 20
51 65 51 58 64 65
50 84 50 59 61 64 71 84
13 80 13 28 78 80
38 59 38 59
21 61 21 58 61
19 21 19 21
3 31 3 9 16 31
38 65 38 49 59 61 64 65
23 84 23 57 72 84
13 77 13 49 51 60 66 77
62 79 62 63 79
21 58 21 58
11 25 11 18 19 20 23 25
25 63 25 33 62 63
30 68 30 41 68
7 40 7 40
6 40 6 15 22 33 37 40
37 40 37 40
28 85 28 35 43 44 64 80 81 82 85
2 81 2 72 78 80 81
58 87 58 61 66 71 82 87
22 66 22 60 66
11 35 11 21 26 28 35
12 20 12 17 20
17 51 17 32 44 51
59 84 59 71 84
3 27 3 9 13 24 27
19 51 19 26 38 42 46 49 51
0 27 0 10 24 27
21 68 21 59 61 64 68
14 55 14 25 35 43 44 55
52 83 52 71 83
7 51 7 26 28 39 46 49 51
26 74 26 40 62 74
25 85 25 80 81 82 85
31 50 31 39 41 50
61 85 61 75 82 85
12 57 12 45 55 57
1 7 1 7
1 13 1 2 13
10 76 10 52 64 68 69 76
3 35 3 14 25 35
52 67 52 67
19 26 19 26
51 87 51 74 82 87
21 30 21 26 30
4 33 4 23 25 33
57 65 57 63 65
32 59 32 48 54 59
25 70 25 62 70
70 78 70 72 78
57 86 57 72 86
12 60 12 44 51 60
1 18 1 2 18
54 76 54 59 61 64 69 76
5 22 5 6 18 22
36 76 36 43 46 49 76
39 85 39 76 82 85
78 84 78 84
20 76 20 54 59 61 64 68 69 76
56 85 56 62 74 82 85
55 79 55 79
14 44 14 28 35 43 44
0 70 0 17 55 70
4 26 4 8 9 20 26
9 79 9 29 79
57 80 57 78 80
33 64 33 46 49 51 64
54 72 54 72
33 85 33 64 82 85
34 50 34 45 50
30 69 30 39 58 68 69
64 76 64 69 76
8 30 8 9 13 14 30
22 33 22 33
8 45 8 9 45
16 55 16 44 55
15 22 15 22
2 70 2 14 34 45 70
34 46 34 38 42 46
24 83 24 64 81 83
6 30 6 16 24 30
68 85 68 74 85
42 69 42 51 61 64 69
9 81 9 62 72 78 80 81
15 30 15 26 30
23 42 23 25 40 42
24 71 24 32 51 59 61 64 71
50 68 50 64 68
19 38 19 27 34 38
3 67 3 15 22 31 39 58 67
44 57 44 55 57
60 86 60 78 81 83 86
22 75 22 31 39 58 61 75
9 24 9 13 16 24
31 51 31 39 46 49 51
71 83 71 83
33 37 33 37
0 71 0 27 34 47 53 59 71
33 59 33 51 59
27 47 27 32 47
25 59 25 33 46 49 51 59
3 9 3 9
5 80 5 6 80
3 14 3 9 13 14
20 74 20 54 59 64 68 74
23 41 23 28 35 39 41
7 47 7 39 41 47
43 60 43 46 49 51 60
22 43 22 31 43
18 70 18 34 44 55 70
23 77 23 55 61 66 77
36 67 36 37 40 51 58 67
5 59 5 6 17 34 59
35 57 35 39 57
51 59 51 59
49 80 49 59 64 80
49 85 49 72 78 81 82 85
30 50 30 50
11 88 11 35 39 57 86 88
5 64 5 52 64
38 60 38 49 51 60
18 42 18 27 34 38 42
63 65 63 65
13 64 13 16 35 56 64
23 55 23 55
11 54 11 21 26 28 37 48 54
39 63 39 41 57 63
60 77 60 66 77
37 50 37 50
49 51 49 51
59 71 59 66 71
38 70 38 41 70
27 52 27 34 48 52
20 30 20 26 30
27 52 27 34 48 52
14 20 14 19 20
30 65 30 49 51 61 64 65
1 55 1 2 14 28 35 43 44 55
1 41 1 26 38 41
17 84 17 52 67 72 78 84
32 71 32 58 64 71
39 84 39 57 78 84
15 65 15 46 49 51 58 61 64 65
14 66 14 34 48 54 59 66
5 32 5 7 27 32
58 88 58 64 88
20 39 20 30 39
40 47 40 43 47
52 85 52 80 81 82 85
6 37 6 27 29 37
7 73 7 39 41 53 58 73
26 53 26 38 41 53
23 87 23 66 71 82 87
3 52 3 11 33 52
60 81 60 66 78 80 81
11 57 11 33 39 41 57
52 85 52 78 80 82 85
16 73 16 24 33 52 67 73
55 70 55 70
30 80 30 49 72 78 80
20 40 20 40
78 84 78 84
40 53 40 43 47 53
41 67 41 67
50 85 50 51 74 82 85
36 65 36 37 51 58 61 64 65
15 46 15 46
14 31 14 31
44 75 44 55 61 75
59 87 59 66 78 80 82 87
12 72 12 24 50 67 72
5 23 5 7 14 19 20 23
51 85 51 85
48 88 48 83 86 88
33 37 33 37
18 82 18 27 53 58 68 74 82
26 74 26 28 68 74
9 50 9 13 26 38 41 50
45 55 45 55
17 85 17 32 71 82 85
46 83 46 49 51 60 66 83
27 45 27 34 45
1 83 1 26 40 43 52 71 83
10 29 10 17 29
0 64 0 44 64
15 69 15 26 55 58 68 69
14 88 14 30 80 81 83 88
3 53 3 14 30 34 38 41 53
1 3 1 3
7 36 7 14 19 27 29 36
44 76 44 60 69 76
78 86 78 81 83 86
61 83 61 64 81 83
41 63 41 63
11 31 11 18 22 31
6 82 6 37 49 51 67 72 82
61 86 61 75 83 86
84 89 84 89
17 52 17 32 48 52
14 34 14 30 34
10 79 10 24 50 79
48 75 48 61 75
40 71 40 60 66 71
16 36 16 24 29 36
79 88 79 80 82 87 88
57 72 57 72
58 81 58 78 80 81
52 82 52 71 82
25 85 25 35 63 79 81 82 85
54 69 54 59 64 69
8 37 8 33 37
46 88 46 49 59 66 83 88
20 34 20 26 30 34
45 80 45 70 72 78 80
6 18 6 18
32 70 32 44 55 70
6 17 6 17
58 88 58 61 64 80 82 85 88
64 86 64 80 81 83 86
9 81 9 60 66 78 81
6 30 6 24 30
21 42 21 42
57 74 57 74
42 83 42 57 78 81 83
25 38 25 38
28 87 28 87
33 39 33 39
37 77 37 51 61 66 77
40 74 40 43 47 61 64 68 74
0 67 0 47 53 58 67
1 50 1 19 20 23 35 41 50
40 60 40 49 51 60
8 45 8 34 45
4 49 4 41 49
38 75 38 42 51 61 75
41 79 41 57 63 79
37 80 37 48 79 80
18 48 18 20 32 48
28 42 28 37 40 42
61 86 61 66 78 81 83 86
16 30 16 24 30
21 61 21 40 49 51 59 61
4 45 4 13 16 24 27 34 45
22 78 22 33 78
30 68 30 53 59 61 64 68
25 55 25 40 43 44 55
43 53 43 47 53
8 9 8 9
5 80 5 33 51 58 61 75 80
13 29 13 29
54 83 54 83
18 74 18 59 64 68 74
38 63 38 41 57 63
79 81 79 81
1 72 1 37 40 42 62 70 72
18 73 18 20 55 67 73
31 84 31 43 70 72 78 84
28 62 28 37 40 42 62
18 64 18 22 59 61 64
18 57 18 27 32 44 55 57
3 53 3 38 41 47 53
1 60 1 13 14 30 50 51 60
28 73 28 58 67 73
10 36 10 17 29 36
41 86 41 50 51 64 86
42 80 42 57 63 79 80
6 72 6 44 53 58 67 72
30 48 30 34 48
20 80 20 72 78 80
14 25 14 19 20 23 25
41 63 41 57 63
19 28 19 21 26 28
50 73 50 67 73
51 86 51 61 83 86
30 75 30 53 59 61 75
28 46 28 37 40 43 46
26 83 26 30 41 53 58 78 81 83
32 79 32 48 79
2 17 2 9 17
42 73 42 51 58 73
38 67 38 41 53 58 67
57 83 57 72 78 80 83
12 26 12 17 20 26
59 61 59 61
17 20 17 20
6 70 6 21 40 42 62 70
32 63 32 44 55 57 63
19 30 19 21 26 30
35 82 35 63 66 71 82
55 75 55 61 75
41 67 41 67
55 69 55 61 64 68 69
0 13 0 13
2 47 2 23 37 40 43 47
23 49 23 25 40 42 46 49
15 40 15 22 33 37 40
72 86 72 78 80 81 83 86
24 88 24 54 86 88
5 89 5 72 78 80 81 83 89
37 46 37 40 43 46
39 65 39 65
61 74 61 64 68 74
19 85 19 78 80 81 82 85
23 62 23 25 40 62
1 86 1 13 29 79 80 81 83 86
21 67 21 58 67
17 79 17 55 63 79
26 52 26 30 32 48 52
21 50 21 26 30 50
10 60 10 30 44 60
44 72 44 53 72
53 89 53 80 81 83 89
33 41 33 39 41
28 69 28 49 51 59 64 69
45 55 45 55
32 51 32 44 51
37 84 37 48 79 84
23 74 23 35 39 41 50 64 68 74
10 57 10 30 41 57
8 75 8 13 28 41 49 51 59 61 75
17 25 17 25
45 84 45 63 66 71 84
10 24 10 24
71 85 71 82 85
0 80 0 59 64 80
73 88 73 88
16 55 16 28 37 40 43 44 55
14 61 14 28 46 49 59 61
36 72 36 55 58 67 72
79 86 79 80 81 83 86
5 71 5 52 64 71
14 25 14 25
24 86 24 71 83 86
16 35 16 35
35 43 35 43
72 81 72 78 81
9 39 9 16 31 39
26 56 26 28 35 56
34 73 34 45 67 73
16 83 16 29 70 81 83
1 89 1 49 51 58 61 64 81 83 89
5 77 5 52 77
6 31 6 31
27 65 27 54 59 65
45 75 45 61 75
11 70 11 21 26 30 32 44 55 70
1 41 1 3 21 26 38 41
33 65 33 37 51 59 64 65
78 84 78 84
74 87 74 82 87
57 72 57 72
1 76 1 49 76
56 87 56 64 82 87
46 64 46 49 59 64
74 85 74 85
36 47 36 37 40 43 47
37 58 37 40 43 44 55 58
55 79 55 79
1 74 1 7 29 43 52 64 68 74
8 53 8 9 16 29 37 40 43 47 53
34 46 34 46
60 83 60 66 78 80 81 83
62 65 62 65
66 82 66 71 82
6 47 6 37 40 43 47
30 68 30 34 38 59 61 64 68
30 48 30 32 48
54 76 54 59 64 69 76
19 49 19 43 46 49
51 89 51 64 71 84 89
16 38 16 27 34 38
26 57 26 55 57
3 54 3 9 17 26 30 48 54
22 31 22 31
9 23 9 20 23
13 88 13 72 86 88
15 53 15 21 26 28 41 53
7 73 7 43 44 73
6 24 6 24
54 71 54 59 61 66 71
12 55 12 17 34 55
23 28 23 28
7 51 7 14 28 46 49 51
12 89 12 29 75 78 84 89
12 77 12 32 58 61 66 77
2 24 2 13 16 24
27 88 27 32 48 72 78 81 82 85 88
2 89 2 57 78 81 83 89
13 24 13 24
30 57 30 39 41 57
2 82 2 9 82
35 64 35 59 61 64
18 38 18 19 27 34 38
38 65 38 41 59 61 64 65
24 30 24 30
23 79 23 37 48 79
26 86 26 55 57 72 78 81 83 86
38 87 38 42 59 71 82 87
58 67 58 67
38 72 38 42 51 58 67 72
5 24 5 24
24 52 24 29 37 40 43 52
40 60 40 51 60
29 87 29 43 64 82 87
9 56 9 17 26 28 35 56
62 70 62 70
40 81 40 78 81
64 65 64 65
34 66 34 59 61 66
6 21 6 18 19 21
0 34 0 20 30 34
57 89 57 72 84 89
18 75 18 21 42 46 49 59 61 75
6 79 6 21 26 40 62 63 79
34 41 34 38 41
26 62 26 42 62
16 60 16 28 39 60
0 49 0 20 39 46 49
40 42 40 42
50 82 50 79 80 82
35 62 35 43 62
74 87 74 82 87
24 62 24 30 34 38 42 62
14 78 14 31 39 60 78
12 49 12 26 30 41 49
59 75 59 61 75
46 51 46 49 51
4 59 4 23 25 33 49 59
64 65 64 65
6 24 6 24
6 37 6 18 21 26 28 37
40 55 40 43 44 55
6 61 6 30 39 58 61
2 59 2 9 45 50 51 59
42 62 42 62
40 47 40 43 47
3 76 3 9 13 48 52 64 69 76
44 60 44 51 60
57 80 57 63 80
29 62 29 37 40 42 62
4 49 4 13 29 43 46 49
19 59 19 20 26 28 35 43 46 49 59
79 81 79 81
3 59 3 18 20 23 25 40 43 44 53 59
10 74 10 58 68 74
55 83 55 67 78 81 83
64 71 64 71
46 77 46 77
19 79 19 62 63 79
55 63 55 63
12 23 12 17 20 23
48 75 48 58 61 75
37 52 37 40 43 52
38 84 38 70 71 84
54 75 54 75
10 52 10 34 48 52
13 33 13 16 23 25 33
12 72 12 27 41 72
20 32 20 26 30 32
18 57 18 20 26 38 41 57
1 2 1 2
25 79 25 79
39 81 39 57 72 78 81
22 59 22 59
55 87 55 57 80 81 82 87
12 49 12 24 34 46 49
5 73 5 52 67 73
48 66 48 58 61 66
51 81 51 58 61 66 78 81
60 69 60 69
35 89 35 59 77 89
32 44 32 44
15 52 15 21 26 28 37 40 43 52
66 83 66 71 83
18 89 18 34 48 54 81 83 89
8 9 8 9
44 72 44 55 58 67 72
28 73 28 37 48 58 73
5 25 5 7 14 25
33 54 33 37 48 54
5 79 5 24 33 37 50 79
41 70 41 70
22 67 22 25 33 49 51 67
55 61 55 58 61
47 85 47 67 78 81 82 85
11 38 11 27 34 38
24 54 24 30 34 48 54
16 35 16 28 35
12 23 12 17 20 23
77 88 77 88
58 85 58 67 82 85
38 84 38 63 66 78 84
6 58 6 18 19 30 48 58
59 69 59 64 69
12 74 12 57 74
0 49 0 43 46 49
17 79 17 32 48 79
75 88 75 82 85 88
36 85 36 59 71 82 85
19 55 19 20 55
24 59 24 27 32 48 54 59
26 77 26 42 59 61 66 77
30 32 30 32
49 81 49 51 64 80 81
3 35 3 9 17 26 28 35
10 57 10 32 44 55 57
15 64 15 22 43 64
58 68 58 64 68
64 80 64 80
14 52 14 19 43 52
41 83 41 78 80 83
7 70 7 14 34 38 41 70
3 87 3 87
23 82 23 55 58 61 66 78 80 82
51 67 51 58 67
5 44 5 7 43 44
23 81 23 35 59 66 78 80 81
11 20 11 18 19 20
12 71 12 17 52 64 71
4 32 4 8 13 24 27 32
18 34 18 34
9 85 9 17 52 67 72 82 85
62 77 62 63 66 77
8 75 8 58 61 75
23 33 23 25 33
17 54 17 29 36 48 54
15 74 15 30 50 58 64 68 74
67 82 67 72 82
10 48 10 34 48
17 54 17 32 48 54
8 66 8 58 61 66
42 57 42 57
2 65 2 63 65
33 81 33 64 81
19 79 19 62 63 79
28 41 28 35 39 41
43 49 43 46 49
42 65 42 57 63 65
29 81 29 75 80 81
48 61 48 54 59 61
22 86 22 25 80 83 86
3 11 3 11
56 69 56 64 68 69
26 39 26 28 39
4 33 4 23 25 33
44 60 44 60
18 64 18 20 23 35 43 46 49 59 64
24 81 24 54 80 81
69 82 69 76 82
41 65 41 53 59 65
47 89 47 77 89
11 76 11 20 26 42 46 49 51 60 69 76
27 41 27 41
20 68 20 32 48 52 64 68
40 51 40 51
18 73 18 34 54 73
12 29 12 24 27 29
25 56 25 35 56
5 81 5 64 81
19 48 19 26 30 34 48
32 86 32 83 86
9 30 9 20 30
27 84 27 53 59 71 84
17 58 17 32 44 55 58
23 42 23 25 33 37 40 42
60 76 60 69 76
58 75 58 61 75
35 63 35 41 57 63
15 81 15 21 40 60 66 78 80 81
20 55 20 23 37 40 43 44 55
34 81 34 59 64 80 81
61 85 61 75 78 85
37 62 37 40 62
44 64 44 64
33 69 33 39 46 49 69
11 67 11 18 34 67
53 59 53 59
11 33 11 20 23 25 33
52 77 52 67 77
15 56 15 22 31 56
29 47 29 37 40 43 47
39 63 39 41 63
29 69 29 48 61 64 69
41 77 41 66 77
15 41 15 25 33 39 41
30 69 30 34 45 50 58 68 69
32 52 32 48 52
6 79 6 18 34 79
33 69 33 52 64 69
20 66 20 26 30 44 63 66
21 50 21 26 38 41 50
34 59 34 45 54 59
18 28 18 21 26 28
35 57 35 39 57
3 18 3 11 18
52 83 52 78 80 81 83
54 72 54 67 72
8 19 8 9 13 14 19
25 55 25 33 37 40 43 44 55
5 64 5 36 43 44 51 59 64
43 77 43 62 63 66 77
52 84 52 78 84
19 59 19 21 42 51 59
35 66 35 41 59 61 66
20 68 20 32 58 61 64 68
12 60 12 29 36 60
6 89 6 30 54 80 83 89
9 62 9 13 24 43 62
24 29 24 27 29
45 67 45 67
34 86 34 79 81 83 86
41 79 41 57 63 79
10 67 10 44 53 58 67
14 21 14 19 21
31 43 31 43
5 63 5 33 37 40 42 57 63
26 83 26 80 81 83
18 27 18 19 27
22 45 22 34 45
17 20 17 20
33 43 33 37 40 43
66 78 66 78
41 69 41 49 59 61 64 68 69
3 29 3 14 19 27 29
67 72 67 72
1 58 1 39 58
10 47 10 17 33 39 41 47
11 88 11 33 61 66 71 88
12 34 12 17 20 30 34
2 74 2 57 74
14 21 14 21
2 38 2 18 21 26 30 34 38
78 86 78 81 83 86
74 82 74 82
7 57 7 43 44 55 57
16 80 16 50 67 78 80
0 78 0 57 72 78
35 39 35 39
12 74 12 27 53 58 64 68 74
43 52 43 52
37 77 37 77
45 52 45 52
55 69 55 61 64 68 69
9 56 9 17 25 35 56
18 82 18 22 34 44 64 71 82
83 89 83 89
45 50 45 50
64 88 64 81 82 87 88
62 77 62 63 66 77
30 48 30 48
59 66 59 61 66
26 83 26 38 49 51 80 81 83
51 58 51 58
24 64 24 27 54 59 61 64
16 35 16 35
34 66 34 44 51 58 61 66
37 87 37 50 58 78 80 81 82 87
19 74 19 56 64 68 74
19 44 19 20 40 43 44
41 70 41 70
8 72 8 41 70 72
56 85 56 78 80 82 85
33 82 33 49 69 76 82
12 47 12 37 40 43 47
40 64 40 42 46 49 59 61 64
20 77 20 30 44 51 58 61 66 77
0 30 0 24 30
9 37 9 13 29 37
23 74 23 55 58 61 64 68 74
3 54 3 9 45 54
30 76 30 41 68 69 76
43 53 43 47 53
16 55 16 31 43 44 55
37 50 37 50
60 80 60 78 80
11 25 11 18 22 25
72 87 72 87
41 57 41 57
7 62 7 15 25 38 42 62
28 68 28 58 68
18 20 18 19 20
19 62 19 62
21 26 21 26
3 21 3 15 21
20 82 20 72 82
33 76 33 61 64 69 76
19 43 19 21 40 43
4 33 4 8 33
43 68 43 44 51 61 64 68
60 87 60 82 87
2 14 2 14
19 72 19 27 72
47 80 47 80
8 84 8 58 67 78 84
51 68 51 64 68
34 79 34 48 79
24 33 24 33
42 85 42 46 49 72 78 85
71 88 71 88
6 44 6 21 26 28 35 43 44
27 65 27 65
51 60 51 60
3 76 3 14 25 35 76
3 13 3 9 13
52 78 52 67 72 78
5 59 5 7 43 46 49 59
72 88 72 86 88
62 80 62 72 78 80
37 68 37 59 64 68
16 29 16 27 29
32 51 32 51
72 88 72 78 81 82 87 88
3 88 3 23 68 74 82 85 88
15 65 15 22 34 54 59 61 64 65
27 72 27 52 67 72
23 33 23 25 33
1 74 1 37 51 64 68 74
72 88 72 86 88
38 60 38 41 50 51 60
33 52 33 52
34 79 34 38 41 63 79
30 50 30 41 50
3 56 3 16 31 56
23 71 23 55 63 66 71
11 65 11 33 51 58 61 64 65
64 80 64 80
9 45 9 45
40 52 40 43 52
13 55 13 28 37 40 43 44 55
28 87 28 87
30 64 30 44 55 61 64
14 44 14 25 40 43 44
24 32 24 32
16 35 16 35
25 33 25 33
2 54 2 18 20 26 28 37 48 54
20 55 20 55
19 20 19 20
12 56 12 17 26 28 35 56
22 49 22 33 39 46 49
58 76 58 68 69 76
10 34 10 17 26 30 34
41 57 41 57
4 54 4 21 26 30 34 45 54
64 87 64 87
4 25 4 23 25
20 85 20 54 71 82 85
35 39 35 39
19 34 19 20 26 30 34
16 81 16 48 72 78 81
19 43 19 26 40 43
29 62 29 36 37 62
21 79 21 26 38 63 79
8 84 8 62 72 78 84
23 44 23 25 33 37 40 43 44
13 86 13 26 40 72 78 81 83 86
9 56 9 13 26 28 35 56
26 45 26 30 34 45
24 33 24 33
53 64 53 58 64
11 18 11 18
40 68 40 42 46 49 59 61 64 68
18 32 18 19 26 30 32
12 78 12 26 67 72 78
12 55 12 29 37 40 43 44 55
17 32 17 26 30 32
6 15 6 15
58 69 58 68 69
11 51 11 27 29 37 40 43 44 51
40 86 40 49 59 61 64 81 83 86
44 61 44 53 58 61
25 85 25 82 85
1 35 1 19 21 26 28 35
19 48 19 33 37 48
17 88 17 55 63 82 85 88
2 87 2 63 79 81 82 87
9 45 9 16 24 30 34 45
28 62 28 35 56 62
21 42 21 40 42
40 52 40 43 52
70 88 70 81 82 87 88
71 82 71 82
9 29 9 29
5 36 5 6 27 29 36
80 89 80 83 89
40 82 40 72 82
6 47 6 40 43 47
22 57 22 33 37 40 42 57
15 28 15 21 26 28
59 89 59 61 66 71 83 89
8 43 8 13 36 43
21 89 21 70 80 83 89
25 56 25 35 56
23 65 23 55 61 64 65
18 51 18 19 43 46 49 51
37 86 37 40 51 80 81 83 86
47 81 47 67 78 80 81
23 76 23 49 59 64 69 76
15 31 15 22 31
0 55 0 13 36 55
41 49 41 49
15 64 15 30 41 59 61 64
46 67 46 49 51 58 67
31 49 31 43 46 49
44 60 44 51 60
53 86 53 58 61 66 71 83 86
56 69 56 64 68 69
33 62 33 62
35 64 35 39 46 49 59 64
71 84 71 84
52 85 52 67 72 78 81 82 85
34 47 34 38 41 47
46 84 46 49 59 71 84
21 61 21 40 49 51 58 61
13 77 13 46 49 59 61 66 77
21 65 21 42 46 49 59 64 65
53 89 53 80 83 89
30 48 30 48
21 50 21 26 38 41 50
25 39 25 33 39
11 88 11 68 69 76 82 85 88
2 31 2 9 13 14 31
1 59 1 26 30 41 49 51 59
3 35 3 18 22 25 35
41 63 41 57 63
23 63 23 35 43 44 55 57 63
40 47 40 43 47
44 68 44 51 59 61 64 68
11 33 11 20 23 25 33
70 88 70 88
36 80 36 43 80
45 84 45 67 78 84
32 51 32 51
13 85 13 72 82 85
62 66 62 63 66
52 86 52 78 81 83 86
61 88 61 64 82 85 88
49 69 49 51 58 64 69
41 86 41 59 86
37 77 37 49 51 60 66 77
31 89 31 56 62 70 81 83 89
52 85 52 80 81 82 85
36 65 36 55 57 65
14 31 14 31
2 17 2 9 17
12 74 12 45 50 64 68 74
2 13 2 13
51 86 51 80 83 86
20 77 20 39 41 49 77
35 76 35 43 44 64 68 69 76
16 83 16 27 34 48 72 78 81 83
67 72 67 72
26 59 26 28 39 46 49 59
4 70 4 23 55 70
28 82 28 64 80 82
3 51 3 51
47 75 47 75
8 84 8 62 70 71 84
9 14 9 13 14
66 83 66 83
18 22 18 22
28 49 28 37 40 43 46 49
17 39 17 25 35 39
32 66 32 66
39 58 39 41 49 51 58
41 78 41 47 61 75 78
25 79 25 40 63 79
24 29 24 29
6 37 6 17 25 33 37
8 19 8 13 14 19
35 59 35 41 49 51 59
79 88 79 84 88
3 85 3 82 85
6 29 6 16 29
54 78 54 72 78
5 67 5 30 32 44 55 58 67
34 86 34 46 49 72 86
5 15 5 7 15
0 37 0 24 27 29 37
51 80 51 59 61 75 80
0 46 0 13 16 35 43 46
16 44 16 24 29 43 44
18 55 18 19 26 28 37 40 43 44 55
8 86 8 41 57 78 80 83 86
5 64 5 30 34 45 61 64
56 84 56 64 71 84
19 72 19 26 40 43 46 49 72
58 78 58 67 72 78
17 29 17 29
26 84 26 40 62 70 72 78 84
52 80 52 64 80
1 26 1 26
0 57 0 24 43 44 55 57
14 64 14 21 26 38 42 59 61 64
6 86 6 37 40 49 59 64 80 81 83 86
17 42 17 34 38 42
8 36 8 13 29 36
63 89 63 80 83 89
41 80 41 47 61 66 78 80
43 60 43 44 51 60
34 49 34 38 49
34 45 34 45
36 55 36 37 40 43 44 55
6 24 6 24
8 66 8 9 13 63 66
34 59 34 44 51 59
53 58 53 58
24 32 24 32
33 75 33 46 49 59 61 75
21 82 21 70 71 82
29 62 29 37 40 43 62
37 68 37 51 64 68
75 89 75 83 89
27 40 27 29 36 37 40
19 51 19 30 39 46 49 51
69 76 69 76
54 87 54 81 82 87
70 81 70 80 81
55 84 55 70 71 84
39 79 39 57 63 79
10 79 10 63 79
42 66 42 46 49 59 66
14 68 14 19 38 42 51 59 64 68
26 88 26 55 84 88
46 49 46 49
8 68 8 34 47 61 64 68
30 64 30 34 48 61 64
20 76 20 59 61 64 69 76
4 66 4 23 37 51 59 61 66
70 72 70 72
56 85 56 82 85
47 53 47 53
51 58 51 58
21 49 21 40 42 46 49
17 67 17 32 48 58 67
52 67 52 67
39 41 39 41
45 81 45 64 80 81
42 82 42 62 63 82
41 53 41 53
43 87 43 77 87
38 59 38 42 46 49 59
43 86 43 46 49 51 64 80 83 86
56 78 56 62 72 78
19 21 19 21
31 50 31 39 41 50
42 80 42 51 59 61 64 80
18 31 18 22 31
1 72 1 72
17 37 17 29 36 37
19 71 19 20 30 54 59 71
27 57 27 29 57
0 89 0 47 80 83 89
0 45 0 13 14 30 34 45
12 17 12 17
66 77 66 77
40 60 40 60
6 73 6 30 50 51 67 73
0 55 0 45 55
20 73 20 23 32 58 67 73
16 50 16 38 41 50
22 73 22 33 37 50 58 73
12 72 12 45 52 67 72
30 68 30 44 64 68
5 23 5 7 14 19 20 23
32 52 32 48 52
24 64 24 27 29 37 48 58 64
51 85 51 85
33 69 33 51 60 69
49 86 49 51 60 86
72 87 72 78 81 82 87
29 84 29 75 78 84
20 77 20 26 42 57 63 66 77
27 76 27 54 59 64 69 76
38 63 38 42 62 63
51 71 51 58 61 66 71
18 22 18 22
12 70 12 27 34 55 70
23 78 23 66 78
41 70 41 70
22 72 22 33 67 72
16 48 16 23 25 33 37 48
22 66 22 33 49 51 60 66
22 73 22 43 44 73
19 68 19 43 46 49 51 64 68
0 48 0 17 29 36 37 48
23 44 23 44
28 85 28 41 53 58 85
26 85 26 42 62 70 72 78 85
27 60 27 44 60
0 37 0 24 29 36 37
18 57 18 22 33 39 41 57
70 80 70 80
4 60 4 60
54 72 54 67 72
6 59 6 21 59
57 65 57 63 65
14 33 14 25 33
33 41 33 39 41
23 67 23 35 39 46 49 51 58 67
75 87 75 82 87
36 55 36 43 44 55
19 73 19 21 58 67 73
1 54 1 13 16 27 32 48 54
26 56 26 28 35 56
43 67 43 47 67
12 27 12 27
27 70 27 34 45 55 70
22 72 22 34 46 49 51 58 67 72
20 75 20 32 53 59 61 75
14 55 14 34 44 55
7 56 7 28 35 56
27 82 27 79 81 82
4 85 4 23 55 63 80 81 82 85
7 64 7 38 59 61 64
27 53 27 41 53
3 60 3 37 49 51 60
7 32 7 32
15 76 15 30 54 59 64 69 76
23 89 23 81 83 89
47 61 47 61
26 52 26 28 37 48 52
4 25 4 13 16 23 25
13 24 13 24
14 49 14 28 49
58 75 58 61 75
7 34 7 26 30 34
12 72 12 45 67 72
47 85 47 75 78 81 82 85
3 25 3 9 17 25
38 67 38 42 51 58 67
16 34 16 27 34
9 20 9 20
35 50 35 41 50
0 30 0 13 24 30
12 20 12 17 20
4 58 4 41 47 53 58
75 81 75 80 81
57 89 57 63 80 81 83 89
15 69 15 22 64 69
43 53 43 47 53
19 76 19 27 44 53 59 61 64 68 69 76
60 80 60 66 78 80
39 60 39 60
14 68 14 68
7 62 7 40 43 62
72 86 72 78 81 83 86
11 25 11 20 23 25
4 25 4 8 13 14 25
7 40 7 25 40
10 86 10 48 54 80 83 86
34 48 34 48
29 48 29 36 48
54 59 54 59
1 35 1 19 26 28 35
13 43 13 20 40 43
79 80 79 80
19 87 19 82 87
22 35 22 25 35
6 61 6 18 59 61
20 59 20 59
0 45 0 17 20 26 30 34 45
25 39 25 35 39
55 81 55 61 75 80 81
5 24 5 6 24
13 31 13 14 31
54 61 54 59 61
12 77 12 45 57 63 66 77
17 55 17 34 55
41 50 41 50
17 58 17 58
6 23 6 16 23
19 49 19 43 46 49
39 85 39 69 76 82 85
23 82 23 66 71 82
15 21 15 21
16 68 16 23 55 58 68
10 71 10 32 53 58 64 71
19 34 19 30 34
66 77 66 77
21 26 21 26
61 81 61 66 78 80 81
38 59 38 49 51 59
2 50 2 14 21 26 30 34 50
1 42 1 3 15 21 42
17 26 17 20 26
30 79 30 48 79
45 76 45 50 51 60 69 76
9 57 9 16 38 42 57
14 30 14 30
31 51 31 39 46 49 51
51 65 51 58 64 65
18 20 18 19 20
6 31 6 31
2 44 2 18 34 44
22 62 22 62
52 82 52 78 81 82
23 68 23 68
81 83 81 83
11 26 11 20 26
18 37 18 19 33 37
3 82 3 9 46 49 69 76 82
26 30 26 30
2 59 2 13 20 59
5 34 5 7 27 34
41 79 41 50 79
6 54 6 37 48 54
45 71 45 61 66 71
30 80 30 34 38 42 57 80
0 28 0 13 14 21 26 28
6 58 6 44 55 58
39 63 39 57 63
6 24 6 16 24
15 78 15 22 59 61 75 78
25 56 25 35 56
14 36 14 19 27 29 36
35 79 35 43 62 63 79
27 40 27 29 36 37 40
6 25 6 18 22 25
15 78 15 21 40 60 66 78
43 78 43 62 70 72 78
30 32 30 32
30 73 30 50 51 73
34 47 34 47
5 81 5 6 16 62 70 80 81
38 72 38 70 72
15 30 15 21 26 30
19 43 19 20 23 37 40 43
56 82 56 82
17 69 17 34 48 58 68 69
2 50 2 31 39 41 50
5 49 5 6 18 22 25 40 42 46 49
10 44 10 30 32 44
45 76 45 61 64 68 69 76
5 73 5 32 44 53 58 67 73
7 14 7 14
59 88 59 77 88
80 85 80 82 85
11 62 11 35 56 62
67 84 67 72 84
63 82 63 82
44 53 44 53
44 60 44 60
31 79 31 43 44 55 63 79
6 24 6 16 24
38 50 38 41 50
35 67 35 43 46 49 51 67
8 13 8 9 13
33 65 33 65
79 88 79 84 88
68 74 68 74
81 88 81 83 88
48 80 48 61 64 80
74 85 74 85
22 67 22 31 39 41 53 58 67
10 70 10 70
56 81 56 62 63 79 81
51 61 51 59 61
15 74 15 58 61 64 68 74
62 63 62 63
11 56 11 35 56
5 36 5 7 14 19 27 29 36
9 16 9 16
53 81 53 72 78 81
22 86 22 62 63 66 78 81 83 86
36 72 36 43 44 55 67 72
2 33 2 14 25 33
8 85 8 9 62 63 80 81 82 85
37 51 37 49 51
64 89 64 80 81 83 89
0 27 0 13 16 24 27
12 56 12 26 28 35 56
13 14 13 14
19 44 19 43 44
58 76 58 61 64 69 76
33 50 33 39 41 50
62 77 62 63 66 77
20 35 20 26 28 35
12 70 12 41 70
6 79 6 79
15 71 15 21 40 42 64 71
7 66 7 27 53 58 61 66
38 59 38 59
41 50 41 50
22 45 22 34 45
72 86 72 86
8 21 8 13 14 19 21
77 87 77 87
27 63 27 34 44 55 57 63
15 70 15 25 33 62 70
9 57 9 17 55 57
36 50 36 50
18 72 18 34 47 67 72
58 71 58 64 71
11 68 11 35 56 64 68
32 89 32 44 79 80 81 83 89
0 10 0 10
41 70 41 70
27 84 27 34 47 75 78 84
2 72 2 18 34 55 67 72
10 50 10 17 26 38 41 50
1 83 1 26 30 32 58 64 80 83
5 25 5 7 14 25
20 54 20 30 54
57 66 57 63 66
39 87 39 69 76 82 87
7 88 7 26 88
22 25 22 25
63 80 63 66 78 80
31 62 31 43 62
12 45 12 26 30 34 45
14 21 14 21
37 86 37 59 86
9 24 9 24
45 79 45 63 79
36 85 36 80 81 82 85
22 87 22 64 68 69 87
10 30 10 17 20 30
17 60 17 25 40 49 51 60
58 89 58 77 89
23 57 23 32 44 55 57
9 71 9 20 49 59 61 64 71
40 86 40 64 80 83 86
0 47 0 27 29 36 43 47
34 63 34 38 42 62 63
58 84 58 61 64 71 84
43 65 43 44 63 65
37 77 37 77
1 78 1 19 21 59 61 75 78
24 63 24 30 44 55 57 63
19 21 19 21
54 77 54 59 66 77
40 76 40 64 69 76
12 56 12 26 28 35 56
4 44 4 23 37 40 43 44
30 83 30 80 83
14 42 14 25 33 37 40 42
14 21 14 19 21
11 54 11 21 26 28 37 48 54
34 62 34 38 42 62
8 70 8 40 43 70
39 79 39 41 79
35 61 35 43 44 61
19 28 19 26 28
7 63 7 15 25 63
28 46 28 35 43 46
34 53 34 44 53
20 81 20 59 64 80 81
2 23 2 23
6 70 6 17 34 55 70
21 59 21 59
35 67 35 43 46 49 51 67
29 62 29 43 62
18 82 18 59 69 76 82
8 84 8 34 79 84
5 21 5 6 18 21
6 47 6 16 23 28 35 41 47
8 34 8 9 16 24 27 34
19 46 19 20 26 42 46
17 55 17 26 28 35 43 44 55
27 62 27 34 38 42 62
14 61 14 42 51 58 61
6 23 6 17 20 23
67 78 67 72 78
2 56 2 14 25 35 56
37 46 37 40 43 46
56 68 56 64 68
50 82 50 64 82
6 70 6 40 42 70
60 80 60 66 78 80
34 49 34 38 41 49
26 53 26 28 41 47 53
26 50 26 28 37 50
20 26 20 26
15 71 15 30 49 59 66 71
24 62 24 27 29 43 62
5 74 5 24 27 41 57 74
25 65 25 38 42 51 64 65
10 83 10 63 66 71 83
79 83 79 80 81 83
44 53 44 53
13 50 13 16 27 34 45 50
35 86 35 43 75 80 81 83 86
6 57 6 44 55 57
45 83 45 50 67 72 78 80 83
64 76 64 68 69 76
57 89 57 72 78 81 83 89
11 62 11 27 29 43 62
60 82 60 78 80 81 82
80 82 80 81 82
31 75 31 43 75
28 62 28 35 56 62
22 88 22 33 51 88
4 37 4 23 25 33 37
1 3 1 3
22 33 22 25 33
37 44 37 40 43 44
6 80 6 21 58 67 72 78 80
13 60 13 28 39 41 49 51 60
1 83 1 58 61 83
1 16 1 2 13 16
3 23 3 16 23
17 85 17 78 81 82 85
55 76 55 61 64 69 76
5 34 5 6 17 20 26 30 34
11 77 11 77
24 50 24 29 36 50
10 52 10 52
15 25 15 25
26 59 26 30 53 59
83 88 83 88
52 82 52 80 82
40 46 40 42 46
34 62 34 38 42 62
58 65 58 61 64 65
2 82 2 82
7 57 7 43 44 55 57
20 68 20 55 58 61 64 68
7 63 7 43 62 63
64 69 64 69
6 71 6 31 56 62 63 66 71
23 38 23 25 38
30 54 30 48 54
0 89 0 45 83 89
10 52 10 30 32 48 52
30 39 30 39
30 48 30 32 48
4 87 4 68 69 87
69 88 69 87 88
38 53 38 41 53
2 82 2 60 82
2 64 2 13 16 24 30 34 45 54 59 61 64
6 57 6 27 41 57
15 21 15 21
22 54 22 25 33 37 48 54
28 42 28 37 40 42
3 60 3 11 18 21 40 49 51 60
61 81 61 66 78 80 81
24 85 24 50 59 64 80 81 82 85
32 88 32 86 88
7 45 7 45
40 80 40 42 51 64 80
3 16 3 16
2 78 2 70 72 78
31 89 31 43 77 89
4 26 4 21 26
34 55 34 45 55
4 21 4 21
1 39 1 3 33 39
49 74 49 59 64 68 74
31 53 31 39 41 53
1 66 1 2 18 21 42 62 63 66
54 76 54 59 61 64 68 69 76
25 38 25 38
20 56 20 26 28 35 56
55 76 55 58 68 69 76
2 68 2 31 56 64 68
3 37 3 16 28 37
6 83 6 18 20 39 60 78 81 83
18 61 18 19 21 58 61
21 81 21 59 64 81
38 80 38 63 80
35 82 35 69 76 82
71 88 71 82 85 88
27 53 27 41 47 53
36 80 36 80
18 38 18 19 30 34 38
18 20 18 20
81 85 81 82 85
24 55 24 29 36 55
12 74 12 37 59 61 64 68 74
32 83 32 58 61 66 78 81 83
48 72 48 52 67 72
18 28 18 20 23 28
30 63 30 41 63
21 81 21 70 72 78 81
27 53 27 41 53
60 66 60 66
41 83 41 59 61 64 80 81 83
33 76 33 52 64 69 76
12 29 12 27 29
6 27 6 27
20 57 20 55 57
11 26 11 18 19 26
19 80 19 27 29 75 80
4 14 4 8 9 13 14
3 14 3 14
4 21 4 13 14 21
36 84 36 59 71 84
62 74 62 74
33 88 33 73 88
21 54 21 26 30 54
29 52 29 48 52
17 68 17 26 28 64 68
51 65 51 61 64 65
11 34 11 27 34
43 55 43 44 55
17 58 17 51 58
18 51 18 19 33 39 41 49 51
5 67 5 33 39 41 47 67
6 80 6 54 80
16 47 16 29 36 43 47
49 69 49 69
34 59 34 38 59
12 50 12 45 50
79 86 79 83 86
48 54 48 54
12 56 12 17 26 28 35 56
5 61 5 6 21 59 61
75 86 75 80 81 83 86
16 36 16 29 36
23 38 23 25 38
17 29 17 29
27 60 27 41 49 51 60
13 72 13 36 50 58 67 72
2 60 2 33 46 49 51 60
7 85 7 14 28 58 61 66 71 82 85
37 86 37 48 72 86
3 82 3 16 68 74 82
19 46 19 27 34 38 42 46
53 66 53 59 61 66
3 54 3 23 32 48 54
54 83 54 67 72 78 80 81 83
21 62 21 40 42 62
46 61 46 49 59 61
37 42 37 40 42
62 70 62 70
41 81 41 57 80 81
13 63 13 36 43 44 55 63
72 81 72 78 80 81
1 71 1 13 64 71
33 82 33 72 78 81 82
53 59 53 59
42 79 42 57 63 79
24 52 24 34 48 52
15 47 15 25 33 37 40 43 47
43 46 43 46
11 37 11 21 26 28 37
63 71 63 66 71
44 73 44 53 58 73
81 85 81 82 85
43 87 43 52 71 82 87
19 49 19 26 42 46 49
28 78 28 78
25 64 25 38 41 49 51 58 64
12 26 12 17 20 26
42 75 42 46 49 59 61 75
54 73 54 73
7 65 7 57 63 65
43 49 43 46 49
79 86 79 86
19 39 19 33 39
37 70 37 40 62 70
16 68 16 48 52 64 68
27 86 27 86
45 67 45 67
13 16 13 16
30 49 30 34 46 49
12 55 12 45 55
8 46 8 9 20 30 34 38 42 46
27 41 27 41
62 83 62 72 78 81 83
21 53 21 40 43 44 53
33 84 33 72 84
12 24 12 24
25 69 25 61 64 69
4 56 4 21 26 28 35 56
43 84 43 44 61 64 71 84
25 46 25 33 46
48 54 48 54
5 30 5 24 30
9 74 9 17 51 64 68 74
72 78 72 78
48 58 48 58
19 78 19 56 62 70 72 78
59 85 59 66 78 80 81 82 85
9 74 9 46 49 51 64 68 74
64 81 64 80 81
7 69 7 25 35 56 64 69
4 41 4 23 28 39 41
37 63 37 40 63
63 66 63 66
14 59 14 31 39 41 59
37 66 37 48 54 59 61 66
17 55 17 25 33 37 40 43 44 55
38 87 38 42 51 80 82 87
19 83 19 27 52 80 81 83
27 78 27 70 72 78
34 54 34 54
7 28 7 28
18 20 18 19 20
4 54 4 23 25 33 37 48 54
1 83 1 2 14 25 61 64 81 83
27 66 27 54 59 66
9 60 9 24 32 51 60
16 85 16 62 72 78 80 82 85
16 73 16 35 41 73
25 88 25 57 80 81 83 88
22 31 22 31
42 62 42 62
26 38 26 38
5 72 5 6 21 70 72
0 64 0 44 61 64
45 86 45 54 80 81 83 86
25 48 25 33 37 48
36 49 36 37 49
11 20 11 20
25 46 25 40 43 46
45 64 45 64
14 28 14 28
40 51 40 42 51
79 89 79 81 83 89
19 69 19 21 42 51 64 68 69
20 34 20 30 34
18 31 18 22 31
0 52 0 43 52
21 32 21 26 30 32
19 74 19 30 34 55 57 74
72 83 72 78 80 81 83
1 60 1 39 46 49 51 60
4 36 4 8 13 36
36 83 36 59 64 81 83
41 53 41 47 53
4 36 4 13 16 27 29 36
2 9 2 9
20 75 20 30 44 61 75
18 39 18 22 25 35 39
56 80 56 78 80
53 84 53 84
17 43 17 25 35 43
3 23 3 16 23
48 58 48 58
0 44 0 17 20 23 32 44
7 34 7 26 30 34
4 25 4 23 25
3 88 3 33 82 87 88
46 61 46 49 59 61
46 74 46 49 59 64 68 74
38 65 38 59 61 64 65
61 68 61 64 68
4 21 4 13 14 19 21
42 71 42 62 70 71
47 61 47 61
21 89 21 42 51 64 71 84 89
29 80 29 70 72 78 80
58 68 58 61 64 68
7 44 7 15 25 40 43 44
67 84 67 72 78 84
0 70 0 45 55 70
31 89 31 56 62 63 79 83 89
12 89 12 27 32 48 52 77 89
0 29 0 10 17 29
18 80 18 27 34 59 64 80
43 69 43 64 68 69
19 33 19 33
16 44 16 44
38 46 38 42 46
2 51 2 23 37 50 51
1 9 1 2 9
30 66 30 54 59 61 66
34 50 34 45 50
43 77 43 52 67 77
12 60 12 17 60
36 76 36 50 64 68 69 76
8 73 8 9 20 32 44 53 58 67 73
1 43 1 7 27 29 43
21 70 21 42 70
54 78 54 67 78
27 86 27 54 71 83 86
54 71 54 59 61 64 71
14 36 14 19 27 29 36
24 87 24 77 87
31 39 31 39
71 82 71 82
87 88 87 88
9 74 9 57 74
44 63 44 55 63
12 62 12 17 33 37 62
49 64 49 59 64
2 26 2 9 13 26
21 73 21 58 67 73
43 84 43 44 84
50 85 50 51 64 68 69 76 82 85
15 33 15 25 33
59 71 59 66 71
0 29 0 10 24 29
20 72 20 32 51 67 72
78 81 78 81
41 78 41 67 78
8 19 8 13 14 19
62 63 62 63
23 42 23 37 40 42
19 70 19 33 39 41 70
10 58 10 48 58
46 49 46 49
30 54 30 34 54
35 61 35 59 61
55 57 55 57
6 23 6 17 20 23
38 49 38 42 46 49
56 85 56 74 85
3 14 3 14
69 76 69 76
6 36 6 24 29 36
0 44 0 43 44
7 22 7 15 22
5 80 5 36 37 51 60 78 80
86 88 86 88
69 76 69 76
66 81 66 78 80 81
35 47 35 39 41 47
4 82 4 41 53 80 81 82
26 39 26 28 39
11 76 11 33 64 68 69 76
11 23 11 18 20 23
1 26 1 26
71 83 71 83
57 63 57 63
36 71 36 43 70 71
4 23 4 8 9 16 23
19 70 19 26 30 44 55 70
60 89 60 66 77 89
18 80 18 22 34 50 64 80
28 61 28 58 61
41 85 41 66 78 80 82 85
10 63 10 34 44 55 63
21 40 21 26 28 37 40
18 32 18 27 32
23 88 23 82 85 88
11 61 11 58 61
35 82 35 43 70 72 82
7 54 7 33 37 48 54
15 63 15 21 40 63
8 62 8 9 20 40 42 62
21 47 21 40 43 47
3 38 3 18 34 38
8 53 8 9 24 27 53
15 64 15 26 55 58 64
18 80 18 20 40 62 63 80
10 46 10 30 39 46
53 77 53 77
36 69 36 50 51 58 64 68 69
54 72 54 72
7 27 7 14 19 27
18 80 18 19 26 75 80
0 59 0 59
1 53 1 7 33 37 40 43 44 53
19 87 19 21 70 71 82 87
28 35 28 35
53 80 53 59 61 66 78 80
22 35 22 25 35
6 80 6 54 78 80
3 72 3 16 29 43 62 70 72
9 58 9 29 36 37 40 43 46 49 51 58
87 88 87 88
31 57 31 39 41 57
38 62 38 42 62
11 50 11 20 26 30 39 41 50
34 78 34 45 70 72 78
17 55 17 26 40 43 44 55
4 82 4 70 71 82
0 83 0 45 54 75 83
39 70 39 41 70
41 86 41 47 80 83 86
63 65 63 65
1 75 1 58 61 75
58 87 58 87
13 23 13 14 19 20 23
9 71 9 20 59 64 71
28 72 28 46 49 51 67 72
59 75 59 61 75
9 78 9 50 58 61 66 78
16 38 16 38
16 88 16 62 63 82 85 88
60 78 60 78
75 82 75 78 81 82
23 65 23 35 65
11 61 11 18 34 50 51 58 61
12 41 12 17 33 39 41
32 59 32 44 51 59
3 60 3 11 33 37 50 51 60
2 31 2 9 13 14 31
14 27 14 19 27
11 25 11 18 22 25
11 38 11 27 34 38
14 52 14 31 43 52
15 63 15 21 26 42 62 63
46 83 46 49 59 71 83
13 44 13 26 28 35 43 44
59 77 59 77
26 45 26 30 34 45
17 69 17 33 51 59 64 69
2 63 2 31 39 41 57 63
59 65 59 64 65
16 50 16 50
43 52 43 52
44 81 44 61 75 78 80 81
59 88 59 69 76 82 87 88
8 80 8 62 72 78 80
51 71 51 59 61 66 71
8 43 8 13 14 28 37 40 43
23 35 23 25 35
34 89 34 45 52 77 89
36 69 36 55 61 64 69
13 45 13 16 24 27 34 45
13 43 13 26 40 43
6 57 6 15 22 43 44 55 57
1 31 1 2 9 16 31
16 34 16 24 34
23 70 23 25 62 70
37 76 37 50 58 64 68 69 76
19 51 19 43 44 51
60 87 60 78 81 82 87
63 78 63 66 78
52 83 52 83
58 78 58 67 78
19 51 19 33 49 51
2 63 2 56 62 63
9 60 9 39 60
7 49 7 43 46 49
2 63 2 33 62 63
38 51 38 41 49 51
23 84 23 66 71 84
25 65 25 40 62 65
68 85 68 69 76 82 85
30 63 30 32 44 63
30 72 30 32 47 53 72
48 54 48 54
15 77 15 30 34 47 61 66 77
14 31 14 31
51 86 51 58 64 86
23 39 23 35 39
33 62 33 62
28 62 28 37 40 62
15 77 15 60 66 77
51 82 51 59 69 76 82
2 37 2 14 19 33 37
12 33 12 24 33
5 77 5 61 66 77
37 88 37 50 59 61 66 78 81 83 86 88
32 66 32 47 61 66
22 49 22 43 46 49
40 74 40 62 74
8 84 8 13 49 72 78 84
21 35 21 26 28 35
7 61 7 32 44 61
43 52 43 52
10 63 10 34 38 63
7 65 7 64 65
21 40 21 26 28 37 40
70 78 70 72 78
24 42 24 30 34 38 42
13 33 13 16 23 25 33
42 88 42 46 49 85 88
39 60 39 46 49 51 60
9 78 9 57 72 78
19 78 19 78
63 89 63 79 84 89
37 58 37 40 43 46 49 51 58
46 84 46 49 51 58 61 75 78 84
13 45 13 16 24 30 34 45
5 71 5 70 71
27 72 27 52 67 72
16 34 16 27 34
31 62 31 56 62
14 41 14 31 39 41
2 41 2 33 39 41
48 80 48 75 78 80
50 58 50 58
62 77 62 63 66 77
18 32 18 21 26 30 32
25 38 25 38
16 43 16 27 29 43
33 67 33 51 58 67
53 59 53 59
9 39 9 13 16 28 35 39
40 80 40 49 72 78 80
43 78 43 47 75 78
63 80 63 79 80
6 82 6 24 50 79 80 81 82
32 83 32 44 55 79 81 83
16 37 16 28 37
50 78 50 60 78
21 53 21 26 40 43 47 53
57 63 57 63
29 75 29 48 75
8 27 8 13 16 27
3 22 3 15 22
8 86 8 40 72 78 81 83 86
9 45 9 17 34 45
10 62 10 30 34 38 42 62
63 82 63 79 80 81 82
28 68 28 41 59 64 68
18 31 18 22 31
21 89 21 40 62 72 78 81 83 89
15 60 15 21 40 43 46 49 51 60
17 60 17 34 38 60
8 87 8 33 46 77 87
20 77 20 54 59 77
34 44 34 44
58 76 58 68 69 76
4 37 4 8 9 20 26 28 37
2 17 2 9 17
28 76 28 46 49 69 76
2 77 2 18 63 66 77
11 85 11 18 59 64 80 81 82 85
9 78 9 16 62 72 78
6 37 6 16 29 37
6 83 6 44 79 83
26 84 26 38 59 66 71 84
43 67 43 46 49 51 58 67
41 69 41 68 69
12 66 12 44 53 58 61 66
9 50 9 20 26 30 50
83 88 83 88
18 67 18 22 25 38 42 46 49 51 58 67
46 83 46 49 72 78 81 83
9 64 9 20 32 53 58 61 64
12 37 12 29 36 37
36 84 36 66 78 84
53 66 53 59 61 66
24 89 24 34 79 84 89
20 80 20 79 80
45 69 45 54 59 64 68 69
18 20 18 20
67 73 67 73
20 72 20 56 62 70 72
9 24 9 24
7 89 7 43 46 77 89
10 62 10 30 34 38 42 62
25 48 25 33 37 48
6 88 6 54 78 85 88
33 62 33 37 40 62
1 68 1 7 28 35 56 64 68
3 79 3 11 33 39 41 57 63 79
36 43 36 43
47 84 47 67 72 78 84
26 30 26 30
11 65 11 64 65
42 73 42 51 73
57 83 57 78 81 83
25 83 25 62 70 81 83
50 64 50 59 61 64
16 83 16 35 72 78 81 83
23 55 23 25 40 43 44 55
14 60 14 42 51 60
49 80 49 51 67 72 78 80
17 43 17 29 43
81 83 81 83
0 21 0 13 14 19 21
14 52 14 25 33 37 40 43 52
52 89 52 83 89
35 39 35 39
36 50 36 50
17 20 17 20
20 89 20 30 39 58 67 77 89
3 34 3 16 24 34
6 86 6 44 61 64 80 83 86
25 71 25 64 71
12 75 12 75
10 29 10 17 29
30 53 30 39 41 47 53
21 30 21 26 30
28 87 28 82 87
26 52 26 40 43 52
45 81 45 57 63 80 81
12 49 12 24 29 37 40 42 46 49
15 21 15 21
4 28 4 13 16 28
7 53 7 25 40 43 44 53
28 48 28 37 48
44 51 44 51
21 68 21 40 49 59 61 64 68
30 60 30 32 51 60
0 31 0 13 14 31
5 24 5 24
10 42 10 34 38 42
6 15 6 15
26 50 26 30 34 38 41 50
7 69 7 38 41 50 51 59 61 64 68 69
2 33 2 13 16 24 33
25 48 25 33 37 48
58 75 58 61 75
25 40 25 40
68 74 68 74
23 71 23 49 59 61 64 71
10 62 10 24 27 29 37 62
1 45 1 3 27 34 45
18 84 18 27 58 61 75 78 84
19 55 19 33 37 40 43 44 55
8 55 8 13 20 32 44 55
42 83 42 64 81 83
3 50 3 37 50
79 83 79 83
2 23 2 9 13 14 19 20 23
3 79 3 38 42 62 63 79
7 29 7 27 29
3 18 3 18
7 89 7 84 89
72 86 72 78 80 83 86
12 89 12 37 77 89
6 67 6 37 52 67
38 41 38 41
8 87 8 9 24 71 82 87
10 76 10 34 55 58 64 69 76
79 81 79 81
22 65 22 34 59 64 65
51 60 51 60
35 72 35 43 46 49 72
28 39 28 35 39
13 87 13 74 82 87
59 75 59 61 75
64 71 64 71
15 77 15 30 39 46 49 77
50 51 50 51
43 60 43 44 60
2 54 2 23 28 37 48 54
56 62 56 62
15 53 15 26 38 41 53
29 61 29 37 50 59 61
47 71 47 53 58 64 71
24 29 24 27 29
15 56 15 22 25 35 56
13 74 13 36 50 51 58 64 68 74
2 38 2 23 25 38
24 51 24 43 44 51
39 77 39 60 66 77
59 82 59 64 81 82
52 78 52 67 72 78
29 36 29 36
41 53 41 53
12 23 12 17 20 23
49 87 49 76 82 87
25 79 25 38 42 57 63 79
6 85 6 24 34 55 57 82 85
19 52 19 20 26 30 32 48 52
12 45 12 27 34 45
35 64 35 59 61 64
82 85 82 85
24 88 24 71 82 85 88
18 59 18 22 31 43 47 53 59
44 61 44 61
5 7 5 7
30 76 30 54 59 64 69 76
18 47 18 21 26 40 43 47
37 65 37 49 51 59 65
12 33 12 17 20 23 25 33
0 33 0 13 14 25 33
56 77 56 62 63 66 77
29 53 29 36 43 44 53
37 76 37 76
59 75 59 61 75
62 74 62 74
19 43 19 43
9 38 9 20 26 30 34 38
32 88 32 44 73 88
64 76 64 69 76
10 79 10 32 48 79
81 88 81 82 87 88
63 65 63 65
57 78 57 63 66 78
16 38 16 38
6 17 6 17
40 76 40 76
11 73 11 27 41 47 67 73
7 28 7 28
42 75 42 59 61 75
43 77 43 52 67 77
68 74 68 74
53 66 53 59 66
22 45 22 34 45
37 68 37 51 64 68
5 36 5 6 27 29 36
33 48 33 37 48
29 55 29 43 44 55
35 41 35 41
37 40 37 40
10 50 10 34 45 50
22 33 22 33
35 41 35 39 41
15 45 15 30 34 45
60 83 60 78 81 83
15 77 15 26 30 41 50 67 77
57 63 57 63
60 78 60 66 78
79 80 79 80
26 55 26 28 37 40 43 44 55
4 28 4 23 28
10 89 10 60 66 83 89
10 81 10 58 67 72 78 80 81
35 39 35 39
36 61 36 43 44 53 59 61
13 85 13 48 54 67 78 80 82 85
19 71 19 26 28 39 60 66 71
27 43 27 29 37 40 43
1 37 1 2 9 17 33 37
31 89 31 39 57 63 80 83 89
72 78 72 78
69 88 69 87 88
51 74 51 61 64 68 74
2 59 2 33 49 51 59
20 37 20 23 37
29 72 29 37 72
30 72 30 54 72
18 57 18 21 26 38 42 57
21 89 21 70 81 83 89
6 88 6 40 72 84 88
58 81 58 67 78 81
37 52 37 40 43 52
61 75 61 75
47 89 47 53 84 89
28 60 28 35 41 50 60
38 41 38 41
4 58 4 40 42 46 49 51 58
45 67 45 52 67
24 32 24 27 32
0 74 0 45 64 68 74
2 82 2 57 72 78 80 81 82
10 76 10 58 68 69 76
31 62 31 43 62
69 76 69 76
6 80 6 79 80
51 67 51 58 67
28 68 28 68
6 89 6 37 50 67 78 80 83 89
84 89 84 89
0 80 0 20 30 41 47 80
49 59 49 59
59 69 59 64 68 69
16 87 16 68 74 82 87
9 45 9 16 24 34 45
44 86 44 55 79 83 86
61 82 61 75 80 81 82
32 83 32 71 83
79 82 79 81 82
12 63 12 24 27 44 55 63
33 77 33 37 40 43 47 67 77
60 78 60 78
48 68 48 61 64 68
35 43 35 43
34 78 34 50 51 61 66 78
62 63 62 63
6 56 6 16 35 56
6 74 6 68 74
9 66 9 24 55 63 66
8 42 8 13 26 38 42
8 60 8 34 46 49 51 60
21 58 21 40 49 51 58
80 83 80 83
13 83 13 14 70 80 81 83
18 65 18 22 43 44 63 65
2 37 2 14 28 37
18 57 18 34 55 57
14 21 14 19 21
1 26 1 7 26
19 85 19 27 44 61 64 80 81 82 85
23 68 23 55 61 64 68
2 70 2 13 24 32 44 55 70
8 37 8 9 24 33 37
36 83 36 60 66 71 83
6 89 6 40 42 57 80 81 83 89
44 68 44 55 61 64 68
28 57 28 41 57
38 75 38 49 51 61 75
31 73 31 43 52 67 73
20 40 20 40
76 85 76 82 85
13 72 13 36 37 52 67 72
45 89 45 70 71 83 89
0 28 0 17 26 28
31 51 31 43 44 51
35 50 35 39 41 50
62 82 62 70 80 81 82
31 81 31 43 52 64 80 81
5 7 5 7
36 69 36 60 69
40 81 40 72 78 81
47 80 47 61 64 80
5 75 5 24 32 48 75
9 58 9 29 43 44 51 58
53 86 53 72 86
51 67 51 58 67
51 75 51 59 61 75
32 79 32 44 63 79
37 78 37 50 58 61 66 78
29 48 29 48
1 54 1 37 48 54
47 77 47 67 77
6 73 6 21 40 49 51 58 73
25 46 25 35 39 46
38 63 38 42 62 63
7 38 7 25 38
4 29 4 13 16 27 29
19 86 19 21 42 59 71 83 86
37 66 37 62 63 66
48 75 48 75
50 61 50 58 61
48 58 48 58
30 66 30 54 59 61 66
14 78 14 34 54 78
10 88 10 78 84 88
6 54 6 16 27 34 45 54
9 25 9 16 23 25
29 47 29 43 47
27 34 27 34
4 80 4 30 53 80
12 89 12 17 25 80 83 89
8 32 8 13 20 32
59 64 59 64
16 74 16 50 59 64 68 74
6 67 6 31 39 41 50 67
8 31 8 9 13 16 31
2 85 2 14 78 85
17 84 17 58 61 64 71 84
29 72 29 43 52 67 72
11 56 11 18 21 26 28 35 56
12 44 12 26 30 32 44
22 73 22 25 33 67 73
9 85 9 17 33 51 80 82 85
75 81 75 80 81
16 89 16 44 60 66 78 81 83 89
11 25 11 20 23 25
3 58 3 16 29 36 37 48 58
39 85 39 60 69 76 82 85
2 26 2 18 19 21 26
53 89 53 59 66 77 89
17 79 17 26 30 34 48 79
18 63 18 27 41 63
36 76 36 60 69 76
24 48 24 34 48
7 88 7 39 69 88
5 30 5 24 30
61 64 61 64
10 67 10 44 53 58 67
75 82 75 78 80 81 82
2 61 2 9 13 26 55 58 61
51 87 51 67 72 87
10 60 10 32 51 60
19 26 19 21 26
4 89 4 41 72 78 80 81 83 89
13 87 13 16 76 82 87
24 50 24 30 39 41 50
34 54 34 45 54
12 49 12 24 29 37 49
10 79 10 34 48 79
14 76 14 21 26 55 61 64 69 76
6 23 6 17 20 23
39 70 39 41 70
45 54 45 54
5 34 5 6 15 26 30 34
32 79 32 44 79
45 59 45 54 59
39 60 39 41 49 51 60
23 62 23 28 37 62
37 67 37 40 43 44 55 67
67 78 67 72 78
15 25 15 25
28 58 28 39 46 49 51 58
40 74 40 64 68 74
64 68 64 68
75 78 75 78
40 79 40 63 79
9 40 9 20 26 40
61 86 61 66 71 83 86
13 74 13 24 50 51 61 64 68 74
17 39 17 25 35 39
21 81 21 42 51 61 75 80 81
36 50 36 37 50
4 56 4 56
22 49 22 31 43 46 49
1 18 1 3 18
2 72 2 23 55 58 67 72
26 58 26 40 43 46 49 51 58
34 45 34 45
24 50 24 27 29 36 50
42 64 42 64
29 79 29 48 79
55 79 55 79
13 80 13 63 66 78 80
6 79 6 21 40 42 62 63 79
3 85 3 33 64 80 81 82 85
28 72 28 37 51 67 72
13 84 13 46 49 59 64 71 84
24 34 24 30 34
9 40 9 24 27 29 36 37 40
18 80 18 21 42 51 58 67 78 80
26 40 26 40
39 85 39 41 53 80 81 82 85
56 74 56 74
60 80 60 66 78 80
18 84 18 72 78 84
4 80 4 23 35 59 64 80
16 28 16 28
51 73 51 67 73
3 77 3 37 62 63 66 77
23 67 23 25 40 43 47 53 58 67
41 86 41 63 83 86
25 57 25 40 42 57
15 26 15 26
12 70 12 26 55 70
38 84 38 63 66 71 84
53 59 53 59
38 89 38 70 80 83 89
1 48 1 37 48
23 28 23 28
18 46 18 20 26 38 42 46
21 62 21 26 28 37 62
26 67 26 28 39 46 49 51 67
15 63 15 25 40 62 63
44 74 44 64 68 74
3 56 3 9 13 20 26 28 35 56
27 29 27 29
28 68 28 68
16 25 16 23 25
0 67 0 53 58 67
23 80 23 32 51 80
13 77 13 49 77
5 88 5 79 84 88
66 82 66 71 82
38 85 38 70 82 85
7 49 7 49
39 41 39 41
64 71 64 71
0 48 0 10 48
56 78 56 78
1 28 1 7 14 21 26 28
12 60 12 26 30 34 38 41 50 60
81 88 81 82 87 88
45 64 45 55 58 64
27 38 27 34 38
78 85 78 81 82 85
6 58 6 44 51 58
49 69 49 69
3 84 3 21 26 30 72 78 84
84 89 84 89
57 84 57 63 79 84
54 61 54 59 61
15 80 15 46 49 72 78 80
4 40 4 40
4 20 4 8 9 20
6 81 6 15 26 42 59 66 78 81
7 28 7 28
6 24 6 16 24
8 20 8 13 20
21 26 21 26
15 78 15 26 75 78
3 87 3 18 20 39 69 87
15 22 15 22
27 72 27 44 53 58 67 72
51 65 51 58 61 64 65
7 44 7 15 25 40 43 44
5 22 5 6 15 22
6 81 6 80 81
2 89 2 60 78 80 81 83 89
35 82 35 82
60 83 60 66 83
20 75 20 49 59 61 75
79 87 79 80 81 82 87
8 46 8 28 37 40 43 46
30 66 30 34 44 51 59 66
44 60 44 60
11 76 11 20 55 58 61 64 68 69 76
22 75 22 43 46 49 59 61 75
20 77 20 56 62 63 66 77
22 50 22 34 38 41 50
28 73 28 58 73
39 84 39 58 64 71 84
33 64 33 39 41 59 61 64
69 87 69 76 82 87
23 64 23 25 33 46 49 59 64
41 73 41 50 51 73
27 32 27 32
58 74 58 68 74
29 80 29 57 63 66 78 80
37 52 37 52
20 66 20 26 38 60 66
21 35 21 26 28 35
2 86 2 13 46 49 51 59 61 83 86
49 85 49 69 76 82 85
45 75 45 50 59 61 75
45 75 45 61 75
51 59 51 59
42 75 42 59 61 75
10 57 10 30 32 44 55 57
14 78 14 19 21 26 75 78
34 89 34 59 89
6 44 6 24 43 44
41 50 41 50
27 38 27 34 38
14 78 14 28 37 59 61 75 78
36 43 36 37 40 43
30 72 30 34 48 58 67 72
17 25 17 25
10 73 10 52 67 73
21 58 21 26 28 39 46 49 51 58
40 68 40 64 68
29 59 29 43 47 53 59
1 45 1 13 14 30 34 45
18 70 18 20 26 28 41 70
6 36 6 24 29 36
83 86 83 86
23 41 23 28 39 41
38 63 38 63
5 52 5 25 40 43 52
63 78 63 66 78
40 62 40 42 62
36 69 36 55 61 64 68 69
0 17 0 10 17
5 30 5 30
7 48 7 33 37 48
12 17 12 17
14 60 14 34 50 60
23 89 23 44 51 60 66 83 89
20 52 20 23 25 33 52
6 30 6 30
46 77 46 77
13 29 13 16 24 29
27 41 27 34 38 41
36 72 36 37 72
4 14 4 13 14
38 49 38 41 49
18 79 18 21 26 30 32 44 63 79
17 70 17 20 55 70
1 54 1 7 15 21 26 28 37 48 54
16 37 16 29 37
56 80 56 64 80
5 63 5 25 57 63
35 71 35 39 57 63 66 71
28 42 28 37 40 42
20 26 20 26
68 85 68 69 76 82 85
30 49 30 34 46 49
25 82 25 79 81 82
70 71 70 71
3 27 3 27
72 83 72 78 81 83
4 82 4 70 72 78 81 82
18 22 18 22
47 75 47 53 59 61 75
8 40 8 13 14 21 26 28 37 40
16 75 16 29 43 46 49 59 61 75
43 60 43 44 60
6 60 6 17 32 51 60
23 85 23 55 61 64 68 74 82 85
17 26 17 26
3 27 3 16 27
32 78 32 66 78
28 41 28 41
32 63 32 44 63
57 78 57 78
21 50 21 26 28 41 50
3 27 3 11 18 19 27
79 88 79 86 88
47 58 47 53 58
40 79 40 62 63 79
19 49 19 20 39 41 49
16 23 16 23
7 61 7 32 44 61
29 36 29 36
1 32 1 26 30 32
6 79 6 62 63 79
24 89 24 50 79 80 81 83 89
6 51 6 27 41 50 51
25 70 25 38 70
37 88 37 77 87 88
20 55 20 23 28 35 43 44 55
20 79 20 32 44 63 79
2 33 2 18 20 23 25 33
12 74 12 45 64 68 74
2 42 2 9 29 37 40 42
52 83 52 83
5 89 5 37 40 49 59 66 77 89
43 52 43 52
26 75 26 75
3 33 3 18 20 23 25 33
9 78 9 29 36 66 78
18 30 18 20 26 30
3 29 3 11 27 29
49 81 49 72 78 80 81
6 56 6 21 26 28 35 56
50 58 50 58
29 83 29 43 44 61 66 83
36 55 36 37 40 43 44 55
60 78 60 78
15 64 15 25 33 61 64
63 71 63 66 71
5 23 5 6 18 19 20 23
41 73 41 67 73
0 88 0 86 88
84 88 84 88
52 86 52 71 83 86
9 41 9 24 33 39 41
56 74 56 62 74
10 33 10 17 33
2 54 2 9 29 48 54
17 45 17 34 45
14 53 14 31 39 41 53
20 57 20 32 44 55 57
46 74 46 49 51 58 64 68 74
11 75 11 21 26 55 61 75
31 53 31 39 41 47 53
2 59 2 14 19 30 50 51 59
75 85 75 78 80 82 85
3 67 3 51 58 67
39 87 39 60 66 71 82 87
34 86 34 67 72 86
31 43 31 43
2 76 2 33 51 59 64 69 76
74 82 74 82
58 89 58 77 89
16 25 16 23 25
69 87 69 87
21 49 21 26 38 49
20 46 20 30 39 46
21 41 21 26 30 39 41
0 77 0 24 33 37 52 67 77
25 79 25 79
60 71 60 66 71
30 49 30 49
9 57 9 20 26 38 41 57
36 73 36 50 51 58 67 73
7 53 7 40 43 44 53
40 64 40 49 59 64
1 31 1 13 16 31
36 43 36 43
43 67 43 52 67
28 76 28 49 76
21 69 21 40 64 69
43 75 43 75
17 81 17 34 50 60 78 80 81
10 74 10 34 54 59 64 68 74
36 49 36 37 40 42 46 49
58 87 58 67 82 87
34 79 34 44 55 57 63 79
29 48 29 48
41 63 41 57 63
51 81 51 60 78 80 81
18 59 18 27 41 59
24 29 24 27 29
16 69 16 23 28 41 49 51 60 69
12 69 12 24 55 58 64 68 69
34 74 34 44 53 58 61 64 68 74
15 77 15 25 40 60 66 77
38 62 38 42 62
10 83 10 34 55 70 71 83
61 66 61 66
22 48 22 33 37 48
51 88 51 86 88
17 70 17 26 40 42 62 70
1 30 1 26 30
35 64 35 59 64
2 26 2 9 13 14 21 26
16 75 16 31 39 58 61 75
36 43 36 43
0 43 0 20 23 35 43
53 72 53 72
27 79 27 29 48 79
11 37 11 18 22 25 33 37
31 75 31 39 58 61 75
18 28 18 19 21 26 28
27 54 27 32 48 54
23 70 23 32 44 55 70
20 56 20 26 28 35 56
75 81 75 80 81
23 38 23 25 38
8 42 8 34 38 42
59 61 59 61
69 88 69 88
23 64 23 28 41 47 53 58 61 64
9 49 9 39 46 49
1 9 1 2 9
19 83 19 78 81 83
8 13 8 9 13
32 78 32 66 78
36 80 36 59 61 64 80
68 74 68 74
31 56 31 56
19 62 19 38 42 62
70 80 70 72 78 80
1 72 1 37 62 72
11 89 11 35 41 67 78 81 83 89
7 74 7 43 46 49 59 61 64 68 74
25 63 25 63
10 63 10 63
4 80 4 21 26 55 79 80
58 67 58 67
10 47 10 32 47
64 76 64 68 69 76
61 82 61 64 68 74 82
14 59 14 34 48 54 59
17 61 17 51 61
5 52 5 24 27 34 45 52
25 65 25 57 63 65
0 10 0 10
9 50 9 20 26 30 50
3 54 3 11 27 34 45 54
4 38 4 8 13 24 30 34 38
17 45 17 26 30 34 45
12 24 12 24
35 74 35 56 64 68 74
0 79 0 27 41 50 79
14 19 14 19
6 37 6 27 29 37
23 38 23 25 38
13 45 13 14 19 27 34 45
13 84 13 16 78 84
51 75 51 59 61 75
27 54 27 34 45 54
86 88 86 88
5 57 5 33 37 40 43 44 55 57
9 66 9 29 48 61 66
34 62 34 38 42 62
10 44 10 30 34 44
33 70 33 62 70
19 44 19 26 28 35 43 44
41 73 41 67 73
34 44 34 44
0 29 0 13 24 29
12 41 12 27 41
21 88 21 59 61 75 88
41 47 41 47
12 47 12 47
3 58 3 16 23 35 39 41 53 58
25 80 25 33 46 49 72 78 80
29 55 29 37 40 43 44 55
7 27 7 27
38 53 38 41 53
2 58 2 13 24 29 37 40 51 58
55 77 55 63 66 77
28 51 28 39 46 49 51
15 25 15 22 25
12 45 12 45
41 59 41 50 51 59
25 56 25 35 56
18 28 18 21 26 28
5 69 5 30 49 51 61 64 69
25 84 25 64 71 84
51 64 51 64
35 78 35 39 46 49 51 59 66 78
4 77 4 41 57 63 66 77
19 48 19 30 32 48
29 70 29 37 62 70
25 71 25 62 70 71
6 68 6 17 58 64 68
45 54 45 54
35 62 35 43 62
63 83 63 79 83
29 83 29 80 83
1 45 1 2 18 27 34 45
25 67 25 35 41 50 67
58 72 58 67 72
48 66 48 61 66
16 83 16 29 57 78 80 83
35 72 35 72
0 31 0 13 14 31
3 32 3 11 27 32
1 74 1 3 30 34 50 51 61 64 68 74
1 50 1 37 50
11 56 11 18 22 31 56
59 83 59 71 83
25 89 25 33 52 71 83 89
15 70 15 26 28 37 62 70
30 60 30 39 46 49 51 60
53 88 53 88
6 23 6 18 20 23
9 29 9 16 29
48 80 48 75 78 80
24 76 24 32 48 52 64 68 69 76
21 58 21 42 51 58
10 87 10 70 81 82 87
29 79 29 79
6 83 6 16 48 58 64 71 83
22 73 22 34 44 73
19 71 19 38 60 66 71
46 75 46 49 59 61 75
1 48 1 37 48
19 70 19 21 40 42 62 70
53 86 53 58 61 83 86
26 85 26 75 82 85
4 23 4 13 20 23
8 37 8 28 37
21 34 21 26 30 34
29 84 29 48 79 84
44 87 44 81 82 87
7 42 7 33 37 40 42
20 59 20 30 48 54 59
56 87 56 62 72 78 80 81 82 87
16 74 16 38 59 61 64 68 74
9 25 9 17 25
72 84 72 78 84
29 70 29 70
0 45 0 45
20 49 20 49
13 87 13 68 74 82 87
3 33 3 9 17 33
39 41 39 41
10 17 10 17
17 81 17 52 80 81
18 21 18 21
79 80 79 80
27 59 27 44 53 59
39 79 39 57 63 79
80 82 80 82
11 86 11 21 59 64 81 83 86
33 65 33 62 65
50 60 50 60
46 83 46 49 51 80 81 83
81 88 81 82 85 88
15 76 15 46 49 69 76
44 67 44 51 58 67
24 42 24 30 34 38 42
62 65 62 65
41 87 41 78 81 82 87
23 25 23 25
9 17 9 17
9 37 9 29 36 37
28 62 28 35 56 62
3 16 3 9 13 16
51 89 51 58 61 66 78 80 81 83 89
7 39 7 26 28 35 39
52 72 52 67 72
7 44 7 27 34 44
36 60 36 50 51 60
72 84 72 84
16 30 16 24 30
9 77 9 20 49 59 61 66 77
60 86 60 66 71 83 86
23 86 23 25 62 72 86
20 48 20 30 34 48
53 66 53 58 61 66
20 52 20 40 43 52
17 78 17 32 66 78
48 71 48 61 66 71
22 75 22 34 46 49 59 61 75
47 73 47 53 58 73
35 82 35 72 82
22 72 22 34 44 53 72
21 51 21 26 38 49 51
39 70 39 41 70
20 30 20 26 30
0 89 0 53 84 89
0 45 0 45
19 34 19 20 30 34
3 50 3 11 33 39 41 50
22 59 22 43 44 53 59
14 42 14 19 27 29 37 40 42
10 32 10 17 26 30 32
26 40 26 28 37 40
26 84 26 40 42 70 71 84
21 34 21 26 30 34
0 34 0 13 20 26 30 34
24 39 24 30 39
16 35 16 35
43 75 43 44 55 61 75
2 47 2 14 31 39 41 47
9 13 9 13
4 76 4 23 37 52 64 69 76
25 74 25 62 74
1 18 1 3 18
21 89 21 70 80 81 83 89
58 68 58 61 64 68
32 71 32 48 52 71
63 82 63 82
15 78 15 58 78
7 51 7 28 41 49 51
6 67 6 31 39 46 49 51 67
30 48 30 34 48
5 7 5 7
12 87 12 66 71 82 87
15 74 15 58 64 68 74
62 82 62 63 80 81 82
53 59 53 59
28 61 28 39 58 61
81 83 81 83
51 80 51 59 66 78 80
71 83 71 83
22 25 22 25
31 61 31 39 41 53 59 61
15 46 15 30 39 46
48 82 48 61 64 81 82
24 86 24 71 83 86
16 43 16 35 43
6 79 6 44 63 79
39 84 39 41 63 79 84
15 21 15 21
26 77 26 40 63 66 77
2 26 2 18 20 26
29 62 29 43 62
19 80 19 62 63 66 78 80
35 56 35 56
12 71 12 27 54 59 64 71
52 67 52 67
13 86 13 63 66 71 83 86
29 87 29 37 49 69 87
46 64 46 49 51 59 61 64
25 35 25 35
24 64 24 33 64
21 53 21 40 43 44 53
5 14 5 7 14
37 65 37 65
54 61 54 59 61
30 68 30 48 52 64 68
0 54 0 48 54
12 86 12 37 62 63 80 81 83 86
62 70 62 70
3 21 3 18 19 21
30 84 30 34 45 70 72 78 84
10 41 10 17 33 39 41
72 82 72 78 80 81 82
8 21 8 13 14 19 21
26 57 26 38 42 57
17 82 17 58 67 72 82
69 85 69 76 82 85
44 78 44 63 66 78
12 75 12 47 61 75
31 86 31 39 41 79 81 83 86
57 89 57 72 84 89
34 64 34 50 59 61 64
6 16 6 16
39 76 39 58 64 69 76
22 60 22 34 44 51 60
16 30 16 24 30
9 29 9 13 14 19 27 29
38 80 38 63 66 78 80
78 86 78 81 83 86
34 62 34 38 42 62
1 54 1 37 48 54
23 70 23 32 44 55 70
56 82 56 82
16 37 16 27 29 37
8 29 8 9 13 29
1 28 1 26 28
56 74 56 64 68 74
5 14 5 7 14
24 87 24 27 52 71 82 87
19 42 19 26 30 34 38 42
5 77 5 30 32 58 77
5 66 5 37 49 59 66
3 32 3 27 32
9 60 9 46 49 51 60
45 75 45 50 51 58 61 75
8 32 8 13 20 26 30 32
21 47 21 26 28 41 47
15 52 15 21 40 43 52
7 49 7 42 46 49
30 54 30 32 48 54
47 73 47 53 58 67 73
33 74 33 49 59 64 68 74
34 41 34 38 41
8 37 8 28 37
32 86 32 44 53 59 64 86
83 86 83 86
9 37 9 16 27 29 37
25 55 25 35 43 44 55
9 79 9 57 63 79
0 76 0 52 64 69 76
6 34 6 30 34
28 35 28 35
9 26 9 17 26
2 24 2 9 24
47 73 47 53 58 73
52 85 52 71 82 85
1 49 1 7 15 25 38 49
39 71 39 57 63 66 71
17 25 17 25
35 39 35 39
41 69 41 68 69
50 64 50 51 59 61 64
50 78 50 58 61 75 78
10 17 10 17
44 53 44 53
12 23 12 17 20 23
41 64 41 59 64
7 66 7 33 51 61 66
24 52 24 30 48 52
19 55 19 33 37 40 43 44 55
76 88 76 82 87 88
33 61 33 61
49 59 49 51 59
72 85 72 78 85
3 23 3 16 23
66 81 66 78 80 81
30 80 30 39 60 78 80
15 81 15 46 49 72 78 80 81
45 75 45 75
10 41 10 17 34 38 41
13 85 13 14 70 72 82 85
11 61 11 27 34 48 58 61
19 42 19 38 42
15 41 15 25 35 41
63 66 63 66
63 88 63 88
59 83 59 61 75 78 80 83
21 59 21 59
5 73 5 37 40 51 67 73
30 79 30 50 79
50 76 50 59 69 76
34 55 34 55
79 81 79 80 81
30 84 30 34 44 55 67 72 78 84
32 89 32 66 71 83 89
78 82 78 80 82
38 67 38 49 51 67
28 77 28 77
44 61 44 61
25 65 25 33 65
47 67 47 67
32 44 32 44
12 25 12 17 20 23 25
29 86 29 75 78 80 83 86
41 59 41 59
13 83 13 63 80 83
1 59 1 7 38 59
45 83 45 54 72 78 80 83
7 42 7 25 38 42
51 65 51 58 64 65
50 76 50 58 61 64 69 76
13 76 13 26 28 35 76
61 74 61 64 68 74
12 77 12 45 50 67 77
64 65 64 65
6 73 6 24 54 73
38 83 38 49 51 80 81 83
36 43 36 43
29 77 29 43 47 61 66 77
18 73 18 20 49 51 67 73
6 68 6 44 53 58 61 64 68
34 55 34 45 55
21 88 21 59 66 78 85 88
60 69 60 69
38 47 38 41 47
0 89 0 17 78 81 83 89
5 77 5 44 53 58 67 77
53 87 53 72 87
81 87 81 82 87
54 87 54 71 82 87
10 81 10 70 81
45 50 45 50
0 74 0 27 34 47 53 59 64 68 74
46 66 46 49 51 60 66
15 80 15 58 61 66 78 80
37 80 37 59 66 78 80
7 84 7 29 43 52 71 84
11 59 11 27 54 59
14 64 14 59 61 64
41 66 41 59 61 66
25 49 25 40 43 46 49
59 77 59 61 66 77
27 53 27 44 53
28 80 28 78 80
26 58 26 28 39 58
29 52 29 48 52
0 33 0 13 24 33
35 74 35 59 64 68 74
38 77 38 42 57 63 66 77
13 49 13 49
9 38 9 16 23 25 38
40 78 40 63 66 78
9 79 9 57 63 79
41 76 41 49 76
35 69 35 41 47 61 64 68 69
34 83 34 50 59 71 83
54 72 54 67 72
45 59 45 50 51 59
47 83 47 75 83
49 74 49 59 61 64 68 74
79 88 79 84 88
42 75 42 59 61 75
46 60 46 49 51 60
47 53 47 53
36 89 36 66 78 81 83 89
15 60 15 22 31 43 46 49 51 60
23 65 23 35 56 62 65
45 79 45 50 79
26 42 26 42
39 71 39 57 63 66 71
57 84 57 78 84
11 37 11 27 29 36 37
20 37 20 23 28 37
50 79 50 79
70 86 70 71 83 86
20 49 20 23 37 40 43 46 49
19 41 19 21 26 30 41
61 85 61 66 71 82 85
35 71 35 56 62 70 71
4 28 4 8 28
17 70 17 20 32 44 55 70
9 39 9 16 24 30 39
9 25 9 20 23 25
35 71 35 39 41 70 71
27 70 27 34 55 70
11 58 11 35 43 44 51 58
14 88 14 30 44 60 66 71 83 88
43 70 43 70
66 81 66 78 81
7 63 7 27 29 43 62 63
33 81 33 67 72 78 80 81
11 26 11 21 26
63 80 63 80
3 11 3 11
25 40 25 33 37 40
13 39 13 20 26 28 35 39
2 30 2 9 20 26 30
14 42 14 25 33 37 40 42
35 89 35 39 60 66 71 83 89
41 60 41 50 60
52 77 52 77
17 25 17 25
26 60 26 42 46 49 51 60
37 59 37 51 59
5 40 5 7 29 36 37 40
33 50 33 37 50
13 63 13 14 28 41 63
38 89 38 70 72 84 89
43 46 43 46
25 39 25 33 39
11 27 11 27
48 58 48 58
70 78 70 72 78
36 67 36 43 44 53 58 67
1 48 1 7 29 36 37 48
47 72 47 67 72
63 83 63 83
33 65 33 65
50 67 50 51 67
36 89 36 59 61 64 81 83 89
14 72 14 70 72
50 82 50 64 80 82
17 58 17 58
22 68 22 31 68
19 49 19 21 42 46 49
49 87 49 59 61 64 80 82 87
30 50 30 50
15 58 15 30 49 51 58
17 89 17 25 81 83 89
44 61 44 55 58 61
2 32 2 9 17 20 26 30 32
5 77 5 24 54 59 77
16 31 16 31
37 68 37 51 61 64 68
2 68 2 31 56 64 68
30 58 30 44 55 58
18 84 18 27 54 75 78 84
48 83 48 75 80 83
8 32 8 13 14 30 32
7 29 7 14 19 27 29
67 77 67 77
2 25 2 18 20 23 25
25 73 25 33 37 48 58 67 73
18 27 18 27
2 87 2 78 81 82 87
28 58 28 39 58
12 62 12 26 30 34 38 42 62
56 80 56 78 80
12 25 12 17 25
20 30 20 30
52 83 52 64 80 81 83
7 89 7 27 58 67 78 84 89
1 49 1 26 38 49
44 75 44 61 75
44 55 44 55
18 47 18 22 31 43 47
11 57 11 20 26 30 39 57
19 27 19 27
13 68 13 20 59 61 64 68
5 25 5 7 25
35 50 35 41 50
81 85 81 82 85
19 38 19 27 34 38
41 72 41 50 67 72
80 81 80 81
21 35 21 26 28 35
21 64 21 42 64
46 61 46 49 51 59 61
5 83 5 64 71 83
14 52 14 25 40 43 52
16 23 16 23
51 59 51 59
7 44 7 25 35 43 44
83 89 83 89
11 46 11 35 43 46
1 2 1 2
62 77 62 63 66 77
7 34 7 15 26 30 34
5 81 5 81
33 82 33 39 76 82
40 76 40 64 68 69 76
37 40 37 40
2 50 2 9 16 29 36 50
29 69 29 43 44 55 58 64 69
52 80 52 80
24 43 24 29 36 43
0 67 0 48 58 67
19 85 19 43 70 82 85
35 59 35 43 44 51 59
32 85 32 51 58 67 72 82 85
40 89 40 63 83 89
39 85 39 58 64 82 85
20 59 20 59
85 88 85 88
32 86 32 66 78 80 83 86
20 30 20 30
30 84 30 34 48 54 67 78 84
19 69 19 69
24 63 24 27 41 63
8 13 8 13
1 42 1 26 38 42
39 49 39 46 49
2 41 2 14 28 35 41
29 86 29 80 81 83 86
2 73 2 14 19 26 38 49 51 58 67 73
28 55 28 37 40 43 44 55
0 21 0 13 14 19 21
33 85 33 85
0 20 0 13 20
14 19 14 19
23 47 23 37 40 43 47
13 30 13 20 26 30
10 46 10 17 20 40 43 46
13 39 13 28 35 39
39 46 39 46
16 50 16 24 34 38 41 50
25 85 25 81 82 85
26 50 26 30 34 50
17 52 17 33 52
24 33 24 33
1 76 1 26 38 49 59 64 69 76
24 88 24 73 88
40 88 40 62 74 82 87 88
45 59 45 50 59
4 68 4 13 24 27 54 59 61 64 68
61 66 61 66
19 86 19 78 80 81 83 86
38 53 38 41 47 53
13 16 13 16
37 44 37 40 43 44
55 63 55 63
44 68 44 51 58 64 68
22 33 22 33
3 50 3 15 26 30 39 41 50
5 25 5 6 15 25
4 29 4 13 14 19 27 29
22 86 22 25 81 83 86
35 47 35 39 41 47
8 84 8 33 52 64 71 84
76 85 76 82 85
14 44 14 30 44
51 74 51 74
9 50 9 13 24 50
8 70 8 13 24 29 43 62 70
37 71 37 40 49 59 71
21 59 21 26 28 37 40 49 51 59
29 36 29 36
6 47 6 24 32 47
6 71 6 40 64 71
81 88 81 83 88
25 55 25 35 43 44 55
29 59 29 48 54 59
18 55 18 20 26 40 43 44 55
18 48 18 19 26 30 48
18 19 18 19
51 74 51 74
24 75 24 50 58 61 75
27 72 27 29 43 46 49 72
39 49 39 41 49
41 64 41 49 51 61 64
6 85 6 15 60 66 78 81 82 85
27 84 27 41 72 84
6 56 6 16 28 35 56
40 76 40 42 46 49 76
11 50 11 20 39 41 50
12 62 12 26 40 43 62
12 33 12 24 33
37 87 37 49 69 87
14 64 14 34 55 61 64
37 87 37 50 51 80 81 82 87
0 13 0 13
25 82 25 82
0 54 0 13 26 30 34 45 54
8 30 8 9 20 30
60 82 60 78 81 82
7 35 7 15 22 25 35
34 86 34 47 83 86
20 76 20 49 59 64 68 69 76
18 82 18 27 70 71 82
16 50 16 50
51 59 51 59
20 81 20 72 78 81
55 78 55 70 72 78
15 85 15 22 62 63 79 81 82 85
42 83 42 64 80 83
25 81 25 57 78 80 81
13 88 13 46 88
34 83 34 50 67 78 81 83
6 44 6 44
22 62 22 31 43 62
13 85 13 85
33 80 33 51 67 72 78 80
8 85 8 34 48 58 78 80 82 85
9 79 9 62 63 79
8 21 8 9 13 14 19 21
30 79 30 34 79
81 85 81 82 85
9 53 9 32 44 53
6 47 6 30 34 47
12 47 12 37 40 43 47
14 27 14 19 27
42 57 42 57
61 66 61 66
22 35 22 25 35
4 79 4 13 63 79
25 81 25 38 49 51 64 80 81
30 79 30 41 50 79
21 55 21 26 30 32 44 55
5 25 5 7 15 22 25
36 74 36 43 64 68 74
8 67 8 34 67
32 63 32 44 63
49 87 49 51 74 82 87
10 59 10 30 32 51 59
26 69 26 55 58 64 69
29 36 29 36
40 85 40 85
11 37 11 18 19 26 28 37
15 33 15 25 33
16 35 16 35
49 85 49 85
46 67 46 49 51 67
41 61 41 53 58 61
14 79 14 19 21 40 62 63 79
23 59 23 25 35 39 46 49 59
30 68 30 32 47 61 64 68
3 60 3 11 18 27 29 36 60
40 76 40 64 69 76
20 66 20 59 61 66
44 51 44 51
6 83 6 24 33 64 71 83
40 42 40 42
27 65 27 58 64 65
2 32 2 13 14 19 27 32
60 88 60 82 87 88
7 42 7 33 37 40 42
7 61 7 42 59 61
17 39 17 33 39
25 80 25 62 72 78 80
13 67 13 24 55 67
41 73 41 50 67 73
37 42 37 40 42
2 38 2 9 16 23 25 38
61 74 61 64 68 74
36 89 36 37 62 72 78 81 83 89
20 54 20 54
14 88 14 68 74 85 88
45 55 45 55
37 48 37 48
8 20 8 9 13 20
56 77 56 62 63 66 77
0 51 0 27 44 51
1 54 1 37 48 54
35 86 35 39 60 66 78 81 83 86
39 85 39 69 76 82 85
0 51 0 10 44 51
0 31 0 13 16 31
26 40 26 40
1 13 1 13
59 83 59 66 71 83
21 50 21 26 28 41 50
11 52 11 18 21 26 40 43 52
21 70 21 26 55 70
15 47 15 30 39 41 47
25 46 25 33 37 40 43 46
60 86 60 66 78 81 83 86
8 82 8 58 78 80 82
40 64 40 43 64
20 74 20 49 59 61 64 68 74
18 38 18 20 23 25 38
14 31 14 31
9 50 9 20 26 28 35 41 50
11 44 11 20 26 28 37 40 43 44
70 80 70 72 78 80
14 53 14 28 39 41 47 53
3 67 3 11 27 41 49 51 67
23 33 23 25 33
10 85 10 67 72 82 85
58 78 58 67 78
4 58 4 8 13 28 35 41 49 51 58
38 41 38 41
45 52 45 52
28 82 28 69 76 82
53 66 53 58 61 66
48 82 48 75 78 81 82
41 69 41 50 51 61 64 68 69
5 69 5 7 14 68 69
14 86 14 78 81 83 86
54 80 54 59 64 80
59 89 59 61 64 71 83 89
3 16 3 16
11 77 11 35 39 60 66 77
35 84 35 39 58 67 72 78 84
18 65 18 20 49 59 65
20 76 20 56 64 69 76
58 65 58 61 64 65
30 72 30 49 72
18 82 18 22 64 68 69 76 82
43 70 43 70
15 64 15 25 64
48 87 48 61 66 71 82 87
5 42 5 37 40 42
4 74 4 23 28 37 59 64 68 74
23 86 23 49 51 58 61 83 86
23 89 23 57 78 81 83 89
41 81 41 78 80 81
13 68 13 29 37 51 59 64 68
9 85 9 29 70 71 82 85
6 16 6 16
7 34 7 15 30 34
41 72 41 70 72
14 77 14 42 62 63 66 77
44 81 44 55 67 78 80 81
18 42 18 34 38 42
4 56 4 13 26 28 35 56
7 70 7 25 33 37 40 62 70
14 61 14 28 37 49 51 61
14 30 14 19 20 26 30
32 83 32 47 53 80 83
38 75 38 49 59 61 75
34 73 34 38 42 46 49 51 58 67 73
36 60 36 60
38 46 38 42 46
5 40 5 36 37 40
37 40 37 40
9 46 9 46
31 57 31 39 41 57
4 56 4 56
0 54 0 10 17 33 37 48 54
62 77 62 63 66 77
11 77 11 59 77
38 83 38 41 67 78 80 83
33 48 33 37 48
27 62 27 34 38 42 62
4 72 4 41 49 72
52 72 52 67 72
6 17 6 17
58 81 58 61 75 78 80 81
75 78 75 78
84 88 84 88
18 38 18 27 34 38
24 29 24 29
39 57 39 41 57
0 89 0 89
72 85 72 78 81 82 85
33 39 33 39
11 46 11 33 39 46
13 14 13 14
22 37 22 25 33 37
36 59 36 37 59
44 57 44 55 57
38 51 38 42 46 49 51
55 79 55 79
40 89 40 43 77 89
44 87 44 64 68 69 87
10 32 10 17 32
13 87 13 64 80 82 87
2 85 2 56 78 85
39 79 39 41 57 63 79
64 88 64 87 88
48 68 48 61 64 68
32 53 32 47 53
6 81 6 21 26 30 41 67 72 78 80 81
40 55 40 43 44 55
25 67 25 33 67
25 39 25 35 39
20 35 20 26 28 35
28 72 28 49 72
9 50 9 20 23 25 38 41 50
29 36 29 36
6 51 6 37 49 51
5 80 5 24 50 67 72 78 80
72 81 72 78 80 81
9 37 9 20 23 37
19 42 19 30 34 38 42
17 32 17 26 30 32
22 65 22 25 61 64 65
1 88 1 68 69 76 82 87 88
0 46 0 20 30 39 46
24 39 24 33 39
8 54 8 13 48 54
30 85 30 68 69 76 82 85
52 87 52 78 81 82 87
43 76 43 52 64 68 69 76
2 37 2 13 14 28 37
48 68 48 61 64 68
21 49 21 42 46 49
51 80 51 67 72 78 80
4 38 4 8 9 20 30 34 38
18 37 18 20 23 28 37
29 86 29 43 80 83 86
8 19 8 13 14 19
33 62 33 62
2 18 2 18
54 72 54 67 72
50 59 50 59
13 44 13 36 43 44
9 32 9 16 27 32
54 77 54 59 61 66 77
58 75 58 61 75
1 41 1 13 28 35 41
10 45 10 30 34 45
41 76 41 49 51 58 68 69 76
12 60 12 32 44 60
18 28 18 21 26 28
17 70 17 32 44 55 70
30 80 30 48 58 61 75 78 80
8 74 8 33 62 74
15 61 15 25 38 42 51 59 61
28 60 28 37 49 51 60
45 50 45 50
28 46 28 35 43 46
51 73 51 67 73
71 84 71 84
0 33 0 10 24 33
21 32 21 26 30 32
76 85 76 82 85
21 82 21 40 51 61 66 71 82
80 89 80 81 83 89
47 53 47 53
10 63 10 17 20 32 44 63
20 52 20 32 48 52
21 58 21 42 46 49 51 58
79 87 79 81 82 87
1 74 1 58 61 64 68 74
13 62 13 26 28 35 43 62
2 86 2 78 81 83 86
14 27 14 19 27
4 84 4 13 14 19 27 53 84
4 38 4 21 26 30 34 38
25 80 25 57 78 80
34 63 34 44 63
31 83 31 43 52 80 83
12 62 12 27 29 43 62
27 84 27 32 66 71 84
53 65 53 58 64 65
43 52 43 52
0 83 0 59 71 83
7 14 7 14
3 49 3 38 42 46 49
29 66 29 48 54 59 66
32 47 32 47
18 75 18 19 38 59 61 75
72 87 72 78 80 81 82 87
10 26 10 17 26
15 53 15 22 31 43 47 53
52 77 52 77
25 70 25 33 37 40 62 70
10 51 10 24 34 44 51
4 60 4 49 51 60
17 29 17 29
46 67 46 49 51 67
34 81 34 48 54 75 78 80 81
12 89 12 60 78 81 83 89
13 67 13 46 49 51 67
1 53 1 13 24 43 47 53
13 31 13 16 31
11 58 11 58
32 83 32 48 79 83
17 33 17 33
40 44 40 43 44
8 28 8 28
2 82 2 14 25 57 82
24 52 24 30 48 52
40 43 40 43
7 56 7 14 25 35 56
75 80 75 80
6 51 6 18 27 29 36 50 51
56 68 56 64 68
26 69 26 38 60 69
29 64 29 48 52 64
18 19 18 19
2 14 2 9 13 14
71 88 71 83 86 88
30 85 30 53 82 85
6 67 6 18 20 54 67
29 84 29 43 52 71 84
8 68 8 34 44 55 58 68
4 37 4 23 28 37
33 87 33 72 87
23 87 23 70 81 82 87
26 58 26 42 46 49 51 58
26 59 26 28 49 51 59
18 42 18 22 34 38 42
18 47 18 20 23 28 35 41 47
0 70 0 27 41 70
38 67 38 49 51 58 67
39 76 39 46 49 51 60 69 76
33 52 33 37 52
9 26 9 13 20 26
5 66 5 36 55 63 66
43 69 43 46 49 69
28 59 28 37 49 51 59
80 82 80 82
9 77 9 13 48 54 59 77
6 15 6 15
5 52 5 24 33 52
12 71 12 44 64 71
24 32 24 32
53 86 53 72 78 81 83 86
57 65 57 65
20 82 20 49 76 82
59 69 59 61 64 69
18 30 18 19 21 26 30
25 65 25 40 43 47 61 64 65
11 38 11 18 22 34 38
19 68 19 20 59 64 68
2 78 2 18 27 34 44 51 67 72 78
67 87 67 78 80 82 87
32 68 32 47 53 59 64 68
23 55 23 28 37 40 43 44 55
8 53 8 40 43 44 53
40 86 40 78 81 83 86
15 81 15 22 43 64 80 81
7 58 7 27 34 45 55 58
46 64 46 49 51 58 61 64
48 76 48 61 64 69 76
35 63 35 56 62 63
3 28 3 23 28
79 87 79 81 82 87
8 80 8 62 63 66 78 80
32 47 32 47
4 78 4 21 40 78
41 63 41 63
3 29 3 16 29
44 84 44 63 66 78 84
0 53 0 17 25 35 43 47 53
28 58 28 41 47 53 58
5 88 5 75 83 86 88
70 82 70 80 82
10 86 10 44 51 80 81 83 86
31 51 31 43 44 51
43 73 43 47 53 58 67 73
26 62 26 30 34 38 42 62
6 70 6 24 55 70
13 77 13 29 57 63 66 77
40 55 40 43 44 55
0 82 0 27 70 71 82
76 88 76 82 85 88
59 84 59 61 75 78 84
7 40 7 25 40
22 88 22 87 88
21 59 21 59
4 49 4 49
14 78 14 28 78
34 46 34 46
69 88 69 88
3 76 3 37 40 49 59 61 64 69 76
23 37 23 37
76 88 76 82 85 88
72 80 72 78 80
14 44 14 28 37 40 43 44
21 79 21 42 57 63 79
12 33 12 17 33
18 79 18 63 79
4 77 4 13 14 30 41 66 77
31 68 31 43 44 51 64 68
11 18 11 18
57 80 57 72 78 80
21 26 21 26
38 80 38 70 72 78 80
79 82 79 80 82
30 83 30 32 47 53 59 61 66 83
20 71 20 71
63 80 63 79 80
42 71 42 51 58 61 64 71
36 84 36 66 78 84
10 73 10 47 53 58 73
25 59 25 38 42 46 49 59
3 14 3 9 13 14
59 84 59 61 75 78 84
18 79 18 22 31 56 62 63 79
18 49 18 21 26 40 42 46 49
18 77 18 59 77
40 82 40 64 71 82
1 80 1 3 37 51 64 80
2 14 2 9 13 14
4 26 4 21 26
45 75 45 54 75
29 55 29 36 37 40 43 44 55
27 78 27 54 75 78
48 58 48 58
60 82 60 69 76 82
58 64 58 64
39 46 39 46
45 54 45 54
24 83 24 83
52 64 52 64
5 6 5 6
25 81 25 80 81
23 63 23 37 40 62 63
55 87 55 70 80 81 82 87
12 45 12 17 20 26 30 34 45
0 67 0 53 58 67
5 34 5 6 17 26 30 34
6 55 6 21 26 28 37 40 43 44 55
27 41 27 41
26 48 26 30 48
80 82 80 82
61 81 61 64 81
41 68 41 49 59 64 68
12 62 12 17 33 37 40 42 62
33 64 33 49 51 58 64
37 52 37 52
10 81 10 34 44 55 79 80 81
20 85 20 26 75 80 82 85
1 86 1 39 41 78 80 81 83 86
20 79 20 23 35 41 57 63 79
0 74 0 13 68 74
5 6 5 6
11 61 11 18 20 54 59 61
4 56 4 8 28 35 56
29 59 29 48 54 59
45 50 45 50
10 26 10 17 26
19 33 19 33
27 44 27 29 43 44
43 86 43 62 63 66 78 81 83 86
58 66 58 61 66
18 73 18 21 40 51 67 73
44 67 44 51 58 67
34 78 34 44 78
0 37 0 20 26 28 37
10 74 10 24 29 43 62 74
40 72 40 72
14 28 14 19 26 28
63 88 63 88
13 88 13 49 72 88
37 66 37 59 61 66
16 33 16 24 33
20 86 20 71 83 86
30 66 30 50 58 61 66
23 62 23 35 56 62
7 37 7 33 37
2 74 2 14 42 59 61 64 68 74
55 57 55 57
45 54 45 54
56 85 56 62 70 71 82 85
5 32 5 7 27 32
21 68 21 59 64 68
51 88 51 86 88
11 65 11 58 61 64 65
32 86 32 71 83 86
26 86 26 67 78 80 83 86
30 39 30 39
17 45 17 26 30 34 45
22 31 22 31
9 79 9 13 63 79
87 88 87 88
43 57 43 44 55 57
24 53 24 43 44 53
57 72 57 72
21 54 21 26 30 54
21 47 21 26 30 39 41 47
0 88 0 52 77 88
54 72 54 72
43 69 43 47 61 64 69
10 73 10 17 55 58 73
22 31 22 31
82 88 82 85 88
9 81 9 29 81
38 50 38 41 50
1 30 1 26 30
13 26 13 14 19 26
25 70 25 38 42 70
16 75 16 31 39 58 61 75
29 36 29 36
27 86 27 72 86
3 54 3 15 25 33 37 48 54
20 57 20 23 35 39 41 57
78 82 78 81 82
21 82 21 26 69 76 82
11 76 11 59 64 69 76
26 88 26 40 72 78 80 83 88
4 21 4 21
19 71 19 26 42 51 60 66 71
44 60 44 60
56 71 56 62 70 71
35 65 35 41 53 58 61 64 65
55 67 55 67
18 59 18 22 34 46 49 59
17 82 17 33 72 82
17 34 17 34
42 51 42 46 49 51
59 65 59 65
10 86 10 47 83 86
34 65 34 38 59 61 64 65
3 82 3 21 42 62 70 82
8 30 8 13 24 30
6 74 6 15 46 49 59 61 64 68 74
48 87 48 52 71 82 87
0 70 0 17 70
4 37 4 23 28 37
12 56 12 17 20 23 28 35 56
50 51 50 51
15 80 15 26 40 64 80
2 77 2 23 28 37 50 58 67 77
21 74 21 40 42 62 74
11 18 11 18
16 85 16 28 68 74 82 85
23 42 23 28 37 40 42
28 89 28 39 57 72 84 89
11 18 11 18
20 81 20 55 63 80 81
43 49 43 46 49
14 34 14 19 27 34
8 86 8 33 67 72 78 80 83 86
44 73 44 53 58 67 73
12 78 12 45 50 67 78
7 87 7 40 60 66 78 81 82 87
26 28 26 28
56 62 56 62
53 81 53 72 78 81
39 41 39 41
35 74 35 43 62 74
4 44 4 40 43 44
2 81 2 70 80 81
55 83 55 67 78 80 81 83
13 14 13 14
9 81 9 46 49 51 64 80 81
45 89 45 55 89
14 76 14 31 43 64 69 76
21 47 21 26 30 34 38 41 47
45 67 45 52 67
18 82 18 22 60 69 76 82
62 72 62 70 72
25 55 25 40 43 44 55
39 66 39 41 59 66
30 83 30 50 60 66 83
7 89 7 89
58 75 58 61 75
25 67 25 40 42 51 58 67
36 59 36 59
3 85 3 64 82 85
23 84 23 32 44 55 57 63 79 84
51 75 51 59 61 75
51 81 51 67 72 78 80 81
30 34 30 34
42 79 42 57 63 79
19 44 19 26 28 35 43 44
36 48 36 48
6 21 6 18 19 21
9 59 9 45 50 51 59
85 88 85 88
28 46 28 46
49 81 49 51 67 72 78 81
7 73 7 39 46 49 51 58 67 73
26 69 26 38 49 59 61 64 68 69
29 61 29 48 58 61
84 89 84 89
51 68 51 61 64 68
76 82 76 82
13 88 13 88
30 69 30 41 49 69
7 73 7 73
3 32 3 18 20 30 32
6 31 6 15 22 31
23 70 23 70
22 42 22 25 40 42
4 8 4 8
45 66 45 63 66
13 50 13 24 30 34 45 50
13 88 13 48 58 73 88
25 82 25 81 82
11 35 11 20 23 35
2 41 2 14 21 26 28 39 41
7 57 7 26 38 41 57
9 66 9 46 49 59 66
50 59 50 51 59
12 37 12 37
58 74 58 68 74
12 44 12 32 44
14 31 14 31
53 77 53 77
34 65 34 65
18 68 18 27 41 50 51 61 64 68
11 25 11 18 19 20 23 25
20 51 20 30 44 51
57 86 57 80 83 86
18 46 18 20 23 25 35 43 46
16 33 16 24 33
63 83 63 83
27 86 27 58 64 71 83 86
70 72 70 72
80 81 80 81
40 44 40 43 44
48 75 48 58 61 75
3 38 3 18 21 26 30 34 38
40 46 40 42 46
36 49 36 43 46 49
22 86 22 60 86
55 66 55 63 66
3 28 3 15 21 26 28
40 78 40 62 72 78
18 72 18 20 30 44 51 58 67 72
11 21 11 21
23 25 23 25
11 61 11 20 32 48 61
13 26 13 26
43 68 43 44 61 64 68
4 60 4 60
30 64 30 53 59 61 64
16 74 16 31 43 47 61 64 68 74
23 57 23 35 39 41 57
11 77 11 20 66 77
26 39 26 30 39
6 85 6 85
9 57 9 39 57
75 80 75 80
51 75 51 59 61 75
27 70 27 34 38 70
72 85 72 78 85
62 77 62 63 66 77
2 65 2 33 62 63 65
34 73 34 67 73
77 87 77 87
13 20 13 20
9 25 9 16 23 25
1 59 1 13 49 59
22 45 22 34 45
10 63 10 32 44 63
10 85 10 58 85
49 78 49 51 61 66 78
71 82 71 82
4 87 4 40 78 80 81 82 87
26 38 26 38
11 89 11 64 81 83 89
0 52 0 52
46 74 46 49 59 61 64 68 74
15 85 15 58 61 75 80 81 82 85
40 47 40 43 47
5 42 5 7 38 42
8 72 8 41 50 51 58 67 72
37 75 37 51 58 61 75
21 43 21 40 43
11 44 11 21 26 30 34 44
46 67 46 49 51 58 67
42 69 42 64 69
44 74 44 61 64 68 74
33 46 33 46
35 62 35 56 62
30 53 30 53
14 41 14 30 34 38 41
6 85 6 71 82 85
23 35 23 35
3 42 3 18 22 25 33 37 40 42
25 65 25 62 65
8 65 8 40 63 65
47 71 47 61 64 71
9 30 9 24 30
1 7 1 7
39 89 39 46 49 77 89
32 51 32 51
7 37 7 14 28 37
72 83 72 78 80 83
64 65 64 65
41 70 41 70
3 30 3 9 17 20 30
40 75 40 43 44 61 75
16 82 16 68 69 76 82
9 60 9 45 50 60
20 51 20 32 44 51
17 33 17 20 23 25 33
32 83 32 58 64 81 83
13 29 13 14 19 27 29
45 79 45 50 79
2 70 2 18 27 34 45 55 70
60 69 60 69
59 89 59 89
58 87 58 78 81 82 87
66 78 66 78
9 40 9 13 14 28 37 40
8 54 8 33 37 48 54
55 87 55 79 80 82 87
36 60 36 43 46 49 51 60
25 76 25 40 43 64 69 76
2 76 2 56 64 68 69 76
24 63 24 55 63
28 89 28 46 49 59 89
39 84 39 57 63 66 71 84
39 46 39 46
9 20 9 17 20
28 85 28 35 69 76 82 85
23 53 23 25 40 43 47 53
40 65 40 64 65
19 82 19 69 76 82
9 78 9 62 72 78
25 62 25 33 62
40 80 40 49 51 67 78 80
26 74 26 38 41 47 53 59 64 68 74
61 81 61 64 80 81
30 49 30 41 49
57 80 57 63 79 80
23 64 23 35 56 64
51 85 51 58 85
23 86 23 81 83 86
27 66 27 54 59 61 66
24 78 24 54 75 78
28 48 28 37 48
40 76 40 51 60 69 76
62 66 62 63 66
62 63 62 63
11 77 11 33 39 58 77
10 79 10 30 48 79
7 41 7 33 39 41
6 18 6 18
23 74 23 37 52 64 68 74
23 68 23 25 40 68
69 82 69 76 82
1 89 1 19 26 38 70 72 78 80 81 83 89
20 76 20 59 64 69 76
24 89 24 32 47 53 84 89
19 46 19 43 46
27 65 27 34 46 49 51 59 64 65
14 52 14 34 48 52
16 36 16 24 29 36
58 67 58 67
42 46 42 46
46 60 46 49 51 60
77 89 77 89
79 89 79 80 81 83 89
4 26 4 13 14 21 26
19 39 19 33 39
1 61 1 2 18 59 61
46 85 46 49 69 76 82 85
51 74 51 61 64 68 74
43 70 43 70
11 64 11 33 51 58 61 64
51 60 51 60
16 89 16 35 39 41 57 78 81 83 89
38 77 38 63 66 77
36 66 36 55 58 61 66
44 64 44 61 64
11 20 11 18 19 20
4 20 4 13 20
67 72 67 72
28 77 28 41 57 63 66 77
53 71 53 59 64 71
6 50 6 16 31 39 41 50
35 82 35 56 62 70 71 82
6 21 6 15 21
59 69 59 61 64 69
53 71 53 58 64 71
13 68 13 14 28 68
1 59 1 37 49 51 59
25 74 25 40 62 74
38 73 38 42 51 73
40 49 40 49
2 41 2 23 35 39 41
25 35 25 35
10 73 10 32 53 58 73
2 24 2 13 24
41 57 41 57
2 82 2 60 78 80 81 82
8 42 8 28 37 40 42
2 18 2 18
12 89 12 50 58 61 66 71 83 89
34 38 34 38
72 80 72 78 80
34 66 34 54 59 66
24 85 24 30 80 82 85
27 53 27 34 47 53
21 44 21 40 43 44
8 32 8 9 16 27 32
7 26 7 14 19 21 26
58 75 58 61 75
27 43 27 29 43
3 77 3 51 60 66 77
63 83 63 66 78 80 83
23 43 23 37 40 43
37 42 37 40 42
25 33 25 33
23 68 23 37 48 54 59 61 64 68
49 77 49 51 60 66 77
15 69 15 26 40 42 59 61 64 68 69
2 89 2 63 83 89
4 71 4 60 66 71
69 87 69 87
26 77 26 42 57 63 66 77
36 59 36 59
41 47 41 47
29 69 29 43 46 49 69
15 87 15 60 66 78 81 82 87
42 75 42 59 61 75
38 63 38 41 57 63
8 47 8 13 28 35 41 47
16 85 16 69 76 82 85
12 70 12 17 70
26 37 26 28 37
9 44 9 29 43 44
4 58 4 30 32 51 58
47 71 47 53 59 71
36 71 36 37 48 61 66 71
18 83 18 27 72 78 80 81 83
37 70 37 62 70
19 33 19 33
14 20 14 19 20
1 55 1 2 18 21 26 55
60 81 60 66 78 81
54 73 54 73
10 52 10 52
41 73 41 73
23 87 23 55 57 63 79 80 82 87
19 51 19 21 26 42 51
47 61 47 61
18 89 18 72 78 81 83 89
52 89 52 77 89
7 27 7 27
21 49 21 42 46 49
25 74 25 64 68 74
44 57 44 55 57
27 65 27 41 53 58 64 65
81 87 81 82 87
20 80 20 56 64 80
28 61 28 41 49 51 58 61
10 58 10 44 55 58
52 64 52 64
66 71 66 71
6 48 6 15 26 28 37 48
53 84 53 59 61 75 78 84
40 71 40 43 70 71
7 88 7 84 88
40 62 40 43 62
10 39 10 30 39
1 61 1 26 38 49 59 61
2 61 2 14 59 61
28 77 28 49 77
56 80 56 78 80
7 64 7 39 46 49 59 64
27 79 27 29 57 63 79
29 43 29 37 40 43
33 81 33 64 80 81
25 76 25 40 68 69 76
2 65 2 14 59 65
45 67 45 50 58 67
42 87 42 62 72 78 81 82 87
28 58 28 35 41 50 51 58
38 59 38 59
46 82 46 49 59 69 76 82
28 89 28 49 72 78 81 83 89
38 75 38 42 46 49 51 61 75
3 38 3 9 20 23 25 38
49 81 49 72 78 81
6 88 6 88
16 29 16 24 29
6 57 6 31 39 57
38 46 38 42 46
51 71 51 59 61 66 71
40 88 40 78 80 83 86 88
6 62 6 16 62
26 62 26 42 62
51 59 51 59
38 49 38 49
55 76 55 58 68 69 76
7 42 7 14 19 20 30 34 38 42
29 53 29 37 40 43 44 53
27 72 27 72
2 87 2 56 62 72 82 87
44 72 44 53 58 67 72
21 26 21 26
56 69 56 64 68 69
17 79 17 34 44 79
67 82 67 82
45 69 45 54 59 69
0 76 0 24 52 64 69 76
9 57 9 57
4 87 4 69 87
54 64 54 59 64
7 19 7 14 19
32 66 32 47 61 66
64 80 64 80
19 42 19 20 40 42
49 81 49 51 59 61 64 80 81
45 73 45 55 67 73
25 84 25 61 75 78 84
48 52 48 52
25 73 25 40 42 46 49 51 67 73
40 72 40 43 62 70 72
4 8 4 8
55 79 55 57 63 79
64 65 64 65
34 50 34 38 41 50
64 71 64 71
8 45 8 9 20 26 30 34 45
8 74 8 28 58 64 68 74
19 83 19 33 62 70 80 81 83
37 78 37 49 59 61 75 78
17 32 17 26 30 32
53 72 53 58 67 72
62 74 62 74
40 60 40 43 44 51 60
2 59 2 14 34 46 49 51 59
3 88 3 15 69 88
47 83 47 83
46 83 46 49 51 67 78 81 83
35 69 35 39 41 50 58 61 64 69
10 76 10 32 44 61 64 69 76
24 79 24 50 79
18 85 18 59 71 82 85
38 46 38 42 46
56 69 56 64 69
13 14 13 14
51 88 51 73 88
2 57 2 23 28 35 41 57
4 54 4 8 33 37 48 54
0 40 0 17 26 40
4 74 4 8 40 51 64 68 74
15 21 15 21
6 78 6 16 27 41 72 78
29 52 29 48 52
0 87 0 48 52 67 77 87
12 69 12 45 50 59 61 64 69
58 66 58 61 66
43 77 43 77
55 79 55 79
26 45 26 30 34 45
34 52 34 45 52
45 63 45 57 63
0 17 0 10 17
7 37 7 15 21 26 28 37
20 88 20 66 77 87 88
20 66 20 59 66
67 78 67 78
0 51 0 44 51
30 76 30 68 69 76
9 40 9 20 40
4 69 4 8 9 50 59 61 64 68 69
43 46 43 46
57 74 57 74
25 48 25 33 37 48
41 76 41 50 59 69 76
54 81 54 81
13 36 13 36
32 86 32 44 63 79 81 83 86
6 70 6 30 32 44 55 70
2 77 2 56 62 63 66 77
22 37 22 33 37
59 65 59 65
28 89 28 77 89
24 76 24 54 59 61 64 68 69 76
87 88 87 88
27 40 27 29 37 40
80 89 80 81 83 89
45 73 45 67 73
0 17 0 10 17
13 28 13 26 28
7 64 7 41 59 64
5 61 5 25 35 59 61
61 68 61 64 68
1 61 1 58 61
3 37 3 33 37
25 69 25 35 41 59 64 68 69
2 78 2 60 66 78
11 61 11 21 26 28 39 46 49 51 59 61
54 59 54 59
7 22 7 15 22
57 66 57 63 66
63 65 63 65
6 83 6 17 52 64 80 83
20 71 20 55 57 63 66 71
69 76 69 76
55 70 55 70
13 48 13 29 36 48
27 62 27 29 43 62
14 70 14 25 38 42 70
24 39 24 30 39
59 88 59 77 87 88
54 81 54 67 78 80 81
31 87 31 43 64 80 81 82 87
7 40 7 33 37 40
83 86 83 86
6 68 6 18 21 42 46 49 59 61 64 68
33 54 33 37 48 54
21 79 21 40 62 63 79
40 81 40 43 75 80 81
6 44 6 17 33 37 40 43 44
18 85 18 76 82 85
39 41 39 41
11 67 11 58 67
84 88 84 88
47 89 47 75 80 81 83 89
23 53 23 35 43 44 53
7 65 7 14 19 62 63 65
36 48 36 37 48
19 30 19 20 26 30
17 29 17 29
12 60 12 17 25 38 60
56 87 56 78 81 82 87
31 84 31 56 78 84
16 82 16 48 54 81 82
53 83 53 72 78 80 83
23 68 23 32 44 53 58 64 68
21 64 21 59 64
0 70 0 44 55 70
6 39 6 30 39
15 86 15 30 54 78 80 83 86
7 27 7 14 19 27
62 82 62 70 80 82
18 64 18 59 64
58 75 58 61 75
55 67 55 58 67
38 83 38 60 66 71 83
10 24 10 24
71 85 71 82 85
17 55 17 34 44 55
3 16 3 16
3 34 3 18 20 30 34
6 47 6 17 33 39 41 47
27 63 27 32 44 63
3 11 3 11
35 72 35 39 46 49 51 58 67 72
13 36 13 24 27 29 36
2 38 2 9 13 20 30 34 38
20 39 20 26 28 39
7 61 7 25 38 42 59 61
42 64 42 59 64
2 88 2 33 67 72 82 85 88
53 84 53 84
48 80 48 54 75 78 80
17 70 17 70
37 77 37 49 59 66 77
45 68 45 55 58 61 64 68
66 77 66 77
14 86 14 78 80 81 83 86
9 20 9 13 14 19 20
22 60 22 33 37 50 51 60
45 66 45 54 59 61 66
42 62 42 62
10 30 10 30
13 37 13 28 37
6 26 6 21 26
5 71 5 6 27 54 71
33 54 33 37 48 54
34 79 34 44 55 63 79
20 74 20 74
37 75 37 49 51 61 75
36 71 36 59 71
13 43 13 26 40 43
68 74 68 74
51 74 51 59 61 64 68 74
24 29 24 27 29
66 71 66 71
8 37 8 9 17 25 33 37
29 64 29 36 59 64
10 87 10 30 48 54 72 87
28 77 28 41 67 77
11 67 11 35 43 44 55 58 67
29 57 29 57
9 17 9 17
30 71 30 34 50 59 61 64 71
41 80 41 67 78 80
19 43 19 20 26 28 37 40 43
3 77 3 18 21 58 77
6 83 6 44 63 83
54 77 54 59 77
12 57 12 41 57
23 38 23 25 38
50 59 50 59
47 53 47 53
43 47 43 47
43 77 43 77
9 57 9 57
78 80 78 80
5 33 5 24 33
6 48 6 21 26 30 32 48
8 62 8 34 38 42 62
40 42 40 42
37 52 37 40 43 52
4 79 4 30 41 50 79
16 85 16 44 79 80 82 85
17 80 17 58 64 80
24 29 24 27 29
41 70 41 70
30 65 30 44 63 65
9 37 9 17 29 36 37
7 19 7 14 19
37 50 37 50
40 52 40 43 52
5 35 5 6 21 26 28 35
1 42 1 13 16 24 33 37 40 42
2 59 2 31 43 44 53 59
40 74 40 51 74
25 83 25 40 63 66 78 81 83
49 77 49 59 77
37 48 37 48
19 78 19 62 72 78
8 42 8 28 37 40 42
3 14 3 14
19 76 19 20 54 59 61 64 68 69 76
14 25 14 19 20 23 25
39 81 39 46 49 59 64 80 81
12 66 12 32 44 63 66
30 79 30 48 79
37 76 37 52 64 69 76
13 29 13 14 19 27 29
10 45 10 30 34 45
40 88 40 78 80 82 87 88
61 76 61 64 69 76
2 38 2 9 16 24 30 34 38
9 58 9 46 49 51 58
11 86 11 27 70 71 83 86
33 80 33 64 80
22 67 22 43 52 67
26 39 26 30 39
43 62 43 62
25 70 25 33 62 70
30 45 30 34 45
28 85 28 46 49 76 82 85
35 71 35 41 49 59 61 66 71
23 65 23 44 51 58 64 65
6 86 6 86
46 64 46 49 51 58 61 64
6 34 6 16 27 34
2 56 2 31 56
1 30 1 2 13 14 19 20 30
27 48 27 29 37 48
18 55 18 19 33 37 40 43 44 55
49 87 49 69 76 82 87
34 59 34 59
19 44 19 26 30 34 44
20 88 20 59 69 87 88
60 77 60 66 77
15 70 15 30 41 70
59 71 59 61 64 71
0 16 0 13 16
11 58 11 20 40 42 46 49 51 58
18 58 18 20 30 41 53 58
33 79 33 37 48 79
56 81 56 78 81
29 52 29 36 37 40 43 52
8 75 8 58 61 75
33 88 33 61 88
34 62 34 38 42 62
43 64 43 64
2 9 2 9
16 68 16 38 59 64 68
1 68 1 2 31 43 44 53 58 68
29 66 29 36 59 61 66
34 64 34 48 52 64
56 87 56 82 87
16 57 16 23 57
0 86 0 17 52 80 81 83 86
17 82 17 26 80 81 82
30 80 30 80
11 35 11 35
1 82 1 72 78 81 82
0 30 0 24 30
45 86 45 63 83 86
5 59 5 44 51 59
59 87 59 64 68 69 76 82 87
35 65 35 39 65
54 77 54 67 77
8 53 8 13 24 30 53
4 78 4 49 51 59 61 66 78
4 63 4 13 29 57 63
19 83 19 38 42 64 80 81 83
54 73 54 67 73
10 32 10 24 27 32
20 66 20 23 25 35 39 60 66
24 71 24 27 58 64 71
26 37 26 28 37
4 85 4 69 76 82 85
13 75 13 48 61 75
43 69 43 47 61 64 68 69
17 20 17 20
43 78 43 44 53 72 78
9 23 9 17 20 23
25 35 25 35
21 74 21 59 61 64 68 74
11 80 11 59 64 80
19 68 19 38 41 49 51 64 68
6 30 6 18 21 26 30
13 56 13 14 25 35 56
2 60 2 18 27 34 45 50 51 60
79 84 79 84
13 55 13 28 35 43 44 55
56 68 56 64 68
36 50 36 50
21 71 21 58 64 71
67 87 67 72 82 87
7 26 7 15 21 26
25 46 25 33 46
58 77 58 77
47 83 47 83
6 78 6 21 26 38 70 72 78
84 88 84 88
30 49 30 41 49
17 85 17 70 72 78 85
4 23 4 8 13 20 23
58 78 58 78
67 78 67 78
42 59 42 46 49 59
51 60 51 60
30 66 30 53 59 66
11 46 11 20 26 40 43 46
53 81 53 59 66 78 81
0 75 0 45 55 61 75
0 87 0 71 82 87
35 39 35 39
24 40 24 29 36 37 40
9 25 9 20 23 25
59 84 59 61 75 78 84
37 50 37 50
7 56 7 28 35 56
16 68 16 38 59 64 68
34 54 34 54
4 30 4 21 26 30
24 86 24 50 51 86
3 34 3 9 16 27 34
38 84 38 63 79 84
67 89 67 72 78 81 83 89
48 54 48 54
9 77 9 60 66 77
43 53 43 47 53
30 73 30 49 51 73
0 27 0 10 24 27
17 89 17 70 71 83 89
49 78 49 59 66 78
43 47 43 47
33 76 33 51 61 64 69 76
34 73 34 67 73
10 33 10 17 33
22 65 22 25 63 65
41 60 41 50 51 60
14 49 14 28 46 49
23 38 23 25 38
10 48 10 30 34 48
33 84 33 51 60 78 84
15 65 15 26 28 46 49 59 65
32 89 32 48 58 64 80 81 83 89
5 7 5 7
26 75 26 42 59 61 75
1 29 1 3 18 19 27 29
64 89 64 71 83 89
12 23 12 17 20 23
35 61 35 41 53 58 61
10 39 10 24 33 39
22 57 22 43 44 55 57
26 69 26 28 69
59 88 59 64 82 87 88
24 42 24 34 38 42
15 47 15 21 40 43 47
55 79 55 79
16 24 16 24
25 82 25 62 72 82
40 49 40 49
15 46 15 46
21 49 21 40 49
27 84 27 41 59 71 84
25 33 25 33
20 30 20 30
24 85 24 55 58 67 78 85
7 56 7 25 35 56
21 64 21 42 51 58 61 64
8 86 8 41 63 79 86
3 56 3 16 35 56
13 30 13 14 21 26 30
8 30 8 13 14 30
4 33 4 23 25 33
47 75 47 53 59 61 75
16 35 16 28 35
18 39 18 19 26 30 39
2 74 2 18 21 26 40 64 68 74
13 72 13 36 37 51 58 67 72
14 66 14 25 35 41 49 51 61 66
17 68 17 55 61 64 68
15 74 15 26 68 74
0 71 0 71
29 61 29 36 43 47 53 59 61
13 70 13 20 39 41 70
70 86 70 72 86
43 55 43 44 55
51 80 51 60 78 80
34 54 34 48 54
15 31 15 22 31
44 85 44 64 82 85
22 50 22 25 38 41 50
39 63 39 41 63
7 39 7 25 33 39
2 57 2 23 28 37 40 42 57
33 73 33 52 67 73
24 55 24 33 37 40 43 44 55
18 32 18 21 26 30 32
33 37 33 37
15 65 15 46 49 59 64 65
54 59 54 59
1 3 1 3
22 72 22 34 45 50 67 72
18 65 18 27 41 47 61 64 65
21 53 21 26 40 43 44 53
1 2 1 2
7 41 7 26 30 41
22 88 22 85 88
40 85 40 49 72 78 85
45 59 45 54 59
28 35 28 35
79 83 79 81 83
25 59 25 35 39 41 47 53 59
43 68 43 47 61 64 68
23 39 23 25 33 39
59 77 59 61 66 77
43 65 43 65
4 85 4 74 82 85
26 75 26 38 41 59 61 75
2 26 2 14 21 26
37 71 37 50 59 71
11 38 11 21 26 38
45 77 45 50 58 67 77
4 49 4 23 35 39 46 49
20 68 20 40 43 52 64 68
8 86 8 9 45 55 67 72 78 81 83 86
48 52 48 52
49 81 49 51 80 81
34 45 34 45
64 88 64 69 76 82 85 88
16 87 16 40 68 69 87
16 34 16 24 30 34
18 80 18 34 47 75 78 80
8 46 8 9 16 35 43 46
19 26 19 26
33 39 33 39
10 50 10 24 29 37 50
0 55 0 17 20 55
4 33 4 13 16 23 25 33
2 46 2 13 28 35 43 46
54 78 54 59 66 78
75 88 75 82 87 88
3 52 3 15 26 28 37 40 43 52
3 32 3 18 19 26 30 32
63 78 63 66 78
13 44 13 24 34 44
43 64 43 46 49 51 64
52 71 52 71
12 72 12 44 51 67 72
15 33 15 22 25 33
45 69 45 64 68 69
42 60 42 51 60
15 22 15 22
8 88 8 69 88
8 78 8 40 42 51 61 75 78
13 85 13 63 79 80 82 85
35 86 35 72 86
39 66 39 58 61 66
66 82 66 78 80 81 82
3 28 3 14 21 26 28
27 75 27 44 61 75
12 73 12 37 52 67 73
16 73 16 28 41 49 51 73
25 83 25 80 81 83
23 67 23 32 44 53 58 67
16 78 16 27 44 60 66 78
5 89 5 52 78 84 89
24 88 24 83 88
19 69 19 56 64 69
1 38 1 13 20 26 30 34 38
28 51 28 41 49 51
2 77 2 63 66 77
50 58 50 58
48 78 48 72 78
58 72 58 67 72
51 59 51 59
42 85 42 64 68 69 76 82 85
38 41 38 41
17 85 17 32 53 58 64 68 69 76 82 85
26 75 26 40 43 47 61 75
27 72 27 52 67 72
49 73 49 51 58 67 73
29 62 29 37 40 43 62
51 81 51 61 64 80 81
6 70 6 17 70
4 28 4 23 28
6 29 6 24 27 29
26 59 26 42 59
80 85 80 82 85
79 89 79 80 83 89
8 58 8 9 24 50 51 58
59 66 59 66
37 75 37 59 61 75
46 49 46 49
59 87 59 71 82 87
23 28 23 28
55 76 55 61 64 68 69 76
8 42 8 33 37 40 42
44 51 44 51
46 61 46 49 51 58 61
11 67 11 20 40 43 44 53 58 67
26 64 26 40 51 61 64
9 26 9 17 26
6 40 6 16 27 29 37 40
6 68 6 18 27 29 48 52 64 68
14 72 14 19 21 70 72
5 81 5 64 80 81
0 45 0 45
0 71 0 10 17 52 64 71
51 58 51 58
21 62 21 26 40 62
24 89 24 83 89
5 37 5 33 37
17 42 17 20 26 30 34 38 42
26 75 26 38 41 59 61 75
14 41 14 19 21 26 38 41
20 71 20 66 71
48 82 48 79 80 81 82
47 80 47 53 59 61 64 80
53 71 53 59 71
38 47 38 41 47
8 53 8 9 39 41 47 53
2 60 2 33 46 49 51 60
37 44 37 40 43 44
20 82 20 59 64 69 76 82
12 49 12 17 33 39 46 49
44 63 44 63
5 81 5 81
59 65 59 64 65
1 80 1 78 80
19 51 19 21 40 51
48 66 48 54 59 61 66
48 75 48 75
45 66 45 55 58 61 66
45 80 45 64 80
59 69 59 69
23 87 23 87
26 57 26 40 43 44 55 57
57 83 57 72 78 80 81 83
20 23 20 23
52 82 52 71 82
27 32 27 32
13 74 13 74
27 65 27 29 48 54 59 64 65
50 78 50 67 72 78
68 69 68 69
57 86 57 80 83 86
0 76 0 45 55 61 64 69 76
79 80 79 80
3 33 3 23 25 33
48 76 48 58 68 69 76
14 64 14 59 61 64
10 33 10 24 33
46 49 46 49
34 44 34 44
27 54 27 29 36 37 48 54
34 78 34 44 78
0 77 0 24 50 51 59 61 66 77
37 87 37 59 64 69 76 82 87
18 49 18 20 49
12 41 12 24 30 41
49 67 49 51 58 67
49 88 49 85 88
35 69 35 56 64 69
28 61 28 37 48 58 61
55 89 55 61 64 81 83 89
72 82 72 82
33 57 33 37 40 42 57
45 68 45 54 59 64 68
6 77 6 17 58 67 77
17 58 17 29 48 58
78 81 78 81
4 72 4 13 20 39 41 53 58 67 72
33 39 33 39
29 70 29 70
22 48 22 25 33 37 48
54 81 54 81
28 55 28 35 43 44 55
60 71 60 66 71
33 64 33 37 48 58 64
24 81 24 54 67 72 78 81
34 66 34 44 55 61 66
36 84 36 60 66 71 84
17 51 17 25 40 49 51
5 75 5 44 61 75
0 89 0 45 89
17 75 17 33 46 49 51 59 61 75
12 66 12 17 25 62 63 66
12 37 12 37
2 41 2 14 19 20 39 41
33 49 33 39 41 49
63 81 63 66 78 80 81
57 84 57 78 84
49 72 49 72
58 75 58 61 75
7 65 7 65
28 41 28 35 39 41
18 37 18 21 26 28 37
32 70 32 44 55 70
14 68 14 30 39 58 61 64 68
45 67 45 50 51 58 67
60 69 60 69
63 87 63 66 77 87
3 14 3 9 13 14
9 66 9 39 58 61 66
24 77 24 34 45 50 60 66 77
7 41 7 26 30 34 38 41
13 68 13 29 36 55 58 64 68
22 37 22 33 37
33 53 33 39 41 47 53
15 47 15 21 40 43 47
28 35 28 35
24 32 24 32
32 66 32 66
30 65 30 48 54 59 65
20 23 20 23
16 23 16 23
37 84 37 40 63 66 71 84
39 41 39 41
42 66 42 46 49 59 66
46 60 46 49 51 60
28 72 28 46 49 51 67 72
11 34 11 20 26 30 34
4 69 4 69
72 83 72 78 81 83
8 37 8 13 36 37
61 86 61 64 81 83 86
55 76 55 58 61 64 68 69 76
12 50 12 24 27 34 38 41 50
16 27 16 24 27
18 70 18 34 38 70
3 79 3 30 34 79
6 82 6 44 78 80 82
13 75 13 24 34 45 75
23 75 23 49 59 61 75
13 16 13 16
33 69 33 37 51 61 64 68 69
63 79 63 79
3 77 3 37 50 58 61 66 77
3 67 3 15 30 39 41 47 53 58 67
18 58 18 21 40 42 46 49 51 58
20 80 20 79 80
11 18 11 18
57 84 57 63 79 84
23 81 23 32 47 80 81
21 71 21 40 42 62 63 66 71
10 76 10 47 61 64 68 69 76
33 48 33 37 48
55 75 55 58 61 75
4 79 4 8 33 62 63 79
20 34 20 30 34
25 46 25 35 39 46
22 33 22 33
23 66 23 25 61 66
27 76 27 34 38 59 64 69 76
40 60 40 42 51 60
57 66 57 63 66
28 72 28 37 50 58 67 72
19 28 19 21 26 28
5 49 5 7 15 22 34 46 49
25 38 25 38
27 59 27 32 48 54 59
48 76 48 58 68 69 76
27 57 27 29 36 43 44 55 57
33 59 33 37 48 54 59
52 71 52 64 71
54 78 54 59 66 78
2 88 2 57 82 87 88
36 43 36 43
45 67 45 67
72 85 72 82 85
5 30 5 6 18 20 30
19 69 19 69
14 41 14 34 38 41
16 29 16 27 29
34 62 34 38 42 62
15 79 15 22 62 63 79
32 58 32 51 58
18 64 18 19 38 49 51 61 64
27 34 27 34
7 69 7 41 68 69
14 28 14 28
8 60 8 33 46 49 51 60
7 49 7 33 37 49
54 72 54 72
7 65 7 26 38 49 59 65
30 75 30 50 59 61 75
28 60 28 41 49 51 60
67 77 67 77
18 55 18 22 25 33 37 40 43 44 55
2 61 2 23 49 59 61
6 51 6 21 40 42 51
33 62 33 37 62
5 35 5 7 14 19 21 26 28 35
60 86 60 78 81 83 86
11 33 11 18 22 33
5 15 5 6 15
80 81 80 81
10 60 10 17 26 38 60
43 46 43 46
34 57 34 38 41 57
33 76 33 61 64 68 69 76
63 66 63 66
20 55 20 32 44 55
33 37 33 37
43 76 43 64 69 76
19 56 19 26 28 35 56
10 51 10 44 51
16 86 16 31 39 41 47 61 66 78 80 81 83 86
71 84 71 84
59 84 59 61 75 78 84
18 83 18 20 79 83
11 86 11 35 39 41 53 72 78 81 83 86
38 65 38 42 57 65
0 43 0 17 25 40 43
19 42 19 30 34 38 42
30 34 30 34
63 89 63 79 80 83 89
34 85 34 47 61 64 81 82 85
19 78 19 78
10 60 10 17 33 49 51 60
15 26 15 21 26
86 88 86 88
27 65 27 29 48 52 64 65
22 68 22 64 68
31 89 31 56 64 80 81 83 89
26 74 26 40 49 59 61 64 68 74
74 82 74 82
70 86 70 86
29 66 29 57 63 66
49 69 49 51 59 61 64 69
12 78 12 60 78
47 61 47 61
35 57 35 41 57
16 47 16 24 29 37 40 43 47
3 29 3 14 19 27 29
59 68 59 61 64 68
57 81 57 72 78 81
9 85 9 20 30 50 79 81 82 85
39 81 39 58 64 81
8 37 8 9 17 33 37
55 77 55 57 63 66 77
27 42 27 29 36 37 40 42
7 38 7 25 38
9 30 9 13 24 30
8 28 8 28
16 62 16 62
15 85 15 76 82 85
44 67 44 55 67
1 88 1 49 76 82 85 88
23 47 23 32 47
10 20 10 17 20
43 52 43 52
7 69 7 29 36 37 48 52 64 69
42 49 42 46 49
26 59 26 30 48 54 59
54 80 54 67 72 78 80
37 60 37 40 51 60
18 46 18 27 34 46
18 79 18 20 23 57 63 79
44 57 44 55 57
23 62 23 35 43 62
55 86 55 79 83 86
62 72 62 70 72
2 58 2 33 39 58
16 78 16 29 70 72 78
83 86 83 86
8 72 8 34 48 54 72
52 64 52 64
64 80 64 80
7 62 7 26 40 42 62
26 77 26 38 63 66 77
14 66 14 30 44 60 66
20 71 20 23 66 71
28 70 28 41 70
40 44 40 43 44
42 51 42 46 49 51
51 86 51 64 86
35 72 35 72
44 78 44 60 78
6 78 6 62 63 66 78
5 32 5 7 14 30 32
11 52 11 20 30 48 52
5 40 5 6 15 26 28 37 40
16 31 16 31
27 65 27 54 59 65
20 52 20 40 43 52
31 51 31 39 46 49 51
31 49 31 39 46 49
18 21 18 19 21
53 77 53 59 61 66 77
16 85 16 24 30 48 79 80 81 82 85
35 67 35 39 41 50 67
71 83 71 83
23 68 23 49 51 58 68
16 82 16 28 64 81 82
87 88 87 88
85 88 85 88
19 71 19 30 49 59 66 71
36 49 36 43 46 49
23 39 23 25 35 39
33 53 33 39 41 47 53
11 58 11 18 19 20 55 58
28 49 28 49
16 50 16 23 37 50
0 86 0 20 56 64 71 83 86
12 37 12 26 28 37
8 87 8 40 63 66 77 87
23 59 23 35 59
21 79 21 40 63 79
17 79 17 33 37 40 63 79
30 57 30 39 57
25 80 25 63 66 78 80
29 57 29 57
51 60 51 60
1 45 1 3 14 19 21 26 30 34 45
49 78 49 72 78
58 74 58 61 64 68 74
7 41 7 38 41
31 62 31 56 62
58 69 58 68 69
39 58 39 58
22 33 22 33
34 57 34 38 42 57
18 64 18 34 54 59 61 64
10 29 10 24 29
17 25 17 20 23 25
10 29 10 24 27 29
26 60 26 28 46 49 51 60
6 54 6 15 26 30 34 48 54
38 75 38 59 61 75
14 52 14 34 45 52
60 89 60 78 84 89
14 64 14 31 56 64
25 88 25 64 82 85 88
1 39 1 26 30 39
39 81 39 46 49 51 61 75 80 81
16 38 16 23 25 38
8 43 8 9 17 20 40 43
45 86 45 64 86
30 71 30 44 51 64 71
1 26 1 3 18 21 26
37 66 37 48 61 66
61 85 61 75 78 80 81 82 85
21 53 21 40 43 47 53
62 72 62 72
49 74 49 51 64 68 74
43 62 43 62
4 56 4 23 25 35 56
81 87 81 82 87
19 30 19 21 26 30
42 59 42 46 49 59
9 20 9 20
43 62 43 62
31 43 31 43
11 44 11 20 30 32 44
23 74 23 32 53 58 64 68 74
21 43 21 26 40 43
0 46 0 27 29 36 37 40 42 46
62 80 62 63 79 80
8 65 8 34 65
54 85 54 59 69 76 82 85
22 43 22 43
11 52 11 35 43 52
7 36 7 27 29 36
28 87 28 77 87
21 53 21 26 38 41 47 53
50 60 50 51 60
56 80 56 64 80
54 85 54 78 80 81 82 85
12 76 12 41 53 59 69 76
33 64 33 64
24 77 24 77
27 54 27 29 48 54
62 63 62 63
51 64 51 64
34 44 34 44
9 77 9 50 58 61 66 77
12 50 12 17 29 36 50
1 42 1 37 40 42
18 73 18 19 27 32 58 73
20 82 20 23 55 58 68 74 82
64 81 64 81
61 82 61 66 71 82
45 51 45 50 51
52 83 52 71 83
3 24 3 9 16 24
72 84 72 78 84
40 81 40 78 81
9 74 9 32 48 58 64 68 74
24 52 24 43 52
20 55 20 40 43 44 55
70 72 70 72
15 77 15 58 61 66 77
23 38 23 25 38
53 83 53 80 83
36 85 36 80 82 85
6 55 6 31 43 44 55
60 71 60 66 71
9 71 9 71
27 41 27 34 38 41
31 83 31 56 64 80 83
1 48 1 37 48
24 63 24 30 41 63
30 66 30 34 46 49 59 66
40 89 40 49 72 84 89
58 69 58 64 69
28 87 28 39 69 87
21 82 21 26 28 58 64 80 81 82
32 79 32 44 63 79
19 28 19 21 26 28
26 57 26 42 57
1 7 1 7
30 78 30 49 51 60 78
29 81 29 81
59 66 59 66
49 69 49 51 59 69
40 74 40 49 51 58 61 64 68 74
20 88 20 40 63 80 83 86 88
13 83 13 63 83
52 86 52 71 83 86
9 78 9 57 72 78
3 64 3 27 53 58 64
26 86 26 75 83 86
14 36 14 19 27 29 36
12 73 12 26 73
58 81 58 61 75 78 81
14 34 14 34
3 9 3 9
18 47 18 20 26 38 41 47
30 63 30 44 63
15 77 15 22 31 56 62 63 66 77
9 25 9 20 23 25
33 59 33 49 59
36 37 36 37
38 77 38 63 66 77
46 82 46 49 59 64 81 82
38 49 38 42 46 49
8 77 8 34 54 59 66 77
54 81 54 75 80 81
3 27 3 27
60 76 60 69 76
0 24 0 13 24
4 85 4 85
11 85 11 35 72 78 80 82 85
17 88 17 32 86 88
45 75 45 54 59 61 75
44 55 44 55
37 80 37 50 60 78 80
40 77 40 42 57 63 66 77
12 34 12 17 26 30 34
72 86 72 78 81 83 86
2 9 2 9
10 74 10 34 44 61 64 68 74
1 38 1 26 30 34 38
23 68 23 37 59 61 64 68
43 84 43 75 78 84
6 27 6 27
34 65 34 65
19 33 19 33
44 79 44 55 57 63 79
40 78 40 43 52 78
71 84 71 84
24 76 24 64 69 76
63 83 63 66 83
7 73 7 27 54 67 73
4 25 4 23 25
22 68 22 64 68
19 78 19 21 26 38 42 51 59 61 66 78
58 83 58 67 78 80 83
1 39 1 13 28 39
2 72 2 57 72
41 69 41 47 53 59 61 64 68 69
13 45 13 24 30 34 45
28 55 28 37 40 43 44 55
35 78 35 63 66 78
7 64 7 32 53 58 64
9 29 9 17 29
29 62 29 43 62
8 74 8 62 74
78 86 78 81 83 86
45 73 45 73
46 74 46 49 51 61 64 68 74
18 49 18 20 40 43 46 49
7 34 7 15 21 26 30 34
15 80 15 60 66 78 80
3 79 3 21 40 62 63 79
23 43 23 35 43
48 52 48 52
22 68 22 34 55 58 64 68
33 48 33 37 48
24 76 24 27 52 64 69 76
31 73 31 43 46 49 51 73
33 87 33 51 61 64 71 82 87
0 89 0 17 32 44 64 80 83 89
57 83 57 78 81 83
17 29 17 29
46 68 46 49 59 64 68
6 51 6 37 40 51
4 25 4 13 16 23 25
68 74 68 74
6 88 6 71 84 88
62 74 62 74
37 70 37 40 43 70
29 86 29 48 83 86
34 46 34 38 42 46
21 79 21 42 57 63 79
33 54 33 37 48 54
31 84 31 39 60 66 78 84
87 88 87 88
25 80 25 33 61 75 80
26 73 26 73
33 81 33 51 58 78 80 81
41 79 41 50 79
26 83 26 30 32 58 67 78 81 83
43 53 43 44 53
3 60 3 9 13 26 38 42 46 49 51 60
10 41 10 30 39 41
35 78 35 39 60 66 78
6 59 6 27 32 51 59
44 63 44 55 63
7 70 7 33 39 41 70
41 80 41 49 51 64 80
28 82 28 68 74 82
12 70 12 26 30 41 70
15 28 15 21 26 28
25 44 25 35 43 44
4 63 4 56 62 63
9 37 9 13 24 33 37
21 88 21 26 28 58 68 74 85 88
5 74 5 32 53 59 61 64 68 74
1 89 1 13 14 28 58 77 89
42 71 42 64 71
33 50 33 39 41 50
29 57 29 57
25 82 25 64 68 69 76 82
23 87 23 87
7 63 7 42 57 63
1 3 1 3
22 59 22 25 33 51 59
7 28 7 14 28
12 49 12 17 34 38 49
13 64 13 36 59 64
3 85 3 11 21 58 67 82 85
58 66 58 61 66
15 45 15 30 34 45
55 57 55 57
20 72 20 30 53 72
49 77 49 59 61 66 77
54 86 54 83 86
19 42 19 26 28 37 40 42
45 73 45 54 73
49 85 49 59 61 66 78 81 82 85
19 85 19 38 63 80 81 82 85
9 82 9 39 60 66 71 82
53 59 53 59
58 87 58 77 87
41 79 41 57 63 79
25 67 25 35 39 46 49 51 58 67
60 88 60 82 87 88
8 45 8 13 16 27 34 45
38 80 38 49 59 61 66 78 80
30 80 30 44 64 80
20 79 20 39 57 63 79
17 80 17 51 67 72 78 80
3 49 3 23 49
23 71 23 66 71
22 31 22 31
0 37 0 17 20 23 28 37
33 54 33 37 48 54
37 88 37 84 88
10 78 10 78
48 87 48 61 75 78 80 81 82 87
44 67 44 55 58 67
17 25 17 25
21 69 21 40 60 69
83 86 83 86
29 70 29 43 70
3 60 3 23 32 51 60
72 80 72 78 80
4 14 4 13 14
20 55 20 26 40 43 44 55
5 7 5 7
57 78 57 72 78
6 17 6 17
17 51 17 51
46 84 46 49 51 61 75 78 84
58 65 58 61 64 65
10 87 10 24 34 54 78 80 82 87
32 53 32 44 53
11 33 11 18 20 23 25 33
27 81 27 79 80 81
34 74 34 50 51 58 64 68 74
48 75 48 75
43 55 43 44 55
31 62 31 56 62
62 65 62 65
0 82 0 48 79 81 82
29 70 29 36 37 62 70
36 80 36 55 63 66 78 80
12 50 12 17 20 39 41 50
49 60 49 51 60
53 59 53 59
22 49 22 43 46 49
30 34 30 34
38 49 38 42 46 49
58 81 58 78 80 81
5 51 5 30 41 49 51
11 54 11 27 34 48 54
5 66 5 6 54 59 61 66
28 58 28 41 49 51 58
49 85 49 51 59 61 66 71 82 85
41 63 41 63
49 69 49 59 64 68 69
30 69 30 32 53 58 61 64 68 69
13 16 13 16
26 65 26 40 43 64 65
68 85 68 69 76 82 85
74 82 74 82
0 19 0 13 14 19
75 88 75 82 87 88
12 44 12 44
17 29 17 29
56 71 56 62 63 66 71
38 46 38 42 46
2 74 2 9 24 34 55 61 64 68 74
27 81 27 58 78 81
25 59 25 40 51 59
47 61 47 53 59 61
0 88 0 82 87 88
51 74 51 64 68 74
6 62 6 18 21 26 28 35 43 62
59 68 59 61 64 68
10 26 10 17 26
19 21 19 21
34 44 34 44
14 86 14 78 80 83 86
37 86 37 40 60 86
2 41 2 18 20 26 30 39 41
25 80 25 38 70 72 78 80
28 76 28 68 69 76
53 72 53 58 67 72
11 76 11 20 32 53 59 64 69 76
18 67 18 20 30 39 58 67
59 65 59 61 64 65
46 75 46 49 51 59 61 75
10 24 10 24
16 48 16 28 37 48
19 26 19 20 26
18 42 18 21 40 42
32 63 32 44 55 63
1 3 1 3
59 87 59 77 87
55 70 55 70
8 83 8 9 39 60 66 78 81 83
2 78 2 72 78
75 89 75 78 80 81 83 89
49 87 49 72 82 87
42 51 42 46 49 51
22 66 22 25 63 66
10 33 10 17 20 23 25 33
12 44 12 44
62 63 62 63
2 86 2 23 32 66 71 83 86
17 58 17 25 40 43 47 53 58
47 75 47 61 75
39 58 39 46 49 51 58
7 26 7 26
3 25 3 15 22 25
1 53 1 26 38 41 53
20 35 20 26 28 35
41 70 41 70
7 15 7 15
19 79 19 38 63 79
27 65 27 34 54 59 64 65
13 57 13 36 37 40 42 57
23 81 23 81
42 75 42 46 49 59 61 75
20 73 20 39 58 67 73
10 42 10 17 33 37 40 42
11 58 11 35 43 46 49 51 58
38 53 38 41 47 53
34 55 34 45 55
53 72 53 72
36 67 36 48 52 67
26 39 26 30 39
13 62 13 14 42 62
12 72 12 72
8 60 8 13 20 23 32 51 60
33 87 33 39 46 77 87
59 75 59 61 75
82 88 82 87 88
39 85 39 46 49 76 82 85
10 50 10 24 27 29 36 50
16 88 16 40 64 81 83 88
34 54 34 54
37 60 37 49 51 60
9 69 9 20 23 28 37 40 68 69
3 9 3 9
42 49 42 46 49
13 46 13 28 37 40 43 46
25 55 25 40 43 44 55
26 83 26 38 63 79 81 83
7 53 7 43 47 53
16 34 16 24 27 34
52 86 52 78 80 81 83 86
52 78 52 78
0 45 0 24 30 34 45
63 89 63 83 89
26 53 26 28 37 40 43 44 53
19 62 19 21 40 62
11 76 11 58 61 64 69 76
30 72 30 72
2 78 2 9 46 49 51 58 61 75 78
0 64 0 53 58 61 64
26 88 26 76 82 87 88
75 83 75 78 80 83
3 34 3 9 13 20 26 30 34
0 77 0 59 66 77
4 58 4 30 50 58
33 88 33 52 78 84 88
41 78 41 66 78
5 61 5 6 31 39 58 61
55 57 55 57
11 31 11 18 22 31
24 73 24 34 46 49 51 67 73
49 80 49 72 78 80
55 78 55 67 72 78
26 48 26 30 34 48
10 78 10 48 58 61 66 78
16 55 16 24 33 37 40 43 44 55
2 70 2 31 56 62 70
46 85 46 49 59 71 82 85
35 89 35 41 63 79 80 83 89
8 28 8 9 17 20 26 28
14 70 14 21 70
17 88 17 81 82 85 88
13 80 13 72 78 80
5 63 5 25 40 43 62 63
83 86 83 86
59 74 59 61 64 68 74
52 86 52 83 86
1 43 1 7 25 33 37 40 43
49 73 49 51 58 67 73
36 49 36 37 49
26 50 26 30 34 38 41 50
40 68 40 51 64 68
40 65 40 63 65
50 85 50 58 67 72 82 85
21 82 21 26 80 82
10 42 10 24 33 37 40 42
27 62 27 29 43 62
8 55 8 9 17 34 44 55
4 74 4 68 74
17 84 17 70 72 78 84
56 62 56 62
14 68 14 42 51 58 64 68
59 87 59 64 68 69 87
75 85 75 82 85
52 71 52 71
22 49 22 31 43 46 49
1 29 1 2 14 19 27 29
14 19 14 19
9 58 9 29 36 43 47 53 58
5 52 5 25 35 43 52
42 51 42 51
34 49 34 46 49
16 60 16 24 50 60
45 51 45 50 51
31 81 31 43 44 61 64 80 81
18 72 18 27 53 58 67 72
18 70 18 27 44 55 70
48 88 48 88
30 83 30 34 79 83
13 32 13 26 30 32
43 67 43 52 67
22 85 22 85
8 43 8 33 37 40 43
0 37 0 10 24 27 29 36 37
25 39 25 35 39
61 88 61 75 78 85 88
16 31 16 31
34 41 34 38 41
49 78 49 72 78
41 66 41 47 53 58 61 66
2 41 2 13 26 38 41
10 59 10 48 54 59
54 80 54 72 78 80
47 71 47 61 64 71
2 46 2 18 34 46
66 71 66 71
9 23 9 20 23
26 55 26 55
19 21 19 21
50 85 50 79 81 82 85
4 54 4 30 48 54
25 62 25 62
2 46 2 9 24 27 29 43 46
79 89 79 80 83 89
41 81 41 49 72 78 80 81
2 37 2 14 28 37
32 89 32 47 67 77 89
27 48 27 32 48
25 69 25 35 39 69
39 71 39 46 49 51 64 71
40 82 40 78 80 82
35 47 35 39 41 47
9 20 9 17 20
22 75 22 43 75
13 31 13 14 31
40 46 40 42 46
24 40 24 33 37 40
52 80 52 64 80
9 46 9 39 46
13 80 13 28 37 59 66 78 80
2 64 2 14 19 30 44 64
43 53 43 47 53
25 54 25 33 37 48 54
11 50 11 35 39 41 50
30 52 30 34 48 52
41 79 41 50 79
19 83 19 20 54 78 81 83
15 86 15 26 40 42 64 81 83 86
8 85 8 33 51 59 69 76 82 85
20 68 20 49 59 61 64 68
18 79 18 20 40 62 63 79
22 35 22 25 35
12 55 12 27 44 55
28 69 28 37 49 51 60 69
61 81 61 64 81
6 15 6 15
12 60 12 27 44 60
15 33 15 25 33
16 38 16 27 34 38
40 68 40 49 51 58 64 68
25 61 25 33 49 51 61
0 30 0 17 26 30
7 15 7 15
8 73 8 9 13 24 55 67 73
23 71 23 28 35 41 47 53 59 66 71
14 30 14 30
38 72 38 42 70 72
27 75 27 54 75
43 55 43 44 55
28 60 28 35 43 46 49 51 60
45 69 45 50 58 64 69
10 62 10 17 34 38 42 62
28 49 28 41 49
22 51 22 43 46 49 51
35 63 35 63
9 32 9 17 26 30 32
22 67 22 33 37 52 67
51 81 51 67 78 80 81
25 33 25 33
72 82 72 82
18 79 18 21 40 42 57 63 79
15 58 15 26 40 51 58
43 52 43 52
17 89 17 81 83 89
25 35 25 35
3 84 3 16 23 78 84
5 64 5 36 48 61 64
8 30 8 13 16 24 30
25 54 25 33 37 48 54
30 53 30 44 53
37 68 37 48 52 64 68
32 59 32 48 54 59
7 26 7 14 19 20 26
49 85 49 76 82 85
60 71 60 66 71
51 64 51 59 64
8 28 8 28
36 37 36 37
49 67 49 51 58 67
45 63 45 63
79 87 79 80 82 87
41 72 41 72
20 32 20 23 32
27 66 27 54 59 61 66
6 78 6 17 70 72 78
20 57 20 40 42 57
51 65 51 59 64 65
17 33 17 25 33
23 53 23 32 53
0 29 0 13 29
22 51 22 33 37 49 51
44 87 44 64 68 74 82 87
40 51 40 49 51
0 76 0 20 55 58 68 69 76
10 87 10 52 67 78 80 82 87
37 70 37 62 70
80 83 80 83
62 63 62 63
11 36 11 27 29 36
2 44 2 31 43 44
20 57 20 40 42 57
37 62 37 62
5 21 5 7 15 21
44 61 44 61
41 53 41 53
40 63 40 42 62 63
25 62 25 62
25 71 25 61 66 71
18 63 18 19 21 40 43 44 55 63
11 88 11 21 42 51 61 83 86 88
35 86 35 39 57 86
27 79 27 41 79
18 68 18 20 26 28 58 64 68
49 88 49 69 88
25 85 25 57 74 82 85
6 81 6 16 80 81
33 54 33 37 48 54
3 67 3 38 42 46 49 51 58 67
0 27 0 27
27 88 27 44 53 80 83 86 88
33 87 33 61 75 78 81 82 87
4 66 4 40 42 57 63 66
51 82 51 74 82
8 19 8 9 13 14 19
8 68 8 40 42 59 61 64 68
28 69 28 49 51 60 69
25 39 25 35 39
21 41 21 26 28 39 41
39 84 39 41 70 72 84
52 77 52 77
4 13 4 8 13
69 76 69 76
6 77 6 15 22 60 66 77
6 73 6 40 42 51 67 73
0 47 0 20 32 47
71 83 71 83
41 79 41 63 79
13 29 13 29
9 23 9 17 20 23
66 82 66 78 80 81 82
7 43 7 15 21 26 40 43
23 71 23 37 62 70 71
45 76 45 61 64 69 76
28 88 28 49 77 87 88
6 79 6 16 27 32 48 79
3 22 3 15 22
11 65 11 59 64 65
24 81 24 81
7 84 7 43 52 78 84
24 80 24 80
30 68 30 39 46 49 51 61 64 68
43 75 43 47 53 58 61 75
30 76 30 54 59 64 68 69 76
41 65 41 53 58 61 64 65
10 85 10 17 78 85
72 80 72 78 80
18 37 18 27 29 37
2 57 2 9 45 55 57
53 82 53 58 64 69 76 82
5 52 5 33 52
7 56 7 15 26 28 35 56
72 81 72 78 81
1 55 1 37 40 43 44 55
53 86 53 59 66 71 83 86
20 55 20 30 44 55
12 17 12 17
66 71 66 71
18 67 18 27 52 67
26 81 26 75 78 80 81
16 83 16 28 49 59 71 83
33 64 33 64
23 75 23 28 35 59 61 75
0 86 0 57 83 86
24 79 24 33 62 63 79
62 79 62 63 79
0 88 0 45 73 88
47 72 47 67 72
2 70 2 33 39 41 70
30 61 30 53 59 61
33 72 33 72
5 72 5 37 62 72
67 82 67 78 81 82
24 54 24 29 48 54
20 23 20 23
58 72 58 67 72
58 87 58 64 81 82 87
5 59 5 44 51 59
62 72 62 70 72
13 55 13 20 32 44 55
36 89 36 60 78 80 81 83 89
58 77 58 77
62 80 62 63 80
50 85 50 59 61 75 78 80 82 85
3 22 3 15 22
36 55 36 55
30 83 30 50 51 61 64 81 83
71 83 71 83
16 29 16 24 27 29
23 66 23 57 63 66
36 72 36 55 57 72
14 66 14 30 54 59 66
21 71 21 40 42 62 63 66 71
53 71 53 59 61 64 71
13 37 13 14 19 33 37
70 82 70 80 82
1 16 1 2 9 16
8 47 8 13 36 43 47
18 72 18 27 52 67 72
40 62 40 42 62
13 33 13 14 19 33
9 26 9 17 20 26
12 74 12 29 36 59 64 68 74
9 79 9 57 63 79
19 61 19 43 46 49 59 61
2 25 2 13 20 23 25
53 77 53 58 61 66 77
24 86 24 43 64 81 83 86
2 31 2 31
31 79 31 39 57 63 79
37 72 37 52 67 72
15 30 15 21 26 30
30 34 30 34
17 61 17 32 58 61
26 84 26 28 39 41 63 79 84
37 51 37 49 51
22 65 22 25 61 64 65
23 76 23 37 49 69 76
9 60 9 17 34 45 50 60
33 55 33 37 40 43 44 55
7 34 7 14 19 30 34
35 41 35 41
6 44 6 40 43 44
22 88 22 62 70 88
2 25 2 9 13 20 23 25
27 75 27 34 46 49 59 61 75
51 83 51 80 83
38 65 38 65
19 59 19 26 40 49 51 59
7 49 7 41 49
7 29 7 14 19 27 29
70 71 70 71
25 64 25 33 46 49 51 58 64
57 65 57 65
37 52 37 52
11 21 11 18 19 21
9 46 9 39 46
23 49 23 25 33 46 49
54 67 54 67
50 79 50 79
7 58 7 39 41 53 58
50 73 50 58 67 73
8 47 8 34 38 41 47
8 29 8 13 16 29
14 72 14 21 40 62 70 72
19 85 19 62 70 80 82 85
43 84 43 52 67 72 84
34 66 34 55 57 63 66
49 76 49 59 61 64 69 76
3 21 3 18 19 21
64 89 64 80 83 89
5 81 5 6 79 80 81
30 34 30 34
26 75 26 28 46 49 51 61 75
15 64 15 25 61 64
45 54 45 54
54 59 54 59
44 64 44 61 64
24 27 24 27
15 76 15 30 54 59 69 76
25 57 25 57
66 83 66 83
20 81 20 59 66 78 80 81
19 21 19 21
41 85 41 63 80 82 85
35 82 35 43 62 72 78 81 82
45 57 45 55 57
40 60 40 42 51 60
19 26 19 21 26
40 64 40 51 59 61 64
13 68 13 48 61 64 68
59 86 59 71 83 86
2 30 2 9 24 30
4 59 4 8 9 39 41 53 59
45 89 45 75 83 89
2 46 2 31 43 46
27 66 27 44 60 66
43 64 43 44 55 58 64
23 84 23 78 84
12 69 12 27 34 54 59 61 64 68 69
19 33 19 20 23 25 33
27 47 27 41 47
26 74 26 40 64 68 74
49 65 49 51 61 64 65
34 52 34 48 52
2 24 2 9 13 24
29 77 29 37 49 77
55 89 55 89
47 89 47 53 58 67 72 78 80 81 83 89
28 58 28 46 49 51 58
46 84 46 49 59 66 71 84
43 52 43 52
39 70 39 41 70
10 78 10 78
15 81 15 30 39 58 64 80 81
7 45 7 26 30 34 45
11 33 11 33
20 39 20 26 28 35 39
35 69 35 39 60 69
2 42 2 9 13 14 25 40 42
16 80 16 38 42 51 61 75 80
6 23 6 18 20 23
56 68 56 64 68
51 67 51 67
27 75 27 53 58 61 75
45 50 45 50
6 60 6 17 29 43 46 49 51 60
71 88 71 82 87 88
12 26 12 17 20 26
2 77 2 57 63 66 77
37 46 37 40 43 46
40 52 40 43 52
11 36 11 27 29 36
1 29 1 2 14 19 27 29
29 53 29 36 43 47 53
19 72 19 20 30 39 46 49 72
17 75 17 55 58 61 75
49 72 49 72
8 62 8 9 24 27 29 43 62
9 64 9 16 50 64
52 68 52 64 68
21 26 21 26
68 85 68 69 76 82 85
20 76 20 39 41 68 69 76
19 83 19 62 70 71 83
76 85 76 82 85
39 76 39 46 49 76
20 32 20 32
34 89 34 50 59 61 83 89
34 63 34 38 63
6 74 6 30 68 74
18 47 18 21 40 43 47
21 30 21 26 30
43 86 43 64 81 83 86
20 73 20 49 51 58 67 73
64 65 64 65
29 83 29 43 64 80 83
31 57 31 43 44 55 57
57 83 57 80 83
41 68 41 47 61 64 68
50 76 50 51 64 69 76
15 65 15 58 61 64 65
24 40 24 29 37 40
20 82 20 40 72 82
67 82 67 82
2 61 2 14 59 61
23 67 23 55 67
19 55 19 30 44 55
26 52 26 40 43 52
59 71 59 66 71
22 67 22 33 49 51 58 67
26 55 26 28 37 40 43 44 55
55 79 55 79
13 45 13 26 30 34 45
53 77 53 77
79 88 79 88
2 44 2 14 21 40 43 44
7 44 7 32 44
75 81 75 80 81
27 52 27 34 48 52
5 40 5 24 29 37 40
12 34 12 27 34
36 85 36 67 72 82 85
19 73 19 20 30 49 51 73
80 89 80 81 83 89
41 87 41 57 82 87
46 87 46 77 87
3 21 3 11 18 21
40 81 40 72 78 81
17 57 17 32 44 55 57
23 66 23 37 59 66
34 48 34 48
10 89 10 58 77 89
64 69 64 68 69
15 28 15 26 28
32 58 32 51 58
59 66 59 66
42 87 42 59 77 87
14 59 14 31 39 46 49 59
28 57 28 37 40 42 57
54 76 54 59 64 69 76
7 54 7 28 37 48 54
10 54 10 48 54
14 77 14 31 56 62 63 66 77
30 71 30 48 54 71
29 61 29 48 54 59 61
36 85 36 55 58 64 81 82 85
28 88 28 37 59 71 88
21 35 21 26 28 35
35 76 35 56 64 69 76
57 80 57 80
20 23 20 23
0 67 0 20 39 46 49 51 67
7 85 7 29 36 37 72 78 81 82 85
55 77 55 57 63 66 77
3 38 3 21 26 38
41 59 41 53 59
36 43 36 37 40 43
11 49 11 20 49
13 77 13 24 43 44 55 63 66 77
11 38 11 27 34 38
8 13 8 9 13
18 64 18 22 43 52 64
41 47 41 47
48 52 48 52
10 41 10 17 20 30 34 38 41
44 68 44 61 64 68
24 55 24 55
38 53 38 41 53
12 49 12 41 49
16 34 16 27 34
73 88 73 88
16 25 16 23 25
10 41 10 24 33 39 41
69 85 69 76 82 85
43 47 43 47
40 72 40 43 47 67 72
64 69 64 69
3 13 3 9 13
11 27 11 27
8 21 8 13 14 19 21
21 65 21 40 51 58 64 65
9 85 9 32 53 82 85
30 79 30 41 57 63 79
15 61 15 46 49 59 61
27 51 27 41 50 51
9 60 9 32 51 60
15 87 15 58 64 69 76 82 87
36 81 36 80 81
12 78 12 66 78
64 89 64 71 84 89
22 51 22 25 40 51
15 80 15 46 49 59 64 80
52 87 52 71 82 87
69 88 69 88
13 64 13 49 51 58 61 64
35 78 35 72 78
56 84 56 78 84
47 85 47 61 66 71 82 85
50 82 50 51 61 64 71 82
57 78 57 63 66 78
21 55 21 40 43 44 55
29 69 29 43 64 69
27 79 27 79
11 36 11 18 27 29 36
11 44 11 21 26 40 43 44
54 80 54 78 80
45 75 45 55 61 75
3 18 3 18
1 66 1 26 40 51 59 61 66
20 82 20 49 69 76 82
59 89 59 89
9 32 9 13 14 21 26 30 32
18 27 18 27
4 36 4 13 36
27 38 27 34 38
8 80 8 28 41 78 80
11 44 11 35 43 44
24 39 24 30 39
12 28 12 26 28
8 83 8 9 20 23 57 63 83
60 87 60 66 71 82 87
26 65 26 55 58 61 64 65
6 61 6 30 32 47 53 58 61
21 41 21 26 28 41
12 29 12 24 29
6 81 6 37 52 64 80 81
7 14 7 14
22 49 22 25 40 42 46 49
7 45 7 15 30 34 45
31 57 31 43 44 55 57
14 20 14 19 20
37 88 37 51 61 75 80 83 86 88
0 31 0 13 14 31
27 43 27 29 37 40 43
12 33 12 24 33
30 61 30 32 47 61
51 65 51 64 65
16 24 16 24
4 49 4 21 40 49
4 13 4 8 13
36 86 36 50 64 71 83 86
33 52 33 37 48 52
36 81 36 80 81
34 80 34 79 80
49 69 49 69
60 87 60 66 71 82 87
78 84 78 84
55 66 55 58 61 66
69 85 69 76 82 85
10 76 10 44 60 69 76
24 33 24 33
33 74 33 49 51 58 64 68 74
46 87 46 49 59 61 64 68 74 82 87
13 74 13 36 50 58 68 74
24 53 24 27 44 53
52 72 52 67 72
54 83 54 80 81 83
32 89 32 89
48 61 48 58 61
0 76 0 27 58 68 69 76
6 77 6 30 41 57 63 66 77
5 64 5 33 39 41 47 61 64
41 85 41 50 51 58 61 75 78 85
19 20 19 20
1 59 1 7 32 47 53 59
1 60 1 39 60
11 67 11 27 34 55 67
29 37 29 37
55 89 55 79 81 83 89
59 88 59 66 71 83 86 88
49 67 49 51 58 67
58 85 58 61 64 68 74 82 85
27 48 27 32 48
32 63 32 44 63
10 54 10 17 34 54
24 42 24 34 38 42
59 82 59 66 78 81 82
22 64 22 31 56 64
3 28 3 11 18 19 21 26 28
70 89 70 80 83 89
4 80 4 49 51 59 61 64 80
27 43 27 29 43
24 55 24 43 44 55
17 75 17 25 33 46 49 51 59 61 75
23 39 23 35 39
11 49 11 21 40 43 46 49
58 89 58 77 89
23 53 23 35 39 41 53
32 64 32 48 52 64
23 86 23 49 59 61 83 86
12 33 12 24 33
18 20 18 19 20
40 81 40 63 66 78 81
7 70 7 40 43 62 70
23 67 23 25 40 43 47 53 58 67
29 84 29 36 66 71 84
61 68 61 64 68
51 80 51 60 66 78 80
34 54 34 54
12 38 12 27 34 38
61 74 61 64 68 74
5 79 5 7 14 19 43 62 63 79
52 77 52 77
7 71 7 38 60 66 71
38 50 38 41 50
20 79 20 55 63 79
48 82 48 61 75 80 81 82
53 88 53 72 86 88
14 19 14 19
55 70 55 70
11 33 11 18 22 25 33
5 22 5 7 15 22
58 81 58 61 75 78 81
23 55 23 25 35 43 44 55
27 29 27 29
14 77 14 28 39 57 63 66 77
27 51 27 29 37 51
4 29 4 13 29
5 32 5 6 27 32
33 76 33 52 64 69 76
2 74 2 9 39 46 49 59 61 64 68 74
2 24 2 13 24
27 66 27 32 66
9 41 9 24 33 39 41
24 51 24 32 44 51
80 81 80 81
40 63 40 42 62 63
7 29 7 14 19 27 29
59 88 59 64 87 88
27 60 27 41 49 51 60
8 85 8 40 72 82 85
29 48 29 48
8 83 8 40 62 63 66 78 80 81 83
66 78 66 78
40 85 40 42 70 72 82 85
41 59 41 50 59
7 37 7 25 33 37
38 87 38 70 72 82 87
17 75 17 34 44 51 61 75
9 38 9 20 26 30 34 38
33 37 33 37
52 83 52 71 83
24 55 24 55
5 89 5 44 55 63 80 83 89
8 69 8 9 17 25 38 59 61 64 68 69
3 32 3 16 23 32
34 62 34 38 42 62
40 42 40 42
29 75 29 43 46 49 59 61 75
44 78 44 55 57 63 66 78
18 42 18 27 29 36 37 40 42
23 55 23 55
42 46 42 46
43 47 43 47
16 75 16 27 34 46 49 51 59 61 75
11 31 11 18 22 31
35 89 35 41 50 59 61 66 83 89
30 32 30 32
20 48 20 26 30 32 48
28 82 28 68 69 76 82
20 89 20 26 67 72 78 84 89
22 54 22 34 48 54
21 71 21 70 71
41 64 41 59 64
13 72 13 20 55 58 67 72
46 67 46 49 51 58 67
12 32 12 32
59 71 59 64 71
15 30 15 21 26 30
32 51 32 51
15 40 15 21 26 28 37 40
35 59 35 59
18 58 18 22 34 50 51 58
19 44 19 43 44
23 79 23 37 62 63 79
7 26 7 15 26
2 64 2 23 35 59 61 64
6 58 6 24 32 58
71 82 71 82
56 81 56 62 63 66 78 80 81
18 49 18 34 46 49
23 81 23 25 63 79 80 81
42 64 42 46 49 51 59 64
1 53 1 7 41 53
18 48 18 27 29 48
28 41 28 41
84 89 84 89
9 14 9 13 14
63 66 63 66
57 78 57 63 66 78
55 69 55 61 64 69
15 71 15 46 49 59 64 71
72 78 72 78
20 46 20 40 43 46
24 50 24 33 39 41 50
61 76 61 64 68 69 76
1 58 1 26 42 46 49 51 58
8 73 8 40 51 73
24 76 24 29 48 61 64 68 69 76
7 41 7 26 38 41
5 24 5 6 16 24
14 61 14 21 26 55 58 61
40 89 40 62 72 78 84 89
18 68 18 59 64 68
40 75 40 42 59 61 75
21 66 21 42 62 63 66
61 66 61 66
11 20 11 18 19 20
13 23 13 20 23
26 30 26 30
16 44 16 29 37 40 43 44
19 62 19 20 30 34 38 42 62
53 65 53 58 64 65
19 51 19 27 32 44 51
38 75 38 59 61 75
36 71 36 37 50 58 61 64 71
30 79 30 39 41 57 63 79
19 76 19 56 64 68 69 76
6 40 6 27 29 37 40
31 68 31 56 64 68
23 80 23 35 43 80
85 88 85 88
41 77 41 67 77
33 77 33 39 46 77
34 47 34 47
13 84 13 72 78 84
52 78 52 67 72 78
5 88 5 44 84 88
56 64 56 64
33 64 33 61 64
34 57 34 44 55 57
23 37 23 37
18 83 18 20 39 46 49 59 64 80 83
7 28 7 14 21 26 28
61 85 61 66 78 80 82 85
25 69 25 40 64 69
27 79 27 29 43 62 63 79
52 68 52 64 68
19 74 19 43 44 55 61 64 68 74
7 14 7 14
29 70 29 43 70
28 89 28 37 48 75 80 83 89
50 67 50 51 58 67
38 65 38 59 64 65
12 50 12 37 50
9 41 9 20 39 41
8 37 8 28 37
33 43 33 37 40 43
58 69 58 68 69
16 31 16 31
10 39 10 30 39
18 27 18 19 27
26 84 26 30 72 84
14 72 14 21 58 67 72
21 41 21 26 28 41
49 86 49 72 78 80 83 86
43 68 43 64 68
58 81 58 64 81
33 85 33 61 66 71 82 85
18 70 18 27 34 38 42 62 70
1 72 1 19 62 70 72
53 72 53 72
15 40 15 21 26 28 37 40
4 72 4 41 47 67 72
26 88 26 73 88
10 30 10 30
8 54 8 9 20 32 48 54
24 53 24 30 53
33 82 33 62 70 72 78 80 82
21 71 21 70 71
10 32 10 30 32
54 86 54 75 83 86
66 82 66 71 82
10 87 10 58 67 78 80 81 82 87
59 83 59 61 66 78 81 83
2 70 2 9 62 70
76 88 76 82 85 88
29 64 29 37 48 58 61 64
34 62 34 38 42 62
9 66 9 17 20 55 61 66
12 71 12 37 48 61 64 71
36 89 36 80 81 83 89
49 80 49 59 64 80
9 71 9 13 24 27 54 71
19 82 19 69 76 82
31 70 31 39 41 70
27 76 27 53 58 61 64 68 69 76
39 66 39 60 66
7 29 7 27 29
48 52 48 52
55 79 55 79
51 64 51 59 64
55 66 55 57 63 66
33 72 33 49 72
47 85 47 61 66 71 82 85
8 60 8 9 60
20 51 20 49 51
75 88 75 78 80 82 85 88
27 63 27 32 44 55 57 63
11 32 11 27 32
64 65 64 65
13 48 13 14 28 37 48
35 61 35 43 47 53 59 61
33 72 33 67 72
26 42 26 30 34 38 42
4 44 4 30 32 44
64 80 64 80
42 60 42 51 60
48 87 48 58 61 75 82 87
58 76 58 61 64 69 76
7 56 7 28 35 56
30 75 30 53 59 61 75
20 26 20 26
8 58 8 40 51 58
30 39 30 39
14 31 14 31
64 65 64 65
3 64 3 15 30 32 58 61 64
33 76 33 49 59 61 64 68 69 76
0 17 0 10 17
46 68 46 49 59 64 68
10 39 10 17 26 28 39
1 16 1 2 13 16
4 84 4 49 72 84
14 41 14 31 39 41
34 46 34 38 42 46
56 69 56 64 68 69
9 29 9 16 24 29
40 51 40 51
14 72 14 42 70 72
22 65 22 65
13 16 13 16
1 68 1 49 51 64 68
60 88 60 86 88
12 89 12 57 63 80 81 83 89
17 74 17 51 61 64 68 74
42 49 42 46 49
33 55 33 37 40 43 44 55
19 76 19 20 32 47 53 58 68 69 76
29 55 29 43 44 55
7 45 7 45
0 48 0 27 34 48
8 36 8 13 16 24 27 29 36
38 53 38 41 53
24 85 24 52 80 81 82 85
9 78 9 39 57 63 66 78
27 78 27 53 72 78
13 30 13 20 26 30
28 58 28 41 50 51 58
52 80 52 80
25 82 25 38 49 69 76 82
50 78 50 59 61 66 78
64 65 64 65
19 75 19 38 59 61 75
21 44 21 40 43 44
16 73 16 23 35 41 53 58 67 73
3 37 3 15 26 28 37
41 76 41 50 64 69 76
4 74 4 49 59 61 64 68 74
55 76 55 61 64 68 69 76
30 72 30 41 53 58 67 72
49 51 49 51
7 25 7 14 25
15 60 15 30 32 51 60
29 77 29 48 52 77
6 15 6 15
46 85 46 49 85
59 75 59 61 75
61 83 61 75 80 81 83
44 67 44 51 67
53 83 53 59 64 80 81 83
2 25 2 9 20 23 25
37 71 37 59 71
55 75 55 58 61 75
52 64 52 64
59 68 59 64 68
57 86 57 78 80 83 86
13 23 13 16 23
21 47 21 26 38 41 47
80 82 80 82
8 58 8 34 38 41 53 58
33 59 33 37 51 59
55 83 55 61 75 83
34 52 34 45 52
38 83 38 63 80 81 83
1 88 1 26 28 77 87 88
51 67 51 67
22 42 22 34 38 42
1 78 1 72 78
34 50 34 38 41 50
40 82 40 64 81 82
6 73 6 27 52 67 73
60 66 60 66
61 85 61 66 78 80 81 82 85
18 21 18 19 21
1 32 1 7 26 30 32
30 52 30 32 48 52
50 76 50 59 69 76
48 66 48 61 66
37 51 37 51
5 64 5 7 45 54 59 64
18 31 18 22 31
21 50 21 26 30 50
13 63 13 28 37 62 63
8 47 8 41 47
41 50 41 50
3 13 3 9 13
23 44 23 28 37 40 43 44
1 71 1 2 13 64 71
0 33 0 10 24 33
8 65 8 9 24 34 54 59 65
40 43 40 43
7 58 7 39 46 49 51 58
16 23 16 23
23 88 23 35 63 88
41 63 41 57 63
2 64 2 18 21 40 43 47 53 59 64
55 87 55 67 82 87
8 28 8 13 26 28
26 74 26 40 64 68 74
8 73 8 34 47 53 58 67 73
8 27 8 9 16 24 27
12 78 12 17 25 40 51 67 72 78
6 86 6 21 26 75 83 86
37 78 37 59 61 66 78
16 60 16 31 43 46 49 51 60
37 66 37 40 42 62 63 66
2 86 2 13 49 59 61 83 86
37 72 37 49 51 67 72
78 82 78 80 82
69 87 69 87
21 53 21 40 43 47 53
39 84 39 46 49 72 78 84
3 27 3 18 19 27
45 69 45 55 58 68 69
13 76 13 24 30 49 76
18 59 18 27 34 38 59
53 84 53 84
35 79 35 56 62 63 79
24 79 24 50 79
19 41 19 27 41
19 62 19 33 62
58 64 58 64
29 69 29 43 44 51 58 68 69
30 48 30 32 48
57 81 57 78 80 81
22 64 22 34 45 55 61 64
16 43 16 27 29 37 40 43
6 72 6 27 34 67 72
14 27 14 19 27
39 49 39 46 49
22 88 22 64 69 76 82 85 88
5 44 5 37 40 43 44
1 39 1 13 14 21 26 28 39
7 69 7 49 69
10 71 10 34 59 71
39 87 39 46 77 87
5 32 5 7 14 19 20 23 32
5 21 5 7 14 21
36 50 36 37 50
45 80 45 54 75 80
2 51 2 9 46 49 51
13 70 13 20 40 43 62 70
25 85 25 71 82 85
50 78 50 58 67 78
16 57 16 31 43 44 55 57
26 37 26 28 37
3 88 3 87 88
16 82 16 80 82
42 49 42 46 49
0 89 0 57 80 81 83 89
44 67 44 55 58 67
35 89 35 39 60 78 81 83 89
60 71 60 66 71
13 36 13 36
32 58 32 44 51 58
12 57 12 29 57
12 33 12 24 33
0 37 0 13 14 21 26 28 37
5 89 5 33 64 71 83 89
6 29 6 27 29
4 40 4 40
64 87 64 80 82 87
3 31 3 14 31
29 66 29 43 47 61 66
6 61 6 30 34 46 49 51 59 61
32 47 32 47
23 70 23 25 33 39 41 70
71 84 71 84
25 46 25 35 39 46
18 35 18 19 26 28 35
5 73 5 7 32 48 54 67 73
52 64 52 64
7 48 7 28 37 48
30 45 30 34 45
28 48 28 37 48
19 21 19 21
30 66 30 44 61 66
44 72 44 53 58 67 72
2 57 2 23 32 44 55 57
5 33 5 33
76 85 76 82 85
2 17 2 9 17
31 79 31 56 62 63 79
13 29 13 24 29
41 72 41 72
8 47 8 28 41 47
23 86 23 35 59 64 81 83 86
42 51 42 46 49 51
31 39 31 39
22 86 22 34 48 79 80 83 86
20 72 20 26 40 72
52 78 52 67 78
61 68 61 64 68
75 89 75 83 89
26 81 26 30 48 79 81
64 86 64 71 83 86
75 86 75 78 81 83 86
14 53 14 28 39 41 53
50 79 50 79
27 45 27 34 45
70 89 70 81 83 89
38 59 38 42 59
56 69 56 64 69
25 83 25 35 39 46 49 72 78 80 81 83
41 72 41 53 58 67 72
20 49 20 30 39 41 49
15 41 15 26 28 35 39 41
2 14 2 14
58 68 58 61 64 68
48 54 48 54
29 83 29 75 78 81 83
62 77 62 63 66 77
22 78 22 60 66 78
18 74 18 19 26 38 49 59 61 64 68 74
67 89 67 78 81 83 89
27 41 27 41
40 72 40 43 62 72
24 30 24 30
81 85 81 82 85
43 46 43 46
62 65 62 65
55 77 55 67 77
49 74 49 59 61 64 68 74
9 14 9 13 14
73 88 73 88
35 56 35 56
19 52 19 43 52
10 81 10 24 32 51 80 81
17 34 17 26 30 34
28 39 28 35 39
5 23 5 6 18 20 23
4 28 4 23 28
79 87 79 81 82 87
26 68 26 30 54 59 61 64 68
72 86 72 86
38 63 38 41 57 63
6 39 6 30 39
27 41 27 34 38 41
67 82 67 78 80 82
2 58 2 9 32 58
24 39 24 33 39
42 82 42 59 64 71 82
21 64 21 59 61 64
25 55 25 40 43 44 55
4 26 4 13 26
9 64 9 29 48 61 64
23 57 23 57
3 30 3 15 21 26 30
54 76 54 59 69 76
60 88 60 69 88
81 85 81 82 85
28 85 28 37 76 82 85
18 59 18 59
58 74 58 68 74
26 60 26 28 37 51 60
30 64 30 54 59 61 64
55 89 55 89
78 80 78 80
41 57 41 57
46 51 46 49 51
41 49 41 49
16 23 16 23
20 82 20 56 82
16 89 16 50 51 64 81 83 89
8 66 8 13 46 49 59 61 66
66 71 66 71
3 51 3 27 41 50 51
3 37 3 27 29 37
17 67 17 52 67
23 82 23 81 82
10 33 10 24 33
4 13 4 13
41 59 41 49 51 59
3 9 3 9
57 63 57 63
55 69 55 58 61 64 69
42 73 42 51 58 73
19 52 19 33 52
17 39 17 25 33 39
48 82 48 52 64 68 69 76 82
1 7 1 7
1 61 1 26 30 54 59 61
53 82 53 80 82
22 37 22 33 37
33 46 33 39 46
3 50 3 15 21 26 38 41 50
66 89 66 78 80 83 89
22 60 22 25 35 39 46 49 51 60
2 61 2 23 44 55 58 61
30 49 30 39 41 49
23 32 23 32
32 85 32 44 61 75 80 82 85
26 69 26 69
58 72 58 67 72
80 89 80 83 89
54 80 54 67 78 80
23 41 23 25 35 39 41
40 89 40 62 72 78 80 83 89
4 13 4 8 9 13
44 74 44 61 64 68 74
82 88 82 85 88
18 59 18 34 59
10 89 10 67 78 80 81 83 89
51 59 51 59
22 68 22 33 49 51 61 64 68
11 27 11 27
13 85 13 16 69 76 82 85
1 71 1 19 27 53 58 61 64 71
41 68 41 53 59 64 68
21 65 21 26 30 53 58 64 65
27 79 27 79
54 83 54 80 83
11 56 11 18 22 25 35 56
10 73 10 34 44 53 58 67 73
46 85 46 49 76 82 85
19 39 19 21 26 28 35 39
24 48 24 34 48
5 33 5 6 18 19 20 23 25 33
9 16 9 13 16
3 25 3 14 25
51 71 51 59 64 71
27 44 27 34 44
58 69 58 64 68 69
41 67 41 50 51 67
55 83 55 57 78 81 83
8 28 8 28
14 59 14 59
30 64 30 50 64
25 67 25 33 67
29 52 29 43 52
58 66 58 61 66
71 82 71 82
2 82 2 31 69 76 82
28 64 28 35 59 64
81 85 81 82 85
48 72 48 72
51 61 51 61
59 65 59 64 65
53 65 53 58 64 65
11 49 11 27 29 37 40 49
38 41 38 41
9 50 9 24 50
7 14 7 14
62 77 62 63 66 77
2 74 2 31 43 62 74
40 64 40 51 58 61 64
17 79 17 32 44 63 79
33 85 33 62 72 78 80 82 85
32 53 32 53
0 21 0 13 14 19 21
42 65 42 46 49 51 59 65
4 33 4 13 16 23 25 33
43 69 43 44 55 58 64 69
33 46 33 39 46
52 67 52 67
43 65 43 65
22 45 22 34 45
36 73 36 48 52 67 73
22 88 22 25 63 79 88
27 68 27 54 59 61 64 68
50 68 50 51 61 64 68
41 83 41 79 81 83
46 68 46 49 59 64 68
58 61 58 61
7 49 7 27 34 46 49
24 53 24 27 29 36 43 47 53
60 87 60 69 76 82 87
1 89 1 7 45 52 89
43 46 43 46
4 68 4 68
7 29 7 29
15 41 15 25 35 39 41
21 58 21 42 51 58
11 34 11 18 34
33 82 33 61 64 69 76 82
30 66 30 41 53 59 61 66
16 53 16 35 39 41 53
54 85 54 67 78 80 81 82 85
21 26 21 26
4 59 4 30 54 59
3 82 3 58 64 82
15 61 15 58 61
32 88 32 58 73 88
15 86 15 22 33 37 49 59 64 71 83 86
40 55 40 43 44 55
8 27 8 13 16 24 27
9 49 9 13 20 23 37 40 43 46 49
21 26 21 26
42 70 42 62 70
15 61 15 46 49 51 59 61
5 35 5 6 17 20 26 28 35
52 68 52 64 68
48 80 48 52 80
61 83 61 83
63 89 63 79 83 89
12 73 12 44 73
39 46 39 46
31 84 31 56 64 71 84
30 85 30 39 69 76 82 85
54 69 54 59 69
2 57 2 9 20 32 44 55 57
58 83 58 67 78 81 83
59 86 59 61 83 86
41 76 41 59 69 76
23 77 23 57 63 66 77
12 76 12 45 64 69 76
13 55 13 28 37 40 43 44 55
33 54 33 37 48 54
1 82 1 58 68 69 76 82
51 67 51 67
22 62 22 31 43 62
31 50 31 39 41 50
15 63 15 22 43 44 55 57 63
10 74 10 32 47 61 64 68 74
24 73 24 34 44 51 67 73
73 88 73 88
33 69 33 61 64 68 69
24 27 24 27
58 77 58 77
31 68 31 39 58 61 64 68
8 19 8 13 14 19
39 76 39 60 69 76
26 69 26 68 69
50 68 50 51 59 64 68
22 45 22 34 45
20 56 20 56
16 36 16 27 29 36
34 54 34 45 54
21 79 21 40 63 79
32 53 32 53
9 16 9 13 16
50 85 50 51 60 78 85
44 87 44 78 81 82 87
53 82 53 58 67 78 80 82
27 82 27 34 46 49 72 78 81 82
0 37 0 24 33 37
45 66 45 61 66
12 56 12 26 28 35 56
53 84 53 84
3 54 3 11 18 19 20 23 28 37 48 54
81 85 81 82 85
4 76 4 40 51 58 68 69 76
5 83 5 7 57 63 79 80 81 83
8 31 8 13 14 31
52 64 52 64
34 45 34 45
4 20 4 13 20
8 9 8 9
30 49 30 39 46 49
6 25 6 17 20 23 25
16 24 16 24
7 36 7 14 19 27 29 36
48 79 48 79
12 70 12 44 55 70
20 88 20 54 75 80 81 83 86 88
72 86 72 78 80 83 86
45 59 45 54 59
40 79 40 42 62 63 79
15 70 15 21 70
42 75 42 51 61 75
63 83 63 79 83
59 89 59 61 64 81 83 89
13 85 13 48 52 64 69 76 82 85
49 80 49 72 78 80
2 13 2 13
19 80 19 21 40 42 57 80
44 74 44 53 59 61 64 68 74
60 86 60 78 81 83 86
23 49 23 49
11 68 11 59 61 64 68
18 30 18 19 21 26 30
36 67 36 43 47 53 58 67
31 75 31 39 58 61 75
19 78 19 27 52 67 72 78
69 82 69 76 82
26 76 26 69 76
5 35 5 7 28 35
67 89 67 72 84 89
9 79 9 20 23 32 48 79
1 30 1 2 9 16 24 30
7 42 7 15 26 42
12 24 12 24
2 44 2 23 32 44
17 45 17 34 45
0 19 0 13 14 19
26 53 26 38 41 47 53
35 56 35 56
23 76 23 25 38 42 59 61 64 69 76
10 60 10 24 27 32 51 60
18 39 18 21 26 28 35 39
30 71 30 41 63 66 71
4 78 4 40 51 58 61 75 78
23 67 23 32 44 53 58 67
26 53 26 28 39 41 47 53
7 89 7 43 62 70 71 83 89
19 56 19 26 28 35 56
15 26 15 21 26
23 35 23 28 35
24 89 24 50 51 58 67 78 84 89
9 57 9 29 57
13 49 13 26 42 46 49
5 15 5 7 15
11 80 11 58 78 80
12 45 12 26 30 34 45
30 76 30 50 59 69 76
42 80 42 59 61 66 78 80
20 54 20 30 48 54
23 47 23 32 47
54 88 54 86 88
40 68 40 43 64 68
9 58 9 46 49 51 58
3 35 3 14 21 26 28 35
15 25 15 22 25
4 78 4 56 78
41 81 41 47 53 72 78 80 81
18 61 18 22 33 39 58 61
5 57 5 24 27 41 57
4 78 4 70 72 78
74 82 74 82
6 51 6 31 43 46 49 51
19 82 19 56 74 82
1 7 1 7
30 48 30 34 48
12 84 12 17 32 58 78 84
29 55 29 37 40 43 44 55
1 19 1 19
19 61 19 38 59 61
60 86 60 78 81 83 86
27 43 27 29 37 40 43
55 70 55 70
50 67 50 58 67
7 74 7 49 51 59 61 64 68 74
47 73 47 67 73
13 77 13 28 41 63 66 77
13 80 13 60 78 80
5 44 5 33 37 40 43 44
17 20 17 20
22 87 22 34 55 70 81 82 87
29 72 29 57 72
57 81 57 72 78 80 81
2 76 2 56 64 69 76
74 85 74 85
19 73 19 20 26 40 43 46 49 51 73
8 74 8 33 37 51 61 64 68 74
26 58 26 28 37 51 58
27 52 27 34 48 52
0 43 0 17 29 43
24 27 24 27
5 49 5 24 29 37 40 42 46 49
41 61 41 49 51 59 61
11 46 11 18 27 29 43 46
36 81 36 60 66 78 80 81
51 71 51 64 71
6 40 6 24 29 37 40
5 15 5 7 15
35 66 35 39 58 61 66
32 51 32 44 51
54 73 54 67 73
13 84 13 20 79 84
6 85 6 85
32 64 32 47 61 64
29 55 29 37 40 43 44 55
25 79 25 40 63 79
13 74 13 29 48 52 64 68 74
15 70 15 22 33 62 70
28 37 28 37
3 53 3 33 39 41 53
7 28 7 28
17 79 17 26 38 41 79
41 72 41 67 72
5 42 5 37 40 42
5 83 5 75 80 83
9 85 9 32 71 82 85
0 78 0 52 67 72 78
1 86 1 37 72 86
9 82 9 20 66 71 82
53 58 53 58
11 77 11 18 27 44 63 66 77
13 14 13 14
11 34 11 18 22 34
71 82 71 82
35 50 35 39 41 50
12 63 12 27 44 55 57 63
29 70 29 36 55 70
2 58 2 14 34 46 49 51 58
15 28 15 26 28
86 88 86 88
35 63 35 63
13 87 13 63 82 87
19 80 19 62 70 72 78 80
41 47 41 47
37 59 37 59
2 77 2 18 27 44 61 66 77
2 85 2 13 74 82 85
28 72 28 41 53 58 67 72
37 75 37 48 58 61 75
58 72 58 67 72
3 16 3 16
67 87 67 72 78 81 82 87
6 25 6 18 22 25
40 89 40 49 72 84 89
23 49 23 25 35 39 46 49
15 64 15 21 40 49 51 58 64
16 37 16 28 37
13 57 13 14 19 30 39 41 57
18 55 18 22 34 45 55
29 36 29 36
14 36 14 19 27 29 36
12 26 12 17 20 26
14 59 14 21 42 59
6 60 6 27 44 60
11 70 11 20 23 70
81 88 81 83 88
22 42 22 34 38 42
18 27 18 19 27
16 43 16 24 29 36 37 40 43
23 44 23 37 40 43 44
10 24 10 24
47 73 47 53 58 67 73
20 66 20 56 62 63 66
26 73 26 38 42 46 49 51 67 73
13 88 13 49 85 88
60 66 60 66
34 65 34 55 61 64 65
75 89 75 80 81 83 89
10 33 10 24 33
23 65 23 55 61 64 65
63 82 63 82
27 38 27 34 38
43 65 43 46 49 59 64 65
10 34 10 24 27 34
7 65 7 27 29 36 43 47 53 58 64 65
30 84 30 41 79 84
8 37 8 28 37
2 42 2 33 37 40 42
16 44 16 29 37 40 43 44
7 74 7 45 61 64 68 74
48 58 48 58
13 48 13 29 37 48
22 65 22 65
61 66 61 66
20 23 20 23
1 28 1 13 20 23 28
62 80 62 70 72 78 80
3 77 3 15 21 58 61 66 77
22 75 22 33 39 58 61 75
2 32 2 9 16 27 32
26 56 26 28 35 56
20 54 20 26 28 37 48 54
63 71 63 66 71
55 57 55 57
40 72 40 42 62 70 72
59 88 59 61 88
23 84 23 28 78 84
44 61 44 61
10 17 10 17
7 85 7 25 61 75 80 81 82 85
63 81 63 80 81
19 41 19 21 26 38 41
15 26 15 21 26
4 32 4 13 20 32
26 65 26 30 54 59 64 65
10 86 10 44 63 83 86
33 53 33 37 40 43 44 53
32 59 32 53 59
42 88 42 87 88
8 30 8 9 16 24 30
63 87 63 79 80 82 87
24 52 24 32 48 52
16 80 16 24 64 80
41 47 41 47
3 42 3 27 34 38 42
9 79 9 17 32 44 79
16 82 16 69 76 82
1 39 1 13 24 30 39
3 84 3 27 32 51 59 64 71 84
21 40 21 26 28 37 40
33 75 33 49 59 61 75
23 84 23 44 53 59 71 84
13 68 13 16 40 43 46 49 51 61 64 68
10 30 10 30
47 84 47 53 59 64 71 84
9 16 9 13 16
12 71 12 44 63 66 71
52 68 52 64 68
63 88 63 82 87 88
10 74 10 34 74
56 85 56 82 85
56 64 56 64
4 21 4 8 9 13 14 19 21
40 62 40 42 62
15 22 15 22
34 64 34 38 59 61 64
61 74 61 64 68 74
1 83 1 7 41 63 80 81 83
6 55 6 31 43 44 55
44 78 44 55 57 72 78
14 70 14 31 39 41 70
21 88 21 58 87 88
33 54 33 37 48 54
11 21 11 18 21
25 50 25 35 39 41 50
27 42 27 34 38 42
75 78 75 78
3 84 3 38 42 46 49 51 67 78 84
16 31 16 31
16 85 16 28 41 59 66 71 82 85
2 36 2 18 19 27 29 36
15 80 15 25 57 80
33 48 33 37 48
23 74 23 28 39 57 74
79 87 79 81 82 87
30 68 30 41 49 59 64 68
75 86 75 78 80 83 86
67 72 67 72
41 57 41 57
21 57 21 42 57
21 40 21 40
39 71 39 60 66 71
15 40 15 22 25 33 37 40
40 74 40 42 62 74
1 48 1 7 26 30 34 48
44 61 44 51 58 61
30 78 30 50 60 66 78
84 88 84 88
11 80 11 21 59 64 80
67 84 67 78 84
20 68 20 39 58 68
23 80 23 55 61 64 80
9 16 9 16
31 39 31 39
19 62 19 20 30 34 38 42 62
20 54 20 54
13 85 13 26 80 81 82 85
0 57 0 24 33 39 57
15 22 15 22
63 66 63 66
3 33 3 33
21 88 21 26 42 88
23 63 23 25 33 62 63
14 36 14 19 27 29 36
2 18 2 18
18 51 18 22 34 50 51
20 81 20 40 62 72 78 80 81
15 69 15 58 64 69
0 85 0 67 82 85
39 58 39 46 49 51 58
28 82 28 64 69 76 82
10 85 10 60 69 76 82 85
62 80 62 70 80
53 77 53 58 77
53 86 53 72 78 80 83 86
24 75 24 30 53 59 61 75
2 58 2 14 34 45 55 58
21 68 21 58 61 64 68
18 84 18 20 66 78 84
27 63 27 41 57 63
9 24 9 24
10 29 10 24 27 29
1 30 1 26 30
11 34 11 20 26 30 34
2 33 2 33
3 82 3 15 25 62 72 82
59 77 59 66 77
56 85 56 78 81 82 85
4 23 4 8 9 20 23
23 49 23 35 43 46 49
0 33 0 10 24 33
13 44 13 29 36 43 44
1 49 1 7 40 43 46 49
27 62 27 34 38 42 62
6 30 6 15 26 30
42 64 42 59 64
13 80 13 36 67 72 78 80
39 77 39 41 63 66 77
0 54 0 24 27 32 48 54
8 36 8 9 17 29 36
8 36 8 13 29 36
14 76 14 68 69 76
30 54 30 34 45 54
34 78 34 44 51 61 75 78
10 32 10 32
4 54 4 8 9 16 28 37 48 54
40 47 40 43 47
24 43 24 27 29 36 37 40 43
26 60 26 42 46 49 51 60
11 32 11 18 21 26 30 32
33 50 33 39 41 50
32 85 32 44 55 79 80 81 82 85
25 83 25 64 80 83
20 68 20 23 35 39 46 49 59 61 64 68
4 60 4 60
8 88 8 58 77 87 88
9 81 9 46 49 51 80 81
7 39 7 25 33 39
1 48 1 2 18 22 33 37 48
15 45 15 30 34 45
9 38 9 17 34 38
12 75 12 37 48 58 61 75
55 81 55 61 75 78 80 81
9 74 9 20 32 58 68 74
3 23 3 16 23
48 78 48 54 67 72 78
32 70 32 44 55 70
36 81 36 37 72 78 81
23 59 23 35 39 46 49 51 59
31 57 31 39 41 57
41 60 41 50 51 60
28 64 28 41 49 51 59 61 64
29 55 29 37 40 43 44 55
53 67 53 58 67
45 73 45 54 73
13 45 13 20 30 34 45
58 66 58 61 66
43 67 43 44 55 67
5 74 5 25 61 64 68 74
13 57 13 14 42 57
50 78 50 59 61 66 78
58 76 58 68 69 76
49 88 49 69 76 82 85 88
4 49 4 49
21 82 21 70 80 82
5 37 5 24 33 37
12 25 12 17 20 23 25
43 70 43 62 70
22 59 22 31 39 41 53 59
7 45 7 26 30 34 45
53 80 53 59 61 75 78 80
58 76 58 68 69 76
39 63 39 41 57 63
12 58 12 32 44 55 58
0 40 0 24 29 37 40
56 68 56 64 68
22 51 22 25 35 43 46 49 51
19 20 19 20
19 27 19 27
29 43 29 36 43
1 19 1 3 9 13 14 19
42 83 42 57 72 78 81 83
11 65 11 64 65
50 84 50 60 78 84
5 24 5 24
3 49 3 21 42 46 49
62 74 62 74
56 68 56 64 68
16 35 16 23 28 35
25 44 25 33 37 40 43 44
23 65 23 44 51 61 64 65
13 68 13 46 49 59 64 68
49 64 49 51 58 64
11 61 11 33 39 46 49 59 61
34 65 34 59 61 64 65
3 53 3 14 30 41 47 53
31 69 31 39 46 49 69
38 62 38 42 62
34 63 34 44 55 63
48 58 48 58
3 42 3 38 42
41 68 41 53 58 64 68
33 84 33 62 72 78 84
35 63 35 39 57 63
13 60 13 20 30 32 51 60
29 77 29 43 47 61 66 77
14 41 14 21 26 30 41
8 45 8 13 20 26 30 34 45
11 75 11 18 34 44 61 75
26 67 26 30 32 53 58 67
13 74 13 36 37 51 74
60 81 60 66 78 81
51 80 51 59 66 78 80
23 35 23 35
27 81 27 54 59 61 75 78 80 81
31 69 31 69
40 53 40 43 47 53
3 79 3 27 44 63 79
15 85 15 60 78 81 82 85
54 72 54 72
18 89 18 34 79 80 81 83 89
18 22 18 22
15 31 15 22 31
13 14 13 14
9 24 9 13 16 24
58 81 58 61 75 80 81
43 44 43 44
14 84 14 31 43 44 63 79 84
32 44 32 44
16 73 16 73
2 61 2 33 51 61
25 35 25 35
11 23 11 20 23
8 58 8 34 47 53 58
58 77 58 61 66 77
30 52 30 34 48 52
24 63 24 55 63
32 47 32 47
26 38 26 30 34 38
59 88 59 64 71 88
10 45 10 30 34 45
3 24 3 16 24
11 65 11 18 19 62 65
30 65 30 49 51 58 64 65
45 77 45 50 67 77
1 68 1 68
21 62 21 26 38 42 62
78 85 78 85
1 78 1 37 40 63 66 78
41 83 41 59 66 83
28 85 28 58 61 64 80 82 85
28 35 28 35
26 65 26 38 63 65
10 33 10 17 25 33
26 30 26 30
18 55 18 34 45 55
4 61 4 40 42 51 58 61
61 82 61 75 82
12 57 12 24 55 57
0 64 0 10 52 64
34 38 34 38
34 57 34 45 57
75 78 75 78
7 58 7 32 47 53 58
19 49 19 26 28 49
37 49 37 49
66 77 66 77
17 25 17 20 23 25
45 79 45 55 63 79
21 81 21 40 42 62 63 66 78 80 81
2 76 2 31 43 47 61 64 69 76
57 74 57 74
27 57 27 41 57
13 60 13 16 44 51 60
40 79 40 42 57 63 79
18 85 18 63 66 78 85
58 84 58 78 84
11 35 11 20 26 28 35
28 59 28 39 46 49 51 59
1 71 1 13 14 70 71
7 26 7 26
17 84 17 58 64 71 84
15 65 15 58 61 64 65
2 65 2 33 51 64 65
4 40 4 13 24 27 29 37 40
23 68 23 68
8 27 8 13 14 19 27
50 60 50 51 60
13 63 13 36 43 44 55 63
17 52 17 52
58 89 58 78 84 89
37 67 37 48 58 67
25 38 25 38
14 55 14 31 43 44 55
29 59 29 36 59
51 65 51 61 64 65
9 26 9 17 20 26
64 87 64 68 74 82 87
18 83 18 21 58 67 72 78 81 83
49 76 49 51 60 69 76
20 39 20 39
38 46 38 42 46
43 46 43 46
57 81 57 78 80 81
12 55 12 32 44 55
31 81 31 39 46 49 59 66 78 81
15 53 15 30 41 47 53
4 45 4 13 26 30 34 45
11 65 11 20 39 57 65
42 60 42 46 49 51 60
49 72 49 72
52 77 52 67 77
19 83 19 30 39 58 78 80 81 83
11 31 11 18 22 31
8 9 8 9
41 61 41 50 51 58 61
39 69 39 46 49 69
0 24 0 10 24
37 51 37 49 51
19 79 19 33 39 41 50 79
26 39 26 28 39
4 72 4 70 72
23 35 23 28 35
12 66 12 32 66
35 65 35 59 61 64 65
23 87 23 68 69 87
21 69 21 26 68 69
40 55 40 43 44 55
5 66 5 37 62 63 66
49 80 49 51 80
23 38 23 25 38
42 71 42 62 63 66 71
51 75 51 61 75
19 43 19 33 37 40 43
0 83 0 43 62 70 80 83
34 78 34 45 52 78
8 69 8 28 68 69
77 87 77 87
5 63 5 30 39 41 63
59 69 59 61 64 68 69
13 63 13 14 31 39 41 57 63
0 19 0 13 14 19
35 82 35 56 62 72 82
31 70 31 56 62 70
75 86 75 80 81 83 86
63 89 63 83 89
29 57 29 37 40 42 57
31 86 31 56 64 86
35 64 35 59 61 64
59 75 59 61 75
19 38 19 27 34 38
37 65 37 59 61 64 65
64 87 64 69 76 82 87
37 48 37 48
1 50 1 19 30 39 41 50
2 86 2 33 67 72 78 81 83 86
13 26 13 14 21 26
25 86 25 63 79 86
47 72 47 67 72
10 62 10 34 38 42 62
9 56 9 20 23 28 35 56
36 72 36 67 72
10 79 10 32 48 79
44 78 44 63 66 78
22 42 22 25 40 42
67 84 67 72 84
10 60 10 30 39 46 49 51 60
38 89 38 89
27 60 27 29 37 50 51 60
37 75 37 49 59 61 75
10 29 10 17 29
14 78 14 34 59 61 66 78
2 17 2 9 17
23 39 23 35 39
25 38 25 38
8 62 8 9 62
48 71 48 61 66 71
2 41 2 18 21 26 30 34 38 41
3 50 3 21 26 30 50
72 86 72 78 80 83 86
50 74 50 64 68 74
0 79 0 17 29 37 40 63 79
52 84 52 64 71 84
0 86 0 86
6 47 6 40 43 47
1 19 1 2 14 19
20 37 20 26 28 37
60 66 60 66
38 65 38 65
16 24 16 24
51 86 51 80 81 83 86
41 85 41 50 51 80 82 85
55 76 55 61 64 68 69 76
23 68 23 37 52 64 68
28 68 28 35 56 64 68
46 75 46 49 59 61 75
10 33 10 17 33
43 57 43 44 55 57
33 72 33 46 49 72
40 46 40 42 46
6 79 6 18 19 62 63 79
26 75 26 55 58 61 75
13 57 13 16 24 34 38 41 57
23 88 23 37 49 59 77 87 88
34 89 34 48 61 75 78 80 83 89
27 59 27 32 51 59
22 62 22 31 43 62
48 54 48 54
75 87 75 80 82 87
31 68 31 56 64 68
22 68 22 43 64 68
25 86 25 63 79 80 83 86
9 64 9 45 64
24 50 24 30 50
2 87 2 72 78 80 82 87
7 54 7 28 37 48 54
45 63 45 55 57 63
62 80 62 72 78 80
25 33 25 33
8 82 8 58 78 81 82
39 79 39 41 63 79
4 70 4 8 28 41 70
22 50 22 34 45 50
10 63 10 24 29 37 40 62 63
20 75 20 26 55 58 61 75
11 31 11 18 22 31
51 81 51 67 72 78 81
9 78 9 29 43 52 78
13 88 13 63 83 88
27 65 27 44 51 58 61 64 65
34 73 34 44 51 58 67 73
31 83 31 39 41 50 51 61 64 80 83
43 49 43 46 49
18 37 18 21 26 28 37
4 36 4 8 9 29 36
9 38 9 20 30 34 38
72 86 72 86
10 86 10 34 46 49 59 61 83 86
55 84 55 63 66 78 84
31 69 31 43 46 49 51 58 64 68 69
64 82 64 82
44 78 44 63 66 78
50 74 50 51 61 64 68 74
53 67 53 58 67
9 20 9 17 20
13 23 13 20 23
66 71 66 71
37 88 37 72 88
49 59 49 51 59
1 19 1 13 14 19
34 46 34 38 42 46
31 51 31 43 46 49 51
41 81 41 49 59 64 80 81
40 80 40 42 70 80
5 24 5 6 24
3 35 3 16 23 35
7 37 7 28 37
5 72 5 52 67 72
14 77 14 25 63 66 77
28 37 28 37
7 65 7 65
18 39 18 21 26 30 39
6 58 6 15 58
31 61 31 43 44 53 59 61
81 85 81 82 85
5 88 5 81 82 87 88
0 57 0 20 39 41 57
13 87 13 20 79 80 82 87
1 26 1 3 9 13 26
28 39 28 35 39
23 37 23 25 33 37
1 75 1 2 18 59 61 75
79 86 79 83 86
35 76 35 69 76
0 54 0 10 24 33 37 48 54
24 85 24 29 57 78 85
17 25 17 25
31 86 31 56 78 81 83 86
4 23 4 23
21 59 21 26 42 51 59
80 81 80 81
58 82 58 67 78 81 82
41 87 41 72 82 87
17 80 17 29 48 72 78 80
16 86 16 83 86
5 49 5 33 46 49
13 45 13 16 24 30 34 45
30 72 30 50 67 72
6 78 6 17 51 59 61 75 78
52 67 52 67
68 69 68 69
33 65 33 39 65
72 83 72 78 80 81 83
11 21 11 21
54 86 54 72 86
9 85 9 46 49 76 82 85
21 35 21 26 28 35
12 71 12 66 71
24 32 24 27 32
26 85 26 80 82 85
31 83 31 39 46 49 72 78 81 83
36 60 36 60
21 73 21 40 51 73
16 30 16 24 30
64 80 64 80
31 75 31 43 44 53 59 61 75
52 82 52 80 81 82
28 59 28 41 49 59
48 79 48 79
20 37 20 26 28 37
30 41 30 41
2 18 2 18
20 59 20 59
20 40 20 23 28 37 40
57 89 57 78 81 83 89
14 64 14 19 27 29 43 52 64
55 67 55 58 67
38 77 38 41 53 59 66 77
38 80 38 41 70 80
44 73 44 73
16 50 16 31 39 41 50
29 66 29 43 47 61 66
15 77 15 26 28 35 43 52 67 77
4 69 4 56 64 68 69
0 85 0 57 82 85
48 66 48 54 59 66
42 87 42 70 71 82 87
28 41 28 35 41
9 37 9 17 25 33 37
22 67 22 43 47 67
55 77 55 61 66 77
30 64 30 32 53 59 61 64
31 50 31 39 41 50
9 71 9 50 59 61 64 71
28 48 28 37 48
4 76 4 23 37 59 64 69 76
30 85 30 72 82 85
55 86 55 63 83 86
15 78 15 22 25 62 70 72 78
33 51 33 49 51
29 47 29 36 43 47
67 84 67 72 84
46 51 46 49 51
78 82 78 80 82
39 57 39 57
18 51 18 27 34 45 50 51
35 72 35 39 46 49 51 58 67 72
2 38 2 9 24 30 34 38
38 63 38 63
17 45 17 26 30 34 45
20 39 20 39
50 58 50 51 58
9 30 9 20 26 30
70 89 70 71 84 89
14 61 14 28 49 59 61
8 42 8 9 16 38 42
61 88 61 75 83 88
10 67 10 24 27 53 58 67
5 73 5 52 67 73
24 75 24 54 59 61 75
4 79 4 21 26 30 44 63 79
6 61 6 15 21 26 30 39 41 47 61
61 76 61 64 68 69 76
8 29 8 13 29
0 53 0 10 24 43 47 53
14 70 14 30 44 55 70
24 64 24 43 46 49 51 59 64
13 48 13 28 37 48
8 45 8 13 26 30 34 45
13 24 13 24
34 41 34 38 41
24 51 24 32 51
12 78 12 72 78
20 49 20 26 30 41 49
20 88 20 56 74 85 88
28 85 28 41 67 78 81 82 85
0 16 0 13 16
30 48 30 32 48
2 18 2 18
16 25 16 23 25
0 37 0 20 23 28 37
11 80 11 35 56 64 80
86 88 86 88
23 57 23 44 55 57
0 74 0 43 52 64 68 74
56 87 56 82 87
21 40 21 26 28 37 40
64 69 64 69
8 45 8 9 20 26 30 34 45
55 70 55 70
6 40 6 16 23 37 40
12 78 12 45 63 66 78
60 66 60 66
64 88 64 68 74 82 85 88
58 87 58 67 72 82 87
45 76 45 64 69 76
9 40 9 29 37 40
0 17 0 17
20 80 20 66 78 80
9 13 9 13
6 71 6 16 29 70 71
23 86 23 66 71 83 86
31 68 31 68
2 14 2 13 14
43 70 43 70
0 46 0 43 46
39 79 39 57 63 79
53 67 53 58 67
50 78 50 58 67 78
3 53 3 23 44 53
43 86 43 62 70 72 86
10 33 10 17 25 33
36 83 36 55 58 78 81 83
32 53 32 53
27 75 27 54 75
16 87 16 29 36 81 82 87
2 47 2 33 37 40 43 47
36 37 36 37
63 80 63 79 80
34 54 34 54
8 66 8 28 58 61 66
31 89 31 56 62 63 83 89
49 58 49 51 58
37 48 37 48
3 28 3 11 21 26 28
21 62 21 40 42 62
15 41 15 26 30 41
55 69 55 58 68 69
16 78 16 48 61 66 78
42 64 42 46 49 59 64
12 73 12 41 53 58 73
66 77 66 77
39 69 39 69
0 85 0 45 61 66 71 82 85
21 68 21 40 51 59 64 68
55 57 55 57
10 81 10 44 63 79 80 81
3 48 3 18 20 32 48
26 42 26 40 42
27 84 27 58 64 71 84
22 45 22 34 45
35 61 35 43 47 61
62 77 62 63 66 77
0 82 0 59 69 76 82
23 42 23 28 37 40 42
20 73 20 26 55 58 67 73
55 57 55 57
59 74 59 61 64 68 74
22 52 22 25 40 43 52
3 11 3 11
25 69 25 33 37 51 61 64 68 69
16 80 16 44 61 75 78 80
1 9 1 2 9
14 21 14 21
35 52 35 43 52
17 85 17 70 82 85
40 71 40 60 66 71
44 78 44 78
2 81 2 31 43 46 49 72 78 80 81
83 89 83 89
45 79 45 55 63 79
6 78 6 62 70 72 78
31 87 31 39 58 87
37 84 37 50 67 72 78 84
9 41 9 16 38 41
5 80 5 6 16 29 36 80
35 62 35 56 62
13 70 13 26 28 41 70
33 62 33 37 62
61 68 61 64 68
13 63 13 14 28 37 40 63
10 45 10 34 45
0 83 0 44 55 57 78 81 83
0 30 0 10 24 30
3 66 3 15 26 30 48 54 59 66
4 78 4 49 59 61 75 78
31 75 31 39 41 59 61 75
58 88 58 78 80 83 86 88
41 70 41 70
36 71 36 55 58 61 66 71
39 46 39 46
31 62 31 43 62
10 20 10 17 20
48 80 48 75 78 80
28 68 28 39 41 47 53 58 61 64 68
8 32 8 9 13 24 27 32
57 66 57 63 66
24 77 24 54 59 66 77
25 55 25 35 43 44 55
16 86 16 35 63 79 83 86
12 84 12 29 36 43 62 70 72 84
47 80 47 61 64 80
16 83 16 80 83
10 51 10 32 51
50 73 50 51 67 73
7 19 7 14 19
41 59 41 50 51 59
46 88 46 49 51 85 88
15 78 15 26 30 54 59 66 78
4 25 4 8 13 20 23 25
40 81 40 62 63 79 80 81
2 65 2 31 56 62 65
43 64 43 52 64
79 88 79 80 81 83 88
58 77 58 67 77
11 49 11 18 19 33 49
2 56 2 18 19 21 26 28 35 56
49 59 49 51 59
22 65 22 59 64 65
22 75 22 31 43 75
47 71 47 61 64 71
6 59 6 40 51 59
30 68 30 49 59 61 64 68
23 88 23 28 78 85 88
25 81 25 79 80 81
0 28 0 20 23 28
2 88 2 70 72 84 88
8 83 8 9 71 83
3 72 3 38 49 72
16 86 16 27 34 81 83 86
64 82 64 68 74 82
40 62 40 62
0 43 0 17 20 26 28 37 40 43
6 27 6 27
23 67 23 44 55 67
24 71 24 33 46 49 51 59 61 64 71
21 68 21 26 42 51 61 64 68
1 50 1 7 45 50
7 26 7 14 21 26
52 78 52 78
25 60 25 38 41 49 51 60
50 59 50 59
7 25 7 15 25
17 25 17 20 23 25
28 42 28 37 40 42
17 57 17 20 23 25 40 43 44 55 57
45 70 45 55 70
42 51 42 51
20 72 20 49 72
1 61 1 37 59 61
50 84 50 51 58 67 72 84
37 59 37 50 51 59
2 30 2 9 16 24 30
44 51 44 51
47 71 47 53 59 66 71
22 43 22 43
33 73 33 37 52 67 73
5 57 5 33 39 41 57
20 40 20 40
1 80 1 3 27 44 64 80
57 89 57 83 89
38 42 38 42
37 67 37 50 67
19 42 19 26 30 34 38 42
8 75 8 41 47 53 58 61 75
24 39 24 30 39
22 59 22 31 39 41 47 53 59
17 52 17 26 30 48 52
14 88 14 70 82 85 88
43 67 43 46 49 51 58 67
5 70 5 37 62 70
32 88 32 47 53 88
45 75 45 50 59 61 75
15 40 15 21 40
20 55 20 26 40 43 44 55
22 34 22 34
30 76 30 41 49 51 60 69 76
13 74 13 24 52 64 68 74
9 45 9 24 30 34 45
0 43 0 10 24 33 37 40 43
58 85 58 64 69 76 82 85
49 65 49 59 64 65
6 26 6 17 20 26
4 61 4 21 40 42 51 58 61
60 88 60 86 88
29 47 29 37 40 43 47
8 53 8 40 43 47 53
2 30 2 9 17 26 30
5 49 5 33 46 49
54 81 54 67 72 78 80 81
41 69 41 47 61 64 68 69
14 78 14 70 72 78
21 66 21 59 61 66
29 48 29 37 48
4 32 4 13 16 23 32
70 89 70 80 83 89
2 64 2 14 30 39 58 64
58 85 58 64 80 81 82 85
36 49 36 37 40 49
49 60 49 51 60
46 77 46 49 59 61 66 77
16 85 16 31 43 52 71 82 85
7 28 7 28
26 60 26 30 34 44 51 60
7 45 7 14 34 45
31 53 31 43 47 53
47 58 47 53 58
0 53 0 17 26 40 43 47 53
30 41 30 41
48 79 48 79
57 89 57 78 84 89
2 26 2 18 20 26
50 73 50 67 73
13 36 13 24 29 36
40 44 40 43 44
27 63 27 29 37 62 63
1 41 1 7 38 41
16 57 16 38 41 57
28 42 28 37 40 42
11 23 11 18 20 23
9 60 9 24 27 41 50 60
64 68 64 68
5 42 5 37 40 42
8 85 8 9 57 82 85
35 56 35 56
13 45 13 16 27 34 45
56 82 56 82
34 38 34 38
23 76 23 44 53 59 69 76
40 64 40 43 64
46 67 46 49 51 58 67
68 74 68 74
30 64 30 49 51 58 64
18 21 18 21
55 78 55 58 78
10 54 10 48 54
21 61 21 26 55 61
25 80 25 80
57 86 57 63 83 86
0 70 0 43 44 55 70
32 48 32 48
4 38 4 21 26 38
0 17 0 17
23 85 23 32 47 67 82 85
28 80 28 64 80
45 50 45 50
21 44 21 40 43 44
40 44 40 43 44
25 76 25 61 64 68 69 76
13 77 13 29 43 77
46 67 46 49 51 67
11 23 11 18 20 23
11 86 11 20 32 44 51 67 72 78 81 83 86
8 73 8 41 47 53 58 73
84 89 84 89
3 16 3 9 13 16
2 81 2 63 79 80 81
20 55 20 26 30 34 55
4 61 4 13 48 58 61
33 37 33 37
10 74 10 58 64 68 74
45 81 45 64 80 81
8 20 8 13 14 19 20
32 48 32 48
4 84 4 41 47 61 75 78 84
19 48 19 30 32 48
3 79 3 11 21 42 57 63 79
11 75 11 27 32 47 61 75
26 45 26 30 34 45
42 69 42 51 59 69
13 86 13 46 49 72 86
0 71 0 47 61 64 71
12 86 12 50 67 78 81 83 86
36 69 36 37 51 64 68 69
50 79 50 79
33 54 33 37 48 54
33 43 33 37 40 43
22 78 22 60 78
27 75 27 29 43 75
5 52 5 30 34 48 52
55 87 55 57 78 80 81 82 87
45 70 45 55 70
22 33 22 33
0 75 0 13 36 59 61 75
29 37 29 36 37
56 81 56 78 80 81
42 73 42 46 49 51 67 73
10 67 10 47 67
4 14 4 8 13 14
43 80 43 75 78 80
39 57 39 41 57
11 73 11 18 20 55 67 73
79 84 79 84
17 51 17 29 43 44 51
27 88 27 88
21 65 21 40 43 52 64 65
70 88 70 82 85 88
64 81 64 80 81
14 34 14 34
25 54 25 33 37 48 54
35 52 35 43 52
10 51 10 34 38 49 51
27 78 27 32 58 67 78
1 78 1 49 59 66 78
39 81 39 46 49 59 66 78 80 81
7 38 7 27 34 38
18 75 18 22 59 61 75
8 86 8 28 35 41 63 80 81 83 86
8 78 8 9 57 78
20 88 20 88
35 66 35 56 62 63 66
42 73 42 46 49 51 67 73
7 49 7 14 30 34 38 42 46 49
28 64 28 58 64
4 74 4 68 74
72 84 72 84
59 83 59 66 78 81 83
32 58 32 48 58
0 81 0 17 70 80 81
16 82 16 40 62 72 78 80 81 82
26 56 26 28 35 56
44 87 44 79 80 81 82 87
33 73 33 49 51 67 73
61 75 61 75
35 57 35 39 41 57
40 46 40 42 46
12 23 12 17 20 23
53 88 53 58 64 88
54 76 54 59 61 64 69 76
36 74 36 43 62 74
21 61 21 58 61
6 50 6 30 34 38 41 50
60 78 60 66 78
26 67 26 55 67
3 11 3 11
32 58 32 53 58
31 69 31 69
55 78 55 61 75 78
80 83 80 83
26 58 26 38 49 51 58
10 46 10 24 30 34 46
21 43 21 40 43
11 20 11 18 20
67 84 67 78 84
42 62 42 62
51 74 51 61 64 68 74
12 25 12 17 20 23 25
43 86 43 70 80 83 86
10 60 10 32 51 60
16 78 16 78
20 85 20 40 76 82 85
12 38 12 27 34 38
55 79 55 57 63 79
34 47 34 47
59 83 59 64 81 83
1 59 1 39 41 53 59
26 30 26 30
48 54 48 54
60 81 60 66 78 80 81
39 46 39 46
67 89 67 77 89
2 38 2 14 21 26 38
32 47 32 47
37 75 37 59 61 75
11 54 11 20 26 28 37 48 54
80 82 80 82
22 48 22 25 33 37 48
22 52 22 34 48 52
29 66 29 37 62 63 66
1 37 1 3 16 24 27 29 37
78 86 78 81 83 86
20 86 20 79 80 83 86
72 78 72 78
24 87 24 80 81 82 87
27 53 27 53
7 37 7 28 37
26 75 26 75
40 85 40 63 82 85
21 58 21 26 40 42 51 58
45 61 45 61
12 75 12 47 53 58 61 75
23 76 23 28 49 69 76
57 84 57 72 78 84
27 88 27 52 80 82 85 88
13 68 13 14 30 53 59 64 68
21 54 21 26 30 48 54
16 86 16 24 81 83 86
19 21 19 21
37 84 37 62 72 84
55 66 55 61 66
20 74 20 26 28 68 74
19 46 19 38 42 46
0 43 0 13 20 40 43
11 67 11 21 58 67
35 65 35 41 59 64 65
6 72 6 27 58 67 72
5 73 5 36 37 50 67 73
26 55 26 40 43 44 55
6 47 6 17 26 30 41 47
8 13 8 13
5 77 5 24 30 49 51 58 61 66 77
17 54 17 34 45 54
42 49 42 46 49
83 89 83 89
23 86 23 35 56 64 81 83 86
38 53 38 41 47 53
4 80 4 13 48 79 80
22 85 22 33 62 72 78 80 82 85
7 62 7 15 22 31 56 62
34 44 34 44
49 65 49 59 61 64 65
45 55 45 55
34 49 34 38 41 49
22 72 22 25 35 56 62 70 72
14 72 14 42 57 72
0 51 0 24 33 51
11 35 11 18 20 26 28 35
8 21 8 9 13 14 19 21
9 62 9 24 29 37 40 62
23 49 23 37 49
64 82 64 69 76 82
18 55 18 22 31 43 44 55
13 26 13 26
3 28 3 14 19 20 23 28
63 87 63 82 87
20 35 20 23 35
1 18 1 2 18
38 42 38 42
51 65 51 59 61 64 65
19 39 19 21 26 30 39
23 57 23 57
9 78 9 29 75 78
11 75 11 18 21 26 38 41 47 61 75
8 9 8 9
25 70 25 33 62 70
49 76 49 76
11 85 11 68 69 76 82 85
10 48 10 32 48
9 85 9 20 32 71 82 85
12 76 12 26 38 60 69 76
28 39 28 39
32 66 32 44 61 66
6 80 6 15 25 80
7 87 7 28 78 80 81 82 87
28 39 28 39
24 39 24 33 39
7 66 7 42 59 66
33 87 33 62 74 82 87
36 86 36 80 81 83 86
51 67 51 67
49 85 49 59 71 82 85
0 55 0 17 25 33 37 40 43 44 55
20 85 20 79 81 82 85
56 71 56 62 70 71
37 65 37 51 61 64 65
36 48 36 37 48
10 17 10 17
24 89 24 27 79 81 83 89
6 60 6 16 27 41 49 51 60
63 83 63 83
4 60 4 8 28 49 51 60
3 18 3 11 18
8 75 8 40 49 51 59 61 75
15 61 15 22 31 39 58 61
36 65 36 37 40 62 65
39 69 39 58 61 64 69
6 61 6 37 59 61
2 68 2 56 64 68
26 38 26 30 34 38
33 74 33 64 68 74
0 77 0 45 63 66 77
18 28 18 19 20 23 28
0 48 0 27 29 48
38 49 38 41 49
6 86 6 71 83 86
0 78 0 27 29 43 70 72 78
44 53 44 53
14 19 14 19
23 77 23 44 55 61 66 77
70 82 70 81 82
3 33 3 11 20 23 25 33
3 18 3 11 18
15 22 15 22
33 54 33 37 48 54
30 32 30 32
38 50 38 41 50
57 66 57 63 66
49 73 49 51 73
71 85 71 82 85
40 86 40 51 80 81 83 86
59 69 59 69
10 29 10 17 29
42 51 42 46 49 51
40 43 40 43
2 70 2 18 19 38 70
5 36 5 24 29 36
22 59 22 25 40 51 59
51 58 51 58
60 66 60 66
1 42 1 37 40 42
0 19 0 13 14 19
12 62 12 24 43 62
14 76 14 30 49 69 76
2 51 2 14 34 38 49 51
14 58 14 30 39 46 49 51 58
13 62 13 20 30 34 38 42 62
28 87 28 58 68 74 82 87
7 45 7 27 34 45
0 17 0 10 17
13 31 13 14 31
60 77 60 66 77
21 82 21 59 71 82
13 50 13 29 37 50
36 85 36 81 82 85
46 88 46 77 87 88
23 47 23 35 39 41 47
1 39 1 39
45 50 45 50
5 79 5 36 43 44 63 79
33 74 33 62 74
30 68 30 50 59 61 64 68
6 17 6 17
13 24 13 24
23 53 23 25 35 39 41 47 53
16 33 16 23 25 33
24 43 24 27 29 37 40 43
42 65 42 64 65
39 57 39 41 57
45 75 45 75
9 17 9 17
45 76 45 55 58 61 64 68 69 76
1 42 1 37 40 42
13 20 13 14 19 20
37 62 37 62
51 58 51 58
69 82 69 76 82
42 73 42 46 49 51 67 73
70 89 70 71 84 89
73 88 73 88
70 81 70 80 81
10 87 10 67 78 80 81 82 87
46 85 46 49 51 61 66 71 82 85
20 59 20 30 53 59
46 75 46 49 59 61 75
63 83 63 79 80 83
5 67 5 44 55 67
36 89 36 60 78 84 89
4 13 4 8 13
33 82 33 49 76 82
6 86 6 30 39 46 49 59 66 71 83 86
19 49 19 43 46 49
57 66 57 63 66
3 38 3 30 34 38
77 89 77 89
38 49 38 42 46 49
4 29 4 13 14 19 27 29
51 88 51 86 88
44 84 44 53 58 64 71 84
32 83 32 66 83
57 66 57 63 66
21 40 21 40
22 66 22 60 66
51 65 51 64 65
1 80 1 37 62 63 79 80
59 74 59 64 68 74
48 78 48 75 78
51 73 51 58 73
2 13 2 13
27 59 27 32 51 59
32 48 32 48
30 65 30 41 65
62 74 62 74
41 68 41 53 59 61 64 68
15 79 15 25 63 79
0 70 0 13 16 27 34 44 55 70
18 48 18 20 23 25 33 37 48
0 28 0 10 17 26 28
13 60 13 16 50 51 60
4 69 4 21 58 68 69
0 57 0 44 55 57
36 65 36 48 61 64 65
38 67 38 49 51 58 67
22 67 22 43 47 67
67 87 67 72 78 80 81 82 87
4 60 4 8 33 37 40 49 51 60
10 73 10 48 52 67 73
9 82 9 57 80 81 82
12 55 12 24 32 44 55
53 80 53 80
16 86 16 86
33 81 33 64 80 81
36 89 36 81 83 89
30 69 30 32 44 61 64 68 69
42 66 42 51 61 66
11 54 11 21 26 28 37 48 54
79 89 79 81 83 89
9 64 9 50 58 61 64
33 53 33 39 41 53
11 57 11 27 41 57
51 88 51 88
75 83 75 78 81 83
18 37 18 19 26 28 37
60 76 60 69 76
10 47 10 34 38 41 47
26 57 26 55 57
9 37 9 16 23 28 37
16 36 16 27 29 36
35 79 35 56 62 63 79
21 89 21 26 80 81 83 89
13 56 13 20 26 28 35 56
18 27 18 19 27
60 77 60 66 77
1 86 1 3 16 62 63 80 81 83 86
2 24 2 9 13 16 24
11 88 11 88
23 32 23 32
4 40 4 23 25 40
41 47 41 47
34 66 34 45 57 63 66
2 50 2 33 37 50
7 27 7 27
35 56 35 56
18 31 18 22 31
50 61 50 58 61
9 25 9 16 23 25
12 27 12 24 27
7 38 7 26 38
5 30 5 7 14 30
58 87 58 87
14 31 14 31
21 49 21 26 42 46 49
9 44 9 13 29 37 40 43 44
16 80 16 23 55 57 63 80
16 48 16 29 48
15 77 15 22 43 47 67 77
61 82 61 66 78 80 81 82
70 82 70 71 82
28 88 28 39 57 72 84 88
21 41 21 26 30 39 41
23 74 23 68 74
6 26 6 15 21 26
6 18 6 18
59 89 59 71 84 89
2 73 2 23 55 67 73
4 30 4 13 24 30
3 58 3 58
48 71 48 52 64 71
29 87 29 81 82 87
19 78 19 56 78
14 19 14 19
22 52 22 31 43 52
38 49 38 42 46 49
8 55 8 40 43 44 55
28 57 28 35 43 44 55 57
13 39 13 28 35 39
56 69 56 64 68 69
33 57 33 37 40 43 44 55 57
0 88 0 20 40 60 78 85 88
78 82 78 81 82
29 66 29 48 58 61 66
20 66 20 66
16 24 16 24
33 75 33 39 46 49 51 61 75
5 52 5 7 28 37 48 52
47 85 47 61 75 78 85
2 70 2 33 39 41 70
49 78 49 72 78
14 70 14 70
0 20 0 10 17 20
25 60 25 33 46 49 51 60
3 77 3 38 42 57 63 66 77
29 79 29 79
33 85 33 62 70 72 78 80 81 82 85
18 55 18 20 55
46 84 46 49 72 78 84
30 52 30 32 48 52
45 89 45 77 89
42 85 42 57 74 82 85
49 86 49 59 86
3 34 3 27 34
40 86 40 64 86
30 66 30 34 45 63 66
7 49 7 29 43 46 49
36 71 36 59 71
7 71 7 39 60 66 71
34 44 34 44
57 72 57 72
17 68 17 25 35 41 59 61 64 68
44 84 44 63 79 84
1 66 1 49 59 66
35 41 35 39 41
26 52 26 30 32 48 52
40 79 40 62 63 79
40 65 40 63 65
41 66 41 50 60 66
59 82 59 66 78 80 81 82
1 42 1 7 14 34 38 42
48 71 48 52 64 71
25 59 25 40 42 59
39 49 39 46 49
84 89 84 89
12 73 12 50 51 67 73
42 82 42 64 80 81 82
11 57 11 33 37 40 42 57
8 9 8 9
4 52 4 23 25 40 43 52
38 89 38 63 79 80 81 83 89
22 25 22 25
78 81 78 81
17 54 17 33 37 48 54
45 70 45 55 70
1 78 1 49 72 78
24 82 24 64 68 74 82
17 89 17 81 83 89
17 32 17 20 30 32
64 76 64 69 76
75 89 75 83 89
5 72 5 72
3 38 3 15 26 30 34 38
13 50 13 28 35 41 50
17 39 17 33 39
1 31 1 13 14 31
52 72 52 67 72
7 39 7 15 25 33 39
72 88 72 87 88
20 71 20 26 42 64 71
11 32 11 21 26 30 32
38 47 38 41 47
48 61 48 58 61
21 42 21 40 42
64 65 64 65
5 33 5 24 33
36 76 36 48 58 64 68 69 76
80 88 80 82 87 88
15 76 15 46 49 69 76
27 34 27 34
40 75 40 51 58 61 75
63 89 63 79 81 83 89
54 67 54 67
15 25 15 22 25
5 37 5 6 15 25 33 37
21 67 21 58 67
34 57 34 38 41 57
23 67 23 55 67
4 52 4 8 9 17 34 48 52
52 86 52 83 86
26 30 26 30
7 71 7 14 21 58 64 71
26 45 26 30 34 45
54 76 54 59 61 64 68 69 76
16 23 16 23
7 44 7 25 40 43 44
41 70 41 70
29 53 29 37 40 43 47 53
60 69 60 69
17 32 17 26 30 32
46 68 46 49 59 64 68
9 64 9 39 46 49 59 64
20 71 20 26 38 49 51 64 71
37 76 37 76
18 58 18 19 43 46 49 51 58
27 48 27 32 48
52 82 52 71 82
14 36 14 19 27 29 36
13 32 13 24 30 32
23 59 23 28 35 39 46 49 51 59
5 35 5 25 35
34 48 34 48
39 66 39 57 63 66
22 33 22 25 33
24 87 24 30 53 80 81 82 87
16 60 16 27 41 50 51 60
41 53 41 53
5 21 5 7 14 21
31 49 31 43 46 49
43 53 43 44 53
22 66 22 60 66
20 35 20 26 28 35
58 81 58 64 80 81
31 86 31 56 78 81 83 86
17 61 17 51 59 61
66 83 66 78 80 81 83
21 73 21 26 67 73
26 68 26 42 51 64 68
62 74 62 74
41 78 41 70 72 78
24 80 24 50 51 61 75 80
71 82 71 82
19 20 19 20
33 78 33 62 63 66 78
18 74 18 34 47 61 64 68 74
37 62 37 40 43 62
24 34 24 27 34
23 88 23 70 81 82 85 88
1 66 1 13 14 25 63 66
62 72 62 72
44 64 44 51 64
33 85 33 85
25 81 25 80 81
51 80 51 80
51 88 51 80 81 82 85 88
25 81 25 81
75 84 75 78 84
18 42 18 22 33 37 40 42
0 89 0 20 66 78 84 89
61 66 61 66
24 81 24 30 41 50 60 78 80 81
14 25 14 25
14 21 14 19 21
41 76 41 53 58 68 69 76
3 35 3 21 26 28 35
17 82 17 25 61 66 78 81 82
53 84 53 59 61 66 71 84
3 34 3 18 20 26 30 34
17 78 17 26 40 42 51 60 66 78
66 71 66 71
1 50 1 19 30 34 45 50
0 21 0 13 14 19 21
13 32 13 24 30 32
25 35 25 35
19 59 19 20 23 25 40 51 59
17 61 17 33 46 49 51 61
33 88 33 46 77 87 88
33 39 33 39
27 53 27 41 47 53
67 77 67 77
5 40 5 24 33 37 40
4 13 4 8 9 13
36 80 36 80
33 81 33 67 78 80 81
21 64 21 42 51 59 64
8 47 8 40 43 47
15 69 15 30 39 46 49 59 61 64 69
27 62 27 29 43 62
13 37 13 14 25 33 37
20 79 20 79
18 38 18 20 23 25 38
25 84 25 57 78 84
21 30 21 26 30
14 58 14 31 39 46 49 51 58
38 67 38 41 53 58 67
53 67 53 58 67
41 70 41 70
83 86 83 86
3 77 3 38 49 51 67 77
7 43 7 43
13 86 13 24 80 81 83 86
16 83 16 48 83
59 77 59 66 77
37 66 37 62 63 66
67 78 67 78
1 76 1 37 52 64 68 69 76
18 74 18 21 59 61 64 68 74
52 64 52 64
4 26 4 8 13 20 26
64 81 64 81
43 68 43 44 61 64 68
22 37 22 25 33 37
52 87 52 71 82 87
70 71 70 71
24 79 24 27 29 79
39 60 39 60
4 80 4 60 78 80
20 34 20 26 30 34
8 75 8 13 26 42 59 61 75
7 66 7 40 42 57 63 66
9 60 9 50 60
5 23 5 6 18 20 23
20 57 20 23 28 39 57
67 89 67 72 78 84 89
45 52 45 52
13 88 13 14 25 57 63 80 81 82 87 88
3 38 3 16 38
22 87 22 72 82 87
39 87 39 58 61 75 82 87
58 84 58 78 84
5 34 5 6 17 26 30 34
59 74 59 64 68 74
39 65 39 41 65
66 71 66 71
24 83 24 33 64 71 83
25 49 25 33 39 41 49
32 44 32 44
1 18 1 2 18
5 67 5 52 67
66 78 66 78
15 79 15 21 42 62 63 79
31 50 31 39 41 50
1 82 1 39 60 69 76 82
3 76 3 21 59 69 76
13 63 13 26 28 39 41 57 63
45 70 45 70
3 30 3 21 26 30
27 79 27 41 57 63 79
8 58 8 33 39 58
34 44 34 44
13 74 13 64 68 74
18 35 18 20 23 28 35
6 40 6 17 20 23 28 37 40
72 85 72 82 85
38 60 38 60
57 72 57 72
11 49 11 35 39 46 49
34 74 34 46 49 59 64 68 74
7 22 7 15 22
6 18 6 18
26 62 26 30 34 38 42 62
23 80 23 66 78 80
10 58 10 17 55 58
15 45 15 26 30 34 45
23 41 23 35 41
23 79 23 37 40 62 63 79
8 32 8 13 26 30 32
0 80 0 13 46 49 72 78 80
24 78 24 55 61 66 78
8 84 8 34 47 75 78 84
55 79 55 57 63 79
1 78 1 37 40 51 60 66 78
18 83 18 27 53 72 78 80 83
12 44 12 26 40 43 44
12 78 12 57 72 78
20 56 20 56
33 52 33 52
19 87 19 69 87
18 48 18 34 48
2 36 2 14 19 27 29 36
55 75 55 58 61 75
80 88 80 83 86 88
12 63 12 29 57 63
5 75 5 37 51 58 61 75
28 78 28 49 59 61 66 78
4 32 4 30 32
34 59 34 59
3 25 3 11 18 22 25
23 87 23 28 64 71 82 87
23 63 23 44 63
16 33 16 24 33
28 68 28 37 50 51 61 64 68
28 42 28 37 40 42
2 32 2 18 21 26 30 32
33 46 33 46
12 27 12 27
34 79 34 38 41 57 63 79
16 81 16 29 57 72 78 81
19 44 19 30 34 44
1 2 1 2
79 82 79 81 82
62 65 62 63 65
8 41 8 13 20 30 39 41
16 68 16 68
18 83 18 21 42 64 81 83
2 24 2 13 16 24
63 78 63 66 78
27 32 27 32
30 52 30 34 48 52
2 36 2 18 19 27 29 36
38 49 38 49
0 67 0 67
53 71 53 59 71
42 59 42 59
75 85 75 80 81 82 85
36 59 36 50 51 59
15 45 15 30 34 45
26 42 26 38 42
48 68 48 58 61 64 68
41 80 41 50 60 78 80
52 89 52 78 80 83 89
1 58 1 26 55 58
10 60 10 60
41 53 41 53
13 24 13 16 24
9 60 9 32 51 60
55 84 55 63 79 84
79 87 79 80 81 82 87
43 73 43 44 55 67 73
2 66 2 18 34 48 58 61 66
12 37 12 27 29 36 37
58 84 58 61 66 78 84
13 23 13 20 23
7 73 7 15 25 33 46 49 51 58 67 73
37 44 37 40 43 44
25 82 25 79 80 82
20 86 20 32 86
26 52 26 28 35 43 52
11 73 11 33 46 49 51 73
14 31 14 31
30 75 30 39 46 49 51 58 61 75
33 37 33 37
0 67 0 48 52 67
25 86 25 64 80 81 83 86
5 15 5 6 15
44 53 44 53
15 79 15 30 44 55 79
17 70 17 32 44 55 70
54 59 54 59
37 62 37 40 42 62
70 82 70 72 82
2 50 2 23 25 33 39 41 50
46 64 46 49 59 61 64
38 73 38 41 47 53 58 67 73
41 67 41 50 58 67
20 82 20 39 41 72 78 80 81 82
12 87 12 24 50 64 82 87
59 71 59 66 71
52 72 52 67 72
47 53 47 53
26 50 26 30 34 45 50
16 28 16 28
44 67 44 53 58 67
16 76 16 48 58 68 69 76
85 88 85 88
48 79 48 79
57 78 57 72 78
11 68 11 27 41 50 59 61 64 68
5 70 5 37 40 43 70
11 50 11 33 37 50
78 84 78 84
7 41 7 28 41
11 86 11 64 81 83 86
1 74 1 37 48 54 59 61 64 68 74
20 40 20 26 28 37 40
39 63 39 57 63
48 58 48 58
6 39 6 15 30 39
12 70 12 41 70
55 57 55 57
17 74 17 32 47 53 58 64 68 74
3 87 3 58 68 74 82 87
54 69 54 59 69
49 87 49 59 64 71 82 87
21 69 21 42 64 68 69
33 87 33 64 69 76 82 87
78 80 78 80
13 46 13 28 37 40 43 46
24 63 24 27 29 37 62 63
16 31 16 31
1 54 1 7 15 22 33 37 48 54
18 83 18 21 58 78 80 81 83
3 28 3 9 20 23 28
17 34 17 26 30 34
63 81 63 79 81
29 57 29 43 44 55 57
58 66 58 61 66
56 84 56 78 84
59 89 59 89
53 72 53 58 67 72
8 67 8 13 36 50 58 67
15 86 15 26 30 44 53 58 61 83 86
42 85 42 57 80 81 82 85
28 46 28 39 46
15 25 15 25
30 71 30 50 59 71
33 87 33 72 87
20 26 20 26
24 83 24 54 80 81 83
23 76 23 28 39 41 76
79 82 79 80 81 82
12 75 12 41 59 61 75
17 20 17 20
41 78 41 78
5 40 5 25 33 37 40
23 76 23 35 43 64 68 69 76
2 85 2 60 66 78 85
5 7 5 7
48 76 48 61 64 69 76
34 53 34 44 53
53 89 53 59 77 89
24 73 24 52 67 73
47 67 47 67
70 80 70 80
56 62 56 62
17 58 17 55 58
8 78 8 28 37 50 60 78
29 52 29 37 48 52
28 51 28 37 51
31 69 31 69
4 38 4 23 25 38
11 18 11 18
17 68 17 25 40 43 47 53 58 61 64 68
4 76 4 21 42 59 61 64 68 69 76
57 66 57 63 66
5 23 5 7 14 19 20 23
7 56 7 25 35 56
27 42 27 29 36 37 40 42
55 87 55 79 80 82 87
42 71 42 64 71
57 66 57 63 66
47 72 47 53 72
30 80 30 48 58 67 78 80
15 40 15 25 33 37 40
43 78 43 75 78
3 24 3 9 16 24
20 89 20 26 40 43 70 81 83 89
3 72 3 11 58 67 72
16 40 16 40
36 80 36 43 70 72 78 80
4 49 4 30 39 46 49
56 84 56 78 84
7 19 7 14 19
1 43 1 7 33 37 40 43
16 33 16 24 33
3 39 3 21 26 30 39
60 89 60 66 83 89
25 69 25 64 69
30 69 30 50 51 58 64 68 69
19 30 19 21 26 30
21 50 21 26 28 37 50
37 65 37 50 64 65
29 75 29 37 48 58 61 75
82 85 82 85
38 87 38 49 59 64 69 76 82 87
25 73 25 40 51 67 73
20 86 20 30 72 86
19 70 19 33 39 41 70
49 65 49 51 61 64 65
41 87 41 57 82 87
55 67 55 58 67
2 66 2 63 66
7 89 7 39 58 77 89
36 85 36 80 81 82 85
6 21 6 18 21
17 60 17 51 60
16 68 16 31 68
58 65 58 61 64 65
11 44 11 35 43 44
16 24 16 24
50 67 50 67
55 63 55 57 63
13 67 13 49 51 67
27 47 27 41 47
37 72 37 50 67 72
30 79 30 48 79
10 58 10 58
37 75 37 50 51 61 75
49 77 49 77
43 75 43 47 53 58 61 75
45 67 45 50 67
63 81 63 79 80 81
9 66 9 32 44 61 66
24 34 24 34
18 46 18 22 34 38 42 46
10 79 10 34 44 55 63 79
51 71 51 60 66 71
0 70 0 17 25 40 43 44 55 70
20 79 20 40 63 79
2 36 2 9 24 29 36
30 83 30 49 51 67 72 78 80 83
44 73 44 53 58 73
35 56 35 56
46 83 46 49 51 58 61 64 71 83
0 81 0 13 16 44 79 80 81
63 71 63 66 71
33 53 33 37 40 43 44 53
36 66 36 50 58 61 66
9 24 9 13 16 24
30 50 30 50
34 63 34 44 63
37 71 37 52 71
53 86 53 59 71 83 86
5 33 5 25 33
17 20 17 20
40 68 40 68
55 70 55 70
71 85 71 82 85
17 81 17 34 50 60 66 78 81
0 87 0 57 74 82 87
15 45 15 22 34 45
7 84 7 64 71 84
53 65 53 58 61 64 65
54 88 54 71 84 88
41 77 41 50 67 77
3 59 3 27 54 59
2 38 2 13 14 34 38
10 17 10 17
59 84 59 61 64 71 84
27 58 27 53 58
19 70 19 30 32 44 55 70
34 49 34 46 49
29 47 29 36 43 47
30 75 30 34 44 61 75
9 39 9 24 30 39
59 69 59 64 68 69
25 39 25 33 39
0 47 0 20 30 41 47
4 79 4 56 62 63 79
5 44 5 6 44
44 76 44 60 69 76
13 57 13 14 30 32 44 55 57
40 80 40 42 57 72 78 80
3 13 3 9 13
42 66 42 46 49 59 66
24 62 24 30 34 38 42 62
8 34 8 34
4 52 4 8 40 43 52
14 33 14 25 33
43 47 43 47
21 69 21 59 64 68 69
41 53 41 53
58 67 58 67
24 27 24 27
58 75 58 61 75
13 30 13 20 30
29 48 29 37 48
20 35 20 26 28 35
3 42 3 27 29 37 40 42
58 73 58 73
8 86 8 28 46 49 72 86
53 59 53 59
40 80 40 63 79 80
16 75 16 40 43 44 61 75
27 82 27 70 82
22 89 22 25 35 41 63 80 83 89
25 59 25 38 49 51 59
3 76 3 38 49 59 61 64 68 69 76
0 24 0 13 24
4 54 4 8 9 29 48 54
16 27 16 27
0 82 0 48 58 78 80 81 82
60 78 60 66 78
14 88 14 70 72 87 88
1 20 1 3 11 18 19 20
33 39 33 39
43 87 43 62 74 82 87
10 65 10 63 65
3 25 3 16 23 25
42 60 42 46 49 51 60
7 58 7 49 51 58
8 32 8 13 16 24 30 32
21 49 21 26 28 35 39 46 49
75 80 75 80
26 85 26 67 78 85
11 68 11 68
11 62 11 27 29 36 43 62
0 43 0 43
14 72 14 34 54 72
58 77 58 61 66 77
40 53 40 43 44 53
0 33 0 13 16 24 33
33 74 33 37 50 59 64 68 74
10 83 10 47 53 58 78 80 83
56 87 56 78 81 82 87
5 24 5 6 16 24
17 33 17 33
35 65 35 41 57 65
39 87 39 41 76 82 87
22 89 22 59 66 71 83 89
58 71 58 61 64 71
3 18 3 18
22 51 22 34 50 51
45 75 45 75
51 87 51 64 82 87
23 33 23 25 33
24 89 24 89
14 42 14 25 33 37 40 42
42 59 42 46 49 59
27 88 27 53 77 88
58 77 58 67 77
54 86 54 72 86
10 59 10 30 53 59
45 77 45 61 66 77
28 42 28 37 40 42
6 59 6 18 34 44 51 59
41 61 41 59 61
44 61 44 51 61
5 77 5 24 54 59 66 77
26 81 26 40 42 57 80 81
54 88 54 75 80 83 86 88
32 79 32 48 79
8 78 8 41 59 61 75 78
36 47 36 37 40 43 47
38 46 38 42 46
13 70 13 36 37 40 43 44 55 70
31 75 31 39 46 49 51 58 61 75
22 34 22 34
36 55 36 55
0 53 0 53
37 49 37 40 42 46 49
9 62 9 13 14 19 33 62
16 87 16 62 63 66 77 87
14 25 14 25
23 28 23 28
53 66 53 58 61 66
51 80 51 80
10 89 10 47 67 78 84 89
50 61 50 59 61
26 67 26 67
43 67 43 44 53 58 67
6 77 6 31 43 52 77
24 79 24 43 62 63 79
28 62 28 37 62
31 57 31 43 44 55 57
31 56 31 56
5 59 5 36 59
23 67 23 44 53 58 67
20 37 20 26 28 37
20 57 20 32 44 55 57
32 88 32 48 61 64 87 88
7 56 7 56
0 81 0 57 80 81
54 71 54 71
24 52 24 32 48 52
18 84 18 27 79 84
44 57 44 55 57
53 88 53 88
60 77 60 66 77
7 39 7 15 30 39
6 15 6 15
53 77 53 77
12 29 12 17 29
48 88 48 61 66 83 88
19 85 19 43 46 49 51 74 85
37 52 37 40 43 52
62 72 62 70 72
48 75 48 58 61 75
4 36 4 13 14 19 27 29 36
54 81 54 75 78 80 81
30 65 30 32 58 64 65
59 71 59 64 71
12 89 12 66 77 89
69 76 69 76
1 86 1 72 86
38 80 38 60 78 80
4 32 4 23 32
41 47 41 47
8 55 8 9 20 30 34 44 55
6 59 6 31 39 46 49 51 59
68 69 68 69
8 37 8 13 36 37
16 36 16 27 29 36
87 88 87 88
58 68 58 61 64 68
43 80 43 47 75 80
59 87 59 69 87
15 78 15 46 49 59 66 78
54 78 54 75 78
50 67 50 51 67
42 75 42 51 59 61 75
10 58 10 17 58
18 57 18 21 40 43 44 55 57
9 44 9 29 43 44
35 78 35 72 78
31 69 31 56 64 68 69
7 35 7 26 28 35
78 84 78 84
10 46 10 34 46
38 50 38 41 50
51 73 51 58 73
22 49 22 43 46 49
27 58 27 53 58
54 69 54 59 61 64 69
0 45 0 10 34 45
4 29 4 13 16 27 29
45 51 45 50 51
58 83 58 61 75 83
1 83 1 72 78 81 83
7 54 7 27 34 45 54
24 30 24 30
45 75 45 50 51 58 61 75
58 88 58 87 88
58 77 58 77
60 81 60 66 78 80 81
17 55 17 20 26 55
31 43 31 43
6 72 6 24 55 58 67 72
1 3 1 3
16 47 16 31 39 41 47
6 71 6 15 21 26 55 58 61 66 71
62 65 62 65
12 50 12 50
6 44 6 16 28 35 43 44
15 53 15 26 28 41 47 53
75 78 75 78
4 49 4 13 28 35 43 46 49
3 28 3 15 26 28
28 62 28 35 43 62
33 61 33 61
14 77 14 77
40 76 40 49 76
29 48 29 37 48
33 67 33 67
9 32 9 16 23 32
54 81 54 80 81
14 84 14 31 43 44 55 67 72 78 84
23 66 23 66
9 66 9 46 49 51 61 66
32 86 32 53 72 78 81 83 86
4 33 4 23 25 33
41 64 41 59 64
80 81 80 81
15 46 15 46
55 81 55 70 81
14 19 14 19
16 38 16 27 34 38
30 52 30 32 48 52
84 88 84 88
8 66 8 62 63 66
17 89 17 60 78 84 89
24 51 24 50 51
17 88 17 29 36 55 61 64 68 69 87 88
45 84 45 54 59 64 71 84
31 50 31 39 41 50
25 63 25 35 43 44 63
36 61 36 43 46 49 51 59 61
23 78 23 55 63 66 78
3 48 3 16 27 34 48
4 23 4 13 16 23
69 88 69 87 88
2 18 2 18
12 58 12 41 49 51 58
62 74 62 74
6 85 6 85
21 34 21 26 30 34
1 49 1 39 46 49
27 32 27 32
11 80 11 21 42 70 80
43 77 43 52 67 77
63 81 63 80 81
35 71 35 56 62 70 71
0 24 0 24
0 16 0 13 16
25 56 25 35 56
45 68 45 64 68
31 51 31 43 46 49 51
38 84 38 59 61 66 78 84
9 23 9 20 23
3 50 3 16 50
62 72 62 72
34 57 34 45 57
32 58 32 53 58
4 52 4 40 43 52
52 67 52 67
44 87 44 60 69 76 82 87
20 89 20 49 77 89
8 60 8 33 37 51 60
23 44 23 44
29 84 29 79 84
23 49 23 25 40 49
4 74 4 56 64 68 74
9 58 9 39 41 47 53 58
11 37 11 33 37
3 30 3 16 24 30
42 59 42 59
47 72 47 53 58 67 72
51 87 51 64 81 82 87
26 68 26 30 53 58 61 64 68
33 37 33 37
37 71 37 51 58 61 66 71
18 75 18 21 42 59 61 75
34 46 34 46
55 69 55 61 64 68 69
33 46 33 46
13 68 13 26 68
3 53 3 14 19 33 39 41 53
21 70 21 26 42 62 70
39 65 39 41 59 65
34 47 34 38 41 47
45 51 45 50 51
12 25 12 17 25
23 79 23 37 62 63 79
17 60 17 34 38 41 50 60
13 88 13 68 74 82 85 88
59 74 59 64 68 74
31 85 31 43 52 71 82 85
35 72 35 43 44 55 70 72
8 68 8 34 47 61 64 68
44 63 44 63
23 57 23 37 40 43 44 55 57
33 46 33 37 40 42 46
1 37 1 19 27 29 36 37
3 49 3 9 20 49
68 74 68 74
14 72 14 31 39 41 47 53 58 67 72
17 68 17 51 58 68
84 89 84 89
15 53 15 21 26 30 34 44 53
38 83 38 41 59 64 80 81 83
5 83 5 36 43 47 75 78 80 83
24 80 24 80
10 57 10 17 29 37 40 42 57
75 80 75 80
18 48 18 21 26 30 32 48
29 43 29 36 37 40 43
35 79 35 56 62 63 79
49 72 49 72
38 84 38 60 78 84
34 53 34 44 53
67 73 67 73
19 46 19 27 29 36 43 46
18 39 18 22 25 35 39
7 70 7 26 30 39 41 70
17 70 17 26 28 37 62 70
59 84 59 64 71 84
26 42 26 38 42
31 85 31 56 74 85
16 38 16 38
28 57 28 41 57
51 87 51 67 77 87
3 14 3 9 13 14
7 14 7 14
52 72 52 67 72
22 73 22 43 46 49 51 58 67 73
28 79 28 35 41 50 79
17 37 17 25 33 37
53 64 53 59 64
43 44 43 44
24 80 24 50 79 80
1 80 1 2 60 66 78 80
37 46 37 40 43 46
43 80 43 62 72 78 80
17 85 17 20 66 71 82 85
15 33 15 22 33
25 76 25 61 64 69 76
26 83 26 55 63 83
3 51 3 16 31 39 46 49 51
45 77 45 52 77
0 31 0 13 16 31
13 45 13 20 26 30 34 45
33 59 33 49 59
64 71 64 71
2 89 2 56 62 63 80 83 89
16 83 16 27 70 81 83
34 62 34 38 42 62
23 43 23 25 35 43
6 25 6 16 23 25
37 75 37 48 54 75
12 45 12 45
11 73 11 21 42 46 49 51 58 67 73
44 72 44 53 72
18 83 18 27 70 71 83
27 66 27 44 51 60 66
6 40 6 18 27 29 36 37 40
10 20 10 17 20
51 74 51 58 68 74
38 42 38 42
38 65 38 41 65
60 82 60 69 76 82
54 72 54 72
34 46 34 38 42 46
3 27 3 9 16 24 27
19 27 19 27
20 68 20 54 59 64 68
62 83 62 70 80 81 83
22 51 22 34 45 50 51
31 61 31 39 46 49 51 61
12 34 12 27 34
3 88 3 11 20 66 77 88
2 78 2 13 20 59 66 78
40 55 40 43 44 55
5 71 5 32 53 58 64 71
12 72 12 37 72
2 30 2 9 16 24 30
27 53 27 41 47 53
19 30 19 21 26 30
26 83 26 38 60 78 81 83
12 76 12 29 43 44 53 59 61 64 69 76
0 85 0 20 66 78 81 82 85
8 28 8 28
20 71 20 23 25 35 41 49 51 59 71
15 56 15 21 26 28 35 56
4 66 4 21 26 55 57 63 66
4 69 4 56 64 69
11 40 11 21 40
1 2 1 2
24 85 24 27 29 48 58 85
3 88 3 9 20 40 60 86 88
45 70 45 70
0 54 0 48 54
11 70 11 70
3 21 3 14 19 21
12 37 12 17 26 28 37
8 69 8 41 53 58 61 64 69
22 57 22 43 44 55 57
46 88 46 49 85 88
49 77 49 59 61 66 77
2 26 2 13 20 26
33 46 33 46
35 78 35 59 66 78
10 47 10 24 27 41 47
16 23 16 23
34 45 34 45
51 82 51 64 68 69 76 82
3 30 3 16 24 30
30 60 30 44 51 60
39 77 39 58 67 77
47 61 47 53 59 61
0 44 0 20 26 40 43 44
0 83 0 20 55 79 83
23 41 23 25 33 39 41
21 82 21 70 82
0 75 0 13 24 54 59 61 75
18 42 18 27 34 38 42
13 72 13 26 55 67 72
14 60 14 34 50 51 60
17 78 17 60 66 78
71 83 71 83
14 60 14 42 46 49 51 60
10 44 10 30 34 44
0 31 0 13 16 31
11 46 11 21 42 46
38 51 38 49 51
50 60 50 60
21 73 21 58 67 73
29 72 29 37 48 54 72
80 83 80 81 83
12 27 12 27
13 14 13 14
79 88 79 88
23 89 23 35 59 61 64 80 83 89
43 49 43 46 49
70 88 70 88
56 74 56 64 68 74
0 82 0 70 80 82
30 71 30 53 59 71
75 84 75 78 84
56 64 56 64
44 79 44 63 79
53 65 53 58 61 64 65
55 84 55 61 66 78 84
24 80 24 27 78 80
29 86 29 81 83 86
47 71 47 61 64 71
64 81 64 81
1 82 1 7 43 64 80 82
17 55 17 26 30 44 55
56 85 56 78 85
70 82 70 80 81 82
64 81 64 81
16 73 16 44 51 67 73
48 61 48 58 61
44 63 44 55 57 63
45 57 45 57
7 36 7 27 29 36
2 9 2 9
30 65 30 65
13 31 13 14 31
2 46 2 13 28 39 46
56 82 56 82
35 67 35 39 46 49 51 67
3 58 3 21 26 40 42 46 49 51 58
14 60 14 30 49 51 60
50 74 50 64 68 74
60 83 60 66 71 83
60 76 60 69 76
5 44 5 25 33 37 40 43 44
38 73 38 42 51 58 73
15 33 15 22 33
22 88 22 25 88
30 60 30 34 50 51 60
24 63 24 29 36 55 57 63
63 65 63 65
8 55 8 34 55
5 52 5 24 32 48 52
5 30 5 30
17 55 17 34 45 55
20 75 20 54 59 61 75
2 85 2 78 80 81 82 85
12 86 12 72 86
6 51 6 16 44 51
2 60 2 60
1 37 1 26 28 37
15 53 15 30 39 41 53
50 60 50 51 60
26 59 26 28 35 41 47 53 59
51 65 51 59 64 65
29 83 29 79 83
14 64 14 28 39 41 47 53 58 61 64
12 29 12 29
7 25 7 15 22 25
41 68 41 50 51 64 68
15 56 15 26 28 35 56
8 19 8 9 13 14 19
12 50 12 41 50
26 55 26 30 44 55
48 83 48 61 66 78 80 81 83
44 53 44 53
7 45 7 27 34 45
72 83 72 78 81 83
28 57 28 37 40 42 57
9 13 9 13
2 51 2 9 29 37 49 51
1 49 1 49
0 51 0 17 29 36 50 51
4 76 4 30 32 53 58 61 64 68 69 76
37 63 37 62 63
1 82 1 19 43 62 72 78 80 82
39 87 39 87
6 27 6 16 27
29 64 29 43 46 49 59 64
1 88 1 37 76 82 85 88
79 87 79 80 82 87
27 38 27 34 38
25 89 25 62 70 71 84 89
26 39 26 30 39
53 66 53 58 61 66
30 61 30 49 59 61
50 73 50 51 58 67 73
59 61 59 61
12 17 12 17
23 44 23 37 40 43 44
52 80 52 64 80
3 11 3 11
16 36 16 27 29 36
18 77 18 27 29 36 43 44 53 77
1 13 1 3 9 13
6 54 6 15 21 26 30 32 48 54
53 81 53 72 78 81
49 85 49 59 71 82 85
4 45 4 13 26 30 34 45
37 72 37 50 67 72
28 37 28 37
31 39 31 39
41 59 41 47 53 59
8 75 8 40 42 46 49 51 58 61 75
42 64 42 51 64
3 76 3 76
21 89 21 42 59 66 77 89
62 83 62 70 72 78 81 83
4 32 4 8 9 32
46 64 46 49 51 59 61 64
0 34 0 24 27 34
17 54 17 33 37 48 54
69 82 69 76 82
15 31 15 22 31
5 72 5 52 67 72
10 36 10 17 29 36
14 52 14 19 27 52
1 2 1 2
38 72 38 42 46 49 51 67 72
20 80 20 40 49 51 64 80
18 79 18 20 23 37 40 42 62 63 79
27 48 27 34 48
2 89 2 56 78 80 81 83 89
58 76 58 64 69 76
5 75 5 6 27 54 75
11 68 11 21 42 64 68
78 81 78 80 81
12 47 12 24 30 32 47
21 53 21 26 28 35 41 53
18 65 18 20 40 63 65
57 78 57 72 78
9 37 9 17 26 28 37
42 82 42 64 81 82
0 10 0 10
44 79 44 79
2 57 2 57
5 70 5 7 41 70
2 58 2 13 36 48 58
25 85 25 69 76 82 85
10 83 10 78 81 83
41 66 41 47 61 66
21 67 21 42 46 49 51 58 67
8 20 8 9 13 14 19 20
23 32 23 32
18 49 18 22 31 43 46 49
3 28 3 14 19 26 28
50 79 50 79
30 72 30 54 72
16 62 16 40 62
9 82 9 39 76 82
18 51 18 19 20 40 49 51
50 76 50 59 69 76
4 85 4 74 82 85
0 19 0 13 14 19
22 37 22 25 33 37
78 80 78 80
17 33 17 25 33
25 83 25 35 39 57 63 80 83
6 57 6 18 34 44 55 57
26 28 26 28
31 61 31 39 41 53 58 61
66 81 66 78 81
25 54 25 33 37 48 54
49 58 49 51 58
41 57 41 57
10 83 10 32 47 61 83
42 79 42 62 63 79
8 70 8 9 29 37 62 70
12 73 12 73
77 88 77 88
17 86 17 34 81 83 86
11 56 11 18 19 21 26 28 35 56
37 59 37 40 42 51 59
27 70 27 41 70
17 75 17 26 42 51 58 61 75
13 74 13 29 37 51 59 64 68 74
7 61 7 29 37 51 58 61
10 83 10 58 64 80 81 83
8 78 8 33 51 61 75 78
32 51 32 44 51
12 72 12 45 67 72
11 68 11 18 27 52 64 68
47 77 47 61 66 77
16 80 16 24 80
16 43 16 28 37 40 43
33 65 33 61 64 65
1 28 1 13 16 28
24 51 24 32 51
34 52 34 45 52
8 47 8 41 47
12 47 12 29 36 37 40 43 47
16 44 16 23 37 40 43 44
54 69 54 59 69
34 50 34 45 50
3 56 3 16 35 56
51 88 51 61 75 88
9 56 9 20 26 28 35 56
34 47 34 47
79 81 79 81
63 87 63 82 87
10 29 10 24 27 29
23 63 23 57 63
78 84 78 84
44 86 44 81 83 86
54 73 54 67 73
40 47 40 43 47
33 82 33 72 82
1 48 1 26 30 48
50 85 50 67 82 85
21 70 21 42 62 70
27 81 27 54 78 81
43 65 43 52 64 65
37 65 37 48 52 64 65
30 50 30 41 50
11 54 11 20 54
84 89 84 89
2 59 2 9 50 51 59
2 42 2 23 37 40 42
40 55 40 43 44 55
40 44 40 43 44
6 83 6 40 64 81 83
42 46 42 46
4 79 4 56 62 63 79
12 78 12 57 72 78
29 59 29 36 37 59
63 79 63 79
46 82 46 49 76 82
21 32 21 26 30 32
11 64 11 20 49 59 61 64
23 77 23 66 77
3 50 3 37 50
17 57 17 34 55 57
64 82 64 81 82
58 81 58 78 81
75 84 75 78 84
6 24 6 24
13 26 13 26
3 39 3 16 28 39
16 81 16 29 81
4 58 4 49 51 58
5 25 5 6 16 23 25
27 32 27 32
40 85 40 78 81 82 85
1 54 1 19 21 26 30 54
3 52 3 33 52
5 71 5 30 41 66 71
42 87 42 46 77 87
30 66 30 49 59 61 66
6 15 6 15
37 58 37 48 58
31 51 31 43 44 51
35 69 35 41 53 59 64 69
29 36 29 36
23 42 23 25 38 42
1 72 1 39 57 72
47 75 47 53 58 61 75
17 82 17 34 81 82
42 51 42 46 49 51
45 64 45 55 58 61 64
32 52 32 48 52
40 86 40 72 78 80 83 86
19 28 19 21 26 28
35 64 35 59 64
43 77 43 47 67 77
20 40 20 26 40
23 57 23 55 57
37 46 37 40 42 46
1 20 1 2 9 17 20
23 82 23 57 63 66 78 80 82
20 74 20 59 61 64 68 74
11 51 11 27 32 51
19 80 19 30 50 51 60 78 80
27 52 27 34 48 52
61 81 61 75 78 80 81
16 78 16 40 62 63 66 78
6 82 6 37 52 71 82
63 79 63 79
36 65 36 55 61 64 65
2 72 2 18 22 43 47 67 72
9 82 9 29 43 44 53 80 81 82
20 73 20 39 58 67 73
61 85 61 75 82 85
22 85 22 25 80 82 85
19 82 19 82
32 64 32 48 54 59 61 64
9 49 9 13 36 37 40 43 46 49
53 89 53 80 83 89
64 68 64 68
27 58 27 32 53 58
40 77 40 62 63 66 77
23 78 23 57 72 78
29 55 29 43 44 55
54 78 54 67 78
33 43 33 37 40 43
10 32 10 32
10 41 10 34 38 41
60 88 60 78 84 88
16 29 16 29
13 24 13 24
21 70 21 40 42 62 70
0 70 0 24 55 70
38 85 38 41 66 71 82 85
4 37 4 8 13 28 37
16 55 16 28 35 43 44 55
79 82 79 81 82
41 85 41 78 81 82 85
34 67 34 47 67
25 84 25 33 37 59 64 71 84
13 43 13 28 37 40 43
5 32 5 32
52 85 52 71 82 85
39 49 39 46 49
27 88 27 44 81 82 85 88
35 47 35 43 47
40 81 40 43 64 81
60 80 60 78 80
15 85 15 25 82 85
2 72 2 14 34 67 72
41 66 41 63 66
11 62 11 35 43 62
38 42 38 42
20 75 20 26 30 49 51 61 75
42 46 42 46
10 36 10 17 29 36
4 23 4 23
16 75 16 24 33 49 59 61 75
27 72 27 29 37 40 62 70 72
14 78 14 28 35 72 78
41 72 41 47 67 72
4 38 4 23 25 38
43 68 43 47 53 59 61 64 68
17 57 17 32 44 55 57
35 39 35 39
9 14 9 13 14
44 78 44 78
60 87 60 69 87
8 80 8 34 44 63 80
55 69 55 61 64 69
24 53 24 29 43 44 53
8 21 8 9 13 14 21
24 89 24 81 83 89
42 71 42 64 71
28 43 28 35 43
55 84 55 61 64 71 84
18 37 18 21 26 28 37
47 77 47 67 77
3 15 3 15
4 40 4 23 28 37 40
27 79 27 44 63 79
26 28 26 28
11 44 11 33 37 40 43 44
17 78 17 70 72 78
36 37 36 37
43 46 43 46
16 38 16 27 34 38
2 32 2 23 32
7 36 7 29 36
12 26 12 26
39 58 39 58
35 67 35 39 46 49 51 67
82 85 82 85
8 62 8 40 62
75 87 75 80 82 87
13 24 13 24
25 83 25 61 66 83
4 37 4 13 29 36 37
19 20 19 20
13 48 13 14 25 33 37 48
47 84 47 61 75 78 84
14 48 14 34 48
27 76 27 52 64 68 69 76
30 32 30 32
18 77 18 27 54 67 77
13 37 13 14 19 33 37
0 49 0 17 26 30 49
5 75 5 75
22 86 22 33 51 58 67 78 81 83 86
10 70 10 44 55 70
52 85 52 80 81 82 85
21 69 21 58 68 69
4 52 4 40 43 52
40 55 40 43 44 55
9 39 9 13 28 35 39
19 34 19 27 34
53 89 53 72 78 80 83 89
13 63 13 24 27 41 57 63
34 38 34 38
24 50 24 30 41 50
39 81 39 57 80 81
53 77 53 77
4 49 4 8 34 38 42 46 49
4 14 4 8 13 14
28 78 28 58 78
42 85 42 57 80 81 82 85
9 82 9 13 36 81 82
28 76 28 58 61 64 69 76
4 54 4 8 34 54
37 88 37 50 60 86 88
14 76 14 68 69 76
7 15 7 15
54 81 54 80 81
17 75 17 55 61 75
72 80 72 78 80
56 62 56 62
43 68 43 64 68
39 89 39 41 78 81 83 89
49 58 49 51 58
45 50 45 50
48 58 48 58
60 82 60 82
82 85 82 85
11 40 11 21 40
4 23 4 23
17 61 17 51 58 61
11 70 11 20 55 70
18 61 18 59 61
81 87 81 82 87
39 79 39 41 63 79
13 50 13 24 50
24 34 24 34
27 79 27 32 48 79
3 18 3 11 18
63 79 63 79
61 68 61 64 68
0 37 0 24 29 36 37
33 37 33 37
25 56 25 35 56
20 37 20 26 28 37
39 46 39 46
59 87 59 71 82 87
35 72 35 41 67 72
11 57 11 21 26 55 57
28 68 28 64 68
28 46 28 46
58 72 58 67 72
8 70 8 34 44 55 70
40 63 40 62 63
45 89 45 61 83 89
33 77 33 39 46 77
22 52 22 34 48 52
11 80 11 35 59 64 80
13 83 13 60 78 80 81 83
7 51 7 43 46 49 51
20 74 20 55 57 74
40 89 40 43 75 78 84 89
6 18 6 18
26 52 26 30 32 48 52
7 33 7 25 33
64 87 64 82 87
17 60 17 60
78 86 78 81 83 86
0 20 0 17 20
29 36 29 36
11 59 11 33 39 46 49 59
24 64 24 43 44 55 61 64
38 42 38 42
17 34 17 26 30 34
13 67 13 28 35 39 41 53 58 67
60 69 60 69
33 79 33 62 63 79
34 46 34 46
31 69 31 69
18 49 18 19 38 41 49
14 42 14 42
40 53 40 43 47 53
21 50 21 26 28 37 50
17 88 17 52 71 83 88
53 67 53 58 67
23 43 23 37 40 43
36 72 36 48 72
18 67 18 22 31 43 46 49 51 58 67
19 42 19 27 29 36 37 40 42
29 81 29 70 81
11 49 11 33 39 41 49
23 65 23 35 41 57 63 65
8 85 8 69 76 82 85
40 62 40 62
4 79 4 40 42 57 63 79
28 49 28 49
8 19 8 13 14 19
6 88 6 37 40 63 82 85 88
0 79 0 79
17 42 17 34 38 42
30 34 30 34
23 81 23 35 59 66 78 80 81
55 66 55 58 61 66
71 85 71 82 85
28 60 28 46 49 51 60
40 88 40 63 82 85 88
1 75 1 37 50 59 61 75
7 44 7 28 37 40 43 44
14 28 14 19 20 26 28
18 58 18 21 40 43 47 53 58
31 83 31 43 47 80 81 83
2 54 2 18 20 30 48 54
5 14 5 7 14
2 31 2 18 22 31
18 77 18 27 53 77
3 22 3 11 18 22
32 53 32 53
54 78 54 78
14 70 14 42 62 70
58 88 58 87 88
46 84 46 49 59 71 84
48 54 48 54
34 63 34 55 63
69 87 69 87
8 70 8 33 37 40 62 70
5 21 5 6 21
46 75 46 49 59 61 75
26 80 26 40 42 62 72 78 80
33 41 33 39 41
32 79 32 44 55 79
40 64 40 64
30 44 30 34 44
64 86 64 86
0 86 0 53 72 78 80 83 86
18 21 18 19 21
52 82 52 67 72 78 81 82
18 58 18 34 46 49 51 58
2 46 2 13 24 30 39 46
5 25 5 25
7 69 7 38 59 61 64 69
6 27 6 16 24 27
9 29 9 24 27 29
8 40 8 13 28 37 40
64 69 64 68 69
26 55 26 40 43 44 55
77 88 77 88
29 83 29 75 78 81 83
62 66 62 63 66
7 48 7 26 28 37 48
22 45 22 34 45
28 49 28 35 43 46 49
5 31 5 6 18 22 31
45 63 45 55 63
54 75 54 59 61 75
50 60 50 51 60
31 70 31 39 41 70
21 64 21 42 59 64
5 22 5 7 15 22
22 75 22 59 61 75
48 75 48 58 61 75
24 40 24 33 37 40
0 79 0 43 62 63 79
4 8 4 8
24 78 24 32 44 61 75 78
27 59 27 32 48 54 59
19 26 19 26
10 71 10 58 61 66 71
8 62 8 33 37 62
10 59 10 24 54 59
11 57 11 33 39 57
1 9 1 3 9
24 89 24 27 29 37 48 54 78 81 83 89
49 88 49 69 76 82 85 88
2 70 2 14 30 39 41 70
24 50 24 30 41 50
11 70 11 33 39 41 70
18 75 18 22 25 40 51 59 61 75
31 79 31 39 41 79
50 59 50 51 59
29 84 29 57 78 84
23 32 23 32
51 86 51 80 83 86
39 77 39 57 63 66 77
43 68 43 44 51 58 64 68
43 62 43 62
80 88 80 83 88
10 89 10 44 53 72 84 89
13 80 13 64 80
58 67 58 67
51 89 51 89
68 85 68 69 76 82 85
33 87 33 82 87
32 88 32 47 77 87 88
78 81 78 81
4 66 4 49 59 66
57 81 57 72 78 80 81
48 79 48 79
18 28 18 20 26 28
39 89 39 57 78 81 83 89
12 29 12 27 29
20 76 20 54 59 64 69 76
29 61 29 37 50 59 61
23 71 23 49 59 66 71
18 21 18 21
7 73 7 43 44 55 58 67 73
41 72 41 53 72
37 78 37 52 78
3 32 3 30 32
20 79 20 56 62 63 79
24 86 24 52 83 86
8 53 8 9 17 29 37 40 43 47 53
12 32 12 17 20 32
26 64 26 38 42 46 49 59 64
21 70 21 42 70
10 50 10 30 50
23 74 23 32 58 64 68 74
8 73 8 34 55 58 73
8 33 8 13 14 19 20 23 25 33
22 42 22 33 37 40 42
25 61 25 40 49 59 61
48 52 48 52
42 79 42 57 63 79
11 85 11 59 69 76 82 85
62 83 62 72 78 81 83
5 73 5 33 51 73
9 46 9 16 40 43 46
43 73 43 46 49 51 58 73
21 26 21 26
17 32 17 32
76 82 76 82
36 85 36 43 64 71 82 85
18 63 18 63
44 57 44 55 57
16 27 16 27
18 47 18 27 41 47
40 81 40 63 66 78 81
37 50 37 50
37 58 37 48 58
37 52 37 40 43 52
6 71 6 54 59 66 71
22 54 22 25 33 37 48 54
27 81 27 58 67 78 81
0 47 0 47
0 51 0 45 50 51
4 70 4 40 42 62 70
32 48 32 48
8 84 8 33 62 72 84
22 51 22 34 45 50 51
17 80 17 29 80
55 86 55 61 64 71 83 86
3 15 3 15
31 68 31 56 64 68
7 28 7 26 28
10 65 10 58 61 64 65
28 87 28 77 87
58 87 58 77 87
7 43 7 14 28 35 43
31 70 31 43 62 70
5 77 5 30 34 38 42 62 63 66 77
9 16 9 13 16
41 83 41 53 59 71 83
14 21 14 21
6 86 6 18 21 70 72 86
28 42 28 37 40 42
13 33 13 16 23 25 33
31 43 31 43
19 83 19 21 40 72 78 80 81 83
14 55 14 31 43 44 55
58 85 58 68 69 76 82 85
15 85 15 60 78 85
26 73 26 55 58 73
3 52 3 21 26 28 35 43 52
79 80 79 80
37 63 37 40 43 44 63
19 28 19 21 26 28
67 73 67 73
24 48 24 34 48
55 69 55 58 68 69
75 87 75 82 87
19 82 19 20 59 71 82
33 61 33 49 51 58 61
13 84 13 84
35 43 35 43
11 86 11 35 39 57 63 79 80 83 86
20 66 20 66
42 87 42 51 60 82 87
53 65 53 59 61 64 65
23 84 23 70 72 78 84
6 80 6 15 30 72 78 80
0 64 0 53 58 64
1 7 1 7
32 88 32 58 73 88
13 84 13 60 66 78 84
6 40 6 40
7 58 7 26 55 58
18 83 18 19 78 80 83
23 59 23 37 51 59
9 46 9 16 38 42 46
40 62 40 43 62
35 50 35 41 50
25 88 25 80 83 86 88
33 80 33 64 80
22 64 22 59 61 64
16 69 16 27 58 68 69
17 54 17 26 30 54
40 78 40 62 70 72 78
25 56 25 35 56
10 85 10 32 53 58 67 72 78 85
11 33 11 33
22 60 22 31 39 46 49 51 60
13 43 13 20 40 43
42 49 42 46 49
26 53 26 30 32 53
40 89 40 63 80 81 83 89
10 63 10 63
28 51 28 49 51
36 65 36 43 44 55 58 64 65
34 81 34 67 78 81
64 76 64 69 76
30 44 30 34 44
40 46 40 43 46
35 61 35 43 44 53 59 61
28 59 28 39 46 49 59
6 54 6 21 26 28 37 48 54
42 73 42 46 49 51 73
82 88 82 87 88
8 40 8 28 37 40
36 37 36 37
24 34 24 34
8 85 8 58 68 74 85
13 86 13 48 79 81 83 86
66 82 66 71 82
8 88 8 9 62 63 66 77 87 88
18 20 18 20
74 82 74 82
56 68 56 64 68
0 59 0 13 46 49 59
18 83 18 22 72 78 80 83
75 87 75 80 82 87
2 17 2 9 17
52 67 52 67
10 24 10 24
24 40 24 27 29 37 40
83 89 83 89
15 87 15 30 32 47 61 75 78 81 82 87
19 59 19 27 29 48 54 59
0 59 0 27 54 59
36 73 36 50 58 67 73
1 72 1 13 14 19 56 62 72
2 18 2 18
80 85 80 82 85
47 53 47 53
75 81 75 78 80 81
27 51 27 41 50 51
13 62 13 16 35 43 62
25 39 25 33 39
59 89 59 89
8 43 8 40 43
12 56 12 26 28 35 56
21 79 21 42 62 63 79
4 37 4 21 26 28 37
55 78 55 70 72 78
5 74 5 52 64 68 74
16 83 16 62 70 71 83
17 67 17 20 23 25 35 39 58 67
7 25 7 15 25
42 65 42 46 49 51 61 64 65
84 89 84 89
8 87 8 62 63 66 78 80 81 82 87
0 30 0 24 30
5 66 5 25 61 66
4 21 4 13 14 19 21
3 67 3 11 18 27 41 67
22 59 22 34 45 54 59
80 83 80 81 83
51 58 51 58
38 50 38 41 50
8 43 8 13 20 40 43
35 43 35 43
4 20 4 8 9 13 14 19 20
0 55 0 20 32 44 55
66 78 66 78
20 75 20 26 28 39 46 49 51 59 61 75
32 44 32 44
52 82 52 64 69 76 82
1 78 1 58 61 75 78
3 30 3 21 26 30
50 74 50 59 61 64 68 74
16 27 16 27
5 57 5 25 57
9 39 9 39
24 79 24 30 39 41 79
5 80 5 33 67 78 80
23 59 23 44 53 59
10 50 10 34 50
9 16 9 13 16
33 41 33 39 41
30 83 30 54 75 83
0 76 0 47 61 64 68 69 76
49 60 49 51 60
58 85 58 85
10 24 10 24
10 81 10 60 78 81
59 75 59 61 75
26 56 26 28 35 56
0 28 0 13 20 23 28
28 61 28 37 48 54 59 61
1 72 1 13 26 67 72
6 21 6 18 21
24 80 24 80
33 49 33 37 40 42 46 49
28 78 28 41 47 53 58 78
45 77 45 54 67 77
16 48 16 28 37 48
44 76 44 53 58 64 68 69 76
13 80 13 46 49 72 78 80
48 88 48 61 83 88
36 37 36 37
62 70 62 70
32 68 32 48 58 64 68
72 84 72 78 84
4 63 4 40 63
75 80 75 80
16 43 16 31 43
6 26 6 18 21 26
26 42 26 28 37 40 42
0 53 0 43 47 53
47 73 47 67 73
2 37 2 14 28 37
7 37 7 28 37
39 77 39 46 49 51 61 66 77
48 52 48 52
18 68 18 22 64 68
45 54 45 54
8 87 8 9 45 61 66 78 81 82 87
4 87 4 74 82 87
3 79 3 14 21 26 40 62 63 79
5 87 5 61 75 80 81 82 87
57 72 57 72
8 45 8 34 45
19 72 19 43 44 51 67 72
38 47 38 41 47
26 56 26 28 35 56
44 63 44 63
22 66 22 59 61 66
37 49 37 40 49
26 74 26 68 74
81 82 81 82
38 85 38 59 64 69 76 82 85
36 37 36 37
19 69 19 20 59 61 64 69
2 77 2 31 56 62 63 66 77
42 57 42 57
14 30 14 30
56 80 56 62 72 78 80
48 66 48 54 59 66
16 30 16 24 30
28 73 28 49 51 67 73
3 27 3 14 19 27
22 54 22 33 37 48 54
58 89 58 64 81 83 89
6 27 6 24 27
15 70 15 22 33 37 40 62 70
35 41 35 39 41
25 64 25 35 56 64
41 70 41 70
55 81 55 57 80 81
2 47 2 18 27 32 47
13 20 13 20
13 83 13 49 51 67 78 80 81 83
78 80 78 80
26 77 26 42 57 63 66 77
25 35 25 35
6 29 6 24 29
36 69 36 48 54 59 69
23 88 23 55 61 88
6 37 6 24 27 29 37
44 55 44 55
30 45 30 34 45
43 65 43 64 65
57 66 57 63 66
0 27 0 10 24 27
8 83 8 58 78 80 81 83
31 70 31 56 62 70
26 28 26 28
13 67 13 14 34 38 41 47 67
10 50 10 34 38 41 50
7 14 7 14
18 34 18 27 34
59 85 59 66 71 82 85
15 85 15 21 40 68 74 85
31 50 31 39 41 50
15 53 15 21 40 43 47 53
9 37 9 20 23 37
20 54 20 30 48 54
15 76 15 26 28 69 76
31 86 31 56 64 80 81 83 86
29 77 29 37 52 77
3 13 3 9 13
1 2 1 2
45 59 45 54 59
9 32 9 32
42 59 42 46 49 59
17 55 17 25 35 43 44 55
15 26 15 21 26
37 70 37 62 70
58 88 58 85 88
33 79 33 37 50 79
44 78 44 53 59 61 66 78
37 80 37 59 66 78 80
47 67 47 53 58 67
66 82 66 78 81 82
19 52 19 26 40 43 52
9 41 9 16 31 39 41
14 84 14 78 84
19 21 19 21
28 46 28 37 40 43 46
17 33 17 25 33
35 61 35 41 49 59 61
33 48 33 37 48
25 49 25 33 37 49
50 67 50 58 67
37 67 37 48 52 67
13 44 13 24 29 43 44
9 32 9 13 14 19 30 32
77 89 77 89
44 68 44 64 68
45 80 45 67 72 78 80
40 68 40 49 51 59 64 68
45 54 45 54
35 47 35 43 47
45 86 45 70 71 83 86
18 38 18 34 38
13 55 13 14 30 44 55
64 68 64 68
51 59 51 59
33 77 33 49 51 67 77
63 81 63 66 78 80 81
46 68 46 49 59 61 64 68
16 76 16 27 29 37 52 64 68 69 76
20 54 20 26 30 32 48 54
47 84 47 61 75 78 84
26 57 26 28 39 41 57
37 86 37 49 59 64 71 83 86
4 29 4 8 9 17 29
37 59 37 51 59
24 75 24 43 75
17 81 17 52 80 81
21 79 21 42 62 63 79
80 85 80 81 82 85
2 9 2 9
30 68 30 48 52 64 68
10 70 10 32 44 55 70
11 54 11 33 37 48 54
4 68 4 13 26 30 49 51 61 64 68
55 61 55 61
15 58 15 22 43 47 53 58
29 79 29 43 62 63 79
25 71 25 71
47 73 47 53 58 73
9 59 9 20 39 41 50 59
33 79 33 39 57 63 79
28 79 28 37 62 63 79
18 57 18 27 41 57
3 38 3 9 17 25 38
19 76 19 56 64 69 76
15 65 15 26 42 46 49 59 64 65
44 79 44 63 79
18 31 18 22 31
11 52 11 18 27 29 48 52
0 49 0 43 46 49
3 18 3 18
22 48 22 33 37 48
22 57 22 43 44 55 57
2 78 2 57 72 78
81 82 81 82
35 66 35 43 46 49 59 66
24 42 24 34 38 42
26 62 26 30 34 38 42 62
40 77 40 62 63 66 77
40 44 40 43 44
14 31 14 31
4 63 4 13 63
34 44 34 44
55 83 55 63 80 83
39 49 39 41 49
27 29 27 29
6 47 6 31 43 47
3 67 3 11 18 20 32 44 51 67
3 23 3 14 19 20 23
2 89 2 60 78 81 83 89
22 62 22 33 37 40 62
59 66 59 66
43 73 43 52 67 73
53 64 53 58 64
2 82 2 23 82
31 56 31 56
54 78 54 75 78
32 44 32 44
19 20 19 20
41 76 41 68 69 76
34 78 34 50 58 61 66 78
18 64 18 21 59 64
28 72 28 41 53 58 67 72
58 69 58 61 64 68 69
66 83 66 71 83
15 58 15 22 43 44 51 58
46 49 46 49
6 55 6 44 55
20 48 20 23 32 48
0 75 0 10 44 53 58 61 75
7 64 7 49 59 64
14 25 14 25
61 88 61 83 88
13 48 13 14 25 33 37 48
22 89 22 59 64 81 83 89
24 27 24 27
52 67 52 67
0 76 0 52 64 68 69 76
27 57 27 34 38 42 57
35 89 35 43 62 63 79 83 89
12 20 12 17 20
10 48 10 48
2 31 2 18 22 31
81 87 81 82 87
49 85 49 69 76 82 85
73 88 73 88
36 65 36 43 47 61 64 65
31 89 31 89
16 36 16 27 29 36
50 73 50 58 67 73
23 77 23 49 77
58 85 58 85
83 89 83 89
3 32 3 14 19 30 32
2 81 2 63 80 81
37 51 37 49 51
6 50 6 15 22 34 45 50
20 30 20 26 30
1 42 1 2 9 20 40 42
8 65 8 41 50 59 61 64 65
41 63 41 63
40 79 40 43 62 63 79
71 85 71 82 85
76 85 76 82 85
3 16 3 9 16
27 47 27 32 47
40 64 40 43 46 49 59 61 64
42 83 42 46 49 59 61 75 80 83
24 71 24 52 64 71
27 38 27 34 38
20 81 20 40 42 46 49 59 66 78 80 81
0 34 0 13 16 24 27 34
29 77 29 48 61 66 77
37 46 37 40 42 46
3 72 3 21 70 72
30 63 30 39 41 63
7 25 7 15 25
28 79 28 35 63 79
67 78 67 72 78
23 81 23 55 63 79 80 81
55 84 55 61 66 71 84
8 41 8 33 39 41
32 79 32 44 63 79
42 69 42 51 59 61 64 69
24 78 24 34 54 75 78
22 86 22 64 81 83 86
45 73 45 52 67 73
43 64 43 44 55 58 64
36 60 36 60
34 48 34 48
27 32 27 32
5 42 5 24 34 38 42
18 20 18 19 20
42 87 42 70 81 82 87
71 85 71 82 85
45 64 45 54 59 61 64
25 79 25 63 79
40 85 40 82 85
44 64 44 61 64
1 18 1 2 18
30 44 30 44
41 81 41 47 53 72 78 81
23 55 23 25 35 43 44 55
66 81 66 78 80 81
42 59 42 46 49 59
49 88 49 72 88
11 36 11 27 29 36
27 86 27 44 63 66 83 86
45 55 45 55
75 84 75 78 84
48 79 48 79
26 68 26 28 49 51 59 64 68
22 68 22 64 68
19 59 19 27 41 59
57 65 57 65
6 72 6 27 52 67 72
50 59 50 59
40 64 40 51 61 64
27 43 27 29 43
14 55 14 28 37 40 43 44 55
12 73 12 27 53 58 67 73
66 71 66 71
24 80 24 32 53 72 78 80
12 66 12 29 48 61 66
1 7 1 7
14 33 14 25 33
0 24 0 24
34 53 34 44 53
30 57 30 41 57
16 24 16 24
19 74 19 30 68 74
15 26 15 21 26
46 88 46 77 88
28 48 28 37 48
0 19 0 13 14 19
44 53 44 53
34 83 34 38 60 78 80 81 83
39 69 39 60 69
48 87 48 61 66 78 80 81 82 87
8 65 8 41 63 65
10 81 10 52 64 80 81
5 81 5 81
21 89 21 40 60 66 83 89
47 83 47 67 72 78 81 83
66 78 66 78
14 64 14 21 59 61 64
6 47 6 18 22 43 47
5 22 5 7 15 22
0 78 0 53 58 67 72 78
10 24 10 24
20 48 20 32 48
32 89 32 66 71 84 89
35 50 35 41 50
54 80 54 59 66 78 80
30 41 30 41
5 63 5 6 27 41 63
51 86 51 60 78 80 83 86
8 40 8 28 37 40
32 47 32 47
24 82 24 54 75 78 80 82
35 63 35 41 57 63
47 81 47 67 72 78 81
22 35 22 25 35
34 66 34 45 55 61 66
23 77 23 35 41 59 66 77
1 55 1 26 55
5 34 5 24 27 34
5 77 5 32 51 67 77
25 55 25 35 43 44 55
12 33 12 17 33
34 65 34 55 58 61 64 65
60 69 60 69
18 67 18 34 44 53 58 67
40 86 40 64 86
37 88 37 52 83 86 88
44 74 44 51 59 61 64 68 74
32 86 32 47 75 80 83 86
37 67 37 52 67
43 52 43 52
28 64 28 64
5 70 5 33 37 62 70
25 54 25 33 37 48 54
4 45 4 13 16 27 34 45
6 81 6 16 23 25 61 64 80 81
43 84 43 47 75 78 84
13 33 13 24 33
69 76 69 76
63 66 63 66
35 78 35 63 66 78
67 72 67 72
0 16 0 13 16
31 62 31 43 62
12 71 12 37 51 64 71
10 71 10 52 71
59 61 59 61
36 83 36 66 71 83
41 70 41 70
26 64 26 30 53 58 61 64
25 63 25 63
10 46 10 30 39 46
28 70 28 37 40 43 70
3 37 3 37
1 48 1 26 30 32 48
9 17 9 17
25 86 25 40 62 63 80 83 86
0 48 0 10 48
79 86 79 83 86
75 83 75 78 80 81 83
13 75 13 48 61 75
26 40 26 40
29 66 29 43 62 63 66
86 88 86 88
36 48 36 48
41 50 41 50
47 84 47 67 78 84
51 75 51 58 61 75
31 68 31 56 64 68
42 88 42 87 88
15 33 15 22 25 33
31 79 31 43 62 63 79
7 41 7 14 34 38 41
41 57 41 57
14 53 14 30 53
33 64 33 52 64
18 82 18 76 82
10 50 10 30 39 41 50
6 24 6 24
61 88 61 64 86 88
40 46 40 42 46
73 88 73 88
5 15 5 7 15
70 81 70 72 78 81
38 60 38 42 46 49 51 60
70 72 70 72
30 73 30 41 47 67 73
34 73 34 54 67 73
4 82 4 8 41 49 72 82
26 37 26 28 37
28 88 28 58 85 88
4 68 4 13 16 31 68
10 17 10 17
40 42 40 42
58 68 58 68
43 52 43 52
28 69 28 49 51 60 69
21 57 21 26 42 57
59 87 59 66 78 81 82 87
64 69 64 68 69
54 59 54 59
58 64 58 61 64
13 39 13 14 19 26 28 35 39
30 44 30 32 44
32 48 32 48
47 77 47 53 77
38 62 38 42 62
45 59 45 54 59
42 73 42 51 73
18 48 18 19 20 30 32 48
14 84 14 30 39 57 78 84
19 38 19 21 26 38
61 66 61 66
14 27 14 19 27
42 79 42 62 63 79
64 81 64 81
25 50 25 38 41 50
1 7 1 7
13 29 13 16 27 29
50 58 50 51 58
30 57 30 34 38 42 57
9 23 9 20 23
31 81 31 56 64 81
55 70 55 70
34 52 34 48 52
51 73 51 67 73
0 28 0 13 28
31 57 31 43 44 55 57
29 75 29 75
40 60 40 42 46 49 51 60
45 84 45 61 66 78 84
4 30 4 21 26 30
60 82 60 66 71 82
28 87 28 82 87
39 66 39 57 63 66
10 44 10 17 32 44
41 53 41 47 53
35 78 35 59 61 75 78
3 37 3 37
11 52 11 21 26 28 35 43 52
48 83 48 58 67 72 78 81 83
28 48 28 37 48
28 35 28 35
24 64 24 27 41 50 58 64
6 24 6 16 24
71 83 71 83
41 49 41 49
2 36 2 18 19 27 29 36
57 84 57 63 79 84
58 84 58 78 84
19 82 19 62 63 79 81 82
28 49 28 39 46 49
32 71 32 53 58 64 71
35 78 35 43 70 72 78
18 73 18 19 27 29 43 46 49 51 73
33 74 33 46 49 51 59 61 64 68 74
3 85 3 23 79 80 81 82 85
8 69 8 41 47 53 59 69
41 50 41 50
4 14 4 13 14
1 60 1 3 18 19 30 50 51 60
58 72 58 67 72
10 57 10 30 34 55 57
67 77 67 77
21 73 21 58 67 73
44 84 44 63 79 84
29 43 29 36 43
70 71 70 71
18 20 18 19 20
36 61 36 43 47 53 59 61
53 71 53 59 66 71
14 61 14 21 40 42 59 61
7 38 7 38
3 14 3 9 13 14
6 83 6 16 83
8 62 8 28 37 62
13 16 13 16
17 69 17 26 30 32 47 53 58 68 69
51 82 51 74 82
35 76 35 43 52 64 68 69 76
42 59 42 46 49 59
3 39 3 21 26 28 39
43 47 43 47
2 44 2 31 43 44
63 78 63 66 78
8 28 8 13 26 28
75 87 75 82 87
0 48 0 13 24 33 37 48
6 71 6 44 51 60 66 71
49 51 49 51
17 43 17 26 40 43
52 86 52 86
45 64 45 61 64
24 78 24 34 48 52 78
37 48 37 48
9 38 9 13 16 24 34 38
52 87 52 64 69 87
11 59 11 20 39 46 49 59
14 27 14 19 27
31 50 31 39 41 50
48 76 48 58 61 64 68 69 76
12 23 12 17 20 23
52 86 52 78 81 83 86
21 65 21 40 62 65
46 85 46 49 72 82 85
27 79 27 29 79
25 86 25 33 49 72 78 81 83 86
44 64 44 55 61 64
6 74 6 40 62 74
18 33 18 19 33
75 87 75 80 82 87
8 68 8 41 53 58 68
44 61 44 51 59 61
3 59 3 23 49 59
10 54 10 48 54
63 79 63 79
19 30 19 20 26 30
6 24 6 16 24
4 79 4 8 40 63 79
44 68 44 51 61 64 68
43 65 43 64 65
36 84 36 67 72 78 84
24 48 24 30 48
41 49 41 49
5 59 5 25 38 42 46 49 51 59
7 85 7 27 34 50 59 64 82 85
30 78 30 53 59 66 78
64 88 64 88
17 54 17 33 37 48 54
29 69 29 43 64 68 69
34 80 34 54 78 80
18 19 18 19
4 41 4 41
24 27 24 27
11 54 11 18 19 27 34 48 54
2 26 2 18 20 26
4 61 4 21 59 61
3 77 3 58 77
11 52 11 27 29 37 48 52
16 62 16 40 62
17 74 17 25 38 49 51 61 64 68 74
78 80 78 80
18 61 18 21 26 30 54 59 61
27 47 27 32 47
30 58 30 34 46 49 51 58
23 43 23 37 40 43
38 87 38 60 69 87
10 88 10 52 80 81 82 85 88
67 73 67 73
14 58 14 25 38 42 51 58
2 30 2 18 21 26 30
57 63 57 63
16 68 16 50 51 59 64 68
6 81 6 24 29 36 59 61 64 80 81
28 48 28 37 48
15 60 15 60
39 65 39 65
54 67 54 67
16 80 16 44 61 66 78 80
24 62 24 27 34 38 42 62
29 36 29 36
23 49 23 49
29 75 29 48 75
25 69 25 69
5 35 5 7 26 28 35
17 70 17 29 37 40 62 70
17 75 17 26 42 59 61 75
58 83 58 64 81 83
3 31 3 14 31
4 76 4 21 59 69 76
58 71 58 61 64 71
1 43 1 19 33 37 40 43
15 74 15 46 49 51 61 64 68 74
40 63 40 62 63
12 17 12 17
15 74 15 22 59 61 64 68 74
4 8 4 8
1 54 1 7 45 54
16 31 16 31
8 69 8 41 49 69
15 81 15 46 49 51 58 61 64 81
1 60 1 13 24 50 51 60
2 65 2 56 64 65
1 53 1 19 43 47 53
24 30 24 30
29 83 29 79 83
9 62 9 62
36 69 36 59 61 64 68 69
2 61 2 33 37 40 51 59 61
9 71 9 71
44 78 44 78
49 85 49 76 82 85
53 84 53 59 61 64 71 84
31 61 31 43 46 49 59 61
34 86 34 86
78 80 78 80
18 72 18 21 40 62 72
33 55 33 37 40 43 44 55
11 32 11 27 32
29 37 29 37
23 33 23 25 33
79 80 79 80
3 53 3 21 26 40 43 47 53
13 28 13 28
0 78 0 44 53 59 66 78
8 27 8 13 16 27
9 74 9 17 20 30 44 64 68 74
3 39 3 21 26 28 35 39
13 67 13 29 43 52 67
23 70 23 35 41 70
22 85 22 43 52 71 82 85
22 88 22 62 63 80 81 82 85 88
34 67 34 46 49 51 67
54 76 54 59 64 68 69 76
16 55 16 23 28 37 40 43 44 55
62 70 62 70
19 39 19 21 26 28 39
42 83 42 59 64 71 83
54 88 54 78 85 88
49 86 49 59 66 78 81 83 86
21 88 21 40 76 82 87 88
58 89 58 64 80 81 83 89
13 86 13 26 40 78 80 81 83 86
20 88 20 59 66 78 80 82 85 88
53 65 53 58 64 65
21 49 21 26 42 46 49
30 75 30 49 51 59 61 75
30 85 30 32 58 61 66 78 81 82 85
6 36 6 16 24 29 36
15 25 15 25
75 82 75 78 80 82
2 32 2 9 16 27 32
26 73 26 28 39 58 67 73
52 77 52 67 77
34 49 34 38 41 49
18 70 18 34 38 70
25 39 25 33 39
9 74 9 16 31 39 41 49 59 61 64 68 74
15 76 15 58 61 64 68 69 76
75 82 75 82
49 72 49 51 58 67 72
8 20 8 9 17 20
0 71 0 70 71
29 83 29 75 83
27 70 27 32 44 55 70
13 64 13 16 35 41 49 51 64
64 65 64 65
27 52 27 32 48 52
82 87 82 87
11 33 11 18 22 33
42 71 42 70 71
32 52 32 48 52
9 17 9 17
3 56 3 14 21 26 28 35 56
19 79 19 38 41 50 79
10 74 10 24 43 46 49 59 61 64 68 74
17 29 17 29
41 80 41 79 80
1 49 1 7 49
44 68 44 64 68
41 69 41 68 69
10 81 10 34 45 75 78 81
26 75 26 75
20 30 20 26 30
44 53 44 53
80 85 80 82 85
6 37 6 15 21 26 28 37
5 67 5 44 51 58 67
54 69 54 59 61 64 68 69
40 77 40 51 61 66 77
16 81 16 78 81
17 45 17 20 26 30 34 45
23 85 23 55 79 80 82 85
14 86 14 78 80 83 86
0 81 0 13 49 72 78 81
31 39 31 39
51 61 51 61
20 46 20 39 46
13 32 13 20 32
21 54 21 26 28 37 48 54
12 44 12 44
20 89 20 77 89
21 68 21 42 59 64 68
71 82 71 82
25 85 25 80 82 85
19 79 19 26 55 79
0 19 0 13 14 19
19 76 19 56 64 68 69 76
58 78 58 61 75 78
10 65 10 34 59 61 64 65
15 56 15 26 28 35 56
52 71 52 64 71
55 70 55 70
21 62 21 40 42 62
34 67 34 44 51 58 67
24 81 24 64 81
15 31 15 22 31
48 79 48 79
5 64 5 32 44 55 58 64
1 43 1 13 29 37 40 43
23 79 23 55 79
17 58 17 26 30 49 51 58
2 73 2 9 32 48 58 67 73
52 86 52 64 71 83 86
16 69 16 40 51 58 64 68 69
9 81 9 32 51 61 64 80 81
6 39 6 16 28 35 39
7 58 7 45 50 58
6 36 6 24 27 29 36
22 52 22 34 45 52
6 30 6 24 30
37 78 37 52 67 78
0 81 0 52 67 78 81
22 64 22 34 38 59 64
28 77 28 49 59 77
12 71 12 32 44 63 66 71
18 42 18 21 26 40 42
45 73 45 73
19 52 19 20 26 30 32 48 52
28 57 28 35 41 57
5 88 5 81 82 87 88
3 64 3 9 32 44 55 58 64
30 71 30 54 59 71
0 78 0 67 72 78
31 85 31 68 69 76 82 85
58 67 58 67
49 59 49 51 59
42 66 42 59 66
45 68 45 61 64 68
6 15 6 15
0 40 0 20 40
5 42 5 7 15 30 34 38 42
21 61 21 40 42 51 59 61
18 32 18 27 32
30 73 30 54 73
20 30 20 26 30
49 77 49 77
10 79 10 48 79
21 73 21 40 42 51 67 73
5 80 5 75 78 80
4 8 4 8
14 70 14 19 43 44 55 70
8 34 8 9 20 30 34
0 86 0 86
33 75 33 51 61 75
10 26 10 17 20 26
42 82 42 57 82
46 83 46 49 51 80 81 83
33 70 33 62 70
50 67 50 67
22 73 22 31 39 46 49 51 58 73
6 21 6 21
30 54 30 48 54
45 71 45 63 66 71
26 52 26 28 37 52
34 50 34 45 50
58 69 58 64 69
67 78 67 72 78
40 44 40 43 44
59 64 59 61 64
38 89 38 41 79 80 81 83 89
64 76 64 69 76
9 23 9 20 23
36 81 36 55 63 66 78 81
4 82 4 69 76 82
18 89 18 59 89
59 61 59 61
24 82 24 27 58 61 75 82
9 23 9 20 23
0 29 0 24 27 29
37 70 37 40 62 70
18 35 18 22 25 35
11 77 11 20 39 46 49 59 66 77
49 77 49 77
46 75 46 49 59 61 75
21 64 21 26 28 64
17 60 17 34 44 51 60
48 52 48 52
40 75 40 43 75
25 62 25 33 62
24 32 24 27 32
35 67 35 41 53 58 67
21 73 21 40 43 46 49 51 73
9 44 9 16 24 27 32 44
44 86 44 55 61 64 80 83 86
25 65 25 38 49 51 59 64 65
1 82 1 39 58 78 80 82
23 86 23 55 86
23 35 23 35
31 68 31 68
53 77 53 58 61 66 77
38 42 38 42
17 70 17 33 37 62 70
50 76 50 60 69 76
28 35 28 35
4 8 4 8
25 81 25 40 64 81
5 83 5 33 39 58 61 75 80 81 83
41 73 41 50 67 73
1 55 1 2 31 43 44 55
22 52 22 34 48 52
25 76 25 35 59 61 64 69 76
13 67 13 20 39 58 67
17 54 17 25 33 37 48 54
18 74 18 27 41 50 58 61 64 68 74
42 46 42 46
19 70 19 43 70
5 87 5 6 68 69 87
61 76 61 64 68 69 76
38 62 38 42 62
23 86 23 81 83 86
20 81 20 66 78 81
30 71 30 53 58 64 71
14 59 14 59
8 9 8 9
64 69 64 69
3 18 3 11 18
33 41 33 39 41
38 65 38 59 64 65
25 50 25 38 41 50
60 80 60 78 80
62 63 62 63
54 71 54 59 64 71
80 89 80 83 89
26 65 26 40 63 65
57 81 57 63 79 81
0 78 0 24 32 58 61 66 78
24 63 24 43 62 63
2 87 2 13 72 87
2 38 2 9 20 26 38
16 85 16 78 80 81 82 85
81 85 81 82 85
5 87 5 77 87
24 89 24 52 83 89
14 27 14 19 27
38 42 38 42
32 47 32 47
41 61 41 50 58 61
26 38 26 30 34 38
43 70 43 44 55 70
28 79 28 39 57 63 79
35 56 35 56
22 85 22 31 68 74 82 85
41 60 41 49 51 60
7 48 7 27 34 48
4 87 4 77 87
25 57 25 33 37 40 42 57
50 82 50 79 80 82
2 9 2 9
5 40 5 36 37 40
20 32 20 26 30 32
70 86 70 72 78 80 83 86
44 51 44 51
38 80 38 60 78 80
29 86 29 79 80 83 86
12 89 12 57 80 81 83 89
24 30 24 30
62 72 62 70 72
7 70 7 27 41 70
23 62 23 25 62
9 17 9 17
5 22 5 7 15 22
28 61 28 49 59 61
3 38 3 27 34 38
6 15 6 15
10 42 10 30 34 38 42
13 76 13 20 23 35 59 61 64 68 69 76
15 77 15 26 30 41 67 77
61 86 61 75 80 83 86
11 75 11 59 61 75
30 78 30 44 53 59 66 78
36 49 36 37 40 42 46 49
24 59 24 54 59
20 32 20 32
45 70 45 55 70
19 41 19 20 26 28 39 41
33 50 33 39 41 50
60 76 60 69 76
36 61 36 59 61
59 74 59 64 68 74
38 85 38 59 71 82 85
3 80 3 16 40 62 72 78 80
23 89 23 77 89
47 71 47 53 59 61 64 71
20 86 20 30 54 78 81 83 86
2 64 2 14 30 44 61 64
15 58 15 58
79 80 79 80
0 24 0 24
11 58 11 20 30 34 46 49 51 58
68 69 68 69
15 85 15 25 79 80 82 85
17 60 17 25 35 41 50 51 60
3 56 3 16 28 35 56
33 72 33 51 67 72
5 79 5 25 33 39 57 63 79
18 30 18 20 30
6 23 6 17 20 23
5 87 5 52 71 82 87
8 13 8 9 13
17 68 17 25 40 51 61 64 68
55 84 55 61 64 71 84
30 75 30 53 58 61 75
31 50 31 39 41 50
13 50 13 29 36 50
56 69 56 64 69
48 52 48 52
38 87 38 59 66 77 87
26 88 26 75 82 87 88
0 28 0 10 17 20 26 28
25 80 25 40 78 80
15 26 15 21 26
9 45 9 17 20 26 30 34 45
18 30 18 21 26 30
0 82 0 24 33 37 52 78 80 82
0 57 0 57
77 88 77 88
11 26 11 18 21 26
10 83 10 30 34 46 49 59 61 83
8 69 8 33 37 40 51 60 69
6 81 6 30 72 78 81
15 80 15 60 78 80
28 78 28 78
52 87 52 77 87
11 46 11 33 46
44 84 44 64 71 84
47 84 47 53 59 71 84
27 63 27 41 63
1 55 1 3 33 37 40 43 44 55
52 78 52 67 78
19 56 19 26 28 35 56
37 77 37 40 63 66 77
16 87 16 27 32 66 71 82 87
3 30 3 16 24 30
48 75 48 58 61 75
10 57 10 24 33 39 41 57
19 80 19 27 72 78 80
19 82 19 62 72 78 81 82
1 43 1 13 26 40 43
18 79 18 34 44 63 79
13 88 13 16 24 50 59 61 88
18 57 18 27 41 57
10 44 10 32 44
29 66 29 48 58 61 66
14 78 14 21 42 57 72 78
23 32 23 32
27 59 27 41 47 53 59
2 82 2 18 27 53 72 82
13 87 13 68 69 76 82 87
6 30 6 30
11 57 11 35 41 57
33 69 33 49 51 60 69
4 45 4 30 34 45
26 48 26 28 37 48
38 85 38 70 71 82 85
3 80 3 58 61 75 80
32 52 32 48 52
4 49 4 30 34 38 49
49 84 49 59 66 78 84
30 34 30 34
16 28 16 23 28
19 76 19 69 76
2 73 2 9 29 37 48 58 73
82 87 82 87
25 49 25 35 43 46 49
16 35 16 28 35
5 67 5 24 33 49 51 67
10 76 10 34 45 55 58 68 69 76
33 87 33 82 87
11 75 11 27 32 58 61 75
84 89 84 89
45 66 45 54 59 66
37 78 37 50 60 66 78
0 47 0 13 36 43 47
15 86 15 25 33 46 49 51 61 64 71 83 86
12 57 12 26 28 35 43 44 55 57
12 73 12 17 34 54 67 73
7 29 7 14 19 27 29
44 74 44 51 61 64 68 74
8 83 8 9 16 29 81 83
15 40 15 22 33 37 40
26 58 26 30 44 51 58
23 86 23 25 80 81 83 86
35 50 35 39 41 50
7 44 7 32 44
28 37 28 37
7 51 7 43 44 51
4 36 4 13 36
3 50 3 21 26 28 37 50
16 35 16 23 25 35
43 49 43 46 49
13 80 13 64 80
37 49 37 40 42 46 49
78 86 78 81 83 86
0 30 0 20 30
15 77 15 21 42 57 63 66 77
67 89 67 77 89
30 75 30 44 55 58 61 75
28 58 28 49 51 58
9 62 9 17 20 56 62
8 27 8 13 24 27
14 48 14 30 34 48
53 77 53 59 77
21 53 21 40 43 47 53
34 62 34 38 42 62
52 89 52 80 83 89
2 41 2 31 39 41
87 88 87 88
5 31 5 7 15 22 31
36 61 36 43 46 49 59 61
24 59 24 33 39 46 49 51 59
39 49 39 46 49
7 64 7 40 49 51 64
38 50 38 41 50
14 33 14 19 33
40 75 40 51 59 61 75
31 57 31 39 41 57
63 87 63 79 80 82 87
1 75 1 13 14 31 39 58 61 75
10 44 10 44
28 46 28 37 40 43 46
86 88 86 88
43 76 43 46 49 76
27 72 27 72
19 34 19 21 26 30 34
6 51 6 37 50 51
60 71 60 66 71
51 71 51 59 64 71
58 76 58 61 64 68 69 76
14 21 14 19 21
0 67 0 67
40 75 40 42 59 61 75
52 64 52 64
61 76 61 64 68 69 76
11 75 11 27 32 51 59 61 75
78 85 78 80 81 82 85
3 9 3 9
12 76 12 50 58 64 69 76
24 42 24 29 37 40 42
10 41 10 30 39 41
34 41 34 38 41
6 77 6 17 60 66 77
32 85 32 44 81 82 85
8 87 8 34 45 50 51 64 69 76 82 87
0 29 0 27 29
28 60 28 49 51 60
33 37 33 37
45 57 45 57
2 61 2 13 26 30 44 51 58 61
8 70 8 62 70
35 63 35 43 62 63
23 89 23 35 56 78 84 89
45 79 45 57 63 79
29 80 29 37 51 60 66 78 80
52 83 52 71 83
22 88 22 31 69 76 82 87 88
30 54 30 54
58 89 58 61 66 78 81 83 89
29 37 29 37
42 88 42 88
17 29 17 29
24 27 24 27
42 71 42 59 71
41 57 41 57
36 37 36 37
1 82 1 19 38 70 80 81 82
72 82 72 82
14 21 14 19 21
25 74 25 35 41 53 58 68 74
21 42 21 40 42
15 25 15 25
6 51 6 15 46 49 51
18 51 18 34 38 41 49 51
19 51 19 27 34 50 51
14 66 14 30 50 59 66
48 82 48 54 81 82
25 74 25 38 59 61 64 68 74
11 49 11 20 39 41 49
49 64 49 59 61 64
10 76 10 60 69 76
50 64 50 59 61 64
21 65 21 42 64 65
37 51 37 51
1 45 1 26 30 34 45
23 78 23 49 51 59 61 66 78
25 71 25 63 66 71
75 81 75 78 80 81
75 84 75 78 84
21 35 21 26 28 35
12 55 12 44 55
77 88 77 87 88
8 33 8 13 16 24 33
8 85 8 69 76 82 85
41 49 41 49
70 78 70 72 78
54 64 54 59 61 64
24 71 24 32 51 58 64 71
3 13 3 9 13
51 68 51 59 61 64 68
1 16 1 2 13 16
32 53 32 44 53
2 32 2 13 20 26 30 32
1 29 1 2 14 19 27 29
25 83 25 57 80 83
49 64 49 59 61 64
40 42 40 42
49 74 49 59 61 64 68 74
66 83 66 78 81 83
11 80 11 64 80
11 65 11 27 32 58 61 64 65
27 59 27 41 59
26 55 26 55
0 48 0 27 29 37 48
2 9 2 9
18 31 18 22 31
57 78 57 78
28 48 28 37 48
42 59 42 51 59
67 77 67 77
4 28 4 21 26 28
26 88 26 75 80 81 82 85 88
3 33 3 16 24 33
8 69 8 41 53 58 68 69
10 41 10 24 34 38 41
6 50 6 27 41 50
1 29 1 13 14 19 27 29
9 60 9 16 40 42 51 60
74 85 74 85
1 72 1 19 38 70 72
22 62 22 62
55 78 55 58 61 75 78
12 27 12 24 27
22 50 22 33 39 41 50
26 65 26 28 46 49 59 64 65
20 59 20 32 44 53 59
10 65 10 58 64 65
39 66 39 57 63 66
44 76 44 51 58 61 64 69 76
13 84 13 28 64 71 84
75 88 75 82 85 88
20 26 20 26
7 65 7 26 40 43 44 53 59 61 64 65
38 83 38 59 64 71 83
51 82 51 74 82
18 22 18 22
6 29 6 27 29
30 84 30 39 46 49 72 84
15 40 15 22 33 37 40
1 76 1 37 40 76
18 79 18 34 50 79
35 89 35 72 78 80 81 83 89
2 56 2 23 28 35 56
2 18 2 18
20 23 20 23
55 84 55 79 84
9 29 9 16 29
32 59 32 53 59
23 37 23 25 33 37
2 89 2 72 78 84 89
19 74 19 56 74
44 87 44 64 71 82 87
14 68 14 68
41 87 41 68 74 82 87
39 66 39 60 66
7 28 7 14 28
8 62 8 9 29 37 40 62
14 31 14 31
7 48 7 33 37 48
41 50 41 50
47 84 47 67 72 84
43 75 43 47 61 75
52 80 52 80
9 79 9 17 26 42 62 63 79
9 20 9 13 14 19 20
10 87 10 60 69 76 82 87
26 60 26 30 41 50 60
30 63 30 44 55 63
1 38 1 13 24 30 34 38
28 73 28 49 51 58 67 73
14 66 14 25 57 63 66
46 85 46 49 72 78 80 82 85
55 63 55 63
83 86 83 86
33 48 33 37 48
0 75 0 10 32 44 61 75
57 80 57 72 78 80
63 87 63 82 87
20 23 20 23
13 62 13 16 38 42 62
60 78 60 78
15 76 15 22 43 47 53 59 64 69 76
33 49 33 49
3 28 3 18 21 26 28
42 70 42 70
19 48 19 27 29 48
12 55 12 37 40 43 44 55
43 49 43 46 49
23 85 23 32 58 61 64 82 85
25 40 25 40
35 65 35 41 65
0 55 0 45 55
31 83 31 39 46 49 51 59 64 71 83
37 80 37 51 64 80
53 82 53 72 78 81 82
2 54 2 13 14 19 30 34 48 54
16 44 16 44
30 39 30 39
13 62 13 16 27 34 38 42 62
19 75 19 26 42 51 59 61 75
32 78 32 48 61 75 78
18 65 18 21 58 64 65
45 68 45 50 58 61 64 68
0 16 0 13 16
47 89 47 61 64 80 81 83 89
14 79 14 42 62 63 79
61 64 61 64
17 37 17 26 28 37
8 83 8 33 64 80 83
57 86 57 86
20 48 20 26 30 34 48
75 84 75 78 84
16 74 16 28 49 51 74
47 72 47 53 72
52 64 52 64
52 68 52 64 68
3 67 3 58 67
37 52 37 52
49 58 49 51 58
18 35 18 20 23 28 35
21 41 21 26 30 41
64 68 64 68
6 17 6 17
16 80 16 24 33 49 51 59 64 80
18 39 18 19 21 26 28 35 39
26 65 26 55 63 65
36 71 36 66 71
77 88 77 88
21 59 21 26 30 41 47 53 59
4 45 4 8 9 16 24 27 34 45
31 56 31 56
10 39 10 17 26 30 39
34 85 34 67 82 85
49 80 49 59 66 78 80
47 53 47 53
16 43 16 40 43
23 49 23 25 33 49
19 71 19 21 59 61 64 71
14 27 14 19 27
23 75 23 49 59 61 75
57 78 57 78
26 64 26 55 58 61 64
5 89 5 30 39 58 77 89
57 86 57 86
7 65 7 26 40 51 64 65
8 82 8 9 62 72 78 81 82
1 50 1 19 30 50
40 76 40 76
10 42 10 17 29 36 37 40 42
75 83 75 83
21 89 21 58 78 84 89
59 61 59 61
5 23 5 6 16 23
14 28 14 19 20 26 28
50 78 50 60 78
0 16 0 13 16
17 80 17 58 67 72 78 80
11 49 11 33 37 40 42 46 49
36 73 36 48 54 73
3 24 3 16 24
75 84 75 78 84
31 81 31 39 60 78 80 81
14 28 14 28
2 58 2 18 27 44 51 58
14 53 14 25 35 39 41 47 53
20 77 20 26 28 58 61 66 77
10 45 10 30 34 45
0 78 0 53 72 78
18 30 18 20 30
30 52 30 48 52
23 42 23 25 33 37 40 42
52 68 52 64 68
23 35 23 28 35
16 40 16 40
46 60 46 49 51 60
11 57 11 20 40 43 44 55 57
67 82 67 72 78 80 81 82
71 83 71 83
28 78 28 39 46 49 72 78
33 51 33 49 51
20 82 20 32 66 78 81 82
4 20 4 13 20
7 39 7 26 28 39
6 80 6 30 53 80
21 54 21 26 30 34 48 54
6 72 6 62 72
49 86 49 59 64 80 81 83 86
55 86 55 61 75 80 83 86
8 58 8 13 49 51 58
60 76 60 69 76
0 89 0 13 63 80 81 83 89
35 65 35 56 64 65
13 87 13 49 59 61 64 68 74 82 87
42 69 42 46 49 59 64 68 69
2 64 2 31 56 64
29 37 29 36 37
14 55 14 19 33 37 40 43 44 55
57 82 57 80 81 82
36 73 36 55 67 73
81 82 81 82
34 47 34 38 41 47
23 44 23 25 33 37 40 43 44
33 41 33 39 41
51 81 51 80 81
47 72 47 67 72
55 78 55 70 72 78
24 42 24 29 36 37 40 42
37 67 37 52 67
33 85 33 82 85
16 75 16 29 43 44 51 59 61 75
22 75 22 33 61 75
24 48 24 34 48
5 70 5 44 55 70
11 51 11 18 19 27 32 51
51 89 51 61 64 81 83 89
18 59 18 20 49 51 59
34 85 34 45 50 60 82 85
5 21 5 6 18 19 21
2 89 2 14 19 56 64 81 83 89
79 83 79 80 83
2 87 2 13 14 21 70 81 82 87
0 80 0 45 50 60 78 80
68 85 68 69 76 82 85
36 89 36 81 83 89
22 73 22 31 43 44 51 67 73
16 30 16 24 30
11 77 11 33 46 77
44 84 44 84
35 39 35 39
50 74 50 59 61 64 68 74
27 86 27 34 67 72 86
13 68 13 68
61 82 61 64 69 76 82
16 89 16 27 54 80 81 83 89
32 71 32 58 64 71
19 20 19 20
37 65 37 49 59 61 64 65
2 37 2 9 16 28 37
22 60 22 60
47 61 47 53 58 61
49 74 49 59 64 68 74
15 25 15 25
16 76 16 31 69 76
33 79 33 37 50 79
12 71 12 37 52 71
11 89 11 58 77 89
61 66 61 66
46 51 46 49 51
64 68 64 68
11 56 11 35 56
0 20 0 10 17 20
14 41 14 30 41
44 72 44 55 58 67 72
60 87 60 78 81 82 87
56 74 56 64 68 74
38 53 38 41 53
16 89 16 62 72 84 89
12 23 12 17 20 23
0 89 0 79 80 83 89
45 69 45 50 64 68 69
5 7 5 7
1 9 1 2 9
16 36 16 27 29 36
10 32 10 17 26 30 32
6 67 6 21 58 67
39 71 39 57 63 66 71
25 46 25 33 39 46
19 68 19 43 44 53 58 61 64 68
3 31 3 18 22 31
20 51 20 23 32 51
31 68 31 43 52 64 68
18 51 18 20 39 46 49 51
70 71 70 71
20 59 20 23 25 33 37 51 59
9 77 9 62 63 66 77
56 81 56 78 81
27 32 27 32
46 68 46 49 59 61 64 68
12 47 12 26 38 41 47
7 29 7 27 29
5 30 5 24 30
10 17 10 17
33 88 33 37 52 83 86 88
38 70 38 70
4 82 4 30 54 72 78 80 81 82
70 72 70 72
17 85 17 29 80 82 85
13 74 13 49 59 64 68 74
30 45 30 34 45
25 61 25 38 41 59 61
42 57 42 57
18 84 18 22 62 63 79 84
37 70 37 40 43 62 70
35 84 35 59 71 84
34 63 34 44 63
16 25 16 23 25
33 80 33 67 72 78 80
0 77 0 17 25 33 49 77
0 49 0 24 33 39 46 49
2 76 2 23 37 50 59 64 69 76
29 61 29 48 54 59 61
11 89 11 64 81 83 89
22 54 22 33 37 48 54
53 82 53 58 61 75 80 81 82
0 52 0 20 40 43 52
27 43 27 29 43
56 69 56 64 69
27 60 27 44 60
53 81 53 59 61 66 78 80 81
5 32 5 7 15 26 30 32
15 81 15 21 70 80 81
10 29 10 17 29
54 77 54 67 77
45 70 45 70
32 48 32 48
16 86 16 29 36 50 59 66 83 86
21 69 21 58 61 64 69
54 83 54 72 78 80 83
60 69 60 69
14 19 14 19
33 85 33 78 81 82 85
6 29 6 24 29
49 73 49 51 73
49 80 49 51 60 78 80
38 77 38 41 57 63 66 77
45 64 45 52 64
0 55 0 44 55
14 19 14 19
17 32 17 26 30 32
6 68 6 68
12 63 12 24 55 63
5 37 5 7 26 28 37
39 89 39 46 77 89
60 83 60 78 81 83
24 34 24 27 34
17 43 17 33 37 40 43
15 60 15 26 42 46 49 51 60
43 69 43 64 69
8 54 8 9 13 48 54
1 32 1 13 16 24 32
41 86 41 53 80 83 86
33 59 33 37 59
2 85 2 56 62 63 80 81 82 85
35 74 35 56 64 68 74
5 71 5 70 71
9 37 9 29 36 37
6 21 6 21
23 41 23 25 38 41
1 66 1 39 60 66
25 71 25 57 63 66 71
46 88 46 49 51 58 61 83 86 88
67 73 67 73
40 47 40 43 47
5 15 5 7 15
35 66 35 59 66
18 38 18 34 38
34 67 34 48 58 67
31 79 31 39 41 50 79
29 87 29 70 72 87
47 84 47 53 59 66 78 84
37 78 37 62 72 78
61 88 61 75 82 87 88
7 26 7 15 26
39 84 39 58 61 64 71 84
38 51 38 41 49 51
58 81 58 61 75 78 81
26 64 26 40 64
36 85 36 66 71 82 85
23 38 23 25 38
28 82 28 82
5 44 5 6 44
3 48 3 33 37 48
8 82 8 33 78 80 82
27 76 27 53 59 69 76
4 21 4 8 9 13 14 19 21
6 79 6 79
17 45 17 26 30 34 45
13 39 13 26 30 39
14 44 14 34 44
1 83 1 26 28 64 80 83
49 81 49 59 64 81
10 63 10 63
42 64 42 64
27 75 27 44 61 75
16 57 16 38 41 57
43 55 43 44 55
7 87 7 62 74 82 87
17 60 17 34 38 42 46 49 51 60
8 77 8 40 60 66 77
47 72 47 53 58 67 72
45 63 45 57 63
82 87 82 87
21 30 21 26 30
30 32 30 32
34 46 34 46
25 40 25 40
35 82 35 39 60 69 76 82
10 30 10 24 30
35 84 35 56 62 72 78 84
62 83 62 70 71 83
3 21 3 15 21
25 60 25 33 51 60
57 65 57 63 65
11 50 11 33 39 41 50
13 48 13 48
14 59 14 31 39 41 49 51 59
63 66 63 66
16 87 16 87
82 85 82 85
22 78 22 43 75 78
36 85 36 60 66 78 80 82 85
39 65 39 57 63 65
13 30 13 26 30
41 64 41 50 58 64
13 23 13 16 23
47 53 47 53
0 67 0 43 44 55 58 67
9 49 9 46 49
35 69 35 43 47 53 59 69
27 84 27 72 84
77 88 77 87 88
29 43 29 36 43
26 84 26 30 41 53 59 71 84
57 78 57 78
53 71 53 58 64 71
21 58 21 42 46 49 51 58
3 64 3 14 42 59 64
6 15 6 15
8 67 8 28 35 39 46 49 51 58 67
3 60 3 14 28 35 41 49 51 60
1 37 1 26 28 37
33 55 33 37 40 43 44 55
17 82 17 34 38 49 76 82
18 61 18 21 26 30 32 48 58 61
51 60 51 60
18 22 18 22
13 33 13 14 25 33
21 73 21 40 42 51 58 67 73
11 54 11 21 26 30 32 48 54
53 80 53 58 67 78 80
17 57 17 25 57
54 80 54 80
67 89 67 77 89
4 77 4 13 24 52 77
7 32 7 32
37 78 37 48 61 66 78
31 89 31 89
12 89 12 75 78 80 81 83 89
78 84 78 84
8 53 8 40 43 44 53
0 54 0 24 33 37 48 54
13 67 13 26 55 58 67
2 70 2 14 42 70
34 49 34 38 49
0 24 0 10 24
43 77 43 52 77
23 63 23 25 62 63
4 21 4 13 14 21
3 82 3 82
62 80 62 63 66 78 80
28 51 28 37 51
56 69 56 64 69
75 85 75 80 82 85
64 86 64 80 83 86
4 69 4 21 58 68 69
27 45 27 34 45
38 87 38 60 69 76 82 87
46 64 46 49 51 58 64
34 79 34 38 63 79
43 67 43 47 67
30 57 30 44 55 57
6 70 6 44 55 70
6 40 6 24 29 36 37 40
2 59 2 31 39 46 49 59
13 86 13 26 40 63 79 83 86
15 58 15 58
6 16 6 16
19 59 19 21 26 28 46 49 59
15 52 15 26 28 35 43 52
1 29 1 13 29
24 73 24 29 48 54 73
8 13 8 9 13
41 53 41 47 53
60 71 60 66 71
9 53 9 24 27 32 44 53
12 89 12 27 70 81 83 89
64 89 64 71 84 89
18 34 18 27 34
42 57 42 57
8 62 8 13 20 30 34 38 42 62
9 38 9 24 30 34 38
33 79 33 37 48 79
37 88 37 72 84 88
63 80 63 66 78 80
9 30 9 13 20 30
10 51 10 30 50 51
24 82 24 34 59 71 82
29 57 29 37 40 42 57
38 47 38 41 47
24 33 24 33
16 50 16 28 37 50
67 84 67 78 84
16 69 16 69
22 57 22 43 44 55 57
75 82 75 82
15 45 15 30 34 45
72 86 72 78 80 83 86
10 81 10 44 78 80 81
45 81 45 64 80 81
19 76 19 20 30 39 46 49 76
45 64 45 50 51 59 61 64
32 47 32 47
2 51 2 14 21 26 38 49 51
9 13 9 13
41 80 41 49 51 61 75 78 80
15 40 15 21 40
15 21 15 21
15 76 15 58 61 64 69 76
16 28 16 28
20 72 20 54 67 72
42 51 42 51
38 63 38 41 63
37 65 37 65
9 46 9 16 40 42 46
27 72 27 53 72
6 23 6 16 23
0 51 0 13 24 43 44 51
8 77 8 58 67 77
58 81 58 67 78 81
6 39 6 31 39
7 40 7 33 37 40
6 47 6 16 35 43 47
53 64 53 58 64
18 37 18 22 33 37
4 77 4 56 62 63 66 77
5 51 5 30 32 51
10 30 10 17 26 30
20 66 20 59 66
42 60 42 51 60
40 88 40 49 59 86 88
29 86 29 75 80 83 86
37 67 37 51 67
71 83 71 83
0 16 0 13 16
40 78 40 72 78
19 21 19 21
12 66 12 66
0 28 0 17 20 23 28
14 20 14 19 20
22 33 22 33
44 87 44 78 81 82 87
58 76 58 68 69 76
31 61 31 39 46 49 51 59 61
4 36 4 13 29 36
63 82 63 82
29 57 29 57
13 80 13 63 80
5 63 5 32 44 63
31 73 31 43 52 67 73
43 68 43 64 68
44 81 44 53 80 81
31 84 31 43 75 78 84
79 81 79 81
32 88 32 86 88
55 69 55 58 64 68 69
72 83 72 78 80 83
5 25 5 7 25
6 18 6 18
10 44 10 44
63 71 63 66 71
61 85 61 75 82 85
9 57 9 20 32 44 55 57
84 88 84 88
76 85 76 82 85
53 71 53 59 71
8 88 8 88
19 52 19 43 52
58 61 58 61
6 25 6 16 23 25
38 42 38 42
35 41 35 41
41 57 41 57
1 28 1 7 28
36 59 36 37 40 51 59
41 63 41 63
1 13 1 2 9 13
20 88 20 74 82 87 88
17 33 17 20 23 25 33
41 86 41 70 71 83 86
15 40 15 26 40
8 41 8 34 38 41
11 20 11 20
42 66 42 51 58 61 66
5 66 5 24 55 58 61 66
19 55 19 20 30 44 55
72 86 72 86
23 64 23 32 48 52 64
55 63 55 63
6 57 6 24 27 32 44 55 57
37 59 37 48 54 59
23 66 23 28 46 49 51 58 61 66
16 48 16 28 37 48
1 30 1 26 30
30 61 30 53 59 61
41 72 41 50 58 67 72
0 46 0 13 28 39 46
11 65 11 59 61 64 65
58 83 58 67 72 78 81 83
57 63 57 63
7 22 7 15 22
30 41 30 34 38 41
72 80 72 78 80
63 89 63 66 78 81 83 89
11 18 11 18
6 16 6 16
42 62 42 62
6 50 6 15 22 33 39 41 50
14 48 14 30 34 48
5 79 5 44 55 79
0 86 0 67 72 78 81 83 86
6 50 6 21 26 28 35 41 50
6 26 6 21 26
22 86 22 31 43 52 83 86
26 48 26 28 37 48
20 49 20 39 41 49
5 81 5 7 39 46 49 51 59 66 78 80 81
19 51 19 33 51
17 26 17 26
5 51 5 7 42 46 49 51
0 52 0 24 32 48 52
8 42 8 33 37 40 42
41 53 41 53
41 61 41 53 58 61
50 51 50 51
6 81 6 54 75 80 81
36 37 36 37
4 8 4 8
20 35 20 23 28 35
2 54 2 9 24 30 32 48 54
15 61 15 58 61
45 84 45 61 64 71 84
4 52 4 13 16 40 43 52
58 81 58 78 80 81
41 69 41 47 53 58 64 69
38 70 38 41 70
26 28 26 28
20 82 20 39 46 49 69 76 82
31 51 31 43 44 51
35 56 35 56
30 44 30 44
42 70 42 70
5 31 5 7 15 22 31
55 70 55 70
1 49 1 37 49
14 27 14 19 27
22 60 22 43 46 49 51 60
68 85 68 74 85
28 88 28 78 80 82 87 88
17 20 17 20
6 48 6 21 26 30 48
1 7 1 7
0 74 0 53 59 61 64 68 74
3 80 3 21 42 57 72 78 80
25 55 25 33 37 40 43 44 55
10 48 10 24 29 36 48
21 51 21 26 40 51
51 74 51 61 64 68 74
15 21 15 21
0 29 0 27 29
12 24 12 24
27 70 27 29 43 62 70
11 21 11 21
75 87 75 82 87
56 87 56 64 71 82 87
42 82 42 64 82
28 58 28 46 49 51 58
23 82 23 55 61 64 82
61 75 61 75
44 74 44 64 68 74
5 61 5 30 54 59 61
82 88 82 85 88
44 57 44 55 57
25 57 25 33 37 40 42 57
30 34 30 34
16 73 16 29 48 54 67 73
32 78 32 66 78
13 63 13 28 35 39 57 63
18 59 18 19 20 39 41 59
9 62 9 16 31 56 62
0 75 0 20 55 61 75
33 84 33 39 57 78 84
51 75 51 58 61 75
19 61 19 20 40 49 59 61
53 81 53 72 78 81
33 75 33 37 51 61 75
10 83 10 60 78 80 83
79 86 79 83 86
57 83 57 80 83
34 83 34 44 81 83
18 58 18 27 32 51 58
45 84 45 75 78 84
4 63 4 8 40 63
61 83 61 64 71 83
12 20 12 17 20
12 25 12 17 20 23 25
16 80 16 48 72 78 80
15 70 15 21 26 40 42 70
72 86 72 78 80 81 83 86
37 62 37 40 43 62
10 30 10 24 30
11 50 11 20 23 25 33 39 41 50
15 74 15 22 34 38 41 49 59 64 68 74
10 52 10 52
45 57 45 57
4 85 4 85
38 51 38 42 46 49 51
61 64 61 64
1 7 1 7
3 66 3 33 51 61 66
23 38 23 25 38
14 64 14 34 45 50 51 64
83 89 83 89
8 74 8 34 45 50 51 64 68 74
44 60 44 51 60
27 52 27 52
62 77 62 63 66 77
40 89 40 64 81 83 89
56 69 56 64 68 69
58 67 58 67
1 89 1 72 84 89
83 88 83 88
22 52 22 34 48 52
35 41 35 39 41
40 51 40 51
59 88 59 69 88
45 71 45 54 71
8 88 8 9 46 49 77 88
56 85 56 78 85
40 63 40 43 62 63
30 76 30 49 59 61 64 68 69 76
25 80 25 61 66 78 80
30 65 30 34 47 53 59 61 64 65
2 38 2 23 25 38
29 53 29 43 47 53
7 39 7 26 30 39
13 46 13 46
40 46 40 42 46
67 78 67 72 78
4 69 4 41 68 69
20 30 20 26 30
13 49 13 49
50 79 50 79
17 37 17 29 37
7 89 7 49 51 64 71 84 89
28 37 28 37
11 44 11 33 37 40 43 44
35 69 35 43 52 64 68 69
5 21 5 6 18 19 21
38 60 38 42 46 49 51 60
55 66 55 57 63 66
2 70 2 13 26 55 70
15 60 15 22 33 39 46 49 51 60
12 60 12 60
43 53 43 47 53
40 89 40 49 59 64 81 83 89
21 50 21 26 30 50
44 79 44 63 79
11 35 11 20 23 35
51 59 51 59
20 54 20 23 37 48 54
1 20 1 2 13 20
11 25 11 20 23 25
21 73 21 40 49 51 73
9 82 9 17 52 78 81 82
7 61 7 25 38 49 51 59 61
52 72 52 67 72
28 61 28 41 59 61
70 72 70 72
29 59 29 48 54 59
26 69 26 28 58 64 68 69
14 55 14 34 55
14 53 14 30 53
17 74 17 20 26 55 57 74
63 80 63 79 80
6 31 6 31
59 84 59 64 71 84
48 83 48 58 61 64 71 83
48 88 48 61 64 88
31 87 31 68 74 82 87
43 87 43 80 82 87
53 80 53 58 78 80
28 51 28 39 41 49 51
3 24 3 9 24
34 50 34 38 41 50
0 86 0 79 86
5 44 5 37 40 43 44
6 29 6 18 19 27 29
36 37 36 37
57 66 57 63 66
7 88 7 73 88
17 45 17 26 30 34 45
16 37 16 24 27 29 36 37
5 88 5 88
9 71 9 46 49 59 64 71
3 32 3 27 32
36 80 36 67 72 78 80
14 84 14 21 26 75 78 84
52 87 52 67 82 87
22 72 22 72
14 36 14 19 27 29 36
14 61 14 19 21 59 61
26 76 26 42 59 61 64 69 76
57 84 57 72 84
37 40 37 40
20 23 20 23
30 75 30 44 53 59 61 75
71 88 71 83 88
12 89 12 24 33 51 64 80 81 83 89
63 66 63 66
5 21 5 6 18 19 21
6 56 6 18 21 26 28 35 56
1 60 1 26 38 60
4 13 4 8 9 13
40 75 40 51 59 61 75
3 77 3 33 37 51 59 61 66 77
20 23 20 23
26 73 26 28 41 50 51 67 73
51 59 51 59
59 65 59 65
23 28 23 28
18 22 18 22
5 34 5 30 34
22 33 22 33
58 85 58 85
27 53 27 32 53
16 73 16 38 49 51 58 73
14 76 14 68 69 76
27 81 27 53 58 78 80 81
6 31 6 15 22 31
41 81 41 78 80 81
37 84 37 59 61 75 78 84
46 68 46 49 51 59 61 64 68
52 89 52 67 78 84 89
0 78 0 47 67 78
41 70 41 70
36 73 36 50 58 67 73
26 55 26 30 32 44 55
24 52 24 34 48 52
33 61 33 39 41 53 59 61
8 69 8 41 49 59 61 64 69
0 13 0 13
20 82 20 71 82
12 84 12 41 57 78 84
1 20 1 13 20
26 67 26 40 49 51 58 67
50 51 50 51
51 81 51 59 61 64 80 81
15 78 15 30 50 58 78
8 80 8 13 64 80
45 61 45 61
18 75 18 21 40 51 58 61 75
59 64 59 61 64
0 44 0 13 20 40 43 44
54 72 54 72
11 85 11 21 59 69 76 82 85
59 69 59 61 64 68 69
16 75 16 31 43 75
16 27 16 24 27
33 37 33 37
8 82 8 34 47 53 82
37 60 37 51 60
45 64 45 50 51 61 64
19 56 19 56
54 67 54 67
17 79 17 34 55 57 63 79
17 26 17 20 26
13 46 13 24 30 34 46
40 78 40 42 62 70 72 78
6 74 6 68 74
1 39 1 39
1 43 1 2 9 24 33 37 40 43
78 84 78 84
23 57 23 28 41 57
76 88 76 82 85 88
2 77 2 13 49 59 66 77
19 69 19 43 52 64 69
5 42 5 30 34 38 42
2 81 2 13 36 80 81
20 72 20 30 48 58 67 72
6 44 6 44
42 65 42 46 49 59 61 64 65
37 59 37 49 51 59
49 76 49 76
37 44 37 40 43 44
50 58 50 58
8 33 8 9 17 20 23 25 33
50 82 50 59 64 82
26 68 26 28 64 68
29 69 29 43 52 64 69
43 80 43 44 79 80
47 72 47 67 72
70 81 70 80 81
55 78 55 61 66 78
17 45 17 26 30 34 45
38 67 38 49 51 58 67
6 40 6 27 29 36 37 40
57 80 57 78 80
11 70 11 20 32 44 55 70
11 23 11 20 23
13 39 13 24 30 39
9 32 9 32
16 37 16 24 27 29 36 37
48 78 48 58 61 75 78
14 78 14 19 56 78
9 39 9 24 30 39
33 53 33 39 41 47 53
4 32 4 30 32
13 83 13 20 39 57 63 79 83
48 76 48 61 64 68 69 76
25 69 25 61 64 69
1 18 1 2 18
3 66 3 58 61 66
67 73 67 73
62 83 62 70 72 78 80 81 83
18 67 18 22 33 49 51 67
26 68 26 40 51 58 68
4 69 4 41 49 51 61 64 68 69
4 61 4 8 28 35 41 47 61
48 82 48 75 82
1 58 1 13 48 58
15 52 15 21 26 28 35 43 52
48 72 48 58 67 72
6 17 6 17
8 19 8 9 13 14 19
30 84 30 54 78 84
43 64 43 44 61 64
36 66 36 37 51 60 66
10 71 10 17 29 70 71
20 46 20 26 40 42 46
21 71 21 70 71
64 86 64 86
12 58 12 27 32 47 53 58
6 77 6 44 55 67 77
41 49 41 49
80 81 80 81
11 31 11 18 22 31
15 41 15 22 33 39 41
32 83 32 83
28 43 28 37 40 43
1 16 1 2 9 13 16
15 33 15 22 25 33
9 14 9 13 14
7 47 7 38 41 47
16 23 16 23
7 47 7 40 43 47
59 84 59 66 71 84
11 38 11 18 21 26 30 34 38
16 35 16 28 35
40 74 40 64 68 74
0 46 0 10 34 46
13 83 13 46 49 72 78 80 83
20 82 20 71 82
13 75 13 26 75
3 33 3 23 25 33
8 54 8 34 48 54
23 75 23 55 61 75
50 74 50 58 68 74
5 7 5 7
86 88 86 88
54 75 54 59 61 75
33 49 33 49
4 61 4 49 51 61
16 27 16 24 27
17 57 17 29 36 55 57
13 88 13 16 87 88
70 81 70 72 78 81
5 23 5 7 14 19 20 23
15 30 15 21 26 30
31 83 31 39 41 66 71 83
15 28 15 26 28
2 63 2 63
8 13 8 9 13
53 66 53 59 61 66
8 77 8 40 60 66 77
6 86 6 21 70 71 83 86
10 24 10 24
6 26 6 21 26
42 49 42 46 49
5 88 5 36 50 67 82 87 88
0 24 0 24
24 75 24 30 34 48 54 59 61 75
1 68 1 3 58 64 68
4 52 4 8 34 48 52
15 47 15 30 41 47
45 81 45 52 64 81
32 88 32 48 61 64 86 88
52 64 52 64
61 86 61 83 86
43 87 43 87
9 30 9 17 20 26 30
10 57 10 32 44 55 57
2 38 2 18 20 26 30 34 38
34 62 34 38 42 62
25 49 25 38 41 49
15 79 15 25 57 63 79
24 29 24 27 29
8 67 8 40 42 51 67
51 68 51 64 68
11 57 11 35 39 57
10 58 10 32 51 58
47 71 47 61 64 71
20 52 20 23 32 48 52
0 29 0 24 27 29
42 49 42 46 49
35 61 35 41 59 61
0 80 0 53 80
34 38 34 38
35 76 35 69 76
6 16 6 16
2 78 2 78
54 72 54 72
28 89 28 49 77 89
0 46 0 43 46
59 82 59 64 71 82
28 77 28 77
70 71 70 71
4 13 4 13
17 37 17 25 33 37
69 88 69 87 88
39 71 39 41 63 66 71
71 85 71 82 85
37 72 37 50 67 72
6 81 6 54 78 80 81
18 85 18 20 49 59 66 78 80 82 85
36 69 36 60 69
58 66 58 61 66
6 55 6 44 55
7 57 7 40 43 44 55 57
52 78 52 78
16 53 16 38 41 47 53
15 74 15 46 49 51 64 68 74
19 70 19 62 70
13 32 13 16 23 32
15 85 15 25 85
5 52 5 36 43 52
45 71 45 52 64 71
15 61 15 22 25 40 49 51 58 61
37 63 37 40 42 62 63
4 28 4 8 9 17 20 23 28
37 66 37 48 61 66
63 88 63 88
11 34 11 18 21 26 30 34
75 86 75 80 83 86
60 87 60 82 87
36 89 36 67 72 84 89
39 81 39 46 49 51 58 61 66 78 80 81
6 78 6 40 60 78
5 23 5 6 18 19 20 23
17 74 17 51 59 64 68 74
33 75 33 51 59 61 75
34 53 34 47 53
28 77 28 39 41 63 66 77
33 39 33 39
44 85 44 63 66 78 80 82 85
33 51 33 37 40 51
30 79 30 44 79
54 76 54 59 69 76
12 24 12 24
12 49 12 37 49
26 76 26 76
32 78 32 58 61 66 78
10 20 10 17 20
62 79 62 63 79
6 67 6 54 67
33 52 33 52
18 55 18 21 26 55
33 48 33 37 48
30 80 30 80
18 79 18 21 42 62 63 79
22 65 22 59 61 64 65
37 65 37 52 64 65
36 66 36 55 63 66
24 62 24 27 34 38 42 62
41 81 41 72 78 81
7 33 7 14 19 20 23 25 33
57 82 57 72 82
16 31 16 31
49 84 49 51 59 64 71 84
1 41 1 7 38 41
35 57 35 43 44 55 57
38 53 38 41 47 53
75 81 75 78 80 81
54 77 54 67 77
4 52 4 23 32 48 52
35 84 35 56 64 71 84
34 73 34 67 73
13 70 13 20 56 62 70
12 24 12 24
4 82 4 82
53 89 53 77 89
3 53 3 37 40 43 44 53
49 78 49 51 59 61 66 78
16 55 16 28 35 43 44 55
5 15 5 7 15
0 16 0 13 16
69 85 69 76 82 85
51 80 51 60 78 80
1 82 1 68 69 76 82
61 75 61 75
28 43 28 37 40 43
15 71 15 22 64 71
18 73 18 34 47 67 73
15 47 15 26 40 43 47
10 67 10 48 58 67
21 50 21 26 30 41 50
44 55 44 55
53 82 53 59 66 71 82
2 63 2 57 63
0 37 0 10 24 29 36 37
33 43 33 37 40 43
0 46 0 17 29 43 46
23 85 23 37 72 78 80 81 82 85
37 62 37 40 62
28 51 28 49 51
30 58 30 39 58
25 85 25 85
30 72 30 48 72
15 80 15 22 62 63 66 78 80
27 84 27 54 59 61 64 71 84
2 30 2 9 17 20 30
7 45 7 27 34 45
57 82 57 82
31 89 31 56 78 81 83 89
19 48 19 30 34 48
18 46 18 19 43 46
79 86 79 86
1 45 1 13 26 30 34 45
72 80 72 78 80
55 75 55 58 61 75
15 61 15 46 49 51 59 61
40 60 40 60
32 88 32 53 72 87 88
26 59 26 30 48 54 59
58 68 58 61 64 68
20 55 20 30 44 55
20 49 20 23 49
27 51 27 29 37 49 51
54 75 54 75
1 30 1 26 30
11 70 11 27 34 38 70
62 66 62 63 66
13 43 13 20 40 43
18 31 18 22 31
39 70 39 41 70
0 85 0 59 69 76 82 85
10 34 10 34
27 44 27 34 44
14 58 14 28 58
60 86 60 86
55 78 55 63 66 78
40 76 40 64 69 76
36 66 36 66
18 84 18 59 71 84
4 77 4 21 26 67 77
8 41 8 9 16 38 41
32 44 32 44
52 87 52 67 77 87
25 85 25 74 82 85
7 57 7 29 43 44 55 57
16 30 16 24 30
58 87 58 77 87
36 61 36 43 47 53 58 61
6 89 6 44 55 89
21 79 21 42 57 63 79
45 68 45 54 59 61 64 68
44 74 44 64 68 74
56 87 56 78 80 81 82 87
28 69 28 46 49 69
26 77 26 28 46 77
6 48 6 21 26 30 48
51 65 51 64 65
13 14 13 14
23 78 23 55 63 66 78
34 59 34 54 59
13 46 13 26 30 39 46
41 50 41 50
35 66 35 56 62 63 66
1 53 1 13 29 37 40 43 47 53
0 27 0 13 14 19 27
6 72 6 17 34 50 58 67 72
0 40 0 13 14 28 37 40
7 63 7 26 28 35 43 62 63
66 89 66 78 80 81 83 89
0 71 0 47 53 58 64 71
30 85 30 50 82 85
27 57 27 44 55 57
12 27 12 27
21 57 21 40 42 57
24 39 24 33 39
1 16 1 2 9 16
35 64 35 41 47 53 58 64
53 87 53 77 87
5 49 5 6 15 22 33 46 49
16 69 16 38 41 53 58 68 69
21 58 21 58
60 86 60 86
32 83 32 58 67 72 78 81 83
70 72 70 72
24 76 24 30 68 69 76
23 84 23 78 84
13 86 13 16 50 67 72 78 80 81 83 86
6 82 6 37 40 49 59 64 82
1 75 1 58 61 75
18 21 18 19 21
54 73 54 67 73
30 72 30 53 58 67 72
26 68 26 30 39 46 49 51 59 64 68
30 57 30 44 55 57
31 86 31 43 62 70 71 83 86
25 79 25 38 42 57 63 79
5 75 5 36 55 61 75
32 59 32 51 59
36 67 36 50 51 67
52 87 52 64 69 76 82 87
44 81 44 53 59 66 78 80 81
22 66 22 31 43 46 49 51 60 66
33 46 33 46
66 77 66 77
48 75 48 75
19 27 19 27
0 83 0 13 26 28 64 81 83
8 21 8 13 14 19 21
27 86 27 79 83 86
24 86 24 32 71 83 86
28 87 28 41 50 59 71 82 87
58 67 58 67
14 42 14 19 26 28 37 40 42
6 17 6 17
15 74 15 26 38 41 59 64 68 74
18 89 18 72 84 89
24 83 24 55 67 72 78 80 83
43 69 43 47 61 64 69
41 72 41 49 51 58 67 72
70 88 70 80 81 83 86 88
11 64 11 58 61 64
43 67 43 44 55 67
3 79 3 21 40 42 57 63 79
27 29 27 29
57 78 57 63 66 78
22 43 22 43
15 60 15 26 30 44 60
35 82 35 76 82
9 77 9 24 33 49 51 67 77
43 44 43 44
17 69 17 60 69
18 76 18 21 40 60 69 76
37 62 37 40 42 62
4 79 4 13 63 79
15 65 15 46 49 51 58 61 64 65
25 38 25 38
45 81 45 67 78 81
23 80 23 66 78 80
57 65 57 63 65
56 71 56 62 63 66 71
6 51 6 44 51
12 37 12 26 28 37
2 51 2 23 44 51
25 63 25 33 37 62 63
27 62 27 34 38 42 62
44 76 44 61 64 69 76
23 81 23 28 39 57 80 81
5 89 5 75 78 84 89
17 43 17 20 26 40 43
5 24 5 24
0 27 0 27
23 82 23 68 74 82
10 60 10 60
37 58 37 49 51 58
26 65 26 38 63 65
60 88 60 82 87 88
6 17 6 17
3 34 3 9 13 20 26 30 34
7 41 7 38 41
6 23 6 16 23
8 86 8 41 63 79 83 86
32 47 32 47
23 86 23 25 71 83 86
43 86 43 46 49 72 78 80 81 83 86
20 57 20 40 42 57
23 32 23 32
36 48 36 48
5 6 5 6
48 87 48 61 66 71 82 87
81 83 81 83
16 62 16 23 25 38 42 62
40 77 40 60 66 77
16 50 16 27 29 36 37 50
6 39 6 24 33 39
34 70 34 44 55 70
12 38 12 26 38
25 84 25 79 84
3 34 3 15 21 26 30 34
14 60 14 30 32 44 60
46 85 46 49 69 76 82 85
4 74 4 49 59 61 64 68 74
0 53 0 24 34 47 53
15 87 15 25 61 66 78 81 82 87
20 32 20 23 32
25 82 25 74 82
62 82 62 70 71 82
45 54 45 54
36 66 36 59 66
30 54 30 54
16 47 16 38 41 47
2 77 2 33 46 49 77
82 88 82 85 88
23 71 23 32 47 53 58 61 64 71
38 77 38 49 77
64 71 64 71
49 67 49 51 58 67
12 78 12 26 67 72 78
16 37 16 28 37
12 58 12 37 49 51 58
34 52 34 48 52
20 88 20 56 78 84 88
30 58 30 34 44 53 58
30 85 30 32 71 82 85
45 68 45 64 68
22 25 22 25
43 64 43 46 49 51 61 64
12 77 12 41 50 59 66 77
27 47 27 29 36 43 47
31 68 31 43 52 64 68
28 64 28 39 41 59 61 64
33 59 33 37 50 59
23 87 23 81 82 87
3 30 3 30
75 82 75 82
45 50 45 50
64 89 64 71 84 89
37 40 37 40
35 79 35 63 79
13 28 13 14 21 26 28
18 70 18 27 29 37 40 43 44 55 70
10 39 10 17 33 39
21 54 21 26 30 32 48 54
44 86 44 53 59 66 71 83 86
31 79 31 56 62 63 79
41 79 41 50 79
18 46 18 34 38 42 46
44 64 44 51 58 61 64
12 86 12 45 55 67 78 80 81 83 86
75 89 75 78 81 83 89
25 60 25 40 51 60
36 89 36 80 83 89
2 63 2 18 27 41 63
3 53 3 9 32 47 53
4 87 4 21 58 77 87
60 76 60 69 76
4 89 4 13 60 66 71 84 89
60 86 60 86
82 87 82 87
33 62 33 62
44 81 44 61 66 78 81
35 64 35 41 59 61 64
35 50 35 41 50
24 43 24 33 37 40 43
35 84 35 41 59 66 71 84
34 54 34 45 54
13 33 13 20 23 25 33
54 59 54 59
42 73 42 51 73
4 77 4 8 33 51 59 61 66 77
16 36 16 27 29 36
18 38 18 22 34 38
36 73 36 67 73
7 28 7 15 21 26 28
58 83 58 61 75 83
6 60 6 17 34 46 49 51 60
5 67 5 25 38 41 50 67
3 84 3 9 71 84
26 28 26 28
3 21 3 14 21
26 76 26 38 42 64 68 69 76
12 23 12 17 20 23
75 87 75 82 87
72 88 72 84 88
55 69 55 61 64 69
12 77 12 60 66 77
47 58 47 53 58
39 81 39 46 49 51 64 80 81
72 85 72 82 85
39 60 39 41 50 51 60
18 74 18 59 64 68 74
25 81 25 61 75 80 81
23 84 23 78 84
8 60 8 40 43 44 51 60
50 61 50 58 61
25 50 25 35 41 50
22 25 22 25
29 75 29 36 37 50 51 58 61 75
28 37 28 37
4 52 4 23 25 40 43 52
48 78 48 52 78
25 81 25 35 39 41 72 78 81
10 67 10 67
35 72 35 39 46 49 51 58 67 72
8 33 8 13 24 33
11 89 11 27 53 80 81 83 89
15 30 15 30
23 66 23 35 59 61 66
32 52 32 48 52
19 33 19 33
35 61 35 59 61
22 43 22 33 37 40 43
37 51 37 49 51
32 85 32 53 72 78 81 82 85
34 66 34 48 61 66
43 67 43 52 67
28 43 28 37 40 43
8 13 8 13
11 35 11 21 26 28 35
5 89 5 52 83 89
5 51 5 44 51
19 59 19 33 49 59
0 82 0 52 64 69 76 82
46 84 46 49 59 66 78 84
6 15 6 15
60 88 60 69 88
18 46 18 20 23 35 39 46
52 87 52 64 69 76 82 87
16 25 16 23 25
46 64 46 49 59 64
22 54 22 25 33 37 48 54
11 37 11 20 26 28 37
61 81 61 64 81
47 75 47 53 59 61 75
31 57 31 43 44 55 57
57 83 57 78 81 83
62 74 62 74
17 81 17 29 43 70 80 81
20 73 20 73
45 61 45 61
18 84 18 20 23 44 60 78 84
8 28 8 9 13 16 28
37 88 37 52 78 80 81 83 88
17 84 17 58 61 75 78 84
15 80 15 26 40 43 46 49 51 64 80
37 72 37 52 67 72
18 42 18 19 33 37 40 42
69 85 69 76 82 85
30 65 30 44 64 65
3 76 3 27 34 55 61 64 68 69 76
54 86 54 59 71 83 86
79 86 79 86
0 48 0 10 24 30 32 48
59 77 59 66 77
57 80 57 72 78 80
21 70 21 70
80 82 80 82
5 71 5 32 44 63 66 71
8 21 8 9 13 14 19 21
75 85 75 82 85
6 71 6 62 63 66 71
22 73 22 31 39 46 49 51 73
81 87 81 82 87
3 82 3 18 22 31 43 52 71 82
19 75 19 21 40 43 46 49 59 61 75
7 54 7 32 48 54
39 49 39 41 49
48 72 48 58 67 72
21 53 21 40 43 44 53
44 79 44 63 79
36 85 36 59 69 76 82 85
12 71 12 27 53 58 61 66 71
51 58 51 58
13 86 13 83 86
26 80 26 30 34 48 52 80
5 36 5 6 18 19 27 29 36
54 88 54 83 88
13 45 13 14 21 26 30 34 45
0 52 0 48 52
50 61 50 51 58 61
14 86 14 25 81 83 86
11 75 11 20 30 54 75
36 65 36 48 54 59 65
1 13 1 2 9 13
54 71 54 59 64 71
1 68 1 13 36 50 51 61 64 68
22 45 22 34 45
36 76 36 43 52 64 69 76
28 73 28 37 51 58 67 73
49 69 49 59 69
5 52 5 30 48 52
20 39 20 39
58 73 58 73
79 80 79 80
20 48 20 32 48
9 60 9 16 27 34 50 51 60
19 43 19 20 26 28 37 40 43
24 32 24 27 32
8 19 8 9 13 14 19
11 35 11 35
48 61 48 54 59 61
40 77 40 62 63 66 77
25 89 25 33 67 77 89
7 26 7 15 21 26
75 85 75 78 85
12 66 12 41 47 53 59 61 66
21 89 21 70 81 83 89
24 88 24 64 80 82 85 88
21 68 21 26 68
26 75 26 42 59 61 75
59 69 59 64 68 69
80 88 80 83 88
28 61 28 35 59 61
18 79 18 19 62 63 79
67 89 67 72 84 89
9 46 9 29 36 37 40 43 46
9 24 9 16 24
48 82 48 52 64 81 82
72 83 72 78 81 83
52 68 52 64 68
11 80 11 33 67 72 78 80
4 61 4 30 48 58 61
35 39 35 39
40 72 40 51 67 72
80 81 80 81
16 35 16 28 35
22 72 22 33 37 72
35 79 35 41 50 79
5 37 5 37
62 72 62 72
15 58 15 21 58
3 59 3 18 59
25 61 25 61
8 58 8 9 50 58
4 30 4 30
47 77 47 67 77
16 47 16 27 41 47
56 78 56 62 72 78
24 75 24 33 61 75
61 68 61 64 68
14 53 14 30 44 53
11 32 11 27 32
70 88 70 80 83 88
4 72 4 49 72
12 63 12 37 40 43 44 63
33 64 33 61 64
44 60 44 60
8 62 8 62
23 71 23 55 63 66 71
43 86 43 64 80 83 86
50 58 50 51 58
83 89 83 89
34 81 34 46 49 51 59 64 81
51 89 51 89
15 41 15 25 38 41
23 41 23 25 33 39 41
43 60 43 46 49 51 60
7 73 7 33 67 73
16 38 16 24 34 38
15 22 15 22
49 81 49 72 78 81
11 65 11 18 21 42 57 65
51 74 51 61 64 68 74
13 46 13 36 43 46
26 58 26 42 51 58
35 72 35 72
35 57 35 39 41 57
62 82 62 63 82
57 82 57 72 82
35 47 35 41 47
38 85 38 49 85
16 75 16 28 46 49 59 61 75
40 82 40 76 82
33 81 33 67 78 80 81
33 79 33 39 41 63 79
19 72 19 62 70 72
8 86 8 13 48 72 86
58 76 58 61 64 69 76
22 33 22 33
7 74 7 32 47 53 58 68 74
34 74 34 74
35 74 35 56 62 74
35 43 35 43
31 86 31 56 62 70 81 83 86
70 72 70 72
43 49 43 46 49
51 87 51 67 82 87
24 76 24 33 61 64 69 76
37 50 37 50
15 52 15 22 33 37 48 52
56 87 56 82 87
35 43 35 43
43 70 43 62 70
57 81 57 63 79 81
35 39 35 39
15 64 15 21 42 46 49 59 64
11 18 11 18
41 67 41 53 58 67
13 30 13 20 30
29 83 29 75 78 80 81 83
49 58 49 51 58
26 69 26 28 41 53 58 68 69
22 64 22 34 44 53 58 64
26 69 26 28 46 49 59 64 68 69
62 66 62 63 66
6 24 6 16 24
26 88 26 30 80 83 86 88
44 85 44 53 72 82 85
7 87 7 14 28 41 47 67 78 81 82 87
5 37 5 33 37
0 81 0 67 72 78 81
18 65 18 20 59 65
22 85 22 33 62 70 82 85
53 82 53 72 82
35 89 35 59 77 89
26 30 26 30
45 52 45 52
29 80 29 70 72 78 80
14 60 14 34 45 50 51 60
77 89 77 89
10 71 10 34 38 70 71
40 76 40 42 51 59 69 76
46 64 46 49 59 64
78 80 78 80
49 76 49 51 64 68 69 76
46 83 46 49 72 78 81 83
1 80 1 13 26 28 37 59 61 66 78 80
6 86 6 30 48 52 83 86
12 24 12 24
22 68 22 33 64 68
24 85 24 80 81 82 85
31 57 31 39 41 57
51 83 51 59 64 80 83
8 55 8 13 16 40 43 44 55
43 67 43 52 67
39 71 39 46 49 59 64 71
6 31 6 15 22 31
35 43 35 43
22 37 22 33 37
7 71 7 41 49 51 58 64 71
15 22 15 22
14 58 14 30 34 50 51 58
8 78 8 34 38 59 61 75 78
5 73 5 7 39 58 73
34 85 34 81 82 85
3 25 3 9 20 23 25
27 78 27 78
10 44 10 24 34 44
10 76 10 52 64 68 69 76
15 30 15 21 26 30
61 74 61 64 68 74
8 87 8 41 72 87
18 80 18 27 44 55 61 75 78 80
67 78 67 72 78
8 70 8 28 39 41 70
2 32 2 14 19 21 26 30 32
23 55 23 32 44 55
26 50 26 38 41 50
56 85 56 82 85
17 34 17 20 30 34
82 87 82 87
16 75 16 50 59 61 75
48 79 48 79
69 85 69 76 82 85
38 75 38 49 51 61 75
45 52 45 52
16 24 16 24
72 78 72 78
23 70 23 55 70
6 44 6 21 40 43 44
5 74 5 24 55 58 61 64 68 74
8 70 8 13 16 35 41 70
45 71 45 52 71
5 80 5 36 80
19 48 19 20 26 30 34 48
22 25 22 25
7 15 7 15
57 63 57 63
47 67 47 67
44 73 44 53 58 67 73
0 16 0 13 16
40 63 40 63
27 84 27 32 44 53 58 64 71 84
11 73 11 20 55 67 73
30 60 30 44 60
1 31 1 3 9 16 31
1 59 1 19 21 26 30 49 51 59
33 49 33 46 49
35 39 35 39
15 41 15 30 34 38 41
49 77 49 77
52 85 52 64 71 82 85
13 64 13 14 31 43 44 53 59 61 64
53 83 53 59 71 83
20 23 20 23
31 85 31 39 60 69 76 82 85
20 68 20 54 59 61 64 68
34 46 34 38 42 46
8 43 8 28 35 43
47 81 47 75 80 81
1 83 1 72 78 81 83
19 43 19 33 37 40 43
13 68 13 20 40 42 64 68
21 88 21 40 51 86 88
6 39 6 16 28 39
6 50 6 27 34 50
23 55 23 55
54 69 54 59 61 64 69
34 89 34 55 57 83 89
3 49 3 37 49
27 42 27 34 38 42
22 48 22 33 37 48
7 37 7 26 28 37
57 63 57 63
41 77 41 66 77
40 44 40 43 44
30 80 30 72 78 80
66 71 66 71
0 70 0 70
5 33 5 33
1 86 1 2 60 86
20 37 20 26 28 37
2 88 2 31 43 75 78 81 82 87 88
4 72 4 70 72
12 38 12 17 20 23 25 38
22 62 22 43 62
22 72 22 31 43 46 49 51 58 67 72
34 57 34 38 41 57
0 28 0 20 26 28
4 84 4 41 57 63 66 71 84
12 69 12 60 69
19 72 19 38 41 49 72
33 43 33 37 40 43
33 52 33 37 40 43 52
25 57 25 38 42 57
75 81 75 78 80 81
1 31 1 2 14 31
79 83 79 83
2 31 2 31
43 80 43 75 80
25 48 25 33 37 48
21 42 21 26 28 37 40 42
10 20 10 17 20
18 77 18 19 20 56 62 63 66 77
16 48 16 27 34 48
9 81 9 17 51 58 67 78 80 81
55 84 55 67 72 84
12 86 12 27 52 80 83 86
6 58 6 15 25 35 43 46 49 51 58
24 64 24 54 59 64
14 61 14 19 38 41 59 61
10 67 10 30 39 58 67
19 86 19 33 78 81 83 86
7 25 7 14 25
2 59 2 14 59
36 89 36 55 79 84 89
36 50 36 50
61 64 61 64
2 33 2 14 25 33
60 80 60 66 78 80
19 73 19 30 53 58 67 73
28 62 28 35 43 62
63 71 63 66 71
81 88 81 83 88
45 59 45 54 59
4 87 4 60 69 76 82 87
8 36 8 13 24 29 36
9 16 9 13 16
16 60 16 23 35 43 44 51 60
10 50 10 24 33 37 50
19 74 19 62 74
6 61 6 54 59 61
52 68 52 64 68
38 77 38 42 46 49 77
2 61 2 31 39 58 61
25 64 25 38 49 51 59 64
34 78 34 38 63 66 78
33 75 33 37 50 59 61 75
29 55 29 37 40 43 44 55
50 60 50 51 60
19 86 19 20 40 51 61 64 81 83 86
69 87 69 76 82 87
35 84 35 72 78 84
59 66 59 61 66
8 46 8 28 35 43 46
51 65 51 64 65
30 57 30 32 44 55 57
49 85 49 72 82 85
75 87 75 78 81 82 87
4 58 4 40 43 47 53 58
47 53 47 53
1 30 1 19 20 26 30
20 68 20 56 64 68
45 67 45 50 67
45 77 45 77
1 30 1 13 16 24 30
55 76 55 58 64 68 69 76
33 73 33 39 58 67 73
11 89 11 59 77 89
22 51 22 43 44 51
34 63 34 38 41 63
24 50 24 34 45 50
29 77 29 36 48 58 77
42 73 42 46 49 51 73
5 66 5 32 44 55 57 63 66
28 77 28 35 43 77
41 73 41 47 67 73
69 85 69 76 82 85
34 73 34 55 58 67 73
6 34 6 15 30 34
42 88 42 87 88
2 51 2 23 35 43 46 49 51
23 67 23 32 44 51 67
43 69 43 47 61 64 68 69
3 35 3 23 28 35
58 75 58 61 75
54 77 54 67 77
28 87 28 77 87
47 73 47 67 73
4 80 4 8 34 54 59 61 64 80
0 47 0 17 29 36 37 40 43 47
16 73 16 24 30 41 49 51 67 73
5 72 5 24 29 70 72
13 43 13 29 37 40 43
33 82 33 78 81 82
38 80 38 42 59 64 80
28 46 28 35 43 46
6 57 6 15 26 28 35 39 41 57
2 56 2 14 21 26 28 35 56
6 54 6 37 48 54
44 55 44 55
20 40 20 40
27 29 27 29
60 83 60 66 71 83
12 34 12 26 30 34
10 51 10 17 29 37 50 51
20 48 20 26 30 32 48
2 47 2 33 39 41 47
17 84 17 70 72 84
78 84 78 84
29 83 29 43 44 81 83
81 83 81 83
14 77 14 77
23 57 23 55 57
8 34 8 13 26 30 34
30 78 30 39 58 61 75 78
53 82 53 80 82
19 69 19 56 64 68 69
33 76 33 37 52 64 69 76
6 48 6 30 48
10 24 10 24
23 74 23 35 41 57 74
1 75 1 19 27 34 55 58 61 75
56 85 56 78 81 82 85
10 29 10 17 29
22 35 22 25 35
22 86 22 33 64 86
24 50 24 29 37 50
13 63 13 28 41 63
3 9 3 9
4 14 4 13 14
10 83 10 78 81 83
47 89 47 53 59 89
24 73 24 30 41 53 58 67 73
45 52 45 52
25 80 25 63 66 78 80
72 80 72 78 80
30 76 30 50 58 61 64 68 69 76
14 84 14 31 43 62 72 84
38 63 38 41 63
53 84 53 84
16 38 16 27 34 38
26 53 26 38 41 53
27 47 27 34 47
47 72 47 67 72
9 49 9 20 40 43 46 49
21 64 21 42 59 61 64
28 69 28 69
63 89 63 79 80 81 83 89
3 84 3 16 44 55 70 71 84
46 87 46 49 59 61 66 71 82 87
22 68 22 59 64 68
6 44 6 18 21 40 43 44
6 16 6 16
32 44 32 44
19 30 19 21 26 30
38 83 38 60 66 78 80 83
22 48 22 25 33 37 48
5 81 5 36 43 46 49 72 78 81
24 52 24 43 52
18 67 18 20 55 58 67
40 47 40 43 47
16 76 16 50 60 69 76
8 70 8 34 38 70
53 81 53 58 67 78 81
1 35 1 26 28 35
13 49 13 28 41 49
60 88 60 78 81 82 85 88
14 79 14 25 38 42 57 63 79
6 74 6 21 26 55 58 68 74
4 20 4 8 9 20
23 35 23 35
20 59 20 49 51 59
31 39 31 39
55 63 55 63
2 64 2 18 34 48 61 64
43 77 43 44 60 66 77
2 23 2 13 20 23
12 69 12 32 58 64 68 69
36 59 36 43 47 53 59
39 81 39 58 61 64 80 81
53 58 53 58
2 86 2 63 83 86
13 16 13 16
18 33 18 22 25 33
6 68 6 37 59 64 68
28 68 28 39 41 47 53 59 64 68
58 88 58 85 88
5 66 5 25 38 41 49 59 61 66
14 31 14 31
0 70 0 45 70
22 62 22 25 62
13 49 13 26 30 41 49
7 89 7 62 72 84 89
14 53 14 21 40 43 47 53
31 83 31 56 62 63 83
62 70 62 70
19 87 19 27 79 80 82 87
11 62 11 35 56 62
16 86 16 50 58 78 81 83 86
47 89 47 80 83 89
17 25 17 25
41 76 41 49 51 59 64 68 69 76
2 17 2 9 17
19 27 19 27
38 51 38 41 49 51
10 42 10 30 34 38 42
61 85 61 64 69 76 82 85
49 65 49 59 64 65
2 56 2 56
2 51 2 33 51
26 42 26 30 34 38 42
27 60 27 44 60
35 52 35 43 52
58 83 58 61 75 78 80 83
63 71 63 66 71
18 58 18 19 30 39 58
37 58 37 40 42 46 49 51 58
6 55 6 40 43 44 55
1 19 1 19
7 37 7 27 29 37
70 86 70 71 83 86
78 82 78 80 82
10 73 10 44 73
16 53 16 23 25 38 41 47 53
29 83 29 43 80 83
44 55 44 55
6 60 6 24 29 37 49 51 60
80 88 80 83 88
26 81 26 80 81
23 77 23 37 62 63 66 77
46 88 46 88
19 87 19 56 82 87
1 89 1 89
79 87 79 81 82 87
40 68 40 64 68
24 78 24 30 34 55 67 72 78
2 41 2 18 34 38 41
23 80 23 70 80
27 63 27 44 55 63
63 82 63 79 81 82
43 60 43 46 49 51 60
71 83 71 83
17 26 17 20 26
6 68 6 16 35 43 64 68
61 81 61 66 78 80 81
21 57 21 40 43 44 55 57
42 87 42 59 61 64 68 69 76 82 87
5 69 5 61 64 68 69
9 41 9 13 28 41
10 86 10 60 86
6 85 6 85
48 58 48 58
67 84 67 78 84
13 85 13 28 82 85
24 71 24 55 63 66 71
41 78 41 63 66 78
36 55 36 55
63 83 63 83
45 76 45 64 69 76
14 79 14 30 41 50 79
2 46 2 18 27 29 43 46
28 39 28 39
4 44 4 21 40 43 44
37 67 37 50 58 67
44 60 44 51 60
35 62 35 43 62
1 31 1 3 15 22 31
8 41 8 9 16 28 35 41
19 41 19 20 23 28 41
27 65 27 29 37 65
6 60 6 16 23 32 51 60
20 32 20 32
1 7 1 7
15 21 15 21
58 68 58 61 64 68
6 80 6 24 52 64 80
42 69 42 46 49 51 61 64 69
6 30 6 16 24 30
41 47 41 47
29 77 29 57 63 66 77
20 71 20 54 71
18 37 18 21 26 28 37
23 65 23 44 63 65
47 85 47 80 82 85
0 21 0 13 14 19 21
38 87 38 63 79 81 82 87
16 43 16 27 29 37 40 43
55 83 55 79 81 83
12 63 12 57 63
59 75 59 61 75
19 48 19 27 32 48
59 74 59 61 64 68 74
25 59 25 40 43 47 53 59
36 71 36 59 71
25 44 25 35 43 44
29 87 29 48 72 87
3 33 3 9 16 23 25 33
22 34 22 34
11 34 11 21 26 30 34
5 69 5 44 55 58 68 69
9 39 9 16 24 33 39
15 25 15 25
59 71 59 71
41 80 41 57 63 66 78 80
49 87 49 69 87
45 63 45 57 63
63 81 63 79 81
29 62 29 36 43 62
9 57 9 13 26 28 39 57
46 75 46 49 51 61 75
10 50 10 24 27 29 36 50
29 84 29 36 67 72 84
37 42 37 40 42
18 55 18 19 21 40 43 44 55
12 69 12 50 59 64 69
17 39 17 20 26 30 39
20 54 20 26 30 48 54
39 41 39 41
36 71 36 48 61 64 71
70 80 70 80
14 42 14 42
75 88 75 88
5 22 5 7 15 22
17 54 17 20 54
41 65 41 63 65
6 73 6 16 48 52 67 73
27 68 27 44 61 64 68
22 64 22 59 64
16 40 16 23 25 40
43 62 43 62
7 25 7 25
4 29 4 13 29
5 73 5 33 67 73
30 41 30 34 38 41
52 89 52 77 89
16 73 16 73
15 31 15 22 31
6 89 6 40 51 67 78 80 83 89
57 82 57 80 81 82
5 74 5 37 52 64 68 74
23 80 23 32 58 78 80
18 31 18 22 31
0 86 0 47 53 72 78 80 83 86
19 62 19 56 62
26 88 26 28 77 88
6 61 6 54 59 61
68 69 68 69
4 33 4 13 24 33
1 59 1 49 59
7 38 7 27 34 38
68 69 68 69
46 74 46 49 51 59 64 68 74
34 79 34 45 55 79
13 55 13 16 31 43 44 55
47 85 47 75 82 85
38 83 38 41 66 83
50 76 50 51 58 64 69 76
23 78 23 32 53 58 78
1 60 1 3 11 20 26 30 34 50 60
33 72 33 49 72
43 75 43 44 55 61 75
32 68 32 48 52 64 68
11 34 11 21 26 30 34
30 54 30 54
59 84 59 66 78 84
41 67 41 53 58 67
22 85 22 85
27 68 27 32 47 53 59 64 68
22 73 22 31 43 47 53 58 73
71 84 71 84
22 34 22 34
33 78 33 51 59 61 75 78
9 58 9 20 55 58
7 33 7 15 25 33
21 42 21 40 42
8 55 8 33 37 40 43 44 55
11 37 11 18 22 25 33 37
41 68 41 47 53 59 64 68
35 72 35 41 49 72
29 87 29 48 58 64 69 87
38 89 38 60 66 77 89
52 67 52 67
1 29 1 3 18 27 29
57 86 57 83 86
23 28 23 28
42 62 42 62
38 53 38 41 53
1 20 1 13 14 19 20
29 81 29 43 46 49 72 78 80 81
49 51 49 51
7 49 7 14 34 46 49
41 60 41 49 51 60
17 42 17 25 33 37 40 42
8 77 8 13 16 48 58 67 77
83 88 83 88
14 55 14 34 45 55
7 19 7 14 19
23 42 23 28 37 40 42
0 51 0 10 44 51
19 27 19 27
13 16 13 16
24 40 24 27 29 36 37 40
0 34 0 10 34
7 73 7 41 73
21 44 21 40 43 44
21 82 21 59 66 71 82
56 80 56 78 80
47 84 47 61 66 78 84
31 73 31 39 46 49 51 73
11 32 11 20 23 32
7 32 7 26 30 32
41 49 41 49
13 43 13 28 35 43
33 54 33 37 48 54
55 57 55 57
9 78 9 29 70 72 78
10 70 10 24 32 44 55 70
13 63 13 36 43 44 55 63
11 70 11 33 62 70
1 43 1 13 16 29 37 40 43
23 67 23 37 51 67
6 89 6 15 60 78 80 83 89
32 78 32 47 75 78
57 74 57 74
4 49 4 21 26 38 42 46 49
19 52 19 21 26 30 48 52
10 76 10 24 27 53 59 61 64 69 76
17 51 17 29 36 50 51
41 77 41 63 66 77
43 70 43 44 55 70
4 76 4 30 76
28 70 28 39 41 70
33 72 33 49 72
20 32 20 32
43 77 43 44 60 66 77
19 69 19 33 39 69
15 86 15 25 38 60 78 81 83 86
6 25 6 18 19 20 23 25
8 21 8 9 13 14 21
0 28 0 10 17 26 28
9 69 9 50 59 61 64 68 69
38 73 38 41 50 51 73
20 81 20 72 78 81
63 89 63 83 89
1 71 1 26 30 41 70 71
6 88 6 16 86 88
1 26 1 26
27 68 27 32 47 53 58 61 64 68
45 80 45 75 80
72 81 72 78 81
25 71 25 57 63 66 71
8 54 8 28 37 48 54
1 32 1 19 20 23 32
11 57 11 20 30 34 55 57
53 80 53 59 64 80
11 52 11 33 37 48 52
11 23 11 20 23
37 48 37 48
28 59 28 41 50 51 59
3 31 3 11 18 22 31
1 55 1 26 55
52 78 52 78
28 57 28 41 57
16 40 16 28 37 40
55 79 55 63 79
56 87 56 62 70 72 87
36 49 36 37 49
64 76 64 68 69 76
24 59 24 34 59
55 67 55 58 67
26 62 26 42 62
17 78 17 78
39 70 39 41 70
3 24 3 16 24
9 39 9 24 30 39
33 41 33 39 41
35 79 35 43 62 63 79
8 30 8 9 24 30
2 14 2 14
22 31 22 31
12 37 12 17 33 37
24 81 24 55 61 75 78 80 81
58 71 58 64 71
12 34 12 26 30 34
0 51 0 24 33 37 50 51
9 71 9 29 57 63 66 71
9 40 9 17 20 23 25 33 37 40
8 40 8 40
51 71 51 61 64 71
4 78 4 41 70 72 78
56 84 56 62 63 79 84
15 87 15 69 76 82 87
48 61 48 54 59 61
22 87 22 43 70 71 82 87
12 84 12 32 44 63 66 78 84
29 79 29 37 62 63 79
43 73 43 44 53 58 67 73
23 53 23 37 40 43 47 53
34 73 34 55 58 67 73
42 59 42 51 59
0 16 0 13 16
68 85 68 74 85
84 88 84 88
19 68 19 21 40 51 58 68
48 52 48 52
37 80 37 52 64 80
15 60 15 25 33 51 60
1 19 1 13 14 19
5 25 5 25
72 78 72 78
78 86 78 81 83 86
58 77 58 67 77
13 84 13 36 59 64 71 84
7 44 7 25 35 43 44
11 51 11 27 32 44 51
70 86 70 80 83 86
66 81 66 78 81
45 84 45 57 72 84
59 74 59 61 64 68 74
33 55 33 37 40 43 44 55
44 73 44 73
3 58 3 21 40 51 58
2 76 2 13 24 50 51 61 64 69 76
43 69 43 46 49 69
46 60 46 49 51 60
26 48 26 30 48
48 72 48 58 67 72
27 52 27 32 48 52
61 83 61 83
85 88 85 88
36 61 36 59 61
20 46 20 30 39 46
13 39 13 14 30 39
0 43 0 24 29 37 40 43
21 69 21 58 64 69
56 87 56 78 81 82 87
50 64 50 64
59 61 59 61
29 37 29 36 37
43 44 43 44
43 69 43 47 61 64 69
43 78 43 46 49 59 66 78
18 68 18 59 64 68
81 82 81 82
22 67 22 43 47 67
31 51 31 43 46 49 51
13 29 13 29
8 72 8 33 37 48 52 67 72
46 49 46 49
35 74 35 41 47 53 58 64 68 74
75 83 75 80 83
39 89 39 60 66 71 83 89
16 30 16 24 30
29 57 29 43 44 55 57
66 83 66 83
41 81 41 49 51 64 81
23 78 23 37 59 66 78
43 84 43 64 71 84
24 39 24 33 39
41 65 41 49 51 64 65
15 78 15 46 49 51 59 66 78
27 51 27 41 50 51
35 59 35 39 41 49 59
8 67 8 28 46 49 51 67
34 59 34 50 51 59
60 71 60 66 71
10 20 10 17 20
14 55 14 25 33 37 40 43 44 55
32 68 32 44 51 58 64 68
24 30 24 30
23 55 23 28 37 40 43 44 55
34 38 34 38
30 52 30 48 52
7 38 7 14 25 38
43 64 43 52 64
80 83 80 83
41 73 41 53 58 73
5 67 5 33 46 49 51 67
41 83 41 72 78 81 83
51 65 51 59 65
54 86 54 86
55 84 55 63 66 71 84
35 71 35 39 57 63 66 71
1 68 1 7 33 49 51 64 68
2 54 2 9 20 54
63 78 63 66 78
11 54 11 33 37 48 54
0 59 0 44 51 59
21 43 21 40 43
11 57 11 33 37 40 43 44 55 57
13 75 13 36 37 51 58 61 75
23 64 23 32 48 61 64
14 66 14 34 50 59 66
27 43 27 29 36 43
10 88 10 58 73 88
27 54 27 29 36 48 54
45 52 45 52
6 34 6 24 27 34
13 68 13 49 51 58 64 68
59 75 59 61 75
8 29 8 13 24 27 29
54 85 54 78 85
26 88 26 30 76 82 87 88
18 46 18 21 40 42 46
61 83 61 66 83
18 73 18 34 44 55 67 73
18 38 18 27 34 38
37 62 37 40 62
16 36 16 24 29 36
40 43 40 43
38 75 38 41 49 51 61 75
2 42 2 18 27 29 37 40 42
44 75 44 53 59 61 75
70 88 70 88
10 89 10 78 84 89
16 87 16 76 82 87
53 67 53 58 67
43 64 43 64
25 46 25 35 39 46
21 51 21 40 43 44 51
41 67 41 67
12 20 12 17 20
5 75 5 75
49 74 49 59 64 68 74
5 75 5 37 59 61 75
53 65 53 58 61 64 65
1 20 1 7 14 19 20
12 24 12 24
10 33 10 24 33
55 66 55 57 63 66
55 58 55 58
3 22 3 11 18 22
12 75 12 75
23 49 23 35 43 46 49
40 49 40 49
3 72 3 23 57 72
39 71 39 57 63 66 71
49 72 49 51 58 67 72
6 21 6 15 21
47 80 47 75 80
10 26 10 17 26
31 53 31 43 44 53
33 57 33 39 57
27 48 27 32 48
7 62 7 14 25 35 56 62
30 48 30 32 48
19 59 19 26 28 49 51 59
76 82 76 82
39 71 39 58 64 71
30 45 30 34 45
26 58 26 28 46 49 51 58
22 45 22 34 45
79 80 79 80
41 76 41 53 59 64 69 76
48 87 48 58 68 74 82 87
17 68 17 20 30 54 59 61 64 68
33 61 33 49 51 59 61
64 87 64 71 82 87
21 50 21 26 28 41 50
16 37 16 27 29 36 37
51 67 51 67
12 55 12 32 44 55
10 30 10 17 26 30
12 71 12 29 43 52 64 71
40 82 40 43 44 81 82
0 83 0 71 83
4 37 4 8 28 37
11 62 11 35 56 62
17 51 17 34 44 51
15 87 15 22 60 66 78 81 82 87
6 70 6 30 39 41 70
38 50 38 41 50
2 68 2 33 61 64 68
39 87 39 41 57 82 87
7 74 7 29 37 48 52 64 68 74
8 41 8 13 16 31 39 41
18 19 18 19
58 68 58 61 64 68
54 59 54 59
22 68 22 59 61 64 68
24 55 24 30 44 55
26 37 26 28 37
0 64 0 24 50 58 61 64
9 69 9 46 49 69
54 81 54 75 78 80 81
12 28 12 26 28
22 57 22 34 44 55 57
3 9 3 9
58 88 58 61 83 88
40 53 40 43 44 53
58 68 58 61 64 68
30 73 30 32 48 52 67 73
33 41 33 39 41
19 75 19 21 40 51 59 61 75
18 70 18 20 39 41 70
75 89 75 80 81 83 89
19 42 19 30 34 38 42
17 78 17 25 35 41 49 51 60 78
10 24 10 24
30 50 30 34 38 41 50
17 60 17 51 60
1 29 1 7 14 19 27 29
55 61 55 58 61
67 77 67 77
3 59 3 38 59
38 47 38 41 47
9 78 9 17 52 78
54 85 54 71 82 85
59 75 59 61 75
38 53 38 41 53
29 48 29 48
42 64 42 64
54 73 54 73
22 42 22 33 37 40 42
51 60 51 60
44 55 44 55
37 58 37 48 58
26 48 26 30 48
2 30 2 14 21 26 30
38 59 38 41 59
22 42 22 34 38 42
33 39 33 39
54 71 54 59 71
1 74 1 68 74
14 28 14 19 20 23 28
10 54 10 32 48 54
58 89 58 61 66 83 89
45 73 45 52 67 73
28 43 28 35 43
18 75 18 59 61 75
28 58 28 46 49 51 58
51 61 51 59 61
12 58 12 37 48 58
5 14 5 7 14
2 37 2 33 37
17 32 17 26 30 32
10 29 10 24 27 29
22 54 22 25 33 37 48 54
30 48 30 32 48
16 73 16 35 41 50 58 73
16 62 16 62
21 55 21 40 43 44 55
49 80 49 72 78 80
7 39 7 39
38 72 38 42 51 67 72
29 59 29 43 47 53 59
78 81 78 81
34 81 34 38 42 59 66 78 80 81
23 75 23 32 51 61 75
46 83 46 49 72 78 80 83
24 33 24 33
16 30 16 24 30
1 59 1 13 36 48 54 59
0 28 0 13 26 28
1 88 1 88
55 86 55 70 81 83 86
27 51 27 41 49 51
28 41 28 35 41
16 31 16 31
5 87 5 36 81 82 87
1 39 1 39
38 42 38 42
52 78 52 67 72 78
29 37 29 37
23 49 23 28 37 49
80 83 80 83
7 64 7 43 46 49 59 64
29 84 29 79 84
2 68 2 23 44 61 64 68
8 43 8 40 43
41 66 41 50 59 61 66
18 73 18 19 26 38 49 51 58 67 73
1 43 1 13 16 40 43
13 57 13 24 29 43 44 55 57
10 62 10 30 34 38 42 62
28 39 28 35 39
25 50 25 35 39 41 50
17 74 17 51 61 64 68 74
27 58 27 58
9 66 9 57 63 66
12 26 12 26
56 62 56 62
34 73 34 47 53 58 73
11 77 11 18 34 47 53 59 61 66 77
30 39 30 39
1 43 1 37 40 43
23 44 23 25 35 43 44
27 86 27 52 86
39 57 39 57
28 62 28 35 43 62
1 26 1 13 20 26
16 31 16 31
16 37 16 23 25 33 37
35 57 35 43 44 55 57
4 74 4 21 40 42 51 58 61 64 68 74
67 78 67 72 78
45 66 45 50 51 60 66
3 77 3 30 41 53 77
5 14 5 7 14
33 37 33 37
48 80 48 61 66 78 80
15 81 15 58 67 78 81
49 60 49 51 60
42 70 42 62 70
1 13 1 13
21 62 21 26 28 35 43 62
5 70 5 70
62 72 62 72
15 74 15 30 68 74
51 85 51 85
21 61 21 58 61
23 38 23 25 38
48 68 48 61 64 68
35 66 35 39 41 63 66
33 85 33 61 66 71 82 85
45 68 45 52 64 68
3 64 3 23 55 58 64
27 47 27 34 47
45 67 45 52 67
24 86 24 34 50 51 86
50 59 50 59
54 77 54 59 61 66 77
55 69 55 61 64 69
19 55 19 33 37 40 43 44 55
19 33 19 33
5 74 5 7 25 62 74
13 26 13 20 26
81 82 81 82
31 49 31 39 41 49
37 44 37 40 43 44
20 77 20 54 67 77
5 77 5 32 66 77
2 60 2 60
7 35 7 14 25 35
16 31 16 31
35 69 35 41 50 64 68 69
31 87 31 43 77 87
21 89 21 58 78 81 83 89
56 74 56 62 74
7 15 7 15
2 18 2 18
5 33 5 7 25 33
15 21 15 21
3 76 3 11 64 69 76
21 73 21 42 46 49 51 67 73
45 69 45 61 64 68 69
9 16 9 13 16
61 76 61 64 68 69 76
29 62 29 43 62
4 32 4 13 24 30 32
44 72 44 51 67 72
24 77 24 50 60 66 77
40 75 40 51 58 61 75
17 43 17 33 37 40 43
7 38 7 14 19 30 34 38
56 81 56 78 80 81
15 45 15 21 26 30 34 45
7 26 7 15 21 26
27 81 27 44 64 81
0 27 0 10 24 27
1 61 1 58 61
23 35 23 25 35
19 52 19 43 52
44 87 44 81 82 87
22 52 22 33 52
24 82 24 54 78 81 82
27 40 27 29 36 37 40
32 88 32 58 87 88
39 70 39 41 70
13 75 13 24 29 48 61 75
24 78 24 54 78
4 21 4 21
42 85 42 57 80 81 82 85
42 57 42 57
2 87 2 13 20 71 82 87
25 73 25 33 37 40 43 44 53 58 73
12 73 12 41 47 53 58 67 73
18 75 18 20 30 41 49 59 61 75
30 53 30 53
62 82 62 70 80 82
52 64 52 64
27 84 27 41 59 64 71 84
35 79 35 63 79
33 76 33 52 64 69 76
22 78 22 72 78
3 37 3 33 37
28 88 28 78 80 83 86 88
26 60 26 30 32 44 60
3 56 3 21 26 28 35 56
38 59 38 59
2 14 2 9 13 14
64 68 64 68
23 66 23 35 59 61 66
39 65 39 58 61 64 65
44 81 44 55 61 64 80 81
24 54 24 30 34 45 54
37 49 37 40 49
1 38 1 19 38
9 81 9 32 58 61 75 80 81
64 89 64 81 83 89
63 87 63 79 80 82 87
39 71 39 57 63 66 71
3 59 3 18 20 59
51 73 51 73
35 67 35 39 41 49 51 58 67
27 48 27 29 36 48
3 72 3 18 21 58 67 72
27 72 27 44 53 58 67 72
40 47 40 43 47
25 46 25 38 42 46
2 59 2 18 59
70 72 70 72
45 80 45 70 72 78 80
50 74 50 64 68 74
10 88 10 78 84 88
26 68 26 40 49 51 64 68
21 30 21 26 30
18 20 18 19 20
0 64 0 48 61 64
33 67 33 49 51 58 67
13 76 13 24 43 47 61 64 68 69 76
46 88 46 77 88
25 81 25 33 52 64 80 81
43 46 43 46
28 79 28 39 41 57 63 79
34 74 34 48 58 68 74
63 83 63 66 78 81 83
38 60 38 41 49 51 60
38 65 38 41 59 65
56 82 56 82
2 73 2 23 55 67 73
81 88 81 83 86 88
11 23 11 18 19 20 23
19 76 19 26 42 51 64 69 76
11 58 11 35 43 47 53 58
15 22 15 22
17 45 17 34 45
4 56 4 21 26 28 35 56
15 64 15 58 61 64
19 55 19 21 26 40 43 44 55
23 39 23 35 39
58 74 58 68 74
4 66 4 23 35 43 46 49 51 58 61 66
6 89 6 31 39 60 78 81 83 89
21 64 21 42 51 59 64
4 37 4 13 29 36 37
27 82 27 78 80 82
18 48 18 20 23 28 37 48
69 76 69 76
40 89 40 51 60 66 83 89
3 64 3 30 48 54 59 64
44 81 44 51 59 61 75 80 81
8 54 8 13 29 37 48 54
22 72 22 72
8 41 8 9 16 31 39 41
4 14 4 8 13 14
36 55 36 55
5 73 5 25 35 41 47 67 73
33 72 33 37 48 52 67 72
10 74 10 44 64 68 74
52 83 52 67 72 78 80 83
8 87 8 40 51 64 87
61 86 61 75 83 86
26 84 26 67 72 78 84
78 82 78 80 81 82
34 48 34 48
43 57 43 44 55 57
26 68 26 30 49 51 64 68
19 76 19 43 47 53 58 61 64 69 76
39 87 39 60 82 87
5 57 5 33 37 40 42 57
16 30 16 24 30
40 82 40 82
3 87 3 87
57 84 57 72 84
2 73 2 31 39 46 49 51 58 67 73
25 67 25 40 42 46 49 51 58 67
60 86 60 78 80 83 86
4 59 4 13 14 19 38 59
54 59 54 59
10 58 10 17 33 51 58
8 54 8 33 37 48 54
12 66 12 17 29 37 59 66
60 71 60 66 71
2 89 2 14 21 42 57 72 84 89
7 29 7 29
29 47 29 36 43 47
7 66 7 62 63 66
10 26 10 17 20 26
10 39 10 17 33 39
41 65 41 47 53 58 61 64 65
27 81 27 54 75 78 81
9 26 9 13 26
28 89 28 49 51 80 83 89
35 43 35 43
56 68 56 64 68
51 60 51 60
30 79 30 41 57 63 79
59 68 59 61 64 68
22 89 22 25 35 59 77 89
28 59 28 39 46 49 51 59
56 69 56 64 69
14 19 14 19
1 80 1 7 57 80
47 71 47 53 58 61 66 71
68 69 68 69
50 59 50 59
46 68 46 49 51 59 64 68
58 87 58 68 69 87
1 19 1 7 14 19
24 73 24 50 67 73
8 60 8 34 46 49 51 60
20 46 20 39 46
5 87 5 52 80 82 87
58 82 58 68 69 76 82
25 57 25 33 39 57
40 75 40 49 59 61 75
64 76 64 68 69 76
10 89 10 78 81 83 89
17 61 17 32 58 61
17 69 17 33 52 64 68 69
4 52 4 30 32 48 52
40 80 40 49 72 78 80
56 68 56 64 68
23 82 23 55 61 64 71 82
50 76 50 64 69 76
62 70 62 70
35 84 35 43 70 71 84
40 63 40 63
13 32 13 16 27 32
27 86 27 78 81 83 86
18 32 18 19 30 32
70 72 70 72
21 71 21 26 40 64 71
12 44 12 17 20 26 28 37 40 43 44
12 37 12 26 28 37
40 42 40 42
25 79 25 38 41 50 79
3 54 3 23 28 37 48 54
2 33 2 23 25 33
18 67 18 22 43 52 67
0 49 0 10 30 49
11 38 11 18 34 38
28 57 28 35 43 44 55 57
12 26 12 26
14 42 14 30 34 38 42
49 72 49 51 58 67 72
11 62 11 33 62
30 79 30 34 50 79
44 51 44 51
26 40 26 40
15 47 15 21 26 30 34 47
56 78 56 62 72 78
8 37 8 28 37
37 63 37 62 63
40 43 40 43
42 51 42 46 49 51
1 26 1 13 20 26
27 78 27 72 78
36 59 36 59
79 86 79 80 81 83 86
1 20 1 7 14 19 20
12 27 12 27
19 85 19 33 49 69 76 82 85
32 78 32 44 78
64 87 64 81 82 87
1 78 1 26 28 37 48 52 67 78
18 68 18 22 34 50 51 64 68
14 59 14 25 40 51 59
9 30 9 17 20 30
40 53 40 43 47 53
15 78 15 25 62 70 72 78
37 80 37 50 60 78 80
11 49 11 27 41 49
2 85 2 63 79 80 82 85
80 81 80 81
25 48 25 33 37 48
62 70 62 70
27 48 27 29 36 48
45 64 45 50 64
31 86 31 43 47 80 81 83 86
2 47 2 23 37 40 43 47
10 46 10 30 39 46
38 83 38 70 71 83
24 29 24 29
0 52 0 48 52
31 69 31 68 69
24 73 24 73
28 88 28 58 87 88
4 29 4 8 13 29
26 73 26 40 51 58 67 73
11 73 11 58 67 73
20 88 20 26 42 70 86 88
32 63 32 44 55 63
4 33 4 13 14 19 20 23 25 33
23 74 23 32 53 58 61 64 68 74
10 48 10 48
0 71 0 71
12 89 12 72 78 84 89
33 74 33 62 74
36 80 36 48 79 80
38 62 38 42 62
50 78 50 67 72 78
15 21 15 21
40 76 40 64 68 69 76
0 33 0 17 25 33
57 74 57 74
20 30 20 26 30
39 70 39 41 70
9 32 9 32
20 26 20 26
13 62 13 36 43 62
21 81 21 42 59 64 80 81
4 32 4 21 26 30 32
3 88 3 33 78 85 88
23 84 23 28 64 71 84
15 79 15 22 34 45 50 79
70 71 70 71
41 72 41 49 51 58 67 72
10 34 10 24 30 34
7 32 7 32
20 86 20 59 64 81 83 86
43 49 43 46 49
30 53 30 44 53
43 75 43 75
4 33 4 13 24 33
34 89 34 54 83 89
16 24 16 24
7 48 7 26 30 48
12 86 12 27 32 86
27 41 27 41
67 73 67 73
79 84 79 84
30 71 30 32 71
59 89 59 64 71 83 89
79 83 79 80 83
63 71 63 66 71
13 75 13 26 30 48 61 75
4 41 4 41
38 53 38 41 47 53
82 85 82 85
51 73 51 58 73
12 72 12 17 33 37 50 67 72
11 18 11 18
37 66 37 50 60 66
51 88 51 64 71 84 88
5 35 5 7 25 35
40 62 40 43 62
45 57 45 55 57
4 23 4 23
0 46 0 24 34 38 42 46
19 86 19 38 49 59 61 66 78 80 81 83 86
1 74 1 2 9 24 27 29 36 43 62 74
67 77 67 77
43 84 43 52 64 71 84
4 82 4 82
10 87 10 34 44 61 75 78 80 81 82 87
61 74 61 64 68 74
8 30 8 9 17 26 30
33 67 33 67
37 62 37 62
71 83 71 83
24 53 24 43 47 53
48 76 48 52 64 68 69 76
38 72 38 42 57 72
2 74 2 23 57 74
5 25 5 6 17 25
16 60 16 35 43 44 60
17 45 17 34 45
4 69 4 8 13 36 43 46 49 69
29 66 29 37 59 61 66
14 28 14 28
53 72 53 58 67 72
44 75 44 53 59 61 75
56 68 56 64 68
70 78 70 72 78
27 78 27 78
27 43 27 29 37 40 43
20 77 20 23 44 55 63 66 77
0 44 0 17 20 32 44
46 83 46 49 59 61 75 80 81 83
16 80 16 78 80
0 86 0 57 72 78 80 83 86
18 68 18 59 61 64 68
38 77 38 42 51 67 77
47 67 47 67
2 25 2 18 20 23 25
5 24 5 24
74 82 74 82
35 65 35 39 58 61 64 65
17 34 17 20 26 30 34
41 49 41 49
15 65 15 21 40 51 64 65
54 81 54 59 61 75 78 81
26 80 26 80
60 76 60 69 76
12 55 12 29 37 40 43 44 55
53 82 53 82
34 38 34 38
19 59 19 20 30 53 59
39 85 39 46 49 59 64 80 81 82 85
49 76 49 51 58 68 69 76
36 49 36 37 49
75 87 75 80 81 82 87
29 66 29 36 55 58 61 66
11 26 11 18 21 26
35 41 35 41
37 44 37 40 43 44
1 37 1 7 15 22 33 37
29 55 29 36 55
24 27 24 27
38 73 38 49 51 58 73
60 88 60 66 83 86 88
44 73 44 73
0 53 0 13 14 34 47 53
14 21 14 19 21
42 79 42 57 63 79
11 67 11 33 67
29 79 29 36 43 62 63 79
10 86 10 67 72 78 80 81 83 86
36 71 36 55 70 71
62 70 62 70
4 13 4 13
0 52 0 17 26 28 37 40 43 52
61 82 61 66 78 81 82
25 50 25 38 41 50
5 87 5 32 53 72 78 80 81 82 87
0 76 0 52 64 68 69 76
80 81 80 81
50 67 50 51 58 67
57 72 57 72
10 87 10 24 80 82 87
9 38 9 20 30 34 38
60 69 60 69
17 58 17 32 58
36 74 36 50 64 68 74
36 66 36 50 51 60 66
42 87 42 64 81 82 87
72 78 72 78
26 38 26 30 34 38
57 63 57 63
9 45 9 16 27 34 45
42 51 42 46 49 51
2 31 2 9 13 14 31
41 61 41 59 61
1 20 1 7 14 19 20
19 33 19 33
18 65 18 63 65
37 68 37 52 64 68
37 65 37 40 64 65
8 37 8 28 37
8 65 8 34 54 59 65
45 77 45 55 57 63 66 77
40 53 40 43 44 53
9 56 9 20 26 28 35 56
41 78 41 50 58 78
17 78 17 33 37 52 78
49 87 49 76 82 87
49 88 49 77 88
43 44 43 44
5 6 5 6
42 79 42 57 63 79
17 57 17 34 45 55 57
75 80 75 80
45 66 45 55 58 61 66
49 67 49 51 67
48 87 48 58 64 81 82 87
75 78 75 78
51 80 51 67 72 78 80
51 58 51 58
12 25 12 17 20 23 25
27 88 27 29 57 63 83 88
61 82 61 64 69 76 82
2 13 2 13
58 69 58 64 69
26 73 26 67 73
25 63 25 40 62 63
43 55 43 44 55
14 20 14 19 20
29 75 29 37 50 59 61 75
62 63 62 63
38 84 38 49 72 78 84
4 71 4 70 71
54 61 54 59 61
15 70 15 25 62 70
14 79 14 19 26 30 34 55 57 63 79
1 3 1 3
71 82 71 82
58 78 58 67 72 78
25 85 25 38 63 79 81 82 85
33 50 33 37 50
80 88 80 83 88
8 77 8 62 63 66 77
16 38 16 27 34 38
2 72 2 70 72
7 43 7 43
13 24 13 16 24
0 59 0 44 51 59
48 79 48 79
25 81 25 63 79 81
82 87 82 87
54 85 54 78 80 81 82 85
6 61 6 54 59 61
77 89 77 89
25 80 25 63 80
8 77 8 41 66 77
45 68 45 55 58 64 68
0 29 0 17 29
25 65 25 57 65
2 57 2 31 43 44 55 57
35 78 35 56 78
35 59 35 41 59
30 41 30 39 41
3 87 3 30 54 78 80 81 82 87
17 32 17 26 30 32
4 80 4 56 78 80
10 52 10 32 48 52
33 87 33 62 74 82 87
13 83 13 14 31 39 41 67 72 78 81 83
55 79 55 57 63 79
18 76 18 19 20 32 58 61 64 69 76
3 82 3 15 30 80 81 82
28 48 28 37 48
15 31 15 22 31
2 72 2 56 62 70 72
1 3 1 3
33 79 33 62 63 79
47 67 47 53 58 67
41 49 41 49
23 32 23 32
34 47 34 47
35 89 35 63 79 84 89
40 43 40 43
50 58 50 51 58
16 30 16 24 30
61 64 61 64
9 23 9 16 23
6 20 6 17 20
60 69 60 69
26 88 26 76 82 87 88
16 78 16 38 41 59 61 75 78
53 66 53 59 61 66
28 48 28 37 48
16 40 16 27 29 37 40
8 83 8 28 41 79 83
41 60 41 49 51 60
8 83 8 62 72 78 81 83
22 51 22 31 43 44 51
36 48 36 48
8 65 8 34 46 49 59 61 64 65
2 47 2 9 16 38 41 47
7 57 7 32 44 55 57
1 38 1 13 14 30 34 38
75 88 75 78 81 82 85 88
11 58 11 20 40 51 58
28 82 28 82
44 85 44 53 59 69 76 82 85
55 57 55 57
23 88 23 68 69 76 82 85 88
4 28 4 21 26 28
44 72 44 53 72
4 38 4 21 26 38
28 88 28 46 49 76 82 87 88
55 84 55 70 71 84
24 71 24 32 47 53 59 64 71
0 88 0 67 77 87 88
41 57 41 57
23 86 23 70 81 83 86
36 69 36 37 49 59 61 64 68 69
46 51 46 49 51
50 60 50 51 60
51 60 51 60
5 81 5 7 38 59 66 78 80 81
5 80 5 24 33 52 80
7 62 7 42 62
3 14 3 14
17 42 17 20 23 25 40 42
6 30 6 21 26 30
14 77 14 59 66 77
14 60 14 42 51 60
30 58 30 48 58
0 74 0 10 34 50 51 74
64 82 64 81 82
3 25 3 23 25
6 40 6 17 29 36 37 40
16 75 16 50 58 61 75
8 28 8 9 20 26 28
9 20 9 17 20
8 72 8 28 35 56 62 70 72
9 37 9 20 23 25 33 37
45 64 45 55 58 61 64
19 87 19 82 87
9 78 9 13 14 78
27 58 27 32 47 53 58
11 68 11 35 56 64 68
2 73 2 31 43 46 49 51 73
55 78 55 63 66 78
11 88 11 35 69 88
22 51 22 31 39 46 49 51
7 73 7 14 31 43 44 73
9 79 9 45 50 79
5 40 5 6 16 24 33 37 40
54 73 54 73
38 62 38 42 62
28 55 28 35 43 44 55
52 85 52 67 72 78 80 82 85
17 34 17 26 30 34
25 61 25 33 39 58 61
24 80 24 27 41 72 78 80
26 45 26 30 34 45
2 50 2 33 37 50
66 77 66 77
40 51 40 49 51
9 60 9 60
11 64 11 21 42 64
59 82 59 66 71 82
58 65 58 61 64 65
51 81 51 64 81
55 63 55 63
16 80 16 35 43 80
9 32 9 24 30 32
37 60 37 50 60
44 72 44 53 72
7 42 7 15 21 42
23 78 23 55 70 72 78
9 14 9 13 14
56 87 56 64 71 82 87
0 78 0 47 61 75 78
21 26 21 26
9 50 9 50
48 71 48 54 59 71
6 36 6 24 29 36
22 78 22 33 37 49 72 78
30 80 30 54 80
75 82 75 82
31 53 31 43 47 53
13 84 13 48 58 78 84
47 85 47 75 82 85
2 46 2 13 20 39 46
32 44 32 44
45 71 45 63 66 71
11 31 11 18 22 31
18 27 18 19 27
34 65 34 48 52 64 65
22 33 22 25 33
39 63 39 41 57 63
8 67 8 28 41 49 51 58 67
52 89 52 83 89
35 41 35 41
50 67 50 67
27 51 27 41 50 51
54 81 54 80 81
8 72 8 9 45 52 67 72
17 88 17 26 40 51 67 78 81 83 88
13 23 13 16 23
17 39 17 20 26 30 39
39 70 39 41 70
17 75 17 25 61 75
40 49 40 42 46 49
11 34 11 20 30 34
80 81 80 81
7 45 7 14 21 26 30 34 45
32 88 32 83 88
14 55 14 28 35 43 44 55
54 85 54 72 82 85
7 65 7 15 22 59 65
41 78 41 57 63 66 78
30 60 30 49 51 60
1 31 1 13 14 31
37 88 37 50 60 66 71 83 88
1 59 1 2 9 20 32 48 54 59
31 73 31 43 44 51 73
11 33 11 20 23 25 33
38 73 38 42 46 49 51 67 73
52 71 52 71
56 77 56 62 63 66 77
5 40 5 7 27 29 37 40
18 59 18 59
4 54 4 21 26 30 34 54
6 71 6 54 59 61 64 71
18 85 18 21 42 64 71 82 85
49 84 49 72 84
40 71 40 63 66 71
63 71 63 66 71
5 32 5 6 30 32
10 34 10 34
46 74 46 49 51 59 64 68 74
36 89 36 67 77 89
14 76 14 28 64 68 69 76
7 43 7 26 28 37 40 43
1 19 1 13 14 19
40 85 40 63 66 71 82 85
40 63 40 62 63
27 51 27 41 50 51
28 58 28 35 41 53 58
34 38 34 38
24 50 24 33 37 50
58 61 58 61
53 58 53 58
30 79 30 32 48 79
18 22 18 22
16 40 16 28 37 40
78 82 78 81 82
59 86 59 66 71 83 86
70 78 70 72 78
56 87 56 78 81 82 87
44 87 44 63 80 82 87
17 51 17 26 42 51
41 64 41 47 61 64
1 9 1 3 9
13 75 13 16 28 58 61 75
18 34 18 21 26 30 34
11 34 11 27 34
2 57 2 57
18 33 18 22 33
58 88 58 87 88
17 82 17 70 82
54 76 54 59 69 76
19 21 19 21
30 64 30 49 59 61 64
5 77 5 52 77
26 85 26 67 78 81 82 85
63 82 63 82
0 28 0 20 26 28
29 83 29 70 81 83
0 21 0 13 14 19 21
27 38 27 34 38
36 43 36 43
8 42 8 28 37 40 42
7 34 7 14 34
10 47 10 30 41 47
13 50 13 26 30 39 41 50
3 15 3 15
26 75 26 75
69 85 69 76 82 85
19 74 19 21 59 64 68 74
25 39 25 35 39
15 71 15 30 41 70 71
86 88 86 88
11 26 11 21 26
64 71 64 71
5 83 5 37 51 61 64 81 83
52 77 52 77
44 72 44 53 72
41 81 41 50 59 66 78 81
46 75 46 49 51 58 61 75
6 29 6 16 24 27 29
28 59 28 41 47 53 59
0 83 0 80 83
16 74 16 27 52 64 68 74
43 60 43 44 51 60
57 81 57 78 81
4 66 4 30 41 53 59 61 66
55 57 55 57
1 2 1 2
51 87 51 64 71 82 87
1 18 1 3 18
30 84 30 39 41 59 71 84
4 61 4 49 51 58 61
16 81 16 31 56 78 81
38 80 38 49 51 61 66 78 80
45 51 45 50 51
35 62 35 56 62
40 86 40 51 61 64 71 83 86
25 60 25 33 51 60
9 24 9 13 24
2 85 2 72 78 81 82 85
23 41 23 35 39 41
71 82 71 82
7 26 7 14 19 26
21 61 21 42 59 61
8 40 8 28 37 40
32 52 32 48 52
7 88 7 62 63 66 77 88
40 72 40 72
10 24 10 24
2 76 2 31 69 76
41 78 41 49 59 61 66 78
41 79 41 63 79
26 80 26 55 57 80
41 50 41 50
7 14 7 14
2 81 2 33 61 66 78 81
37 67 37 50 58 67
21 70 21 40 43 62 70
15 65 15 26 42 59 64 65
24 39 24 33 39
13 63 13 28 37 62 63
30 83 30 39 58 78 81 83
11 51 11 20 26 40 42 46 49 51
49 76 49 59 64 69 76
45 51 45 50 51
20 56 20 23 28 35 56
58 84 58 67 72 84
15 71 15 22 59 71
7 19 7 14 19
25 44 25 40 43 44
13 50 13 20 30 39 41 50
18 51 18 22 43 44 51
23 33 23 25 33
21 61 21 58 61
6 16 6 16
29 80 29 48 58 78 80
18 33 18 20 23 25 33
8 43 8 28 37 40 43
17 20 17 20
39 81 39 60 66 78 80 81
43 55 43 44 55
49 76 49 69 76
24 77 24 30 49 51 61 66 77
49 74 49 51 58 68 74
14 34 14 19 26 30 34
7 41 7 39 41
68 85 68 74 82 85
43 67 43 47 67
48 88 48 58 61 88
32 48 32 48
16 35 16 28 35
2 57 2 18 20 30 39 41 57
25 35 25 35
35 84 35 41 63 66 71 84
26 55 26 30 34 55
33 37 33 37
7 34 7 15 21 26 30 34
50 85 50 64 69 76 82 85
30 63 30 34 55 63
58 61 58 61
28 42 28 37 40 42
0 75 0 59 61 75
11 38 11 20 26 38
8 34 8 9 16 27 34
32 53 32 47 53
11 40 11 21 26 28 37 40
51 60 51 60
5 33 5 25 33
45 61 45 55 58 61
33 80 33 61 75 78 80
34 62 34 38 42 62
24 71 24 50 58 64 71
12 84 12 41 53 59 66 78 84
0 44 0 10 34 44
54 67 54 67
4 68 4 23 44 53 59 64 68
1 29 1 19 27 29
44 51 44 51
36 65 36 59 61 64 65
7 39 7 39
8 21 8 13 14 21
58 61 58 61
51 71 51 61 66 71
29 59 29 37 49 51 59
2 37 2 23 28 37
29 43 29 37 40 43
36 72 36 48 72
80 88 80 82 85 88
9 29 9 24 27 29
6 80 6 21 70 72 78 80
41 65 41 59 65
19 78 19 43 44 55 57 78
1 3 1 3
1 45 1 13 24 34 45
2 82 2 56 78 80 81 82
17 25 17 20 23 25
62 77 62 63 66 77
19 42 19 20 26 42
23 65 23 37 40 64 65
16 47 16 28 37 40 43 47
6 20 6 17 20
41 76 41 76
11 44 11 33 37 40 43 44
8 13 8 9 13
9 39 9 20 30 39
16 25 16 23 25
23 25 23 25
13 20 13 20
83 86 83 86
12 44 12 32 44
28 85 28 39 69 76 82 85
55 76 55 61 64 69 76
3 21 3 9 13 14 21
35 65 35 65
13 75 13 14 31 43 46 49 51 58 61 75
79 81 79 80 81
3 25 3 9 17 20 23 25
43 44 43 44
22 42 22 34 38 42
34 74 34 54 59 64 68 74
74 85 74 82 85
19 70 19 20 39 41 70
26 38 26 30 34 38
75 88 75 82 87 88
27 62 27 29 43 62
80 85 80 82 85
15 53 15 25 40 43 44 53
45 55 45 55
24 78 24 29 70 72 78
25 81 25 79 80 81
22 64 22 31 43 52 64
14 58 14 31 39 41 50 51 58
1 3 1 3
30 53 30 32 47 53
8 82 8 58 64 80 82
42 46 42 46
26 58 26 40 49 51 58
16 29 16 27 29
13 26 13 26
16 86 16 29 37 52 71 83 86
17 86 17 78 81 83 86
43 55 43 44 55
15 64 15 26 28 49 51 58 61 64
41 87 41 49 76 82 87
70 71 70 71
21 51 21 26 28 49 51
45 51 45 50 51
31 83 31 56 62 72 78 80 83
78 80 78 80
41 50 41 50
37 49 37 49
87 88 87 88
48 82 48 72 82
9 46 9 39 46
37 66 37 49 59 61 66
57 82 57 72 82
3 31 3 18 22 31
5 57 5 25 38 41 57
18 83 18 59 66 71 83
5 22 5 6 15 22
53 64 53 58 61 64
55 66 55 63 66
37 71 37 49 59 71
75 86 75 83 86
45 51 45 50 51
14 84 14 70 72 84
11 23 11 20 23
6 56 6 17 20 26 28 35 56
40 60 40 51 60
11 59 11 35 59
72 78 72 78
43 44 43 44
55 67 55 67
67 72 67 72
6 40 6 17 25 33 37 40
17 58 17 33 46 49 51 58
7 35 7 28 35
56 71 56 62 63 66 71
45 59 45 54 59
17 68 17 58 61 64 68
45 80 45 64 80
43 57 43 44 55 57
25 88 25 85 88
3 29 3 18 19 27 29
37 88 37 51 59 69 88
7 69 7 25 38 49 51 59 61 64 68 69
28 89 28 46 77 89
43 49 43 46 49
16 33 16 24 33
52 78 52 67 72 78
9 24 9 16 24
36 74 36 55 58 61 64 68 74
1 55 1 2 9 17 34 55
57 82 57 82
62 74 62 74
33 51 33 37 51
22 85 22 31 68 74 85
12 37 12 37
3 15 3 15
40 80 40 78 80
21 49 21 26 40 42 46 49
9 58 9 20 23 44 51 58
17 55 17 26 30 44 55
9 25 9 13 16 23 25
5 36 5 36
0 30 0 17 20 30
24 79 24 50 79
58 65 58 64 65
4 84 4 13 64 71 84
42 83 42 70 80 83
51 82 51 74 82
17 85 17 51 58 67 82 85
14 25 14 19 20 23 25
34 53 34 38 41 53
22 43 22 25 40 43
3 42 3 23 28 37 40 42
70 81 70 72 78 80 81
61 74 61 64 68 74
77 88 77 87 88
42 59 42 46 49 59
71 88 71 88
48 78 48 58 67 78
11 58 11 33 46 49 51 58
3 14 3 14
17 75 17 55 58 61 75
1 60 1 39 60
16 73 16 48 54 73
7 36 7 14 19 27 29 36
35 71 35 43 70 71
11 23 11 20 23
47 75 47 61 75
10 86 10 34 79 86
43 78 43 70 72 78
45 52 45 52
45 77 45 55 57 63 66 77
29 47 29 37 40 43 47
7 74 7 49 59 64 68 74
63 71 63 66 71
4 87 4 69 87
27 44 27 32 44
3 64 3 27 54 59 61 64
57 66 57 63 66
36 85 36 66 78 80 82 85
22 43 22 43
37 44 37 40 43 44
40 42 40 42
33 72 33 72
72 82 72 78 80 82
34 65 34 38 42 62 63 65
3 37 3 21 26 28 37
37 70 37 40 42 62 70
25 85 25 80 82 85
7 54 7 27 34 54
4 70 4 40 42 70
27 68 27 44 55 61 64 68
5 31 5 6 16 31
16 48 16 29 36 37 48
2 18 2 18
8 31 8 13 16 31
15 65 15 25 40 63 65
40 47 40 43 47
3 84 3 23 70 72 84
40 78 40 63 66 78
8 31 8 9 13 14 31
23 70 23 25 33 62 70
70 89 70 81 83 89
58 61 58 61
49 69 49 59 61 64 68 69
11 73 11 35 41 50 67 73
30 85 30 76 82 85
54 72 54 72
67 82 67 82
40 75 40 49 51 59 61 75
28 89 28 58 77 89
42 62 42 62
13 43 13 28 37 40 43
28 49 28 39 41 49
9 78 9 39 41 53 59 66 78
2 24 2 9 16 24
10 52 10 52
41 67 41 49 51 67
13 33 13 16 23 25 33
5 64 5 24 43 47 61 64
4 84 4 30 72 78 84
8 40 8 40
21 68 21 26 38 59 64 68
54 72 54 67 72
5 70 5 36 55 70
52 84 52 78 84
33 59 33 49 59
47 80 47 80
21 50 21 26 28 35 39 41 50
28 73 28 35 41 47 53 58 67 73
35 86 35 56 62 63 66 78 80 81 83 86
7 84 7 15 58 67 72 78 84
20 35 20 23 28 35
71 84 71 84
6 18 6 18
5 67 5 33 39 58 67
15 71 15 58 61 66 71
17 57 17 32 44 55 57
36 83 36 55 61 83
13 55 13 29 43 44 55
33 84 33 64 71 84
26 76 26 55 58 61 64 69 76
13 60 13 28 37 49 51 60
14 20 14 19 20
25 55 25 35 43 44 55
32 44 32 44
13 31 13 14 31
8 45 8 34 45
22 85 22 25 85
15 22 15 22
1 38 1 19 38
30 53 30 32 47 53
10 46 10 30 39 46
19 69 19 21 40 49 51 60 69
6 50 6 16 23 28 39 41 50
52 85 52 67 78 85
0 57 0 24 43 44 55 57
21 67 21 58 67
56 68 56 64 68
9 53 9 20 40 43 44 53
23 78 23 70 72 78
38 60 38 41 50 60
28 87 28 41 47 80 81 82 87
59 83 59 71 83
13 43 13 29 37 40 43
23 25 23 25
8 65 8 62 63 65
18 21 18 19 21
1 42 1 2 18 19 27 34 38 42
18 28 18 19 20 23 28
16 47 16 38 41 47
8 74 8 13 74
43 69 43 47 53 59 61 64 69
43 69 43 44 55 58 68 69
26 84 26 30 54 59 64 71 84
78 85 78 80 81 82 85
21 42 21 40 42
19 28 19 21 26 28
32 68 32 58 64 68
21 51 21 40 42 46 49 51
8 9 8 9
6 80 6 16 23 79 80
28 35 28 35
41 59 41 50 51 59
18 27 18 19 27
52 80 52 78 80
35 76 35 59 61 64 69 76
31 89 31 56 64 81 83 89
0 82 0 67 72 78 81 82
16 57 16 23 55 57
33 55 33 37 40 43 44 55
7 43 7 33 37 40 43
5 36 5 6 24 29 36
22 33 22 25 33
17 26 17 26
0 80 0 57 78 80
32 85 32 51 80 81 82 85
9 64 9 20 23 35 43 44 53 59 64
4 41 4 41
2 78 2 63 66 78
13 56 13 26 28 35 56
4 41 4 8 13 16 24 34 38 41
28 85 28 64 81 82 85
15 69 15 30 49 51 64 68 69
61 68 61 64 68
7 87 7 64 71 82 87
14 30 14 19 26 30
0 64 0 44 64
19 43 19 27 29 36 43
14 36 14 19 27 29 36
17 33 17 33
60 83 60 66 78 81 83
19 27 19 27
6 50 6 21 26 38 41 50
87 88 87 88
31 53 31 43 47 53
27 68 27 29 43 52 64 68
0 67 0 53 58 67
30 64 30 34 54 59 64
23 37 23 37
37 58 37 50 58
3 64 3 30 44 53 58 64
52 68 52 64 68
33 65 33 62 63 65
3 48 3 15 25 33 37 48
23 75 23 44 51 59 61 75
4 66 4 21 42 62 63 66
75 84 75 78 84
7 87 7 39 58 68 74 82 87
22 33 22 33
2 73 2 13 26 30 48 58 67 73
64 80 64 80
61 74 61 64 68 74
59 68 59 61 64 68
63 79 63 79
21 65 21 59 64 65
7 70 7 45 70
56 82 56 62 74 82
67 87 67 78 81 82 87
20 56 20 23 28 35 56
51 88 51 74 85 88
7 39 7 39
44 60 44 51 60
23 47 23 25 40 43 47
12 87 12 50 79 81 82 87
9 69 9 50 60 69
17 80 17 29 57 80
24 86 24 64 80 81 83 86
63 79 63 79
75 82 75 80 81 82
67 87 67 82 87
26 45 26 30 34 45
62 80 62 72 78 80
69 88 69 88
9 50 9 24 29 36 50
1 76 1 2 60 69 76
12 89 12 27 29 75 78 81 83 89
25 33 25 33
18 83 18 22 60 78 81 83
13 16 13 16
3 66 3 16 50 59 61 66
33 70 33 39 41 70
48 78 48 58 61 66 78
6 81 6 18 19 43 44 78 80 81
51 85 51 61 66 71 82 85
16 53 16 23 28 39 41 47 53
9 16 9 16
35 78 35 63 66 78
72 84 72 84
31 56 31 56
24 64 24 50 59 61 64
26 88 26 67 82 87 88
10 44 10 17 25 35 43 44
67 87 67 82 87
51 82 51 67 82
16 76 16 68 69 76
23 84 23 66 78 84
67 82 67 78 80 82
3 31 3 15 22 31
23 57 23 35 39 41 57
0 87 0 47 75 78 80 81 82 87
60 81 60 66 78 80 81
39 57 39 41 57
24 59 24 27 41 53 59
12 63 12 17 26 30 39 41 63
5 73 5 24 73
4 87 4 70 72 87
8 68 8 58 68
9 14 9 13 14
49 58 49 51 58
43 76 43 64 69 76
21 43 21 26 40 43
54 77 54 59 61 66 77
12 56 12 17 26 28 35 56
13 68 13 28 35 39 46 49 59 64 68
46 85 46 49 76 82 85
3 11 3 11
78 85 78 81 82 85
7 66 7 26 42 51 58 61 66
37 48 37 48
1 45 1 13 16 27 34 45
15 87 15 25 64 87
4 26 4 13 26
9 24 9 13 16 24
18 79 18 21 42 62 63 79
7 56 7 14 31 56
17 89 17 60 78 84 89
37 68 37 51 64 68
75 82 75 80 81 82
10 26 10 17 26
15 71 15 21 58 61 66 71
14 34 14 21 26 30 34
52 71 52 64 71
5 30 5 7 14 30
6 50 6 21 26 28 41 50
54 88 54 81 82 85 88
47 80 47 75 80
72 87 72 78 80 82 87
28 41 28 35 39 41
34 46 34 38 42 46
19 87 19 33 72 82 87
80 89 80 81 83 89
32 52 32 48 52
39 85 39 60 69 76 82 85
0 89 0 10 78 81 83 89
10 52 10 34 45 52
21 43 21 26 28 35 43
53 58 53 58
2 25 2 14 25
3 56 3 21 26 28 35 56
38 77 38 49 77
2 41 2 18 34 38 41
6 36 6 18 19 27 29 36
24 62 24 33 37 40 62
28 80 28 39 41 67 78 80
53 64 53 58 61 64
56 78 56 78
57 82 57 80 82
27 88 27 88
12 38 12 27 34 38
23 71 23 37 48 54 59 61 64 71
28 48 28 37 48
2 18 2 18
24 81 24 30 34 46 49 51 58 78 81
34 83 34 38 60 78 81 83
9 13 9 13
34 62 34 38 42 62
26 81 26 55 57 78 81
47 73 47 67 73
2 85 2 60 66 71 82 85
46 64 46 49 59 61 64
6 59 6 40 51 59
32 89 32 51 61 83 89
54 78 54 59 66 78
45 51 45 50 51
29 87 29 57 72 78 81 82 87
43 77 43 62 63 66 77
16 85 16 76 82 85
40 71 40 60 66 71
8 82 8 41 47 67 72 82
30 78 30 53 59 61 75 78
20 23 20 23
41 47 41 47
42 60 42 51 60
40 65 40 43 64 65
9 56 9 17 20 26 28 35 56
54 78 54 67 72 78
62 80 62 72 78 80
44 57 44 55 57
6 31 6 16 31
24 64 24 54 59 61 64
38 42 38 42
9 74 9 17 51 74
36 84 36 43 52 67 72 78 84
19 73 19 20 26 55 67 73
23 57 23 57
62 79 62 63 79
24 73 24 27 58 67 73
23 42 23 37 40 42
15 22 15 22
22 88 22 33 62 63 66 77 88
19 68 19 43 46 49 59 64 68
22 72 22 72
15 87 15 22 60 78 81 82 87
7 15 7 15
33 65 33 64 65
2 54 2 13 24 30 48 54
12 72 12 44 51 58 67 72
45 83 45 75 83
2 88 2 78 84 88
25 57 25 33 39 41 57
8 55 8 13 24 55
37 68 37 59 61 64 68
53 65 53 58 64 65
59 74 59 64 68 74
42 83 42 70 71 83
8 33 8 33
13 68 13 16 31 39 58 68
36 85 36 55 61 64 69 76 82 85
40 80 40 63 66 78 80
26 55 26 28 37 40 43 44 55
59 89 59 64 81 83 89
34 59 34 44 51 59
7 15 7 15
29 52 29 48 52
56 84 56 64 71 84
2 66 2 18 63 66
48 71 48 58 64 71
33 77 33 39 57 63 66 77
49 80 49 59 61 66 78 80
36 47 36 43 47
16 78 16 62 72 78
67 72 67 72
26 76 26 68 69 76
1 50 1 3 14 31 39 41 50
63 66 63 66
37 70 37 62 70
43 46 43 46
1 53 1 26 38 41 47 53
12 20 12 17 20
25 38 25 38
27 42 27 29 37 40 42
4 79 4 21 26 30 32 44 55 57 63 79
10 51 10 24 43 46 49 51
7 42 7 26 30 34 38 42
5 64 5 44 53 58 61 64
59 71 59 71
62 65 62 63 65
50 85 50 64 71 82 85
25 84 25 38 41 66 71 84
43 77 43 44 63 66 77
25 54 25 33 37 48 54
34 41 34 38 41
37 40 37 40
19 44 19 20 23 32 44
7 74 7 41 47 53 58 61 64 68 74
30 72 30 49 51 67 72
0 34 0 24 34
6 77 6 21 42 46 49 77
64 88 64 68 69 87 88
75 89 75 78 80 83 89
5 61 5 32 58 61
17 82 17 25 62 70 80 82
25 56 25 35 56
6 77 6 31 43 44 55 57 63 66 77
26 76 26 55 61 64 68 69 76
1 74 1 58 64 68 74
42 46 42 46
30 64 30 34 46 49 51 61 64
8 9 8 9
36 89 36 59 89
16 62 16 62
50 73 50 51 67 73
8 68 8 13 68
31 53 31 43 44 53
2 73 2 33 46 49 51 73
0 79 0 20 55 63 79
34 55 34 45 55
6 47 6 17 26 40 43 47
26 67 26 38 41 67
46 83 46 49 59 66 78 81 83
24 80 24 43 80
15 22 15 22
78 82 78 81 82
52 64 52 64
6 85 6 21 58 67 82 85
32 64 32 58 61 64
34 85 34 74 85
80 88 80 82 87 88
14 33 14 19 33
27 86 27 32 53 80 81 83 86
36 73 36 43 46 49 51 67 73
25 64 25 61 64
7 29 7 27 29
37 67 37 51 67
1 60 1 49 51 60
45 70 45 70
56 84 56 64 71 84
58 75 58 61 75
6 81 6 54 59 61 75 80 81
28 77 28 41 59 66 77
27 34 27 34
18 68 18 19 27 34 46 49 59 61 64 68
55 87 55 57 72 87
17 80 17 33 64 80
20 72 20 26 40 51 58 67 72
53 59 53 59
35 43 35 43
27 63 27 29 43 44 55 63
13 87 13 49 72 82 87
12 87 12 60 78 81 82 87
5 34 5 30 34
52 71 52 64 71
67 82 67 82
8 55 8 34 44 55
58 81 58 67 78 81
27 34 27 34
31 69 31 69
22 51 22 34 44 51
38 73 38 42 46 49 51 73
9 46 9 13 24 43 46
18 30 18 19 21 26 30
17 51 17 32 51
11 35 11 20 23 25 35
6 21 6 15 21
25 50 25 35 41 50
12 56 12 26 28 35 56
49 65 49 59 64 65
53 83 53 72 78 81 83
73 88 73 88
9 56 9 20 56
5 40 5 25 33 37 40
22 66 22 60 66
15 40 15 22 33 37 40
18 76 18 76
23 59 23 37 51 59
45 77 45 52 77
19 79 19 38 41 50 79
20 51 20 39 41 50 51
36 89 36 60 78 80 81 83 89
18 19 18 19
1 82 1 82
62 66 62 63 66
64 71 64 71
10 46 10 17 29 37 40 43 46
3 50 3 15 25 35 41 50
20 73 20 73
14 68 14 28 41 68
39 77 39 46 77
38 83 38 70 72 78 81 83
64 69 64 69
18 63 18 34 38 63
4 52 4 8 34 45 52
6 21 6 15 21
41 47 41 47
28 77 28 35 41 49 59 66 77
37 52 37 48 52
50 58 50 58
11 40 11 33 37 40
42 62 42 62
33 82 33 82
31 68 31 39 58 61 64 68
21 67 21 26 40 49 51 58 67
23 57 23 57
25 54 25 33 37 48 54
51 71 51 64 71
0 48 0 24 34 48
20 80 20 79 80
23 28 23 28
19 71 19 56 62 70 71
13 43 13 14 25 33 37 40 43
11 62 11 27 34 38 42 62
54 86 54 75 83 86
38 85 38 63 66 78 80 81 82 85
57 83 57 72 78 81 83
8 77 8 34 59 77
4 60 4 60
35 57 35 41 57
35 62 35 56 62
61 86 61 66 83 86
23 47 23 25 38 41 47
21 82 21 70 72 78 80 81 82
10 17 10 17
27 43 27 29 36 37 40 43
14 86 14 25 81 83 86
35 67 35 43 52 67
22 57 22 31 43 44 55 57
0 81 0 17 20 26 67 72 78 81
34 50 34 45 50
35 56 35 56
3 28 3 11 21 26 28
13 60 13 49 51 60
11 68 11 68
5 88 5 52 86 88
21 40 21 26 28 37 40
76 82 76 82
55 67 55 67
63 66 63 66
13 72 13 72
53 89 53 58 67 72 84 89
25 82 25 64 71 82
43 78 43 70 72 78
1 66 1 7 62 63 66
30 60 30 32 44 60
24 48 24 29 37 48
6 71 6 16 31 56 62 63 66 71
38 59 38 41 53 59
56 80 56 62 63 80
24 52 24 34 45 52
11 27 11 27
43 49 43 46 49
51 80 51 80
37 66 37 50 58 61 66
9 25 9 13 14 25
45 69 45 61 64 68 69
34 80 34 44 60 78 80
15 52 15 22 43 52
6 17 6 17
13 16 13 16
55 57 55 57
14 42 14 28 37 40 42
21 81 21 42 64 81
40 80 40 42 59 61 75 78 80
72 82 72 78 81 82
2 65 2 18 59 64 65
9 26 9 17 20 26
28 78 28 37 62 63 66 78
40 74 40 62 74
46 61 46 49 51 61
22 59 22 34 44 51 59
20 75 20 40 49 51 59 61 75
6 79 6 62 63 79
27 44 27 32 44
45 80 45 64 80
8 60 8 9 24 43 44 51 60
39 60 39 46 49 51 60
15 21 15 21
54 87 54 80 81 82 87
40 49 40 43 46 49
6 67 6 27 54 67
20 54 20 54
22 48 22 34 48
10 85 10 63 66 78 81 82 85
22 33 22 33
18 73 18 27 58 73
1 74 1 7 45 50 51 58 68 74
1 43 1 37 40 43
19 62 19 43 62
21 73 21 42 46 49 51 67 73
40 47 40 43 47
37 77 37 40 60 66 77
48 68 48 52 64 68
11 52 11 27 29 48 52
54 75 54 75
25 73 25 40 43 52 67 73
27 76 27 32 53 58 64 69 76
20 48 20 26 30 32 48
76 88 76 82 85 88
45 83 45 75 78 81 83
24 85 24 29 79 80 82 85
32 44 32 44
22 54 22 25 33 37 48 54
29 59 29 43 47 53 59
13 57 13 14 34 55 57
4 54 4 8 33 37 48 54
19 43 19 21 40 43
25 86 25 71 83 86
40 77 40 42 51 67 77
25 59 25 40 42 51 59
33 51 33 39 41 50 51
36 72 36 55 70 72
45 68 45 64 68
28 59 28 49 51 59
31 68 31 56 64 68
19 42 19 20 26 40 42
61 83 61 64 80 83
15 53 15 30 39 41 47 53
7 85 7 14 21 59 69 76 82 85
28 76 28 41 59 69 76
5 40 5 24 27 29 37 40
13 16 13 16
12 27 12 27
26 38 26 30 34 38
1 28 1 3 11 18 19 21 26 28
8 31 8 13 16 31
2 74 2 56 74
11 75 11 27 32 58 61 75
10 30 10 17 26 30
37 58 37 49 51 58
4 40 4 40
19 72 19 38 70 72
57 86 57 63 79 83 86
27 43 27 29 36 43
72 82 72 82
45 79 45 50 79
45 55 45 55
14 55 14 30 34 45 55
50 76 50 64 69 76
10 51 10 44 51
62 83 62 70 81 83
15 21 15 21
21 51 21 26 42 46 49 51
26 50 26 30 41 50
31 81 31 56 64 80 81
37 86 37 49 51 86
6 88 6 88
80 89 80 83 89
23 79 23 25 38 42 62 63 79
25 89 25 80 81 83 89
22 35 22 25 35
0 82 0 59 71 82
59 64 59 61 64
13 39 13 24 33 39
39 41 39 41
33 78 33 72 78
7 48 7 26 30 32 48
59 82 59 61 66 78 80 82
43 46 43 46
15 74 15 58 68 74
6 55 6 21 26 40 43 44 55
51 65 51 58 61 64 65
33 67 33 46 49 51 67
13 16 13 16
63 79 63 79
8 66 8 33 46 49 59 66
4 56 4 23 28 35 56
4 38 4 21 26 38
2 44 2 33 37 40 43 44
57 81 57 80 81
47 75 47 53 58 61 75
33 46 33 37 40 43 46
1 74 1 68 74
0 40 0 27 29 37 40
5 36 5 36
8 55 8 40 43 44 55
13 62 13 36 43 62
1 86 1 78 80 81 83 86
33 49 33 37 49
22 45 22 34 45
39 57 39 41 57
50 79 50 79
4 14 4 8 9 13 14
9 69 9 50 58 68 69
9 81 9 60 66 78 81
27 57 27 44 55 57
36 61 36 59 61
2 87 2 72 82 87
12 75 12 50 51 59 61 75
38 62 38 42 62
35 47 35 39 41 47
6 62 6 16 28 35 56 62
41 80 41 53 72 78 80
54 88 54 71 88
19 62 19 26 40 62
50 84 50 64 71 84
30 71 30 49 59 61 66 71
13 26 13 20 26
17 52 17 32 48 52
37 46 37 40 42 46
1 32 1 13 24 32
79 88 79 84 88
15 81 15 22 34 50 59 64 80 81
8 40 8 33 37 40
11 46 11 21 40 42 46
3 35 3 18 22 25 35
66 83 66 83
8 75 8 9 45 61 75
0 64 0 27 52 64
18 74 18 21 59 61 64 68 74
61 88 61 88
70 78 70 72 78
23 57 23 25 57
10 45 10 34 45
41 50 41 50
12 55 12 27 44 55
32 44 32 44
50 73 50 51 73
19 56 19 26 28 35 56
25 71 25 33 49 59 66 71
15 52 15 21 40 43 52
16 74 16 44 64 68 74
25 67 25 38 41 67
62 80 62 70 80
2 76 2 13 46 49 76
20 71 20 59 71
63 82 63 79 81 82
55 76 55 58 61 64 69 76
3 39 3 33 39
9 62 9 20 26 38 42 62
26 59 26 40 43 46 49 59
33 77 33 52 77
23 88 23 28 69 88
10 36 10 17 29 36
11 86 11 18 21 58 61 66 78 81 83 86
15 78 15 46 49 72 78
2 60 2 13 29 43 44 60
67 77 67 77
3 82 3 51 59 64 68 74 82
58 61 58 61
5 79 5 44 63 79
5 70 5 25 38 70
42 60 42 51 60
6 73 6 73
25 55 25 40 43 44 55
34 44 34 44
56 64 56 64
51 64 51 61 64
20 56 20 26 28 35 56
1 42 1 26 28 37 40 42
43 73 43 47 53 58 73
30 78 30 39 57 78
63 65 63 65
19 87 19 33 64 82 87
45 61 45 54 59 61
6 36 6 24 27 29 36
34 66 34 46 49 59 66
1 76 1 37 49 51 58 64 69 76
23 41 23 25 35 39 41
45 84 45 54 72 78 84
6 31 6 15 22 31
21 69 21 40 43 44 64 69
26 62 26 38 42 62
46 60 46 49 51 60
10 20 10 17 20
0 31 0 13 14 31
13 55 13 28 35 43 44 55
7 57 7 41 57
20 51 20 49 51
19 61 19 20 39 41 50 51 61
6 47 6 21 40 43 47
26 38 26 38
6 73 6 16 48 58 73
40 44 40 43 44
58 84 58 67 72 84
19 86 19 43 46 49 59 61 66 71 83 86
8 77 8 62 63 66 77
42 49 42 46 49
57 84 57 78 84
42 59 42 46 49 59
14 49 14 31 39 46 49
1 55 1 19 33 37 40 43 44 55
30 85 30 34 81 82 85
5 35 5 6 16 23 25 35
11 36 11 27 29 36
21 54 21 26 30 54
0 79 0 44 55 79
32 48 32 48
20 79 20 39 41 57 63 79
70 88 70 72 87 88
46 61 46 49 51 61
17 45 17 26 30 34 45
8 65 8 34 54 59 61 64 65
35 59 35 43 46 49 59
52 64 52 64
26 30 26 30
58 88 58 77 87 88
3 35 3 23 25 35
47 75 47 61 75
19 86 19 56 78 81 83 86
2 13 2 9 13
23 84 23 78 84
24 88 24 77 88
85 88 85 88
2 38 2 9 13 16 38
17 88 17 20 74 85 88
51 67 51 58 67
12 57 12 27 29 36 37 40 43 44 55 57
22 66 22 60 66
2 47 2 33 37 40 43 47
52 84 52 67 72 78 84
21 55 21 40 43 44 55
53 80 53 58 61 66 78 80
15 79 15 25 35 43 44 63 79
2 36 2 18 27 29 36
79 80 79 80
35 66 35 63 66
73 88 73 88
21 88 21 59 71 84 88
6 55 6 17 26 30 32 44 55
2 31 2 13 14 31
28 77 28 77
0 10 0 10
6 71 6 37 40 62 70 71
0 37 0 10 24 27 29 37
4 70 4 41 70
4 32 4 30 32
56 82 56 74 82
48 79 48 79
23 86 23 70 86
11 46 11 18 20 23 37 40 42 46
4 84 4 21 59 66 71 84
47 67 47 53 58 67
41 47 41 47
7 14 7 14
8 58 8 58
40 65 40 63 65
51 71 51 59 64 71
30 49 30 49
11 38 11 20 26 30 34 38
49 72 49 72
7 71 7 32 47 61 64 71
10 78 10 52 78
34 59 34 50 59
35 61 35 41 59 61
0 10 0 10
29 80 29 36 43 80
32 59 32 44 53 59
30 45 30 34 45
14 28 14 28
19 41 19 20 30 39 41
12 28 12 17 20 26 28
16 60 16 29 37 50 60
30 75 30 54 75
3 53 3 33 39 41 53
31 50 31 39 41 50
30 60 30 49 51 60
30 65 30 32 44 55 57 65
5 32 5 7 27 32
21 50 21 26 28 39 41 50
48 52 48 52
35 59 35 59
8 27 8 9 16 27
58 78 58 61 66 78
25 49 25 33 49
9 17 9 17
25 69 25 33 37 59 69
50 68 50 58 61 64 68
50 61 50 51 59 61
24 48 24 34 48
40 43 40 43
79 80 79 80
59 86 59 61 64 86
79 81 79 80 81
0 24 0 24
12 71 12 60 66 71
16 60 16 29 43 44 51 60
9 40 9 13 29 36 37 40
40 51 40 43 44 51
11 64 11 27 58 61 64
26 81 26 75 78 80 81
16 76 16 28 39 60 69 76
22 67 22 43 46 49 51 67
12 49 12 24 34 46 49
6 54 6 17 32 48 54
23 47 23 35 39 41 47
9 46 9 20 40 43 46
12 58 12 45 50 51 58
18 28 18 20 23 28
11 38 11 18 20 30 34 38
14 70 14 30 32 44 55 70
2 78 2 57 72 78
7 69 7 25 61 64 68 69
17 70 17 34 44 55 70
58 74 58 68 74
0 30 0 20 30
27 40 27 29 37 40
46 83 46 49 51 60 78 81 83
35 43 35 43
56 81 56 64 81
1 60 1 39 46 49 51 60
59 82 59 71 82
9 69 9 60 69
14 34 14 19 27 34
16 37 16 28 37
15 40 15 21 26 28 37 40
29 43 29 43
40 75 40 51 58 61 75
1 32 1 7 32
15 60 15 60
10 67 10 24 29 36 55 67
19 34 19 21 26 30 34
6 36 6 27 29 36
36 81 36 67 72 78 81
0 77 0 43 62 63 66 77
66 82 66 71 82
1 50 1 19 33 39 41 50
19 75 19 21 42 59 61 75
39 77 39 41 77
20 51 20 49 51
30 54 30 54
4 37 4 21 26 28 37
45 68 45 54 59 64 68
50 68 50 59 64 68
51 60 51 60
5 52 5 37 52
31 81 31 43 46 49 51 67 72 78 80 81
16 73 16 44 51 67 73
75 83 75 78 80 83
16 23 16 23
5 72 5 32 47 67 72
43 86 43 75 83 86
1 49 1 2 31 39 41 49
34 49 34 38 42 46 49
15 52 15 21 40 43 52
24 34 24 27 34
45 61 45 50 58 61
39 65 39 65
47 89 47 61 83 89
79 83 79 80 83
54 71 54 71
46 66 46 49 51 59 66
31 61 31 39 41 47 53 59 61
11 89 11 59 64 81 83 89
25 69 25 61 64 68 69
27 32 27 32
12 55 12 26 30 44 55
9 38 9 20 26 38
14 58 14 25 38 49 51 58
35 67 35 43 52 67
31 75 31 39 41 50 59 61 75
4 40 4 8 33 37 40
28 87 28 77 87
54 72 54 67 72
44 81 44 63 66 78 80 81
28 69 28 68 69
14 53 14 34 47 53
4 69 4 13 46 49 59 61 64 69
13 64 13 26 28 58 61 64
17 29 17 29
13 24 13 16 24
49 88 49 59 69 87 88
38 80 38 70 80
55 89 55 63 79 80 81 83 89
37 46 37 40 42 46
6 18 6 18
30 79 30 44 55 79
17 20 17 20
0 29 0 24 29
46 82 46 49 72 82
59 83 59 64 71 83
42 65 42 57 65
46 61 46 49 59 61
4 72 4 30 50 51 67 72
27 52 27 34 48 52
23 43 23 37 40 43
11 52 11 27 29 37 52
41 79 41 63 79
10 29 10 24 27 29
19 42 19 38 42
52 72 52 67 72
30 78 30 72 78
16 62 16 24 27 29 43 62
26 88 26 88
14 52 14 31 43 52
3 14 3 14
58 66 58 61 66
2 86 2 18 72 78 81 83 86
0 76 0 17 51 64 68 69 76
23 38 23 25 38
7 61 7 32 58 61
5 21 5 7 15 21
28 60 28 41 49 51 60
5 42 5 36 37 40 42
22 25 22 25
29 86 29 80 81 83 86
6 39 6 31 39
34 66 34 44 51 61 66
0 53 0 44 53
45 86 45 57 83 86
50 64 50 64
13 85 13 36 55 58 61 66 78 81 82 85
40 71 40 49 51 64 71
7 19 7 14 19
46 67 46 49 51 67
18 35 18 20 26 28 35
4 21 4 8 9 13 14 21
12 58 12 17 58
49 74 49 51 58 68 74
48 88 48 58 67 82 85 88
23 55 23 32 44 55
37 50 37 50
4 77 4 77
57 78 57 72 78
43 60 43 46 49 51 60
36 84 36 66 71 84
23 87 23 82 87
23 81 23 57 78 80 81
42 65 42 59 61 64 65
79 89 79 80 81 83 89
12 24 12 24
37 87 37 51 80 82 87
33 53 33 39 41 53
3 27 3 16 27
26 81 26 40 49 51 67 72 78 81
48 80 48 61 64 80
20 59 20 30 41 47 53 59
5 23 5 7 14 19 20 23
59 68 59 64 68
25 56 25 35 56
64 89 64 80 81 83 89
58 76 58 61 64 69 76
33 37 33 37
27 34 27 34
27 81 27 44 53 58 67 78 81
51 64 51 59 61 64
5 14 5 7 14
7 43 7 26 40 43
10 47 10 17 32 47
22 31 22 31
60 78 60 66 78
5 34 5 30 34
53 64 53 58 64
13 20 13 20
25 79 25 57 63 79
22 59 22 34 59
55 86 55 63 83 86
57 65 57 63 65
18 38 18 20 26 30 34 38
20 32 20 23 32
33 72 33 51 67 72
12 75 12 37 51 59 61 75
27 53 27 41 53
63 80 63 80
81 82 81 82
10 33 10 24 33
4 71 4 23 28 37 40 60 66 71
24 77 24 27 34 48 61 66 77
34 85 34 74 82 85
14 79 14 28 35 43 44 79
2 47 2 18 22 33 37 40 43 47
4 87 4 60 82 87
44 51 44 51
19 55 19 20 40 43 44 55
25 54 25 33 37 48 54
28 78 28 41 67 78
7 88 7 57 83 88
33 78 33 51 59 66 78
18 27 18 19 27
57 89 57 83 89
14 19 14 19
49 88 49 77 88
48 52 48 52
14 72 14 28 58 67 72
33 74 33 64 68 74
46 85 46 49 69 76 82 85
36 43 36 37 40 43
23 33 23 25 33
30 58 30 39 58
6 27 6 18 27
19 72 19 62 70 72
34 83 34 50 59 66 78 80 81 83
54 86 54 81 83 86
21 49 21 42 46 49
43 68 43 46 49 51 61 64 68
42 65 42 57 63 65
49 76 49 59 64 69 76
40 52 40 43 52
20 59 20 30 48 54 59
24 54 24 30 34 54
21 44 21 40 43 44
32 63 32 44 63
2 33 2 18 20 23 25 33
40 78 40 78
61 75 61 75
63 82 63 66 78 81 82
37 70 37 62 70
14 88 14 31 68 69 76 82 85 88
42 57 42 57
8 88 8 69 88
28 43 28 35 43
26 84 26 75 78 84
17 20 17 20
29 72 29 70 72
20 52 20 26 28 35 43 52
27 48 27 32 48
13 24 13 24
23 88 23 28 37 62 72 84 88
24 64 24 32 58 61 64
20 89 20 79 81 83 89
5 21 5 6 18 19 21
14 53 14 30 53
23 39 23 28 39
25 85 25 61 66 71 82 85
33 50 33 37 50
20 57 20 30 32 44 55 57
64 65 64 65
2 66 2 33 61 66
23 89 23 35 89
47 58 47 53 58
7 27 7 27
3 48 3 15 26 30 48
31 49 31 39 46 49
23 37 23 25 33 37
8 82 8 40 78 80 82
16 62 16 28 35 56 62
7 64 7 40 51 59 64
3 31 3 15 22 31
3 31 3 14 31
74 85 74 85
30 53 30 39 41 47 53
35 59 35 59
43 57 43 44 55 57
41 87 41 53 58 68 69 76 82 87
25 79 25 38 42 57 63 79
23 67 23 32 44 53 58 67
24 81 24 27 78 80 81
42 71 42 46 49 51 58 64 71
47 89 47 75 78 81 83 89
30 65 30 53 59 61 64 65
75 82 75 78 81 82
19 20 19 20
4 69 4 40 49 69
55 77 55 57 63 66 77
12 24 12 24
8 74 8 28 68 74
53 66 53 59 61 66
1 9 1 3 9
3 82 3 11 18 21 58 64 68 69 76 82
19 43 19 43
15 63 15 30 32 44 63
38 73 38 49 51 67 73
40 62 40 62
9 49 9 24 27 29 43 46 49
16 24 16 24
44 64 44 64
17 29 17 29
12 45 12 26 30 34 45
19 43 19 20 23 28 35 43
34 66 34 44 61 66
0 48 0 24 33 37 48
36 61 36 43 46 49 51 58 61
42 64 42 64
67 89 67 72 78 80 83 89
44 63 44 55 57 63
61 76 61 64 69 76
21 74 21 58 64 68 74
43 70 43 44 55 70
37 52 37 40 43 52
27 72 27 58 67 72
13 64 13 64
8 86 8 62 63 66 83 86
6 26 6 17 20 26
23 43 23 37 40 43
1 7 1 7
42 73 42 51 67 73
18 64 18 21 58 61 64
18 59 18 22 43 47 53 59
49 67 49 51 67
8 84 8 9 13 84
52 64 52 64
6 17 6 17
37 44 37 40 43 44
67 82 67 78 80 81 82
35 71 35 43 70 71
11 27 11 18 19 27
15 76 15 58 64 69 76
6 58 6 27 41 53 58
25 79 25 33 39 57 63 79
9 49 9 13 26 42 46 49
18 47 18 22 25 33 39 41 47
23 44 23 28 37 40 43 44
16 76 16 23 25 69 76
16 83 16 78 80 81 83
71 88 71 83 86 88
17 80 17 20 66 78 80
21 42 21 40 42
2 70 2 9 17 32 44 55 70
37 48 37 48
55 79 55 57 63 79
63 81 63 80 81
26 83 26 80 81 83
1 29 1 2 14 19 27 29
0 87 0 45 77 87
12 25 12 17 25
62 66 62 63 66
42 69 42 51 58 61 64 69
12 37 12 24 33 37
37 66 37 48 54 59 66
6 54 6 17 20 32 48 54
1 75 1 13 24 30 34 44 61 75
25 89 25 62 63 80 83 89
68 74 68 74
6 34 6 24 30 34
44 74 44 64 68 74
18 72 18 27 54 67 72
29 53 29 36 37 40 43 47 53
4 59 4 21 26 38 59
45 81 45 67 78 80 81
26 69 26 69
63 78 63 66 78
11 77 11 59 61 66 77
12 17 12 17
10 47 10 47
18 46 18 27 34 38 42 46
19 80 19 20 39 57 72 78 80
30 72 30 72
75 82 75 82
23 66 23 37 49 51 61 66
58 74 58 61 64 68 74
3 72 3 58 67 72
22 43 22 43
45 61 45 55 61
16 60 16 50 51 60
10 78 10 24 27 78
59 66 59 61 66
14 59 14 31 39 46 49 51 59
72 80 72 78 80
35 86 35 63 79 80 81 83 86
50 78 50 51 67 72 78
4 80 4 70 80
19 41 19 38 41
67 87 67 72 87
36 50 36 37 50
8 42 8 9 16 29 36 37 40 42
13 20 13 14 19 20
3 21 3 9 13 14 19 21
42 70 42 62 70
37 42 37 40 42
29 52 29 48 52
23 67 23 37 49 51 58 67
3 30 3 14 30
28 78 28 49 51 67 72 78
3 56 3 21 26 28 35 56
58 67 58 67
21 79 21 26 40 43 62 63 79
55 63 55 63
18 39 18 19 33 39
72 87 72 82 87
23 78 23 78
34 47 34 47
8 33 8 33
11 73 11 58 67 73
8 33 8 33
55 67 55 58 67
16 34 16 27 34
44 61 44 51 61
45 68 45 55 61 64 68
64 82 64 81 82
43 68 43 47 53 58 61 64 68
34 50 34 45 50
25 54 25 33 37 48 54
37 60 37 51 60
11 26 11 20 26
10 87 10 60 66 77 87
20 86 20 39 60 78 80 81 83 86
18 49 18 21 26 42 46 49
22 73 22 33 37 51 67 73
42 87 42 51 59 77 87
58 77 58 61 66 77
30 76 30 76
43 65 43 52 64 65
33 81 33 64 80 81
42 69 42 51 60 69
52 67 52 67
25 73 25 35 41 47 67 73
27 78 27 32 53 72 78
33 59 33 37 49 59
1 2 1 2
52 78 52 78
11 67 11 58 67
32 88 32 66 78 81 83 86 88
22 66 22 43 44 63 66
17 67 17 29 48 54 67
52 67 52 67
34 80 34 67 78 80
75 89 75 78 80 81 83 89
14 68 14 28 64 68
34 59 34 54 59
13 37 13 36 37
8 70 8 28 35 43 44 55 70
16 50 16 28 37 50
21 26 21 26
15 85 15 69 76 82 85
59 74 59 61 64 68 74
9 14 9 13 14
19 26 19 26
47 85 47 53 59 64 81 82 85
4 76 4 23 32 44 51 64 69 76
8 78 8 40 51 67 72 78
35 65 35 39 58 61 64 65
5 57 5 36 43 44 55 57
12 17 12 17
43 65 43 65
21 34 21 26 30 34
1 43 1 7 28 35 43
8 27 8 13 14 19 27
34 44 34 44
18 21 18 19 21
10 86 10 34 38 60 66 78 81 83 86
83 86 83 86
0 78 0 44 61 75 78
11 68 11 59 64 68
3 15 3 15
17 39 17 33 39
1 35 1 13 14 21 26 28 35
48 83 48 83
8 68 8 13 48 61 64 68
22 88 22 62 72 87 88
8 41 8 41
31 85 31 68 74 82 85
25 44 25 35 43 44
3 85 3 16 27 58 85
31 70 31 39 41 70
55 83 55 67 72 78 80 83
30 54 30 34 45 54
0 10 0 10
16 81 16 44 79 80 81
42 87 42 46 49 72 78 81 82 87
18 38 18 34 38
5 24 5 6 24
30 57 30 44 55 57
24 29 24 27 29
39 49 39 46 49
3 37 3 37
24 55 24 33 37 40 43 44 55
56 82 56 78 80 82
37 40 37 40
8 34 8 13 24 34
2 60 2 31 39 60
3 72 3 37 48 72
34 49 34 38 41 49
5 66 5 36 37 50 60 66
27 59 27 54 59
24 51 24 43 44 51
11 85 11 18 19 38 70 80 82 85
17 75 17 33 46 49 51 59 61 75
30 54 30 54
7 85 7 15 69 76 82 85
80 89 80 83 89
0 51 0 27 41 49 51
18 46 18 22 25 33 46
22 85 22 60 66 78 81 82 85
11 54 11 27 54
23 71 23 44 64 71
11 31 11 18 22 31
40 43 40 43
25 85 25 40 64 80 81 82 85
30 41 30 39 41
45 80 45 63 80
21 43 21 40 43
0 45 0 13 14 30 34 45
29 81 29 75 80 81
26 85 26 75 80 82 85
7 84 7 49 51 58 61 66 71 84
42 82 42 62 70 72 78 81 82
17 26 17 26
72 84 72 84
27 60 27 34 38 42 51 60
16 35 16 23 28 35
11 37 11 33 37
27 44 27 32 44
1 39 1 39
31 79 31 39 41 63 79
7 47 7 43 47
36 61 36 37 49 51 59 61
18 55 18 27 34 44 55
25 76 25 35 69 76
55 76 55 61 64 69 76
34 50 34 45 50
41 67 41 53 58 67
24 51 24 30 41 50 51
6 25 6 16 23 25
2 44 2 13 16 24 27 32 44
52 77 52 77
54 76 54 59 61 64 69 76
45 70 45 70
50 84 50 60 66 71 84
33 62 33 37 40 43 62
28 62 28 37 62
7 58 7 43 46 49 51 58
14 79 14 19 20 55 79
6 61 6 24 29 48 58 61
42 75 42 59 61 75
0 76 0 44 60 69 76
1 45 1 3 9 24 27 34 45
57 86 57 86
20 46 20 40 43 46
1 78 1 19 62 63 66 78
6 23 6 17 20 23
13 48 13 48
13 26 13 14 21 26
43 46 43 46
11 50 11 21 26 28 41 50
39 57 39 57
9 24 9 13 16 24
40 43 40 43
21 42 21 42
15 31 15 22 31
33 82 33 61 75 78 80 81 82
31 53 31 43 44 53
45 69 45 61 64 68 69
11 34 11 27 34
2 81 2 56 62 70 81
30 69 30 44 64 68 69
40 46 40 43 46
54 80 54 80
18 42 18 19 33 37 40 42
19 26 19 21 26
21 51 21 26 28 46 49 51
33 81 33 64 80 81
12 70 12 27 29 43 44 55 70
27 75 27 41 50 59 61 75
14 79 14 42 57 63 79
16 89 16 44 79 83 89
17 70 17 32 44 55 70
13 36 13 16 29 36
39 84 39 60 78 84
24 81 24 80 81
61 86 61 83 86
19 34 19 20 26 30 34
2 56 2 56
0 87 0 47 75 82 87
47 84 47 75 78 84
0 19 0 13 14 19
60 71 60 66 71
28 88 28 35 72 84 88
24 63 24 43 62 63
41 65 41 53 58 61 64 65
45 86 45 67 78 80 83 86
18 73 18 34 44 53 58 67 73
7 84 7 62 72 84
67 72 67 72
60 87 60 78 81 82 87
6 74 6 62 74
25 48 25 33 37 48
12 17 12 17
38 89 38 89
15 41 15 25 33 39 41
25 50 25 35 39 41 50
78 82 78 80 81 82
46 85 46 49 69 76 82 85
2 56 2 9 17 25 35 56
0 19 0 13 14 19
0 71 0 48 61 66 71
64 86 64 80 83 86
23 74 23 37 49 51 59 61 64 68 74
35 66 35 56 62 63 66
5 89 5 81 83 89
13 16 13 16
37 58 37 50 51 58
38 47 38 41 47
71 83 71 83
52 87 52 80 81 82 87
3 23 3 14 19 20 23
14 53 14 25 33 37 40 43 47 53
27 54 27 54
8 43 8 9 29 43
42 80 42 59 61 64 80
12 70 12 41 70
23 32 23 32
8 83 8 33 39 60 78 80 81 83
5 83 5 33 61 83
7 54 7 33 37 48 54
25 69 25 33 49 69
3 82 3 51 58 78 81 82
35 61 35 41 59 61
14 31 14 31
17 75 17 34 46 49 59 61 75
22 72 22 33 52 67 72
0 77 0 48 54 59 61 66 77
38 47 38 41 47
31 79 31 43 62 63 79
75 80 75 80
18 73 18 27 54 73
53 71 53 58 64 71
15 30 15 26 30
8 30 8 9 24 30
19 27 19 27
45 50 45 50
4 14 4 8 9 13 14
12 34 12 27 34
0 52 0 24 29 43 52
10 59 10 32 47 53 59
1 13 1 13
40 60 40 42 46 49 51 60
2 59 2 23 35 59
16 44 16 29 37 40 43 44
7 87 7 41 66 71 82 87
15 64 15 46 49 59 64
58 82 58 61 66 78 81 82
6 82 6 80 82
30 57 30 34 55 57
12 86 12 32 66 78 81 83 86
10 36 10 17 29 36
14 21 14 21
15 60 15 21 40 43 46 49 51 60
39 65 39 57 63 65
25 35 25 35
47 71 47 61 66 71
21 64 21 58 64
47 80 47 67 78 80
69 87 69 87
35 76 35 56 64 68 69 76
31 83 31 39 46 49 72 78 81 83
28 73 28 49 51 58 73
33 49 33 49
2 24 2 13 24
17 74 17 55 61 64 68 74
62 70 62 70
29 55 29 43 44 55
18 72 18 21 42 62 70 72
67 72 67 72
44 87 44 61 64 68 69 76 82 87
33 73 33 39 58 67 73
27 66 27 53 58 61 66
59 88 59 66 78 85 88
34 45 34 45
12 32 12 32
82 85 82 85
34 59 34 48 54 59
46 68 46 49 59 61 64 68
57 63 57 63
3 15 3 15
45 77 45 77
38 77 38 59 66 77
54 78 54 67 78
24 54 24 30 32 48 54
41 68 41 50 58 68
8 36 8 9 29 36
3 39 3 15 22 25 35 39
5 87 5 25 33 72 87
36 47 36 43 47
3 9 3 9
10 44 10 32 44
6 16 6 16
38 42 38 42
6 60 6 21 42 51 60
8 27 8 13 14 19 27
0 31 0 13 14 31
4 74 4 68 74
32 59 32 44 51 59
35 56 35 56
33 46 33 37 40 42 46
29 84 29 36 48 72 78 84
52 77 52 77
51 58 51 58
51 59 51 59
32 70 32 44 55 70
43 60 43 46 49 51 60
8 66 8 41 49 51 61 66
3 49 3 23 28 49
9 81 9 32 51 67 72 78 81
59 83 59 61 66 78 80 83
19 48 19 21 26 28 37 48
61 75 61 75
64 81 64 81
21 89 21 58 61 83 89
51 67 51 67
6 82 6 54 78 81 82
30 63 30 44 63
50 51 50 51
43 52 43 52
3 39 3 30 39
61 82 61 66 71 82
5 30 5 6 30
6 71 6 62 63 66 71
56 64 56 64
17 79 17 34 55 57 63 79
10 71 10 58 64 71
3 49 3 15 22 25 38 41 49
2 50 2 9 45 50
39 66 39 60 66
13 67 13 48 54 67
2 14 2 13 14
23 37 23 37
8 9 8 9
21 73 21 40 49 51 58 73
16 62 16 23 25 33 37 40 42 62
51 65 51 61 64 65
17 69 17 32 48 52 64 69
10 45 10 30 34 45
38 65 38 41 49 51 64 65
44 53 44 53
28 64 28 39 46 49 59 64
22 31 22 31
15 87 15 46 77 87
6 61 6 21 59 61
35 61 35 43 47 53 59 61
7 74 7 43 62 74
44 67 44 55 67
15 79 15 21 40 43 62 63 79
9 58 9 17 29 37 49 51 58
0 19 0 13 14 19
27 78 27 78
5 61 5 33 46 49 51 58 61
56 68 56 64 68
5 67 5 32 47 53 58 67
57 72 57 72
14 44 14 25 33 37 40 43 44
68 74 68 74
28 68 28 41 59 61 64 68
28 85 28 78 81 82 85
19 30 19 20 30
34 79 34 55 57 63 79
48 88 48 58 73 88
5 64 5 64
7 48 7 25 33 37 48
3 14 3 14
22 42 22 25 38 42
25 76 25 35 39 69 76
16 44 16 27 29 36 37 40 43 44
1 30 1 2 9 20 30
20 77 20 32 47 77
46 82 46 49 59 61 66 71 82
49 64 49 59 61 64
29 43 29 37 40 43
34 85 34 81 82 85
36 37 36 37
70 88 70 81 83 86 88
0 52 0 48 52
26 80 26 80
6 29 6 24 27 29
8 20 8 13 20
43 57 43 44 55 57
3 80 3 38 70 80
24 81 24 80 81
43 68 43 47 61 64 68
24 85 24 29 37 52 67 78 81 82 85
29 64 29 37 51 61 64
36 83 36 43 70 81 83
2 41 2 14 25 33 39 41
24 48 24 32 48
32 59 32 44 51 59
3 31 3 11 18 22 31
61 68 61 64 68
3 51 3 37 49 51
47 75 47 61 75
23 81 23 44 78 81
32 79 32 48 79
1 89 1 49 77 89
69 87 69 87
12 49 12 37 49
11 37 11 21 26 28 37
34 45 34 45
25 33 25 33
58 73 58 67 73
47 72 47 53 72
34 52 34 45 52
13 76 13 68 69 76
3 67 3 58 67
52 64 52 64
21 61 21 40 51 61
24 42 24 33 37 40 42
36 71 36 50 64 71
16 33 16 24 33
24 87 24 55 61 64 71 82 87
2 38 2 9 13 26 38
39 77 39 57 63 66 77
13 14 13 14
2 88 2 72 84 88
24 80 24 43 62 72 78 80
1 74 1 49 59 64 68 74
25 62 25 38 42 62
35 61 35 41 50 51 58 61
56 74 56 74
23 62 23 28 35 43 62
17 42 17 25 40 42
57 72 57 72
0 71 0 57 63 66 71
10 42 10 24 34 38 42
10 89 10 32 71 84 89
28 60 28 37 40 43 44 51 60
2 41 2 33 39 41
30 75 30 39 58 61 75
60 78 60 78
35 41 35 39 41
56 69 56 64 68 69
29 62 29 36 37 62
1 50 1 13 24 30 41 50
49 87 49 76 82 87
5 87 5 32 48 72 87
37 60 37 51 60
50 67 50 51 58 67
21 26 21 26
10 52 10 48 52
27 38 27 34 38
11 58 11 27 29 43 47 53 58
57 84 57 63 79 84
6 60 6 30 50 51 60
60 83 60 66 71 83
27 63 27 41 57 63
25 48 25 33 37 48
33 51 33 51
10 39 10 17 20 26 30 39
7 34 7 27 34
49 51 49 51
3 59 3 51 59
51 81 51 60 78 81
36 74 36 59 64 68 74
8 42 8 40 42
1 37 1 26 28 37
33 61 33 61
47 89 47 83 89
14 70 14 30 34 38 70
29 83 29 37 40 72 78 81 83
15 80 15 30 72 78 80
10 34 10 17 34
45 51 45 50 51
13 39 13 16 28 35 39
53 77 53 58 77
19 86 19 62 72 86
47 83 47 80 83
13 24 13 16 24
25 83 25 33 49 51 61 64 80 81 83
44 63 44 63
24 40 24 33 37 40
3 16 3 16
23 47 23 28 37 40 43 47
78 80 78 80
67 84 67 78 84
28 60 28 49 51 60
35 50 35 41 50
18 21 18 21
36 81 36 60 66 78 80 81
26 58 26 55 58
51 80 51 58 61 64 80
33 62 33 37 40 42 62
43 52 43 52
64 86 64 86
45 75 45 61 75
19 59 19 38 41 47 53 59
55 87 55 67 78 81 82 87
23 79 23 44 63 79
1 37 1 7 25 33 37
26 69 26 69
18 32 18 19 30 32
34 38 34 38
20 51 20 49 51
7 49 7 38 41 49
8 88 8 69 88
10 47 10 17 34 47
86 88 86 88
4 89 4 41 77 89
46 77 46 49 77
15 77 15 60 66 77
31 68 31 43 44 51 59 64 68
2 44 2 9 16 31 43 44
19 20 19 20
39 41 39 41
2 68 2 31 56 64 68
17 88 17 20 55 79 83 88
17 43 17 25 35 43
58 71 58 64 71
40 76 40 76
9 74 9 32 51 64 68 74
12 66 12 44 61 66
8 68 8 58 64 68
59 71 59 64 71
37 84 37 51 58 61 64 71 84
13 28 13 20 23 28
10 58 10 24 30 39 46 49 51 58
0 13 0 13
18 22 18 22
14 70 14 21 26 30 39 41 70
6 77 6 40 63 66 77
24 79 24 50 79
3 66 3 18 19 33 46 49 51 60 66
23 79 23 25 79
52 78 52 67 78
24 77 24 52 77
24 79 24 34 79
25 89 25 61 83 89
16 24 16 24
21 88 21 70 81 83 86 88
25 33 25 33
26 84 26 67 72 84
3 87 3 76 82 87
35 74 35 43 47 61 64 68 74
7 48 7 15 22 34 48
23 37 23 25 33 37
55 58 55 58
61 76 61 64 69 76
1 20 1 7 14 19 20
64 87 64 68 69 76 82 87
43 84 43 75 78 84
16 25 16 23 25
3 13 3 9 13
17 55 17 20 55
6 20 6 18 19 20
17 68 17 58 61 64 68
3 77 3 30 48 52 77
52 67 52 67
57 80 57 63 66 78 80
21 65 21 40 63 65
16 88 16 83 88
18 19 18 19
22 49 22 34 38 42 46 49
25 40 25 33 37 40
17 78 17 51 58 78
11 61 11 59 61
45 77 45 57 63 66 77
26 56 26 28 35 56
10 52 10 52
20 26 20 26
4 20 4 8 13 14 19 20
23 75 23 55 58 61 75
19 49 19 33 46 49
14 59 14 21 59
57 72 57 72
51 87 51 59 71 82 87
8 75 8 9 50 58 61 75
11 86 11 21 58 67 72 86
23 32 23 32
0 75 0 10 44 53 59 61 75
2 9 2 9
26 60 26 42 46 49 51 60
7 58 7 27 32 48 58
15 41 15 22 34 38 41
38 73 38 42 46 49 51 73
1 60 1 13 26 40 51 60
3 13 3 9 13
76 88 76 82 87 88
17 88 17 60 78 80 81 82 85 88
17 74 17 26 42 51 64 68 74
7 32 7 26 30 32
16 81 16 29 48 61 75 78 80 81
5 77 5 6 62 63 66 77
39 79 39 57 63 79
42 69 42 51 64 68 69
9 30 9 20 26 30
41 86 41 47 61 83 86
29 80 29 37 40 64 80
21 57 21 26 28 39 57
27 42 27 29 37 40 42
0 51 0 17 20 40 42 46 49 51
13 70 13 36 43 62 70
41 87 41 72 82 87
29 66 29 48 54 59 66
26 40 26 40
70 81 70 81
17 52 17 29 36 37 52
32 83 32 58 67 72 78 81 83
41 77 41 47 53 77
11 23 11 20 23
49 58 49 51 58
25 62 25 40 62
14 84 14 21 70 71 84
19 79 19 20 40 63 79
21 26 21 26
18 55 18 20 23 28 35 43 44 55
49 73 49 51 73
86 88 86 88
33 82 33 39 60 78 80 81 82
27 34 27 34
15 85 15 30 41 63 82 85
58 88 58 77 88
21 35 21 26 28 35
28 39 28 35 39
15 47 15 30 41 47
2 63 2 57 63
51 89 51 60 78 81 83 89
63 88 63 82 87 88
32 59 32 47 53 59
22 60 22 31 43 44 51 60
46 88 46 49 77 87 88
15 78 15 58 78
3 49 3 37 40 49
7 40 7 29 37 40
11 86 11 64 71 83 86
53 88 53 82 85 88
43 78 43 46 49 59 61 66 78
34 67 34 48 52 67
81 88 81 82 85 88
44 76 44 55 58 64 69 76
0 64 0 27 52 64
18 21 18 21
33 74 33 39 58 64 68 74
69 88 69 87 88
4 78 4 60 78
39 41 39 41
47 71 47 53 58 64 71
53 72 53 58 67 72
4 71 4 21 70 71
13 32 13 26 30 32
32 59 32 44 51 59
71 85 71 82 85
11 36 11 27 29 36
6 25 6 17 20 23 25
38 89 38 70 71 83 89
35 65 35 63 65
79 83 79 83
21 26 21 26
7 36 7 27 29 36
3 76 3 15 58 64 68 69 76
30 84 30 72 84
39 49 39 41 49
45 69 45 64 68 69
57 74 57 74
45 89 45 70 71 84 89
26 88 26 38 59 64 88
41 69 41 47 61 64 68 69
59 66 59 66
22 75 22 59 61 75
30 39 30 39
34 70 34 44 55 70
56 85 56 62 72 82 85
7 61 7 45 54 59 61
47 67 47 67
22 54 22 33 37 48 54
53 84 53 58 61 75 78 84
6 82 6 37 48 52 78 81 82
17 86 17 20 59 64 86
19 78 19 26 30 32 48 72 78
5 64 5 36 37 52 64
50 74 50 59 61 64 68 74
27 76 27 32 48 61 64 68 69 76
35 86 35 63 80 83 86
38 60 38 60
22 33 22 25 33
67 87 67 78 81 82 87
43 64 43 64
24 59 24 54 59
23 71 23 55 63 66 71
6 86 6 15 60 86
36 47 36 43 47
51 58 51 58
44 74 44 61 64 68 74
1 68 1 7 29 36 59 61 64 68
26 73 26 40 42 46 49 51 73
71 84 71 84
7 28 7 28
3 11 3 11
35 71 35 43 44 51 61 64 71
75 86 75 83 86
64 87 64 87
25 38 25 38
55 67 55 67
71 88 71 84 88
9 30 9 16 24 30
11 80 11 59 64 80
34 70 34 38 41 70
9 14 9 13 14
53 81 53 72 78 80 81
81 87 81 82 87
45 57 45 57
28 72 28 39 41 72
22 64 22 31 43 44 61 64
37 49 37 40 42 46 49
41 87 41 77 87
3 49 3 11 21 42 46 49
54 76 54 59 61 64 69 76
5 30 5 24 30
23 49 23 25 38 49
70 80 70 72 78 80
18 32 18 21 26 30 32
14 33 14 19 33
7 47 7 41 47
45 86 45 52 80 81 83 86
1 18 1 2 18
34 66 34 48 54 59 61 66
4 21 4 21
15 52 15 22 31 43 52
38 51 38 41 49 51
9 78 9 62 70 72 78
1 66 1 3 21 40 43 46 49 59 66
19 34 19 20 30 34
54 61 54 59 61
44 61 44 55 58 61
19 74 19 62 74
6 15 6 15
35 56 35 56
16 28 16 28
25 71 25 62 70 71
4 25 4 8 9 16 23 25
40 49 40 42 46 49
8 87 8 13 26 67 82 87
49 60 49 51 60
14 34 14 34
4 25 4 8 13 14 25
5 61 5 33 46 49 51 58 61
20 75 20 49 59 61 75
28 55 28 37 40 43 44 55
20 49 20 39 41 49
45 61 45 50 59 61
1 28 1 7 28
76 82 76 82
25 40 25 40
32 53 32 47 53
76 85 76 82 85
20 40 20 26 40
46 49 46 49
2 31 2 14 31
12 78 12 26 40 43 47 75 78
13 85 13 28 69 76 82 85
50 60 50 51 60
3 52 3 33 52
33 55 33 37 40 43 44 55
23 55 23 35 43 44 55
0 45 0 45
32 85 32 58 64 69 76 82 85
22 52 22 43 52
53 83 53 80 83
22 35 22 25 35
5 88 5 72 87 88
36 71 36 48 54 59 64 71
54 75 54 59 61 75
10 58 10 17 20 26 42 46 49 51 58
13 64 13 64
11 51 11 18 27 29 43 44 51
12 50 12 17 29 36 37 50
30 64 30 44 53 58 64
13 74 13 20 39 41 49 59 61 64 68 74
41 69 41 68 69
42 87 42 87
62 74 62 74
27 79 27 79
17 39 17 26 28 35 39
8 87 8 34 79 81 82 87
30 76 30 49 69 76
74 87 74 82 87
24 42 24 34 38 42
19 41 19 26 38 41
57 84 57 63 79 84
23 43 23 28 37 40 43
5 14 5 7 14
54 72 54 67 72
37 63 37 40 62 63
18 85 18 20 30 48 79 81 82 85
8 21 8 9 13 14 19 21
9 44 9 20 26 28 35 43 44
4 80 4 56 62 63 79 80
51 61 51 59 61
0 34 0 20 30 34
49 84 49 72 84
6 23 6 18 20 23
18 59 18 21 26 28 41 49 59
22 49 22 31 43 46 49
23 64 23 35 59 64
10 65 10 44 61 64 65
30 83 30 53 58 67 78 80 83
4 20 4 13 14 19 20
1 54 1 2 18 19 27 32 48 54
8 82 8 34 47 80 81 82
48 83 48 61 75 78 81 83
77 88 77 88
76 85 76 82 85
14 66 14 31 39 41 49 51 60 66
0 85 0 17 55 57 80 82 85
6 27 6 27
3 58 3 37 49 51 58
23 78 23 25 33 78
10 42 10 24 34 38 42
17 25 17 25
48 58 48 58
15 79 15 30 34 45 57 63 79
11 35 11 18 20 23 28 35
13 26 13 20 26
54 85 54 81 82 85
38 53 38 41 53
22 67 22 34 38 42 46 49 51 58 67
0 30 0 20 30
10 73 10 44 73
36 74 36 50 59 64 68 74
42 71 42 51 60 66 71
5 59 5 24 50 51 59
21 32 21 26 30 32
70 80 70 72 78 80
31 83 31 56 78 80 81 83
25 61 25 35 43 47 53 59 61
14 21 14 19 21
14 34 14 19 20 26 30 34
22 64 22 43 46 49 59 61 64
15 81 15 46 49 51 59 64 81
14 27 14 19 27
13 50 13 24 33 37 50
7 34 7 26 30 34
18 34 18 27 34
16 78 16 38 42 70 72 78
59 68 59 64 68
27 68 27 52 64 68
83 86 83 86
63 81 63 79 81
37 75 37 50 58 61 75
26 28 26 28
3 22 3 18 22
1 49 1 37 49
3 30 3 30
20 35 20 26 28 35
49 78 49 59 61 75 78
21 66 21 40 49 51 61 66
16 73 16 23 25 40 49 51 58 73
47 83 47 53 59 64 71 83
18 35 18 22 25 35
12 47 12 47
36 55 36 43 44 55
8 41 8 41
42 60 42 51 60
4 85 4 40 60 69 76 82 85
9 44 9 20 26 40 43 44
33 53 33 37 40 43 44 53
6 37 6 37
14 79 14 19 38 42 62 63 79
63 71 63 66 71
2 66 2 33 37 59 61 66
2 58 2 14 31 43 46 49 51 58
17 78 17 55 63 66 78
55 63 55 57 63
13 64 13 64
33 49 33 49
70 80 70 80
18 85 18 22 60 82 85
36 60 36 43 46 49 51 60
67 82 67 82
5 89 5 36 80 81 83 89
32 63 32 44 63
55 86 55 58 61 83 86
5 88 5 81 82 85 88
1 80 1 49 51 58 67 72 78 80
72 83 72 78 81 83
55 81 55 63 66 78 81
3 49 3 27 34 38 49
39 89 39 41 70 71 83 89
25 59 25 33 51 59
20 32 20 26 30 32
14 59 14 42 59
17 60 17 25 33 51 60
16 28 16 23 28
5 64 5 44 64
1 48 1 19 20 23 32 48
11 34 11 27 34
21 65 21 26 28 35 43 47 53 58 61 64 65
2 86 2 72 86
39 58 39 58
30 32 30 32
0 48 0 17 25 33 37 48
34 83 34 59 66 78 81 83
31 85 31 39 69 76 82 85
45 71 45 64 71
55 86 55 63 80 81 83 86
6 17 6 17
51 68 51 64 68
34 78 34 48 72 78
41 68 41 50 64 68
11 56 11 20 23 28 35 56
30 73 30 48 52 67 73
34 67 34 67
3 9 3 9
39 57 39 57
18 27 18 19 27
1 2 1 2
12 24 12 24
39 76 39 58 68 69 76
22 45 22 34 45
49 84 49 72 78 84
9 25 9 20 23 25
46 84 46 49 51 59 64 71 84
12 38 12 27 34 38
6 72 6 62 70 72
21 59 21 42 51 59
34 52 34 48 52
25 76 25 33 51 64 68 69 76
16 57 16 23 37 40 43 44 55 57
23 70 23 25 38 41 70
54 83 54 71 83
0 27 0 24 27
66 82 66 78 81 82
13 44 13 16 27 44
42 88 42 87 88
23 25 23 25
9 81 9 16 80 81
8 85 8 28 78 81 82 85
3 53 3 15 21 26 30 32 47 53
14 53 14 21 40 43 44 53
10 46 10 17 34 46
46 66 46 49 59 61 66
1 2 1 2
42 70 42 62 70
14 34 14 21 26 30 34
22 57 22 34 44 55 57
62 65 62 63 65
3 88 3 82 87 88
24 54 24 54
61 85 61 75 78 80 81 82 85
7 70 7 33 62 70
2 72 2 23 44 53 72
48 79 48 79
78 80 78 80
40 76 40 60 69 76
11 86 11 70 72 86
23 55 23 35 43 44 55
47 75 47 75
24 75 24 33 46 49 51 59 61 75
13 43 13 29 43
84 88 84 88
41 59 41 47 53 59
40 86 40 43 46 49 59 66 71 83 86
24 89 24 32 53 77 89
66 81 66 78 80 81
18 57 18 22 31 43 44 55 57
20 57 20 32 44 55 57
34 65 34 44 63 65
12 77 12 24 27 52 77
72 83 72 78 80 81 83
0 59 0 13 46 49 59
26 68 26 40 49 51 58 64 68
15 76 15 22 59 61 64 68 69 76
31 68 31 43 64 68
45 66 45 61 66
44 78 44 61 75 78
23 25 23 25
26 83 26 42 62 70 71 83
4 41 4 41
7 66 7 33 61 66
14 48 14 34 48
21 40 21 40
10 17 10 17
26 57 26 55 57
25 54 25 33 37 48 54
35 57 35 43 44 55 57
73 88 73 88
19 49 19 27 34 46 49
43 87 43 46 49 72 78 80 82 87
4 52 4 30 34 45 52
13 62 13 28 37 40 62
15 79 15 21 42 57 63 79
79 88 79 86 88
37 58 37 48 58
18 27 18 19 27
21 55 21 40 43 44 55
36 37 36 37
43 78 43 46 49 72 78
2 26 2 13 20 26
18 61 18 21 40 42 59 61
24 76 24 33 52 64 69 76
23 84 23 35 63 79 84
29 48 29 37 48
18 19 18 19
64 69 64 68 69
41 73 41 47 67 73
59 65 59 64 65
8 58 8 34 48 58
13 43 13 26 40 43
21 57 21 26 40 42 57
16 82 16 38 42 46 49 76 82
18 68 18 34 50 59 61 64 68
6 62 6 37 62
38 83 38 70 71 83
19 26 19 21 26
55 69 55 61 64 69
48 82 48 72 82
7 48 7 33 37 48
24 52 24 52
15 46 15 21 26 28 35 43 46
45 83 45 75 80 83
42 51 42 51
23 86 23 25 62 70 80 83 86
34 80 34 50 59 66 78 80
19 41 19 27 41
16 73 16 28 39 41 53 58 67 73
49 65 49 59 65
5 69 5 32 51 60 69
57 80 57 80
29 87 29 43 77 87
39 89 39 57 72 78 81 83 89
9 58 9 17 20 32 44 55 58
4 69 4 21 40 51 61 64 68 69
61 75 61 75
43 60 43 46 49 51 60
12 87 12 41 66 78 81 82 87
26 38 26 30 34 38
1 38 1 7 38
31 53 31 43 47 53
39 58 39 58
26 42 26 28 37 40 42
32 52 32 48 52
26 42 26 40 42
13 56 13 20 56
5 49 5 24 29 43 46 49
3 30 3 18 21 26 30
79 84 79 84
25 73 25 40 43 47 67 73
42 49 42 46 49
83 88 83 88
17 69 17 26 30 32 44 61 64 69
24 63 24 32 44 63
17 25 17 20 23 25
16 87 16 69 76 82 87
51 81 51 67 78 80 81
37 68 37 40 64 68
39 69 39 60 69
33 61 33 49 51 58 61
10 52 10 24 32 48 52
5 32 5 32
12 45 12 45
13 23 13 16 23
4 28 4 21 26 28
46 87 46 49 59 69 76 82 87
15 87 15 58 64 71 82 87
62 77 62 63 66 77
11 44 11 27 32 44
5 69 5 61 64 69
12 87 12 17 81 82 87
21 73 21 42 46 49 51 73
3 87 3 51 80 81 82 87
32 44 32 44
16 76 16 27 54 59 64 69 76
53 58 53 58
10 41 10 34 38 41
20 72 20 39 58 67 72
29 61 29 37 50 58 61
31 61 31 43 46 49 51 61
22 86 22 25 63 83 86
17 20 17 20
53 64 53 58 64
47 53 47 53
11 76 11 18 27 52 64 68 69 76
18 47 18 20 40 43 47
28 79 28 37 50 79
31 56 31 56
36 37 36 37
33 37 33 37
7 85 7 40 62 63 66 71 82 85
40 75 40 49 59 61 75
35 50 35 41 50
22 57 22 43 44 55 57
46 87 46 49 59 66 71 82 87
17 26 17 20 26
81 87 81 82 87
51 82 51 67 78 81 82
26 48 26 28 37 48
24 86 24 71 83 86
23 76 23 28 49 69 76
33 51 33 37 50 51
2 13 2 13
13 46 13 14 31 43 46
44 55 44 55
10 83 10 34 67 78 80 83
4 80 4 41 72 78 80
23 63 23 44 55 63
79 89 79 80 81 83 89
59 82 59 61 66 71 82
1 86 1 3 27 78 80 83 86
2 57 2 23 57
38 49 38 42 46 49
54 86 54 83 86
27 29 27 29
6 26 6 18 21 26
84 88 84 88
15 31 15 22 31
43 62 43 62
31 73 31 39 58 73
33 57 33 37 40 43 44 55 57
9 24 9 13 16 24
33 49 33 39 46 49
47 77 47 67 77
71 82 71 82
28 87 28 87
19 83 19 62 63 66 78 81 83
16 83 16 29 37 59 66 71 83
47 72 47 53 58 67 72
8 46 8 40 43 46
45 73 45 50 51 58 67 73
37 51 37 50 51
38 87 38 60 69 87
66 89 66 77 89
26 30 26 30
58 89 58 67 78 81 83 89
21 49 21 40 49
18 38 18 19 26 38
44 67 44 51 58 67
2 36 2 9 13 24 27 29 36
58 66 58 61 66
39 66 39 46 49 51 61 66
40 79 40 62 63 79
46 49 46 49
11 59 11 18 19 27 54 59
51 60 51 60
7 44 7 15 22 43 44
35 63 35 39 57 63
25 61 25 35 39 58 61
11 65 11 58 64 65
13 74 13 74
20 79 20 30 48 79
17 26 17 20 26
4 30 4 8 13 20 26 30
60 82 60 69 76 82
0 16 0 13 16
8 40 8 40
49 81 49 51 61 66 78 81
2 68 2 18 59 64 68
11 75 11 59 61 75
40 62 40 42 62
58 65 58 64 65
45 71 45 63 66 71
40 74 40 51 74
72 83 72 78 80 83
33 88 33 51 80 83 86 88
35 63 35 43 44 63
8 40 8 33 37 40
3 35 3 11 21 26 28 35
31 61 31 43 44 55 58 61
16 86 16 24 43 47 61 64 86
4 56 4 56
15 40 15 21 40
0 53 0 53
7 63 7 39 41 63
35 62 35 56 62
41 77 41 50 51 61 66 77
37 72 37 48 54 67 72
36 50 36 37 50
10 79 10 30 41 79
0 82 0 47 80 82
3 25 3 16 23 25
36 76 36 43 44 60 69 76
21 88 21 26 30 41 47 61 83 88
52 71 52 71
23 67 23 32 51 67
8 20 8 9 17 20
47 83 47 83
33 77 33 61 66 77
54 76 54 59 69 76
7 27 7 14 19 27
59 83 59 61 75 78 81 83
8 74 8 62 74
8 68 8 58 61 64 68
16 74 16 44 51 59 61 64 68 74
60 81 60 66 78 81
27 76 27 54 59 69 76
16 85 16 27 72 78 80 81 82 85
20 34 20 30 34
0 45 0 20 26 30 34 45
86 88 86 88
26 77 26 28 41 49 77
17 61 17 33 49 59 61
54 75 54 59 61 75
57 72 57 72
7 22 7 15 22
41 79 41 57 63 79
70 89 70 71 83 89
28 80 28 78 80
9 13 9 13
59 87 59 61 64 81 82 87
58 64 58 61 64
49 60 49 51 60
29 55 29 43 44 55
59 86 59 66 83 86
0 80 0 80
78 85 78 85
21 74 21 40 51 58 61 64 68 74
47 75 47 53 59 61 75
84 88 84 88
37 42 37 40 42
44 68 44 61 64 68
17 81 17 29 79 81
29 75 29 37 51 61 75
5 59 5 32 48 54 59
67 73 67 73
13 32 13 20 23 32
13 64 13 28 39 41 59 64
43 64 43 64
66 81 66 78 80 81
54 86 54 83 86
52 67 52 67
9 45 9 13 14 34 45
28 55 28 37 40 43 44 55
19 71 19 27 52 71
26 83 26 40 49 59 64 80 81 83
23 79 23 25 62 63 79
58 74 58 64 68 74
17 55 17 25 40 43 44 55
72 87 72 78 80 81 82 87
27 82 27 72 78 80 81 82
24 54 24 27 34 54
6 21 6 15 21
7 28 7 28
18 49 18 34 46 49
39 58 39 46 49 51 58
24 32 24 30 32
12 28 12 17 20 26 28
15 79 15 25 38 63 79
16 27 16 27
26 39 26 28 35 39
52 87 52 67 82 87
45 79 45 57 63 79
21 70 21 26 30 41 70
52 84 52 64 71 84
11 57 11 33 37 40 42 57
55 89 55 70 81 83 89
1 48 1 26 30 34 48
24 71 24 71
75 87 75 80 82 87
2 70 2 31 43 62 70
40 79 40 63 79
21 69 21 59 61 64 68 69
5 61 5 36 50 51 61
47 81 47 75 80 81
6 81 6 37 48 72 78 80 81
23 87 23 25 62 74 82 87
2 14 2 13 14
28 55 28 37 40 43 44 55
5 15 5 7 15
20 59 20 54 59
18 76 18 27 41 50 60 69 76
80 89 80 83 89
24 43 24 33 37 40 43
4 40 4 8 33 37 40
55 81 55 67 78 81
4 30 4 8 9 20 30
39 60 39 60
23 33 23 25 33
58 67 58 67
29 36 29 36
7 69 7 26 30 54 59 69
32 71 32 58 61 64 71
6 57 6 24 32 44 55 57
13 85 13 26 75 78 85
62 74 62 74
19 79 19 43 44 55 79
59 64 59 64
9 60 9 24 29 36 37 51 60
47 53 47 53
34 86 34 47 80 83 86
62 72 62 72
60 86 60 86
35 67 35 43 44 55 67
17 89 17 26 40 49 59 89
7 38 7 14 30 34 38
7 63 7 45 57 63
16 37 16 28 37
42 65 42 64 65
16 82 16 78 80 81 82
3 32 3 27 32
3 27 3 18 19 27
50 76 50 51 59 64 68 69 76
11 23 11 18 20 23
30 52 30 48 52
38 85 38 85
30 60 30 44 60
7 85 7 85
36 86 36 50 67 72 86
13 56 13 14 28 35 56
9 77 9 50 51 61 66 77
18 47 18 19 38 41 47
8 70 8 41 70
30 63 30 44 55 57 63
8 58 8 28 41 50 51 58
16 23 16 23
17 33 17 33
5 81 5 36 59 66 78 80 81
10 85 10 44 79 80 82 85
72 84 72 84
4 80 4 60 78 80
20 85 20 72 78 81 82 85
40 43 40 43
75 85 75 82 85
5 71 5 64 71
17 32 17 20 30 32
29 79 29 36 50 79
29 79 29 48 79
78 86 78 80 81 83 86
1 18 1 3 11 18
26 85 26 67 82 85
53 84 53 72 78 84
0 13 0 13
15 45 15 21 26 30 34 45
7 14 7 14
14 86 14 34 50 59 66 83 86
18 77 18 34 45 50 60 66 77
19 38 19 20 26 30 34 38
18 70 18 20 39 41 70
3 16 3 16
72 78 72 78
25 73 25 40 49 51 67 73
55 58 55 58
6 89 6 27 44 61 83 89
8 53 8 33 37 40 43 44 53
14 84 14 19 78 84
72 82 72 82
4 71 4 49 51 60 66 71
12 57 12 41 57
42 73 42 51 58 73
16 78 16 44 53 72 78
3 15 3 15
57 83 57 63 66 78 80 81 83
53 86 53 58 64 71 83 86
12 41 12 41
34 55 34 44 55
28 88 28 87 88
25 57 25 35 41 57
27 60 27 44 51 60
26 37 26 28 37
36 59 36 48 54 59
57 82 57 74 82
21 61 21 26 28 37 59 61
25 33 25 33
8 75 8 58 61 75
43 46 43 46
11 88 11 64 80 81 83 86 88
31 61 31 43 46 49 59 61
28 58 28 35 43 44 51 58
64 82 64 71 82
10 41 10 24 33 39 41
53 71 53 59 61 66 71
42 85 42 51 61 66 78 80 82 85
61 64 61 64
6 20 6 17 20
12 62 12 24 27 29 36 43 62
21 44 21 40 43 44
6 71 6 27 32 51 61 66 71
24 81 24 33 72 78 81
80 82 80 81 82
64 87 64 68 69 87
42 75 42 46 49 59 61 75
32 58 32 48 58
3 22 3 11 18 22
5 80 5 24 80
21 34 21 26 30 34
40 85 40 62 74 85
60 87 60 69 76 82 87
0 19 0 13 14 19
26 58 26 55 58
42 71 42 62 70 71
6 88 6 68 69 87 88
12 74 12 24 55 57 74
24 62 24 30 34 38 42 62
18 33 18 22 25 33
44 73 44 51 58 67 73
59 69 59 64 69
17 34 17 34
15 87 15 22 64 71 82 87
5 33 5 6 18 20 23 25 33
70 89 70 72 84 89
45 83 45 67 72 78 81 83
12 56 12 26 28 35 56
47 80 47 53 59 66 78 80
71 85 71 82 85
1 43 1 13 36 43
14 72 14 19 33 51 67 72
61 68 61 64 68
25 81 25 62 72 78 81
2 24 2 9 16 24
79 83 79 80 83
37 77 37 52 77
4 33 4 23 25 33
9 77 9 13 60 66 77
14 77 14 77
29 36 29 36
80 85 80 82 85
55 87 55 57 63 80 81 82 87
66 89 66 77 89
72 88 72 84 88
19 30 19 20 26 30
4 41 4 30 41
3 87 3 76 82 87
16 57 16 31 43 44 55 57
58 83 58 78 80 81 83
2 66 2 31 43 46 49 51 60 66
18 49 18 21 26 40 49
12 55 12 17 20 55
21 43 21 26 28 35 43
12 26 12 17 20 26
5 14 5 7 14
64 87 64 81 82 87
0 34 0 24 34
4 87 4 82 87
24 71 24 30 34 50 59 61 64 71
26 86 26 30 39 46 49 51 86
43 87 43 46 49 72 82 87
16 60 16 40 42 51 60
55 61 55 61
59 69 59 69
28 69 28 37 49 69
59 75 59 61 75
11 85 11 64 80 81 82 85
46 60 46 49 51 60
53 84 53 58 61 66 78 84
37 86 37 51 64 81 83 86
44 76 44 51 61 64 69 76
44 60 44 51 60
14 42 14 34 38 42
15 26 15 26
14 20 14 19 20
17 75 17 55 58 61 75
70 82 70 81 82
34 48 34 48
5 40 5 6 37 40
6 26 6 17 20 26
11 25 11 20 23 25
24 85 24 81 82 85
20 48 20 30 32 48
25 44 25 33 37 40 43 44
58 71 58 61 64 71
29 59 29 36 50 59
40 76 40 60 69 76
12 66 12 17 34 54 59 61 66
33 61 33 49 59 61
46 49 46 49
0 54 0 27 54
44 57 44 55 57
2 81 2 9 46 49 72 78 81
4 59 4 49 59
56 82 56 82
0 52 0 17 32 48 52
57 80 57 72 78 80
14 44 14 28 37 40 43 44
33 70 33 39 41 70
16 40 16 40
62 82 62 63 66 71 82
10 67 10 17 52 67
10 73 10 58 73
26 50 26 38 41 50
0 53 0 13 20 40 43 47 53
51 85 51 58 61 66 71 82 85
17 85 17 32 48 58 68 69 76 82 85
4 71 4 21 59 66 71
3 64 3 14 34 45 52 64
41 73 41 73
37 40 37 40
26 68 26 38 49 59 64 68
64 69 64 68 69
77 89 77 89
44 81 44 61 64 81
19 79 19 62 63 79
31 51 31 43 46 49 51
11 61 11 21 59 61
5 30 5 30
40 86 40 78 81 83 86
9 58 9 46 49 51 58
32 86 32 71 83 86
41 69 41 50 51 58 61 64 69
41 59 41 59
11 73 11 18 34 46 49 51 67 73
5 59 5 7 38 49 59
38 65 38 65
20 66 20 26 55 57 63 66
4 13 4 13
19 55 19 21 26 28 37 40 43 44 55
17 89 17 25 79 83 89
8 88 8 41 49 77 87 88
26 55 26 55
52 82 52 71 82
8 40 8 28 37 40
54 80 54 67 72 78 80
0 13 0 13
10 78 10 17 26 55 63 66 78
2 24 2 13 16 24
29 62 29 36 43 62
12 63 12 45 55 63
24 32 24 32
4 56 4 23 25 35 56
43 49 43 46 49
80 82 80 81 82
5 64 5 25 35 39 41 50 58 64
33 46 33 46
9 57 9 24 34 45 57
12 76 12 29 36 43 52 64 69 76
31 87 31 68 74 82 87
67 87 67 78 80 82 87
48 72 48 72
7 22 7 15 22
49 88 49 72 88
20 88 20 74 82 87 88
43 47 43 47
37 77 37 59 77
6 23 6 16 23
63 89 63 79 81 83 89
47 77 47 77
39 79 39 41 63 79
43 70 43 44 55 70
34 79 34 50 79
57 78 57 63 66 78
35 63 35 43 62 63
0 24 0 10 24
30 75 30 34 54 59 61 75
23 79 23 79
18 85 18 59 64 82 85
7 44 7 29 43 44
42 70 42 70
29 70 29 43 44 55 70
9 71 9 32 48 58 61 64 71
61 64 61 64
2 18 2 18
12 74 12 37 48 52 64 68 74
7 48 7 28 37 48
6 16 6 16
5 35 5 6 16 35
8 74 8 13 48 54 59 61 64 68 74
0 49 0 24 27 34 38 42 46 49
19 71 19 56 62 63 66 71
33 85 33 49 72 82 85
4 84 4 41 72 84
16 83 16 28 49 51 64 71 83
30 78 30 44 53 72 78
12 78 12 17 29 37 59 61 75 78
1 7 1 7
49 77 49 51 60 66 77
39 89 39 58 64 81 83 89
0 88 0 57 82 87 88
5 75 5 32 48 54 59 61 75
16 27 16 27
30 83 30 48 75 80 83
24 42 24 30 34 38 42
33 52 33 52
79 87 79 81 82 87
10 20 10 17 20
17 34 17 26 30 34
7 63 7 42 62 63
6 36 6 16 24 29 36
26 81 26 30 80 81
32 68 32 53 58 68
45 66 45 57 63 66
17 37 17 20 23 37
43 57 43 44 55 57
32 68 32 44 51 59 61 64 68
19 61 19 21 42 59 61
29 48 29 36 48
23 28 23 28
1 38 1 13 16 27 34 38
12 77 12 41 59 66 77
42 82 42 59 64 82
2 63 2 63
22 34 22 34
25 49 25 40 42 46 49
48 71 48 54 59 64 71
58 72 58 67 72
56 64 56 64
75 80 75 78 80
15 26 15 26
14 68 14 30 39 58 61 64 68
10 32 10 24 32
8 36 8 13 29 36
33 62 33 37 40 42 62
1 43 1 7 15 25 40 43
42 85 42 70 81 82 85
28 73 28 49 51 73
26 52 26 40 43 52
53 72 53 58 67 72
20 57 20 23 25 57
25 60 25 40 43 46 49 51 60
18 65 18 20 26 40 49 59 61 64 65
10 76 10 60 69 76
0 53 0 24 32 53
21 41 21 26 30 34 38 41
5 72 5 70 72
22 50 22 33 39 41 50
30 44 30 32 44
31 69 31 39 41 47 53 59 69
39 77 39 46 49 59 61 66 77
63 79 63 79
50 59 50 51 59
44 78 44 78
81 88 81 83 86 88
21 47 21 26 28 35 39 41 47
53 72 53 72
17 45 17 26 30 34 45
7 70 7 39 41 70
1 83 1 49 72 78 80 81 83
5 14 5 7 14
23 78 23 25 57 78
26 76 26 38 59 69 76
44 75 44 51 61 75
12 73 12 17 51 58 73
27 63 27 32 44 55 57 63
1 29 1 19 27 29
18 63 18 34 55 57 63
80 85 80 81 82 85
31 85 31 69 76 82 85
42 69 42 51 61 64 69
22 42 22 34 38 42
34 38 34 38
23 28 23 28
59 83 59 66 78 80 83
5 21 5 7 14 19 21
18 34 18 27 34
20 51 20 39 41 49 51
16 87 16 50 58 61 64 81 82 87
21 47 21 26 38 41 47
74 87 74 82 87
48 72 48 72
26 53 26 30 53
47 72 47 67 72
50 68 50 58 64 68
59 82 59 69 76 82
36 69 36 55 61 64 69
23 66 23 66
8 27 8 9 13 16 24 27
13 46 13 20 26 38 42 46
12 29 12 17 29
17 61 17 20 55 61
38 50 38 41 50
44 81 44 79 81
13 84 13 60 66 78 84
43 70 43 44 55 70
28 73 28 49 51 73
18 61 18 27 54 59 61
29 81 29 75 78 80 81
21 74 21 40 68 74
9 69 9 39 46 49 59 64 68 69
6 37 6 15 21 26 28 37
7 19 7 14 19
23 79 23 25 35 56 62 63 79
40 64 40 51 58 64
15 26 15 21 26
2 77 2 23 57 63 66 77
13 49 13 36 37 40 43 46 49
23 78 23 55 58 67 72 78
0 67 0 48 58 67
79 87 79 81 82 87
36 83 36 67 78 80 81 83
22 37 22 33 37
74 85 74 85
58 76 58 64 68 69 76
52 82 52 78 80 81 82
12 33 12 24 33
43 87 43 70 71 82 87
13 77 13 49 77
24 52 24 27 29 48 52
24 55 24 55
2 17 2 9 17
44 79 44 55 79
34 86 34 67 78 80 83 86
9 59 9 24 34 38 49 59
27 32 27 32
29 62 29 37 62
48 71 48 58 64 71
31 62 31 43 62
2 76 2 23 25 61 64 68 69 76
33 55 33 37 40 43 44 55
2 76 2 56 64 68 69 76
33 53 33 39 41 53
1 31 1 13 14 31
10 63 10 63
64 88 64 82 85 88
14 64 14 28 64
26 48 26 30 34 48
51 68 51 64 68
0 46 0 43 46
33 81 33 39 57 78 81
16 86 16 27 70 80 83 86
13 70 13 28 35 41 70
2 66 2 18 19 27 44 60 66
37 42 37 40 42
14 77 14 31 39 41 77
27 48 27 29 37 48
51 81 51 58 78 80 81
33 70 33 62 70
36 59 36 59
57 84 57 78 84
11 85 11 27 29 36 55 63 66 71 82 85
49 87 49 77 87
28 51 28 49 51
8 9 8 9
33 65 33 51 61 64 65
81 87 81 82 87
19 68 19 26 38 42 46 49 59 61 64 68
2 73 2 23 35 39 46 49 51 58 73
48 76 48 58 61 64 68 69 76
5 33 5 7 14 25 33
19 75 19 27 53 58 61 75
7 26 7 15 21 26
13 72 13 48 72
0 43 0 43
2 14 2 14
59 68 59 64 68
9 44 9 29 36 37 40 43 44
2 72 2 23 25 57 72
40 77 40 49 59 77
34 54 34 48 54
55 84 55 58 67 78 84
19 68 19 56 64 68
6 48 6 17 33 37 48
39 70 39 41 70
10 51 10 30 49 51
7 63 7 42 57 63
46 51 46 49 51
4 23 4 8 9 13 14 19 20 23
26 81 26 42 51 67 78 81
24 32 24 32
55 61 55 58 61
59 85 59 64 80 82 85
4 30 4 13 14 19 30
8 86 8 58 61 66 71 83 86
11 35 11 21 26 28 35
25 54 25 33 37 48 54
46 61 46 49 51 59 61
15 76 15 76
20 51 20 23 37 51
26 65 26 55 57 65
5 44 5 24 43 44
45 51 45 50 51
33 67 33 37 48 58 67
19 38 19 38
13 49 13 36 43 46 49
8 66 8 28 46 49 59 61 66
28 76 28 46 49 69 76
8 60 8 41 50 60
37 51 37 50 51
6 62 6 15 30 34 38 42 62
4 21 4 8 9 13 14 19 21
10 17 10 17
23 66 23 32 44 61 66
3 34 3 9 24 30 34
18 68 18 22 43 52 64 68
27 88 27 78 85 88
10 73 10 47 67 73
3 64 3 21 58 64
39 58 39 41 50 58
85 88 85 88
7 56 7 56
45 71 45 54 59 71
7 42 7 26 40 42
9 49 9 29 37 49
36 60 36 43 44 51 60
1 29 1 3 9 29
28 58 28 35 39 41 49 51 58
1 16 1 3 9 16
1 45 1 2 13 16 27 34 45
79 84 79 84
46 60 46 49 51 60
48 78 48 52 78
10 33 10 24 33
21 44 21 26 30 44
10 48 10 17 25 33 37 48
10 59 10 24 32 44 53 59
22 75 22 43 44 55 58 61 75
54 85 54 67 78 80 82 85
3 77 3 51 58 77
49 64 49 59 64
57 81 57 78 80 81
10 34 10 34
13 77 13 63 66 77
46 82 46 49 72 78 80 82
77 87 77 87
23 68 23 35 59 64 68
80 89 80 81 83 89
44 86 44 53 58 67 72 78 80 83 86
27 40 27 29 37 40
43 76 43 52 64 69 76
27 81 27 70 80 81
6 20 6 18 20
27 68 27 53 58 64 68
14 68 14 42 64 68
25 86 25 62 72 86
36 76 36 43 64 68 69 76
1 35 1 7 28 35
9 46 9 46
24 87 24 81 82 87
55 84 55 61 75 78 84
1 53 1 13 36 43 44 53
0 86 0 59 86
58 82 58 67 82
6 47 6 27 32 47
67 82 67 78 80 82
58 73 58 67 73
44 64 44 53 59 61 64
33 70 33 62 70
21 58 21 26 28 49 51 58
41 87 41 50 64 80 81 82 87
45 54 45 54
79 82 79 80 82
57 83 57 80 83
81 85 81 82 85
51 81 51 64 80 81
37 86 37 59 64 71 83 86
44 68 44 61 64 68
28 76 28 41 47 61 64 69 76
25 55 25 40 43 44 55
36 81 36 81
52 67 52 67
51 73 51 73
12 25 12 17 25
10 32 10 24 27 32
26 73 26 55 58 67 73
19 21 19 21
53 83 53 58 64 80 83
14 20 14 19 20
26 39 26 28 39
22 35 22 25 35
21 59 21 26 40 49 51 59
70 88 70 72 87 88
5 70 5 44 55 70
80 88 80 81 82 87 88
46 74 46 49 51 59 61 64 68 74
39 60 39 60
63 83 63 79 80 83
5 52 5 36 37 40 43 52
15 56 15 22 25 35 56
18 20 18 20
17 42 17 29 37 40 42
51 85 51 74 85
6 30 6 16 24 30
21 58 21 42 51 58
8 82 8 9 71 82
28 55 28 35 43 44 55
11 46 11 18 34 46
15 52 15 25 40 43 52
37 40 37 40
1 60 1 39 46 49 51 60
0 13 0 13
54 87 54 59 69 76 82 87
1 45 1 19 26 30 34 45
54 88 54 75 83 88
26 88 26 75 83 88
5 77 5 77
53 81 53 59 64 80 81
21 66 21 59 61 66
46 77 46 49 77
28 41 28 39 41
27 81 27 79 81
1 26 1 13 26
22 75 22 33 49 51 59 61 75
3 84 3 64 71 84
25 74 25 35 39 41 49 51 74
27 79 27 79
40 64 40 49 59 64
30 48 30 32 48
35 61 35 39 46 49 59 61
0 54 0 45 54
54 75 54 59 61 75
17 86 17 60 86
4 29 4 13 29
34 44 34 44
52 85 52 71 82 85
1 50 1 37 50
56 71 56 64 71
31 75 31 39 46 49 59 61 75
61 83 61 83
44 67 44 53 58 67
12 47 12 47
9 32 9 20 26 30 32
22 48 22 25 33 37 48
45 89 45 61 83 89
38 65 38 42 51 59 64 65
37 75 37 51 61 75
14 48 14 21 26 30 32 48
11 36 11 18 19 27 29 36
8 9 8 9
51 83 51 58 78 80 81 83
51 71 51 58 64 71
7 26 7 14 21 26
23 89 23 78 81 83 89
5 35 5 7 15 21 26 28 35
8 53 8 28 37 40 43 47 53
12 77 12 60 66 77
18 39 18 21 26 30 39
54 75 54 75
79 86 79 86
31 56 31 56
18 42 18 22 33 37 40 42
24 75 24 55 58 61 75
2 57 2 9 29 37 40 43 44 55 57
38 63 38 63
84 89 84 89
9 39 9 16 23 28 39
9 81 9 32 51 61 75 80 81
70 71 70 71
22 42 22 25 33 37 40 42
43 55 43 44 55
13 44 13 29 37 40 43 44
29 86 29 57 63 79 81 83 86
9 38 9 13 20 23 25 38
1 74 1 3 37 49 59 61 64 68 74
57 89 57 83 89
22 51 22 31 43 44 51
1 7 1 7
17 42 17 34 38 42
44 73 44 53 58 73
49 73 49 51 73
53 86 53 72 78 80 81 83 86
39 46 39 46
1 68 1 68
15 26 15 26
26 60 26 38 49 51 60
3 35 3 21 26 28 35
11 86 11 33 78 81 83 86
19 44 19 20 32 44
17 39 17 25 33 39
37 86 37 48 61 83 86
31 57 31 39 41 57
31 87 31 69 76 82 87
25 73 25 40 42 51 58 67 73
4 13 4 13
23 44 23 35 43 44
8 34 8 13 14 19 27 34
6 70 6 31 56 62 70
30 44 30 34 44
41 72 41 70 72
42 88 42 88
37 49 37 40 42 46 49
6 82 6 44 64 68 69 76 82
24 27 24 27
35 67 35 39 46 49 51 58 67
49 67 49 51 58 67
41 59 41 59
1 50 1 2 33 37 50
29 52 29 36 43 52
3 76 3 15 26 68 69 76
8 67 8 34 38 49 51 58 67
38 75 38 49 51 61 75
2 23 2 14 19 20 23
9 71 9 13 16 35 43 52 71
26 40 26 28 37 40
72 85 72 78 85
55 61 55 58 61
54 61 54 59 61
38 49 38 49
19 30 19 30
34 89 34 45 55 67 78 80 83 89
32 85 32 48 54 78 81 82 85
8 47 8 41 47
21 70 21 26 40 43 62 70
23 63 23 37 62 63
75 82 75 78 80 81 82
24 34 24 27 34
13 85 13 14 19 21 26 40 43 62 74 85
49 67 49 51 58 67
24 40 24 33 37 40
83 88 83 86 88
25 60 25 38 42 51 60
7 19 7 14 19
7 33 7 14 19 20 23 25 33
60 71 60 66 71
18 19 18 19
28 48 28 37 48
45 51 45 50 51
22 52 22 34 45 52
0 30 0 13 26 30
3 39 3 30 39
3 48 3 21 26 28 37 48
16 82 16 78 80 81 82
1 31 1 2 18 22 31
10 81 10 60 66 78 80 81
56 81 56 78 80 81
6 39 6 31 39
40 49 40 42 46 49
58 82 58 68 69 76 82
4 59 4 8 9 45 54 59
12 60 12 24 27 41 49 51 60
19 76 19 20 40 60 69 76
12 50 12 37 50
0 74 0 52 64 68 74
61 82 61 64 71 82
2 85 2 72 82 85
31 62 31 56 62
13 72 13 26 38 49 51 58 67 72
38 85 38 85
44 75 44 51 61 75
4 87 4 87
0 83 0 80 83
14 86 14 25 63 80 83 86
3 9 3 9
62 66 62 63 66
16 53 16 40 43 47 53
79 87 79 80 82 87
19 39 19 26 30 39
2 85 2 18 21 70 72 78 80 82 85
5 42 5 36 37 40 42
24 53 24 33 39 41 47 53
53 80 53 58 61 75 80
41 67 41 49 51 67
15 53 15 26 38 41 53
27 88 27 58 68 74 85 88
77 88 77 88
53 65 53 59 61 64 65
19 71 19 62 70 71
12 38 12 26 38
23 82 23 55 63 66 78 80 81 82
28 88 28 64 86 88
60 81 60 78 80 81
40 76 40 76
4 37 4 23 28 37
12 47 12 32 47
31 49 31 39 46 49
44 64 44 61 64
5 14 5 7 14
11 52 11 27 29 43 52
52 85 52 67 82 85
26 45 26 30 34 45
31 89 31 39 57 80 81 83 89
42 82 42 59 69 76 82
58 61 58 61
56 62 56 62
56 71 56 64 71
23 77 23 25 63 66 77
15 81 15 26 67 78 81
54 61 54 59 61
19 33 19 33
46 61 46 49 51 58 61
7 61 7 14 30 48 54 59 61
8 83 8 13 49 51 80 83
7 57 7 33 37 40 43 44 55 57
49 64 49 59 64
10 62 10 34 38 42 62
17 20 17 20
31 62 31 56 62
24 39 24 30 39
37 77 37 48 61 66 77
21 71 21 40 64 71
12 28 12 26 28
21 40 21 26 40
8 65 8 40 49 59 65
49 58 49 51 58
16 85 16 62 70 82 85
2 68 2 33 51 58 68
12 55 12 45 55
18 47 18 22 25 33 37 40 43 47
51 85 51 61 66 71 82 85
9 64 9 17 34 46 49 51 58 61 64
48 54 48 54
48 78 48 61 75 78
31 86 31 56 78 80 83 86
21 42 21 42
53 59 53 59
41 86 41 50 58 78 81 83 86
24 83 24 54 72 78 81 83
10 57 10 44 55 57
22 59 22 59
31 81 31 39 46 49 72 78 80 81
23 77 23 37 49 59 61 66 77
12 62 12 17 20 26 40 62
12 69 12 41 53 58 61 64 69
4 60 4 60
4 36 4 13 36
1 75 1 26 55 61 75
0 13 0 13
4 59 4 21 42 51 59
63 81 63 79 80 81
58 85 58 61 66 71 82 85
22 67 22 25 35 39 41 49 51 58 67
18 37 18 22 25 33 37
21 69 21 26 40 42 46 49 51 64 69
40 82 40 68 69 76 82
16 69 16 48 52 64 69
15 46 15 46
53 67 53 58 67
9 38 9 16 27 34 38
0 21 0 13 14 21
32 51 32 44 51
28 82 28 58 78 80 82
13 77 13 36 43 62 63 66 77
49 88 49 72 84 88
19 42 19 26 40 42
44 63 44 55 57 63
84 88 84 88
52 78 52 78
14 49 14 25 33 39 46 49
0 83 0 44 55 79 83
12 20 12 17 20
17 57 17 32 44 55 57
4 58 4 21 42 51 58
18 84 18 27 32 53 72 84
8 41 8 13 20 30 39 41
30 76 30 32 51 59 64 69 76
11 40 11 33 37 40
21 71 21 26 30 48 61 64 71
8 47 8 33 39 41 47
3 14 3 14
50 51 50 51
22 48 22 34 48
78 82 78 81 82
28 62 28 37 62
63 89 63 80 81 83 89
22 49 22 31 39 46 49
32 89 32 89
11 44 11 21 40 43 44
7 85 7 29 80 82 85
30 78 30 32 44 55 63 66 78
3 49 3 37 49
0 49 0 13 46 49
6 82 6 62 74 82
51 86 51 80 81 83 86
19 42 19 21 42
16 36 16 24 27 29 36
16 24 16 24
8 84 8 40 72 78 84
11 70 11 21 40 43 44 55 70
52 83 52 78 81 83
8 87 8 62 74 82 87
34 89 34 55 67 72 78 84 89
35 56 35 56
4 56 4 56
5 75 5 6 24 34 46 49 59 61 75
7 22 7 15 22
5 25 5 6 15 25
3 66 3 58 61 66
41 64 41 47 53 58 61 64
40 47 40 43 47
58 69 58 68 69
32 79 32 44 79
25 83 25 38 41 70 71 83
56 78 56 62 63 66 78
54 64 54 59 61 64
1 75 1 7 39 46 49 51 61 75
15 80 15 60 66 78 80
18 32 18 20 30 32
36 60 36 60
2 31 2 13 16 31
34 53 34 47 53
20 73 20 39 58 73
17 55 17 25 35 43 44 55
25 88 25 79 86 88
0 24 0 24
43 49 43 46 49
15 87 15 46 49 69 87
30 60 30 50 60
26 52 26 30 34 48 52
38 49 38 41 49
60 83 60 78 80 83
15 86 15 25 63 83 86
9 49 9 39 41 49
49 60 49 51 60
1 9 1 2 9
40 72 40 51 58 67 72
18 34 18 27 34
4 79 4 30 48 79
40 55 40 43 44 55
4 29 4 8 9 24 29
11 89 11 59 61 83 89
24 54 24 32 48 54
23 81 23 25 79 80 81
43 73 43 46 49 51 58 67 73
16 36 16 29 36
71 82 71 82
7 69 7 64 68 69
10 65 10 24 32 47 61 64 65
15 41 15 30 39 41
60 69 60 69
15 71 15 26 30 50 60 66 71
7 40 7 25 40
0 79 0 79
33 49 33 39 46 49
19 43 19 43
16 24 16 24
34 65 34 44 64 65
10 74 10 48 61 64 68 74
8 41 8 28 39 41
23 47 23 25 35 39 41 47
31 61 31 43 44 55 58 61
52 68 52 64 68
43 49 43 46 49
6 82 6 62 70 82
0 80 0 52 64 80
61 75 61 75
8 20 8 9 13 14 19 20
45 67 45 54 67
34 81 34 67 78 80 81
11 70 11 70
27 66 27 41 47 53 58 61 66
48 87 48 72 82 87
8 46 8 13 36 37 40 43 46
7 32 7 27 32
18 83 18 72 78 81 83
43 76 43 47 53 58 68 69 76
83 89 83 89
13 84 13 29 43 62 63 79 84
11 37 11 18 22 25 33 37
3 15 3 15
63 88 63 66 78 81 83 86 88
30 84 30 34 47 67 72 78 84
23 43 23 37 40 43
18 80 18 63 66 78 80
0 77 0 43 77
3 34 3 14 21 26 30 34
13 76 13 26 69 76
14 77 14 77
8 69 8 41 47 53 59 69
4 74 4 30 54 59 64 68 74
39 46 39 46
34 74 34 54 59 61 64 68 74
22 65 22 43 44 55 63 65
4 68 4 41 49 59 61 64 68
0 43 0 43
11 25 11 18 22 25
6 25 6 18 20 23 25
18 31 18 22 31
18 89 18 34 50 60 66 83 89
24 55 24 33 37 40 43 44 55
58 61 58 61
43 62 43 62
19 86 19 56 62 63 66 78 80 81 83 86
6 29 6 27 29
24 89 24 89
8 67 8 28 35 39 58 67
29 57 29 57
7 36 7 27 29 36
24 29 24 27 29
6 79 6 15 22 43 62 63 79
42 62 42 62
23 87 23 87
24 34 24 30 34
26 77 26 30 41 77
36 65 36 37 50 58 61 64 65
20 74 20 55 57 74
81 87 81 82 87
8 68 8 40 64 68
9 13 9 13
10 58 10 24 34 55 58
3 82 3 76 82
24 86 24 32 71 83 86
19 33 19 20 23 25 33
4 20 4 13 14 19 20
5 71 5 6 17 51 61 64 71
51 85 51 85
3 76 3 30 53 58 64 69 76
13 26 13 26
50 78 50 67 72 78
34 57 34 45 55 57
7 84 7 40 43 47 67 78 84
8 62 8 33 62
7 47 7 15 30 41 47
24 75 24 55 58 61 75
45 76 45 55 61 64 68 69 76
16 40 16 28 37 40
29 61 29 43 47 53 58 61
6 27 6 24 27
2 54 2 23 37 48 54
23 71 23 55 61 64 71
7 25 7 25
10 78 10 24 52 78
3 16 3 9 13 16
23 79 23 32 44 79
34 46 34 38 42 46
7 39 7 25 35 39
46 60 46 49 51 60
27 34 27 34
8 66 8 9 45 61 66
27 38 27 34 38
1 42 1 13 26 38 42
39 77 39 58 61 66 77
15 80 15 22 62 70 72 78 80
4 44 4 21 40 43 44
15 33 15 25 33
18 65 18 34 54 59 65
0 59 0 17 34 59
26 56 26 28 35 56
19 49 19 43 46 49
1 72 1 49 72
10 46 10 24 33 39 46
52 78 52 78
66 89 66 77 89
6 21 6 18 21
39 69 39 41 47 53 59 61 64 68 69
11 50 11 18 27 41 50
36 66 36 60 66
13 37 13 20 23 28 37
48 76 48 61 64 68 69 76
1 80 1 49 59 66 78 80
6 36 6 27 29 36
18 58 18 21 42 46 49 51 58
50 64 50 59 64
3 39 3 14 19 33 39
17 74 17 26 28 58 64 68 74
4 25 4 23 25
51 85 51 60 69 76 82 85
23 76 23 55 61 64 69 76
22 54 22 34 48 54
0 49 0 43 46 49
75 80 75 78 80
3 27 3 14 19 27
45 83 45 57 78 81 83
40 76 40 76
26 85 26 30 50 64 81 82 85
15 71 15 60 66 71
6 58 6 37 51 58
9 39 9 20 30 39
10 70 10 17 55 70
29 69 29 48 54 59 69
61 75 61 75
7 25 7 15 25
33 50 33 37 50
5 33 5 25 33
25 38 25 38
27 52 27 29 37 52
17 61 17 25 38 59 61
38 60 38 42 51 60
2 26 2 18 21 26
48 54 48 54
21 26 21 26
34 53 34 38 41 53
20 37 20 26 28 37
25 40 25 40
2 66 2 63 66
72 87 72 78 81 82 87
33 73 33 73
82 85 82 85
75 85 75 78 85
19 41 19 26 38 41
16 47 16 29 43 47
17 57 17 32 44 55 57
20 56 20 56
27 70 27 44 55 70
58 87 58 67 72 78 80 81 82 87
72 85 72 78 81 82 85
57 89 57 72 78 80 83 89
5 22 5 6 15 22
11 37 11 20 23 28 37
8 28 8 13 14 21 26 28
15 22 15 22
50 58 50 51 58
4 37 4 21 26 28 37
17 69 17 60 69
1 13 1 2 9 13
59 77 59 77
1 82 1 3 37 49 76 82
15 69 15 25 35 59 69
20 59 20 30 39 46 49 51 59
35 56 35 56
3 15 3 15
41 85 41 68 74 85
12 60 12 50 60
1 3 1 3
3 60 3 14 30 39 46 49 51 60
24 78 24 34 67 78
15 33 15 25 33
40 62 40 62
17 61 17 55 61
14 36 14 19 27 29 36
50 73 50 58 73
39 63 39 57 63
59 68 59 64 68
43 57 43 44 55 57
48 79 48 79
8 19 8 13 14 19
7 84 7 28 58 78 84
16 47 16 28 37 40 43 47
1 86 1 2 60 66 71 83 86
7 33 7 25 33
0 83 0 24 43 44 78 81 83
40 72 40 42 62 72
67 78 67 72 78
18 59 18 34 50 51 59
32 88 32 86 88
4 89 4 70 71 84 89
55 86 55 86
35 82 35 76 82
4 74 4 8 62 74
59 89 59 89
61 83 61 83
1 13 1 3 9 13
18 67 18 22 34 48 52 67
8 80 8 34 44 51 58 61 64 80
55 86 55 57 83 86
45 51 45 50 51
6 67 6 16 24 54 67
16 83 16 44 61 75 83
51 58 51 58
15 41 15 26 28 39 41
2 76 2 60 69 76
20 88 20 73 88
67 89 67 77 89
23 43 23 25 40 43
58 69 58 68 69
25 50 25 33 37 50
37 62 37 40 62
41 53 41 53
1 71 1 49 59 64 71
26 84 26 55 79 84
23 39 23 35 39
4 78 4 21 26 38 49 59 61 66 78
38 80 38 60 78 80
30 39 30 39
1 78 1 39 58 67 78
50 61 50 51 61
5 69 5 24 50 60 69
21 35 21 26 28 35
49 78 49 51 60 78
3 76 3 23 44 55 58 64 69 76
70 86 70 86
36 59 36 48 54 59
16 25 16 23 25
16 82 16 50 51 67 82
7 43 7 14 19 27 29 36 43
7 27 7 27
24 78 24 30 53 72 78
33 46 33 46
24 71 24 71
36 47 36 37 40 43 47
10 34 10 17 34
33 50 33 39 41 50
3 80 3 33 52 64 80
2 25 2 13 16 23 25
0 34 0 10 30 34
25 73 25 40 42 46 49 51 58 73
38 85 38 63 80 81 82 85
51 67 51 58 67
7 22 7 15 22
82 88 82 87 88
11 27 11 27
9 56 9 16 35 56
40 62 40 62
64 76 64 69 76
30 39 30 39
37 42 37 40 42
34 47 34 47
4 78 4 23 25 35 41 53 72 78
26 60 26 42 51 60
45 71 45 52 64 71
4 44 4 23 37 40 43 44
20 88 20 88
11 85 11 18 72 82 85
20 26 20 26
30 60 30 39 41 50 51 60
17 85 17 58 68 69 76 82 85
25 84 25 35 43 62 72 84
3 16 3 16
18 35 18 19 21 26 28 35
45 55 45 55
80 89 80 81 83 89
8 54 8 28 37 48 54
20 49 20 40 43 46 49
4 70 4 23 35 41 70
35 64 35 39 58 64
23 89 23 79 83 89
42 82 42 59 61 64 69 76 82
3 56 3 14 19 20 23 35 56
67 82 67 78 80 81 82
7 65 7 40 51 61 64 65
9 69 9 45 55 58 68 69
38 59 38 42 46 49 51 59
58 82 58 67 72 78 81 82
5 25 5 6 17 20 23 25
51 73 51 58 73
3 58 3 11 58
50 64 50 64
45 80 45 61 66 78 80
53 77 53 77
41 69 41 49 51 61 64 69
15 21 15 21
45 75 45 75
41 50 41 50
10 36 10 24 27 29 36
69 85 69 76 82 85
62 66 62 63 66
28 57 28 37 40 43 44 55 57
13 32 13 16 27 32
56 74 56 62 74
69 88 69 88
43 80 43 46 49 72 78 80
7 71 7 39 57 63 66 71
13 39 13 20 39
66 89 66 77 89
34 67 34 38 49 51 67
47 61 47 53 58 61
3 30 3 9 17 20 30
5 66 5 44 60 66
7 71 7 57 63 66 71
56 68 56 64 68
13 60 13 14 30 49 51 60
39 63 39 41 63
64 68 64 68
11 80 11 33 78 80
7 88 7 56 78 80 82 85 88
33 41 33 39 41
8 69 8 41 49 59 69
34 48 34 48
0 81 0 47 75 78 80 81
20 80 20 79 80
43 68 43 52 64 68
6 82 6 79 80 81 82
16 88 16 35 82 85 88
13 86 13 16 83 86
0 30 0 10 17 26 30
44 84 44 51 59 61 64 71 84
47 89 47 77 89
63 65 63 65
20 68 20 55 58 64 68
2 66 2 56 62 63 66
1 13 1 2 13
18 30 18 20 30
29 47 29 36 43 47
71 85 71 82 85
38 84 38 41 70 71 84
20 55 20 32 44 55
3 64 3 38 49 59 61 64
8 83 8 62 63 66 78 80 81 83
67 78 67 72 78
48 54 48 54
18 51 18 27 41 49 51
42 79 42 62 63 79
23 74 23 57 74
17 42 17 33 37 40 42
13 83 13 48 54 59 61 64 71 83
63 88 63 80 81 82 85 88
59 75 59 61 75
46 87 46 77 87
77 89 77 89
1 37 1 37
11 36 11 18 27 29 36
25 56 25 35 56
3 9 3 9
17 25 17 25
49 80 49 51 61 66 78 80
11 57 11 33 39 57
58 67 58 67
24 79 24 34 55 63 79
60 87 60 66 77 87
13 83 13 83
48 87 48 72 87
10 47 10 32 47
15 40 15 25 40
11 49 11 35 41 49
16 62 16 35 43 62
26 65 26 55 63 65
30 66 30 41 53 59 66
4 49 4 49
22 67 22 33 67
12 57 12 17 33 37 40 42 57
2 88 2 70 80 83 88
5 35 5 7 15 26 28 35
9 53 9 13 28 37 40 43 47 53
48 83 48 61 64 80 81 83
12 23 12 17 20 23
19 83 19 21 58 78 81 83
18 30 18 19 30
45 89 45 70 81 83 89
4 70 4 70
43 44 43 44
24 81 24 50 67 72 78 80 81
3 84 3 58 78 84
24 52 24 33 37 48 52
19 56 19 20 26 28 35 56
34 85 34 45 57 82 85
39 77 39 57 63 66 77
26 62 26 28 35 56 62
32 78 32 53 59 66 78
4 44 4 30 34 44
6 15 6 15
24 52 24 33 37 52
24 87 24 27 54 80 82 87
2 44 2 14 28 37 40 43 44
4 45 4 21 26 30 34 45
5 34 5 7 14 30 34
2 61 2 14 21 26 42 51 61
36 74 36 37 52 64 68 74
59 83 59 71 83
11 86 11 20 71 83 86
40 42 40 42
8 21 8 13 14 19 21
41 70 41 70
10 41 10 17 34 38 41
50 76 50 64 69 76
42 83 42 51 61 64 81 83
10 74 10 32 53 59 61 64 68 74
23 85 23 79 81 82 85
4 61 4 21 59 61
7 26 7 15 26
3 80 3 11 20 32 48 72 78 80
21 54 21 26 28 37 48 54
3 60 3 30 34 50 51 60
21 65 21 42 57 65
9 49 9 20 26 42 46 49
76 82 76 82
59 66 59 61 66
14 34 14 34
63 80 63 80
21 65 21 58 64 65
72 87 72 78 81 82 87
33 64 33 61 64
54 87 54 67 72 87
27 60 27 34 45 50 51 60
31 84 31 39 46 49 51 60 66 78 84
54 81 54 72 78 80 81
1 59 1 2 9 29 36 59
3 25 3 9 20 23 25
2 85 2 72 78 80 81 82 85
10 79 10 63 79
60 80 60 78 80
27 48 27 32 48
39 57 39 57
38 83 38 49 59 71 83
24 85 24 55 67 78 85
2 81 2 56 62 70 72 78 80 81
58 81 58 64 80 81
70 86 70 71 83 86
0 64 0 59 61 64
23 32 23 32
19 62 19 33 37 62
1 59 1 37 50 59
69 82 69 76 82
51 82 51 74 82
78 86 78 81 83 86
10 17 10 17
40 46 40 43 46
19 30 19 21 26 30
15 58 15 22 33 39 41 47 53 58
25 64 25 35 39 46 49 51 64
51 61 51 61
66 78 66 78
11 26 11 20 26
35 72 35 39 41 47 67 72
54 61 54 59 61
1 66 1 3 16 48 58 61 66
18 33 18 20 23 25 33
18 34 18 34
79 81 79 81
43 53 43 47 53
16 35 16 23 28 35
42 46 42 46
55 61 55 61
34 85 34 55 57 63 82 85
29 80 29 75 80
7 22 7 15 22
3 23 3 23
54 72 54 72
18 89 18 20 26 75 83 89
35 63 35 43 62 63
33 49 33 37 49
52 84 52 64 71 84
20 26 20 26
10 71 10 48 61 66 71
25 48 25 33 37 48
27 52 27 34 45 52
12 78 12 17 70 72 78
7 71 7 64 71
21 89 21 40 63 79 81 83 89
30 83 30 49 51 58 61 64 71 83
45 89 45 89
31 89 31 39 58 61 66 77 89
13 57 13 28 35 41 57
31 70 31 39 41 70
14 25 14 25
6 48 6 15 30 32 48
8 73 8 40 49 51 67 73
50 59 50 59
34 55 34 44 55
28 61 28 49 59 61
28 69 28 68 69
45 79 45 63 79
43 68 43 52 64 68
27 57 27 29 43 44 55 57
17 54 17 20 32 48 54
6 31 6 15 22 31
60 76 60 69 76
1 13 1 2 13
24 62 24 29 37 62
53 77 53 59 77
46 66 46 49 59 61 66
36 48 36 48
10 76 10 58 64 68 69 76
23 57 23 37 40 42 57
18 64 18 22 59 64
31 87 31 69 87
20 48 20 30 48
68 74 68 74
22 59 22 31 43 44 53 59
1 3 1 3
7 88 7 73 88
13 70 13 26 55 70
1 42 1 7 42
17 75 17 51 59 61 75
23 82 23 28 39 46 49 69 76 82
7 33 7 33
12 45 12 45
54 59 54 59
28 89 28 49 77 89
84 88 84 88
72 82 72 82
0 57 0 43 44 55 57
21 62 21 40 43 62
39 71 39 41 59 66 71
1 30 1 13 14 19 26 30
33 73 33 46 49 51 67 73
9 74 9 62 74
31 85 31 56 74 82 85
12 58 12 27 53 58
9 69 9 45 61 64 69
8 73 8 34 54 67 73
49 65 49 51 64 65
3 66 3 33 62 63 66
7 61 7 41 50 51 58 61
49 74 49 59 61 64 68 74
19 56 19 26 28 35 56
11 64 11 18 21 26 28 46 49 59 64
29 59 29 43 46 49 51 59
28 77 28 35 56 62 63 66 77
6 77 6 77
34 46 34 46
21 74 21 59 61 64 68 74
85 88 85 88
76 82 76 82
17 88 17 81 82 87 88
29 81 29 70 72 78 81
51 61 51 58 61
6 21 6 18 19 21
49 72 49 51 67 72
16 85 16 68 74 85
30 72 30 72
6 86 6 40 43 70 81 83 86
38 85 38 42 46 49 59 66 71 82 85
43 86 43 52 67 72 78 80 81 83 86
32 59 32 44 53 59
25 84 25 57 63 79 84
42 60 42 46 49 51 60
54 87 54 72 78 80 81 82 87
61 76 61 64 68 69 76
53 72 53 72
58 68 58 64 68
5 67 5 30 50 51 58 67
14 60 14 31 43 44 60
70 89 70 71 84 89
61 86 61 64 86
7 27 7 14 19 27
39 87 39 76 82 87
72 80 72 78 80
21 32 21 26 30 32
9 62 9 62
11 89 11 18 59 71 83 89
23 43 23 37 40 43
45 80 45 57 78 80
70 86 70 86
75 83 75 83
6 30 6 18 21 26 30
11 20 11 20
70 89 70 71 84 89
25 88 25 64 87 88
23 62 23 28 37 40 43 62
17 61 17 25 40 51 61
80 83 80 83
18 76 18 27 54 59 69 76
68 69 68 69
42 79 42 62 63 79
28 37 28 37
79 89 79 83 89
25 84 25 61 64 71 84
24 83 24 27 54 78 81 83
42 64 42 51 64
0 64 0 27 29 36 59 61 64
16 55 16 29 36 43 44 55
51 74 51 59 61 64 68 74
2 25 2 18 19 20 23 25
40 47 40 43 47
8 31 8 13 16 31
18 38 18 34 38
21 41 21 26 38 41
27 66 27 58 61 66
16 23 16 23
27 75 27 29 75
11 64 11 18 21 59 61 64
20 72 20 26 42 46 49 72
26 80 26 30 50 67 72 78 80
8 19 8 9 13 14 19
64 82 64 80 81 82
23 41 23 35 39 41
32 59 32 48 54 59
30 57 30 44 55 57
50 74 50 58 64 68 74
40 52 40 43 52
30 44 30 44
25 49 25 35 39 46 49
41 76 41 47 61 64 69 76
17 51 17 20 49 51
67 89 67 77 89
42 75 42 51 61 75
5 51 5 36 50 51
0 70 0 17 29 43 70
5 75 5 7 43 75
85 88 85 88
42 46 42 46
44 85 44 64 82 85
45 67 45 54 67
8 47 8 9 16 24 29 37 40 43 47
11 51 11 27 32 51
3 42 3 14 28 37 40 42
23 64 23 32 51 64
2 57 2 57
52 80 52 64 80
2 60 2 9 39 60
51 75 51 58 61 75
31 84 31 56 64 71 84
28 39 28 39
26 86 26 40 62 72 86
6 74 6 21 59 64 68 74
26 28 26 28
54 64 54 59 61 64
0 24 0 13 16 24
19 78 19 78
13 80 13 16 24 55 67 72 78 80
36 47 36 37 40 43 47
6 30 6 18 20 30
24 59 24 54 59
9 45 9 17 26 30 34 45
29 37 29 36 37
63 79 63 79
12 24 12 24
21 34 21 26 30 34
41 50 41 50
16 78 16 44 55 57 63 66 78
32 63 32 44 55 57 63
40 89 40 72 84 89
17 81 17 55 57 80 81
13 74 13 24 64 68 74
81 83 81 83
46 49 46 49
3 27 3 16 24 27
22 37 22 25 33 37
62 65 62 63 65
12 56 12 17 20 26 28 35 56
20 56 20 26 28 35 56
25 88 25 88
22 33 22 25 33
6 82 6 27 53 72 82
61 76 61 64 69 76
25 83 25 57 63 83
44 64 44 55 61 64
26 77 26 28 39 41 57 63 66 77
39 81 39 58 67 78 80 81
34 64 34 59 61 64
13 85 13 49 85
29 72 29 70 72
87 88 87 88
9 20 9 13 14 19 20
23 68 23 49 59 64 68
25 61 25 35 39 58 61
24 85 24 64 82 85
55 66 55 61 66
71 84 71 84
43 86 43 75 78 80 83 86
35 57 35 41 57
54 59 54 59
36 60 36 60
60 78 60 78
27 62 27 29 43 62
28 58 28 35 41 50 58
10 26 10 17 26
27 44 27 32 44
9 24 9 24
9 40 9 16 40
2 65 2 63 65
18 35 18 20 26 28 35
4 13 4 13
5 59 5 24 54 59
79 83 79 83
14 19 14 19
53 58 53 58
27 57 27 29 37 40 42 57
6 27 6 18 19 27
50 67 50 67
11 25 11 20 23 25
60 81 60 78 81
22 68 22 34 45 61 64 68
43 47 43 47
0 78 0 44 61 66 78
1 88 1 72 78 85 88
55 61 55 58 61
7 35 7 15 22 25 35
4 60 4 13 28 46 49 51 60
32 53 32 44 53
2 25 2 18 19 20 23 25
0 47 0 17 33 37 40 43 47
15 63 15 25 63
10 26 10 17 20 26
51 89 51 80 81 83 89
38 60 38 42 51 60
64 69 64 69
28 57 28 41 57
60 80 60 66 78 80
5 49 5 30 49
6 80 6 30 54 67 72 78 80
45 64 45 52 64
72 86 72 78 81 83 86
25 61 25 38 42 59 61
1 30 1 2 14 19 20 30
8 46 8 28 39 46
30 52 30 48 52
29 72 29 36 55 58 67 72
30 54 30 34 48 54
16 85 16 38 42 70 71 82 85
40 86 40 51 60 66 78 81 83 86
6 82 6 17 29 79 81 82
3 56 3 14 21 26 28 35 56
75 84 75 78 84
59 65 59 65
75 85 75 78 85
79 82 79 80 81 82
20 75 20 55 61 75
10 52 10 24 33 52
80 88 80 81 83 88
13 32 13 16 24 30 32
41 49 41 49
60 69 60 69
45 70 45 70
54 78 54 75 78
62 83 62 70 72 78 81 83
33 72 33 67 72
37 80 37 72 78 80
13 44 13 29 36 43 44
26 69 26 55 58 64 69
18 20 18 20
80 81 80 81
12 78 12 72 78
2 85 2 78 81 82 85
24 51 24 34 38 42 51
58 74 58 68 74
26 38 26 38
36 43 36 43
22 62 22 34 38 42 62
4 85 4 40 85
39 85 39 57 80 82 85
8 46 8 33 46
5 66 5 36 48 58 61 66
15 69 15 46 49 51 61 64 69
45 80 45 75 80
12 25 12 17 20 23 25
5 70 5 25 40 42 70
36 60 36 37 50 60
17 60 17 33 51 60
37 46 37 40 42 46
19 30 19 20 30
80 83 80 83
5 73 5 52 67 73
52 80 52 78 80
28 35 28 35
40 43 40 43
0 16 0 13 16
79 84 79 84
39 46 39 46
35 43 35 43
3 28 3 16 28
4 85 4 41 79 81 82 85
48 80 48 79 80
10 62 10 30 34 38 42 62
7 25 7 25
4 14 4 8 13 14
31 57 31 43 44 55 57
8 46 8 40 43 46
12 41 12 27 34 38 41
44 64 44 61 64
4 56 4 56
5 37 5 37
43 76 43 47 61 64 69 76
27 88 27 29 37 77 87 88
19 69 19 27 34 59 69
27 32 27 32
10 48 10 30 48
32 66 32 66
21 66 21 40 62 63 66
25 61 25 35 41 59 61
30 44 30 32 44
1 72 1 49 72
67 72 67 72
6 48 6 16 24 29 36 48
48 88 48 58 73 88
13 70 13 24 32 44 55 70
28 82 28 41 47 61 66 71 82
78 81 78 80 81
16 74 16 28 41 59 64 68 74
26 85 26 55 61 75 82 85
37 88 37 87 88
17 60 17 33 51 60
12 86 12 50 79 86
67 77 67 77
58 83 58 61 64 81 83
24 34 24 34
14 36 14 19 27 29 36
18 65 18 63 65
19 75 19 43 46 49 59 61 75
21 81 21 59 66 78 81
11 31 11 18 22 31
17 78 17 29 75 78
36 55 36 55
58 65 58 64 65
14 86 14 34 50 59 86
23 85 23 28 46 49 72 82 85
22 34 22 34
53 89 53 80 83 89
31 73 31 43 46 49 51 58 67 73
23 79 23 28 39 41 79
49 60 49 51 60
5 59 5 7 42 46 49 59
46 75 46 49 51 61 75
64 86 64 71 83 86
44 78 44 60 78
14 59 14 42 59
46 51 46 49 51
7 88 7 56 82 85 88
48 87 48 61 64 68 69 76 82 87
29 79 29 48 79
6 24 6 16 24
46 61 46 49 59 61
70 88 70 88
18 27 18 19 27
15 69 15 25 40 51 61 64 69
12 75 12 45 61 75
4 20 4 8 9 20
24 29 24 29
45 89 45 57 63 79 81 83 89
58 76 58 64 69 76
42 66 42 57 63 66
28 69 28 37 40 42 51 61 64 69
18 75 18 19 43 46 49 51 61 75
14 52 14 25 40 43 52
45 59 45 54 59
53 71 53 58 64 71
27 84 27 52 78 84
8 20 8 9 20
7 65 7 29 57 63 65
45 57 45 57
25 59 25 35 59
2 68 2 56 64 68
35 89 35 72 78 84 89
44 67 44 51 67
39 85 39 58 61 64 80 82 85
56 62 56 62
0 24 0 13 16 24
44 84 44 64 71 84
26 57 26 28 35 41 57
4 71 4 13 64 71
12 29 12 27 29
5 57 5 36 55 57
41 77 41 59 77
12 32 12 26 30 32
37 60 37 51 60
42 71 42 57 63 66 71
28 73 28 37 52 67 73
1 54 1 19 30 32 48 54
75 88 75 78 84 88
17 33 17 20 23 25 33
51 87 51 80 81 82 87
70 81 70 72 78 80 81
57 78 57 78
21 47 21 26 28 35 39 41 47
59 86 59 66 78 80 81 83 86
37 40 37 40
71 82 71 82
20 37 20 23 37
53 88 53 77 88
64 87 64 80 81 82 87
68 85 68 69 76 82 85
36 81 36 59 66 78 80 81
24 32 24 32
13 24 13 16 24
0 33 0 20 23 25 33
24 71 24 64 71
34 63 34 55 63
7 28 7 15 21 26 28
17 81 17 60 78 81
16 87 16 76 82 87
25 40 25 40
19 85 19 38 63 82 85
37 68 37 59 61 64 68
0 29 0 17 29
5 75 5 33 51 61 75
23 59 23 28 35 59
7 41 7 15 26 30 41
38 80 38 60 78 80
46 67 46 49 51 58 67
36 55 36 55
30 73 30 48 58 67 73
83 88 83 86 88
16 88 16 48 54 72 86 88
24 82 24 34 81 82
37 63 37 40 62 63
13 70 13 28 39 41 70
35 86 35 63 79 86
14 86 14 28 64 71 83 86
16 55 16 28 37 40 43 44 55
28 82 28 82
83 86 83 86
46 77 46 77
2 31 2 13 16 31
42 57 42 57
33 54 33 37 48 54
38 89 38 49 59 64 81 83 89
17 86 17 60 78 81 83 86
81 83 81 83
2 54 2 13 29 48 54
80 82 80 82
16 48 16 29 48
7 27 7 14 19 27
79 83 79 83
40 51 40 42 46 49 51
63 81 63 80 81
41 66 41 49 51 60 66
21 81 21 70 80 81
0 13 0 13
27 86 27 58 78 81 83 86
11 80 11 33 78 80
30 71 30 41 49 51 59 71
24 48 24 27 29 48
12 75 12 24 50 58 61 75
5 32 5 32
70 82 70 80 81 82
48 68 48 58 68
44 76 44 51 58 61 64 68 69 76
18 89 18 34 79 80 83 89
69 85 69 76 82 85
17 60 17 51 60
17 74 17 33 52 64 68 74
30 69 30 68 69
26 59 26 38 41 53 59
9 49 9 16 31 43 46 49
30 41 30 39 41
51 68 51 61 64 68
23 88 23 37 87 88
61 81 61 75 80 81
11 40 11 21 26 28 37 40
31 70 31 56 62 70
53 80 53 58 78 80
52 85 52 80 81 82 85
11 67 11 21 40 49 51 67
13 56 13 20 23 25 35 56
18 72 18 21 42 70 72
17 85 17 60 69 76 82 85
34 53 34 47 53
57 74 57 74
26 86 26 30 41 78 80 83 86
21 79 21 40 63 79
25 82 25 79 81 82
29 81 29 37 59 64 80 81
58 82 58 68 74 82
32 52 32 48 52
51 83 51 80 83
41 80 41 66 78 80
19 21 19 21
22 34 22 34
85 88 85 88
29 80 29 48 72 78 80
31 57 31 43 44 55 57
5 23 5 6 16 23
36 66 36 59 66
0 67 0 43 46 49 51 67
78 85 78 81 82 85
59 71 59 71
82 87 82 87
26 53 26 30 32 47 53
20 74 20 32 48 61 64 68 74
30 76 30 76
7 37 7 33 37
4 72 4 30 39 58 67 72
5 66 5 6 21 59 66
27 86 27 41 66 78 81 83 86
61 76 61 64 69 76
16 55 16 31 43 44 55
1 39 1 2 18 22 33 39
1 61 1 7 27 53 59 61
52 83 52 71 83
37 75 37 49 51 58 61 75
0 17 0 17
35 66 35 43 44 61 66
36 85 36 60 78 81 82 85
17 68 17 25 64 68
53 64 53 58 61 64
70 80 70 80
6 20 6 17 20
26 73 26 73
5 89 5 75 80 83 89
43 67 43 52 67
64 71 64 71
28 85 28 68 69 76 82 85
34 38 34 38
6 51 6 24 30 50 51
47 81 47 80 81
14 52 14 31 43 52
2 61 2 9 46 49 51 61
24 43 24 43
12 25 12 17 25
43 53 43 47 53
23 59 23 37 50 59
45 79 45 55 79
24 78 24 43 52 67 78
48 79 48 79
12 34 12 24 30 34
33 78 33 51 59 61 66 78
16 30 16 24 30
18 79 18 34 79
6 58 6 30 50 51 58
23 33 23 25 33
14 36 14 19 27 29 36
1 88 1 19 78 84 88
1 54 1 19 26 28 37 48 54
74 87 74 82 87
23 55 23 37 40 43 44 55
25 57 25 57
28 61 28 46 49 59 61
64 80 64 80
37 42 37 40 42
55 78 55 70 72 78
50 84 50 58 61 66 78 84
6 88 6 80 81 83 86 88
13 23 13 20 23
63 83 63 79 81 83
34 55 34 55
56 71 56 62 70 71
36 49 36 37 49
10 59 10 17 26 40 51 59
43 55 43 44 55
14 19 14 19
11 65 11 35 65
37 84 37 51 59 71 84
54 86 54 83 86
6 16 6 16
8 9 8 9
38 72 38 41 70 72
33 78 33 49 59 66 78
34 64 34 46 49 59 64
51 85 51 74 85
55 75 55 58 61 75
19 70 19 43 44 55 70
44 57 44 55 57
58 78 58 78
14 60 14 30 34 38 41 50 51 60
25 80 25 64 80
32 63 32 44 63
8 58 8 58
2 60 2 18 19 26 40 60
15 25 15 25
50 51 50 51
17 89 17 32 47 53 80 81 83 89
14 34 14 21 26 30 34
49 86 49 51 67 72 78 80 83 86
53 58 53 58
3 54 3 16 48 54
39 79 39 41 79
58 64 58 64
30 73 30 39 46 49 51 67 73
38 51 38 42 51
43 60 43 44 51 60
17 60 17 60
0 43 0 27 29 43
59 74 59 61 64 68 74
12 87 12 37 76 82 87
47 80 47 80
14 44 14 30 44
16 24 16 24
23 87 23 49 77 87
51 59 51 59
27 59 27 32 44 53 59
43 84 43 44 78 84
35 64 35 39 46 49 51 61 64
27 43 27 29 36 37 40 43
17 58 17 34 45 55 58
4 40 4 40
3 33 3 16 24 33
8 54 8 34 48 54
41 53 41 53
46 75 46 49 59 61 75
23 49 23 35 43 46 49
26 56 26 28 35 56
20 32 20 30 32
4 28 4 21 26 28
6 23 6 17 20 23
19 73 19 43 47 53 58 73
63 79 63 79
1 76 1 68 69 76
57 81 57 72 78 81
26 57 26 40 42 57
14 64 14 42 51 59 61 64
4 25 4 8 9 13 14 19 20 23 25
49 59 49 59
3 11 3 11
81 82 81 82
37 50 37 50
12 50 12 26 38 41 50
7 57 7 29 57
2 58 2 18 22 34 48 58
5 88 5 79 80 82 87 88
53 66 53 59 66
59 61 59 61
21 32 21 26 30 32
42 79 42 62 63 79
63 89 63 80 83 89
25 71 25 40 43 64 71
27 79 27 29 79
9 32 9 20 23 32
5 64 5 24 29 36 50 58 64
9 64 9 45 54 59 61 64
16 86 16 80 81 83 86
29 83 29 75 83
0 88 0 71 84 88
12 84 12 17 32 47 67 78 84
24 87 24 30 54 75 78 81 82 87
3 77 3 38 49 51 61 66 77
34 66 34 45 63 66
60 77 60 66 77
15 58 15 26 38 41 49 51 58
2 72 2 33 67 72
2 9 2 9
35 41 35 39 41
58 87 58 87
2 51 2 23 49 51
49 51 49 51
34 46 34 38 42 46
33 73 33 39 46 49 51 67 73
39 85 39 46 49 76 82 85
38 49 38 42 46 49
30 71 30 49 51 60 66 71
25 81 25 57 78 80 81
8 9 8 9
39 63 39 41 63
5 72 5 72
55 58 55 58
26 58 26 30 34 55 58
14 30 14 21 26 30
25 85 25 33 52 71 82 85
18 30 18 19 30
4 89 4 23 37 62 72 84 89
63 65 63 65
47 80 47 61 75 78 80
45 51 45 50 51
4 14 4 13 14
14 68 14 25 38 59 61 64 68
17 67 17 20 49 51 67
13 68 13 24 54 59 61 64 68
25 88 25 88
35 41 35 41
0 48 0 24 34 48
0 10 0 10
2 65 2 33 51 58 61 64 65
18 33 18 22 25 33
1 19 1 2 14 19
10 46 10 17 33 46
3 18 3 18
3 11 3 11
17 70 17 32 44 55 70
21 58 21 58
6 31 6 15 22 31
0 52 0 27 32 48 52
28 79 28 37 40 63 79
10 78 10 70 72 78
58 84 58 61 66 78 84
64 87 64 81 82 87
17 39 17 25 35 39
5 52 5 7 25 40 43 52
66 78 66 78
35 78 35 39 60 66 78
0 75 0 48 75
0 47 0 24 33 37 40 43 47
0 88 0 10 34 86 88
13 77 13 48 54 59 77
52 84 52 67 72 78 84
2 30 2 14 21 26 30
72 82 72 78 81 82
0 70 0 45 70
19 82 19 56 82
52 72 52 67 72
29 57 29 57
30 32 30 32
4 41 4 13 14 28 39 41
1 2 1 2
0 59 0 48 54 59
28 59 28 41 49 59
27 32 27 32
3 80 3 51 58 64 80
28 46 28 37 40 43 46
39 41 39 41
10 47 10 47
25 67 25 35 41 47 53 58 67
53 58 53 58
70 81 70 72 78 81
10 48 10 30 34 48
21 53 21 40 43 47 53
3 77 3 11 27 54 59 61 66 77
14 60 14 31 43 44 60
48 61 48 61
3 15 3 15
16 86 16 86
11 68 11 27 54 59 64 68
1 71 1 37 50 51 59 71
12 60 12 32 44 51 60
2 17 2 9 17
28 79 28 39 41 50 79
45 89 45 70 72 78 81 83 89
7 84 7 62 70 72 84
4 58 4 8 41 50 51 58
46 51 46 49 51
10 74 10 58 64 68 74
17 29 17 29
8 78 8 28 35 59 66 78
52 86 52 80 83 86
16 30 16 24 30
9 78 9 32 53 72 78
48 72 48 58 67 72
20 85 20 40 43 47 53 58 61 66 71 82 85
16 57 16 28 37 40 42 57
0 21 0 13 14 21
0 44 0 27 29 37 40 43 44
52 67 52 67
13 28 13 28
28 57 28 37 40 43 44 55 57
83 86 83 86
3 66 3 38 42 62 63 66
17 39 17 33 39
54 80 54 67 78 80
31 70 31 43 44 55 70
36 81 36 81
29 70 29 36 55 70
11 21 11 21
27 75 27 53 59 61 75
21 43 21 40 43
26 80 26 38 41 53 80
11 51 11 20 30 44 51
39 69 39 58 61 64 68 69
80 88 80 81 83 86 88
8 30 8 13 20 30
18 49 18 27 41 49
49 64 49 59 64
43 73 43 52 67 73
2 68 2 31 68
25 35 25 35
47 61 47 53 58 61
18 51 18 21 40 42 51
21 62 21 40 42 62
10 54 10 34 45 54
24 82 24 29 43 80 82
23 84 23 79 84
20 74 20 32 48 52 64 68 74
55 89 55 79 83 89
5 36 5 24 29 36
26 85 26 40 51 85
59 83 59 71 83
40 51 40 51
34 78 34 38 70 72 78
32 68 32 53 59 61 64 68
43 70 43 62 70
14 31 14 31
51 87 51 80 81 82 87
2 81 2 31 43 52 67 72 78 80 81
33 70 33 37 62 70
36 71 36 55 63 66 71
4 26 4 8 13 26
43 65 43 47 53 59 61 64 65
40 60 40 60
17 29 17 29
31 86 31 43 46 49 59 71 83 86
25 71 25 40 49 59 64 71
8 32 8 13 26 30 32
24 76 24 27 54 59 69 76
37 72 37 49 72
80 88 80 83 88
5 71 5 33 64 71
21 73 21 40 49 51 73
71 82 71 82
13 24 13 24
41 57 41 57
16 74 16 50 58 64 68 74
4 79 4 23 79
71 82 71 82
31 51 31 43 46 49 51
11 68 11 64 68
54 76 54 59 69 76
18 83 18 19 20 32 48 61 64 71 83
43 78 43 75 78
79 86 79 86
21 62 21 40 42 62
3 88 3 23 49 76 82 87 88
56 71 56 62 63 66 71
27 72 27 58 67 72
6 68 6 44 61 64 68
26 84 26 30 50 58 64 71 84
54 83 54 80 81 83
18 63 18 21 42 57 63
11 33 11 18 20 23 25 33
44 78 44 55 70 72 78
67 84 67 72 78 84
9 45 9 13 20 26 30 34 45
3 25 3 16 23 25
26 45 26 30 34 45
29 75 29 43 46 49 59 61 75
37 76 37 48 52 64 68 69 76
50 51 50 51
34 66 34 50 60 66
9 50 9 50
62 65 62 65
51 87 51 80 81 82 87
0 17 0 10 17
12 44 12 44
30 60 30 44 60
22 89 22 62 63 83 89
35 43 35 43
7 41 7 41
20 51 20 23 37 50 51
75 78 75 78
19 73 19 30 54 73
3 32 3 27 32
60 88 60 82 85 88
17 75 17 55 61 75
9 37 9 13 29 36 37
42 87 42 46 77 87
22 85 22 59 66 71 82 85
27 59 27 53 59
1 35 1 19 21 26 28 35
47 85 47 80 81 82 85
2 81 2 14 59 66 78 80 81
20 51 20 23 35 43 46 49 51
37 66 37 49 59 66
21 82 21 70 71 82
22 86 22 25 71 83 86
13 30 13 20 26 30
29 75 29 75
43 49 43 46 49
12 73 12 37 51 73
16 30 16 24 30
1 38 1 26 38
57 63 57 63
38 70 38 70
43 57 43 44 55 57
22 45 22 34 45
31 61 31 43 44 51 58 61
5 73 5 37 50 58 73
10 48 10 34 48
7 54 7 29 36 37 48 54
14 78 14 21 59 66 78
20 75 20 30 53 58 61 75
36 61 36 55 61
18 58 18 34 50 58
6 60 6 16 24 33 37 51 60
37 80 37 50 60 66 78 80
27 53 27 53
21 26 21 26
9 81 9 45 70 81
2 26 2 13 26
18 57 18 27 29 43 44 55 57
45 57 45 57
61 66 61 66
57 74 57 74
24 75 24 43 47 53 58 61 75
0 75 0 13 14 34 54 75
13 26 13 20 26
7 85 7 15 69 76 82 85
43 44 43 44
5 69 5 7 49 69
43 53 43 44 53
42 80 42 51 67 78 80
24 64 24 50 51 61 64
9 32 9 17 20 32
2 60 2 23 44 51 60
2 26 2 18 20 26
32 78 32 47 67 78
10 33 10 24 33
54 76 54 59 69 76
38 84 38 41 53 58 61 64 71 84
16 57 16 38 41 57
16 55 16 27 34 45 55
0 67 0 53 58 67
56 77 56 62 63 66 77
11 20 11 20
25 33 25 33
23 81 23 44 61 64 80 81
23 77 23 35 41 59 61 66 77
35 66 35 39 57 63 66
18 21 18 19 21
14 88 14 30 41 50 51 74 85 88
55 70 55 70
24 63 24 27 34 38 41 63
39 89 39 57 78 81 83 89
0 28 0 17 26 28
64 88 64 68 69 88
8 54 8 9 45 54
16 40 16 29 36 37 40
7 62 7 26 30 34 38 42 62
6 55 6 37 40 43 44 55
1 35 1 13 16 28 35
35 59 35 39 41 59
7 29 7 29
24 29 24 27 29
9 57 9 45 55 57
10 32 10 24 30 32
32 47 32 47
45 55 45 55
24 82 24 52 64 71 82
55 67 55 67
44 64 44 64
19 72 19 33 72
69 88 69 88
55 78 55 58 61 75 78
13 20 13 20
60 78 60 78
79 84 79 84
6 44 6 27 34 44
27 52 27 52
0 47 0 13 24 27 34 47
8 88 8 34 46 49 85 88
21 71 21 42 59 61 66 71
7 63 7 45 55 63
46 67 46 49 51 67
4 82 4 41 63 66 78 81 82
15 56 15 21 26 28 35 56
79 89 79 83 89
67 82 67 78 80 82
13 64 13 36 43 52 64
40 86 40 42 51 61 75 83 86
6 37 6 16 29 37
0 34 0 13 20 30 34
19 20 19 20
22 34 22 34
7 61 7 42 51 59 61
75 81 75 80 81
19 76 19 69 76
10 81 10 52 80 81
60 78 60 78
40 79 40 62 63 79
38 85 38 63 79 80 81 82 85
43 55 43 44 55
13 80 13 46 49 59 66 78 80
33 88 33 72 84 88
66 81 66 78 81
8 13 8 9 13
18 79 18 22 25 40 63 79
16 28 16 23 28
53 81 53 59 66 78 80 81
8 45 8 34 45
23 44 23 35 43 44
2 17 2 9 17
50 68 50 51 58 61 64 68
17 20 17 20
7 71 7 49 59 61 66 71
5 7 5 7
5 69 5 44 55 58 64 68 69
8 9 8 9
50 79 50 79
24 79 24 55 79
60 77 60 66 77
3 59 3 11 20 26 42 59
34 74 34 46 49 59 61 64 68 74
8 9 8 9
28 55 28 35 43 44 55
72 84 72 78 84
12 34 12 26 30 34
40 78 40 72 78
6 72 6 40 42 46 49 72
75 80 75 78 80
45 68 45 64 68
70 89 70 72 84 89
9 53 9 17 29 43 44 53
64 87 64 71 82 87
44 72 44 51 67 72
13 29 13 16 24 27 29
5 70 5 70
46 49 46 49
48 79 48 79
11 70 11 21 42 62 70
21 65 21 58 64 65
66 89 66 77 89
36 80 36 60 66 78 80
33 55 33 37 40 43 44 55
31 87 31 56 64 81 82 87
20 26 20 26
14 53 14 34 47 53
21 42 21 40 42
19 27 19 27
34 64 34 48 58 61 64
79 87 79 80 81 82 87
11 59 11 27 41 59
5 33 5 6 18 19 33
37 78 37 40 43 52 78
2 81 2 70 80 81
51 83 51 58 78 81 83
59 69 59 69
55 76 55 58 64 68 69 76
54 86 54 72 78 81 83 86
12 87 12 41 47 67 77 87
22 73 22 33 52 67 73
7 19 7 14 19
2 72 2 14 34 55 70 72
43 80 43 62 72 78 80
42 71 42 70 71
10 74 10 17 33 62 74
7 49 7 33 37 49
13 77 13 48 54 59 66 77
22 64 22 59 61 64
10 45 10 24 27 34 45
33 84 33 72 84
3 72 3 9 45 52 67 72
79 80 79 80
10 85 10 63 80 81 82 85
44 61 44 55 61
17 84 17 78 84
30 39 30 39
63 78 63 66 78
8 20 8 9 20
23 89 23 28 64 80 81 83 89
70 89 70 81 83 89
6 62 6 27 29 37 40 43 62
0 54 0 48 54
35 43 35 43
18 64 18 59 64
27 38 27 34 38
63 80 63 80
1 30 1 7 14 19 21 26 30
18 75 18 59 61 75
13 64 13 14 42 46 49 51 64
1 26 1 2 18 19 20 26
37 86 37 40 64 80 83 86
17 42 17 25 40 42
21 74 21 58 61 64 68 74
26 69 26 42 46 49 51 58 61 64 68 69
7 61 7 43 46 49 51 61
40 86 40 51 86
31 87 31 39 58 67 72 78 81 82 87
46 64 46 49 59 64
33 53 33 37 40 43 44 53
22 54 22 25 33 37 48 54
3 42 3 30 34 38 42
1 20 1 2 14 19 20
23 66 23 44 61 66
28 64 28 58 64
15 76 15 69 76
2 64 2 56 64
27 68 27 44 53 59 64 68
17 57 17 32 44 55 57
40 46 40 42 46
30 44 30 34 44
29 64 29 37 59 61 64
49 59 49 59
40 49 40 42 46 49
37 60 37 51 60
18 22 18 22
19 39 19 21 26 30 39
19 38 19 27 34 38
9 24 9 13 16 24
26 83 26 55 58 64 81 83
19 69 19 56 64 69
15 45 15 26 30 34 45
0 79 0 48 79
45 71 45 64 71
16 31 16 31
78 84 78 84
37 51 37 51
30 34 30 34
58 73 58 67 73
2 76 2 13 64 68 69 76
47 75 47 75
39 58 39 41 53 58
22 86 22 33 46 49 59 61 64 80 81 83 86
2 24 2 9 24
9 37 9 20 23 37
36 84 36 66 71 84
21 79 21 42 57 63 79
12 41 12 17 33 39 41
15 60 15 46 49 51 60
29 64 29 36 48 54 59 64
13 76 13 28 46 49 51 58 68 69 76
3 21 3 9 13 14 19 21
30 76 30 44 53 59 64 69 76
14 88 14 25 63 66 83 88
17 70 17 20 23 37 40 62 70
10 24 10 24
43 77 43 62 63 66 77
9 44 9 16 24 27 44
1 49 1 3 14 21 26 38 41 49
47 73 47 67 73
29 36 29 36
49 73 49 51 67 73
29 37 29 36 37
19 44 19 26 28 35 43 44
36 76 36 43 64 68 69 76
27 76 27 52 64 69 76
17 70 17 70
14 30 14 19 30
17 52 17 32 48 52
34 81 34 46 49 59 64 80 81
3 22 3 15 22
10 65 10 47 53 58 61 64 65
18 63 18 34 44 55 57 63
40 81 40 64 80 81
78 86 78 81 83 86
5 32 5 6 24 30 32
26 86 26 80 81 83 86
35 74 35 59 61 64 68 74
8 53 8 33 39 41 53
61 76 61 64 68 69 76
24 51 24 33 37 40 43 44 51
61 85 61 75 80 82 85
1 49 1 49
25 40 25 40
27 60 27 34 44 51 60
33 65 33 49 51 64 65
13 56 13 14 21 26 28 35 56
23 44 23 44
24 30 24 30
49 60 49 51 60
18 59 18 21 59
31 86 31 43 62 72 78 80 81 83 86
60 83 60 78 80 81 83
6 48 6 15 22 33 37 48
15 33 15 25 33
59 84 59 64 71 84
33 81 33 46 49 72 78 81
21 42 21 40 42
3 27 3 9 13 14 19 27
19 83 19 26 38 70 72 78 81 83
20 23 20 23
1 31 1 7 15 22 31
4 84 4 30 50 64 71 84
42 64 42 64
57 63 57 63
26 84 26 67 78 84
8 60 8 28 35 39 41 49 51 60
0 10 0 10
14 42 14 30 34 38 42
61 68 61 64 68
48 66 48 54 59 61 66
23 65 23 28 35 41 49 59 64 65
47 89 47 61 83 89
24 42 24 27 29 36 37 40 42
30 58 30 32 47 53 58
6 18 6 18
45 63 45 57 63
9 14 9 13 14
9 44 9 20 32 44
8 47 8 41 47
33 73 33 49 51 67 73
56 71 56 62 70 71
51 82 51 67 78 80 82
23 70 23 25 40 42 70
12 49 12 41 49
12 58 12 45 50 58
0 78 0 48 54 59 66 78
19 75 19 20 59 61 75
50 74 50 64 68 74
24 42 24 29 36 37 40 42
7 38 7 14 25 38
16 25 16 23 25
37 40 37 40
20 37 20 26 28 37
13 23 13 20 23
67 87 67 82 87
11 86 11 58 64 80 81 83 86
16 89 16 89
19 26 19 26
47 61 47 53 59 61
2 42 2 33 37 40 42
26 74 26 40 68 74
8 27 8 9 16 27
8 80 8 34 79 80
9 82 9 17 29 57 74 82
26 80 26 30 48 54 67 78 80
25 81 25 81
23 88 23 32 48 72 82 85 88
36 43 36 37 40 43
18 85 18 59 66 78 81 82 85
24 50 24 27 29 37 50
0 28 0 17 20 26 28
34 78 34 45 67 78
37 88 37 40 64 71 83 88
15 22 15 22
41 79 41 79
7 36 7 29 36
13 37 13 36 37
28 43 28 35 43
47 73 47 67 73
21 34 21 26 30 34
43 77 43 77
4 13 4 8 9 13
6 16 6 16
23 75 23 35 39 46 49 59 61 75
48 68 48 61 64 68
55 76 55 61 64 68 69 76
59 85 59 66 71 82 85
69 85 69 76 82 85
30 57 30 34 45 57
18 80 18 22 72 78 80
4 56 4 13 28 35 56
9 53 9 17 33 39 41 47 53
45 77 45 77
6 77 6 24 27 34 55 57 63 66 77
41 68 41 59 61 64 68
66 83 66 78 80 81 83
14 31 14 31
23 84 23 79 84
3 72 3 14 21 70 72
64 81 64 81
61 74 61 64 68 74
7 45 7 14 30 34 45
4 68 4 68
56 64 56 64
2 41 2 14 31 39 41
19 33 19 20 23 25 33
14 64 14 34 55 58 61 64
3 42 3 30 34 38 42
22 87 22 62 74 82 87
17 25 17 25
7 14 7 14
10 57 10 32 44 55 57
56 74 56 64 68 74
78 84 78 84
76 88 76 82 87 88
18 49 18 20 26 40 42 46 49
31 73 31 43 44 55 67 73
57 66 57 63 66
61 64 61 64
55 75 55 58 61 75
19 70 19 20 40 43 44 55 70
54 61 54 59 61
18 48 18 21 26 28 37 48
12 66 12 66
8 85 8 41 67 78 80 81 82 85
12 37 12 29 36 37
1 35 1 2 18 19 21 26 28 35
27 34 27 34
6 70 6 16 38 70
16 44 16 44
66 82 66 78 80 82
49 88 49 76 82 87 88
11 73 11 20 49 51 73
18 32 18 19 21 26 30 32
36 86 36 60 86
2 63 2 18 27 44 55 63
1 35 1 13 28 35
51 73 51 73
8 32 8 9 20 23 32
3 85 3 23 68 69 76 82 85
63 82 63 66 78 81 82
42 82 42 46 49 76 82
30 53 30 34 44 53
21 55 21 26 30 34 55
63 87 63 82 87
75 83 75 80 83
11 46 11 35 39 46
16 43 16 28 35 43
10 42 10 30 34 38 42
47 61 47 53 58 61
22 25 22 25
16 31 16 31
66 77 66 77
7 34 7 14 34
8 86 8 41 79 86
26 58 26 30 32 47 53 58
58 75 58 61 75
75 84 75 78 84
2 82 2 70 81 82
12 29 12 27 29
47 73 47 67 73
44 85 44 64 81 82 85
8 29 8 9 13 24 27 29
4 37 4 8 33 37
29 70 29 70
31 84 31 43 52 67 78 84
16 57 16 28 41 57
19 48 19 33 37 48
44 81 44 61 66 78 81
59 85 59 69 76 82 85
63 65 63 65
4 69 4 30 44 64 69
10 29 10 24 27 29
34 46 34 46
4 66 4 30 39 57 63 66
13 62 13 24 33 37 62
5 87 5 6 21 40 62 63 80 82 87
5 66 5 6 31 43 47 53 58 61 66
30 66 30 50 60 66
0 86 0 24 54 71 83 86
5 7 5 7
17 80 17 32 48 54 80
51 86 51 59 71 83 86
48 71 48 52 64 71
9 85 9 71 82 85
23 76 23 28 35 43 47 61 64 69 76
58 73 58 73
4 71 4 56 64 71
6 67 6 17 52 67
14 28 14 21 26 28
15 85 15 30 80 82 85
19 74 19 26 40 43 64 68 74
27 44 27 34 44
40 81 40 42 59 66 78 80 81
40 80 40 63 80
14 61 14 25 35 41 47 61
43 44 43 44
47 67 47 53 58 67
39 46 39 46
3 29 3 16 27 29
6 58 6 15 21 26 30 48 58
54 87 54 59 69 76 82 87
31 84 31 39 41 49 59 61 64 71 84
24 30 24 30
3 9 3 9
33 49 33 39 41 49
42 66 42 62 63 66
4 70 4 13 28 35 56 62 70
34 85 34 47 53 59 71 82 85
30 54 30 34 45 54
5 71 5 33 51 61 66 71
69 87 69 87
26 53 26 38 41 47 53
1 66 1 58 61 66
1 78 1 72 78
3 16 3 16
35 47 35 43 47
11 56 11 35 56
46 67 46 49 51 58 67
13 39 13 24 30 39
43 67 43 47 53 58 67
18 33 18 19 33
48 82 48 61 66 78 81 82
6 40 6 15 25 33 37 40
19 62 19 43 62
2 66 2 56 62 63 66
5 63 5 32 44 55 57 63
5 15 5 7 15
25 79 25 38 63 79
59 85 59 61 75 78 85
24 48 24 32 48
42 69 42 64 68 69
69 87 69 76 82 87
30 76 30 39 76
60 71 60 66 71
83 88 83 86 88
5 40 5 36 37 40
7 47 7 27 29 43 47
21 74 21 42 62 74
32 51 32 44 51
55 81 55 61 64 81
15 85 15 21 58 78 80 81 82 85
14 84 14 30 53 84
0 49 0 20 26 28 37 40 49
33 55 33 37 40 43 44 55
31 51 31 39 46 49 51
28 48 28 37 48
30 39 30 39
66 77 66 77
9 66 9 46 49 51 61 66
19 38 19 27 34 38
46 84 46 49 51 60 66 78 84
25 80 25 62 72 78 80
25 60 25 40 42 51 60
14 79 14 30 48 79
30 32 30 32
0 37 0 27 29 37
8 53 8 9 20 23 32 53
7 39 7 39
47 58 47 53 58
3 49 3 30 39 46 49
17 85 17 32 51 74 82 85
79 81 79 80 81
53 81 53 80 81
21 55 21 40 43 44 55
0 74 0 52 64 68 74
12 60 12 44 51 60
11 31 11 18 22 31
7 64 7 25 61 64
3 87 3 27 53 58 77 87
7 35 7 14 25 35
20 81 20 39 57 80 81
26 65 26 55 58 61 64 65
15 63 15 21 26 40 43 62 63
8 82 8 69 76 82
70 86 70 80 83 86
25 44 25 33 37 40 43 44
72 78 72 78
35 65 35 65
75 78 75 78
8 53 8 28 39 41 53
11 64 11 64
5 67 5 30 41 67
7 26 7 26
18 57 18 27 34 44 55 57
1 66 1 49 59 66
1 89 1 58 67 72 84 89
30 80 30 44 64 80
46 61 46 49 51 58 61
3 28 3 11 18 21 26 28
29 55 29 36 55
4 84 4 30 53 58 78 84
8 19 8 9 13 14 19
26 39 26 28 39
5 52 5 36 43 52
4 58 4 41 50 51 58
27 41 27 34 38 41
28 51 28 37 50 51
50 61 50 59 61
3 66 3 21 42 51 61 66
40 77 40 63 66 77
62 82 62 72 82
28 80 28 46 49 51 58 61 66 78 80
41 60 41 49 51 60
8 72 8 34 47 67 72
66 77 66 77
19 56 19 20 56
3 79 3 37 62 63 79
1 68 1 3 23 55 58 64 68
15 26 15 26
0 30 0 17 20 26 30
18 64 18 59 64
32 64 32 53 58 61 64
2 46 2 9 13 16 28 35 39 46
29 61 29 36 55 61
3 67 3 18 20 26 28 58 67
53 82 53 59 71 82
2 66 2 14 31 39 60 66
0 10 0 10
11 88 11 77 88
37 44 37 40 43 44
5 87 5 7 39 60 78 81 82 87
27 62 27 29 37 62
59 88 59 66 83 86 88
11 40 11 18 20 26 28 37 40
55 69 55 61 64 69
10 86 10 44 64 80 81 83 86
35 47 35 39 41 47
0 86 0 17 58 61 66 83 86
77 89 77 89
49 65 49 59 64 65
23 74 23 28 49 59 61 64 68 74
42 88 42 64 71 84 88
20 72 20 49 51 58 67 72
28 37 28 37
4 38 4 13 14 19 38
2 14 2 14
3 82 3 16 62 72 78 81 82
2 41 2 14 31 39 41
26 73 26 30 34 47 53 58 67 73
78 85 78 80 82 85
12 41 12 41
40 43 40 43
4 85 4 70 71 82 85
4 85 4 23 78 80 82 85
42 85 42 62 70 80 81 82 85
1 43 1 19 21 40 43
13 50 13 20 26 38 41 50
31 50 31 39 41 50
45 61 45 55 61
30 49 30 34 46 49
15 46 15 46
45 64 45 54 59 61 64
15 86 15 46 49 72 78 80 81 83 86
13 80 13 20 56 62 63 80
16 33 16 23 25 33
28 39 28 35 39
25 64 25 33 49 51 58 61 64
11 50 11 20 26 38 41 50
15 76 15 76
16 57 16 40 42 57
14 30 14 30
10 89 10 52 89
40 52 40 43 52
34 44 34 44
1 48 1 19 21 26 30 34 48
31 53 31 39 41 47 53
19 46 19 27 29 43 46
38 59 38 49 59
17 37 17 29 37
8 82 8 28 68 69 76 82
30 85 30 41 70 80 82 85
5 21 5 7 14 21
1 3 1 3
36 55 36 43 44 55
6 74 6 62 74
51 87 51 59 66 77 87
15 40 15 25 33 37 40
18 57 18 34 44 55 57
74 82 74 82
49 87 49 76 82 87
67 82 67 82
35 79 35 43 62 63 79
11 32 11 21 26 30 32
58 88 58 68 74 82 87 88
51 61 51 59 61
45 63 45 63
0 87 0 24 80 82 87
38 73 38 49 51 58 73
35 84 35 72 84
80 82 80 81 82
51 83 51 58 61 66 78 81 83
26 30 26 30
51 67 51 67
35 43 35 43
15 87 15 69 87
36 74 36 50 58 61 64 68 74
1 60 1 39 41 50 60
33 75 33 61 75
1 55 1 2 23 28 35 43 44 55
10 65 10 32 44 63 65
21 40 21 40
7 27 7 27
3 50 3 21 26 30 41 50
22 65 22 33 61 64 65
27 65 27 52 64 65
23 85 23 55 61 75 80 81 82 85
19 86 19 26 40 63 80 83 86
47 77 47 53 59 77
17 82 17 25 69 76 82
9 29 9 29
50 58 50 58
31 51 31 43 46 49 51
22 87 22 72 82 87
10 79 10 17 32 44 79
32 86 32 48 54 83 86
10 78 10 63 66 78
18 80 18 19 33 39 60 66 78 80
83 88 83 88
48 87 48 61 66 71 82 87
14 88 14 21 70 81 82 85 88
30 50 30 34 50
20 49 20 49
26 64 26 38 42 46 49 59 64
27 34 27 34
42 62 42 62
13 49 13 16 29 36 37 40 49
11 27 11 27
44 85 44 60 66 71 82 85
3 15 3 15
10 50 10 17 26 28 35 39 41 50
46 77 46 49 51 60 66 77
2 13 2 13
22 78 22 33 62 63 66 78
6 88 6 17 78 80 83 86 88
43 53 43 47 53
5 36 5 36
50 68 50 51 59 61 64 68
49 73 49 51 73
40 43 40 43
20 56 20 26 28 35 56
38 51 38 41 50 51
33 74 33 64 68 74
10 34 10 24 27 34
5 25 5 6 15 22 25
4 41 4 41
64 88 64 86 88
31 53 31 43 44 53
18 39 18 22 31 39
53 67 53 58 67
22 64 22 31 56 64
5 21 5 6 18 19 21
49 85 49 69 76 82 85
67 87 67 78 81 82 87
18 75 18 59 61 75
51 86 51 86
32 64 32 51 58 61 64
58 69 58 64 69
10 32 10 30 32
81 85 81 82 85
14 31 14 31
75 78 75 78
0 82 0 17 51 61 66 78 81 82
7 71 7 64 71
34 57 34 44 55 57
0 27 0 27
5 79 5 25 57 63 79
64 68 64 68
51 86 51 58 78 80 81 83 86
3 42 3 30 34 38 42
19 70 19 62 70
17 79 17 29 36 48 79
12 29 12 29
36 66 36 66
59 69 59 64 69
21 55 21 26 28 35 43 44 55
47 77 47 61 66 77
11 77 11 59 77
32 86 32 86
1 74 1 26 55 58 64 68 74
16 31 16 31
0 53 0 43 44 53
25 39 25 33 39
45 84 45 61 64 71 84
0 77 0 43 52 77
21 68 21 26 40 64 68
40 85 40 85
30 39 30 39
12 77 12 29 36 48 58 67 77
54 75 54 59 61 75
75 85 75 80 81 82 85
45 57 45 57
24 48 24 27 29 48
2 60 2 9 24 32 51 60
39 60 39 46 49 51 60
11 85 11 35 39 41 63 80 81 82 85
24 85 24 64 68 69 76 82 85
15 81 15 22 34 44 63 79 81
7 39 7 39
18 20 18 20
13 49 13 49
74 82 74 82
9 23 9 16 23
3 53 3 27 44 53
72 80 72 78 80
77 87 77 87
22 34 22 34
8 70 8 13 26 55 70
22 51 22 25 33 51
22 73 22 43 52 67 73
21 62 21 40 62
0 30 0 24 30
7 43 7 28 35 43
4 25 4 8 9 16 23 25
11 70 11 35 39 41 70
8 80 8 58 78 80
21 65 21 58 64 65
9 62 9 13 36 37 62
40 88 40 82 85 88
19 86 19 26 38 59 61 66 71 83 86
51 88 51 74 82 85 88
0 79 0 20 23 44 55 79
42 85 42 46 49 69 76 82 85
5 80 5 61 66 78 80
33 88 33 82 85 88
27 48 27 29 37 48
6 51 6 18 21 26 40 51
23 67 23 32 58 67
16 69 16 35 56 64 68 69
44 78 44 78
13 32 13 26 30 32
70 82 70 80 81 82
5 6 5 6
12 38 12 17 20 23 25 38
56 80 56 62 70 80
10 87 10 60 66 77 87
10 89 10 60 78 84 89
10 89 10 24 52 71 84 89
3 42 3 18 21 40 42
24 59 24 54 59
1 32 1 19 20 26 30 32
16 37 16 24 29 36 37
7 74 7 26 55 61 64 68 74
3 30 3 15 26 30
59 66 59 66
70 78 70 72 78
43 76 43 52 64 68 69 76
7 88 7 57 78 80 83 88
28 42 28 37 40 42
5 89 5 89
64 87 64 80 81 82 87
39 69 39 46 49 69
12 56 12 17 20 56
5 32 5 6 15 21 26 30 32
67 89 67 77 89
34 63 34 44 63
38 75 38 49 51 59 61 75
25 88 25 35 69 87 88
21 57 21 40 42 57
10 36 10 24 27 29 36
0 74 0 20 30 50 51 74
34 47 34 38 41 47
80 81 80 81
37 68 37 40 49 59 61 64 68
3 42 3 9 20 23 37 40 42
1 26 1 26
17 78 17 70 72 78
47 72 47 67 72
29 84 29 75 78 84
21 67 21 40 51 58 67
1 35 1 26 28 35
23 64 23 32 53 58 64
37 63 37 62 63
53 83 53 72 78 80 83
9 50 9 13 24 29 36 50
61 83 61 83
2 58 2 14 28 39 58
15 69 15 30 44 60 69
34 74 34 48 54 59 61 64 68 74
28 46 28 37 40 43 46
12 71 12 44 53 58 61 66 71
0 71 0 17 34 46 49 59 66 71
36 37 36 37
51 71 51 61 64 71
25 89 25 64 81 83 89
5 87 5 72 87
29 43 29 37 40 43
13 88 13 83 88
36 55 36 43 44 55
15 33 15 22 33
19 42 19 20 23 37 40 42
50 74 50 51 58 64 68 74
53 84 53 72 84
60 88 60 78 85 88
23 79 23 44 79
56 81 56 78 81
50 79 50 79
10 20 10 17 20
83 88 83 88
25 60 25 33 39 46 49 51 60
45 64 45 52 64
13 72 13 49 72
19 79 19 21 42 62 63 79
8 37 8 33 37
28 89 28 77 89
26 68 26 40 68
41 85 41 66 71 82 85
34 59 34 45 50 59
19 59 19 38 49 59
11 62 11 33 62
19 41 19 33 39 41
18 33 18 22 33
63 88 63 88
23 84 23 66 71 84
49 60 49 51 60
52 85 52 80 82 85
46 82 46 49 72 78 81 82
82 85 82 85
44 84 44 53 59 61 64 71 84
21 50 21 26 38 41 50
37 78 37 62 63 66 78
27 72 27 41 57 72
29 55 29 43 44 55
5 37 5 37
11 46 11 27 29 43 46
72 84 72 78 84
44 61 44 61
11 37 11 18 21 26 28 37
41 85 41 72 82 85
52 68 52 64 68
34 80 34 44 78 80
30 52 30 48 52
66 89 66 78 84 89
31 69 31 69
20 49 20 39 46 49
20 40 20 23 25 33 37 40
66 77 66 77
59 77 59 66 77
6 37 6 18 22 25 33 37
46 74 46 49 59 61 64 68 74
18 77 18 22 25 35 41 67 77
50 68 50 51 64 68
20 66 20 66
27 70 27 44 55 70
11 46 11 21 40 42 46
45 83 45 64 81 83
26 74 26 55 57 74
56 77 56 62 63 66 77
46 74 46 49 59 61 64 68 74
11 89 11 58 61 66 83 89
21 74 21 42 57 74
21 89 21 59 66 71 84 89
25 57 25 38 41 57
24 40 24 29 36 37 40
59 68 59 64 68
51 81 51 67 72 78 81
27 47 27 41 47
79 86 79 83 86
21 54 21 26 30 34 48 54
20 39 20 30 39
2 32 2 18 19 20 26 30 32
43 67 43 52 67
59 65 59 65
7 87 7 26 55 79 80 82 87
55 87 55 57 72 78 80 81 82 87
30 78 30 32 58 78
26 58 26 38 49 51 58
28 79 28 41 63 79
15 21 15 21
48 87 48 75 78 81 82 87
4 89 4 30 53 72 84 89
6 29 6 17 29
22 72 22 33 39 41 57 72
21 43 21 26 28 35 43
16 81 16 28 78 80 81
23 82 23 82
41 60 41 50 60
54 83 54 59 66 83
40 80 40 78 80
17 43 17 25 33 37 40 43
25 82 25 71 82
13 49 13 28 39 41 49
14 48 14 30 48
8 47 8 34 47
1 38 1 19 30 34 38
49 69 49 51 64 68 69
19 26 19 21 26
22 50 22 31 39 41 50
63 88 63 83 86 88
40 65 40 63 65
8 31 8 13 16 31
12 87 12 24 33 37 62 72 87
10 46 10 34 38 42 46
27 65 27 32 58 64 65
5 15 5 7 15
7 57 7 25 38 41 57
72 86 72 78 81 83 86
5 88 5 36 50 60 69 88
24 33 24 33
16 33 16 24 33
34 62 34 38 42 62
44 79 44 79
47 58 47 53 58
58 61 58 61
8 34 8 34
0 20 0 10 17 20
19 46 19 30 39 46
28 37 28 37
28 73 28 35 39 41 73
40 63 40 62 63
19 48 19 33 37 48
0 45 0 17 34 45
30 54 30 54
39 66 39 46 49 51 61 66
42 59 42 59
25 76 25 33 37 49 69 76
50 76 50 59 69 76
24 30 24 30
40 75 40 42 59 61 75
53 87 53 58 77 87
29 77 29 48 54 59 66 77
61 75 61 75
40 64 40 49 51 64
40 85 40 51 80 82 85
50 60 50 51 60
10 58 10 58
20 81 20 49 51 58 78 80 81
58 68 58 68
1 76 1 26 30 68 69 76
9 39 9 20 30 39
38 89 38 49 77 89
46 75 46 49 51 59 61 75
70 78 70 72 78
39 89 39 58 61 75 78 84 89
17 82 17 34 45 70 72 78 81 82
39 89 39 60 66 71 84 89
14 48 14 25 33 37 48
28 78 28 49 72 78
9 59 9 17 29 48 54 59
59 88 59 69 88
21 47 21 40 43 47
9 39 9 13 24 33 39
30 78 30 48 54 67 72 78
83 89 83 89
25 60 25 40 43 44 60
45 55 45 55
36 89 36 66 78 80 81 83 89
41 65 41 57 65
18 39 18 20 39
4 89 4 56 64 80 81 83 89
13 60 13 20 23 35 39 46 49 51 60
24 50 24 50
23 79 23 25 40 42 62 63 79
37 71 37 50 64 71
53 80 53 72 78 80
35 69 35 39 58 61 64 68 69
40 89 40 89
32 47 32 47
26 73 26 73
34 45 34 45
76 85 76 82 85
27 81 27 54 59 64 80 81
15 56 15 26 28 35 56
7 70 7 14 28 37 62 70
30 49 30 39 41 49
52 78 52 78
83 89 83 89
37 76 37 76
12 29 12 17 29
67 77 67 77
14 68 14 25 64 68
62 82 62 72 82
36 67 36 37 50 51 67
50 67 50 51 67
5 63 5 6 18 63
37 59 37 40 43 47 53 59
53 67 53 58 67
51 86 51 59 66 83 86
17 52 17 33 37 40 43 52
34 80 34 79 80
50 82 50 58 78 80 81 82
13 44 13 36 43 44
39 71 39 58 61 66 71
40 82 40 43 70 81 82
58 65 58 61 64 65
7 66 7 41 47 53 58 61 66
44 51 44 51
66 89 66 78 80 81 83 89
0 47 0 20 40 43 47
6 55 6 18 21 26 40 43 44 55
24 43 24 43
30 50 30 39 41 50
22 89 22 59 66 77 89
41 79 41 57 63 79
27 68 27 41 59 61 64 68
42 80 42 46 49 59 66 78 80
17 67 17 33 39 46 49 51 58 67
39 84 39 60 78 84
43 55 43 44 55
41 86 41 79 80 83 86
21 43 21 26 28 37 40 43
9 78 9 39 46 49 51 67 78
40 44 40 43 44
13 74 13 64 68 74
41 63 41 57 63
37 58 37 48 58
15 65 15 26 30 65
19 51 19 43 44 51
22 31 22 31
20 23 20 23
24 34 24 30 34
56 64 56 64
52 77 52 67 77
7 47 7 27 41 47
53 72 53 72
1 42 1 26 40 42
32 63 32 44 55 57 63
61 86 61 64 86
6 24 6 24
11 27 11 27
56 69 56 64 68 69
75 88 75 83 88
43 60 43 46 49 51 60
17 68 17 51 64 68
5 74 5 24 33 49 59 64 68 74
37 59 37 59
34 53 34 44 53
21 42 21 40 42
49 78 49 59 61 66 78
36 55 36 37 40 43 44 55
19 80 19 33 72 78 80
35 39 35 39
35 74 35 41 59 64 68 74
28 72 28 49 72
5 81 5 32 66 78 80 81
38 84 38 59 66 71 84
3 84 3 14 25 61 66 71 84
1 50 1 13 16 31 39 41 50
50 58 50 51 58
25 62 25 33 37 62
44 67 44 51 67
34 83 34 46 49 59 71 83
14 78 14 42 46 49 51 67 78
82 85 82 85
57 86 57 80 81 83 86
37 49 37 49
1 74 1 26 68 74
7 19 7 14 19
57 81 57 80 81
19 55 19 43 44 55
9 60 9 32 51 60
50 85 50 64 69 76 82 85
4 79 4 30 32 48 79
28 72 28 49 72
19 72 19 38 49 72
41 73 41 73
22 86 22 59 71 83 86
6 58 6 21 42 51 58
7 43 7 28 35 43
64 86 64 80 81 83 86
27 76 27 41 50 58 68 69 76
70 89 70 72 84 89
23 43 23 35 43
44 60 44 60
42 59 42 59
48 72 48 52 67 72
16 88 16 87 88
17 78 17 70 72 78
37 65 37 40 64 65
7 89 7 14 59 77 89
13 16 13 16
50 60 50 60
18 73 18 19 27 34 38 49 51 67 73
3 80 3 27 70 72 78 80
5 7 5 7
29 81 29 70 80 81
22 34 22 34
20 35 20 26 28 35
38 60 38 42 51 60
21 67 21 40 51 67
32 66 32 44 61 66
5 73 5 30 48 58 73
5 22 5 7 15 22
30 68 30 68
5 64 5 32 47 61 64
18 63 18 22 62 63
7 66 7 32 44 60 66
6 16 6 16
6 77 6 24 27 44 55 57 63 66 77
83 89 83 89
10 34 10 34
34 79 34 79
64 86 64 80 83 86
9 79 9 29 48 79
7 27 7 27
58 82 58 64 68 74 82
11 62 11 33 37 40 42 62
28 88 28 87 88
13 87 13 46 49 59 69 76 82 87
23 25 23 25
23 38 23 25 38
47 80 47 80
53 64 53 58 64
36 47 36 37 40 43 47
41 86 41 59 66 71 83 86
10 54 10 24 34 54
41 78 41 70 72 78
46 68 46 49 59 64 68
70 82 70 71 82
55 77 55 57 63 66 77
34 74 34 50 58 61 64 68 74
7 57 7 40 42 57
20 73 20 30 48 52 67 73
27 45 27 34 45
26 56 26 28 35 56
21 79 21 42 57 63 79
34 50 34 45 50
15 61 15 25 38 49 51 61
40 76 40 60 69 76
51 85 51 64 82 85
23 42 23 37 40 42
12 74 12 32 48 52 64 68 74
6 51 6 17 29 43 44 51
13 28 13 16 23 28
13 83 13 16 23 25 57 83
41 73 41 73
28 77 28 37 48 54 59 61 66 77
34 45 34 45
6 85 6 16 62 70 71 82 85
40 86 40 49 72 86
6 83 6 24 33 78 80 81 83
30 32 30 32
6 77 6 44 60 66 77
36 85 36 66 78 85
25 86 25 71 83 86
26 50 26 38 41 50
43 57 43 44 55 57
78 81 78 81
19 76 19 69 76
6 47 6 27 34 38 41 47
20 56 20 23 28 35 56
38 41 38 41
47 83 47 83
47 81 47 75 78 80 81
2 37 2 23 37
2 50 2 23 35 41 50
2 17 2 9 17
29 59 29 48 54 59
46 88 46 88
9 20 9 13 20
11 35 11 18 22 25 35
13 62 13 14 34 38 42 62
0 34 0 20 26 30 34
7 53 7 26 30 34 38 41 47 53
69 87 69 87
44 60 44 51 60
24 71 24 33 64 71
50 51 50 51
6 15 6 15
10 83 10 30 80 83
24 53 24 33 39 41 53
60 86 60 78 81 83 86
21 66 21 58 61 66
51 60 51 60
5 52 5 7 28 37 40 43 52
52 78 52 78
0 89 0 20 26 30 34 59 89
40 49 40 49
33 62 33 37 40 62
18 89 18 59 66 83 89
23 59 23 28 37 49 51 59
1 59 1 37 48 54 59
56 85 56 82 85
50 60 50 60
25 65 25 33 49 59 64 65
9 13 9 13
30 60 30 34 38 41 50 51 60
11 59 11 59
10 70 10 34 38 41 70
1 20 1 7 14 19 20
52 86 52 86
33 78 33 49 59 66 78
4 41 4 21 26 30 41
50 68 50 51 58 64 68
30 49 30 39 41 49
51 89 51 59 64 71 83 89
40 43 40 43
31 86 31 56 62 70 86
3 51 3 14 42 46 49 51
9 50 9 45 50
13 68 13 16 27 58 61 64 68
58 89 58 77 89
45 57 45 55 57
2 82 2 13 72 82
13 87 13 68 69 87
16 60 16 40 43 44 51 60
54 67 54 67
29 53 29 43 44 53
49 59 49 51 59
28 60 28 35 43 46 49 51 60
32 78 32 58 61 75 78
27 86 27 53 80 83 86
24 50 24 27 41 50
45 51 45 50 51
36 74 36 37 52 64 68 74
20 74 20 55 61 64 68 74
27 79 27 34 55 57 63 79
27 34 27 34
24 29 24 29
33 69 33 37 52 64 69
18 32 18 20 32
34 57 34 45 57
10 89 10 58 61 83 89
36 83 36 66 71 83
22 87 22 31 43 62 74 82 87
11 27 11 18 27
13 45 13 20 30 34 45
23 85 23 32 47 61 64 80 81 82 85
10 87 10 47 53 58 78 81 82 87
14 20 14 19 20
23 85 23 55 67 82 85
36 73 36 50 51 58 67 73
41 65 41 47 61 64 65
6 62 6 24 34 38 42 62
37 46 37 40 43 46
29 37 29 36 37
51 67 51 67
10 17 10 17
11 77 11 59 61 66 77
69 82 69 76 82
43 60 43 46 49 51 60
19 27 19 27
1 9 1 3 9
0 80 0 70 72 78 80
37 84 37 62 63 66 78 84
20 85 20 49 72 82 85
2 57 2 14 25 57
72 83 72 78 80 83
25 89 25 35 43 80 81 83 89
15 26 15 21 26
58 85 58 78 81 82 85
23 88 23 81 82 87 88
1 30 1 3 9 13 16 24 30
36 66 36 66
17 51 17 20 49 51
6 80 6 17 33 49 51 60 78 80
21 49 21 26 42 46 49
2 88 2 57 78 85 88
53 84 53 72 78 84
54 75 54 75
10 88 10 47 53 77 88
87 88 87 88
29 86 29 43 52 78 81 83 86
15 58 15 58
3 34 3 18 22 34
12 60 12 41 50 60
19 38 19 26 30 34 38
24 29 24 29
7 71 7 64 71
27 75 27 34 54 59 61 75
31 83 31 43 46 49 59 66 71 83
18 89 18 59 71 83 89
33 61 33 49 51 61
30 50 30 41 50
24 55 24 27 44 55
1 53 1 39 41 47 53
34 70 34 55 70
41 76 41 47 53 58 61 64 69 76
64 82 64 69 76 82
45 75 45 50 58 61 75
9 79 9 45 63 79
19 52 19 27 34 48 52
33 49 33 49
27 66 27 34 46 49 51 59 61 66
36 76 36 50 51 59 69 76
25 33 25 33
50 59 50 51 59
26 81 26 40 49 72 78 81
45 64 45 64
53 66 53 59 66
51 60 51 60
43 47 43 47
28 62 28 37 40 62
39 87 39 87
31 62 31 43 62
13 29 13 24 29
26 28 26 28
60 66 60 66
27 88 27 44 84 88
10 70 10 17 32 44 55 70
60 78 60 66 78
23 57 23 25 57
51 59 51 59
43 87 43 46 77 87
1 16 1 13 16
36 76 36 43 52 64 69 76
28 51 28 46 49 51
46 67 46 49 51 67
17 69 17 34 55 61 64 69
60 66 60 66
26 57 26 30 44 55 57
70 71 70 71
17 85 17 33 62 72 78 80 81 82 85
13 33 13 14 25 33
8 88 8 41 77 88
4 49 4 13 16 23 37 49
41 60 41 50 60
24 77 24 27 58 67 77
17 32 17 20 32
25 38 25 38
16 36 16 24 29 36
18 34 18 22 34
30 54 30 48 54
14 77 14 31 39 41 67 77
24 87 24 30 34 67 77 87
5 70 5 30 34 55 70
9 78 9 45 63 66 78
49 86 49 72 78 80 81 83 86
33 76 33 61 64 68 69 76
66 78 66 78
69 82 69 76 82
8 31 8 9 16 31
23 63 23 44 63
41 61 41 49 59 61
62 72 62 72
55 58 55 58
39 81 39 60 66 78 80 81
4 14 4 8 9 13 14
26 40 26 28 37 40
20 81 20 26 30 41 66 78 80 81
2 86 2 72 86
42 83 42 46 49 51 60 78 81 83
53 71 53 58 61 66 71
2 26 2 14 19 20 26
3 49 3 21 26 30 39 46 49
13 48 13 26 28 37 48
41 77 41 63 66 77
77 88 77 87 88
12 32 12 27 32
1 38 1 3 14 19 21 26 38
56 84 56 64 71 84
8 33 8 13 16 24 33
40 88 40 82 85 88
67 72 67 72
7 51 7 29 37 50 51
12 56 12 26 28 35 56
9 53 9 29 37 40 43 47 53
35 74 35 56 64 68 74
2 68 2 33 49 51 58 68
20 37 20 26 28 37
21 40 21 26 40
23 84 23 35 59 71 84
28 49 28 46 49
78 85 78 80 82 85
45 73 45 67 73
25 55 25 33 37 40 43 44 55
60 76 60 69 76
28 70 28 39 41 70
15 28 15 26 28
21 68 21 58 64 68
18 33 18 22 33
10 51 10 17 29 36 50 51
1 50 1 19 21 26 38 41 50
10 51 10 24 43 46 49 51
13 62 13 24 43 62
2 82 2 82
33 46 33 37 40 43 46
10 71 10 48 61 64 71
24 87 24 33 52 77 87
30 50 30 41 50
27 58 27 44 55 58
42 83 42 70 72 78 80 81 83
64 71 64 71
34 64 34 44 53 58 61 64
70 88 70 72 87 88
24 30 24 30
45 73 45 54 73
34 53 34 38 41 47 53
9 17 9 17
0 40 0 10 17 25 40
10 36 10 17 29 36
61 74 61 64 68 74
78 85 78 81 82 85
2 44 2 9 17 29 36 43 44
7 36 7 29 36
1 7 1 7
79 89 79 83 89
44 51 44 51
26 88 26 67 82 87 88
41 59 41 53 59
16 38 16 38
22 37 22 25 33 37
39 84 39 46 49 59 71 84
10 60 10 30 39 60
14 27 14 19 27
21 74 21 26 55 57 74
6 74 6 54 59 61 64 68 74
67 77 67 77
10 46 10 34 46
42 69 42 59 64 69
22 48 22 34 48
19 59 19 20 26 28 46 49 59
21 81 21 26 67 78 81
43 47 43 47
29 81 29 43 44 78 81
10 52 10 34 48 52
4 45 4 13 14 19 27 34 45
39 63 39 57 63
18 46 18 34 46
7 15 7 15
54 61 54 59 61
35 84 35 59 71 84
0 24 0 24
5 67 5 6 44 51 67
22 62 22 43 62
20 71 20 39 57 63 66 71
29 69 29 36 60 69
18 49 18 19 30 41 49
70 82 70 71 82
11 33 11 20 23 25 33
23 77 23 35 59 61 66 77
21 81 21 58 64 81
58 66 58 61 66
37 44 37 40 43 44
69 82 69 76 82
7 53 7 38 41 47 53
6 29 6 27 29
27 78 27 54 59 61 75 78
85 88 85 88
43 84 43 47 75 78 84
5 7 5 7
15 86 15 25 80 83 86
34 79 34 45 63 79
22 78 22 62 70 72 78
50 58 50 58
11 26 11 21 26
55 87 55 67 72 87
37 86 37 50 79 80 81 83 86
21 66 21 42 57 63 66
28 87 28 46 49 59 66 77 87
7 47 7 41 47
18 35 18 22 25 35
30 63 30 44 63
15 47 15 22 31 43 47
64 81 64 80 81
43 62 43 62
12 57 12 57
2 89 2 89
2 33 2 33
70 86 70 86
19 41 19 26 38 41
25 62 25 33 37 40 43 62
5 72 5 72
25 57 25 57
21 26 21 26
24 77 24 43 62 63 66 77
29 86 29 36 37 48 75 83 86
2 36 2 18 27 29 36
2 17 2 9 17
5 37 5 33 37
6 25 6 15 25
11 67 11 21 42 51 67
14 64 14 25 61 64
0 78 0 17 60 78
12 77 12 41 50 67 77
34 54 34 45 54
33 75 33 51 59 61 75
58 83 58 78 80 81 83
6 83 6 80 83
27 29 27 29
82 87 82 87
18 68 18 59 61 64 68
11 57 11 18 22 31 43 44 55 57
59 85 59 66 71 82 85
29 81 29 79 81
34 38 34 38
8 30 8 13 16 24 30
81 87 81 82 87
14 72 14 21 70 72
11 35 11 20 26 28 35
3 42 3 16 28 37 40 42
13 48 13 14 28 37 48
38 41 38 41
40 85 40 60 78 85
23 35 23 25 35
24 54 24 29 37 48 54
0 78 0 27 52 67 72 78
10 62 10 24 30 34 38 42 62
27 70 27 44 55 70
22 31 22 31
31 87 31 43 87
33 79 33 39 41 79
24 40 24 33 37 40
37 51 37 49 51
62 83 62 70 72 78 80 81 83
19 62 19 27 34 38 42 62
27 32 27 32
4 21 4 21
82 88 82 87 88
41 86 41 79 86
8 66 8 9 16 28 46 49 59 61 66
16 37 16 24 27 29 36 37
49 81 49 51 61 64 80 81
13 75 13 26 38 49 51 59 61 75
33 72 33 67 72
20 73 20 73
4 13 4 13
48 66 48 58 61 66
14 49 14 31 39 41 49
32 78 32 48 72 78
21 41 21 26 38 41
3 28 3 14 19 26 28
68 69 68 69
60 69 60 69
21 81 21 42 51 58 67 72 78 81
0 21 0 13 14 21
9 26 9 13 26
17 78 17 32 48 72 78
8 43 8 28 35 43
18 84 18 27 44 53 58 64 71 84
7 25 7 25
37 76 37 76
39 46 39 46
20 48 20 26 28 37 48
6 71 6 62 70 71
19 56 19 21 26 28 35 56
23 78 23 28 37 72 78
27 58 27 29 48 58
45 81 45 67 72 78 80 81
23 89 23 77 89
36 50 36 50
37 44 37 40 43 44
10 62 10 34 38 42 62
21 66 21 40 63 66
11 89 11 27 41 79 80 83 89
49 73 49 51 58 67 73
6 79 6 40 63 79
70 78 70 72 78
54 71 54 71
6 55 6 31 43 44 55
8 54 8 33 37 48 54
21 57 21 40 42 57
8 77 8 58 61 66 77
21 89 21 58 61 75 78 80 83 89
24 50 24 50
48 68 48 58 68
4 40 4 8 9 24 27 29 37 40
27 75 27 58 61 75
23 75 23 25 38 59 61 75
33 52 33 37 40 43 52
25 61 25 38 59 61
2 17 2 9 17
26 77 26 40 62 63 66 77
5 24 5 24
81 88 81 82 87 88
6 68 6 17 33 46 49 59 61 64 68
26 50 26 30 41 50
28 82 28 69 76 82
13 28 13 20 23 28
56 64 56 64
2 72 2 72
43 77 43 44 61 66 77
58 73 58 73
44 64 44 55 61 64
25 84 25 61 75 78 84
24 73 24 34 50 51 67 73
44 76 44 55 61 64 68 69 76
26 39 26 28 39
19 75 19 21 59 61 75
61 85 61 66 78 81 82 85
33 82 33 37 51 80 82
10 70 10 30 32 44 55 70
5 73 5 24 43 47 53 58 67 73
13 75 13 28 58 61 75
25 39 25 33 39
53 65 53 59 61 64 65
10 51 10 44 51
7 61 7 29 43 44 61
23 37 23 25 33 37
11 20 11 18 20
41 87 41 50 60 82 87
7 84 7 28 39 57 63 79 84
87 88 87 88
41 86 41 63 66 71 83 86
30 54 30 32 48 54
8 32 8 13 16 27 32
62 66 62 63 66
19 20 19 20
56 87 56 74 82 87
17 60 17 34 50 51 60
24 50 24 27 29 36 50
17 29 17 29
11 70 11 33 37 62 70
1 75 1 3 16 48 75
36 59 36 59
18 22 18 22
37 77 37 51 67 77
11 85 11 27 78 85
41 87 41 77 87
30 61 30 50 59 61
67 77 67 77
5 59 5 44 51 59
27 82 27 32 66 78 80 81 82
42 66 42 57 63 66
22 87 22 87
33 84 33 64 71 84
18 89 18 34 54 75 83 89
34 52 34 48 52
21 79 21 42 62 63 79
26 37 26 28 37
47 71 47 53 58 64 71
72 85 72 82 85
14 20 14 19 20
10 67 10 24 43 47 53 58 67
15 78 15 22 25 61 75 78
55 79 55 79
33 57 33 37 40 42 57
51 65 51 64 65
21 41 21 26 38 41
70 82 70 82
34 46 34 38 42 46
14 42 14 28 37 40 42
3 24 3 9 16 24
15 61 15 26 38 59 61
13 39 13 24 33 39
14 55 14 21 26 28 35 43 44 55
13 48 13 24 29 48
5 49 5 37 40 43 46 49
37 59 37 59
25 89 25 40 72 78 80 81 83 89
30 68 30 49 59 61 64 68
46 67 46 49 51 58 67
34 38 34 38
25 60 25 38 41 50 51 60
43 86 43 46 49 51 61 64 81 83 86
3 58 3 15 21 42 46 49 51 58
3 39 3 30 39
0 59 0 27 29 43 47 53 59
11 65 11 27 32 53 59 64 65
19 79 19 20 55 63 79
30 52 30 32 48 52
21 65 21 59 65
21 32 21 26 30 32
18 79 18 19 20 26 55 63 79
26 67 26 30 39 41 50 51 67
45 84 45 75 78 84
16 29 16 29
54 64 54 59 64
8 85 8 41 67 82 85
43 80 43 75 78 80
58 82 58 68 74 82
37 44 37 40 43 44
35 50 35 39 41 50
21 73 21 40 42 51 58 73
7 62 7 42 62
27 44 27 44
3 48 3 14 19 33 37 48
42 75 42 46 49 59 61 75
15 78 15 60 78
18 37 18 21 26 28 37
1 58 1 58
3 77 3 16 48 61 66 77
22 72 22 62 70 72
24 53 24 43 47 53
9 41 9 17 20 26 28 41
51 67 51 58 67
6 74 6 21 58 68 74
20 51 20 26 40 42 51
27 42 27 34 38 42
7 43 7 25 33 37 40 43
18 59 18 19 26 40 49 59
25 65 25 62 65
22 31 22 31
13 23 13 14 19 20 23
60 87 60 69 87
40 72 40 43 44 53 58 67 72
21 64 21 42 64
40 60 40 60
30 73 30 54 73
28 73 28 39 46 49 51 73
42 88 42 64 86 88
17 51 17 34 44 51
32 79 32 44 79
14 76 14 59 69 76
13 31 13 16 31
23 43 23 35 43
19 56 19 26 28 35 56
87 88 87 88
3 50 3 14 34 45 50
6 86 6 27 41 70 81 83 86
53 86 53 80 81 83 86
49 77 49 59 66 77
62 65 62 65
0 55 0 10 44 55
4 38 4 23 25 38
6 72 6 30 49 72
60 89 60 66 71 84 89
13 55 13 16 23 55
9 66 9 46 49 51 61 66
1 41 1 13 16 28 35 39 41
21 70 21 40 43 44 55 70
30 71 30 32 48 61 66 71
11 25 11 20 23 25
19 61 19 21 26 40 51 61
20 32 20 32
5 57 5 25 57
7 64 7 43 44 55 61 64
6 39 6 18 20 30 39
3 15 3 15
3 27 3 14 19 27
53 83 53 80 81 83
53 87 53 82 87
36 65 36 48 61 64 65
2 9 2 9
35 78 35 41 57 78
11 33 11 20 23 25 33
33 75 33 61 75
1 58 1 3 33 37 40 51 58
16 68 16 50 59 61 64 68
21 54 21 26 28 37 48 54
1 9 1 3 9
66 81 66 78 81
53 87 53 80 82 87
8 84 8 62 70 72 84
8 72 8 33 62 72
58 73 58 73
21 57 21 42 57
4 78 4 23 25 57 63 66 78
31 43 31 43
74 85 74 85
50 59 50 59
0 71 0 52 71
9 50 9 16 24 27 29 37 50
17 32 17 26 30 32
35 69 35 69
27 70 27 34 55 70
16 81 16 31 43 64 80 81
8 60 8 34 50 60
36 66 36 60 66
23 89 23 57 83 89
10 48 10 34 48
45 55 45 55
14 88 14 21 42 88
9 64 9 16 48 61 64
2 47 2 9 29 37 40 43 47
43 62 43 62
31 39 31 39
25 39 25 35 39
25 76 25 38 42 64 69 76
14 48 14 25 33 37 48
9 40 9 16 23 25 40
73 88 73 88
34 41 34 38 41
56 64 56 64
6 23 6 17 20 23
27 82 27 78 80 82
30 32 30 32
21 41 21 26 38 41
35 79 35 56 62 63 79
21 62 21 26 28 37 40 42 62
33 77 33 49 59 66 77
14 48 14 28 37 48
7 49 7 26 30 49
26 39 26 30 39
0 80 0 44 79 80
37 65 37 52 64 65
79 83 79 83
15 31 15 22 31
79 89 79 80 83 89
31 43 31 43
68 74 68 74
20 88 20 26 28 37 50 82 87 88
17 69 17 20 39 46 49 51 58 61 64 69
9 64 9 39 46 49 51 61 64
64 65 64 65
34 73 34 38 42 46 49 51 73
34 66 34 47 61 66
72 78 72 78
40 88 40 76 82 85 88
31 43 31 43
32 48 32 48
10 54 10 17 33 37 48 54
48 58 48 58
29 86 29 70 80 81 83 86
21 69 21 40 42 64 68 69
13 36 13 29 36
3 42 3 27 34 38 42
50 61 50 58 61
40 46 40 42 46
24 52 24 52
40 88 40 42 59 64 82 87 88
29 72 29 48 58 67 72
14 59 14 28 37 50 51 59
13 77 13 14 30 49 59 77
1 41 1 7 15 25 33 39 41
47 80 47 61 75 80
43 68 43 46 49 59 64 68
1 42 1 3 14 19 21 26 28 37 40 42
1 61 1 58 61
41 65 41 50 51 61 64 65
24 73 24 32 47 67 73
11 85 11 58 61 64 71 82 85
20 32 20 26 30 32
63 78 63 66 78
22 50 22 25 33 37 50
61 75 61 75
26 39 26 30 39
0 49 0 10 24 43 46 49
9 25 9 20 23 25
1 76 1 19 43 46 49 76
32 88 32 51 60 66 78 85 88
0 81 0 59 66 78 80 81
52 89 52 67 77 89
53 80 53 72 78 80
46 88 46 88
70 81 70 80 81
16 89 16 35 41 50 51 67 78 80 81 83 89
2 25 2 13 14 25
56 77 56 62 63 66 77
9 56 9 13 28 35 56
40 81 40 72 78 80 81
12 23 12 17 20 23
53 65 53 58 64 65
14 28 14 21 26 28
6 73 6 15 30 41 67 73
56 74 56 64 68 74
4 87 4 60 69 87
25 44 25 33 37 40 43 44
75 86 75 78 81 83 86
62 65 62 63 65
4 59 4 8 40 42 51 59
8 83 8 40 60 78 81 83
30 63 30 41 63
80 81 80 81
25 86 25 79 80 83 86
44 53 44 53
3 66 3 9 46 49 51 60 66
8 75 8 13 24 43 46 49 59 61 75
0 75 0 13 46 49 59 61 75
33 64 33 51 58 64
53 89 53 59 64 80 81 83 89
40 77 40 51 60 66 77
33 79 33 62 63 79
34 79 34 55 57 63 79
18 27 18 19 27
31 62 31 56 62
2 36 2 18 27 29 36
27 53 27 34 47 53
54 73 54 67 73
1 16 1 2 13 16
16 34 16 24 30 34
14 78 14 42 70 72 78
34 41 34 38 41
4 32 4 8 9 20 23 32
2 46 2 31 39 46
6 55 6 18 21 40 43 44 55
27 63 27 29 37 62 63
36 55 36 55
12 37 12 17 33 37
19 73 19 43 52 67 73
59 77 59 61 66 77
8 34 8 13 16 27 34
29 66 29 57 63 66
23 55 23 37 40 43 44 55
5 81 5 7 62 63 66 78 80 81
2 42 2 18 21 40 42
31 75 31 43 47 53 58 61 75
17 75 17 20 40 42 46 49 59 61 75
48 66 48 61 66
62 77 62 63 66 77
25 55 25 40 43 44 55
19 61 19 27 58 61
57 84 57 78 84
45 79 45 57 63 79
8 62 8 13 14 19 26 28 35 43 62
23 41 23 25 38 41
35 52 35 43 52
22 25 22 25
1 58 1 49 51 58
7 57 7 26 42 57
8 62 8 13 29 37 62
71 82 71 82
11 58 11 27 34 45 55 58
3 37 3 37
6 68 6 31 43 52 64 68
36 86 36 43 62 63 80 83 86
0 29 0 13 24 27 29
14 48 14 34 48
40 65 40 63 65
19 39 19 26 30 39
34 48 34 48
18 75 18 22 31 39 58 61 75
7 34 7 26 30 34
63 71 63 66 71
50 60 50 60
55 77 55 67 77
18 42 18 27 29 37 40 42
52 68 52 64 68
11 26 11 20 26
4 56 4 21 26 28 35 56
18 77 18 19 20 39 60 66 77
28 42 28 37 40 42
6 88 6 37 52 67 82 85 88
38 87 38 70 71 82 87
23 59 23 25 33 51 59
6 23 6 17 20 23
61 75 61 75
12 24 12 24
20 49 20 49
27 34 27 34
33 51 33 51
10 62 10 17 34 38 42 62
80 88 80 81 83 88
12 62 12 27 34 38 42 62
5 24 5 24
16 74 16 44 51 58 64 68 74
8 37 8 28 37
18 65 18 27 52 64 65
20 71 20 49 51 64 71
21 57 21 26 30 34 44 55 57
8 67 8 28 58 67
16 27 16 27
16 28 16 28
37 84 37 51 60 78 84
53 67 53 58 67
34 45 34 45
25 88 25 71 83 86 88
4 89 4 8 40 49 51 58 64 80 81 83 89
10 17 10 17
44 75 44 53 59 61 75
3 82 3 38 63 66 78 81 82
0 88 0 80 83 88
1 78 1 49 59 61 66 78
10 67 10 58 67
75 82 75 78 81 82
5 75 5 44 61 75
16 81 16 78 80 81
33 51 33 46 49 51
38 75 38 42 59 61 75
27 42 27 29 37 40 42
43 57 43 44 55 57
21 70 21 40 42 70
22 73 22 43 44 73
16 87 16 68 74 82 87
56 84 56 62 72 84
15 25 15 25
0 37 0 17 29 36 37
37 42 37 40 42
3 84 3 9 13 20 49 72 78 84
8 28 8 28
76 85 76 82 85
47 83 47 67 72 78 81 83
2 58 2 18 34 44 55 58
5 14 5 7 14
48 61 48 61
45 57 45 55 57
2 30 2 14 30
32 63 32 44 63
23 38 23 25 38
3 28 3 16 23 28
25 59 25 40 42 59
47 85 47 67 78 85
24 48 24 27 29 48
0 45 0 24 34 45
34 80 34 59 66 78 80
5 52 5 37 40 43 52
6 89 6 31 89
16 60 16 28 41 49 51 60
35 71 35 63 66 71
75 86 75 78 81 83 86
17 86 17 60 66 83 86
85 88 85 88
14 20 14 19 20
6 77 6 44 60 66 77
15 65 15 46 49 51 61 64 65
41 47 41 47
58 74 58 61 64 68 74
10 70 10 70
11 34 11 18 19 27 34
30 57 30 39 41 57
27 48 27 32 48
55 61 55 58 61
5 25 5 7 15 22 25
23 28 23 28
10 62 10 17 26 38 42 62
25 71 25 64 71
24 64 24 54 59 61 64
3 54 3 37 48 54
9 64 9 13 26 55 58 64
14 66 14 31 43 47 61 66
7 36 7 29 36
19 26 19 21 26
35 78 35 72 78
18 51 18 21 26 40 42 46 49 51
54 87 54 80 81 82 87
7 44 7 14 30 32 44
63 83 63 79 80 83
35 84 35 72 78 84
11 77 11 18 19 33 37 48 58 61 66 77
55 83 55 79 83
55 75 55 61 75
35 57 35 41 57
24 77 24 54 59 77
11 32 11 21 26 30 32
8 20 8 13 20
0 43 0 20 40 43
11 88 11 64 86 88
0 57 0 24 34 55 57
62 83 62 63 66 83
15 46 15 21 26 30 39 46
50 82 50 82
3 85 3 18 20 23 44 53 80 81 82 85
20 82 20 56 78 80 81 82
15 70 15 25 33 39 41 70
10 88 10 44 84 88
9 13 9 13
20 23 20 23
61 82 61 64 80 82
9 59 9 16 27 54 59
79 81 79 80 81
49 58 49 51 58
16 48 16 28 37 48
22 35 22 25 35
19 71 19 56 64 71
67 78 67 78
7 39 7 33 39
27 29 27 29
3 21 3 11 21
35 59 35 43 47 53 59
10 71 10 44 51 59 71
8 72 8 62 72
0 57 0 57
9 79 9 39 57 63 79
3 82 3 76 82
68 74 68 74
59 85 59 71 82 85
58 73 58 67 73
33 79 33 62 63 79
26 53 26 28 39 41 53
17 26 17 26
14 64 14 30 54 59 64
15 74 15 21 26 40 43 62 74
53 84 53 59 61 64 71 84
12 60 12 29 37 50 51 60
35 82 35 56 82
43 60 43 44 60
22 43 22 43
11 18 11 18
10 50 10 17 20 39 41 50
45 70 45 70
16 28 16 23 28
57 63 57 63
36 73 36 55 58 73
46 60 46 49 51 60
8 60 8 40 60
76 85 76 82 85
19 72 19 62 72
6 70 6 37 40 62 70
10 26 10 17 26
0 82 0 82
58 75 58 61 75
33 67 33 37 52 67
34 53 34 38 41 53
45 75 45 75
18 32 18 21 26 30 32
30 64 30 54 59 64
42 65 42 64 65
19 38 19 30 34 38
61 81 61 64 80 81
21 82 21 59 66 78 80 82
45 70 45 70
8 53 8 40 43 44 53
25 67 25 35 39 46 49 51 58 67
7 66 7 26 42 62 63 66
44 57 44 55 57
2 51 2 13 29 37 49 51
6 34 6 24 34
12 17 12 17
55 83 55 58 78 81 83
48 76 48 58 61 64 68 69 76
13 31 13 14 31
67 73 67 73
15 46 15 26 42 46
49 64 49 59 64
8 45 8 34 45
0 49 0 24 34 46 49
9 53 9 32 44 53
13 33 13 24 33
32 59 32 48 54 59
1 39 1 13 24 30 39
7 51 7 43 44 51
74 87 74 82 87
7 84 7 28 64 71 84
21 34 21 26 30 34
1 66 1 37 51 59 66
9 44 9 24 27 34 44
8 41 8 13 14 34 38 41
13 67 13 26 30 48 54 67
27 53 27 44 53
25 64 25 33 61 64
2 73 2 9 13 14 34 55 67 73
21 82 21 40 62 70 80 81 82
27 32 27 32
58 72 58 67 72
40 64 40 49 51 61 64
15 76 15 30 48 54 59 64 68 69 76
3 58 3 51 58
32 44 32 44
20 77 20 49 51 61 66 77
17 52 17 26 30 34 48 52
43 64 43 46 49 59 61 64
15 81 15 46 49 59 66 78 80 81
13 26 13 26
6 78 6 37 52 67 72 78
31 70 31 56 62 70
59 66 59 61 66
7 22 7 15 22
14 27 14 19 27
10 70 10 24 29 43 70
62 63 62 63
21 82 21 59 71 82
1 59 1 2 31 39 41 53 59
54 69 54 59 61 64 68 69
17 42 17 26 38 42
10 47 10 24 34 47
42 70 42 70
6 62 6 21 42 62
8 31 8 13 14 31
6 82 6 37 59 61 66 78 81 82
43 49 43 46 49
13 24 13 16 24
25 70 25 38 42 62 70
62 65 62 65
64 86 64 86
63 83 63 83
50 51 50 51
5 7 5 7
8 29 8 9 29
38 49 38 49
53 58 53 58
75 82 75 82
16 37 16 28 37
30 76 30 39 69 76
27 82 27 32 48 79 81 82
40 71 40 42 64 71
38 70 38 70
42 49 42 46 49
83 89 83 89
24 30 24 30
31 43 31 43
11 70 11 18 34 44 55 70
52 82 52 80 82
9 26 9 20 26
44 60 44 60
33 74 33 49 51 59 61 64 68 74
32 47 32 47
15 64 15 26 38 59 61 64
13 67 13 16 40 42 46 49 51 67
6 30 6 18 21 26 30
7 37 7 15 22 33 37
26 30 26 30
0 57 0 13 26 55 57
10 52 10 48 52
7 40 7 25 40
34 45 34 45
18 70 18 27 32 44 55 70
10 24 10 24
20 88 20 26 42 59 64 68 74 85 88
16 80 16 80
40 82 40 63 82
40 77 40 60 66 77
76 88 76 82 87 88
3 56 3 21 26 28 35 56
25 40 25 33 37 40
21 73 21 58 73
10 78 10 44 63 66 78
29 69 29 48 52 64 68 69
5 79 5 30 41 79
11 64 11 33 64
29 72 29 36 67 72
22 50 22 34 38 41 50
25 63 25 38 63
24 43 24 27 29 37 40 43
35 56 35 56
20 54 20 26 30 32 48 54
33 37 33 37
42 64 42 51 61 64
17 20 17 20
27 72 27 29 36 37 72
19 39 19 33 39
42 64 42 46 49 59 64
48 76 48 52 64 69 76
26 65 26 38 59 61 64 65
53 72 53 58 67 72
16 60 16 31 39 41 49 51 60
30 83 30 41 78 80 81 83
51 88 51 58 61 64 81 83 88
31 61 31 43 47 61
60 66 60 66
45 70 45 70
5 31 5 7 14 31
24 81 24 33 51 58 78 81
47 58 47 53 58
19 70 19 56 62 70
5 70 5 30 32 44 55 70
16 34 16 24 27 34
13 72 13 24 43 70 72
46 87 46 77 87
49 72 49 72
39 58 39 41 49 51 58
60 82 60 82
20 26 20 26
3 50 3 16 27 34 45 50
16 89 16 27 79 84 89
17 68 17 25 38 41 53 59 64 68
1 60 1 49 51 60
33 78 33 78
27 58 27 41 50 51 58
27 82 27 41 68 74 82
16 87 16 76 82 87
30 32 30 32
27 54 27 29 37 48 54
26 59 26 40 43 44 53 59
3 33 3 9 13 16 24 33
12 74 12 29 43 44 53 59 64 68 74
25 54 25 33 37 48 54
18 33 18 19 20 23 25 33
3 24 3 16 24
47 81 47 61 66 78 80 81
21 42 21 42
7 35 7 26 28 35
41 77 41 49 51 60 66 77
10 48 10 34 48
30 48 30 48
24 83 24 33 49 72 78 80 81 83
48 82 48 75 82
42 64 42 51 58 64
33 88 33 39 69 88
20 49 20 23 37 49
40 42 40 42
4 8 4 8
33 84 33 46 49 59 71 84
59 84 59 61 75 78 84
4 28 4 8 13 28
24 76 24 30 68 69 76
19 39 19 21 26 30 39
14 70 14 30 41 70
43 73 43 46 49 51 73
54 81 54 78 80 81
21 34 21 26 30 34
31 83 31 43 70 80 81 83
41 78 41 49 51 60 66 78
20 89 20 26 38 41 72 84 89
53 89 53 58 64 80 81 83 89
56 77 56 62 63 66 77
24 78 24 29 48 61 66 78
43 68 43 44 51 58 64 68
4 23 4 8 9 13 16 23
28 88 28 87 88
49 67 49 51 58 67
37 48 37 48
52 84 52 78 84
37 84 37 51 59 64 71 84
10 58 10 34 55 58
10 63 10 63
69 76 69 76
14 28 14 19 26 28
25 70 25 40 43 70
81 87 81 82 87
2 66 2 9 39 46 49 51 61 66
11 27 11 27
3 18 3 18
20 86 20 39 58 78 81 83 86
9 74 9 62 74
8 33 8 13 20 23 25 33
25 73 25 38 41 50 58 67 73
3 66 3 9 39 46 49 51 60 66
34 47 34 38 41 47
16 35 16 23 25 35
38 51 38 41 49 51
26 80 26 40 78 80
67 72 67 72
82 88 82 87 88
1 68 1 7 28 35 59 61 64 68
14 72 14 21 40 43 44 53 58 67 72
8 46 8 28 37 40 43 46
1 83 1 3 51 61 83
38 47 38 41 47
42 70 42 70
2 33 2 14 19 20 23 25 33
18 80 18 59 64 80
40 46 40 43 46
37 65 37 40 64 65
16 74 16 31 68 74
40 77 40 63 66 77
24 29 24 29
21 61 21 59 61
32 79 32 48 79
54 73 54 73
62 77 62 63 66 77
17 68 17 20 55 58 64 68
25 85 25 80 82 85
72 84 72 78 84
1 71 1 7 57 63 66 71
11 44 11 35 43 44
33 49 33 37 40 49
23 62 23 25 38 42 62
7 62 7 40 62
9 49 9 29 36 43 46 49
43 84 43 70 71 84
6 73 6 37 52 67 73
45 52 45 52
5 35 5 25 35
1 72 1 3 18 20 54 67 72
83 86 83 86
13 70 13 24 43 62 70
0 29 0 13 14 19 27 29
10 57 10 32 44 55 57
52 85 52 67 82 85
45 76 45 50 58 64 69 76
30 71 30 44 60 66 71
22 34 22 34
21 40 21 40
59 69 59 69
35 89 35 41 72 78 80 81 83 89
34 81 34 38 41 72 78 80 81
55 63 55 63
48 61 48 54 59 61
53 81 53 72 78 81
1 89 1 39 58 61 66 71 83 89
32 85 32 47 61 64 82 85
13 77 13 24 43 47 53 59 77
56 80 56 62 70 72 78 80
45 77 45 61 66 77
10 39 10 30 39
5 63 5 30 44 63
74 87 74 82 87
4 23 4 8 9 16 23
1 53 1 26 40 43 47 53
86 88 86 88
23 32 23 32
30 53 30 34 44 53
54 75 54 59 61 75
37 66 37 50 60 66
4 32 4 8 13 24 32
58 85 58 68 74 85
29 36 29 36
36 59 36 43 46 49 59
35 89 35 63 79 84 89
57 63 57 63
21 81 21 42 46 49 51 61 64 80 81
27 62 27 29 36 43 62
53 80 53 72 78 80
22 85 22 85
22 75 22 43 44 61 75
12 71 12 50 60 66 71
9 71 9 20 55 63 66 71
1 28 1 19 26 28
4 14 4 13 14
11 40 11 20 40
10 89 10 78 80 83 89
48 83 48 52 78 80 83
0 67 0 27 29 48 52 67
26 77 26 38 59 66 77
79 87 79 80 81 82 87
34 81 34 48 61 75 80 81
75 82 75 82
72 83 72 78 80 81 83
1 60 1 26 38 41 49 51 60
27 32 27 32
21 53 21 40 43 44 53
21 69 21 58 68 69
53 83 53 59 61 75 80 81 83
44 63 44 55 63
38 89 38 42 57 80 83 89
8 58 8 58
8 33 8 33
74 87 74 82 87
11 89 11 64 81 83 89
0 81 0 48 72 78 80 81
42 65 42 46 49 51 59 65
16 50 16 23 25 38 41 50
18 42 18 19 30 34 38 42
14 48 14 30 48
3 52 3 16 40 43 52
22 57 22 43 44 55 57
44 85 44 60 78 80 82 85
58 83 58 64 80 81 83
21 61 21 58 61
41 86 41 67 72 78 81 83 86
2 32 2 18 27 32
53 59 53 59
45 89 45 89
28 73 28 41 50 51 58 67 73
54 83 54 75 83
9 49 9 46 49
48 71 48 52 64 71
51 80 51 64 80
0 37 0 10 17 26 28 37
1 82 1 72 82
36 83 36 67 78 81 83
6 17 6 17
8 87 8 28 39 41 66 77 87
19 33 19 20 23 25 33
18 30 18 21 26 30
23 41 23 25 35 41
11 23 11 20 23
35 52 35 43 52
17 34 17 26 30 34
45 63 45 55 57 63
37 51 37 49 51
6 68 6 30 34 44 64 68
42 80 42 62 63 79 80
19 80 19 78 80
61 88 61 64 82 87 88
32 79 32 44 55 63 79
43 76 43 44 53 59 64 69 76
5 51 5 30 50 51
28 76 28 46 49 69 76
47 83 47 53 80 81 83
13 32 13 16 24 30 32
28 79 28 41 63 79
26 67 26 38 41 47 67
28 51 28 41 50 51
34 80 34 46 49 72 78 80
45 61 45 61
16 53 16 28 37 40 43 47 53
55 77 55 63 66 77
31 39 31 39
30 34 30 34
40 71 40 49 59 71
55 61 55 58 61
24 89 24 55 58 61 64 80 83 89
2 70 2 70
46 61 46 49 51 58 61
37 62 37 40 42 62
7 15 7 15
52 68 52 64 68
38 84 38 49 72 78 84
6 21 6 18 21
12 69 12 47 61 64 69
41 66 41 47 61 66
4 78 4 56 62 63 66 78
27 40 27 29 37 40
18 39 18 21 26 28 39
16 28 16 23 28
54 67 54 67
10 70 10 24 32 44 55 70
20 76 20 54 59 61 64 68 69 76
11 25 11 18 22 25
9 59 9 45 54 59
48 61 48 54 59 61
7 43 7 33 37 40 43
30 57 30 32 44 55 57
18 19 18 19
67 89 67 72 78 81 83 89
25 82 25 63 80 82
42 87 42 62 72 82 87
51 74 51 64 68 74
35 39 35 39
26 56 26 28 35 56
19 71 19 56 64 71
6 25 6 17 20 23 25
22 25 22 25
17 79 17 25 33 62 63 79
60 80 60 78 80
1 55 1 37 40 43 44 55
30 68 30 54 59 61 64 68
66 77 66 77
36 76 36 50 51 61 64 68 69 76
12 76 12 41 68 69 76
3 88 3 82 87 88
15 53 15 30 39 41 53
7 22 7 15 22
24 48 24 34 48
29 84 29 36 37 48 54 75 78 84
33 81 33 61 64 81
57 86 57 72 78 80 83 86
12 45 12 26 30 34 45
18 76 18 19 33 39 41 49 76
28 37 28 37
28 55 28 35 43 44 55
26 39 26 28 39
41 50 41 50
18 63 18 22 62 63
0 16 0 13 16
51 83 51 67 72 78 80 83
37 59 37 51 59
10 76 10 32 48 52 64 68 69 76
17 86 17 26 80 83 86
53 58 53 58
24 59 24 27 32 48 54 59
16 74 16 27 41 68 74
25 40 25 40
24 55 24 27 32 44 55
41 57 41 57
29 69 29 43 52 64 69
38 85 38 59 66 71 82 85
58 85 58 78 85
78 84 78 84
75 86 75 80 83 86
13 39 13 20 23 35 39
17 32 17 20 32
11 64 11 21 42 64
34 46 34 46
9 62 9 20 56 62
64 76 64 68 69 76
37 50 37 50
34 41 34 38 41
45 79 45 57 63 79
40 51 40 42 46 49 51
60 82 60 66 78 81 82
4 38 4 8 9 13 26 38
35 72 35 56 62 72
40 46 40 43 46
28 89 28 64 71 83 89
42 71 42 59 71
21 30 21 26 30
2 26 2 9 20 26
0 47 0 13 36 37 40 43 47
10 26 10 17 20 26
63 78 63 66 78
2 60 2 31 39 46 49 51 60
13 30 13 20 30
64 68 64 68
7 49 7 28 35 41 49
24 87 24 80 82 87
4 38 4 21 26 38
29 77 29 43 52 67 77
9 20 9 17 20
56 80 56 62 70 72 78 80
4 82 4 74 82
1 29 1 7 27 29
15 85 15 30 49 72 78 81 82 85
42 75 42 46 49 51 58 61 75
11 89 11 18 72 84 89
50 58 50 51 58
56 62 56 62
77 87 77 87
21 35 21 26 28 35
50 74 50 59 61 64 68 74
54 64 54 59 64
28 59 28 35 59
15 28 15 21 26 28
4 66 4 40 62 63 66
49 65 49 59 61 64 65
5 21 5 7 15 21
4 63 4 8 41 57 63
68 69 68 69
40 88 40 60 78 85 88
36 89 36 67 78 84 89
58 84 58 67 72 84
18 59 18 20 54 59
20 77 20 40 42 57 63 66 77
22 45 22 34 45
8 88 8 9 50 59 69 76 82 87 88
36 76 36 48 54 59 69 76
2 17 2 9 17
19 34 19 26 30 34
34 44 34 44
19 73 19 30 44 53 58 67 73
40 49 40 49
32 71 32 44 60 66 71
4 21 4 21
7 49 7 33 49
18 89 18 59 89
1 71 1 26 30 44 55 57 63 66 71
27 78 27 54 78
14 33 14 19 20 23 25 33
19 21 19 21
28 64 28 39 41 49 59 61 64
24 55 24 34 45 55
56 78 56 78
51 68 51 64 68
16 44 16 29 37 40 43 44
1 48 1 3 27 29 48
21 57 21 26 28 35 43 44 55 57
46 64 46 49 59 61 64
32 70 32 44 55 70
63 87 63 82 87
30 72 30 53 72
70 80 70 72 78 80
3 14 3 9 13 14
31 68 31 39 58 61 64 68
22 78 22 31 56 78
5 83 5 36 37 49 72 78 80 83
36 84 36 48 54 67 72 78 84
57 89 57 83 89
30 34 30 34
34 48 34 48
54 77 54 59 66 77
37 78 37 51 59 66 78
13 63 13 26 42 62 63
33 48 33 37 48
9 44 9 16 28 35 43 44
49 78 49 72 78
25 63 25 35 39 57 63
27 42 27 29 36 37 40 42
0 59 0 59
12 86 12 45 75 78 81 83 86
31 85 31 39 69 76 82 85
24 82 24 55 70 80 82
41 85 41 57 74 85
16 82 16 40 72 78 81 82
28 48 28 37 48
61 75 61 75
56 74 56 64 68 74
23 32 23 32
56 84 56 78 84
33 69 33 46 49 69
3 30 3 9 20 30
44 79 44 55 79
76 88 76 82 87 88
6 58 6 16 35 39 41 50 58
20 81 20 40 63 80 81
1 42 1 19 33 37 40 42
25 74 25 57 74
5 15 5 6 15
50 51 50 51
54 64 54 59 64
11 62 11 18 34 38 42 62
18 79 18 22 34 55 79
66 78 66 78
34 47 34 47
4 71 4 21 40 51 59 64 71
12 28 12 26 28
25 49 25 40 43 46 49
63 80 63 79 80
75 83 75 78 80 81 83
21 66 21 26 55 57 63 66
21 30 21 26 30
25 49 25 40 49
33 70 33 62 70
70 81 70 72 78 80 81
48 54 48 54
8 46 8 28 39 46
9 59 9 17 29 43 47 53 59
5 63 5 30 44 55 57 63
2 41 2 18 27 41
66 77 66 77
30 65 30 44 55 58 61 64 65
47 80 47 53 80
40 55 40 43 44 55
19 80 19 20 54 80
27 48 27 29 36 48
10 44 10 17 20 40 43 44
28 49 28 49
22 57 22 43 44 55 57
2 76 2 13 49 69 76
20 23 20 23
7 33 7 14 25 33
75 80 75 80
21 55 21 40 43 44 55
74 85 74 82 85
70 78 70 72 78
33 84 33 39 46 49 72 84
17 81 17 81
21 67 21 40 51 58 67
1 66 1 13 24 33 61 66
81 85 81 82 85
30 44 30 32 44
44 53 44 53
6 20 6 18 20
15 56 15 21 26 28 35 56
5 33 5 6 16 23 25 33
14 21 14 21
2 70 2 18 27 70
60 78 60 66 78
39 87 39 46 49 76 82 87
40 42 40 42
5 79 5 25 79
45 77 45 61 66 77
51 88 51 74 85 88
24 32 24 32
12 50 12 50
24 63 24 33 62 63
5 14 5 7 14
10 17 10 17
13 43 13 36 43
50 84 50 51 58 64 71 84
37 48 37 48
5 74 5 36 50 51 59 64 68 74
7 27 7 14 19 27
53 64 53 58 61 64
17 37 17 29 37
35 65 35 59 61 64 65
0 24 0 24
64 82 64 69 76 82
54 81 54 75 80 81
41 67 41 67
30 45 30 34 45
13 28 13 14 21 26 28
37 63 37 40 62 63
5 31 5 6 31
13 80 13 49 72 78 80
30 54 30 32 48 54
37 49 37 40 43 46 49
22 50 22 33 37 50
50 59 50 51 59
69 82 69 76 82
12 56 12 17 20 23 28 35 56
7 70 7 41 70
37 68 37 48 52 64 68
62 80 62 72 78 80
10 51 10 17 25 35 39 41 49 51
26 48 26 30 34 48
17 69 17 20 59 64 68 69
23 43 23 25 35 43
10 45 10 24 27 34 45
7 14 7 14
5 14 5 7 14
42 49 42 46 49
42 79 42 57 63 79
5 25 5 25
32 88 32 86 88
24 71 24 54 59 64 71
20 86 20 39 46 49 51 59 61 75 78 80 81 83 86
1 83 1 78 81 83
51 75 51 59 61 75
31 69 31 39 60 69
80 85 80 81 82 85
10 78 10 47 67 78
22 87 22 64 69 87
32 89 32 47 75 78 80 81 83 89
40 44 40 43 44
45 54 45 54
76 82 76 82
34 59 34 44 51 59
38 84 38 41 66 78 84
12 71 12 44 63 66 71
35 74 35 56 64 68 74
53 84 53 72 78 84
6 36 6 27 29 36
81 83 81 83
18 84 18 34 50 59 71 84
55 75 55 58 61 75
25 64 25 61 64
19 51 19 33 46 49 51
45 59 45 50 51 59
16 29 16 24 29
25 73 25 33 39 58 67 73
70 78 70 72 78
2 14 2 9 13 14
1 20 1 13 20
59 71 59 71
5 77 5 37 49 51 67 77
42 88 42 46 88
27 76 27 34 48 54 59 64 68 69 76
17 20 17 20
28 87 28 64 71 82 87
47 73 47 53 58 73
49 60 49 51 60
10 73 10 58 67 73
28 72 28 35 43 46 49 51 58 67 72
6 59 6 44 53 59
1 31 1 2 13 16 31
54 69 54 59 69
10 67 10 30 44 53 58 67
0 10 0 10
16 40 16 29 37 40
9 62 9 29 43 62
26 56 26 28 35 56
8 74 8 62 74
62 70 62 70
50 61 50 51 59 61
15 63 15 21 40 62 63
41 67 41 47 53 58 67
28 61 28 39 46 49 51 61
20 37 20 26 28 37
5 44 5 7 25 33 37 40 43 44
4 70 4 30 39 41 70
29 53 29 36 37 40 43 47 53
52 67 52 67
57 65 57 63 65
5 83 5 36 80 83
0 55 0 44 55
31 84 31 43 52 64 71 84
45 50 45 50
1 2 1 2
2 36 2 18 27 29 36
6 72 6 54 67 72
10 47 10 47
58 72 58 67 72
11 40 11 20 26 28 37 40
59 61 59 61
10 26 10 17 26
37 87 37 76 82 87
6 85 6 37 52 80 82 85
23 68 23 32 58 64 68
53 81 53 80 81
7 42 7 28 37 40 42
42 79 42 57 63 79
13 86 13 60 66 83 86
10 73 10 24 43 44 53 58 73
58 83 58 78 80 83
44 74 44 55 58 68 74
12 29 12 29
4 44 4 30 34 44
43 52 43 52
32 83 32 53 58 61 83
9 49 9 24 29 36 43 46 49
50 51 50 51
0 86 0 71 83 86
3 32 3 15 30 32
56 74 56 74
0 64 0 45 54 59 64
77 88 77 87 88
11 86 11 21 42 57 72 78 80 83 86
79 89 79 84 89
75 81 75 78 80 81
53 67 53 58 67
48 71 48 61 66 71
13 43 13 36 37 40 43
28 68 28 49 51 59 64 68
42 46 42 46
39 81 39 60 66 78 81
27 66 27 32 51 60 66
51 83 51 67 72 78 81 83
10 76 10 48 58 64 68 69 76
34 50 34 50
53 81 53 58 64 80 81
23 82 23 49 51 58 67 78 80 81 82
4 56 4 8 13 20 26 28 35 56
23 38 23 25 38
38 60 38 42 46 49 51 60
9 45 9 24 30 34 45
11 58 11 58
28 68 28 58 64 68
46 87 46 77 87
16 69 16 35 41 49 69
4 71 4 40 63 66 71
29 64 29 43 44 55 58 64
38 67 38 42 51 67
3 24 3 9 16 24
0 45 0 17 26 30 34 45
36 65 36 48 54 59 61 64 65
55 89 55 61 64 80 81 83 89
75 78 75 78
12 25 12 17 25
31 51 31 39 41 50 51
58 87 58 64 71 82 87
18 74 18 59 64 68 74
67 84 67 72 84
2 18 2 18
31 73 31 39 41 67 73
41 59 41 50 59
45 59 45 50 51 59
75 86 75 83 86
53 88 53 84 88
37 48 37 48
21 64 21 40 64
21 68 21 42 46 49 51 59 64 68
5 24 5 24
49 64 49 51 58 64
8 54 8 33 37 48 54
5 31 5 7 15 22 31
8 43 8 28 37 40 43
27 53 27 53
33 54 33 37 48 54
0 10 0 10
20 32 20 32
8 69 8 13 36 48 61 64 68 69
22 35 22 25 35
39 69 39 58 64 69
78 81 78 81
32 66 32 51 61 66
28 70 28 39 41 70
14 66 14 28 41 50 58 61 66
70 88 70 86 88
6 31 6 31
16 48 16 24 27 32 48
18 70 18 21 42 62 70
70 86 70 80 83 86
11 68 11 64 68
33 51 33 46 49 51
8 30 8 13 24 30
23 37 23 28 37
9 17 9 17
25 82 25 61 66 78 80 82
3 14 3 14
60 78 60 66 78
3 51 3 14 19 30 41 50 51
51 75 51 59 61 75
0 75 0 47 61 75
41 69 41 53 58 68 69
61 86 61 75 83 86
15 41 15 25 33 39 41
54 88 54 75 88
29 37 29 37
10 52 10 48 52
11 49 11 33 49
6 61 6 27 58 61
4 20 4 8 13 20
8 31 8 13 16 31
9 17 9 17
45 81 45 61 75 78 81
60 89 60 78 80 81 83 89
10 34 10 24 30 34
36 73 36 50 67 73
18 64 18 21 59 61 64
12 76 12 37 50 59 61 64 68 69 76
1 71 1 26 40 60 66 71
12 41 12 27 34 38 41
15 85 15 69 76 82 85
6 40 6 16 23 28 37 40
29 48 29 36 37 48
20 80 20 72 78 80
28 37 28 37
16 28 16 28
31 87 31 39 76 82 87
25 79 25 33 39 41 57 63 79
2 57 2 18 21 40 43 44 55 57
38 62 38 42 62
54 86 54 59 61 64 86
20 77 20 56 62 63 66 77
2 32 2 18 19 30 32
5 83 5 64 71 83
56 69 56 64 69
5 51 5 44 51
35 67 35 43 46 49 51 67
11 80 11 21 70 72 78 80
1 78 1 2 60 78
14 59 14 31 39 41 47 53 59
11 31 11 18 22 31
31 62 31 43 62
17 34 17 34
10 79 10 30 44 79
7 42 7 27 29 37 40 42
78 81 78 81
8 74 8 9 13 49 59 64 68 74
23 68 23 44 51 61 64 68
17 39 17 26 30 39
19 86 19 33 61 83 86
9 58 9 13 36 48 58
21 30 21 26 30
29 47 29 36 37 40 43 47
25 89 25 81 83 89
24 81 24 27 32 66 78 81
16 38 16 27 34 38
28 70 28 37 40 62 70
2 81 2 23 57 63 79 80 81
11 56 11 21 26 28 35 56
12 84 12 66 78 84
4 45 4 30 34 45
3 11 3 11
3 85 3 16 23 70 71 82 85
41 65 41 49 59 61 64 65
8 73 8 58 73
67 72 67 72
49 87 49 72 87
19 69 19 21 26 30 32 51 58 68 69
55 84 55 63 79 84
33 82 33 37 50 59 66 78 81 82
19 69 19 43 46 49 51 61 64 68 69
25 63 25 35 56 62 63
34 83 34 38 42 46 49 72 78 80 81 83
42 60 42 51 60
39 77 39 41 57 63 66 77
2 13 2 13
9 16 9 16
45 50 45 50
44 76 44 55 58 61 64 68 69 76
21 54 21 26 28 37 48 54
27 78 27 53 72 78
46 77 46 49 51 58 67 77
45 67 45 50 51 67
74 87 74 82 87
44 84 44 64 71 84
23 80 23 37 48 79 80
24 62 24 29 43 62
4 58 4 8 58
57 72 57 72
30 78 30 32 58 67 78
40 52 40 43 52
14 34 14 19 27 34
2 33 2 13 24 33
18 76 18 34 50 58 61 64 68 69 76
9 57 9 24 32 44 55 57
10 59 10 47 53 59
34 64 34 59 61 64
19 73 19 38 49 51 67 73
18 70 18 19 62 70
37 76 37 49 69 76
70 78 70 72 78
35 79 35 39 41 63 79
33 43 33 37 40 43
51 80 51 58 64 80
64 65 64 65
59 64 59 64
15 71 15 46 49 59 66 71
16 57 16 44 55 57
1 19 1 7 14 19
4 60 4 49 51 60
12 29 12 27 29
4 52 4 8 28 35 43 52
37 68 37 48 58 61 64 68
18 42 18 22 25 38 42
5 23 5 6 18 20 23
15 63 15 30 44 63
23 75 23 37 40 51 59 61 75
29 53 29 43 47 53
57 65 57 63 65
36 83 36 67 78 80 83
79 88 79 86 88
41 49 41 49
34 59 34 54 59
3 58 3 58
49 84 49 51 58 67 78 84
18 72 18 21 40 43 44 51 67 72
56 64 56 64
2 54 2 14 21 26 28 37 48 54
10 33 10 17 25 33
26 42 26 30 34 38 42
41 87 41 78 81 82 87
6 88 6 86 88
35 84 35 39 58 78 84
81 85 81 82 85
36 84 36 43 70 71 84
4 87 4 60 66 77 87
36 80 36 55 63 80
4 37 4 23 37
25 38 25 38
17 29 17 29
33 46 33 39 46
7 84 7 56 64 71 84
54 78 54 72 78
27 41 27 34 38 41
53 89 53 72 84 89
53 67 53 58 67
63 65 63 65
26 42 26 40 42
67 77 67 77
13 72 13 14 25 57 72
46 74 46 49 59 64 68 74
3 67 3 37 48 52 67
21 51 21 42 51
27 44 27 29 36 43 44
45 80 45 54 78 80
16 31 16 31
44 53 44 53
64 80 64 80
12 23 12 17 20 23
2 66 2 60 66
56 68 56 64 68
25 80 25 38 60 66 78 80
9 44 9 13 16 29 43 44
35 41 35 41
9 50 9 13 26 28 35 41 50
15 81 15 60 66 78 81
28 69 28 49 51 60 69
1 86 1 2 14 28 58 67 78 81 83 86
48 76 48 58 64 69 76
10 83 10 67 72 78 81 83
23 55 23 44 55
9 79 9 13 63 79
10 32 10 17 20 30 32
2 42 2 13 20 30 34 38 42
78 80 78 80
6 54 6 17 25 33 37 48 54
36 84 36 55 67 78 84
43 84 43 44 79 84
22 31 22 31
17 75 17 33 46 49 59 61 75
24 85 24 81 82 85
33 52 33 52
55 89 55 67 72 78 81 83 89
35 67 35 39 41 47 53 58 67
16 27 16 27
54 69 54 59 64 69
8 54 8 34 54
11 26 11 18 21 26
0 29 0 13 14 19 27 29
4 29 4 8 9 29
10 45 10 30 34 45
33 79 33 62 63 79
52 72 52 67 72
20 57 20 55 57
37 80 37 40 63 80
53 88 53 84 88
4 61 4 13 29 43 47 53 58 61
52 72 52 67 72
39 85 39 46 49 85
20 80 20 39 57 78 80
50 64 50 59 61 64
18 48 18 20 26 28 37 48
23 53 23 32 53
13 44 13 20 23 44
8 88 8 62 63 88
32 79 32 44 55 57 63 79
38 75 38 59 61 75
42 85 42 70 81 82 85
7 26 7 15 26
47 77 47 61 66 77
14 60 14 30 32 44 60
75 81 75 78 81
49 67 49 51 67
41 85 41 47 80 82 85
9 85 9 62 70 82 85
12 73 12 47 67 73
60 82 60 69 76 82
26 37 26 28 37
29 86 29 57 78 81 83 86
18 82 18 76 82
30 69 30 50 58 64 68 69
37 63 37 40 43 44 63
0 46 0 13 29 37 40 42 46
5 6 5 6
15 86 15 22 31 39 60 86
18 63 18 63
1 76 1 26 68 69 76
3 51 3 38 42 51
44 76 44 53 59 64 69 76
40 78 40 60 78
6 15 6 15
5 24 5 24
6 16 6 16
21 32 21 26 30 32
2 38 2 18 19 21 26 38
74 82 74 82
29 87 29 75 82 87
4 54 4 30 34 45 54
49 64 49 59 61 64
29 80 29 80
24 40 24 29 37 40
0 43 0 17 26 40 43
64 65 64 65
24 53 24 27 29 37 40 43 47 53
12 24 12 24
62 82 62 74 82
41 86 41 78 81 83 86
1 41 1 39 41
4 72 4 70 72
51 71 51 61 64 71
6 20 6 18 20
24 88 24 54 81 82 87 88
2 31 2 18 22 31
11 40 11 18 20 40
41 68 41 47 53 59 61 64 68
3 25 3 18 20 23 25
16 34 16 24 30 34
30 50 30 34 50
30 61 30 49 59 61
56 77 56 62 63 66 77
59 83 59 61 75 83
28 60 28 46 49 51 60
12 66 12 57 63 66
16 89 16 27 44 64 71 84 89
7 88 7 39 85 88
20 71 20 55 58 61 66 71
26 53 26 38 41 47 53
17 37 17 26 28 37
12 41 12 26 28 39 41
30 53 30 44 53
14 66 14 25 35 59 66
6 62 6 30 34 38 42 62
3 59 3 30 39 46 49 59
37 52 37 52
86 88 86 88
12 41 12 24 30 34 38 41
15 41 15 30 34 38 41
0 88 0 86 88
11 50 11 27 34 45 50
31 68 31 56 64 68
34 54 34 45 54
19 83 19 38 63 83
12 70 12 32 44 55 70
11 50 11 20 39 41 50
10 86 10 60 86
42 75 42 59 61 75
22 42 22 33 37 40 42
47 85 47 80 81 82 85
13 55 13 28 37 40 43 44 55
28 37 28 37
8 86 8 33 78 80 83 86
15 21 15 21
33 81 33 37 62 72 78 81
30 41 30 41
16 57 16 29 37 40 42 57
24 82 24 32 71 82
32 48 32 48
19 75 19 20 26 55 61 75
52 84 52 71 84
8 88 8 9 45 54 72 82 85 88
5 80 5 52 80
1 82 1 2 60 69 76 82
22 54 22 33 37 48 54
43 84 43 52 71 84
2 82 2 78 80 82
7 63 7 27 29 43 62 63
40 72 40 42 51 67 72
11 18 11 18
9 66 9 29 37 40 51 60 66
2 72 2 9 17 55 58 67 72
70 86 70 80 81 83 86
3 77 3 37 52 67 77
5 40 5 25 40
20 85 20 72 78 80 81 82 85
17 43 17 29 37 40 43
0 16 0 13 16
18 75 18 21 42 59 61 75
17 74 17 20 26 42 51 59 64 68 74
54 83 54 72 78 80 81 83
56 64 56 64
12 37 12 26 28 37
64 82 64 82
80 89 80 83 89
23 62 23 28 37 62
19 74 19 21 59 61 64 68 74
36 48 36 48
46 67 46 49 51 67
69 82 69 76 82
44 51 44 51
19 83 19 30 72 78 80 83
63 65 63 65
1 19 1 3 9 13 14 19
9 46 9 29 37 40 42 46
23 47 23 37 40 43 47
57 74 57 74
40 68 40 68
66 82 66 78 80 82
39 69 39 69
70 81 70 80 81
25 46 25 40 43 46
57 66 57 63 66
21 32 21 26 30 32
19 80 19 26 55 79 80
16 44 16 27 29 43 44
33 75 33 49 59 61 75
47 73 47 53 58 67 73
28 69 28 58 68 69
22 64 22 43 44 64
30 73 30 50 67 73
15 86 15 25 38 42 46 49 51 67 72 78 80 83 86
13 50 13 20 26 28 41 50
20 74 20 23 25 64 68 74
76 85 76 82 85
41 80 41 47 75 80
21 88 21 58 61 75 80 83 86 88
45 57 45 55 57
67 82 67 78 80 81 82
13 62 13 29 36 37 40 62
19 82 19 82
47 81 47 80 81
47 77 47 53 59 61 66 77
46 66 46 49 51 60 66
15 30 15 21 26 30
26 62 26 28 35 56 62
45 81 45 61 64 81
23 82 23 32 71 82
37 84 37 50 64 71 84
19 76 19 30 50 59 61 64 68 69 76
5 74 5 37 40 62 74
28 46 28 37 40 43 46
2 23 2 9 17 20 23
43 53 43 44 53
0 88 0 10 47 53 59 77 88
9 53 9 29 37 40 43 44 53
74 87 74 82 87
22 73 22 33 73
58 73 58 73
22 60 22 43 46 49 51 60
5 31 5 6 31
44 86 44 81 83 86
28 60 28 46 49 51 60
34 45 34 45
22 31 22 31
44 78 44 51 60 66 78
55 75 55 58 61 75
7 51 7 42 46 49 51
47 58 47 53 58
56 64 56 64
55 89 55 57 63 83 89
24 53 24 43 44 53
10 24 10 24
33 65 33 52 64 65
23 41 23 28 39 41
51 65 51 64 65
39 60 39 41 49 51 60
27 42 27 34 38 42
3 53 3 21 40 43 47 53
44 74 44 61 64 68 74
7 25 7 25
30 80 30 50 60 78 80
18 57 18 22 34 55 57
13 20 13 14 19 20
1 45 1 13 20 30 34 45
19 55 19 30 34 44 55
6 81 6 18 59 61 66 78 80 81
43 62 43 62
35 72 35 56 62 72
30 66 30 41 66
7 56 7 26 28 35 56
45 79 45 55 57 63 79
55 63 55 63
5 21 5 7 14 19 21
18 72 18 20 54 67 72
4 14 4 8 9 13 14
43 76 43 52 64 68 69 76
23 64 23 35 43 46 49 59 64
6 72 6 37 51 58 67 72
12 57 12 57
14 36 14 19 27 29 36
66 78 66 78
16 81 16 29 36 67 72 78 80 81
19 33 19 33
24 80 24 64 80
18 73 18 22 31 39 41 67 73
20 72 20 72
52 83 52 80 83
51 75 51 59 61 75
35 84 35 39 41 63 66 78 84
43 68 43 64 68
6 27 6 16 27
41 53 41 53
48 78 48 72 78
9 44 9 32 44
23 80 23 25 40 64 80
2 9 2 9
0 77 0 45 52 77
49 58 49 51 58
16 78 16 31 56 62 63 66 78
16 88 16 48 72 84 88
48 76 48 54 59 64 68 69 76
9 46 9 20 23 35 43 46
42 46 42 46
0 44 0 17 34 44
33 61 33 39 58 61
0 77 0 24 34 44 60 66 77
3 34 3 9 13 14 21 26 30 34
5 83 5 72 78 81 83
11 56 11 18 21 26 28 35 56
14 49 14 19 26 42 46 49
15 47 15 26 40 43 47
37 87 37 87
30 71 30 39 46 49 59 66 71
13 48 13 28 37 48
43 44 43 44
36 47 36 43 47
38 72 38 42 70 72
14 36 14 19 27 29 36
5 63 5 33 62 63
44 61 44 53 59 61
4 72 4 13 20 49 72
15 86 15 60 86
19 86 19 38 41 57 83 86
27 81 27 78 81
20 37 20 23 37
13 70 13 28 41 70
40 79 40 62 63 79
10 83 10 47 83
69 87 69 76 82 87
22 87 22 87
67 78 67 78
34 89 34 46 77 89
19 69 19 27 53 59 61 64 69
44 60 44 51 60
4 82 4 13 28 37 52 71 82
20 57 20 40 43 44 55 57
50 79 50 79
28 49 28 41 49
25 39 25 35 39
21 55 21 40 43 44 55
7 66 7 43 62 63 66
70 89 70 71 83 89
3 84 3 21 59 71 84
4 68 4 21 58 61 64 68
20 81 20 26 75 78 80 81
19 52 19 33 52
4 76 4 40 60 69 76
25 76 25 64 69 76
38 51 38 42 46 49 51
1 76 1 58 64 68 69 76
18 85 18 22 33 49 69 76 82 85
11 26 11 21 26
33 73 33 51 58 67 73
19 30 19 30
20 79 20 30 50 79
55 89 55 63 80 83 89
13 44 13 14 25 35 43 44
13 62 13 24 33 62
24 87 24 54 78 80 81 82 87
61 86 61 83 86
59 71 59 71
6 16 6 16
43 77 43 47 67 77
11 21 11 21
17 51 17 26 40 42 46 49 51
26 28 26 28
10 30 10 24 30
30 49 30 49
35 47 35 39 41 47
35 76 35 69 76
6 27 6 18 27
53 59 53 59
68 85 68 74 82 85
62 83 62 70 72 78 81 83
71 85 71 82 85
4 89 4 40 64 80 81 83 89
24 30 24 30
8 73 8 33 51 73
20 49 20 26 38 42 46 49
23 81 23 57 63 79 80 81
1 82 1 2 33 62 74 82
30 48 30 34 48
21 32 21 26 30 32
9 46 9 29 37 40 43 46
42 70 42 62 70
42 70 42 70
82 87 82 87
32 86 32 83 86
19 28 19 20 23 28
13 30 13 24 30
42 65 42 64 65
5 37 5 36 37
29 84 29 36 67 72 84
23 42 23 37 40 42
82 87 82 87
50 68 50 64 68
60 80 60 78 80
1 72 1 26 40 51 67 72
59 61 59 61
52 78 52 67 78
66 78 66 78
29 80 29 79 80
5 36 5 7 29 36
54 71 54 71
23 39 23 25 33 39
22 43 22 43
3 51 3 23 28 41 49 51
75 84 75 78 84
3 72 3 23 28 58 67 72
21 49 21 42 46 49
13 32 13 16 27 32
13 16 13 16
5 69 5 30 44 51 61 64 68 69
4 69 4 69
35 63 35 63
26 88 26 76 82 85 88
2 9 2 9
4 82 4 21 26 76 82
62 79 62 63 79
53 84 53 72 78 84
17 67 17 55 58 67
51 59 51 59
17 45 17 26 30 34 45
14 48 14 25 33 37 48
35 63 35 39 57 63
11 68 11 35 59 64 68
14 76 14 34 54 59 69 76
54 77 54 67 77
21 67 21 42 46 49 51 67
41 73 41 50 67 73
1 58 1 39 46 49 51 58
43 67 43 44 53 58 67
21 35 21 26 28 35
34 70 34 45 55 70
27 62 27 34 38 42 62
5 63 5 24 29 43 62 63
10 86 10 44 79 86
50 64 50 59 61 64
5 75 5 30 49 59 61 75
53 80 53 72 78 80
4 70 4 13 14 42 62 70
4 89 4 49 72 78 80 81 83 89
33 39 33 39
11 32 11 21 26 30 32
43 64 43 46 49 59 61 64
13 45 13 20 26 30 34 45
49 58 49 51 58
8 27 8 9 24 27
18 77 18 21 40 43 77
59 87 59 61 64 71 82 87
16 62 16 35 43 62
61 76 61 64 68 69 76
18 68 18 21 26 55 61 64 68
8 32 8 13 16 27 32
54 76 54 59 61 64 69 76
9 77 9 45 55 61 66 77
57 63 57 63
32 64 32 47 53 59 61 64
62 70 62 70
2 23 2 14 19 20 23
1 26 1 7 26
18 74 18 19 38 49 59 61 64 68 74
19 79 19 26 55 79
6 61 6 44 61
51 86 51 80 83 86
24 73 24 32 44 51 67 73
34 55 34 45 55
21 68 21 42 59 61 64 68
5 22 5 7 15 22
49 72 49 72
24 27 24 27
60 69 60 69
36 48 36 37 48
3 54 3 18 19 26 28 37 48 54
0 33 0 13 14 19 33
0 79 0 24 43 44 79
6 54 6 15 30 48 54
6 62 6 27 34 38 42 62
33 87 33 39 58 68 69 76 82 87
16 74 16 24 64 68 74
2 64 2 13 24 52 64
2 61 2 13 14 28 37 40 43 44 53 59 61
20 88 20 72 84 88
7 15 7 15
11 67 11 18 27 32 53 58 67
42 66 42 59 61 66
63 78 63 66 78
0 17 0 17
1 55 1 37 40 43 44 55
9 69 9 16 29 37 50 64 69
9 82 9 82
37 66 37 62 63 66
25 86 25 40 43 46 49 59 66 78 81 83 86
45 52 45 52
2 23 2 18 19 20 23
12 75 12 24 27 54 59 61 75
10 24 10 24
34 55 34 45 55
9 32 9 17 32
3 52 3 18 21 26 30 48 52
3 23 3 23
18 27 18 27
4 36 4 8 9 24 27 29 36
2 13 2 13
12 17 12 17
28 77 28 49 51 67 77
3 85 3 14 70 72 78 80 82 85
34 48 34 48
10 33 10 24 33
3 87 3 18 22 59 61 75 80 81 82 87
3 79 3 18 34 38 42 57 63 79
15 46 15 46
21 88 21 42 51 67 77 88
19 21 19 21
27 60 27 44 60
76 82 76 82
19 56 19 56
6 30 6 30
15 77 15 30 49 77
25 88 25 38 41 70 82 85 88
18 63 18 22 25 38 63
20 49 20 23 28 41 49
10 20 10 17 20
8 68 8 13 29 43 44 64 68
26 86 26 55 61 83 86
20 85 20 79 81 82 85
35 79 35 43 44 79
2 68 2 13 28 49 51 59 61 64 68
41 73 41 73
27 44 27 44
9 25 9 13 20 23 25
14 76 14 19 33 61 64 68 69 76
6 72 6 16 50 67 72
54 59 54 59
6 17 6 17
19 28 19 20 23 28
54 71 54 71
27 65 27 52 64 65
11 36 11 18 27 29 36
29 53 29 37 40 43 44 53
35 82 35 76 82
52 84 52 71 84
59 85 59 64 81 82 85
45 70 45 70
37 44 37 40 43 44
76 82 76 82
79 81 79 80 81
12 66 12 29 37 51 59 66
18 46 18 20 26 42 46
7 64 7 33 37 50 64
4 8 4 8
16 57 16 35 41 57
26 77 26 42 62 63 66 77
49 72 49 72
27 38 27 34 38
33 88 33 61 64 68 69 88
13 72 13 28 37 50 67 72
28 78 28 78
36 72 36 67 72
18 39 18 20 23 35 39
2 24 2 9 24
4 68 4 30 49 59 64 68
17 55 17 32 44 55
73 88 73 88
33 59 33 46 49 59
16 55 16 44 55
6 27 6 18 27
28 35 28 35
64 89 64 81 83 89
10 41 10 34 38 41
41 64 41 53 58 64
48 75 48 75
21 64 21 26 42 51 58 64
34 70 34 44 55 70
46 64 46 49 51 59 64
17 32 17 32
23 75 23 49 51 59 61 75
38 59 38 49 51 59
51 73 51 67 73
29 57 29 57
37 84 37 48 79 84
20 66 20 59 61 66
53 88 53 58 61 75 78 85 88
0 74 0 27 29 36 48 54 59 61 64 68 74
3 52 3 9 45 52
37 77 37 49 77
27 82 27 70 81 82
3 51 3 27 29 43 44 51
49 80 49 51 67 78 80
28 39 28 35 39
13 67 13 26 55 67
20 48 20 23 28 37 48
19 56 19 20 23 25 35 56
18 75 18 20 32 47 53 59 61 75
18 31 18 22 31
0 81 0 27 34 38 63 79 80 81
8 42 8 13 14 42
50 78 50 59 61 66 78
63 88 63 80 81 83 88
45 52 45 52
20 80 20 54 80
6 61 6 24 50 59 61
1 16 1 2 9 13 16
1 43 1 2 9 29 43
7 65 7 39 57 63 65
5 73 5 32 58 67 73
1 66 1 13 36 43 47 61 66
18 85 18 19 56 62 72 78 81 82 85
25 57 25 57
55 66 55 63 66
57 72 57 72
37 44 37 40 43 44
49 85 49 51 58 78 80 81 82 85
40 85 40 62 72 82 85
34 80 34 47 67 78 80
38 63 38 42 57 63
10 20 10 17 20
6 36 6 24 29 36
69 88 69 76 82 85 88
16 88 16 44 63 66 78 81 82 87 88
20 76 20 54 59 64 69 76
21 62 21 42 62
18 27 18 19 27
19 34 19 20 26 30 34
18 68 18 59 64 68
79 81 79 81
21 40 21 40
13 88 13 85 88
0 79 0 48 79
12 62 12 26 28 35 56 62
44 76 44 64 69 76
9 64 9 45 64
29 52 29 36 43 52
40 86 40 72 86
9 20 9 13 20
22 72 22 34 47 53 72
4 44 4 30 44
22 57 22 34 45 57
14 61 14 21 40 51 61
59 85 59 64 68 74 85
41 47 41 47
6 56 6 17 25 35 56
0 51 0 24 43 46 49 51
40 52 40 43 52
43 70 43 44 55 70
6 58 6 31 43 46 49 51 58
23 82 23 78 81 82
27 41 27 41
36 60 36 50 51 60
3 31 3 15 22 31
36 37 36 37
33 78 33 72 78
9 17 9 17
0 89 0 89
59 85 59 61 64 80 82 85
3 79 3 38 63 79
23 79 23 35 56 62 63 79
27 75 27 41 53 58 61 75
70 81 70 72 78 81
21 51 21 42 46 49 51
51 61 51 59 61
20 85 20 79 80 82 85
8 88 8 28 87 88
12 77 12 29 36 67 77
28 60 28 46 49 51 60
10 26 10 17 26
79 80 79 80
70 71 70 71
45 77 45 57 63 66 77
3 51 3 38 41 49 51
18 68 18 19 27 34 44 61 64 68
3 15 3 15
45 51 45 50 51
10 81 10 48 61 66 78 81
3 59 3 15 22 31 43 47 53 59
0 87 0 24 52 71 82 87
54 73 54 67 73
29 55 29 36 37 40 43 44 55
49 58 49 51 58
10 81 10 47 53 72 78 80 81
5 34 5 7 27 34
5 67 5 25 38 41 47 53 58 67
26 86 26 28 41 57 63 79 83 86
14 77 14 59 66 77
49 74 49 51 64 68 74
4 71 4 30 34 46 49 59 66 71
70 81 70 72 78 80 81
28 43 28 35 43
51 81 51 80 81
36 80 36 48 61 66 78 80
35 69 35 59 61 64 69
13 55 13 36 37 40 43 44 55
6 89 6 77 89
12 71 12 41 70 71
72 85 72 82 85
58 64 58 61 64
23 39 23 25 35 39
59 84 59 71 84
36 81 36 66 78 81
54 67 54 67
67 82 67 82
54 83 54 67 72 78 80 81 83
34 86 34 55 70 71 83 86
28 41 28 39 41
47 77 47 67 77
20 88 20 88
33 67 33 46 49 51 58 67
3 56 3 23 28 35 56
58 75 58 61 75
5 24 5 6 16 24
3 23 3 23
31 53 31 39 41 47 53
9 69 9 50 59 61 64 69
43 67 43 44 55 67
1 58 1 2 18 20 40 42 46 49 51 58
17 61 17 34 50 59 61
69 85 69 76 82 85
8 21 8 9 13 14 21
35 69 35 59 64 68 69
37 68 37 48 54 59 64 68
56 77 56 62 63 66 77
5 15 5 7 15
9 41 9 16 27 41
12 62 12 17 26 40 42 62
39 65 39 46 49 51 59 64 65
8 29 8 13 29
29 48 29 37 48
51 88 51 80 81 83 88
32 68 32 44 64 68
64 65 64 65
7 49 7 42 46 49
13 83 13 49 51 60 78 80 83
37 88 37 76 82 85 88
2 68 2 9 29 43 46 49 59 61 64 68
6 25 6 18 22 25
24 53 24 29 36 37 40 43 47 53
5 61 5 44 53 58 61
2 37 2 14 21 26 28 37
9 50 9 39 41 50
33 65 33 39 57 65
8 47 8 28 37 40 43 47
37 84 37 49 59 61 64 71 84
57 65 57 65
59 74 59 64 68 74
41 80 41 47 61 75 78 80
5 15 5 7 15
9 59 9 13 46 49 59
23 63 23 28 35 56 62 63
7 37 7 25 33 37
58 76 58 61 64 68 69 76
79 82 79 81 82
24 48 24 30 48
33 69 33 51 61 64 68 69
11 21 11 18 21
39 57 39 41 57
4 41 4 13 16 38 41
63 81 63 66 78 80 81
21 82 21 26 75 80 81 82
0 75 0 45 61 75
6 25 6 15 22 25
40 65 40 43 64 65
0 80 0 48 61 64 80
33 84 33 37 50 51 58 67 72 84
42 66 42 57 63 66
5 6 5 6
9 59 9 29 43 44 53 59
52 71 52 71
7 69 7 14 34 44 51 60 69
6 56 6 17 26 28 35 56
25 69 25 61 64 69
22 33 22 25 33
24 88 24 43 52 80 81 82 85 88
0 44 0 27 44
33 70 33 39 41 70
55 86 55 57 72 86
4 30 4 21 26 30
75 78 75 78
23 42 23 37 40 42
62 77 62 63 66 77
28 64 28 35 41 47 61 64
31 53 31 39 41 47 53
50 73 50 51 67 73
58 75 58 61 75
23 25 23 25
6 85 6 85
71 83 71 83
9 56 9 16 35 56
9 13 9 13
48 82 48 75 82
2 38 2 23 25 38
42 57 42 57
21 68 21 59 61 64 68
3 38 3 27 34 38
10 57 10 17 29 57
6 71 6 71
11 36 11 27 29 36
0 81 0 59 64 81
5 81 5 32 53 72 78 81
61 74 61 64 68 74
1 88 1 88
19 38 19 27 34 38
9 30 9 20 30
1 89 1 7 32 47 67 72 78 80 81 83 89
35 57 35 39 41 57
33 84 33 51 67 72 84
30 66 30 39 60 66
28 85 28 39 60 66 78 85
24 48 24 33 37 48
58 88 58 64 81 83 88
45 86 45 70 72 86
21 55 21 26 30 32 44 55
21 70 21 70
6 26 6 21 26
31 89 31 56 62 72 78 84 89
49 64 49 51 61 64
14 79 14 19 38 41 50 79
34 50 34 45 50
7 25 7 15 25
16 78 16 44 63 66 78
2 47 2 33 37 40 43 47
48 71 48 61 66 71
51 89 51 80 83 89
67 78 67 78
44 75 44 61 75
39 65 39 65
18 59 18 22 59
72 87 72 87
2 64 2 33 49 51 61 64
38 85 38 42 59 61 75 82 85
15 63 15 26 30 32 44 55 57 63
43 53 43 47 53
64 88 64 69 88
28 70 28 39 41 70
36 81 36 81
40 74 40 51 64 68 74
6 61 6 21 58 61
18 76 18 76
50 76 50 58 64 69 76
13 48 13 28 37 48
41 83 41 63 66 83
62 72 62 72
1 61 1 19 30 48 58 61
28 39 28 39
28 42 28 37 40 42
11 77 11 77
6 78 6 30 41 67 72 78
18 85 18 20 30 32 47 67 72 78 85
33 69 33 46 49 69
18 61 18 22 25 40 49 59 61
18 70 18 21 26 55 70
0 59 0 47 53 59
56 85 56 82 85
7 64 7 40 42 59 64
62 66 62 63 66
8 82 8 9 39 57 80 82
36 61 36 59 61
24 89 24 71 83 89
18 33 18 19 20 23 25 33
36 73 36 37 48 52 67 73
12 50 12 26 30 41 50
12 20 12 17 20
43 69 43 47 61 64 68 69
1 30 1 7 14 30
52 85 52 67 72 82 85
34 50 34 50
37 48 37 48
13 20 13 14 19 20
58 69 58 68 69
5 80 5 32 44 79 80
14 61 14 59 61
13 24 13 24
4 77 4 23 37 62 63 66 77
6 15 6 15
6 80 6 80
3 15 3 15
24 75 24 29 37 48 58 61 75
15 56 15 22 25 35 56
10 42 10 24 34 38 42
7 63 7 45 55 63
37 87 37 48 79 81 82 87
18 47 18 19 43 47
22 60 22 33 37 49 51 60
2 86 2 14 42 70 72 78 81 83 86
51 89 51 67 77 89
8 45 8 13 26 30 34 45
22 85 22 60 82 85
12 57 12 32 44 55 57
49 51 49 51
49 86 49 51 64 80 83 86
64 88 64 88
45 54 45 54
6 57 6 31 39 41 57
0 70 0 44 55 70
19 27 19 27
0 44 0 13 14 19 33 37 40 43 44
16 33 16 23 25 33
74 85 74 85
17 25 17 25
60 80 60 66 78 80
9 85 9 46 49 76 82 85
2 46 2 14 34 38 42 46
25 80 25 35 72 78 80
3 60 3 9 24 30 49 51 60
7 64 7 14 42 51 58 61 64
53 67 53 58 67
14 33 14 25 33
30 73 30 48 54 67 73
6 39 6 17 25 33 39
2 17 2 9 17
9 62 9 16 31 56 62
16 40 16 24 27 29 37 40
27 42 27 34 38 42
2 44 2 13 24 29 43 44
26 80 26 75 78 80
19 62 19 26 42 62
48 54 48 54
56 77 56 62 63 66 77
27 78 27 34 54 78
2 73 2 23 44 55 67 73
11 56 11 18 19 26 28 35 56
53 71 53 59 71
78 80 78 80
63 83 63 80 83
5 87 5 30 76 82 87
26 83 26 67 72 78 81 83
40 51 40 51
6 50 6 15 22 33 37 50
70 71 70 71
6 71 6 27 41 47 53 58 64 71
3 16 3 16
2 74 2 14 59 64 68 74
27 84 27 79 84
41 85 41 67 78 81 82 85
22 48 22 33 37 48
0 82 0 70 71 82
9 14 9 13 14
46 88 46 77 88
36 48 36 37 48
55 81 55 63 66 78 81
24 81 24 29 80 81
51 74 51 64 68 74
20 48 20 26 30 48
18 77 18 63 66 77
22 89 22 31 43 64 71 84 89
47 72 47 67 72
27 32 27 32
58 85 58 85
35 64 35 43 47 61 64
56 74 56 74
14 79 14 34 48 79
26 80 26 30 53 58 61 75 78 80
80 88 80 82 85 88
29 62 29 43 62
45 51 45 50 51
42 57 42 57
52 72 52 67 72
20 49 20 26 28 49
43 78 43 70 72 78
36 69 36 55 61 64 69
0 87 0 27 70 71 82 87
27 54 27 54
8 19 8 13 14 19
45 66 45 50 58 61 66
26 73 26 55 67 73
7 37 7 15 22 25 33 37
15 56 15 22 31 56
7 37 7 29 37
25 40 25 33 37 40
64 89 64 80 81 83 89
35 59 35 39 41 49 59
45 54 45 54
16 33 16 23 25 33
9 77 9 16 50 67 77
64 82 64 80 82
30 80 30 80
6 54 6 30 34 54
19 55 19 20 23 32 44 55
78 85 78 85
19 59 19 26 30 39 46 49 59
52 67 52 67
10 32 10 32
45 50 45 50
13 36 13 36
2 56 2 56
8 30 8 13 14 19 21 26 30
33 84 33 67 72 84
26 62 26 40 43 62
39 79 39 57 63 79
0 85 0 80 81 82 85
5 81 5 44 64 80 81
7 71 7 64 71
21 40 21 40
10 73 10 58 67 73
27 47 27 34 38 41 47
26 85 26 68 69 76 82 85
29 66 29 43 62 63 66
10 76 10 58 64 68 69 76
19 20 19 20
55 70 55 70
9 59 9 17 29 37 40 49 59
16 76 16 31 43 64 68 69 76
37 68 37 51 61 64 68
24 33 24 33
59 66 59 61 66
35 57 35 41 57
0 46 0 20 23 37 40 42 46
12 84 12 26 75 78 84
31 89 31 39 46 77 89
6 60 6 16 27 44 51 60
1 16 1 2 13 16
7 63 7 39 41 57 63
18 63 18 63
79 83 79 80 81 83
24 71 24 50 64 71
35 39 35 39
7 29 7 27 29
8 62 8 13 28 37 62
18 38 18 22 25 38
10 79 10 30 48 79
48 61 48 58 61
10 47 10 47
64 82 64 82
22 59 22 43 47 53 59
2 38 2 18 20 26 30 34 38
23 62 23 25 40 62
17 37 17 33 37
25 70 25 62 70
53 59 53 59
11 51 11 20 40 49 51
18 67 18 34 55 67
40 68 40 43 64 68
7 57 7 43 44 55 57
1 50 1 13 36 50
28 43 28 35 43
5 88 5 37 84 88
49 65 49 59 61 64 65
51 61 51 58 61
26 86 26 30 34 86
60 88 60 82 85 88
35 74 35 56 64 68 74
4 78 4 21 58 78
32 58 32 48 58
19 21 19 21
22 65 22 25 35 59 65
48 66 48 58 61 66
13 16 13 16
8 21 8 9 13 14 19 21
38 41 38 41
26 53 26 40 43 47 53
5 15 5 6 15
12 77 12 50 67 77
19 41 19 38 41
2 47 2 23 25 40 43 47
55 61 55 61
4 44 4 30 32 44
12 32 12 27 32
26 83 26 67 72 78 81 83
38 42 38 42
4 77 4 41 53 77
34 86 34 38 49 59 61 75 83 86
19 44 19 20 26 28 37 40 43 44
53 86 53 59 71 83 86
32 58 32 48 58
19 68 19 21 42 46 49 59 64 68
18 84 18 22 25 71 84
70 89 70 71 83 89
23 65 23 49 59 65
34 47 34 47
53 88 53 59 64 86 88
75 88 75 82 87 88
13 55 13 28 37 40 43 44 55
34 79 34 50 79
74 85 74 82 85
45 86 45 57 86
25 76 25 33 64 68 69 76
5 23 5 7 14 19 20 23
38 70 38 41 70
17 54 17 26 28 37 48 54
0 64 0 43 46 49 51 64
52 86 52 86
19 83 19 21 40 43 46 49 59 64 71 83
1 80 1 2 18 21 42 70 72 78 80
23 66 23 49 59 66
35 50 35 41 50
25 84 25 79 84
53 89 53 58 67 78 84 89
57 65 57 65
36 73 36 37 52 67 73
12 87 12 32 51 80 81 82 87
4 70 4 8 62 70
11 52 11 21 40 43 52
38 59 38 42 59
2 65 2 14 59 61 64 65
28 48 28 37 48
4 82 4 23 49 51 61 75 82
46 77 46 77
10 47 10 30 41 47
23 66 23 57 63 66
14 28 14 21 26 28
0 55 0 17 34 55
8 65 8 34 50 64 65
29 57 29 43 44 55 57
27 45 27 34 45
26 42 26 42
41 85 41 57 78 85
20 39 20 39
1 49 1 49
17 33 17 25 33
14 61 14 59 61
40 46 40 43 46
60 89 60 66 77 89
26 73 26 67 73
79 82 79 81 82
9 69 9 29 43 52 64 69
53 83 53 72 78 80 81 83
52 89 52 64 81 83 89
75 85 75 80 81 82 85
14 68 14 21 59 64 68
18 30 18 21 26 30
7 25 7 15 25
59 89 59 61 66 83 89
11 68 11 35 39 41 53 59 61 64 68
16 27 16 27
60 87 60 66 78 80 82 87
54 80 54 80
27 72 27 34 67 72
23 87 23 28 49 77 87
7 43 7 26 40 43
44 55 44 55
5 35 5 6 16 35
36 37 36 37
6 56 6 17 20 23 28 35 56
15 33 15 25 33
43 86 43 44 60 66 71 83 86
40 88 40 63 79 83 86 88
13 67 13 29 37 40 43 47 53 58 67
5 51 5 7 14 31 39 41 50 51
25 63 25 35 39 41 57 63
18 83 18 20 72 78 80 83
8 32 8 9 16 24 32
7 73 7 41 49 51 58 67 73
25 69 25 35 59 61 64 68 69
34 48 34 48
53 88 53 82 87 88
5 6 5 6
34 54 34 54
64 69 64 68 69
24 27 24 27
48 88 48 83 86 88
16 50 16 35 39 41 50
59 82 59 71 82
20 71 20 49 51 61 66 71
42 59 42 51 59
45 66 45 57 63 66
16 78 16 40 72 78
18 48 18 20 26 30 32 48
4 40 4 40
64 71 64 71
10 70 10 70
61 76 61 64 68 69 76
75 82 75 78 80 82
3 66 3 16 48 61 66
53 82 53 80 81 82
35 89 35 63 80 83 89
16 34 16 24 34
76 82 76 82
22 67 22 43 47 67
49 64 49 51 61 64
63 65 63 65
40 49 40 43 46 49
8 34 8 9 17 26 30 34
32 51 32 51
46 67 46 49 51 67
1 89 1 7 43 47 83 89
0 54 0 17 29 36 37 48 54
53 89 53 84 89
26 55 26 28 35 43 44 55
33 41 33 39 41
35 59 35 39 41 49 51 59
48 79 48 79
26 81 26 40 60 66 78 81
7 44 7 14 19 26 28 35 43 44
14 30 14 21 26 30
30 44 30 32 44
2 89 2 70 81 83 89
23 41 23 28 39 41
39 57 39 57
35 43 35 43
78 85 78 85
16 23 16 23
33 64 33 52 64
53 83 53 58 78 81 83
9 23 9 13 14 19 20 23
4 8 4 8
29 37 29 36 37
20 59 20 59
39 70 39 41 70
40 89 40 43 52 71 84 89
2 54 2 33 37 48 54
48 88 48 88
22 68 22 43 47 61 64 68
1 32 1 13 24 30 32
8 34 8 34
33 80 33 61 64 80
16 48 16 28 37 48
26 60 26 42 51 60
53 59 53 59
45 66 45 55 61 66
0 13 0 13
25 89 25 40 63 80 81 83 89
7 15 7 15
32 52 32 48 52
18 89 18 27 54 71 83 89
54 71 54 71
21 55 21 40 43 44 55
20 37 20 23 37
25 80 25 80
74 82 74 82
61 66 61 66
22 87 22 33 67 77 87
30 63 30 34 38 42 62 63
1 61 1 3 18 59 61
30 41 30 41
37 62 37 62
72 83 72 78 80 83
31 70 31 43 44 55 70
17 67 17 33 67
28 62 28 35 56 62
35 71 35 59 64 71
44 53 44 53
31 87 31 69 76 82 87
26 62 26 38 42 62
16 27 16 24 27
12 87 12 66 78 80 81 82 87
27 40 27 29 36 37 40
44 63 44 63
14 49 14 34 46 49
33 81 33 46 49 51 64 80 81
48 78 48 54 78
11 32 11 18 27 32
20 59 20 54 59
8 45 8 34 45
17 84 17 58 64 71 84
40 65 40 62 65
12 44 12 29 43 44
14 78 14 34 44 53 72 78
24 89 24 64 80 81 83 89
18 76 18 59 69 76
44 72 44 51 67 72
16 37 16 29 37
25 88 25 63 79 86 88
29 57 29 36 55 57
13 23 13 20 23
45 52 45 52
10 42 10 30 34 38 42
2 37 2 18 22 25 33 37
44 67 44 55 67
61 85 61 66 71 82 85
16 60 16 35 43 44 60
19 61 19 38 41 53 58 61
8 36 8 9 16 29 36
33 61 33 39 41 49 51 59 61
7 42 7 28 37 40 42
6 73 6 16 50 51 67 73
11 18 11 18
6 56 6 31 56
32 44 32 44
5 61 5 44 55 58 61
1 29 1 7 14 19 27 29
37 46 37 40 42 46
40 55 40 43 44 55
35 43 35 43
12 69 12 17 51 58 68 69
7 57 7 38 41 57
47 73 47 67 73
56 77 56 62 63 66 77
10 47 10 32 47
19 75 19 27 54 59 61 75
31 39 31 39
16 88 16 87 88
35 74 35 39 41 49 51 58 68 74
37 76 37 51 59 61 64 69 76
62 70 62 70
62 63 62 63
21 32 21 26 30 32
19 74 19 33 62 74
46 61 46 49 51 59 61
12 24 12 24
2 46 2 31 43 46
0 74 0 48 54 59 64 68 74
7 15 7 15
7 89 7 15 21 59 64 80 83 89
44 86 44 61 64 80 81 83 86
69 82 69 76 82
36 80 36 80
0 89 0 45 54 81 83 89
41 87 41 76 82 87
4 28 4 8 13 26 28
54 73 54 73
3 84 3 11 59 71 84
50 79 50 79
43 87 43 52 78 81 82 87
58 61 58 61
41 79 41 63 79
40 51 40 49 51
28 70 28 41 70
4 54 4 13 26 28 37 48 54
16 81 16 28 41 49 59 64 80 81
58 84 58 78 84
62 82 62 72 82
11 77 11 27 53 59 77
0 31 0 13 16 31
35 82 35 41 53 82
2 26 2 18 21 26
10 17 10 17
42 85 42 46 49 59 71 82 85
28 88 28 78 85 88
0 74 0 10 58 68 74
40 75 40 51 61 75
51 68 51 58 61 64 68
27 32 27 32
52 83 52 71 83
22 51 22 43 46 49 51
45 67 45 50 58 67
41 83 41 70 80 83
0 52 0 48 52
3 21 3 21
5 42 5 37 40 42
15 61 15 25 38 59 61
21 73 21 58 67 73
27 52 27 29 48 52
8 27 8 9 24 27
32 70 32 44 55 70
33 46 33 46
0 86 0 13 83 86
41 77 41 66 77
36 43 36 37 40 43
5 79 5 6 16 38 63 79
26 67 26 28 37 52 67
4 30 4 30
6 15 6 15
20 51 20 49 51
23 88 23 77 87 88
45 69 45 61 64 68 69
39 60 39 41 50 51 60
33 43 33 37 40 43
69 88 69 88
29 57 29 57
21 51 21 26 38 42 51
9 13 9 13
23 88 23 32 48 72 84 88
55 87 55 70 72 87
54 78 54 59 66 78
31 85 31 39 60 82 85
82 88 82 87 88
82 88 82 85 88
60 71 60 66 71
7 49 7 49
32 83 32 66 78 81 83
11 35 11 21 26 28 35
16 83 16 29 57 78 80 81 83
28 49 28 35 43 46 49
5 89 5 89
52 80 52 67 78 80
5 31 5 7 14 31
17 84 17 33 51 58 61 75 78 84
38 87 38 59 61 64 80 81 82 87
34 81 34 54 75 80 81
36 43 36 37 40 43
54 61 54 59 61
38 72 38 49 51 58 67 72
25 57 25 33 37 40 42 57
7 19 7 14 19
58 67 58 67
52 64 52 64
35 78 35 43 62 70 72 78
9 59 9 46 49 51 59
11 38 11 21 26 38
54 77 54 59 66 77
61 64 61 64
29 43 29 43
44 67 44 55 67
3 24 3 16 24
63 66 63 66
41 63 41 57 63
74 82 74 82
55 66 55 61 66
12 17 12 17
41 59 41 47 53 59
19 20 19 20
15 70 15 25 40 43 44 55 70
33 59 33 37 49 59
4 8 4 8
6 30 6 15 26 30
18 77 18 59 77
62 79 62 63 79
35 52 35 43 52
10 20 10 17 20
43 46 43 46
14 30 14 21 26 30
4 8 4 8
63 66 63 66
24 51 24 50 51
9 69 9 29 37 51 61 64 69
13 37 13 20 26 28 37
14 49 14 25 33 46 49
3 30 3 16 24 30
4 80 4 40 49 72 78 80
6 62 6 18 27 29 37 40 43 62
17 85 17 34 59 61 75 82 85
35 67 35 39 58 67
19 74 19 62 74
31 39 31 39
0 51 0 10 17 25 33 39 46 49 51
25 46 25 35 39 46
72 84 72 84
7 71 7 14 19 30 54 59 71
1 82 1 2 82
7 89 7 26 28 64 80 81 83 89
20 59 20 32 51 59
7 41 7 38 41
1 42 1 19 26 40 42
24 89 24 64 80 83 89
25 59 25 35 39 41 47 53 59
37 71 37 62 63 66 71
4 20 4 13 20
27 40 27 29 36 37 40
3 23 3 23
3 16 3 16
60 82 60 78 81 82
31 79 31 43 62 63 79
38 70 38 70
45 55 45 55
31 49 31 43 46 49
7 47 7 14 21 26 40 43 47
4 59 4 49 59
28 64 28 39 46 49 59 61 64
58 64 58 64
74 87 74 82 87
39 49 39 41 49
3 79 3 37 50 79
38 65 38 49 59 61 64 65
34 48 34 48
19 44 19 30 34 44
51 59 51 59
42 73 42 51 67 73
25 80 25 38 49 59 66 78 80
30 73 30 39 46 49 51 67 73
47 77 47 61 66 77
81 82 81 82
22 86 22 72 86
44 57 44 55 57
17 51 17 25 38 49 51
35 79 35 56 62 63 79
6 18 6 18
17 26 17 26
20 75 20 30 50 51 61 75
41 53 41 53
21 40 21 26 40
24 27 24 27
24 85 24 34 55 70 81 82 85
22 45 22 34 45
22 54 22 33 37 48 54
4 63 4 23 28 35 43 44 63
32 66 32 53 58 61 66
47 77 47 53 58 61 66 77
64 71 64 71
62 63 62 63
1 28 1 2 23 28
37 59 37 49 59
25 35 25 35
3 52 3 37 48 52
9 13 9 13
78 82 78 81 82
8 31 8 9 16 31
30 85 30 68 74 82 85
51 74 51 58 68 74
34 67 34 48 54 67
15 63 15 25 38 41 63
2 87 2 31 69 76 82 87
59 87 59 69 87
25 81 25 33 51 61 64 81
30 50 30 34 38 41 50
36 81 36 43 75 80 81
33 48 33 37 48
69 88 69 88
26 42 26 28 37 40 42
8 31 8 13 16 31
72 81 72 78 81
30 44 30 44
11 54 11 20 30 54
8 54 8 28 37 48 54
24 77 24 77
15 81 15 46 49 72 78 81
23 39 23 35 39
34 62 34 38 42 62
31 68 31 43 44 64 68
34 38 34 38
1 58 1 3 11 18 19 38 42 46 49 51 58
16 57 16 31 43 44 55 57
24 33 24 33
21 73 21 40 49 51 67 73
27 51 27 34 44 51
6 50 6 37 50
41 76 41 47 61 64 69 76
2 30 2 9 20 26 30
42 60 42 51 60
78 86 78 81 83 86
57 66 57 63 66
22 60 22 25 33 39 41 50 51 60
40 76 40 76
27 44 27 34 44
20 74 20 39 57 74
4 76 4 60 69 76
5 21 5 6 18 21
7 45 7 14 21 26 30 34 45
16 69 16 38 41 59 69
33 50 33 37 50
13 49 13 46 49
28 80 28 37 50 60 78 80
59 87 59 71 82 87
51 60 51 60
15 22 15 22
16 23 16 23
79 84 79 84
52 71 52 71
83 88 83 88
72 88 72 84 88
66 83 66 71 83
8 72 8 40 42 51 67 72
9 26 9 20 26
2 63 2 63
24 51 24 50 51
13 60 13 14 19 21 26 42 51 60
20 59 20 39 41 47 53 59
22 54 22 33 37 48 54
2 32 2 14 30 32
13 87 13 46 49 69 87
20 74 20 56 74
16 76 16 27 29 43 46 49 76
30 32 30 32
37 60 37 50 51 60
8 60 8 9 32 51 60
19 75 19 20 54 59 61 75
3 53 3 38 41 47 53
9 41 9 39 41
40 53 40 43 47 53
22 48 22 25 33 37 48
21 51 21 26 40 42 46 49 51
40 78 40 49 72 78
3 11 3 11
24 89 24 80 81 83 89
14 25 14 19 20 23 25
27 44 27 34 44
0 70 0 70
37 49 37 49
0 52 0 52
14 76 14 21 42 46 49 59 69 76
4 8 4 8
26 62 26 38 42 62
70 86 70 86
81 85 81 82 85
59 74 59 61 64 68 74
15 53 15 26 38 41 53
15 58 15 46 49 51 58
17 33 17 25 33
28 41 28 41
78 80 78 80
79 82 79 80 82
37 87 37 76 82 87
12 75 12 32 48 75
49 86 49 72 86
22 87 22 43 80 81 82 87
20 23 20 23
6 17 6 17
30 41 30 34 38 41
3 39 3 9 39
8 73 8 58 67 73
10 78 10 63 66 78
56 69 56 64 68 69
10 48 10 32 48
12 29 12 27 29
8 66 8 9 60 66
73 88 73 88
55 66 55 57 63 66
57 82 57 80 81 82
3 27 3 27
23 38 23 25 38
29 52 29 48 52
27 65 27 54 59 65
43 73 43 44 53 58 73
30 61 30 53 58 61
0 19 0 13 14 19
6 24 6 16 24
47 83 47 75 78 81 83
5 36 5 24 27 29 36
56 68 56 64 68
50 84 50 67 72 78 84
56 87 56 62 74 82 87
35 52 35 43 52
49 67 49 51 58 67
31 62 31 43 62
40 44 40 43 44
42 46 42 46
27 47 27 34 47
10 65 10 47 53 58 64 65
0 64 0 43 47 61 64
27 34 27 34
25 79 25 62 63 79
58 69 58 68 69
15 64 15 26 30 41 47 53 59 64
12 78 12 17 29 43 52 67 72 78
21 81 21 58 78 80 81
32 47 32 47
81 87 81 82 87
19 56 19 20 56
19 68 19 33 46 49 51 64 68
18 67 18 19 38 49 51 67
36 74 36 37 52 64 68 74
30 41 30 39 41
10 39 10 17 26 30 39
21 30 21 26 30
28 79 28 39 41 63 79
62 70 62 70
24 43 24 27 29 37 40 43
51 85 51 80 81 82 85
50 82 50 59 69 76 82
19 73 19 27 32 53 58 67 73
22 68 22 31 68
24 82 24 64 68 69 76 82
21 49 21 42 46 49
46 66 46 49 59 61 66
20 51 20 49 51
7 41 7 41
4 76 4 30 41 47 61 64 69 76
74 82 74 82
18 32 18 27 32
26 80 26 42 46 49 72 78 80
0 48 0 48
56 77 56 62 63 66 77
34 85 34 44 64 80 82 85
4 79 4 21 26 40 43 44 63 79
4 45 4 8 34 45
10 88 10 63 82 87 88
7 19 7 14 19
20 26 20 26
38 84 38 59 61 66 78 84
26 80 26 67 78 80
67 78 67 72 78
80 85 80 82 85
41 61 41 59 61
8 86 8 34 59 86
33 74 33 46 49 59 61 64 68 74
38 75 38 59 61 75
16 76 16 29 43 64 68 69 76
26 37 26 28 37
11 34 11 18 19 27 34
59 75 59 61 75
18 76 18 19 26 40 64 68 69 76
66 77 66 77
74 87 74 82 87
42 66 42 62 63 66
26 65 26 55 63 65
4 54 4 13 48 54
44 86 44 64 71 83 86
26 62 26 42 62
11 18 11 18
9 30 9 16 24 30
55 81 55 58 61 66 78 80 81
78 81 78 80 81
7 26 7 15 26
16 50 16 23 28 35 39 41 50
40 79 40 42 62 63 79
39 58 39 46 49 51 58
4 54 4 8 9 29 36 37 48 54
23 80 23 57 72 78 80
14 59 14 28 35 39 41 50 59
46 49 46 49
6 83 6 16 62 70 72 78 80 81 83
18 34 18 27 34
1 16 1 3 16
30 45 30 34 45
12 86 12 45 63 66 71 83 86
4 40 4 23 28 37 40
33 57 33 37 40 43 44 55 57
76 88 76 82 85 88
21 66 21 40 62 63 66
2 36 2 14 19 27 29 36
36 59 36 43 47 53 59
60 71 60 66 71
34 80 34 47 53 59 66 78 80
7 89 7 26 55 61 66 71 83 89
6 56 6 17 20 56
63 65 63 65
32 85 32 58 85
9 85 9 13 26 68 69 76 82 85
18 42 18 22 33 37 40 42
60 88 60 82 85 88
19 75 19 21 42 51 59 61 75
60 83 60 66 78 81 83
25 71 25 64 71
10 71 10 32 51 58 64 71
7 71 7 45 50 58 61 66 71
10 36 10 17 29 36
33 85 33 85
0 53 0 47 53
75 88 75 78 84 88
0 75 0 17 26 75
27 41 27 34 38 41
24 59 24 33 37 48 54 59
38 47 38 41 47
11 54 11 33 37 48 54
43 73 43 44 55 58 73
18 28 18 21 26 28
77 88 77 88
48 78 48 61 75 78
56 82 56 74 82
43 76 43 46 49 76
6 78 6 24 30 50 59 61 75 78
20 40 20 26 28 37 40
10 20 10 17 20
14 42 14 19 33 37 40 42
26 45 26 30 34 45
1 49 1 3 11 33 37 40 49
1 58 1 3 38 49 51 58
25 70 25 62 70
43 69 43 47 61 64 68 69
21 41 21 26 38 41
2 86 2 33 51 80 83 86
26 68 26 42 64 68
37 88 37 76 82 85 88
77 87 77 87
3 24 3 16 24
33 50 33 37 50
33 39 33 39
3 39 3 23 28 35 39
34 89 34 79 80 83 89
39 70 39 41 70
8 55 8 13 20 55
0 70 0 13 24 30 41 70
12 38 12 27 34 38
11 23 11 20 23
33 85 33 61 64 80 82 85
3 80 3 37 48 52 64 80
29 80 29 48 75 80
24 62 24 27 34 38 42 62
20 56 20 26 28 35 56
44 84 44 61 66 78 84
28 62 28 35 43 62
23 71 23 70 71
21 49 21 26 38 42 46 49
5 79 5 79
8 78 8 33 49 59 66 78
36 73 36 48 54 73
5 51 5 24 29 37 40 42 51
12 20 12 17 20
6 26 6 21 26
6 70 6 17 32 44 55 70
17 58 17 26 42 46 49 51 58
11 56 11 35 56
16 38 16 27 34 38
5 83 5 7 27 54 78 81 83
18 28 18 19 21 26 28
7 47 7 38 41 47
37 67 37 40 42 46 49 51 67
39 46 39 46
21 65 21 40 63 65
20 26 20 26
19 26 19 26
67 72 67 72
59 86 59 86
75 81 75 78 81
28 78 28 49 59 61 66 78
0 34 0 17 20 30 34
30 64 30 39 58 61 64
3 37 3 9 17 20 23 25 33 37
12 62 12 26 40 62
10 86 10 47 67 72 78 81 83 86
18 67 18 21 26 38 42 46 49 51 58 67
11 18 11 18
6 59 6 27 44 51 59
0 59 0 43 47 53 59
11 62 11 20 30 34 38 42 62
17 82 17 55 79 81 82
0 13 0 13
36 69 36 37 49 51 64 68 69
56 81 56 78 80 81
64 71 64 71
19 68 19 56 64 68
12 24 12 24
29 69 29 43 64 68 69
17 88 17 55 79 88
20 77 20 55 57 63 66 77
23 89 23 35 39 46 49 72 84 89
7 84 7 62 70 72 84
39 60 39 46 49 51 60
34 81 34 81
35 57 35 43 44 55 57
37 62 37 40 42 62
26 50 26 30 34 45 50
33 48 33 37 48
9 38 9 17 34 38
3 87 3 82 87
45 86 45 52 80 83 86
12 77 12 41 57 63 66 77
4 59 4 13 36 59
11 33 11 33
19 26 19 20 26
44 81 44 63 80 81
9 53 9 16 27 32 44 53
28 69 28 69
22 42 22 34 38 42
53 66 53 58 61 66
31 69 31 43 64 69
8 88 8 13 36 50 67 82 87 88
27 59 27 32 47 53 59
15 26 15 21 26
16 75 16 35 41 59 61 75
69 88 69 87 88
10 65 10 47 53 58 64 65
37 62 37 62
16 78 16 40 51 60 66 78
3 13 3 9 13
8 80 8 41 79 80
0 59 0 43 47 53 59
27 58 27 44 51 58
11 49 11 18 22 31 43 46 49
18 47 18 19 20 32 47
24 34 24 34
0 70 0 13 16 38 70
49 59 49 59
9 16 9 13 16
19 34 19 20 30 34
10 73 10 34 47 67 73
1 19 1 3 9 13 14 19
60 77 60 66 77
23 44 23 44
3 24 3 9 24
7 43 7 43
36 65 36 55 61 64 65
4 72 4 40 43 44 53 58 67 72
9 26 9 20 26
13 14 13 14
85 88 85 88
14 19 14 19
59 77 59 66 77
19 61 19 26 38 42 51 61
79 83 79 81 83
17 58 17 58
1 80 1 26 67 72 78 80
5 34 5 7 15 30 34
67 89 67 72 78 84 89
46 60 46 49 51 60
3 79 3 18 63 79
11 36 11 18 27 29 36
49 74 49 59 61 64 68 74
3 80 3 64 80
14 34 14 30 34
22 31 22 31
34 80 34 45 63 66 78 80
60 66 60 66
29 79 29 57 63 79
33 78 33 39 41 63 66 78
2 13 2 13
26 38 26 38
7 53 7 14 34 44 53
14 42 14 28 37 40 42
33 55 33 37 40 43 44 55
34 62 34 38 42 62
7 45 7 15 21 26 30 34 45
4 69 4 21 26 42 51 60 69
10 85 10 60 82 85
0 20 0 13 14 19 20
21 54 21 26 28 37 48 54
7 39 7 25 35 39
84 88 84 88
70 78 70 72 78
13 43 13 36 37 40 43
11 35 11 21 26 28 35
48 58 48 58
23 80 23 49 59 64 80
4 45 4 30 34 45
18 19 18 19
42 46 42 46
34 80 34 79 80
42 60 42 46 49 51 60
11 89 11 35 39 58 78 80 83 89
10 83 10 30 72 78 81 83
26 62 26 40 43 62
12 63 12 24 43 44 63
31 84 31 56 62 63 66 71 84
16 88 16 83 86 88
24 77 24 55 57 63 66 77
3 42 3 16 29 36 37 40 42
46 67 46 49 51 67
6 39 6 15 21 26 30 39
27 47 27 34 38 41 47
15 30 15 30
26 30 26 30
22 62 22 31 43 62
0 31 0 13 14 31
11 33 11 20 23 25 33
52 77 52 77
35 47 35 39 41 47
75 88 75 88
25 73 25 35 39 58 67 73
46 77 46 49 77
6 39 6 30 39
29 87 29 57 74 82 87
35 66 35 39 46 49 59 61 66
15 26 15 26
26 64 26 28 39 46 49 59 61 64
0 44 0 44
25 79 25 40 42 57 63 79
19 52 19 26 28 35 43 52
59 85 59 64 68 74 82 85
22 34 22 34
22 42 22 25 33 37 40 42
12 47 12 47
40 62 40 42 62
33 57 33 39 41 57
44 73 44 53 58 73
72 85 72 82 85
44 63 44 55 57 63
2 44 2 33 37 40 43 44
22 34 22 34
16 28 16 23 28
1 41 1 39 41
16 53 16 23 32 47 53
45 83 45 61 66 71 83
13 48 13 29 48
11 40 11 33 37 40
22 64 22 59 64
16 62 16 35 43 62
80 85 80 82 85
3 64 3 21 42 51 59 61 64
16 44 16 23 37 40 43 44
38 46 38 42 46
71 84 71 84
50 68 50 58 68
2 58 2 23 49 51 58
29 62 29 36 43 62
38 89 38 59 64 71 83 89
12 32 12 27 32
46 83 46 49 51 80 83
78 81 78 80 81
2 56 2 13 26 28 35 56
66 81 66 78 80 81
19 38 19 27 34 38
59 77 59 66 77
27 88 27 54 81 83 86 88
16 68 16 31 68
45 55 45 55
6 55 6 21 26 55
16 62 16 27 29 43 62
16 29 16 29
44 72 44 55 67 72
46 64 46 49 59 64
1 2 1 2
25 59 25 33 46 49 51 59
34 67 34 67
20 80 20 40 78 80
44 73 44 51 73
7 14 7 14
60 81 60 78 81
49 59 49 59
48 54 48 54
30 84 30 54 75 78 84
52 84 52 64 71 84
33 80 33 39 60 66 78 80
6 29 6 18 19 27 29
2 17 2 9 17
70 72 70 72
24 64 24 27 32 51 64
50 85 50 58 64 81 82 85
39 65 39 58 64 65
40 79 40 63 79
15 87 15 22 25 61 75 82 87
26 81 26 67 72 78 80 81
49 78 49 51 60 66 78
2 50 2 14 28 35 39 41 50
41 66 41 59 66
19 75 19 43 46 49 51 61 75
64 71 64 71
4 41 4 13 24 30 34 38 41
35 52 35 43 52
67 73 67 73
60 76 60 69 76
29 37 29 36 37
11 50 11 35 41 50
20 48 20 30 48
22 43 22 31 43
16 81 16 62 72 78 80 81
8 69 8 69
26 62 26 30 34 38 42 62
12 27 12 27
16 48 16 27 34 48
13 50 13 20 26 30 41 50
58 74 58 68 74
28 43 28 37 40 43
41 64 41 49 51 64
9 25 9 16 23 25
26 73 26 42 51 73
4 61 4 41 59 61
10 76 10 44 64 69 76
27 66 27 41 59 61 66
0 44 0 10 32 44
79 89 79 83 89
49 84 49 59 71 84
36 47 36 37 40 43 47
54 85 54 75 82 85
8 77 8 40 62 63 66 77
55 78 55 58 61 66 78
58 65 58 64 65
16 34 16 24 34
22 59 22 59
57 78 57 63 66 78
16 36 16 29 36
27 44 27 32 44
45 79 45 50 79
63 87 63 79 80 81 82 87
1 37 1 3 14 25 33 37
9 38 9 24 27 34 38
3 9 3 9
17 20 17 20
31 43 31 43
26 40 26 28 37 40
8 54 8 33 37 48 54
48 58 48 58
16 69 16 44 61 64 69
41 76 41 53 59 69 76
46 85 46 49 85
62 74 62 74
7 51 7 25 38 42 46 49 51
48 72 48 72
7 35 7 14 21 26 28 35
8 77 8 34 46 49 59 66 77
62 66 62 63 66
36 43 36 43
51 59 51 59
31 84 31 43 64 71 84
38 60 38 42 51 60
27 86 27 78 81 83 86
2 88 2 82 87 88
31 81 31 43 64 81
6 30 6 21 26 30
62 79 62 63 79
59 68 59 64 68
35 76 35 56 64 68 69 76
28 68 28 41 53 58 61 64 68
17 32 17 26 30 32
47 85 47 80 82 85
4 30 4 30
3 72 3 15 21 70 72
11 51 11 20 23 49 51
30 34 30 34
5 23 5 6 16 23
3 38 3 27 34 38
5 87 5 70 72 82 87
21 71 21 42 57 63 66 71
34 55 34 45 55
75 85 75 80 81 82 85
30 71 30 41 49 51 64 71
13 45 13 16 24 34 45
0 75 0 27 58 61 75
45 61 45 61
27 79 27 44 55 63 79
21 35 21 26 28 35
10 45 10 24 30 34 45
16 43 16 35 43
48 61 48 61
27 58 27 34 45 55 58
26 55 26 28 35 43 44 55
24 55 24 43 44 55
29 36 29 36
6 57 6 18 21 42 57
44 79 44 79
5 69 5 36 37 40 68 69
42 60 42 46 49 51 60
6 73 6 44 51 67 73
18 19 18 19
32 89 32 47 67 72 78 81 83 89
27 52 27 52
63 82 63 66 71 82
31 89 31 39 60 66 83 89
78 82 78 81 82
58 76 58 68 69 76
5 31 5 7 15 22 31
70 81 70 72 78 80 81
66 82 66 78 80 81 82
28 48 28 37 48
27 45 27 34 45
7 58 7 43 44 51 58
27 58 27 53 58
48 83 48 83
1 39 1 3 11 21 26 28 35 39
50 60 50 60
28 89 28 77 89
5 15 5 7 15
26 53 26 40 43 44 53
67 72 67 72
19 79 19 43 44 55 63 79
5 71 5 6 21 40 62 70 71
0 80 0 59 66 78 80
10 50 10 34 45 50
6 73 6 54 67 73
17 86 17 55 67 72 86
26 68 26 42 64 68
34 55 34 55
23 35 23 28 35
46 75 46 49 59 61 75
10 87 10 30 41 77 87
2 81 2 9 17 81
13 67 13 36 48 52 67
63 89 63 80 83 89
30 61 30 41 49 51 59 61
18 89 18 34 44 64 80 83 89
8 72 8 33 39 57 72
38 41 38 41
33 73 33 52 67 73
20 54 20 30 48 54
50 74 50 64 68 74
61 64 61 64
6 27 6 24 27
0 33 0 20 23 25 33
55 78 55 63 66 78
1 45 1 19 20 30 34 45
55 87 55 61 75 82 87
11 54 11 18 20 30 54
40 65 40 43 52 64 65
10 59 10 34 45 54 59
29 75 29 75
16 57 16 24 30 44 55 57
3 79 3 15 30 44 79
5 21 5 6 15 21
46 49 46 49
7 48 7 14 28 37 48
14 72 14 31 39 46 49 72
24 75 24 34 55 58 61 75
25 74 25 74
72 84 72 84
14 44 14 25 33 37 40 43 44
33 77 33 46 77
22 89 22 59 61 83 89
4 59 4 23 28 49 59
3 88 3 82 87 88
4 71 4 30 53 59 71
18 67 18 20 49 51 58 67
2 25 2 14 25
21 69 21 42 64 69
70 71 70 71
26 45 26 30 34 45
0 70 0 70
14 66 14 25 35 56 62 63 66
44 81 44 55 58 64 81
69 87 69 76 82 87
52 68 52 64 68
5 6 5 6
35 61 35 41 47 61
23 87 23 66 78 81 82 87
13 88 13 49 85 88
2 23 2 23
32 66 32 48 54 59 66
2 63 2 31 39 41 63
37 65 37 50 59 65
5 87 5 6 30 76 82 87
15 77 15 58 77
64 82 64 81 82
36 84 36 55 70 71 84
53 64 53 58 61 64
35 86 35 43 70 81 83 86
27 38 27 34 38
4 29 4 13 29
48 66 48 61 66
14 59 14 31 39 41 47 53 59
40 62 40 62
22 87 22 59 61 75 80 82 87
34 74 34 74
32 79 32 44 55 79
7 66 7 38 49 51 58 61 66
30 34 30 34
54 59 54 59
24 83 24 29 70 71 83
78 85 78 81 82 85
1 39 1 2 18 20 30 39
0 16 0 13 16
46 60 46 49 51 60
47 71 47 53 58 61 64 71
22 43 22 31 43
0 48 0 48
59 69 59 64 69
0 21 0 13 14 19 21
24 75 24 34 59 61 75
64 69 64 68 69
21 59 21 40 43 46 49 51 59
23 62 23 35 43 62
30 50 30 39 41 50
54 59 54 59
13 37 13 26 28 37
1 9 1 3 9
3 64 3 16 27 32 48 58 64
38 59 38 59
5 79 5 24 34 44 55 79
55 66 55 57 63 66
9 74 9 13 36 48 58 61 64 68 74
36 66 36 37 40 63 66
6 37 6 17 26 28 37
14 20 14 19 20
7 15 7 15
9 58 9 17 51 58
7 25 7 25
50 78 50 59 61 66 78
46 61 46 49 51 61
28 70 28 41 70
60 76 60 69 76
53 87 53 72 87
15 52 15 25 40 43 52
46 60 46 49 51 60
22 73 22 31 43 52 67 73
12 86 12 17 51 59 64 81 83 86
37 87 37 62 70 71 82 87
34 80 34 67 72 78 80
16 74 16 31 39 46 49 59 61 64 68 74
61 86 61 66 71 83 86
36 85 36 60 78 80 82 85
77 89 77 89
24 33 24 33
24 53 24 30 34 44 53
0 13 0 13
79 80 79 80
63 80 63 80
14 25 14 19 20 23 25
16 44 16 44
45 84 45 50 51 60 78 84
79 81 79 80 81
20 23 20 23
68 69 68 69
42 85 42 46 49 72 82 85
7 47 7 15 30 32 47
43 69 43 47 61 64 69
50 79 50 79
38 80 38 70 72 78 80
1 19 1 2 9 13 14 19
17 29 17 29
1 32 1 26 30 32
11 26 11 18 20 26
5 88 5 61 83 88
51 67 51 67
16 27 16 27
18 85 18 34 67 78 81 82 85
24 32 24 27 32
41 65 41 65
49 72 49 72
45 69 45 64 68 69
23 66 23 35 39 57 63 66
50 51 50 51
37 71 37 48 58 61 66 71
12 55 12 45 55
27 40 27 29 36 37 40
14 27 14 19 27
28 85 28 49 72 82 85
30 52 30 48 52
32 63 32 44 55 63
8 47 8 33 37 40 43 47
32 63 32 44 55 57 63
15 47 15 30 41 47
19 87 19 38 63 66 71 82 87
11 58 11 58
10 70 10 70
57 74 57 74
3 18 3 11 18
12 74 12 29 57 74
37 75 37 40 49 59 61 75
33 82 33 62 70 72 82
6 73 6 16 50 58 67 73
16 40 16 24 27 29 36 37 40
16 78 16 78
7 34 7 14 19 20 30 34
53 82 53 58 78 81 82
16 29 16 27 29
3 35 3 14 28 35
59 61 59 61
58 68 58 61 64 68
59 77 59 66 77
9 79 9 50 79
17 33 17 25 33
36 61 36 59 61
71 84 71 84
20 80 20 56 62 70 80
1 26 1 3 18 20 26
55 63 55 57 63
10 20 10 17 20
3 16 3 9 13 16
40 64 40 42 51 61 64
11 21 11 21
6 61 6 15 58 61
44 75 44 61 75
45 76 45 52 64 68 69 76
74 87 74 82 87
67 87 67 82 87
1 58 1 2 23 44 53 58
43 77 43 46 49 51 60 66 77
58 74 58 64 68 74
22 89 22 25 64 71 84 89
45 52 45 52
8 20 8 13 20
58 71 58 61 66 71
32 70 32 44 55 70
34 70 34 38 41 70
58 64 58 61 64
18 47 18 20 39 41 47
27 86 27 86
9 64 9 39 46 49 59 61 64
4 66 4 49 59 66
26 75 26 38 49 51 58 61 75
12 86 12 26 38 41 63 66 83 86
12 17 12 17
41 80 41 70 72 78 80
4 85 4 85
57 83 57 63 79 83
71 84 71 84
61 75 61 75
30 32 30 32
56 84 56 62 70 71 84
20 34 20 30 34
46 82 46 49 59 71 82
3 58 3 30 41 50 51 58
67 87 67 77 87
8 74 8 13 20 32 48 58 61 64 68 74
42 60 42 51 60
14 86 14 30 49 59 71 83 86
39 57 39 57
39 87 39 46 77 87
72 83 72 78 80 81 83
6 20 6 17 20
51 74 51 64 68 74
25 61 25 35 43 44 55 61
23 68 23 68
33 57 33 39 41 57
20 52 20 23 37 48 52
7 58 7 42 51 58
50 64 50 59 64
67 73 67 73
43 44 43 44
7 33 7 25 33
75 83 75 83
39 41 39 41
16 82 16 48 58 78 80 81 82
0 40 0 27 29 37 40
8 58 8 58
56 82 56 62 72 82
22 52 22 34 48 52
40 82 40 42 46 49 76 82
55 70 55 70
7 38 7 27 34 38
72 82 72 78 80 82
34 79 34 55 57 63 79
58 67 58 67
47 73 47 53 58 67 73
15 85 15 46 49 76 82 85
56 87 56 78 81 82 87
2 60 2 33 51 60
54 73 54 67 73
6 36 6 27 29 36
12 63 12 41 57 63
19 30 19 21 26 30
45 61 45 50 51 61
16 88 16 86 88
67 73 67 73
37 72 37 72
15 52 15 22 25 33 52
10 87 10 52 67 78 81 82 87
62 66 62 63 66
18 47 18 21 40 43 47
4 72 4 70 72
3 58 3 27 58
41 65 41 47 61 64 65
10 39 10 17 33 39
11 76 11 64 68 69 76
3 15 3 15
34 49 34 38 41 49
17 67 17 32 53 58 67
40 68 40 64 68
38 59 38 49 59
37 50 37 50
5 32 5 32
30 44 30 32 44
43 77 43 47 61 66 77
26 75 26 42 59 61 75
25 62 25 38 42 62
54 80 54 75 78 80
21 64 21 42 59 61 64
40 80 40 42 57 72 78 80
0 86 0 80 83 86
2 33 2 13 14 25 33
0 81 0 79 80 81
30 78 30 34 44 60 78
57 82 57 78 80 82
13 83 13 48 75 78 80 83
7 40 7 27 29 37 40
38 85 38 59 61 75 82 85
3 66 3 15 25 35 43 47 61 66
54 67 54 67
48 87 48 61 66 78 81 82 87
1 20 1 7 14 19 20
38 59 38 49 51 59
17 89 17 60 66 77 89
24 34 24 34
5 72 5 70 72
50 60 50 60
15 77 15 46 77
8 46 8 9 13 24 27 29 36 43 46
7 33 7 15 22 25 33
13 88 13 16 69 76 82 87 88
21 44 21 26 28 35 43 44
57 72 57 72
26 55 26 28 35 43 44 55
53 87 53 77 87
28 58 28 58
21 47 21 40 43 47
63 80 63 79 80
16 88 16 28 82 85 88
50 84 50 67 78 84
24 43 24 43
61 66 61 66
16 25 16 23 25
75 88 75 88
21 32 21 26 30 32
36 66 36 60 66
29 57 29 57
7 62 7 14 31 43 62
23 65 23 25 62 65
2 13 2 9 13
14 30 14 19 26 30
33 43 33 37 40 43
41 50 41 50
41 47 41 47
25 44 25 35 43 44
35 52 35 43 52
9 16 9 16
40 65 40 51 64 65
7 15 7 15
27 66 27 44 60 66
20 77 20 26 67 77
36 66 36 48 54 59 66
18 30 18 21 26 30
12 26 12 26
55 61 55 58 61
32 86 32 83 86
7 14 7 14
7 58 7 38 41 50 58
19 55 19 43 44 55
12 28 12 26 28
8 85 8 13 60 78 85
20 55 20 55
56 84 56 64 71 84
1 37 1 26 28 37
37 87 37 72 87
24 43 24 43
36 50 36 50
38 42 38 42
1 71 1 26 30 48 61 64 71
42 62 42 62
15 25 15 25
6 67 6 15 46 49 51 67
34 89 34 55 70 72 78 81 83 89
6 50 6 27 29 37 50
25 74 25 35 41 50 59 64 68 74
58 82 58 61 66 71 82
25 63 25 38 41 63
20 79 20 39 41 57 63 79
64 65 64 65
6 78 6 44 51 67 78
24 82 24 30 48 75 78 81 82
2 9 2 9
39 89 39 57 83 89
20 40 20 26 28 37 40
34 70 34 38 42 70
37 75 37 49 51 59 61 75
11 52 11 20 30 34 48 52
25 81 25 81
0 44 0 44
19 74 19 56 74
59 88 59 64 82 85 88
23 42 23 25 33 37 40 42
55 66 55 63 66
43 53 43 47 53
13 30 13 20 30
17 43 17 29 37 40 43
2 41 2 9 20 30 41
13 63 13 29 36 55 57 63
56 64 56 64
78 85 78 85
24 30 24 30
64 88 64 86 88
34 65 34 65
49 87 49 69 87
16 81 16 80 81
70 72 70 72
52 71 52 64 71
51 67 51 58 67
2 57 2 13 24 29 43 44 55 57
60 81 60 78 80 81
32 89 32 66 78 80 83 89
7 33 7 14 25 33
19 51 19 21 42 51
7 85 7 39 41 50 60 66 71 82 85
38 80 38 60 66 78 80
14 53 14 34 44 53
40 63 40 63
34 81 34 79 81
18 72 18 72
28 62 28 37 62
5 75 5 25 61 75
10 20 10 17 20
59 89 59 77 89
38 89 38 89
49 74 49 59 61 64 68 74
4 54 4 8 9 45 54
59 64 59 64
7 88 7 57 63 79 80 82 87 88
10 62 10 30 34 38 42 62
43 46 43 46
31 87 31 56 82 87
51 83 51 80 81 83
25 76 25 61 64 68 69 76
0 20 0 10 17 20
25 67 25 38 49 51 58 67
7 32 7 14 21 26 30 32
11 51 11 18 19 43 44 51
62 80 62 72 78 80
25 62 25 62
15 30 15 30
2 66 2 9 24 43 46 49 59 61 66
67 73 67 73
54 73 54 73
11 65 11 59 61 64 65
10 44 10 32 44
21 47 21 40 43 47
9 17 9 17
66 77 66 77
27 75 27 58 61 75
20 73 20 49 51 73
42 62 42 62
8 47 8 40 43 47
19 68 19 21 42 64 68
37 76 37 59 61 64 68 69 76
15 28 15 26 28
10 50 10 17 33 37 50
62 83 62 70 81 83
16 68 16 28 41 50 64 68
16 88 16 24 77 87 88
0 30 0 24 30
34 70 34 44 55 70
66 89 66 77 89
17 45 17 20 26 30 34 45
44 55 44 55
46 88 46 88
34 65 34 65
1 59 1 39 46 49 59
6 62 6 27 29 36 43 62
45 73 45 50 58 67 73
24 63 24 30 34 45 55 63
4 85 4 40 63 79 80 81 82 85
21 34 21 26 30 34
15 46 15 30 34 46
16 31 16 31
64 82 64 80 82
17 54 17 20 32 48 54
3 39 3 23 28 39
37 66 37 51 58 61 66
82 85 82 85
17 39 17 33 39
39 60 39 46 49 51 60
25 63 25 57 63
3 48 3 15 30 48
8 77 8 40 60 66 77
7 47 7 15 26 30 32 47
14 28 14 28
33 70 33 62 70
49 87 49 59 77 87
26 45 26 30 34 45
47 89 47 61 66 78 80 81 83 89
6 39 6 31 39
14 68 14 21 42 59 61 64 68
0 76 0 27 53 59 61 64 68 69 76
5 49 5 30 34 46 49
13 37 13 28 37
43 47 43 47
29 72 29 37 52 67 72
56 80 56 62 72 78 80
55 77 55 63 66 77
44 57 44 55 57
34 83 34 55 58 67 72 78 80 81 83
16 30 16 24 30
27 43 27 29 37 40 43
64 69 64 68 69
8 84 8 62 72 84
34 66 34 50 60 66
1 66 1 3 14 21 59 61 66
21 44 21 26 30 44
35 63 35 41 57 63
7 29 7 27 29
19 42 19 38 42
32 52 32 48 52
85 88 85 88
7 70 7 25 35 56 62 70
2 82 2 9 60 69 76 82
5 75 5 24 32 51 58 61 75
14 25 14 25
56 84 56 62 72 78 84
23 37 23 28 37
25 33 25 33
45 59 45 54 59
23 35 23 25 35
34 45 34 45
49 85 49 72 78 80 81 82 85
24 86 24 27 32 83 86
38 62 38 42 62
2 74 2 14 19 62 74
10 87 10 78 81 82 87
9 50 9 50
42 79 42 57 63 79
3 13 3 9 13
16 50 16 23 28 39 41 50
7 49 7 41 49
16 29 16 24 27 29
8 54 8 33 37 48 54
7 47 7 26 38 41 47
15 63 15 30 32 44 63
30 75 30 50 59 61 75
7 19 7 14 19
40 89 40 63 79 80 83 89
50 79 50 79
4 70 4 40 62 70
45 71 45 52 71
27 72 27 34 44 55 67 72
15 30 15 26 30
22 37 22 25 33 37
0 10 0 10
2 42 2 9 16 29 37 40 42
59 69 59 61 64 68 69
36 47 36 37 40 43 47
20 30 20 30
62 79 62 63 79
11 64 11 27 32 48 52 64
74 85 74 85
22 31 22 31
19 26 19 20 26
25 79 25 79
41 49 41 49
44 63 44 63
38 65 38 42 46 49 51 61 64 65
24 80 24 54 80
30 79 30 32 48 79
24 79 24 50 79
8 74 8 13 64 68 74
13 56 13 28 35 56
49 86 49 59 86
33 59 33 49 59
35 63 35 41 63
3 52 3 23 35 43 52
3 60 3 11 35 41 50 51 60
8 70 8 28 39 41 70
35 86 35 72 86
32 47 32 47
10 41 10 30 39 41
34 47 34 38 41 47
34 55 34 45 55
60 83 60 78 80 83
58 81 58 61 75 80 81
7 25 7 14 25
32 85 32 47 80 82 85
33 85 33 72 78 80 81 82 85
11 58 11 27 44 53 58
11 34 11 21 26 30 34
6 68 6 17 20 59 64 68
15 61 15 46 49 51 59 61
19 80 19 56 78 80
8 46 8 9 17 29 43 46
43 75 43 75
11 31 11 18 22 31
34 54 34 48 54
40 43 40 43
8 19 8 13 14 19
64 65 64 65
19 42 19 27 34 38 42
0 87 0 67 77 87
24 79 24 32 48 79
55 63 55 63
32 86 32 44 64 80 81 83 86
72 81 72 78 80 81
0 78 0 43 62 70 72 78
6 18 6 18
2 37 2 9 20 23 25 33 37
47 84 47 53 58 67 72 84
4 58 4 49 51 58
80 83 80 83
2 78 2 23 66 78
32 70 32 44 55 70
61 68 61 64 68
58 69 58 64 69
10 73 10 32 51 73
18 68 18 19 27 29 43 44 64 68
8 85 8 33 82 85
3 14 3 14
58 64 58 61 64
45 59 45 50 51 59
31 86 31 39 57 72 86
34 67 34 50 51 58 67
4 40 4 21 40
4 25 4 13 20 23 25
27 84 27 32 51 60 66 71 84
45 63 45 55 63
30 39 30 39
10 62 10 34 38 42 62
29 87 29 43 70 71 82 87
40 49 40 43 46 49
27 41 27 41
22 85 22 59 69 76 82 85
57 74 57 74
25 69 25 40 64 68 69
58 81 58 64 80 81
36 66 36 55 61 66
2 77 2 13 36 48 52 77
12 32 12 17 32
13 57 13 29 37 40 42 57
44 84 44 78 84
27 78 27 70 72 78
41 61 41 53 59 61
60 89 60 78 81 83 89
60 71 60 66 71
20 52 20 26 30 48 52
42 80 42 46 49 59 64 80
15 80 15 25 61 64 80
38 50 38 41 50
0 47 0 47
31 73 31 39 46 49 51 58 67 73
1 86 1 13 63 66 71 83 86
13 28 13 28
29 72 29 43 70 72
15 53 15 30 53
24 73 24 30 44 55 58 67 73
37 40 37 40
5 37 5 25 33 37
15 52 15 21 40 43 52
31 56 31 56
1 88 1 72 82 87 88
11 20 11 20
0 59 0 13 29 37 59
6 79 6 27 41 57 63 79
54 64 54 59 64
35 86 35 41 66 83 86
1 88 1 58 61 66 83 88
34 44 34 44
11 36 11 27 29 36
44 76 44 60 69 76
22 65 22 65
48 75 48 75
7 35 7 15 21 26 28 35
26 57 26 42 57
16 74 16 31 39 58 64 68 74
17 52 17 26 28 37 40 43 52
6 37 6 18 21 26 28 37
13 44 13 28 37 40 43 44
6 85 6 24 54 78 85
16 83 16 40 78 80 81 83
2 68 2 23 25 61 64 68
44 57 44 55 57
10 34 10 34
53 66 53 58 61 66
8 41 8 41
8 88 8 9 16 50 59 64 69 88
22 59 22 59
0 21 0 13 14 19 21
50 82 50 67 78 80 82
3 21 3 21
15 46 15 46
6 62 6 31 43 62
20 39 20 39
34 41 34 38 41
4 63 4 13 29 57 63
10 20 10 17 20
42 71 42 51 59 71
1 19 1 19
23 81 23 28 64 81
40 78 40 62 72 78
19 68 19 20 23 35 41 53 58 64 68
18 72 18 27 53 58 67 72
3 13 3 9 13
64 80 64 80
36 49 36 43 46 49
6 34 6 21 26 30 34
9 17 9 17
15 63 15 21 26 42 62 63
43 78 43 75 78
21 57 21 26 42 57
8 34 8 9 16 27 34
40 43 40 43
14 33 14 25 33
70 82 70 80 81 82
48 76 48 54 59 69 76
23 76 23 25 69 76
11 61 11 58 61
48 71 48 61 64 71
59 85 59 66 71 82 85
8 69 8 34 59 64 68 69
11 70 11 20 56 62 70
33 73 33 46 49 51 73
28 57 28 41 57
10 79 10 48 79
18 76 18 21 26 30 53 58 68 69 76
40 88 40 82 87 88
16 83 16 80 81 83
25 46 25 33 46
23 70 23 55 70
17 43 17 26 40 43
37 60 37 50 51 60
33 73 33 39 46 49 51 73
71 88 71 88
9 16 9 13 16
35 50 35 41 50
22 88 22 60 82 85 88
7 71 7 33 37 49 51 60 66 71
10 71 10 44 51 60 66 71
17 52 17 34 48 52
30 78 30 72 78
40 86 40 60 86
9 25 9 17 25
34 78 34 38 42 57 78
54 81 54 78 80 81
33 67 33 52 67
30 32 30 32
25 54 25 33 37 48 54
37 49 37 40 49
86 88 86 88
54 76 54 59 61 64 69 76
39 49 39 46 49
52 72 52 67 72
15 25 15 25
55 70 55 70
14 86 14 28 41 79 86
36 84 36 37 72 78 84
8 72 8 28 35 43 52 67 72
61 74 61 64 68 74
27 86 27 78 81 83 86
18 63 18 22 62 63
12 69 12 60 69
28 72 28 39 58 67 72
0 20 0 20
24 59 24 54 59
55 77 55 63 66 77
40 55 40 43 44 55
42 51 42 51
25 49 25 40 43 46 49
13 14 13 14
29 70 29 36 37 62 70
22 60 22 43 44 51 60
48 54 48 54
17 43 17 26 28 35 43
15 30 15 30
11 18 11 18
5 35 5 6 16 35
64 71 64 71
7 28 7 14 21 26 28
43 84 43 64 71 84
23 57 23 25 33 39 41 57
48 79 48 79
34 70 34 55 70
5 69 5 30 53 58 64 69
55 86 55 67 72 78 81 83 86
18 83 18 34 67 78 81 83
34 55 34 55
16 53 16 24 43 47 53
14 41 14 19 38 41
38 73 38 42 51 58 73
5 44 5 30 44
18 61 18 59 61
31 43 31 43
18 46 18 21 40 43 46
48 80 48 52 67 78 80
27 29 27 29
75 81 75 80 81
25 73 25 40 43 46 49 51 73
42 46 42 46
17 37 17 20 26 28 37
38 60 38 42 51 60
0 59 0 27 34 46 49 51 59
27 70 27 32 44 55 70
18 42 18 21 42
24 63 24 55 57 63
13 76 13 29 36 48 54 59 61 64 68 69 76
10 60 10 30 32 44 51 60
27 70 27 44 55 70
33 81 33 72 78 80 81
16 53 16 35 41 53
0 16 0 13 16
34 49 34 38 42 46 49
58 83 58 67 72 78 81 83
3 22 3 15 22
29 75 29 37 51 59 61 75
39 60 39 41 49 51 60
27 59 27 41 47 53 59
25 74 25 38 59 61 64 68 74
1 41 1 2 14 30 41
18 35 18 22 25 35
23 28 23 28
3 49 3 14 25 35 41 49
0 67 0 27 58 67
30 45 30 34 45
29 47 29 36 37 40 43 47
60 69 60 69
15 47 15 25 40 43 47
41 68 41 59 64 68
8 75 8 33 51 58 61 75
70 82 70 81 82
50 73 50 58 73
50 84 50 59 64 71 84
8 37 8 9 20 23 37
49 58 49 51 58
1 59 1 19 26 30 50 59
12 73 12 24 55 58 73
3 42 3 27 29 36 37 40 42
45 55 45 55
4 56 4 21 26 28 35 56
32 70 32 44 55 70
3 64 3 21 58 61 64
42 85 42 64 80 82 85
7 15 7 15
15 69 15 46 49 51 58 64 68 69
5 67 5 6 44 51 58 67
19 34 19 20 30 34
66 71 66 71
37 72 37 48 72
28 42 28 37 40 42
15 28 15 21 26 28
11 18 11 18
35 41 35 39 41
25 83 25 57 72 78 80 81 83
37 80 37 50 64 80
49 60 49 51 60
23 57 23 28 39 41 57
24 55 24 32 44 55
44 85 44 60 82 85
7 40 7 14 21 26 40
59 84 59 61 75 78 84
22 62 22 33 37 62
30 41 30 34 38 41
13 85 13 24 33 52 78 80 82 85
39 70 39 41 70
7 74 7 41 68 74
54 81 54 80 81
23 32 23 32
56 71 56 64 71
21 71 21 26 40 51 61 64 71
55 67 55 67
29 80 29 80
79 82 79 81 82
10 83 10 24 83
11 59 11 21 40 43 46 49 51 59
24 64 24 54 59 64
45 66 45 63 66
30 39 30 39
54 78 54 72 78
45 81 45 55 63 79 81
8 65 8 41 50 59 61 64 65
81 87 81 82 87
17 74 17 34 45 64 68 74
25 46 25 35 43 46
4 72 4 13 48 72
6 78 6 62 70 72 78
59 77 59 66 77
15 63 15 21 40 43 44 63
5 80 5 37 51 67 78 80
19 48 19 30 48
19 85 19 33 61 64 82 85
48 68 48 58 64 68
28 51 28 46 49 51
79 84 79 84
17 52 17 20 40 43 52
33 59 33 46 49 51 59
36 71 36 55 70 71
54 83 54 59 71 83
1 45 1 13 14 19 21 26 30 34 45
10 36 10 24 29 36
53 88 53 77 88
27 45 27 34 45
29 80 29 70 80
49 85 49 85
58 72 58 67 72
19 46 19 30 39 46
12 63 12 27 41 57 63
3 39 3 16 24 33 39
52 64 52 64
7 14 7 14
22 78 22 62 63 66 78
3 54 3 30 48 54
24 55 24 27 29 43 44 55
19 55 19 26 40 43 44 55
16 73 16 35 39 41 73
39 66 39 60 66
27 68 27 53 59 61 64 68
6 88 6 40 63 80 81 83 86 88
4 25 4 8 9 17 25
33 57 33 39 57
36 80 36 60 66 78 80
84 89 84 89
53 77 53 58 67 77
7 15 7 15
38 53 38 41 47 53
12 26 12 17 20 26
36 76 36 60 69 76
28 77 28 39 46 77
19 43 19 27 29 43
2 50 2 31 39 41 50
17 74 17 58 68 74
5 33 5 6 15 25 33
28 59 28 41 53 59
58 77 58 61 66 77
34 52 34 45 52
27 76 27 52 64 68 69 76
29 48 29 48
16 34 16 27 34
30 65 30 48 58 64 65
73 88 73 88
24 80 24 30 80
69 76 69 76
4 14 4 13 14
33 70 33 39 41 70
59 75 59 61 75
8 37 8 28 37
66 82 66 71 82
9 46 9 24 30 39 46
57 81 57 78 80 81
35 59 35 41 47 53 59
16 48 16 48
53 82 53 80 82
40 81 40 51 61 66 78 80 81
11 37 11 18 27 29 36 37
30 75 30 50 58 61 75
31 87 31 68 69 87
33 76 33 37 51 60 69 76
53 89 53 84 89
32 71 32 71
8 34 8 34
3 58 3 21 42 46 49 51 58
67 89 67 72 84 89
0 30 0 24 30
34 41 34 38 41
6 85 6 21 40 62 72 78 81 82 85
31 62 31 56 62
53 77 53 77
5 15 5 7 15
20 73 20 26 67 73
7 65 7 32 44 63 65
28 43 28 35 43
64 65 64 65
19 21 19 21
37 70 37 40 62 70
19 80 19 33 61 75 78 80
42 71 42 64 71
45 70 45 70
51 75 51 61 75
27 60 27 44 60
2 76 2 23 55 58 64 69 76
7 27 7 27
18 38 18 20 26 38
80 85 80 82 85
11 21 11 21
38 47 38 41 47
16 69 16 40 64 68 69
11 61 11 35 41 47 53 59 61
39 58 39 46 49 51 58
1 80 1 78 80
0 47 0 27 41 47
34 78 34 48 61 66 78
58 65 58 64 65
2 72 2 33 72
14 19 14 19
0 51 0 43 46 49 51
5 80 5 79 80
2 51 2 18 19 38 42 51
55 81 55 58 61 66 78 80 81
53 65 53 58 61 64 65
46 66 46 49 59 66
48 88 48 52 86 88
43 55 43 44 55
12 72 12 24 43 44 55 58 67 72
13 16 13 16
8 83 8 28 58 67 72 78 80 83
41 64 41 59 61 64
52 82 52 78 80 82
6 34 6 21 26 30 34
61 86 61 83 86
2 63 2 56 62 63
13 14 13 14
22 75 22 31 43 75
0 53 0 47 53
34 79 34 79
49 84 49 72 84
9 37 9 16 24 29 36 37
41 81 41 78 80 81
63 80 63 66 78 80
28 35 28 35
60 77 60 66 77
72 87 72 78 81 82 87
7 35 7 25 35
29 57 29 43 44 55 57
25 71 25 40 51 60 66 71
34 53 34 38 41 47 53
28 80 28 35 43 80
4 68 4 8 58 68
14 58 14 21 40 43 46 49 51 58
11 65 11 64 65
4 20 4 8 13 20
24 51 24 50 51
16 81 16 23 79 80 81
43 68 43 46 49 59 64 68
44 72 44 53 72
40 79 40 43 44 55 57 63 79
33 79 33 39 57 63 79
23 84 23 35 59 64 71 84
8 66 8 28 37 40 63 66
29 52 29 37 40 43 52
43 77 43 46 77
69 82 69 76 82
45 73 45 55 67 73
27 59 27 44 51 59
7 57 7 57
3 51 3 38 41 49 51
11 67 11 21 26 28 49 51 67
21 88 21 58 73 88
46 85 46 49 85
44 86 44 51 80 83 86
26 85 26 42 64 80 82 85
20 68 20 23 49 51 58 64 68
45 81 45 75 80 81
54 67 54 67
33 41 33 39 41
7 19 7 14 19
36 50 36 50
33 78 33 51 59 61 75 78
17 52 17 26 30 34 48 52
20 49 20 49
11 40 11 18 27 29 36 37 40
45 73 45 50 51 58 67 73
10 51 10 34 46 49 51
11 54 11 21 26 30 32 48 54
31 56 31 56
22 37 22 25 33 37
48 75 48 58 61 75
54 77 54 67 77
11 27 11 27
13 56 13 16 31 56
70 80 70 80
16 40 16 23 28 37 40
6 24 6 16 24
38 80 38 49 59 61 64 80
14 52 14 34 48 52
54 64 54 59 64
10 89 10 58 67 72 84 89
6 56 6 31 56
15 46 15 21 40 42 46
40 82 40 64 69 76 82
86 88 86 88
7 73 7 32 48 54 67 73
22 34 22 34
1 7 1 7
55 63 55 63
33 49 33 39 41 49
8 46 8 33 46
50 59 50 51 59
67 77 67 77
31 61 31 39 46 49 59 61
5 67 5 6 17 34 50 51 67
7 66 7 26 40 60 66
75 78 75 78
53 67 53 58 67
49 60 49 51 60
15 69 15 69
15 22 15 22
23 35 23 35
25 59 25 35 59
18 37 18 20 26 28 37
7 33 7 14 25 33
37 80 37 40 62 72 78 80
9 25 9 20 23 25
11 18 11 18
47 75 47 75
14 44 14 28 35 43 44
28 43 28 35 43
23 82 23 79 80 82
21 34 21 26 30 34
62 72 62 70 72
79 83 79 83
18 74 18 19 33 61 64 68 74
9 13 9 13
27 63 27 41 63
14 49 14 34 46 49
1 3 1 3
22 49 22 33 37 40 43 46 49
6 54 6 54
63 80 63 66 78 80
26 85 26 67 72 82 85
11 59 11 33 37 51 59
56 62 56 62
12 47 12 29 43 47
32 83 32 71 83
60 78 60 66 78
33 76 33 64 69 76
63 66 63 66
13 68 13 24 52 64 68
37 65 37 48 54 59 65
12 76 12 27 58 68 69 76
2 44 2 18 22 34 44
61 74 61 64 68 74
66 83 66 83
15 77 15 22 25 33 39 41 53 58 61 66 77
15 64 15 58 61 64
9 66 9 32 44 55 61 66
23 33 23 25 33
4 77 4 60 66 77
17 88 17 60 78 84 88
35 41 35 41
11 21 11 21
52 83 52 67 72 78 81 83
33 39 33 39
39 84 39 41 50 67 72 84
46 67 46 49 51 58 67
42 79 42 57 63 79
15 53 15 30 41 53
44 81 44 55 79 81
63 81 63 66 78 80 81
35 43 35 43
62 63 62 63
15 30 15 30
23 86 23 35 72 86
16 80 16 35 41 49 72 78 80
59 64 59 64
11 25 11 20 23 25
3 48 3 15 25 33 37 48
13 20 13 14 19 20
82 88 82 87 88
11 32 11 18 21 26 30 32
10 39 10 30 39
1 19 1 19
51 68 51 58 68
0 71 0 10 32 47 53 58 64 71
24 42 24 34 38 42
1 54 1 19 30 54
26 50 26 28 39 41 50
34 65 34 65
28 57 28 41 57
72 84 72 84
43 76 43 46 49 76
8 78 8 33 46 49 51 67 78
6 79 6 17 20 23 55 79
9 59 9 16 28 35 39 46 49 59
37 71 37 48 61 66 71
32 58 32 44 55 58
3 14 3 14
17 55 17 55
18 74 18 19 21 58 68 74
4 25 4 23 25
10 74 10 58 61 64 68 74
28 70 28 41 70
80 82 80 81 82
13 70 13 36 55 70
8 43 8 40 43
8 9 8 9
19 26 19 20 26
17 26 17 26
11 46 11 33 37 40 43 46
53 58 53 58
45 86 45 64 86
19 48 19 30 48
28 85 28 58 61 75 78 80 82 85
8 60 8 13 60
13 30 13 26 30
66 71 66 71
8 85 8 41 76 82 85
13 32 13 20 23 32
0 37 0 17 20 26 28 37
11 40 11 21 26 40
38 87 38 41 68 69 87
32 52 32 48 52
25 48 25 33 37 48
17 33 17 33
50 64 50 51 59 61 64
21 70 21 26 30 32 44 55 70
9 40 9 29 36 37 40
18 22 18 22
6 58 6 30 44 51 58
18 49 18 34 38 49
19 82 19 30 48 58 67 82
33 67 33 49 51 67
16 33 16 24 33
61 88 61 83 88
61 88 61 88
2 56 2 14 31 56
14 31 14 31
25 44 25 40 43 44
30 32 30 32
40 60 40 60
10 54 10 32 48 54
53 86 53 59 71 83 86
54 71 54 59 64 71
20 73 20 30 49 51 58 73
56 78 56 78
25 69 25 35 39 58 64 68 69
17 42 17 29 36 37 40 42
42 49 42 46 49
6 74 6 54 59 64 68 74
1 9 1 2 9
45 86 45 67 78 80 83 86
56 62 56 62
8 77 8 9 62 63 66 77
14 48 14 19 27 34 48
2 88 2 72 82 85 88
12 27 12 27
28 76 28 41 53 58 64 69 76
20 85 20 56 74 82 85
29 77 29 48 61 66 77
20 76 20 30 44 60 69 76
9 17 9 17
58 83 58 78 80 83
22 50 22 34 50
26 86 26 80 81 83 86
13 77 13 20 26 55 57 63 66 77
60 82 60 78 80 81 82
63 65 63 65
20 82 20 23 66 78 80 81 82
26 28 26 28
58 76 58 64 68 69 76
5 25 5 6 16 23 25
40 81 40 51 58 61 64 80 81
59 87 59 69 87
22 65 22 59 61 64 65
0 37 0 13 26 28 37
58 71 58 61 64 71
2 37 2 13 29 36 37
45 79 45 55 79
47 72 47 67 72
41 63 41 63
8 36 8 9 24 27 29 36
1 83 1 39 57 78 81 83
14 58 14 31 43 46 49 51 58
18 85 18 21 59 71 82 85
50 73 50 58 67 73
1 18 1 2 18
13 76 13 64 68 69 76
24 79 24 33 37 50 79
18 79 18 63 79
39 66 39 58 61 66
5 22 5 7 15 22
15 31 15 22 31
32 51 32 44 51
10 88 10 58 73 88
5 57 5 25 35 41 57
3 80 3 58 61 75 78 80
21 32 21 26 30 32
58 89 58 78 84 89
7 49 7 43 46 49
17 37 17 25 33 37
29 66 29 43 47 53 59 61 66
11 64 11 59 64
47 85 47 80 81 82 85
24 34 24 27 34
1 39 1 13 26 30 39
0 49 0 43 46 49
57 82 57 74 82
4 44 4 40 43 44
57 83 57 80 81 83
39 69 39 60 69
63 88 63 79 88
80 89 80 81 83 89
43 77 43 47 67 77
1 28 1 19 26 28
47 58 47 53 58
33 55 33 37 40 43 44 55
58 81 58 78 80 81
11 20 11 20
20 81 20 32 66 78 80 81
1 53 1 26 40 43 47 53
30 57 30 44 55 57
4 20 4 13 14 19 20
67 77 67 77
58 77 58 67 77
67 73 67 73
50 73 50 51 67 73
11 23 11 18 19 20 23
41 72 41 70 72
29 55 29 37 40 43 44 55
27 47 27 34 38 41 47
8 73 8 58 67 73
52 80 52 67 72 78 80
40 49 40 49
20 76 20 32 51 61 64 69 76
28 37 28 37
12 74 12 37 48 58 64 68 74
63 78 63 66 78
47 58 47 53 58
56 78 56 78
47 81 47 80 81
77 89 77 89
44 61 44 51 61
38 72 38 49 72
43 64 43 64
47 77 47 67 77
1 32 1 26 30 32
11 35 11 20 23 28 35
25 89 25 57 83 89
19 46 19 38 42 46
10 54 10 48 54
7 29 7 14 19 27 29
6 60 6 27 34 38 42 46 49 51 60
20 39 20 23 28 39
55 61 55 58 61
6 80 6 40 64 80
38 77 38 63 66 77
27 57 27 29 37 40 43 44 55 57
16 83 16 62 72 78 81 83
19 59 19 21 42 46 49 59
56 71 56 62 63 66 71
54 75 54 59 61 75
27 54 27 54
13 28 13 26 28
45 79 45 63 79
29 36 29 36
46 88 46 88
37 59 37 59
28 89 28 35 39 41 78 84 89
2 37 2 13 29 37
78 85 78 85
18 31 18 22 31
3 9 3 9
5 71 5 33 61 66 71
5 7 5 7
34 45 34 45
20 34 20 26 30 34
45 79 45 57 63 79
33 53 33 39 41 47 53
6 31 6 16 31
24 82 24 34 48 75 78 80 82
30 69 30 50 64 68 69
8 80 8 9 39 41 72 78 80
75 81 75 80 81
44 75 44 61 75
23 41 23 35 41
30 34 30 34
58 87 58 78 81 82 87
1 74 1 68 74
40 49 40 42 46 49
19 69 19 20 39 46 49 51 60 69
9 45 9 45
4 30 4 30
38 47 38 41 47
57 86 57 83 86
13 60 13 49 51 60
63 79 63 79
14 53 14 30 41 47 53
26 76 26 76
19 49 19 20 49
7 89 7 45 55 84 89
21 57 21 42 57
18 47 18 27 32 47
60 89 60 78 84 89
60 86 60 78 81 83 86
21 43 21 26 28 35 43
34 64 34 47 53 58 64
18 28 18 19 21 26 28
35 56 35 56
41 73 41 47 67 73
44 85 44 64 82 85
47 53 47 53
2 87 2 33 72 82 87
43 64 43 52 64
70 80 70 80
26 67 26 55 58 67
7 41 7 38 41
30 58 30 53 58
9 64 9 24 33 49 59 64
10 65 10 34 59 61 64 65
64 82 64 68 74 82
12 60 12 60
23 79 23 25 62 63 79
57 66 57 63 66
8 58 8 34 46 49 51 58
6 56 6 16 35 56
32 64 32 53 58 64
15 69 15 58 64 69
19 70 19 62 70
33 53 33 39 41 53
16 40 16 27 29 37 40
27 59 27 54 59
26 45 26 30 34 45
57 80 57 78 80
12 20 12 17 20
21 41 21 26 30 39 41
33 46 33 37 40 42 46
56 84 56 64 71 84
78 80 78 80
47 58 47 53 58
57 81 57 80 81
27 38 27 34 38
6 29 6 18 19 27 29
63 66 63 66
34 59 34 45 54 59
34 63 34 45 57 63
34 64 34 38 49 51 64
9 74 9 45 52 64 68 74
34 54 34 54
83 86 83 86
12 55 12 37 40 43 44 55
19 52 19 33 37 40 43 52
5 44 5 6 24 43 44
55 67 55 58 67
47 83 47 53 80 81 83
35 64 35 59 61 64
6 68 6 40 64 68
10 58 10 44 53 58
12 69 12 45 52 64 68 69
60 87 60 66 77 87
58 89 58 61 75 83 89
30 85 30 44 63 80 81 82 85
24 85 24 30 44 81 82 85
58 64 58 61 64
71 85 71 82 85
33 39 33 39
74 87 74 82 87
1 54 1 2 14 19 26 30 54
0 80 0 17 25 63 80
36 60 36 43 44 51 60
17 69 17 20 40 68 69
45 64 45 55 61 64
57 72 57 72
1 35 1 2 9 17 20 26 28 35
41 87 41 66 78 81 82 87
76 88 76 82 87 88
49 86 49 72 78 80 83 86
15 81 15 58 78 80 81
50 85 50 60 82 85
53 86 53 59 86
47 84 47 67 78 84
42 85 42 62 74 85
20 30 20 30
37 67 37 49 51 58 67
30 80 30 49 72 78 80
43 80 43 44 51 80
57 82 57 82
1 71 1 3 21 26 55 58 61 64 71
18 83 18 72 78 81 83
13 50 13 24 27 41 50
2 60 2 14 19 26 42 46 49 51 60
0 34 0 10 34
9 50 9 45 50
24 89 24 71 84 89
2 33 2 23 25 33
72 84 72 84
15 81 15 46 49 51 61 64 80 81
5 63 5 24 34 44 55 57 63
41 64 41 47 61 64
54 78 54 75 78
27 52 27 52
4 23 4 23
34 83 34 38 60 78 80 81 83
4 63 4 41 57 63
54 83 54 71 83
9 71 9 17 32 53 59 64 71
57 78 57 63 66 78
20 23 20 23
4 80 4 23 78 80
7 49 7 49
7 26 7 14 19 21 26
27 76 27 52 64 69 76
76 88 76 82 85 88
32 47 32 47
49 77 49 51 59 77
37 63 37 40 63
46 74 46 49 51 58 61 64 68 74
4 38 4 8 13 24 30 34 38
17 52 17 25 40 43 52
26 45 26 30 34 45
54 64 54 59 61 64
33 77 33 46 77
19 73 19 38 41 49 51 58 67 73
14 78 14 19 27 53 59 66 78
2 65 2 18 34 55 61 64 65
53 58 53 58
59 85 59 61 75 80 81 82 85
21 71 21 26 55 61 64 71
28 51 28 46 49 51
4 66 4 30 44 63 66
0 80 0 70 72 78 80
17 60 17 26 30 44 51 60
34 49 34 38 42 46 49
25 40 25 33 37 40
23 76 23 68 69 76
58 84 58 61 66 78 84
24 82 24 43 46 49 76 82
69 76 69 76
39 89 39 60 66 78 81 83 89
20 75 20 39 41 50 58 61 75
14 25 14 25
21 34 21 26 30 34
30 49 30 34 38 41 49
16 53 16 40 43 47 53
27 88 27 88
75 83 75 83
28 41 28 35 39 41
61 83 61 75 78 80 81 83
54 61 54 59 61
20 40 20 40
5 21 5 6 21
29 52 29 48 52
4 78 4 8 33 37 50 58 67 78
23 75 23 32 44 61 75
80 83 80 81 83
70 78 70 72 78
59 82 59 71 82
23 64 23 35 56 64
27 47 27 32 47
6 71 6 21 70 71
2 81 2 78 80 81
19 78 19 21 42 46 49 72 78
27 40 27 29 36 37 40
45 54 45 54
26 39 26 30 39
20 86 20 49 72 86
36 84 36 48 75 78 84
22 68 22 34 50 58 61 64 68
53 86 53 72 86
50 74 50 51 74
25 56 25 35 56
39 79 39 57 63 79
27 79 27 79
1 37 1 37
33 67 33 49 51 67
54 69 54 59 64 68 69
64 80 64 80
6 86 6 30 34 48 79 81 83 86
31 57 31 39 41 57
45 57 45 57
41 85 41 76 82 85
72 85 72 78 85
3 29 3 9 17 29
12 44 12 17 32 44
70 81 70 81
41 66 41 57 63 66
4 71 4 70 71
34 65 34 44 64 65
36 43 36 37 40 43
33 70 33 62 70
2 9 2 9
34 41 34 38 41
35 41 35 41
27 59 27 32 53 59
44 76 44 64 69 76
67 87 67 78 80 81 82 87
21 64 21 40 64
38 73 38 42 46 49 51 58 67 73
77 89 77 89
1 2 1 2
20 76 20 40 76
42 87 42 70 72 78 80 81 82 87
27 70 27 70
4 52 4 23 35 43 52
4 85 4 74 82 85
27 38 27 34 38
45 57 45 55 57
29 53 29 43 47 53
11 38 11 18 21 26 38
68 69 68 69
31 69 31 39 46 49 59 69
12 38 12 26 38
52 77 52 67 77
32 64 32 53 58 64
27 53 27 34 44 53
36 65 36 59 64 65
7 47 7 29 36 43 47
0 30 0 13 14 19 21 26 30
4 41 4 13 16 35 41
14 42 14 42
8 36 8 13 14 19 27 29 36
44 74 44 64 68 74
26 84 26 40 63 66 78 84
12 24 12 24
48 80 48 72 78 80
21 65 21 40 64 65
5 57 5 37 40 42 57
57 80 57 63 80
2 44 2 31 43 44
30 57 30 39 41 57
15 53 15 22 31 43 47 53
60 78 60 66 78
13 49 13 29 36 37 49
33 50 33 39 41 50
6 34 6 27 34
3 82 3 82
45 86 45 54 80 83 86
38 87 38 70 71 82 87
50 74 50 64 68 74
33 85 33 82 85
42 71 42 59 66 71
44 63 44 63
53 81 53 72 78 80 81
64 80 64 80
28 61 28 58 61
30 58 30 48 58
11 68 11 21 58 64 68
30 80 30 72 78 80
30 83 30 53 58 64 81 83
53 77 53 77
23 28 23 28
18 63 18 21 42 57 63
47 77 47 77
13 67 13 29 36 67
12 49 12 37 49
13 76 13 76
63 79 63 79
3 31 3 14 31
64 71 64 71
10 29 10 24 27 29
45 76 45 61 64 69 76
18 28 18 20 23 28
18 75 18 27 44 51 58 61 75
66 82 66 78 81 82
27 34 27 34
2 24 2 9 16 24
24 39 24 33 39
42 60 42 46 49 51 60
4 66 4 21 58 61 66
9 82 9 32 53 80 82
5 52 5 7 32 48 52
21 44 21 40 43 44
6 68 6 15 26 28 39 41 47 53 59 61 64 68
46 51 46 49 51
11 44 11 27 32 44
55 58 55 58
7 39 7 28 35 39
79 84 79 84
17 58 17 58
22 67 22 34 50 67
20 35 20 23 25 35
72 83 72 78 80 81 83
2 64 2 56 64
49 86 49 59 64 71 83 86
14 58 14 31 43 46 49 51 58
70 80 70 72 78 80
18 84 18 19 62 70 71 84
26 83 26 80 83
16 24 16 24
12 27 12 24 27
49 84 49 51 59 66 71 84
23 59 23 44 51 59
42 82 42 51 74 82
63 82 63 79 81 82
7 36 7 29 36
20 39 20 23 35 39
51 80 51 67 78 80
67 78 67 72 78
45 80 45 50 51 80
8 80 8 13 29 57 78 80
18 74 18 21 42 59 61 64 68 74
7 28 7 28
33 62 33 62
13 76 13 26 69 76
9 77 9 17 51 60 66 77
55 84 55 67 72 84
16 53 16 35 43 47 53
12 71 12 47 53 59 66 71
56 84 56 78 84
26 77 26 55 61 66 77
12 72 12 41 50 58 67 72
28 55 28 37 40 43 44 55
33 37 33 37
71 84 71 84
23 75 23 44 53 58 61 75
15 41 15 25 35 41
23 53 23 35 43 47 53
23 78 23 28 37 49 51 60 78
9 17 9 17
0 70 0 10 44 55 70
31 85 31 68 74 82 85
27 82 27 58 78 81 82
48 80 48 72 78 80
13 23 13 14 19 20 23
30 85 30 39 60 78 81 82 85
32 64 32 58 61 64
17 70 17 26 30 32 44 55 70
17 58 17 55 58
33 74 33 51 61 64 68 74
31 61 31 39 58 61
5 88 5 32 51 88
19 78 19 21 59 66 78
9 69 9 50 51 61 64 69
7 35 7 15 26 28 35
13 20 13 14 19 20
28 69 28 35 39 46 49 69
40 74 40 64 68 74
55 79 55 79
16 73 16 28 41 50 58 67 73
35 62 35 56 62
16 43 16 28 37 40 43
32 53 32 44 53
5 7 5 7
46 64 46 49 59 64
4 29 4 8 13 29
45 73 45 55 67 73
16 78 16 35 39 41 70 72 78
21 53 21 40 43 44 53
26 28 26 28
23 63 23 44 55 57 63
51 75 51 59 61 75
66 78 66 78
0 46 0 17 34 46
14 66 14 59 66
61 88 61 88
47 89 47 83 89
5 66 5 44 53 58 61 66
18 35 18 22 25 35
1 88 1 19 26 42 46 88
5 30 5 30
49 76 49 69 76
76 85 76 82 85
6 82 6 18 22 64 81 82
2 56 2 31 56
7 53 7 26 40 43 44 53
31 83 31 43 80 81 83
15 21 15 21
6 21 6 21
51 73 51 73
8 36 8 9 16 29 36
2 88 2 14 19 30 41 47 83 88
3 14 3 9 13 14
32 58 32 58
23 44 23 35 43 44
30 52 30 48 52
16 43 16 31 43
5 69 5 32 48 58 61 64 69
0 34 0 13 14 19 21 26 30 34
5 49 5 33 39 41 49
81 88 81 82 85 88
40 85 40 68 74 82 85
35 79 35 56 62 63 79
20 77 20 54 59 77
10 52 10 48 52
16 44 16 23 35 43 44
66 78 66 78
24 53 24 27 29 43 44 53
14 27 14 19 27
59 74 59 61 64 68 74
43 62 43 62
5 31 5 6 31
25 49 25 33 49
3 64 3 9 32 51 59 61 64
11 37 11 27 29 37
7 57 7 40 42 57
5 83 5 30 48 58 61 75 80 81 83
34 81 34 81
8 72 8 33 51 58 67 72
0 31 0 13 16 31
38 75 38 49 51 59 61 75
1 30 1 2 9 24 30
30 85 30 48 72 78 85
7 54 7 15 22 25 33 37 48 54
5 70 5 24 34 45 70
55 67 55 58 67
14 34 14 34
12 62 12 24 43 62
7 51 7 25 35 43 44 51
13 46 13 20 26 38 42 46
20 51 20 32 44 51
8 60 8 9 60
2 36 2 14 19 27 29 36
27 54 27 32 48 54
61 83 61 75 83
41 59 41 49 51 59
22 50 22 31 39 41 50
15 70 15 30 41 70
63 79 63 79
35 62 35 43 62
51 64 51 64
14 60 14 30 50 51 60
46 61 46 49 59 61
11 61 11 58 61
41 73 41 49 51 58 73
84 89 84 89
33 41 33 39 41
35 86 35 59 66 78 80 81 83 86
6 81 6 18 19 21 40 72 78 81
28 77 28 35 56 62 63 66 77
17 74 17 33 52 64 68 74
15 21 15 21
41 64 41 47 53 58 61 64
41 77 41 77
11 20 11 20
30 52 30 48 52
47 71 47 53 58 61 66 71
66 78 66 78
10 60 10 34 44 51 60
5 22 5 6 15 22
26 40 26 28 37 40
54 77 54 67 77
61 83 61 66 83
52 82 52 80 82
18 33 18 19 33
78 81 78 80 81
11 51 11 21 40 51
33 69 33 39 58 68 69
0 52 0 48 52
4 84 4 23 44 79 84
31 75 31 43 46 49 51 59 61 75
38 51 38 41 49 51
38 67 38 49 51 67
8 67 8 41 47 53 58 67
8 87 8 62 63 66 77 87
11 50 11 21 26 30 34 38 41 50
13 76 13 76
41 57 41 57
6 20 6 18 20
26 48 26 30 48
45 83 45 63 66 78 80 81 83
9 57 9 20 23 55 57
4 60 4 41 50 51 60
3 49 3 11 18 20 39 41 49
34 89 34 59 66 77 89
24 33 24 33
26 86 26 80 81 83 86
59 87 59 64 80 82 87
5 57 5 6 40 42 57
33 59 33 46 49 51 59
24 62 24 43 62
18 74 18 27 54 59 64 68 74
0 31 0 13 16 31
45 50 45 50
78 85 78 80 81 82 85
87 88 87 88
33 54 33 37 48 54
6 57 6 37 40 43 44 55 57
31 79 31 39 41 57 63 79
26 73 26 42 51 73
38 83 38 49 59 66 83
36 49 36 43 46 49
41 69 41 68 69
14 49 14 21 40 42 46 49
29 66 29 37 40 63 66
16 23 16 23
3 31 3 11 18 22 31
82 87 82 87
28 87 28 37 87
0 85 0 71 82 85
44 84 44 84
52 82 52 78 80 81 82
18 35 18 22 25 35
7 87 7 14 19 69 87
19 56 19 20 56
8 85 8 13 26 55 61 75 78 81 82 85
19 33 19 33
78 81 78 80 81
4 23 4 13 20 23
10 30 10 24 30
1 54 1 37 48 54
38 70 38 42 62 70
61 82 61 66 71 82
2 56 2 18 22 31 56
20 49 20 23 49
33 73 33 46 49 51 58 67 73
10 34 10 17 20 30 34
5 77 5 6 37 62 63 66 77
44 86 44 53 58 78 81 83 86
2 64 2 31 39 46 49 51 64
39 66 39 57 63 66
6 57 6 17 25 40 43 44 55 57
26 62 26 28 35 56 62
12 58 12 24 32 48 58
19 27 19 27
38 73 38 41 49 51 67 73
18 32 18 21 26 30 32
18 82 18 22 64 68 69 76 82
28 55 28 37 40 43 44 55
58 65 58 61 64 65
54 67 54 67
8 32 8 9 13 20 32
11 20 11 20
24 50 24 34 45 50
20 46 20 30 34 46
45 66 45 63 66
5 6 5 6
34 65 34 50 51 61 64 65
6 70 6 37 62 70
47 89 47 75 78 84 89
27 29 27 29
27 65 27 53 59 65
9 81 9 20 59 64 81
34 47 34 47
13 37 13 16 23 37
22 49 22 34 46 49
0 19 0 13 14 19
12 29 12 29
11 36 11 27 29 36
66 83 66 71 83
43 62 43 62
1 88 1 19 85 88
17 78 17 58 61 66 78
17 55 17 55
75 87 75 80 82 87
26 76 26 76
8 31 8 9 13 16 31
72 82 72 82
46 85 46 49 51 67 78 85
11 61 11 27 58 61
35 82 35 43 70 72 82
1 66 1 7 57 63 66
52 84 52 78 84
21 44 21 40 43 44
12 70 12 27 34 55 70
62 83 62 63 79 81 83
62 79 62 63 79
26 86 26 80 83 86
19 73 19 20 55 67 73
35 47 35 43 47
20 66 20 54 59 66
5 32 5 30 32
5 73 5 25 33 52 67 73
26 58 26 40 42 46 49 51 58
13 67 13 26 38 41 67
29 62 29 37 40 43 62
3 88 3 18 27 32 58 67 82 87 88
9 23 9 20 23
10 20 10 17 20
23 37 23 25 33 37
51 81 51 60 66 78 80 81
9 40 9 24 27 29 36 37 40
6 39 6 24 30 39
26 37 26 28 37
4 23 4 23
24 83 24 64 71 83
7 43 7 25 33 37 40 43
36 65 36 37 48 61 64 65
11 49 11 35 39 41 49
0 57 0 13 24 55 57
82 87 82 87
71 84 71 84
25 80 25 64 80
18 35 18 22 25 35
44 72 44 51 67 72
33 79 33 37 48 79
16 53 16 29 36 43 47 53
13 57 13 20 32 44 55 57
78 86 78 81 83 86
78 82 78 81 82
23 41 23 25 35 41
3 58 3 58
72 81 72 78 81
4 52 4 13 28 37 40 43 52
84 88 84 88
0 16 0 13 16
13 29 13 16 27 29
29 83 29 36 66 83
47 53 47 53
7 58 7 39 58
30 44 30 34 44
30 79 30 34 55 79
1 20 1 7 14 19 20
80 89 80 81 83 89
37 78 37 48 54 78
41 79 41 79
31 81 31 56 78 80 81
13 20 13 14 19 20
2 64 2 13 29 36 37 50 51 61 64
39 70 39 41 70
3 18 3 18
16 43 16 29 37 40 43
15 46 15 30 34 46
35 86 35 43 62 72 86
11 27 11 27
46 77 46 77
24 83 24 83
58 68 58 64 68
14 25 14 19 20 23 25
1 76 1 39 58 61 64 68 69 76
16 40 16 40
2 77 2 60 66 77
0 13 0 13
19 20 19 20
26 62 26 38 42 62
64 86 64 86
31 49 31 39 41 49
14 28 14 21 26 28
5 89 5 89
34 53 34 47 53
8 82 8 13 68 69 76 82
10 54 10 48 54
32 68 32 47 53 58 68
68 74 68 74
41 78 41 57 63 66 78
27 57 27 44 55 57
44 53 44 53
17 81 17 51 58 67 78 80 81
7 40 7 28 37 40
35 66 35 39 46 49 59 61 66
0 83 0 20 49 51 58 78 81 83
4 8 4 8
28 37 28 37
45 76 45 50 51 61 64 68 69 76
44 86 44 51 60 86
30 72 30 53 72
33 41 33 39 41
45 83 45 63 80 83
41 63 41 63
17 61 17 33 46 49 51 58 61
37 78 37 52 78
24 81 24 34 50 59 64 80 81
40 85 40 60 66 71 82 85
13 72 13 49 51 58 67 72
46 75 46 49 59 61 75
3 79 3 14 28 35 39 41 63 79
59 69 59 61 64 69
6 16 6 16
54 72 54 72
54 67 54 67
26 69 26 69
42 70 42 62 70
33 62 33 37 40 62
0 85 0 79 81 82 85
25 61 25 38 59 61
18 47 18 34 47
61 75 61 75
31 39 31 39
10 54 10 48 54
52 83 52 80 83
31 73 31 43 44 55 67 73
27 51 27 29 36 50 51
28 62 28 37 40 43 62
33 81 33 78 81
67 77 67 77
12 25 12 17 25
24 63 24 34 38 63
59 77 59 77
60 66 60 66
34 64 34 59 61 64
61 66 61 66
14 58 14 30 34 47 53 58
15 71 15 30 54 71
13 84 13 28 37 40 72 84
6 70 6 37 40 43 62 70
0 33 0 24 33
81 82 81 82
8 42 8 9 24 27 29 36 37 40 42
8 19 8 9 13 14 19
66 82 66 78 80 82
33 84 33 49 51 64 71 84
51 61 51 59 61
8 83 8 28 49 59 71 83
0 67 0 67
6 86 6 21 70 80 81 83 86
32 58 32 53 58
23 66 23 66
5 31 5 7 14 31
24 62 24 43 62
2 31 2 13 14 31
38 62 38 42 62
39 58 39 46 49 51 58
21 82 21 59 66 78 80 81 82
59 61 59 61
11 27 11 27
5 49 5 36 37 40 42 46 49
4 70 4 41 70
10 26 10 17 20 26
49 76 49 76
47 61 47 61
6 34 6 30 34
10 42 10 17 20 40 42
36 72 36 50 67 72
5 24 5 6 24
14 44 14 28 35 43 44
35 71 35 43 52 64 71
27 47 27 32 47
19 42 19 38 42
58 64 58 64
0 10 0 10
13 55 13 14 31 43 44 55
26 57 26 55 57
35 71 35 63 66 71
38 46 38 42 46
35 71 35 59 61 64 71
39 79 39 41 50 79
12 72 12 37 52 67 72
44 72 44 55 57 72
39 69 39 46 49 51 59 61 64 68 69
54 64 54 59 64
55 89 55 67 78 84 89
39 60 39 41 50 51 60
17 86 17 33 64 71 83 86
55 87 55 61 75 78 80 82 87
2 59 2 13 48 54 59
63 87 63 66 78 81 82 87
53 83 53 72 78 80 83
9 77 9 60 66 77
23 65 23 44 63 65
12 37 12 29 37
6 39 6 18 19 26 30 39
54 80 54 59 66 78 80
21 47 21 26 40 43 47
15 80 15 26 40 51 58 61 64 80
25 76 25 35 43 44 51 59 64 69 76
2 14 2 13 14
58 78 58 67 72 78
8 86 8 41 57 80 83 86
31 50 31 39 41 50
10 52 10 52
48 83 48 58 67 78 81 83
47 84 47 67 72 78 84
75 80 75 78 80
53 81 53 58 64 80 81
3 42 3 23 37 40 42
15 71 15 58 61 66 71
55 76 55 58 68 69 76
44 76 44 55 61 64 68 69 76
15 28 15 26 28
28 82 28 49 51 60 66 71 82
25 82 25 33 37 49 59 61 75 82
63 81 63 79 80 81
1 32 1 19 21 26 30 32
39 58 39 46 49 51 58
64 80 64 80
46 84 46 49 51 67 72 78 84
12 75 12 29 75
5 42 5 33 37 40 42
13 86 13 83 86
22 57 22 25 33 39 41 57
28 35 28 35
30 78 30 48 58 78
34 80 34 46 49 51 61 75 78 80
10 78 10 34 44 53 58 67 78
1 18 1 3 11 18
2 63 2 18 20 39 41 63
1 68 1 3 38 42 46 49 59 61 64 68
19 85 19 69 76 82 85
66 82 66 78 81 82
0 85 0 53 58 67 72 82 85
79 82 79 81 82
23 64 23 28 37 51 61 64
36 67 36 48 54 67
34 85 34 55 61 66 71 82 85
11 61 11 33 37 49 51 58 61
36 50 36 50
20 85 20 59 64 68 74 82 85
16 40 16 23 28 37 40
40 49 40 49
37 77 37 52 67 77
45 76 45 50 51 58 61 64 68 69 76
32 51 32 44 51
2 88 2 56 64 80 81 82 87 88
33 61 33 61
69 82 69 76 82
33 49 33 49
26 65 26 38 63 65
70 72 70 72
20 37 20 26 28 37
1 75 1 58 61 75
52 77 52 77
9 16 9 16
71 88 71 83 88
8 41 8 13 20 39 41
27 65 27 29 43 65
26 65 26 40 42 57 65
28 46 28 37 40 42 46
14 31 14 31
7 74 7 14 19 56 74
8 65 8 40 43 44 53 58 64 65
52 64 52 64
16 62 16 28 35 56 62
18 51 18 21 26 28 37 49 51
51 89 51 60 66 71 83 89
2 44 2 13 20 30 44
62 79 62 63 79
26 37 26 28 37
34 38 34 38
28 55 28 37 40 43 44 55
2 65 2 14 31 39 41 57 63 65
11 56 11 21 26 28 35 56
34 86 34 46 49 72 86
53 87 53 72 82 87
20 56 20 56
9 45 9 13 14 19 21 26 30 34 45
6 58 6 37 48 58
5 66 5 44 61 66
20 75 20 23 49 51 59 61 75
4 71 4 70 71
16 48 16 27 29 36 48
18 68 18 20 32 44 55 61 64 68
3 87 3 11 70 82 87
3 24 3 9 13 16 24
23 70 23 35 41 70
20 73 20 54 67 73
4 38 4 23 25 38
19 82 19 38 60 82
12 34 12 27 34
7 43 7 14 28 37 40 43
23 44 23 32 44
22 35 22 25 35
24 29 24 27 29
18 82 18 59 71 82
39 79 39 57 63 79
13 37 13 26 28 37
39 46 39 46
4 28 4 23 28
60 66 60 66
43 60 43 46 49 51 60
16 78 16 62 63 66 78
12 58 12 24 32 51 58
54 73 54 73
2 26 2 9 20 26
6 26 6 17 20 26
5 49 5 33 39 41 49
37 40 37 40
5 57 5 24 55 57
22 25 22 25
3 72 3 9 13 14 19 20 23 28 39 46 49 51 58 67 72
12 17 12 17
14 21 14 19 21
37 65 37 59 61 64 65
18 79 18 22 31 43 44 79
13 84 13 84
13 37 13 29 37
30 54 30 34 45 54
70 80 70 80
37 65 37 65
6 59 6 18 19 20 23 44 51 59
20 34 20 26 30 34
13 80 13 48 52 64 80
44 75 44 55 61 75
0 13 0 13
27 54 27 34 48 54
58 78 58 61 66 78
18 22 18 22
16 68 16 40 64 68
35 69 35 39 46 49 59 69
8 67 8 9 45 50 67
21 59 21 59
16 47 16 35 43 47
84 88 84 88
3 23 3 18 20 23
56 81 56 62 70 80 81
7 62 7 28 37 40 42 62
7 27 7 27
66 83 66 83
7 40 7 15 22 33 37 40
2 44 2 31 43 44
21 44 21 26 30 32 44
2 87 2 60 69 76 82 87
29 52 29 37 40 43 52
45 55 45 55
33 85 33 82 85
37 86 37 72 78 81 83 86
7 74 7 26 55 61 64 68 74
25 50 25 35 39 41 50
12 69 12 37 51 60 69
29 72 29 36 67 72
29 81 29 75 80 81
29 37 29 36 37
9 40 9 29 36 37 40
19 56 19 26 28 35 56
11 34 11 18 27 34
8 33 8 13 20 23 25 33
17 45 17 34 45
79 82 79 81 82
9 74 9 16 38 42 59 64 68 74
59 86 59 61 75 80 81 83 86
13 84 13 26 55 84
14 61 14 28 41 50 59 61
4 68 4 8 13 36 55 61 64 68
80 83 80 83
37 63 37 62 63
45 54 45 54
33 88 33 64 69 88
59 89 59 61 66 78 80 83 89
72 87 72 87
28 80 28 37 40 78 80
11 31 11 18 22 31
56 77 56 62 63 66 77
12 41 12 26 28 39 41
38 84 38 49 51 59 66 78 84
63 66 63 66
13 14 13 14
8 29 8 9 29
36 43 36 43
6 20 6 17 20
24 30 24 30
4 58 4 8 34 48 58
32 63 32 44 63
38 84 38 63 79 84
7 56 7 28 35 56
64 76 64 69 76
37 77 37 40 43 77
44 68 44 55 61 64 68
24 51 24 30 34 50 51
40 81 40 51 60 66 78 81
23 77 23 35 59 66 77
3 64 3 16 29 43 46 49 51 64
40 68 40 51 64 68
43 67 43 46 49 51 67
33 65 33 62 65
26 80 26 42 62 72 78 80
1 71 1 2 60 66 71
79 86 79 86
10 30 10 30
34 74 34 47 61 64 68 74
34 81 34 47 61 75 80 81
16 62 16 27 29 37 40 43 62
42 88 42 57 83 88
23 71 23 44 60 66 71
3 39 3 15 26 30 39
3 80 3 16 31 56 62 70 72 78 80
8 86 8 62 63 79 86
12 70 12 27 70
20 82 20 32 44 63 79 80 81 82
23 70 23 35 43 44 55 70
24 54 24 27 34 54
20 72 20 56 62 72
45 67 45 54 67
49 76 49 69 76
28 42 28 37 40 42
72 88 72 84 88
17 52 17 33 52
12 26 12 26
2 76 2 23 28 64 69 76
47 72 47 53 58 67 72
15 80 15 21 59 61 75 78 80
16 27 16 24 27
11 89 11 18 22 31 39 60 66 77 89
40 86 40 63 83 86
19 79 19 43 44 63 79
10 70 10 34 45 55 70
24 40 24 27 29 37 40
54 61 54 59 61
0 48 0 27 29 48
9 60 9 13 60
46 85 46 49 59 66 71 82 85
59 89 59 89
47 71 47 61 66 71
46 61 46 49 59 61
43 47 43 47
13 23 13 16 23
4 63 4 13 24 34 44 55 57 63
26 55 26 28 37 40 43 44 55
16 28 16 28
57 80 57 80
38 89 38 49 51 61 64 81 83 89
43 80 43 44 53 72 78 80
0 79 0 79
41 78 41 63 66 78
4 69 4 68 69
15 28 15 21 26 28
1 86 1 19 43 64 81 83 86
4 63 4 30 41 57 63
4 52 4 13 36 43 52
51 73 51 58 73
49 88 49 76 82 87 88
12 37 12 24 33 37
25 71 25 71
33 52 33 37 40 43 52
70 71 70 71
19 78 19 56 78
8 43 8 40 43
64 76 64 69 76
61 64 61 64
3 31 3 14 31
12 17 12 17
13 23 13 16 23
37 42 37 40 42
16 33 16 24 33
67 73 67 73
18 76 18 22 64 68 69 76
21 66 21 42 51 58 61 66
6 62 6 15 25 33 62
61 64 61 64
3 72 3 30 72
3 14 3 9 13 14
11 86 11 64 81 83 86
28 62 28 35 43 62
44 51 44 51
40 43 40 43
33 77 33 67 77
25 57 25 57
42 83 42 64 80 81 83
66 89 66 83 89
35 72 35 56 62 70 72
36 50 36 50
8 36 8 13 29 36
35 61 35 39 46 49 51 61
17 67 17 52 67
36 84 36 48 61 75 78 84
54 64 54 59 64
58 66 58 61 66
64 88 64 69 76 82 85 88
35 66 35 41 66
5 71 5 6 54 71
38 67 38 41 49 51 58 67
10 65 10 17 55 58 64 65
58 88 58 73 88
32 64 32 51 64
40 78 40 51 60 66 78
6 56 6 18 19 20 26 28 35 56
23 68 23 37 59 64 68
44 84 44 53 72 78 84
32 47 32 47
49 51 49 51
24 76 24 55 58 64 69 76
43 78 43 62 63 66 78
46 88 46 49 72 84 88
30 61 30 39 46 49 59 61
18 59 18 59
72 87 72 87
8 30 8 9 17 20 30
0 49 0 24 27 29 43 46 49
0 20 0 10 17 20
4 61 4 30 50 58 61
1 13 1 13
26 52 26 30 32 48 52
49 67 49 51 58 67
5 15 5 7 15
42 88 42 62 63 83 88
62 79 62 63 79
39 60 39 46 49 51 60
7 85 7 26 30 39 69 76 82 85
36 76 36 48 52 64 68 69 76
19 85 19 78 80 81 82 85
7 89 7 89
45 52 45 52
31 75 31 43 46 49 59 61 75
32 86 32 58 64 71 83 86
7 27 7 27
24 78 24 30 53 58 67 72 78
27 48 27 29 36 48
32 70 32 44 55 70
7 14 7 14
36 67 36 43 52 67
8 42 8 33 37 40 42
30 68 30 54 59 61 64 68
18 61 18 20 49 51 59 61
18 89 18 27 52 77 89
11 32 11 18 20 26 30 32
45 57 45 55 57
18 33 18 19 20 23 25 33
59 68 59 61 64 68
2 86 2 78 80 83 86
9 23 9 17 20 23
21 66 21 26 55 57 63 66
32 63 32 44 55 63
29 59 29 48 54 59
14 42 14 19 38 42
50 79 50 79
3 76 3 76
39 65 39 65
30 66 30 34 38 59 61 66
53 59 53 59
29 70 29 36 55 70
13 67 13 49 51 58 67
55 86 55 58 78 80 83 86
85 88 85 88
23 79 23 57 63 79
6 26 6 15 26
4 74 4 23 25 62 74
0 57 0 10 24 33 37 40 42 57
18 48 18 20 30 32 48
17 32 17 26 30 32
13 83 13 83
39 69 39 46 49 69
12 24 12 24
37 49 37 40 49
63 83 63 80 81 83
29 43 29 43
30 50 30 39 41 50
26 59 26 40 42 46 49 51 59
27 53 27 44 53
27 70 27 34 55 70
4 54 4 8 28 37 48 54
15 53 15 25 38 41 47 53
15 40 15 26 40
30 73 30 41 67 73
4 59 4 30 39 46 49 59
16 83 16 23 78 80 83
25 40 25 40
72 88 72 87 88
10 85 10 47 53 59 61 64 71 82 85
19 76 19 21 42 46 49 76
26 40 26 28 37 40
45 57 45 55 57
28 59 28 35 43 46 49 59
19 75 19 27 32 53 59 61 75
25 74 25 35 43 47 61 64 68 74
22 57 22 34 45 57
11 38 11 27 34 38
14 72 14 42 51 67 72
78 86 78 81 83 86
42 80 42 64 80
26 60 26 40 43 46 49 51 60
36 37 36 37
14 41 14 25 33 39 41
33 72 33 67 72
54 83 54 67 72 78 80 81 83
79 87 79 80 81 82 87
19 85 19 56 74 85
38 46 38 42 46
62 80 62 70 72 78 80
32 85 32 51 64 69 76 82 85
58 82 58 61 64 82
43 60 43 46 49 51 60
26 62 26 40 42 62
4 30 4 30
7 15 7 15
15 76 15 76
2 13 2 13
14 36 14 19 27 29 36
27 54 27 54
6 89 6 16 48 72 78 84 89
7 19 7 14 19
11 21 11 21
24 33 24 33
31 43 31 43
0 37 0 24 29 37
11 75 11 58 61 75
17 26 17 26
26 64 26 38 59 61 64
6 27 6 16 27
64 81 64 80 81
75 80 75 80
22 68 22 43 52 64 68
37 78 37 62 70 72 78
36 74 36 55 61 64 68 74
14 41 14 21 26 30 39 41
24 34 24 30 34
42 62 42 62
20 26 20 26
18 82 18 59 69 76 82
32 58 32 51 58
20 56 20 23 28 35 56
32 70 32 44 55 70
49 60 49 51 60
17 34 17 26 30 34
7 49 7 26 28 39 46 49
3 48 3 21 26 30 32 48
60 89 60 66 71 83 89
25 56 25 35 56
49 78 49 72 78
20 48 20 26 30 32 48
2 81 2 23 35 41 79 81
11 20 11 20
3 28 3 23 28
30 76 30 54 59 61 64 68 69 76
75 89 75 83 89
11 38 11 21 26 30 34 38
12 28 12 17 26 28
31 84 31 39 60 66 71 84
19 39 19 21 26 30 39
25 59 25 38 59
31 79 31 43 62 63 79
30 34 30 34
28 72 28 39 46 49 51 58 67 72
54 69 54 59 64 69
9 14 9 13 14
36 43 36 43
41 76 41 47 61 64 68 69 76
55 77 55 58 61 66 77
7 25 7 14 25
38 50 38 41 50
7 62 7 33 37 40 42 62
18 82 18 19 78 81 82
0 59 0 27 41 50 51 59
34 74 34 74
23 44 23 32 44
80 89 80 81 83 89
6 88 6 30 50 79 88
9 50 9 13 24 30 39 41 50
15 60 15 30 44 51 60
56 74 56 64 68 74
32 71 32 71
74 85 74 85
3 60 3 9 39 46 49 51 60
60 83 60 78 80 81 83
50 85 50 60 69 76 82 85
59 66 59 66
21 62 21 26 28 35 56 62
75 84 75 78 84
46 75 46 49 59 61 75
21 59 21 26 42 59
20 79 20 30 44 55 79
19 39 19 21 26 30 39
41 72 41 47 67 72
53 89 53 59 64 71 83 89
18 35 18 20 23 28 35
20 54 20 54
9 44 9 13 24 30 34 44
34 67 34 46 49 51 58 67
71 88 71 84 88
59 87 59 69 76 82 87
3 21 3 21
55 84 55 67 78 84
10 59 10 24 27 32 48 54 59
47 67 47 67
40 72 40 51 67 72
29 86 29 43 52 83 86
6 47 6 31 43 47
29 80 29 37 62 63 80
22 52 22 43 52
70 89 70 72 78 80 83 89
27 45 27 34 45
7 53 7 32 44 53
41 66 41 47 53 59 61 66
10 67 10 47 53 58 67
14 44 14 34 44
54 88 54 75 78 80 81 82 87 88
20 66 20 40 43 44 51 58 61 66
27 76 27 53 59 64 69 76
59 74 59 64 68 74
39 65 39 58 61 64 65
55 79 55 57 63 79
53 83 53 72 78 80 83
43 52 43 52
45 70 45 70
53 86 53 72 86
19 76 19 30 44 64 68 69 76
23 43 23 37 40 43
66 78 66 78
0 10 0 10
6 81 6 15 46 49 51 59 64 80 81
0 20 0 13 20
38 62 38 42 62
33 64 33 64
66 81 66 78 81
3 29 3 16 27 29
21 74 21 42 62 74
51 83 51 58 78 80 81 83
47 83 47 67 72 78 80 83
37 70 37 62 70
23 39 23 35 39
19 43 19 20 23 25 33 37 40 43
3 29 3 9 24 27 29
23 33 23 25 33
44 81 44 78 81
37 68 37 51 58 68
42 85 42 57 74 82 85
15 46 15 46
39 70 39 41 70
2 51 2 9 16 29 43 46 49 51
63 71 63 66 71
52 68 52 64 68
64 80 64 80
40 74 40 49 59 61 64 68 74
38 75 38 59 61 75
20 68 20 26 42 46 49 59 64 68
3 52 3 33 52
20 76 20 59 69 76
21 34 21 26 30 34
52 86 52 71 83 86
60 86 60 86
25 62 25 33 37 40 42 62
7 32 7 26 30 32
59 82 59 61 66 71 82
54 86 54 78 80 81 83 86
2 38 2 13 16 24 30 34 38
21 40 21 26 28 37 40
9 16 9 16
21 74 21 42 62 74
1 88 1 13 29 80 81 82 87 88
19 51 19 26 30 50 51
3 9 3 9
21 74 21 42 51 59 61 64 68 74
45 81 45 57 72 78 81
63 81 63 80 81
3 84 3 14 70 71 84
31 53 31 43 44 53
19 46 19 21 42 46
5 15 5 7 15
4 45 4 21 26 30 34 45
8 45 8 13 26 30 34 45
8 69 8 28 46 49 69
27 32 27 32
72 86 72 86
38 47 38 41 47
12 58 12 26 38 41 47 53 58
10 71 10 47 61 64 71
42 83 42 59 71 83
33 52 33 52
34 53 34 44 53
1 78 1 78
18 39 18 19 33 39
34 64 34 55 58 64
40 80 40 51 64 80
57 84 57 78 84
21 41 21 26 30 41
19 49 19 27 34 38 42 46 49
79 84 79 84
9 20 9 20
52 64 52 64
79 80 79 80
21 70 21 40 42 62 70
21 44 21 40 43 44
6 68 6 54 59 61 64 68
79 80 79 80
15 47 15 26 28 37 40 43 47
8 36 8 13 14 19 27 29 36
3 22 3 18 22
18 68 18 20 30 32 53 59 61 64 68
16 35 16 35
13 85 13 16 35 39 57 74 82 85
50 82 50 59 66 78 80 82
23 43 23 28 37 40 43
50 85 50 79 80 81 82 85
14 53 14 31 39 41 47 53
72 88 72 86 88
31 56 31 56
83 86 83 86
16 44 16 23 37 40 43 44
49 51 49 51
61 66 61 66
45 52 45 52
62 72 62 72
10 89 10 32 58 61 64 81 83 89
37 49 37 40 42 46 49
41 68 41 68
15 52 15 25 33 37 40 43 52
33 70 33 62 70
81 83 81 83
20 52 20 23 28 37 40 43 52
24 83 24 54 72 78 81 83
69 88 69 88
58 64 58 61 64
30 71 30 50 64 71
58 82 58 67 82
30 34 30 34
40 51 40 51
18 74 18 22 31 39 58 64 68 74
43 47 43 47
54 59 54 59
72 82 72 82
52 67 52 67
1 31 1 7 15 22 31
1 53 1 3 38 41 53
25 65 25 62 63 65
36 48 36 48
13 49 13 36 43 46 49
50 79 50 79
6 73 6 37 40 43 47 67 73
24 76 24 64 68 69 76
34 67 34 67
12 76 12 27 29 48 54 59 64 69 76
22 50 22 34 38 41 50
43 64 43 47 61 64
29 57 29 57
44 68 44 53 59 61 64 68
29 80 29 57 63 79 80
13 56 13 20 56
6 40 6 21 26 28 37 40
25 73 25 35 43 47 53 58 73
3 85 3 27 70 71 82 85
27 63 27 32 44 63
2 63 2 23 44 55 63
6 67 6 16 31 43 52 67
36 60 36 50 51 60
32 71 32 48 61 66 71
40 78 40 78
51 73 51 67 73
39 85 39 85
21 71 21 40 51 58 64 71
23 65 23 44 53 59 61 64 65
60 77 60 66 77
21 69 21 59 69
0 57 0 13 24 43 44 55 57
1 53 1 3 15 30 44 53
2 61 2 18 19 30 34 50 58 61
23 41 23 28 35 41
0 17 0 17
12 66 12 47 61 66
28 42 28 37 40 42
5 72 5 70 72
24 71 24 54 59 66 71
30 61 30 50 59 61
8 69 8 40 43 47 53 58 64 68 69
39 87 39 87
4 54 4 8 28 37 48 54
12 27 12 27
55 61 55 58 61
44 81 44 81
2 61 2 9 29 48 54 59 61
16 25 16 23 25
45 77 45 52 77
26 85 26 80 82 85
33 88 33 37 76 82 87 88
33 84 33 64 71 84
10 45 10 17 20 26 30 34 45
48 78 48 58 78
81 85 81 82 85
25 44 25 33 37 40 43 44
15 81 15 26 42 62 72 78 80 81
9 53 9 39 41 47 53
50 79 50 79
12 76 12 27 32 58 61 64 68 69 76
64 87 64 71 82 87
17 84 17 60 66 78 84
4 32 4 8 9 20 23 32
10 78 10 70 72 78
26 57 26 55 57
42 60 42 51 60
2 54 2 23 25 33 37 48 54
38 87 38 60 82 87
22 72 22 34 44 55 67 72
20 86 20 59 64 80 83 86
48 71 48 58 64 71
42 82 42 64 68 69 76 82
40 51 40 49 51
80 83 80 83
9 20 9 13 20
51 87 51 64 80 81 82 87
2 78 2 70 72 78
43 73 43 52 67 73
49 81 49 59 61 66 78 80 81
8 87 8 34 54 67 78 80 81 82 87
58 64 58 64
25 83 25 57 72 78 81 83
7 66 7 15 25 40 49 51 60 66
2 24 2 13 24
60 77 60 66 77
25 67 25 40 43 47 67
16 86 16 31 39 60 86
60 88 60 82 85 88
2 59 2 33 37 51 59
17 58 17 51 58
37 52 37 52
20 55 20 23 28 37 40 43 44 55
1 80 1 72 78 80
44 75 44 51 59 61 75
27 29 27 29
10 67 10 67
31 75 31 39 58 61 75
37 75 37 49 51 61 75
8 13 8 13
15 46 15 46
20 89 20 72 78 81 83 89
22 37 22 33 37
9 77 9 39 58 77
2 70 2 14 30 39 41 70
31 56 31 56
48 78 48 54 72 78
14 55 14 19 20 23 44 55
18 85 18 63 79 81 82 85
12 76 12 37 40 43 64 69 76
19 51 19 21 42 51
41 49 41 49
53 71 53 58 64 71
1 74 1 26 68 74
36 86 36 80 83 86
30 84 30 54 67 72 78 84
27 82 27 78 81 82
12 57 12 57
4 85 4 8 40 76 82 85
33 62 33 62
45 77 45 67 77
37 71 37 59 61 66 71
6 73 6 16 73
59 89 59 71 83 89
48 78 48 52 78
35 39 35 39
63 82 63 80 81 82
53 77 53 59 61 66 77
68 69 68 69
11 64 11 64
21 67 21 42 51 58 67
24 52 24 29 48 52
29 69 29 43 52 64 69
10 41 10 24 34 38 41
29 77 29 43 77
62 82 62 70 80 82
27 47 27 29 36 37 40 43 47
47 67 47 67
20 35 20 26 28 35
17 58 17 25 38 42 51 58
25 84 25 64 71 84
1 88 1 13 46 49 69 76 82 87 88
41 83 41 49 51 67 72 78 80 81 83
16 76 16 44 51 59 61 64 69 76
61 64 61 64
23 33 23 25 33
38 51 38 42 51
18 51 18 27 34 50 51
29 64 29 37 40 49 59 64
16 69 16 24 43 46 49 59 61 64 68 69
17 52 17 52
5 74 5 37 49 59 64 68 74
52 89 52 71 84 89
38 50 38 41 50
1 16 1 2 9 13 16
24 32 24 27 32
20 74 20 49 51 61 64 68 74
10 60 10 60
4 77 4 77
9 53 9 20 39 41 47 53
51 88 51 67 78 85 88
37 62 37 62
18 22 18 22
49 84 49 59 71 84
57 65 57 63 65
13 20 13 20
31 81 31 56 64 81
8 45 8 13 14 21 26 30 34 45
35 76 35 41 47 61 64 69 76
4 89 4 77 89
6 17 6 17
12 69 12 37 59 64 68 69
18 70 18 21 70
35 57 35 43 44 55 57
29 81 29 48 72 78 80 81
79 86 79 80 81 83 86
41 73 41 67 73
14 78 14 70 72 78
17 74 17 34 55 58 68 74
19 21 19 21
22 73 22 43 46 49 51 58 67 73
31 73 31 39 46 49 51 73
43 49 43 46 49
28 41 28 39 41
36 84 36 67 78 84
35 89 35 63 83 89
4 30 4 30
8 45 8 34 45
80 85 80 81 82 85
12 23 12 17 20 23
59 87 59 77 87
13 60 13 16 27 44 51 60
72 86 72 78 80 83 86
16 36 16 24 29 36
52 85 52 67 78 85
5 61 5 25 33 49 51 59 61
22 89 22 34 81 83 89
51 60 51 60
0 47 0 10 34 38 41 47
49 74 49 59 61 64 68 74
7 74 7 27 41 57 74
14 49 14 42 46 49
2 64 2 31 56 64
52 86 52 80 81 83 86
11 49 11 33 49
11 59 11 35 41 59
48 79 48 79
22 87 22 64 80 82 87
18 75 18 21 40 43 46 49 51 58 61 75
16 53 16 35 41 47 53
24 88 24 73 88
10 47 10 32 47
75 83 75 83
59 75 59 61 75
24 32 24 27 32
23 49 23 35 41 49
0 27 0 24 27
3 88 3 11 27 58 77 87 88
17 29 17 29
12 45 12 26 30 34 45
49 87 49 77 87
16 86 16 86
22 35 22 25 35
20 80 20 30 41 53 72 78 80
16 50 16 50
43 70 43 70
49 64 49 59 64
56 80 56 78 80
12 41 12 26 28 35 41
25 82 25 81 82
25 60 25 33 46 49 51 60
10 60 10 17 51 60
23 42 23 25 40 42
32 70 32 44 55 70
8 69 8 58 64 68 69
37 65 37 40 49 51 58 64 65
14 60 14 34 38 60
30 69 30 44 53 59 69
26 60 26 40 43 44 51 60
41 57 41 57
39 58 39 46 49 51 58
77 89 77 89
32 79 32 44 63 79
40 52 40 43 52
16 62 16 38 42 62
59 69 59 69
12 86 12 75 83 86
34 63 34 45 63
64 71 64 71
30 61 30 50 58 61
40 71 40 42 59 66 71
18 80 18 59 66 78 80
50 60 50 60
13 29 13 29
13 36 13 16 27 29 36
27 60 27 44 60
5 71 5 52 71
8 55 8 13 24 27 29 37 40 43 44 55
22 43 22 43
3 35 3 18 21 26 28 35
31 79 31 39 41 79
72 82 72 82
14 20 14 19 20
0 45 0 17 20 26 30 34 45
80 81 80 81
11 27 11 27
3 24 3 9 24
0 31 0 13 14 31
43 80 43 64 80
53 88 53 84 88
2 76 2 23 49 76
19 44 19 33 37 40 43 44
26 76 26 69 76
39 84 39 60 78 84
20 66 20 40 43 44 63 66
20 40 20 23 25 33 37 40
14 49 14 31 39 41 49
34 38 34 38
25 64 25 38 41 49 51 64
20 56 20 56
76 85 76 82 85
36 72 36 67 72
36 59 36 48 54 59
17 89 17 58 64 81 83 89
19 80 19 56 78 80
8 9 8 9
64 89 64 71 83 89
49 58 49 51 58
49 51 49 51
3 85 3 15 25 81 82 85
36 66 36 43 62 63 66
75 85 75 78 80 81 82 85
54 83 54 81 83
2 65 2 23 35 56 64 65
19 83 19 62 70 80 81 83
5 32 5 32
7 54 7 33 37 48 54
4 54 4 23 28 37 48 54
23 32 23 32
2 74 2 23 35 41 49 59 61 64 68 74
8 84 8 9 57 72 84
12 70 12 27 41 70
19 33 19 20 23 25 33
8 88 8 88
29 77 29 48 61 66 77
55 57 55 57
18 30 18 21 26 30
36 73 36 67 73
28 49 28 35 41 49
0 80 0 47 75 80
41 60 41 50 51 60
29 43 29 43
18 57 18 19 30 41 57
22 67 22 25 38 41 53 58 67
80 81 80 81
17 43 17 20 40 43
5 64 5 24 55 61 64
9 56 9 16 31 56
58 76 58 61 64 68 69 76
6 60 6 44 60
49 59 49 51 59
35 89 35 41 79 83 89
25 59 25 40 43 44 53 59
49 76 49 59 64 69 76
7 87 7 62 74 82 87
2 36 2 13 14 19 27 29 36
43 86 43 64 80 81 83 86
40 42 40 42
1 83 1 39 41 50 79 83
7 62 7 27 29 43 62
6 71 6 40 63 66 71
37 40 37 40
58 84 58 61 64 71 84
41 47 41 47
37 63 37 62 63
7 27 7 14 19 27
63 87 63 79 80 82 87
62 72 62 72
7 42 7 33 37 40 42
28 72 28 58 67 72
50 60 50 51 60
21 58 21 40 43 47 53 58
48 61 48 61
62 65 62 65
32 89 32 58 61 66 78 80 81 83 89
5 22 5 7 15 22
34 49 34 38 49
18 85 18 63 66 71 82 85
18 20 18 20
43 46 43 46
0 83 0 10 34 38 63 66 78 81 83
59 65 59 61 64 65
10 45 10 24 34 45
42 80 42 51 80
30 53 30 53
24 30 24 30
61 88 61 66 83 88
32 53 32 53
10 88 10 52 78 81 82 87 88
33 67 33 52 67
46 87 46 49 76 82 87
0 67 0 43 47 67
70 72 70 72
23 25 23 25
15 30 15 30
60 82 60 69 76 82
1 3 1 3
17 86 17 34 79 80 81 83 86
22 52 22 31 43 52
7 44 7 40 43 44
58 73 58 67 73
23 85 23 68 74 82 85
45 63 45 57 63
67 77 67 77
27 59 27 34 59
52 84 52 78 84
34 47 34 38 41 47
72 88 72 84 88
17 51 17 51
15 28 15 21 26 28
45 66 45 63 66
26 64 26 38 41 50 59 64
66 81 66 78 80 81
23 80 23 49 72 78 80
1 75 1 49 59 61 75
37 71 37 49 59 61 64 71
35 89 35 59 61 83 89
19 49 19 21 26 42 46 49
30 39 30 39
16 37 16 24 33 37
1 31 1 13 16 31
16 38 16 38
1 26 1 7 14 21 26
28 78 28 58 61 75 78
2 36 2 18 27 29 36
67 78 67 72 78
24 73 24 29 48 52 67 73
5 44 5 32 44
30 60 30 39 41 50 60
64 65 64 65
31 69 31 69
29 77 29 48 54 67 77
7 89 7 49 77 89
51 61 51 59 61
62 83 62 70 71 83
43 80 43 52 80
6 24 6 24
4 85 4 69 76 82 85
0 20 0 17 20
39 77 39 57 63 66 77
78 84 78 84
13 23 13 14 19 20 23
45 81 45 67 72 78 80 81
36 86 36 48 52 64 86
78 82 78 81 82
27 76 27 52 64 69 76
4 66 4 56 62 63 66
20 74 20 26 30 48 58 68 74
30 85 30 53 72 82 85
48 66 48 58 61 66
18 58 18 22 31 43 44 53 58
6 88 6 54 67 72 78 81 83 88
51 68 51 64 68
33 39 33 39
28 62 28 35 56 62
31 89 31 43 46 77 89
23 84 23 28 35 43 46 49 59 71 84
12 66 12 57 63 66
23 33 23 25 33
24 89 24 89
17 81 17 26 80 81
7 58 7 25 38 49 51 58
85 88 85 88
9 17 9 17
1 71 1 13 24 43 46 49 59 66 71
16 31 16 31
24 29 24 27 29
23 44 23 28 37 40 43 44
14 88 14 19 21 42 51 59 61 75 88
5 34 5 6 15 30 34
34 53 34 44 53
32 71 32 58 64 71
26 37 26 28 37
2 33 2 9 13 16 24 33
75 83 75 78 81 83
4 60 4 8 13 24 43 44 51 60
24 53 24 29 36 43 44 53
19 56 19 21 26 28 35 56
16 68 16 35 56 64 68
28 37 28 37
58 84 58 61 75 78 84
20 52 20 26 30 48 52
34 48 34 48
35 50 35 41 50
29 43 29 43
20 48 20 30 48
18 65 18 19 38 41 50 51 58 61 64 65
42 49 42 46 49
51 86 51 86
11 62 11 35 56 62
58 71 58 61 64 71
2 61 2 33 49 59 61
34 64 34 48 54 59 64
61 86 61 64 71 83 86
42 70 42 70
40 79 40 62 63 79
21 32 21 26 30 32
77 88 77 88
42 83 42 70 80 83
21 59 21 42 51 59
12 73 12 26 42 51 67 73
5 30 5 30
59 61 59 61
1 72 1 3 18 22 34 45 55 70 72
26 67 26 38 42 51 67
39 49 39 41 49
19 27 19 27
49 51 49 51
23 62 23 35 43 62
48 75 48 54 75
79 86 79 81 83 86
35 65 35 56 64 65
16 68 16 48 54 59 61 64 68
54 77 54 67 77
26 59 26 40 49 51 59
31 73 31 43 47 53 58 73
24 54 24 32 48 54
6 79 6 24 27 79
27 81 27 41 49 59 61 75 78 81
27 47 27 32 47
3 29 3 11 18 27 29
18 80 18 22 64 80
16 69 16 29 43 64 68 69
28 88 28 78 84 88
27 29 27 29
19 61 19 20 54 59 61
51 86 51 59 86
14 52 14 19 30 32 48 52
8 67 8 9 32 51 58 67
29 52 29 37 40 43 52
25 63 25 62 63
9 45 9 17 20 26 30 34 45
32 78 32 47 53 58 78
20 80 20 54 67 78 80
5 22 5 6 18 22
8 41 8 41
44 79 44 79
13 88 13 36 66 77 88
19 27 19 27
30 78 30 44 61 66 78
56 78 56 62 70 72 78
3 13 3 9 13
17 26 17 26
26 55 26 55
15 21 15 21
25 50 25 33 39 41 50
72 78 72 78
5 23 5 7 14 19 20 23
37 50 37 50
62 80 62 72 78 80
12 76 12 32 51 64 68 69 76
26 55 26 40 43 44 55
6 29 6 17 29
0 20 0 17 20
7 85 7 64 81 82 85
49 86 49 51 64 80 83 86
38 75 38 42 46 49 51 58 61 75
53 72 53 72
29 79 29 43 62 63 79
46 82 46 49 69 76 82
38 41 38 41
14 44 14 31 43 44
62 66 62 63 66
6 89 6 62 72 78 80 83 89
13 26 13 14 19 26
46 87 46 49 69 87
10 50 10 30 39 41 50
29 77 29 48 61 66 77
71 82 71 82
3 37 3 9 24 27 29 36 37
26 67 26 40 43 47 67
19 48 19 26 30 34 48
11 32 11 18 21 26 30 32
24 83 24 83
2 77 2 31 39 57 63 66 77
25 60 25 38 42 46 49 51 60
81 88 81 83 86 88
7 48 7 26 28 37 48
2 77 2 60 66 77
48 75 48 61 75
45 84 45 63 79 84
17 39 17 25 35 39
14 33 14 19 33
45 64 45 52 64
47 83 47 53 72 78 80 83
32 79 32 44 63 79
3 11 3 11
24 27 24 27
58 74 58 68 74
8 77 8 58 61 66 77
69 87 69 87
60 71 60 66 71
4 70 4 13 36 37 40 42 62 70
59 86 59 71 83 86
50 74 50 58 64 68 74
28 78 28 41 70 72 78
7 44 7 43 44
21 67 21 40 43 46 49 51 67
8 34 8 13 24 27 34
36 81 36 66 78 80 81
4 84 4 49 72 84
10 47 10 30 34 38 41 47
79 86 79 86
48 80 48 75 78 80
13 83 13 46 49 51 80 83
39 58 39 41 49 51 58
76 82 76 82
19 34 19 20 26 30 34
11 61 11 20 49 51 59 61
36 81 36 60 78 81
24 50 24 50
9 62 9 17 25 40 62
2 30 2 9 13 14 30
28 57 28 39 57
21 67 21 42 51 67
37 49 37 49
48 80 48 75 80
3 56 3 15 22 31 56
45 80 45 57 80
70 86 70 71 83 86
49 80 49 72 78 80
33 76 33 46 49 59 64 69 76
34 65 34 50 58 64 65
38 83 38 59 71 83
32 59 32 47 53 59
33 82 33 61 75 78 80 82
5 23 5 7 14 19 20 23
27 41 27 41
49 77 49 77
13 39 13 26 28 35 39
12 27 12 24 27
8 78 8 34 55 57 78
23 53 23 28 41 47 53
40 42 40 42
19 52 19 21 26 28 37 48 52
11 70 11 18 34 55 70
62 74 62 74
23 66 23 25 57 63 66
22 86 22 34 46 49 51 59 64 81 83 86
24 78 24 34 47 61 66 78
40 47 40 43 47
3 84 3 38 41 53 84
38 51 38 42 46 49 51
2 59 2 9 17 32 48 54 59
36 61 36 50 58 61
40 51 40 51
78 86 78 81 83 86
33 54 33 37 48 54
20 49 20 49
22 35 22 25 35
11 75 11 20 40 49 59 61 75
3 27 3 11 27
30 60 30 44 51 60
80 88 80 81 83 86 88
18 89 18 72 84 89
4 76 4 30 54 59 64 68 69 76
2 68 2 31 56 64 68
4 68 4 40 49 59 61 64 68
49 64 49 51 59 64
34 67 34 47 67
6 16 6 16
16 48 16 27 34 48
63 80 63 80
44 76 44 64 68 69 76
30 80 30 32 47 75 78 80
11 64 11 59 64
20 23 20 23
44 84 44 51 67 72 84
38 70 38 70
27 43 27 29 36 43
34 49 34 38 49
0 85 0 59 64 71 82 85
9 13 9 13
16 37 16 28 37
53 88 53 72 86 88
41 63 41 63
5 64 5 36 48 58 64
38 72 38 42 62 72
27 41 27 34 38 41
7 29 7 14 19 27 29
28 88 28 37 49 85 88
1 2 1 2
63 88 63 80 82 85 88
24 85 24 81 82 85
21 62 21 26 40 42 62
30 58 30 34 55 58
2 66 2 56 62 63 66
19 69 19 21 40 49 51 60 69
25 61 25 35 43 46 49 51 61
11 85 11 59 71 82 85
10 48 10 34 48
49 64 49 59 61 64
74 85 74 82 85
61 76 61 64 69 76
3 37 3 15 21 26 28 37
58 74 58 68 74
75 78 75 78
49 84 49 59 61 75 78 84
54 67 54 67
6 25 6 18 22 25
19 71 19 33 51 59 64 71
45 51 45 50 51
0 48 0 48
3 50 3 33 37 50
19 74 19 43 52 64 68 74
13 74 13 46 49 51 61 64 68 74
16 43 16 40 43
19 21 19 21
7 51 7 45 50 51
10 46 10 34 38 42 46
36 55 36 43 44 55
24 80 24 55 57 80
16 69 16 31 68 69
0 45 0 24 27 34 45
34 81 34 55 67 78 80 81
34 85 34 74 85
61 75 61 75
13 50 13 16 28 39 41 50
7 32 7 14 19 30 32
13 29 13 24 27 29
21 30 21 26 30
46 77 46 49 51 58 61 66 77
27 86 27 78 80 83 86
64 71 64 71
8 40 8 9 24 33 37 40
28 57 28 37 40 43 44 55 57
35 62 35 43 62
18 75 18 27 54 59 61 75
44 72 44 55 57 72
32 44 32 44
17 85 17 60 82 85
20 49 20 30 41 49
1 83 1 19 21 58 78 80 81 83
5 44 5 44
61 83 61 83
30 75 30 41 47 53 59 61 75
2 57 2 57
15 30 15 21 26 30
44 61 44 53 58 61
10 30 10 24 30
13 64 13 46 49 51 58 61 64
18 57 18 27 41 57
22 85 22 85
10 86 10 30 32 51 61 64 81 83 86
42 80 42 51 60 66 78 80
61 88 61 88
19 69 19 21 40 42 51 59 69
1 61 1 13 36 50 59 61
25 56 25 35 56
32 53 32 47 53
29 52 29 37 52
6 20 6 17 20
79 89 79 81 83 89
15 63 15 21 42 57 63
16 30 16 24 30
36 85 36 81 82 85
55 83 55 57 72 78 80 81 83
16 44 16 31 43 44
49 65 49 59 65
18 70 18 20 55 70
19 59 19 30 49 59
3 37 3 18 19 26 28 37
24 87 24 33 82 87
10 85 10 58 85
36 37 36 37
3 34 3 30 34
71 83 71 83
32 89 32 89
17 37 17 29 37
40 62 40 42 62
2 66 2 57 63 66
8 43 8 13 36 37 40 43
16 87 16 44 60 78 80 81 82 87
25 55 25 40 43 44 55
26 67 26 30 48 58 67
30 64 30 50 64
59 64 59 61 64
39 66 39 60 66
17 42 17 20 23 37 40 42
52 87 52 67 78 80 81 82 87
30 41 30 41
16 48 16 48
48 87 48 52 67 72 78 80 81 82 87
31 43 31 43
5 36 5 36
3 14 3 14
44 74 44 55 61 64 68 74
3 22 3 15 22
11 38 11 27 34 38
25 56 25 35 56
4 32 4 30 32
32 68 32 58 61 64 68
13 57 13 28 41 57
38 63 38 42 57 63
10 54 10 48 54
46 88 46 77 87 88
7 57 7 45 55 57
52 82 52 80 82
49 51 49 51
5 31 5 6 15 22 31
28 88 28 49 59 77 88
7 26 7 14 21 26
0 52 0 27 52
2 82 2 33 64 80 81 82
5 14 5 7 14
0 40 0 17 33 37 40
22 78 22 34 50 67 72 78
4 23 4 13 20 23
61 83 61 83
47 67 47 67
52 77 52 67 77
19 43 19 26 40 43
2 38 2 14 21 26 38
12 27 12 27
15 81 15 25 40 49 59 66 78 81
26 74 26 42 64 68 74
22 62 22 33 62
1 58 1 3 30 41 49 51 58
45 70 45 70
20 39 20 30 39
36 60 36 37 49 51 60
12 26 12 17 20 26
7 28 7 28
12 62 12 37 40 62
24 42 24 33 37 40 42
58 64 58 64
5 83 5 70 72 78 80 81 83
12 32 12 17 26 30 32
9 45 9 16 24 34 45
0 27 0 27
35 47 35 43 47
62 83 62 70 72 78 81 83
23 70 23 28 35 43 70
12 28 12 17 20 23 28
34 64 34 47 53 59 64
57 86 57 78 80 81 83 86
58 73 58 73
81 88 81 82 85 88
0 29 0 27 29
61 82 61 75 78 81 82
10 81 10 32 44 55 58 61 75 80 81
20 59 20 59
2 25 2 18 20 23 25
43 84 43 75 78 84
23 66 23 49 59 61 66
4 44 4 40 43 44
3 67 3 9 17 33 37 51 58 67
3 54 3 14 28 37 48 54
45 51 45 50 51
50 67 50 67
61 86 61 75 83 86
30 52 30 48 52
6 89 6 80 83 89
22 35 22 25 35
19 78 19 21 70 72 78
57 82 57 80 81 82
29 83 29 36 55 79 81 83
25 38 25 38
17 55 17 20 40 43 44 55
13 49 13 36 37 40 43 46 49
53 81 53 72 78 80 81
4 49 4 8 34 38 49
77 88 77 88
13 63 13 26 42 57 63
29 75 29 37 40 51 59 61 75
58 85 58 85
40 42 40 42
16 68 16 35 59 61 64 68
66 89 66 77 89
22 25 22 25
21 67 21 58 67
5 6 5 6
60 76 60 69 76
1 37 1 26 28 37
34 62 34 38 42 62
16 31 16 31
42 82 42 59 69 76 82
44 79 44 55 57 63 79
11 65 11 20 32 51 59 64 65
21 66 21 40 60 66
1 35 1 26 28 35
30 39 30 39
24 75 24 27 58 61 75
24 75 24 30 39 46 49 59 61 75
77 87 77 87
21 55 21 26 30 34 55
26 67 26 30 53 58 67
45 68 45 50 51 59 64 68
22 54 22 25 33 37 48 54
62 66 62 63 66
7 70 7 14 28 37 40 62 70
49 77 49 59 61 66 77
40 64 40 42 46 49 51 59 64
3 54 3 9 17 26 30 32 48 54
15 30 15 26 30
9 82 9 17 70 72 78 81 82
6 25 6 15 25
28 68 28 35 59 61 64 68
28 79 28 39 41 79
33 73 33 67 73
55 66 55 61 66
5 6 5 6
20 55 20 30 34 45 55
38 46 38 42 46
18 42 18 22 33 37 40 42
29 36 29 36
81 83 81 83
2 58 2 13 26 40 43 46 49 51 58
7 28 7 28
49 80 49 59 61 66 78 80
13 57 13 16 31 39 57
27 78 27 34 55 58 78
17 68 17 34 45 55 61 64 68
1 7 1 7
27 34 27 34
1 18 1 2 18
12 78 12 41 66 78
52 80 52 78 80
10 48 10 30 32 48
20 86 20 26 75 78 80 81 83 86
8 29 8 13 14 19 27 29
79 81 79 81
21 74 21 59 64 68 74
38 72 38 41 50 58 67 72
79 87 79 81 82 87
1 26 1 19 20 26
21 88 21 42 88
6 27 6 27
3 11 3 11
0 49 0 17 25 35 43 46 49
0 33 0 17 33
27 40 27 29 36 37 40
61 86 61 83 86
5 64 5 25 40 51 59 61 64
34 54 34 48 54
46 64 46 49 51 59 64
2 77 2 56 62 63 66 77
40 85 40 43 52 78 85
80 85 80 81 82 85
10 39 10 30 39
40 88 40 82 85 88
17 78 17 78
42 70 42 70
34 41 34 38 41
67 89 67 77 89
11 65 11 20 49 59 64 65
28 85 28 64 68 74 82 85
23 37 23 25 33 37
12 41 12 27 41
38 51 38 49 51
43 87 43 52 80 81 82 87
11 75 11 33 37 50 58 61 75
18 74 18 20 39 58 64 68 74
31 79 31 43 44 55 63 79
18 28 18 19 26 28
2 25 2 14 25
70 86 70 71 83 86
24 55 24 34 45 55
19 74 19 56 62 74
26 67 26 67
10 48 10 24 27 32 48
28 85 28 58 78 81 82 85
13 28 13 28
27 75 27 41 49 59 61 75
8 36 8 13 36
1 19 1 3 14 19
9 57 9 16 38 42 57
29 57 29 37 40 42 57
3 56 3 15 22 31 56
55 77 55 63 66 77
48 80 48 58 78 80
48 79 48 79
11 51 11 18 27 44 51
6 34 6 15 21 26 30 34
38 87 38 70 72 78 81 82 87
61 81 61 64 80 81
6 27 6 18 19 27
1 76 1 26 68 69 76
32 85 32 48 79 80 81 82 85
87 88 87 88
51 74 51 61 64 68 74
0 79 0 20 26 30 34 38 63 79
4 21 4 21
33 85 33 52 64 80 81 82 85
21 44 21 40 43 44
2 9 2 9
0 17 0 10 17
27 45 27 34 45
23 28 23 28
15 69 15 60 69
59 68 59 64 68
52 89 52 78 81 83 89
27 58 27 41 53 58
26 38 26 30 34 38
4 8 4 8
42 65 42 57 63 65
7 89 7 15 26 40 72 84 89
42 79 42 62 63 79
33 39 33 39
4 78 4 21 40 51 59 61 66 78
58 84 58 61 66 71 84
2 14 2 14
66 78 66 78
0 43 0 13 26 40 43
6 73 6 15 21 42 46 49 51 67 73
78 82 78 80 82
20 34 20 26 30 34
7 44 7 28 37 40 43 44
80 82 80 82
14 30 14 19 30
0 88 0 70 80 83 86 88
9 56 9 13 26 28 35 56
11 75 11 35 39 41 59 61 75
5 6 5 6
33 75 33 61 75
25 85 25 33 61 64 80 81 82 85
30 32 30 32
46 88 46 88
51 81 51 80 81
9 64 9 13 29 36 37 50 59 64
17 57 17 26 40 42 57
30 83 30 50 67 78 81 83
79 88 79 88
62 70 62 70
35 43 35 43
14 25 14 25
16 86 16 27 53 80 83 86
10 62 10 30 34 38 42 62
17 29 17 29
18 48 18 21 26 30 34 48
58 68 58 68
18 82 18 34 54 81 82
21 42 21 40 42
56 78 56 78
19 52 19 27 29 48 52
37 42 37 40 42
23 68 23 55 58 64 68
1 76 1 68 69 76
24 32 24 27 32
13 88 13 64 82 85 88
80 81 80 81
33 48 33 37 48
9 39 9 16 24 33 39
33 70 33 62 70
14 66 14 42 57 63 66
45 83 45 50 79 81 83
9 56 9 16 23 25 35 56
1 29 1 13 16 27 29
13 44 13 14 34 44
20 82 20 39 60 82
43 69 43 46 49 69
28 80 28 37 48 72 78 80
29 59 29 48 54 59
8 19 8 13 14 19
20 52 20 23 32 48 52
60 80 60 66 78 80
48 61 48 61
37 65 37 52 64 65
21 71 21 70 71
18 70 18 22 31 39 41 70
22 87 22 34 81 82 87
68 85 68 74 82 85
32 48 32 48
72 81 72 78 80 81
59 88 59 66 83 86 88
17 81 17 81
24 40 24 29 36 37 40
24 34 24 30 34
55 63 55 63
36 73 36 43 44 55 58 67 73
2 25 2 9 16 23 25
42 60 42 46 49 51 60
55 69 55 61 64 69
40 47 40 43 47
30 78 30 50 60 66 78
0 20 0 10 17 20
13 36 13 14 19 27 29 36
49 69 49 69
8 74 8 40 49 59 64 68 74
28 61 28 46 49 59 61
51 83 51 67 78 80 81 83
25 48 25 33 37 48
37 63 37 40 62 63
15 22 15 22
50 68 50 64 68
25 74 25 61 64 68 74
3 29 3 11 27 29
60 86 60 86
23 39 23 25 33 39
20 55 20 32 44 55
5 32 5 24 27 32
25 71 25 63 66 71
13 77 13 24 34 46 49 59 61 66 77
25 65 25 57 63 65
11 20 11 20
21 66 21 26 30 32 66
81 83 81 83
44 78 44 63 66 78
19 75 19 30 39 41 47 75
3 16 3 9 16
7 44 7 15 22 31 43 44
54 87 54 67 72 87
69 82 69 76 82
33 54 33 37 48 54
20 30 20 30
27 84 27 54 67 72 84
59 86 59 86
80 89 80 83 89
48 54 48 54
49 73 49 51 73
26 28 26 28
31 75 31 43 46 49 59 61 75
49 88 49 76 82 85 88
47 61 47 61
2 37 2 23 37
19 74 19 30 50 58 64 68 74
7 74 7 42 57 74
0 20 0 13 20
33 78 33 72 78
3 23 3 11 18 19 20 23
40 64 40 42 46 49 51 59 64
25 86 25 35 41 47 61 66 71 83 86
0 45 0 10 30 34 45
11 44 11 27 44
19 78 19 27 53 59 61 75 78
40 75 40 43 46 49 51 61 75
21 59 21 42 59
3 59 3 27 54 59
8 83 8 28 41 49 72 78 80 83
7 29 7 27 29
1 26 1 7 14 19 26
3 79 3 21 26 28 39 41 63 79
14 78 14 78
33 48 33 37 48
27 63 27 41 57 63
57 83 57 83
38 72 38 42 46 49 72
28 48 28 37 48
10 30 10 30
1 32 1 2 23 32
9 64 9 46 49 59 61 64
17 79 17 33 62 63 79
10 65 10 48 52 64 65
2 73 2 31 39 58 73
54 80 54 67 72 78 80
1 82 1 3 23 32 48 72 78 80 82
10 36 10 24 29 36
2 50 2 9 29 37 50
14 68 14 21 59 64 68
57 82 57 63 82
30 64 30 50 51 59 61 64
20 40 20 23 28 37 40
12 62 12 24 27 34 38 42 62
29 75 29 75
12 76 12 26 55 61 64 69 76
33 80 33 67 72 78 80
2 65 2 9 17 34 54 59 64 65
19 21 19 21
0 55 0 13 26 55
63 88 63 80 81 83 86 88
1 83 1 2 13 64 80 81 83
16 68 16 40 49 59 64 68
5 69 5 64 69
10 78 10 67 78
30 64 30 48 54 59 61 64
2 58 2 14 30 53 58
5 52 5 52
54 77 54 59 61 66 77
34 50 34 50
20 54 20 30 48 54
39 77 39 46 49 77
11 51 11 20 40 43 46 49 51
6 31 6 16 31
34 62 34 38 42 62
0 54 0 48 54
62 65 62 65
35 76 35 56 64 69 76
41 81 41 72 78 80 81
49 86 49 59 86
50 51 50 51
30 69 30 49 51 64 68 69
6 18 6 18
4 77 4 41 63 66 77
52 89 52 89
14 78 14 31 43 44 55 58 61 66 78
76 85 76 82 85
31 43 31 43
35 41 35 41
28 35 28 35
6 50 6 18 34 45 50
11 18 11 18
1 83 1 19 27 54 80 83
52 86 52 80 83 86
7 53 7 26 30 39 41 53
52 89 52 64 80 81 83 89
67 82 67 78 81 82
56 82 56 82
10 57 10 17 55 57
10 54 10 30 48 54
36 47 36 37 40 43 47
72 81 72 78 80 81
40 85 40 51 74 82 85
28 55 28 37 40 43 44 55
6 50 6 15 21 26 30 39 41 50
1 50 1 26 30 41 50
14 25 14 25
25 85 25 38 59 66 71 82 85
33 84 33 46 49 59 64 71 84
49 88 49 85 88
24 76 24 34 59 69 76
55 61 55 58 61
10 70 10 44 55 70
23 49 23 37 40 49
26 52 26 30 34 45 52
60 66 60 66
43 53 43 47 53
28 51 28 35 43 44 51
11 40 11 20 40
7 38 7 15 22 34 38
48 72 48 58 67 72
26 37 26 28 37
40 82 40 43 75 82
32 68 32 53 58 68
50 78 50 58 61 75 78
57 66 57 63 66
22 42 22 33 37 40 42
6 44 6 17 32 44
17 29 17 29
8 19 8 9 13 14 19
30 39 30 39
14 66 14 30 49 59 61 66
51 68 51 64 68
17 75 17 20 32 58 61 75
47 80 47 75 78 80
15 60 15 46 49 51 60
50 76 50 64 69 76
46 49 46 49
11 59 11 20 54 59
33 53 33 37 40 43 47 53
6 39 6 18 19 21 26 30 39
2 56 2 14 28 35 56
2 87 2 18 76 82 87
8 87 8 34 67 78 81 82 87
59 82 59 61 75 80 81 82
29 72 29 57 72
17 78 17 33 62 70 72 78
48 88 48 52 71 82 85 88
4 49 4 49
83 86 83 86
16 89 16 89
38 83 38 59 61 83
33 54 33 37 48 54
18 21 18 19 21
41 78 41 78
56 82 56 74 82
9 45 9 16 24 27 34 45
11 52 11 18 19 20 26 30 32 48 52
79 82 79 80 81 82
43 44 43 44
40 43 40 43
45 80 45 75 78 80
50 85 50 82 85
10 32 10 24 30 32
1 9 1 2 9
36 81 36 60 78 81
13 76 13 24 55 61 64 69 76
33 69 33 51 59 69
55 81 55 67 72 78 80 81
19 71 19 62 63 66 71
50 73 50 51 67 73
35 71 35 41 66 71
60 87 60 66 78 81 82 87
1 39 1 2 23 35 39
7 85 7 56 78 81 82 85
38 51 38 49 51
33 46 33 46
25 57 25 35 39 41 57
3 33 3 16 24 33
27 57 27 34 55 57
48 78 48 52 78
33 72 33 52 67 72
9 79 9 17 26 38 41 63 79
11 20 11 18 20
84 88 84 88
14 19 14 19
58 67 58 67
14 41 14 30 39 41
34 73 34 44 53 58 73
46 51 46 49 51
54 64 54 59 64
18 20 18 19 20
9 49 9 13 36 43 46 49
19 72 19 20 49 72
33 64 33 39 58 64
37 51 37 50 51
63 87 63 66 77 87
31 68 31 68
25 33 25 33
49 65 49 59 64 65
3 60 3 33 37 51 60
66 77 66 77
10 89 10 30 49 59 77 89
30 63 30 39 57 63
4 74 4 74
72 82 72 78 81 82
54 72 54 67 72
14 77 14 59 66 77
0 52 0 45 52
23 55 23 37 40 43 44 55
41 57 41 57
41 65 41 59 64 65
29 70 29 37 62 70
18 74 18 20 55 61 64 68 74
6 21 6 18 19 21
56 80 56 62 63 80
42 51 42 46 49 51
7 85 7 29 75 80 81 82 85
28 49 28 49
31 43 31 43
14 21 14 21
0 44 0 10 32 44
10 47 10 30 39 41 47
26 30 26 30
34 48 34 48
21 42 21 40 42
50 58 50 51 58
32 68 32 58 68
27 79 27 79
23 75 23 37 59 61 75
18 49 18 27 34 46 49
6 50 6 30 34 38 41 50
9 30 9 16 24 30
0 46 0 43 46
15 78 15 25 62 63 66 78
22 64 22 43 64
33 50 33 39 41 50
24 59 24 32 53 59
23 33 23 25 33
8 21 8 9 13 14 19 21
40 77 40 49 51 61 66 77
78 84 78 84
23 77 23 49 59 77
10 50 10 34 45 50
37 76 37 59 69 76
41 78 41 72 78
70 86 70 80 81 83 86
83 89 83 89
18 64 18 22 33 52 64
16 80 16 50 64 80
28 88 28 77 87 88
32 66 32 66
58 73 58 73
34 70 34 45 70
8 30 8 13 26 30
1 2 1 2
3 22 3 15 22
4 79 4 13 36 50 79
13 85 13 48 72 82 85
72 78 72 78
35 62 35 43 62
47 67 47 67
25 44 25 40 43 44
3 33 3 14 19 33
70 82 70 81 82
19 72 19 56 62 72
4 78 4 49 59 61 66 78
33 51 33 51
11 54 11 21 26 28 37 48 54
43 76 43 64 69 76
27 58 27 41 53 58
28 78 28 78
15 58 15 30 48 58
32 58 32 53 58
17 57 17 33 37 40 43 44 55 57
33 78 33 78
25 74 25 38 42 59 61 64 68 74
52 80 52 64 80
14 27 14 19 27
52 72 52 67 72
29 77 29 57 63 66 77
17 54 17 32 48 54
35 50 35 41 50
27 62 27 34 38 42 62
42 82 42 59 61 75 80 82
8 78 8 34 50 60 66 78
8 27 8 13 24 27
29 81 29 81
33 51 33 49 51
1 82 1 26 30 48 75 78 80 82
49 88 49 72 86 88
66 77 66 77
19 38 19 38
51 73 51 73
42 66 42 57 63 66
66 81 66 78 81
9 62 9 62
45 63 45 57 63
6 40 6 16 23 28 37 40
72 87 72 78 81 82 87
30 57 30 34 38 42 57
36 55 36 55
39 63 39 41 63
27 72 27 29 36 67 72
10 57 10 17 55 57
2 51 2 14 30 49 51
1 3 1 3
16 47 16 31 43 47
2 58 2 18 21 40 51 58
1 88 1 72 82 87 88
3 32 3 18 19 20 23 32
7 69 7 38 59 64 68 69
66 78 66 78
11 68 11 33 51 59 64 68
6 18 6 18
15 25 15 25
9 53 9 20 32 44 53
83 89 83 89
18 42 18 20 23 37 40 42
24 54 24 32 48 54
40 79 40 63 79
1 3 1 3
2 85 2 23 68 74 85
12 73 12 27 52 67 73
51 81 51 67 78 81
34 49 34 46 49
29 72 29 57 72
10 45 10 24 27 34 45
19 28 19 26 28
45 69 45 50 51 64 68 69
31 61 31 43 46 49 59 61
21 30 21 26 30
10 79 10 30 48 79
80 89 80 83 89
41 72 41 47 53 72
0 24 0 10 24
4 72 4 49 51 58 67 72
50 58 50 58
5 37 5 25 33 37
20 54 20 32 48 54
30 34 30 34
9 49 9 16 27 34 46 49
5 6 5 6
9 77 9 45 50 67 77
5 70 5 33 62 70
32 89 32 89
14 34 14 34
28 58 28 46 49 51 58
56 82 56 78 81 82
35 56 35 56
14 60 14 42 51 60
19 20 19 20
6 57 6 31 43 44 55 57
9 59 9 39 41 49 51 59
17 78 17 34 47 61 66 78
21 81 21 40 64 80 81
15 77 15 58 77
2 31 2 14 31
79 86 79 86
51 71 51 58 64 71
21 40 21 26 40
28 68 28 68
59 66 59 61 66
29 36 29 36
5 70 5 36 37 40 62 70
13 33 13 14 19 20 23 25 33
37 60 37 40 43 46 49 51 60
17 86 17 60 66 78 81 83 86
29 80 29 70 80
29 79 29 48 79
60 77 60 66 77
16 33 16 24 33
48 54 48 54
5 71 5 36 43 62 63 66 71
20 52 20 26 28 35 43 52
37 70 37 40 62 70
41 63 41 57 63
14 52 14 30 32 48 52
9 41 9 13 28 39 41
43 52 43 52
24 39 24 33 39
32 89 32 44 63 79 83 89
1 32 1 19 20 23 32
80 85 80 82 85
49 67 49 51 58 67
76 88 76 82 87 88
1 53 1 13 36 37 40 43 44 53
0 33 0 10 17 25 33
28 49 28 35 43 46 49
0 45 0 13 16 27 34 45
19 62 19 38 42 62
52 72 52 67 72
3 66 3 37 50 51 58 61 66
50 51 50 51
0 55 0 20 32 44 55
25 89 25 89
60 86 60 78 80 81 83 86
33 76 33 64 68 69 76
35 74 35 39 58 61 64 68 74
4 60 4 40 43 44 60
77 89 77 89
8 54 8 9 13 24 34 54
14 34 14 30 34
40 72 40 43 70 72
46 68 46 49 51 58 61 64 68
76 88 76 82 85 88
2 50 2 9 13 20 39 41 50
27 68 27 41 53 58 61 64 68
9 44 9 32 44
8 13 8 13
28 43 28 35 43
15 64 15 21 42 64
11 25 11 18 19 20 23 25
24 52 24 43 52
12 58 12 41 53 58
9 13 9 13
59 71 59 64 71
10 48 10 24 27 34 48
59 82 59 64 80 81 82
39 69 39 60 69
13 55 13 14 19 27 29 43 44 55
6 80 6 18 19 33 46 49 59 61 66 78 80
23 77 23 32 53 77
11 25 11 20 23 25
14 84 14 42 51 64 71 84
25 64 25 64
59 88 59 71 83 88
7 54 7 14 21 26 28 37 48 54
77 89 77 89
7 22 7 15 22
27 51 27 41 50 51
4 26 4 8 13 14 19 20 26
39 87 39 76 82 87
58 66 58 61 66
0 52 0 13 14 19 30 48 52
8 82 8 58 78 81 82
59 74 59 64 68 74
17 86 17 25 63 66 83 86
4 70 4 56 62 70
49 73 49 51 67 73
25 49 25 33 37 40 43 46 49
39 89 39 60 66 78 80 83 89
22 50 22 31 39 41 50
13 75 13 36 37 48 54 75
15 56 15 26 28 35 56
38 50 38 41 50
19 44 19 20 32 44
69 82 69 76 82
22 73 22 31 43 46 49 51 73
13 23 13 14 19 20 23
45 64 45 50 59 61 64
28 43 28 37 40 43
6 50 6 18 21 26 30 41 50
15 31 15 22 31
3 50 3 15 25 33 39 41 50
17 86 17 32 66 71 83 86
11 64 11 33 64
30 80 30 54 67 78 80
58 66 58 61 66
26 40 26 28 37 40
82 85 82 85
7 48 7 27 32 48
30 61 30 41 59 61
78 82 78 81 82
1 35 1 7 26 28 35
39 60 39 41 49 51 60
37 76 37 49 76
27 44 27 34 44
6 16 6 16
58 72 58 67 72
7 69 7 26 40 64 69
5 61 5 24 33 46 49 51 58 61
22 68 22 33 52 64 68
37 50 37 50
6 81 6 30 44 79 81
3 31 3 15 22 31
61 76 61 64 68 69 76
29 70 29 70
19 28 19 26 28
16 62 16 27 34 38 42 62
8 86 8 33 67 78 80 81 83 86
2 41 2 14 31 39 41
1 71 1 13 63 66 71
35 84 35 43 75 78 84
12 44 12 37 40 43 44
34 83 34 55 61 75 80 83
30 83 30 48 75 78 80 81 83
5 37 5 33 37
23 76 23 35 41 68 69 76
33 65 33 39 58 64 65
18 59 18 59
10 44 10 30 34 44
22 68 22 33 39 41 47 61 64 68
24 71 24 32 66 71
23 63 23 44 55 57 63
27 66 27 54 59 66
37 59 37 50 51 59
6 31 6 31
45 50 45 50
26 81 26 28 35 43 44 64 81
14 28 14 21 26 28
4 72 4 49 72
28 78 28 35 72 78
55 81 55 79 81
0 59 0 24 32 47 53 59
14 21 14 21
44 85 44 51 85
23 71 23 32 58 64 71
18 28 18 20 26 28
31 56 31 56
15 45 15 30 34 45
51 87 51 74 82 87
6 67 6 24 29 43 44 51 67
36 49 36 37 40 43 46 49
21 68 21 59 64 68
23 80 23 49 72 78 80
17 75 17 34 45 55 58 61 75
36 37 36 37
19 56 19 20 26 28 35 56
17 42 17 25 40 42
8 53 8 9 16 31 39 41 53
33 49 33 37 40 43 46 49
6 30 6 17 20 30
41 49 41 49
2 44 2 31 43 44
6 36 6 27 29 36
59 68 59 61 64 68
18 22 18 22
34 52 34 45 52
38 41 38 41
34 89 34 67 78 84 89
0 51 0 43 44 51
14 88 14 77 87 88
26 52 26 30 34 45 52
12 38 12 26 30 34 38
51 83 51 59 64 80 83
32 51 32 51
21 59 21 59
8 69 8 41 53 58 68 69
54 71 54 71
20 68 20 23 44 64 68
2 14 2 13 14
11 18 11 18
39 63 39 41 57 63
38 72 38 41 72
9 60 9 24 43 44 51 60
60 66 60 66
37 87 37 59 71 82 87
52 84 52 67 78 84
9 62 9 16 24 29 36 37 40 62
39 63 39 41 63
47 80 47 80
8 73 8 13 46 49 51 73
12 57 12 24 43 44 55 57
75 78 75 78
9 82 9 17 81 82
38 89 38 42 46 49 51 61 64 71 83 89
40 68 40 42 59 64 68
5 49 5 37 49
19 41 19 30 34 38 41
32 68 32 48 52 64 68
38 41 38 41
9 17 9 17
21 54 21 26 28 37 48 54
78 84 78 84
31 50 31 39 41 50
46 82 46 49 72 78 81 82
22 66 22 59 61 66
2 78 2 63 66 78
16 27 16 24 27
6 70 6 30 34 55 70
10 54 10 24 33 37 48 54
28 60 28 41 49 51 60
2 88 2 31 56 64 82 87 88
3 58 3 11 20 39 41 50 58
31 43 31 43
12 47 12 17 26 38 41 47
55 81 55 61 64 80 81
1 29 1 13 14 19 27 29
5 44 5 7 14 21 26 28 37 40 43 44
39 63 39 41 57 63
33 72 33 37 40 72
1 20 1 3 11 18 20
11 75 11 27 41 53 58 61 75
24 51 24 43 46 49 51
2 50 2 31 39 41 50
5 51 5 33 37 40 51
44 68 44 51 61 64 68
0 78 0 67 78
11 86 11 64 86
16 34 16 27 34
25 40 25 40
4 63 4 23 32 44 55 57 63
13 87 13 46 77 87
19 48 19 33 37 48
13 23 13 14 19 20 23
22 62 22 33 62
62 63 62 63
15 53 15 26 28 41 47 53
0 79 0 57 63 79
10 63 10 24 27 32 44 55 63
2 26 2 18 19 26
55 70 55 70
41 77 41 57 63 66 77
14 79 14 19 62 63 79
16 76 16 76
15 26 15 21 26
49 51 49 51
53 65 53 59 61 64 65
25 83 25 62 70 81 83
34 70 34 38 41 70
14 30 14 19 21 26 30
39 60 39 46 49 51 60
4 37 4 8 9 20 23 28 37
1 30 1 26 30
82 85 82 85
15 26 15 21 26
26 81 26 75 80 81
37 86 37 52 78 81 83 86
42 69 42 64 68 69
53 67 53 58 67
40 52 40 43 52
5 73 5 52 67 73
19 27 19 27
34 57 34 44 55 57
28 89 28 49 77 89
9 77 9 60 66 77
12 23 12 17 20 23
71 83 71 83
14 48 14 34 48
16 28 16 23 28
42 46 42 46
11 59 11 27 29 43 44 51 59
20 68 20 54 59 64 68
64 89 64 80 83 89
9 37 9 16 23 25 33 37
18 33 18 22 25 33
84 88 84 88
16 75 16 40 43 46 49 51 59 61 75
26 83 26 55 58 67 78 80 83
11 89 11 20 40 60 78 81 83 89
47 73 47 53 58 73
19 49 19 21 26 42 46 49
43 80 43 44 79 80
6 67 6 30 49 51 58 67
64 68 64 68
18 33 18 20 23 25 33
40 82 40 51 61 66 71 82
25 46 25 40 42 46
28 41 28 35 41
54 64 54 59 61 64
60 69 60 69
12 76 12 27 54 59 69 76
4 85 4 56 64 68 69 76 82 85
4 40 4 21 40
75 87 75 80 82 87
40 75 40 49 59 61 75
44 61 44 51 58 61
48 61 48 58 61
8 75 8 41 50 58 61 75
25 64 25 35 59 61 64
63 88 63 66 78 85 88
22 31 22 31
31 75 31 39 41 50 51 58 61 75
28 76 28 68 69 76
23 65 23 55 63 65
23 88 23 70 86 88
11 21 11 21
37 52 37 52
7 66 7 15 22 33 39 60 66
25 35 25 35
27 54 27 54
40 62 40 42 62
12 20 12 17 20
34 49 34 46 49
48 82 48 58 78 81 82
27 63 27 41 57 63
23 75 23 32 58 61 75
1 89 1 2 89
22 34 22 34
8 82 8 40 49 59 61 64 81 82
2 9 2 9
81 83 81 83
26 50 26 38 41 50
7 45 7 45
10 67 10 52 67
46 82 46 49 59 69 76 82
16 68 16 31 68
22 78 22 25 57 63 66 78
3 25 3 9 13 14 25
61 75 61 75
12 28 12 17 20 23 28
34 63 34 55 63
50 67 50 58 67
4 76 4 30 34 47 53 59 69 76
63 82 63 66 78 81 82
8 70 8 40 43 70
62 82 62 72 78 80 81 82
5 51 5 25 38 49 51
71 83 71 83
21 61 21 40 49 59 61
38 85 38 63 66 71 82 85
5 6 5 6
63 71 63 66 71
8 65 8 28 35 63 65
22 68 22 34 55 58 68
0 46 0 43 46
12 74 12 26 28 64 68 74
37 77 37 48 61 66 77
56 64 56 64
16 48 16 48
59 77 59 61 66 77
8 47 8 28 41 47
26 84 26 40 78 84
30 44 30 34 44
20 85 20 49 85
6 47 6 21 26 38 41 47
50 67 50 51 58 67
8 29 8 13 29
64 68 64 68
4 28 4 13 26 28
37 49 37 40 42 46 49
63 79 63 79
70 80 70 80
13 84 13 48 52 71 84
41 57 41 57
10 85 10 67 72 78 81 82 85
10 60 10 44 51 60
23 41 23 28 35 39 41
53 80 53 59 66 78 80
0 81 0 17 55 67 72 78 81
3 53 3 11 33 39 41 53
4 8 4 8
32 58 32 48 58
11 75 11 33 49 59 61 75
44 75 44 55 58 61 75
16 29 16 24 29
12 25 12 17 20 23 25
28 39 28 35 39
44 67 44 55 67
18 19 18 19
41 47 41 47
21 62 21 26 40 43 62
49 69 49 69
47 58 47 53 58
58 69 58 68 69
27 88 27 79 88
11 61 11 18 22 25 61
22 34 22 34
23 87 23 25 35 39 46 49 69 87
16 60 16 29 43 44 51 60
40 52 40 43 52
26 56 26 28 35 56
18 68 18 21 42 59 61 64 68
7 39 7 33 39
41 77 41 67 77
6 34 6 17 26 30 34
80 82 80 82
51 89 51 61 75 78 84 89
0 29 0 10 17 29
7 57 7 27 34 38 41 57
27 41 27 34 38 41
26 74 26 42 64 68 74
25 65 25 62 63 65
63 78 63 66 78
34 78 34 45 67 72 78
7 63 7 56 62 63
8 80 8 13 20 32 51 61 66 78 80
33 39 33 39
6 20 6 17 20
5 7 5 7
22 59 22 43 44 53 59
0 64 0 47 53 59 64
12 44 12 29 43 44
17 82 17 78 81 82
43 73 43 44 73
16 30 16 24 30
17 88 17 29 81 82 85 88
3 87 3 14 31 43 52 78 81 82 87
21 62 21 40 43 62
64 80 64 80
33 78 33 67 78
37 78 37 72 78
12 50 12 17 29 36 50
10 52 10 30 32 48 52
14 70 14 42 62 70
12 75 12 17 33 46 49 51 61 75
4 66 4 21 40 62 63 66
9 17 9 17
3 82 3 38 60 69 76 82
62 77 62 63 66 77
48 52 48 52
83 88 83 88
31 62 31 56 62
23 47 23 28 35 43 47
63 78 63 66 78
51 74 51 61 64 68 74
26 65 26 55 63 65
36 86 36 59 66 83 86
56 78 56 62 72 78
14 86 14 30 48 61 66 71 83 86
4 30 4 8 9 17 26 30
23 68 23 32 48 52 64 68
18 48 18 19 26 30 48
42 75 42 46 49 59 61 75
21 67 21 58 67
10 24 10 24
7 34 7 27 34
6 29 6 16 24 27 29
22 43 22 43
8 73 8 13 16 48 54 67 73
34 44 34 44
56 71 56 64 71
30 65 30 41 63 65
3 22 3 18 22
57 80 57 80
18 80 18 22 34 54 72 78 80
14 48 14 34 48
7 64 7 56 64
35 71 35 63 66 71
8 80 8 41 47 75 78 80
54 88 54 86 88
39 69 39 69
8 29 8 13 29
60 78 60 78
55 61 55 61
19 48 19 27 34 48
38 65 38 65
8 65 8 13 46 49 59 65
13 36 13 16 29 36
40 62 40 62
33 50 33 39 41 50
11 27 11 27
33 67 33 39 41 53 58 67
33 80 33 61 66 78 80
37 87 37 59 64 71 82 87
47 81 47 75 80 81
6 27 6 16 27
24 51 24 32 51
22 35 22 25 35
59 83 59 71 83
66 71 66 71
10 65 10 47 53 58 64 65
35 79 35 39 41 50 79
56 64 56 64
64 88 64 87 88
67 84 67 72 84
8 33 8 13 24 33
23 65 23 25 40 43 52 64 65
7 87 7 87
48 80 48 61 75 78 80
71 82 71 82
39 66 39 60 66
9 58 9 45 50 51 58
48 83 48 83
13 31 13 16 31
4 74 4 74
40 63 40 43 44 55 57 63
68 69 68 69
34 78 34 59 61 75 78
37 88 37 52 86 88
19 33 19 33
28 57 28 37 40 43 44 55 57
3 13 3 9 13
0 75 0 45 61 75
62 82 62 74 82
46 64 46 49 51 58 64
10 44 10 44
24 73 24 55 67 73
14 68 14 31 43 52 64 68
4 26 4 8 9 20 26
4 84 4 21 26 40 49 51 60 66 71 84
4 14 4 8 13 14
2 64 2 23 37 52 64
12 63 12 37 62 63
22 31 22 31
33 67 33 39 41 67
40 65 40 51 64 65
12 25 12 17 25
28 82 28 37 59 61 75 82
18 61 18 59 61
30 66 30 49 59 66
0 46 0 20 26 28 46
25 86 25 81 83 86
83 89 83 89
5 89 5 64 80 83 89
20 40 20 26 40
18 65 18 20 32 58 61 64 65
12 25 12 17 20 23 25
8 84 8 40 62 70 71 84
24 27 24 27
16 33 16 23 25 33
6 73 6 40 43 44 53 58 67 73
3 15 3 15
9 62 9 17 29 43 62
12 76 12 24 27 44 51 59 64 69 76
20 71 20 40 42 64 71
9 62 9 17 29 43 62
33 75 33 46 49 59 61 75
38 51 38 49 51
47 85 47 67 82 85
54 81 54 59 64 81
55 84 55 79 84
37 72 37 52 67 72
53 72 53 58 67 72
8 88 8 13 24 54 72 84 88
20 52 20 26 40 43 52
44 51 44 51
69 82 69 76 82
24 76 24 30 68 69 76
28 49 28 49
39 69 39 69
20 86 20 54 80 81 83 86
23 66 23 28 37 50 51 59 66
15 28 15 21 26 28
38 67 38 41 53 58 67
4 33 4 23 25 33
86 88 86 88
12 38 12 17 20 30 34 38
35 76 35 76
37 63 37 40 42 57 63
21 32 21 26 30 32
61 81 61 75 78 81
60 81 60 66 78 81
16 88 16 31 43 87 88
53 72 53 58 67 72
41 64 41 53 58 61 64
5 72 5 36 43 62 70 72
8 62 8 62
10 34 10 24 30 34
21 54 21 26 28 37 48 54
59 84 59 64 71 84
38 87 38 59 66 77 87
7 70 7 42 70
7 65 7 32 48 54 59 65
4 20 4 8 9 20
58 64 58 64
24 51 24 32 51
86 88 86 88
7 69 7 25 69
43 55 43 44 55
9 16 9 16
26 52 26 40 43 52
41 69 41 53 59 64 68 69
75 85 75 82 85
12 84 12 75 78 84
19 61 19 43 46 49 51 58 61
20 66 20 26 30 39 57 63 66
40 63 40 62 63
68 69 68 69
34 46 34 46
14 20 14 19 20
17 89 17 55 67 77 89
37 71 37 40 43 62 63 66 71
47 84 47 75 78 84
59 65 59 64 65
25 50 25 38 41 50
26 48 26 28 37 48
31 53 31 43 47 53
30 84 30 54 75 78 84
47 53 47 53
16 83 16 40 60 66 78 81 83
0 53 0 17 20 30 34 38 41 53
42 87 42 87
35 59 35 41 49 51 59
12 71 12 50 51 64 71
21 35 21 26 28 35
70 71 70 71
16 53 16 29 36 43 44 53
4 78 4 60 78
16 36 16 24 27 29 36
52 80 52 64 80
28 43 28 37 40 43
53 88 53 88
81 82 81 82
37 62 37 62
56 62 56 62
21 58 21 42 46 49 51 58
82 85 82 85
31 50 31 39 41 50
60 80 60 66 78 80
26 60 26 42 51 60
32 44 32 44
27 44 27 32 44
57 83 57 63 80 83
15 87 15 46 49 69 76 82 87
19 76 19 20 56 64 69 76
3 31 3 18 22 31
41 64 41 50 59 61 64
44 55 44 55
20 56 20 56
11 25 11 18 20 23 25
32 88 32 86 88
38 59 38 59
5 42 5 24 33 37 40 42
0 80 0 47 67 78 80
82 85 82 85
28 64 28 39 46 49 59 64
8 36 8 13 36
13 60 13 24 33 46 49 51 60
45 89 45 89
20 59 20 30 49 59
0 76 0 10 60 69 76
6 18 6 18
13 31 13 16 31
21 49 21 42 46 49
3 18 3 11 18
38 42 38 42
13 16 13 16
6 85 6 31 69 76 82 85
15 40 15 26 40
27 68 27 32 48 61 64 68
25 73 25 40 43 52 67 73
76 82 76 82
9 17 9 17
33 78 33 67 78
64 80 64 80
66 89 66 83 89
7 15 7 15
83 88 83 88
9 26 9 13 26
57 89 57 63 66 83 89
9 20 9 17 20
26 65 26 55 58 61 64 65
5 44 5 44
3 35 3 23 28 35
76 88 76 82 87 88
16 35 16 23 28 35
21 42 21 40 42
42 69 42 59 61 64 69
51 83 51 67 72 78 80 81 83
22 34 22 34
10 85 10 48 79 80 81 82 85
40 88 40 85 88
58 65 58 64 65
14 68 14 59 61 64 68
38 73 38 41 73
44 72 44 55 57 72
0 19 0 13 14 19
13 24 13 16 24
81 83 81 83
29 66 29 43 44 60 66
0 40 0 24 27 29 37 40
24 40 24 27 29 37 40
28 61 28 58 61
13 74 13 74
24 88 24 33 78 80 83 86 88
4 30 4 30
33 77 33 51 67 77
21 51 21 42 51
3 72 3 9 62 70 72
74 87 74 82 87
60 76 60 69 76
17 84 17 26 38 59 66 71 84
71 85 71 82 85
54 80 54 80
41 53 41 53
1 71 1 3 18 27 32 58 64 71
0 13 0 13
58 87 58 77 87
30 58 30 34 38 42 46 49 51 58
22 65 22 34 50 51 58 61 64 65
75 88 75 88
17 81 17 55 79 81
64 88 64 68 69 76 82 87 88
13 63 13 36 55 63
34 79 34 45 63 79
27 82 27 34 79 81 82
0 13 0 13
12 44 12 32 44
47 61 47 53 58 61
81 87 81 82 87
23 81 23 78 80 81
66 77 66 77
33 76 33 39 60 69 76
44 68 44 64 68
3 39 3 21 26 28 35 39
15 26 15 26
26 60 26 28 46 49 51 60
9 17 9 17
10 83 10 52 83
9 30 9 24 30
1 41 1 2 14 31 39 41
62 83 62 63 83
27 51 27 44 51
34 73 34 50 67 73
13 60 13 28 49 51 60
15 22 15 22
27 43 27 29 36 37 40 43
47 77 47 67 77
34 81 34 45 64 80 81
24 30 24 30
18 19 18 19
4 29 4 13 14 19 27 29
70 88 70 88
3 58 3 58
39 65 39 58 61 64 65
19 59 19 27 54 59
34 57 34 55 57
67 84 67 72 84
49 65 49 59 65
17 43 17 29 43
37 46 37 40 42 46
27 76 27 32 47 61 64 69 76
7 29 7 27 29
14 58 14 34 46 49 51 58
42 62 42 62
53 65 53 59 61 64 65
8 42 8 40 42
5 33 5 6 17 25 33
3 53 3 30 39 41 47 53
18 70 18 21 42 62 70
64 69 64 68 69
4 41 4 41
1 32 1 13 24 27 32
39 66 39 58 61 66
47 77 47 77
48 52 48 52
11 26 11 18 21 26
20 71 20 26 40 42 46 49 51 60 66 71
59 66 59 66
71 83 71 83
11 73 11 20 55 67 73
26 60 26 40 60
60 80 60 78 80
51 58 51 58
80 88 80 82 87 88
41 81 41 66 78 81
45 79 45 55 79
25 88 25 81 83 88
53 59 53 59
5 74 5 36 43 52 64 68 74
56 81 56 62 70 81
24 78 24 52 67 78
35 84 35 43 62 70 71 84
6 68 6 40 49 59 61 64 68
36 80 36 43 64 80
3 85 3 38 42 51 61 66 71 82 85
5 57 5 6 44 55 57
34 85 34 45 54 72 78 85
2 77 2 13 63 66 77
7 51 7 27 32 51
35 76 35 59 64 68 69 76
30 60 30 49 51 60
46 75 46 49 51 61 75
9 24 9 24
2 68 2 33 61 64 68
10 60 10 30 44 51 60
60 89 60 66 78 84 89
27 72 27 72
66 83 66 71 83
11 49 11 35 43 46 49
7 69 7 39 60 69
4 30 4 13 14 21 26 30
16 25 16 23 25
2 73 2 13 48 58 67 73
5 83 5 6 44 51 59 61 83
22 60 22 31 43 46 49 51 60
57 86 57 72 86
4 70 4 40 62 70
27 88 27 72 87 88
28 87 28 78 80 82 87
3 15 3 15
14 58 14 25 33 39 46 49 51 58
7 57 7 28 41 57
46 68 46 49 59 64 68
7 47 7 41 47
11 26 11 21 26
49 51 49 51
9 44 9 24 27 44
43 49 43 46 49
19 75 19 43 47 61 75
56 85 56 78 80 81 82 85
63 71 63 66 71
36 85 36 50 67 72 78 85
19 82 19 82
12 63 12 57 63
31 57 31 43 44 55 57
47 81 47 53 72 78 81
25 74 25 64 68 74
23 68 23 25 33 61 64 68
29 53 29 37 40 43 44 53
10 76 10 17 20 39 41 76
9 13 9 13
9 69 9 45 55 61 64 68 69
6 23 6 18 20 23
3 51 3 11 33 46 49 51
2 74 2 9 57 74
25 57 25 35 39 41 57
12 74 12 57 74
17 84 17 26 67 72 84
37 51 37 40 49 51
2 60 2 13 16 40 43 44 60
51 82 51 61 64 68 74 82
25 56 25 35 56
0 40 0 20 40
49 60 49 51 60
10 65 10 34 54 59 61 64 65
38 80 38 59 64 80
1 88 1 82 85 88
5 79 5 79
19 41 19 20 30 39 41
28 77 28 39 57 63 66 77
23 85 23 57 78 80 81 82 85
30 66 30 34 46 49 51 60 66
52 67 52 67
3 29 3 9 24 29
7 53 7 25 38 41 53
37 67 37 40 49 51 58 67
20 30 20 26 30
28 80 28 49 51 64 80
13 33 13 14 25 33
10 59 10 30 48 54 59
52 84 52 64 71 84
2 47 2 18 34 47
48 80 48 75 80
21 57 21 40 43 44 55 57
20 51 20 39 46 49 51
33 57 33 37 40 43 44 55 57
24 50 24 34 45 50
7 54 7 25 33 37 48 54
72 78 72 78
36 61 36 37 59 61
0 81 0 80 81
24 32 24 32
7 41 7 28 39 41
3 34 3 16 24 27 34
41 87 41 47 53 59 64 71 82 87
24 86 24 43 80 83 86
50 84 50 60 78 84
18 67 18 19 38 42 51 58 67
14 21 14 21
22 86 22 64 71 83 86
24 34 24 34
0 20 0 20
41 60 41 50 60
29 47 29 36 43 47
61 85 61 66 71 82 85
27 57 27 34 55 57
4 82 4 13 20 59 69 76 82
11 36 11 18 27 29 36
35 86 35 56 62 63 80 83 86
11 51 11 35 41 49 51
77 87 77 87
28 87 28 87
42 46 42 46
21 41 21 26 38 41
15 58 15 58
47 89 47 61 66 78 80 83 89
8 66 8 13 48 58 61 66
19 34 19 21 26 30 34
14 86 14 30 48 72 78 80 81 83 86
67 73 67 73
37 52 37 40 43 52
44 85 44 78 85
18 48 18 34 48
30 50 30 41 50
27 32 27 32
10 26 10 17 20 26
57 72 57 72
30 68 30 34 47 53 58 64 68
34 81 34 81
17 58 17 51 58
50 61 50 59 61
3 54 3 9 13 24 54
35 50 35 39 41 50
4 21 4 21
12 77 12 44 63 66 77
2 47 2 9 32 47
58 77 58 77
37 67 37 40 43 47 53 58 67
34 86 34 38 63 79 81 83 86
44 53 44 53
4 28 4 8 9 17 26 28
43 75 43 46 49 51 58 61 75
23 67 23 35 39 41 47 67
38 47 38 41 47
13 37 13 36 37
3 25 3 15 25
20 32 20 32
14 30 14 30
39 46 39 46
58 67 58 67
78 81 78 80 81
15 78 15 46 49 51 61 75 78
41 69 41 47 53 59 64 68 69
22 87 22 31 68 74 82 87
23 63 23 35 41 63
40 49 40 43 46 49
4 85 4 23 81 82 85
11 62 11 21 42 62
66 89 66 77 89
61 64 61 64
2 23 2 9 17 20 23
24 81 24 80 81
1 16 1 2 9 16
24 82 24 27 29 57 82
12 62 12 17 26 38 42 62
41 50 41 50
35 41 35 39 41
35 74 35 41 47 61 64 68 74
3 88 3 18 34 50 59 71 83 88
31 79 31 56 62 63 79
56 82 56 62 74 82
50 85 50 51 80 81 82 85
29 86 29 81 83 86
26 38 26 38
15 71 15 60 66 71
7 48 7 14 21 26 28 37 48
26 59 26 38 59
41 73 41 50 67 73
16 60 16 40 42 51 60
0 67 0 24 52 67
16 55 16 31 43 44 55
27 40 27 29 36 37 40
5 88 5 72 87 88
15 69 15 22 60 69
25 82 25 74 82
17 33 17 33
22 59 22 25 38 42 51 59
39 57 39 41 57
24 88 24 77 88
59 64 59 64
24 39 24 30 39
25 48 25 33 37 48
8 69 8 69
55 69 55 58 68 69
28 61 28 35 41 47 61
25 64 25 64
17 67 17 52 67
40 74 40 62 74
35 76 35 56 64 68 69 76
2 87 2 31 68 74 82 87
2 33 2 33
9 45 9 16 24 34 45
10 67 10 67
7 66 7 45 61 66
2 61 2 14 21 26 30 53 59 61
18 47 18 27 29 37 40 43 47
44 74 44 53 59 61 64 68 74
33 88 33 82 85 88
55 75 55 58 61 75
12 73 12 41 47 53 58 67 73
34 83 34 54 75 78 81 83
49 77 49 77
31 70 31 39 41 70
19 39 19 21 26 28 35 39
41 64 41 59 64
17 89 17 70 80 81 83 89
24 42 24 29 37 40 42
4 60 4 60
71 85 71 82 85
17 67 17 26 67
49 65 49 51 61 64 65
60 66 60 66
5 57 5 44 55 57
60 71 60 66 71
18 73 18 22 43 44 51 58 73
10 70 10 70
4 38 4 13 20 30 34 38
21 74 21 26 42 62 74
11 52 11 21 26 40 43 52
45 54 45 54
8 87 8 33 62 72 78 81 82 87
26 73 26 28 37 51 67 73
14 49 14 19 43 46 49
18 55 18 34 45 55
30 69 30 44 55 61 64 69
4 78 4 49 59 61 75 78
62 72 62 70 72
68 69 68 69
12 84 12 32 58 61 75 78 84
41 78 41 72 78
9 38 9 17 25 38
79 83 79 81 83
22 87 22 59 61 66 71 82 87
21 54 21 26 28 37 48 54
4 66 4 49 59 66
13 77 13 29 37 51 67 77
26 80 26 28 64 80
26 68 26 68
33 77 33 61 66 77
14 42 14 19 21 40 42
30 65 30 34 59 61 64 65
55 61 55 61
1 18 1 3 11 18
72 85 72 82 85
57 80 57 78 80
5 61 5 32 58 61
34 48 34 48
30 48 30 32 48
18 19 18 19
36 72 36 50 51 67 72
18 34 18 27 34
12 69 12 47 61 64 68 69
41 76 41 50 59 64 69 76
23 37 23 25 33 37
58 77 58 61 66 77
40 79 40 63 79
25 46 25 33 39 46
7 84 7 84
32 83 32 66 78 81 83
35 65 35 43 64 65
25 48 25 33 37 48
11 58 11 58
7 84 7 39 57 78 84
6 27 6 16 24 27
14 20 14 19 20
59 77 59 77
81 85 81 82 85
18 72 18 72
40 78 40 72 78
35 62 35 56 62
26 86 26 38 41 66 71 83 86
35 39 35 39
30 57 30 41 57
54 71 54 71
23 55 23 44 55
6 36 6 18 19 27 29 36
49 80 49 72 78 80
34 86 34 81 83 86
15 45 15 21 26 30 34 45
22 54 22 34 54
36 76 36 60 69 76
43 53 43 47 53
43 86 43 47 80 81 83 86
0 88 0 20 30 80 83 86 88
0 40 0 20 23 25 33 37 40
4 87 4 8 62 74 82 87
75 78 75 78
7 53 7 28 41 53
37 66 37 48 54 59 61 66
6 58 6 15 58
75 80 75 78 80
22 88 22 43 70 88
58 82 58 78 81 82
10 67 10 32 53 58 67
17 20 17 20
46 51 46 49 51
37 49 37 49
63 80 63 79 80
5 74 5 33 39 58 61 64 68 74
22 66 22 33 51 58 61 66
23 42 23 37 40 42
43 52 43 52
8 58 8 9 13 46 49 51 58
12 69 12 60 69
11 80 11 27 53 80
0 85 0 79 81 82 85
9 13 9 13
2 31 2 14 31
59 74 59 64 68 74
2 24 2 13 24
56 81 56 62 72 78 81
13 46 13 14 19 33 46
79 89 79 80 83 89
66 89 66 83 89
22 85 22 43 47 53 58 78 85
25 64 25 40 42 51 61 64
7 51 7 15 26 42 51
82 85 82 85
25 79 25 35 39 57 63 79
20 39 20 30 39
27 68 27 34 50 58 64 68
57 81 57 80 81
81 83 81 83
56 77 56 62 63 66 77
26 52 26 28 37 52
8 29 8 9 16 27 29
16 33 16 24 33
12 17 12 17
13 16 13 16
6 61 6 30 53 58 61
33 48 33 37 48
36 86 36 66 78 80 83 86
13 86 13 48 58 64 81 83 86
26 73 26 38 49 51 58 73
16 48 16 28 37 48
75 88 75 88
31 79 31 56 62 63 79
81 88 81 83 86 88
54 87 54 72 82 87
32 64 32 44 61 64
0 57 0 43 44 55 57
27 70 27 44 55 70
1 50 1 7 14 19 38 41 50
9 25 9 17 25
0 33 0 24 33
6 59 6 30 53 59
2 59 2 31 39 46 49 59
26 39 26 30 39
51 71 51 61 66 71
64 87 64 68 69 87
21 57 21 42 57
21 66 21 26 40 49 59 61 66
11 88 11 58 87 88
44 79 44 79
49 73 49 51 73
9 13 9 13
24 55 24 43 44 55
31 86 31 43 52 64 71 83 86
23 57 23 25 38 42 57
37 70 37 40 43 70
36 71 36 37 50 64 71
36 83 36 60 78 80 83
79 88 79 84 88
12 87 12 29 36 55 63 66 77 87
5 23 5 6 18 19 20 23
26 48 26 28 37 48
6 85 6 27 58 85
1 86 1 39 41 67 78 80 83 86
38 70 38 42 70
15 77 15 22 33 39 58 77
11 77 11 77
34 89 34 48 75 80 81 83 89
26 45 26 30 34 45
1 9 1 2 9
30 53 30 39 41 53
9 82 9 29 57 74 82
70 80 70 80
51 74 51 61 64 68 74
22 62 22 43 62
72 78 72 78
22 64 22 59 64
33 67 33 52 67
42 49 42 46 49
76 85 76 82 85
0 17 0 17
21 32 21 26 30 32
36 86 36 50 79 86
2 38 2 23 25 38
21 70 21 26 30 39 41 70
15 79 15 21 42 62 63 79
37 72 37 48 52 67 72
4 70 4 41 70
16 60 16 40 51 60
16 87 16 80 81 82 87
54 85 54 81 82 85
36 73 36 48 54 67 73
60 82 60 66 78 81 82
35 69 35 41 59 64 68 69
23 87 23 82 87
17 57 17 20 26 55 57
42 79 42 57 63 79
11 35 11 35
15 56 15 25 35 56
41 83 41 72 78 81 83
30 50 30 34 45 50
75 88 75 88
24 81 24 30 34 47 67 78 81
57 63 57 63
14 88 14 68 74 82 87 88
49 74 49 59 64 68 74
74 82 74 82
5 83 5 7 39 41 63 79 80 83
13 74 13 20 26 55 58 61 64 68 74
9 77 9 46 49 59 61 66 77
26 50 26 30 41 50
83 88 83 86 88
28 61 28 58 61
14 55 14 31 43 44 55
45 89 45 55 89
39 76 39 69 76
14 70 14 42 62 70
7 62 7 29 36 37 40 42 62
40 53 40 43 47 53
4 38 4 21 26 38
18 64 18 59 61 64
39 76 39 41 53 58 64 68 69 76
37 49 37 49
79 86 79 80 81 83 86
44 76 44 60 69 76
43 73 43 46 49 51 58 73
23 74 23 57 74
18 85 18 19 27 58 64 82 85
29 81 29 57 78 80 81
26 85 26 69 76 82 85
2 63 2 23 25 57 63
50 76 50 59 64 69 76
32 63 32 44 63
59 86 59 66 78 80 83 86
48 72 48 54 67 72
11 76 11 64 69 76
37 40 37 40
13 29 13 16 29
24 48 24 30 34 48
9 50 9 39 41 50
23 78 23 32 51 61 66 78
46 61 46 49 59 61
18 51 18 19 30 34 44 51
2 51 2 14 34 46 49 51
23 82 23 49 59 69 76 82
2 36 2 18 19 27 29 36
16 48 16 28 37 48
9 71 9 17 58 64 71
41 83 41 59 61 75 80 81 83
10 44 10 24 30 44
55 81 55 58 67 78 81
71 88 71 84 88
21 67 21 40 49 51 67
33 64 33 39 58 61 64
19 46 19 38 42 46
36 74 36 50 58 64 68 74
3 85 3 38 42 59 69 76 82 85
14 52 14 34 45 52
41 83 41 49 51 67 72 78 80 81 83
20 68 20 40 42 46 49 51 61 64 68
45 83 45 63 83
9 57 9 39 57
46 51 46 49 51
18 28 18 19 26 28
27 78 27 72 78
34 55 34 55
38 41 38 41
9 66 9 39 58 61 66
54 73 54 67 73
45 57 45 55 57
15 69 15 60 69
24 43 24 27 29 43
39 41 39 41
9 56 9 20 23 35 56
32 47 32 47
36 50 36 50
54 76 54 59 64 68 69 76
37 72 37 51 58 67 72
43 47 43 47
29 64 29 43 44 61 64
46 60 46 49 51 60
21 89 21 58 64 80 83 89
12 32 12 17 32
12 86 12 75 83 86
83 86 83 86
16 89 16 24 81 83 89
8 83 8 34 55 61 83
1 61 1 49 59 61
7 74 7 49 51 61 64 68 74
28 60 28 46 49 51 60
14 52 14 21 26 28 37 52
72 83 72 78 80 83
51 71 51 61 66 71
8 20 8 9 17 20
55 77 55 63 66 77
8 77 8 34 48 61 66 77
83 88 83 88
5 6 5 6
58 61 58 61
60 76 60 69 76
6 26 6 18 21 26
21 65 21 58 64 65
53 84 53 84
25 59 25 38 49 59
24 39 24 30 39
10 67 10 48 58 67
36 67 36 43 44 53 58 67
21 41 21 26 28 35 39 41
27 76 27 32 47 61 64 69 76
9 49 9 17 29 36 43 46 49
17 58 17 55 58
19 48 19 30 34 48
20 74 20 59 64 68 74
13 46 13 28 37 40 43 46
2 14 2 13 14
53 67 53 58 67
54 61 54 59 61
28 51 28 35 41 50 51
4 49 4 41 49
29 64 29 48 61 64
5 71 5 6 24 27 41 53 59 66 71
6 27 6 24 27
1 76 1 19 38 41 76
26 30 26 30
77 87 77 87
55 58 55 58
39 58 39 46 49 51 58
45 83 45 83
18 34 18 21 26 30 34
0 27 0 13 14 19 27
19 73 19 20 73
11 38 11 18 21 26 30 34 38
15 28 15 26 28
74 85 74 85
9 37 9 13 36 37
47 81 47 53 59 66 78 80 81
4 77 4 13 48 54 59 66 77
25 76 25 33 49 69 76
3 53 3 15 21 26 38 41 47 53
3 59 3 51 59
34 46 34 46
2 46 2 13 46
34 73 34 50 67 73
14 60 14 34 38 60
19 75 19 20 26 75
6 25 6 16 23 25
35 82 35 41 68 69 76 82
33 80 33 46 49 72 78 80
31 70 31 39 41 70
29 64 29 43 52 64
4 87 4 21 59 64 87
2 64 2 9 29 36 55 58 61 64
12 71 12 57 63 66 71
23 53 23 25 35 43 47 53
13 24 13 16 24
2 89 2 13 84 89
2 57 2 9 57
34 79 34 48 79
37 77 37 77
44 63 44 55 63
60 69 60 69
52 84 52 64 71 84
19 78 19 56 78
29 48 29 36 37 48
69 76 69 76
20 86 20 30 49 59 61 64 71 83 86
6 37 6 18 22 33 37
25 88 25 63 88
46 74 46 49 59 61 64 68 74
1 78 1 7 41 53 58 61 66 78
42 66 42 57 63 66
16 87 16 38 70 71 82 87
0 75 0 43 47 53 58 61 75
55 86 55 86
14 44 14 21 26 28 35 43 44
2 70 2 70
13 49 13 14 19 20 23 28 37 49
14 41 14 21 26 30 41
2 89 2 57 80 81 83 89
7 74 7 40 49 59 61 64 68 74
28 48 28 37 48
54 73 54 67 73
33 80 33 78 80
3 82 3 23 68 74 82
33 57 33 37 40 42 57
33 77 33 62 63 66 77
43 80 43 46 49 72 78 80
1 45 1 19 26 30 34 45
5 42 5 36 37 40 42
69 85 69 76 82 85
33 67 33 46 49 51 67
46 85 46 49 72 82 85
48 68 48 52 64 68
63 81 63 79 80 81
68 85 68 74 85
25 74 25 40 62 74
11 21 11 18 19 21
54 61 54 59 61
11 58 11 33 51 58
30 68 30 41 59 64 68
5 42 5 24 30 34 38 42
8 87 8 28 46 77 87
3 30 3 15 21 26 30
2 46 2 14 28 37 40 42 46
10 30 10 17 26 30
29 37 29 37
41 64 41 50 64
30 76 30 44 51 60 69 76
44 81 44 63 79 81
25 59 25 38 49 59
13 57 13 28 35 41 57
2 65 2 13 46 49 59 61 64 65
39 69 39 60 69
24 73 24 73
3 25 3 11 20 23 25
41 86 41 49 51 80 81 83 86
36 48 36 37 48
41 73 41 67 73
16 34 16 27 34
51 60 51 60
75 86 75 83 86
0 13 0 13
38 41 38 41
58 72 58 67 72
20 89 20 54 83 89
54 87 54 80 82 87
46 68 46 49 59 61 64 68
45 69 45 61 64 69
31 69 31 43 44 55 58 61 64 68 69
0 28 0 10 17 20 23 28
48 82 48 79 80 81 82
60 89 60 78 81 83 89
0 52 0 52
37 67 37 50 67
33 73 33 73
3 60 3 27 41 50 51 60
50 82 50 64 82
24 43 24 33 37 40 43
7 43 7 43
14 33 14 19 20 23 25 33
8 31 8 9 13 16 31
54 85 54 72 78 85
18 61 18 21 59 61
24 87 24 52 77 87
9 14 9 13 14
2 23 2 23
46 49 46 49
53 64 53 59 61 64
81 83 81 83
7 89 7 41 49 51 61 83 89
30 45 30 34 45
21 51 21 42 46 49 51
72 80 72 78 80
12 89 12 24 29 79 83 89
46 51 46 49 51
79 84 79 84
3 22 3 15 22
28 55 28 37 40 43 44 55
61 82 61 64 71 82
44 86 44 53 58 67 72 78 81 83 86
54 72 54 72
60 86 60 66 71 83 86
21 49 21 40 42 46 49
20 77 20 56 62 63 66 77
7 65 7 32 44 64 65
8 41 8 34 38 41
26 69 26 38 41 53 59 69
35 50 35 41 50
11 85 11 59 66 71 82 85
4 26 4 8 9 17 20 26
71 85 71 82 85
62 77 62 63 66 77
3 11 3 11
58 75 58 61 75
23 59 23 44 51 59
4 44 4 30 32 44
4 32 4 30 32
51 88 51 58 77 87 88
4 54 4 23 28 37 48 54
62 80 62 63 80
32 52 32 48 52
36 76 36 60 69 76
27 29 27 29
23 64 23 37 48 61 64
76 82 76 82
45 75 45 54 59 61 75
30 68 30 48 52 64 68
60 80 60 78 80
87 88 87 88
14 86 14 30 39 58 64 80 83 86
50 82 50 67 82
47 67 47 67
3 16 3 9 16
7 56 7 14 25 35 56
11 85 11 35 82 85
25 63 25 63
13 48 13 29 36 37 48
5 61 5 24 55 61
6 21 6 21
8 72 8 28 39 57 72
1 38 1 2 13 26 30 34 38
4 66 4 40 60 66
81 88 81 83 86 88
29 53 29 37 40 43 44 53
75 80 75 80
7 34 7 15 22 34
7 32 7 26 30 32
57 83 57 78 81 83
62 79 62 63 79
13 60 13 46 49 51 60
2 88 2 72 86 88
0 86 0 47 53 59 71 83 86
3 87 3 58 78 81 82 87
18 46 18 21 40 43 46
20 88 20 79 81 83 88
3 76 3 37 51 64 68 69 76
24 80 24 29 57 63 66 78 80
45 66 45 50 51 59 61 66
40 52 40 43 52
45 89 45 63 79 84 89
43 49 43 46 49
46 85 46 49 72 78 85
44 75 44 61 75
1 35 1 3 11 18 21 26 28 35
28 41 28 39 41
75 80 75 80
11 67 11 35 39 58 67
14 55 14 21 26 30 44 55
20 79 20 79
30 83 30 54 78 80 83
47 84 47 75 78 84
37 67 37 48 54 67
81 82 81 82
1 39 1 2 13 28 35 39
13 24 13 24
45 77 45 63 66 77
43 47 43 47
0 54 0 27 54
57 80 57 80
41 49 41 49
68 74 68 74
58 81 58 78 80 81
29 72 29 57 72
29 66 29 48 58 61 66
40 71 40 51 61 64 71
8 82 8 34 74 82
41 77 41 53 58 77
25 48 25 33 37 48
15 56 15 22 25 35 56
5 34 5 24 27 34
0 20 0 20
44 51 44 51
13 32 13 14 21 26 30 32
0 40 0 13 26 28 37 40
22 37 22 25 33 37
7 15 7 15
51 80 51 60 66 78 80
58 89 58 61 75 80 81 83 89
27 41 27 34 38 41
0 75 0 45 50 59 61 75
6 59 6 24 32 47 53 59
29 52 29 48 52
33 65 33 61 64 65
4 56 4 13 26 28 35 56
27 42 27 34 38 42
34 50 34 50
52 89 52 78 84 89
37 77 37 52 77
25 79 25 33 37 48 79
32 64 32 53 58 64
64 86 64 81 83 86
44 87 44 61 75 80 81 82 87
18 70 18 19 62 70
52 89 52 71 84 89
4 56 4 8 9 13 26 28 35 56
46 83 46 49 51 61 75 83
2 42 2 14 25 33 37 40 42
54 64 54 59 61 64
22 89 22 59 61 64 80 81 83 89
12 77 12 32 53 58 77
32 86 32 71 83 86
13 76 13 26 40 64 69 76
37 71 37 51 60 66 71
60 81 60 78 80 81
22 42 22 33 37 40 42
51 75 51 61 75
2 88 2 78 85 88
10 81 10 52 80 81
29 72 29 70 72
0 74 0 44 53 58 64 68 74
31 86 31 43 52 64 81 83 86
37 76 37 40 51 60 69 76
10 71 10 44 61 64 71
10 39 10 17 33 39
9 30 9 17 26 30
10 70 10 24 27 44 55 70
21 88 21 58 68 69 87 88
13 87 13 63 82 87
13 76 13 46 49 51 64 68 69 76
0 43 0 27 29 36 43
9 60 9 13 26 30 49 51 60
20 56 20 56
3 38 3 23 25 38
35 47 35 41 47
10 39 10 30 39
57 83 57 83
3 27 3 27
63 88 63 80 82 85 88
50 76 50 59 69 76
41 85 41 50 82 85
6 62 6 30 34 38 42 62
24 54 24 33 37 48 54
30 84 30 49 72 78 84
56 68 56 64 68
2 82 2 9 57 72 78 81 82
10 81 10 67 78 81
45 86 45 64 71 83 86
31 86 31 56 78 81 83 86
11 40 11 18 21 40
25 33 25 33
27 42 27 29 36 37 40 42
27 34 27 34
63 88 63 88
72 87 72 87
12 33 12 24 33
44 55 44 55
21 44 21 40 43 44
29 64 29 36 55 61 64
27 78 27 52 67 72 78
10 86 10 67 72 86
62 82 62 63 80 82
8 73 8 41 49 51 67 73
14 19 14 19
18 57 18 21 26 38 41 57
12 69 12 27 32 53 58 64 69
2 41 2 9 17 34 38 41
43 73 43 52 67 73
14 33 14 19 33
75 82 75 82
59 61 59 61
15 63 15 21 42 57 63
7 38 7 38
27 78 27 58 61 75 78
15 45 15 30 34 45
16 62 16 62
40 42 40 42
52 89 52 78 84 89
20 89 20 71 84 89
32 70 32 44 55 70
41 86 41 72 78 81 83 86
5 34 5 30 34
28 64 28 41 53 58 64
41 76 41 49 51 59 61 64 68 69 76
14 68 14 21 40 49 51 59 61 64 68
62 82 62 70 71 82
9 14 9 13 14
30 83 30 32 71 83
21 54 21 26 28 37 48 54
2 74 2 57 74
15 71 15 58 64 71
41 81 41 59 64 80 81
33 41 33 39 41
22 89 22 33 72 78 80 83 89
10 65 10 30 53 59 65
40 81 40 43 47 80 81
26 81 26 40 64 81
10 24 10 24
29 57 29 43 44 55 57
15 69 15 22 60 69
6 18 6 18
7 87 7 57 72 82 87
15 85 15 58 67 82 85
2 25 2 23 25
23 71 23 28 49 59 64 71
7 38 7 38
15 33 15 25 33
29 69 29 43 46 49 59 61 64 68 69
4 71 4 21 42 62 63 66 71
36 55 36 37 40 43 44 55
17 84 17 60 78 84
52 77 52 77
45 71 45 52 64 71
25 38 25 38
7 51 7 42 51
24 88 24 52 71 84 88
59 88 59 64 86 88
8 73 8 33 73
45 86 45 55 63 79 83 86
39 49 39 41 49
6 85 6 27 53 58 64 68 74 85
5 51 5 6 24 32 44 51
21 58 21 58
29 53 29 36 43 44 53
72 88 72 88
30 48 30 32 48
60 87 60 66 78 81 82 87
32 59 32 48 54 59
41 73 41 73
11 61 11 59 61
79 80 79 80
75 89 75 78 84 89
2 76 2 18 22 64 69 76
59 74 59 64 68 74
25 35 25 35
43 75 43 47 61 75
12 74 12 45 64 68 74
51 89 51 80 83 89
1 60 1 26 30 44 51 60
40 51 40 51
20 23 20 23
24 40 24 27 29 36 37 40
33 81 33 64 80 81
25 82 25 33 52 71 82
33 39 33 39
43 57 43 44 55 57
58 78 58 78
22 72 22 43 62 72
1 26 1 7 15 21 26
53 84 53 72 84
10 29 10 24 27 29
27 79 27 41 63 79
26 81 26 30 80 81
29 79 29 43 44 55 63 79
52 87 52 71 82 87
2 51 2 9 45 50 51
55 78 55 67 72 78
16 82 16 78 80 82
4 37 4 8 13 26 28 37
1 68 1 39 41 59 61 64 68
23 77 23 25 62 63 66 77
10 59 10 48 54 59
10 58 10 58
50 84 50 60 66 71 84
20 89 20 39 41 53 77 89
12 44 12 44
11 76 11 33 49 69 76
20 32 20 30 32
10 51 10 17 26 42 46 49 51
25 61 25 35 39 46 49 59 61
35 76 35 69 76
19 43 19 43
3 24 3 9 13 24
4 8 4 8
30 85 30 80 81 82 85
22 78 22 31 56 62 72 78
8 34 8 13 16 24 34
27 59 27 54 59
3 76 3 64 69 76
21 50 21 26 30 34 38 41 50
53 71 53 59 64 71
66 71 66 71
3 67 3 15 22 33 49 51 67
3 67 3 38 49 51 58 67
24 75 24 29 36 59 61 75
40 74 40 68 74
13 84 13 49 59 61 75 78 84
52 83 52 78 81 83
18 64 18 19 21 58 61 64
26 77 26 28 39 46 77
3 33 3 16 24 33
6 56 6 17 25 35 56
62 70 62 70
27 81 27 54 80 81
7 70 7 15 26 55 70
22 66 22 25 62 63 66
10 60 10 60
76 88 76 82 87 88
7 57 7 45 55 57
25 69 25 35 69
28 64 28 49 51 58 61 64
33 80 33 62 72 78 80
40 53 40 43 44 53
7 32 7 14 30 32
27 54 27 32 48 54
38 59 38 41 49 51 59
42 66 42 57 63 66
47 80 47 67 78 80
7 61 7 39 46 49 59 61
30 71 30 50 58 64 71
33 87 33 82 87
16 44 16 40 43 44
87 88 87 88
55 63 55 63
9 40 9 20 40
36 67 36 50 51 67
43 78 43 47 67 78
5 40 5 7 27 29 36 37 40
18 34 18 34
14 41 14 30 41
43 75 43 46 49 59 61 75
20 76 20 40 51 59 69 76
20 51 20 39 46 49 51
35 86 35 63 83 86
24 27 24 27
59 74 59 61 64 68 74
20 89 20 49 59 71 83 89
63 66 63 66
32 70 32 44 55 70
3 22 3 15 22
58 72 58 67 72
28 51 28 49 51
25 49 25 33 46 49
43 84 43 44 61 66 71 84
7 37 7 29 37
0 43 0 43
62 65 62 63 65
32 48 32 48
28 79 28 41 63 79
40 89 40 89
42 73 42 46 49 51 73
38 77 38 59 77
34 59 34 59
23 67 23 25 40 42 46 49 51 67
9 59 9 50 59
51 64 51 58 64
9 16 9 16
53 80 53 58 61 75 80
18 57 18 20 26 30 32 44 55 57
19 20 19 20
0 30 0 17 20 26 30
10 45 10 24 30 34 45
0 87 0 59 71 82 87
19 43 19 26 28 37 40 43
0 82 0 10 24 55 61 66 78 80 81 82
54 72 54 72
10 57 10 34 38 42 57
3 38 3 23 25 38
7 56 7 14 25 35 56
15 79 15 26 30 48 79
48 75 48 54 59 61 75
6 55 6 16 31 43 44 55
7 53 7 29 43 44 53
44 84 44 51 61 64 71 84
35 69 35 39 41 50 59 64 68 69
27 78 27 78
33 64 33 37 48 52 64
14 84 14 19 27 32 66 78 84
16 81 16 24 50 64 80 81
46 74 46 49 51 59 64 68 74
25 59 25 38 59
37 48 37 48
56 78 56 78
4 29 4 8 9 29
35 59 35 59
17 34 17 34
27 70 27 41 70
44 63 44 63
6 48 6 16 28 37 48
53 66 53 59 66
27 84 27 29 79 84
9 45 9 45
23 53 23 32 47 53
26 39 26 28 35 39
5 30 5 7 15 21 26 30
18 28 18 19 20 23 28
24 63 24 27 44 55 63
20 34 20 26 30 34
59 61 59 61
58 61 58 61
14 86 14 21 58 67 78 81 83 86
44 51 44 51
39 85 39 85
33 81 33 64 81
55 61 55 58 61
3 80 3 16 44 60 78 80
62 83 62 72 78 81 83
28 68 28 58 68
10 20 10 17 20
54 85 54 81 82 85
11 54 11 27 32 48 54
5 63 5 6 30 32 44 63
8 27 8 9 24 27
11 77 11 58 67 77
8 32 8 13 16 23 32
25 39 25 33 39
0 59 0 59
52 72 52 67 72
13 28 13 16 28
81 83 81 83
12 63 12 29 36 43 62 63
15 31 15 22 31
3 29 3 14 19 27 29
61 75 61 75
12 38 12 27 34 38
50 68 50 58 61 64 68
19 39 19 33 39
23 59 23 37 49 59
55 76 55 58 64 69 76
36 81 36 55 79 80 81
20 68 20 59 64 68
2 66 2 13 28 49 51 61 66
33 53 33 39 41 47 53
15 47 15 21 26 30 41 47
4 69 4 69
45 63 45 57 63
4 66 4 49 51 59 61 66
2 54 2 14 28 37 48 54
46 60 46 49 51 60
23 25 23 25
17 51 17 51
15 80 15 60 78 80
36 83 36 80 83
51 75 51 61 75
5 83 5 70 81 83
18 37 18 22 33 37
56 78 56 78
15 77 15 26 55 58 67 77
43 76 43 64 69 76
22 66 22 25 63 66
51 89 51 64 80 81 83 89
37 52 37 40 43 52
79 80 79 80
33 51 33 39 41 50 51
8 75 8 58 61 75
54 59 54 59
11 49 11 18 22 31 39 41 49
8 87 8 62 72 82 87
20 52 20 32 48 52
15 58 15 30 49 51 58
3 29 3 16 24 27 29
2 73 2 31 43 46 49 51 67 73
40 72 40 62 72
18 21 18 19 21
51 58 51 58
8 66 8 58 61 66
5 30 5 7 15 21 26 30
55 69 55 58 64 68 69
12 45 12 45
78 81 78 81
42 88 42 59 66 77 87 88
16 24 16 24
22 59 22 43 44 51 59
24 83 24 81 83
23 77 23 66 77
14 41 14 28 41
52 71 52 71
40 60 40 60
46 51 46 49 51
26 57 26 55 57
2 87 2 78 81 82 87
21 44 21 40 43 44
9 81 9 50 67 78 81
14 42 14 21 26 30 34 38 42
16 88 16 86 88
2 78 2 60 66 78
18 22 18 22
60 81 60 78 80 81
48 72 48 72
14 44 14 21 40 43 44
4 26 4 8 13 20 26
5 30 5 7 14 30
2 24 2 9 24
49 65 49 59 64 65
28 41 28 39 41
67 78 67 78
59 65 59 64 65
26 38 26 30 34 38
61 85 61 75 82 85
16 24 16 24
22 48 22 34 48
7 54 7 15 22 25 33 37 48 54
11 31 11 18 22 31
30 73 30 32 51 67 73
40 78 40 42 46 49 59 61 66 78
55 83 55 67 72 78 80 83
51 82 51 67 78 80 82
12 72 12 47 53 58 67 72
63 89 63 66 77 89
34 70 34 55 70
67 77 67 77
50 51 50 51
56 84 56 78 84
18 28 18 20 23 28
31 49 31 43 46 49
40 68 40 43 52 64 68
3 32 3 27 32
24 87 24 50 58 64 81 82 87
24 33 24 33
55 76 55 61 64 69 76
2 47 2 33 37 40 43 47
6 58 6 44 53 58
47 67 47 53 58 67
55 67 55 58 67
15 63 15 30 44 63
51 71 51 61 66 71
6 85 6 24 64 80 81 82 85
1 48 1 19 21 26 28 37 48
3 56 3 14 19 56
77 87 77 87
30 65 30 44 64 65
1 89 1 3 23 28 46 77 89
61 86 61 66 71 83 86
26 53 26 40 43 44 53
2 9 2 9
33 43 33 37 40 43
30 50 30 50
25 83 25 71 83
45 76 45 50 59 69 76
41 61 41 50 59 61
16 50 16 31 39 41 50
49 76 49 76
13 20 13 14 19 20
48 72 48 54 72
20 81 20 54 59 64 80 81
11 32 11 27 32
3 13 3 9 13
17 86 17 78 80 81 83 86
67 82 67 72 82
43 76 43 46 49 51 60 69 76
35 47 35 39 41 47
43 44 43 44
40 42 40 42
43 44 43 44
36 81 36 50 59 61 66 78 81
19 30 19 30
47 81 47 75 80 81
10 29 10 24 27 29
15 45 15 26 30 34 45
17 32 17 20 32
42 83 42 59 64 80 81 83
33 65 33 39 57 63 65
56 71 56 64 71
48 52 48 52
20 46 20 30 39 46
12 44 12 27 29 36 43 44
38 67 38 42 51 58 67
18 83 18 22 64 80 83
40 75 40 49 51 58 61 75
14 53 14 28 41 47 53
45 67 45 54 67
17 37 17 25 33 37
55 70 55 70
15 65 15 22 34 45 64 65
72 88 72 87 88
25 70 25 62 70
35 64 35 43 64
8 36 8 13 24 29 36
70 71 70 71
45 55 45 55
43 60 43 44 60
3 23 3 16 23
49 64 49 51 59 61 64
55 58 55 58
9 50 9 16 27 34 45 50
8 69 8 9 24 54 59 64 69
43 73 43 47 53 58 73
45 84 45 64 71 84
64 68 64 68
8 65 8 33 64 65
10 24 10 24
4 52 4 21 26 28 37 52
18 79 18 27 41 79
5 51 5 37 40 43 44 51
6 78 6 40 63 66 78
49 78 49 59 66 78
5 37 5 36 37
33 88 33 73 88
81 88 81 83 88
10 54 10 30 32 48 54
31 49 31 43 46 49
59 69 59 69
23 44 23 37 40 43 44
47 81 47 75 80 81
1 82 1 37 76 82
40 46 40 43 46
59 86 59 61 64 80 83 86
35 71 35 41 66 71
12 23 12 17 20 23
1 39 1 2 18 20 30 39
15 61 15 25 40 42 51 58 61
2 58 2 13 48 58
47 84 47 53 58 67 78 84
21 55 21 40 43 44 55
0 78 0 45 63 66 78
37 51 37 50 51
15 53 15 22 43 47 53
80 81 80 81
19 27 19 27
39 70 39 41 70
7 89 7 27 72 78 80 83 89
8 13 8 9 13
13 77 13 48 58 77
6 56 6 16 35 56
10 79 10 24 34 50 79
46 75 46 49 51 59 61 75
27 34 27 34
13 36 13 16 29 36
3 23 3 23
12 78 12 44 61 75 78
19 49 19 21 40 43 46 49
21 64 21 26 38 41 47 53 59 64
10 46 10 24 34 38 42 46
41 67 41 49 51 58 67
21 66 21 58 61 66
23 25 23 25
20 79 20 26 55 57 63 79
31 70 31 56 62 70
7 38 7 14 34 38
6 34 6 21 26 30 34
16 89 16 27 34 67 72 78 80 83 89
39 63 39 41 63
12 62 12 37 62
0 74 0 48 58 61 64 68 74
32 48 32 48
39 41 39 41
29 47 29 36 43 47
42 82 42 51 60 69 76 82
60 82 60 66 78 80 81 82
23 63 23 28 37 40 63
12 20 12 17 20
28 37 28 37
0 53 0 20 39 41 47 53
29 37 29 37
64 71 64 71
9 82 9 16 31 43 46 49 72 78 80 81 82
3 9 3 9
44 55 44 55
23 63 23 25 62 63
59 61 59 61
27 52 27 34 48 52
29 87 29 70 72 87
18 19 18 19
1 68 1 26 42 51 59 64 68
43 75 43 47 75
18 65 18 21 59 61 64 65
21 71 21 70 71
0 24 0 13 24
17 81 17 58 78 80 81
43 57 43 44 55 57
10 34 10 30 34
11 62 11 27 34 38 42 62
34 44 34 44
42 57 42 57
5 25 5 6 18 19 20 23 25
44 73 44 53 58 73
1 9 1 3 9
12 75 12 41 47 61 75
17 82 17 25 71 82
55 79 55 57 63 79
0 51 0 43 44 51
1 86 1 37 50 64 80 81 83 86
21 73 21 26 40 42 46 49 51 73
48 58 48 58
22 89 22 64 71 84 89
40 82 40 64 71 82
27 58 27 32 53 58
1 13 1 2 9 13
19 73 19 43 47 67 73
2 50 2 14 31 39 41 50
9 20 9 13 20
37 71 37 48 52 71
11 34 11 27 34
25 56 25 35 56
42 88 42 64 86 88
5 64 5 44 53 59 64
15 69 15 21 40 64 68 69
3 66 3 21 59 61 66
0 52 0 10 52
6 73 6 37 50 58 73
32 47 32 47
49 76 49 69 76
53 65 53 59 65
20 56 20 23 28 35 56
28 72 28 49 51 58 67 72
0 43 0 10 24 27 29 37 40 43
51 64 51 59 61 64
22 72 22 43 70 72
23 85 23 68 69 76 82 85
38 83 38 60 78 81 83
43 62 43 62
5 88 5 33 39 69 88
1 3 1 3
4 26 4 13 26
54 59 54 59
8 28 8 9 20 23 28
16 24 16 24
27 60 27 44 51 60
43 76 43 52 64 69 76
9 59 9 39 46 49 51 59
31 49 31 43 46 49
28 64 28 49 51 59 61 64
19 78 19 33 78
17 33 17 33
36 61 36 50 58 61
9 38 9 17 20 23 25 38
55 76 55 61 64 68 69 76
28 79 28 35 41 50 79
42 65 42 46 49 51 61 64 65
12 26 12 26
34 63 34 44 55 63
72 82 72 82
9 23 9 20 23
45 61 45 54 59 61
8 66 8 13 28 46 49 51 59 66
81 88 81 82 87 88
23 64 23 55 58 64
41 60 41 50 51 60
11 89 11 64 81 83 89
46 84 46 49 51 61 64 71 84
5 52 5 30 32 48 52
6 57 6 30 32 44 55 57
7 64 7 28 35 39 46 49 59 61 64
30 58 30 39 46 49 51 58
48 78 48 61 66 78
59 68 59 64 68
0 44 0 10 34 44
71 88 71 82 85 88
40 49 40 49
9 46 9 13 26 42 46
41 81 41 53 72 78 80 81
58 67 58 67
56 87 56 74 82 87
7 56 7 25 35 56
58 78 58 61 75 78
32 68 32 48 52 64 68
42 60 42 46 49 51 60
18 63 18 22 25 35 39 41 63
67 73 67 73
37 48 37 48
32 52 32 48 52
33 55 33 37 40 43 44 55
55 84 55 61 75 78 84
11 46 11 20 26 40 42 46
34 62 34 38 42 62
17 84 17 29 43 44 78 84
44 87 44 79 80 81 82 87
51 71 51 61 66 71
58 78 58 67 78
4 44 4 13 26 28 35 43 44
7 37 7 27 29 37
58 76 58 61 64 68 69 76
0 51 0 24 32 51
45 52 45 52
49 86 49 51 80 83 86
30 49 30 34 46 49
76 88 76 82 87 88
40 63 40 63
19 86 19 62 63 83 86
4 74 4 30 50 51 58 61 64 68 74
36 86 36 55 57 83 86
6 44 6 17 29 37 40 43 44
17 84 17 60 78 84
28 77 28 37 59 66 77
24 62 24 29 37 40 43 62
32 86 32 44 60 66 71 83 86
3 87 3 38 63 80 82 87
44 87 44 51 80 82 87
17 70 17 20 56 62 70
56 77 56 62 63 66 77
12 69 12 45 50 60 69
16 68 16 23 49 51 59 61 64 68
2 74 2 57 74
26 57 26 30 32 44 55 57
52 80 52 80
1 9 1 3 9
38 47 38 41 47
45 61 45 54 59 61
8 73 8 58 73
9 14 9 13 14
25 44 25 33 37 40 43 44
31 50 31 39 41 50
5 73 5 36 37 51 58 73
23 76 23 32 44 51 59 64 68 69 76
57 78 57 78
20 32 20 32
1 78 1 26 30 32 47 61 66 78
2 31 2 31
1 18 1 2 18
1 30 1 2 9 16 24 30
6 57 6 15 25 33 39 57
8 85 8 41 63 66 78 80 82 85
19 73 19 38 49 51 73
41 60 41 49 51 60
10 88 10 63 83 88
16 47 16 27 32 47
16 36 16 29 36
0 46 0 10 24 34 46
1 37 1 13 24 27 29 36 37
9 29 9 17 29
18 27 18 19 27
13 70 13 16 31 39 41 70
38 84 38 42 46 49 51 64 71 84
45 83 45 70 80 83
1 37 1 3 37
13 67 13 20 32 48 54 67
31 49 31 39 46 49
20 32 20 32
62 70 62 70
4 63 4 8 41 63
54 75 54 59 61 75
42 70 42 62 70
15 85 15 21 26 80 81 82 85
51 68 51 59 64 68
47 58 47 53 58
12 20 12 17 20
18 33 18 19 20 23 25 33
26 84 26 30 53 84
25 35 25 35
33 85 33 46 49 85
38 77 38 63 66 77
17 57 17 32 44 55 57
23 89 23 66 77 89
64 87 64 81 82 87
43 78 43 46 49 59 61 75 78
3 52 3 9 29 48 52
51 67 51 67
24 77 24 52 67 77
1 66 1 13 20 56 62 63 66
32 66 32 58 61 66
55 58 55 58
79 84 79 84
24 88 24 50 67 82 85 88
26 52 26 30 48 52
15 76 15 60 69 76
11 40 11 20 23 37 40
8 43 8 33 37 40 43
42 75 42 46 49 59 61 75
8 73 8 28 41 67 73
21 51 21 26 40 51
17 85 17 33 39 57 72 82 85
21 26 21 26
33 52 33 52
46 84 46 49 51 67 78 84
13 29 13 29
58 87 58 78 80 81 82 87
15 28 15 26 28
48 68 48 54 59 64 68
53 58 53 58
54 73 54 67 73
16 24 16 24
46 74 46 49 59 64 68 74
31 50 31 39 41 50
35 66 35 43 47 53 58 61 66
19 49 19 26 30 49
21 41 21 26 28 39 41
44 73 44 53 58 73
41 59 41 50 51 59
20 81 20 56 78 80 81
18 46 18 22 34 46
10 20 10 17 20
12 41 12 41
13 14 13 14
37 60 37 50 51 60
33 57 33 37 40 43 44 55 57
36 67 36 48 54 67
29 84 29 37 59 64 71 84
38 60 38 41 49 51 60
33 79 33 39 57 63 79
50 61 50 58 61
53 66 53 59 61 66
18 63 18 27 29 43 44 63
43 75 43 75
12 27 12 27
58 73 58 67 73
21 30 21 26 30
11 40 11 21 26 40
0 40 0 20 26 40
57 74 57 74
13 29 13 24 27 29
38 67 38 42 46 49 51 67
3 58 3 30 41 50 51 58
48 78 48 58 61 66 78
0 13 0 13
54 87 54 75 82 87
26 74 26 68 74
25 50 25 33 39 41 50
20 80 20 39 46 49 51 80
35 59 35 41 59
50 85 50 58 68 69 76 82 85
20 34 20 26 30 34
27 40 27 29 37 40
70 82 70 82
50 82 50 79 80 81 82
22 48 22 33 37 48
58 77 58 77
11 64 11 33 61 64
62 74 62 74
10 24 10 24
54 80 54 75 80
4 14 4 13 14
23 66 23 66
13 75 13 24 34 46 49 51 61 75
26 38 26 38
47 81 47 75 80 81
9 40 9 20 26 28 37 40
45 81 45 63 66 78 81
0 21 0 13 14 19 21
24 42 24 33 37 40 42
13 56 13 20 26 28 35 56
14 33 14 19 33
5 25 5 6 15 22 25
0 80 0 79 80
13 32 13 26 30 32
18 67 18 20 26 40 42 51 67
51 61 51 59 61
11 44 11 27 32 44
8 68 8 58 64 68
10 32 10 30 32
40 53 40 43 44 53
22 60 22 31 43 44 51 60
20 52 20 26 28 37 52
20 82 20 72 78 80 81 82
20 35 20 26 28 35
54 71 54 59 71
3 48 3 37 48
20 54 20 23 37 48 54
11 67 11 27 53 58 67
5 72 5 7 56 62 72
19 68 19 20 40 68
55 81 55 61 66 78 80 81
64 76 64 69 76
19 82 19 20 66 78 81 82
59 74 59 61 64 68 74
39 71 39 41 53 58 64 71
15 47 15 30 32 47
40 74 40 43 64 68 74
20 82 20 30 48 52 78 81 82
1 38 1 26 38
85 88 85 88
2 17 2 9 17
28 80 28 49 51 61 75 80
29 53 29 43 44 53
42 75 42 59 61 75
26 68 26 38 49 51 61 64 68
49 86 49 72 86
21 30 21 26 30
22 78 22 34 50 58 61 66 78
5 71 5 44 61 64 71
1 2 1 2
25 44 25 33 37 40 43 44
19 38 19 26 38
37 70 37 62 70
18 55 18 34 55
12 75 12 29 37 48 75
34 79 34 50 79
17 60 17 20 40 49 51 60
25 48 25 33 37 48
38 41 38 41
26 45 26 30 34 45
15 47 15 25 33 37 40 43 47
21 42 21 26 42
34 86 34 86
3 51 3 14 25 33 49 51
18 73 18 20 73
37 76 37 59 69 76
12 73 12 73
26 85 26 67 72 82 85
60 83 60 78 81 83
36 74 36 43 44 51 74
13 87 13 26 68 69 76 82 87
31 39 31 39
77 87 77 87
57 63 57 63
25 50 25 35 39 41 50
27 40 27 29 36 37 40
27 45 27 34 45
8 45 8 9 13 20 30 34 45
39 49 39 46 49
37 77 37 62 63 66 77
61 81 61 75 80 81
13 85 13 68 69 76 82 85
11 86 11 70 72 78 80 83 86
1 60 1 13 26 40 43 46 49 51 60
23 88 23 32 71 83 86 88
17 74 17 51 64 68 74
53 66 53 59 61 66
19 87 19 20 74 82 87
9 29 9 16 27 29
12 86 12 37 51 80 83 86
0 10 0 10
61 83 61 64 71 83
7 42 7 42
72 82 72 82
72 84 72 84
5 14 5 7 14
29 43 29 37 40 43
19 27 19 27
4 41 4 41
61 88 61 66 77 87 88
28 37 28 37
40 75 40 43 44 53 58 61 75
22 57 22 43 44 55 57
39 85 39 76 82 85
52 86 52 64 80 83 86
14 25 14 25
18 48 18 19 26 30 32 48
13 46 13 16 28 35 39 46
21 58 21 40 43 47 53 58
0 79 0 13 20 56 62 63 79
0 45 0 45
75 89 75 83 89
10 63 10 44 55 57 63
57 74 57 74
59 64 59 64
4 49 4 49
25 33 25 33
14 84 14 34 46 49 59 64 71 84
4 36 4 8 13 14 19 27 29 36
19 74 19 26 28 37 48 61 64 68 74
53 86 53 72 86
68 74 68 74
71 88 71 82 85 88
50 51 50 51
21 81 21 40 78 80 81
43 44 43 44
45 75 45 75
44 63 44 63
39 76 39 60 69 76
16 43 16 23 25 40 43
0 21 0 13 14 19 21
79 83 79 83
11 18 11 18
13 31 13 16 31
0 30 0 17 26 30
9 66 9 45 61 66
6 51 6 40 43 46 49 51
12 87 12 17 55 70 80 81 82 87
22 43 22 25 40 43
59 85 59 71 82 85
61 81 61 75 80 81
64 86 64 86
57 65 57 63 65
6 86 6 16 28 78 81 83 86
0 21 0 13 14 19 21
3 50 3 23 25 35 41 50
18 37 18 21 26 28 37
19 41 19 30 41
56 82 56 74 82
0 74 0 57 74
19 85 19 85
14 25 14 19 20 23 25
7 32 7 27 32
15 41 15 22 33 39 41
9 77 9 29 48 52 77
1 89 1 13 26 75 83 89
9 85 9 13 14 31 69 76 82 85
45 55 45 55
6 89 6 31 43 75 80 81 83 89
51 88 51 85 88
87 88 87 88
38 89 38 59 89
34 55 34 44 55
18 38 18 22 34 38
3 32 3 15 21 26 30 32
53 87 53 80 81 82 87
15 79 15 22 34 45 63 79
19 44 19 43 44
4 44 4 8 40 43 44
7 85 7 25 38 42 59 64 80 82 85
6 62 6 21 40 42 62
22 25 22 25
0 20 0 20
26 37 26 28 37
48 88 48 52 67 72 87 88
30 78 30 39 41 49 51 58 67 72 78
44 86 44 55 63 80 81 83 86
3 84 3 37 59 61 66 71 84
6 71 6 71
28 61 28 39 41 59 61
51 89 51 58 78 80 83 89
8 78 8 28 46 49 59 61 75 78
39 46 39 46
16 85 16 68 74 85
25 64 25 40 43 46 49 51 64
44 73 44 53 58 73
27 76 27 34 55 61 64 68 69 76
0 87 0 57 78 80 82 87
12 84 12 32 51 59 61 66 71 84
13 46 13 20 40 43 46
6 29 6 27 29
25 60 25 38 49 51 60
4 68 4 41 53 59 64 68
48 79 48 79
25 84 25 63 66 71 84
42 65 42 57 63 65
57 81 57 72 78 80 81
49 67 49 51 67
12 45 12 26 30 34 45
18 64 18 22 31 39 41 59 64
54 87 54 80 81 82 87
58 78 58 61 75 78
24 27 24 27
13 30 13 26 30
29 61 29 43 46 49 51 61
12 55 12 45 55
56 62 56 62
19 55 19 20 23 32 44 55
62 83 62 70 71 83
18 58 18 20 26 30 48 58
49 77 49 77
24 83 24 71 83
72 80 72 78 80
43 52 43 52
49 51 49 51
21 82 21 26 42 70 82
56 85 56 64 82 85
34 85 34 59 61 75 80 82 85
47 80 47 67 72 78 80
74 82 74 82
6 85 6 62 70 81 82 85
4 45 4 30 34 45
26 76 26 28 39 76
2 17 2 9 17
41 66 41 47 61 66
13 76 13 68 69 76
43 55 43 44 55
14 60 14 21 26 42 51 60
40 85 40 64 81 82 85
13 57 13 26 42 57
51 75 51 58 61 75
52 80 52 64 80
20 76 20 26 68 69 76
2 26 2 9 17 26
55 81 55 58 64 80 81
7 39 7 28 35 39
6 18 6 18
2 65 2 13 36 48 58 64 65
11 21 11 18 21
8 28 8 28
7 35 7 26 28 35
6 67 6 31 43 46 49 51 58 67
33 74 33 37 52 64 68 74
71 88 71 88
1 83 1 13 48 52 78 81 83
23 65 23 37 65
23 81 23 37 59 66 78 81
24 83 24 83
15 26 15 26
2 36 2 9 29 36
43 87 43 87
26 56 26 28 35 56
47 53 47 53
34 89 34 44 84 89
0 83 0 59 66 83
0 88 0 45 55 57 63 83 86 88
54 80 54 80
40 42 40 42
24 86 24 33 64 86
16 43 16 28 35 43
14 64 14 21 42 51 64
4 44 4 30 34 44
20 77 20 56 62 63 66 77
46 77 46 77
24 80 24 30 32 48 52 64 80
14 84 14 59 71 84
27 62 27 29 37 40 42 62
10 29 10 24 27 29
40 64 40 64
32 66 32 48 61 66
54 83 54 83
5 72 5 7 41 50 67 72
37 60 37 50 60
46 49 46 49
62 72 62 70 72
75 89 75 83 89
29 48 29 37 48
21 59 21 59
47 58 47 53 58
23 59 23 35 39 46 49 59
0 24 0 10 24
26 84 26 30 39 58 78 84
17 20 17 20
22 67 22 25 40 43 52 67
13 72 13 20 54 72
57 82 57 63 79 80 81 82
19 44 19 30 32 44
22 43 22 33 37 40 43
13 45 13 20 26 30 34 45
25 89 25 81 83 89
13 14 13 14
70 80 70 80
27 51 27 44 51
61 66 61 66
15 77 15 21 40 43 77
29 48 29 48
48 66 48 54 59 61 66
56 80 56 62 63 80
8 31 8 9 13 16 31
33 43 33 37 40 43
33 61 33 61
9 23 9 20 23
22 35 22 25 35
1 49 1 26 28 41 49
37 88 37 84 88
30 73 30 54 73
11 58 11 20 30 39 41 49 51 58
27 59 27 29 48 54 59
9 71 9 32 58 61 66 71
33 84 33 62 63 66 71 84
10 29 10 17 29
18 20 18 19 20
37 71 37 52 71
17 37 17 33 37
23 39 23 25 33 39
20 26 20 26
55 67 55 58 67
16 29 16 27 29
2 50 2 31 39 41 50
3 28 3 9 13 26 28
44 68 44 53 58 61 64 68
6 36 6 16 29 36
58 83 58 64 80 83
18 70 18 22 25 38 70
81 87 81 82 87
16 60 16 23 28 39 41 49 51 60
19 51 19 33 39 46 49 51
81 88 81 83 86 88
4 52 4 21 40 43 52
4 87 4 56 82 87
11 32 11 21 26 30 32
70 88 70 81 83 86 88
11 35 11 18 22 25 35
45 63 45 63
35 82 35 41 49 59 64 80 82
12 89 12 17 51 61 75 78 81 83 89
3 9 3 9
51 61 51 59 61
33 80 33 62 72 78 80
6 37 6 15 21 26 28 37
55 67 55 67
0 28 0 10 17 26 28
23 78 23 57 72 78
4 29 4 8 9 13 16 24 29
7 70 7 39 41 70
58 67 58 67
30 39 30 39
38 46 38 42 46
15 45 15 26 30 34 45
18 21 18 21
2 63 2 56 62 63
61 66 61 66
37 65 37 48 58 61 64 65
5 30 5 6 30
3 54 3 33 37 48 54
8 55 8 34 45 55
0 45 0 27 34 45
3 13 3 9 13
25 65 25 62 63 65
11 50 11 18 19 20 30 50
41 67 41 67
37 42 37 40 42
20 34 20 26 30 34
38 49 38 41 49
28 78 28 37 59 66 78
17 39 17 33 39
33 70 33 37 62 70
46 83 46 49 51 58 64 80 81 83
17 67 17 29 37 52 67
11 49 11 27 34 38 49
7 85 7 32 48 79 80 81 82 85
16 73 16 27 52 67 73
3 37 3 16 24 29 37
7 74 7 56 64 68 74
13 33 13 16 24 33
13 45 13 24 34 45
33 74 33 51 58 68 74
18 51 18 34 44 51
14 68 14 28 41 50 58 61 64 68
26 62 26 30 34 38 42 62
24 76 24 55 58 68 69 76
55 76 55 61 64 68 69 76
4 84 4 21 58 67 72 78 84
55 84 55 84
54 77 54 59 77
15 25 15 22 25
15 25 15 22 25
60 66 60 66
30 63 30 32 44 55 57 63
7 56 7 15 22 31 56
32 70 32 44 55 70
36 80 36 59 66 78 80
15 86 15 60 86
30 72 30 50 51 67 72
50 61 50 51 58 61
54 85 54 67 78 81 82 85
7 53 7 28 37 40 43 44 53
41 61 41 47 61
1 68 1 68
18 22 18 22
5 63 5 6 62 63
8 45 8 9 17 34 45
23 37 23 28 37
56 64 56 64
51 64 51 58 64
20 49 20 39 46 49
43 70 43 62 70
36 80 36 80
19 30 19 26 30
40 77 40 42 57 63 66 77
2 56 2 56
5 7 5 7
3 66 3 21 58 61 66
12 23 12 17 20 23
5 49 5 33 49
14 48 14 34 48
12 76 12 45 64 69 76
15 31 15 22 31
19 49 19 26 40 42 46 49
55 75 55 61 75
33 57 33 39 57
17 68 17 29 36 48 54 59 64 68
7 47 7 33 39 41 47
36 48 36 37 48
53 89 53 58 64 80 83 89
28 46 28 35 43 46
6 60 6 24 27 41 49 51 60
48 87 48 72 82 87
50 67 50 51 67
3 66 3 23 32 44 53 59 66
12 78 12 57 63 66 78
53 88 53 88
0 83 0 43 80 83
58 89 58 64 81 83 89
23 70 23 35 43 44 55 70
1 68 1 2 23 28 39 46 49 59 64 68
11 62 11 18 34 38 42 62
49 76 49 59 64 69 76
9 23 9 20 23
62 63 62 63
69 87 69 76 82 87
6 31 6 18 22 31
5 59 5 24 50 51 59
26 80 26 38 49 59 61 66 78 80
3 34 3 16 27 34
37 48 37 48
35 56 35 56
52 77 52 77
45 50 45 50
28 41 28 39 41
12 27 12 24 27
7 42 7 25 33 37 40 42
77 88 77 88
6 44 6 30 44
29 64 29 37 49 59 64
13 29 13 24 29
3 66 3 27 29 37 40 49 59 66
0 43 0 17 26 40 43
50 59 50 51 59
38 67 38 41 50 58 67
75 86 75 80 83 86
6 74 6 27 34 38 41 68 74
50 84 50 58 61 66 78 84
1 66 1 7 29 36 60 66
23 37 23 37
5 23 5 7 14 19 20 23
82 87 82 87
12 49 12 24 30 39 46 49
50 68 50 59 64 68
35 79 35 41 57 63 79
20 46 20 23 25 33 46
7 65 7 41 65
30 64 30 54 59 61 64
28 43 28 35 43
37 58 37 40 51 58
28 76 28 64 68 69 76
28 42 28 37 40 42
34 73 34 46 49 51 73
25 84 25 33 49 72 78 84
49 59 49 59
53 71 53 58 61 66 71
31 83 31 56 78 81 83
32 89 32 53 84 89
7 40 7 14 28 37 40
40 78 40 63 66 78
28 80 28 78 80
8 13 8 13
24 33 24 33
45 73 45 55 67 73
20 81 20 49 51 80 81
35 41 35 39 41
22 42 22 25 40 42
59 65 59 61 64 65
22 50 22 33 37 50
72 84 72 84
36 89 36 80 81 83 89
55 89 55 84 89
2 86 2 13 72 86
23 62 23 35 43 62
29 47 29 43 47
31 56 31 56
37 80 37 50 64 80
43 44 43 44
7 41 7 39 41
7 64 7 49 59 61 64
51 82 51 67 72 78 81 82
64 71 64 71
37 46 37 40 43 46
0 54 0 17 20 26 30 34 54
45 68 45 52 64 68
19 72 19 38 70 72
42 82 42 46 49 59 71 82
38 73 38 49 51 67 73
26 60 26 28 37 40 49 51 60
6 56 6 16 23 35 56
28 72 28 35 39 58 67 72
5 22 5 6 18 22
23 78 23 78
23 67 23 37 40 42 51 67
37 67 37 51 67
75 85 75 80 81 82 85
15 22 15 22
9 26 9 13 14 19 20 26
72 87 72 82 87
12 32 12 17 26 30 32
25 64 25 64
8 80 8 9 60 78 80
4 79 4 23 44 79
46 49 46 49
18 39 18 22 33 39
0 77 0 17 29 48 58 67 77
18 37 18 20 23 25 33 37
10 36 10 24 29 36
34 54 34 48 54
58 82 58 68 74 82
15 56 15 21 26 28 35 56
1 43 1 13 20 23 37 40 43
51 61 51 61
4 59 4 30 39 41 49 51 59
19 52 19 27 34 48 52
18 55 18 21 26 30 44 55
16 23 16 23
58 64 58 64
68 69 68 69
62 63 62 63
33 81 33 62 72 78 81
21 34 21 26 30 34
7 35 7 25 35
37 49 37 49
21 35 21 26 28 35
5 66 5 24 30 34 55 58 61 66
19 52 19 43 52
2 25 2 18 20 23 25
24 52 24 34 48 52
43 69 43 47 53 59 61 64 68 69
46 84 46 49 59 61 66 78 84
13 57 13 29 57
2 36 2 14 19 27 29 36
50 59 50 51 59
10 57 10 17 34 55 57
41 77 41 50 67 77
5 44 5 25 35 43 44
47 83 47 83
5 63 5 44 55 63
51 83 51 58 61 66 83
12 87 12 66 77 87
22 60 22 25 40 51 60
31 73 31 39 58 73
66 78 66 78
26 74 26 38 59 61 64 68 74
58 85 58 64 69 76 82 85
36 61 36 48 58 61
63 80 63 80
40 52 40 43 52
48 88 48 72 88
36 60 36 43 46 49 51 60
1 9 1 2 9
13 48 13 29 36 37 48
58 61 58 61
11 37 11 20 26 28 37
6 29 6 24 27 29
43 78 43 44 53 72 78
58 83 58 61 66 78 80 81 83
32 71 32 53 59 66 71
40 65 40 49 59 61 64 65
54 64 54 59 64
5 72 5 72
41 63 41 57 63
17 34 17 34
33 49 33 39 41 49
55 83 55 79 80 81 83
2 86 2 63 79 81 83 86
54 83 54 81 83
6 20 6 17 20
40 53 40 43 44 53
26 80 26 75 78 80
13 36 13 16 29 36
29 70 29 43 70
62 80 62 72 78 80
38 42 38 42
22 49 22 43 46 49
52 82 52 71 82
22 35 22 25 35
15 71 15 22 25 64 71
33 75 33 39 46 49 59 61 75
3 87 3 76 82 87
10 76 10 48 61 64 68 69 76
5 88 5 7 73 88
25 49 25 38 49
41 87 41 67 82 87
31 85 31 69 76 82 85
14 20 14 19 20
13 20 13 14 19 20
23 28 23 28
36 80 36 59 66 78 80
29 75 29 75
13 14 13 14
6 78 6 18 22 62 70 72 78
41 78 41 66 78
25 62 25 40 42 62
83 88 83 88
67 87 67 82 87
59 82 59 71 82
18 83 18 34 48 75 78 81 83
0 57 0 17 55 57
22 49 22 31 39 46 49
27 88 27 58 87 88
36 55 36 37 40 43 44 55
57 65 57 63 65
77 87 77 87
75 84 75 78 84
45 76 45 61 64 69 76
44 79 44 79
1 58 1 19 38 49 51 58
9 82 9 39 69 76 82
12 63 12 29 36 43 44 63
32 52 32 48 52
17 82 17 51 67 72 82
51 73 51 58 67 73
2 38 2 9 16 27 34 38
15 52 15 26 40 43 52
42 87 42 57 80 82 87
27 75 27 53 58 61 75
47 67 47 67
55 58 55 58
14 53 14 34 38 41 53
25 82 25 57 80 82
44 55 44 55
10 88 10 48 58 85 88
41 85 41 67 72 82 85
8 29 8 9 17 29
13 72 13 46 49 51 67 72
26 48 26 30 34 48
66 81 66 78 81
4 58 4 30 34 45 50 51 58
54 61 54 59 61
32 63 32 44 63
29 53 29 43 44 53
64 69 64 68 69
19 73 19 43 44 55 67 73
15 46 15 30 39 46
38 41 38 41
66 83 66 78 81 83
0 59 0 53 59
1 32 1 7 32
9 26 9 17 26
34 47 34 47
33 41 33 39 41
45 75 45 54 75
8 28 8 9 16 28
3 85 3 51 58 67 72 82 85
29 72 29 37 52 67 72
58 82 58 67 72 82
11 73 11 20 49 51 73
13 80 13 72 78 80
10 46 10 30 34 46
10 67 10 67
78 85 78 81 82 85
32 71 32 66 71
15 58 15 58
10 50 10 17 29 36 50
62 65 62 65
45 68 45 50 51 61 64 68
21 53 21 26 30 41 47 53
25 40 25 33 37 40
2 31 2 14 31
35 82 35 41 49 51 60 66 71 82
69 88 69 88
11 21 11 21
49 76 49 76
64 76 64 69 76
42 57 42 57
63 65 63 65
37 78 37 48 58 78
6 26 6 18 21 26
33 52 33 52
26 76 26 69 76
19 72 19 26 30 54 72
17 81 17 70 72 78 80 81
24 88 24 34 44 61 88
7 73 7 27 52 67 73
16 55 16 44 55
41 79 41 50 79
75 84 75 78 84
54 80 54 80
13 72 13 72
50 64 50 59 64
36 69 36 55 58 64 68 69
17 51 17 25 38 49 51
2 88 2 70 82 87 88
52 71 52 71
2 33 2 23 25 33
18 22 18 22
52 82 52 67 82
18 85 18 63 80 82 85
18 38 18 21 26 30 34 38
15 65 15 30 34 47 53 59 65
5 35 5 25 35
70 71 70 71
40 77 40 43 62 63 66 77
55 89 55 67 77 89
10 30 10 30
8 28 8 9 13 26 28
3 66 3 11 21 40 51 58 61 66
41 49 41 49
11 27 11 18 19 27
43 62 43 62
34 67 34 50 67
26 69 26 40 60 69
4 49 4 41 49
35 79 35 41 79
19 28 19 26 28
25 62 25 62
15 47 15 30 34 38 41 47
27 38 27 34 38
28 46 28 39 46
10 17 10 17
11 23 11 20 23
13 50 13 36 37 50
49 74 49 51 61 64 68 74
5 25 5 7 14 25
20 68 20 23 44 64 68
11 26 11 21 26
45 68 45 54 59 64 68
19 20 19 20
12 28 12 26 28
21 68 21 42 51 61 64 68
15 53 15 21 40 43 44 53
3 88 3 58 78 81 82 87 88
25 55 25 35 43 44 55
24 30 24 30
21 34 21 26 30 34
19 20 19 20
15 33 15 22 33
30 41 30 39 41
55 63 55 57 63
0 51 0 13 46 49 51
35 82 35 56 62 74 82
66 83 66 71 83
16 47 16 23 25 40 43 47
41 85 41 72 78 85
44 75 44 51 58 61 75
39 79 39 57 63 79
57 82 57 82
51 58 51 58
49 59 49 51 59
17 52 17 26 28 35 43 52
30 53 30 53
14 36 14 19 27 29 36
21 54 21 26 28 37 48 54
27 45 27 34 45
16 88 16 87 88
2 47 2 33 37 40 43 47
81 87 81 82 87
41 83 41 72 78 81 83
26 67 26 55 67
33 74 33 49 51 59 61 64 68 74
57 83 57 63 79 83
24 42 24 34 38 42
4 61 4 49 51 61
25 56 25 35 56
30 79 30 39 41 79
11 80 11 21 26 80
31 73 31 43 52 67 73
55 67 55 58 67
49 84 49 51 67 72 78 84
21 42 21 26 40 42
45 79 45 50 79
17 67 17 20 49 51 67
53 59 53 59
5 57 5 30 41 57
34 86 34 81 83 86
0 83 0 24 32 83
41 86 41 78 81 83 86
17 58 17 20 55 58
14 84 14 78 84
62 80 62 63 66 78 80
37 72 37 52 67 72
42 79 42 62 63 79
24 27 24 27
32 51 32 51
31 43 31 43
11 35 11 35
20 80 20 39 57 72 78 80
3 58 3 58
22 65 22 33 65
17 88 17 52 77 87 88
45 63 45 57 63
44 53 44 53
33 88 33 64 71 88
24 43 24 43
25 56 25 35 56
9 49 9 17 34 38 41 49
20 81 20 55 61 64 80 81
1 32 1 2 18 27 32
4 76 4 60 69 76
33 61 33 46 49 59 61
45 50 45 50
5 79 5 6 30 48 79
72 86 72 78 80 83 86
35 89 35 63 80 81 83 89
19 86 19 20 56 78 81 83 86
13 31 13 16 31
81 82 81 82
17 61 17 34 47 53 58 61
35 65 35 63 65
14 42 14 25 33 37 40 42
11 76 11 59 64 69 76
50 78 50 59 61 75 78
11 88 11 33 37 40 82 87 88
53 80 53 58 78 80
41 77 41 59 66 77
71 85 71 82 85
15 22 15 22
0 54 0 20 26 28 37 48 54
37 80 37 49 72 78 80
49 88 49 72 86 88
5 14 5 7 14
68 74 68 74
0 57 0 57
10 81 10 17 33 46 49 51 64 81
5 25 5 7 15 22 25
23 44 23 37 40 43 44
37 40 37 40
5 88 5 88
7 74 7 28 49 51 74
57 82 57 72 78 81 82
2 78 2 23 55 63 66 78
2 66 2 13 49 51 59 66
38 83 38 49 59 66 71 83
60 81 60 66 78 80 81
36 72 36 37 49 51 67 72
21 26 21 26
17 70 17 25 62 70
11 51 11 33 46 49 51
1 78 1 3 37 72 78
43 64 43 47 53 59 64
3 79 3 27 41 50 79
30 63 30 32 44 63
4 37 4 8 13 28 37
12 38 12 17 25 38
26 30 26 30
70 89 70 71 83 89
10 60 10 32 44 60
23 77 23 77
20 40 20 26 40
23 78 23 57 63 66 78
32 71 32 53 58 61 66 71
25 88 25 69 88
9 26 9 13 14 21 26
63 65 63 65
3 38 3 11 20 23 25 38
23 62 23 35 43 62
26 42 26 28 37 40 42
6 77 6 77
66 71 66 71
31 39 31 39
17 39 17 33 39
58 87 58 64 71 82 87
10 88 10 47 53 84 88
17 39 17 26 28 39
25 84 25 79 84
64 68 64 68
51 87 51 80 81 82 87
9 60 9 45 50 60
10 70 10 24 27 34 38 42 70
22 87 22 34 79 80 81 82 87
5 37 5 7 33 37
33 46 33 39 46
25 50 25 38 41 50
35 63 35 39 41 63
61 66 61 66
47 71 47 53 59 64 71
55 81 55 79 80 81
46 82 46 49 59 71 82
14 72 14 25 40 51 67 72
46 49 46 49
3 11 3 11
13 50 13 26 30 50
18 82 18 19 26 30 34 38 49 69 76 82
46 66 46 49 51 60 66
18 58 18 21 42 46 49 51 58
1 13 1 3 9 13
26 64 26 28 46 49 59 64
75 81 75 78 81
2 89 2 56 64 81 83 89
34 81 34 45 55 57 72 78 81
23 76 23 55 58 64 69 76
22 51 22 34 50 51
31 84 31 39 41 63 79 84
37 87 37 48 75 80 82 87
6 82 6 68 69 76 82
18 59 18 34 59
53 59 53 59
34 81 34 55 63 80 81
13 36 13 36
19 59 19 30 53 59
5 63 5 32 44 55 57 63
23 66 23 55 61 66
22 34 22 34
82 87 82 87
19 61 19 26 30 53 58 61
50 74 50 51 58 68 74
24 88 24 30 34 48 72 87 88
33 88 33 73 88
51 80 51 59 61 64 80
31 84 31 56 78 84
38 47 38 41 47
29 61 29 37 40 43 44 61
33 61 33 39 46 49 51 58 61
35 50 35 41 50
21 59 21 59
11 57 11 20 26 30 32 44 55 57
9 66 9 32 51 60 66
2 42 2 18 21 26 40 42
61 64 61 64
49 81 49 51 60 66 78 80 81
27 62 27 34 38 42 62
26 37 26 28 37
26 59 26 30 50 51 59
45 70 45 70
6 48 6 16 24 30 48
34 52 34 45 52
3 28 3 9 20 23 28
22 66 22 62 63 66
58 64 58 61 64
23 32 23 32
0 49 0 13 14 25 38 49
49 73 49 51 67 73
38 62 38 42 62
40 60 40 43 44 60
32 66 32 66
29 47 29 43 47
36 49 36 43 46 49
4 33 4 8 33
53 58 53 58
18 67 18 20 23 25 38 42 51 67
11 36 11 18 27 29 36
41 65 41 47 53 58 64 65
64 89 64 71 83 89
14 88 14 19 69 88
13 68 13 36 55 58 68
15 25 15 22 25
72 81 72 78 81
6 86 6 16 78 81 83 86
27 45 27 34 45
5 66 5 7 57 63 66
7 41 7 14 28 35 41
55 89 55 70 81 83 89
2 66 2 14 31 39 58 61 66
6 72 6 37 50 58 67 72
31 69 31 39 58 61 64 69
17 80 17 26 42 62 70 72 78 80
7 73 7 27 54 73
23 62 23 28 35 56 62
45 61 45 50 59 61
59 65 59 61 64 65
76 82 76 82
23 70 23 28 37 40 43 70
5 49 5 37 40 49
42 88 42 88
42 82 42 70 81 82
0 47 0 43 47
12 45 12 17 34 45
21 40 21 40
29 59 29 48 54 59
24 43 24 33 37 40 43
26 81 26 42 57 80 81
30 58 30 41 47 53 58
32 53 32 47 53
24 86 24 54 71 83 86
54 76 54 59 64 69 76
1 37 1 19 21 26 28 37
4 14 4 8 9 13 14
16 47 16 31 43 47
30 61 30 39 58 61
3 42 3 21 42
57 74 57 74
26 73 26 42 51 73
56 62 56 62
20 39 20 39
25 67 25 35 41 50 58 67
71 88 71 82 87 88
22 50 22 31 39 41 50
28 69 28 68 69
0 74 0 52 64 68 74
11 49 11 18 21 26 42 46 49
2 76 2 14 31 43 46 49 59 61 64 69 76
7 63 7 14 19 62 63
0 77 0 47 61 66 77
4 26 4 21 26
14 77 14 31 43 62 63 66 77
7 27 7 14 19 27
44 72 44 51 67 72
64 89 64 81 83 89
55 78 55 63 66 78
8 67 8 13 46 49 51 58 67
58 73 58 73
48 79 48 79
10 63 10 34 38 42 57 63
21 51 21 42 46 49 51
39 65 39 58 61 64 65
20 77 20 59 66 77
5 72 5 6 27 53 58 67 72
60 82 60 66 71 82
60 77 60 66 77
44 64 44 53 58 64
40 46 40 42 46
16 50 16 35 41 50
5 87 5 25 79 81 82 87
26 55 26 55
23 49 23 35 39 41 49
2 66 2 14 30 44 51 59 61 66
7 43 7 43
29 86 29 81 83 86
27 44 27 44
16 89 16 35 63 66 83 89
27 57 27 34 55 57
15 31 15 22 31
32 78 32 48 58 61 75 78
12 72 12 17 26 28 37 62 72
5 30 5 24 30
0 74 0 17 58 68 74
13 72 13 16 40 72
24 64 24 64
37 52 37 52
50 76 50 59 64 69 76
4 74 4 41 50 64 68 74
30 75 30 50 58 61 75
25 71 25 33 37 50 64 71
39 65 39 58 61 64 65
8 46 8 40 43 46
13 14 13 14
53 59 53 59
14 48 14 25 33 37 48
59 68 59 61 64 68
51 81 51 58 78 81
32 68 32 47 53 59 64 68
25 70 25 62 70
26 50 26 38 41 50
54 80 54 75 78 80
8 32 8 9 32
24 55 24 55
37 88 37 76 82 85 88
17 54 17 33 37 48 54
48 83 48 72 78 80 81 83
32 71 32 58 64 71
79 84 79 84
72 78 72 78
34 57 34 44 55 57
49 69 49 59 69
25 33 25 33
37 76 37 51 61 64 69 76
14 42 14 19 30 34 38 42
53 88 53 72 88
25 50 25 38 41 50
12 33 12 17 25 33
31 81 31 39 46 49 51 64 80 81
58 87 58 61 75 82 87
29 84 29 48 61 66 78 84
10 71 10 17 33 37 62 63 66 71
29 47 29 36 43 47
18 77 18 22 62 63 66 77
22 88 22 25 88
78 81 78 81
7 25 7 14 25
20 40 20 26 40
20 77 20 23 49 51 61 66 77
18 75 18 20 40 43 46 49 51 59 61 75
70 78 70 72 78
10 30 10 17 20 30
79 86 79 83 86
31 75 31 43 47 61 75
33 73 33 46 49 51 73
46 67 46 49 51 67
6 15 6 15
13 37 13 26 28 37
22 49 22 43 46 49
58 61 58 61
15 30 15 26 30
9 40 9 20 23 28 37 40
17 67 17 52 67
29 69 29 43 52 64 69
36 69 36 43 64 69
24 43 24 29 37 40 43
13 62 13 24 29 43 62
18 30 18 21 26 30
20 52 20 40 43 52
2 32 2 13 24 27 32
19 20 19 20
19 42 19 26 38 42
21 58 21 58
10 81 10 48 72 78 81
15 80 15 60 66 78 80
47 81 47 61 75 78 81
18 22 18 22
33 48 33 37 48
20 72 20 54 72
41 70 41 70
56 85 56 74 85
4 44 4 21 26 30 34 44
45 73 45 50 67 73
45 70 45 55 70
38 67 38 42 46 49 51 67
49 67 49 51 67
0 33 0 10 17 25 33
31 75 31 43 47 53 59 61 75
8 80 8 28 35 63 80
48 80 48 79 80
61 82 61 66 71 82
16 78 16 62 63 66 78
70 71 70 71
32 51 32 51
69 87 69 76 82 87
20 30 20 30
49 84 49 51 67 78 84
1 32 1 13 26 30 32
24 80 24 64 80
41 63 41 63
60 77 60 66 77
2 30 2 14 21 26 30
29 61 29 48 54 59 61
39 49 39 41 49
77 89 77 89
3 59 3 11 21 40 51 59
11 88 11 58 78 84 88
5 69 5 30 34 50 59 61 64 68 69
10 34 10 17 34
20 52 20 32 48 52
1 59 1 3 14 30 50 51 59
55 83 55 79 83
30 69 30 34 47 61 64 68 69
0 53 0 27 32 53
17 82 17 58 68 69 76 82
1 88 1 88
21 47 21 26 40 43 47
3 21 3 18 21
43 69 43 64 68 69
35 65 35 65
52 78 52 67 72 78
29 87 29 80 82 87
57 84 57 63 79 84
4 74 4 41 68 74
5 42 5 24 29 37 40 42
7 43 7 15 25 40 43
40 77 40 42 57 63 66 77
47 61 47 61
70 89 70 80 83 89
26 74 26 38 59 64 68 74
83 86 83 86
40 60 40 43 44 51 60
50 84 50 59 61 66 78 84
10 74 10 47 53 58 68 74
8 60 8 13 26 40 51 60
25 63 25 57 63
51 86 51 67 72 78 80 83 86
8 42 8 33 37 40 42
42 62 42 62
13 31 13 14 31
71 82 71 82
0 76 0 52 64 69 76
6 89 6 79 83 89
30 41 30 34 38 41
6 70 6 16 35 41 70
23 88 23 87 88
79 84 79 84
13 55 13 29 43 44 55
19 61 19 43 46 49 51 58 61
33 67 33 52 67
2 78 2 78
12 84 12 60 78 84
27 82 27 78 81 82
78 80 78 80
37 60 37 51 60
15 46 15 21 42 46
45 80 45 67 78 80
60 89 60 78 80 81 83 89
43 57 43 44 55 57
17 89 17 60 78 80 83 89
30 85 30 72 82 85
0 80 0 17 60 66 78 80
31 53 31 43 47 53
18 32 18 19 26 30 32
19 51 19 20 40 42 51
28 72 28 41 57 72
21 50 21 26 28 41 50
49 64 49 51 58 64
11 34 11 21 26 30 34
31 75 31 43 47 53 58 61 75
5 51 5 37 51
29 52 29 43 52
8 37 8 28 37
21 71 21 40 43 44 55 57 63 66 71
32 51 32 51
22 88 22 31 39 58 77 87 88
40 77 40 51 58 77
17 88 17 29 75 80 82 85 88
31 39 31 39
10 63 10 44 55 57 63
26 50 26 38 41 50
45 66 45 57 63 66
0 75 0 20 59 61 75
39 71 39 41 66 71
43 80 43 64 80
45 57 45 55 57
38 67 38 49 51 67
21 64 21 42 46 49 51 59 61 64
0 16 0 13 16
7 48 7 29 48
25 67 25 40 49 51 58 67
55 79 55 79
39 66 39 46 49 59 66
24 87 24 43 80 82 87
4 44 4 40 43 44
9 85 9 20 30 49 72 78 80 82 85
36 86 36 55 58 67 78 80 81 83 86
55 58 55 58
12 32 12 26 30 32
6 56 6 17 26 28 35 56
29 70 29 70
6 30 6 17 26 30
57 80 57 72 78 80
26 28 26 28
25 46 25 40 42 46
15 78 15 46 49 59 61 66 78
0 81 0 47 67 78 81
46 74 46 49 59 61 64 68 74
28 49 28 49
4 89 4 30 34 55 67 78 80 83 89
38 50 38 41 50
3 52 3 18 27 52
6 79 6 44 63 79
26 69 26 40 60 69
42 59 42 46 49 51 59
26 28 26 28
22 87 22 62 63 80 82 87
6 58 6 17 29 36 50 58
33 77 33 61 66 77
24 63 24 43 44 55 63
55 67 55 67
33 43 33 37 40 43
5 14 5 7 14
2 46 2 33 39 46
36 67 36 67
51 86 51 61 66 83 86
31 81 31 56 62 70 81
13 26 13 20 26
24 76 24 50 59 69 76
54 71 54 71
4 69 4 41 59 69
18 82 18 20 26 40 68 74 82
4 58 4 8 33 49 51 58
4 23 4 8 9 16 23
49 65 49 59 64 65
10 58 10 34 38 41 50 58
46 75 46 49 51 58 61 75
22 89 22 33 51 64 81 83 89
31 56 31 56
46 82 46 49 76 82
54 81 54 59 66 78 80 81
36 69 36 37 59 69
18 20 18 19 20
28 41 28 41
19 27 19 27
66 78 66 78
53 64 53 59 64
27 38 27 34 38
16 89 16 40 62 70 80 83 89
15 86 15 26 38 59 61 66 83 86
70 82 70 81 82
25 33 25 33
12 72 12 29 57 72
9 62 9 24 27 34 38 42 62
22 43 22 31 43
40 60 40 60
20 46 20 30 39 46
39 76 39 46 49 76
60 78 60 66 78
41 64 41 49 59 64
53 64 53 58 61 64
17 80 17 70 72 78 80
51 64 51 59 64
43 52 43 52
5 75 5 37 51 59 61 75
43 57 43 44 55 57
6 18 6 18
29 62 29 36 37 62
33 87 33 49 59 71 82 87
30 83 30 54 71 83
28 69 28 49 59 69
63 79 63 79
0 64 0 47 61 64
25 38 25 38
29 48 29 48
20 74 20 39 41 68 74
23 57 23 55 57
28 35 28 35
22 54 22 33 37 48 54
25 82 25 61 75 82
56 64 56 64
20 85 20 26 75 82 85
35 62 35 56 62
16 47 16 38 41 47
41 65 41 63 65
1 38 1 7 38
27 38 27 34 38
37 46 37 40 42 46
22 66 22 60 66
45 77 45 67 77
43 80 43 75 78 80
58 88 58 77 88
13 45 13 16 27 34 45
37 62 37 62
59 82 59 69 76 82
57 83 57 72 78 81 83
22 88 22 59 69 88
80 89 80 81 83 89
58 77 58 77
31 39 31 39
69 76 69 76
18 72 18 22 62 72
17 61 17 33 51 61
22 25 22 25
1 71 1 3 21 58 64 71
75 83 75 83
45 61 45 55 58 61
31 70 31 56 62 70
7 39 7 25 33 39
37 80 37 49 59 61 64 80
23 85 23 79 80 82 85
64 65 64 65
13 30 13 20 26 30
19 79 19 21 40 43 62 63 79
81 83 81 83
18 77 18 63 66 77
56 68 56 64 68
58 82 58 68 69 76 82
24 80 24 27 29 37 72 78 80
28 48 28 37 48
48 87 48 79 81 82 87
0 74 0 44 51 74
24 29 24 29
23 25 23 25
14 88 14 28 39 76 82 87 88
18 76 18 22 59 61 64 68 69 76
79 84 79 84
62 65 62 63 65
1 75 1 13 48 54 75
21 51 21 42 51
6 39 6 21 26 30 39
8 68 8 28 35 41 53 58 68
33 61 33 61
13 67 13 29 48 54 67
11 89 11 33 78 80 83 89
28 58 28 35 41 53 58
28 43 28 35 43
40 42 40 42
8 13 8 13
67 72 67 72
3 76 3 76
21 68 21 40 51 64 68
39 65 39 46 49 51 59 65
36 47 36 43 47
20 77 20 77
21 64 21 58 61 64
13 49 13 29 43 46 49
11 67 11 21 58 67
27 51 27 41 50 51
16 86 16 27 52 67 72 86
23 38 23 25 38
54 85 54 78 85
33 50 33 39 41 50
3 18 3 18
54 86 54 80 83 86
27 82 27 70 71 82
16 53 16 23 25 33 37 40 43 44 53
55 86 55 61 64 86
11 50 11 33 37 50
28 70 28 39 41 70
49 80 49 59 66 78 80
49 87 49 51 61 75 82 87
21 57 21 42 57
61 66 61 66
62 74 62 74
17 85 17 60 78 85
13 76 13 76
1 76 1 37 59 61 64 69 76
16 80 16 27 41 57 63 79 80
39 49 39 41 49
29 53 29 37 40 43 44 53
17 43 17 20 23 37 40 43
62 72 62 70 72
58 78 58 67 78
36 37 36 37
0 37 0 10 24 33 37
26 58 26 55 58
13 23 13 20 23
51 73 51 67 73
33 84 33 46 49 59 71 84
1 53 1 26 28 41 47 53
4 80 4 60 78 80
31 84 31 39 41 63 66 78 84
40 63 40 43 62 63
27 86 27 86
84 89 84 89
23 86 23 44 78 80 83 86
0 20 0 10 17 20
56 80 56 78 80
55 83 55 79 81 83
34 85 34 48 79 81 82 85
2 78 2 72 78
81 82 81 82
19 48 19 33 37 48
32 83 32 51 80 83
38 65 38 65
11 75 11 59 61 75
35 65 35 65
28 39 28 35 39
18 61 18 34 55 61
4 61 4 30 53 58 61
3 60 3 21 26 42 51 60
33 74 33 52 64 68 74
15 71 15 60 66 71
5 72 5 33 67 72
50 85 50 60 69 76 82 85
54 64 54 59 64
23 65 23 25 62 63 65
12 70 12 37 40 43 44 55 70
57 65 57 65
6 82 6 18 76 82
1 19 1 19
60 78 60 78
37 42 37 40 42
4 29 4 8 13 14 19 27 29
1 88 1 7 32 44 78 81 83 86 88
5 14 5 7 14
66 82 66 71 82
10 48 10 48
54 88 54 59 61 83 88
40 47 40 43 47
72 84 72 78 84
26 57 26 42 57
23 44 23 37 40 43 44
25 76 25 40 64 68 69 76
6 83 6 15 30 49 59 71 83
20 40 20 26 28 37 40
74 82 74 82
2 88 2 9 20 49 76 82 87 88
20 72 20 32 47 53 58 67 72
32 85 32 48 58 78 80 81 82 85
3 24 3 16 24
54 86 54 80 83 86
6 71 6 31 56 62 63 66 71
43 70 43 70
37 84 37 51 67 78 84
22 78 22 72 78
18 37 18 20 23 28 37
13 62 13 14 19 33 37 40 62
6 31 6 15 22 31
30 63 30 41 63
22 73 22 33 49 51 67 73
32 88 32 44 78 85 88
5 22 5 7 15 22
4 20 4 13 20
11 32 11 20 32
7 33 7 33
28 57 28 39 57
4 89 4 23 25 64 81 83 89
4 69 4 69
2 14 2 9 13 14
20 39 20 30 39
16 50 16 28 37 50
8 30 8 13 24 30
1 26 1 2 18 20 26
44 87 44 53 58 77 87
17 43 17 26 40 43
16 76 16 44 61 64 68 69 76
63 71 63 66 71
66 82 66 71 82
25 85 25 82 85
7 19 7 14 19
1 68 1 3 23 35 39 46 49 51 58 64 68
34 64 34 48 52 64
9 85 9 29 48 54 67 78 85
69 82 69 76 82
0 44 0 10 24 29 43 44
52 71 52 71
24 43 24 43
20 86 20 71 83 86
13 86 13 72 78 80 83 86
13 39 13 28 35 39
30 80 30 32 66 78 80
35 39 35 39
36 81 36 37 48 79 81
37 40 37 40
29 79 29 36 55 63 79
16 40 16 29 37 40
13 86 13 48 79 86
42 49 42 46 49
25 39 25 35 39
18 34 18 20 30 34
47 75 47 75
4 14 4 13 14
26 83 26 80 83
23 35 23 28 35
55 63 55 63
0 34 0 20 26 30 34
30 58 30 48 58
19 62 19 26 28 37 62
41 80 41 47 61 64 80
46 66 46 49 51 60 66
29 37 29 36 37
26 28 26 28
28 59 28 46 49 51 59
24 87 24 32 51 67 77 87
30 45 30 34 45
10 52 10 32 48 52
20 54 20 30 32 48 54
40 85 40 63 79 80 81 82 85
42 59 42 46 49 59
8 40 8 9 24 33 37 40
8 41 8 13 28 35 39 41
18 31 18 22 31
19 34 19 27 34
62 82 62 70 82
12 84 12 26 28 41 49 72 84
34 86 34 59 66 83 86
58 68 58 61 64 68
20 39 20 39
59 64 59 64
20 81 20 54 72 78 80 81
32 71 32 48 54 59 71
6 54 6 54
27 54 27 34 48 54
52 86 52 80 81 83 86
40 68 40 43 52 64 68
24 64 24 43 44 53 59 61 64
60 76 60 69 76
72 84 72 84
14 33 14 25 33
28 46 28 37 40 43 46
0 17 0 10 17
2 72 2 13 29 37 50 51 67 72
61 68 61 64 68
11 77 11 18 63 66 77
0 47 0 47
46 87 46 77 87
10 26 10 17 20 26
5 89 5 37 49 77 89
24 77 24 77
4 89 4 41 63 80 81 83 89
18 77 18 27 32 48 61 66 77
12 20 12 17 20
0 88 0 80 83 86 88
26 40 26 40
40 77 40 42 62 63 66 77
31 81 31 43 80 81
36 50 36 50
37 87 37 49 77 87
17 80 17 78 80
6 74 6 40 68 74
27 45 27 34 45
24 53 24 27 32 53
31 75 31 39 58 61 75
16 85 16 38 63 66 78 85
42 71 42 57 63 66 71
61 68 61 64 68
30 68 30 48 58 64 68
8 84 8 40 78 84
12 27 12 24 27
14 78 14 21 26 28 39 60 78
14 34 14 34
24 55 24 27 29 36 37 40 43 44 55
26 30 26 30
40 49 40 42 46 49
79 89 79 81 83 89
77 87 77 87
39 77 39 41 57 63 66 77
2 30 2 14 19 21 26 30
16 28 16 23 28
27 34 27 34
35 76 35 39 41 53 58 68 69 76
38 60 38 42 51 60
27 81 27 32 58 78 81
54 86 54 72 86
11 86 11 35 56 62 70 71 83 86
27 43 27 29 37 40 43
19 80 19 56 62 72 78 80
43 57 43 44 55 57
2 89 2 57 78 80 81 83 89
68 69 68 69
6 31 6 18 22 31
17 67 17 34 50 51 67
9 78 9 50 60 78
35 56 35 56
24 62 24 30 34 38 42 62
2 23 2 13 16 23
5 59 5 6 44 51 59
60 89 60 78 80 83 89
21 82 21 40 60 78 80 82
7 69 7 69
19 26 19 21 26
8 27 8 13 16 27
50 64 50 64
41 66 41 59 61 66
7 53 7 38 41 47 53
63 81 63 66 78 80 81
52 68 52 64 68
5 34 5 6 30 34
2 82 2 9 24 81 82
58 65 58 61 64 65
49 69 49 69
13 37 13 28 37
67 82 67 72 82
1 7 1 7
27 42 27 29 36 37 40 42
31 61 31 43 47 61
8 65 8 9 20 55 63 65
44 51 44 51
12 60 12 41 50 51 60
35 39 35 39
37 40 37 40
9 58 9 45 55 58
22 89 22 60 78 84 89
13 60 13 20 49 51 60
12 45 12 24 34 45
67 89 67 77 89
25 74 25 62 74
70 82 70 82
45 64 45 54 59 61 64
37 58 37 50 58
26 77 26 42 59 77
58 77 58 61 66 77
58 69 58 61 64 68 69
31 62 31 56 62
37 60 37 50 60
14 64 14 21 59 64
25 64 25 64
45 61 45 54 59 61
0 55 0 45 55
79 80 79 80
3 51 3 30 41 50 51
8 70 8 9 62 70
23 39 23 28 35 39
12 17 12 17
21 47 21 40 43 47
9 60 9 60
79 81 79 80 81
15 28 15 21 26 28
11 46 11 27 34 38 42 46
36 65 36 59 61 64 65
10 88 10 78 85 88
25 86 25 57 63 79 83 86
71 84 71 84
8 31 8 13 16 31
51 88 51 88
59 77 59 66 77
12 49 12 27 34 46 49
24 73 24 30 54 67 73
25 81 25 63 80 81
20 66 20 59 66
39 41 39 41
82 85 82 85
40 68 40 49 51 58 64 68
30 84 30 50 67 78 84
7 19 7 14 19
1 86 1 7 15 21 26 55 63 80 83 86
2 30 2 9 17 26 30
46 87 46 77 87
18 61 18 20 54 59 61
8 62 8 13 16 38 42 62
33 72 33 51 67 72
11 77 11 18 19 38 60 66 77
22 64 22 43 64
37 72 37 50 58 67 72
22 57 22 25 57
24 59 24 34 46 49 51 59
32 68 32 51 58 64 68
68 74 68 74
17 74 17 26 30 53 58 64 68 74
24 64 24 34 50 64
59 77 59 61 66 77
63 89 63 66 71 84 89
18 32 18 20 30 32
32 70 32 44 55 70
37 67 37 40 43 44 55 67
9 53 9 17 33 39 41 47 53
36 60 36 50 51 60
20 68 20 39 41 50 64 68
4 69 4 68 69
23 68 23 55 58 61 64 68
47 53 47 53
1 28 1 3 9 13 16 28
13 70 13 14 28 41 70
21 42 21 42
9 69 9 24 34 54 59 64 68 69
17 67 17 32 53 58 67
47 83 47 53 58 67 78 80 83
44 74 44 51 74
23 82 23 82
7 54 7 29 37 48 54
34 54 34 54
38 63 38 41 63
29 62 29 37 62
1 41 1 13 20 39 41
2 77 2 18 27 53 58 61 66 77
21 41 21 26 28 41
54 69 54 59 64 68 69
34 62 34 38 42 62
50 67 50 58 67
25 83 25 38 41 70 80 81 83
11 57 11 21 26 55 57
5 31 5 6 16 31
37 52 37 52
11 44 11 27 34 44
78 82 78 80 82
49 59 49 59
48 76 48 54 59 69 76
71 88 71 83 86 88
11 80 11 27 53 58 61 75 78 80
45 70 45 55 70
16 53 16 44 53
7 64 7 26 28 58 64
18 83 18 27 29 70 80 81 83
21 64 21 40 51 61 64
52 87 52 77 87
14 88 14 42 70 80 81 82 87 88
7 14 7 14
16 75 16 48 54 75
33 50 33 37 50
15 79 15 25 62 63 79
12 38 12 26 30 34 38
7 40 7 28 37 40
15 22 15 22
54 80 54 75 78 80
28 89 28 77 89
5 71 5 64 71
38 53 38 41 53
61 64 61 64
40 47 40 43 47
16 87 16 24 54 78 81 82 87
0 57 0 17 33 39 57
47 53 47 53
11 20 11 18 20
6 16 6 16
47 58 47 53 58
12 23 12 17 20 23
11 73 11 20 39 58 73
11 76 11 68 69 76
5 33 5 7 15 25 33
66 81 66 78 81
0 87 0 27 29 81 82 87
34 86 34 45 67 78 81 83 86
15 79 15 26 38 63 79
38 41 38 41
39 76 39 58 68 69 76
21 81 21 40 42 46 49 59 64 81
45 52 45 52
35 52 35 43 52
34 64 34 48 61 64
60 89 60 78 84 89
43 86 43 46 49 72 86
7 28 7 26 28
0 52 0 24 30 48 52
4 68 4 30 53 58 64 68
66 77 66 77
29 64 29 43 44 64
6 59 6 27 53 59
11 75 11 35 59 61 75
10 26 10 17 20 26
64 68 64 68
5 87 5 75 78 81 82 87
80 82 80 81 82
28 64 28 41 49 51 61 64
20 85 20 71 82 85
67 84 67 72 78 84
35 67 35 39 58 67
23 33 23 25 33
22 65 22 33 37 52 64 65
4 59 4 8 40 42 59
5 87 5 44 61 66 77 87
30 32 30 32
4 28 4 23 28
64 81 64 80 81
15 58 15 30 49 51 58
18 20 18 19 20
35 76 35 69 76
33 88 33 51 59 61 88
79 89 79 81 83 89
2 76 2 18 20 32 47 61 64 69 76
64 69 64 69
8 40 8 9 16 40
32 86 32 86
76 85 76 82 85
12 75 12 37 40 51 61 75
34 45 34 45
21 47 21 26 28 35 43 47
59 71 59 61 64 71
51 80 51 60 66 78 80
29 87 29 81 82 87
7 27 7 27
28 80 28 37 49 59 61 75 80
60 88 60 86 88
80 83 80 83
2 23 2 23
17 79 17 29 79
19 69 19 20 39 60 69
2 63 2 56 62 63
39 85 39 60 78 85
16 75 16 38 49 51 59 61 75
48 71 48 61 64 71
2 32 2 14 19 21 26 30 32
35 69 35 59 61 64 68 69
33 73 33 37 40 42 51 67 73
22 50 22 33 39 41 50
20 34 20 26 30 34
5 24 5 24
10 47 10 17 26 28 41 47
40 52 40 43 52
6 58 6 30 53 58
1 48 1 3 15 22 34 48
50 82 50 82
20 37 20 26 28 37
15 64 15 21 59 61 64
11 61 11 58 61
7 40 7 15 22 33 37 40
63 88 63 66 71 82 87 88
27 76 27 34 48 61 64 69 76
35 59 35 59
44 79 44 55 63 79
49 69 49 59 61 64 68 69
46 74 46 49 51 58 68 74
35 52 35 43 52
11 33 11 20 23 25 33
33 48 33 37 48
5 69 5 44 61 64 68 69
0 48 0 20 23 25 33 37 48
54 61 54 59 61
42 51 42 51
23 74 23 25 64 68 74
14 61 14 34 59 61
56 77 56 62 63 66 77
43 53 43 44 53
28 72 28 37 62 70 72
3 48 3 27 34 48
30 53 30 34 47 53
19 79 19 30 48 79
45 55 45 55
5 23 5 7 14 19 20 23
7 51 7 41 50 51
40 82 40 78 80 82
33 79 33 39 57 63 79
69 87 69 87
40 43 40 43
37 71 37 50 59 61 66 71
0 85 0 71 82 85
22 43 22 25 33 37 40 43
6 59 6 17 29 36 37 50 59
25 44 25 40 43 44
13 70 13 16 38 70
39 76 39 46 49 76
21 53 21 26 38 41 53
12 47 12 41 47
72 81 72 78 80 81
29 48 29 48
8 45 8 13 20 30 34 45
30 48 30 48
5 37 5 36 37
37 58 37 49 51 58
16 37 16 23 37
31 57 31 39 41 57
12 63 12 26 30 44 55 63
40 86 40 49 51 64 86
70 82 70 80 82
42 88 42 57 86 88
36 71 36 66 71
12 60 12 29 43 44 51 60
80 85 80 81 82 85
2 24 2 13 16 24
6 24 6 16 24
20 73 20 40 51 73
61 74 61 64 68 74
35 43 35 43
22 75 22 43 46 49 51 61 75
28 82 28 58 67 82
12 33 12 17 25 33
2 18 2 18
33 49 33 37 49
39 87 39 57 63 66 71 82 87
33 84 33 62 72 78 84
16 82 16 31 68 74 82
5 61 5 36 50 59 61
20 72 20 30 72
33 55 33 37 40 43 44 55
26 42 26 40 42
11 46 11 33 37 40 43 46
41 59 41 47 53 59
17 37 17 33 37
6 16 6 16
3 27 3 27
1 37 1 37
3 32 3 21 26 30 32
62 74 62 74
27 82 27 44 60 66 78 81 82
31 57 31 43 44 55 57
10 45 10 34 45
18 49 18 20 23 37 40 49
36 59 36 48 54 59
19 70 19 26 38 42 70
6 55 6 16 31 43 44 55
38 46 38 42 46
73 88 73 88
41 72 41 57 72
18 68 18 27 54 59 64 68
18 76 18 59 61 64 69 76
18 63 18 21 42 62 63
25 76 25 69 76
24 39 24 30 39
1 53 1 26 28 35 41 53
8 32 8 13 20 30 32
1 54 1 13 16 48 54
49 60 49 51 60
11 50 11 21 26 28 39 41 50
44 57 44 55 57
19 46 19 26 28 39 46
40 49 40 49
79 82 79 80 81 82
7 38 7 38
55 63 55 57 63
14 41 14 21 26 30 39 41
1 35 1 7 26 28 35
35 39 35 39
58 74 58 61 64 68 74
0 77 0 10 47 53 59 61 66 77
5 69 5 61 64 68 69
69 76 69 76
0 89 0 53 58 61 75 83 89
6 73 6 73
41 66 41 57 63 66
6 80 6 18 20 40 42 59 61 75 78 80
16 73 16 48 58 73
14 60 14 21 42 46 49 51 60
9 49 9 46 49
52 87 52 67 78 81 82 87
16 29 16 29
55 70 55 70
25 62 25 62
18 64 18 59 61 64
23 76 23 35 43 47 61 64 69 76
4 60 4 49 51 60
10 85 10 32 71 82 85
59 86 59 64 81 83 86
24 55 24 43 44 55
22 75 22 59 61 75
79 82 79 81 82
2 86 2 56 62 72 86
23 47 23 37 40 43 47
6 89 6 27 41 78 81 83 89
35 86 35 39 41 63 80 81 83 86
53 58 53 58
30 84 30 49 72 84
51 58 51 58
0 87 0 82 87
25 61 25 33 37 51 61
26 56 26 28 35 56
41 78 41 70 72 78
38 67 38 41 53 58 67
21 32 21 26 30 32
63 87 63 80 82 87
24 86 24 27 54 71 83 86
32 63 32 44 55 63
18 49 18 22 43 46 49
23 39 23 28 35 39
26 52 26 28 37 52
19 72 19 43 47 67 72
43 86 43 62 72 78 81 83 86
10 88 10 17 26 30 68 74 82 85 88
35 63 35 43 62 63
38 62 38 42 62
51 68 51 58 68
29 70 29 37 62 70
25 82 25 80 81 82
10 85 10 70 81 82 85
16 36 16 29 36
48 58 48 58
21 43 21 40 43
6 77 6 31 43 44 61 66 77
38 83 38 60 78 80 81 83
13 70 13 14 19 20 30 39 41 70
52 86 52 71 83 86
44 75 44 55 61 75
24 85 24 64 80 82 85
33 51 33 37 40 49 51
37 71 37 62 63 66 71
6 80 6 17 20 59 66 78 80
48 83 48 52 80 83
56 77 56 62 63 66 77
6 86 6 71 83 86
5 89 5 30 32 48 61 66 71 83 89
11 75 11 33 37 59 61 75
41 65 41 57 65
59 84 59 71 84
44 73 44 53 58 73
29 69 29 43 44 51 61 64 69
9 57 9 45 55 57
47 85 47 53 59 69 76 82 85
12 28 12 26 28
2 46 2 33 37 40 43 46
21 66 21 59 61 66
13 87 13 36 55 79 81 82 87
8 69 8 58 68 69
27 78 27 70 72 78
21 70 21 40 62 70
55 75 55 58 61 75
6 74 6 24 52 64 68 74
6 70 6 16 31 39 41 70
39 69 39 46 49 69
23 53 23 25 33 37 40 43 44 53
8 74 8 58 68 74
47 53 47 53
17 29 17 29
19 83 19 20 79 83
50 73 50 67 73
0 55 0 45 55
23 47 23 35 43 47
19 38 19 38
34 74 34 74
16 80 16 31 43 80
5 51 5 6 18 20 30 32 51
8 80 8 13 60 66 78 80
12 34 12 27 34
16 37 16 28 37
7 44 7 29 37 40 43 44
60 89 60 78 80 81 83 89
56 69 56 64 69
3 56 3 18 20 26 28 35 56
28 55 28 35 43 44 55
50 51 50 51
40 79 40 43 62 63 79
2 41 2 13 20 23 25 35 41
33 53 33 37 40 43 44 53
52 89 52 89
10 58 10 47 53 58
26 42 26 30 34 38 42
51 86 51 59 86
24 27 24 27
42 73 42 46 49 51 73
3 52 3 33 37 48 52
16 69 16 44 53 58 68 69
24 77 24 55 63 66 77
26 88 26 88
58 73 58 73
4 85 4 68 69 76 82 85
54 69 54 59 69
8 30 8 13 14 30
31 84 31 56 78 84
20 57 20 55 57
56 80 56 78 80
4 23 4 23
12 74 12 24 52 64 68 74
39 89 39 41 57 72 84 89
0 87 0 20 40 72 87
33 76 33 51 61 64 68 69 76
40 43 40 43
20 66 20 23 57 63 66
22 72 22 33 67 72
24 64 24 43 64
27 53 27 29 43 47 53
16 81 16 35 59 64 81
6 82 6 68 74 82
51 73 51 67 73
17 86 17 29 80 83 86
23 84 23 49 72 78 84
4 29 4 8 9 13 14 19 27 29
0 76 0 53 59 69 76
31 51 31 43 44 51
26 86 26 75 83 86
42 51 42 51
32 85 32 53 80 81 82 85
78 84 78 84
39 71 39 41 66 71
13 56 13 26 28 35 56
18 76 18 34 44 61 64 68 69 76
49 88 49 76 82 85 88
44 53 44 53
41 67 41 67
13 44 13 26 28 37 40 43 44
3 76 3 38 49 69 76
8 68 8 41 68
40 52 40 43 52
20 74 20 74
62 72 62 70 72
2 89 2 31 39 41 63 83 89
12 44 12 44
34 70 34 55 70
38 63 38 42 57 63
8 20 8 9 13 14 19 20
78 86 78 81 83 86
14 41 14 28 39 41
4 56 4 8 28 35 56
49 84 49 59 71 84
2 47 2 31 43 47
3 50 3 15 25 35 41 50
38 84 38 41 53 59 64 71 84
44 79 44 55 57 63 79
3 76 3 23 49 76
18 89 18 27 34 44 60 78 80 81 83 89
25 40 25 40
33 52 33 52
83 86 83 86
54 76 54 59 69 76
33 37 33 37
37 63 37 62 63
36 67 36 43 44 55 67
30 79 30 32 48 79
40 74 40 42 59 61 64 68 74
37 84 37 72 78 84
4 25 4 8 13 16 23 25
8 54 8 33 37 48 54
84 88 84 88
59 89 59 71 84 89
8 66 8 41 63 66
9 64 9 16 29 37 48 61 64
13 76 13 14 31 69 76
45 57 45 55 57
10 59 10 44 51 59
39 49 39 41 49
18 31 18 22 31
40 55 40 43 44 55
4 74 4 23 68 74
26 59 26 38 41 49 59
26 48 26 28 37 48
54 81 54 81
45 89 45 55 84 89
53 67 53 58 67
38 47 38 41 47
28 55 28 37 40 43 44 55
66 89 66 83 89
5 80 5 25 62 63 80
50 79 50 79
46 77 46 49 59 61 66 77
4 20 4 13 14 19 20
1 78 1 72 78
23 35 23 35
18 58 18 22 43 44 51 58
25 48 25 33 37 48
53 80 53 80
37 67 37 50 58 67
24 39 24 30 39
8 41 8 41
27 43 27 29 43
50 64 50 59 64
23 25 23 25
7 15 7 15
77 89 77 89
52 72 52 67 72
6 36 6 24 29 36
46 84 46 49 51 64 71 84
64 89 64 80 81 83 89
23 47 23 28 35 41 47
42 65 42 64 65
1 38 1 2 14 19 27 34 38
49 87 49 76 82 87
44 84 44 55 61 66 78 84
17 81 17 55 61 64 80 81
10 32 10 30 32
33 39 33 39
49 77 49 51 60 66 77
2 14 2 9 13 14
64 76 64 69 76
31 49 31 39 41 49
68 74 68 74
71 84 71 84
37 46 37 40 42 46
32 53 32 53
22 50 22 34 45 50
7 88 7 62 72 78 80 81 82 87 88
32 71 32 44 55 70 71
54 78 54 59 61 75 78
35 59 35 43 44 51 59
64 81 64 80 81
22 37 22 25 33 37
30 49 30 41 49
64 87 64 68 74 82 87
28 55 28 37 40 43 44 55
41 49 41 49
70 80 70 80
12 24 12 24
59 86 59 64 80 81 83 86
63 79 63 79
69 76 69 76
32 51 32 44 51
8 13 8 13
40 79 40 42 57 63 79
9 29 9 24 29
70 89 70 80 81 83 89
38 75 38 59 61 75
3 21 3 18 19 21
9 20 9 17 20
27 38 27 34 38
26 40 26 40
38 50 38 41 50
18 35 18 21 26 28 35
32 59 32 48 54 59
1 50 1 13 36 37 50
1 31 1 7 14 31
6 89 6 79 84 89
27 58 27 29 36 43 46 49 51 58
14 76 14 31 56 64 68 69 76
13 57 13 14 31 39 57
29 55 29 43 44 55
33 65 33 61 64 65
12 34 12 17 34
16 69 16 40 64 69
1 29 1 3 9 13 24 29
10 88 10 67 78 80 82 85 88
30 79 30 34 50 79
79 82 79 81 82
3 13 3 9 13
2 37 2 23 25 33 37
49 76 49 69 76
35 64 35 41 50 64
42 57 42 57
14 60 14 19 33 37 50 60
8 66 8 13 14 21 40 63 66
12 41 12 27 34 38 41
59 87 59 64 68 69 87
41 67 41 53 58 67
0 31 0 13 14 31
36 86 36 80 81 83 86
2 33 2 9 24 33
46 66 46 49 51 61 66
19 85 19 33 52 80 82 85
39 71 39 58 61 64 71
2 54 2 9 13 20 54
3 30 3 9 17 20 26 30
4 72 4 40 51 67 72
10 76 10 48 52 64 68 69 76
30 45 30 34 45
13 32 13 20 30 32
60 81 60 78 80 81
48 66 48 54 59 61 66
5 79 5 37 62 63 79
0 77 0 24 77
12 28 12 26 28
45 80 45 52 64 80
3 15 3 15
13 88 13 84 88
26 84 26 75 78 84
23 76 23 44 55 58 68 69 76
15 70 15 26 38 41 70
14 76 14 34 47 53 59 61 64 68 69 76
3 88 3 14 21 58 85 88
9 74 9 29 43 47 53 59 64 68 74
6 57 6 31 43 44 55 57
9 44 9 17 20 32 44
31 56 31 56
51 83 51 59 71 83
63 71 63 66 71
41 47 41 47
5 80 5 24 80
72 88 72 84 88
69 82 69 76 82
19 80 19 56 64 80
5 42 5 25 38 42
18 80 18 27 32 48 54 75 78 80
3 58 3 16 29 36 43 47 53 58
31 87 31 68 74 82 87
5 79 5 30 41 63 79
3 18 3 18
24 76 24 43 46 49 69 76
42 62 42 62
46 77 46 49 77
43 44 43 44
54 75 54 75
28 76 28 37 40 49 69 76
36 74 36 43 46 49 59 61 64 68 74
25 63 25 40 63
23 81 23 79 80 81
19 75 19 30 49 59 61 75
6 17 6 17
39 57 39 57
23 25 23 25
58 89 58 77 89
40 63 40 42 57 63
10 85 10 48 52 80 82 85
50 79 50 79
14 88 14 68 74 82 87 88
1 20 1 7 14 19 20
18 21 18 19 21
9 66 9 24 33 39 46 49 59 61 66
2 56 2 56
4 76 4 8 28 37 76
51 85 51 64 82 85
18 49 18 27 34 38 42 46 49
5 24 5 24
4 29 4 8 9 13 14 19 27 29
3 38 3 14 21 26 38
33 87 33 78 80 82 87
12 58 12 29 48 58
27 68 27 41 68
58 78 58 67 72 78
12 66 12 26 42 57 63 66
16 28 16 23 28
31 83 31 56 64 71 83
12 86 12 44 55 70 81 83 86
45 61 45 61
2 37 2 33 37
58 84 58 78 84
52 83 52 64 81 83
20 48 20 30 34 48
16 44 16 40 43 44
58 71 58 64 71
6 59 6 17 34 59
49 88 49 59 61 75 78 80 83 88
18 65 18 63 65
54 83 54 83
11 57 11 20 40 43 44 55 57
38 60 38 41 49 51 60
11 64 11 58 61 64
57 82 57 74 82
27 70 27 34 38 70
18 72 18 22 72
53 87 53 77 87
5 34 5 30 34
13 31 13 14 31
12 77 12 45 50 59 66 77
37 66 37 49 59 61 66
7 56 7 15 26 28 35 56
16 47 16 27 34 38 41 47
4 29 4 13 14 19 27 29
10 60 10 17 60
19 80 19 33 64 80
3 35 3 9 17 26 28 35
43 57 43 44 55 57
59 87 59 71 82 87
9 16 9 16
68 85 68 69 76 82 85
34 64 34 45 50 64
64 81 64 81
36 60 36 60
14 25 14 19 20 23 25
13 49 13 26 28 46 49
28 80 28 58 78 80
20 35 20 23 25 35
17 82 17 51 74 82
5 25 5 25
10 34 10 30 34
73 88 73 88
10 71 10 60 66 71
26 28 26 28
33 81 33 51 80 81
53 87 53 58 67 82 87
71 84 71 84
22 72 22 31 56 62 72
7 28 7 28
0 45 0 20 26 30 34 45
28 79 28 41 50 79
58 84 58 67 72 78 84
25 74 25 33 61 64 68 74
11 46 11 18 21 42 46
20 72 20 56 62 72
24 40 24 33 37 40
7 56 7 28 35 56
20 46 20 30 34 38 42 46
75 83 75 80 83
5 64 5 44 51 59 61 64
17 29 17 29
38 70 38 41 70
4 20 4 13 14 19 20
58 66 58 61 66
31 85 31 68 74 85
23 35 23 35
15 81 15 21 58 67 72 78 80 81
59 66 59 66
22 75 22 43 46 49 51 61 75
62 66 62 63 66
12 84 12 60 66 71 84
56 74 56 64 68 74
47 85 47 80 81 82 85
18 21 18 21
23 67 23 44 53 58 67
28 64 28 35 59 64
19 38 19 30 34 38
1 18 1 2 18
32 85 32 66 78 81 82 85
28 80 28 78 80
40 82 40 64 68 74 82
51 64 51 61 64
24 71 24 71
29 64 29 36 59 61 64
7 58 7 28 46 49 51 58
83 88 83 88
33 73 33 73
33 51 33 37 49 51
0 49 0 13 20 40 43 46 49
23 64 23 55 58 64
13 16 13 16
26 69 26 55 61 64 69
37 48 37 48
49 84 49 72 84
19 46 19 43 46
23 43 23 37 40 43
55 81 55 63 80 81
54 87 54 67 77 87
21 61 21 42 46 49 59 61
23 74 23 37 52 64 68 74
4 28 4 13 16 23 28
6 18 6 18
23 64 23 37 40 64
10 41 10 24 33 39 41
23 37 23 28 37
51 88 51 88
9 41 9 17 20 39 41
7 85 7 69 76 82 85
20 55 20 55
61 75 61 75
6 34 6 24 30 34
53 80 53 59 61 66 78 80
0 77 0 43 47 67 77
61 76 61 64 69 76
55 86 55 58 78 80 81 83 86
77 88 77 88
17 69 17 58 68 69
7 32 7 14 21 26 30 32
18 51 18 22 43 46 49 51
63 81 63 66 78 80 81
34 41 34 38 41
8 87 8 13 20 79 81 82 87
6 74 6 40 62 74
28 88 28 39 46 77 87 88
30 61 30 44 61
33 43 33 37 40 43
54 87 54 75 80 82 87
33 51 33 46 49 51
13 29 13 14 19 27 29
26 85 26 75 82 85
7 34 7 15 30 34
0 17 0 10 17
9 46 9 46
3 27 3 14 19 27
7 89 7 39 58 67 77 89
43 87 43 70 80 81 82 87
30 69 30 39 58 61 64 68 69
51 88 51 74 85 88
30 53 30 44 53
36 49 36 43 46 49
8 19 8 9 13 14 19
34 63 34 45 63
60 80 60 66 78 80
21 69 21 26 42 51 59 64 68 69
16 57 16 23 32 44 55 57
82 87 82 87
46 51 46 49 51
56 64 56 64
35 71 35 39 58 61 66 71
7 40 7 25 33 37 40
43 76 43 46 49 51 58 64 69 76
19 86 19 56 64 86
15 28 15 21 26 28
45 55 45 55
7 32 7 32
69 87 69 87
67 82 67 78 80 81 82
12 73 12 44 51 67 73
49 81 49 59 64 80 81
13 76 13 16 35 59 61 64 68 69 76
13 24 13 24
59 66 59 61 66
7 42 7 29 36 37 40 42
28 70 28 35 39 41 70
11 25 11 20 23 25
2 42 2 14 30 34 38 42
22 43 22 25 33 37 40 43
47 77 47 77
19 62 19 62
54 85 54 67 82 85
31 62 31 56 62
30 63 30 44 55 57 63
30 63 30 44 63
45 89 45 70 72 78 81 83 89
6 80 6 62 72 78 80
38 70 38 41 70
3 49 3 18 19 43 46 49
55 58 55 58
2 74 2 23 35 39 46 49 51 74
3 54 3 30 34 48 54
70 71 70 71
10 86 10 24 27 78 81 83 86
23 41 23 28 35 39 41
33 75 33 37 50 51 58 61 75
6 85 6 24 29 75 78 85
50 73 50 67 73
17 43 17 29 36 43
6 77 6 31 43 46 49 51 61 66 77
2 50 2 23 28 35 41 50
25 44 25 33 37 40 43 44
28 37 28 37
26 68 26 30 44 64 68
9 40 9 29 36 37 40
54 86 54 59 61 64 81 83 86
7 88 7 88
22 85 22 85
3 79 3 33 62 63 79
30 39 30 39
6 21 6 21
34 79 34 79
15 31 15 22 31
21 88 21 26 42 51 85 88
39 70 39 41 70
45 81 45 75 80 81
36 61 36 55 58 61
25 57 25 35 41 57
25 76 25 33 49 59 64 69 76
6 74 6 24 30 39 46 49 51 64 68 74
9 29 9 29
0 82 0 48 75 78 81 82
29 53 29 36 37 40 43 47 53
25 70 25 33 39 41 70
2 13 2 9 13
19 87 19 33 51 67 77 87
23 85 23 25 82 85
35 57 35 41 57
11 57 11 21 26 55 57
40 55 40 43 44 55
24 34 24 27 34
28 41 28 41
25 60 25 40 42 46 49 51 60
5 36 5 6 16 24 29 36
45 69 45 54 59 69
13 49 13 26 30 34 38 41 49
79 83 79 80 83
22 52 22 25 33 52
47 84 47 67 78 84
12 38 12 26 30 34 38
17 51 17 29 43 44 51
4 82 4 68 74 82
16 27 16 27
48 82 48 61 66 78 81 82
32 64 32 53 58 64
20 75 20 30 39 46 49 59 61 75
59 64 59 64
56 68 56 64 68
63 83 63 79 83
5 77 5 30 39 46 77
58 65 58 61 64 65
10 62 10 30 34 38 42 62
36 48 36 48
50 82 50 60 69 76 82
75 78 75 78
48 88 48 72 87 88
63 78 63 66 78
11 38 11 20 30 34 38
25 39 25 35 39
33 41 33 39 41
80 82 80 82
26 59 26 40 42 46 49 59
11 65 11 58 64 65
48 66 48 54 59 66
7 73 7 42 46 49 51 73
30 65 30 39 57 65
24 78 24 43 47 61 66 78
64 82 64 80 81 82
28 79 28 39 57 63 79
49 67 49 51 58 67
13 50 13 24 34 50
8 74 8 9 20 49 59 64 68 74
17 88 17 81 83 86 88
36 47 36 43 47
12 32 12 24 32
3 38 3 9 17 26 38
32 64 32 48 58 61 64
25 89 25 38 70 81 83 89
23 37 23 25 33 37
14 86 14 30 48 61 66 78 81 83 86
31 85 31 69 76 82 85
17 86 17 70 81 83 86
3 16 3 9 16
7 74 7 42 46 49 51 74
51 68 51 64 68
23 42 23 37 40 42
41 83 41 50 60 78 81 83
30 83 30 50 59 71 83
45 51 45 50 51
51 58 51 58
8 68 8 28 35 56 64 68
17 52 17 52
19 33 19 20 23 25 33
46 51 46 49 51
5 7 5 7
1 49 1 26 40 42 46 49
40 65 40 51 61 64 65
10 17 10 17
62 72 62 70 72
10 54 10 17 34 54
54 67 54 67
33 61 33 61
36 43 36 37 40 43
2 30 2 14 30
39 84 39 46 49 72 78 84
30 76 30 68 69 76
44 86 44 78 81 83 86
23 39 23 25 33 39
11 61 11 20 59 61
47 71 47 61 64 71
19 79 19 30 32 44 63 79
20 54 20 54
30 45 30 34 45
16 53 16 23 35 39 41 47 53
50 67 50 58 67
20 46 20 39 46
40 65 40 42 51 64 65
21 89 21 40 43 44 79 80 81 83 89
37 86 37 59 66 83 86
46 74 46 49 59 61 64 68 74
44 64 44 53 58 61 64
28 77 28 35 39 46 49 59 77
2 61 2 14 30 54 59 61
18 19 18 19
20 30 20 26 30
58 88 58 61 75 80 81 82 87 88
13 83 13 26 30 48 58 67 72 78 81 83
26 58 26 28 58
23 47 23 32 47
16 88 16 23 78 85 88
32 64 32 48 58 61 64
59 65 59 64 65
19 85 19 56 78 81 82 85
8 70 8 62 70
19 78 19 78
22 75 22 25 61 75
49 85 49 59 64 82 85
14 79 14 25 62 63 79
36 80 36 37 49 72 78 80
41 81 41 59 61 64 81
10 62 10 24 29 37 62
0 19 0 13 14 19
16 25 16 23 25
48 58 48 58
32 78 32 47 67 72 78
55 66 55 63 66
41 60 41 50 51 60
2 56 2 13 28 35 56
29 37 29 37
19 62 19 20 30 34 38 42 62
43 55 43 44 55
44 86 44 63 79 80 83 86
6 62 6 27 34 38 42 62
12 45 12 24 30 34 45
16 87 16 31 56 64 69 87
49 78 49 59 66 78
42 64 42 59 61 64
41 69 41 59 61 64 69
30 60 30 44 51 60
2 42 2 18 19 26 38 42
16 36 16 29 36
33 69 33 37 50 51 64 69
18 31 18 22 31
24 39 24 33 39
71 84 71 84
24 33 24 33
3 51 3 14 25 35 39 46 49 51
57 81 57 80 81
29 83 29 81 83
9 77 9 13 14 19 62 63 66 77
7 69 7 14 68 69
21 34 21 26 30 34
13 63 13 24 43 44 63
3 22 3 18 22
62 66 62 63 66
55 89 55 63 66 83 89
48 71 48 58 64 71
12 49 12 41 49
18 42 18 20 30 34 38 42
79 84 79 84
30 52 30 34 45 52
40 80 40 43 64 80
53 77 53 77
38 51 38 49 51
63 82 63 79 81 82
3 80 3 38 42 64 80
12 49 12 37 40 42 46 49
24 82 24 55 58 68 74 82
3 18 3 11 18
18 58 18 20 40 51 58
19 70 19 43 44 55 70
4 79 4 41 50 79
35 50 35 39 41 50
12 58 12 17 33 37 49 51 58
27 66 27 29 57 63 66
51 82 51 74 82
80 81 80 81
5 66 5 37 62 63 66
62 63 62 63
9 45 9 20 30 34 45
3 82 3 82
25 83 25 40 49 59 64 71 83
19 44 19 26 28 37 40 43 44
51 64 51 58 61 64
32 53 32 47 53
59 88 59 69 87 88
21 44 21 40 43 44
13 45 13 16 27 34 45
1 72 1 26 55 57 72
76 88 76 82 87 88
36 59 36 48 54 59
36 50 36 50
3 51 3 38 41 50 51
1 32 1 13 26 30 32
12 71 12 50 60 66 71
69 76 69 76
51 74 51 61 64 68 74
3 34 3 9 13 24 30 34
41 66 41 57 63 66
19 83 19 43 80 83
75 86 75 78 81 83 86
27 34 27 34
44 76 44 53 59 61 64 69 76
13 36 13 36
51 89 51 59 61 75 78 80 81 83 89
31 39 31 39
4 49 4 8 33 49
4 45 4 8 34 45
54 61 54 59 61
20 59 20 26 30 41 47 53 59
15 26 15 21 26
1 13 1 13
25 62 25 33 62
49 72 49 51 58 67 72
3 88 3 37 40 76 82 87 88
16 68 16 29 48 58 68
28 76 28 58 61 64 68 69 76
20 72 20 40 42 70 72
36 48 36 48
51 86 51 86
13 46 13 29 36 43 46
0 55 0 13 29 36 43 44 55
53 77 53 58 77
3 64 3 64
7 64 7 42 46 49 51 64
21 74 21 42 62 74
7 88 7 40 72 82 85 88
36 67 36 67
3 39 3 23 25 33 39
58 87 58 67 78 80 82 87
22 67 22 31 39 41 49 51 67
3 14 3 9 13 14
18 76 18 27 32 51 59 61 64 69 76
28 76 28 46 49 69 76
44 67 44 55 58 67
25 84 25 71 84
27 52 27 52
29 69 29 37 40 51 60 69
51 68 51 59 61 64 68
70 86 70 72 86
39 46 39 46
29 86 29 81 83 86
27 38 27 34 38
10 65 10 24 43 52 64 65
2 17 2 9 17
35 84 35 59 71 84
13 60 13 24 50 51 60
27 45 27 34 45
46 66 46 49 59 61 66
37 80 37 59 64 80
63 88 63 88
20 46 20 26 38 42 46
33 64 33 52 64
40 65 40 51 58 64 65
75 84 75 78 84
71 84 71 84
21 43 21 40 43
5 72 5 44 51 67 72
12 45 12 26 30 34 45
13 70 13 26 42 62 70
25 74 25 74
47 58 47 53 58
17 75 17 51 58 61 75
2 68 2 56 64 68
5 42 5 36 37 40 42
0 79 0 48 79
38 63 38 63
1 19 1 19
6 21 6 21
27 52 27 34 48 52
26 38 26 38
30 58 30 50 58
3 48 3 14 19 26 28 37 48
26 30 26 30
19 52 19 30 48 52
0 21 0 13 14 19 21
26 86 26 75 83 86
16 29 16 29
1 80 1 78 80
36 48 36 37 48
70 72 70 72
28 42 28 37 40 42
2 82 2 72 78 80 82
21 44 21 40 43 44
25 38 25 38
16 33 16 24 33
60 86 60 78 80 81 83 86
50 85 50 82 85
36 71 36 60 66 71
26 45 26 30 34 45
19 87 19 82 87
2 42 2 14 21 40 42
36 43 36 43
17 42 17 25 33 37 40 42
42 88 42 88
72 88 72 78 85 88
17 80 17 26 55 63 80
32 85 32 66 78 81 82 85
40 79 40 42 57 63 79
9 53 9 16 28 41 47 53
41 53 41 47 53
53 64 53 59 64
46 83 46 49 72 78 80 83
50 74 50 58 61 64 68 74
64 88 64 86 88
70 81 70 72 78 81
26 55 26 28 35 43 44 55
64 89 64 80 81 83 89
10 51 10 34 38 41 50 51
72 81 72 78 81
10 74 10 52 64 68 74
6 31 6 18 22 31
3 59 3 33 46 49 59
40 51 40 51
17 57 17 20 26 28 41 57
1 35 1 3 21 26 28 35
72 88 72 78 80 83 88
23 57 23 25 38 41 57
11 73 11 27 41 73
29 43 29 37 40 43
1 76 1 3 16 31 69 76
47 75 47 61 75
32 78 32 51 59 66 78
75 86 75 83 86
31 61 31 39 41 50 59 61
9 66 9 20 30 32 48 61 66
4 89 4 41 66 71 84 89
13 63 13 14 19 33 39 57 63
8 27 8 13 24 27
18 33 18 20 23 25 33
25 33 25 33
51 73 51 58 67 73
25 61 25 61
28 70 28 41 70
21 50 21 26 38 41 50
0 87 0 53 82 87
1 37 1 2 18 21 26 28 37
7 41 7 28 41
0 85 0 53 82 85
38 46 38 42 46
62 79 62 63 79
7 14 7 14
41 68 41 68
53 59 53 59
79 87 79 81 82 87
3 54 3 18 34 45 54
23 53 23 44 53
36 49 36 43 46 49
25 70 25 35 43 70
51 86 51 64 86
72 83 72 78 80 81 83
40 89 40 42 59 66 77 89
42 62 42 62
63 66 63 66
12 89 12 45 63 80 83 89
42 88 42 57 82 87 88
14 36 14 19 27 29 36
15 58 15 46 49 51 58
12 57 12 17 29 36 37 40 42 57
37 78 37 50 58 61 66 78
14 31 14 31
21 69 21 26 28 58 68 69
36 80 36 80
39 84 39 46 49 51 58 78 84
72 88 72 86 88
42 88 42 88
52 67 52 67
74 82 74 82
8 46 8 28 39 46
37 63 37 62 63
19 87 19 21 58 61 66 77 87
7 88 7 88
53 82 53 82
35 64 35 56 64
22 52 22 25 35 43 52
35 72 35 56 62 70 72
24 62 24 34 38 42 62
18 42 18 27 29 36 37 40 42
4 58 4 21 58
43 65 43 52 64 65
11 58 11 27 53 58
20 39 20 26 30 39
25 86 25 71 83 86
72 86 72 86
38 62 38 42 62
22 64 22 64
18 21 18 19 21
27 81 27 54 67 72 78 81
18 31 18 22 31
8 41 8 9 13 20 30 41
13 26 13 26
3 13 3 9 13
5 52 5 52
53 58 53 58
55 86 55 57 78 80 83 86
53 59 53 59
49 73 49 51 67 73
50 74 50 58 61 64 68 74
59 61 59 61
3 33 3 11 33
5 72 5 44 53 58 67 72
45 84 45 54 59 71 84
36 67 36 67
5 44 5 25 33 37 40 43 44
48 52 48 52
64 69 64 69
18 68 18 27 58 61 64 68
56 87 56 74 82 87
34 86 34 55 86
22 51 22 33 37 49 51
9 29 9 17 29
22 78 22 72 78
23 80 23 32 66 78 80
1 50 1 37 50
7 61 7 32 48 58 61
69 87 69 87
19 28 19 21 26 28
26 75 26 30 44 61 75
67 84 67 78 84
53 89 53 80 83 89
0 48 0 48
60 71 60 66 71
25 61 25 40 49 51 59 61
55 89 55 70 71 83 89
49 74 49 59 61 64 68 74
54 88 54 59 86 88
82 88 82 85 88
1 58 1 58
17 70 17 33 62 70
14 55 14 21 26 28 37 40 43 44 55
30 69 30 41 49 59 64 68 69
41 50 41 50
35 59 35 39 41 53 59
9 50 9 17 26 30 39 41 50
17 42 17 26 28 37 40 42
10 36 10 24 27 29 36
46 77 46 49 59 66 77
60 76 60 69 76
75 83 75 78 80 83
13 20 13 14 19 20
37 48 37 48
63 78 63 66 78
43 65 43 62 65
80 81 80 81
40 65 40 62 63 65
37 72 37 40 42 62 70 72
4 33 4 23 25 33
1 37 1 3 11 33 37
2 51 2 9 20 26 40 43 46 49 51
26 75 26 75
30 45 30 34 45
64 86 64 80 81 83 86
19 70 19 20 56 62 70
6 79 6 31 43 44 79
0 85 0 17 29 43 44 55 70 72 82 85
28 41 28 41
22 62 22 33 37 40 62
8 31 8 9 16 31
68 74 68 74
37 48 37 48
20 77 20 55 57 63 66 77
10 78 10 32 58 67 72 78
3 80 3 9 13 24 27 58 64 80
13 43 13 26 40 43
1 29 1 13 24 29
33 41 33 39 41
5 67 5 33 67
17 58 17 33 46 49 51 58
0 10 0 10
17 84 17 52 64 71 84
71 83 71 83
34 86 34 79 83 86
20 57 20 39 41 57
29 61 29 48 61
1 45 1 7 45
36 76 36 50 58 64 69 76
73 88 73 88
17 80 17 51 61 66 78 80
21 82 21 59 66 71 82
1 89 1 13 16 40 89
80 89 80 81 83 89
75 88 75 83 86 88
2 87 2 9 20 32 47 53 59 66 78 81 82 87
46 66 46 49 51 60 66
24 78 24 52 67 78
24 86 24 52 80 83 86
15 61 15 46 49 59 61
8 37 8 13 29 36 37
32 52 32 48 52
26 86 26 30 34 81 83 86
19 68 19 30 39 41 49 51 64 68
62 74 62 74
41 86 41 59 61 83 86
79 80 79 80
3 29 3 11 27 29
21 88 21 42 88
16 31 16 31
20 51 20 23 25 33 46 49 51
8 67 8 41 50 51 67
26 48 26 30 34 48
41 64 41 50 51 64
72 88 72 84 88
15 45 15 22 34 45
58 72 58 67 72
52 78 52 78
5 70 5 70
2 81 2 9 39 58 78 80 81
17 68 17 20 54 59 61 64 68
5 79 5 30 39 57 63 79
3 18 3 11 18
34 52 34 45 52
61 66 61 66
13 74 13 16 29 36 59 61 64 68 74
10 81 10 47 53 59 64 80 81
7 54 7 45 54
23 80 23 37 49 59 64 80
34 54 34 48 54
50 79 50 79
59 88 59 64 87 88
17 20 17 20
25 73 25 33 73
8 43 8 13 24 29 36 43
7 62 7 62
35 76 35 39 60 69 76
53 58 53 58
7 32 7 32
29 55 29 37 40 43 44 55
52 72 52 67 72
61 74 61 64 68 74
0 44 0 44
3 53 3 9 24 43 47 53
18 19 18 19
42 85 42 62 70 72 82 85
55 57 55 57
43 65 43 65
30 57 30 41 57
61 74 61 64 68 74
23 43 23 35 43
22 78 22 31 39 41 57 78
6 40 6 27 29 36 37 40
6 88 6 85 88
17 68 17 32 53 58 64 68
11 67 11 21 40 51 67
40 47 40 43 47
3 11 3 11
3 9 3 9
38 50 38 41 50
20 71 20 54 71
19 56 19 21 26 28 35 56
30 57 30 41 57
38 72 38 41 57 72
3 80 3 51 80
17 89 17 32 89
8 75 8 41 53 58 61 75
7 70 7 15 26 38 41 70
3 88 3 27 34 86 88
44 79 44 63 79
13 64 13 26 30 54 59 64
6 78 6 24 33 52 67 78
37 51 37 51
2 82 2 72 78 81 82
55 89 55 79 80 83 89
27 72 27 44 55 70 72
19 62 19 26 28 35 43 62
23 74 23 25 64 68 74
54 77 54 67 77
24 89 24 77 89
6 83 6 27 32 48 83
22 45 22 34 45
12 66 12 37 48 58 61 66
19 28 19 20 26 28
29 59 29 48 54 59
18 76 18 59 69 76
45 75 45 50 58 61 75
2 23 2 9 20 23
8 87 8 41 72 82 87
13 62 13 28 37 40 42 62
18 55 18 34 45 55
21 74 21 40 51 59 64 68 74
12 77 12 45 52 67 77
59 86 59 66 83 86
2 32 2 9 20 23 32
17 85 17 51 60 69 76 82 85
8 85 8 33 52 78 85
9 53 9 24 30 53
43 75 43 44 61 75
75 84 75 78 84
0 13 0 13
35 56 35 56
2 63 2 31 56 62 63
18 72 18 22 25 40 72
21 58 21 42 51 58
34 65 34 44 63 65
23 33 23 25 33
33 51 33 46 49 51
43 80 43 47 53 58 61 64 80
4 84 4 30 49 72 84
12 89 12 57 80 83 89
25 89 25 81 83 89
26 53 26 38 41 53
50 73 50 58 67 73
18 33 18 19 20 23 25 33
5 6 5 6
12 47 12 29 37 40 43 47
23 39 23 25 33 39
11 23 11 18 20 23
10 71 10 63 66 71
17 26 17 26
23 89 23 25 35 56 62 70 80 81 83 89
34 59 34 59
58 73 58 73
79 82 79 81 82
35 47 35 43 47
35 69 35 41 68 69
27 65 27 65
2 42 2 18 22 33 37 40 42
0 29 0 13 16 24 29
15 52 15 30 32 48 52
33 67 33 37 40 49 51 67
74 82 74 82
21 30 21 26 30
49 69 49 51 58 68 69
38 70 38 70
15 71 15 21 59 61 66 71
10 30 10 30
20 34 20 26 30 34
30 75 30 48 75
16 27 16 27
10 32 10 32
23 62 23 25 33 37 40 62
42 46 42 46
39 41 39 41
0 13 0 13
8 82 8 62 72 78 80 81 82
70 80 70 80
41 86 41 59 71 83 86
32 58 32 44 55 58
51 89 51 80 81 83 89
34 66 34 46 49 51 59 61 66
37 72 37 48 72
63 79 63 79
38 42 38 42
42 87 42 59 61 75 80 82 87
34 45 34 45
12 50 12 41 50
20 72 20 72
42 59 42 46 49 59
23 28 23 28
15 46 15 26 38 42 46
10 73 10 44 53 58 67 73
70 88 70 72 86 88
44 51 44 51
50 68 50 51 59 64 68
18 48 18 34 48
43 69 43 52 64 68 69
66 81 66 78 81
7 44 7 40 43 44
12 57 12 37 40 42 57
13 33 13 14 25 33
25 57 25 57
22 25 22 25
18 27 18 19 27
12 26 12 17 20 26
48 82 48 79 80 81 82
2 50 2 31 39 41 50
35 69 35 59 61 64 68 69
78 86 78 81 83 86
66 71 66 71
25 67 25 40 49 51 58 67
10 42 10 17 26 30 34 38 42
22 85 22 43 70 71 82 85
48 76 48 52 64 69 76
35 63 35 41 57 63
23 89 23 81 83 89
18 64 18 27 54 59 64
35 47 35 39 41 47
27 54 27 54
24 39 24 30 39
43 76 43 46 49 51 59 61 64 68 69 76
23 33 23 25 33
10 46 10 24 30 34 46
13 31 13 16 31
33 78 33 51 59 61 75 78
29 59 29 36 59
48 68 48 61 64 68
32 88 32 71 88
32 53 32 53
20 57 20 55 57
22 57 22 43 44 55 57
27 45 27 34 45
8 73 8 41 50 58 73
66 71 66 71
0 81 0 47 75 80 81
1 71 1 49 51 64 71
7 58 7 41 50 51 58
44 57 44 55 57
4 36 4 13 36
20 85 20 26 80 82 85
15 41 15 30 39 41
13 55 13 24 55
58 71 58 64 71
12 47 12 37 40 43 47
12 70 12 44 55 70
25 85 25 80 81 82 85
19 80 19 38 70 80
3 22 3 15 22
20 86 20 59 71 83 86
49 87 49 77 87
9 79 9 24 29 43 44 63 79
38 85 38 85
3 30 3 30
24 75 24 32 44 53 58 61 75
25 80 25 64 80
13 16 13 16
7 70 7 40 42 62 70
0 51 0 10 32 51
81 85 81 82 85
46 88 46 77 88
46 64 46 49 59 64
38 77 38 49 77
53 80 53 59 61 75 80
14 55 14 34 44 55
2 73 2 18 34 48 52 67 73
8 43 8 13 14 28 37 40 43
41 68 41 49 59 61 64 68
34 74 34 55 58 61 64 68 74
28 85 28 78 81 82 85
10 58 10 30 48 58
67 78 67 72 78
36 86 36 55 63 80 81 83 86
0 47 0 47
43 84 43 47 67 78 84
1 35 1 13 14 28 35
66 89 66 83 89
14 19 14 19
4 63 4 41 63
49 51 49 51
32 44 32 44
28 49 28 49
1 89 1 26 42 51 80 81 83 89
1 50 1 39 41 50
0 24 0 24
28 76 28 41 68 69 76
61 83 61 83
16 86 16 27 54 86
23 42 23 25 33 37 40 42
58 75 58 61 75
17 81 17 55 57 63 79 81
21 67 21 58 67
18 84 18 59 64 71 84
15 25 15 25
41 68 41 49 59 64 68
9 20 9 13 20
42 79 42 62 63 79
27 62 27 29 43 62
6 60 6 24 43 46 49 51 60
23 53 23 37 40 43 47 53
50 82 50 82
51 59 51 59
37 62 37 62
29 84 29 79 84
5 35 5 6 16 23 25 35
79 88 79 83 86 88
11 88 11 20 66 71 84 88
11 21 11 18 19 21
67 77 67 77
79 81 79 81
54 87 54 75 82 87
36 67 36 67
24 29 24 29
19 71 19 26 55 58 61 64 71
2 72 2 13 49 72
8 45 8 13 24 30 34 45
50 84 50 60 66 71 84
2 30 2 14 21 26 30
47 67 47 67
58 82 58 64 69 76 82
10 26 10 17 26
3 25 3 14 25
2 42 2 33 37 40 42
1 55 1 2 33 37 40 43 44 55
9 41 9 17 26 28 41
45 59 45 54 59
22 48 22 25 33 37 48
29 64 29 43 44 51 58 61 64
8 42 8 28 37 40 42
53 81 53 72 78 80 81
49 77 49 51 67 77
27 57 27 29 36 55 57
41 70 41 70
4 41 4 13 26 30 39 41
44 85 44 64 81 82 85
33 87 33 49 59 64 71 82 87
44 64 44 55 61 64
18 77 18 59 61 66 77
76 82 76 82
7 36 7 29 36
59 66 59 66
1 55 1 2 13 16 29 36 43 44 55
6 29 6 18 27 29
17 25 17 25
1 60 1 7 43 44 60
42 62 42 62
31 39 31 39
55 61 55 58 61
76 85 76 82 85
75 84 75 78 84
18 20 18 20
27 88 27 58 61 88
26 77 26 38 41 63 66 77
11 32 11 21 26 30 32
14 49 14 19 27 34 46 49
13 86 13 48 72 78 80 81 83 86
42 65 42 57 63 65
12 17 12 17
34 81 34 48 79 80 81
9 56 9 17 26 28 35 56
32 52 32 48 52
29 79 29 57 63 79
36 72 36 55 58 67 72
40 68 40 51 64 68
2 50 2 14 31 39 41 50
45 61 45 61
2 18 2 18
22 65 22 33 52 64 65
72 85 72 82 85
35 82 35 82
35 86 35 56 62 72 78 80 83 86
25 50 25 35 39 41 50
11 25 11 20 23 25
27 48 27 32 48
8 29 8 13 16 29
24 48 24 34 48
3 60 3 21 26 38 60
23 59 23 32 51 59
10 46 10 30 34 38 42 46
19 85 19 21 58 67 78 85
51 82 51 60 82
27 53 27 53
72 84 72 84
1 55 1 3 11 33 37 40 43 44 55
67 72 67 72
28 70 28 41 70
35 64 35 59 64
5 88 5 36 37 87 88
9 71 9 62 70 71
6 47 6 27 29 37 40 43 47
7 19 7 14 19
7 29 7 14 19 27 29
24 83 24 33 72 78 80 81 83
1 54 1 7 29 36 37 48 54
84 89 84 89
33 67 33 52 67
14 72 14 70 72
11 85 11 64 69 76 82 85
18 51 18 27 32 44 51
6 51 6 15 21 40 42 51
26 68 26 40 49 59 64 68
52 72 52 67 72
1 58 1 3 23 35 41 47 53 58
49 59 49 59
51 61 51 59 61
13 83 13 72 78 80 81 83
20 73 20 54 67 73
49 64 49 51 64
27 29 27 29
27 29 27 29
24 32 24 27 32
0 71 0 48 52 64 71
4 33 4 13 14 19 20 23 25 33
13 56 13 16 31 56
55 75 55 58 61 75
42 82 42 51 74 82
12 49 12 29 36 37 40 49
6 24 6 24
38 77 38 59 61 66 77
10 47 10 32 47
2 86 2 56 64 80 83 86
19 46 19 38 42 46
56 84 56 64 71 84
37 59 37 51 59
74 85 74 82 85
61 85 61 64 82 85
14 61 14 59 61
8 37 8 9 16 29 37
37 52 37 52
6 44 6 21 40 43 44
34 52 34 48 52
23 53 23 32 47 53
8 84 8 40 60 66 71 84
9 24 9 24
31 56 31 56
44 63 44 55 63
11 70 11 33 62 70
16 76 16 68 69 76
58 61 58 61
23 77 23 49 77
5 66 5 30 50 58 61 66
39 46 39 46
13 56 13 16 35 56
29 37 29 36 37
50 59 50 59
19 62 19 56 62
36 86 36 80 81 83 86
32 89 32 71 83 89
56 85 56 74 85
72 85 72 82 85
37 42 37 40 42
49 84 49 72 78 84
70 82 70 71 82
42 62 42 62
48 54 48 54
19 61 19 33 51 58 61
42 49 42 46 49
64 80 64 80
79 84 79 84
16 29 16 27 29
37 48 37 48
0 85 0 17 60 82 85
1 80 1 3 15 58 61 66 78 80
23 55 23 37 40 43 44 55
8 78 8 62 70 72 78
11 88 11 70 80 83 88
31 69 31 68 69
0 16 0 13 16
34 38 34 38
6 67 6 27 34 44 53 58 67
9 81 9 45 63 80 81
55 87 55 57 82 87
10 54 10 17 33 37 48 54
21 70 21 70
4 44 4 8 28 37 40 43 44
0 31 0 13 14 31
67 87 67 72 78 80 82 87
33 43 33 37 40 43
12 74 12 27 34 59 64 68 74
33 43 33 37 40 43
19 87 19 69 87
38 89 38 42 59 64 71 84 89
53 67 53 58 67
4 76 4 8 58 64 69 76
7 35 7 28 35
5 75 5 44 53 59 61 75
49 60 49 51 60
40 72 40 51 58 67 72
26 83 26 67 78 80 83
11 58 11 58
19 73 19 20 32 51 67 73
58 73 58 67 73
27 70 27 70
35 64 35 39 58 64
30 75 30 41 47 61 75
57 65 57 65
37 60 37 51 60
3 85 3 23 78 85
20 34 20 26 30 34
29 47 29 37 40 43 47
26 75 26 28 49 59 61 75
49 80 49 72 78 80
57 81 57 72 78 80 81
39 57 39 41 57
37 88 37 72 78 80 81 83 88
41 79 41 57 63 79
24 77 24 52 77
2 23 2 9 13 14 19 20 23
0 40 0 20 40
70 86 70 80 81 83 86
51 74 51 58 64 68 74
14 55 14 19 26 28 37 40 43 44 55
39 66 39 58 61 66
15 60 15 21 26 30 44 60
15 85 15 30 72 82 85
8 53 8 9 20 23 37 40 43 47 53
17 25 17 25
47 83 47 53 72 78 80 81 83
40 44 40 43 44
30 58 30 48 58
5 21 5 6 21
11 56 11 35 56
16 25 16 23 25
41 65 41 63 65
34 64 34 50 51 58 61 64
7 58 7 32 51 58
36 76 36 59 64 69 76
6 34 6 21 26 30 34
53 83 53 59 71 83
20 71 20 55 63 66 71
22 86 22 25 62 70 81 83 86
12 37 12 37
7 66 7 42 46 49 51 61 66
34 78 34 55 63 66 78
22 51 22 34 46 49 51
0 49 0 20 49
4 60 4 40 60
27 84 27 72 84
1 72 1 7 45 50 58 67 72
2 51 2 9 24 33 37 49 51
57 74 57 74
20 57 20 32 44 55 57
1 66 1 39 41 59 61 66
20 89 20 26 28 35 63 80 83 89
69 88 69 88
9 69 9 20 30 34 47 53 58 61 64 68 69
56 71 56 64 71
4 28 4 8 13 16 23 28
16 55 16 24 27 29 36 37 40 43 44 55
1 54 1 37 48 54
37 86 37 40 62 63 66 78 80 81 83 86
10 48 10 17 25 33 37 48
60 89 60 66 77 89
26 77 26 67 77
21 43 21 26 40 43
22 86 22 33 46 49 59 86
6 85 6 16 38 85
37 76 37 40 64 68 69 76
0 55 0 43 44 55
15 56 15 25 35 56
60 81 60 66 78 80 81
50 64 50 51 59 61 64
29 64 29 43 52 64
61 74 61 64 68 74
72 85 72 78 81 82 85
41 81 41 67 78 81
55 66 55 57 63 66
19 30 19 26 30
14 53 14 21 26 40 43 44 53
8 68 8 33 51 64 68
41 50 41 50
66 83 66 71 83
45 55 45 55
10 57 10 32 44 55 57
2 18 2 18
47 58 47 53 58
41 77 41 49 51 67 77
31 51 31 39 41 50 51
58 74 58 64 68 74
16 80 16 35 39 41 59 64 80
69 88 69 87 88
10 36 10 24 29 36
33 80 33 37 48 79 80
6 34 6 21 26 30 34
16 24 16 24
22 62 22 33 62
63 87 63 66 77 87
1 31 1 2 9 13 14 31
48 87 48 61 64 82 87
1 28 1 2 9 20 26 28
2 70 2 9 62 70
9 46 9 17 25 33 46
25 63 25 33 39 41 63
64 68 64 68
19 86 19 62 70 72 86
19 55 19 43 44 55
75 88 75 78 81 83 86 88
60 88 60 78 84 88
50 85 50 82 85
11 32 11 18 27 32
27 60 27 41 49 51 60
28 60 28 49 51 60
63 82 63 79 80 81 82
48 58 48 58
10 60 10 32 51 60
1 75 1 2 23 28 58 61 75
39 85 39 60 69 76 82 85
19 61 19 21 59 61
18 37 18 19 33 37
25 33 25 33
4 45 4 30 34 45
4 87 4 82 87
5 70 5 32 44 55 70
42 69 42 64 69
29 61 29 36 48 58 61
30 34 30 34
36 71 36 60 66 71
46 88 46 88
8 20 8 13 20
45 76 45 55 61 64 69 76
17 88 17 55 61 64 69 76 82 87 88
42 51 42 46 49 51
41 49 41 49
3 16 3 9 16
16 55 16 44 55
19 82 19 62 63 79 81 82
5 57 5 33 39 57
19 61 19 27 34 48 58 61
40 89 40 42 70 72 84 89
58 88 58 67 77 88
43 75 43 44 51 59 61 75
60 80 60 66 78 80
40 82 40 76 82
37 87 37 51 80 81 82 87
60 89 60 66 83 89
81 83 81 83
34 78 34 46 49 51 61 66 78
13 80 13 20 26 80
20 85 20 79 80 82 85
28 70 28 35 41 70
20 39 20 23 28 35 39
40 71 40 63 66 71
75 88 75 82 87 88
11 64 11 20 54 59 61 64
9 82 9 50 79 80 81 82
24 59 24 34 54 59
51 61 51 61
60 83 60 66 83
6 79 6 17 26 55 57 63 79
37 76 37 51 59 61 64 69 76
43 44 43 44
6 48 6 27 34 48
64 68 64 68
19 59 19 27 29 43 47 53 59
8 55 8 33 37 40 43 44 55
33 52 33 37 40 43 52
21 58 21 40 51 58
46 68 46 49 59 64 68
16 69 16 23 68 69
19 46 19 26 40 42 46
1 48 1 7 25 33 37 48
4 52 4 21 40 43 52
33 61 33 46 49 51 58 61
6 51 6 30 41 50 51
33 59 33 46 49 51 59
47 58 47 53 58
24 76 24 29 48 58 68 69 76
38 63 38 41 63
37 65 37 48 52 64 65
13 36 13 36
27 40 27 29 36 37 40
41 63 41 63
5 77 5 24 27 58 67 77
41 57 41 57
16 80 16 31 39 46 49 51 60 66 78 80
2 54 2 23 37 48 54
1 43 1 3 14 25 33 37 40 43
12 26 12 26
59 89 59 89
0 40 0 17 25 40
6 17 6 17
5 24 5 6 24
28 43 28 37 40 43
27 51 27 29 36 50 51
41 79 41 50 79
45 54 45 54
27 51 27 44 51
38 42 38 42
50 58 50 58
46 68 46 49 59 61 64 68
11 80 11 18 21 26 55 58 78 80
64 80 64 80
16 73 16 27 32 47 53 58 67 73
37 72 37 40 42 62 72
45 73 45 67 73
18 49 18 22 33 49
61 76 61 64 68 69 76
45 84 45 61 64 71 84
3 29 3 16 27 29
51 59 51 59
17 78 17 60 78
43 73 43 52 67 73
1 61 1 49 59 61
3 60 3 23 37 49 51 60
49 72 49 72
12 45 12 24 30 34 45
47 80 47 75 80
18 38 18 22 34 38
14 36 14 19 27 29 36
29 80 29 80
7 42 7 40 42
16 37 16 28 37
7 58 7 14 19 30 32 53 58
75 78 75 78
23 62 23 37 62
16 34 16 24 30 34
39 69 39 46 49 51 59 64 68 69
7 62 7 26 42 62
31 89 31 43 44 61 66 77 89
47 80 47 61 64 80
72 86 72 86
25 38 25 38
15 70 15 26 40 62 70
38 77 38 60 66 77
64 86 64 71 83 86
9 69 9 20 59 61 64 69
14 58 14 19 33 37 51 58
21 30 21 26 30
11 70 11 18 34 55 70
19 83 19 20 66 78 80 83
46 84 46 49 72 84
15 76 15 46 49 51 59 69 76
36 86 36 80 83 86
1 41 1 3 18 27 41
51 67 51 67
13 36 13 24 29 36
2 31 2 31
31 75 31 39 41 47 75
84 89 84 89
39 81 39 46 49 59 61 64 81
81 87 81 82 87
34 57 34 44 55 57
38 41 38 41
42 73 42 51 73
16 86 16 35 63 79 83 86
66 77 66 77
2 23 2 18 20 23
15 60 15 30 32 51 60
41 67 41 47 53 58 67
0 57 0 10 30 34 38 41 57
58 85 58 67 72 78 85
53 87 53 82 87
43 86 43 46 49 72 78 81 83 86
57 86 57 63 66 71 83 86
29 69 29 43 44 61 64 69
15 33 15 22 25 33
32 79 32 44 55 79
14 44 14 28 37 40 43 44
2 14 2 9 13 14
1 13 1 13
51 85 51 60 78 80 81 82 85
14 66 14 31 43 62 63 66
11 64 11 18 27 32 48 58 61 64
26 88 26 28 58 68 74 82 85 88
49 69 49 69
4 36 4 8 9 24 27 29 36
9 58 9 46 49 51 58
40 64 40 51 61 64
55 75 55 58 61 75
16 30 16 24 30
34 53 34 47 53
1 48 1 26 28 37 48
75 83 75 80 83
1 74 1 7 40 43 64 68 74
4 82 4 21 59 66 71 82
28 70 28 41 70
13 64 13 64
39 58 39 58
10 87 10 63 80 82 87
13 85 13 60 82 85
30 53 30 32 44 53
22 89 22 59 71 84 89
25 65 25 35 43 46 49 51 58 64 65
35 89 35 89
40 76 40 76
9 71 9 50 59 66 71
13 56 13 26 28 35 56
26 37 26 28 37
1 82 1 13 74 82
6 51 6 27 41 50 51
35 59 35 59
23 62 23 28 37 62
6 48 6 21 26 28 37 48
25 40 25 40
0 24 0 24
12 69 12 41 49 69
33 52 33 52
52 85 52 67 82 85
18 57 18 34 55 57
40 53 40 43 47 53
1 16 1 2 13 16
0 40 0 27 29 36 37 40
18 67 18 34 48 54 67
5 40 5 24 33 37 40
14 30 14 21 26 30
23 89 23 32 71 84 89
58 89 58 77 89
22 86 22 25 33 39 60 86
30 53 30 32 53
55 87 55 79 80 81 82 87
33 48 33 37 48
41 61 41 50 51 61
11 59 11 21 26 30 53 59
24 53 24 30 34 44 53
21 57 21 42 57
12 60 12 26 40 51 60
58 77 58 67 77
39 81 39 41 70 81
45 86 45 50 58 67 78 80 81 83 86
34 80 34 44 79 80
3 13 3 9 13
18 30 18 20 26 30
2 68 2 13 20 30 68
4 60 4 49 51 60
45 89 45 75 80 83 89
5 35 5 6 17 25 35
59 82 59 66 71 82
26 53 26 30 53
47 84 47 61 64 71 84
5 66 5 37 48 54 59 66
42 85 42 46 49 85
26 75 26 75
5 14 5 7 14
1 61 1 13 16 24 29 43 44 53 59 61
53 64 53 58 61 64
59 75 59 61 75
27 29 27 29
39 77 39 46 77
37 70 37 62 70
28 58 28 46 49 51 58
28 61 28 49 51 58 61
6 23 6 17 20 23
70 80 70 80
0 29 0 10 24 27 29
19 72 19 21 42 57 72
19 71 19 56 62 63 66 71
60 82 60 82
56 80 56 64 80
29 55 29 36 43 44 55
6 67 6 40 43 46 49 51 67
22 42 22 25 38 42
27 70 27 70
34 67 34 38 49 51 67
27 60 27 34 38 41 50 51 60
33 87 33 52 64 82 87
14 59 14 25 38 49 59
15 52 15 21 40 43 52
3 11 3 11
0 53 0 47 53
22 60 22 31 39 60
2 89 2 70 80 83 89
1 26 1 2 14 21 26
42 70 42 70
54 85 54 78 80 81 82 85
18 63 18 34 38 41 57 63
3 38 3 14 30 34 38
58 65 58 61 64 65
12 72 12 27 72
49 78 49 51 58 78
11 85 11 58 67 82 85
5 79 5 6 18 22 25 38 41 57 63 79
40 71 40 60 66 71
5 59 5 33 37 51 59
33 69 33 64 68 69
3 87 3 11 64 81 82 87
12 47 12 41 47
21 58 21 58
51 87 51 60 78 81 82 87
1 88 1 37 48 83 88
28 42 28 37 40 42
64 81 64 80 81
4 45 4 30 34 45
5 36 5 6 16 29 36
55 75 55 58 61 75
46 75 46 49 59 61 75
26 75 26 30 32 47 61 75
12 56 12 17 20 56
22 66 22 25 33 61 66
76 82 76 82
16 82 16 23 79 81 82
19 41 19 30 34 38 41
1 89 1 7 43 52 83 89
29 36 29 36
28 89 28 41 59 71 84 89
14 78 14 78
34 52 34 45 52
16 73 16 35 43 47 67 73
34 57 34 55 57
17 89 17 60 78 84 89
34 74 34 55 58 64 68 74
21 65 21 40 42 57 63 65
14 27 14 19 27
17 26 17 20 26
72 87 72 78 80 82 87
80 82 80 81 82
33 82 33 39 57 63 82
63 89 63 66 83 89
18 19 18 19
6 48 6 15 21 26 28 37 48
13 45 13 16 24 30 34 45
6 78 6 44 63 66 78
11 77 11 58 61 66 77
7 42 7 29 37 40 42
28 76 28 46 49 69 76
10 44 10 44
39 65 39 65
19 85 19 30 53 80 82 85
14 44 14 34 44
25 39 25 35 39
7 70 7 43 70
57 81 57 78 81
3 42 3 15 26 38 42
44 67 44 51 58 67
6 31 6 18 22 31
11 44 11 33 37 40 43 44
38 60 38 42 46 49 51 60
19 68 19 43 46 49 59 64 68
7 64 7 49 59 64
83 89 83 89
27 48 27 29 36 37 48
41 61 41 49 59 61
49 81 49 72 78 80 81
21 79 21 40 43 44 63 79
15 79 15 26 38 63 79
21 71 21 40 51 59 64 71
72 78 72 78
19 34 19 21 26 30 34
27 63 27 32 44 63
61 88 61 83 86 88
53 72 53 72
41 86 41 70 71 83 86
25 49 25 38 42 46 49
39 63 39 41 57 63
38 72 38 70 72
54 69 54 59 64 68 69
10 78 10 78
21 69 21 40 64 68 69
9 26 9 20 26
39 76 39 46 49 76
33 43 33 37 40 43
33 69 33 46 49 51 61 64 69
52 80 52 80
28 57 28 37 40 43 44 55 57
20 35 20 23 28 35
3 28 3 11 21 26 28
49 80 49 72 78 80
18 80 18 59 66 78 80
58 68 58 64 68
6 48 6 15 26 28 37 48
0 71 0 10 30 34 47 61 64 71
40 49 40 43 46 49
74 85 74 82 85
5 37 5 6 16 28 37
15 87 15 60 66 71 82 87
20 82 20 40 63 66 71 82
23 62 23 37 40 42 62
10 63 10 24 33 62 63
38 63 38 63
35 66 35 43 62 63 66
25 73 25 40 49 51 73
15 28 15 21 26 28
3 76 3 38 41 59 69 76
26 40 26 28 37 40
77 87 77 87
17 70 17 33 37 40 43 70
45 79 45 55 79
34 57 34 45 55 57
78 84 78 84
69 85 69 76 82 85
1 20 1 7 14 19 20
19 62 19 38 42 62
3 54 3 30 48 54
40 64 40 64
40 51 40 49 51
11 67 11 21 26 38 42 51 58 67
42 59 42 46 49 59
17 85 17 33 37 72 78 80 82 85
4 54 4 8 33 37 48 54
33 57 33 37 40 43 44 55 57
45 84 45 70 71 84
58 71 58 61 66 71
43 60 43 44 60
75 85 75 80 81 82 85
6 51 6 16 23 28 49 51
12 76 12 60 69 76
59 75 59 61 75
32 85 32 53 59 66 71 82 85
44 76 44 64 68 69 76
27 68 27 52 64 68
64 86 64 80 83 86
70 81 70 81
1 86 1 3 9 50 64 80 83 86
44 51 44 51
4 87 4 74 82 87
6 26 6 21 26
27 34 27 34
49 86 49 72 78 81 83 86
3 50 3 11 33 37 50
43 86 43 47 80 81 83 86
22 89 22 72 78 80 83 89
22 49 22 33 37 49
1 37 1 3 16 28 37
30 68 30 34 44 64 68
22 86 22 43 75 83 86
8 78 8 62 63 66 78
25 71 25 64 71
46 64 46 49 59 61 64
28 82 28 82
30 50 30 41 50
4 54 4 21 26 28 37 48 54
21 62 21 40 42 62
37 63 37 62 63
12 87 12 60 69 87
3 29 3 11 18 27 29
3 42 3 30 34 38 42
38 46 38 42 46
5 35 5 25 35
15 52 15 25 40 43 52
12 32 12 17 26 30 32
0 28 0 13 28
54 73 54 73
53 87 53 80 81 82 87
9 46 9 46
16 89 16 78 84 89
2 50 2 18 21 26 28 37 50
35 74 35 43 46 49 51 74
8 36 8 13 16 24 27 29 36
62 74 62 74
2 57 2 33 39 57
0 79 0 79
18 49 18 22 33 46 49
57 84 57 72 84
58 77 58 67 77
0 76 0 47 53 58 64 69 76
3 11 3 11
57 78 57 72 78
79 84 79 84
52 80 52 80
43 76 43 44 60 69 76
39 77 39 60 66 77
25 46 25 33 39 46
6 78 6 37 40 60 66 78
36 85 36 37 51 64 71 82 85
13 77 13 26 30 54 67 77
24 81 24 81
23 80 23 35 39 58 67 78 80
10 17 10 17
4 28 4 13 14 19 21 26 28
2 87 2 78 81 82 87
6 37 6 27 29 36 37
2 73 2 31 39 46 49 51 73
40 47 40 43 47
12 76 12 41 50 59 64 69 76
54 71 54 59 64 71
45 54 45 54
54 64 54 59 61 64
10 36 10 24 29 36
72 81 72 78 81
16 47 16 24 33 39 41 47
12 87 12 57 82 87
11 70 11 70
62 70 62 70
53 82 53 58 68 74 82
17 86 17 55 63 66 71 83 86
25 73 25 38 49 51 58 67 73
7 87 7 42 57 80 81 82 87
1 61 1 37 48 54 59 61
40 44 40 43 44
75 83 75 78 81 83
7 22 7 15 22
58 77 58 61 66 77
47 77 47 67 77
0 79 0 57 63 79
49 88 49 69 88
18 34 18 20 26 30 34
26 65 26 28 64 65
11 44 11 18 20 32 44
34 83 34 54 78 80 83
48 83 48 72 78 81 83
20 39 20 30 39
44 87 44 55 67 72 87
43 64 43 46 49 51 59 61 64
6 20 6 18 20
28 73 28 39 46 49 51 73
11 40 11 33 37 40
54 67 54 67
31 85 31 69 76 82 85
43 68 43 52 64 68
31 56 31 56
62 79 62 63 79
47 72 47 67 72
33 39 33 39
3 60 3 9 24 33 51 60
23 75 23 49 59 61 75
17 25 17 20 23 25
19 34 19 20 26 30 34
24 86 24 43 52 67 72 78 81 83 86
57 82 57 82
20 56 20 26 28 35 56
37 42 37 40 42
48 66 48 58 61 66
72 85 72 82 85
9 25 9 13 20 23 25
62 83 62 70 80 83
50 78 50 67 72 78
24 33 24 33
24 32 24 32
11 51 11 21 40 49 51
7 47 7 39 41 47
62 70 62 70
12 72 12 37 40 43 62 72
13 76 13 76
34 47 34 38 41 47
57 65 57 63 65
17 34 17 26 30 34
25 70 25 40 42 70
22 88 22 62 74 82 85 88
13 76 13 29 37 59 64 68 69 76
30 63 30 34 45 63
35 52 35 43 52
15 65 15 22 62 65
0 52 0 24 29 37 48 52
76 82 76 82
78 84 78 84
34 46 34 38 42 46
14 59 14 59
48 87 48 58 61 75 82 87
4 33 4 13 24 33
35 76 35 76
7 33 7 25 33
38 50 38 41 50
19 76 19 33 64 68 69 76
50 61 50 59 61
61 74 61 64 68 74
7 48 7 25 33 37 48
49 81 49 72 78 81
24 33 24 33
3 38 3 18 20 30 34 38
18 33 18 20 23 25 33
57 74 57 74
27 78 27 53 72 78
45 59 45 50 51 59
0 77 0 45 50 60 66 77
35 39 35 39
6 17 6 17
0 27 0 27
12 50 12 29 36 50
25 65 25 38 59 64 65
36 86 36 59 86
3 79 3 21 26 30 50 79
41 70 41 70
23 41 23 25 38 41
26 30 26 30
49 69 49 51 60 69
1 19 1 13 14 19
44 85 44 60 82 85
12 63 12 32 44 55 57 63
7 56 7 56
8 33 8 13 14 25 33
16 40 16 40
23 68 23 32 44 61 64 68
15 87 15 22 25 63 82 87
13 31 13 14 31
35 50 35 39 41 50
27 41 27 34 38 41
29 48 29 37 48
11 27 11 18 19 27
18 67 18 19 38 42 51 67
23 80 23 57 72 78 80
49 84 49 51 58 78 84
8 46 8 13 46
35 57 35 43 44 55 57
52 86 52 67 78 80 81 83 86
11 31 11 18 22 31
12 84 12 57 72 78 84
37 75 37 40 51 61 75
45 66 45 63 66
45 77 45 61 66 77
77 88 77 87 88
1 42 1 2 14 19 21 40 42
43 60 43 46 49 51 60
23 79 23 55 79
1 35 1 26 28 35
41 50 41 50
22 45 22 34 45
17 80 17 51 58 61 75 80
35 66 35 39 58 61 66
59 85 59 64 81 82 85
12 28 12 17 20 23 28
42 57 42 57
28 39 28 35 39
54 88 54 80 83 88
18 48 18 19 26 28 37 48
2 85 2 56 64 80 82 85
8 34 8 13 26 30 34
50 51 50 51
3 76 3 18 27 53 59 61 64 68 69 76
4 40 4 40
19 33 19 20 23 25 33
45 57 45 55 57
17 67 17 52 67
71 82 71 82
26 65 26 38 42 46 49 59 64 65
18 27 18 19 27
10 59 10 47 53 59
20 86 20 39 58 78 80 81 83 86
12 34 12 17 20 26 30 34
80 88 80 83 88
13 57 13 14 34 38 42 57
20 30 20 26 30
3 33 3 15 22 25 33
78 85 78 80 82 85
33 65 33 65
72 87 72 82 87
36 43 36 43
4 89 4 70 80 83 89
54 59 54 59
22 66 22 31 43 44 53 58 61 66
79 89 79 83 89
33 51 33 39 46 49 51
13 33 13 24 33
48 61 48 58 61
9 29 9 29
18 21 18 19 21
13 39 13 24 33 39
2 64 2 33 61 64
16 62 16 24 30 34 38 42 62
42 57 42 57
7 66 7 39 57 63 66
16 55 16 31 43 44 55
61 88 61 83 86 88
7 37 7 15 26 28 37
16 88 16 29 81 82 87 88
9 23 9 13 16 23
27 54 27 29 36 37 48 54
0 86 0 53 80 83 86
26 42 26 28 37 40 42
34 65 34 45 61 64 65
0 57 0 57
16 74 16 23 37 50 59 61 64 68 74
40 74 40 51 59 61 64 68 74
4 66 4 60 66
6 25 6 17 25
59 89 59 64 80 81 83 89
24 80 24 30 32 44 53 58 78 80
13 14 13 14
12 55 12 24 43 44 55
0 49 0 24 43 46 49
47 75 47 75
1 48 1 3 16 48
36 67 36 43 46 49 51 67
4 61 4 49 59 61
18 38 18 19 20 23 25 38
21 59 21 59
55 57 55 57
6 54 6 24 32 48 54
40 78 40 78
17 52 17 29 37 48 52
52 87 52 78 80 81 82 87
22 75 22 25 38 41 53 59 61 75
10 67 10 24 50 58 67
13 43 13 24 27 29 43
56 62 56 62
58 69 58 68 69
3 48 3 16 28 37 48
0 17 0 17
14 36 14 19 27 29 36
44 86 44 61 66 71 83 86
39 69 39 58 64 69
59 89 59 66 71 83 89
44 51 44 51
12 84 12 57 72 84
47 61 47 53 59 61
9 29 9 16 29
7 63 7 56 62 63
14 79 14 34 44 55 79
51 64 51 59 61 64
18 75 18 34 38 42 46 49 59 61 75
40 72 40 49 72
26 76 26 76
48 61 48 58 61
19 82 19 33 49 59 66 78 80 81 82
51 85 51 61 64 69 76 82 85
21 65 21 40 63 65
10 70 10 34 44 55 70
64 80 64 80
38 73 38 41 67 73
33 62 33 37 40 62
5 37 5 7 28 37
61 74 61 64 68 74
13 72 13 36 48 72
87 88 87 88
27 65 27 53 58 61 64 65
7 73 7 26 67 73
21 66 21 58 61 66
34 70 34 55 70
7 51 7 40 49 51
26 60 26 28 35 39 41 49 51 60
17 89 17 32 71 84 89
12 57 12 26 40 42 57
11 38 11 27 34 38
62 80 62 70 72 78 80
25 67 25 40 43 47 67
6 54 6 24 54
8 55 8 34 44 55
10 34 10 34
36 69 36 59 64 68 69
18 47 18 34 47
10 59 10 34 45 54 59
22 72 22 34 45 54 72
21 34 21 26 30 34
37 60 37 50 60
9 23 9 20 23
49 58 49 51 58
30 73 30 32 58 73
39 76 39 41 76
55 87 55 58 87
8 72 8 40 43 62 70 72
58 74 58 68 74
11 64 11 58 64
32 66 32 48 54 59 61 66
61 75 61 75
10 65 10 30 53 59 64 65
19 68 19 56 64 68
75 87 75 78 81 82 87
1 68 1 49 59 64 68
9 79 9 62 63 79
14 61 14 31 43 47 53 59 61
43 67 43 52 67
15 58 15 58
16 44 16 24 34 44
7 54 7 25 33 37 48 54
58 71 58 61 66 71
8 55 8 40 43 44 55
24 79 24 29 37 48 79
13 86 13 60 86
7 87 7 27 70 81 82 87
37 71 37 52 64 71
36 47 36 37 40 43 47
61 81 61 75 78 80 81
2 13 2 13
22 52 22 25 33 52
33 51 33 49 51
33 78 33 39 57 63 66 78
3 22 3 11 18 22
12 20 12 17 20
10 45 10 34 45
35 52 35 43 52
21 57 21 40 43 44 55 57
26 73 26 42 46 49 51 58 67 73
47 61 47 53 59 61
72 87 72 82 87
33 78 33 51 58 61 75 78
24 54 24 30 54
58 89 58 64 81 83 89
6 74 6 40 43 44 53 59 61 64 68 74
64 88 64 82 87 88
15 74 15 25 62 74
30 71 30 50 60 66 71
0 80 0 13 63 66 78 80
22 51 22 43 46 49 51
30 41 30 39 41
13 44 13 26 28 37 40 43 44
1 72 1 72
57 89 57 63 80 83 89
75 83 75 83
23 78 23 37 49 72 78
29 87 29 75 80 82 87
22 33 22 25 33
1 49 1 37 40 49
11 59 11 35 41 59
38 80 38 70 80
47 71 47 53 59 71
8 31 8 9 13 14 31
36 48 36 37 48
78 81 78 81
11 59 11 35 41 59
33 64 33 37 50 58 61 64
26 30 26 30
8 85 8 13 26 38 85
37 46 37 40 43 46
37 84 37 62 70 72 78 84
8 74 8 58 64 68 74
41 77 41 47 61 66 77
33 55 33 37 40 43 44 55
54 78 54 72 78
46 82 46 49 69 76 82
58 61 58 61
41 70 41 70
25 86 25 79 86
27 65 27 34 55 58 61 64 65
77 88 77 87 88
32 48 32 48
54 80 54 80
67 87 67 72 82 87
32 52 32 48 52
4 52 4 21 40 43 52
3 87 3 58 87
35 71 35 56 64 71
3 23 3 18 20 23
18 58 18 20 30 44 51 58
54 78 54 59 61 66 78
24 79 24 27 29 43 62 63 79
60 87 60 66 78 81 82 87
55 86 55 67 72 86
14 33 14 25 33
72 88 72 88
64 81 64 80 81
34 57 34 45 57
4 21 4 8 13 14 21
27 84 27 44 63 66 78 84
38 49 38 49
0 71 0 47 61 66 71
29 79 29 57 63 79
45 52 45 52
8 78 8 40 51 67 78
51 64 51 58 64
54 81 54 78 81
30 58 30 50 51 58
71 84 71 84
46 83 46 49 72 78 81 83
2 59 2 33 37 51 59
20 26 20 26
48 78 48 75 78
62 82 62 63 66 71 82
46 51 46 49 51
62 79 62 63 79
6 23 6 18 20 23
23 85 23 32 66 78 80 82 85
33 57 33 37 40 42 57
7 66 7 27 58 61 66
0 29 0 27 29
2 47 2 33 39 41 47
81 85 81 82 85
0 54 0 45 54
12 50 12 17 26 30 39 41 50
11 68 11 33 51 61 64 68
57 72 57 72
16 68 16 28 39 41 49 51 58 68
56 78 56 78
47 53 47 53
8 19 8 9 13 14 19
43 62 43 62
27 57 27 29 43 44 55 57
33 75 33 37 48 54 59 61 75
33 79 33 39 41 50 79
48 66 48 54 59 66
51 85 51 64 80 81 82 85
31 83 31 43 64 71 83
25 65 25 35 65
0 59 0 53 59
58 81 58 67 72 78 80 81
74 82 74 82
7 84 7 28 49 72 78 84
58 78 58 61 75 78
16 80 16 40 64 80
17 33 17 20 23 25 33
25 49 25 35 41 49
7 38 7 38
45 61 45 54 59 61
35 89 35 43 44 51 89
14 44 14 30 34 44
58 61 58 61
7 36 7 29 36
10 50 10 34 45 50
44 85 44 78 80 81 82 85
20 80 20 30 32 66 78 80
63 65 63 65
42 80 42 70 72 78 80
28 70 28 39 41 70
14 77 14 77
7 53 7 15 21 26 40 43 47 53
7 36 7 27 29 36
34 53 34 47 53
40 75 40 49 51 61 75
48 54 48 54
24 77 24 30 39 41 67 77
31 50 31 39 41 50
8 29 8 13 24 29
55 58 55 58
12 66 12 57 63 66
10 41 10 30 34 38 41
17 80 17 33 49 59 61 64 80
31 89 31 43 47 80 81 83 89
79 82 79 81 82
29 81 29 75 80 81
25 54 25 33 37 48 54
30 79 30 50 79
60 66 60 66
34 85 34 47 61 66 78 81 82 85
14 58 14 42 46 49 51 58
14 30 14 30
33 59 33 37 40 42 51 59
9 58 9 39 41 47 53 58
34 57 34 45 57
53 66 53 58 61 66
37 71 37 49 51 59 71
51 88 51 58 78 80 82 85 88
12 57 12 29 37 40 42 57
7 69 7 15 58 64 68 69
24 87 24 30 53 82 87
23 32 23 32
39 85 39 58 64 68 69 76 82 85
3 25 3 15 25
66 71 66 71
31 53 31 43 47 53
4 25 4 8 9 20 23 25
37 51 37 51
1 18 1 3 11 18
33 65 33 61 64 65
9 16 9 13 16
46 77 46 77
31 68 31 68
11 31 11 18 22 31
38 73 38 42 51 67 73
30 65 30 48 52 64 65
74 85 74 82 85
9 79 9 39 41 57 63 79
40 63 40 43 44 55 57 63
3 31 3 11 18 22 31
28 69 28 64 68 69
9 71 9 46 49 59 64 71
17 57 17 26 30 39 57
17 74 17 33 46 49 59 64 68 74
29 79 29 43 44 79
13 75 13 49 59 61 75
17 33 17 25 33
0 51 0 13 26 40 51
6 20 6 17 20
44 79 44 55 57 63 79
54 67 54 67
55 89 55 63 83 89
20 54 20 54
8 78 8 28 46 49 59 61 66 78
27 57 27 44 55 57
40 53 40 43 47 53
39 63 39 41 57 63
32 53 32 53
66 81 66 78 81
23 65 23 37 62 63 65
66 81 66 78 81
7 40 7 29 36 37 40
13 20 13 20
19 86 19 30 54 67 78 81 83 86
9 74 9 24 33 37 51 59 61 64 68 74
41 65 41 47 53 58 64 65
44 74 44 53 58 68 74
20 32 20 30 32
5 74 5 24 32 51 61 64 68 74
78 81 78 80 81
60 82 60 82
57 78 57 63 66 78
24 78 24 29 57 72 78
40 63 40 42 57 63
5 81 5 79 81
61 88 61 64 87 88
38 73 38 49 51 67 73
16 62 16 35 56 62
23 87 23 57 74 82 87
36 55 36 55
9 38 9 20 30 34 38
19 71 19 27 52 71
33 88 33 46 77 87 88
52 83 52 83
7 32 7 15 21 26 30 32
0 10 0 10
21 41 21 26 28 41
13 24 13 16 24
30 54 30 34 48 54
43 87 43 52 77 87
32 89 32 83 89
55 58 55 58
63 71 63 66 71
27 44 27 44
7 64 7 40 51 58 64
21 69 21 59 64 69
49 65 49 51 59 64 65
8 88 8 58 78 85 88
28 69 28 49 59 64 68 69
54 88 54 67 77 88
16 83 16 83
41 64 41 47 61 64
30 85 30 41 53 59 69 76 82 85
45 59 45 50 51 59
16 85 16 69 76 82 85
9 69 9 32 53 58 68 69
45 77 45 52 67 77
42 66 42 46 49 59 66
3 24 3 9 13 24
10 44 10 32 44
29 81 29 80 81
8 9 8 9
24 83 24 55 58 67 72 78 80 83
30 76 30 49 51 58 64 69 76
64 80 64 80
5 30 5 24 30
3 38 3 38
14 78 14 25 63 66 78
12 87 12 44 79 81 82 87
44 87 44 78 80 82 87
1 2 1 2
26 84 26 30 39 41 47 61 64 71 84
70 72 70 72
80 85 80 82 85
60 69 60 69
18 31 18 22 31
25 54 25 33 37 48 54
23 44 23 37 40 43 44
44 60 44 51 60
72 83 72 78 81 83
29 61 29 48 61
34 59 34 38 49 51 59
8 47 8 28 39 41 47
22 62 22 25 33 37 40 62
3 77 3 38 49 59 61 66 77
3 16 3 16
24 63 24 55 63
37 68 37 59 64 68
7 87 7 38 70 80 81 82 87
45 67 45 50 67
13 60 13 46 49 51 60
25 88 25 82 85 88
29 61 29 36 59 61
1 39 1 7 15 21 26 30 39
48 88 48 88
13 20 13 20
40 71 40 63 66 71
26 53 26 30 53
21 30 21 26 30
6 54 6 54
34 67 34 45 50 67
2 42 2 13 26 28 37 40 42
35 69 35 59 64 69
3 58 3 37 48 58
30 48 30 48
33 77 33 67 77
75 86 75 83 86
36 80 36 80
36 72 36 50 67 72
24 54 24 33 37 48 54
4 77 4 77
6 44 6 21 40 43 44
0 70 0 10 17 34 38 41 70
37 50 37 50
0 85 0 20 59 71 82 85
55 86 55 61 64 86
1 13 1 13
38 70 38 42 62 70
52 83 52 67 78 81 83
42 75 42 46 49 59 61 75
34 73 34 45 54 67 73
45 81 45 67 72 78 81
51 85 51 61 75 78 81 82 85
30 61 30 39 46 49 51 59 61
7 42 7 15 22 33 37 40 42
15 86 15 22 72 86
60 76 60 69 76
8 31 8 9 16 31
32 51 32 51
49 84 49 59 61 64 71 84
9 64 9 32 58 64
0 53 0 53
42 69 42 46 49 59 64 69
23 64 23 44 55 58 61 64
16 28 16 23 28
29 81 29 75 78 80 81
77 87 77 87
3 32 3 11 27 32
1 28 1 26 28
40 68 40 49 51 59 64 68
13 68 13 49 51 59 64 68
6 39 6 16 35 39
68 69 68 69
17 51 17 20 32 51
20 85 20 23 32 66 71 82 85
4 32 4 30 32
0 43 0 17 29 36 37 40 43
13 30 13 24 30
1 68 1 13 24 34 46 49 51 58 64 68
25 48 25 33 37 48
40 89 40 42 62 72 84 89
16 69 16 28 46 49 69
82 85 82 85
54 67 54 67
37 50 37 50
39 57 39 41 57
81 82 81 82
6 72 6 31 56 62 72
2 32 2 23 32
22 34 22 34
15 86 15 21 58 61 75 83 86
28 89 28 41 47 77 89
68 74 68 74
44 55 44 55
58 83 58 64 81 83
27 84 27 41 49 51 59 71 84
16 74 16 31 39 41 53 58 61 64 68 74
0 76 0 45 52 64 68 69 76
39 76 39 76
6 67 6 24 50 67
75 85 75 78 85
23 89 23 28 46 77 89
14 77 14 59 61 66 77
55 57 55 57
30 54 30 54
0 44 0 20 23 37 40 43 44
0 86 0 71 83 86
10 45 10 17 34 45
25 35 25 35
7 42 7 26 38 42
36 50 36 37 50
12 49 12 27 41 49
1 45 1 26 30 34 45
0 40 0 17 26 40
33 48 33 37 48
41 61 41 47 53 58 61
38 53 38 41 47 53
21 62 21 26 38 42 62
25 50 25 38 41 50
8 73 8 34 47 67 73
23 42 23 25 40 42
7 35 7 14 21 26 28 35
6 16 6 16
8 21 8 9 13 14 21
74 87 74 82 87
24 88 24 34 59 69 88
1 18 1 2 18
10 73 10 17 20 32 58 73
39 57 39 57
42 80 42 59 66 78 80
1 18 1 3 18
35 56 35 56
15 52 15 26 28 35 43 52
10 51 10 44 51
3 33 3 33
52 87 52 77 87
26 80 26 80
24 62 24 29 36 43 62
75 82 75 82
33 62 33 62
2 82 2 56 74 82
6 31 6 31
23 86 23 78 81 83 86
36 83 36 81 83
8 74 8 13 46 49 59 64 68 74
8 70 8 28 39 41 70
18 31 18 22 31
0 54 0 17 33 37 48 54
6 60 6 16 38 42 51 60
28 51 28 39 46 49 51
38 87 38 41 57 80 81 82 87
38 84 38 41 49 72 78 84
35 59 35 59
25 35 25 35
23 28 23 28
5 44 5 30 32 44
18 27 18 27
6 17 6 17
23 75 23 55 61 75
70 78 70 72 78
2 36 2 18 19 27 29 36
30 45 30 34 45
24 73 24 29 43 47 53 58 73
34 85 34 54 72 82 85
20 76 20 54 59 61 64 69 76
41 73 41 49 51 58 73
9 37 9 29 36 37
14 28 14 21 26 28
9 30 9 24 30
14 49 14 31 39 46 49
7 56 7 25 35 56
36 83 36 50 51 60 66 83
55 77 55 67 77
15 87 15 21 26 42 70 71 82 87
25 62 25 40 42 62
1 58 1 2 14 34 44 51 58
41 76 41 59 69 76
25 49 25 38 49
66 89 66 83 89
58 88 58 68 74 85 88
50 78 50 67 72 78
8 21 8 13 14 21
37 52 37 52
62 77 62 63 66 77
6 86 6 37 51 64 80 83 86
14 88 14 42 59 64 68 74 85 88
33 72 33 37 52 67 72
21 68 21 40 51 64 68
16 25 16 23 25
0 28 0 13 26 28
17 80 17 29 79 80
42 83 42 64 81 83
23 53 23 44 53
7 36 7 14 19 27 29 36
12 32 12 27 32
18 84 18 59 61 66 78 84
42 64 42 59 64
16 60 16 40 49 51 60
38 51 38 41 50 51
37 51 37 49 51
20 88 20 26 80 81 82 85 88
56 71 56 62 63 66 71
7 69 7 25 33 49 59 61 64 68 69
80 88 80 81 82 87 88
33 57 33 37 40 42 57
7 14 7 14
45 69 45 61 64 68 69
14 76 14 42 64 68 69 76
16 30 16 24 30
9 26 9 20 26
11 20 11 20
3 11 3 11
60 89 60 66 83 89
0 34 0 27 34
56 87 56 64 71 82 87
14 86 14 70 81 83 86
24 52 24 52
26 67 26 42 51 58 67
6 59 6 40 51 59
41 61 41 53 58 61
40 89 40 89
23 28 23 28
51 75 51 58 61 75
33 75 33 46 49 51 59 61 75
16 55 16 35 43 44 55
72 82 72 78 81 82
34 78 34 50 60 66 78
26 76 26 55 58 64 68 69 76
58 76 58 68 69 76
21 55 21 40 43 44 55
19 28 19 26 28
40 71 40 42 62 70 71
13 44 13 36 37 40 43 44
29 87 29 80 82 87
3 48 3 30 48
17 61 17 26 40 43 44 51 61
48 68 48 58 68
26 45 26 30 34 45
55 78 55 70 72 78
5 32 5 24 27 32
26 80 26 38 42 62 63 66 78 80
5 22 5 6 18 22
24 50 24 33 39 41 50
18 48 18 20 26 28 37 48
53 58 53 58
15 41 15 25 33 39 41
37 77 37 51 60 66 77
30 73 30 49 51 67 73
0 27 0 24 27
48 76 48 52 64 68 69 76
14 30 14 19 30
38 84 38 42 57 72 78 84
64 80 64 80
8 84 8 34 54 72 84
26 69 26 69
11 31 11 18 22 31
40 53 40 43 44 53
16 88 16 38 49 72 86 88
41 49 41 49
10 17 10 17
38 42 38 42
48 76 48 52 64 69 76
22 62 22 31 56 62
27 45 27 34 45
8 70 8 9 29 37 62 70
18 39 18 21 26 28 35 39
72 80 72 78 80
37 68 37 50 51 64 68
6 37 6 27 29 37
29 87 29 36 80 81 82 87
2 60 2 14 19 33 51 60
18 61 18 34 45 54 59 61
6 60 6 16 27 29 37 49 51 60
18 82 18 27 72 78 80 82
59 84 59 66 71 84
23 81 23 25 33 78 81
49 67 49 51 67
42 57 42 57
6 83 6 17 51 59 66 78 80 81 83
42 46 42 46
0 46 0 10 24 43 46
40 82 40 64 80 81 82
2 23 2 23
45 89 45 52 83 89
13 75 13 36 55 61 75
57 86 57 83 86
37 50 37 50
27 84 27 72 78 84
19 52 19 26 40 43 52
0 21 0 13 14 21
22 65 22 59 64 65
33 76 33 46 49 59 64 68 69 76
18 35 18 20 26 28 35
0 16 0 13 16
22 60 22 43 46 49 51 60
1 68 1 2 33 49 59 61 64 68
40 78 40 62 70 72 78
13 60 13 29 37 49 51 60
3 80 3 14 31 56 62 63 66 78 80
5 44 5 44
7 63 7 15 22 43 44 63
11 77 11 33 51 59 77
9 57 9 17 29 57
43 62 43 62
73 88 73 88
43 62 43 62
33 75 33 51 61 75
56 62 56 62
24 63 24 29 43 44 55 63
10 63 10 63
1 83 1 49 72 78 81 83
1 42 1 26 42
1 54 1 2 9 45 54
14 86 14 31 56 64 86
43 65 43 62 65
10 34 10 24 34
20 52 20 26 30 48 52
46 82 46 49 51 59 61 75 78 81 82
56 84 56 62 72 84
43 80 43 80
1 16 1 13 16
51 80 51 60 66 78 80
50 59 50 59
43 87 43 64 71 82 87
48 83 48 58 78 80 81 83
12 84 12 32 51 60 66 71 84
26 59 26 42 46 49 59
35 72 35 43 46 49 51 67 72
82 85 82 85
28 42 28 37 40 42
43 46 43 46
19 87 19 33 82 87
41 60 41 49 51 60
79 87 79 81 82 87
15 87 15 21 59 77 87
37 46 37 40 43 46
26 74 26 40 43 44 64 68 74
46 83 46 49 59 66 83
33 80 33 46 49 72 78 80
11 23 11 20 23
1 54 1 26 28 37 48 54
24 78 24 30 53 72 78
1 49 1 37 49
45 64 45 54 59 64
39 65 39 41 53 58 61 64 65
28 59 28 49 59
6 79 6 31 43 44 79
46 66 46 49 59 66
7 44 7 43 44
7 65 7 39 57 63 65
41 83 41 57 78 80 81 83
24 81 24 64 81
39 81 39 60 66 78 81
23 71 23 32 66 71
24 80 24 50 64 80
7 45 7 26 30 34 45
22 73 22 31 39 58 67 73
44 61 44 61
58 83 58 67 78 80 83
41 50 41 50
41 59 41 49 59
19 49 19 27 29 43 46 49
19 51 19 27 32 51
33 64 33 61 64
35 61 35 43 46 49 51 58 61
41 57 41 57
11 44 11 21 40 43 44
10 86 10 47 83 86
4 58 4 13 16 40 49 51 58
15 31 15 22 31
24 89 24 89
26 28 26 28
71 84 71 84
23 25 23 25
6 59 6 44 53 59
22 48 22 34 48
2 18 2 18
37 84 37 62 70 72 78 84
51 89 51 59 89
28 79 28 39 41 63 79
19 39 19 30 39
30 85 30 39 60 78 80 82 85
34 47 34 47
26 30 26 30
10 29 10 17 29
28 80 28 41 78 80
20 46 20 23 35 39 46
23 63 23 44 55 63
3 13 3 9 13
0 27 0 13 16 27
23 63 23 32 44 55 57 63
17 45 17 34 45
1 28 1 19 20 23 28
19 46 19 30 39 46
12 56 12 26 28 35 56
21 55 21 40 43 44 55
37 48 37 48
12 25 12 17 25
53 82 53 59 64 81 82
8 30 8 9 17 26 30
23 49 23 49
58 74 58 61 64 68 74
34 70 34 55 70
0 79 0 44 63 79
34 80 34 48 52 67 78 80
37 59 37 59
41 66 41 50 59 66
28 61 28 37 48 58 61
22 89 22 72 84 89
30 80 30 48 52 67 78 80
23 77 23 77
24 43 24 29 36 43
11 58 11 27 44 51 58
35 41 35 39 41
24 43 24 29 43
54 64 54 59 64
41 66 41 66
42 64 42 46 49 59 64
1 75 1 26 40 51 61 75
29 75 29 48 58 61 75
9 59 9 39 41 49 51 59
41 80 41 49 59 64 80
54 69 54 59 69
20 71 20 26 30 48 61 64 71
26 40 26 28 37 40
12 69 12 17 55 61 64 69
11 46 11 20 23 25 38 42 46
40 71 40 43 64 71
27 66 27 53 58 61 66
33 61 33 37 48 61
42 83 42 46 49 59 61 83
8 20 8 9 17 20
10 73 10 32 51 67 73
17 86 17 52 71 83 86
12 70 12 37 40 42 70
18 63 18 20 26 38 63
11 20 11 20
27 45 27 34 45
29 55 29 37 40 43 44 55
12 86 12 17 33 78 80 83 86
49 72 49 51 58 67 72
24 77 24 30 53 77
12 56 12 26 28 35 56
62 82 62 74 82
9 44 9 20 30 44
36 37 36 37
9 56 9 17 25 35 56
7 38 7 38
1 16 1 3 9 13 16
25 67 25 33 52 67
29 83 29 80 81 83
23 49 23 35 39 41 49
53 87 53 59 71 82 87
60 76 60 69 76
3 33 3 33
30 57 30 32 44 55 57
8 60 8 28 39 41 49 51 60
11 65 11 59 65
21 49 21 42 46 49
79 83 79 80 83
25 86 25 35 41 53 72 86
64 86 64 86
45 89 45 70 72 84 89
5 74 5 52 64 68 74
16 76 16 24 33 51 64 69 76
15 41 15 30 41
27 29 27 29
8 69 8 69
76 85 76 82 85
18 37 18 27 29 37
49 73 49 51 73
41 63 41 63
38 46 38 42 46
48 87 48 52 67 77 87
55 66 55 61 66
10 26 10 17 26
9 32 9 13 14 21 26 30 32
27 63 27 44 63
64 81 64 81
64 86 64 71 83 86
44 85 44 55 58 61 64 80 81 82 85
14 76 14 25 40 76
14 70 14 42 62 70
59 69 59 69
41 68 41 49 51 58 61 64 68
23 49 23 28 39 41 49
8 41 8 34 38 41
18 46 18 34 38 42 46
34 66 34 55 61 66
26 81 26 30 80 81
43 70 43 44 55 70
47 61 47 61
57 81 57 78 81
9 45 9 13 14 19 26 30 34 45
20 88 20 59 77 88
17 82 17 51 74 82
24 53 24 30 32 44 53
30 41 30 39 41
61 66 61 66
3 37 3 18 27 29 37
6 26 6 17 20 26
15 86 15 30 44 61 83 86
82 88 82 85 88
17 42 17 26 38 42
30 49 30 49
15 86 15 25 40 63 66 83 86
25 89 25 89
41 66 41 47 61 66
1 72 1 37 50 51 67 72
4 40 4 8 13 26 28 37 40
35 65 35 43 46 49 59 61 64 65
0 27 0 13 16 24 27
16 33 16 23 25 33
4 32 4 8 13 14 30 32
13 50 13 14 31 39 41 50
59 68 59 61 64 68
30 52 30 34 48 52
36 83 36 66 78 80 83
53 87 53 72 82 87
2 61 2 31 43 44 61
10 60 10 44 51 60
75 87 75 80 82 87
0 44 0 20 26 40 43 44
27 75 27 54 75
34 79 34 50 79
22 45 22 34 45
2 25 2 9 16 23 25
23 88 23 66 78 85 88
53 81 53 58 67 72 78 81
10 58 10 24 43 46 49 51 58
5 30 5 6 21 26 30
26 56 26 28 35 56
12 33 12 17 25 33
8 74 8 34 55 61 64 68 74
23 82 23 49 51 60 78 81 82
53 86 53 72 86
53 87 53 59 61 64 71 82 87
23 70 23 70
80 81 80 81
3 49 3 16 35 43 46 49
69 85 69 76 82 85
27 51 27 44 51
81 88 81 83 88
34 48 34 48
56 81 56 64 81
40 55 40 43 44 55
22 52 22 31 43 52
21 34 21 26 30 34
2 78 2 33 72 78
24 54 24 33 37 48 54
4 71 4 40 42 59 64 71
0 86 0 44 79 83 86
7 84 7 25 64 71 84
9 58 9 39 41 50 58
19 69 19 43 47 53 59 69
11 67 11 27 29 43 47 67
7 54 7 27 32 48 54
41 57 41 57
2 72 2 33 37 51 67 72
3 35 3 21 26 28 35
7 33 7 15 25 33
22 89 22 59 89
6 18 6 18
27 40 27 29 37 40
42 66 42 59 61 66
14 49 14 21 42 46 49
14 66 14 59 61 66
1 9 1 2 9
9 81 9 50 67 78 80 81
39 87 39 58 77 87
27 63 27 44 63
12 84 12 57 63 66 71 84
28 35 28 35
14 49 14 28 39 46 49
31 81 31 56 78 80 81
4 77 4 8 28 49 51 59 61 66 77
11 73 11 33 51 73
44 84 44 61 75 78 84
16 23 16 23
23 70 23 25 38 70
14 64 14 25 35 43 44 61 64
29 48 29 37 48
82 88 82 85 88
64 76 64 69 76
50 84 50 60 78 84
12 55 12 17 29 37 40 43 44 55
33 85 33 49 51 59 64 71 82 85
40 72 40 42 62 70 72
10 39 10 17 26 30 39
3 33 3 18 19 33
20 89 20 77 89
34 85 34 74 85
8 65 8 33 64 65
54 86 54 80 83 86
19 28 19 20 23 28
12 58 12 17 51 58
41 72 41 67 72
22 60 22 34 45 50 60
26 74 26 30 32 48 52 64 68 74
61 88 61 83 88
59 66 59 61 66
34 52 34 45 52
27 47 27 32 47
13 31 13 16 31
1 48 1 37 48
15 60 15 26 40 43 46 49 51 60
13 80 13 72 78 80
26 56 26 28 35 56
8 40 8 28 37 40
7 36 7 29 36
6 59 6 16 29 37 51 59
48 83 48 61 75 80 83
37 76 37 51 64 69 76
2 74 2 13 64 68 74
9 79 9 17 32 44 63 79
28 59 28 41 50 59
1 53 1 7 40 43 47 53
50 61 50 58 61
2 58 2 9 32 44 55 58
21 50 21 26 28 39 41 50
76 88 76 82 87 88
36 47 36 43 47
31 89 31 56 62 63 83 89
3 80 3 14 30 44 55 57 80
48 72 48 72
12 63 12 44 55 57 63
8 67 8 9 50 51 58 67
17 39 17 26 28 39
39 57 39 41 57
41 59 41 53 59
11 73 11 35 43 47 53 58 73
12 86 12 17 20 56 62 72 78 80 83 86
39 77 39 58 77
7 33 7 15 22 25 33
33 80 33 67 72 78 80
16 53 16 38 41 47 53
35 62 35 56 62
15 64 15 21 59 64
52 89 52 80 83 89
20 35 20 23 35
64 89 64 80 83 89
44 73 44 51 58 73
39 70 39 41 70
24 73 24 33 37 51 67 73
39 84 39 60 78 84
32 66 32 51 59 66
18 39 18 19 30 39
7 26 7 15 26
69 76 69 76
59 71 59 71
17 80 17 26 38 42 70 72 78 80
3 39 3 11 35 39
51 61 51 58 61
14 79 14 28 41 50 79
8 53 8 28 37 40 43 44 53
24 78 24 52 78
20 72 20 49 51 67 72
8 68 8 9 46 49 51 64 68
33 39 33 39
82 87 82 87
36 69 36 43 47 61 64 69
17 89 17 32 48 75 78 81 83 89
26 76 26 28 35 39 41 59 64 69 76
34 44 34 44
9 25 9 20 23 25
72 87 72 87
27 29 27 29
1 45 1 2 18 27 34 45
3 29 3 27 29
44 68 44 51 59 64 68
40 63 40 62 63
55 77 55 67 77
5 51 5 37 51
44 73 44 55 58 67 73
42 69 42 51 60 69
14 36 14 19 27 29 36
57 89 57 83 89
8 88 8 34 48 83 88
1 13 1 3 9 13
4 25 4 13 14 19 20 23 25
35 39 35 39
7 32 7 26 30 32
34 59 34 59
64 68 64 68
3 82 3 14 59 69 76 82
28 59 28 37 50 51 59
33 76 33 61 64 68 69 76
8 80 8 13 26 42 51 60 78 80
30 61 30 50 51 61
39 79 39 41 57 63 79
13 43 13 28 37 40 43
35 67 35 43 52 67
25 54 25 33 37 48 54
59 84 59 66 71 84
6 36 6 24 29 36
5 36 5 36
9 85 9 57 72 78 80 81 82 85
19 27 19 27
4 36 4 8 9 29 36
5 22 5 7 15 22
16 55 16 28 37 40 43 44 55
19 51 19 26 42 51
8 88 8 69 87 88
25 54 25 33 37 48 54
42 70 42 70
32 51 32 51
27 88 27 78 85 88
14 76 14 31 56 64 68 69 76
2 18 2 18
27 45 27 34 45
78 82 78 81 82
29 77 29 48 52 77
21 34 21 26 30 34
52 89 52 89
30 58 30 39 58
21 40 21 26 40
4 40 4 23 37 40
18 32 18 20 23 32
2 18 2 18
0 55 0 24 32 44 55
45 71 45 52 71
2 32 2 14 21 26 30 32
45 75 45 55 58 61 75
38 73 38 42 51 73
13 14 13 14
51 60 51 60
33 70 33 62 70
7 28 7 26 28
1 72 1 72
8 32 8 9 20 26 30 32
8 40 8 28 37 40
5 32 5 7 15 26 30 32
16 82 16 68 74 82
56 84 56 78 84
11 36 11 27 29 36
23 25 23 25
37 62 37 40 42 62
11 88 11 88
38 47 38 41 47
30 48 30 32 48
59 83 59 66 83
0 21 0 13 14 19 21
25 84 25 40 78 84
2 9 2 9
15 79 15 22 31 39 57 63 79
63 66 63 66
0 83 0 47 67 72 78 81 83
22 52 22 34 45 52
6 77 6 18 20 30 50 67 77
23 87 23 81 82 87
18 30 18 20 26 30
16 82 16 78 80 81 82
46 85 46 49 51 60 66 78 81 82 85
58 75 58 61 75
1 58 1 13 24 30 48 58
6 61 6 27 41 53 58 61
18 58 18 19 33 49 51 58
4 63 4 41 57 63
67 87 67 82 87
3 59 3 27 34 38 41 47 53 59
67 73 67 73
13 86 13 49 72 86
32 83 32 51 60 78 81 83
75 84 75 78 84
27 70 27 32 44 55 70
8 9 8 9
43 78 43 46 49 51 60 66 78
21 88 21 42 57 74 85 88
33 74 33 64 68 74
25 48 25 33 37 48
26 86 26 30 80 81 83 86
34 66 34 38 49 59 66
45 63 45 55 57 63
38 77 38 49 51 58 77
60 71 60 66 71
78 80 78 80
1 86 1 58 61 83 86
17 61 17 33 46 49 59 61
53 80 53 58 78 80
68 85 68 74 82 85
30 65 30 50 59 65
22 45 22 34 45
4 70 4 21 70
9 56 9 20 23 35 56
0 28 0 20 26 28
14 33 14 25 33
25 63 25 35 63
10 50 10 30 50
50 64 50 51 59 64
23 86 23 66 78 80 83 86
58 71 58 61 64 71
72 85 72 82 85
55 87 55 61 66 77 87
59 64 59 61 64
12 32 12 26 30 32
19 44 19 30 34 44
19 56 19 26 28 35 56
11 36 11 18 19 27 29 36
1 42 1 13 16 40 42
59 87 59 71 82 87
3 64 3 16 50 51 59 61 64
3 84 3 38 41 47 53 84
28 57 28 39 41 57
48 75 48 58 61 75
36 50 36 50
36 66 36 55 61 66
2 65 2 14 31 43 46 49 51 58 64 65
31 85 31 39 60 66 71 82 85
66 82 66 78 80 82
61 82 61 64 81 82
6 17 6 17
12 47 12 37 40 43 47
29 43 29 43
11 80 11 64 80
2 51 2 14 30 44 51
25 35 25 35
13 43 13 24 27 29 36 37 40 43
29 59 29 48 54 59
22 48 22 33 37 48
43 62 43 62
8 27 8 13 16 24 27
61 68 61 64 68
43 80 43 80
47 61 47 53 58 61
1 80 1 37 49 59 64 80
1 72 1 37 51 67 72
11 52 11 21 40 43 52
33 55 33 37 40 43 44 55
1 83 1 2 63 80 83
78 80 78 80
7 29 7 14 19 27 29
36 83 36 50 59 66 71 83
60 80 60 66 78 80
16 76 16 27 52 64 68 69 76
4 33 4 8 13 20 23 25 33
30 72 30 72
24 81 24 80 81
13 48 13 24 32 48
22 78 22 31 39 60 78
62 63 62 63
61 81 61 64 81
16 89 16 28 78 80 81 83 89
24 64 24 64
3 72 3 15 30 53 58 67 72
11 76 11 64 69 76
21 71 21 42 51 64 71
0 71 0 43 70 71
5 31 5 6 15 22 31
37 63 37 62 63
37 70 37 62 70
5 61 5 24 50 51 61
37 72 37 49 72
58 68 58 61 64 68
82 88 82 87 88
59 71 59 61 64 71
54 88 54 73 88
20 75 20 39 41 59 61 75
20 79 20 55 63 79
28 88 28 78 84 88
20 48 20 30 34 48
14 49 14 19 30 49
51 59 51 59
0 76 0 27 58 64 69 76
39 81 39 58 61 66 78 81
30 45 30 34 45
17 67 17 55 58 67
31 87 31 69 76 82 87
8 27 8 9 24 27
27 75 27 44 51 58 61 75
43 67 43 52 67
46 87 46 77 87
6 20 6 18 20
17 37 17 26 28 37
24 80 24 27 79 80
13 50 13 36 50
67 72 67 72
37 50 37 50
0 77 0 52 77
3 23 3 18 19 20 23
42 71 42 46 49 51 60 66 71
26 38 26 30 34 38
26 64 26 28 58 61 64
50 58 50 51 58
11 54 11 21 26 28 37 48 54
6 57 6 15 22 33 37 40 43 44 55 57
39 60 39 60
42 73 42 51 73
57 84 57 63 66 78 84
10 79 10 44 63 79
12 24 12 24
10 63 10 44 63
40 43 40 43
25 82 25 81 82
28 73 28 49 51 73
38 49 38 49
25 81 25 63 66 78 80 81
20 39 20 23 28 39
61 68 61 64 68
0 33 0 13 14 25 33
21 55 21 40 43 44 55
54 87 54 67 78 80 82 87
17 61 17 51 58 61
1 42 1 7 33 37 40 42
3 88 3 27 41 47 61 75 88
61 68 61 64 68
5 49 5 7 38 41 49
18 55 18 20 55
12 33 12 17 25 33
28 68 28 46 49 51 59 64 68
20 86 20 30 41 57 72 78 80 83 86
39 84 39 41 66 71 84
14 59 14 21 40 49 59
3 67 3 16 23 49 51 67
11 20 11 18 20
4 89 4 41 57 83 89
27 41 27 41
16 23 16 23
0 74 0 13 24 55 58 64 68 74
15 41 15 26 30 41
9 40 9 13 26 28 37 40
26 38 26 38
12 28 12 26 28
8 77 8 33 46 77
11 52 11 20 23 28 37 40 43 52
16 31 16 31
27 60 27 34 46 49 51 60
16 40 16 29 37 40
2 78 2 57 63 66 78
63 80 63 80
9 14 9 13 14
39 76 39 76
33 78 33 52 78
16 38 16 24 30 34 38
74 87 74 82 87
49 69 49 51 64 69
21 53 21 26 40 43 47 53
38 89 38 41 78 84 89
2 9 2 9
83 88 83 86 88
49 74 49 59 61 64 68 74
5 40 5 25 40
18 61 18 20 23 32 58 61
21 67 21 58 67
16 23 16 23
14 44 14 21 40 43 44
1 50 1 3 9 39 41 50
20 89 20 55 61 64 80 81 83 89
5 31 5 7 15 22 31
48 66 48 58 61 66
0 34 0 10 34
45 83 45 83
8 62 8 13 29 43 62
40 44 40 43 44
55 86 55 79 86
27 42 27 34 38 42
37 80 37 72 78 80
10 86 10 48 54 72 78 81 83 86
33 82 33 39 60 78 81 82
67 89 67 77 89
4 26 4 13 14 19 20 26
45 55 45 55
2 47 2 23 37 40 43 47
27 63 27 29 36 43 62 63
20 37 20 26 28 37
22 35 22 25 35
30 63 30 34 38 41 57 63
7 65 7 57 63 65
31 79 31 43 62 63 79
49 51 49 51
35 52 35 43 52
24 30 24 30
2 73 2 14 42 51 73
12 87 12 75 80 82 87
1 74 1 49 59 64 68 74
15 74 15 26 28 58 61 64 68 74
17 80 17 33 51 59 61 66 78 80
26 67 26 28 49 51 67
14 72 14 19 26 40 43 46 49 51 67 72
18 64 18 27 44 61 64
17 81 17 60 66 78 80 81
74 85 74 85
1 39 1 19 30 39
15 31 15 22 31
36 76 36 43 64 68 69 76
46 66 46 49 59 66
66 71 66 71
13 62 13 36 43 62
79 89 79 80 83 89
19 61 19 33 51 59 61
47 84 47 61 66 71 84
58 76 58 64 68 69 76
1 31 1 2 9 16 31
5 6 5 6
35 79 35 39 41 79
36 49 36 43 46 49
0 29 0 17 29
19 46 19 38 42 46
13 64 13 48 61 64
4 33 4 13 20 23 25 33
4 40 4 23 28 37 40
17 33 17 25 33
26 64 26 38 59 61 64
17 82 17 52 80 81 82
44 73 44 51 73
17 57 17 33 37 40 42 57
26 56 26 28 35 56
54 86 54 75 78 81 83 86
28 64 28 49 51 58 61 64
54 77 54 67 77
58 74 58 61 64 68 74
46 74 46 49 51 59 64 68 74
16 62 16 35 43 62
15 52 15 21 26 28 37 52
29 57 29 37 40 43 44 55 57
55 58 55 58
0 88 0 59 86 88
50 82 50 67 78 80 82
61 81 61 75 80 81
45 84 45 57 72 78 84
28 78 28 46 49 72 78
4 72 4 13 28 35 56 62 70 72
47 75 47 53 59 61 75
53 72 53 58 67 72
41 49 41 49
37 50 37 50
54 67 54 67
10 41 10 24 34 38 41
11 62 11 21 40 43 62
75 80 75 78 80
14 33 14 19 20 23 25 33
48 58 48 58
19 71 19 27 41 47 53 58 61 66 71
27 53 27 41 47 53
1 19 1 19
5 36 5 7 29 36
8 32 8 9 20 30 32
37 60 37 40 43 46 49 51 60
48 75 48 58 61 75
7 73 7 73
16 27 16 24 27
36 69 36 37 48 54 59 64 69
17 81 17 78 80 81
12 29 12 24 29
6 88 6 17 25 85 88
5 30 5 7 15 30
41 80 41 50 58 61 75 78 80
5 6 5 6
39 76 39 69 76
56 78 56 78
31 87 31 43 87
2 23 2 13 16 23
26 68 26 38 42 64 68
18 79 18 19 26 55 57 63 79
82 88 82 87 88
74 87 74 82 87
36 61 36 50 58 61
43 55 43 44 55
19 51 19 33 46 49 51
37 88 37 48 54 78 84 88
41 81 41 57 78 81
26 77 26 30 34 47 77
23 38 23 25 38
17 69 17 25 64 68 69
9 32 9 24 30 32
3 18 3 18
13 30 13 20 26 30
25 81 25 63 66 78 81
18 59 18 22 34 50 51 59
6 15 6 15
34 50 34 50
19 55 19 21 40 43 44 55
14 41 14 31 39 41
31 51 31 39 41 50 51
47 81 47 53 58 61 75 78 81
50 58 50 58
28 89 28 64 71 84 89
60 66 60 66
8 53 8 40 43 47 53
29 47 29 36 43 47
28 62 28 37 62
49 86 49 72 78 81 83 86
15 80 15 25 61 75 78 80
22 31 22 31
16 74 16 35 43 46 49 59 61 64 68 74
10 33 10 17 20 23 25 33
23 85 23 25 74 85
48 71 48 61 64 71
15 40 15 22 25 33 37 40
51 68 51 58 68
56 64 56 64
21 82 21 59 69 76 82
51 87 51 58 64 68 69 87
78 86 78 81 83 86
50 59 50 51 59
11 59 11 21 59
75 89 75 83 89
2 56 2 18 21 26 28 35 56
5 59 5 44 51 59
34 67 34 67
42 49 42 46 49
7 87 7 64 68 74 82 87
15 56 15 26 28 35 56
2 46 2 14 34 38 42 46
17 52 17 20 23 37 52
13 74 13 26 40 51 74
19 71 19 30 53 59 61 64 71
2 37 2 33 37
5 81 5 81
55 77 55 58 77
56 74 56 64 68 74
67 78 67 78
49 58 49 51 58
61 88 61 75 88
38 85 38 59 71 82 85
45 57 45 55 57
31 53 31 39 41 53
41 70 41 70
51 68 51 59 61 64 68
2 87 2 9 20 55 79 81 82 87
39 76 39 76
10 33 10 24 33
0 48 0 27 32 48
45 54 45 54
53 82 53 80 82
70 71 70 71
18 59 18 34 44 51 59
72 80 72 78 80
43 52 43 52
3 51 3 33 51
22 73 22 34 54 73
37 70 37 40 62 70
42 73 42 51 73
41 68 41 53 59 64 68
29 69 29 37 48 54 59 61 64 68 69
18 84 18 34 67 78 84
35 72 35 41 57 72
40 42 40 42
40 55 40 43 44 55
0 27 0 10 24 27
33 69 33 64 68 69
39 87 39 41 68 74 82 87
13 74 13 74
42 60 42 46 49 51 60
8 33 8 33
60 88 60 69 87 88
9 40 9 29 36 37 40
8 33 8 13 20 23 25 33
34 73 34 55 58 73
0 53 0 27 41 53
61 64 61 64
38 70 38 70
29 53 29 36 37 40 43 47 53
3 9 3 9
64 68 64 68
26 88 26 73 88
28 35 28 35
7 34 7 27 34
60 77 60 66 77
62 80 62 70 72 78 80
26 42 26 28 37 40 42
40 71 40 51 64 71
49 58 49 51 58
36 74 36 55 58 68 74
58 82 58 68 74 82
4 80 4 49 59 66 78 80
56 80 56 64 80
47 85 47 53 80 82 85
21 55 21 26 40 43 44 55
18 39 18 19 30 39
35 84 35 63 79 84
36 83 36 50 67 72 78 81 83
82 87 82 87
14 33 14 25 33
11 68 11 58 68
27 51 27 44 51
70 72 70 72
41 85 41 72 78 80 82 85
64 88 64 71 82 85 88
6 72 6 30 49 51 58 67 72
32 89 32 58 64 80 81 83 89
5 89 5 30 49 51 89
5 88 5 64 69 88
12 50 12 37 50
7 22 7 15 22
43 52 43 52
2 23 2 14 19 20 23
60 66 60 66
9 71 9 46 49 59 66 71
48 66 48 54 59 61 66
10 78 10 48 75 78
0 76 0 13 14 42 59 61 64 69 76
26 57 26 38 41 57
6 59 6 24 32 53 59
54 88 54 71 83 88
19 82 19 78 81 82
6 79 6 21 42 57 63 79
3 37 3 16 28 37
31 50 31 39 41 50
49 67 49 51 67
25 38 25 38
51 64 51 59 61 64
33 61 33 51 61
39 87 39 69 87
36 74 36 37 59 61 64 68 74
45 67 45 50 51 67
27 62 27 29 36 37 40 42 62
12 77 12 29 36 66 77
8 70 8 13 24 55 70
58 67 58 67
34 44 34 44
24 53 24 34 44 53
45 83 45 83
15 45 15 30 34 45
39 71 39 58 61 66 71
28 87 28 78 80 81 82 87
63 83 63 66 83
4 84 4 30 39 41 47 75 78 84
59 65 59 65
58 66 58 61 66
49 74 49 51 64 68 74
6 86 6 54 83 86
26 76 26 69 76
12 75 12 24 43 47 61 75
1 41 1 3 27 34 38 41
58 84 58 78 84
31 53 31 39 41 47 53
43 65 43 47 53 58 61 64 65
17 68 17 52 64 68
60 81 60 78 81
18 34 18 21 26 30 34
25 49 25 40 49
6 48 6 18 27 29 36 37 48
27 66 27 32 58 61 66
50 64 50 58 64
50 73 50 51 67 73
49 73 49 51 58 73
4 13 4 13
49 78 49 51 59 61 66 78
1 78 1 2 13 46 49 72 78
49 59 49 59
28 46 28 46
63 82 63 79 81 82
15 69 15 60 69
25 74 25 40 68 74
49 86 49 72 86
19 39 19 20 39
15 64 15 26 38 42 64
21 49 21 40 43 46 49
36 50 36 50
19 39 19 26 28 35 39
38 49 38 49
11 62 11 33 37 62
5 49 5 37 40 43 46 49
56 68 56 64 68
26 50 26 38 41 50
38 65 38 63 65
34 52 34 48 52
5 59 5 6 16 29 37 59
74 85 74 85
0 88 0 53 82 85 88
19 70 19 21 40 42 62 70
25 65 25 62 63 65
3 72 3 16 35 72
48 83 48 58 67 72 78 81 83
26 39 26 30 39
8 33 8 9 16 23 25 33
10 58 10 58
26 64 26 28 35 59 64
11 89 11 59 89
26 48 26 28 37 48
13 45 13 24 30 34 45
21 64 21 26 42 46 49 59 61 64
19 68 19 38 42 59 61 64 68
55 57 55 57
21 42 21 26 30 34 38 42
8 43 8 9 17 33 37 40 43
10 87 10 30 39 60 69 87
62 66 62 63 66
16 38 16 38
13 32 13 26 30 32
39 57 39 41 57
7 32 7 26 30 32
35 64 35 43 52 64
13 86 13 83 86
25 67 25 35 41 67
27 53 27 44 53
33 55 33 37 40 43 44 55
23 28 23 28
46 87 46 77 87
27 44 27 34 44
16 89 16 62 72 84 89
53 88 53 58 61 83 86 88
9 77 9 45 61 66 77
41 83 41 70 71 83
0 75 0 59 61 75
2 33 2 13 20 23 25 33
24 42 24 27 29 37 40 42
28 43 28 37 40 43
17 45 17 20 26 30 34 45
20 73 20 23 32 47 53 58 73
35 41 35 39 41
31 84 31 56 64 71 84
22 34 22 34
20 79 20 79
62 63 62 63
31 81 31 39 46 49 59 61 75 80 81
53 71 53 58 64 71
44 63 44 63
42 73 42 51 58 67 73
35 52 35 43 52
19 74 19 38 42 57 74
46 49 46 49
78 82 78 81 82
26 52 26 40 43 52
38 70 38 42 62 70
18 39 18 19 20 30 39
3 72 3 37 48 54 72
44 55 44 55
13 84 13 84
5 63 5 44 55 57 63
56 81 56 64 80 81
29 36 29 36
19 83 19 62 70 80 83
51 58 51 58
32 63 32 44 63
52 80 52 64 80
19 46 19 33 46
12 50 12 50
28 73 28 39 46 49 51 58 73
29 37 29 37
19 27 19 27
6 55 6 18 34 55
19 83 19 30 34 50 58 64 81 83
34 83 34 46 49 51 61 66 71 83
24 29 24 27 29
15 79 15 22 62 63 79
10 54 10 32 48 54
35 52 35 43 52
15 78 15 46 49 51 58 61 75 78
21 47 21 40 43 47
19 38 19 38
7 53 7 33 39 41 53
4 8 4 8
19 71 19 43 52 71
41 72 41 53 58 67 72
13 46 13 24 30 39 46
3 11 3 11
0 37 0 24 33 37
10 63 10 30 39 41 57 63
37 75 37 49 51 61 75
50 61 50 58 61
17 57 17 20 39 57
38 65 38 59 65
13 49 13 46 49
26 64 26 55 58 61 64
40 53 40 43 44 53
19 70 19 33 39 41 70
8 78 8 13 28 35 63 66 78
14 25 14 25
50 67 50 58 67
27 32 27 32
28 51 28 49 51
34 41 34 38 41
0 10 0 10
70 89 70 81 83 89
20 37 20 23 37
41 57 41 57
6 44 6 17 25 35 43 44
33 54 33 37 48 54
60 69 60 69
34 48 34 48
50 76 50 59 69 76
16 27 16 24 27
49 78 49 72 78
13 46 13 46
47 72 47 53 72
61 83 61 75 80 83
13 31 13 16 31
9 32 9 16 24 30 32
31 51 31 39 46 49 51
1 59 1 26 38 49 51 59
55 69 55 58 64 68 69
6 88 6 24 64 80 81 83 86 88
47 85 47 67 82 85
12 33 12 17 33
0 64 0 17 52 64
1 58 1 39 58
13 55 13 20 32 44 55
1 20 1 13 20
57 89 57 78 80 83 89
23 74 23 55 57 74
34 41 34 38 41
14 58 14 19 30 49 51 58
34 59 34 48 54 59
2 74 2 57 74
54 83 54 71 83
20 79 20 39 41 79
11 65 11 21 59 64 65
33 70 33 62 70
40 86 40 72 86
26 76 26 28 64 68 69 76
34 41 34 38 41
51 83 51 60 78 81 83
27 43 27 29 43
18 19 18 19
10 41 10 34 38 41
22 60 22 60
3 53 3 23 32 53
25 38 25 38
51 83 51 58 67 72 78 81 83
2 31 2 13 16 31
52 82 52 80 82
58 67 58 67
67 72 67 72
36 47 36 37 40 43 47
58 72 58 67 72
12 74 12 50 59 64 68 74
14 31 14 31
33 72 33 67 72
51 83 51 61 66 83
11 59 11 59
4 89 4 40 43 44 60 78 81 83 89
10 87 10 34 54 72 82 87
41 78 41 70 72 78
24 62 24 34 38 42 62
12 70 12 29 70
51 65 51 61 64 65
24 39 24 30 39
9 85 9 20 72 82 85
1 9 1 3 9
48 61 48 58 61
6 40 6 24 29 36 37 40
35 43 35 43
16 25 16 23 25
77 89 77 89
18 51 18 19 21 40 43 44 51
62 74 62 74
5 6 5 6
54 85 54 78 85
22 59 22 43 46 49 51 59
1 7 1 7
27 34 27 34
15 60 15 60
13 26 13 20 26
35 66 35 63 66
55 61 55 58 61
26 56 26 28 35 56
31 87 31 43 75 78 81 82 87
44 68 44 55 61 64 68
3 51 3 27 29 37 50 51
14 20 14 19 20
44 75 44 55 58 61 75
26 48 26 28 37 48
11 76 11 35 56 64 68 69 76
71 88 71 83 88
46 60 46 49 51 60
24 40 24 29 36 37 40
6 37 6 18 21 26 28 37
4 71 4 21 26 55 57 63 66 71
33 67 33 67
40 88 40 85 88
4 61 4 13 46 49 51 61
46 84 46 49 51 64 71 84
1 28 1 26 28
53 65 53 59 65
79 81 79 81
14 72 14 31 56 62 72
32 66 32 48 54 59 66
75 78 75 78
17 37 17 26 28 37
56 82 56 74 82
27 38 27 34 38
4 82 4 49 72 82
21 35 21 26 28 35
6 60 6 24 32 44 60
46 77 46 49 51 59 77
12 63 12 45 63
34 48 34 48
16 86 16 50 60 78 81 83 86
4 80 4 23 79 80
13 14 13 14
11 37 11 33 37
27 86 27 44 79 80 83 86
60 86 60 86
31 43 31 43
18 67 18 21 40 42 51 67
45 71 45 55 58 64 71
19 44 19 33 37 40 43 44
27 57 27 44 55 57
8 82 8 69 76 82
83 89 83 89
5 15 5 7 15
15 74 15 22 34 55 58 61 64 68 74
49 80 49 72 78 80
17 54 17 25 33 37 48 54
25 38 25 38
63 82 63 80 82
75 84 75 78 84
41 79 41 79
18 70 18 34 55 70
33 84 33 51 61 66 78 84
37 50 37 50
66 78 66 78
60 87 60 66 71 82 87
18 63 18 63
7 71 7 25 61 66 71
57 89 57 72 84 89
4 59 4 23 32 48 54 59
45 86 45 57 63 83 86
12 37 12 24 33 37
58 85 58 78 85
17 74 17 20 23 57 74
8 53 8 33 37 40 43 44 53
3 76 3 64 68 69 76
20 73 20 40 51 67 73
29 47 29 43 47
23 87 23 78 81 82 87
3 33 3 15 22 25 33
3 39 3 11 35 39
16 23 16 23
54 61 54 59 61
54 75 54 75
32 58 32 58
12 75 12 45 55 58 61 75
55 66 55 57 63 66
0 28 0 10 17 20 23 28
1 16 1 3 9 16
30 78 30 48 61 75 78
42 57 42 57
4 84 4 8 40 51 67 72 84
9 13 9 13
28 37 28 37
5 33 5 25 33
50 76 50 64 68 69 76
25 70 25 40 62 70
45 50 45 50
61 64 61 64
19 87 19 82 87
17 34 17 34
21 43 21 40 43
41 76 41 53 59 64 68 69 76
45 69 45 54 59 64 69
1 3 1 3
6 56 6 21 26 28 35 56
44 78 44 55 67 78
15 74 15 30 48 52 64 68 74
33 50 33 39 41 50
32 83 32 51 58 64 81 83
13 49 13 16 29 36 37 49
4 26 4 13 14 21 26
18 20 18 20
14 88 14 70 82 85 88
28 46 28 37 40 43 46
14 59 14 30 54 59
21 70 21 42 62 70
58 72 58 67 72
22 59 22 59
26 80 26 67 78 80
40 65 40 64 65
50 61 50 51 59 61
7 62 7 14 30 34 38 42 62
33 52 33 37 40 43 52
57 72 57 72
33 82 33 61 66 78 80 81 82
6 80 6 80
29 75 29 43 44 61 75
34 52 34 45 52
29 72 29 48 58 67 72
60 77 60 66 77
21 65 21 58 61 64 65
6 59 6 24 54 59
51 60 51 60
41 72 41 67 72
62 66 62 63 66
8 33 8 33
43 76 43 64 69 76
16 85 16 78 81 82 85
36 67 36 37 50 58 67
33 57 33 39 41 57
42 80 42 57 80
46 64 46 49 51 58 64
52 77 52 67 77
75 86 75 78 80 81 83 86
2 51 2 18 22 25 40 42 51
3 51 3 14 28 46 49 51
39 46 39 46
22 60 22 34 44 51 60
44 84 44 84
38 70 38 70
7 34 7 14 34
8 83 8 41 53 59 61 66 71 83
3 48 3 14 25 33 37 48
7 39 7 14 25 35 39
11 61 11 20 59 61
28 77 28 39 58 67 77
2 31 2 18 22 31
32 44 32 44
18 76 18 21 59 64 69 76
56 78 56 62 72 78
37 84 37 48 79 84
1 31 1 2 18 22 31
16 27 16 27
29 48 29 48
61 64 61 64
29 69 29 43 44 60 69
10 70 10 70
36 74 36 50 59 61 64 68 74
2 89 2 60 66 77 89
14 70 14 28 39 41 70
14 48 14 21 26 30 48
21 26 21 26
20 56 20 56
30 45 30 34 45
28 62 28 35 56 62
32 44 32 44
80 83 80 83
59 88 59 61 64 86 88
2 54 2 9 32 48 54
18 80 18 34 47 67 72 78 80
21 89 21 40 49 59 64 71 83 89
48 52 48 52
6 34 6 17 34
37 46 37 40 42 46
26 48 26 30 32 48
50 58 50 58
64 82 64 80 81 82
34 50 34 38 41 50
42 66 42 51 58 61 66
31 57 31 43 44 55 57
2 44 2 23 25 33 37 40 43 44
25 74 25 61 64 68 74
4 59 4 23 32 53 59
75 85 75 80 81 82 85
40 85 40 43 52 78 80 82 85
18 19 18 19
58 65 58 64 65
14 33 14 19 20 23 25 33
40 81 40 62 70 80 81
2 88 2 72 87 88
3 23 3 23
11 33 11 18 19 20 23 25 33
11 76 11 68 69 76
4 80 4 21 40 43 70 72 78 80
17 79 17 32 48 79
23 55 23 35 43 44 55
14 25 14 25
37 52 37 52
5 32 5 30 32
36 85 36 67 72 78 85
31 69 31 68 69
25 76 25 38 42 59 61 64 68 69 76
85 88 85 88
30 61 30 48 61
46 87 46 49 59 64 71 82 87
44 79 44 55 63 79
40 64 40 49 51 64
51 61 51 61
8 84 8 41 72 84
29 83 29 80 81 83
2 32 2 23 32
34 85 34 50 82 85
4 60 4 13 20 39 60
52 84 52 71 84
0 20 0 13 20
38 59 38 41 53 59
20 55 20 40 43 44 55
24 82 24 80 82
20 26 20 26
25 89 25 89
55 75 55 61 75
27 81 27 32 66 78 80 81
59 86 59 66 78 80 83 86
4 66 4 60 66
12 34 12 17 34
25 69 25 69
6 30 6 15 26 30
63 65 63 65
80 85 80 81 82 85
25 54 25 33 37 48 54
16 34 16 24 34
28 49 28 39 46 49
41 60 41 50 51 60
35 62 35 56 62
26 83 26 67 78 80 83
7 54 7 27 54
2 86 2 60 66 83 86
0 31 0 13 16 31
10 42 10 24 33 37 40 42
21 58 21 58
8 68 8 33 49 51 59 64 68
45 81 45 52 64 81
21 35 21 26 28 35
0 81 0 70 81
49 72 49 51 67 72
12 37 12 24 29 37
3 67 3 14 28 41 53 58 67
18 76 18 19 38 60 69 76
63 87 63 80 81 82 87
17 20 17 20
10 41 10 24 33 39 41
9 44 9 29 36 43 44
40 74 40 43 44 55 57 74
51 61 51 59 61
62 80 62 63 79 80
42 79 42 62 63 79
3 60 3 15 30 49 51 60
72 81 72 78 81
81 83 81 83
55 57 55 57
44 75 44 61 75
31 57 31 39 57
1 45 1 3 11 21 26 30 34 45
31 79 31 43 62 63 79
44 81 44 64 81
54 85 54 67 82 85
25 44 25 33 37 40 43 44
41 87 41 68 69 87
11 52 11 33 52
46 87 46 77 87
41 53 41 47 53
29 61 29 48 61
25 74 25 57 74
21 53 21 26 28 41 53
55 89 55 84 89
7 37 7 28 37
29 79 29 79
27 66 27 34 46 49 59 66
28 68 28 58 64 68
5 51 5 7 40 42 51
8 27 8 13 16 24 27
2 72 2 70 72
12 29 12 27 29
12 57 12 24 55 57
39 85 39 46 49 85
4 37 4 21 26 28 37
27 82 27 58 78 80 81 82
20 26 20 26
19 34 19 20 26 30 34
24 62 24 27 34 38 42 62
14 52 14 28 37 48 52
39 41 39 41
5 89 5 6 54 75 78 80 81 83 89
20 85 20 23 82 85
51 86 51 86
16 82 16 80 82
16 29 16 27 29
9 81 9 45 54 72 78 81
36 48 36 48
79 86 79 80 81 83 86
63 83 63 80 83
9 66 9 45 55 61 66
15 61 15 26 42 59 61
0 83 0 17 78 81 83
9 81 9 29 79 80 81
4 23 4 23
24 48 24 27 34 48
54 59 54 59
24 64 24 52 64
53 81 53 58 64 80 81
26 64 26 38 41 50 58 61 64
1 89 1 37 40 43 44 84 89
46 60 46 49 51 60
52 77 52 67 77
48 72 48 58 67 72
15 58 15 58
32 58 32 58
4 63 4 41 63
7 25 7 14 19 20 23 25
24 82 24 43 80 81 82
12 26 12 26
57 66 57 63 66
13 48 13 14 19 27 32 48
28 39 28 39
58 75 58 61 75
56 74 56 74
23 57 23 55 57
56 84 56 64 71 84
14 59 14 30 54 59
8 84 8 58 78 84
64 76 64 69 76
6 83 6 79 80 81 83
19 73 19 20 73
15 78 15 30 49 51 59 61 66 78
12 75 12 17 26 55 61 75
30 48 30 32 48
69 85 69 76 82 85
37 66 37 49 59 66
0 43 0 27 29 43
10 52 10 17 33 52
24 88 24 73 88
63 89 63 79 84 89
14 21 14 19 21
11 73 11 33 37 49 51 67 73
8 62 8 13 24 30 34 38 42 62
26 52 26 40 43 52
1 29 1 19 27 29
16 80 16 48 75 78 80
40 88 40 64 87 88
80 83 80 83
5 83 5 52 67 78 80 83
21 51 21 42 46 49 51
28 89 28 41 53 58 77 89
29 62 29 43 62
4 89 4 30 44 63 66 77 89
14 49 14 30 34 46 49
48 68 48 54 59 64 68
19 39 19 30 39
5 49 5 6 27 41 49
53 83 53 58 78 80 83
45 54 45 54
33 79 33 39 41 57 63 79
6 68 6 24 43 52 64 68
31 70 31 43 44 55 70
5 61 5 24 50 51 61
49 78 49 72 78
48 83 48 54 71 83
0 48 0 48
31 73 31 43 46 49 51 73
36 59 36 48 54 59
3 34 3 14 34
38 77 38 42 51 61 66 77
40 68 40 68
23 47 23 32 47
4 40 4 21 40
11 62 11 21 26 28 37 62
37 76 37 59 64 68 69 76
23 32 23 32
75 87 75 78 80 82 87
75 82 75 78 80 82
62 65 62 65
14 66 14 19 30 41 49 59 66
13 68 13 48 61 64 68
13 28 13 16 28
29 61 29 48 61
48 76 48 58 64 68 69 76
45 84 45 54 78 84
4 68 4 41 59 61 64 68
18 80 18 59 66 78 80
23 74 23 44 61 64 68 74
20 76 20 39 58 64 68 69 76
23 76 23 37 49 76
16 43 16 28 37 40 43
4 21 4 21
43 68 43 52 64 68
21 54 21 26 28 37 48 54
4 82 4 60 69 76 82
4 76 4 68 69 76
7 53 7 41 53
58 64 58 61 64
44 87 44 60 69 76 82 87
3 23 3 11 20 23
57 86 57 78 81 83 86
44 51 44 51
9 40 9 16 29 36 37 40
56 77 56 62 63 66 77
42 80 42 57 72 78 80
35 79 35 63 79
16 83 16 78 80 83
24 71 24 33 62 63 66 71
44 64 44 51 58 64
22 78 22 59 66 78
20 46 20 26 40 42 46
4 71 4 41 47 61 66 71
31 49 31 39 41 49
18 85 18 19 56 82 85
78 81 78 81
31 86 31 56 62 70 72 86
4 76 4 60 69 76
47 71 47 53 58 64 71
13 83 13 63 83
4 32 4 13 14 19 27 32
10 34 10 17 26 30 34
34 55 34 45 55
59 87 59 77 87
23 43 23 25 35 43
23 87 23 77 87
4 26 4 8 13 14 19 20 26
36 83 36 66 78 80 81 83
21 53 21 40 43 44 53
5 69 5 37 49 59 64 68 69
41 60 41 50 51 60
14 48 14 34 48
14 61 14 42 59 61
13 60 13 28 39 60
2 51 2 33 46 49 51
15 21 15 21
28 85 28 41 66 71 82 85
54 75 54 59 61 75
37 78 37 51 58 61 75 78
56 74 56 62 74
27 51 27 32 51
34 65 34 48 52 64 65
46 66 46 49 59 61 66
48 58 48 58
16 25 16 23 25
44 84 44 55 57 63 79 84
22 68 22 59 64 68
11 38 11 21 26 30 34 38
18 74 18 20 59 61 64 68 74
51 58 51 58
23 55 23 55
34 74 34 46 49 59 64 68 74
5 35 5 6 17 20 26 28 35
48 61 48 61
13 75 13 16 31 43 46 49 51 61 75
6 48 6 21 26 28 37 48
39 65 39 58 61 64 65
6 44 6 40 43 44
5 59 5 44 53 59
27 72 27 34 46 49 72
0 79 0 57 63 79
57 80 57 63 80
57 82 57 78 81 82
26 53 26 40 43 47 53
13 48 13 24 29 37 48
39 81 39 46 49 72 78 80 81
27 47 27 32 47
3 32 3 18 19 26 30 32
48 68 48 61 64 68
19 82 19 82
33 62 33 37 62
15 76 15 69 76
21 26 21 26
32 66 32 58 61 66
19 76 19 56 64 68 69 76
75 87 75 82 87
16 35 16 23 25 35
22 59 22 59
24 76 24 29 48 61 64 68 69 76
16 57 16 44 55 57
6 29 6 24 27 29
50 82 50 79 81 82
8 13 8 9 13
57 83 57 83
8 66 8 41 59 66
11 50 11 35 39 41 50
43 78 43 46 49 72 78
43 73 43 52 67 73
56 68 56 64 68
11 80 11 21 70 72 78 80
50 67 50 58 67
17 68 17 51 64 68
26 83 26 38 41 57 80 81 83
45 59 45 54 59
36 84 36 55 79 84
68 69 68 69
3 15 3 15
60 82 60 82
18 31 18 22 31
21 51 21 42 51
17 60 17 34 46 49 51 60
3 77 3 37 48 58 61 66 77
41 70 41 70
72 82 72 82
40 52 40 43 52
19 78 19 38 70 72 78
1 31 1 13 16 31
76 82 76 82
11 34 11 21 26 30 34
33 87 33 61 64 69 76 82 87
59 68 59 64 68
22 37 22 25 33 37
20 66 20 26 30 53 59 66
21 88 21 40 72 88
23 53 23 32 53
19 68 19 21 58 64 68
61 81 61 75 80 81
17 37 17 20 23 28 37
17 25 17 20 23 25
25 57 25 33 37 40 43 44 55 57
15 87 15 22 87
25 79 25 38 63 79
27 54 27 54
8 13 8 13
58 78 58 78
8 28 8 28
60 76 60 69 76
6 59 6 31 43 47 53 59
47 61 47 61
62 70 62 70
26 65 26 40 49 59 65
86 88 86 88
4 82 4 21 59 66 78 81 82
53 86 53 72 86
37 44 37 40 43 44
29 70 29 36 43 62 70
63 66 63 66
16 89 16 89
36 50 36 37 50
59 85 59 61 75 80 81 82 85
23 25 23 25
43 46 43 46
42 83 42 57 83
13 44 13 16 24 33 37 40 43 44
7 35 7 26 28 35
21 69 21 58 61 64 69
10 44 10 34 44
15 30 15 30
30 61 30 53 59 61
72 81 72 78 81
18 65 18 34 59 64 65
3 35 3 9 13 28 35
34 79 34 38 41 50 79
14 36 14 19 27 29 36
2 65 2 31 56 64 65
60 82 60 82
21 59 21 26 42 51 59
42 46 42 46
27 59 27 53 59
43 65 43 64 65
6 21 6 18 21
7 34 7 14 19 27 34
8 62 8 33 62
44 55 44 55
11 33 11 20 23 25 33
17 34 17 20 26 30 34
17 26 17 26
51 58 51 58
58 64 58 61 64
33 80 33 78 80
41 87 41 79 81 82 87
20 55 20 32 44 55
55 70 55 70
67 72 67 72
11 85 11 68 69 76 82 85
27 86 27 34 86
0 74 0 52 64 68 74
40 82 40 78 80 82
19 28 19 20 26 28
20 54 20 54
12 32 12 26 30 32
16 38 16 24 30 34 38
0 47 0 27 29 37 40 43 47
70 81 70 72 78 81
9 17 9 17
1 39 1 26 28 35 39
46 68 46 49 51 61 64 68
26 58 26 55 58
48 68 48 52 64 68
1 49 1 2 31 43 46 49
75 81 75 80 81
7 28 7 26 28
31 68 31 39 58 68
0 54 0 27 29 48 54
2 47 2 33 37 40 43 47
36 66 36 43 44 53 58 61 66
25 50 25 35 39 41 50
6 55 6 31 43 44 55
19 28 19 20 23 28
15 58 15 46 49 51 58
35 89 35 56 78 81 83 89
9 24 9 24
53 71 53 59 66 71
61 85 61 75 78 80 82 85
53 71 53 59 71
4 63 4 40 42 62 63
5 34 5 7 27 34
19 74 19 20 40 68 74
14 58 14 31 39 46 49 51 58
23 81 23 35 43 80 81
45 83 45 75 80 81 83
48 83 48 75 83
12 37 12 27 29 37
14 77 14 42 62 63 66 77
62 82 62 70 71 82
8 65 8 9 45 63 65
10 74 10 32 53 59 61 64 68 74
20 34 20 26 30 34
18 35 18 22 25 35
2 60 2 31 43 44 60
3 66 3 15 58 61 66
51 89 51 80 83 89
47 83 47 75 80 83
2 13 2 13
14 27 14 19 27
3 31 3 14 31
43 75 43 46 49 51 58 61 75
9 41 9 17 25 35 41
74 85 74 82 85
57 65 57 65
8 77 8 41 77
55 89 55 79 83 89
16 34 16 24 30 34
51 82 51 74 82
49 51 49 51
31 86 31 43 44 51 59 64 71 83 86
43 62 43 62
12 66 12 47 61 66
20 80 20 54 78 80
3 31 3 14 31
37 63 37 40 43 44 63
31 70 31 56 62 70
27 29 27 29
3 67 3 16 31 43 46 49 51 67
11 56 11 18 21 26 28 35 56
9 39 9 20 26 28 35 39
22 31 22 31
55 83 55 57 78 80 81 83
37 58 37 48 58
5 80 5 70 80
27 44 27 34 44
3 30 3 30
4 45 4 13 26 30 34 45
52 64 52 64
43 53 43 44 53
7 41 7 39 41
12 33 12 17 33
52 89 52 80 83 89
25 70 25 35 41 70
43 87 43 70 80 81 82 87
56 74 56 74
18 61 18 20 55 61
63 82 63 82
75 89 75 83 89
38 89 38 70 72 78 84 89
13 84 13 28 78 84
38 42 38 42
8 29 8 9 13 24 27 29
2 33 2 13 14 25 33
5 83 5 37 40 78 80 81 83
33 59 33 49 59
6 54 6 54
50 76 50 58 64 69 76
78 85 78 80 81 82 85
41 59 41 47 53 59
24 48 24 27 34 48
4 8 4 8
8 46 8 28 35 39 46
52 84 52 67 72 84
5 81 5 7 29 81
10 32 10 30 32
12 20 12 17 20
3 21 3 15 21
2 85 2 13 46 49 69 76 82 85
53 83 53 80 81 83
25 69 25 61 64 69
78 84 78 84
10 78 10 70 72 78
43 44 43 44
75 85 75 82 85
19 33 19 33
14 70 14 19 43 62 70
23 70 23 35 56 62 70
26 69 26 40 51 64 69
41 69 41 50 64 68 69
12 41 12 27 34 38 41
20 75 20 49 51 58 61 75
61 82 61 66 78 81 82
54 87 54 75 80 81 82 87
20 30 20 26 30
38 65 38 59 64 65
18 20 18 19 20
51 67 51 67
33 48 33 37 48
24 64 24 33 64
8 55 8 13 24 55
13 72 13 28 46 49 72
3 27 3 14 19 27
79 81 79 81
30 84 30 44 84
48 66 48 54 59 66
7 70 7 41 70
14 72 14 28 41 53 72
51 59 51 59
18 34 18 21 26 30 34
46 84 46 49 72 84
50 79 50 79
50 59 50 51 59
77 87 77 87
1 76 1 19 56 64 69 76
51 64 51 61 64
15 33 15 25 33
43 87 43 46 49 59 64 82 87
40 88 40 76 82 87 88
41 83 41 79 83
23 42 23 25 40 42
43 75 43 44 53 58 61 75
55 78 55 58 78
2 86 2 9 50 51 64 71 83 86
13 30 13 20 30
4 8 4 8
18 32 18 20 23 32
4 68 4 56 64 68
17 33 17 25 33
25 61 25 33 37 50 58 61
6 68 6 21 26 42 64 68
34 54 34 48 54
9 30 9 24 30
19 38 19 26 30 34 38
23 59 23 49 59
62 79 62 63 79
1 31 1 7 15 22 31
49 51 49 51
63 78 63 66 78
0 76 0 47 53 58 64 69 76
13 70 13 14 21 70
27 75 27 44 61 75
17 86 17 58 67 78 81 83 86
39 58 39 46 49 51 58
29 80 29 36 55 63 80
0 43 0 10 24 33 37 40 43
12 86 12 26 40 60 66 78 81 83 86
35 64 35 59 61 64
0 80 0 17 32 48 75 78 80
23 63 23 44 63
19 69 19 38 41 59 69
40 53 40 43 44 53
49 80 49 51 67 78 80
1 20 1 19 20
17 79 17 20 55 63 79
20 55 20 23 37 40 43 44 55
19 62 19 30 34 38 42 62
44 61 44 51 61
20 48 20 30 32 48
50 84 50 64 71 84
1 49 1 3 15 26 40 42 46 49
32 47 32 47
75 89 75 83 89
1 71 1 58 64 71
16 53 16 23 28 41 47 53
2 33 2 9 20 23 25 33
78 80 78 80
18 21 18 21
12 26 12 26
7 73 7 27 41 73
54 87 54 67 78 80 82 87
44 68 44 51 58 68
58 68 58 68
39 41 39 41
6 48 6 30 32 48
28 43 28 35 43
2 9 2 9
27 62 27 34 38 42 62
4 68 4 41 59 64 68
60 81 60 66 78 80 81
0 71 0 10 70 71
0 53 0 44 53
53 84 53 72 84
14 30 14 19 26 30
58 66 58 61 66
9 20 9 17 20
31 73 31 43 44 55 58 73
27 60 27 32 44 51 60
8 21 8 9 13 14 21
1 86 1 78 81 83 86
56 78 56 78
12 73 12 73
26 84 26 42 46 49 59 66 78 84
18 32 18 20 32
41 63 41 57 63
37 40 37 40
20 85 20 40 64 68 74 85
13 33 13 14 19 33
8 28 8 13 16 23 28
43 78 43 46 49 59 66 78
2 54 2 23 37 48 54
56 82 56 82
59 65 59 65
2 9 2 9
49 51 49 51
3 87 3 18 21 26 55 79 80 81 82 87
37 66 37 62 63 66
32 48 32 48
1 2 1 2
4 69 4 13 29 36 55 61 64 68 69
45 76 45 54 59 69 76
4 41 4 41
10 24 10 24
40 86 40 78 81 83 86
35 72 35 56 62 72
1 61 1 39 58 61
21 70 21 40 43 44 55 70
46 75 46 49 51 58 61 75
0 21 0 13 14 19 21
13 37 13 28 37
38 62 38 42 62
31 86 31 56 64 71 83 86
26 85 26 55 58 85
12 45 12 27 34 45
12 27 12 24 27
44 64 44 64
11 54 11 33 37 48 54
7 22 7 15 22
43 64 43 47 53 59 64
23 25 23 25
0 76 0 20 40 42 59 69 76
5 37 5 6 17 29 36 37
8 55 8 13 26 30 32 44 55
16 69 16 24 54 59 64 69
11 40 11 27 29 36 37 40
33 57 33 39 41 57
40 53 40 43 44 53
26 40 26 28 37 40
2 89 2 14 59 89
55 58 55 58
1 49 1 19 33 46 49
27 82 27 58 78 80 82
7 53 7 43 47 53
26 37 26 28 37
7 85 7 38 63 79 80 81 82 85
26 37 26 28 37
41 78 41 72 78
30 80 30 41 78 80
0 19 0 13 14 19
21 61 21 26 40 43 46 49 51 61
0 71 0 17 51 60 66 71
20 74 20 54 59 64 68 74
25 83 25 63 66 83
1 3 1 3
53 66 53 59 61 66
8 42 8 28 37 40 42
35 84 35 39 60 78 84
32 59 32 51 59
36 72 36 43 62 72
6 62 6 17 29 43 62
55 63 55 57 63
9 78 9 62 63 66 78
1 26 1 13 26
25 39 25 33 39
13 33 13 24 33
58 88 58 77 88
14 76 14 28 37 48 61 64 68 69 76
24 40 24 27 29 36 37 40
21 32 21 26 30 32
35 52 35 43 52
12 29 12 17 29
12 72 12 47 53 58 67 72
4 32 4 13 26 30 32
67 77 67 77
7 51 7 14 34 46 49 51
10 57 10 44 55 57
18 28 18 20 26 28
60 89 60 66 78 84 89
1 55 1 26 28 37 40 43 44 55
75 78 75 78
24 82 24 27 32 66 71 82
7 37 7 28 37
33 79 33 37 50 79
41 53 41 53
46 82 46 49 76 82
22 67 22 34 47 53 58 67
43 46 43 46
7 69 7 64 68 69
10 83 10 67 78 80 81 83
79 88 79 81 83 86 88
2 64 2 23 28 39 46 49 59 61 64
7 63 7 41 57 63
34 45 34 45
51 74 51 74
48 76 48 61 64 69 76
36 86 36 67 78 80 83 86
33 64 33 52 64
32 64 32 51 58 61 64
14 84 14 30 54 72 78 84
31 49 31 43 46 49
25 70 25 35 39 41 70
44 67 44 55 67
22 48 22 34 48
42 62 42 62
27 58 27 44 55 58
5 80 5 75 80
28 42 28 37 40 42
15 70 15 22 62 70
32 48 32 48
12 56 12 17 25 35 56
56 82 56 74 82
20 52 20 40 43 52
40 81 40 49 59 61 75 80 81
1 30 1 19 21 26 30
25 84 25 35 59 64 71 84
14 76 14 68 69 76
6 57 6 31 43 44 55 57
11 59 11 18 22 34 38 41 50 51 59
0 47 0 17 29 36 43 47
6 88 6 85 88
58 83 58 78 80 81 83
26 76 26 30 53 58 61 64 68 69 76
67 84 67 72 78 84
6 85 6 40 78 81 82 85
43 65 43 62 63 65
0 31 0 13 14 31
5 44 5 36 37 40 43 44
52 86 52 86
39 70 39 41 70
28 59 28 41 47 53 59
36 83 36 37 40 51 67 78 80 81 83
53 84 53 84
13 56 13 14 19 20 23 28 35 56
27 82 27 41 76 82
75 78 75 78
5 70 5 37 40 43 70
36 47 36 37 40 43 47
11 57 11 18 27 44 55 57
24 54 24 54
5 77 5 44 55 67 77
36 66 36 66
1 59 1 19 26 38 42 46 49 51 59
2 77 2 57 63 66 77
10 62 10 24 30 34 38 42 62
44 57 44 55 57
37 77 37 77
6 83 6 18 72 78 80 83
70 81 70 72 78 81
18 84 18 21 26 75 78 84
18 76 18 20 56 64 69 76
31 69 31 39 58 64 69
28 39 28 35 39
26 50 26 30 34 45 50
9 29 9 17 29
41 67 41 67
7 40 7 15 21 40
16 85 16 78 80 81 82 85
15 65 15 58 61 64 65
11 51 11 18 22 34 45 50 51
16 74 16 28 39 57 74
27 68 27 29 48 52 64 68
60 71 60 66 71
25 83 25 71 83
39 71 39 60 66 71
7 65 7 32 53 59 61 64 65
4 56 4 8 13 20 23 28 35 56
5 74 5 36 37 49 59 61 64 68 74
84 89 84 89
8 86 8 13 16 50 59 86
53 87 53 59 64 81 82 87
10 59 10 32 53 59
14 34 14 34
1 60 1 13 14 28 46 49 51 60
14 41 14 31 39 41
33 37 33 37
9 39 9 13 14 21 26 30 39
40 85 40 64 81 82 85
24 75 24 43 44 55 58 61 75
2 36 2 9 29 36
9 32 9 17 26 30 32
10 54 10 32 48 54
60 69 60 69
34 41 34 38 41
0 17 0 17
29 75 29 37 49 59 61 75
4 70 4 23 32 44 55 70
6 55 6 37 40 43 44 55
2 33 2 33
13 24 13 24
38 49 38 49
74 82 74 82
26 57 26 30 34 55 57
15 45 15 26 30 34 45
33 77 33 67 77
56 77 56 62 63 66 77
28 48 28 37 48
11 68 11 21 59 61 64 68
9 49 9 39 46 49
49 59 49 59
42 64 42 46 49 51 64
13 77 13 20 23 25 62 63 66 77
24 27 24 27
8 72 8 13 16 38 42 70 72
42 87 42 62 63 82 87
51 88 51 88
54 71 54 59 71
72 80 72 78 80
14 77 14 31 43 77
46 66 46 49 59 61 66
30 72 30 32 58 67 72
42 73 42 46 49 51 58 67 73
41 67 41 53 58 67
2 57 2 31 43 44 55 57
11 21 11 21
5 70 5 70
2 81 2 18 22 31 56 64 81
19 43 19 21 40 43
72 88 72 84 88
4 77 4 40 63 66 77
12 74 12 29 37 62 74
50 51 50 51
7 71 7 29 36 66 71
57 86 57 78 81 83 86
6 81 6 37 62 70 80 81
0 19 0 13 14 19
58 71 58 64 71
41 60 41 50 51 60
26 40 26 28 37 40
37 75 37 49 51 58 61 75
59 71 59 61 64 71
1 29 1 2 14 19 27 29
14 27 14 19 27
72 80 72 78 80
38 41 38 41
11 88 11 88
13 37 13 16 28 37
40 80 40 63 79 80
32 66 32 48 58 61 66
37 58 37 40 42 51 58
27 53 27 32 53
3 30 3 30
12 84 12 45 52 67 72 84
11 68 11 27 53 59 61 64 68
24 79 24 43 44 55 57 63 79
59 65 59 64 65
35 69 35 59 61 64 68 69
14 61 14 19 26 55 58 61
2 86 2 78 80 83 86
8 83 8 28 64 71 83
0 33 0 13 14 25 33
41 69 41 50 58 64 68 69
24 54 24 54
16 30 16 24 30
66 71 66 71
34 73 34 50 67 73
4 20 4 13 14 19 20
36 50 36 37 50
17 74 17 32 47 53 58 68 74
19 68 19 56 64 68
9 53 9 17 20 32 44 53
63 65 63 65
6 68 6 16 68
6 86 6 71 83 86
49 85 49 76 82 85
33 75 33 51 58 61 75
75 81 75 80 81
22 62 22 31 56 62
9 74 9 50 58 68 74
58 68 58 64 68
40 72 40 49 51 58 67 72
72 87 72 78 81 82 87
34 55 34 55
24 77 24 34 54 59 66 77
82 87 82 87
28 64 28 39 41 53 59 64
25 48 25 33 37 48
51 58 51 58
11 31 11 18 22 31
17 61 17 55 58 61
60 77 60 66 77
20 89 20 59 61 83 89
21 62 21 26 30 34 38 42 62
41 68 41 68
24 77 24 30 50 58 61 66 77
34 67 34 54 67
33 72 33 51 67 72
16 81 16 44 79 80 81
24 34 24 27 34
12 25 12 17 25
2 73 2 9 17 32 53 58 67 73
0 34 0 20 30 34
0 45 0 13 14 19 20 30 34 45
69 85 69 76 82 85
23 25 23 25
4 30 4 30
28 73 28 39 58 67 73
1 75 1 37 59 61 75
26 50 26 38 41 50
18 75 18 22 43 75
20 32 20 30 32
8 67 8 58 67
63 88 63 82 85 88
8 77 8 9 29 57 63 66 77
12 27 12 27
27 32 27 32
29 70 29 70
56 74 56 74
25 60 25 35 39 41 50 60
8 78 8 9 60 78
40 44 40 43 44
38 75 38 49 59 61 75
2 13 2 13
8 40 8 13 24 29 36 37 40
43 86 43 62 72 78 81 83 86
22 64 22 64
15 70 15 25 38 42 62 70
42 64 42 59 61 64
12 45 12 17 26 30 34 45
22 65 22 33 51 64 65
16 78 16 48 52 67 72 78
9 37 9 17 29 37
56 81 56 62 63 79 81
58 71 58 64 71
34 65 34 65
47 58 47 53 58
3 85 3 27 58 68 69 76 82 85
7 87 7 87
14 21 14 19 21
27 65 27 41 53 59 64 65
27 58 27 41 49 51 58
19 39 19 26 30 39
3 56 3 15 26 28 35 56
1 35 1 19 20 26 28 35
7 45 7 26 30 34 45
7 33 7 33
55 66 55 57 63 66
21 53 21 26 28 39 41 47 53
13 30 13 24 30
14 42 14 28 37 40 42
21 79 21 26 42 57 63 79
11 89 11 21 70 80 81 83 89
36 86 36 60 78 81 83 86
70 78 70 72 78
14 27 14 19 27
18 84 18 72 84
7 22 7 15 22
9 85 9 60 82 85
38 53 38 41 53
8 33 8 9 13 16 23 25 33
10 83 10 70 72 78 81 83
24 42 24 29 37 40 42
20 79 20 23 25 79
34 41 34 38 41
49 84 49 51 61 64 71 84
53 83 53 59 64 71 83
16 24 16 24
30 72 30 72
10 39 10 30 39
49 58 49 51 58
1 61 1 13 46 49 59 61
18 74 18 34 50 51 74
13 28 13 16 28
9 32 9 24 32
31 56 31 56
42 57 42 57
7 51 7 40 49 51
5 57 5 25 38 41 57
32 79 32 44 63 79
37 84 37 84
11 62 11 18 27 29 43 62
23 82 23 66 71 82
17 84 17 78 84
22 78 22 62 70 72 78
45 83 45 63 83
8 36 8 13 29 36
14 84 14 42 46 49 51 58 64 71 84
49 58 49 51 58
13 28 13 16 23 28
16 76 16 76
73 88 73 88
20 35 20 26 28 35
41 80 41 50 59 66 78 80
13 29 13 29
1 45 1 7 45
33 87 33 78 80 82 87
14 20 14 19 20
59 77 59 66 77
44 74 44 64 68 74
48 88 48 88
12 87 12 32 48 61 64 68 74 82 87
0 40 0 27 29 37 40
2 89 2 33 49 77 89
42 71 42 46 49 59 61 66 71
32 58 32 44 53 58
27 66 27 58 61 66
33 52 33 37 48 52
7 35 7 26 28 35
20 66 20 55 61 66
17 60 17 33 46 49 51 60
37 49 37 49
75 78 75 78
20 55 20 32 44 55
25 76 25 33 37 48 61 64 68 69 76
0 48 0 27 34 48
6 58 6 37 40 42 51 58
5 33 5 33
27 59 27 29 43 44 51 59
42 85 42 62 70 82 85
12 28 12 17 26 28
1 78 1 39 57 78
9 38 9 24 27 34 38
32 71 32 71
0 10 0 10
46 75 46 49 51 59 61 75
15 70 15 30 39 41 70
33 82 33 64 81 82
70 88 70 71 88
3 52 3 9 16 27 34 45 52
12 58 12 24 43 47 53 58
33 37 33 37
13 39 13 20 30 39
53 77 53 58 61 66 77
24 55 24 43 44 55
6 62 6 21 42 62
2 23 2 23
1 35 1 3 16 35
38 87 38 59 64 80 81 82 87
49 81 49 72 78 81
29 84 29 48 58 61 66 78 84
12 72 12 47 53 72
37 86 37 62 72 78 81 83 86
28 78 28 78
12 44 12 29 43 44
15 46 15 21 42 46
55 70 55 70
78 85 78 80 82 85
17 57 17 25 57
7 32 7 14 19 26 30 32
57 78 57 63 66 78
49 72 49 72
51 87 51 60 78 80 82 87
45 50 45 50
4 21 4 21
11 73 11 21 26 55 67 73
15 65 15 26 40 42 62 65
28 60 28 46 49 51 60
28 64 28 35 39 46 49 59 61 64
15 63 15 25 38 63
2 88 2 14 77 88
17 42 17 33 37 40 42
3 48 3 16 23 32 48
61 88 61 64 88
24 63 24 43 44 63
7 73 7 29 36 50 67 73
5 31 5 7 14 31
55 83 55 79 81 83
39 70 39 41 70
60 83 60 66 71 83
33 73 33 73
42 70 42 70
0 89 0 43 80 81 83 89
72 86 72 86
21 57 21 42 57
4 63 4 21 42 57 63
11 80 11 64 80
2 44 2 23 44
11 23 11 18 20 23
25 44 25 33 37 40 43 44
29 87 29 57 72 82 87
41 76 41 68 69 76
49 73 49 51 58 73
18 19 18 19
1 13 1 13
42 82 42 51 60 66 71 82
11 88 11 27 72 78 81 82 85 88
48 79 48 79
47 81 47 53 80 81
38 60 38 60
6 24 6 24
3 77 3 18 59 61 66 77
12 33 12 17 25 33
19 82 19 38 49 76 82
18 65 18 63 65
38 53 38 41 53
0 19 0 13 14 19
26 88 26 28 78 84 88
4 63 4 8 40 43 62 63
59 61 59 61
47 80 47 80
33 77 33 62 63 66 77
13 26 13 26
16 80 16 48 72 78 80
28 82 28 68 74 82
1 82 1 19 38 60 69 76 82
18 55 18 34 55
4 58 4 40 49 51 58
5 31 5 6 15 22 31
5 42 5 24 29 37 40 42
3 9 3 9
23 66 23 28 37 59 66
1 80 1 7 49 72 78 80
10 88 10 44 81 83 88
43 62 43 62
45 73 45 52 67 73
40 63 40 42 57 63
75 81 75 78 80 81
11 21 11 21
8 58 8 9 20 32 58
48 82 48 72 78 81 82
1 89 1 13 83 89
72 82 72 78 80 81 82
7 35 7 28 35
49 85 49 51 59 66 71 82 85
52 68 52 64 68
70 86 70 72 86
15 60 15 25 33 46 49 51 60
20 48 20 23 28 37 48
10 57 10 17 25 57
19 86 19 38 59 66 78 81 83 86
0 33 0 17 25 33
13 88 13 28 35 63 88
1 9 1 2 9
25 38 25 38
19 30 19 30
47 85 47 80 81 82 85
81 87 81 82 87
20 26 20 26
4 68 4 68
32 78 32 53 72 78
24 34 24 27 34
59 85 59 64 81 82 85
4 37 4 13 29 37
32 53 32 47 53
1 61 1 26 30 49 59 61
6 40 6 16 23 25 40
28 76 28 64 69 76
64 71 64 71
11 50 11 27 34 45 50
80 83 80 81 83
5 74 5 37 51 74
44 78 44 61 66 78
10 88 10 52 83 86 88
42 70 42 62 70
60 81 60 66 78 81
51 64 51 58 64
6 24 6 16 24
9 29 9 16 29
33 69 33 52 64 69
4 36 4 8 9 17 29 36
55 57 55 57
37 51 37 49 51
23 35 23 28 35
47 89 47 61 83 89
3 48 3 11 27 29 36 37 48
26 85 26 55 58 61 64 68 74 85
20 80 20 79 80
63 65 63 65
49 69 49 69
29 86 29 75 83 86
18 72 18 72
40 77 40 42 46 77
37 75 37 59 61 75
14 77 14 59 77
5 33 5 7 14 19 20 23 25 33
44 53 44 53
0 89 0 27 58 61 83 89
11 37 11 21 26 28 37
14 28 14 21 26 28
81 82 81 82
56 80 56 78 80
36 60 36 50 60
42 51 42 46 49 51
16 33 16 24 33
55 81 55 70 72 78 81
54 69 54 59 61 64 69
19 34 19 30 34
16 89 16 29 43 47 80 81 83 89
42 80 42 51 59 61 75 78 80
52 85 52 78 85
33 53 33 39 41 53
25 33 25 33
10 63 10 17 29 43 62 63
1 28 1 3 14 21 26 28
27 54 27 29 48 54
34 54 34 48 54
27 48 27 32 48
55 69 55 58 61 64 68 69
52 71 52 64 71
15 33 15 25 33
23 77 23 77
17 45 17 26 30 34 45
40 81 40 42 62 72 78 81
3 21 3 21
34 49 34 38 49
37 87 37 62 74 82 87
57 65 57 65
24 33 24 33
53 66 53 59 61 66
25 88 25 81 83 86 88
21 68 21 40 64 68
2 31 2 31
32 83 32 71 83
49 84 49 51 59 66 71 84
17 85 17 51 58 64 71 82 85
34 48 34 48
9 41 9 16 38 41
4 28 4 8 9 13 26 28
38 59 38 49 51 59
27 88 27 86 88
34 78 34 47 67 72 78
32 78 32 51 60 66 78
7 87 7 14 34 44 64 80 82 87
21 74 21 40 49 51 58 64 68 74
33 39 33 39
26 53 26 30 44 53
14 61 14 42 46 49 51 58 61
3 32 3 14 21 26 30 32
35 57 35 39 57
75 88 75 82 85 88
42 80 42 57 80
42 57 42 57
36 59 36 50 59
22 49 22 25 38 42 46 49
22 52 22 43 52
34 74 34 50 59 61 64 68 74
11 37 11 33 37
45 71 45 64 71
13 20 13 14 19 20
20 89 20 56 64 81 83 89
30 84 30 39 41 67 72 78 84
47 53 47 53
23 71 23 37 48 58 64 71
27 57 27 44 55 57
48 72 48 72
8 47 8 9 13 29 36 43 47
24 59 24 30 49 59
49 73 49 51 67 73
3 50 3 14 21 26 38 41 50
26 76 26 40 42 64 69 76
29 37 29 36 37
20 49 20 30 41 49
53 86 53 80 81 83 86
19 33 19 33
36 48 36 37 48
35 84 35 72 84
16 44 16 35 43 44
52 71 52 64 71
34 49 34 46 49
19 73 19 33 73
75 86 75 78 80 81 83 86
2 33 2 13 20 23 25 33
49 76 49 59 61 64 68 69 76
17 26 17 20 26
15 21 15 21
12 29 12 24 27 29
18 58 18 21 58
12 20 12 17 20
15 70 15 26 38 42 70
43 64 43 46 49 59 64
17 42 17 29 36 37 40 42
7 26 7 26
3 34 3 11 21 26 30 34
4 13 4 13
39 46 39 46
6 77 6 18 59 77
23 33 23 25 33
10 59 10 30 34 46 49 59
19 55 19 20 55
6 36 6 16 29 36
33 52 33 37 48 52
5 67 5 6 30 49 51 67
17 60 17 25 40 49 51 60
41 63 41 63
30 73 30 32 53 58 73
71 88 71 88
22 51 22 25 33 37 50 51
25 67 25 33 39 46 49 51 67
22 31 22 31
31 85 31 68 69 76 82 85
8 13 8 13
3 85 3 18 20 71 82 85
17 70 17 55 70
3 37 3 33 37
53 89 53 84 89
19 61 19 33 61
4 49 4 41 49
6 23 6 17 20 23
60 77 60 66 77
43 80 43 52 67 78 80
47 75 47 61 75
22 75 22 59 61 75
10 48 10 17 32 48
47 89 47 67 72 78 81 83 89
70 71 70 71
27 72 27 44 53 72
47 75 47 75
43 47 43 47
29 75 29 36 48 75
55 75 55 58 61 75
0 27 0 10 24 27
8 75 8 40 51 58 61 75
13 83 13 24 32 53 59 64 80 81 83
18 38 18 34 38
14 84 14 42 57 72 78 84
11 38 11 21 26 38
21 35 21 26 28 35
30 41 30 34 38 41
32 44 32 44
7 63 7 25 38 41 57 63
2 73 2 18 22 25 38 42 46 49 51 73
62 63 62 63
58 65 58 61 64 65
27 32 27 32
6 86 6 80 81 83 86
58 82 58 61 75 82
16 88 16 83 88
32 48 32 48
22 87 22 62 74 82 87
40 46 40 43 46
29 43 29 36 43
24 79 24 30 39 41 79
38 59 38 42 46 49 51 59
50 60 50 60
44 63 44 63
2 85 2 63 66 78 85
66 83 66 78 80 81 83
77 87 77 87
51 81 51 67 78 81
4 68 4 41 49 59 61 64 68
20 86 20 54 78 81 83 86
11 35 11 35
10 46 10 30 34 38 42 46
35 61 35 59 61
49 67 49 51 58 67
25 61 25 33 39 46 49 51 59 61
30 52 30 48 52
21 61 21 59 61
56 71 56 62 70 71
32 78 32 47 53 72 78
43 75 43 47 61 75
49 85 49 76 82 85
41 85 41 67 72 82 85
53 77 53 59 66 77
0 34 0 13 24 27 34
42 65 42 64 65
8 72 8 40 72
5 61 5 37 40 42 51 59 61
8 86 8 62 70 80 83 86
18 63 18 63
25 88 25 88
44 72 44 55 67 72
10 88 10 63 66 77 88
60 86 60 78 81 83 86
16 40 16 27 29 36 37 40
32 52 32 48 52
23 64 23 28 64
20 79 20 55 57 63 79
29 77 29 57 63 66 77
19 69 19 21 59 69
26 67 26 67
18 73 18 20 40 43 44 53 58 73
5 51 5 33 46 49 51
63 83 63 80 81 83
18 67 18 20 54 67
29 84 29 36 67 72 84
37 67 37 49 51 58 67
55 63 55 63
58 84 58 67 78 84
20 72 20 26 67 72
15 25 15 22 25
13 30 13 16 24 30
54 83 54 83
45 69 45 61 64 68 69
21 30 21 26 30
50 84 50 58 78 84
26 40 26 28 37 40
8 29 8 9 24 29
40 44 40 43 44
28 58 28 35 39 41 53 58
23 70 23 55 70
5 69 5 52 64 68 69
35 72 35 39 58 67 72
30 84 30 34 54 78 84
20 89 20 54 72 78 80 81 83 89
24 27 24 27
52 77 52 77
36 76 36 59 69 76
33 84 33 49 72 84
30 34 30 34
2 18 2 18
4 82 4 23 57 72 82
50 68 50 59 64 68
15 70 15 22 33 62 70
49 88 49 72 82 87 88
31 83 31 43 44 55 67 72 78 80 83
28 80 28 49 51 67 78 80
6 82 6 79 81 82
33 53 33 37 40 43 44 53
12 72 12 57 72
14 30 14 21 26 30
39 84 39 46 49 59 71 84
21 59 21 26 28 41 49 59
51 58 51 58
59 64 59 61 64
17 39 17 26 28 39
66 83 66 83
9 82 9 20 74 82
11 88 11 58 77 87 88
3 35 3 16 23 25 35
6 30 6 16 24 30
49 81 49 59 66 78 80 81
6 68 6 21 58 61 64 68
31 49 31 39 46 49
12 25 12 17 20 23 25
13 20 13 20
20 55 20 32 44 55
63 81 63 80 81
80 83 80 83
21 44 21 26 40 43 44
34 83 34 44 81 83
46 66 46 49 51 59 61 66
39 49 39 46 49
49 74 49 59 64 68 74
22 45 22 34 45
35 57 35 39 41 57
32 70 32 44 55 70
40 55 40 43 44 55
8 53 8 40 43 47 53
57 74 57 74
20 76 20 39 46 49 69 76
7 54 7 33 37 48 54
4 71 4 60 66 71
12 41 12 17 33 39 41
5 6 5 6
41 47 41 47
5 21 5 6 15 21
43 86 43 62 63 66 78 80 81 83 86
2 26 2 13 14 21 26
35 67 35 43 46 49 51 58 67
36 73 36 67 73
69 76 69 76
43 47 43 47
12 23 12 17 20 23
56 71 56 64 71
72 86 72 78 81 83 86
4 36 4 8 13 14 19 27 29 36
29 79 29 57 63 79
34 49 34 46 49
34 80 34 59 61 66 78 80
12 38 12 17 26 38
4 36 4 13 36
0 85 0 43 52 71 82 85
0 46 0 20 40 43 46
50 68 50 64 68
21 47 21 26 40 43 47
3 9 3 9
14 58 14 31 43 47 53 58
60 83 60 78 80 81 83
1 55 1 2 18 34 55
23 64 23 49 51 58 61 64
5 80 5 37 40 51 64 80
9 82 9 32 47 67 72 78 80 81 82
3 50 3 23 37 50
12 49 12 17 33 46 49
4 78 4 41 59 61 75 78
36 65 36 55 63 65
2 58 2 33 49 51 58
59 64 59 61 64
40 44 40 43 44
1 58 1 37 50 51 58
51 64 51 59 64
9 57 9 57
70 88 70 86 88
61 81 61 64 81
32 58 32 47 53 58
77 89 77 89
37 42 37 40 42
9 58 9 39 46 49 51 58
82 85 82 85
7 15 7 15
23 75 23 35 39 46 49 51 58 61 75
61 85 61 75 78 85
27 68 27 58 68
41 83 41 79 83
38 87 38 41 66 77 87
22 88 22 34 54 73 88
29 77 29 37 49 59 61 66 77
48 54 48 54
21 35 21 26 28 35
26 55 26 28 35 43 44 55
12 41 12 24 30 34 38 41
20 74 20 49 51 64 68 74
34 63 34 38 63
23 47 23 35 41 47
25 89 25 89
37 58 37 48 58
29 79 29 43 62 63 79
22 49 22 33 37 40 43 46 49
27 54 27 32 48 54
10 57 10 24 32 44 55 57
26 88 26 67 78 80 83 88
42 64 42 59 61 64
33 41 33 39 41
39 41 39 41
4 36 4 13 36
5 70 5 25 62 70
59 84 59 61 75 78 84
6 89 6 17 25 33 49 72 84 89
45 50 45 50
13 70 13 24 33 39 41 70
27 52 27 32 48 52
25 69 25 38 41 53 58 68 69
48 71 48 61 66 71
13 29 13 16 27 29
31 49 31 39 41 49
83 89 83 89
45 71 45 57 63 66 71
55 86 55 63 66 71 83 86
20 75 20 49 59 61 75
10 85 10 67 82 85
83 86 83 86
0 20 0 20
12 34 12 24 27 34
16 33 16 23 25 33
8 75 8 13 36 48 54 75
52 87 52 67 78 80 82 87
20 75 20 39 58 61 75
81 85 81 82 85
60 88 60 86 88
57 72 57 72
12 55 12 27 34 45 55
59 61 59 61
17 82 17 29 48 79 81 82
34 83 34 79 83
30 52 30 48 52
4 59 4 8 40 51 59
0 87 0 17 58 78 81 82 87
4 25 4 8 9 13 14 25
42 57 42 57
3 33 3 18 22 25 33
21 32 21 26 30 32
12 56 12 26 28 35 56
55 76 55 61 64 69 76
53 82 53 72 78 81 82
11 51 11 21 26 42 51
78 80 78 80
12 62 12 37 62
9 20 9 20
6 31 6 31
11 34 11 20 26 30 34
64 82 64 69 76 82
31 56 31 56
17 26 17 20 26
38 46 38 42 46
52 71 52 64 71
10 57 10 44 55 57
10 65 10 32 48 54 59 61 64 65
37 50 37 50
56 62 56 62
45 67 45 55 58 67
7 73 7 73
10 89 10 63 83 89
45 68 45 50 64 68
4 77 4 49 51 67 77
59 65 59 61 64 65
3 49 3 14 21 42 46 49
13 64 13 14 59 61 64
52 80 52 80
24 33 24 33
44 60 44 60
13 84 13 36 48 54 75 78 84
28 72 28 58 67 72
77 88 77 88
4 45 4 21 26 30 34 45
45 70 45 70
10 42 10 30 34 38 42
40 62 40 43 62
49 87 49 51 74 82 87
18 47 18 22 43 47
48 82 48 52 78 81 82
21 79 21 42 57 63 79
28 37 28 37
41 80 41 72 78 80
43 57 43 44 55 57
3 42 3 15 25 40 42
34 89 34 47 77 89
9 30 9 13 26 30
21 79 21 42 62 63 79
40 68 40 51 58 61 64 68
72 78 72 78
44 78 44 61 75 78
38 83 38 49 72 78 80 81 83
12 70 12 24 29 70
53 88 53 88
16 31 16 31
1 89 1 7 38 63 83 89
3 84 3 11 21 59 61 66 71 84
23 79 23 79
3 23 3 11 18 20 23
28 69 28 46 49 59 64 68 69
56 78 56 78
56 81 56 78 81
16 40 16 27 29 37 40
59 64 59 64
45 63 45 63
78 85 78 80 81 82 85
11 50 11 35 39 41 50
59 71 59 66 71
3 15 3 15
5 24 5 24
0 10 0 10
3 49 3 23 37 49
19 28 19 20 26 28
49 72 49 51 67 72
25 35 25 35
8 46 8 40 43 46
6 56 6 21 26 28 35 56
10 79 10 63 79
0 87 0 13 72 87
38 51 38 41 50 51
11 52 11 18 22 25 35 43 52
51 64 51 64
5 34 5 7 14 34
40 80 40 60 78 80
6 26 6 18 19 26
54 75 54 75
7 38 7 38
7 84 7 62 72 78 84
3 25 3 14 19 20 23 25
16 76 16 23 49 76
15 26 15 21 26
2 74 2 23 55 61 64 68 74
18 72 18 19 43 46 49 51 67 72
4 45 4 8 13 16 27 34 45
28 82 28 82
9 14 9 13 14
31 85 31 43 46 49 69 76 82 85
11 33 11 20 23 25 33
8 40 8 33 37 40
70 72 70 72
50 67 50 58 67
2 24 2 9 13 16 24
22 72 22 72
70 72 70 72
16 81 16 40 78 80 81
5 81 5 64 81
8 41 8 9 24 27 34 38 41
27 40 27 29 36 37 40
6 23 6 16 23
13 84 13 84
20 46 20 23 28 37 40 42 46
17 32 17 20 30 32
12 26 12 17 26
6 39 6 24 33 39
49 78 49 59 66 78
16 38 16 38
13 75 13 46 49 51 61 75
80 83 80 83
16 69 16 28 46 49 59 64 68 69
25 86 25 57 63 79 86
9 85 9 60 78 80 82 85
13 46 13 46
45 81 45 55 67 78 80 81
3 21 3 9 13 14 21
32 47 32 47
42 87 42 57 80 81 82 87
5 79 5 24 32 48 79
23 49 23 49
14 34 14 19 27 34
7 42 7 26 28 37 40 42
39 41 39 41
6 89 6 15 58 61 83 89
19 55 19 21 26 30 44 55
33 41 33 39 41
55 69 55 61 64 68 69
10 36 10 24 29 36
26 77 26 30 53 77
28 64 28 49 51 58 64
67 72 67 72
16 25 16 23 25
3 67 3 37 49 51 58 67
16 29 16 27 29
40 53 40 43 47 53
60 82 60 82
18 82 18 20 49 51 60 66 71 82
27 81 27 70 72 78 80 81
7 29 7 14 19 27 29
4 79 4 21 40 42 62 63 79
17 79 17 29 57 63 79
33 87 33 52 67 78 81 82 87
9 41 9 39 41
12 32 12 24 32
8 34 8 9 20 26 30 34
50 78 50 58 61 75 78
11 59 11 20 26 40 43 44 53 59
29 47 29 36 43 47
16 23 16 23
28 78 28 39 58 61 75 78
21 44 21 26 28 37 40 43 44
33 59 33 46 49 51 59
23 80 23 66 78 80
0 83 0 47 53 72 78 81 83
2 26 2 18 20 26
11 52 11 18 34 45 52
28 60 28 41 50 51 60
75 89 75 80 81 83 89
35 57 35 43 44 55 57
8 20 8 9 17 20
28 80 28 39 41 79 80
14 31 14 31
57 65 57 63 65
32 79 32 44 79
19 38 19 21 26 30 34 38
17 55 17 26 40 43 44 55
7 61 7 28 46 49 51 59 61
5 79 5 24 29 48 79
72 81 72 78 81
61 68 61 64 68
12 27 12 27
50 82 50 82
44 85 44 79 81 82 85
17 43 17 33 37 40 43
8 74 8 41 53 59 61 64 68 74
37 76 37 48 58 64 69 76
9 59 9 29 36 50 59
48 75 48 58 61 75
40 47 40 43 47
32 59 32 44 51 59
59 75 59 61 75
6 79 6 24 32 48 79
4 25 4 23 25
45 71 45 55 61 66 71
7 88 7 62 70 80 83 88
1 38 1 26 30 34 38
1 20 1 2 9 17 20
5 57 5 32 44 55 57
58 66 58 61 66
11 36 11 18 19 27 29 36
1 41 1 3 27 41
8 43 8 40 43
27 40 27 29 37 40
40 55 40 43 44 55
23 25 23 25
80 82 80 82
7 33 7 25 33
12 37 12 26 28 37
44 64 44 53 59 64
40 46 40 43 46
20 66 20 54 59 61 66
38 87 38 59 61 64 81 82 87
8 55 8 28 35 43 44 55
34 48 34 48
39 46 39 46
72 85 72 82 85
4 84 4 23 57 72 78 84
11 73 11 20 54 73
36 71 36 43 64 71
30 49 30 34 46 49
5 59 5 36 37 59
18 84 18 59 61 75 78 84
50 61 50 59 61
9 74 9 39 41 59 61 64 68 74
30 80 30 72 78 80
24 54 24 54
28 39 28 35 39
59 71 59 71
4 49 4 13 28 35 41 49
19 26 19 26
30 60 30 39 60
18 27 18 27
4 41 4 13 20 26 28 41
4 60 4 21 26 38 60
42 51 42 46 49 51
30 76 30 68 69 76
68 85 68 74 85
30 75 30 39 46 49 59 61 75
1 38 1 19 26 30 34 38
60 88 60 69 76 82 85 88
87 88 87 88
4 33 4 8 33
34 38 34 38
33 87 33 61 75 82 87
37 68 37 49 59 64 68
25 33 25 33
58 71 58 61 66 71
3 37 3 15 25 33 37
9 26 9 17 26
17 25 17 20 23 25
3 79 3 11 33 37 40 43 62 63 79
21 55 21 26 55
7 61 7 38 59 61
80 82 80 81 82
1 28 1 7 28
16 87 16 87
18 57 18 27 32 44 55 57
14 79 14 19 21 26 42 57 63 79
12 66 12 45 50 51 58 61 66
37 66 37 49 59 66
21 47 21 40 43 47
23 68 23 55 58 64 68
72 88 72 88
43 87 43 77 87
59 83 59 64 80 83
67 77 67 77
10 73 10 24 50 51 67 73
43 65 43 64 65
41 68 41 47 61 64 68
31 43 31 43
26 75 26 75
14 77 14 28 58 77
22 43 22 31 43
78 81 78 81
3 85 3 15 58 67 78 80 81 82 85
24 73 24 27 54 67 73
9 29 9 29
6 44 6 40 43 44
21 35 21 26 28 35
0 71 0 45 64 71
8 28 8 28
26 57 26 42 57
17 70 17 26 28 39 41 70
39 84 39 60 66 78 84
30 49 30 39 41 49
29 66 29 57 63 66
7 37 7 33 37
9 78 9 60 66 78
42 83 42 46 49 51 80 81 83
31 49 31 43 46 49
16 38 16 23 25 38
10 48 10 32 48
1 28 1 2 14 28
19 82 19 27 29 81 82
1 38 1 13 16 38
18 89 18 27 79 81 83 89
24 75 24 50 59 61 75
9 39 9 39
25 59 25 35 43 47 53 59
13 28 13 26 28
75 87 75 78 81 82 87
19 30 19 30
48 61 48 54 59 61
15 61 15 21 26 30 50 51 58 61
51 67 51 58 67
11 20 11 20
14 28 14 21 26 28
8 62 8 33 62
26 28 26 28
27 76 27 34 55 61 64 69 76
4 77 4 8 33 37 40 49 59 77
15 40 15 25 33 37 40
49 72 49 51 58 67 72
81 82 81 82
16 27 16 27
3 28 3 21 26 28
23 71 23 49 51 60 66 71
33 51 33 39 46 49 51
40 46 40 43 46
44 57 44 55 57
10 39 10 24 30 39
42 80 42 59 64 80
13 87 13 48 58 77 87
59 66 59 66
2 18 2 18
58 72 58 67 72
10 86 10 48 75 83 86
39 66 39 60 66
66 89 66 78 84 89
45 68 45 52 64 68
3 67 3 14 21 40 51 67
14 64 14 30 53 59 61 64
13 50 13 36 37 50
1 53 1 2 14 25 35 39 41 47 53
3 56 3 21 26 28 35 56
30 69 30 49 69
25 48 25 33 37 48
15 74 15 22 59 64 68 74
59 86 59 61 66 83 86
0 59 0 20 39 41 53 59
28 61 28 46 49 59 61
24 73 24 34 38 49 51 73
39 89 39 60 66 77 89
4 26 4 8 13 26
25 54 25 33 37 48 54
21 66 21 40 42 51 61 66
54 69 54 59 64 69
69 85 69 76 82 85
58 67 58 67
69 76 69 76
35 56 35 56
35 47 35 39 41 47
29 86 29 81 83 86
20 35 20 23 35
0 82 0 79 81 82
27 42 27 29 36 37 40 42
40 62 40 62
37 59 37 51 59
43 44 43 44
63 88 63 88
11 33 11 33
34 63 34 38 41 57 63
8 58 8 13 36 50 58
42 46 42 46
30 49 30 34 46 49
57 66 57 63 66
8 21 8 9 13 14 19 21
71 85 71 82 85
40 51 40 51
10 42 10 17 29 36 37 40 42
14 70 14 31 43 44 55 70
60 77 60 66 77
36 89 36 37 52 80 81 83 89
15 70 15 30 39 41 70
23 76 23 28 46 49 69 76
21 54 21 26 28 37 48 54
38 42 38 42
13 74 13 29 48 52 64 68 74
29 61 29 36 48 54 59 61
43 46 43 46
66 83 66 83
10 71 10 24 33 64 71
54 78 54 67 78
41 76 41 49 59 69 76
7 48 7 15 25 33 37 48
61 88 61 83 88
15 78 15 60 66 78
58 66 58 61 66
18 64 18 20 55 61 64
30 49 30 34 38 49
30 45 30 34 45
39 76 39 69 76
27 43 27 29 43
48 78 48 54 78
2 56 2 31 56
15 70 15 26 55 70
18 51 18 19 38 41 50 51
25 56 25 35 56
49 51 49 51
31 68 31 43 46 49 51 59 61 64 68
6 44 6 40 43 44
47 73 47 53 58 67 73
20 59 20 49 51 59
38 80 38 63 79 80
16 47 16 35 43 47
2 37 2 33 37
63 87 63 79 81 82 87
49 85 49 51 61 75 82 85
2 25 2 18 22 25
12 26 12 17 20 26
25 62 25 33 62
17 78 17 26 30 32 58 78
43 62 43 62
45 52 45 52
28 49 28 46 49
12 66 12 50 51 58 61 66
9 38 9 13 16 27 34 38
55 78 55 67 78
10 73 10 48 54 73
28 76 28 69 76
13 72 13 29 70 72
2 72 2 18 72
26 59 26 40 42 51 59
19 82 19 21 26 80 81 82
61 83 61 75 78 81 83
18 72 18 19 56 62 70 72
26 48 26 30 34 48
12 70 12 32 44 55 70
10 83 10 67 78 81 83
13 33 13 24 33
82 88 82 85 88
11 37 11 21 26 28 37
81 83 81 83
2 13 2 13
8 32 8 13 14 19 26 30 32
6 24 6 24
4 74 4 74
43 77 43 46 49 59 66 77
37 59 37 51 59
38 83 38 70 80 81 83
3 37 3 18 22 33 37
19 44 19 33 37 40 43 44
36 66 36 59 61 66
31 43 31 43
32 79 32 48 79
39 77 39 60 66 77
19 21 19 21
13 46 13 28 46
50 58 50 58
7 88 7 15 26 30 50 64 88
1 75 1 7 43 44 61 75
48 68 48 52 64 68
41 67 41 47 53 58 67
27 44 27 44
55 67 55 67
5 35 5 25 35
69 87 69 87
55 79 55 79
30 85 30 68 69 76 82 85
9 40 9 29 37 40
34 73 34 38 42 46 49 51 67 73
50 64 50 58 61 64
17 55 17 26 30 34 45 55
29 43 29 43
14 76 14 28 49 69 76
4 84 4 41 67 78 84
12 38 12 17 34 38
43 47 43 47
35 67 35 43 52 67
9 77 9 20 59 61 66 77
67 87 67 77 87
32 68 32 48 61 64 68
42 62 42 62
6 80 6 80
42 75 42 51 61 75
13 57 13 24 27 41 57
33 76 33 49 59 69 76
0 24 0 10 24
7 38 7 25 38
9 46 9 46
1 88 1 26 30 72 87 88
8 77 8 58 77
29 81 29 37 62 63 66 78 80 81
48 52 48 52
21 30 21 26 30
0 40 0 20 23 28 37 40
18 58 18 19 38 49 51 58
2 88 2 78 85 88
7 87 7 26 55 57 74 82 87
19 70 19 21 26 55 70
7 36 7 27 29 36
23 89 23 28 78 81 83 89
57 72 57 72
47 89 47 77 89
10 51 10 34 45 50 51
72 84 72 84
11 76 11 35 39 58 61 64 69 76
2 44 2 18 22 33 37 40 43 44
58 65 58 61 64 65
1 55 1 26 40 43 44 55
21 70 21 26 55 70
49 59 49 51 59
41 59 41 50 59
45 76 45 50 60 69 76
7 61 7 45 61
21 35 21 26 28 35
3 51 3 27 44 51
49 65 49 51 61 64 65
4 79 4 13 36 43 44 79
31 61 31 39 46 49 59 61
36 48 36 48
20 81 20 26 30 49 59 61 64 80 81
7 40 7 33 37 40
27 42 27 29 36 37 40 42
62 79 62 63 79
18 47 18 34 47
16 35 16 28 35
40 62 40 42 62
52 87 52 77 87
24 33 24 33
22 50 22 34 45 50
7 22 7 15 22
60 77 60 66 77
4 23 4 23
31 84 31 43 70 71 84
25 62 25 35 56 62
10 86 10 58 64 71 83 86
22 60 22 31 43 46 49 51 60
33 41 33 39 41
9 74 9 17 55 61 64 68 74
64 86 64 80 83 86
0 87 0 43 80 82 87
16 75 16 27 32 58 61 75
56 62 56 62
26 74 26 42 57 74
44 61 44 51 59 61
1 19 1 2 9 13 14 19
22 85 22 33 46 49 59 66 78 81 82 85
56 82 56 62 70 71 82
45 66 45 61 66
13 86 13 24 55 58 61 64 81 83 86
1 58 1 39 46 49 51 58
47 77 47 77
25 55 25 35 43 44 55
53 67 53 58 67
20 40 20 40
34 74 34 54 59 61 64 68 74
14 70 14 34 44 55 70
16 50 16 27 29 36 50
14 61 14 34 46 49 59 61
17 79 17 32 48 79
33 67 33 67
33 43 33 37 40 43
58 89 58 78 84 89
50 64 50 58 61 64
44 51 44 51
22 42 22 25 38 42
40 76 40 76
26 42 26 40 42
3 32 3 23 32
22 35 22 25 35
69 88 69 76 82 87 88
11 49 11 35 43 46 49
12 33 12 24 33
36 47 36 37 40 43 47
26 83 26 28 46 49 51 80 81 83
57 84 57 72 84
9 82 9 39 69 76 82
18 46 18 34 46
58 65 58 64 65
24 62 24 29 36 43 62
15 28 15 26 28
22 68 22 64 68
9 26 9 13 20 26
17 43 17 26 28 35 43
10 62 10 24 30 34 38 42 62
14 55 14 21 40 43 44 55
3 21 3 11 21
18 31 18 22 31
59 83 59 61 64 81 83
75 89 75 78 80 83 89
80 85 80 81 82 85
0 40 0 10 24 33 37 40
79 81 79 81
0 82 0 82
25 70 25 33 39 41 70
66 82 66 71 82
29 43 29 43
5 40 5 24 33 37 40
57 84 57 72 84
45 63 45 63
57 80 57 78 80
36 72 36 43 44 53 58 67 72
11 88 11 58 73 88
38 47 38 41 47
30 41 30 39 41
39 63 39 57 63
14 27 14 19 27
14 88 14 31 43 80 82 85 88
26 60 26 38 41 49 51 60
25 40 25 33 37 40
5 74 5 6 18 19 56 74
12 28 12 26 28
45 89 45 61 64 81 83 89
78 80 78 80
30 83 30 44 53 59 71 83
15 69 15 58 64 69
0 17 0 17
45 76 45 61 64 68 69 76
0 31 0 13 16 31
8 20 8 13 14 19 20
27 40 27 29 36 37 40
29 77 29 36 59 77
6 50 6 31 39 41 50
36 72 36 43 47 67 72
34 55 34 44 55
60 78 60 66 78
5 77 5 30 34 46 77
22 54 22 34 48 54
53 83 53 59 71 83
16 68 16 50 51 58 64 68
24 83 24 50 64 81 83
70 72 70 72
0 86 0 59 86
61 85 61 75 80 82 85
55 58 55 58
24 34 24 34
48 75 48 61 75
4 40 4 8 13 16 24 27 29 37 40
38 85 38 85
19 87 19 43 80 81 82 87
6 80 6 17 52 67 78 80
8 58 8 40 51 58
1 66 1 37 51 59 66
46 68 46 49 51 61 64 68
2 72 2 33 62 70 72
41 77 41 66 77
10 71 10 30 41 70 71
19 41 19 27 41
18 80 18 59 64 80
58 61 58 61
14 76 14 34 44 60 69 76
46 49 46 49
6 48 6 16 24 34 48
22 64 22 43 52 64
9 39 9 39
26 67 26 40 49 51 58 67
54 88 54 78 85 88
56 85 56 74 82 85
13 36 13 16 27 29 36
0 85 0 79 81 82 85
27 52 27 32 48 52
26 42 26 42
4 26 4 8 9 20 26
11 73 11 58 67 73
35 78 35 41 59 66 78
64 68 64 68
24 85 24 52 71 82 85
17 78 17 78
3 59 3 37 40 49 59
5 69 5 30 49 51 61 64 68 69
55 58 55 58
23 37 23 28 37
23 75 23 35 39 46 49 51 61 75
8 36 8 9 17 29 36
22 89 22 34 81 83 89
1 49 1 13 20 40 43 46 49
33 43 33 37 40 43
2 60 2 23 35 39 41 50 60
20 73 20 55 67 73
54 88 54 81 83 86 88
49 78 49 72 78
11 57 11 18 27 34 44 55 57
53 88 53 84 88
36 74 36 48 54 59 61 64 68 74
75 89 75 78 84 89
34 47 34 47
14 48 14 21 26 30 32 48
41 68 41 59 61 64 68
42 75 42 59 61 75
40 51 40 43 44 51
22 54 22 33 37 48 54
45 63 45 55 57 63
11 26 11 18 21 26
40 88 40 42 57 83 88
43 53 43 44 53
27 75 27 44 51 61 75
2 59 2 31 39 41 50 51 59
9 82 9 57 72 78 80 81 82
28 46 28 39 46
0 67 0 24 34 48 58 67
1 78 1 13 49 51 59 61 66 78
3 24 3 9 16 24
42 46 42 46
25 79 25 62 63 79
19 70 19 20 32 44 55 70
30 75 30 54 75
31 79 31 43 44 79
22 66 22 25 57 63 66
30 44 30 34 44
18 72 18 72
22 33 22 25 33
27 79 27 32 48 79
24 88 24 27 72 84 88
23 82 23 25 40 64 69 76 82
14 58 14 31 39 58
63 79 63 79
24 71 24 54 71
12 84 12 26 38 59 71 84
10 81 10 24 34 44 51 61 64 81
40 63 40 63
48 88 48 54 75 88
1 13 1 13
50 68 50 59 61 64 68
0 55 0 17 33 37 40 43 44 55
8 28 8 9 20 23 28
23 87 23 82 87
3 59 3 9 29 48 54 59
20 59 20 59
48 72 48 58 67 72
0 21 0 13 14 19 21
14 66 14 34 55 61 66
9 13 9 13
37 60 37 50 51 60
12 57 12 26 42 57
12 26 12 26
2 60 2 18 19 43 46 49 51 60
25 88 25 63 80 83 88
9 60 9 20 32 51 60
38 63 38 42 62 63
19 33 19 20 23 25 33
31 51 31 39 46 49 51
37 46 37 40 43 46
4 33 4 23 25 33
38 72 38 41 50 67 72
47 73 47 53 58 67 73
15 86 15 60 78 80 81 83 86
12 47 12 17 26 40 43 47
21 81 21 40 63 79 80 81
33 52 33 52
17 45 17 20 30 34 45
33 85 33 52 67 72 82 85
49 73 49 51 73
11 76 11 33 37 59 69 76
19 39 19 33 39
6 51 6 30 50 51
58 71 58 61 66 71
10 78 10 44 53 72 78
39 77 39 58 77
30 71 30 50 60 66 71
56 71 56 62 63 66 71
1 2 1 2
4 77 4 56 62 63 66 77
2 42 2 9 13 26 30 34 38 42
6 83 6 79 81 83
12 75 12 47 75
25 89 25 71 83 89
54 75 54 75
20 71 20 39 60 66 71
38 46 38 42 46
58 61 58 61
0 31 0 13 14 31
41 67 41 47 67
31 73 31 39 46 49 51 58 67 73
0 46 0 24 29 43 46
10 65 10 63 65
63 88 63 80 83 86 88
40 60 40 49 51 60
32 83 32 44 64 81 83
53 89 53 58 67 72 84 89
64 76 64 68 69 76
79 88 79 80 83 88
53 65 53 59 65
8 72 8 13 26 67 72
43 87 43 77 87
33 55 33 37 40 43 44 55
58 89 58 61 75 78 84 89
16 57 16 24 55 57
48 80 48 54 67 72 78 80
43 84 43 70 71 84
1 75 1 13 24 33 37 49 51 58 61 75
74 82 74 82
8 30 8 13 14 30
17 89 17 81 83 89
37 50 37 50
45 66 45 63 66
4 38 4 21 26 30 34 38
36 89 36 50 59 61 75 78 81 83 89
53 67 53 58 67
40 42 40 42
11 33 11 33
45 59 45 54 59
15 30 15 30
4 87 4 87
34 63 34 45 55 57 63
4 78 4 40 42 51 59 66 78
20 37 20 26 28 37
15 80 15 21 59 64 80
36 59 36 37 40 49 51 59
54 71 54 59 71
21 47 21 40 43 47
22 25 22 25
8 29 8 9 13 29
16 81 16 62 70 80 81
35 74 35 43 62 74
28 57 28 41 57
9 14 9 13 14
75 85 75 78 80 81 82 85
48 88 48 75 78 85 88
34 50 34 45 50
6 78 6 37 50 59 61 66 78
24 87 24 29 36 48 52 67 82 87
29 84 29 48 52 71 84
16 68 16 68
0 49 0 24 43 46 49
0 17 0 17
49 59 49 51 59
29 52 29 48 52
34 45 34 45
6 44 6 24 43 44
1 72 1 26 55 57 72
13 56 13 16 23 35 56
10 36 10 17 29 36
25 80 25 40 43 70 80
46 60 46 49 51 60
34 50 34 50
24 42 24 33 37 40 42
6 26 6 15 26
36 65 36 43 47 53 59 65
11 51 11 20 30 32 44 51
21 32 21 26 30 32
15 56 15 22 25 35 56
0 89 0 89
9 24 9 24
14 64 14 42 59 61 64
49 60 49 51 60
36 72 36 43 47 53 72
41 60 41 50 51 60
8 47 8 34 38 41 47
58 71 58 61 64 71
17 88 17 52 64 68 69 76 82 85 88
12 33 12 24 33
19 41 19 38 41
34 45 34 45
63 79 63 79
3 77 3 15 21 26 40 51 60 66 77
20 46 20 39 46
48 58 48 58
8 75 8 41 59 61 75
1 80 1 58 61 64 80
59 64 59 61 64
22 25 22 25
22 48 22 34 48
18 22 18 22
23 64 23 32 44 61 64
28 37 28 37
25 86 25 64 71 83 86
11 21 11 18 21
28 60 28 49 51 60
46 67 46 49 51 58 67
16 87 16 24 30 32 47 53 82 87
46 66 46 49 59 66
2 60 2 60
11 70 11 18 22 31 56 62 70
23 86 23 49 59 66 71 83 86
2 68 2 9 16 38 59 64 68
28 41 28 41
12 17 12 17
13 56 13 16 28 35 56
48 72 48 52 67 72
53 64 53 59 61 64
21 50 21 26 38 41 50
60 66 60 66
37 58 37 48 58
25 65 25 35 41 57 63 65
21 49 21 26 30 34 46 49
30 53 30 53
12 62 12 24 33 37 40 62
3 53 3 14 31 43 44 53
28 35 28 35
16 75 16 40 42 46 49 59 61 75
33 50 33 39 41 50
3 48 3 16 29 37 48
24 54 24 54
67 89 67 72 84 89
16 47 16 24 43 47
45 76 45 64 68 69 76
10 74 10 32 44 61 64 68 74
16 57 16 38 42 57
22 50 22 25 35 39 41 50
62 77 62 63 66 77
11 76 11 20 26 55 61 64 68 69 76
1 28 1 3 23 28
44 78 44 78
64 81 64 81
63 71 63 66 71
36 74 36 48 58 64 68 74
30 45 30 34 45
30 39 30 39
61 85 61 64 69 76 82 85
5 64 5 64
52 78 52 67 78
7 35 7 15 22 25 35
34 41 34 38 41
49 60 49 51 60
23 74 23 28 37 50 51 59 61 64 68 74
17 82 17 55 67 82
36 59 36 43 46 49 51 59
9 41 9 39 41
15 63 15 26 28 39 57 63
41 61 41 59 61
5 32 5 7 32
53 72 53 72
45 69 45 64 68 69
40 74 40 68 74
10 74 10 32 51 64 68 74
23 47 23 32 47
7 62 7 62
9 45 9 45
79 81 79 80 81
7 87 7 39 58 77 87
75 84 75 78 84
10 42 10 17 29 36 37 40 42
52 80 52 80
6 25 6 15 25
13 57 13 24 34 44 55 57
38 77 38 63 66 77
69 85 69 76 82 85
21 34 21 26 30 34
10 89 10 67 72 78 80 81 83 89
18 51 18 21 40 49 51
44 76 44 61 64 69 76
58 72 58 67 72
45 67 45 50 67
8 29 8 9 13 14 19 27 29
36 81 36 59 64 80 81
0 30 0 24 30
4 72 4 70 72
47 61 47 53 58 61
6 67 6 40 42 51 67
10 87 10 30 76 82 87
2 30 2 13 24 30
8 67 8 41 67
41 64 41 49 59 61 64
0 83 0 20 39 46 49 59 61 64 81 83
15 69 15 60 69
11 50 11 20 26 28 35 41 50
17 51 17 20 23 37 49 51
58 64 58 61 64
36 43 36 37 40 43
51 75 51 59 61 75
7 19 7 14 19
23 78 23 37 52 67 72 78
42 70 42 62 70
17 54 17 29 36 48 54
13 75 13 29 48 75
16 85 16 23 32 71 82 85
8 29 8 13 14 19 27 29
12 60 12 45 50 60
22 49 22 31 39 46 49
14 44 14 25 40 43 44
44 73 44 55 67 73
5 61 5 7 28 46 49 59 61
44 74 44 64 68 74
10 59 10 47 53 59
10 44 10 44
3 33 3 11 18 20 23 25 33
7 53 7 26 28 35 43 44 53
40 75 40 43 75
39 41 39 41
47 67 47 67
22 54 22 33 37 48 54
19 87 19 27 58 77 87
39 57 39 41 57
8 70 8 13 14 19 62 70
17 52 17 32 48 52
13 56 13 14 31 56
46 77 46 49 77
28 82 28 46 49 69 76 82
13 48 13 36 37 48
36 80 36 67 72 78 80
23 28 23 28
12 17 12 17
28 59 28 49 51 59
29 57 29 43 44 55 57
5 75 5 44 51 58 61 75
45 83 45 67 78 80 81 83
50 64 50 58 61 64
39 60 39 60
35 64 35 59 64
9 56 9 17 20 26 28 35 56
7 45 7 14 19 26 30 34 45
38 63 38 63
66 83 66 71 83
14 70 14 25 38 41 70
64 69 64 68 69
57 63 57 63
22 88 22 34 81 83 86 88
23 38 23 25 38
46 68 46 49 51 59 64 68
12 50 12 26 28 35 41 50
71 85 71 82 85
37 59 37 40 42 46 49 59
24 75 24 55 61 75
23 37 23 25 33 37
7 36 7 29 36
9 32 9 24 30 32
18 82 18 76 82
3 29 3 27 29
6 57 6 40 42 57
4 72 4 30 54 67 72
13 84 13 20 49 72 78 84
56 77 56 62 63 66 77
23 35 23 25 35
33 57 33 37 40 43 44 55 57
39 79 39 41 50 79
26 62 26 28 37 62
16 44 16 28 35 43 44
44 73 44 53 58 73
27 45 27 34 45
2 59 2 9 16 40 51 59
38 67 38 49 51 58 67
1 68 1 37 59 61 64 68
24 88 24 43 44 55 86 88
33 53 33 37 40 43 44 53
13 28 13 28
2 17 2 9 17
6 67 6 17 52 67
11 67 11 27 54 67
33 79 33 62 63 79
13 37 13 14 21 26 28 37
1 3 1 3
8 32 8 13 24 27 32
3 52 3 27 32 48 52
46 82 46 49 59 71 82
19 74 19 43 44 55 61 64 68 74
39 58 39 58
25 89 25 64 80 81 83 89
62 83 62 70 72 78 80 83
53 86 53 72 86
79 82 79 80 82
25 62 25 38 42 62
54 85 54 81 82 85
57 72 57 72
28 76 28 46 49 51 58 68 69 76
5 89 5 6 17 34 59 64 71 83 89
16 50 16 50
18 46 18 20 30 39 46
20 75 20 32 51 59 61 75
52 83 52 64 71 83
41 85 41 53 80 82 85
37 87 37 59 61 66 71 82 87
35 78 35 39 58 61 66 78
17 69 17 60 69
51 87 51 61 66 77 87
28 79 28 37 50 79
28 64 28 39 46 49 51 61 64
7 57 7 25 35 41 57
41 65 41 53 59 61 64 65
1 72 1 19 62 72
49 59 49 59
14 68 14 68
17 81 17 78 81
40 65 40 64 65
25 71 25 62 63 66 71
1 75 1 58 61 75
28 51 28 41 49 51
8 34 8 34
11 27 11 27
31 62 31 43 62
27 70 27 41 70
51 89 51 64 81 83 89
15 61 15 25 38 42 59 61
34 52 34 48 52
26 38 26 30 34 38
53 80 53 72 78 80
18 58 18 34 45 55 58
18 74 18 20 26 42 62 74
14 70 14 19 62 70
37 75 37 40 51 59 61 75
17 55 17 26 28 37 40 43 44 55
5 57 5 6 21 42 57
49 60 49 51 60
28 39 28 39
20 30 20 30
26 77 26 38 63 66 77
7 87 7 28 49 77 87
27 29 27 29
55 57 55 57
29 53 29 36 43 44 53
12 41 12 24 34 38 41
33 82 33 61 66 71 82
35 66 35 56 62 63 66
18 61 18 59 61
23 28 23 28
38 42 38 42
71 82 71 82
1 54 1 7 45 54
43 55 43 44 55
13 39 13 24 30 39
14 20 14 19 20
11 33 11 18 22 25 33
6 50 6 21 26 28 41 50
12 20 12 17 20
39 79 39 41 63 79
44 85 44 63 79 81 82 85
5 87 5 24 64 69 76 82 87
15 40 15 22 25 40
41 60 41 49 51 60
11 85 11 64 69 76 82 85
30 60 30 32 51 60
63 83 63 79 80 81 83
22 48 22 25 33 37 48
25 86 25 62 63 80 81 83 86
34 57 34 55 57
20 34 20 26 30 34
29 81 29 57 72 78 81
61 64 61 64
58 69 58 68 69
2 13 2 9 13
33 70 33 39 41 70
25 64 25 33 46 49 51 61 64
26 75 26 30 34 48 58 61 75
74 87 74 82 87
48 75 48 61 75
15 56 15 25 35 56
24 59 24 30 41 50 59
49 59 49 51 59
5 22 5 6 15 22
13 28 13 16 28
26 28 26 28
49 76 49 69 76
37 44 37 40 43 44
1 41 1 26 30 41
13 36 13 36
8 72 8 28 37 52 67 72
7 48 7 29 48
21 53 21 40 43 44 53
21 67 21 42 51 67
2 42 2 18 22 25 33 37 40 42
57 63 57 63
13 56 13 26 28 35 56
8 58 8 58
19 51 19 33 46 49 51
36 67 36 48 52 67
36 59 36 48 54 59
35 47 35 41 47
31 50 31 39 41 50
42 65 42 64 65
75 83 75 83
12 89 12 57 83 89
6 55 6 21 40 43 44 55
11 80 11 58 61 64 80
6 20 6 17 20
32 64 32 53 59 61 64
12 44 12 37 40 43 44
16 78 16 78
42 79 42 57 63 79
2 65 2 14 19 62 65
29 70 29 36 43 62 70
4 74 4 41 50 59 64 68 74
25 63 25 35 56 62 63
30 64 30 53 59 61 64
28 87 28 41 59 77 87
23 85 23 57 63 79 81 82 85
54 71 54 59 64 71
18 37 18 20 26 28 37
10 39 10 24 33 39
1 89 1 13 49 72 78 84 89
6 34 6 24 34
21 88 21 70 82 85 88
13 31 13 16 31
16 76 16 27 34 47 53 58 68 69 76
7 61 7 28 37 50 51 61
10 62 10 34 38 42 62
4 61 4 21 40 43 44 61
33 80 33 52 78 80
12 56 12 26 28 35 56
10 76 10 32 51 59 61 64 68 69 76
54 83 54 78 81 83
1 16 1 3 16
15 79 15 25 33 62 63 79
50 61 50 59 61
28 46 28 46
29 64 29 36 55 61 64
48 54 48 54
26 73 26 73
38 63 38 41 57 63
48 88 48 61 88
11 18 11 18
20 35 20 26 28 35
4 60 4 8 13 24 43 44 51 60
13 64 13 48 52 64
30 61 30 44 53 58 61
43 70 43 62 70
39 87 39 46 77 87
16 82 16 50 58 61 66 71 82
27 48 27 34 48
72 78 72 78
39 76 39 41 59 64 68 69 76
6 30 6 21 26 30
61 82 61 64 81 82
64 81 64 81
14 41 14 28 35 41
50 73 50 51 73
59 86 59 86
51 65 51 61 64 65
2 59 2 13 48 54 59
15 33 15 25 33
25 86 25 71 83 86
38 46 38 42 46
27 82 27 54 71 82
41 70 41 70
4 70 4 70
53 72 53 72
5 81 5 52 78 81
15 60 15 22 43 46 49 51 60
20 86 20 72 86
41 87 41 72 87
81 82 81 82
40 78 40 62 72 78
1 61 1 13 29 36 55 61
18 21 18 19 21
45 86 45 54 81 83 86
1 31 1 7 14 31
10 17 10 17
1 66 1 58 61 66
12 44 12 24 43 44
46 87 46 49 51 58 87
18 65 18 20 59 64 65
41 81 41 63 66 78 81
56 81 56 62 63 66 78 80 81
7 88 7 43 75 88
4 30 4 30
9 30 9 20 30
49 76 49 59 69 76
28 76 28 46 49 59 64 69 76
6 74 6 37 40 51 74
3 18 3 11 18
51 68 51 61 64 68
6 27 6 27
42 59 42 46 49 59
52 71 52 64 71
17 51 17 29 36 37 40 43 46 49 51
14 25 14 25
13 46 13 36 37 40 43 46
32 86 32 51 59 66 83 86
77 88 77 88
28 85 28 39 69 76 82 85
27 58 27 32 53 58
39 84 39 60 78 84
0 88 0 48 72 84 88
4 41 4 30 41
39 89 39 57 80 83 89
57 63 57 63
17 69 17 29 36 37 59 69
3 56 3 18 21 26 28 35 56
4 61 4 40 43 46 49 51 61
8 82 8 41 78 81 82
70 78 70 72 78
20 57 20 40 43 44 55 57
79 88 79 80 81 82 87 88
11 25 11 20 23 25
69 82 69 76 82
6 37 6 21 26 28 37
1 43 1 19 20 23 25 40 43
4 80 4 41 78 80
48 71 48 54 59 71
70 88 70 80 83 86 88
37 51 37 40 51
1 71 1 37 62 70 71
21 61 21 40 49 59 61
37 59 37 51 59
12 34 12 27 34
0 79 0 48 79
20 74 20 74
26 86 26 42 70 80 83 86
19 34 19 27 34
19 72 19 33 51 67 72
51 75 51 58 61 75
20 88 20 23 32 48 54 75 80 81 82 87 88
5 44 5 6 18 20 23 44
56 81 56 64 81
32 48 32 48
64 69 64 68 69
44 53 44 53
23 39 23 28 39
12 73 12 73
3 80 3 18 59 66 78 80
33 55 33 37 40 43 44 55
51 80 51 58 64 80
41 83 41 67 72 78 81 83
41 53 41 47 53
