{
  "seed_42": {
    "iterations": [
      3000,
      10000,
      20000,
      30000,
      40000,
      50000
    ],
    "mean_angles": [
      25.823211669921875,
      35.37520980834961,
      40.90685272216797,
      44.24795150756836,
      47.13063430786133,
      49.07727813720703
    ],
    "max_angles": [
      82.153076171875,
      88.95378112792969,
      88.71692657470703,
      83.30887603759766,
      85.74600219726562,
      87.73751831054688
    ],
    "er_0": [
      73.67493438720703,
      69.88079833984375,
      66.81681823730469,
      64.42726135253906,
      62.79227066040039,
      61.66891098022461
    ],
    "er_20": [
      75.65585327148438,
      73.34540557861328,
      70.80813598632812,
      68.6471176147461,
      68.89561462402344,
      68.50180053710938
    ],
    "coverage_0in20": [
      0.9100913472962984,
      0.8910751665781231,
      0.882590591113438,
      0.8773750982556804,
      0.8713510809035164,
      0.8626800167808959
    ],
    "coverage_20in0": [
      0.9100915282723898,
      0.8910753542906896,
      0.8825909421283201,
      0.8773750982556804,
      0.8713512541759175,
      0.862679832083403
    ],
    "final_top10_angles": [
      18.079418182373047,
      23.844566345214844,
      26.523319244384766,
      29.7656307220459,
      30.34918975830078,
      32.58595275878906,
      36.73749542236328,
      39.09280014038086,
      43.75128173828125,
      44.10712432861328
    ]
  },
  "seed_123": {
    "iterations": [
      3000,
      10000,
      20000,
      30000,
      40000,
      50000
    ],
    "mean_angles": [
      27.147836685180664,
      34.68370819091797,
      39.10083770751953,
      42.87920379638672,
      46.832332611083984,
      49.905174255371094
    ],
    "max_angles": [
      82.907470703125,
      81.16250610351562,
      89.2237319946289,
      87.82230377197266,
      87.41439056396484,
      87.10417938232422
    ],
    "er_0": [
      73.46823120117188,
      70.99604797363281,
      68.53087615966797,
      65.80780792236328,
      64.44502258300781,
      64.04747009277344
    ],
    "er_20": [
      75.34297180175781,
      73.0523910522461,
      70.39130401611328,
      69.71332550048828,
      68.97201538085938,
      67.5993423461914
    ],
    "coverage_0in20": [
      0.9090869471915266,
      0.8931648802264488,
      0.8807624047546293,
      0.8721511157226173,
      0.8655124577483572,
      0.8605523222112504
    ],
    "coverage_20in0": [
      0.909087136791769,
      0.893164692293923,
      0.880762229610793,
      0.8721511157226173,
      0.8655124577483572,
      0.8605519666167374
    ],
    "final_top10_angles": [
      22.667781829833984,
      24.51154899597168,
      26.04483413696289,
      28.502716064453125,
      34.19719314575195,
      35.218055725097656,
      39.328948974609375,
      42.316184997558594,
      42.95174026489258,
      45.182594299316406
    ]
  },
  "seed_456": {
    "iterations": [
      3000,
      10000,
      20000,
      30000,
      40000,
      50000
    ],
    "mean_angles": [
      25.332874298095703,
      37.25334548950195,
      41.359127044677734,
      45.21269989013672,
      47.989768981933594,
      50.2290153503418
    ],
    "max_angles": [
      81.28295135498047,
      89.93386840820312,
      87.28694152832031,
      87.25656127929688,
      85.18267822265625,
      89.4419937133789
    ],
    "er_0": [
      73.40957641601562,
      71.28170013427734,
      68.7959213256836,
      66.98355865478516,
      64.79252624511719,
      63.97693634033203
    ],
    "er_20": [
      75.35934448242188,
      72.99427032470703,
      70.84381103515625,
      68.97566223144531,
      67.74151611328125,
      67.65755462646484
    ],
    "coverage_0in20": [
      0.9116229185827862,
      0.8939603877705635,
      0.8789894447530444,
      0.8710925266792744,
      0.8657167103088796,
      0.8592407036151517
    ],
    "coverage_20in0": [
      0.91162309986342,
      0.8939603877705635,
      0.8789894447530444,
      0.8710923410834183,
      0.8657167103088796,
      0.8592408744793283
    ],
    "final_top10_angles": [
      22.14042854309082,
      24.34601402282715,
      25.013736724853516,
      30.468055725097656,
      30.716793060302734,
      33.47233581542969,
      35.678688049316406,
      37.484561920166016,
      41.862953186035156,
      47.22087097167969
    ]
  }
}